timeframe,open_time,open,high,low,close,volume,buy_volume,sell_volume,tick_count
15m,1754006400.0,3.0218,3.0241,2.9782,2.993,2918874.51,0.0,0.0,0
15m,1754007300.0,2.993,3.0254,2.9918,3.0034,1858419.64,0.0,0.0,0
15m,1754008200.0,3.0034,3.01,2.981,2.9843,1531078.62,0.0,0.0,0
15m,1754009100.0,2.9843,2.99,2.9283,2.9865,5845155.31,0.0,0.0,0
15m,1754010000.0,2.9865,2.998,2.9455,2.9496,2684863.79,0.0,0.0,0
15m,1754010900.0,2.9496,2.9754,2.9367,2.9698,3155823.87,0.0,0.0,0
15m,1754011800.0,2.9698,2.9919,2.9572,2.9847,1478906.28,0.0,0.0,0
15m,1754012700.0,2.9847,2.9918,2.969,2.9858,982974.72,0.0,0.0,0
15m,1754013600.0,2.9858,3.0061,2.9772,3.0052,1412157.41,0.0,0.0,0
15m,1754014500.0,3.0052,3.0167,3.0003,3.0052,2100871.47,0.0,0.0,0
15m,1754015400.0,3.0052,3.0236,3.0018,3.015,862828.66,0.0,0.0,0
15m,1754016300.0,3.015,3.022,3.0113,3.0189,1027376.88,0.0,0.0,0
15m,1754017200.0,3.0189,3.0191,3.0019,3.0027,394445.1,0.0,0.0,0
15m,1754018100.0,3.0027,3.0239,3.002,3.0188,610534.79,0.0,0.0,0
15m,1754019000.0,3.0188,3.0203,3.006,3.0076,406416.98,0.0,0.0,0
15m,1754019900.0,3.0076,3.0112,2.9937,2.9978,535513.13,0.0,0.0,0
15m,1754020800.0,2.9978,2.9978,2.9793,2.9902,795982.31,0.0,0.0,0
15m,1754021700.0,2.9902,2.991,2.9763,2.9815,1027218.83,0.0,0.0,0
15m,1754022600.0,2.9815,2.9918,2.9735,2.9881,943935.32,0.0,0.0,0
15m,1754023500.0,2.9881,2.9902,2.9784,2.9855,401012.07,0.0,0.0,0
15m,1754024400.0,2.9855,2.9964,2.9806,2.9949,629547.5,0.0,0.0,0
15m,1754025300.0,2.9949,2.9956,2.968,2.969,789979.75,0.0,0.0,0
15m,1754026200.0,2.969,2.9819,2.9548,2.9623,1589511.75,0.0,0.0,0
15m,1754027100.0,2.9623,2.9663,2.9514,2.9587,825870.45,0.0,0.0,0
15m,1754028000.0,2.9587,2.9671,2.9427,2.9483,1170421.2,0.0,0.0,0
15m,1754028900.0,2.9483,2.9546,2.9398,2.9438,808754.67,0.0,0.0,0
15m,1754029800.0,2.9438,2.9526,2.9348,2.9381,1070424.64,0.0,0.0,0
15m,1754030700.0,2.9381,2.9647,2.9365,2.9621,940515.92,0.0,0.0,0
15m,1754031600.0,2.9621,2.9716,2.9493,2.9577,916102.4,0.0,0.0,0
15m,1754032500.0,2.9577,2.9653,2.9443,2.9465,565108.78,0.0,0.0,0
15m,1754033400.0,2.9465,2.9539,2.9389,2.9517,938948.06,0.0,0.0,0
15m,1754034300.0,2.9517,2.9595,2.9402,2.9555,792626.12,0.0,0.0,0
15m,1754035200.0,2.9555,2.9555,2.8926,2.9128,4802659.87,0.0,0.0,0
15m,1754036100.0,2.9128,2.9293,2.9031,2.9125,1705463.39,0.0,0.0,0
15m,1754037000.0,2.9125,2.9309,2.8994,2.9239,1941683.12,0.0,0.0,0
15m,1754037900.0,2.9239,2.9329,2.915,2.9156,682673.48,0.0,0.0,0
15m,1754038800.0,2.9156,2.94,2.9125,2.9237,1025744.73,0.0,0.0,0
15m,1754039700.0,2.9237,2.9384,2.92,2.9356,688145.14,0.0,0.0,0
15m,1754040600.0,2.9356,2.9417,2.9277,2.9407,554701.26,0.0,0.0,0
15m,1754041500.0,2.9407,2.9407,2.9208,2.9222,380097.97,0.0,0.0,0
15m,1754042400.0,2.9222,2.9411,2.9196,2.9409,516038.12,0.0,0.0,0
15m,1754043300.0,2.9409,2.9492,2.9403,2.9429,577217.6,0.0,0.0,0
15m,1754044200.0,2.9429,2.9583,2.9374,2.9564,609557.67,0.0,0.0,0
15m,1754045100.0,2.9564,2.9582,2.9456,2.9529,759398.19,0.0,0.0,0
15m,1754046000.0,2.9529,2.9554,2.9401,2.9534,546068.93,0.0,0.0,0
15m,1754046900.0,2.9534,2.9575,2.9436,2.9483,481723.22,0.0,0.0,0
15m,1754047800.0,2.9483,2.9589,2.9452,2.9567,338084.86,0.0,0.0,0
15m,1754048700.0,2.9567,2.9719,2.9562,2.9707,459960.16,0.0,0.0,0
15m,1754049600.0,2.9707,2.9915,2.9666,2.9873,941165.51,0.0,0.0,0
15m,1754050500.0,2.9873,2.9888,2.978,2.9854,552860.29,0.0,0.0,0
15m,1754051400.0,2.9854,3.0066,2.9727,2.9975,2724213.86,0.0,0.0,0
15m,1754052300.0,2.9975,2.998,2.9819,2.9932,831565.94,0.0,0.0,0
15m,1754053200.0,2.9932,3.0079,2.9927,3.0055,720592.67,0.0,0.0,0
15m,1754054100.0,3.0055,3.0178,2.9941,2.9998,1116720.03,0.0,0.0,0
15m,1754055000.0,2.9998,3.0033,2.9681,2.9691,1382437.24,0.0,0.0,0
15m,1754055900.0,2.9691,2.9716,2.93,2.9575,2258799.05,0.0,0.0,0
15m,1754056800.0,2.9575,3.0047,2.9357,2.9954,2323069.65,0.0,0.0,0
15m,1754057700.0,2.9954,3.0319,2.993,3.0306,1751797.21,0.0,0.0,0
15m,1754058600.0,3.0306,3.0417,3.0186,3.0191,1688293.45,0.0,0.0,0
15m,1754059500.0,3.0191,3.0582,3.0191,3.0529,1430269.73,0.0,0.0,0
15m,1754060400.0,3.0529,3.0588,3.0271,3.0349,1057272.41,0.0,0.0,0
15m,1754061300.0,3.0349,3.0353,3.0093,3.0246,1234330.8,0.0,0.0,0
15m,1754062200.0,3.0246,3.0508,3.0218,3.0504,932046.74,0.0,0.0,0
15m,1754063100.0,3.0504,3.0523,3.0363,3.0438,664229.68,0.0,0.0,0
15m,1754064000.0,3.0438,3.0527,3.0334,3.0471,637376.57,0.0,0.0,0
15m,1754064900.0,3.0471,3.0505,3.036,3.04,436859.46,0.0,0.0,0
15m,1754065800.0,3.04,3.04,3.0159,3.0382,752101.59,0.0,0.0,0
15m,1754066700.0,3.0382,3.0399,3.0054,3.0119,972159.66,0.0,0.0,0
15m,1754067600.0,3.0119,3.0137,2.9853,3.0069,1270733.7,0.0,0.0,0
15m,1754068500.0,3.0069,3.0219,3.0036,3.0122,525268.25,0.0,0.0,0
15m,1754069400.0,3.0122,3.0328,2.9903,3.0011,857422.23,0.0,0.0,0
15m,1754070300.0,3.0011,3.008,2.9949,3.0026,340941.42,0.0,0.0,0
15m,1754071200.0,3.0026,3.0078,2.9861,2.9985,713314.49,0.0,0.0,0
15m,1754072100.0,2.9985,3.0214,2.9743,3.0115,1514622.49,0.0,0.0,0
15m,1754073000.0,3.0115,3.0286,3.0089,3.0216,663825.19,0.0,0.0,0
15m,1754073900.0,3.0216,3.0304,3.0015,3.0098,916058.87,0.0,0.0,0
15m,1754074800.0,3.0098,3.0194,2.9996,3.0104,762334.24,0.0,0.0,0
15m,1754075700.0,3.0104,3.0191,2.9968,3.0112,1305760.03,0.0,0.0,0
15m,1754076600.0,3.0112,3.032,3.0037,3.0091,923850.86,0.0,0.0,0
15m,1754077500.0,3.0091,3.0274,3.0091,3.0145,633782.63,0.0,0.0,0
15m,1754078400.0,3.0145,3.0221,2.9758,2.9799,1586418.94,0.0,0.0,0
15m,1754079300.0,2.9799,2.9933,2.9662,2.9864,815742.95,0.0,0.0,0
15m,1754080200.0,2.9864,2.9901,2.9557,2.9796,751487.74,0.0,0.0,0
15m,1754081100.0,2.9796,3.0128,2.9721,3.0077,896096.2,0.0,0.0,0
15m,1754082000.0,3.0077,3.0291,3.0045,3.0177,1139507.44,0.0,0.0,0
15m,1754082900.0,3.0177,3.0213,3.0044,3.0112,413674.26,0.0,0.0,0
15m,1754083800.0,3.0112,3.0149,2.9967,3.0023,275110.77,0.0,0.0,0
15m,1754084700.0,3.0023,3.0043,2.9916,2.9951,131375.76,0.0,0.0,0
15m,1754085600.0,2.9951,2.999,2.9541,2.9618,816282.36,0.0,0.0,0
15m,1754086500.0,2.9618,2.9707,2.9238,2.9333,1609151.96,0.0,0.0,0
15m,1754087400.0,2.9333,2.9388,2.8948,2.9173,2895205.39,0.0,0.0,0
15m,1754088300.0,2.9173,2.9348,2.9001,2.9248,1586768.29,0.0,0.0,0
15m,1754089200.0,2.9248,2.9479,2.9173,2.9453,575033.66,0.0,0.0,0
15m,1754090100.0,2.9453,2.9641,2.9415,2.9577,1135878.02,0.0,0.0,0
15m,1754091000.0,2.9577,2.9639,2.9451,2.9632,414133.94,0.0,0.0,0
15m,1754091900.0,2.9632,2.9707,2.9554,2.9615,365990.94,0.0,0.0,0
15m,1754092800.0,2.9615,2.974,2.9478,2.9544,1192327.97,0.0,0.0,0
15m,1754093700.0,2.9544,2.9685,2.954,2.9604,617296.47,0.0,0.0,0
15m,1754094600.0,2.9604,2.9685,2.9515,2.9614,662877.98,0.0,0.0,0
15m,1754095500.0,2.9614,2.9857,2.9614,2.9791,1092340.6,0.0,0.0,0
15m,1754096400.0,2.9791,2.9835,2.9697,2.9763,546299.81,0.0,0.0,0
15m,1754097300.0,2.9763,2.9817,2.961,2.9661,335728.77,0.0,0.0,0
15m,1754098200.0,2.9661,2.9742,2.9611,2.9722,313258.59,0.0,0.0,0
15m,1754099100.0,2.9722,2.9798,2.9707,2.9774,278348.33,0.0,0.0,0
15m,1754100000.0,2.9774,2.9804,2.9723,2.9757,208245.24,0.0,0.0,0
15m,1754100900.0,2.9757,2.9766,2.9701,2.9759,190381.5,0.0,0.0,0
15m,1754101800.0,2.9759,2.9807,2.9748,2.9778,102447.98,0.0,0.0,0
15m,1754102700.0,2.9778,2.9783,2.9722,2.9764,101643.57,0.0,0.0,0
15m,1754103600.0,2.9764,2.9835,2.9743,2.9785,132537.25,0.0,0.0,0
15m,1754104500.0,2.9785,2.9814,2.9738,2.9752,129725.19,0.0,0.0,0
15m,1754105400.0,2.9752,2.98,2.9733,2.977,70136.34,0.0,0.0,0
15m,1754106300.0,2.977,2.9829,2.9741,2.9829,176533.18,0.0,0.0,0
15m,1754107200.0,2.9829,2.985,2.9809,2.983,138249.06,0.0,0.0,0
15m,1754108100.0,2.983,2.9976,2.9793,2.9975,216416.08,0.0,0.0,0
15m,1754109000.0,2.9975,3.0153,2.9969,3.0124,445625.79,0.0,0.0,0
15m,1754109900.0,3.0124,3.0207,3.0089,3.0191,524632.17,0.0,0.0,0
15m,1754110800.0,3.0191,3.0204,3.0076,3.0092,377881.85,0.0,0.0,0
15m,1754111700.0,3.0092,3.0191,3.0061,3.0177,447156.54,0.0,0.0,0
15m,1754112600.0,3.0177,3.0182,3.005,3.0096,295683.66,0.0,0.0,0
15m,1754113500.0,3.0096,3.0126,3.0056,3.0107,223547.31,0.0,0.0,0
15m,1754114400.0,3.0107,3.0122,3.0001,3.0001,373922.68,0.0,0.0,0
15m,1754115300.0,3.0001,3.0001,2.9665,2.9676,1065896.33,0.0,0.0,0
15m,1754116200.0,2.9676,2.9728,2.9451,2.9545,1455449.59,0.0,0.0,0
15m,1754117100.0,2.9545,2.9742,2.9543,2.9691,1167656.85,0.0,0.0,0
15m,1754118000.0,2.9691,2.9729,2.9464,2.9602,577474.71,0.0,0.0,0
15m,1754118900.0,2.9602,2.9803,2.9592,2.9789,337308.7,0.0,0.0,0
15m,1754119800.0,2.9789,2.9833,2.9717,2.9815,216174.0,0.0,0.0,0
15m,1754120700.0,2.9815,2.9942,2.9794,2.9921,440202.89,0.0,0.0,0
15m,1754121600.0,2.9921,2.9978,2.9878,2.9937,316337.42,0.0,0.0,0
15m,1754122500.0,2.9937,3.0015,2.9836,2.9848,745366.98,0.0,0.0,0
15m,1754123400.0,2.9848,2.9916,2.9737,2.9842,749305.17,0.0,0.0,0
15m,1754124300.0,2.9842,2.9896,2.9739,2.9789,934845.21,0.0,0.0,0
15m,1754125200.0,2.9789,2.9853,2.9706,2.9743,383042.67,0.0,0.0,0
15m,1754126100.0,2.9743,2.9748,2.9601,2.9629,265109.21,0.0,0.0,0
15m,1754127000.0,2.9629,2.9684,2.9549,2.9552,340112.29,0.0,0.0,0
15m,1754127900.0,2.9552,2.9685,2.9545,2.9665,358334.87,0.0,0.0,0
15m,1754128800.0,2.9665,2.97,2.9505,2.952,302501.75,0.0,0.0,0
15m,1754129700.0,2.952,2.9601,2.9441,2.956,617710.78,0.0,0.0,0
15m,1754130600.0,2.956,2.9569,2.9339,2.9339,544911.42,0.0,0.0,0
15m,1754131500.0,2.9339,2.9477,2.9337,2.9437,382007.92,0.0,0.0,0
15m,1754132400.0,2.9437,2.9489,2.9302,2.9321,628220.75,0.0,0.0,0
15m,1754133300.0,2.9321,2.9619,2.9315,2.9594,414716.87,0.0,0.0,0
15m,1754134200.0,2.9594,2.9611,2.9399,2.9465,383954.99,0.0,0.0,0
15m,1754135100.0,2.9465,2.9543,2.9379,2.9405,211922.27,0.0,0.0,0
15m,1754136000.0,2.9405,2.9434,2.9315,2.9376,302907.58,0.0,0.0,0
15m,1754136900.0,2.9376,2.9454,2.9293,2.9323,798114.09,0.0,0.0,0
15m,1754137800.0,2.9323,2.938,2.9231,2.9249,708754.59,0.0,0.0,0
15m,1754138700.0,2.9249,2.9426,2.9235,2.9386,319318.92,0.0,0.0,0
15m,1754139600.0,2.9386,2.9409,2.9221,2.9249,480320.19,0.0,0.0,0
15m,1754140500.0,2.9249,2.9344,2.9244,2.9251,328617.68,0.0,0.0,0
15m,1754141400.0,2.9251,2.9387,2.9186,2.9315,639846.35,0.0,0.0,0
15m,1754142300.0,2.9315,2.9462,2.9298,2.939,269749.38,0.0,0.0,0
15m,1754143200.0,2.939,2.9414,2.9188,2.9208,492364.42,0.0,0.0,0
15m,1754144100.0,2.9208,2.9208,2.9039,2.9098,1130878.19,0.0,0.0,0
15m,1754145000.0,2.9098,2.9098,2.8801,2.8889,2735400.65,0.0,0.0,0
15m,1754145900.0,2.8889,2.8917,2.8718,2.8791,1380045.59,0.0,0.0,0
15m,1754146800.0,2.8791,2.8887,2.874,2.8824,1294324.27,0.0,0.0,0
15m,1754147700.0,2.8824,2.8942,2.8788,2.8788,792291.95,0.0,0.0,0
15m,1754148600.0,2.8788,2.8805,2.8532,2.8569,1759493.27,0.0,0.0,0
15m,1754149500.0,2.8569,2.8599,2.8215,2.83,2746479.07,0.0,0.0,0
15m,1754150400.0,2.83,2.8443,2.8273,2.8357,1833674.9,0.0,0.0,0
15m,1754151300.0,2.8357,2.8432,2.8249,2.8328,1057690.67,0.0,0.0,0
15m,1754152200.0,2.8328,2.8465,2.8116,2.8428,1951071.12,0.0,0.0,0
15m,1754153100.0,2.8428,2.8526,2.8286,2.8441,918769.93,0.0,0.0,0
15m,1754154000.0,2.8441,2.8593,2.837,2.8589,873912.65,0.0,0.0,0
15m,1754154900.0,2.8589,2.8651,2.852,2.865,714227.5,0.0,0.0,0
15m,1754155800.0,2.865,2.8658,2.8343,2.836,526979.17,0.0,0.0,0
15m,1754156700.0,2.836,2.8374,2.8074,2.8238,1479057.25,0.0,0.0,0
15m,1754157600.0,2.8238,2.8329,2.8117,2.8117,897225.1,0.0,0.0,0
15m,1754158500.0,2.8117,2.822,2.767,2.7673,3430522.77,0.0,0.0,0
15m,1754159400.0,2.7673,2.7763,2.7461,2.7632,3604787.44,0.0,0.0,0
15m,1754160300.0,2.7632,2.7657,2.7418,2.7599,2957588.95,0.0,0.0,0
15m,1754161200.0,2.7599,2.7837,2.754,2.7762,1950452.14,0.0,0.0,0
15m,1754162100.0,2.7762,2.8044,2.7762,2.8038,1327182.5,0.0,0.0,0
15m,1754163000.0,2.8038,2.8178,2.7923,2.8,1184920.79,0.0,0.0,0
15m,1754163900.0,2.8,2.8005,2.7729,2.7792,866474.12,0.0,0.0,0
15m,1754164800.0,2.7792,2.7951,2.7761,2.7929,822262.06,0.0,0.0,0
15m,1754165700.0,2.7929,2.8007,2.7774,2.7918,517636.75,0.0,0.0,0
15m,1754166600.0,2.7918,2.7943,2.7796,2.784,473313.04,0.0,0.0,0
15m,1754167500.0,2.784,2.7983,2.7801,2.7978,572661.1,0.0,0.0,0
15m,1754168400.0,2.7978,2.8172,2.785,2.7855,890476.63,0.0,0.0,0
15m,1754169300.0,2.7855,2.7945,2.7792,2.7824,399119.15,0.0,0.0,0
15m,1754170200.0,2.7824,2.8008,2.7824,2.7932,254610.41,0.0,0.0,0
15m,1754171100.0,2.7932,2.8139,2.7926,2.7996,296684.84,0.0,0.0,0
15m,1754172000.0,2.7996,2.8175,2.7995,2.8066,260079.92,0.0,0.0,0
15m,1754172900.0,2.8066,2.8074,2.7826,2.7861,407405.63,0.0,0.0,0
15m,1754173800.0,2.7861,2.8044,2.7854,2.8042,278864.99,0.0,0.0,0
15m,1754174700.0,2.8042,2.8109,2.7973,2.798,170263.83,0.0,0.0,0
15m,1754175600.0,2.798,2.7991,2.7628,2.7692,415263.01,0.0,0.0,0
15m,1754176500.0,2.7692,2.779,2.7395,2.7417,1230254.45,0.0,0.0,0
15m,1754177400.0,2.7417,2.7898,2.7414,2.7769,789738.61,0.0,0.0,0
15m,1754178300.0,2.7769,2.785,2.7584,2.7694,424761.4,0.0,0.0,0
15m,1754179200.0,2.7694,2.7924,2.7621,2.7799,1205960.43,0.0,0.0,0
15m,1754180100.0,2.7799,2.7927,2.7503,2.7581,626818.57,0.0,0.0,0
15m,1754181000.0,2.7581,2.7804,2.7277,2.7758,1471522.54,0.0,0.0,0
15m,1754181900.0,2.7758,2.7941,2.7702,2.7856,568473.92,0.0,0.0,0
15m,1754182800.0,2.7856,2.7945,2.7748,2.7883,351939.89,0.0,0.0,0
15m,1754183700.0,2.7883,2.8014,2.7772,2.8009,330057.46,0.0,0.0,0
15m,1754184600.0,2.8009,2.806,2.7933,2.8033,375735.8,0.0,0.0,0
15m,1754185500.0,2.8033,2.8049,2.7869,2.7979,305463.55,0.0,0.0,0
15m,1754186400.0,2.7979,2.8217,2.7979,2.8156,503683.36,0.0,0.0,0
15m,1754187300.0,2.8156,2.8209,2.8084,2.8084,153893.93,0.0,0.0,0
15m,1754188200.0,2.8084,2.8188,2.8084,2.8168,203760.25,0.0,0.0,0
15m,1754189100.0,2.8168,2.8292,2.8165,2.8273,526146.87,0.0,0.0,0
15m,1754190000.0,2.8273,2.8293,2.8167,2.8216,609770.06,0.0,0.0,0
15m,1754190900.0,2.8216,2.8291,2.8163,2.8234,425948.87,0.0,0.0,0
15m,1754191800.0,2.8234,2.8379,2.8195,2.8377,321081.12,0.0,0.0,0
15m,1754192700.0,2.8377,2.8409,2.8331,2.8357,305097.57,0.0,0.0,0
15m,1754193600.0,2.8357,2.836,2.8217,2.8246,210389.4,0.0,0.0,0
15m,1754194500.0,2.8246,2.8352,2.8219,2.8311,211418.3,0.0,0.0,0
15m,1754195400.0,2.8311,2.8311,2.8176,2.8188,186948.82,0.0,0.0,0
15m,1754196300.0,2.8188,2.8263,2.8141,2.8246,187847.35,0.0,0.0,0
15m,1754197200.0,2.8246,2.8375,2.8237,2.8334,167468.96,0.0,0.0,0
15m,1754198100.0,2.8334,2.842,2.829,2.8392,149149.66,0.0,0.0,0
15m,1754199000.0,2.8392,2.8438,2.8318,2.8321,273924.57,0.0,0.0,0
15m,1754199900.0,2.8321,2.8363,2.8298,2.8343,163838.12,0.0,0.0,0
15m,1754200800.0,2.8343,2.8384,2.8267,2.8273,247169.31,0.0,0.0,0
15m,1754201700.0,2.8273,2.8382,2.8254,2.8353,284836.58,0.0,0.0,0
15m,1754202600.0,2.8353,2.844,2.8348,2.8372,243146.95,0.0,0.0,0
15m,1754203500.0,2.8372,2.8413,2.8343,2.8386,146542.19,0.0,0.0,0
15m,1754204400.0,2.8386,2.8534,2.8386,2.8523,425411.35,0.0,0.0,0
15m,1754205300.0,2.8523,2.8592,2.8458,2.859,740943.08,0.0,0.0,0
15m,1754206200.0,2.859,2.8693,2.8573,2.8639,988332.75,0.0,0.0,0
15m,1754207100.0,2.8639,2.8655,2.8544,2.8647,774509.47,0.0,0.0,0
15m,1754208000.0,2.8647,2.8773,2.8645,2.8762,792833.65,0.0,0.0,0
15m,1754208900.0,2.8762,2.8771,2.8635,2.8649,855437.58,0.0,0.0,0
15m,1754209800.0,2.8649,2.8659,2.8553,2.8594,623579.69,0.0,0.0,0
15m,1754210700.0,2.8594,2.8693,2.8489,2.8668,1290766.78,0.0,0.0,0
15m,1754211600.0,2.8668,2.871,2.8544,2.8547,442063.74,0.0,0.0,0
15m,1754212500.0,2.8547,2.8594,2.8508,2.855,573113.17,0.0,0.0,0
15m,1754213400.0,2.855,2.8628,2.8537,2.8594,508138.46,0.0,0.0,0
15m,1754214300.0,2.8594,2.865,2.8584,2.865,290233.48,0.0,0.0,0
15m,1754215200.0,2.865,2.875,2.864,2.8746,517685.5,0.0,0.0,0
15m,1754216100.0,2.8746,2.8747,2.8678,2.8679,601916.28,0.0,0.0,0
15m,1754217000.0,2.8679,2.8741,2.8626,2.873,551623.14,0.0,0.0,0
15m,1754217900.0,2.873,2.8753,2.8672,2.868,792282.76,0.0,0.0,0
15m,1754218800.0,2.868,2.8937,2.8675,2.8937,1055518.7,0.0,0.0,0
15m,1754219700.0,2.8937,2.8937,2.8793,2.8797,1628350.48,0.0,0.0,0
15m,1754220600.0,2.8797,2.8819,2.8696,2.8741,863713.1,0.0,0.0,0
15m,1754221500.0,2.8741,2.8827,2.8687,2.8691,607183.9,0.0,0.0,0
15m,1754222400.0,2.8691,2.8756,2.8609,2.8647,651863.65,0.0,0.0,0
15m,1754223300.0,2.8647,2.8675,2.8585,2.8647,465291.63,0.0,0.0,0
15m,1754224200.0,2.8647,2.8756,2.8634,2.8748,507840.83,0.0,0.0,0
15m,1754225100.0,2.8748,2.8821,2.8705,2.8766,474611.49,0.0,0.0,0
15m,1754226000.0,2.8766,2.8835,2.871,2.8822,333871.57,0.0,0.0,0
15m,1754226900.0,2.8822,2.8828,2.8695,2.8729,319277.79,0.0,0.0,0
15m,1754227800.0,2.8729,2.8819,2.8721,2.8721,249585.49,0.0,0.0,0
15m,1754228700.0,2.8721,2.8774,2.8659,2.8749,383401.79,0.0,0.0,0
15m,1754229600.0,2.8749,2.8814,2.8651,2.8694,265517.37,0.0,0.0,0
15m,1754230500.0,2.8694,2.8715,2.8596,2.8646,663468.23,0.0,0.0,0
15m,1754231400.0,2.8646,2.8875,2.8602,2.8845,565711.1,0.0,0.0,0
15m,1754232300.0,2.8845,2.8954,2.878,2.8852,836678.83,0.0,0.0,0
15m,1754233200.0,2.8852,2.8894,2.8766,2.888,334546.01,0.0,0.0,0
15m,1754234100.0,2.888,2.8996,2.8876,2.8976,549508.94,0.0,0.0,0
15m,1754235000.0,2.8976,2.9035,2.8881,2.9001,612554.8,0.0,0.0,0
15m,1754235900.0,2.9001,2.9001,2.8899,2.8949,484536.05,0.0,0.0,0
15m,1754236800.0,2.8949,2.8974,2.8853,2.8877,459269.0,0.0,0.0,0
15m,1754237700.0,2.8877,2.8954,2.8853,2.8945,454311.47,0.0,0.0,0
15m,1754238600.0,2.8945,2.9085,2.8913,2.9077,627059.3,0.0,0.0,0
15m,1754239500.0,2.9077,2.9199,2.9051,2.9182,894853.22,0.0,0.0,0
15m,1754240400.0,2.9182,2.9296,2.9101,2.9237,1086512.7,0.0,0.0,0
15m,1754241300.0,2.9237,2.9238,2.9087,2.9089,795322.34,0.0,0.0,0
15m,1754242200.0,2.9089,2.9171,2.9026,2.9034,866225.65,0.0,0.0,0
15m,1754243100.0,2.9034,2.9155,2.9024,2.9155,650869.53,0.0,0.0,0
15m,1754244000.0,2.9155,2.916,2.9028,2.9069,636870.25,0.0,0.0,0
15m,1754244900.0,2.9069,2.9147,2.9006,2.9093,773336.63,0.0,0.0,0
15m,1754245800.0,2.9093,2.9132,2.8946,2.901,769086.28,0.0,0.0,0
15m,1754246700.0,2.901,2.9166,2.9006,2.9164,351162.27,0.0,0.0,0
15m,1754247600.0,2.9164,2.9209,2.9052,2.9079,340497.18,0.0,0.0,0
15m,1754248500.0,2.9079,2.9225,2.9079,2.9166,335560.14,0.0,0.0,0
15m,1754249400.0,2.9166,2.9235,2.9132,2.914,551271.17,0.0,0.0,0
15m,1754250300.0,2.914,2.92,2.9085,2.9158,557132.06,0.0,0.0,0
15m,1754251200.0,2.9158,2.9163,2.9043,2.9079,641292.32,0.0,0.0,0
15m,1754252100.0,2.9079,2.9083,2.9013,2.9074,269503.19,0.0,0.0,0
15m,1754253000.0,2.9074,2.9158,2.9034,2.9149,258671.85,0.0,0.0,0
15m,1754253900.0,2.9149,2.9233,2.9146,2.9172,268072.56,0.0,0.0,0
15m,1754254800.0,2.9172,2.921,2.9155,2.9183,262459.2,0.0,0.0,0
15m,1754255700.0,2.9183,2.9234,2.9105,2.9185,272204.66,0.0,0.0,0
15m,1754256600.0,2.9185,2.9224,2.9147,2.9203,227879.64,0.0,0.0,0
15m,1754257500.0,2.9203,2.9339,2.9203,2.9285,361794.76,0.0,0.0,0
15m,1754258400.0,2.9285,2.9388,2.9168,2.9173,1175451.84,0.0,0.0,0
15m,1754259300.0,2.9173,2.9251,2.9138,2.9179,632390.2,0.0,0.0,0
15m,1754260200.0,2.9179,2.9342,2.9174,2.9328,404896.97,0.0,0.0,0
15m,1754261100.0,2.9328,2.943,2.93,2.9425,432134.09,0.0,0.0,0
15m,1754262000.0,2.9425,2.9619,2.9391,2.9605,960513.12,0.0,0.0,0
15m,1754262900.0,2.9605,2.9615,2.9481,2.9483,892544.96,0.0,0.0,0
15m,1754263800.0,2.9483,2.9535,2.9416,2.9446,479503.88,0.0,0.0,0
15m,1754264700.0,2.9446,2.9511,2.941,2.9479,407154.93,0.0,0.0,0
15m,1754265600.0,2.9479,2.9526,2.9308,2.9386,821111.78,0.0,0.0,0
15m,1754266500.0,2.9386,2.9762,2.935,2.9703,1014985.2,0.0,0.0,0
15m,1754267400.0,2.9703,2.9901,2.9646,2.9899,1173343.25,0.0,0.0,0
15m,1754268300.0,2.9899,3.0187,2.9872,3.0169,1502033.12,0.0,0.0,0
15m,1754269200.0,3.0169,3.0308,3.0046,3.02,1026798.8,0.0,0.0,0
15m,1754270100.0,3.02,3.0265,3.0081,3.0219,579642.41,0.0,0.0,0
15m,1754271000.0,3.0219,3.0244,3.004,3.0096,711922.91,0.0,0.0,0
15m,1754271900.0,3.0096,3.0106,2.9944,2.9978,684426.14,0.0,0.0,0
15m,1754272800.0,2.9978,2.999,2.9829,2.9841,563671.32,0.0,0.0,0
15m,1754273700.0,2.9841,3.007,2.9831,3.0056,676822.2,0.0,0.0,0
15m,1754274600.0,3.0056,3.0158,2.9961,2.9976,603965.85,0.0,0.0,0
15m,1754275500.0,2.9976,3.0149,2.9964,3.014,303465.36,0.0,0.0,0
15m,1754276400.0,3.014,3.0164,3.0036,3.0047,246065.38,0.0,0.0,0
15m,1754277300.0,3.0047,3.0051,2.996,2.9967,154617.95,0.0,0.0,0
15m,1754278200.0,2.9967,3.0012,2.9934,3.001,192184.29,0.0,0.0,0
15m,1754279100.0,3.001,3.0054,2.9984,2.9985,92061.23,0.0,0.0,0
15m,1754280000.0,2.9985,3.0087,2.9963,2.9971,398171.63,0.0,0.0,0
15m,1754280900.0,2.9971,3.0023,2.9905,2.9993,210852.38,0.0,0.0,0
15m,1754281800.0,2.9993,2.9993,2.99,2.9902,292999.51,0.0,0.0,0
15m,1754282700.0,2.9902,2.9982,2.9844,2.9882,285443.74,0.0,0.0,0
15m,1754283600.0,2.9882,2.9891,2.9799,2.9856,535935.82,0.0,0.0,0
15m,1754284500.0,2.9856,2.9856,2.9769,2.9786,575511.98,0.0,0.0,0
15m,1754285400.0,2.9786,2.9832,2.966,2.9718,905410.46,0.0,0.0,0
15m,1754286300.0,2.9718,2.9854,2.9666,2.9843,444308.03,0.0,0.0,0
15m,1754287200.0,2.9843,2.9866,2.9727,2.9734,301517.82,0.0,0.0,0
15m,1754288100.0,2.9734,2.9799,2.9669,2.9752,382229.2,0.0,0.0,0
15m,1754289000.0,2.9752,2.9905,2.9716,2.9838,667266.16,0.0,0.0,0
15m,1754289900.0,2.9838,2.9861,2.9735,2.9824,607208.69,0.0,0.0,0
15m,1754290800.0,2.9824,2.9968,2.9809,2.9929,447810.68,0.0,0.0,0
15m,1754291700.0,2.9929,2.9966,2.9879,2.9948,217939.15,0.0,0.0,0
15m,1754292600.0,2.9948,3.0038,2.9925,3.0002,322670.48,0.0,0.0,0
15m,1754293500.0,3.0002,3.019,2.9982,3.0118,778744.44,0.0,0.0,0
15m,1754294400.0,3.0118,3.0229,3.0118,3.0125,752549.45,0.0,0.0,0
15m,1754295300.0,3.0125,3.024,3.005,3.0082,525317.11,0.0,0.0,0
15m,1754296200.0,3.0082,3.019,3.0041,3.0127,434566.95,0.0,0.0,0
15m,1754297100.0,3.0127,3.0143,3.0049,3.0083,342386.24,0.0,0.0,0
15m,1754298000.0,3.0083,3.0122,2.9955,2.9972,466046.23,0.0,0.0,0
15m,1754298900.0,2.9972,3.0093,2.9931,3.0046,227189.24,0.0,0.0,0
15m,1754299800.0,3.0046,3.0106,2.9994,2.9994,195322.2,0.0,0.0,0
15m,1754300700.0,2.9994,3.0008,2.9896,2.9912,254528.79,0.0,0.0,0
15m,1754301600.0,2.9912,3.0019,2.9882,3.0017,448552.08,0.0,0.0,0
15m,1754302500.0,3.0017,3.003,2.9905,2.996,210418.56,0.0,0.0,0
15m,1754303400.0,2.996,2.9987,2.9889,2.99,231861.6,0.0,0.0,0
15m,1754304300.0,2.99,2.9976,2.9848,2.9854,256608.71,0.0,0.0,0
15m,1754305200.0,2.9854,2.9895,2.9814,2.9822,291849.86,0.0,0.0,0
15m,1754306100.0,2.9822,2.9877,2.9769,2.9871,285992.64,0.0,0.0,0
15m,1754307000.0,2.9871,2.9983,2.9835,2.9956,431648.11,0.0,0.0,0
15m,1754307900.0,2.9956,2.997,2.9895,2.9921,247373.12,0.0,0.0,0
15m,1754308800.0,2.9921,2.9959,2.9853,2.9905,249128.4,0.0,0.0,0
15m,1754309700.0,2.9905,2.9937,2.9809,2.9834,220865.07,0.0,0.0,0
15m,1754310600.0,2.9834,2.9911,2.9797,2.9881,170965.73,0.0,0.0,0
15m,1754311500.0,2.9881,3.0058,2.9862,3.0033,270985.61,0.0,0.0,0
15m,1754312400.0,3.0033,3.0131,3.0023,3.0041,598216.75,0.0,0.0,0
15m,1754313300.0,3.0041,3.0077,2.9946,3.0019,285485.39,0.0,0.0,0
15m,1754314200.0,3.0019,3.0432,3.0007,3.0428,1235252.12,0.0,0.0,0
15m,1754315100.0,3.0428,3.0549,3.0235,3.0515,1543395.04,0.0,0.0,0
15m,1754316000.0,3.0515,3.0803,3.0465,3.0697,2908378.97,0.0,0.0,0
15m,1754316900.0,3.0697,3.0767,3.0552,3.0726,1114357.72,0.0,0.0,0
15m,1754317800.0,3.0726,3.0735,3.043,3.0441,777683.68,0.0,0.0,0
15m,1754318700.0,3.0441,3.052,3.0263,3.0358,782057.37,0.0,0.0,0
15m,1754319600.0,3.0358,3.0452,3.0275,3.0427,662393.06,0.0,0.0,0
15m,1754320500.0,3.0427,3.047,3.0323,3.0381,441686.39,0.0,0.0,0
15m,1754321400.0,3.0381,3.0426,3.0225,3.0262,918161.62,0.0,0.0,0
15m,1754322300.0,3.0262,3.0353,3.0181,3.0306,344887.42,0.0,0.0,0
15m,1754323200.0,3.0306,3.0526,3.0306,3.0521,350813.82,0.0,0.0,0
15m,1754324100.0,3.0521,3.0638,3.0475,3.049,348158.32,0.0,0.0,0
15m,1754325000.0,3.049,3.0707,3.0485,3.0671,339087.44,0.0,0.0,0
15m,1754325900.0,3.0671,3.0739,3.0646,3.0719,532566.15,0.0,0.0,0
15m,1754326800.0,3.0719,3.089,3.0651,3.0877,722891.45,0.0,0.0,0
15m,1754327700.0,3.0877,3.0899,3.0684,3.0713,626034.19,0.0,0.0,0
15m,1754328600.0,3.0713,3.074,3.0574,3.0603,424868.61,0.0,0.0,0
15m,1754329500.0,3.0603,3.0673,3.0565,3.0585,208262.77,0.0,0.0,0
15m,1754330400.0,3.0585,3.0627,3.048,3.0489,403784.46,0.0,0.0,0
15m,1754331300.0,3.0489,3.065,3.0475,3.0587,245592.68,0.0,0.0,0
15m,1754332200.0,3.0587,3.0587,3.0425,3.0428,195547.61,0.0,0.0,0
15m,1754333100.0,3.0428,3.0471,3.0403,3.045,342479.68,0.0,0.0,0
15m,1754334000.0,3.045,3.0505,3.0395,3.0472,331318.03,0.0,0.0,0
15m,1754334900.0,3.0472,3.0516,3.0445,3.0478,324739.11,0.0,0.0,0
15m,1754335800.0,3.0478,3.0494,3.0372,3.0433,399777.13,0.0,0.0,0
15m,1754336700.0,3.0433,3.0494,3.0405,3.0492,148683.76,0.0,0.0,0
15m,1754337600.0,3.0492,3.0554,3.0407,3.0476,317871.47,0.0,0.0,0
15m,1754338500.0,3.0476,3.0497,3.042,3.045,147064.31,0.0,0.0,0
15m,1754339400.0,3.045,3.0623,3.0425,3.058,356154.92,0.0,0.0,0
15m,1754340300.0,3.058,3.058,3.0483,3.0491,288364.84,0.0,0.0,0
15m,1754341200.0,3.0491,3.0639,3.0482,3.0565,420557.47,0.0,0.0,0
15m,1754342100.0,3.0565,3.0688,3.0565,3.064,127564.16,0.0,0.0,0
15m,1754343000.0,3.064,3.0772,3.0588,3.0772,226878.26,0.0,0.0,0
15m,1754343900.0,3.0772,3.0776,3.0645,3.0697,220190.2,0.0,0.0,0
15m,1754344800.0,3.0697,3.0804,3.0697,3.0793,336975.64,0.0,0.0,0
15m,1754345700.0,3.0793,3.0811,3.0729,3.0729,172559.2,0.0,0.0,0
15m,1754346600.0,3.0729,3.0794,3.066,3.0733,357608.16,0.0,0.0,0
15m,1754347500.0,3.0733,3.0862,3.0722,3.0862,256113.18,0.0,0.0,0
15m,1754348400.0,3.0862,3.0862,3.0764,3.0848,459004.32,0.0,0.0,0
15m,1754349300.0,3.0848,3.0848,3.0723,3.0777,240482.64,0.0,0.0,0
15m,1754350200.0,3.0777,3.0795,3.0701,3.0713,266141.73,0.0,0.0,0
15m,1754351100.0,3.0713,3.0754,3.0675,3.0712,231782.52,0.0,0.0,0
15m,1754352000.0,3.0712,3.0743,3.0565,3.0653,270674.05,0.0,0.0,0
15m,1754352900.0,3.0653,3.0717,3.0593,3.0657,345446.92,0.0,0.0,0
15m,1754353800.0,3.0657,3.0853,3.0657,3.0807,582252.03,0.0,0.0,0
15m,1754354700.0,3.0807,3.0917,3.0756,3.0903,649409.15,0.0,0.0,0
15m,1754355600.0,3.0903,3.107,3.0816,3.0826,906183.27,0.0,0.0,0
15m,1754356500.0,3.0826,3.0863,3.0691,3.0813,475259.09,0.0,0.0,0
15m,1754357400.0,3.0813,3.0813,3.0627,3.0713,382240.59,0.0,0.0,0
15m,1754358300.0,3.0713,3.0737,3.0543,3.0558,329847.22,0.0,0.0,0
15m,1754359200.0,3.0558,3.0636,3.0505,3.0516,313361.21,0.0,0.0,0
15m,1754360100.0,3.0516,3.0573,3.047,3.0484,476997.46,0.0,0.0,0
15m,1754361000.0,3.0484,3.057,3.0477,3.0561,221743.45,0.0,0.0,0
15m,1754361900.0,3.0561,3.0624,3.051,3.0622,285723.95,0.0,0.0,0
15m,1754362800.0,3.0622,3.0626,3.04,3.0474,361951.97,0.0,0.0,0
15m,1754363700.0,3.0474,3.0477,3.0374,3.0437,278958.54,0.0,0.0,0
15m,1754364600.0,3.0437,3.046,3.0345,3.0393,404418.49,0.0,0.0,0
15m,1754365500.0,3.0393,3.045,3.0373,3.0379,267051.72,0.0,0.0,0
15m,1754366400.0,3.0379,3.046,3.0324,3.045,546842.95,0.0,0.0,0
15m,1754367300.0,3.045,3.045,3.0303,3.0332,413222.45,0.0,0.0,0
15m,1754368200.0,3.0332,3.0341,3.0255,3.031,324881.35,0.0,0.0,0
15m,1754369100.0,3.031,3.0357,3.0307,3.0344,95300.32,0.0,0.0,0
15m,1754370000.0,3.0344,3.0416,3.0333,3.0381,124052.52,0.0,0.0,0
15m,1754370900.0,3.0381,3.0411,3.0351,3.0373,153650.18,0.0,0.0,0
15m,1754371800.0,3.0373,3.0411,3.0286,3.0319,173637.61,0.0,0.0,0
15m,1754372700.0,3.0319,3.0419,3.0318,3.0416,156163.57,0.0,0.0,0
15m,1754373600.0,3.0416,3.0525,3.0411,3.051,302262.5,0.0,0.0,0
15m,1754374500.0,3.051,3.0549,3.0485,3.0494,184993.29,0.0,0.0,0
15m,1754375400.0,3.0494,3.0495,3.034,3.0357,382409.54,0.0,0.0,0
15m,1754376300.0,3.0357,3.0361,3.0177,3.0226,600489.49,0.0,0.0,0
15m,1754377200.0,3.0226,3.0305,3.0192,3.0285,347250.81,0.0,0.0,0
15m,1754378100.0,3.0285,3.0343,3.019,3.0192,169432.08,0.0,0.0,0
15m,1754379000.0,3.0192,3.0212,2.9963,3.0099,1272721.9,0.0,0.0,0
15m,1754379900.0,3.0099,3.0176,3.003,3.0042,1575104.81,0.0,0.0,0
15m,1754380800.0,3.0042,3.0135,2.999,3.004,867012.71,0.0,0.0,0
15m,1754381700.0,3.004,3.0312,3.004,3.0265,484407.97,0.0,0.0,0
15m,1754382600.0,3.0265,3.0389,3.0241,3.0287,805286.61,0.0,0.0,0
15m,1754383500.0,3.0287,3.0342,3.0232,3.0335,293072.34,0.0,0.0,0
15m,1754384400.0,3.0335,3.0436,3.0335,3.0422,727144.73,0.0,0.0,0
15m,1754385300.0,3.0422,3.0428,3.0353,3.0415,361681.42,0.0,0.0,0
15m,1754386200.0,3.0415,3.0495,3.0395,3.0492,394446.47,0.0,0.0,0
15m,1754387100.0,3.0492,3.064,3.0469,3.0608,619220.99,0.0,0.0,0
15m,1754388000.0,3.0608,3.065,3.0511,3.0574,723523.91,0.0,0.0,0
15m,1754388900.0,3.0574,3.0704,3.0514,3.07,935486.4,0.0,0.0,0
15m,1754389800.0,3.07,3.0799,3.0677,3.0783,566220.31,0.0,0.0,0
15m,1754390700.0,3.0783,3.0787,3.0708,3.0739,1023529.3,0.0,0.0,0
15m,1754391600.0,3.0739,3.0782,3.0641,3.0766,1098451.39,0.0,0.0,0
15m,1754392500.0,3.0766,3.0807,3.0706,3.0721,502679.9,0.0,0.0,0
15m,1754393400.0,3.0721,3.0729,3.0602,3.0684,511544.23,0.0,0.0,0
15m,1754394300.0,3.0684,3.0684,3.0596,3.0631,416660.72,0.0,0.0,0
15m,1754395200.0,3.0631,3.0658,3.0558,3.0653,573079.73,0.0,0.0,0
15m,1754396100.0,3.0653,3.0653,3.0355,3.0476,901026.05,0.0,0.0,0
15m,1754397000.0,3.0476,3.0476,3.0121,3.0305,942076.75,0.0,0.0,0
15m,1754397900.0,3.0305,3.0401,3.0237,3.0267,421609.87,0.0,0.0,0
15m,1754398800.0,3.0267,3.0359,3.0223,3.0301,502814.56,0.0,0.0,0
15m,1754399700.0,3.0301,3.0417,3.0285,3.0377,340714.66,0.0,0.0,0
15m,1754400600.0,3.0377,3.0439,3.0247,3.0287,620719.97,0.0,0.0,0
15m,1754401500.0,3.0287,3.0437,3.0287,3.0381,505111.49,0.0,0.0,0
15m,1754402400.0,3.0381,3.039,3.0025,3.0071,1497345.66,0.0,0.0,0
15m,1754403300.0,3.0071,3.0078,2.9717,2.9812,3755317.75,0.0,0.0,0
15m,1754404200.0,2.9812,2.9835,2.9591,2.9658,1955074.5,0.0,0.0,0
15m,1754405100.0,2.9658,2.9777,2.9613,2.9766,1057040.04,0.0,0.0,0
15m,1754406000.0,2.9766,2.9941,2.9693,2.9912,995370.21,0.0,0.0,0
15m,1754406900.0,2.9912,2.994,2.9751,2.981,840682.31,0.0,0.0,0
15m,1754407800.0,2.981,2.9836,2.9648,2.9711,619614.42,0.0,0.0,0
15m,1754408700.0,2.9711,2.976,2.9566,2.9712,529785.27,0.0,0.0,0
15m,1754409600.0,2.9712,2.9833,2.969,2.9822,1041723.24,0.0,0.0,0
15m,1754410500.0,2.9822,2.99,2.9795,2.9842,316550.34,0.0,0.0,0
15m,1754411400.0,2.9842,2.9911,2.9634,2.9706,335393.78,0.0,0.0,0
15m,1754412300.0,2.9706,2.9797,2.9618,2.969,312090.01,0.0,0.0,0
15m,1754413200.0,2.969,2.9786,2.9683,2.9767,610613.05,0.0,0.0,0
15m,1754414100.0,2.9767,2.9878,2.9747,2.9858,215453.99,0.0,0.0,0
15m,1754415000.0,2.9858,2.9929,2.978,2.9784,566859.9,0.0,0.0,0
15m,1754415900.0,2.9784,2.9916,2.9731,2.9895,307992.19,0.0,0.0,0
15m,1754416800.0,2.9895,2.9902,2.9766,2.9766,171877.94,0.0,0.0,0
15m,1754417700.0,2.9766,2.9791,2.9655,2.9692,534638.06,0.0,0.0,0
15m,1754418600.0,2.9692,2.9744,2.9589,2.9625,336163.06,0.0,0.0,0
15m,1754419500.0,2.9625,2.979,2.9531,2.9774,596552.6,0.0,0.0,0
15m,1754420400.0,2.9774,2.9846,2.9702,2.9702,207866.36,0.0,0.0,0
15m,1754421300.0,2.9702,2.9727,2.9625,2.9663,155609.23,0.0,0.0,0
15m,1754422200.0,2.9663,2.9697,2.9596,2.9596,289011.98,0.0,0.0,0
15m,1754423100.0,2.9596,2.9615,2.9449,2.9462,751797.43,0.0,0.0,0
15m,1754424000.0,2.9462,2.9626,2.9462,2.9621,401655.64,0.0,0.0,0
15m,1754424900.0,2.9621,2.968,2.9592,2.9676,217598.13,0.0,0.0,0
15m,1754425800.0,2.9676,2.9677,2.9502,2.9549,229002.03,0.0,0.0,0
15m,1754426700.0,2.9549,2.9553,2.9359,2.9382,616200.96,0.0,0.0,0
15m,1754427600.0,2.9382,2.9508,2.9367,2.9376,336830.23,0.0,0.0,0
15m,1754428500.0,2.9376,2.9522,2.9376,2.9522,289180.46,0.0,0.0,0
15m,1754429400.0,2.9522,2.9541,2.9485,2.95,125499.92,0.0,0.0,0
15m,1754430300.0,2.95,2.95,2.9329,2.9358,258180.1,0.0,0.0,0
15m,1754431200.0,2.9358,2.9437,2.9162,2.9427,866347.51,0.0,0.0,0
15m,1754432100.0,2.9427,2.9507,2.9424,2.9494,342640.71,0.0,0.0,0
15m,1754433000.0,2.9494,2.9579,2.9479,2.9564,616598.91,0.0,0.0,0
15m,1754433900.0,2.9564,2.9623,2.9535,2.9606,243278.42,0.0,0.0,0
15m,1754434800.0,2.9606,2.9696,2.9565,2.969,290109.73,0.0,0.0,0
15m,1754435700.0,2.969,2.9759,2.9637,2.9648,324244.03,0.0,0.0,0
15m,1754436600.0,2.9648,2.9735,2.9597,2.97,199625.73,0.0,0.0,0
15m,1754437500.0,2.97,2.9731,2.9603,2.9625,101220.63,0.0,0.0,0
15m,1754438400.0,2.9625,2.9646,2.9464,2.9519,229573.51,0.0,0.0,0
15m,1754439300.0,2.9519,2.9576,2.9499,2.9533,163772.14,0.0,0.0,0
15m,1754440200.0,2.9533,2.9617,2.9483,2.9523,187801.72,0.0,0.0,0
15m,1754441100.0,2.9523,2.9527,2.9264,2.9318,394988.61,0.0,0.0,0
15m,1754442000.0,2.9318,2.9385,2.9203,2.9375,498978.12,0.0,0.0,0
15m,1754442900.0,2.9375,2.9406,2.9217,2.9243,356814.86,0.0,0.0,0
15m,1754443800.0,2.9243,2.9429,2.9237,2.9379,465522.06,0.0,0.0,0
15m,1754444700.0,2.9379,2.9431,2.9293,2.9405,227162.06,0.0,0.0,0
15m,1754445600.0,2.9405,2.9413,2.9184,2.9251,261286.71,0.0,0.0,0
15m,1754446500.0,2.9251,2.9359,2.923,2.9339,130043.46,0.0,0.0,0
15m,1754447400.0,2.9339,2.9375,2.9237,2.9328,195747.08,0.0,0.0,0
15m,1754448300.0,2.9328,2.9353,2.928,2.9329,146180.78,0.0,0.0,0
15m,1754449200.0,2.9329,2.9345,2.922,2.9247,390583.51,0.0,0.0,0
15m,1754450100.0,2.9247,2.9247,2.9089,2.9127,588763.99,0.0,0.0,0
15m,1754451000.0,2.9127,2.9222,2.9105,2.9202,354356.52,0.0,0.0,0
15m,1754451900.0,2.9202,2.9247,2.9139,2.9145,289566.05,0.0,0.0,0
15m,1754452800.0,2.9145,2.9173,2.9045,2.9059,270146.88,0.0,0.0,0
15m,1754453700.0,2.9059,2.9186,2.9049,2.9137,193989.31,0.0,0.0,0
15m,1754454600.0,2.9137,2.9186,2.902,2.9082,215371.84,0.0,0.0,0
15m,1754455500.0,2.9082,2.9138,2.9061,2.9115,168704.25,0.0,0.0,0
15m,1754456400.0,2.9115,2.9406,2.9063,2.9406,447373.0,0.0,0.0,0
15m,1754457300.0,2.9406,2.9553,2.9388,2.9388,516321.16,0.0,0.0,0
15m,1754458200.0,2.9388,2.9666,2.9358,2.9626,937121.06,0.0,0.0,0
15m,1754459100.0,2.9626,2.9687,2.9461,2.9516,554192.94,0.0,0.0,0
15m,1754460000.0,2.9516,2.9529,2.9322,2.9366,435931.9,0.0,0.0,0
15m,1754460900.0,2.9366,2.9447,2.9302,2.939,697303.57,0.0,0.0,0
15m,1754461800.0,2.939,2.9546,2.9352,2.9487,610447.38,0.0,0.0,0
15m,1754462700.0,2.9487,2.9565,2.9461,2.9488,278922.43,0.0,0.0,0
15m,1754463600.0,2.9488,2.9607,2.943,2.957,554970.84,0.0,0.0,0
15m,1754464500.0,2.957,2.9609,2.951,2.9598,245556.86,0.0,0.0,0
15m,1754465400.0,2.9598,2.9602,2.9459,2.9494,385847.21,0.0,0.0,0
15m,1754466300.0,2.9494,2.9565,2.9476,2.9562,208252.47,0.0,0.0,0
15m,1754467200.0,2.9562,2.9605,2.9414,2.9452,475057.92,0.0,0.0,0
15m,1754468100.0,2.9452,2.9532,2.9378,2.9433,375384.31,0.0,0.0,0
15m,1754469000.0,2.9433,2.9433,2.922,2.9232,715310.05,0.0,0.0,0
15m,1754469900.0,2.9232,2.9304,2.9189,2.9304,278906.03,0.0,0.0,0
15m,1754470800.0,2.9304,2.9429,2.9212,2.9425,416120.21,0.0,0.0,0
15m,1754471700.0,2.9425,2.9529,2.9424,2.9458,322134.35,0.0,0.0,0
15m,1754472600.0,2.9458,2.9525,2.935,2.9382,405962.44,0.0,0.0,0
15m,1754473500.0,2.9382,2.9451,2.9343,2.9436,92463.12,0.0,0.0,0
15m,1754474400.0,2.9436,2.9477,2.9357,2.9394,107995.62,0.0,0.0,0
15m,1754475300.0,2.9394,2.9465,2.924,2.9351,575514.21,0.0,0.0,0
15m,1754476200.0,2.9351,2.9435,2.9323,2.942,139285.95,0.0,0.0,0
15m,1754477100.0,2.942,2.9438,2.933,2.9364,155451.38,0.0,0.0,0
15m,1754478000.0,2.9364,2.95,2.9347,2.9495,305470.08,0.0,0.0,0
15m,1754478900.0,2.9495,2.9542,2.9473,2.9527,158198.76,0.0,0.0,0
15m,1754479800.0,2.9527,2.9563,2.9471,2.9504,409013.3,0.0,0.0,0
15m,1754480700.0,2.9504,2.9504,2.9418,2.9465,180357.47,0.0,0.0,0
15m,1754481600.0,2.9465,2.954,2.9288,2.9313,328362.93,0.0,0.0,0
15m,1754482500.0,2.9313,2.9439,2.9235,2.9352,387300.19,0.0,0.0,0
15m,1754483400.0,2.9352,2.9492,2.9339,2.9392,157524.69,0.0,0.0,0
15m,1754484300.0,2.9392,2.9466,2.937,2.9394,283326.64,0.0,0.0,0
15m,1754485200.0,2.9394,2.9519,2.9394,2.9515,275105.67,0.0,0.0,0
15m,1754486100.0,2.9515,2.9538,2.9453,2.9495,334602.64,0.0,0.0,0
15m,1754487000.0,2.9495,2.9596,2.9312,2.9553,983596.24,0.0,0.0,0
15m,1754487900.0,2.9553,2.9589,2.9375,2.949,703456.21,0.0,0.0,0
15m,1754488800.0,2.949,2.9731,2.9488,2.96,946451.53,0.0,0.0,0
15m,1754489700.0,2.96,2.9656,2.9387,2.9488,926558.29,0.0,0.0,0
15m,1754490600.0,2.9488,2.9663,2.9448,2.962,461376.7,0.0,0.0,0
15m,1754491500.0,2.962,2.9854,2.9552,2.9853,1103756.89,0.0,0.0,0
15m,1754492400.0,2.9853,2.9884,2.9678,2.975,636360.49,0.0,0.0,0
15m,1754493300.0,2.975,2.981,2.9714,2.9764,349289.91,0.0,0.0,0
15m,1754494200.0,2.9764,2.987,2.9744,2.9809,646281.75,0.0,0.0,0
15m,1754495100.0,2.9809,3.008,2.9775,3.0042,1182524.16,0.0,0.0,0
15m,1754496000.0,3.0042,3.0162,2.9891,2.9955,2004133.02,0.0,0.0,0
15m,1754496900.0,2.9955,3.0016,2.9871,2.9876,443596.82,0.0,0.0,0
15m,1754497800.0,2.9876,2.9931,2.9763,2.977,419224.44,0.0,0.0,0
15m,1754498700.0,2.977,2.9864,2.9762,2.9808,338093.53,0.0,0.0,0
15m,1754499600.0,2.9808,2.9834,2.9698,2.979,640513.8,0.0,0.0,0
15m,1754500500.0,2.979,2.99,2.9781,2.99,389616.32,0.0,0.0,0
15m,1754501400.0,2.99,2.9993,2.9821,2.9991,515283.2,0.0,0.0,0
15m,1754502300.0,2.9991,3.0037,2.9955,3.0036,480470.62,0.0,0.0,0
15m,1754503200.0,3.0036,3.0161,3.0036,3.0159,620183.93,0.0,0.0,0
15m,1754504100.0,3.0159,3.0185,3.0007,3.0077,340018.19,0.0,0.0,0
15m,1754505000.0,3.0077,3.0127,2.9984,2.9994,289722.71,0.0,0.0,0
15m,1754505900.0,2.9994,3.0049,2.9958,3.0021,192408.99,0.0,0.0,0
15m,1754506800.0,3.0021,3.0118,3.0014,3.0105,185065.02,0.0,0.0,0
15m,1754507700.0,3.0105,3.0139,3.007,3.0076,233420.39,0.0,0.0,0
15m,1754508600.0,3.0076,3.0095,3.0032,3.0048,221603.71,0.0,0.0,0
15m,1754509500.0,3.0048,3.0115,2.9986,3.0114,261928.93,0.0,0.0,0
15m,1754510400.0,3.0114,3.0114,3.0031,3.0044,141567.58,0.0,0.0,0
15m,1754511300.0,3.0044,3.0051,3.0012,3.0023,214868.28,0.0,0.0,0
15m,1754512200.0,3.0023,3.0043,2.9914,2.9967,246881.91,0.0,0.0,0
15m,1754513100.0,2.9967,2.9967,2.992,2.9944,170983.02,0.0,0.0,0
15m,1754514000.0,2.9944,3.0056,2.9939,3.0002,229768.5,0.0,0.0,0
15m,1754514900.0,3.0002,3.0029,2.9982,2.999,146081.33,0.0,0.0,0
15m,1754515800.0,2.999,2.9994,2.9793,2.9881,681453.51,0.0,0.0,0
15m,1754516700.0,2.9881,2.9944,2.988,2.9937,80577.1,0.0,0.0,0
15m,1754517600.0,2.9937,2.9986,2.9892,2.9966,135293.8,0.0,0.0,0
15m,1754518500.0,2.9966,2.9995,2.9915,2.9964,73912.44,0.0,0.0,0
15m,1754519400.0,2.9964,2.9992,2.9936,2.9954,114025.83,0.0,0.0,0
15m,1754520300.0,2.9954,2.9998,2.9947,2.999,86645.3,0.0,0.0,0
15m,1754521200.0,2.999,3.0014,2.9964,3.0006,256972.9,0.0,0.0,0
15m,1754522100.0,3.0006,3.001,2.9936,2.995,241470.36,0.0,0.0,0
15m,1754523000.0,2.995,2.9959,2.9916,2.9946,69194.36,0.0,0.0,0
15m,1754523900.0,2.9946,2.9959,2.9901,2.9911,53722.78,0.0,0.0,0
15m,1754524800.0,2.9911,2.9911,2.9813,2.9845,171622.73,0.0,0.0,0
15m,1754525700.0,2.9845,2.9859,2.9787,2.9858,475112.84,0.0,0.0,0
15m,1754526600.0,2.9858,2.9939,2.9844,2.9907,169033.6,0.0,0.0,0
15m,1754527500.0,2.9907,2.9917,2.985,2.987,100052.58,0.0,0.0,0
15m,1754528400.0,2.987,2.9912,2.9825,2.9887,194395.01,0.0,0.0,0
15m,1754529300.0,2.9887,3.0083,2.9847,3.0059,255843.71,0.0,0.0,0
15m,1754530200.0,3.0059,3.0108,2.9988,3.0012,336228.16,0.0,0.0,0
15m,1754531100.0,3.0012,3.0022,2.9831,2.9858,248341.55,0.0,0.0,0
15m,1754532000.0,2.9858,2.9882,2.9777,2.9874,310278.58,0.0,0.0,0
15m,1754532900.0,2.9874,2.9899,2.9845,2.9875,209419.77,0.0,0.0,0
15m,1754533800.0,2.9875,2.9875,2.9778,2.9778,215679.51,0.0,0.0,0
15m,1754534700.0,2.9778,2.9802,2.973,2.9753,343863.4,0.0,0.0,0
15m,1754535600.0,2.9753,2.9806,2.9717,2.9718,242455.13,0.0,0.0,0
15m,1754536500.0,2.9718,2.9739,2.9674,2.9698,337832.18,0.0,0.0,0
15m,1754537400.0,2.9698,2.9728,2.9677,2.9723,182604.42,0.0,0.0,0
15m,1754538300.0,2.9723,2.9752,2.9682,2.9683,181692.91,0.0,0.0,0
15m,1754539200.0,2.9683,2.9766,2.9642,2.9735,268403.78,0.0,0.0,0
15m,1754540100.0,2.9735,2.9829,2.9728,2.9801,139724.0,0.0,0.0,0
15m,1754541000.0,2.9801,2.9805,2.9733,2.9748,157847.48,0.0,0.0,0
15m,1754541900.0,2.9748,2.9771,2.9704,2.976,143744.49,0.0,0.0,0
15m,1754542800.0,2.976,2.9775,2.9709,2.9726,169753.97,0.0,0.0,0
15m,1754543700.0,2.9726,2.9815,2.9711,2.9802,159346.73,0.0,0.0,0
15m,1754544600.0,2.9802,2.9859,2.9799,2.9838,159498.35,0.0,0.0,0
15m,1754545500.0,2.9838,2.9956,2.9828,2.9951,387403.86,0.0,0.0,0
15m,1754546400.0,2.9951,3.0073,2.9926,3.0052,879971.98,0.0,0.0,0
15m,1754547300.0,3.0052,3.0056,2.9982,3.0025,630310.55,0.0,0.0,0
15m,1754548200.0,3.0025,3.01,2.9998,3.0089,584012.21,0.0,0.0,0
15m,1754549100.0,3.0089,3.0139,2.9981,3.0004,601918.42,0.0,0.0,0
15m,1754550000.0,3.0004,3.01,2.9997,3.0072,268816.94,0.0,0.0,0
15m,1754550900.0,3.0072,3.0109,3.0031,3.0067,333313.24,0.0,0.0,0
15m,1754551800.0,3.0067,3.01,3.0044,3.0049,428271.83,0.0,0.0,0
15m,1754552700.0,3.0049,3.0078,2.9987,2.9999,272770.06,0.0,0.0,0
15m,1754553600.0,2.9999,3.01,2.999,3.0026,558730.07,0.0,0.0,0
15m,1754554500.0,3.0026,3.0074,2.9993,3.0052,460103.67,0.0,0.0,0
15m,1754555400.0,3.0052,3.0053,2.9936,2.9975,289713.24,0.0,0.0,0
15m,1754556300.0,2.9975,2.9994,2.9949,2.9971,311311.64,0.0,0.0,0
15m,1754557200.0,2.9971,2.9985,2.9882,2.9902,312060.87,0.0,0.0,0
15m,1754558100.0,2.9902,3.0044,2.9893,3.0043,290662.07,0.0,0.0,0
15m,1754559000.0,3.0043,3.0068,2.9993,3.0026,303115.02,0.0,0.0,0
15m,1754559900.0,3.0026,3.0078,2.9991,3.0071,267609.55,0.0,0.0,0
15m,1754560800.0,3.0071,3.0549,3.006,3.0529,2635197.94,0.0,0.0,0
15m,1754561700.0,3.0529,3.0589,3.0428,3.0588,984780.57,0.0,0.0,0
15m,1754562600.0,3.0588,3.076,3.0577,3.0752,1201394.67,0.0,0.0,0
15m,1754563500.0,3.0752,3.0755,3.0644,3.0701,934616.77,0.0,0.0,0
15m,1754564400.0,3.0701,3.0831,3.0664,3.0821,973961.8,0.0,0.0,0
15m,1754565300.0,3.0821,3.0882,3.0761,3.0858,966765.16,0.0,0.0,0
15m,1754566200.0,3.0858,3.0859,3.0715,3.0772,921297.36,0.0,0.0,0
15m,1754567100.0,3.0772,3.087,3.0756,3.0795,737853.13,0.0,0.0,0
15m,1754568000.0,3.0795,3.0857,3.0703,3.0739,1117231.74,0.0,0.0,0
15m,1754568900.0,3.0739,3.0758,3.0633,3.0712,1120625.91,0.0,0.0,0
15m,1754569800.0,3.0712,3.0779,3.0646,3.0751,734912.98,0.0,0.0,0
15m,1754570700.0,3.0751,3.0813,3.0609,3.0776,779561.15,0.0,0.0,0
15m,1754571600.0,3.0776,3.0789,3.0722,3.0735,845571.52,0.0,0.0,0
15m,1754572500.0,3.0735,3.077,3.0688,3.0721,655075.78,0.0,0.0,0
15m,1754573400.0,3.0721,3.0848,3.0671,3.0772,994150.37,0.0,0.0,0
15m,1754574300.0,3.0772,3.0772,3.0666,3.0711,631614.29,0.0,0.0,0
15m,1754575200.0,3.0711,3.0723,3.0561,3.0574,656743.33,0.0,0.0,0
15m,1754576100.0,3.0574,3.0678,3.0563,3.0577,789004.38,0.0,0.0,0
15m,1754577000.0,3.0577,3.0623,3.0488,3.0525,748316.53,0.0,0.0,0
15m,1754577900.0,3.0525,3.0544,3.0441,3.0486,672820.35,0.0,0.0,0
15m,1754578800.0,3.0486,3.0502,3.0411,3.0453,525877.42,0.0,0.0,0
15m,1754579700.0,3.0453,3.057,3.042,3.0514,405496.67,0.0,0.0,0
15m,1754580600.0,3.0514,3.0658,3.0502,3.0656,898581.61,0.0,0.0,0
15m,1754581500.0,3.0656,3.0662,3.0575,3.0627,991946.87,0.0,0.0,0
15m,1754582400.0,3.0627,3.0664,3.057,3.0596,633107.04,0.0,0.0,0
15m,1754583300.0,3.0596,3.0617,3.0509,3.0562,307328.23,0.0,0.0,0
15m,1754584200.0,3.0562,3.0587,3.0341,3.0344,401452.61,0.0,0.0,0
15m,1754585100.0,3.0344,3.0407,3.0093,3.0377,1527649.76,0.0,0.0,0
15m,1754586000.0,3.0377,3.0434,3.0292,3.0368,743697.49,0.0,0.0,0
15m,1754586900.0,3.0368,3.0425,3.0345,3.0382,478949.27,0.0,0.0,0
15m,1754587800.0,3.0382,3.0467,3.0328,3.0464,213142.06,0.0,0.0,0
15m,1754588700.0,3.0464,3.0536,3.0446,3.0497,264658.8,0.0,0.0,0
15m,1754589600.0,3.0497,3.0537,3.0406,3.0437,625691.52,0.0,0.0,0
15m,1754590500.0,3.0437,3.0517,3.0398,3.0505,281687.67,0.0,0.0,0
15m,1754591400.0,3.0505,3.0514,3.0442,3.0442,153958.92,0.0,0.0,0
15m,1754592300.0,3.0442,3.0572,3.0436,3.0535,236066.88,0.0,0.0,0
15m,1754593200.0,3.0535,3.0583,3.0519,3.0571,345751.39,0.0,0.0,0
15m,1754594100.0,3.0571,3.0608,3.0541,3.0607,207080.54,0.0,0.0,0
15m,1754595000.0,3.0607,3.0735,3.0587,3.0735,909023.23,0.0,0.0,0
15m,1754595900.0,3.0735,3.102,3.0735,3.1016,1611702.76,0.0,0.0,0
15m,1754596800.0,3.1016,3.1209,3.1006,3.1058,2155266.63,0.0,0.0,0
15m,1754597700.0,3.1058,3.12,3.1017,3.1151,1153194.94,0.0,0.0,0
15m,1754598600.0,3.1151,3.118,3.1104,3.1104,486346.1,0.0,0.0,0
15m,1754599500.0,3.1104,3.1132,3.1039,3.1107,856381.37,0.0,0.0,0
15m,1754600400.0,3.1107,3.1115,3.103,3.1062,557621.19,0.0,0.0,0
15m,1754601300.0,3.1062,3.179,3.1062,3.179,2998891.55,0.0,0.0,0
15m,1754602200.0,3.179,3.2486,3.1735,3.2403,5329123.83,0.0,0.0,0
15m,1754603100.0,3.2403,3.2987,3.2197,3.2495,3577258.62,0.0,0.0,0
15m,1754604000.0,3.2495,3.2821,3.244,3.2711,3204242.41,0.0,0.0,0
15m,1754604900.0,3.2711,3.291,3.2621,3.2798,3003119.09,0.0,0.0,0
15m,1754605800.0,3.2798,3.2835,3.26,3.2813,1334602.98,0.0,0.0,0
15m,1754606700.0,3.2813,3.3314,3.2783,3.3252,3468031.67,0.0,0.0,0
15m,1754607600.0,3.3252,3.3335,3.2793,3.2836,2442507.46,0.0,0.0,0
15m,1754608500.0,3.2836,3.3079,3.2791,3.307,1192775.34,0.0,0.0,0
15m,1754609400.0,3.307,3.3257,3.299,3.3171,1811255.37,0.0,0.0,0
15m,1754610300.0,3.3171,3.3308,3.3068,3.3194,1355126.7,0.0,0.0,0
15m,1754611200.0,3.3194,3.3371,3.2891,3.3314,3046399.56,0.0,0.0,0
15m,1754612100.0,3.3314,3.337,3.2875,3.3148,3438862.06,0.0,0.0,0
15m,1754613000.0,3.3148,3.3346,3.2926,3.3042,2813532.57,0.0,0.0,0
15m,1754613900.0,3.3042,3.3251,3.2977,3.2983,1760116.47,0.0,0.0,0
15m,1754614800.0,3.2983,3.304,3.27,3.297,1956484.84,0.0,0.0,0
15m,1754615700.0,3.297,3.3073,3.2751,3.3001,2278640.16,0.0,0.0,0
15m,1754616600.0,3.3001,3.3063,3.2874,3.2912,1257720.0,0.0,0.0,0
15m,1754617500.0,3.2912,3.3216,3.2868,3.3198,2108151.63,0.0,0.0,0
15m,1754618400.0,3.3198,3.3227,3.3081,3.3187,1858972.76,0.0,0.0,0
15m,1754619300.0,3.3187,3.3253,3.3052,3.319,1564902.87,0.0,0.0,0
15m,1754620200.0,3.319,3.3329,3.3173,3.3318,1352523.32,0.0,0.0,0
15m,1754621100.0,3.3318,3.3498,3.3318,3.3416,1946841.0,0.0,0.0,0
15m,1754622000.0,3.3416,3.3762,3.3312,3.3633,1702630.48,0.0,0.0,0
15m,1754622900.0,3.3633,3.3724,3.3558,3.3651,1967368.58,0.0,0.0,0
15m,1754623800.0,3.3651,3.3717,3.3493,3.3672,854566.06,0.0,0.0,0
15m,1754624700.0,3.3672,3.3761,3.3571,3.3761,942628.24,0.0,0.0,0
15m,1754625600.0,3.3761,3.3824,3.342,3.3531,1512359.45,0.0,0.0,0
15m,1754626500.0,3.3531,3.3617,3.3411,3.3607,957597.34,0.0,0.0,0
15m,1754627400.0,3.3607,3.3774,3.359,3.3723,1742365.06,0.0,0.0,0
15m,1754628300.0,3.3723,3.3738,3.3487,3.3505,919894.64,0.0,0.0,0
15m,1754629200.0,3.3505,3.3521,3.3316,3.3399,1495110.3,0.0,0.0,0
15m,1754630100.0,3.3399,3.3487,3.3253,3.3291,1693684.52,0.0,0.0,0
15m,1754631000.0,3.3291,3.33,3.3133,3.3189,3041382.79,0.0,0.0,0
15m,1754631900.0,3.3189,3.3219,3.3089,3.3163,931988.81,0.0,0.0,0
15m,1754632800.0,3.3163,3.3337,3.3065,3.3296,1107989.83,0.0,0.0,0
15m,1754633700.0,3.3296,3.3406,3.3227,3.3369,626653.09,0.0,0.0,0
15m,1754634600.0,3.3369,3.3454,3.3326,3.3448,747991.08,0.0,0.0,0
15m,1754635500.0,3.3448,3.3501,3.3352,3.349,468964.85,0.0,0.0,0
15m,1754636400.0,3.349,3.3519,3.3294,3.3381,756234.26,0.0,0.0,0
15m,1754637300.0,3.3381,3.3499,3.3257,3.3397,898726.57,0.0,0.0,0
15m,1754638200.0,3.3397,3.3534,3.3391,3.3471,684198.91,0.0,0.0,0
15m,1754639100.0,3.3471,3.3606,3.3452,3.3559,689580.97,0.0,0.0,0
15m,1754640000.0,3.3559,3.3599,3.352,3.3561,565751.13,0.0,0.0,0
15m,1754640900.0,3.3561,3.3612,3.3422,3.3509,846645.93,0.0,0.0,0
15m,1754641800.0,3.3509,3.351,3.3323,3.3387,959814.8,0.0,0.0,0
15m,1754642700.0,3.3387,3.3391,3.3228,3.3367,683698.05,0.0,0.0,0
15m,1754643600.0,3.3367,3.3407,3.3331,3.3371,4312777.03,0.0,0.0,0
15m,1754644500.0,3.3371,3.3403,3.3138,3.3195,1357755.15,0.0,0.0,0
15m,1754645400.0,3.3195,3.3225,3.3116,3.3179,3010737.01,0.0,0.0,0
15m,1754646300.0,3.3179,3.3299,3.3179,3.3274,1822601.7,0.0,0.0,0
15m,1754647200.0,3.3274,3.3328,3.3174,3.3196,858952.69,0.0,0.0,0
15m,1754648100.0,3.3196,3.3216,3.3051,3.3097,581904.57,0.0,0.0,0
15m,1754649000.0,3.3097,3.3221,3.3055,3.3126,713441.28,0.0,0.0,0
15m,1754649900.0,3.3126,3.3146,3.3024,3.3095,388494.13,0.0,0.0,0
15m,1754650800.0,3.3095,3.3242,3.3092,3.3227,966749.14,0.0,0.0,0
15m,1754651700.0,3.3227,3.3298,3.3225,3.325,515532.78,0.0,0.0,0
15m,1754652600.0,3.325,3.3375,3.3247,3.33,435062.58,0.0,0.0,0
15m,1754653500.0,3.33,3.3378,3.3296,3.3361,264662.37,0.0,0.0,0
15m,1754654400.0,3.3361,3.3377,3.3089,3.3204,597352.96,0.0,0.0,0
15m,1754655300.0,3.3204,3.327,3.3112,3.3157,694919.64,0.0,0.0,0
15m,1754656200.0,3.3157,3.3317,3.308,3.3284,517509.47,0.0,0.0,0
15m,1754657100.0,3.3284,3.3333,3.3146,3.3209,1010228.36,0.0,0.0,0
15m,1754658000.0,3.3209,3.3294,3.3204,3.3204,367583.11,0.0,0.0,0
15m,1754658900.0,3.3204,3.3317,3.3161,3.3317,467038.58,0.0,0.0,0
15m,1754659800.0,3.3317,3.3389,3.3139,3.3346,715649.15,0.0,0.0,0
15m,1754660700.0,3.3346,3.3561,3.3346,3.351,1172686.14,0.0,0.0,0
15m,1754661600.0,3.351,3.3726,3.3251,3.3355,1819827.97,0.0,0.0,0
15m,1754662500.0,3.3355,3.3375,3.3128,3.3243,2073254.06,0.0,0.0,0
15m,1754663400.0,3.3243,3.326,3.2734,3.2856,2233502.94,0.0,0.0,0
15m,1754664300.0,3.2856,3.2968,3.2732,3.2803,1636973.17,0.0,0.0,0
15m,1754665200.0,3.2803,3.2814,3.2247,3.2413,3399941.43,0.0,0.0,0
15m,1754666100.0,3.2413,3.246,3.2309,3.2362,917357.25,0.0,0.0,0
15m,1754667000.0,3.2362,3.2401,3.2053,3.2111,2474080.11,0.0,0.0,0
15m,1754667900.0,3.2111,3.2267,3.21,3.2216,1495974.06,0.0,0.0,0
15m,1754668800.0,3.2216,3.2478,3.2201,3.2314,1818796.41,0.0,0.0,0
15m,1754669700.0,3.2314,3.246,3.2257,3.2426,486802.36,0.0,0.0,0
15m,1754670600.0,3.2426,3.2446,3.2315,3.2346,508802.64,0.0,0.0,0
15m,1754671500.0,3.2346,3.2477,3.2332,3.2468,716415.58,0.0,0.0,0
15m,1754672400.0,3.2468,3.263,3.2458,3.2608,696106.44,0.0,0.0,0
15m,1754673300.0,3.2608,3.2672,3.2531,3.2623,591424.35,0.0,0.0,0
15m,1754674200.0,3.2623,3.288,3.2615,3.283,1768288.36,0.0,0.0,0
15m,1754675100.0,3.283,3.294,3.2764,3.2935,741518.73,0.0,0.0,0
15m,1754676000.0,3.2935,3.2967,3.2835,3.288,770183.61,0.0,0.0,0
15m,1754676900.0,3.288,3.293,3.2785,3.2849,665858.58,0.0,0.0,0
15m,1754677800.0,3.2849,3.2947,3.2727,3.2798,532967.95,0.0,0.0,0
15m,1754678700.0,3.2798,3.2807,3.2622,3.2765,849382.56,0.0,0.0,0
15m,1754679600.0,3.2765,3.2813,3.2708,3.2768,419413.13,0.0,0.0,0
15m,1754680500.0,3.2768,3.2932,3.2766,3.2893,544730.36,0.0,0.0,0
15m,1754681400.0,3.2893,3.2991,3.2858,3.2961,556997.89,0.0,0.0,0
15m,1754682300.0,3.2961,3.34,3.2909,3.339,1939371.3,0.0,0.0,0
15m,1754683200.0,3.339,3.3392,3.3055,3.3066,1114456.81,0.0,0.0,0
15m,1754684100.0,3.3066,3.3142,3.2967,3.308,380252.56,0.0,0.0,0
15m,1754685000.0,3.308,3.3142,3.302,3.3058,249021.94,0.0,0.0,0
15m,1754685900.0,3.3058,3.32,3.3001,3.3118,589890.0,0.0,0.0,0
15m,1754686800.0,3.3118,3.3149,3.304,3.3137,476637.07,0.0,0.0,0
15m,1754687700.0,3.3137,3.3137,3.3018,3.3032,134479.08,0.0,0.0,0
15m,1754688600.0,3.3032,3.3119,3.3032,3.3104,132175.39,0.0,0.0,0
15m,1754689500.0,3.3104,3.3104,3.304,3.304,95520.5,0.0,0.0,0
15m,1754690400.0,3.304,3.304,3.2866,3.2966,440311.13,0.0,0.0,0
15m,1754691300.0,3.2966,3.3032,3.2949,3.3005,182216.4,0.0,0.0,0
15m,1754692200.0,3.3005,3.3011,3.2922,3.2948,216820.89,0.0,0.0,0
15m,1754693100.0,3.2948,3.2987,3.2869,3.2883,358099.9,0.0,0.0,0
15m,1754694000.0,3.2883,3.2989,3.2857,3.2983,302363.28,0.0,0.0,0
15m,1754694900.0,3.2983,3.3009,3.2852,3.2859,200238.04,0.0,0.0,0
15m,1754695800.0,3.2859,3.2874,3.2789,3.2849,319900.1,0.0,0.0,0
15m,1754696700.0,3.2849,3.2927,3.283,3.2859,344381.59,0.0,0.0,0
15m,1754697600.0,3.2859,3.2955,3.2804,3.2955,428452.76,0.0,0.0,0
15m,1754698500.0,3.2955,3.2996,3.2883,3.2908,337984.53,0.0,0.0,0
15m,1754699400.0,3.2908,3.2926,3.2842,3.288,247432.44,0.0,0.0,0
15m,1754700300.0,3.288,3.2986,3.2863,3.2979,402623.81,0.0,0.0,0
15m,1754701200.0,3.2979,3.3027,3.2944,3.2953,283856.72,0.0,0.0,0
15m,1754702100.0,3.2953,3.2972,3.2873,3.2934,217050.29,0.0,0.0,0
15m,1754703000.0,3.2934,3.3079,3.2926,3.3069,391392.32,0.0,0.0,0
15m,1754703900.0,3.3069,3.3139,3.3023,3.305,266386.2,0.0,0.0,0
15m,1754704800.0,3.305,3.305,3.2936,3.3013,206977.53,0.0,0.0,0
15m,1754705700.0,3.3013,3.3062,3.299,3.3019,134095.52,0.0,0.0,0
15m,1754706600.0,3.3019,3.3051,3.296,3.3026,134554.1,0.0,0.0,0
15m,1754707500.0,3.3026,3.3064,3.2984,3.3044,322731.16,0.0,0.0,0
15m,1754708400.0,3.3044,3.3081,3.2998,3.3071,391523.14,0.0,0.0,0
15m,1754709300.0,3.3071,3.3076,3.3015,3.3029,194668.91,0.0,0.0,0
15m,1754710200.0,3.3029,3.3036,3.2965,3.2982,197464.65,0.0,0.0,0
15m,1754711100.0,3.2982,3.2982,3.2895,3.2909,291787.06,0.0,0.0,0
15m,1754712000.0,3.2909,3.299,3.2877,3.2984,278183.49,0.0,0.0,0
15m,1754712900.0,3.2984,3.2996,3.29,3.2919,277561.82,0.0,0.0,0
15m,1754713800.0,3.2919,3.308,3.2905,3.2968,403549.12,0.0,0.0,0
15m,1754714700.0,3.2968,3.304,3.2931,3.2994,416461.35,0.0,0.0,0
15m,1754715600.0,3.2994,3.3244,3.2962,3.3129,1592322.25,0.0,0.0,0
15m,1754716500.0,3.3129,3.3324,3.3117,3.3293,925595.63,0.0,0.0,0
15m,1754717400.0,3.3293,3.3355,3.3148,3.3193,1693866.45,0.0,0.0,0
15m,1754718300.0,3.3193,3.3285,3.3129,3.3145,699948.64,0.0,0.0,0
15m,1754719200.0,3.3145,3.3165,3.3021,3.3042,672338.09,0.0,0.0,0
15m,1754720100.0,3.3042,3.3107,3.299,3.305,470726.58,0.0,0.0,0
15m,1754721000.0,3.305,3.3069,3.2973,3.2994,354315.55,0.0,0.0,0
15m,1754721900.0,3.2994,3.3061,3.2977,3.3049,374460.13,0.0,0.0,0
15m,1754722800.0,3.3049,3.315,3.3007,3.3122,590811.7,0.0,0.0,0
15m,1754723700.0,3.3122,3.3184,3.3121,3.317,285588.1,0.0,0.0,0
15m,1754724600.0,3.317,3.3207,3.3124,3.3205,529158.33,0.0,0.0,0
15m,1754725500.0,3.3205,3.325,3.3171,3.3208,548642.12,0.0,0.0,0
15m,1754726400.0,3.3208,3.3236,3.3155,3.3171,608499.9,0.0,0.0,0
15m,1754727300.0,3.3171,3.3257,3.3143,3.325,682223.53,0.0,0.0,0
15m,1754728200.0,3.325,3.3292,3.3195,3.3292,545166.29,0.0,0.0,0
15m,1754729100.0,3.3292,3.3292,3.3124,3.3217,645842.12,0.0,0.0,0
15m,1754730000.0,3.3217,3.3305,3.3198,3.3295,614992.33,0.0,0.0,0
15m,1754730900.0,3.3295,3.3437,3.3256,3.3355,1377442.64,0.0,0.0,0
15m,1754731800.0,3.3355,3.3451,3.331,3.3391,1071250.81,0.0,0.0,0
15m,1754732700.0,3.3391,3.3479,3.3352,3.3357,821791.38,0.0,0.0,0
15m,1754733600.0,3.3357,3.3444,3.3333,3.3443,490207.58,0.0,0.0,0
15m,1754734500.0,3.3443,3.3468,3.3324,3.3329,425622.17,0.0,0.0,0
15m,1754735400.0,3.3329,3.3363,3.3269,3.3278,411427.13,0.0,0.0,0
15m,1754736300.0,3.3278,3.3374,3.3278,3.3335,521167.86,0.0,0.0,0
15m,1754737200.0,3.3335,3.3342,3.3168,3.3174,420529.27,0.0,0.0,0
15m,1754738100.0,3.3174,3.3277,3.3174,3.3245,216639.46,0.0,0.0,0
15m,1754739000.0,3.3245,3.3245,3.3066,3.3119,521076.36,0.0,0.0,0
15m,1754739900.0,3.3119,3.3144,3.305,3.3094,214129.09,0.0,0.0,0
15m,1754740800.0,3.3094,3.3183,3.3032,3.3179,255450.29,0.0,0.0,0
15m,1754741700.0,3.3179,3.3276,3.316,3.3266,294003.62,0.0,0.0,0
15m,1754742600.0,3.3266,3.3266,3.3146,3.3178,277631.19,0.0,0.0,0
15m,1754743500.0,3.3178,3.3268,3.3173,3.3251,168966.35,0.0,0.0,0
15m,1754744400.0,3.3251,3.327,3.2952,3.2993,616452.99,0.0,0.0,0
15m,1754745300.0,3.2993,3.3052,3.2915,3.2977,958705.2,0.0,0.0,0
15m,1754746200.0,3.2977,3.2981,3.2768,3.2915,918715.68,0.0,0.0,0
15m,1754747100.0,3.2915,3.2915,3.2771,3.2773,565108.59,0.0,0.0,0
15m,1754748000.0,3.2773,3.2855,3.2474,3.2845,1691484.4,0.0,0.0,0
15m,1754748900.0,3.2845,3.2923,3.2733,3.2901,391792.77,0.0,0.0,0
15m,1754749800.0,3.2901,3.2932,3.2853,3.2881,387576.38,0.0,0.0,0
15m,1754750700.0,3.2881,3.2958,3.2809,3.2958,465582.34,0.0,0.0,0
15m,1754751600.0,3.2958,3.2962,3.282,3.2883,336240.3,0.0,0.0,0
15m,1754752500.0,3.2883,3.2955,3.2639,3.2744,1510884.52,0.0,0.0,0
15m,1754753400.0,3.2744,3.2782,3.2664,3.2738,571504.59,0.0,0.0,0
15m,1754754300.0,3.2738,3.2796,3.2701,3.2729,239248.64,0.0,0.0,0
15m,1754755200.0,3.2729,3.2819,3.2726,3.2818,309220.6,0.0,0.0,0
15m,1754756100.0,3.2818,3.2867,3.275,3.2764,376627.74,0.0,0.0,0
15m,1754757000.0,3.2764,3.2822,3.2663,3.2781,309177.8,0.0,0.0,0
15m,1754757900.0,3.2781,3.2825,3.2699,3.2723,235148.8,0.0,0.0,0
15m,1754758800.0,3.2723,3.282,3.2668,3.2818,268724.87,0.0,0.0,0
15m,1754759700.0,3.2818,3.2906,3.2805,3.2879,185936.58,0.0,0.0,0
15m,1754760600.0,3.2879,3.298,3.2837,3.291,825061.24,0.0,0.0,0
15m,1754761500.0,3.291,3.291,3.2829,3.2844,432018.81,0.0,0.0,0
15m,1754762400.0,3.2844,3.2844,3.2768,3.282,416806.53,0.0,0.0,0
15m,1754763300.0,3.282,3.2895,3.2798,3.2857,232320.58,0.0,0.0,0
15m,1754764200.0,3.2857,3.2878,3.2789,3.2818,283566.19,0.0,0.0,0
15m,1754765100.0,3.2818,3.2878,3.2785,3.2847,253450.79,0.0,0.0,0
15m,1754766000.0,3.2847,3.2941,3.2816,3.289,154261.09,0.0,0.0,0
15m,1754766900.0,3.289,3.2893,3.2729,3.2775,218069.43,0.0,0.0,0
15m,1754767800.0,3.2775,3.2797,3.2625,3.2682,468786.43,0.0,0.0,0
15m,1754768700.0,3.2682,3.2722,3.2587,3.2649,511507.43,0.0,0.0,0
15m,1754769600.0,3.2649,3.266,3.2542,3.2586,389590.45,0.0,0.0,0
15m,1754770500.0,3.2586,3.2746,3.2513,3.2728,671584.65,0.0,0.0,0
15m,1754771400.0,3.2728,3.2757,3.2613,3.2659,371980.53,0.0,0.0,0
15m,1754772300.0,3.2659,3.2679,3.2533,3.2588,364284.09,0.0,0.0,0
15m,1754773200.0,3.2588,3.2661,3.2517,3.2574,463563.11,0.0,0.0,0
15m,1754774100.0,3.2574,3.2576,3.2367,3.2398,652143.07,0.0,0.0,0
15m,1754775000.0,3.2398,3.2503,3.233,3.2443,504749.58,0.0,0.0,0
15m,1754775900.0,3.2443,3.2593,3.244,3.2487,216917.85,0.0,0.0,0
15m,1754776800.0,3.2487,3.2521,3.2417,3.2451,404162.87,0.0,0.0,0
15m,1754777700.0,3.2451,3.2629,3.2397,3.2567,557630.94,0.0,0.0,0
15m,1754778600.0,3.2567,3.2567,3.221,3.2245,1287823.95,0.0,0.0,0
15m,1754779500.0,3.2245,3.2297,3.2081,3.2256,508385.43,0.0,0.0,0
15m,1754780400.0,3.2256,3.2319,3.2137,3.218,464213.8,0.0,0.0,0
15m,1754781300.0,3.218,3.2319,3.2168,3.2208,283988.99,0.0,0.0,0
15m,1754782200.0,3.2208,3.2339,3.2186,3.2304,253307.34,0.0,0.0,0
15m,1754783100.0,3.2304,3.2325,3.2236,3.2256,273242.09,0.0,0.0,0
15m,1754784000.0,3.2256,3.2404,3.2251,3.2402,861101.71,0.0,0.0,0
15m,1754784900.0,3.2402,3.2427,3.2352,3.2408,495753.06,0.0,0.0,0
15m,1754785800.0,3.2408,3.2447,3.2359,3.2434,252915.1,0.0,0.0,0
15m,1754786700.0,3.2434,3.2443,3.2287,3.2336,979792.65,0.0,0.0,0
15m,1754787600.0,3.2336,3.2399,3.2187,3.2228,315107.31,0.0,0.0,0
15m,1754788500.0,3.2228,3.2313,3.2216,3.2274,207205.2,0.0,0.0,0
15m,1754789400.0,3.2274,3.2384,3.2271,3.2358,251135.84,0.0,0.0,0
15m,1754790300.0,3.2358,3.2383,3.2301,3.2369,150101.87,0.0,0.0,0
15m,1754791200.0,3.2369,3.2437,3.2337,3.2426,184401.23,0.0,0.0,0
15m,1754792100.0,3.2426,3.2485,3.2384,3.2463,281314.02,0.0,0.0,0
15m,1754793000.0,3.2463,3.2467,3.2272,3.2297,208734.0,0.0,0.0,0
15m,1754793900.0,3.2297,3.2439,3.2297,3.2421,188953.21,0.0,0.0,0
15m,1754794800.0,3.2421,3.2525,3.2387,3.2525,341679.15,0.0,0.0,0
15m,1754795700.0,3.2525,3.2629,3.2444,3.2588,905186.51,0.0,0.0,0
15m,1754796600.0,3.2588,3.266,3.2506,3.2613,587258.32,0.0,0.0,0
15m,1754797500.0,3.2613,3.2615,3.2524,3.2584,582211.69,0.0,0.0,0
15m,1754798400.0,3.2584,3.2628,3.2504,3.2603,351201.93,0.0,0.0,0
15m,1754799300.0,3.2603,3.267,3.2571,3.2622,342162.75,0.0,0.0,0
15m,1754800200.0,3.2622,3.2735,3.2617,3.2711,481833.12,0.0,0.0,0
15m,1754801100.0,3.2711,3.279,3.2706,3.2735,560514.35,0.0,0.0,0
15m,1754802000.0,3.2735,3.2742,3.2562,3.2615,286265.77,0.0,0.0,0
15m,1754802900.0,3.2615,3.2627,3.2471,3.2482,544626.39,0.0,0.0,0
15m,1754803800.0,3.2482,3.2672,3.2471,3.2665,138336.76,0.0,0.0,0
15m,1754804700.0,3.2665,3.2673,3.2541,3.2565,190020.85,0.0,0.0,0
15m,1754805600.0,3.2565,3.2634,3.252,3.2596,121827.78,0.0,0.0,0
15m,1754806500.0,3.2596,3.2596,3.2363,3.2388,618222.13,0.0,0.0,0
15m,1754807400.0,3.2388,3.2514,3.2359,3.2474,282574.3,0.0,0.0,0
15m,1754808300.0,3.2474,3.2539,3.243,3.2487,238721.0,0.0,0.0,0
15m,1754809200.0,3.2487,3.2539,3.2473,3.2488,175035.01,0.0,0.0,0
15m,1754810100.0,3.2488,3.2489,3.2346,3.2354,237468.89,0.0,0.0,0
15m,1754811000.0,3.2354,3.2384,3.1629,3.1675,2936760.82,0.0,0.0,0
15m,1754811900.0,3.1675,3.1911,3.1614,3.1874,1461179.93,0.0,0.0,0
15m,1754812800.0,3.1874,3.1884,3.1527,3.177,1379350.24,0.0,0.0,0
15m,1754813700.0,3.177,3.1957,3.1751,3.1957,456443.8,0.0,0.0,0
15m,1754814600.0,3.1957,3.1976,3.1887,3.1952,534809.65,0.0,0.0,0
15m,1754815500.0,3.1952,3.2116,3.1952,3.2084,408811.05,0.0,0.0,0
15m,1754816400.0,3.2084,3.2133,3.2058,3.2091,278658.37,0.0,0.0,0
15m,1754817300.0,3.2091,3.215,3.2061,3.208,175961.72,0.0,0.0,0
15m,1754818200.0,3.208,3.2153,3.2061,3.2094,97392.78,0.0,0.0,0
15m,1754819100.0,3.2094,3.2197,3.2091,3.2143,554293.15,0.0,0.0,0
15m,1754820000.0,3.2143,3.2166,3.202,3.202,176329.73,0.0,0.0,0
15m,1754820900.0,3.202,3.2095,3.192,3.1927,147826.55,0.0,0.0,0
15m,1754821800.0,3.1927,3.2039,3.1812,3.2019,273039.5,0.0,0.0,0
15m,1754822700.0,3.2019,3.2078,3.1896,3.1896,477149.93,0.0,0.0,0
15m,1754823600.0,3.1896,3.1915,3.1774,3.1898,1243501.57,0.0,0.0,0
15m,1754824500.0,3.1898,3.196,3.184,3.1931,530237.53,0.0,0.0,0
15m,1754825400.0,3.1931,3.2036,3.1874,3.1973,561760.08,0.0,0.0,0
15m,1754826300.0,3.1973,3.2028,3.1887,3.1914,206094.28,0.0,0.0,0
15m,1754827200.0,3.1914,3.1968,3.1848,3.1876,165029.72,0.0,0.0,0
15m,1754828100.0,3.1876,3.1904,3.1802,3.1837,212701.12,0.0,0.0,0
15m,1754829000.0,3.1837,3.1948,3.1823,3.1917,188416.94,0.0,0.0,0
15m,1754829900.0,3.1917,3.1956,3.1834,3.1886,258890.36,0.0,0.0,0
15m,1754830800.0,3.1886,3.1961,3.1879,3.191,90346.06,0.0,0.0,0
15m,1754831700.0,3.191,3.1937,3.1827,3.1882,142597.56,0.0,0.0,0
15m,1754832600.0,3.1882,3.1891,3.1696,3.1765,415394.87,0.0,0.0,0
15m,1754833500.0,3.1765,3.1812,3.1624,3.1638,270753.75,0.0,0.0,0
15m,1754834400.0,3.1638,3.1771,3.1568,3.1749,426835.28,0.0,0.0,0
15m,1754835300.0,3.1749,3.1899,3.1732,3.1863,564527.02,0.0,0.0,0
15m,1754836200.0,3.1863,3.205,3.1851,3.2,449025.19,0.0,0.0,0
15m,1754837100.0,3.2,3.2044,3.194,3.2009,264232.99,0.0,0.0,0
15m,1754838000.0,3.2009,3.203,3.1939,3.1987,262666.64,0.0,0.0,0
15m,1754838900.0,3.1987,3.2022,3.1863,3.1979,331532.59,0.0,0.0,0
15m,1754839800.0,3.1979,3.1979,3.185,3.1908,165076.41,0.0,0.0,0
15m,1754840700.0,3.1908,3.1967,3.1797,3.1848,286095.19,0.0,0.0,0
15m,1754841600.0,3.1848,3.1958,3.1818,3.1904,331653.31,0.0,0.0,0
15m,1754842500.0,3.1904,3.1984,3.1896,3.1952,274245.77,0.0,0.0,0
15m,1754843400.0,3.1952,3.2005,3.1934,3.1977,328347.6,0.0,0.0,0
15m,1754844300.0,3.1977,3.2011,3.1929,3.1976,139229.6,0.0,0.0,0
15m,1754845200.0,3.1976,3.1986,3.1903,3.1903,335553.67,0.0,0.0,0
15m,1754846100.0,3.1903,3.1923,3.1818,3.1851,179726.03,0.0,0.0,0
15m,1754847000.0,3.1851,3.1958,3.1851,3.1937,135849.37,0.0,0.0,0
15m,1754847900.0,3.1937,3.2003,3.192,3.1977,187536.36,0.0,0.0,0
15m,1754848800.0,3.1977,3.2004,3.1952,3.1983,131309.8,0.0,0.0,0
15m,1754849700.0,3.1983,3.1983,3.1942,3.1946,61396.56,0.0,0.0,0
15m,1754850600.0,3.1946,3.2031,3.1935,3.202,106590.52,0.0,0.0,0
15m,1754851500.0,3.202,3.2089,3.1993,3.2079,150455.49,0.0,0.0,0
15m,1754852400.0,3.2079,3.2143,3.2021,3.2138,455704.41,0.0,0.0,0
15m,1754853300.0,3.2138,3.2144,3.2044,3.2051,347217.42,0.0,0.0,0
15m,1754854200.0,3.2051,3.2122,3.2038,3.2077,238448.09,0.0,0.0,0
15m,1754855100.0,3.2077,3.211,3.206,3.2065,209142.85,0.0,0.0,0
15m,1754856000.0,3.2065,3.2084,3.1906,3.2012,414860.31,0.0,0.0,0
15m,1754856900.0,3.2012,3.2035,3.1773,3.184,1011289.18,0.0,0.0,0
15m,1754857800.0,3.184,3.1987,3.179,3.1981,323804.4,0.0,0.0,0
15m,1754858700.0,3.1981,3.1983,3.1825,3.1856,308987.08,0.0,0.0,0
15m,1754859600.0,3.1856,3.1863,3.1685,3.1736,585065.18,0.0,0.0,0
15m,1754860500.0,3.1736,3.1855,3.1644,3.1645,452291.66,0.0,0.0,0
15m,1754861400.0,3.1645,3.1692,3.1582,3.1685,380428.42,0.0,0.0,0
15m,1754862300.0,3.1685,3.1847,3.1685,3.1827,194459.16,0.0,0.0,0
15m,1754863200.0,3.1827,3.1844,3.1682,3.1763,488427.55,0.0,0.0,0
15m,1754864100.0,3.1763,3.1931,3.1759,3.1805,337035.31,0.0,0.0,0
15m,1754865000.0,3.1805,3.1882,3.1796,3.1837,209270.58,0.0,0.0,0
15m,1754865900.0,3.1837,3.184,3.1718,3.1788,268508.48,0.0,0.0,0
15m,1754866800.0,3.1788,3.1857,3.1755,3.1755,209554.32,0.0,0.0,0
15m,1754867700.0,3.1755,3.1779,3.165,3.1764,349008.8,0.0,0.0,0
15m,1754868600.0,3.1764,3.1843,3.1731,3.1837,204830.05,0.0,0.0,0
15m,1754869500.0,3.1837,3.1921,3.1825,3.1871,217235.85,0.0,0.0,0
15m,1754870400.0,3.1871,3.1885,3.1722,3.1797,393670.91,0.0,0.0,0
15m,1754871300.0,3.1797,3.2021,3.178,3.2009,699429.21,0.0,0.0,0
15m,1754872200.0,3.2009,3.2059,3.189,3.2027,846758.13,0.0,0.0,0
15m,1754873100.0,3.2027,3.2045,3.1941,3.1941,370905.32,0.0,0.0,0
15m,1754874000.0,3.1941,3.2088,3.192,3.2062,273693.98,0.0,0.0,0
15m,1754874900.0,3.2062,3.2175,3.2031,3.2166,266226.37,0.0,0.0,0
15m,1754875800.0,3.2166,3.2322,3.2166,3.2212,562026.82,0.0,0.0,0
15m,1754876700.0,3.2212,3.2268,3.2177,3.2249,504025.63,0.0,0.0,0
15m,1754877600.0,3.2249,3.257,3.2232,3.2547,1685697.67,0.0,0.0,0
15m,1754878500.0,3.2547,3.2669,3.2493,3.2642,1397181.94,0.0,0.0,0
15m,1754879400.0,3.2642,3.2716,3.2567,3.2682,1138715.62,0.0,0.0,0
15m,1754880300.0,3.2682,3.2699,3.2621,3.2638,680525.53,0.0,0.0,0
15m,1754881200.0,3.2638,3.27,3.2491,3.2692,611173.26,0.0,0.0,0
15m,1754882100.0,3.2692,3.2749,3.2565,3.2596,657034.34,0.0,0.0,0
15m,1754883000.0,3.2596,3.2615,3.2517,3.2521,398067.14,0.0,0.0,0
15m,1754883900.0,3.2521,3.268,3.2517,3.2658,392391.44,0.0,0.0,0
15m,1754884800.0,3.2658,3.2774,3.2634,3.2746,323737.26,0.0,0.0,0
15m,1754885700.0,3.2746,3.2765,3.2608,3.2608,475089.88,0.0,0.0,0
15m,1754886600.0,3.2608,3.2671,3.2555,3.266,419950.86,0.0,0.0,0
15m,1754887500.0,3.266,3.2711,3.2579,3.2627,794287.3,0.0,0.0,0
15m,1754888400.0,3.2627,3.2818,3.2614,3.2812,867906.23,0.0,0.0,0
15m,1754889300.0,3.2812,3.2824,3.2751,3.2752,711830.06,0.0,0.0,0
15m,1754890200.0,3.2752,3.2781,3.2729,3.2729,514079.56,0.0,0.0,0
15m,1754891100.0,3.2729,3.2729,3.2627,3.2712,443632.99,0.0,0.0,0
15m,1754892000.0,3.2712,3.2824,3.2688,3.2702,751174.37,0.0,0.0,0
15m,1754892900.0,3.2702,3.2716,3.2602,3.2642,719686.47,0.0,0.0,0
15m,1754893800.0,3.2642,3.2755,3.2615,3.2743,495174.93,0.0,0.0,0
15m,1754894700.0,3.2743,3.2787,3.2689,3.2787,451607.5,0.0,0.0,0
15m,1754895600.0,3.2787,3.2887,3.2739,3.2742,678668.69,0.0,0.0,0
15m,1754896500.0,3.2742,3.2744,3.2621,3.2679,748730.79,0.0,0.0,0
15m,1754897400.0,3.2679,3.2691,3.2518,3.2588,788196.04,0.0,0.0,0
15m,1754898300.0,3.2588,3.2588,3.2337,3.2451,1123595.52,0.0,0.0,0
15m,1754899200.0,3.2451,3.259,3.2283,3.258,770227.86,0.0,0.0,0
15m,1754900100.0,3.258,3.3156,3.2558,3.3155,2838679.18,0.0,0.0,0
15m,1754901000.0,3.3155,3.3342,3.2977,3.3112,2817854.25,0.0,0.0,0
15m,1754901900.0,3.3112,3.3136,3.2946,3.2994,913652.88,0.0,0.0,0
15m,1754902800.0,3.2994,3.3213,3.2994,3.3137,746706.29,0.0,0.0,0
15m,1754903700.0,3.3137,3.3137,3.2952,3.2981,667980.26,0.0,0.0,0
15m,1754904600.0,3.2981,3.3023,3.2791,3.2877,839472.46,0.0,0.0,0
15m,1754905500.0,3.2877,3.2926,3.2711,3.2802,413366.23,0.0,0.0,0
15m,1754906400.0,3.2802,3.2816,3.2591,3.2666,1053024.37,0.0,0.0,0
15m,1754907300.0,3.2666,3.2835,3.2509,3.2771,638877.9,0.0,0.0,0
15m,1754908200.0,3.2771,3.2798,3.2602,3.2637,414160.48,0.0,0.0,0
15m,1754909100.0,3.2637,3.2683,3.2518,3.2559,814593.26,0.0,0.0,0
15m,1754910000.0,3.2559,3.2655,3.2402,3.2539,975715.84,0.0,0.0,0
15m,1754910900.0,3.2539,3.2539,3.2158,3.216,1227230.48,0.0,0.0,0
15m,1754911800.0,3.216,3.2464,3.2118,3.2429,1165903.32,0.0,0.0,0
15m,1754912700.0,3.2429,3.2442,3.2039,3.215,1564419.3,0.0,0.0,0
15m,1754913600.0,3.215,3.2316,3.2097,3.2214,896398.48,0.0,0.0,0
15m,1754914500.0,3.2214,3.2359,3.2154,3.2242,584493.89,0.0,0.0,0
15m,1754915400.0,3.2242,3.2364,3.1985,3.207,1653415.81,0.0,0.0,0
15m,1754916300.0,3.207,3.2117,3.1962,3.2075,1426316.7,0.0,0.0,0
15m,1754917200.0,3.2075,3.2092,3.1839,3.1923,1244259.51,0.0,0.0,0
15m,1754918100.0,3.1923,3.2067,3.185,3.19,633286.52,0.0,0.0,0
15m,1754919000.0,3.19,3.2239,3.1881,3.2207,1215388.12,0.0,0.0,0
15m,1754919900.0,3.2207,3.2254,3.2051,3.2177,762407.47,0.0,0.0,0
15m,1754920800.0,3.2177,3.2304,3.2011,3.2065,912735.12,0.0,0.0,0
15m,1754921700.0,3.2065,3.2193,3.2029,3.2171,605520.88,0.0,0.0,0
15m,1754922600.0,3.2171,3.2338,3.2111,3.2111,672881.84,0.0,0.0,0
15m,1754923500.0,3.2111,3.2124,3.1906,3.1948,911330.47,0.0,0.0,0
15m,1754924400.0,3.1948,3.1992,3.1775,3.1853,1221558.89,0.0,0.0,0
15m,1754925300.0,3.1853,3.1994,3.1787,3.181,654664.6,0.0,0.0,0
15m,1754926200.0,3.181,3.2026,3.1796,3.2016,518303.23,0.0,0.0,0
15m,1754927100.0,3.2016,3.2107,3.194,3.2089,986148.92,0.0,0.0,0
15m,1754928000.0,3.2089,3.2242,3.2063,3.212,1160041.11,0.0,0.0,0
15m,1754928900.0,3.212,3.2161,3.1981,3.2057,614045.83,0.0,0.0,0
15m,1754929800.0,3.2057,3.2139,3.184,3.1853,1022894.13,0.0,0.0,0
15m,1754930700.0,3.1853,3.1993,3.184,3.1875,362635.89,0.0,0.0,0
15m,1754931600.0,3.1875,3.2005,3.1857,3.1935,421997.4,0.0,0.0,0
15m,1754932500.0,3.1935,3.2291,3.1773,3.2225,1590104.22,0.0,0.0,0
15m,1754933400.0,3.2225,3.2227,3.1853,3.1891,672823.36,0.0,0.0,0
15m,1754934300.0,3.1891,3.1938,3.1772,3.1928,448095.82,0.0,0.0,0
15m,1754935200.0,3.1928,3.1944,3.163,3.189,1525287.06,0.0,0.0,0
15m,1754936100.0,3.189,3.199,3.181,3.1925,378281.31,0.0,0.0,0
15m,1754937000.0,3.1925,3.2077,3.1925,3.1957,276556.43,0.0,0.0,0
15m,1754937900.0,3.1957,3.21,3.1909,3.2072,186411.05,0.0,0.0,0
15m,1754938800.0,3.2072,3.2072,3.1931,3.1956,168074.01,0.0,0.0,0
15m,1754939700.0,3.1956,3.1993,3.1865,3.1936,200592.85,0.0,0.0,0
15m,1754940600.0,3.1936,3.1997,3.1824,3.1828,327564.36,0.0,0.0,0
15m,1754941500.0,3.1828,3.1843,3.1463,3.1487,1813456.14,0.0,0.0,0
15m,1754942400.0,3.1487,3.1514,3.1357,3.1427,1204431.46,0.0,0.0,0
15m,1754943300.0,3.1427,3.1587,3.1368,3.156,467672.15,0.0,0.0,0
15m,1754944200.0,3.156,3.163,3.1479,3.163,328785.96,0.0,0.0,0
15m,1754945100.0,3.163,3.1676,3.1588,3.1627,284985.91,0.0,0.0,0
15m,1754946000.0,3.1627,3.1705,3.1602,3.1656,377214.53,0.0,0.0,0
15m,1754946900.0,3.1656,3.1678,3.148,3.1606,211422.74,0.0,0.0,0
15m,1754947800.0,3.1606,3.1615,3.1206,3.1386,787845.96,0.0,0.0,0
15m,1754948700.0,3.1386,3.1412,3.118,3.1384,576800.76,0.0,0.0,0
15m,1754949600.0,3.1384,3.14,3.1233,3.1303,470849.11,0.0,0.0,0
15m,1754950500.0,3.1303,3.1413,3.1175,3.1294,532759.6,0.0,0.0,0
15m,1754951400.0,3.1294,3.1415,3.1237,3.1349,494561.99,0.0,0.0,0
15m,1754952300.0,3.1349,3.142,3.1339,3.1379,137051.13,0.0,0.0,0
15m,1754953200.0,3.1379,3.1462,3.1336,3.1437,350147.95,0.0,0.0,0
15m,1754954100.0,3.1437,3.1445,3.1298,3.1341,732316.26,0.0,0.0,0
15m,1754955000.0,3.1341,3.1406,3.1328,3.1397,194152.09,0.0,0.0,0
15m,1754955900.0,3.1397,3.1415,3.1294,3.1294,253354.71,0.0,0.0,0
15m,1754956800.0,3.1294,3.1423,3.1276,3.1414,569515.28,0.0,0.0,0
15m,1754957700.0,3.1414,3.1493,3.1409,3.144,675295.5,0.0,0.0,0
15m,1754958600.0,3.144,3.1446,3.1327,3.1391,350753.59,0.0,0.0,0
15m,1754959500.0,3.1391,3.152,3.1388,3.1479,339073.58,0.0,0.0,0
15m,1754960400.0,3.1479,3.1561,3.1434,3.1478,367461.8,0.0,0.0,0
15m,1754961300.0,3.1478,3.1575,3.145,3.1572,231038.61,0.0,0.0,0
15m,1754962200.0,3.1572,3.1627,3.1533,3.1625,298977.11,0.0,0.0,0
15m,1754963100.0,3.1625,3.165,3.1573,3.1629,275831.34,0.0,0.0,0
15m,1754964000.0,3.1629,3.1689,3.158,3.1668,229989.27,0.0,0.0,0
15m,1754964900.0,3.1668,3.1741,3.164,3.1737,204366.25,0.0,0.0,0
15m,1754965800.0,3.1737,3.1759,3.1704,3.1735,296500.26,0.0,0.0,0
15m,1754966700.0,3.1735,3.1735,3.1603,3.1614,290388.83,0.0,0.0,0
15m,1754967600.0,3.1614,3.1627,3.1502,3.1514,232774.64,0.0,0.0,0
15m,1754968500.0,3.1514,3.1524,3.1439,3.1492,282535.49,0.0,0.0,0
15m,1754969400.0,3.1492,3.1583,3.1492,3.1531,248287.18,0.0,0.0,0
15m,1754970300.0,3.1531,3.1556,3.147,3.1486,162101.66,0.0,0.0,0
15m,1754971200.0,3.1486,3.1582,3.1454,3.1549,304735.66,0.0,0.0,0
15m,1754972100.0,3.1549,3.1628,3.1522,3.1628,263110.7,0.0,0.0,0
15m,1754973000.0,3.1628,3.166,3.1578,3.1622,344786.03,0.0,0.0,0
15m,1754973900.0,3.1622,3.1648,3.1588,3.1632,210709.07,0.0,0.0,0
15m,1754974800.0,3.1632,3.1633,3.1448,3.1549,428397.87,0.0,0.0,0
15m,1754975700.0,3.1549,3.1553,3.1319,3.1344,522540.45,0.0,0.0,0
15m,1754976600.0,3.1344,3.135,3.1233,3.1261,722805.95,0.0,0.0,0
15m,1754977500.0,3.1261,3.1425,3.1261,3.1421,449945.25,0.0,0.0,0
15m,1754978400.0,3.1421,3.1463,3.1231,3.1236,607683.75,0.0,0.0,0
15m,1754979300.0,3.1236,3.151,3.1156,3.1459,848849.03,0.0,0.0,0
15m,1754980200.0,3.1459,3.1488,3.137,3.1468,333736.81,0.0,0.0,0
15m,1754981100.0,3.1468,3.1495,3.1422,3.1438,205039.87,0.0,0.0,0
15m,1754982000.0,3.1438,3.1593,3.1438,3.1566,355192.85,0.0,0.0,0
15m,1754982900.0,3.1566,3.1607,3.155,3.1553,431290.06,0.0,0.0,0
15m,1754983800.0,3.1553,3.1561,3.1451,3.1507,402640.4,0.0,0.0,0
15m,1754984700.0,3.1507,3.1559,3.1493,3.1558,591426.74,0.0,0.0,0
15m,1754985600.0,3.1558,3.1569,3.1393,3.1468,400265.55,0.0,0.0,0
15m,1754986500.0,3.1468,3.1504,3.1409,3.144,261633.72,0.0,0.0,0
15m,1754987400.0,3.144,3.1603,3.1419,3.16,302932.41,0.0,0.0,0
15m,1754988300.0,3.16,3.1643,3.148,3.1509,533899.82,0.0,0.0,0
15m,1754989200.0,3.1509,3.1538,3.1301,3.1318,453954.01,0.0,0.0,0
15m,1754990100.0,3.1318,3.1423,3.1299,3.1413,436728.75,0.0,0.0,0
15m,1754991000.0,3.1413,3.1414,3.1312,3.1339,381038.05,0.0,0.0,0
15m,1754991900.0,3.1339,3.1387,3.1248,3.1284,309737.06,0.0,0.0,0
15m,1754992800.0,3.1284,3.1286,3.1047,3.1101,1021551.46,0.0,0.0,0
15m,1754993700.0,3.1101,3.1235,3.1062,3.1217,590496.73,0.0,0.0,0
15m,1754994600.0,3.1217,3.1291,3.1141,3.1202,339431.94,0.0,0.0,0
15m,1754995500.0,3.1202,3.1316,3.1202,3.1284,235175.88,0.0,0.0,0
15m,1754996400.0,3.1284,3.1348,3.1182,3.1234,319920.7,0.0,0.0,0
15m,1754997300.0,3.1234,3.1487,3.1232,3.1466,356252.1,0.0,0.0,0
15m,1754998200.0,3.1466,3.1585,3.1457,3.1533,552806.56,0.0,0.0,0
15m,1754999100.0,3.1533,3.1614,3.1501,3.1501,351839.18,0.0,0.0,0
15m,1755000000.0,3.1501,3.1538,3.1456,3.148,489324.46,0.0,0.0,0
15m,1755000900.0,3.148,3.1652,3.1423,3.1617,555389.23,0.0,0.0,0
15m,1755001800.0,3.1617,3.1995,3.1617,3.1959,3494029.99,0.0,0.0,0
15m,1755002700.0,3.1959,3.2027,3.1826,3.1851,1318980.57,0.0,0.0,0
15m,1755003600.0,3.1851,3.1879,3.1643,3.1815,1128292.77,0.0,0.0,0
15m,1755004500.0,3.1815,3.1927,3.1758,3.1919,592425.83,0.0,0.0,0
15m,1755005400.0,3.1919,3.1986,3.1722,3.1742,859887.16,0.0,0.0,0
15m,1755006300.0,3.1742,3.1812,3.1603,3.1747,854087.71,0.0,0.0,0
15m,1755007200.0,3.1747,3.1879,3.1693,3.1868,546033.5,0.0,0.0,0
15m,1755008100.0,3.1868,3.1928,3.1772,3.1888,292818.33,0.0,0.0,0
15m,1755009000.0,3.1888,3.1985,3.1875,3.1984,449004.24,0.0,0.0,0
15m,1755009900.0,3.1984,3.2109,3.1909,3.205,651056.24,0.0,0.0,0
15m,1755010800.0,3.205,3.2169,3.2037,3.2053,714215.68,0.0,0.0,0
15m,1755011700.0,3.2053,3.2191,3.203,3.2164,1143743.52,0.0,0.0,0
15m,1755012600.0,3.2164,3.2183,3.205,3.2073,697472.02,0.0,0.0,0
15m,1755013500.0,3.2073,3.2161,3.2029,3.2132,441880.33,0.0,0.0,0
15m,1755014400.0,3.2132,3.2159,3.2057,3.2156,978159.74,0.0,0.0,0
15m,1755015300.0,3.2156,3.2249,3.2107,3.2221,793200.93,0.0,0.0,0
15m,1755016200.0,3.2221,3.227,3.2144,3.2179,966031.02,0.0,0.0,0
15m,1755017100.0,3.2179,3.2342,3.2163,3.2311,1141100.86,0.0,0.0,0
15m,1755018000.0,3.2311,3.2402,3.2272,3.2386,563814.91,0.0,0.0,0
15m,1755018900.0,3.2386,3.2507,3.2313,3.2361,798325.68,0.0,0.0,0
15m,1755019800.0,3.2361,3.2415,3.2267,3.2335,716599.77,0.0,0.0,0
15m,1755020700.0,3.2335,3.2394,3.2274,3.2301,505015.49,0.0,0.0,0
15m,1755021600.0,3.2301,3.2429,3.2277,3.2422,486854.01,0.0,0.0,0
15m,1755022500.0,3.2422,3.2581,3.2413,3.2524,1146332.49,0.0,0.0,0
15m,1755023400.0,3.2524,3.2549,3.2402,3.2478,610358.22,0.0,0.0,0
15m,1755024300.0,3.2478,3.2505,3.2369,3.2461,648735.12,0.0,0.0,0
15m,1755025200.0,3.2461,3.2537,3.2461,3.2514,704662.67,0.0,0.0,0
15m,1755026100.0,3.2514,3.2664,3.2514,3.2661,521860.68,0.0,0.0,0
15m,1755027000.0,3.2661,3.279,3.2616,3.2631,894334.15,0.0,0.0,0
15m,1755027900.0,3.2631,3.29,3.2625,3.2886,1603711.57,0.0,0.0,0
15m,1755028800.0,3.2886,3.2893,3.2728,3.2769,1565059.98,0.0,0.0,0
15m,1755029700.0,3.2769,3.3065,3.2755,3.2918,2909416.7,0.0,0.0,0
15m,1755030600.0,3.2918,3.3043,3.2831,3.2952,1661138.61,0.0,0.0,0
15m,1755031500.0,3.2952,3.2966,3.2845,3.2909,1206384.62,0.0,0.0,0
15m,1755032400.0,3.2909,3.2909,3.2699,3.2737,1691110.55,0.0,0.0,0
15m,1755033300.0,3.2737,3.2941,3.2729,3.2863,1019198.48,0.0,0.0,0
15m,1755034200.0,3.2863,3.2907,3.277,3.2852,1514132.5,0.0,0.0,0
15m,1755035100.0,3.2852,3.2895,3.2681,3.2745,1154408.52,0.0,0.0,0
15m,1755036000.0,3.2745,3.2773,3.2578,3.2679,2407944.49,0.0,0.0,0
15m,1755036900.0,3.2679,3.2756,3.2628,3.2722,1325493.39,0.0,0.0,0
15m,1755037800.0,3.2722,3.2778,3.2636,3.2649,843121.41,0.0,0.0,0
15m,1755038700.0,3.2649,3.2797,3.2639,3.2756,871645.54,0.0,0.0,0
15m,1755039600.0,3.2756,3.2787,3.269,3.2702,974383.64,0.0,0.0,0
15m,1755040500.0,3.2702,3.2711,3.2636,3.2691,603074.52,0.0,0.0,0
15m,1755041400.0,3.2691,3.2791,3.2638,3.2758,1144107.44,0.0,0.0,0
15m,1755042300.0,3.2758,3.2772,3.2657,3.2676,815850.71,0.0,0.0,0
15m,1755043200.0,3.2676,3.2677,3.2578,3.2622,1224559.98,0.0,0.0,0
15m,1755044100.0,3.2622,3.2631,3.2527,3.2552,1048198.1,0.0,0.0,0
15m,1755045000.0,3.2552,3.2634,3.2528,3.2556,1322456.6,0.0,0.0,0
15m,1755045900.0,3.2556,3.2614,3.243,3.2468,1162795.53,0.0,0.0,0
15m,1755046800.0,3.2468,3.2468,3.2152,3.2167,1372212.59,0.0,0.0,0
15m,1755047700.0,3.2167,3.2364,3.2167,3.2358,1121278.44,0.0,0.0,0
15m,1755048600.0,3.2358,3.2372,3.2183,3.2215,710589.27,0.0,0.0,0
15m,1755049500.0,3.2215,3.2276,3.2189,3.2233,645461.34,0.0,0.0,0
15m,1755050400.0,3.2233,3.2233,3.2067,3.2071,798416.57,0.0,0.0,0
15m,1755051300.0,3.2071,3.2134,3.207,3.2109,862897.64,0.0,0.0,0
15m,1755052200.0,3.2109,3.2316,3.2104,3.231,506588.28,0.0,0.0,0
15m,1755053100.0,3.231,3.2406,3.2292,3.2395,355540.99,0.0,0.0,0
15m,1755054000.0,3.2395,3.2457,3.2228,3.2276,580351.65,0.0,0.0,0
15m,1755054900.0,3.2276,3.2407,3.2272,3.2327,524947.72,0.0,0.0,0
15m,1755055800.0,3.2327,3.2494,3.229,3.2491,420710.41,0.0,0.0,0
15m,1755056700.0,3.2491,3.251,3.2406,3.2422,488879.33,0.0,0.0,0
15m,1755057600.0,3.2422,3.256,3.2393,3.2525,727645.66,0.0,0.0,0
15m,1755058500.0,3.2525,3.2576,3.2492,3.2492,478787.71,0.0,0.0,0
15m,1755059400.0,3.2492,3.2554,3.2404,3.2464,669548.73,0.0,0.0,0
15m,1755060300.0,3.2464,3.2549,3.2402,3.2511,517924.22,0.0,0.0,0
15m,1755061200.0,3.2511,3.2533,3.2462,3.2472,521172.71,0.0,0.0,0
15m,1755062100.0,3.2472,3.2497,3.242,3.249,361691.37,0.0,0.0,0
15m,1755063000.0,3.249,3.2494,3.2245,3.2263,663168.17,0.0,0.0,0
15m,1755063900.0,3.2263,3.2284,3.2125,3.2188,448222.28,0.0,0.0,0
15m,1755064800.0,3.2188,3.2242,3.2026,3.2231,692980.01,0.0,0.0,0
15m,1755065700.0,3.2231,3.2267,3.2112,3.2157,321323.1,0.0,0.0,0
15m,1755066600.0,3.2157,3.2264,3.2155,3.2159,287631.6,0.0,0.0,0
15m,1755067500.0,3.2159,3.2304,3.2156,3.2249,451035.74,0.0,0.0,0
15m,1755068400.0,3.2249,3.2326,3.2215,3.2218,658052.65,0.0,0.0,0
15m,1755069300.0,3.2218,3.2296,3.2213,3.2279,409884.77,0.0,0.0,0
15m,1755070200.0,3.2279,3.2311,3.2198,3.229,373860.32,0.0,0.0,0
15m,1755071100.0,3.229,3.2422,3.2239,3.2393,602014.54,0.0,0.0,0
15m,1755072000.0,3.2393,3.2509,3.2389,3.2505,588307.88,0.0,0.0,0
15m,1755072900.0,3.2505,3.276,3.2475,3.2701,1373731.8,0.0,0.0,0
15m,1755073800.0,3.2701,3.2862,3.2692,3.2843,1093121.62,0.0,0.0,0
15m,1755074700.0,3.2843,3.2887,3.275,3.2873,917796.85,0.0,0.0,0
15m,1755075600.0,3.2873,3.2938,3.2844,3.287,1011070.34,0.0,0.0,0
15m,1755076500.0,3.287,3.287,3.2713,3.2785,945474.2,0.0,0.0,0
15m,1755077400.0,3.2785,3.2806,3.2676,3.2758,686102.8,0.0,0.0,0
15m,1755078300.0,3.2758,3.2904,3.2749,3.2888,847692.16,0.0,0.0,0
15m,1755079200.0,3.2888,3.2906,3.2782,3.2787,881442.84,0.0,0.0,0
15m,1755080100.0,3.2787,3.2886,3.2772,3.2835,632590.71,0.0,0.0,0
15m,1755081000.0,3.2835,3.2994,3.281,3.2959,876918.77,0.0,0.0,0
15m,1755081900.0,3.2959,3.2959,3.2888,3.2924,405970.57,0.0,0.0,0
15m,1755082800.0,3.2924,3.2977,3.2852,3.2935,488098.8,0.0,0.0,0
15m,1755083700.0,3.2935,3.2938,3.2775,3.2801,402721.6,0.0,0.0,0
15m,1755084600.0,3.2801,3.2869,3.2759,3.2865,310286.61,0.0,0.0,0
15m,1755085500.0,3.2865,3.2921,3.2831,3.2849,539361.01,0.0,0.0,0
15m,1755086400.0,3.2849,3.291,3.278,3.286,422426.0,0.0,0.0,0
15m,1755087300.0,3.286,3.2942,3.284,3.2894,374332.77,0.0,0.0,0
15m,1755088200.0,3.2894,3.2912,3.2775,3.2865,572207.84,0.0,0.0,0
15m,1755089100.0,3.2865,3.2883,3.2703,3.2709,702209.65,0.0,0.0,0
15m,1755090000.0,3.2709,3.2824,3.2706,3.2793,422207.81,0.0,0.0,0
15m,1755090900.0,3.2793,3.3337,3.278,3.3247,2775168.12,0.0,0.0,0
15m,1755091800.0,3.3247,3.3355,3.2554,3.2743,4193518.79,0.0,0.0,0
15m,1755092700.0,3.2743,3.3123,3.2707,3.2924,2443884.59,0.0,0.0,0
15m,1755093600.0,3.2924,3.2999,3.2788,3.2842,1801878.37,0.0,0.0,0
15m,1755094500.0,3.2842,3.2879,3.244,3.267,3231431.88,0.0,0.0,0
15m,1755095400.0,3.267,3.2722,3.2508,3.2705,1190577.3,0.0,0.0,0
15m,1755096300.0,3.2705,3.2723,3.2328,3.2404,1308967.98,0.0,0.0,0
15m,1755097200.0,3.2404,3.2532,3.2285,3.2469,971358.18,0.0,0.0,0
15m,1755098100.0,3.2469,3.2516,3.2264,3.2447,930936.59,0.0,0.0,0
15m,1755099000.0,3.2447,3.2692,3.2376,3.2663,647169.75,0.0,0.0,0
15m,1755099900.0,3.2663,3.2665,3.2525,3.2566,552460.43,0.0,0.0,0
15m,1755100800.0,3.2566,3.2636,3.2501,3.2628,562547.16,0.0,0.0,0
15m,1755101700.0,3.2628,3.2793,3.2618,3.276,833263.05,0.0,0.0,0
15m,1755102600.0,3.276,3.2773,3.2471,3.2504,640968.57,0.0,0.0,0
15m,1755103500.0,3.2504,3.2595,3.247,3.2543,482427.23,0.0,0.0,0
15m,1755104400.0,3.2543,3.2663,3.2509,3.2641,395021.0,0.0,0.0,0
15m,1755105300.0,3.2641,3.2751,3.2627,3.2734,521100.71,0.0,0.0,0
15m,1755106200.0,3.2734,3.2755,3.2668,3.2723,433643.52,0.0,0.0,0
15m,1755107100.0,3.2723,3.278,3.2667,3.2753,525202.13,0.0,0.0,0
15m,1755108000.0,3.2753,3.2796,3.2699,3.2778,498274.61,0.0,0.0,0
15m,1755108900.0,3.2778,3.279,3.2563,3.26,392338.03,0.0,0.0,0
15m,1755109800.0,3.26,3.2685,3.2444,3.2598,543878.66,0.0,0.0,0
15m,1755110700.0,3.2598,3.2725,3.2566,3.2691,177184.56,0.0,0.0,0
15m,1755111600.0,3.2691,3.2762,3.2662,3.2681,268052.46,0.0,0.0,0
15m,1755112500.0,3.2681,3.281,3.2679,3.2765,574986.4,0.0,0.0,0
15m,1755113400.0,3.2765,3.2787,3.2694,3.2706,341461.35,0.0,0.0,0
15m,1755114300.0,3.2706,3.2852,3.2703,3.278,322467.45,0.0,0.0,0
15m,1755115200.0,3.278,3.2801,3.2648,3.2724,279004.11,0.0,0.0,0
15m,1755116100.0,3.2724,3.2756,3.2586,3.2644,388513.14,0.0,0.0,0
15m,1755117000.0,3.2644,3.2725,3.2641,3.271,370303.99,0.0,0.0,0
15m,1755117900.0,3.271,3.2713,3.2628,3.263,187583.19,0.0,0.0,0
15m,1755118800.0,3.263,3.2759,3.261,3.2708,554305.78,0.0,0.0,0
15m,1755119700.0,3.2708,3.2792,3.2708,3.2725,178282.21,0.0,0.0,0
15m,1755120600.0,3.2725,3.277,3.2646,3.2647,247301.85,0.0,0.0,0
15m,1755121500.0,3.2647,3.2664,3.2523,3.2587,344333.15,0.0,0.0,0
15m,1755122400.0,3.2587,3.2702,3.2532,3.2685,336336.48,0.0,0.0,0
15m,1755123300.0,3.2685,3.2724,3.2601,3.2712,368065.15,0.0,0.0,0
15m,1755124200.0,3.2712,3.2869,3.2682,3.2834,563564.36,0.0,0.0,0
15m,1755125100.0,3.2834,3.2948,3.2689,3.2746,835141.1,0.0,0.0,0
15m,1755126000.0,3.2746,3.2903,3.274,3.2803,591271.99,0.0,0.0,0
15m,1755126900.0,3.2803,3.2849,3.2785,3.2841,569999.79,0.0,0.0,0
15m,1755127800.0,3.2841,3.2908,3.2825,3.2849,583643.32,0.0,0.0,0
15m,1755128700.0,3.2849,3.2894,3.2723,3.275,674141.24,0.0,0.0,0
15m,1755129600.0,3.275,3.2852,3.2719,3.2806,850508.71,0.0,0.0,0
15m,1755130500.0,3.2806,3.2899,3.2744,3.2899,1022038.57,0.0,0.0,0
15m,1755131400.0,3.2899,3.3045,3.2796,3.2903,1940440.27,0.0,0.0,0
15m,1755132300.0,3.2903,3.2982,3.2702,3.2982,833610.77,0.0,0.0,0
15m,1755133200.0,3.2982,3.3079,3.2827,3.2891,1350117.03,0.0,0.0,0
15m,1755134100.0,3.2891,3.3011,3.2841,3.2964,582126.0,0.0,0.0,0
15m,1755135000.0,3.2964,3.3296,3.2928,3.3207,2655507.83,0.0,0.0,0
15m,1755135900.0,3.3207,3.3312,3.3112,3.3215,1593779.63,0.0,0.0,0
15m,1755136800.0,3.3215,3.3382,3.3169,3.3236,1508784.88,0.0,0.0,0
15m,1755137700.0,3.3236,3.3236,3.3062,3.3111,1049476.15,0.0,0.0,0
15m,1755138600.0,3.3111,3.3287,3.3097,3.3283,717031.73,0.0,0.0,0
15m,1755139500.0,3.3283,3.352,3.3228,3.3498,2296607.0,0.0,0.0,0
15m,1755140400.0,3.3498,3.3499,3.3316,3.3383,985244.62,0.0,0.0,0
15m,1755141300.0,3.3383,3.3468,3.336,3.3398,967776.03,0.0,0.0,0
15m,1755142200.0,3.3398,3.3431,3.3293,3.3331,724659.46,0.0,0.0,0
15m,1755143100.0,3.3331,3.3423,3.322,3.3263,697472.92,0.0,0.0,0
15m,1755144000.0,3.3263,3.3314,3.3136,3.3154,594102.25,0.0,0.0,0
15m,1755144900.0,3.3154,3.3344,3.3151,3.3256,587803.64,0.0,0.0,0
15m,1755145800.0,3.3256,3.3265,3.3109,3.3144,1159530.86,0.0,0.0,0
15m,1755146700.0,3.3144,3.3152,3.3026,3.3028,927385.68,0.0,0.0,0
15m,1755147600.0,3.3028,3.3104,3.2881,3.291,1518174.05,0.0,0.0,0
15m,1755148500.0,3.291,3.2974,3.2856,3.2857,522486.21,0.0,0.0,0
15m,1755149400.0,3.2857,3.2927,3.2717,3.2752,710477.48,0.0,0.0,0
15m,1755150300.0,3.2752,3.2819,3.2714,3.2749,612980.95,0.0,0.0,0
15m,1755151200.0,3.2749,3.2757,3.2394,3.2487,2460446.84,0.0,0.0,0
15m,1755152100.0,3.2487,3.2521,3.2349,3.2505,1746838.19,0.0,0.0,0
15m,1755153000.0,3.2505,3.2699,3.2504,3.2644,1220773.69,0.0,0.0,0
15m,1755153900.0,3.2644,3.2738,3.2636,3.2661,896727.93,0.0,0.0,0
15m,1755154800.0,3.2661,3.2714,3.2456,3.2484,1335496.54,0.0,0.0,0
15m,1755155700.0,3.2484,3.2529,3.2419,3.2487,904756.37,0.0,0.0,0
15m,1755156600.0,3.2487,3.2583,3.2449,3.2522,728391.91,0.0,0.0,0
15m,1755157500.0,3.2522,3.2567,3.2387,3.2557,745097.26,0.0,0.0,0
15m,1755158400.0,3.2557,3.2559,3.2257,3.2364,1021059.0,0.0,0.0,0
15m,1755159300.0,3.2364,3.2449,3.2344,3.2407,639577.21,0.0,0.0,0
15m,1755160200.0,3.2407,3.2454,3.2229,3.2248,890793.78,0.0,0.0,0
15m,1755161100.0,3.2248,3.2336,3.2245,3.2332,772902.94,0.0,0.0,0
15m,1755162000.0,3.2332,3.2378,3.2231,3.2377,610355.69,0.0,0.0,0
15m,1755162900.0,3.2377,3.2416,3.2316,3.2362,656629.42,0.0,0.0,0
15m,1755163800.0,3.2362,3.239,3.2259,3.2292,961373.14,0.0,0.0,0
15m,1755164700.0,3.2292,3.2451,3.229,3.2418,1016746.14,0.0,0.0,0
15m,1755165600.0,3.2418,3.242,3.2282,3.2298,626382.15,0.0,0.0,0
15m,1755166500.0,3.2298,3.2394,3.2262,3.2275,437429.05,0.0,0.0,0
15m,1755167400.0,3.2275,3.2343,3.1947,3.2072,2418888.58,0.0,0.0,0
15m,1755168300.0,3.2072,3.2196,3.2068,3.212,812881.41,0.0,0.0,0
15m,1755169200.0,3.212,3.214,3.2017,3.211,783942.15,0.0,0.0,0
15m,1755170100.0,3.211,3.2182,3.2045,3.2135,588859.44,0.0,0.0,0
15m,1755171000.0,3.2135,3.2186,3.2069,3.2124,430020.61,0.0,0.0,0
15m,1755171900.0,3.2124,3.2184,3.2113,3.2177,375169.66,0.0,0.0,0
15m,1755172800.0,3.2177,3.2276,3.2154,3.2251,673111.8,0.0,0.0,0
15m,1755173700.0,3.2251,3.2354,3.2167,3.2265,919400.81,0.0,0.0,0
15m,1755174600.0,3.2265,3.2267,2.9814,3.1339,17442542.01,0.0,0.0,0
15m,1755175500.0,3.1339,3.1373,3.0842,3.1002,3789977.84,0.0,0.0,0
15m,1755176400.0,3.1002,3.1265,3.0378,3.1264,5578740.37,0.0,0.0,0
15m,1755177300.0,3.1264,3.1274,3.0885,3.101,2716248.92,0.0,0.0,0
15m,1755178200.0,3.101,3.1163,3.0857,3.1036,3407550.64,0.0,0.0,0
15m,1755179100.0,3.1036,3.1351,3.0999,3.1115,2126979.99,0.0,0.0,0
15m,1755180000.0,3.1115,3.1157,3.0958,3.1007,2438237.9,0.0,0.0,0
15m,1755180900.0,3.1007,3.1338,3.1007,3.1299,1661401.32,0.0,0.0,0
15m,1755181800.0,3.1299,3.1408,3.1227,3.124,2316209.15,0.0,0.0,0
15m,1755182700.0,3.124,3.1388,3.119,3.1211,1667279.96,0.0,0.0,0
15m,1755183600.0,3.1211,3.1256,3.11,3.1114,1500246.91,0.0,0.0,0
15m,1755184500.0,3.1114,3.1156,3.0926,3.098,1496500.66,0.0,0.0,0
15m,1755185400.0,3.098,3.1032,3.0854,3.0978,1077816.41,0.0,0.0,0
15m,1755186300.0,3.0978,3.1075,3.0919,3.0956,852932.33,0.0,0.0,0
15m,1755187200.0,3.0956,3.0957,3.0605,3.0607,1910801.55,0.0,0.0,0
15m,1755188100.0,3.0607,3.0745,3.0475,3.0588,1166407.44,0.0,0.0,0
15m,1755189000.0,3.0588,3.0708,3.0503,3.06,1009263.05,0.0,0.0,0
15m,1755189900.0,3.06,3.0743,3.0509,3.0676,852409.07,0.0,0.0,0
15m,1755190800.0,3.0676,3.0738,3.0476,3.061,927823.59,0.0,0.0,0
15m,1755191700.0,3.061,3.085,3.0521,3.0843,746772.06,0.0,0.0,0
15m,1755192600.0,3.0843,3.0859,3.066,3.0699,578189.05,0.0,0.0,0
15m,1755193500.0,3.0699,3.08,3.066,3.0788,456098.91,0.0,0.0,0
15m,1755194400.0,3.0788,3.0788,3.0583,3.0584,617426.17,0.0,0.0,0
15m,1755195300.0,3.0584,3.0734,3.0427,3.069,1045829.39,0.0,0.0,0
15m,1755196200.0,3.069,3.0818,3.0676,3.0809,582907.59,0.0,0.0,0
15m,1755197100.0,3.0809,3.0857,3.0779,3.081,636815.32,0.0,0.0,0
15m,1755198000.0,3.081,3.0886,3.0792,3.081,643560.15,0.0,0.0,0
15m,1755198900.0,3.081,3.0943,3.078,3.0919,797281.35,0.0,0.0,0
15m,1755199800.0,3.0919,3.0983,3.0899,3.0981,753080.83,0.0,0.0,0
15m,1755200700.0,3.0981,3.0981,3.0663,3.0679,722568.33,0.0,0.0,0
15m,1755201600.0,3.0679,3.0722,3.0579,3.0702,694885.35,0.0,0.0,0
15m,1755202500.0,3.0702,3.0821,3.0684,3.0821,495032.29,0.0,0.0,0
15m,1755203400.0,3.0821,3.0861,3.0665,3.0729,469135.54,0.0,0.0,0
15m,1755204300.0,3.0729,3.0792,3.0628,3.0777,459207.63,0.0,0.0,0
15m,1755205200.0,3.0777,3.0796,3.0636,3.076,522374.79,0.0,0.0,0
15m,1755206100.0,3.076,3.0773,3.0401,3.0436,1065539.46,0.0,0.0,0
15m,1755207000.0,3.0436,3.0523,3.029,3.0472,1275473.24,0.0,0.0,0
15m,1755207900.0,3.0472,3.0663,3.0467,3.0602,353771.2,0.0,0.0,0
15m,1755208800.0,3.0602,3.0611,3.0451,3.0589,367297.02,0.0,0.0,0
15m,1755209700.0,3.0589,3.0655,3.0578,3.0654,451383.86,0.0,0.0,0
15m,1755210600.0,3.0654,3.073,3.0646,3.0719,286184.89,0.0,0.0,0
15m,1755211500.0,3.0719,3.0816,3.0702,3.0788,638690.66,0.0,0.0,0
15m,1755212400.0,3.0788,3.0865,3.0763,3.086,202361.88,0.0,0.0,0
15m,1755213300.0,3.086,3.0896,3.0834,3.0895,177294.11,0.0,0.0,0
15m,1755214200.0,3.0895,3.0906,3.0807,3.0833,163498.65,0.0,0.0,0
15m,1755215100.0,3.0833,3.0882,3.0768,3.0795,398775.4,0.0,0.0,0
15m,1755216000.0,3.0795,3.0915,3.0751,3.0915,603806.13,0.0,0.0,0
15m,1755216900.0,3.0915,3.0915,3.0765,3.0833,314298.5,0.0,0.0,0
15m,1755217800.0,3.0833,3.0914,3.0719,3.0881,285538.69,0.0,0.0,0
15m,1755218700.0,3.0881,3.0951,3.0791,3.0802,264050.6,0.0,0.0,0
15m,1755219600.0,3.0802,3.0848,3.0749,3.0785,248159.51,0.0,0.0,0
15m,1755220500.0,3.0785,3.094,3.0715,3.091,306730.53,0.0,0.0,0
15m,1755221400.0,3.091,3.0977,3.0868,3.091,300824.7,0.0,0.0,0
15m,1755222300.0,3.091,3.1,3.0895,3.0935,490734.24,0.0,0.0,0
15m,1755223200.0,3.0935,3.0994,3.0863,3.0971,580620.75,0.0,0.0,0
15m,1755224100.0,3.0971,3.1046,3.0946,3.1042,275004.6,0.0,0.0,0
15m,1755225000.0,3.1042,3.1056,3.1004,3.1018,226516.53,0.0,0.0,0
15m,1755225900.0,3.1018,3.1064,3.0975,3.1001,355098.43,0.0,0.0,0
15m,1755226800.0,3.1001,3.1074,3.0943,3.1066,651407.62,0.0,0.0,0
15m,1755227700.0,3.1066,3.1166,3.1065,3.1164,714426.4,0.0,0.0,0
15m,1755228600.0,3.1164,3.1218,3.1139,3.117,699020.64,0.0,0.0,0
15m,1755229500.0,3.117,3.1186,3.1127,3.1174,440306.67,0.0,0.0,0
15m,1755230400.0,3.1174,3.127,3.1102,3.1233,458255.09,0.0,0.0,0
15m,1755231300.0,3.1233,3.1275,3.1187,3.1274,386903.59,0.0,0.0,0
15m,1755232200.0,3.1274,3.129,3.1198,3.1236,575262.46,0.0,0.0,0
15m,1755233100.0,3.1236,3.1236,3.1152,3.1167,322305.89,0.0,0.0,0
15m,1755234000.0,3.1167,3.1193,3.1084,3.1093,594239.56,0.0,0.0,0
15m,1755234900.0,3.1093,3.1179,3.1093,3.1125,283591.08,0.0,0.0,0
15m,1755235800.0,3.1125,3.1156,3.1085,3.1106,231258.56,0.0,0.0,0
15m,1755236700.0,3.1106,3.1334,3.1106,3.1328,405833.36,0.0,0.0,0
15m,1755237600.0,3.1328,3.1426,3.1257,3.1287,1144446.89,0.0,0.0,0
15m,1755238500.0,3.1287,3.1382,3.1251,3.135,712763.43,0.0,0.0,0
15m,1755239400.0,3.135,3.1377,3.1317,3.1361,1011814.96,0.0,0.0,0
15m,1755240300.0,3.1361,3.1364,3.1245,3.1257,520185.55,0.0,0.0,0
15m,1755241200.0,3.1257,3.1257,3.1127,3.113,761497.13,0.0,0.0,0
15m,1755242100.0,3.113,3.1159,3.1097,3.1141,997436.81,0.0,0.0,0
15m,1755243000.0,3.1141,3.1171,3.1084,3.1104,529217.65,0.0,0.0,0
15m,1755243900.0,3.1104,3.1184,3.1056,3.1177,645406.89,0.0,0.0,0
15m,1755244800.0,3.1177,3.1254,3.1171,3.1188,367126.44,0.0,0.0,0
15m,1755245700.0,3.1188,3.1276,3.1164,3.1247,301979.03,0.0,0.0,0
15m,1755246600.0,3.1247,3.1271,3.1175,3.1236,301939.74,0.0,0.0,0
15m,1755247500.0,3.1236,3.1236,3.1125,3.1151,397961.38,0.0,0.0,0
15m,1755248400.0,3.1151,3.1235,3.1145,3.1182,422133.32,0.0,0.0,0
15m,1755249300.0,3.1182,3.1188,3.0988,3.1007,749826.04,0.0,0.0,0
15m,1755250200.0,3.1007,3.1091,3.1001,3.1061,623191.0,0.0,0.0,0
15m,1755251100.0,3.1061,3.1105,3.0969,3.103,527696.85,0.0,0.0,0
15m,1755252000.0,3.103,3.1168,3.1023,3.1079,732589.47,0.0,0.0,0
15m,1755252900.0,3.1079,3.1215,3.1064,3.1138,585930.28,0.0,0.0,0
15m,1755253800.0,3.1138,3.1161,3.1082,3.1129,550903.62,0.0,0.0,0
15m,1755254700.0,3.1129,3.1148,3.1012,3.1065,367238.17,0.0,0.0,0
15m,1755255600.0,3.1065,3.1159,3.1063,3.1088,201196.95,0.0,0.0,0
15m,1755256500.0,3.1088,3.1098,3.0969,3.1016,501823.98,0.0,0.0,0
15m,1755257400.0,3.1016,3.1109,3.0985,3.1094,245574.97,0.0,0.0,0
15m,1755258300.0,3.1094,3.1185,3.1094,3.1112,235038.85,0.0,0.0,0
15m,1755259200.0,3.1112,3.1206,3.1079,3.1181,246421.22,0.0,0.0,0
15m,1755260100.0,3.1181,3.1199,3.0971,3.1089,611148.66,0.0,0.0,0
15m,1755261000.0,3.1089,3.1401,3.0971,3.1203,2442007.99,0.0,0.0,0
15m,1755261900.0,3.1203,3.1281,3.1107,3.1129,427712.78,0.0,0.0,0
15m,1755262800.0,3.1129,3.1225,3.1047,3.1075,897970.32,0.0,0.0,0
15m,1755263700.0,3.1075,3.1148,3.1035,3.1093,835544.35,0.0,0.0,0
15m,1755264600.0,3.1093,3.1125,3.0828,3.0838,1562713.63,0.0,0.0,0
15m,1755265500.0,3.0838,3.0911,3.0716,3.0842,1353097.47,0.0,0.0,0
15m,1755266400.0,3.0842,3.1004,3.0715,3.0916,718027.2,0.0,0.0,0
15m,1755267300.0,3.0916,3.1003,3.0716,3.0752,480906.81,0.0,0.0,0
15m,1755268200.0,3.0752,3.0821,3.0677,3.0709,573944.91,0.0,0.0,0
15m,1755269100.0,3.0709,3.0755,3.0543,3.0626,1129527.15,0.0,0.0,0
15m,1755270000.0,3.0626,3.0655,3.045,3.0546,1147737.2,0.0,0.0,0
15m,1755270900.0,3.0546,3.0631,3.0229,3.0254,1966935.17,0.0,0.0,0
15m,1755271800.0,3.0254,3.0443,3.0142,3.0163,1843093.79,0.0,0.0,0
15m,1755272700.0,3.0163,3.0361,3.011,3.027,1627481.43,0.0,0.0,0
15m,1755273600.0,3.027,3.0304,3.0046,3.01,1715483.45,0.0,0.0,0
15m,1755274500.0,3.01,3.028,3.0023,3.0205,1201176.5,0.0,0.0,0
15m,1755275400.0,3.0205,3.0354,3.0194,3.0261,788823.8,0.0,0.0,0
15m,1755276300.0,3.0261,3.0423,3.0254,3.0373,530506.93,0.0,0.0,0
15m,1755277200.0,3.0373,3.0394,3.0242,3.0296,529574.16,0.0,0.0,0
15m,1755278100.0,3.0296,3.0674,3.0216,3.0566,1279516.21,0.0,0.0,0
15m,1755279000.0,3.0566,3.0633,3.0435,3.0617,611955.03,0.0,0.0,0
15m,1755279900.0,3.0617,3.0623,3.0482,3.0563,363431.66,0.0,0.0,0
15m,1755280800.0,3.0563,3.0612,3.0478,3.0547,311401.84,0.0,0.0,0
15m,1755281700.0,3.0547,3.0663,3.053,3.0661,471263.5,0.0,0.0,0
15m,1755282600.0,3.0661,3.0721,3.0611,3.062,517391.99,0.0,0.0,0
15m,1755283500.0,3.062,3.0823,3.0544,3.0643,1613075.88,0.0,0.0,0
15m,1755284400.0,3.0643,3.085,3.0552,3.0832,784678.41,0.0,0.0,0
15m,1755285300.0,3.0832,3.0972,3.0697,3.0716,807940.32,0.0,0.0,0
15m,1755286200.0,3.0716,3.0747,3.0644,3.0707,376626.43,0.0,0.0,0
15m,1755287100.0,3.0707,3.0722,3.0591,3.0659,428296.86,0.0,0.0,0
15m,1755288000.0,3.0659,3.0667,3.0562,3.0626,393686.61,0.0,0.0,0
15m,1755288900.0,3.0626,3.0785,3.0548,3.0778,608619.69,0.0,0.0,0
15m,1755289800.0,3.0778,3.0906,3.0692,3.0741,612604.77,0.0,0.0,0
15m,1755290700.0,3.0741,3.0783,3.0692,3.0751,489821.54,0.0,0.0,0
15m,1755291600.0,3.0751,3.0886,3.0751,3.0862,703839.94,0.0,0.0,0
15m,1755292500.0,3.0862,3.0942,3.0777,3.0858,674759.08,0.0,0.0,0
15m,1755293400.0,3.0858,3.0868,3.0769,3.0802,365348.39,0.0,0.0,0
15m,1755294300.0,3.0802,3.0825,3.0772,3.0791,80281.2,0.0,0.0,0
15m,1755295200.0,3.0791,3.0842,3.0753,3.0772,257199.91,0.0,0.0,0
15m,1755296100.0,3.0772,3.082,3.0748,3.0797,115828.92,0.0,0.0,0
15m,1755297000.0,3.0797,3.0871,3.0791,3.0827,107391.3,0.0,0.0,0
15m,1755297900.0,3.0827,3.0969,3.0825,3.0953,263285.19,0.0,0.0,0
15m,1755298800.0,3.0953,3.0981,3.0782,3.0786,368125.8,0.0,0.0,0
15m,1755299700.0,3.0786,3.0799,3.0706,3.076,267483.97,0.0,0.0,0
15m,1755300600.0,3.076,3.0787,3.0709,3.0719,111559.39,0.0,0.0,0
15m,1755301500.0,3.0719,3.0787,3.0708,3.0779,165702.32,0.0,0.0,0
15m,1755302400.0,3.0779,3.0812,3.075,3.0797,391335.0,0.0,0.0,0
15m,1755303300.0,3.0797,3.0815,3.0715,3.0783,145618.06,0.0,0.0,0
15m,1755304200.0,3.0783,3.0891,3.0778,3.0856,103627.73,0.0,0.0,0
15m,1755305100.0,3.0856,3.0938,3.0854,3.0919,206141.73,0.0,0.0,0
15m,1755306000.0,3.0919,3.0948,3.088,3.0933,233060.84,0.0,0.0,0
15m,1755306900.0,3.0933,3.0939,3.0856,3.0897,200044.81,0.0,0.0,0
15m,1755307800.0,3.0897,3.0952,3.0888,3.0908,82832.64,0.0,0.0,0
15m,1755308700.0,3.0908,3.0945,3.0878,3.0902,131519.57,0.0,0.0,0
15m,1755309600.0,3.0902,3.0925,3.0853,3.0904,171328.65,0.0,0.0,0
15m,1755310500.0,3.0904,3.0923,3.0877,3.0914,104322.19,0.0,0.0,0
15m,1755311400.0,3.0914,3.0929,3.085,3.0882,282652.44,0.0,0.0,0
15m,1755312300.0,3.0882,3.0928,3.0865,3.092,358265.72,0.0,0.0,0
15m,1755313200.0,3.092,3.1064,3.0904,3.1032,662206.83,0.0,0.0,0
15m,1755314100.0,3.1032,3.1113,3.1028,3.1089,510300.67,0.0,0.0,0
15m,1755315000.0,3.1089,3.1142,3.1054,3.1085,281299.99,0.0,0.0,0
15m,1755315900.0,3.1085,3.1146,3.1077,3.1086,401694.12,0.0,0.0,0
15m,1755316800.0,3.1086,3.115,3.1086,3.1139,251215.67,0.0,0.0,0
15m,1755317700.0,3.1139,3.1171,3.1124,3.1152,201727.91,0.0,0.0,0
15m,1755318600.0,3.1152,3.1155,3.1049,3.1059,240933.31,0.0,0.0,0
15m,1755319500.0,3.1059,3.1107,3.1056,3.1074,109397.05,0.0,0.0,0
15m,1755320400.0,3.1074,3.1077,3.1016,3.1031,181596.45,0.0,0.0,0
15m,1755321300.0,3.1031,3.1031,3.0978,3.0978,271184.55,0.0,0.0,0
15m,1755322200.0,3.0978,3.1001,3.0904,3.0952,310976.85,0.0,0.0,0
15m,1755323100.0,3.0952,3.0984,3.094,3.0947,294830.38,0.0,0.0,0
15m,1755324000.0,3.0947,3.0984,3.0919,3.0953,402662.03,0.0,0.0,0
15m,1755324900.0,3.0953,3.0998,3.0949,3.0949,282343.3,0.0,0.0,0
15m,1755325800.0,3.0949,3.1021,3.0886,3.1,371331.26,0.0,0.0,0
15m,1755326700.0,3.1,3.1114,3.0993,3.1057,483463.95,0.0,0.0,0
15m,1755327600.0,3.1057,3.1138,3.1057,3.1113,394956.03,0.0,0.0,0
15m,1755328500.0,3.1113,3.1149,3.1108,3.1138,280627.09,0.0,0.0,0
15m,1755329400.0,3.1138,3.1195,3.112,3.1181,398231.72,0.0,0.0,0
15m,1755330300.0,3.1181,3.1258,3.1177,3.1231,657361.48,0.0,0.0,0
15m,1755331200.0,3.1231,3.1295,3.1165,3.12,459809.13,0.0,0.0,0
15m,1755332100.0,3.12,3.1286,3.1165,3.1269,417496.93,0.0,0.0,0
15m,1755333000.0,3.1269,3.1419,3.1268,3.1409,1621541.12,0.0,0.0,0
15m,1755333900.0,3.1409,3.1459,3.134,3.1405,722861.54,0.0,0.0,0
15m,1755334800.0,3.1405,3.1469,3.1389,3.1428,671753.16,0.0,0.0,0
15m,1755335700.0,3.1428,3.1485,3.1382,3.1437,410076.02,0.0,0.0,0
15m,1755336600.0,3.1437,3.1556,3.143,3.1524,544985.21,0.0,0.0,0
15m,1755337500.0,3.1524,3.1524,3.125,3.125,1353291.63,0.0,0.0,0
15m,1755338400.0,3.125,3.1469,3.1229,3.1386,1618496.62,0.0,0.0,0
15m,1755339300.0,3.1386,3.1439,3.1272,3.1371,1370097.29,0.0,0.0,0
15m,1755340200.0,3.1371,3.1381,3.1264,3.1311,928233.76,0.0,0.0,0
15m,1755341100.0,3.1311,3.1332,3.1208,3.1264,883340.1,0.0,0.0,0
15m,1755342000.0,3.1264,3.1344,3.1255,3.1285,588115.08,0.0,0.0,0
15m,1755342900.0,3.1285,3.1309,3.1166,3.1176,723792.64,0.0,0.0,0
15m,1755343800.0,3.1176,3.1232,3.1106,3.1123,417171.93,0.0,0.0,0
15m,1755344700.0,3.1123,3.1174,3.1036,3.1048,642956.21,0.0,0.0,0
15m,1755345600.0,3.1048,3.1168,3.1048,3.1136,473850.34,0.0,0.0,0
15m,1755346500.0,3.1136,3.1171,3.0981,3.1067,510187.02,0.0,0.0,0
15m,1755347400.0,3.1067,3.1185,3.1066,3.1148,415894.5,0.0,0.0,0
15m,1755348300.0,3.1148,3.1196,3.1093,3.1127,278655.64,0.0,0.0,0
15m,1755349200.0,3.1127,3.1198,3.1104,3.1187,464426.5,0.0,0.0,0
15m,1755350100.0,3.1187,3.127,3.1157,3.1169,497596.34,0.0,0.0,0
15m,1755351000.0,3.1169,3.121,3.1117,3.1147,309080.95,0.0,0.0,0
15m,1755351900.0,3.1147,3.1153,3.101,3.107,496220.53,0.0,0.0,0
15m,1755352800.0,3.107,3.1104,3.0999,3.1085,204533.1,0.0,0.0,0
15m,1755353700.0,3.1085,3.1197,3.1023,3.1164,281305.29,0.0,0.0,0
15m,1755354600.0,3.1164,3.1169,3.108,3.1107,311772.11,0.0,0.0,0
15m,1755355500.0,3.1107,3.1173,3.1098,3.1098,175402.02,0.0,0.0,0
15m,1755356400.0,3.1098,3.1159,3.1026,3.1104,204341.7,0.0,0.0,0
15m,1755357300.0,3.1104,3.1118,3.105,3.1074,137324.55,0.0,0.0,0
15m,1755358200.0,3.1074,3.1085,3.0998,3.1032,393558.8,0.0,0.0,0
15m,1755359100.0,3.1032,3.1061,3.1013,3.1036,219213.12,0.0,0.0,0
15m,1755360000.0,3.1036,3.1125,3.1029,3.1085,223879.67,0.0,0.0,0
15m,1755360900.0,3.1085,3.1125,3.1065,3.1102,161827.19,0.0,0.0,0
15m,1755361800.0,3.1102,3.1109,3.0962,3.101,367990.55,0.0,0.0,0
15m,1755362700.0,3.101,3.1108,3.0988,3.1078,378525.53,0.0,0.0,0
15m,1755363600.0,3.1078,3.1107,3.1006,3.1011,216376.69,0.0,0.0,0
15m,1755364500.0,3.1011,3.102,3.0968,3.0997,323798.34,0.0,0.0,0
15m,1755365400.0,3.0997,3.1007,3.0941,3.0964,163676.64,0.0,0.0,0
15m,1755366300.0,3.0964,3.1001,3.0943,3.0959,175105.25,0.0,0.0,0
15m,1755367200.0,3.0959,3.1047,3.0925,3.1045,212487.05,0.0,0.0,0
15m,1755368100.0,3.1045,3.1085,3.0959,3.1,152663.37,0.0,0.0,0
15m,1755369000.0,3.1,3.1043,3.0985,3.0997,98044.66,0.0,0.0,0
15m,1755369900.0,3.0997,3.1016,3.0978,3.0987,122342.56,0.0,0.0,0
15m,1755370800.0,3.0987,3.1021,3.0979,3.0991,98471.51,0.0,0.0,0
15m,1755371700.0,3.0991,3.1029,3.0958,3.1023,195994.32,0.0,0.0,0
15m,1755372600.0,3.1023,3.108,3.1023,3.1047,273167.83,0.0,0.0,0
15m,1755373500.0,3.1047,3.1083,3.1,3.1,190624.88,0.0,0.0,0
15m,1755374400.0,3.1,3.102,3.0956,3.1007,83467.06,0.0,0.0,0
15m,1755375300.0,3.1007,3.1074,3.1007,3.1026,84450.66,0.0,0.0,0
15m,1755376200.0,3.1026,3.1057,3.1019,3.1028,78465.93,0.0,0.0,0
15m,1755377100.0,3.1028,3.1045,3.1004,3.1045,110353.83,0.0,0.0,0
15m,1755378000.0,3.1045,3.1046,3.0961,3.0964,172780.42,0.0,0.0,0
15m,1755378900.0,3.0964,3.1005,3.0964,3.1,78343.47,0.0,0.0,0
15m,1755379800.0,3.1,3.1011,3.0949,3.0951,55024.79,0.0,0.0,0
15m,1755380700.0,3.0951,3.0971,3.0939,3.0945,23441.06,0.0,0.0,0
15m,1755381600.0,3.0945,3.0995,3.0907,3.0964,151527.45,0.0,0.0,0
15m,1755382500.0,3.0964,3.0995,3.0957,3.0993,40343.03,0.0,0.0,0
15m,1755383400.0,3.0993,3.106,3.0987,3.104,88327.64,0.0,0.0,0
15m,1755384300.0,3.104,3.1089,3.1033,3.1063,101594.54,0.0,0.0,0
15m,1755385200.0,3.1063,3.1074,3.1021,3.1045,59126.88,0.0,0.0,0
15m,1755386100.0,3.1045,3.1075,3.101,3.1015,49701.58,0.0,0.0,0
15m,1755387000.0,3.1015,3.1023,3.0994,3.1005,104746.65,0.0,0.0,0
15m,1755387900.0,3.1005,3.1068,3.1,3.1053,64076.64,0.0,0.0,0
15m,1755388800.0,3.1053,3.1054,3.0999,3.1001,80685.47,0.0,0.0,0
15m,1755389700.0,3.1001,3.102,3.0969,3.0985,69228.21,0.0,0.0,0
15m,1755390600.0,3.0985,3.1027,3.0958,3.0983,77120.98,0.0,0.0,0
15m,1755391500.0,3.0983,3.0983,3.0929,3.0929,109762.47,0.0,0.0,0
15m,1755392400.0,3.0929,3.0931,3.0833,3.0891,415946.45,0.0,0.0,0
15m,1755393300.0,3.0891,3.0895,3.0837,3.086,184314.85,0.0,0.0,0
15m,1755394200.0,3.086,3.1038,3.084,3.0986,250926.41,0.0,0.0,0
15m,1755395100.0,3.0986,3.1063,3.0964,3.1052,176381.06,0.0,0.0,0
15m,1755396000.0,3.1052,3.1096,3.0958,3.0972,274732.69,0.0,0.0,0
15m,1755396900.0,3.0972,3.1085,3.0937,3.1077,137795.42,0.0,0.0,0
15m,1755397800.0,3.1077,3.1178,3.1043,3.1172,432797.44,0.0,0.0,0
15m,1755398700.0,3.1172,3.1207,3.1126,3.12,411084.43,0.0,0.0,0
15m,1755399600.0,3.12,3.1206,3.1159,3.1166,283149.1,0.0,0.0,0
15m,1755400500.0,3.1166,3.1187,3.1134,3.1163,101557.76,0.0,0.0,0
15m,1755401400.0,3.1163,3.1237,3.1139,3.1234,227352.26,0.0,0.0,0
15m,1755402300.0,3.1234,3.1235,3.1191,3.1201,157217.23,0.0,0.0,0
15m,1755403200.0,3.1201,3.1274,3.1192,3.1247,400365.57,0.0,0.0,0
15m,1755404100.0,3.1247,3.1278,3.1223,3.1258,224605.75,0.0,0.0,0
15m,1755405000.0,3.1258,3.1274,3.1213,3.1231,181770.41,0.0,0.0,0
15m,1755405900.0,3.1231,3.1348,3.1211,3.1337,294086.93,0.0,0.0,0
15m,1755406800.0,3.1337,3.1375,3.132,3.1372,241454.19,0.0,0.0,0
15m,1755407700.0,3.1372,3.1386,3.1322,3.1346,366366.37,0.0,0.0,0
15m,1755408600.0,3.1346,3.1348,3.1261,3.1266,253645.36,0.0,0.0,0
15m,1755409500.0,3.1266,3.1293,3.1213,3.1219,166466.51,0.0,0.0,0
15m,1755410400.0,3.1219,3.1276,3.1218,3.1276,129931.99,0.0,0.0,0
15m,1755411300.0,3.1276,3.1282,3.123,3.1259,209467.37,0.0,0.0,0
15m,1755412200.0,3.1259,3.1259,3.1174,3.1221,226849.33,0.0,0.0,0
15m,1755413100.0,3.1221,3.1222,3.1145,3.1152,313471.31,0.0,0.0,0
15m,1755414000.0,3.1152,3.1213,3.1117,3.1203,209810.2,0.0,0.0,0
15m,1755414900.0,3.1203,3.1216,3.1146,3.1156,207199.73,0.0,0.0,0
15m,1755415800.0,3.1156,3.1186,3.1121,3.1179,412609.25,0.0,0.0,0
15m,1755416700.0,3.1179,3.1207,3.1143,3.1177,244223.37,0.0,0.0,0
15m,1755417600.0,3.1177,3.119,3.1113,3.1129,219091.56,0.0,0.0,0
15m,1755418500.0,3.1129,3.116,3.1115,3.116,165283.79,0.0,0.0,0
15m,1755419400.0,3.116,3.1257,3.1158,3.124,219639.13,0.0,0.0,0
15m,1755420300.0,3.124,3.1414,3.1239,3.1372,575516.04,0.0,0.0,0
15m,1755421200.0,3.1372,3.1393,3.1297,3.1301,535290.7,0.0,0.0,0
15m,1755422100.0,3.1301,3.1301,3.1225,3.1241,207788.54,0.0,0.0,0
15m,1755423000.0,3.1241,3.1266,3.119,3.1197,292927.19,0.0,0.0,0
15m,1755423900.0,3.1197,3.1317,3.1195,3.1315,321460.22,0.0,0.0,0
15m,1755424800.0,3.1315,3.1374,3.1254,3.1297,383804.33,0.0,0.0,0
15m,1755425700.0,3.1297,3.1337,3.125,3.1251,199736.94,0.0,0.0,0
15m,1755426600.0,3.1251,3.1273,3.1223,3.1272,175479.03,0.0,0.0,0
15m,1755427500.0,3.1272,3.1278,3.1219,3.127,243917.03,0.0,0.0,0
15m,1755428400.0,3.127,3.127,3.1229,3.1241,137337.07,0.0,0.0,0
15m,1755429300.0,3.1241,3.1314,3.1236,3.1314,135442.8,0.0,0.0,0
15m,1755430200.0,3.1314,3.1324,3.1277,3.1291,116460.73,0.0,0.0,0
15m,1755431100.0,3.1291,3.1324,3.1276,3.1284,189516.87,0.0,0.0,0
15m,1755432000.0,3.1284,3.129,3.1238,3.1239,147043.16,0.0,0.0,0
15m,1755432900.0,3.1239,3.1239,3.1152,3.1164,257179.49,0.0,0.0,0
15m,1755433800.0,3.1164,3.1199,3.1146,3.1173,213580.21,0.0,0.0,0
15m,1755434700.0,3.1173,3.1189,3.1157,3.1181,221478.86,0.0,0.0,0
15m,1755435600.0,3.1181,3.1188,3.1143,3.1161,219926.21,0.0,0.0,0
15m,1755436500.0,3.1161,3.1192,3.1158,3.1175,226011.56,0.0,0.0,0
15m,1755437400.0,3.1175,3.1245,3.1173,3.1244,177327.72,0.0,0.0,0
15m,1755438300.0,3.1244,3.1321,3.1243,3.1284,394569.22,0.0,0.0,0
15m,1755439200.0,3.1284,3.1294,3.1256,3.1259,218959.81,0.0,0.0,0
15m,1755440100.0,3.1259,3.126,3.118,3.1212,270016.9,0.0,0.0,0
15m,1755441000.0,3.1212,3.1224,3.1173,3.1204,302877.49,0.0,0.0,0
15m,1755441900.0,3.1204,3.1253,3.1171,3.1179,333879.37,0.0,0.0,0
15m,1755442800.0,3.1179,3.1233,3.1155,3.1229,344138.77,0.0,0.0,0
15m,1755443700.0,3.1229,3.123,3.1152,3.1218,165488.45,0.0,0.0,0
15m,1755444600.0,3.1218,3.1379,3.1218,3.1374,458800.46,0.0,0.0,0
15m,1755445500.0,3.1374,3.1466,3.134,3.1439,730369.01,0.0,0.0,0
15m,1755446400.0,3.1439,3.1474,3.1373,3.1395,805688.36,0.0,0.0,0
15m,1755447300.0,3.1395,3.1407,3.1269,3.1275,607056.59,0.0,0.0,0
15m,1755448200.0,3.1275,3.1275,3.1156,3.1167,569715.95,0.0,0.0,0
15m,1755449100.0,3.1167,3.1186,3.1047,3.1123,774992.99,0.0,0.0,0
15m,1755450000.0,3.1123,3.1204,3.1109,3.1117,260085.97,0.0,0.0,0
15m,1755450900.0,3.1117,3.1191,3.1053,3.1164,217700.83,0.0,0.0,0
15m,1755451800.0,3.1164,3.1191,3.11,3.1125,193594.32,0.0,0.0,0
15m,1755452700.0,3.1125,3.1155,3.1062,3.1079,315820.32,0.0,0.0,0
15m,1755453600.0,3.1079,3.1088,3.1038,3.1064,250734.21,0.0,0.0,0
15m,1755454500.0,3.1064,3.1081,3.0994,3.1042,288984.11,0.0,0.0,0
15m,1755455400.0,3.1042,3.108,3.101,3.1024,263283.54,0.0,0.0,0
15m,1755456300.0,3.1024,3.1051,3.0775,3.0981,1758469.09,0.0,0.0,0
15m,1755457200.0,3.0981,3.1033,3.0927,3.1025,386775.56,0.0,0.0,0
15m,1755458100.0,3.1025,3.1031,3.0975,3.0993,168912.75,0.0,0.0,0
15m,1755459000.0,3.0993,3.1008,3.0897,3.0922,295550.73,0.0,0.0,0
15m,1755459900.0,3.0922,3.0961,3.087,3.089,272334.22,0.0,0.0,0
15m,1755460800.0,3.089,3.095,3.0885,3.0947,197217.2,0.0,0.0,0
15m,1755461700.0,3.0947,3.0963,3.0909,3.0937,146402.42,0.0,0.0,0
15m,1755462600.0,3.0937,3.0997,3.0931,3.0994,154745.86,0.0,0.0,0
15m,1755463500.0,3.0994,3.0996,3.092,3.0928,220698.1,0.0,0.0,0
15m,1755464400.0,3.0928,3.0958,3.0882,3.0915,300987.3,0.0,0.0,0
15m,1755465300.0,3.0915,3.0976,3.0885,3.0958,168254.92,0.0,0.0,0
15m,1755466200.0,3.0958,3.1019,3.0908,3.1018,129930.76,0.0,0.0,0
15m,1755467100.0,3.1018,3.1041,3.1001,3.1005,96052.43,0.0,0.0,0
15m,1755468000.0,3.1005,3.1048,3.0963,3.0991,350718.19,0.0,0.0,0
15m,1755468900.0,3.0991,3.1048,3.0969,3.103,261249.48,0.0,0.0,0
15m,1755469800.0,3.103,3.113,3.1017,3.113,142319.12,0.0,0.0,0
15m,1755470700.0,3.113,3.1131,3.1078,3.1105,253899.58,0.0,0.0,0
15m,1755471600.0,3.1105,3.1113,3.1008,3.107,385905.58,0.0,0.0,0
15m,1755472500.0,3.107,3.1075,3.0969,3.097,172367.14,0.0,0.0,0
15m,1755473400.0,3.097,3.0979,3.0921,3.0954,217947.43,0.0,0.0,0
15m,1755474300.0,3.0954,3.0957,3.0853,3.0873,375623.93,0.0,0.0,0
15m,1755475200.0,3.0873,3.0913,3.0826,3.0891,582235.18,0.0,0.0,0
15m,1755476100.0,3.0891,3.0891,3.0747,3.0782,968757.18,0.0,0.0,0
15m,1755477000.0,3.0782,3.0853,3.0726,3.0827,527748.29,0.0,0.0,0
15m,1755477900.0,3.0827,3.0884,3.0808,3.082,327212.59,0.0,0.0,0
15m,1755478800.0,3.082,3.0846,3.0728,3.0741,233628.27,0.0,0.0,0
15m,1755479700.0,3.0741,3.0803,3.0563,3.0563,1870844.35,0.0,0.0,0
15m,1755480600.0,3.0563,3.0687,3.0442,3.0515,1945397.98,0.0,0.0,0
15m,1755481500.0,3.0515,3.0561,3.0353,3.0416,822044.93,0.0,0.0,0
15m,1755482400.0,3.0416,3.0451,3.0208,3.0307,1566880.42,0.0,0.0,0
15m,1755483300.0,3.0307,3.0345,3.0185,3.021,1205377.06,0.0,0.0,0
15m,1755484200.0,3.021,3.0317,3.0123,3.0283,1576264.95,0.0,0.0,0
15m,1755485100.0,3.0283,3.0299,3.005,3.0103,2104113.36,0.0,0.0,0
15m,1755486000.0,3.0103,3.0158,3.0077,3.0105,1354721.99,0.0,0.0,0
15m,1755486900.0,3.0105,3.0134,2.9878,2.9882,2593201.28,0.0,0.0,0
15m,1755487800.0,2.9882,2.9934,2.9644,2.9794,3435391.71,0.0,0.0,0
15m,1755488700.0,2.9794,2.9925,2.9686,2.9896,2130451.86,0.0,0.0,0
15m,1755489600.0,2.9896,2.9897,2.9776,2.9867,1856257.68,0.0,0.0,0
15m,1755490500.0,2.9867,2.9957,2.9817,2.9957,1242676.43,0.0,0.0,0
15m,1755491400.0,2.9957,2.9994,2.992,2.9921,1910080.35,0.0,0.0,0
15m,1755492300.0,2.9921,2.9993,2.992,2.9982,1001343.98,0.0,0.0,0
15m,1755493200.0,2.9982,3.0046,2.9974,3.0032,1142966.65,0.0,0.0,0
15m,1755494100.0,3.0032,3.0035,2.9961,2.9974,833771.81,0.0,0.0,0
15m,1755495000.0,2.9974,2.9981,2.9783,2.983,1069295.02,0.0,0.0,0
15m,1755495900.0,2.983,2.9917,2.9723,2.9915,1302775.86,0.0,0.0,0
15m,1755496800.0,2.9915,2.9915,2.973,2.9759,1171933.63,0.0,0.0,0
15m,1755497700.0,2.9759,2.9805,2.9609,2.9709,1111746.77,0.0,0.0,0
15m,1755498600.0,2.9709,2.9767,2.9555,2.9619,1321861.23,0.0,0.0,0
15m,1755499500.0,2.9619,2.9721,2.955,2.9709,1027699.83,0.0,0.0,0
15m,1755500400.0,2.9709,2.978,2.9682,2.969,1083908.3,0.0,0.0,0
15m,1755501300.0,2.969,2.9725,2.9598,2.9662,866276.34,0.0,0.0,0
15m,1755502200.0,2.9662,2.9754,2.9585,2.9687,754561.52,0.0,0.0,0
15m,1755503100.0,2.9687,2.9716,2.962,2.9639,287626.2,0.0,0.0,0
15m,1755504000.0,2.9639,2.9753,2.9621,2.9653,400678.5,0.0,0.0,0
15m,1755504900.0,2.9653,2.9728,2.9629,2.9728,302405.4,0.0,0.0,0
15m,1755505800.0,2.9728,2.9757,2.9666,2.968,328117.13,0.0,0.0,0
15m,1755506700.0,2.968,2.9709,2.9619,2.9623,525526.63,0.0,0.0,0
15m,1755507600.0,2.9623,2.9623,2.9507,2.9541,684808.92,0.0,0.0,0
15m,1755508500.0,2.9541,2.9541,2.9414,2.9459,1321897.1,0.0,0.0,0
15m,1755509400.0,2.9459,2.9639,2.9402,2.9635,876471.23,0.0,0.0,0
15m,1755510300.0,2.9635,2.9695,2.96,2.9672,510680.18,0.0,0.0,0
15m,1755511200.0,2.9672,2.9728,2.959,2.9604,367682.58,0.0,0.0,0
15m,1755512100.0,2.9604,2.9641,2.9551,2.956,360518.69,0.0,0.0,0
15m,1755513000.0,2.956,2.9695,2.9557,2.9695,427065.46,0.0,0.0,0
15m,1755513900.0,2.9695,2.9695,2.9645,2.9695,615725.36,0.0,0.0,0
15m,1755514800.0,2.9695,2.9731,2.964,2.9682,433624.68,0.0,0.0,0
15m,1755515700.0,2.9682,2.9747,2.9663,2.9718,442364.85,0.0,0.0,0
15m,1755516600.0,2.9718,2.978,2.9678,2.9772,647878.82,0.0,0.0,0
15m,1755517500.0,2.9772,2.9775,2.9589,2.9641,962850.36,0.0,0.0,0
15m,1755518400.0,2.9641,2.9792,2.9598,2.9745,568741.22,0.0,0.0,0
15m,1755519300.0,2.9745,2.9795,2.9716,2.9753,618635.04,0.0,0.0,0
15m,1755520200.0,2.9753,2.9824,2.9726,2.9814,771042.01,0.0,0.0,0
15m,1755521100.0,2.9814,2.9898,2.9797,2.9898,674790.86,0.0,0.0,0
15m,1755522000.0,2.9898,2.9959,2.9857,2.992,1157617.34,0.0,0.0,0
15m,1755522900.0,2.992,3.0,2.9878,2.9978,959533.89,0.0,0.0,0
15m,1755523800.0,2.9978,3.0005,2.9768,2.9828,1369714.0,0.0,0.0,0
15m,1755524700.0,2.9828,2.9919,2.9669,2.9672,1055552.97,0.0,0.0,0
15m,1755525600.0,2.9672,2.9861,2.9672,2.982,860813.34,0.0,0.0,0
15m,1755526500.0,2.982,2.9957,2.9757,2.992,717265.78,0.0,0.0,0
15m,1755527400.0,2.992,2.9986,2.9827,2.9833,610018.28,0.0,0.0,0
15m,1755528300.0,2.9833,2.9958,2.9696,2.9958,615186.49,0.0,0.0,0
15m,1755529200.0,2.9958,3.0057,2.9903,2.991,484659.23,0.0,0.0,0
15m,1755530100.0,2.991,3.0012,2.9872,2.9938,582504.15,0.0,0.0,0
15m,1755531000.0,2.9938,3.0219,2.9864,3.0131,833872.79,0.0,0.0,0
15m,1755531900.0,3.0131,3.0239,3.0118,3.0155,774114.44,0.0,0.0,0
15m,1755532800.0,3.0155,3.0229,3.0071,3.0092,623766.19,0.0,0.0,0
15m,1755533700.0,3.0092,3.0219,3.0041,3.0156,351658.79,0.0,0.0,0
15m,1755534600.0,3.0156,3.0219,3.0023,3.0104,240014.99,0.0,0.0,0
15m,1755535500.0,3.0104,3.022,3.0033,3.0039,268716.29,0.0,0.0,0
15m,1755536400.0,3.0039,3.0194,3.0008,3.019,574233.55,0.0,0.0,0
15m,1755537300.0,3.019,3.0507,3.019,3.0477,945448.83,0.0,0.0,0
15m,1755538200.0,3.0477,3.0962,3.0469,3.0778,2490486.32,0.0,0.0,0
15m,1755539100.0,3.0778,3.0846,3.068,3.0704,903028.72,0.0,0.0,0
15m,1755540000.0,3.0704,3.0745,3.0473,3.0483,771072.26,0.0,0.0,0
15m,1755540900.0,3.0483,3.0544,3.0435,3.0535,386082.99,0.0,0.0,0
15m,1755541800.0,3.0535,3.0655,3.0531,3.0593,276457.82,0.0,0.0,0
15m,1755542700.0,3.0593,3.0665,3.0589,3.0654,349121.91,0.0,0.0,0
15m,1755543600.0,3.0654,3.0764,3.0562,3.0605,611273.49,0.0,0.0,0
15m,1755544500.0,3.0605,3.077,3.0559,3.076,363651.14,0.0,0.0,0
15m,1755545400.0,3.076,3.0779,3.0622,3.0627,255581.93,0.0,0.0,0
15m,1755546300.0,3.0627,3.084,3.0604,3.0812,374994.82,0.0,0.0,0
15m,1755547200.0,3.0812,3.083,3.0678,3.0784,334079.04,0.0,0.0,0
15m,1755548100.0,3.0784,3.0798,3.0682,3.0766,313441.83,0.0,0.0,0
15m,1755549000.0,3.0766,3.0788,3.0517,3.061,644682.51,0.0,0.0,0
15m,1755549900.0,3.061,3.0807,3.0572,3.0795,467937.84,0.0,0.0,0
15m,1755550800.0,3.0795,3.0908,3.0735,3.0905,524623.76,0.0,0.0,0
15m,1755551700.0,3.0905,3.0953,3.0854,3.0941,504163.69,0.0,0.0,0
15m,1755552600.0,3.0941,3.0956,3.0733,3.0733,447855.11,0.0,0.0,0
15m,1755553500.0,3.0733,3.0885,3.0692,3.0793,335626.95,0.0,0.0,0
15m,1755554400.0,3.0793,3.0908,3.0793,3.0852,591334.06,0.0,0.0,0
15m,1755555300.0,3.0852,3.0928,3.0843,3.0857,387970.38,0.0,0.0,0
15m,1755556200.0,3.0857,3.0872,3.0763,3.0775,465093.31,0.0,0.0,0
15m,1755557100.0,3.0775,3.0792,3.0682,3.0689,293273.52,0.0,0.0,0
15m,1755558000.0,3.0689,3.0706,3.0625,3.0625,488426.0,0.0,0.0,0
15m,1755558900.0,3.0625,3.0695,3.0601,3.0653,731831.73,0.0,0.0,0
15m,1755559800.0,3.0653,3.0659,3.0561,3.0576,485474.61,0.0,0.0,0
15m,1755560700.0,3.0576,3.0629,3.0553,3.0615,691106.84,0.0,0.0,0
15m,1755561600.0,3.0615,3.064,3.0565,3.0575,312788.99,0.0,0.0,0
15m,1755562500.0,3.0575,3.0575,3.0378,3.0388,1086959.95,0.0,0.0,0
15m,1755563400.0,3.0388,3.0562,3.0248,3.0521,1740177.33,0.0,0.0,0
15m,1755564300.0,3.0521,3.07,3.0519,3.0668,599686.96,0.0,0.0,0
15m,1755565200.0,3.0668,3.0806,3.0637,3.0695,542885.71,0.0,0.0,0
15m,1755566100.0,3.0695,3.0737,3.0568,3.0568,475219.97,0.0,0.0,0
15m,1755567000.0,3.0568,3.0568,3.0451,3.051,498383.4,0.0,0.0,0
15m,1755567900.0,3.051,3.0569,3.0445,3.0506,605300.75,0.0,0.0,0
15m,1755568800.0,3.0506,3.0515,3.0369,3.0418,429653.93,0.0,0.0,0
15m,1755569700.0,3.0418,3.0472,3.0343,3.044,259798.53,0.0,0.0,0
15m,1755570600.0,3.044,3.0484,3.0365,3.0396,506712.95,0.0,0.0,0
15m,1755571500.0,3.0396,3.0477,3.0324,3.0351,372488.3,0.0,0.0,0
15m,1755572400.0,3.0351,3.0363,3.0237,3.0322,762398.25,0.0,0.0,0
15m,1755573300.0,3.0322,3.0354,3.019,3.0206,673032.78,0.0,0.0,0
15m,1755574200.0,3.0206,3.0206,2.9891,2.9986,1440665.25,0.0,0.0,0
15m,1755575100.0,2.9986,2.9997,2.9842,2.9905,1210153.38,0.0,0.0,0
15m,1755576000.0,2.9905,2.9967,2.9731,2.9864,1005875.1,0.0,0.0,0
15m,1755576900.0,2.9864,2.991,2.9756,2.9819,327818.06,0.0,0.0,0
15m,1755577800.0,2.9819,2.9988,2.9814,2.9986,337419.63,0.0,0.0,0
15m,1755578700.0,2.9986,3.0073,2.9936,3.0062,301925.5,0.0,0.0,0
15m,1755579600.0,3.0062,3.0135,3.0018,3.0102,506633.0,0.0,0.0,0
15m,1755580500.0,3.0102,3.0231,3.0081,3.022,436380.83,0.0,0.0,0
15m,1755581400.0,3.022,3.0279,3.016,3.0219,349647.41,0.0,0.0,0
15m,1755582300.0,3.0219,3.0227,3.0138,3.0146,313942.19,0.0,0.0,0
15m,1755583200.0,3.0146,3.0193,3.004,3.0177,663308.65,0.0,0.0,0
15m,1755584100.0,3.0177,3.0262,3.0111,3.0219,527068.16,0.0,0.0,0
15m,1755585000.0,3.0219,3.0263,3.0181,3.021,303330.8,0.0,0.0,0
15m,1755585900.0,3.021,3.0237,3.014,3.0203,453360.51,0.0,0.0,0
15m,1755586800.0,3.0203,3.0229,3.0064,3.0108,639652.32,0.0,0.0,0
15m,1755587700.0,3.0108,3.0117,2.9955,3.001,1072299.91,0.0,0.0,0
15m,1755588600.0,3.001,3.003,2.9921,2.9979,817126.3,0.0,0.0,0
15m,1755589500.0,2.9979,3.0075,2.9964,3.004,464967.08,0.0,0.0,0
15m,1755590400.0,3.004,3.0107,2.9912,3.0027,612688.54,0.0,0.0,0
15m,1755591300.0,3.0027,3.0073,2.9987,3.0018,702186.59,0.0,0.0,0
15m,1755592200.0,3.0018,3.0029,2.9958,2.9997,262011.34,0.0,0.0,0
15m,1755593100.0,2.9997,3.0167,2.9974,3.0091,747506.36,0.0,0.0,0
15m,1755594000.0,3.0091,3.0186,3.0056,3.0141,679514.2,0.0,0.0,0
15m,1755594900.0,3.0141,3.02,3.0123,3.0181,378034.05,0.0,0.0,0
15m,1755595800.0,3.0181,3.0236,3.0101,3.0114,245814.78,0.0,0.0,0
15m,1755596700.0,3.0114,3.0175,3.0089,3.0174,130248.09,0.0,0.0,0
15m,1755597600.0,3.0174,3.0199,3.0113,3.0128,288269.69,0.0,0.0,0
15m,1755598500.0,3.0128,3.0174,3.0119,3.0142,128188.49,0.0,0.0,0
15m,1755599400.0,3.0142,3.0247,3.011,3.0192,223355.06,0.0,0.0,0
15m,1755600300.0,3.0192,3.0203,3.0103,3.0131,136954.53,0.0,0.0,0
15m,1755601200.0,3.0131,3.0146,3.0077,3.0115,390201.63,0.0,0.0,0
15m,1755602100.0,3.0115,3.0194,3.0095,3.0151,286278.26,0.0,0.0,0
15m,1755603000.0,3.0151,3.0183,3.0077,3.0083,209379.28,0.0,0.0,0
15m,1755603900.0,3.0083,3.0177,3.0071,3.0157,156872.45,0.0,0.0,0
15m,1755604800.0,3.0157,3.0162,3.0109,3.0128,138439.84,0.0,0.0,0
15m,1755605700.0,3.0128,3.0188,3.0118,3.017,137738.26,0.0,0.0,0
15m,1755606600.0,3.017,3.0171,3.0099,3.0133,329313.9,0.0,0.0,0
15m,1755607500.0,3.0133,3.0149,3.0044,3.0137,415570.24,0.0,0.0,0
15m,1755608400.0,3.0137,3.0139,3.0057,3.0057,234687.28,0.0,0.0,0
15m,1755609300.0,3.0057,3.029,3.0051,3.024,313157.62,0.0,0.0,0
15m,1755610200.0,3.024,3.0384,2.9905,2.9913,1875947.0,0.0,0.0,0
15m,1755611100.0,2.9913,3.0095,2.9848,2.9999,1075118.17,0.0,0.0,0
15m,1755612000.0,2.9999,3.0076,2.9883,2.9898,544708.91,0.0,0.0,0
15m,1755612900.0,2.9898,2.9908,2.9497,2.9498,968856.94,0.0,0.0,0
15m,1755613800.0,2.9498,2.9618,2.9349,2.9456,1552571.58,0.0,0.0,0
15m,1755614700.0,2.9456,2.9507,2.9323,2.9428,1025485.44,0.0,0.0,0
15m,1755615600.0,2.9428,2.9508,2.9337,2.9466,908972.27,0.0,0.0,0
15m,1755616500.0,2.9466,2.9671,2.9459,2.9648,568547.9,0.0,0.0,0
15m,1755617400.0,2.9648,2.9659,2.9471,2.9527,357413.81,0.0,0.0,0
15m,1755618300.0,2.9527,2.9527,2.9273,2.9293,1015321.24,0.0,0.0,0
15m,1755619200.0,2.9293,2.9343,2.923,2.923,1153407.02,0.0,0.0,0
15m,1755620100.0,2.923,2.9352,2.9201,2.9222,675882.72,0.0,0.0,0
15m,1755621000.0,2.9222,2.9316,2.9115,2.9221,1358026.68,0.0,0.0,0
15m,1755621900.0,2.9221,2.9236,2.9081,2.9108,1454778.57,0.0,0.0,0
15m,1755622800.0,2.9108,2.9224,2.8965,2.9224,1621338.73,0.0,0.0,0
15m,1755623700.0,2.9224,2.9298,2.9204,2.9275,960244.04,0.0,0.0,0
15m,1755624600.0,2.9275,2.9322,2.9214,2.9255,535117.51,0.0,0.0,0
15m,1755625500.0,2.9255,2.932,2.9187,2.929,332577.08,0.0,0.0,0
15m,1755626400.0,2.929,2.9332,2.9254,2.9254,427939.98,0.0,0.0,0
15m,1755627300.0,2.9254,2.9307,2.9184,2.9185,385089.51,0.0,0.0,0
15m,1755628200.0,2.9185,2.9259,2.9067,2.9095,416349.22,0.0,0.0,0
15m,1755629100.0,2.9095,2.9132,2.8927,2.9026,1051918.84,0.0,0.0,0
15m,1755630000.0,2.9026,2.9026,2.8798,2.8873,1314229.41,0.0,0.0,0
15m,1755630900.0,2.8873,2.9185,2.8817,2.9159,1054405.4,0.0,0.0,0
15m,1755631800.0,2.9159,2.9184,2.9084,2.9113,433090.46,0.0,0.0,0
15m,1755632700.0,2.9113,2.913,2.871,2.876,1873979.46,0.0,0.0,0
15m,1755633600.0,2.876,2.885,2.8712,2.8764,778124.68,0.0,0.0,0
15m,1755634500.0,2.8764,2.8941,2.8746,2.891,855958.31,0.0,0.0,0
15m,1755635400.0,2.891,2.9026,2.891,2.901,390154.38,0.0,0.0,0
15m,1755636300.0,2.901,2.9055,2.8963,2.9026,2117750.76,0.0,0.0,0
15m,1755637200.0,2.9026,2.9035,2.8884,2.8924,2483452.94,0.0,0.0,0
15m,1755638100.0,2.8924,2.8982,2.874,2.8911,1177813.84,0.0,0.0,0
15m,1755639000.0,2.8911,2.8962,2.8872,2.8957,345365.66,0.0,0.0,0
15m,1755639900.0,2.8957,2.8991,2.8927,2.896,115183.95,0.0,0.0,0
15m,1755640800.0,2.896,2.8963,2.8826,2.8877,359845.13,0.0,0.0,0
15m,1755641700.0,2.8877,2.8945,2.8841,2.8922,268065.66,0.0,0.0,0
15m,1755642600.0,2.8922,2.9007,2.8912,2.8976,246678.57,0.0,0.0,0
15m,1755643500.0,2.8976,2.898,2.8887,2.8917,229623.0,0.0,0.0,0
15m,1755644400.0,2.8917,2.8934,2.8823,2.8864,292419.58,0.0,0.0,0
15m,1755645300.0,2.8864,2.8876,2.8619,2.865,1186636.68,0.0,0.0,0
15m,1755646200.0,2.865,2.8776,2.8622,2.8693,865300.66,0.0,0.0,0
15m,1755647100.0,2.8693,2.8707,2.8483,2.8605,1658858.49,0.0,0.0,0
15m,1755648000.0,2.8605,2.884,2.8595,2.878,1596313.8,0.0,0.0,0
15m,1755648900.0,2.878,2.8876,2.8679,2.8738,727240.48,0.0,0.0,0
15m,1755649800.0,2.8738,2.8877,2.8715,2.8847,910830.3,0.0,0.0,0
15m,1755650700.0,2.8847,2.8885,2.8777,2.8784,373368.15,0.0,0.0,0
15m,1755651600.0,2.8784,2.8912,2.8755,2.8781,545332.1,0.0,0.0,0
15m,1755652500.0,2.8781,2.8885,2.8713,2.8723,559385.69,0.0,0.0,0
15m,1755653400.0,2.8723,2.8737,2.8491,2.8559,1276228.93,0.0,0.0,0
15m,1755654300.0,2.8559,2.8869,2.8558,2.8848,809424.61,0.0,0.0,0
15m,1755655200.0,2.8848,2.8927,2.878,2.8914,568419.06,0.0,0.0,0
15m,1755656100.0,2.8914,2.8935,2.889,2.8911,358909.88,0.0,0.0,0
15m,1755657000.0,2.8911,2.8926,2.8866,2.8919,411578.41,0.0,0.0,0
15m,1755657900.0,2.8919,2.8933,2.8843,2.8849,395567.14,0.0,0.0,0
15m,1755658800.0,2.8849,2.8932,2.883,2.8836,529651.53,0.0,0.0,0
15m,1755659700.0,2.8836,2.8941,2.8816,2.8939,578993.02,0.0,0.0,0
15m,1755660600.0,2.8939,2.8999,2.8835,2.8856,556401.65,0.0,0.0,0
15m,1755661500.0,2.8856,2.8896,2.8831,2.8871,467850.63,0.0,0.0,0
15m,1755662400.0,2.8871,2.896,2.8866,2.8926,500298.53,0.0,0.0,0
15m,1755663300.0,2.8926,2.8977,2.891,2.8963,538863.6,0.0,0.0,0
15m,1755664200.0,2.8963,2.901,2.8895,2.892,737845.86,0.0,0.0,0
15m,1755665100.0,2.892,2.9001,2.8917,2.8989,591790.65,0.0,0.0,0
15m,1755666000.0,2.8989,2.9004,2.8929,2.8939,456586.42,0.0,0.0,0
15m,1755666900.0,2.8939,2.8959,2.8881,2.8946,412103.86,0.0,0.0,0
15m,1755667800.0,2.8946,2.8985,2.8924,2.8965,318491.3,0.0,0.0,0
15m,1755668700.0,2.8965,2.9006,2.8957,2.9001,176211.43,0.0,0.0,0
15m,1755669600.0,2.9001,2.9001,2.8834,2.8837,728193.44,0.0,0.0,0
15m,1755670500.0,2.8837,2.8875,2.8765,2.885,557411.7,0.0,0.0,0
15m,1755671400.0,2.885,2.8927,2.8832,2.8915,476131.77,0.0,0.0,0
15m,1755672300.0,2.8915,2.8915,2.8836,2.885,371811.89,0.0,0.0,0
15m,1755673200.0,2.885,2.8929,2.883,2.8921,588293.32,0.0,0.0,0
15m,1755674100.0,2.8921,2.8966,2.8883,2.893,421200.31,0.0,0.0,0
15m,1755675000.0,2.893,2.8935,2.8756,2.8768,428633.49,0.0,0.0,0
15m,1755675900.0,2.8768,2.8799,2.8647,2.8674,696574.16,0.0,0.0,0
15m,1755676800.0,2.8674,2.8796,2.8635,2.879,355580.37,0.0,0.0,0
15m,1755677700.0,2.879,2.8918,2.8787,2.8912,192090.96,0.0,0.0,0
15m,1755678600.0,2.8912,2.9092,2.8912,2.907,563173.04,0.0,0.0,0
15m,1755679500.0,2.907,2.914,2.902,2.9131,794964.02,0.0,0.0,0
15m,1755680400.0,2.9131,2.9133,2.8987,2.9055,1266870.04,0.0,0.0,0
15m,1755681300.0,2.9055,2.9084,2.8941,2.8955,625587.66,0.0,0.0,0
15m,1755682200.0,2.8955,2.9006,2.891,2.8965,251361.11,0.0,0.0,0
15m,1755683100.0,2.8965,2.9028,2.8851,2.887,320359.4,0.0,0.0,0
15m,1755684000.0,2.887,2.8906,2.8843,2.8859,323990.43,0.0,0.0,0
15m,1755684900.0,2.8859,2.8986,2.8859,2.8911,312344.14,0.0,0.0,0
15m,1755685800.0,2.8911,2.9007,2.8909,2.9,143727.57,0.0,0.0,0
15m,1755686700.0,2.9,2.9058,2.8999,2.9034,579084.99,0.0,0.0,0
15m,1755687600.0,2.9034,2.9053,2.8908,2.8924,244032.87,0.0,0.0,0
15m,1755688500.0,2.8924,2.8929,2.8862,2.8876,227246.83,0.0,0.0,0
15m,1755689400.0,2.8876,2.8879,2.8627,2.8652,699134.69,0.0,0.0,0
15m,1755690300.0,2.8652,2.8892,2.8602,2.8892,826121.25,0.0,0.0,0
15m,1755691200.0,2.8892,2.9137,2.8892,2.8973,783850.89,0.0,0.0,0
15m,1755692100.0,2.8973,2.9015,2.8859,2.8893,429365.54,0.0,0.0,0
15m,1755693000.0,2.8893,2.9028,2.8886,2.9004,637326.38,0.0,0.0,0
15m,1755693900.0,2.9004,2.9012,2.8918,2.8929,554362.54,0.0,0.0,0
15m,1755694800.0,2.8929,2.8929,2.8718,2.8721,309093.21,0.0,0.0,0
15m,1755695700.0,2.8721,2.8813,2.8689,2.8798,445409.01,0.0,0.0,0
15m,1755696600.0,2.8798,2.8903,2.8626,2.8633,1604078.19,0.0,0.0,0
15m,1755697500.0,2.8633,2.8655,2.8364,2.8389,2876157.54,0.0,0.0,0
15m,1755698400.0,2.8389,2.85,2.8231,2.8286,2322759.4,0.0,0.0,0
15m,1755699300.0,2.8286,2.8598,2.8187,2.856,1632537.39,0.0,0.0,0
15m,1755700200.0,2.856,2.8919,2.8556,2.8823,1594235.49,0.0,0.0,0
15m,1755701100.0,2.8823,2.9022,2.8784,2.8884,1048527.12,0.0,0.0,0
15m,1755702000.0,2.8884,2.9261,2.8847,2.9151,2271377.85,0.0,0.0,0
15m,1755702900.0,2.9151,2.9346,2.914,2.9297,1121648.08,0.0,0.0,0
15m,1755703800.0,2.9297,2.9328,2.92,2.9242,664049.46,0.0,0.0,0
15m,1755704700.0,2.9242,2.9287,2.8984,2.9044,1023621.38,0.0,0.0,0
15m,1755705600.0,2.9044,2.9207,2.9041,2.9185,729246.23,0.0,0.0,0
15m,1755706500.0,2.9185,2.9292,2.9175,2.9288,407111.9,0.0,0.0,0
15m,1755707400.0,2.9288,2.9288,2.913,2.9187,297905.73,0.0,0.0,0
15m,1755708300.0,2.9187,2.9246,2.9105,2.9137,366709.28,0.0,0.0,0
15m,1755709200.0,2.9137,2.9332,2.9121,2.9253,284513.54,0.0,0.0,0
15m,1755710100.0,2.9253,2.9369,2.9207,2.921,351379.49,0.0,0.0,0
15m,1755711000.0,2.921,2.9519,2.9203,2.9517,689876.05,0.0,0.0,0
15m,1755711900.0,2.9517,2.9564,2.9315,2.9436,1106704.95,0.0,0.0,0
15m,1755712800.0,2.9436,2.9457,2.9189,2.9201,587207.74,0.0,0.0,0
15m,1755713700.0,2.9201,2.9215,2.9082,2.9106,955127.51,0.0,0.0,0
15m,1755714600.0,2.9106,2.9236,2.9065,2.9221,221520.99,0.0,0.0,0
15m,1755715500.0,2.9221,2.926,2.9184,2.9188,141474.54,0.0,0.0,0
15m,1755716400.0,2.9188,2.9421,2.9172,2.94,325397.18,0.0,0.0,0
15m,1755717300.0,2.94,2.9587,2.9395,2.954,385089.61,0.0,0.0,0
15m,1755718200.0,2.954,2.9596,2.9512,2.9574,360272.13,0.0,0.0,0
15m,1755719100.0,2.9574,2.9898,2.9556,2.9893,1982211.17,0.0,0.0,0
15m,1755720000.0,2.9893,2.9899,2.9736,2.9737,827577.94,0.0,0.0,0
15m,1755720900.0,2.9737,2.9763,2.966,2.9719,289773.46,0.0,0.0,0
15m,1755721800.0,2.9719,2.9763,2.9664,2.9729,261987.5,0.0,0.0,0
15m,1755722700.0,2.9729,2.9756,2.9685,2.9704,242780.75,0.0,0.0,0
15m,1755723600.0,2.9704,2.9768,2.97,2.972,229857.9,0.0,0.0,0
15m,1755724500.0,2.972,2.9736,2.9564,2.9589,278168.56,0.0,0.0,0
15m,1755725400.0,2.9589,2.9705,2.9534,2.9693,295581.43,0.0,0.0,0
15m,1755726300.0,2.9693,2.9725,2.9651,2.9672,230196.48,0.0,0.0,0
15m,1755727200.0,2.9672,2.9738,2.9617,2.967,136894.06,0.0,0.0,0
15m,1755728100.0,2.967,2.9677,2.9622,2.9661,183315.35,0.0,0.0,0
15m,1755729000.0,2.9661,2.9697,2.9615,2.9697,153629.31,0.0,0.0,0
15m,1755729900.0,2.9697,2.9717,2.9665,2.9693,195075.37,0.0,0.0,0
15m,1755730800.0,2.9693,2.9705,2.9606,2.9611,185787.77,0.0,0.0,0
15m,1755731700.0,2.9611,2.9617,2.9533,2.9548,185817.1,0.0,0.0,0
15m,1755732600.0,2.9548,2.9601,2.9543,2.958,80058.5,0.0,0.0,0
15m,1755733500.0,2.958,2.9581,2.9497,2.9514,181190.87,0.0,0.0,0
15m,1755734400.0,2.9514,2.9517,2.9463,2.9464,646782.5,0.0,0.0,0
15m,1755735300.0,2.9464,2.9481,2.9341,2.9372,579033.8,0.0,0.0,0
15m,1755736200.0,2.9372,2.9512,2.9372,2.948,344780.69,0.0,0.0,0
15m,1755737100.0,2.948,2.9505,2.9381,2.9435,175250.94,0.0,0.0,0
15m,1755738000.0,2.9435,2.9447,2.933,2.9368,207086.57,0.0,0.0,0
15m,1755738900.0,2.9368,2.9396,2.9276,2.9351,238917.93,0.0,0.0,0
15m,1755739800.0,2.9351,2.9447,2.9335,2.9417,226592.01,0.0,0.0,0
15m,1755740700.0,2.9417,2.9517,2.9361,2.9507,288686.16,0.0,0.0,0
15m,1755741600.0,2.9507,2.9584,2.9278,2.9279,364253.28,0.0,0.0,0
15m,1755742500.0,2.9279,2.9292,2.9199,2.9237,787110.64,0.0,0.0,0
15m,1755743400.0,2.9237,2.924,2.9133,2.9176,270299.69,0.0,0.0,0
15m,1755744300.0,2.9176,2.9248,2.9156,2.9243,149898.34,0.0,0.0,0
15m,1755745200.0,2.9243,2.9509,2.9239,2.946,538639.53,0.0,0.0,0
15m,1755746100.0,2.946,2.9481,2.9355,2.9368,556761.48,0.0,0.0,0
15m,1755747000.0,2.9368,2.9426,2.9341,2.9405,527413.07,0.0,0.0,0
15m,1755747900.0,2.9405,2.9421,2.9296,2.93,263542.1,0.0,0.0,0
15m,1755748800.0,2.93,2.9328,2.925,2.9268,82188.1,0.0,0.0,0
15m,1755749700.0,2.9268,2.9275,2.9221,2.9261,192048.31,0.0,0.0,0
15m,1755750600.0,2.9261,2.9351,2.9246,2.9347,260061.24,0.0,0.0,0
15m,1755751500.0,2.9347,2.9409,2.9306,2.9307,342764.98,0.0,0.0,0
15m,1755752400.0,2.9307,2.9333,2.9234,2.9262,136052.82,0.0,0.0,0
15m,1755753300.0,2.9262,2.9292,2.9215,2.9236,203831.42,0.0,0.0,0
15m,1755754200.0,2.9236,2.9311,2.9231,2.924,149208.96,0.0,0.0,0
15m,1755755100.0,2.924,2.931,2.9226,2.931,148317.03,0.0,0.0,0
15m,1755756000.0,2.931,2.9311,2.9117,2.9123,398872.4,0.0,0.0,0
15m,1755756900.0,2.9123,2.9143,2.9035,2.9057,600977.14,0.0,0.0,0
15m,1755757800.0,2.9057,2.913,2.9056,2.9104,373287.69,0.0,0.0,0
15m,1755758700.0,2.9104,2.9118,2.9073,2.9114,339841.34,0.0,0.0,0
15m,1755759600.0,2.9114,2.9176,2.9042,2.9042,233204.22,0.0,0.0,0
15m,1755760500.0,2.9042,2.9068,2.8914,2.9037,1644453.19,0.0,0.0,0
15m,1755761400.0,2.9037,2.912,2.9,2.9086,430229.26,0.0,0.0,0
15m,1755762300.0,2.9086,2.9099,2.9051,2.9085,324124.91,0.0,0.0,0
15m,1755763200.0,2.9085,2.9162,2.9033,2.9162,513623.76,0.0,0.0,0
15m,1755764100.0,2.9162,2.9162,2.9,2.9026,259424.63,0.0,0.0,0
15m,1755765000.0,2.9026,2.9063,2.8988,2.9045,136485.16,0.0,0.0,0
15m,1755765900.0,2.9045,2.9093,2.8973,2.8975,199227.1,0.0,0.0,0
15m,1755766800.0,2.8975,2.8977,2.8893,2.8916,382722.12,0.0,0.0,0
15m,1755767700.0,2.8916,2.8939,2.8861,2.8925,274259.75,0.0,0.0,0
15m,1755768600.0,2.8925,2.9051,2.8914,2.9045,236225.89,0.0,0.0,0
15m,1755769500.0,2.9045,2.906,2.893,2.8931,244694.3,0.0,0.0,0
15m,1755770400.0,2.8931,2.9024,2.8903,2.8986,354093.09,0.0,0.0,0
15m,1755771300.0,2.8986,2.902,2.8944,2.8997,222039.88,0.0,0.0,0
15m,1755772200.0,2.8997,2.905,2.8959,2.9022,147504.16,0.0,0.0,0
15m,1755773100.0,2.9022,2.905,2.8977,2.9006,157546.67,0.0,0.0,0
15m,1755774000.0,2.9006,2.9089,2.8994,2.9077,154350.7,0.0,0.0,0
15m,1755774900.0,2.9077,2.9124,2.907,2.9122,138202.44,0.0,0.0,0
15m,1755775800.0,2.9122,2.916,2.8999,2.9058,406867.51,0.0,0.0,0
15m,1755776700.0,2.9058,2.9058,2.8959,2.9022,358989.11,0.0,0.0,0
15m,1755777600.0,2.9022,2.904,2.8967,2.8995,255423.47,0.0,0.0,0
15m,1755778500.0,2.8995,2.9055,2.8902,2.8989,572742.72,0.0,0.0,0
15m,1755779400.0,2.8989,2.91,2.8979,2.9042,305440.06,0.0,0.0,0
15m,1755780300.0,2.9042,2.9049,2.8832,2.8905,402921.38,0.0,0.0,0
15m,1755781200.0,2.8905,2.8997,2.885,2.8983,213980.47,0.0,0.0,0
15m,1755782100.0,2.8983,2.9063,2.8959,2.9055,180602.4,0.0,0.0,0
15m,1755783000.0,2.9055,2.921,2.8934,2.9155,1205539.63,0.0,0.0,0
15m,1755783900.0,2.9155,2.9165,2.8962,2.8966,877235.81,0.0,0.0,0
15m,1755784800.0,2.8966,2.9136,2.8916,2.9096,641208.35,0.0,0.0,0
15m,1755785700.0,2.9096,2.9235,2.9065,2.9217,790650.61,0.0,0.0,0
15m,1755786600.0,2.9217,2.9227,2.8759,2.8941,1380508.11,0.0,0.0,0
15m,1755787500.0,2.8941,2.9005,2.8866,2.8995,532423.96,0.0,0.0,0
15m,1755788400.0,2.8995,2.9035,2.876,2.8768,684561.86,0.0,0.0,0
15m,1755789300.0,2.8768,2.8975,2.8727,2.8918,633996.72,0.0,0.0,0
15m,1755790200.0,2.8918,2.9003,2.8848,2.895,387240.75,0.0,0.0,0
15m,1755791100.0,2.895,2.8953,2.8825,2.8872,228670.86,0.0,0.0,0
15m,1755792000.0,2.8872,2.9021,2.8819,2.9,506785.87,0.0,0.0,0
15m,1755792900.0,2.9,2.9098,2.8917,2.8982,421231.98,0.0,0.0,0
15m,1755793800.0,2.8982,2.9039,2.8896,2.901,642871.71,0.0,0.0,0
15m,1755794700.0,2.901,2.9032,2.8889,2.8906,312347.01,0.0,0.0,0
15m,1755795600.0,2.8906,2.8912,2.874,2.8783,389032.06,0.0,0.0,0
15m,1755796500.0,2.8783,2.8907,2.8774,2.885,356966.54,0.0,0.0,0
15m,1755797400.0,2.885,2.9046,2.884,2.9017,734328.78,0.0,0.0,0
15m,1755798300.0,2.9017,2.9077,2.8993,2.9017,217457.65,0.0,0.0,0
15m,1755799200.0,2.9017,2.906,2.9013,2.9047,156967.63,0.0,0.0,0
15m,1755800100.0,2.9047,2.917,2.9028,2.9148,441072.36,0.0,0.0,0
15m,1755801000.0,2.9148,2.9157,2.9045,2.9046,336256.9,0.0,0.0,0
15m,1755801900.0,2.9046,2.9156,2.9006,2.9141,484736.96,0.0,0.0,0
15m,1755802800.0,2.9141,2.921,2.9078,2.9083,768335.39,0.0,0.0,0
15m,1755803700.0,2.9083,2.9113,2.8893,2.8893,907757.95,0.0,0.0,0
15m,1755804600.0,2.8893,2.8893,2.8687,2.8687,1018028.54,0.0,0.0,0
15m,1755805500.0,2.8687,2.8719,2.8517,2.8681,1404284.4,0.0,0.0,0
15m,1755806400.0,2.8681,2.8734,2.8639,2.8725,726312.71,0.0,0.0,0
15m,1755807300.0,2.8725,2.8818,2.8688,2.8796,330522.44,0.0,0.0,0
15m,1755808200.0,2.8796,2.8796,2.8596,2.873,412116.35,0.0,0.0,0
15m,1755809100.0,2.873,2.8877,2.8711,2.8798,421074.93,0.0,0.0,0
15m,1755810000.0,2.8798,2.8846,2.8671,2.8817,347723.95,0.0,0.0,0
15m,1755810900.0,2.8817,2.8878,2.8756,2.8858,165414.19,0.0,0.0,0
15m,1755811800.0,2.8858,2.8887,2.8764,2.8805,192049.48,0.0,0.0,0
15m,1755812700.0,2.8805,2.886,2.8785,2.8845,62271.65,0.0,0.0,0
15m,1755813600.0,2.8845,2.8849,2.8768,2.8839,91912.48,0.0,0.0,0
15m,1755814500.0,2.8839,2.886,2.8814,2.8824,78340.1,0.0,0.0,0
15m,1755815400.0,2.8824,2.8827,2.8699,2.87,141275.97,0.0,0.0,0
15m,1755816300.0,2.87,2.8759,2.8688,2.8745,208365.2,0.0,0.0,0
15m,1755817200.0,2.8745,2.8745,2.8558,2.8585,186428.16,0.0,0.0,0
15m,1755818100.0,2.8585,2.861,2.8487,2.8574,267093.71,0.0,0.0,0
15m,1755819000.0,2.8574,2.8576,2.8399,2.8426,580846.21,0.0,0.0,0
15m,1755819900.0,2.8426,2.8529,2.8425,2.8517,308647.64,0.0,0.0,0
15m,1755820800.0,2.8517,2.8622,2.8494,2.8578,847696.35,0.0,0.0,0
15m,1755821700.0,2.8578,2.8656,2.8513,2.8646,394043.46,0.0,0.0,0
15m,1755822600.0,2.8646,2.8709,2.8624,2.8638,164057.09,0.0,0.0,0
15m,1755823500.0,2.8638,2.8645,2.8481,2.8579,196233.16,0.0,0.0,0
15m,1755824400.0,2.8579,2.8634,2.839,2.8438,321185.28,0.0,0.0,0
15m,1755825300.0,2.8438,2.8599,2.8436,2.8533,170917.89,0.0,0.0,0
15m,1755826200.0,2.8533,2.859,2.8485,2.8576,179558.77,0.0,0.0,0
15m,1755827100.0,2.8576,2.8627,2.8563,2.8586,133663.71,0.0,0.0,0
15m,1755828000.0,2.8586,2.8717,2.8531,2.8717,402840.04,0.0,0.0,0
15m,1755828900.0,2.8717,2.8848,2.8707,2.8834,308548.35,0.0,0.0,0
15m,1755829800.0,2.8834,2.8835,2.8654,2.8654,266599.92,0.0,0.0,0
15m,1755830700.0,2.8654,2.8674,2.8572,2.8574,149604.94,0.0,0.0,0
15m,1755831600.0,2.8574,2.8605,2.8526,2.858,287756.34,0.0,0.0,0
15m,1755832500.0,2.858,2.858,2.8476,2.8484,327738.58,0.0,0.0,0
15m,1755833400.0,2.8484,2.8491,2.8267,2.8326,788571.49,0.0,0.0,0
15m,1755834300.0,2.8326,2.8359,2.8229,2.8332,967441.07,0.0,0.0,0
15m,1755835200.0,2.8332,2.8463,2.8308,2.8462,625001.79,0.0,0.0,0
15m,1755836100.0,2.8462,2.8597,2.8456,2.8565,389449.08,0.0,0.0,0
15m,1755837000.0,2.8565,2.8667,2.8517,2.8608,357925.37,0.0,0.0,0
15m,1755837900.0,2.8608,2.8642,2.851,2.8568,291529.75,0.0,0.0,0
15m,1755838800.0,2.8568,2.8659,2.8518,2.864,200493.32,0.0,0.0,0
15m,1755839700.0,2.864,2.8641,2.8576,2.8616,94548.08,0.0,0.0,0
15m,1755840600.0,2.8616,2.8731,2.8575,2.8647,189649.56,0.0,0.0,0
15m,1755841500.0,2.8647,2.8735,2.8636,2.8709,314350.83,0.0,0.0,0
15m,1755842400.0,2.8709,2.872,2.8583,2.8655,589325.85,0.0,0.0,0
15m,1755843300.0,2.8655,2.8732,2.8643,2.8674,330479.64,0.0,0.0,0
15m,1755844200.0,2.8674,2.8685,2.8457,2.8494,703078.94,0.0,0.0,0
15m,1755845100.0,2.8494,2.8571,2.8473,2.853,262206.74,0.0,0.0,0
15m,1755846000.0,2.853,2.8731,2.851,2.868,356735.51,0.0,0.0,0
15m,1755846900.0,2.868,2.8742,2.8614,2.8718,390345.11,0.0,0.0,0
15m,1755847800.0,2.8718,2.8718,2.8656,2.8656,252600.59,0.0,0.0,0
15m,1755848700.0,2.8656,2.8692,2.86,2.86,440814.86,0.0,0.0,0
15m,1755849600.0,2.86,2.873,2.8598,2.8698,406105.1,0.0,0.0,0
15m,1755850500.0,2.8698,2.876,2.867,2.8721,355456.45,0.0,0.0,0
15m,1755851400.0,2.8721,2.8727,2.8643,2.868,265040.79,0.0,0.0,0
15m,1755852300.0,2.868,2.8689,2.8602,2.868,398639.52,0.0,0.0,0
15m,1755853200.0,2.868,2.8704,2.86,2.8601,171042.07,0.0,0.0,0
15m,1755854100.0,2.8601,2.8647,2.8567,2.8599,310201.8,0.0,0.0,0
15m,1755855000.0,2.8599,2.8638,2.8508,2.856,322580.65,0.0,0.0,0
15m,1755855900.0,2.856,2.8633,2.8551,2.8591,210125.47,0.0,0.0,0
15m,1755856800.0,2.8591,2.8597,2.8479,2.848,446778.17,0.0,0.0,0
15m,1755857700.0,2.848,2.8487,2.8419,2.8451,588266.99,0.0,0.0,0
15m,1755858600.0,2.8451,2.8458,2.8315,2.8354,475177.22,0.0,0.0,0
15m,1755859500.0,2.8354,2.8361,2.8277,2.8325,517096.96,0.0,0.0,0
15m,1755860400.0,2.8325,2.8336,2.8162,2.8207,1282734.13,0.0,0.0,0
15m,1755861300.0,2.8207,2.8257,2.8163,2.8226,544453.57,0.0,0.0,0
15m,1755862200.0,2.8226,2.8241,2.8027,2.8107,1695881.33,0.0,0.0,0
15m,1755863100.0,2.8107,2.8151,2.804,2.8056,650570.34,0.0,0.0,0
15m,1755864000.0,2.8056,2.8103,2.7903,2.7968,1621455.96,0.0,0.0,0
15m,1755864900.0,2.7968,2.8014,2.7929,2.8,493396.33,0.0,0.0,0
15m,1755865800.0,2.8,2.8019,2.7826,2.801,1196007.77,0.0,0.0,0
15m,1755866700.0,2.801,2.8183,2.7994,2.8076,1176481.3,0.0,0.0,0
15m,1755867600.0,2.8076,2.8208,2.8058,2.8128,380240.52,0.0,0.0,0
15m,1755868500.0,2.8128,2.8186,2.8036,2.8184,820480.84,0.0,0.0,0
15m,1755869400.0,2.8184,2.8635,2.8078,2.8471,2063858.64,0.0,0.0,0
15m,1755870300.0,2.8471,2.8613,2.8359,2.8407,1295493.83,0.0,0.0,0
15m,1755871200.0,2.8407,3.0044,2.8398,3.0013,12242779.42,0.0,0.0,0
15m,1755872100.0,3.0013,3.041,2.9409,2.9947,9512610.57,0.0,0.0,0
15m,1755873000.0,2.9947,3.0258,2.9946,3.0158,4564283.06,0.0,0.0,0
15m,1755873900.0,3.0158,3.0312,3.0038,3.0052,2166601.65,0.0,0.0,0
15m,1755874800.0,3.0052,3.0362,3.0046,3.0234,1724168.83,0.0,0.0,0
15m,1755875700.0,3.0234,3.0339,3.0166,3.0201,1068606.88,0.0,0.0,0
15m,1755876600.0,3.0201,3.0434,3.0186,3.0369,1990660.82,0.0,0.0,0
15m,1755877500.0,3.0369,3.0417,3.0168,3.0168,1303819.43,0.0,0.0,0
15m,1755878400.0,3.0168,3.0722,3.0165,3.0525,2892555.29,0.0,0.0,0
15m,1755879300.0,3.0525,3.0531,3.0411,3.05,954051.64,0.0,0.0,0
15m,1755880200.0,3.05,3.0621,3.0463,3.0546,810613.5,0.0,0.0,0
15m,1755881100.0,3.0546,3.0546,3.0413,3.0481,460693.1,0.0,0.0,0
15m,1755882000.0,3.0481,3.0836,3.0481,3.0834,1343979.18,0.0,0.0,0
15m,1755882900.0,3.0834,3.0936,3.0746,3.093,1464599.82,0.0,0.0,0
15m,1755883800.0,3.093,3.0957,3.0617,3.0711,1576066.67,0.0,0.0,0
15m,1755884700.0,3.0711,3.0724,3.0645,3.0664,698428.48,0.0,0.0,0
15m,1755885600.0,3.0664,3.0731,3.0587,3.0661,1086415.99,0.0,0.0,0
15m,1755886500.0,3.0661,3.0667,3.045,3.0527,932502.77,0.0,0.0,0
15m,1755887400.0,3.0527,3.0749,3.0511,3.0746,523629.48,0.0,0.0,0
15m,1755888300.0,3.0746,3.0796,3.0653,3.0794,443042.96,0.0,0.0,0
15m,1755889200.0,3.0794,3.0877,3.0751,3.0865,521000.53,0.0,0.0,0
15m,1755890100.0,3.0865,3.0968,3.085,3.0956,632196.8,0.0,0.0,0
15m,1755891000.0,3.0956,3.0972,3.0823,3.0934,674144.0,0.0,0.0,0
15m,1755891900.0,3.0934,3.1005,3.0704,3.0733,1838158.64,0.0,0.0,0
15m,1755892800.0,3.0733,3.0864,3.072,3.0809,1079234.0,0.0,0.0,0
15m,1755893700.0,3.0809,3.0844,3.0764,3.079,421574.47,0.0,0.0,0
15m,1755894600.0,3.079,3.0879,3.0726,3.0853,1178498.49,0.0,0.0,0
15m,1755895500.0,3.0853,3.0913,3.0794,3.0907,803751.96,0.0,0.0,0
15m,1755896400.0,3.0907,3.1042,3.0764,3.0834,1591906.6,0.0,0.0,0
15m,1755897300.0,3.0834,3.1056,3.0794,3.0987,1327883.86,0.0,0.0,0
15m,1755898200.0,3.0987,3.0999,3.0893,3.098,437867.7,0.0,0.0,0
15m,1755899100.0,3.098,3.0985,3.086,3.0897,282735.23,0.0,0.0,0
15m,1755900000.0,3.0897,3.0911,3.0727,3.0854,814478.39,0.0,0.0,0
15m,1755900900.0,3.0854,3.0887,3.084,3.0861,228998.33,0.0,0.0,0
15m,1755901800.0,3.0861,3.0871,3.0738,3.0824,339070.73,0.0,0.0,0
15m,1755902700.0,3.0824,3.0884,3.0751,3.0767,373695.06,0.0,0.0,0
15m,1755903600.0,3.0767,3.0792,3.0648,3.0656,491141.82,0.0,0.0,0
15m,1755904500.0,3.0656,3.0692,3.0652,3.0678,304476.64,0.0,0.0,0
15m,1755905400.0,3.0678,3.0814,3.0668,3.0802,413545.47,0.0,0.0,0
15m,1755906300.0,3.0802,3.0803,3.0735,3.0743,333248.66,0.0,0.0,0
15m,1755907200.0,3.0743,3.0749,3.0565,3.0601,633945.2,0.0,0.0,0
15m,1755908100.0,3.0601,3.0646,3.0565,3.0595,566742.44,0.0,0.0,0
15m,1755909000.0,3.0595,3.0638,3.0469,3.0469,464091.02,0.0,0.0,0
15m,1755909900.0,3.0469,3.0509,3.0387,3.0387,701037.06,0.0,0.0,0
15m,1755910800.0,3.0387,3.0465,3.0335,3.0352,642121.65,0.0,0.0,0
15m,1755911700.0,3.0352,3.0364,3.0206,3.0229,812383.41,0.0,0.0,0
15m,1755912600.0,3.0229,3.0271,3.0109,3.0111,521589.93,0.0,0.0,0
15m,1755913500.0,3.0111,3.0299,3.0111,3.0255,563233.93,0.0,0.0,0
15m,1755914400.0,3.0255,3.0306,3.0181,3.0236,593806.01,0.0,0.0,0
15m,1755915300.0,3.0236,3.0245,2.9925,2.9925,838150.67,0.0,0.0,0
15m,1755916200.0,2.9925,2.9998,2.9698,2.9896,2064801.63,0.0,0.0,0
15m,1755917100.0,2.9896,3.0019,2.9839,2.9976,365595.36,0.0,0.0,0
15m,1755918000.0,2.9976,3.0083,2.9913,3.0052,261974.86,0.0,0.0,0
15m,1755918900.0,3.0052,3.0079,2.9876,2.9987,727285.19,0.0,0.0,0
15m,1755919800.0,2.9987,2.9987,2.9856,2.9868,308818.22,0.0,0.0,0
15m,1755920700.0,2.9868,2.999,2.9844,2.994,265324.66,0.0,0.0,0
15m,1755921600.0,2.994,3.0111,2.9935,3.0109,241107.44,0.0,0.0,0
15m,1755922500.0,3.0109,3.0141,3.0025,3.0105,234634.8,0.0,0.0,0
15m,1755923400.0,3.0105,3.03,3.0101,3.03,496785.9,0.0,0.0,0
15m,1755924300.0,3.03,3.034,3.0236,3.0329,398324.95,0.0,0.0,0
15m,1755925200.0,3.0329,3.0343,3.0264,3.0307,307139.13,0.0,0.0,0
15m,1755926100.0,3.0307,3.0474,3.0295,3.0447,637879.23,0.0,0.0,0
15m,1755927000.0,3.0447,3.0589,3.0444,3.0502,874848.14,0.0,0.0,0
15m,1755927900.0,3.0502,3.0561,3.0459,3.0521,476560.68,0.0,0.0,0
15m,1755928800.0,3.0521,3.0637,3.0465,3.0495,708622.84,0.0,0.0,0
15m,1755929700.0,3.0495,3.058,3.0495,3.0539,330873.72,0.0,0.0,0
15m,1755930600.0,3.0539,3.0658,3.0523,3.0609,348951.5,0.0,0.0,0
15m,1755931500.0,3.0609,3.0649,3.0553,3.0643,403314.25,0.0,0.0,0
15m,1755932400.0,3.0643,3.0751,3.0563,3.072,654372.41,0.0,0.0,0
15m,1755933300.0,3.072,3.0737,3.0549,3.0559,341911.82,0.0,0.0,0
15m,1755934200.0,3.0559,3.0698,3.0491,3.065,394477.46,0.0,0.0,0
15m,1755935100.0,3.065,3.066,3.0558,3.062,200437.83,0.0,0.0,0
15m,1755936000.0,3.062,3.0719,3.0576,3.0587,249172.42,0.0,0.0,0
15m,1755936900.0,3.0587,3.0629,3.0448,3.0477,388407.2,0.0,0.0,0
15m,1755937800.0,3.0477,3.0589,3.0433,3.0561,410899.28,0.0,0.0,0
15m,1755938700.0,3.0561,3.0595,3.0483,3.0514,358577.26,0.0,0.0,0
15m,1755939600.0,3.0514,3.0535,3.0392,3.0461,406196.96,0.0,0.0,0
15m,1755940500.0,3.0461,3.0477,3.0411,3.0455,272494.17,0.0,0.0,0
15m,1755941400.0,3.0455,3.0495,3.0439,3.0442,284055.38,0.0,0.0,0
15m,1755942300.0,3.0442,3.0519,3.043,3.0478,338269.07,0.0,0.0,0
15m,1755943200.0,3.0478,3.0491,3.0347,3.038,308786.01,0.0,0.0,0
15m,1755944100.0,3.038,3.0405,3.0316,3.0356,249455.31,0.0,0.0,0
15m,1755945000.0,3.0356,3.038,3.0295,3.0323,263149.99,0.0,0.0,0
15m,1755945900.0,3.0323,3.037,3.0308,3.0311,320201.36,0.0,0.0,0
15m,1755946800.0,3.0311,3.0407,3.03,3.0403,217847.09,0.0,0.0,0
15m,1755947700.0,3.0403,3.0419,3.0314,3.0314,188711.72,0.0,0.0,0
15m,1755948600.0,3.0314,3.0445,3.0297,3.0433,674362.06,0.0,0.0,0
15m,1755949500.0,3.0433,3.052,3.0378,3.0433,492565.12,0.0,0.0,0
15m,1755950400.0,3.0433,3.0464,3.0321,3.0388,435268.72,0.0,0.0,0
15m,1755951300.0,3.0388,3.0473,3.0371,3.0387,198296.08,0.0,0.0,0
15m,1755952200.0,3.0387,3.0453,3.0376,3.0397,206085.01,0.0,0.0,0
15m,1755953100.0,3.0397,3.0416,3.0311,3.0331,267836.55,0.0,0.0,0
15m,1755954000.0,3.0331,3.0342,3.0294,3.0301,94885.0,0.0,0.0,0
15m,1755954900.0,3.0301,3.0319,3.0226,3.0234,441644.79,0.0,0.0,0
15m,1755955800.0,3.0234,3.0235,3.0121,3.0146,515987.82,0.0,0.0,0
15m,1755956700.0,3.0146,3.0251,3.0133,3.0157,411125.81,0.0,0.0,0
15m,1755957600.0,3.0157,3.0228,3.0101,3.0173,379202.5,0.0,0.0,0
15m,1755958500.0,3.0173,3.029,3.0153,3.0279,250116.51,0.0,0.0,0
15m,1755959400.0,3.0279,3.0322,3.0072,3.0137,334447.07,0.0,0.0,0
15m,1755960300.0,3.0137,3.0183,3.0105,3.0157,199242.04,0.0,0.0,0
15m,1755961200.0,3.0157,3.0209,3.0127,3.0154,270251.61,0.0,0.0,0
15m,1755962100.0,3.0154,3.0237,3.0148,3.0229,165469.33,0.0,0.0,0
15m,1755963000.0,3.0229,3.0237,3.0183,3.0189,126706.94,0.0,0.0,0
15m,1755963900.0,3.0189,3.0229,3.0175,3.0192,118128.6,0.0,0.0,0
15m,1755964800.0,3.0192,3.0206,3.0131,3.0176,100575.75,0.0,0.0,0
15m,1755965700.0,3.0176,3.0246,3.0154,3.0192,167489.75,0.0,0.0,0
15m,1755966600.0,3.0192,3.0198,3.0103,3.0116,150383.93,0.0,0.0,0
15m,1755967500.0,3.0116,3.0229,3.011,3.021,305769.37,0.0,0.0,0
15m,1755968400.0,3.021,3.0257,3.0191,3.0219,120887.1,0.0,0.0,0
15m,1755969300.0,3.0219,3.023,3.0168,3.0174,362995.08,0.0,0.0,0
15m,1755970200.0,3.0174,3.0243,3.0165,3.0226,100540.07,0.0,0.0,0
15m,1755971100.0,3.0226,3.0253,3.0177,3.0183,88681.91,0.0,0.0,0
15m,1755972000.0,3.0183,3.0201,3.0161,3.0181,64298.26,0.0,0.0,0
15m,1755972900.0,3.0181,3.0213,3.0173,3.0176,92452.71,0.0,0.0,0
15m,1755973800.0,3.0176,3.0217,3.0166,3.0217,27687.2,0.0,0.0,0
15m,1755974700.0,3.0217,3.0228,3.0189,3.0223,43094.68,0.0,0.0,0
15m,1755975600.0,3.0223,3.0286,3.0205,3.0274,143925.48,0.0,0.0,0
15m,1755976500.0,3.0274,3.0299,3.027,3.0281,86806.71,0.0,0.0,0
15m,1755977400.0,3.0281,3.0302,3.0266,3.0272,55565.74,0.0,0.0,0
15m,1755978300.0,3.0272,3.0305,3.0269,3.0296,213332.25,0.0,0.0,0
15m,1755979200.0,3.0296,3.0327,3.0281,3.0295,113476.05,0.0,0.0,0
15m,1755980100.0,3.0295,3.033,3.0273,3.0325,278825.74,0.0,0.0,0
15m,1755981000.0,3.0325,3.0331,3.0252,3.0287,94375.23,0.0,0.0,0
15m,1755981900.0,3.0287,3.0349,3.0281,3.0322,80647.81,0.0,0.0,0
15m,1755982800.0,3.0322,3.0341,3.0283,3.0339,305354.27,0.0,0.0,0
15m,1755983700.0,3.0339,3.0345,3.0264,3.0287,148865.72,0.0,0.0,0
15m,1755984600.0,3.0287,3.0332,3.0271,3.0302,328829.9,0.0,0.0,0
15m,1755985500.0,3.0302,3.0338,3.029,3.0327,57968.45,0.0,0.0,0
15m,1755986400.0,3.0327,3.0422,3.0309,3.0409,186646.16,0.0,0.0,0
15m,1755987300.0,3.0409,3.0419,3.0355,3.0375,112625.49,0.0,0.0,0
15m,1755988200.0,3.0375,3.0433,3.0372,3.0409,112836.67,0.0,0.0,0
15m,1755989100.0,3.0409,3.0474,3.0399,3.0473,265826.89,0.0,0.0,0
15m,1755990000.0,3.0473,3.0521,3.0465,3.0465,356875.36,0.0,0.0,0
15m,1755990900.0,3.0465,3.0576,3.0452,3.0565,411495.4,0.0,0.0,0
15m,1755991800.0,3.0565,3.0565,3.0479,3.0495,220103.13,0.0,0.0,0
15m,1755992700.0,3.0495,3.0501,3.0463,3.0484,145301.36,0.0,0.0,0
15m,1755993600.0,3.0484,3.0519,3.0466,3.0498,163343.23,0.0,0.0,0
15m,1755994500.0,3.0498,3.0552,3.0462,3.0541,337313.9,0.0,0.0,0
15m,1755995400.0,3.0541,3.0637,3.0529,3.0622,449081.72,0.0,0.0,0
15m,1755996300.0,3.0622,3.0622,3.055,3.0573,185840.15,0.0,0.0,0
15m,1755997200.0,3.0573,3.0574,3.0468,3.0548,224549.3,0.0,0.0,0
15m,1755998100.0,3.0548,3.0624,3.0487,3.0528,563622.63,0.0,0.0,0
15m,1755999000.0,3.0528,3.0654,3.0503,3.0651,486331.69,0.0,0.0,0
15m,1755999900.0,3.0651,3.088,3.0635,3.0736,1144840.17,0.0,0.0,0
15m,1756000800.0,3.0736,3.0799,3.0583,3.061,556595.62,0.0,0.0,0
15m,1756001700.0,3.061,3.0689,3.0557,3.0665,784822.89,0.0,0.0,0
15m,1756002600.0,3.0665,3.0694,3.0611,3.0656,401399.04,0.0,0.0,0
15m,1756003500.0,3.0656,3.068,3.056,3.0571,294429.24,0.0,0.0,0
15m,1756004400.0,3.0571,3.0596,3.0478,3.0481,208376.06,0.0,0.0,0
15m,1756005300.0,3.0481,3.0535,3.0453,3.0457,225887.72,0.0,0.0,0
15m,1756006200.0,3.0457,3.0539,3.0444,3.05,254017.95,0.0,0.0,0
15m,1756007100.0,3.05,3.0565,3.0485,3.0525,119566.46,0.0,0.0,0
15m,1756008000.0,3.0525,3.0569,3.0434,3.0498,113580.74,0.0,0.0,0
15m,1756008900.0,3.0498,3.052,3.0453,3.0454,72956.19,0.0,0.0,0
15m,1756009800.0,3.0454,3.0499,3.0422,3.0455,181245.28,0.0,0.0,0
15m,1756010700.0,3.0455,3.0514,3.0428,3.0514,97701.46,0.0,0.0,0
15m,1756011600.0,3.0514,3.0538,3.0458,3.0519,116103.3,0.0,0.0,0
15m,1756012500.0,3.0519,3.0544,3.048,3.0487,110522.41,0.0,0.0,0
15m,1756013400.0,3.0487,3.0531,3.0456,3.0507,135208.03,0.0,0.0,0
15m,1756014300.0,3.0507,3.0514,3.0435,3.0493,87509.96,0.0,0.0,0
15m,1756015200.0,3.0493,3.0499,3.0437,3.0446,107789.26,0.0,0.0,0
15m,1756016100.0,3.0446,3.0483,3.0378,3.0417,241660.86,0.0,0.0,0
15m,1756017000.0,3.0417,3.0425,3.0297,3.0348,198033.53,0.0,0.0,0
15m,1756017900.0,3.0348,3.039,3.0299,3.0319,320691.01,0.0,0.0,0
15m,1756018800.0,3.0319,3.0422,3.0304,3.0414,162623.43,0.0,0.0,0
15m,1756019700.0,3.0414,3.0418,3.0313,3.0414,118070.05,0.0,0.0,0
15m,1756020600.0,3.0414,3.0474,3.0405,3.0423,204528.68,0.0,0.0,0
15m,1756021500.0,3.0423,3.0458,3.0351,3.0356,98652.99,0.0,0.0,0
15m,1756022400.0,3.0356,3.0476,3.0278,3.046,171743.56,0.0,0.0,0
15m,1756023300.0,3.046,3.0472,3.0355,3.0386,134856.99,0.0,0.0,0
15m,1756024200.0,3.0386,3.0387,3.0334,3.0359,144789.4,0.0,0.0,0
15m,1756025100.0,3.0359,3.0417,3.0342,3.0397,367361.19,0.0,0.0,0
15m,1756026000.0,3.0397,3.0422,3.0282,3.0285,564242.79,0.0,0.0,0
15m,1756026900.0,3.0285,3.0312,3.0253,3.0292,468756.45,0.0,0.0,0
15m,1756027800.0,3.0292,3.037,3.0265,3.0349,344981.86,0.0,0.0,0
15m,1756028700.0,3.0349,3.0349,3.0247,3.0254,150974.26,0.0,0.0,0
15m,1756029600.0,3.0254,3.0268,3.0185,3.0193,267473.38,0.0,0.0,0
15m,1756030500.0,3.0193,3.0212,3.0135,3.0171,204883.67,0.0,0.0,0
15m,1756031400.0,3.0171,3.0172,3.0028,3.0163,577032.72,0.0,0.0,0
15m,1756032300.0,3.0163,3.0222,3.0118,3.0124,308063.48,0.0,0.0,0
15m,1756033200.0,3.0124,3.0157,3.002,3.0058,382665.05,0.0,0.0,0
15m,1756034100.0,3.0058,3.01,2.9971,3.0091,482090.45,0.0,0.0,0
15m,1756035000.0,3.0091,3.015,3.0058,3.0069,214925.22,0.0,0.0,0
15m,1756035900.0,3.0069,3.011,3.0057,3.0089,305466.74,0.0,0.0,0
15m,1756036800.0,3.0089,3.0174,3.0062,3.0152,212396.54,0.0,0.0,0
15m,1756037700.0,3.0152,3.0181,3.009,3.0137,326753.41,0.0,0.0,0
15m,1756038600.0,3.0137,3.0181,3.0067,3.0118,146893.32,0.0,0.0,0
15m,1756039500.0,3.0118,3.0195,3.0105,3.0174,94143.36,0.0,0.0,0
15m,1756040400.0,3.0174,3.0206,3.0123,3.0142,280814.47,0.0,0.0,0
15m,1756041300.0,3.0142,3.0225,3.0133,3.0199,144284.32,0.0,0.0,0
15m,1756042200.0,3.0199,3.0246,3.0181,3.0204,166481.77,0.0,0.0,0
15m,1756043100.0,3.0204,3.0236,3.0184,3.0205,122186.73,0.0,0.0,0
15m,1756044000.0,3.0205,3.0214,3.0139,3.0186,192895.25,0.0,0.0,0
15m,1756044900.0,3.0186,3.0284,3.0141,3.0158,190539.94,0.0,0.0,0
15m,1756045800.0,3.0158,3.0171,3.0102,3.012,292351.46,0.0,0.0,0
15m,1756046700.0,3.012,3.0243,3.0115,3.0218,221029.25,0.0,0.0,0
15m,1756047600.0,3.0218,3.0402,3.0172,3.036,502071.62,0.0,0.0,0
15m,1756048500.0,3.036,3.041,3.0311,3.0347,415140.26,0.0,0.0,0
15m,1756049400.0,3.0347,3.0381,3.0282,3.0297,245161.75,0.0,0.0,0
15m,1756050300.0,3.0297,3.0304,3.0139,3.0145,441714.08,0.0,0.0,0
15m,1756051200.0,3.0145,3.0253,3.0135,3.0241,643184.21,0.0,0.0,0
15m,1756052100.0,3.0241,3.0259,3.0165,3.0196,243094.13,0.0,0.0,0
15m,1756053000.0,3.0196,3.0311,3.0182,3.0244,228248.3,0.0,0.0,0
15m,1756053900.0,3.0244,3.0327,3.0223,3.0304,103223.57,0.0,0.0,0
15m,1756054800.0,3.0304,3.0403,3.0297,3.0403,298746.07,0.0,0.0,0
15m,1756055700.0,3.0403,3.0446,3.0356,3.0376,220718.56,0.0,0.0,0
15m,1756056600.0,3.0376,3.0627,3.0351,3.0616,555335.19,0.0,0.0,0
15m,1756057500.0,3.0616,3.0644,3.0508,3.0516,486270.44,0.0,0.0,0
15m,1756058400.0,3.0516,3.0588,3.0462,3.0587,212692.13,0.0,0.0,0
15m,1756059300.0,3.0587,3.0829,3.0581,3.0817,881946.04,0.0,0.0,0
15m,1756060200.0,3.0817,3.109,3.0802,3.1004,1824648.67,0.0,0.0,0
15m,1756061100.0,3.1004,3.1164,3.0964,3.1097,1352752.5,0.0,0.0,0
15m,1756062000.0,3.1097,3.125,3.102,3.1172,1041133.33,0.0,0.0,0
15m,1756062900.0,3.1172,3.1275,3.1075,3.1149,569688.21,0.0,0.0,0
15m,1756063800.0,3.1149,3.1173,2.9962,3.056,9531512.87,0.0,0.0,0
15m,1756064700.0,3.056,3.0596,3.0072,3.0343,2926805.05,0.0,0.0,0
15m,1756065600.0,3.0343,3.0376,2.9873,3.0085,2556473.9,0.0,0.0,0
15m,1756066500.0,3.0085,3.0412,3.0056,3.0323,1283122.75,0.0,0.0,0
15m,1756067400.0,3.0323,3.0396,3.0206,3.0387,769392.17,0.0,0.0,0
15m,1756068300.0,3.0387,3.0401,3.0249,3.0289,385135.92,0.0,0.0,0
15m,1756069200.0,3.0289,3.0323,3.0091,3.0217,874887.0,0.0,0.0,0
15m,1756070100.0,3.0217,3.0303,3.0174,3.0276,301094.08,0.0,0.0,0
15m,1756071000.0,3.0276,3.047,3.0258,3.0366,326056.31,0.0,0.0,0
15m,1756071900.0,3.0366,3.0471,3.0231,3.0288,304176.33,0.0,0.0,0
15m,1756072800.0,3.0288,3.0329,3.0129,3.0251,561975.72,0.0,0.0,0
15m,1756073700.0,3.0251,3.0254,3.0049,3.0051,261362.98,0.0,0.0,0
15m,1756074600.0,3.0051,3.0239,3.0022,3.0234,245283.14,0.0,0.0,0
15m,1756075500.0,3.0234,3.0357,3.0191,3.0331,288647.4,0.0,0.0,0
15m,1756076400.0,3.0331,3.04,3.027,3.0355,650321.41,0.0,0.0,0
15m,1756077300.0,3.0355,3.0393,3.0309,3.0327,233945.07,0.0,0.0,0
15m,1756078200.0,3.0327,3.0375,3.0281,3.0357,157558.8,0.0,0.0,0
15m,1756079100.0,3.0357,3.0392,3.0233,3.0256,338430.34,0.0,0.0,0
15m,1756080000.0,3.0256,3.0359,3.0235,3.0261,378031.57,0.0,0.0,0
15m,1756080900.0,3.0261,3.0283,3.0117,3.0132,271489.07,0.0,0.0,0
15m,1756081800.0,3.0132,3.0136,2.974,2.9779,970445.1,0.0,0.0,0
15m,1756082700.0,2.9779,2.9957,2.9779,2.9939,626508.42,0.0,0.0,0
15m,1756083600.0,2.9939,3.0095,2.9931,3.0083,315904.74,0.0,0.0,0
15m,1756084500.0,3.0083,3.0261,2.9971,3.0188,527464.88,0.0,0.0,0
15m,1756085400.0,3.0188,3.0206,3.0093,3.0094,196535.67,0.0,0.0,0
15m,1756086300.0,3.0094,3.0224,3.0094,3.0163,220052.22,0.0,0.0,0
15m,1756087200.0,3.0163,3.028,3.0155,3.0277,219967.51,0.0,0.0,0
15m,1756088100.0,3.0277,3.0464,3.024,3.044,783995.66,0.0,0.0,0
15m,1756089000.0,3.044,3.052,3.0368,3.0391,618022.02,0.0,0.0,0
15m,1756089900.0,3.0391,3.0476,3.0379,3.0448,422017.5,0.0,0.0,0
15m,1756090800.0,3.0448,3.0533,3.037,3.0417,444704.95,0.0,0.0,0
15m,1756091700.0,3.0417,3.0481,3.036,3.0366,243798.19,0.0,0.0,0
15m,1756092600.0,3.0366,3.0433,3.0297,3.0393,300287.52,0.0,0.0,0
15m,1756093500.0,3.0393,3.0437,3.0173,3.0215,486875.17,0.0,0.0,0
15m,1756094400.0,3.0215,3.0263,3.015,3.015,393760.88,0.0,0.0,0
15m,1756095300.0,3.015,3.0239,3.0105,3.013,604840.46,0.0,0.0,0
15m,1756096200.0,3.013,3.0158,3.0039,3.0083,235938.32,0.0,0.0,0
15m,1756097100.0,3.0083,3.011,3.0046,3.0048,261170.57,0.0,0.0,0
15m,1756098000.0,3.0048,3.0113,2.9948,2.9967,311908.24,0.0,0.0,0
15m,1756098900.0,2.9967,3.0107,2.9957,3.0084,190666.06,0.0,0.0,0
15m,1756099800.0,3.0084,3.0111,2.999,3.0023,480298.81,0.0,0.0,0
15m,1756100700.0,3.0023,3.0067,2.9914,2.9924,387696.8,0.0,0.0,0
15m,1756101600.0,2.9924,2.9947,2.978,2.982,712736.99,0.0,0.0,0
15m,1756102500.0,2.982,2.9881,2.9759,2.9805,459047.96,0.0,0.0,0
15m,1756103400.0,2.9805,2.9814,2.9664,2.9713,754388.6,0.0,0.0,0
15m,1756104300.0,2.9713,2.9713,2.9552,2.9552,866659.72,0.0,0.0,0
15m,1756105200.0,2.9552,2.9665,2.9489,2.9631,793731.3,0.0,0.0,0
15m,1756106100.0,2.9631,2.9682,2.9481,2.9481,447354.13,0.0,0.0,0
15m,1756107000.0,2.9481,2.9523,2.9367,2.9484,1037158.45,0.0,0.0,0
15m,1756107900.0,2.9484,2.9503,2.9303,2.9388,725036.58,0.0,0.0,0
15m,1756108800.0,2.9388,2.9429,2.9209,2.9402,1122817.18,0.0,0.0,0
15m,1756109700.0,2.9402,2.9526,2.9402,2.9444,403802.75,0.0,0.0,0
15m,1756110600.0,2.9444,2.9528,2.9388,2.9403,330512.91,0.0,0.0,0
15m,1756111500.0,2.9403,2.9503,2.9388,2.9451,208752.66,0.0,0.0,0
15m,1756112400.0,2.9451,2.9489,2.9349,2.9396,395072.41,0.0,0.0,0
15m,1756113300.0,2.9396,2.9479,2.9393,2.9395,363122.66,0.0,0.0,0
15m,1756114200.0,2.9395,2.9465,2.9374,2.9449,277309.8,0.0,0.0,0
15m,1756115100.0,2.9449,2.9578,2.9422,2.9571,326926.95,0.0,0.0,0
15m,1756116000.0,2.9571,2.9576,2.9482,2.9486,483597.92,0.0,0.0,0
15m,1756116900.0,2.9486,2.951,2.92,2.9308,665315.77,0.0,0.0,0
15m,1756117800.0,2.9308,2.9338,2.9191,2.9265,566811.75,0.0,0.0,0
15m,1756118700.0,2.9265,2.9347,2.923,2.9308,328183.61,0.0,0.0,0
15m,1756119600.0,2.9308,2.9364,2.9284,2.9345,348234.29,0.0,0.0,0
15m,1756120500.0,2.9345,2.9374,2.9291,2.9332,192084.42,0.0,0.0,0
15m,1756121400.0,2.9332,2.9438,2.9331,2.9399,242735.45,0.0,0.0,0
15m,1756122300.0,2.9399,2.9444,2.9395,2.9432,173322.56,0.0,0.0,0
15m,1756123200.0,2.9432,2.9505,2.9356,2.9505,408724.33,0.0,0.0,0
15m,1756124100.0,2.9505,2.9644,2.9456,2.9644,630123.24,0.0,0.0,0
15m,1756125000.0,2.9644,2.9644,2.9515,2.962,309370.18,0.0,0.0,0
15m,1756125900.0,2.962,2.963,2.9557,2.9625,527195.37,0.0,0.0,0
15m,1756126800.0,2.9625,2.9628,2.9551,2.9557,289152.47,0.0,0.0,0
15m,1756127700.0,2.9557,2.9684,2.9493,2.9626,442393.8,0.0,0.0,0
15m,1756128600.0,2.9626,2.9646,2.9396,2.9399,1011224.06,0.0,0.0,0
15m,1756129500.0,2.9399,2.9538,2.9277,2.9492,670680.08,0.0,0.0,0
15m,1756130400.0,2.9492,2.9613,2.9422,2.9557,473230.27,0.0,0.0,0
15m,1756131300.0,2.9557,2.9661,2.9539,2.9542,359066.69,0.0,0.0,0
15m,1756132200.0,2.9542,2.9651,2.9484,2.9561,378443.2,0.0,0.0,0
15m,1756133100.0,2.9561,2.9691,2.9544,2.9672,236571.08,0.0,0.0,0
15m,1756134000.0,2.9672,2.9726,2.9536,2.9576,332099.64,0.0,0.0,0
15m,1756134900.0,2.9576,2.9743,2.9571,2.9663,406890.53,0.0,0.0,0
15m,1756135800.0,2.9663,2.9687,2.9549,2.9601,231965.54,0.0,0.0,0
15m,1756136700.0,2.9601,2.9601,2.9489,2.9535,257895.38,0.0,0.0,0
15m,1756137600.0,2.9535,2.9597,2.9436,2.9593,265616.44,0.0,0.0,0
15m,1756138500.0,2.9593,2.9683,2.9577,2.9585,201157.63,0.0,0.0,0
15m,1756139400.0,2.9585,2.9633,2.9538,2.9601,176013.83,0.0,0.0,0
15m,1756140300.0,2.9601,2.9623,2.9494,2.9494,113717.1,0.0,0.0,0
15m,1756141200.0,2.9494,2.9514,2.936,2.9456,335206.39,0.0,0.0,0
15m,1756142100.0,2.9456,2.9548,2.9391,2.9538,330708.49,0.0,0.0,0
15m,1756143000.0,2.9538,2.9574,2.9431,2.9496,204137.0,0.0,0.0,0
15m,1756143900.0,2.9496,2.9672,2.9477,2.9638,410485.56,0.0,0.0,0
15m,1756144800.0,2.9638,2.9667,2.9553,2.9593,312514.99,0.0,0.0,0
15m,1756145700.0,2.9593,2.9639,2.9539,2.9624,234597.85,0.0,0.0,0
15m,1756146600.0,2.9624,2.9659,2.9471,2.9492,610831.68,0.0,0.0,0
15m,1756147500.0,2.9492,2.9627,2.9469,2.9601,353468.99,0.0,0.0,0
15m,1756148400.0,2.9601,2.9617,2.9438,2.9438,385601.48,0.0,0.0,0
15m,1756149300.0,2.9438,2.9441,2.9216,2.9376,1629621.32,0.0,0.0,0
15m,1756150200.0,2.9376,2.9392,2.9066,2.9114,1116935.67,0.0,0.0,0
15m,1756151100.0,2.9114,2.9153,2.872,2.8759,2101643.62,0.0,0.0,0
15m,1756152000.0,2.8759,2.8937,2.8505,2.8651,4197292.25,0.0,0.0,0
15m,1756152900.0,2.8651,2.887,2.8612,2.8698,1386040.96,0.0,0.0,0
15m,1756153800.0,2.8698,2.8719,2.8303,2.8556,5275999.51,0.0,0.0,0
15m,1756154700.0,2.8556,2.8629,2.8257,2.8257,1765400.78,0.0,0.0,0
15m,1756155600.0,2.8257,2.8514,2.822,2.8338,2486386.39,0.0,0.0,0
15m,1756156500.0,2.8338,2.8528,2.8336,2.8424,913180.22,0.0,0.0,0
15m,1756157400.0,2.8424,2.8581,2.8339,2.8528,668329.44,0.0,0.0,0
15m,1756158300.0,2.8528,2.864,2.8502,2.851,635846.27,0.0,0.0,0
15m,1756159200.0,2.851,2.8579,2.8401,2.8408,664433.97,0.0,0.0,0
15m,1756160100.0,2.8408,2.8603,2.8387,2.86,759203.38,0.0,0.0,0
15m,1756161000.0,2.86,2.8686,2.858,2.8685,368942.2,0.0,0.0,0
15m,1756161900.0,2.8685,2.8689,2.8591,2.8624,376370.61,0.0,0.0,0
15m,1756162800.0,2.8624,2.8639,2.8552,2.8598,281138.95,0.0,0.0,0
15m,1756163700.0,2.8598,2.863,2.8481,2.8537,232496.17,0.0,0.0,0
15m,1756164600.0,2.8537,2.8612,2.8516,2.8606,127784.67,0.0,0.0,0
15m,1756165500.0,2.8606,2.8638,2.857,2.8578,269184.57,0.0,0.0,0
15m,1756166400.0,2.8578,2.8652,2.8511,2.8636,1041803.14,0.0,0.0,0
15m,1756167300.0,2.8636,2.8754,2.8611,2.8737,686314.08,0.0,0.0,0
15m,1756168200.0,2.8737,2.8825,2.8572,2.8582,1024866.59,0.0,0.0,0
15m,1756169100.0,2.8582,2.8742,2.8455,2.8594,1180215.59,0.0,0.0,0
15m,1756170000.0,2.8594,2.8771,2.8501,2.8663,802292.5,0.0,0.0,0
15m,1756170900.0,2.8663,2.8787,2.8642,2.8775,425848.31,0.0,0.0,0
15m,1756171800.0,2.8775,2.8817,2.8706,2.8767,436662.09,0.0,0.0,0
15m,1756172700.0,2.8767,2.8851,2.8752,2.884,193023.29,0.0,0.0,0
15m,1756173600.0,2.884,2.8966,2.8825,2.8965,395564.96,0.0,0.0,0
15m,1756174500.0,2.8965,2.8969,2.8817,2.8876,287108.16,0.0,0.0,0
15m,1756175400.0,2.8876,2.888,2.8725,2.8781,301694.14,0.0,0.0,0
15m,1756176300.0,2.8781,2.8856,2.873,2.8828,575014.74,0.0,0.0,0
15m,1756177200.0,2.8828,2.8893,2.8813,2.8842,230519.64,0.0,0.0,0
15m,1756178100.0,2.8842,2.896,2.8774,2.8877,582226.75,0.0,0.0,0
15m,1756179000.0,2.8877,2.8936,2.8865,2.8904,186607.29,0.0,0.0,0
15m,1756179900.0,2.8904,2.8912,2.8835,2.8853,117216.84,0.0,0.0,0
15m,1756180800.0,2.8853,2.8992,2.8853,2.8986,184135.21,0.0,0.0,0
15m,1756181700.0,2.8986,2.9036,2.8953,2.9,193567.48,0.0,0.0,0
15m,1756182600.0,2.9,2.9053,2.8999,2.9025,217221.43,0.0,0.0,0
15m,1756183500.0,2.9025,2.9103,2.8995,2.9075,535176.94,0.0,0.0,0
15m,1756184400.0,2.9075,2.9141,2.9066,2.9139,394362.37,0.0,0.0,0
15m,1756185300.0,2.9139,2.9177,2.9122,2.9141,641670.32,0.0,0.0,0
15m,1756186200.0,2.9141,2.9241,2.9111,2.924,460197.89,0.0,0.0,0
15m,1756187100.0,2.924,2.9289,2.9189,2.9189,491450.47,0.0,0.0,0
15m,1756188000.0,2.9189,2.9293,2.9113,2.9233,698903.6,0.0,0.0,0
15m,1756188900.0,2.9233,2.929,2.9026,2.9095,866826.99,0.0,0.0,0
15m,1756189800.0,2.9095,2.9164,2.9075,2.912,240436.97,0.0,0.0,0
15m,1756190700.0,2.912,2.9136,2.9053,2.9107,243026.22,0.0,0.0,0
15m,1756191600.0,2.9107,2.9176,2.9057,2.9088,522605.83,0.0,0.0,0
15m,1756192500.0,2.9088,2.9149,2.8997,2.908,379174.29,0.0,0.0,0
15m,1756193400.0,2.908,2.9349,2.9074,2.9188,673511.45,0.0,0.0,0
15m,1756194300.0,2.9188,2.9238,2.9126,2.9173,400739.6,0.0,0.0,0
15m,1756195200.0,2.9173,2.9218,2.9118,2.9196,399915.1,0.0,0.0,0
15m,1756196100.0,2.9196,2.9278,2.9105,2.9209,593203.13,0.0,0.0,0
15m,1756197000.0,2.9209,2.923,2.9168,2.9205,246637.26,0.0,0.0,0
15m,1756197900.0,2.9205,2.9244,2.9097,2.9114,271907.95,0.0,0.0,0
15m,1756198800.0,2.9114,2.9186,2.9094,2.915,152913.95,0.0,0.0,0
15m,1756199700.0,2.915,2.9212,2.9141,2.9177,196347.9,0.0,0.0,0
15m,1756200600.0,2.9177,2.9206,2.9063,2.907,230435.76,0.0,0.0,0
15m,1756201500.0,2.907,2.9094,2.9031,2.9094,318627.6,0.0,0.0,0
15m,1756202400.0,2.9094,2.9126,2.9062,2.9068,149711.9,0.0,0.0,0
15m,1756203300.0,2.9068,2.9089,2.9007,2.9045,203768.81,0.0,0.0,0
15m,1756204200.0,2.9045,2.9143,2.9045,2.9133,373281.32,0.0,0.0,0
15m,1756205100.0,2.9133,2.9156,2.905,2.9076,329332.7,0.0,0.0,0
15m,1756206000.0,2.9076,2.9113,2.9023,2.9047,907239.95,0.0,0.0,0
15m,1756206900.0,2.9047,2.9047,2.8952,2.8978,295440.68,0.0,0.0,0
15m,1756207800.0,2.8978,2.8981,2.8907,2.8978,441913.73,0.0,0.0,0
15m,1756208700.0,2.8978,2.9021,2.8937,2.9012,208879.66,0.0,0.0,0
15m,1756209600.0,2.9012,2.9017,2.8897,2.89,379458.62,0.0,0.0,0
15m,1756210500.0,2.89,2.8953,2.8889,2.894,246938.74,0.0,0.0,0
15m,1756211400.0,2.894,2.94,2.894,2.9269,2285033.06,0.0,0.0,0
15m,1756212300.0,2.9269,2.9339,2.8947,2.9187,1827576.28,0.0,0.0,0
15m,1756213200.0,2.9187,2.9187,2.9056,2.9073,1020035.89,0.0,0.0,0
15m,1756214100.0,2.9073,2.9121,2.9001,2.9014,457891.74,0.0,0.0,0
15m,1756215000.0,2.9014,2.9244,2.8989,2.9127,1986976.34,0.0,0.0,0
15m,1756215900.0,2.9127,2.919,2.8871,2.9175,1593936.2,0.0,0.0,0
15m,1756216800.0,2.9175,2.924,2.9049,2.9091,964861.72,0.0,0.0,0
15m,1756217700.0,2.9091,2.9351,2.9077,2.9254,1447655.69,0.0,0.0,0
15m,1756218600.0,2.9254,2.9343,2.9231,2.9328,750807.32,0.0,0.0,0
15m,1756219500.0,2.9328,2.9409,2.9265,2.9304,729829.9,0.0,0.0,0
15m,1756220400.0,2.9304,2.9423,2.9271,2.9308,828226.56,0.0,0.0,0
15m,1756221300.0,2.9308,2.9428,2.9253,2.934,854254.5,0.0,0.0,0
15m,1756222200.0,2.934,2.9346,2.9221,2.9238,421397.81,0.0,0.0,0
15m,1756223100.0,2.9238,2.9339,2.9236,2.933,277555.04,0.0,0.0,0
15m,1756224000.0,2.933,2.936,2.9262,2.9289,291704.72,0.0,0.0,0
15m,1756224900.0,2.9289,2.9476,2.9289,2.9468,654156.1,0.0,0.0,0
15m,1756225800.0,2.9468,2.9527,2.9429,2.9481,605915.66,0.0,0.0,0
15m,1756226700.0,2.9481,2.9558,2.9452,2.9555,516201.58,0.0,0.0,0
15m,1756227600.0,2.9555,2.9569,2.9463,2.953,570553.38,0.0,0.0,0
15m,1756228500.0,2.953,2.9631,2.9501,2.9574,674202.35,0.0,0.0,0
15m,1756229400.0,2.9574,2.9586,2.9481,2.9509,452951.66,0.0,0.0,0
15m,1756230300.0,2.9509,2.9623,2.9485,2.9623,859655.42,0.0,0.0,0
15m,1756231200.0,2.9623,2.9647,2.9596,2.9628,343078.64,0.0,0.0,0
15m,1756232100.0,2.9628,2.9748,2.9619,2.9743,592399.19,0.0,0.0,0
15m,1756233000.0,2.9743,2.9888,2.9741,2.9867,921104.83,0.0,0.0,0
15m,1756233900.0,2.9867,2.9873,2.9785,2.9805,561207.87,0.0,0.0,0
15m,1756234800.0,2.9805,2.9811,2.9664,2.9737,359160.01,0.0,0.0,0
15m,1756235700.0,2.9737,2.9903,2.9716,2.9902,485101.4,0.0,0.0,0
15m,1756236600.0,2.9902,3.0239,2.9876,3.0178,2272233.48,0.0,0.0,0
15m,1756237500.0,3.0178,3.0818,3.0163,3.061,4989163.37,0.0,0.0,0
15m,1756238400.0,3.061,3.0623,3.0295,3.0391,2772080.72,0.0,0.0,0
15m,1756239300.0,3.0391,3.0419,3.0246,3.0263,834286.76,0.0,0.0,0
15m,1756240200.0,3.0263,3.0353,3.02,3.0222,680864.93,0.0,0.0,0
15m,1756241100.0,3.0222,3.0392,3.016,3.0392,984271.82,0.0,0.0,0
15m,1756242000.0,3.0392,3.0406,3.021,3.029,950899.84,0.0,0.0,0
15m,1756242900.0,3.029,3.0335,3.0199,3.0207,540774.61,0.0,0.0,0
15m,1756243800.0,3.0207,3.0268,3.0183,3.0222,399857.0,0.0,0.0,0
15m,1756244700.0,3.0222,3.0307,3.0199,3.0303,480934.36,0.0,0.0,0
15m,1756245600.0,3.0303,3.0325,3.0142,3.0222,471320.64,0.0,0.0,0
15m,1756246500.0,3.0222,3.0238,3.0056,3.0085,463107.25,0.0,0.0,0
15m,1756247400.0,3.0085,3.0161,3.0038,3.0049,573743.52,0.0,0.0,0
15m,1756248300.0,3.0049,3.0133,3.0033,3.0132,413935.45,0.0,0.0,0
15m,1756249200.0,3.0132,3.0267,3.0089,3.0247,838500.37,0.0,0.0,0
15m,1756250100.0,3.0247,3.0247,3.014,3.0153,319686.13,0.0,0.0,0
15m,1756251000.0,3.0153,3.0163,3.008,3.0156,392585.06,0.0,0.0,0
15m,1756251900.0,3.0156,3.0156,3.0095,3.0123,271152.07,0.0,0.0,0
15m,1756252800.0,3.0123,3.0125,3.0023,3.0028,456692.79,0.0,0.0,0
15m,1756253700.0,3.0028,3.0043,2.9948,2.9958,470285.06,0.0,0.0,0
15m,1756254600.0,2.9958,3.0045,2.9949,2.9955,580091.07,0.0,0.0,0
15m,1756255500.0,2.9955,2.9976,2.985,2.9891,1996134.6,0.0,0.0,0
15m,1756256400.0,2.9891,2.9926,2.9807,2.9919,571791.48,0.0,0.0,0
15m,1756257300.0,2.9919,2.9992,2.9863,2.9959,448881.76,0.0,0.0,0
15m,1756258200.0,2.9959,3.0076,2.9943,2.9964,433413.67,0.0,0.0,0
15m,1756259100.0,2.9964,3.0053,2.9964,3.0028,262502.15,0.0,0.0,0
15m,1756260000.0,3.0028,3.0046,2.9883,2.9905,210227.48,0.0,0.0,0
15m,1756260900.0,2.9905,3.0073,2.9898,2.9964,362972.89,0.0,0.0,0
15m,1756261800.0,2.9964,3.0035,2.9955,3.0,202336.32,0.0,0.0,0
15m,1756262700.0,3.0,3.0015,2.9938,2.9946,162020.27,0.0,0.0,0
15m,1756263600.0,2.9946,2.9977,2.9875,2.9921,151411.79,0.0,0.0,0
15m,1756264500.0,2.9921,2.9924,2.9836,2.9871,199265.31,0.0,0.0,0
15m,1756265400.0,2.9871,2.9956,2.9871,2.9929,195795.69,0.0,0.0,0
15m,1756266300.0,2.9929,3.0129,2.9929,3.0042,811303.55,0.0,0.0,0
15m,1756267200.0,3.0042,3.0205,3.0017,3.0156,586304.98,0.0,0.0,0
15m,1756268100.0,3.0156,3.0222,3.0102,3.0111,378550.35,0.0,0.0,0
15m,1756269000.0,3.0111,3.0251,3.0096,3.0235,397373.03,0.0,0.0,0
15m,1756269900.0,3.0235,3.0275,3.02,3.0222,345862.2,0.0,0.0,0
15m,1756270800.0,3.0222,3.024,3.0109,3.0213,451079.1,0.0,0.0,0
15m,1756271700.0,3.0213,3.0233,3.0148,3.0174,336321.62,0.0,0.0,0
15m,1756272600.0,3.0174,3.0204,3.0111,3.0167,341219.25,0.0,0.0,0
15m,1756273500.0,3.0167,3.0174,3.0134,3.0148,255116.78,0.0,0.0,0
15m,1756274400.0,3.0148,3.0149,3.0037,3.006,456127.58,0.0,0.0,0
15m,1756275300.0,3.006,3.0113,3.0034,3.0092,208841.74,0.0,0.0,0
15m,1756276200.0,3.0092,3.015,3.0081,3.0102,226145.96,0.0,0.0,0
15m,1756277100.0,3.0102,3.0102,2.9963,2.9987,584165.73,0.0,0.0,0
15m,1756278000.0,2.9987,3.003,2.9981,3.0004,325665.93,0.0,0.0,0
15m,1756278900.0,3.0004,3.0019,2.9854,2.9881,935142.02,0.0,0.0,0
15m,1756279800.0,2.9881,2.9914,2.9846,2.9885,381878.21,0.0,0.0,0
15m,1756280700.0,2.9885,2.9958,2.9851,2.9934,240501.46,0.0,0.0,0
15m,1756281600.0,2.9934,3.007,2.9934,3.0055,572460.57,0.0,0.0,0
15m,1756282500.0,3.0055,3.0077,2.9971,3.001,640440.21,0.0,0.0,0
15m,1756283400.0,3.001,3.0069,3.0006,3.0028,428701.6,0.0,0.0,0
15m,1756284300.0,3.0028,3.0144,2.9964,3.0141,443223.22,0.0,0.0,0
15m,1756285200.0,3.0141,3.0234,3.0124,3.0137,735318.79,0.0,0.0,0
15m,1756286100.0,3.0137,3.0194,3.0121,3.014,232119.93,0.0,0.0,0
15m,1756287000.0,3.014,3.0173,3.0074,3.0087,281498.58,0.0,0.0,0
15m,1756287900.0,3.0087,3.013,3.0072,3.0103,145927.66,0.0,0.0,0
15m,1756288800.0,3.0103,3.0152,3.0076,3.0097,314489.35,0.0,0.0,0
15m,1756289700.0,3.0097,3.0154,3.0056,3.0093,345866.37,0.0,0.0,0
15m,1756290600.0,3.0093,3.0113,2.9967,3.0024,366945.7,0.0,0.0,0
15m,1756291500.0,3.0024,3.003,2.9986,2.9986,128490.67,0.0,0.0,0
15m,1756292400.0,2.9986,3.0034,2.9984,3.0008,193803.72,0.0,0.0,0
15m,1756293300.0,3.0008,3.0021,2.997,2.998,206102.66,0.0,0.0,0
15m,1756294200.0,2.998,3.0006,2.9953,2.9963,154351.51,0.0,0.0,0
15m,1756295100.0,2.9963,3.0014,2.9961,2.9985,174937.91,0.0,0.0,0
15m,1756296000.0,2.9985,3.0054,2.9915,2.997,386140.43,0.0,0.0,0
15m,1756296900.0,2.997,3.0007,2.9921,2.9959,407490.06,0.0,0.0,0
15m,1756297800.0,2.9959,3.0006,2.993,2.9949,490638.31,0.0,0.0,0
15m,1756298700.0,2.9949,3.0042,2.9948,3.002,548093.57,0.0,0.0,0
15m,1756299600.0,3.002,3.0022,2.9931,2.9949,366514.69,0.0,0.0,0
15m,1756300500.0,2.9949,3.0009,2.993,2.9984,414579.8,0.0,0.0,0
15m,1756301400.0,2.9984,3.0195,2.9882,3.0092,1932341.39,0.0,0.0,0
15m,1756302300.0,3.0092,3.0167,2.999,3.0001,972092.65,0.0,0.0,0
15m,1756303200.0,3.0001,3.0104,2.9932,3.0078,643339.41,0.0,0.0,0
15m,1756304100.0,3.0078,3.0179,3.0038,3.0162,479416.96,0.0,0.0,0
15m,1756305000.0,3.0162,3.0321,3.0139,3.0139,1278594.14,0.0,0.0,0
15m,1756305900.0,3.0139,3.0167,3.0031,3.0056,634502.65,0.0,0.0,0
15m,1756306800.0,3.0056,3.0182,3.0,3.0145,319378.39,0.0,0.0,0
15m,1756307700.0,3.0145,3.0183,2.9994,3.0041,552397.23,0.0,0.0,0
15m,1756308600.0,3.0041,3.0109,2.9974,3.0087,557303.59,0.0,0.0,0
15m,1756309500.0,3.0087,3.0207,3.0063,3.0169,460255.17,0.0,0.0,0
15m,1756310400.0,3.0169,3.0179,3.0076,3.0104,224262.39,0.0,0.0,0
15m,1756311300.0,3.0104,3.0217,3.0077,3.0107,275512.82,0.0,0.0,0
15m,1756312200.0,3.0107,3.0141,2.9998,3.0113,325878.27,0.0,0.0,0
15m,1756313100.0,3.0113,3.021,3.008,3.0195,229398.96,0.0,0.0,0
15m,1756314000.0,3.0195,3.0229,3.0142,3.018,239140.38,0.0,0.0,0
15m,1756314900.0,3.018,3.0231,3.0109,3.0207,250615.65,0.0,0.0,0
15m,1756315800.0,3.0207,3.0297,3.0193,3.0282,432315.44,0.0,0.0,0
15m,1756316700.0,3.0282,3.0377,3.0282,3.0354,468798.67,0.0,0.0,0
15m,1756317600.0,3.0354,3.0451,3.0349,3.0397,547922.85,0.0,0.0,0
15m,1756318500.0,3.0397,3.0407,3.0308,3.0356,373293.67,0.0,0.0,0
15m,1756319400.0,3.0356,3.0361,3.0222,3.0222,257880.56,0.0,0.0,0
15m,1756320300.0,3.0222,3.0292,3.0083,3.0086,283595.55,0.0,0.0,0
15m,1756321200.0,3.0086,3.0171,2.9873,2.9954,1194063.35,0.0,0.0,0
15m,1756322100.0,2.9954,3.0097,2.9933,3.0069,418861.91,0.0,0.0,0
15m,1756323000.0,3.0069,3.02,3.0066,3.0171,338676.11,0.0,0.0,0
15m,1756323900.0,3.0171,3.0171,2.9961,3.0051,913493.73,0.0,0.0,0
15m,1756324800.0,3.0051,3.0083,2.9832,2.9976,1925956.42,0.0,0.0,0
15m,1756325700.0,2.9976,3.0287,2.9708,3.0102,10322018.56,0.0,0.0,0
15m,1756326600.0,3.0102,3.0243,3.0031,3.0132,2721579.29,0.0,0.0,0
15m,1756327500.0,3.0132,3.017,3.0007,3.0122,975034.2,0.0,0.0,0
15m,1756328400.0,3.0122,3.0196,3.0046,3.0072,695804.45,0.0,0.0,0
15m,1756329300.0,3.0072,3.0095,2.9967,3.0015,646611.19,0.0,0.0,0
15m,1756330200.0,3.0015,3.0069,2.9896,2.996,581154.14,0.0,0.0,0
15m,1756331100.0,2.996,2.9965,2.9797,2.9864,207223.1,0.0,0.0,0
15m,1756332000.0,2.9864,2.9883,2.9622,2.9761,906691.35,0.0,0.0,0
15m,1756332900.0,2.9761,2.9846,2.9737,2.9806,212315.96,0.0,0.0,0
15m,1756333800.0,2.9806,2.992,2.9793,2.992,610687.26,0.0,0.0,0
15m,1756334700.0,2.992,2.9924,2.9791,2.9792,219300.04,0.0,0.0,0
15m,1756335600.0,2.9792,2.9827,2.9743,2.9746,187872.72,0.0,0.0,0
15m,1756336500.0,2.9746,2.9777,2.9692,2.9753,452931.49,0.0,0.0,0
15m,1756337400.0,2.9753,2.9785,2.9639,2.9644,181555.75,0.0,0.0,0
15m,1756338300.0,2.9644,2.9694,2.9628,2.969,178270.05,0.0,0.0,0
15m,1756339200.0,2.969,2.9791,2.9669,2.9779,368094.83,0.0,0.0,0
15m,1756340100.0,2.9779,2.9795,2.9578,2.9684,439077.62,0.0,0.0,0
15m,1756341000.0,2.9684,2.9697,2.9531,2.9693,377464.83,0.0,0.0,0
15m,1756341900.0,2.9693,2.9784,2.9613,2.9696,298406.37,0.0,0.0,0
15m,1756342800.0,2.9696,2.9789,2.9686,2.9774,286969.43,0.0,0.0,0
15m,1756343700.0,2.9774,2.9809,2.9743,2.9747,174955.36,0.0,0.0,0
15m,1756344600.0,2.9747,2.9884,2.9739,2.9834,404227.2,0.0,0.0,0
15m,1756345500.0,2.9834,2.9894,2.9814,2.9851,217995.53,0.0,0.0,0
15m,1756346400.0,2.9851,2.9869,2.9773,2.9774,298871.26,0.0,0.0,0
15m,1756347300.0,2.9774,2.9874,2.9752,2.9864,173552.46,0.0,0.0,0
15m,1756348200.0,2.9864,2.9885,2.9775,2.9775,182484.27,0.0,0.0,0
15m,1756349100.0,2.9775,2.98,2.9708,2.9735,147756.28,0.0,0.0,0
15m,1756350000.0,2.9735,2.9833,2.9697,2.982,257175.83,0.0,0.0,0
15m,1756350900.0,2.982,2.9855,2.9767,2.9821,155960.9,0.0,0.0,0
15m,1756351800.0,2.9821,2.9854,2.9797,2.9809,90286.36,0.0,0.0,0
15m,1756352700.0,2.9809,2.9845,2.9757,2.982,84399.37,0.0,0.0,0
15m,1756353600.0,2.982,2.9928,2.9775,2.9919,188431.75,0.0,0.0,0
15m,1756354500.0,2.9919,2.9952,2.9871,2.9898,482494.7,0.0,0.0,0
15m,1756355400.0,2.9898,3.0019,2.989,2.9999,389935.23,0.0,0.0,0
15m,1756356300.0,2.9999,3.0119,2.9982,3.0076,719927.28,0.0,0.0,0
15m,1756357200.0,3.0076,3.0134,3.0039,3.0053,590611.57,0.0,0.0,0
15m,1756358100.0,3.0053,3.0097,2.9991,3.0027,447735.77,0.0,0.0,0
15m,1756359000.0,3.0027,3.0061,2.9974,2.9974,157953.72,0.0,0.0,0
15m,1756359900.0,2.9974,3.0019,2.9945,3.0004,308466.57,0.0,0.0,0
15m,1756360800.0,3.0004,3.0007,2.9907,2.9934,442373.5,0.0,0.0,0
15m,1756361700.0,2.9934,2.9991,2.9918,2.9991,155879.34,0.0,0.0,0
15m,1756362600.0,2.9991,3.0006,2.9933,3.0004,371355.23,0.0,0.0,0
15m,1756363500.0,3.0004,3.0039,2.996,3.0019,387304.2,0.0,0.0,0
15m,1756364400.0,3.0019,3.007,3.0001,3.0019,224353.92,0.0,0.0,0
15m,1756365300.0,3.0019,3.005,2.9931,2.9966,416700.4,0.0,0.0,0
15m,1756366200.0,2.9966,2.9968,2.9911,2.9947,476073.08,0.0,0.0,0
15m,1756367100.0,2.9947,3.0034,2.9947,3.0033,222181.02,0.0,0.0,0
15m,1756368000.0,3.0033,3.0163,3.0029,3.0087,807382.92,0.0,0.0,0
15m,1756368900.0,3.0087,3.0158,3.0017,3.0027,532978.24,0.0,0.0,0
15m,1756369800.0,3.0027,3.0044,3.0002,3.0002,249599.13,0.0,0.0,0
15m,1756370700.0,3.0002,3.0011,2.9953,3.0001,230172.54,0.0,0.0,0
15m,1756371600.0,3.0001,3.0002,2.9925,2.9927,342613.74,0.0,0.0,0
15m,1756372500.0,2.9927,3.0008,2.992,3.0005,132157.34,0.0,0.0,0
15m,1756373400.0,3.0005,3.0011,2.9978,3.0004,138240.13,0.0,0.0,0
15m,1756374300.0,3.0004,3.0023,2.9969,2.9997,142822.51,0.0,0.0,0
15m,1756375200.0,2.9997,3.0016,2.9948,3.0014,318824.44,0.0,0.0,0
15m,1756376100.0,3.0014,3.0014,2.9942,2.9987,253911.25,0.0,0.0,0
15m,1756377000.0,2.9987,3.0053,2.9978,3.0042,214123.03,0.0,0.0,0
15m,1756377900.0,3.0042,3.0074,3.0005,3.0073,401065.34,0.0,0.0,0
15m,1756378800.0,3.0073,3.0076,3.0008,3.0024,235422.04,0.0,0.0,0
15m,1756379700.0,3.0024,3.0051,3.0016,3.0043,187067.95,0.0,0.0,0
15m,1756380600.0,3.0043,3.0058,3.0003,3.0003,137311.01,0.0,0.0,0
15m,1756381500.0,3.0003,3.0083,2.9992,3.0077,260924.68,0.0,0.0,0
15m,1756382400.0,3.0077,3.0092,3.0057,3.0084,320061.95,0.0,0.0,0
15m,1756383300.0,3.0084,3.0125,3.0063,3.0102,286592.89,0.0,0.0,0
15m,1756384200.0,3.0102,3.0235,3.0065,3.0222,1464890.16,0.0,0.0,0
15m,1756385100.0,3.0222,3.0255,3.0181,3.0192,559780.05,0.0,0.0,0
15m,1756386000.0,3.0192,3.0251,3.0163,3.0197,488624.87,0.0,0.0,0
15m,1756386900.0,3.0197,3.0255,3.0111,3.0135,689351.8,0.0,0.0,0
15m,1756387800.0,3.0135,3.0223,3.0093,3.018,1204067.07,0.0,0.0,0
15m,1756388700.0,3.018,3.0198,2.9964,3.0029,1311931.33,0.0,0.0,0
15m,1756389600.0,3.0029,3.0133,2.9971,3.0083,705010.05,0.0,0.0,0
15m,1756390500.0,3.0083,3.015,2.9989,3.0025,549955.36,0.0,0.0,0
15m,1756391400.0,3.0025,3.0154,2.9962,3.0133,483309.03,0.0,0.0,0
15m,1756392300.0,3.0133,3.0199,3.0111,3.0165,439938.29,0.0,0.0,0
15m,1756393200.0,3.0165,3.0196,3.0087,3.01,291694.29,0.0,0.0,0
15m,1756394100.0,3.01,3.0191,2.9924,2.9947,689649.41,0.0,0.0,0
15m,1756395000.0,2.9947,2.9976,2.9826,2.983,738247.36,0.0,0.0,0
15m,1756395900.0,2.983,2.9838,2.9709,2.9817,587346.54,0.0,0.0,0
15m,1756396800.0,2.9817,2.9948,2.9816,2.9939,229906.19,0.0,0.0,0
15m,1756397700.0,2.9939,2.9983,2.9903,2.9973,320774.45,0.0,0.0,0
15m,1756398600.0,2.9973,2.9974,2.989,2.9899,321369.05,0.0,0.0,0
15m,1756399500.0,2.9899,2.9908,2.9586,2.9588,723179.36,0.0,0.0,0
15m,1756400400.0,2.9588,2.9751,2.9576,2.9749,529922.13,0.0,0.0,0
15m,1756401300.0,2.9749,2.9837,2.9738,2.9825,223928.79,0.0,0.0,0
15m,1756402200.0,2.9825,2.9825,2.9741,2.9796,283617.11,0.0,0.0,0
15m,1756403100.0,2.9796,2.9812,2.976,2.98,250592.49,0.0,0.0,0
15m,1756404000.0,2.98,2.98,2.97,2.9729,247290.71,0.0,0.0,0
15m,1756404900.0,2.9729,2.9829,2.9687,2.9826,266012.27,0.0,0.0,0
15m,1756405800.0,2.9826,2.987,2.9793,2.9827,267600.16,0.0,0.0,0
15m,1756406700.0,2.9827,2.9848,2.9771,2.9787,179830.99,0.0,0.0,0
15m,1756407600.0,2.9787,2.9855,2.9781,2.9783,222521.99,0.0,0.0,0
15m,1756408500.0,2.9783,2.9789,2.9714,2.9785,184922.41,0.0,0.0,0
15m,1756409400.0,2.9785,2.9808,2.962,2.9641,255169.91,0.0,0.0,0
15m,1756410300.0,2.9641,2.9691,2.9433,2.9436,727148.37,0.0,0.0,0
15m,1756411200.0,2.9436,2.9613,2.9433,2.9586,399491.16,0.0,0.0,0
15m,1756412100.0,2.9586,2.9628,2.9569,2.9576,161020.64,0.0,0.0,0
15m,1756413000.0,2.9576,2.9601,2.9527,2.9567,114294.09,0.0,0.0,0
15m,1756413900.0,2.9567,2.9572,2.9493,2.9495,140118.24,0.0,0.0,0
15m,1756414800.0,2.9495,2.9539,2.9481,2.9538,147631.59,0.0,0.0,0
15m,1756415700.0,2.9538,2.954,2.9475,2.9501,214768.81,0.0,0.0,0
15m,1756416600.0,2.9501,2.9585,2.9485,2.9584,98714.52,0.0,0.0,0
15m,1756417500.0,2.9584,2.9655,2.9581,2.9613,54239.73,0.0,0.0,0
15m,1756418400.0,2.9613,2.9691,2.9611,2.9685,102412.41,0.0,0.0,0
15m,1756419300.0,2.9685,2.9734,2.9659,2.9731,99468.76,0.0,0.0,0
15m,1756420200.0,2.9731,2.979,2.9688,2.9701,141248.93,0.0,0.0,0
15m,1756421100.0,2.9701,2.9714,2.9664,2.9699,108605.11,0.0,0.0,0
15m,1756422000.0,2.9699,2.9747,2.9665,2.9677,155409.98,0.0,0.0,0
15m,1756422900.0,2.9677,2.9703,2.9635,2.9663,110120.53,0.0,0.0,0
15m,1756423800.0,2.9663,2.9735,2.9641,2.9709,105018.44,0.0,0.0,0
15m,1756424700.0,2.9709,2.9713,2.9622,2.9665,86401.86,0.0,0.0,0
15m,1756425600.0,2.9665,2.972,2.9627,2.965,220329.35,0.0,0.0,0
15m,1756426500.0,2.965,2.9768,2.9605,2.9747,451470.94,0.0,0.0,0
15m,1756427400.0,2.9747,2.9756,2.958,2.9591,432482.19,0.0,0.0,0
15m,1756428300.0,2.9591,2.9618,2.9541,2.9583,161374.46,0.0,0.0,0
15m,1756429200.0,2.9583,2.9616,2.9478,2.9508,452388.37,0.0,0.0,0
15m,1756430100.0,2.9508,2.9508,2.9387,2.9395,790630.97,0.0,0.0,0
15m,1756431000.0,2.9395,2.9508,2.9393,2.9485,346698.3,0.0,0.0,0
15m,1756431900.0,2.9485,2.9504,2.9407,2.942,333428.06,0.0,0.0,0
15m,1756432800.0,2.942,2.9535,2.9374,2.9514,380409.18,0.0,0.0,0
15m,1756433700.0,2.9514,2.959,2.9449,2.9509,224017.0,0.0,0.0,0
15m,1756434600.0,2.9509,2.9529,2.9461,2.9518,320129.83,0.0,0.0,0
15m,1756435500.0,2.9518,2.9545,2.9473,2.9473,198065.09,0.0,0.0,0
15m,1756436400.0,2.9473,2.9503,2.939,2.9417,244359.84,0.0,0.0,0
15m,1756437300.0,2.9417,2.9447,2.9376,2.9401,402258.76,0.0,0.0,0
15m,1756438200.0,2.9401,2.946,2.9376,2.9423,395461.54,0.0,0.0,0
15m,1756439100.0,2.9423,2.945,2.9381,2.9382,310586.1,0.0,0.0,0
15m,1756440000.0,2.9382,2.9405,2.9275,2.9302,657565.9,0.0,0.0,0
15m,1756440900.0,2.9302,2.9352,2.9297,2.9313,487442.26,0.0,0.0,0
15m,1756441800.0,2.9313,2.9313,2.9251,2.9271,459466.81,0.0,0.0,0
15m,1756442700.0,2.9271,2.9281,2.9148,2.9174,910303.77,0.0,0.0,0
15m,1756443600.0,2.9174,2.9181,2.9061,2.9102,1415563.05,0.0,0.0,0
15m,1756444500.0,2.9102,2.9106,2.9016,2.9016,504262.49,0.0,0.0,0
15m,1756445400.0,2.9016,2.914,2.8998,2.9126,808142.79,0.0,0.0,0
15m,1756446300.0,2.9126,2.9153,2.9076,2.9099,412424.99,0.0,0.0,0
15m,1756447200.0,2.9099,2.9121,2.8966,2.8966,588098.75,0.0,0.0,0
15m,1756448100.0,2.8966,2.8978,2.8922,2.8935,481185.77,0.0,0.0,0
15m,1756449000.0,2.8935,2.9004,2.892,2.9004,1346703.94,0.0,0.0,0
15m,1756449900.0,2.9004,2.9029,2.8947,2.9007,1177557.42,0.0,0.0,0
15m,1756450800.0,2.9007,2.9009,2.8691,2.8694,1254898.53,0.0,0.0,0
15m,1756451700.0,2.8694,2.8775,2.861,2.8681,1499573.84,0.0,0.0,0
15m,1756452600.0,2.8681,2.8759,2.867,2.8699,907849.41,0.0,0.0,0
15m,1756453500.0,2.8699,2.8772,2.8657,2.87,715465.36,0.0,0.0,0
15m,1756454400.0,2.87,2.8787,2.8648,2.866,752635.78,0.0,0.0,0
15m,1756455300.0,2.866,2.8696,2.8581,2.8622,1577689.49,0.0,0.0,0
15m,1756456200.0,2.8622,2.8661,2.8588,2.8635,966393.68,0.0,0.0,0
15m,1756457100.0,2.8635,2.866,2.8496,2.8525,1064983.78,0.0,0.0,0
15m,1756458000.0,2.8525,2.8538,2.8436,2.8504,1191761.99,0.0,0.0,0
15m,1756458900.0,2.8504,2.8631,2.8486,2.8623,754390.67,0.0,0.0,0
15m,1756459800.0,2.8623,2.8626,2.8584,2.8621,382122.37,0.0,0.0,0
15m,1756460700.0,2.8621,2.8762,2.8618,2.8755,837410.64,0.0,0.0,0
15m,1756461600.0,2.8755,2.8826,2.8738,2.8797,544699.93,0.0,0.0,0
15m,1756462500.0,2.8797,2.8871,2.8769,2.885,394575.81,0.0,0.0,0
15m,1756463400.0,2.885,2.885,2.8736,2.8741,513892.2,0.0,0.0,0
15m,1756464300.0,2.8741,2.8783,2.87,2.8766,356632.72,0.0,0.0,0
15m,1756465200.0,2.8766,2.8825,2.8715,2.8806,405773.84,0.0,0.0,0
15m,1756466100.0,2.8806,2.8806,2.8738,2.8748,374668.38,0.0,0.0,0
15m,1756467000.0,2.8748,2.8773,2.8715,2.8715,197633.62,0.0,0.0,0
15m,1756467900.0,2.8715,2.8762,2.8715,2.8762,247278.86,0.0,0.0,0
15m,1756468800.0,2.8762,2.884,2.8754,2.8839,271445.6,0.0,0.0,0
15m,1756469700.0,2.8839,2.8842,2.8773,2.8795,498343.78,0.0,0.0,0
15m,1756470600.0,2.8795,2.9228,2.8771,2.8841,5073462.93,0.0,0.0,0
15m,1756471500.0,2.8841,2.8941,2.8816,2.8869,596161.61,0.0,0.0,0
15m,1756472400.0,2.8869,2.8881,2.8754,2.8783,447948.47,0.0,0.0,0
15m,1756473300.0,2.8783,2.8795,2.8658,2.8694,693742.41,0.0,0.0,0
15m,1756474200.0,2.8694,2.8717,2.8502,2.857,2585687.99,0.0,0.0,0
15m,1756475100.0,2.857,2.858,2.835,2.8486,3744176.58,0.0,0.0,0
15m,1756476000.0,2.8486,2.8615,2.8191,2.8326,5261615.91,0.0,0.0,0
15m,1756476900.0,2.8326,2.8523,2.8231,2.8335,2448099.36,0.0,0.0,0
15m,1756477800.0,2.8335,2.8401,2.8218,2.8219,1563945.42,0.0,0.0,0
15m,1756478700.0,2.8219,2.8288,2.8164,2.8229,1856108.92,0.0,0.0,0
15m,1756479600.0,2.8229,2.8388,2.8215,2.8365,1049039.23,0.0,0.0,0
15m,1756480500.0,2.8365,2.8456,2.8365,2.8389,763679.41,0.0,0.0,0
15m,1756481400.0,2.8389,2.8439,2.8347,2.8418,773082.01,0.0,0.0,0
15m,1756482300.0,2.8418,2.8453,2.8282,2.8343,1135117.0,0.0,0.0,0
15m,1756483200.0,2.8343,2.8398,2.8185,2.8337,1991094.01,0.0,0.0,0
15m,1756484100.0,2.8337,2.8397,2.8272,2.83,1222078.01,0.0,0.0,0
15m,1756485000.0,2.83,2.846,2.8298,2.8425,983581.0,0.0,0.0,0
15m,1756485900.0,2.8425,2.8438,2.8333,2.8416,722551.73,0.0,0.0,0
15m,1756486800.0,2.8416,2.842,2.8201,2.8211,1100975.26,0.0,0.0,0
15m,1756487700.0,2.8211,2.8306,2.8145,2.8219,1208113.94,0.0,0.0,0
15m,1756488600.0,2.8219,2.8315,2.8205,2.8277,388971.21,0.0,0.0,0
15m,1756489500.0,2.8277,2.8313,2.8176,2.8185,388195.5,0.0,0.0,0
15m,1756490400.0,2.8185,2.8267,2.8121,2.8188,658896.6,0.0,0.0,0
15m,1756491300.0,2.8188,2.8212,2.8018,2.8042,1794532.54,0.0,0.0,0
15m,1756492200.0,2.8042,2.8072,2.8016,2.8035,514515.29,0.0,0.0,0
15m,1756493100.0,2.8035,2.8119,2.8024,2.81,310254.42,0.0,0.0,0
15m,1756494000.0,2.81,2.8188,2.8031,2.8162,895461.39,0.0,0.0,0
15m,1756494900.0,2.8162,2.8299,2.8154,2.8289,466198.91,0.0,0.0,0
15m,1756495800.0,2.8289,2.8348,2.8222,2.8336,469035.76,0.0,0.0,0
15m,1756496700.0,2.8336,2.8378,2.8069,2.8137,967694.87,0.0,0.0,0
15m,1756497600.0,2.8137,2.8201,2.7995,2.813,1143274.16,0.0,0.0,0
15m,1756498500.0,2.813,2.8147,2.8031,2.8063,622809.48,0.0,0.0,0
15m,1756499400.0,2.8063,2.8063,2.7893,2.7913,937077.59,0.0,0.0,0
15m,1756500300.0,2.7913,2.7946,2.7839,2.7857,1095895.15,0.0,0.0,0
15m,1756501200.0,2.7857,2.7979,2.7715,2.797,2650531.76,0.0,0.0,0
15m,1756502100.0,2.797,2.805,2.7963,2.8041,302461.76,0.0,0.0,0
15m,1756503000.0,2.8041,2.8196,2.8041,2.8196,773715.69,0.0,0.0,0
15m,1756503900.0,2.8196,2.8199,2.8055,2.8076,146697.43,0.0,0.0,0
15m,1756504800.0,2.8076,2.8093,2.7904,2.7917,240180.76,0.0,0.0,0
15m,1756505700.0,2.7917,2.8028,2.7904,2.8003,299752.74,0.0,0.0,0
15m,1756506600.0,2.8003,2.8036,2.7967,2.8022,114752.63,0.0,0.0,0
15m,1756507500.0,2.8022,2.8118,2.8018,2.8118,231291.79,0.0,0.0,0
15m,1756508400.0,2.8118,2.8149,2.8068,2.814,261731.78,0.0,0.0,0
15m,1756509300.0,2.814,2.8216,2.8126,2.8181,324317.84,0.0,0.0,0
15m,1756510200.0,2.8181,2.8261,2.8177,2.826,275034.77,0.0,0.0,0
15m,1756511100.0,2.826,2.8263,2.8178,2.8193,275113.96,0.0,0.0,0
15m,1756512000.0,2.8193,2.8233,2.8153,2.8169,289850.05,0.0,0.0,0
15m,1756512900.0,2.8169,2.8246,2.8155,2.8225,201341.76,0.0,0.0,0
15m,1756513800.0,2.8225,2.8228,2.8127,2.8138,422475.89,0.0,0.0,0
15m,1756514700.0,2.8138,2.8205,2.8124,2.8172,300903.18,0.0,0.0,0
15m,1756515600.0,2.8172,2.8193,2.8135,2.8139,162502.02,0.0,0.0,0
15m,1756516500.0,2.8139,2.8139,2.7964,2.7984,423447.11,0.0,0.0,0
15m,1756517400.0,2.7984,2.8028,2.7939,2.7947,462455.16,0.0,0.0,0
15m,1756518300.0,2.7947,2.7953,2.7598,2.765,2147550.6,0.0,0.0,0
15m,1756519200.0,2.765,2.7896,2.7611,2.7892,1623822.61,0.0,0.0,0
15m,1756520100.0,2.7892,2.7965,2.7866,2.7938,600077.48,0.0,0.0,0
15m,1756521000.0,2.7938,2.7994,2.7936,2.7991,372137.22,0.0,0.0,0
15m,1756521900.0,2.7991,2.8032,2.793,2.793,300491.03,0.0,0.0,0
15m,1756522800.0,2.793,2.803,2.7914,2.8024,420956.95,0.0,0.0,0
15m,1756523700.0,2.8024,2.82,2.8024,2.8121,712965.69,0.0,0.0,0
15m,1756524600.0,2.8121,2.8199,2.8118,2.813,348452.79,0.0,0.0,0
15m,1756525500.0,2.813,2.8178,2.8119,2.8129,218531.54,0.0,0.0,0
15m,1756526400.0,2.8129,2.8214,2.8114,2.8179,484664.83,0.0,0.0,0
15m,1756527300.0,2.8179,2.8227,2.8174,2.8215,476119.97,0.0,0.0,0
15m,1756528200.0,2.8215,2.8225,2.8134,2.8142,206283.97,0.0,0.0,0
15m,1756529100.0,2.8142,2.8174,2.8116,2.8119,104052.72,0.0,0.0,0
15m,1756530000.0,2.8119,2.8244,2.8099,2.8206,696894.65,0.0,0.0,0
15m,1756530900.0,2.8206,2.8266,2.8201,2.8252,171403.47,0.0,0.0,0
15m,1756531800.0,2.8252,2.8323,2.8217,2.8303,497137.64,0.0,0.0,0
15m,1756532700.0,2.8303,2.8352,2.8263,2.827,302735.1,0.0,0.0,0
15m,1756533600.0,2.827,2.8327,2.8232,2.8235,189790.44,0.0,0.0,0
15m,1756534500.0,2.8235,2.8276,2.8217,2.8251,115372.55,0.0,0.0,0
15m,1756535400.0,2.8251,2.8335,2.8246,2.8326,104601.06,0.0,0.0,0
15m,1756536300.0,2.8326,2.8334,2.8264,2.8274,305751.59,0.0,0.0,0
15m,1756537200.0,2.8274,2.8317,2.8249,2.8294,212613.89,0.0,0.0,0
15m,1756538100.0,2.8294,2.8308,2.8255,2.8283,215996.21,0.0,0.0,0
15m,1756539000.0,2.8283,2.8331,2.8224,2.8324,395036.28,0.0,0.0,0
15m,1756539900.0,2.8324,2.8345,2.8299,2.8321,184266.85,0.0,0.0,0
15m,1756540800.0,2.8321,2.8321,2.8221,2.825,573683.07,0.0,0.0,0
15m,1756541700.0,2.825,2.826,2.8214,2.824,200189.52,0.0,0.0,0
15m,1756542600.0,2.824,2.825,2.8179,2.8184,319663.72,0.0,0.0,0
15m,1756543500.0,2.8184,2.8188,2.8094,2.8105,278946.16,0.0,0.0,0
15m,1756544400.0,2.8105,2.8115,2.803,2.8031,225135.49,0.0,0.0,0
15m,1756545300.0,2.8031,2.8078,2.8028,2.8043,493570.3,0.0,0.0,0
15m,1756546200.0,2.8043,2.8043,2.7954,2.7991,389748.77,0.0,0.0,0
15m,1756547100.0,2.7991,2.8087,2.7971,2.8038,382165.95,0.0,0.0,0
15m,1756548000.0,2.8038,2.8108,2.8027,2.8073,191532.65,0.0,0.0,0
15m,1756548900.0,2.8073,2.814,2.8068,2.8101,250000.44,0.0,0.0,0
15m,1756549800.0,2.8101,2.8108,2.7999,2.8025,306452.6,0.0,0.0,0
15m,1756550700.0,2.8025,2.806,2.8003,2.8039,156572.54,0.0,0.0,0
15m,1756551600.0,2.8039,2.8064,2.8008,2.8031,196394.78,0.0,0.0,0
15m,1756552500.0,2.8031,2.8047,2.801,2.8038,101707.5,0.0,0.0,0
15m,1756553400.0,2.8038,2.8058,2.8008,2.8058,157761.29,0.0,0.0,0
15m,1756554300.0,2.8058,2.8127,2.8055,2.8101,127529.87,0.0,0.0,0
15m,1756555200.0,2.8101,2.8107,2.8038,2.8051,292291.5,0.0,0.0,0
15m,1756556100.0,2.8051,2.8052,2.7938,2.7975,366373.25,0.0,0.0,0
15m,1756557000.0,2.7975,2.7981,2.7774,2.785,1207543.8,0.0,0.0,0
15m,1756557900.0,2.785,2.7941,2.7842,2.793,322013.52,0.0,0.0,0
15m,1756558800.0,2.793,2.7943,2.7744,2.7771,860436.49,0.0,0.0,0
15m,1756559700.0,2.7771,2.7877,2.7747,2.7877,454192.32,0.0,0.0,0
15m,1756560600.0,2.7877,2.7919,2.7841,2.7847,271354.44,0.0,0.0,0
15m,1756561500.0,2.7847,2.7929,2.7797,2.7921,243186.17,0.0,0.0,0
15m,1756562400.0,2.7921,2.7929,2.7853,2.7866,188460.58,0.0,0.0,0
15m,1756563300.0,2.7866,2.7902,2.7829,2.7899,215865.95,0.0,0.0,0
15m,1756564200.0,2.7899,2.7947,2.7894,2.7931,145996.98,0.0,0.0,0
15m,1756565100.0,2.7931,2.8,2.7926,2.7971,357961.4,0.0,0.0,0
15m,1756566000.0,2.7971,2.7992,2.792,2.7973,154948.74,0.0,0.0,0
15m,1756566900.0,2.7973,2.8051,2.7973,2.8037,370386.96,0.0,0.0,0
15m,1756567800.0,2.8037,2.8088,2.8002,2.808,300983.01,0.0,0.0,0
15m,1756568700.0,2.808,2.8103,2.8048,2.8071,243314.08,0.0,0.0,0
15m,1756569600.0,2.8071,2.8079,2.8005,2.801,228808.83,0.0,0.0,0
15m,1756570500.0,2.801,2.8056,2.7991,2.805,213976.68,0.0,0.0,0
15m,1756571400.0,2.805,2.8159,2.8039,2.8129,287273.74,0.0,0.0,0
15m,1756572300.0,2.8129,2.8135,2.8076,2.8097,149963.74,0.0,0.0,0
15m,1756573200.0,2.8097,2.8173,2.8086,2.8164,307382.46,0.0,0.0,0
15m,1756574100.0,2.8164,2.8185,2.8128,2.8128,160422.12,0.0,0.0,0
15m,1756575000.0,2.8128,2.8156,2.8061,2.8079,212465.37,0.0,0.0,0
15m,1756575900.0,2.8079,2.8085,2.8043,2.8068,118968.24,0.0,0.0,0
15m,1756576800.0,2.8068,2.8116,2.8033,2.8052,168323.91,0.0,0.0,0
15m,1756577700.0,2.8052,2.8064,2.8016,2.8045,110597.83,0.0,0.0,0
15m,1756578600.0,2.8045,2.8054,2.8006,2.8032,72097.38,0.0,0.0,0
15m,1756579500.0,2.8032,2.8078,2.8032,2.8059,70209.41,0.0,0.0,0
15m,1756580400.0,2.8059,2.8102,2.8041,2.8102,121703.8,0.0,0.0,0
15m,1756581300.0,2.8102,2.8152,2.8061,2.8122,193085.22,0.0,0.0,0
15m,1756582200.0,2.8122,2.8133,2.8077,2.8112,74905.09,0.0,0.0,0
15m,1756583100.0,2.8112,2.8112,2.8067,2.8106,59214.68,0.0,0.0,0
15m,1756584000.0,2.8106,2.8125,2.8061,2.8085,97675.37,0.0,0.0,0
15m,1756584900.0,2.8085,2.8086,2.8037,2.8076,118058.42,0.0,0.0,0
15m,1756585800.0,2.8076,2.8077,2.8014,2.8046,147200.41,0.0,0.0,0
15m,1756586700.0,2.8046,2.8058,2.8025,2.8058,96642.28,0.0,0.0,0
15m,1756587600.0,2.8058,2.8085,2.8003,2.808,249605.19,0.0,0.0,0
15m,1756588500.0,2.808,2.808,2.8019,2.8029,105099.86,0.0,0.0,0
15m,1756589400.0,2.8029,2.8049,2.8017,2.8047,112187.62,0.0,0.0,0
15m,1756590300.0,2.8047,2.809,2.8047,2.8066,40074.37,0.0,0.0,0
15m,1756591200.0,2.8066,2.808,2.7997,2.8006,179996.82,0.0,0.0,0
15m,1756592100.0,2.8006,2.8079,2.8006,2.8072,77062.15,0.0,0.0,0
15m,1756593000.0,2.8072,2.81,2.8048,2.8088,59370.92,0.0,0.0,0
15m,1756593900.0,2.8088,2.81,2.8072,2.808,64974.92,0.0,0.0,0
15m,1756594800.0,2.808,2.8131,2.8078,2.8116,169608.55,0.0,0.0,0
15m,1756595700.0,2.8116,2.816,2.8103,2.8157,112483.71,0.0,0.0,0
15m,1756596600.0,2.8157,2.8172,2.8134,2.817,220737.4,0.0,0.0,0
15m,1756597500.0,2.817,2.8183,2.8149,2.818,122195.98,0.0,0.0,0
15m,1756598400.0,2.818,2.8242,2.818,2.8214,330906.72,0.0,0.0,0
15m,1756599300.0,2.8214,2.8256,2.8197,2.8245,239964.33,0.0,0.0,0
15m,1756600200.0,2.8245,2.8304,2.8233,2.8301,683045.34,0.0,0.0,0
15m,1756601100.0,2.8301,2.8467,2.8292,2.8447,1025760.21,0.0,0.0,0
15m,1756602000.0,2.8447,2.8465,2.8369,2.8391,532527.69,0.0,0.0,0
15m,1756602900.0,2.8391,2.846,2.8382,2.8424,445533.65,0.0,0.0,0
15m,1756603800.0,2.8424,2.8532,2.8416,2.8532,516979.8,0.0,0.0,0
15m,1756604700.0,2.8532,2.8682,2.8522,2.8625,751607.08,0.0,0.0,0
15m,1756605600.0,2.8625,2.8645,2.8553,2.8555,435767.1,0.0,0.0,0
15m,1756606500.0,2.8555,2.8584,2.8525,2.8539,218864.73,0.0,0.0,0
15m,1756607400.0,2.8539,2.8539,2.8476,2.8476,217981.34,0.0,0.0,0
15m,1756608300.0,2.8476,2.8495,2.8448,2.8472,190388.46,0.0,0.0,0
15m,1756609200.0,2.8472,2.8526,2.8463,2.8463,264466.14,0.0,0.0,0
15m,1756610100.0,2.8463,2.8463,2.8427,2.8446,228920.08,0.0,0.0,0
15m,1756611000.0,2.8446,2.8492,2.8408,2.8487,203611.37,0.0,0.0,0
15m,1756611900.0,2.8487,2.8518,2.8471,2.8518,162131.57,0.0,0.0,0
15m,1756612800.0,2.8518,2.8567,2.847,2.8549,255272.21,0.0,0.0,0
15m,1756613700.0,2.8549,2.8552,2.8451,2.8456,246822.3,0.0,0.0,0
15m,1756614600.0,2.8456,2.8489,2.8432,2.8432,178855.57,0.0,0.0,0
15m,1756615500.0,2.8432,2.8476,2.8427,2.8476,259010.61,0.0,0.0,0
15m,1756616400.0,2.8476,2.8476,2.8351,2.8366,577194.98,0.0,0.0,0
15m,1756617300.0,2.8366,2.8377,2.8327,2.8347,236101.03,0.0,0.0,0
15m,1756618200.0,2.8347,2.8393,2.8345,2.8373,209387.33,0.0,0.0,0
15m,1756619100.0,2.8373,2.8381,2.8334,2.837,151282.26,0.0,0.0,0
15m,1756620000.0,2.837,2.8387,2.8322,2.8334,308726.17,0.0,0.0,0
15m,1756620900.0,2.8334,2.8344,2.8275,2.8286,188173.0,0.0,0.0,0
15m,1756621800.0,2.8286,2.8305,2.8258,2.8293,224227.66,0.0,0.0,0
15m,1756622700.0,2.8293,2.83,2.8229,2.8239,302414.02,0.0,0.0,0
15m,1756623600.0,2.8239,2.8349,2.8235,2.8339,171126.12,0.0,0.0,0
15m,1756624500.0,2.8339,2.835,2.8308,2.8321,224553.25,0.0,0.0,0
15m,1756625400.0,2.8321,2.8342,2.829,2.8305,133031.74,0.0,0.0,0
15m,1756626300.0,2.8305,2.8311,2.8271,2.8289,233409.49,0.0,0.0,0
15m,1756627200.0,2.8289,2.8331,2.8289,2.833,149081.59,0.0,0.0,0
15m,1756628100.0,2.833,2.8365,2.8309,2.8342,162988.84,0.0,0.0,0
15m,1756629000.0,2.8342,2.8394,2.8316,2.8394,206910.24,0.0,0.0,0
15m,1756629900.0,2.8394,2.8443,2.8382,2.8438,167432.33,0.0,0.0,0
15m,1756630800.0,2.8438,2.8439,2.8377,2.8379,124103.06,0.0,0.0,0
15m,1756631700.0,2.8379,2.842,2.8371,2.8392,174493.68,0.0,0.0,0
15m,1756632600.0,2.8392,2.8428,2.8371,2.8387,292621.02,0.0,0.0,0
15m,1756633500.0,2.8387,2.8387,2.8303,2.8312,290461.45,0.0,0.0,0
15m,1756634400.0,2.8312,2.8336,2.8244,2.8254,581737.47,0.0,0.0,0
15m,1756635300.0,2.8254,2.8271,2.8208,2.8231,303295.53,0.0,0.0,0
15m,1756636200.0,2.8231,2.8255,2.8133,2.8143,284143.98,0.0,0.0,0
15m,1756637100.0,2.8143,2.8226,2.8122,2.8202,434040.2,0.0,0.0,0
15m,1756638000.0,2.8202,2.8208,2.8151,2.8202,191245.06,0.0,0.0,0
15m,1756638900.0,2.8202,2.8252,2.8133,2.8242,332094.84,0.0,0.0,0
15m,1756639800.0,2.8242,2.8273,2.8181,2.8226,280969.16,0.0,0.0,0
15m,1756640700.0,2.8226,2.8254,2.8212,2.8238,174135.0,0.0,0.0,0
15m,1756641600.0,2.8238,2.8245,2.8162,2.8171,261004.3,0.0,0.0,0
15m,1756642500.0,2.8171,2.8178,2.8127,2.8142,584828.82,0.0,0.0,0
15m,1756643400.0,2.8142,2.8189,2.8131,2.8155,389729.37,0.0,0.0,0
15m,1756644300.0,2.8155,2.8189,2.8133,2.8174,622784.46,0.0,0.0,0
15m,1756645200.0,2.8174,2.8216,2.8125,2.8143,408652.07,0.0,0.0,0
15m,1756646100.0,2.8143,2.8231,2.8133,2.819,398057.43,0.0,0.0,0
15m,1756647000.0,2.819,2.82,2.8053,2.8106,468580.92,0.0,0.0,0
15m,1756647900.0,2.8106,2.8149,2.8081,2.8112,416880.14,0.0,0.0,0
15m,1756648800.0,2.8112,2.8141,2.8013,2.8049,479594.68,0.0,0.0,0
15m,1756649700.0,2.8049,2.8087,2.8016,2.8081,354776.29,0.0,0.0,0
15m,1756650600.0,2.8081,2.8167,2.8075,2.8136,286448.69,0.0,0.0,0
15m,1756651500.0,2.8136,2.8155,2.8076,2.8092,210032.25,0.0,0.0,0
15m,1756652400.0,2.8092,2.8249,2.8083,2.814,491200.65,0.0,0.0,0
15m,1756653300.0,2.814,2.8174,2.8115,2.8155,107447.8,0.0,0.0,0
15m,1756654200.0,2.8155,2.8223,2.8138,2.8221,210425.94,0.0,0.0,0
15m,1756655100.0,2.8221,2.8244,2.8206,2.8221,161978.44,0.0,0.0,0
15m,1756656000.0,2.8221,2.8221,2.8097,2.8109,204691.43,0.0,0.0,0
15m,1756656900.0,2.8109,2.8112,2.8061,2.8089,133155.92,0.0,0.0,0
15m,1756657800.0,2.8089,2.8146,2.8063,2.8139,182543.54,0.0,0.0,0
15m,1756658700.0,2.8139,2.8162,2.8101,2.8145,61825.11,0.0,0.0,0
15m,1756659600.0,2.8145,2.8149,2.8104,2.814,87261.06,0.0,0.0,0
15m,1756660500.0,2.814,2.8149,2.8075,2.8129,127921.79,0.0,0.0,0
15m,1756661400.0,2.8129,2.8141,2.8091,2.8112,146948.27,0.0,0.0,0
15m,1756662300.0,2.8112,2.812,2.807,2.8092,86476.75,0.0,0.0,0
15m,1756663200.0,2.8092,2.812,2.8068,2.8103,223356.87,0.0,0.0,0
15m,1756664100.0,2.8103,2.8174,2.8088,2.8138,140404.82,0.0,0.0,0
15m,1756665000.0,2.8138,2.8209,2.8136,2.8182,169356.22,0.0,0.0,0
15m,1756665900.0,2.8182,2.8212,2.8176,2.82,102340.98,0.0,0.0,0
15m,1756666800.0,2.82,2.8203,2.8107,2.8111,176152.01,0.0,0.0,0
15m,1756667700.0,2.8111,2.8115,2.8038,2.8038,210022.63,0.0,0.0,0
15m,1756668600.0,2.8038,2.8087,2.8032,2.807,142228.14,0.0,0.0,0
15m,1756669500.0,2.807,2.807,2.7988,2.8003,403036.23,0.0,0.0,0
15m,1756670400.0,2.8003,2.8085,2.795,2.8074,287371.84,0.0,0.0,0
15m,1756671300.0,2.8074,2.8096,2.7998,2.8052,171080.12,0.0,0.0,0
15m,1756672200.0,2.8052,2.8095,2.8011,2.8026,184747.56,0.0,0.0,0
15m,1756673100.0,2.8026,2.8098,2.8019,2.8085,74831.46,0.0,0.0,0
15m,1756674000.0,2.8085,2.8108,2.8036,2.8108,107918.12,0.0,0.0,0
15m,1756674900.0,2.8108,2.8135,2.8082,2.8116,93746.73,0.0,0.0,0
15m,1756675800.0,2.8116,2.8172,2.8105,2.8172,117461.6,0.0,0.0,0
15m,1756676700.0,2.8172,2.8172,2.8098,2.8112,56692.89,0.0,0.0,0
15m,1756677600.0,2.8112,2.8127,2.8047,2.8099,98465.25,0.0,0.0,0
15m,1756678500.0,2.8099,2.8171,2.8099,2.8145,79486.45,0.0,0.0,0
15m,1756679400.0,2.8145,2.8149,2.8013,2.802,158992.49,0.0,0.0,0
15m,1756680300.0,2.802,2.805,2.7993,2.801,194844.37,0.0,0.0,0
15m,1756681200.0,2.801,2.801,2.7903,2.7934,281223.2,0.0,0.0,0
15m,1756682100.0,2.7934,2.7934,2.7836,2.7868,490575.56,0.0,0.0,0
15m,1756683000.0,2.7868,2.7872,2.7726,2.7736,865843.79,0.0,0.0,0
15m,1756683900.0,2.7736,2.7803,2.7708,2.7759,510711.82,0.0,0.0,0
15m,1756684800.0,2.7759,2.7776,2.7556,2.7623,1664478.0,0.0,0.0,0
15m,1756685700.0,2.7623,2.7672,2.7377,2.7514,2482995.14,0.0,0.0,0
15m,1756686600.0,2.7514,2.7632,2.7369,2.7599,1312069.36,0.0,0.0,0
15m,1756687500.0,2.7599,2.7686,2.7545,2.7626,1396793.3,0.0,0.0,0
15m,1756688400.0,2.7626,2.7716,2.7555,2.7618,617629.26,0.0,0.0,0
15m,1756689300.0,2.7618,2.7682,2.7548,2.7678,457112.9,0.0,0.0,0
15m,1756690200.0,2.7678,2.775,2.7643,2.775,628109.7,0.0,0.0,0
15m,1756691100.0,2.775,2.7793,2.7589,2.7651,333384.07,0.0,0.0,0
15m,1756692000.0,2.7651,2.7673,2.7498,2.7519,265749.2,0.0,0.0,0
15m,1756692900.0,2.7519,2.7564,2.7369,2.7482,597680.42,0.0,0.0,0
15m,1756693800.0,2.7482,2.7486,2.7365,2.7405,481410.38,0.0,0.0,0
15m,1756694700.0,2.7405,2.7431,2.7288,2.7333,1122926.95,0.0,0.0,0
15m,1756695600.0,2.7333,2.7409,2.7257,2.7307,707642.09,0.0,0.0,0
15m,1756696500.0,2.7307,2.7365,2.727,2.7347,658094.21,0.0,0.0,0
15m,1756697400.0,2.7347,2.7444,2.7314,2.7431,730224.58,0.0,0.0,0
15m,1756698300.0,2.7431,2.7462,2.7358,2.7422,537530.92,0.0,0.0,0
15m,1756699200.0,2.7422,2.7471,2.7352,2.7446,245888.75,0.0,0.0,0
15m,1756700100.0,2.7446,2.7454,2.7329,2.7371,347335.9,0.0,0.0,0
15m,1756701000.0,2.7371,2.7371,2.7214,2.7214,617498.12,0.0,0.0,0
15m,1756701900.0,2.7214,2.7225,2.7116,2.719,1179398.68,0.0,0.0,0
15m,1756702800.0,2.719,2.7246,2.7027,2.7115,1085106.35,0.0,0.0,0
15m,1756703700.0,2.7115,2.7221,2.7013,2.722,810251.02,0.0,0.0,0
15m,1756704600.0,2.722,2.7358,2.7201,2.7353,656036.86,0.0,0.0,0
15m,1756705500.0,2.7353,2.7378,2.7287,2.7334,499950.25,0.0,0.0,0
15m,1756706400.0,2.7334,2.735,2.7194,2.726,640567.83,0.0,0.0,0
15m,1756707300.0,2.726,2.7377,2.7215,2.7308,1021662.59,0.0,0.0,0
15m,1756708200.0,2.7308,2.7395,2.7291,2.7394,326089.5,0.0,0.0,0
15m,1756709100.0,2.7394,2.7404,2.7351,2.7367,291611.49,0.0,0.0,0
15m,1756710000.0,2.7367,2.7424,2.7268,2.7271,588847.91,0.0,0.0,0
15m,1756710900.0,2.7271,2.7511,2.7264,2.7473,749937.0,0.0,0.0,0
15m,1756711800.0,2.7473,2.7645,2.7451,2.7534,1274957.13,0.0,0.0,0
15m,1756712700.0,2.7534,2.7941,2.7534,2.7941,2786502.04,0.0,0.0,0
15m,1756713600.0,2.7941,2.8188,2.7941,2.8018,3060327.42,0.0,0.0,0
15m,1756714500.0,2.8018,2.8083,2.7955,2.7955,815029.18,0.0,0.0,0
15m,1756715400.0,2.7955,2.8162,2.7955,2.8161,1039131.3,0.0,0.0,0
15m,1756716300.0,2.8161,2.8264,2.8114,2.8256,976532.25,0.0,0.0,0
15m,1756717200.0,2.8256,2.839,2.8252,2.8302,1633928.98,0.0,0.0,0
15m,1756718100.0,2.8302,2.8305,2.8214,2.8238,506190.03,0.0,0.0,0
15m,1756719000.0,2.8238,2.8263,2.8159,2.8223,573430.67,0.0,0.0,0
15m,1756719900.0,2.8223,2.8225,2.8083,2.8083,763570.3,0.0,0.0,0
15m,1756720800.0,2.8083,2.816,2.8031,2.8147,780294.88,0.0,0.0,0
15m,1756721700.0,2.8147,2.8161,2.8014,2.8026,395063.27,0.0,0.0,0
15m,1756722600.0,2.8026,2.8029,2.7824,2.7872,1051709.51,0.0,0.0,0
15m,1756723500.0,2.7872,2.7927,2.7775,2.7924,420293.47,0.0,0.0,0
15m,1756724400.0,2.7924,2.7998,2.788,2.7887,377320.87,0.0,0.0,0
15m,1756725300.0,2.7887,2.795,2.7806,2.784,340427.01,0.0,0.0,0
15m,1756726200.0,2.784,2.784,2.7678,2.7678,572098.5,0.0,0.0,0
15m,1756727100.0,2.7678,2.7758,2.7675,2.7696,386360.72,0.0,0.0,0
15m,1756728000.0,2.7696,2.7781,2.7646,2.773,329263.17,0.0,0.0,0
15m,1756728900.0,2.773,2.7751,2.7615,2.7719,250728.81,0.0,0.0,0
15m,1756729800.0,2.7719,2.7803,2.7688,2.77,179139.96,0.0,0.0,0
15m,1756730700.0,2.77,2.7774,2.7675,2.7715,177354.42,0.0,0.0,0
15m,1756731600.0,2.7715,2.774,2.7644,2.7666,293888.99,0.0,0.0,0
15m,1756732500.0,2.7666,2.7775,2.7577,2.776,603375.73,0.0,0.0,0
15m,1756733400.0,2.776,2.7769,2.7653,2.7662,430502.8,0.0,0.0,0
15m,1756734300.0,2.7662,2.7697,2.7545,2.7595,444826.17,0.0,0.0,0
15m,1756735200.0,2.7595,2.7732,2.7581,2.7704,310644.02,0.0,0.0,0
15m,1756736100.0,2.7704,2.7738,2.7627,2.7668,274851.01,0.0,0.0,0
15m,1756737000.0,2.7668,2.7695,2.7516,2.764,378951.96,0.0,0.0,0
15m,1756737900.0,2.764,2.7738,2.7554,2.7696,337462.39,0.0,0.0,0
15m,1756738800.0,2.7696,2.7786,2.7609,2.7652,283978.72,0.0,0.0,0
15m,1756739700.0,2.7652,2.7678,2.7542,2.7601,408472.17,0.0,0.0,0
15m,1756740600.0,2.7601,2.7677,2.7548,2.7636,228580.18,0.0,0.0,0
15m,1756741500.0,2.7636,2.7699,2.752,2.7627,307703.98,0.0,0.0,0
15m,1756742400.0,2.7627,2.7683,2.7533,2.7618,437060.05,0.0,0.0,0
15m,1756743300.0,2.7618,2.7657,2.7528,2.76,305238.96,0.0,0.0,0
15m,1756744200.0,2.76,2.7606,2.7437,2.7504,360985.28,0.0,0.0,0
15m,1756745100.0,2.7504,2.7571,2.7439,2.7467,223118.1,0.0,0.0,0
15m,1756746000.0,2.7467,2.7482,2.7277,2.7373,837386.64,0.0,0.0,0
15m,1756746900.0,2.7373,2.7412,2.723,2.7297,396561.93,0.0,0.0,0
15m,1756747800.0,2.7297,2.7309,2.7213,2.7267,378549.68,0.0,0.0,0
15m,1756748700.0,2.7267,2.7301,2.7205,2.7269,238641.37,0.0,0.0,0
15m,1756749600.0,2.7269,2.7364,2.7242,2.7342,398607.01,0.0,0.0,0
15m,1756750500.0,2.7342,2.7467,2.7324,2.7443,275198.04,0.0,0.0,0
15m,1756751400.0,2.7443,2.7522,2.7414,2.751,142298.35,0.0,0.0,0
15m,1756752300.0,2.751,2.7577,2.7507,2.756,177186.84,0.0,0.0,0
15m,1756753200.0,2.756,2.766,2.7528,2.7649,238404.83,0.0,0.0,0
15m,1756754100.0,2.7649,2.7667,2.7592,2.7592,270521.75,0.0,0.0,0
15m,1756755000.0,2.7592,2.7716,2.7586,2.7711,177395.18,0.0,0.0,0
15m,1756755900.0,2.7711,2.7743,2.767,2.773,226762.46,0.0,0.0,0
15m,1756756800.0,2.773,2.7739,2.7655,2.7706,128859.64,0.0,0.0,0
15m,1756757700.0,2.7706,2.7757,2.767,2.7727,264717.63,0.0,0.0,0
15m,1756758600.0,2.7727,2.7747,2.742,2.742,1502572.54,0.0,0.0,0
15m,1756759500.0,2.742,2.7658,2.7356,2.762,3742201.25,0.0,0.0,0
15m,1756760400.0,2.762,2.7642,2.7431,2.7449,669558.33,0.0,0.0,0
15m,1756761300.0,2.7449,2.7479,2.7284,2.7311,302131.93,0.0,0.0,0
15m,1756762200.0,2.7311,2.7316,2.6971,2.7123,685105.06,0.0,0.0,0
15m,1756763100.0,2.7123,2.7291,2.711,2.7276,194797.27,0.0,0.0,0
15m,1756764000.0,2.7276,2.7292,2.7173,2.7262,345988.64,0.0,0.0,0
15m,1756764900.0,2.7262,2.7366,2.7195,2.7205,432469.79,0.0,0.0,0
15m,1756765800.0,2.7205,2.7314,2.7191,2.7207,342352.11,0.0,0.0,0
15m,1756766700.0,2.7207,2.7471,2.7196,2.7433,557934.21,0.0,0.0,0
15m,1756767600.0,2.7433,2.7527,2.7423,2.7478,593643.24,0.0,0.0,0
15m,1756768500.0,2.7478,2.7478,2.7404,2.7456,200401.71,0.0,0.0,0
15m,1756769400.0,2.7456,2.7495,2.7353,2.7494,202246.75,0.0,0.0,0
15m,1756770300.0,2.7494,2.7616,2.7486,2.7588,670704.11,0.0,0.0,0
15m,1756771200.0,2.7588,2.766,2.7562,2.7605,546710.37,0.0,0.0,0
15m,1756772100.0,2.7605,2.7674,2.7564,2.7564,465655.9,0.0,0.0,0
15m,1756773000.0,2.7564,2.7642,2.7535,2.756,361428.51,0.0,0.0,0
15m,1756773900.0,2.756,2.766,2.7545,2.7602,266833.86,0.0,0.0,0
15m,1756774800.0,2.7602,2.7666,2.7559,2.7581,342199.0,0.0,0.0,0
15m,1756775700.0,2.7581,2.7605,2.7496,2.7535,481034.82,0.0,0.0,0
15m,1756776600.0,2.7535,2.774,2.7484,2.7711,865026.73,0.0,0.0,0
15m,1756777500.0,2.7711,2.7767,2.7648,2.7655,842913.86,0.0,0.0,0
15m,1756778400.0,2.7655,2.7728,2.7629,2.7655,331826.35,0.0,0.0,0
15m,1756779300.0,2.7655,2.7746,2.7581,2.7724,477059.02,0.0,0.0,0
15m,1756780200.0,2.7724,2.7808,2.7699,2.7767,337250.2,0.0,0.0,0
15m,1756781100.0,2.7767,2.7894,2.7745,2.7887,450765.71,0.0,0.0,0
15m,1756782000.0,2.7887,2.7965,2.7834,2.7944,716456.06,0.0,0.0,0
15m,1756782900.0,2.7944,2.8012,2.792,2.794,585062.2,0.0,0.0,0
15m,1756783800.0,2.794,2.8003,2.7907,2.798,271510.78,0.0,0.0,0
15m,1756784700.0,2.798,2.8004,2.7959,2.7981,221954.01,0.0,0.0,0
15m,1756785600.0,2.7981,2.7989,2.7915,2.7947,538212.28,0.0,0.0,0
15m,1756786500.0,2.7947,2.8026,2.7929,2.8002,378180.98,0.0,0.0,0
15m,1756787400.0,2.8002,2.8053,2.7992,2.8041,442583.19,0.0,0.0,0
15m,1756788300.0,2.8041,2.8052,2.7971,2.8031,324696.57,0.0,0.0,0
15m,1756789200.0,2.8031,2.8058,2.7975,2.8024,311728.92,0.0,0.0,0
15m,1756790100.0,2.8024,2.8069,2.7994,2.8024,188751.34,0.0,0.0,0
15m,1756791000.0,2.8024,2.8116,2.8012,2.8093,334789.64,0.0,0.0,0
15m,1756791900.0,2.8093,2.8154,2.8092,2.8106,278833.52,0.0,0.0,0
15m,1756792800.0,2.8106,2.8146,2.8054,2.8066,741385.32,0.0,0.0,0
15m,1756793700.0,2.8066,2.8085,2.801,2.8038,375111.32,0.0,0.0,0
15m,1756794600.0,2.8038,2.8085,2.8009,2.807,315928.21,0.0,0.0,0
15m,1756795500.0,2.807,2.8077,2.8007,2.802,296872.45,0.0,0.0,0
15m,1756796400.0,2.802,2.8059,2.7967,2.7986,340267.16,0.0,0.0,0
15m,1756797300.0,2.7986,2.8019,2.7959,2.7998,611644.53,0.0,0.0,0
15m,1756798200.0,2.7998,2.8024,2.7901,2.7914,531221.01,0.0,0.0,0
15m,1756799100.0,2.7914,2.7962,2.7856,2.7941,587751.82,0.0,0.0,0
15m,1756800000.0,2.7941,2.806,2.7936,2.8013,337051.99,0.0,0.0,0
15m,1756800900.0,2.8013,2.8328,2.8013,2.8158,2040834.57,0.0,0.0,0
15m,1756801800.0,2.8158,2.8163,2.8059,2.8132,683150.43,0.0,0.0,0
15m,1756802700.0,2.8132,2.8151,2.8059,2.8059,362883.56,0.0,0.0,0
15m,1756803600.0,2.8059,2.8165,2.8038,2.8145,443278.81,0.0,0.0,0
15m,1756804500.0,2.8145,2.8222,2.8124,2.8127,541422.37,0.0,0.0,0
15m,1756805400.0,2.8127,2.8127,2.8078,2.8095,398787.12,0.0,0.0,0
15m,1756806300.0,2.8095,2.8101,2.8056,2.81,276801.77,0.0,0.0,0
15m,1756807200.0,2.81,2.8122,2.8043,2.812,242866.13,0.0,0.0,0
15m,1756808100.0,2.812,2.8123,2.8056,2.8061,189568.59,0.0,0.0,0
15m,1756809000.0,2.8061,2.8119,2.8037,2.8091,331085.95,0.0,0.0,0
15m,1756809900.0,2.8091,2.812,2.8073,2.812,207614.35,0.0,0.0,0
15m,1756810800.0,2.812,2.8127,2.8011,2.8031,196596.69,0.0,0.0,0
15m,1756811700.0,2.8031,2.8057,2.7995,2.8001,221246.04,0.0,0.0,0
15m,1756812600.0,2.8001,2.8076,2.8001,2.8054,279075.48,0.0,0.0,0
15m,1756813500.0,2.8054,2.8067,2.7956,2.7988,390462.17,0.0,0.0,0
15m,1756814400.0,2.7988,2.8024,2.7912,2.792,591551.9,0.0,0.0,0
15m,1756815300.0,2.792,2.7998,2.7893,2.7979,419549.71,0.0,0.0,0
15m,1756816200.0,2.7979,2.8013,2.7791,2.7811,1093853.36,0.0,0.0,0
15m,1756817100.0,2.7811,2.7814,2.762,2.769,2005230.83,0.0,0.0,0
15m,1756818000.0,2.769,2.7843,2.7675,2.7823,714233.8,0.0,0.0,0
15m,1756818900.0,2.7823,2.7855,2.7752,2.781,561722.24,0.0,0.0,0
15m,1756819800.0,2.781,2.81,2.7704,2.8071,3092780.06,0.0,0.0,0
15m,1756820700.0,2.8071,2.8326,2.8044,2.8284,2068757.24,0.0,0.0,0
15m,1756821600.0,2.8284,2.8396,2.81,2.8215,2835995.96,0.0,0.0,0
15m,1756822500.0,2.8215,2.8369,2.8106,2.8358,1057974.46,0.0,0.0,0
15m,1756823400.0,2.8358,2.8456,2.8305,2.8361,1184342.13,0.0,0.0,0
15m,1756824300.0,2.8361,2.84,2.8274,2.8379,751562.46,0.0,0.0,0
15m,1756825200.0,2.8379,2.8403,2.8218,2.8318,834575.8,0.0,0.0,0
15m,1756826100.0,2.8318,2.8361,2.8221,2.828,610783.13,0.0,0.0,0
15m,1756827000.0,2.828,2.8283,2.8061,2.8083,553556.64,0.0,0.0,0
15m,1756827900.0,2.8083,2.8122,2.7866,2.7906,864648.83,0.0,0.0,0
15m,1756828800.0,2.7906,2.8044,2.7898,2.8012,500522.4,0.0,0.0,0
15m,1756829700.0,2.8012,2.8054,2.7821,2.7828,444994.92,0.0,0.0,0
15m,1756830600.0,2.7828,2.7997,2.7828,2.7952,479022.11,0.0,0.0,0
15m,1756831500.0,2.7952,2.7995,2.7905,2.7954,202302.52,0.0,0.0,0
15m,1756832400.0,2.7954,2.8035,2.7887,2.7888,320845.43,0.0,0.0,0
15m,1756833300.0,2.7888,2.802,2.7881,2.8014,330167.28,0.0,0.0,0
15m,1756834200.0,2.8014,2.807,2.7931,2.7964,269530.27,0.0,0.0,0
15m,1756835100.0,2.7964,2.8063,2.7957,2.806,253321.56,0.0,0.0,0
15m,1756836000.0,2.806,2.8067,2.7951,2.8037,260832.75,0.0,0.0,0
15m,1756836900.0,2.8037,2.8057,2.7977,2.8006,238233.77,0.0,0.0,0
15m,1756837800.0,2.8006,2.8056,2.7967,2.8014,223511.68,0.0,0.0,0
15m,1756838700.0,2.8014,2.8207,2.7932,2.8136,531412.14,0.0,0.0,0
15m,1756839600.0,2.8136,2.8227,2.8089,2.8093,434082.71,0.0,0.0,0
15m,1756840500.0,2.8093,2.8137,2.8035,2.8071,252094.57,0.0,0.0,0
15m,1756841400.0,2.8071,2.8157,2.8003,2.8149,467685.3,0.0,0.0,0
15m,1756842300.0,2.8149,2.8281,2.8129,2.8274,438887.69,0.0,0.0,0
15m,1756843200.0,2.8274,2.8334,2.8165,2.8334,570194.31,0.0,0.0,0
15m,1756844100.0,2.8334,2.8504,2.8322,2.8495,806903.17,0.0,0.0,0
15m,1756845000.0,2.8495,2.8548,2.836,2.8474,829761.53,0.0,0.0,0
15m,1756845900.0,2.8474,2.8493,2.8384,2.8432,464521.75,0.0,0.0,0
15m,1756846800.0,2.8432,2.8493,2.8405,2.8492,436935.73,0.0,0.0,0
15m,1756847700.0,2.8492,2.8492,2.8335,2.8369,394933.74,0.0,0.0,0
15m,1756848600.0,2.8369,2.8443,2.8359,2.8425,217634.44,0.0,0.0,0
15m,1756849500.0,2.8425,2.8461,2.8424,2.8447,81341.84,0.0,0.0,0
15m,1756850400.0,2.8447,2.8451,2.8341,2.8429,316884.86,0.0,0.0,0
15m,1756851300.0,2.8429,2.8456,2.8391,2.8435,173083.62,0.0,0.0,0
15m,1756852200.0,2.8435,2.8497,2.8407,2.8488,295161.82,0.0,0.0,0
15m,1756853100.0,2.8488,2.8599,2.8456,2.8599,306559.08,0.0,0.0,0
15m,1756854000.0,2.8599,2.8599,2.8523,2.8557,406202.98,0.0,0.0,0
15m,1756854900.0,2.8557,2.8621,2.8534,2.8541,180804.01,0.0,0.0,0
15m,1756855800.0,2.8541,2.8607,2.8506,2.8562,288444.4,0.0,0.0,0
15m,1756856700.0,2.8562,2.8638,2.8558,2.8616,344632.54,0.0,0.0,0
15m,1756857600.0,2.8616,2.8626,2.851,2.856,443896.56,0.0,0.0,0
15m,1756858500.0,2.856,2.8633,2.8487,2.8608,521999.26,0.0,0.0,0
15m,1756859400.0,2.8608,2.8626,2.8491,2.8496,299391.22,0.0,0.0,0
15m,1756860300.0,2.8496,2.8512,2.8377,2.8412,550202.07,0.0,0.0,0
15m,1756861200.0,2.8412,2.8415,2.8284,2.8288,450394.75,0.0,0.0,0
15m,1756862100.0,2.8288,2.8359,2.8258,2.8282,393494.73,0.0,0.0,0
15m,1756863000.0,2.8282,2.8345,2.8279,2.8344,210096.2,0.0,0.0,0
15m,1756863900.0,2.8344,2.8485,2.8304,2.8479,183828.37,0.0,0.0,0
15m,1756864800.0,2.8479,2.865,2.8467,2.8544,398618.39,0.0,0.0,0
15m,1756865700.0,2.8544,2.8648,2.8541,2.8595,356992.84,0.0,0.0,0
15m,1756866600.0,2.8595,2.8611,2.8505,2.8547,169453.7,0.0,0.0,0
15m,1756867500.0,2.8547,2.8584,2.8508,2.8511,84501.56,0.0,0.0,0
15m,1756868400.0,2.8511,2.8511,2.8403,2.8405,177070.37,0.0,0.0,0
15m,1756869300.0,2.8405,2.8444,2.8379,2.8402,283625.09,0.0,0.0,0
15m,1756870200.0,2.8402,2.843,2.8355,2.837,127002.09,0.0,0.0,0
15m,1756871100.0,2.837,2.8431,2.8358,2.8413,245038.81,0.0,0.0,0
15m,1756872000.0,2.8413,2.8446,2.8345,2.8346,153643.47,0.0,0.0,0
15m,1756872900.0,2.8346,2.8367,2.8309,2.8337,323950.71,0.0,0.0,0
15m,1756873800.0,2.8337,2.8391,2.8333,2.837,174975.39,0.0,0.0,0
15m,1756874700.0,2.837,2.8387,2.8346,2.8366,95342.11,0.0,0.0,0
15m,1756875600.0,2.8366,2.8373,2.8323,2.8356,177674.03,0.0,0.0,0
15m,1756876500.0,2.8356,2.8359,2.8301,2.8313,141929.99,0.0,0.0,0
15m,1756877400.0,2.8313,2.8333,2.8284,2.8293,141151.9,0.0,0.0,0
15m,1756878300.0,2.8293,2.8301,2.824,2.8268,224380.26,0.0,0.0,0
15m,1756879200.0,2.8268,2.8274,2.8154,2.8203,676054.2,0.0,0.0,0
15m,1756880100.0,2.8203,2.8251,2.8173,2.8242,247025.12,0.0,0.0,0
15m,1756881000.0,2.8242,2.8265,2.8177,2.819,309610.54,0.0,0.0,0
15m,1756881900.0,2.819,2.8211,2.8143,2.8177,695339.74,0.0,0.0,0
15m,1756882800.0,2.8177,2.8211,2.8131,2.8177,372816.67,0.0,0.0,0
15m,1756883700.0,2.8177,2.8181,2.8107,2.814,576918.41,0.0,0.0,0
15m,1756884600.0,2.814,2.8194,2.8129,2.8194,531442.23,0.0,0.0,0
15m,1756885500.0,2.8194,2.8222,2.8158,2.8208,822348.8,0.0,0.0,0
15m,1756886400.0,2.8208,2.8347,2.82,2.8341,602921.29,0.0,0.0,0
15m,1756887300.0,2.8341,2.8383,2.8293,2.8315,394240.24,0.0,0.0,0
15m,1756888200.0,2.8315,2.8351,2.8272,2.8337,620668.84,0.0,0.0,0
15m,1756889100.0,2.8337,2.8369,2.8312,2.8369,220295.14,0.0,0.0,0
15m,1756890000.0,2.8369,2.8434,2.8324,2.8328,738140.36,0.0,0.0,0
15m,1756890900.0,2.8328,2.8422,2.8328,2.8404,559204.66,0.0,0.0,0
15m,1756891800.0,2.8404,2.8456,2.8375,2.8453,285690.12,0.0,0.0,0
15m,1756892700.0,2.8453,2.848,2.8388,2.8467,305380.3,0.0,0.0,0
15m,1756893600.0,2.8467,2.8484,2.8421,2.8468,216381.94,0.0,0.0,0
15m,1756894500.0,2.8468,2.8594,2.8461,2.859,500306.88,0.0,0.0,0
15m,1756895400.0,2.859,2.8637,2.8497,2.8525,358864.16,0.0,0.0,0
15m,1756896300.0,2.8525,2.8528,2.8466,2.8477,194386.92,0.0,0.0,0
15m,1756897200.0,2.8477,2.8588,2.8476,2.8578,278576.2,0.0,0.0,0
15m,1756898100.0,2.8578,2.8589,2.8539,2.8566,218566.51,0.0,0.0,0
15m,1756899000.0,2.8566,2.8614,2.8498,2.8607,369141.37,0.0,0.0,0
15m,1756899900.0,2.8607,2.8607,2.8553,2.8566,150788.66,0.0,0.0,0
15m,1756900800.0,2.8566,2.8622,2.8566,2.8595,174735.04,0.0,0.0,0
15m,1756901700.0,2.8595,2.8661,2.8574,2.8585,289469.27,0.0,0.0,0
15m,1756902600.0,2.8585,2.8745,2.8531,2.8532,573927.43,0.0,0.0,0
15m,1756903500.0,2.8532,2.8553,2.8422,2.8451,567947.18,0.0,0.0,0
15m,1756904400.0,2.8451,2.8538,2.8451,2.8518,462805.19,0.0,0.0,0
15m,1756905300.0,2.8518,2.8566,2.8504,2.8523,299271.28,0.0,0.0,0
15m,1756906200.0,2.8523,2.8723,2.8491,2.868,940576.29,0.0,0.0,0
15m,1756907100.0,2.868,2.8749,2.8581,2.8595,806322.6,0.0,0.0,0
15m,1756908000.0,2.8595,2.872,2.8545,2.8545,1105317.71,0.0,0.0,0
15m,1756908900.0,2.8545,2.8738,2.8538,2.8705,715083.31,0.0,0.0,0
15m,1756909800.0,2.8705,2.8862,2.8704,2.8851,753931.59,0.0,0.0,0
15m,1756910700.0,2.8851,2.8852,2.87,2.8729,499485.42,0.0,0.0,0
15m,1756911600.0,2.8729,2.8766,2.8675,2.8677,531271.88,0.0,0.0,0
15m,1756912500.0,2.8677,2.8731,2.8625,2.8651,341800.84,0.0,0.0,0
15m,1756913400.0,2.8651,2.8756,2.8642,2.8734,482699.49,0.0,0.0,0
15m,1756914300.0,2.8734,2.8749,2.8691,2.8721,257940.58,0.0,0.0,0
15m,1756915200.0,2.8721,2.8741,2.8673,2.8714,139620.33,0.0,0.0,0
15m,1756916100.0,2.8714,2.8726,2.8641,2.8641,137424.86,0.0,0.0,0
15m,1756917000.0,2.8641,2.866,2.8582,2.8583,206581.55,0.0,0.0,0
15m,1756917900.0,2.8583,2.8611,2.8564,2.8601,140672.52,0.0,0.0,0
15m,1756918800.0,2.8601,2.8688,2.86,2.868,158957.37,0.0,0.0,0
15m,1756919700.0,2.868,2.8689,2.859,2.8619,189938.21,0.0,0.0,0
15m,1756920600.0,2.8619,2.8665,2.8592,2.8592,242068.76,0.0,0.0,0
15m,1756921500.0,2.8592,2.8683,2.8571,2.8622,236282.24,0.0,0.0,0
15m,1756922400.0,2.8622,2.8676,2.8601,2.8641,175498.92,0.0,0.0,0
15m,1756923300.0,2.8641,2.8641,2.8581,2.8598,134731.69,0.0,0.0,0
15m,1756924200.0,2.8598,2.8598,2.8481,2.8497,437779.71,0.0,0.0,0
15m,1756925100.0,2.8497,2.8519,2.8451,2.8519,348321.51,0.0,0.0,0
15m,1756926000.0,2.8519,2.8522,2.8463,2.8466,168850.06,0.0,0.0,0
15m,1756926900.0,2.8466,2.8512,2.8434,2.8493,97654.59,0.0,0.0,0
15m,1756927800.0,2.8493,2.8532,2.8482,2.8529,214579.28,0.0,0.0,0
15m,1756928700.0,2.8529,2.866,2.8514,2.8642,253347.2,0.0,0.0,0
15m,1756929600.0,2.8642,2.8671,2.8633,2.8639,256789.41,0.0,0.0,0
15m,1756930500.0,2.8639,2.8639,2.8556,2.8563,172148.78,0.0,0.0,0
15m,1756931400.0,2.8563,2.8615,2.8563,2.8607,90769.34,0.0,0.0,0
15m,1756932300.0,2.8607,2.8612,2.8541,2.8566,35869.13,0.0,0.0,0
15m,1756933200.0,2.8566,2.8578,2.8505,2.8509,154277.16,0.0,0.0,0
15m,1756934100.0,2.8509,2.8537,2.8471,2.8496,70723.41,0.0,0.0,0
15m,1756935000.0,2.8496,2.8497,2.8436,2.845,71684.84,0.0,0.0,0
15m,1756935900.0,2.845,2.8488,2.8391,2.8456,133667.8,0.0,0.0,0
15m,1756936800.0,2.8456,2.8495,2.8451,2.8491,215316.03,0.0,0.0,0
15m,1756937700.0,2.8491,2.8532,2.8434,2.8449,215687.91,0.0,0.0,0
15m,1756938600.0,2.8449,2.8459,2.8413,2.8438,85638.05,0.0,0.0,0
15m,1756939500.0,2.8438,2.8458,2.8402,2.8458,88324.31,0.0,0.0,0
15m,1756940400.0,2.8458,2.8468,2.8422,2.843,90077.98,0.0,0.0,0
15m,1756941300.0,2.843,2.8466,2.8426,2.8458,80400.4,0.0,0.0,0
15m,1756942200.0,2.8458,2.8476,2.8418,2.8424,113612.72,0.0,0.0,0
15m,1756943100.0,2.8424,2.845,2.8423,2.8441,89919.2,0.0,0.0,0
15m,1756944000.0,2.8441,2.8486,2.8437,2.8474,235405.17,0.0,0.0,0
15m,1756944900.0,2.8474,2.8572,2.8441,2.8526,237834.45,0.0,0.0,0
15m,1756945800.0,2.8526,2.856,2.8499,2.85,216258.17,0.0,0.0,0
15m,1756946700.0,2.85,2.851,2.8464,2.8464,125595.14,0.0,0.0,0
15m,1756947600.0,2.8464,2.8465,2.8359,2.8361,179875.16,0.0,0.0,0
15m,1756948500.0,2.8361,2.8394,2.8346,2.8394,306162.33,0.0,0.0,0
15m,1756949400.0,2.8394,2.8452,2.8372,2.8386,298690.88,0.0,0.0,0
15m,1756950300.0,2.8386,2.8412,2.8364,2.8409,219751.83,0.0,0.0,0
15m,1756951200.0,2.8409,2.8453,2.8394,2.8419,251919.67,0.0,0.0,0
15m,1756952100.0,2.8419,2.8444,2.837,2.837,323058.83,0.0,0.0,0
15m,1756953000.0,2.837,2.8447,2.8339,2.8415,280330.94,0.0,0.0,0
15m,1756953900.0,2.8415,2.8436,2.8367,2.8379,132900.06,0.0,0.0,0
15m,1756954800.0,2.8379,2.8401,2.8331,2.839,306278.75,0.0,0.0,0
15m,1756955700.0,2.839,2.8507,2.8383,2.8449,332893.06,0.0,0.0,0
15m,1756956600.0,2.8449,2.8485,2.8413,2.847,245419.5,0.0,0.0,0
15m,1756957500.0,2.847,2.8507,2.8431,2.8444,224096.09,0.0,0.0,0
15m,1756958400.0,2.8444,2.8497,2.8387,2.8457,443725.46,0.0,0.0,0
15m,1756959300.0,2.8457,2.8535,2.8443,2.8499,341439.02,0.0,0.0,0
15m,1756960200.0,2.8499,2.8619,2.8487,2.8559,394586.46,0.0,0.0,0
15m,1756961100.0,2.8559,2.8593,2.8494,2.8507,250438.18,0.0,0.0,0
15m,1756962000.0,2.8507,2.8509,2.8306,2.8316,1016161.62,0.0,0.0,0
15m,1756962900.0,2.8316,2.8361,2.8258,2.8305,533005.14,0.0,0.0,0
15m,1756963800.0,2.8305,2.836,2.8291,2.8297,428060.17,0.0,0.0,0
15m,1756964700.0,2.8297,2.8332,2.8276,2.8332,123129.66,0.0,0.0,0
15m,1756965600.0,2.8332,2.8337,2.824,2.8251,447998.95,0.0,0.0,0
15m,1756966500.0,2.8251,2.8254,2.8193,2.8218,386711.55,0.0,0.0,0
15m,1756967400.0,2.8218,2.8218,2.8176,2.8194,310282.71,0.0,0.0,0
15m,1756968300.0,2.8194,2.8196,2.8145,2.8149,445446.31,0.0,0.0,0
15m,1756969200.0,2.8149,2.8237,2.8145,2.8226,588135.39,0.0,0.0,0
15m,1756970100.0,2.8226,2.8254,2.8161,2.8174,362730.98,0.0,0.0,0
15m,1756971000.0,2.8174,2.8223,2.8166,2.8216,153835.72,0.0,0.0,0
15m,1756971900.0,2.8216,2.827,2.821,2.8247,194307.52,0.0,0.0,0
15m,1756972800.0,2.8247,2.8332,2.824,2.8324,474677.05,0.0,0.0,0
15m,1756973700.0,2.8324,2.8529,2.8324,2.8529,427046.94,0.0,0.0,0
15m,1756974600.0,2.8529,2.8556,2.8442,2.8448,406138.86,0.0,0.0,0
15m,1756975500.0,2.8448,2.8456,2.8364,2.8372,389199.06,0.0,0.0,0
15m,1756976400.0,2.8372,2.8507,2.8372,2.8456,454505.52,0.0,0.0,0
15m,1756977300.0,2.8456,2.8466,2.841,2.8421,303716.03,0.0,0.0,0
15m,1756978200.0,2.8421,2.8473,2.8412,2.8427,185523.82,0.0,0.0,0
15m,1756979100.0,2.8427,2.8441,2.8388,2.8427,358726.75,0.0,0.0,0
15m,1756980000.0,2.8427,2.8472,2.8362,2.8431,412669.19,0.0,0.0,0
15m,1756980900.0,2.8431,2.8455,2.8401,2.8407,221570.23,0.0,0.0,0
15m,1756981800.0,2.8407,2.8451,2.8387,2.8405,187318.58,0.0,0.0,0
15m,1756982700.0,2.8405,2.8451,2.8402,2.8417,244647.44,0.0,0.0,0
15m,1756983600.0,2.8417,2.8502,2.8391,2.8488,178274.1,0.0,0.0,0
15m,1756984500.0,2.8488,2.8511,2.8432,2.8432,282002.11,0.0,0.0,0
15m,1756985400.0,2.8432,2.8464,2.8413,2.8463,145166.42,0.0,0.0,0
15m,1756986300.0,2.8463,2.8471,2.8399,2.841,567440.55,0.0,0.0,0
15m,1756987200.0,2.841,2.8458,2.8394,2.8441,284781.51,0.0,0.0,0
15m,1756988100.0,2.8441,2.8469,2.8394,2.8436,315806.49,0.0,0.0,0
15m,1756989000.0,2.8436,2.8485,2.8326,2.8353,420480.14,0.0,0.0,0
15m,1756989900.0,2.8353,2.8471,2.8341,2.8463,245513.27,0.0,0.0,0
15m,1756990800.0,2.8463,2.8466,2.8389,2.8397,137848.81,0.0,0.0,0
15m,1756991700.0,2.8397,2.8466,2.8387,2.8409,195282.64,0.0,0.0,0
15m,1756992600.0,2.8409,2.8442,2.8267,2.8301,744962.63,0.0,0.0,0
15m,1756993500.0,2.8301,2.8317,2.821,2.8261,450551.11,0.0,0.0,0
15m,1756994400.0,2.8261,2.8286,2.8076,2.8126,1498181.45,0.0,0.0,0
15m,1756995300.0,2.8126,2.8377,2.8083,2.8306,922055.91,0.0,0.0,0
15m,1756996200.0,2.8306,2.8455,2.8304,2.8352,551758.02,0.0,0.0,0
15m,1756997100.0,2.8352,2.8413,2.8324,2.8347,293362.25,0.0,0.0,0
15m,1756998000.0,2.8347,2.8374,2.8128,2.8158,953390.67,0.0,0.0,0
15m,1756998900.0,2.8158,2.82,2.8077,2.8135,583392.39,0.0,0.0,0
15m,1756999800.0,2.8135,2.8155,2.8039,2.811,441557.86,0.0,0.0,0
15m,1757000700.0,2.811,2.8153,2.8089,2.8104,167189.24,0.0,0.0,0
15m,1757001600.0,2.8104,2.8199,2.8067,2.8168,371591.12,0.0,0.0,0
15m,1757002500.0,2.8168,2.8175,2.8048,2.8048,331278.52,0.0,0.0,0
15m,1757003400.0,2.8048,2.8094,2.8015,2.807,293580.98,0.0,0.0,0
15m,1757004300.0,2.807,2.8108,2.8022,2.8073,296154.44,0.0,0.0,0
15m,1757005200.0,2.8073,2.8162,2.8073,2.8127,197023.19,0.0,0.0,0
15m,1757006100.0,2.8127,2.8199,2.8127,2.8193,78102.66,0.0,0.0,0
15m,1757007000.0,2.8193,2.821,2.8129,2.8132,77739.69,0.0,0.0,0
15m,1757007900.0,2.8132,2.8205,2.8123,2.8157,130209.99,0.0,0.0,0
15m,1757008800.0,2.8157,2.8233,2.8151,2.8156,125600.56,0.0,0.0,0
15m,1757009700.0,2.8156,2.8182,2.8023,2.8041,235396.34,0.0,0.0,0
15m,1757010600.0,2.8041,2.8071,2.7964,2.803,340300.73,0.0,0.0,0
15m,1757011500.0,2.803,2.806,2.797,2.7991,141940.86,0.0,0.0,0
15m,1757012400.0,2.7991,2.8072,2.7966,2.8062,263909.94,0.0,0.0,0
15m,1757013300.0,2.8062,2.8071,2.7973,2.8022,141391.89,0.0,0.0,0
15m,1757014200.0,2.8022,2.8038,2.7904,2.7916,220353.08,0.0,0.0,0
15m,1757015100.0,2.7916,2.7939,2.7844,2.7846,428297.4,0.0,0.0,0
15m,1757016000.0,2.7846,2.8015,2.7846,2.8008,595161.84,0.0,0.0,0
15m,1757016900.0,2.8008,2.8054,2.797,2.8054,195792.86,0.0,0.0,0
15m,1757017800.0,2.8054,2.8067,2.8019,2.8019,104915.06,0.0,0.0,0
15m,1757018700.0,2.8019,2.8027,2.7988,2.8014,120293.83,0.0,0.0,0
15m,1757019600.0,2.8014,2.8057,2.7992,2.8019,120554.5,0.0,0.0,0
15m,1757020500.0,2.8019,2.806,2.8015,2.8022,55893.08,0.0,0.0,0
15m,1757021400.0,2.8022,2.8105,2.8004,2.8104,75455.29,0.0,0.0,0
15m,1757022300.0,2.8104,2.8138,2.8093,2.8127,37596.51,0.0,0.0,0
15m,1757023200.0,2.8127,2.8135,2.807,2.8071,151651.41,0.0,0.0,0
15m,1757024100.0,2.8071,2.8111,2.8033,2.8099,166992.57,0.0,0.0,0
15m,1757025000.0,2.8099,2.8134,2.8066,2.8074,129368.23,0.0,0.0,0
15m,1757025900.0,2.8074,2.8222,2.8058,2.8192,259717.34,0.0,0.0,0
15m,1757026800.0,2.8192,2.8251,2.8131,2.8156,306273.31,0.0,0.0,0
15m,1757027700.0,2.8156,2.8158,2.8093,2.8093,57443.21,0.0,0.0,0
15m,1757028600.0,2.8093,2.8094,2.8024,2.8034,109034.68,0.0,0.0,0
15m,1757029500.0,2.8034,2.8042,2.7941,2.7946,206951.62,0.0,0.0,0
15m,1757030400.0,2.7946,2.8003,2.7916,2.7992,240558.01,0.0,0.0,0
15m,1757031300.0,2.7992,2.8001,2.7914,2.7958,128444.98,0.0,0.0,0
15m,1757032200.0,2.7958,2.799,2.791,2.794,231905.02,0.0,0.0,0
15m,1757033100.0,2.794,2.7941,2.778,2.7818,591091.7,0.0,0.0,0
15m,1757034000.0,2.7818,2.7887,2.7784,2.7835,516890.07,0.0,0.0,0
15m,1757034900.0,2.7835,2.7982,2.7801,2.7972,304949.42,0.0,0.0,0
15m,1757035800.0,2.7972,2.8068,2.7965,2.8067,195611.69,0.0,0.0,0
15m,1757036700.0,2.8067,2.8087,2.8027,2.8049,173927.19,0.0,0.0,0
15m,1757037600.0,2.8049,2.814,2.8024,2.8081,392145.27,0.0,0.0,0
15m,1757038500.0,2.8081,2.8119,2.8018,2.8078,350790.06,0.0,0.0,0
15m,1757039400.0,2.8078,2.8128,2.8045,2.8054,313368.67,0.0,0.0,0
15m,1757040300.0,2.8054,2.8116,2.8046,2.8106,201585.63,0.0,0.0,0
15m,1757041200.0,2.8106,2.811,2.8024,2.8024,460357.45,0.0,0.0,0
15m,1757042100.0,2.8024,2.8059,2.7979,2.7987,199129.58,0.0,0.0,0
15m,1757043000.0,2.7987,2.8034,2.7984,2.8032,179413.93,0.0,0.0,0
15m,1757043900.0,2.8032,2.8076,2.8013,2.8072,170783.68,0.0,0.0,0
15m,1757044800.0,2.8072,2.8076,2.8034,2.8038,128903.16,0.0,0.0,0
15m,1757045700.0,2.8038,2.8092,2.8035,2.8078,190453.68,0.0,0.0,0
15m,1757046600.0,2.8078,2.8161,2.8078,2.816,110802.17,0.0,0.0,0
15m,1757047500.0,2.816,2.8171,2.8138,2.8162,157673.81,0.0,0.0,0
15m,1757048400.0,2.8162,2.8187,2.8132,2.8187,110785.87,0.0,0.0,0
15m,1757049300.0,2.8187,2.8207,2.8147,2.8154,163426.54,0.0,0.0,0
15m,1757050200.0,2.8154,2.8178,2.8119,2.816,240743.91,0.0,0.0,0
15m,1757051100.0,2.816,2.8176,2.811,2.8117,275490.66,0.0,0.0,0
15m,1757052000.0,2.8117,2.8125,2.8061,2.8072,222716.54,0.0,0.0,0
15m,1757052900.0,2.8072,2.8087,2.804,2.8057,265208.23,0.0,0.0,0
15m,1757053800.0,2.8057,2.8127,2.8053,2.8122,157730.27,0.0,0.0,0
15m,1757054700.0,2.8122,2.8141,2.81,2.814,310902.79,0.0,0.0,0
15m,1757055600.0,2.814,2.8278,2.8136,2.8235,648526.66,0.0,0.0,0
15m,1757056500.0,2.8235,2.8381,2.8226,2.8375,737162.53,0.0,0.0,0
15m,1757057400.0,2.8375,2.8446,2.8332,2.8441,534759.93,0.0,0.0,0
15m,1757058300.0,2.8441,2.8498,2.8427,2.8441,654453.45,0.0,0.0,0
15m,1757059200.0,2.8441,2.8456,2.8377,2.8399,611408.42,0.0,0.0,0
15m,1757060100.0,2.8399,2.8415,2.8325,2.839,357318.43,0.0,0.0,0
15m,1757061000.0,2.839,2.844,2.839,2.8414,147754.88,0.0,0.0,0
15m,1757061900.0,2.8414,2.8442,2.8403,2.8437,199753.3,0.0,0.0,0
15m,1757062800.0,2.8437,2.844,2.8369,2.8369,338734.09,0.0,0.0,0
15m,1757063700.0,2.8369,2.8372,2.8285,2.8295,431570.72,0.0,0.0,0
15m,1757064600.0,2.8295,2.8479,2.8285,2.8467,768303.31,0.0,0.0,0
15m,1757065500.0,2.8467,2.8497,2.8434,2.8448,694980.89,0.0,0.0,0
15m,1757066400.0,2.8448,2.8541,2.8426,2.8426,497184.25,0.0,0.0,0
15m,1757067300.0,2.8426,2.8444,2.8408,2.8437,276670.03,0.0,0.0,0
15m,1757068200.0,2.8437,2.8478,2.8395,2.8403,312233.04,0.0,0.0,0
15m,1757069100.0,2.8403,2.8414,2.839,2.8393,359178.12,0.0,0.0,0
15m,1757070000.0,2.8393,2.8467,2.839,2.8423,322137.38,0.0,0.0,0
15m,1757070900.0,2.8423,2.8467,2.839,2.8456,238730.72,0.0,0.0,0
15m,1757071800.0,2.8456,2.8473,2.8435,2.8463,166345.54,0.0,0.0,0
15m,1757072700.0,2.8463,2.8469,2.8431,2.8439,138492.73,0.0,0.0,0
15m,1757073600.0,2.8439,2.8457,2.8412,2.8438,186252.27,0.0,0.0,0
15m,1757074500.0,2.8438,2.8564,2.8421,2.8563,425353.75,0.0,0.0,0
15m,1757075400.0,2.8563,2.8784,2.8355,2.8595,7413729.47,0.0,0.0,0
15m,1757076300.0,2.8595,2.878,2.8571,2.8757,898757.48,0.0,0.0,0
15m,1757077200.0,2.8757,2.8786,2.8691,2.8728,684429.83,0.0,0.0,0
15m,1757078100.0,2.8728,2.8742,2.8657,2.8667,511116.66,0.0,0.0,0
15m,1757079000.0,2.8667,2.8782,2.8635,2.8774,1395152.14,0.0,0.0,0
15m,1757079900.0,2.8774,2.8849,2.871,2.8815,1193529.04,0.0,0.0,0
15m,1757080800.0,2.8815,2.8815,2.8616,2.864,1012322.9,0.0,0.0,0
15m,1757081700.0,2.864,2.8654,2.8234,2.8274,4507121.74,0.0,0.0,0
15m,1757082600.0,2.8274,2.8305,2.8063,2.8184,2772000.91,0.0,0.0,0
15m,1757083500.0,2.8184,2.8194,2.8001,2.8093,2131753.88,0.0,0.0,0
15m,1757084400.0,2.8093,2.8174,2.8007,2.816,895877.59,0.0,0.0,0
15m,1757085300.0,2.816,2.8269,2.8143,2.8234,442484.37,0.0,0.0,0
15m,1757086200.0,2.8234,2.8255,2.8126,2.8253,366573.64,0.0,0.0,0
15m,1757087100.0,2.8253,2.8253,2.8127,2.8148,711886.65,0.0,0.0,0
15m,1757088000.0,2.8148,2.8168,2.8073,2.8156,741125.3,0.0,0.0,0
15m,1757088900.0,2.8156,2.8156,2.8043,2.8065,534319.62,0.0,0.0,0
15m,1757089800.0,2.8065,2.8122,2.8059,2.8108,326708.46,0.0,0.0,0
15m,1757090700.0,2.8108,2.8144,2.8076,2.814,356680.92,0.0,0.0,0
15m,1757091600.0,2.814,2.815,2.8084,2.8137,370087.22,0.0,0.0,0
15m,1757092500.0,2.8137,2.8169,2.8117,2.8118,266317.8,0.0,0.0,0
15m,1757093400.0,2.8118,2.8132,2.8038,2.8073,488931.13,0.0,0.0,0
15m,1757094300.0,2.8073,2.8195,2.8062,2.8176,140725.8,0.0,0.0,0
15m,1757095200.0,2.8176,2.8211,2.813,2.8156,210172.5,0.0,0.0,0
15m,1757096100.0,2.8156,2.8276,2.8154,2.8276,233166.26,0.0,0.0,0
15m,1757097000.0,2.8276,2.8373,2.827,2.8372,253999.59,0.0,0.0,0
15m,1757097900.0,2.8372,2.8395,2.8322,2.8352,266032.82,0.0,0.0,0
15m,1757098800.0,2.8352,2.843,2.8332,2.8414,241572.06,0.0,0.0,0
15m,1757099700.0,2.8414,2.8531,2.8414,2.8505,367773.22,0.0,0.0,0
15m,1757100600.0,2.8505,2.8554,2.8452,2.8469,383886.16,0.0,0.0,0
15m,1757101500.0,2.8469,2.8651,2.846,2.8648,852321.0,0.0,0.0,0
15m,1757102400.0,2.8648,2.8653,2.8524,2.8577,532814.48,0.0,0.0,0
15m,1757103300.0,2.8577,2.8577,2.8497,2.8512,359759.23,0.0,0.0,0
15m,1757104200.0,2.8512,2.8563,2.8462,2.8528,257028.55,0.0,0.0,0
15m,1757105100.0,2.8528,2.8542,2.8479,2.85,257597.0,0.0,0.0,0
15m,1757106000.0,2.85,2.8519,2.84,2.8422,301154.04,0.0,0.0,0
15m,1757106900.0,2.8422,2.8437,2.824,2.8335,1417488.68,0.0,0.0,0
15m,1757107800.0,2.8335,2.8409,2.8264,2.8352,155299.25,0.0,0.0,0
15m,1757108700.0,2.8352,2.8352,2.8219,2.8228,82831.85,0.0,0.0,0
15m,1757109600.0,2.8228,2.8273,2.8217,2.823,195802.77,0.0,0.0,0
15m,1757110500.0,2.823,2.8251,2.8165,2.817,136639.16,0.0,0.0,0
15m,1757111400.0,2.817,2.8234,2.8167,2.8225,78620.73,0.0,0.0,0
15m,1757112300.0,2.8225,2.8245,2.8188,2.8191,73749.36,0.0,0.0,0
15m,1757113200.0,2.8191,2.8215,2.8162,2.8192,233081.33,0.0,0.0,0
15m,1757114100.0,2.8192,2.824,2.818,2.8222,98929.32,0.0,0.0,0
15m,1757115000.0,2.8222,2.8223,2.818,2.8191,64665.14,0.0,0.0,0
15m,1757115900.0,2.8191,2.8193,2.8141,2.8147,136948.83,0.0,0.0,0
15m,1757116800.0,2.8147,2.821,2.814,2.8159,270755.76,0.0,0.0,0
15m,1757117700.0,2.8159,2.8227,2.8141,2.8205,156718.53,0.0,0.0,0
15m,1757118600.0,2.8205,2.8236,2.818,2.8181,130408.73,0.0,0.0,0
15m,1757119500.0,2.8181,2.8198,2.8139,2.8154,136279.7,0.0,0.0,0
15m,1757120400.0,2.8154,2.8188,2.8123,2.8182,275865.13,0.0,0.0,0
15m,1757121300.0,2.8182,2.8195,2.8143,2.8162,156112.34,0.0,0.0,0
15m,1757122200.0,2.8162,2.8171,2.8126,2.8163,138767.05,0.0,0.0,0
15m,1757123100.0,2.8163,2.82,2.8163,2.8183,96879.15,0.0,0.0,0
15m,1757124000.0,2.8183,2.8203,2.8139,2.8143,154650.89,0.0,0.0,0
15m,1757124900.0,2.8143,2.816,2.8129,2.8143,105156.93,0.0,0.0,0
15m,1757125800.0,2.8143,2.8169,2.8129,2.8158,152941.64,0.0,0.0,0
15m,1757126700.0,2.8158,2.8258,2.8158,2.8232,150496.2,0.0,0.0,0
15m,1757127600.0,2.8232,2.8232,2.8201,2.8205,91251.66,0.0,0.0,0
15m,1757128500.0,2.8205,2.8264,2.8204,2.824,66610.08,0.0,0.0,0
15m,1757129400.0,2.824,2.8276,2.8214,2.8271,79247.82,0.0,0.0,0
15m,1757130300.0,2.8271,2.8288,2.8262,2.8272,45331.16,0.0,0.0,0
15m,1757131200.0,2.8272,2.8272,2.8194,2.8217,68454.22,0.0,0.0,0
15m,1757132100.0,2.8217,2.8217,2.8183,2.8189,68396.42,0.0,0.0,0
15m,1757133000.0,2.8189,2.8189,2.816,2.817,69526.47,0.0,0.0,0
15m,1757133900.0,2.817,2.8183,2.8156,2.8172,98259.09,0.0,0.0,0
15m,1757134800.0,2.8172,2.8174,2.8147,2.8166,54735.61,0.0,0.0,0
15m,1757135700.0,2.8166,2.8174,2.8148,2.8167,90205.2,0.0,0.0,0
15m,1757136600.0,2.8167,2.8181,2.8144,2.8147,84426.58,0.0,0.0,0
15m,1757137500.0,2.8147,2.8167,2.8143,2.8145,45234.7,0.0,0.0,0
15m,1757138400.0,2.8145,2.8173,2.8137,2.8172,103496.99,0.0,0.0,0
15m,1757139300.0,2.8172,2.8176,2.8145,2.8153,46370.56,0.0,0.0,0
15m,1757140200.0,2.8153,2.8168,2.8145,2.8159,46598.14,0.0,0.0,0
15m,1757141100.0,2.8159,2.8173,2.8158,2.8171,37086.31,0.0,0.0,0
15m,1757142000.0,2.8171,2.8207,2.8163,2.8204,101715.8,0.0,0.0,0
15m,1757142900.0,2.8204,2.8209,2.8183,2.8205,74368.14,0.0,0.0,0
15m,1757143800.0,2.8205,2.8213,2.8198,2.8212,39087.33,0.0,0.0,0
15m,1757144700.0,2.8212,2.8216,2.8197,2.8204,27640.11,0.0,0.0,0
15m,1757145600.0,2.8204,2.8206,2.8169,2.818,56614.74,0.0,0.0,0
15m,1757146500.0,2.818,2.8184,2.8157,2.8161,53129.85,0.0,0.0,0
15m,1757147400.0,2.8161,2.8179,2.8159,2.8176,28207.55,0.0,0.0,0
15m,1757148300.0,2.8176,2.8176,2.8152,2.8156,98702.45,0.0,0.0,0
15m,1757149200.0,2.8156,2.8156,2.8076,2.8086,241394.08,0.0,0.0,0
15m,1757150100.0,2.8086,2.8103,2.8078,2.8093,84550.42,0.0,0.0,0
15m,1757151000.0,2.8093,2.8122,2.8083,2.8119,79481.43,0.0,0.0,0
15m,1757151900.0,2.8119,2.8137,2.809,2.8091,139588.8,0.0,0.0,0
15m,1757152800.0,2.8091,2.8091,2.8064,2.8065,100748.7,0.0,0.0,0
15m,1757153700.0,2.8065,2.8073,2.806,2.8064,82533.39,0.0,0.0,0
15m,1757154600.0,2.8064,2.8106,2.8045,2.8106,98196.08,0.0,0.0,0
15m,1757155500.0,2.8106,2.8112,2.8072,2.8072,150786.57,0.0,0.0,0
15m,1757156400.0,2.8072,2.8073,2.8032,2.8049,203023.6,0.0,0.0,0
15m,1757157300.0,2.8049,2.805,2.8013,2.8033,127262.07,0.0,0.0,0
15m,1757158200.0,2.8033,2.8036,2.8012,2.8032,134588.73,0.0,0.0,0
15m,1757159100.0,2.8032,2.8064,2.8021,2.8064,115117.9,0.0,0.0,0
15m,1757160000.0,2.8064,2.8098,2.8051,2.8066,231123.11,0.0,0.0,0
15m,1757160900.0,2.8066,2.808,2.8056,2.806,90679.19,0.0,0.0,0
15m,1757161800.0,2.806,2.8089,2.8045,2.8085,186868.53,0.0,0.0,0
15m,1757162700.0,2.8085,2.8107,2.8078,2.8087,144142.2,0.0,0.0,0
15m,1757163600.0,2.8087,2.8127,2.8081,2.812,133760.45,0.0,0.0,0
15m,1757164500.0,2.812,2.818,2.8112,2.8156,217252.87,0.0,0.0,0
15m,1757165400.0,2.8156,2.8156,2.81,2.8111,208664.14,0.0,0.0,0
15m,1757166300.0,2.8111,2.8145,2.8098,2.814,130279.9,0.0,0.0,0
15m,1757167200.0,2.814,2.8156,2.8121,2.8136,138494.87,0.0,0.0,0
15m,1757168100.0,2.8136,2.8156,2.8121,2.8155,116796.93,0.0,0.0,0
15m,1757169000.0,2.8155,2.8156,2.814,2.8149,95928.96,0.0,0.0,0
15m,1757169900.0,2.8149,2.815,2.8109,2.8114,84186.05,0.0,0.0,0
15m,1757170800.0,2.8114,2.8127,2.8084,2.8094,188087.23,0.0,0.0,0
15m,1757171700.0,2.8094,2.8176,2.8092,2.8144,94265.43,0.0,0.0,0
15m,1757172600.0,2.8144,2.8152,2.8058,2.8058,175364.38,0.0,0.0,0
15m,1757173500.0,2.8058,2.8058,2.8005,2.8023,269469.48,0.0,0.0,0
15m,1757174400.0,2.8023,2.8049,2.7981,2.8043,430695.47,0.0,0.0,0
15m,1757175300.0,2.8043,2.8065,2.7984,2.8055,472260.31,0.0,0.0,0
15m,1757176200.0,2.8055,2.8069,2.8036,2.8055,148985.92,0.0,0.0,0
15m,1757177100.0,2.8055,2.8077,2.7991,2.8008,280942.93,0.0,0.0,0
15m,1757178000.0,2.8008,2.8029,2.8001,2.8027,131470.59,0.0,0.0,0
15m,1757178900.0,2.8027,2.8042,2.8012,2.8015,71972.27,0.0,0.0,0
15m,1757179800.0,2.8015,2.8017,2.7971,2.7984,182676.84,0.0,0.0,0
15m,1757180700.0,2.7984,2.8006,2.7974,2.7994,244999.23,0.0,0.0,0
15m,1757181600.0,2.7994,2.8037,2.799,2.802,104092.18,0.0,0.0,0
15m,1757182500.0,2.802,2.8036,2.8009,2.8025,84490.21,0.0,0.0,0
15m,1757183400.0,2.8025,2.8025,2.7976,2.7991,274387.59,0.0,0.0,0
15m,1757184300.0,2.7991,2.8025,2.7988,2.8006,84755.58,0.0,0.0,0
15m,1757185200.0,2.8006,2.8021,2.7989,2.7993,84312.84,0.0,0.0,0
15m,1757186100.0,2.7993,2.8006,2.7978,2.7979,95335.91,0.0,0.0,0
15m,1757187000.0,2.7979,2.7991,2.7948,2.7959,128134.17,0.0,0.0,0
15m,1757187900.0,2.7959,2.7961,2.7928,2.7943,157511.61,0.0,0.0,0
15m,1757188800.0,2.7943,2.7983,2.7943,2.7973,54607.88,0.0,0.0,0
15m,1757189700.0,2.7973,2.7993,2.7966,2.7978,73301.14,0.0,0.0,0
15m,1757190600.0,2.7978,2.7997,2.7966,2.7993,73607.18,0.0,0.0,0
15m,1757191500.0,2.7993,2.8024,2.7991,2.8024,41851.82,0.0,0.0,0
15m,1757192400.0,2.8024,2.803,2.7999,2.8005,207392.05,0.0,0.0,0
15m,1757193300.0,2.8005,2.8031,2.8,2.8026,48547.8,0.0,0.0,0
15m,1757194200.0,2.8026,2.8065,2.8018,2.805,131671.26,0.0,0.0,0
15m,1757195100.0,2.805,2.806,2.8046,2.8059,57493.65,0.0,0.0,0
15m,1757196000.0,2.8059,2.8097,2.8041,2.8058,132564.0,0.0,0.0,0
15m,1757196900.0,2.8058,2.8077,2.8044,2.8053,101002.31,0.0,0.0,0
15m,1757197800.0,2.8053,2.8072,2.8034,2.8048,52721.02,0.0,0.0,0
15m,1757198700.0,2.8048,2.8061,2.8034,2.8059,74893.3,0.0,0.0,0
15m,1757199600.0,2.8059,2.807,2.8034,2.8065,96496.62,0.0,0.0,0
15m,1757200500.0,2.8065,2.8122,2.8065,2.8115,87119.42,0.0,0.0,0
15m,1757201400.0,2.8115,2.8125,2.8105,2.8112,76662.71,0.0,0.0,0
15m,1757202300.0,2.8112,2.8112,2.8091,2.8096,65078.93,0.0,0.0,0
15m,1757203200.0,2.8096,2.8144,2.8091,2.8143,218525.13,0.0,0.0,0
15m,1757204100.0,2.8143,2.8144,2.8124,2.8125,64322.0,0.0,0.0,0
15m,1757205000.0,2.8125,2.8155,2.8108,2.8155,68833.43,0.0,0.0,0
15m,1757205900.0,2.8155,2.8168,2.8145,2.8152,63677.17,0.0,0.0,0
15m,1757206800.0,2.8152,2.8197,2.8151,2.8192,103633.25,0.0,0.0,0
15m,1757207700.0,2.8192,2.8217,2.8182,2.8204,93110.24,0.0,0.0,0
15m,1757208600.0,2.8204,2.8217,2.8197,2.8216,42023.64,0.0,0.0,0
15m,1757209500.0,2.8216,2.8237,2.8213,2.8214,59621.19,0.0,0.0,0
15m,1757210400.0,2.8214,2.8214,2.8171,2.8193,88445.93,0.0,0.0,0
15m,1757211300.0,2.8193,2.8199,2.8159,2.8199,86840.27,0.0,0.0,0
15m,1757212200.0,2.8199,2.8224,2.8199,2.8217,114538.24,0.0,0.0,0
15m,1757213100.0,2.8217,2.8238,2.8205,2.8226,85344.16,0.0,0.0,0
15m,1757214000.0,2.8226,2.8237,2.8208,2.8208,64442.95,0.0,0.0,0
15m,1757214900.0,2.8208,2.8241,2.8208,2.8241,49652.73,0.0,0.0,0
15m,1757215800.0,2.8241,2.8256,2.823,2.823,122250.71,0.0,0.0,0
15m,1757216700.0,2.823,2.825,2.8224,2.8224,38613.41,0.0,0.0,0
15m,1757217600.0,2.8224,2.8229,2.8197,2.8197,50530.62,0.0,0.0,0
15m,1757218500.0,2.8197,2.8214,2.8189,2.821,127331.95,0.0,0.0,0
15m,1757219400.0,2.821,2.8216,2.8191,2.8194,25040.21,0.0,0.0,0
15m,1757220300.0,2.8194,2.8221,2.8194,2.8218,39038.45,0.0,0.0,0
15m,1757221200.0,2.8218,2.825,2.8218,2.8241,83739.26,0.0,0.0,0
15m,1757222100.0,2.8241,2.8262,2.8227,2.8262,46701.21,0.0,0.0,0
15m,1757223000.0,2.8262,2.8263,2.8252,2.8258,43162.47,0.0,0.0,0
15m,1757223900.0,2.8258,2.8259,2.824,2.8247,67098.23,0.0,0.0,0
15m,1757224800.0,2.8247,2.8252,2.8212,2.8212,58408.31,0.0,0.0,0
15m,1757225700.0,2.8212,2.8213,2.8186,2.8203,139139.78,0.0,0.0,0
15m,1757226600.0,2.8203,2.8225,2.8187,2.8198,69569.15,0.0,0.0,0
15m,1757227500.0,2.8198,2.8213,2.819,2.8199,41056.2,0.0,0.0,0
15m,1757228400.0,2.8199,2.824,2.8199,2.8237,49844.28,0.0,0.0,0
15m,1757229300.0,2.8237,2.8271,2.8216,2.8259,78584.75,0.0,0.0,0
15m,1757230200.0,2.8259,2.8341,2.8257,2.8325,263275.24,0.0,0.0,0
15m,1757231100.0,2.8325,2.8339,2.8287,2.8307,226314.01,0.0,0.0,0
15m,1757232000.0,2.8307,2.8316,2.8294,2.8313,107359.08,0.0,0.0,0
15m,1757232900.0,2.8313,2.836,2.8306,2.8347,101565.73,0.0,0.0,0
15m,1757233800.0,2.8347,2.8371,2.8337,2.8355,170936.02,0.0,0.0,0
15m,1757234700.0,2.8355,2.8368,2.8324,2.8324,80581.57,0.0,0.0,0
15m,1757235600.0,2.8324,2.8354,2.8321,2.8343,71578.2,0.0,0.0,0
15m,1757236500.0,2.8343,2.8363,2.8342,2.8346,59398.0,0.0,0.0,0
15m,1757237400.0,2.8346,2.8348,2.8275,2.8293,207867.85,0.0,0.0,0
15m,1757238300.0,2.8293,2.8313,2.8284,2.8309,81964.18,0.0,0.0,0
15m,1757239200.0,2.8309,2.8317,2.8304,2.8313,35284.6,0.0,0.0,0
15m,1757240100.0,2.8313,2.8313,2.8257,2.8267,157746.6,0.0,0.0,0
15m,1757241000.0,2.8267,2.8298,2.8264,2.8296,161544.72,0.0,0.0,0
15m,1757241900.0,2.8296,2.8308,2.8287,2.8308,72055.93,0.0,0.0,0
15m,1757242800.0,2.8308,2.8319,2.8305,2.8318,49425.22,0.0,0.0,0
15m,1757243700.0,2.8318,2.8318,2.8296,2.8311,42028.25,0.0,0.0,0
15m,1757244600.0,2.8311,2.8328,2.8308,2.8321,55832.29,0.0,0.0,0
15m,1757245500.0,2.8321,2.8325,2.8311,2.8317,66815.25,0.0,0.0,0
15m,1757246400.0,2.8317,2.8323,2.8289,2.831,81814.85,0.0,0.0,0
15m,1757247300.0,2.831,2.8317,2.829,2.8317,49946.34,0.0,0.0,0
15m,1757248200.0,2.8317,2.8355,2.8311,2.834,137419.44,0.0,0.0,0
15m,1757249100.0,2.834,2.8351,2.8323,2.8351,81323.69,0.0,0.0,0
15m,1757250000.0,2.8351,2.8368,2.8342,2.8347,154285.38,0.0,0.0,0
15m,1757250900.0,2.8347,2.8353,2.8326,2.8352,115296.01,0.0,0.0,0
15m,1757251800.0,2.8352,2.8494,2.8344,2.8412,454725.15,0.0,0.0,0
15m,1757252700.0,2.8412,2.8486,2.841,2.8486,470559.61,0.0,0.0,0
15m,1757253600.0,2.8486,2.9282,2.846,2.9074,5294395.37,0.0,0.0,0
15m,1757254500.0,2.9074,2.9253,2.8823,2.8901,2516186.38,0.0,0.0,0
15m,1757255400.0,2.8901,2.914,2.8901,2.9064,1543039.19,0.0,0.0,0
15m,1757256300.0,2.9064,2.9085,2.8845,2.8851,634269.89,0.0,0.0,0
15m,1757257200.0,2.8851,2.8925,2.8723,2.8723,591150.41,0.0,0.0,0
15m,1757258100.0,2.8723,2.889,2.8722,2.8889,521957.2,0.0,0.0,0
15m,1757259000.0,2.8889,2.9,2.888,2.8985,435116.41,0.0,0.0,0
15m,1757259900.0,2.8985,2.9014,2.8914,2.9001,715883.96,0.0,0.0,0
15m,1757260800.0,2.9001,2.9009,2.8903,2.8911,270907.8,0.0,0.0,0
15m,1757261700.0,2.8911,2.8919,2.8817,2.8836,147265.08,0.0,0.0,0
15m,1757262600.0,2.8836,2.8896,2.8778,2.8896,566866.64,0.0,0.0,0
15m,1757263500.0,2.8896,2.8938,2.8869,2.8911,220933.62,0.0,0.0,0
15m,1757264400.0,2.8911,2.894,2.8809,2.881,194044.4,0.0,0.0,0
15m,1757265300.0,2.881,2.8839,2.8759,2.8769,262124.1,0.0,0.0,0
15m,1757266200.0,2.8769,2.8815,2.8766,2.8809,114912.56,0.0,0.0,0
15m,1757267100.0,2.8809,2.8812,2.8582,2.8595,680307.68,0.0,0.0,0
15m,1757268000.0,2.8595,2.8678,2.8576,2.8647,233012.89,0.0,0.0,0
15m,1757268900.0,2.8647,2.8665,2.8592,2.8613,119329.71,0.0,0.0,0
15m,1757269800.0,2.8613,2.8647,2.8515,2.8534,206091.83,0.0,0.0,0
15m,1757270700.0,2.8534,2.86,2.8506,2.8582,366932.41,0.0,0.0,0
15m,1757271600.0,2.8582,2.8661,2.8573,2.8604,314616.65,0.0,0.0,0
15m,1757272500.0,2.8604,2.8637,2.8541,2.8552,210577.83,0.0,0.0,0
15m,1757273400.0,2.8552,2.8678,2.8548,2.8655,246737.19,0.0,0.0,0
15m,1757274300.0,2.8655,2.8658,2.8619,2.8624,169582.12,0.0,0.0,0
15m,1757275200.0,2.8624,2.8668,2.862,2.8649,359403.93,0.0,0.0,0
15m,1757276100.0,2.8649,2.8721,2.8644,2.8721,128803.28,0.0,0.0,0
15m,1757277000.0,2.8721,2.8733,2.8698,2.8718,128253.57,0.0,0.0,0
15m,1757277900.0,2.8718,2.8799,2.8714,2.8799,232118.09,0.0,0.0,0
15m,1757278800.0,2.8799,2.8805,2.8753,2.8766,290025.41,0.0,0.0,0
15m,1757279700.0,2.8766,2.8772,2.8731,2.8772,78122.57,0.0,0.0,0
15m,1757280600.0,2.8772,2.8797,2.8684,2.8684,182277.29,0.0,0.0,0
15m,1757281500.0,2.8684,2.8684,2.8594,2.8594,220987.82,0.0,0.0,0
15m,1757282400.0,2.8594,2.8677,2.8557,2.8677,494251.06,0.0,0.0,0
15m,1757283300.0,2.8677,2.8735,2.8671,2.8725,295306.27,0.0,0.0,0
15m,1757284200.0,2.8725,2.8736,2.8692,2.8715,268681.95,0.0,0.0,0
15m,1757285100.0,2.8715,2.878,2.8715,2.8774,216644.18,0.0,0.0,0
15m,1757286000.0,2.8774,2.8862,2.8774,2.8809,239098.91,0.0,0.0,0
15m,1757286900.0,2.8809,2.8912,2.8797,2.8903,400099.71,0.0,0.0,0
15m,1757287800.0,2.8903,2.8921,2.8837,2.8855,259551.06,0.0,0.0,0
15m,1757288700.0,2.8855,2.8864,2.8765,2.8772,268729.62,0.0,0.0,0
15m,1757289600.0,2.8772,2.8783,2.8705,2.8719,163891.55,0.0,0.0,0
15m,1757290500.0,2.8719,2.879,2.8666,2.8787,228785.75,0.0,0.0,0
15m,1757291400.0,2.8787,2.8851,2.874,2.8822,279690.23,0.0,0.0,0
15m,1757292300.0,2.8822,2.8823,2.8655,2.8694,331455.45,0.0,0.0,0
15m,1757293200.0,2.8694,2.8767,2.8668,2.8754,344723.89,0.0,0.0,0
15m,1757294100.0,2.8754,2.8835,2.8725,2.878,226357.14,0.0,0.0,0
15m,1757295000.0,2.878,2.8857,2.8771,2.88,159434.67,0.0,0.0,0
15m,1757295900.0,2.88,2.8821,2.8779,2.8801,106056.39,0.0,0.0,0
15m,1757296800.0,2.8801,2.8836,2.8737,2.877,97485.64,0.0,0.0,0
15m,1757297700.0,2.877,2.8777,2.8627,2.8685,385921.36,0.0,0.0,0
15m,1757298600.0,2.8685,2.888,2.8671,2.8846,413182.33,0.0,0.0,0
15m,1757299500.0,2.8846,2.8882,2.8802,2.8862,274816.33,0.0,0.0,0
15m,1757300400.0,2.8862,2.8959,2.8843,2.8921,384221.88,0.0,0.0,0
15m,1757301300.0,2.8921,2.8943,2.8828,2.8886,247729.67,0.0,0.0,0
15m,1757302200.0,2.8886,2.8997,2.8867,2.8967,327485.25,0.0,0.0,0
15m,1757303100.0,2.8967,2.8967,2.8863,2.889,281455.39,0.0,0.0,0
15m,1757304000.0,2.889,2.8901,2.8776,2.8829,381375.13,0.0,0.0,0
15m,1757304900.0,2.8829,2.8896,2.8827,2.8892,245185.43,0.0,0.0,0
15m,1757305800.0,2.8892,2.892,2.8841,2.8847,245767.8,0.0,0.0,0
15m,1757306700.0,2.8847,2.8849,2.8767,2.8805,131307.26,0.0,0.0,0
15m,1757307600.0,2.8805,2.8888,2.8783,2.8832,219945.83,0.0,0.0,0
15m,1757308500.0,2.8832,2.8915,2.8832,2.8869,338689.69,0.0,0.0,0
15m,1757309400.0,2.8869,2.8895,2.8842,2.8868,265544.54,0.0,0.0,0
15m,1757310300.0,2.8868,2.8955,2.8851,2.8927,202986.08,0.0,0.0,0
15m,1757311200.0,2.8927,2.8943,2.8744,2.8776,414403.04,0.0,0.0,0
15m,1757312100.0,2.8776,2.8864,2.8774,2.8852,286464.74,0.0,0.0,0
15m,1757313000.0,2.8852,2.8861,2.8795,2.88,474659.57,0.0,0.0,0
15m,1757313900.0,2.88,2.88,2.8755,2.876,369797.96,0.0,0.0,0
15m,1757314800.0,2.876,2.889,2.8759,2.8889,288841.31,0.0,0.0,0
15m,1757315700.0,2.8889,2.9014,2.8867,2.9011,363242.6,0.0,0.0,0
15m,1757316600.0,2.9011,2.9071,2.8907,2.9056,877677.08,0.0,0.0,0
15m,1757317500.0,2.9056,2.9106,2.9016,2.9103,465960.63,0.0,0.0,0
15m,1757318400.0,2.9103,2.9163,2.9072,2.9126,573206.31,0.0,0.0,0
15m,1757319300.0,2.9126,2.9131,2.9032,2.9128,392006.34,0.0,0.0,0
15m,1757320200.0,2.9128,2.92,2.9083,2.9157,587548.4,0.0,0.0,0
15m,1757321100.0,2.9157,2.9177,2.9071,2.9096,344046.35,0.0,0.0,0
15m,1757322000.0,2.9096,2.9172,2.904,2.9163,249777.78,0.0,0.0,0
15m,1757322900.0,2.9163,2.922,2.9143,2.92,469717.47,0.0,0.0,0
15m,1757323800.0,2.92,2.9225,2.9171,2.9185,309197.66,0.0,0.0,0
15m,1757324700.0,2.9185,2.9354,2.9185,2.9333,476357.41,0.0,0.0,0
15m,1757325600.0,2.9333,2.9466,2.9255,2.9432,632265.2,0.0,0.0,0
15m,1757326500.0,2.9432,2.9548,2.9423,2.9443,1212564.73,0.0,0.0,0
15m,1757327400.0,2.9443,2.9511,2.9423,2.9505,434177.71,0.0,0.0,0
15m,1757328300.0,2.9505,2.9533,2.9438,2.9509,648057.19,0.0,0.0,0
15m,1757329200.0,2.9509,2.9509,2.9374,2.9402,658498.63,0.0,0.0,0
15m,1757330100.0,2.9402,2.9428,2.933,2.9356,566414.13,0.0,0.0,0
15m,1757331000.0,2.9356,2.9389,2.9301,2.9322,464753.16,0.0,0.0,0
15m,1757331900.0,2.9322,2.9396,2.9309,2.9362,318627.66,0.0,0.0,0
15m,1757332800.0,2.9362,2.9415,2.9339,2.9381,449608.36,0.0,0.0,0
15m,1757333700.0,2.9381,2.9516,2.9367,2.9485,523659.1,0.0,0.0,0
15m,1757334600.0,2.9485,2.9695,2.9475,2.9688,966674.11,0.0,0.0,0
15m,1757335500.0,2.9688,2.9815,2.9622,2.9636,1735107.63,0.0,0.0,0
15m,1757336400.0,2.9636,2.9817,2.9631,2.9806,865581.99,0.0,0.0,0
15m,1757337300.0,2.9806,2.9876,2.9741,2.9792,792186.5,0.0,0.0,0
15m,1757338200.0,2.9792,2.9914,2.9672,2.9788,1651101.26,0.0,0.0,0
15m,1757339100.0,2.9788,2.9947,2.9753,2.9777,1780435.79,0.0,0.0,0
15m,1757340000.0,2.9777,2.9961,2.9762,2.9834,1128953.65,0.0,0.0,0
15m,1757340900.0,2.9834,2.9896,2.9792,2.9877,404668.68,0.0,0.0,0
15m,1757341800.0,2.9877,2.9929,2.9742,2.9768,345266.07,0.0,0.0,0
15m,1757342700.0,2.9768,2.9837,2.9738,2.9822,259642.18,0.0,0.0,0
15m,1757343600.0,2.9822,2.984,2.976,2.9773,309896.73,0.0,0.0,0
15m,1757344500.0,2.9773,2.9854,2.9724,2.9842,366253.39,0.0,0.0,0
15m,1757345400.0,2.9842,2.9845,2.9755,2.9797,274121.84,0.0,0.0,0
15m,1757346300.0,2.9797,2.9866,2.9778,2.9858,284581.89,0.0,0.0,0
15m,1757347200.0,2.9858,2.9905,2.978,2.978,414754.94,0.0,0.0,0
15m,1757348100.0,2.978,2.9831,2.9741,2.9807,320863.56,0.0,0.0,0
15m,1757349000.0,2.9807,2.9807,2.9658,2.9751,610941.05,0.0,0.0,0
15m,1757349900.0,2.9751,2.9757,2.9616,2.9702,791665.29,0.0,0.0,0
15m,1757350800.0,2.9702,2.9713,2.9636,2.9663,474045.31,0.0,0.0,0
15m,1757351700.0,2.9663,2.9826,2.9662,2.9826,241356.88,0.0,0.0,0
15m,1757352600.0,2.9826,2.9828,2.9728,2.9734,346634.55,0.0,0.0,0
15m,1757353500.0,2.9734,2.9783,2.9666,2.97,317046.74,0.0,0.0,0
15m,1757354400.0,2.97,2.9779,2.9695,2.9736,352130.02,0.0,0.0,0
15m,1757355300.0,2.9736,2.9765,2.9712,2.9747,187950.8,0.0,0.0,0
15m,1757356200.0,2.9747,2.9789,2.97,2.9735,162889.32,0.0,0.0,0
15m,1757357100.0,2.9735,2.9844,2.9732,2.9839,237834.1,0.0,0.0,0
15m,1757358000.0,2.9839,2.9845,2.9706,2.9756,271180.95,0.0,0.0,0
15m,1757358900.0,2.9756,2.9817,2.9729,2.9788,244505.56,0.0,0.0,0
15m,1757359800.0,2.9788,2.9818,2.9684,2.9706,339693.86,0.0,0.0,0
15m,1757360700.0,2.9706,2.9834,2.9697,2.9795,759053.75,0.0,0.0,0
15m,1757361600.0,2.9795,2.9847,2.9767,2.979,363254.72,0.0,0.0,0
15m,1757362500.0,2.979,2.979,2.9652,2.9687,310653.32,0.0,0.0,0
15m,1757363400.0,2.9687,2.9695,2.9579,2.9579,435346.31,0.0,0.0,0
15m,1757364300.0,2.9579,2.9633,2.955,2.9633,319112.46,0.0,0.0,0
15m,1757365200.0,2.9633,2.9666,2.9615,2.9666,186717.24,0.0,0.0,0
15m,1757366100.0,2.9666,2.9775,2.9633,2.9753,288279.1,0.0,0.0,0
15m,1757367000.0,2.9753,2.9758,2.9704,2.9713,156585.11,0.0,0.0,0
15m,1757367900.0,2.9713,2.9756,2.971,2.9741,105348.58,0.0,0.0,0
15m,1757368800.0,2.9741,2.9794,2.9719,2.9777,197953.72,0.0,0.0,0
15m,1757369700.0,2.9777,2.9838,2.9751,2.983,181482.0,0.0,0.0,0
15m,1757370600.0,2.983,2.9832,2.9769,2.9802,162362.06,0.0,0.0,0
15m,1757371500.0,2.9802,2.9802,2.9745,2.9762,121282.43,0.0,0.0,0
15m,1757372400.0,2.9762,2.9795,2.9732,2.9745,182186.31,0.0,0.0,0
15m,1757373300.0,2.9745,2.9758,2.9679,2.9688,152175.23,0.0,0.0,0
15m,1757374200.0,2.9688,2.9691,2.9631,2.9645,175566.22,0.0,0.0,0
15m,1757375100.0,2.9645,2.9722,2.9634,2.9702,135885.35,0.0,0.0,0
15m,1757376000.0,2.9702,2.9781,2.9688,2.9729,439052.57,0.0,0.0,0
15m,1757376900.0,2.9729,2.9738,2.957,2.96,574334.49,0.0,0.0,0
15m,1757377800.0,2.96,2.96,2.9462,2.9498,879207.45,0.0,0.0,0
15m,1757378700.0,2.9498,2.9599,2.9466,2.9555,282956.18,0.0,0.0,0
15m,1757379600.0,2.9555,2.9609,2.9549,2.9569,303857.93,0.0,0.0,0
15m,1757380500.0,2.9569,2.9569,2.9479,2.9512,217551.31,0.0,0.0,0
15m,1757381400.0,2.9512,2.959,2.9474,2.9583,212976.88,0.0,0.0,0
15m,1757382300.0,2.9583,2.9605,2.9528,2.9589,250711.44,0.0,0.0,0
15m,1757383200.0,2.9589,2.9589,2.95,2.9504,190161.28,0.0,0.0,0
15m,1757384100.0,2.9504,2.9547,2.9444,2.949,388911.09,0.0,0.0,0
15m,1757385000.0,2.949,2.9523,2.9456,2.9456,286816.12,0.0,0.0,0
15m,1757385900.0,2.9456,2.9457,2.9354,2.9378,392384.14,0.0,0.0,0
15m,1757386800.0,2.9378,2.9406,2.9349,2.9384,229469.56,0.0,0.0,0
15m,1757387700.0,2.9384,2.9404,2.9339,2.94,201052.55,0.0,0.0,0
15m,1757388600.0,2.94,2.9462,2.9373,2.9433,609657.27,0.0,0.0,0
15m,1757389500.0,2.9433,2.9525,2.9401,2.9501,301884.82,0.0,0.0,0
15m,1757390400.0,2.9501,2.951,2.9446,2.9466,752760.06,0.0,0.0,0
15m,1757391300.0,2.9466,2.9601,2.9463,2.9575,481678.24,0.0,0.0,0
15m,1757392200.0,2.9575,2.9649,2.9571,2.9606,486321.13,0.0,0.0,0
15m,1757393100.0,2.9606,2.9669,2.9569,2.963,482143.2,0.0,0.0,0
15m,1757394000.0,2.963,2.9643,2.9551,2.9563,399848.22,0.0,0.0,0
15m,1757394900.0,2.9563,2.9586,2.9539,2.9559,257170.75,0.0,0.0,0
15m,1757395800.0,2.9559,2.958,2.9519,2.9577,313422.85,0.0,0.0,0
15m,1757396700.0,2.9577,2.9666,2.9566,2.9644,313873.37,0.0,0.0,0
15m,1757397600.0,2.9644,2.9865,2.9625,2.9841,744798.55,0.0,0.0,0
15m,1757398500.0,2.9841,2.994,2.9836,2.9911,1005852.62,0.0,0.0,0
15m,1757399400.0,2.9911,2.995,2.983,2.9836,1099218.12,0.0,0.0,0
15m,1757400300.0,2.9836,2.9975,2.9831,2.9928,1104827.89,0.0,0.0,0
15m,1757401200.0,2.9928,3.0164,2.992,3.0102,1778966.52,0.0,0.0,0
15m,1757402100.0,3.0102,3.0276,3.0093,3.0272,1386176.04,0.0,0.0,0
15m,1757403000.0,3.0272,3.0273,3.0091,3.0095,1082627.56,0.0,0.0,0
15m,1757403900.0,3.0095,3.0201,3.0054,3.0201,664915.71,0.0,0.0,0
15m,1757404800.0,3.0201,3.032,3.0134,3.0271,990529.85,0.0,0.0,0
15m,1757405700.0,3.0271,3.0299,3.0219,3.0255,734491.47,0.0,0.0,0
15m,1757406600.0,3.0255,3.0364,3.0255,3.0294,729462.22,0.0,0.0,0
15m,1757407500.0,3.0294,3.0294,3.0169,3.0241,757586.66,0.0,0.0,0
15m,1757408400.0,3.0241,3.0258,3.0148,3.0154,372633.29,0.0,0.0,0
15m,1757409300.0,3.0154,3.0189,3.0153,3.0171,426856.09,0.0,0.0,0
15m,1757410200.0,3.0171,3.0171,3.0087,3.0122,478212.87,0.0,0.0,0
15m,1757411100.0,3.0122,3.0131,3.0074,3.0075,283721.49,0.0,0.0,0
15m,1757412000.0,3.0075,3.0161,3.007,3.0145,428807.34,0.0,0.0,0
15m,1757412900.0,3.0145,3.0159,3.0026,3.0026,466116.42,0.0,0.0,0
15m,1757413800.0,3.0026,3.0078,2.9993,3.0064,627896.04,0.0,0.0,0
15m,1757414700.0,3.0064,3.0066,2.9993,3.0037,340902.22,0.0,0.0,0
15m,1757415600.0,3.0037,3.0141,3.0016,3.0096,625162.97,0.0,0.0,0
15m,1757416500.0,3.0096,3.0102,3.0018,3.008,414885.25,0.0,0.0,0
15m,1757417400.0,3.008,3.0091,3.0025,3.0045,245136.06,0.0,0.0,0
15m,1757418300.0,3.0045,3.0149,3.0031,3.0043,928707.85,0.0,0.0,0
15m,1757419200.0,3.0043,3.0282,2.9983,3.0269,1327404.31,0.0,0.0,0
15m,1757420100.0,3.0269,3.0298,3.0195,3.0198,612937.81,0.0,0.0,0
15m,1757421000.0,3.0198,3.0206,3.0001,3.0009,828373.03,0.0,0.0,0
15m,1757421900.0,3.0009,3.0105,3.0007,3.0078,520525.79,0.0,0.0,0
15m,1757422800.0,3.0078,3.0121,2.9976,3.011,604836.5,0.0,0.0,0
15m,1757423700.0,3.011,3.011,2.9969,3.0059,466399.57,0.0,0.0,0
15m,1757424600.0,3.0059,3.0111,3.0017,3.0096,547104.95,0.0,0.0,0
15m,1757425500.0,3.0096,3.0185,3.0089,3.0123,603617.94,0.0,0.0,0
15m,1757426400.0,3.0123,3.0186,2.9848,3.0016,3716435.17,0.0,0.0,0
15m,1757427300.0,3.0016,3.0028,2.9835,2.9896,956906.62,0.0,0.0,0
15m,1757428200.0,2.9896,2.9898,2.9524,2.9628,2372848.19,0.0,0.0,0
15m,1757429100.0,2.9628,2.9705,2.9588,2.967,492167.33,0.0,0.0,0
15m,1757430000.0,2.967,2.9714,2.9556,2.9575,798745.15,0.0,0.0,0
15m,1757430900.0,2.9575,2.9615,2.951,2.9549,624599.04,0.0,0.0,0
15m,1757431800.0,2.9549,2.9551,2.9369,2.9391,973647.68,0.0,0.0,0
15m,1757432700.0,2.9391,2.9514,2.9367,2.947,532344.62,0.0,0.0,0
15m,1757433600.0,2.947,2.9557,2.947,2.9532,224972.46,0.0,0.0,0
15m,1757434500.0,2.9532,2.9585,2.9441,2.9465,306920.17,0.0,0.0,0
15m,1757435400.0,2.9465,2.9509,2.9452,2.9488,185348.29,0.0,0.0,0
15m,1757436300.0,2.9488,2.9533,2.9468,2.9533,178294.77,0.0,0.0,0
15m,1757437200.0,2.9533,2.9644,2.9525,2.963,275962.25,0.0,0.0,0
15m,1757438100.0,2.963,2.9645,2.9547,2.9555,237241.28,0.0,0.0,0
15m,1757439000.0,2.9555,2.9601,2.9502,2.9556,206937.66,0.0,0.0,0
15m,1757439900.0,2.9556,2.959,2.9531,2.9543,198481.36,0.0,0.0,0
15m,1757440800.0,2.9543,2.9581,2.9517,2.9573,145533.69,0.0,0.0,0
15m,1757441700.0,2.9573,2.9657,2.9563,2.9637,133686.86,0.0,0.0,0
15m,1757442600.0,2.9637,2.9637,2.9569,2.9594,152222.97,0.0,0.0,0
15m,1757443500.0,2.9594,2.9643,2.9584,2.9622,76482.45,0.0,0.0,0
15m,1757444400.0,2.9622,2.9667,2.9607,2.9655,185370.54,0.0,0.0,0
15m,1757445300.0,2.9655,2.9701,2.9633,2.9698,320091.9,0.0,0.0,0
15m,1757446200.0,2.9698,2.9725,2.9667,2.9688,271249.97,0.0,0.0,0
15m,1757447100.0,2.9688,2.9704,2.9633,2.9648,197236.02,0.0,0.0,0
15m,1757448000.0,2.9648,2.9681,2.9558,2.9585,222363.37,0.0,0.0,0
15m,1757448900.0,2.9585,2.9599,2.9522,2.9524,162924.22,0.0,0.0,0
15m,1757449800.0,2.9524,2.9549,2.9464,2.9474,134748.34,0.0,0.0,0
15m,1757450700.0,2.9474,2.9561,2.9471,2.9546,269312.86,0.0,0.0,0
15m,1757451600.0,2.9546,2.9612,2.9514,2.9601,164449.4,0.0,0.0,0
15m,1757452500.0,2.9601,2.9625,2.951,2.9519,128386.34,0.0,0.0,0
15m,1757453400.0,2.9519,2.9559,2.95,2.9555,55922.38,0.0,0.0,0
15m,1757454300.0,2.9555,2.9556,2.9506,2.9513,53479.76,0.0,0.0,0
15m,1757455200.0,2.9513,2.9547,2.9461,2.9541,90036.21,0.0,0.0,0
15m,1757456100.0,2.9541,2.9544,2.9496,2.9496,67203.88,0.0,0.0,0
15m,1757457000.0,2.9496,2.9526,2.9488,2.9526,26999.41,0.0,0.0,0
15m,1757457900.0,2.9526,2.9529,2.9478,2.9502,75686.39,0.0,0.0,0
15m,1757458800.0,2.9502,2.9507,2.9423,2.9451,138675.04,0.0,0.0,0
15m,1757459700.0,2.9451,2.9473,2.9415,2.9422,68216.88,0.0,0.0,0
15m,1757460600.0,2.9422,2.9457,2.9405,2.9447,178575.13,0.0,0.0,0
15m,1757461500.0,2.9447,2.9486,2.9425,2.9471,114997.67,0.0,0.0,0
15m,1757462400.0,2.9471,2.9494,2.9426,2.9436,137067.29,0.0,0.0,0
15m,1757463300.0,2.9436,2.9441,2.9361,2.9369,405671.49,0.0,0.0,0
15m,1757464200.0,2.9369,2.9508,2.9358,2.9501,278705.32,0.0,0.0,0
15m,1757465100.0,2.9501,2.9508,2.9357,2.937,265796.51,0.0,0.0,0
15m,1757466000.0,2.937,2.9453,2.9361,2.9449,85956.26,0.0,0.0,0
15m,1757466900.0,2.9449,2.9554,2.9448,2.9478,117186.93,0.0,0.0,0
15m,1757467800.0,2.9478,2.9543,2.947,2.9499,90583.13,0.0,0.0,0
15m,1757468700.0,2.9499,2.9514,2.9456,2.9485,110818.44,0.0,0.0,0
15m,1757469600.0,2.9485,2.9586,2.9485,2.9563,795593.17,0.0,0.0,0
15m,1757470500.0,2.9563,2.9638,2.9542,2.9596,299109.47,0.0,0.0,0
15m,1757471400.0,2.9596,2.9639,2.9591,2.9623,378064.83,0.0,0.0,0
15m,1757472300.0,2.9623,2.9632,2.9572,2.9591,163018.22,0.0,0.0,0
15m,1757473200.0,2.9591,2.9592,2.9525,2.9574,153763.84,0.0,0.0,0
15m,1757474100.0,2.9574,2.9609,2.9554,2.9561,285479.4,0.0,0.0,0
15m,1757475000.0,2.9561,2.961,2.9561,2.9595,127660.05,0.0,0.0,0
15m,1757475900.0,2.9595,2.9635,2.9593,2.9626,153130.58,0.0,0.0,0
15m,1757476800.0,2.9626,2.9634,2.9577,2.9634,78933.17,0.0,0.0,0
15m,1757477700.0,2.9634,2.965,2.9588,2.9617,110646.78,0.0,0.0,0
15m,1757478600.0,2.9617,2.9634,2.9554,2.9562,98588.44,0.0,0.0,0
15m,1757479500.0,2.9562,2.9605,2.9554,2.9597,146168.85,0.0,0.0,0
15m,1757480400.0,2.9597,2.9597,2.9507,2.9563,152368.08,0.0,0.0,0
15m,1757481300.0,2.9563,2.9565,2.9502,2.9558,152734.62,0.0,0.0,0
15m,1757482200.0,2.9558,2.9621,2.9549,2.9611,121004.76,0.0,0.0,0
15m,1757483100.0,2.9611,2.9631,2.9537,2.9601,290953.32,0.0,0.0,0
15m,1757484000.0,2.9601,2.9601,2.9457,2.9486,366960.06,0.0,0.0,0
15m,1757484900.0,2.9486,2.9533,2.9471,2.9526,345227.16,0.0,0.0,0
15m,1757485800.0,2.9526,2.958,2.9498,2.9555,235680.04,0.0,0.0,0
15m,1757486700.0,2.9555,2.9592,2.9517,2.953,129901.92,0.0,0.0,0
15m,1757487600.0,2.953,2.9582,2.9519,2.957,142903.82,0.0,0.0,0
15m,1757488500.0,2.957,2.9711,2.9517,2.9695,786758.54,0.0,0.0,0
15m,1757489400.0,2.9695,2.9736,2.9679,2.9731,380148.02,0.0,0.0,0
15m,1757490300.0,2.9731,2.981,2.9731,2.981,373004.97,0.0,0.0,0
15m,1757491200.0,2.981,2.9871,2.9766,2.9841,550263.09,0.0,0.0,0
15m,1757492100.0,2.9841,2.9857,2.9759,2.9771,535547.92,0.0,0.0,0
15m,1757493000.0,2.9771,2.9771,2.97,2.9704,265545.49,0.0,0.0,0
15m,1757493900.0,2.9704,2.9738,2.9693,2.9694,145359.55,0.0,0.0,0
15m,1757494800.0,2.9694,2.9715,2.9607,2.9674,384917.61,0.0,0.0,0
15m,1757495700.0,2.9674,2.9767,2.9648,2.9739,165141.74,0.0,0.0,0
15m,1757496600.0,2.9739,2.9774,2.9706,2.9713,170146.16,0.0,0.0,0
15m,1757497500.0,2.9713,2.972,2.9677,2.9684,119776.91,0.0,0.0,0
15m,1757498400.0,2.9684,2.9695,2.9655,2.9672,224385.87,0.0,0.0,0
15m,1757499300.0,2.9672,2.9672,2.9607,2.9654,331697.64,0.0,0.0,0
15m,1757500200.0,2.9654,2.9696,2.9651,2.9668,79611.78,0.0,0.0,0
15m,1757501100.0,2.9668,2.9672,2.9627,2.9643,95244.57,0.0,0.0,0
15m,1757502000.0,2.9643,2.9718,2.9627,2.9712,146231.86,0.0,0.0,0
15m,1757502900.0,2.9712,2.9735,2.9683,2.9711,251883.57,0.0,0.0,0
15m,1757503800.0,2.9711,2.9711,2.966,2.9673,121977.37,0.0,0.0,0
15m,1757504700.0,2.9673,2.9725,2.967,2.9711,150844.48,0.0,0.0,0
15m,1757505600.0,2.9711,2.9756,2.9708,2.9743,184702.96,0.0,0.0,0
15m,1757506500.0,2.9743,2.9774,2.9722,2.9751,242702.53,0.0,0.0,0
15m,1757507400.0,2.9751,3.006,2.9751,2.9971,3649909.52,0.0,0.0,0
15m,1757508300.0,2.9971,2.9995,2.9881,2.9995,485473.06,0.0,0.0,0
15m,1757509200.0,2.9995,3.0208,2.9971,3.0115,1102943.32,0.0,0.0,0
15m,1757510100.0,3.0115,3.0155,2.9977,3.0016,709218.38,0.0,0.0,0
15m,1757511000.0,3.0016,3.01,2.9918,3.0083,549194.86,0.0,0.0,0
15m,1757511900.0,3.0083,3.0238,3.0037,3.0129,1263196.73,0.0,0.0,0
15m,1757512800.0,3.0129,3.0199,3.0067,3.0135,891581.15,0.0,0.0,0
15m,1757513700.0,3.0135,3.0185,3.0076,3.0101,646652.22,0.0,0.0,0
15m,1757514600.0,3.0101,3.0133,3.0012,3.0064,575901.06,0.0,0.0,0
15m,1757515500.0,3.0064,3.0079,2.9981,2.9991,461519.21,0.0,0.0,0
15m,1757516400.0,2.9991,3.0092,2.9982,3.0087,393338.59,0.0,0.0,0
15m,1757517300.0,3.0087,3.0097,2.997,2.9996,399801.52,0.0,0.0,0
15m,1757518200.0,2.9996,3.0066,2.9939,3.0045,525050.97,0.0,0.0,0
15m,1757519100.0,3.0045,3.0068,2.9997,3.0023,232876.13,0.0,0.0,0
15m,1757520000.0,3.0023,3.0056,2.9924,2.9937,546929.2,0.0,0.0,0
15m,1757520900.0,2.9937,2.9991,2.9906,2.999,448001.41,0.0,0.0,0
15m,1757521800.0,2.999,2.9998,2.9925,2.9975,362324.07,0.0,0.0,0
15m,1757522700.0,2.9975,3.0049,2.9954,3.0048,191315.91,0.0,0.0,0
15m,1757523600.0,3.0048,3.014,3.0018,3.0125,395120.35,0.0,0.0,0
15m,1757524500.0,3.0125,3.0134,2.9933,2.9949,356410.3,0.0,0.0,0
15m,1757525400.0,2.9949,3.0039,2.9918,3.0031,253772.09,0.0,0.0,0
15m,1757526300.0,3.0031,3.0056,2.9999,3.003,156443.17,0.0,0.0,0
15m,1757527200.0,3.003,3.007,2.9979,3.0006,192221.5,0.0,0.0,0
15m,1757528100.0,3.0006,3.0006,2.9891,2.9901,240771.0,0.0,0.0,0
15m,1757529000.0,2.9901,2.9973,2.9897,2.9939,260579.75,0.0,0.0,0
15m,1757529900.0,2.9939,3.0013,2.9915,2.9982,216430.2,0.0,0.0,0
15m,1757530800.0,2.9982,2.9994,2.9901,2.9901,227914.65,0.0,0.0,0
15m,1757531700.0,2.9901,2.9903,2.9719,2.9749,431473.46,0.0,0.0,0
15m,1757532600.0,2.9749,2.9815,2.9671,2.9783,368801.6,0.0,0.0,0
15m,1757533500.0,2.9783,2.9812,2.9742,2.9783,224667.55,0.0,0.0,0
15m,1757534400.0,2.9783,2.9869,2.9777,2.9831,275115.06,0.0,0.0,0
15m,1757535300.0,2.9831,2.9856,2.9775,2.9776,247306.71,0.0,0.0,0
15m,1757536200.0,2.9776,2.979,2.973,2.9778,74571.96,0.0,0.0,0
15m,1757537100.0,2.9778,2.9792,2.9722,2.9743,131809.51,0.0,0.0,0
15m,1757538000.0,2.9743,2.9787,2.9723,2.9759,275930.04,0.0,0.0,0
15m,1757538900.0,2.9759,2.9812,2.9748,2.9773,149409.53,0.0,0.0,0
15m,1757539800.0,2.9773,2.9845,2.976,2.9779,244721.19,0.0,0.0,0
15m,1757540700.0,2.9779,2.9819,2.9757,2.9812,105021.49,0.0,0.0,0
15m,1757541600.0,2.9812,2.9849,2.9775,2.9843,158192.25,0.0,0.0,0
15m,1757542500.0,2.9843,2.9863,2.9812,2.9832,59007.6,0.0,0.0,0
15m,1757543400.0,2.9832,2.9835,2.9763,2.9779,96783.11,0.0,0.0,0
15m,1757544300.0,2.9779,2.9804,2.9762,2.9781,149002.0,0.0,0.0,0
15m,1757545200.0,2.9781,2.9837,2.9779,2.9806,118197.46,0.0,0.0,0
15m,1757546100.0,2.9806,2.9862,2.9806,2.9821,229551.72,0.0,0.0,0
15m,1757547000.0,2.9821,2.9855,2.9811,2.9821,97743.48,0.0,0.0,0
15m,1757547900.0,2.9821,2.9857,2.9802,2.9833,185264.28,0.0,0.0,0
15m,1757548800.0,2.9833,2.9834,2.9772,2.9795,153604.69,0.0,0.0,0
15m,1757549700.0,2.9795,2.9856,2.9783,2.9855,119729.85,0.0,0.0,0
15m,1757550600.0,2.9855,2.9883,2.9816,2.9844,179760.0,0.0,0.0,0
15m,1757551500.0,2.9844,2.9943,2.9843,2.9899,162655.08,0.0,0.0,0
15m,1757552400.0,2.9899,2.9976,2.9891,2.9974,221872.9,0.0,0.0,0
15m,1757553300.0,2.9974,2.998,2.9941,2.9942,88241.36,0.0,0.0,0
15m,1757554200.0,2.9942,2.9956,2.9899,2.9921,115981.02,0.0,0.0,0
15m,1757555100.0,2.9921,2.9964,2.9915,2.9954,81202.37,0.0,0.0,0
15m,1757556000.0,2.9954,2.9966,2.9924,2.9963,104954.67,0.0,0.0,0
15m,1757556900.0,2.9963,2.9966,2.9904,2.9916,171854.08,0.0,0.0,0
15m,1757557800.0,2.9916,2.9936,2.9876,2.9928,110309.64,0.0,0.0,0
15m,1757558700.0,2.9928,2.9938,2.9883,2.9883,143303.69,0.0,0.0,0
15m,1757559600.0,2.9883,2.9922,2.9876,2.9915,139326.74,0.0,0.0,0
15m,1757560500.0,2.9915,3.0081,2.9912,3.0049,334622.62,0.0,0.0,0
15m,1757561400.0,3.0049,3.0069,3.0007,3.0025,220121.83,0.0,0.0,0
15m,1757562300.0,3.0025,3.0106,3.0024,3.0092,442106.88,0.0,0.0,0
15m,1757563200.0,3.0092,3.0107,3.0026,3.0032,421232.52,0.0,0.0,0
15m,1757564100.0,3.0032,3.0074,3.0019,3.0064,483577.89,0.0,0.0,0
15m,1757565000.0,3.0064,3.0141,3.0019,3.0138,716113.3,0.0,0.0,0
15m,1757565900.0,3.0138,3.0139,3.0081,3.009,411552.31,0.0,0.0,0
15m,1757566800.0,3.009,3.0101,3.0013,3.002,202723.55,0.0,0.0,0
15m,1757567700.0,3.002,3.0045,2.9968,2.9972,454800.45,0.0,0.0,0
15m,1757568600.0,2.9972,3.0066,2.9971,3.0048,418256.82,0.0,0.0,0
15m,1757569500.0,3.0048,3.0087,3.0021,3.0068,206031.13,0.0,0.0,0
15m,1757570400.0,3.0068,3.0068,2.9962,3.0001,444644.26,0.0,0.0,0
15m,1757571300.0,3.0001,3.0035,2.9965,3.0013,249012.41,0.0,0.0,0
15m,1757572200.0,3.0013,3.0043,3.0011,3.0025,246961.88,0.0,0.0,0
15m,1757573100.0,3.0025,3.0038,2.9995,3.0,247825.55,0.0,0.0,0
15m,1757574000.0,3.0,3.0001,2.9925,2.9956,348642.15,0.0,0.0,0
15m,1757574900.0,2.9956,2.998,2.9917,2.9971,263176.68,0.0,0.0,0
15m,1757575800.0,2.9971,3.0011,2.9961,3.0007,227646.16,0.0,0.0,0
15m,1757576700.0,3.0007,3.0041,3.0002,3.0031,167914.07,0.0,0.0,0
15m,1757577600.0,3.0031,3.0031,2.9981,3.0022,204293.94,0.0,0.0,0
15m,1757578500.0,3.0022,3.0028,2.9996,3.0018,132557.93,0.0,0.0,0
15m,1757579400.0,3.0018,3.0175,3.0015,3.0174,597557.15,0.0,0.0,0
15m,1757580300.0,3.0174,3.0196,3.0109,3.0161,944167.71,0.0,0.0,0
15m,1757581200.0,3.0161,3.0161,3.0109,3.0119,321910.23,0.0,0.0,0
15m,1757582100.0,3.0119,3.0348,3.0114,3.0281,1553381.27,0.0,0.0,0
15m,1757583000.0,3.0281,3.0282,3.0167,3.0246,913955.43,0.0,0.0,0
15m,1757583900.0,3.0246,3.0275,3.0168,3.0273,911837.25,0.0,0.0,0
15m,1757584800.0,3.0273,3.0327,3.0229,3.0232,729906.04,0.0,0.0,0
15m,1757585700.0,3.0232,3.0232,3.0117,3.0144,471775.69,0.0,0.0,0
15m,1757586600.0,3.0144,3.0195,3.0126,3.0162,332222.8,0.0,0.0,0
15m,1757587500.0,3.0162,3.0208,3.0161,3.0161,250593.53,0.0,0.0,0
15m,1757588400.0,3.0161,3.0168,3.0122,3.0148,436699.85,0.0,0.0,0
15m,1757589300.0,3.0148,3.015,3.0069,3.0079,320319.02,0.0,0.0,0
15m,1757590200.0,3.0079,3.0133,3.0034,3.0114,329793.18,0.0,0.0,0
15m,1757591100.0,3.0114,3.0131,3.0056,3.0078,656575.98,0.0,0.0,0
15m,1757592000.0,3.0078,3.0237,3.0078,3.0233,1165325.52,0.0,0.0,0
15m,1757592900.0,3.0233,3.0299,3.0179,3.0298,1205329.31,0.0,0.0,0
15m,1757593800.0,3.0298,3.035,2.9498,2.9969,8807663.52,0.0,0.0,0
15m,1757594700.0,2.9969,3.0095,2.9914,2.9982,1111862.66,0.0,0.0,0
15m,1757595600.0,2.9982,2.9997,2.9758,2.98,1223053.44,0.0,0.0,0
15m,1757596500.0,2.98,2.9944,2.98,2.9901,1035206.59,0.0,0.0,0
15m,1757597400.0,2.9901,3.01,2.9901,2.9963,1328038.64,0.0,0.0,0
15m,1757598300.0,2.9963,3.0137,2.9927,3.0122,1008606.64,0.0,0.0,0
15m,1757599200.0,3.0122,3.0126,2.9963,2.9986,976779.64,0.0,0.0,0
15m,1757600100.0,2.9986,2.9993,2.9854,2.993,1097393.15,0.0,0.0,0
15m,1757601000.0,2.993,3.007,2.9921,3.0045,709701.64,0.0,0.0,0
15m,1757601900.0,3.0045,3.0063,2.9943,2.9989,1054038.74,0.0,0.0,0
15m,1757602800.0,2.9989,3.0009,2.9928,2.9975,581461.44,0.0,0.0,0
15m,1757603700.0,2.9975,3.0061,2.9963,2.9968,653123.32,0.0,0.0,0
15m,1757604600.0,2.9968,3.0002,2.9915,2.9946,666992.7,0.0,0.0,0
15m,1757605500.0,2.9946,2.9979,2.9894,2.9951,636469.38,0.0,0.0,0
15m,1757606400.0,2.9951,3.0042,2.9945,3.0029,667038.48,0.0,0.0,0
15m,1757607300.0,3.0029,3.0037,2.9911,2.9915,725396.02,0.0,0.0,0
15m,1757608200.0,2.9915,2.9988,2.9901,2.9965,995797.98,0.0,0.0,0
15m,1757609100.0,2.9965,2.9977,2.99,2.9964,724855.05,0.0,0.0,0
15m,1757610000.0,2.9964,3.0022,2.9919,2.9999,314837.66,0.0,0.0,0
15m,1757610900.0,2.9999,3.0013,2.9951,2.9964,255839.89,0.0,0.0,0
15m,1757611800.0,2.9964,3.0111,2.9959,3.0108,665429.87,0.0,0.0,0
15m,1757612700.0,3.0108,3.0136,3.006,3.0136,401961.72,0.0,0.0,0
15m,1757613600.0,3.0136,3.0204,3.0125,3.0167,778189.14,0.0,0.0,0
15m,1757614500.0,3.0167,3.0198,3.0077,3.0095,519629.17,0.0,0.0,0
15m,1757615400.0,3.0095,3.0188,3.0072,3.0186,385991.04,0.0,0.0,0
15m,1757616300.0,3.0186,3.034,3.0166,3.0238,1134643.68,0.0,0.0,0
15m,1757617200.0,3.0238,3.0329,3.0205,3.0284,750603.25,0.0,0.0,0
15m,1757618100.0,3.0284,3.0322,3.0219,3.031,626694.09,0.0,0.0,0
15m,1757619000.0,3.031,3.0319,3.0253,3.0277,702438.68,0.0,0.0,0
15m,1757619900.0,3.0277,3.0326,3.021,3.0252,645862.54,0.0,0.0,0
15m,1757620800.0,3.0252,3.029,3.0186,3.0197,486927.73,0.0,0.0,0
15m,1757621700.0,3.0197,3.024,3.0171,3.0178,381104.8,0.0,0.0,0
15m,1757622600.0,3.0178,3.0199,3.012,3.0129,322794.82,0.0,0.0,0
15m,1757623500.0,3.0129,3.0156,3.011,3.0122,274570.52,0.0,0.0,0
15m,1757624400.0,3.0122,3.0237,3.0109,3.0204,358395.37,0.0,0.0,0
15m,1757625300.0,3.0204,3.0226,3.0146,3.0151,167319.98,0.0,0.0,0
15m,1757626200.0,3.0151,3.0195,3.0138,3.0193,130249.39,0.0,0.0,0
15m,1757627100.0,3.0193,3.0193,3.0135,3.0139,58313.96,0.0,0.0,0
15m,1757628000.0,3.0139,3.0199,3.0131,3.0164,123508.65,0.0,0.0,0
15m,1757628900.0,3.0164,3.0281,3.0145,3.0258,299569.66,0.0,0.0,0
15m,1757629800.0,3.0258,3.0287,3.0231,3.0255,217090.31,0.0,0.0,0
15m,1757630700.0,3.0255,3.0289,3.0241,3.0241,241202.94,0.0,0.0,0
15m,1757631600.0,3.0241,3.0433,3.024,3.043,1083620.72,0.0,0.0,0
15m,1757632500.0,3.043,3.0491,3.0358,3.0426,828049.15,0.0,0.0,0
15m,1757633400.0,3.0426,3.0431,3.037,3.042,454344.61,0.0,0.0,0
15m,1757634300.0,3.042,3.0463,3.0395,3.04,165570.25,0.0,0.0,0
15m,1757635200.0,3.04,3.0434,3.0342,3.0347,443838.66,0.0,0.0,0
15m,1757636100.0,3.0347,3.0491,3.0334,3.049,288900.08,0.0,0.0,0
15m,1757637000.0,3.049,3.0697,3.0467,3.0683,1628474.05,0.0,0.0,0
15m,1757637900.0,3.0683,3.072,3.0538,3.0539,1471428.67,0.0,0.0,0
15m,1757638800.0,3.0539,3.0679,3.0539,3.0632,700314.2,0.0,0.0,0
15m,1757639700.0,3.0632,3.0649,3.053,3.0561,539080.95,0.0,0.0,0
15m,1757640600.0,3.0561,3.0561,3.0435,3.0465,462783.9,0.0,0.0,0
15m,1757641500.0,3.0465,3.0468,3.0373,3.0391,662733.37,0.0,0.0,0
15m,1757642400.0,3.0391,3.0462,3.0381,3.0414,428491.03,0.0,0.0,0
15m,1757643300.0,3.0414,3.0518,3.0409,3.0476,448841.25,0.0,0.0,0
15m,1757644200.0,3.0476,3.0539,3.0448,3.0505,319531.84,0.0,0.0,0
15m,1757645100.0,3.0505,3.0505,3.0424,3.0442,241750.67,0.0,0.0,0
15m,1757646000.0,3.0442,3.0477,3.0382,3.0392,323149.01,0.0,0.0,0
15m,1757646900.0,3.0392,3.0418,3.0365,3.0375,173038.07,0.0,0.0,0
15m,1757647800.0,3.0375,3.0417,3.0322,3.035,315255.37,0.0,0.0,0
15m,1757648700.0,3.035,3.0388,3.0348,3.0373,168865.83,0.0,0.0,0
15m,1757649600.0,3.0373,3.0374,3.0289,3.0353,262531.73,0.0,0.0,0
15m,1757650500.0,3.0353,3.0465,3.0353,3.0463,225653.19,0.0,0.0,0
15m,1757651400.0,3.0463,3.0539,3.046,3.0514,557998.49,0.0,0.0,0
15m,1757652300.0,3.0514,3.0555,3.048,3.0539,324945.97,0.0,0.0,0
15m,1757653200.0,3.0539,3.054,3.0484,3.0503,530134.82,0.0,0.0,0
15m,1757654100.0,3.0503,3.0595,3.05,3.0559,658742.9,0.0,0.0,0
15m,1757655000.0,3.0559,3.0669,3.052,3.0636,384471.69,0.0,0.0,0
15m,1757655900.0,3.0636,3.0733,3.0632,3.072,681542.96,0.0,0.0,0
15m,1757656800.0,3.072,3.072,3.0596,3.0596,652460.11,0.0,0.0,0
15m,1757657700.0,3.0596,3.0665,3.0559,3.0581,803479.22,0.0,0.0,0
15m,1757658600.0,3.0581,3.0612,3.0542,3.0594,609390.97,0.0,0.0,0
15m,1757659500.0,3.0594,3.0595,3.0486,3.0516,787753.68,0.0,0.0,0
15m,1757660400.0,3.0516,3.0596,3.0501,3.0559,859403.43,0.0,0.0,0
15m,1757661300.0,3.0559,3.0599,3.0527,3.0546,618863.22,0.0,0.0,0
15m,1757662200.0,3.0546,3.059,3.0482,3.059,794290.17,0.0,0.0,0
15m,1757663100.0,3.059,3.0729,3.0556,3.0668,1521036.11,0.0,0.0,0
15m,1757664000.0,3.0668,3.0707,3.0568,3.0572,987318.07,0.0,0.0,0
15m,1757664900.0,3.0572,3.0643,3.0478,3.0613,575116.24,0.0,0.0,0
15m,1757665800.0,3.0613,3.0618,3.0517,3.0522,303284.5,0.0,0.0,0
15m,1757666700.0,3.0522,3.0558,3.0494,3.0551,245399.91,0.0,0.0,0
15m,1757667600.0,3.0551,3.0571,3.0486,3.0542,339351.73,0.0,0.0,0
15m,1757668500.0,3.0542,3.0563,3.0466,3.0491,407990.28,0.0,0.0,0
15m,1757669400.0,3.0491,3.0523,3.0438,3.0457,366835.48,0.0,0.0,0
15m,1757670300.0,3.0457,3.0499,3.044,3.0485,179651.93,0.0,0.0,0
15m,1757671200.0,3.0485,3.0499,3.0391,3.0441,353294.51,0.0,0.0,0
15m,1757672100.0,3.0441,3.0479,3.0419,3.0422,269353.12,0.0,0.0,0
15m,1757673000.0,3.0422,3.0477,3.0413,3.0439,271706.12,0.0,0.0,0
15m,1757673900.0,3.0439,3.0453,3.041,3.0436,261037.88,0.0,0.0,0
15m,1757674800.0,3.0436,3.0498,3.0408,3.0464,190443.65,0.0,0.0,0
15m,1757675700.0,3.0464,3.0527,3.0463,3.0515,349957.54,0.0,0.0,0
15m,1757676600.0,3.0515,3.052,3.0467,3.0481,248792.9,0.0,0.0,0
15m,1757677500.0,3.0481,3.0481,3.0374,3.0391,379261.06,0.0,0.0,0
15m,1757678400.0,3.0391,3.0413,3.0254,3.0331,418659.85,0.0,0.0,0
15m,1757679300.0,3.0331,3.0397,3.0322,3.0376,322271.42,0.0,0.0,0
15m,1757680200.0,3.0376,3.0381,3.0303,3.0361,306346.02,0.0,0.0,0
15m,1757681100.0,3.0361,3.0445,3.0348,3.0416,305145.07,0.0,0.0,0
15m,1757682000.0,3.0416,3.0453,3.0388,3.0402,260436.37,0.0,0.0,0
15m,1757682900.0,3.0402,3.0403,3.035,3.0352,227964.64,0.0,0.0,0
15m,1757683800.0,3.0352,3.0429,3.0269,3.0324,430397.52,0.0,0.0,0
15m,1757684700.0,3.0324,3.0452,3.0296,3.0404,469285.19,0.0,0.0,0
15m,1757685600.0,3.0404,3.0568,3.0355,3.0516,879850.9,0.0,0.0,0
15m,1757686500.0,3.0516,3.0645,3.05,3.057,703044.68,0.0,0.0,0
15m,1757687400.0,3.057,3.0595,3.0355,3.0356,557815.53,0.0,0.0,0
15m,1757688300.0,3.0356,3.0415,3.0341,3.0396,437947.66,0.0,0.0,0
15m,1757689200.0,3.0396,3.0399,3.018,3.0213,904028.15,0.0,0.0,0
15m,1757690100.0,3.0213,3.0283,3.0187,3.0207,405018.54,0.0,0.0,0
15m,1757691000.0,3.0207,3.0291,3.0202,3.0276,353687.84,0.0,0.0,0
15m,1757691900.0,3.0276,3.0333,3.0262,3.0276,314483.77,0.0,0.0,0
15m,1757692800.0,3.0276,3.0343,3.0223,3.0329,341909.25,0.0,0.0,0
15m,1757693700.0,3.0329,3.0399,3.0294,3.0377,437852.33,0.0,0.0,0
15m,1757694600.0,3.0377,3.0422,3.0317,3.0326,208397.57,0.0,0.0,0
15m,1757695500.0,3.0326,3.0407,3.0293,3.0407,212474.04,0.0,0.0,0
15m,1757696400.0,3.0407,3.0463,3.0352,3.0449,122993.03,0.0,0.0,0
15m,1757697300.0,3.0449,3.0659,3.0449,3.0602,537859.47,0.0,0.0,0
15m,1757698200.0,3.0602,3.0725,3.0576,3.0699,1056416.92,0.0,0.0,0
15m,1757699100.0,3.0699,3.0714,3.0591,3.0653,555763.71,0.0,0.0,0
15m,1757700000.0,3.0653,3.071,3.0601,3.0685,569743.06,0.0,0.0,0
15m,1757700900.0,3.0685,3.0711,3.0637,3.0685,413308.01,0.0,0.0,0
15m,1757701800.0,3.0685,3.077,3.0681,3.074,505348.47,0.0,0.0,0
15m,1757702700.0,3.074,3.0788,3.0724,3.0788,446532.37,0.0,0.0,0
15m,1757703600.0,3.0788,3.0789,3.0702,3.0715,207609.72,0.0,0.0,0
15m,1757704500.0,3.0715,3.074,3.0668,3.074,256258.81,0.0,0.0,0
15m,1757705400.0,3.074,3.0788,3.0701,3.0788,417302.46,0.0,0.0,0
15m,1757706300.0,3.0788,3.0939,3.0786,3.09,1188716.66,0.0,0.0,0
15m,1757707200.0,3.09,3.1033,3.0826,3.0982,1705997.63,0.0,0.0,0
15m,1757708100.0,3.0982,3.1088,3.0888,3.0967,1011712.19,0.0,0.0,0
15m,1757709000.0,3.0967,3.1006,3.09,3.0997,257741.1,0.0,0.0,0
15m,1757709900.0,3.0997,3.1376,3.0997,3.1232,2781232.15,0.0,0.0,0
15m,1757710800.0,3.1232,3.1264,3.0947,3.1041,1467203.35,0.0,0.0,0
15m,1757711700.0,3.1041,3.1091,3.0975,3.0983,312956.51,0.0,0.0,0
15m,1757712600.0,3.0983,3.1014,3.0855,3.1004,323466.17,0.0,0.0,0
15m,1757713500.0,3.1004,3.1005,3.0941,3.0941,176992.58,0.0,0.0,0
15m,1757714400.0,3.0941,3.1116,3.0941,3.1112,399161.43,0.0,0.0,0
15m,1757715300.0,3.1112,3.1264,3.1107,3.1225,1218188.96,0.0,0.0,0
15m,1757716200.0,3.1225,3.1228,3.1037,3.1066,493162.64,0.0,0.0,0
15m,1757717100.0,3.1066,3.117,3.1028,3.1119,310698.75,0.0,0.0,0
15m,1757718000.0,3.1119,3.1131,3.1047,3.1073,434038.54,0.0,0.0,0
15m,1757718900.0,3.1073,3.1086,3.1002,3.1051,341017.11,0.0,0.0,0
15m,1757719800.0,3.1051,3.1059,3.1006,3.1006,218301.25,0.0,0.0,0
15m,1757720700.0,3.1006,3.1103,3.1002,3.1055,249225.95,0.0,0.0,0
15m,1757721600.0,3.1055,3.1077,3.0966,3.1003,471612.86,0.0,0.0,0
15m,1757722500.0,3.1003,3.1055,3.0926,3.0939,431780.19,0.0,0.0,0
15m,1757723400.0,3.0939,3.103,3.0931,3.1009,262895.03,0.0,0.0,0
15m,1757724300.0,3.1009,3.1059,3.0999,3.1028,371116.36,0.0,0.0,0
15m,1757725200.0,3.1028,3.1144,3.1028,3.1086,493494.01,0.0,0.0,0
15m,1757726100.0,3.1086,3.1212,3.1086,3.111,814333.15,0.0,0.0,0
15m,1757727000.0,3.111,3.1244,3.1064,3.1064,967209.44,0.0,0.0,0
15m,1757727900.0,3.1064,3.1064,3.0937,3.0971,429825.41,0.0,0.0,0
15m,1757728800.0,3.0971,3.1069,3.0902,3.1051,426458.21,0.0,0.0,0
15m,1757729700.0,3.1051,3.1067,3.1014,3.1028,222596.69,0.0,0.0,0
15m,1757730600.0,3.1028,3.1039,3.0974,3.1039,339479.3,0.0,0.0,0
15m,1757731500.0,3.1039,3.1046,3.0991,3.1028,252373.68,0.0,0.0,0
15m,1757732400.0,3.1028,3.1067,3.1001,3.1041,98611.19,0.0,0.0,0
15m,1757733300.0,3.1041,3.1145,3.1036,3.1131,447173.94,0.0,0.0,0
15m,1757734200.0,3.1131,3.117,3.1092,3.1139,459694.19,0.0,0.0,0
15m,1757735100.0,3.1139,3.1162,3.1115,3.1143,322554.91,0.0,0.0,0
15m,1757736000.0,3.1143,3.1163,3.1105,3.1136,431130.3,0.0,0.0,0
15m,1757736900.0,3.1136,3.1137,3.1085,3.1085,330327.48,0.0,0.0,0
15m,1757737800.0,3.1085,3.1128,3.1079,3.1123,265082.93,0.0,0.0,0
15m,1757738700.0,3.1123,3.1133,3.1054,3.1062,297995.33,0.0,0.0,0
15m,1757739600.0,3.1062,3.1081,3.1017,3.1076,298125.08,0.0,0.0,0
15m,1757740500.0,3.1076,3.1129,3.1042,3.1116,507245.52,0.0,0.0,0
15m,1757741400.0,3.1116,3.1116,3.0998,3.102,493836.85,0.0,0.0,0
15m,1757742300.0,3.102,3.1037,3.0995,3.101,364963.72,0.0,0.0,0
15m,1757743200.0,3.101,3.1135,3.1002,3.1108,591770.51,0.0,0.0,0
15m,1757744100.0,3.1108,3.1116,3.1046,3.1076,312061.44,0.0,0.0,0
15m,1757745000.0,3.1076,3.1117,3.1064,3.1091,209469.71,0.0,0.0,0
15m,1757745900.0,3.1091,3.1158,3.1084,3.1155,598888.02,0.0,0.0,0
15m,1757746800.0,3.1155,3.1201,3.1117,3.12,204297.03,0.0,0.0,0
15m,1757747700.0,3.12,3.1218,3.1144,3.1147,325500.63,0.0,0.0,0
15m,1757748600.0,3.1147,3.1199,3.1142,3.116,174108.25,0.0,0.0,0
15m,1757749500.0,3.116,3.1192,3.1149,3.1171,291254.25,0.0,0.0,0
15m,1757750400.0,3.1171,3.1177,3.1106,3.1144,157689.36,0.0,0.0,0
15m,1757751300.0,3.1144,3.1233,3.1121,3.123,193132.15,0.0,0.0,0
15m,1757752200.0,3.123,3.1415,3.1224,3.1387,1714653.0,0.0,0.0,0
15m,1757753100.0,3.1387,3.1447,3.1365,3.1433,1083472.21,0.0,0.0,0
15m,1757754000.0,3.1433,3.1706,3.1393,3.1658,2775372.21,0.0,0.0,0
15m,1757754900.0,3.1658,3.1709,3.1594,3.1627,976915.27,0.0,0.0,0
15m,1757755800.0,3.1627,3.1757,3.1607,3.1746,657779.28,0.0,0.0,0
15m,1757756700.0,3.1746,3.1847,3.1702,3.1799,1031704.48,0.0,0.0,0
15m,1757757600.0,3.1799,3.1799,3.1631,3.1736,693454.34,0.0,0.0,0
15m,1757758500.0,3.1736,3.1859,3.1715,3.172,597480.58,0.0,0.0,0
15m,1757759400.0,3.172,3.1733,3.1601,3.1684,618652.31,0.0,0.0,0
15m,1757760300.0,3.1684,3.1708,3.1614,3.1638,475526.35,0.0,0.0,0
15m,1757761200.0,3.1638,3.1638,3.1535,3.1541,720917.71,0.0,0.0,0
15m,1757762100.0,3.1541,3.1654,3.1511,3.1653,722341.9,0.0,0.0,0
15m,1757763000.0,3.1653,3.1725,3.1626,3.1707,479810.18,0.0,0.0,0
15m,1757763900.0,3.1707,3.177,3.1667,3.1729,670250.43,0.0,0.0,0
15m,1757764800.0,3.1729,3.1773,3.1651,3.1765,471015.75,0.0,0.0,0
15m,1757765700.0,3.1765,3.1815,3.1677,3.1678,572186.71,0.0,0.0,0
15m,1757766600.0,3.1678,3.1725,3.166,3.1686,250993.09,0.0,0.0,0
15m,1757767500.0,3.1686,3.1717,3.166,3.1706,157396.68,0.0,0.0,0
15m,1757768400.0,3.1706,3.1711,3.1587,3.1653,601299.36,0.0,0.0,0
15m,1757769300.0,3.1653,3.1787,3.1595,3.1743,440718.98,0.0,0.0,0
15m,1757770200.0,3.1743,3.1747,3.1626,3.1626,347115.97,0.0,0.0,0
15m,1757771100.0,3.1626,3.1663,3.1172,3.142,2380394.65,0.0,0.0,0
15m,1757772000.0,3.142,3.1445,3.1212,3.1379,1190062.94,0.0,0.0,0
15m,1757772900.0,3.1379,3.1565,3.1368,3.1531,488114.44,0.0,0.0,0
15m,1757773800.0,3.1531,3.1563,3.1409,3.1448,662958.09,0.0,0.0,0
15m,1757774700.0,3.1448,3.1518,3.139,3.1472,226422.67,0.0,0.0,0
15m,1757775600.0,3.1472,3.1558,3.1443,3.1538,408482.24,0.0,0.0,0
15m,1757776500.0,3.1538,3.1566,3.1403,3.1423,494215.08,0.0,0.0,0
15m,1757777400.0,3.1423,3.1429,3.1224,3.1331,914107.91,0.0,0.0,0
15m,1757778300.0,3.1331,3.1365,3.1281,3.1339,399609.68,0.0,0.0,0
15m,1757779200.0,3.1339,3.1432,3.1271,3.1308,917569.19,0.0,0.0,0
15m,1757780100.0,3.1308,3.1371,3.1247,3.1329,546264.98,0.0,0.0,0
15m,1757781000.0,3.1329,3.1364,3.1145,3.126,674099.89,0.0,0.0,0
15m,1757781900.0,3.126,3.1278,3.1067,3.1107,1283058.65,0.0,0.0,0
15m,1757782800.0,3.1107,3.1145,3.0901,3.0904,1620102.95,0.0,0.0,0
15m,1757783700.0,3.0904,3.1101,3.0891,3.1052,576709.08,0.0,0.0,0
15m,1757784600.0,3.1052,3.1147,3.1037,3.1118,189356.94,0.0,0.0,0
15m,1757785500.0,3.1118,3.118,3.1111,3.1128,135099.83,0.0,0.0,0
15m,1757786400.0,3.1128,3.1128,3.1016,3.1124,489634.66,0.0,0.0,0
15m,1757787300.0,3.1124,3.118,3.1062,3.116,177095.77,0.0,0.0,0
15m,1757788200.0,3.116,3.116,3.1065,3.1141,188012.84,0.0,0.0,0
15m,1757789100.0,3.1141,3.1164,3.1115,3.1148,122872.09,0.0,0.0,0
15m,1757790000.0,3.1148,3.1181,3.1094,3.1139,248492.25,0.0,0.0,0
15m,1757790900.0,3.1139,3.1149,3.1079,3.1093,194505.27,0.0,0.0,0
15m,1757791800.0,3.1093,3.1152,3.109,3.1129,156465.36,0.0,0.0,0
15m,1757792700.0,3.1129,3.1145,3.1101,3.1111,114021.4,0.0,0.0,0
15m,1757793600.0,3.1111,3.1213,3.1093,3.1195,326285.32,0.0,0.0,0
15m,1757794500.0,3.1195,3.1216,3.1157,3.1199,182098.76,0.0,0.0,0
15m,1757795400.0,3.1199,3.1219,3.115,3.1156,114356.05,0.0,0.0,0
15m,1757796300.0,3.1156,3.1213,3.1156,3.1181,103050.93,0.0,0.0,0
15m,1757797200.0,3.1181,3.1247,3.1172,3.123,94805.9,0.0,0.0,0
15m,1757798100.0,3.123,3.1279,3.1217,3.1244,98139.03,0.0,0.0,0
15m,1757799000.0,3.1244,3.1252,3.1219,3.1229,116879.54,0.0,0.0,0
15m,1757799900.0,3.1229,3.1233,3.1168,3.1198,98392.9,0.0,0.0,0
15m,1757800800.0,3.1198,3.1235,3.1178,3.1219,80847.51,0.0,0.0,0
15m,1757801700.0,3.1219,3.122,3.1171,3.1194,64294.71,0.0,0.0,0
15m,1757802600.0,3.1194,3.1194,3.114,3.1162,76465.68,0.0,0.0,0
15m,1757803500.0,3.1162,3.1211,3.1151,3.1207,139337.3,0.0,0.0,0
15m,1757804400.0,3.1207,3.125,3.1197,3.1237,123358.3,0.0,0.0,0
15m,1757805300.0,3.1237,3.1288,3.1204,3.121,404406.97,0.0,0.0,0
15m,1757806200.0,3.121,3.1211,3.1179,3.1209,80138.6,0.0,0.0,0
15m,1757807100.0,3.1209,3.1225,3.1192,3.1192,111664.28,0.0,0.0,0
15m,1757808000.0,3.1192,3.1199,3.1157,3.1177,161137.89,0.0,0.0,0
15m,1757808900.0,3.1177,3.1211,3.1143,3.1161,154614.47,0.0,0.0,0
15m,1757809800.0,3.1161,3.1186,3.1147,3.1151,91826.29,0.0,0.0,0
15m,1757810700.0,3.1151,3.116,3.1027,3.1108,321229.21,0.0,0.0,0
15m,1757811600.0,3.1108,3.1108,3.0912,3.0915,463963.73,0.0,0.0,0
15m,1757812500.0,3.0915,3.0991,3.0852,3.0957,651079.78,0.0,0.0,0
15m,1757813400.0,3.0957,3.1036,3.0941,3.1035,209076.26,0.0,0.0,0
15m,1757814300.0,3.1035,3.118,3.1021,3.1152,277895.97,0.0,0.0,0
15m,1757815200.0,3.1152,3.1261,3.1128,3.1261,305028.68,0.0,0.0,0
15m,1757816100.0,3.1261,3.1267,3.1179,3.1182,209704.87,0.0,0.0,0
15m,1757817000.0,3.1182,3.1201,3.1061,3.1135,408532.93,0.0,0.0,0
15m,1757817900.0,3.1135,3.1256,3.1093,3.1223,334730.81,0.0,0.0,0
15m,1757818800.0,3.1223,3.1239,3.1086,3.1136,523347.52,0.0,0.0,0
15m,1757819700.0,3.1136,3.1172,3.1055,3.106,389356.56,0.0,0.0,0
15m,1757820600.0,3.106,3.1124,3.1055,3.1062,290340.44,0.0,0.0,0
15m,1757821500.0,3.1062,3.1085,3.0928,3.0948,433137.96,0.0,0.0,0
15m,1757822400.0,3.0948,3.0975,3.0884,3.0898,334992.11,0.0,0.0,0
15m,1757823300.0,3.0898,3.0988,3.0762,3.0937,902632.95,0.0,0.0,0
15m,1757824200.0,3.0937,3.1044,3.0931,3.1038,211489.27,0.0,0.0,0
15m,1757825100.0,3.1038,3.1045,3.0966,3.0992,190703.25,0.0,0.0,0
15m,1757826000.0,3.0992,3.1023,3.0973,3.0999,214830.43,0.0,0.0,0
15m,1757826900.0,3.0999,3.1051,3.0997,3.1049,145109.93,0.0,0.0,0
15m,1757827800.0,3.1049,3.1067,3.1021,3.1036,243922.55,0.0,0.0,0
15m,1757828700.0,3.1036,3.1081,3.1036,3.1072,111177.77,0.0,0.0,0
15m,1757829600.0,3.1072,3.1087,3.095,3.0972,296308.85,0.0,0.0,0
15m,1757830500.0,3.0972,3.0999,3.094,3.0966,206607.24,0.0,0.0,0
15m,1757831400.0,3.0966,3.0967,3.0882,3.089,647436.89,0.0,0.0,0
15m,1757832300.0,3.089,3.092,3.0833,3.0917,284231.3,0.0,0.0,0
15m,1757833200.0,3.0917,3.0917,3.0839,3.0879,223276.16,0.0,0.0,0
15m,1757834100.0,3.0879,3.0915,3.0859,3.0893,157006.46,0.0,0.0,0
15m,1757835000.0,3.0893,3.0907,3.0863,3.0863,244619.09,0.0,0.0,0
15m,1757835900.0,3.0863,3.0884,3.0757,3.084,595203.85,0.0,0.0,0
15m,1757836800.0,3.084,3.0841,3.0771,3.0821,358372.95,0.0,0.0,0
15m,1757837700.0,3.0821,3.0857,3.0752,3.083,372070.0,0.0,0.0,0
15m,1757838600.0,3.083,3.0899,3.0808,3.0892,243581.36,0.0,0.0,0
15m,1757839500.0,3.0892,3.0902,3.0835,3.0845,160156.71,0.0,0.0,0
15m,1757840400.0,3.0845,3.0856,3.0811,3.0841,144633.64,0.0,0.0,0
15m,1757841300.0,3.0841,3.0905,3.0821,3.0898,191731.64,0.0,0.0,0
15m,1757842200.0,3.0898,3.0954,3.0873,3.0879,287663.59,0.0,0.0,0
15m,1757843100.0,3.0879,3.0906,3.0871,3.0901,187191.54,0.0,0.0,0
15m,1757844000.0,3.0901,3.0917,3.0825,3.0826,243761.96,0.0,0.0,0
15m,1757844900.0,3.0826,3.0886,3.0809,3.0813,159504.85,0.0,0.0,0
15m,1757845800.0,3.0813,3.0853,3.0812,3.0842,68438.0,0.0,0.0,0
15m,1757846700.0,3.0842,3.0871,3.0827,3.0848,90870.13,0.0,0.0,0
15m,1757847600.0,3.0848,3.0877,3.082,3.084,143147.6,0.0,0.0,0
15m,1757848500.0,3.084,3.0851,3.0675,3.0688,633491.66,0.0,0.0,0
15m,1757849400.0,3.0688,3.0701,3.058,3.0587,648185.75,0.0,0.0,0
15m,1757850300.0,3.0587,3.0652,3.0544,3.0591,420657.88,0.0,0.0,0
15m,1757851200.0,3.0591,3.0665,3.0585,3.0644,280025.81,0.0,0.0,0
15m,1757852100.0,3.0644,3.065,3.0566,3.0619,455763.06,0.0,0.0,0
15m,1757853000.0,3.0619,3.0635,3.0479,3.0491,390917.55,0.0,0.0,0
15m,1757853900.0,3.0491,3.0529,3.0405,3.0501,301637.2,0.0,0.0,0
15m,1757854800.0,3.0501,3.0529,3.0424,3.0508,306591.91,0.0,0.0,0
15m,1757855700.0,3.0508,3.055,3.041,3.0442,484444.69,0.0,0.0,0
15m,1757856600.0,3.0442,3.05,3.0401,3.0498,270847.57,0.0,0.0,0
15m,1757857500.0,3.0498,3.0498,3.0279,3.0375,1170680.14,0.0,0.0,0
15m,1757858400.0,3.0375,3.0494,3.0338,3.0457,323223.65,0.0,0.0,0
15m,1757859300.0,3.0457,3.0461,3.0224,3.0283,882606.88,0.0,0.0,0
15m,1757860200.0,3.0283,3.033,3.0115,3.0129,1599870.29,0.0,0.0,0
15m,1757861100.0,3.0129,3.0265,3.01,3.0256,828384.75,0.0,0.0,0
15m,1757862000.0,3.0256,3.0289,3.014,3.0184,535672.38,0.0,0.0,0
15m,1757862900.0,3.0184,3.0347,3.0184,3.0328,722648.03,0.0,0.0,0
15m,1757863800.0,3.0328,3.0389,3.0284,3.0311,421339.28,0.0,0.0,0
15m,1757864700.0,3.0311,3.0346,3.0287,3.0315,179713.56,0.0,0.0,0
15m,1757865600.0,3.0315,3.0428,3.0282,3.0377,495549.04,0.0,0.0,0
15m,1757866500.0,3.0377,3.0441,3.036,3.043,228180.39,0.0,0.0,0
15m,1757867400.0,3.043,3.0465,3.04,3.0464,266961.59,0.0,0.0,0
15m,1757868300.0,3.0464,3.0469,3.0412,3.0428,546349.35,0.0,0.0,0
15m,1757869200.0,3.0428,3.0453,3.0386,3.0447,342134.5,0.0,0.0,0
15m,1757870100.0,3.0447,3.0538,3.0447,3.0533,383067.31,0.0,0.0,0
15m,1757871000.0,3.0533,3.0568,3.0516,3.054,326759.09,0.0,0.0,0
15m,1757871900.0,3.054,3.0595,3.0539,3.0541,372442.64,0.0,0.0,0
15m,1757872800.0,3.0541,3.0545,3.0479,3.0491,369298.65,0.0,0.0,0
15m,1757873700.0,3.0491,3.0498,3.042,3.0431,212803.13,0.0,0.0,0
15m,1757874600.0,3.0431,3.0458,3.0389,3.0391,215107.69,0.0,0.0,0
15m,1757875500.0,3.0391,3.0408,3.0326,3.0366,229573.75,0.0,0.0,0
15m,1757876400.0,3.0366,3.0423,3.0293,3.0399,344216.2,0.0,0.0,0
15m,1757877300.0,3.0399,3.0455,3.0392,3.0449,272550.57,0.0,0.0,0
15m,1757878200.0,3.0449,3.0466,3.0375,3.0399,308139.15,0.0,0.0,0
15m,1757879100.0,3.0399,3.0422,3.0331,3.0378,239042.73,0.0,0.0,0
15m,1757880000.0,3.0378,3.0436,3.0356,3.0422,117938.18,0.0,0.0,0
15m,1757880900.0,3.0422,3.0435,3.0381,3.0393,139254.37,0.0,0.0,0
15m,1757881800.0,3.0393,3.0409,3.0341,3.0404,208857.45,0.0,0.0,0
15m,1757882700.0,3.0404,3.0411,3.0368,3.0383,114437.57,0.0,0.0,0
15m,1757883600.0,3.0383,3.0406,3.0273,3.0342,571944.5,0.0,0.0,0
15m,1757884500.0,3.0342,3.0409,3.0332,3.0373,187176.21,0.0,0.0,0
15m,1757885400.0,3.0373,3.0476,3.0373,3.0476,124055.13,0.0,0.0,0
15m,1757886300.0,3.0476,3.0523,3.0446,3.0478,286636.34,0.0,0.0,0
15m,1757887200.0,3.0478,3.0501,3.0402,3.0404,335524.9,0.0,0.0,0
15m,1757888100.0,3.0404,3.0447,3.039,3.0447,180805.92,0.0,0.0,0
15m,1757889000.0,3.0447,3.0547,3.0436,3.053,628827.73,0.0,0.0,0
15m,1757889900.0,3.053,3.0575,3.0507,3.0512,141206.39,0.0,0.0,0
15m,1757890800.0,3.0512,3.0512,3.0341,3.0346,358301.91,0.0,0.0,0
15m,1757891700.0,3.0346,3.0396,3.0294,3.0324,352503.53,0.0,0.0,0
15m,1757892600.0,3.0324,3.0328,3.0251,3.0321,323957.01,0.0,0.0,0
15m,1757893500.0,3.0321,3.0336,3.0253,3.0279,322602.81,0.0,0.0,0
15m,1757894400.0,3.0279,3.0388,3.0271,3.0359,246744.29,0.0,0.0,0
15m,1757895300.0,3.0359,3.0451,3.0294,3.0439,260420.64,0.0,0.0,0
15m,1757896200.0,3.0439,3.0446,3.0343,3.0348,317179.58,0.0,0.0,0
15m,1757897100.0,3.0348,3.0409,3.0332,3.0351,249275.31,0.0,0.0,0
15m,1757898000.0,3.0351,3.0364,3.0185,3.0185,637634.2,0.0,0.0,0
15m,1757898900.0,3.0185,3.0323,3.0119,3.0323,553480.88,0.0,0.0,0
15m,1757899800.0,3.0323,3.0478,3.0319,3.0423,433636.44,0.0,0.0,0
15m,1757900700.0,3.0423,3.0474,3.0369,3.0398,220564.02,0.0,0.0,0
15m,1757901600.0,3.0398,3.0486,3.0398,3.0472,246180.72,0.0,0.0,0
15m,1757902500.0,3.0472,3.0499,3.0417,3.0424,229649.88,0.0,0.0,0
15m,1757903400.0,3.0424,3.0424,3.0329,3.038,290756.74,0.0,0.0,0
15m,1757904300.0,3.038,3.0418,3.0345,3.0361,133974.89,0.0,0.0,0
15m,1757905200.0,3.0361,3.0465,3.0348,3.0443,231558.24,0.0,0.0,0
15m,1757906100.0,3.0443,3.0467,3.0407,3.0424,378881.8,0.0,0.0,0
15m,1757907000.0,3.0424,3.0483,3.04,3.0463,156127.71,0.0,0.0,0
15m,1757907900.0,3.0463,3.0524,3.0463,3.0481,358334.98,0.0,0.0,0
15m,1757908800.0,3.0481,3.0507,3.0442,3.0457,213324.12,0.0,0.0,0
15m,1757909700.0,3.0457,3.0574,3.0437,3.0529,446679.96,0.0,0.0,0
15m,1757910600.0,3.0529,3.056,3.0498,3.054,188370.48,0.0,0.0,0
15m,1757911500.0,3.054,3.0573,3.0501,3.0511,211040.13,0.0,0.0,0
15m,1757912400.0,3.0511,3.0606,3.0488,3.0601,243452.43,0.0,0.0,0
15m,1757913300.0,3.0601,3.066,3.0581,3.0631,491589.19,0.0,0.0,0
15m,1757914200.0,3.0631,3.0651,3.0612,3.0612,136800.05,0.0,0.0,0
15m,1757915100.0,3.0612,3.0669,3.0609,3.0661,231626.9,0.0,0.0,0
15m,1757916000.0,3.0661,3.0661,3.0598,3.0612,424752.63,0.0,0.0,0
15m,1757916900.0,3.0612,3.0612,3.0462,3.0469,640879.22,0.0,0.0,0
15m,1757917800.0,3.0469,3.0497,3.0307,3.0347,860389.07,0.0,0.0,0
15m,1757918700.0,3.0347,3.0373,3.0251,3.0356,427449.16,0.0,0.0,0
15m,1757919600.0,3.0356,3.0428,3.0347,3.0428,170631.08,0.0,0.0,0
15m,1757920500.0,3.0428,3.0485,3.0351,3.0355,251543.7,0.0,0.0,0
15m,1757921400.0,3.0355,3.0355,3.0123,3.0236,1409090.31,0.0,0.0,0
15m,1757922300.0,3.0236,3.0289,3.0201,3.0232,598126.58,0.0,0.0,0
15m,1757923200.0,3.0232,3.0238,2.9687,2.9909,4584482.0,0.0,0.0,0
15m,1757924100.0,2.9909,2.9958,2.9826,2.9859,1133438.21,0.0,0.0,0
15m,1757925000.0,2.9859,2.991,2.9745,2.981,901286.46,0.0,0.0,0
15m,1757925900.0,2.981,2.982,2.9555,2.9594,2258273.32,0.0,0.0,0
15m,1757926800.0,2.9594,2.9809,2.9537,2.973,1649462.72,0.0,0.0,0
15m,1757927700.0,2.973,2.9826,2.9669,2.9795,502173.53,0.0,0.0,0
15m,1757928600.0,2.9795,2.9841,2.9775,2.9817,373193.8,0.0,0.0,0
15m,1757929500.0,2.9817,2.9825,2.9761,2.9774,306542.28,0.0,0.0,0
15m,1757930400.0,2.9774,2.9779,2.967,2.9699,555702.23,0.0,0.0,0
15m,1757931300.0,2.9699,2.9757,2.9679,2.9743,573438.44,0.0,0.0,0
15m,1757932200.0,2.9743,2.9796,2.9688,2.978,284491.29,0.0,0.0,0
15m,1757933100.0,2.978,2.9819,2.975,2.9794,173964.72,0.0,0.0,0
15m,1757934000.0,2.9794,2.9897,2.977,2.9896,430069.81,0.0,0.0,0
15m,1757934900.0,2.9896,2.9949,2.9848,2.989,674401.62,0.0,0.0,0
15m,1757935800.0,2.989,2.9955,2.9868,2.9937,359449.14,0.0,0.0,0
15m,1757936700.0,2.9937,3.0006,2.9912,2.9995,481659.48,0.0,0.0,0
15m,1757937600.0,2.9995,3.0005,2.9863,2.9936,542272.62,0.0,0.0,0
15m,1757938500.0,2.9936,3.0006,2.9878,2.9879,373638.58,0.0,0.0,0
15m,1757939400.0,2.9879,2.9965,2.9873,2.9954,272793.2,0.0,0.0,0
15m,1757940300.0,2.9954,2.9987,2.9869,2.9893,716805.37,0.0,0.0,0
15m,1757941200.0,2.9893,2.9941,2.9844,2.9923,405141.66,0.0,0.0,0
15m,1757942100.0,2.9923,3.0079,2.989,3.0073,494591.21,0.0,0.0,0
15m,1757943000.0,3.0073,3.0429,3.0066,3.0171,2160396.85,0.0,0.0,0
15m,1757943900.0,3.0171,3.0365,3.0149,3.0226,902801.26,0.0,0.0,0
15m,1757944800.0,3.0226,3.0279,3.0064,3.0268,1135339.95,0.0,0.0,0
15m,1757945700.0,3.0268,3.0302,3.0143,3.0282,447150.97,0.0,0.0,0
15m,1757946600.0,3.0282,3.0294,3.0071,3.0137,467998.79,0.0,0.0,0
15m,1757947500.0,3.0137,3.0189,3.0047,3.0052,246996.19,0.0,0.0,0
15m,1757948400.0,3.0052,3.0156,3.0051,3.0079,357064.52,0.0,0.0,0
15m,1757949300.0,3.0079,3.04,3.0004,3.0251,1719301.58,0.0,0.0,0
15m,1757950200.0,3.0251,3.0264,3.0075,3.0106,1006687.07,0.0,0.0,0
15m,1757951100.0,3.0106,3.03,3.0062,3.0276,500964.53,0.0,0.0,0
15m,1757952000.0,3.0276,3.0358,3.0221,3.0241,798935.52,0.0,0.0,0
15m,1757952900.0,3.0241,3.0289,3.0137,3.0189,259324.57,0.0,0.0,0
15m,1757953800.0,3.0189,3.026,3.0152,3.026,245418.19,0.0,0.0,0
15m,1757954700.0,3.026,3.0264,3.0021,3.006,275797.34,0.0,0.0,0
15m,1757955600.0,3.006,3.014,3.0044,3.0125,230093.91,0.0,0.0,0
15m,1757956500.0,3.0125,3.0169,2.9958,3.0012,470737.69,0.0,0.0,0
15m,1757957400.0,3.0012,3.006,2.9924,3.0039,437028.49,0.0,0.0,0
15m,1757958300.0,3.0039,3.0097,2.9964,3.0091,353137.04,0.0,0.0,0
15m,1757959200.0,3.0091,3.0099,2.9974,3.0014,195261.66,0.0,0.0,0
15m,1757960100.0,3.0014,3.0045,2.9954,2.9977,184364.04,0.0,0.0,0
15m,1757961000.0,2.9977,3.0045,2.9968,2.9985,141112.46,0.0,0.0,0
15m,1757961900.0,2.9985,3.0114,2.9956,3.0087,179459.99,0.0,0.0,0
15m,1757962800.0,3.0087,3.0163,3.0003,3.0021,224194.42,0.0,0.0,0
15m,1757963700.0,3.0021,3.0027,2.9942,2.995,255676.04,0.0,0.0,0
15m,1757964600.0,2.995,3.0029,2.9865,3.0015,433751.47,0.0,0.0,0
15m,1757965500.0,3.0015,3.0036,2.9878,2.9881,333183.94,0.0,0.0,0
15m,1757966400.0,2.9881,2.997,2.9797,2.9958,543671.86,0.0,0.0,0
15m,1757967300.0,2.9958,2.9974,2.9879,2.9902,154271.72,0.0,0.0,0
15m,1757968200.0,2.9902,2.9914,2.9858,2.991,133774.79,0.0,0.0,0
15m,1757969100.0,2.991,2.9984,2.9896,2.9977,141286.49,0.0,0.0,0
15m,1757970000.0,2.9977,2.9988,2.9899,2.9916,173804.3,0.0,0.0,0
15m,1757970900.0,2.9916,2.9999,2.9911,2.9999,51281.67,0.0,0.0,0
15m,1757971800.0,2.9999,3.0039,2.9972,3.003,89682.4,0.0,0.0,0
15m,1757972700.0,3.003,3.0039,2.9984,2.999,83743.22,0.0,0.0,0
15m,1757973600.0,2.999,3.0012,2.9867,2.9932,784605.19,0.0,0.0,0
15m,1757974500.0,2.9932,2.9982,2.9916,2.9968,180478.88,0.0,0.0,0
15m,1757975400.0,2.9968,2.9976,2.9865,2.9892,233623.98,0.0,0.0,0
15m,1757976300.0,2.9892,2.9917,2.9873,2.9912,94159.45,0.0,0.0,0
15m,1757977200.0,2.9912,2.9915,2.9854,2.9884,156073.93,0.0,0.0,0
15m,1757978100.0,2.9884,2.9981,2.9878,2.9973,115377.09,0.0,0.0,0
15m,1757979000.0,2.9973,2.9988,2.9942,2.9953,293890.49,0.0,0.0,0
15m,1757979900.0,2.9953,2.998,2.992,2.9971,196214.83,0.0,0.0,0
15m,1757980800.0,2.9971,2.9971,2.9891,2.9891,191433.18,0.0,0.0,0
15m,1757981700.0,2.9891,2.9917,2.9805,2.9828,268647.38,0.0,0.0,0
15m,1757982600.0,2.9828,2.9872,2.9816,2.9848,242775.2,0.0,0.0,0
15m,1757983500.0,2.9848,2.9865,2.9772,2.9865,337416.68,0.0,0.0,0
15m,1757984400.0,2.9865,2.9986,2.9853,2.9923,270158.49,0.0,0.0,0
15m,1757985300.0,2.9923,2.9992,2.9921,2.996,469086.52,0.0,0.0,0
15m,1757986200.0,2.996,2.9986,2.9878,2.9889,276763.83,0.0,0.0,0
15m,1757987100.0,2.9889,2.9948,2.9835,2.985,297407.19,0.0,0.0,0
15m,1757988000.0,2.985,2.9905,2.9817,2.9885,318707.26,0.0,0.0,0
15m,1757988900.0,2.9885,2.9935,2.9861,2.9862,188673.73,0.0,0.0,0
15m,1757989800.0,2.9862,2.9922,2.9835,2.985,262456.06,0.0,0.0,0
15m,1757990700.0,2.985,2.9852,2.9797,2.9797,186105.25,0.0,0.0,0
15m,1757991600.0,2.9797,2.9842,2.978,2.9807,196737.42,0.0,0.0,0
15m,1757992500.0,2.9807,2.9847,2.9792,2.9811,189751.59,0.0,0.0,0
15m,1757993400.0,2.9811,2.99,2.9808,2.9855,425187.01,0.0,0.0,0
15m,1757994300.0,2.9855,2.9863,2.9788,2.9791,316488.21,0.0,0.0,0
15m,1757995200.0,2.9791,2.9816,2.9698,2.9707,385264.38,0.0,0.0,0
15m,1757996100.0,2.9707,2.9769,2.9641,2.9769,311928.69,0.0,0.0,0
15m,1757997000.0,2.9769,2.9777,2.968,2.9717,250742.68,0.0,0.0,0
15m,1757997900.0,2.9717,2.9826,2.9699,2.9813,349879.32,0.0,0.0,0
15m,1757998800.0,2.9813,2.993,2.9793,2.9898,408363.0,0.0,0.0,0
15m,1757999700.0,2.9898,2.9932,2.9854,2.9913,497064.72,0.0,0.0,0
15m,1758000600.0,2.9913,2.9971,2.9898,2.9971,348545.52,0.0,0.0,0
15m,1758001500.0,2.9971,3.0077,2.9941,3.005,562298.11,0.0,0.0,0
15m,1758002400.0,3.005,3.0055,2.996,3.0025,609249.78,0.0,0.0,0
15m,1758003300.0,3.0025,3.0033,2.9899,2.9905,422503.85,0.0,0.0,0
15m,1758004200.0,2.9905,2.9905,2.9786,2.9835,424199.79,0.0,0.0,0
15m,1758005100.0,2.9835,2.9869,2.9812,2.9836,235742.52,0.0,0.0,0
15m,1758006000.0,2.9836,2.9895,2.9835,2.9874,276484.94,0.0,0.0,0
15m,1758006900.0,2.9874,2.9946,2.9867,2.9936,266059.54,0.0,0.0,0
15m,1758007800.0,2.9936,2.997,2.99,2.9969,234138.28,0.0,0.0,0
15m,1758008700.0,2.9969,3.0139,2.9962,3.0079,723420.03,0.0,0.0,0
15m,1758009600.0,3.0079,3.0164,3.0036,3.016,409033.95,0.0,0.0,0
15m,1758010500.0,3.016,3.024,3.0158,3.0199,871097.67,0.0,0.0,0
15m,1758011400.0,3.0199,3.0311,3.0173,3.0222,675223.75,0.0,0.0,0
15m,1758012300.0,3.0222,3.0496,3.0198,3.0347,1775057.54,0.0,0.0,0
15m,1758013200.0,3.0347,3.039,3.0281,3.0318,559896.31,0.0,0.0,0
15m,1758014100.0,3.0318,3.0392,3.0273,3.0284,483954.74,0.0,0.0,0
15m,1758015000.0,3.0284,3.0332,3.0224,3.0232,600012.8,0.0,0.0,0
15m,1758015900.0,3.0232,3.0295,3.0213,3.0294,251646.16,0.0,0.0,0
15m,1758016800.0,3.0294,3.0328,3.0239,3.0288,413230.4,0.0,0.0,0
15m,1758017700.0,3.0288,3.0345,3.0262,3.0327,361244.02,0.0,0.0,0
15m,1758018600.0,3.0327,3.0352,3.0267,3.0302,348294.54,0.0,0.0,0
15m,1758019500.0,3.0302,3.0361,3.0181,3.022,777418.69,0.0,0.0,0
15m,1758020400.0,3.022,3.0303,3.0214,3.0271,344352.48,0.0,0.0,0
15m,1758021300.0,3.0271,3.0336,3.0253,3.0287,316406.24,0.0,0.0,0
15m,1758022200.0,3.0287,3.0341,3.0285,3.0305,236566.48,0.0,0.0,0
15m,1758023100.0,3.0305,3.032,3.0281,3.029,171808.92,0.0,0.0,0
15m,1758024000.0,3.029,3.0312,3.0251,3.0297,168406.94,0.0,0.0,0
15m,1758024900.0,3.0297,3.0369,3.0284,3.0324,279723.36,0.0,0.0,0
15m,1758025800.0,3.0324,3.0379,3.0302,3.0352,320612.5,0.0,0.0,0
15m,1758026700.0,3.0352,3.0403,3.0316,3.038,291390.28,0.0,0.0,0
15m,1758027600.0,3.038,3.0436,3.0358,3.0358,280108.37,0.0,0.0,0
15m,1758028500.0,3.0358,3.0478,3.0342,3.0447,412236.34,0.0,0.0,0
15m,1758029400.0,3.0447,3.0463,3.0196,3.0209,650445.6,0.0,0.0,0
15m,1758030300.0,3.0209,3.0262,3.0004,3.0248,2061728.89,0.0,0.0,0
15m,1758031200.0,3.0248,3.0248,3.0033,3.0119,747171.8,0.0,0.0,0
15m,1758032100.0,3.0119,3.0228,3.0061,3.0212,996640.07,0.0,0.0,0
15m,1758033000.0,3.0212,3.0235,3.0143,3.0194,497939.98,0.0,0.0,0
15m,1758033900.0,3.0194,3.0312,3.0185,3.0286,266209.14,0.0,0.0,0
15m,1758034800.0,3.0286,3.03,3.0211,3.0229,364019.85,0.0,0.0,0
15m,1758035700.0,3.0229,3.0346,3.0229,3.0318,310500.47,0.0,0.0,0
15m,1758036600.0,3.0318,3.0345,3.0289,3.0322,290946.2,0.0,0.0,0
15m,1758037500.0,3.0322,3.0415,3.0304,3.039,387557.54,0.0,0.0,0
15m,1758038400.0,3.039,3.0401,3.032,3.0374,793543.18,0.0,0.0,0
15m,1758039300.0,3.0374,3.0395,3.0305,3.037,389113.97,0.0,0.0,0
15m,1758040200.0,3.037,3.0439,3.0367,3.0412,476358.95,0.0,0.0,0
15m,1758041100.0,3.0412,3.0504,3.0391,3.0466,483643.18,0.0,0.0,0
15m,1758042000.0,3.0466,3.0549,3.0455,3.0546,575720.45,0.0,0.0,0
15m,1758042900.0,3.0546,3.0586,3.0463,3.0488,827175.54,0.0,0.0,0
15m,1758043800.0,3.0488,3.0518,3.042,3.0452,516601.92,0.0,0.0,0
15m,1758044700.0,3.0452,3.0511,3.043,3.0475,225380.28,0.0,0.0,0
15m,1758045600.0,3.0475,3.0519,3.045,3.0476,297400.42,0.0,0.0,0
15m,1758046500.0,3.0476,3.0515,3.0435,3.0451,241838.23,0.0,0.0,0
15m,1758047400.0,3.0451,3.0458,3.0357,3.0396,381779.86,0.0,0.0,0
15m,1758048300.0,3.0396,3.0424,3.0375,3.0401,211030.8,0.0,0.0,0
15m,1758049200.0,3.0401,3.0444,3.0359,3.0415,203168.87,0.0,0.0,0
15m,1758050100.0,3.0415,3.0445,3.0368,3.0394,340553.15,0.0,0.0,0
15m,1758051000.0,3.0394,3.041,3.0353,3.0381,325678.91,0.0,0.0,0
15m,1758051900.0,3.0381,3.0536,3.0381,3.052,613097.33,0.0,0.0,0
15m,1758052800.0,3.052,3.052,3.0464,3.0483,490424.66,0.0,0.0,0
15m,1758053700.0,3.0483,3.0497,3.042,3.0462,228155.41,0.0,0.0,0
15m,1758054600.0,3.0462,3.0495,3.0438,3.0491,124123.6,0.0,0.0,0
15m,1758055500.0,3.0491,3.0503,3.0466,3.0477,109900.39,0.0,0.0,0
15m,1758056400.0,3.0477,3.0522,3.0471,3.0471,207514.07,0.0,0.0,0
15m,1758057300.0,3.0471,3.0518,3.047,3.0501,164393.3,0.0,0.0,0
15m,1758058200.0,3.0501,3.0568,3.0499,3.0537,282108.31,0.0,0.0,0
15m,1758059100.0,3.0537,3.0559,3.0508,3.0542,158501.8,0.0,0.0,0
15m,1758060000.0,3.0542,3.0579,3.0535,3.0561,240009.44,0.0,0.0,0
15m,1758060900.0,3.0561,3.0567,3.0497,3.0503,132505.34,0.0,0.0,0
15m,1758061800.0,3.0503,3.051,3.0466,3.0505,131248.75,0.0,0.0,0
15m,1758062700.0,3.0505,3.0516,3.0471,3.0471,58585.13,0.0,0.0,0
15m,1758063600.0,3.0471,3.0481,3.0438,3.0439,69254.87,0.0,0.0,0
15m,1758064500.0,3.0439,3.0448,3.0404,3.0409,227738.69,0.0,0.0,0
15m,1758065400.0,3.0409,3.0427,3.0364,3.0383,138015.15,0.0,0.0,0
15m,1758066300.0,3.0383,3.0396,3.0356,3.038,89436.02,0.0,0.0,0
15m,1758067200.0,3.038,3.0401,3.0334,3.0354,123818.39,0.0,0.0,0
15m,1758068100.0,3.0354,3.0416,3.0354,3.0397,252193.85,0.0,0.0,0
15m,1758069000.0,3.0397,3.0427,3.038,3.0417,189811.41,0.0,0.0,0
15m,1758069900.0,3.0417,3.0417,3.0345,3.0358,195460.37,0.0,0.0,0
15m,1758070800.0,3.0358,3.0403,3.0347,3.0401,141112.21,0.0,0.0,0
15m,1758071700.0,3.0401,3.0454,3.0379,3.0449,171858.33,0.0,0.0,0
15m,1758072600.0,3.0449,3.0454,3.0375,3.0376,107141.48,0.0,0.0,0
15m,1758073500.0,3.0376,3.04,3.0346,3.0399,135523.99,0.0,0.0,0
15m,1758074400.0,3.0399,3.0401,3.0345,3.0359,105283.45,0.0,0.0,0
15m,1758075300.0,3.0359,3.0387,3.0312,3.0323,292761.85,0.0,0.0,0
15m,1758076200.0,3.0323,3.0439,3.0311,3.0402,941599.98,0.0,0.0,0
15m,1758077100.0,3.0402,3.0477,3.0373,3.0374,388719.72,0.0,0.0,0
15m,1758078000.0,3.0374,3.0378,3.0319,3.0321,336464.91,0.0,0.0,0
15m,1758078900.0,3.0321,3.0362,3.0297,3.0318,336889.48,0.0,0.0,0
15m,1758079800.0,3.0318,3.0329,3.0204,3.0222,259940.16,0.0,0.0,0
15m,1758080700.0,3.0222,3.0227,3.0157,3.0165,511404.67,0.0,0.0,0
15m,1758081600.0,3.0165,3.0197,3.0152,3.0175,256833.56,0.0,0.0,0
15m,1758082500.0,3.0175,3.0182,3.0104,3.0108,223541.74,0.0,0.0,0
15m,1758083400.0,3.0108,3.0131,3.0079,3.0111,230110.29,0.0,0.0,0
15m,1758084300.0,3.0111,3.0115,3.0058,3.0111,226031.66,0.0,0.0,0
15m,1758085200.0,3.0111,3.0166,3.0108,3.0162,345267.49,0.0,0.0,0
15m,1758086100.0,3.0162,3.0171,3.0082,3.0082,502826.08,0.0,0.0,0
15m,1758087000.0,3.0082,3.0158,3.0082,3.0149,197616.88,0.0,0.0,0
15m,1758087900.0,3.0149,3.0211,3.0067,3.0204,372014.12,0.0,0.0,0
15m,1758088800.0,3.0204,3.0215,3.0172,3.0199,289283.78,0.0,0.0,0
15m,1758089700.0,3.0199,3.0221,3.0141,3.0165,530497.16,0.0,0.0,0
15m,1758090600.0,3.0165,3.0229,3.0152,3.0228,239665.08,0.0,0.0,0
15m,1758091500.0,3.0228,3.0252,3.0202,3.0236,260632.92,0.0,0.0,0
15m,1758092400.0,3.0236,3.0265,3.0204,3.0263,230508.12,0.0,0.0,0
15m,1758093300.0,3.0263,3.0389,3.0256,3.0369,529745.2,0.0,0.0,0
15m,1758094200.0,3.0369,3.0383,3.035,3.0354,195659.07,0.0,0.0,0
15m,1758095100.0,3.0354,3.0373,3.0337,3.0342,144007.97,0.0,0.0,0
15m,1758096000.0,3.0342,3.0345,3.0202,3.0202,423742.1,0.0,0.0,0
15m,1758096900.0,3.0202,3.0229,3.0183,3.0213,253593.12,0.0,0.0,0
15m,1758097800.0,3.0213,3.0213,3.0142,3.0153,547527.25,0.0,0.0,0
15m,1758098700.0,3.0153,3.0218,3.0149,3.0206,232258.24,0.0,0.0,0
15m,1758099600.0,3.0206,3.0206,3.016,3.0178,175626.31,0.0,0.0,0
15m,1758100500.0,3.0178,3.0178,3.014,3.0167,173435.0,0.0,0.0,0
15m,1758101400.0,3.0167,3.0175,3.0145,3.0148,200698.6,0.0,0.0,0
15m,1758102300.0,3.0148,3.0177,3.0145,3.0147,180478.73,0.0,0.0,0
15m,1758103200.0,3.0147,3.0188,3.0146,3.0162,262118.8,0.0,0.0,0
15m,1758104100.0,3.0162,3.0201,3.0033,3.0074,638047.43,0.0,0.0,0
15m,1758105000.0,3.0074,3.0111,3.006,3.0098,100290.1,0.0,0.0,0
15m,1758105900.0,3.0098,3.0134,3.0081,3.0127,319270.9,0.0,0.0,0
15m,1758106800.0,3.0127,3.0143,3.0096,3.0136,121826.32,0.0,0.0,0
15m,1758107700.0,3.0136,3.0136,3.0074,3.0125,147455.82,0.0,0.0,0
15m,1758108600.0,3.0125,3.0125,3.008,3.0088,344785.92,0.0,0.0,0
15m,1758109500.0,3.0088,3.0115,3.008,3.0087,143608.88,0.0,0.0,0
15m,1758110400.0,3.0087,3.0178,3.0085,3.0174,160407.64,0.0,0.0,0
15m,1758111300.0,3.0174,3.023,3.0137,3.0216,353484.79,0.0,0.0,0
15m,1758112200.0,3.0216,3.0241,3.0185,3.0216,221531.75,0.0,0.0,0
15m,1758113100.0,3.0216,3.0259,3.019,3.024,210815.9,0.0,0.0,0
15m,1758114000.0,3.024,3.0256,3.0182,3.0199,152241.08,0.0,0.0,0
15m,1758114900.0,3.0199,3.0304,3.019,3.0297,187620.59,0.0,0.0,0
15m,1758115800.0,3.0297,3.0376,3.0202,3.0227,457104.77,0.0,0.0,0
15m,1758116700.0,3.0227,3.0328,3.0185,3.0231,504424.68,0.0,0.0,0
15m,1758117600.0,3.0231,3.0299,3.0187,3.0299,329818.26,0.0,0.0,0
15m,1758118500.0,3.0299,3.0302,3.017,3.0207,409859.39,0.0,0.0,0
15m,1758119400.0,3.0207,3.0238,3.0127,3.0127,521670.47,0.0,0.0,0
15m,1758120300.0,3.0127,3.017,3.0086,3.014,265706.25,0.0,0.0,0
15m,1758121200.0,3.014,3.02,3.0131,3.0191,177815.07,0.0,0.0,0
15m,1758122100.0,3.0191,3.0238,3.0163,3.0169,181578.88,0.0,0.0,0
15m,1758123000.0,3.0169,3.0229,3.0166,3.0229,164601.43,0.0,0.0,0
15m,1758123900.0,3.0229,3.0259,3.0197,3.0226,245136.29,0.0,0.0,0
15m,1758124800.0,3.0226,3.0226,3.0105,3.0135,302781.43,0.0,0.0,0
15m,1758125700.0,3.0135,3.0171,3.0099,3.0171,191316.27,0.0,0.0,0
15m,1758126600.0,3.0171,3.0195,3.0128,3.0187,383819.5,0.0,0.0,0
15m,1758127500.0,3.0187,3.0244,3.0173,3.0218,224598.68,0.0,0.0,0
15m,1758128400.0,3.0218,3.0234,3.0179,3.0206,138431.09,0.0,0.0,0
15m,1758129300.0,3.0206,3.0289,3.0191,3.0289,190093.19,0.0,0.0,0
15m,1758130200.0,3.0289,3.0477,3.0289,3.0405,1248179.16,0.0,0.0,0
15m,1758131100.0,3.0405,3.0685,3.0143,3.0166,2303066.15,0.0,0.0,0
15m,1758132000.0,3.0166,3.0645,3.0104,3.0168,8398872.5,0.0,0.0,0
15m,1758132900.0,3.0168,3.0413,3.0056,3.0371,2380385.85,0.0,0.0,0
15m,1758133800.0,3.0371,3.0381,2.9908,2.994,2922701.76,0.0,0.0,0
15m,1758134700.0,2.994,3.0081,2.9823,2.9977,2689785.27,0.0,0.0,0
15m,1758135600.0,2.9977,3.0304,2.9953,3.0191,1710760.19,0.0,0.0,0
15m,1758136500.0,3.0191,3.034,3.0104,3.0278,1011193.92,0.0,0.0,0
15m,1758137400.0,3.0278,3.0429,3.0243,3.0385,645398.91,0.0,0.0,0
15m,1758138300.0,3.0385,3.0419,3.0318,3.0321,729687.89,0.0,0.0,0
15m,1758139200.0,3.0321,3.0498,3.032,3.045,549116.52,0.0,0.0,0
15m,1758140100.0,3.045,3.0482,3.0306,3.0306,448894.95,0.0,0.0,0
15m,1758141000.0,3.0306,3.0323,3.0201,3.0253,360631.78,0.0,0.0,0
15m,1758141900.0,3.0253,3.0303,3.0128,3.0151,321771.88,0.0,0.0,0
15m,1758142800.0,3.0151,3.0236,3.0059,3.0233,386365.9,0.0,0.0,0
15m,1758143700.0,3.0233,3.03,3.0208,3.0239,234679.33,0.0,0.0,0
15m,1758144600.0,3.0239,3.0331,3.0223,3.0331,247242.52,0.0,0.0,0
15m,1758145500.0,3.0331,3.0393,3.0269,3.0321,259345.79,0.0,0.0,0
15m,1758146400.0,3.0321,3.0578,3.0321,3.055,719841.39,0.0,0.0,0
15m,1758147300.0,3.055,3.0695,3.0494,3.0679,1088733.31,0.0,0.0,0
15m,1758148200.0,3.0679,3.0762,3.0671,3.0755,928026.1,0.0,0.0,0
15m,1758149100.0,3.0755,3.0913,3.0714,3.087,1320158.31,0.0,0.0,0
15m,1758150000.0,3.087,3.1076,3.087,3.0921,1610210.98,0.0,0.0,0
15m,1758150900.0,3.0921,3.0939,3.0732,3.0807,844127.43,0.0,0.0,0
15m,1758151800.0,3.0807,3.0896,3.0697,3.0714,903483.51,0.0,0.0,0
15m,1758152700.0,3.0714,3.0853,3.0709,3.0841,402235.05,0.0,0.0,0
15m,1758153600.0,3.0841,3.094,3.0821,3.0931,580092.05,0.0,0.0,0
15m,1758154500.0,3.0931,3.0949,3.077,3.08,633808.82,0.0,0.0,0
15m,1758155400.0,3.08,3.09,3.0785,3.0873,677455.63,0.0,0.0,0
15m,1758156300.0,3.0873,3.089,3.0751,3.0759,636174.04,0.0,0.0,0
15m,1758157200.0,3.0759,3.0856,3.071,3.084,387608.97,0.0,0.0,0
15m,1758158100.0,3.084,3.089,3.0785,3.0826,477508.56,0.0,0.0,0
15m,1758159000.0,3.0826,3.0979,3.0787,3.0968,879960.0,0.0,0.0,0
15m,1758159900.0,3.0968,3.0995,3.0897,3.0927,342517.04,0.0,0.0,0
15m,1758160800.0,3.0927,3.0949,3.0852,3.0881,274437.14,0.0,0.0,0
15m,1758161700.0,3.0881,3.0891,3.0801,3.082,232648.91,0.0,0.0,0
15m,1758162600.0,3.082,3.0893,3.0809,3.0835,244018.85,0.0,0.0,0
15m,1758163500.0,3.0835,3.0959,3.0831,3.0954,369554.26,0.0,0.0,0
15m,1758164400.0,3.0954,3.1094,3.0921,3.109,1169579.87,0.0,0.0,0
15m,1758165300.0,3.109,3.1117,3.101,3.106,930618.2,0.0,0.0,0
15m,1758166200.0,3.106,3.1097,3.1015,3.1067,748539.82,0.0,0.0,0
15m,1758167100.0,3.1067,3.1104,3.1025,3.1055,495140.41,0.0,0.0,0
15m,1758168000.0,3.1055,3.1075,3.1003,3.1024,445637.43,0.0,0.0,0
15m,1758168900.0,3.1024,3.1057,3.097,3.0977,690536.62,0.0,0.0,0
15m,1758169800.0,3.0977,3.1016,3.0929,3.0971,604905.72,0.0,0.0,0
15m,1758170700.0,3.0971,3.0998,3.0917,3.0986,567091.83,0.0,0.0,0
15m,1758171600.0,3.0986,3.0988,3.0929,3.0936,343121.79,0.0,0.0,0
15m,1758172500.0,3.0936,3.0953,3.0842,3.0845,495457.98,0.0,0.0,0
15m,1758173400.0,3.0845,3.086,3.0777,3.0809,709537.72,0.0,0.0,0
15m,1758174300.0,3.0809,3.0828,3.0778,3.0807,200780.4,0.0,0.0,0
15m,1758175200.0,3.0807,3.0829,3.0601,3.0612,1001759.55,0.0,0.0,0
15m,1758176100.0,3.0612,3.0673,3.0573,3.0586,581955.63,0.0,0.0,0
15m,1758177000.0,3.0586,3.0664,3.055,3.0653,482468.04,0.0,0.0,0
15m,1758177900.0,3.0653,3.0715,3.0652,3.071,313561.34,0.0,0.0,0
15m,1758178800.0,3.071,3.0784,3.0706,3.078,1182392.59,0.0,0.0,0
15m,1758179700.0,3.078,3.079,3.0709,3.0753,380977.99,0.0,0.0,0
15m,1758180600.0,3.0753,3.0917,3.0743,3.0893,801828.37,0.0,0.0,0
15m,1758181500.0,3.0893,3.1039,3.088,3.0923,1130870.25,0.0,0.0,0
15m,1758182400.0,3.0923,3.1077,3.0905,3.1035,1110355.58,0.0,0.0,0
15m,1758183300.0,3.1035,3.1071,3.0982,3.1005,712150.56,0.0,0.0,0
15m,1758184200.0,3.1005,3.1041,3.0965,3.0979,489050.2,0.0,0.0,0
15m,1758185100.0,3.0979,3.1081,3.0931,3.1069,602648.21,0.0,0.0,0
15m,1758186000.0,3.1069,3.1098,3.1027,3.1031,874241.95,0.0,0.0,0
15m,1758186900.0,3.1031,3.1098,3.1031,3.1071,403357.56,0.0,0.0,0
15m,1758187800.0,3.1071,3.1098,3.103,3.1056,599893.6,0.0,0.0,0
15m,1758188700.0,3.1056,3.1232,3.1043,3.1231,1615138.21,0.0,0.0,0
15m,1758189600.0,3.1231,3.1252,3.1087,3.1136,949707.34,0.0,0.0,0
15m,1758190500.0,3.1136,3.1157,3.1031,3.1043,805557.95,0.0,0.0,0
15m,1758191400.0,3.1043,3.1116,3.1042,3.1105,487427.17,0.0,0.0,0
15m,1758192300.0,3.1105,3.1156,3.1091,3.1125,331136.77,0.0,0.0,0
15m,1758193200.0,3.1125,3.1286,3.1125,3.1269,732936.08,0.0,0.0,0
15m,1758194100.0,3.1269,3.1302,3.1201,3.1288,1096529.66,0.0,0.0,0
15m,1758195000.0,3.1288,3.1337,3.1243,3.1282,768754.33,0.0,0.0,0
15m,1758195900.0,3.1282,3.1378,3.1252,3.1375,787707.56,0.0,0.0,0
15m,1758196800.0,3.1375,3.1399,3.125,3.1274,986548.29,0.0,0.0,0
15m,1758197700.0,3.1274,3.1285,3.1199,3.1238,423731.62,0.0,0.0,0
15m,1758198600.0,3.1238,3.1283,3.1156,3.1213,513990.09,0.0,0.0,0
15m,1758199500.0,3.1213,3.1237,3.1151,3.1163,337230.0,0.0,0.0,0
15m,1758200400.0,3.1163,3.1236,3.1127,3.1224,506484.64,0.0,0.0,0
15m,1758201300.0,3.1224,3.1262,3.1185,3.1195,366367.34,0.0,0.0,0
15m,1758202200.0,3.1195,3.1323,3.1078,3.1099,1144348.25,0.0,0.0,0
15m,1758203100.0,3.1099,3.1222,3.1025,3.1187,777883.31,0.0,0.0,0
15m,1758204000.0,3.1187,3.1276,3.1182,3.1236,446547.63,0.0,0.0,0
15m,1758204900.0,3.1236,3.1312,3.1209,3.1249,503153.8,0.0,0.0,0
15m,1758205800.0,3.1249,3.1288,3.1178,3.1227,255736.78,0.0,0.0,0
15m,1758206700.0,3.1227,3.1257,3.1171,3.1215,349855.6,0.0,0.0,0
15m,1758207600.0,3.1215,3.1243,3.1134,3.116,526061.83,0.0,0.0,0
15m,1758208500.0,3.116,3.125,3.1131,3.1158,284005.06,0.0,0.0,0
15m,1758209400.0,3.1158,3.1283,3.1151,3.1178,546789.77,0.0,0.0,0
15m,1758210300.0,3.1178,3.1201,3.1126,3.1132,317508.49,0.0,0.0,0
15m,1758211200.0,3.1132,3.1178,3.1072,3.1099,416851.45,0.0,0.0,0
15m,1758212100.0,3.1099,3.1183,3.1098,3.114,256347.88,0.0,0.0,0
15m,1758213000.0,3.114,3.1155,3.1073,3.1133,226586.66,0.0,0.0,0
15m,1758213900.0,3.1133,3.1207,3.113,3.1175,210960.04,0.0,0.0,0
15m,1758214800.0,3.1175,3.1231,3.1113,3.1167,767681.01,0.0,0.0,0
15m,1758215700.0,3.1167,3.1212,3.1107,3.111,390846.72,0.0,0.0,0
15m,1758216600.0,3.111,3.111,3.0988,3.1013,645161.14,0.0,0.0,0
15m,1758217500.0,3.1013,3.1085,3.1005,3.1076,245771.13,0.0,0.0,0
15m,1758218400.0,3.1076,3.1138,3.104,3.1138,266157.23,0.0,0.0,0
15m,1758219300.0,3.1138,3.1184,3.1114,3.117,193595.76,0.0,0.0,0
15m,1758220200.0,3.117,3.1177,3.1033,3.1083,322455.26,0.0,0.0,0
15m,1758221100.0,3.1083,3.1177,3.1083,3.1165,269221.93,0.0,0.0,0
15m,1758222000.0,3.1165,3.1165,3.1095,3.1103,409804.36,0.0,0.0,0
15m,1758222900.0,3.1103,3.1103,3.1001,3.1011,238131.63,0.0,0.0,0
15m,1758223800.0,3.1011,3.1025,3.0885,3.0979,651328.81,0.0,0.0,0
15m,1758224700.0,3.0979,3.1151,3.0975,3.1076,909407.29,0.0,0.0,0
15m,1758225600.0,3.1076,3.108,3.0988,3.1008,464624.0,0.0,0.0,0
15m,1758226500.0,3.1008,3.1018,3.0954,3.0976,238412.26,0.0,0.0,0
15m,1758227400.0,3.0976,3.1014,3.0931,3.1,740427.56,0.0,0.0,0
15m,1758228300.0,3.1,3.105,3.0986,3.1002,455952.65,0.0,0.0,0
15m,1758229200.0,3.1002,3.1022,3.0867,3.0879,390526.82,0.0,0.0,0
15m,1758230100.0,3.0879,3.0914,3.0865,3.0903,243930.48,0.0,0.0,0
15m,1758231000.0,3.0903,3.0926,3.0866,3.088,209887.36,0.0,0.0,0
15m,1758231900.0,3.088,3.0897,3.0832,3.0847,151563.53,0.0,0.0,0
15m,1758232800.0,3.0847,3.0852,3.0755,3.0759,639239.59,0.0,0.0,0
15m,1758233700.0,3.0759,3.084,3.0757,3.0793,414498.98,0.0,0.0,0
15m,1758234600.0,3.0793,3.0819,3.075,3.0764,265254.22,0.0,0.0,0
15m,1758235500.0,3.0764,3.0791,3.0727,3.0728,398241.85,0.0,0.0,0
15m,1758236400.0,3.0728,3.0728,3.0603,3.0699,1172426.35,0.0,0.0,0
15m,1758237300.0,3.0699,3.0716,3.0644,3.0713,244198.11,0.0,0.0,0
15m,1758238200.0,3.0713,3.0792,3.0713,3.0758,529623.65,0.0,0.0,0
15m,1758239100.0,3.0758,3.0782,3.0731,3.0733,278086.91,0.0,0.0,0
15m,1758240000.0,3.0733,3.081,3.0733,3.0775,223297.85,0.0,0.0,0
15m,1758240900.0,3.0775,3.0848,3.0764,3.0841,233270.97,0.0,0.0,0
15m,1758241800.0,3.0841,3.0853,3.0782,3.0839,192617.45,0.0,0.0,0
15m,1758242700.0,3.0839,3.0867,3.0807,3.0865,148338.93,0.0,0.0,0
15m,1758243600.0,3.0865,3.0934,3.0854,3.086,310786.05,0.0,0.0,0
15m,1758244500.0,3.086,3.0911,3.0833,3.0911,252794.88,0.0,0.0,0
15m,1758245400.0,3.0911,3.0936,3.0803,3.0833,182342.81,0.0,0.0,0
15m,1758246300.0,3.0833,3.0836,3.0773,3.0802,222293.42,0.0,0.0,0
15m,1758247200.0,3.0802,3.0802,3.0692,3.0713,284116.54,0.0,0.0,0
15m,1758248100.0,3.0713,3.0724,3.0667,3.0699,318278.1,0.0,0.0,0
15m,1758249000.0,3.0699,3.0703,3.0618,3.0668,631794.86,0.0,0.0,0
15m,1758249900.0,3.0668,3.0718,3.0662,3.0673,137347.56,0.0,0.0,0
15m,1758250800.0,3.0673,3.0734,3.0663,3.0728,191731.08,0.0,0.0,0
15m,1758251700.0,3.0728,3.076,3.0638,3.0652,340848.76,0.0,0.0,0
15m,1758252600.0,3.0652,3.0659,3.0497,3.0536,1362628.75,0.0,0.0,0
15m,1758253500.0,3.0536,3.0555,3.0456,3.0466,473520.98,0.0,0.0,0
15m,1758254400.0,3.0466,3.0478,3.0243,3.0248,1467235.36,0.0,0.0,0
15m,1758255300.0,3.0248,3.0414,3.0247,3.0408,660127.45,0.0,0.0,0
15m,1758256200.0,3.0408,3.0454,3.0378,3.043,461270.29,0.0,0.0,0
15m,1758257100.0,3.043,3.05,3.0423,3.0493,245854.91,0.0,0.0,0
15m,1758258000.0,3.0493,3.0518,3.0431,3.0518,186546.32,0.0,0.0,0
15m,1758258900.0,3.0518,3.0534,3.0396,3.0396,373188.24,0.0,0.0,0
15m,1758259800.0,3.0396,3.0456,3.0374,3.0413,208225.63,0.0,0.0,0
15m,1758260700.0,3.0413,3.05,3.0413,3.048,149840.16,0.0,0.0,0
15m,1758261600.0,3.048,3.048,3.032,3.0325,622908.36,0.0,0.0,0
15m,1758262500.0,3.0325,3.0399,3.0301,3.0336,382386.04,0.0,0.0,0
15m,1758263400.0,3.0336,3.0377,3.0275,3.0352,484330.67,0.0,0.0,0
15m,1758264300.0,3.0352,3.0363,3.0263,3.0269,475276.22,0.0,0.0,0
15m,1758265200.0,3.0269,3.0365,3.0238,3.0357,598531.12,0.0,0.0,0
15m,1758266100.0,3.0357,3.0433,3.034,3.0375,718527.54,0.0,0.0,0
15m,1758267000.0,3.0375,3.0409,3.0353,3.0396,278598.92,0.0,0.0,0
15m,1758267900.0,3.0396,3.0422,3.037,3.0381,265320.95,0.0,0.0,0
15m,1758268800.0,3.0381,3.0448,3.0347,3.0427,403003.45,0.0,0.0,0
15m,1758269700.0,3.0427,3.0473,3.0421,3.0434,174695.69,0.0,0.0,0
15m,1758270600.0,3.0434,3.044,3.0356,3.0381,331619.35,0.0,0.0,0
15m,1758271500.0,3.0381,3.0381,3.0338,3.0344,177697.94,0.0,0.0,0
15m,1758272400.0,3.0344,3.0431,3.0339,3.0418,289061.92,0.0,0.0,0
15m,1758273300.0,3.0418,3.0421,3.032,3.0335,203380.61,0.0,0.0,0
15m,1758274200.0,3.0335,3.0353,3.0258,3.0268,427415.99,0.0,0.0,0
15m,1758275100.0,3.0268,3.0321,3.0237,3.0297,504323.47,0.0,0.0,0
15m,1758276000.0,3.0297,3.0311,3.0239,3.0286,408195.48,0.0,0.0,0
15m,1758276900.0,3.0286,3.0321,3.026,3.026,229958.47,0.0,0.0,0
15m,1758277800.0,3.026,3.0334,3.0238,3.0325,215874.36,0.0,0.0,0
15m,1758278700.0,3.0325,3.0356,3.031,3.0313,224617.39,0.0,0.0,0
15m,1758279600.0,3.0313,3.0331,3.0252,3.0288,282406.79,0.0,0.0,0
15m,1758280500.0,3.0288,3.0315,3.0244,3.0244,372585.07,0.0,0.0,0
15m,1758281400.0,3.0244,3.0279,3.0226,3.0231,309852.1,0.0,0.0,0
15m,1758282300.0,3.0231,3.0326,3.0226,3.0304,239858.11,0.0,0.0,0
15m,1758283200.0,3.0304,3.0463,3.0296,3.0439,562677.5,0.0,0.0,0
15m,1758284100.0,3.0439,3.0458,3.0348,3.0361,444450.57,0.0,0.0,0
15m,1758285000.0,3.0361,3.042,3.0346,3.0369,426827.45,0.0,0.0,0
15m,1758285900.0,3.0369,3.04,3.0318,3.0329,373106.29,0.0,0.0,0
15m,1758286800.0,3.0329,3.0367,3.031,3.0339,219543.33,0.0,0.0,0
15m,1758287700.0,3.0339,3.0364,3.0271,3.031,638085.49,0.0,0.0,0
15m,1758288600.0,3.031,3.0367,3.0251,3.0296,628135.47,0.0,0.0,0
15m,1758289500.0,3.0296,3.0387,3.0288,3.0337,431703.91,0.0,0.0,0
15m,1758290400.0,3.0337,3.0374,3.0291,3.0319,456529.86,0.0,0.0,0
15m,1758291300.0,3.0319,3.0381,3.023,3.023,709105.75,0.0,0.0,0
15m,1758292200.0,3.023,3.0259,3.0135,3.0143,752921.23,0.0,0.0,0
15m,1758293100.0,3.0143,3.0176,3.0066,3.0084,1344725.66,0.0,0.0,0
15m,1758294000.0,3.0084,3.0094,2.9892,2.9956,1891277.23,0.0,0.0,0
15m,1758294900.0,2.9956,3.0054,2.9921,3.0049,986127.83,0.0,0.0,0
15m,1758295800.0,3.0049,3.01,2.9955,3.0089,388887.24,0.0,0.0,0
15m,1758296700.0,3.0089,3.0123,3.0065,3.0101,395968.91,0.0,0.0,0
15m,1758297600.0,3.0101,3.017,3.0055,3.0158,372989.7,0.0,0.0,0
15m,1758298500.0,3.0158,3.017,3.0082,3.0134,300740.26,0.0,0.0,0
15m,1758299400.0,3.0134,3.0155,3.0078,3.0142,252000.36,0.0,0.0,0
15m,1758300300.0,3.0142,3.016,3.0095,3.0103,300365.19,0.0,0.0,0
15m,1758301200.0,3.0103,3.0104,2.9983,2.9998,433322.6,0.0,0.0,0
15m,1758302100.0,2.9998,3.0037,2.9979,3.0027,194253.37,0.0,0.0,0
15m,1758303000.0,3.0027,3.0027,2.9951,3.0008,229727.15,0.0,0.0,0
15m,1758303900.0,3.0008,3.0034,2.9963,2.9969,179700.66,0.0,0.0,0
15m,1758304800.0,2.9969,2.9999,2.988,2.9962,608336.25,0.0,0.0,0
15m,1758305700.0,2.9962,3.0011,2.9918,2.9984,218822.1,0.0,0.0,0
15m,1758306600.0,2.9984,3.0024,2.9974,3.0007,281444.8,0.0,0.0,0
15m,1758307500.0,3.0007,3.0026,2.9949,2.9978,218452.01,0.0,0.0,0
15m,1758308400.0,2.9978,3.0059,2.9978,3.0039,300669.25,0.0,0.0,0
15m,1758309300.0,3.0039,3.0109,3.003,3.0069,255685.47,0.0,0.0,0
15m,1758310200.0,3.0069,3.0069,2.9998,3.0002,190855.94,0.0,0.0,0
15m,1758311100.0,3.0002,3.0011,2.9839,2.9862,1441987.53,0.0,0.0,0
15m,1758312000.0,2.9862,2.9919,2.9835,2.9894,399680.93,0.0,0.0,0
15m,1758312900.0,2.9894,2.9939,2.9844,2.9931,375690.4,0.0,0.0,0
15m,1758313800.0,2.9931,2.9946,2.9902,2.993,178253.67,0.0,0.0,0
15m,1758314700.0,2.993,2.9934,2.9843,2.9854,128451.36,0.0,0.0,0
15m,1758315600.0,2.9854,2.9911,2.9791,2.9911,579669.41,0.0,0.0,0
15m,1758316500.0,2.9911,2.9941,2.989,2.9922,132669.92,0.0,0.0,0
15m,1758317400.0,2.9922,2.9964,2.9919,2.993,85898.97,0.0,0.0,0
15m,1758318300.0,2.993,2.9961,2.99,2.9961,87601.18,0.0,0.0,0
15m,1758319200.0,2.9961,3.0004,2.9952,2.9992,130136.04,0.0,0.0,0
15m,1758320100.0,2.9992,3.0,2.9963,2.9989,71936.82,0.0,0.0,0
15m,1758321000.0,2.9989,2.999,2.9945,2.9945,67676.17,0.0,0.0,0
15m,1758321900.0,2.9945,2.9994,2.9931,2.9932,586329.6,0.0,0.0,0
15m,1758322800.0,2.9932,2.9934,2.9858,2.9862,273556.68,0.0,0.0,0
15m,1758323700.0,2.9862,2.9888,2.9791,2.9816,336491.8,0.0,0.0,0
15m,1758324600.0,2.9816,2.9859,2.9802,2.9857,149414.36,0.0,0.0,0
15m,1758325500.0,2.9857,2.991,2.9857,2.9901,96443.36,0.0,0.0,0
15m,1758326400.0,2.9901,2.9907,2.9865,2.9876,118673.78,0.0,0.0,0
15m,1758327300.0,2.9876,2.9895,2.9846,2.9855,118952.37,0.0,0.0,0
15m,1758328200.0,2.9855,2.9949,2.9854,2.9942,133332.72,0.0,0.0,0
15m,1758329100.0,2.9942,3.0014,2.9941,2.9988,192202.72,0.0,0.0,0
15m,1758330000.0,2.9988,2.9988,2.9919,2.9923,203433.47,0.0,0.0,0
15m,1758330900.0,2.9923,2.9996,2.992,2.9984,207592.28,0.0,0.0,0
15m,1758331800.0,2.9984,2.9984,2.9898,2.9942,119078.39,0.0,0.0,0
15m,1758332700.0,2.9942,2.9966,2.9919,2.9919,107681.64,0.0,0.0,0
15m,1758333600.0,2.9919,2.9919,2.9848,2.9848,128785.27,0.0,0.0,0
15m,1758334500.0,2.9848,2.9907,2.98,2.9888,201615.93,0.0,0.0,0
15m,1758335400.0,2.9888,2.9935,2.9844,2.9931,88668.03,0.0,0.0,0
15m,1758336300.0,2.9931,2.9954,2.9905,2.9949,52592.11,0.0,0.0,0
15m,1758337200.0,2.9949,2.9949,2.9851,2.9874,196094.83,0.0,0.0,0
15m,1758338100.0,2.9874,2.9925,2.9868,2.9892,66825.98,0.0,0.0,0
15m,1758339000.0,2.9892,2.994,2.989,2.9934,57780.08,0.0,0.0,0
15m,1758339900.0,2.9934,2.9946,2.9899,2.9914,64955.2,0.0,0.0,0
15m,1758340800.0,2.9914,2.9926,2.9893,2.9912,87137.44,0.0,0.0,0
15m,1758341700.0,2.9912,2.9919,2.9877,2.9887,122816.98,0.0,0.0,0
15m,1758342600.0,2.9887,2.9939,2.9871,2.9939,121931.4,0.0,0.0,0
15m,1758343500.0,2.9939,2.9947,2.991,2.9926,86412.7,0.0,0.0,0
15m,1758344400.0,2.9926,2.9941,2.9886,2.9941,88082.56,0.0,0.0,0
15m,1758345300.0,2.9941,2.996,2.9928,2.9957,65775.81,0.0,0.0,0
15m,1758346200.0,2.9957,2.9989,2.9947,2.9968,125424.93,0.0,0.0,0
15m,1758347100.0,2.9968,3.0025,2.9967,3.0025,117234.47,0.0,0.0,0
15m,1758348000.0,3.0025,3.0025,2.9965,2.9975,105583.0,0.0,0.0,0
15m,1758348900.0,2.9975,3.0023,2.9971,3.0023,52706.15,0.0,0.0,0
15m,1758349800.0,3.0023,3.0054,3.0017,3.0053,95838.71,0.0,0.0,0
15m,1758350700.0,3.0053,3.0066,3.004,3.0052,107238.48,0.0,0.0,0
15m,1758351600.0,3.0052,3.0084,3.0032,3.0032,126031.72,0.0,0.0,0
15m,1758352500.0,3.0032,3.0049,3.0014,3.0017,74182.7,0.0,0.0,0
15m,1758353400.0,3.0017,3.0067,2.9991,3.0065,115776.31,0.0,0.0,0
15m,1758354300.0,3.0065,3.0092,3.0045,3.0088,150356.61,0.0,0.0,0
15m,1758355200.0,3.0088,3.0091,3.0034,3.0047,152783.68,0.0,0.0,0
15m,1758356100.0,3.0047,3.005,2.9994,2.9998,85859.22,0.0,0.0,0
15m,1758357000.0,2.9998,3.0013,2.997,2.9986,102549.32,0.0,0.0,0
15m,1758357900.0,2.9986,2.9986,2.9853,2.9854,332563.25,0.0,0.0,0
15m,1758358800.0,2.9854,2.9893,2.9814,2.988,407711.69,0.0,0.0,0
15m,1758359700.0,2.988,2.989,2.9845,2.9847,237702.94,0.0,0.0,0
15m,1758360600.0,2.9847,2.9848,2.9748,2.982,527661.15,0.0,0.0,0
15m,1758361500.0,2.982,2.984,2.979,2.9793,140033.71,0.0,0.0,0
15m,1758362400.0,2.9793,2.9845,2.9788,2.9838,148689.19,0.0,0.0,0
15m,1758363300.0,2.9838,2.9853,2.9802,2.9802,125986.53,0.0,0.0,0
15m,1758364200.0,2.9802,2.9837,2.9776,2.9826,235099.08,0.0,0.0,0
15m,1758365100.0,2.9826,2.9839,2.9788,2.9793,133790.52,0.0,0.0,0
15m,1758366000.0,2.9793,2.9874,2.9793,2.9859,95703.27,0.0,0.0,0
15m,1758366900.0,2.9859,2.9871,2.9811,2.9817,126954.23,0.0,0.0,0
15m,1758367800.0,2.9817,2.985,2.9816,2.9832,110668.42,0.0,0.0,0
15m,1758368700.0,2.9832,2.989,2.9832,2.989,83236.15,0.0,0.0,0
15m,1758369600.0,2.989,2.9895,2.9858,2.9863,78817.08,0.0,0.0,0
15m,1758370500.0,2.9863,2.988,2.983,2.9832,78004.2,0.0,0.0,0
15m,1758371400.0,2.9832,2.986,2.9826,2.9834,134399.2,0.0,0.0,0
15m,1758372300.0,2.9834,2.9865,2.9825,2.9855,76647.9,0.0,0.0,0
15m,1758373200.0,2.9855,2.9865,2.9811,2.9836,131380.79,0.0,0.0,0
15m,1758374100.0,2.9836,2.9896,2.9833,2.9875,63157.07,0.0,0.0,0
15m,1758375000.0,2.9875,2.9892,2.9845,2.9868,129168.12,0.0,0.0,0
15m,1758375900.0,2.9868,2.9876,2.9826,2.9835,99171.25,0.0,0.0,0
15m,1758376800.0,2.9835,2.9836,2.9683,2.9738,657681.18,0.0,0.0,0
15m,1758377700.0,2.9738,2.9771,2.9658,2.9688,317744.68,0.0,0.0,0
15m,1758378600.0,2.9688,2.9753,2.9659,2.973,532522.4,0.0,0.0,0
15m,1758379500.0,2.973,2.9849,2.973,2.9814,444754.27,0.0,0.0,0
15m,1758380400.0,2.9814,2.9926,2.9801,2.9885,481847.22,0.0,0.0,0
15m,1758381300.0,2.9885,2.9962,2.9884,2.993,486354.37,0.0,0.0,0
15m,1758382200.0,2.993,2.993,2.9864,2.9902,448433.58,0.0,0.0,0
15m,1758383100.0,2.9902,2.9902,2.9844,2.9894,248764.04,0.0,0.0,0
15m,1758384000.0,2.9894,2.9929,2.985,2.985,444487.82,0.0,0.0,0
15m,1758384900.0,2.985,2.9859,2.976,2.9779,443701.7,0.0,0.0,0
15m,1758385800.0,2.9779,2.9902,2.976,2.9885,256212.94,0.0,0.0,0
15m,1758386700.0,2.9885,2.9929,2.9865,2.9918,185405.22,0.0,0.0,0
15m,1758387600.0,2.9918,2.9919,2.9839,2.9842,345640.26,0.0,0.0,0
15m,1758388500.0,2.9842,2.9881,2.9816,2.9862,167071.69,0.0,0.0,0
15m,1758389400.0,2.9862,2.9887,2.9829,2.9835,131976.2,0.0,0.0,0
15m,1758390300.0,2.9835,2.9847,2.9812,2.9825,98750.06,0.0,0.0,0
15m,1758391200.0,2.9825,2.9825,2.9711,2.9732,253869.58,0.0,0.0,0
15m,1758392100.0,2.9732,2.9773,2.9711,2.9761,125272.75,0.0,0.0,0
15m,1758393000.0,2.9761,2.9766,2.9714,2.975,145675.68,0.0,0.0,0
15m,1758393900.0,2.975,2.9759,2.9717,2.9748,134785.09,0.0,0.0,0
15m,1758394800.0,2.9748,2.9787,2.9721,2.9782,122211.32,0.0,0.0,0
15m,1758395700.0,2.9782,2.9816,2.9782,2.9793,72356.53,0.0,0.0,0
15m,1758396600.0,2.9793,2.9803,2.973,2.9737,149493.37,0.0,0.0,0
15m,1758397500.0,2.9737,2.9748,2.9717,2.9747,58562.24,0.0,0.0,0
15m,1758398400.0,2.9747,2.9776,2.9724,2.9741,223840.74,0.0,0.0,0
15m,1758399300.0,2.9741,2.9752,2.9707,2.9731,117580.68,0.0,0.0,0
15m,1758400200.0,2.9731,2.9749,2.9716,2.9739,122575.64,0.0,0.0,0
15m,1758401100.0,2.9739,2.9815,2.9713,2.9713,420372.32,0.0,0.0,0
15m,1758402000.0,2.9713,2.9799,2.9711,2.9799,215600.02,0.0,0.0,0
15m,1758402900.0,2.9799,2.9818,2.9754,2.9818,89748.18,0.0,0.0,0
15m,1758403800.0,2.9818,2.9859,2.9808,2.9836,111349.15,0.0,0.0,0
15m,1758404700.0,2.9836,2.9838,2.9795,2.9806,28445.8,0.0,0.0,0
15m,1758405600.0,2.9806,2.9806,2.9778,2.9802,52134.95,0.0,0.0,0
15m,1758406500.0,2.9802,2.9818,2.9782,2.9799,51528.5,0.0,0.0,0
15m,1758407400.0,2.9799,2.9801,2.975,2.9762,37078.46,0.0,0.0,0
15m,1758408300.0,2.9762,2.9875,2.9762,2.9824,342216.54,0.0,0.0,0
15m,1758409200.0,2.9824,2.9828,2.9753,2.9759,101918.57,0.0,0.0,0
15m,1758410100.0,2.9759,2.9767,2.9719,2.9719,160624.06,0.0,0.0,0
15m,1758411000.0,2.9719,2.9753,2.9703,2.9753,215002.68,0.0,0.0,0
15m,1758411900.0,2.9753,2.9782,2.9742,2.9753,202156.7,0.0,0.0,0
15m,1758412800.0,2.9753,2.9795,2.9746,2.9785,135425.54,0.0,0.0,0
15m,1758413700.0,2.9785,2.9791,2.9727,2.9748,420240.26,0.0,0.0,0
15m,1758414600.0,2.9748,2.986,2.9729,2.9851,501329.45,0.0,0.0,0
15m,1758415500.0,2.9851,2.9916,2.9849,2.9887,285928.81,0.0,0.0,0
15m,1758416400.0,2.9887,2.9905,2.9867,2.9877,166218.21,0.0,0.0,0
15m,1758417300.0,2.9877,2.9883,2.9858,2.9871,91144.27,0.0,0.0,0
15m,1758418200.0,2.9871,2.9873,2.9827,2.9834,63728.99,0.0,0.0,0
15m,1758419100.0,2.9834,2.9837,2.9779,2.9799,144062.04,0.0,0.0,0
15m,1758420000.0,2.9799,2.988,2.9798,2.9867,460915.34,0.0,0.0,0
15m,1758420900.0,2.9867,2.9873,2.9766,2.9872,358739.5,0.0,0.0,0
15m,1758421800.0,2.9872,2.9898,2.9851,2.988,335847.1,0.0,0.0,0
15m,1758422700.0,2.988,2.9908,2.9879,2.9902,87320.0,0.0,0.0,0
15m,1758423600.0,2.9902,2.9924,2.988,2.9924,134954.54,0.0,0.0,0
15m,1758424500.0,2.9924,2.994,2.9906,2.9924,156331.71,0.0,0.0,0
15m,1758425400.0,2.9924,2.997,2.9914,2.9965,391010.57,0.0,0.0,0
15m,1758426300.0,2.9965,2.9988,2.9965,2.9977,165253.59,0.0,0.0,0
15m,1758427200.0,2.9977,2.9981,2.9934,2.995,505287.56,0.0,0.0,0
15m,1758428100.0,2.995,2.9976,2.9937,2.9961,133036.09,0.0,0.0,0
15m,1758429000.0,2.9961,2.9993,2.9934,2.9992,189279.87,0.0,0.0,0
15m,1758429900.0,2.9992,3.0067,2.9978,3.0066,430099.4,0.0,0.0,0
15m,1758430800.0,3.0066,3.0133,3.0027,3.0047,341433.71,0.0,0.0,0
15m,1758431700.0,3.0047,3.0122,3.001,3.0116,236324.44,0.0,0.0,0
15m,1758432600.0,3.0116,3.0138,3.0068,3.0073,240607.54,0.0,0.0,0
15m,1758433500.0,3.0073,3.0086,3.0036,3.0052,147461.36,0.0,0.0,0
15m,1758434400.0,3.0052,3.0115,3.0052,3.0074,188186.31,0.0,0.0,0
15m,1758435300.0,3.0074,3.0081,3.0026,3.0045,98569.77,0.0,0.0,0
15m,1758436200.0,3.0045,3.0045,3.001,3.0031,227642.28,0.0,0.0,0
15m,1758437100.0,3.0031,3.0031,2.9996,3.0,77670.69,0.0,0.0,0
15m,1758438000.0,3.0,3.0056,2.999,3.0035,94647.15,0.0,0.0,0
15m,1758438900.0,3.0035,3.0064,3.0014,3.0039,87176.9,0.0,0.0,0
15m,1758439800.0,3.0039,3.0056,3.0032,3.0034,55000.37,0.0,0.0,0
15m,1758440700.0,3.0034,3.0034,2.9951,2.9969,193561.75,0.0,0.0,0
15m,1758441600.0,2.9969,3.0004,2.9939,2.9949,124958.19,0.0,0.0,0
15m,1758442500.0,2.9949,2.9949,2.99,2.9907,70029.1,0.0,0.0,0
15m,1758443400.0,2.9907,2.9926,2.9897,2.9924,41468.67,0.0,0.0,0
15m,1758444300.0,2.9924,2.9924,2.9897,2.991,64065.65,0.0,0.0,0
15m,1758445200.0,2.991,2.9929,2.9845,2.9849,136014.39,0.0,0.0,0
15m,1758446100.0,2.9849,2.985,2.9691,2.9706,486181.1,0.0,0.0,0
15m,1758447000.0,2.9706,2.9724,2.9595,2.9715,835567.16,0.0,0.0,0
15m,1758447900.0,2.9715,2.9803,2.9672,2.9787,171518.18,0.0,0.0,0
15m,1758448800.0,2.9787,2.9804,2.975,2.977,122253.24,0.0,0.0,0
15m,1758449700.0,2.977,2.978,2.9725,2.9756,148498.82,0.0,0.0,0
15m,1758450600.0,2.9756,2.9775,2.9735,2.9736,62490.56,0.0,0.0,0
15m,1758451500.0,2.9736,2.9736,2.9679,2.9683,141377.91,0.0,0.0,0
15m,1758452400.0,2.9683,2.9781,2.9671,2.9766,165534.97,0.0,0.0,0
15m,1758453300.0,2.9766,2.978,2.9732,2.9771,443724.03,0.0,0.0,0
15m,1758454200.0,2.9771,2.9815,2.9749,2.9792,222872.23,0.0,0.0,0
15m,1758455100.0,2.9792,2.9798,2.9741,2.9752,124077.16,0.0,0.0,0
15m,1758456000.0,2.9752,2.9835,2.9731,2.9828,137449.09,0.0,0.0,0
15m,1758456900.0,2.9828,2.9856,2.9819,2.9829,82590.86,0.0,0.0,0
15m,1758457800.0,2.9829,2.9867,2.9797,2.9806,124815.72,0.0,0.0,0
15m,1758458700.0,2.9806,2.9829,2.9776,2.9791,208098.54,0.0,0.0,0
15m,1758459600.0,2.9791,2.985,2.9779,2.9821,72066.4,0.0,0.0,0
15m,1758460500.0,2.9821,2.9846,2.9809,2.9845,55128.36,0.0,0.0,0
15m,1758461400.0,2.9845,2.9872,2.9809,2.9826,74851.16,0.0,0.0,0
15m,1758462300.0,2.9826,2.9864,2.9826,2.9864,59764.59,0.0,0.0,0
15m,1758463200.0,2.9864,2.9883,2.9827,2.9847,83628.27,0.0,0.0,0
15m,1758464100.0,2.9847,2.9848,2.9777,2.9781,77883.24,0.0,0.0,0
15m,1758465000.0,2.9781,2.9827,2.9746,2.9827,120396.52,0.0,0.0,0
15m,1758465900.0,2.9827,2.9868,2.9761,2.9763,143449.56,0.0,0.0,0
15m,1758466800.0,2.9763,2.9774,2.9743,2.9771,95482.45,0.0,0.0,0
15m,1758467700.0,2.9771,2.9785,2.9726,2.9729,74126.37,0.0,0.0,0
15m,1758468600.0,2.9729,2.9791,2.9698,2.9791,118689.6,0.0,0.0,0
15m,1758469500.0,2.9791,2.9814,2.9769,2.9799,124304.16,0.0,0.0,0
15m,1758470400.0,2.9799,2.9835,2.9786,2.9812,103372.04,0.0,0.0,0
15m,1758471300.0,2.9812,2.982,2.9689,2.974,195589.06,0.0,0.0,0
15m,1758472200.0,2.974,2.9747,2.9646,2.9663,243231.19,0.0,0.0,0
15m,1758473100.0,2.9663,2.9671,2.9616,2.9651,436017.94,0.0,0.0,0
15m,1758474000.0,2.9651,2.9678,2.9569,2.9585,598752.88,0.0,0.0,0
15m,1758474900.0,2.9585,2.961,2.9531,2.9575,610108.23,0.0,0.0,0
15m,1758475800.0,2.9575,2.9646,2.9534,2.9644,256370.12,0.0,0.0,0
15m,1758476700.0,2.9644,2.9739,2.9639,2.9739,114349.24,0.0,0.0,0
15m,1758477600.0,2.9739,2.98,2.9728,2.9789,152631.2,0.0,0.0,0
15m,1758478500.0,2.9789,2.9812,2.9745,2.9756,108120.36,0.0,0.0,0
15m,1758479400.0,2.9756,2.982,2.975,2.9803,93034.1,0.0,0.0,0
15m,1758480300.0,2.9803,2.9853,2.9798,2.9852,82401.52,0.0,0.0,0
15m,1758481200.0,2.9852,2.9853,2.9712,2.9741,189175.38,0.0,0.0,0
15m,1758482100.0,2.9741,2.982,2.9719,2.982,63046.22,0.0,0.0,0
15m,1758483000.0,2.982,2.9828,2.9762,2.9781,62139.87,0.0,0.0,0
15m,1758483900.0,2.9781,2.9824,2.9776,2.9819,45468.99,0.0,0.0,0
15m,1758484800.0,2.9819,2.9831,2.9742,2.9755,77002.7,0.0,0.0,0
15m,1758485700.0,2.9755,2.9849,2.9747,2.9845,84194.48,0.0,0.0,0
15m,1758486600.0,2.9845,2.9845,2.9748,2.976,129106.05,0.0,0.0,0
15m,1758487500.0,2.976,2.9789,2.9741,2.9752,24879.51,0.0,0.0,0
15m,1758488400.0,2.9752,2.9786,2.9746,2.9786,76983.43,0.0,0.0,0
15m,1758489300.0,2.9786,2.979,2.9675,2.9681,197363.68,0.0,0.0,0
15m,1758490200.0,2.9681,2.9794,2.9671,2.9764,71376.8,0.0,0.0,0
15m,1758491100.0,2.9764,2.9774,2.9737,2.9745,19502.24,0.0,0.0,0
15m,1758492000.0,2.9745,2.9792,2.967,2.9684,132787.29,0.0,0.0,0
15m,1758492900.0,2.9684,2.9747,2.9642,2.9732,157442.99,0.0,0.0,0
15m,1758493800.0,2.9732,2.9821,2.9707,2.9817,156659.7,0.0,0.0,0
15m,1758494700.0,2.9817,2.9926,2.9816,2.9906,437152.65,0.0,0.0,0
15m,1758495600.0,2.9906,2.9925,2.9758,2.978,306404.85,0.0,0.0,0
15m,1758496500.0,2.978,2.98,2.9712,2.9738,208920.17,0.0,0.0,0
15m,1758497400.0,2.9738,2.9765,2.9691,2.9752,149335.36,0.0,0.0,0
15m,1758498300.0,2.9752,2.9752,2.9698,2.9703,96012.62,0.0,0.0,0
15m,1758499200.0,2.9703,2.9755,2.9649,2.9653,211109.25,0.0,0.0,0
15m,1758500100.0,2.9653,2.9656,2.9531,2.955,471297.15,0.0,0.0,0
15m,1758501000.0,2.955,2.9558,2.9019,2.9188,7101991.52,0.0,0.0,0
15m,1758501900.0,2.9188,2.9247,2.8989,2.9168,2383305.23,0.0,0.0,0
15m,1758502800.0,2.9168,2.9283,2.9125,2.9167,891354.55,0.0,0.0,0
15m,1758503700.0,2.9167,2.926,2.9123,2.9249,681235.44,0.0,0.0,0
15m,1758504600.0,2.9249,2.9361,2.9203,2.9304,519117.21,0.0,0.0,0
15m,1758505500.0,2.9304,2.9333,2.9155,2.9174,575559.78,0.0,0.0,0
15m,1758506400.0,2.9174,2.9224,2.91,2.9103,1038676.47,0.0,0.0,0
15m,1758507300.0,2.9103,2.9142,2.8967,2.9064,1078160.61,0.0,0.0,0
15m,1758508200.0,2.9064,2.9065,2.8769,2.8894,2402607.73,0.0,0.0,0
15m,1758509100.0,2.8894,2.8983,2.8875,2.8978,642510.37,0.0,0.0,0
15m,1758510000.0,2.8978,2.905,2.8963,2.9029,481276.23,0.0,0.0,0
15m,1758510900.0,2.9029,2.9079,2.8985,2.9054,429850.25,0.0,0.0,0
15m,1758511800.0,2.9054,2.9054,2.8929,2.8958,363871.13,0.0,0.0,0
15m,1758512700.0,2.8958,2.9052,2.895,2.9036,337264.34,0.0,0.0,0
15m,1758513600.0,2.9036,2.9057,2.8958,2.8964,232266.51,0.0,0.0,0
15m,1758514500.0,2.8964,2.9047,2.8948,2.9026,466391.77,0.0,0.0,0
15m,1758515400.0,2.9026,2.9066,2.8981,2.9013,222446.43,0.0,0.0,0
15m,1758516300.0,2.9013,2.9034,2.8942,2.8945,342228.93,0.0,0.0,0
15m,1758517200.0,2.8945,2.8956,2.8831,2.8846,742770.23,0.0,0.0,0
15m,1758518100.0,2.8846,2.8914,2.8807,2.8885,353293.4,0.0,0.0,0
15m,1758519000.0,2.8885,2.8885,2.8765,2.8769,344639.93,0.0,0.0,0
15m,1758519900.0,2.8769,2.8818,2.8459,2.8469,1256415.18,0.0,0.0,0
15m,1758520800.0,2.8469,2.851,2.6743,2.7865,17356685.15,0.0,0.0,0
15m,1758521700.0,2.7865,2.819,2.7834,2.8094,3606438.82,0.0,0.0,0
15m,1758522600.0,2.8094,2.8223,2.8044,2.8223,1658454.74,0.0,0.0,0
15m,1758523500.0,2.8223,2.8288,2.8136,2.8238,1493274.4,0.0,0.0,0
15m,1758524400.0,2.8238,2.8274,2.8101,2.8105,2666874.03,0.0,0.0,0
15m,1758525300.0,2.8105,2.8177,2.8085,2.8159,1377550.95,0.0,0.0,0
15m,1758526200.0,2.8159,2.8233,2.8066,2.8101,1350639.52,0.0,0.0,0
15m,1758527100.0,2.8101,2.8144,2.8042,2.806,1163567.43,0.0,0.0,0
15m,1758528000.0,2.806,2.8214,2.7975,2.8159,1238954.02,0.0,0.0,0
15m,1758528900.0,2.8159,2.8237,2.8082,2.8106,1463967.62,0.0,0.0,0
15m,1758529800.0,2.8106,2.8196,2.8074,2.8184,1478337.82,0.0,0.0,0
15m,1758530700.0,2.8184,2.823,2.8113,2.813,1033966.12,0.0,0.0,0
15m,1758531600.0,2.813,2.8162,2.8091,2.8113,880371.35,0.0,0.0,0
15m,1758532500.0,2.8113,2.8188,2.8095,2.8154,905585.43,0.0,0.0,0
15m,1758533400.0,2.8154,2.8164,2.8083,2.8131,619227.8,0.0,0.0,0
15m,1758534300.0,2.8131,2.8153,2.7975,2.8008,974522.01,0.0,0.0,0
15m,1758535200.0,2.8008,2.8129,2.7902,2.807,849460.46,0.0,0.0,0
15m,1758536100.0,2.807,2.814,2.8029,2.8117,627697.52,0.0,0.0,0
15m,1758537000.0,2.8117,2.8118,2.7982,2.8047,894104.37,0.0,0.0,0
15m,1758537900.0,2.8047,2.8188,2.8043,2.816,832244.21,0.0,0.0,0
15m,1758538800.0,2.816,2.822,2.8127,2.8155,1002079.21,0.0,0.0,0
15m,1758539700.0,2.8155,2.8204,2.8117,2.8175,872361.65,0.0,0.0,0
15m,1758540600.0,2.8175,2.8175,2.8115,2.8136,910843.86,0.0,0.0,0
15m,1758541500.0,2.8136,2.8192,2.8128,2.8163,699131.55,0.0,0.0,0
15m,1758542400.0,2.8163,2.8167,2.8039,2.8112,1146865.1,0.0,0.0,0
15m,1758543300.0,2.8112,2.823,2.811,2.819,786290.18,0.0,0.0,0
15m,1758544200.0,2.819,2.8233,2.815,2.8188,687382.88,0.0,0.0,0
15m,1758545100.0,2.8188,2.8456,2.8188,2.8453,1677668.25,0.0,0.0,0
15m,1758546000.0,2.8453,2.8532,2.8408,2.8508,2547074.8,0.0,0.0,0
15m,1758546900.0,2.8508,2.853,2.8419,2.853,1866129.77,0.0,0.0,0
15m,1758547800.0,2.853,2.8584,2.8361,2.8391,1866904.52,0.0,0.0,0
15m,1758548700.0,2.8391,2.857,2.8337,2.8568,1868091.58,0.0,0.0,0
15m,1758549600.0,2.8568,2.8599,2.8491,2.8496,1930522.0,0.0,0.0,0
15m,1758550500.0,2.8496,2.8643,2.8492,2.8638,1418377.15,0.0,0.0,0
15m,1758551400.0,2.8638,2.8666,2.858,2.8618,1007015.36,0.0,0.0,0
15m,1758552300.0,2.8618,2.869,2.8543,2.8605,2138328.17,0.0,0.0,0
15m,1758553200.0,2.8605,2.8743,2.8561,2.8637,2206577.27,0.0,0.0,0
15m,1758554100.0,2.8637,2.8698,2.853,2.8658,1526890.91,0.0,0.0,0
15m,1758555000.0,2.8658,2.8668,2.8537,2.855,1368366.15,0.0,0.0,0
15m,1758555900.0,2.855,2.861,2.8496,2.8596,1222978.14,0.0,0.0,0
15m,1758556800.0,2.8596,2.8698,2.8585,2.8677,883711.11,0.0,0.0,0
15m,1758557700.0,2.8677,2.8698,2.8564,2.8604,818836.07,0.0,0.0,0
15m,1758558600.0,2.8604,2.8614,2.8451,2.8474,1353718.11,0.0,0.0,0
15m,1758559500.0,2.8474,2.8501,2.8415,2.8449,806780.02,0.0,0.0,0
15m,1758560400.0,2.8449,2.8542,2.8444,2.8485,1247286.69,0.0,0.0,0
15m,1758561300.0,2.8485,2.8664,2.8441,2.8621,743411.89,0.0,0.0,0
15m,1758562200.0,2.8621,2.8681,2.8513,2.8557,839108.76,0.0,0.0,0
15m,1758563100.0,2.8557,2.8615,2.8538,2.8569,699716.46,0.0,0.0,0
15m,1758564000.0,2.8569,2.8629,2.8566,2.8601,633213.16,0.0,0.0,0
15m,1758564900.0,2.8601,2.8609,2.8457,2.8518,613585.22,0.0,0.0,0
15m,1758565800.0,2.8518,2.8539,2.8416,2.8436,636405.28,0.0,0.0,0
15m,1758566700.0,2.8436,2.8443,2.8323,2.8331,1211836.1,0.0,0.0,0
15m,1758567600.0,2.8331,2.837,2.8292,2.8323,590440.73,0.0,0.0,0
15m,1758568500.0,2.8323,2.8375,2.8284,2.8284,653930.67,0.0,0.0,0
15m,1758569400.0,2.8284,2.8343,2.82,2.8287,1122741.59,0.0,0.0,0
15m,1758570300.0,2.8287,2.835,2.8158,2.8337,1831438.9,0.0,0.0,0
15m,1758571200.0,2.8337,2.8337,2.8141,2.8295,839175.96,0.0,0.0,0
15m,1758572100.0,2.8295,2.8319,2.8257,2.8313,335928.24,0.0,0.0,0
15m,1758573000.0,2.8313,2.8393,2.8311,2.8384,317908.04,0.0,0.0,0
15m,1758573900.0,2.8384,2.8432,2.8345,2.8403,407799.51,0.0,0.0,0
15m,1758574800.0,2.8403,2.8404,2.8291,2.8294,489908.87,0.0,0.0,0
15m,1758575700.0,2.8294,2.8401,2.8294,2.8389,140591.11,0.0,0.0,0
15m,1758576600.0,2.8389,2.8498,2.8373,2.8497,178158.7,0.0,0.0,0
15m,1758577500.0,2.8497,2.857,2.8482,2.8552,591948.03,0.0,0.0,0
15m,1758578400.0,2.8552,2.8552,2.8463,2.8505,392366.45,0.0,0.0,0
15m,1758579300.0,2.8505,2.8559,2.8488,2.8489,267285.39,0.0,0.0,0
15m,1758580200.0,2.8489,2.8499,2.8432,2.8472,209491.52,0.0,0.0,0
15m,1758581100.0,2.8472,2.8476,2.8427,2.8455,257946.35,0.0,0.0,0
15m,1758582000.0,2.8455,2.8474,2.8438,2.8448,204352.34,0.0,0.0,0
15m,1758582900.0,2.8448,2.8492,2.8441,2.8468,206839.91,0.0,0.0,0
15m,1758583800.0,2.8468,2.8484,2.8434,2.8466,242200.53,0.0,0.0,0
15m,1758584700.0,2.8466,2.8522,2.846,2.8522,227373.02,0.0,0.0,0
15m,1758585600.0,2.8522,2.855,2.8468,2.8545,323034.01,0.0,0.0,0
15m,1758586500.0,2.8545,2.867,2.8545,2.8644,537051.03,0.0,0.0,0
15m,1758587400.0,2.8644,2.8682,2.8557,2.8557,372675.42,0.0,0.0,0
15m,1758588300.0,2.8557,2.8573,2.8503,2.851,180888.91,0.0,0.0,0
15m,1758589200.0,2.851,2.8534,2.8367,2.8391,568828.19,0.0,0.0,0
15m,1758590100.0,2.8391,2.8489,2.8373,2.8474,314560.6,0.0,0.0,0
15m,1758591000.0,2.8474,2.8477,2.8284,2.8319,264010.27,0.0,0.0,0
15m,1758591900.0,2.8319,2.835,2.822,2.8227,347555.42,0.0,0.0,0
15m,1758592800.0,2.8227,2.8374,2.8227,2.8315,450517.61,0.0,0.0,0
15m,1758593700.0,2.8315,2.832,2.8179,2.8189,346575.66,0.0,0.0,0
15m,1758594600.0,2.8189,2.8217,2.8156,2.8166,199295.85,0.0,0.0,0
15m,1758595500.0,2.8166,2.8174,2.8065,2.809,517744.23,0.0,0.0,0
15m,1758596400.0,2.809,2.8126,2.7995,2.8122,833120.23,0.0,0.0,0
15m,1758597300.0,2.8122,2.8497,2.8114,2.8481,1102750.74,0.0,0.0,0
15m,1758598200.0,2.8481,2.8722,2.8473,2.8559,1413281.96,0.0,0.0,0
15m,1758599100.0,2.8559,2.8722,2.8559,2.8597,739532.81,0.0,0.0,0
15m,1758600000.0,2.8597,2.8658,2.8489,2.8498,361084.4,0.0,0.0,0
15m,1758600900.0,2.8498,2.8507,2.8445,2.8454,155081.23,0.0,0.0,0
15m,1758601800.0,2.8454,2.8518,2.8359,2.8469,303399.44,0.0,0.0,0
15m,1758602700.0,2.8469,2.8567,2.8405,2.8563,321926.06,0.0,0.0,0
15m,1758603600.0,2.8563,2.8654,2.8519,2.8613,560638.36,0.0,0.0,0
15m,1758604500.0,2.8613,2.8746,2.8595,2.8706,772537.34,0.0,0.0,0
15m,1758605400.0,2.8706,2.8752,2.867,2.8739,628336.44,0.0,0.0,0
15m,1758606300.0,2.8739,2.8755,2.864,2.8655,837229.7,0.0,0.0,0
15m,1758607200.0,2.8655,2.8723,2.8594,2.8672,418785.57,0.0,0.0,0
15m,1758608100.0,2.8672,2.875,2.8648,2.8729,489544.3,0.0,0.0,0
15m,1758609000.0,2.8729,2.8807,2.867,2.869,1373928.05,0.0,0.0,0
15m,1758609900.0,2.869,2.875,2.8645,2.8729,922885.26,0.0,0.0,0
15m,1758610800.0,2.8729,2.8742,2.8645,2.8686,485314.95,0.0,0.0,0
15m,1758611700.0,2.8686,2.8844,2.866,2.8712,1051166.05,0.0,0.0,0
15m,1758612600.0,2.8712,2.8741,2.8674,2.8685,661237.98,0.0,0.0,0
15m,1758613500.0,2.8685,2.8702,2.8633,2.8644,800684.49,0.0,0.0,0
15m,1758614400.0,2.8644,2.8694,2.8579,2.8626,1518983.84,0.0,0.0,0
15m,1758615300.0,2.8626,2.8661,2.8601,2.8605,531978.06,0.0,0.0,0
15m,1758616200.0,2.8605,2.8636,2.8559,2.8633,488130.77,0.0,0.0,0
15m,1758617100.0,2.8633,2.866,2.859,2.8654,469522.61,0.0,0.0,0
15m,1758618000.0,2.8654,2.8733,2.8624,2.8719,798412.12,0.0,0.0,0
15m,1758618900.0,2.8719,2.8719,2.8539,2.8539,809126.0,0.0,0.0,0
15m,1758619800.0,2.8539,2.8582,2.8527,2.8554,639212.39,0.0,0.0,0
15m,1758620700.0,2.8554,2.8584,2.8489,2.8573,733543.9,0.0,0.0,0
15m,1758621600.0,2.8573,2.8642,2.8549,2.8626,607327.55,0.0,0.0,0
15m,1758622500.0,2.8626,2.8648,2.8572,2.86,429280.18,0.0,0.0,0
15m,1758623400.0,2.86,2.864,2.857,2.8627,466710.04,0.0,0.0,0
15m,1758624300.0,2.8627,2.8687,2.8627,2.8638,279784.56,0.0,0.0,0
15m,1758625200.0,2.8638,2.8638,2.8569,2.8576,429877.62,0.0,0.0,0
15m,1758626100.0,2.8576,2.8642,2.8568,2.8616,834705.85,0.0,0.0,0
15m,1758627000.0,2.8616,2.8673,2.86,2.8673,275471.36,0.0,0.0,0
15m,1758627900.0,2.8673,2.8676,2.8581,2.8582,325457.1,0.0,0.0,0
15m,1758628800.0,2.8582,2.8609,2.8529,2.86,626631.95,0.0,0.0,0
15m,1758629700.0,2.86,2.8622,2.8534,2.8575,440316.5,0.0,0.0,0
15m,1758630600.0,2.8575,2.8698,2.8554,2.8689,595719.19,0.0,0.0,0
15m,1758631500.0,2.8689,2.8718,2.8603,2.8648,901705.67,0.0,0.0,0
15m,1758632400.0,2.8648,2.8649,2.8572,2.86,588774.12,0.0,0.0,0
15m,1758633300.0,2.86,2.8641,2.8561,2.862,528256.04,0.0,0.0,0
15m,1758634200.0,2.862,2.8683,2.8537,2.8599,701596.5,0.0,0.0,0
15m,1758635100.0,2.8599,2.8646,2.8547,2.8593,714891.0,0.0,0.0,0
15m,1758636000.0,2.8593,2.8782,2.8583,2.8698,529170.26,0.0,0.0,0
15m,1758636900.0,2.8698,2.8705,2.8571,2.8643,460599.15,0.0,0.0,0
15m,1758637800.0,2.8643,2.8682,2.8548,2.8639,592133.93,0.0,0.0,0
15m,1758638700.0,2.8639,2.8693,2.8579,2.864,349869.25,0.0,0.0,0
15m,1758639600.0,2.864,2.877,2.8588,2.873,485209.11,0.0,0.0,0
15m,1758640500.0,2.873,2.8799,2.8705,2.8751,831954.65,0.0,0.0,0
15m,1758641400.0,2.8751,2.8838,2.8736,2.8788,394590.3,0.0,0.0,0
15m,1758642300.0,2.8788,2.8822,2.8748,2.8766,283835.91,0.0,0.0,0
15m,1758643200.0,2.8766,2.8788,2.8638,2.8713,345492.76,0.0,0.0,0
15m,1758644100.0,2.8713,2.8792,2.8674,2.8788,356849.78,0.0,0.0,0
15m,1758645000.0,2.8788,2.8833,2.8716,2.8783,662300.21,0.0,0.0,0
15m,1758645900.0,2.8783,2.8965,2.8783,2.8863,529012.69,0.0,0.0,0
15m,1758646800.0,2.8863,2.8872,2.8752,2.8766,541440.78,0.0,0.0,0
15m,1758647700.0,2.8766,2.8782,2.8685,2.8693,245698.51,0.0,0.0,0
15m,1758648600.0,2.8693,2.8748,2.8551,2.8565,1578857.01,0.0,0.0,0
15m,1758649500.0,2.8565,2.8614,2.8453,2.8488,451486.42,0.0,0.0,0
15m,1758650400.0,2.8488,2.8549,2.8411,2.8539,498617.25,0.0,0.0,0
15m,1758651300.0,2.8539,2.8549,2.8444,2.846,264661.03,0.0,0.0,0
15m,1758652200.0,2.846,2.8523,2.8429,2.8461,338504.38,0.0,0.0,0
15m,1758653100.0,2.8461,2.8478,2.8381,2.8458,409867.04,0.0,0.0,0
15m,1758654000.0,2.8458,2.8655,2.8456,2.8643,374286.92,0.0,0.0,0
15m,1758654900.0,2.8643,2.8699,2.8607,2.8654,181817.47,0.0,0.0,0
15m,1758655800.0,2.8654,2.8659,2.8559,2.8562,155709.35,0.0,0.0,0
15m,1758656700.0,2.8562,2.8575,2.8477,2.8535,584036.79,0.0,0.0,0
15m,1758657600.0,2.8535,2.8602,2.8488,2.8509,671650.25,0.0,0.0,0
15m,1758658500.0,2.8509,2.8527,2.8386,2.8435,283209.9,0.0,0.0,0
15m,1758659400.0,2.8435,2.8559,2.8429,2.8526,292555.06,0.0,0.0,0
15m,1758660300.0,2.8526,2.8553,2.8445,2.8552,232856.24,0.0,0.0,0
15m,1758661200.0,2.8552,2.8564,2.8416,2.845,245054.95,0.0,0.0,0
15m,1758662100.0,2.845,2.8477,2.8351,2.847,147192.82,0.0,0.0,0
15m,1758663000.0,2.847,2.8579,2.8464,2.8579,97600.7,0.0,0.0,0
15m,1758663900.0,2.8579,2.8579,2.8479,2.8485,58874.73,0.0,0.0,0
15m,1758664800.0,2.8485,2.8485,2.8413,2.8438,214066.56,0.0,0.0,0
15m,1758665700.0,2.8438,2.8445,2.8356,2.8366,182285.96,0.0,0.0,0
15m,1758666600.0,2.8366,2.8449,2.8366,2.8407,141611.38,0.0,0.0,0
15m,1758667500.0,2.8407,2.8418,2.8331,2.8354,177093.88,0.0,0.0,0
15m,1758668400.0,2.8354,2.8365,2.8272,2.828,452864.37,0.0,0.0,0
15m,1758669300.0,2.828,2.8307,2.8162,2.8203,639935.82,0.0,0.0,0
15m,1758670200.0,2.8203,2.8333,2.8196,2.8298,603230.01,0.0,0.0,0
15m,1758671100.0,2.8298,2.833,2.8243,2.8248,138641.81,0.0,0.0,0
15m,1758672000.0,2.8248,2.8313,2.8216,2.8307,320603.66,0.0,0.0,0
15m,1758672900.0,2.8307,2.8424,2.8303,2.838,263782.94,0.0,0.0,0
15m,1758673800.0,2.838,2.8382,2.8288,2.8329,216201.37,0.0,0.0,0
15m,1758674700.0,2.8329,2.8375,2.8274,2.8282,355864.56,0.0,0.0,0
15m,1758675600.0,2.8282,2.8348,2.8245,2.8319,317681.12,0.0,0.0,0
15m,1758676500.0,2.8319,2.8391,2.8307,2.8383,202371.26,0.0,0.0,0
15m,1758677400.0,2.8383,2.8413,2.8349,2.8352,124511.81,0.0,0.0,0
15m,1758678300.0,2.8352,2.843,2.8349,2.8409,252008.66,0.0,0.0,0
15m,1758679200.0,2.8409,2.8415,2.829,2.8293,411576.41,0.0,0.0,0
15m,1758680100.0,2.8293,2.8302,2.8215,2.8253,386497.77,0.0,0.0,0
15m,1758681000.0,2.8253,2.8292,2.821,2.8266,330134.24,0.0,0.0,0
15m,1758681900.0,2.8266,2.833,2.819,2.8292,1271668.88,0.0,0.0,0
15m,1758682800.0,2.8292,2.8346,2.825,2.8277,552777.67,0.0,0.0,0
15m,1758683700.0,2.8277,2.8307,2.8053,2.8127,876646.32,0.0,0.0,0
15m,1758684600.0,2.8127,2.8214,2.8102,2.8162,848243.39,0.0,0.0,0
15m,1758685500.0,2.8162,2.8181,2.8065,2.8141,301615.59,0.0,0.0,0
15m,1758686400.0,2.8141,2.8141,2.7883,2.8049,2485559.0,0.0,0.0,0
15m,1758687300.0,2.8049,2.8251,2.7999,2.8243,603267.06,0.0,0.0,0
15m,1758688200.0,2.8243,2.8489,2.8243,2.8445,896621.22,0.0,0.0,0
15m,1758689100.0,2.8445,2.8451,2.8389,2.8403,535720.64,0.0,0.0,0
15m,1758690000.0,2.8403,2.8468,2.8379,2.8457,508361.26,0.0,0.0,0
15m,1758690900.0,2.8457,2.8485,2.8398,2.8446,402767.36,0.0,0.0,0
15m,1758691800.0,2.8446,2.857,2.8422,2.8548,709337.09,0.0,0.0,0
15m,1758692700.0,2.8548,2.8607,2.8542,2.8573,607245.03,0.0,0.0,0
15m,1758693600.0,2.8573,2.8624,2.8529,2.8578,677490.74,0.0,0.0,0
15m,1758694500.0,2.8578,2.8687,2.8552,2.8567,714831.81,0.0,0.0,0
15m,1758695400.0,2.8567,2.857,2.8506,2.8539,616293.97,0.0,0.0,0
15m,1758696300.0,2.8539,2.8592,2.8529,2.856,521570.72,0.0,0.0,0
15m,1758697200.0,2.856,2.8686,2.8543,2.8679,477780.22,0.0,0.0,0
15m,1758698100.0,2.8679,2.8726,2.8618,2.8646,476558.82,0.0,0.0,0
15m,1758699000.0,2.8646,2.8747,2.8622,2.8724,306659.43,0.0,0.0,0
15m,1758699900.0,2.8724,2.8771,2.87,2.8735,550971.76,0.0,0.0,0
15m,1758700800.0,2.8735,2.8744,2.8692,2.8718,475508.26,0.0,0.0,0
15m,1758701700.0,2.8718,2.8749,2.8671,2.8721,648715.89,0.0,0.0,0
15m,1758702600.0,2.8721,2.8771,2.8721,2.8763,369562.41,0.0,0.0,0
15m,1758703500.0,2.8763,2.8795,2.8729,2.8745,380022.47,0.0,0.0,0
15m,1758704400.0,2.8745,2.8746,2.8714,2.8723,279733.9,0.0,0.0,0
15m,1758705300.0,2.8723,2.874,2.87,2.8726,224763.53,0.0,0.0,0
15m,1758706200.0,2.8726,2.8789,2.8724,2.8775,303176.88,0.0,0.0,0
15m,1758707100.0,2.8775,2.8781,2.8733,2.8736,277796.03,0.0,0.0,0
15m,1758708000.0,2.8736,2.8754,2.8704,2.8713,418079.68,0.0,0.0,0
15m,1758708900.0,2.8713,2.8736,2.8685,2.869,251913.83,0.0,0.0,0
15m,1758709800.0,2.869,2.8735,2.8683,2.8706,363899.39,0.0,0.0,0
15m,1758710700.0,2.8706,2.8738,2.8682,2.8727,189100.42,0.0,0.0,0
15m,1758711600.0,2.8727,2.8841,2.8719,2.8819,441236.82,0.0,0.0,0
15m,1758712500.0,2.8819,2.884,2.8762,2.8767,270945.06,0.0,0.0,0
15m,1758713400.0,2.8767,2.8817,2.8752,2.8782,446999.69,0.0,0.0,0
15m,1758714300.0,2.8782,2.8818,2.8754,2.8803,285316.36,0.0,0.0,0
15m,1758715200.0,2.8803,2.8871,2.8803,2.8857,396775.11,0.0,0.0,0
15m,1758716100.0,2.8857,2.8874,2.8785,2.8787,549228.17,0.0,0.0,0
15m,1758717000.0,2.8787,2.8835,2.8787,2.8824,174012.77,0.0,0.0,0
15m,1758717900.0,2.8824,2.8824,2.8748,2.8765,260128.71,0.0,0.0,0
15m,1758718800.0,2.8765,2.8787,2.8737,2.8751,174497.52,0.0,0.0,0
15m,1758719700.0,2.8751,2.8805,2.8743,2.8769,234156.55,0.0,0.0,0
15m,1758720600.0,2.8769,2.8867,2.8718,2.8826,641538.27,0.0,0.0,0
15m,1758721500.0,2.8826,2.8858,2.8762,2.8766,495353.6,0.0,0.0,0
15m,1758722400.0,2.8766,2.8906,2.8766,2.8904,579862.01,0.0,0.0,0
15m,1758723300.0,2.8904,2.8956,2.8862,2.8947,591883.25,0.0,0.0,0
15m,1758724200.0,2.8947,2.9049,2.894,2.9048,942125.03,0.0,0.0,0
15m,1758725100.0,2.9048,2.926,2.9044,2.9196,2094175.51,0.0,0.0,0
15m,1758726000.0,2.9196,2.9244,2.9082,2.9088,950482.82,0.0,0.0,0
15m,1758726900.0,2.9088,2.9242,2.9088,2.9235,742558.57,0.0,0.0,0
15m,1758727800.0,2.9235,2.9382,2.9233,2.9334,1200072.04,0.0,0.0,0
15m,1758728700.0,2.9334,2.9506,2.926,2.9401,1622709.8,0.0,0.0,0
15m,1758729600.0,2.9401,2.9471,2.9287,2.9313,927967.67,0.0,0.0,0
15m,1758730500.0,2.9313,2.9483,2.931,2.9453,821230.91,0.0,0.0,0
15m,1758731400.0,2.9453,2.9473,2.9312,2.944,1322928.37,0.0,0.0,0
15m,1758732300.0,2.944,2.9526,2.9403,2.946,1071337.29,0.0,0.0,0
15m,1758733200.0,2.946,2.9492,2.9385,2.9475,605905.19,0.0,0.0,0
15m,1758734100.0,2.9475,2.9493,2.9343,2.9364,732816.11,0.0,0.0,0
15m,1758735000.0,2.9364,2.9556,2.9362,2.9496,686705.78,0.0,0.0,0
15m,1758735900.0,2.9496,2.9509,2.9404,2.9438,436711.97,0.0,0.0,0
15m,1758736800.0,2.9438,2.9509,2.9406,2.9486,437557.98,0.0,0.0,0
15m,1758737700.0,2.9486,2.9534,2.944,2.9526,308711.31,0.0,0.0,0
15m,1758738600.0,2.9526,2.9557,2.9472,2.9519,526597.57,0.0,0.0,0
15m,1758739500.0,2.9519,2.9533,2.9461,2.9511,332160.33,0.0,0.0,0
15m,1758740400.0,2.9511,2.9565,2.9479,2.9513,439769.64,0.0,0.0,0
15m,1758741300.0,2.9513,2.9549,2.9498,2.9521,224749.61,0.0,0.0,0
15m,1758742200.0,2.9521,2.9605,2.9472,2.9592,489097.56,0.0,0.0,0
15m,1758743100.0,2.9592,2.9956,2.9568,2.9767,3159378.36,0.0,0.0,0
15m,1758744000.0,2.9767,2.9794,2.9633,2.9642,1207710.9,0.0,0.0,0
15m,1758744900.0,2.9642,2.975,2.9621,2.9644,562722.35,0.0,0.0,0
15m,1758745800.0,2.9644,2.9645,2.9515,2.9585,547791.67,0.0,0.0,0
15m,1758746700.0,2.9585,2.9766,2.9579,2.9679,399682.27,0.0,0.0,0
15m,1758747600.0,2.9679,2.9755,2.9627,2.9709,508776.29,0.0,0.0,0
15m,1758748500.0,2.9709,2.9726,2.9598,2.9639,315943.02,0.0,0.0,0
15m,1758749400.0,2.9639,2.9656,2.9539,2.9551,254365.23,0.0,0.0,0
15m,1758750300.0,2.9551,2.9601,2.9412,2.9436,483394.14,0.0,0.0,0
15m,1758751200.0,2.9436,2.9585,2.9431,2.9572,621083.85,0.0,0.0,0
15m,1758752100.0,2.9572,2.9597,2.9442,2.9446,513437.55,0.0,0.0,0
15m,1758753000.0,2.9446,2.9491,2.9418,2.9459,1262977.5,0.0,0.0,0
15m,1758753900.0,2.9459,2.9505,2.9366,2.9422,704303.28,0.0,0.0,0
15m,1758754800.0,2.9422,2.9479,2.9352,2.9393,574673.56,0.0,0.0,0
15m,1758755700.0,2.9393,2.9402,2.9288,2.9288,440953.05,0.0,0.0,0
15m,1758756600.0,2.9288,2.9315,2.9234,2.9297,793125.74,0.0,0.0,0
15m,1758757500.0,2.9297,2.9325,2.9242,2.9255,521959.4,0.0,0.0,0
15m,1758758400.0,2.9255,2.944,2.9253,2.9427,978219.64,0.0,0.0,0
15m,1758759300.0,2.9427,2.9445,2.9217,2.9221,860402.37,0.0,0.0,0
15m,1758760200.0,2.9221,2.932,2.9214,2.9241,485882.55,0.0,0.0,0
15m,1758761100.0,2.9241,2.9254,2.9115,2.9143,945352.6,0.0,0.0,0
15m,1758762000.0,2.9143,2.919,2.9059,2.9109,938196.85,0.0,0.0,0
15m,1758762900.0,2.9109,2.9145,2.9044,2.9095,541689.65,0.0,0.0,0
15m,1758763800.0,2.9095,2.9095,2.8955,2.8979,853214.19,0.0,0.0,0
15m,1758764700.0,2.8979,2.9018,2.8907,2.8959,709752.75,0.0,0.0,0
15m,1758765600.0,2.8959,2.9104,2.8957,2.8983,532416.61,0.0,0.0,0
15m,1758766500.0,2.8983,2.8984,2.8884,2.8976,596706.15,0.0,0.0,0
15m,1758767400.0,2.8976,2.9175,2.8974,2.9033,997304.68,0.0,0.0,0
15m,1758768300.0,2.9033,2.9111,2.9025,2.905,329391.1,0.0,0.0,0
15m,1758769200.0,2.905,2.905,2.8952,2.8958,208409.02,0.0,0.0,0
15m,1758770100.0,2.8958,2.898,2.8755,2.8771,783661.93,0.0,0.0,0
15m,1758771000.0,2.8771,2.8802,2.872,2.8753,866412.36,0.0,0.0,0
15m,1758771900.0,2.8753,2.8763,2.8698,2.8731,479336.29,0.0,0.0,0
15m,1758772800.0,2.8731,2.8784,2.861,2.8634,709117.35,0.0,0.0,0
15m,1758773700.0,2.8634,2.864,2.8384,2.8532,2832502.7,0.0,0.0,0
15m,1758774600.0,2.8532,2.8554,2.8424,2.8491,1036826.0,0.0,0.0,0
15m,1758775500.0,2.8491,2.8551,2.8323,2.8447,1502521.25,0.0,0.0,0
15m,1758776400.0,2.8447,2.8533,2.8348,2.8519,757749.72,0.0,0.0,0
15m,1758777300.0,2.8519,2.8628,2.8493,2.8615,745656.58,0.0,0.0,0
15m,1758778200.0,2.8615,2.8619,2.8542,2.8575,534256.48,0.0,0.0,0
15m,1758779100.0,2.8575,2.8664,2.8548,2.8651,573740.0,0.0,0.0,0
15m,1758780000.0,2.8651,2.8656,2.8471,2.8479,731398.59,0.0,0.0,0
15m,1758780900.0,2.8479,2.8547,2.8444,2.851,819061.34,0.0,0.0,0
15m,1758781800.0,2.851,2.8612,2.8493,2.8505,540938.27,0.0,0.0,0
15m,1758782700.0,2.8505,2.8526,2.844,2.846,485370.46,0.0,0.0,0
15m,1758783600.0,2.846,2.8526,2.8386,2.8461,826671.49,0.0,0.0,0
15m,1758784500.0,2.8461,2.8577,2.8447,2.8528,668425.95,0.0,0.0,0
15m,1758785400.0,2.8528,2.8549,2.8467,2.8528,279337.77,0.0,0.0,0
15m,1758786300.0,2.8528,2.8538,2.8385,2.8424,483963.27,0.0,0.0,0
15m,1758787200.0,2.8424,2.8549,2.8392,2.8484,775168.87,0.0,0.0,0
15m,1758788100.0,2.8484,2.8548,2.841,2.8507,609961.08,0.0,0.0,0
15m,1758789000.0,2.8507,2.8507,2.8326,2.8342,668520.49,0.0,0.0,0
15m,1758789900.0,2.8342,2.8354,2.8268,2.8318,820438.83,0.0,0.0,0
15m,1758790800.0,2.8318,2.8441,2.8293,2.8435,483732.99,0.0,0.0,0
15m,1758791700.0,2.8435,2.8474,2.8375,2.8413,944732.15,0.0,0.0,0
15m,1758792600.0,2.8413,2.844,2.8306,2.834,1236529.25,0.0,0.0,0
15m,1758793500.0,2.834,2.8363,2.8248,2.8275,766704.38,0.0,0.0,0
15m,1758794400.0,2.8275,2.8316,2.824,2.8304,412447.72,0.0,0.0,0
15m,1758795300.0,2.8304,2.8383,2.8302,2.8315,297938.94,0.0,0.0,0
15m,1758796200.0,2.8315,2.8317,2.8224,2.8255,744666.17,0.0,0.0,0
15m,1758797100.0,2.8255,2.8255,2.8176,2.8176,638675.37,0.0,0.0,0
15m,1758798000.0,2.8176,2.8236,2.8122,2.816,542855.63,0.0,0.0,0
15m,1758798900.0,2.816,2.8163,2.8076,2.8123,751011.81,0.0,0.0,0
15m,1758799800.0,2.8123,2.8171,2.8105,2.8153,535647.87,0.0,0.0,0
15m,1758800700.0,2.8153,2.8172,2.8109,2.8156,448699.29,0.0,0.0,0
15m,1758801600.0,2.8156,2.8241,2.814,2.8241,757306.64,0.0,0.0,0
15m,1758802500.0,2.8241,2.8242,2.7941,2.7943,2313628.47,0.0,0.0,0
15m,1758803400.0,2.7943,2.8312,2.7862,2.8273,3843505.24,0.0,0.0,0
15m,1758804300.0,2.8273,2.8402,2.8218,2.8277,1346973.72,0.0,0.0,0
15m,1758805200.0,2.8277,2.8296,2.8065,2.8264,1432072.05,0.0,0.0,0
15m,1758806100.0,2.8264,2.8572,2.8248,2.8496,1998709.59,0.0,0.0,0
15m,1758807000.0,2.8496,2.8519,2.823,2.8291,1203586.6,0.0,0.0,0
15m,1758807900.0,2.8291,2.8389,2.8235,2.827,921818.01,0.0,0.0,0
15m,1758808800.0,2.827,2.8483,2.8268,2.8483,867815.71,0.0,0.0,0
15m,1758809700.0,2.8483,2.8604,2.8479,2.8497,1037764.88,0.0,0.0,0
15m,1758810600.0,2.8497,2.8569,2.8403,2.8472,814549.81,0.0,0.0,0
15m,1758811500.0,2.8472,2.8481,2.8377,2.8385,532754.82,0.0,0.0,0
15m,1758812400.0,2.8385,2.8399,2.8292,2.8307,638414.25,0.0,0.0,0
15m,1758813300.0,2.8307,2.8327,2.8218,2.8265,549958.35,0.0,0.0,0
15m,1758814200.0,2.8265,2.8362,2.826,2.8273,458205.28,0.0,0.0,0
15m,1758815100.0,2.8273,2.831,2.8196,2.831,488742.77,0.0,0.0,0
15m,1758816000.0,2.831,2.8377,2.8277,2.8294,668612.74,0.0,0.0,0
15m,1758816900.0,2.8294,2.8301,2.8031,2.8047,1170242.29,0.0,0.0,0
15m,1758817800.0,2.8047,2.8135,2.8031,2.8097,473560.42,0.0,0.0,0
15m,1758818700.0,2.8097,2.8131,2.7879,2.7913,1058577.83,0.0,0.0,0
15m,1758819600.0,2.7913,2.7935,2.761,2.7617,2056083.43,0.0,0.0,0
15m,1758820500.0,2.7617,2.7783,2.752,2.7702,4912019.35,0.0,0.0,0
15m,1758821400.0,2.7702,2.7743,2.7406,2.7511,2887844.62,0.0,0.0,0
15m,1758822300.0,2.7511,2.7611,2.7234,2.7365,3161801.2,0.0,0.0,0
15m,1758823200.0,2.7365,2.7608,2.7328,2.7607,2205194.06,0.0,0.0,0
15m,1758824100.0,2.7607,2.7834,2.7539,2.7804,1508758.7,0.0,0.0,0
15m,1758825000.0,2.7804,2.7904,2.7723,2.7853,1146758.89,0.0,0.0,0
15m,1758825900.0,2.7853,2.8,2.7785,2.7999,1418552.04,0.0,0.0,0
15m,1758826800.0,2.7999,2.8059,2.7963,2.7971,532598.98,0.0,0.0,0
15m,1758827700.0,2.7971,2.8136,2.795,2.8091,642780.89,0.0,0.0,0
15m,1758828600.0,2.8091,2.8112,2.7829,2.7838,706656.38,0.0,0.0,0
15m,1758829500.0,2.7838,2.7843,2.7472,2.7606,1983791.62,0.0,0.0,0
15m,1758830400.0,2.7606,2.7689,2.7559,2.7617,489919.95,0.0,0.0,0
15m,1758831300.0,2.7617,2.7716,2.7575,2.7589,351577.46,0.0,0.0,0
15m,1758832200.0,2.7589,2.7594,2.7503,2.7571,468633.71,0.0,0.0,0
15m,1758833100.0,2.7571,2.7621,2.7461,2.7478,397373.98,0.0,0.0,0
15m,1758834000.0,2.7478,2.7645,2.7463,2.7544,572761.34,0.0,0.0,0
15m,1758834900.0,2.7544,2.7594,2.7479,2.7517,570684.93,0.0,0.0,0
15m,1758835800.0,2.7517,2.7539,2.7335,2.7418,921150.61,0.0,0.0,0
15m,1758836700.0,2.7418,2.7597,2.7415,2.7568,161560.35,0.0,0.0,0
15m,1758837600.0,2.7568,2.7659,2.7492,2.765,431047.7,0.0,0.0,0
15m,1758838500.0,2.765,2.7679,2.7514,2.7533,535715.65,0.0,0.0,0
15m,1758839400.0,2.7533,2.7569,2.7513,2.7549,388072.35,0.0,0.0,0
15m,1758840300.0,2.7549,2.7554,2.7448,2.7543,703239.44,0.0,0.0,0
15m,1758841200.0,2.7543,2.7647,2.7517,2.7532,553887.07,0.0,0.0,0
15m,1758842100.0,2.7532,2.7591,2.7501,2.7538,491499.44,0.0,0.0,0
15m,1758843000.0,2.7538,2.7539,2.7318,2.7377,1558770.6,0.0,0.0,0
15m,1758843900.0,2.7377,2.7442,2.7331,2.7431,653852.4,0.0,0.0,0
15m,1758844800.0,2.7431,2.7561,2.7425,2.7549,643252.91,0.0,0.0,0
15m,1758845700.0,2.7549,2.7653,2.7549,2.7614,393514.55,0.0,0.0,0
15m,1758846600.0,2.7614,2.7614,2.7393,2.7398,545827.47,0.0,0.0,0
15m,1758847500.0,2.7398,2.7725,2.7388,2.7682,1004840.26,0.0,0.0,0
15m,1758848400.0,2.7682,2.7709,2.7579,2.7659,1001484.21,0.0,0.0,0
15m,1758849300.0,2.7659,2.7774,2.7653,2.7674,646410.55,0.0,0.0,0
15m,1758850200.0,2.7674,2.7725,2.7638,2.7678,420244.8,0.0,0.0,0
15m,1758851100.0,2.7678,2.7727,2.7619,2.7676,583150.56,0.0,0.0,0
15m,1758852000.0,2.7676,2.7785,2.7552,2.7599,513666.39,0.0,0.0,0
15m,1758852900.0,2.7599,2.7665,2.7533,2.7544,432561.31,0.0,0.0,0
15m,1758853800.0,2.7544,2.7611,2.7498,2.7579,393466.36,0.0,0.0,0
15m,1758854700.0,2.7579,2.7664,2.7556,2.7592,358486.36,0.0,0.0,0
15m,1758855600.0,2.7592,2.7598,2.7433,2.7583,716864.97,0.0,0.0,0
15m,1758856500.0,2.7583,2.7637,2.7529,2.7536,381212.07,0.0,0.0,0
15m,1758857400.0,2.7536,2.7554,2.7465,2.7528,325944.05,0.0,0.0,0
15m,1758858300.0,2.7528,2.7628,2.7475,2.761,390828.52,0.0,0.0,0
15m,1758859200.0,2.761,2.7629,2.7539,2.7582,288255.25,0.0,0.0,0
15m,1758860100.0,2.7582,2.7659,2.7551,2.7611,265098.05,0.0,0.0,0
15m,1758861000.0,2.7611,2.7611,2.7536,2.7564,305505.79,0.0,0.0,0
15m,1758861900.0,2.7564,2.7637,2.755,2.7628,257374.44,0.0,0.0,0
15m,1758862800.0,2.7628,2.7709,2.7602,2.7652,250822.46,0.0,0.0,0
15m,1758863700.0,2.7652,2.7749,2.765,2.7738,281497.58,0.0,0.0,0
15m,1758864600.0,2.7738,2.7738,2.7589,2.7611,330438.97,0.0,0.0,0
15m,1758865500.0,2.7611,2.7634,2.7507,2.7528,578287.28,0.0,0.0,0
15m,1758866400.0,2.7528,2.755,2.7381,2.7487,1253929.2,0.0,0.0,0
15m,1758867300.0,2.7487,2.7715,2.7471,2.7635,558335.86,0.0,0.0,0
15m,1758868200.0,2.7635,2.7705,2.7571,2.7684,487487.02,0.0,0.0,0
15m,1758869100.0,2.7684,2.7685,2.7524,2.7556,753908.14,0.0,0.0,0
15m,1758870000.0,2.7556,2.7663,2.7553,2.7656,497915.33,0.0,0.0,0
15m,1758870900.0,2.7656,2.7677,2.758,2.758,334029.2,0.0,0.0,0
15m,1758871800.0,2.758,2.758,2.7401,2.7402,608446.21,0.0,0.0,0
15m,1758872700.0,2.7402,2.7566,2.7385,2.7551,992547.83,0.0,0.0,0
15m,1758873600.0,2.7551,2.7658,2.7548,2.7626,427767.76,0.0,0.0,0
15m,1758874500.0,2.7626,2.7683,2.7553,2.7619,294010.69,0.0,0.0,0
15m,1758875400.0,2.7619,2.767,2.7607,2.7654,302473.62,0.0,0.0,0
15m,1758876300.0,2.7654,2.767,2.7569,2.7591,370724.16,0.0,0.0,0
15m,1758877200.0,2.7591,2.7662,2.7534,2.766,303952.07,0.0,0.0,0
15m,1758878100.0,2.766,2.7662,2.7584,2.7623,227801.49,0.0,0.0,0
15m,1758879000.0,2.7623,2.7638,2.7408,2.7432,1145382.39,0.0,0.0,0
15m,1758879900.0,2.7432,2.75,2.742,2.7488,310346.89,0.0,0.0,0
15m,1758880800.0,2.7488,2.749,2.7241,2.7274,1670105.93,0.0,0.0,0
15m,1758881700.0,2.7274,2.731,2.7236,2.7281,603833.71,0.0,0.0,0
15m,1758882600.0,2.7281,2.7303,2.717,2.718,897632.83,0.0,0.0,0
15m,1758883500.0,2.718,2.7231,2.7097,2.7099,922780.35,0.0,0.0,0
15m,1758884400.0,2.7099,2.7125,2.6988,2.7015,1389737.3,0.0,0.0,0
15m,1758885300.0,2.7015,2.714,2.6997,2.7071,864726.67,0.0,0.0,0
15m,1758886200.0,2.7071,2.726,2.7069,2.7243,753719.05,0.0,0.0,0
15m,1758887100.0,2.7243,2.7331,2.7226,2.7277,296822.68,0.0,0.0,0
15m,1758888000.0,2.7277,2.7278,2.7064,2.7064,361116.29,0.0,0.0,0
15m,1758888900.0,2.7064,2.733,2.7064,2.73,519000.08,0.0,0.0,0
15m,1758889800.0,2.73,2.7764,2.7194,2.7617,4283205.74,0.0,0.0,0
15m,1758890700.0,2.7617,2.7637,2.7425,2.7531,657144.68,0.0,0.0,0
15m,1758891600.0,2.7531,2.7567,2.7407,2.7421,503108.26,0.0,0.0,0
15m,1758892500.0,2.7421,2.75,2.7353,2.739,621779.63,0.0,0.0,0
15m,1758893400.0,2.739,2.7598,2.7325,2.7519,1235921.29,0.0,0.0,0
15m,1758894300.0,2.7519,2.768,2.7477,2.7612,1193917.68,0.0,0.0,0
15m,1758895200.0,2.7612,2.7629,2.7354,2.7372,648969.44,0.0,0.0,0
15m,1758896100.0,2.7372,2.7417,2.7185,2.7249,863316.78,0.0,0.0,0
15m,1758897000.0,2.7249,2.7249,2.7048,2.707,1077987.24,0.0,0.0,0
15m,1758897900.0,2.707,2.7132,2.7005,2.7076,653459.68,0.0,0.0,0
15m,1758898800.0,2.7076,2.7279,2.7059,2.7183,514824.2,0.0,0.0,0
15m,1758899700.0,2.7183,2.7438,2.7149,2.7437,637373.09,0.0,0.0,0
15m,1758900600.0,2.7437,2.7491,2.734,2.7399,740687.95,0.0,0.0,0
15m,1758901500.0,2.7399,2.7432,2.7311,2.7354,421635.01,0.0,0.0,0
15m,1758902400.0,2.7354,2.7534,2.7309,2.7469,683955.09,0.0,0.0,0
15m,1758903300.0,2.7469,2.7618,2.7459,2.7507,597533.92,0.0,0.0,0
15m,1758904200.0,2.7507,2.7565,2.7474,2.7535,416989.68,0.0,0.0,0
15m,1758905100.0,2.7535,2.7662,2.7529,2.7632,390790.37,0.0,0.0,0
15m,1758906000.0,2.7632,2.7754,2.7628,2.7732,551558.5,0.0,0.0,0
15m,1758906900.0,2.7732,2.7919,2.7694,2.7898,1019992.32,0.0,0.0,0
15m,1758907800.0,2.7898,2.7922,2.784,2.7878,527053.51,0.0,0.0,0
15m,1758908700.0,2.7878,2.7968,2.7863,2.7936,1114671.37,0.0,0.0,0
15m,1758909600.0,2.7936,2.8012,2.7906,2.8006,940513.61,0.0,0.0,0
15m,1758910500.0,2.8006,2.8088,2.7996,2.8074,483197.14,0.0,0.0,0
15m,1758911400.0,2.8074,2.8092,2.7984,2.7984,513280.36,0.0,0.0,0
15m,1758912300.0,2.7984,2.8059,2.7953,2.8027,329902.81,0.0,0.0,0
15m,1758913200.0,2.8027,2.8057,2.7917,2.796,632786.85,0.0,0.0,0
15m,1758914100.0,2.796,2.8059,2.7885,2.7885,385216.48,0.0,0.0,0
15m,1758915000.0,2.7885,2.793,2.7698,2.7752,1458067.09,0.0,0.0,0
15m,1758915900.0,2.7752,2.8,2.7752,2.7919,495668.35,0.0,0.0,0
15m,1758916800.0,2.7919,2.7967,2.7853,2.7958,380387.61,0.0,0.0,0
15m,1758917700.0,2.7958,2.7976,2.783,2.7861,319665.71,0.0,0.0,0
15m,1758918600.0,2.7861,2.7883,2.7797,2.78,139395.17,0.0,0.0,0
15m,1758919500.0,2.78,2.7829,2.7773,2.7783,136763.44,0.0,0.0,0
15m,1758920400.0,2.7783,2.7813,2.7704,2.7805,499570.74,0.0,0.0,0
15m,1758921300.0,2.7805,2.7884,2.774,2.7875,298587.92,0.0,0.0,0
15m,1758922200.0,2.7875,2.7892,2.7772,2.7772,231556.63,0.0,0.0,0
15m,1758923100.0,2.7772,2.7874,2.7763,2.7865,97934.52,0.0,0.0,0
15m,1758924000.0,2.7865,2.7909,2.7814,2.7898,130565.7,0.0,0.0,0
15m,1758924900.0,2.7898,2.7929,2.785,2.7854,368987.05,0.0,0.0,0
15m,1758925800.0,2.7854,2.7897,2.7844,2.7876,100481.1,0.0,0.0,0
15m,1758926700.0,2.7876,2.79,2.7821,2.7825,89239.7,0.0,0.0,0
15m,1758927600.0,2.7825,2.7825,2.7757,2.7764,63319.57,0.0,0.0,0
15m,1758928500.0,2.7764,2.7835,2.7757,2.783,117122.17,0.0,0.0,0
15m,1758929400.0,2.783,2.7886,2.7827,2.785,136194.62,0.0,0.0,0
15m,1758930300.0,2.785,2.7866,2.7828,2.7834,65510.25,0.0,0.0,0
15m,1758931200.0,2.7834,2.7836,2.7764,2.7773,182531.27,0.0,0.0,0
15m,1758932100.0,2.7773,2.7821,2.7757,2.7806,303705.71,0.0,0.0,0
15m,1758933000.0,2.7806,2.7833,2.7758,2.7779,213571.19,0.0,0.0,0
15m,1758933900.0,2.7779,2.7822,2.7725,2.7804,267846.77,0.0,0.0,0
15m,1758934800.0,2.7804,2.7827,2.7759,2.7787,239879.67,0.0,0.0,0
15m,1758935700.0,2.7787,2.7795,2.7676,2.7706,279004.66,0.0,0.0,0
15m,1758936600.0,2.7706,2.7723,2.7675,2.7702,173050.23,0.0,0.0,0
15m,1758937500.0,2.7702,2.7733,2.7692,2.7727,128912.11,0.0,0.0,0
15m,1758938400.0,2.7727,2.7752,2.7698,2.7752,200908.3,0.0,0.0,0
15m,1758939300.0,2.7752,2.7766,2.7698,2.7731,117040.32,0.0,0.0,0
15m,1758940200.0,2.7731,2.7824,2.7712,2.7824,105112.95,0.0,0.0,0
15m,1758941100.0,2.7824,2.7843,2.777,2.7777,97113.85,0.0,0.0,0
15m,1758942000.0,2.7777,2.7855,2.7766,2.7836,196517.99,0.0,0.0,0
15m,1758942900.0,2.7836,2.7892,2.783,2.7883,158851.83,0.0,0.0,0
15m,1758943800.0,2.7883,2.7898,2.7862,2.7888,218578.05,0.0,0.0,0
15m,1758944700.0,2.7888,2.79,2.7829,2.7835,233136.31,0.0,0.0,0
15m,1758945600.0,2.7835,2.7867,2.7796,2.7796,193728.66,0.0,0.0,0
15m,1758946500.0,2.7796,2.7876,2.7794,2.7874,455135.87,0.0,0.0,0
15m,1758947400.0,2.7874,2.79,2.7856,2.7858,258907.9,0.0,0.0,0
15m,1758948300.0,2.7858,2.7869,2.7828,2.7833,108577.39,0.0,0.0,0
15m,1758949200.0,2.7833,2.7833,2.7759,2.7787,227162.29,0.0,0.0,0
15m,1758950100.0,2.7787,2.7812,2.778,2.7805,71357.11,0.0,0.0,0
15m,1758951000.0,2.7805,2.7892,2.7798,2.7887,129406.85,0.0,0.0,0
15m,1758951900.0,2.7887,2.791,2.7878,2.79,136542.92,0.0,0.0,0
15m,1758952800.0,2.79,2.791,2.7862,2.7891,276301.33,0.0,0.0,0
15m,1758953700.0,2.7891,2.7911,2.7868,2.7891,129782.53,0.0,0.0,0
15m,1758954600.0,2.7891,2.7943,2.789,2.7909,199466.33,0.0,0.0,0
15m,1758955500.0,2.7909,2.7969,2.7901,2.7969,235020.97,0.0,0.0,0
15m,1758956400.0,2.7969,2.8016,2.7937,2.794,421744.76,0.0,0.0,0
15m,1758957300.0,2.794,2.7945,2.7898,2.79,134359.69,0.0,0.0,0
15m,1758958200.0,2.79,2.7903,2.7806,2.7814,321981.05,0.0,0.0,0
15m,1758959100.0,2.7814,2.7818,2.7792,2.7813,164862.62,0.0,0.0,0
15m,1758960000.0,2.7813,2.7817,2.7704,2.7714,344380.14,0.0,0.0,0
15m,1758960900.0,2.7714,2.7759,2.7695,2.7759,234461.08,0.0,0.0,0
15m,1758961800.0,2.7759,2.7776,2.7739,2.7751,146568.19,0.0,0.0,0
15m,1758962700.0,2.7751,2.7777,2.7681,2.7697,142751.64,0.0,0.0,0
15m,1758963600.0,2.7697,2.7727,2.7618,2.7669,263244.51,0.0,0.0,0
15m,1758964500.0,2.7669,2.7747,2.7664,2.7731,198593.46,0.0,0.0,0
15m,1758965400.0,2.7731,2.7814,2.7729,2.779,145233.0,0.0,0.0,0
15m,1758966300.0,2.779,2.7834,2.7784,2.7814,322070.53,0.0,0.0,0
15m,1758967200.0,2.7814,2.7853,2.7811,2.7841,75418.41,0.0,0.0,0
15m,1758968100.0,2.7841,2.7846,2.778,2.7798,84402.93,0.0,0.0,0
15m,1758969000.0,2.7798,2.7927,2.7798,2.7923,201488.23,0.0,0.0,0
15m,1758969900.0,2.7923,2.7938,2.7883,2.7883,127740.4,0.0,0.0,0
15m,1758970800.0,2.7883,2.7889,2.784,2.784,52296.74,0.0,0.0,0
15m,1758971700.0,2.784,2.7865,2.7811,2.7825,98495.54,0.0,0.0,0
15m,1758972600.0,2.7825,2.7825,2.7774,2.7774,111506.74,0.0,0.0,0
15m,1758973500.0,2.7774,2.7775,2.7756,2.7775,54716.94,0.0,0.0,0
15m,1758974400.0,2.7775,2.7786,2.7735,2.7768,116273.09,0.0,0.0,0
15m,1758975300.0,2.7768,2.7786,2.7749,2.7772,86033.01,0.0,0.0,0
15m,1758976200.0,2.7772,2.7838,2.7768,2.7829,87430.57,0.0,0.0,0
15m,1758977100.0,2.7829,2.7892,2.7816,2.7844,271677.03,0.0,0.0,0
15m,1758978000.0,2.7844,2.7849,2.7811,2.7842,134269.72,0.0,0.0,0
15m,1758978900.0,2.7842,2.7871,2.7839,2.7842,101702.01,0.0,0.0,0
15m,1758979800.0,2.7842,2.7846,2.7809,2.7846,53274.55,0.0,0.0,0
15m,1758980700.0,2.7846,2.7857,2.7804,2.7818,105481.56,0.0,0.0,0
15m,1758981600.0,2.7818,2.7863,2.7802,2.7845,125184.07,0.0,0.0,0
15m,1758982500.0,2.7845,2.7845,2.7814,2.783,72558.29,0.0,0.0,0
15m,1758983400.0,2.783,2.7847,2.7822,2.7835,69393.2,0.0,0.0,0
15m,1758984300.0,2.7835,2.7835,2.7803,2.7824,87194.53,0.0,0.0,0
15m,1758985200.0,2.7824,2.7824,2.7729,2.7746,209888.17,0.0,0.0,0
15m,1758986100.0,2.7746,2.7778,2.7738,2.7768,172417.44,0.0,0.0,0
15m,1758987000.0,2.7768,2.7848,2.7738,2.7823,143985.34,0.0,0.0,0
15m,1758987900.0,2.7823,2.785,2.7816,2.7841,166075.9,0.0,0.0,0
15m,1758988800.0,2.7841,2.7849,2.7786,2.7787,244526.22,0.0,0.0,0
15m,1758989700.0,2.7787,2.7837,2.7774,2.7828,249227.15,0.0,0.0,0
15m,1758990600.0,2.7828,2.7851,2.7787,2.7787,145285.43,0.0,0.0,0
15m,1758991500.0,2.7787,2.78,2.7745,2.7762,212833.21,0.0,0.0,0
15m,1758992400.0,2.7762,2.7772,2.7691,2.7701,458514.61,0.0,0.0,0
15m,1758993300.0,2.7701,2.7704,2.7628,2.769,475951.85,0.0,0.0,0
15m,1758994200.0,2.769,2.7791,2.7678,2.777,272119.65,0.0,0.0,0
15m,1758995100.0,2.777,2.7848,2.7761,2.7835,243699.07,0.0,0.0,0
15m,1758996000.0,2.7835,2.7859,2.7815,2.7839,350152.71,0.0,0.0,0
15m,1758996900.0,2.7839,2.7865,2.7835,2.7864,204952.14,0.0,0.0,0
15m,1758997800.0,2.7864,2.7899,2.7863,2.7882,277988.53,0.0,0.0,0
15m,1758998700.0,2.7882,2.7898,2.7879,2.7897,155541.64,0.0,0.0,0
15m,1758999600.0,2.7897,2.791,2.789,2.7892,227533.82,0.0,0.0,0
15m,1759000500.0,2.7892,2.7952,2.7867,2.7937,462314.67,0.0,0.0,0
15m,1759001400.0,2.7937,2.7945,2.7877,2.7881,200309.3,0.0,0.0,0
15m,1759002300.0,2.7881,2.7917,2.7872,2.7896,135816.46,0.0,0.0,0
15m,1759003200.0,2.7896,2.7916,2.7874,2.7908,186622.7,0.0,0.0,0
15m,1759004100.0,2.7908,2.7973,2.7887,2.7973,203563.55,0.0,0.0,0
15m,1759005000.0,2.7973,2.7981,2.7941,2.7968,284157.91,0.0,0.0,0
15m,1759005900.0,2.7968,2.7978,2.7944,2.7975,195903.22,0.0,0.0,0
15m,1759006800.0,2.7975,2.7985,2.7876,2.7878,429946.41,0.0,0.0,0
15m,1759007700.0,2.7878,2.7907,2.7874,2.7904,227273.32,0.0,0.0,0
15m,1759008600.0,2.7904,2.7968,2.7898,2.7966,90514.18,0.0,0.0,0
15m,1759009500.0,2.7966,2.7987,2.796,2.7975,103248.31,0.0,0.0,0
15m,1759010400.0,2.7975,2.8035,2.7967,2.8033,338111.68,0.0,0.0,0
15m,1759011300.0,2.8033,2.8087,2.8033,2.8087,327524.0,0.0,0.0,0
15m,1759012200.0,2.8087,2.8287,2.8082,2.8204,882047.96,0.0,0.0,0
15m,1759013100.0,2.8204,2.8268,2.8122,2.8188,595687.26,0.0,0.0,0
15m,1759014000.0,2.8188,2.8262,2.8121,2.8174,339842.47,0.0,0.0,0
15m,1759014900.0,2.8174,2.8195,2.8067,2.8082,579238.9,0.0,0.0,0
15m,1759015800.0,2.8082,2.8126,2.8054,2.8077,260100.3,0.0,0.0,0
15m,1759016700.0,2.8077,2.8109,2.804,2.8045,257759.16,0.0,0.0,0
15m,1759017600.0,2.8045,2.8072,2.7929,2.795,602176.39,0.0,0.0,0
15m,1759018500.0,2.795,2.8145,2.7918,2.8128,747623.58,0.0,0.0,0
15m,1759019400.0,2.8128,2.8144,2.795,2.8059,1208034.63,0.0,0.0,0
15m,1759020300.0,2.8059,2.8065,2.7962,2.8001,571589.13,0.0,0.0,0
15m,1759021200.0,2.8001,2.8024,2.7932,2.7934,440198.6,0.0,0.0,0
15m,1759022100.0,2.7934,2.7993,2.7933,2.795,256806.81,0.0,0.0,0
15m,1759023000.0,2.795,2.7969,2.7854,2.7862,239584.63,0.0,0.0,0
15m,1759023900.0,2.7862,2.7897,2.7853,2.7885,227814.45,0.0,0.0,0
15m,1759024800.0,2.7885,2.7922,2.7867,2.7867,165299.19,0.0,0.0,0
15m,1759025700.0,2.7867,2.792,2.7858,2.7907,92637.73,0.0,0.0,0
15m,1759026600.0,2.7907,2.7941,2.7827,2.784,208410.78,0.0,0.0,0
15m,1759027500.0,2.784,2.7876,2.7805,2.7869,90623.87,0.0,0.0,0
15m,1759028400.0,2.7869,2.7917,2.7864,2.7878,89814.58,0.0,0.0,0
15m,1759029300.0,2.7878,2.7889,2.7822,2.7827,86569.65,0.0,0.0,0
15m,1759030200.0,2.7827,2.785,2.7772,2.7807,120580.57,0.0,0.0,0
15m,1759031100.0,2.7807,2.7837,2.7788,2.7828,54938.48,0.0,0.0,0
15m,1759032000.0,2.7828,2.786,2.7787,2.7813,93489.06,0.0,0.0,0
15m,1759032900.0,2.7813,2.7855,2.7796,2.7806,107724.36,0.0,0.0,0
15m,1759033800.0,2.7806,2.7877,2.7801,2.7876,97232.81,0.0,0.0,0
15m,1759034700.0,2.7876,2.7895,2.7863,2.7888,81400.6,0.0,0.0,0
15m,1759035600.0,2.7888,2.7944,2.7808,2.7811,408843.6,0.0,0.0,0
15m,1759036500.0,2.7811,2.7889,2.7811,2.7875,132697.89,0.0,0.0,0
15m,1759037400.0,2.7875,2.7908,2.783,2.7843,95233.44,0.0,0.0,0
15m,1759038300.0,2.7843,2.7845,2.7811,2.7814,60209.56,0.0,0.0,0
15m,1759039200.0,2.7814,2.7858,2.7807,2.7818,55474.97,0.0,0.0,0
15m,1759040100.0,2.7818,2.7833,2.7754,2.7767,193420.46,0.0,0.0,0
15m,1759041000.0,2.7767,2.7867,2.775,2.7859,206941.32,0.0,0.0,0
15m,1759041900.0,2.7859,2.7897,2.7812,2.7894,219418.68,0.0,0.0,0
15m,1759042800.0,2.7894,2.79,2.7828,2.784,97108.69,0.0,0.0,0
15m,1759043700.0,2.784,2.7887,2.7834,2.7855,154307.09,0.0,0.0,0
15m,1759044600.0,2.7855,2.7881,2.7832,2.787,77791.24,0.0,0.0,0
15m,1759045500.0,2.787,2.7889,2.7848,2.7876,191779.45,0.0,0.0,0
15m,1759046400.0,2.7876,2.7923,2.786,2.7909,185085.26,0.0,0.0,0
15m,1759047300.0,2.7909,2.7944,2.7864,2.7897,237806.25,0.0,0.0,0
15m,1759048200.0,2.7897,2.7906,2.7813,2.7848,278305.07,0.0,0.0,0
15m,1759049100.0,2.7848,2.7945,2.7845,2.7868,148024.44,0.0,0.0,0
15m,1759050000.0,2.7868,2.7903,2.783,2.7848,189953.4,0.0,0.0,0
15m,1759050900.0,2.7848,2.7848,2.7734,2.7792,276549.02,0.0,0.0,0
15m,1759051800.0,2.7792,2.7835,2.7776,2.7835,168278.73,0.0,0.0,0
15m,1759052700.0,2.7835,2.7835,2.7773,2.7773,151489.74,0.0,0.0,0
15m,1759053600.0,2.7773,2.7773,2.7711,2.7736,167973.56,0.0,0.0,0
15m,1759054500.0,2.7736,2.7779,2.7731,2.7779,162148.62,0.0,0.0,0
15m,1759055400.0,2.7779,2.7853,2.7779,2.7841,123224.37,0.0,0.0,0
15m,1759056300.0,2.7841,2.7854,2.7795,2.7812,88089.29,0.0,0.0,0
15m,1759057200.0,2.7812,2.7812,2.776,2.776,100943.07,0.0,0.0,0
15m,1759058100.0,2.776,2.7796,2.7713,2.7725,171141.37,0.0,0.0,0
15m,1759059000.0,2.7725,2.7775,2.7717,2.7747,121811.72,0.0,0.0,0
15m,1759059900.0,2.7747,2.7774,2.772,2.7762,112610.79,0.0,0.0,0
15m,1759060800.0,2.7762,2.7765,2.7677,2.7706,254232.84,0.0,0.0,0
15m,1759061700.0,2.7706,2.7771,2.7695,2.7751,174413.64,0.0,0.0,0
15m,1759062600.0,2.7751,2.7757,2.7664,2.7699,301839.31,0.0,0.0,0
15m,1759063500.0,2.7699,2.7735,2.7678,2.77,351008.65,0.0,0.0,0
15m,1759064400.0,2.77,2.7787,2.7669,2.7768,168357.45,0.0,0.0,0
15m,1759065300.0,2.7768,2.783,2.7762,2.7804,184007.9,0.0,0.0,0
15m,1759066200.0,2.7804,2.7836,2.7792,2.7807,155772.32,0.0,0.0,0
15m,1759067100.0,2.7807,2.7902,2.778,2.7859,164357.07,0.0,0.0,0
15m,1759068000.0,2.7859,2.7874,2.7789,2.7819,98097.46,0.0,0.0,0
15m,1759068900.0,2.7819,2.7892,2.7797,2.789,211718.87,0.0,0.0,0
15m,1759069800.0,2.789,2.7897,2.7862,2.7897,102273.2,0.0,0.0,0
15m,1759070700.0,2.7897,2.7969,2.7893,2.7963,246427.34,0.0,0.0,0
15m,1759071600.0,2.7963,2.8022,2.793,2.8003,282312.71,0.0,0.0,0
15m,1759072500.0,2.8003,2.8141,2.7993,2.8057,645571.81,0.0,0.0,0
15m,1759073400.0,2.8057,2.8117,2.8028,2.8098,384551.2,0.0,0.0,0
15m,1759074300.0,2.8098,2.8115,2.8031,2.8107,229719.81,0.0,0.0,0
15m,1759075200.0,2.8107,2.8198,2.8075,2.8082,323084.33,0.0,0.0,0
15m,1759076100.0,2.8082,2.8124,2.8044,2.8092,283096.73,0.0,0.0,0
15m,1759077000.0,2.8092,2.8139,2.8068,2.813,232346.65,0.0,0.0,0
15m,1759077900.0,2.813,2.8336,2.8119,2.8317,659055.58,0.0,0.0,0
15m,1759078800.0,2.8317,2.8344,2.8248,2.8285,463494.09,0.0,0.0,0
15m,1759079700.0,2.8285,2.8305,2.8206,2.8271,259865.31,0.0,0.0,0
15m,1759080600.0,2.8271,2.8324,2.8263,2.8281,175880.29,0.0,0.0,0
15m,1759081500.0,2.8281,2.8303,2.8227,2.8238,119035.43,0.0,0.0,0
15m,1759082400.0,2.8238,2.8269,2.8166,2.8172,94257.1,0.0,0.0,0
15m,1759083300.0,2.8172,2.8217,2.8163,2.8209,128481.04,0.0,0.0,0
15m,1759084200.0,2.8209,2.8265,2.8209,2.8251,56252.74,0.0,0.0,0
15m,1759085100.0,2.8251,2.8309,2.8246,2.8303,103369.04,0.0,0.0,0
15m,1759086000.0,2.8303,2.8308,2.8229,2.8229,98182.94,0.0,0.0,0
15m,1759086900.0,2.8229,2.8328,2.8219,2.8309,214081.09,0.0,0.0,0
15m,1759087800.0,2.8309,2.8314,2.8256,2.8276,114691.24,0.0,0.0,0
15m,1759088700.0,2.8276,2.8295,2.8267,2.8275,53750.84,0.0,0.0,0
15m,1759089600.0,2.8275,2.8287,2.8263,2.8278,67944.94,0.0,0.0,0
15m,1759090500.0,2.8278,2.8356,2.8268,2.8339,139638.19,0.0,0.0,0
15m,1759091400.0,2.8339,2.8407,2.8339,2.84,300061.05,0.0,0.0,0
15m,1759092300.0,2.84,2.8459,2.8384,2.843,294391.18,0.0,0.0,0
15m,1759093200.0,2.843,2.8506,2.8422,2.8469,331689.01,0.0,0.0,0
15m,1759094100.0,2.8469,2.8471,2.84,2.8421,180731.37,0.0,0.0,0
15m,1759095000.0,2.8421,2.8431,2.8364,2.8368,237923.06,0.0,0.0,0
15m,1759095900.0,2.8368,2.8394,2.8328,2.8394,294061.71,0.0,0.0,0
15m,1759096800.0,2.8394,2.8621,2.8391,2.8516,1468126.43,0.0,0.0,0
15m,1759097700.0,2.8516,2.8596,2.8505,2.8548,529838.52,0.0,0.0,0
15m,1759098600.0,2.8548,2.8616,2.8547,2.8608,304987.12,0.0,0.0,0
15m,1759099500.0,2.8608,2.8634,2.8569,2.8577,214525.5,0.0,0.0,0
15m,1759100400.0,2.8577,2.8669,2.8577,2.8618,291040.1,0.0,0.0,0
15m,1759101300.0,2.8618,2.8647,2.858,2.8612,159323.8,0.0,0.0,0
15m,1759102200.0,2.8612,2.8667,2.8594,2.8662,165653.87,0.0,0.0,0
15m,1759103100.0,2.8662,2.8675,2.8628,2.8674,97137.62,0.0,0.0,0
15m,1759104000.0,2.8674,2.8681,2.8545,2.8552,399274.15,0.0,0.0,0
15m,1759104900.0,2.8552,2.8638,2.8531,2.8603,391779.5,0.0,0.0,0
15m,1759105800.0,2.8603,2.8615,2.8539,2.8561,225054.42,0.0,0.0,0
15m,1759106700.0,2.8561,2.8641,2.8558,2.8627,273472.39,0.0,0.0,0
15m,1759107600.0,2.8627,2.8671,2.8574,2.8647,267704.57,0.0,0.0,0
15m,1759108500.0,2.8647,2.8675,2.8577,2.8597,243128.43,0.0,0.0,0
15m,1759109400.0,2.8597,2.8665,2.8585,2.8636,205792.12,0.0,0.0,0
15m,1759110300.0,2.8636,2.8641,2.8559,2.8569,242785.8,0.0,0.0,0
15m,1759111200.0,2.8569,2.8635,2.8483,2.8626,365229.99,0.0,0.0,0
15m,1759112100.0,2.8626,2.8803,2.8602,2.8717,983954.93,0.0,0.0,0
15m,1759113000.0,2.8717,2.8836,2.8689,2.881,683340.71,0.0,0.0,0
15m,1759113900.0,2.881,2.8845,2.8716,2.8748,572164.95,0.0,0.0,0
15m,1759114800.0,2.8748,2.8756,2.8578,2.8579,298816.59,0.0,0.0,0
15m,1759115700.0,2.8579,2.8644,2.8573,2.8631,215854.41,0.0,0.0,0
15m,1759116600.0,2.8631,2.8651,2.857,2.858,361090.47,0.0,0.0,0
15m,1759117500.0,2.858,2.8639,2.8573,2.8633,252048.53,0.0,0.0,0
15m,1759118400.0,2.8633,2.8645,2.8572,2.858,183711.83,0.0,0.0,0
15m,1759119300.0,2.858,2.859,2.8525,2.8536,195745.31,0.0,0.0,0
15m,1759120200.0,2.8536,2.8626,2.8521,2.86,630597.01,0.0,0.0,0
15m,1759121100.0,2.86,2.8648,2.858,2.8603,391771.3,0.0,0.0,0
15m,1759122000.0,2.8603,2.8615,2.8508,2.857,231351.13,0.0,0.0,0
15m,1759122900.0,2.857,2.8581,2.8502,2.8544,421822.64,0.0,0.0,0
15m,1759123800.0,2.8544,2.8568,2.8517,2.8546,190497.37,0.0,0.0,0
15m,1759124700.0,2.8546,2.8609,2.8546,2.8592,238077.27,0.0,0.0,0
15m,1759125600.0,2.8592,2.8605,2.8451,2.8501,557364.47,0.0,0.0,0
15m,1759126500.0,2.8501,2.8597,2.8488,2.8541,256525.35,0.0,0.0,0
15m,1759127400.0,2.8541,2.8654,2.8526,2.8652,326762.59,0.0,0.0,0
15m,1759128300.0,2.8652,2.8702,2.8641,2.8684,545028.49,0.0,0.0,0
15m,1759129200.0,2.8684,2.8721,2.8659,2.869,463714.99,0.0,0.0,0
15m,1759130100.0,2.869,2.8943,2.8647,2.8919,1455257.73,0.0,0.0,0
15m,1759131000.0,2.8919,2.905,2.8906,2.8966,1385698.29,0.0,0.0,0
15m,1759131900.0,2.8966,2.8982,2.8842,2.8869,716500.24,0.0,0.0,0
15m,1759132800.0,2.8869,2.8925,2.8829,2.8869,554164.9,0.0,0.0,0
15m,1759133700.0,2.8869,2.8925,2.8822,2.8892,322428.52,0.0,0.0,0
15m,1759134600.0,2.8892,2.8897,2.8851,2.8877,305833.13,0.0,0.0,0
15m,1759135500.0,2.8877,2.8918,2.8836,2.8836,418305.94,0.0,0.0,0
15m,1759136400.0,2.8836,2.8842,2.876,2.876,254216.33,0.0,0.0,0
15m,1759137300.0,2.876,2.8768,2.8717,2.8748,222346.13,0.0,0.0,0
15m,1759138200.0,2.8748,2.8765,2.8689,2.8693,176526.57,0.0,0.0,0
15m,1759139100.0,2.8693,2.8717,2.8674,2.8699,180520.21,0.0,0.0,0
15m,1759140000.0,2.8699,2.8704,2.8655,2.8665,169613.44,0.0,0.0,0
15m,1759140900.0,2.8665,2.8676,2.8616,2.865,226559.08,0.0,0.0,0
15m,1759141800.0,2.865,2.8674,2.8577,2.8588,229972.97,0.0,0.0,0
15m,1759142700.0,2.8588,2.8643,2.8562,2.8607,168451.54,0.0,0.0,0
15m,1759143600.0,2.8607,2.8622,2.8529,2.8554,277058.36,0.0,0.0,0
15m,1759144500.0,2.8554,2.8653,2.8551,2.8615,265448.1,0.0,0.0,0
15m,1759145400.0,2.8615,2.864,2.8553,2.8576,174072.47,0.0,0.0,0
15m,1759146300.0,2.8576,2.858,2.8544,2.855,192303.52,0.0,0.0,0
15m,1759147200.0,2.855,2.8586,2.8501,2.8581,626730.78,0.0,0.0,0
15m,1759148100.0,2.8581,2.8644,2.8572,2.864,628764.27,0.0,0.0,0
15m,1759149000.0,2.864,2.8689,2.8504,2.8548,300782.25,0.0,0.0,0
15m,1759149900.0,2.8548,2.8607,2.8461,2.8495,398161.82,0.0,0.0,0
15m,1759150800.0,2.8495,2.8563,2.8453,2.8544,467157.55,0.0,0.0,0
15m,1759151700.0,2.8544,2.8559,2.8489,2.8504,203778.57,0.0,0.0,0
15m,1759152600.0,2.8504,2.8833,2.8482,2.8823,1037579.96,0.0,0.0,0
15m,1759153500.0,2.8823,2.8859,2.8745,2.8801,1406792.22,0.0,0.0,0
15m,1759154400.0,2.8801,2.9097,2.8786,2.9085,963195.6,0.0,0.0,0
15m,1759155300.0,2.9085,2.9287,2.8964,2.9032,1774626.52,0.0,0.0,0
15m,1759156200.0,2.9032,2.9103,2.8975,2.9035,559112.87,0.0,0.0,0
15m,1759157100.0,2.9035,2.9151,2.903,2.908,474509.16,0.0,0.0,0
15m,1759158000.0,2.908,2.9112,2.8923,2.8946,360991.15,0.0,0.0,0
15m,1759158900.0,2.8946,2.8961,2.8862,2.8901,417546.33,0.0,0.0,0
15m,1759159800.0,2.8901,2.8975,2.887,2.8935,278772.46,0.0,0.0,0
15m,1759160700.0,2.8935,2.8962,2.8837,2.8936,281665.91,0.0,0.0,0
15m,1759161600.0,2.8936,2.8967,2.8908,2.893,164821.46,0.0,0.0,0
15m,1759162500.0,2.893,2.8966,2.8845,2.8851,131110.62,0.0,0.0,0
15m,1759163400.0,2.8851,2.9006,2.8851,2.8883,626573.22,0.0,0.0,0
15m,1759164300.0,2.8883,2.8935,2.8769,2.8791,301435.53,0.0,0.0,0
15m,1759165200.0,2.8791,2.8811,2.8686,2.8784,747849.94,0.0,0.0,0
15m,1759166100.0,2.8784,2.8809,2.8655,2.879,826466.22,0.0,0.0,0
15m,1759167000.0,2.879,2.8835,2.8722,2.8803,288996.88,0.0,0.0,0
15m,1759167900.0,2.8803,2.8859,2.8793,2.8818,273045.96,0.0,0.0,0
15m,1759168800.0,2.8818,2.8826,2.8723,2.8738,198795.72,0.0,0.0,0
15m,1759169700.0,2.8738,2.8758,2.8662,2.8746,314295.74,0.0,0.0,0
15m,1759170600.0,2.8746,2.8752,2.8685,2.8723,278415.15,0.0,0.0,0
15m,1759171500.0,2.8723,2.876,2.8711,2.876,408493.18,0.0,0.0,0
15m,1759172400.0,2.876,2.8844,2.8731,2.8829,181993.36,0.0,0.0,0
15m,1759173300.0,2.8829,2.8833,2.8715,2.8813,282208.26,0.0,0.0,0
15m,1759174200.0,2.8813,2.8886,2.877,2.8883,344003.43,0.0,0.0,0
15m,1759175100.0,2.8883,2.9035,2.8883,2.8978,768906.21,0.0,0.0,0
15m,1759176000.0,2.8978,2.9026,2.8896,2.9019,364611.47,0.0,0.0,0
15m,1759176900.0,2.9019,2.9056,2.8947,2.9032,598950.57,0.0,0.0,0
15m,1759177800.0,2.9032,2.9147,2.9029,2.9119,521213.4,0.0,0.0,0
15m,1759178700.0,2.9119,2.914,2.9031,2.9057,273893.42,0.0,0.0,0
15m,1759179600.0,2.9057,2.9084,2.8933,2.8943,505632.62,0.0,0.0,0
15m,1759180500.0,2.8943,2.903,2.8941,2.9021,238674.33,0.0,0.0,0
15m,1759181400.0,2.9021,2.9022,2.8951,2.8973,127301.02,0.0,0.0,0
15m,1759182300.0,2.8973,2.8974,2.8907,2.8939,144492.65,0.0,0.0,0
15m,1759183200.0,2.8939,2.8972,2.8876,2.8895,434287.27,0.0,0.0,0
15m,1759184100.0,2.8895,2.8913,2.8838,2.8864,362004.73,0.0,0.0,0
15m,1759185000.0,2.8864,2.8902,2.8837,2.8863,169923.6,0.0,0.0,0
15m,1759185900.0,2.8863,2.8918,2.886,2.8873,275441.71,0.0,0.0,0
15m,1759186800.0,2.8873,2.8909,2.88,2.8824,334700.57,0.0,0.0,0
15m,1759187700.0,2.8824,2.8882,2.8811,2.8844,189759.21,0.0,0.0,0
15m,1759188600.0,2.8844,2.8868,2.8827,2.8838,116088.1,0.0,0.0,0
15m,1759189500.0,2.8838,2.8857,2.8787,2.8799,203058.18,0.0,0.0,0
15m,1759190400.0,2.8799,2.8887,2.8758,2.8847,349031.95,0.0,0.0,0
15m,1759191300.0,2.8847,2.8858,2.8755,2.8774,476894.7,0.0,0.0,0
15m,1759192200.0,2.8774,2.8864,2.8742,2.8804,262213.86,0.0,0.0,0
15m,1759193100.0,2.8804,2.8909,2.873,2.875,832150.28,0.0,0.0,0
15m,1759194000.0,2.875,2.8842,2.8726,2.884,448818.77,0.0,0.0,0
15m,1759194900.0,2.884,2.8925,2.8806,2.8828,645122.25,0.0,0.0,0
15m,1759195800.0,2.8828,2.8828,2.8717,2.8722,688800.35,0.0,0.0,0
15m,1759196700.0,2.8722,2.8832,2.8681,2.8816,437132.2,0.0,0.0,0
15m,1759197600.0,2.8816,2.8831,2.8752,2.8772,258111.65,0.0,0.0,0
15m,1759198500.0,2.8772,2.8852,2.8751,2.8849,263670.37,0.0,0.0,0
15m,1759199400.0,2.8849,2.8889,2.8832,2.8871,266370.43,0.0,0.0,0
15m,1759200300.0,2.8871,2.8885,2.8787,2.881,238036.61,0.0,0.0,0
15m,1759201200.0,2.881,2.885,2.8731,2.8754,234373.01,0.0,0.0,0
15m,1759202100.0,2.8754,2.8809,2.874,2.8764,167183.03,0.0,0.0,0
15m,1759203000.0,2.8764,2.881,2.8744,2.881,105982.52,0.0,0.0,0
15m,1759203900.0,2.881,2.8815,2.8737,2.876,162983.83,0.0,0.0,0
15m,1759204800.0,2.876,2.8778,2.8745,2.875,148212.89,0.0,0.0,0
15m,1759205700.0,2.875,2.8795,2.8739,2.8787,212439.01,0.0,0.0,0
15m,1759206600.0,2.8787,2.8807,2.8763,2.8805,343605.88,0.0,0.0,0
15m,1759207500.0,2.8805,2.8828,2.8786,2.881,312876.79,0.0,0.0,0
15m,1759208400.0,2.881,2.8891,2.8787,2.8891,328210.36,0.0,0.0,0
15m,1759209300.0,2.8891,2.8945,2.8825,2.8936,736681.33,0.0,0.0,0
15m,1759210200.0,2.8936,2.8994,2.888,2.8959,480532.25,0.0,0.0,0
15m,1759211100.0,2.8959,2.9024,2.8908,2.8935,768076.74,0.0,0.0,0
15m,1759212000.0,2.8935,2.8961,2.8876,2.8946,348633.58,0.0,0.0,0
15m,1759212900.0,2.8946,2.904,2.8941,2.9038,607240.61,0.0,0.0,0
15m,1759213800.0,2.9038,2.9071,2.8996,2.9036,497221.24,0.0,0.0,0
15m,1759214700.0,2.9036,2.9036,2.8976,2.8985,240443.46,0.0,0.0,0
15m,1759215600.0,2.8985,2.9001,2.8921,2.8928,732702.94,0.0,0.0,0
15m,1759216500.0,2.8928,2.8944,2.8899,2.8937,171909.72,0.0,0.0,0
15m,1759217400.0,2.8937,2.8937,2.8766,2.8775,354056.3,0.0,0.0,0
15m,1759218300.0,2.8775,2.8823,2.8724,2.8743,454944.94,0.0,0.0,0
15m,1759219200.0,2.8743,2.8754,2.8698,2.8731,372560.39,0.0,0.0,0
15m,1759220100.0,2.8731,2.8731,2.8637,2.8645,398256.67,0.0,0.0,0
15m,1759221000.0,2.8645,2.8656,2.8577,2.8596,417370.94,0.0,0.0,0
15m,1759221900.0,2.8596,2.8618,2.8531,2.8551,782776.12,0.0,0.0,0
15m,1759222800.0,2.8551,2.8568,2.8486,2.849,705715.72,0.0,0.0,0
15m,1759223700.0,2.849,2.8586,2.8484,2.8583,371898.11,0.0,0.0,0
15m,1759224600.0,2.8583,2.8601,2.847,2.8476,310387.0,0.0,0.0,0
15m,1759225500.0,2.8476,2.8477,2.8374,2.8393,476408.42,0.0,0.0,0
15m,1759226400.0,2.8393,2.8462,2.8362,2.8397,604964.22,0.0,0.0,0
15m,1759227300.0,2.8397,2.8482,2.8396,2.8469,177923.3,0.0,0.0,0
15m,1759228200.0,2.8469,2.8469,2.8396,2.8403,254420.59,0.0,0.0,0
15m,1759229100.0,2.8403,2.8462,2.8397,2.8403,221925.75,0.0,0.0,0
15m,1759230000.0,2.8403,2.8443,2.8376,2.8386,231746.49,0.0,0.0,0
15m,1759230900.0,2.8386,2.8429,2.8345,2.8423,193879.41,0.0,0.0,0
15m,1759231800.0,2.8423,2.8476,2.8409,2.8471,705979.36,0.0,0.0,0
15m,1759232700.0,2.8471,2.8507,2.8464,2.8469,172907.42,0.0,0.0,0
15m,1759233600.0,2.8469,2.8507,2.8439,2.8477,118205.91,0.0,0.0,0
15m,1759234500.0,2.8477,2.8542,2.8468,2.8535,252191.72,0.0,0.0,0
15m,1759235400.0,2.8535,2.856,2.8507,2.8553,374816.99,0.0,0.0,0
15m,1759236300.0,2.8553,2.8557,2.8481,2.8492,290069.33,0.0,0.0,0
15m,1759237200.0,2.8492,2.8539,2.845,2.853,232730.22,0.0,0.0,0
15m,1759238100.0,2.853,2.8597,2.8506,2.8535,340940.02,0.0,0.0,0
15m,1759239000.0,2.8535,2.8574,2.8402,2.8572,841246.6,0.0,0.0,0
15m,1759239900.0,2.8572,2.8628,2.8392,2.8459,827567.7,0.0,0.0,0
15m,1759240800.0,2.8459,2.8499,2.8304,2.8398,629729.5,0.0,0.0,0
15m,1759241700.0,2.8398,2.8479,2.8314,2.8366,354949.14,0.0,0.0,0
15m,1759242600.0,2.8366,2.8429,2.8332,2.8419,243138.96,0.0,0.0,0
15m,1759243500.0,2.8419,2.8501,2.8386,2.8481,220261.03,0.0,0.0,0
15m,1759244400.0,2.8481,2.8481,2.8252,2.8287,828415.04,0.0,0.0,0
15m,1759245300.0,2.8287,2.8303,2.8133,2.8194,1109788.87,0.0,0.0,0
15m,1759246200.0,2.8194,2.8269,2.8169,2.8192,289411.83,0.0,0.0,0
15m,1759247100.0,2.8192,2.8296,2.8158,2.828,178002.1,0.0,0.0,0
15m,1759248000.0,2.828,2.8309,2.8221,2.8254,203816.03,0.0,0.0,0
15m,1759248900.0,2.8254,2.8383,2.8219,2.8333,553916.59,0.0,0.0,0
15m,1759249800.0,2.8333,2.8358,2.8177,2.8228,280343.89,0.0,0.0,0
15m,1759250700.0,2.8228,2.8333,2.8209,2.8249,225560.13,0.0,0.0,0
15m,1759251600.0,2.8249,2.8316,2.823,2.8254,220547.65,0.0,0.0,0
15m,1759252500.0,2.8254,2.8265,2.818,2.8208,161769.41,0.0,0.0,0
15m,1759253400.0,2.8208,2.8399,2.8177,2.8344,887097.69,0.0,0.0,0
15m,1759254300.0,2.8344,2.8344,2.8268,2.8279,303073.85,0.0,0.0,0
15m,1759255200.0,2.8279,2.8365,2.8215,2.8353,507019.36,0.0,0.0,0
15m,1759256100.0,2.8353,2.8427,2.8315,2.8406,338760.92,0.0,0.0,0
15m,1759257000.0,2.8406,2.8419,2.8316,2.8342,522225.98,0.0,0.0,0
15m,1759257900.0,2.8342,2.8423,2.8342,2.8399,495112.67,0.0,0.0,0
15m,1759258800.0,2.8399,2.848,2.8389,2.8453,291242.01,0.0,0.0,0
15m,1759259700.0,2.8453,2.8509,2.8437,2.8502,204183.17,0.0,0.0,0
15m,1759260600.0,2.8502,2.8616,2.8501,2.8614,391400.0,0.0,0.0,0
15m,1759261500.0,2.8614,2.8711,2.8614,2.8641,667839.09,0.0,0.0,0
15m,1759262400.0,2.8641,2.8667,2.8591,2.861,284233.68,0.0,0.0,0
15m,1759263300.0,2.861,2.8712,2.8587,2.8698,728351.01,0.0,0.0,0
15m,1759264200.0,2.8698,2.8708,2.8641,2.8641,152462.44,0.0,0.0,0
15m,1759265100.0,2.8641,2.8742,2.8634,2.8725,297081.4,0.0,0.0,0
15m,1759266000.0,2.8725,2.8791,2.8633,2.8641,351080.33,0.0,0.0,0
15m,1759266900.0,2.8641,2.8734,2.8624,2.8645,394268.71,0.0,0.0,0
15m,1759267800.0,2.8645,2.8655,2.8566,2.8575,270863.68,0.0,0.0,0
15m,1759268700.0,2.8575,2.8621,2.8515,2.8527,258481.09,0.0,0.0,0
15m,1759269600.0,2.8527,2.864,2.8527,2.86,180993.36,0.0,0.0,0
15m,1759270500.0,2.86,2.8616,2.8522,2.8526,397688.55,0.0,0.0,0
15m,1759271400.0,2.8526,2.8544,2.8457,2.8484,222600.34,0.0,0.0,0
15m,1759272300.0,2.8484,2.8499,2.839,2.8414,232712.9,0.0,0.0,0
15m,1759273200.0,2.8414,2.8418,2.8341,2.839,191840.16,0.0,0.0,0
15m,1759274100.0,2.839,2.8434,2.8374,2.8394,138129.35,0.0,0.0,0
15m,1759275000.0,2.8394,2.8442,2.839,2.8436,291510.54,0.0,0.0,0
15m,1759275900.0,2.8436,2.8485,2.8421,2.8468,341771.46,0.0,0.0,0
15m,1759276800.0,2.8468,2.8523,2.8465,2.8479,247117.83,0.0,0.0,0
15m,1759277700.0,2.8479,2.8479,2.8381,2.8382,345638.65,0.0,0.0,0
15m,1759278600.0,2.8382,2.8398,2.8305,2.8315,318856.76,0.0,0.0,0
15m,1759279500.0,2.8315,2.84,2.8282,2.8383,280740.15,0.0,0.0,0
15m,1759280400.0,2.8383,2.8454,2.8364,2.8445,305550.33,0.0,0.0,0
15m,1759281300.0,2.8445,2.8468,2.8371,2.8453,360085.98,0.0,0.0,0
15m,1759282200.0,2.8453,2.8506,2.8364,2.8485,283912.48,0.0,0.0,0
15m,1759283100.0,2.8485,2.8599,2.8467,2.8585,525144.77,0.0,0.0,0
15m,1759284000.0,2.8585,2.8587,2.8487,2.8495,314263.35,0.0,0.0,0
15m,1759284900.0,2.8495,2.8517,2.8478,2.8486,251875.63,0.0,0.0,0
15m,1759285800.0,2.8486,2.8488,2.8408,2.8409,142582.01,0.0,0.0,0
15m,1759286700.0,2.8409,2.8433,2.8401,2.8417,337272.67,0.0,0.0,0
15m,1759287600.0,2.8417,2.8426,2.8378,2.839,172497.9,0.0,0.0,0
15m,1759288500.0,2.839,2.839,2.8253,2.8267,712749.75,0.0,0.0,0
15m,1759289400.0,2.8267,2.83,2.8225,2.8226,574214.18,0.0,0.0,0
15m,1759290300.0,2.8226,2.8226,2.8143,2.8188,409369.48,0.0,0.0,0
15m,1759291200.0,2.8188,2.8379,2.8167,2.83,463640.86,0.0,0.0,0
15m,1759292100.0,2.83,2.8399,2.8297,2.8382,257714.56,0.0,0.0,0
15m,1759293000.0,2.8382,2.8459,2.8378,2.8395,333743.98,0.0,0.0,0
15m,1759293900.0,2.8395,2.8449,2.8342,2.8365,342299.67,0.0,0.0,0
15m,1759294800.0,2.8365,2.8541,2.8347,2.85,285111.53,0.0,0.0,0
15m,1759295700.0,2.85,2.8511,2.8407,2.8444,276655.01,0.0,0.0,0
15m,1759296600.0,2.8444,2.8509,2.842,2.8458,236819.12,0.0,0.0,0
15m,1759297500.0,2.8458,2.8488,2.8439,2.8459,110901.51,0.0,0.0,0
15m,1759298400.0,2.8459,2.8496,2.8436,2.8445,276814.08,0.0,0.0,0
15m,1759299300.0,2.8445,2.8467,2.8348,2.8406,205940.46,0.0,0.0,0
15m,1759300200.0,2.8406,2.8461,2.8384,2.842,211506.76,0.0,0.0,0
15m,1759301100.0,2.842,2.8425,2.831,2.832,340708.82,0.0,0.0,0
15m,1759302000.0,2.832,2.8395,2.831,2.8384,240867.51,0.0,0.0,0
15m,1759302900.0,2.8384,2.8451,2.8384,2.8438,138979.45,0.0,0.0,0
15m,1759303800.0,2.8438,2.8573,2.8433,2.8549,583948.24,0.0,0.0,0
15m,1759304700.0,2.8549,2.857,2.8517,2.8542,366136.88,0.0,0.0,0
15m,1759305600.0,2.8542,2.8634,2.8518,2.8617,408359.86,0.0,0.0,0
15m,1759306500.0,2.8617,2.8714,2.8587,2.8714,565183.27,0.0,0.0,0
15m,1759307400.0,2.8714,2.9054,2.8714,2.9043,1333001.15,0.0,0.0,0
15m,1759308300.0,2.9043,2.9216,2.9003,2.9168,2087874.14,0.0,0.0,0
15m,1759309200.0,2.9168,2.9198,2.9073,2.9143,897339.48,0.0,0.0,0
15m,1759310100.0,2.9143,2.9304,2.9138,2.9283,954262.82,0.0,0.0,0
15m,1759311000.0,2.9283,2.9415,2.9241,2.9412,859514.68,0.0,0.0,0
15m,1759311900.0,2.9412,2.952,2.9383,2.9411,2265717.68,0.0,0.0,0
15m,1759312800.0,2.9411,2.9418,2.9196,2.921,958058.05,0.0,0.0,0
15m,1759313700.0,2.921,2.934,2.9201,2.927,825029.09,0.0,0.0,0
15m,1759314600.0,2.927,2.9322,2.9254,2.9322,510190.34,0.0,0.0,0
15m,1759315500.0,2.9322,2.9404,2.9272,2.9298,442503.66,0.0,0.0,0
15m,1759316400.0,2.9298,2.9393,2.9298,2.9375,509323.69,0.0,0.0,0
15m,1759317300.0,2.9375,2.9429,2.9353,2.9388,461600.75,0.0,0.0,0
15m,1759318200.0,2.9388,2.9434,2.9361,2.9407,461876.99,0.0,0.0,0
15m,1759319100.0,2.9407,2.946,2.9391,2.9442,458414.09,0.0,0.0,0
15m,1759320000.0,2.9442,2.9453,2.9279,2.9329,689936.92,0.0,0.0,0
15m,1759320900.0,2.9329,2.9428,2.9275,2.9403,623084.61,0.0,0.0,0
15m,1759321800.0,2.9403,2.9439,2.9342,2.9396,433683.55,0.0,0.0,0
15m,1759322700.0,2.9396,2.9423,2.9327,2.9363,544906.4,0.0,0.0,0
15m,1759323600.0,2.9363,2.9537,2.9363,2.9474,1358606.86,0.0,0.0,0
15m,1759324500.0,2.9474,2.955,2.9425,2.9453,636605.67,0.0,0.0,0
15m,1759325400.0,2.9453,2.9503,2.9386,2.9431,494816.63,0.0,0.0,0
15m,1759326300.0,2.9431,2.9463,2.9338,2.9386,611149.24,0.0,0.0,0
15m,1759327200.0,2.9386,2.9471,2.9318,2.9465,677405.53,0.0,0.0,0
15m,1759328100.0,2.9465,2.9496,2.9422,2.9455,319423.62,0.0,0.0,0
15m,1759329000.0,2.9455,2.9586,2.944,2.9512,610004.72,0.0,0.0,0
15m,1759329900.0,2.9512,2.9514,2.9363,2.9435,598929.3,0.0,0.0,0
15m,1759330800.0,2.9435,2.9463,2.9331,2.936,361459.42,0.0,0.0,0
15m,1759331700.0,2.936,2.9462,2.936,2.9433,264078.74,0.0,0.0,0
15m,1759332600.0,2.9433,2.9458,2.9392,2.9443,237169.74,0.0,0.0,0
15m,1759333500.0,2.9443,2.9465,2.9358,2.9418,198973.92,0.0,0.0,0
15m,1759334400.0,2.9418,2.945,2.9352,2.9416,350777.93,0.0,0.0,0
15m,1759335300.0,2.9416,2.947,2.9372,2.9456,382862.78,0.0,0.0,0
15m,1759336200.0,2.9456,2.9493,2.9439,2.9456,344725.87,0.0,0.0,0
15m,1759337100.0,2.9456,2.9464,2.9346,2.9382,312018.75,0.0,0.0,0
15m,1759338000.0,2.9382,2.9444,2.9342,2.9343,231208.87,0.0,0.0,0
15m,1759338900.0,2.9343,2.9446,2.9343,2.9417,236227.33,0.0,0.0,0
15m,1759339800.0,2.9417,2.9428,2.9333,2.9356,105708.86,0.0,0.0,0
15m,1759340700.0,2.9356,2.9366,2.9194,2.9205,461543.54,0.0,0.0,0
15m,1759341600.0,2.9205,2.93,2.9204,2.9288,337937.33,0.0,0.0,0
15m,1759342500.0,2.9288,2.93,2.9265,2.9298,231315.89,0.0,0.0,0
15m,1759343400.0,2.9298,2.9422,2.9298,2.9371,263158.51,0.0,0.0,0
15m,1759344300.0,2.9371,2.9397,2.9336,2.9362,163632.31,0.0,0.0,0
15m,1759345200.0,2.9362,2.9429,2.9353,2.9429,208297.55,0.0,0.0,0
15m,1759346100.0,2.9429,2.9505,2.9426,2.9504,281001.74,0.0,0.0,0
15m,1759347000.0,2.9504,2.9551,2.9478,2.9511,301241.13,0.0,0.0,0
15m,1759347900.0,2.9511,2.9619,2.951,2.9552,665028.54,0.0,0.0,0
15m,1759348800.0,2.9552,2.9556,2.9451,2.9468,489931.29,0.0,0.0,0
15m,1759349700.0,2.9468,2.9525,2.9408,2.9476,333542.5,0.0,0.0,0
15m,1759350600.0,2.9476,2.9478,2.9385,2.9422,146934.15,0.0,0.0,0
15m,1759351500.0,2.9422,2.9476,2.9403,2.9475,148655.3,0.0,0.0,0
15m,1759352400.0,2.9475,2.9479,2.9367,2.9382,187635.8,0.0,0.0,0
15m,1759353300.0,2.9382,2.9409,2.9284,2.9358,424778.88,0.0,0.0,0
15m,1759354200.0,2.9358,2.9359,2.9284,2.9306,215221.1,0.0,0.0,0
15m,1759355100.0,2.9306,2.934,2.9265,2.9287,131379.5,0.0,0.0,0
15m,1759356000.0,2.9287,2.9405,2.9279,2.934,380270.64,0.0,0.0,0
15m,1759356900.0,2.934,2.9351,2.9287,2.9305,201687.92,0.0,0.0,0
15m,1759357800.0,2.9305,2.9327,2.9274,2.9323,84363.17,0.0,0.0,0
15m,1759358700.0,2.9323,2.9389,2.9286,2.9306,373241.94,0.0,0.0,0
15m,1759359600.0,2.9306,2.9375,2.9284,2.9332,221744.57,0.0,0.0,0
15m,1759360500.0,2.9332,2.945,2.9331,2.9407,386015.5,0.0,0.0,0
15m,1759361400.0,2.9407,2.9461,2.9401,2.9446,192331.74,0.0,0.0,0
15m,1759362300.0,2.9446,2.952,2.9425,2.949,240011.98,0.0,0.0,0
15m,1759363200.0,2.949,2.9626,2.9451,2.9601,1044133.44,0.0,0.0,0
15m,1759364100.0,2.9601,2.9613,2.9523,2.9541,337207.23,0.0,0.0,0
15m,1759365000.0,2.9541,2.9543,2.9407,2.942,240843.71,0.0,0.0,0
15m,1759365900.0,2.942,2.9457,2.9414,2.9431,125207.57,0.0,0.0,0
15m,1759366800.0,2.9431,2.9593,2.9419,2.9571,363197.69,0.0,0.0,0
15m,1759367700.0,2.9571,2.9679,2.9523,2.9608,393426.32,0.0,0.0,0
15m,1759368600.0,2.9608,2.9698,2.9588,2.9681,335691.62,0.0,0.0,0
15m,1759369500.0,2.9681,2.9754,2.9665,2.9698,583301.92,0.0,0.0,0
15m,1759370400.0,2.9698,2.9745,2.9605,2.9681,395181.18,0.0,0.0,0
15m,1759371300.0,2.9681,2.9703,2.9615,2.9669,347487.33,0.0,0.0,0
15m,1759372200.0,2.9669,2.9809,2.9651,2.979,410687.04,0.0,0.0,0
15m,1759373100.0,2.979,2.9813,2.9713,2.9768,479117.43,0.0,0.0,0
15m,1759374000.0,2.9768,2.9822,2.9764,2.9779,340391.23,0.0,0.0,0
15m,1759374900.0,2.9779,2.9835,2.9755,2.9834,232633.41,0.0,0.0,0
15m,1759375800.0,2.9834,2.9879,2.9786,2.9795,539349.64,0.0,0.0,0
15m,1759376700.0,2.9795,2.9795,2.967,2.9724,479490.2,0.0,0.0,0
15m,1759377600.0,2.9724,2.9799,2.9679,2.9763,281303.16,0.0,0.0,0
15m,1759378500.0,2.9763,2.9769,2.9572,2.9576,346976.86,0.0,0.0,0
15m,1759379400.0,2.9576,2.9623,2.9542,2.9608,414155.88,0.0,0.0,0
15m,1759380300.0,2.9608,2.9681,2.9602,2.9675,206566.68,0.0,0.0,0
15m,1759381200.0,2.9675,2.9688,2.9612,2.9613,145458.15,0.0,0.0,0
15m,1759382100.0,2.9613,2.9822,2.9582,2.9759,1046192.28,0.0,0.0,0
15m,1759383000.0,2.9759,2.98,2.9626,2.9669,1654659.66,0.0,0.0,0
15m,1759383900.0,2.9669,2.9674,2.9621,2.9652,229520.01,0.0,0.0,0
15m,1759384800.0,2.9652,2.9669,2.9625,2.9655,270644.62,0.0,0.0,0
15m,1759385700.0,2.9655,2.9723,2.965,2.9694,186293.05,0.0,0.0,0
15m,1759386600.0,2.9694,2.983,2.9684,2.9786,1250009.48,0.0,0.0,0
15m,1759387500.0,2.9786,2.9814,2.9772,2.9802,307071.48,0.0,0.0,0
15m,1759388400.0,2.9802,2.9831,2.9769,2.9809,366491.86,0.0,0.0,0
15m,1759389300.0,2.9809,2.9859,2.9747,2.9793,310732.76,0.0,0.0,0
15m,1759390200.0,2.9793,2.9817,2.9722,2.973,1028279.26,0.0,0.0,0
15m,1759391100.0,2.973,2.975,2.9665,2.97,609569.05,0.0,0.0,0
15m,1759392000.0,2.97,2.9744,2.9679,2.9679,322859.11,0.0,0.0,0
15m,1759392900.0,2.9679,2.9763,2.9673,2.9763,412071.93,0.0,0.0,0
15m,1759393800.0,2.9763,2.9897,2.9736,2.9882,1133608.98,0.0,0.0,0
15m,1759394700.0,2.9882,2.9914,2.9834,2.9894,678500.9,0.0,0.0,0
15m,1759395600.0,2.9894,2.9894,2.9821,2.9839,386038.9,0.0,0.0,0
15m,1759396500.0,2.9839,2.9923,2.983,2.987,691943.48,0.0,0.0,0
15m,1759397400.0,2.987,2.9873,2.9762,2.9795,315047.36,0.0,0.0,0
15m,1759398300.0,2.9795,2.9846,2.9779,2.9839,186985.9,0.0,0.0,0
15m,1759399200.0,2.9839,2.9868,2.9799,2.9851,212630.01,0.0,0.0,0
15m,1759400100.0,2.9851,2.9876,2.9795,2.9806,342300.65,0.0,0.0,0
15m,1759401000.0,2.9806,2.9916,2.9794,2.9907,709850.22,0.0,0.0,0
15m,1759401900.0,2.9907,2.9941,2.9875,2.9896,582425.29,0.0,0.0,0
15m,1759402800.0,2.9896,2.9971,2.9881,2.993,1199166.57,0.0,0.0,0
15m,1759403700.0,2.993,2.9932,2.984,2.9858,506291.78,0.0,0.0,0
15m,1759404600.0,2.9858,2.9867,2.9829,2.9852,573695.59,0.0,0.0,0
15m,1759405500.0,2.9852,2.9898,2.9692,2.9721,499327.02,0.0,0.0,0
15m,1759406400.0,2.9721,2.9805,2.9687,2.9801,593251.73,0.0,0.0,0
15m,1759407300.0,2.9801,2.9834,2.9782,2.9819,462520.38,0.0,0.0,0
15m,1759408200.0,2.9819,2.9882,2.9765,2.9838,365973.88,0.0,0.0,0
15m,1759409100.0,2.9838,2.9879,2.9807,2.9871,489740.84,0.0,0.0,0
15m,1759410000.0,2.9871,2.9875,2.9777,2.9783,623995.98,0.0,0.0,0
15m,1759410900.0,2.9783,2.979,2.9633,2.9768,1076725.86,0.0,0.0,0
15m,1759411800.0,2.9768,2.9808,2.9686,2.9755,775219.16,0.0,0.0,0
15m,1759412700.0,2.9755,2.9898,2.973,2.9862,1420358.46,0.0,0.0,0
15m,1759413600.0,2.9862,2.9942,2.9688,2.9713,736399.1,0.0,0.0,0
15m,1759414500.0,2.9713,2.9821,2.9687,2.9806,364442.96,0.0,0.0,0
15m,1759415400.0,2.9806,2.9836,2.9618,2.9651,423753.55,0.0,0.0,0
15m,1759416300.0,2.9651,2.9678,2.9466,2.9574,1261992.28,0.0,0.0,0
15m,1759417200.0,2.9574,2.9739,2.9463,2.9717,900036.03,0.0,0.0,0
15m,1759418100.0,2.9717,2.9791,2.9676,2.9751,551394.61,0.0,0.0,0
15m,1759419000.0,2.9751,2.9787,2.9606,2.9761,1086303.42,0.0,0.0,0
15m,1759419900.0,2.9761,2.9931,2.9757,2.9921,643944.6,0.0,0.0,0
15m,1759420800.0,2.9921,3.0313,2.9874,3.029,3107952.49,0.0,0.0,0
15m,1759421700.0,3.029,3.0321,3.0148,3.0263,1352409.08,0.0,0.0,0
15m,1759422600.0,3.0263,3.0388,3.0154,3.0202,1472355.52,0.0,0.0,0
15m,1759423500.0,3.0202,3.0584,3.0187,3.045,2425072.55,0.0,0.0,0
15m,1759424400.0,3.045,3.056,3.0389,3.0536,1096730.92,0.0,0.0,0
15m,1759425300.0,3.0536,3.0552,3.0319,3.0396,674007.41,0.0,0.0,0
15m,1759426200.0,3.0396,3.0443,3.0314,3.0401,571308.18,0.0,0.0,0
15m,1759427100.0,3.0401,3.0496,3.0345,3.0352,399786.87,0.0,0.0,0
15m,1759428000.0,3.0352,3.049,3.0352,3.0439,522400.91,0.0,0.0,0
15m,1759428900.0,3.0439,3.0504,3.042,3.0491,667977.83,0.0,0.0,0
15m,1759429800.0,3.0491,3.0554,3.0437,3.0482,642909.94,0.0,0.0,0
15m,1759430700.0,3.0482,3.0646,3.0469,3.0626,1316739.39,0.0,0.0,0
15m,1759431600.0,3.0626,3.0771,3.0597,3.0744,1824517.16,0.0,0.0,0
15m,1759432500.0,3.0744,3.0778,3.0686,3.0762,1372039.34,0.0,0.0,0
15m,1759433400.0,3.0762,3.0932,3.0756,3.0915,1295109.26,0.0,0.0,0
15m,1759434300.0,3.0915,3.1004,3.0858,3.0907,1570742.15,0.0,0.0,0
15m,1759435200.0,3.0907,3.0915,3.0637,3.0645,977398.65,0.0,0.0,0
15m,1759436100.0,3.0645,3.0776,3.0627,3.0683,439323.97,0.0,0.0,0
15m,1759437000.0,3.0683,3.0694,3.0523,3.0642,607996.99,0.0,0.0,0
15m,1759437900.0,3.0642,3.0682,3.0549,3.0582,374400.62,0.0,0.0,0
15m,1759438800.0,3.0582,3.0661,3.0559,3.0623,440225.79,0.0,0.0,0
15m,1759439700.0,3.0623,3.0636,3.0368,3.0424,378932.37,0.0,0.0,0
15m,1759440600.0,3.0424,3.0447,3.0367,3.0446,307764.93,0.0,0.0,0
15m,1759441500.0,3.0446,3.0507,3.0396,3.0396,279335.66,0.0,0.0,0
15m,1759442400.0,3.0396,3.0482,3.038,3.0423,222524.8,0.0,0.0,0
15m,1759443300.0,3.0423,3.0439,3.0267,3.0412,1343806.19,0.0,0.0,0
15m,1759444200.0,3.0412,3.0469,3.0363,3.0382,449242.26,0.0,0.0,0
15m,1759445100.0,3.0382,3.0413,3.0311,3.0325,445377.82,0.0,0.0,0
15m,1759446000.0,3.0325,3.0406,3.0313,3.037,560557.67,0.0,0.0,0
15m,1759446900.0,3.037,3.0383,3.0263,3.0313,395190.19,0.0,0.0,0
15m,1759447800.0,3.0313,3.0389,3.0301,3.0339,403767.86,0.0,0.0,0
15m,1759448700.0,3.0339,3.0413,3.0299,3.0387,366062.66,0.0,0.0,0
15m,1759449600.0,3.0387,3.039,3.0132,3.0199,618342.7,0.0,0.0,0
15m,1759450500.0,3.0199,3.0333,3.0191,3.0308,620666.32,0.0,0.0,0
15m,1759451400.0,3.0308,3.0315,3.0168,3.0172,319285.43,0.0,0.0,0
15m,1759452300.0,3.0172,3.0246,3.0153,3.0193,468367.12,0.0,0.0,0
15m,1759453200.0,3.0193,3.0255,3.0162,3.0188,396809.51,0.0,0.0,0
15m,1759454100.0,3.0188,3.0222,3.0051,3.0086,884689.77,0.0,0.0,0
15m,1759455000.0,3.0086,3.0163,3.0057,3.0117,517705.9,0.0,0.0,0
15m,1759455900.0,3.0117,3.0172,3.0051,3.0067,500294.82,0.0,0.0,0
15m,1759456800.0,3.0067,3.0195,3.0044,3.0195,496159.08,0.0,0.0,0
15m,1759457700.0,3.0195,3.0213,3.0097,3.0104,344091.22,0.0,0.0,0
15m,1759458600.0,3.0104,3.0209,3.0083,3.0153,341244.83,0.0,0.0,0
15m,1759459500.0,3.0153,3.025,3.0123,3.0222,250577.65,0.0,0.0,0
15m,1759460400.0,3.0222,3.0316,3.0197,3.0268,416050.72,0.0,0.0,0
15m,1759461300.0,3.0268,3.0387,3.0268,3.0306,432575.8,0.0,0.0,0
15m,1759462200.0,3.0306,3.0343,3.0274,3.0287,382121.82,0.0,0.0,0
15m,1759463100.0,3.0287,3.03,3.0188,3.0206,354693.24,0.0,0.0,0
15m,1759464000.0,3.0206,3.0266,3.0165,3.0266,259034.61,0.0,0.0,0
15m,1759464900.0,3.0266,3.0318,3.0247,3.0255,333583.83,0.0,0.0,0
15m,1759465800.0,3.0255,3.0255,3.0186,3.0253,286249.25,0.0,0.0,0
15m,1759466700.0,3.0253,3.03,3.0233,3.0292,297675.97,0.0,0.0,0
15m,1759467600.0,3.0292,3.031,3.0212,3.023,209774.78,0.0,0.0,0
15m,1759468500.0,3.023,3.0242,3.0197,3.0214,252542.99,0.0,0.0,0
15m,1759469400.0,3.0214,3.0228,3.0138,3.0157,216237.99,0.0,0.0,0
15m,1759470300.0,3.0157,3.0224,3.014,3.0208,540166.72,0.0,0.0,0
15m,1759471200.0,3.0208,3.0279,3.0173,3.0254,382298.87,0.0,0.0,0
15m,1759472100.0,3.0254,3.0283,3.0233,3.0265,337510.95,0.0,0.0,0
15m,1759473000.0,3.0265,3.035,3.0259,3.0316,465581.43,0.0,0.0,0
15m,1759473900.0,3.0316,3.0316,3.0132,3.0229,887518.37,0.0,0.0,0
15m,1759474800.0,3.0229,3.0273,3.0188,3.0255,387636.03,0.0,0.0,0
15m,1759475700.0,3.0255,3.0331,3.0196,3.0209,645719.45,0.0,0.0,0
15m,1759476600.0,3.0209,3.0306,3.0192,3.0249,565701.22,0.0,0.0,0
15m,1759477500.0,3.0249,3.0343,3.0226,3.0336,511596.48,0.0,0.0,0
15m,1759478400.0,3.0336,3.0433,3.0309,3.035,852812.31,0.0,0.0,0
15m,1759479300.0,3.035,3.0504,3.0224,3.0421,1197463.86,0.0,0.0,0
15m,1759480200.0,3.0421,3.0549,3.0395,3.0544,1050762.47,0.0,0.0,0
15m,1759481100.0,3.0544,3.0582,3.0475,3.0528,693997.83,0.0,0.0,0
15m,1759482000.0,3.0528,3.0547,3.0428,3.0437,341313.29,0.0,0.0,0
15m,1759482900.0,3.0437,3.049,3.0401,3.0467,400868.88,0.0,0.0,0
15m,1759483800.0,3.0467,3.0487,3.0356,3.0386,286793.8,0.0,0.0,0
15m,1759484700.0,3.0386,3.0416,3.0383,3.0406,254488.47,0.0,0.0,0
15m,1759485600.0,3.0406,3.05,3.04,3.0428,509414.57,0.0,0.0,0
15m,1759486500.0,3.0428,3.0463,3.0397,3.0428,359756.82,0.0,0.0,0
15m,1759487400.0,3.0428,3.0484,3.039,3.0432,714317.28,0.0,0.0,0
15m,1759488300.0,3.0432,3.0465,3.0409,3.0455,206282.96,0.0,0.0,0
15m,1759489200.0,3.0455,3.0478,3.0348,3.0381,363332.8,0.0,0.0,0
15m,1759490100.0,3.0381,3.0399,3.0304,3.0383,304014.93,0.0,0.0,0
15m,1759491000.0,3.0383,3.0423,3.0325,3.0412,293398.32,0.0,0.0,0
15m,1759491900.0,3.0412,3.0436,3.037,3.0382,355840.22,0.0,0.0,0
15m,1759492800.0,3.0382,3.0405,3.0322,3.0375,279500.67,0.0,0.0,0
15m,1759493700.0,3.0375,3.0407,3.0326,3.035,314168.07,0.0,0.0,0
15m,1759494600.0,3.035,3.0391,3.0252,3.0253,500625.17,0.0,0.0,0
15m,1759495500.0,3.0253,3.0271,3.0216,3.0227,449246.85,0.0,0.0,0
15m,1759496400.0,3.0227,3.0227,3.01,3.0164,632844.08,0.0,0.0,0
15m,1759497300.0,3.0164,3.028,3.0152,3.0259,450969.77,0.0,0.0,0
15m,1759498200.0,3.0259,3.0329,3.0154,3.0211,790989.52,0.0,0.0,0
15m,1759499100.0,3.0211,3.0299,3.0199,3.0254,391473.51,0.0,0.0,0
15m,1759500000.0,3.0254,3.03,3.0166,3.0213,704292.81,0.0,0.0,0
15m,1759500900.0,3.0213,3.0313,3.0078,3.0294,757891.88,0.0,0.0,0
15m,1759501800.0,3.0294,3.0378,3.0247,3.0339,384190.8,0.0,0.0,0
15m,1759502700.0,3.0339,3.0479,3.0339,3.0432,569258.78,0.0,0.0,0
15m,1759503600.0,3.0432,3.0432,3.0264,3.0364,472475.57,0.0,0.0,0
15m,1759504500.0,3.0364,3.0525,3.0364,3.0411,823843.54,0.0,0.0,0
15m,1759505400.0,3.0411,3.0555,3.0411,3.0552,719400.03,0.0,0.0,0
15m,1759506300.0,3.0552,3.0742,3.0503,3.069,1626132.34,0.0,0.0,0
15m,1759507200.0,3.069,3.0884,3.069,3.08,1965727.37,0.0,0.0,0
15m,1759508100.0,3.08,3.0923,3.076,3.0872,1298830.13,0.0,0.0,0
15m,1759509000.0,3.0872,3.0939,3.0813,3.0939,1876623.23,0.0,0.0,0
15m,1759509900.0,3.0939,3.0949,3.0591,3.0623,1943701.97,0.0,0.0,0
15m,1759510800.0,3.0623,3.0624,3.0125,3.0578,4729776.66,0.0,0.0,0
15m,1759511700.0,3.0578,3.0579,3.0366,3.0399,1941813.87,0.0,0.0,0
15m,1759512600.0,3.0399,3.0547,3.0341,3.0446,956612.53,0.0,0.0,0
15m,1759513500.0,3.0446,3.0456,3.0226,3.0288,1473460.81,0.0,0.0,0
15m,1759514400.0,3.0288,3.037,3.0204,3.0361,723878.89,0.0,0.0,0
15m,1759515300.0,3.0361,3.0492,3.0337,3.048,335917.86,0.0,0.0,0
15m,1759516200.0,3.048,3.0514,3.0413,3.0418,330464.7,0.0,0.0,0
15m,1759517100.0,3.0418,3.0492,3.0381,3.046,442814.98,0.0,0.0,0
15m,1759518000.0,3.046,3.0477,3.0361,3.0412,407784.8,0.0,0.0,0
15m,1759518900.0,3.0412,3.0545,3.0412,3.0498,587298.35,0.0,0.0,0
15m,1759519800.0,3.0498,3.0522,3.0412,3.0413,233620.32,0.0,0.0,0
15m,1759520700.0,3.0413,3.0416,3.032,3.0345,486021.17,0.0,0.0,0
15m,1759521600.0,3.0345,3.0358,3.0212,3.0239,701244.52,0.0,0.0,0
15m,1759522500.0,3.0239,3.0321,3.0219,3.0296,230210.09,0.0,0.0,0
15m,1759523400.0,3.0296,3.039,3.0291,3.039,235682.92,0.0,0.0,0
15m,1759524300.0,3.039,3.04,3.0332,3.0379,247648.64,0.0,0.0,0
15m,1759525200.0,3.0379,3.0555,3.0373,3.0555,788892.96,0.0,0.0,0
15m,1759526100.0,3.0555,3.0562,3.0456,3.0506,658539.06,0.0,0.0,0
15m,1759527000.0,3.0506,3.0528,3.0474,3.0497,1582459.01,0.0,0.0,0
15m,1759527900.0,3.0497,3.0512,3.0431,3.0471,471352.99,0.0,0.0,0
15m,1759528800.0,3.0471,3.0524,3.0468,3.0477,735391.11,0.0,0.0,0
15m,1759529700.0,3.0477,3.0549,3.0459,3.0534,827015.35,0.0,0.0,0
15m,1759530600.0,3.0534,3.0546,3.0466,3.0482,915667.56,0.0,0.0,0
15m,1759531500.0,3.0482,3.0553,3.0464,3.0486,752683.42,0.0,0.0,0
15m,1759532400.0,3.0486,3.0512,3.0434,3.0451,508198.99,0.0,0.0,0
15m,1759533300.0,3.0451,3.05,3.0436,3.0436,477026.95,0.0,0.0,0
15m,1759534200.0,3.0436,3.0477,3.0404,3.044,318059.18,0.0,0.0,0
15m,1759535100.0,3.044,3.0446,3.0372,3.0402,291372.37,0.0,0.0,0
15m,1759536000.0,3.0402,3.0479,3.0397,3.0439,452660.27,0.0,0.0,0
15m,1759536900.0,3.0439,3.0467,3.0388,3.0402,376072.35,0.0,0.0,0
15m,1759537800.0,3.0402,3.0524,3.0401,3.0468,738112.26,0.0,0.0,0
15m,1759538700.0,3.0468,3.0478,3.0407,3.0438,326526.16,0.0,0.0,0
15m,1759539600.0,3.0438,3.0455,3.0349,3.0368,407008.36,0.0,0.0,0
15m,1759540500.0,3.0368,3.0374,3.0299,3.0303,272536.08,0.0,0.0,0
15m,1759541400.0,3.0303,3.0335,3.0252,3.0278,396453.67,0.0,0.0,0
15m,1759542300.0,3.0278,3.0284,3.0204,3.0242,389114.85,0.0,0.0,0
15m,1759543200.0,3.0242,3.0335,3.0189,3.0211,448625.0,0.0,0.0,0
15m,1759544100.0,3.0211,3.0244,3.0167,3.024,330265.6,0.0,0.0,0
15m,1759545000.0,3.024,3.0253,3.0208,3.0237,298164.62,0.0,0.0,0
15m,1759545900.0,3.0237,3.0243,3.0203,3.0209,176076.55,0.0,0.0,0
15m,1759546800.0,3.0209,3.0218,3.0088,3.011,404165.86,0.0,0.0,0
15m,1759547700.0,3.011,3.0185,3.0094,3.0145,262021.23,0.0,0.0,0
15m,1759548600.0,3.0145,3.0203,3.0132,3.0202,149438.05,0.0,0.0,0
15m,1759549500.0,3.0202,3.0243,3.0187,3.0235,159575.31,0.0,0.0,0
15m,1759550400.0,3.0235,3.0278,3.0212,3.0218,218524.6,0.0,0.0,0
15m,1759551300.0,3.0218,3.0227,3.0176,3.0176,233989.8,0.0,0.0,0
15m,1759552200.0,3.0176,3.0205,3.0149,3.018,184840.02,0.0,0.0,0
15m,1759553100.0,3.018,3.0209,3.017,3.0182,113153.11,0.0,0.0,0
15m,1759554000.0,3.0182,3.0247,3.0172,3.0246,242699.78,0.0,0.0,0
15m,1759554900.0,3.0246,3.0296,3.0232,3.0247,176114.44,0.0,0.0,0
15m,1759555800.0,3.0247,3.0266,3.0193,3.0195,166196.46,0.0,0.0,0
15m,1759556700.0,3.0195,3.0251,3.0183,3.0241,127921.06,0.0,0.0,0
15m,1759557600.0,3.0241,3.0273,3.0231,3.0253,235328.56,0.0,0.0,0
15m,1759558500.0,3.0253,3.0307,3.0248,3.0265,218838.42,0.0,0.0,0
15m,1759559400.0,3.0265,3.0303,3.0256,3.026,126094.01,0.0,0.0,0
15m,1759560300.0,3.026,3.0315,3.0246,3.0273,285292.38,0.0,0.0,0
15m,1759561200.0,3.0273,3.0317,3.0253,3.0293,159876.19,0.0,0.0,0
15m,1759562100.0,3.0293,3.0311,3.0275,3.0279,148126.62,0.0,0.0,0
15m,1759563000.0,3.0279,3.03,3.0228,3.0237,178563.86,0.0,0.0,0
15m,1759563900.0,3.0237,3.025,3.018,3.0184,210142.35,0.0,0.0,0
15m,1759564800.0,3.0184,3.025,3.0175,3.0176,266202.78,0.0,0.0,0
15m,1759565700.0,3.0176,3.0176,3.0077,3.0081,534096.1,0.0,0.0,0
15m,1759566600.0,3.0081,3.0118,2.9943,2.9995,1054927.27,0.0,0.0,0
15m,1759567500.0,2.9995,3.0027,2.9967,3.0007,464194.94,0.0,0.0,0
15m,1759568400.0,3.0007,3.0075,2.9986,3.0065,243817.05,0.0,0.0,0
15m,1759569300.0,3.0065,3.0076,3.0047,3.0061,145341.33,0.0,0.0,0
15m,1759570200.0,3.0061,3.0061,3.0009,3.0053,323158.34,0.0,0.0,0
15m,1759571100.0,3.0053,3.0055,2.9953,2.9964,443224.3,0.0,0.0,0
15m,1759572000.0,2.9964,3.0041,2.9954,3.0011,236490.36,0.0,0.0,0
15m,1759572900.0,3.0011,3.0054,2.9993,3.0046,141879.69,0.0,0.0,0
15m,1759573800.0,3.0046,3.0051,2.9856,2.9895,736507.02,0.0,0.0,0
15m,1759574700.0,2.9895,2.9924,2.9835,2.9877,495422.7,0.0,0.0,0
15m,1759575600.0,2.9877,2.9917,2.9835,2.9864,466995.31,0.0,0.0,0
15m,1759576500.0,2.9864,2.991,2.9833,2.9903,319305.44,0.0,0.0,0
15m,1759577400.0,2.9903,2.9923,2.9848,2.99,133172.02,0.0,0.0,0
15m,1759578300.0,2.99,2.9938,2.989,2.9908,207907.77,0.0,0.0,0
15m,1759579200.0,2.9908,2.9955,2.987,2.9935,349120.99,0.0,0.0,0
15m,1759580100.0,2.9935,2.9935,2.9888,2.9895,129360.76,0.0,0.0,0
15m,1759581000.0,2.9895,2.995,2.9884,2.9905,215177.76,0.0,0.0,0
15m,1759581900.0,2.9905,2.9905,2.9832,2.9845,200407.89,0.0,0.0,0
15m,1759582800.0,2.9845,3.003,2.984,2.9992,607476.22,0.0,0.0,0
15m,1759583700.0,2.9992,3.0071,2.9952,2.9963,550741.23,0.0,0.0,0
15m,1759584600.0,2.9963,3.0048,2.9962,3.0003,293077.88,0.0,0.0,0
15m,1759585500.0,3.0003,3.0015,2.9927,2.9929,172976.23,0.0,0.0,0
15m,1759586400.0,2.9929,2.9991,2.989,2.9981,490541.52,0.0,0.0,0
15m,1759587300.0,2.9981,2.9981,2.9849,2.9859,235782.23,0.0,0.0,0
15m,1759588200.0,2.9859,2.9868,2.9795,2.9814,442814.14,0.0,0.0,0
15m,1759589100.0,2.9814,2.9814,2.9662,2.9671,925053.2,0.0,0.0,0
15m,1759590000.0,2.9671,2.9733,2.9606,2.9622,847551.71,0.0,0.0,0
15m,1759590900.0,2.9622,2.9624,2.9414,2.9438,2010755.6,0.0,0.0,0
15m,1759591800.0,2.9438,2.9523,2.9418,2.9508,963813.35,0.0,0.0,0
15m,1759592700.0,2.9508,2.961,2.9484,2.95,1406150.24,0.0,0.0,0
15m,1759593600.0,2.95,2.9557,2.9429,2.9458,764145.73,0.0,0.0,0
15m,1759594500.0,2.9458,2.9484,2.9392,2.9477,743418.4,0.0,0.0,0
15m,1759595400.0,2.9477,2.9544,2.9477,2.9514,374223.72,0.0,0.0,0
15m,1759596300.0,2.9514,2.9522,2.9436,2.9465,444548.08,0.0,0.0,0
15m,1759597200.0,2.9465,2.9544,2.9433,2.9495,385265.19,0.0,0.0,0
15m,1759598100.0,2.9495,2.957,2.9485,2.9558,450647.63,0.0,0.0,0
15m,1759599000.0,2.9558,2.9561,2.9424,2.9444,305621.26,0.0,0.0,0
15m,1759599900.0,2.9444,2.9489,2.9427,2.9483,189413.6,0.0,0.0,0
15m,1759600800.0,2.9483,2.9493,2.9442,2.9451,139587.83,0.0,0.0,0
15m,1759601700.0,2.9451,2.9456,2.9415,2.9444,173785.98,0.0,0.0,0
15m,1759602600.0,2.9444,2.9454,2.9405,2.9446,254699.42,0.0,0.0,0
15m,1759603500.0,2.9446,2.9448,2.9413,2.9437,179276.03,0.0,0.0,0
15m,1759604400.0,2.9437,2.9485,2.9391,2.9476,391753.28,0.0,0.0,0
15m,1759605300.0,2.9476,2.952,2.9467,2.9488,158170.85,0.0,0.0,0
15m,1759606200.0,2.9488,2.9488,2.9433,2.9438,246281.01,0.0,0.0,0
15m,1759607100.0,2.9438,2.9499,2.9429,2.9499,151374.47,0.0,0.0,0
15m,1759608000.0,2.9499,2.9508,2.9466,2.949,194607.46,0.0,0.0,0
15m,1759608900.0,2.949,2.9518,2.9485,2.9508,162582.25,0.0,0.0,0
15m,1759609800.0,2.9508,2.9554,2.9484,2.9553,370318.76,0.0,0.0,0
15m,1759610700.0,2.9553,2.9582,2.9472,2.9472,345438.91,0.0,0.0,0
15m,1759611600.0,2.9472,2.955,2.9458,2.9522,624549.08,0.0,0.0,0
15m,1759612500.0,2.9522,2.9644,2.952,2.9636,152425.27,0.0,0.0,0
15m,1759613400.0,2.9636,2.9651,2.9628,2.9651,139853.94,0.0,0.0,0
15m,1759614300.0,2.9651,2.9651,2.9597,2.9617,62836.78,0.0,0.0,0
15m,1759615200.0,2.9617,2.9678,2.9583,2.9589,240755.96,0.0,0.0,0
15m,1759616100.0,2.9589,2.9613,2.9537,2.9613,89099.1,0.0,0.0,0
15m,1759617000.0,2.9613,2.9704,2.9613,2.9703,228973.36,0.0,0.0,0
15m,1759617900.0,2.9703,2.9714,2.9685,2.9691,172873.34,0.0,0.0,0
15m,1759618800.0,2.9691,2.9693,2.9631,2.9634,100448.23,0.0,0.0,0
15m,1759619700.0,2.9634,2.9669,2.9628,2.9668,43060.85,0.0,0.0,0
15m,1759620600.0,2.9668,2.9718,2.9666,2.9713,134892.22,0.0,0.0,0
15m,1759621500.0,2.9713,2.9732,2.9675,2.9687,113718.08,0.0,0.0,0
15m,1759622400.0,2.9687,2.9694,2.9616,2.9628,199968.3,0.0,0.0,0
15m,1759623300.0,2.9628,2.9742,2.962,2.9739,210499.67,0.0,0.0,0
15m,1759624200.0,2.9739,2.9739,2.9604,2.9607,192797.4,0.0,0.0,0
15m,1759625100.0,2.9607,2.9616,2.9561,2.9569,171177.38,0.0,0.0,0
15m,1759626000.0,2.9569,2.9699,2.9567,2.9663,350675.37,0.0,0.0,0
15m,1759626900.0,2.9663,2.9672,2.9592,2.9612,174233.9,0.0,0.0,0
15m,1759627800.0,2.9612,2.9664,2.9606,2.9646,87346.09,0.0,0.0,0
15m,1759628700.0,2.9646,2.9678,2.9628,2.9645,132161.41,0.0,0.0,0
15m,1759629600.0,2.9645,2.9658,2.961,2.9641,101371.44,0.0,0.0,0
15m,1759630500.0,2.9641,2.9731,2.963,2.9731,351080.07,0.0,0.0,0
15m,1759631400.0,2.9731,3.0027,2.9731,2.9913,1444097.05,0.0,0.0,0
15m,1759632300.0,2.9913,3.0067,2.9909,3.005,640408.59,0.0,0.0,0
15m,1759633200.0,3.005,3.0182,3.0028,3.0077,745995.42,0.0,0.0,0
15m,1759634100.0,3.0077,3.0147,3.0026,3.0137,433050.59,0.0,0.0,0
15m,1759635000.0,3.0137,3.0261,3.0137,3.0235,788269.44,0.0,0.0,0
15m,1759635900.0,3.0235,3.0254,3.0059,3.0078,307340.04,0.0,0.0,0
15m,1759636800.0,3.0078,3.0171,3.0046,3.011,330831.68,0.0,0.0,0
15m,1759637700.0,3.011,3.017,3.0077,3.0126,228025.69,0.0,0.0,0
15m,1759638600.0,3.0126,3.0186,3.0084,3.016,277500.49,0.0,0.0,0
15m,1759639500.0,3.016,3.0442,3.0154,3.0345,2324729.44,0.0,0.0,0
15m,1759640400.0,3.0345,3.0424,3.027,3.0339,1074646.62,0.0,0.0,0
15m,1759641300.0,3.0339,3.0371,3.028,3.0368,574432.76,0.0,0.0,0
15m,1759642200.0,3.0368,3.038,3.0293,3.0309,516213.48,0.0,0.0,0
15m,1759643100.0,3.0309,3.0361,3.0264,3.0356,467155.96,0.0,0.0,0
15m,1759644000.0,3.0356,3.0379,3.0314,3.037,545662.07,0.0,0.0,0
15m,1759644900.0,3.037,3.038,3.0269,3.0368,452456.15,0.0,0.0,0
15m,1759645800.0,3.0368,3.0408,3.0299,3.0378,596663.29,0.0,0.0,0
15m,1759646700.0,3.0378,3.0397,3.0332,3.034,319667.79,0.0,0.0,0
15m,1759647600.0,3.034,3.0471,3.0333,3.046,898502.37,0.0,0.0,0
15m,1759648500.0,3.046,3.0571,3.046,3.0491,1171146.75,0.0,0.0,0
15m,1759649400.0,3.0491,3.0524,3.0467,3.0523,531539.07,0.0,0.0,0
15m,1759650300.0,3.0523,3.067,3.0523,3.0631,605665.55,0.0,0.0,0
15m,1759651200.0,3.0631,3.0718,3.0546,3.0546,922492.02,0.0,0.0,0
15m,1759652100.0,3.0546,3.0649,3.0514,3.0588,888863.81,0.0,0.0,0
15m,1759653000.0,3.0588,3.0588,3.0481,3.0534,508196.61,0.0,0.0,0
15m,1759653900.0,3.0534,3.0542,3.0466,3.0475,319666.27,0.0,0.0,0
15m,1759654800.0,3.0475,3.0519,3.0439,3.0467,441607.9,0.0,0.0,0
15m,1759655700.0,3.0467,3.0491,3.0362,3.0402,442471.13,0.0,0.0,0
15m,1759656600.0,3.0402,3.0462,3.0224,3.027,1463231.66,0.0,0.0,0
15m,1759657500.0,3.027,3.0327,3.0173,3.0238,645955.63,0.0,0.0,0
15m,1759658400.0,3.0238,3.0249,3.0013,3.0118,949195.69,0.0,0.0,0
15m,1759659300.0,3.0118,3.0207,3.0101,3.0148,335536.69,0.0,0.0,0
15m,1759660200.0,3.0148,3.0158,3.006,3.015,297232.2,0.0,0.0,0
15m,1759661100.0,3.015,3.0207,3.015,3.0156,303040.46,0.0,0.0,0
15m,1759662000.0,3.0156,3.021,3.0072,3.0093,745632.25,0.0,0.0,0
15m,1759662900.0,3.0093,3.0191,3.0064,3.017,388922.82,0.0,0.0,0
15m,1759663800.0,3.017,3.0196,3.0129,3.0192,135587.02,0.0,0.0,0
15m,1759664700.0,3.0192,3.0234,3.0192,3.0221,151083.59,0.0,0.0,0
15m,1759665600.0,3.0221,3.0221,3.0058,3.0121,309073.89,0.0,0.0,0
15m,1759666500.0,3.0121,3.0203,3.0097,3.0112,283283.79,0.0,0.0,0
15m,1759667400.0,3.0112,3.0159,3.0067,3.0075,212940.99,0.0,0.0,0
15m,1759668300.0,3.0075,3.0145,3.0061,3.0068,149139.31,0.0,0.0,0
15m,1759669200.0,3.0068,3.0125,3.0056,3.0089,148933.48,0.0,0.0,0
15m,1759670100.0,3.0089,3.0101,2.9966,3.007,430733.31,0.0,0.0,0
15m,1759671000.0,3.007,3.014,3.0013,3.009,514989.49,0.0,0.0,0
15m,1759671900.0,3.009,3.0131,3.0033,3.0053,208652.1,0.0,0.0,0
15m,1759672800.0,3.0053,3.0105,3.0042,3.009,192830.54,0.0,0.0,0
15m,1759673700.0,3.009,3.009,3.0017,3.003,391518.97,0.0,0.0,0
15m,1759674600.0,3.003,3.0046,2.9898,2.9937,442646.48,0.0,0.0,0
15m,1759675500.0,2.9937,2.9962,2.9854,2.9959,574113.27,0.0,0.0,0
15m,1759676400.0,2.9959,2.9995,2.9933,2.9995,166966.18,0.0,0.0,0
15m,1759677300.0,2.9995,3.0074,2.9995,3.0064,131014.41,0.0,0.0,0
15m,1759678200.0,3.0064,3.0064,2.9995,3.0033,182221.91,0.0,0.0,0
15m,1759679100.0,3.0033,3.0155,3.0033,3.0122,629107.81,0.0,0.0,0
15m,1759680000.0,3.0122,3.0149,3.0076,3.0113,137914.27,0.0,0.0,0
15m,1759680900.0,3.0113,3.013,3.0028,3.0031,152533.76,0.0,0.0,0
15m,1759681800.0,3.0031,3.006,2.9964,2.9978,137739.84,0.0,0.0,0
15m,1759682700.0,2.9978,3.0039,2.982,3.0019,739788.83,0.0,0.0,0
15m,1759683600.0,3.0019,3.0082,2.9959,3.0005,248542.53,0.0,0.0,0
15m,1759684500.0,3.0005,3.0058,2.9992,3.0022,176680.95,0.0,0.0,0
15m,1759685400.0,3.0022,3.0022,2.9889,2.9926,276393.86,0.0,0.0,0
15m,1759686300.0,2.9926,2.9936,2.9815,2.9882,183143.74,0.0,0.0,0
15m,1759687200.0,2.9882,2.9911,2.9746,2.9806,413939.76,0.0,0.0,0
15m,1759688100.0,2.9806,2.9808,2.9689,2.9735,509656.9,0.0,0.0,0
15m,1759689000.0,2.9735,2.982,2.9734,2.976,297025.87,0.0,0.0,0
15m,1759689900.0,2.976,2.9799,2.9742,2.975,89275.57,0.0,0.0,0
15m,1759690800.0,2.975,2.9755,2.9506,2.9546,852043.98,0.0,0.0,0
15m,1759691700.0,2.9546,2.9627,2.9502,2.9563,166413.31,0.0,0.0,0
15m,1759692600.0,2.9563,2.9602,2.9544,2.9561,217646.44,0.0,0.0,0
15m,1759693500.0,2.9561,2.9578,2.9486,2.9535,261733.33,0.0,0.0,0
15m,1759694400.0,2.9535,2.9622,2.9465,2.957,217585.43,0.0,0.0,0
15m,1759695300.0,2.957,2.9592,2.9524,2.9592,177010.41,0.0,0.0,0
15m,1759696200.0,2.9592,2.972,2.9592,2.9706,316409.31,0.0,0.0,0
15m,1759697100.0,2.9706,2.9743,2.9701,2.9701,130324.94,0.0,0.0,0
15m,1759698000.0,2.9701,2.9744,2.9633,2.9744,218613.99,0.0,0.0,0
15m,1759698900.0,2.9744,2.9794,2.9701,2.9773,169702.08,0.0,0.0,0
15m,1759699800.0,2.9773,2.9796,2.9718,2.9763,73911.56,0.0,0.0,0
15m,1759700700.0,2.9763,2.9794,2.9724,2.976,112936.62,0.0,0.0,0
15m,1759701600.0,2.976,2.9851,2.958,2.9621,400555.61,0.0,0.0,0
15m,1759702500.0,2.9621,2.9675,2.9582,2.9618,381395.9,0.0,0.0,0
15m,1759703400.0,2.9618,2.9641,2.9577,2.9639,221611.23,0.0,0.0,0
15m,1759704300.0,2.9639,2.9699,2.9624,2.9675,168922.4,0.0,0.0,0
15m,1759705200.0,2.9675,2.9713,2.9637,2.9686,250752.52,0.0,0.0,0
15m,1759706100.0,2.9686,2.9729,2.9678,2.9728,150907.87,0.0,0.0,0
15m,1759707000.0,2.9728,2.9788,2.9703,2.9714,223615.76,0.0,0.0,0
15m,1759707900.0,2.9714,2.9747,2.9682,2.9695,137657.44,0.0,0.0,0
15m,1759708800.0,2.9695,2.9717,2.959,2.9707,242954.58,0.0,0.0,0
15m,1759709700.0,2.9707,2.9918,2.962,2.9702,981563.84,0.0,0.0,0
15m,1759710600.0,2.9702,2.9779,2.9639,2.9729,462317.44,0.0,0.0,0
15m,1759711500.0,2.9729,2.9743,2.9553,2.963,404435.44,0.0,0.0,0
15m,1759712400.0,2.963,2.9731,2.9551,2.9688,183903.71,0.0,0.0,0
15m,1759713300.0,2.9688,2.9863,2.9634,2.9813,288519.82,0.0,0.0,0
15m,1759714200.0,2.9813,2.9875,2.9718,2.9755,371587.5,0.0,0.0,0
15m,1759715100.0,2.9755,2.98,2.9724,2.9793,320468.45,0.0,0.0,0
15m,1759716000.0,2.9793,2.9825,2.9712,2.9741,281789.81,0.0,0.0,0
15m,1759716900.0,2.9741,2.9788,2.9684,2.9689,383495.23,0.0,0.0,0
15m,1759717800.0,2.9689,2.9727,2.9617,2.9714,413063.87,0.0,0.0,0
15m,1759718700.0,2.9714,2.9918,2.9714,2.9812,533785.95,0.0,0.0,0
15m,1759719600.0,2.9812,2.9825,2.9773,2.9814,236518.54,0.0,0.0,0
15m,1759720500.0,2.9814,2.9825,2.9749,2.9778,247098.3,0.0,0.0,0
15m,1759721400.0,2.9778,2.9842,2.9765,2.9782,252249.0,0.0,0.0,0
15m,1759722300.0,2.9782,2.9792,2.9738,2.9779,150076.11,0.0,0.0,0
15m,1759723200.0,2.9779,2.9792,2.9706,2.976,207653.74,0.0,0.0,0
15m,1759724100.0,2.976,2.9821,2.9759,2.9809,145608.98,0.0,0.0,0
15m,1759725000.0,2.9809,2.9819,2.9698,2.9716,297397.94,0.0,0.0,0
15m,1759725900.0,2.9716,2.9723,2.9657,2.9679,209065.72,0.0,0.0,0
15m,1759726800.0,2.9679,2.9712,2.9634,2.9634,170029.57,0.0,0.0,0
15m,1759727700.0,2.9634,2.9718,2.9625,2.9715,228514.43,0.0,0.0,0
15m,1759728600.0,2.9715,2.9723,2.9648,2.9705,120913.03,0.0,0.0,0
15m,1759729500.0,2.9705,2.9764,2.9695,2.9734,170952.38,0.0,0.0,0
15m,1759730400.0,2.9734,2.9876,2.9734,2.9861,293320.79,0.0,0.0,0
15m,1759731300.0,2.9861,2.9912,2.9826,2.99,363898.5,0.0,0.0,0
15m,1759732200.0,2.99,2.9994,2.9893,2.9926,430351.29,0.0,0.0,0
15m,1759733100.0,2.9926,2.9949,2.9862,2.9906,417601.45,0.0,0.0,0
15m,1759734000.0,2.9906,2.9955,2.9879,2.9955,330187.64,0.0,0.0,0
15m,1759734900.0,2.9955,2.9974,2.9893,2.9905,256970.56,0.0,0.0,0
15m,1759735800.0,2.9905,2.9908,2.9698,2.9721,384727.85,0.0,0.0,0
15m,1759736700.0,2.9721,2.9744,2.9652,2.9738,500928.76,0.0,0.0,0
15m,1759737600.0,2.9738,2.9845,2.9738,2.9803,292393.11,0.0,0.0,0
15m,1759738500.0,2.9803,2.9837,2.9771,2.9835,175862.74,0.0,0.0,0
15m,1759739400.0,2.9835,2.9915,2.9834,2.9857,324011.73,0.0,0.0,0
15m,1759740300.0,2.9857,2.9914,2.9849,2.9876,205558.97,0.0,0.0,0
15m,1759741200.0,2.9876,2.9946,2.9864,2.9915,289239.93,0.0,0.0,0
15m,1759742100.0,2.9915,2.9942,2.9877,2.9919,737166.37,0.0,0.0,0
15m,1759743000.0,2.9919,2.9927,2.9867,2.9894,496200.55,0.0,0.0,0
15m,1759743900.0,2.9894,2.9945,2.9888,2.9919,332971.42,0.0,0.0,0
15m,1759744800.0,2.9919,2.9945,2.9873,2.9889,326480.47,0.0,0.0,0
15m,1759745700.0,2.9889,2.9945,2.9852,2.9929,252731.21,0.0,0.0,0
15m,1759746600.0,2.9929,2.9948,2.9895,2.9919,442573.08,0.0,0.0,0
15m,1759747500.0,2.9919,2.9967,2.9918,2.9937,409486.83,0.0,0.0,0
15m,1759748400.0,2.9937,2.9947,2.9862,2.993,407415.07,0.0,0.0,0
15m,1759749300.0,2.993,3.0088,2.9923,3.0065,758184.6,0.0,0.0,0
15m,1759750200.0,3.0065,3.0086,2.9955,3.0014,736887.14,0.0,0.0,0
15m,1759751100.0,3.0014,3.0038,2.9941,2.9956,641656.76,0.0,0.0,0
15m,1759752000.0,2.9956,3.0044,2.9955,3.0012,805012.58,0.0,0.0,0
15m,1759752900.0,3.0012,3.0098,3.001,3.0032,1076302.57,0.0,0.0,0
15m,1759753800.0,3.0032,3.0061,2.9991,2.9991,462448.49,0.0,0.0,0
15m,1759754700.0,2.9991,3.0046,2.9989,3.0014,456991.14,0.0,0.0,0
15m,1759755600.0,3.0014,3.006,2.9944,2.9994,699262.99,0.0,0.0,0
15m,1759756500.0,2.9994,3.0037,2.9929,2.998,809514.69,0.0,0.0,0
15m,1759757400.0,2.998,3.0097,2.9898,2.9967,1278543.05,0.0,0.0,0
15m,1759758300.0,2.9967,3.0099,2.9918,3.0091,852088.1,0.0,0.0,0
15m,1759759200.0,3.0091,3.022,3.0081,3.0132,1048242.59,0.0,0.0,0
15m,1759760100.0,3.0132,3.0193,2.9983,3.0055,842051.23,0.0,0.0,0
15m,1759761000.0,3.0055,3.0125,3.0002,3.0004,741140.74,0.0,0.0,0
15m,1759761900.0,3.0004,3.0031,2.9847,2.9876,1250774.15,0.0,0.0,0
15m,1759762800.0,2.9876,3.0066,2.9875,3.006,664911.93,0.0,0.0,0
15m,1759763700.0,3.006,3.0362,3.0059,3.0332,1508404.39,0.0,0.0,0
15m,1759764600.0,3.0332,3.0355,3.0233,3.0299,1310354.34,0.0,0.0,0
15m,1759765500.0,3.0299,3.0392,3.0276,3.0314,762748.88,0.0,0.0,0
15m,1759766400.0,3.0314,3.0406,3.0215,3.0301,836709.35,0.0,0.0,0
15m,1759767300.0,3.0301,3.0374,3.0221,3.0248,626781.0,0.0,0.0,0
15m,1759768200.0,3.0248,3.0287,3.0223,3.0282,312009.02,0.0,0.0,0
15m,1759769100.0,3.0282,3.0341,3.0229,3.0327,391422.68,0.0,0.0,0
15m,1759770000.0,3.0327,3.0387,3.0303,3.0336,514915.62,0.0,0.0,0
15m,1759770900.0,3.0336,3.0472,3.0317,3.0437,864694.63,0.0,0.0,0
15m,1759771800.0,3.0437,3.046,3.0278,3.0364,703900.59,0.0,0.0,0
15m,1759772700.0,3.0364,3.0427,3.032,3.0364,310393.31,0.0,0.0,0
15m,1759773600.0,3.0364,3.04,3.0331,3.0384,377133.12,0.0,0.0,0
15m,1759774500.0,3.0384,3.0437,3.0357,3.0434,301160.33,0.0,0.0,0
15m,1759775400.0,3.0434,3.0434,3.0341,3.0358,271085.59,0.0,0.0,0
15m,1759776300.0,3.0358,3.0479,3.0354,3.045,474050.36,0.0,0.0,0
15m,1759777200.0,3.045,3.0506,3.0374,3.0457,703433.92,0.0,0.0,0
15m,1759778100.0,3.0457,3.0464,3.033,3.0332,508935.78,0.0,0.0,0
15m,1759779000.0,3.0332,3.0345,3.0235,3.0258,446377.05,0.0,0.0,0
15m,1759779900.0,3.0258,3.03,3.0237,3.0249,446183.42,0.0,0.0,0
15m,1759780800.0,3.0249,3.0338,3.0235,3.0272,234913.59,0.0,0.0,0
15m,1759781700.0,3.0272,3.0276,3.0134,3.0153,1064109.04,0.0,0.0,0
15m,1759782600.0,3.0153,3.0208,3.0084,3.0101,450762.54,0.0,0.0,0
15m,1759783500.0,3.0101,3.0113,3.0075,3.0088,250279.65,0.0,0.0,0
15m,1759784400.0,3.0088,3.0151,3.0065,3.0065,394016.5,0.0,0.0,0
15m,1759785300.0,3.0065,3.0079,2.9975,3.0065,281651.16,0.0,0.0,0
15m,1759786200.0,3.0065,3.0098,3.0001,3.0044,353390.92,0.0,0.0,0
15m,1759787100.0,3.0044,3.0069,2.9993,3.0069,152447.07,0.0,0.0,0
15m,1759788000.0,3.0069,3.0122,3.0023,3.0035,343651.12,0.0,0.0,0
15m,1759788900.0,3.0035,3.0067,2.9988,3.0,300355.46,0.0,0.0,0
15m,1759789800.0,3.0,3.0012,2.9927,2.9953,438745.83,0.0,0.0,0
15m,1759790700.0,2.9953,3.0022,2.9938,3.0007,221812.68,0.0,0.0,0
15m,1759791600.0,3.0007,3.0021,2.9921,2.9925,210275.14,0.0,0.0,0
15m,1759792500.0,2.9925,2.9958,2.9866,2.994,315154.27,0.0,0.0,0
15m,1759793400.0,2.994,2.9968,2.9912,2.9957,172971.28,0.0,0.0,0
15m,1759794300.0,2.9957,2.9957,2.9868,2.9881,453711.05,0.0,0.0,0
15m,1759795200.0,2.9881,2.993,2.9867,2.9872,345674.18,0.0,0.0,0
15m,1759796100.0,2.9872,2.9888,2.9811,2.9832,520684.14,0.0,0.0,0
15m,1759797000.0,2.9832,2.9943,2.9828,2.9937,277854.47,0.0,0.0,0
15m,1759797900.0,2.9937,2.9951,2.9882,2.9946,521416.57,0.0,0.0,0
15m,1759798800.0,2.9946,3.0008,2.9934,2.9938,562039.09,0.0,0.0,0
15m,1759799700.0,2.9938,2.9938,2.9783,2.9894,444861.04,0.0,0.0,0
15m,1759800600.0,2.9894,2.992,2.9842,2.992,200261.05,0.0,0.0,0
15m,1759801500.0,2.992,2.9926,2.9846,2.989,164657.63,0.0,0.0,0
15m,1759802400.0,2.989,2.989,2.9844,2.9852,238987.09,0.0,0.0,0
15m,1759803300.0,2.9852,2.9948,2.9786,2.9938,452100.91,0.0,0.0,0
15m,1759804200.0,2.9938,2.9949,2.9835,2.9845,119180.96,0.0,0.0,0
15m,1759805100.0,2.9845,2.9899,2.9827,2.9856,164023.68,0.0,0.0,0
15m,1759806000.0,2.9856,2.9866,2.9821,2.9858,162077.05,0.0,0.0,0
15m,1759806900.0,2.9858,2.9858,2.9763,2.9798,278038.35,0.0,0.0,0
15m,1759807800.0,2.9798,2.9888,2.9792,2.988,247336.16,0.0,0.0,0
15m,1759808700.0,2.988,2.9899,2.9855,2.9865,72164.86,0.0,0.0,0
15m,1759809600.0,2.9865,2.9866,2.9777,2.9786,434121.33,0.0,0.0,0
15m,1759810500.0,2.9786,2.9849,2.9756,2.9848,194493.64,0.0,0.0,0
15m,1759811400.0,2.9848,2.9939,2.9846,2.9921,197478.58,0.0,0.0,0
15m,1759812300.0,2.9921,2.9956,2.9915,2.9928,197491.81,0.0,0.0,0
15m,1759813200.0,2.9928,2.9949,2.987,2.992,228031.76,0.0,0.0,0
15m,1759814100.0,2.992,2.9961,2.9891,2.9948,227810.38,0.0,0.0,0
15m,1759815000.0,2.9948,3.0015,2.9931,2.9993,380646.8,0.0,0.0,0
15m,1759815900.0,2.9993,3.0009,2.9881,2.9917,409911.53,0.0,0.0,0
15m,1759816800.0,2.9917,2.9917,2.9818,2.9819,265520.84,0.0,0.0,0
15m,1759817700.0,2.9819,2.982,2.9722,2.9727,586437.94,0.0,0.0,0
15m,1759818600.0,2.9727,2.9775,2.9655,2.9686,620109.41,0.0,0.0,0
15m,1759819500.0,2.9686,2.9758,2.9664,2.9679,346852.98,0.0,0.0,0
15m,1759820400.0,2.9679,2.9745,2.9654,2.9691,352831.13,0.0,0.0,0
15m,1759821300.0,2.9691,2.9714,2.9645,2.969,235166.18,0.0,0.0,0
15m,1759822200.0,2.969,2.9694,2.9618,2.9685,390635.47,0.0,0.0,0
15m,1759823100.0,2.9685,2.9719,2.9673,2.9718,210880.47,0.0,0.0,0
15m,1759824000.0,2.9718,2.9726,2.9577,2.9589,766509.3,0.0,0.0,0
15m,1759824900.0,2.9589,2.966,2.9561,2.9621,431425.49,0.0,0.0,0
15m,1759825800.0,2.9621,2.9674,2.9549,2.9674,334024.36,0.0,0.0,0
15m,1759826700.0,2.9674,2.9708,2.9627,2.9649,399268.31,0.0,0.0,0
15m,1759827600.0,2.9649,2.9737,2.964,2.9723,309108.73,0.0,0.0,0
15m,1759828500.0,2.9723,2.9741,2.9678,2.972,148505.62,0.0,0.0,0
15m,1759829400.0,2.972,2.9733,2.9677,2.9705,245433.08,0.0,0.0,0
15m,1759830300.0,2.9705,2.9736,2.9699,2.9724,172523.42,0.0,0.0,0
15m,1759831200.0,2.9724,2.9803,2.9681,2.9781,178672.91,0.0,0.0,0
15m,1759832100.0,2.9781,2.9788,2.973,2.9739,228080.96,0.0,0.0,0
15m,1759833000.0,2.9739,2.9798,2.9719,2.9746,211854.49,0.0,0.0,0
15m,1759833900.0,2.9746,2.9791,2.9736,2.9765,176656.55,0.0,0.0,0
15m,1759834800.0,2.9765,2.98,2.974,2.9757,159697.04,0.0,0.0,0
15m,1759835700.0,2.9757,2.9772,2.9723,2.9749,242132.42,0.0,0.0,0
15m,1759836600.0,2.9749,2.9782,2.9691,2.9711,252381.73,0.0,0.0,0
15m,1759837500.0,2.9711,2.9761,2.9688,2.9696,826212.48,0.0,0.0,0
15m,1759838400.0,2.9696,2.9764,2.9668,2.9713,293825.93,0.0,0.0,0
15m,1759839300.0,2.9713,2.9739,2.9677,2.971,191532.15,0.0,0.0,0
15m,1759840200.0,2.971,2.9756,2.9678,2.9723,230935.87,0.0,0.0,0
15m,1759841100.0,2.9723,2.9909,2.9723,2.9859,814751.76,0.0,0.0,0
15m,1759842000.0,2.9859,2.9907,2.9748,2.9768,827342.25,0.0,0.0,0
15m,1759842900.0,2.9768,2.9815,2.9717,2.9788,1335844.0,0.0,0.0,0
15m,1759843800.0,2.9788,2.9795,2.9403,2.9513,2490491.08,0.0,0.0,0
15m,1759844700.0,2.9513,2.9548,2.9386,2.9539,1600620.02,0.0,0.0,0
15m,1759845600.0,2.9539,2.9568,2.9134,2.922,3778753.8,0.0,0.0,0
15m,1759846500.0,2.922,2.9324,2.903,2.907,1787740.75,0.0,0.0,0
15m,1759847400.0,2.907,2.923,2.9037,2.9191,1300866.63,0.0,0.0,0
15m,1759848300.0,2.9191,2.9249,2.9086,2.9093,824573.44,0.0,0.0,0
15m,1759849200.0,2.9093,2.9168,2.8792,2.8991,4258006.6,0.0,0.0,0
15m,1759850100.0,2.8991,2.9089,2.8953,2.8964,803649.93,0.0,0.0,0
15m,1759851000.0,2.8964,2.8965,2.8698,2.885,2222957.07,0.0,0.0,0
15m,1759851900.0,2.885,2.8859,2.876,2.8845,1229246.97,0.0,0.0,0
15m,1759852800.0,2.8845,2.8872,2.8753,2.8781,1385428.12,0.0,0.0,0
15m,1759853700.0,2.8781,2.8841,2.8725,2.876,1079445.2,0.0,0.0,0
15m,1759854600.0,2.876,2.8976,2.8745,2.896,1022102.76,0.0,0.0,0
15m,1759855500.0,2.896,2.9039,2.8858,2.8887,1261465.18,0.0,0.0,0
15m,1759856400.0,2.8887,2.8937,2.8847,2.8877,536178.0,0.0,0.0,0
15m,1759857300.0,2.8877,2.8904,2.8828,2.8854,391358.5,0.0,0.0,0
15m,1759858200.0,2.8854,2.8866,2.8776,2.886,406342.41,0.0,0.0,0
15m,1759859100.0,2.886,2.8897,2.8773,2.8773,329016.78,0.0,0.0,0
15m,1759860000.0,2.8773,2.8814,2.873,2.8789,267889.46,0.0,0.0,0
15m,1759860900.0,2.8789,2.8803,2.8689,2.873,407892.89,0.0,0.0,0
15m,1759861800.0,2.873,2.8733,2.8607,2.8659,827485.1,0.0,0.0,0
15m,1759862700.0,2.8659,2.8674,2.8591,2.8599,627794.22,0.0,0.0,0
15m,1759863600.0,2.8599,2.8708,2.856,2.8622,665808.47,0.0,0.0,0
15m,1759864500.0,2.8622,2.872,2.8616,2.8631,499641.98,0.0,0.0,0
15m,1759865400.0,2.8631,2.8669,2.8593,2.8603,430069.16,0.0,0.0,0
15m,1759866300.0,2.8603,2.8694,2.8486,2.8566,1443445.11,0.0,0.0,0
15m,1759867200.0,2.8566,2.8806,2.8544,2.8787,820377.92,0.0,0.0,0
15m,1759868100.0,2.8787,2.8812,2.8686,2.871,450000.92,0.0,0.0,0
15m,1759869000.0,2.871,2.8784,2.87,2.8715,326997.65,0.0,0.0,0
15m,1759869900.0,2.8715,2.8799,2.8715,2.8718,415200.2,0.0,0.0,0
15m,1759870800.0,2.8718,2.8778,2.8659,2.8728,321207.11,0.0,0.0,0
15m,1759871700.0,2.8728,2.8811,2.8712,2.88,149284.41,0.0,0.0,0
15m,1759872600.0,2.88,2.88,2.8684,2.8712,342140.2,0.0,0.0,0
15m,1759873500.0,2.8712,2.8741,2.8665,2.8725,277215.59,0.0,0.0,0
15m,1759874400.0,2.8725,2.873,2.8633,2.8706,522896.01,0.0,0.0,0
15m,1759875300.0,2.8706,2.8766,2.8678,2.8705,499006.35,0.0,0.0,0
15m,1759876200.0,2.8705,2.873,2.8625,2.8682,361293.75,0.0,0.0,0
15m,1759877100.0,2.8682,2.8694,2.8651,2.8667,218510.87,0.0,0.0,0
15m,1759878000.0,2.8667,2.867,2.8595,2.8604,302582.76,0.0,0.0,0
15m,1759878900.0,2.8604,2.8632,2.8548,2.8558,436591.33,0.0,0.0,0
15m,1759879800.0,2.8558,2.8566,2.8502,2.8551,640930.81,0.0,0.0,0
15m,1759880700.0,2.8551,2.859,2.8498,2.8518,703388.48,0.0,0.0,0
15m,1759881600.0,2.8518,2.8695,2.8513,2.8681,788269.93,0.0,0.0,0
15m,1759882500.0,2.8681,2.8746,2.868,2.8693,579802.68,0.0,0.0,0
15m,1759883400.0,2.8693,2.8763,2.8594,2.8729,539631.48,0.0,0.0,0
15m,1759884300.0,2.8729,2.8757,2.869,2.8692,724702.91,0.0,0.0,0
15m,1759885200.0,2.8692,2.8722,2.8658,2.8659,523023.91,0.0,0.0,0
15m,1759886100.0,2.8659,2.8757,2.8644,2.8707,476522.73,0.0,0.0,0
15m,1759887000.0,2.8707,2.8738,2.8666,2.8691,347855.42,0.0,0.0,0
15m,1759887900.0,2.8691,2.8744,2.8689,2.8717,214357.77,0.0,0.0,0
15m,1759888800.0,2.8717,2.8731,2.8666,2.8709,320675.56,0.0,0.0,0
15m,1759889700.0,2.8709,2.8791,2.8709,2.878,460358.53,0.0,0.0,0
15m,1759890600.0,2.878,2.8784,2.8702,2.8711,268916.27,0.0,0.0,0
15m,1759891500.0,2.8711,2.8764,2.8688,2.8689,480046.36,0.0,0.0,0
15m,1759892400.0,2.8689,2.869,2.8559,2.8563,466175.09,0.0,0.0,0
15m,1759893300.0,2.8563,2.8608,2.837,2.8467,1047905.46,0.0,0.0,0
15m,1759894200.0,2.8467,2.8514,2.8421,2.8472,442811.23,0.0,0.0,0
15m,1759895100.0,2.8472,2.8538,2.845,2.8466,379506.42,0.0,0.0,0
15m,1759896000.0,2.8466,2.8521,2.8302,2.8509,853631.54,0.0,0.0,0
15m,1759896900.0,2.8509,2.8603,2.8509,2.8567,252723.48,0.0,0.0,0
15m,1759897800.0,2.8567,2.864,2.8559,2.8572,266489.46,0.0,0.0,0
15m,1759898700.0,2.8572,2.8629,2.8566,2.8623,307986.16,0.0,0.0,0
15m,1759899600.0,2.8623,2.8623,2.8536,2.8558,358661.56,0.0,0.0,0
15m,1759900500.0,2.8558,2.8567,2.851,2.853,291499.98,0.0,0.0,0
15m,1759901400.0,2.853,2.8554,2.8497,2.8497,271671.06,0.0,0.0,0
15m,1759902300.0,2.8497,2.857,2.8457,2.8552,267446.59,0.0,0.0,0
15m,1759903200.0,2.8552,2.856,2.8423,2.8518,646747.81,0.0,0.0,0
15m,1759904100.0,2.8518,2.8572,2.8477,2.8518,578026.78,0.0,0.0,0
15m,1759905000.0,2.8518,2.8614,2.8514,2.8585,326065.15,0.0,0.0,0
15m,1759905900.0,2.8585,2.8636,2.858,2.8615,167190.47,0.0,0.0,0
15m,1759906800.0,2.8615,2.8629,2.8531,2.8543,285394.24,0.0,0.0,0
15m,1759907700.0,2.8543,2.8569,2.8506,2.8551,242728.09,0.0,0.0,0
15m,1759908600.0,2.8551,2.8575,2.85,2.8548,246556.13,0.0,0.0,0
15m,1759909500.0,2.8548,2.859,2.8485,2.8579,309215.29,0.0,0.0,0
15m,1759910400.0,2.8579,2.8605,2.8561,2.8591,396226.57,0.0,0.0,0
15m,1759911300.0,2.8591,2.8662,2.8573,2.862,350103.4,0.0,0.0,0
15m,1759912200.0,2.862,2.8771,2.861,2.8759,493268.08,0.0,0.0,0
15m,1759913100.0,2.8759,2.877,2.8661,2.8682,336206.3,0.0,0.0,0
15m,1759914000.0,2.8682,2.8722,2.8661,2.8673,234857.89,0.0,0.0,0
15m,1759914900.0,2.8673,2.8683,2.863,2.8645,185862.18,0.0,0.0,0
15m,1759915800.0,2.8645,2.869,2.8624,2.8665,151461.8,0.0,0.0,0
15m,1759916700.0,2.8665,2.8698,2.8639,2.8698,158637.53,0.0,0.0,0
15m,1759917600.0,2.8698,2.8745,2.8662,2.8672,114911.42,0.0,0.0,0
15m,1759918500.0,2.8672,2.873,2.8662,2.8701,228150.32,0.0,0.0,0
15m,1759919400.0,2.8701,2.8778,2.869,2.8745,208331.95,0.0,0.0,0
15m,1759920300.0,2.8745,2.8787,2.8738,2.8776,194619.26,0.0,0.0,0
15m,1759921200.0,2.8776,2.881,2.8752,2.8806,198442.82,0.0,0.0,0
15m,1759922100.0,2.8806,2.8807,2.8741,2.8758,152507.86,0.0,0.0,0
15m,1759923000.0,2.8758,2.8761,2.8708,2.8725,217957.9,0.0,0.0,0
15m,1759923900.0,2.8725,2.877,2.8721,2.876,156233.17,0.0,0.0,0
15m,1759924800.0,2.876,2.8824,2.8734,2.8782,233255.37,0.0,0.0,0
15m,1759925700.0,2.8782,2.879,2.874,2.8786,117821.69,0.0,0.0,0
15m,1759926600.0,2.8786,2.8787,2.8718,2.874,80515.89,0.0,0.0,0
15m,1759927500.0,2.874,2.877,2.871,2.875,80954.37,0.0,0.0,0
15m,1759928400.0,2.875,2.8791,2.871,2.8761,141857.57,0.0,0.0,0
15m,1759929300.0,2.8761,2.8773,2.8717,2.8725,151130.46,0.0,0.0,0
15m,1759930200.0,2.8725,2.8778,2.8554,2.8606,649116.18,0.0,0.0,0
15m,1759931100.0,2.8606,2.8744,2.8521,2.8736,354173.46,0.0,0.0,0
15m,1759932000.0,2.8736,2.8936,2.8733,2.8788,832468.84,0.0,0.0,0
15m,1759932900.0,2.8788,2.8882,2.8752,2.8762,344041.86,0.0,0.0,0
15m,1759933800.0,2.8762,2.8815,2.866,2.8709,620990.5,0.0,0.0,0
15m,1759934700.0,2.8709,2.8728,2.8573,2.8619,357976.63,0.0,0.0,0
15m,1759935600.0,2.8619,2.8729,2.8601,2.8675,238540.21,0.0,0.0,0
15m,1759936500.0,2.8675,2.8712,2.8601,2.8666,229956.14,0.0,0.0,0
15m,1759937400.0,2.8666,2.869,2.864,2.8687,254782.59,0.0,0.0,0
15m,1759938300.0,2.8687,2.8687,2.8615,2.866,245767.27,0.0,0.0,0
15m,1759939200.0,2.866,2.8734,2.8626,2.8734,370561.55,0.0,0.0,0
15m,1759940100.0,2.8734,2.8787,2.8717,2.8735,441996.02,0.0,0.0,0
15m,1759941000.0,2.8735,2.8749,2.8698,2.8726,169998.28,0.0,0.0,0
15m,1759941900.0,2.8726,2.8854,2.8718,2.8834,359647.04,0.0,0.0,0
15m,1759942800.0,2.8834,2.8956,2.8819,2.8954,549434.77,0.0,0.0,0
15m,1759943700.0,2.8954,2.9227,2.8934,2.9158,1131417.31,0.0,0.0,0
15m,1759944600.0,2.9158,2.9237,2.9094,2.9111,589406.34,0.0,0.0,0
15m,1759945500.0,2.9111,2.9247,2.9083,2.9195,492079.05,0.0,0.0,0
15m,1759946400.0,2.9195,2.9224,2.9118,2.918,354820.77,0.0,0.0,0
15m,1759947300.0,2.918,2.9192,2.9065,2.9067,601581.51,0.0,0.0,0
15m,1759948200.0,2.9067,2.9139,2.9027,2.9057,336839.41,0.0,0.0,0
15m,1759949100.0,2.9057,2.9144,2.9043,2.908,289697.7,0.0,0.0,0
15m,1759950000.0,2.908,2.9085,2.8997,2.9017,218084.26,0.0,0.0,0
15m,1759950900.0,2.9017,2.9089,2.8978,2.9069,149186.35,0.0,0.0,0
15m,1759951800.0,2.9069,2.9109,2.9035,2.905,158109.66,0.0,0.0,0
15m,1759952700.0,2.905,2.9133,2.9022,2.9092,407286.4,0.0,0.0,0
15m,1759953600.0,2.9092,2.9098,2.9003,2.9054,206299.02,0.0,0.0,0
15m,1759954500.0,2.9054,2.912,2.9053,2.9084,150042.8,0.0,0.0,0
15m,1759955400.0,2.9084,2.9091,2.9015,2.9031,114231.0,0.0,0.0,0
15m,1759956300.0,2.9031,2.9031,2.8917,2.8928,207872.83,0.0,0.0,0
15m,1759957200.0,2.8928,2.8998,2.8925,2.8973,209614.58,0.0,0.0,0
15m,1759958100.0,2.8973,2.9034,2.8962,2.9002,111803.71,0.0,0.0,0
15m,1759959000.0,2.9002,2.9042,2.8985,2.9033,114137.07,0.0,0.0,0
15m,1759959900.0,2.9033,2.9033,2.8925,2.897,92610.65,0.0,0.0,0
15m,1759960800.0,2.897,2.9012,2.8958,2.9002,186583.62,0.0,0.0,0
15m,1759961700.0,2.9002,2.9009,2.8947,2.8956,188647.5,0.0,0.0,0
15m,1759962600.0,2.8956,2.9006,2.8946,2.9003,189266.62,0.0,0.0,0
15m,1759963500.0,2.9003,2.9003,2.8951,2.8951,64300.36,0.0,0.0,0
15m,1759964400.0,2.8951,2.8951,2.8854,2.8897,202736.25,0.0,0.0,0
15m,1759965300.0,2.8897,2.8949,2.8885,2.8939,133281.32,0.0,0.0,0
15m,1759966200.0,2.8939,2.8952,2.8854,2.8854,280189.14,0.0,0.0,0
15m,1759967100.0,2.8854,2.8854,2.8764,2.8799,754425.26,0.0,0.0,0
15m,1759968000.0,2.8799,2.8805,2.8654,2.8665,633787.39,0.0,0.0,0
15m,1759968900.0,2.8665,2.8774,2.8656,2.8681,407721.11,0.0,0.0,0
15m,1759969800.0,2.8681,2.8715,2.8644,2.8675,363186.94,0.0,0.0,0
15m,1759970700.0,2.8675,2.8723,2.8661,2.8667,310841.75,0.0,0.0,0
15m,1759971600.0,2.8667,2.8676,2.8587,2.8598,385296.57,0.0,0.0,0
15m,1759972500.0,2.8598,2.8664,2.8573,2.858,357769.54,0.0,0.0,0
15m,1759973400.0,2.858,2.8585,2.8506,2.8509,364368.72,0.0,0.0,0
15m,1759974300.0,2.8509,2.8617,2.8509,2.858,377197.86,0.0,0.0,0
15m,1759975200.0,2.858,2.8595,2.8458,2.8513,401029.23,0.0,0.0,0
15m,1759976100.0,2.8513,2.8522,2.8396,2.8397,484031.17,0.0,0.0,0
15m,1759977000.0,2.8397,2.844,2.8303,2.8307,668734.06,0.0,0.0,0
15m,1759977900.0,2.8307,2.8346,2.8248,2.83,576206.05,0.0,0.0,0
15m,1759978800.0,2.83,2.8397,2.8294,2.837,267900.5,0.0,0.0,0
15m,1759979700.0,2.837,2.8438,2.8367,2.8398,210774.27,0.0,0.0,0
15m,1759980600.0,2.8398,2.8425,2.8371,2.8378,236615.4,0.0,0.0,0
15m,1759981500.0,2.8378,2.8456,2.8378,2.8442,173176.79,0.0,0.0,0
15m,1759982400.0,2.8442,2.8455,2.8371,2.8371,175260.4,0.0,0.0,0
15m,1759983300.0,2.8371,2.8488,2.8368,2.8468,191777.62,0.0,0.0,0
15m,1759984200.0,2.8468,2.8468,2.8405,2.8411,223273.77,0.0,0.0,0
15m,1759985100.0,2.8411,2.8469,2.8407,2.8461,115173.03,0.0,0.0,0
15m,1759986000.0,2.8461,2.8469,2.8393,2.8393,170320.61,0.0,0.0,0
15m,1759986900.0,2.8393,2.8397,2.8291,2.8356,458512.77,0.0,0.0,0
15m,1759987800.0,2.8356,2.8413,2.8281,2.8284,390973.78,0.0,0.0,0
15m,1759988700.0,2.8284,2.8342,2.8262,2.8339,346246.65,0.0,0.0,0
15m,1759989600.0,2.8339,2.8343,2.8236,2.8271,513485.14,0.0,0.0,0
15m,1759990500.0,2.8271,2.8312,2.824,2.83,267855.9,0.0,0.0,0
15m,1759991400.0,2.83,2.8332,2.8282,2.829,221152.98,0.0,0.0,0
15m,1759992300.0,2.829,2.8337,2.8198,2.8241,470277.6,0.0,0.0,0
15m,1759993200.0,2.8241,2.8277,2.8223,2.8247,269791.69,0.0,0.0,0
15m,1759994100.0,2.8247,2.8301,2.8179,2.8221,382114.79,0.0,0.0,0
15m,1759995000.0,2.8221,2.8223,2.8138,2.8163,493487.21,0.0,0.0,0
15m,1759995900.0,2.8163,2.8265,2.8157,2.8169,318819.51,0.0,0.0,0
15m,1759996800.0,2.8169,2.8197,2.8051,2.8064,975963.89,0.0,0.0,0
15m,1759997700.0,2.8064,2.8096,2.7915,2.792,1474893.01,0.0,0.0,0
15m,1759998600.0,2.792,2.8013,2.7897,2.7928,784928.46,0.0,0.0,0
15m,1759999500.0,2.7928,2.8008,2.7858,2.7876,623286.51,0.0,0.0,0
15m,1760000400.0,2.7876,2.8009,2.7876,2.8008,420387.63,0.0,0.0,0
15m,1760001300.0,2.8008,2.8077,2.7976,2.8043,525332.87,0.0,0.0,0
15m,1760002200.0,2.8043,2.8088,2.8015,2.8042,335972.6,0.0,0.0,0
15m,1760003100.0,2.8042,2.8103,2.8023,2.8087,525947.81,0.0,0.0,0
15m,1760004000.0,2.8087,2.815,2.807,2.8144,302134.16,0.0,0.0,0
15m,1760004900.0,2.8144,2.8145,2.8017,2.8032,421684.6,0.0,0.0,0
15m,1760005800.0,2.8032,2.8191,2.8031,2.8143,575514.32,0.0,0.0,0
15m,1760006700.0,2.8143,2.818,2.8068,2.811,496337.83,0.0,0.0,0
15m,1760007600.0,2.811,2.8191,2.8107,2.8174,429846.06,0.0,0.0,0
15m,1760008500.0,2.8174,2.828,2.8171,2.8252,484279.01,0.0,0.0,0
15m,1760009400.0,2.8252,2.8258,2.8203,2.8251,376749.72,0.0,0.0,0
15m,1760010300.0,2.8251,2.8279,2.8213,2.8262,238585.15,0.0,0.0,0
15m,1760011200.0,2.8262,2.8342,2.8242,2.8299,456063.68,0.0,0.0,0
15m,1760012100.0,2.8299,2.8314,2.8251,2.8278,390511.67,0.0,0.0,0
15m,1760013000.0,2.8278,2.8403,2.8223,2.8344,601168.52,0.0,0.0,0
15m,1760013900.0,2.8344,2.8344,2.8259,2.8303,415702.21,0.0,0.0,0
15m,1760014800.0,2.8303,2.8312,2.8204,2.8236,678188.24,0.0,0.0,0
15m,1760015700.0,2.8236,2.8339,2.8221,2.8308,345457.64,0.0,0.0,0
15m,1760016600.0,2.8308,2.8318,2.8168,2.8216,746764.04,0.0,0.0,0
15m,1760017500.0,2.8216,2.8284,2.8123,2.8156,543764.3,0.0,0.0,0
15m,1760018400.0,2.8156,2.8222,2.8043,2.8209,615997.46,0.0,0.0,0
15m,1760019300.0,2.8209,2.8228,2.8037,2.8055,630893.76,0.0,0.0,0
15m,1760020200.0,2.8055,2.8055,2.7907,2.7974,783133.97,0.0,0.0,0
15m,1760021100.0,2.7974,2.8171,2.7896,2.8124,663487.51,0.0,0.0,0
15m,1760022000.0,2.8124,2.8244,2.8124,2.8196,527955.73,0.0,0.0,0
15m,1760022900.0,2.8196,2.8257,2.8053,2.8057,476743.38,0.0,0.0,0
15m,1760023800.0,2.8057,2.8104,2.7948,2.7974,757097.68,0.0,0.0,0
15m,1760024700.0,2.7974,2.8094,2.7963,2.8025,627854.12,0.0,0.0,0
15m,1760025600.0,2.8025,2.8095,2.799,2.7996,504722.3,0.0,0.0,0
15m,1760026500.0,2.7996,2.8052,2.7892,2.7953,644855.98,0.0,0.0,0
15m,1760027400.0,2.7953,2.7976,2.7859,2.7916,731371.86,0.0,0.0,0
15m,1760028300.0,2.7916,2.7922,2.7713,2.7782,1394759.14,0.0,0.0,0
15m,1760029200.0,2.7782,2.7999,2.7748,2.7987,780552.25,0.0,0.0,0
15m,1760030100.0,2.7987,2.8031,2.7888,2.7906,365953.83,0.0,0.0,0
15m,1760031000.0,2.7906,2.7984,2.7851,2.7946,919622.8,0.0,0.0,0
15m,1760031900.0,2.7946,2.8059,2.7923,2.8051,585049.88,0.0,0.0,0
15m,1760032800.0,2.8051,2.8067,2.7983,2.8034,330814.15,0.0,0.0,0
15m,1760033700.0,2.8034,2.8092,2.797,2.797,224283.13,0.0,0.0,0
15m,1760034600.0,2.797,2.7994,2.7873,2.79,227634.35,0.0,0.0,0
15m,1760035500.0,2.79,2.7924,2.7836,2.7851,226421.67,0.0,0.0,0
15m,1760036400.0,2.7851,2.7911,2.7837,2.7894,184498.61,0.0,0.0,0
15m,1760037300.0,2.7894,2.8017,2.7867,2.8006,268452.49,0.0,0.0,0
15m,1760038200.0,2.8006,2.8015,2.7845,2.7853,198328.85,0.0,0.0,0
15m,1760039100.0,2.7853,2.791,2.7745,2.7886,872692.13,0.0,0.0,0
15m,1760040000.0,2.7886,2.7971,2.7834,2.7844,589056.8,0.0,0.0,0
15m,1760040900.0,2.7844,2.7929,2.7837,2.7888,159163.83,0.0,0.0,0
15m,1760041800.0,2.7888,2.7935,2.7885,2.7935,103749.72,0.0,0.0,0
15m,1760042700.0,2.7935,2.7956,2.7908,2.7948,141453.38,0.0,0.0,0
15m,1760043600.0,2.7948,2.7983,2.7858,2.7929,536288.57,0.0,0.0,0
15m,1760044500.0,2.7929,2.8003,2.7912,2.7935,321795.47,0.0,0.0,0
15m,1760045400.0,2.7935,2.8014,2.7905,2.7997,142194.44,0.0,0.0,0
15m,1760046300.0,2.7997,2.8002,2.7942,2.798,61484.61,0.0,0.0,0
15m,1760047200.0,2.798,2.8068,2.7972,2.8024,249456.12,0.0,0.0,0
15m,1760048100.0,2.8024,2.8096,2.8001,2.8096,204437.41,0.0,0.0,0
15m,1760049000.0,2.8096,2.8164,2.8069,2.8149,281208.04,0.0,0.0,0
15m,1760049900.0,2.8149,2.8165,2.8105,2.8147,422288.12,0.0,0.0,0
15m,1760050800.0,2.8147,2.8168,2.8048,2.8059,136169.57,0.0,0.0,0
15m,1760051700.0,2.8059,2.8084,2.8033,2.8077,83664.15,0.0,0.0,0
15m,1760052600.0,2.8077,2.8079,2.803,2.8043,66759.64,0.0,0.0,0
15m,1760053500.0,2.8043,2.8055,2.8022,2.8024,76464.25,0.0,0.0,0
15m,1760054400.0,2.8024,2.8095,2.8009,2.8089,220917.52,0.0,0.0,0
15m,1760055300.0,2.8089,2.8149,2.8089,2.8149,160309.62,0.0,0.0,0
15m,1760056200.0,2.8149,2.8177,2.8104,2.8108,94269.32,0.0,0.0,0
15m,1760057100.0,2.8108,2.8122,2.8056,2.8114,108740.51,0.0,0.0,0
15m,1760058000.0,2.8114,2.8162,2.8102,2.8138,141188.2,0.0,0.0,0
15m,1760058900.0,2.8138,2.8177,2.8112,2.8173,97014.33,0.0,0.0,0
15m,1760059800.0,2.8173,2.8177,2.8078,2.8087,111937.47,0.0,0.0,0
15m,1760060700.0,2.8087,2.812,2.8063,2.8103,222946.86,0.0,0.0,0
15m,1760061600.0,2.8103,2.8106,2.7997,2.8025,147016.06,0.0,0.0,0
15m,1760062500.0,2.8025,2.812,2.8022,2.8076,149150.46,0.0,0.0,0
15m,1760063400.0,2.8076,2.8085,2.8007,2.8016,334873.23,0.0,0.0,0
15m,1760064300.0,2.8016,2.8016,2.7923,2.7972,390878.09,0.0,0.0,0
15m,1760065200.0,2.7972,2.7986,2.7908,2.796,145221.67,0.0,0.0,0
15m,1760066100.0,2.796,2.8223,2.7938,2.821,499396.55,0.0,0.0,0
15m,1760067000.0,2.821,2.8291,2.821,2.8251,313463.33,0.0,0.0,0
15m,1760067900.0,2.8251,2.8296,2.8123,2.813,282835.74,0.0,0.0,0
15m,1760068800.0,2.813,2.8237,2.8119,2.8186,478645.5,0.0,0.0,0
15m,1760069700.0,2.8186,2.8191,2.8118,2.8124,354287.18,0.0,0.0,0
15m,1760070600.0,2.8124,2.8194,2.8088,2.8115,419247.59,0.0,0.0,0
15m,1760071500.0,2.8115,2.8151,2.8083,2.8148,221423.6,0.0,0.0,0
15m,1760072400.0,2.8148,2.816,2.8044,2.8092,225520.23,0.0,0.0,0
15m,1760073300.0,2.8092,2.8232,2.8081,2.8203,188672.32,0.0,0.0,0
15m,1760074200.0,2.8203,2.8224,2.8141,2.8224,63573.98,0.0,0.0,0
15m,1760075100.0,2.8224,2.8305,2.8224,2.8266,193769.47,0.0,0.0,0
15m,1760076000.0,2.8266,2.8306,2.8235,2.8243,163769.58,0.0,0.0,0
15m,1760076900.0,2.8243,2.8265,2.8194,2.8199,111835.25,0.0,0.0,0
15m,1760077800.0,2.8199,2.8244,2.8145,2.8198,335835.53,0.0,0.0,0
15m,1760078700.0,2.8198,2.8244,2.8109,2.8161,219228.63,0.0,0.0,0
15m,1760079600.0,2.8161,2.8176,2.8064,2.8128,121031.4,0.0,0.0,0
15m,1760080500.0,2.8128,2.8129,2.7992,2.8039,332162.77,0.0,0.0,0
15m,1760081400.0,2.8039,2.8104,2.7989,2.8102,158818.63,0.0,0.0,0
15m,1760082300.0,2.8102,2.8102,2.8022,2.8034,200790.23,0.0,0.0,0
15m,1760083200.0,2.8034,2.8106,2.7985,2.8093,255794.91,0.0,0.0,0
15m,1760084100.0,2.8093,2.8176,2.8093,2.816,161921.19,0.0,0.0,0
15m,1760085000.0,2.816,2.8188,2.8131,2.8163,237421.17,0.0,0.0,0
15m,1760085900.0,2.8163,2.822,2.8163,2.8205,226787.99,0.0,0.0,0
15m,1760086800.0,2.8205,2.8209,2.8142,2.8171,169596.35,0.0,0.0,0
15m,1760087700.0,2.8171,2.8288,2.8141,2.8268,315278.91,0.0,0.0,0
15m,1760088600.0,2.8268,2.8305,2.8238,2.8245,250015.19,0.0,0.0,0
15m,1760089500.0,2.8245,2.827,2.8122,2.8136,309877.95,0.0,0.0,0
15m,1760090400.0,2.8136,2.8177,2.8122,2.8141,174237.86,0.0,0.0,0
15m,1760091300.0,2.8141,2.8189,2.812,2.8127,203200.17,0.0,0.0,0
15m,1760092200.0,2.8127,2.8145,2.8083,2.8119,144881.58,0.0,0.0,0
15m,1760093100.0,2.8119,2.8206,2.8112,2.8188,167860.91,0.0,0.0,0
15m,1760094000.0,2.8188,2.8222,2.816,2.8168,109123.71,0.0,0.0,0
15m,1760094900.0,2.8168,2.8203,2.816,2.8173,190356.43,0.0,0.0,0
15m,1760095800.0,2.8173,2.8222,2.8173,2.8211,259187.1,0.0,0.0,0
15m,1760096700.0,2.8211,2.8215,2.8184,2.8187,78287.07,0.0,0.0,0
15m,1760097600.0,2.8187,2.8216,2.8135,2.8152,218865.7,0.0,0.0,0
15m,1760098500.0,2.8152,2.8202,2.8128,2.8178,130771.31,0.0,0.0,0
15m,1760099400.0,2.8178,2.8187,2.8112,2.8115,155533.61,0.0,0.0,0
15m,1760100300.0,2.8115,2.8188,2.8103,2.8187,238363.99,0.0,0.0,0
15m,1760101200.0,2.8187,2.8259,2.8187,2.8217,158248.56,0.0,0.0,0
15m,1760102100.0,2.8217,2.8287,2.8188,2.8261,256148.61,0.0,0.0,0
15m,1760103000.0,2.8261,2.8371,2.8212,2.8319,581647.46,0.0,0.0,0
15m,1760103900.0,2.8319,2.8323,2.8178,2.8258,384798.89,0.0,0.0,0
15m,1760104800.0,2.8258,2.8346,2.8199,2.8293,319857.92,0.0,0.0,0
15m,1760105700.0,2.8293,2.8312,2.8141,2.8153,452369.15,0.0,0.0,0
15m,1760106600.0,2.8153,2.8247,2.8129,2.8161,199196.14,0.0,0.0,0
15m,1760107500.0,2.8161,2.8208,2.7945,2.7994,1409648.1,0.0,0.0,0
15m,1760108400.0,2.7994,2.8024,2.7801,2.794,2013229.86,0.0,0.0,0
15m,1760109300.0,2.794,2.7984,2.7444,2.7488,4340490.4,0.0,0.0,0
15m,1760110200.0,2.7488,2.7574,2.713,2.7573,5819268.77,0.0,0.0,0
15m,1760111100.0,2.7573,2.7574,2.7338,2.7415,1633060.45,0.0,0.0,0
15m,1760112000.0,2.7415,2.7511,2.7323,2.7384,1602695.25,0.0,0.0,0
15m,1760112900.0,2.7384,2.7506,2.7293,2.7445,761825.55,0.0,0.0,0
15m,1760113800.0,2.7445,2.7645,2.7379,2.7491,922917.28,0.0,0.0,0
15m,1760114700.0,2.7491,2.7491,2.7277,2.7297,1597601.92,0.0,0.0,0
15m,1760115600.0,2.7297,2.7334,2.7131,2.7188,1290104.5,0.0,0.0,0
15m,1760116500.0,2.7188,2.7314,2.7172,2.7298,957895.16,0.0,0.0,0
15m,1760117400.0,2.7298,2.7308,2.711,2.7187,748887.36,0.0,0.0,0
15m,1760118300.0,2.7187,2.7259,2.711,2.7234,617306.74,0.0,0.0,0
15m,1760119200.0,2.7234,2.7257,2.7157,2.7217,448420.81,0.0,0.0,0
15m,1760120100.0,2.7217,2.7321,2.7158,2.7261,378385.65,0.0,0.0,0
15m,1760121000.0,2.7261,2.7275,2.7076,2.7076,1094583.02,0.0,0.0,0
15m,1760121900.0,2.7076,2.7145,2.7037,2.7078,537032.57,0.0,0.0,0
15m,1760122800.0,2.7078,2.7124,2.6926,2.6943,2125908.48,0.0,0.0,0
15m,1760123700.0,2.6943,2.6973,2.6367,2.6369,4014623.94,0.0,0.0,0
15m,1760124600.0,2.6369,2.6845,2.6347,2.6839,3271942.21,0.0,0.0,0
15m,1760125500.0,2.6839,2.6932,2.6727,2.6766,1319870.67,0.0,0.0,0
15m,1760126400.0,2.6766,2.6964,2.6723,2.692,1339432.53,0.0,0.0,0
15m,1760127300.0,2.692,2.6961,2.6832,2.696,1067201.06,0.0,0.0,0
15m,1760128200.0,2.696,2.6977,2.687,2.6942,1016495.27,0.0,0.0,0
15m,1760129100.0,2.6942,2.6964,2.4011,2.4931,17972868.09,0.0,0.0,0
15m,1760130000.0,2.4931,2.5499,2.1811,2.2914,18318647.83,0.0,0.0,0
15m,1760130900.0,2.2914,2.3174,1.2442,1.9271,18837453.84,0.0,0.0,0
15m,1760131800.0,1.9271,2.2717,1.9151,2.2717,10709508.49,0.0,0.0,0
15m,1760132700.0,2.2717,2.3667,2.2245,2.2589,8889072.86,0.0,0.0,0
15m,1760133600.0,2.2589,2.3126,2.0951,2.2928,5866508.43,0.0,0.0,0
15m,1760134500.0,2.2928,2.3182,2.21,2.2776,3553618.83,0.0,0.0,0
15m,1760135400.0,2.2776,2.307,2.2388,2.2773,4233431.57,0.0,0.0,0
15m,1760136300.0,2.2773,2.3244,2.2631,2.317,13946475.9,0.0,0.0,0
15m,1760137200.0,2.317,2.33,2.2804,2.3212,7868472.6,0.0,0.0,0
15m,1760138100.0,2.3212,2.37,2.3,2.3673,9764316.82,0.0,0.0,0
15m,1760139000.0,2.3673,2.4279,2.3626,2.4213,9793916.32,0.0,0.0,0
15m,1760139900.0,2.4213,2.436,2.3308,2.3586,8769931.76,0.0,0.0,0
15m,1760140800.0,2.3586,2.39,2.34,2.3584,7420969.51,0.0,0.0,0
15m,1760141700.0,2.3584,2.3752,2.2942,2.3724,4525290.47,0.0,0.0,0
15m,1760142600.0,2.3724,2.3835,2.3472,2.3633,6373714.02,0.0,0.0,0
15m,1760143500.0,2.3633,2.4123,2.363,2.3864,4322282.86,0.0,0.0,0
15m,1760144400.0,2.3864,2.3918,2.3495,2.3578,6609099.29,0.0,0.0,0
15m,1760145300.0,2.3578,2.3629,2.3232,2.3348,7294483.4,0.0,0.0,0
15m,1760146200.0,2.3348,2.3593,2.3228,2.3261,3626625.73,0.0,0.0,0
15m,1760147100.0,2.3261,2.3415,2.3042,2.3317,3129244.02,0.0,0.0,0
15m,1760148000.0,2.3317,2.3777,2.3283,2.3732,4009664.45,0.0,0.0,0
15m,1760148900.0,2.3732,2.4343,2.3732,2.4286,2740858.86,0.0,0.0,0
15m,1760149800.0,2.4286,2.453,2.42,2.4518,2640372.73,0.0,0.0,0
15m,1760150700.0,2.4518,2.4518,2.4274,2.4348,2300609.53,0.0,0.0,0
15m,1760151600.0,2.4348,2.4417,2.3738,2.3843,3570320.62,0.0,0.0,0
15m,1760152500.0,2.3843,2.3852,2.3616,2.3762,3754381.82,0.0,0.0,0
15m,1760153400.0,2.3762,2.3853,2.3576,2.3661,3935228.35,0.0,0.0,0
15m,1760154300.0,2.3661,2.4015,2.3652,2.3958,2747853.58,0.0,0.0,0
15m,1760155200.0,2.3958,2.4206,2.393,2.4053,3222979.06,0.0,0.0,0
15m,1760156100.0,2.4053,2.434,2.4041,2.4168,1876323.9,0.0,0.0,0
15m,1760157000.0,2.4168,2.4206,2.3958,2.4204,1442850.58,0.0,0.0,0
15m,1760157900.0,2.4204,2.4468,2.4133,2.4414,1956438.25,0.0,0.0,0
15m,1760158800.0,2.4414,2.4478,2.4341,2.442,1500366.37,0.0,0.0,0
15m,1760159700.0,2.442,2.4447,2.3915,2.3934,3159627.82,0.0,0.0,0
15m,1760160600.0,2.3934,2.4089,2.388,2.3952,3987242.7,0.0,0.0,0
15m,1760161500.0,2.3952,2.4215,2.394,2.4021,2444664.59,0.0,0.0,0
15m,1760162400.0,2.4021,2.4272,2.3979,2.4261,3379165.56,0.0,0.0,0
15m,1760163300.0,2.4261,2.4444,2.4179,2.4417,2078699.02,0.0,0.0,0
15m,1760164200.0,2.4417,2.4509,2.4293,2.4348,1731857.59,0.0,0.0,0
15m,1760165100.0,2.4348,2.4455,2.4161,2.4224,2012278.92,0.0,0.0,0
15m,1760166000.0,2.4224,2.4272,2.41,2.4232,2741674.12,0.0,0.0,0
15m,1760166900.0,2.4232,2.4408,2.4112,2.4218,2890066.4,0.0,0.0,0
15m,1760167800.0,2.4218,2.4279,2.3974,2.4089,2580980.28,0.0,0.0,0
15m,1760168700.0,2.4089,2.4176,2.4,2.4107,1761650.14,0.0,0.0,0
15m,1760169600.0,2.4107,2.4125,2.3982,2.4089,1747652.0,0.0,0.0,0
15m,1760170500.0,2.4089,2.4676,2.4089,2.4519,3502504.55,0.0,0.0,0
15m,1760171400.0,2.4519,2.4694,2.4355,2.4597,1516003.74,0.0,0.0,0
15m,1760172300.0,2.4597,2.4895,2.4592,2.4843,3200658.29,0.0,0.0,0
15m,1760173200.0,2.4843,2.5057,2.4799,2.4843,2267193.74,0.0,0.0,0
15m,1760174100.0,2.4843,2.5002,2.4739,2.499,1609570.46,0.0,0.0,0
15m,1760175000.0,2.499,2.5009,2.475,2.4777,1252993.0,0.0,0.0,0
15m,1760175900.0,2.4777,2.4788,2.4649,2.4684,1245593.71,0.0,0.0,0
15m,1760176800.0,2.4684,2.4831,2.4581,2.4826,1320235.73,0.0,0.0,0
15m,1760177700.0,2.4826,2.484,2.4689,2.4793,856620.69,0.0,0.0,0
15m,1760178600.0,2.4793,2.4817,2.4531,2.458,1337988.07,0.0,0.0,0
15m,1760179500.0,2.458,2.4795,2.4551,2.4777,988128.84,0.0,0.0,0
15m,1760180400.0,2.4777,2.4842,2.4601,2.4647,866609.86,0.0,0.0,0
15m,1760181300.0,2.4647,2.4689,2.4416,2.4685,969556.42,0.0,0.0,0
15m,1760182200.0,2.4685,2.4712,2.4571,2.4666,746117.84,0.0,0.0,0
15m,1760183100.0,2.4666,2.4779,2.464,2.4772,671250.81,0.0,0.0,0
15m,1760184000.0,2.4772,2.4841,2.4643,2.4687,968447.15,0.0,0.0,0
15m,1760184900.0,2.4687,2.4856,2.4664,2.4846,842678.94,0.0,0.0,0
15m,1760185800.0,2.4846,2.4846,2.4573,2.4618,963535.34,0.0,0.0,0
15m,1760186700.0,2.4618,2.4621,2.4306,2.4456,1150292.44,0.0,0.0,0
15m,1760187600.0,2.4456,2.4536,2.4288,2.4504,695096.47,0.0,0.0,0
15m,1760188500.0,2.4504,2.4511,2.4346,2.4402,726491.9,0.0,0.0,0
15m,1760189400.0,2.4402,2.4456,2.4139,2.4429,1364362.04,0.0,0.0,0
15m,1760190300.0,2.4429,2.46,2.4369,2.4493,896271.73,0.0,0.0,0
15m,1760191200.0,2.4493,2.4583,2.4385,2.4469,898655.17,0.0,0.0,0
15m,1760192100.0,2.4469,2.4504,2.4286,2.4322,895351.46,0.0,0.0,0
15m,1760193000.0,2.4322,2.4507,2.427,2.4434,797088.01,0.0,0.0,0
15m,1760193900.0,2.4434,2.4592,2.44,2.4581,673643.17,0.0,0.0,0
15m,1760194800.0,2.4581,2.4866,2.4571,2.4801,984743.25,0.0,0.0,0
15m,1760195700.0,2.4801,2.483,2.4693,2.4762,858845.47,0.0,0.0,0
15m,1760196600.0,2.4762,2.4791,2.4651,2.4682,768039.95,0.0,0.0,0
15m,1760197500.0,2.4682,2.4834,2.4682,2.4782,491324.1,0.0,0.0,0
15m,1760198400.0,2.4782,2.4917,2.4709,2.4869,868802.27,0.0,0.0,0
15m,1760199300.0,2.4869,2.4893,2.4689,2.4711,846645.9,0.0,0.0,0
15m,1760200200.0,2.4711,2.4789,2.4639,2.4675,970644.85,0.0,0.0,0
15m,1760201100.0,2.4675,2.4822,2.4618,2.4753,1032025.69,0.0,0.0,0
15m,1760202000.0,2.4753,2.4915,2.4749,2.4873,1135983.75,0.0,0.0,0
15m,1760202900.0,2.4873,2.4899,2.4788,2.4882,984442.96,0.0,0.0,0
15m,1760203800.0,2.4882,2.4888,2.4716,2.4808,865550.33,0.0,0.0,0
15m,1760204700.0,2.4808,2.4835,2.4733,2.4795,564084.82,0.0,0.0,0
15m,1760205600.0,2.4795,2.4802,2.4657,2.4665,786747.19,0.0,0.0,0
15m,1760206500.0,2.4665,2.4695,2.4625,2.4684,597102.18,0.0,0.0,0
15m,1760207400.0,2.4684,2.479,2.4659,2.4766,505557.71,0.0,0.0,0
15m,1760208300.0,2.4766,2.4767,2.4661,2.4692,497713.22,0.0,0.0,0
15m,1760209200.0,2.4692,2.4695,2.4318,2.4372,1441770.67,0.0,0.0,0
15m,1760210100.0,2.4372,2.4384,2.4058,2.4231,2006441.3,0.0,0.0,0
15m,1760211000.0,2.4231,2.424,2.4015,2.405,1360940.38,0.0,0.0,0
15m,1760211900.0,2.405,2.4138,2.3826,2.4092,2350682.0,0.0,0.0,0
15m,1760212800.0,2.4092,2.4115,2.385,2.3874,1732063.59,0.0,0.0,0
15m,1760213700.0,2.3874,2.3947,2.367,2.3742,1356409.96,0.0,0.0,0
15m,1760214600.0,2.3742,2.3746,2.3534,2.3565,1468753.15,0.0,0.0,0
15m,1760215500.0,2.3565,2.3804,2.336,2.3534,2345179.87,0.0,0.0,0
15m,1760216400.0,2.3534,2.3575,2.3225,2.3426,2959446.64,0.0,0.0,0
15m,1760217300.0,2.3426,2.3834,2.3396,2.3684,2197929.38,0.0,0.0,0
15m,1760218200.0,2.3684,2.3899,2.3539,2.3633,1578113.81,0.0,0.0,0
15m,1760219100.0,2.3633,2.3873,2.3633,2.3856,473348.88,0.0,0.0,0
15m,1760220000.0,2.3856,2.3969,2.3805,2.3863,1226977.46,0.0,0.0,0
15m,1760220900.0,2.3863,2.3967,2.3793,2.394,755179.4,0.0,0.0,0
15m,1760221800.0,2.394,2.4063,2.3884,2.3907,726948.32,0.0,0.0,0
15m,1760222700.0,2.3907,2.3985,2.3884,2.396,684030.23,0.0,0.0,0
15m,1760223600.0,2.396,2.4005,2.3817,2.3876,1046292.31,0.0,0.0,0
15m,1760224500.0,2.3876,2.4009,2.3834,2.3989,815485.0,0.0,0.0,0
15m,1760225400.0,2.3989,2.4006,2.3836,2.3865,908611.48,0.0,0.0,0
15m,1760226300.0,2.3865,2.3873,2.3759,2.3813,759236.7,0.0,0.0,0
15m,1760227200.0,2.3813,2.3849,2.3692,2.3729,747336.5,0.0,0.0,0
15m,1760228100.0,2.3729,2.3868,2.3625,2.3638,682532.12,0.0,0.0,0
15m,1760229000.0,2.3638,2.3856,2.3557,2.3596,1427501.63,0.0,0.0,0
15m,1760229900.0,2.3596,2.3655,2.337,2.341,1769539.12,0.0,0.0,0
15m,1760230800.0,2.341,2.3529,2.3372,2.3466,2080139.11,0.0,0.0,0
15m,1760231700.0,2.3466,2.3568,2.3264,2.3321,2627860.7,0.0,0.0,0
15m,1760232600.0,2.3321,2.3411,2.3237,2.3369,2945590.94,0.0,0.0,0
15m,1760233500.0,2.3369,2.3494,2.3233,2.3266,2603378.85,0.0,0.0,0
15m,1760234400.0,2.3266,2.3299,2.3088,2.3217,2426874.07,0.0,0.0,0
15m,1760235300.0,2.3217,2.3455,2.3213,2.3419,1827833.33,0.0,0.0,0
15m,1760236200.0,2.3419,2.3506,2.3108,2.3235,2589525.96,0.0,0.0,0
15m,1760237100.0,2.3235,2.327,2.3107,2.3254,1495037.03,0.0,0.0,0
15m,1760238000.0,2.3254,2.3577,2.3204,2.3468,2854080.78,0.0,0.0,0
15m,1760238900.0,2.3468,2.3635,2.3367,2.3533,2776815.64,0.0,0.0,0
15m,1760239800.0,2.3533,2.3679,2.3466,2.3494,3791911.94,0.0,0.0,0
15m,1760240700.0,2.3494,2.35,2.333,2.3401,5194231.12,0.0,0.0,0
15m,1760241600.0,2.3401,2.3596,2.3387,2.3581,1594292.14,0.0,0.0,0
15m,1760242500.0,2.3581,2.3754,2.3581,2.3661,879260.39,0.0,0.0,0
15m,1760243400.0,2.3661,2.3767,2.3581,2.362,1065814.14,0.0,0.0,0
15m,1760244300.0,2.362,2.3718,2.3536,2.3627,972789.96,0.0,0.0,0
15m,1760245200.0,2.3627,2.3636,2.3491,2.3555,710872.47,0.0,0.0,0
15m,1760246100.0,2.3555,2.3746,2.3555,2.3732,606863.37,0.0,0.0,0
15m,1760247000.0,2.3732,2.3757,2.3666,2.3736,784033.27,0.0,0.0,0
15m,1760247900.0,2.3736,2.3791,2.3722,2.3735,555683.4,0.0,0.0,0
15m,1760248800.0,2.3735,2.3859,2.3687,2.3836,1105944.22,0.0,0.0,0
15m,1760249700.0,2.3836,2.3971,2.3813,2.3921,469593.63,0.0,0.0,0
15m,1760250600.0,2.3921,2.3959,2.3866,2.3958,468122.95,0.0,0.0,0
15m,1760251500.0,2.3958,2.4004,2.3874,2.3898,516819.17,0.0,0.0,0
15m,1760252400.0,2.3898,2.3973,2.3858,2.3865,395980.24,0.0,0.0,0
15m,1760253300.0,2.3865,2.3942,2.3797,2.3805,676118.52,0.0,0.0,0
15m,1760254200.0,2.3805,2.3842,2.3758,2.3832,362704.57,0.0,0.0,0
15m,1760255100.0,2.3832,2.3916,2.3813,2.3897,353041.04,0.0,0.0,0
15m,1760256000.0,2.3897,2.3976,2.3864,2.3943,545048.29,0.0,0.0,0
15m,1760256900.0,2.3943,2.4018,2.3943,2.3971,417156.78,0.0,0.0,0
15m,1760257800.0,2.3971,2.3971,2.3897,2.3926,406691.25,0.0,0.0,0
15m,1760258700.0,2.3926,2.3934,2.3819,2.3826,474422.5,0.0,0.0,0
15m,1760259600.0,2.3826,2.3843,2.3691,2.3768,599936.0,0.0,0.0,0
15m,1760260500.0,2.3768,2.3982,2.3768,2.3922,538409.24,0.0,0.0,0
15m,1760261400.0,2.3922,2.396,2.3847,2.3953,323917.99,0.0,0.0,0
15m,1760262300.0,2.3953,2.4032,2.3893,2.4014,527014.7,0.0,0.0,0
15m,1760263200.0,2.4014,2.4109,2.3952,2.3988,677576.78,0.0,0.0,0
15m,1760264100.0,2.3988,2.3991,2.3858,2.3879,586617.48,0.0,0.0,0
15m,1760265000.0,2.3879,2.3959,2.385,2.3926,526616.08,0.0,0.0,0
15m,1760265900.0,2.3926,2.3967,2.3862,2.3879,526909.73,0.0,0.0,0
15m,1760266800.0,2.3879,2.4025,2.3877,2.3975,559648.99,0.0,0.0,0
15m,1760267700.0,2.3975,2.3982,2.3885,2.3955,268652.52,0.0,0.0,0
15m,1760268600.0,2.3955,2.4054,2.3906,2.396,503140.89,0.0,0.0,0
15m,1760269500.0,2.396,2.3998,2.3912,2.3968,393326.42,0.0,0.0,0
15m,1760270400.0,2.3968,2.4118,2.3962,2.4111,730013.14,0.0,0.0,0
15m,1760271300.0,2.4111,2.4209,2.4057,2.4162,788719.37,0.0,0.0,0
15m,1760272200.0,2.4162,2.4186,2.4077,2.4146,426074.45,0.0,0.0,0
15m,1760273100.0,2.4146,2.4148,2.4041,2.4065,644448.27,0.0,0.0,0
15m,1760274000.0,2.4065,2.4139,2.3992,2.4121,976281.15,0.0,0.0,0
15m,1760274900.0,2.4121,2.4151,2.3925,2.399,1189171.57,0.0,0.0,0
15m,1760275800.0,2.399,2.3998,2.3787,2.3901,997176.8,0.0,0.0,0
15m,1760276700.0,2.3901,2.3908,2.3713,2.3752,1197595.69,0.0,0.0,0
15m,1760277600.0,2.3752,2.389,2.3742,2.3827,1076776.97,0.0,0.0,0
15m,1760278500.0,2.3827,2.3863,2.3763,2.3799,885800.78,0.0,0.0,0
15m,1760279400.0,2.3799,2.3838,2.3607,2.3697,1332716.95,0.0,0.0,0
15m,1760280300.0,2.3697,2.4793,2.3692,2.4412,7400832.33,0.0,0.0,0
15m,1760281200.0,2.4412,2.493,2.4364,2.4921,4425276.09,0.0,0.0,0
15m,1760282100.0,2.4921,2.5145,2.4775,2.4948,4715440.19,0.0,0.0,0
15m,1760283000.0,2.4948,2.4962,2.4588,2.4726,2834992.42,0.0,0.0,0
15m,1760283900.0,2.4726,2.495,2.4725,2.4884,1386217.72,0.0,0.0,0
15m,1760284800.0,2.4884,2.5283,2.4882,2.5044,2817966.05,0.0,0.0,0
15m,1760285700.0,2.5044,2.5061,2.4875,2.4984,1518673.95,0.0,0.0,0
15m,1760286600.0,2.4984,2.5212,2.4891,2.5197,1277024.86,0.0,0.0,0
15m,1760287500.0,2.5197,2.5422,2.4936,2.5184,3059058.66,0.0,0.0,0
15m,1760288400.0,2.5184,2.5311,2.5019,2.5272,1575548.76,0.0,0.0,0
15m,1760289300.0,2.5272,2.5349,2.5222,2.533,1259446.4,0.0,0.0,0
15m,1760290200.0,2.533,2.5444,2.5237,2.5327,1945569.15,0.0,0.0,0
15m,1760291100.0,2.5327,2.5403,2.5123,2.5281,1175039.23,0.0,0.0,0
15m,1760292000.0,2.5281,2.538,2.5249,2.5295,1158280.49,0.0,0.0,0
15m,1760292900.0,2.5295,2.541,2.5258,2.5313,663888.69,0.0,0.0,0
15m,1760293800.0,2.5313,2.5367,2.5118,2.5124,738094.37,0.0,0.0,0
15m,1760294700.0,2.5124,2.5136,2.5039,2.5129,686574.43,0.0,0.0,0
15m,1760295600.0,2.5129,2.5378,2.5118,2.5358,742907.84,0.0,0.0,0
15m,1760296500.0,2.5358,2.5424,2.5321,2.5344,564963.84,0.0,0.0,0
15m,1760297400.0,2.5344,2.5404,2.529,2.5396,767449.72,0.0,0.0,0
15m,1760298300.0,2.5396,2.5523,2.5377,2.5471,526658.45,0.0,0.0,0
15m,1760299200.0,2.5471,2.5562,2.545,2.5481,566055.25,0.0,0.0,0
15m,1760300100.0,2.5481,2.5594,2.5468,2.5591,591826.89,0.0,0.0,0
15m,1760301000.0,2.5591,2.5686,2.5518,2.5678,872098.19,0.0,0.0,0
15m,1760301900.0,2.5678,2.5834,2.553,2.5585,1109653.91,0.0,0.0,0
15m,1760302800.0,2.5585,2.5692,2.5467,2.5585,785434.52,0.0,0.0,0
15m,1760303700.0,2.5585,2.5647,2.529,2.5429,594149.81,0.0,0.0,0
15m,1760304600.0,2.5429,2.5429,2.5125,2.5313,699728.08,0.0,0.0,0
15m,1760305500.0,2.5313,2.5452,2.5308,2.5451,347202.91,0.0,0.0,0
15m,1760306400.0,2.5451,2.5606,2.5286,2.5358,1487529.9,0.0,0.0,0
15m,1760307300.0,2.5358,2.5463,2.5162,2.5256,1752901.65,0.0,0.0,0
15m,1760308200.0,2.5256,2.5386,2.5222,2.5354,1087015.37,0.0,0.0,0
15m,1760309100.0,2.5354,2.5398,2.5273,2.5321,821664.13,0.0,0.0,0
15m,1760310000.0,2.5321,2.5324,2.5148,2.5202,1745586.45,0.0,0.0,0
15m,1760310900.0,2.5202,2.5294,2.5078,2.5266,1952442.66,0.0,0.0,0
15m,1760311800.0,2.5266,2.5351,2.5194,2.5258,1727144.41,0.0,0.0,0
15m,1760312700.0,2.5258,2.5343,2.5202,2.5279,1773302.72,0.0,0.0,0
15m,1760313600.0,2.5279,2.5304,2.5144,2.5271,1797323.42,0.0,0.0,0
15m,1760314500.0,2.5271,2.5487,2.5266,2.5316,1564111.17,0.0,0.0,0
15m,1760315400.0,2.5316,2.5344,2.5157,2.524,1737849.1,0.0,0.0,0
15m,1760316300.0,2.524,2.5388,2.5164,2.5288,1751720.1,0.0,0.0,0
15m,1760317200.0,2.5288,2.5298,2.5124,2.5186,1653399.4,0.0,0.0,0
15m,1760318100.0,2.5186,2.5375,2.515,2.5298,1278256.02,0.0,0.0,0
15m,1760319000.0,2.5298,2.5401,2.5277,2.5365,749617.41,0.0,0.0,0
15m,1760319900.0,2.5365,2.5495,2.5321,2.5495,570982.35,0.0,0.0,0
15m,1760320800.0,2.5495,2.5603,2.5311,2.5402,1279647.43,0.0,0.0,0
15m,1760321700.0,2.5402,2.5482,2.5314,2.5428,912719.68,0.0,0.0,0
15m,1760322600.0,2.5428,2.5495,2.5372,2.5476,647029.7,0.0,0.0,0
15m,1760323500.0,2.5476,2.5613,2.5456,2.5584,1025380.39,0.0,0.0,0
15m,1760324400.0,2.5584,2.5712,2.5528,2.5633,930227.09,0.0,0.0,0
15m,1760325300.0,2.5633,2.5735,2.5602,2.5693,867543.46,0.0,0.0,0
15m,1760326200.0,2.5693,2.5724,2.552,2.5559,1207465.19,0.0,0.0,0
15m,1760327100.0,2.5559,2.5588,2.5464,2.5509,798276.91,0.0,0.0,0
15m,1760328000.0,2.5509,2.5586,2.5469,2.5497,706814.06,0.0,0.0,0
15m,1760328900.0,2.5497,2.5693,2.5497,2.5651,708386.63,0.0,0.0,0
15m,1760329800.0,2.5651,2.5765,2.5619,2.5717,901723.94,0.0,0.0,0
15m,1760330700.0,2.5717,2.5806,2.5664,2.5772,1013483.69,0.0,0.0,0
15m,1760331600.0,2.5772,2.5791,2.5579,2.5614,827645.26,0.0,0.0,0
15m,1760332500.0,2.5614,2.5647,2.5415,2.5483,1229181.91,0.0,0.0,0
15m,1760333400.0,2.5483,2.552,2.5426,2.5433,650485.61,0.0,0.0,0
15m,1760334300.0,2.5433,2.5497,2.5401,2.5497,762870.81,0.0,0.0,0
15m,1760335200.0,2.5497,2.5593,2.5336,2.5567,724058.85,0.0,0.0,0
15m,1760336100.0,2.5567,2.5814,2.5556,2.5809,822502.31,0.0,0.0,0
15m,1760337000.0,2.5809,2.6018,2.5774,2.588,1649858.35,0.0,0.0,0
15m,1760337900.0,2.588,2.6093,2.5857,2.6053,1178063.24,0.0,0.0,0
15m,1760338800.0,2.6053,2.6212,2.5968,2.6176,1276434.83,0.0,0.0,0
15m,1760339700.0,2.6176,2.632,2.6156,2.6281,976519.03,0.0,0.0,0
15m,1760340600.0,2.6281,2.6372,2.6183,2.6311,896656.76,0.0,0.0,0
15m,1760341500.0,2.6311,2.6311,2.6139,2.6216,920543.09,0.0,0.0,0
15m,1760342400.0,2.6216,2.6226,2.6071,2.6135,802530.92,0.0,0.0,0
15m,1760343300.0,2.6135,2.6236,2.6102,2.6181,546730.95,0.0,0.0,0
15m,1760344200.0,2.6181,2.6386,2.6179,2.6265,702560.56,0.0,0.0,0
15m,1760345100.0,2.6265,2.643,2.626,2.6343,776776.3,0.0,0.0,0
15m,1760346000.0,2.6343,2.6387,2.6178,2.6198,1417781.82,0.0,0.0,0
15m,1760346900.0,2.6198,2.6277,2.616,2.6208,1189857.12,0.0,0.0,0
15m,1760347800.0,2.6208,2.6362,2.6205,2.6225,1000215.06,0.0,0.0,0
15m,1760348700.0,2.6225,2.6243,2.6165,2.6221,488755.37,0.0,0.0,0
15m,1760349600.0,2.6221,2.6238,2.6013,2.6027,1094417.41,0.0,0.0,0
15m,1760350500.0,2.6027,2.604,2.5921,2.5955,2140073.51,0.0,0.0,0
15m,1760351400.0,2.5955,2.6043,2.59,2.602,1288234.58,0.0,0.0,0
15m,1760352300.0,2.602,2.6032,2.5963,2.6003,466407.67,0.0,0.0,0
15m,1760353200.0,2.6003,2.6034,2.5725,2.5901,1784628.6,0.0,0.0,0
15m,1760354100.0,2.5901,2.5908,2.5368,2.5377,2147814.0,0.0,0.0,0
15m,1760355000.0,2.5377,2.576,2.5375,2.5715,1365187.96,0.0,0.0,0
15m,1760355900.0,2.5715,2.5781,2.5639,2.5693,828282.05,0.0,0.0,0
15m,1760356800.0,2.5693,2.5862,2.5558,2.5807,1037527.83,0.0,0.0,0
15m,1760357700.0,2.5807,2.5827,2.5652,2.573,771660.02,0.0,0.0,0
15m,1760358600.0,2.573,2.5906,2.5693,2.5782,745495.78,0.0,0.0,0
15m,1760359500.0,2.5782,2.583,2.564,2.5696,880884.73,0.0,0.0,0
15m,1760360400.0,2.5696,2.5778,2.5535,2.5581,1494359.96,0.0,0.0,0
15m,1760361300.0,2.5581,2.5657,2.5506,2.5554,856681.79,0.0,0.0,0
15m,1760362200.0,2.5554,2.6166,2.5543,2.5956,5141353.49,0.0,0.0,0
15m,1760363100.0,2.5956,2.608,2.5732,2.6037,2315897.43,0.0,0.0,0
15m,1760364000.0,2.6037,2.6131,2.5788,2.5822,1766882.53,0.0,0.0,0
15m,1760364900.0,2.5822,2.5879,2.5551,2.5681,1548571.26,0.0,0.0,0
15m,1760365800.0,2.5681,2.5903,2.5522,2.5783,1495901.34,0.0,0.0,0
15m,1760366700.0,2.5783,2.5818,2.5535,2.5572,1150982.95,0.0,0.0,0
15m,1760367600.0,2.5572,2.5818,2.5545,2.5744,1013793.47,0.0,0.0,0
15m,1760368500.0,2.5744,2.5869,2.5709,2.5785,1113400.09,0.0,0.0,0
15m,1760369400.0,2.5785,2.5939,2.5714,2.5752,923383.04,0.0,0.0,0
15m,1760370300.0,2.5752,2.5967,2.5747,2.5869,1033031.27,0.0,0.0,0
15m,1760371200.0,2.5869,2.5992,2.5841,2.5908,1235311.77,0.0,0.0,0
15m,1760372100.0,2.5908,2.5997,2.5699,2.5825,1501700.72,0.0,0.0,0
15m,1760373000.0,2.5825,2.5882,2.5755,2.5776,1001982.06,0.0,0.0,0
15m,1760373900.0,2.5776,2.6008,2.5765,2.5932,1124211.98,0.0,0.0,0
15m,1760374800.0,2.5932,2.6184,2.5904,2.5967,1734461.41,0.0,0.0,0
15m,1760375700.0,2.5967,2.6064,2.5906,2.6003,1296862.19,0.0,0.0,0
15m,1760376600.0,2.6003,2.6058,2.5915,2.5945,1413986.58,0.0,0.0,0
15m,1760377500.0,2.5945,2.6261,2.5818,2.6225,1527528.19,0.0,0.0,0
15m,1760378400.0,2.6225,2.6259,2.6056,2.6082,1520810.52,0.0,0.0,0
15m,1760379300.0,2.6082,2.6298,2.6077,2.6233,1124146.71,0.0,0.0,0
15m,1760380200.0,2.6233,2.6274,2.6136,2.6214,1308182.6,0.0,0.0,0
15m,1760381100.0,2.6214,2.6219,2.5999,2.6113,951130.06,0.0,0.0,0
15m,1760382000.0,2.6113,2.6225,2.6044,2.6208,1012411.14,0.0,0.0,0
15m,1760382900.0,2.6208,2.6313,2.617,2.6246,1138025.41,0.0,0.0,0
15m,1760383800.0,2.6246,2.6337,2.6215,2.6326,913945.36,0.0,0.0,0
15m,1760384700.0,2.6326,2.64,2.6184,2.6251,1268208.91,0.0,0.0,0
15m,1760385600.0,2.6251,2.6321,2.6199,2.63,690682.37,0.0,0.0,0
15m,1760386500.0,2.63,2.6382,2.6261,2.6365,1034258.39,0.0,0.0,0
15m,1760387400.0,2.6365,2.6392,2.6291,2.6347,859416.47,0.0,0.0,0
15m,1760388300.0,2.6347,2.6449,2.6321,2.6442,1548610.75,0.0,0.0,0
15m,1760389200.0,2.6442,2.6466,2.6294,2.6294,1463801.95,0.0,0.0,0
15m,1760390100.0,2.6294,2.6348,2.6214,2.6239,854533.35,0.0,0.0,0
15m,1760391000.0,2.6239,2.6271,2.6187,2.6231,598687.77,0.0,0.0,0
15m,1760391900.0,2.6231,2.6231,2.6126,2.6164,478617.41,0.0,0.0,0
15m,1760392800.0,2.6164,2.6237,2.614,2.6159,823751.01,0.0,0.0,0
15m,1760393700.0,2.6159,2.6181,2.6072,2.6097,1080482.08,0.0,0.0,0
15m,1760394600.0,2.6097,2.6166,2.6088,2.6116,648078.02,0.0,0.0,0
15m,1760395500.0,2.6116,2.6128,2.6055,2.6088,606021.84,0.0,0.0,0
15m,1760396400.0,2.6088,2.612,2.6044,2.6089,858240.94,0.0,0.0,0
15m,1760397300.0,2.6089,2.6119,2.6051,2.6085,646672.28,0.0,0.0,0
15m,1760398200.0,2.6085,2.6136,2.6023,2.6091,753090.52,0.0,0.0,0
15m,1760399100.0,2.6091,2.6092,2.5975,2.6052,806010.22,0.0,0.0,0
15m,1760400000.0,2.6052,2.6097,2.5973,2.6023,1141954.21,0.0,0.0,0
15m,1760400900.0,2.6023,2.6181,2.6023,2.6114,1069681.2,0.0,0.0,0
15m,1760401800.0,2.6114,2.6209,2.6079,2.6136,1334819.64,0.0,0.0,0
15m,1760402700.0,2.6136,2.6136,2.5955,2.6074,996779.95,0.0,0.0,0
15m,1760403600.0,2.6074,2.6106,2.592,2.5997,1238384.54,0.0,0.0,0
15m,1760404500.0,2.5997,2.6088,2.5977,2.6007,634691.1,0.0,0.0,0
15m,1760405400.0,2.6007,2.606,2.5973,2.6002,700909.57,0.0,0.0,0
15m,1760406300.0,2.6002,2.6022,2.5827,2.587,944196.53,0.0,0.0,0
15m,1760407200.0,2.587,2.5883,2.5744,2.5787,1210508.67,0.0,0.0,0
15m,1760408100.0,2.5787,2.5823,2.5679,2.5746,1179298.89,0.0,0.0,0
15m,1760409000.0,2.5746,2.5795,2.5695,2.572,999004.6,0.0,0.0,0
15m,1760409900.0,2.572,2.5755,2.5632,2.5729,1460630.69,0.0,0.0,0
15m,1760410800.0,2.5729,2.5745,2.5547,2.5644,1382573.1,0.0,0.0,0
15m,1760411700.0,2.5644,2.5708,2.5494,2.5523,1431537.43,0.0,0.0,0
15m,1760412600.0,2.5523,2.5579,2.5502,2.5559,828121.38,0.0,0.0,0
15m,1760413500.0,2.5559,2.5683,2.5559,2.5602,830505.69,0.0,0.0,0
15m,1760414400.0,2.5602,2.5651,2.5462,2.5534,925957.24,0.0,0.0,0
15m,1760415300.0,2.5534,2.5555,2.5468,2.5508,771033.47,0.0,0.0,0
15m,1760416200.0,2.5508,2.5508,2.5347,2.54,1384197.94,0.0,0.0,0
15m,1760417100.0,2.54,2.5401,2.5173,2.5263,1689350.14,0.0,0.0,0
15m,1760418000.0,2.5263,2.5407,2.5231,2.5364,1478795.02,0.0,0.0,0
15m,1760418900.0,2.5364,2.5389,2.5237,2.525,1192617.69,0.0,0.0,0
15m,1760419800.0,2.525,2.5276,2.4969,2.5029,2084867.64,0.0,0.0,0
15m,1760420700.0,2.5029,2.5081,2.4973,2.5054,1273495.64,0.0,0.0,0
15m,1760421600.0,2.5054,2.5188,2.5047,2.5055,1190617.95,0.0,0.0,0
15m,1760422500.0,2.5055,2.5065,2.4883,2.4899,1478044.1,0.0,0.0,0
15m,1760423400.0,2.4899,2.4978,2.4554,2.459,3192200.4,0.0,0.0,0
15m,1760424300.0,2.459,2.4753,2.4184,2.4657,5542361.74,0.0,0.0,0
15m,1760425200.0,2.4657,2.4764,2.4527,2.4687,2323724.03,0.0,0.0,0
15m,1760426100.0,2.4687,2.4803,2.457,2.4691,1650627.16,0.0,0.0,0
15m,1760427000.0,2.4691,2.4703,2.4406,2.4508,2456466.91,0.0,0.0,0
15m,1760427900.0,2.4508,2.4561,2.4418,2.4525,1337087.42,0.0,0.0,0
15m,1760428800.0,2.4525,2.4645,2.4377,2.4616,1651025.2,0.0,0.0,0
15m,1760429700.0,2.4616,2.4657,2.4493,2.4641,873802.59,0.0,0.0,0
15m,1760430600.0,2.4641,2.4747,2.4592,2.472,1639322.59,0.0,0.0,0
15m,1760431500.0,2.472,2.4733,2.4604,2.4635,921149.04,0.0,0.0,0
15m,1760432400.0,2.4635,2.4716,2.46,2.4635,1028927.24,0.0,0.0,0
15m,1760433300.0,2.4635,2.4715,2.4617,2.4674,993246.39,0.0,0.0,0
15m,1760434200.0,2.4674,2.4751,2.4666,2.4701,911061.76,0.0,0.0,0
15m,1760435100.0,2.4701,2.4733,2.4558,2.4614,947954.73,0.0,0.0,0
15m,1760436000.0,2.4614,2.4614,2.4458,2.4501,1121795.62,0.0,0.0,0
15m,1760436900.0,2.4501,2.4501,2.425,2.4257,2068221.23,0.0,0.0,0
15m,1760437800.0,2.4257,2.4438,2.4117,2.431,2295428.02,0.0,0.0,0
15m,1760438700.0,2.431,2.441,2.4156,2.4401,1059556.84,0.0,0.0,0
15m,1760439600.0,2.4401,2.4593,2.4382,2.4579,1051427.87,0.0,0.0,0
15m,1760440500.0,2.4579,2.4599,2.4492,2.4548,1197388.23,0.0,0.0,0
15m,1760441400.0,2.4548,2.4638,2.449,2.4504,820733.83,0.0,0.0,0
15m,1760442300.0,2.4504,2.4574,2.4496,2.4515,686716.99,0.0,0.0,0
15m,1760443200.0,2.4515,2.4524,2.4367,2.442,1154133.08,0.0,0.0,0
15m,1760444100.0,2.442,2.4422,2.4195,2.4317,1444175.0,0.0,0.0,0
15m,1760445000.0,2.4317,2.4349,2.4174,2.4241,1475381.9,0.0,0.0,0
15m,1760445900.0,2.4241,2.4324,2.415,2.4198,1313310.47,0.0,0.0,0
15m,1760446800.0,2.4198,2.4272,2.4046,2.4116,1772241.86,0.0,0.0,0
15m,1760447700.0,2.4116,2.4267,2.4017,2.4255,1882369.21,0.0,0.0,0
15m,1760448600.0,2.4255,2.439,2.3887,2.4159,4277657.78,0.0,0.0,0
15m,1760449500.0,2.4159,2.4437,2.4085,2.432,2260709.53,0.0,0.0,0
15m,1760450400.0,2.432,2.4506,2.4271,2.4498,3066974.64,0.0,0.0,0
15m,1760451300.0,2.4498,2.463,2.4471,2.4485,2831176.05,0.0,0.0,0
15m,1760452200.0,2.4485,2.4549,2.4292,2.4514,1756651.49,0.0,0.0,0
15m,1760453100.0,2.4514,2.4635,2.4424,2.4467,1159534.6,0.0,0.0,0
15m,1760454000.0,2.4467,2.4606,2.4391,2.4418,765209.02,0.0,0.0,0
15m,1760454900.0,2.4418,2.4547,2.4369,2.4513,603729.87,0.0,0.0,0
15m,1760455800.0,2.4513,2.4819,2.4508,2.4796,1416943.53,0.0,0.0,0
15m,1760456700.0,2.4796,2.4991,2.4759,2.4977,1741946.53,0.0,0.0,0
15m,1760457600.0,2.4977,2.501,2.4826,2.4963,1107368.01,0.0,0.0,0
15m,1760458500.0,2.4963,2.5368,2.4957,2.511,2596217.58,0.0,0.0,0
15m,1760459400.0,2.511,2.5187,2.4939,2.5079,1599884.94,0.0,0.0,0
15m,1760460300.0,2.5079,2.5203,2.4976,2.5031,1296282.75,0.0,0.0,0
15m,1760461200.0,2.5031,2.5253,2.4767,2.522,1961884.62,0.0,0.0,0
15m,1760462100.0,2.522,2.527,2.5119,2.516,1147625.35,0.0,0.0,0
15m,1760463000.0,2.516,2.5208,2.4988,2.5145,995596.16,0.0,0.0,0
15m,1760463900.0,2.5145,2.5204,2.5027,2.5058,498817.27,0.0,0.0,0
15m,1760464800.0,2.5058,2.5239,2.504,2.5219,564982.74,0.0,0.0,0
15m,1760465700.0,2.5219,2.5263,2.5121,2.5154,576465.73,0.0,0.0,0
15m,1760466600.0,2.5154,2.5232,2.5033,2.5067,891700.37,0.0,0.0,0
15m,1760467500.0,2.5067,2.5163,2.494,2.5022,637225.91,0.0,0.0,0
15m,1760468400.0,2.5022,2.5048,2.4974,2.5,403109.88,0.0,0.0,0
15m,1760469300.0,2.5,2.5173,2.4984,2.5108,747462.65,0.0,0.0,0
15m,1760470200.0,2.5108,2.5119,2.461,2.4669,2601319.97,0.0,0.0,0
15m,1760471100.0,2.4669,2.4869,2.4619,2.4838,2238556.08,0.0,0.0,0
15m,1760472000.0,2.4838,2.4965,2.4754,2.4821,1109240.39,0.0,0.0,0
15m,1760472900.0,2.4821,2.4877,2.4785,2.4827,354664.79,0.0,0.0,0
15m,1760473800.0,2.4827,2.4916,2.4749,2.4911,530264.98,0.0,0.0,0
15m,1760474700.0,2.4911,2.4946,2.4865,2.4904,424140.57,0.0,0.0,0
15m,1760475600.0,2.4904,2.4925,2.4763,2.4807,291981.32,0.0,0.0,0
15m,1760476500.0,2.4807,2.4877,2.4757,2.4841,201708.78,0.0,0.0,0
15m,1760477400.0,2.4841,2.4916,2.4805,2.4894,286078.42,0.0,0.0,0
15m,1760478300.0,2.4894,2.4974,2.4881,2.4954,167595.18,0.0,0.0,0
15m,1760479200.0,2.4954,2.5088,2.4954,2.5007,787888.97,0.0,0.0,0
15m,1760480100.0,2.5007,2.5021,2.4969,2.498,364944.33,0.0,0.0,0
15m,1760481000.0,2.498,2.499,2.4918,2.4965,415497.09,0.0,0.0,0
15m,1760481900.0,2.4965,2.499,2.489,2.4975,644668.9,0.0,0.0,0
15m,1760482800.0,2.4975,2.5079,2.497,2.5074,662332.75,0.0,0.0,0
15m,1760483700.0,2.5074,2.512,2.5058,2.5085,701206.97,0.0,0.0,0
15m,1760484600.0,2.5085,2.5116,2.5053,2.5056,720644.21,0.0,0.0,0
15m,1760485500.0,2.5056,2.5107,2.5012,2.5028,680393.01,0.0,0.0,0
15m,1760486400.0,2.5028,2.5088,2.4952,2.496,608945.22,0.0,0.0,0
15m,1760487300.0,2.496,2.4997,2.4863,2.4919,500166.07,0.0,0.0,0
15m,1760488200.0,2.4919,2.4997,2.4856,2.4964,940221.05,0.0,0.0,0
15m,1760489100.0,2.4964,2.506,2.4954,2.5054,391222.37,0.0,0.0,0
15m,1760490000.0,2.5054,2.5069,2.4881,2.4969,638748.75,0.0,0.0,0
15m,1760490900.0,2.4969,2.5015,2.491,2.4914,369676.57,0.0,0.0,0
15m,1760491800.0,2.4914,2.493,2.4847,2.4926,438056.66,0.0,0.0,0
15m,1760492700.0,2.4926,2.5009,2.4889,2.4998,267723.74,0.0,0.0,0
15m,1760493600.0,2.4998,2.5102,2.4972,2.5097,1293364.67,0.0,0.0,0
15m,1760494500.0,2.5097,2.5258,2.5096,2.5246,879623.64,0.0,0.0,0
15m,1760495400.0,2.5246,2.5259,2.5136,2.5143,421305.83,0.0,0.0,0
15m,1760496300.0,2.5143,2.5188,2.5105,2.5114,446622.18,0.0,0.0,0
15m,1760497200.0,2.5114,2.5135,2.4981,2.5013,582078.41,0.0,0.0,0
15m,1760498100.0,2.5013,2.5013,2.4865,2.4986,620428.66,0.0,0.0,0
15m,1760499000.0,2.4986,2.4986,2.4825,2.4865,431819.37,0.0,0.0,0
15m,1760499900.0,2.4865,2.4923,2.4798,2.4883,236424.29,0.0,0.0,0
15m,1760500800.0,2.4883,2.4898,2.4801,2.4844,367538.95,0.0,0.0,0
15m,1760501700.0,2.4844,2.4956,2.4833,2.4921,303037.93,0.0,0.0,0
15m,1760502600.0,2.4921,2.4938,2.4852,2.4885,217264.8,0.0,0.0,0
15m,1760503500.0,2.4885,2.4996,2.4867,2.4986,334155.68,0.0,0.0,0
15m,1760504400.0,2.4986,2.5095,2.4985,2.5019,656071.6,0.0,0.0,0
15m,1760505300.0,2.5019,2.5049,2.4929,2.4945,514750.98,0.0,0.0,0
15m,1760506200.0,2.4945,2.5051,2.4898,2.5023,670420.49,0.0,0.0,0
15m,1760507100.0,2.5023,2.5024,2.4946,2.5,399677.78,0.0,0.0,0
15m,1760508000.0,2.5,2.5051,2.4907,2.4945,561327.68,0.0,0.0,0
15m,1760508900.0,2.4945,2.4963,2.4808,2.4839,387643.62,0.0,0.0,0
15m,1760509800.0,2.4839,2.5089,2.4795,2.5025,574867.05,0.0,0.0,0
15m,1760510700.0,2.5025,2.5072,2.4979,2.5027,604044.54,0.0,0.0,0
15m,1760511600.0,2.5027,2.5046,2.4941,2.5011,729534.18,0.0,0.0,0
15m,1760512500.0,2.5011,2.5087,2.4971,2.4992,577872.57,0.0,0.0,0
15m,1760513400.0,2.4992,2.5038,2.4971,2.5007,312291.13,0.0,0.0,0
15m,1760514300.0,2.5007,2.5085,2.4989,2.5072,275078.68,0.0,0.0,0
15m,1760515200.0,2.5072,2.5189,2.5054,2.5187,1081983.03,0.0,0.0,0
15m,1760516100.0,2.5187,2.5278,2.5151,2.527,1353606.54,0.0,0.0,0
15m,1760517000.0,2.527,2.5475,2.527,2.5281,2505707.05,0.0,0.0,0
15m,1760517900.0,2.5281,2.5282,2.5165,2.518,805527.59,0.0,0.0,0
15m,1760518800.0,2.518,2.5227,2.5128,2.5169,879841.66,0.0,0.0,0
15m,1760519700.0,2.5169,2.5186,2.5019,2.5035,952159.12,0.0,0.0,0
15m,1760520600.0,2.5035,2.5057,2.4944,2.5027,1093235.73,0.0,0.0,0
15m,1760521500.0,2.5027,2.5078,2.497,2.5008,570523.48,0.0,0.0,0
15m,1760522400.0,2.5008,2.5066,2.4943,2.5055,514020.25,0.0,0.0,0
15m,1760523300.0,2.5055,2.506,2.4947,2.4995,494948.34,0.0,0.0,0
15m,1760524200.0,2.4995,2.5015,2.4927,2.4994,543572.02,0.0,0.0,0
15m,1760525100.0,2.4994,2.502,2.4958,2.4973,583551.92,0.0,0.0,0
15m,1760526000.0,2.4973,2.5053,2.4946,2.4958,625895.76,0.0,0.0,0
15m,1760526900.0,2.4958,2.4969,2.4775,2.4897,1286707.19,0.0,0.0,0
15m,1760527800.0,2.4897,2.4964,2.4851,2.4964,424465.72,0.0,0.0,0
15m,1760528700.0,2.4964,2.4965,2.4914,2.4927,282693.33,0.0,0.0,0
15m,1760529600.0,2.4927,2.5022,2.4875,2.4972,566144.69,0.0,0.0,0
15m,1760530500.0,2.4972,2.5012,2.4852,2.4885,557762.1,0.0,0.0,0
15m,1760531400.0,2.4885,2.493,2.4818,2.492,866854.5,0.0,0.0,0
15m,1760532300.0,2.492,2.5033,2.4915,2.5017,990641.0,0.0,0.0,0
15m,1760533200.0,2.5017,2.5018,2.4823,2.4887,611387.4,0.0,0.0,0
15m,1760534100.0,2.4887,2.4891,2.4803,2.4804,441861.79,0.0,0.0,0
15m,1760535000.0,2.4804,2.4991,2.4701,2.4803,1852854.86,0.0,0.0,0
15m,1760535900.0,2.4803,2.4861,2.4546,2.4839,2864135.6,0.0,0.0,0
15m,1760536800.0,2.4839,2.5115,2.4833,2.5036,1236921.53,0.0,0.0,0
15m,1760537700.0,2.5036,2.5112,2.4961,2.4993,801106.07,0.0,0.0,0
15m,1760538600.0,2.4993,2.5001,2.4796,2.4818,739286.9,0.0,0.0,0
15m,1760539500.0,2.4818,2.4818,2.4529,2.4648,1408891.92,0.0,0.0,0
15m,1760540400.0,2.4648,2.4757,2.4517,2.4645,1412437.45,0.0,0.0,0
15m,1760541300.0,2.4645,2.4711,2.4481,2.4576,1852138.7,0.0,0.0,0
15m,1760542200.0,2.4576,2.4629,2.4318,2.4376,2320695.02,0.0,0.0,0
15m,1760543100.0,2.4376,2.4376,2.4233,2.4332,1626234.75,0.0,0.0,0
15m,1760544000.0,2.4332,2.4474,2.4309,2.4418,1086209.01,0.0,0.0,0
15m,1760544900.0,2.4418,2.4487,2.4314,2.4437,917235.2,0.0,0.0,0
15m,1760545800.0,2.4437,2.4484,2.4361,2.439,703607.56,0.0,0.0,0
15m,1760546700.0,2.439,2.4493,2.4317,2.4322,761714.62,0.0,0.0,0
15m,1760547600.0,2.4322,2.4348,2.4177,2.4184,802273.42,0.0,0.0,0
15m,1760548500.0,2.4184,2.4266,2.4141,2.4181,1006556.85,0.0,0.0,0
15m,1760549400.0,2.4181,2.425,2.412,2.4231,1007973.06,0.0,0.0,0
15m,1760550300.0,2.4231,2.4348,2.4228,2.4341,497929.4,0.0,0.0,0
15m,1760551200.0,2.4341,2.4357,2.4217,2.4278,339949.25,0.0,0.0,0
15m,1760552100.0,2.4278,2.4416,2.4269,2.4371,360304.47,0.0,0.0,0
15m,1760553000.0,2.4371,2.4423,2.4271,2.4302,556269.44,0.0,0.0,0
15m,1760553900.0,2.4302,2.4426,2.4264,2.4412,591818.34,0.0,0.0,0
15m,1760554800.0,2.4412,2.4417,2.4248,2.4282,290942.15,0.0,0.0,0
15m,1760555700.0,2.4282,2.4368,2.4252,2.4339,437689.14,0.0,0.0,0
15m,1760556600.0,2.4339,2.4356,2.4138,2.4169,553494.23,0.0,0.0,0
15m,1760557500.0,2.4169,2.4177,2.4026,2.4057,911355.58,0.0,0.0,0
15m,1760558400.0,2.4057,2.4176,2.4044,2.412,745428.58,0.0,0.0,0
15m,1760559300.0,2.412,2.4208,2.4,2.4021,395851.86,0.0,0.0,0
15m,1760560200.0,2.4021,2.4131,2.3796,2.4118,1687963.16,0.0,0.0,0
15m,1760561100.0,2.4118,2.4165,2.397,2.3974,494407.12,0.0,0.0,0
15m,1760562000.0,2.3974,2.4049,2.3753,2.3928,1636435.8,0.0,0.0,0
15m,1760562900.0,2.3928,2.4074,2.3828,2.4038,653069.56,0.0,0.0,0
15m,1760563800.0,2.4038,2.4161,2.3991,2.408,383723.38,0.0,0.0,0
15m,1760564700.0,2.408,2.411,2.3898,2.3976,261572.65,0.0,0.0,0
15m,1760565600.0,2.3976,2.4102,2.3961,2.41,610457.98,0.0,0.0,0
15m,1760566500.0,2.41,2.4156,2.4063,2.4089,593764.64,0.0,0.0,0
15m,1760567400.0,2.4089,2.4162,2.4081,2.411,676751.98,0.0,0.0,0
15m,1760568300.0,2.411,2.4137,2.3997,2.4038,765928.25,0.0,0.0,0
15m,1760569200.0,2.4038,2.4104,2.3985,2.4088,367208.76,0.0,0.0,0
15m,1760570100.0,2.4088,2.4136,2.4007,2.4107,349275.27,0.0,0.0,0
15m,1760571000.0,2.4107,2.4172,2.4089,2.4134,268788.08,0.0,0.0,0
15m,1760571900.0,2.4134,2.4157,2.407,2.4111,240545.57,0.0,0.0,0
15m,1760572800.0,2.4111,2.414,2.3994,2.4011,1107899.25,0.0,0.0,0
15m,1760573700.0,2.4011,2.4155,2.4011,2.4133,806327.47,0.0,0.0,0
15m,1760574600.0,2.4133,2.4142,2.405,2.4075,481642.03,0.0,0.0,0
15m,1760575500.0,2.4075,2.4123,2.4043,2.4071,727663.39,0.0,0.0,0
15m,1760576400.0,2.4071,2.4223,2.4057,2.4167,323633.59,0.0,0.0,0
15m,1760577300.0,2.4167,2.4204,2.41,2.4135,429293.46,0.0,0.0,0
15m,1760578200.0,2.4135,2.4188,2.4108,2.4161,282132.87,0.0,0.0,0
15m,1760579100.0,2.4161,2.4267,2.4133,2.424,356606.02,0.0,0.0,0
15m,1760580000.0,2.424,2.4353,2.4182,2.4264,552189.15,0.0,0.0,0
15m,1760580900.0,2.4264,2.4313,2.4238,2.4272,467996.47,0.0,0.0,0
15m,1760581800.0,2.4272,2.4279,2.4127,2.416,819083.61,0.0,0.0,0
15m,1760582700.0,2.416,2.4279,2.4138,2.4273,511911.28,0.0,0.0,0
15m,1760583600.0,2.4273,2.4321,2.4234,2.4234,315061.56,0.0,0.0,0
15m,1760584500.0,2.4234,2.4292,2.4197,2.4256,327941.96,0.0,0.0,0
15m,1760585400.0,2.4256,2.4256,2.4167,2.4203,289243.14,0.0,0.0,0
15m,1760586300.0,2.4203,2.4234,2.4169,2.4183,269831.02,0.0,0.0,0
15m,1760587200.0,2.4183,2.4271,2.4165,2.4254,445904.58,0.0,0.0,0
15m,1760588100.0,2.4254,2.4299,2.4254,2.428,332874.26,0.0,0.0,0
15m,1760589000.0,2.428,2.4297,2.4166,2.4175,441009.61,0.0,0.0,0
15m,1760589900.0,2.4175,2.4197,2.4093,2.4112,715069.98,0.0,0.0,0
15m,1760590800.0,2.4112,2.4146,2.4032,2.4096,427353.22,0.0,0.0,0
15m,1760591700.0,2.4096,2.412,2.404,2.4068,371778.47,0.0,0.0,0
15m,1760592600.0,2.4068,2.4229,2.4063,2.4155,1101293.54,0.0,0.0,0
15m,1760593500.0,2.4155,2.4181,2.3974,2.4068,441450.27,0.0,0.0,0
15m,1760594400.0,2.4068,2.416,2.406,2.4127,402610.11,0.0,0.0,0
15m,1760595300.0,2.4127,2.4183,2.4105,2.4182,657490.02,0.0,0.0,0
15m,1760596200.0,2.4182,2.428,2.4179,2.4226,520431.99,0.0,0.0,0
15m,1760597100.0,2.4226,2.4335,2.4226,2.428,424504.41,0.0,0.0,0
15m,1760598000.0,2.428,2.4298,2.4207,2.424,271893.19,0.0,0.0,0
15m,1760598900.0,2.424,2.4242,2.4074,2.4075,522792.51,0.0,0.0,0
15m,1760599800.0,2.4075,2.4141,2.4061,2.413,360047.66,0.0,0.0,0
15m,1760600700.0,2.413,2.4161,2.4079,2.4105,579315.22,0.0,0.0,0
15m,1760601600.0,2.4105,2.4137,2.4019,2.4061,448033.63,0.0,0.0,0
15m,1760602500.0,2.4061,2.4082,2.3968,2.3983,403246.73,0.0,0.0,0
15m,1760603400.0,2.3983,2.4035,2.3858,2.3908,871965.64,0.0,0.0,0
15m,1760604300.0,2.3908,2.397,2.3886,2.3946,597190.17,0.0,0.0,0
15m,1760605200.0,2.3946,2.4028,2.3899,2.3977,635850.66,0.0,0.0,0
15m,1760606100.0,2.3977,2.4053,2.3955,2.3955,403446.44,0.0,0.0,0
15m,1760607000.0,2.3955,2.4044,2.352,2.4032,4149540.31,0.0,0.0,0
15m,1760607900.0,2.4032,2.4304,2.4025,2.4232,2577432.49,0.0,0.0,0
15m,1760608800.0,2.4232,2.4465,2.4218,2.4394,1001256.52,0.0,0.0,0
15m,1760609700.0,2.4394,2.451,2.436,2.4381,902532.1,0.0,0.0,0
15m,1760610600.0,2.4381,2.4461,2.434,2.4448,505878.52,0.0,0.0,0
15m,1760611500.0,2.4448,2.4526,2.4441,2.4495,439732.5,0.0,0.0,0
15m,1760612400.0,2.4495,2.4571,2.4446,2.4485,550965.95,0.0,0.0,0
15m,1760613300.0,2.4485,2.4508,2.4345,2.4366,526384.65,0.0,0.0,0
15m,1760614200.0,2.4366,2.4409,2.4322,2.4367,467162.86,0.0,0.0,0
15m,1760615100.0,2.4367,2.4553,2.4359,2.4525,613956.68,0.0,0.0,0
15m,1760616000.0,2.4525,2.4634,2.45,2.4508,865987.29,0.0,0.0,0
15m,1760616900.0,2.4508,2.4586,2.4492,2.4516,517458.89,0.0,0.0,0
15m,1760617800.0,2.4516,2.4665,2.4472,2.4594,981105.74,0.0,0.0,0
15m,1760618700.0,2.4594,2.4618,2.4534,2.4535,352116.32,0.0,0.0,0
15m,1760619600.0,2.4535,2.458,2.4465,2.4524,416686.48,0.0,0.0,0
15m,1760620500.0,2.4524,2.4555,2.4401,2.4468,737370.25,0.0,0.0,0
15m,1760621400.0,2.4468,2.4559,2.442,2.4497,798013.22,0.0,0.0,0
15m,1760622300.0,2.4497,2.455,2.4306,2.4382,723137.07,0.0,0.0,0
15m,1760623200.0,2.4382,2.4404,2.4177,2.4202,908838.57,0.0,0.0,0
15m,1760624100.0,2.4202,2.4296,2.3879,2.3946,3803527.65,0.0,0.0,0
15m,1760625000.0,2.3946,2.4383,2.3938,2.436,1707304.32,0.0,0.0,0
15m,1760625900.0,2.436,2.4384,2.4029,2.4053,1163714.91,0.0,0.0,0
15m,1760626800.0,2.4053,2.417,2.3953,2.4168,786592.08,0.0,0.0,0
15m,1760627700.0,2.4168,2.4183,2.3884,2.3945,1247899.34,0.0,0.0,0
15m,1760628600.0,2.3945,2.4013,2.375,2.3818,2502735.77,0.0,0.0,0
15m,1760629500.0,2.3818,2.3818,2.3377,2.3552,3790700.84,0.0,0.0,0
15m,1760630400.0,2.3552,2.3714,2.345,2.3613,2236762.18,0.0,0.0,0
15m,1760631300.0,2.3613,2.3681,2.3474,2.3632,2322849.0,0.0,0.0,0
15m,1760632200.0,2.3632,2.3747,2.3481,2.3615,1502429.35,0.0,0.0,0
15m,1760633100.0,2.3615,2.3987,2.3565,2.3986,1520657.31,0.0,0.0,0
15m,1760634000.0,2.3986,2.3988,2.3746,2.3758,1527348.97,0.0,0.0,0
15m,1760634900.0,2.3758,2.3969,2.3725,2.3819,1113500.82,0.0,0.0,0
15m,1760635800.0,2.3819,2.3856,2.3658,2.3683,671974.73,0.0,0.0,0
15m,1760636700.0,2.3683,2.3718,2.3625,2.3671,515553.91,0.0,0.0,0
15m,1760637600.0,2.3671,2.3675,2.3351,2.3395,938707.46,0.0,0.0,0
15m,1760638500.0,2.3395,2.3492,2.3321,2.3387,1005808.05,0.0,0.0,0
15m,1760639400.0,2.3387,2.3617,2.334,2.3535,1312691.33,0.0,0.0,0
15m,1760640300.0,2.3535,2.3626,2.3431,2.351,1005933.83,0.0,0.0,0
15m,1760641200.0,2.351,2.3578,2.3314,2.3318,921785.46,0.0,0.0,0
15m,1760642100.0,2.3318,2.3417,2.3205,2.3322,1504178.05,0.0,0.0,0
15m,1760643000.0,2.3322,2.3345,2.3077,2.3214,1752806.22,0.0,0.0,0
15m,1760643900.0,2.3214,2.3423,2.3103,2.3272,1633449.44,0.0,0.0,0
15m,1760644800.0,2.3272,2.3361,2.311,2.3113,1125054.95,0.0,0.0,0
15m,1760645700.0,2.3113,2.319,2.2987,2.3077,1612892.56,0.0,0.0,0
15m,1760646600.0,2.3077,2.3102,2.2837,2.2915,2363388.2,0.0,0.0,0
15m,1760647500.0,2.2915,2.3063,2.2883,2.2944,1687151.09,0.0,0.0,0
15m,1760648400.0,2.2944,2.3102,2.2941,2.3076,1459451.44,0.0,0.0,0
15m,1760649300.0,2.3076,2.3153,2.3001,2.3041,780479.44,0.0,0.0,0
15m,1760650200.0,2.3041,2.3157,2.3022,2.312,376521.77,0.0,0.0,0
15m,1760651100.0,2.312,2.3232,2.312,2.322,305098.43,0.0,0.0,0
15m,1760652000.0,2.322,2.3251,2.3081,2.309,671667.27,0.0,0.0,0
15m,1760652900.0,2.309,2.3166,2.3065,2.313,999268.18,0.0,0.0,0
15m,1760653800.0,2.313,2.3164,2.3055,2.3057,614231.99,0.0,0.0,0
15m,1760654700.0,2.3057,2.3105,2.3001,2.3005,552238.0,0.0,0.0,0
15m,1760655600.0,2.3005,2.3084,2.2973,2.3054,1089915.66,0.0,0.0,0
15m,1760656500.0,2.3054,2.3277,2.3054,2.3214,1700480.24,0.0,0.0,0
15m,1760657400.0,2.3214,2.3264,2.3192,2.3254,753458.48,0.0,0.0,0
15m,1760658300.0,2.3254,2.3318,2.3221,2.3281,525023.34,0.0,0.0,0
15m,1760659200.0,2.3281,2.3322,2.3196,2.3301,804520.75,0.0,0.0,0
15m,1760660100.0,2.3301,2.3353,2.3281,2.3334,653409.55,0.0,0.0,0
15m,1760661000.0,2.3334,2.3408,2.3283,2.3349,619267.86,0.0,0.0,0
15m,1760661900.0,2.3349,2.3386,2.3293,2.3386,460551.8,0.0,0.0,0
15m,1760662800.0,2.3386,2.4,2.3372,2.3723,5662351.34,0.0,0.0,0
15m,1760663700.0,2.3723,2.3808,2.3593,2.3676,926051.87,0.0,0.0,0
15m,1760664600.0,2.3676,2.3726,2.3445,2.3473,622503.19,0.0,0.0,0
15m,1760665500.0,2.3473,2.3567,2.3421,2.356,401884.87,0.0,0.0,0
15m,1760666400.0,2.356,2.3593,2.3435,2.3489,459387.21,0.0,0.0,0
15m,1760667300.0,2.3489,2.3492,2.3374,2.3406,549007.1,0.0,0.0,0
15m,1760668200.0,2.3406,2.3558,2.3381,2.354,574639.53,0.0,0.0,0
15m,1760669100.0,2.354,2.3662,2.354,2.358,488382.25,0.0,0.0,0
15m,1760670000.0,2.358,2.3669,2.3576,2.361,625228.66,0.0,0.0,0
15m,1760670900.0,2.361,2.3679,2.3565,2.3568,472560.34,0.0,0.0,0
15m,1760671800.0,2.3568,2.3597,2.349,2.3497,390299.06,0.0,0.0,0
15m,1760672700.0,2.3497,2.3614,2.3497,2.3587,239166.66,0.0,0.0,0
15m,1760673600.0,2.3587,2.3603,2.3513,2.3575,337934.61,0.0,0.0,0
15m,1760674500.0,2.3575,2.3599,2.3491,2.3517,456865.48,0.0,0.0,0
15m,1760675400.0,2.3517,2.3582,2.3501,2.3507,344176.66,0.0,0.0,0
15m,1760676300.0,2.3507,2.3548,2.3469,2.348,326178.01,0.0,0.0,0
15m,1760677200.0,2.348,2.3548,2.3467,2.3484,421744.67,0.0,0.0,0
15m,1760678100.0,2.3484,2.3542,2.3411,2.3527,719583.86,0.0,0.0,0
15m,1760679000.0,2.3527,2.3541,2.3364,2.3378,632053.22,0.0,0.0,0
15m,1760679900.0,2.3378,2.3388,2.3315,2.3327,778036.71,0.0,0.0,0
15m,1760680800.0,2.3327,2.3454,2.3327,2.3381,581650.85,0.0,0.0,0
15m,1760681700.0,2.3381,2.3412,2.3186,2.3201,959881.9,0.0,0.0,0
15m,1760682600.0,2.3201,2.3235,2.2901,2.2975,1899190.77,0.0,0.0,0
15m,1760683500.0,2.2975,2.3033,2.2741,2.2934,2346513.91,0.0,0.0,0
15m,1760684400.0,2.2934,2.2986,2.2689,2.2724,2731976.33,0.0,0.0,0
15m,1760685300.0,2.2724,2.2796,2.2473,2.2504,2584473.97,0.0,0.0,0
15m,1760686200.0,2.2504,2.2588,2.2317,2.2419,3357088.87,0.0,0.0,0
15m,1760687100.0,2.2419,2.2608,2.2372,2.2389,3051104.78,0.0,0.0,0
15m,1760688000.0,2.2389,2.251,2.2191,2.2299,2625227.79,0.0,0.0,0
15m,1760688900.0,2.2299,2.2312,2.2019,2.2218,3587017.28,0.0,0.0,0
15m,1760689800.0,2.2218,2.2372,2.2087,2.2107,1620306.0,0.0,0.0,0
15m,1760690700.0,2.2107,2.2213,2.2072,2.2154,1667142.59,0.0,0.0,0
15m,1760691600.0,2.2154,2.2385,2.2096,2.235,1750188.82,0.0,0.0,0
15m,1760692500.0,2.235,2.2394,2.2221,2.2334,1095637.31,0.0,0.0,0
15m,1760693400.0,2.2334,2.2589,2.2321,2.2401,1326157.07,0.0,0.0,0
15m,1760694300.0,2.2401,2.2447,2.2253,2.2256,873918.63,0.0,0.0,0
15m,1760695200.0,2.2256,2.238,2.2139,2.2223,733604.01,0.0,0.0,0
15m,1760696100.0,2.2223,2.2231,2.1898,2.1989,1677867.26,0.0,0.0,0
15m,1760697000.0,2.1989,2.2166,2.1941,2.2084,1224307.49,0.0,0.0,0
15m,1760697900.0,2.2084,2.2312,2.2082,2.2264,1090253.71,0.0,0.0,0
15m,1760698800.0,2.2264,2.2752,2.2253,2.2714,1797033.49,0.0,0.0,0
15m,1760699700.0,2.2714,2.2964,2.2682,2.2828,2262082.42,0.0,0.0,0
15m,1760700600.0,2.2828,2.2881,2.2704,2.2796,1345656.58,0.0,0.0,0
15m,1760701500.0,2.2796,2.2901,2.2753,2.2829,1207954.52,0.0,0.0,0
15m,1760702400.0,2.2829,2.3026,2.2788,2.2916,1728137.79,0.0,0.0,0
15m,1760703300.0,2.2916,2.3047,2.2863,2.294,1003849.86,0.0,0.0,0
15m,1760704200.0,2.294,2.3019,2.2859,2.2961,927310.68,0.0,0.0,0
15m,1760705100.0,2.2961,2.2978,2.2788,2.2791,775146.33,0.0,0.0,0
15m,1760706000.0,2.2791,2.2897,2.2667,2.267,927628.46,0.0,0.0,0
15m,1760706900.0,2.267,2.2785,2.2631,2.2699,1122942.33,0.0,0.0,0
15m,1760707800.0,2.2699,2.2948,2.2593,2.2657,1657043.93,0.0,0.0,0
15m,1760708700.0,2.2657,2.2997,2.2544,2.2847,1560453.77,0.0,0.0,0
15m,1760709600.0,2.2847,2.2911,2.2644,2.2759,1163394.25,0.0,0.0,0
15m,1760710500.0,2.2759,2.2802,2.2574,2.2591,813925.39,0.0,0.0,0
15m,1760711400.0,2.2591,2.2703,2.2402,2.2615,1554022.68,0.0,0.0,0
15m,1760712300.0,2.2615,2.28,2.2582,2.2607,909856.73,0.0,0.0,0
15m,1760713200.0,2.2607,2.2785,2.2582,2.2634,1353692.42,0.0,0.0,0
15m,1760714100.0,2.2634,2.2832,2.263,2.2771,1213399.47,0.0,0.0,0
15m,1760715000.0,2.2771,2.2878,2.2606,2.2807,965375.61,0.0,0.0,0
15m,1760715900.0,2.2807,2.302,2.28,2.3011,1118448.45,0.0,0.0,0
15m,1760716800.0,2.3011,2.3282,2.2994,2.3046,2685720.56,0.0,0.0,0
15m,1760717700.0,2.3046,2.3186,2.2983,2.3012,917044.77,0.0,0.0,0
15m,1760718600.0,2.3012,2.3061,2.2868,2.2943,956766.15,0.0,0.0,0
15m,1760719500.0,2.2943,2.3012,2.2824,2.2923,598656.57,0.0,0.0,0
15m,1760720400.0,2.2923,2.2998,2.2848,2.2931,571646.51,0.0,0.0,0
15m,1760721300.0,2.2931,2.2968,2.2801,2.2819,446087.25,0.0,0.0,0
15m,1760722200.0,2.2819,2.2931,2.2777,2.2882,471478.91,0.0,0.0,0
15m,1760723100.0,2.2882,2.2967,2.2785,2.2929,509978.52,0.0,0.0,0
15m,1760724000.0,2.2929,2.3037,2.2928,2.2944,568784.82,0.0,0.0,0
15m,1760724900.0,2.2944,2.3123,2.2926,2.3071,452510.21,0.0,0.0,0
15m,1760725800.0,2.3071,2.3185,2.305,2.3081,876366.81,0.0,0.0,0
15m,1760726700.0,2.3081,2.3111,2.2988,2.3044,404603.39,0.0,0.0,0
15m,1760727600.0,2.3044,2.3153,2.304,2.3109,478392.07,0.0,0.0,0
15m,1760728500.0,2.3109,2.3124,2.3004,2.3037,385684.54,0.0,0.0,0
15m,1760729400.0,2.3037,2.3038,2.2913,2.297,482028.67,0.0,0.0,0
15m,1760730300.0,2.297,2.3013,2.2914,2.297,292943.39,0.0,0.0,0
15m,1760731200.0,2.297,2.3089,2.296,2.3071,417783.67,0.0,0.0,0
15m,1760732100.0,2.3071,2.32,2.3055,2.3176,641532.69,0.0,0.0,0
15m,1760733000.0,2.3176,2.3193,2.3088,2.3121,966617.42,0.0,0.0,0
15m,1760733900.0,2.3121,2.3175,2.3103,2.3109,532080.54,0.0,0.0,0
15m,1760734800.0,2.3109,2.3241,2.3095,2.322,755116.28,0.0,0.0,0
15m,1760735700.0,2.322,2.3273,2.3185,2.3272,421611.85,0.0,0.0,0
15m,1760736600.0,2.3272,2.3296,2.3226,2.3291,501058.91,0.0,0.0,0
15m,1760737500.0,2.3291,2.3371,2.3263,2.3345,399672.82,0.0,0.0,0
15m,1760738400.0,2.3345,2.3413,2.3258,2.3264,1128950.12,0.0,0.0,0
15m,1760739300.0,2.3264,2.3291,2.3227,2.3237,518533.03,0.0,0.0,0
15m,1760740200.0,2.3237,2.3242,2.3127,2.3135,593180.09,0.0,0.0,0
15m,1760741100.0,2.3135,2.3204,2.3131,2.3175,202113.19,0.0,0.0,0
15m,1760742000.0,2.3175,2.3176,2.3036,2.3047,311092.97,0.0,0.0,0
15m,1760742900.0,2.3047,2.3068,2.2975,2.2985,433816.39,0.0,0.0,0
15m,1760743800.0,2.2985,2.3047,2.2971,2.3002,230996.11,0.0,0.0,0
15m,1760744700.0,2.3002,2.3016,2.2909,2.2935,739748.32,0.0,0.0,0
15m,1760745600.0,2.2935,2.301,2.2894,2.2995,785549.0,0.0,0.0,0
15m,1760746500.0,2.2995,2.3146,2.2972,2.3133,517029.24,0.0,0.0,0
15m,1760747400.0,2.3133,2.3186,2.3103,2.3172,818069.66,0.0,0.0,0
15m,1760748300.0,2.3172,2.318,2.3071,2.3096,301794.3,0.0,0.0,0
15m,1760749200.0,2.3096,2.3194,2.3079,2.3194,433243.12,0.0,0.0,0
15m,1760750100.0,2.3194,2.3277,2.3178,2.3271,368022.69,0.0,0.0,0
15m,1760751000.0,2.3271,2.3301,2.324,2.3254,258240.87,0.0,0.0,0
15m,1760751900.0,2.3254,2.3359,2.3213,2.3341,225605.73,0.0,0.0,0
15m,1760752800.0,2.3341,2.3411,2.3252,2.3276,507997.14,0.0,0.0,0
15m,1760753700.0,2.3276,2.3354,2.3256,2.3339,425811.66,0.0,0.0,0
15m,1760754600.0,2.3339,2.3367,2.3242,2.3248,569512.2,0.0,0.0,0
15m,1760755500.0,2.3248,2.3259,2.3176,2.3224,330227.57,0.0,0.0,0
15m,1760756400.0,2.3224,2.3317,2.3222,2.3317,355893.43,0.0,0.0,0
15m,1760757300.0,2.3317,2.3393,2.33,2.337,266534.26,0.0,0.0,0
15m,1760758200.0,2.337,2.3433,2.3342,2.3353,479519.97,0.0,0.0,0
15m,1760759100.0,2.3353,2.3402,2.3345,2.3385,572327.34,0.0,0.0,0
15m,1760760000.0,2.3385,2.3394,2.3304,2.3308,754503.19,0.0,0.0,0
15m,1760760900.0,2.3308,2.3323,2.3276,2.3309,638423.29,0.0,0.0,0
15m,1760761800.0,2.3309,2.3318,2.3199,2.3207,728952.9,0.0,0.0,0
15m,1760762700.0,2.3207,2.3214,2.317,2.3181,630149.81,0.0,0.0,0
15m,1760763600.0,2.3181,2.3275,2.318,2.3269,631254.15,0.0,0.0,0
15m,1760764500.0,2.3269,2.3272,2.3195,2.3202,558256.57,0.0,0.0,0
15m,1760765400.0,2.3202,2.325,2.3152,2.3235,546196.11,0.0,0.0,0
15m,1760766300.0,2.3235,2.3353,2.3235,2.3322,588911.64,0.0,0.0,0
15m,1760767200.0,2.3322,2.347,2.3315,2.3443,416982.95,0.0,0.0,0
15m,1760768100.0,2.3443,2.3459,2.3405,2.3425,324219.64,0.0,0.0,0
15m,1760769000.0,2.3425,2.3455,2.3392,2.3401,313100.97,0.0,0.0,0
15m,1760769900.0,2.3401,2.3525,2.3382,2.3505,536310.34,0.0,0.0,0
15m,1760770800.0,2.3505,2.3758,2.3505,2.3652,1546208.98,0.0,0.0,0
15m,1760771700.0,2.3652,2.3659,2.3535,2.3559,530737.37,0.0,0.0,0
15m,1760772600.0,2.3559,2.3657,2.3532,2.3635,528629.55,0.0,0.0,0
15m,1760773500.0,2.3635,2.3727,2.3494,2.3535,1235045.53,0.0,0.0,0
15m,1760774400.0,2.3535,2.36,2.3504,2.3569,464989.96,0.0,0.0,0
15m,1760775300.0,2.3569,2.3583,2.3502,2.3522,393813.59,0.0,0.0,0
15m,1760776200.0,2.3522,2.3553,2.3493,2.3528,274291.03,0.0,0.0,0
15m,1760777100.0,2.3528,2.3565,2.347,2.3486,326419.07,0.0,0.0,0
15m,1760778000.0,2.3486,2.3562,2.3473,2.3544,375300.1,0.0,0.0,0
15m,1760778900.0,2.3544,2.3646,2.3483,2.361,401974.28,0.0,0.0,0
15m,1760779800.0,2.361,2.3621,2.3496,2.3558,329795.76,0.0,0.0,0
15m,1760780700.0,2.3558,2.3603,2.3505,2.3575,514856.51,0.0,0.0,0
15m,1760781600.0,2.3575,2.3589,2.3522,2.3529,362789.05,0.0,0.0,0
15m,1760782500.0,2.3529,2.3558,2.3475,2.3557,243735.75,0.0,0.0,0
15m,1760783400.0,2.3557,2.3679,2.3556,2.3663,497420.17,0.0,0.0,0
15m,1760784300.0,2.3663,2.3666,2.3542,2.3608,466421.24,0.0,0.0,0
15m,1760785200.0,2.3608,2.3642,2.3569,2.3631,459481.24,0.0,0.0,0
15m,1760786100.0,2.3631,2.367,2.3601,2.361,381327.44,0.0,0.0,0
15m,1760787000.0,2.361,2.3732,2.3596,2.3726,549546.03,0.0,0.0,0
15m,1760787900.0,2.3726,2.3795,2.3712,2.3788,564604.49,0.0,0.0,0
15m,1760788800.0,2.3788,2.3906,2.3784,2.388,629031.19,0.0,0.0,0
15m,1760789700.0,2.388,2.3914,2.3758,2.3791,677122.66,0.0,0.0,0
15m,1760790600.0,2.3791,2.3802,2.3695,2.3797,380535.25,0.0,0.0,0
15m,1760791500.0,2.3797,2.3815,2.3732,2.3751,232506.01,0.0,0.0,0
15m,1760792400.0,2.3751,2.3758,2.3646,2.3738,246332.06,0.0,0.0,0
15m,1760793300.0,2.3738,2.3744,2.3644,2.367,435673.34,0.0,0.0,0
15m,1760794200.0,2.367,2.3675,2.3569,2.3609,395569.71,0.0,0.0,0
15m,1760795100.0,2.3609,2.3689,2.3558,2.3628,347156.72,0.0,0.0,0
15m,1760796000.0,2.3628,2.3675,2.3522,2.3558,298035.58,0.0,0.0,0
15m,1760796900.0,2.3558,2.362,2.3529,2.3569,183066.35,0.0,0.0,0
15m,1760797800.0,2.3569,2.3717,2.3569,2.3647,372046.64,0.0,0.0,0
15m,1760798700.0,2.3647,2.3698,2.3561,2.3611,516217.51,0.0,0.0,0
15m,1760799600.0,2.3611,2.3662,2.3585,2.3587,243708.39,0.0,0.0,0
15m,1760800500.0,2.3587,2.3607,2.3483,2.3487,354596.16,0.0,0.0,0
15m,1760801400.0,2.3487,2.3491,2.3405,2.3485,368707.64,0.0,0.0,0
15m,1760802300.0,2.3485,2.3516,2.3438,2.3489,175653.74,0.0,0.0,0
15m,1760803200.0,2.3489,2.3547,2.3377,2.3402,347691.43,0.0,0.0,0
15m,1760804100.0,2.3402,2.3452,2.3359,2.3421,507295.84,0.0,0.0,0
15m,1760805000.0,2.3421,2.3428,2.3334,2.3389,567088.53,0.0,0.0,0
15m,1760805900.0,2.3389,2.3459,2.3378,2.3456,148234.63,0.0,0.0,0
15m,1760806800.0,2.3456,2.3523,2.3425,2.3518,160295.24,0.0,0.0,0
15m,1760807700.0,2.3518,2.3632,2.3497,2.3624,330546.39,0.0,0.0,0
15m,1760808600.0,2.3624,2.3635,2.3564,2.3567,130434.13,0.0,0.0,0
15m,1760809500.0,2.3567,2.37,2.3559,2.3683,116045.79,0.0,0.0,0
15m,1760810400.0,2.3683,2.3718,2.3585,2.3585,179458.3,0.0,0.0,0
15m,1760811300.0,2.3585,2.3636,2.3579,2.3628,186473.57,0.0,0.0,0
15m,1760812200.0,2.3628,2.3673,2.3616,2.3648,77302.18,0.0,0.0,0
15m,1760813100.0,2.3648,2.3649,2.3603,2.3622,113672.11,0.0,0.0,0
15m,1760814000.0,2.3622,2.3632,2.3566,2.3605,135176.49,0.0,0.0,0
15m,1760814900.0,2.3605,2.3692,2.3605,2.3689,146788.27,0.0,0.0,0
15m,1760815800.0,2.3689,2.3689,2.3646,2.3657,76110.74,0.0,0.0,0
15m,1760816700.0,2.3657,2.3709,2.3642,2.3674,119375.83,0.0,0.0,0
15m,1760817600.0,2.3674,2.3715,2.3642,2.3651,114164.47,0.0,0.0,0
15m,1760818500.0,2.3651,2.3712,2.3634,2.3705,141107.39,0.0,0.0,0
15m,1760819400.0,2.3705,2.3749,2.3661,2.3677,111301.03,0.0,0.0,0
15m,1760820300.0,2.3677,2.3706,2.3584,2.359,511481.1,0.0,0.0,0
15m,1760821200.0,2.359,2.362,2.3507,2.3564,400269.66,0.0,0.0,0
15m,1760822100.0,2.3564,2.3621,2.3514,2.3621,160637.13,0.0,0.0,0
15m,1760823000.0,2.3621,2.3646,2.3592,2.3622,56730.17,0.0,0.0,0
15m,1760823900.0,2.3622,2.3666,2.3607,2.3641,43993.39,0.0,0.0,0
15m,1760824800.0,2.3641,2.3655,2.3607,2.3619,81405.97,0.0,0.0,0
15m,1760825700.0,2.3619,2.3671,2.3604,2.365,144201.43,0.0,0.0,0
15m,1760826600.0,2.365,2.3658,2.3612,2.3628,78938.33,0.0,0.0,0
15m,1760827500.0,2.3628,2.3628,2.3577,2.3617,74360.22,0.0,0.0,0
15m,1760828400.0,2.3617,2.3627,2.3582,2.3608,114294.75,0.0,0.0,0
15m,1760829300.0,2.3608,2.3622,2.3572,2.3607,54469.65,0.0,0.0,0
15m,1760830200.0,2.3607,2.3633,2.3591,2.3593,102395.82,0.0,0.0,0
15m,1760831100.0,2.3593,2.3607,2.3578,2.36,131403.03,0.0,0.0,0
15m,1760832000.0,2.36,2.3625,2.3491,2.3515,443459.2,0.0,0.0,0
15m,1760832900.0,2.3515,2.3562,2.3509,2.3528,111251.38,0.0,0.0,0
15m,1760833800.0,2.3528,2.3532,2.3426,2.343,164804.63,0.0,0.0,0
15m,1760834700.0,2.343,2.3474,2.34,2.3456,148457.5,0.0,0.0,0
15m,1760835600.0,2.3456,2.3456,2.3361,2.3399,242774.98,0.0,0.0,0
15m,1760836500.0,2.3399,2.3474,2.3392,2.3471,71916.73,0.0,0.0,0
15m,1760837400.0,2.3471,2.3483,2.3402,2.3451,95628.5,0.0,0.0,0
15m,1760838300.0,2.3451,2.3507,2.345,2.3492,131889.44,0.0,0.0,0
15m,1760839200.0,2.3492,2.3497,2.3426,2.3446,86717.02,0.0,0.0,0
15m,1760840100.0,2.3446,2.3508,2.3439,2.3458,73176.89,0.0,0.0,0
15m,1760841000.0,2.3458,2.3476,2.3404,2.342,68635.26,0.0,0.0,0
15m,1760841900.0,2.342,2.3435,2.3389,2.3431,44928.83,0.0,0.0,0
15m,1760842800.0,2.3431,2.3431,2.3373,2.3382,100826.18,0.0,0.0,0
15m,1760843700.0,2.3382,2.3507,2.3382,2.3506,136381.28,0.0,0.0,0
15m,1760844600.0,2.3506,2.364,2.3506,2.3613,283674.91,0.0,0.0,0
15m,1760845500.0,2.3613,2.3686,2.36,2.3686,304441.57,0.0,0.0,0
15m,1760846400.0,2.3686,2.3696,2.356,2.3582,318592.74,0.0,0.0,0
15m,1760847300.0,2.3582,2.3591,2.354,2.3586,191525.19,0.0,0.0,0
15m,1760848200.0,2.3586,2.3622,2.3576,2.3586,85563.04,0.0,0.0,0
15m,1760849100.0,2.3586,2.3606,2.3559,2.3575,88529.9,0.0,0.0,0
15m,1760850000.0,2.3575,2.3616,2.357,2.357,78429.14,0.0,0.0,0
15m,1760850900.0,2.357,2.3667,2.3552,2.3577,248772.38,0.0,0.0,0
15m,1760851800.0,2.3577,2.3609,2.3501,2.3534,336332.15,0.0,0.0,0
15m,1760852700.0,2.3534,2.3534,2.3481,2.3529,303739.86,0.0,0.0,0
15m,1760853600.0,2.3529,2.3562,2.3508,2.3511,74338.85,0.0,0.0,0
15m,1760854500.0,2.3511,2.3524,2.3476,2.3491,113148.33,0.0,0.0,0
15m,1760855400.0,2.3491,2.3497,2.3419,2.3465,189782.55,0.0,0.0,0
15m,1760856300.0,2.3465,2.3498,2.3443,2.3498,111676.65,0.0,0.0,0
15m,1760857200.0,2.3498,2.3535,2.3487,2.3523,129861.31,0.0,0.0,0
15m,1760858100.0,2.3523,2.3554,2.3487,2.3488,127009.04,0.0,0.0,0
15m,1760859000.0,2.3488,2.3537,2.3436,2.3453,174888.76,0.0,0.0,0
15m,1760859900.0,2.3453,2.3488,2.3438,2.3484,78760.14,0.0,0.0,0
15m,1760860800.0,2.3484,2.3521,2.3474,2.3491,164213.89,0.0,0.0,0
15m,1760861700.0,2.3491,2.3703,2.3319,2.3503,1520356.98,0.0,0.0,0
15m,1760862600.0,2.3503,2.3503,2.3336,2.3344,454247.83,0.0,0.0,0
15m,1760863500.0,2.3344,2.3379,2.3273,2.3326,304649.17,0.0,0.0,0
15m,1760864400.0,2.3326,2.3331,2.3218,2.3244,474304.34,0.0,0.0,0
15m,1760865300.0,2.3244,2.3306,2.3178,2.3197,377989.02,0.0,0.0,0
15m,1760866200.0,2.3197,2.3518,2.3191,2.3478,631856.79,0.0,0.0,0
15m,1760867100.0,2.3478,2.3832,2.3442,2.363,1876938.32,0.0,0.0,0
15m,1760868000.0,2.363,2.3734,2.3543,2.3624,857072.07,0.0,0.0,0
15m,1760868900.0,2.3624,2.393,2.3571,2.3845,1093089.72,0.0,0.0,0
15m,1760869800.0,2.3845,2.3871,2.3743,2.3845,739150.58,0.0,0.0,0
15m,1760870700.0,2.3845,2.3857,2.3758,2.3857,219943.13,0.0,0.0,0
15m,1760871600.0,2.3857,2.3985,2.3855,2.3943,686436.05,0.0,0.0,0
15m,1760872500.0,2.3943,2.3963,2.3752,2.3782,958001.07,0.0,0.0,0
15m,1760873400.0,2.3782,2.383,2.3765,2.377,209453.12,0.0,0.0,0
15m,1760874300.0,2.377,2.3784,2.3718,2.3749,278752.86,0.0,0.0,0
15m,1760875200.0,2.3749,2.3796,2.3661,2.3685,297718.49,0.0,0.0,0
15m,1760876100.0,2.3685,2.3707,2.3649,2.3666,173635.93,0.0,0.0,0
15m,1760877000.0,2.3666,2.3751,2.3661,2.3673,230568.03,0.0,0.0,0
15m,1760877900.0,2.3673,2.3717,2.3623,2.3717,270088.96,0.0,0.0,0
15m,1760878800.0,2.3717,2.3758,2.3658,2.3692,197402.11,0.0,0.0,0
15m,1760879700.0,2.3692,2.375,2.3668,2.3749,191079.7,0.0,0.0,0
15m,1760880600.0,2.3749,2.3898,2.3739,2.3885,422660.41,0.0,0.0,0
15m,1760881500.0,2.3885,2.4046,2.3861,2.4029,868531.39,0.0,0.0,0
15m,1760882400.0,2.4029,2.4045,2.3904,2.3981,852513.51,0.0,0.0,0
15m,1760883300.0,2.3981,2.4145,2.3963,2.4095,1557819.66,0.0,0.0,0
15m,1760884200.0,2.4095,2.4139,2.4042,2.4087,867631.68,0.0,0.0,0
15m,1760885100.0,2.4087,2.4141,2.4014,2.4126,435855.39,0.0,0.0,0
15m,1760886000.0,2.4126,2.4142,2.4018,2.4043,772568.51,0.0,0.0,0
15m,1760886900.0,2.4043,2.4091,2.4006,2.4038,324607.39,0.0,0.0,0
15m,1760887800.0,2.4038,2.4048,2.3944,2.397,598446.83,0.0,0.0,0
15m,1760888700.0,2.397,2.401,2.397,2.401,148480.34,0.0,0.0,0
15m,1760889600.0,2.401,2.4021,2.3932,2.3941,251301.71,0.0,0.0,0
15m,1760890500.0,2.3941,2.3953,2.3899,2.3941,249284.74,0.0,0.0,0
15m,1760891400.0,2.3941,2.4084,2.3884,2.4075,517918.18,0.0,0.0,0
15m,1760892300.0,2.4075,2.4081,2.3995,2.3998,209504.92,0.0,0.0,0
15m,1760893200.0,2.3998,2.4162,2.3972,2.4132,692199.67,0.0,0.0,0
15m,1760894100.0,2.4132,2.4196,2.4044,2.4044,614508.26,0.0,0.0,0
15m,1760895000.0,2.4044,2.4074,2.3966,2.4013,154702.59,0.0,0.0,0
15m,1760895900.0,2.4013,2.4016,2.3929,2.3969,283019.59,0.0,0.0,0
15m,1760896800.0,2.3969,2.4009,2.3958,2.3995,188311.45,0.0,0.0,0
15m,1760897700.0,2.3995,2.405,2.398,2.403,161004.04,0.0,0.0,0
15m,1760898600.0,2.403,2.409,2.3999,2.4076,124134.76,0.0,0.0,0
15m,1760899500.0,2.4076,2.4119,2.407,2.409,205340.69,0.0,0.0,0
15m,1760900400.0,2.409,2.409,2.3948,2.4006,219023.56,0.0,0.0,0
15m,1760901300.0,2.4006,2.4024,2.3975,2.3995,248784.73,0.0,0.0,0
15m,1760902200.0,2.3995,2.4019,2.3944,2.3967,136542.62,0.0,0.0,0
15m,1760903100.0,2.3967,2.402,2.3931,2.3994,126965.12,0.0,0.0,0
15m,1760904000.0,2.3994,2.4064,2.3959,2.4,419397.35,0.0,0.0,0
15m,1760904900.0,2.4,2.4057,2.3977,2.4055,283079.08,0.0,0.0,0
15m,1760905800.0,2.4055,2.406,2.3996,2.403,541923.88,0.0,0.0,0
15m,1760906700.0,2.403,2.408,2.4026,2.4058,666042.74,0.0,0.0,0
15m,1760907600.0,2.4058,2.4082,2.3981,2.3996,784961.95,0.0,0.0,0
15m,1760908500.0,2.3996,2.4002,2.3897,2.3901,167568.09,0.0,0.0,0
15m,1760909400.0,2.3901,2.3963,2.387,2.3957,132459.37,0.0,0.0,0
15m,1760910300.0,2.3957,2.398,2.3926,2.3965,140809.35,0.0,0.0,0
15m,1760911200.0,2.3965,2.4058,2.3954,2.4032,461512.59,0.0,0.0,0
15m,1760912100.0,2.4032,2.4075,2.4005,2.405,205802.11,0.0,0.0,0
15m,1760913000.0,2.405,2.4096,2.4034,2.4087,187778.13,0.0,0.0,0
15m,1760913900.0,2.4087,2.4087,2.4011,2.4022,252632.37,0.0,0.0,0
15m,1760914800.0,2.4022,2.4023,2.3939,2.3971,195633.27,0.0,0.0,0
15m,1760915700.0,2.3971,2.3984,2.3931,2.3943,99801.82,0.0,0.0,0
15m,1760916600.0,2.3943,2.3978,2.3865,2.3885,272465.72,0.0,0.0,0
15m,1760917500.0,2.3885,2.3909,2.3865,2.3909,207751.43,0.0,0.0,0
15m,1760918400.0,2.3909,2.391,2.3778,2.3782,347672.78,0.0,0.0,0
15m,1760919300.0,2.3782,2.3803,2.3582,2.3653,872766.58,0.0,0.0,0
15m,1760920200.0,2.3653,2.3758,2.3542,2.3708,555851.8,0.0,0.0,0
15m,1760921100.0,2.3708,2.3824,2.3702,2.3801,295730.99,0.0,0.0,0
15m,1760922000.0,2.3801,2.3848,2.3713,2.3785,301989.74,0.0,0.0,0
15m,1760922900.0,2.3785,2.3801,2.3715,2.376,213758.3,0.0,0.0,0
15m,1760923800.0,2.376,2.3801,2.3673,2.3718,219219.38,0.0,0.0,0
15m,1760924700.0,2.3718,2.3765,2.3687,2.3723,224060.44,0.0,0.0,0
15m,1760925600.0,2.3723,2.3723,2.3644,2.3693,544174.65,0.0,0.0,0
15m,1760926500.0,2.3693,2.3844,2.3677,2.3781,221782.05,0.0,0.0,0
15m,1760927400.0,2.3781,2.3902,2.3755,2.3875,316239.82,0.0,0.0,0
15m,1760928300.0,2.3875,2.3955,2.3851,2.3865,193153.93,0.0,0.0,0
15m,1760929200.0,2.3865,2.3871,2.3814,2.387,139447.18,0.0,0.0,0
15m,1760930100.0,2.387,2.3992,2.3858,2.3976,308424.54,0.0,0.0,0
15m,1760931000.0,2.3976,2.4223,2.394,2.4148,553875.38,0.0,0.0,0
15m,1760931900.0,2.4148,2.4404,2.4115,2.4337,1174143.98,0.0,0.0,0
15m,1760932800.0,2.4337,2.4479,2.4337,2.4399,616524.11,0.0,0.0,0
15m,1760933700.0,2.4399,2.4422,2.4311,2.4341,412505.94,0.0,0.0,0
15m,1760934600.0,2.4341,2.4432,2.4341,2.4402,264617.06,0.0,0.0,0
15m,1760935500.0,2.4402,2.4474,2.4387,2.4464,379511.13,0.0,0.0,0
15m,1760936400.0,2.4464,2.4472,2.4361,2.4431,721789.87,0.0,0.0,0
15m,1760937300.0,2.4431,2.4528,2.4398,2.4492,601350.24,0.0,0.0,0
15m,1760938200.0,2.4492,2.4517,2.4463,2.4512,294276.57,0.0,0.0,0
15m,1760939100.0,2.4512,2.4567,2.4477,2.4566,393201.21,0.0,0.0,0
15m,1760940000.0,2.4566,2.4638,2.4561,2.4613,391829.95,0.0,0.0,0
15m,1760940900.0,2.4613,2.467,2.4587,2.4598,308579.92,0.0,0.0,0
15m,1760941800.0,2.4598,2.4685,2.4593,2.4681,330861.54,0.0,0.0,0
15m,1760942700.0,2.4681,2.4724,2.4645,2.4686,631027.99,0.0,0.0,0
15m,1760943600.0,2.4686,2.4774,2.463,2.4757,368671.54,0.0,0.0,0
15m,1760944500.0,2.4757,2.4763,2.4692,2.4708,344046.64,0.0,0.0,0
15m,1760945400.0,2.4708,2.4718,2.4635,2.4661,689394.59,0.0,0.0,0
15m,1760946300.0,2.4661,2.4706,2.4602,2.4702,494678.57,0.0,0.0,0
15m,1760947200.0,2.4702,2.4702,2.4593,2.4635,390172.3,0.0,0.0,0
15m,1760948100.0,2.4635,2.4672,2.458,2.4657,624086.16,0.0,0.0,0
15m,1760949000.0,2.4657,2.4782,2.4647,2.4689,882675.93,0.0,0.0,0
15m,1760949900.0,2.4689,2.4766,2.4686,2.4722,334217.73,0.0,0.0,0
15m,1760950800.0,2.4722,2.4722,2.4626,2.4662,347550.25,0.0,0.0,0
15m,1760951700.0,2.4662,2.4675,2.4594,2.4614,270529.93,0.0,0.0,0
15m,1760952600.0,2.4614,2.4643,2.4568,2.4634,276952.17,0.0,0.0,0
15m,1760953500.0,2.4634,2.4747,2.4609,2.4735,510538.49,0.0,0.0,0
15m,1760954400.0,2.4735,2.4769,2.4662,2.4708,245620.1,0.0,0.0,0
15m,1760955300.0,2.4708,2.4784,2.4708,2.4772,422394.37,0.0,0.0,0
15m,1760956200.0,2.4772,2.4804,2.4629,2.4642,457554.91,0.0,0.0,0
15m,1760957100.0,2.4642,2.468,2.4597,2.4661,432152.82,0.0,0.0,0
15m,1760958000.0,2.4661,2.4661,2.4579,2.4596,316969.63,0.0,0.0,0
15m,1760958900.0,2.4596,2.466,2.4585,2.4642,215629.24,0.0,0.0,0
15m,1760959800.0,2.4642,2.4642,2.4523,2.4528,373226.45,0.0,0.0,0
15m,1760960700.0,2.4528,2.4597,2.4528,2.4574,343434.25,0.0,0.0,0
15m,1760961600.0,2.4574,2.4587,2.4468,2.4489,742749.17,0.0,0.0,0
15m,1760962500.0,2.4489,2.4548,2.4472,2.4548,688146.51,0.0,0.0,0
15m,1760963400.0,2.4548,2.455,2.448,2.4501,529104.98,0.0,0.0,0
15m,1760964300.0,2.4501,2.4558,2.4491,2.4529,438930.74,0.0,0.0,0
15m,1760965200.0,2.4529,2.4542,2.448,2.4496,370028.35,0.0,0.0,0
15m,1760966100.0,2.4496,2.4536,2.4489,2.4525,261852.11,0.0,0.0,0
15m,1760967000.0,2.4525,2.4615,2.4509,2.4574,1316498.72,0.0,0.0,0
15m,1760967900.0,2.4574,2.4645,2.4566,2.4601,949042.92,0.0,0.0,0
15m,1760968800.0,2.4601,2.4626,2.451,2.451,803327.08,0.0,0.0,0
15m,1760969700.0,2.451,2.465,2.4485,2.4641,1130021.54,0.0,0.0,0
15m,1760970600.0,2.4641,2.4661,2.4582,2.4642,638558.2,0.0,0.0,0
15m,1760971500.0,2.4642,2.4717,2.464,2.4702,638652.58,0.0,0.0,0
15m,1760972400.0,2.4702,2.4852,2.4686,2.4722,1071025.57,0.0,0.0,0
15m,1760973300.0,2.4722,2.4779,2.47,2.4726,623772.29,0.0,0.0,0
15m,1760974200.0,2.4726,2.4764,2.4672,2.4736,430801.9,0.0,0.0,0
15m,1760975100.0,2.4736,2.4801,2.4626,2.4628,608783.8,0.0,0.0,0
15m,1760976000.0,2.4628,2.4677,2.4418,2.4604,1317572.0,0.0,0.0,0
15m,1760976900.0,2.4604,2.4605,2.4474,2.4484,721138.34,0.0,0.0,0
15m,1760977800.0,2.4484,2.4493,2.4339,2.4353,1297344.48,0.0,0.0,0
15m,1760978700.0,2.4353,2.449,2.4272,2.4448,722731.88,0.0,0.0,0
15m,1760979600.0,2.4448,2.458,2.444,2.4461,413008.85,0.0,0.0,0
15m,1760980500.0,2.4461,2.4527,2.4414,2.4444,245595.9,0.0,0.0,0
15m,1760981400.0,2.4444,2.4479,2.4357,2.4399,676228.58,0.0,0.0,0
15m,1760982300.0,2.4399,2.4608,2.4396,2.4594,785774.9,0.0,0.0,0
15m,1760983200.0,2.4594,2.4665,2.4578,2.4592,449954.68,0.0,0.0,0
15m,1760984100.0,2.4592,2.4636,2.4555,2.4629,364417.55,0.0,0.0,0
15m,1760985000.0,2.4629,2.4702,2.4605,2.4697,401562.67,0.0,0.0,0
15m,1760985900.0,2.4697,2.4775,2.4667,2.4751,498020.71,0.0,0.0,0
15m,1760986800.0,2.4751,2.4868,2.4701,2.4866,1037944.26,0.0,0.0,0
15m,1760987700.0,2.4866,2.4867,2.4721,2.4808,600130.6,0.0,0.0,0
15m,1760988600.0,2.4808,2.5235,2.4798,2.5201,2511181.92,0.0,0.0,0
15m,1760989500.0,2.5201,2.553,2.5201,2.524,3076163.46,0.0,0.0,0
15m,1760990400.0,2.524,2.5291,2.5068,2.528,1402745.05,0.0,0.0,0
15m,1760991300.0,2.528,2.5353,2.5146,2.5165,1053813.58,0.0,0.0,0
15m,1760992200.0,2.5165,2.5203,2.5078,2.5201,778572.15,0.0,0.0,0
15m,1760993100.0,2.5201,2.5338,2.5162,2.5323,753937.09,0.0,0.0,0
15m,1760994000.0,2.5323,2.5327,2.5114,2.5132,862049.04,0.0,0.0,0
15m,1760994900.0,2.5132,2.5146,2.5035,2.5053,345236.79,0.0,0.0,0
15m,1760995800.0,2.5053,2.5086,2.4944,2.4961,233084.67,0.0,0.0,0
15m,1760996700.0,2.4961,2.4963,2.4869,2.4918,208849.52,0.0,0.0,0
15m,1760997600.0,2.4918,2.4946,2.4833,2.4934,264562.61,0.0,0.0,0
15m,1760998500.0,2.4934,2.4997,2.489,2.4904,186972.97,0.0,0.0,0
15m,1760999400.0,2.4904,2.5053,2.4893,2.5031,200133.55,0.0,0.0,0
15m,1761000300.0,2.5031,2.5032,2.4965,2.4979,197188.54,0.0,0.0,0
15m,1761001200.0,2.4979,2.4984,2.486,2.4892,748120.99,0.0,0.0,0
15m,1761002100.0,2.4892,2.4929,2.4856,2.4929,159085.95,0.0,0.0,0
15m,1761003000.0,2.4929,2.4936,2.487,2.4882,226337.86,0.0,0.0,0
15m,1761003900.0,2.4882,2.4967,2.4869,2.4949,174952.45,0.0,0.0,0
15m,1761004800.0,2.4949,2.4953,2.482,2.4843,311205.52,0.0,0.0,0
15m,1761005700.0,2.4843,2.4948,2.4843,2.4898,538739.5,0.0,0.0,0
15m,1761006600.0,2.4898,2.4924,2.4837,2.4902,206230.49,0.0,0.0,0
15m,1761007500.0,2.4902,2.4934,2.4856,2.4856,208822.88,0.0,0.0,0
15m,1761008400.0,2.4856,2.4866,2.474,2.4761,382455.04,0.0,0.0,0
15m,1761009300.0,2.4761,2.483,2.4759,2.4788,221247.44,0.0,0.0,0
15m,1761010200.0,2.4788,2.4801,2.4713,2.4719,211995.19,0.0,0.0,0
15m,1761011100.0,2.4719,2.4749,2.4629,2.4683,555472.9,0.0,0.0,0
15m,1761012000.0,2.4683,2.4699,2.4568,2.4647,421312.84,0.0,0.0,0
15m,1761012900.0,2.4647,2.4648,2.4541,2.4605,359575.45,0.0,0.0,0
15m,1761013800.0,2.4605,2.4645,2.4577,2.4579,509601.35,0.0,0.0,0
15m,1761014700.0,2.4579,2.4579,2.4495,2.451,259854.33,0.0,0.0,0
15m,1761015600.0,2.451,2.4557,2.4487,2.4523,369185.71,0.0,0.0,0
15m,1761016500.0,2.4523,2.4588,2.45,2.456,521777.25,0.0,0.0,0
15m,1761017400.0,2.456,2.4625,2.4539,2.4599,231779.29,0.0,0.0,0
15m,1761018300.0,2.4599,2.46,2.4492,2.4528,246563.85,0.0,0.0,0
15m,1761019200.0,2.4528,2.4539,2.423,2.4318,1527752.14,0.0,0.0,0
15m,1761020100.0,2.4318,2.4421,2.4266,2.4411,759817.9,0.0,0.0,0
15m,1761021000.0,2.4411,2.4414,2.4188,2.4209,497632.11,0.0,0.0,0
15m,1761021900.0,2.4209,2.4297,2.4179,2.4238,405495.0,0.0,0.0,0
15m,1761022800.0,2.4238,2.4334,2.4229,2.43,386729.66,0.0,0.0,0
15m,1761023700.0,2.43,2.4349,2.4214,2.425,401494.94,0.0,0.0,0
15m,1761024600.0,2.425,2.436,2.4241,2.4279,783002.1,0.0,0.0,0
15m,1761025500.0,2.4279,2.432,2.4218,2.4239,326731.61,0.0,0.0,0
15m,1761026400.0,2.4239,2.425,2.4124,2.4164,552219.25,0.0,0.0,0
15m,1761027300.0,2.4164,2.4363,2.4147,2.4342,559381.91,0.0,0.0,0
15m,1761028200.0,2.4342,2.4371,2.4294,2.43,402784.48,0.0,0.0,0
15m,1761029100.0,2.43,2.4344,2.428,2.4316,183421.46,0.0,0.0,0
15m,1761030000.0,2.4316,2.4316,2.4176,2.4176,398874.83,0.0,0.0,0
15m,1761030900.0,2.4176,2.4322,2.4176,2.432,338318.34,0.0,0.0,0
15m,1761031800.0,2.432,2.4351,2.4235,2.4237,382834.78,0.0,0.0,0
15m,1761032700.0,2.4237,2.4285,2.4219,2.4267,436341.72,0.0,0.0,0
15m,1761033600.0,2.4267,2.4267,2.4118,2.4133,470389.83,0.0,0.0,0
15m,1761034500.0,2.4133,2.4173,2.4071,2.4122,994806.66,0.0,0.0,0
15m,1761035400.0,2.4122,2.4125,2.4033,2.4048,558202.14,0.0,0.0,0
15m,1761036300.0,2.4048,2.4147,2.4009,2.4119,617007.34,0.0,0.0,0
15m,1761037200.0,2.4119,2.4121,2.4018,2.408,581373.21,0.0,0.0,0
15m,1761038100.0,2.408,2.411,2.4046,2.4069,322107.08,0.0,0.0,0
15m,1761039000.0,2.4069,2.4084,2.4043,2.4073,176138.8,0.0,0.0,0
15m,1761039900.0,2.4073,2.4115,2.4067,2.4091,234726.26,0.0,0.0,0
15m,1761040800.0,2.4091,2.4162,2.4087,2.4119,208160.78,0.0,0.0,0
15m,1761041700.0,2.4119,2.4128,2.4047,2.407,285211.77,0.0,0.0,0
15m,1761042600.0,2.407,2.4199,2.4059,2.411,335837.4,0.0,0.0,0
15m,1761043500.0,2.411,2.4284,2.411,2.4168,812058.85,0.0,0.0,0
15m,1761044400.0,2.4168,2.4176,2.4124,2.4165,368708.4,0.0,0.0,0
15m,1761045300.0,2.4165,2.4247,2.4148,2.421,172608.04,0.0,0.0,0
15m,1761046200.0,2.421,2.4277,2.4165,2.4241,409740.0,0.0,0.0,0
15m,1761047100.0,2.4241,2.433,2.4241,2.4322,320473.39,0.0,0.0,0
15m,1761048000.0,2.4322,2.4333,2.4275,2.4277,252162.5,0.0,0.0,0
15m,1761048900.0,2.4277,2.4475,2.4277,2.4374,596664.48,0.0,0.0,0
15m,1761049800.0,2.4374,2.4416,2.4292,2.4388,446119.34,0.0,0.0,0
15m,1761050700.0,2.4388,2.4396,2.4236,2.4251,310749.96,0.0,0.0,0
15m,1761051600.0,2.4251,2.4276,2.4105,2.4216,519490.46,0.0,0.0,0
15m,1761052500.0,2.4216,2.4265,2.4181,2.4261,289868.71,0.0,0.0,0
15m,1761053400.0,2.4261,2.4319,2.4151,2.4209,383095.97,0.0,0.0,0
15m,1761054300.0,2.4209,2.4209,2.4078,2.4127,558384.64,0.0,0.0,0
15m,1761055200.0,2.4127,2.4444,2.4121,2.4441,780991.62,0.0,0.0,0
15m,1761056100.0,2.4441,2.4612,2.437,2.4376,885446.74,0.0,0.0,0
15m,1761057000.0,2.4376,2.4514,2.4372,2.4474,284075.33,0.0,0.0,0
15m,1761057900.0,2.4474,2.4885,2.4427,2.4866,942148.8,0.0,0.0,0
15m,1761058800.0,2.4866,2.5054,2.4743,2.4954,1894894.42,0.0,0.0,0
15m,1761059700.0,2.4954,2.5232,2.4913,2.5201,1261682.04,0.0,0.0,0
15m,1761060600.0,2.5201,2.5309,2.5077,2.5303,1168387.66,0.0,0.0,0
15m,1761061500.0,2.5303,2.5323,2.5143,2.5224,608211.84,0.0,0.0,0
15m,1761062400.0,2.5224,2.5248,2.5087,2.5208,820288.14,0.0,0.0,0
15m,1761063300.0,2.5208,2.5221,2.512,2.5168,752137.79,0.0,0.0,0
15m,1761064200.0,2.5168,2.5205,2.5061,2.5123,797138.12,0.0,0.0,0
15m,1761065100.0,2.5123,2.5213,2.4809,2.4868,1424111.07,0.0,0.0,0
15m,1761066000.0,2.4868,2.5056,2.4836,2.4975,844802.7,0.0,0.0,0
15m,1761066900.0,2.4975,2.4994,2.4734,2.496,956997.94,0.0,0.0,0
15m,1761067800.0,2.496,2.5063,2.4931,2.5033,641048.63,0.0,0.0,0
15m,1761068700.0,2.5033,2.5057,2.4885,2.4929,644080.66,0.0,0.0,0
15m,1761069600.0,2.4929,2.4993,2.4787,2.4838,411424.3,0.0,0.0,0
15m,1761070500.0,2.4838,2.4889,2.4781,2.4817,296591.75,0.0,0.0,0
15m,1761071400.0,2.4817,2.484,2.4727,2.4772,505124.74,0.0,0.0,0
15m,1761072300.0,2.4772,2.4856,2.4767,2.4848,228457.67,0.0,0.0,0
15m,1761073200.0,2.4848,2.4963,2.4821,2.4959,182484.47,0.0,0.0,0
15m,1761074100.0,2.4959,2.5015,2.489,2.4917,377986.48,0.0,0.0,0
15m,1761075000.0,2.4917,2.4968,2.4884,2.4917,379738.21,0.0,0.0,0
15m,1761075900.0,2.4917,2.5003,2.4905,2.4932,216928.66,0.0,0.0,0
15m,1761076800.0,2.4932,2.4975,2.4795,2.4829,443663.36,0.0,0.0,0
15m,1761077700.0,2.4829,2.4842,2.4652,2.4772,793135.1,0.0,0.0,0
15m,1761078600.0,2.4772,2.4796,2.4692,2.4732,171112.83,0.0,0.0,0
15m,1761079500.0,2.4732,2.4783,2.4674,2.4743,142356.48,0.0,0.0,0
15m,1761080400.0,2.4743,2.4912,2.4724,2.4906,491428.4,0.0,0.0,0
15m,1761081300.0,2.4906,2.4923,2.4502,2.4616,905964.98,0.0,0.0,0
15m,1761082200.0,2.4616,2.4794,2.4571,2.479,270285.64,0.0,0.0,0
15m,1761083100.0,2.479,2.479,2.4714,2.4774,155333.27,0.0,0.0,0
15m,1761084000.0,2.4774,2.4776,2.4593,2.4636,423189.17,0.0,0.0,0
15m,1761084900.0,2.4636,2.467,2.444,2.4464,580000.62,0.0,0.0,0
15m,1761085800.0,2.4464,2.4513,2.4307,2.4417,1442530.76,0.0,0.0,0
15m,1761086700.0,2.4417,2.4495,2.4394,2.442,372191.78,0.0,0.0,0
15m,1761087600.0,2.442,2.448,2.4399,2.4456,277341.42,0.0,0.0,0
15m,1761088500.0,2.4456,2.4479,2.437,2.4384,241066.75,0.0,0.0,0
15m,1761089400.0,2.4384,2.4384,2.4155,2.42,696344.77,0.0,0.0,0
15m,1761090300.0,2.42,2.4264,2.4161,2.4221,467676.61,0.0,0.0,0
15m,1761091200.0,2.4221,2.4338,2.4204,2.4334,311091.38,0.0,0.0,0
15m,1761092100.0,2.4334,2.4343,2.4134,2.4157,339569.66,0.0,0.0,0
15m,1761093000.0,2.4157,2.4255,2.4038,2.4107,858562.09,0.0,0.0,0
15m,1761093900.0,2.4107,2.4186,2.4096,2.4127,274700.94,0.0,0.0,0
15m,1761094800.0,2.4127,2.4294,2.4122,2.4265,321620.26,0.0,0.0,0
15m,1761095700.0,2.4265,2.4265,2.4147,2.4204,408331.52,0.0,0.0,0
15m,1761096600.0,2.4204,2.4211,2.413,2.4209,333004.3,0.0,0.0,0
15m,1761097500.0,2.4209,2.4279,2.419,2.4245,522169.15,0.0,0.0,0
15m,1761098400.0,2.4245,2.4323,2.4217,2.4319,286657.75,0.0,0.0,0
15m,1761099300.0,2.4319,2.4319,2.4242,2.4302,177507.42,0.0,0.0,0
15m,1761100200.0,2.4302,2.4305,2.4237,2.4245,176911.39,0.0,0.0,0
15m,1761101100.0,2.4245,2.4266,2.4215,2.4242,227777.94,0.0,0.0,0
15m,1761102000.0,2.4242,2.4242,2.4106,2.411,373634.6,0.0,0.0,0
15m,1761102900.0,2.411,2.4198,2.409,2.4182,349864.27,0.0,0.0,0
15m,1761103800.0,2.4182,2.4227,2.4124,2.4173,402656.88,0.0,0.0,0
15m,1761104700.0,2.4173,2.423,2.4163,2.4207,268147.86,0.0,0.0,0
15m,1761105600.0,2.4207,2.4304,2.4193,2.426,299704.17,0.0,0.0,0
15m,1761106500.0,2.426,2.4294,2.4252,2.427,271481.66,0.0,0.0,0
15m,1761107400.0,2.427,2.438,2.4268,2.4353,297476.39,0.0,0.0,0
15m,1761108300.0,2.4353,2.4378,2.4318,2.4366,381431.76,0.0,0.0,0
15m,1761109200.0,2.4366,2.4366,2.4257,2.4264,461622.21,0.0,0.0,0
15m,1761110100.0,2.4264,2.4277,2.3936,2.403,2130078.7,0.0,0.0,0
15m,1761111000.0,2.403,2.4052,2.3911,2.3989,1301489.43,0.0,0.0,0
15m,1761111900.0,2.3989,2.4059,2.3945,2.4059,205698.06,0.0,0.0,0
15m,1761112800.0,2.4059,2.406,2.4003,2.4055,245563.91,0.0,0.0,0
15m,1761113700.0,2.4055,2.4088,2.4014,2.4041,409552.77,0.0,0.0,0
15m,1761114600.0,2.4041,2.4096,2.4037,2.4068,522337.26,0.0,0.0,0
15m,1761115500.0,2.4068,2.4088,2.4033,2.4038,271527.19,0.0,0.0,0
15m,1761116400.0,2.4038,2.4043,2.3914,2.3915,496952.93,0.0,0.0,0
15m,1761117300.0,2.3915,2.4039,2.3915,2.403,266397.38,0.0,0.0,0
15m,1761118200.0,2.403,2.4098,2.4004,2.4066,331674.12,0.0,0.0,0
15m,1761119100.0,2.4066,2.4125,2.4038,2.4098,452198.15,0.0,0.0,0
15m,1761120000.0,2.4098,2.4098,2.3963,2.3971,196174.48,0.0,0.0,0
15m,1761120900.0,2.3971,2.404,2.3964,2.4023,416485.03,0.0,0.0,0
15m,1761121800.0,2.4023,2.403,2.3961,2.4022,512789.9,0.0,0.0,0
15m,1761122700.0,2.4022,2.4047,2.398,2.3985,155992.57,0.0,0.0,0
15m,1761123600.0,2.3985,2.4009,2.388,2.3892,389150.1,0.0,0.0,0
15m,1761124500.0,2.3892,2.3938,2.3841,2.3933,552265.75,0.0,0.0,0
15m,1761125400.0,2.3933,2.3958,2.3803,2.3827,357914.43,0.0,0.0,0
15m,1761126300.0,2.3827,2.3879,2.3802,2.3848,277166.21,0.0,0.0,0
15m,1761127200.0,2.3848,2.3908,2.3802,2.3891,240432.12,0.0,0.0,0
15m,1761128100.0,2.3891,2.3919,2.3787,2.3803,627388.26,0.0,0.0,0
15m,1761129000.0,2.3803,2.3828,2.377,2.379,381212.67,0.0,0.0,0
15m,1761129900.0,2.379,2.3842,2.3776,2.3823,212591.26,0.0,0.0,0
15m,1761130800.0,2.3823,2.3998,2.3642,2.3982,2247319.29,0.0,0.0,0
15m,1761131700.0,2.3982,2.4071,2.394,2.3953,1166727.77,0.0,0.0,0
15m,1761132600.0,2.3953,2.401,2.394,2.3949,320621.65,0.0,0.0,0
15m,1761133500.0,2.3949,2.3972,2.3879,2.3962,457975.63,0.0,0.0,0
15m,1761134400.0,2.3962,2.4006,2.393,2.3976,432657.91,0.0,0.0,0
15m,1761135300.0,2.3976,2.411,2.3976,2.4023,532779.01,0.0,0.0,0
15m,1761136200.0,2.4023,2.4079,2.4004,2.4034,419757.76,0.0,0.0,0
15m,1761137100.0,2.4034,2.4034,2.3955,2.4002,312469.87,0.0,0.0,0
15m,1761138000.0,2.4002,2.4101,2.3964,2.4087,326562.82,0.0,0.0,0
15m,1761138900.0,2.4087,2.4097,2.4034,2.4049,655667.36,0.0,0.0,0
15m,1761139800.0,2.4049,2.4095,2.3927,2.4012,735883.05,0.0,0.0,0
15m,1761140700.0,2.4012,2.4133,2.3928,2.4088,1155972.78,0.0,0.0,0
15m,1761141600.0,2.4088,2.4088,2.385,2.3899,1031074.72,0.0,0.0,0
15m,1761142500.0,2.3899,2.3944,2.3715,2.3758,1187194.95,0.0,0.0,0
15m,1761143400.0,2.3758,2.3953,2.367,2.3862,1320288.36,0.0,0.0,0
15m,1761144300.0,2.3862,2.4105,2.3781,2.4105,1568528.14,0.0,0.0,0
15m,1761145200.0,2.4105,2.4169,2.3962,2.3988,665428.17,0.0,0.0,0
15m,1761146100.0,2.3988,2.3993,2.3814,2.3845,590145.86,0.0,0.0,0
15m,1761147000.0,2.3845,2.4033,2.3801,2.4018,698181.01,0.0,0.0,0
15m,1761147900.0,2.4018,2.4071,2.3961,2.4006,244868.61,0.0,0.0,0
15m,1761148800.0,2.4006,2.4063,2.3921,2.3928,714927.23,0.0,0.0,0
15m,1761149700.0,2.3928,2.3997,2.3847,2.3965,499864.84,0.0,0.0,0
15m,1761150600.0,2.3965,2.4066,2.3798,2.3973,1203892.6,0.0,0.0,0
15m,1761151500.0,2.3973,2.4037,2.3913,2.3949,835987.88,0.0,0.0,0
15m,1761152400.0,2.3949,2.3995,2.3898,2.3958,320549.47,0.0,0.0,0
15m,1761153300.0,2.3958,2.3966,2.3887,2.3928,510431.96,0.0,0.0,0
15m,1761154200.0,2.3928,2.3998,2.3849,2.3866,264045.23,0.0,0.0,0
15m,1761155100.0,2.3866,2.3905,2.3762,2.3787,617255.75,0.0,0.0,0
15m,1761156000.0,2.3787,2.3857,2.3728,2.3739,400471.96,0.0,0.0,0
15m,1761156900.0,2.3739,2.3813,2.3673,2.3788,662845.4,0.0,0.0,0
15m,1761157800.0,2.3788,2.3821,2.3706,2.3737,623221.8,0.0,0.0,0
15m,1761158700.0,2.3737,2.3786,2.3712,2.3776,634793.88,0.0,0.0,0
15m,1761159600.0,2.3776,2.3941,2.3745,2.3888,593306.99,0.0,0.0,0
15m,1761160500.0,2.3888,2.3963,2.3882,2.3884,375926.13,0.0,0.0,0
15m,1761161400.0,2.3884,2.3925,2.3781,2.3781,464458.3,0.0,0.0,0
15m,1761162300.0,2.3781,2.3801,2.3542,2.3766,1491699.84,0.0,0.0,0
15m,1761163200.0,2.3766,2.3807,2.3724,2.3753,738094.5,0.0,0.0,0
15m,1761164100.0,2.3753,2.3753,2.3619,2.363,464214.53,0.0,0.0,0
15m,1761165000.0,2.363,2.3749,2.3581,2.3732,424889.57,0.0,0.0,0
15m,1761165900.0,2.3732,2.3732,2.3605,2.3635,491685.21,0.0,0.0,0
15m,1761166800.0,2.3635,2.3635,2.3246,2.344,2917627.44,0.0,0.0,0
15m,1761167700.0,2.344,2.3539,2.3361,2.3369,612923.66,0.0,0.0,0
15m,1761168600.0,2.3369,2.346,2.3359,2.3405,159964.52,0.0,0.0,0
15m,1761169500.0,2.3405,2.3491,2.3379,2.341,294307.94,0.0,0.0,0
15m,1761170400.0,2.341,2.354,2.3389,2.3486,242203.63,0.0,0.0,0
15m,1761171300.0,2.3486,2.3497,2.3326,2.3338,251411.96,0.0,0.0,0
15m,1761172200.0,2.3338,2.3435,2.3326,2.3407,177731.21,0.0,0.0,0
15m,1761173100.0,2.3407,2.344,2.3342,2.3362,198587.18,0.0,0.0,0
15m,1761174000.0,2.3362,2.3504,2.3357,2.3497,239268.88,0.0,0.0,0
15m,1761174900.0,2.3497,2.3644,2.3493,2.3582,353158.29,0.0,0.0,0
15m,1761175800.0,2.3582,2.3683,2.3582,2.3617,319866.05,0.0,0.0,0
15m,1761176700.0,2.3617,2.3658,2.3613,2.3647,419722.33,0.0,0.0,0
15m,1761177600.0,2.3647,2.3693,2.3629,2.368,233580.55,0.0,0.0,0
15m,1761178500.0,2.368,2.372,2.3617,2.3648,226227.33,0.0,0.0,0
15m,1761179400.0,2.3648,2.372,2.364,2.3657,100376.21,0.0,0.0,0
15m,1761180300.0,2.3657,2.3697,2.3629,2.3671,187766.68,0.0,0.0,0
15m,1761181200.0,2.3671,2.3764,2.3652,2.3732,271589.35,0.0,0.0,0
15m,1761182100.0,2.3732,2.3766,2.3635,2.369,429696.86,0.0,0.0,0
15m,1761183000.0,2.369,2.3747,2.367,2.3712,258987.64,0.0,0.0,0
15m,1761183900.0,2.3712,2.3724,2.3693,2.3704,171881.23,0.0,0.0,0
15m,1761184800.0,2.3704,2.3719,2.3684,2.3713,264172.59,0.0,0.0,0
15m,1761185700.0,2.3713,2.3766,2.3713,2.3734,312954.09,0.0,0.0,0
15m,1761186600.0,2.3734,2.3768,2.3729,2.3746,212102.88,0.0,0.0,0
15m,1761187500.0,2.3746,2.3757,2.3716,2.3757,344629.64,0.0,0.0,0
15m,1761188400.0,2.3757,2.382,2.375,2.3809,533653.94,0.0,0.0,0
15m,1761189300.0,2.3809,2.3867,2.38,2.384,346158.85,0.0,0.0,0
15m,1761190200.0,2.384,2.3849,2.3775,2.3778,180865.54,0.0,0.0,0
15m,1761191100.0,2.3778,2.3807,2.3754,2.3793,131769.28,0.0,0.0,0
15m,1761192000.0,2.3793,2.3827,2.377,2.3781,188056.57,0.0,0.0,0
15m,1761192900.0,2.3781,2.3852,2.3773,2.3837,324647.98,0.0,0.0,0
15m,1761193800.0,2.3837,2.3906,2.3803,2.3886,401043.88,0.0,0.0,0
15m,1761194700.0,2.3886,2.3894,2.3843,2.3853,267077.79,0.0,0.0,0
15m,1761195600.0,2.3853,2.3938,2.3852,2.3921,270131.09,0.0,0.0,0
15m,1761196500.0,2.3921,2.3922,2.3884,2.3904,163890.2,0.0,0.0,0
15m,1761197400.0,2.3904,2.3911,2.3884,2.3884,357556.9,0.0,0.0,0
15m,1761198300.0,2.3884,2.3955,2.3873,2.3944,276819.8,0.0,0.0,0
15m,1761199200.0,2.3944,2.398,2.3935,2.398,386243.79,0.0,0.0,0
15m,1761200100.0,2.398,2.417,2.398,2.41,1310485.54,0.0,0.0,0
15m,1761201000.0,2.41,2.4147,2.4084,2.4124,307674.65,0.0,0.0,0
15m,1761201900.0,2.4124,2.4193,2.4122,2.4169,605257.83,0.0,0.0,0
15m,1761202800.0,2.4169,2.4179,2.4071,2.4076,494699.58,0.0,0.0,0
15m,1761203700.0,2.4076,2.4101,2.4021,2.4057,412832.74,0.0,0.0,0
15m,1761204600.0,2.4057,2.4096,2.4021,2.4052,240345.42,0.0,0.0,0
15m,1761205500.0,2.4052,2.4105,2.4052,2.4076,490897.05,0.0,0.0,0
15m,1761206400.0,2.4076,2.4159,2.4076,2.4146,426304.76,0.0,0.0,0
15m,1761207300.0,2.4146,2.4173,2.4107,2.4151,367400.59,0.0,0.0,0
15m,1761208200.0,2.4151,2.4159,2.4108,2.4149,298488.85,0.0,0.0,0
15m,1761209100.0,2.4149,2.4178,2.4118,2.4146,234026.69,0.0,0.0,0
15m,1761210000.0,2.4146,2.4156,2.4081,2.4091,342201.8,0.0,0.0,0
15m,1761210900.0,2.4091,2.413,2.4081,2.4113,187949.45,0.0,0.0,0
15m,1761211800.0,2.4113,2.4113,2.4076,2.4099,186844.38,0.0,0.0,0
15m,1761212700.0,2.4099,2.4125,2.4069,2.4115,264719.74,0.0,0.0,0
15m,1761213600.0,2.4115,2.4138,2.4086,2.4106,218487.46,0.0,0.0,0
15m,1761214500.0,2.4106,2.4149,2.4106,2.4122,197409.16,0.0,0.0,0
15m,1761215400.0,2.4122,2.4146,2.4098,2.4137,351999.74,0.0,0.0,0
15m,1761216300.0,2.4137,2.4146,2.4106,2.4106,220977.04,0.0,0.0,0
15m,1761217200.0,2.4106,2.4106,2.4028,2.4033,262863.31,0.0,0.0,0
15m,1761218100.0,2.4033,2.4058,2.3996,2.4021,379347.96,0.0,0.0,0
15m,1761219000.0,2.4021,2.4025,2.3936,2.3957,492210.48,0.0,0.0,0
15m,1761219900.0,2.3957,2.3959,2.3902,2.3913,389829.13,0.0,0.0,0
15m,1761220800.0,2.3913,2.3913,2.375,2.38,1582488.19,0.0,0.0,0
15m,1761221700.0,2.38,2.3879,2.3782,2.3848,1137210.76,0.0,0.0,0
15m,1761222600.0,2.3848,2.3863,2.3787,2.386,616230.32,0.0,0.0,0
15m,1761223500.0,2.386,2.3899,2.3829,2.3895,449818.2,0.0,0.0,0
15m,1761224400.0,2.3895,2.3931,2.3813,2.3926,463307.42,0.0,0.0,0
15m,1761225300.0,2.3926,2.3999,2.3921,2.3983,516208.19,0.0,0.0,0
15m,1761226200.0,2.3983,2.4114,2.3959,2.3999,1852160.93,0.0,0.0,0
15m,1761227100.0,2.3999,2.4044,2.3951,2.3984,607012.99,0.0,0.0,0
15m,1761228000.0,2.3984,2.4007,2.384,2.3857,505456.07,0.0,0.0,0
15m,1761228900.0,2.3857,2.3973,2.3819,2.3924,599355.99,0.0,0.0,0
15m,1761229800.0,2.3924,2.4058,2.3909,2.4001,380909.74,0.0,0.0,0
15m,1761230700.0,2.4001,2.4046,2.3974,2.4024,229051.39,0.0,0.0,0
15m,1761231600.0,2.4024,2.4186,2.3988,2.4123,581880.7,0.0,0.0,0
15m,1761232500.0,2.4123,2.4147,2.4019,2.4109,324353.41,0.0,0.0,0
15m,1761233400.0,2.4109,2.4193,2.4054,2.4076,355346.78,0.0,0.0,0
15m,1761234300.0,2.4076,2.4151,2.406,2.4081,492541.38,0.0,0.0,0
15m,1761235200.0,2.4081,2.412,2.4021,2.4069,349518.69,0.0,0.0,0
15m,1761236100.0,2.4069,2.4096,2.3957,2.3972,455106.08,0.0,0.0,0
15m,1761237000.0,2.3972,2.4005,2.3927,2.3963,306574.3,0.0,0.0,0
15m,1761237900.0,2.3963,2.4168,2.3963,2.4108,601498.55,0.0,0.0,0
15m,1761238800.0,2.4108,2.4113,2.3963,2.3993,692245.17,0.0,0.0,0
15m,1761239700.0,2.3993,2.4048,2.3978,2.4018,353734.9,0.0,0.0,0
15m,1761240600.0,2.4018,2.422,2.4014,2.4156,1071741.96,0.0,0.0,0
15m,1761241500.0,2.4156,2.4263,2.4156,2.4213,440416.68,0.0,0.0,0
15m,1761242400.0,2.4213,2.4224,2.4093,2.4098,299546.39,0.0,0.0,0
15m,1761243300.0,2.4098,2.4112,2.404,2.4056,482257.56,0.0,0.0,0
15m,1761244200.0,2.4056,2.4057,2.4001,2.4038,253865.5,0.0,0.0,0
15m,1761245100.0,2.4038,2.4061,2.3986,2.4024,151669.35,0.0,0.0,0
15m,1761246000.0,2.4024,2.4031,2.392,2.3991,257088.75,0.0,0.0,0
15m,1761246900.0,2.3991,2.406,2.3938,2.4051,140353.52,0.0,0.0,0
15m,1761247800.0,2.4051,2.4079,2.3997,2.4051,166933.87,0.0,0.0,0
15m,1761248700.0,2.4051,2.4104,2.4036,2.4068,385526.53,0.0,0.0,0
15m,1761249600.0,2.4068,2.4068,2.3922,2.4001,344208.35,0.0,0.0,0
15m,1761250500.0,2.4001,2.4013,2.3978,2.401,48737.63,0.0,0.0,0
15m,1761251400.0,2.401,2.4043,2.3965,2.3985,91608.68,0.0,0.0,0
15m,1761252300.0,2.3985,2.4008,2.3777,2.385,704276.74,0.0,0.0,0
15m,1761253200.0,2.385,2.3916,2.381,2.3849,380648.27,0.0,0.0,0
15m,1761254100.0,2.3849,2.388,2.3832,2.385,87673.43,0.0,0.0,0
15m,1761255000.0,2.385,2.387,2.3813,2.3859,233950.36,0.0,0.0,0
15m,1761255900.0,2.3859,2.3875,2.3851,2.3865,73942.97,0.0,0.0,0
15m,1761256800.0,2.3865,2.3892,2.3819,2.3878,488436.68,0.0,0.0,0
15m,1761257700.0,2.3878,2.3912,2.3852,2.3904,254046.67,0.0,0.0,0
15m,1761258600.0,2.3904,2.3992,2.3904,2.3931,673830.91,0.0,0.0,0
15m,1761259500.0,2.3931,2.3979,2.3923,2.3965,392286.5,0.0,0.0,0
15m,1761260400.0,2.3965,2.3966,2.3898,2.394,392823.73,0.0,0.0,0
15m,1761261300.0,2.394,2.3972,2.3909,2.3953,238661.13,0.0,0.0,0
15m,1761262200.0,2.3953,2.3964,2.3925,2.3928,100757.5,0.0,0.0,0
15m,1761263100.0,2.3928,2.3959,2.391,2.3949,152315.21,0.0,0.0,0
15m,1761264000.0,2.3949,2.3955,2.3874,2.3923,248598.5,0.0,0.0,0
15m,1761264900.0,2.3923,2.3948,2.3876,2.3891,202030.04,0.0,0.0,0
15m,1761265800.0,2.3891,2.397,2.3889,2.395,156736.47,0.0,0.0,0
15m,1761266700.0,2.395,2.4038,2.395,2.3974,242530.41,0.0,0.0,0
15m,1761267600.0,2.3974,2.4017,2.3944,2.3964,250808.96,0.0,0.0,0
15m,1761268500.0,2.3964,2.3974,2.388,2.3897,235005.16,0.0,0.0,0
15m,1761269400.0,2.3897,2.3935,2.3866,2.3935,371137.3,0.0,0.0,0
15m,1761270300.0,2.3935,2.3982,2.3932,2.3972,255544.6,0.0,0.0,0
15m,1761271200.0,2.3972,2.3973,2.3938,2.3958,193642.58,0.0,0.0,0
15m,1761272100.0,2.3958,2.3981,2.3907,2.396,197866.93,0.0,0.0,0
15m,1761273000.0,2.396,2.4015,2.394,2.4009,360982.85,0.0,0.0,0
15m,1761273900.0,2.4009,2.4064,2.4003,2.4041,436197.47,0.0,0.0,0
15m,1761274800.0,2.4041,2.406,2.4013,2.4024,308763.95,0.0,0.0,0
15m,1761275700.0,2.4024,2.4098,2.3999,2.4073,266461.89,0.0,0.0,0
15m,1761276600.0,2.4073,2.4079,2.4014,2.4059,332174.37,0.0,0.0,0
15m,1761277500.0,2.4059,2.4092,2.4037,2.4065,401574.08,0.0,0.0,0
15m,1761278400.0,2.4065,2.4128,2.4039,2.4115,340238.77,0.0,0.0,0
15m,1761279300.0,2.4115,2.4186,2.4081,2.4174,424315.44,0.0,0.0,0
15m,1761280200.0,2.4174,2.432,2.4174,2.4266,764364.53,0.0,0.0,0
15m,1761281100.0,2.4266,2.4338,2.4251,2.4296,427149.86,0.0,0.0,0
15m,1761282000.0,2.4296,2.4335,2.4272,2.4305,599313.88,0.0,0.0,0
15m,1761282900.0,2.4305,2.4412,2.4305,2.4391,503827.78,0.0,0.0,0
15m,1761283800.0,2.4391,2.445,2.4352,2.44,721768.78,0.0,0.0,0
15m,1761284700.0,2.44,2.445,2.4382,2.4419,523506.03,0.0,0.0,0
15m,1761285600.0,2.4419,2.4443,2.437,2.4374,600324.54,0.0,0.0,0
15m,1761286500.0,2.4374,2.4404,2.4332,2.4387,475898.49,0.0,0.0,0
15m,1761287400.0,2.4387,2.4411,2.4375,2.4409,269231.05,0.0,0.0,0
15m,1761288300.0,2.4409,2.4488,2.4387,2.4455,680630.54,0.0,0.0,0
15m,1761289200.0,2.4455,2.4472,2.4391,2.4394,501878.82,0.0,0.0,0
15m,1761290100.0,2.4394,2.4425,2.4377,2.4422,317710.79,0.0,0.0,0
15m,1761291000.0,2.4422,2.4427,2.4328,2.4357,595056.89,0.0,0.0,0
15m,1761291900.0,2.4357,2.4406,2.4291,2.4405,512158.3,0.0,0.0,0
15m,1761292800.0,2.4405,2.4471,2.4348,2.4445,535344.74,0.0,0.0,0
15m,1761293700.0,2.4445,2.4469,2.4411,2.4411,379642.27,0.0,0.0,0
15m,1761294600.0,2.4411,2.4547,2.4387,2.4547,518106.05,0.0,0.0,0
15m,1761295500.0,2.4547,2.4549,2.4488,2.4506,448526.95,0.0,0.0,0
15m,1761296400.0,2.4506,2.4571,2.4487,2.4553,380458.73,0.0,0.0,0
15m,1761297300.0,2.4553,2.4628,2.4536,2.4607,403347.76,0.0,0.0,0
15m,1761298200.0,2.4607,2.4644,2.4554,2.4579,430672.98,0.0,0.0,0
15m,1761299100.0,2.4579,2.4602,2.4523,2.4551,330675.64,0.0,0.0,0
15m,1761300000.0,2.4551,2.4604,2.4529,2.4565,428275.22,0.0,0.0,0
15m,1761300900.0,2.4565,2.4565,2.4456,2.4484,409077.67,0.0,0.0,0
15m,1761301800.0,2.4484,2.4531,2.4483,2.4524,283873.0,0.0,0.0,0
15m,1761302700.0,2.4524,2.4542,2.4477,2.4486,251603.48,0.0,0.0,0
15m,1761303600.0,2.4486,2.4501,2.4464,2.4491,264681.57,0.0,0.0,0
15m,1761304500.0,2.4491,2.451,2.4386,2.4429,492367.32,0.0,0.0,0
15m,1761305400.0,2.4429,2.4463,2.4338,2.4454,444061.94,0.0,0.0,0
15m,1761306300.0,2.4454,2.4565,2.444,2.4558,259710.05,0.0,0.0,0
15m,1761307200.0,2.4558,2.4659,2.4558,2.4651,323902.46,0.0,0.0,0
15m,1761308100.0,2.4651,2.466,2.4586,2.4598,682801.75,0.0,0.0,0
15m,1761309000.0,2.4598,2.5012,2.4574,2.4838,3694604.27,0.0,0.0,0
15m,1761309900.0,2.4838,2.485,2.4709,2.4805,600322.13,0.0,0.0,0
15m,1761310800.0,2.4805,2.4896,2.4744,2.4873,464041.91,0.0,0.0,0
15m,1761311700.0,2.4873,2.5004,2.485,2.4962,1122854.69,0.0,0.0,0
15m,1761312600.0,2.4962,2.5114,2.4925,2.497,1452744.39,0.0,0.0,0
15m,1761313500.0,2.497,2.5149,2.4823,2.514,1595264.08,0.0,0.0,0
15m,1761314400.0,2.514,2.514,2.4923,2.4958,1459683.94,0.0,0.0,0
15m,1761315300.0,2.4958,2.4973,2.473,2.4802,1362160.03,0.0,0.0,0
15m,1761316200.0,2.4802,2.484,2.4699,2.4821,768506.05,0.0,0.0,0
15m,1761317100.0,2.4821,2.4834,2.4691,2.4748,904126.64,0.0,0.0,0
15m,1761318000.0,2.4748,2.4892,2.4698,2.4853,783639.86,0.0,0.0,0
15m,1761318900.0,2.4853,2.4999,2.4847,2.4897,1157328.37,0.0,0.0,0
15m,1761319800.0,2.4897,2.4904,2.4779,2.4809,518761.09,0.0,0.0,0
15m,1761320700.0,2.4809,2.4809,2.4727,2.4792,641598.53,0.0,0.0,0
15m,1761321600.0,2.4792,2.4839,2.4714,2.4806,508024.0,0.0,0.0,0
15m,1761322500.0,2.4806,2.4881,2.4713,2.4755,654169.18,0.0,0.0,0
15m,1761323400.0,2.4755,2.4755,2.4603,2.464,476273.01,0.0,0.0,0
15m,1761324300.0,2.464,2.4795,2.4625,2.4795,264726.91,0.0,0.0,0
15m,1761325200.0,2.4795,2.4893,2.4785,2.482,342997.03,0.0,0.0,0
15m,1761326100.0,2.482,2.4904,2.4811,2.4898,272881.08,0.0,0.0,0
15m,1761327000.0,2.4898,2.4898,2.4831,2.4834,218576.95,0.0,0.0,0
15m,1761327900.0,2.4834,2.487,2.4742,2.4743,246137.54,0.0,0.0,0
15m,1761328800.0,2.4743,2.4785,2.4713,2.4766,611917.72,0.0,0.0,0
15m,1761329700.0,2.4766,2.4811,2.475,2.4782,524239.58,0.0,0.0,0
15m,1761330600.0,2.4782,2.4842,2.4727,2.4779,660830.26,0.0,0.0,0
15m,1761331500.0,2.4779,2.4926,2.4762,2.4908,762715.67,0.0,0.0,0
15m,1761332400.0,2.4908,2.5112,2.4904,2.502,1310117.26,0.0,0.0,0
15m,1761333300.0,2.502,2.5058,2.4973,2.5019,456631.56,0.0,0.0,0
15m,1761334200.0,2.5019,2.5047,2.4952,2.5021,564582.54,0.0,0.0,0
15m,1761335100.0,2.5021,2.5129,2.497,2.5004,1444147.86,0.0,0.0,0
15m,1761336000.0,2.5004,2.5104,2.4985,2.5079,744219.18,0.0,0.0,0
15m,1761336900.0,2.5079,2.5118,2.5052,2.5061,308590.18,0.0,0.0,0
15m,1761337800.0,2.5061,2.5103,2.5001,2.5051,470094.62,0.0,0.0,0
15m,1761338700.0,2.5051,2.5149,2.5035,2.5137,699448.17,0.0,0.0,0
15m,1761339600.0,2.5137,2.515,2.4979,2.4984,474507.52,0.0,0.0,0
15m,1761340500.0,2.4984,2.508,2.4965,2.4997,273238.0,0.0,0.0,0
15m,1761341400.0,2.4997,2.5068,2.4997,2.5068,209071.35,0.0,0.0,0
15m,1761342300.0,2.5068,2.5094,2.5051,2.5072,169694.76,0.0,0.0,0
15m,1761343200.0,2.5072,2.5072,2.4973,2.4998,244715.74,0.0,0.0,0
15m,1761344100.0,2.4998,2.5033,2.4982,2.5028,177094.46,0.0,0.0,0
15m,1761345000.0,2.5028,2.5139,2.5014,2.5094,462228.46,0.0,0.0,0
15m,1761345900.0,2.5094,2.5118,2.507,2.5108,248969.85,0.0,0.0,0
15m,1761346800.0,2.5108,2.5108,2.505,2.5068,245849.87,0.0,0.0,0
15m,1761347700.0,2.5068,2.5099,2.5023,2.5081,272058.42,0.0,0.0,0
15m,1761348600.0,2.5081,2.5095,2.5019,2.5029,141583.59,0.0,0.0,0
15m,1761349500.0,2.5029,2.5111,2.5027,2.5107,187192.15,0.0,0.0,0
15m,1761350400.0,2.5107,2.5114,2.505,2.5086,578967.26,0.0,0.0,0
15m,1761351300.0,2.5086,2.5137,2.5028,2.5114,382444.61,0.0,0.0,0
15m,1761352200.0,2.5114,2.5246,2.5064,2.5214,1131046.86,0.0,0.0,0
15m,1761353100.0,2.5214,2.5382,2.5155,2.5255,1310101.33,0.0,0.0,0
15m,1761354000.0,2.5255,2.5415,2.5208,2.5407,597185.23,0.0,0.0,0
15m,1761354900.0,2.5407,2.5571,2.5307,2.5557,1845637.35,0.0,0.0,0
15m,1761355800.0,2.5557,2.5609,2.5369,2.5376,1219633.64,0.0,0.0,0
15m,1761356700.0,2.5376,2.5469,2.5366,2.5464,329557.53,0.0,0.0,0
15m,1761357600.0,2.5464,2.5516,2.5404,2.5412,339963.45,0.0,0.0,0
15m,1761358500.0,2.5412,2.5495,2.5408,2.5413,466729.87,0.0,0.0,0
15m,1761359400.0,2.5413,2.5446,2.5369,2.538,253438.46,0.0,0.0,0
15m,1761360300.0,2.538,2.5487,2.5365,2.5467,426136.91,0.0,0.0,0
15m,1761361200.0,2.5467,2.5479,2.5324,2.5378,522400.79,0.0,0.0,0
15m,1761362100.0,2.5378,2.543,2.5333,2.5345,337904.69,0.0,0.0,0
15m,1761363000.0,2.5345,2.5386,2.5328,2.5381,169947.69,0.0,0.0,0
15m,1761363900.0,2.5381,2.5422,2.5368,2.54,296107.96,0.0,0.0,0
15m,1761364800.0,2.54,2.5559,2.5398,2.5559,543110.81,0.0,0.0,0
15m,1761365700.0,2.5559,2.5687,2.5529,2.5597,751740.03,0.0,0.0,0
15m,1761366600.0,2.5597,2.564,2.5482,2.5536,565666.98,0.0,0.0,0
15m,1761367500.0,2.5536,2.5708,2.5521,2.5605,1161434.2,0.0,0.0,0
15m,1761368400.0,2.5605,2.5659,2.5494,2.5539,412173.05,0.0,0.0,0
15m,1761369300.0,2.5539,2.5638,2.5499,2.5613,454519.47,0.0,0.0,0
15m,1761370200.0,2.5613,2.564,2.5581,2.5612,547278.35,0.0,0.0,0
15m,1761371100.0,2.5612,2.563,2.5527,2.5573,184599.28,0.0,0.0,0
15m,1761372000.0,2.5573,2.5622,2.5483,2.5532,366964.91,0.0,0.0,0
15m,1761372900.0,2.5532,2.5572,2.5501,2.5515,191706.9,0.0,0.0,0
15m,1761373800.0,2.5515,2.5515,2.5397,2.5411,424288.48,0.0,0.0,0
15m,1761374700.0,2.5411,2.5424,2.5371,2.5384,269061.74,0.0,0.0,0
15m,1761375600.0,2.5384,2.5424,2.5377,2.5418,310741.78,0.0,0.0,0
15m,1761376500.0,2.5418,2.5476,2.5418,2.5445,629426.55,0.0,0.0,0
15m,1761377400.0,2.5445,2.5515,2.5406,2.5445,831182.52,0.0,0.0,0
15m,1761378300.0,2.5445,2.5457,2.5406,2.5425,257349.44,0.0,0.0,0
15m,1761379200.0,2.5425,2.5466,2.5413,2.5453,389733.69,0.0,0.0,0
15m,1761380100.0,2.5453,2.5536,2.5451,2.5523,304543.2,0.0,0.0,0
15m,1761381000.0,2.5523,2.5525,2.5425,2.5439,226592.56,0.0,0.0,0
15m,1761381900.0,2.5439,2.5478,2.543,2.5445,277550.89,0.0,0.0,0
15m,1761382800.0,2.5445,2.5473,2.5416,2.5461,372198.07,0.0,0.0,0
15m,1761383700.0,2.5461,2.5461,2.5401,2.5412,175210.63,0.0,0.0,0
15m,1761384600.0,2.5412,2.5464,2.5399,2.545,138509.33,0.0,0.0,0
15m,1761385500.0,2.545,2.545,2.5347,2.5399,622799.97,0.0,0.0,0
15m,1761386400.0,2.5399,2.5427,2.5329,2.5335,259954.83,0.0,0.0,0
15m,1761387300.0,2.5335,2.5357,2.5281,2.5297,453594.09,0.0,0.0,0
15m,1761388200.0,2.5297,2.5459,2.5291,2.544,404845.17,0.0,0.0,0
15m,1761389100.0,2.544,2.5622,2.544,2.551,945155.36,0.0,0.0,0
15m,1761390000.0,2.551,2.5584,2.5491,2.5535,414651.95,0.0,0.0,0
15m,1761390900.0,2.5535,2.566,2.5535,2.5648,478042.0,0.0,0.0,0
15m,1761391800.0,2.5648,2.5649,2.557,2.5602,412018.48,0.0,0.0,0
15m,1761392700.0,2.5602,2.5709,2.5562,2.564,922094.69,0.0,0.0,0
15m,1761393600.0,2.564,2.5672,2.5608,2.5648,230209.53,0.0,0.0,0
15m,1761394500.0,2.5648,2.5706,2.56,2.5682,470567.31,0.0,0.0,0
15m,1761395400.0,2.5682,2.5863,2.5663,2.5746,1654720.91,0.0,0.0,0
15m,1761396300.0,2.5746,2.5853,2.5739,2.5795,636795.31,0.0,0.0,0
15m,1761397200.0,2.5795,2.5844,2.5727,2.5732,551449.17,0.0,0.0,0
15m,1761398100.0,2.5732,2.5847,2.5714,2.5821,501720.79,0.0,0.0,0
15m,1761399000.0,2.5821,2.5827,2.5746,2.5791,388853.61,0.0,0.0,0
15m,1761399900.0,2.5791,2.6005,2.5786,2.5975,1138641.64,0.0,0.0,0
15m,1761400800.0,2.5975,2.6067,2.5912,2.6026,759926.19,0.0,0.0,0
15m,1761401700.0,2.6026,2.608,2.5955,2.5992,688947.88,0.0,0.0,0
15m,1761402600.0,2.5992,2.6202,2.5962,2.6138,1028369.45,0.0,0.0,0
15m,1761403500.0,2.6138,2.6174,2.6046,2.6129,576815.7,0.0,0.0,0
15m,1761404400.0,2.6129,2.613,2.6006,2.6069,571747.51,0.0,0.0,0
15m,1761405300.0,2.6069,2.6135,2.6053,2.6093,350472.25,0.0,0.0,0
15m,1761406200.0,2.6093,2.6103,2.6016,2.6037,453099.93,0.0,0.0,0
15m,1761407100.0,2.6037,2.6068,2.595,2.5973,694779.94,0.0,0.0,0
15m,1761408000.0,2.5973,2.6052,2.5967,2.6016,866773.68,0.0,0.0,0
15m,1761408900.0,2.6016,2.6066,2.5926,2.5941,357009.22,0.0,0.0,0
15m,1761409800.0,2.5941,2.5979,2.5929,2.595,218294.15,0.0,0.0,0
15m,1761410700.0,2.595,2.595,2.5882,2.5899,488317.81,0.0,0.0,0
15m,1761411600.0,2.5899,2.597,2.5888,2.5949,265889.16,0.0,0.0,0
15m,1761412500.0,2.5949,2.5961,2.5918,2.5927,189102.51,0.0,0.0,0
15m,1761413400.0,2.5927,2.5968,2.5917,2.5967,198094.41,0.0,0.0,0
15m,1761414300.0,2.5967,2.6001,2.5953,2.5986,149832.62,0.0,0.0,0
15m,1761415200.0,2.5986,2.6036,2.5951,2.5999,376072.12,0.0,0.0,0
15m,1761416100.0,2.5999,2.6095,2.599,2.6095,175076.28,0.0,0.0,0
15m,1761417000.0,2.6095,2.6239,2.6072,2.6237,681186.71,0.0,0.0,0
15m,1761417900.0,2.6237,2.6453,2.6237,2.6421,1571087.84,0.0,0.0,0
15m,1761418800.0,2.6421,2.6542,2.6341,2.6351,1125393.34,0.0,0.0,0
15m,1761419700.0,2.6351,2.6355,2.6215,2.6216,876142.37,0.0,0.0,0
15m,1761420600.0,2.6216,2.6217,2.6144,2.615,520485.61,0.0,0.0,0
15m,1761421500.0,2.615,2.615,2.6046,2.6052,212903.67,0.0,0.0,0
15m,1761422400.0,2.6052,2.6166,2.6051,2.6125,581193.85,0.0,0.0,0
15m,1761423300.0,2.6125,2.6181,2.6119,2.6159,258927.23,0.0,0.0,0
15m,1761424200.0,2.6159,2.617,2.6028,2.6059,321159.53,0.0,0.0,0
15m,1761425100.0,2.6059,2.6126,2.598,2.6014,308446.5,0.0,0.0,0
15m,1761426000.0,2.6014,2.6053,2.6002,2.6027,174739.24,0.0,0.0,0
15m,1761426900.0,2.6027,2.608,2.6012,2.6067,158937.56,0.0,0.0,0
15m,1761427800.0,2.6067,2.6076,2.5975,2.5976,131065.98,0.0,0.0,0
15m,1761428700.0,2.5976,2.6009,2.5931,2.5976,214799.13,0.0,0.0,0
15m,1761429600.0,2.5976,2.5976,2.5888,2.592,200121.36,0.0,0.0,0
15m,1761430500.0,2.592,2.5968,2.5917,2.5943,106383.16,0.0,0.0,0
15m,1761431400.0,2.5943,2.5969,2.5931,2.5942,138941.95,0.0,0.0,0
15m,1761432300.0,2.5942,2.6035,2.5927,2.6011,279307.28,0.0,0.0,0
15m,1761433200.0,2.6011,2.6011,2.5936,2.5977,208766.56,0.0,0.0,0
15m,1761434100.0,2.5977,2.6012,2.5942,2.6005,110034.77,0.0,0.0,0
15m,1761435000.0,2.6005,2.6016,2.5949,2.5953,169218.99,0.0,0.0,0
15m,1761435900.0,2.5953,2.5985,2.5913,2.5962,246882.55,0.0,0.0,0
15m,1761436800.0,2.5962,2.6111,2.5923,2.6108,508809.25,0.0,0.0,0
15m,1761437700.0,2.6108,2.6227,2.6066,2.6216,473498.59,0.0,0.0,0
15m,1761438600.0,2.6216,2.6253,2.6142,2.6201,571776.03,0.0,0.0,0
15m,1761439500.0,2.6201,2.6278,2.6133,2.6185,475668.18,0.0,0.0,0
15m,1761440400.0,2.6185,2.6285,2.617,2.6193,737491.0,0.0,0.0,0
15m,1761441300.0,2.6193,2.6202,2.609,2.6109,220661.58,0.0,0.0,0
15m,1761442200.0,2.6109,2.6226,2.6071,2.6184,150317.73,0.0,0.0,0
15m,1761443100.0,2.6184,2.6213,2.6093,2.618,374510.29,0.0,0.0,0
15m,1761444000.0,2.618,2.618,2.6059,2.6153,270106.7,0.0,0.0,0
15m,1761444900.0,2.6153,2.6158,2.6088,2.6126,155113.2,0.0,0.0,0
15m,1761445800.0,2.6126,2.6131,2.6041,2.6088,137290.69,0.0,0.0,0
15m,1761446700.0,2.6088,2.6093,2.5947,2.5972,573820.9,0.0,0.0,0
15m,1761447600.0,2.5972,2.6033,2.5948,2.6014,202179.54,0.0,0.0,0
15m,1761448500.0,2.6014,2.614,2.5982,2.6116,229307.91,0.0,0.0,0
15m,1761449400.0,2.6116,2.6134,2.6028,2.6037,195294.73,0.0,0.0,0
15m,1761450300.0,2.6037,2.6037,2.599,2.6017,199478.43,0.0,0.0,0
15m,1761451200.0,2.6017,2.6087,2.5995,2.6086,137753.46,0.0,0.0,0
15m,1761452100.0,2.6086,2.6119,2.6039,2.6108,284808.81,0.0,0.0,0
15m,1761453000.0,2.6108,2.6175,2.6104,2.6129,456125.52,0.0,0.0,0
15m,1761453900.0,2.6129,2.6133,2.6089,2.6106,205874.7,0.0,0.0,0
15m,1761454800.0,2.6106,2.6106,2.6056,2.6088,165603.1,0.0,0.0,0
15m,1761455700.0,2.6088,2.6143,2.6074,2.6132,151315.81,0.0,0.0,0
15m,1761456600.0,2.6132,2.6176,2.6132,2.617,162412.37,0.0,0.0,0
15m,1761457500.0,2.617,2.6187,2.6118,2.6145,379445.08,0.0,0.0,0
15m,1761458400.0,2.6145,2.6172,2.6115,2.613,185324.98,0.0,0.0,0
15m,1761459300.0,2.613,2.6208,2.6114,2.6206,295456.96,0.0,0.0,0
15m,1761460200.0,2.6206,2.6224,2.6178,2.6204,220763.27,0.0,0.0,0
15m,1761461100.0,2.6204,2.6269,2.6186,2.6265,248163.92,0.0,0.0,0
15m,1761462000.0,2.6265,2.6266,2.6221,2.6247,284251.82,0.0,0.0,0
15m,1761462900.0,2.6247,2.6263,2.6195,2.6237,354523.45,0.0,0.0,0
15m,1761463800.0,2.6237,2.6243,2.6193,2.6213,183284.2,0.0,0.0,0
15m,1761464700.0,2.6213,2.6261,2.6213,2.6241,152241.24,0.0,0.0,0
15m,1761465600.0,2.6241,2.6257,2.6196,2.6197,201123.89,0.0,0.0,0
15m,1761466500.0,2.6197,2.6297,2.6175,2.6295,269384.87,0.0,0.0,0
15m,1761467400.0,2.6295,2.6382,2.6245,2.6355,479706.13,0.0,0.0,0
15m,1761468300.0,2.6355,2.6363,2.6315,2.6327,216001.27,0.0,0.0,0
15m,1761469200.0,2.6327,2.6442,2.6327,2.6405,473756.59,0.0,0.0,0
15m,1761470100.0,2.6405,2.6606,2.6401,2.6587,1251713.3,0.0,0.0,0
15m,1761471000.0,2.6587,2.6623,2.6494,2.6516,1221947.94,0.0,0.0,0
15m,1761471900.0,2.6516,2.652,2.6399,2.6467,637334.71,0.0,0.0,0
15m,1761472800.0,2.6467,2.6476,2.6337,2.6377,430972.79,0.0,0.0,0
15m,1761473700.0,2.6377,2.6428,2.6337,2.6366,242650.07,0.0,0.0,0
15m,1761474600.0,2.6366,2.6366,2.6274,2.6315,329096.01,0.0,0.0,0
15m,1761475500.0,2.6315,2.6322,2.6281,2.6301,222833.77,0.0,0.0,0
15m,1761476400.0,2.6301,2.6328,2.6192,2.6255,368151.26,0.0,0.0,0
15m,1761477300.0,2.6255,2.6342,2.6249,2.6336,316155.27,0.0,0.0,0
15m,1761478200.0,2.6336,2.6511,2.6321,2.6489,675506.21,0.0,0.0,0
15m,1761479100.0,2.6489,2.6532,2.6413,2.6468,648337.22,0.0,0.0,0
15m,1761480000.0,2.6468,2.6565,2.6441,2.6491,642938.12,0.0,0.0,0
15m,1761480900.0,2.6491,2.6538,2.636,2.6408,960547.27,0.0,0.0,0
15m,1761481800.0,2.6408,2.6424,2.6331,2.634,334982.83,0.0,0.0,0
15m,1761482700.0,2.634,2.6444,2.634,2.6387,359741.3,0.0,0.0,0
15m,1761483600.0,2.6387,2.6507,2.6387,2.6479,517171.19,0.0,0.0,0
15m,1761484500.0,2.6479,2.6521,2.6417,2.648,278542.92,0.0,0.0,0
15m,1761485400.0,2.648,2.6508,2.6449,2.6467,375828.03,0.0,0.0,0
15m,1761486300.0,2.6467,2.6492,2.6393,2.6422,811687.71,0.0,0.0,0
15m,1761487200.0,2.6422,2.6422,2.6366,2.6393,212767.38,0.0,0.0,0
15m,1761488100.0,2.6393,2.6401,2.6278,2.6325,782423.61,0.0,0.0,0
15m,1761489000.0,2.6325,2.646,2.6323,2.6443,663154.39,0.0,0.0,0
15m,1761489900.0,2.6443,2.6451,2.636,2.6379,651120.68,0.0,0.0,0
15m,1761490800.0,2.6379,2.6464,2.6339,2.6428,482086.75,0.0,0.0,0
15m,1761491700.0,2.6428,2.6458,2.6372,2.6422,306759.28,0.0,0.0,0
15m,1761492600.0,2.6422,2.6466,2.6392,2.6407,393269.63,0.0,0.0,0
15m,1761493500.0,2.6407,2.6427,2.6372,2.6411,241001.79,0.0,0.0,0
15m,1761494400.0,2.6411,2.6416,2.6335,2.6365,534186.95,0.0,0.0,0
15m,1761495300.0,2.6365,2.6368,2.625,2.6252,536857.27,0.0,0.0,0
15m,1761496200.0,2.6252,2.6296,2.6205,2.6296,321841.92,0.0,0.0,0
15m,1761497100.0,2.6296,2.6298,2.6248,2.6272,229904.41,0.0,0.0,0
15m,1761498000.0,2.6272,2.629,2.6253,2.6268,230205.71,0.0,0.0,0
15m,1761498900.0,2.6268,2.6296,2.6261,2.6261,179869.95,0.0,0.0,0
15m,1761499800.0,2.6261,2.6285,2.624,2.6247,79267.04,0.0,0.0,0
15m,1761500700.0,2.6247,2.6247,2.6217,2.6226,132104.88,0.0,0.0,0
15m,1761501600.0,2.6226,2.629,2.6225,2.6276,263312.18,0.0,0.0,0
15m,1761502500.0,2.6276,2.634,2.6226,2.6232,681694.14,0.0,0.0,0
15m,1761503400.0,2.6232,2.6286,2.622,2.6249,200996.32,0.0,0.0,0
15m,1761504300.0,2.6249,2.6269,2.62,2.6201,347112.63,0.0,0.0,0
15m,1761505200.0,2.6201,2.6203,2.6115,2.6154,633069.51,0.0,0.0,0
15m,1761506100.0,2.6154,2.6159,2.6092,2.612,587695.95,0.0,0.0,0
15m,1761507000.0,2.612,2.6152,2.6092,2.6143,611341.71,0.0,0.0,0
15m,1761507900.0,2.6143,2.6153,2.6098,2.6146,713248.27,0.0,0.0,0
15m,1761508800.0,2.6146,2.6154,2.6104,2.6113,285191.67,0.0,0.0,0
15m,1761509700.0,2.6113,2.6122,2.5985,2.6057,905838.62,0.0,0.0,0
15m,1761510600.0,2.6057,2.6163,2.6057,2.6156,402395.51,0.0,0.0,0
15m,1761511500.0,2.6156,2.6165,2.609,2.6115,427057.28,0.0,0.0,0
15m,1761512400.0,2.6115,2.6267,2.6111,2.6253,879732.58,0.0,0.0,0
15m,1761513300.0,2.6253,2.6253,2.6114,2.6144,501796.24,0.0,0.0,0
15m,1761514200.0,2.6144,2.6299,2.6107,2.6206,879526.62,0.0,0.0,0
15m,1761515100.0,2.6206,2.6243,2.618,2.6195,273639.33,0.0,0.0,0
15m,1761516000.0,2.6195,2.6638,2.6195,2.6446,1753090.19,0.0,0.0,0
15m,1761516900.0,2.6446,2.6461,2.6303,2.6421,825698.63,0.0,0.0,0
15m,1761517800.0,2.6421,2.6479,2.6389,2.6433,459083.76,0.0,0.0,0
15m,1761518700.0,2.6433,2.6603,2.6432,2.6527,848929.48,0.0,0.0,0
15m,1761519600.0,2.6527,2.6618,2.6503,2.6548,524326.59,0.0,0.0,0
15m,1761520500.0,2.6548,2.6603,2.6508,2.6525,420619.83,0.0,0.0,0
15m,1761521400.0,2.6525,2.6587,2.6497,2.6521,378541.28,0.0,0.0,0
15m,1761522300.0,2.6521,2.6546,2.6429,2.6464,417206.14,0.0,0.0,0
15m,1761523200.0,2.6464,2.6548,2.6365,2.6521,689546.33,0.0,0.0,0
15m,1761524100.0,2.6521,2.6592,2.6486,2.6569,687242.82,0.0,0.0,0
15m,1761525000.0,2.6569,2.6671,2.655,2.6576,1201838.75,0.0,0.0,0
15m,1761525900.0,2.6576,2.6576,2.6459,2.6485,398156.03,0.0,0.0,0
15m,1761526800.0,2.6485,2.6548,2.6456,2.6546,334874.36,0.0,0.0,0
15m,1761527700.0,2.6546,2.6639,2.6505,2.6615,833830.49,0.0,0.0,0
15m,1761528600.0,2.6615,2.6699,2.6598,2.6621,667341.27,0.0,0.0,0
15m,1761529500.0,2.6621,2.6681,2.6588,2.6588,390835.48,0.0,0.0,0
15m,1761530400.0,2.6588,2.6695,2.6576,2.6628,337996.72,0.0,0.0,0
15m,1761531300.0,2.6628,2.6686,2.6527,2.6541,558047.65,0.0,0.0,0
15m,1761532200.0,2.6541,2.655,2.644,2.6536,681031.36,0.0,0.0,0
15m,1761533100.0,2.6536,2.6553,2.6425,2.6458,288642.91,0.0,0.0,0
15m,1761534000.0,2.6458,2.6483,2.6426,2.6458,381700.66,0.0,0.0,0
15m,1761534900.0,2.6458,2.6491,2.6327,2.635,535533.41,0.0,0.0,0
15m,1761535800.0,2.635,2.6372,2.6225,2.6271,879535.73,0.0,0.0,0
15m,1761536700.0,2.6271,2.6373,2.6266,2.6355,822906.9,0.0,0.0,0
15m,1761537600.0,2.6355,2.6426,2.634,2.6418,374810.41,0.0,0.0,0
15m,1761538500.0,2.6418,2.646,2.6368,2.6458,354218.65,0.0,0.0,0
15m,1761539400.0,2.6458,2.6458,2.6393,2.6439,445679.38,0.0,0.0,0
15m,1761540300.0,2.6439,2.65,2.6416,2.647,200898.63,0.0,0.0,0
15m,1761541200.0,2.647,2.6663,2.645,2.6626,498346.12,0.0,0.0,0
15m,1761542100.0,2.6626,2.6752,2.662,2.6637,1066892.72,0.0,0.0,0
15m,1761543000.0,2.6637,2.6639,2.6507,2.6526,441649.89,0.0,0.0,0
15m,1761543900.0,2.6526,2.6528,2.6416,2.6461,473046.5,0.0,0.0,0
15m,1761544800.0,2.6461,2.6468,2.6324,2.6387,913112.08,0.0,0.0,0
15m,1761545700.0,2.6387,2.6503,2.6372,2.6503,415800.08,0.0,0.0,0
15m,1761546600.0,2.6503,2.6573,2.6442,2.6502,487800.53,0.0,0.0,0
15m,1761547500.0,2.6502,2.6554,2.648,2.6513,541583.61,0.0,0.0,0
15m,1761548400.0,2.6513,2.6595,2.6442,2.6465,834450.03,0.0,0.0,0
15m,1761549300.0,2.6465,2.653,2.6452,2.648,329405.66,0.0,0.0,0
15m,1761550200.0,2.648,2.6484,2.626,2.6329,483810.39,0.0,0.0,0
15m,1761551100.0,2.6329,2.6377,2.6289,2.6303,320831.23,0.0,0.0,0
15m,1761552000.0,2.6303,2.635,2.6226,2.6228,542887.44,0.0,0.0,0
15m,1761552900.0,2.6228,2.6341,2.6129,2.6147,586431.23,0.0,0.0,0
15m,1761553800.0,2.6147,2.636,2.6147,2.6339,337752.16,0.0,0.0,0
15m,1761554700.0,2.6339,2.6357,2.6195,2.6247,769008.07,0.0,0.0,0
15m,1761555600.0,2.6247,2.6272,2.6086,2.6173,718771.29,0.0,0.0,0
15m,1761556500.0,2.6173,2.6198,2.6048,2.6106,543435.65,0.0,0.0,0
15m,1761557400.0,2.6106,2.6183,2.607,2.6164,370141.09,0.0,0.0,0
15m,1761558300.0,2.6164,2.6164,2.6087,2.6128,233335.21,0.0,0.0,0
15m,1761559200.0,2.6128,2.6179,2.6078,2.6172,285907.51,0.0,0.0,0
15m,1761560100.0,2.6172,2.6224,2.6155,2.6157,238784.26,0.0,0.0,0
15m,1761561000.0,2.6157,2.6241,2.6117,2.6227,344832.14,0.0,0.0,0
15m,1761561900.0,2.6227,2.6288,2.6221,2.6244,310931.01,0.0,0.0,0
15m,1761562800.0,2.6244,2.6331,2.624,2.6316,228429.53,0.0,0.0,0
15m,1761563700.0,2.6316,2.6341,2.6151,2.6231,375772.79,0.0,0.0,0
15m,1761564600.0,2.6231,2.6388,2.6214,2.6355,290270.79,0.0,0.0,0
15m,1761565500.0,2.6355,2.6365,2.6254,2.6261,207897.01,0.0,0.0,0
15m,1761566400.0,2.6261,2.6313,2.6202,2.6299,355092.45,0.0,0.0,0
15m,1761567300.0,2.6299,2.6299,2.6209,2.628,367969.39,0.0,0.0,0
15m,1761568200.0,2.628,2.6287,2.6173,2.6225,430975.64,0.0,0.0,0
15m,1761569100.0,2.6225,2.6326,2.6207,2.6311,363812.43,0.0,0.0,0
15m,1761570000.0,2.6311,2.6434,2.6297,2.637,667552.9,0.0,0.0,0
15m,1761570900.0,2.637,2.6406,2.6314,2.6331,275754.52,0.0,0.0,0
15m,1761571800.0,2.6331,2.642,2.6068,2.6171,797644.6,0.0,0.0,0
15m,1761572700.0,2.6171,2.6321,2.6132,2.6268,577415.09,0.0,0.0,0
15m,1761573600.0,2.6268,2.6279,2.6012,2.6107,634140.57,0.0,0.0,0
15m,1761574500.0,2.6107,2.6276,2.6024,2.6238,650680.87,0.0,0.0,0
15m,1761575400.0,2.6238,2.626,2.6134,2.6201,628981.04,0.0,0.0,0
15m,1761576300.0,2.6201,2.6283,2.6199,2.6276,795393.33,0.0,0.0,0
15m,1761577200.0,2.6276,2.6627,2.6271,2.6609,2121657.55,0.0,0.0,0
15m,1761578100.0,2.6609,2.665,2.6477,2.6618,1132388.9,0.0,0.0,0
15m,1761579000.0,2.6618,2.664,2.6544,2.6576,526315.24,0.0,0.0,0
15m,1761579900.0,2.6576,2.6627,2.6526,2.6614,417321.11,0.0,0.0,0
15m,1761580800.0,2.6614,2.6886,2.6613,2.6759,1984426.9,0.0,0.0,0
15m,1761581700.0,2.6759,2.6769,2.6656,2.669,787038.4,0.0,0.0,0
15m,1761582600.0,2.669,2.6911,2.6675,2.6811,1392106.59,0.0,0.0,0
15m,1761583500.0,2.6811,2.688,2.68,2.6856,751618.95,0.0,0.0,0
15m,1761584400.0,2.6856,2.6906,2.6829,2.6861,1178075.13,0.0,0.0,0
15m,1761585300.0,2.6861,2.6952,2.678,2.6785,975895.05,0.0,0.0,0
15m,1761586200.0,2.6785,2.6871,2.6773,2.6828,884263.45,0.0,0.0,0
15m,1761587100.0,2.6828,2.6925,2.6772,2.6917,894927.01,0.0,0.0,0
15m,1761588000.0,2.6917,2.698,2.684,2.6929,1085538.87,0.0,0.0,0
15m,1761588900.0,2.6929,2.6951,2.6798,2.6824,388146.78,0.0,0.0,0
15m,1761589800.0,2.6824,2.6955,2.6808,2.6933,600397.88,0.0,0.0,0
15m,1761590700.0,2.6933,2.695,2.6871,2.6893,500230.02,0.0,0.0,0
15m,1761591600.0,2.6893,2.6903,2.6781,2.689,657087.73,0.0,0.0,0
15m,1761592500.0,2.689,2.689,2.6739,2.674,560563.11,0.0,0.0,0
15m,1761593400.0,2.674,2.6742,2.655,2.6682,897150.74,0.0,0.0,0
15m,1761594300.0,2.6682,2.6799,2.6658,2.6695,833039.8,0.0,0.0,0
15m,1761595200.0,2.6695,2.6695,2.6447,2.6477,1239192.6,0.0,0.0,0
15m,1761596100.0,2.6477,2.6569,2.6386,2.642,564963.99,0.0,0.0,0
15m,1761597000.0,2.642,2.6473,2.6371,2.6402,576208.13,0.0,0.0,0
15m,1761597900.0,2.6402,2.6447,2.6266,2.6266,791046.03,0.0,0.0,0
15m,1761598800.0,2.6266,2.6372,2.6251,2.631,371305.95,0.0,0.0,0
15m,1761599700.0,2.631,2.6429,2.6237,2.6267,401558.65,0.0,0.0,0
15m,1761600600.0,2.6267,2.6427,2.6252,2.6406,271660.48,0.0,0.0,0
15m,1761601500.0,2.6406,2.6499,2.6328,2.6346,309142.37,0.0,0.0,0
15m,1761602400.0,2.6346,2.6488,2.6325,2.6466,364714.6,0.0,0.0,0
15m,1761603300.0,2.6466,2.6508,2.6445,2.6467,327624.47,0.0,0.0,0
15m,1761604200.0,2.6467,2.6469,2.6331,2.6335,293292.56,0.0,0.0,0
15m,1761605100.0,2.6335,2.6428,2.6309,2.6401,223409.46,0.0,0.0,0
15m,1761606000.0,2.6401,2.6424,2.6337,2.6396,314232.65,0.0,0.0,0
15m,1761606900.0,2.6396,2.6415,2.6321,2.6404,369348.14,0.0,0.0,0
15m,1761607800.0,2.6404,2.6471,2.6386,2.6396,238885.74,0.0,0.0,0
15m,1761608700.0,2.6396,2.6406,2.6304,2.6341,256769.31,0.0,0.0,0
15m,1761609600.0,2.6341,2.6407,2.6294,2.6365,187439.03,0.0,0.0,0
15m,1761610500.0,2.6365,2.652,2.6348,2.6497,215536.09,0.0,0.0,0
15m,1761611400.0,2.6497,2.6497,2.6337,2.6407,279054.67,0.0,0.0,0
15m,1761612300.0,2.6407,2.6474,2.6343,2.6389,227201.35,0.0,0.0,0
15m,1761613200.0,2.6389,2.6473,2.6389,2.6438,215926.69,0.0,0.0,0
15m,1761614100.0,2.6438,2.6482,2.6366,2.6402,219246.85,0.0,0.0,0
15m,1761615000.0,2.6402,2.6448,2.6331,2.6433,501145.65,0.0,0.0,0
15m,1761615900.0,2.6433,2.6447,2.6391,2.6403,216657.55,0.0,0.0,0
15m,1761616800.0,2.6403,2.6461,2.6298,2.6323,323478.36,0.0,0.0,0
15m,1761617700.0,2.6323,2.6357,2.6218,2.6267,396394.03,0.0,0.0,0
15m,1761618600.0,2.6267,2.6305,2.6255,2.6272,307830.25,0.0,0.0,0
15m,1761619500.0,2.6272,2.6297,2.608,2.6271,840309.06,0.0,0.0,0
15m,1761620400.0,2.6271,2.6377,2.6198,2.6215,444524.13,0.0,0.0,0
15m,1761621300.0,2.6215,2.6407,2.6214,2.6364,970537.25,0.0,0.0,0
15m,1761622200.0,2.6364,2.6384,2.625,2.63,327050.35,0.0,0.0,0
15m,1761623100.0,2.63,2.6343,2.6259,2.631,280448.33,0.0,0.0,0
15m,1761624000.0,2.631,2.6323,2.6219,2.6318,213820.69,0.0,0.0,0
15m,1761624900.0,2.6318,2.6337,2.6271,2.6279,164291.21,0.0,0.0,0
15m,1761625800.0,2.6279,2.6317,2.6241,2.6256,317154.68,0.0,0.0,0
15m,1761626700.0,2.6256,2.6367,2.625,2.6322,402622.61,0.0,0.0,0
15m,1761627600.0,2.6322,2.6339,2.6263,2.6274,236513.06,0.0,0.0,0
15m,1761628500.0,2.6274,2.6409,2.6253,2.6394,259734.06,0.0,0.0,0
15m,1761629400.0,2.6394,2.64,2.6276,2.6277,247077.69,0.0,0.0,0
15m,1761630300.0,2.6277,2.6277,2.6175,2.621,578919.84,0.0,0.0,0
15m,1761631200.0,2.621,2.6247,2.6186,2.6225,356000.64,0.0,0.0,0
15m,1761632100.0,2.6225,2.6246,2.6158,2.6182,539882.94,0.0,0.0,0
15m,1761633000.0,2.6182,2.6395,2.612,2.6374,770332.75,0.0,0.0,0
15m,1761633900.0,2.6374,2.6496,2.6368,2.6481,627253.11,0.0,0.0,0
15m,1761634800.0,2.6481,2.6621,2.643,2.6456,1180753.94,0.0,0.0,0
15m,1761635700.0,2.6456,2.6515,2.6421,2.645,355027.35,0.0,0.0,0
15m,1761636600.0,2.645,2.6483,2.64,2.648,267321.85,0.0,0.0,0
15m,1761637500.0,2.648,2.6496,2.6363,2.638,298659.9,0.0,0.0,0
15m,1761638400.0,2.638,2.6403,2.6351,2.6385,298648.7,0.0,0.0,0
15m,1761639300.0,2.6385,2.6484,2.6385,2.6456,254190.18,0.0,0.0,0
15m,1761640200.0,2.6456,2.6609,2.6449,2.6587,419197.01,0.0,0.0,0
15m,1761641100.0,2.6587,2.6624,2.6543,2.6556,359911.99,0.0,0.0,0
15m,1761642000.0,2.6556,2.6614,2.6489,2.6522,250292.39,0.0,0.0,0
15m,1761642900.0,2.6522,2.6555,2.6461,2.6467,256591.07,0.0,0.0,0
15m,1761643800.0,2.6467,2.6605,2.6461,2.6596,136865.31,0.0,0.0,0
15m,1761644700.0,2.6596,2.6675,2.6596,2.6669,443490.97,0.0,0.0,0
15m,1761645600.0,2.6669,2.668,2.6615,2.6645,348632.37,0.0,0.0,0
15m,1761646500.0,2.6645,2.6647,2.6569,2.6608,201032.05,0.0,0.0,0
15m,1761647400.0,2.6608,2.6608,2.6547,2.6562,198007.07,0.0,0.0,0
15m,1761648300.0,2.6562,2.6592,2.6545,2.6582,283790.5,0.0,0.0,0
15m,1761649200.0,2.6582,2.6582,2.6453,2.6463,219318.93,0.0,0.0,0
15m,1761650100.0,2.6463,2.6525,2.6438,2.647,267689.08,0.0,0.0,0
15m,1761651000.0,2.647,2.6537,2.644,2.6446,174859.6,0.0,0.0,0
15m,1761651900.0,2.6446,2.6446,2.6385,2.6417,240115.11,0.0,0.0,0
15m,1761652800.0,2.6417,2.6472,2.6401,2.6467,232119.57,0.0,0.0,0
15m,1761653700.0,2.6467,2.6489,2.6432,2.646,162349.18,0.0,0.0,0
15m,1761654600.0,2.646,2.6582,2.6458,2.6567,382296.17,0.0,0.0,0
15m,1761655500.0,2.6567,2.6655,2.6565,2.6633,582626.51,0.0,0.0,0
15m,1761656400.0,2.6633,2.6886,2.6633,2.681,1310118.49,0.0,0.0,0
15m,1761657300.0,2.681,2.6873,2.6757,2.6768,679274.24,0.0,0.0,0
15m,1761658200.0,2.6768,2.679,2.6646,2.6738,700299.91,0.0,0.0,0
15m,1761659100.0,2.6738,2.6775,2.661,2.6654,647269.66,0.0,0.0,0
15m,1761660000.0,2.6654,2.6664,2.6537,2.6576,639854.01,0.0,0.0,0
15m,1761660900.0,2.6576,2.6676,2.6502,2.6537,673010.91,0.0,0.0,0
15m,1761661800.0,2.6537,2.6556,2.6194,2.6239,1710875.59,0.0,0.0,0
15m,1761662700.0,2.6239,2.6361,2.6038,2.6311,1650074.49,0.0,0.0,0
15m,1761663600.0,2.6311,2.6389,2.6305,2.6369,774534.74,0.0,0.0,0
15m,1761664500.0,2.6369,2.637,2.6267,2.6291,761696.58,0.0,0.0,0
15m,1761665400.0,2.6291,2.6469,2.6242,2.6331,1275656.27,0.0,0.0,0
15m,1761666300.0,2.6331,2.6425,2.6316,2.6357,433922.97,0.0,0.0,0
15m,1761667200.0,2.6357,2.6467,2.635,2.6434,604644.49,0.0,0.0,0
15m,1761668100.0,2.6434,2.6449,2.6339,2.6407,379827.92,0.0,0.0,0
15m,1761669000.0,2.6407,2.6563,2.6404,2.6422,552757.23,0.0,0.0,0
15m,1761669900.0,2.6422,2.6531,2.6422,2.6486,273017.07,0.0,0.0,0
15m,1761670800.0,2.6486,2.6578,2.6462,2.6557,318528.59,0.0,0.0,0
15m,1761671700.0,2.6557,2.6687,2.649,2.664,968127.05,0.0,0.0,0
15m,1761672600.0,2.664,2.664,2.6562,2.6574,353594.04,0.0,0.0,0
15m,1761673500.0,2.6574,2.6629,2.6551,2.6602,175070.11,0.0,0.0,0
15m,1761674400.0,2.6602,2.6739,2.6556,2.6737,462828.53,0.0,0.0,0
15m,1761675300.0,2.6737,2.6747,2.6658,2.6685,438931.76,0.0,0.0,0
15m,1761676200.0,2.6685,2.6703,2.6584,2.663,456461.18,0.0,0.0,0
15m,1761677100.0,2.663,2.672,2.6612,2.6719,361745.35,0.0,0.0,0
15m,1761678000.0,2.6719,2.6795,2.6689,2.669,798104.3,0.0,0.0,0
15m,1761678900.0,2.669,2.669,2.6335,2.634,1208494.8,0.0,0.0,0
15m,1761679800.0,2.634,2.6421,2.6271,2.6298,690148.48,0.0,0.0,0
15m,1761680700.0,2.6298,2.6428,2.6127,2.6428,925757.05,0.0,0.0,0
15m,1761681600.0,2.6428,2.643,2.6088,2.6159,1383672.08,0.0,0.0,0
15m,1761682500.0,2.6159,2.6196,2.5854,2.5952,2377044.25,0.0,0.0,0
15m,1761683400.0,2.5952,2.622,2.5871,2.6099,1420173.17,0.0,0.0,0
15m,1761684300.0,2.6099,2.6099,2.5898,2.5919,782300.02,0.0,0.0,0
15m,1761685200.0,2.5919,2.5998,2.5681,2.5815,2108390.05,0.0,0.0,0
15m,1761686100.0,2.5815,2.5871,2.5714,2.5741,577209.52,0.0,0.0,0
15m,1761687000.0,2.5741,2.6013,2.5724,2.6012,606623.29,0.0,0.0,0
15m,1761687900.0,2.6012,2.6075,2.5942,2.5979,380919.84,0.0,0.0,0
15m,1761688800.0,2.5979,2.5994,2.5875,2.5902,382829.79,0.0,0.0,0
15m,1761689700.0,2.5902,2.6079,2.5887,2.6075,332682.02,0.0,0.0,0
15m,1761690600.0,2.6075,2.6141,2.6038,2.609,786547.04,0.0,0.0,0
15m,1761691500.0,2.609,2.6145,2.6035,2.6111,195554.29,0.0,0.0,0
15m,1761692400.0,2.6111,2.6117,2.6018,2.6075,247258.83,0.0,0.0,0
15m,1761693300.0,2.6075,2.6145,2.6049,2.6113,246516.66,0.0,0.0,0
15m,1761694200.0,2.6113,2.6155,2.6037,2.6058,235992.73,0.0,0.0,0
15m,1761695100.0,2.6058,2.6095,2.6031,2.6035,137471.84,0.0,0.0,0
15m,1761696000.0,2.6035,2.6094,2.6,2.6069,210494.1,0.0,0.0,0
15m,1761696900.0,2.6069,2.6114,2.6049,2.6112,228938.99,0.0,0.0,0
15m,1761697800.0,2.6112,2.6196,2.6099,2.6108,515859.39,0.0,0.0,0
15m,1761698700.0,2.6108,2.6142,2.6058,2.6091,328313.0,0.0,0.0,0
15m,1761699600.0,2.6091,2.6179,2.6068,2.6166,207314.15,0.0,0.0,0
15m,1761700500.0,2.6166,2.6238,2.6077,2.6118,311506.58,0.0,0.0,0
15m,1761701400.0,2.6118,2.6264,2.6117,2.6162,292294.62,0.0,0.0,0
15m,1761702300.0,2.6162,2.622,2.6078,2.6184,368934.74,0.0,0.0,0
15m,1761703200.0,2.6184,2.6197,2.612,2.6193,333955.16,0.0,0.0,0
15m,1761704100.0,2.6193,2.6275,2.6178,2.6254,307575.63,0.0,0.0,0
15m,1761705000.0,2.6254,2.6271,2.6184,2.6208,201110.77,0.0,0.0,0
15m,1761705900.0,2.6208,2.621,2.6141,2.6151,101655.74,0.0,0.0,0
15m,1761706800.0,2.6151,2.6151,2.6015,2.6021,196001.61,0.0,0.0,0
15m,1761707700.0,2.6021,2.6078,2.5993,2.603,169694.65,0.0,0.0,0
15m,1761708600.0,2.603,2.6099,2.6028,2.6082,98850.92,0.0,0.0,0
15m,1761709500.0,2.6082,2.6108,2.6076,2.6086,105768.9,0.0,0.0,0
15m,1761710400.0,2.6086,2.6137,2.6068,2.6136,106184.0,0.0,0.0,0
15m,1761711300.0,2.6136,2.6176,2.6131,2.6169,161819.33,0.0,0.0,0
15m,1761712200.0,2.6169,2.6218,2.6122,2.6151,292903.41,0.0,0.0,0
15m,1761713100.0,2.6151,2.6217,2.615,2.6187,326114.9,0.0,0.0,0
15m,1761714000.0,2.6187,2.6216,2.6116,2.6142,247507.69,0.0,0.0,0
15m,1761714900.0,2.6142,2.6208,2.6137,2.6158,233080.66,0.0,0.0,0
15m,1761715800.0,2.6158,2.6289,2.6142,2.6254,282942.73,0.0,0.0,0
15m,1761716700.0,2.6254,2.6268,2.6167,2.6192,337261.92,0.0,0.0,0
15m,1761717600.0,2.6192,2.6258,2.6151,2.6212,325561.19,0.0,0.0,0
15m,1761718500.0,2.6212,2.6222,2.6175,2.6216,123926.5,0.0,0.0,0
15m,1761719400.0,2.6216,2.6249,2.621,2.6234,225071.09,0.0,0.0,0
15m,1761720300.0,2.6234,2.6344,2.6234,2.6303,612099.85,0.0,0.0,0
15m,1761721200.0,2.6303,2.6339,2.6273,2.63,245171.91,0.0,0.0,0
15m,1761722100.0,2.63,2.6357,2.6278,2.6353,118116.77,0.0,0.0,0
15m,1761723000.0,2.6353,2.6353,2.6283,2.6295,216761.69,0.0,0.0,0
15m,1761723900.0,2.6295,2.6355,2.6234,2.6343,466152.57,0.0,0.0,0
15m,1761724800.0,2.6343,2.6363,2.6298,2.6308,161353.84,0.0,0.0,0
15m,1761725700.0,2.6308,2.6334,2.6291,2.63,140656.91,0.0,0.0,0
15m,1761726600.0,2.63,2.6319,2.6231,2.6268,153994.69,0.0,0.0,0
15m,1761727500.0,2.6268,2.6318,2.6248,2.6278,171804.33,0.0,0.0,0
15m,1761728400.0,2.6278,2.63,2.6214,2.6231,231772.4,0.0,0.0,0
15m,1761729300.0,2.6231,2.6307,2.6229,2.6261,281171.17,0.0,0.0,0
15m,1761730200.0,2.6261,2.6576,2.6253,2.652,1428969.82,0.0,0.0,0
15m,1761731100.0,2.652,2.6558,2.6465,2.6475,819886.53,0.0,0.0,0
15m,1761732000.0,2.6475,2.6575,2.6454,2.6524,641152.53,0.0,0.0,0
15m,1761732900.0,2.6524,2.6611,2.6491,2.6551,616823.74,0.0,0.0,0
15m,1761733800.0,2.6551,2.657,2.6464,2.6477,441007.5,0.0,0.0,0
15m,1761734700.0,2.6477,2.6499,2.6374,2.6413,283360.6,0.0,0.0,0
15m,1761735600.0,2.6413,2.649,2.6379,2.6436,239215.58,0.0,0.0,0
15m,1761736500.0,2.6436,2.6501,2.6413,2.649,264296.71,0.0,0.0,0
15m,1761737400.0,2.649,2.6543,2.6447,2.6493,172570.65,0.0,0.0,0
15m,1761738300.0,2.6493,2.6524,2.6486,2.6495,69197.16,0.0,0.0,0
15m,1761739200.0,2.6495,2.659,2.6471,2.6538,180211.36,0.0,0.0,0
15m,1761740100.0,2.6538,2.6574,2.6526,2.6536,149437.67,0.0,0.0,0
15m,1761741000.0,2.6536,2.6593,2.6528,2.658,415881.19,0.0,0.0,0
15m,1761741900.0,2.658,2.6593,2.6521,2.6563,160969.15,0.0,0.0,0
15m,1761742800.0,2.6563,2.6642,2.6538,2.6578,376988.34,0.0,0.0,0
15m,1761743700.0,2.6578,2.6589,2.6516,2.6519,216129.16,0.0,0.0,0
15m,1761744600.0,2.6519,2.6531,2.6332,2.6403,474568.61,0.0,0.0,0
15m,1761745500.0,2.6403,2.6425,2.6304,2.6344,442408.67,0.0,0.0,0
15m,1761746400.0,2.6344,2.6372,2.6245,2.6339,338029.73,0.0,0.0,0
15m,1761747300.0,2.6339,2.6354,2.6212,2.6251,277177.02,0.0,0.0,0
15m,1761748200.0,2.6251,2.64,2.6232,2.6371,231567.81,0.0,0.0,0
15m,1761749100.0,2.6371,2.6428,2.6311,2.6409,234860.1,0.0,0.0,0
15m,1761750000.0,2.6409,2.648,2.6386,2.6423,357533.72,0.0,0.0,0
15m,1761750900.0,2.6423,2.6499,2.6381,2.6386,437345.81,0.0,0.0,0
15m,1761751800.0,2.6386,2.6443,2.6163,2.6217,681233.45,0.0,0.0,0
15m,1761752700.0,2.6217,2.6283,2.6142,2.6267,728413.87,0.0,0.0,0
15m,1761753600.0,2.6267,2.6291,2.6158,2.6176,366190.53,0.0,0.0,0
15m,1761754500.0,2.6176,2.6323,2.6142,2.6272,429908.32,0.0,0.0,0
15m,1761755400.0,2.6272,2.631,2.6218,2.6293,250976.07,0.0,0.0,0
15m,1761756300.0,2.6293,2.6346,2.6263,2.6273,236533.98,0.0,0.0,0
15m,1761757200.0,2.6273,2.6375,2.6261,2.6333,215329.77,0.0,0.0,0
15m,1761758100.0,2.6333,2.6342,2.6245,2.6285,220525.28,0.0,0.0,0
15m,1761759000.0,2.6285,2.6559,2.6274,2.648,419368.39,0.0,0.0,0
15m,1761759900.0,2.648,2.6596,2.6464,2.6591,337854.54,0.0,0.0,0
15m,1761760800.0,2.6591,2.6608,2.6357,2.6396,1432441.43,0.0,0.0,0
15m,1761761700.0,2.6396,2.6543,2.6383,2.6462,538425.53,0.0,0.0,0
15m,1761762600.0,2.6462,2.6587,2.541,2.5662,6657960.39,0.0,0.0,0
15m,1761763500.0,2.5662,2.6247,2.5627,2.6078,2377932.46,0.0,0.0,0
15m,1761764400.0,2.6078,2.632,2.6048,2.6248,721188.31,0.0,0.0,0
15m,1761765300.0,2.6248,2.6301,2.6102,2.6122,515903.24,0.0,0.0,0
15m,1761766200.0,2.6122,2.6128,2.576,2.5806,793447.31,0.0,0.0,0
15m,1761767100.0,2.5806,2.5945,2.5799,2.5873,549833.31,0.0,0.0,0
15m,1761768000.0,2.5873,2.592,2.5566,2.5748,2525806.65,0.0,0.0,0
15m,1761768900.0,2.5748,2.5996,2.5671,2.5974,573960.97,0.0,0.0,0
15m,1761769800.0,2.5974,2.6,2.5855,2.5928,251939.08,0.0,0.0,0
15m,1761770700.0,2.5928,2.6003,2.5871,2.5899,271284.83,0.0,0.0,0
15m,1761771600.0,2.5899,2.5999,2.5881,2.5929,259617.32,0.0,0.0,0
15m,1761772500.0,2.5929,2.6103,2.5923,2.6094,567814.93,0.0,0.0,0
15m,1761773400.0,2.6094,2.6179,2.6062,2.6069,275121.11,0.0,0.0,0
15m,1761774300.0,2.6069,2.6113,2.6035,2.6038,201349.02,0.0,0.0,0
15m,1761775200.0,2.6038,2.6084,2.5991,2.6035,228077.09,0.0,0.0,0
15m,1761776100.0,2.6035,2.6052,2.5957,2.5963,252524.86,0.0,0.0,0
15m,1761777000.0,2.5963,2.5994,2.5919,2.5954,166378.61,0.0,0.0,0
15m,1761777900.0,2.5954,2.5999,2.5923,2.5939,198707.47,0.0,0.0,0
15m,1761778800.0,2.5939,2.5943,2.5722,2.5732,505341.8,0.0,0.0,0
15m,1761779700.0,2.5732,2.5794,2.5711,2.5711,500830.11,0.0,0.0,0
15m,1761780600.0,2.5711,2.5754,2.5374,2.5529,1368223.2,0.0,0.0,0
15m,1761781500.0,2.5529,2.5583,2.5496,2.5504,589884.29,0.0,0.0,0
15m,1761782400.0,2.5504,2.5546,2.5289,2.5545,1146622.93,0.0,0.0,0
15m,1761783300.0,2.5545,2.5597,2.5468,2.5481,689850.23,0.0,0.0,0
15m,1761784200.0,2.5481,2.5585,2.5433,2.5527,484550.91,0.0,0.0,0
15m,1761785100.0,2.5527,2.5648,2.5472,2.5628,466900.87,0.0,0.0,0
15m,1761786000.0,2.5628,2.5689,2.5561,2.56,443668.07,0.0,0.0,0
15m,1761786900.0,2.56,2.5679,2.558,2.5609,233932.26,0.0,0.0,0
15m,1761787800.0,2.5609,2.5737,2.5609,2.5719,411150.82,0.0,0.0,0
15m,1761788700.0,2.5719,2.5833,2.5714,2.5784,689787.39,0.0,0.0,0
15m,1761789600.0,2.5784,2.579,2.5707,2.5749,289412.58,0.0,0.0,0
15m,1761790500.0,2.5749,2.5879,2.5749,2.5854,355198.18,0.0,0.0,0
15m,1761791400.0,2.5854,2.5875,2.5827,2.5858,177031.63,0.0,0.0,0
15m,1761792300.0,2.5858,2.5893,2.5815,2.5848,323965.44,0.0,0.0,0
15m,1761793200.0,2.5848,2.585,2.5779,2.5811,236930.04,0.0,0.0,0
15m,1761794100.0,2.5811,2.5849,2.5785,2.5812,312811.36,0.0,0.0,0
15m,1761795000.0,2.5812,2.5846,2.5763,2.5771,351582.92,0.0,0.0,0
15m,1761795900.0,2.5771,2.5803,2.5735,2.5796,357446.96,0.0,0.0,0
15m,1761796800.0,2.5796,2.5796,2.5464,2.5481,1454939.54,0.0,0.0,0
15m,1761797700.0,2.5481,2.5481,2.4876,2.5071,5073030.49,0.0,0.0,0
15m,1761798600.0,2.5071,2.5312,2.4894,2.5153,3428399.39,0.0,0.0,0
15m,1761799500.0,2.5153,2.5257,2.5072,2.509,1536216.68,0.0,0.0,0
15m,1761800400.0,2.509,2.522,2.505,2.5218,1247719.75,0.0,0.0,0
15m,1761801300.0,2.5218,2.5249,2.5135,2.5204,1367090.04,0.0,0.0,0
15m,1761802200.0,2.5204,2.5552,2.5178,2.5544,1637237.81,0.0,0.0,0
15m,1761803100.0,2.5544,2.5634,2.5533,2.5581,672728.77,0.0,0.0,0
15m,1761804000.0,2.5581,2.5668,2.5573,2.5625,527677.15,0.0,0.0,0
15m,1761804900.0,2.5625,2.5649,2.5558,2.5589,467572.15,0.0,0.0,0
15m,1761805800.0,2.5589,2.5747,2.5587,2.572,474046.35,0.0,0.0,0
15m,1761806700.0,2.572,2.5752,2.5652,2.5667,460765.51,0.0,0.0,0
15m,1761807600.0,2.5667,2.5803,2.5648,2.5782,441100.17,0.0,0.0,0
15m,1761808500.0,2.5782,2.5889,2.5777,2.5853,659304.64,0.0,0.0,0
15m,1761809400.0,2.5853,2.594,2.5823,2.5894,678581.41,0.0,0.0,0
15m,1761810300.0,2.5894,2.5912,2.5813,2.5835,470041.87,0.0,0.0,0
15m,1761811200.0,2.5835,2.5896,2.5779,2.5806,679566.59,0.0,0.0,0
15m,1761812100.0,2.5806,2.5827,2.5776,2.5789,470619.74,0.0,0.0,0
15m,1761813000.0,2.5789,2.589,2.5778,2.5867,509186.35,0.0,0.0,0
15m,1761813900.0,2.5867,2.5868,2.5779,2.5788,408333.63,0.0,0.0,0
15m,1761814800.0,2.5788,2.5818,2.5715,2.5723,476031.45,0.0,0.0,0
15m,1761815700.0,2.5723,2.5736,2.562,2.5708,854851.06,0.0,0.0,0
15m,1761816600.0,2.5708,2.5735,2.5575,2.5575,430254.3,0.0,0.0,0
15m,1761817500.0,2.5575,2.5614,2.5546,2.5559,621377.8,0.0,0.0,0
15m,1761818400.0,2.5559,2.5622,2.5514,2.5557,446603.82,0.0,0.0,0
15m,1761819300.0,2.5557,2.5667,2.5549,2.5638,447417.44,0.0,0.0,0
15m,1761820200.0,2.5638,2.5649,2.5478,2.5479,235137.64,0.0,0.0,0
15m,1761821100.0,2.5479,2.5558,2.5474,2.551,462061.39,0.0,0.0,0
15m,1761822000.0,2.551,2.5581,2.5486,2.5543,437602.3,0.0,0.0,0
15m,1761822900.0,2.5543,2.558,2.5491,2.5513,290007.12,0.0,0.0,0
15m,1761823800.0,2.5513,2.555,2.542,2.5473,271881.72,0.0,0.0,0
15m,1761824700.0,2.5473,2.5532,2.5432,2.5444,408931.99,0.0,0.0,0
15m,1761825600.0,2.5444,2.5511,2.5351,2.5413,533383.72,0.0,0.0,0
15m,1761826500.0,2.5413,2.5418,2.5135,2.5202,1168438.49,0.0,0.0,0
15m,1761827400.0,2.5202,2.5245,2.4905,2.4912,1464430.32,0.0,0.0,0
15m,1761828300.0,2.4912,2.504,2.4912,2.5009,998596.02,0.0,0.0,0
15m,1761829200.0,2.5009,2.5086,2.4952,2.4955,657261.14,0.0,0.0,0
15m,1761830100.0,2.4955,2.4995,2.4777,2.4916,2111600.16,0.0,0.0,0
15m,1761831000.0,2.4916,2.4946,2.4563,2.4659,2510908.26,0.0,0.0,0
15m,1761831900.0,2.4659,2.4823,2.4613,2.4662,942088.19,0.0,0.0,0
15m,1761832800.0,2.4662,2.4859,2.4647,2.4775,777290.55,0.0,0.0,0
15m,1761833700.0,2.4775,2.4775,2.4637,2.4671,1049138.49,0.0,0.0,0
15m,1761834600.0,2.4671,2.4839,2.4618,2.4806,853001.72,0.0,0.0,0
15m,1761835500.0,2.4806,2.482,2.4674,2.4729,840584.92,0.0,0.0,0
15m,1761836400.0,2.4729,2.4796,2.4609,2.469,968674.0,0.0,0.0,0
15m,1761837300.0,2.469,2.4725,2.4576,2.4668,725884.89,0.0,0.0,0
15m,1761838200.0,2.4668,2.4675,2.4482,2.4536,1213907.19,0.0,0.0,0
15m,1761839100.0,2.4536,2.4564,2.4443,2.454,694983.37,0.0,0.0,0
15m,1761840000.0,2.454,2.4707,2.4453,2.4654,698523.79,0.0,0.0,0
15m,1761840900.0,2.4654,2.4654,2.4525,2.461,602941.39,0.0,0.0,0
15m,1761841800.0,2.461,2.4653,2.4543,2.4598,575653.83,0.0,0.0,0
15m,1761842700.0,2.4598,2.4673,2.454,2.4627,764523.71,0.0,0.0,0
15m,1761843600.0,2.4627,2.4635,2.4444,2.4459,859636.34,0.0,0.0,0
15m,1761844500.0,2.4459,2.4521,2.4349,2.4373,1227509.61,0.0,0.0,0
15m,1761845400.0,2.4373,2.4407,2.426,2.4404,1071668.07,0.0,0.0,0
15m,1761846300.0,2.4404,2.4575,2.4404,2.4526,422115.62,0.0,0.0,0
15m,1761847200.0,2.4526,2.4536,2.444,2.444,289223.85,0.0,0.0,0
15m,1761848100.0,2.444,2.4474,2.4307,2.4332,387991.37,0.0,0.0,0
15m,1761849000.0,2.4332,2.44,2.417,2.4183,722781.5,0.0,0.0,0
15m,1761849900.0,2.4183,2.4279,2.4165,2.4234,581456.62,0.0,0.0,0
15m,1761850800.0,2.4234,2.4269,2.4131,2.4168,1050753.42,0.0,0.0,0
15m,1761851700.0,2.4168,2.4193,2.4045,2.4127,990770.83,0.0,0.0,0
15m,1761852600.0,2.4127,2.4241,2.396,2.4016,1553929.51,0.0,0.0,0
15m,1761853500.0,2.4016,2.4124,2.3778,2.3851,1873332.92,0.0,0.0,0
15m,1761854400.0,2.3851,2.409,2.3764,2.4086,1927724.24,0.0,0.0,0
15m,1761855300.0,2.4086,2.416,2.4037,2.4073,881792.38,0.0,0.0,0
15m,1761856200.0,2.4073,2.4245,2.3963,2.4185,1256669.4,0.0,0.0,0
15m,1761857100.0,2.4185,2.431,2.4148,2.4263,559660.9,0.0,0.0,0
15m,1761858000.0,2.4263,2.4263,2.418,2.4181,628001.47,0.0,0.0,0
15m,1761858900.0,2.4181,2.4249,2.4084,2.4224,418515.99,0.0,0.0,0
15m,1761859800.0,2.4224,2.4232,2.4114,2.422,555287.43,0.0,0.0,0
15m,1761860700.0,2.422,2.4336,2.4209,2.4272,496483.11,0.0,0.0,0
15m,1761861600.0,2.4272,2.4303,2.4233,2.4268,1099485.35,0.0,0.0,0
15m,1761862500.0,2.4268,2.431,2.4232,2.4274,555119.59,0.0,0.0,0
15m,1761863400.0,2.4274,2.4364,2.4252,2.4355,797491.82,0.0,0.0,0
15m,1761864300.0,2.4355,2.4374,2.4293,2.4369,873959.57,0.0,0.0,0
15m,1761865200.0,2.4369,2.4376,2.4252,2.4269,839323.21,0.0,0.0,0
15m,1761866100.0,2.4269,2.4327,2.4235,2.4324,797059.81,0.0,0.0,0
15m,1761867000.0,2.4324,2.4416,2.4305,2.4307,1022465.27,0.0,0.0,0
15m,1761867900.0,2.4307,2.4407,2.4299,2.4388,740236.48,0.0,0.0,0
15m,1761868800.0,2.4388,2.4455,2.437,2.4454,705726.34,0.0,0.0,0
15m,1761869700.0,2.4454,2.4454,2.4335,2.4375,545281.61,0.0,0.0,0
15m,1761870600.0,2.4375,2.449,2.4371,2.448,688221.1,0.0,0.0,0
15m,1761871500.0,2.448,2.4628,2.4469,2.4589,828265.13,0.0,0.0,0
15m,1761872400.0,2.4589,2.4777,2.455,2.4731,813142.75,0.0,0.0,0
15m,1761873300.0,2.4731,2.4793,2.4708,2.4765,398330.82,0.0,0.0,0
15m,1761874200.0,2.4765,2.4773,2.47,2.4727,246827.01,0.0,0.0,0
15m,1761875100.0,2.4727,2.4823,2.4712,2.4809,194402.85,0.0,0.0,0
15m,1761876000.0,2.4809,2.4811,2.463,2.4646,396228.63,0.0,0.0,0
15m,1761876900.0,2.4646,2.4763,2.4646,2.4723,259533.02,0.0,0.0,0
15m,1761877800.0,2.4723,2.4754,2.4561,2.458,438525.04,0.0,0.0,0
15m,1761878700.0,2.458,2.4657,2.4528,2.4607,276017.52,0.0,0.0,0
15m,1761879600.0,2.4607,2.4683,2.4528,2.464,224625.95,0.0,0.0,0
15m,1761880500.0,2.464,2.469,2.4619,2.4646,241175.84,0.0,0.0,0
15m,1761881400.0,2.4646,2.4685,2.4572,2.4597,298147.07,0.0,0.0,0
15m,1761882300.0,2.4597,2.4706,2.4597,2.4706,224976.34,0.0,0.0,0
15m,1761883200.0,2.4706,2.4857,2.4685,2.4816,537009.94,0.0,0.0,0
15m,1761884100.0,2.4816,2.4871,2.4767,2.4833,763937.68,0.0,0.0,0
15m,1761885000.0,2.4833,2.4917,2.4805,2.4902,555446.62,0.0,0.0,0
15m,1761885900.0,2.4902,2.4927,2.4866,2.4915,343452.3,0.0,0.0,0
15m,1761886800.0,2.4915,2.4915,2.4829,2.4848,260372.24,0.0,0.0,0
15m,1761887700.0,2.4848,2.489,2.4827,2.4879,171688.12,0.0,0.0,0
15m,1761888600.0,2.4879,2.4924,2.4857,2.4875,238128.34,0.0,0.0,0
15m,1761889500.0,2.4875,2.4898,2.4804,2.4838,406128.37,0.0,0.0,0
15m,1761890400.0,2.4838,2.487,2.4779,2.4835,638968.66,0.0,0.0,0
15m,1761891300.0,2.4835,2.4856,2.4788,2.4836,701113.44,0.0,0.0,0
15m,1761892200.0,2.4836,2.4871,2.4793,2.4795,363058.28,0.0,0.0,0
15m,1761893100.0,2.4795,2.4826,2.4785,2.4811,310699.09,0.0,0.0,0
15m,1761894000.0,2.4811,2.4857,2.4756,2.4839,234295.7,0.0,0.0,0
15m,1761894900.0,2.4839,2.4863,2.4771,2.4859,428402.13,0.0,0.0,0
15m,1761895800.0,2.4859,2.4899,2.4774,2.478,479841.82,0.0,0.0,0
15m,1761896700.0,2.478,2.4795,2.4694,2.475,534115.54,0.0,0.0,0
15m,1761897600.0,2.475,2.4822,2.4662,2.4667,491318.55,0.0,0.0,0
15m,1761898500.0,2.4667,2.4827,2.4667,2.4808,314676.03,0.0,0.0,0
15m,1761899400.0,2.4808,2.4828,2.4769,2.4791,156114.68,0.0,0.0,0
15m,1761900300.0,2.4791,2.4898,2.4773,2.4895,299602.27,0.0,0.0,0
15m,1761901200.0,2.4895,2.4919,2.4822,2.4878,421211.31,0.0,0.0,0
15m,1761902100.0,2.4878,2.4949,2.4834,2.4846,219728.23,0.0,0.0,0
15m,1761903000.0,2.4846,2.4872,2.4832,2.4863,109961.66,0.0,0.0,0
15m,1761903900.0,2.4863,2.4906,2.4838,2.4867,124706.45,0.0,0.0,0
15m,1761904800.0,2.4867,2.4924,2.4854,2.4909,129465.65,0.0,0.0,0
15m,1761905700.0,2.4909,2.4984,2.4909,2.4969,194166.8,0.0,0.0,0
15m,1761906600.0,2.4969,2.507,2.4946,2.506,361282.1,0.0,0.0,0
15m,1761907500.0,2.506,2.5069,2.4965,2.4986,412383.2,0.0,0.0,0
15m,1761908400.0,2.4986,2.4998,2.4906,2.4907,218090.73,0.0,0.0,0
15m,1761909300.0,2.4907,2.492,2.4864,2.4893,374076.7,0.0,0.0,0
15m,1761910200.0,2.4893,2.4953,2.488,2.4949,167646.7,0.0,0.0,0
15m,1761911100.0,2.4949,2.5158,2.4947,2.5142,857847.38,0.0,0.0,0
15m,1761912000.0,2.5142,2.5191,2.5053,2.508,399794.96,0.0,0.0,0
15m,1761912900.0,2.508,2.5296,2.508,2.5219,1206027.99,0.0,0.0,0
15m,1761913800.0,2.5219,2.527,2.5138,2.5177,652123.38,0.0,0.0,0
15m,1761914700.0,2.5177,2.5187,2.5026,2.5051,363022.49,0.0,0.0,0
15m,1761915600.0,2.5051,2.5179,2.5043,2.5148,283529.73,0.0,0.0,0
15m,1761916500.0,2.5148,2.5222,2.5089,2.5107,365506.45,0.0,0.0,0
15m,1761917400.0,2.5107,2.5107,2.4941,2.498,826809.93,0.0,0.0,0
15m,1761918300.0,2.498,2.5114,2.4978,2.5089,494645.47,0.0,0.0,0
15m,1761919200.0,2.5089,2.5115,2.4952,2.4958,552998.72,0.0,0.0,0
15m,1761920100.0,2.4958,2.5053,2.4926,2.4998,283962.89,0.0,0.0,0
15m,1761921000.0,2.4998,2.5025,2.4957,2.4988,485566.78,0.0,0.0,0
15m,1761921900.0,2.4988,2.513,2.4947,2.5084,739208.77,0.0,0.0,0
15m,1761922800.0,2.5084,2.5354,2.5053,2.5354,1880119.42,0.0,0.0,0
15m,1761923700.0,2.5354,2.5471,2.5311,2.5394,2116258.07,0.0,0.0,0
15m,1761924600.0,2.5394,2.5514,2.5341,2.5456,1518796.12,0.0,0.0,0
15m,1761925500.0,2.5456,2.5498,2.5165,2.5235,1680410.41,0.0,0.0,0
15m,1761926400.0,2.5235,2.5372,2.5221,2.5279,648363.7,0.0,0.0,0
15m,1761927300.0,2.5279,2.5322,2.5177,2.5223,436720.54,0.0,0.0,0
15m,1761928200.0,2.5223,2.525,2.5131,2.515,353552.03,0.0,0.0,0
15m,1761929100.0,2.515,2.5168,2.4929,2.4956,1132546.06,0.0,0.0,0
15m,1761930000.0,2.4956,2.5046,2.4902,2.4993,878012.75,0.0,0.0,0
15m,1761930900.0,2.4993,2.5005,2.4841,2.4918,806113.3,0.0,0.0,0
15m,1761931800.0,2.4918,2.5077,2.4902,2.5075,551613.91,0.0,0.0,0
15m,1761932700.0,2.5075,2.5137,2.5041,2.5064,285117.45,0.0,0.0,0
15m,1761933600.0,2.5064,2.5218,2.5064,2.5169,397072.11,0.0,0.0,0
15m,1761934500.0,2.5169,2.517,2.5095,2.5125,297553.36,0.0,0.0,0
15m,1761935400.0,2.5125,2.5262,2.5047,2.5232,1014765.18,0.0,0.0,0
15m,1761936300.0,2.5232,2.5232,2.5144,2.5221,148274.64,0.0,0.0,0
15m,1761937200.0,2.5221,2.5221,2.5001,2.5026,340010.51,0.0,0.0,0
15m,1761938100.0,2.5026,2.5195,2.5018,2.5162,453882.68,0.0,0.0,0
15m,1761939000.0,2.5162,2.541,2.5158,2.5378,570456.3,0.0,0.0,0
15m,1761939900.0,2.5378,2.5544,2.5375,2.5437,723863.53,0.0,0.0,0
15m,1761940800.0,2.5437,2.5438,2.5303,2.533,669248.36,0.0,0.0,0
15m,1761941700.0,2.533,2.5356,2.5266,2.5274,224103.13,0.0,0.0,0
15m,1761942600.0,2.5274,2.5284,2.517,2.518,231854.74,0.0,0.0,0
15m,1761943500.0,2.518,2.5228,2.5099,2.5118,173307.54,0.0,0.0,0
15m,1761944400.0,2.5118,2.5156,2.5013,2.5042,556217.95,0.0,0.0,0
15m,1761945300.0,2.5042,2.5125,2.5041,2.512,178636.75,0.0,0.0,0
15m,1761946200.0,2.512,2.5215,2.5087,2.517,175921.85,0.0,0.0,0
15m,1761947100.0,2.517,2.521,2.5161,2.5197,147891.57,0.0,0.0,0
15m,1761948000.0,2.5197,2.5216,2.5149,2.5193,136642.17,0.0,0.0,0
15m,1761948900.0,2.5193,2.5211,2.5073,2.511,104323.21,0.0,0.0,0
15m,1761949800.0,2.511,2.5135,2.5051,2.5053,144086.25,0.0,0.0,0
15m,1761950700.0,2.5053,2.5088,2.5042,2.5074,95638.51,0.0,0.0,0
15m,1761951600.0,2.5074,2.51,2.5035,2.5035,104533.83,0.0,0.0,0
15m,1761952500.0,2.5035,2.5127,2.5031,2.5117,48432.64,0.0,0.0,0
15m,1761953400.0,2.5117,2.5135,2.508,2.5113,234732.7,0.0,0.0,0
15m,1761954300.0,2.5113,2.5115,2.5081,2.5093,84310.09,0.0,0.0,0
15m,1761955200.0,2.5093,2.5104,2.4994,2.5001,284586.86,0.0,0.0,0
15m,1761956100.0,2.5001,2.5022,2.4959,2.4998,178162.44,0.0,0.0,0
15m,1761957000.0,2.4998,2.4999,2.4933,2.4974,145375.58,0.0,0.0,0
15m,1761957900.0,2.4974,2.5035,2.4973,2.5002,162660.79,0.0,0.0,0
15m,1761958800.0,2.5002,2.5059,2.4999,2.4999,129361.87,0.0,0.0,0
15m,1761959700.0,2.4999,2.5026,2.4951,2.5025,96403.11,0.0,0.0,0
15m,1761960600.0,2.5025,2.5048,2.4994,2.5018,195926.64,0.0,0.0,0
15m,1761961500.0,2.5018,2.5026,2.4993,2.4993,87576.49,0.0,0.0,0
15m,1761962400.0,2.4993,2.4993,2.4893,2.4947,331858.55,0.0,0.0,0
15m,1761963300.0,2.4947,2.5034,2.4941,2.5023,183924.07,0.0,0.0,0
15m,1761964200.0,2.5023,2.503,2.4944,2.5001,96755.0,0.0,0.0,0
15m,1761965100.0,2.5001,2.5074,2.4988,2.5049,66956.54,0.0,0.0,0
15m,1761966000.0,2.5049,2.5156,2.5047,2.5151,340258.5,0.0,0.0,0
15m,1761966900.0,2.5151,2.5194,2.5119,2.5123,236680.61,0.0,0.0,0
15m,1761967800.0,2.5123,2.5166,2.5123,2.5149,145578.25,0.0,0.0,0
15m,1761968700.0,2.5149,2.5197,2.5128,2.5161,160392.39,0.0,0.0,0
15m,1761969600.0,2.5161,2.5237,2.5137,2.5149,222121.16,0.0,0.0,0
15m,1761970500.0,2.5149,2.5189,2.5094,2.5174,177956.24,0.0,0.0,0
15m,1761971400.0,2.5174,2.5202,2.5127,2.5166,212804.08,0.0,0.0,0
15m,1761972300.0,2.5166,2.5184,2.5144,2.5171,97258.81,0.0,0.0,0
15m,1761973200.0,2.5171,2.518,2.5088,2.5097,172331.49,0.0,0.0,0
15m,1761974100.0,2.5097,2.515,2.5083,2.5148,110471.55,0.0,0.0,0
15m,1761975000.0,2.5148,2.5148,2.5115,2.5126,38003.58,0.0,0.0,0
15m,1761975900.0,2.5126,2.5131,2.5069,2.5077,160292.49,0.0,0.0,0
15m,1761976800.0,2.5077,2.5101,2.5067,2.5074,93937.56,0.0,0.0,0
15m,1761977700.0,2.5074,2.5084,2.5025,2.5053,149213.41,0.0,0.0,0
15m,1761978600.0,2.5053,2.5077,2.5016,2.5027,154352.55,0.0,0.0,0
15m,1761979500.0,2.5027,2.5049,2.4982,2.5043,179170.89,0.0,0.0,0
15m,1761980400.0,2.5043,2.5073,2.5025,2.505,96928.3,0.0,0.0,0
15m,1761981300.0,2.505,2.5143,2.505,2.5114,119405.07,0.0,0.0,0
15m,1761982200.0,2.5114,2.5122,2.5008,2.5014,156482.39,0.0,0.0,0
15m,1761983100.0,2.5014,2.5073,2.5003,2.5062,296497.06,0.0,0.0,0
15m,1761984000.0,2.5062,2.5085,2.5006,2.5021,147249.05,0.0,0.0,0
15m,1761984900.0,2.5021,2.5061,2.5003,2.5037,185022.96,0.0,0.0,0
15m,1761985800.0,2.5037,2.5063,2.5028,2.5048,151870.91,0.0,0.0,0
15m,1761986700.0,2.5048,2.5129,2.5048,2.5122,137656.95,0.0,0.0,0
15m,1761987600.0,2.5122,2.5151,2.5084,2.5119,170940.49,0.0,0.0,0
15m,1761988500.0,2.5119,2.5125,2.5053,2.506,245752.49,0.0,0.0,0
15m,1761989400.0,2.506,2.5061,2.5008,2.5008,202555.52,0.0,0.0,0
15m,1761990300.0,2.5008,2.505,2.5008,2.5029,137677.12,0.0,0.0,0
15m,1761991200.0,2.5029,2.5076,2.5019,2.5033,148115.69,0.0,0.0,0
15m,1761992100.0,2.5033,2.5078,2.5029,2.5052,70723.24,0.0,0.0,0
15m,1761993000.0,2.5052,2.5116,2.5052,2.5112,155225.9,0.0,0.0,0
15m,1761993900.0,2.5112,2.5117,2.507,2.5078,102120.78,0.0,0.0,0
15m,1761994800.0,2.5078,2.512,2.5078,2.5089,73804.3,0.0,0.0,0
15m,1761995700.0,2.5089,2.5119,2.5061,2.5061,115838.9,0.0,0.0,0
15m,1761996600.0,2.5061,2.5062,2.5012,2.5035,98693.92,0.0,0.0,0
15m,1761997500.0,2.5035,2.506,2.5002,2.5006,152381.57,0.0,0.0,0
15m,1761998400.0,2.5006,2.5066,2.5006,2.5021,108096.47,0.0,0.0,0
15m,1761999300.0,2.5021,2.5034,2.497,2.499,150322.67,0.0,0.0,0
15m,1762000200.0,2.499,2.5019,2.4989,2.5001,68409.07,0.0,0.0,0
15m,1762001100.0,2.5001,2.5001,2.4917,2.4928,239227.56,0.0,0.0,0
15m,1762002000.0,2.4928,2.4972,2.4899,2.497,132489.28,0.0,0.0,0
15m,1762002900.0,2.497,2.5013,2.4967,2.4975,120712.16,0.0,0.0,0
15m,1762003800.0,2.4975,2.4993,2.4837,2.4872,223168.44,0.0,0.0,0
15m,1762004700.0,2.4872,2.4916,2.484,2.4899,144727.06,0.0,0.0,0
15m,1762005600.0,2.4899,2.4923,2.4777,2.4796,365793.68,0.0,0.0,0
15m,1762006500.0,2.4796,2.4841,2.4763,2.4814,244317.28,0.0,0.0,0
15m,1762007400.0,2.4814,2.4874,2.4792,2.4855,135674.6,0.0,0.0,0
15m,1762008300.0,2.4855,2.4876,2.481,2.4843,124861.12,0.0,0.0,0
15m,1762009200.0,2.4843,2.5047,2.4824,2.5,363147.72,0.0,0.0,0
15m,1762010100.0,2.5,2.5032,2.4913,2.496,254893.28,0.0,0.0,0
15m,1762011000.0,2.496,2.4997,2.4926,2.4956,159027.87,0.0,0.0,0
15m,1762011900.0,2.4956,2.5021,2.4927,2.5018,352148.49,0.0,0.0,0
15m,1762012800.0,2.5018,2.5088,2.4992,2.501,184114.37,0.0,0.0,0
15m,1762013700.0,2.501,2.5069,2.501,2.5026,117996.38,0.0,0.0,0
15m,1762014600.0,2.5026,2.512,2.5024,2.5119,207563.74,0.0,0.0,0
15m,1762015500.0,2.5119,2.5144,2.5073,2.509,97322.5,0.0,0.0,0
15m,1762016400.0,2.509,2.5103,2.5029,2.5071,110125.02,0.0,0.0,0
15m,1762017300.0,2.5071,2.508,2.5037,2.5038,61173.89,0.0,0.0,0
15m,1762018200.0,2.5038,2.5095,2.5038,2.5064,82347.97,0.0,0.0,0
15m,1762019100.0,2.5064,2.5087,2.5033,2.5057,73131.55,0.0,0.0,0
15m,1762020000.0,2.5057,2.5086,2.5028,2.503,103502.8,0.0,0.0,0
15m,1762020900.0,2.503,2.5051,2.4978,2.4983,123256.76,0.0,0.0,0
15m,1762021800.0,2.4983,2.5009,2.4959,2.4991,62502.42,0.0,0.0,0
15m,1762022700.0,2.4991,2.5075,2.4983,2.5066,74554.37,0.0,0.0,0
15m,1762023600.0,2.5066,2.5066,2.5001,2.5015,99776.37,0.0,0.0,0
15m,1762024500.0,2.5015,2.5019,2.4982,2.4991,42158.23,0.0,0.0,0
15m,1762025400.0,2.4991,2.5016,2.4986,2.5016,24555.68,0.0,0.0,0
15m,1762026300.0,2.5016,2.5067,2.5012,2.5062,79154.41,0.0,0.0,0
15m,1762027200.0,2.5062,2.5117,2.5062,2.5082,181942.38,0.0,0.0,0
15m,1762028100.0,2.5082,2.5116,2.5073,2.5112,46687.32,0.0,0.0,0
15m,1762029000.0,2.5112,2.5132,2.5097,2.5119,67055.25,0.0,0.0,0
15m,1762029900.0,2.5119,2.5131,2.5072,2.5086,57672.14,0.0,0.0,0
15m,1762030800.0,2.5086,2.51,2.503,2.5031,166866.57,0.0,0.0,0
15m,1762031700.0,2.5031,2.5063,2.5031,2.5056,54107.2,0.0,0.0,0
15m,1762032600.0,2.5056,2.506,2.5005,2.5017,67751.08,0.0,0.0,0
15m,1762033500.0,2.5017,2.5017,2.4933,2.4933,65599.54,0.0,0.0,0
15m,1762034400.0,2.4933,2.4984,2.4919,2.4919,122614.99,0.0,0.0,0
15m,1762035300.0,2.4919,2.4959,2.4903,2.4949,174055.08,0.0,0.0,0
15m,1762036200.0,2.4949,2.4989,2.4939,2.4983,45305.58,0.0,0.0,0
15m,1762037100.0,2.4983,2.5036,2.4978,2.5025,60313.8,0.0,0.0,0
15m,1762038000.0,2.5025,2.5046,2.4996,2.5004,109208.19,0.0,0.0,0
15m,1762038900.0,2.5004,2.5032,2.4974,2.5024,41318.7,0.0,0.0,0
15m,1762039800.0,2.5024,2.5076,2.502,2.5051,97712.79,0.0,0.0,0
15m,1762040700.0,2.5051,2.5082,2.5046,2.5054,49916.03,0.0,0.0,0
15m,1762041600.0,2.5054,2.5062,2.5002,2.5062,136450.82,0.0,0.0,0
15m,1762042500.0,2.5062,2.5062,2.4994,2.4994,145418.42,0.0,0.0,0
15m,1762043400.0,2.4994,2.503,2.4992,2.502,67817.02,0.0,0.0,0
15m,1762044300.0,2.502,2.5033,2.4995,2.5021,86724.72,0.0,0.0,0
15m,1762045200.0,2.5021,2.5056,2.498,2.5008,127822.23,0.0,0.0,0
15m,1762046100.0,2.5008,2.5023,2.4975,2.5023,108360.95,0.0,0.0,0
15m,1762047000.0,2.5023,2.5041,2.4996,2.5002,66437.06,0.0,0.0,0
15m,1762047900.0,2.5002,2.5009,2.4949,2.4979,106075.07,0.0,0.0,0
15m,1762048800.0,2.4979,2.5021,2.4953,2.502,149948.31,0.0,0.0,0
15m,1762049700.0,2.502,2.5057,2.4982,2.5045,237038.96,0.0,0.0,0
15m,1762050600.0,2.5045,2.5128,2.5045,2.5088,172898.07,0.0,0.0,0
15m,1762051500.0,2.5088,2.5131,2.5087,2.5112,246334.87,0.0,0.0,0
15m,1762052400.0,2.5112,2.5119,2.5068,2.5105,74652.36,0.0,0.0,0
15m,1762053300.0,2.5105,2.5118,2.5073,2.5086,122699.86,0.0,0.0,0
15m,1762054200.0,2.5086,2.5103,2.5059,2.5101,77770.46,0.0,0.0,0
15m,1762055100.0,2.5101,2.5108,2.5049,2.507,49314.45,0.0,0.0,0
15m,1762056000.0,2.507,2.5102,2.5062,2.5089,84322.13,0.0,0.0,0
15m,1762056900.0,2.5089,2.5146,2.507,2.5124,91984.89,0.0,0.0,0
15m,1762057800.0,2.5124,2.521,2.5095,2.5206,232776.37,0.0,0.0,0
15m,1762058700.0,2.5206,2.5276,2.5189,2.5245,449075.46,0.0,0.0,0
15m,1762059600.0,2.5245,2.525,2.5174,2.52,138063.81,0.0,0.0,0
15m,1762060500.0,2.52,2.5213,2.5149,2.5168,70963.85,0.0,0.0,0
15m,1762061400.0,2.5168,2.5199,2.5152,2.5197,178097.47,0.0,0.0,0
15m,1762062300.0,2.5197,2.5215,2.5165,2.5215,144631.78,0.0,0.0,0
15m,1762063200.0,2.5215,2.5263,2.5204,2.5234,107208.04,0.0,0.0,0
15m,1762064100.0,2.5234,2.525,2.5193,2.5229,208903.0,0.0,0.0,0
15m,1762065000.0,2.5229,2.5229,2.5189,2.5212,51721.31,0.0,0.0,0
15m,1762065900.0,2.5212,2.5258,2.5212,2.5229,98432.72,0.0,0.0,0
15m,1762066800.0,2.5229,2.5252,2.5179,2.5192,71730.87,0.0,0.0,0
15m,1762067700.0,2.5192,2.5235,2.518,2.5224,65525.86,0.0,0.0,0
15m,1762068600.0,2.5224,2.5299,2.522,2.5287,233022.73,0.0,0.0,0
15m,1762069500.0,2.5287,2.5364,2.5271,2.535,292047.33,0.0,0.0,0
15m,1762070400.0,2.535,2.5364,2.531,2.5345,319625.58,0.0,0.0,0
15m,1762071300.0,2.5345,2.5391,2.532,2.5334,144764.39,0.0,0.0,0
15m,1762072200.0,2.5334,2.5356,2.5324,2.5325,70191.52,0.0,0.0,0
15m,1762073100.0,2.5325,2.5325,2.5254,2.5282,92527.2,0.0,0.0,0
15m,1762074000.0,2.5282,2.5341,2.528,2.5317,260637.76,0.0,0.0,0
15m,1762074900.0,2.5317,2.5348,2.5288,2.533,73052.87,0.0,0.0,0
15m,1762075800.0,2.533,2.533,2.5186,2.5224,442362.37,0.0,0.0,0
15m,1762076700.0,2.5224,2.5224,2.5168,2.5206,220167.03,0.0,0.0,0
15m,1762077600.0,2.5206,2.5289,2.519,2.5278,214616.55,0.0,0.0,0
15m,1762078500.0,2.5278,2.5278,2.5132,2.5137,310729.59,0.0,0.0,0
15m,1762079400.0,2.5137,2.5152,2.5093,2.513,157877.38,0.0,0.0,0
15m,1762080300.0,2.513,2.5179,2.5122,2.5159,155163.79,0.0,0.0,0
15m,1762081200.0,2.5159,2.5191,2.512,2.5136,73063.93,0.0,0.0,0
15m,1762082100.0,2.5136,2.5223,2.5131,2.5219,110599.57,0.0,0.0,0
15m,1762083000.0,2.5219,2.5548,2.5187,2.5471,937928.35,0.0,0.0,0
15m,1762083900.0,2.5471,2.5532,2.5398,2.5418,573865.14,0.0,0.0,0
15m,1762084800.0,2.5418,2.5433,2.5356,2.5409,260150.34,0.0,0.0,0
15m,1762085700.0,2.5409,2.552,2.5409,2.5459,343460.07,0.0,0.0,0
15m,1762086600.0,2.5459,2.5485,2.5395,2.545,212055.35,0.0,0.0,0
15m,1762087500.0,2.545,2.545,2.5367,2.5371,187270.57,0.0,0.0,0
15m,1762088400.0,2.5371,2.5427,2.5361,2.5412,117189.47,0.0,0.0,0
15m,1762089300.0,2.5412,2.5412,2.5231,2.5281,315989.65,0.0,0.0,0
15m,1762090200.0,2.5281,2.5308,2.5227,2.5265,135887.95,0.0,0.0,0
15m,1762091100.0,2.5265,2.5287,2.5226,2.527,82517.75,0.0,0.0,0
15m,1762092000.0,2.527,2.5351,2.5239,2.5264,180683.2,0.0,0.0,0
15m,1762092900.0,2.5264,2.5266,2.5124,2.5146,289472.26,0.0,0.0,0
15m,1762093800.0,2.5146,2.5218,2.5134,2.5134,180937.8,0.0,0.0,0
15m,1762094700.0,2.5134,2.5172,2.5019,2.5165,332721.93,0.0,0.0,0
15m,1762095600.0,2.5165,2.5172,2.5052,2.5122,182634.54,0.0,0.0,0
15m,1762096500.0,2.5122,2.5197,2.5093,2.5196,122617.41,0.0,0.0,0
15m,1762097400.0,2.5196,2.5196,2.5057,2.5083,132012.88,0.0,0.0,0
15m,1762098300.0,2.5083,2.5115,2.5,2.5004,151138.61,0.0,0.0,0
15m,1762099200.0,2.5004,2.5044,2.4876,2.4894,567733.91,0.0,0.0,0
15m,1762100100.0,2.4894,2.4989,2.4835,2.4982,443246.53,0.0,0.0,0
15m,1762101000.0,2.4982,2.5008,2.4926,2.5003,223622.42,0.0,0.0,0
15m,1762101900.0,2.5003,2.5054,2.4972,2.5054,122330.64,0.0,0.0,0
15m,1762102800.0,2.5054,2.5054,2.4979,2.4986,184265.64,0.0,0.0,0
15m,1762103700.0,2.4986,2.5038,2.4959,2.5014,104439.91,0.0,0.0,0
15m,1762104600.0,2.5014,2.5014,2.4952,2.4961,320370.94,0.0,0.0,0
15m,1762105500.0,2.4961,2.5014,2.4938,2.5014,71213.0,0.0,0.0,0
15m,1762106400.0,2.5014,2.5015,2.4929,2.4932,109242.32,0.0,0.0,0
15m,1762107300.0,2.4932,2.4954,2.4902,2.4941,121603.96,0.0,0.0,0
15m,1762108200.0,2.4941,2.4985,2.4933,2.4979,84085.85,0.0,0.0,0
15m,1762109100.0,2.4979,2.4986,2.4938,2.4945,55047.72,0.0,0.0,0
15m,1762110000.0,2.4945,2.4952,2.4865,2.4881,190713.84,0.0,0.0,0
15m,1762110900.0,2.4881,2.4881,2.4781,2.4788,318618.99,0.0,0.0,0
15m,1762111800.0,2.4788,2.4859,2.4781,2.4811,466984.26,0.0,0.0,0
15m,1762112700.0,2.4811,2.4893,2.4811,2.4884,223450.25,0.0,0.0,0
15m,1762113600.0,2.4884,2.4904,2.4858,2.4862,237119.21,0.0,0.0,0
15m,1762114500.0,2.4862,2.4877,2.484,2.4865,168030.33,0.0,0.0,0
15m,1762115400.0,2.4865,2.4913,2.4855,2.4913,120269.95,0.0,0.0,0
15m,1762116300.0,2.4913,2.4976,2.4903,2.4973,101728.41,0.0,0.0,0
15m,1762117200.0,2.4973,2.5045,2.4973,2.5015,155340.04,0.0,0.0,0
15m,1762118100.0,2.5015,2.5048,2.4996,2.5035,112448.7,0.0,0.0,0
15m,1762119000.0,2.5035,2.5124,2.5031,2.5114,257211.84,0.0,0.0,0
15m,1762119900.0,2.5114,2.5172,2.5112,2.5113,179014.15,0.0,0.0,0
15m,1762120800.0,2.5113,2.5113,2.5038,2.5047,106479.62,0.0,0.0,0
15m,1762121700.0,2.5047,2.5092,2.5021,2.5021,55585.33,0.0,0.0,0
15m,1762122600.0,2.5021,2.5021,2.4886,2.493,274869.12,0.0,0.0,0
15m,1762123500.0,2.493,2.4991,2.4918,2.4991,54021.15,0.0,0.0,0
15m,1762124400.0,2.4991,2.5228,2.4991,2.5214,441531.92,0.0,0.0,0
15m,1762125300.0,2.5214,2.5226,2.5131,2.516,286014.38,0.0,0.0,0
15m,1762126200.0,2.516,2.5288,2.5122,2.5242,725673.44,0.0,0.0,0
15m,1762127100.0,2.5242,2.5317,2.5222,2.5264,380654.17,0.0,0.0,0
15m,1762128000.0,2.5264,2.5324,2.5238,2.5288,248524.9,0.0,0.0,0
15m,1762128900.0,2.5288,2.5305,2.5174,2.5186,474446.02,0.0,0.0,0
15m,1762129800.0,2.5186,2.5186,2.5126,2.5132,130084.03,0.0,0.0,0
15m,1762130700.0,2.5132,2.515,2.5006,2.5021,237113.14,0.0,0.0,0
15m,1762131600.0,2.5021,2.5021,2.4934,2.5005,356278.72,0.0,0.0,0
15m,1762132500.0,2.5005,2.5021,2.4894,2.4929,223373.62,0.0,0.0,0
15m,1762133400.0,2.4929,2.4967,2.4828,2.4925,345555.83,0.0,0.0,0
15m,1762134300.0,2.4925,2.5016,2.4896,2.492,219720.15,0.0,0.0,0
15m,1762135200.0,2.492,2.4951,2.4832,2.4883,305461.01,0.0,0.0,0
15m,1762136100.0,2.4883,2.4883,2.4652,2.4654,931800.05,0.0,0.0,0
15m,1762137000.0,2.4654,2.4711,2.4553,2.4692,844184.89,0.0,0.0,0
15m,1762137900.0,2.4692,2.4745,2.4601,2.4621,821528.19,0.0,0.0,0
15m,1762138800.0,2.4621,2.4657,2.4414,2.444,1487206.61,0.0,0.0,0
15m,1762139700.0,2.444,2.4523,2.4384,2.4412,793520.38,0.0,0.0,0
15m,1762140600.0,2.4412,2.4431,2.4286,2.4364,941398.85,0.0,0.0,0
15m,1762141500.0,2.4364,2.4364,2.4256,2.4292,1045300.84,0.0,0.0,0
15m,1762142400.0,2.4292,2.4305,2.416,2.4287,1255735.47,0.0,0.0,0
15m,1762143300.0,2.4287,2.439,2.4256,2.4357,821264.01,0.0,0.0,0
15m,1762144200.0,2.4357,2.4397,2.4329,2.434,767918.28,0.0,0.0,0
15m,1762145100.0,2.434,2.4475,2.4337,2.4459,637707.72,0.0,0.0,0
15m,1762146000.0,2.4459,2.4529,2.4446,2.4516,786683.7,0.0,0.0,0
15m,1762146900.0,2.4516,2.4525,2.4451,2.4457,667052.67,0.0,0.0,0
15m,1762147800.0,2.4457,2.4461,2.4311,2.4325,611871.01,0.0,0.0,0
15m,1762148700.0,2.4325,2.4327,2.4263,2.4304,760504.12,0.0,0.0,0
15m,1762149600.0,2.4304,2.4329,2.4133,2.4164,905943.68,0.0,0.0,0
15m,1762150500.0,2.4164,2.422,2.4143,2.415,739482.49,0.0,0.0,0
15m,1762151400.0,2.415,2.4208,2.4039,2.4042,1372139.67,0.0,0.0,0
15m,1762152300.0,2.4042,2.4112,2.387,2.4077,2185289.72,0.0,0.0,0
15m,1762153200.0,2.4077,2.4091,2.3983,2.4082,888750.05,0.0,0.0,0
15m,1762154100.0,2.4082,2.418,2.4028,2.4141,721392.34,0.0,0.0,0
15m,1762155000.0,2.4141,2.4193,2.4092,2.4092,352748.89,0.0,0.0,0
15m,1762155900.0,2.4092,2.4195,2.4084,2.4136,263340.55,0.0,0.0,0
15m,1762156800.0,2.4136,2.4218,2.4107,2.4166,345264.36,0.0,0.0,0
15m,1762157700.0,2.4166,2.4172,2.4048,2.4086,621306.19,0.0,0.0,0
15m,1762158600.0,2.4086,2.411,2.4007,2.4046,742819.93,0.0,0.0,0
15m,1762159500.0,2.4046,2.4148,2.3965,2.4105,1352483.7,0.0,0.0,0
15m,1762160400.0,2.4105,2.4278,2.4093,2.4194,1017508.88,0.0,0.0,0
15m,1762161300.0,2.4194,2.4225,2.4073,2.411,643005.36,0.0,0.0,0
15m,1762162200.0,2.411,2.4152,2.4068,2.4115,440894.26,0.0,0.0,0
15m,1762163100.0,2.4115,2.4115,2.3967,2.3997,611526.55,0.0,0.0,0
15m,1762164000.0,2.3997,2.4079,2.3996,2.4011,546808.6,0.0,0.0,0
15m,1762164900.0,2.4011,2.405,2.3993,2.4021,289128.91,0.0,0.0,0
15m,1762165800.0,2.4021,2.4021,2.388,2.3902,522999.33,0.0,0.0,0
15m,1762166700.0,2.3902,2.3952,2.3814,2.3879,993924.81,0.0,0.0,0
15m,1762167600.0,2.3879,2.4057,2.3878,2.4006,769239.53,0.0,0.0,0
15m,1762168500.0,2.4006,2.413,2.396,2.4046,2623537.12,0.0,0.0,0
15m,1762169400.0,2.4046,2.4097,2.4,2.4093,820546.52,0.0,0.0,0
15m,1762170300.0,2.4093,2.4155,2.4,2.4017,1874192.1,0.0,0.0,0
15m,1762171200.0,2.4017,2.4107,2.4,2.4093,2327422.67,0.0,0.0,0
15m,1762172100.0,2.4093,2.4132,2.4066,2.4104,449874.33,0.0,0.0,0
15m,1762173000.0,2.4104,2.4114,2.4027,2.4045,328857.15,0.0,0.0,0
15m,1762173900.0,2.4045,2.4094,2.4007,2.4022,228897.54,0.0,0.0,0
15m,1762174800.0,2.4022,2.4045,2.3985,2.4023,385933.55,0.0,0.0,0
15m,1762175700.0,2.4023,2.4083,2.3989,2.4063,809475.95,0.0,0.0,0
15m,1762176600.0,2.4063,2.4172,2.4063,2.4138,307768.17,0.0,0.0,0
15m,1762177500.0,2.4138,2.4179,2.4083,2.4113,450755.97,0.0,0.0,0
15m,1762178400.0,2.4113,2.4272,2.4113,2.4187,447910.1,0.0,0.0,0
15m,1762179300.0,2.4187,2.4231,2.415,2.4192,425383.83,0.0,0.0,0
15m,1762180200.0,2.4192,2.4244,2.413,2.4177,433962.67,0.0,0.0,0
15m,1762181100.0,2.4177,2.428,2.4138,2.427,518503.47,0.0,0.0,0
15m,1762182000.0,2.427,2.4297,2.4059,2.4085,767857.98,0.0,0.0,0
15m,1762182900.0,2.4085,2.4085,2.3465,2.3564,2858552.43,0.0,0.0,0
15m,1762183800.0,2.3564,2.3737,2.2939,2.3483,6803354.15,0.0,0.0,0
15m,1762184700.0,2.3483,2.3561,2.3247,2.3279,1764647.4,0.0,0.0,0
15m,1762185600.0,2.3279,2.3612,2.3191,2.3574,2297418.22,0.0,0.0,0
15m,1762186500.0,2.3574,2.3686,2.347,2.3608,1014195.55,0.0,0.0,0
15m,1762187400.0,2.3608,2.3731,2.3592,2.3691,961337.25,0.0,0.0,0
15m,1762188300.0,2.3691,2.3797,2.3682,2.3736,633069.59,0.0,0.0,0
15m,1762189200.0,2.3736,2.376,2.3665,2.3718,857803.61,0.0,0.0,0
15m,1762190100.0,2.3718,2.3952,2.3688,2.3706,1165969.76,0.0,0.0,0
15m,1762191000.0,2.3706,2.3856,2.3702,2.3748,660950.07,0.0,0.0,0
15m,1762191900.0,2.3748,2.386,2.3738,2.3815,355317.89,0.0,0.0,0
15m,1762192800.0,2.3815,2.3849,2.3743,2.3753,320846.65,0.0,0.0,0
15m,1762193700.0,2.3753,2.3773,2.3593,2.3606,278165.52,0.0,0.0,0
15m,1762194600.0,2.3606,2.3676,2.3546,2.3559,407605.02,0.0,0.0,0
15m,1762195500.0,2.3559,2.3559,2.3467,2.3478,530001.93,0.0,0.0,0
15m,1762196400.0,2.3478,2.3497,2.3328,2.344,920751.03,0.0,0.0,0
15m,1762197300.0,2.344,2.3524,2.3297,2.3315,652448.02,0.0,0.0,0
15m,1762198200.0,2.3315,2.348,2.3306,2.345,463733.28,0.0,0.0,0
15m,1762199100.0,2.345,2.3488,2.3225,2.3243,512013.16,0.0,0.0,0
15m,1762200000.0,2.3243,2.3299,2.3151,2.3214,935067.91,0.0,0.0,0
15m,1762200900.0,2.3214,2.3251,2.305,2.315,883168.85,0.0,0.0,0
15m,1762201800.0,2.315,2.3231,2.2916,2.2936,1294930.53,0.0,0.0,0
15m,1762202700.0,2.2936,2.2992,2.2632,2.2861,3007269.19,0.0,0.0,0
15m,1762203600.0,2.2861,2.3099,2.2842,2.2859,2039097.26,0.0,0.0,0
15m,1762204500.0,2.2859,2.2989,2.2674,2.2912,1745217.52,0.0,0.0,0
15m,1762205400.0,2.2912,2.3099,2.2866,2.309,1448912.81,0.0,0.0,0
15m,1762206300.0,2.309,2.3127,2.3054,2.3109,962679.34,0.0,0.0,0
15m,1762207200.0,2.3109,2.3122,2.2935,2.2996,721347.77,0.0,0.0,0
15m,1762208100.0,2.2996,2.3025,2.2809,2.2809,412054.05,0.0,0.0,0
15m,1762209000.0,2.2809,2.3024,2.2699,2.302,706153.35,0.0,0.0,0
15m,1762209900.0,2.302,2.3079,2.2976,2.3006,304013.04,0.0,0.0,0
15m,1762210800.0,2.3006,2.3011,2.2849,2.2941,191000.78,0.0,0.0,0
15m,1762211700.0,2.2941,2.3059,2.2913,2.3004,380975.54,0.0,0.0,0
15m,1762212600.0,2.3004,2.3135,2.2995,2.3104,324111.75,0.0,0.0,0
15m,1762213500.0,2.3104,2.312,2.3033,2.3089,466566.52,0.0,0.0,0
15m,1762214400.0,2.3089,2.3164,2.3042,2.3138,1209915.13,0.0,0.0,0
15m,1762215300.0,2.3138,2.321,2.2996,2.2997,1078071.78,0.0,0.0,0
15m,1762216200.0,2.2997,2.345,2.2997,2.3419,1604940.68,0.0,0.0,0
15m,1762217100.0,2.3419,2.344,2.3269,2.3371,605534.32,0.0,0.0,0
15m,1762218000.0,2.3371,2.3381,2.3235,2.3317,712544.28,0.0,0.0,0
15m,1762218900.0,2.3317,2.3437,2.3274,2.3338,783028.88,0.0,0.0,0
15m,1762219800.0,2.3338,2.3493,2.3321,2.3418,808479.67,0.0,0.0,0
15m,1762220700.0,2.3418,2.3455,2.3319,2.3423,442171.57,0.0,0.0,0
15m,1762221600.0,2.3423,2.3466,2.334,2.3447,382734.92,0.0,0.0,0
15m,1762222500.0,2.3447,2.3526,2.341,2.3422,588211.82,0.0,0.0,0
15m,1762223400.0,2.3422,2.3472,2.338,2.3406,592662.02,0.0,0.0,0
15m,1762224300.0,2.3406,2.3418,2.3365,2.3391,496450.49,0.0,0.0,0
15m,1762225200.0,2.3391,2.3551,2.3333,2.3537,371485.28,0.0,0.0,0
15m,1762226100.0,2.3537,2.3563,2.3482,2.3525,328420.17,0.0,0.0,0
15m,1762227000.0,2.3525,2.3637,2.3479,2.3598,739987.26,0.0,0.0,0
15m,1762227900.0,2.3598,2.3607,2.3498,2.3564,522003.38,0.0,0.0,0
15m,1762228800.0,2.3564,2.3654,2.3536,2.3554,864523.21,0.0,0.0,0
15m,1762229700.0,2.3554,2.3557,2.3474,2.3481,482535.58,0.0,0.0,0
15m,1762230600.0,2.3481,2.3537,2.3412,2.3416,326479.32,0.0,0.0,0
15m,1762231500.0,2.3416,2.3453,2.3367,2.3383,447953.18,0.0,0.0,0
15m,1762232400.0,2.3383,2.3423,2.3334,2.3357,496996.34,0.0,0.0,0
15m,1762233300.0,2.3357,2.3366,2.2994,2.3031,1671353.16,0.0,0.0,0
15m,1762234200.0,2.3031,2.3037,2.2776,2.2779,2457287.51,0.0,0.0,0
15m,1762235100.0,2.2779,2.2827,2.2453,2.2505,3033916.62,0.0,0.0,0
15m,1762236000.0,2.2505,2.2876,2.2496,2.2873,1638344.12,0.0,0.0,0
15m,1762236900.0,2.2873,2.3089,2.2857,2.2903,1688553.67,0.0,0.0,0
15m,1762237800.0,2.2903,2.2906,2.2654,2.2698,1061776.29,0.0,0.0,0
15m,1762238700.0,2.2698,2.2814,2.2698,2.2738,1058508.82,0.0,0.0,0
15m,1762239600.0,2.2738,2.2821,2.2473,2.253,1905206.23,0.0,0.0,0
15m,1762240500.0,2.253,2.2623,2.2319,2.2343,2029127.12,0.0,0.0,0
15m,1762241400.0,2.2343,2.2611,2.2343,2.2409,1138451.13,0.0,0.0,0
15m,1762242300.0,2.2409,2.2481,2.2324,2.2436,959010.02,0.0,0.0,0
15m,1762243200.0,2.2436,2.2546,2.2296,2.242,1722894.81,0.0,0.0,0
15m,1762244100.0,2.242,2.2705,2.2338,2.2624,1269235.89,0.0,0.0,0
15m,1762245000.0,2.2624,2.2794,2.2594,2.2698,908567.32,0.0,0.0,0
15m,1762245900.0,2.2698,2.2715,2.2547,2.2631,946563.8,0.0,0.0,0
15m,1762246800.0,2.2631,2.2691,2.2518,2.2563,673731.34,0.0,0.0,0
15m,1762247700.0,2.2563,2.267,2.2499,2.2622,819806.72,0.0,0.0,0
15m,1762248600.0,2.2622,2.2665,2.2481,2.2582,900813.65,0.0,0.0,0
15m,1762249500.0,2.2582,2.2674,2.2513,2.2656,795289.62,0.0,0.0,0
15m,1762250400.0,2.2656,2.2752,2.2579,2.2705,964537.52,0.0,0.0,0
15m,1762251300.0,2.2705,2.2763,2.2606,2.2658,1211878.54,0.0,0.0,0
15m,1762252200.0,2.2658,2.2744,2.2596,2.2673,764212.13,0.0,0.0,0
15m,1762253100.0,2.2673,2.2692,2.2601,2.2662,674870.96,0.0,0.0,0
15m,1762254000.0,2.2662,2.2789,2.2632,2.272,1379108.78,0.0,0.0,0
15m,1762254900.0,2.272,2.2847,2.2698,2.2746,932664.7,0.0,0.0,0
15m,1762255800.0,2.2746,2.2819,2.2677,2.2799,579147.47,0.0,0.0,0
15m,1762256700.0,2.2799,2.2837,2.2729,2.2811,433023.89,0.0,0.0,0
15m,1762257600.0,2.2811,2.2906,2.2782,2.2805,583764.99,0.0,0.0,0
15m,1762258500.0,2.2805,2.2811,2.2683,2.2764,557488.43,0.0,0.0,0
15m,1762259400.0,2.2764,2.2764,2.2611,2.2641,761742.75,0.0,0.0,0
15m,1762260300.0,2.2641,2.2693,2.2607,2.2648,577826.46,0.0,0.0,0
15m,1762261200.0,2.2648,2.2767,2.2624,2.2723,596509.24,0.0,0.0,0
15m,1762262100.0,2.2723,2.2751,2.2581,2.2591,645201.9,0.0,0.0,0
15m,1762263000.0,2.2591,2.2781,2.257,2.2701,773249.81,0.0,0.0,0
15m,1762263900.0,2.2701,2.2701,2.2595,2.2619,432496.91,0.0,0.0,0
15m,1762264800.0,2.2619,2.2619,2.2429,2.2528,873992.28,0.0,0.0,0
15m,1762265700.0,2.2528,2.2595,2.2474,2.256,865093.31,0.0,0.0,0
15m,1762266600.0,2.256,2.2868,2.2423,2.2843,2623966.52,0.0,0.0,0
15m,1762267500.0,2.2843,2.3127,2.2799,2.3043,1689086.17,0.0,0.0,0
15m,1762268400.0,2.3043,2.3218,2.2967,2.2978,1191228.71,0.0,0.0,0
15m,1762269300.0,2.2978,2.3274,2.2978,2.3143,1262145.09,0.0,0.0,0
15m,1762270200.0,2.3143,2.3159,2.3056,2.3062,750982.27,0.0,0.0,0
15m,1762271100.0,2.3062,2.3063,2.2755,2.283,1101809.34,0.0,0.0,0
15m,1762272000.0,2.283,2.2959,2.2736,2.2817,800007.91,0.0,0.0,0
15m,1762272900.0,2.2817,2.2849,2.2553,2.269,1345164.61,0.0,0.0,0
15m,1762273800.0,2.269,2.276,2.2468,2.2487,1016952.08,0.0,0.0,0
15m,1762274700.0,2.2487,2.2522,2.2322,2.2405,2130879.12,0.0,0.0,0
15m,1762275600.0,2.2405,2.241,2.202,2.2086,2603749.91,0.0,0.0,0
15m,1762276500.0,2.2086,2.2361,2.1967,2.2247,2385701.06,0.0,0.0,0
15m,1762277400.0,2.2247,2.2591,2.2246,2.2412,1731317.9,0.0,0.0,0
15m,1762278300.0,2.2412,2.2448,2.2253,2.2308,1200218.94,0.0,0.0,0
15m,1762279200.0,2.2308,2.2314,2.2032,2.2094,1037622.44,0.0,0.0,0
15m,1762280100.0,2.2094,2.2118,2.1793,2.1864,2020196.53,0.0,0.0,0
15m,1762281000.0,2.1864,2.2065,2.1555,2.203,3382654.99,0.0,0.0,0
15m,1762281900.0,2.203,2.2162,2.1697,2.2116,2190832.56,0.0,0.0,0
15m,1762282800.0,2.2116,2.2252,2.1957,2.207,1682026.74,0.0,0.0,0
15m,1762283700.0,2.207,2.2246,2.1988,2.2048,1308344.54,0.0,0.0,0
15m,1762284600.0,2.2048,2.2088,2.1786,2.1836,961436.39,0.0,0.0,0
15m,1762285500.0,2.1836,2.1868,2.1667,2.1697,925676.66,0.0,0.0,0
15m,1762286400.0,2.1697,2.1741,2.1443,2.1501,2274084.01,0.0,0.0,0
15m,1762287300.0,2.1501,2.1598,2.0987,2.1562,6441947.37,0.0,0.0,0
15m,1762288200.0,2.1562,2.1908,2.1299,2.1827,2955272.64,0.0,0.0,0
15m,1762289100.0,2.1827,2.1875,2.1529,2.159,2220256.13,0.0,0.0,0
15m,1762290000.0,2.159,2.1707,2.1332,2.1348,2537686.08,0.0,0.0,0
15m,1762290900.0,2.1348,2.1393,2.1128,2.1188,1537649.09,0.0,0.0,0
15m,1762291800.0,2.1188,2.1201,2.067,2.0956,5262082.77,0.0,0.0,0
15m,1762292700.0,2.0956,2.1583,2.0948,2.156,5034734.96,0.0,0.0,0
15m,1762293600.0,2.156,2.1824,2.1437,2.1824,3298334.14,0.0,0.0,0
15m,1762294500.0,2.1824,2.2064,2.1802,2.2023,2617185.82,0.0,0.0,0
15m,1762295400.0,2.2023,2.2217,2.1983,2.2066,1804446.81,0.0,0.0,0
15m,1762296300.0,2.2066,2.2234,2.1988,2.2186,727413.03,0.0,0.0,0
15m,1762297200.0,2.2186,2.2292,2.2103,2.2179,1486973.23,0.0,0.0,0
15m,1762298100.0,2.2179,2.2202,2.2078,2.2113,857501.84,0.0,0.0,0
15m,1762299000.0,2.2113,2.2156,2.2047,2.2129,619332.98,0.0,0.0,0
15m,1762299900.0,2.2129,2.2174,2.2049,2.2051,510429.97,0.0,0.0,0
15m,1762300800.0,2.2051,2.2119,2.1871,2.1906,1395874.05,0.0,0.0,0
15m,1762301700.0,2.1906,2.2106,2.1821,2.1831,1633186.49,0.0,0.0,0
15m,1762302600.0,2.1831,2.1859,2.1619,2.1621,2563892.36,0.0,0.0,0
15m,1762303500.0,2.1621,2.1827,2.1617,2.1748,957859.88,0.0,0.0,0
15m,1762304400.0,2.1748,2.1775,2.1476,2.1607,1498725.75,0.0,0.0,0
15m,1762305300.0,2.1607,2.1616,2.1075,2.1129,2570856.22,0.0,0.0,0
15m,1762306200.0,2.1129,2.1334,2.1018,2.1088,2244004.83,0.0,0.0,0
15m,1762307100.0,2.1088,2.1804,2.1066,2.1722,2215745.69,0.0,0.0,0
15m,1762308000.0,2.1722,2.2099,2.1721,2.1957,2607980.49,0.0,0.0,0
15m,1762308900.0,2.1957,2.2151,2.1846,2.2012,2070379.82,0.0,0.0,0
15m,1762309800.0,2.2012,2.2216,2.1963,2.2213,1995423.73,0.0,0.0,0
15m,1762310700.0,2.2213,2.2281,2.2092,2.2265,1445286.16,0.0,0.0,0
15m,1762311600.0,2.2265,2.2353,2.2187,2.2226,1010023.76,0.0,0.0,0
15m,1762312500.0,2.2226,2.2421,2.2156,2.2416,1116355.56,0.0,0.0,0
15m,1762313400.0,2.2416,2.251,2.2367,2.2473,1414965.32,0.0,0.0,0
15m,1762314300.0,2.2473,2.2531,2.2319,2.2371,1384650.86,0.0,0.0,0
15m,1762315200.0,2.2371,2.2563,2.2355,2.2428,1299734.16,0.0,0.0,0
15m,1762316100.0,2.2428,2.2462,2.2279,2.2281,638748.73,0.0,0.0,0
15m,1762317000.0,2.2281,2.2544,2.2263,2.2531,795872.92,0.0,0.0,0
15m,1762317900.0,2.2531,2.2542,2.2375,2.2452,683328.45,0.0,0.0,0
15m,1762318800.0,2.2452,2.2604,2.2444,2.2569,808364.77,0.0,0.0,0
15m,1762319700.0,2.2569,2.2582,2.243,2.2506,306645.86,0.0,0.0,0
15m,1762320600.0,2.2506,2.2562,2.2469,2.2473,518396.06,0.0,0.0,0
15m,1762321500.0,2.2473,2.2477,2.237,2.2424,812923.6,0.0,0.0,0
15m,1762322400.0,2.2424,2.2432,2.2302,2.2352,695759.86,0.0,0.0,0
15m,1762323300.0,2.2352,2.2463,2.2312,2.2403,539568.28,0.0,0.0,0
15m,1762324200.0,2.2403,2.249,2.238,2.2427,414144.35,0.0,0.0,0
15m,1762325100.0,2.2427,2.2533,2.2401,2.2517,352333.58,0.0,0.0,0
15m,1762326000.0,2.2517,2.2519,2.2378,2.2414,280020.9,0.0,0.0,0
15m,1762326900.0,2.2414,2.2419,2.232,2.2374,1036596.42,0.0,0.0,0
15m,1762327800.0,2.2374,2.2468,2.2346,2.2467,467567.1,0.0,0.0,0
15m,1762328700.0,2.2467,2.2529,2.246,2.2465,350488.6,0.0,0.0,0
15m,1762329600.0,2.2465,2.2465,2.2321,2.2339,512282.98,0.0,0.0,0
15m,1762330500.0,2.2339,2.2344,2.2045,2.2153,1312666.68,0.0,0.0,0
15m,1762331400.0,2.2153,2.2292,2.2127,2.2187,588357.28,0.0,0.0,0
15m,1762332300.0,2.2187,2.2244,2.2053,2.2221,590669.83,0.0,0.0,0
15m,1762333200.0,2.2221,2.238,2.2183,2.2313,517011.73,0.0,0.0,0
15m,1762334100.0,2.2313,2.2366,2.2215,2.2336,505961.57,0.0,0.0,0
15m,1762335000.0,2.2336,2.2359,2.2239,2.2331,586360.15,0.0,0.0,0
15m,1762335900.0,2.2331,2.2397,2.2311,2.2375,570869.61,0.0,0.0,0
15m,1762336800.0,2.2375,2.2405,2.227,2.2289,567691.87,0.0,0.0,0
15m,1762337700.0,2.2289,2.2315,2.2209,2.2307,372441.28,0.0,0.0,0
15m,1762338600.0,2.2307,2.2357,2.2194,2.2216,460480.12,0.0,0.0,0
15m,1762339500.0,2.2216,2.2226,2.2083,2.2109,448862.64,0.0,0.0,0
15m,1762340400.0,2.2109,2.2276,2.2106,2.223,443061.45,0.0,0.0,0
15m,1762341300.0,2.223,2.236,2.223,2.2284,339730.55,0.0,0.0,0
15m,1762342200.0,2.2284,2.2387,2.2282,2.2355,303001.6,0.0,0.0,0
15m,1762343100.0,2.2355,2.2434,2.233,2.2362,744129.74,0.0,0.0,0
15m,1762344000.0,2.2362,2.2373,2.2304,2.2351,845135.52,0.0,0.0,0
15m,1762344900.0,2.2351,2.2532,2.2333,2.2455,578974.85,0.0,0.0,0
15m,1762345800.0,2.2455,2.2488,2.2376,2.2488,436284.34,0.0,0.0,0
15m,1762346700.0,2.2488,2.2488,2.2392,2.2485,383422.61,0.0,0.0,0
15m,1762347600.0,2.2485,2.2516,2.2408,2.2442,699071.44,0.0,0.0,0
15m,1762348500.0,2.2442,2.2517,2.2403,2.2502,717600.52,0.0,0.0,0
15m,1762349400.0,2.2502,2.26,2.2431,2.2581,956971.83,0.0,0.0,0
15m,1762350300.0,2.2581,2.288,2.2538,2.2629,2653997.87,0.0,0.0,0
15m,1762351200.0,2.2629,2.2849,2.2601,2.2702,2785978.63,0.0,0.0,0
15m,1762352100.0,2.2702,2.2749,2.2618,2.2625,1164620.53,0.0,0.0,0
15m,1762353000.0,2.2625,2.2662,2.2406,2.256,1933638.7,0.0,0.0,0
15m,1762353900.0,2.256,2.2739,2.2529,2.2611,922577.94,0.0,0.0,0
15m,1762354800.0,2.2611,2.2672,2.2516,2.2559,973379.06,0.0,0.0,0
15m,1762355700.0,2.2559,2.265,2.2504,2.2612,689809.69,0.0,0.0,0
15m,1762356600.0,2.2612,2.2751,2.2578,2.2699,874100.78,0.0,0.0,0
15m,1762357500.0,2.2699,2.2771,2.268,2.2771,620138.22,0.0,0.0,0
15m,1762358400.0,2.2771,2.2788,2.2559,2.2572,820245.5,0.0,0.0,0
15m,1762359300.0,2.2572,2.2653,2.2541,2.2651,464462.15,0.0,0.0,0
15m,1762360200.0,2.2651,2.2768,2.2636,2.271,1320479.74,0.0,0.0,0
15m,1762361100.0,2.271,2.2901,2.2709,2.2855,969933.82,0.0,0.0,0
15m,1762362000.0,2.2855,2.2855,2.2667,2.2686,861876.36,0.0,0.0,0
15m,1762362900.0,2.2686,2.2817,2.2674,2.2776,762354.57,0.0,0.0,0
15m,1762363800.0,2.2776,2.2819,2.2728,2.2764,605693.56,0.0,0.0,0
15m,1762364700.0,2.2764,2.2897,2.2709,2.2857,1030549.64,0.0,0.0,0
15m,1762365600.0,2.2857,2.2871,2.2776,2.2788,866344.4,0.0,0.0,0
15m,1762366500.0,2.2788,2.2864,2.2775,2.2848,544466.68,0.0,0.0,0
15m,1762367400.0,2.2848,2.2919,2.2798,2.2907,882701.44,0.0,0.0,0
15m,1762368300.0,2.2907,2.3092,2.2866,2.3042,1347216.6,0.0,0.0,0
15m,1762369200.0,2.3042,2.3069,2.2927,2.2974,877785.38,0.0,0.0,0
15m,1762370100.0,2.2974,2.3192,2.2963,2.3113,1605779.24,0.0,0.0,0
15m,1762371000.0,2.3113,2.3204,2.3103,2.3179,1260697.78,0.0,0.0,0
15m,1762371900.0,2.3179,2.3262,2.3064,2.3222,1836458.26,0.0,0.0,0
15m,1762372800.0,2.3222,2.3467,2.3173,2.3437,2162679.54,0.0,0.0,0
15m,1762373700.0,2.3437,2.3629,2.3418,2.3436,1626348.07,0.0,0.0,0
15m,1762374600.0,2.3436,2.3635,2.3353,2.3559,2125143.61,0.0,0.0,0
15m,1762375500.0,2.3559,2.3768,2.3475,2.3596,2438414.0,0.0,0.0,0
15m,1762376400.0,2.3596,2.3612,2.3442,2.3492,1611245.51,0.0,0.0,0
15m,1762377300.0,2.3492,2.3704,2.3467,2.3552,1399133.32,0.0,0.0,0
15m,1762378200.0,2.3552,2.3552,2.3384,2.3393,1475168.31,0.0,0.0,0
15m,1762379100.0,2.3393,2.3519,2.3387,2.3398,689241.67,0.0,0.0,0
15m,1762380000.0,2.3398,2.3439,2.3307,2.3352,692085.56,0.0,0.0,0
15m,1762380900.0,2.3352,2.3543,2.3347,2.3488,482890.08,0.0,0.0,0
15m,1762381800.0,2.3488,2.3556,2.3348,2.3423,427880.92,0.0,0.0,0
15m,1762382700.0,2.3423,2.3609,2.3423,2.353,371399.14,0.0,0.0,0
15m,1762383600.0,2.353,2.3591,2.3446,2.3499,532195.53,0.0,0.0,0
15m,1762384500.0,2.3499,2.3576,2.3458,2.3492,944893.62,0.0,0.0,0
15m,1762385400.0,2.3492,2.352,2.3435,2.3494,701732.97,0.0,0.0,0
15m,1762386300.0,2.3494,2.3543,2.3421,2.3432,461493.05,0.0,0.0,0
15m,1762387200.0,2.3432,2.3542,2.3344,2.351,694543.2,0.0,0.0,0
15m,1762388100.0,2.351,2.351,2.3371,2.3487,564637.89,0.0,0.0,0
15m,1762389000.0,2.3487,2.3519,2.3417,2.3436,527786.22,0.0,0.0,0
15m,1762389900.0,2.3436,2.3499,2.3372,2.3453,436879.2,0.0,0.0,0
15m,1762390800.0,2.3453,2.3453,2.325,2.3313,747573.79,0.0,0.0,0
15m,1762391700.0,2.3313,2.3333,2.3101,2.3154,1237630.5,0.0,0.0,0
15m,1762392600.0,2.3154,2.3444,2.3154,2.3352,1543150.63,0.0,0.0,0
15m,1762393500.0,2.3352,2.3446,2.3321,2.3396,551916.55,0.0,0.0,0
15m,1762394400.0,2.3396,2.3419,2.3226,2.3245,629054.37,0.0,0.0,0
15m,1762395300.0,2.3245,2.3356,2.3245,2.3332,420579.99,0.0,0.0,0
15m,1762396200.0,2.3332,2.3789,2.3327,2.374,1869277.54,0.0,0.0,0
15m,1762397100.0,2.374,2.4162,2.3707,2.3864,3858850.96,0.0,0.0,0
15m,1762398000.0,2.3864,2.3905,2.3613,2.3641,1389497.18,0.0,0.0,0
15m,1762398900.0,2.3641,2.3788,2.3534,2.3553,1012319.14,0.0,0.0,0
15m,1762399800.0,2.3553,2.3645,2.3547,2.3593,344832.8,0.0,0.0,0
15m,1762400700.0,2.3593,2.3663,2.3569,2.359,595258.69,0.0,0.0,0
15m,1762401600.0,2.359,2.363,2.3488,2.3546,371259.07,0.0,0.0,0
15m,1762402500.0,2.3546,2.3561,2.3464,2.3486,474570.36,0.0,0.0,0
15m,1762403400.0,2.3486,2.3547,2.3464,2.3545,263863.71,0.0,0.0,0
15m,1762404300.0,2.3545,2.3647,2.3537,2.363,1008335.12,0.0,0.0,0
15m,1762405200.0,2.363,2.3634,2.338,2.3401,528802.97,0.0,0.0,0
15m,1762406100.0,2.3401,2.3409,2.3322,2.3366,379136.13,0.0,0.0,0
15m,1762407000.0,2.3366,2.3389,2.3292,2.3344,401517.77,0.0,0.0,0
15m,1762407900.0,2.3344,2.3357,2.327,2.33,455375.03,0.0,0.0,0
15m,1762408800.0,2.33,2.3377,2.3245,2.3316,566966.93,0.0,0.0,0
15m,1762409700.0,2.3316,2.3375,2.3255,2.3293,796073.92,0.0,0.0,0
15m,1762410600.0,2.3293,2.3322,2.3203,2.3256,573254.22,0.0,0.0,0
15m,1762411500.0,2.3256,2.3263,2.3186,2.3192,432969.21,0.0,0.0,0
15m,1762412400.0,2.3192,2.3296,2.3187,2.3237,440321.14,0.0,0.0,0
15m,1762413300.0,2.3237,2.3324,2.3119,2.3293,686779.76,0.0,0.0,0
15m,1762414200.0,2.3293,2.332,2.3196,2.3241,592616.96,0.0,0.0,0
15m,1762415100.0,2.3241,2.3294,2.3223,2.3263,320032.5,0.0,0.0,0
15m,1762416000.0,2.3263,2.3301,2.3195,2.3274,451723.53,0.0,0.0,0
15m,1762416900.0,2.3274,2.3335,2.3242,2.3258,393412.15,0.0,0.0,0
15m,1762417800.0,2.3258,2.3278,2.3207,2.3207,330246.71,0.0,0.0,0
15m,1762418700.0,2.3207,2.3238,2.3148,2.3223,471497.58,0.0,0.0,0
15m,1762419600.0,2.3223,2.326,2.3009,2.3143,1297938.89,0.0,0.0,0
15m,1762420500.0,2.3143,2.3165,2.3072,2.3077,520283.18,0.0,0.0,0
15m,1762421400.0,2.3077,2.3149,2.3077,2.3102,471175.48,0.0,0.0,0
15m,1762422300.0,2.3102,2.3115,2.304,2.3061,282738.96,0.0,0.0,0
15m,1762423200.0,2.3061,2.3105,2.2999,2.3002,522212.89,0.0,0.0,0
15m,1762424100.0,2.3002,2.313,2.2955,2.3083,455078.98,0.0,0.0,0
15m,1762425000.0,2.3083,2.3178,2.304,2.307,531406.84,0.0,0.0,0
15m,1762425900.0,2.307,2.3102,2.3025,2.3063,189329.58,0.0,0.0,0
15m,1762426800.0,2.3063,2.3085,2.29,2.2936,1056976.53,0.0,0.0,0
15m,1762427700.0,2.2936,2.2994,2.291,2.2975,413839.18,0.0,0.0,0
15m,1762428600.0,2.2975,2.3008,2.2881,2.295,497208.46,0.0,0.0,0
15m,1762429500.0,2.295,2.3004,2.2949,2.2999,260003.94,0.0,0.0,0
15m,1762430400.0,2.2999,2.3029,2.2927,2.2983,978150.31,0.0,0.0,0
15m,1762431300.0,2.2983,2.2987,2.2869,2.2883,479075.77,0.0,0.0,0
15m,1762432200.0,2.2883,2.2944,2.276,2.2782,1016867.0,0.0,0.0,0
15m,1762433100.0,2.2782,2.2838,2.2769,2.28,676060.15,0.0,0.0,0
15m,1762434000.0,2.28,2.294,2.2783,2.2919,819652.89,0.0,0.0,0
15m,1762434900.0,2.2919,2.3102,2.2915,2.304,1000021.42,0.0,0.0,0
15m,1762435800.0,2.304,2.3057,2.297,2.3052,744273.13,0.0,0.0,0
15m,1762436700.0,2.3052,2.3109,2.3017,2.3026,385082.95,0.0,0.0,0
15m,1762437600.0,2.3026,2.307,2.2836,2.2906,637795.44,0.0,0.0,0
15m,1762438500.0,2.2906,2.2921,2.281,2.2847,372141.95,0.0,0.0,0
15m,1762439400.0,2.2847,2.2853,2.2663,2.2725,1042678.85,0.0,0.0,0
15m,1762440300.0,2.2725,2.283,2.2565,2.2587,934276.34,0.0,0.0,0
15m,1762441200.0,2.2587,2.2634,2.2527,2.2584,1156858.93,0.0,0.0,0
15m,1762442100.0,2.2584,2.2712,2.2541,2.2542,929077.31,0.0,0.0,0
15m,1762443000.0,2.2542,2.2555,2.228,2.2302,1992616.85,0.0,0.0,0
15m,1762443900.0,2.2302,2.2416,2.2288,2.2345,1095960.96,0.0,0.0,0
15m,1762444800.0,2.2345,2.2495,2.2338,2.2361,709519.42,0.0,0.0,0
15m,1762445700.0,2.2361,2.2402,2.2324,2.2396,621423.15,0.0,0.0,0
15m,1762446600.0,2.2396,2.2396,2.2093,2.2178,1124543.49,0.0,0.0,0
15m,1762447500.0,2.2178,2.2338,2.214,2.228,786062.95,0.0,0.0,0
15m,1762448400.0,2.228,2.2392,2.2174,2.2241,2022010.18,0.0,0.0,0
15m,1762449300.0,2.2241,2.2326,2.2146,2.2304,1553892.43,0.0,0.0,0
15m,1762450200.0,2.2304,2.2403,2.2254,2.2322,1382147.41,0.0,0.0,0
15m,1762451100.0,2.2322,2.2471,2.2322,2.24,1106276.23,0.0,0.0,0
15m,1762452000.0,2.24,2.2434,2.2229,2.2278,996404.02,0.0,0.0,0
15m,1762452900.0,2.2278,2.2287,2.2109,2.2196,1450694.38,0.0,0.0,0
15m,1762453800.0,2.2196,2.24,2.2187,2.235,1043970.68,0.0,0.0,0
15m,1762454700.0,2.235,2.2447,2.2289,2.2313,491245.57,0.0,0.0,0
15m,1762455600.0,2.2313,2.2325,2.2228,2.2294,469227.5,0.0,0.0,0
15m,1762456500.0,2.2294,2.2328,2.2214,2.2222,456452.09,0.0,0.0,0
15m,1762457400.0,2.2222,2.2225,2.203,2.2113,1180703.08,0.0,0.0,0
15m,1762458300.0,2.2113,2.2161,2.2033,2.2113,935653.13,0.0,0.0,0
15m,1762459200.0,2.2113,2.223,2.2113,2.2133,634255.7,0.0,0.0,0
15m,1762460100.0,2.2133,2.2253,2.2105,2.2111,556175.37,0.0,0.0,0
15m,1762461000.0,2.2111,2.2119,2.1886,2.1909,1935301.82,0.0,0.0,0
15m,1762461900.0,2.1909,2.2007,2.1796,2.1944,2498876.75,0.0,0.0,0
15m,1762462800.0,2.1944,2.1999,2.1795,2.1968,1265908.56,0.0,0.0,0
15m,1762463700.0,2.1968,2.2089,2.1948,2.2014,808801.16,0.0,0.0,0
15m,1762464600.0,2.2014,2.2176,2.2001,2.2139,1518879.12,0.0,0.0,0
15m,1762465500.0,2.2139,2.2188,2.206,2.2153,956653.74,0.0,0.0,0
15m,1762466400.0,2.2153,2.2235,2.2126,2.2183,1473950.26,0.0,0.0,0
15m,1762467300.0,2.2183,2.2238,2.2147,2.2171,490680.52,0.0,0.0,0
15m,1762468200.0,2.2171,2.221,2.2073,2.2135,406229.22,0.0,0.0,0
15m,1762469100.0,2.2135,2.2223,2.2075,2.219,293884.43,0.0,0.0,0
15m,1762470000.0,2.219,2.2193,2.2035,2.2082,667705.73,0.0,0.0,0
15m,1762470900.0,2.2082,2.21,2.199,2.2056,824142.13,0.0,0.0,0
15m,1762471800.0,2.2056,2.2081,2.1986,2.208,408446.09,0.0,0.0,0
15m,1762472700.0,2.208,2.214,2.208,2.2132,459901.13,0.0,0.0,0
15m,1762473600.0,2.2132,2.2205,2.2095,2.2149,1093774.25,0.0,0.0,0
15m,1762474500.0,2.2149,2.2215,2.2043,2.2071,861935.36,0.0,0.0,0
15m,1762475400.0,2.2071,2.2237,2.2052,2.2236,511923.83,0.0,0.0,0
15m,1762476300.0,2.2236,2.2278,2.2134,2.2201,743758.82,0.0,0.0,0
15m,1762477200.0,2.2201,2.2255,2.2043,2.2141,1083091.69,0.0,0.0,0
15m,1762478100.0,2.2141,2.2251,2.211,2.2166,646048.83,0.0,0.0,0
15m,1762479000.0,2.2166,2.2166,2.1919,2.2004,1086593.71,0.0,0.0,0
15m,1762479900.0,2.2004,2.2192,2.1938,2.2187,609721.06,0.0,0.0,0
15m,1762480800.0,2.2187,2.2214,2.2112,2.2123,502860.8,0.0,0.0,0
15m,1762481700.0,2.2123,2.2168,2.2029,2.2067,597172.16,0.0,0.0,0
15m,1762482600.0,2.2067,2.2184,2.206,2.2159,349415.8,0.0,0.0,0
15m,1762483500.0,2.2159,2.2229,2.2132,2.222,673296.9,0.0,0.0,0
15m,1762484400.0,2.222,2.2371,2.22,2.2368,948089.93,0.0,0.0,0
15m,1762485300.0,2.2368,2.237,2.2289,2.2347,531890.7,0.0,0.0,0
15m,1762486200.0,2.2347,2.2347,2.2255,2.2277,372696.52,0.0,0.0,0
15m,1762487100.0,2.2277,2.2306,2.2235,2.229,303750.73,0.0,0.0,0
15m,1762488000.0,2.229,2.2305,2.2148,2.2155,400479.65,0.0,0.0,0
15m,1762488900.0,2.2155,2.2314,2.2155,2.2248,1153615.46,0.0,0.0,0
15m,1762489800.0,2.2248,2.2248,2.2116,2.2164,229207.28,0.0,0.0,0
15m,1762490700.0,2.2164,2.224,2.2139,2.2214,505622.87,0.0,0.0,0
15m,1762491600.0,2.2214,2.238,2.2201,2.2334,359067.58,0.0,0.0,0
15m,1762492500.0,2.2334,2.2357,2.2267,2.23,298148.5,0.0,0.0,0
15m,1762493400.0,2.23,2.2326,2.2268,2.2297,291354.64,0.0,0.0,0
15m,1762494300.0,2.2297,2.2384,2.2261,2.2365,305386.29,0.0,0.0,0
15m,1762495200.0,2.2365,2.2382,2.2313,2.2344,225506.02,0.0,0.0,0
15m,1762496100.0,2.2344,2.2402,2.2331,2.236,252812.28,0.0,0.0,0
15m,1762497000.0,2.236,2.236,2.2266,2.2273,312301.97,0.0,0.0,0
15m,1762497900.0,2.2273,2.2277,2.2222,2.2223,327095.01,0.0,0.0,0
15m,1762498800.0,2.2223,2.2277,2.2221,2.2258,149940.76,0.0,0.0,0
15m,1762499700.0,2.2258,2.2317,2.2191,2.2235,215730.09,0.0,0.0,0
15m,1762500600.0,2.2235,2.2248,2.2172,2.2226,391635.7,0.0,0.0,0
15m,1762501500.0,2.2226,2.234,2.2225,2.2335,373112.35,0.0,0.0,0
15m,1762502400.0,2.2335,2.2348,2.2297,2.2326,184696.77,0.0,0.0,0
15m,1762503300.0,2.2326,2.2342,2.222,2.2257,250251.66,0.0,0.0,0
15m,1762504200.0,2.2257,2.2275,2.2191,2.2226,335314.89,0.0,0.0,0
15m,1762505100.0,2.2226,2.2226,2.2178,2.2191,307807.35,0.0,0.0,0
15m,1762506000.0,2.2191,2.2198,2.2073,2.2139,328457.08,0.0,0.0,0
15m,1762506900.0,2.2139,2.22,2.1988,2.1999,295755.11,0.0,0.0,0
15m,1762507800.0,2.1999,2.2061,2.1922,2.1966,968181.03,0.0,0.0,0
15m,1762508700.0,2.1966,2.2031,2.1956,2.2011,335545.53,0.0,0.0,0
15m,1762509600.0,2.2011,2.2111,2.1966,2.2015,279358.82,0.0,0.0,0
15m,1762510500.0,2.2015,2.2021,2.1866,2.1908,469684.24,0.0,0.0,0
15m,1762511400.0,2.1908,2.1971,2.1898,2.1971,288041.6,0.0,0.0,0
15m,1762512300.0,2.1971,2.1977,2.1776,2.1853,472182.02,0.0,0.0,0
15m,1762513200.0,2.1853,2.1853,2.1683,2.1683,798320.97,0.0,0.0,0
15m,1762514100.0,2.1683,2.1828,2.1632,2.1743,1160920.23,0.0,0.0,0
15m,1762515000.0,2.1743,2.1854,2.1715,2.1818,693323.19,0.0,0.0,0
15m,1762515900.0,2.1818,2.1946,2.1783,2.1879,1216360.69,0.0,0.0,0
15m,1762516800.0,2.1879,2.1976,2.1836,2.1846,1284374.23,0.0,0.0,0
15m,1762517700.0,2.1846,2.1848,2.1645,2.169,1327241.25,0.0,0.0,0
15m,1762518600.0,2.169,2.1712,2.1569,2.1677,1131863.44,0.0,0.0,0
15m,1762519500.0,2.1677,2.1713,2.1538,2.1687,1049653.29,0.0,0.0,0
15m,1762520400.0,2.1687,2.1806,2.1584,2.1747,718682.81,0.0,0.0,0
15m,1762521300.0,2.1747,2.1978,2.1726,2.1821,843949.69,0.0,0.0,0
15m,1762522200.0,2.1821,2.1909,2.1784,2.1823,428162.83,0.0,0.0,0
15m,1762523100.0,2.1823,2.1937,2.1814,2.1868,454023.24,0.0,0.0,0
15m,1762524000.0,2.1868,2.1963,2.1799,2.1903,376827.63,0.0,0.0,0
15m,1762524900.0,2.1903,2.1907,2.1796,2.1867,479996.61,0.0,0.0,0
15m,1762525800.0,2.1867,2.2004,2.1573,2.2004,2307610.01,0.0,0.0,0
15m,1762526700.0,2.2004,2.2154,2.191,2.2047,1422248.61,0.0,0.0,0
15m,1762527600.0,2.2047,2.2163,2.1887,2.2095,1490203.58,0.0,0.0,0
15m,1762528500.0,2.2095,2.2154,2.1966,2.2076,1174150.14,0.0,0.0,0
15m,1762529400.0,2.2076,2.2097,2.1962,2.207,1631148.92,0.0,0.0,0
15m,1762530300.0,2.207,2.2207,2.2042,2.2127,871410.17,0.0,0.0,0
15m,1762531200.0,2.2127,2.2181,2.2021,2.2056,1023499.68,0.0,0.0,0
15m,1762532100.0,2.2056,2.2478,2.2047,2.2438,1126784.81,0.0,0.0,0
15m,1762533000.0,2.2438,2.2495,2.2301,2.2481,1498485.77,0.0,0.0,0
15m,1762533900.0,2.2481,2.2778,2.2454,2.2638,2571409.32,0.0,0.0,0
15m,1762534800.0,2.2638,2.2765,2.2509,2.2737,1076240.33,0.0,0.0,0
15m,1762535700.0,2.2737,2.3192,2.2726,2.3187,3093052.12,0.0,0.0,0
15m,1762536600.0,2.3187,2.3389,2.3087,2.3212,2194047.31,0.0,0.0,0
15m,1762537500.0,2.3212,2.3218,2.2928,2.3097,1386661.91,0.0,0.0,0
15m,1762538400.0,2.3097,2.3256,2.3003,2.3195,1172816.16,0.0,0.0,0
15m,1762539300.0,2.3195,2.335,2.3133,2.3332,921453.76,0.0,0.0,0
15m,1762540200.0,2.3332,2.3494,2.3261,2.3377,1173365.81,0.0,0.0,0
15m,1762541100.0,2.3377,2.3404,2.3266,2.3366,677447.81,0.0,0.0,0
15m,1762542000.0,2.3366,2.348,2.3241,2.3454,689160.88,0.0,0.0,0
15m,1762542900.0,2.3454,2.3474,2.3349,2.3376,487865.04,0.0,0.0,0
15m,1762543800.0,2.3376,2.3556,2.3354,2.3521,569484.64,0.0,0.0,0
15m,1762544700.0,2.3521,2.3536,2.3415,2.3531,460106.0,0.0,0.0,0
15m,1762545600.0,2.3531,2.3573,2.3374,2.3498,790226.81,0.0,0.0,0
15m,1762546500.0,2.3498,2.3512,2.3336,2.3427,657300.14,0.0,0.0,0
15m,1762547400.0,2.3427,2.369,2.3427,2.3674,822195.19,0.0,0.0,0
15m,1762548300.0,2.3674,2.3724,2.3576,2.3644,1077179.05,0.0,0.0,0
15m,1762549200.0,2.3644,2.3652,2.3517,2.3531,768932.46,0.0,0.0,0
15m,1762550100.0,2.3531,2.3579,2.3452,2.3497,465841.96,0.0,0.0,0
15m,1762551000.0,2.3497,2.3513,2.3393,2.3427,769498.16,0.0,0.0,0
15m,1762551900.0,2.3427,2.3444,2.3343,2.3431,747868.93,0.0,0.0,0
15m,1762552800.0,2.3431,2.3492,2.3311,2.3371,580741.67,0.0,0.0,0
15m,1762553700.0,2.3371,2.341,2.3315,2.3403,431573.42,0.0,0.0,0
15m,1762554600.0,2.3403,2.3405,2.3269,2.3326,517795.88,0.0,0.0,0
15m,1762555500.0,2.3326,2.339,2.326,2.3301,609128.53,0.0,0.0,0
15m,1762556400.0,2.3301,2.3314,2.3203,2.3213,879114.37,0.0,0.0,0
15m,1762557300.0,2.3213,2.323,2.312,2.3153,1150155.21,0.0,0.0,0
15m,1762558200.0,2.3153,2.3262,2.3153,2.3187,746375.1,0.0,0.0,0
15m,1762559100.0,2.3187,2.3224,2.3131,2.3158,598389.2,0.0,0.0,0
15m,1762560000.0,2.3158,2.3239,2.3147,2.3224,1316016.35,0.0,0.0,0
15m,1762560900.0,2.3224,2.3269,2.3083,2.3118,647220.46,0.0,0.0,0
15m,1762561800.0,2.3118,2.3142,2.2993,2.3091,956216.8,0.0,0.0,0
15m,1762562700.0,2.3091,2.3275,2.3002,2.3005,988840.87,0.0,0.0,0
15m,1762563600.0,2.3005,2.3185,2.2992,2.31,710912.59,0.0,0.0,0
15m,1762564500.0,2.31,2.3194,2.3098,2.3128,398722.3,0.0,0.0,0
15m,1762565400.0,2.3128,2.3183,2.3057,2.3111,410445.25,0.0,0.0,0
15m,1762566300.0,2.3111,2.314,2.3044,2.3105,340454.79,0.0,0.0,0
15m,1762567200.0,2.3105,2.3201,2.3041,2.3165,327735.91,0.0,0.0,0
15m,1762568100.0,2.3165,2.3265,2.3148,2.3211,352607.42,0.0,0.0,0
15m,1762569000.0,2.3211,2.333,2.3207,2.3283,470214.44,0.0,0.0,0
15m,1762569900.0,2.3283,2.3327,2.3157,2.3171,261459.14,0.0,0.0,0
15m,1762570800.0,2.3171,2.3317,2.316,2.3246,298031.75,0.0,0.0,0
15m,1762571700.0,2.3246,2.3373,2.318,2.3299,763096.04,0.0,0.0,0
15m,1762572600.0,2.3299,2.3307,2.3124,2.3151,317263.56,0.0,0.0,0
15m,1762573500.0,2.3151,2.3268,2.3151,2.319,816299.76,0.0,0.0,0
15m,1762574400.0,2.319,2.3303,2.3189,2.3272,327833.47,0.0,0.0,0
15m,1762575300.0,2.3272,2.3313,2.3205,2.3219,374301.16,0.0,0.0,0
15m,1762576200.0,2.3219,2.3354,2.3197,2.3334,611576.97,0.0,0.0,0
15m,1762577100.0,2.3334,2.3362,2.3253,2.3268,327686.35,0.0,0.0,0
15m,1762578000.0,2.3268,2.3338,2.3238,2.3288,430553.47,0.0,0.0,0
15m,1762578900.0,2.3288,2.3343,2.322,2.3285,413751.68,0.0,0.0,0
15m,1762579800.0,2.3285,2.3286,2.3131,2.3159,297559.62,0.0,0.0,0
15m,1762580700.0,2.3159,2.3203,2.3097,2.315,313185.14,0.0,0.0,0
15m,1762581600.0,2.315,2.3184,2.2947,2.2963,1039208.37,0.0,0.0,0
15m,1762582500.0,2.2963,2.3099,2.2962,2.3019,498652.77,0.0,0.0,0
15m,1762583400.0,2.3019,2.3208,2.3018,2.3174,287719.14,0.0,0.0,0
15m,1762584300.0,2.3174,2.3243,2.3171,2.3232,287360.78,0.0,0.0,0
15m,1762585200.0,2.3232,2.3254,2.315,2.3208,158321.29,0.0,0.0,0
15m,1762586100.0,2.3208,2.3247,2.2995,2.31,671692.22,0.0,0.0,0
15m,1762587000.0,2.31,2.3184,2.304,2.3178,230960.4,0.0,0.0,0
15m,1762587900.0,2.3178,2.3289,2.3173,2.3227,303949.08,0.0,0.0,0
15m,1762588800.0,2.3227,2.3299,2.3211,2.3243,238871.62,0.0,0.0,0
15m,1762589700.0,2.3243,2.334,2.3136,2.332,375155.55,0.0,0.0,0
15m,1762590600.0,2.332,2.3331,2.3269,2.3278,296951.26,0.0,0.0,0
15m,1762591500.0,2.3278,2.3282,2.3216,2.322,201058.55,0.0,0.0,0
15m,1762592400.0,2.322,2.3224,2.3145,2.319,228932.87,0.0,0.0,0
15m,1762593300.0,2.319,2.3273,2.3163,2.3244,305455.06,0.0,0.0,0
15m,1762594200.0,2.3244,2.3272,2.3162,2.3166,233490.08,0.0,0.0,0
15m,1762595100.0,2.3166,2.3175,2.3082,2.3118,211040.06,0.0,0.0,0
15m,1762596000.0,2.3118,2.3193,2.3082,2.318,136920.25,0.0,0.0,0
15m,1762596900.0,2.318,2.3197,2.312,2.3173,189681.34,0.0,0.0,0
15m,1762597800.0,2.3173,2.3176,2.3119,2.313,158256.23,0.0,0.0,0
15m,1762598700.0,2.313,2.3169,2.312,2.3132,74253.39,0.0,0.0,0
15m,1762599600.0,2.3132,2.3183,2.3103,2.3177,161859.7,0.0,0.0,0
15m,1762600500.0,2.3177,2.3177,2.3114,2.3152,161592.69,0.0,0.0,0
15m,1762601400.0,2.3152,2.3154,2.2986,2.2999,387019.51,0.0,0.0,0
15m,1762602300.0,2.2999,2.3025,2.291,2.2958,1355398.61,0.0,0.0,0
15m,1762603200.0,2.2958,2.302,2.2879,2.2886,384152.39,0.0,0.0,0
15m,1762604100.0,2.2886,2.2988,2.2886,2.2969,600774.71,0.0,0.0,0
15m,1762605000.0,2.2969,2.297,2.2907,2.2909,139880.54,0.0,0.0,0
15m,1762605900.0,2.2909,2.2946,2.2878,2.2943,194763.83,0.0,0.0,0
15m,1762606800.0,2.2943,2.2954,2.2757,2.285,556546.83,0.0,0.0,0
15m,1762607700.0,2.285,2.2887,2.2778,2.2871,309086.09,0.0,0.0,0
15m,1762608600.0,2.2871,2.2894,2.2759,2.2861,456777.1,0.0,0.0,0
15m,1762609500.0,2.2861,2.287,2.2778,2.2787,261908.47,0.0,0.0,0
15m,1762610400.0,2.2787,2.2811,2.2675,2.2705,836007.97,0.0,0.0,0
15m,1762611300.0,2.2705,2.2765,2.2628,2.2722,651196.45,0.0,0.0,0
15m,1762612200.0,2.2722,2.2856,2.2702,2.279,463293.34,0.0,0.0,0
15m,1762613100.0,2.279,2.2843,2.276,2.2762,332614.95,0.0,0.0,0
15m,1762614000.0,2.2762,2.2776,2.2646,2.2701,319374.58,0.0,0.0,0
15m,1762614900.0,2.2701,2.273,2.2539,2.2607,480415.08,0.0,0.0,0
15m,1762615800.0,2.2607,2.2624,2.2425,2.2471,608654.64,0.0,0.0,0
15m,1762616700.0,2.2471,2.258,2.2466,2.2559,320627.03,0.0,0.0,0
15m,1762617600.0,2.2559,2.2684,2.2509,2.2667,713045.63,0.0,0.0,0
15m,1762618500.0,2.2667,2.2688,2.2576,2.2648,243290.21,0.0,0.0,0
15m,1762619400.0,2.2648,2.2737,2.2608,2.2655,301388.02,0.0,0.0,0
15m,1762620300.0,2.2655,2.2671,2.2558,2.2647,249196.82,0.0,0.0,0
15m,1762621200.0,2.2647,2.2651,2.2533,2.2543,426099.29,0.0,0.0,0
15m,1762622100.0,2.2543,2.2667,2.2543,2.2622,256101.63,0.0,0.0,0
15m,1762623000.0,2.2622,2.2681,2.2587,2.2656,236824.94,0.0,0.0,0
15m,1762623900.0,2.2656,2.271,2.2632,2.2708,160444.3,0.0,0.0,0
15m,1762624800.0,2.2708,2.2718,2.2674,2.2709,255397.92,0.0,0.0,0
15m,1762625700.0,2.2709,2.2709,2.2622,2.2667,307179.11,0.0,0.0,0
15m,1762626600.0,2.2667,2.2752,2.2667,2.2729,180816.32,0.0,0.0,0
15m,1762627500.0,2.2729,2.2793,2.2724,2.278,134591.88,0.0,0.0,0
15m,1762628400.0,2.278,2.2781,2.2727,2.2743,127152.3,0.0,0.0,0
15m,1762629300.0,2.2743,2.275,2.2543,2.2604,307872.91,0.0,0.0,0
15m,1762630200.0,2.2604,2.2705,2.2579,2.2699,129857.08,0.0,0.0,0
15m,1762631100.0,2.2699,2.2744,2.2671,2.2731,92025.75,0.0,0.0,0
15m,1762632000.0,2.2731,2.2772,2.272,2.2743,115956.68,0.0,0.0,0
15m,1762632900.0,2.2743,2.2781,2.2733,2.2771,181671.08,0.0,0.0,0
15m,1762633800.0,2.2771,2.2794,2.2743,2.278,123437.38,0.0,0.0,0
15m,1762634700.0,2.278,2.2809,2.2754,2.2779,88943.18,0.0,0.0,0
15m,1762635600.0,2.2779,2.2825,2.2746,2.2756,276072.68,0.0,0.0,0
15m,1762636500.0,2.2756,2.2844,2.2756,2.282,340593.13,0.0,0.0,0
15m,1762637400.0,2.282,2.2896,2.2796,2.2873,404871.61,0.0,0.0,0
15m,1762638300.0,2.2873,2.2878,2.2834,2.2858,571943.03,0.0,0.0,0
15m,1762639200.0,2.2858,2.2889,2.2793,2.2878,279084.29,0.0,0.0,0
15m,1762640100.0,2.2878,2.289,2.2822,2.2864,129638.26,0.0,0.0,0
15m,1762641000.0,2.2864,2.2869,2.2788,2.2799,236826.65,0.0,0.0,0
15m,1762641900.0,2.2799,2.2881,2.2798,2.2873,100276.74,0.0,0.0,0
15m,1762642800.0,2.2873,2.2875,2.2808,2.2814,188460.07,0.0,0.0,0
15m,1762643700.0,2.2814,2.2849,2.281,2.2844,221388.44,0.0,0.0,0
15m,1762644600.0,2.2844,2.2858,2.2816,2.2851,269518.15,0.0,0.0,0
15m,1762645500.0,2.2851,2.2873,2.2835,2.2866,132802.14,0.0,0.0,0
15m,1762646400.0,2.2866,2.2871,2.2776,2.2776,456201.33,0.0,0.0,0
15m,1762647300.0,2.2776,2.2787,2.2711,2.2763,498178.86,0.0,0.0,0
15m,1762648200.0,2.2763,2.2851,2.2762,2.2817,355304.7,0.0,0.0,0
15m,1762649100.0,2.2817,2.2826,2.2719,2.274,194322.7,0.0,0.0,0
15m,1762650000.0,2.274,2.2822,2.2735,2.2794,225699.5,0.0,0.0,0
15m,1762650900.0,2.2794,2.2801,2.2746,2.2761,199423.52,0.0,0.0,0
15m,1762651800.0,2.2761,2.2806,2.2701,2.2806,216945.38,0.0,0.0,0
15m,1762652700.0,2.2806,2.2862,2.2806,2.2851,174596.8,0.0,0.0,0
15m,1762653600.0,2.2851,2.2851,2.2754,2.2769,195733.03,0.0,0.0,0
15m,1762654500.0,2.2769,2.2837,2.2758,2.2759,215452.7,0.0,0.0,0
15m,1762655400.0,2.2759,2.2759,2.259,2.2633,774907.43,0.0,0.0,0
15m,1762656300.0,2.2633,2.2692,2.2552,2.2588,619600.05,0.0,0.0,0
15m,1762657200.0,2.2588,2.2649,2.2568,2.2612,203231.65,0.0,0.0,0
15m,1762658100.0,2.2612,2.2647,2.2393,2.2455,1155346.84,0.0,0.0,0
15m,1762659000.0,2.2455,2.2527,2.2404,2.2487,514113.28,0.0,0.0,0
15m,1762659900.0,2.2487,2.2574,2.2459,2.254,415554.66,0.0,0.0,0
15m,1762660800.0,2.254,2.2603,2.2532,2.258,341131.49,0.0,0.0,0
15m,1762661700.0,2.258,2.2653,2.2576,2.2639,225138.0,0.0,0.0,0
15m,1762662600.0,2.2639,2.2651,2.2542,2.256,225463.46,0.0,0.0,0
15m,1762663500.0,2.256,2.2637,2.2544,2.2612,103091.01,0.0,0.0,0
15m,1762664400.0,2.2612,2.2613,2.2531,2.261,320282.49,0.0,0.0,0
15m,1762665300.0,2.261,2.2707,2.261,2.2706,430139.5,0.0,0.0,0
15m,1762666200.0,2.2706,2.2733,2.2626,2.2678,211234.85,0.0,0.0,0
15m,1762667100.0,2.2678,2.2739,2.2671,2.2714,185215.27,0.0,0.0,0
15m,1762668000.0,2.2714,2.2731,2.2678,2.273,140238.86,0.0,0.0,0
15m,1762668900.0,2.273,2.2831,2.273,2.2817,383885.43,0.0,0.0,0
15m,1762669800.0,2.2817,2.2873,2.2781,2.2834,252371.43,0.0,0.0,0
15m,1762670700.0,2.2834,2.2843,2.2758,2.2795,159317.13,0.0,0.0,0
15m,1762671600.0,2.2795,2.2874,2.2783,2.287,198123.52,0.0,0.0,0
15m,1762672500.0,2.287,2.2899,2.2834,2.2888,157279.29,0.0,0.0,0
15m,1762673400.0,2.2888,2.299,2.2888,2.2949,325605.93,0.0,0.0,0
15m,1762674300.0,2.2949,2.2975,2.2924,2.2957,240099.93,0.0,0.0,0
15m,1762675200.0,2.2957,2.2961,2.2889,2.2945,198082.26,0.0,0.0,0
15m,1762676100.0,2.2945,2.2945,2.2825,2.2827,176172.43,0.0,0.0,0
15m,1762677000.0,2.2827,2.2885,2.2781,2.2819,238251.51,0.0,0.0,0
15m,1762677900.0,2.2819,2.2822,2.2755,2.2808,202560.77,0.0,0.0,0
15m,1762678800.0,2.2808,2.2887,2.2808,2.2858,176970.91,0.0,0.0,0
15m,1762679700.0,2.2858,2.2911,2.282,2.2827,111328.25,0.0,0.0,0
15m,1762680600.0,2.2827,2.2842,2.2768,2.2782,236645.0,0.0,0.0,0
15m,1762681500.0,2.2782,2.2787,2.2687,2.2693,225241.43,0.0,0.0,0
15m,1762682400.0,2.2693,2.2694,2.2572,2.2599,289996.36,0.0,0.0,0
15m,1762683300.0,2.2599,2.2671,2.2578,2.2646,248765.18,0.0,0.0,0
15m,1762684200.0,2.2646,2.2651,2.2528,2.2611,386312.11,0.0,0.0,0
15m,1762685100.0,2.2611,2.2667,2.2606,2.2665,253371.06,0.0,0.0,0
15m,1762686000.0,2.2665,2.2778,2.266,2.2775,324574.16,0.0,0.0,0
15m,1762686900.0,2.2775,2.2779,2.2717,2.2734,183182.45,0.0,0.0,0
15m,1762687800.0,2.2734,2.2748,2.268,2.2743,162339.08,0.0,0.0,0
15m,1762688700.0,2.2743,2.278,2.2715,2.2749,386940.48,0.0,0.0,0
15m,1762689600.0,2.2749,2.2766,2.2699,2.2759,159445.87,0.0,0.0,0
15m,1762690500.0,2.2759,2.2834,2.275,2.2757,466000.86,0.0,0.0,0
15m,1762691400.0,2.2757,2.2795,2.273,2.2777,178291.03,0.0,0.0,0
15m,1762692300.0,2.2777,2.2794,2.2749,2.2753,219089.04,0.0,0.0,0
15m,1762693200.0,2.2753,2.2831,2.2711,2.2818,247347.42,0.0,0.0,0
15m,1762694100.0,2.2818,2.2825,2.2761,2.2808,264015.55,0.0,0.0,0
15m,1762695000.0,2.2808,2.2867,2.2785,2.2814,484193.36,0.0,0.0,0
15m,1762695900.0,2.2814,2.2863,2.2748,2.2777,1242741.1,0.0,0.0,0
15m,1762696800.0,2.2777,2.2829,2.2672,2.2801,1165310.44,0.0,0.0,0
15m,1762697700.0,2.2801,2.3187,2.2787,2.3166,1604545.04,0.0,0.0,0
15m,1762698600.0,2.3166,2.3279,2.2988,2.3022,1586894.83,0.0,0.0,0
15m,1762699500.0,2.3022,2.3036,2.2879,2.2913,962993.7,0.0,0.0,0
15m,1762700400.0,2.2913,2.3036,2.2889,2.3002,561204.69,0.0,0.0,0
15m,1762701300.0,2.3002,2.3112,2.2986,2.3104,802752.63,0.0,0.0,0
15m,1762702200.0,2.3104,2.3187,2.3076,2.3158,699985.84,0.0,0.0,0
15m,1762703100.0,2.3158,2.3336,2.3128,2.3145,1449382.98,0.0,0.0,0
15m,1762704000.0,2.3145,2.317,2.3023,2.3032,576765.75,0.0,0.0,0
15m,1762704900.0,2.3032,2.32,2.301,2.3168,832758.14,0.0,0.0,0
15m,1762705800.0,2.3168,2.3222,2.312,2.3198,654101.16,0.0,0.0,0
15m,1762706700.0,2.3198,2.332,2.3193,2.3262,526132.25,0.0,0.0,0
15m,1762707600.0,2.3262,2.327,2.3165,2.3177,246287.82,0.0,0.0,0
15m,1762708500.0,2.3177,2.3182,2.3068,2.3145,539927.9,0.0,0.0,0
15m,1762709400.0,2.3145,2.3181,2.3036,2.3064,634551.09,0.0,0.0,0
15m,1762710300.0,2.3064,2.309,2.3044,2.309,145687.09,0.0,0.0,0
15m,1762711200.0,2.309,2.3111,2.3025,2.3025,286364.7,0.0,0.0,0
15m,1762712100.0,2.3025,2.3078,2.302,2.3053,76361.1,0.0,0.0,0
15m,1762713000.0,2.3053,2.3167,2.3032,2.3166,191386.05,0.0,0.0,0
15m,1762713900.0,2.3166,2.3299,2.3148,2.3276,305621.13,0.0,0.0,0
15m,1762714800.0,2.3276,2.3332,2.3255,2.3265,244564.82,0.0,0.0,0
15m,1762715700.0,2.3265,2.3369,2.3231,2.3362,316343.29,0.0,0.0,0
15m,1762716600.0,2.3362,2.3436,2.3349,2.3368,693873.01,0.0,0.0,0
15m,1762717500.0,2.3368,2.3495,2.335,2.3489,451590.97,0.0,0.0,0
15m,1762718400.0,2.3489,2.3547,2.3387,2.3402,787062.75,0.0,0.0,0
15m,1762719300.0,2.3402,2.3452,2.3359,2.3402,307933.4,0.0,0.0,0
15m,1762720200.0,2.3402,2.3476,2.3386,2.3401,255492.66,0.0,0.0,0
15m,1762721100.0,2.3401,2.3416,2.3369,2.3402,256353.26,0.0,0.0,0
15m,1762722000.0,2.3402,2.3444,2.3318,2.3338,261474.92,0.0,0.0,0
15m,1762722900.0,2.3338,2.3422,2.3335,2.3394,167506.46,0.0,0.0,0
15m,1762723800.0,2.3394,2.3407,2.3335,2.3385,321977.36,0.0,0.0,0
15m,1762724700.0,2.3385,2.3408,2.3328,2.3383,231669.99,0.0,0.0,0
15m,1762725600.0,2.3383,2.3438,2.33,2.3438,536489.6,0.0,0.0,0
15m,1762726500.0,2.3438,2.3438,2.3308,2.3312,224061.69,0.0,0.0,0
15m,1762727400.0,2.3312,2.3347,2.324,2.3347,257699.99,0.0,0.0,0
15m,1762728300.0,2.3347,2.3547,2.3347,2.3545,853676.61,0.0,0.0,0
15m,1762729200.0,2.3545,2.3955,2.3545,2.3685,2182879.63,0.0,0.0,0
15m,1762730100.0,2.3685,2.3742,2.3546,2.3554,520933.8,0.0,0.0,0
15m,1762731000.0,2.3554,2.3657,2.3554,2.3596,406653.83,0.0,0.0,0
15m,1762731900.0,2.3596,2.3726,2.359,2.3664,553976.49,0.0,0.0,0
15m,1762732800.0,2.3664,2.3712,2.3461,2.3678,793163.29,0.0,0.0,0
15m,1762733700.0,2.3678,2.3888,2.3648,2.3795,935131.76,0.0,0.0,0
15m,1762734600.0,2.3795,2.4088,2.3787,2.4074,1039094.08,0.0,0.0,0
15m,1762735500.0,2.4074,2.4284,2.4052,2.4163,1254836.27,0.0,0.0,0
15m,1762736400.0,2.4163,2.4284,2.4004,2.4069,1080245.21,0.0,0.0,0
15m,1762737300.0,2.4069,2.412,2.3947,2.402,683828.36,0.0,0.0,0
15m,1762738200.0,2.402,2.4132,2.3976,2.4001,391960.17,0.0,0.0,0
15m,1762739100.0,2.4001,2.4112,2.3968,2.3995,429840.55,0.0,0.0,0
15m,1762740000.0,2.3995,2.4046,2.3866,2.402,571577.67,0.0,0.0,0
15m,1762740900.0,2.402,2.4106,2.3968,2.4048,261871.86,0.0,0.0,0
15m,1762741800.0,2.4048,2.4139,2.4017,2.4031,370777.84,0.0,0.0,0
15m,1762742700.0,2.4031,2.4241,2.4027,2.424,674732.52,0.0,0.0,0
15m,1762743600.0,2.424,2.448,2.424,2.4375,1148584.23,0.0,0.0,0
15m,1762744500.0,2.4375,2.445,2.4342,2.4426,550296.66,0.0,0.0,0
15m,1762745400.0,2.4426,2.4777,2.4398,2.4763,1465039.02,0.0,0.0,0
15m,1762746300.0,2.4763,2.4763,2.4582,2.4617,1688027.16,0.0,0.0,0
15m,1762747200.0,2.4617,2.4733,2.4597,2.4616,848497.71,0.0,0.0,0
15m,1762748100.0,2.4616,2.4715,2.4551,2.4632,1018573.84,0.0,0.0,0
15m,1762749000.0,2.4632,2.4703,2.4556,2.4575,940567.32,0.0,0.0,0
15m,1762749900.0,2.4575,2.468,2.452,2.4648,711609.2,0.0,0.0,0
15m,1762750800.0,2.4648,2.4714,2.4588,2.4601,420928.01,0.0,0.0,0
15m,1762751700.0,2.4601,2.4616,2.4481,2.4573,451785.46,0.0,0.0,0
15m,1762752600.0,2.4573,2.4643,2.4401,2.4488,859953.3,0.0,0.0,0
15m,1762753500.0,2.4488,2.4553,2.4467,2.453,370302.98,0.0,0.0,0
15m,1762754400.0,2.453,2.458,2.4453,2.4562,479363.35,0.0,0.0,0
15m,1762755300.0,2.4562,2.4606,2.4423,2.4475,422033.52,0.0,0.0,0
15m,1762756200.0,2.4475,2.4633,2.4467,2.4617,542162.31,0.0,0.0,0
15m,1762757100.0,2.4617,2.4746,2.4602,2.4724,595684.11,0.0,0.0,0
15m,1762758000.0,2.4724,2.4863,2.4698,2.4819,814260.0,0.0,0.0,0
15m,1762758900.0,2.4819,2.4819,2.4687,2.4742,536491.71,0.0,0.0,0
15m,1762759800.0,2.4742,2.4906,2.4701,2.4865,925034.81,0.0,0.0,0
15m,1762760700.0,2.4865,2.4932,2.4787,2.4806,586823.37,0.0,0.0,0
15m,1762761600.0,2.4806,2.4876,2.4715,2.4747,546509.04,0.0,0.0,0
15m,1762762500.0,2.4747,2.4864,2.4742,2.4838,644581.87,0.0,0.0,0
15m,1762763400.0,2.4838,2.4842,2.4691,2.4773,601707.51,0.0,0.0,0
15m,1762764300.0,2.4773,2.4988,2.4756,2.4967,1165488.52,0.0,0.0,0
15m,1762765200.0,2.4967,2.5011,2.4839,2.4936,909894.54,0.0,0.0,0
15m,1762766100.0,2.4936,2.5074,2.4895,2.506,828271.76,0.0,0.0,0
15m,1762767000.0,2.506,2.5256,2.5008,2.5244,1228856.56,0.0,0.0,0
15m,1762767900.0,2.5244,2.5451,2.5233,2.5389,1404512.35,0.0,0.0,0
15m,1762768800.0,2.5389,2.5423,2.5232,2.5299,1103794.51,0.0,0.0,0
15m,1762769700.0,2.5299,2.5513,2.5283,2.5394,1081255.12,0.0,0.0,0
15m,1762770600.0,2.5394,2.5525,2.5286,2.5412,1233828.55,0.0,0.0,0
15m,1762771500.0,2.5412,2.5486,2.5323,2.5408,837286.48,0.0,0.0,0
15m,1762772400.0,2.5408,2.5734,2.5386,2.563,1987546.45,0.0,0.0,0
15m,1762773300.0,2.563,2.5696,2.5501,2.5508,904286.31,0.0,0.0,0
15m,1762774200.0,2.5508,2.5508,2.5387,2.5468,894280.74,0.0,0.0,0
15m,1762775100.0,2.5468,2.5507,2.5383,2.5413,686068.38,0.0,0.0,0
15m,1762776000.0,2.5413,2.5444,2.5264,2.5348,1772792.49,0.0,0.0,0
15m,1762776900.0,2.5348,2.5372,2.5226,2.5281,1382479.58,0.0,0.0,0
15m,1762777800.0,2.5281,2.5422,2.5279,2.5358,900287.73,0.0,0.0,0
15m,1762778700.0,2.5358,2.5369,2.5272,2.5304,584297.95,0.0,0.0,0
15m,1762779600.0,2.5304,2.5562,2.5302,2.5521,807278.69,0.0,0.0,0
15m,1762780500.0,2.5521,2.5671,2.5521,2.5592,946346.02,0.0,0.0,0
15m,1762781400.0,2.5592,2.5702,2.5581,2.5587,859532.59,0.0,0.0,0
15m,1762782300.0,2.5587,2.5648,2.5562,2.5568,559657.43,0.0,0.0,0
15m,1762783200.0,2.5568,2.5602,2.5448,2.5516,701316.91,0.0,0.0,0
15m,1762784100.0,2.5516,2.5611,2.5454,2.551,761855.36,0.0,0.0,0
15m,1762785000.0,2.551,2.5527,2.5315,2.538,1490165.14,0.0,0.0,0
15m,1762785900.0,2.538,2.5415,2.4987,2.5093,3265339.88,0.0,0.0,0
15m,1762786800.0,2.5093,2.5251,2.5,2.5186,1224670.36,0.0,0.0,0
15m,1762787700.0,2.5186,2.5284,2.5142,2.525,1464907.37,0.0,0.0,0
15m,1762788600.0,2.525,2.5353,2.5203,2.5276,599748.07,0.0,0.0,0
15m,1762789500.0,2.5276,2.5337,2.5061,2.5299,1290285.11,0.0,0.0,0
15m,1762790400.0,2.5299,2.558,2.5257,2.5466,1919706.73,0.0,0.0,0
15m,1762791300.0,2.5466,2.5466,2.5223,2.526,691805.84,0.0,0.0,0
15m,1762792200.0,2.526,2.5335,2.5172,2.5226,669487.59,0.0,0.0,0
15m,1762793100.0,2.5226,2.5368,2.5131,2.5291,394140.85,0.0,0.0,0
15m,1762794000.0,2.5291,2.5449,2.5246,2.5395,343989.29,0.0,0.0,0
15m,1762794900.0,2.5395,2.5533,2.5387,2.5467,500645.8,0.0,0.0,0
15m,1762795800.0,2.5467,2.5604,2.5467,2.5578,395748.05,0.0,0.0,0
15m,1762796700.0,2.5578,2.5638,2.5482,2.5505,427701.79,0.0,0.0,0
15m,1762797600.0,2.5505,2.5544,2.5336,2.534,434064.98,0.0,0.0,0
15m,1762798500.0,2.534,2.5447,2.5338,2.5375,245334.13,0.0,0.0,0
15m,1762799400.0,2.5375,2.5489,2.5369,2.5488,302730.45,0.0,0.0,0
15m,1762800300.0,2.5488,2.5535,2.5384,2.5385,278536.56,0.0,0.0,0
15m,1762801200.0,2.5385,2.5593,2.5376,2.555,339291.56,0.0,0.0,0
15m,1762802100.0,2.555,2.5582,2.5466,2.5557,210794.1,0.0,0.0,0
15m,1762803000.0,2.5557,2.5599,2.5458,2.5561,238885.44,0.0,0.0,0
15m,1762803900.0,2.5561,2.5618,2.5472,2.5488,209526.86,0.0,0.0,0
15m,1762804800.0,2.5488,2.5586,2.5432,2.5547,349097.8,0.0,0.0,0
15m,1762805700.0,2.5547,2.5607,2.5484,2.5511,263744.9,0.0,0.0,0
15m,1762806600.0,2.5511,2.5774,2.5454,2.5767,859351.85,0.0,0.0,0
15m,1762807500.0,2.5767,2.5807,2.5558,2.564,1161552.08,0.0,0.0,0
15m,1762808400.0,2.564,2.5653,2.5284,2.5457,903814.36,0.0,0.0,0
15m,1762809300.0,2.5457,2.5518,2.5242,2.528,593536.17,0.0,0.0,0
15m,1762810200.0,2.528,2.5322,2.5174,2.5256,425246.45,0.0,0.0,0
15m,1762811100.0,2.5256,2.5279,2.5116,2.5173,451055.38,0.0,0.0,0
15m,1762812000.0,2.5173,2.5333,2.5128,2.5191,399743.29,0.0,0.0,0
15m,1762812900.0,2.5191,2.5307,2.5173,2.5267,142005.17,0.0,0.0,0
15m,1762813800.0,2.5267,2.5344,2.5203,2.525,199611.52,0.0,0.0,0
15m,1762814700.0,2.525,2.5339,2.521,2.5319,375399.78,0.0,0.0,0
15m,1762815600.0,2.5319,2.5409,2.5288,2.5337,518601.26,0.0,0.0,0
15m,1762816500.0,2.5337,2.5352,2.5229,2.5298,496997.69,0.0,0.0,0
15m,1762817400.0,2.5298,2.5358,2.5242,2.5324,360864.7,0.0,0.0,0
15m,1762818300.0,2.5324,2.5348,2.5242,2.526,299221.54,0.0,0.0,0
15m,1762819200.0,2.526,2.5464,2.5242,2.5392,829640.77,0.0,0.0,0
15m,1762820100.0,2.5392,2.543,2.5268,2.5292,361343.78,0.0,0.0,0
15m,1762821000.0,2.5292,2.5341,2.5155,2.5155,861365.43,0.0,0.0,0
15m,1762821900.0,2.5155,2.5465,2.5135,2.541,678312.5,0.0,0.0,0
15m,1762822800.0,2.541,2.5455,2.533,2.5424,398640.62,0.0,0.0,0
15m,1762823700.0,2.5424,2.5699,2.5424,2.5495,1137860.23,0.0,0.0,0
15m,1762824600.0,2.5495,2.5534,2.5323,2.5355,782266.13,0.0,0.0,0
15m,1762825500.0,2.5355,2.5456,2.5206,2.5246,582811.76,0.0,0.0,0
15m,1762826400.0,2.5246,2.5344,2.5152,2.5312,529539.27,0.0,0.0,0
15m,1762827300.0,2.5312,2.5381,2.5208,2.5378,235838.7,0.0,0.0,0
15m,1762828200.0,2.5378,2.5592,2.5359,2.5489,634920.29,0.0,0.0,0
15m,1762829100.0,2.5489,2.5541,2.5316,2.5378,416554.45,0.0,0.0,0
15m,1762830000.0,2.5378,2.5469,2.5338,2.5464,289426.02,0.0,0.0,0
15m,1762830900.0,2.5464,2.5477,2.5376,2.5376,224032.3,0.0,0.0,0
15m,1762831800.0,2.5376,2.5456,2.5345,2.5345,260444.16,0.0,0.0,0
15m,1762832700.0,2.5345,2.5365,2.5296,2.5305,192202.63,0.0,0.0,0
15m,1762833600.0,2.5305,2.5326,2.5191,2.521,398131.27,0.0,0.0,0
15m,1762834500.0,2.521,2.5275,2.5176,2.5194,308039.77,0.0,0.0,0
15m,1762835400.0,2.5194,2.5209,2.507,2.5109,859647.09,0.0,0.0,0
15m,1762836300.0,2.5109,2.5109,2.4943,2.5003,839921.17,0.0,0.0,0
15m,1762837200.0,2.5003,2.5025,2.4855,2.4889,671579.09,0.0,0.0,0
15m,1762838100.0,2.4889,2.4969,2.4868,2.4906,516164.64,0.0,0.0,0
15m,1762839000.0,2.4906,2.4918,2.4781,2.4811,710414.97,0.0,0.0,0
15m,1762839900.0,2.4811,2.4837,2.473,2.4757,766477.13,0.0,0.0,0
15m,1762840800.0,2.4757,2.4779,2.457,2.4615,2126213.07,0.0,0.0,0
15m,1762841700.0,2.4615,2.4709,2.4579,2.466,436849.5,0.0,0.0,0
15m,1762842600.0,2.466,2.4764,2.4654,2.4679,424764.25,0.0,0.0,0
15m,1762843500.0,2.4679,2.4757,2.4581,2.4737,312595.36,0.0,0.0,0
15m,1762844400.0,2.4737,2.4805,2.4602,2.4653,713410.18,0.0,0.0,0
15m,1762845300.0,2.4653,2.4675,2.4542,2.4646,724185.03,0.0,0.0,0
15m,1762846200.0,2.4646,2.4674,2.4534,2.4575,280042.6,0.0,0.0,0
15m,1762847100.0,2.4575,2.4594,2.4452,2.4478,658756.04,0.0,0.0,0
15m,1762848000.0,2.4478,2.4586,2.4421,2.4542,443842.13,0.0,0.0,0
15m,1762848900.0,2.4542,2.4599,2.4473,2.4479,460877.65,0.0,0.0,0
15m,1762849800.0,2.4479,2.45,2.4401,2.4456,651972.84,0.0,0.0,0
15m,1762850700.0,2.4456,2.4552,2.4445,2.4542,442093.18,0.0,0.0,0
15m,1762851600.0,2.4542,2.4672,2.4529,2.4572,822437.42,0.0,0.0,0
15m,1762852500.0,2.4572,2.4642,2.4528,2.4616,326719.67,0.0,0.0,0
15m,1762853400.0,2.4616,2.4667,2.4538,2.4548,531670.46,0.0,0.0,0
15m,1762854300.0,2.4548,2.4586,2.4525,2.4569,330680.33,0.0,0.0,0
15m,1762855200.0,2.4569,2.4671,2.4558,2.4634,360118.88,0.0,0.0,0
15m,1762856100.0,2.4634,2.4678,2.4565,2.4617,521587.23,0.0,0.0,0
15m,1762857000.0,2.4617,2.4647,2.4566,2.464,370695.49,0.0,0.0,0
15m,1762857900.0,2.464,2.4654,2.46,2.4634,331225.91,0.0,0.0,0
15m,1762858800.0,2.4634,2.4703,2.4625,2.4667,697980.33,0.0,0.0,0
15m,1762859700.0,2.4667,2.4667,2.4598,2.4607,908179.62,0.0,0.0,0
15m,1762860600.0,2.4607,2.4652,2.4593,2.4637,536393.84,0.0,0.0,0
15m,1762861500.0,2.4637,2.4647,2.4551,2.4603,597671.66,0.0,0.0,0
15m,1762862400.0,2.4603,2.4669,2.4568,2.4608,882279.85,0.0,0.0,0
15m,1762863300.0,2.4608,2.4644,2.4554,2.4566,618981.89,0.0,0.0,0
15m,1762864200.0,2.4566,2.4601,2.452,2.452,583663.14,0.0,0.0,0
15m,1762865100.0,2.452,2.4594,2.4485,2.4572,525574.1,0.0,0.0,0
15m,1762866000.0,2.4572,2.4696,2.4572,2.4685,304565.47,0.0,0.0,0
15m,1762866900.0,2.4685,2.4707,2.4528,2.4561,383041.44,0.0,0.0,0
15m,1762867800.0,2.4561,2.4623,2.4455,2.4539,734322.59,0.0,0.0,0
15m,1762868700.0,2.4539,2.4601,2.44,2.4445,679193.92,0.0,0.0,0
15m,1762869600.0,2.4445,2.4493,2.4327,2.4357,657751.81,0.0,0.0,0
15m,1762870500.0,2.4357,2.4506,2.4347,2.4436,564709.31,0.0,0.0,0
15m,1762871400.0,2.4436,2.4537,2.4394,2.4489,1031667.65,0.0,0.0,0
15m,1762872300.0,2.4489,2.4659,2.4391,2.463,1008290.23,0.0,0.0,0
15m,1762873200.0,2.463,2.463,2.4465,2.4513,510936.47,0.0,0.0,0
15m,1762874100.0,2.4513,2.4558,2.4407,2.4411,372886.06,0.0,0.0,0
15m,1762875000.0,2.4411,2.4412,2.4261,2.4347,1186673.99,0.0,0.0,0
15m,1762875900.0,2.4347,2.4394,2.4264,2.437,286229.53,0.0,0.0,0
15m,1762876800.0,2.437,2.4419,2.4275,2.438,425851.29,0.0,0.0,0
15m,1762877700.0,2.438,2.4416,2.428,2.4298,410519.04,0.0,0.0,0
15m,1762878600.0,2.4298,2.4364,2.4258,2.4351,282355.14,0.0,0.0,0
15m,1762879500.0,2.4351,2.4385,2.4279,2.4316,241541.03,0.0,0.0,0
15m,1762880400.0,2.4316,2.4414,2.4308,2.4386,241655.34,0.0,0.0,0
15m,1762881300.0,2.4386,2.4408,2.4232,2.4258,424419.39,0.0,0.0,0
15m,1762882200.0,2.4258,2.4284,2.4105,2.4258,846913.94,0.0,0.0,0
15m,1762883100.0,2.4258,2.4317,2.419,2.4305,231428.31,0.0,0.0,0
15m,1762884000.0,2.4305,2.4398,2.4266,2.4318,312931.44,0.0,0.0,0
15m,1762884900.0,2.4318,2.4348,2.4238,2.429,162606.17,0.0,0.0,0
15m,1762885800.0,2.429,2.4339,2.4228,2.4258,156036.34,0.0,0.0,0
15m,1762886700.0,2.4258,2.4332,2.424,2.4247,351172.94,0.0,0.0,0
15m,1762887600.0,2.4247,2.4248,2.4103,2.4192,535970.37,0.0,0.0,0
15m,1762888500.0,2.4192,2.4304,2.4192,2.4292,194246.72,0.0,0.0,0
15m,1762889400.0,2.4292,2.4321,2.4213,2.4235,198567.03,0.0,0.0,0
15m,1762890300.0,2.4235,2.4249,2.4121,2.4158,586344.49,0.0,0.0,0
15m,1762891200.0,2.4158,2.4174,2.4075,2.4144,545533.27,0.0,0.0,0
15m,1762892100.0,2.4144,2.4227,2.4119,2.4167,331735.81,0.0,0.0,0
15m,1762893000.0,2.4167,2.4167,2.402,2.4022,834223.78,0.0,0.0,0
15m,1762893900.0,2.4022,2.4119,2.3984,2.4076,862275.28,0.0,0.0,0
15m,1762894800.0,2.4076,2.417,2.4024,2.4079,685871.46,0.0,0.0,0
15m,1762895700.0,2.4079,2.4084,2.4016,2.4021,347315.79,0.0,0.0,0
15m,1762896600.0,2.4021,2.4021,2.3865,2.39,708694.97,0.0,0.0,0
15m,1762897500.0,2.39,2.3962,2.3875,2.3877,344260.66,0.0,0.0,0
15m,1762898400.0,2.3877,2.3956,2.3789,2.3954,780940.04,0.0,0.0,0
15m,1762899300.0,2.3954,2.398,2.3862,2.3961,269511.92,0.0,0.0,0
15m,1762900200.0,2.3961,2.4099,2.3935,2.405,468266.07,0.0,0.0,0
15m,1762901100.0,2.405,2.4126,2.4015,2.4028,305288.82,0.0,0.0,0
15m,1762902000.0,2.4028,2.4033,2.3898,2.3998,911633.5,0.0,0.0,0
15m,1762902900.0,2.3998,2.4045,2.3961,2.3991,602966.01,0.0,0.0,0
15m,1762903800.0,2.3991,2.3991,2.3879,2.3949,451477.27,0.0,0.0,0
15m,1762904700.0,2.3949,2.3962,2.387,2.3913,698259.99,0.0,0.0,0
15m,1762905600.0,2.3913,2.4044,2.3862,2.3949,610460.77,0.0,0.0,0
15m,1762906500.0,2.3949,2.4067,2.3928,2.4017,616921.3,0.0,0.0,0
15m,1762907400.0,2.4017,2.4027,2.3901,2.3949,387397.97,0.0,0.0,0
15m,1762908300.0,2.3949,2.3982,2.3821,2.384,408827.88,0.0,0.0,0
15m,1762909200.0,2.384,2.4039,2.3812,2.4025,480548.88,0.0,0.0,0
15m,1762910100.0,2.4025,2.4143,2.401,2.4045,815936.8,0.0,0.0,0
15m,1762911000.0,2.4045,2.4133,2.4025,2.41,298863.56,0.0,0.0,0
15m,1762911900.0,2.41,2.4135,2.4043,2.4056,246740.66,0.0,0.0,0
15m,1762912800.0,2.4056,2.4057,2.3994,2.4012,442179.99,0.0,0.0,0
15m,1762913700.0,2.4012,2.4054,2.3931,2.3953,636367.58,0.0,0.0,0
15m,1762914600.0,2.3953,2.3955,2.3824,2.391,676974.01,0.0,0.0,0
15m,1762915500.0,2.391,2.4004,2.3879,2.3936,519266.55,0.0,0.0,0
15m,1762916400.0,2.3936,2.4002,2.3898,2.3992,341548.07,0.0,0.0,0
15m,1762917300.0,2.3992,2.4033,2.3979,2.4024,300615.66,0.0,0.0,0
15m,1762918200.0,2.4024,2.4027,2.3984,2.3987,268093.43,0.0,0.0,0
15m,1762919100.0,2.3987,2.4036,2.3967,2.3991,294538.29,0.0,0.0,0
15m,1762920000.0,2.3991,2.3997,2.3921,2.3985,210675.38,0.0,0.0,0
15m,1762920900.0,2.3985,2.3991,2.3938,2.3957,204619.87,0.0,0.0,0
15m,1762921800.0,2.3957,2.3964,2.3891,2.3902,169139.11,0.0,0.0,0
15m,1762922700.0,2.3902,2.3956,2.3887,2.3949,119669.16,0.0,0.0,0
15m,1762923600.0,2.3949,2.3979,2.3909,2.3948,281919.42,0.0,0.0,0
15m,1762924500.0,2.3948,2.4084,2.3937,2.4054,362796.34,0.0,0.0,0
15m,1762925400.0,2.4054,2.4061,2.3996,2.4061,453236.93,0.0,0.0,0
15m,1762926300.0,2.4061,2.4067,2.3983,2.3997,475679.71,0.0,0.0,0
15m,1762927200.0,2.3997,2.4039,2.396,2.3984,806012.5,0.0,0.0,0
15m,1762928100.0,2.3984,2.404,2.3973,2.4022,329714.3,0.0,0.0,0
15m,1762929000.0,2.4022,2.4022,2.3941,2.3946,561280.01,0.0,0.0,0
15m,1762929900.0,2.3946,2.396,2.3884,2.3894,524574.28,0.0,0.0,0
15m,1762930800.0,2.3894,2.3894,2.3792,2.3845,819544.33,0.0,0.0,0
15m,1762931700.0,2.3845,2.3886,2.3813,2.3884,495642.93,0.0,0.0,0
15m,1762932600.0,2.3884,2.3924,2.3833,2.3891,285308.15,0.0,0.0,0
15m,1762933500.0,2.3891,2.3901,2.3631,2.3731,1293875.04,0.0,0.0,0
15m,1762934400.0,2.3731,2.3901,2.3724,2.3893,381001.59,0.0,0.0,0
15m,1762935300.0,2.3893,2.4028,2.3893,2.4024,800599.81,0.0,0.0,0
15m,1762936200.0,2.4024,2.4156,2.3982,2.4089,1127743.1,0.0,0.0,0
15m,1762937100.0,2.4089,2.4134,2.4051,2.4051,771400.7,0.0,0.0,0
15m,1762938000.0,2.4051,2.4291,2.4018,2.4226,1110694.92,0.0,0.0,0
15m,1762938900.0,2.4226,2.4268,2.4184,2.4204,1198711.8,0.0,0.0,0
15m,1762939800.0,2.4204,2.4216,2.4092,2.4196,795548.89,0.0,0.0,0
15m,1762940700.0,2.4196,2.422,2.4144,2.4195,670534.78,0.0,0.0,0
15m,1762941600.0,2.4195,2.4223,2.4163,2.4207,404981.42,0.0,0.0,0
15m,1762942500.0,2.4207,2.4265,2.4174,2.425,371179.97,0.0,0.0,0
15m,1762943400.0,2.425,2.4311,2.4208,2.4239,942546.15,0.0,0.0,0
15m,1762944300.0,2.4239,2.43,2.4214,2.423,614818.09,0.0,0.0,0
15m,1762945200.0,2.423,2.437,2.4225,2.4353,947903.82,0.0,0.0,0
15m,1762946100.0,2.4353,2.4387,2.4285,2.4293,786486.03,0.0,0.0,0
15m,1762947000.0,2.4293,2.4353,2.4287,2.432,548607.93,0.0,0.0,0
15m,1762947900.0,2.432,2.4388,2.4306,2.4381,415013.79,0.0,0.0,0
15m,1762948800.0,2.4381,2.4418,2.4329,2.4374,597722.72,0.0,0.0,0
15m,1762949700.0,2.4374,2.4451,2.4321,2.4394,999521.63,0.0,0.0,0
15m,1762950600.0,2.4394,2.4451,2.4358,2.4418,488748.96,0.0,0.0,0
15m,1762951500.0,2.4418,2.4474,2.4409,2.4431,439635.22,0.0,0.0,0
15m,1762952400.0,2.4431,2.4441,2.4337,2.4368,433805.23,0.0,0.0,0
15m,1762953300.0,2.4368,2.4424,2.4276,2.4403,324254.94,0.0,0.0,0
15m,1762954200.0,2.4403,2.4474,2.4364,2.4435,552308.97,0.0,0.0,0
15m,1762955100.0,2.4435,2.4488,2.4414,2.4461,418972.57,0.0,0.0,0
15m,1762956000.0,2.4461,2.4486,2.4372,2.4466,471345.53,0.0,0.0,0
15m,1762956900.0,2.4466,2.4486,2.4411,2.4431,302135.26,0.0,0.0,0
15m,1762957800.0,2.4431,2.4434,2.4297,2.4345,794739.89,0.0,0.0,0
15m,1762958700.0,2.4345,2.4387,2.3958,2.4127,1688459.19,0.0,0.0,0
15m,1762959600.0,2.4127,2.4245,2.4032,2.4052,785936.99,0.0,0.0,0
15m,1762960500.0,2.4052,2.4097,2.3931,2.4018,642277.61,0.0,0.0,0
15m,1762961400.0,2.4018,2.4109,2.3831,2.3879,859468.57,0.0,0.0,0
15m,1762962300.0,2.3879,2.3891,2.3636,2.3685,1497301.95,0.0,0.0,0
15m,1762963200.0,2.3685,2.374,2.3282,2.339,1925168.37,0.0,0.0,0
15m,1762964100.0,2.339,2.3509,2.3283,2.3354,1501874.03,0.0,0.0,0
15m,1762965000.0,2.3354,2.3518,2.328,2.3426,698656.82,0.0,0.0,0
15m,1762965900.0,2.3426,2.347,2.3299,2.338,548163.17,0.0,0.0,0
15m,1762966800.0,2.338,2.3462,2.3344,2.3359,530137.92,0.0,0.0,0
15m,1762967700.0,2.3359,2.3412,2.3262,2.3375,505294.69,0.0,0.0,0
15m,1762968600.0,2.3375,2.357,2.3344,2.3444,856272.98,0.0,0.0,0
15m,1762969500.0,2.3444,2.3518,2.3424,2.3486,454232.2,0.0,0.0,0
15m,1762970400.0,2.3486,2.3563,2.342,2.344,764305.38,0.0,0.0,0
15m,1762971300.0,2.344,2.353,2.3435,2.3445,423683.1,0.0,0.0,0
15m,1762972200.0,2.3445,2.3528,2.3417,2.3478,333079.8,0.0,0.0,0
15m,1762973100.0,2.3478,2.3487,2.3417,2.3435,235122.35,0.0,0.0,0
15m,1762974000.0,2.3435,2.3435,2.3257,2.327,655734.04,0.0,0.0,0
15m,1762974900.0,2.327,2.3323,2.3212,2.3265,467868.26,0.0,0.0,0
15m,1762975800.0,2.3265,2.3519,2.3161,2.3437,861183.31,0.0,0.0,0
15m,1762976700.0,2.3437,2.3441,2.335,2.338,331038.73,0.0,0.0,0
15m,1762977600.0,2.338,2.3453,2.3331,2.3392,413178.52,0.0,0.0,0
15m,1762978500.0,2.3392,2.3493,2.3386,2.349,563063.45,0.0,0.0,0
15m,1762979400.0,2.349,2.3548,2.3457,2.3509,914318.34,0.0,0.0,0
15m,1762980300.0,2.3509,2.3567,2.348,2.3539,455726.75,0.0,0.0,0
15m,1762981200.0,2.3539,2.3787,2.3537,2.3756,793295.51,0.0,0.0,0
15m,1762982100.0,2.3756,2.3774,2.3689,2.372,476174.44,0.0,0.0,0
15m,1762983000.0,2.372,2.3875,2.3717,2.3875,424386.05,0.0,0.0,0
15m,1762983900.0,2.3875,2.3943,2.3829,2.3934,459917.02,0.0,0.0,0
15m,1762984800.0,2.3934,2.3939,2.3637,2.3678,591594.17,0.0,0.0,0
15m,1762985700.0,2.3678,2.3771,2.3667,2.3699,290194.57,0.0,0.0,0
15m,1762986600.0,2.3699,2.3758,2.3635,2.3755,311386.9,0.0,0.0,0
15m,1762987500.0,2.3755,2.3812,2.3727,2.3791,164395.95,0.0,0.0,0
15m,1762988400.0,2.3791,2.3804,2.3678,2.3731,340705.93,0.0,0.0,0
15m,1762989300.0,2.3731,2.3911,2.3731,2.3842,683551.32,0.0,0.0,0
15m,1762990200.0,2.3842,2.3881,2.379,2.3808,526385.23,0.0,0.0,0
15m,1762991100.0,2.3808,2.3899,2.3784,2.3879,271995.48,0.0,0.0,0
15m,1762992000.0,2.3879,2.394,2.3826,2.3909,354954.57,0.0,0.0,0
15m,1762992900.0,2.3909,2.4041,2.3852,2.3895,469850.31,0.0,0.0,0
15m,1762993800.0,2.3895,2.4058,2.3895,2.397,424683.65,0.0,0.0,0
15m,1762994700.0,2.397,2.3976,2.387,2.3914,594901.21,0.0,0.0,0
15m,1762995600.0,2.3914,2.4145,2.3913,2.4089,708060.92,0.0,0.0,0
15m,1762996500.0,2.4089,2.4098,2.3947,2.3993,1199718.0,0.0,0.0,0
15m,1762997400.0,2.3993,2.4171,2.3982,2.4133,494044.84,0.0,0.0,0
15m,1762998300.0,2.4133,2.4149,2.4004,2.4041,341717.5,0.0,0.0,0
15m,1762999200.0,2.4041,2.4141,2.4035,2.4074,336930.87,0.0,0.0,0
15m,1763000100.0,2.4074,2.4162,2.4057,2.4101,343643.99,0.0,0.0,0
15m,1763001000.0,2.4101,2.4249,2.4091,2.4182,493023.63,0.0,0.0,0
15m,1763001900.0,2.4182,2.426,2.4157,2.4218,330149.27,0.0,0.0,0
15m,1763002800.0,2.4218,2.4247,2.3973,2.3973,635617.94,0.0,0.0,0
15m,1763003700.0,2.3973,2.4355,2.3894,2.434,1052748.49,0.0,0.0,0
15m,1763004600.0,2.434,2.491,2.4336,2.4782,1936216.19,0.0,0.0,0
15m,1763005500.0,2.4782,2.5121,2.4697,2.4833,2152170.85,0.0,0.0,0
15m,1763006400.0,2.4833,2.4902,2.4516,2.4782,1619669.97,0.0,0.0,0
15m,1763007300.0,2.4782,2.486,2.4627,2.4723,1091391.43,0.0,0.0,0
15m,1763008200.0,2.4723,2.487,2.4612,2.4779,816404.99,0.0,0.0,0
15m,1763009100.0,2.4779,2.48,2.46,2.4735,807858.97,0.0,0.0,0
15m,1763010000.0,2.4735,2.4739,2.4569,2.4593,699206.38,0.0,0.0,0
15m,1763010900.0,2.4593,2.4723,2.4579,2.4714,508052.8,0.0,0.0,0
15m,1763011800.0,2.4714,2.4801,2.4669,2.4799,424420.45,0.0,0.0,0
15m,1763012700.0,2.4799,2.4999,2.4785,2.4949,920684.61,0.0,0.0,0
15m,1763013600.0,2.4949,2.5102,2.4909,2.5026,1671495.16,0.0,0.0,0
15m,1763014500.0,2.5026,2.5188,2.5014,2.5174,857093.43,0.0,0.0,0
15m,1763015400.0,2.5174,2.5199,2.4999,2.5044,1107778.09,0.0,0.0,0
15m,1763016300.0,2.5044,2.5081,2.4978,2.5022,690738.44,0.0,0.0,0
15m,1763017200.0,2.5022,2.5171,2.4979,2.5157,926387.45,0.0,0.0,0
15m,1763018100.0,2.5157,2.5204,2.5091,2.5121,851598.05,0.0,0.0,0
15m,1763019000.0,2.5121,2.5152,2.4914,2.496,991450.76,0.0,0.0,0
15m,1763019900.0,2.496,2.4988,2.4829,2.4878,906081.99,0.0,0.0,0
15m,1763020800.0,2.4878,2.5013,2.4856,2.4982,421121.13,0.0,0.0,0
15m,1763021700.0,2.4982,2.5045,2.4892,2.4995,528794.79,0.0,0.0,0
15m,1763022600.0,2.4995,2.5073,2.4979,2.5072,273284.18,0.0,0.0,0
15m,1763023500.0,2.5072,2.5138,2.4982,2.5014,642811.0,0.0,0.0,0
15m,1763024400.0,2.5014,2.5067,2.4727,2.4869,1201527.48,0.0,0.0,0
15m,1763025300.0,2.4869,2.5113,2.4816,2.4991,1133768.25,0.0,0.0,0
15m,1763026200.0,2.4991,2.5068,2.4964,2.5023,678912.5,0.0,0.0,0
15m,1763027100.0,2.5023,2.5054,2.4943,2.4986,852288.26,0.0,0.0,0
15m,1763028000.0,2.4986,2.5118,2.4986,2.5065,615441.08,0.0,0.0,0
15m,1763028900.0,2.5065,2.5263,2.5065,2.5155,1138839.9,0.0,0.0,0
15m,1763029800.0,2.5155,2.5172,2.5068,2.513,492217.53,0.0,0.0,0
15m,1763030700.0,2.513,2.5131,2.4944,2.5008,437934.03,0.0,0.0,0
15m,1763031600.0,2.5008,2.5144,2.4983,2.513,551437.56,0.0,0.0,0
15m,1763032500.0,2.513,2.5143,2.493,2.4965,505952.92,0.0,0.0,0
15m,1763033400.0,2.4965,2.4977,2.4865,2.4961,577500.94,0.0,0.0,0
15m,1763034300.0,2.4961,2.4989,2.4901,2.4951,461443.38,0.0,0.0,0
15m,1763035200.0,2.4951,2.5009,2.4751,2.476,1015019.57,0.0,0.0,0
15m,1763036100.0,2.476,2.4813,2.4723,2.4798,441746.32,0.0,0.0,0
15m,1763037000.0,2.4798,2.4922,2.4798,2.4889,468642.06,0.0,0.0,0
15m,1763037900.0,2.4889,2.4915,2.4779,2.4817,290230.11,0.0,0.0,0
15m,1763038800.0,2.4817,2.4876,2.4805,2.4839,383784.17,0.0,0.0,0
15m,1763039700.0,2.4839,2.4862,2.4663,2.4713,593992.05,0.0,0.0,0
15m,1763040600.0,2.4713,2.4755,2.4482,2.471,1909338.95,0.0,0.0,0
15m,1763041500.0,2.471,2.4727,2.4557,2.4591,718330.04,0.0,0.0,0
15m,1763042400.0,2.4591,2.4677,2.4518,2.4525,660597.93,0.0,0.0,0
15m,1763043300.0,2.4525,2.468,2.4488,2.4605,823542.33,0.0,0.0,0
15m,1763044200.0,2.4605,2.4875,2.4514,2.4615,2183579.89,0.0,0.0,0
15m,1763045100.0,2.4615,2.5184,2.4584,2.5032,2142213.73,0.0,0.0,0
15m,1763046000.0,2.5032,2.5035,2.4767,2.4952,1077339.46,0.0,0.0,0
15m,1763046900.0,2.4952,2.5008,2.4507,2.4574,1422678.62,0.0,0.0,0
15m,1763047800.0,2.4574,2.4583,2.4304,2.4346,1348430.29,0.0,0.0,0
15m,1763048700.0,2.4346,2.4381,2.42,2.4342,1647072.83,0.0,0.0,0
15m,1763049600.0,2.4342,2.4439,2.4244,2.4308,924484.49,0.0,0.0,0
15m,1763050500.0,2.4308,2.4325,2.4079,2.4198,1056643.23,0.0,0.0,0
15m,1763051400.0,2.4198,2.4301,2.4042,2.4154,799541.38,0.0,0.0,0
15m,1763052300.0,2.4154,2.4202,2.3958,2.4019,746258.54,0.0,0.0,0
15m,1763053200.0,2.4019,2.4096,2.3925,2.396,926484.04,0.0,0.0,0
15m,1763054100.0,2.396,2.4044,2.3914,2.394,878797.01,0.0,0.0,0
15m,1763055000.0,2.394,2.3987,2.361,2.3631,1340790.34,0.0,0.0,0
15m,1763055900.0,2.3631,2.3698,2.3532,2.3561,1493437.64,0.0,0.0,0
15m,1763056800.0,2.3561,2.3704,2.3525,2.3653,1217629.11,0.0,0.0,0
15m,1763057700.0,2.3653,2.3756,2.3485,2.3602,1922031.09,0.0,0.0,0
15m,1763058600.0,2.3602,2.3615,2.3324,2.3464,1531426.75,0.0,0.0,0
15m,1763059500.0,2.3464,2.3527,2.3276,2.3411,1240335.79,0.0,0.0,0
15m,1763060400.0,2.3411,2.354,2.325,2.3298,2025412.13,0.0,0.0,0
15m,1763061300.0,2.3298,2.3515,2.3173,2.3429,2374602.18,0.0,0.0,0
15m,1763062200.0,2.3429,2.3461,2.3198,2.3312,1854497.04,0.0,0.0,0
15m,1763063100.0,2.3312,2.3326,2.3114,2.3147,1620683.29,0.0,0.0,0
15m,1763064000.0,2.3147,2.322,2.3014,2.3142,1237866.22,0.0,0.0,0
15m,1763064900.0,2.3142,2.3142,2.2767,2.2833,2316243.0,0.0,0.0,0
15m,1763065800.0,2.2833,2.3151,2.2833,2.2979,1851464.4,0.0,0.0,0
15m,1763066700.0,2.2979,2.3094,2.2953,2.2982,1277682.59,0.0,0.0,0
15m,1763067600.0,2.2982,2.307,2.2882,2.3013,2047120.62,0.0,0.0,0
15m,1763068500.0,2.3013,2.3027,2.2818,2.289,1085767.82,0.0,0.0,0
15m,1763069400.0,2.289,2.2977,2.2788,2.2975,1152970.67,0.0,0.0,0
15m,1763070300.0,2.2975,2.2986,2.2893,2.291,1042789.66,0.0,0.0,0
15m,1763071200.0,2.291,2.3117,2.2826,2.306,1869688.35,0.0,0.0,0
15m,1763072100.0,2.306,2.3201,2.3012,2.3124,1739680.21,0.0,0.0,0
15m,1763073000.0,2.3124,2.329,2.3055,2.3267,1607533.82,0.0,0.0,0
15m,1763073900.0,2.3267,2.3308,2.3206,2.3281,999614.03,0.0,0.0,0
15m,1763074800.0,2.3281,2.3281,2.3078,2.3268,1261073.85,0.0,0.0,0
15m,1763075700.0,2.3268,2.3358,2.3261,2.3324,1365453.5,0.0,0.0,0
15m,1763076600.0,2.3324,2.346,2.3323,2.3438,1335454.1,0.0,0.0,0
15m,1763077500.0,2.3438,2.3457,2.3213,2.3219,1552678.43,0.0,0.0,0
15m,1763078400.0,2.3219,2.3258,2.3122,2.3204,932182.24,0.0,0.0,0
15m,1763079300.0,2.3204,2.3224,2.3022,2.3164,1035632.52,0.0,0.0,0
15m,1763080200.0,2.3164,2.3321,2.3051,2.3102,918229.78,0.0,0.0,0
15m,1763081100.0,2.3102,2.3127,2.2901,2.2972,1142676.54,0.0,0.0,0
15m,1763082000.0,2.2972,2.3057,2.2893,2.2942,945883.92,0.0,0.0,0
15m,1763082900.0,2.2942,2.3164,2.2894,2.3038,946424.84,0.0,0.0,0
15m,1763083800.0,2.3038,2.3164,2.3008,2.3089,622588.46,0.0,0.0,0
15m,1763084700.0,2.3089,2.3168,2.3046,2.3072,1203664.59,0.0,0.0,0
15m,1763085600.0,2.3072,2.3293,2.3064,2.3217,1397891.17,0.0,0.0,0
15m,1763086500.0,2.3217,2.3362,2.3217,2.3359,627708.36,0.0,0.0,0
15m,1763087400.0,2.3359,2.3379,2.327,2.3301,667019.97,0.0,0.0,0
15m,1763088300.0,2.3301,2.3314,2.3195,2.3273,938237.35,0.0,0.0,0
15m,1763089200.0,2.3273,2.3309,2.3107,2.3118,510649.79,0.0,0.0,0
15m,1763090100.0,2.3118,2.3173,2.3045,2.315,461786.26,0.0,0.0,0
15m,1763091000.0,2.315,2.3158,2.3033,2.3066,515502.27,0.0,0.0,0
15m,1763091900.0,2.3066,2.3152,2.3028,2.3152,440867.51,0.0,0.0,0
15m,1763092800.0,2.3152,2.3155,2.2978,2.3015,687705.38,0.0,0.0,0
15m,1763093700.0,2.3015,2.307,2.2972,2.3038,650965.89,0.0,0.0,0
15m,1763094600.0,2.3038,2.3039,2.2458,2.274,6944589.14,0.0,0.0,0
15m,1763095500.0,2.274,2.2984,2.2708,2.29,3857024.81,0.0,0.0,0
15m,1763096400.0,2.29,2.3009,2.2835,2.2863,1034376.06,0.0,0.0,0
15m,1763097300.0,2.2863,2.3097,2.2812,2.3013,1002949.2,0.0,0.0,0
15m,1763098200.0,2.3013,2.313,2.2869,2.305,1111396.95,0.0,0.0,0
15m,1763099100.0,2.305,2.3195,2.3,2.3127,1253499.25,0.0,0.0,0
15m,1763100000.0,2.3127,2.3137,2.2998,2.3071,525513.35,0.0,0.0,0
15m,1763100900.0,2.3071,2.3075,2.2892,2.2941,717615.31,0.0,0.0,0
15m,1763101800.0,2.2941,2.297,2.2773,2.2816,830222.74,0.0,0.0,0
15m,1763102700.0,2.2816,2.3202,2.2673,2.3188,1752667.62,0.0,0.0,0
15m,1763103600.0,2.3188,2.3272,2.3022,2.3105,1047691.89,0.0,0.0,0
15m,1763104500.0,2.3105,2.3201,2.3079,2.3196,533321.64,0.0,0.0,0
15m,1763105400.0,2.3196,2.3203,2.297,2.3062,829536.48,0.0,0.0,0
15m,1763106300.0,2.3062,2.3233,2.3038,2.3073,747938.55,0.0,0.0,0
15m,1763107200.0,2.3073,2.3098,2.2975,2.2977,322467.49,0.0,0.0,0
15m,1763108100.0,2.2977,2.3096,2.2856,2.289,748610.13,0.0,0.0,0
15m,1763109000.0,2.289,2.2997,2.2849,2.2925,480483.8,0.0,0.0,0
15m,1763109900.0,2.2925,2.2976,2.2833,2.2961,353054.96,0.0,0.0,0
15m,1763110800.0,2.2961,2.3085,2.2939,2.3026,435978.24,0.0,0.0,0
15m,1763111700.0,2.3026,2.3026,2.2869,2.289,449682.32,0.0,0.0,0
15m,1763112600.0,2.289,2.2906,2.2773,2.2893,669884.49,0.0,0.0,0
15m,1763113500.0,2.2893,2.2905,2.2742,2.2775,675053.4,0.0,0.0,0
15m,1763114400.0,2.2775,2.2857,2.2762,2.2803,397854.16,0.0,0.0,0
15m,1763115300.0,2.2803,2.2908,2.2777,2.2861,234778.08,0.0,0.0,0
15m,1763116200.0,2.2861,2.3002,2.283,2.2922,358682.73,0.0,0.0,0
15m,1763117100.0,2.2922,2.2941,2.2839,2.2864,327025.01,0.0,0.0,0
15m,1763118000.0,2.2864,2.2901,2.2749,2.2774,532258.56,0.0,0.0,0
15m,1763118900.0,2.2774,2.2835,2.2719,2.2757,624919.86,0.0,0.0,0
15m,1763119800.0,2.2757,2.2763,2.2561,2.2703,816759.77,0.0,0.0,0
15m,1763120700.0,2.2703,2.2718,2.2571,2.2684,1575813.66,0.0,0.0,0
15m,1763121600.0,2.2684,2.2684,2.2471,2.2483,1447106.93,0.0,0.0,0
15m,1763122500.0,2.2483,2.2646,2.2387,2.2559,1413070.84,0.0,0.0,0
15m,1763123400.0,2.2559,2.2616,2.2265,2.2347,2815080.32,0.0,0.0,0
15m,1763124300.0,2.2347,2.2968,2.2307,2.2862,3922181.46,0.0,0.0,0
15m,1763125200.0,2.2862,2.3007,2.2661,2.2663,1450047.83,0.0,0.0,0
15m,1763126100.0,2.2663,2.276,2.2605,2.2682,1879189.54,0.0,0.0,0
15m,1763127000.0,2.2682,2.2744,2.2541,2.2612,1087992.74,0.0,0.0,0
15m,1763127900.0,2.2612,2.2819,2.2551,2.2713,1153216.31,0.0,0.0,0
15m,1763128800.0,2.2713,2.288,2.2609,2.2628,1364948.56,0.0,0.0,0
15m,1763129700.0,2.2628,2.2789,2.2606,2.2626,870919.12,0.0,0.0,0
15m,1763130600.0,2.2626,2.3129,2.2464,2.3055,2584049.15,0.0,0.0,0
15m,1763131500.0,2.3055,2.3145,2.2956,2.3026,1468549.05,0.0,0.0,0
15m,1763132400.0,2.3026,2.3058,2.2843,2.2909,1211997.94,0.0,0.0,0
15m,1763133300.0,2.2909,2.3059,2.2834,2.3005,1196531.88,0.0,0.0,0
15m,1763134200.0,2.3005,2.3116,2.2973,2.3107,984696.35,0.0,0.0,0
15m,1763135100.0,2.3107,2.3271,2.3079,2.3126,1153182.52,0.0,0.0,0
15m,1763136000.0,2.3126,2.3139,2.297,2.297,978291.61,0.0,0.0,0
15m,1763136900.0,2.297,2.3273,2.2916,2.3209,1371542.51,0.0,0.0,0
15m,1763137800.0,2.3209,2.3419,2.3157,2.3265,1447229.44,0.0,0.0,0
15m,1763138700.0,2.3265,2.3349,2.3209,2.3316,798492.59,0.0,0.0,0
15m,1763139600.0,2.3316,2.3394,2.3278,2.3342,869092.63,0.0,0.0,0
15m,1763140500.0,2.3342,2.3353,2.3211,2.3291,867213.37,0.0,0.0,0
15m,1763141400.0,2.3291,2.3307,2.318,2.3197,829044.68,0.0,0.0,0
15m,1763142300.0,2.3197,2.322,2.2982,2.3111,772403.06,0.0,0.0,0
15m,1763143200.0,2.3111,2.3266,2.3027,2.3262,484346.87,0.0,0.0,0
15m,1763144100.0,2.3262,2.3279,2.312,2.3226,833250.67,0.0,0.0,0
15m,1763145000.0,2.3226,2.3279,2.295,2.2982,1064316.9,0.0,0.0,0
15m,1763145900.0,2.2982,2.3039,2.2827,2.2919,900476.21,0.0,0.0,0
15m,1763146800.0,2.2919,2.3016,2.2761,2.3005,799856.33,0.0,0.0,0
15m,1763147700.0,2.3005,2.3193,2.2987,2.3113,908089.2,0.0,0.0,0
15m,1763148600.0,2.3113,2.3125,2.2944,2.2957,431613.83,0.0,0.0,0
15m,1763149500.0,2.2957,2.3121,2.2935,2.3121,532277.87,0.0,0.0,0
15m,1763150400.0,2.3121,2.3162,2.3027,2.3041,317569.3,0.0,0.0,0
15m,1763151300.0,2.3041,2.3059,2.276,2.2773,957955.6,0.0,0.0,0
15m,1763152200.0,2.2773,2.2816,2.2527,2.2572,1231687.41,0.0,0.0,0
15m,1763153100.0,2.2572,2.275,2.252,2.2623,1169897.44,0.0,0.0,0
15m,1763154000.0,2.2623,2.2897,2.2563,2.2818,1152198.95,0.0,0.0,0
15m,1763154900.0,2.2818,2.2841,2.2675,2.2709,731693.66,0.0,0.0,0
15m,1763155800.0,2.2709,2.2787,2.2698,2.2754,262411.33,0.0,0.0,0
15m,1763156700.0,2.2754,2.2814,2.2708,2.2777,273201.38,0.0,0.0,0
15m,1763157600.0,2.2777,2.2865,2.2632,2.264,338283.9,0.0,0.0,0
15m,1763158500.0,2.264,2.2779,2.259,2.2767,337231.36,0.0,0.0,0
15m,1763159400.0,2.2767,2.2839,2.2728,2.2764,250909.13,0.0,0.0,0
15m,1763160300.0,2.2764,2.2806,2.2542,2.2621,265389.97,0.0,0.0,0
15m,1763161200.0,2.2621,2.2622,2.2254,2.248,1751080.09,0.0,0.0,0
15m,1763162100.0,2.248,2.2661,2.2398,2.2507,1154979.05,0.0,0.0,0
15m,1763163000.0,2.2507,2.257,2.2452,2.2535,541780.8,0.0,0.0,0
15m,1763163900.0,2.2535,2.2604,2.2408,2.2441,434409.41,0.0,0.0,0
15m,1763164800.0,2.2441,2.268,2.2424,2.2616,443250.16,0.0,0.0,0
15m,1763165700.0,2.2616,2.2707,2.2597,2.2633,353682.94,0.0,0.0,0
15m,1763166600.0,2.2633,2.2642,2.2527,2.2632,247529.93,0.0,0.0,0
15m,1763167500.0,2.2632,2.2706,2.2538,2.2687,283654.17,0.0,0.0,0
15m,1763168400.0,2.2687,2.2702,2.2559,2.2657,215268.0,0.0,0.0,0
15m,1763169300.0,2.2657,2.2764,2.264,2.2725,493777.74,0.0,0.0,0
15m,1763170200.0,2.2725,2.2779,2.2721,2.2755,423760.69,0.0,0.0,0
15m,1763171100.0,2.2755,2.2849,2.2736,2.2801,621157.6,0.0,0.0,0
15m,1763172000.0,2.2801,2.2802,2.2712,2.2784,284761.85,0.0,0.0,0
15m,1763172900.0,2.2784,2.2878,2.2755,2.2856,773650.46,0.0,0.0,0
15m,1763173800.0,2.2856,2.2942,2.2806,2.2932,632388.67,0.0,0.0,0
15m,1763174700.0,2.2932,2.3014,2.2895,2.3011,399620.23,0.0,0.0,0
15m,1763175600.0,2.3011,2.3033,2.2942,2.2981,381619.46,0.0,0.0,0
15m,1763176500.0,2.2981,2.3016,2.2941,2.2999,334594.32,0.0,0.0,0
15m,1763177400.0,2.2999,2.3024,2.2933,2.2973,412563.37,0.0,0.0,0
15m,1763178300.0,2.2973,2.2981,2.2926,2.2947,245900.42,0.0,0.0,0
15m,1763179200.0,2.2947,2.2951,2.2862,2.2897,370714.29,0.0,0.0,0
15m,1763180100.0,2.2897,2.2964,2.283,2.2851,696666.75,0.0,0.0,0
15m,1763181000.0,2.2851,2.2875,2.2781,2.2786,475466.11,0.0,0.0,0
15m,1763181900.0,2.2786,2.2837,2.2758,2.283,407401.15,0.0,0.0,0
15m,1763182800.0,2.283,2.2876,2.2774,2.2793,529918.64,0.0,0.0,0
15m,1763183700.0,2.2793,2.2879,2.2767,2.2788,360410.77,0.0,0.0,0
15m,1763184600.0,2.2788,2.2834,2.2735,2.2788,343382.11,0.0,0.0,0
15m,1763185500.0,2.2788,2.2846,2.275,2.2765,385644.92,0.0,0.0,0
15m,1763186400.0,2.2765,2.2862,2.2739,2.2817,336312.63,0.0,0.0,0
15m,1763187300.0,2.2817,2.2906,2.2806,2.2881,315001.38,0.0,0.0,0
15m,1763188200.0,2.2881,2.2937,2.2821,2.2823,182126.96,0.0,0.0,0
15m,1763189100.0,2.2823,2.2866,2.2785,2.2802,273235.59,0.0,0.0,0
15m,1763190000.0,2.2802,2.2867,2.2752,2.2853,257485.54,0.0,0.0,0
15m,1763190900.0,2.2853,2.2889,2.281,2.2882,137705.93,0.0,0.0,0
15m,1763191800.0,2.2882,2.2882,2.276,2.28,392843.34,0.0,0.0,0
15m,1763192700.0,2.28,2.2858,2.2755,2.2858,387614.4,0.0,0.0,0
15m,1763193600.0,2.2858,2.2867,2.2735,2.2761,504692.45,0.0,0.0,0
15m,1763194500.0,2.2761,2.2761,2.2591,2.2634,592286.32,0.0,0.0,0
15m,1763195400.0,2.2634,2.2698,2.256,2.2583,362519.56,0.0,0.0,0
15m,1763196300.0,2.2583,2.2595,2.2427,2.2513,952739.9,0.0,0.0,0
15m,1763197200.0,2.2513,2.2621,2.2456,2.2609,412287.28,0.0,0.0,0
15m,1763198100.0,2.2609,2.2668,2.2547,2.2637,580144.33,0.0,0.0,0
15m,1763199000.0,2.2637,2.2673,2.2594,2.2643,521073.69,0.0,0.0,0
15m,1763199900.0,2.2643,2.2643,2.2539,2.2576,240203.12,0.0,0.0,0
15m,1763200800.0,2.2576,2.2586,2.2502,2.258,365902.16,0.0,0.0,0
15m,1763201700.0,2.258,2.2599,2.2529,2.2569,219350.66,0.0,0.0,0
15m,1763202600.0,2.2569,2.2659,2.2553,2.2657,286684.94,0.0,0.0,0
15m,1763203500.0,2.2657,2.2671,2.2624,2.265,154557.7,0.0,0.0,0
15m,1763204400.0,2.265,2.2678,2.2592,2.2625,247841.42,0.0,0.0,0
15m,1763205300.0,2.2625,2.2635,2.2563,2.2625,264535.1,0.0,0.0,0
15m,1763206200.0,2.2625,2.2637,2.2581,2.2612,645307.34,0.0,0.0,0
15m,1763207100.0,2.2612,2.2612,2.2528,2.2584,232656.88,0.0,0.0,0
15m,1763208000.0,2.2584,2.2584,2.2502,2.2517,371300.25,0.0,0.0,0
15m,1763208900.0,2.2517,2.2607,2.2455,2.2597,474252.71,0.0,0.0,0
15m,1763209800.0,2.2597,2.2652,2.254,2.2555,224542.0,0.0,0.0,0
15m,1763210700.0,2.2555,2.2634,2.2522,2.2625,246634.15,0.0,0.0,0
15m,1763211600.0,2.2625,2.2682,2.2587,2.2644,319215.25,0.0,0.0,0
15m,1763212500.0,2.2644,2.2792,2.2632,2.2733,462506.85,0.0,0.0,0
15m,1763213400.0,2.2733,2.2738,2.2569,2.2591,579758.7,0.0,0.0,0
15m,1763214300.0,2.2591,2.2738,2.258,2.2705,429767.38,0.0,0.0,0
15m,1763215200.0,2.2705,2.2716,2.2668,2.2712,307859.75,0.0,0.0,0
15m,1763216100.0,2.2712,2.2738,2.259,2.26,366270.36,0.0,0.0,0
15m,1763217000.0,2.26,2.2639,2.2568,2.2596,348811.55,0.0,0.0,0
15m,1763217900.0,2.2596,2.2625,2.2553,2.2606,310489.6,0.0,0.0,0
15m,1763218800.0,2.2606,2.2607,2.2537,2.2581,251027.83,0.0,0.0,0
15m,1763219700.0,2.2581,2.2615,2.252,2.2598,265645.83,0.0,0.0,0
15m,1763220600.0,2.2598,2.2599,2.2499,2.2517,245959.02,0.0,0.0,0
15m,1763221500.0,2.2517,2.2588,2.2517,2.255,163847.27,0.0,0.0,0
15m,1763222400.0,2.255,2.2564,2.2373,2.2425,526797.38,0.0,0.0,0
15m,1763223300.0,2.2425,2.243,2.2286,2.2307,740403.86,0.0,0.0,0
15m,1763224200.0,2.2307,2.2442,2.2293,2.2429,850420.02,0.0,0.0,0
15m,1763225100.0,2.2429,2.2515,2.2406,2.2488,397895.55,0.0,0.0,0
15m,1763226000.0,2.2488,2.2545,2.2443,2.2477,301523.73,0.0,0.0,0
15m,1763226900.0,2.2477,2.2712,2.2441,2.2539,667348.9,0.0,0.0,0
15m,1763227800.0,2.2539,2.2573,2.2498,2.2558,499185.64,0.0,0.0,0
15m,1763228700.0,2.2558,2.2637,2.2544,2.2616,460926.98,0.0,0.0,0
15m,1763229600.0,2.2616,2.2675,2.2593,2.2669,335005.79,0.0,0.0,0
15m,1763230500.0,2.2669,2.2669,2.2528,2.2542,361803.46,0.0,0.0,0
15m,1763231400.0,2.2542,2.2636,2.2535,2.2582,297371.79,0.0,0.0,0
15m,1763232300.0,2.2582,2.2597,2.2532,2.2587,168293.69,0.0,0.0,0
15m,1763233200.0,2.2587,2.2644,2.258,2.2641,94969.69,0.0,0.0,0
15m,1763234100.0,2.2641,2.2669,2.2591,2.2633,238906.06,0.0,0.0,0
15m,1763235000.0,2.2633,2.2633,2.2551,2.2572,217870.29,0.0,0.0,0
15m,1763235900.0,2.2572,2.2579,2.2521,2.2565,162300.46,0.0,0.0,0
15m,1763236800.0,2.2565,2.2616,2.2548,2.2592,116318.06,0.0,0.0,0
15m,1763237700.0,2.2592,2.2592,2.2457,2.2508,262860.33,0.0,0.0,0
15m,1763238600.0,2.2508,2.2519,2.2426,2.2442,230404.34,0.0,0.0,0
15m,1763239500.0,2.2442,2.2494,2.2366,2.241,520018.98,0.0,0.0,0
15m,1763240400.0,2.241,2.2523,2.24,2.2496,264297.98,0.0,0.0,0
15m,1763241300.0,2.2496,2.2546,2.247,2.2483,147342.64,0.0,0.0,0
15m,1763242200.0,2.2483,2.2487,2.2113,2.2211,1411772.75,0.0,0.0,0
15m,1763243100.0,2.2211,2.2285,2.2162,2.227,475965.31,0.0,0.0,0
15m,1763244000.0,2.227,2.2349,2.2227,2.2346,345989.69,0.0,0.0,0
15m,1763244900.0,2.2346,2.242,2.2312,2.2406,172617.12,0.0,0.0,0
15m,1763245800.0,2.2406,2.2438,2.2337,2.2413,197646.99,0.0,0.0,0
15m,1763246700.0,2.2413,2.2422,2.2331,2.2396,124936.86,0.0,0.0,0
15m,1763247600.0,2.2396,2.2402,2.229,2.234,217392.04,0.0,0.0,0
15m,1763248500.0,2.234,2.2436,2.233,2.2409,212621.2,0.0,0.0,0
15m,1763249400.0,2.2409,2.2422,2.2362,2.2367,90116.73,0.0,0.0,0
15m,1763250300.0,2.2367,2.2406,2.2334,2.2373,227637.86,0.0,0.0,0
15m,1763251200.0,2.2373,2.2382,2.2193,2.2209,432604.35,0.0,0.0,0
15m,1763252100.0,2.2209,2.2217,2.2038,2.2063,1400027.58,0.0,0.0,0
15m,1763253000.0,2.2063,2.2226,2.2049,2.2224,385669.67,0.0,0.0,0
15m,1763253900.0,2.2224,2.2265,2.2178,2.2178,256606.55,0.0,0.0,0
15m,1763254800.0,2.2178,2.223,2.2048,2.2205,364534.73,0.0,0.0,0
15m,1763255700.0,2.2205,2.221,2.2111,2.2147,216097.24,0.0,0.0,0
15m,1763256600.0,2.2147,2.2175,2.197,2.2008,763975.68,0.0,0.0,0
15m,1763257500.0,2.2008,2.2147,2.1898,2.2111,673619.15,0.0,0.0,0
15m,1763258400.0,2.2111,2.2226,2.2063,2.2155,672352.57,0.0,0.0,0
15m,1763259300.0,2.2155,2.2386,2.2155,2.2325,503549.23,0.0,0.0,0
15m,1763260200.0,2.2325,2.2386,2.2292,2.2371,465605.14,0.0,0.0,0
15m,1763261100.0,2.2371,2.2516,2.2347,2.2453,568442.71,0.0,0.0,0
15m,1763262000.0,2.2453,2.2472,2.2388,2.2413,459237.37,0.0,0.0,0
15m,1763262900.0,2.2413,2.2564,2.2413,2.2515,412834.54,0.0,0.0,0
15m,1763263800.0,2.2515,2.2543,2.246,2.2536,364144.76,0.0,0.0,0
15m,1763264700.0,2.2536,2.2545,2.2468,2.2501,290771.46,0.0,0.0,0
15m,1763265600.0,2.2501,2.2526,2.247,2.2501,243487.32,0.0,0.0,0
15m,1763266500.0,2.2501,2.2547,2.2444,2.2458,369469.75,0.0,0.0,0
15m,1763267400.0,2.2458,2.2458,2.239,2.2415,402775.77,0.0,0.0,0
15m,1763268300.0,2.2415,2.2477,2.2401,2.2477,406789.19,0.0,0.0,0
15m,1763269200.0,2.2477,2.2613,2.2463,2.2589,307265.36,0.0,0.0,0
15m,1763270100.0,2.2589,2.2646,2.2549,2.2564,383145.53,0.0,0.0,0
15m,1763271000.0,2.2564,2.2605,2.2548,2.2579,124594.56,0.0,0.0,0
15m,1763271900.0,2.2579,2.2596,2.2556,2.2586,202217.44,0.0,0.0,0
15m,1763272800.0,2.2586,2.267,2.2545,2.2658,263976.46,0.0,0.0,0
15m,1763273700.0,2.2658,2.2676,2.2638,2.2671,167872.47,0.0,0.0,0
15m,1763274600.0,2.2671,2.2699,2.2645,2.265,141901.48,0.0,0.0,0
15m,1763275500.0,2.265,2.2685,2.2592,2.2608,153434.96,0.0,0.0,0
15m,1763276400.0,2.2608,2.2687,2.2594,2.2645,167853.45,0.0,0.0,0
15m,1763277300.0,2.2645,2.2676,2.258,2.2627,170858.23,0.0,0.0,0
15m,1763278200.0,2.2627,2.2687,2.2613,2.2619,301934.25,0.0,0.0,0
15m,1763279100.0,2.2619,2.2676,2.2617,2.2671,492488.17,0.0,0.0,0
15m,1763280000.0,2.2671,2.272,2.2589,2.2601,280074.6,0.0,0.0,0
15m,1763280900.0,2.2601,2.2618,2.2541,2.2543,305658.87,0.0,0.0,0
15m,1763281800.0,2.2543,2.2595,2.2541,2.2595,140117.24,0.0,0.0,0
15m,1763282700.0,2.2595,2.2653,2.2531,2.2651,172058.71,0.0,0.0,0
15m,1763283600.0,2.2651,2.2654,2.2568,2.2627,367709.04,0.0,0.0,0
15m,1763284500.0,2.2627,2.2635,2.258,2.262,264849.43,0.0,0.0,0
15m,1763285400.0,2.262,2.2645,2.2591,2.263,120949.21,0.0,0.0,0
15m,1763286300.0,2.263,2.2786,2.2614,2.2773,781166.63,0.0,0.0,0
15m,1763287200.0,2.2773,2.2803,2.269,2.2742,336994.05,0.0,0.0,0
15m,1763288100.0,2.2742,2.2798,2.2709,2.2762,350591.44,0.0,0.0,0
15m,1763289000.0,2.2762,2.2765,2.2705,2.2705,272788.95,0.0,0.0,0
15m,1763289900.0,2.2705,2.2752,2.2696,2.2706,130426.4,0.0,0.0,0
15m,1763290800.0,2.2706,2.2733,2.2561,2.2574,315930.53,0.0,0.0,0
15m,1763291700.0,2.2574,2.2616,2.2392,2.2413,582101.74,0.0,0.0,0
15m,1763292600.0,2.2413,2.2446,2.2304,2.2339,544686.96,0.0,0.0,0
15m,1763293500.0,2.2339,2.2401,2.2311,2.2355,371988.1,0.0,0.0,0
15m,1763294400.0,2.2355,2.2414,2.2328,2.2357,230855.52,0.0,0.0,0
15m,1763295300.0,2.2357,2.2466,2.2352,2.2434,463159.11,0.0,0.0,0
15m,1763296200.0,2.2434,2.2442,2.2261,2.2418,531037.15,0.0,0.0,0
15m,1763297100.0,2.2418,2.244,2.2336,2.2356,297519.18,0.0,0.0,0
15m,1763298000.0,2.2356,2.2383,2.2187,2.2332,829850.01,0.0,0.0,0
15m,1763298900.0,2.2332,2.2384,2.2223,2.2224,267314.87,0.0,0.0,0
15m,1763299800.0,2.2224,2.2266,2.214,2.2141,589719.49,0.0,0.0,0
15m,1763300700.0,2.2141,2.2195,2.2051,2.217,834083.84,0.0,0.0,0
15m,1763301600.0,2.217,2.2224,2.2132,2.2168,827688.77,0.0,0.0,0
15m,1763302500.0,2.2168,2.218,2.2102,2.2146,291372.11,0.0,0.0,0
15m,1763303400.0,2.2146,2.2296,2.2128,2.2282,496540.21,0.0,0.0,0
15m,1763304300.0,2.2282,2.2318,2.2214,2.2238,260154.59,0.0,0.0,0
15m,1763305200.0,2.2238,2.224,2.2121,2.2137,408408.07,0.0,0.0,0
15m,1763306100.0,2.2137,2.2192,2.2084,2.2109,473219.62,0.0,0.0,0
15m,1763307000.0,2.2109,2.2109,2.2023,2.2054,645505.53,0.0,0.0,0
15m,1763307900.0,2.2054,2.2067,2.183,2.1872,2367056.76,0.0,0.0,0
15m,1763308800.0,2.1872,2.2005,2.177,2.1802,1506933.14,0.0,0.0,0
15m,1763309700.0,2.1802,2.1829,2.1734,2.1786,1002018.46,0.0,0.0,0
15m,1763310600.0,2.1786,2.1841,2.1692,2.1768,1171577.87,0.0,0.0,0
15m,1763311500.0,2.1768,2.1813,2.1615,2.1706,1137796.02,0.0,0.0,0
15m,1763312400.0,2.1706,2.1761,2.1672,2.171,585642.15,0.0,0.0,0
15m,1763313300.0,2.171,2.1826,2.1656,2.1746,968744.72,0.0,0.0,0
15m,1763314200.0,2.1746,2.1791,2.1618,2.1623,589286.09,0.0,0.0,0
15m,1763315100.0,2.1623,2.1807,2.1557,2.1759,1136023.2,0.0,0.0,0
15m,1763316000.0,2.1759,2.2321,2.1735,2.2193,2019393.49,0.0,0.0,0
15m,1763316900.0,2.2193,2.2227,2.1996,2.2028,1116090.03,0.0,0.0,0
15m,1763317800.0,2.2028,2.2031,2.1834,2.1849,643474.91,0.0,0.0,0
15m,1763318700.0,2.1849,2.1935,2.1769,2.1887,596768.58,0.0,0.0,0
15m,1763319600.0,2.1887,2.2165,2.1873,2.2132,646022.16,0.0,0.0,0
15m,1763320500.0,2.2132,2.2216,2.2066,2.2161,470614.71,0.0,0.0,0
15m,1763321400.0,2.2161,2.2266,2.2116,2.2163,412931.4,0.0,0.0,0
15m,1763322300.0,2.2163,2.225,2.2131,2.2162,398857.95,0.0,0.0,0
15m,1763323200.0,2.2162,2.2279,2.2128,2.2223,471569.97,0.0,0.0,0
15m,1763324100.0,2.2223,2.2307,2.2178,2.2263,467463.88,0.0,0.0,0
15m,1763325000.0,2.2263,2.2279,2.2129,2.2167,254073.82,0.0,0.0,0
15m,1763325900.0,2.2167,2.2167,2.2058,2.2062,281654.55,0.0,0.0,0
15m,1763326800.0,2.2062,2.2069,2.1886,2.1919,760900.86,0.0,0.0,0
15m,1763327700.0,2.1919,2.1943,2.1826,2.1902,392742.61,0.0,0.0,0
15m,1763328600.0,2.1902,2.1999,2.1877,2.1964,354333.26,0.0,0.0,0
15m,1763329500.0,2.1964,2.203,2.1934,2.1974,293429.65,0.0,0.0,0
15m,1763330400.0,2.1974,2.1991,2.1727,2.1926,836504.32,0.0,0.0,0
15m,1763331300.0,2.1926,2.2018,2.1871,2.1969,500622.79,0.0,0.0,0
15m,1763332200.0,2.1969,2.1986,2.1804,2.1834,314531.49,0.0,0.0,0
15m,1763333100.0,2.1834,2.229,2.1825,2.2086,720884.42,0.0,0.0,0
15m,1763334000.0,2.2086,2.2104,2.165,2.2043,1755833.79,0.0,0.0,0
15m,1763334900.0,2.2043,2.2292,2.2012,2.2187,921349.8,0.0,0.0,0
15m,1763335800.0,2.2187,2.2294,2.2131,2.2177,646231.39,0.0,0.0,0
15m,1763336700.0,2.2177,2.2234,2.2149,2.2149,325811.63,0.0,0.0,0
15m,1763337600.0,2.2149,2.2237,2.2113,2.2126,571616.46,0.0,0.0,0
15m,1763338500.0,2.2126,2.2342,2.1983,2.2319,723736.48,0.0,0.0,0
15m,1763339400.0,2.2319,2.2506,2.2279,2.2307,1082267.03,0.0,0.0,0
15m,1763340300.0,2.2307,2.2484,2.2263,2.2419,692420.46,0.0,0.0,0
15m,1763341200.0,2.2419,2.2465,2.2338,2.2364,665242.99,0.0,0.0,0
15m,1763342100.0,2.2364,2.2405,2.2305,2.2361,528744.79,0.0,0.0,0
15m,1763343000.0,2.2361,2.2418,2.2303,2.2381,236740.23,0.0,0.0,0
15m,1763343900.0,2.2381,2.2418,2.2279,2.2281,297287.19,0.0,0.0,0
15m,1763344800.0,2.2281,2.2466,2.2237,2.2415,852582.95,0.0,0.0,0
15m,1763345700.0,2.2415,2.2458,2.2367,2.2389,453401.45,0.0,0.0,0
15m,1763346600.0,2.2389,2.2414,2.2333,2.2357,174257.02,0.0,0.0,0
15m,1763347500.0,2.2357,2.2398,2.2325,2.2398,151803.87,0.0,0.0,0
15m,1763348400.0,2.2398,2.2602,2.2397,2.2601,1233626.91,0.0,0.0,0
15m,1763349300.0,2.2601,2.264,2.2537,2.2553,472192.1,0.0,0.0,0
15m,1763350200.0,2.2553,2.2575,2.2494,2.2549,348858.31,0.0,0.0,0
15m,1763351100.0,2.2549,2.2582,2.2534,2.2577,281397.73,0.0,0.0,0
15m,1763352000.0,2.2577,2.2622,2.2512,2.2525,689332.52,0.0,0.0,0
15m,1763352900.0,2.2525,2.2677,2.2509,2.2651,870211.15,0.0,0.0,0
15m,1763353800.0,2.2651,2.2653,2.2528,2.2579,384488.34,0.0,0.0,0
15m,1763354700.0,2.2579,2.2582,2.2496,2.2523,380888.38,0.0,0.0,0
15m,1763355600.0,2.2523,2.2533,2.2446,2.2465,336546.24,0.0,0.0,0
15m,1763356500.0,2.2465,2.2551,2.2401,2.2548,382560.6,0.0,0.0,0
15m,1763357400.0,2.2548,2.2552,2.2437,2.2487,290775.26,0.0,0.0,0
15m,1763358300.0,2.2487,2.2558,2.2479,2.2539,225707.78,0.0,0.0,0
15m,1763359200.0,2.2539,2.2572,2.2495,2.2537,320357.96,0.0,0.0,0
15m,1763360100.0,2.2537,2.2633,2.2516,2.2608,347561.1,0.0,0.0,0
15m,1763361000.0,2.2608,2.2612,2.2535,2.256,352121.03,0.0,0.0,0
15m,1763361900.0,2.256,2.2647,2.2552,2.2614,310536.33,0.0,0.0,0
15m,1763362800.0,2.2614,2.268,2.2605,2.2644,327710.61,0.0,0.0,0
15m,1763363700.0,2.2644,2.2697,2.2636,2.2646,355452.62,0.0,0.0,0
15m,1763364600.0,2.2646,2.2666,2.2598,2.2655,325195.93,0.0,0.0,0
15m,1763365500.0,2.2655,2.2675,2.2619,2.2643,299016.19,0.0,0.0,0
15m,1763366400.0,2.2643,2.2692,2.2631,2.2639,387576.07,0.0,0.0,0
15m,1763367300.0,2.2639,2.2746,2.2626,2.2714,633440.09,0.0,0.0,0
15m,1763368200.0,2.2714,2.2722,2.2665,2.267,342873.65,0.0,0.0,0
15m,1763369100.0,2.267,2.2705,2.2647,2.2667,305861.14,0.0,0.0,0
15m,1763370000.0,2.2667,2.2743,2.2593,2.2734,441861.61,0.0,0.0,0
15m,1763370900.0,2.2734,2.2795,2.2733,2.2759,474517.69,0.0,0.0,0
15m,1763371800.0,2.2759,2.2837,2.2736,2.2777,382040.31,0.0,0.0,0
15m,1763372700.0,2.2777,2.2784,2.2711,2.2741,227357.89,0.0,0.0,0
15m,1763373600.0,2.2741,2.2783,2.2711,2.2783,295893.47,0.0,0.0,0
15m,1763374500.0,2.2783,2.2786,2.2666,2.2683,230480.84,0.0,0.0,0
15m,1763375400.0,2.2683,2.2749,2.2666,2.2738,300078.39,0.0,0.0,0
15m,1763376300.0,2.2738,2.2781,2.271,2.2735,395185.84,0.0,0.0,0
15m,1763377200.0,2.2735,2.2772,2.2709,2.2763,246198.48,0.0,0.0,0
15m,1763378100.0,2.2763,2.279,2.2706,2.2728,333774.08,0.0,0.0,0
15m,1763379000.0,2.2728,2.2787,2.2685,2.2696,394671.08,0.0,0.0,0
15m,1763379900.0,2.2696,2.2741,2.267,2.2722,238992.76,0.0,0.0,0
15m,1763380800.0,2.2722,2.2727,2.2634,2.2645,443318.65,0.0,0.0,0
15m,1763381700.0,2.2645,2.2681,2.2629,2.2635,437630.9,0.0,0.0,0
15m,1763382600.0,2.2635,2.2654,2.256,2.2619,652436.61,0.0,0.0,0
15m,1763383500.0,2.2619,2.2647,2.2587,2.2612,637822.73,0.0,0.0,0
15m,1763384400.0,2.2612,2.2667,2.2469,2.2512,848065.46,0.0,0.0,0
15m,1763385300.0,2.2512,2.2581,2.243,2.2448,748428.75,0.0,0.0,0
15m,1763386200.0,2.2448,2.2489,2.2133,2.2145,2381073.82,0.0,0.0,0
15m,1763387100.0,2.2145,2.219,2.1958,2.2115,1794778.96,0.0,0.0,0
15m,1763388000.0,2.2115,2.2186,2.1956,2.2063,1249090.54,0.0,0.0,0
15m,1763388900.0,2.2063,2.2192,2.1999,2.2043,1116086.14,0.0,0.0,0
15m,1763389800.0,2.2043,2.3078,2.1992,2.2674,5356330.75,0.0,0.0,0
15m,1763390700.0,2.2674,2.2851,2.2478,2.2556,1971600.89,0.0,0.0,0
15m,1763391600.0,2.2556,2.2689,2.2326,2.2385,1467406.12,0.0,0.0,0
15m,1763392500.0,2.2385,2.2489,2.2108,2.2423,1847399.07,0.0,0.0,0
15m,1763393400.0,2.2423,2.2481,2.2154,2.2286,1616682.72,0.0,0.0,0
15m,1763394300.0,2.2286,2.23,2.2047,2.2092,1734700.9,0.0,0.0,0
15m,1763395200.0,2.2092,2.2098,2.1816,2.1845,2351604.76,0.0,0.0,0
15m,1763396100.0,2.1845,2.1983,2.17,2.1953,2634908.05,0.0,0.0,0
15m,1763397000.0,2.1953,2.2102,2.1896,2.1984,1272204.53,0.0,0.0,0
15m,1763397900.0,2.1984,2.2221,2.1912,2.2198,979470.75,0.0,0.0,0
15m,1763398800.0,2.2198,2.2219,2.1999,2.2031,806020.01,0.0,0.0,0
15m,1763399700.0,2.2031,2.2035,2.186,2.1884,1263696.42,0.0,0.0,0
15m,1763400600.0,2.1884,2.1892,2.1651,2.1688,1608620.18,0.0,0.0,0
15m,1763401500.0,2.1688,2.1749,2.1589,2.1646,1788738.86,0.0,0.0,0
15m,1763402400.0,2.1646,2.1736,2.1493,2.1537,2463291.37,0.0,0.0,0
15m,1763403300.0,2.1537,2.1597,2.1432,2.1443,2026059.35,0.0,0.0,0
15m,1763404200.0,2.1443,2.1567,2.1408,2.1565,1638234.88,0.0,0.0,0
15m,1763405100.0,2.1565,2.1721,2.1474,2.1488,1517439.45,0.0,0.0,0
15m,1763406000.0,2.1488,2.1552,2.1388,2.1413,1413060.63,0.0,0.0,0
15m,1763406900.0,2.1413,2.1441,2.1325,2.1416,1548976.8,0.0,0.0,0
15m,1763407800.0,2.1416,2.1539,2.1263,2.1324,2165678.94,0.0,0.0,0
15m,1763408700.0,2.1324,2.1334,2.1204,2.127,1695619.98,0.0,0.0,0
15m,1763409600.0,2.127,2.1386,2.1146,2.1306,1737867.46,0.0,0.0,0
15m,1763410500.0,2.1306,2.1452,2.1294,2.1336,1102616.68,0.0,0.0,0
15m,1763411400.0,2.1336,2.1381,2.1199,2.1255,905826.55,0.0,0.0,0
15m,1763412300.0,2.1255,2.1528,2.1242,2.1492,1478620.77,0.0,0.0,0
15m,1763413200.0,2.1492,2.1581,2.1449,2.1502,1018221.13,0.0,0.0,0
15m,1763414100.0,2.1502,2.1549,2.1346,2.1526,1549257.1,0.0,0.0,0
15m,1763415000.0,2.1526,2.1531,2.1376,2.1455,673147.04,0.0,0.0,0
15m,1763415900.0,2.1455,2.1534,2.137,2.1533,490518.51,0.0,0.0,0
15m,1763416800.0,2.1533,2.1581,2.1448,2.1545,832292.45,0.0,0.0,0
15m,1763417700.0,2.1545,2.1673,2.1538,2.1639,509210.66,0.0,0.0,0
15m,1763418600.0,2.1639,2.1729,2.1616,2.1696,508488.4,0.0,0.0,0
15m,1763419500.0,2.1696,2.1705,2.1596,2.1648,369272.67,0.0,0.0,0
15m,1763420400.0,2.1648,2.173,2.1546,2.1602,404504.59,0.0,0.0,0
15m,1763421300.0,2.1602,2.162,2.1515,2.1521,383933.71,0.0,0.0,0
15m,1763422200.0,2.1521,2.1649,2.1495,2.1602,295866.96,0.0,0.0,0
15m,1763423100.0,2.1602,2.1661,2.1564,2.1637,372326.5,0.0,0.0,0
15m,1763424000.0,2.1637,2.1693,2.1598,2.1623,369661.57,0.0,0.0,0
15m,1763424900.0,2.1623,2.1638,2.1501,2.1529,364971.29,0.0,0.0,0
15m,1763425800.0,2.1529,2.1547,2.1275,2.1285,1293940.55,0.0,0.0,0
15m,1763426700.0,2.1285,2.1631,2.1207,2.1522,2022281.34,0.0,0.0,0
15m,1763427600.0,2.1522,2.1628,2.1466,2.1523,1078994.67,0.0,0.0,0
15m,1763428500.0,2.1523,2.164,2.1456,2.1543,677371.09,0.0,0.0,0
15m,1763429400.0,2.1543,2.165,2.1492,2.1538,679237.26,0.0,0.0,0
15m,1763430300.0,2.1538,2.1562,2.1408,2.1436,332366.84,0.0,0.0,0
15m,1763431200.0,2.1436,2.1442,2.1293,2.1339,721601.35,0.0,0.0,0
15m,1763432100.0,2.1339,2.1524,2.1137,2.15,2022464.69,0.0,0.0,0
15m,1763433000.0,2.15,2.1678,2.1413,2.1491,1493577.35,0.0,0.0,0
15m,1763433900.0,2.1491,2.1561,2.12,2.1264,1265730.76,0.0,0.0,0
15m,1763434800.0,2.1264,2.1267,2.1068,2.1212,1709970.0,0.0,0.0,0
15m,1763435700.0,2.1212,2.1338,2.1189,2.1189,947281.47,0.0,0.0,0
15m,1763436600.0,2.1189,2.1681,2.1109,2.1602,3052227.51,0.0,0.0,0
15m,1763437500.0,2.1602,2.1774,2.1565,2.1648,1770497.12,0.0,0.0,0
15m,1763438400.0,2.1648,2.1676,2.1485,2.1499,957968.49,0.0,0.0,0
15m,1763439300.0,2.1499,2.1601,2.1387,2.1411,1696178.67,0.0,0.0,0
15m,1763440200.0,2.1411,2.16,2.1403,2.1456,1712495.11,0.0,0.0,0
15m,1763441100.0,2.1456,2.1715,2.1351,2.1671,1898501.72,0.0,0.0,0
15m,1763442000.0,2.1671,2.1676,2.1496,2.1661,995775.9,0.0,0.0,0
15m,1763442900.0,2.1661,2.1784,2.1641,2.1663,869564.01,0.0,0.0,0
15m,1763443800.0,2.1663,2.1693,2.1538,2.1569,655715.98,0.0,0.0,0
15m,1763444700.0,2.1569,2.1648,2.1536,2.1576,619873.61,0.0,0.0,0
15m,1763445600.0,2.1576,2.165,2.1523,2.1617,606817.56,0.0,0.0,0
15m,1763446500.0,2.1617,2.1674,2.1536,2.1564,724365.61,0.0,0.0,0
15m,1763447400.0,2.1564,2.1587,2.1395,2.142,1314890.95,0.0,0.0,0
15m,1763448300.0,2.142,2.1512,2.1358,2.1417,715518.56,0.0,0.0,0
15m,1763449200.0,2.1417,2.1498,2.1255,2.1452,1240151.76,0.0,0.0,0
15m,1763450100.0,2.1452,2.1509,2.1304,2.1459,663333.32,0.0,0.0,0
15m,1763451000.0,2.1459,2.1668,2.1429,2.1639,827239.47,0.0,0.0,0
15m,1763451900.0,2.1639,2.1679,2.1579,2.1611,769100.47,0.0,0.0,0
15m,1763452800.0,2.1611,2.1819,2.1611,2.1723,1034084.28,0.0,0.0,0
15m,1763453700.0,2.1723,2.1813,2.1654,2.1695,649208.42,0.0,0.0,0
15m,1763454600.0,2.1695,2.1986,2.169,2.195,1090060.53,0.0,0.0,0
15m,1763455500.0,2.195,2.1973,2.1857,2.1883,792890.08,0.0,0.0,0
15m,1763456400.0,2.1883,2.1925,2.1769,2.1843,673608.55,0.0,0.0,0
15m,1763457300.0,2.1843,2.1921,2.1717,2.1745,458082.75,0.0,0.0,0
15m,1763458200.0,2.1745,2.1769,2.1673,2.1766,399788.35,0.0,0.0,0
15m,1763459100.0,2.1766,2.1837,2.1762,2.1825,554172.29,0.0,0.0,0
15m,1763460000.0,2.1825,2.1892,2.1823,2.1888,373091.28,0.0,0.0,0
15m,1763460900.0,2.1888,2.191,2.182,2.1861,626417.3,0.0,0.0,0
15m,1763461800.0,2.1861,2.1931,2.185,2.1911,388951.76,0.0,0.0,0
15m,1763462700.0,2.1911,2.1943,2.1866,2.1936,367991.86,0.0,0.0,0
15m,1763463600.0,2.1936,2.2022,2.1903,2.1914,787401.77,0.0,0.0,0
15m,1763464500.0,2.1914,2.1923,2.1763,2.1864,949823.75,0.0,0.0,0
15m,1763465400.0,2.1864,2.1908,2.1802,2.1892,478721.7,0.0,0.0,0
15m,1763466300.0,2.1892,2.1906,2.1823,2.184,319231.54,0.0,0.0,0
15m,1763467200.0,2.184,2.1852,2.1708,2.1725,1317276.84,0.0,0.0,0
15m,1763468100.0,2.1725,2.1856,2.1721,2.1756,479930.34,0.0,0.0,0
15m,1763469000.0,2.1756,2.1948,2.1756,2.1946,503653.54,0.0,0.0,0
15m,1763469900.0,2.1946,2.1957,2.1793,2.1878,471539.31,0.0,0.0,0
15m,1763470800.0,2.1878,2.1878,2.177,2.1807,385541.43,0.0,0.0,0
15m,1763471700.0,2.1807,2.1824,2.1685,2.1694,413110.32,0.0,0.0,0
15m,1763472600.0,2.1694,2.1733,2.1501,2.1636,1430556.9,0.0,0.0,0
15m,1763473500.0,2.1636,2.1744,2.1604,2.1702,457987.95,0.0,0.0,0
15m,1763474400.0,2.1702,2.1776,2.1634,2.1689,755950.26,0.0,0.0,0
15m,1763475300.0,2.1689,2.1892,2.1656,2.1822,841797.1,0.0,0.0,0
15m,1763476200.0,2.1822,2.2022,2.1688,2.1807,1804514.8,0.0,0.0,0
15m,1763477100.0,2.1807,2.1919,2.1714,2.1716,808635.86,0.0,0.0,0
15m,1763478000.0,2.1716,2.2015,2.1565,2.1928,2201593.86,0.0,0.0,0
15m,1763478900.0,2.1928,2.2236,2.1882,2.216,2186784.11,0.0,0.0,0
15m,1763479800.0,2.216,2.2295,2.1982,2.2118,3159425.9,0.0,0.0,0
15m,1763480700.0,2.2118,2.2174,2.1993,2.2139,1034484.6,0.0,0.0,0
15m,1763481600.0,2.2139,2.2193,2.2014,2.2134,1009040.37,0.0,0.0,0
15m,1763482500.0,2.2134,2.2348,2.2086,2.2324,1360362.22,0.0,0.0,0
15m,1763483400.0,2.2324,2.239,2.2223,2.2259,1471649.13,0.0,0.0,0
15m,1763484300.0,2.2259,2.2284,2.2166,2.2256,932318.19,0.0,0.0,0
15m,1763485200.0,2.2256,2.2293,2.2195,2.2196,875630.41,0.0,0.0,0
15m,1763486100.0,2.2196,2.2271,2.2094,2.2114,467466.19,0.0,0.0,0
15m,1763487000.0,2.2114,2.2241,2.2096,2.2195,502621.0,0.0,0.0,0
15m,1763487900.0,2.2195,2.2224,2.2149,2.2198,345905.66,0.0,0.0,0
15m,1763488800.0,2.2198,2.23,2.2178,2.2291,494035.45,0.0,0.0,0
15m,1763489700.0,2.2291,2.23,2.2225,2.2263,469395.41,0.0,0.0,0
15m,1763490600.0,2.2263,2.233,2.225,2.2302,487492.28,0.0,0.0,0
15m,1763491500.0,2.2302,2.237,2.2292,2.2303,439137.96,0.0,0.0,0
15m,1763492400.0,2.2303,2.2384,2.2291,2.2363,426276.57,0.0,0.0,0
15m,1763493300.0,2.2363,2.24,2.2335,2.2361,408083.19,0.0,0.0,0
15m,1763494200.0,2.2361,2.2391,2.2299,2.2301,315504.01,0.0,0.0,0
15m,1763495100.0,2.2301,2.2315,2.2231,2.2282,611919.42,0.0,0.0,0
15m,1763496000.0,2.2282,2.2366,2.2279,2.2338,648912.38,0.0,0.0,0
15m,1763496900.0,2.2338,2.2404,2.2338,2.2402,585757.64,0.0,0.0,0
15m,1763497800.0,2.2402,2.2414,2.2316,2.2329,445472.42,0.0,0.0,0
15m,1763498700.0,2.2329,2.2343,2.2231,2.2265,646565.18,0.0,0.0,0
15m,1763499600.0,2.2265,2.2289,2.22,2.2272,663020.77,0.0,0.0,0
15m,1763500500.0,2.2272,2.2281,2.2205,2.2216,289540.22,0.0,0.0,0
15m,1763501400.0,2.2216,2.2221,2.2122,2.2125,522188.99,0.0,0.0,0
15m,1763502300.0,2.2125,2.2125,2.2032,2.2051,856392.99,0.0,0.0,0
15m,1763503200.0,2.2051,2.2293,2.2051,2.2282,1001849.42,0.0,0.0,0
15m,1763504100.0,2.2282,2.2297,2.224,2.2268,625227.39,0.0,0.0,0
15m,1763505000.0,2.2268,2.2348,2.2231,2.2276,570521.4,0.0,0.0,0
15m,1763505900.0,2.2276,2.2294,2.2203,2.2268,242134.78,0.0,0.0,0
15m,1763506800.0,2.2268,2.2277,2.2134,2.215,403938.81,0.0,0.0,0
15m,1763507700.0,2.215,2.2176,2.2126,2.2129,335880.06,0.0,0.0,0
15m,1763508600.0,2.2129,2.2174,2.2117,2.215,336717.72,0.0,0.0,0
15m,1763509500.0,2.215,2.2189,2.2108,2.2173,176690.44,0.0,0.0,0
15m,1763510400.0,2.2173,2.2177,2.2043,2.2065,373704.09,0.0,0.0,0
15m,1763511300.0,2.2065,2.2076,2.1928,2.2015,900441.64,0.0,0.0,0
15m,1763512200.0,2.2015,2.2127,2.1975,2.2106,552940.49,0.0,0.0,0
15m,1763513100.0,2.2106,2.2132,2.206,2.2069,514598.97,0.0,0.0,0
15m,1763514000.0,2.2069,2.2079,2.1971,2.1994,538245.59,0.0,0.0,0
15m,1763514900.0,2.1994,2.218,2.1969,2.2135,543176.35,0.0,0.0,0
15m,1763515800.0,2.2135,2.2142,2.2049,2.2069,353540.93,0.0,0.0,0
15m,1763516700.0,2.2069,2.2076,2.1995,2.2075,314228.61,0.0,0.0,0
15m,1763517600.0,2.2075,2.2185,2.2012,2.2169,394866.16,0.0,0.0,0
15m,1763518500.0,2.2169,2.2198,2.204,2.2103,594436.65,0.0,0.0,0
15m,1763519400.0,2.2103,2.2185,2.2094,2.2107,259002.05,0.0,0.0,0
15m,1763520300.0,2.2107,2.218,2.21,2.2102,255227.41,0.0,0.0,0
15m,1763521200.0,2.2102,2.2119,2.2034,2.2034,285262.29,0.0,0.0,0
15m,1763522100.0,2.2034,2.2034,2.1958,2.2003,338134.65,0.0,0.0,0
15m,1763523000.0,2.2003,2.2004,2.1807,2.1888,929801.6,0.0,0.0,0
15m,1763523900.0,2.1888,2.1912,2.1818,2.1849,596982.13,0.0,0.0,0
15m,1763524800.0,2.1849,2.1878,2.1795,2.1848,456877.32,0.0,0.0,0
15m,1763525700.0,2.1848,2.1883,2.1784,2.1796,413183.15,0.0,0.0,0
15m,1763526600.0,2.1796,2.1797,2.1687,2.172,1095095.19,0.0,0.0,0
15m,1763527500.0,2.172,2.1745,2.1674,2.1682,331726.4,0.0,0.0,0
15m,1763528400.0,2.1682,2.1722,2.1574,2.1598,620730.61,0.0,0.0,0
15m,1763529300.0,2.1598,2.162,2.1508,2.1514,538508.37,0.0,0.0,0
15m,1763530200.0,2.1514,2.1523,2.1273,2.1309,1907634.98,0.0,0.0,0
15m,1763531100.0,2.1309,2.1424,2.1266,2.1396,1719839.67,0.0,0.0,0
15m,1763532000.0,2.1396,2.1461,2.1324,2.1456,1373817.94,0.0,0.0,0
15m,1763532900.0,2.1456,2.1474,2.1351,2.14,1240913.76,0.0,0.0,0
15m,1763533800.0,2.14,2.1487,2.1389,2.1458,650800.78,0.0,0.0,0
15m,1763534700.0,2.1458,2.1521,2.1434,2.1508,637424.29,0.0,0.0,0
15m,1763535600.0,2.1508,2.1597,2.147,2.1565,750613.07,0.0,0.0,0
15m,1763536500.0,2.1565,2.1599,2.152,2.1543,601489.35,0.0,0.0,0
15m,1763537400.0,2.1543,2.1645,2.1521,2.1631,570262.87,0.0,0.0,0
15m,1763538300.0,2.1631,2.1713,2.1622,2.1684,781131.51,0.0,0.0,0
15m,1763539200.0,2.1684,2.1701,2.1632,2.1648,597467.37,0.0,0.0,0
15m,1763540100.0,2.1648,2.1648,2.1509,2.1635,697887.66,0.0,0.0,0
15m,1763541000.0,2.1635,2.1651,2.152,2.1535,372628.54,0.0,0.0,0
15m,1763541900.0,2.1535,2.1554,2.1493,2.1538,352640.45,0.0,0.0,0
15m,1763542800.0,2.1538,2.1538,2.1424,2.1486,475197.4,0.0,0.0,0
15m,1763543700.0,2.1486,2.1491,2.135,2.1374,676640.3,0.0,0.0,0
15m,1763544600.0,2.1374,2.1449,2.1344,2.138,606339.08,0.0,0.0,0
15m,1763545500.0,2.138,2.1414,2.1298,2.1414,681896.67,0.0,0.0,0
15m,1763546400.0,2.1414,2.1506,2.1392,2.1472,624328.73,0.0,0.0,0
15m,1763547300.0,2.1472,2.1481,2.1383,2.1423,351050.47,0.0,0.0,0
15m,1763548200.0,2.1423,2.1436,2.1354,2.1411,408157.06,0.0,0.0,0
15m,1763549100.0,2.1411,2.1411,2.1319,2.1334,585765.87,0.0,0.0,0
15m,1763550000.0,2.1334,2.1448,2.1326,2.1439,628122.78,0.0,0.0,0
15m,1763550900.0,2.1439,2.1451,2.1367,2.1384,680023.24,0.0,0.0,0
15m,1763551800.0,2.1384,2.1431,2.1367,2.1427,497045.66,0.0,0.0,0
15m,1763552700.0,2.1427,2.143,2.1298,2.1314,805477.62,0.0,0.0,0
15m,1763553600.0,2.1314,2.1388,2.1283,2.1308,926457.8,0.0,0.0,0
15m,1763554500.0,2.1308,2.1342,2.1248,2.131,1150501.07,0.0,0.0,0
15m,1763555400.0,2.131,2.1385,2.131,2.1349,677398.64,0.0,0.0,0
15m,1763556300.0,2.1349,2.1434,2.1337,2.1414,715940.86,0.0,0.0,0
15m,1763557200.0,2.1414,2.1418,2.1309,2.132,587455.87,0.0,0.0,0
15m,1763558100.0,2.132,2.1371,2.1288,2.1335,747476.87,0.0,0.0,0
15m,1763559000.0,2.1335,2.1385,2.1258,2.127,876785.63,0.0,0.0,0
15m,1763559900.0,2.127,2.1295,2.1179,2.1229,835042.89,0.0,0.0,0
15m,1763560800.0,2.1229,2.124,2.1085,2.1225,1285360.23,0.0,0.0,0
15m,1763561700.0,2.1225,2.1239,2.0983,2.1022,1932212.46,0.0,0.0,0
15m,1763562600.0,2.1022,2.1258,2.1011,2.1232,1780151.65,0.0,0.0,0
15m,1763563500.0,2.1232,2.1272,2.115,2.1236,1007092.37,0.0,0.0,0
15m,1763564400.0,2.1236,2.1494,2.1223,2.139,1487944.48,0.0,0.0,0
15m,1763565300.0,2.139,2.1494,2.1117,2.1171,1634230.07,0.0,0.0,0
15m,1763566200.0,2.1171,2.1179,2.1012,2.1046,1571670.18,0.0,0.0,0
15m,1763567100.0,2.1046,2.1052,2.0808,2.0858,2255849.26,0.0,0.0,0
15m,1763568000.0,2.0858,2.1023,2.0846,2.096,1472248.86,0.0,0.0,0
15m,1763568900.0,2.096,2.1009,2.0832,2.0892,1212775.55,0.0,0.0,0
15m,1763569800.0,2.0892,2.0955,2.0766,2.0835,1364371.05,0.0,0.0,0
15m,1763570700.0,2.0835,2.0852,2.0735,2.0801,1127512.67,0.0,0.0,0
15m,1763571600.0,2.0801,2.0892,2.0632,2.0693,1701756.3,0.0,0.0,0
15m,1763572500.0,2.0693,2.0713,2.0554,2.0686,1167423.02,0.0,0.0,0
15m,1763573400.0,2.0686,2.0692,2.0427,2.0592,1488349.84,0.0,0.0,0
15m,1763574300.0,2.0592,2.0614,2.0508,2.0573,777694.43,0.0,0.0,0
15m,1763575200.0,2.0573,2.0694,2.0515,2.0664,993375.39,0.0,0.0,0
15m,1763576100.0,2.0664,2.0692,2.0379,2.043,1263941.91,0.0,0.0,0
15m,1763577000.0,2.043,2.0481,2.0351,2.0384,1275089.0,0.0,0.0,0
15m,1763577900.0,2.0384,2.0489,2.0359,2.048,866848.16,0.0,0.0,0
15m,1763578800.0,2.048,2.0502,2.0365,2.043,1359750.02,0.0,0.0,0
15m,1763579700.0,2.043,2.0464,2.0361,2.0384,855634.46,0.0,0.0,0
15m,1763580600.0,2.0384,2.0421,2.03,2.0343,1121896.35,0.0,0.0,0
15m,1763581500.0,2.0343,2.0448,2.0313,2.037,1017609.08,0.0,0.0,0
15m,1763582400.0,2.037,2.0381,2.0263,2.0282,1159360.45,0.0,0.0,0
15m,1763583300.0,2.0282,2.0399,2.0278,2.0374,947971.04,0.0,0.0,0
15m,1763584200.0,2.0374,2.0471,2.028,2.0326,736614.05,0.0,0.0,0
15m,1763585100.0,2.0326,2.0561,2.0309,2.0506,1444146.83,0.0,0.0,0
15m,1763586000.0,2.0506,2.0615,2.0433,2.0555,1460136.32,0.0,0.0,0
15m,1763586900.0,2.0555,2.0959,2.0546,2.0711,2628286.96,0.0,0.0,0
15m,1763587800.0,2.0711,2.0865,2.0684,2.0856,1399666.48,0.0,0.0,0
15m,1763588700.0,2.0856,2.0968,2.0837,2.0923,1045095.12,0.0,0.0,0
15m,1763589600.0,2.0923,2.0938,2.0799,2.0812,815691.25,0.0,0.0,0
15m,1763590500.0,2.0812,2.0917,2.0707,2.0897,723151.18,0.0,0.0,0
15m,1763591400.0,2.0897,2.0915,2.0842,2.0898,319075.01,0.0,0.0,0
15m,1763592300.0,2.0898,2.098,2.0861,2.0931,485436.91,0.0,0.0,0
15m,1763593200.0,2.0931,2.1131,2.0913,2.1119,1121494.81,0.0,0.0,0
15m,1763594100.0,2.1119,2.1144,2.1067,2.1095,1026080.65,0.0,0.0,0
15m,1763595000.0,2.1095,2.1165,2.1073,2.1077,522068.01,0.0,0.0,0
15m,1763595900.0,2.1077,2.112,2.1067,2.1096,401410.79,0.0,0.0,0
15m,1763596800.0,2.1096,2.1096,2.0963,2.106,585512.15,0.0,0.0,0
15m,1763597700.0,2.106,2.1175,2.1056,2.1148,581605.13,0.0,0.0,0
15m,1763598600.0,2.1148,2.1259,2.1147,2.1191,883257.48,0.0,0.0,0
15m,1763599500.0,2.1191,2.1197,2.1096,2.1113,410988.98,0.0,0.0,0
15m,1763600400.0,2.1113,2.129,2.1092,2.1245,707379.7,0.0,0.0,0
15m,1763601300.0,2.1245,2.1337,2.1221,2.1245,693276.64,0.0,0.0,0
15m,1763602200.0,2.1245,2.1322,2.1245,2.1287,443055.74,0.0,0.0,0
15m,1763603100.0,2.1287,2.1303,2.1254,2.1272,352274.86,0.0,0.0,0
15m,1763604000.0,2.1272,2.1389,2.1238,2.1344,640925.07,0.0,0.0,0
15m,1763604900.0,2.1344,2.1356,2.1266,2.1288,255006.25,0.0,0.0,0
15m,1763605800.0,2.1288,2.1316,2.1232,2.1271,477876.93,0.0,0.0,0
15m,1763606700.0,2.1271,2.1335,2.1231,2.1307,346727.9,0.0,0.0,0
15m,1763607600.0,2.1307,2.1362,2.1293,2.1315,310196.28,0.0,0.0,0
15m,1763608500.0,2.1315,2.1403,2.1312,2.133,479774.95,0.0,0.0,0
15m,1763609400.0,2.133,2.1396,2.1321,2.1342,478669.24,0.0,0.0,0
15m,1763610300.0,2.1342,2.1369,2.1315,2.1341,496797.99,0.0,0.0,0
15m,1763611200.0,2.1341,2.1363,2.1277,2.1305,522573.63,0.0,0.0,0
15m,1763612100.0,2.1305,2.1305,2.1192,2.1254,930109.62,0.0,0.0,0
15m,1763613000.0,2.1254,2.1323,2.1219,2.1245,786290.13,0.0,0.0,0
15m,1763613900.0,2.1245,2.1467,2.1244,2.1459,1077255.46,0.0,0.0,0
15m,1763614800.0,2.1459,2.1497,2.1409,2.1438,881974.36,0.0,0.0,0
15m,1763615700.0,2.1438,2.1466,2.1381,2.1385,632862.2,0.0,0.0,0
15m,1763616600.0,2.1385,2.1418,2.1359,2.1367,598337.77,0.0,0.0,0
15m,1763617500.0,2.1367,2.1432,2.1367,2.1422,401743.19,0.0,0.0,0
15m,1763618400.0,2.1422,2.148,2.1415,2.1441,565081.26,0.0,0.0,0
15m,1763619300.0,2.1441,2.1441,2.1344,2.136,564720.07,0.0,0.0,0
15m,1763620200.0,2.136,2.1372,2.1236,2.1245,1076714.37,0.0,0.0,0
15m,1763621100.0,2.1245,2.1308,2.1194,2.1304,1408223.17,0.0,0.0,0
15m,1763622000.0,2.1304,2.135,2.1243,2.1346,830939.27,0.0,0.0,0
15m,1763622900.0,2.1346,2.1348,2.1274,2.1314,524551.3,0.0,0.0,0
15m,1763623800.0,2.1314,2.1386,2.1308,2.1369,551748.08,0.0,0.0,0
15m,1763624700.0,2.1369,2.1425,2.1367,2.1403,644198.49,0.0,0.0,0
15m,1763625600.0,2.1403,2.142,2.1321,2.1322,526813.48,0.0,0.0,0
15m,1763626500.0,2.1322,2.1401,2.1301,2.1366,489202.65,0.0,0.0,0
15m,1763627400.0,2.1366,2.1366,2.1302,2.1317,353231.86,0.0,0.0,0
15m,1763628300.0,2.1317,2.1341,2.1269,2.1301,405511.1,0.0,0.0,0
15m,1763629200.0,2.1301,2.1305,2.1257,2.1273,538004.55,0.0,0.0,0
15m,1763630100.0,2.1273,2.1283,2.115,2.1162,836885.75,0.0,0.0,0
15m,1763631000.0,2.1162,2.1209,2.1158,2.1163,670815.96,0.0,0.0,0
15m,1763631900.0,2.1163,2.1216,2.111,2.1193,1167116.88,0.0,0.0,0
15m,1763632800.0,2.1193,2.1229,2.113,2.1131,502741.05,0.0,0.0,0
15m,1763633700.0,2.1131,2.1259,2.1128,2.1255,371897.5,0.0,0.0,0
15m,1763634600.0,2.1255,2.1272,2.1187,2.1201,330398.18,0.0,0.0,0
15m,1763635500.0,2.1201,2.1221,2.1181,2.1212,232909.4,0.0,0.0,0
15m,1763636400.0,2.1212,2.1219,2.1148,2.1182,231793.88,0.0,0.0,0
15m,1763637300.0,2.1182,2.1216,2.111,2.1124,411846.83,0.0,0.0,0
15m,1763638200.0,2.1124,2.118,2.1081,2.1142,691631.16,0.0,0.0,0
15m,1763639100.0,2.1142,2.1191,2.1123,2.1162,314183.3,0.0,0.0,0
15m,1763640000.0,2.1162,2.1213,2.1108,2.1109,237510.68,0.0,0.0,0
15m,1763640900.0,2.1109,2.1203,2.1104,2.1177,355350.23,0.0,0.0,0
15m,1763641800.0,2.1177,2.1234,2.1132,2.1157,483560.56,0.0,0.0,0
15m,1763642700.0,2.1157,2.1316,2.1151,2.1265,632324.07,0.0,0.0,0
15m,1763643600.0,2.1265,2.1286,2.1202,2.1286,716618.73,0.0,0.0,0
15m,1763644500.0,2.1286,2.129,2.1172,2.1255,740712.91,0.0,0.0,0
15m,1763645400.0,2.1255,2.1443,2.1201,2.1211,1936368.89,0.0,0.0,0
15m,1763646300.0,2.1211,2.133,2.1144,2.122,780258.24,0.0,0.0,0
15m,1763647200.0,2.122,2.1227,2.0954,2.0957,1936742.54,0.0,0.0,0
15m,1763648100.0,2.0957,2.1327,2.0915,2.1313,2080576.86,0.0,0.0,0
15m,1763649000.0,2.1313,2.1387,2.1155,2.1221,1759443.56,0.0,0.0,0
15m,1763649900.0,2.1221,2.1291,2.1138,2.1233,974694.12,0.0,0.0,0
15m,1763650800.0,2.1233,2.1252,2.0972,2.0991,1297762.71,0.0,0.0,0
15m,1763651700.0,2.0991,2.1127,2.0953,2.1121,749864.2,0.0,0.0,0
15m,1763652600.0,2.1121,2.1121,2.0895,2.0985,866028.29,0.0,0.0,0
15m,1763653500.0,2.0985,2.0999,2.0828,2.0857,848924.42,0.0,0.0,0
15m,1763654400.0,2.0857,2.0879,2.0304,2.0379,3182835.22,0.0,0.0,0
15m,1763655300.0,2.0379,2.0456,2.0141,2.0281,4512827.66,0.0,0.0,0
15m,1763656200.0,2.0281,2.0358,2.0119,2.0138,1893791.59,0.0,0.0,0
15m,1763657100.0,2.0138,2.026,2.0009,2.0097,2983278.53,0.0,0.0,0
15m,1763658000.0,2.0097,2.0162,1.9884,1.9922,3311608.67,0.0,0.0,0
15m,1763658900.0,1.9922,2.0095,1.9809,2.0061,3203404.51,0.0,0.0,0
15m,1763659800.0,2.0061,2.0135,1.9943,1.9953,2319872.5,0.0,0.0,0
15m,1763660700.0,1.9953,2.0069,1.9887,2.0044,2298075.55,0.0,0.0,0
15m,1763661600.0,2.0044,2.0126,1.9916,2.0119,2968356.03,0.0,0.0,0
15m,1763662500.0,2.0119,2.0144,1.9953,1.9983,2244137.89,0.0,0.0,0
15m,1763663400.0,1.9983,2.0009,1.9847,1.9889,1430684.65,0.0,0.0,0
15m,1763664300.0,1.9889,1.9918,1.984,1.9883,1608086.29,0.0,0.0,0
15m,1763665200.0,1.9883,1.9884,1.975,1.981,2371668.34,0.0,0.0,0
15m,1763666100.0,1.981,2.0054,1.9777,1.9998,2378358.06,0.0,0.0,0
15m,1763667000.0,1.9998,2.0023,1.9912,1.9983,1058494.27,0.0,0.0,0
15m,1763667900.0,1.9983,2.0104,1.9962,2.0075,864356.47,0.0,0.0,0
15m,1763668800.0,2.0075,2.0075,1.9875,1.9884,1062949.25,0.0,0.0,0
15m,1763669700.0,1.9884,2.0157,1.9881,2.0156,1135718.94,0.0,0.0,0
15m,1763670600.0,2.0156,2.021,2.0039,2.0081,1207188.47,0.0,0.0,0
15m,1763671500.0,2.0081,2.0165,2.0031,2.004,1414899.28,0.0,0.0,0
15m,1763672400.0,2.004,2.0148,2.0032,2.0091,903227.61,0.0,0.0,0
15m,1763673300.0,2.0091,2.0306,2.0074,2.0207,767935.24,0.0,0.0,0
15m,1763674200.0,2.0207,2.0301,2.02,2.0301,581003.58,0.0,0.0,0
15m,1763675100.0,2.0301,2.0346,2.0197,2.0208,700884.71,0.0,0.0,0
15m,1763676000.0,2.0208,2.041,2.0195,2.0387,593141.36,0.0,0.0,0
15m,1763676900.0,2.0387,2.0474,2.0368,2.0474,544645.11,0.0,0.0,0
15m,1763677800.0,2.0474,2.0529,2.0378,2.0426,489703.84,0.0,0.0,0
15m,1763678700.0,2.0426,2.0504,2.0414,2.0424,319894.29,0.0,0.0,0
15m,1763679600.0,2.0424,2.0453,2.0228,2.0296,475589.66,0.0,0.0,0
15m,1763680500.0,2.0296,2.0338,2.0174,2.0182,558203.33,0.0,0.0,0
15m,1763681400.0,2.0182,2.0204,2.0039,2.0121,860126.64,0.0,0.0,0
15m,1763682300.0,2.0121,2.0147,1.9966,1.9998,645093.48,0.0,0.0,0
15m,1763683200.0,1.9998,2.0196,1.999,2.0196,899051.93,0.0,0.0,0
15m,1763684100.0,2.0196,2.0228,2.0125,2.0164,492656.86,0.0,0.0,0
15m,1763685000.0,2.0164,2.0206,2.0076,2.0097,516062.42,0.0,0.0,0
15m,1763685900.0,2.0097,2.0192,2.0094,2.0162,376882.2,0.0,0.0,0
15m,1763686800.0,2.0162,2.0253,2.0121,2.0185,771028.54,0.0,0.0,0
15m,1763687700.0,2.0185,2.0309,2.0056,2.0258,792307.74,0.0,0.0,0
15m,1763688600.0,2.0258,2.0263,2.0119,2.0209,652187.82,0.0,0.0,0
15m,1763689500.0,2.0209,2.0238,2.0133,2.0165,390891.2,0.0,0.0,0
15m,1763690400.0,2.0165,2.0172,1.999,2.0008,780802.39,0.0,0.0,0
15m,1763691300.0,2.0008,2.0151,1.991,2.0038,1371312.75,0.0,0.0,0
15m,1763692200.0,2.0038,2.0072,1.9842,1.9847,1417278.33,0.0,0.0,0
15m,1763693100.0,1.9847,1.9956,1.961,1.9636,2463001.84,0.0,0.0,0
15m,1763694000.0,1.9636,2.0008,1.9636,1.9884,2004085.79,0.0,0.0,0
15m,1763694900.0,1.9884,1.9939,1.9767,1.9911,1259820.08,0.0,0.0,0
15m,1763695800.0,1.9911,2.0012,1.9814,1.9963,1166701.51,0.0,0.0,0
15m,1763696700.0,1.9963,1.998,1.9795,1.9799,717773.28,0.0,0.0,0
15m,1763697600.0,1.9799,1.9869,1.9774,1.9798,1184979.16,0.0,0.0,0
15m,1763698500.0,1.9798,1.9833,1.9674,1.9746,1225772.85,0.0,0.0,0
15m,1763699400.0,1.9746,1.9841,1.9571,1.9789,1612137.2,0.0,0.0,0
15m,1763700300.0,1.9789,1.9903,1.9699,1.9856,1359521.51,0.0,0.0,0
15m,1763701200.0,1.9856,1.9958,1.9824,1.989,967965.85,0.0,0.0,0
15m,1763702100.0,1.989,1.9929,1.985,1.9874,594241.5,0.0,0.0,0
15m,1763703000.0,1.9874,1.9927,1.9768,1.9821,673235.13,0.0,0.0,0
15m,1763703900.0,1.9821,1.9848,1.9751,1.981,503065.0,0.0,0.0,0
15m,1763704800.0,1.981,1.9849,1.9711,1.9815,484575.41,0.0,0.0,0
15m,1763705700.0,1.9815,1.9821,1.9598,1.9617,715526.69,0.0,0.0,0
15m,1763706600.0,1.9617,1.9677,1.9536,1.9665,975941.58,0.0,0.0,0
15m,1763707500.0,1.9665,1.9722,1.9621,1.9684,960369.49,0.0,0.0,0
15m,1763708400.0,1.9684,1.9756,1.9637,1.9664,698905.67,0.0,0.0,0
15m,1763709300.0,1.9664,1.9675,1.954,1.956,878555.95,0.0,0.0,0
15m,1763710200.0,1.956,1.9581,1.8439,1.9301,9738554.04,0.0,0.0,0
15m,1763711100.0,1.9301,1.9324,1.9121,1.9192,2384828.75,0.0,0.0,0
15m,1763712000.0,1.9192,1.9538,1.9145,1.9455,1595655.82,0.0,0.0,0
15m,1763712900.0,1.9455,1.9568,1.9427,1.9489,1107464.01,0.0,0.0,0
15m,1763713800.0,1.9489,1.9559,1.9331,1.9366,976528.83,0.0,0.0,0
15m,1763714700.0,1.9366,1.9434,1.9312,1.9325,998074.21,0.0,0.0,0
15m,1763715600.0,1.9325,1.9548,1.9325,1.9454,1522230.02,0.0,0.0,0
15m,1763716500.0,1.9454,1.9475,1.9226,1.9249,1069137.8,0.0,0.0,0
15m,1763717400.0,1.9249,1.9279,1.9036,1.9096,2028630.04,0.0,0.0,0
15m,1763718300.0,1.9096,1.912,1.9012,1.9031,2043105.4,0.0,0.0,0
15m,1763719200.0,1.9031,1.9121,1.889,1.898,2686041.23,0.0,0.0,0
15m,1763720100.0,1.898,1.9096,1.8872,1.8952,1141812.95,0.0,0.0,0
15m,1763721000.0,1.8952,1.9133,1.8944,1.9012,908780.01,0.0,0.0,0
15m,1763721900.0,1.9012,1.9033,1.8939,1.8978,575405.32,0.0,0.0,0
15m,1763722800.0,1.8978,1.9164,1.8941,1.9101,886008.18,0.0,0.0,0
15m,1763723700.0,1.9101,1.9109,1.8961,1.8992,850861.47,0.0,0.0,0
15m,1763724600.0,1.8992,1.9034,1.8862,1.8902,885065.21,0.0,0.0,0
15m,1763725500.0,1.8902,1.8915,1.8739,1.876,2373345.63,0.0,0.0,0
15m,1763726400.0,1.876,1.8786,1.86,1.8691,2234514.38,0.0,0.0,0
15m,1763727300.0,1.8691,1.8691,1.821,1.8283,4310376.12,0.0,0.0,0
15m,1763728200.0,1.8283,1.9149,1.8283,1.9088,5108313.88,0.0,0.0,0
15m,1763729100.0,1.9088,1.9235,1.9027,1.9091,2656442.39,0.0,0.0,0
15m,1763730000.0,1.9091,1.9267,1.9022,1.9225,2277547.51,0.0,0.0,0
15m,1763730900.0,1.9225,1.9423,1.9124,1.9149,2608987.37,0.0,0.0,0
15m,1763731800.0,1.9149,1.9362,1.9141,1.9327,1088514.64,0.0,0.0,0
15m,1763732700.0,1.9327,1.9426,1.9299,1.9306,1439132.27,0.0,0.0,0
15m,1763733600.0,1.9306,1.9374,1.9248,1.9263,1129484.6,0.0,0.0,0
15m,1763734500.0,1.9263,1.9267,1.9158,1.9185,841044.62,0.0,0.0,0
15m,1763735400.0,1.9185,1.9626,1.9168,1.9493,2579604.18,0.0,0.0,0
15m,1763736300.0,1.9493,1.9654,1.9391,1.9511,1651256.24,0.0,0.0,0
15m,1763737200.0,1.9511,1.9568,1.9313,1.9352,1525374.08,0.0,0.0,0
15m,1763738100.0,1.9352,1.9407,1.9238,1.9266,1639798.31,0.0,0.0,0
15m,1763739000.0,1.9266,1.9309,1.908,1.9197,1531460.19,0.0,0.0,0
15m,1763739900.0,1.9197,1.9238,1.9038,1.9111,1094700.66,0.0,0.0,0
15m,1763740800.0,1.9111,1.915,1.8949,1.9009,1250460.6,0.0,0.0,0
15m,1763741700.0,1.9009,1.9127,1.886,1.9077,1333251.01,0.0,0.0,0
15m,1763742600.0,1.9077,1.925,1.8982,1.9136,1287469.02,0.0,0.0,0
15m,1763743500.0,1.9136,1.9578,1.906,1.9566,1396766.73,0.0,0.0,0
15m,1763744400.0,1.9566,1.9758,1.9497,1.9729,1272887.72,0.0,0.0,0
15m,1763745300.0,1.9729,1.9984,1.9718,1.9873,1512123.35,0.0,0.0,0
15m,1763746200.0,1.9873,1.9959,1.9816,1.9841,682854.1,0.0,0.0,0
15m,1763747100.0,1.9841,1.9938,1.97,1.9765,791228.62,0.0,0.0,0
15m,1763748000.0,1.9765,1.9802,1.9403,1.9438,1678892.59,0.0,0.0,0
15m,1763748900.0,1.9438,1.9515,1.9305,1.951,1260364.76,0.0,0.0,0
15m,1763749800.0,1.951,1.9704,1.9485,1.9664,979081.38,0.0,0.0,0
15m,1763750700.0,1.9664,1.9868,1.9615,1.965,774106.3,0.0,0.0,0
15m,1763751600.0,1.965,1.9728,1.9559,1.9573,624491.08,0.0,0.0,0
15m,1763752500.0,1.9573,1.9698,1.9517,1.9643,684276.82,0.0,0.0,0
15m,1763753400.0,1.9643,1.9685,1.95,1.9525,645808.45,0.0,0.0,0
15m,1763754300.0,1.9525,1.9554,1.941,1.9484,928213.37,0.0,0.0,0
15m,1763755200.0,1.9484,1.954,1.9333,1.9455,1286900.63,0.0,0.0,0
15m,1763756100.0,1.9455,1.946,1.922,1.9234,1150794.74,0.0,0.0,0
15m,1763757000.0,1.9234,1.9454,1.9221,1.9441,1991520.35,0.0,0.0,0
15m,1763757900.0,1.9441,1.951,1.9367,1.9429,917608.08,0.0,0.0,0
15m,1763758800.0,1.9429,1.9492,1.9239,1.9295,1357822.53,0.0,0.0,0
15m,1763759700.0,1.9295,1.9609,1.924,1.9582,2426330.34,0.0,0.0,0
15m,1763760600.0,1.9582,1.9634,1.9459,1.9581,912738.72,0.0,0.0,0
15m,1763761500.0,1.9581,1.9658,1.9505,1.9545,434698.54,0.0,0.0,0
15m,1763762400.0,1.9545,1.9626,1.9515,1.9563,447887.35,0.0,0.0,0
15m,1763763300.0,1.9563,1.9582,1.937,1.9415,414228.34,0.0,0.0,0
15m,1763764200.0,1.9415,1.9416,1.9271,1.9344,292541.96,0.0,0.0,0
15m,1763765100.0,1.9344,1.9395,1.9083,1.9091,575253.98,0.0,0.0,0
15m,1763766000.0,1.9091,1.9165,1.9,1.9163,783176.23,0.0,0.0,0
15m,1763766900.0,1.9163,1.9459,1.9155,1.9447,845781.15,0.0,0.0,0
15m,1763767800.0,1.9447,1.9518,1.9408,1.9501,868853.38,0.0,0.0,0
15m,1763768700.0,1.9501,1.9541,1.9485,1.9509,379168.85,0.0,0.0,0
15m,1763769600.0,1.9509,1.9577,1.9448,1.9542,638275.37,0.0,0.0,0
15m,1763770500.0,1.9542,1.9564,1.9312,1.9335,550044.8,0.0,0.0,0
15m,1763771400.0,1.9335,1.9536,1.9335,1.9496,459950.58,0.0,0.0,0
15m,1763772300.0,1.9496,1.9515,1.9395,1.9437,431616.5,0.0,0.0,0
15m,1763773200.0,1.9437,1.9537,1.9381,1.9445,422130.9,0.0,0.0,0
15m,1763774100.0,1.9445,1.9534,1.9422,1.9487,451100.29,0.0,0.0,0
15m,1763775000.0,1.9487,1.9609,1.9473,1.9478,584865.36,0.0,0.0,0
15m,1763775900.0,1.9478,1.9612,1.9475,1.9611,368971.52,0.0,0.0,0
15m,1763776800.0,1.9611,1.9637,1.9499,1.9539,352855.71,0.0,0.0,0
15m,1763777700.0,1.9539,1.9588,1.9483,1.9525,528872.19,0.0,0.0,0
15m,1763778600.0,1.9525,1.9526,1.9407,1.9426,399790.82,0.0,0.0,0
15m,1763779500.0,1.9426,1.9522,1.9377,1.9506,313463.66,0.0,0.0,0
15m,1763780400.0,1.9506,1.9591,1.9485,1.9579,288119.52,0.0,0.0,0
15m,1763781300.0,1.9579,1.9584,1.9462,1.9522,370308.54,0.0,0.0,0
15m,1763782200.0,1.9522,1.9553,1.9441,1.9525,254789.87,0.0,0.0,0
15m,1763783100.0,1.9525,1.9538,1.9435,1.9489,330206.86,0.0,0.0,0
15m,1763784000.0,1.9489,1.951,1.9271,1.9299,464400.4,0.0,0.0,0
15m,1763784900.0,1.9299,1.9349,1.9217,1.9288,567829.44,0.0,0.0,0
15m,1763785800.0,1.9288,1.9332,1.915,1.919,340664.49,0.0,0.0,0
15m,1763786700.0,1.919,1.9409,1.916,1.9362,471804.0,0.0,0.0,0
15m,1763787600.0,1.9362,1.9404,1.9269,1.9313,305809.41,0.0,0.0,0
15m,1763788500.0,1.9313,1.9313,1.9185,1.9263,250195.36,0.0,0.0,0
15m,1763789400.0,1.9263,1.927,1.9138,1.9184,336482.49,0.0,0.0,0
15m,1763790300.0,1.9184,1.9348,1.9172,1.9313,388165.5,0.0,0.0,0
15m,1763791200.0,1.9313,1.9364,1.9214,1.9325,355112.49,0.0,0.0,0
15m,1763792100.0,1.9325,1.9495,1.9286,1.9445,544974.0,0.0,0.0,0
15m,1763793000.0,1.9445,1.9533,1.9436,1.9483,516955.7,0.0,0.0,0
15m,1763793900.0,1.9483,1.9574,1.9463,1.9544,404128.99,0.0,0.0,0
15m,1763794800.0,1.9544,1.9575,1.9491,1.9512,542751.18,0.0,0.0,0
15m,1763795700.0,1.9512,1.958,1.9457,1.9496,289297.6,0.0,0.0,0
15m,1763796600.0,1.9496,1.9539,1.9436,1.951,188843.03,0.0,0.0,0
15m,1763797500.0,1.951,1.9546,1.9485,1.9533,212720.36,0.0,0.0,0
15m,1763798400.0,1.9533,1.9533,1.9414,1.9426,196626.32,0.0,0.0,0
15m,1763799300.0,1.9426,1.9426,1.9177,1.9215,642281.11,0.0,0.0,0
15m,1763800200.0,1.9215,1.9228,1.9078,1.9128,847227.0,0.0,0.0,0
15m,1763801100.0,1.9128,1.9175,1.9085,1.9148,687113.13,0.0,0.0,0
15m,1763802000.0,1.9148,1.9239,1.9134,1.9218,389451.73,0.0,0.0,0
15m,1763802900.0,1.9218,1.9224,1.9028,1.9102,828685.13,0.0,0.0,0
15m,1763803800.0,1.9102,1.9265,1.9074,1.9202,805679.9,0.0,0.0,0
15m,1763804700.0,1.9202,1.9241,1.9107,1.9135,634988.12,0.0,0.0,0
15m,1763805600.0,1.9135,1.9218,1.9133,1.9186,253842.97,0.0,0.0,0
15m,1763806500.0,1.9186,1.9186,1.8994,1.9024,798995.56,0.0,0.0,0
15m,1763807400.0,1.9024,1.9066,1.9006,1.9066,361209.71,0.0,0.0,0
15m,1763808300.0,1.9066,1.9096,1.8987,1.903,705790.74,0.0,0.0,0
15m,1763809200.0,1.903,1.9154,1.8947,1.9154,633833.68,0.0,0.0,0
15m,1763810100.0,1.9154,1.9257,1.906,1.9212,531641.78,0.0,0.0,0
15m,1763811000.0,1.9212,1.9261,1.9173,1.9209,328776.21,0.0,0.0,0
15m,1763811900.0,1.9209,1.9237,1.9173,1.9173,255173.5,0.0,0.0,0
15m,1763812800.0,1.9173,1.9179,1.9018,1.9046,392181.57,0.0,0.0,0
15m,1763813700.0,1.9046,1.9095,1.9037,1.9068,398494.05,0.0,0.0,0
15m,1763814600.0,1.9068,1.9105,1.896,1.8985,707245.24,0.0,0.0,0
15m,1763815500.0,1.8985,1.906,1.8941,1.9036,844840.81,0.0,0.0,0
15m,1763816400.0,1.9036,1.9117,1.8927,1.9048,860823.24,0.0,0.0,0
15m,1763817300.0,1.9048,1.906,1.8941,1.8967,810982.58,0.0,0.0,0
15m,1763818200.0,1.8967,1.8987,1.8886,1.8972,776752.87,0.0,0.0,0
15m,1763819100.0,1.8972,1.9035,1.8927,1.8969,851411.43,0.0,0.0,0
15m,1763820000.0,1.8969,1.9161,1.8956,1.9155,908114.93,0.0,0.0,0
15m,1763820900.0,1.9155,1.9301,1.9148,1.9201,858512.26,0.0,0.0,0
15m,1763821800.0,1.9201,1.9277,1.9165,1.9185,473958.61,0.0,0.0,0
15m,1763822700.0,1.9185,1.9302,1.9123,1.9284,467750.73,0.0,0.0,0
15m,1763823600.0,1.9284,1.9326,1.9221,1.9237,389519.14,0.0,0.0,0
15m,1763824500.0,1.9237,1.9392,1.923,1.9346,536200.09,0.0,0.0,0
15m,1763825400.0,1.9346,1.9386,1.9237,1.9248,679472.13,0.0,0.0,0
15m,1763826300.0,1.9248,1.9321,1.9212,1.9295,301482.57,0.0,0.0,0
15m,1763827200.0,1.9295,1.9501,1.9273,1.9446,502470.74,0.0,0.0,0
15m,1763828100.0,1.9446,1.9482,1.9409,1.944,413899.14,0.0,0.0,0
15m,1763829000.0,1.944,1.9474,1.9395,1.9467,215146.14,0.0,0.0,0
15m,1763829900.0,1.9467,1.9512,1.9427,1.9445,335846.51,0.0,0.0,0
15m,1763830800.0,1.9445,1.9452,1.9337,1.9385,383649.43,0.0,0.0,0
15m,1763831700.0,1.9385,1.9418,1.9318,1.94,327109.79,0.0,0.0,0
15m,1763832600.0,1.94,1.9408,1.9297,1.9307,206793.5,0.0,0.0,0
15m,1763833500.0,1.9307,1.9317,1.9273,1.9303,171112.52,0.0,0.0,0
15m,1763834400.0,1.9303,1.9334,1.9268,1.9271,222746.81,0.0,0.0,0
15m,1763835300.0,1.9271,1.928,1.9235,1.9279,267098.09,0.0,0.0,0
15m,1763836200.0,1.9279,1.9281,1.9219,1.9266,203126.48,0.0,0.0,0
15m,1763837100.0,1.9266,1.9321,1.9248,1.9318,152979.9,0.0,0.0,0
15m,1763838000.0,1.9318,1.9398,1.9305,1.9369,146691.62,0.0,0.0,0
15m,1763838900.0,1.9369,1.94,1.9277,1.9289,90177.51,0.0,0.0,0
15m,1763839800.0,1.9289,1.932,1.9254,1.9265,160146.05,0.0,0.0,0
15m,1763840700.0,1.9265,1.9349,1.9259,1.9278,104832.09,0.0,0.0,0
15m,1763841600.0,1.9278,1.9347,1.9259,1.934,125418.7,0.0,0.0,0
15m,1763842500.0,1.934,1.9369,1.9288,1.9341,184829.41,0.0,0.0,0
15m,1763843400.0,1.9341,1.9348,1.9236,1.9242,194410.55,0.0,0.0,0
15m,1763844300.0,1.9242,1.9286,1.9203,1.928,149261.32,0.0,0.0,0
15m,1763845200.0,1.928,1.9347,1.9252,1.9263,123304.45,0.0,0.0,0
15m,1763846100.0,1.9263,1.9331,1.9255,1.9305,69514.29,0.0,0.0,0
15m,1763847000.0,1.9305,1.9316,1.9249,1.9305,82926.97,0.0,0.0,0
15m,1763847900.0,1.9305,1.9375,1.93,1.9365,149965.5,0.0,0.0,0
15m,1763848800.0,1.9365,1.9405,1.9293,1.9405,155777.41,0.0,0.0,0
15m,1763849700.0,1.9405,1.9466,1.9384,1.9413,242959.79,0.0,0.0,0
15m,1763850600.0,1.9413,1.9501,1.9397,1.9476,198404.07,0.0,0.0,0
15m,1763851500.0,1.9476,1.9674,1.9464,1.9581,517287.74,0.0,0.0,0
15m,1763852400.0,1.9581,1.9617,1.9486,1.9523,377827.48,0.0,0.0,0
15m,1763853300.0,1.9523,1.9533,1.945,1.9516,265670.79,0.0,0.0,0
15m,1763854200.0,1.9516,1.9576,1.9491,1.9525,201420.4,0.0,0.0,0
15m,1763855100.0,1.9525,1.9542,1.9484,1.9507,179205.94,0.0,0.0,0
15m,1763856000.0,1.9507,1.9566,1.9496,1.9555,221525.38,0.0,0.0,0
15m,1763856900.0,1.9555,1.9614,1.9499,1.9591,348498.76,0.0,0.0,0
15m,1763857800.0,1.9591,1.9597,1.9508,1.9581,293489.64,0.0,0.0,0
15m,1763858700.0,1.9581,1.9632,1.955,1.9599,229520.45,0.0,0.0,0
15m,1763859600.0,1.9599,1.9705,1.9574,1.9685,389097.29,0.0,0.0,0
15m,1763860500.0,1.9685,1.9761,1.9646,1.9743,335703.23,0.0,0.0,0
15m,1763861400.0,1.9743,2.0023,1.9724,1.9969,1416268.65,0.0,0.0,0
15m,1763862300.0,1.9969,2.0054,1.9898,1.9996,1318857.42,0.0,0.0,0
15m,1763863200.0,1.9996,2.0081,1.9959,2.0069,1019172.03,0.0,0.0,0
15m,1763864100.0,2.0069,2.0234,2.0056,2.0229,1054750.55,0.0,0.0,0
15m,1763865000.0,2.0229,2.0518,2.0205,2.0372,2043782.85,0.0,0.0,0
15m,1763865900.0,2.0372,2.0463,2.029,2.0321,1082878.04,0.0,0.0,0
15m,1763866800.0,2.0321,2.0462,2.0226,2.0349,729610.34,0.0,0.0,0
15m,1763867700.0,2.0349,2.0378,2.0281,2.0308,492945.82,0.0,0.0,0
15m,1763868600.0,2.0308,2.0348,2.0257,2.0313,304906.31,0.0,0.0,0
15m,1763869500.0,2.0313,2.0333,2.0267,2.0306,187532.18,0.0,0.0,0
15m,1763870400.0,2.0306,2.052,2.0298,2.0511,863839.32,0.0,0.0,0
15m,1763871300.0,2.0511,2.0743,2.0477,2.0583,1232619.86,0.0,0.0,0
15m,1763872200.0,2.0583,2.076,2.0554,2.0655,554836.96,0.0,0.0,0
15m,1763873100.0,2.0655,2.0717,2.0623,2.0653,569876.19,0.0,0.0,0
15m,1763874000.0,2.0653,2.0657,2.0535,2.057,456464.76,0.0,0.0,0
15m,1763874900.0,2.057,2.057,2.046,2.0483,494685.59,0.0,0.0,0
15m,1763875800.0,2.0483,2.0518,2.0391,2.0498,725499.17,0.0,0.0,0
15m,1763876700.0,2.0498,2.0609,2.0486,2.0566,658916.2,0.0,0.0,0
15m,1763877600.0,2.0566,2.0669,2.0496,2.0511,873426.97,0.0,0.0,0
15m,1763878500.0,2.0511,2.0513,2.0414,2.0441,477491.86,0.0,0.0,0
15m,1763879400.0,2.0441,2.0457,2.0388,2.042,504126.0,0.0,0.0,0
15m,1763880300.0,2.042,2.045,2.0353,2.0366,576468.05,0.0,0.0,0
15m,1763881200.0,2.0366,2.0403,2.0277,2.0371,872586.86,0.0,0.0,0
15m,1763882100.0,2.0371,2.0381,2.0168,2.0193,986118.98,0.0,0.0,0
15m,1763883000.0,2.0193,2.0295,2.0165,2.027,509726.83,0.0,0.0,0
15m,1763883900.0,2.027,2.0278,2.0204,2.0267,316387.69,0.0,0.0,0
15m,1763884800.0,2.0267,2.0399,2.0265,2.0363,442907.78,0.0,0.0,0
15m,1763885700.0,2.0363,2.0388,2.0311,2.0323,224146.18,0.0,0.0,0
15m,1763886600.0,2.0323,2.036,2.027,2.028,160889.8,0.0,0.0,0
15m,1763887500.0,2.028,2.0394,2.028,2.038,263470.35,0.0,0.0,0
15m,1763888400.0,2.038,2.0477,2.0362,2.0455,285179.85,0.0,0.0,0
15m,1763889300.0,2.0455,2.0491,2.0385,2.0423,295934.24,0.0,0.0,0
15m,1763890200.0,2.0423,2.0524,2.0423,2.0519,265664.62,0.0,0.0,0
15m,1763891100.0,2.0519,2.0523,2.0457,2.0466,249115.86,0.0,0.0,0
15m,1763892000.0,2.0466,2.0485,2.0403,2.0413,217420.69,0.0,0.0,0
15m,1763892900.0,2.0413,2.0416,2.0341,2.0356,419498.8,0.0,0.0,0
15m,1763893800.0,2.0356,2.0394,2.032,2.0384,247256.02,0.0,0.0,0
15m,1763894700.0,2.0384,2.0417,2.0342,2.0349,223358.84,0.0,0.0,0
15m,1763895600.0,2.0349,2.0349,2.0241,2.0277,342144.21,0.0,0.0,0
15m,1763896500.0,2.0277,2.0326,2.0226,2.0281,225900.06,0.0,0.0,0
15m,1763897400.0,2.0281,2.0338,2.0275,2.0321,169281.16,0.0,0.0,0
15m,1763898300.0,2.0321,2.0351,2.0258,2.0312,459220.81,0.0,0.0,0
15m,1763899200.0,2.0312,2.0441,2.0298,2.0428,549745.96,0.0,0.0,0
15m,1763900100.0,2.0428,2.0497,2.0395,2.0448,1012263.84,0.0,0.0,0
15m,1763901000.0,2.0448,2.0495,2.0366,2.0413,567130.9,0.0,0.0,0
15m,1763901900.0,2.0413,2.0444,2.0377,2.0425,257066.69,0.0,0.0,0
15m,1763902800.0,2.0425,2.0479,2.0347,2.0372,317920.55,0.0,0.0,0
15m,1763903700.0,2.0372,2.0405,2.0328,2.0365,407890.15,0.0,0.0,0
15m,1763904600.0,2.0365,2.0422,2.0332,2.0405,328876.76,0.0,0.0,0
15m,1763905500.0,2.0405,2.05,2.0384,2.0489,425129.74,0.0,0.0,0
15m,1763906400.0,2.0489,2.063,2.0472,2.0481,962852.72,0.0,0.0,0
15m,1763907300.0,2.0481,2.0571,2.0464,2.0553,325396.5,0.0,0.0,0
15m,1763908200.0,2.0553,2.0609,2.0475,2.0488,479308.21,0.0,0.0,0
15m,1763909100.0,2.0488,2.0516,2.0375,2.0401,566188.16,0.0,0.0,0
15m,1763910000.0,2.0401,2.0506,2.036,2.0472,447370.01,0.0,0.0,0
15m,1763910900.0,2.0472,2.0565,2.0454,2.0536,258653.64,0.0,0.0,0
15m,1763911800.0,2.0536,2.0653,2.0501,2.0626,468397.39,0.0,0.0,0
15m,1763912700.0,2.0626,2.0666,2.0568,2.0626,638327.15,0.0,0.0,0
15m,1763913600.0,2.0626,2.0739,2.0626,2.0668,470454.63,0.0,0.0,0
15m,1763914500.0,2.0668,2.0725,2.0627,2.0679,525800.17,0.0,0.0,0
15m,1763915400.0,2.0679,2.0804,2.0651,2.0752,688211.09,0.0,0.0,0
15m,1763916300.0,2.0752,2.0783,2.0516,2.0541,699299.86,0.0,0.0,0
15m,1763917200.0,2.0541,2.057,2.0463,2.0487,576928.77,0.0,0.0,0
15m,1763918100.0,2.0487,2.054,2.0416,2.0528,606051.64,0.0,0.0,0
15m,1763919000.0,2.0528,2.0554,2.0469,2.0536,411370.75,0.0,0.0,0
15m,1763919900.0,2.0536,2.0536,2.0402,2.0461,483424.79,0.0,0.0,0
15m,1763920800.0,2.0461,2.0532,2.0452,2.0532,522657.26,0.0,0.0,0
15m,1763921700.0,2.0532,2.0659,2.0525,2.0638,619950.08,0.0,0.0,0
15m,1763922600.0,2.0638,2.0745,2.0626,2.0702,351893.46,0.0,0.0,0
15m,1763923500.0,2.0702,2.0716,2.0585,2.0618,487317.94,0.0,0.0,0
15m,1763924400.0,2.0618,2.0666,2.058,2.0652,281088.04,0.0,0.0,0
15m,1763925300.0,2.0652,2.0773,2.0625,2.071,402110.17,0.0,0.0,0
15m,1763926200.0,2.071,2.0788,2.0707,2.075,496088.03,0.0,0.0,0
15m,1763927100.0,2.075,2.0794,2.0724,2.0747,515993.64,0.0,0.0,0
15m,1763928000.0,2.0747,2.0782,2.0677,2.0766,525246.54,0.0,0.0,0
15m,1763928900.0,2.0766,2.0845,2.07,2.0713,550765.36,0.0,0.0,0
15m,1763929800.0,2.0713,2.0739,2.066,2.0682,359435.79,0.0,0.0,0
15m,1763930700.0,2.0682,2.0726,2.0677,2.0681,229685.43,0.0,0.0,0
15m,1763931600.0,2.0681,2.0681,2.0549,2.0593,407463.1,0.0,0.0,0
15m,1763932500.0,2.0593,2.0736,2.0579,2.0725,414130.65,0.0,0.0,0
15m,1763933400.0,2.0725,2.0756,2.0674,2.0717,244536.61,0.0,0.0,0
15m,1763934300.0,2.0717,2.0818,2.0698,2.0789,274419.04,0.0,0.0,0
15m,1763935200.0,2.0789,2.0829,2.0641,2.067,583194.14,0.0,0.0,0
15m,1763936100.0,2.067,2.0738,2.0594,2.073,432195.69,0.0,0.0,0
15m,1763937000.0,2.073,2.075,2.0674,2.0732,266266.36,0.0,0.0,0
15m,1763937900.0,2.0732,2.0787,2.0718,2.0747,157381.32,0.0,0.0,0
15m,1763938800.0,2.0747,2.0775,2.052,2.0522,771599.38,0.0,0.0,0
15m,1763939700.0,2.0522,2.0576,2.0457,2.0549,813273.16,0.0,0.0,0
15m,1763940600.0,2.0549,2.0558,2.0453,2.0492,401106.41,0.0,0.0,0
15m,1763941500.0,2.0492,2.0512,2.0424,2.0492,619083.1,0.0,0.0,0
15m,1763942400.0,2.0492,2.0492,2.0286,2.0318,1116911.45,0.0,0.0,0
15m,1763943300.0,2.0318,2.049,2.0236,2.0489,958892.28,0.0,0.0,0
15m,1763944200.0,2.0489,2.0675,2.0432,2.0553,1241996.29,0.0,0.0,0
15m,1763945100.0,2.0553,2.0619,2.0434,2.0474,721448.31,0.0,0.0,0
15m,1763946000.0,2.0474,2.0521,2.0404,2.0431,489174.78,0.0,0.0,0
15m,1763946900.0,2.0431,2.0491,2.0362,2.0465,373721.77,0.0,0.0,0
15m,1763947800.0,2.0465,2.0468,2.0331,2.0352,511215.9,0.0,0.0,0
15m,1763948700.0,2.0352,2.0645,2.031,2.0578,804772.81,0.0,0.0,0
15m,1763949600.0,2.0578,2.0938,2.0566,2.0893,1825459.38,0.0,0.0,0
15m,1763950500.0,2.0893,2.1078,2.0828,2.0934,1295989.2,0.0,0.0,0
15m,1763951400.0,2.0934,2.1011,2.0831,2.089,891582.97,0.0,0.0,0
15m,1763952300.0,2.089,2.0949,2.0805,2.0918,784205.79,0.0,0.0,0
15m,1763953200.0,2.0918,2.0946,2.0767,2.0801,588816.56,0.0,0.0,0
15m,1763954100.0,2.0801,2.099,2.0766,2.0916,534715.82,0.0,0.0,0
15m,1763955000.0,2.0916,2.0928,2.0819,2.0834,188925.1,0.0,0.0,0
15m,1763955900.0,2.0834,2.0872,2.0769,2.0864,370654.24,0.0,0.0,0
15m,1763956800.0,2.0864,2.0882,2.0763,2.0763,397687.98,0.0,0.0,0
15m,1763957700.0,2.0763,2.0763,2.0452,2.0519,1336882.22,0.0,0.0,0
15m,1763958600.0,2.0519,2.0583,2.0493,2.0561,781842.7,0.0,0.0,0
15m,1763959500.0,2.0561,2.0598,2.0512,2.0581,372302.0,0.0,0.0,0
15m,1763960400.0,2.0581,2.0955,2.0558,2.0922,1629621.23,0.0,0.0,0
15m,1763961300.0,2.0922,2.1035,2.0861,2.0986,1257989.17,0.0,0.0,0
15m,1763962200.0,2.0986,2.0997,2.087,2.0893,549123.02,0.0,0.0,0
15m,1763963100.0,2.0893,2.0931,2.0843,2.0905,724577.64,0.0,0.0,0
15m,1763964000.0,2.0905,2.0925,2.0685,2.0696,885652.62,0.0,0.0,0
15m,1763964900.0,2.0696,2.0767,2.0653,2.0718,708632.01,0.0,0.0,0
15m,1763965800.0,2.0718,2.0755,2.0646,2.0695,963731.73,0.0,0.0,0
15m,1763966700.0,2.0695,2.0735,2.0638,2.0716,388330.69,0.0,0.0,0
15m,1763967600.0,2.0716,2.0717,2.0605,2.0627,651603.32,0.0,0.0,0
15m,1763968500.0,2.0627,2.0669,2.0584,2.0612,734504.26,0.0,0.0,0
15m,1763969400.0,2.0612,2.0756,2.0593,2.074,667527.28,0.0,0.0,0
15m,1763970300.0,2.074,2.0756,2.0616,2.0635,562745.74,0.0,0.0,0
15m,1763971200.0,2.0635,2.0685,2.0548,2.0666,893574.23,0.0,0.0,0
15m,1763972100.0,2.0666,2.07,2.0601,2.0641,394646.98,0.0,0.0,0
15m,1763973000.0,2.0641,2.0691,2.0606,2.0674,230522.42,0.0,0.0,0
15m,1763973900.0,2.0674,2.0769,2.062,2.0737,370911.86,0.0,0.0,0
15m,1763974800.0,2.0737,2.0786,2.0631,2.0672,357472.03,0.0,0.0,0
15m,1763975700.0,2.0672,2.0679,2.0385,2.043,1124297.86,0.0,0.0,0
15m,1763976600.0,2.043,2.057,2.0413,2.0428,1119174.47,0.0,0.0,0
15m,1763977500.0,2.0428,2.0461,2.0398,2.0437,528952.44,0.0,0.0,0
15m,1763978400.0,2.0437,2.0591,2.043,2.0498,246212.31,0.0,0.0,0
15m,1763979300.0,2.0498,2.0597,2.0495,2.0556,421409.66,0.0,0.0,0
15m,1763980200.0,2.0556,2.0637,2.0498,2.0584,484012.93,0.0,0.0,0
15m,1763981100.0,2.0584,2.0659,2.0575,2.0604,650236.33,0.0,0.0,0
15m,1763982000.0,2.0604,2.0644,2.0513,2.0597,856577.94,0.0,0.0,0
15m,1763982900.0,2.0597,2.0602,2.0527,2.054,705123.48,0.0,0.0,0
15m,1763983800.0,2.054,2.064,2.0529,2.0618,647384.33,0.0,0.0,0
15m,1763984700.0,2.0618,2.063,2.0574,2.0588,496478.46,0.0,0.0,0
15m,1763985600.0,2.0588,2.0589,2.0484,2.0502,599900.68,0.0,0.0,0
15m,1763986500.0,2.0502,2.0624,2.0498,2.0606,573611.87,0.0,0.0,0
15m,1763987400.0,2.0606,2.0698,2.0567,2.0587,834354.2,0.0,0.0,0
15m,1763988300.0,2.0587,2.0669,2.0557,2.0652,770940.25,0.0,0.0,0
15m,1763989200.0,2.0652,2.102,2.063,2.0888,2144589.18,0.0,0.0,0
15m,1763990100.0,2.0888,2.0939,2.0801,2.0837,1244252.56,0.0,0.0,0
15m,1763991000.0,2.0837,2.0995,2.0815,2.0982,934121.72,0.0,0.0,0
15m,1763991900.0,2.0982,2.099,2.0814,2.0844,959096.91,0.0,0.0,0
15m,1763992800.0,2.0844,2.0873,2.0793,2.0827,867012.22,0.0,0.0,0
15m,1763993700.0,2.0827,2.0829,2.0686,2.071,1027120.95,0.0,0.0,0
15m,1763994600.0,2.071,2.1032,2.0602,2.0636,3173237.06,0.0,0.0,0
15m,1763995500.0,2.0636,2.0752,2.0434,2.0752,1841253.02,0.0,0.0,0
15m,1763996400.0,2.0752,2.085,2.0697,2.0817,1665233.44,0.0,0.0,0
15m,1763997300.0,2.0817,2.0859,2.0677,2.0718,698324.06,0.0,0.0,0
15m,1763998200.0,2.0718,2.0931,2.0688,2.089,629199.82,0.0,0.0,0
15m,1763999100.0,2.089,2.0972,2.0855,2.0907,928783.3,0.0,0.0,0
15m,1764000000.0,2.0907,2.1066,2.0872,2.0939,987407.35,0.0,0.0,0
15m,1764000900.0,2.0939,2.1108,2.0939,2.1049,889451.58,0.0,0.0,0
15m,1764001800.0,2.1049,2.1169,2.1023,2.1151,703965.62,0.0,0.0,0
15m,1764002700.0,2.1151,2.1212,2.1123,2.118,774439.08,0.0,0.0,0
15m,1764003600.0,2.118,2.1375,2.118,2.1369,1518676.39,0.0,0.0,0
15m,1764004500.0,2.1369,2.1702,2.1344,2.1675,2712392.45,0.0,0.0,0
15m,1764005400.0,2.1675,2.197,2.1611,2.1918,3262735.89,0.0,0.0,0
15m,1764006300.0,2.1918,2.2103,2.1836,2.2059,2219569.8,0.0,0.0,0
15m,1764007200.0,2.2059,2.2141,2.1856,2.1961,2019290.2,0.0,0.0,0
15m,1764008100.0,2.1961,2.2097,2.1943,2.2034,1085276.58,0.0,0.0,0
15m,1764009000.0,2.2034,2.2292,2.2018,2.2105,1443482.38,0.0,0.0,0
15m,1764009900.0,2.2105,2.2249,2.2058,2.2185,1582733.76,0.0,0.0,0
15m,1764010800.0,2.2185,2.2273,2.2139,2.2243,972161.63,0.0,0.0,0
15m,1764011700.0,2.2243,2.2269,2.2178,2.2202,1242815.42,0.0,0.0,0
15m,1764012600.0,2.2202,2.2383,2.2201,2.2342,1585536.65,0.0,0.0,0
15m,1764013500.0,2.2342,2.238,2.2249,2.2346,1226425.1,0.0,0.0,0
15m,1764014400.0,2.2346,2.268,2.231,2.2584,2281166.85,0.0,0.0,0
15m,1764015300.0,2.2584,2.2815,2.2547,2.2757,2387382.9,0.0,0.0,0
15m,1764016200.0,2.2757,2.2861,2.2599,2.2687,1990909.98,0.0,0.0,0
15m,1764017100.0,2.2687,2.2759,2.24,2.2438,2094386.17,0.0,0.0,0
15m,1764018000.0,2.2438,2.248,2.2327,2.2444,1359092.71,0.0,0.0,0
15m,1764018900.0,2.2444,2.258,2.2357,2.2485,976591.83,0.0,0.0,0
15m,1764019800.0,2.2485,2.25,2.234,2.237,1370136.19,0.0,0.0,0
15m,1764020700.0,2.237,2.2465,2.2349,2.2417,844338.74,0.0,0.0,0
15m,1764021600.0,2.2417,2.2584,2.2412,2.2551,967246.64,0.0,0.0,0
15m,1764022500.0,2.2551,2.2564,2.2455,2.2518,791640.78,0.0,0.0,0
15m,1764023400.0,2.2518,2.2571,2.2357,2.2383,972886.2,0.0,0.0,0
15m,1764024300.0,2.2383,2.2417,2.2344,2.2404,373089.88,0.0,0.0,0
15m,1764025200.0,2.2404,2.2485,2.2371,2.2397,742141.03,0.0,0.0,0
15m,1764026100.0,2.2397,2.2412,2.2334,2.2355,725958.14,0.0,0.0,0
15m,1764027000.0,2.2355,2.2361,2.2268,2.2308,1125936.59,0.0,0.0,0
15m,1764027900.0,2.2308,2.2308,2.2217,2.2278,1040716.53,0.0,0.0,0
15m,1764028800.0,2.2278,2.2487,2.2259,2.2395,1413898.4,0.0,0.0,0
15m,1764029700.0,2.2395,2.2467,2.2341,2.2371,1021310.81,0.0,0.0,0
15m,1764030600.0,2.2371,2.2541,2.2314,2.2497,1200986.4,0.0,0.0,0
15m,1764031500.0,2.2497,2.2653,2.2472,2.2602,1284140.91,0.0,0.0,0
15m,1764032400.0,2.2602,2.2612,2.2478,2.2559,644708.68,0.0,0.0,0
15m,1764033300.0,2.2559,2.2584,2.2461,2.2475,553449.68,0.0,0.0,0
15m,1764034200.0,2.2475,2.2628,2.2453,2.2576,504754.52,0.0,0.0,0
15m,1764035100.0,2.2576,2.2598,2.2462,2.2486,565085.88,0.0,0.0,0
15m,1764036000.0,2.2486,2.255,2.2424,2.2461,881042.15,0.0,0.0,0
15m,1764036900.0,2.2461,2.2501,2.2375,2.24,294631.93,0.0,0.0,0
15m,1764037800.0,2.24,2.2456,2.2327,2.2426,615229.76,0.0,0.0,0
15m,1764038700.0,2.2426,2.2529,2.2413,2.2512,360314.53,0.0,0.0,0
15m,1764039600.0,2.2512,2.26,2.2481,2.249,452457.94,0.0,0.0,0
15m,1764040500.0,2.249,2.2555,2.2454,2.2534,586638.76,0.0,0.0,0
15m,1764041400.0,2.2534,2.2534,2.238,2.2411,686439.56,0.0,0.0,0
15m,1764042300.0,2.2411,2.2449,2.2359,2.2435,507963.53,0.0,0.0,0
15m,1764043200.0,2.2435,2.2501,2.2381,2.2491,597350.8,0.0,0.0,0
15m,1764044100.0,2.2491,2.2491,2.2347,2.2379,822619.84,0.0,0.0,0
15m,1764045000.0,2.2379,2.2447,2.237,2.2383,592001.0,0.0,0.0,0
15m,1764045900.0,2.2383,2.2508,2.2378,2.2472,608710.03,0.0,0.0,0
15m,1764046800.0,2.2472,2.2508,2.24,2.2437,503955.0,0.0,0.0,0
15m,1764047700.0,2.2437,2.2495,2.2401,2.2415,503630.4,0.0,0.0,0
15m,1764048600.0,2.2415,2.2552,2.2408,2.253,552839.2,0.0,0.0,0
15m,1764049500.0,2.253,2.2583,2.25,2.2516,453530.17,0.0,0.0,0
15m,1764050400.0,2.2516,2.2534,2.247,2.2487,371123.53,0.0,0.0,0
15m,1764051300.0,2.2487,2.2513,2.2402,2.2403,376950.41,0.0,0.0,0
15m,1764052200.0,2.2403,2.2449,2.2356,2.236,575520.03,0.0,0.0,0
15m,1764053100.0,2.236,2.2389,2.2326,2.2377,696467.36,0.0,0.0,0
15m,1764054000.0,2.2377,2.243,2.2303,2.24,364650.47,0.0,0.0,0
15m,1764054900.0,2.24,2.2417,2.2285,2.2319,420011.74,0.0,0.0,0
15m,1764055800.0,2.2319,2.2387,2.2309,2.2365,395914.72,0.0,0.0,0
15m,1764056700.0,2.2365,2.2372,2.2161,2.2164,1037881.36,0.0,0.0,0
15m,1764057600.0,2.2164,2.2208,2.2071,2.2079,864086.55,0.0,0.0,0
15m,1764058500.0,2.2079,2.2179,2.2063,2.2142,676941.3,0.0,0.0,0
15m,1764059400.0,2.2142,2.2144,2.1983,2.2014,1104720.54,0.0,0.0,0
15m,1764060300.0,2.2014,2.2029,2.187,2.1899,1475134.24,0.0,0.0,0
15m,1764061200.0,2.1899,2.1955,2.1865,2.191,889066.85,0.0,0.0,0
15m,1764062100.0,2.191,2.1945,2.1856,2.1871,577544.95,0.0,0.0,0
15m,1764063000.0,2.1871,2.2073,2.1858,2.2056,957169.2,0.0,0.0,0
15m,1764063900.0,2.2056,2.2056,2.1934,2.1997,458436.63,0.0,0.0,0
15m,1764064800.0,2.1997,2.2009,2.1918,2.1962,419245.73,0.0,0.0,0
15m,1764065700.0,2.1962,2.2015,2.1896,2.1994,462249.98,0.0,0.0,0
15m,1764066600.0,2.1994,2.2066,2.1975,2.2032,630098.15,0.0,0.0,0
15m,1764067500.0,2.2032,2.2102,2.2005,2.2086,474744.66,0.0,0.0,0
15m,1764068400.0,2.2086,2.2103,2.1981,2.2041,585792.08,0.0,0.0,0
15m,1764069300.0,2.2041,2.2056,2.1964,2.1994,328704.3,0.0,0.0,0
15m,1764070200.0,2.1994,2.2036,2.1966,2.2004,399134.71,0.0,0.0,0
15m,1764071100.0,2.2004,2.2011,2.1935,2.1958,319301.2,0.0,0.0,0
15m,1764072000.0,2.1958,2.2158,2.1947,2.2145,456052.4,0.0,0.0,0
15m,1764072900.0,2.2145,2.2157,2.203,2.2099,719579.58,0.0,0.0,0
15m,1764073800.0,2.2099,2.2146,2.2019,2.2108,568616.7,0.0,0.0,0
15m,1764074700.0,2.2108,2.2197,2.2085,2.2189,544896.7,0.0,0.0,0
15m,1764075600.0,2.2189,2.228,2.2128,2.2251,1033656.15,0.0,0.0,0
15m,1764076500.0,2.2251,2.2316,2.2233,2.2247,1478236.27,0.0,0.0,0
15m,1764077400.0,2.2247,2.2353,2.2067,2.2109,1592611.77,0.0,0.0,0
15m,1764078300.0,2.2109,2.2183,2.208,2.2137,696937.37,0.0,0.0,0
15m,1764079200.0,2.2137,2.2178,2.2,2.2028,577430.79,0.0,0.0,0
15m,1764080100.0,2.2028,2.2139,2.2014,2.2125,597520.49,0.0,0.0,0
15m,1764081000.0,2.2125,2.2171,2.1893,2.1905,1154342.48,0.0,0.0,0
15m,1764081900.0,2.1905,2.1906,2.1693,2.1789,1676048.87,0.0,0.0,0
15m,1764082800.0,2.1789,2.1842,2.1612,2.1695,1772499.36,0.0,0.0,0
15m,1764083700.0,2.1695,2.1767,2.1593,2.1759,1173127.43,0.0,0.0,0
15m,1764084600.0,2.1759,2.1929,2.1759,2.1926,729822.47,0.0,0.0,0
15m,1764085500.0,2.1926,2.1973,2.1841,2.1884,711606.28,0.0,0.0,0
15m,1764086400.0,2.1884,2.1929,2.1781,2.1814,755894.8,0.0,0.0,0
15m,1764087300.0,2.1814,2.2075,2.1794,2.2066,763372.94,0.0,0.0,0
15m,1764088200.0,2.2066,2.2102,2.1977,2.2014,578927.15,0.0,0.0,0
15m,1764089100.0,2.2014,2.2014,2.1922,2.1934,644417.68,0.0,0.0,0
15m,1764090000.0,2.1934,2.1995,2.1806,2.1978,882051.53,0.0,0.0,0
15m,1764090900.0,2.1978,2.198,2.1863,2.1898,456430.18,0.0,0.0,0
15m,1764091800.0,2.1898,2.2081,2.1866,2.2028,854521.78,0.0,0.0,0
15m,1764092700.0,2.2028,2.2044,2.1887,2.1896,520570.1,0.0,0.0,0
15m,1764093600.0,2.1896,2.2036,2.1871,2.198,890740.05,0.0,0.0,0
15m,1764094500.0,2.198,2.2041,2.1927,2.1961,353451.53,0.0,0.0,0
15m,1764095400.0,2.1961,2.2022,2.1902,2.1923,364204.85,0.0,0.0,0
15m,1764096300.0,2.1923,2.1945,2.1804,2.1831,283331.11,0.0,0.0,0
15m,1764097200.0,2.1831,2.1863,2.1638,2.1689,734654.35,0.0,0.0,0
15m,1764098100.0,2.1689,2.1698,2.1483,2.1514,1507399.56,0.0,0.0,0
15m,1764099000.0,2.1514,2.1666,2.1484,2.1648,947093.21,0.0,0.0,0
15m,1764099900.0,2.1648,2.1731,2.1606,2.1722,352685.75,0.0,0.0,0
15m,1764100800.0,2.1722,2.1773,2.1655,2.1742,424806.43,0.0,0.0,0
15m,1764101700.0,2.1742,2.1882,2.1737,2.1863,210979.42,0.0,0.0,0
15m,1764102600.0,2.1863,2.1971,2.1863,2.1962,362051.67,0.0,0.0,0
15m,1764103500.0,2.1962,2.2152,2.194,2.1965,1652197.96,0.0,0.0,0
15m,1764104400.0,2.1965,2.207,2.1939,2.2011,808526.86,0.0,0.0,0
15m,1764105300.0,2.2011,2.2096,2.1973,2.1973,318496.29,0.0,0.0,0
15m,1764106200.0,2.1973,2.1984,2.1883,2.1931,703838.87,0.0,0.0,0
15m,1764107100.0,2.1931,2.196,2.1863,2.1868,165395.74,0.0,0.0,0
15m,1764108000.0,2.1868,2.1868,2.1696,2.1733,926801.55,0.0,0.0,0
15m,1764108900.0,2.1733,2.1945,2.1719,2.1929,237548.7,0.0,0.0,0
15m,1764109800.0,2.1929,2.2068,2.1905,2.1971,810495.05,0.0,0.0,0
15m,1764110700.0,2.1971,2.2106,2.1938,2.2092,475137.24,0.0,0.0,0
15m,1764111600.0,2.2092,2.2176,2.2007,2.2165,475046.14,0.0,0.0,0
15m,1764112500.0,2.2165,2.2167,2.2045,2.2046,404590.46,0.0,0.0,0
15m,1764113400.0,2.2046,2.2075,2.2017,2.2053,146428.2,0.0,0.0,0
15m,1764114300.0,2.2053,2.2062,2.1977,2.2025,353902.34,0.0,0.0,0
15m,1764115200.0,2.2025,2.2071,2.1993,2.2033,164509.84,0.0,0.0,0
15m,1764116100.0,2.2033,2.2092,2.197,2.1994,267005.08,0.0,0.0,0
15m,1764117000.0,2.1994,2.2031,2.1924,2.1963,255851.22,0.0,0.0,0
15m,1764117900.0,2.1963,2.2024,2.1919,2.1945,237531.67,0.0,0.0,0
15m,1764118800.0,2.1945,2.1954,2.1881,2.1938,147503.19,0.0,0.0,0
15m,1764119700.0,2.1938,2.2029,2.1904,2.2006,179019.66,0.0,0.0,0
15m,1764120600.0,2.2006,2.2137,2.1991,2.2088,372204.96,0.0,0.0,0
15m,1764121500.0,2.2088,2.2097,2.2008,2.2034,232715.34,0.0,0.0,0
15m,1764122400.0,2.2034,2.2077,2.2016,2.2049,261966.47,0.0,0.0,0
15m,1764123300.0,2.2049,2.2085,2.1934,2.1942,522888.63,0.0,0.0,0
15m,1764124200.0,2.1942,2.1975,2.1907,2.1972,275952.42,0.0,0.0,0
15m,1764125100.0,2.1972,2.1972,2.191,2.1915,307981.04,0.0,0.0,0
15m,1764126000.0,2.1915,2.1939,2.1874,2.1897,136227.84,0.0,0.0,0
15m,1764126900.0,2.1897,2.1952,2.1885,2.1936,112425.94,0.0,0.0,0
15m,1764127800.0,2.1936,2.1936,2.176,2.181,622298.68,0.0,0.0,0
15m,1764128700.0,2.181,2.181,2.1734,2.1769,414555.66,0.0,0.0,0
15m,1764129600.0,2.1769,2.18,2.1725,2.1729,287291.72,0.0,0.0,0
15m,1764130500.0,2.1729,2.1777,2.1711,2.176,342698.34,0.0,0.0,0
15m,1764131400.0,2.176,2.1787,2.1727,2.1745,212863.59,0.0,0.0,0
15m,1764132300.0,2.1745,2.1779,2.1731,2.1767,131211.93,0.0,0.0,0
15m,1764133200.0,2.1767,2.1895,2.1761,2.1877,233831.89,0.0,0.0,0
15m,1764134100.0,2.1877,2.1928,2.185,2.1896,205993.63,0.0,0.0,0
15m,1764135000.0,2.1896,2.1996,2.1881,2.1946,463607.48,0.0,0.0,0
15m,1764135900.0,2.1946,2.1975,2.1914,2.1927,226140.99,0.0,0.0,0
15m,1764136800.0,2.1927,2.1995,2.1901,2.1948,233069.56,0.0,0.0,0
15m,1764137700.0,2.1948,2.1955,2.1855,2.1882,311737.0,0.0,0.0,0
15m,1764138600.0,2.1882,2.1932,2.1865,2.193,179418.36,0.0,0.0,0
15m,1764139500.0,2.193,2.2042,2.1914,2.1995,368207.39,0.0,0.0,0
15m,1764140400.0,2.1995,2.2019,2.1956,2.2008,345041.97,0.0,0.0,0
15m,1764141300.0,2.2008,2.2032,2.1987,2.2028,234830.26,0.0,0.0,0
15m,1764142200.0,2.2028,2.2028,2.1962,2.1983,376016.47,0.0,0.0,0
15m,1764143100.0,2.1983,2.2066,2.1968,2.2054,207694.75,0.0,0.0,0
15m,1764144000.0,2.2054,2.2067,2.1984,2.1995,298332.45,0.0,0.0,0
15m,1764144900.0,2.1995,2.2018,2.1918,2.1923,421866.9,0.0,0.0,0
15m,1764145800.0,2.1923,2.1983,2.19,2.1968,186030.21,0.0,0.0,0
15m,1764146700.0,2.1968,2.1976,2.1887,2.1893,216818.58,0.0,0.0,0
15m,1764147600.0,2.1893,2.1913,2.1846,2.1871,553482.11,0.0,0.0,0
15m,1764148500.0,2.1871,2.1875,2.1802,2.1806,616318.94,0.0,0.0,0
15m,1764149400.0,2.1806,2.1826,2.1752,2.1781,829960.9,0.0,0.0,0
15m,1764150300.0,2.1781,2.1793,2.1735,2.1788,775419.57,0.0,0.0,0
15m,1764151200.0,2.1788,2.1861,2.1788,2.1812,684922.07,0.0,0.0,0
15m,1764152100.0,2.1812,2.1813,2.1759,2.1807,465638.67,0.0,0.0,0
15m,1764153000.0,2.1807,2.1814,2.17,2.1755,1045910.9,0.0,0.0,0
15m,1764153900.0,2.1755,2.1784,2.1729,2.1744,662524.36,0.0,0.0,0
15m,1764154800.0,2.1744,2.1761,2.1707,2.1737,682192.84,0.0,0.0,0
15m,1764155700.0,2.1737,2.1748,2.1702,2.1721,749027.55,0.0,0.0,0
15m,1764156600.0,2.1721,2.175,2.17,2.1735,692017.21,0.0,0.0,0
15m,1764157500.0,2.1735,2.1755,2.17,2.1715,520339.9,0.0,0.0,0
15m,1764158400.0,2.1715,2.1766,2.1519,2.1524,2843353.63,0.0,0.0,0
15m,1764159300.0,2.1524,2.1573,2.146,2.1544,567634.57,0.0,0.0,0
15m,1764160200.0,2.1544,2.1544,2.148,2.1501,272311.89,0.0,0.0,0
15m,1764161100.0,2.1501,2.1557,2.1486,2.1521,469271.83,0.0,0.0,0
15m,1764162000.0,2.1521,2.1551,2.1448,2.1516,305100.15,0.0,0.0,0
15m,1764162900.0,2.1516,2.1613,2.1506,2.1575,343173.74,0.0,0.0,0
15m,1764163800.0,2.1575,2.1679,2.1506,2.1627,548455.57,0.0,0.0,0
15m,1764164700.0,2.1627,2.1659,2.1588,2.1651,511857.41,0.0,0.0,0
15m,1764165600.0,2.1651,2.1718,2.156,2.1706,871775.41,0.0,0.0,0
15m,1764166500.0,2.1706,2.1727,2.1646,2.1695,380426.4,0.0,0.0,0
15m,1764167400.0,2.1695,2.178,2.1606,2.168,540024.85,0.0,0.0,0
15m,1764168300.0,2.168,2.1806,2.1483,2.1529,1271021.84,0.0,0.0,0
15m,1764169200.0,2.1529,2.169,2.1505,2.1611,979347.79,0.0,0.0,0
15m,1764170100.0,2.1611,2.177,2.1544,2.1757,674598.92,0.0,0.0,0
15m,1764171000.0,2.1757,2.1771,2.1656,2.1661,359010.69,0.0,0.0,0
15m,1764171900.0,2.1661,2.1722,2.1592,2.1721,513953.24,0.0,0.0,0
15m,1764172800.0,2.1721,2.19,2.1709,2.1888,797080.03,0.0,0.0,0
15m,1764173700.0,2.1888,2.1966,2.1875,2.1892,471951.5,0.0,0.0,0
15m,1764174600.0,2.1892,2.2005,2.1873,2.1899,486573.01,0.0,0.0,0
15m,1764175500.0,2.1899,2.1933,2.1828,2.1908,379342.7,0.0,0.0,0
15m,1764176400.0,2.1908,2.1977,2.1908,2.1935,378769.87,0.0,0.0,0
15m,1764177300.0,2.1935,2.2171,2.1901,2.2157,741425.35,0.0,0.0,0
15m,1764178200.0,2.2157,2.23,2.212,2.23,1404526.09,0.0,0.0,0
15m,1764179100.0,2.23,2.2413,2.2292,2.2342,3133631.59,0.0,0.0,0
15m,1764180000.0,2.2342,2.2479,2.2333,2.2425,1067215.07,0.0,0.0,0
15m,1764180900.0,2.2425,2.2547,2.2419,2.2481,611625.81,0.0,0.0,0
15m,1764181800.0,2.2481,2.2483,2.2253,2.2261,1344874.88,0.0,0.0,0
15m,1764182700.0,2.2261,2.2431,2.2245,2.2424,662982.98,0.0,0.0,0
15m,1764183600.0,2.2424,2.243,2.2271,2.2295,584818.18,0.0,0.0,0
15m,1764184500.0,2.2295,2.2376,2.2253,2.2371,386992.77,0.0,0.0,0
15m,1764185400.0,2.2371,2.2402,2.2313,2.2341,436478.1,0.0,0.0,0
15m,1764186300.0,2.2341,2.2376,2.2309,2.2325,277337.76,0.0,0.0,0
15m,1764187200.0,2.2325,2.2332,2.2166,2.2279,615411.21,0.0,0.0,0
15m,1764188100.0,2.2279,2.2296,2.2188,2.2224,341358.85,0.0,0.0,0
15m,1764189000.0,2.2224,2.2254,2.2122,2.2123,305617.43,0.0,0.0,0
15m,1764189900.0,2.2123,2.2278,2.2122,2.2266,459137.0,0.0,0.0,0
15m,1764190800.0,2.2266,2.2302,2.2233,2.2238,335489.19,0.0,0.0,0
15m,1764191700.0,2.2238,2.2357,2.2179,2.2341,415158.69,0.0,0.0,0
15m,1764192600.0,2.2341,2.236,2.2253,2.2263,323168.63,0.0,0.0,0
15m,1764193500.0,2.2263,2.2336,2.2229,2.2258,235349.89,0.0,0.0,0
15m,1764194400.0,2.2258,2.2345,2.2203,2.2271,302165.29,0.0,0.0,0
15m,1764195300.0,2.2271,2.2328,2.2201,2.2243,224946.85,0.0,0.0,0
15m,1764196200.0,2.2243,2.2282,2.2205,2.2229,127878.46,0.0,0.0,0
15m,1764197100.0,2.2229,2.2268,2.2211,2.2246,64422.82,0.0,0.0,0
15m,1764198000.0,2.2246,2.2318,2.2225,2.229,251902.8,0.0,0.0,0
15m,1764198900.0,2.229,2.229,2.2197,2.2197,265992.69,0.0,0.0,0
15m,1764199800.0,2.2197,2.2261,2.2197,2.2224,138402.89,0.0,0.0,0
15m,1764200700.0,2.2224,2.2259,2.2221,2.2231,179367.76,0.0,0.0,0
15m,1764201600.0,2.2231,2.2245,2.2133,2.2162,377610.35,0.0,0.0,0
15m,1764202500.0,2.2162,2.2203,2.2148,2.219,173766.73,0.0,0.0,0
15m,1764203400.0,2.219,2.2257,2.2182,2.2257,199350.74,0.0,0.0,0
15m,1764204300.0,2.2257,2.2334,2.2204,2.2211,521329.5,0.0,0.0,0
15m,1764205200.0,2.2211,2.2307,2.2179,2.2203,607318.63,0.0,0.0,0
15m,1764206100.0,2.2203,2.2249,2.2168,2.2204,162031.81,0.0,0.0,0
15m,1764207000.0,2.2204,2.2223,2.2165,2.2214,75692.57,0.0,0.0,0
15m,1764207900.0,2.2214,2.2299,2.2188,2.2273,235843.49,0.0,0.0,0
15m,1764208800.0,2.2273,2.2281,2.2209,2.2223,471955.98,0.0,0.0,0
15m,1764209700.0,2.2223,2.2302,2.2189,2.2302,737410.54,0.0,0.0,0
15m,1764210600.0,2.2302,2.237,2.225,2.2324,1107719.85,0.0,0.0,0
15m,1764211500.0,2.2324,2.2344,2.2196,2.2199,795797.95,0.0,0.0,0
15m,1764212400.0,2.2199,2.2246,2.2158,2.2175,125412.9,0.0,0.0,0
15m,1764213300.0,2.2175,2.2216,2.214,2.2142,147276.93,0.0,0.0,0
15m,1764214200.0,2.2142,2.2142,2.2071,2.2097,625985.2,0.0,0.0,0
15m,1764215100.0,2.2097,2.213,2.2073,2.21,365675.99,0.0,0.0,0
15m,1764216000.0,2.21,2.221,2.2091,2.2197,538946.79,0.0,0.0,0
15m,1764216900.0,2.2197,2.2208,2.2149,2.2149,436556.44,0.0,0.0,0
15m,1764217800.0,2.2149,2.2165,2.2114,2.2115,244163.38,0.0,0.0,0
15m,1764218700.0,2.2115,2.2143,2.2093,2.2132,318749.7,0.0,0.0,0
15m,1764219600.0,2.2132,2.2172,2.2122,2.2161,223899.82,0.0,0.0,0
15m,1764220500.0,2.2161,2.2193,2.2101,2.2156,295282.33,0.0,0.0,0
15m,1764221400.0,2.2156,2.2156,2.2028,2.2039,336637.73,0.0,0.0,0
15m,1764222300.0,2.2039,2.2055,2.195,2.2003,705001.32,0.0,0.0,0
15m,1764223200.0,2.2003,2.2106,2.2003,2.2097,358966.9,0.0,0.0,0
15m,1764224100.0,2.2097,2.2136,2.2062,2.2118,186012.88,0.0,0.0,0
15m,1764225000.0,2.2118,2.2154,2.2083,2.2083,196324.6,0.0,0.0,0
15m,1764225900.0,2.2083,2.2125,2.2072,2.2099,128784.4,0.0,0.0,0
15m,1764226800.0,2.2099,2.211,2.2073,2.2097,84393.16,0.0,0.0,0
15m,1764227700.0,2.2097,2.2143,2.2083,2.2121,125564.83,0.0,0.0,0
15m,1764228600.0,2.2121,2.2121,2.2028,2.2046,163163.97,0.0,0.0,0
15m,1764229500.0,2.2046,2.208,2.2031,2.2048,99441.66,0.0,0.0,0
15m,1764230400.0,2.2048,2.2053,2.1936,2.1939,452046.67,0.0,0.0,0
15m,1764231300.0,2.1939,2.1981,2.1891,2.1967,448207.96,0.0,0.0,0
15m,1764232200.0,2.1967,2.2004,2.1949,2.1962,226228.02,0.0,0.0,0
15m,1764233100.0,2.1962,2.2,2.1946,2.1998,117532.11,0.0,0.0,0
15m,1764234000.0,2.1998,2.2017,2.1982,2.1993,231366.88,0.0,0.0,0
15m,1764234900.0,2.1993,2.2054,2.1984,2.1986,247073.05,0.0,0.0,0
15m,1764235800.0,2.1986,2.2099,2.1986,2.2061,1041808.24,0.0,0.0,0
15m,1764236700.0,2.2061,2.2064,2.1965,2.198,1192387.2,0.0,0.0,0
15m,1764237600.0,2.198,2.1983,2.1891,2.1899,431974.0,0.0,0.0,0
15m,1764238500.0,2.1899,2.1956,2.1899,2.1923,136310.08,0.0,0.0,0
15m,1764239400.0,2.1923,2.1923,2.1846,2.1905,284926.78,0.0,0.0,0
15m,1764240300.0,2.1905,2.1906,2.1871,2.1895,276556.89,0.0,0.0,0
15m,1764241200.0,2.1895,2.191,2.187,2.1898,148370.53,0.0,0.0,0
15m,1764242100.0,2.1898,2.1914,2.1868,2.1879,141257.46,0.0,0.0,0
15m,1764243000.0,2.1879,2.1933,2.1856,2.1914,763586.0,0.0,0.0,0
15m,1764243900.0,2.1914,2.1917,2.1888,2.1894,182157.77,0.0,0.0,0
15m,1764244800.0,2.1894,2.1918,2.1876,2.1892,260146.64,0.0,0.0,0
15m,1764245700.0,2.1892,2.1904,2.1804,2.1814,467172.92,0.0,0.0,0
15m,1764246600.0,2.1814,2.1851,2.1759,2.1784,451240.22,0.0,0.0,0
15m,1764247500.0,2.1784,2.1798,2.1729,2.1752,342886.04,0.0,0.0,0
15m,1764248400.0,2.1752,2.182,2.1745,2.1816,335874.08,0.0,0.0,0
15m,1764249300.0,2.1816,2.1834,2.1755,2.1805,394505.0,0.0,0.0,0
15m,1764250200.0,2.1805,2.1838,2.1729,2.1787,456733.28,0.0,0.0,0
15m,1764251100.0,2.1787,2.1845,2.1759,2.1811,354742.27,0.0,0.0,0
15m,1764252000.0,2.1811,2.1821,2.177,2.1805,209816.16,0.0,0.0,0
15m,1764252900.0,2.1805,2.1881,2.179,2.1866,327034.17,0.0,0.0,0
15m,1764253800.0,2.1866,2.1883,2.1799,2.1813,630819.7,0.0,0.0,0
15m,1764254700.0,2.1813,2.1846,2.1791,2.1833,158634.46,0.0,0.0,0
15m,1764255600.0,2.1833,2.1887,2.1802,2.1826,270773.87,0.0,0.0,0
15m,1764256500.0,2.1826,2.1986,2.1826,2.1982,409477.97,0.0,0.0,0
15m,1764257400.0,2.1982,2.2002,2.1946,2.1967,386840.42,0.0,0.0,0
15m,1764258300.0,2.1967,2.2033,2.1957,2.2027,355650.0,0.0,0.0,0
15m,1764259200.0,2.2027,2.2137,2.1986,2.2136,819145.67,0.0,0.0,0
15m,1764260100.0,2.2136,2.219,2.2088,2.2148,531251.37,0.0,0.0,0
15m,1764261000.0,2.2148,2.2179,2.2112,2.2112,402559.5,0.0,0.0,0
15m,1764261900.0,2.2112,2.219,2.2066,2.2175,279778.65,0.0,0.0,0
15m,1764262800.0,2.2175,2.2175,2.2104,2.2122,212535.96,0.0,0.0,0
15m,1764263700.0,2.2122,2.2154,2.2061,2.207,262222.97,0.0,0.0,0
15m,1764264600.0,2.207,2.21,2.2023,2.2049,203465.59,0.0,0.0,0
15m,1764265500.0,2.2049,2.2098,2.2018,2.2081,201566.29,0.0,0.0,0
15m,1764266400.0,2.2081,2.2118,2.2058,2.2093,224191.02,0.0,0.0,0
15m,1764267300.0,2.2093,2.2148,2.2073,2.2136,238848.74,0.0,0.0,0
15m,1764268200.0,2.2136,2.2294,2.2127,2.2272,766529.4,0.0,0.0,0
15m,1764269100.0,2.2272,2.231,2.2251,2.2291,548458.48,0.0,0.0,0
15m,1764270000.0,2.2291,2.2311,2.2194,2.2194,359754.83,0.0,0.0,0
15m,1764270900.0,2.2194,2.2243,2.2158,2.2223,394284.21,0.0,0.0,0
15m,1764271800.0,2.2223,2.2258,2.2182,2.2247,191206.61,0.0,0.0,0
15m,1764272700.0,2.2247,2.2255,2.2209,2.2238,139692.63,0.0,0.0,0
15m,1764273600.0,2.2238,2.233,2.2229,2.2317,248790.57,0.0,0.0,0
15m,1764274500.0,2.2317,2.2337,2.2281,2.2294,252353.84,0.0,0.0,0
15m,1764275400.0,2.2294,2.2334,2.2229,2.2292,306840.33,0.0,0.0,0
15m,1764276300.0,2.2292,2.2333,2.2262,2.2268,262682.89,0.0,0.0,0
15m,1764277200.0,2.2268,2.2275,2.2178,2.2244,314658.91,0.0,0.0,0
15m,1764278100.0,2.2244,2.2295,2.2221,2.2258,225569.49,0.0,0.0,0
15m,1764279000.0,2.2258,2.2265,2.2206,2.2231,218345.98,0.0,0.0,0
15m,1764279900.0,2.2231,2.2247,2.2131,2.2134,342170.56,0.0,0.0,0
15m,1764280800.0,2.2134,2.217,2.2114,2.2165,225096.58,0.0,0.0,0
15m,1764281700.0,2.2165,2.2198,2.2139,2.2184,109314.43,0.0,0.0,0
15m,1764282600.0,2.2184,2.2193,2.2042,2.2062,163783.52,0.0,0.0,0
15m,1764283500.0,2.2062,2.2098,2.198,2.2057,1291911.79,0.0,0.0,0
15m,1764284400.0,2.2057,2.2094,2.2006,2.2058,409844.0,0.0,0.0,0
15m,1764285300.0,2.2058,2.2109,2.2015,2.2033,288390.72,0.0,0.0,0
15m,1764286200.0,2.2033,2.2053,2.1961,2.2048,208041.56,0.0,0.0,0
15m,1764287100.0,2.2048,2.2054,2.1994,2.1999,163874.02,0.0,0.0,0
15m,1764288000.0,2.1999,2.204,2.1947,2.1956,194214.32,0.0,0.0,0
15m,1764288900.0,2.1956,2.2016,2.1919,2.1979,488394.91,0.0,0.0,0
15m,1764289800.0,2.1979,2.2046,2.1969,2.197,720633.04,0.0,0.0,0
15m,1764290700.0,2.197,2.1988,2.1913,2.1922,219855.97,0.0,0.0,0
15m,1764291600.0,2.1922,2.1932,2.1834,2.1844,465347.22,0.0,0.0,0
15m,1764292500.0,2.1844,2.1883,2.181,2.1855,659569.28,0.0,0.0,0
15m,1764293400.0,2.1855,2.1891,2.1804,2.1843,307795.07,0.0,0.0,0
15m,1764294300.0,2.1843,2.1856,2.1665,2.1719,1522430.64,0.0,0.0,0
15m,1764295200.0,2.1719,2.1768,2.168,2.1767,490790.07,0.0,0.0,0
15m,1764296100.0,2.1767,2.1795,2.1676,2.171,464236.15,0.0,0.0,0
15m,1764297000.0,2.171,2.1799,2.1699,2.1791,357885.36,0.0,0.0,0
15m,1764297900.0,2.1791,2.1872,2.1764,2.1852,319195.8,0.0,0.0,0
15m,1764298800.0,2.1852,2.1889,2.1825,2.1829,316380.17,0.0,0.0,0
15m,1764299700.0,2.1829,2.1847,2.1793,2.183,224616.27,0.0,0.0,0
15m,1764300600.0,2.183,2.185,2.1807,2.1819,96252.38,0.0,0.0,0
15m,1764301500.0,2.1819,2.1882,2.1817,2.1859,212230.91,0.0,0.0,0
15m,1764302400.0,2.1859,2.1899,2.1812,2.1899,187820.06,0.0,0.0,0
15m,1764303300.0,2.1899,2.1921,2.1886,2.1903,189856.57,0.0,0.0,0
15m,1764304200.0,2.1903,2.1944,2.1895,2.1922,307818.35,0.0,0.0,0
15m,1764305100.0,2.1922,2.1942,2.1901,2.1908,63926.88,0.0,0.0,0
15m,1764306000.0,2.1908,2.2006,2.1882,2.1986,439841.11,0.0,0.0,0
15m,1764306900.0,2.1986,2.2005,2.1957,2.1973,328640.91,0.0,0.0,0
15m,1764307800.0,2.1973,2.2073,2.1973,2.2073,667894.97,0.0,0.0,0
15m,1764308700.0,2.2073,2.223,2.2068,2.2143,1286897.5,0.0,0.0,0
15m,1764309600.0,2.2143,2.2207,2.2098,2.2114,531391.09,0.0,0.0,0
15m,1764310500.0,2.2114,2.2148,2.2034,2.205,483029.03,0.0,0.0,0
15m,1764311400.0,2.205,2.2083,2.1957,2.2052,580431.14,0.0,0.0,0
15m,1764312300.0,2.2052,2.207,2.2005,2.2008,508482.86,0.0,0.0,0
15m,1764313200.0,2.2008,2.2115,2.2008,2.2088,211329.79,0.0,0.0,0
15m,1764314100.0,2.2088,2.211,2.2047,2.2073,221644.15,0.0,0.0,0
15m,1764315000.0,2.2073,2.2075,2.1973,2.1989,266743.56,0.0,0.0,0
15m,1764315900.0,2.1989,2.2005,2.1955,2.1969,170338.79,0.0,0.0,0
15m,1764316800.0,2.1969,2.211,2.1969,2.2101,314439.87,0.0,0.0,0
15m,1764317700.0,2.2101,2.219,2.2077,2.2168,630215.53,0.0,0.0,0
15m,1764318600.0,2.2168,2.2275,2.2137,2.2195,644819.72,0.0,0.0,0
15m,1764319500.0,2.2195,2.245,2.2188,2.2441,1081918.53,0.0,0.0,0
15m,1764320400.0,2.2441,2.2498,2.2347,2.2453,1216787.53,0.0,0.0,0
15m,1764321300.0,2.2453,2.2465,2.2379,2.2402,638352.21,0.0,0.0,0
15m,1764322200.0,2.2402,2.2406,2.2259,2.2289,1106524.68,0.0,0.0,0
15m,1764323100.0,2.2289,2.2366,2.2287,2.233,325651.38,0.0,0.0,0
15m,1764324000.0,2.233,2.2331,2.2252,2.2268,315590.25,0.0,0.0,0
15m,1764324900.0,2.2268,2.231,2.2247,2.226,203362.72,0.0,0.0,0
15m,1764325800.0,2.226,2.2281,2.2208,2.2213,306990.71,0.0,0.0,0
15m,1764326700.0,2.2213,2.2283,2.2196,2.2248,428999.33,0.0,0.0,0
15m,1764327600.0,2.2248,2.225,2.2031,2.2033,581136.37,0.0,0.0,0
15m,1764328500.0,2.2033,2.2044,2.1853,2.1949,1038024.45,0.0,0.0,0
15m,1764329400.0,2.1949,2.1976,2.1897,2.1931,348558.24,0.0,0.0,0
15m,1764330300.0,2.1931,2.1988,2.1903,2.1972,465789.15,0.0,0.0,0
15m,1764331200.0,2.1972,2.2024,2.1953,2.1981,639656.09,0.0,0.0,0
15m,1764332100.0,2.1981,2.2002,2.1932,2.1969,458340.98,0.0,0.0,0
15m,1764333000.0,2.1969,2.2017,2.1949,2.196,467741.39,0.0,0.0,0
15m,1764333900.0,2.196,2.2023,2.1946,2.1959,428183.77,0.0,0.0,0
15m,1764334800.0,2.1959,2.1979,2.1889,2.1923,622717.02,0.0,0.0,0
15m,1764335700.0,2.1923,2.1979,2.1909,2.1968,317767.87,0.0,0.0,0
15m,1764336600.0,2.1968,2.2129,2.1951,2.209,2186050.7,0.0,0.0,0
15m,1764337500.0,2.209,2.2299,2.2087,2.222,2178821.53,0.0,0.0,0
15m,1764338400.0,2.222,2.2257,2.2119,2.2162,1215164.9,0.0,0.0,0
15m,1764339300.0,2.2162,2.2326,2.215,2.2274,1379860.64,0.0,0.0,0
15m,1764340200.0,2.2274,2.2311,2.2042,2.2053,1823083.23,0.0,0.0,0
15m,1764341100.0,2.2053,2.2157,2.2007,2.2147,622478.92,0.0,0.0,0
15m,1764342000.0,2.2147,2.2256,2.2136,2.2256,913667.63,0.0,0.0,0
15m,1764342900.0,2.2256,2.2753,2.2253,2.2612,3271482.8,0.0,0.0,0
15m,1764343800.0,2.2612,2.2698,2.2502,2.2599,1607684.99,0.0,0.0,0
15m,1764344700.0,2.2599,2.2647,2.2408,2.2456,1285302.39,0.0,0.0,0
15m,1764345600.0,2.2456,2.2522,2.2318,2.2318,796948.38,0.0,0.0,0
15m,1764346500.0,2.2318,2.2326,2.2031,2.2066,1239166.84,0.0,0.0,0
15m,1764347400.0,2.2066,2.2147,2.2011,2.2057,737219.24,0.0,0.0,0
15m,1764348300.0,2.2057,2.2117,2.1903,2.1909,1038480.8,0.0,0.0,0
15m,1764349200.0,2.1909,2.196,2.1838,2.1857,674103.58,0.0,0.0,0
15m,1764350100.0,2.1857,2.1899,2.1764,2.1786,844139.47,0.0,0.0,0
15m,1764351000.0,2.1786,2.1819,2.17,2.1717,922152.29,0.0,0.0,0
15m,1764351900.0,2.1717,2.1816,2.1659,2.1757,2914742.25,0.0,0.0,0
15m,1764352800.0,2.1757,2.1771,2.1561,2.1726,2133741.33,0.0,0.0,0
15m,1764353700.0,2.1726,2.1745,2.1633,2.1672,798482.07,0.0,0.0,0
15m,1764354600.0,2.1672,2.1731,2.1625,2.1724,332853.82,0.0,0.0,0
15m,1764355500.0,2.1724,2.1798,2.1678,2.1721,1249593.66,0.0,0.0,0
15m,1764356400.0,2.1721,2.1854,2.1715,2.1843,503215.41,0.0,0.0,0
15m,1764357300.0,2.1843,2.1891,2.1791,2.1861,497846.62,0.0,0.0,0
15m,1764358200.0,2.1861,2.1948,2.1846,2.1911,494985.74,0.0,0.0,0
15m,1764359100.0,2.1911,2.1924,2.1866,2.1878,427029.23,0.0,0.0,0
15m,1764360000.0,2.1878,2.1878,2.1729,2.1779,602930.12,0.0,0.0,0
15m,1764360900.0,2.1779,2.1905,2.1749,2.1854,648783.55,0.0,0.0,0
15m,1764361800.0,2.1854,2.1892,2.1833,2.1844,406634.87,0.0,0.0,0
15m,1764362700.0,2.1844,2.1919,2.182,2.1884,541655.47,0.0,0.0,0
15m,1764363600.0,2.1884,2.1915,2.1826,2.1848,528651.16,0.0,0.0,0
15m,1764364500.0,2.1848,2.1848,2.176,2.1811,743419.17,0.0,0.0,0
15m,1764365400.0,2.1811,2.192,2.1803,2.1904,511065.02,0.0,0.0,0
15m,1764366300.0,2.1904,2.1906,2.1825,2.1831,168423.9,0.0,0.0,0
15m,1764367200.0,2.1831,2.1861,2.1765,2.1805,335650.62,0.0,0.0,0
15m,1764368100.0,2.1805,2.1836,2.1729,2.18,452603.47,0.0,0.0,0
15m,1764369000.0,2.18,2.1844,2.179,2.1825,236707.3,0.0,0.0,0
15m,1764369900.0,2.1825,2.1908,2.1825,2.1877,534457.92,0.0,0.0,0
15m,1764370800.0,2.1877,2.1914,2.1823,2.1854,137421.39,0.0,0.0,0
15m,1764371700.0,2.1854,2.1859,2.1819,2.1835,70804.82,0.0,0.0,0
15m,1764372600.0,2.1835,2.1857,2.1814,2.1822,78002.52,0.0,0.0,0
15m,1764373500.0,2.1822,2.1827,2.1786,2.1797,67422.69,0.0,0.0,0
15m,1764374400.0,2.1797,2.1808,2.1737,2.1761,304443.67,0.0,0.0,0
15m,1764375300.0,2.1761,2.1849,2.1741,2.1848,273520.35,0.0,0.0,0
15m,1764376200.0,2.1848,2.1872,2.1793,2.1832,157805.46,0.0,0.0,0
15m,1764377100.0,2.1832,2.1841,2.1791,2.1811,73466.34,0.0,0.0,0
15m,1764378000.0,2.1811,2.1873,2.1808,2.1839,169135.08,0.0,0.0,0
15m,1764378900.0,2.1839,2.1867,2.1793,2.18,197923.09,0.0,0.0,0
15m,1764379800.0,2.18,2.1806,2.1751,2.1766,325734.28,0.0,0.0,0
15m,1764380700.0,2.1766,2.1808,2.1755,2.1782,205259.48,0.0,0.0,0
15m,1764381600.0,2.1782,2.1819,2.1763,2.1817,82897.62,0.0,0.0,0
15m,1764382500.0,2.1817,2.1842,2.1807,2.181,177474.85,0.0,0.0,0
15m,1764383400.0,2.181,2.1811,2.1725,2.1773,269194.31,0.0,0.0,0
15m,1764384300.0,2.1773,2.1817,2.175,2.1808,79808.67,0.0,0.0,0
15m,1764385200.0,2.1808,2.183,2.1799,2.1827,193417.76,0.0,0.0,0
15m,1764386100.0,2.1827,2.1884,2.181,2.1811,121903.49,0.0,0.0,0
15m,1764387000.0,2.1811,2.1864,2.1787,2.1837,126637.25,0.0,0.0,0
15m,1764387900.0,2.1837,2.1866,2.1826,2.1859,114668.44,0.0,0.0,0
15m,1764388800.0,2.1859,2.1865,2.1806,2.1832,131846.11,0.0,0.0,0
15m,1764389700.0,2.1832,2.1851,2.1801,2.1837,169232.24,0.0,0.0,0
15m,1764390600.0,2.1837,2.1849,2.1808,2.1824,178240.26,0.0,0.0,0
15m,1764391500.0,2.1824,2.1901,2.1824,2.189,109437.39,0.0,0.0,0
15m,1764392400.0,2.189,2.1893,2.1858,2.1862,88466.98,0.0,0.0,0
15m,1764393300.0,2.1862,2.1899,2.1841,2.1854,143619.59,0.0,0.0,0
15m,1764394200.0,2.1854,2.1868,2.1831,2.184,98382.69,0.0,0.0,0
15m,1764395100.0,2.184,2.1847,2.1791,2.1813,101013.89,0.0,0.0,0
15m,1764396000.0,2.1813,2.1835,2.1799,2.1826,79803.57,0.0,0.0,0
15m,1764396900.0,2.1826,2.1828,2.1721,2.1747,398415.7,0.0,0.0,0
15m,1764397800.0,2.1747,2.1814,2.1666,2.1808,504830.03,0.0,0.0,0
15m,1764398700.0,2.1808,2.1886,2.1796,2.1837,451765.76,0.0,0.0,0
15m,1764399600.0,2.1837,2.1855,2.1792,2.182,124469.97,0.0,0.0,0
15m,1764400500.0,2.182,2.1853,2.1813,2.1851,103098.11,0.0,0.0,0
15m,1764401400.0,2.1851,2.186,2.18,2.18,133218.45,0.0,0.0,0
15m,1764402300.0,2.18,2.1816,2.1754,2.1798,224571.79,0.0,0.0,0
15m,1764403200.0,2.1798,2.1829,2.1757,2.1794,137994.15,0.0,0.0,0
15m,1764404100.0,2.1794,2.1824,2.1767,2.1771,281069.82,0.0,0.0,0
15m,1764405000.0,2.1771,2.1839,2.1741,2.181,109981.96,0.0,0.0,0
15m,1764405900.0,2.181,2.1826,2.1785,2.1816,99804.98,0.0,0.0,0
15m,1764406800.0,2.1816,2.184,2.1766,2.1785,125393.72,0.0,0.0,0
15m,1764407700.0,2.1785,2.1802,2.1766,2.1784,88758.32,0.0,0.0,0
15m,1764408600.0,2.1784,2.181,2.1774,2.1802,59904.49,0.0,0.0,0
15m,1764409500.0,2.1802,2.1851,2.1802,2.1841,266051.65,0.0,0.0,0
15m,1764410400.0,2.1841,2.1878,2.181,2.1866,158980.38,0.0,0.0,0
15m,1764411300.0,2.1866,2.1876,2.1786,2.1846,339935.13,0.0,0.0,0
15m,1764412200.0,2.1846,2.1866,2.1824,2.1827,105323.94,0.0,0.0,0
15m,1764413100.0,2.1827,2.1881,2.1827,2.1865,67262.89,0.0,0.0,0
15m,1764414000.0,2.1865,2.1929,2.1839,2.1924,288294.3,0.0,0.0,0
15m,1764414900.0,2.1924,2.2035,2.1913,2.2022,639820.94,0.0,0.0,0
15m,1764415800.0,2.2022,2.2149,2.1983,2.2125,948910.17,0.0,0.0,0
15m,1764416700.0,2.2125,2.213,2.2029,2.2111,933140.44,0.0,0.0,0
15m,1764417600.0,2.2111,2.2233,2.2061,2.2105,1094985.13,0.0,0.0,0
15m,1764418500.0,2.2105,2.2154,2.2045,2.2067,453116.67,0.0,0.0,0
15m,1764419400.0,2.2067,2.2194,2.2045,2.2172,684106.34,0.0,0.0,0
15m,1764420300.0,2.2172,2.2204,2.2112,2.2136,487927.59,0.0,0.0,0
15m,1764421200.0,2.2136,2.2154,2.2081,2.2096,437281.14,0.0,0.0,0
15m,1764422100.0,2.2096,2.2096,2.2037,2.2083,530577.81,0.0,0.0,0
15m,1764423000.0,2.2083,2.2085,2.1974,2.2036,436659.78,0.0,0.0,0
15m,1764423900.0,2.2036,2.205,2.1997,2.2001,257643.61,0.0,0.0,0
15m,1764424800.0,2.2001,2.2001,2.1941,2.197,260266.01,0.0,0.0,0
15m,1764425700.0,2.197,2.2067,2.1923,2.2066,327638.83,0.0,0.0,0
15m,1764426600.0,2.2066,2.2116,2.1998,2.2013,313213.32,0.0,0.0,0
15m,1764427500.0,2.2013,2.2044,2.1977,2.2035,242243.94,0.0,0.0,0
15m,1764428400.0,2.2035,2.2159,2.2022,2.2147,286662.25,0.0,0.0,0
15m,1764429300.0,2.2147,2.2213,2.2127,2.2138,806069.52,0.0,0.0,0
15m,1764430200.0,2.2138,2.2186,2.2115,2.2127,481760.24,0.0,0.0,0
15m,1764431100.0,2.2127,2.2248,2.2123,2.2187,1023031.56,0.0,0.0,0
15m,1764432000.0,2.2187,2.2206,2.2147,2.2165,472171.52,0.0,0.0,0
15m,1764432900.0,2.2165,2.2201,2.2056,2.2097,505765.34,0.0,0.0,0
15m,1764433800.0,2.2097,2.2169,2.2086,2.2119,349771.51,0.0,0.0,0
15m,1764434700.0,2.2119,2.2219,2.2108,2.2165,472867.3,0.0,0.0,0
15m,1764435600.0,2.2165,2.2186,2.2128,2.2152,315513.43,0.0,0.0,0
15m,1764436500.0,2.2152,2.2191,2.2121,2.2121,349860.92,0.0,0.0,0
15m,1764437400.0,2.2121,2.2124,2.2016,2.2065,495779.65,0.0,0.0,0
15m,1764438300.0,2.2065,2.2085,2.1933,2.1985,1555617.48,0.0,0.0,0
15m,1764439200.0,2.1985,2.2028,2.1895,2.1974,485935.87,0.0,0.0,0
15m,1764440100.0,2.1974,2.2013,2.1913,2.193,754850.69,0.0,0.0,0
15m,1764441000.0,2.193,2.2038,2.1901,2.202,400234.31,0.0,0.0,0
15m,1764441900.0,2.202,2.2045,2.1978,2.2005,260144.32,0.0,0.0,0
15m,1764442800.0,2.2005,2.2126,2.1985,2.2075,436159.66,0.0,0.0,0
15m,1764443700.0,2.2075,2.2087,2.2039,2.2051,255955.62,0.0,0.0,0
15m,1764444600.0,2.2051,2.2072,2.1959,2.1959,139882.34,0.0,0.0,0
15m,1764445500.0,2.1959,2.1972,2.191,2.194,193455.9,0.0,0.0,0
15m,1764446400.0,2.194,2.1951,2.1878,2.1886,207412.05,0.0,0.0,0
15m,1764447300.0,2.1886,2.1938,2.1869,2.1931,105385.95,0.0,0.0,0
15m,1764448200.0,2.1931,2.1965,2.1921,2.1964,69841.71,0.0,0.0,0
15m,1764449100.0,2.1964,2.2102,2.1952,2.2092,1085297.55,0.0,0.0,0
15m,1764450000.0,2.2092,2.2101,2.2039,2.2049,226831.38,0.0,0.0,0
15m,1764450900.0,2.2049,2.2149,2.2048,2.21,286935.65,0.0,0.0,0
15m,1764451800.0,2.21,2.213,2.2065,2.2071,255420.28,0.0,0.0,0
15m,1764452700.0,2.2071,2.2104,2.2061,2.2067,304831.11,0.0,0.0,0
15m,1764453600.0,2.2067,2.2068,2.1987,2.199,235197.57,0.0,0.0,0
15m,1764454500.0,2.199,2.2047,2.1987,2.2018,238443.21,0.0,0.0,0
15m,1764455400.0,2.2018,2.2085,2.1999,2.2084,188216.3,0.0,0.0,0
15m,1764456300.0,2.2084,2.2099,2.2008,2.2024,313172.72,0.0,0.0,0
15m,1764457200.0,2.2024,2.2041,2.1972,2.1993,157929.4,0.0,0.0,0
15m,1764458100.0,2.1993,2.2062,2.1985,2.2011,159454.98,0.0,0.0,0
15m,1764459000.0,2.2011,2.203,2.2006,2.2012,77099.95,0.0,0.0,0
15m,1764459900.0,2.2012,2.2048,2.1998,2.2009,68173.78,0.0,0.0,0
15m,1764460800.0,2.2009,2.2052,2.1994,2.2048,197958.0,0.0,0.0,0
15m,1764461700.0,2.2048,2.2048,2.2011,2.202,68931.27,0.0,0.0,0
15m,1764462600.0,2.202,2.2032,2.1981,2.2014,91542.54,0.0,0.0,0
15m,1764463500.0,2.2014,2.2017,2.1995,2.2,46822.26,0.0,0.0,0
15m,1764464400.0,2.2,2.2084,2.1986,2.2061,151906.13,0.0,0.0,0
15m,1764465300.0,2.2061,2.2092,2.2022,2.2035,102528.98,0.0,0.0,0
15m,1764466200.0,2.2035,2.2106,2.2032,2.2073,96294.0,0.0,0.0,0
15m,1764467100.0,2.2073,2.209,2.2055,2.206,55968.13,0.0,0.0,0
15m,1764468000.0,2.206,2.2129,2.2058,2.2113,119015.17,0.0,0.0,0
15m,1764468900.0,2.2113,2.2119,2.202,2.2032,117354.04,0.0,0.0,0
15m,1764469800.0,2.2032,2.2041,2.199,2.2002,246563.36,0.0,0.0,0
15m,1764470700.0,2.2002,2.2022,2.1966,2.1981,88954.77,0.0,0.0,0
15m,1764471600.0,2.1981,2.1999,2.1936,2.1938,141585.65,0.0,0.0,0
15m,1764472500.0,2.1938,2.1992,2.1883,2.198,318849.41,0.0,0.0,0
15m,1764473400.0,2.198,2.2112,2.1975,2.2091,315490.88,0.0,0.0,0
15m,1764474300.0,2.2091,2.2094,2.2043,2.2065,160983.89,0.0,0.0,0
15m,1764475200.0,2.2065,2.2094,2.205,2.2056,256990.88,0.0,0.0,0
15m,1764476100.0,2.2056,2.2064,2.1991,2.1991,150544.76,0.0,0.0,0
15m,1764477000.0,2.1991,2.2006,2.1975,2.1986,213147.59,0.0,0.0,0
15m,1764477900.0,2.1986,2.2,2.198,2.1993,71842.6,0.0,0.0,0
15m,1764478800.0,2.1993,2.1994,2.196,2.1973,123268.45,0.0,0.0,0
15m,1764479700.0,2.1973,2.1986,2.1917,2.1926,174972.76,0.0,0.0,0
15m,1764480600.0,2.1926,2.1961,2.1926,2.1948,84400.26,0.0,0.0,0
15m,1764481500.0,2.1948,2.1972,2.1941,2.1956,78568.04,0.0,0.0,0
15m,1764482400.0,2.1956,2.1978,2.1915,2.1931,242909.39,0.0,0.0,0
15m,1764483300.0,2.1931,2.1971,2.1916,2.1966,124957.86,0.0,0.0,0
15m,1764484200.0,2.1966,2.2,2.1965,2.1985,194619.04,0.0,0.0,0
15m,1764485100.0,2.1985,2.1985,2.1946,2.1948,66144.14,0.0,0.0,0
15m,1764486000.0,2.1948,2.1967,2.1924,2.1964,51944.68,0.0,0.0,0
15m,1764486900.0,2.1964,2.1989,2.1949,2.1986,87457.9,0.0,0.0,0
15m,1764487800.0,2.1986,2.2012,2.1968,2.197,124495.19,0.0,0.0,0
15m,1764488700.0,2.197,2.2011,2.1965,2.1993,109805.21,0.0,0.0,0
15m,1764489600.0,2.1993,2.1993,2.1946,2.1961,137750.95,0.0,0.0,0
15m,1764490500.0,2.1961,2.2101,2.1941,2.2011,253878.5,0.0,0.0,0
15m,1764491400.0,2.2011,2.2027,2.1918,2.1949,574705.49,0.0,0.0,0
15m,1764492300.0,2.1949,2.1965,2.1905,2.1917,355674.07,0.0,0.0,0
15m,1764493200.0,2.1917,2.1982,2.1893,2.1946,608541.88,0.0,0.0,0
15m,1764494100.0,2.1946,2.1974,2.1917,2.1931,462481.99,0.0,0.0,0
15m,1764495000.0,2.1931,2.1951,2.1907,2.195,321908.24,0.0,0.0,0
15m,1764495900.0,2.195,2.1971,2.1919,2.1966,203552.5,0.0,0.0,0
15m,1764496800.0,2.1966,2.197,2.1912,2.1926,289120.76,0.0,0.0,0
15m,1764497700.0,2.1926,2.1958,2.1919,2.1955,238786.58,0.0,0.0,0
15m,1764498600.0,2.1955,2.196,2.1887,2.1899,354753.78,0.0,0.0,0
15m,1764499500.0,2.1899,2.1925,2.1879,2.1895,487041.78,0.0,0.0,0
15m,1764500400.0,2.1895,2.1927,2.1879,2.1894,433588.49,0.0,0.0,0
15m,1764501300.0,2.1894,2.1913,2.187,2.1879,560193.13,0.0,0.0,0
15m,1764502200.0,2.1879,2.1886,2.1824,2.1855,558931.61,0.0,0.0,0
15m,1764503100.0,2.1855,2.1893,2.1836,2.1879,219520.61,0.0,0.0,0
15m,1764504000.0,2.1879,2.1908,2.1847,2.1904,207321.0,0.0,0.0,0
15m,1764504900.0,2.1904,2.1938,2.1901,2.1914,192404.38,0.0,0.0,0
15m,1764505800.0,2.1914,2.199,2.1908,2.1984,208751.04,0.0,0.0,0
15m,1764506700.0,2.1984,2.2024,2.1948,2.1971,234316.41,0.0,0.0,0
15m,1764507600.0,2.1971,2.1982,2.1936,2.1936,167152.63,0.0,0.0,0
15m,1764508500.0,2.1936,2.2063,2.1934,2.2033,479826.01,0.0,0.0,0
15m,1764509400.0,2.2033,2.2082,2.2004,2.2035,379138.33,0.0,0.0,0
15m,1764510300.0,2.2035,2.2056,2.2005,2.2051,190640.44,0.0,0.0,0
15m,1764511200.0,2.2051,2.2058,2.1985,2.2033,173952.38,0.0,0.0,0
15m,1764512100.0,2.2033,2.2035,2.1987,2.1993,270877.7,0.0,0.0,0
15m,1764513000.0,2.1993,2.1999,2.1896,2.191,240500.54,0.0,0.0,0
15m,1764513900.0,2.191,2.1947,2.1893,2.1944,151169.93,0.0,0.0,0
15m,1764514800.0,2.1944,2.1944,2.1865,2.1887,200408.53,0.0,0.0,0
15m,1764515700.0,2.1887,2.1964,2.1871,2.1941,331981.9,0.0,0.0,0
15m,1764516600.0,2.1941,2.1942,2.188,2.1906,429884.74,0.0,0.0,0
15m,1764517500.0,2.1906,2.1981,2.1895,2.1968,209612.57,0.0,0.0,0
15m,1764518400.0,2.1968,2.2007,2.1961,2.1997,102436.56,0.0,0.0,0
15m,1764519300.0,2.1997,2.2072,2.1975,2.2062,614015.82,0.0,0.0,0
15m,1764520200.0,2.2062,2.2072,2.2032,2.2051,204110.53,0.0,0.0,0
15m,1764521100.0,2.2051,2.215,2.2038,2.2101,322283.49,0.0,0.0,0
15m,1764522000.0,2.2101,2.2105,2.1972,2.1986,528715.22,0.0,0.0,0
15m,1764522900.0,2.1986,2.2014,2.1969,2.1982,153025.74,0.0,0.0,0
15m,1764523800.0,2.1982,2.2075,2.1977,2.2047,170296.83,0.0,0.0,0
15m,1764524700.0,2.2047,2.2059,2.1993,2.2017,161131.53,0.0,0.0,0
15m,1764525600.0,2.2017,2.2029,2.1965,2.1982,349109.75,0.0,0.0,0
15m,1764526500.0,2.1982,2.2018,2.1954,2.2011,127496.67,0.0,0.0,0
15m,1764527400.0,2.2011,2.2049,2.199,2.2016,143178.17,0.0,0.0,0
15m,1764528300.0,2.2016,2.2066,2.2005,2.2033,236548.77,0.0,0.0,0
15m,1764529200.0,2.2033,2.2071,2.202,2.2024,128658.71,0.0,0.0,0
15m,1764530100.0,2.2024,2.2034,2.1984,2.2,100804.97,0.0,0.0,0
15m,1764531000.0,2.2,2.203,2.1968,2.2005,492544.77,0.0,0.0,0
15m,1764531900.0,2.2005,2.2016,2.1978,2.1992,106154.26,0.0,0.0,0
15m,1764532800.0,2.1992,2.2034,2.1978,2.2019,112620.19,0.0,0.0,0
15m,1764533700.0,2.2019,2.2027,2.1928,2.1939,135246.02,0.0,0.0,0
15m,1764534600.0,2.1939,2.1941,2.1884,2.1911,485444.2,0.0,0.0,0
15m,1764535500.0,2.1911,2.197,2.1904,2.1961,152633.02,0.0,0.0,0
15m,1764536400.0,2.1961,2.1961,2.1877,2.1916,285007.54,0.0,0.0,0
15m,1764537300.0,2.1916,2.1929,2.1788,2.1892,733117.28,0.0,0.0,0
15m,1764538200.0,2.1892,2.191,2.1863,2.187,227982.12,0.0,0.0,0
15m,1764539100.0,2.187,2.1896,2.1857,2.1872,207402.13,0.0,0.0,0
15m,1764540000.0,2.1872,2.1957,2.186,2.1948,163696.62,0.0,0.0,0
15m,1764540900.0,2.1948,2.1967,2.1913,2.1918,210680.64,0.0,0.0,0
15m,1764541800.0,2.1918,2.1918,2.1865,2.1884,217623.66,0.0,0.0,0
15m,1764542700.0,2.1884,2.1943,2.186,2.1923,97922.2,0.0,0.0,0
15m,1764543600.0,2.1923,2.1934,2.1778,2.1786,866718.15,0.0,0.0,0
15m,1764544500.0,2.1786,2.1787,2.1686,2.1703,699925.89,0.0,0.0,0
15m,1764545400.0,2.1703,2.1728,2.1627,2.1672,989774.9,0.0,0.0,0
15m,1764546300.0,2.1672,2.1721,2.152,2.1549,988617.32,0.0,0.0,0
15m,1764547200.0,2.1549,2.161,2.1099,2.1152,3918026.69,0.0,0.0,0
15m,1764548100.0,2.1152,2.1185,2.094,2.0956,1838147.98,0.0,0.0,0
15m,1764549000.0,2.0956,2.1029,2.0736,2.0833,2631094.15,0.0,0.0,0
15m,1764549900.0,2.0833,2.0857,2.0573,2.0577,1912026.26,0.0,0.0,0
15m,1764550800.0,2.0577,2.0934,2.0571,2.0795,1250167.63,0.0,0.0,0
15m,1764551700.0,2.0795,2.0906,2.073,2.0751,804780.33,0.0,0.0,0
15m,1764552600.0,2.0751,2.0878,2.0735,2.0827,650746.8,0.0,0.0,0
15m,1764553500.0,2.0827,2.0855,2.0768,2.0783,392786.68,0.0,0.0,0
15m,1764554400.0,2.0783,2.0876,2.0748,2.0816,644045.63,0.0,0.0,0
15m,1764555300.0,2.0816,2.0845,2.0722,2.0728,457438.0,0.0,0.0,0
15m,1764556200.0,2.0728,2.0765,2.0642,2.069,797203.59,0.0,0.0,0
15m,1764557100.0,2.069,2.0695,2.0563,2.0637,777159.81,0.0,0.0,0
15m,1764558000.0,2.0637,2.0654,2.0522,2.0565,847223.64,0.0,0.0,0
15m,1764558900.0,2.0565,2.0601,2.05,2.0522,580791.52,0.0,0.0,0
15m,1764559800.0,2.0522,2.0538,2.0422,2.0537,821700.76,0.0,0.0,0
15m,1764560700.0,2.0537,2.0555,2.045,2.0503,509925.09,0.0,0.0,0
15m,1764561600.0,2.0503,2.0539,2.0377,2.0377,619701.62,0.0,0.0,0
15m,1764562500.0,2.0377,2.0459,2.0339,2.0347,662280.73,0.0,0.0,0
15m,1764563400.0,2.0347,2.0381,2.0288,2.0356,1167196.45,0.0,0.0,0
15m,1764564300.0,2.0356,2.0387,2.0292,2.0302,545609.21,0.0,0.0,0
15m,1764565200.0,2.0302,2.0368,2.0265,2.0272,603015.04,0.0,0.0,0
15m,1764566100.0,2.0272,2.033,2.0195,2.0323,809836.23,0.0,0.0,0
15m,1764567000.0,2.0323,2.0329,2.017,2.0201,681411.3,0.0,0.0,0
15m,1764567900.0,2.0201,2.031,2.0197,2.0283,465488.94,0.0,0.0,0
15m,1764568800.0,2.0283,2.0385,2.0281,2.0367,581955.91,0.0,0.0,0
15m,1764569700.0,2.0367,2.0367,2.0282,2.0339,251869.63,0.0,0.0,0
15m,1764570600.0,2.0339,2.0456,2.032,2.0449,291592.94,0.0,0.0,0
15m,1764571500.0,2.0449,2.0497,2.041,2.0475,686845.94,0.0,0.0,0
15m,1764572400.0,2.0475,2.0489,2.0374,2.0406,443539.78,0.0,0.0,0
15m,1764573300.0,2.0406,2.0438,2.033,2.0428,380957.34,0.0,0.0,0
15m,1764574200.0,2.0428,2.0537,2.0402,2.0513,488165.72,0.0,0.0,0
15m,1764575100.0,2.0513,2.0595,2.051,2.0567,1021154.86,0.0,0.0,0
15m,1764576000.0,2.0567,2.0596,2.0521,2.0522,452237.31,0.0,0.0,0
15m,1764576900.0,2.0522,2.0583,2.0497,2.0528,714748.75,0.0,0.0,0
15m,1764577800.0,2.0528,2.0563,2.0479,2.0552,293267.08,0.0,0.0,0
15m,1764578700.0,2.0552,2.0587,2.054,2.0572,283669.4,0.0,0.0,0
15m,1764579600.0,2.0572,2.0609,2.0473,2.048,685349.37,0.0,0.0,0
15m,1764580500.0,2.048,2.0516,2.0432,2.0463,279187.46,0.0,0.0,0
15m,1764581400.0,2.0463,2.0543,2.0453,2.0538,153753.12,0.0,0.0,0
15m,1764582300.0,2.0538,2.0538,2.0459,2.0463,292056.42,0.0,0.0,0
15m,1764583200.0,2.0463,2.0488,2.0377,2.0385,453749.35,0.0,0.0,0
15m,1764584100.0,2.0385,2.0424,2.0375,2.0409,340409.26,0.0,0.0,0
15m,1764585000.0,2.0409,2.0443,2.0395,2.0409,202739.25,0.0,0.0,0
15m,1764585900.0,2.0409,2.0443,2.0398,2.0424,169902.8,0.0,0.0,0
15m,1764586800.0,2.0424,2.0462,2.0369,2.039,270904.34,0.0,0.0,0
15m,1764587700.0,2.039,2.0465,2.0375,2.0434,394727.74,0.0,0.0,0
15m,1764588600.0,2.0434,2.0436,2.0389,2.0395,200622.27,0.0,0.0,0
15m,1764589500.0,2.0395,2.0458,2.0317,2.0339,533923.63,0.0,0.0,0
15m,1764590400.0,2.0339,2.0363,2.0268,2.0315,586578.51,0.0,0.0,0
15m,1764591300.0,2.0315,2.0328,2.0246,2.0261,278950.6,0.0,0.0,0
15m,1764592200.0,2.0261,2.0294,2.0182,2.0189,955786.64,0.0,0.0,0
15m,1764593100.0,2.0189,2.0338,2.0024,2.0279,1440994.35,0.0,0.0,0
15m,1764594000.0,2.0279,2.0371,2.0172,2.0239,977522.4,0.0,0.0,0
15m,1764594900.0,2.0239,2.0269,2.0179,2.0204,325486.71,0.0,0.0,0
15m,1764595800.0,2.0204,2.0217,2.0134,2.0157,539858.23,0.0,0.0,0
15m,1764596700.0,2.0157,2.0244,2.0095,2.0204,487111.25,0.0,0.0,0
15m,1764597600.0,2.0204,2.0248,2.0148,2.0217,403271.9,0.0,0.0,0
15m,1764598500.0,2.0217,2.031,2.0163,2.0307,398303.18,0.0,0.0,0
15m,1764599400.0,2.0307,2.0493,2.0243,2.0321,834625.12,0.0,0.0,0
15m,1764600300.0,2.0321,2.0398,2.0263,2.0318,575488.89,0.0,0.0,0
15m,1764601200.0,2.0318,2.0359,2.0156,2.0165,497304.55,0.0,0.0,0
15m,1764602100.0,2.0165,2.0251,2.0061,2.0078,776787.91,0.0,0.0,0
15m,1764603000.0,2.0078,2.0078,1.9861,1.9871,1848627.3,0.0,0.0,0
15m,1764603900.0,1.9871,2.0202,1.9837,2.0072,1467639.11,0.0,0.0,0
15m,1764604800.0,2.0072,2.01,1.9889,1.9933,917923.98,0.0,0.0,0
15m,1764605700.0,1.9933,1.9995,1.9875,1.9952,1000476.97,0.0,0.0,0
15m,1764606600.0,1.9952,2.0073,1.9877,1.9964,1498068.03,0.0,0.0,0
15m,1764607500.0,1.9964,2.0005,1.9869,1.9912,745257.34,0.0,0.0,0
15m,1764608400.0,1.9912,2.0045,1.9904,1.993,789248.89,0.0,0.0,0
15m,1764609300.0,1.993,2.0041,1.989,2.0014,359719.41,0.0,0.0,0
15m,1764610200.0,2.0014,2.0022,1.988,2.0018,594535.81,0.0,0.0,0
15m,1764611100.0,2.0018,2.0045,1.9952,1.9955,530899.59,0.0,0.0,0
15m,1764612000.0,1.9955,2.0103,1.9943,2.0084,368613.56,0.0,0.0,0
15m,1764612900.0,2.0084,2.0127,2.0025,2.0056,486278.6,0.0,0.0,0
15m,1764613800.0,2.0056,2.0064,1.9961,1.9982,398459.75,0.0,0.0,0
15m,1764614700.0,1.9982,2.0093,1.9942,2.0046,628378.98,0.0,0.0,0
15m,1764615600.0,2.0046,2.0059,1.9948,2.0016,335077.59,0.0,0.0,0
15m,1764616500.0,2.0016,2.0033,1.9904,1.9905,333006.88,0.0,0.0,0
15m,1764617400.0,1.9905,2.0004,1.9871,1.9904,658159.31,0.0,0.0,0
15m,1764618300.0,1.9904,1.9977,1.9904,1.9947,341091.85,0.0,0.0,0
15m,1764619200.0,1.9947,2.0222,1.9933,2.0143,790854.64,0.0,0.0,0
15m,1764620100.0,2.0143,2.0143,2.0056,2.0062,357512.32,0.0,0.0,0
15m,1764621000.0,2.0062,2.0168,2.0056,2.0168,421913.04,0.0,0.0,0
15m,1764621900.0,2.0168,2.0269,2.0101,2.0117,808233.85,0.0,0.0,0
15m,1764622800.0,2.0117,2.0242,2.0108,2.0144,589238.98,0.0,0.0,0
15m,1764623700.0,2.0144,2.0346,2.0106,2.0275,720769.51,0.0,0.0,0
15m,1764624600.0,2.0275,2.0443,2.027,2.0335,1678144.04,0.0,0.0,0
15m,1764625500.0,2.0335,2.0338,2.021,2.0266,799225.28,0.0,0.0,0
15m,1764626400.0,2.0266,2.0338,2.0186,2.0218,1396690.01,0.0,0.0,0
15m,1764627300.0,2.0218,2.0317,2.02,2.0298,319196.99,0.0,0.0,0
15m,1764628200.0,2.0298,2.0363,2.0244,2.0357,207037.5,0.0,0.0,0
15m,1764629100.0,2.0357,2.0428,2.0328,2.0332,349701.77,0.0,0.0,0
15m,1764630000.0,2.0332,2.0425,2.0316,2.0324,904851.43,0.0,0.0,0
15m,1764630900.0,2.0324,2.041,2.0324,2.0409,132922.75,0.0,0.0,0
15m,1764631800.0,2.0409,2.0432,2.0322,2.0333,278239.76,0.0,0.0,0
15m,1764632700.0,2.0333,2.0335,2.0297,2.0301,356309.71,0.0,0.0,0
15m,1764633600.0,2.0301,2.0314,2.0223,2.0225,442283.84,0.0,0.0,0
15m,1764634500.0,2.0225,2.0256,2.0146,2.0162,458195.12,0.0,0.0,0
15m,1764635400.0,2.0162,2.0249,2.0128,2.0159,528262.9,0.0,0.0,0
15m,1764636300.0,2.0159,2.0274,2.0157,2.0218,370060.91,0.0,0.0,0
15m,1764637200.0,2.0218,2.0444,2.0162,2.0272,471216.23,0.0,0.0,0
15m,1764638100.0,2.0272,2.0302,2.0206,2.0259,247380.91,0.0,0.0,0
15m,1764639000.0,2.0259,2.0281,2.0203,2.0229,261699.46,0.0,0.0,0
15m,1764639900.0,2.0229,2.024,2.0173,2.018,322701.07,0.0,0.0,0
15m,1764640800.0,2.018,2.0213,2.0099,2.0202,702555.46,0.0,0.0,0
15m,1764641700.0,2.0202,2.0308,2.0202,2.0258,430754.13,0.0,0.0,0
15m,1764642600.0,2.0258,2.0318,2.0233,2.0278,355979.75,0.0,0.0,0
15m,1764643500.0,2.0278,2.0315,2.0208,2.0217,329560.66,0.0,0.0,0
15m,1764644400.0,2.0217,2.0218,2.0155,2.0188,139058.82,0.0,0.0,0
15m,1764645300.0,2.0188,2.0188,2.0036,2.006,351437.17,0.0,0.0,0
15m,1764646200.0,2.006,2.0257,2.0024,2.0257,358447.02,0.0,0.0,0
15m,1764647100.0,2.0257,2.0266,2.0197,2.0207,241852.05,0.0,0.0,0
15m,1764648000.0,2.0207,2.0282,2.02,2.0237,619757.06,0.0,0.0,0
15m,1764648900.0,2.0237,2.0266,2.0196,2.0202,224415.18,0.0,0.0,0
15m,1764649800.0,2.0202,2.0207,2.0167,2.0198,155323.87,0.0,0.0,0
15m,1764650700.0,2.0198,2.023,2.0149,2.0158,201110.21,0.0,0.0,0
15m,1764651600.0,2.0158,2.0202,2.0102,2.0164,249730.23,0.0,0.0,0
15m,1764652500.0,2.0164,2.0179,2.0126,2.0128,109506.11,0.0,0.0,0
15m,1764653400.0,2.0128,2.0133,2.0096,2.0129,96887.88,0.0,0.0,0
15m,1764654300.0,2.0129,2.0188,2.0123,2.0168,161264.72,0.0,0.0,0
15m,1764655200.0,2.0168,2.0168,2.0095,2.0142,186548.26,0.0,0.0,0
15m,1764656100.0,2.0142,2.0182,2.0118,2.015,415810.06,0.0,0.0,0
15m,1764657000.0,2.015,2.0237,2.015,2.0229,286976.74,0.0,0.0,0
15m,1764657900.0,2.0229,2.0261,2.0211,2.024,525485.78,0.0,0.0,0
15m,1764658800.0,2.024,2.0246,2.0174,2.0184,248253.25,0.0,0.0,0
15m,1764659700.0,2.0184,2.0192,2.0143,2.0146,181835.63,0.0,0.0,0
15m,1764660600.0,2.0146,2.0153,2.0108,2.0138,165453.53,0.0,0.0,0
15m,1764661500.0,2.0138,2.0182,2.0133,2.0179,118699.53,0.0,0.0,0
15m,1764662400.0,2.0179,2.0181,2.0049,2.0071,317010.1,0.0,0.0,0
15m,1764663300.0,2.0071,2.0078,1.9953,1.9993,825307.38,0.0,0.0,0
15m,1764664200.0,1.9993,2.0067,1.9955,2.0039,396124.11,0.0,0.0,0
15m,1764665100.0,2.0039,2.0112,2.0004,2.0022,314660.33,0.0,0.0,0
15m,1764666000.0,2.0022,2.0169,2.0015,2.0116,245842.71,0.0,0.0,0
15m,1764666900.0,2.0116,2.0198,2.0091,2.018,146543.13,0.0,0.0,0
15m,1764667800.0,2.018,2.018,2.0105,2.0105,127041.0,0.0,0.0,0
15m,1764668700.0,2.0105,2.0143,2.0093,2.0122,465536.23,0.0,0.0,0
15m,1764669600.0,2.0122,2.0179,2.0118,2.0156,232678.54,0.0,0.0,0
15m,1764670500.0,2.0156,2.017,2.0125,2.0125,164909.07,0.0,0.0,0
15m,1764671400.0,2.0125,2.0196,2.0125,2.0192,136981.65,0.0,0.0,0
15m,1764672300.0,2.0192,2.0388,2.0191,2.0283,650137.67,0.0,0.0,0
15m,1764673200.0,2.0283,2.0304,2.0255,2.0292,201628.54,0.0,0.0,0
15m,1764674100.0,2.0292,2.0373,2.0275,2.0371,286530.62,0.0,0.0,0
15m,1764675000.0,2.0371,2.0388,2.0343,2.0347,271238.64,0.0,0.0,0
15m,1764675900.0,2.0347,2.0417,2.0343,2.0369,186780.66,0.0,0.0,0
15m,1764676800.0,2.0369,2.0423,2.0357,2.0369,330505.37,0.0,0.0,0
15m,1764677700.0,2.0369,2.0393,2.0304,2.0335,222853.33,0.0,0.0,0
15m,1764678600.0,2.0335,2.0353,2.0267,2.0311,512591.07,0.0,0.0,0
15m,1764679500.0,2.0311,2.0405,2.0282,2.0402,347495.26,0.0,0.0,0
15m,1764680400.0,2.0402,2.0456,2.034,2.0414,331511.74,0.0,0.0,0
15m,1764681300.0,2.0414,2.0479,2.0404,2.0422,680273.76,0.0,0.0,0
15m,1764682200.0,2.0422,2.0447,2.0396,2.0412,299461.27,0.0,0.0,0
15m,1764683100.0,2.0412,2.0471,2.0386,2.0445,430859.76,0.0,0.0,0
15m,1764684000.0,2.0445,2.0561,2.0408,2.0525,934465.58,0.0,0.0,0
15m,1764684900.0,2.0525,2.0665,2.0509,2.0603,1080424.75,0.0,0.0,0
15m,1764685800.0,2.0603,2.0787,2.0558,2.0775,1333110.63,0.0,0.0,0
15m,1764686700.0,2.0775,2.0929,2.0762,2.0927,1219104.59,0.0,0.0,0
15m,1764687600.0,2.0927,2.139,2.0905,2.1317,2299776.27,0.0,0.0,0
15m,1764688500.0,2.1317,2.149,2.1215,2.1224,2274528.21,0.0,0.0,0
15m,1764689400.0,2.1224,2.1622,2.1215,2.1532,2006508.95,0.0,0.0,0
15m,1764690300.0,2.1532,2.1654,2.1501,2.1553,1175287.87,0.0,0.0,0
15m,1764691200.0,2.1553,2.1626,2.1464,2.1508,1256357.24,0.0,0.0,0
15m,1764692100.0,2.1508,2.151,2.1348,2.1382,1308097.47,0.0,0.0,0
15m,1764693000.0,2.1382,2.1556,2.1372,2.1454,1012125.62,0.0,0.0,0
15m,1764693900.0,2.1454,2.1549,2.1403,2.1471,694627.81,0.0,0.0,0
15m,1764694800.0,2.1471,2.153,2.1447,2.1499,546607.35,0.0,0.0,0
15m,1764695700.0,2.1499,2.1712,2.1492,2.1685,1357877.05,0.0,0.0,0
15m,1764696600.0,2.1685,2.1776,2.1675,2.1707,1064431.88,0.0,0.0,0
15m,1764697500.0,2.1707,2.1768,2.1679,2.1698,657262.94,0.0,0.0,0
15m,1764698400.0,2.1698,2.1769,2.1654,2.1736,686169.3,0.0,0.0,0
15m,1764699300.0,2.1736,2.1806,2.1721,2.1739,661348.01,0.0,0.0,0
15m,1764700200.0,2.1739,2.1801,2.168,2.1685,526386.1,0.0,0.0,0
15m,1764701100.0,2.1685,2.1767,2.1677,2.1747,455754.2,0.0,0.0,0
15m,1764702000.0,2.1747,2.181,2.1739,2.1761,542272.88,0.0,0.0,0
15m,1764702900.0,2.1761,2.1766,2.1693,2.1717,551691.4,0.0,0.0,0
15m,1764703800.0,2.1717,2.1833,2.1704,2.18,697002.17,0.0,0.0,0
15m,1764704700.0,2.18,2.1802,2.1716,2.1742,350475.71,0.0,0.0,0
15m,1764705600.0,2.1742,2.178,2.1693,2.1734,529384.32,0.0,0.0,0
15m,1764706500.0,2.1734,2.1734,2.1538,2.1553,1014540.23,0.0,0.0,0
15m,1764707400.0,2.1553,2.1612,2.1476,2.1566,1078917.16,0.0,0.0,0
15m,1764708300.0,2.1566,2.1672,2.1535,2.165,1223331.14,0.0,0.0,0
15m,1764709200.0,2.165,2.1764,2.1628,2.174,1169628.99,0.0,0.0,0
15m,1764710100.0,2.174,2.1751,2.1652,2.1711,637079.94,0.0,0.0,0
15m,1764711000.0,2.1711,2.1733,2.1645,2.1703,545706.41,0.0,0.0,0
15m,1764711900.0,2.1703,2.1729,2.1651,2.1672,666399.17,0.0,0.0,0
15m,1764712800.0,2.1672,2.1736,2.1633,2.1695,1174180.73,0.0,0.0,0
15m,1764713700.0,2.1695,2.1706,2.1646,2.1652,300717.67,0.0,0.0,0
15m,1764714600.0,2.1652,2.1718,2.1648,2.167,478511.29,0.0,0.0,0
15m,1764715500.0,2.167,2.1703,2.1643,2.1695,165121.8,0.0,0.0,0
15m,1764716400.0,2.1695,2.1725,2.1653,2.1653,299256.3,0.0,0.0,0
15m,1764717300.0,2.1653,2.168,2.159,2.1595,310348.2,0.0,0.0,0
15m,1764718200.0,2.1595,2.1613,2.1536,2.1575,736676.98,0.0,0.0,0
15m,1764719100.0,2.1575,2.1603,2.1521,2.1532,457217.93,0.0,0.0,0
15m,1764720000.0,2.1532,2.1566,2.1474,2.1495,787402.76,0.0,0.0,0
15m,1764720900.0,2.1495,2.1521,2.1421,2.1447,630416.24,0.0,0.0,0
15m,1764721800.0,2.1447,2.1536,2.1415,2.1535,710177.34,0.0,0.0,0
15m,1764722700.0,2.1535,2.1581,2.1496,2.1527,476102.58,0.0,0.0,0
15m,1764723600.0,2.1527,2.1581,2.1481,2.155,646805.88,0.0,0.0,0
15m,1764724500.0,2.155,2.1589,2.1522,2.1549,888133.43,0.0,0.0,0
15m,1764725400.0,2.1549,2.1563,2.1515,2.1523,515404.92,0.0,0.0,0
15m,1764726300.0,2.1523,2.1672,2.1522,2.1614,655463.09,0.0,0.0,0
15m,1764727200.0,2.1614,2.1782,2.1602,2.1753,1111250.44,0.0,0.0,0
15m,1764728100.0,2.1753,2.1904,2.1705,2.1861,1415829.66,0.0,0.0,0
15m,1764729000.0,2.1861,2.1874,2.1814,2.1841,642631.97,0.0,0.0,0
15m,1764729900.0,2.1841,2.1852,2.1784,2.1833,589502.4,0.0,0.0,0
15m,1764730800.0,2.1833,2.1911,2.1802,2.1829,670749.39,0.0,0.0,0
15m,1764731700.0,2.1829,2.1853,2.179,2.181,465568.39,0.0,0.0,0
15m,1764732600.0,2.181,2.1816,2.174,2.176,252277.57,0.0,0.0,0
15m,1764733500.0,2.176,2.1788,2.1742,2.1763,243790.05,0.0,0.0,0
15m,1764734400.0,2.1763,2.18,2.1729,2.1776,344669.04,0.0,0.0,0
15m,1764735300.0,2.1776,2.1907,2.1754,2.181,540190.38,0.0,0.0,0
15m,1764736200.0,2.181,2.1884,2.18,2.1878,256595.22,0.0,0.0,0
15m,1764737100.0,2.1878,2.1997,2.1871,2.199,921729.05,0.0,0.0,0
15m,1764738000.0,2.199,2.2192,2.1984,2.2093,1233004.16,0.0,0.0,0
15m,1764738900.0,2.2093,2.2104,2.2024,2.2075,701948.9,0.0,0.0,0
15m,1764739800.0,2.2075,2.21,2.205,2.2065,515000.62,0.0,0.0,0
15m,1764740700.0,2.2065,2.2099,2.2025,2.2031,436119.36,0.0,0.0,0
15m,1764741600.0,2.2031,2.2146,2.2031,2.2082,2141484.63,0.0,0.0,0
15m,1764742500.0,2.2082,2.2145,2.2053,2.2068,324720.51,0.0,0.0,0
15m,1764743400.0,2.2068,2.2133,2.1997,2.2007,497109.81,0.0,0.0,0
15m,1764744300.0,2.2007,2.2022,2.1909,2.1945,519519.57,0.0,0.0,0
15m,1764745200.0,2.1945,2.2055,2.1943,2.2044,425224.24,0.0,0.0,0
15m,1764746100.0,2.2044,2.2044,2.193,2.1931,500080.91,0.0,0.0,0
15m,1764747000.0,2.1931,2.2001,2.1931,2.197,300391.18,0.0,0.0,0
15m,1764747900.0,2.197,2.1972,2.1896,2.192,339641.53,0.0,0.0,0
15m,1764748800.0,2.192,2.1957,2.191,2.193,331828.12,0.0,0.0,0
15m,1764749700.0,2.193,2.1936,2.1864,2.1889,340702.5,0.0,0.0,0
15m,1764750600.0,2.1889,2.1925,2.1869,2.1925,351727.25,0.0,0.0,0
15m,1764751500.0,2.1925,2.1951,2.1863,2.1877,332363.5,0.0,0.0,0
15m,1764752400.0,2.1877,2.1892,2.181,2.1892,637670.33,0.0,0.0,0
15m,1764753300.0,2.1892,2.1894,2.183,2.1841,328806.45,0.0,0.0,0
15m,1764754200.0,2.1841,2.1844,2.1787,2.1805,421312.05,0.0,0.0,0
15m,1764755100.0,2.1805,2.1857,2.1796,2.1837,361923.09,0.0,0.0,0
15m,1764756000.0,2.1837,2.184,2.1794,2.1813,210024.45,0.0,0.0,0
15m,1764756900.0,2.1813,2.1905,2.1813,2.1878,380187.98,0.0,0.0,0
15m,1764757800.0,2.1878,2.1878,2.1754,2.1757,484648.14,0.0,0.0,0
15m,1764758700.0,2.1757,2.1784,2.1725,2.1737,463727.47,0.0,0.0,0
15m,1764759600.0,2.1737,2.1759,2.1672,2.1689,506980.35,0.0,0.0,0
15m,1764760500.0,2.1689,2.1758,2.1671,2.1739,633641.75,0.0,0.0,0
15m,1764761400.0,2.1739,2.1754,2.17,2.1709,214313.41,0.0,0.0,0
15m,1764762300.0,2.1709,2.1781,2.1705,2.1762,236308.92,0.0,0.0,0
15m,1764763200.0,2.1762,2.1791,2.1724,2.1749,353461.9,0.0,0.0,0
15m,1764764100.0,2.1749,2.1785,2.1729,2.175,309249.52,0.0,0.0,0
15m,1764765000.0,2.175,2.1775,2.1714,2.1725,361063.66,0.0,0.0,0
15m,1764765900.0,2.1725,2.1806,2.1712,2.1781,398846.15,0.0,0.0,0
15m,1764766800.0,2.1781,2.1805,2.1756,2.1782,278475.82,0.0,0.0,0
15m,1764767700.0,2.1782,2.1836,2.1769,2.1769,306405.61,0.0,0.0,0
15m,1764768600.0,2.1769,2.1804,2.1727,2.1774,332809.52,0.0,0.0,0
15m,1764769500.0,2.1774,2.18,2.1757,2.1769,335567.35,0.0,0.0,0
15m,1764770400.0,2.1769,2.1777,2.1428,2.1561,2198012.76,0.0,0.0,0
15m,1764771300.0,2.1561,2.1665,2.1549,2.1654,579923.48,0.0,0.0,0
15m,1764772200.0,2.1654,2.1992,2.1525,2.1933,1618500.03,0.0,0.0,0
15m,1764773100.0,2.1933,2.1941,2.1676,2.1679,918198.65,0.0,0.0,0
15m,1764774000.0,2.1679,2.1838,2.161,2.1652,912230.77,0.0,0.0,0
15m,1764774900.0,2.1652,2.1704,2.157,2.1673,599847.33,0.0,0.0,0
15m,1764775800.0,2.1673,2.1778,2.1658,2.17,394761.8,0.0,0.0,0
15m,1764776700.0,2.17,2.1783,2.1668,2.1691,406781.21,0.0,0.0,0
15m,1764777600.0,2.1691,2.1746,2.1591,2.1628,595321.21,0.0,0.0,0
15m,1764778500.0,2.1628,2.1702,2.1625,2.1661,220762.63,0.0,0.0,0
15m,1764779400.0,2.1661,2.1809,2.1653,2.1784,461904.98,0.0,0.0,0
15m,1764780300.0,2.1784,2.1792,2.1673,2.1687,387225.26,0.0,0.0,0
15m,1764781200.0,2.1687,2.1778,2.1681,2.1771,460624.31,0.0,0.0,0
15m,1764782100.0,2.1771,2.1786,2.1667,2.1738,468106.66,0.0,0.0,0
15m,1764783000.0,2.1738,2.1832,2.1731,2.1784,331670.29,0.0,0.0,0
15m,1764783900.0,2.1784,2.1874,2.1768,2.1848,427222.68,0.0,0.0,0
15m,1764784800.0,2.1848,2.193,2.1845,2.1902,419617.58,0.0,0.0,0
15m,1764785700.0,2.1902,2.1911,2.1783,2.1818,472606.62,0.0,0.0,0
15m,1764786600.0,2.1818,2.1868,2.1787,2.1851,352643.84,0.0,0.0,0
15m,1764787500.0,2.1851,2.1851,2.1686,2.1732,342926.41,0.0,0.0,0
15m,1764788400.0,2.1732,2.1803,2.1722,2.1767,230642.48,0.0,0.0,0
15m,1764789300.0,2.1767,2.1856,2.1743,2.1827,587411.77,0.0,0.0,0
15m,1764790200.0,2.1827,2.1861,2.179,2.182,284073.61,0.0,0.0,0
15m,1764791100.0,2.182,2.1868,2.1815,2.1863,154827.94,0.0,0.0,0
15m,1764792000.0,2.1863,2.1905,2.1824,2.1869,269566.06,0.0,0.0,0
15m,1764792900.0,2.1869,2.1892,2.1838,2.1877,128265.66,0.0,0.0,0
15m,1764793800.0,2.1877,2.1917,2.1851,2.19,251563.18,0.0,0.0,0
15m,1764794700.0,2.19,2.203,2.189,2.1985,875435.46,0.0,0.0,0
15m,1764795600.0,2.1985,2.2053,2.1954,2.1999,1141049.8,0.0,0.0,0
15m,1764796500.0,2.1999,2.2034,2.1981,2.203,298807.96,0.0,0.0,0
15m,1764797400.0,2.203,2.2047,2.1979,2.202,323128.76,0.0,0.0,0
15m,1764798300.0,2.202,2.2105,2.1972,2.2082,445221.91,0.0,0.0,0
15m,1764799200.0,2.2082,2.2127,2.1985,2.2063,682349.88,0.0,0.0,0
15m,1764800100.0,2.2063,2.2063,2.197,2.2001,283040.65,0.0,0.0,0
15m,1764801000.0,2.2001,2.2085,2.1949,2.2023,417511.18,0.0,0.0,0
15m,1764801900.0,2.2023,2.2138,2.2011,2.2032,309651.86,0.0,0.0,0
15m,1764802800.0,2.2032,2.2135,2.2027,2.2056,429051.9,0.0,0.0,0
15m,1764803700.0,2.2056,2.207,2.2001,2.201,442260.41,0.0,0.0,0
15m,1764804600.0,2.201,2.2024,2.1971,2.2012,177368.1,0.0,0.0,0
15m,1764805500.0,2.2012,2.2057,2.1961,2.1973,345958.43,0.0,0.0,0
15m,1764806400.0,2.1973,2.2061,2.1945,2.1953,557642.65,0.0,0.0,0
15m,1764807300.0,2.1953,2.1988,2.1895,2.1924,444658.88,0.0,0.0,0
15m,1764808200.0,2.1924,2.1988,2.1871,2.198,302022.41,0.0,0.0,0
15m,1764809100.0,2.198,2.2026,2.1944,2.195,296426.8,0.0,0.0,0
15m,1764810000.0,2.195,2.2129,2.1933,2.2116,460091.36,0.0,0.0,0
15m,1764810900.0,2.2116,2.2146,2.1969,2.2008,412475.61,0.0,0.0,0
15m,1764811800.0,2.2008,2.2049,2.1991,2.2048,124446.57,0.0,0.0,0
15m,1764812700.0,2.2048,2.2059,2.1932,2.1933,228994.64,0.0,0.0,0
15m,1764813600.0,2.1933,2.2037,2.1915,2.2028,277572.23,0.0,0.0,0
15m,1764814500.0,2.2028,2.2087,2.2019,2.2056,214861.09,0.0,0.0,0
15m,1764815400.0,2.2056,2.2084,2.2021,2.2051,167361.3,0.0,0.0,0
15m,1764816300.0,2.2051,2.2069,2.2007,2.2016,282260.85,0.0,0.0,0
15m,1764817200.0,2.2016,2.2067,2.1994,2.2008,449992.56,0.0,0.0,0
15m,1764818100.0,2.2008,2.2016,2.1952,2.1955,145748.45,0.0,0.0,0
15m,1764819000.0,2.1955,2.1985,2.1933,2.1951,237978.71,0.0,0.0,0
15m,1764819900.0,2.1951,2.1975,2.1935,2.1951,145078.09,0.0,0.0,0
15m,1764820800.0,2.1951,2.2001,2.1918,2.1963,191083.57,0.0,0.0,0
15m,1764821700.0,2.1963,2.1971,2.1931,2.1957,112061.67,0.0,0.0,0
15m,1764822600.0,2.1957,2.1972,2.188,2.1895,216681.23,0.0,0.0,0
15m,1764823500.0,2.1895,2.1906,2.1845,2.1874,403051.65,0.0,0.0,0
15m,1764824400.0,2.1874,2.1884,2.1816,2.1838,323857.25,0.0,0.0,0
15m,1764825300.0,2.1838,2.1856,2.179,2.1842,233434.65,0.0,0.0,0
15m,1764826200.0,2.1842,2.1861,2.1766,2.1768,266172.78,0.0,0.0,0
15m,1764827100.0,2.1768,2.1782,2.1717,2.1768,398317.08,0.0,0.0,0
15m,1764828000.0,2.1768,2.179,2.1749,2.179,256839.09,0.0,0.0,0
15m,1764828900.0,2.179,2.1814,2.1754,2.1799,407929.55,0.0,0.0,0
15m,1764829800.0,2.1799,2.185,2.179,2.183,539623.14,0.0,0.0,0
15m,1764830700.0,2.183,2.1834,2.1784,2.1807,179175.99,0.0,0.0,0
15m,1764831600.0,2.1807,2.1807,2.1671,2.1698,545727.61,0.0,0.0,0
15m,1764832500.0,2.1698,2.1725,2.166,2.1703,357102.88,0.0,0.0,0
15m,1764833400.0,2.1703,2.1745,2.1696,2.1738,164670.86,0.0,0.0,0
15m,1764834300.0,2.1738,2.1747,2.1704,2.1724,140113.89,0.0,0.0,0
15m,1764835200.0,2.1724,2.1789,2.1656,2.1681,188297.99,0.0,0.0,0
15m,1764836100.0,2.1681,2.1712,2.1651,2.1655,141306.53,0.0,0.0,0
15m,1764837000.0,2.1655,2.1727,2.1635,2.172,117667.42,0.0,0.0,0
15m,1764837900.0,2.172,2.172,2.1607,2.1632,358684.54,0.0,0.0,0
15m,1764838800.0,2.1632,2.1746,2.1628,2.1699,236506.42,0.0,0.0,0
15m,1764839700.0,2.1699,2.1702,2.1646,2.167,134955.13,0.0,0.0,0
15m,1764840600.0,2.167,2.1739,2.1658,2.1728,236226.26,0.0,0.0,0
15m,1764841500.0,2.1728,2.1752,2.1707,2.1707,185691.04,0.0,0.0,0
15m,1764842400.0,2.1707,2.1729,2.1677,2.1696,174581.96,0.0,0.0,0
15m,1764843300.0,2.1696,2.1696,2.1635,2.1643,272931.77,0.0,0.0,0
15m,1764844200.0,2.1643,2.1662,2.1585,2.1609,227777.23,0.0,0.0,0
15m,1764845100.0,2.1609,2.1623,2.1566,2.1586,276434.22,0.0,0.0,0
15m,1764846000.0,2.1586,2.1588,2.1539,2.1546,370302.95,0.0,0.0,0
15m,1764846900.0,2.1546,2.1548,2.1491,2.1501,469163.45,0.0,0.0,0
15m,1764847800.0,2.1501,2.1524,2.1428,2.1461,456264.99,0.0,0.0,0
15m,1764848700.0,2.1461,2.1525,2.1434,2.1513,618477.78,0.0,0.0,0
15m,1764849600.0,2.1513,2.1548,2.1475,2.1487,557549.64,0.0,0.0,0
15m,1764850500.0,2.1487,2.1506,2.1386,2.1393,821892.99,0.0,0.0,0
15m,1764851400.0,2.1393,2.1504,2.1392,2.1478,354558.3,0.0,0.0,0
15m,1764852300.0,2.1478,2.1496,2.1438,2.1461,258055.3,0.0,0.0,0
15m,1764853200.0,2.1461,2.1489,2.139,2.1408,554649.13,0.0,0.0,0
15m,1764854100.0,2.1408,2.151,2.1408,2.1467,285800.46,0.0,0.0,0
15m,1764855000.0,2.1467,2.1479,2.1372,2.1392,504106.33,0.0,0.0,0
15m,1764855900.0,2.1392,2.1403,2.1257,2.1259,1307793.28,0.0,0.0,0
15m,1764856800.0,2.1259,2.1357,2.1257,2.1342,347254.33,0.0,0.0,0
15m,1764857700.0,2.1342,2.1386,2.1315,2.138,296880.84,0.0,0.0,0
15m,1764858600.0,2.138,2.1388,2.1268,2.1337,667092.98,0.0,0.0,0
15m,1764859500.0,2.1337,2.1364,2.1143,2.1199,949244.62,0.0,0.0,0
15m,1764860400.0,2.1199,2.136,2.1197,2.1338,503314.74,0.0,0.0,0
15m,1764861300.0,2.1338,2.1378,2.1254,2.1309,312576.83,0.0,0.0,0
15m,1764862200.0,2.1309,2.1575,2.1301,2.1487,798334.84,0.0,0.0,0
15m,1764863100.0,2.1487,2.1534,2.1398,2.153,739067.64,0.0,0.0,0
15m,1764864000.0,2.153,2.157,2.1382,2.1444,511977.22,0.0,0.0,0
15m,1764864900.0,2.1444,2.1579,2.1434,2.1471,632587.44,0.0,0.0,0
15m,1764865800.0,2.1471,2.1481,2.1381,2.1397,482643.02,0.0,0.0,0
15m,1764866700.0,2.1397,2.145,2.1322,2.1377,507120.0,0.0,0.0,0
15m,1764867600.0,2.1377,2.1393,2.1281,2.1324,300417.55,0.0,0.0,0
15m,1764868500.0,2.1324,2.133,2.1245,2.1254,273873.93,0.0,0.0,0
15m,1764869400.0,2.1254,2.129,2.1169,2.1217,442692.98,0.0,0.0,0
15m,1764870300.0,2.1217,2.1302,2.1189,2.1283,278646.42,0.0,0.0,0
15m,1764871200.0,2.1283,2.1288,2.1194,2.1257,370284.56,0.0,0.0,0
15m,1764872100.0,2.1257,2.1258,2.1153,2.1214,397934.22,0.0,0.0,0
15m,1764873000.0,2.1214,2.1242,2.0986,2.1005,1282653.69,0.0,0.0,0
15m,1764873900.0,2.1005,2.1082,2.1002,2.1034,451667.9,0.0,0.0,0
15m,1764874800.0,2.1034,2.1052,2.0825,2.083,1018381.84,0.0,0.0,0
15m,1764875700.0,2.083,2.0885,2.0694,2.084,1618721.77,0.0,0.0,0
15m,1764876600.0,2.084,2.0998,2.0821,2.0988,1102302.07,0.0,0.0,0
15m,1764877500.0,2.0988,2.1034,2.093,2.0972,560125.29,0.0,0.0,0
15m,1764878400.0,2.0972,2.1039,2.0863,2.0948,688643.51,0.0,0.0,0
15m,1764879300.0,2.0948,2.0973,2.0893,2.0911,451629.43,0.0,0.0,0
15m,1764880200.0,2.0911,2.101,2.0894,2.0982,408065.9,0.0,0.0,0
15m,1764881100.0,2.0982,2.1089,2.0982,2.1051,1360700.92,0.0,0.0,0
15m,1764882000.0,2.1051,2.1106,2.0992,2.103,927266.27,0.0,0.0,0
15m,1764882900.0,2.103,2.1064,2.0966,2.0978,841350.26,0.0,0.0,0
15m,1764883800.0,2.0978,2.1035,2.0963,2.0991,561517.55,0.0,0.0,0
15m,1764884700.0,2.0991,2.0994,2.0888,2.0907,823558.35,0.0,0.0,0
15m,1764885600.0,2.0907,2.0983,2.0907,2.0968,653452.04,0.0,0.0,0
15m,1764886500.0,2.0968,2.0993,2.0934,2.0973,512266.79,0.0,0.0,0
15m,1764887400.0,2.0973,2.1049,2.0971,2.0994,782296.03,0.0,0.0,0
15m,1764888300.0,2.0994,2.1016,2.0978,2.0978,420300.27,0.0,0.0,0
15m,1764889200.0,2.0978,2.1,2.0931,2.0944,582279.55,0.0,0.0,0
15m,1764890100.0,2.0944,2.0978,2.0931,2.0965,485518.47,0.0,0.0,0
15m,1764891000.0,2.0965,2.0996,2.0921,2.0955,241726.31,0.0,0.0,0
15m,1764891900.0,2.0955,2.0983,2.0933,2.0959,110864.44,0.0,0.0,0
15m,1764892800.0,2.0959,2.1012,2.0945,2.0969,143633.11,0.0,0.0,0
15m,1764893700.0,2.0969,2.1092,2.0968,2.1047,183699.1,0.0,0.0,0
15m,1764894600.0,2.1047,2.1127,2.103,2.1126,167238.41,0.0,0.0,0
15m,1764895500.0,2.1126,2.1128,2.1029,2.1045,284824.96,0.0,0.0,0
15m,1764896400.0,2.1045,2.1115,2.1034,2.1044,174002.56,0.0,0.0,0
15m,1764897300.0,2.1044,2.1124,2.1044,2.1095,270367.32,0.0,0.0,0
15m,1764898200.0,2.1095,2.1112,2.1059,2.1079,308109.78,0.0,0.0,0
15m,1764899100.0,2.1079,2.1108,2.1048,2.1056,262485.4,0.0,0.0,0
15m,1764900000.0,2.1056,2.1067,2.102,2.1067,145712.44,0.0,0.0,0
15m,1764900900.0,2.1067,2.1096,2.1055,2.109,210223.52,0.0,0.0,0
15m,1764901800.0,2.109,2.112,2.1074,2.1101,149392.78,0.0,0.0,0
15m,1764902700.0,2.1101,2.1101,2.1032,2.1038,223432.0,0.0,0.0,0
15m,1764903600.0,2.1038,2.107,2.1005,2.102,352558.0,0.0,0.0,0
15m,1764904500.0,2.102,2.1031,2.0954,2.0963,235072.88,0.0,0.0,0
15m,1764905400.0,2.0963,2.0965,2.0899,2.0905,170719.31,0.0,0.0,0
15m,1764906300.0,2.0905,2.0948,2.0876,2.091,289816.33,0.0,0.0,0
15m,1764907200.0,2.091,2.0986,2.091,2.0971,251618.69,0.0,0.0,0
15m,1764908100.0,2.0971,2.0971,2.0888,2.0893,158964.65,0.0,0.0,0
15m,1764909000.0,2.0893,2.0893,2.0802,2.0818,508122.87,0.0,0.0,0
15m,1764909900.0,2.0818,2.0877,2.0788,2.0857,577115.17,0.0,0.0,0
15m,1764910800.0,2.0857,2.0882,2.0827,2.0859,361110.97,0.0,0.0,0
15m,1764911700.0,2.0859,2.0878,2.0771,2.0793,329215.32,0.0,0.0,0
15m,1764912600.0,2.0793,2.0833,2.0765,2.0826,213548.13,0.0,0.0,0
15m,1764913500.0,2.0826,2.0826,2.0799,2.0819,118813.77,0.0,0.0,0
15m,1764914400.0,2.0819,2.0898,2.0819,2.0879,289455.34,0.0,0.0,0
15m,1764915300.0,2.0879,2.0891,2.0842,2.085,126906.56,0.0,0.0,0
15m,1764916200.0,2.085,2.0888,2.082,2.0866,157497.53,0.0,0.0,0
15m,1764917100.0,2.0866,2.09,2.0862,2.0896,239821.97,0.0,0.0,0
15m,1764918000.0,2.0896,2.0989,2.0873,2.0956,401242.01,0.0,0.0,0
15m,1764918900.0,2.0956,2.0969,2.0926,2.0952,187133.99,0.0,0.0,0
15m,1764919800.0,2.0952,2.0957,2.0903,2.0915,133130.5,0.0,0.0,0
15m,1764920700.0,2.0915,2.0948,2.0879,2.0932,205245.91,0.0,0.0,0
15m,1764921600.0,2.0932,2.0935,2.086,2.0884,399719.85,0.0,0.0,0
15m,1764922500.0,2.0884,2.0889,2.0833,2.0848,210288.39,0.0,0.0,0
15m,1764923400.0,2.0848,2.0854,2.0753,2.0801,366021.66,0.0,0.0,0
15m,1764924300.0,2.0801,2.0816,2.0765,2.079,121928.29,0.0,0.0,0
15m,1764925200.0,2.079,2.0791,2.0725,2.0751,422329.67,0.0,0.0,0
15m,1764926100.0,2.0751,2.0751,2.0592,2.0612,1392920.66,0.0,0.0,0
15m,1764927000.0,2.0612,2.0647,2.0541,2.0574,488657.65,0.0,0.0,0
15m,1764927900.0,2.0574,2.0597,2.0552,2.0579,339364.83,0.0,0.0,0
15m,1764928800.0,2.0579,2.065,2.0546,2.0631,612351.44,0.0,0.0,0
15m,1764929700.0,2.0631,2.0696,2.0603,2.0658,361604.14,0.0,0.0,0
15m,1764930600.0,2.0658,2.0677,2.0637,2.0651,442924.36,0.0,0.0,0
15m,1764931500.0,2.0651,2.0652,2.0581,2.0618,467832.98,0.0,0.0,0
15m,1764932400.0,2.0618,2.0646,2.0602,2.0636,374110.3,0.0,0.0,0
15m,1764933300.0,2.0636,2.0644,2.0586,2.0603,417324.02,0.0,0.0,0
15m,1764934200.0,2.0603,2.0614,2.0538,2.0603,595790.35,0.0,0.0,0
15m,1764935100.0,2.0603,2.0711,2.0603,2.0688,252781.63,0.0,0.0,0
15m,1764936000.0,2.0688,2.072,2.0663,2.0668,529228.56,0.0,0.0,0
15m,1764936900.0,2.0668,2.0725,2.0659,2.0699,434570.46,0.0,0.0,0
15m,1764937800.0,2.0699,2.0741,2.0669,2.0682,643638.4,0.0,0.0,0
15m,1764938700.0,2.0682,2.0688,2.0651,2.068,386396.12,0.0,0.0,0
15m,1764939600.0,2.068,2.0768,2.063,2.068,728007.39,0.0,0.0,0
15m,1764940500.0,2.068,2.0727,2.0655,2.0704,879227.16,0.0,0.0,0
15m,1764941400.0,2.0704,2.0727,2.0613,2.0633,540093.18,0.0,0.0,0
15m,1764942300.0,2.0633,2.0707,2.0572,2.0654,659116.1,0.0,0.0,0
15m,1764943200.0,2.0654,2.069,2.0573,2.0588,382020.61,0.0,0.0,0
15m,1764944100.0,2.0588,2.0644,2.0568,2.0638,397095.21,0.0,0.0,0
15m,1764945000.0,2.0638,2.0734,2.0585,2.0624,641195.37,0.0,0.0,0
15m,1764945900.0,2.0624,2.0691,2.0588,2.0656,577616.99,0.0,0.0,0
15m,1764946800.0,2.0656,2.1,2.0656,2.0861,2189472.63,0.0,0.0,0
15m,1764947700.0,2.0861,2.0909,2.0808,2.0881,767504.56,0.0,0.0,0
15m,1764948600.0,2.0881,2.0955,2.0828,2.0856,804653.6,0.0,0.0,0
15m,1764949500.0,2.0856,2.0856,2.072,2.0757,1525790.72,0.0,0.0,0
15m,1764950400.0,2.0757,2.0777,2.05,2.0588,1093303.94,0.0,0.0,0
15m,1764951300.0,2.0588,2.0634,2.0495,2.0511,909010.47,0.0,0.0,0
15m,1764952200.0,2.0511,2.0536,2.0181,2.0266,2001773.78,0.0,0.0,0
15m,1764953100.0,2.0266,2.0407,2.0226,2.0335,1431337.58,0.0,0.0,0
15m,1764954000.0,2.0335,2.0452,2.0291,2.0293,679806.83,0.0,0.0,0
15m,1764954900.0,2.0293,2.0393,2.0235,2.0253,488537.17,0.0,0.0,0
15m,1764955800.0,2.0253,2.0368,2.0171,2.0339,970676.83,0.0,0.0,0
15m,1764956700.0,2.0339,2.0434,2.0319,2.0358,579730.44,0.0,0.0,0
15m,1764957600.0,2.0358,2.0479,2.0305,2.0406,452363.33,0.0,0.0,0
15m,1764958500.0,2.0406,2.0424,2.0259,2.0296,645560.47,0.0,0.0,0
15m,1764959400.0,2.0296,2.0333,2.0171,2.0202,780902.32,0.0,0.0,0
15m,1764960300.0,2.0202,2.0244,2.0157,2.0187,340951.31,0.0,0.0,0
15m,1764961200.0,2.0187,2.0263,2.0118,2.0254,902559.53,0.0,0.0,0
15m,1764962100.0,2.0254,2.0344,2.022,2.0313,627314.9,0.0,0.0,0
15m,1764963000.0,2.0313,2.0407,2.0302,2.0375,663753.99,0.0,0.0,0
15m,1764963900.0,2.0375,2.0426,2.0351,2.0374,537054.97,0.0,0.0,0
15m,1764964800.0,2.0374,2.0374,2.0256,2.0315,406043.42,0.0,0.0,0
15m,1764965700.0,2.0315,2.0366,2.029,2.032,417650.32,0.0,0.0,0
15m,1764966600.0,2.032,2.032,2.0244,2.0248,342268.38,0.0,0.0,0
15m,1764967500.0,2.0248,2.0289,2.0227,2.0232,304314.41,0.0,0.0,0
15m,1764968400.0,2.0232,2.0325,2.0226,2.0315,575855.73,0.0,0.0,0
15m,1764969300.0,2.0315,2.0329,2.0268,2.0273,328770.8,0.0,0.0,0
15m,1764970200.0,2.0273,2.0296,2.0234,2.0244,404153.49,0.0,0.0,0
15m,1764971100.0,2.0244,2.028,2.02,2.028,455799.22,0.0,0.0,0
15m,1764972000.0,2.028,2.0282,2.02,2.0209,431390.99,0.0,0.0,0
15m,1764972900.0,2.0209,2.0314,2.0209,2.0314,181064.24,0.0,0.0,0
15m,1764973800.0,2.0314,2.0364,2.0285,2.0357,242196.69,0.0,0.0,0
15m,1764974700.0,2.0357,2.0364,2.0312,2.0319,72907.73,0.0,0.0,0
15m,1764975600.0,2.0319,2.0329,2.0231,2.0295,111785.78,0.0,0.0,0
15m,1764976500.0,2.0295,2.0342,2.0295,2.0337,85924.78,0.0,0.0,0
15m,1764977400.0,2.0337,2.0373,2.0324,2.0347,87805.89,0.0,0.0,0
15m,1764978300.0,2.0347,2.038,2.0332,2.0344,135191.0,0.0,0.0,0
15m,1764979200.0,2.0344,2.0344,2.0196,2.0227,494512.5,0.0,0.0,0
15m,1764980100.0,2.0227,2.0272,2.0179,2.027,331041.44,0.0,0.0,0
15m,1764981000.0,2.027,2.0335,2.0246,2.0328,157551.08,0.0,0.0,0
15m,1764981900.0,2.0328,2.0348,2.0292,2.0335,153817.8,0.0,0.0,0
15m,1764982800.0,2.0335,2.036,2.0317,2.036,70028.22,0.0,0.0,0
15m,1764983700.0,2.036,2.0389,2.0327,2.0355,166912.93,0.0,0.0,0
15m,1764984600.0,2.0355,2.0355,2.0271,2.0278,116755.45,0.0,0.0,0
15m,1764985500.0,2.0278,2.0326,2.0267,2.0307,86315.06,0.0,0.0,0
15m,1764986400.0,2.0307,2.0307,2.0254,2.028,95086.9,0.0,0.0,0
15m,1764987300.0,2.028,2.0301,2.0265,2.0288,83959.96,0.0,0.0,0
15m,1764988200.0,2.0288,2.033,2.0277,2.031,59552.17,0.0,0.0,0
15m,1764989100.0,2.031,2.0333,2.0301,2.0327,70557.09,0.0,0.0,0
15m,1764990000.0,2.0327,2.0424,2.0326,2.0405,218072.97,0.0,0.0,0
15m,1764990900.0,2.0405,2.0415,2.0354,2.0355,120778.0,0.0,0.0,0
15m,1764991800.0,2.0355,2.0404,2.0355,2.0376,62159.21,0.0,0.0,0
15m,1764992700.0,2.0376,2.0402,2.037,2.0388,73148.4,0.0,0.0,0
15m,1764993600.0,2.0388,2.0414,2.0357,2.036,98402.07,0.0,0.0,0
15m,1764994500.0,2.036,2.0377,2.0347,2.037,90808.11,0.0,0.0,0
15m,1764995400.0,2.037,2.0404,2.0362,2.038,257653.35,0.0,0.0,0
15m,1764996300.0,2.038,2.0411,2.0367,2.041,69336.87,0.0,0.0,0
15m,1764997200.0,2.041,2.0431,2.0398,2.0412,168194.75,0.0,0.0,0
15m,1764998100.0,2.0412,2.0412,2.0363,2.0396,145547.09,0.0,0.0,0
15m,1764999000.0,2.0396,2.0418,2.0369,2.0409,216278.97,0.0,0.0,0
15m,1764999900.0,2.0409,2.0446,2.0405,2.044,136734.14,0.0,0.0,0
15m,1765000800.0,2.044,2.0455,2.0414,2.0441,104943.37,0.0,0.0,0
15m,1765001700.0,2.0441,2.0507,2.0438,2.0507,170528.91,0.0,0.0,0
15m,1765002600.0,2.0507,2.0507,2.0368,2.0373,595513.96,0.0,0.0,0
15m,1765003500.0,2.0373,2.0388,2.0349,2.0356,217747.63,0.0,0.0,0
15m,1765004400.0,2.0356,2.0392,2.0349,2.0366,203745.84,0.0,0.0,0
15m,1765005300.0,2.0366,2.0376,2.0304,2.0305,383885.09,0.0,0.0,0
15m,1765006200.0,2.0305,2.0336,2.0279,2.0319,471772.79,0.0,0.0,0
15m,1765007100.0,2.0319,2.0344,2.0293,2.0302,179741.13,0.0,0.0,0
15m,1765008000.0,2.0302,2.0305,2.0268,2.0279,242015.28,0.0,0.0,0
15m,1765008900.0,2.0279,2.031,2.0198,2.0217,336115.42,0.0,0.0,0
15m,1765009800.0,2.0217,2.0228,2.0175,2.0212,391446.29,0.0,0.0,0
15m,1765010700.0,2.0212,2.0227,2.0152,2.0176,227968.02,0.0,0.0,0
15m,1765011600.0,2.0176,2.0273,2.0175,2.0245,409139.36,0.0,0.0,0
15m,1765012500.0,2.0245,2.026,2.0234,2.0255,401962.66,0.0,0.0,0
15m,1765013400.0,2.0255,2.0287,2.022,2.0268,323842.21,0.0,0.0,0
15m,1765014300.0,2.0268,2.0283,2.0256,2.0258,559011.58,0.0,0.0,0
15m,1765015200.0,2.0258,2.0269,2.0221,2.0243,203495.6,0.0,0.0,0
15m,1765016100.0,2.0243,2.0299,2.0238,2.0241,178155.28,0.0,0.0,0
15m,1765017000.0,2.0241,2.0265,2.0226,2.0258,142293.21,0.0,0.0,0
15m,1765017900.0,2.0258,2.027,2.0234,2.0245,246381.01,0.0,0.0,0
15m,1765018800.0,2.0245,2.0293,2.0232,2.0275,257275.6,0.0,0.0,0
15m,1765019700.0,2.0275,2.0293,2.0272,2.0275,280308.48,0.0,0.0,0
15m,1765020600.0,2.0275,2.0329,2.0265,2.0317,552939.94,0.0,0.0,0
15m,1765021500.0,2.0317,2.0332,2.0309,2.0321,387093.91,0.0,0.0,0
15m,1765022400.0,2.0321,2.0342,2.0262,2.0275,321043.98,0.0,0.0,0
15m,1765023300.0,2.0275,2.0315,2.0275,2.0296,121333.71,0.0,0.0,0
15m,1765024200.0,2.0296,2.032,2.0296,2.0313,134686.98,0.0,0.0,0
15m,1765025100.0,2.0313,2.033,2.0295,2.0305,122886.81,0.0,0.0,0
15m,1765026000.0,2.0305,2.0348,2.0299,2.0336,271966.58,0.0,0.0,0
15m,1765026900.0,2.0336,2.0362,2.0326,2.0353,318254.73,0.0,0.0,0
15m,1765027800.0,2.0353,2.0394,2.0341,2.0356,242660.95,0.0,0.0,0
15m,1765028700.0,2.0356,2.0356,2.0309,2.0309,155216.54,0.0,0.0,0
15m,1765029600.0,2.0309,2.0347,2.0293,2.0324,198979.86,0.0,0.0,0
15m,1765030500.0,2.0324,2.047,2.0324,2.0403,1467823.68,0.0,0.0,0
15m,1765031400.0,2.0403,2.0444,2.0393,2.0422,349262.78,0.0,0.0,0
15m,1765032300.0,2.0422,2.045,2.0384,2.0394,348676.0,0.0,0.0,0
15m,1765033200.0,2.0394,2.0406,2.0328,2.035,291746.31,0.0,0.0,0
15m,1765034100.0,2.035,2.035,2.0229,2.025,543667.98,0.0,0.0,0
15m,1765035000.0,2.025,2.0304,2.0217,2.0299,517183.56,0.0,0.0,0
15m,1765035900.0,2.0299,2.0332,2.029,2.0298,189950.72,0.0,0.0,0
15m,1765036800.0,2.0298,2.036,2.0274,2.0353,187952.49,0.0,0.0,0
15m,1765037700.0,2.0353,2.0361,2.0304,2.0319,143579.62,0.0,0.0,0
15m,1765038600.0,2.0319,2.0384,2.0289,2.0373,333687.79,0.0,0.0,0
15m,1765039500.0,2.0373,2.0391,2.0348,2.0352,157136.08,0.0,0.0,0
15m,1765040400.0,2.0352,2.0377,2.034,2.0351,157452.7,0.0,0.0,0
15m,1765041300.0,2.0351,2.0356,2.0315,2.0354,167322.15,0.0,0.0,0
15m,1765042200.0,2.0354,2.0356,2.0289,2.0294,141016.75,0.0,0.0,0
15m,1765043100.0,2.0294,2.0332,2.0283,2.0331,161549.23,0.0,0.0,0
15m,1765044000.0,2.0331,2.0339,2.0294,2.0338,138441.73,0.0,0.0,0
15m,1765044900.0,2.0338,2.0368,2.0329,2.0357,172898.78,0.0,0.0,0
15m,1765045800.0,2.0357,2.0379,2.0326,2.0329,172729.69,0.0,0.0,0
15m,1765046700.0,2.0329,2.034,2.029,2.0307,159520.38,0.0,0.0,0
15m,1765047600.0,2.0307,2.0336,2.0217,2.0278,553966.62,0.0,0.0,0
15m,1765048500.0,2.0278,2.0294,2.0258,2.0294,146933.49,0.0,0.0,0
15m,1765049400.0,2.0294,2.0298,2.0209,2.0239,342625.9,0.0,0.0,0
15m,1765050300.0,2.0239,2.0257,2.0234,2.0253,156792.39,0.0,0.0,0
15m,1765051200.0,2.0253,2.0281,2.023,2.0257,147892.04,0.0,0.0,0
15m,1765052100.0,2.0257,2.0288,2.0248,2.028,173432.82,0.0,0.0,0
15m,1765053000.0,2.028,2.0313,2.0261,2.0313,165033.13,0.0,0.0,0
15m,1765053900.0,2.0313,2.0317,2.0297,2.0304,98654.22,0.0,0.0,0
15m,1765054800.0,2.0304,2.0369,2.0288,2.03,442338.27,0.0,0.0,0
15m,1765055700.0,2.03,2.034,2.0288,2.0317,127423.53,0.0,0.0,0
15m,1765056600.0,2.0317,2.0354,2.0315,2.0334,127904.6,0.0,0.0,0
15m,1765057500.0,2.0334,2.0346,2.0316,2.0334,104235.32,0.0,0.0,0
15m,1765058400.0,2.0334,2.034,2.0277,2.0338,90082.31,0.0,0.0,0
15m,1765059300.0,2.0338,2.036,2.0305,2.0305,139232.81,0.0,0.0,0
15m,1765060200.0,2.0305,2.0317,2.0298,2.0314,134916.74,0.0,0.0,0
15m,1765061100.0,2.0314,2.0316,2.0275,2.0279,101599.2,0.0,0.0,0
15m,1765062000.0,2.0279,2.0297,2.0239,2.0288,267198.39,0.0,0.0,0
15m,1765062900.0,2.0288,2.0315,2.0238,2.0265,253951.29,0.0,0.0,0
15m,1765063800.0,2.0265,2.0295,2.0246,2.0295,116203.33,0.0,0.0,0
15m,1765064700.0,2.0295,2.0349,2.0287,2.0307,102476.98,0.0,0.0,0
15m,1765065600.0,2.0307,2.0336,2.0295,2.0305,171093.13,0.0,0.0,0
15m,1765066500.0,2.0305,2.0345,2.0305,2.0336,86936.06,0.0,0.0,0
15m,1765067400.0,2.0336,2.037,2.0335,2.0352,158024.69,0.0,0.0,0
15m,1765068300.0,2.0352,2.0392,2.0339,2.0369,152579.28,0.0,0.0,0
15m,1765069200.0,2.0369,2.0395,2.0355,2.0389,182939.51,0.0,0.0,0
15m,1765070100.0,2.0389,2.0427,2.0378,2.0398,162365.32,0.0,0.0,0
15m,1765071000.0,2.0398,2.0414,2.0386,2.04,102978.29,0.0,0.0,0
15m,1765071900.0,2.04,2.0411,2.0338,2.0338,94591.68,0.0,0.0,0
15m,1765072800.0,2.0338,2.038,2.0338,2.0365,90591.68,0.0,0.0,0
15m,1765073700.0,2.0365,2.0423,2.0364,2.0417,167004.13,0.0,0.0,0
15m,1765074600.0,2.0417,2.0455,2.0397,2.0455,213589.41,0.0,0.0,0
15m,1765075500.0,2.0455,2.0493,2.0427,2.0481,267580.61,0.0,0.0,0
15m,1765076400.0,2.0481,2.0528,2.0481,2.0499,416359.07,0.0,0.0,0
15m,1765077300.0,2.0499,2.0595,2.0497,2.0547,261680.93,0.0,0.0,0
15m,1765078200.0,2.0547,2.0622,2.0508,2.062,312452.84,0.0,0.0,0
15m,1765079100.0,2.062,2.0722,2.06,2.0684,842666.41,0.0,0.0,0
15m,1765080000.0,2.0684,2.0737,2.0659,2.0666,436587.79,0.0,0.0,0
15m,1765080900.0,2.0666,2.0666,2.0603,2.0605,181389.99,0.0,0.0,0
15m,1765081800.0,2.0605,2.0607,2.0522,2.054,300893.31,0.0,0.0,0
15m,1765082700.0,2.054,2.0547,2.0522,2.0528,158916.96,0.0,0.0,0
15m,1765083600.0,2.0528,2.0561,2.0478,2.05,308350.38,0.0,0.0,0
15m,1765084500.0,2.05,2.0518,2.0465,2.047,206396.99,0.0,0.0,0
15m,1765085400.0,2.047,2.0531,2.0449,2.0506,221886.12,0.0,0.0,0
15m,1765086300.0,2.0506,2.0506,2.0458,2.0484,428074.21,0.0,0.0,0
15m,1765087200.0,2.0484,2.0518,2.0483,2.0513,142131.86,0.0,0.0,0
15m,1765088100.0,2.0513,2.0524,2.0486,2.0487,189915.9,0.0,0.0,0
15m,1765089000.0,2.0487,2.0491,2.0457,2.0471,239633.58,0.0,0.0,0
15m,1765089900.0,2.0471,2.0478,2.0441,2.0463,172565.19,0.0,0.0,0
15m,1765090800.0,2.0463,2.0486,2.0369,2.0375,199941.2,0.0,0.0,0
15m,1765091700.0,2.0375,2.0383,2.0338,2.0361,409035.52,0.0,0.0,0
15m,1765092600.0,2.0361,2.0361,2.0281,2.0296,469290.5,0.0,0.0,0
15m,1765093500.0,2.0296,2.0334,2.0286,2.0309,223824.1,0.0,0.0,0
15m,1765094400.0,2.0309,2.0311,2.0257,2.0258,279163.05,0.0,0.0,0
15m,1765095300.0,2.0258,2.0309,2.0248,2.0294,256315.85,0.0,0.0,0
15m,1765096200.0,2.0294,2.036,2.0286,2.0347,400309.89,0.0,0.0,0
15m,1765097100.0,2.0347,2.0355,2.0301,2.0304,222885.1,0.0,0.0,0
15m,1765098000.0,2.0304,2.0343,2.0304,2.0341,151407.41,0.0,0.0,0
15m,1765098900.0,2.0341,2.036,2.0241,2.0284,472139.45,0.0,0.0,0
15m,1765099800.0,2.0284,2.0312,2.0279,2.0296,233581.46,0.0,0.0,0
15m,1765100700.0,2.0296,2.0297,2.0255,2.0284,227367.11,0.0,0.0,0
15m,1765101600.0,2.0284,2.0339,2.0264,2.0339,264554.18,0.0,0.0,0
15m,1765102500.0,2.0339,2.0345,2.0303,2.0314,130544.24,0.0,0.0,0
15m,1765103400.0,2.0314,2.0356,2.0278,2.0343,280107.2,0.0,0.0,0
15m,1765104300.0,2.0343,2.0354,2.0302,2.0306,113681.89,0.0,0.0,0
15m,1765105200.0,2.0306,2.0329,2.0284,2.0328,130499.43,0.0,0.0,0
15m,1765106100.0,2.0328,2.0342,2.0308,2.0325,132904.36,0.0,0.0,0
15m,1765107000.0,2.0325,2.0347,2.0315,2.0336,139501.02,0.0,0.0,0
15m,1765107900.0,2.0336,2.0344,2.031,2.0336,96967.69,0.0,0.0,0
15m,1765108800.0,2.0336,2.0423,2.0321,2.0414,174652.42,0.0,0.0,0
15m,1765109700.0,2.0414,2.0455,2.041,2.0444,235547.5,0.0,0.0,0
15m,1765110600.0,2.0444,2.047,2.0422,2.0432,285820.69,0.0,0.0,0
15m,1765111500.0,2.0432,2.0504,2.043,2.0465,457360.46,0.0,0.0,0
15m,1765112400.0,2.0465,2.0477,2.0386,2.0396,165285.18,0.0,0.0,0
15m,1765113300.0,2.0396,2.0408,2.0264,2.0327,417187.18,0.0,0.0,0
15m,1765114200.0,2.0327,2.0352,2.0279,2.0303,217191.84,0.0,0.0,0
15m,1765115100.0,2.0303,2.0334,2.0282,2.0312,195527.47,0.0,0.0,0
15m,1765116000.0,2.0312,2.0324,2.0227,2.025,364772.88,0.0,0.0,0
15m,1765116900.0,2.025,2.0261,1.9892,2.0059,4866157.19,0.0,0.0,0
15m,1765117800.0,2.0059,2.014,1.9974,2.0038,1225202.46,0.0,0.0,0
15m,1765118700.0,2.0038,2.0081,1.9961,1.9994,667112.56,0.0,0.0,0
15m,1765119600.0,1.9994,2.0304,1.9985,2.023,1016835.58,0.0,0.0,0
15m,1765120500.0,2.023,2.027,2.0149,2.0169,655275.28,0.0,0.0,0
15m,1765121400.0,2.0169,2.0252,2.0165,2.0186,330715.4,0.0,0.0,0
15m,1765122300.0,2.0186,2.0556,2.0179,2.0524,1014337.19,0.0,0.0,0
15m,1765123200.0,2.0524,2.0531,2.0397,2.0418,354694.9,0.0,0.0,0
15m,1765124100.0,2.0418,2.0482,2.0377,2.0467,302751.67,0.0,0.0,0
15m,1765125000.0,2.0467,2.0496,2.0382,2.0465,416869.64,0.0,0.0,0
15m,1765125900.0,2.0465,2.0586,2.042,2.0583,300974.87,0.0,0.0,0
15m,1765126800.0,2.0583,2.0605,2.0517,2.0605,399930.74,0.0,0.0,0
15m,1765127700.0,2.0605,2.0799,2.0604,2.0763,973228.8,0.0,0.0,0
15m,1765128600.0,2.0763,2.0963,2.0763,2.0866,1200437.54,0.0,0.0,0
15m,1765129500.0,2.0866,2.0936,2.083,2.0873,599453.31,0.0,0.0,0
15m,1765130400.0,2.0873,2.1024,2.0873,2.1017,590122.11,0.0,0.0,0
15m,1765131300.0,2.1017,2.1106,2.0994,2.1034,570380.02,0.0,0.0,0
15m,1765132200.0,2.1034,2.1077,2.0974,2.099,343932.38,0.0,0.0,0
15m,1765133100.0,2.099,2.111,2.099,2.1036,570448.01,0.0,0.0,0
15m,1765134000.0,2.1036,2.1076,2.0975,2.1041,452052.38,0.0,0.0,0
15m,1765134900.0,2.1041,2.1048,2.0906,2.0926,679436.81,0.0,0.0,0
15m,1765135800.0,2.0926,2.0949,2.088,2.0933,320085.57,0.0,0.0,0
15m,1765136700.0,2.0933,2.0937,2.0841,2.0873,347436.85,0.0,0.0,0
15m,1765137600.0,2.0873,2.0895,2.0793,2.0822,261048.27,0.0,0.0,0
15m,1765138500.0,2.0822,2.0906,2.0818,2.0905,226358.23,0.0,0.0,0
15m,1765139400.0,2.0905,2.0938,2.0866,2.0911,110811.64,0.0,0.0,0
15m,1765140300.0,2.0911,2.0916,2.083,2.085,222990.02,0.0,0.0,0
15m,1765141200.0,2.085,2.085,2.0724,2.0741,317962.62,0.0,0.0,0
15m,1765142100.0,2.0741,2.0741,2.0662,2.068,415798.75,0.0,0.0,0
15m,1765143000.0,2.068,2.0717,2.0573,2.0601,333387.54,0.0,0.0,0
15m,1765143900.0,2.0601,2.0609,2.0358,2.0493,791387.66,0.0,0.0,0
15m,1765144800.0,2.0493,2.0493,2.0124,2.0303,2594952.41,0.0,0.0,0
15m,1765145700.0,2.0303,2.0364,2.0197,2.0344,783195.2,0.0,0.0,0
15m,1765146600.0,2.0344,2.0489,2.0324,2.0441,562844.59,0.0,0.0,0
15m,1765147500.0,2.0441,2.0472,2.023,2.0292,352320.12,0.0,0.0,0
15m,1765148400.0,2.0292,2.0345,2.0227,2.0314,438852.62,0.0,0.0,0
15m,1765149300.0,2.0314,2.0383,2.0302,2.0363,353687.89,0.0,0.0,0
15m,1765150200.0,2.0363,2.0392,2.0317,2.0355,236288.48,0.0,0.0,0
15m,1765151100.0,2.0355,2.0453,2.035,2.0441,281331.82,0.0,0.0,0
15m,1765152000.0,2.0441,2.0468,2.0378,2.04,427739.32,0.0,0.0,0
15m,1765152900.0,2.04,2.0424,2.0318,2.0403,167542.44,0.0,0.0,0
15m,1765153800.0,2.0403,2.0495,2.039,2.0445,178618.85,0.0,0.0,0
15m,1765154700.0,2.0445,2.0471,2.04,2.0446,99636.91,0.0,0.0,0
15m,1765155600.0,2.0446,2.0562,2.0442,2.0552,202931.68,0.0,0.0,0
15m,1765156500.0,2.0552,2.0706,2.0522,2.0702,354027.78,0.0,0.0,0
15m,1765157400.0,2.0702,2.0909,2.0702,2.0788,1049184.93,0.0,0.0,0
15m,1765158300.0,2.0788,2.0803,2.0666,2.0678,491375.5,0.0,0.0,0
15m,1765159200.0,2.0678,2.0682,2.0614,2.0641,226023.25,0.0,0.0,0
15m,1765160100.0,2.0641,2.0687,2.0638,2.0644,146961.33,0.0,0.0,0
15m,1765161000.0,2.0644,2.0678,2.0586,2.0673,176825.81,0.0,0.0,0
15m,1765161900.0,2.0673,2.0778,2.0672,2.0741,205063.36,0.0,0.0,0
15m,1765162800.0,2.0741,2.075,2.0646,2.0657,101125.6,0.0,0.0,0
15m,1765163700.0,2.0657,2.0774,2.0643,2.0749,193210.3,0.0,0.0,0
15m,1765164600.0,2.0749,2.0755,2.0675,2.0693,222255.8,0.0,0.0,0
15m,1765165500.0,2.0693,2.0729,2.068,2.0718,114490.67,0.0,0.0,0
15m,1765166400.0,2.0718,2.0802,2.0701,2.0766,155756.88,0.0,0.0,0
15m,1765167300.0,2.0766,2.0825,2.0745,2.0783,151701.94,0.0,0.0,0
15m,1765168200.0,2.0783,2.0864,2.0729,2.077,187138.36,0.0,0.0,0
15m,1765169100.0,2.077,2.0776,2.0712,2.0743,132861.78,0.0,0.0,0
15m,1765170000.0,2.0743,2.0752,2.0698,2.0721,109992.04,0.0,0.0,0
15m,1765170900.0,2.0721,2.0786,2.0714,2.0775,136827.94,0.0,0.0,0
15m,1765171800.0,2.0775,2.0827,2.0764,2.0784,199543.18,0.0,0.0,0
15m,1765172700.0,2.0784,2.08,2.0773,2.0782,110366.46,0.0,0.0,0
15m,1765173600.0,2.0782,2.0795,2.0746,2.0763,130177.06,0.0,0.0,0
15m,1765174500.0,2.0763,2.0778,2.0724,2.0776,266322.32,0.0,0.0,0
15m,1765175400.0,2.0776,2.0827,2.0775,2.0817,173062.36,0.0,0.0,0
15m,1765176300.0,2.0817,2.0844,2.0797,2.0803,238144.5,0.0,0.0,0
15m,1765177200.0,2.0803,2.0841,2.0785,2.082,264508.89,0.0,0.0,0
15m,1765178100.0,2.082,2.09,2.0811,2.0899,331240.09,0.0,0.0,0
15m,1765179000.0,2.0899,2.0944,2.0884,2.0888,412273.69,0.0,0.0,0
15m,1765179900.0,2.0888,2.0888,2.0822,2.0867,296023.17,0.0,0.0,0
15m,1765180800.0,2.0867,2.0869,2.0811,2.0856,292233.49,0.0,0.0,0
15m,1765181700.0,2.0856,2.0908,2.0855,2.089,160945.15,0.0,0.0,0
15m,1765182600.0,2.089,2.0932,2.0851,2.0931,167453.82,0.0,0.0,0
15m,1765183500.0,2.0931,2.0952,2.0884,2.0913,349931.75,0.0,0.0,0
15m,1765184400.0,2.0913,2.1239,2.0903,2.1104,1533129.28,0.0,0.0,0
15m,1765185300.0,2.1104,2.1133,2.1059,2.1072,330545.28,0.0,0.0,0
15m,1765186200.0,2.1072,2.1076,2.1035,2.1038,402011.28,0.0,0.0,0
15m,1765187100.0,2.1038,2.1038,2.0987,2.1009,363797.84,0.0,0.0,0
15m,1765188000.0,2.1009,2.1062,2.0999,2.103,267273.17,0.0,0.0,0
15m,1765188900.0,2.103,2.103,2.0973,2.0982,298996.93,0.0,0.0,0
15m,1765189800.0,2.0982,2.1014,2.096,2.1005,312712.93,0.0,0.0,0
15m,1765190700.0,2.1005,2.1025,2.098,2.0983,154086.28,0.0,0.0,0
15m,1765191600.0,2.0983,2.0994,2.092,2.0971,355114.38,0.0,0.0,0
15m,1765192500.0,2.0971,2.0971,2.0929,2.093,139943.99,0.0,0.0,0
15m,1765193400.0,2.093,2.0931,2.0873,2.0888,648924.36,0.0,0.0,0
15m,1765194300.0,2.0888,2.0937,2.0874,2.0906,453876.77,0.0,0.0,0
15m,1765195200.0,2.0906,2.0939,2.0873,2.0934,345550.6,0.0,0.0,0
15m,1765196100.0,2.0934,2.0946,2.0864,2.0887,335072.11,0.0,0.0,0
15m,1765197000.0,2.0887,2.094,2.0851,2.0911,449902.47,0.0,0.0,0
15m,1765197900.0,2.0911,2.0977,2.091,2.0952,248657.34,0.0,0.0,0
15m,1765198800.0,2.0952,2.1024,2.0931,2.0931,428795.08,0.0,0.0,0
15m,1765199700.0,2.0931,2.0964,2.0894,2.0964,381260.38,0.0,0.0,0
15m,1765200600.0,2.0964,2.0989,2.0926,2.0968,512093.7,0.0,0.0,0
15m,1765201500.0,2.0968,2.1003,2.0964,2.0985,321255.84,0.0,0.0,0
15m,1765202400.0,2.0985,2.0994,2.0949,2.0984,295748.62,0.0,0.0,0
15m,1765203300.0,2.0984,2.0991,2.0901,2.0957,494195.68,0.0,0.0,0
15m,1765204200.0,2.0957,2.1123,2.0838,2.1019,1807274.05,0.0,0.0,0
15m,1765205100.0,2.1019,2.1059,2.0834,2.0844,1030878.39,0.0,0.0,0
15m,1765206000.0,2.0844,2.0935,2.0738,2.0795,1106070.35,0.0,0.0,0
15m,1765206900.0,2.0795,2.0897,2.0702,2.0802,994898.13,0.0,0.0,0
15m,1765207800.0,2.0802,2.0873,2.068,2.0704,772221.81,0.0,0.0,0
15m,1765208700.0,2.0704,2.0814,2.0697,2.0758,567178.68,0.0,0.0,0
15m,1765209600.0,2.0758,2.0764,2.066,2.0692,686725.45,0.0,0.0,0
15m,1765210500.0,2.0692,2.0847,2.0677,2.0821,322303.0,0.0,0.0,0
15m,1765211400.0,2.0821,2.0877,2.0772,2.0814,528174.66,0.0,0.0,0
15m,1765212300.0,2.0814,2.0814,2.0684,2.0732,270115.59,0.0,0.0,0
15m,1765213200.0,2.0732,2.0839,2.069,2.082,421620.95,0.0,0.0,0
15m,1765214100.0,2.082,2.0841,2.0719,2.0755,218795.86,0.0,0.0,0
15m,1765215000.0,2.0755,2.0789,2.0667,2.0693,235637.11,0.0,0.0,0
15m,1765215900.0,2.0693,2.083,2.0655,2.0786,300668.13,0.0,0.0,0
15m,1765216800.0,2.0786,2.0865,2.077,2.0801,234482.41,0.0,0.0,0
15m,1765217700.0,2.0801,2.0858,2.0727,2.0738,245536.31,0.0,0.0,0
15m,1765218600.0,2.0738,2.082,2.0702,2.082,125425.11,0.0,0.0,0
15m,1765219500.0,2.082,2.085,2.0628,2.0683,338038.78,0.0,0.0,0
15m,1765220400.0,2.0683,2.0793,2.0676,2.0752,204231.17,0.0,0.0,0
15m,1765221300.0,2.0752,2.08,2.0722,2.0782,179635.78,0.0,0.0,0
15m,1765222200.0,2.0782,2.0824,2.0767,2.0794,135104.26,0.0,0.0,0
15m,1765223100.0,2.0794,2.0843,2.0763,2.0778,106006.86,0.0,0.0,0
15m,1765224000.0,2.0778,2.0861,2.0764,2.0824,253640.73,0.0,0.0,0
15m,1765224900.0,2.0824,2.0894,2.0806,2.0841,317485.58,0.0,0.0,0
15m,1765225800.0,2.0841,2.0859,2.0794,2.0846,142898.49,0.0,0.0,0
15m,1765226700.0,2.0846,2.094,2.0833,2.0873,400911.35,0.0,0.0,0
15m,1765227600.0,2.0873,2.0885,2.0738,2.0742,354230.44,0.0,0.0,0
15m,1765228500.0,2.0742,2.0846,2.0742,2.0832,282047.07,0.0,0.0,0
15m,1765229400.0,2.0832,2.0917,2.0823,2.0855,352503.64,0.0,0.0,0
15m,1765230300.0,2.0855,2.0908,2.0841,2.088,206952.65,0.0,0.0,0
15m,1765231200.0,2.088,2.0892,2.0794,2.0806,193785.39,0.0,0.0,0
15m,1765232100.0,2.0806,2.0816,2.0784,2.0794,129313.8,0.0,0.0,0
15m,1765233000.0,2.0794,2.0817,2.0745,2.077,135008.51,0.0,0.0,0
15m,1765233900.0,2.077,2.0821,2.0769,2.0794,77247.57,0.0,0.0,0
15m,1765234800.0,2.0794,2.0813,2.0744,2.0745,102754.29,0.0,0.0,0
15m,1765235700.0,2.0745,2.076,2.0696,2.0726,235197.02,0.0,0.0,0
15m,1765236600.0,2.0726,2.0746,2.0711,2.074,95710.4,0.0,0.0,0
15m,1765237500.0,2.074,2.0744,2.0714,2.0723,110652.4,0.0,0.0,0
15m,1765238400.0,2.0723,2.0797,2.0712,2.0796,133441.32,0.0,0.0,0
15m,1765239300.0,2.0796,2.0823,2.0747,2.0747,158782.98,0.0,0.0,0
15m,1765240200.0,2.0747,2.0758,2.0684,2.0733,153154.33,0.0,0.0,0
15m,1765241100.0,2.0733,2.0757,2.0698,2.0716,123852.83,0.0,0.0,0
15m,1765242000.0,2.0716,2.0733,2.0647,2.0705,309247.13,0.0,0.0,0
15m,1765242900.0,2.0705,2.0755,2.064,2.0653,335528.23,0.0,0.0,0
15m,1765243800.0,2.0653,2.0659,2.0603,2.062,231239.9,0.0,0.0,0
15m,1765244700.0,2.062,2.0658,2.0587,2.0629,284583.17,0.0,0.0,0
15m,1765245600.0,2.0629,2.0705,2.0615,2.0647,673104.6,0.0,0.0,0
15m,1765246500.0,2.0647,2.0705,2.0643,2.0684,173789.13,0.0,0.0,0
15m,1765247400.0,2.0684,2.0693,2.0646,2.0659,146305.82,0.0,0.0,0
15m,1765248300.0,2.0659,2.0703,2.0606,2.061,144496.33,0.0,0.0,0
15m,1765249200.0,2.061,2.0633,2.0593,2.0618,180998.45,0.0,0.0,0
15m,1765250100.0,2.0618,2.0645,2.057,2.0615,412288.12,0.0,0.0,0
15m,1765251000.0,2.0615,2.0705,2.0615,2.0689,289217.02,0.0,0.0,0
15m,1765251900.0,2.0689,2.0716,2.0669,2.0696,312055.23,0.0,0.0,0
15m,1765252800.0,2.0696,2.0704,2.0663,2.0666,133040.82,0.0,0.0,0
15m,1765253700.0,2.0666,2.0673,2.0618,2.0642,389942.13,0.0,0.0,0
15m,1765254600.0,2.0642,2.0642,2.0532,2.0542,736702.54,0.0,0.0,0
15m,1765255500.0,2.0542,2.056,2.0531,2.0544,244568.25,0.0,0.0,0
15m,1765256400.0,2.0544,2.0567,2.0488,2.0526,325930.71,0.0,0.0,0
15m,1765257300.0,2.0526,2.0555,2.049,2.0537,315495.01,0.0,0.0,0
15m,1765258200.0,2.0537,2.0595,2.0529,2.058,195037.7,0.0,0.0,0
15m,1765259100.0,2.058,2.0592,2.0494,2.0505,216501.56,0.0,0.0,0
15m,1765260000.0,2.0505,2.0561,2.0493,2.0529,126219.7,0.0,0.0,0
15m,1765260900.0,2.0529,2.054,2.047,2.048,213785.46,0.0,0.0,0
15m,1765261800.0,2.048,2.0483,2.0418,2.0476,365147.44,0.0,0.0,0
15m,1765262700.0,2.0476,2.0514,2.0455,2.0498,250716.84,0.0,0.0,0
15m,1765263600.0,2.0498,2.0525,2.0471,2.0483,244177.56,0.0,0.0,0
15m,1765264500.0,2.0483,2.0578,2.0483,2.056,188063.2,0.0,0.0,0
15m,1765265400.0,2.056,2.061,2.0554,2.0605,84657.05,0.0,0.0,0
15m,1765266300.0,2.0605,2.0623,2.06,2.0614,127899.79,0.0,0.0,0
15m,1765267200.0,2.0614,2.066,2.0601,2.0606,249030.4,0.0,0.0,0
15m,1765268100.0,2.0606,2.063,2.0566,2.0595,345148.86,0.0,0.0,0
15m,1765269000.0,2.0595,2.0638,2.0568,2.0638,122077.23,0.0,0.0,0
15m,1765269900.0,2.0638,2.0661,2.0622,2.0632,115384.48,0.0,0.0,0
15m,1765270800.0,2.0632,2.0638,2.058,2.0617,168984.62,0.0,0.0,0
15m,1765271700.0,2.0617,2.063,2.0589,2.06,79168.95,0.0,0.0,0
15m,1765272600.0,2.06,2.0606,2.0568,2.0578,129213.75,0.0,0.0,0
15m,1765273500.0,2.0578,2.0593,2.0571,2.0581,82242.68,0.0,0.0,0
15m,1765274400.0,2.0581,2.0613,2.0553,2.0568,151156.9,0.0,0.0,0
15m,1765275300.0,2.0568,2.0575,2.0546,2.0564,88319.48,0.0,0.0,0
15m,1765276200.0,2.0564,2.0575,2.046,2.0522,308460.2,0.0,0.0,0
15m,1765277100.0,2.0522,2.0558,2.0496,2.0553,143267.71,0.0,0.0,0
15m,1765278000.0,2.0553,2.0584,2.0541,2.0545,173330.84,0.0,0.0,0
15m,1765278900.0,2.0545,2.0561,2.0519,2.056,92610.08,0.0,0.0,0
15m,1765279800.0,2.056,2.0622,2.0554,2.0618,121987.9,0.0,0.0,0
15m,1765280700.0,2.0618,2.0705,2.0616,2.0689,232490.2,0.0,0.0,0
15m,1765281600.0,2.0689,2.0724,2.067,2.0699,331401.92,0.0,0.0,0
15m,1765282500.0,2.0699,2.0856,2.0692,2.0822,581591.52,0.0,0.0,0
15m,1765283400.0,2.0822,2.0861,2.0804,2.085,452611.89,0.0,0.0,0
15m,1765284300.0,2.085,2.0854,2.0813,2.084,260278.8,0.0,0.0,0
15m,1765285200.0,2.084,2.086,2.0793,2.0797,379698.14,0.0,0.0,0
15m,1765286100.0,2.0797,2.0825,2.0766,2.0801,320914.44,0.0,0.0,0
15m,1765287000.0,2.0801,2.082,2.0655,2.066,349271.73,0.0,0.0,0
15m,1765287900.0,2.066,2.0694,2.0642,2.0665,251875.28,0.0,0.0,0
15m,1765288800.0,2.0665,2.0726,2.0588,2.061,334079.09,0.0,0.0,0
15m,1765289700.0,2.061,2.0627,2.0493,2.0545,526737.95,0.0,0.0,0
15m,1765290600.0,2.0545,2.0612,2.0491,2.0514,942857.53,0.0,0.0,0
15m,1765291500.0,2.0514,2.056,2.0501,2.0552,501746.51,0.0,0.0,0
15m,1765292400.0,2.0552,2.0914,2.0531,2.0684,1185543.93,0.0,0.0,0
15m,1765293300.0,2.0684,2.0925,2.067,2.0854,864368.83,0.0,0.0,0
15m,1765294200.0,2.0854,2.1054,2.0783,2.1037,1427034.13,0.0,0.0,0
15m,1765295100.0,2.1037,2.1198,2.1009,2.1157,1446161.96,0.0,0.0,0
15m,1765296000.0,2.1157,2.1546,2.1154,2.1502,2765698.87,0.0,0.0,0
15m,1765296900.0,2.1502,2.1549,2.136,2.1393,1513418.73,0.0,0.0,0
15m,1765297800.0,2.1393,2.1671,2.1385,2.1668,1816863.27,0.0,0.0,0
15m,1765298700.0,2.1668,2.1749,2.1577,2.1652,1764383.46,0.0,0.0,0
15m,1765299600.0,2.1652,2.1779,2.1629,2.173,1732268.68,0.0,0.0,0
15m,1765300500.0,2.173,2.1737,2.1457,2.1508,3028458.5,0.0,0.0,0
15m,1765301400.0,2.1508,2.1541,2.1419,2.1473,1453124.06,0.0,0.0,0
15m,1765302300.0,2.1473,2.1537,2.1449,2.1494,807367.58,0.0,0.0,0
15m,1765303200.0,2.1494,2.1577,2.147,2.1534,927987.04,0.0,0.0,0
15m,1765304100.0,2.1534,2.1581,2.1493,2.156,710285.89,0.0,0.0,0
15m,1765305000.0,2.156,2.1569,2.1481,2.1485,394919.66,0.0,0.0,0
15m,1765305900.0,2.1485,2.1504,2.1393,2.1475,639206.14,0.0,0.0,0
15m,1765306800.0,2.1475,2.1485,2.1369,2.1369,484427.44,0.0,0.0,0
15m,1765307700.0,2.1369,2.1406,2.1312,2.1351,534026.31,0.0,0.0,0
15m,1765308600.0,2.1351,2.1428,2.129,2.1318,400954.8,0.0,0.0,0
15m,1765309500.0,2.1318,2.1388,2.131,2.1331,444947.66,0.0,0.0,0
15m,1765310400.0,2.1331,2.1342,2.1269,2.1298,512380.2,0.0,0.0,0
15m,1765311300.0,2.1298,2.1308,2.1032,2.1125,1241050.33,0.0,0.0,0
15m,1765312200.0,2.1125,2.1136,2.0975,2.1049,1060424.7,0.0,0.0,0
15m,1765313100.0,2.1049,2.1143,2.103,2.1137,431119.74,0.0,0.0,0
15m,1765314000.0,2.1137,2.117,2.1078,2.1104,362306.72,0.0,0.0,0
15m,1765314900.0,2.1104,2.1145,2.1065,2.1125,249015.18,0.0,0.0,0
15m,1765315800.0,2.1125,2.1137,2.1051,2.1053,307875.44,0.0,0.0,0
15m,1765316700.0,2.1053,2.1058,2.0861,2.0997,670871.71,0.0,0.0,0
15m,1765317600.0,2.0997,2.1117,2.0963,2.1087,493442.16,0.0,0.0,0
15m,1765318500.0,2.1087,2.1121,2.1041,2.1054,305619.94,0.0,0.0,0
15m,1765319400.0,2.1054,2.1181,2.104,2.1124,389996.77,0.0,0.0,0
15m,1765320300.0,2.1124,2.1142,2.1072,2.1109,120080.57,0.0,0.0,0
15m,1765321200.0,2.1109,2.1126,2.1059,2.1066,254453.74,0.0,0.0,0
15m,1765322100.0,2.1066,2.1123,2.1054,2.1095,182706.6,0.0,0.0,0
15m,1765323000.0,2.1095,2.1138,2.1078,2.1126,176525.56,0.0,0.0,0
15m,1765323900.0,2.1126,2.1126,2.1063,2.1063,193232.98,0.0,0.0,0
15m,1765324800.0,2.1063,2.1099,2.1051,2.1052,345334.11,0.0,0.0,0
15m,1765325700.0,2.1052,2.1052,2.0961,2.1013,450291.58,0.0,0.0,0
15m,1765326600.0,2.1013,2.1045,2.0949,2.0968,178539.18,0.0,0.0,0
15m,1765327500.0,2.0968,2.0982,2.0893,2.0897,341396.25,0.0,0.0,0
15m,1765328400.0,2.0897,2.0941,2.0897,2.0908,186031.42,0.0,0.0,0
15m,1765329300.0,2.0908,2.0959,2.0894,2.0937,231891.72,0.0,0.0,0
15m,1765330200.0,2.0937,2.0937,2.0867,2.0888,500097.86,0.0,0.0,0
15m,1765331100.0,2.0888,2.0916,2.0874,2.0894,167124.33,0.0,0.0,0
15m,1765332000.0,2.0894,2.0894,2.0821,2.0859,271178.83,0.0,0.0,0
15m,1765332900.0,2.0859,2.0937,2.085,2.0916,270130.52,0.0,0.0,0
15m,1765333800.0,2.0916,2.0919,2.0875,2.0891,212948.88,0.0,0.0,0
15m,1765334700.0,2.0891,2.0892,2.0846,2.088,278716.44,0.0,0.0,0
15m,1765335600.0,2.088,2.0886,2.0834,2.0862,300088.71,0.0,0.0,0
15m,1765336500.0,2.0862,2.0862,2.0818,2.0837,258908.64,0.0,0.0,0
15m,1765337400.0,2.0837,2.0846,2.0822,2.0841,410780.6,0.0,0.0,0
15m,1765338300.0,2.0841,2.0857,2.0831,2.0835,155707.64,0.0,0.0,0
15m,1765339200.0,2.0835,2.0889,2.0797,2.0888,429556.35,0.0,0.0,0
15m,1765340100.0,2.0888,2.0931,2.086,2.0872,409881.55,0.0,0.0,0
15m,1765341000.0,2.0872,2.0937,2.0859,2.0917,306821.48,0.0,0.0,0
15m,1765341900.0,2.0917,2.0964,2.0902,2.0902,500974.01,0.0,0.0,0
15m,1765342800.0,2.0902,2.0918,2.0875,2.0902,447268.47,0.0,0.0,0
15m,1765343700.0,2.0902,2.0937,2.0873,2.0873,479787.99,0.0,0.0,0
15m,1765344600.0,2.0873,2.0877,2.0833,2.0866,438094.25,0.0,0.0,0
15m,1765345500.0,2.0866,2.0897,2.0861,2.0884,255844.07,0.0,0.0,0
15m,1765346400.0,2.0884,2.0899,2.0832,2.088,364823.85,0.0,0.0,0
15m,1765347300.0,2.088,2.0893,2.0859,2.0884,164259.86,0.0,0.0,0
15m,1765348200.0,2.0884,2.0896,2.0854,2.0889,284152.9,0.0,0.0,0
15m,1765349100.0,2.0889,2.0889,2.0834,2.0865,294337.35,0.0,0.0,0
15m,1765350000.0,2.0865,2.0865,2.0802,2.0814,408017.53,0.0,0.0,0
15m,1765350900.0,2.0814,2.0818,2.0766,2.0792,470300.1,0.0,0.0,0
15m,1765351800.0,2.0792,2.0842,2.078,2.0826,280967.48,0.0,0.0,0
15m,1765352700.0,2.0826,2.0852,2.0813,2.0844,295733.47,0.0,0.0,0
15m,1765353600.0,2.0844,2.0852,2.0816,2.0832,527866.91,0.0,0.0,0
15m,1765354500.0,2.0832,2.084,2.0812,2.0818,260261.23,0.0,0.0,0
15m,1765355400.0,2.0818,2.0837,2.078,2.0781,391336.88,0.0,0.0,0
15m,1765356300.0,2.0781,2.0811,2.0776,2.078,205188.73,0.0,0.0,0
15m,1765357200.0,2.078,2.0788,2.073,2.0742,438264.89,0.0,0.0,0
15m,1765358100.0,2.0742,2.0751,2.0718,2.0751,336765.11,0.0,0.0,0
15m,1765359000.0,2.0751,2.0791,2.0751,2.0786,246091.39,0.0,0.0,0
15m,1765359900.0,2.0786,2.0898,2.0783,2.0888,478589.31,0.0,0.0,0
15m,1765360800.0,2.0888,2.0982,2.0854,2.0866,1118226.46,0.0,0.0,0
15m,1765361700.0,2.0866,2.0866,2.0737,2.0739,645293.18,0.0,0.0,0
15m,1765362600.0,2.0739,2.0743,2.0668,2.0714,697627.62,0.0,0.0,0
15m,1765363500.0,2.0714,2.0741,2.0691,2.0695,566835.13,0.0,0.0,0
15m,1765364400.0,2.0695,2.0752,2.0684,2.0717,439925.84,0.0,0.0,0
15m,1765365300.0,2.0717,2.0736,2.068,2.0691,386131.33,0.0,0.0,0
15m,1765366200.0,2.0691,2.0716,2.0639,2.0684,478095.09,0.0,0.0,0
15m,1765367100.0,2.0684,2.0727,2.0652,2.072,228677.67,0.0,0.0,0
15m,1765368000.0,2.072,2.0728,2.0659,2.0661,329766.73,0.0,0.0,0
15m,1765368900.0,2.0661,2.0661,2.0619,2.063,605640.87,0.0,0.0,0
15m,1765369800.0,2.063,2.066,2.0593,2.0633,459340.57,0.0,0.0,0
15m,1765370700.0,2.0633,2.0658,2.0593,2.0644,386471.05,0.0,0.0,0
15m,1765371600.0,2.0644,2.0676,2.0601,2.0623,595600.08,0.0,0.0,0
15m,1765372500.0,2.0623,2.0678,2.0604,2.0652,474140.9,0.0,0.0,0
15m,1765373400.0,2.0652,2.0676,2.0618,2.0658,484805.99,0.0,0.0,0
15m,1765374300.0,2.0658,2.0696,2.0634,2.0646,512314.57,0.0,0.0,0
15m,1765375200.0,2.0646,2.066,2.0619,2.0625,410110.5,0.0,0.0,0
15m,1765376100.0,2.0625,2.0645,2.0593,2.0613,542969.53,0.0,0.0,0
15m,1765377000.0,2.0613,2.069,2.0581,2.0615,871912.14,0.0,0.0,0
15m,1765377900.0,2.0615,2.0648,2.0582,2.064,579794.74,0.0,0.0,0
15m,1765378800.0,2.064,2.0729,2.0625,2.0719,1277234.82,0.0,0.0,0
15m,1765379700.0,2.0719,2.0733,2.0663,2.0695,435214.87,0.0,0.0,0
15m,1765380600.0,2.0695,2.0711,2.0588,2.0665,553103.02,0.0,0.0,0
15m,1765381500.0,2.0665,2.0677,2.0564,2.0619,890561.51,0.0,0.0,0
15m,1765382400.0,2.0619,2.0666,2.0572,2.0642,671698.28,0.0,0.0,0
15m,1765383300.0,2.0642,2.0742,2.0631,2.0713,652523.92,0.0,0.0,0
15m,1765384200.0,2.0713,2.0717,2.0644,2.0698,422984.77,0.0,0.0,0
15m,1765385100.0,2.0698,2.0741,2.0668,2.0683,398043.05,0.0,0.0,0
15m,1765386000.0,2.0683,2.0687,2.0638,2.0668,399505.44,0.0,0.0,0
15m,1765386900.0,2.0668,2.0754,2.0651,2.0716,496530.16,0.0,0.0,0
15m,1765387800.0,2.0716,2.0717,2.066,2.0682,347030.38,0.0,0.0,0
15m,1765388700.0,2.0682,2.0682,2.0604,2.0618,380566.99,0.0,0.0,0
15m,1765389600.0,2.0618,2.0671,2.0592,2.0654,241140.9,0.0,0.0,0
15m,1765390500.0,2.0654,2.0671,2.0589,2.0628,309722.62,0.0,0.0,0
15m,1765391400.0,2.0628,2.0864,2.0618,2.0706,988095.46,0.0,0.0,0
15m,1765392300.0,2.0706,2.076,2.0613,2.0687,681081.72,0.0,0.0,0
15m,1765393200.0,2.0687,2.088,2.0373,2.0737,3800439.82,0.0,0.0,0
15m,1765394100.0,2.0737,2.0798,2.0569,2.0616,971791.98,0.0,0.0,0
15m,1765395000.0,2.0616,2.0808,2.0573,2.0629,1707233.84,0.0,0.0,0
15m,1765395900.0,2.0629,2.0725,2.0604,2.0682,710850.39,0.0,0.0,0
15m,1765396800.0,2.0682,2.1047,2.0608,2.1041,1401776.59,0.0,0.0,0
15m,1765397700.0,2.1041,2.1103,2.0735,2.0885,2146586.52,0.0,0.0,0
15m,1765398600.0,2.0885,2.0962,2.0834,2.0892,609414.11,0.0,0.0,0
15m,1765399500.0,2.0892,2.0904,2.0579,2.0635,1394639.72,0.0,0.0,0
15m,1765400400.0,2.0635,2.0689,2.0451,2.0565,1198860.24,0.0,0.0,0
15m,1765401300.0,2.0565,2.0653,2.0542,2.057,514818.39,0.0,0.0,0
15m,1765402200.0,2.057,2.0582,2.0495,2.0532,584508.94,0.0,0.0,0
15m,1765403100.0,2.0532,2.0581,2.0446,2.0475,606982.73,0.0,0.0,0
15m,1765404000.0,2.0475,2.0562,2.0399,2.044,1156964.39,0.0,0.0,0
15m,1765404900.0,2.044,2.0535,2.0346,2.0466,802848.0,0.0,0.0,0
15m,1765405800.0,2.0466,2.0566,2.0433,2.0551,413285.35,0.0,0.0,0
15m,1765406700.0,2.0551,2.0586,2.0513,2.0549,197308.37,0.0,0.0,0
15m,1765407600.0,2.0549,2.0574,2.0476,2.0498,241984.22,0.0,0.0,0
15m,1765408500.0,2.0498,2.0512,2.0471,2.0471,164082.68,0.0,0.0,0
15m,1765409400.0,2.0471,2.0493,2.0433,2.0489,175660.09,0.0,0.0,0
15m,1765410300.0,2.0489,2.0489,2.0402,2.0417,345085.13,0.0,0.0,0
15m,1765411200.0,2.0417,2.0469,2.0401,2.0449,310617.39,0.0,0.0,0
15m,1765412100.0,2.0449,2.0466,2.0416,2.0433,364477.84,0.0,0.0,0
15m,1765413000.0,2.0433,2.0433,2.024,2.0325,1057472.14,0.0,0.0,0
15m,1765413900.0,2.0325,2.0335,2.0213,2.029,628869.46,0.0,0.0,0
15m,1765414800.0,2.029,2.0302,2.019,2.0199,618567.78,0.0,0.0,0
15m,1765415700.0,2.0199,2.0237,2.0101,2.023,926207.75,0.0,0.0,0
15m,1765416600.0,2.023,2.0282,2.019,2.0207,498691.32,0.0,0.0,0
15m,1765417500.0,2.0207,2.0216,2.0126,2.0129,530886.03,0.0,0.0,0
15m,1765418400.0,2.0129,2.0145,2.003,2.0059,1297390.12,0.0,0.0,0
15m,1765419300.0,2.0059,2.0119,2.0004,2.0064,624498.59,0.0,0.0,0
15m,1765420200.0,2.0064,2.0122,2.0021,2.0095,717642.82,0.0,0.0,0
15m,1765421100.0,2.0095,2.0097,2.0023,2.006,622892.07,0.0,0.0,0
15m,1765422000.0,2.006,2.006,1.9926,1.9964,1219722.73,0.0,0.0,0
15m,1765422900.0,1.9964,2.0066,1.9934,1.9994,1108252.51,0.0,0.0,0
15m,1765423800.0,1.9994,2.0028,1.9947,2.0013,567156.43,0.0,0.0,0
15m,1765424700.0,2.0013,2.0033,1.999,1.9991,384509.8,0.0,0.0,0
15m,1765425600.0,1.9991,2.0056,1.9948,2.0036,695162.37,0.0,0.0,0
15m,1765426500.0,2.0036,2.0045,1.9988,2.0028,575272.4,0.0,0.0,0
15m,1765427400.0,2.0028,2.0099,2.0028,2.0087,353418.87,0.0,0.0,0
15m,1765428300.0,2.0087,2.0196,2.008,2.0172,644881.83,0.0,0.0,0
15m,1765429200.0,2.0172,2.0172,2.0071,2.0081,285853.66,0.0,0.0,0
15m,1765430100.0,2.0081,2.0144,2.0076,2.0116,200357.0,0.0,0.0,0
15m,1765431000.0,2.0116,2.0127,2.0091,2.011,170667.61,0.0,0.0,0
15m,1765431900.0,2.011,2.0163,2.011,2.0148,139546.9,0.0,0.0,0
15m,1765432800.0,2.0148,2.0161,2.0122,2.0142,190605.35,0.0,0.0,0
15m,1765433700.0,2.0142,2.0151,2.0054,2.0067,336568.89,0.0,0.0,0
15m,1765434600.0,2.0067,2.0148,2.0063,2.0105,384767.1,0.0,0.0,0
15m,1765435500.0,2.0105,2.0155,2.0099,2.0139,242023.33,0.0,0.0,0
15m,1765436400.0,2.0139,2.0152,2.0119,2.0128,144002.38,0.0,0.0,0
15m,1765437300.0,2.0128,2.0147,2.0081,2.0097,206709.45,0.0,0.0,0
15m,1765438200.0,2.0097,2.0134,2.0053,2.0053,296035.99,0.0,0.0,0
15m,1765439100.0,2.0053,2.0075,2.0041,2.0071,247145.33,0.0,0.0,0
15m,1765440000.0,2.0071,2.0078,2.0017,2.0034,192462.71,0.0,0.0,0
15m,1765440900.0,2.0034,2.0077,2.001,2.006,176005.15,0.0,0.0,0
15m,1765441800.0,2.006,2.0072,2.0005,2.0048,318622.0,0.0,0.0,0
15m,1765442700.0,2.0048,2.0133,2.0046,2.012,186414.76,0.0,0.0,0
15m,1765443600.0,2.012,2.0142,2.0078,2.009,279492.63,0.0,0.0,0
15m,1765444500.0,2.009,2.0174,2.0086,2.0158,204259.9,0.0,0.0,0
15m,1765445400.0,2.0158,2.0187,2.014,2.0143,241902.82,0.0,0.0,0
15m,1765446300.0,2.0143,2.0172,2.0104,2.0128,251022.55,0.0,0.0,0
15m,1765447200.0,2.0128,2.0155,2.0127,2.0151,167486.84,0.0,0.0,0
15m,1765448100.0,2.0151,2.0153,2.0105,2.012,250394.51,0.0,0.0,0
15m,1765449000.0,2.012,2.0123,2.0089,2.0104,160612.92,0.0,0.0,0
15m,1765449900.0,2.0104,2.0159,2.0099,2.0158,285225.11,0.0,0.0,0
15m,1765450800.0,2.0158,2.0174,2.0145,2.0158,140744.36,0.0,0.0,0
15m,1765451700.0,2.0158,2.0186,2.0136,2.0169,143748.63,0.0,0.0,0
15m,1765452600.0,2.0169,2.0182,2.0153,2.0161,128562.91,0.0,0.0,0
15m,1765453500.0,2.0161,2.0161,2.0079,2.008,500702.73,0.0,0.0,0
15m,1765454400.0,2.008,2.0093,2.004,2.0042,834802.36,0.0,0.0,0
15m,1765455300.0,2.0042,2.0092,2.0042,2.0087,469895.56,0.0,0.0,0
15m,1765456200.0,2.0087,2.0128,2.0064,2.0123,986162.43,0.0,0.0,0
15m,1765457100.0,2.0123,2.0132,2.0061,2.0071,643604.92,0.0,0.0,0
15m,1765458000.0,2.0071,2.0101,2.0061,2.0071,620996.53,0.0,0.0,0
15m,1765458900.0,2.0071,2.0147,2.005,2.0131,716704.39,0.0,0.0,0
15m,1765459800.0,2.0131,2.0147,2.0071,2.0115,657760.43,0.0,0.0,0
15m,1765460700.0,2.0115,2.012,2.0075,2.0088,475317.36,0.0,0.0,0
15m,1765461600.0,2.0088,2.01,2.0062,2.0089,315710.27,0.0,0.0,0
15m,1765462500.0,2.0089,2.0099,2.0006,2.002,709093.31,0.0,0.0,0
15m,1765463400.0,2.002,2.0086,1.9944,2.0016,1778713.39,0.0,0.0,0
15m,1765464300.0,2.0016,2.0033,1.9779,1.9909,2747040.74,0.0,0.0,0
15m,1765465200.0,1.9909,2.0019,1.987,1.9978,913474.05,0.0,0.0,0
15m,1765466100.0,1.9978,2.0107,1.9925,2.0009,734479.24,0.0,0.0,0
15m,1765467000.0,2.0009,2.0017,1.9906,1.9943,593494.03,0.0,0.0,0
15m,1765467900.0,1.9943,1.9992,1.9906,1.9969,469290.54,0.0,0.0,0
15m,1765468800.0,1.9969,2.0,1.9847,1.988,710312.45,0.0,0.0,0
15m,1765469700.0,1.988,1.9924,1.9876,1.9901,568905.59,0.0,0.0,0
15m,1765470600.0,1.9901,2.0015,1.9868,1.9989,420211.13,0.0,0.0,0
15m,1765471500.0,1.9989,2.0047,1.9891,1.9916,443828.65,0.0,0.0,0
15m,1765472400.0,1.9916,1.9928,1.9842,1.9872,550474.4,0.0,0.0,0
15m,1765473300.0,1.9872,1.9968,1.9856,1.9932,285507.43,0.0,0.0,0
15m,1765474200.0,1.9932,1.9987,1.9909,1.9922,317938.67,0.0,0.0,0
15m,1765475100.0,1.9922,1.9961,1.9907,1.9954,456902.3,0.0,0.0,0
15m,1765476000.0,1.9954,2.0047,1.9919,2.0022,413259.19,0.0,0.0,0
15m,1765476900.0,2.0022,2.0065,2.0004,2.0021,246401.3,0.0,0.0,0
15m,1765477800.0,2.0021,2.0236,2.0002,2.0215,894601.83,0.0,0.0,0
15m,1765478700.0,2.0215,2.0226,2.0041,2.008,621296.39,0.0,0.0,0
15m,1765479600.0,2.008,2.0145,2.0008,2.0093,284608.64,0.0,0.0,0
15m,1765480500.0,2.0093,2.0191,2.008,2.0163,536409.91,0.0,0.0,0
15m,1765481400.0,2.0163,2.0261,2.0155,2.0225,544711.04,0.0,0.0,0
15m,1765482300.0,2.0225,2.0258,2.0089,2.0116,517832.8,0.0,0.0,0
15m,1765483200.0,2.0116,2.0218,2.008,2.0201,457575.89,0.0,0.0,0
15m,1765484100.0,2.0201,2.0212,2.0113,2.0142,255273.37,0.0,0.0,0
15m,1765485000.0,2.0142,2.0268,2.014,2.024,552259.94,0.0,0.0,0
15m,1765485900.0,2.024,2.0297,2.0201,2.0243,568083.86,0.0,0.0,0
15m,1765486800.0,2.0243,2.0409,2.0238,2.0359,781599.74,0.0,0.0,0
15m,1765487700.0,2.0359,2.0516,2.0359,2.0476,888291.93,0.0,0.0,0
15m,1765488600.0,2.0476,2.0572,2.0476,2.0525,651242.8,0.0,0.0,0
15m,1765489500.0,2.0525,2.0543,2.0414,2.0417,659613.46,0.0,0.0,0
15m,1765490400.0,2.0417,2.0481,2.0404,2.0433,362108.44,0.0,0.0,0
15m,1765491300.0,2.0433,2.0446,2.0293,2.0331,483581.54,0.0,0.0,0
15m,1765492200.0,2.0331,2.04,2.031,2.0343,240076.18,0.0,0.0,0
15m,1765493100.0,2.0343,2.0363,2.0284,2.0341,104732.66,0.0,0.0,0
15m,1765494000.0,2.0341,2.0378,2.031,2.0331,288666.78,0.0,0.0,0
15m,1765494900.0,2.0331,2.0375,2.0311,2.0339,271324.1,0.0,0.0,0
15m,1765495800.0,2.0339,2.0402,2.0331,2.0399,191265.79,0.0,0.0,0
15m,1765496700.0,2.0399,2.0403,2.0321,2.0339,67097.51,0.0,0.0,0
15m,1765497600.0,2.0339,2.0344,2.028,2.0282,227935.81,0.0,0.0,0
15m,1765498500.0,2.0282,2.0397,2.0282,2.0325,263933.14,0.0,0.0,0
15m,1765499400.0,2.0325,2.0358,2.0318,2.032,101780.15,0.0,0.0,0
15m,1765500300.0,2.032,2.0334,2.0156,2.017,394455.64,0.0,0.0,0
15m,1765501200.0,2.017,2.0277,2.017,2.0223,358001.61,0.0,0.0,0
15m,1765502100.0,2.0223,2.0318,2.022,2.0279,235356.67,0.0,0.0,0
15m,1765503000.0,2.0279,2.0323,2.0262,2.0304,302822.47,0.0,0.0,0
15m,1765503900.0,2.0304,2.0318,2.0258,2.0281,124330.23,0.0,0.0,0
15m,1765504800.0,2.0281,2.0399,2.0256,2.0366,186667.14,0.0,0.0,0
15m,1765505700.0,2.0366,2.0405,2.0349,2.0377,220020.7,0.0,0.0,0
15m,1765506600.0,2.0377,2.0405,2.0369,2.038,244018.97,0.0,0.0,0
15m,1765507500.0,2.038,2.0431,2.0363,2.0405,250170.47,0.0,0.0,0
15m,1765508400.0,2.0405,2.043,2.0356,2.0358,170699.75,0.0,0.0,0
15m,1765509300.0,2.0358,2.0358,2.0301,2.0309,120487.64,0.0,0.0,0
15m,1765510200.0,2.0309,2.0345,2.0298,2.034,133306.48,0.0,0.0,0
15m,1765511100.0,2.034,2.0362,2.0311,2.0316,186327.3,0.0,0.0,0
15m,1765512000.0,2.0316,2.0329,2.03,2.0305,108263.47,0.0,0.0,0
15m,1765512900.0,2.0305,2.0308,2.0273,2.0275,146983.97,0.0,0.0,0
15m,1765513800.0,2.0275,2.0289,2.0264,2.0288,106667.1,0.0,0.0,0
15m,1765514700.0,2.0288,2.0312,2.0272,2.0296,195333.56,0.0,0.0,0
15m,1765515600.0,2.0296,2.0353,2.0263,2.0263,191031.05,0.0,0.0,0
15m,1765516500.0,2.0263,2.0294,2.0235,2.0257,134215.52,0.0,0.0,0
15m,1765517400.0,2.0257,2.0314,2.0244,2.0314,158500.2,0.0,0.0,0
15m,1765518300.0,2.0314,2.0373,2.0314,2.0365,172475.98,0.0,0.0,0
15m,1765519200.0,2.0365,2.0418,2.0357,2.0414,310713.46,0.0,0.0,0
15m,1765520100.0,2.0414,2.0419,2.0376,2.0382,271839.21,0.0,0.0,0
15m,1765521000.0,2.0382,2.0394,2.0361,2.0385,176494.64,0.0,0.0,0
15m,1765521900.0,2.0385,2.0413,2.0365,2.0409,211648.04,0.0,0.0,0
15m,1765522800.0,2.0409,2.0433,2.0385,2.0387,237868.35,0.0,0.0,0
15m,1765523700.0,2.0387,2.0407,2.0382,2.0382,155476.33,0.0,0.0,0
15m,1765524600.0,2.0382,2.0398,2.0321,2.0359,183862.22,0.0,0.0,0
15m,1765525500.0,2.0359,2.0388,2.0344,2.0372,76967.36,0.0,0.0,0
15m,1765526400.0,2.0372,2.038,2.0354,2.0354,100971.01,0.0,0.0,0
15m,1765527300.0,2.0354,2.036,2.0301,2.0305,172543.53,0.0,0.0,0
15m,1765528200.0,2.0305,2.0312,2.0277,2.0295,175656.64,0.0,0.0,0
15m,1765529100.0,2.0295,2.03,2.0266,2.0289,230378.52,0.0,0.0,0
15m,1765530000.0,2.0289,2.0307,2.027,2.0304,193925.52,0.0,0.0,0
15m,1765530900.0,2.0304,2.0324,2.0258,2.0259,160316.9,0.0,0.0,0
15m,1765531800.0,2.0259,2.0286,2.0256,2.0273,228713.7,0.0,0.0,0
15m,1765532700.0,2.0273,2.0372,2.0269,2.0361,233371.69,0.0,0.0,0
15m,1765533600.0,2.0361,2.039,2.0352,2.0379,256967.9,0.0,0.0,0
15m,1765534500.0,2.0379,2.038,2.0342,2.0355,306666.49,0.0,0.0,0
15m,1765535400.0,2.0355,2.0392,2.0353,2.0369,392200.41,0.0,0.0,0
15m,1765536300.0,2.0369,2.0396,2.0358,2.0383,231015.04,0.0,0.0,0
15m,1765537200.0,2.0383,2.0395,2.0362,2.0394,307653.98,0.0,0.0,0
15m,1765538100.0,2.0394,2.041,2.0358,2.0399,554880.15,0.0,0.0,0
15m,1765539000.0,2.0399,2.0451,2.0398,2.0442,368003.23,0.0,0.0,0
15m,1765539900.0,2.0442,2.0463,2.0409,2.0425,257999.75,0.0,0.0,0
15m,1765540800.0,2.0425,2.0425,2.0387,2.0388,255954.69,0.0,0.0,0
15m,1765541700.0,2.0388,2.0422,2.038,2.0398,183547.25,0.0,0.0,0
15m,1765542600.0,2.0398,2.0441,2.0369,2.0406,297101.13,0.0,0.0,0
15m,1765543500.0,2.0406,2.0457,2.0368,2.0449,473827.69,0.0,0.0,0
15m,1765544400.0,2.0449,2.0455,2.0423,2.0435,125613.71,0.0,0.0,0
15m,1765545300.0,2.0435,2.0482,2.0395,2.0398,350142.3,0.0,0.0,0
15m,1765546200.0,2.0398,2.0427,2.0396,2.0406,175804.56,0.0,0.0,0
15m,1765547100.0,2.0406,2.042,2.0385,2.0413,144722.28,0.0,0.0,0
15m,1765548000.0,2.0413,2.0426,2.0356,2.0367,191653.11,0.0,0.0,0
15m,1765548900.0,2.0367,2.0403,2.0332,2.0337,221939.9,0.0,0.0,0
15m,1765549800.0,2.0337,2.0435,2.0309,2.0404,596510.34,0.0,0.0,0
15m,1765550700.0,2.0404,2.042,2.032,2.0382,291539.4,0.0,0.0,0
15m,1765551600.0,2.0382,2.0382,2.0246,2.0276,676231.58,0.0,0.0,0
15m,1765552500.0,2.0276,2.0276,2.0055,2.0066,1089063.95,0.0,0.0,0
15m,1765553400.0,2.0066,2.0098,1.9936,2.0018,1786637.92,0.0,0.0,0
15m,1765554300.0,2.0018,2.0048,1.969,1.9784,1937719.84,0.0,0.0,0
15m,1765555200.0,1.9784,2.0033,1.9736,1.9904,1846193.64,0.0,0.0,0
15m,1765556100.0,1.9904,1.9963,1.9757,1.9934,1474956.78,0.0,0.0,0
15m,1765557000.0,1.9934,1.9934,1.9743,1.9814,1005962.17,0.0,0.0,0
15m,1765557900.0,1.9814,1.9918,1.9802,1.988,897915.95,0.0,0.0,0
15m,1765558800.0,1.988,1.9981,1.986,1.996,773705.73,0.0,0.0,0
15m,1765559700.0,1.996,2.0028,1.9866,1.9866,675494.32,0.0,0.0,0
15m,1765560600.0,1.9866,1.9975,1.9857,1.996,650916.03,0.0,0.0,0
15m,1765561500.0,1.996,2.0011,1.9948,1.9957,542000.14,0.0,0.0,0
15m,1765562400.0,1.9957,2.0084,1.9898,2.0054,783096.62,0.0,0.0,0
15m,1765563300.0,2.0054,2.0088,1.9985,2.0078,547146.87,0.0,0.0,0
15m,1765564200.0,2.0078,2.0226,2.0074,2.0174,668350.74,0.0,0.0,0
15m,1765565100.0,2.0174,2.0253,2.0101,2.0126,690406.56,0.0,0.0,0
15m,1765566000.0,2.0126,2.0147,2.0066,2.0094,202243.69,0.0,0.0,0
15m,1765566900.0,2.0094,2.0138,2.0027,2.0049,265244.39,0.0,0.0,0
15m,1765567800.0,2.0049,2.0082,1.9993,2.0001,174705.56,0.0,0.0,0
15m,1765568700.0,2.0001,2.0068,1.9963,2.0035,133475.38,0.0,0.0,0
15m,1765569600.0,2.0035,2.0049,1.9987,2.0008,103759.96,0.0,0.0,0
15m,1765570500.0,2.0008,2.0056,1.9979,2.0,112781.03,0.0,0.0,0
15m,1765571400.0,2.0,2.0028,1.9982,2.002,114264.61,0.0,0.0,0
15m,1765572300.0,2.002,2.0066,1.9998,2.0008,417121.89,0.0,0.0,0
15m,1765573200.0,2.0008,2.0037,1.9974,2.0011,198979.63,0.0,0.0,0
15m,1765574100.0,2.0011,2.0018,1.997,1.9988,85237.69,0.0,0.0,0
15m,1765575000.0,1.9988,2.0027,1.9988,2.0021,92392.59,0.0,0.0,0
15m,1765575900.0,2.0021,2.0051,2.0021,2.005,72492.25,0.0,0.0,0
15m,1765576800.0,2.005,2.0126,2.0039,2.011,123021.08,0.0,0.0,0
15m,1765577700.0,2.011,2.0115,2.0058,2.0074,50752.8,0.0,0.0,0
15m,1765578600.0,2.0074,2.0121,2.0062,2.011,83291.93,0.0,0.0,0
15m,1765579500.0,2.011,2.0123,2.0086,2.0105,53387.96,0.0,0.0,0
15m,1765580400.0,2.0105,2.0186,2.0105,2.0138,223789.32,0.0,0.0,0
15m,1765581300.0,2.0138,2.014,2.0089,2.0089,52970.72,0.0,0.0,0
15m,1765582200.0,2.0089,2.0107,2.0081,2.0104,62276.57,0.0,0.0,0
15m,1765583100.0,2.0104,2.0109,2.0072,2.0075,74756.2,0.0,0.0,0
15m,1765584000.0,2.0075,2.0135,2.0072,2.0098,193278.47,0.0,0.0,0
15m,1765584900.0,2.0098,2.0109,2.0068,2.0081,128971.48,0.0,0.0,0
15m,1765585800.0,2.0081,2.0126,2.0081,2.0115,101346.34,0.0,0.0,0
15m,1765586700.0,2.0115,2.0135,2.0092,2.0122,132480.63,0.0,0.0,0
15m,1765587600.0,2.0122,2.0166,2.0122,2.0145,178634.47,0.0,0.0,0
15m,1765588500.0,2.0145,2.0145,2.0115,2.0139,94364.87,0.0,0.0,0
15m,1765589400.0,2.0139,2.0145,2.0097,2.0098,113079.54,0.0,0.0,0
15m,1765590300.0,2.0098,2.0116,2.0095,2.0104,75629.54,0.0,0.0,0
15m,1765591200.0,2.0104,2.0182,2.0104,2.018,140413.1,0.0,0.0,0
15m,1765592100.0,2.018,2.0204,2.0173,2.0195,177238.3,0.0,0.0,0
15m,1765593000.0,2.0195,2.0204,2.0156,2.0167,142119.6,0.0,0.0,0
15m,1765593900.0,2.0167,2.0179,2.0144,2.0144,95324.86,0.0,0.0,0
15m,1765594800.0,2.0144,2.0191,2.0144,2.0185,151399.95,0.0,0.0,0
15m,1765595700.0,2.0185,2.0247,2.0185,2.021,271713.51,0.0,0.0,0
15m,1765596600.0,2.021,2.0218,2.0187,2.0216,267572.24,0.0,0.0,0
15m,1765597500.0,2.0216,2.0246,2.0216,2.0226,155140.2,0.0,0.0,0
15m,1765598400.0,2.0226,2.0261,2.0226,2.0245,221928.76,0.0,0.0,0
15m,1765599300.0,2.0245,2.0295,2.0229,2.027,242953.2,0.0,0.0,0
15m,1765600200.0,2.027,2.0309,2.0255,2.0296,385084.53,0.0,0.0,0
15m,1765601100.0,2.0296,2.0348,2.0288,2.0339,397523.55,0.0,0.0,0
15m,1765602000.0,2.0339,2.0483,2.0332,2.0397,1138841.7,0.0,0.0,0
15m,1765602900.0,2.0397,2.0402,2.0322,2.0331,636818.74,0.0,0.0,0
15m,1765603800.0,2.0331,2.0345,2.0295,2.0307,323349.39,0.0,0.0,0
15m,1765604700.0,2.0307,2.0324,2.0284,2.0315,284516.89,0.0,0.0,0
15m,1765605600.0,2.0315,2.0359,2.0313,2.0327,204590.64,0.0,0.0,0
15m,1765606500.0,2.0327,2.033,2.0292,2.0292,126964.5,0.0,0.0,0
15m,1765607400.0,2.0292,2.0321,2.0277,2.0285,315324.46,0.0,0.0,0
15m,1765608300.0,2.0285,2.0316,2.0272,2.0285,141721.63,0.0,0.0,0
15m,1765609200.0,2.0285,2.0305,2.0262,2.0262,102686.32,0.0,0.0,0
15m,1765610100.0,2.0262,2.0311,2.026,2.0309,149071.81,0.0,0.0,0
15m,1765611000.0,2.0309,2.032,2.0277,2.0291,113341.1,0.0,0.0,0
15m,1765611900.0,2.0291,2.0292,2.0269,2.0286,127283.97,0.0,0.0,0
15m,1765612800.0,2.0286,2.0393,2.0286,2.0392,449218.98,0.0,0.0,0
15m,1765613700.0,2.0392,2.0429,2.0365,2.0389,772324.1,0.0,0.0,0
15m,1765614600.0,2.0389,2.0393,2.0359,2.039,300387.63,0.0,0.0,0
15m,1765615500.0,2.039,2.0418,2.0352,2.036,170518.18,0.0,0.0,0
15m,1765616400.0,2.036,2.0383,2.0352,2.0365,135804.42,0.0,0.0,0
15m,1765617300.0,2.0365,2.038,2.0356,2.0358,88903.23,0.0,0.0,0
15m,1765618200.0,2.0358,2.0392,2.0346,2.0372,281924.09,0.0,0.0,0
15m,1765619100.0,2.0372,2.0383,2.0298,2.0312,327658.52,0.0,0.0,0
15m,1765620000.0,2.0312,2.0355,2.0308,2.035,91079.4,0.0,0.0,0
15m,1765620900.0,2.035,2.0385,2.035,2.0377,89308.72,0.0,0.0,0
15m,1765621800.0,2.0377,2.0399,2.0369,2.0384,145374.41,0.0,0.0,0
15m,1765622700.0,2.0384,2.0407,2.0358,2.0368,124796.88,0.0,0.0,0
15m,1765623600.0,2.0368,2.0396,2.0365,2.0379,157917.13,0.0,0.0,0
15m,1765624500.0,2.0379,2.0382,2.034,2.0349,93240.19,0.0,0.0,0
15m,1765625400.0,2.0349,2.036,2.0331,2.0344,108610.06,0.0,0.0,0
15m,1765626300.0,2.0344,2.0362,2.0328,2.0335,235534.09,0.0,0.0,0
15m,1765627200.0,2.0335,2.04,2.0322,2.0389,251717.64,0.0,0.0,0
15m,1765628100.0,2.0389,2.041,2.0357,2.0393,411739.77,0.0,0.0,0
15m,1765629000.0,2.0393,2.0436,2.033,2.0334,529115.82,0.0,0.0,0
15m,1765629900.0,2.0334,2.0347,2.03,2.0322,382573.04,0.0,0.0,0
15m,1765630800.0,2.0322,2.0358,2.032,2.0333,146441.55,0.0,0.0,0
15m,1765631700.0,2.0333,2.0375,2.0326,2.0326,152144.26,0.0,0.0,0
15m,1765632600.0,2.0326,2.0362,2.0306,2.0348,198073.52,0.0,0.0,0
15m,1765633500.0,2.0348,2.036,2.0329,2.0334,128746.81,0.0,0.0,0
15m,1765634400.0,2.0334,2.0358,2.0323,2.0355,188962.95,0.0,0.0,0
15m,1765635300.0,2.0355,2.0363,2.0282,2.0283,335887.13,0.0,0.0,0
15m,1765636200.0,2.0283,2.0371,2.0281,2.0341,311467.37,0.0,0.0,0
15m,1765637100.0,2.0341,2.0396,2.0341,2.0366,360132.14,0.0,0.0,0
15m,1765638000.0,2.0366,2.0408,2.0356,2.0363,354693.93,0.0,0.0,0
15m,1765638900.0,2.0363,2.0363,2.0315,2.0331,488303.68,0.0,0.0,0
15m,1765639800.0,2.0331,2.0352,2.0315,2.0322,152726.46,0.0,0.0,0
15m,1765640700.0,2.0322,2.0325,2.0292,2.03,216867.97,0.0,0.0,0
15m,1765641600.0,2.03,2.0337,2.0288,2.0321,197897.68,0.0,0.0,0
15m,1765642500.0,2.0321,2.0322,2.0265,2.0277,195007.35,0.0,0.0,0
15m,1765643400.0,2.0277,2.0279,2.0245,2.0248,329624.18,0.0,0.0,0
15m,1765644300.0,2.0248,2.0266,2.0235,2.026,129755.66,0.0,0.0,0
15m,1765645200.0,2.026,2.0263,2.0176,2.0193,414917.23,0.0,0.0,0
15m,1765646100.0,2.0193,2.0212,2.0185,2.0197,161715.37,0.0,0.0,0
15m,1765647000.0,2.0197,2.0237,2.019,2.0237,92016.53,0.0,0.0,0
15m,1765647900.0,2.0237,2.0246,2.0194,2.0198,324978.73,0.0,0.0,0
15m,1765648800.0,2.0198,2.0224,2.0171,2.0224,279716.29,0.0,0.0,0
15m,1765649700.0,2.0224,2.0238,2.0201,2.0224,318869.89,0.0,0.0,0
15m,1765650600.0,2.0224,2.0224,2.0201,2.0203,74293.02,0.0,0.0,0
15m,1765651500.0,2.0203,2.0211,2.0157,2.0172,138875.38,0.0,0.0,0
15m,1765652400.0,2.0172,2.019,2.0152,2.0178,128715.92,0.0,0.0,0
15m,1765653300.0,2.0178,2.0191,2.0168,2.0168,94785.98,0.0,0.0,0
15m,1765654200.0,2.0168,2.0206,2.0164,2.0204,62034.12,0.0,0.0,0
15m,1765655100.0,2.0204,2.0208,2.0186,2.0196,47186.42,0.0,0.0,0
15m,1765656000.0,2.0196,2.0212,2.0196,2.0202,28092.01,0.0,0.0,0
15m,1765656900.0,2.0202,2.0215,2.0195,2.0208,68121.17,0.0,0.0,0
15m,1765657800.0,2.0208,2.0222,2.0187,2.0187,95160.12,0.0,0.0,0
15m,1765658700.0,2.0187,2.0196,2.0156,2.0168,90268.22,0.0,0.0,0
15m,1765659600.0,2.0168,2.0169,2.0135,2.0145,155480.02,0.0,0.0,0
15m,1765660500.0,2.0145,2.0169,2.014,2.0149,92180.26,0.0,0.0,0
15m,1765661400.0,2.0149,2.019,2.0084,2.0169,365783.62,0.0,0.0,0
15m,1765662300.0,2.0169,2.0229,2.0164,2.0223,111253.94,0.0,0.0,0
15m,1765663200.0,2.0223,2.0234,2.0166,2.0196,206003.33,0.0,0.0,0
15m,1765664100.0,2.0196,2.023,2.0184,2.0193,98971.1,0.0,0.0,0
15m,1765665000.0,2.0193,2.0234,2.0184,2.0219,94047.69,0.0,0.0,0
15m,1765665900.0,2.0219,2.0252,2.0208,2.0224,90953.65,0.0,0.0,0
15m,1765666800.0,2.0224,2.0224,2.0186,2.0206,255189.89,0.0,0.0,0
15m,1765667700.0,2.0206,2.0224,2.0194,2.0208,118334.32,0.0,0.0,0
15m,1765668600.0,2.0208,2.0219,2.0201,2.0218,80484.11,0.0,0.0,0
15m,1765669500.0,2.0218,2.0241,2.0218,2.0228,127608.39,0.0,0.0,0
15m,1765670400.0,2.0228,2.0228,2.0173,2.0209,184113.42,0.0,0.0,0
15m,1765671300.0,2.0209,2.0222,2.0197,2.0221,117013.88,0.0,0.0,0
15m,1765672200.0,2.0221,2.0268,2.0219,2.0261,250073.46,0.0,0.0,0
15m,1765673100.0,2.0261,2.0283,2.0244,2.0261,117171.99,0.0,0.0,0
15m,1765674000.0,2.0261,2.0294,2.0246,2.0284,255170.45,0.0,0.0,0
15m,1765674900.0,2.0284,2.0296,2.0276,2.0296,85754.41,0.0,0.0,0
15m,1765675800.0,2.0296,2.0303,2.0233,2.024,149741.66,0.0,0.0,0
15m,1765676700.0,2.024,2.0258,2.0234,2.0257,27493.57,0.0,0.0,0
15m,1765677600.0,2.0257,2.0293,2.025,2.0267,141094.94,0.0,0.0,0
15m,1765678500.0,2.0267,2.0276,2.0253,2.026,49702.53,0.0,0.0,0
15m,1765679400.0,2.026,2.0276,2.0238,2.0258,82045.8,0.0,0.0,0
15m,1765680300.0,2.0258,2.028,2.0249,2.028,93184.2,0.0,0.0,0
15m,1765681200.0,2.028,2.0297,2.0271,2.0271,111529.68,0.0,0.0,0
15m,1765682100.0,2.0271,2.0274,2.0258,2.0265,39036.09,0.0,0.0,0
15m,1765683000.0,2.0265,2.0265,2.0238,2.0249,76662.81,0.0,0.0,0
15m,1765683900.0,2.0249,2.0252,2.0229,2.0243,101280.14,0.0,0.0,0
15m,1765684800.0,2.0243,2.0254,2.0208,2.0227,260443.05,0.0,0.0,0
15m,1765685700.0,2.0227,2.0232,2.0198,2.0205,80110.56,0.0,0.0,0
15m,1765686600.0,2.0205,2.0212,2.0164,2.0171,171441.71,0.0,0.0,0
15m,1765687500.0,2.0171,2.0179,2.0153,2.0168,380615.43,0.0,0.0,0
15m,1765688400.0,2.0168,2.0168,2.0119,2.0142,388891.79,0.0,0.0,0
15m,1765689300.0,2.0142,2.0143,2.0102,2.0116,175957.97,0.0,0.0,0
15m,1765690200.0,2.0116,2.0165,2.0112,2.0163,137732.3,0.0,0.0,0
15m,1765691100.0,2.0163,2.0174,2.0154,2.0155,131527.81,0.0,0.0,0
15m,1765692000.0,2.0155,2.0155,2.0118,2.0132,252187.06,0.0,0.0,0
15m,1765692900.0,2.0132,2.0156,2.0115,2.0125,180676.78,0.0,0.0,0
15m,1765693800.0,2.0125,2.0177,2.011,2.0176,109712.62,0.0,0.0,0
15m,1765694700.0,2.0176,2.0177,2.0158,2.0169,77133.84,0.0,0.0,0
15m,1765695600.0,2.0169,2.0183,2.0157,2.0175,61250.16,0.0,0.0,0
15m,1765696500.0,2.0175,2.0195,2.0157,2.0193,204767.39,0.0,0.0,0
15m,1765697400.0,2.0193,2.0205,2.0156,2.017,127790.24,0.0,0.0,0
15m,1765698300.0,2.017,2.0202,2.017,2.0192,48811.76,0.0,0.0,0
15m,1765699200.0,2.0192,2.0229,2.0188,2.0197,138097.33,0.0,0.0,0
15m,1765700100.0,2.0197,2.0206,2.0181,2.019,55027.88,0.0,0.0,0
15m,1765701000.0,2.019,2.019,2.0157,2.0167,50315.17,0.0,0.0,0
15m,1765701900.0,2.0167,2.0167,2.0141,2.0143,165546.78,0.0,0.0,0
15m,1765702800.0,2.0143,2.0154,2.0125,2.0125,144284.23,0.0,0.0,0
15m,1765703700.0,2.0125,2.0141,2.0124,2.0124,63163.05,0.0,0.0,0
15m,1765704600.0,2.0124,2.0152,2.011,2.014,178288.56,0.0,0.0,0
15m,1765705500.0,2.014,2.0148,2.0114,2.0123,64841.89,0.0,0.0,0
15m,1765706400.0,2.0123,2.0129,2.0028,2.0057,380711.43,0.0,0.0,0
15m,1765707300.0,2.0057,2.0119,2.0051,2.0095,230452.14,0.0,0.0,0
15m,1765708200.0,2.0095,2.0096,2.0051,2.0076,199823.04,0.0,0.0,0
15m,1765709100.0,2.0076,2.009,2.0064,2.0064,142800.39,0.0,0.0,0
15m,1765710000.0,2.0064,2.0102,2.002,2.0071,238074.17,0.0,0.0,0
15m,1765710900.0,2.0071,2.0078,2.0025,2.0034,173841.11,0.0,0.0,0
15m,1765711800.0,2.0034,2.0044,1.9934,1.9937,543634.12,0.0,0.0,0
15m,1765712700.0,1.9937,2.0028,1.9901,2.0012,542157.3,0.0,0.0,0
15m,1765713600.0,2.0012,2.0047,1.9969,2.0003,209263.35,0.0,0.0,0
15m,1765714500.0,2.0003,2.004,1.9987,1.9987,539909.91,0.0,0.0,0
15m,1765715400.0,1.9987,2.0066,1.9985,2.0058,324092.03,0.0,0.0,0
15m,1765716300.0,2.0058,2.0077,2.004,2.0041,218090.05,0.0,0.0,0
15m,1765717200.0,2.0041,2.0041,1.9974,1.9998,508760.09,0.0,0.0,0
15m,1765718100.0,1.9998,2.0012,1.9964,1.9988,514658.71,0.0,0.0,0
15m,1765719000.0,1.9988,2.0012,1.997,1.9975,441139.29,0.0,0.0,0
15m,1765719900.0,1.9975,2.0028,1.9972,2.0028,337334.66,0.0,0.0,0
15m,1765720800.0,2.0028,2.0079,2.0028,2.0039,261478.73,0.0,0.0,0
15m,1765721700.0,2.0039,2.0039,1.999,1.9996,219490.92,0.0,0.0,0
15m,1765722600.0,1.9996,1.9996,1.9892,1.99,554015.73,0.0,0.0,0
15m,1765723500.0,1.99,1.9949,1.9876,1.9946,380183.85,0.0,0.0,0
15m,1765724400.0,1.9946,1.9967,1.9908,1.993,137451.04,0.0,0.0,0
15m,1765725300.0,1.993,1.9961,1.9897,1.9917,223073.54,0.0,0.0,0
15m,1765726200.0,1.9917,1.9972,1.9899,1.9961,122009.2,0.0,0.0,0
15m,1765727100.0,1.9961,1.9961,1.9909,1.9914,136138.77,0.0,0.0,0
15m,1765728000.0,1.9914,1.995,1.9892,1.9947,246312.5,0.0,0.0,0
15m,1765728900.0,1.9947,2.0047,1.9942,2.0007,267584.11,0.0,0.0,0
15m,1765729800.0,2.0007,2.0028,1.9914,1.9925,226085.44,0.0,0.0,0
15m,1765730700.0,1.9925,1.998,1.9918,1.9971,270391.91,0.0,0.0,0
15m,1765731600.0,1.9971,1.9996,1.9839,1.9883,277180.96,0.0,0.0,0
15m,1765732500.0,1.9883,1.994,1.9848,1.9888,247133.32,0.0,0.0,0
15m,1765733400.0,1.9888,1.9915,1.985,1.9904,272731.26,0.0,0.0,0
15m,1765734300.0,1.9904,1.9904,1.9861,1.987,604002.71,0.0,0.0,0
15m,1765735200.0,1.987,1.9914,1.985,1.9887,226281.81,0.0,0.0,0
15m,1765736100.0,1.9887,1.9932,1.9841,1.987,190515.71,0.0,0.0,0
15m,1765737000.0,1.987,1.9912,1.9866,1.989,175873.9,0.0,0.0,0
15m,1765737900.0,1.989,1.9933,1.9866,1.9928,245964.65,0.0,0.0,0
15m,1765738800.0,1.9928,1.9928,1.9843,1.9866,259012.92,0.0,0.0,0
15m,1765739700.0,1.9866,1.9876,1.9827,1.9873,306222.72,0.0,0.0,0
15m,1765740600.0,1.9873,1.9885,1.9818,1.9856,195818.14,0.0,0.0,0
15m,1765741500.0,1.9856,1.9887,1.9849,1.9884,241639.42,0.0,0.0,0
15m,1765742400.0,1.9884,1.9942,1.9824,1.9941,417911.12,0.0,0.0,0
15m,1765743300.0,1.9941,1.9949,1.9892,1.9896,283978.52,0.0,0.0,0
15m,1765744200.0,1.9896,1.9929,1.9883,1.9916,270893.07,0.0,0.0,0
15m,1765745100.0,1.9916,1.9924,1.987,1.9875,187056.01,0.0,0.0,0
15m,1765746000.0,1.9875,1.9887,1.9853,1.9878,57874.82,0.0,0.0,0
15m,1765746900.0,1.9878,1.9917,1.9874,1.9894,56468.61,0.0,0.0,0
15m,1765747800.0,1.9894,1.9907,1.9865,1.9868,103076.61,0.0,0.0,0
15m,1765748700.0,1.9868,1.9887,1.9831,1.987,161188.28,0.0,0.0,0
15m,1765749600.0,1.987,1.9935,1.987,1.99,417379.41,0.0,0.0,0
15m,1765750500.0,1.99,1.991,1.986,1.9877,86489.75,0.0,0.0,0
15m,1765751400.0,1.9877,1.9884,1.9819,1.9846,277944.0,0.0,0.0,0
15m,1765752300.0,1.9846,1.9929,1.9829,1.9922,86620.66,0.0,0.0,0
15m,1765753200.0,1.9922,1.9974,1.9827,1.9856,177092.46,0.0,0.0,0
15m,1765754100.0,1.9856,1.9878,1.982,1.9855,193688.39,0.0,0.0,0
15m,1765755000.0,1.9855,1.9861,1.9535,1.9784,2291719.2,0.0,0.0,0
15m,1765755900.0,1.9784,1.9831,1.974,1.9782,401176.98,0.0,0.0,0
15m,1765756800.0,1.9782,1.988,1.9766,1.9768,483842.14,0.0,0.0,0
15m,1765757700.0,1.9768,1.9902,1.9746,1.9876,620017.74,0.0,0.0,0
15m,1765758600.0,1.9876,1.9891,1.9759,1.9778,378738.61,0.0,0.0,0
15m,1765759500.0,1.9778,1.9856,1.9766,1.984,189491.29,0.0,0.0,0
15m,1765760400.0,1.984,1.986,1.9817,1.9849,182100.69,0.0,0.0,0
15m,1765761300.0,1.9849,1.9849,1.9791,1.981,227816.37,0.0,0.0,0
15m,1765762200.0,1.981,2.0046,1.979,1.9947,776324.59,0.0,0.0,0
15m,1765763100.0,1.9947,2.0003,1.9926,1.9982,227413.17,0.0,0.0,0
15m,1765764000.0,1.9982,2.0074,1.9976,1.9993,317302.14,0.0,0.0,0
15m,1765764900.0,1.9993,2.0141,1.9993,2.007,372504.84,0.0,0.0,0
15m,1765765800.0,2.007,2.0077,1.9964,1.9975,204456.49,0.0,0.0,0
15m,1765766700.0,1.9975,1.9976,1.9931,1.9956,124130.4,0.0,0.0,0
15m,1765767600.0,1.9956,1.9965,1.9921,1.9935,137929.59,0.0,0.0,0
15m,1765768500.0,1.9935,2.0009,1.9935,1.9987,159464.29,0.0,0.0,0
15m,1765769400.0,1.9987,1.9998,1.9934,1.9941,284678.5,0.0,0.0,0
15m,1765770300.0,1.9941,1.9967,1.9941,1.9951,137959.6,0.0,0.0,0
15m,1765771200.0,1.9951,2.0007,1.9951,2.0002,147054.59,0.0,0.0,0
15m,1765772100.0,2.0002,2.0021,1.9927,1.9944,301725.04,0.0,0.0,0
15m,1765773000.0,1.9944,2.0002,1.9934,1.9999,150434.36,0.0,0.0,0
15m,1765773900.0,1.9999,2.0043,1.9992,2.0006,135174.04,0.0,0.0,0
15m,1765774800.0,2.0006,2.004,1.9982,2.0032,213274.69,0.0,0.0,0
15m,1765775700.0,2.0032,2.0038,1.9997,2.0007,145805.82,0.0,0.0,0
15m,1765776600.0,2.0007,2.0007,1.9964,1.9966,98790.55,0.0,0.0,0
15m,1765777500.0,1.9966,2.001,1.9966,2.0005,176111.91,0.0,0.0,0
15m,1765778400.0,2.0005,2.0022,1.9961,1.9961,94274.58,0.0,0.0,0
15m,1765779300.0,1.9961,1.9981,1.996,1.9968,63707.97,0.0,0.0,0
15m,1765780200.0,1.9968,1.9988,1.9962,1.9982,130146.43,0.0,0.0,0
15m,1765781100.0,1.9982,2.0055,1.9982,2.0019,327719.99,0.0,0.0,0
15m,1765782000.0,2.0019,2.0033,1.9948,1.9963,198250.84,0.0,0.0,0
15m,1765782900.0,1.9963,1.9986,1.9963,1.9969,112011.04,0.0,0.0,0
15m,1765783800.0,1.9969,1.9987,1.9933,1.9933,119251.32,0.0,0.0,0
15m,1765784700.0,1.9933,1.996,1.9929,1.995,180548.54,0.0,0.0,0
15m,1765785600.0,1.995,1.998,1.9906,1.991,390233.64,0.0,0.0,0
15m,1765786500.0,1.991,1.9983,1.9905,1.9965,169482.78,0.0,0.0,0
15m,1765787400.0,1.9965,1.999,1.9956,1.998,173035.57,0.0,0.0,0
15m,1765788300.0,1.998,1.9983,1.9935,1.9935,132284.68,0.0,0.0,0
15m,1765789200.0,1.9935,1.9999,1.9916,1.9973,178197.28,0.0,0.0,0
15m,1765790100.0,1.9973,1.9994,1.9964,1.9978,102790.34,0.0,0.0,0
15m,1765791000.0,1.9978,1.9984,1.9962,1.9971,100940.16,0.0,0.0,0
15m,1765791900.0,1.9971,2.0023,1.9961,1.9982,282367.18,0.0,0.0,0
15m,1765792800.0,1.9982,1.9996,1.9961,1.9966,166009.51,0.0,0.0,0
15m,1765793700.0,1.9966,2.0007,1.9941,1.9985,211503.41,0.0,0.0,0
15m,1765794600.0,1.9985,2.0012,1.9935,1.9942,345507.87,0.0,0.0,0
15m,1765795500.0,1.9942,1.9947,1.9931,1.9944,263681.47,0.0,0.0,0
15m,1765796400.0,1.9944,1.9954,1.9925,1.9933,222175.35,0.0,0.0,0
15m,1765797300.0,1.9933,1.9936,1.9916,1.992,223389.44,0.0,0.0,0
15m,1765798200.0,1.992,1.9925,1.9846,1.9856,402272.84,0.0,0.0,0
15m,1765799100.0,1.9856,1.9889,1.984,1.9879,199965.68,0.0,0.0,0
15m,1765800000.0,1.9879,1.9882,1.9826,1.9844,168387.13,0.0,0.0,0
15m,1765800900.0,1.9844,1.987,1.984,1.9846,203969.48,0.0,0.0,0
15m,1765801800.0,1.9846,1.9871,1.9845,1.9855,163228.74,0.0,0.0,0
15m,1765802700.0,1.9855,1.986,1.9833,1.9837,167585.67,0.0,0.0,0
15m,1765803600.0,1.9837,1.9847,1.9661,1.9729,944445.2,0.0,0.0,0
15m,1765804500.0,1.9729,1.9738,1.9584,1.9593,633529.56,0.0,0.0,0
15m,1765805400.0,1.9593,1.9683,1.9558,1.9678,659938.88,0.0,0.0,0
15m,1765806300.0,1.9678,1.9696,1.9639,1.9645,312300.44,0.0,0.0,0
15m,1765807200.0,1.9645,1.9768,1.9626,1.9765,340456.29,0.0,0.0,0
15m,1765808100.0,1.9765,1.9807,1.9688,1.9728,542971.35,0.0,0.0,0
15m,1765809000.0,1.9728,1.9805,1.9638,1.9671,715104.88,0.0,0.0,0
15m,1765809900.0,1.9671,1.9706,1.9298,1.9413,2180218.35,0.0,0.0,0
15m,1765810800.0,1.9413,1.9433,1.9234,1.9323,1852894.75,0.0,0.0,0
15m,1765811700.0,1.9323,1.9332,1.9127,1.9215,2014211.72,0.0,0.0,0
15m,1765812600.0,1.9215,1.9301,1.9171,1.9279,734793.4,0.0,0.0,0
15m,1765813500.0,1.9279,1.9353,1.9202,1.9256,777064.69,0.0,0.0,0
15m,1765814400.0,1.9256,1.9291,1.9185,1.9231,766966.36,0.0,0.0,0
15m,1765815300.0,1.9231,1.931,1.9221,1.9241,778937.91,0.0,0.0,0
15m,1765816200.0,1.9241,1.925,1.9071,1.9119,1037366.98,0.0,0.0,0
15m,1765817100.0,1.9119,1.9182,1.908,1.9127,733261.5,0.0,0.0,0
15m,1765818000.0,1.9127,1.9148,1.903,1.9051,904750.54,0.0,0.0,0
15m,1765818900.0,1.9051,1.9101,1.9037,1.9065,602306.5,0.0,0.0,0
15m,1765819800.0,1.9065,1.907,1.8953,1.8999,977655.87,0.0,0.0,0
15m,1765820700.0,1.8999,1.902,1.89,1.8915,461499.12,0.0,0.0,0
15m,1765821600.0,1.8915,1.8966,1.887,1.8946,430001.59,0.0,0.0,0
15m,1765822500.0,1.8946,1.8961,1.8834,1.8838,365954.73,0.0,0.0,0
15m,1765823400.0,1.8838,1.8893,1.8692,1.8832,1545203.19,0.0,0.0,0
15m,1765824300.0,1.8832,1.8946,1.882,1.8921,615981.18,0.0,0.0,0
15m,1765825200.0,1.8921,1.9034,1.8908,1.8929,606290.92,0.0,0.0,0
15m,1765826100.0,1.8929,1.9049,1.8913,1.9023,387755.6,0.0,0.0,0
15m,1765827000.0,1.9023,1.9084,1.9019,1.9046,417399.13,0.0,0.0,0
15m,1765827900.0,1.9046,1.9046,1.8952,1.8963,432576.82,0.0,0.0,0
15m,1765828800.0,1.8963,1.8963,1.8847,1.886,513093.17,0.0,0.0,0
15m,1765829700.0,1.886,1.887,1.8796,1.8843,290166.31,0.0,0.0,0
15m,1765830600.0,1.8843,1.8914,1.8811,1.8867,324092.3,0.0,0.0,0
15m,1765831500.0,1.8867,1.8884,1.8809,1.8832,523904.94,0.0,0.0,0
15m,1765832400.0,1.8832,1.8873,1.8804,1.8828,403203.95,0.0,0.0,0
15m,1765833300.0,1.8828,1.8972,1.8826,1.8961,398703.75,0.0,0.0,0
15m,1765834200.0,1.8961,1.8996,1.8924,1.8936,387930.29,0.0,0.0,0
15m,1765835100.0,1.8936,1.8945,1.8903,1.8913,457447.59,0.0,0.0,0
15m,1765836000.0,1.8913,1.8917,1.8842,1.8872,864926.28,0.0,0.0,0
15m,1765836900.0,1.8872,1.8889,1.8805,1.8841,456815.44,0.0,0.0,0
15m,1765837800.0,1.8841,1.8874,1.882,1.8851,301995.58,0.0,0.0,0
15m,1765838700.0,1.8851,1.8909,1.8835,1.8908,204678.26,0.0,0.0,0
15m,1765839600.0,1.8908,1.898,1.8899,1.8977,426646.04,0.0,0.0,0
15m,1765840500.0,1.8977,1.8977,1.8902,1.8921,503882.98,0.0,0.0,0
15m,1765841400.0,1.8921,1.8978,1.891,1.8978,301082.18,0.0,0.0,0
15m,1765842300.0,1.8978,1.8997,1.8947,1.8982,334085.34,0.0,0.0,0
15m,1765843200.0,1.8982,1.8985,1.8911,1.8912,396863.66,0.0,0.0,0
15m,1765844100.0,1.8912,1.8975,1.8879,1.8966,359784.96,0.0,0.0,0
15m,1765845000.0,1.8966,1.8966,1.8894,1.8897,495978.65,0.0,0.0,0
15m,1765845900.0,1.8897,1.8899,1.8784,1.879,746174.51,0.0,0.0,0
15m,1765846800.0,1.879,1.8931,1.878,1.889,452817.57,0.0,0.0,0
15m,1765847700.0,1.889,1.891,1.8774,1.8785,339603.76,0.0,0.0,0
15m,1765848600.0,1.8785,1.885,1.8737,1.8782,589083.27,0.0,0.0,0
15m,1765849500.0,1.8782,1.8802,1.8682,1.8725,641458.94,0.0,0.0,0
15m,1765850400.0,1.8725,1.8731,1.8599,1.8664,701897.47,0.0,0.0,0
15m,1765851300.0,1.8664,1.8767,1.8606,1.8762,508234.64,0.0,0.0,0
15m,1765852200.0,1.8762,1.877,1.8688,1.8705,153644.55,0.0,0.0,0
15m,1765853100.0,1.8705,1.8733,1.8653,1.869,349580.55,0.0,0.0,0
15m,1765854000.0,1.869,1.8733,1.861,1.8613,258931.12,0.0,0.0,0
15m,1765854900.0,1.8613,1.8673,1.8606,1.8672,244442.91,0.0,0.0,0
15m,1765855800.0,1.8672,1.8707,1.8553,1.8684,516041.91,0.0,0.0,0
15m,1765856700.0,1.8684,1.873,1.868,1.8726,292930.97,0.0,0.0,0
15m,1765857600.0,1.8726,1.8757,1.8692,1.8709,406571.34,0.0,0.0,0
15m,1765858500.0,1.8709,1.8712,1.8657,1.8659,198602.12,0.0,0.0,0
15m,1765859400.0,1.8659,1.8665,1.8621,1.8624,225231.72,0.0,0.0,0
15m,1765860300.0,1.8624,1.8731,1.8524,1.8728,771945.74,0.0,0.0,0
15m,1765861200.0,1.8728,1.8754,1.8708,1.8708,294294.72,0.0,0.0,0
15m,1765862100.0,1.8708,1.8724,1.8688,1.8699,137706.72,0.0,0.0,0
15m,1765863000.0,1.8699,1.8807,1.869,1.8807,367140.24,0.0,0.0,0
15m,1765863900.0,1.8807,1.884,1.8793,1.8819,226503.76,0.0,0.0,0
15m,1765864800.0,1.8819,1.8886,1.8812,1.8865,188901.85,0.0,0.0,0
15m,1765865700.0,1.8865,1.8909,1.8835,1.8891,267959.13,0.0,0.0,0
15m,1765866600.0,1.8891,1.8945,1.8885,1.8937,555755.54,0.0,0.0,0
15m,1765867500.0,1.8937,1.8976,1.8908,1.8947,290321.23,0.0,0.0,0
15m,1765868400.0,1.8947,1.8978,1.8905,1.8905,292959.68,0.0,0.0,0
15m,1765869300.0,1.8905,1.8924,1.8865,1.8874,288333.29,0.0,0.0,0
15m,1765870200.0,1.8874,1.8874,1.8758,1.8771,287551.69,0.0,0.0,0
15m,1765871100.0,1.8771,1.8784,1.8746,1.8756,194820.38,0.0,0.0,0
15m,1765872000.0,1.8756,1.8817,1.8742,1.8796,259493.41,0.0,0.0,0
15m,1765872900.0,1.8796,1.8804,1.8748,1.8801,231430.53,0.0,0.0,0
15m,1765873800.0,1.8801,1.883,1.876,1.8827,180901.18,0.0,0.0,0
15m,1765874700.0,1.8827,1.886,1.8749,1.8769,154346.01,0.0,0.0,0
15m,1765875600.0,1.8769,1.8799,1.8769,1.8794,94802.02,0.0,0.0,0
15m,1765876500.0,1.8794,1.882,1.8758,1.8764,160233.72,0.0,0.0,0
15m,1765877400.0,1.8764,1.882,1.8758,1.8816,202547.98,0.0,0.0,0
15m,1765878300.0,1.8816,1.8822,1.8777,1.8793,112196.7,0.0,0.0,0
15m,1765879200.0,1.8793,1.8832,1.8775,1.8815,124926.35,0.0,0.0,0
15m,1765880100.0,1.8815,1.8863,1.8798,1.8835,189954.11,0.0,0.0,0
15m,1765881000.0,1.8835,1.9085,1.8829,1.9048,791884.8,0.0,0.0,0
15m,1765881900.0,1.9048,1.912,1.9032,1.9067,821804.52,0.0,0.0,0
15m,1765882800.0,1.9067,1.911,1.9046,1.909,429915.86,0.0,0.0,0
15m,1765883700.0,1.909,1.9209,1.9089,1.9203,554768.41,0.0,0.0,0
15m,1765884600.0,1.9203,1.9255,1.9165,1.9207,868240.99,0.0,0.0,0
15m,1765885500.0,1.9207,1.922,1.9172,1.9208,566792.26,0.0,0.0,0
15m,1765886400.0,1.9208,1.9285,1.9201,1.925,464939.51,0.0,0.0,0
15m,1765887300.0,1.925,1.9314,1.9228,1.9255,310153.64,0.0,0.0,0
15m,1765888200.0,1.9255,1.9291,1.9205,1.928,370013.3,0.0,0.0,0
15m,1765889100.0,1.928,1.9391,1.9278,1.9355,409178.37,0.0,0.0,0
15m,1765890000.0,1.9355,1.938,1.9293,1.9346,382840.93,0.0,0.0,0
15m,1765890900.0,1.9346,1.944,1.934,1.9379,632780.46,0.0,0.0,0
15m,1765891800.0,1.9379,1.9491,1.9156,1.9168,1584263.86,0.0,0.0,0
15m,1765892700.0,1.9168,1.9247,1.9079,1.9086,838445.52,0.0,0.0,0
15m,1765893600.0,1.9086,1.9245,1.8991,1.9203,1101927.57,0.0,0.0,0
15m,1765894500.0,1.9203,1.9259,1.914,1.9182,313166.63,0.0,0.0,0
15m,1765895400.0,1.9182,1.9294,1.9121,1.9143,1302291.83,0.0,0.0,0
15m,1765896300.0,1.9143,1.9351,1.9063,1.9238,1443214.26,0.0,0.0,0
15m,1765897200.0,1.9238,1.9334,1.915,1.9267,681000.15,0.0,0.0,0
15m,1765898100.0,1.9267,1.93,1.9169,1.9274,813266.06,0.0,0.0,0
15m,1765899000.0,1.9274,1.9332,1.9234,1.9318,520805.42,0.0,0.0,0
15m,1765899900.0,1.9318,1.9461,1.9297,1.9409,1197372.91,0.0,0.0,0
15m,1765900800.0,1.9409,1.9429,1.9352,1.9371,425265.82,0.0,0.0,0
15m,1765901700.0,1.9371,1.9372,1.9301,1.933,407478.19,0.0,0.0,0
15m,1765902600.0,1.933,1.933,1.9179,1.9214,422117.83,0.0,0.0,0
15m,1765903500.0,1.9214,1.9307,1.9208,1.9281,431855.75,0.0,0.0,0
15m,1765904400.0,1.9281,1.9336,1.9228,1.9328,391297.98,0.0,0.0,0
15m,1765905300.0,1.9328,1.9349,1.918,1.9208,187899.52,0.0,0.0,0
15m,1765906200.0,1.9208,1.9283,1.918,1.9198,326287.39,0.0,0.0,0
15m,1765907100.0,1.9198,1.9212,1.9146,1.9165,274165.68,0.0,0.0,0
15m,1765908000.0,1.9165,1.9252,1.9141,1.9225,502926.54,0.0,0.0,0
15m,1765908900.0,1.9225,1.9226,1.9165,1.9189,151467.67,0.0,0.0,0
15m,1765909800.0,1.9189,1.9328,1.9189,1.932,349861.23,0.0,0.0,0
15m,1765910700.0,1.932,1.9387,1.9298,1.9306,332985.92,0.0,0.0,0
15m,1765911600.0,1.9306,1.931,1.9174,1.9174,200765.98,0.0,0.0,0
15m,1765912500.0,1.9174,1.9215,1.9156,1.9177,205766.23,0.0,0.0,0
15m,1765913400.0,1.9177,1.9246,1.9177,1.9231,136976.66,0.0,0.0,0
15m,1765914300.0,1.9231,1.9336,1.9222,1.9269,269361.38,0.0,0.0,0
15m,1765915200.0,1.9269,1.9311,1.9236,1.9241,108287.37,0.0,0.0,0
15m,1765916100.0,1.9241,1.9315,1.9224,1.9298,110598.19,0.0,0.0,0
15m,1765917000.0,1.9298,1.9334,1.928,1.9314,122549.93,0.0,0.0,0
15m,1765917900.0,1.9314,1.9323,1.9254,1.9273,262442.39,0.0,0.0,0
15m,1765918800.0,1.9273,1.9274,1.9185,1.9229,422310.31,0.0,0.0,0
15m,1765919700.0,1.9229,1.9286,1.9224,1.9274,124205.87,0.0,0.0,0
15m,1765920600.0,1.9274,1.9305,1.9274,1.9285,65182.34,0.0,0.0,0
15m,1765921500.0,1.9285,1.9288,1.9255,1.9266,157339.76,0.0,0.0,0
15m,1765922400.0,1.9266,1.9278,1.9231,1.9242,196516.08,0.0,0.0,0
15m,1765923300.0,1.9242,1.9305,1.9237,1.9277,119455.53,0.0,0.0,0
15m,1765924200.0,1.9277,1.9294,1.9258,1.9279,112077.63,0.0,0.0,0
15m,1765925100.0,1.9279,1.928,1.9261,1.927,64674.59,0.0,0.0,0
15m,1765926000.0,1.927,1.928,1.9233,1.928,91620.77,0.0,0.0,0
15m,1765926900.0,1.928,1.93,1.9249,1.9259,143976.15,0.0,0.0,0
15m,1765927800.0,1.9259,1.9277,1.9232,1.9276,117110.73,0.0,0.0,0
15m,1765928700.0,1.9276,1.9314,1.9276,1.9294,125563.87,0.0,0.0,0
15m,1765929600.0,1.9294,1.9294,1.9228,1.9237,268726.81,0.0,0.0,0
15m,1765930500.0,1.9237,1.9278,1.921,1.9263,270951.37,0.0,0.0,0
15m,1765931400.0,1.9263,1.9263,1.9193,1.9205,309381.39,0.0,0.0,0
15m,1765932300.0,1.9205,1.9257,1.919,1.9239,380143.15,0.0,0.0,0
15m,1765933200.0,1.9239,1.9316,1.9239,1.9284,367204.56,0.0,0.0,0
15m,1765934100.0,1.9284,1.9397,1.9284,1.9325,532340.3,0.0,0.0,0
15m,1765935000.0,1.9325,1.9354,1.9249,1.925,323166.32,0.0,0.0,0
15m,1765935900.0,1.925,1.9272,1.9206,1.9226,374619.27,0.0,0.0,0
15m,1765936800.0,1.9226,1.9234,1.9171,1.9177,280186.78,0.0,0.0,0
15m,1765937700.0,1.9177,1.9194,1.9156,1.9174,445825.49,0.0,0.0,0
15m,1765938600.0,1.9174,1.9252,1.9128,1.9252,423534.2,0.0,0.0,0
15m,1765939500.0,1.9252,1.9342,1.9252,1.9311,305093.28,0.0,0.0,0
15m,1765940400.0,1.9311,1.9371,1.9289,1.9291,354023.03,0.0,0.0,0
15m,1765941300.0,1.9291,1.932,1.9286,1.9307,131532.85,0.0,0.0,0
15m,1765942200.0,1.9307,1.9324,1.9282,1.9311,185516.39,0.0,0.0,0
15m,1765943100.0,1.9311,1.9314,1.9254,1.9254,113042.06,0.0,0.0,0
15m,1765944000.0,1.9254,1.9292,1.9254,1.9258,244971.58,0.0,0.0,0
15m,1765944900.0,1.9258,1.9266,1.919,1.9216,258914.06,0.0,0.0,0
15m,1765945800.0,1.9216,1.9244,1.9186,1.9212,194721.97,0.0,0.0,0
15m,1765946700.0,1.9212,1.9212,1.9177,1.9185,145178.09,0.0,0.0,0
15m,1765947600.0,1.9185,1.9195,1.9098,1.9155,298772.11,0.0,0.0,0
15m,1765948500.0,1.9155,1.9165,1.9061,1.9109,255476.1,0.0,0.0,0
15m,1765949400.0,1.9109,1.9155,1.9081,1.9147,274656.36,0.0,0.0,0
15m,1765950300.0,1.9147,1.9218,1.9138,1.9201,263855.89,0.0,0.0,0
15m,1765951200.0,1.9201,1.9276,1.9199,1.9258,324627.93,0.0,0.0,0
15m,1765952100.0,1.9258,1.9299,1.9246,1.9262,136615.11,0.0,0.0,0
15m,1765953000.0,1.9262,1.9266,1.9223,1.9227,157454.67,0.0,0.0,0
15m,1765953900.0,1.9227,1.9231,1.9205,1.9223,88121.95,0.0,0.0,0
15m,1765954800.0,1.9223,1.9274,1.9196,1.9197,147558.99,0.0,0.0,0
15m,1765955700.0,1.9197,1.9227,1.9189,1.9219,189262.97,0.0,0.0,0
15m,1765956600.0,1.9219,1.932,1.9209,1.9255,494447.48,0.0,0.0,0
15m,1765957500.0,1.9255,1.9261,1.9233,1.9237,215511.19,0.0,0.0,0
15m,1765958400.0,1.9237,1.9239,1.9203,1.921,189310.73,0.0,0.0,0
15m,1765959300.0,1.921,1.9222,1.9109,1.9117,217549.28,0.0,0.0,0
15m,1765960200.0,1.9117,1.9134,1.9082,1.9101,193377.42,0.0,0.0,0
15m,1765961100.0,1.9101,1.9101,1.9054,1.9076,319769.7,0.0,0.0,0
15m,1765962000.0,1.9076,1.9081,1.9037,1.9046,277130.03,0.0,0.0,0
15m,1765962900.0,1.9046,1.9062,1.8991,1.9015,249621.84,0.0,0.0,0
15m,1765963800.0,1.9015,1.9054,1.9,1.9053,225240.86,0.0,0.0,0
15m,1765964700.0,1.9053,1.9053,1.9019,1.9025,111506.04,0.0,0.0,0
15m,1765965600.0,1.9025,1.9055,1.8968,1.9045,357725.1,0.0,0.0,0
15m,1765966500.0,1.9045,1.9074,1.9019,1.9047,254708.22,0.0,0.0,0
15m,1765967400.0,1.9047,1.9091,1.9015,1.9067,209333.35,0.0,0.0,0
15m,1765968300.0,1.9067,1.9083,1.9041,1.9072,356528.76,0.0,0.0,0
15m,1765969200.0,1.9072,1.9142,1.9064,1.9132,255952.83,0.0,0.0,0
15m,1765970100.0,1.9132,1.9142,1.9095,1.9097,201575.75,0.0,0.0,0
15m,1765971000.0,1.9097,1.9147,1.9094,1.9142,77713.2,0.0,0.0,0
15m,1765971900.0,1.9142,1.9176,1.9122,1.9132,200295.57,0.0,0.0,0
15m,1765972800.0,1.9132,1.916,1.9113,1.912,255714.96,0.0,0.0,0
15m,1765973700.0,1.912,1.913,1.9089,1.9122,397418.61,0.0,0.0,0
15m,1765974600.0,1.9122,1.9124,1.9078,1.9083,362705.19,0.0,0.0,0
15m,1765975500.0,1.9083,1.9122,1.9072,1.9114,304251.36,0.0,0.0,0
15m,1765976400.0,1.9114,1.9179,1.9088,1.9093,276362.42,0.0,0.0,0
15m,1765977300.0,1.9093,1.9102,1.9052,1.9079,396823.06,0.0,0.0,0
15m,1765978200.0,1.9079,1.9156,1.9066,1.9152,175638.66,0.0,0.0,0
15m,1765979100.0,1.9152,1.9284,1.9147,1.9211,760883.68,0.0,0.0,0
15m,1765980000.0,1.9211,1.9246,1.9185,1.9199,372988.68,0.0,0.0,0
15m,1765980900.0,1.9199,1.9308,1.9199,1.9268,752124.35,0.0,0.0,0
15m,1765981800.0,1.9268,1.9308,1.9156,1.9193,873187.24,0.0,0.0,0
15m,1765982700.0,1.9193,1.9673,1.905,1.9634,3687162.57,0.0,0.0,0
15m,1765983600.0,1.9634,1.9842,1.9541,1.983,3379990.07,0.0,0.0,0
15m,1765984500.0,1.983,1.9875,1.9628,1.9706,1297995.55,0.0,0.0,0
15m,1765985400.0,1.9706,1.9736,1.9329,1.9379,1672323.65,0.0,0.0,0
15m,1765986300.0,1.9379,1.9392,1.9068,1.9113,3106366.78,0.0,0.0,0
15m,1765987200.0,1.9113,1.923,1.9036,1.9036,827848.88,0.0,0.0,0
15m,1765988100.0,1.9036,1.9036,1.8793,1.8862,2608786.62,0.0,0.0,0
15m,1765989000.0,1.8862,1.8959,1.8782,1.8871,1124086.97,0.0,0.0,0
15m,1765989900.0,1.8871,1.8988,1.8844,1.8988,505320.33,0.0,0.0,0
15m,1765990800.0,1.8988,1.9011,1.8795,1.885,928237.88,0.0,0.0,0
15m,1765991700.0,1.885,1.8931,1.8796,1.8867,930603.96,0.0,0.0,0
15m,1765992600.0,1.8867,1.8891,1.8733,1.8736,836472.14,0.0,0.0,0
15m,1765993500.0,1.8736,1.8807,1.8702,1.8729,819801.92,0.0,0.0,0
15m,1765994400.0,1.8729,1.8821,1.8722,1.8763,694356.24,0.0,0.0,0
15m,1765995300.0,1.8763,1.88,1.8704,1.8749,817737.48,0.0,0.0,0
15m,1765996200.0,1.8749,1.8756,1.8542,1.8591,1582256.51,0.0,0.0,0
15m,1765997100.0,1.8591,1.8611,1.8527,1.8585,1370672.16,0.0,0.0,0
15m,1765998000.0,1.8585,1.8605,1.8475,1.8523,1469101.81,0.0,0.0,0
15m,1765998900.0,1.8523,1.8597,1.8509,1.853,813887.49,0.0,0.0,0
15m,1765999800.0,1.853,1.8574,1.8477,1.8509,626809.09,0.0,0.0,0
15m,1766000700.0,1.8509,1.8669,1.8504,1.865,641624.26,0.0,0.0,0
15m,1766001600.0,1.865,1.8662,1.8578,1.8607,368737.06,0.0,0.0,0
15m,1766002500.0,1.8607,1.8836,1.8602,1.8829,817176.42,0.0,0.0,0
15m,1766003400.0,1.8829,1.8841,1.8744,1.8817,580331.71,0.0,0.0,0
15m,1766004300.0,1.8817,1.8831,1.8738,1.8773,657101.62,0.0,0.0,0
15m,1766005200.0,1.8773,1.8777,1.8714,1.8723,460171.87,0.0,0.0,0
15m,1766006100.0,1.8723,1.8729,1.8631,1.865,499374.76,0.0,0.0,0
15m,1766007000.0,1.865,1.8671,1.8594,1.865,512557.04,0.0,0.0,0
15m,1766007900.0,1.865,1.865,1.8591,1.8638,251502.07,0.0,0.0,0
15m,1766008800.0,1.8638,1.8674,1.8552,1.863,429429.24,0.0,0.0,0
15m,1766009700.0,1.863,1.8729,1.8591,1.8682,249127.99,0.0,0.0,0
15m,1766010600.0,1.8682,1.8694,1.862,1.8645,214926.51,0.0,0.0,0
15m,1766011500.0,1.8645,1.8724,1.8635,1.8685,103395.68,0.0,0.0,0
15m,1766012400.0,1.8685,1.8687,1.8592,1.8594,203453.26,0.0,0.0,0
15m,1766013300.0,1.8594,1.8603,1.8566,1.8586,180941.81,0.0,0.0,0
15m,1766014200.0,1.8586,1.8632,1.858,1.8624,262486.61,0.0,0.0,0
15m,1766015100.0,1.8624,1.8633,1.8612,1.8625,225112.3,0.0,0.0,0
15m,1766016000.0,1.8625,1.8648,1.8594,1.8608,143089.89,0.0,0.0,0
15m,1766016900.0,1.8608,1.8699,1.8595,1.8684,352898.3,0.0,0.0,0
15m,1766017800.0,1.8684,1.8698,1.8644,1.8653,212458.12,0.0,0.0,0
15m,1766018700.0,1.8653,1.8702,1.8647,1.8695,159195.47,0.0,0.0,0
15m,1766019600.0,1.8695,1.8695,1.854,1.8574,409175.15,0.0,0.0,0
15m,1766020500.0,1.8574,1.8611,1.8537,1.8574,240946.71,0.0,0.0,0
15m,1766021400.0,1.8574,1.8609,1.854,1.8572,257729.38,0.0,0.0,0
15m,1766022300.0,1.8572,1.8596,1.8518,1.856,405698.63,0.0,0.0,0
15m,1766023200.0,1.856,1.8667,1.8534,1.8645,616860.99,0.0,0.0,0
15m,1766024100.0,1.8645,1.8723,1.8587,1.863,585457.64,0.0,0.0,0
15m,1766025000.0,1.863,1.8677,1.8625,1.8669,403233.02,0.0,0.0,0
15m,1766025900.0,1.8669,1.8683,1.8628,1.864,225755.01,0.0,0.0,0
15m,1766026800.0,1.864,1.8646,1.8604,1.8609,159515.5,0.0,0.0,0
15m,1766027700.0,1.8609,1.8609,1.8537,1.8543,272713.09,0.0,0.0,0
15m,1766028600.0,1.8543,1.8573,1.8521,1.8551,262714.3,0.0,0.0,0
15m,1766029500.0,1.8551,1.8572,1.8545,1.8559,230688.32,0.0,0.0,0
15m,1766030400.0,1.8559,1.8621,1.8548,1.8586,288009.46,0.0,0.0,0
15m,1766031300.0,1.8586,1.8613,1.8572,1.8582,137615.15,0.0,0.0,0
15m,1766032200.0,1.8582,1.8605,1.8557,1.858,261763.02,0.0,0.0,0
15m,1766033100.0,1.858,1.858,1.8537,1.8541,239039.27,0.0,0.0,0
15m,1766034000.0,1.8541,1.8545,1.8425,1.844,655680.27,0.0,0.0,0
15m,1766034900.0,1.844,1.8449,1.8372,1.8377,905187.63,0.0,0.0,0
15m,1766035800.0,1.8377,1.8428,1.8315,1.8403,773238.45,0.0,0.0,0
15m,1766036700.0,1.8403,1.8406,1.8304,1.8317,381618.91,0.0,0.0,0
15m,1766037600.0,1.8317,1.8367,1.8302,1.8353,284984.02,0.0,0.0,0
15m,1766038500.0,1.8353,1.8369,1.8319,1.8328,219805.94,0.0,0.0,0
15m,1766039400.0,1.8328,1.8354,1.8307,1.8312,467651.71,0.0,0.0,0
15m,1766040300.0,1.8312,1.8348,1.8266,1.8336,507169.4,0.0,0.0,0
15m,1766041200.0,1.8336,1.842,1.8333,1.8413,637503.71,0.0,0.0,0
15m,1766042100.0,1.8413,1.844,1.8405,1.8435,150459.03,0.0,0.0,0
15m,1766043000.0,1.8435,1.8439,1.8363,1.8367,166472.61,0.0,0.0,0
15m,1766043900.0,1.8367,1.8414,1.8358,1.8414,195932.07,0.0,0.0,0
15m,1766044800.0,1.8414,1.8431,1.838,1.8417,168438.79,0.0,0.0,0
15m,1766045700.0,1.8417,1.8496,1.8395,1.8465,313779.31,0.0,0.0,0
15m,1766046600.0,1.8465,1.85,1.8449,1.847,408333.07,0.0,0.0,0
15m,1766047500.0,1.847,1.8548,1.8458,1.8545,742624.71,0.0,0.0,0
15m,1766048400.0,1.8545,1.8567,1.8491,1.8525,147703.53,0.0,0.0,0
15m,1766049300.0,1.8525,1.8586,1.8518,1.8586,176253.45,0.0,0.0,0
15m,1766050200.0,1.8586,1.8687,1.8579,1.8687,476276.98,0.0,0.0,0
15m,1766051100.0,1.8687,1.8725,1.8677,1.8699,574874.98,0.0,0.0,0
15m,1766052000.0,1.8699,1.879,1.869,1.8781,538833.81,0.0,0.0,0
15m,1766052900.0,1.8781,1.8807,1.8734,1.8783,367563.83,0.0,0.0,0
15m,1766053800.0,1.8783,1.8812,1.8727,1.8763,486048.34,0.0,0.0,0
15m,1766054700.0,1.8763,1.8777,1.874,1.8769,408564.2,0.0,0.0,0
15m,1766055600.0,1.8769,1.8781,1.8712,1.8722,644485.12,0.0,0.0,0
15m,1766056500.0,1.8722,1.8733,1.8664,1.8683,435916.2,0.0,0.0,0
15m,1766057400.0,1.8683,1.8709,1.8669,1.8701,179985.07,0.0,0.0,0
15m,1766058300.0,1.8701,1.878,1.8697,1.878,332067.14,0.0,0.0,0
15m,1766059200.0,1.878,1.8802,1.8721,1.8721,288920.53,0.0,0.0,0
15m,1766060100.0,1.8721,1.8794,1.8718,1.8759,333416.44,0.0,0.0,0
15m,1766061000.0,1.8759,1.8887,1.8759,1.8859,605487.87,0.0,0.0,0
15m,1766061900.0,1.8859,1.8881,1.8809,1.8822,194693.26,0.0,0.0,0
15m,1766062800.0,1.8822,1.8984,1.8822,1.8967,970467.67,0.0,0.0,0
15m,1766063700.0,1.8967,1.8984,1.8903,1.8919,515526.15,0.0,0.0,0
15m,1766064600.0,1.8919,1.9196,1.8919,1.9181,2544593.44,0.0,0.0,0
15m,1766065500.0,1.9181,1.9243,1.9131,1.9137,1690211.19,0.0,0.0,0
15m,1766066400.0,1.9137,1.9265,1.8917,1.893,1154423.46,0.0,0.0,0
15m,1766067300.0,1.893,1.9135,1.8929,1.9098,926007.91,0.0,0.0,0
15m,1766068200.0,1.9098,1.9214,1.891,1.8938,1338322.89,0.0,0.0,0
15m,1766069100.0,1.8938,1.9049,1.8898,1.9023,704507.72,0.0,0.0,0
15m,1766070000.0,1.9023,1.9108,1.8956,1.8999,724119.78,0.0,0.0,0
15m,1766070900.0,1.8999,1.9198,1.8965,1.9192,680484.22,0.0,0.0,0
15m,1766071800.0,1.9192,1.9339,1.9127,1.9283,1539778.04,0.0,0.0,0
15m,1766072700.0,1.9283,1.9283,1.9162,1.9199,916055.29,0.0,0.0,0
15m,1766073600.0,1.9199,1.9206,1.9125,1.9125,436089.17,0.0,0.0,0
15m,1766074500.0,1.9125,1.9172,1.9052,1.9086,675809.75,0.0,0.0,0
15m,1766075400.0,1.9086,1.9146,1.906,1.9137,294355.93,0.0,0.0,0
15m,1766076300.0,1.9137,1.9146,1.9081,1.9104,319672.68,0.0,0.0,0
15m,1766077200.0,1.9104,1.9107,1.8665,1.8688,1640306.59,0.0,0.0,0
15m,1766078100.0,1.8688,1.8688,1.8386,1.8533,2925761.94,0.0,0.0,0
15m,1766079000.0,1.8533,1.8728,1.8466,1.8709,715556.74,0.0,0.0,0
15m,1766079900.0,1.8709,1.8724,1.8606,1.8667,349627.77,0.0,0.0,0
15m,1766080800.0,1.8667,1.8765,1.8618,1.8729,505662.64,0.0,0.0,0
15m,1766081700.0,1.8729,1.8741,1.857,1.8589,317698.2,0.0,0.0,0
15m,1766082600.0,1.8589,1.8658,1.8576,1.8607,271935.32,0.0,0.0,0
15m,1766083500.0,1.8607,1.8607,1.8402,1.8436,609162.51,0.0,0.0,0
15m,1766084400.0,1.8436,1.8463,1.8291,1.8346,888458.04,0.0,0.0,0
15m,1766085300.0,1.8346,1.8423,1.8276,1.8348,1018799.5,0.0,0.0,0
15m,1766086200.0,1.8348,1.8379,1.8121,1.8147,1508333.77,0.0,0.0,0
15m,1766087100.0,1.8147,1.8168,1.8008,1.8063,1809580.3,0.0,0.0,0
15m,1766088000.0,1.8063,1.8229,1.8049,1.8193,1067928.13,0.0,0.0,0
15m,1766088900.0,1.8193,1.8214,1.8108,1.8134,624929.65,0.0,0.0,0
15m,1766089800.0,1.8134,1.8148,1.8082,1.8084,480822.01,0.0,0.0,0
15m,1766090700.0,1.8084,1.8117,1.8009,1.8019,1038525.79,0.0,0.0,0
15m,1766091600.0,1.8019,1.8185,1.8018,1.8158,1486139.3,0.0,0.0,0
15m,1766092500.0,1.8158,1.8203,1.8099,1.8194,1116290.58,0.0,0.0,0
15m,1766093400.0,1.8194,1.8235,1.8105,1.8139,533159.1,0.0,0.0,0
15m,1766094300.0,1.8139,1.8205,1.8124,1.8198,277545.85,0.0,0.0,0
15m,1766095200.0,1.8198,1.8249,1.8167,1.8182,455225.05,0.0,0.0,0
15m,1766096100.0,1.8182,1.8206,1.8146,1.8198,208550.88,0.0,0.0,0
15m,1766097000.0,1.8198,1.8226,1.8148,1.8171,303446.76,0.0,0.0,0
15m,1766097900.0,1.8171,1.8209,1.8161,1.8189,60015.93,0.0,0.0,0
15m,1766098800.0,1.8189,1.8189,1.8115,1.8157,284774.42,0.0,0.0,0
15m,1766099700.0,1.8157,1.8158,1.8097,1.8106,343683.43,0.0,0.0,0
15m,1766100600.0,1.8106,1.814,1.8075,1.808,341364.18,0.0,0.0,0
15m,1766101500.0,1.808,1.8107,1.8067,1.8075,290067.19,0.0,0.0,0
15m,1766102400.0,1.8075,1.8119,1.8045,1.807,398862.28,0.0,0.0,0
15m,1766103300.0,1.807,1.8086,1.7891,1.7892,917629.22,0.0,0.0,0
15m,1766104200.0,1.7892,1.7919,1.7818,1.7821,762748.77,0.0,0.0,0
15m,1766105100.0,1.7821,1.7949,1.7813,1.7929,738961.79,0.0,0.0,0
15m,1766106000.0,1.7929,1.793,1.7809,1.7854,628113.14,0.0,0.0,0
15m,1766106900.0,1.7854,1.7913,1.7761,1.7762,493612.48,0.0,0.0,0
15m,1766107800.0,1.7762,1.7785,1.7717,1.7739,760651.4,0.0,0.0,0
15m,1766108700.0,1.7739,1.784,1.7715,1.7826,537179.82,0.0,0.0,0
15m,1766109600.0,1.7826,1.7826,1.7742,1.7763,658959.88,0.0,0.0,0
15m,1766110500.0,1.7763,1.7884,1.7744,1.7858,778340.31,0.0,0.0,0
15m,1766111400.0,1.7858,1.7871,1.7792,1.7862,826740.14,0.0,0.0,0
15m,1766112300.0,1.7862,1.7986,1.7862,1.7942,1002181.62,0.0,0.0,0
15m,1766113200.0,1.7942,1.8203,1.7937,1.8175,1638011.27,0.0,0.0,0
15m,1766114100.0,1.8175,1.8437,1.805,1.8413,2196218.59,0.0,0.0,0
15m,1766115000.0,1.8413,1.8534,1.8319,1.8419,2056424.58,0.0,0.0,0
15m,1766115900.0,1.8419,1.8535,1.8363,1.8399,1268705.44,0.0,0.0,0
15m,1766116800.0,1.8399,1.8492,1.8378,1.8483,1318633.66,0.0,0.0,0
15m,1766117700.0,1.8483,1.8495,1.842,1.8453,798451.9,0.0,0.0,0
15m,1766118600.0,1.8453,1.849,1.8373,1.8409,414562.67,0.0,0.0,0
15m,1766119500.0,1.8409,1.8441,1.839,1.8398,209953.98,0.0,0.0,0
15m,1766120400.0,1.8398,1.8406,1.8289,1.834,643545.46,0.0,0.0,0
15m,1766121300.0,1.834,1.8342,1.8259,1.829,533596.34,0.0,0.0,0
15m,1766122200.0,1.829,1.8338,1.8263,1.8301,299106.42,0.0,0.0,0
15m,1766123100.0,1.8301,1.8343,1.8274,1.8286,388784.86,0.0,0.0,0
15m,1766124000.0,1.8286,1.8356,1.8256,1.8332,451691.74,0.0,0.0,0
15m,1766124900.0,1.8332,1.837,1.8293,1.8369,288300.07,0.0,0.0,0
15m,1766125800.0,1.8369,1.8459,1.8351,1.8453,292769.72,0.0,0.0,0
15m,1766126700.0,1.8453,1.8519,1.8394,1.8512,494126.19,0.0,0.0,0
15m,1766127600.0,1.8512,1.8769,1.8511,1.8694,1589775.75,0.0,0.0,0
15m,1766128500.0,1.8694,1.8719,1.8612,1.8629,1053335.06,0.0,0.0,0
15m,1766129400.0,1.8629,1.8676,1.8589,1.8656,783826.03,0.0,0.0,0
15m,1766130300.0,1.8656,1.8679,1.8632,1.8676,365573.69,0.0,0.0,0
15m,1766131200.0,1.8676,1.8704,1.8623,1.8644,533729.01,0.0,0.0,0
15m,1766132100.0,1.8644,1.8675,1.8596,1.8599,337704.15,0.0,0.0,0
15m,1766133000.0,1.8599,1.8708,1.8599,1.8675,337727.1,0.0,0.0,0
15m,1766133900.0,1.8675,1.8719,1.8664,1.8668,297253.29,0.0,0.0,0
15m,1766134800.0,1.8668,1.8699,1.864,1.8671,244488.71,0.0,0.0,0
15m,1766135700.0,1.8671,1.8683,1.8651,1.8658,193559.34,0.0,0.0,0
15m,1766136600.0,1.8658,1.8688,1.8623,1.865,265180.03,0.0,0.0,0
15m,1766137500.0,1.865,1.8658,1.8619,1.8654,212429.95,0.0,0.0,0
15m,1766138400.0,1.8654,1.8696,1.862,1.8681,383537.43,0.0,0.0,0
15m,1766139300.0,1.8681,1.8693,1.8624,1.8641,328702.1,0.0,0.0,0
15m,1766140200.0,1.8641,1.867,1.8641,1.8654,269059.87,0.0,0.0,0
15m,1766141100.0,1.8654,1.8677,1.8642,1.8673,539571.11,0.0,0.0,0
15m,1766142000.0,1.8673,1.8696,1.8635,1.8686,461459.84,0.0,0.0,0
15m,1766142900.0,1.8686,1.8692,1.8651,1.8673,447105.96,0.0,0.0,0
15m,1766143800.0,1.8673,1.8716,1.8659,1.8705,399206.96,0.0,0.0,0
15m,1766144700.0,1.8705,1.872,1.8698,1.8707,187811.64,0.0,0.0,0
15m,1766145600.0,1.8707,1.8751,1.8657,1.8734,444030.67,0.0,0.0,0
15m,1766146500.0,1.8734,1.876,1.871,1.8736,496268.35,0.0,0.0,0
15m,1766147400.0,1.8736,1.8802,1.8713,1.8787,979931.46,0.0,0.0,0
15m,1766148300.0,1.8787,1.8879,1.8772,1.8795,1170175.84,0.0,0.0,0
15m,1766149200.0,1.8795,1.8843,1.8778,1.8832,730208.33,0.0,0.0,0
15m,1766150100.0,1.8832,1.8848,1.8796,1.8798,423876.15,0.0,0.0,0
15m,1766151000.0,1.8798,1.8799,1.8697,1.8732,773771.95,0.0,0.0,0
15m,1766151900.0,1.8732,1.8733,1.8642,1.8672,826474.04,0.0,0.0,0
15m,1766152800.0,1.8672,1.8799,1.8657,1.8773,733708.12,0.0,0.0,0
15m,1766153700.0,1.8773,1.8817,1.8658,1.8721,601861.2,0.0,0.0,0
15m,1766154600.0,1.8721,1.8894,1.8645,1.8891,1443913.37,0.0,0.0,0
15m,1766155500.0,1.8891,1.8906,1.8717,1.8772,1569561.59,0.0,0.0,0
15m,1766156400.0,1.8772,1.8889,1.8745,1.8859,862267.38,0.0,0.0,0
15m,1766157300.0,1.8859,1.9052,1.8745,1.8779,2542930.86,0.0,0.0,0
15m,1766158200.0,1.8779,1.8846,1.8718,1.8793,1036210.87,0.0,0.0,0
15m,1766159100.0,1.8793,1.8805,1.8731,1.8759,766197.63,0.0,0.0,0
15m,1766160000.0,1.8759,1.8937,1.8742,1.8913,993638.7,0.0,0.0,0
15m,1766160900.0,1.8913,1.8942,1.887,1.89,521369.86,0.0,0.0,0
15m,1766161800.0,1.89,1.9019,1.8887,1.8946,1042317.34,0.0,0.0,0
15m,1766162700.0,1.8946,1.8965,1.885,1.8885,728694.35,0.0,0.0,0
15m,1766163600.0,1.8885,1.9079,1.8881,1.9036,1069403.63,0.0,0.0,0
15m,1766164500.0,1.9036,1.9079,1.8914,1.8914,1103936.2,0.0,0.0,0
15m,1766165400.0,1.8914,1.8941,1.8781,1.8814,1278773.94,0.0,0.0,0
15m,1766166300.0,1.8814,1.8908,1.8737,1.874,649853.71,0.0,0.0,0
15m,1766167200.0,1.874,1.8827,1.874,1.8824,456729.92,0.0,0.0,0
15m,1766168100.0,1.8824,1.892,1.8809,1.8902,336247.45,0.0,0.0,0
15m,1766169000.0,1.8902,1.8913,1.8855,1.8885,176872.42,0.0,0.0,0
15m,1766169900.0,1.8885,1.8985,1.8858,1.894,458266.17,0.0,0.0,0
15m,1766170800.0,1.894,1.9029,1.894,1.9006,377901.32,0.0,0.0,0
15m,1766171700.0,1.9006,1.9116,1.9,1.908,683430.2,0.0,0.0,0
15m,1766172600.0,1.908,1.9178,1.9061,1.9168,806426.57,0.0,0.0,0
15m,1766173500.0,1.9168,1.9185,1.9063,1.9079,523821.43,0.0,0.0,0
15m,1766174400.0,1.9079,1.9123,1.9064,1.9098,313120.25,0.0,0.0,0
15m,1766175300.0,1.9098,1.9178,1.9085,1.9122,318883.1,0.0,0.0,0
15m,1766176200.0,1.9122,1.9215,1.9092,1.911,409931.76,0.0,0.0,0
15m,1766177100.0,1.911,1.9166,1.9046,1.9104,754955.18,0.0,0.0,0
15m,1766178000.0,1.9104,1.9104,1.9047,1.9075,653662.57,0.0,0.0,0
15m,1766178900.0,1.9075,1.9122,1.9061,1.9062,250967.11,0.0,0.0,0
15m,1766179800.0,1.9062,1.91,1.9055,1.9063,131818.59,0.0,0.0,0
15m,1766180700.0,1.9063,1.907,1.9007,1.9027,236739.61,0.0,0.0,0
15m,1766181600.0,1.9027,1.9098,1.9011,1.9041,233888.59,0.0,0.0,0
15m,1766182500.0,1.9041,1.9101,1.9041,1.9093,139000.8,0.0,0.0,0
15m,1766183400.0,1.9093,1.9109,1.9069,1.91,130336.69,0.0,0.0,0
15m,1766184300.0,1.91,1.9112,1.9073,1.9078,75625.93,0.0,0.0,0
15m,1766185200.0,1.9078,1.9078,1.903,1.9031,133203.52,0.0,0.0,0
15m,1766186100.0,1.9031,1.9073,1.9029,1.9055,233535.08,0.0,0.0,0
15m,1766187000.0,1.9055,1.9067,1.9026,1.9061,87112.11,0.0,0.0,0
15m,1766187900.0,1.9061,1.9099,1.9057,1.9093,96690.4,0.0,0.0,0
15m,1766188800.0,1.9093,1.9104,1.9017,1.9082,227705.06,0.0,0.0,0
15m,1766189700.0,1.9082,1.9099,1.9047,1.909,196063.53,0.0,0.0,0
15m,1766190600.0,1.909,1.9097,1.9045,1.9045,85609.12,0.0,0.0,0
15m,1766191500.0,1.9045,1.9088,1.902,1.9064,335483.2,0.0,0.0,0
15m,1766192400.0,1.9064,1.9075,1.9034,1.9035,110584.42,0.0,0.0,0
15m,1766193300.0,1.9035,1.9067,1.9022,1.9035,140726.93,0.0,0.0,0
15m,1766194200.0,1.9035,1.9049,1.9021,1.9021,84275.29,0.0,0.0,0
15m,1766195100.0,1.9021,1.9049,1.9021,1.9027,123289.74,0.0,0.0,0
15m,1766196000.0,1.9027,1.9031,1.8985,1.8991,154905.25,0.0,0.0,0
15m,1766196900.0,1.8991,1.9024,1.897,1.8977,204149.38,0.0,0.0,0
15m,1766197800.0,1.8977,1.9016,1.8938,1.9015,314029.68,0.0,0.0,0
15m,1766198700.0,1.9015,1.9015,1.897,1.8976,128818.91,0.0,0.0,0
15m,1766199600.0,1.8976,1.8996,1.8952,1.8958,175900.31,0.0,0.0,0
15m,1766200500.0,1.8958,1.9009,1.8956,1.9006,114616.76,0.0,0.0,0
15m,1766201400.0,1.9006,1.9075,1.9006,1.9054,242567.82,0.0,0.0,0
15m,1766202300.0,1.9054,1.9063,1.9039,1.9041,55524.25,0.0,0.0,0
15m,1766203200.0,1.9041,1.9064,1.8992,1.9004,248469.39,0.0,0.0,0
15m,1766204100.0,1.9004,1.9031,1.9001,1.9018,79750.65,0.0,0.0,0
15m,1766205000.0,1.9018,1.9039,1.9015,1.9039,121908.08,0.0,0.0,0
15m,1766205900.0,1.9039,1.9075,1.9031,1.9043,100149.35,0.0,0.0,0
15m,1766206800.0,1.9043,1.9071,1.9043,1.9064,100225.55,0.0,0.0,0
15m,1766207700.0,1.9064,1.9122,1.9064,1.9121,233683.34,0.0,0.0,0
15m,1766208600.0,1.9121,1.9185,1.9109,1.9153,420740.82,0.0,0.0,0
15m,1766209500.0,1.9153,1.9153,1.9129,1.9138,141451.93,0.0,0.0,0
15m,1766210400.0,1.9138,1.9168,1.913,1.916,120634.53,0.0,0.0,0
15m,1766211300.0,1.916,1.9163,1.9146,1.9153,74603.59,0.0,0.0,0
15m,1766212200.0,1.9153,1.9165,1.9144,1.9154,99994.55,0.0,0.0,0
15m,1766213100.0,1.9154,1.9168,1.9138,1.9167,123535.3,0.0,0.0,0
15m,1766214000.0,1.9167,1.9186,1.9091,1.9106,177600.59,0.0,0.0,0
15m,1766214900.0,1.9106,1.9106,1.9066,1.9104,167090.27,0.0,0.0,0
15m,1766215800.0,1.9104,1.914,1.9091,1.9132,133053.96,0.0,0.0,0
15m,1766216700.0,1.9132,1.9149,1.913,1.9138,74739.34,0.0,0.0,0
15m,1766217600.0,1.9138,1.92,1.9138,1.9189,184471.13,0.0,0.0,0
15m,1766218500.0,1.9189,1.9284,1.9181,1.9284,1139056.47,0.0,0.0,0
15m,1766219400.0,1.9284,1.9398,1.9279,1.9328,676515.6,0.0,0.0,0
15m,1766220300.0,1.9328,1.9372,1.9278,1.9297,366359.16,0.0,0.0,0
15m,1766221200.0,1.9297,1.9372,1.9293,1.9334,363489.71,0.0,0.0,0
15m,1766222100.0,1.9334,1.9425,1.9323,1.9413,409495.94,0.0,0.0,0
15m,1766223000.0,1.9413,1.9587,1.9413,1.9561,1164259.69,0.0,0.0,0
15m,1766223900.0,1.9561,1.9566,1.9471,1.9491,285798.26,0.0,0.0,0
15m,1766224800.0,1.9491,1.9568,1.9491,1.9525,313298.51,0.0,0.0,0
15m,1766225700.0,1.9525,1.9538,1.9457,1.9468,240588.05,0.0,0.0,0
15m,1766226600.0,1.9468,1.9494,1.9396,1.9487,595962.89,0.0,0.0,0
15m,1766227500.0,1.9487,1.9496,1.9404,1.9405,145180.12,0.0,0.0,0
15m,1766228400.0,1.9405,1.9425,1.9317,1.9326,819295.97,0.0,0.0,0
15m,1766229300.0,1.9326,1.9435,1.9314,1.94,752507.5,0.0,0.0,0
15m,1766230200.0,1.94,1.9429,1.9393,1.9423,132762.8,0.0,0.0,0
15m,1766231100.0,1.9423,1.9449,1.9412,1.9438,227404.08,0.0,0.0,0
15m,1766232000.0,1.9438,1.9482,1.9427,1.9462,180240.74,0.0,0.0,0
15m,1766232900.0,1.9462,1.9472,1.9415,1.9425,116837.86,0.0,0.0,0
15m,1766233800.0,1.9425,1.944,1.9392,1.9415,232987.14,0.0,0.0,0
15m,1766234700.0,1.9415,1.9428,1.9404,1.9412,73379.48,0.0,0.0,0
15m,1766235600.0,1.9412,1.9433,1.9296,1.9307,518254.05,0.0,0.0,0
15m,1766236500.0,1.9307,1.9328,1.9206,1.921,1113397.63,0.0,0.0,0
15m,1766237400.0,1.921,1.9295,1.9199,1.929,386982.76,0.0,0.0,0
15m,1766238300.0,1.929,1.9324,1.928,1.9282,323687.68,0.0,0.0,0
15m,1766239200.0,1.9282,1.9282,1.9207,1.9228,371612.87,0.0,0.0,0
15m,1766240100.0,1.9228,1.9251,1.9225,1.9236,135828.63,0.0,0.0,0
15m,1766241000.0,1.9236,1.9256,1.9203,1.9254,237498.41,0.0,0.0,0
15m,1766241900.0,1.9254,1.9302,1.9247,1.9289,233128.77,0.0,0.0,0
15m,1766242800.0,1.9289,1.9341,1.9252,1.9336,144106.26,0.0,0.0,0
15m,1766243700.0,1.9336,1.9353,1.9168,1.921,809355.03,0.0,0.0,0
15m,1766244600.0,1.921,1.9244,1.9201,1.9217,153030.72,0.0,0.0,0
15m,1766245500.0,1.9217,1.9231,1.9201,1.9215,54957.25,0.0,0.0,0
15m,1766246400.0,1.9215,1.9265,1.9206,1.926,90601.01,0.0,0.0,0
15m,1766247300.0,1.926,1.9292,1.924,1.9264,205778.76,0.0,0.0,0
15m,1766248200.0,1.9264,1.9304,1.9242,1.926,94168.63,0.0,0.0,0
15m,1766249100.0,1.926,1.9288,1.9257,1.9288,92043.13,0.0,0.0,0
15m,1766250000.0,1.9288,1.9317,1.9248,1.9268,110423.93,0.0,0.0,0
15m,1766250900.0,1.9268,1.928,1.9234,1.9234,98714.31,0.0,0.0,0
15m,1766251800.0,1.9234,1.9249,1.9214,1.9232,75586.15,0.0,0.0,0
15m,1766252700.0,1.9232,1.9249,1.9232,1.9244,44802.97,0.0,0.0,0
15m,1766253600.0,1.9244,1.9264,1.9197,1.92,148571.68,0.0,0.0,0
15m,1766254500.0,1.92,1.9224,1.9199,1.9218,64835.68,0.0,0.0,0
15m,1766255400.0,1.9218,1.923,1.9197,1.9216,41871.25,0.0,0.0,0
15m,1766256300.0,1.9216,1.9263,1.9203,1.9229,89902.72,0.0,0.0,0
15m,1766257200.0,1.9229,1.9236,1.92,1.9227,50503.29,0.0,0.0,0
15m,1766258100.0,1.9227,1.9227,1.9205,1.922,31704.23,0.0,0.0,0
15m,1766259000.0,1.922,1.9231,1.9212,1.9217,80737.91,0.0,0.0,0
15m,1766259900.0,1.9217,1.9267,1.9213,1.9251,111827.92,0.0,0.0,0
15m,1766260800.0,1.9251,1.9286,1.924,1.9269,59907.18,0.0,0.0,0
15m,1766261700.0,1.9269,1.9269,1.9253,1.9253,83233.68,0.0,0.0,0
15m,1766262600.0,1.9253,1.9271,1.9241,1.9247,40115.61,0.0,0.0,0
15m,1766263500.0,1.9247,1.9279,1.9246,1.9276,16592.38,0.0,0.0,0
15m,1766264400.0,1.9276,1.9298,1.9256,1.9256,58155.92,0.0,0.0,0
15m,1766265300.0,1.9256,1.9287,1.9254,1.9267,97122.15,0.0,0.0,0
15m,1766266200.0,1.9267,1.931,1.9265,1.93,65614.15,0.0,0.0,0
15m,1766267100.0,1.93,1.9316,1.9283,1.9316,80023.73,0.0,0.0,0
15m,1766268000.0,1.9316,1.9346,1.9296,1.9329,266408.24,0.0,0.0,0
15m,1766268900.0,1.9329,1.9329,1.9261,1.9304,136317.88,0.0,0.0,0
15m,1766269800.0,1.9304,1.9342,1.9303,1.9314,95754.89,0.0,0.0,0
15m,1766270700.0,1.9314,1.9379,1.9307,1.9339,92817.44,0.0,0.0,0
15m,1766271600.0,1.9339,1.9359,1.931,1.9346,89724.4,0.0,0.0,0
15m,1766272500.0,1.9346,1.9368,1.9323,1.9341,54225.93,0.0,0.0,0
15m,1766273400.0,1.9341,1.9348,1.9317,1.932,63611.82,0.0,0.0,0
15m,1766274300.0,1.932,1.9344,1.9309,1.9333,83118.95,0.0,0.0,0
15m,1766275200.0,1.9333,1.9375,1.9299,1.9307,219040.18,0.0,0.0,0
15m,1766276100.0,1.9307,1.9396,1.9303,1.9361,235276.49,0.0,0.0,0
15m,1766277000.0,1.9361,1.9363,1.9307,1.934,160314.1,0.0,0.0,0
15m,1766277900.0,1.934,1.939,1.9337,1.9387,137845.82,0.0,0.0,0
15m,1766278800.0,1.9387,1.9402,1.9353,1.9367,187822.78,0.0,0.0,0
15m,1766279700.0,1.9367,1.942,1.9339,1.942,193521.12,0.0,0.0,0
15m,1766280600.0,1.942,1.942,1.9297,1.9321,272990.54,0.0,0.0,0
15m,1766281500.0,1.9321,1.9339,1.9281,1.9285,224323.19,0.0,0.0,0
15m,1766282400.0,1.9285,1.9345,1.9243,1.9259,302028.82,0.0,0.0,0
15m,1766283300.0,1.9259,1.9259,1.9174,1.9223,443636.62,0.0,0.0,0
15m,1766284200.0,1.9223,1.9253,1.918,1.9198,194162.34,0.0,0.0,0
15m,1766285100.0,1.9198,1.9249,1.9193,1.9247,202094.01,0.0,0.0,0
15m,1766286000.0,1.9247,1.9297,1.9236,1.9284,131244.89,0.0,0.0,0
15m,1766286900.0,1.9284,1.9384,1.9279,1.9344,254063.04,0.0,0.0,0
15m,1766287800.0,1.9344,1.935,1.9296,1.9296,131068.85,0.0,0.0,0
15m,1766288700.0,1.9296,1.9309,1.9291,1.9298,64644.85,0.0,0.0,0
15m,1766289600.0,1.9298,1.9302,1.9264,1.9272,84373.64,0.0,0.0,0
15m,1766290500.0,1.9272,1.9297,1.9271,1.9289,54473.56,0.0,0.0,0
15m,1766291400.0,1.9289,1.9303,1.9259,1.9261,37008.93,0.0,0.0,0
15m,1766292300.0,1.9261,1.9261,1.9243,1.9252,49899.87,0.0,0.0,0
15m,1766293200.0,1.9252,1.9267,1.9237,1.9257,61614.44,0.0,0.0,0
15m,1766294100.0,1.9257,1.9279,1.9226,1.9241,199737.82,0.0,0.0,0
15m,1766295000.0,1.9241,1.9246,1.9214,1.9243,132371.45,0.0,0.0,0
15m,1766295900.0,1.9243,1.9243,1.9222,1.9224,34535.57,0.0,0.0,0
15m,1766296800.0,1.9224,1.924,1.9217,1.9229,60364.1,0.0,0.0,0
15m,1766297700.0,1.9229,1.9248,1.9201,1.9209,61341.23,0.0,0.0,0
15m,1766298600.0,1.9209,1.9224,1.9208,1.9215,47876.32,0.0,0.0,0
15m,1766299500.0,1.9215,1.9229,1.9205,1.9207,32619.29,0.0,0.0,0
15m,1766300400.0,1.9207,1.9217,1.919,1.9216,84851.91,0.0,0.0,0
15m,1766301300.0,1.9216,1.9285,1.9205,1.9283,87069.29,0.0,0.0,0
15m,1766302200.0,1.9283,1.9283,1.9239,1.9242,85366.48,0.0,0.0,0
15m,1766303100.0,1.9242,1.9276,1.9231,1.9254,95044.11,0.0,0.0,0
15m,1766304000.0,1.9254,1.9259,1.922,1.9239,73876.35,0.0,0.0,0
15m,1766304900.0,1.9239,1.9288,1.9235,1.9285,160802.43,0.0,0.0,0
15m,1766305800.0,1.9285,1.9432,1.9281,1.9395,535625.51,0.0,0.0,0
15m,1766306700.0,1.9395,1.9418,1.9357,1.9362,113331.55,0.0,0.0,0
15m,1766307600.0,1.9362,1.9423,1.9325,1.9395,261394.18,0.0,0.0,0
15m,1766308500.0,1.9395,1.9444,1.9383,1.9418,219743.97,0.0,0.0,0
15m,1766309400.0,1.9418,1.9492,1.941,1.9431,178566.84,0.0,0.0,0
15m,1766310300.0,1.9431,1.9486,1.9431,1.946,179776.82,0.0,0.0,0
15m,1766311200.0,1.946,1.9497,1.9417,1.9447,250959.11,0.0,0.0,0
15m,1766312100.0,1.9447,1.9457,1.9361,1.9367,198144.52,0.0,0.0,0
15m,1766313000.0,1.9367,1.9391,1.934,1.9367,183354.19,0.0,0.0,0
15m,1766313900.0,1.9367,1.9371,1.9315,1.9341,114792.16,0.0,0.0,0
15m,1766314800.0,1.9341,1.9346,1.9317,1.9322,79324.46,0.0,0.0,0
15m,1766315700.0,1.9322,1.9362,1.9318,1.9359,169629.03,0.0,0.0,0
15m,1766316600.0,1.9359,1.9362,1.933,1.9338,115675.91,0.0,0.0,0
15m,1766317500.0,1.9338,1.9346,1.9319,1.9339,41854.72,0.0,0.0,0
15m,1766318400.0,1.9339,1.9385,1.9329,1.9355,181141.25,0.0,0.0,0
15m,1766319300.0,1.9355,1.9386,1.9346,1.9368,141616.99,0.0,0.0,0
15m,1766320200.0,1.9368,1.9384,1.9277,1.928,157840.17,0.0,0.0,0
15m,1766321100.0,1.928,1.9316,1.9268,1.9298,141888.86,0.0,0.0,0
15m,1766322000.0,1.9298,1.93,1.9135,1.9166,642368.28,0.0,0.0,0
15m,1766322900.0,1.9166,1.9168,1.9063,1.9083,609810.29,0.0,0.0,0
15m,1766323800.0,1.9083,1.9115,1.8984,1.9009,960035.41,0.0,0.0,0
15m,1766324700.0,1.9009,1.9026,1.8949,1.8992,437868.13,0.0,0.0,0
15m,1766325600.0,1.8992,1.9148,1.8971,1.9032,988111.21,0.0,0.0,0
15m,1766326500.0,1.9032,1.9084,1.9032,1.9053,389117.71,0.0,0.0,0
15m,1766327400.0,1.9053,1.9078,1.9,1.9053,230624.02,0.0,0.0,0
15m,1766328300.0,1.9053,1.9077,1.9021,1.9077,155603.42,0.0,0.0,0
15m,1766329200.0,1.9077,1.9077,1.8995,1.9008,199179.47,0.0,0.0,0
15m,1766330100.0,1.9008,1.9027,1.8995,1.9015,151704.71,0.0,0.0,0
15m,1766331000.0,1.9015,1.9049,1.8994,1.9021,185186.49,0.0,0.0,0
15m,1766331900.0,1.9021,1.9094,1.9017,1.9047,372385.5,0.0,0.0,0
15m,1766332800.0,1.9047,1.9047,1.8992,1.9003,386197.04,0.0,0.0,0
15m,1766333700.0,1.9003,1.9086,1.8994,1.9054,165031.17,0.0,0.0,0
15m,1766334600.0,1.9054,1.9065,1.9047,1.9049,103259.44,0.0,0.0,0
15m,1766335500.0,1.9049,1.9086,1.9042,1.908,110040.96,0.0,0.0,0
15m,1766336400.0,1.908,1.9186,1.9066,1.9171,543690.89,0.0,0.0,0
15m,1766337300.0,1.9171,1.9171,1.9086,1.9095,252624.28,0.0,0.0,0
15m,1766338200.0,1.9095,1.9125,1.9077,1.9121,148775.86,0.0,0.0,0
15m,1766339100.0,1.9121,1.9124,1.9072,1.9083,185759.46,0.0,0.0,0
15m,1766340000.0,1.9083,1.9087,1.9021,1.9038,305325.96,0.0,0.0,0
15m,1766340900.0,1.9038,1.9075,1.9033,1.9072,68425.09,0.0,0.0,0
15m,1766341800.0,1.9072,1.9111,1.9068,1.9095,152837.02,0.0,0.0,0
15m,1766342700.0,1.9095,1.9133,1.9093,1.9128,111746.88,0.0,0.0,0
15m,1766343600.0,1.9128,1.9164,1.9128,1.9155,95308.74,0.0,0.0,0
15m,1766344500.0,1.9155,1.9163,1.9129,1.9136,63482.93,0.0,0.0,0
15m,1766345400.0,1.9136,1.9156,1.9089,1.9152,64973.06,0.0,0.0,0
15m,1766346300.0,1.9152,1.9197,1.9146,1.918,116696.11,0.0,0.0,0
15m,1766347200.0,1.918,1.9181,1.912,1.912,54966.72,0.0,0.0,0
15m,1766348100.0,1.912,1.9144,1.9119,1.9137,46358.72,0.0,0.0,0
15m,1766349000.0,1.9137,1.9159,1.9137,1.9151,149358.27,0.0,0.0,0
15m,1766349900.0,1.9151,1.9155,1.9119,1.912,208326.49,0.0,0.0,0
15m,1766350800.0,1.912,1.9133,1.9093,1.9121,198328.31,0.0,0.0,0
15m,1766351700.0,1.9121,1.9171,1.9117,1.9159,210604.38,0.0,0.0,0
15m,1766352600.0,1.9159,1.919,1.9117,1.9123,298261.94,0.0,0.0,0
15m,1766353500.0,1.9123,1.9123,1.9071,1.9073,325020.63,0.0,0.0,0
15m,1766354400.0,1.9073,1.9139,1.9053,1.9135,326115.47,0.0,0.0,0
15m,1766355300.0,1.9135,1.9167,1.9083,1.912,180514.73,0.0,0.0,0
15m,1766356200.0,1.912,1.9169,1.9108,1.9163,124993.29,0.0,0.0,0
15m,1766357100.0,1.9163,1.9184,1.9158,1.9176,106944.26,0.0,0.0,0
15m,1766358000.0,1.9176,1.9257,1.9176,1.9237,396339.66,0.0,0.0,0
15m,1766358900.0,1.9237,1.927,1.9201,1.921,294017.55,0.0,0.0,0
15m,1766359800.0,1.921,1.9253,1.9184,1.9238,103939.84,0.0,0.0,0
15m,1766360700.0,1.9238,1.9251,1.9212,1.9221,74269.29,0.0,0.0,0
15m,1766361600.0,1.9221,1.945,1.922,1.9444,483431.01,0.0,0.0,0
15m,1766362500.0,1.9444,1.9496,1.9262,1.9314,733104.32,0.0,0.0,0
15m,1766363400.0,1.9314,1.9369,1.9274,1.9308,310312.19,0.0,0.0,0
15m,1766364300.0,1.9308,1.9346,1.9241,1.9241,210398.21,0.0,0.0,0
15m,1766365200.0,1.9241,1.9309,1.923,1.9293,268949.72,0.0,0.0,0
15m,1766366100.0,1.9293,1.9372,1.9293,1.9333,268782.72,0.0,0.0,0
15m,1766367000.0,1.9333,1.9373,1.9325,1.9325,238788.9,0.0,0.0,0
15m,1766367900.0,1.9325,1.9336,1.9203,1.9203,412640.1,0.0,0.0,0
15m,1766368800.0,1.9203,1.9214,1.9036,1.9118,1040784.27,0.0,0.0,0
15m,1766369700.0,1.9118,1.916,1.9081,1.9129,343103.91,0.0,0.0,0
15m,1766370600.0,1.9129,1.9196,1.9123,1.9166,255852.91,0.0,0.0,0
15m,1766371500.0,1.9166,1.9205,1.9166,1.9195,185799.65,0.0,0.0,0
15m,1766372400.0,1.9195,1.9215,1.9133,1.9191,203864.28,0.0,0.0,0
15m,1766373300.0,1.9191,1.9254,1.918,1.924,278780.93,0.0,0.0,0
15m,1766374200.0,1.924,1.9265,1.9201,1.921,225666.15,0.0,0.0,0
15m,1766375100.0,1.921,1.9241,1.9201,1.9205,111872.84,0.0,0.0,0
15m,1766376000.0,1.9205,1.9225,1.9187,1.9192,151219.35,0.0,0.0,0
15m,1766376900.0,1.9192,1.9244,1.9188,1.9239,240360.92,0.0,0.0,0
15m,1766377800.0,1.9239,1.9243,1.9183,1.9219,266433.41,0.0,0.0,0
15m,1766378700.0,1.9219,1.9264,1.921,1.9252,257421.61,0.0,0.0,0
15m,1766379600.0,1.9252,1.9287,1.9246,1.9269,237260.27,0.0,0.0,0
15m,1766380500.0,1.9269,1.9283,1.9205,1.9206,333488.18,0.0,0.0,0
15m,1766381400.0,1.9206,1.9234,1.9185,1.9205,192268.89,0.0,0.0,0
15m,1766382300.0,1.9205,1.9226,1.9196,1.92,159365.81,0.0,0.0,0
15m,1766383200.0,1.92,1.9205,1.9137,1.9144,254686.62,0.0,0.0,0
15m,1766384100.0,1.9144,1.9198,1.9143,1.917,302197.5,0.0,0.0,0
15m,1766385000.0,1.917,1.9198,1.916,1.9196,111485.83,0.0,0.0,0
15m,1766385900.0,1.9196,1.9216,1.9178,1.9182,142561.74,0.0,0.0,0
15m,1766386800.0,1.9182,1.9279,1.9169,1.9252,149647.06,0.0,0.0,0
15m,1766387700.0,1.9252,1.926,1.923,1.9247,205571.28,0.0,0.0,0
15m,1766388600.0,1.9247,1.9295,1.9232,1.9289,282800.92,0.0,0.0,0
15m,1766389500.0,1.9289,1.9289,1.9262,1.9274,199764.31,0.0,0.0,0
15m,1766390400.0,1.9274,1.9305,1.9233,1.9255,240557.26,0.0,0.0,0
15m,1766391300.0,1.9255,1.9342,1.9247,1.9284,911547.75,0.0,0.0,0
15m,1766392200.0,1.9284,1.9333,1.924,1.9245,502862.07,0.0,0.0,0
15m,1766393100.0,1.9245,1.9251,1.9175,1.9178,544180.09,0.0,0.0,0
15m,1766394000.0,1.9178,1.9213,1.9158,1.9165,331270.61,0.0,0.0,0
15m,1766394900.0,1.9165,1.9198,1.9148,1.9178,149577.31,0.0,0.0,0
15m,1766395800.0,1.9178,1.9209,1.9162,1.9186,106664.76,0.0,0.0,0
15m,1766396700.0,1.9186,1.9242,1.9175,1.9224,162539.94,0.0,0.0,0
15m,1766397600.0,1.9224,1.9229,1.9176,1.9226,239753.28,0.0,0.0,0
15m,1766398500.0,1.9226,1.9275,1.9216,1.9258,267663.02,0.0,0.0,0
15m,1766399400.0,1.9258,1.9301,1.9258,1.928,323381.82,0.0,0.0,0
15m,1766400300.0,1.928,1.929,1.9251,1.9263,512230.63,0.0,0.0,0
15m,1766401200.0,1.9263,1.9297,1.9263,1.9269,422295.96,0.0,0.0,0
15m,1766402100.0,1.9269,1.9285,1.9241,1.9281,576169.3,0.0,0.0,0
15m,1766403000.0,1.9281,1.934,1.927,1.9339,699666.94,0.0,0.0,0
15m,1766403900.0,1.9339,1.9381,1.9332,1.935,673673.71,0.0,0.0,0
15m,1766404800.0,1.935,1.9377,1.9326,1.9351,508311.37,0.0,0.0,0
15m,1766405700.0,1.9351,1.9402,1.9351,1.9399,495652.79,0.0,0.0,0
15m,1766406600.0,1.9399,1.9468,1.933,1.9354,739274.03,0.0,0.0,0
15m,1766407500.0,1.9354,1.9375,1.9324,1.9362,247507.32,0.0,0.0,0
15m,1766408400.0,1.9362,1.9383,1.9301,1.9316,449633.48,0.0,0.0,0
15m,1766409300.0,1.9316,1.9343,1.9296,1.9326,403974.34,0.0,0.0,0
15m,1766410200.0,1.9326,1.9326,1.9274,1.9285,336312.64,0.0,0.0,0
15m,1766411100.0,1.9285,1.9336,1.9278,1.9336,302691.2,0.0,0.0,0
15m,1766412000.0,1.9336,1.9383,1.9329,1.9355,413285.31,0.0,0.0,0
15m,1766412900.0,1.9355,1.9399,1.9355,1.9357,409160.35,0.0,0.0,0
15m,1766413800.0,1.9357,1.9418,1.9252,1.9325,1149243.77,0.0,0.0,0
15m,1766414700.0,1.9325,1.943,1.9307,1.9405,654502.31,0.0,0.0,0
15m,1766415600.0,1.9405,1.9478,1.9331,1.9333,677275.68,0.0,0.0,0
15m,1766416500.0,1.9333,1.9393,1.9235,1.9297,737760.49,0.0,0.0,0
15m,1766417400.0,1.9297,1.932,1.9181,1.9314,840882.35,0.0,0.0,0
15m,1766418300.0,1.9314,1.9381,1.9271,1.9342,580877.78,0.0,0.0,0
15m,1766419200.0,1.9342,1.9398,1.9335,1.9386,266876.13,0.0,0.0,0
15m,1766420100.0,1.9386,1.9428,1.9362,1.9416,594319.62,0.0,0.0,0
15m,1766421000.0,1.9416,1.9423,1.9334,1.934,484206.02,0.0,0.0,0
15m,1766421900.0,1.934,1.942,1.9332,1.9396,455120.27,0.0,0.0,0
15m,1766422800.0,1.9396,1.9399,1.9262,1.9275,695821.6,0.0,0.0,0
15m,1766423700.0,1.9275,1.9287,1.9245,1.9266,297312.07,0.0,0.0,0
15m,1766424600.0,1.9266,1.9328,1.9222,1.9304,594844.23,0.0,0.0,0
15m,1766425500.0,1.9304,1.9313,1.9276,1.9305,229151.74,0.0,0.0,0
15m,1766426400.0,1.9305,1.9345,1.9285,1.932,311819.28,0.0,0.0,0
15m,1766427300.0,1.932,1.9351,1.9284,1.9348,486186.17,0.0,0.0,0
15m,1766428200.0,1.9348,1.9383,1.9322,1.9367,464155.28,0.0,0.0,0
15m,1766429100.0,1.9367,1.937,1.9239,1.9275,444531.74,0.0,0.0,0
15m,1766430000.0,1.9275,1.9278,1.9169,1.9178,517338.74,0.0,0.0,0
15m,1766430900.0,1.9178,1.92,1.9103,1.9116,449014.93,0.0,0.0,0
15m,1766431800.0,1.9116,1.9134,1.9061,1.9074,528279.79,0.0,0.0,0
15m,1766432700.0,1.9074,1.9089,1.9022,1.9022,501528.52,0.0,0.0,0
15m,1766433600.0,1.9022,1.9066,1.8975,1.9041,754846.27,0.0,0.0,0
15m,1766434500.0,1.9041,1.9045,1.8919,1.8954,1109342.75,0.0,0.0,0
15m,1766435400.0,1.8954,1.9014,1.8916,1.9002,1042238.34,0.0,0.0,0
15m,1766436300.0,1.9002,1.9048,1.895,1.8969,979569.89,0.0,0.0,0
15m,1766437200.0,1.8969,1.9002,1.8951,1.8961,433877.29,0.0,0.0,0
15m,1766438100.0,1.8961,1.8993,1.8939,1.898,592257.12,0.0,0.0,0
15m,1766439000.0,1.898,1.9038,1.8979,1.9022,718987.17,0.0,0.0,0
15m,1766439900.0,1.9022,1.9023,1.8951,1.8971,568505.67,0.0,0.0,0
15m,1766440800.0,1.8971,1.8989,1.8925,1.8975,694567.86,0.0,0.0,0
15m,1766441700.0,1.8975,1.9046,1.8971,1.8994,564241.41,0.0,0.0,0
15m,1766442600.0,1.8994,1.9014,1.8982,1.9009,444921.71,0.0,0.0,0
15m,1766443500.0,1.9009,1.9091,1.9005,1.9086,496981.55,0.0,0.0,0
15m,1766444400.0,1.9086,1.9086,1.9023,1.9058,708646.52,0.0,0.0,0
15m,1766445300.0,1.9058,1.9067,1.9033,1.9061,586035.16,0.0,0.0,0
15m,1766446200.0,1.9061,1.9075,1.9024,1.9033,475309.43,0.0,0.0,0
15m,1766447100.0,1.9033,1.9053,1.9012,1.9044,369101.24,0.0,0.0,0
15m,1766448000.0,1.9044,1.9044,1.8999,1.9009,294691.35,0.0,0.0,0
15m,1766448900.0,1.9009,1.905,1.9003,1.9028,397056.14,0.0,0.0,0
15m,1766449800.0,1.9028,1.91,1.901,1.9033,290641.48,0.0,0.0,0
15m,1766450700.0,1.9033,1.9067,1.9016,1.9047,246171.8,0.0,0.0,0
15m,1766451600.0,1.9047,1.9089,1.9016,1.9037,343621.1,0.0,0.0,0
15m,1766452500.0,1.9037,1.906,1.9016,1.9016,252959.31,0.0,0.0,0
15m,1766453400.0,1.9016,1.9036,1.897,1.899,372728.37,0.0,0.0,0
15m,1766454300.0,1.899,1.9014,1.8984,1.8986,224195.75,0.0,0.0,0
15m,1766455200.0,1.8986,1.9048,1.8962,1.9032,272119.96,0.0,0.0,0
15m,1766456100.0,1.9032,1.9064,1.9025,1.9035,264790.44,0.0,0.0,0
15m,1766457000.0,1.9035,1.905,1.8922,1.8941,495530.01,0.0,0.0,0
15m,1766457900.0,1.8941,1.8962,1.8915,1.8942,353011.13,0.0,0.0,0
15m,1766458800.0,1.8942,1.895,1.8844,1.8897,550509.98,0.0,0.0,0
15m,1766459700.0,1.8897,1.895,1.8894,1.8922,302091.59,0.0,0.0,0
15m,1766460600.0,1.8922,1.8954,1.8905,1.8952,285784.66,0.0,0.0,0
15m,1766461500.0,1.8952,1.8953,1.8926,1.8926,438886.17,0.0,0.0,0
15m,1766462400.0,1.8926,1.8979,1.8901,1.896,348772.82,0.0,0.0,0
15m,1766463300.0,1.896,1.8962,1.8941,1.8944,219090.3,0.0,0.0,0
15m,1766464200.0,1.8944,1.8946,1.8889,1.8897,249517.24,0.0,0.0,0
15m,1766465100.0,1.8897,1.8908,1.8885,1.8885,243784.6,0.0,0.0,0
15m,1766466000.0,1.8885,1.8909,1.8865,1.8888,349119.32,0.0,0.0,0
15m,1766466900.0,1.8888,1.8906,1.8875,1.8886,205477.12,0.0,0.0,0
15m,1766467800.0,1.8886,1.8886,1.8787,1.8836,597482.17,0.0,0.0,0
15m,1766468700.0,1.8836,1.8838,1.8798,1.8824,361380.07,0.0,0.0,0
15m,1766469600.0,1.8824,1.8864,1.8803,1.8824,369908.23,0.0,0.0,0
15m,1766470500.0,1.8824,1.8839,1.8742,1.8759,809014.08,0.0,0.0,0
15m,1766471400.0,1.8759,1.8793,1.8735,1.8785,472667.72,0.0,0.0,0
15m,1766472300.0,1.8785,1.885,1.8771,1.8821,263978.51,0.0,0.0,0
15m,1766473200.0,1.8821,1.887,1.8795,1.8798,327573.74,0.0,0.0,0
15m,1766474100.0,1.8798,1.8852,1.8785,1.8833,262326.01,0.0,0.0,0
15m,1766475000.0,1.8833,1.8858,1.881,1.8824,151017.78,0.0,0.0,0
15m,1766475900.0,1.8824,1.8868,1.881,1.8811,244060.59,0.0,0.0,0
15m,1766476800.0,1.8811,1.8828,1.8794,1.8806,146383.77,0.0,0.0,0
15m,1766477700.0,1.8806,1.8823,1.8796,1.8805,93840.49,0.0,0.0,0
15m,1766478600.0,1.8805,1.8818,1.8801,1.8807,68557.95,0.0,0.0,0
15m,1766479500.0,1.8807,1.8808,1.876,1.878,169713.31,0.0,0.0,0
15m,1766480400.0,1.878,1.8836,1.8778,1.8832,124864.3,0.0,0.0,0
15m,1766481300.0,1.8832,1.8848,1.8794,1.8836,218174.82,0.0,0.0,0
15m,1766482200.0,1.8836,1.887,1.8814,1.8857,203846.79,0.0,0.0,0
15m,1766483100.0,1.8857,1.8877,1.8851,1.8862,89205.99,0.0,0.0,0
15m,1766484000.0,1.8862,1.8918,1.886,1.89,126850.58,0.0,0.0,0
15m,1766484900.0,1.89,1.8942,1.8887,1.8928,92624.49,0.0,0.0,0
15m,1766485800.0,1.8928,1.8951,1.8913,1.8949,145589.94,0.0,0.0,0
15m,1766486700.0,1.8949,1.9009,1.8945,1.8988,269278.42,0.0,0.0,0
15m,1766487600.0,1.8988,1.9031,1.8987,1.9008,635275.32,0.0,0.0,0
15m,1766488500.0,1.9008,1.9046,1.8998,1.901,203956.37,0.0,0.0,0
15m,1766489400.0,1.901,1.9053,1.8995,1.9043,157740.58,0.0,0.0,0
15m,1766490300.0,1.9043,1.9056,1.9034,1.9051,208263.86,0.0,0.0,0
15m,1766491200.0,1.9051,1.9053,1.9002,1.9007,229546.47,0.0,0.0,0
15m,1766492100.0,1.9007,1.9021,1.8969,1.8988,358756.6,0.0,0.0,0
15m,1766493000.0,1.8988,1.9036,1.8969,1.9002,631168.76,0.0,0.0,0
15m,1766493900.0,1.9002,1.9033,1.8988,1.8998,189744.4,0.0,0.0,0
15m,1766494800.0,1.8998,1.9017,1.8954,1.8963,210642.49,0.0,0.0,0
15m,1766495700.0,1.8963,1.8967,1.8921,1.8935,228668.65,0.0,0.0,0
15m,1766496600.0,1.8935,1.8964,1.881,1.8885,915962.16,0.0,0.0,0
15m,1766497500.0,1.8885,1.8885,1.8769,1.8793,572406.0,0.0,0.0,0
15m,1766498400.0,1.8793,1.8861,1.8779,1.8822,270612.55,0.0,0.0,0
15m,1766499300.0,1.8822,1.8822,1.8734,1.8791,206520.62,0.0,0.0,0
15m,1766500200.0,1.8791,1.8867,1.8749,1.8808,573558.85,0.0,0.0,0
15m,1766501100.0,1.8808,1.8808,1.8636,1.8733,1176229.88,0.0,0.0,0
15m,1766502000.0,1.8733,1.8842,1.87,1.8792,603305.3,0.0,0.0,0
15m,1766502900.0,1.8792,1.8925,1.8792,1.885,596158.49,0.0,0.0,0
15m,1766503800.0,1.885,1.8881,1.881,1.883,241065.09,0.0,0.0,0
15m,1766504700.0,1.883,1.8846,1.8803,1.8813,491970.79,0.0,0.0,0
15m,1766505600.0,1.8813,1.8936,1.8781,1.887,1409701.58,0.0,0.0,0
15m,1766506500.0,1.887,1.891,1.8842,1.8873,596709.38,0.0,0.0,0
15m,1766507400.0,1.8873,1.8888,1.8822,1.8847,368017.08,0.0,0.0,0
15m,1766508300.0,1.8847,1.8931,1.8841,1.8912,655548.38,0.0,0.0,0
15m,1766509200.0,1.8912,1.8928,1.884,1.8849,783231.68,0.0,0.0,0
15m,1766510100.0,1.8849,1.8864,1.8804,1.8807,639424.74,0.0,0.0,0
15m,1766511000.0,1.8807,1.8834,1.8791,1.8823,239548.89,0.0,0.0,0
15m,1766511900.0,1.8823,1.8824,1.8684,1.869,592712.11,0.0,0.0,0
15m,1766512800.0,1.869,1.8746,1.8673,1.8722,1066043.04,0.0,0.0,0
15m,1766513700.0,1.8722,1.8787,1.8711,1.8776,559994.53,0.0,0.0,0
15m,1766514600.0,1.8776,1.8846,1.8764,1.8843,324525.27,0.0,0.0,0
15m,1766515500.0,1.8843,1.8843,1.8801,1.8819,522084.35,0.0,0.0,0
15m,1766516400.0,1.8819,1.8876,1.8807,1.8841,244631.28,0.0,0.0,0
15m,1766517300.0,1.8841,1.8872,1.8792,1.88,148598.96,0.0,0.0,0
15m,1766518200.0,1.88,1.8828,1.8782,1.8824,112391.38,0.0,0.0,0
15m,1766519100.0,1.8824,1.8841,1.8808,1.8824,73319.02,0.0,0.0,0
15m,1766520000.0,1.8824,1.8837,1.8781,1.8814,132957.61,0.0,0.0,0
15m,1766520900.0,1.8814,1.8872,1.8814,1.886,130031.17,0.0,0.0,0
15m,1766521800.0,1.886,1.8948,1.8828,1.8911,561624.79,0.0,0.0,0
15m,1766522700.0,1.8911,1.8944,1.8779,1.8808,311257.75,0.0,0.0,0
15m,1766523600.0,1.8808,1.8837,1.8762,1.8801,201269.16,0.0,0.0,0
15m,1766524500.0,1.8801,1.885,1.8799,1.8834,78520.09,0.0,0.0,0
15m,1766525400.0,1.8834,1.8836,1.8802,1.8815,74642.42,0.0,0.0,0
15m,1766526300.0,1.8815,1.8834,1.8811,1.8818,117650.35,0.0,0.0,0
15m,1766527200.0,1.8818,1.8841,1.8784,1.8798,164421.59,0.0,0.0,0
15m,1766528100.0,1.8798,1.8826,1.877,1.8786,88403.97,0.0,0.0,0
15m,1766529000.0,1.8786,1.8834,1.8757,1.8822,79425.78,0.0,0.0,0
15m,1766529900.0,1.8822,1.8836,1.8782,1.8795,72067.35,0.0,0.0,0
15m,1766530800.0,1.8795,1.8798,1.8758,1.8776,132590.17,0.0,0.0,0
15m,1766531700.0,1.8776,1.8776,1.8726,1.8763,263445.67,0.0,0.0,0
15m,1766532600.0,1.8763,1.879,1.876,1.8771,112396.23,0.0,0.0,0
15m,1766533500.0,1.8771,1.8771,1.873,1.8735,109309.59,0.0,0.0,0
15m,1766534400.0,1.8735,1.8776,1.8717,1.8729,253206.62,0.0,0.0,0
15m,1766535300.0,1.8729,1.8735,1.8706,1.8709,205363.86,0.0,0.0,0
15m,1766536200.0,1.8709,1.8738,1.8692,1.873,423107.87,0.0,0.0,0
15m,1766537100.0,1.873,1.8758,1.8704,1.8733,421170.85,0.0,0.0,0
15m,1766538000.0,1.8733,1.878,1.8732,1.8769,529325.43,0.0,0.0,0
15m,1766538900.0,1.8769,1.878,1.8749,1.8759,319724.2,0.0,0.0,0
15m,1766539800.0,1.8759,1.8781,1.8724,1.8732,322813.18,0.0,0.0,0
15m,1766540700.0,1.8732,1.8734,1.8701,1.8704,258679.09,0.0,0.0,0
15m,1766541600.0,1.8704,1.8709,1.859,1.8622,425261.14,0.0,0.0,0
15m,1766542500.0,1.8622,1.8654,1.8615,1.8639,251434.98,0.0,0.0,0
15m,1766543400.0,1.8639,1.8645,1.8508,1.8554,531876.98,0.0,0.0,0
15m,1766544300.0,1.8554,1.8574,1.8526,1.8546,358922.52,0.0,0.0,0
15m,1766545200.0,1.8546,1.8546,1.8451,1.8482,322530.67,0.0,0.0,0
15m,1766546100.0,1.8482,1.8566,1.8471,1.8555,146406.29,0.0,0.0,0
15m,1766547000.0,1.8555,1.8604,1.8553,1.86,406024.78,0.0,0.0,0
15m,1766547900.0,1.86,1.8639,1.86,1.8617,273448.84,0.0,0.0,0
15m,1766548800.0,1.8617,1.8677,1.8599,1.8671,286150.11,0.0,0.0,0
15m,1766549700.0,1.8671,1.8675,1.8601,1.8609,170450.16,0.0,0.0,0
15m,1766550600.0,1.8609,1.8641,1.8565,1.8591,520325.08,0.0,0.0,0
15m,1766551500.0,1.8591,1.8603,1.8536,1.8553,237466.51,0.0,0.0,0
15m,1766552400.0,1.8553,1.8569,1.8527,1.8541,272939.63,0.0,0.0,0
15m,1766553300.0,1.8541,1.8571,1.8487,1.8492,369326.82,0.0,0.0,0
15m,1766554200.0,1.8492,1.8502,1.844,1.8445,265746.83,0.0,0.0,0
15m,1766555100.0,1.8445,1.8486,1.8436,1.8472,436669.64,0.0,0.0,0
15m,1766556000.0,1.8472,1.8472,1.8378,1.8379,595841.52,0.0,0.0,0
15m,1766556900.0,1.8379,1.8453,1.8371,1.8432,271586.47,0.0,0.0,0
15m,1766557800.0,1.8432,1.8474,1.8414,1.8455,251436.98,0.0,0.0,0
15m,1766558700.0,1.8455,1.854,1.8454,1.8523,438608.7,0.0,0.0,0
15m,1766559600.0,1.8523,1.8548,1.8513,1.8539,155159.77,0.0,0.0,0
15m,1766560500.0,1.8539,1.8546,1.851,1.8526,181274.63,0.0,0.0,0
15m,1766561400.0,1.8526,1.858,1.8523,1.8571,254642.28,0.0,0.0,0
15m,1766562300.0,1.8571,1.8617,1.8545,1.8547,410783.22,0.0,0.0,0
15m,1766563200.0,1.8547,1.8588,1.8536,1.8577,218708.7,0.0,0.0,0
15m,1766564100.0,1.8577,1.8626,1.856,1.8597,245662.85,0.0,0.0,0
15m,1766565000.0,1.8597,1.861,1.855,1.8579,163693.48,0.0,0.0,0
15m,1766565900.0,1.8579,1.8588,1.8522,1.8533,76923.61,0.0,0.0,0
15m,1766566800.0,1.8533,1.8583,1.8533,1.8579,144976.69,0.0,0.0,0
15m,1766567700.0,1.8579,1.8585,1.8556,1.8564,222131.31,0.0,0.0,0
15m,1766568600.0,1.8564,1.8574,1.8542,1.8557,113321.53,0.0,0.0,0
15m,1766569500.0,1.8557,1.859,1.8541,1.8543,158352.22,0.0,0.0,0
15m,1766570400.0,1.8543,1.8623,1.854,1.8621,127533.1,0.0,0.0,0
15m,1766571300.0,1.8621,1.8666,1.8618,1.8656,173894.42,0.0,0.0,0
15m,1766572200.0,1.8656,1.87,1.8648,1.8685,344598.42,0.0,0.0,0
15m,1766573100.0,1.8685,1.87,1.8654,1.8659,275026.07,0.0,0.0,0
15m,1766574000.0,1.8659,1.8754,1.8659,1.8745,570145.79,0.0,0.0,0
15m,1766574900.0,1.8745,1.8751,1.8703,1.8708,176103.26,0.0,0.0,0
15m,1766575800.0,1.8708,1.8738,1.8703,1.8733,89142.02,0.0,0.0,0
15m,1766576700.0,1.8733,1.8734,1.8683,1.8692,128119.17,0.0,0.0,0
15m,1766577600.0,1.8692,1.8696,1.8646,1.8669,236646.5,0.0,0.0,0
15m,1766578500.0,1.8669,1.8696,1.8633,1.8656,184256.23,0.0,0.0,0
15m,1766579400.0,1.8656,1.8723,1.8656,1.8701,239370.55,0.0,0.0,0
15m,1766580300.0,1.8701,1.8734,1.8673,1.872,276788.24,0.0,0.0,0
15m,1766581200.0,1.872,1.8728,1.8661,1.8673,181093.32,0.0,0.0,0
15m,1766582100.0,1.8673,1.8691,1.8662,1.869,75857.15,0.0,0.0,0
15m,1766583000.0,1.869,1.8701,1.8639,1.8668,208436.75,0.0,0.0,0
15m,1766583900.0,1.8668,1.8716,1.8664,1.8701,161039.96,0.0,0.0,0
15m,1766584800.0,1.8701,1.8778,1.8701,1.8777,263691.95,0.0,0.0,0
15m,1766585700.0,1.8777,1.8782,1.8673,1.8679,166636.01,0.0,0.0,0
15m,1766586600.0,1.8679,1.8709,1.8521,1.8666,635886.35,0.0,0.0,0
15m,1766587500.0,1.8666,1.8684,1.8566,1.8591,318457.02,0.0,0.0,0
15m,1766588400.0,1.8591,1.8643,1.8574,1.8602,206622.01,0.0,0.0,0
15m,1766589300.0,1.8602,1.8616,1.8527,1.8599,240666.12,0.0,0.0,0
15m,1766590200.0,1.8599,1.8702,1.8594,1.866,538471.72,0.0,0.0,0
15m,1766591100.0,1.866,1.8681,1.8606,1.8635,824048.54,0.0,0.0,0
15m,1766592000.0,1.8635,1.8679,1.8616,1.8658,434975.27,0.0,0.0,0
15m,1766592900.0,1.8658,1.8658,1.8556,1.8573,524434.3,0.0,0.0,0
15m,1766593800.0,1.8573,1.8717,1.8573,1.8668,584549.37,0.0,0.0,0
15m,1766594700.0,1.8668,1.8678,1.8603,1.8617,134957.07,0.0,0.0,0
15m,1766595600.0,1.8617,1.8701,1.8593,1.8655,381466.35,0.0,0.0,0
15m,1766596500.0,1.8655,1.8678,1.8635,1.8667,148111.62,0.0,0.0,0
15m,1766597400.0,1.8667,1.869,1.8572,1.8582,293061.55,0.0,0.0,0
15m,1766598300.0,1.8582,1.8603,1.851,1.8515,427157.59,0.0,0.0,0
15m,1766599200.0,1.8515,1.8566,1.8492,1.8537,318955.28,0.0,0.0,0
15m,1766600100.0,1.8537,1.859,1.8532,1.8561,129522.33,0.0,0.0,0
15m,1766601000.0,1.8561,1.8582,1.855,1.8579,79045.53,0.0,0.0,0
15m,1766601900.0,1.8579,1.8589,1.8556,1.8563,36142.33,0.0,0.0,0
15m,1766602800.0,1.8563,1.8591,1.8543,1.8547,60683.81,0.0,0.0,0
15m,1766603700.0,1.8547,1.8586,1.8537,1.8571,193749.73,0.0,0.0,0
15m,1766604600.0,1.8571,1.8603,1.8565,1.8601,25753.43,0.0,0.0,0
15m,1766605500.0,1.8601,1.8628,1.8598,1.862,74085.95,0.0,0.0,0
15m,1766606400.0,1.862,1.8686,1.8619,1.8666,237392.7,0.0,0.0,0
15m,1766607300.0,1.8666,1.869,1.8663,1.8671,107657.9,0.0,0.0,0
15m,1766608200.0,1.8671,1.87,1.8646,1.8648,156792.25,0.0,0.0,0
15m,1766609100.0,1.8648,1.8648,1.8623,1.8646,54909.65,0.0,0.0,0
15m,1766610000.0,1.8646,1.866,1.863,1.8641,257479.49,0.0,0.0,0
15m,1766610900.0,1.8641,1.8654,1.8625,1.8642,62310.05,0.0,0.0,0
15m,1766611800.0,1.8642,1.8668,1.864,1.8657,105009.13,0.0,0.0,0
15m,1766612700.0,1.8657,1.866,1.8628,1.864,101943.23,0.0,0.0,0
15m,1766613600.0,1.864,1.8665,1.8609,1.8613,204892.28,0.0,0.0,0
15m,1766614500.0,1.8613,1.8638,1.8598,1.8607,51463.58,0.0,0.0,0
15m,1766615400.0,1.8607,1.8682,1.8598,1.8676,97421.69,0.0,0.0,0
15m,1766616300.0,1.8676,1.8701,1.867,1.8697,78992.11,0.0,0.0,0
15m,1766617200.0,1.8697,1.8703,1.8634,1.8653,116304.3,0.0,0.0,0
15m,1766618100.0,1.8653,1.8659,1.8619,1.8622,105522.21,0.0,0.0,0
15m,1766619000.0,1.8622,1.8634,1.8614,1.8625,151937.0,0.0,0.0,0
15m,1766619900.0,1.8625,1.8639,1.8619,1.8628,80520.42,0.0,0.0,0
15m,1766620800.0,1.8628,1.8637,1.8606,1.8634,144159.07,0.0,0.0,0
15m,1766621700.0,1.8634,1.8656,1.8621,1.8622,100557.58,0.0,0.0,0
15m,1766622600.0,1.8622,1.8654,1.86,1.8608,139860.41,0.0,0.0,0
15m,1766623500.0,1.8608,1.8621,1.857,1.8579,137310.77,0.0,0.0,0
15m,1766624400.0,1.8579,1.8597,1.8565,1.8595,90693.42,0.0,0.0,0
15m,1766625300.0,1.8595,1.8598,1.8574,1.859,145773.41,0.0,0.0,0
15m,1766626200.0,1.859,1.8638,1.8573,1.8638,129244.98,0.0,0.0,0
15m,1766627100.0,1.8638,1.8669,1.8631,1.866,220445.84,0.0,0.0,0
15m,1766628000.0,1.866,1.8667,1.8631,1.8664,119914.72,0.0,0.0,0
15m,1766628900.0,1.8664,1.868,1.8648,1.8676,104735.23,0.0,0.0,0
15m,1766629800.0,1.8676,1.8723,1.8667,1.8719,113840.3,0.0,0.0,0
15m,1766630700.0,1.8719,1.8728,1.8695,1.8712,215744.56,0.0,0.0,0
15m,1766631600.0,1.8712,1.8716,1.8672,1.8692,130900.51,0.0,0.0,0
15m,1766632500.0,1.8692,1.8744,1.8678,1.8736,142203.83,0.0,0.0,0
15m,1766633400.0,1.8736,1.8743,1.8723,1.873,87827.15,0.0,0.0,0
15m,1766634300.0,1.873,1.8731,1.8691,1.8702,252933.35,0.0,0.0,0
15m,1766635200.0,1.8702,1.8714,1.8689,1.8707,86265.5,0.0,0.0,0
15m,1766636100.0,1.8707,1.8743,1.8707,1.8714,97101.68,0.0,0.0,0
15m,1766637000.0,1.8714,1.8717,1.8693,1.8715,45209.14,0.0,0.0,0
15m,1766637900.0,1.8715,1.8757,1.8708,1.8734,151334.6,0.0,0.0,0
15m,1766638800.0,1.8734,1.8745,1.8689,1.869,123343.82,0.0,0.0,0
15m,1766639700.0,1.869,1.8713,1.8689,1.8701,99487.47,0.0,0.0,0
15m,1766640600.0,1.8701,1.8725,1.8693,1.8715,76337.88,0.0,0.0,0
15m,1766641500.0,1.8715,1.8721,1.8692,1.8693,59407.9,0.0,0.0,0
15m,1766642400.0,1.8693,1.8696,1.8666,1.8667,64645.12,0.0,0.0,0
15m,1766643300.0,1.8667,1.8732,1.8667,1.872,69053.94,0.0,0.0,0
15m,1766644200.0,1.872,1.8766,1.8715,1.8737,277079.67,0.0,0.0,0
15m,1766645100.0,1.8737,1.8771,1.8735,1.8758,144946.08,0.0,0.0,0
15m,1766646000.0,1.8758,1.8764,1.8728,1.8752,128197.91,0.0,0.0,0
15m,1766646900.0,1.8752,1.8752,1.8732,1.874,55435.05,0.0,0.0,0
15m,1766647800.0,1.874,1.8742,1.8726,1.8736,59776.62,0.0,0.0,0
15m,1766648700.0,1.8736,1.8758,1.8731,1.8747,95091.33,0.0,0.0,0
15m,1766649600.0,1.8747,1.8811,1.8737,1.8781,323261.71,0.0,0.0,0
15m,1766650500.0,1.8781,1.879,1.8651,1.8692,346467.23,0.0,0.0,0
15m,1766651400.0,1.8692,1.8724,1.867,1.8716,168052.47,0.0,0.0,0
15m,1766652300.0,1.8716,1.8754,1.8697,1.874,109939.88,0.0,0.0,0
15m,1766653200.0,1.874,1.8741,1.8687,1.8692,104438.99,0.0,0.0,0
15m,1766654100.0,1.8692,1.87,1.8668,1.8675,355180.68,0.0,0.0,0
15m,1766655000.0,1.8675,1.8705,1.8669,1.8691,107416.68,0.0,0.0,0
15m,1766655900.0,1.8691,1.8744,1.8691,1.8719,88104.95,0.0,0.0,0
15m,1766656800.0,1.8719,1.8719,1.8631,1.8631,182075.88,0.0,0.0,0
15m,1766657700.0,1.8631,1.864,1.8617,1.8627,160663.58,0.0,0.0,0
15m,1766658600.0,1.8627,1.8627,1.8535,1.8559,501325.93,0.0,0.0,0
15m,1766659500.0,1.8559,1.858,1.8548,1.8578,127820.0,0.0,0.0,0
15m,1766660400.0,1.8578,1.8604,1.8566,1.8583,194221.6,0.0,0.0,0
15m,1766661300.0,1.8583,1.8622,1.8579,1.8612,250582.85,0.0,0.0,0
15m,1766662200.0,1.8612,1.8648,1.8581,1.8591,233410.68,0.0,0.0,0
15m,1766663100.0,1.8591,1.8613,1.8566,1.8592,174026.75,0.0,0.0,0
15m,1766664000.0,1.8592,1.8596,1.8554,1.8555,154329.2,0.0,0.0,0
15m,1766664900.0,1.8555,1.862,1.8555,1.8614,235018.05,0.0,0.0,0
15m,1766665800.0,1.8614,1.8628,1.8606,1.8625,185056.6,0.0,0.0,0
15m,1766666700.0,1.8625,1.8652,1.8623,1.8652,124348.87,0.0,0.0,0
15m,1766667600.0,1.8652,1.8683,1.8645,1.8673,163166.77,0.0,0.0,0
15m,1766668500.0,1.8673,1.8681,1.8627,1.8659,315009.85,0.0,0.0,0
15m,1766669400.0,1.8659,1.8708,1.8645,1.8691,157332.68,0.0,0.0,0
15m,1766670300.0,1.8691,1.87,1.8668,1.8688,317032.56,0.0,0.0,0
15m,1766671200.0,1.8688,1.8703,1.8659,1.8664,142641.92,0.0,0.0,0
15m,1766672100.0,1.8664,1.8683,1.8647,1.8659,147581.08,0.0,0.0,0
15m,1766673000.0,1.8659,1.8693,1.8656,1.867,140104.55,0.0,0.0,0
15m,1766673900.0,1.867,1.8701,1.867,1.8696,145602.13,0.0,0.0,0
15m,1766674800.0,1.8696,1.8707,1.8658,1.8697,272506.69,0.0,0.0,0
15m,1766675700.0,1.8697,1.8769,1.8676,1.8737,561345.14,0.0,0.0,0
15m,1766676600.0,1.8737,1.8824,1.8706,1.8808,618292.45,0.0,0.0,0
15m,1766677500.0,1.8808,1.8896,1.8785,1.8829,969523.09,0.0,0.0,0
15m,1766678400.0,1.8829,1.8834,1.8783,1.8804,301495.24,0.0,0.0,0
15m,1766679300.0,1.8804,1.8838,1.8794,1.8795,159865.54,0.0,0.0,0
15m,1766680200.0,1.8795,1.8823,1.8753,1.8767,382119.36,0.0,0.0,0
15m,1766681100.0,1.8767,1.877,1.8693,1.8718,144937.26,0.0,0.0,0
15m,1766682000.0,1.8718,1.8725,1.8689,1.8702,137644.9,0.0,0.0,0
15m,1766682900.0,1.8702,1.8702,1.8663,1.8663,189938.95,0.0,0.0,0
15m,1766683800.0,1.8663,1.8692,1.8654,1.8683,135870.74,0.0,0.0,0
15m,1766684700.0,1.8683,1.8722,1.8674,1.871,46417.19,0.0,0.0,0
15m,1766685600.0,1.871,1.8748,1.871,1.8739,74284.97,0.0,0.0,0
15m,1766686500.0,1.8739,1.8739,1.8706,1.8716,79926.83,0.0,0.0,0
15m,1766687400.0,1.8716,1.876,1.8697,1.8727,138160.92,0.0,0.0,0
15m,1766688300.0,1.8727,1.8751,1.8722,1.874,50883.37,0.0,0.0,0
15m,1766689200.0,1.874,1.8742,1.8728,1.8736,37216.66,0.0,0.0,0
15m,1766690100.0,1.8736,1.8741,1.8706,1.8711,43704.21,0.0,0.0,0
15m,1766691000.0,1.8711,1.8743,1.8707,1.8731,36182.25,0.0,0.0,0
15m,1766691900.0,1.8731,1.8734,1.8709,1.8734,155397.33,0.0,0.0,0
15m,1766692800.0,1.8734,1.8736,1.8705,1.8717,44207.49,0.0,0.0,0
15m,1766693700.0,1.8717,1.8721,1.8654,1.8665,107222.08,0.0,0.0,0
15m,1766694600.0,1.8665,1.8675,1.865,1.8659,56170.68,0.0,0.0,0
15m,1766695500.0,1.8659,1.87,1.8659,1.8689,85416.68,0.0,0.0,0
15m,1766696400.0,1.8689,1.8699,1.8669,1.8695,109365.01,0.0,0.0,0
15m,1766697300.0,1.8695,1.8695,1.8667,1.8689,79305.37,0.0,0.0,0
15m,1766698200.0,1.8689,1.8689,1.8665,1.8677,49703.96,0.0,0.0,0
15m,1766699100.0,1.8677,1.8677,1.8644,1.8656,139477.84,0.0,0.0,0
15m,1766700000.0,1.8656,1.8658,1.8592,1.8607,507093.63,0.0,0.0,0
15m,1766700900.0,1.8607,1.8623,1.8593,1.8609,217836.4,0.0,0.0,0
15m,1766701800.0,1.8609,1.862,1.8564,1.8575,415055.96,0.0,0.0,0
15m,1766702700.0,1.8575,1.8575,1.84,1.8455,1832078.36,0.0,0.0,0
15m,1766703600.0,1.8455,1.8513,1.8396,1.8481,839396.83,0.0,0.0,0
15m,1766704500.0,1.8481,1.8485,1.8413,1.8425,626592.76,0.0,0.0,0
15m,1766705400.0,1.8425,1.8426,1.829,1.8324,1528215.36,0.0,0.0,0
15m,1766706300.0,1.8324,1.8355,1.8288,1.8324,821075.43,0.0,0.0,0
15m,1766707200.0,1.8324,1.837,1.8249,1.8299,582684.37,0.0,0.0,0
15m,1766708100.0,1.8299,1.8373,1.8245,1.8303,368339.83,0.0,0.0,0
15m,1766709000.0,1.8303,1.8338,1.8253,1.8292,277731.99,0.0,0.0,0
15m,1766709900.0,1.8292,1.8326,1.8292,1.8325,279054.19,0.0,0.0,0
15m,1766710800.0,1.8325,1.8374,1.8302,1.8374,283620.99,0.0,0.0,0
15m,1766711700.0,1.8374,1.8389,1.8341,1.8385,325275.64,0.0,0.0,0
15m,1766712600.0,1.8385,1.8397,1.8365,1.8391,237006.41,0.0,0.0,0
15m,1766713500.0,1.8391,1.84,1.8362,1.8367,110449.3,0.0,0.0,0
15m,1766714400.0,1.8367,1.8579,1.8336,1.8579,472288.28,0.0,0.0,0
15m,1766715300.0,1.8579,1.8784,1.8579,1.8713,2419058.2,0.0,0.0,0
15m,1766716200.0,1.8713,1.8808,1.8692,1.8725,711246.71,0.0,0.0,0
15m,1766717100.0,1.8725,1.8754,1.8669,1.8696,444852.9,0.0,0.0,0
15m,1766718000.0,1.8696,1.8739,1.8664,1.8693,443241.74,0.0,0.0,0
15m,1766718900.0,1.8693,1.8696,1.8611,1.8634,361123.53,0.0,0.0,0
15m,1766719800.0,1.8634,1.8647,1.8595,1.8628,199722.47,0.0,0.0,0
15m,1766720700.0,1.8628,1.868,1.8628,1.8648,288275.71,0.0,0.0,0
15m,1766721600.0,1.8648,1.8649,1.8554,1.8577,213885.4,0.0,0.0,0
15m,1766722500.0,1.8577,1.862,1.8557,1.8597,178358.3,0.0,0.0,0
15m,1766723400.0,1.8597,1.8693,1.8591,1.8686,246267.99,0.0,0.0,0
15m,1766724300.0,1.8686,1.8712,1.8655,1.8665,273045.75,0.0,0.0,0
15m,1766725200.0,1.8665,1.8683,1.8649,1.8662,232701.66,0.0,0.0,0
15m,1766726100.0,1.8662,1.8665,1.8642,1.8655,111335.63,0.0,0.0,0
15m,1766727000.0,1.8655,1.8705,1.8648,1.8705,185843.76,0.0,0.0,0
15m,1766727900.0,1.8705,1.8728,1.8681,1.8696,176148.42,0.0,0.0,0
15m,1766728800.0,1.8696,1.8752,1.8696,1.8722,241088.53,0.0,0.0,0
15m,1766729700.0,1.8722,1.8748,1.8711,1.8711,216581.2,0.0,0.0,0
15m,1766730600.0,1.8711,1.8783,1.8698,1.8779,484396.12,0.0,0.0,0
15m,1766731500.0,1.8779,1.878,1.8736,1.8749,457369.57,0.0,0.0,0
15m,1766732400.0,1.8749,1.882,1.8749,1.882,511027.24,0.0,0.0,0
15m,1766733300.0,1.882,1.8833,1.8781,1.8814,429987.21,0.0,0.0,0
15m,1766734200.0,1.8814,1.8816,1.8696,1.8697,367002.17,0.0,0.0,0
15m,1766735100.0,1.8697,1.8705,1.862,1.8645,330121.43,0.0,0.0,0
15m,1766736000.0,1.8645,1.8698,1.8634,1.8675,261364.46,0.0,0.0,0
15m,1766736900.0,1.8675,1.8711,1.8665,1.8678,195317.06,0.0,0.0,0
15m,1766737800.0,1.8678,1.8679,1.8636,1.8641,229032.98,0.0,0.0,0
15m,1766738700.0,1.8641,1.8673,1.8628,1.8671,123986.99,0.0,0.0,0
15m,1766739600.0,1.8671,1.8711,1.8669,1.8706,105403.25,0.0,0.0,0
15m,1766740500.0,1.8706,1.8728,1.8696,1.8705,257770.02,0.0,0.0,0
15m,1766741400.0,1.8705,1.874,1.8705,1.8739,207116.55,0.0,0.0,0
15m,1766742300.0,1.8739,1.8777,1.8736,1.8767,431233.81,0.0,0.0,0
15m,1766743200.0,1.8767,1.878,1.8746,1.8751,127624.28,0.0,0.0,0
15m,1766744100.0,1.8751,1.8784,1.8726,1.8781,344142.62,0.0,0.0,0
15m,1766745000.0,1.8781,1.8793,1.8753,1.8768,286309.0,0.0,0.0,0
15m,1766745900.0,1.8768,1.8807,1.8768,1.8792,358655.92,0.0,0.0,0
15m,1766746800.0,1.8792,1.8792,1.8757,1.8759,171685.72,0.0,0.0,0
15m,1766747700.0,1.8759,1.8763,1.8731,1.8736,278034.36,0.0,0.0,0
15m,1766748600.0,1.8736,1.8751,1.8718,1.8723,230073.55,0.0,0.0,0
15m,1766749500.0,1.8723,1.8734,1.871,1.8714,112072.51,0.0,0.0,0
15m,1766750400.0,1.8714,1.874,1.8713,1.8724,496655.43,0.0,0.0,0
15m,1766751300.0,1.8724,1.8743,1.8705,1.8724,177793.33,0.0,0.0,0
15m,1766752200.0,1.8724,1.8729,1.8709,1.8727,360156.03,0.0,0.0,0
15m,1766753100.0,1.8727,1.8734,1.8709,1.8723,304176.21,0.0,0.0,0
15m,1766754000.0,1.8723,1.8761,1.8687,1.8756,181379.81,0.0,0.0,0
15m,1766754900.0,1.8756,1.8763,1.8736,1.874,221832.4,0.0,0.0,0
15m,1766755800.0,1.874,1.8787,1.8727,1.8771,421008.11,0.0,0.0,0
15m,1766756700.0,1.8771,1.8796,1.8763,1.8782,780429.47,0.0,0.0,0
15m,1766757600.0,1.8782,1.8784,1.874,1.8768,396230.68,0.0,0.0,0
15m,1766758500.0,1.8768,1.8783,1.8745,1.8745,345759.3,0.0,0.0,0
15m,1766759400.0,1.8745,1.8759,1.8606,1.864,1240524.37,0.0,0.0,0
15m,1766760300.0,1.864,1.864,1.8427,1.8442,2593522.83,0.0,0.0,0
15m,1766761200.0,1.8442,1.8442,1.8294,1.8303,2678149.25,0.0,0.0,0
15m,1766762100.0,1.8303,1.8392,1.8266,1.8375,1160804.87,0.0,0.0,0
15m,1766763000.0,1.8375,1.8422,1.8326,1.8347,785212.31,0.0,0.0,0
15m,1766763900.0,1.8347,1.8395,1.8318,1.8383,650508.33,0.0,0.0,0
15m,1766764800.0,1.8383,1.8464,1.8369,1.8415,894019.03,0.0,0.0,0
15m,1766765700.0,1.8415,1.8471,1.8405,1.8421,334623.05,0.0,0.0,0
15m,1766766600.0,1.8421,1.8452,1.8401,1.8441,332292.28,0.0,0.0,0
15m,1766767500.0,1.8441,1.8452,1.8338,1.8352,270449.63,0.0,0.0,0
15m,1766768400.0,1.8352,1.8428,1.8352,1.8403,195292.34,0.0,0.0,0
15m,1766769300.0,1.8403,1.8478,1.8373,1.8467,272651.21,0.0,0.0,0
15m,1766770200.0,1.8467,1.8495,1.8434,1.8476,596189.37,0.0,0.0,0
15m,1766771100.0,1.8476,1.8491,1.8415,1.8438,493258.54,0.0,0.0,0
15m,1766772000.0,1.8438,1.8472,1.8427,1.8466,254086.36,0.0,0.0,0
15m,1766772900.0,1.8466,1.8469,1.8405,1.8405,204628.37,0.0,0.0,0
15m,1766773800.0,1.8405,1.8473,1.8405,1.8452,183022.32,0.0,0.0,0
15m,1766774700.0,1.8452,1.8476,1.8425,1.8451,382426.4,0.0,0.0,0
15m,1766775600.0,1.8451,1.8479,1.8446,1.845,174544.83,0.0,0.0,0
15m,1766776500.0,1.845,1.8458,1.8415,1.8442,170545.71,0.0,0.0,0
15m,1766777400.0,1.8442,1.8468,1.8442,1.8468,93642.5,0.0,0.0,0
15m,1766778300.0,1.8468,1.8506,1.8443,1.846,246451.78,0.0,0.0,0
15m,1766779200.0,1.846,1.8486,1.8447,1.8483,74543.31,0.0,0.0,0
15m,1766780100.0,1.8483,1.8506,1.847,1.85,71136.58,0.0,0.0,0
15m,1766781000.0,1.85,1.8534,1.849,1.8534,93217.38,0.0,0.0,0
15m,1766781900.0,1.8534,1.8603,1.8534,1.8547,437997.2,0.0,0.0,0
15m,1766782800.0,1.8547,1.8575,1.8505,1.8539,96366.98,0.0,0.0,0
15m,1766783700.0,1.8539,1.8552,1.8503,1.8512,114586.14,0.0,0.0,0
15m,1766784600.0,1.8512,1.8512,1.8481,1.8493,47468.45,0.0,0.0,0
15m,1766785500.0,1.8493,1.8508,1.8469,1.8474,87463.04,0.0,0.0,0
15m,1766786400.0,1.8474,1.85,1.8453,1.8453,196973.34,0.0,0.0,0
15m,1766787300.0,1.8453,1.85,1.8453,1.846,96020.78,0.0,0.0,0
15m,1766788200.0,1.846,1.8489,1.843,1.8443,95328.36,0.0,0.0,0
15m,1766789100.0,1.8443,1.8478,1.8431,1.8478,27450.03,0.0,0.0,0
15m,1766790000.0,1.8478,1.8497,1.8458,1.8464,85161.09,0.0,0.0,0
15m,1766790900.0,1.8464,1.8464,1.8442,1.8449,103983.68,0.0,0.0,0
15m,1766791800.0,1.8449,1.8464,1.8438,1.8442,31982.53,0.0,0.0,0
15m,1766792700.0,1.8442,1.8452,1.8426,1.8439,51423.65,0.0,0.0,0
15m,1766793600.0,1.8439,1.8455,1.8424,1.8441,202927.04,0.0,0.0,0
15m,1766794500.0,1.8441,1.8447,1.8422,1.8438,136517.59,0.0,0.0,0
15m,1766795400.0,1.8438,1.8463,1.8434,1.8457,65493.07,0.0,0.0,0
15m,1766796300.0,1.8457,1.8458,1.8444,1.8456,63926.88,0.0,0.0,0
15m,1766797200.0,1.8456,1.8462,1.8446,1.8451,117572.16,0.0,0.0,0
15m,1766798100.0,1.8451,1.8452,1.8431,1.8448,145792.48,0.0,0.0,0
15m,1766799000.0,1.8448,1.8455,1.8441,1.8442,49526.16,0.0,0.0,0
15m,1766799900.0,1.8442,1.8484,1.8432,1.8471,180206.95,0.0,0.0,0
15m,1766800800.0,1.8471,1.8482,1.8455,1.8482,139023.59,0.0,0.0,0
15m,1766801700.0,1.8482,1.8489,1.8457,1.8468,273905.05,0.0,0.0,0
15m,1766802600.0,1.8468,1.8536,1.8455,1.8504,234261.66,0.0,0.0,0
15m,1766803500.0,1.8504,1.8511,1.8483,1.8494,200872.95,0.0,0.0,0
15m,1766804400.0,1.8494,1.8515,1.8467,1.8475,77527.12,0.0,0.0,0
15m,1766805300.0,1.8475,1.8519,1.8474,1.8507,99183.79,0.0,0.0,0
15m,1766806200.0,1.8507,1.8538,1.8506,1.852,79459.45,0.0,0.0,0
15m,1766807100.0,1.852,1.8525,1.8507,1.8516,151522.71,0.0,0.0,0
15m,1766808000.0,1.8516,1.8532,1.8493,1.8499,89969.46,0.0,0.0,0
15m,1766808900.0,1.8499,1.8506,1.8484,1.8485,35602.03,0.0,0.0,0
15m,1766809800.0,1.8485,1.8488,1.8476,1.8485,69757.94,0.0,0.0,0
15m,1766810700.0,1.8485,1.8493,1.8474,1.8484,30792.48,0.0,0.0,0
15m,1766811600.0,1.8484,1.8495,1.847,1.8471,56992.32,0.0,0.0,0
15m,1766812500.0,1.8471,1.848,1.8467,1.8477,51792.08,0.0,0.0,0
15m,1766813400.0,1.8477,1.8486,1.8477,1.8485,73719.27,0.0,0.0,0
15m,1766814300.0,1.8485,1.8498,1.8484,1.8498,36129.0,0.0,0.0,0
15m,1766815200.0,1.8498,1.85,1.8475,1.8489,158772.48,0.0,0.0,0
15m,1766816100.0,1.8489,1.8494,1.8476,1.8489,98082.35,0.0,0.0,0
15m,1766817000.0,1.8489,1.849,1.8478,1.8486,55389.85,0.0,0.0,0
15m,1766817900.0,1.8486,1.849,1.8478,1.8482,55272.46,0.0,0.0,0
15m,1766818800.0,1.8482,1.8507,1.848,1.8506,53658.75,0.0,0.0,0
15m,1766819700.0,1.8506,1.8525,1.8494,1.8509,114809.34,0.0,0.0,0
15m,1766820600.0,1.8509,1.8511,1.8479,1.8483,60314.54,0.0,0.0,0
15m,1766821500.0,1.8483,1.849,1.8479,1.848,23739.75,0.0,0.0,0
15m,1766822400.0,1.848,1.85,1.848,1.8485,52028.78,0.0,0.0,0
15m,1766823300.0,1.8485,1.8514,1.8485,1.8504,114273.37,0.0,0.0,0
15m,1766824200.0,1.8504,1.8512,1.85,1.8504,35514.62,0.0,0.0,0
15m,1766825100.0,1.8504,1.8506,1.8494,1.8505,53657.49,0.0,0.0,0
15m,1766826000.0,1.8505,1.8533,1.8502,1.853,104441.78,0.0,0.0,0
15m,1766826900.0,1.853,1.8559,1.8506,1.8509,267155.26,0.0,0.0,0
15m,1766827800.0,1.8509,1.8523,1.8509,1.852,28005.99,0.0,0.0,0
15m,1766828700.0,1.852,1.8525,1.8512,1.8512,124764.39,0.0,0.0,0
15m,1766829600.0,1.8512,1.853,1.8499,1.8506,43599.66,0.0,0.0,0
15m,1766830500.0,1.8506,1.8529,1.8491,1.8491,86817.2,0.0,0.0,0
15m,1766831400.0,1.8491,1.8502,1.8453,1.8469,208175.31,0.0,0.0,0
15m,1766832300.0,1.8469,1.8491,1.8462,1.8488,158999.0,0.0,0.0,0
15m,1766833200.0,1.8488,1.8496,1.8474,1.8488,53448.68,0.0,0.0,0
15m,1766834100.0,1.8488,1.8502,1.8481,1.8481,65426.52,0.0,0.0,0
15m,1766835000.0,1.8481,1.8525,1.8481,1.8507,86390.74,0.0,0.0,0
15m,1766835900.0,1.8507,1.8525,1.8507,1.8513,101161.48,0.0,0.0,0
15m,1766836800.0,1.8513,1.8533,1.851,1.8515,102006.16,0.0,0.0,0
15m,1766837700.0,1.8515,1.8522,1.8504,1.8521,62815.48,0.0,0.0,0
15m,1766838600.0,1.8521,1.8533,1.8519,1.8524,174510.4,0.0,0.0,0
15m,1766839500.0,1.8524,1.8528,1.8504,1.8513,93303.95,0.0,0.0,0
15m,1766840400.0,1.8513,1.8522,1.8487,1.8487,109434.89,0.0,0.0,0
15m,1766841300.0,1.8487,1.8487,1.8461,1.8467,126455.57,0.0,0.0,0
15m,1766842200.0,1.8467,1.8491,1.8446,1.8489,96010.38,0.0,0.0,0
15m,1766843100.0,1.8489,1.849,1.8461,1.8462,37311.58,0.0,0.0,0
15m,1766844000.0,1.8462,1.8462,1.8436,1.8449,148058.35,0.0,0.0,0
15m,1766844900.0,1.8449,1.846,1.8444,1.8457,46097.56,0.0,0.0,0
15m,1766845800.0,1.8457,1.8491,1.8455,1.849,52428.95,0.0,0.0,0
15m,1766846700.0,1.849,1.8498,1.8482,1.8497,69778.77,0.0,0.0,0
15m,1766847600.0,1.8497,1.8497,1.8474,1.8493,185406.17,0.0,0.0,0
15m,1766848500.0,1.8493,1.8499,1.848,1.8498,63242.12,0.0,0.0,0
15m,1766849400.0,1.8498,1.8513,1.8491,1.8502,48365.29,0.0,0.0,0
15m,1766850300.0,1.8502,1.8519,1.8495,1.8497,63990.29,0.0,0.0,0
15m,1766851200.0,1.8497,1.8506,1.8489,1.8491,150895.41,0.0,0.0,0
15m,1766852100.0,1.8491,1.8499,1.8466,1.847,58100.65,0.0,0.0,0
15m,1766853000.0,1.847,1.8481,1.8457,1.846,77685.31,0.0,0.0,0
15m,1766853900.0,1.846,1.8461,1.8442,1.8451,95651.83,0.0,0.0,0
15m,1766854800.0,1.8451,1.8486,1.8442,1.847,333159.1,0.0,0.0,0
15m,1766855700.0,1.847,1.8493,1.8437,1.8481,273209.6,0.0,0.0,0
15m,1766856600.0,1.8481,1.8489,1.8451,1.8462,187202.6,0.0,0.0,0
15m,1766857500.0,1.8462,1.8517,1.8455,1.8497,323443.2,0.0,0.0,0
15m,1766858400.0,1.8497,1.8535,1.8495,1.8507,314681.92,0.0,0.0,0
15m,1766859300.0,1.8507,1.8526,1.8505,1.8518,96105.16,0.0,0.0,0
15m,1766860200.0,1.8518,1.8526,1.8508,1.8509,56633.89,0.0,0.0,0
15m,1766861100.0,1.8509,1.8515,1.8499,1.8499,50470.97,0.0,0.0,0
15m,1766862000.0,1.8499,1.8519,1.8482,1.8516,31441.69,0.0,0.0,0
15m,1766862900.0,1.8516,1.8521,1.8505,1.8515,148173.77,0.0,0.0,0
15m,1766863800.0,1.8515,1.8539,1.8511,1.8539,69537.7,0.0,0.0,0
15m,1766864700.0,1.8539,1.8571,1.8539,1.8559,109536.69,0.0,0.0,0
15m,1766865600.0,1.8559,1.8596,1.8553,1.8567,130968.27,0.0,0.0,0
15m,1766866500.0,1.8567,1.8588,1.8539,1.8539,98498.27,0.0,0.0,0
15m,1766867400.0,1.8539,1.8561,1.8536,1.8559,31565.26,0.0,0.0,0
15m,1766868300.0,1.8559,1.8566,1.8552,1.8557,22275.94,0.0,0.0,0
15m,1766869200.0,1.8557,1.8594,1.8556,1.859,93955.81,0.0,0.0,0
15m,1766870100.0,1.859,1.8599,1.8585,1.8595,84717.67,0.0,0.0,0
15m,1766871000.0,1.8595,1.8611,1.8594,1.8594,59968.74,0.0,0.0,0
15m,1766871900.0,1.8594,1.8627,1.8591,1.8624,77366.8,0.0,0.0,0
15m,1766872800.0,1.8624,1.8708,1.8618,1.87,411992.23,0.0,0.0,0
15m,1766873700.0,1.87,1.8753,1.8651,1.8651,372303.59,0.0,0.0,0
15m,1766874600.0,1.8651,1.8652,1.8618,1.864,181960.3,0.0,0.0,0
15m,1766875500.0,1.864,1.8661,1.8624,1.8624,67605.76,0.0,0.0,0
15m,1766876400.0,1.8624,1.866,1.8622,1.8634,170123.69,0.0,0.0,0
15m,1766877300.0,1.8634,1.867,1.8634,1.8648,97919.87,0.0,0.0,0
15m,1766878200.0,1.8648,1.8669,1.8641,1.8664,63277.24,0.0,0.0,0
15m,1766879100.0,1.8664,1.8785,1.8664,1.8734,867595.23,0.0,0.0,0
15m,1766880000.0,1.8734,1.8764,1.8717,1.8717,187095.89,0.0,0.0,0
15m,1766880900.0,1.8717,1.874,1.8695,1.8699,375153.81,0.0,0.0,0
15m,1766881800.0,1.8699,1.8747,1.8696,1.8739,121753.42,0.0,0.0,0
15m,1766882700.0,1.8739,1.8752,1.871,1.8716,93619.17,0.0,0.0,0
15m,1766883600.0,1.8716,1.8752,1.8715,1.8737,170454.95,0.0,0.0,0
15m,1766884500.0,1.8737,1.8737,1.8698,1.8702,167803.9,0.0,0.0,0
15m,1766885400.0,1.8702,1.8729,1.869,1.8716,143156.47,0.0,0.0,0
15m,1766886300.0,1.8716,1.8716,1.8699,1.871,39809.68,0.0,0.0,0
15m,1766887200.0,1.871,1.8719,1.8699,1.8718,34796.67,0.0,0.0,0
15m,1766888100.0,1.8718,1.8758,1.8718,1.8753,87899.54,0.0,0.0,0
15m,1766889000.0,1.8753,1.8781,1.8746,1.8751,151416.19,0.0,0.0,0
15m,1766889900.0,1.8751,1.8755,1.8733,1.8734,72631.17,0.0,0.0,0
15m,1766890800.0,1.8734,1.8746,1.8719,1.8726,66763.52,0.0,0.0,0
15m,1766891700.0,1.8726,1.8732,1.8716,1.8721,77079.17,0.0,0.0,0
15m,1766892600.0,1.8721,1.8746,1.8721,1.8738,89985.89,0.0,0.0,0
15m,1766893500.0,1.8738,1.8751,1.8738,1.8746,121935.09,0.0,0.0,0
15m,1766894400.0,1.8746,1.8776,1.8739,1.8771,173949.77,0.0,0.0,0
15m,1766895300.0,1.8771,1.8791,1.8747,1.8753,567683.24,0.0,0.0,0
15m,1766896200.0,1.8753,1.8767,1.8735,1.8758,131672.23,0.0,0.0,0
15m,1766897100.0,1.8758,1.8759,1.8738,1.8746,95878.15,0.0,0.0,0
15m,1766898000.0,1.8746,1.8767,1.8731,1.8762,142594.81,0.0,0.0,0
15m,1766898900.0,1.8762,1.8764,1.8733,1.8738,147554.42,0.0,0.0,0
15m,1766899800.0,1.8738,1.8763,1.8736,1.8745,159230.3,0.0,0.0,0
15m,1766900700.0,1.8745,1.8758,1.8721,1.8731,174519.63,0.0,0.0,0
15m,1766901600.0,1.8731,1.8755,1.8725,1.8754,102536.16,0.0,0.0,0
15m,1766902500.0,1.8754,1.8768,1.8752,1.8763,197726.23,0.0,0.0,0
15m,1766903400.0,1.8763,1.8794,1.876,1.8781,198633.64,0.0,0.0,0
15m,1766904300.0,1.8781,1.8786,1.8764,1.8777,212836.98,0.0,0.0,0
15m,1766905200.0,1.8777,1.8799,1.8761,1.8785,164025.96,0.0,0.0,0
15m,1766906100.0,1.8785,1.8788,1.8769,1.877,45827.12,0.0,0.0,0
15m,1766907000.0,1.877,1.8778,1.8751,1.8751,79974.6,0.0,0.0,0
15m,1766907900.0,1.8751,1.8759,1.8736,1.8737,69727.22,0.0,0.0,0
15m,1766908800.0,1.8737,1.8758,1.8736,1.8754,41733.61,0.0,0.0,0
15m,1766909700.0,1.8754,1.8755,1.8724,1.8731,79196.2,0.0,0.0,0
15m,1766910600.0,1.8731,1.8769,1.8723,1.8727,130841.9,0.0,0.0,0
15m,1766911500.0,1.8727,1.8729,1.8688,1.8689,120737.42,0.0,0.0,0
15m,1766912400.0,1.8689,1.8692,1.8669,1.8675,168725.64,0.0,0.0,0
15m,1766913300.0,1.8675,1.8694,1.8674,1.8692,50950.37,0.0,0.0,0
15m,1766914200.0,1.8692,1.8693,1.8629,1.865,370610.78,0.0,0.0,0
15m,1766915100.0,1.865,1.8656,1.8638,1.865,88996.95,0.0,0.0,0
15m,1766916000.0,1.865,1.8691,1.865,1.8684,133746.72,0.0,0.0,0
15m,1766916900.0,1.8684,1.8699,1.8682,1.8694,101265.68,0.0,0.0,0
15m,1766917800.0,1.8694,1.872,1.8689,1.8702,149697.24,0.0,0.0,0
15m,1766918700.0,1.8702,1.8715,1.8692,1.8715,72054.05,0.0,0.0,0
15m,1766919600.0,1.8715,1.8742,1.8714,1.8742,67305.29,0.0,0.0,0
15m,1766920500.0,1.8742,1.8742,1.8716,1.8718,27768.45,0.0,0.0,0
15m,1766921400.0,1.8718,1.872,1.8696,1.8707,106159.79,0.0,0.0,0
15m,1766922300.0,1.8707,1.8728,1.87,1.872,116191.27,0.0,0.0,0
15m,1766923200.0,1.872,1.873,1.87,1.8712,103233.69,0.0,0.0,0
15m,1766924100.0,1.8712,1.8718,1.8702,1.8708,60806.5,0.0,0.0,0
15m,1766925000.0,1.8708,1.8717,1.8665,1.8672,341198.19,0.0,0.0,0
15m,1766925900.0,1.8672,1.8681,1.8659,1.8667,85937.96,0.0,0.0,0
15m,1766926800.0,1.8667,1.87,1.8658,1.8677,84838.43,0.0,0.0,0
15m,1766927700.0,1.8677,1.8699,1.867,1.8686,32079.68,0.0,0.0,0
15m,1766928600.0,1.8686,1.8709,1.8684,1.8692,67787.66,0.0,0.0,0
15m,1766929500.0,1.8692,1.8693,1.8663,1.8675,67977.31,0.0,0.0,0
15m,1766930400.0,1.8675,1.872,1.8674,1.8709,95832.34,0.0,0.0,0
15m,1766931300.0,1.8709,1.8736,1.8707,1.873,125274.32,0.0,0.0,0
15m,1766932200.0,1.873,1.8765,1.8716,1.8746,121079.39,0.0,0.0,0
15m,1766933100.0,1.8746,1.8769,1.8711,1.8715,233586.2,0.0,0.0,0
15m,1766934000.0,1.8715,1.8756,1.8705,1.8743,91189.7,0.0,0.0,0
15m,1766934900.0,1.8743,1.8752,1.872,1.8728,70610.61,0.0,0.0,0
15m,1766935800.0,1.8728,1.8754,1.8708,1.874,66597.36,0.0,0.0,0
15m,1766936700.0,1.874,1.8748,1.869,1.8701,98820.25,0.0,0.0,0
15m,1766937600.0,1.8701,1.8721,1.8701,1.8718,100784.18,0.0,0.0,0
15m,1766938500.0,1.8718,1.8731,1.8665,1.8689,187637.79,0.0,0.0,0
15m,1766939400.0,1.8689,1.87,1.8666,1.8667,100120.95,0.0,0.0,0
15m,1766940300.0,1.8667,1.8676,1.8651,1.8668,425949.67,0.0,0.0,0
15m,1766941200.0,1.8668,1.8699,1.8666,1.8699,147614.2,0.0,0.0,0
15m,1766942100.0,1.8699,1.8718,1.8697,1.8711,78879.07,0.0,0.0,0
15m,1766943000.0,1.8711,1.8713,1.869,1.8707,58835.27,0.0,0.0,0
15m,1766943900.0,1.8707,1.8716,1.8684,1.8685,58533.33,0.0,0.0,0
15m,1766944800.0,1.8685,1.8689,1.8617,1.8625,320472.93,0.0,0.0,0
15m,1766945700.0,1.8625,1.8627,1.8543,1.8603,737746.67,0.0,0.0,0
15m,1766946600.0,1.8603,1.8622,1.8595,1.8606,52228.09,0.0,0.0,0
15m,1766947500.0,1.8606,1.8606,1.856,1.8571,86849.0,0.0,0.0,0
15m,1766948400.0,1.8571,1.8607,1.8531,1.8591,201998.21,0.0,0.0,0
15m,1766949300.0,1.8591,1.8592,1.8556,1.8558,211049.01,0.0,0.0,0
15m,1766950200.0,1.8558,1.8574,1.855,1.855,135408.2,0.0,0.0,0
15m,1766951100.0,1.855,1.858,1.8547,1.8573,78094.18,0.0,0.0,0
15m,1766952000.0,1.8573,1.8581,1.8544,1.8566,141814.74,0.0,0.0,0
15m,1766952900.0,1.8566,1.8623,1.8566,1.8618,67548.09,0.0,0.0,0
15m,1766953800.0,1.8618,1.8618,1.8596,1.8612,60116.62,0.0,0.0,0
15m,1766954700.0,1.8612,1.8627,1.8583,1.8587,77696.76,0.0,0.0,0
15m,1766955600.0,1.8587,1.8594,1.8558,1.8587,154724.25,0.0,0.0,0
15m,1766956500.0,1.8587,1.8607,1.8579,1.8581,36420.42,0.0,0.0,0
15m,1766957400.0,1.8581,1.8604,1.8576,1.8595,44817.22,0.0,0.0,0
15m,1766958300.0,1.8595,1.8629,1.8593,1.8626,95086.11,0.0,0.0,0
15m,1766959200.0,1.8626,1.8634,1.8609,1.8632,119201.89,0.0,0.0,0
15m,1766960100.0,1.8632,1.8641,1.8603,1.8627,47200.41,0.0,0.0,0
15m,1766961000.0,1.8627,1.8646,1.861,1.8642,24737.27,0.0,0.0,0
15m,1766961900.0,1.8642,1.871,1.864,1.8688,172374.91,0.0,0.0,0
15m,1766962800.0,1.8688,1.8707,1.8622,1.8632,166624.01,0.0,0.0,0
15m,1766963700.0,1.8632,1.8665,1.8616,1.8616,97470.86,0.0,0.0,0
15m,1766964600.0,1.8616,1.8647,1.8598,1.8644,74010.19,0.0,0.0,0
15m,1766965500.0,1.8644,1.8684,1.864,1.8654,135205.97,0.0,0.0,0
15m,1766966400.0,1.8654,1.868,1.8632,1.8654,127371.68,0.0,0.0,0
15m,1766967300.0,1.8654,1.8717,1.8631,1.8708,206994.89,0.0,0.0,0
15m,1766968200.0,1.8708,1.8778,1.8708,1.8743,960779.43,0.0,0.0,0
15m,1766969100.0,1.8743,1.8776,1.8726,1.8737,270909.63,0.0,0.0,0
15m,1766970000.0,1.8737,1.8749,1.8687,1.8708,255077.4,0.0,0.0,0
15m,1766970900.0,1.8708,1.8747,1.8653,1.8735,179759.44,0.0,0.0,0
15m,1766971800.0,1.8735,1.8863,1.871,1.8811,667314.13,0.0,0.0,0
15m,1766972700.0,1.8811,1.8859,1.8809,1.8821,388365.6,0.0,0.0,0
15m,1766973600.0,1.8821,1.8953,1.8821,1.8946,1074941.06,0.0,0.0,0
15m,1766974500.0,1.8946,1.8973,1.8877,1.8918,535071.24,0.0,0.0,0
15m,1766975400.0,1.8918,1.8975,1.8903,1.8904,822444.24,0.0,0.0,0
15m,1766976300.0,1.8904,1.8934,1.8902,1.8919,213281.91,0.0,0.0,0
15m,1766977200.0,1.8919,1.8976,1.8912,1.8976,292150.42,0.0,0.0,0
15m,1766978100.0,1.8976,1.8999,1.8964,1.8995,379472.2,0.0,0.0,0
15m,1766979000.0,1.8995,1.9171,1.8995,1.9134,1135470.55,0.0,0.0,0
15m,1766979900.0,1.9134,1.9175,1.911,1.9151,592537.89,0.0,0.0,0
15m,1766980800.0,1.9151,1.918,1.9103,1.9138,665672.38,0.0,0.0,0
15m,1766981700.0,1.9138,1.9173,1.9104,1.9117,491917.61,0.0,0.0,0
15m,1766982600.0,1.9117,1.9169,1.9105,1.9127,375996.28,0.0,0.0,0
15m,1766983500.0,1.9127,1.9154,1.9115,1.9143,309207.65,0.0,0.0,0
15m,1766984400.0,1.9143,1.915,1.9115,1.9145,285806.91,0.0,0.0,0
15m,1766985300.0,1.9145,1.9145,1.9075,1.9086,550964.13,0.0,0.0,0
15m,1766986200.0,1.9086,1.9116,1.9065,1.9098,450931.5,0.0,0.0,0
15m,1766987100.0,1.9098,1.9101,1.9029,1.9029,332668.59,0.0,0.0,0
15m,1766988000.0,1.9029,1.9061,1.8988,1.9055,412748.74,0.0,0.0,0
15m,1766988900.0,1.9055,1.9089,1.9031,1.9033,132337.62,0.0,0.0,0
15m,1766989800.0,1.9033,1.9061,1.9031,1.9057,173750.22,0.0,0.0,0
15m,1766990700.0,1.9057,1.9057,1.9012,1.9018,489173.12,0.0,0.0,0
15m,1766991600.0,1.9018,1.9042,1.8927,1.8981,1238450.66,0.0,0.0,0
15m,1766992500.0,1.8981,1.8989,1.8921,1.8934,246729.87,0.0,0.0,0
15m,1766993400.0,1.8934,1.9006,1.8934,1.8969,388397.61,0.0,0.0,0
15m,1766994300.0,1.8969,1.9025,1.8967,1.9007,214213.1,0.0,0.0,0
15m,1766995200.0,1.9007,1.9039,1.8983,1.9035,378498.44,0.0,0.0,0
15m,1766996100.0,1.9035,1.9053,1.9021,1.9046,203600.22,0.0,0.0,0
15m,1766997000.0,1.9046,1.905,1.8997,1.9019,280613.54,0.0,0.0,0
15m,1766997900.0,1.9019,1.9029,1.8967,1.899,242918.14,0.0,0.0,0
15m,1766998800.0,1.899,1.8996,1.8962,1.8975,193095.83,0.0,0.0,0
15m,1766999700.0,1.8975,1.8991,1.8943,1.895,174116.1,0.0,0.0,0
15m,1767000600.0,1.895,1.8954,1.8714,1.8743,1442501.7,0.0,0.0,0
15m,1767001500.0,1.8743,1.8762,1.8664,1.8762,778766.43,0.0,0.0,0
15m,1767002400.0,1.8762,1.8835,1.8741,1.88,331509.06,0.0,0.0,0
15m,1767003300.0,1.88,1.8804,1.8771,1.8784,136850.49,0.0,0.0,0
15m,1767004200.0,1.8784,1.8786,1.8755,1.8785,213368.21,0.0,0.0,0
15m,1767005100.0,1.8785,1.8805,1.8733,1.876,235458.52,0.0,0.0,0
15m,1767006000.0,1.876,1.8773,1.873,1.8767,148399.43,0.0,0.0,0
15m,1767006900.0,1.8767,1.8772,1.875,1.8755,398075.86,0.0,0.0,0
15m,1767007800.0,1.8755,1.8755,1.8732,1.8735,162562.07,0.0,0.0,0
15m,1767008700.0,1.8735,1.875,1.8715,1.8717,279698.63,0.0,0.0,0
15m,1767009600.0,1.8717,1.8739,1.8557,1.861,1187523.49,0.0,0.0,0
15m,1767010500.0,1.861,1.8682,1.8557,1.8655,632633.72,0.0,0.0,0
15m,1767011400.0,1.8655,1.8688,1.8642,1.8663,341008.74,0.0,0.0,0
15m,1767012300.0,1.8663,1.8687,1.8658,1.8672,228331.3,0.0,0.0,0
15m,1767013200.0,1.8672,1.8704,1.8655,1.8662,207996.31,0.0,0.0,0
15m,1767014100.0,1.8662,1.8685,1.8626,1.8632,147088.75,0.0,0.0,0
15m,1767015000.0,1.8632,1.8642,1.8605,1.8612,133195.28,0.0,0.0,0
15m,1767015900.0,1.8612,1.8638,1.8581,1.8638,213633.64,0.0,0.0,0
15m,1767016800.0,1.8638,1.866,1.8613,1.8649,317351.68,0.0,0.0,0
15m,1767017700.0,1.8649,1.8678,1.8599,1.8677,243625.94,0.0,0.0,0
15m,1767018600.0,1.8677,1.879,1.8646,1.8743,755581.8,0.0,0.0,0
15m,1767019500.0,1.8743,1.8759,1.8644,1.8668,428064.83,0.0,0.0,0
15m,1767020400.0,1.8668,1.8726,1.8635,1.8726,525658.65,0.0,0.0,0
15m,1767021300.0,1.8726,1.8748,1.868,1.8719,370965.9,0.0,0.0,0
15m,1767022200.0,1.8719,1.8734,1.8665,1.8708,155774.42,0.0,0.0,0
15m,1767023100.0,1.8708,1.8709,1.8645,1.8655,199053.14,0.0,0.0,0
15m,1767024000.0,1.8655,1.8692,1.8639,1.8669,278002.66,0.0,0.0,0
15m,1767024900.0,1.8669,1.8669,1.8585,1.8612,512408.3,0.0,0.0,0
15m,1767025800.0,1.8612,1.8638,1.8605,1.8624,127456.36,0.0,0.0,0
15m,1767026700.0,1.8624,1.8662,1.8612,1.8623,191569.41,0.0,0.0,0
15m,1767027600.0,1.8623,1.8649,1.8617,1.8628,180549.31,0.0,0.0,0
15m,1767028500.0,1.8628,1.8657,1.8594,1.8611,160300.25,0.0,0.0,0
15m,1767029400.0,1.8611,1.8622,1.8588,1.8611,190870.95,0.0,0.0,0
15m,1767030300.0,1.8611,1.8663,1.8611,1.8658,138263.1,0.0,0.0,0
15m,1767031200.0,1.8658,1.8678,1.8608,1.8621,256632.75,0.0,0.0,0
15m,1767032100.0,1.8621,1.8656,1.8614,1.8619,114931.87,0.0,0.0,0
15m,1767033000.0,1.8619,1.8639,1.8593,1.8604,187803.17,0.0,0.0,0
15m,1767033900.0,1.8604,1.8604,1.8546,1.8552,429830.71,0.0,0.0,0
15m,1767034800.0,1.8552,1.859,1.8503,1.8571,620350.5,0.0,0.0,0
15m,1767035700.0,1.8571,1.8598,1.8552,1.8559,130367.57,0.0,0.0,0
15m,1767036600.0,1.8559,1.859,1.8533,1.8542,165002.79,0.0,0.0,0
15m,1767037500.0,1.8542,1.8549,1.8519,1.8534,289922.88,0.0,0.0,0
15m,1767038400.0,1.8534,1.8566,1.8506,1.8554,295064.54,0.0,0.0,0
15m,1767039300.0,1.8554,1.8573,1.8492,1.8495,355069.84,0.0,0.0,0
15m,1767040200.0,1.8495,1.8517,1.8453,1.8488,673033.33,0.0,0.0,0
15m,1767041100.0,1.8488,1.8508,1.8471,1.8493,558068.14,0.0,0.0,0
15m,1767042000.0,1.8493,1.8519,1.8482,1.8513,493322.62,0.0,0.0,0
15m,1767042900.0,1.8513,1.8513,1.8479,1.8491,376189.51,0.0,0.0,0
15m,1767043800.0,1.8491,1.8538,1.848,1.8534,429422.72,0.0,0.0,0
15m,1767044700.0,1.8534,1.8539,1.8521,1.8536,530140.43,0.0,0.0,0
15m,1767045600.0,1.8536,1.8536,1.8451,1.8478,772400.76,0.0,0.0,0
15m,1767046500.0,1.8478,1.8528,1.8478,1.8505,465217.49,0.0,0.0,0
15m,1767047400.0,1.8505,1.8556,1.85,1.8552,437355.58,0.0,0.0,0
15m,1767048300.0,1.8552,1.8552,1.8519,1.8521,502824.2,0.0,0.0,0
15m,1767049200.0,1.8521,1.8532,1.8505,1.8516,535762.73,0.0,0.0,0
15m,1767050100.0,1.8516,1.8525,1.8484,1.8488,674616.45,0.0,0.0,0
15m,1767051000.0,1.8488,1.8502,1.8475,1.8482,429958.4,0.0,0.0,0
15m,1767051900.0,1.8482,1.8508,1.8477,1.8502,495535.04,0.0,0.0,0
15m,1767052800.0,1.8502,1.8537,1.8498,1.8528,311442.53,0.0,0.0,0
15m,1767053700.0,1.8528,1.8544,1.8512,1.8513,103781.03,0.0,0.0,0
15m,1767054600.0,1.8513,1.8518,1.8466,1.8496,550558.31,0.0,0.0,0
15m,1767055500.0,1.8496,1.8514,1.849,1.8511,231409.62,0.0,0.0,0
15m,1767056400.0,1.8511,1.8514,1.8481,1.8501,161033.5,0.0,0.0,0
15m,1767057300.0,1.8501,1.8513,1.8485,1.8488,439491.94,0.0,0.0,0
15m,1767058200.0,1.8488,1.8492,1.8446,1.8464,618104.64,0.0,0.0,0
15m,1767059100.0,1.8464,1.8491,1.8463,1.8474,548307.53,0.0,0.0,0
15m,1767060000.0,1.8474,1.848,1.8437,1.8465,584254.63,0.0,0.0,0
15m,1767060900.0,1.8465,1.8502,1.8463,1.8465,965255.61,0.0,0.0,0
15m,1767061800.0,1.8465,1.8492,1.8442,1.8488,846652.22,0.0,0.0,0
15m,1767062700.0,1.8488,1.8519,1.8481,1.8519,667622.75,0.0,0.0,0
15m,1767063600.0,1.8519,1.8524,1.8495,1.8512,430913.87,0.0,0.0,0
15m,1767064500.0,1.8512,1.8578,1.8482,1.8577,738279.01,0.0,0.0,0
15m,1767065400.0,1.8577,1.8589,1.8569,1.8582,356669.22,0.0,0.0,0
15m,1767066300.0,1.8582,1.8629,1.8581,1.861,376570.02,0.0,0.0,0
15m,1767067200.0,1.861,1.864,1.8572,1.8588,360964.26,0.0,0.0,0
15m,1767068100.0,1.8588,1.863,1.8587,1.8625,248410.47,0.0,0.0,0
15m,1767069000.0,1.8625,1.863,1.8608,1.863,208189.19,0.0,0.0,0
15m,1767069900.0,1.863,1.863,1.8604,1.8609,136967.0,0.0,0.0,0
15m,1767070800.0,1.8609,1.8624,1.8598,1.8624,193499.36,0.0,0.0,0
15m,1767071700.0,1.8624,1.8624,1.8577,1.8586,221967.28,0.0,0.0,0
15m,1767072600.0,1.8586,1.8586,1.8549,1.8568,342537.2,0.0,0.0,0
15m,1767073500.0,1.8568,1.8594,1.8561,1.8588,223767.51,0.0,0.0,0
15m,1767074400.0,1.8588,1.8642,1.8582,1.8636,320777.11,0.0,0.0,0
15m,1767075300.0,1.8636,1.8651,1.862,1.8635,182160.39,0.0,0.0,0
15m,1767076200.0,1.8635,1.8663,1.8629,1.8659,388552.57,0.0,0.0,0
15m,1767077100.0,1.8659,1.8674,1.8614,1.8618,471369.22,0.0,0.0,0
15m,1767078000.0,1.8618,1.8637,1.86,1.8635,417903.17,0.0,0.0,0
15m,1767078900.0,1.8635,1.8649,1.858,1.8581,401514.78,0.0,0.0,0
15m,1767079800.0,1.8581,1.8628,1.8563,1.8603,488320.0,0.0,0.0,0
15m,1767080700.0,1.8603,1.8615,1.8591,1.8602,223678.96,0.0,0.0,0
15m,1767081600.0,1.8602,1.8721,1.8598,1.8666,1030806.48,0.0,0.0,0
15m,1767082500.0,1.8666,1.871,1.8621,1.8647,626588.28,0.0,0.0,0
15m,1767083400.0,1.8647,1.8691,1.8639,1.8673,379984.01,0.0,0.0,0
15m,1767084300.0,1.8673,1.8676,1.8657,1.8671,106782.05,0.0,0.0,0
15m,1767085200.0,1.8671,1.8692,1.8665,1.8678,226218.81,0.0,0.0,0
15m,1767086100.0,1.8678,1.8678,1.8644,1.8655,222780.9,0.0,0.0,0
15m,1767087000.0,1.8655,1.8686,1.865,1.8684,105452.06,0.0,0.0,0
15m,1767087900.0,1.8684,1.8712,1.8675,1.8689,167514.57,0.0,0.0,0
15m,1767088800.0,1.8689,1.8697,1.8666,1.8669,234301.92,0.0,0.0,0
15m,1767089700.0,1.8669,1.8696,1.8669,1.8681,187490.15,0.0,0.0,0
15m,1767090600.0,1.8681,1.8681,1.864,1.8674,414218.5,0.0,0.0,0
15m,1767091500.0,1.8674,1.8675,1.8617,1.8619,276020.61,0.0,0.0,0
15m,1767092400.0,1.8619,1.8639,1.8607,1.8628,163415.18,0.0,0.0,0
15m,1767093300.0,1.8628,1.8633,1.8619,1.8621,147483.92,0.0,0.0,0
15m,1767094200.0,1.8621,1.8635,1.8605,1.8616,159648.68,0.0,0.0,0
15m,1767095100.0,1.8616,1.8642,1.8602,1.8624,261284.96,0.0,0.0,0
15m,1767096000.0,1.8624,1.8666,1.8617,1.8662,348261.78,0.0,0.0,0
15m,1767096900.0,1.8662,1.8678,1.8658,1.8671,172423.88,0.0,0.0,0
15m,1767097800.0,1.8671,1.8672,1.8653,1.8654,204834.15,0.0,0.0,0
15m,1767098700.0,1.8654,1.8658,1.8635,1.8639,181223.55,0.0,0.0,0
15m,1767099600.0,1.8639,1.8639,1.8602,1.8617,322538.01,0.0,0.0,0
15m,1767100500.0,1.8617,1.8647,1.8613,1.8634,213180.15,0.0,0.0,0
15m,1767101400.0,1.8634,1.8648,1.8612,1.8645,216047.36,0.0,0.0,0
15m,1767102300.0,1.8645,1.8652,1.8635,1.8638,194472.97,0.0,0.0,0
15m,1767103200.0,1.8638,1.8638,1.8543,1.8613,1051733.16,0.0,0.0,0
15m,1767104100.0,1.8613,1.8663,1.8602,1.8626,425273.54,0.0,0.0,0
15m,1767105000.0,1.8626,1.869,1.8588,1.8652,754446.77,0.0,0.0,0
15m,1767105900.0,1.8652,1.8757,1.8631,1.8732,1299789.89,0.0,0.0,0
15m,1767106800.0,1.8732,1.8768,1.8644,1.8673,811996.92,0.0,0.0,0
15m,1767107700.0,1.8673,1.871,1.8656,1.8705,278501.36,0.0,0.0,0
15m,1767108600.0,1.8705,1.875,1.8698,1.8745,371054.76,0.0,0.0,0
15m,1767109500.0,1.8745,1.8794,1.8722,1.8776,585470.37,0.0,0.0,0
15m,1767110400.0,1.8776,1.8796,1.8737,1.8738,959502.21,0.0,0.0,0
15m,1767111300.0,1.8738,1.8818,1.8737,1.8793,389624.99,0.0,0.0,0
15m,1767112200.0,1.8793,1.8797,1.8722,1.8723,236238.4,0.0,0.0,0
15m,1767113100.0,1.8723,1.8799,1.8699,1.8781,275912.06,0.0,0.0,0
15m,1767114000.0,1.8781,1.8826,1.8776,1.8822,481111.96,0.0,0.0,0
15m,1767114900.0,1.8822,1.8829,1.878,1.8826,424813.86,0.0,0.0,0
15m,1767115800.0,1.8826,1.8863,1.8769,1.877,694923.37,0.0,0.0,0
15m,1767116700.0,1.877,1.8777,1.8717,1.8746,482898.8,0.0,0.0,0
15m,1767117600.0,1.8746,1.8772,1.8737,1.8766,191880.34,0.0,0.0,0
15m,1767118500.0,1.8766,1.8805,1.8761,1.879,175482.94,0.0,0.0,0
15m,1767119400.0,1.879,1.8835,1.8779,1.8795,244586.21,0.0,0.0,0
15m,1767120300.0,1.8795,1.8804,1.8752,1.8788,258967.57,0.0,0.0,0
15m,1767121200.0,1.8788,1.8793,1.8712,1.8745,318602.83,0.0,0.0,0
15m,1767122100.0,1.8745,1.8786,1.874,1.8785,334106.85,0.0,0.0,0
15m,1767123000.0,1.8785,1.8802,1.8766,1.8769,211836.61,0.0,0.0,0
15m,1767123900.0,1.8769,1.877,1.8734,1.8763,98995.06,0.0,0.0,0
15m,1767124800.0,1.8763,1.8766,1.874,1.8758,142647.13,0.0,0.0,0
15m,1767125700.0,1.8758,1.8766,1.8715,1.8716,300404.05,0.0,0.0,0
15m,1767126600.0,1.8716,1.8732,1.8687,1.8703,815396.41,0.0,0.0,0
15m,1767127500.0,1.8703,1.8716,1.8663,1.8691,398458.97,0.0,0.0,0
15m,1767128400.0,1.8691,1.8732,1.8683,1.871,177744.59,0.0,0.0,0
15m,1767129300.0,1.871,1.8732,1.8702,1.8712,94290.32,0.0,0.0,0
15m,1767130200.0,1.8712,1.8724,1.8696,1.8718,211911.5,0.0,0.0,0
15m,1767131100.0,1.8718,1.8736,1.8707,1.8732,384128.44,0.0,0.0,0
15m,1767132000.0,1.8732,1.8786,1.8732,1.8775,232571.38,0.0,0.0,0
15m,1767132900.0,1.8775,1.8776,1.8735,1.8775,194955.9,0.0,0.0,0
15m,1767133800.0,1.8775,1.8781,1.872,1.8729,121554.76,0.0,0.0,0
15m,1767134700.0,1.8729,1.8739,1.8717,1.872,101038.22,0.0,0.0,0
15m,1767135600.0,1.872,1.8746,1.8711,1.8732,228406.44,0.0,0.0,0
15m,1767136500.0,1.8732,1.8775,1.8731,1.8775,242689.22,0.0,0.0,0
15m,1767137400.0,1.8775,1.8783,1.8766,1.8774,175685.58,0.0,0.0,0
15m,1767138300.0,1.8774,1.8782,1.8762,1.8775,126866.85,0.0,0.0,0
15m,1767139200.0,1.8775,1.8775,1.8734,1.8738,356698.34,0.0,0.0,0
15m,1767140100.0,1.8738,1.8754,1.8718,1.8747,235551.84,0.0,0.0,0
15m,1767141000.0,1.8747,1.877,1.8727,1.8769,269382.9,0.0,0.0,0
15m,1767141900.0,1.8769,1.8769,1.8739,1.8739,204516.73,0.0,0.0,0
15m,1767142800.0,1.8739,1.8752,1.8719,1.8741,221597.86,0.0,0.0,0
15m,1767143700.0,1.8741,1.8812,1.8738,1.8805,551235.41,0.0,0.0,0
15m,1767144600.0,1.8805,1.8839,1.8805,1.882,335892.93,0.0,0.0,0
15m,1767145500.0,1.882,1.8828,1.8788,1.8792,303779.45,0.0,0.0,0
15m,1767146400.0,1.8792,1.8795,1.8762,1.879,212564.34,0.0,0.0,0
15m,1767147300.0,1.879,1.88,1.8765,1.8765,108099.24,0.0,0.0,0
15m,1767148200.0,1.8765,1.8792,1.8765,1.8783,490267.03,0.0,0.0,0
15m,1767149100.0,1.8783,1.8793,1.876,1.8792,183626.68,0.0,0.0,0
15m,1767150000.0,1.8792,1.8797,1.875,1.875,243243.51,0.0,0.0,0
15m,1767150900.0,1.875,1.875,1.8716,1.8723,345754.94,0.0,0.0,0
15m,1767151800.0,1.8723,1.8731,1.8697,1.8706,292479.43,0.0,0.0,0
15m,1767152700.0,1.8706,1.8723,1.8703,1.8721,96978.65,0.0,0.0,0
15m,1767153600.0,1.8721,1.8725,1.8696,1.8698,323203.05,0.0,0.0,0
15m,1767154500.0,1.8698,1.8711,1.8676,1.8682,219907.9,0.0,0.0,0
15m,1767155400.0,1.8682,1.8701,1.8682,1.8694,94931.62,0.0,0.0,0
15m,1767156300.0,1.8694,1.8704,1.8682,1.8683,175366.09,0.0,0.0,0
15m,1767157200.0,1.8683,1.8711,1.8683,1.8702,191260.58,0.0,0.0,0
15m,1767158100.0,1.8702,1.8716,1.8686,1.8714,128173.16,0.0,0.0,0
15m,1767159000.0,1.8714,1.8724,1.8704,1.8718,304799.26,0.0,0.0,0
15m,1767159900.0,1.8718,1.8728,1.8713,1.8722,158004.1,0.0,0.0,0
15m,1767160800.0,1.8722,1.8731,1.8706,1.8728,129968.24,0.0,0.0,0
15m,1767161700.0,1.8728,1.8756,1.8728,1.8756,111962.07,0.0,0.0,0
15m,1767162600.0,1.8756,1.8757,1.8731,1.8739,94858.13,0.0,0.0,0
15m,1767163500.0,1.8739,1.8752,1.8732,1.8733,118199.0,0.0,0.0,0
15m,1767164400.0,1.8733,1.8733,1.871,1.8719,124980.49,0.0,0.0,0
15m,1767165300.0,1.8719,1.8721,1.8687,1.8712,328568.4,0.0,0.0,0
15m,1767166200.0,1.8712,1.8722,1.8704,1.8708,449539.07,0.0,0.0,0
15m,1767167100.0,1.8708,1.8725,1.8698,1.8725,404140.27,0.0,0.0,0
15m,1767168000.0,1.8725,1.875,1.8725,1.8736,182189.35,0.0,0.0,0
15m,1767168900.0,1.8736,1.8736,1.872,1.8724,130683.95,0.0,0.0,0
15m,1767169800.0,1.8724,1.8724,1.8668,1.8671,254206.0,0.0,0.0,0
15m,1767170700.0,1.8671,1.8681,1.8657,1.8675,299906.65,0.0,0.0,0
15m,1767171600.0,1.8675,1.8718,1.8675,1.8697,211075.98,0.0,0.0,0
15m,1767172500.0,1.8697,1.8713,1.8695,1.8696,76157.66,0.0,0.0,0
15m,1767173400.0,1.8696,1.871,1.8689,1.8695,77286.11,0.0,0.0,0
15m,1767174300.0,1.8695,1.8715,1.8695,1.8709,63479.11,0.0,0.0,0
15m,1767175200.0,1.8709,1.8728,1.8702,1.8723,105906.18,0.0,0.0,0
15m,1767176100.0,1.8723,1.8739,1.8702,1.8709,180529.78,0.0,0.0,0
15m,1767177000.0,1.8709,1.872,1.8699,1.8717,66143.01,0.0,0.0,0
15m,1767177900.0,1.8717,1.8725,1.87,1.8724,148103.35,0.0,0.0,0
15m,1767178800.0,1.8724,1.8755,1.8722,1.8746,169496.42,0.0,0.0,0
15m,1767179700.0,1.8746,1.8761,1.8736,1.8758,140594.6,0.0,0.0,0
15m,1767180600.0,1.8758,1.8808,1.8751,1.8801,734676.66,0.0,0.0,0
15m,1767181500.0,1.8801,1.8802,1.8779,1.8787,367056.19,0.0,0.0,0
15m,1767182400.0,1.8787,1.8788,1.877,1.8771,247507.91,0.0,0.0,0
15m,1767183300.0,1.8771,1.8792,1.876,1.8765,109698.26,0.0,0.0,0
15m,1767184200.0,1.8765,1.8781,1.8743,1.8748,219653.26,0.0,0.0,0
15m,1767185100.0,1.8748,1.8771,1.8734,1.8762,265234.2,0.0,0.0,0
15m,1767186000.0,1.8762,1.8783,1.876,1.8778,180209.87,0.0,0.0,0
15m,1767186900.0,1.8778,1.8785,1.8763,1.8765,230113.97,0.0,0.0,0
15m,1767187800.0,1.8765,1.8765,1.873,1.8734,355333.5,0.0,0.0,0
15m,1767188700.0,1.8734,1.8784,1.8726,1.8761,321188.12,0.0,0.0,0
15m,1767189600.0,1.8761,1.883,1.8759,1.8784,510946.19,0.0,0.0,0
15m,1767190500.0,1.8784,1.8791,1.8726,1.873,208823.97,0.0,0.0,0
15m,1767191400.0,1.873,1.8735,1.8672,1.8685,499767.53,0.0,0.0,0
15m,1767192300.0,1.8685,1.8694,1.864,1.8669,402691.14,0.0,0.0,0
15m,1767193200.0,1.8669,1.8677,1.8568,1.8623,532803.33,0.0,0.0,0
15m,1767194100.0,1.8623,1.8623,1.8573,1.8583,430706.46,0.0,0.0,0
15m,1767195000.0,1.8583,1.8594,1.8535,1.8577,462268.91,0.0,0.0,0
15m,1767195900.0,1.8577,1.8607,1.8574,1.8593,243836.78,0.0,0.0,0
15m,1767196800.0,1.8593,1.86,1.8555,1.8565,267303.58,0.0,0.0,0
15m,1767197700.0,1.8565,1.86,1.8522,1.8555,758608.77,0.0,0.0,0
15m,1767198600.0,1.8555,1.8555,1.8403,1.8464,1798641.72,0.0,0.0,0
15m,1767199500.0,1.8464,1.8473,1.844,1.8443,585368.76,0.0,0.0,0
15m,1767200400.0,1.8443,1.8447,1.8375,1.838,482432.46,0.0,0.0,0
15m,1767201300.0,1.838,1.8453,1.8362,1.8417,463064.1,0.0,0.0,0
15m,1767202200.0,1.8417,1.8432,1.838,1.8405,200624.27,0.0,0.0,0
15m,1767203100.0,1.8405,1.8408,1.8331,1.8347,401167.97,0.0,0.0,0
15m,1767204000.0,1.8347,1.8414,1.8323,1.8384,595989.47,0.0,0.0,0
15m,1767204900.0,1.8384,1.8416,1.8376,1.8396,265135.19,0.0,0.0,0
15m,1767205800.0,1.8396,1.8399,1.8365,1.8376,216582.57,0.0,0.0,0
15m,1767206700.0,1.8376,1.8383,1.8344,1.8346,415698.86,0.0,0.0,0
15m,1767207600.0,1.8346,1.8388,1.8346,1.837,238931.61,0.0,0.0,0
15m,1767208500.0,1.837,1.8375,1.8275,1.8301,401214.9,0.0,0.0,0
15m,1767209400.0,1.8301,1.8312,1.8267,1.8281,447059.72,0.0,0.0,0
15m,1767210300.0,1.8281,1.8313,1.8274,1.8286,194935.75,0.0,0.0,0
15m,1767211200.0,1.8286,1.829,1.8144,1.8174,1208046.93,0.0,0.0,0
15m,1767212100.0,1.8174,1.8218,1.8123,1.8186,910651.32,0.0,0.0,0
15m,1767213000.0,1.8186,1.8231,1.8167,1.82,381182.19,0.0,0.0,0
15m,1767213900.0,1.82,1.8348,1.8192,1.8299,616474.67,0.0,0.0,0
15m,1767214800.0,1.8299,1.8334,1.8275,1.833,611377.06,0.0,0.0,0
15m,1767215700.0,1.833,1.8349,1.832,1.8335,126221.15,0.0,0.0,0
15m,1767216600.0,1.8335,1.8418,1.8335,1.8417,296380.65,0.0,0.0,0
15m,1767217500.0,1.8417,1.8428,1.8385,1.841,433022.53,0.0,0.0,0
15m,1767218400.0,1.841,1.844,1.8393,1.8426,543054.58,0.0,0.0,0
15m,1767219300.0,1.8426,1.8484,1.8417,1.8447,690006.31,0.0,0.0,0
15m,1767220200.0,1.8447,1.8447,1.8394,1.8398,676004.87,0.0,0.0,0
15m,1767221100.0,1.8398,1.8413,1.8373,1.8412,337846.22,0.0,0.0,0
15m,1767222000.0,1.8412,1.8428,1.8394,1.8425,262008.78,0.0,0.0,0
15m,1767222900.0,1.8425,1.8441,1.8405,1.8435,327669.62,0.0,0.0,0
15m,1767223800.0,1.8435,1.8448,1.8426,1.8429,211404.33,0.0,0.0,0
15m,1767224700.0,1.8429,1.8435,1.841,1.8423,160077.74,0.0,0.0,0
15m,1767225600.0,1.8423,1.8447,1.8406,1.8409,235623.23,0.0,0.0,0
