timeframe,open_time,open,high,low,close,volume,buy_volume,sell_volume,tick_count
15m,1767225600.0,1.8423,1.8447,1.8406,1.8409,235623.23,0.0,0.0,0
15m,1767226500.0,1.8409,1.8443,1.8409,1.8442,277958.87,0.0,0.0,0
15m,1767227400.0,1.8442,1.8464,1.8427,1.8442,232753.08,0.0,0.0,0
15m,1767228300.0,1.8442,1.8499,1.843,1.8456,442247.86,0.0,0.0,0
15m,1767229200.0,1.8456,1.8478,1.8441,1.8471,191883.13,0.0,0.0,0
15m,1767230100.0,1.8471,1.848,1.8426,1.8426,260828.94,0.0,0.0,0
15m,1767231000.0,1.8426,1.8443,1.8406,1.8434,204476.99,0.0,0.0,0
15m,1767231900.0,1.8434,1.8437,1.8409,1.8416,115952.24,0.0,0.0,0
15m,1767232800.0,1.8416,1.8431,1.8407,1.8421,107114.55,0.0,0.0,0
15m,1767233700.0,1.8421,1.8425,1.8396,1.84,176430.18,0.0,0.0,0
15m,1767234600.0,1.84,1.8434,1.84,1.8419,274420.95,0.0,0.0,0
15m,1767235500.0,1.8419,1.842,1.84,1.84,345370.03,0.0,0.0,0
15m,1767236400.0,1.84,1.8416,1.8391,1.8416,147905.54,0.0,0.0,0
15m,1767237300.0,1.8416,1.842,1.8401,1.8406,76759.55,0.0,0.0,0
15m,1767238200.0,1.8406,1.8414,1.8396,1.8399,53128.56,0.0,0.0,0
15m,1767239100.0,1.8399,1.8399,1.834,1.8346,401766.92,0.0,0.0,0
15m,1767240000.0,1.8346,1.8347,1.8285,1.8286,451948.52,0.0,0.0,0
15m,1767240900.0,1.8286,1.8306,1.826,1.8297,360188.31,0.0,0.0,0
15m,1767241800.0,1.8297,1.8319,1.8293,1.8293,313021.17,0.0,0.0,0
15m,1767242700.0,1.8293,1.8318,1.8283,1.831,170358.84,0.0,0.0,0
15m,1767243600.0,1.831,1.8451,1.8308,1.8451,728562.06,0.0,0.0,0
15m,1767244500.0,1.8451,1.8521,1.8448,1.8521,719879.88,0.0,0.0,0
15m,1767245400.0,1.8521,1.8558,1.8472,1.8482,443049.17,0.0,0.0,0
15m,1767246300.0,1.8482,1.849,1.8447,1.845,127899.17,0.0,0.0,0
15m,1767247200.0,1.845,1.8477,1.8443,1.8474,133662.18,0.0,0.0,0
15m,1767248100.0,1.8474,1.8474,1.8447,1.8467,104177.41,0.0,0.0,0
15m,1767249000.0,1.8467,1.8474,1.8457,1.846,55227.64,0.0,0.0,0
15m,1767249900.0,1.846,1.8479,1.8452,1.8453,101191.49,0.0,0.0,0
15m,1767250800.0,1.8453,1.847,1.8442,1.8451,57874.89,0.0,0.0,0
15m,1767251700.0,1.8451,1.8463,1.8428,1.8433,83206.57,0.0,0.0,0
15m,1767252600.0,1.8433,1.8452,1.8433,1.8437,56509.79,0.0,0.0,0
15m,1767253500.0,1.8437,1.8437,1.8415,1.8422,100704.85,0.0,0.0,0
15m,1767254400.0,1.8422,1.845,1.8419,1.8438,95603.52,0.0,0.0,0
15m,1767255300.0,1.8438,1.8465,1.8438,1.8462,80495.09,0.0,0.0,0
15m,1767256200.0,1.8462,1.8478,1.846,1.8465,112057.25,0.0,0.0,0
15m,1767257100.0,1.8465,1.8513,1.8465,1.8501,136990.35,0.0,0.0,0
15m,1767258000.0,1.8501,1.8551,1.8497,1.8525,219314.67,0.0,0.0,0
15m,1767258900.0,1.8525,1.854,1.8491,1.8501,282629.15,0.0,0.0,0
15m,1767259800.0,1.8501,1.8526,1.8493,1.8519,91954.95,0.0,0.0,0
15m,1767260700.0,1.8519,1.8532,1.8512,1.8521,61687.28,0.0,0.0,0
15m,1767261600.0,1.8521,1.8536,1.8514,1.853,59410.13,0.0,0.0,0
15m,1767262500.0,1.853,1.853,1.8519,1.8527,64861.98,0.0,0.0,0
15m,1767263400.0,1.8527,1.8548,1.8525,1.8541,201654.71,0.0,0.0,0
15m,1767264300.0,1.8541,1.8549,1.8532,1.8533,129170.77,0.0,0.0,0
15m,1767265200.0,1.8533,1.8557,1.8533,1.8546,91998.24,0.0,0.0,0
15m,1767266100.0,1.8546,1.8565,1.8516,1.8526,65729.58,0.0,0.0,0
15m,1767267000.0,1.8526,1.8532,1.8501,1.8525,101020.88,0.0,0.0,0
15m,1767267900.0,1.8525,1.8563,1.8525,1.8553,288308.57,0.0,0.0,0
15m,1767268800.0,1.8553,1.8565,1.854,1.854,92518.24,0.0,0.0,0
15m,1767269700.0,1.854,1.854,1.8516,1.8526,70174.18,0.0,0.0,0
15m,1767270600.0,1.8526,1.8544,1.8519,1.8528,116054.84,0.0,0.0,0
15m,1767271500.0,1.8528,1.8543,1.8524,1.8524,68573.38,0.0,0.0,0
15m,1767272400.0,1.8524,1.855,1.852,1.855,111684.09,0.0,0.0,0
15m,1767273300.0,1.855,1.8591,1.8549,1.857,342150.33,0.0,0.0,0
15m,1767274200.0,1.857,1.8574,1.8562,1.8569,146480.46,0.0,0.0,0
15m,1767275100.0,1.8569,1.8586,1.8558,1.8582,252973.64,0.0,0.0,0
15m,1767276000.0,1.8582,1.8598,1.8562,1.8597,296087.1,0.0,0.0,0
15m,1767276900.0,1.8597,1.8597,1.8524,1.8535,248780.11,0.0,0.0,0
15m,1767277800.0,1.8535,1.8581,1.8523,1.8574,130530.93,0.0,0.0,0
15m,1767278700.0,1.8574,1.8596,1.856,1.8562,96816.77,0.0,0.0,0
15m,1767279600.0,1.8562,1.8574,1.8552,1.8567,71982.55,0.0,0.0,0
15m,1767280500.0,1.8567,1.8582,1.8519,1.8541,198162.06,0.0,0.0,0
15m,1767281400.0,1.8541,1.8606,1.8541,1.8575,281898.89,0.0,0.0,0
15m,1767282300.0,1.8575,1.8674,1.8566,1.863,979181.96,0.0,0.0,0
15m,1767283200.0,1.863,1.8648,1.859,1.8606,345983.0,0.0,0.0,0
15m,1767284100.0,1.8606,1.8614,1.8562,1.86,333634.74,0.0,0.0,0
15m,1767285000.0,1.86,1.8635,1.8595,1.8619,216276.66,0.0,0.0,0
15m,1767285900.0,1.8619,1.8648,1.8615,1.8647,116331.8,0.0,0.0,0
15m,1767286800.0,1.8647,1.8695,1.8644,1.8686,147050.75,0.0,0.0,0
15m,1767287700.0,1.8686,1.8729,1.8668,1.8713,352443.42,0.0,0.0,0
15m,1767288600.0,1.8713,1.8755,1.8712,1.8718,534291.41,0.0,0.0,0
15m,1767289500.0,1.8718,1.8737,1.8684,1.8688,202069.8,0.0,0.0,0
15m,1767290400.0,1.8688,1.8713,1.867,1.8672,520960.15,0.0,0.0,0
15m,1767291300.0,1.8672,1.8679,1.8652,1.8661,306178.44,0.0,0.0,0
15m,1767292200.0,1.8661,1.8693,1.8661,1.8688,91938.33,0.0,0.0,0
15m,1767293100.0,1.8688,1.8695,1.8663,1.8694,327538.47,0.0,0.0,0
15m,1767294000.0,1.8694,1.8711,1.8675,1.8676,75751.08,0.0,0.0,0
15m,1767294900.0,1.8676,1.871,1.8676,1.87,56509.4,0.0,0.0,0
15m,1767295800.0,1.87,1.8737,1.8689,1.8729,431562.94,0.0,0.0,0
15m,1767296700.0,1.8729,1.874,1.872,1.874,115267.03,0.0,0.0,0
15m,1767297600.0,1.874,1.876,1.8724,1.8747,346844.74,0.0,0.0,0
15m,1767298500.0,1.8747,1.8764,1.8729,1.8736,135086.76,0.0,0.0,0
15m,1767299400.0,1.8736,1.8736,1.8679,1.8705,212721.8,0.0,0.0,0
15m,1767300300.0,1.8705,1.8721,1.8691,1.8717,100231.94,0.0,0.0,0
15m,1767301200.0,1.8717,1.873,1.8697,1.8716,97185.24,0.0,0.0,0
15m,1767302100.0,1.8716,1.8721,1.8699,1.8699,40646.72,0.0,0.0,0
15m,1767303000.0,1.8699,1.8707,1.8675,1.8695,101563.81,0.0,0.0,0
15m,1767303900.0,1.8695,1.8714,1.8687,1.8712,72138.87,0.0,0.0,0
15m,1767304800.0,1.8712,1.8737,1.8711,1.8729,277510.23,0.0,0.0,0
15m,1767305700.0,1.8729,1.8729,1.87,1.8712,55385.61,0.0,0.0,0
15m,1767306600.0,1.8712,1.8723,1.8685,1.8719,143931.89,0.0,0.0,0
15m,1767307500.0,1.8719,1.8764,1.8719,1.8764,175436.96,0.0,0.0,0
15m,1767308400.0,1.8764,1.8788,1.8721,1.8747,282165.4,0.0,0.0,0
15m,1767309300.0,1.8747,1.8801,1.8747,1.8794,468048.82,0.0,0.0,0
15m,1767310200.0,1.8794,1.8807,1.8788,1.8799,624787.0,0.0,0.0,0
15m,1767311100.0,1.8799,1.8809,1.8774,1.8797,154864.35,0.0,0.0,0
15m,1767312000.0,1.8797,1.8818,1.8753,1.8762,310091.36,0.0,0.0,0
15m,1767312900.0,1.8762,1.8784,1.8753,1.877,175393.33,0.0,0.0,0
15m,1767313800.0,1.877,1.8794,1.8749,1.8762,90851.94,0.0,0.0,0
15m,1767314700.0,1.8762,1.8798,1.8762,1.8789,108215.07,0.0,0.0,0
15m,1767315600.0,1.8789,1.8802,1.8783,1.8787,128723.56,0.0,0.0,0
15m,1767316500.0,1.8787,1.8787,1.8759,1.8759,81657.84,0.0,0.0,0
15m,1767317400.0,1.8759,1.8768,1.8734,1.874,73062.84,0.0,0.0,0
15m,1767318300.0,1.874,1.874,1.8721,1.8725,124534.21,0.0,0.0,0
15m,1767319200.0,1.8725,1.8728,1.8697,1.87,141194.55,0.0,0.0,0
15m,1767320100.0,1.87,1.8714,1.869,1.8705,135223.54,0.0,0.0,0
15m,1767321000.0,1.8705,1.8732,1.8702,1.8727,69630.82,0.0,0.0,0
15m,1767321900.0,1.8727,1.8773,1.8725,1.8773,160266.37,0.0,0.0,0
15m,1767322800.0,1.8773,1.883,1.8754,1.8828,370882.74,0.0,0.0,0
15m,1767323700.0,1.8828,1.8841,1.8801,1.8816,171642.58,0.0,0.0,0
15m,1767324600.0,1.8816,1.89,1.8813,1.8865,413395.66,0.0,0.0,0
15m,1767325500.0,1.8865,1.8926,1.8865,1.8886,312467.67,0.0,0.0,0
15m,1767326400.0,1.8886,1.8904,1.8839,1.8842,118726.06,0.0,0.0,0
15m,1767327300.0,1.8842,1.8843,1.8781,1.8783,187831.51,0.0,0.0,0
15m,1767328200.0,1.8783,1.8808,1.8781,1.8781,81531.12,0.0,0.0,0
15m,1767329100.0,1.8781,1.8796,1.8762,1.877,104266.18,0.0,0.0,0
15m,1767330000.0,1.877,1.8773,1.8751,1.876,85514.47,0.0,0.0,0
15m,1767330900.0,1.876,1.8771,1.8722,1.8727,100128.69,0.0,0.0,0
15m,1767331800.0,1.8727,1.8755,1.8724,1.8755,80836.36,0.0,0.0,0
15m,1767332700.0,1.8755,1.8772,1.875,1.876,112687.59,0.0,0.0,0
15m,1767333600.0,1.876,1.8774,1.875,1.8762,101604.12,0.0,0.0,0
15m,1767334500.0,1.8762,1.8777,1.8758,1.8771,149067.14,0.0,0.0,0
15m,1767335400.0,1.8771,1.88,1.8766,1.88,110907.86,0.0,0.0,0
15m,1767336300.0,1.88,1.8818,1.8773,1.8777,85758.72,0.0,0.0,0
15m,1767337200.0,1.8777,1.8785,1.8766,1.8782,51726.6,0.0,0.0,0
15m,1767338100.0,1.8782,1.8782,1.8724,1.8724,113156.79,0.0,0.0,0
15m,1767339000.0,1.8724,1.8737,1.871,1.8723,106820.86,0.0,0.0,0
15m,1767339900.0,1.8723,1.8734,1.8716,1.8722,77989.59,0.0,0.0,0
15m,1767340800.0,1.8722,1.8763,1.8716,1.876,116686.64,0.0,0.0,0
15m,1767341700.0,1.876,1.8762,1.8729,1.8734,64835.85,0.0,0.0,0
15m,1767342600.0,1.8734,1.8767,1.8729,1.8756,204242.61,0.0,0.0,0
15m,1767343500.0,1.8756,1.8806,1.8755,1.8804,168647.54,0.0,0.0,0
15m,1767344400.0,1.8804,1.8869,1.8784,1.8842,258215.88,0.0,0.0,0
15m,1767345300.0,1.8842,1.8849,1.8811,1.8832,113986.8,0.0,0.0,0
15m,1767346200.0,1.8832,1.8896,1.8828,1.8896,118415.44,0.0,0.0,0
15m,1767347100.0,1.8896,1.9016,1.8871,1.8971,1237035.37,0.0,0.0,0
15m,1767348000.0,1.8971,1.9089,1.8971,1.903,656023.7,0.0,0.0,0
15m,1767348900.0,1.903,1.9051,1.8969,1.897,232322.8,0.0,0.0,0
15m,1767349800.0,1.897,1.8988,1.8968,1.8981,195797.9,0.0,0.0,0
15m,1767350700.0,1.8981,1.9006,1.8967,1.8972,293928.72,0.0,0.0,0
15m,1767351600.0,1.8972,1.8977,1.8923,1.8928,320582.15,0.0,0.0,0
15m,1767352500.0,1.8928,1.8944,1.8893,1.8917,254764.01,0.0,0.0,0
15m,1767353400.0,1.8917,1.8924,1.8872,1.8903,317448.42,0.0,0.0,0
15m,1767354300.0,1.8903,1.8917,1.8878,1.8911,115851.19,0.0,0.0,0
15m,1767355200.0,1.8911,1.8927,1.8898,1.8918,213504.44,0.0,0.0,0
15m,1767356100.0,1.8918,1.8968,1.8918,1.8966,215270.85,0.0,0.0,0
15m,1767357000.0,1.8966,1.9024,1.896,1.898,360575.18,0.0,0.0,0
15m,1767357900.0,1.898,1.9003,1.8973,1.8992,243155.46,0.0,0.0,0
15m,1767358800.0,1.8992,1.9006,1.897,1.8997,138442.61,0.0,0.0,0
15m,1767359700.0,1.8997,1.9039,1.8996,1.9032,394390.86,0.0,0.0,0
15m,1767360600.0,1.9032,1.9048,1.9002,1.9035,460356.15,0.0,0.0,0
15m,1767361500.0,1.9035,1.9035,1.8961,1.8969,405282.04,0.0,0.0,0
15m,1767362400.0,1.8969,1.9014,1.8967,1.8997,531290.73,0.0,0.0,0
15m,1767363300.0,1.8997,1.9034,1.8882,1.9001,1189987.88,0.0,0.0,0
15m,1767364200.0,1.9001,1.9111,1.8875,1.9075,1265256.86,0.0,0.0,0
15m,1767365100.0,1.9075,1.9233,1.9023,1.917,1596494.45,0.0,0.0,0
15m,1767366000.0,1.917,1.925,1.9092,1.9115,727500.92,0.0,0.0,0
15m,1767366900.0,1.9115,1.9141,1.8987,1.9086,1182488.6,0.0,0.0,0
15m,1767367800.0,1.9086,1.9243,1.9067,1.924,481319.91,0.0,0.0,0
15m,1767368700.0,1.924,1.9266,1.9155,1.9184,730834.09,0.0,0.0,0
15m,1767369600.0,1.9184,1.9302,1.9159,1.9302,958756.35,0.0,0.0,0
15m,1767370500.0,1.9302,1.9483,1.9287,1.9451,1338690.67,0.0,0.0,0
15m,1767371400.0,1.9451,1.9643,1.9436,1.9533,2414265.58,0.0,0.0,0
15m,1767372300.0,1.9533,1.9634,1.9501,1.9632,668639.8,0.0,0.0,0
15m,1767373200.0,1.9632,1.9883,1.9631,1.9838,2051687.69,0.0,0.0,0
15m,1767374100.0,1.9838,1.9969,1.9836,1.9904,1754477.32,0.0,0.0,0
15m,1767375000.0,1.9904,1.9927,1.9767,1.9889,1126546.74,0.0,0.0,0
15m,1767375900.0,1.9889,1.9976,1.9813,1.9926,949637.39,0.0,0.0,0
15m,1767376800.0,1.9926,1.9982,1.9861,1.9904,551592.92,0.0,0.0,0
15m,1767377700.0,1.9904,1.9947,1.986,1.9942,681679.82,0.0,0.0,0
15m,1767378600.0,1.9942,1.9948,1.9817,1.9853,664608.39,0.0,0.0,0
15m,1767379500.0,1.9853,1.9883,1.9695,1.9785,1967974.3,0.0,0.0,0
15m,1767380400.0,1.9785,1.9893,1.9726,1.9886,660382.28,0.0,0.0,0
15m,1767381300.0,1.9886,1.9946,1.9886,1.9933,723346.16,0.0,0.0,0
15m,1767382200.0,1.9933,1.9954,1.9904,1.9919,574482.24,0.0,0.0,0
15m,1767383100.0,1.9919,1.9951,1.9861,1.9919,691156.66,0.0,0.0,0
15m,1767384000.0,1.9919,1.9976,1.991,1.9961,746328.86,0.0,0.0,0
15m,1767384900.0,1.9961,1.9967,1.9874,1.9906,378768.26,0.0,0.0,0
15m,1767385800.0,1.9906,1.9928,1.9857,1.9916,327150.36,0.0,0.0,0
15m,1767386700.0,1.9916,1.9923,1.978,1.9795,818905.23,0.0,0.0,0
15m,1767387600.0,1.9795,1.9893,1.9795,1.9851,494277.39,0.0,0.0,0
15m,1767388500.0,1.9851,1.9932,1.9835,1.9928,309895.5,0.0,0.0,0
15m,1767389400.0,1.9928,2.0069,1.992,2.0026,1100499.51,0.0,0.0,0
15m,1767390300.0,2.0026,2.0213,2.0019,2.0171,1280617.13,0.0,0.0,0
15m,1767391200.0,2.0171,2.0311,2.012,2.012,1550070.74,0.0,0.0,0
15m,1767392100.0,2.012,2.0162,2.0105,2.0138,404889.85,0.0,0.0,0
15m,1767393000.0,2.0138,2.0221,2.013,2.0199,371447.73,0.0,0.0,0
15m,1767393900.0,2.0199,2.0229,2.0137,2.0156,258923.2,0.0,0.0,0
15m,1767394800.0,2.0156,2.018,2.0116,2.0135,244509.54,0.0,0.0,0
15m,1767395700.0,2.0135,2.0188,2.0072,2.008,379824.35,0.0,0.0,0
15m,1767396600.0,2.008,2.012,2.0076,2.0093,268466.43,0.0,0.0,0
15m,1767397500.0,2.0093,2.0097,2.0047,2.0068,319703.38,0.0,0.0,0
15m,1767398400.0,2.0068,2.0175,2.0068,2.0173,244085.52,0.0,0.0,0
15m,1767399300.0,2.0173,2.039,2.0152,2.0382,733711.91,0.0,0.0,0
15m,1767400200.0,2.0382,2.0397,2.0232,2.0261,914703.75,0.0,0.0,0
15m,1767401100.0,2.0261,2.0263,2.0146,2.0149,416700.26,0.0,0.0,0
15m,1767402000.0,2.0149,2.029,2.0123,2.029,422140.1,0.0,0.0,0
15m,1767402900.0,2.029,2.0292,2.0216,2.0261,268009.44,0.0,0.0,0
15m,1767403800.0,2.0261,2.0322,2.0246,2.0282,243192.13,0.0,0.0,0
15m,1767404700.0,2.0282,2.0314,2.0281,2.0303,175200.92,0.0,0.0,0
15m,1767405600.0,2.0303,2.0305,2.0213,2.0224,265187.28,0.0,0.0,0
15m,1767406500.0,2.0224,2.0285,2.0192,2.0269,266378.33,0.0,0.0,0
15m,1767407400.0,2.0269,2.0284,2.0241,2.0263,113512.38,0.0,0.0,0
15m,1767408300.0,2.0263,2.0285,2.0242,2.0249,219853.9,0.0,0.0,0
15m,1767409200.0,2.0249,2.0278,2.0195,2.021,539518.36,0.0,0.0,0
15m,1767410100.0,2.021,2.0254,2.021,2.0251,228800.2,0.0,0.0,0
15m,1767411000.0,2.0251,2.0315,2.0239,2.0309,254851.25,0.0,0.0,0
15m,1767411900.0,2.0309,2.044,2.0298,2.0404,1415239.0,0.0,0.0,0
15m,1767412800.0,2.0404,2.0469,2.038,2.0443,726663.74,0.0,0.0,0
15m,1767413700.0,2.0443,2.056,2.043,2.0548,770503.6,0.0,0.0,0
15m,1767414600.0,2.0548,2.0557,2.0442,2.0467,671283.68,0.0,0.0,0
15m,1767415500.0,2.0467,2.0509,2.0465,2.0491,235042.67,0.0,0.0,0
15m,1767416400.0,2.0491,2.0562,2.0476,2.0482,300911.94,0.0,0.0,0
15m,1767417300.0,2.0482,2.0498,2.0379,2.0407,514130.39,0.0,0.0,0
15m,1767418200.0,2.0407,2.0407,2.0285,2.0318,456873.7,0.0,0.0,0
15m,1767419100.0,2.0318,2.0329,2.0285,2.0317,217727.77,0.0,0.0,0
15m,1767420000.0,2.0317,2.0359,2.0307,2.0337,194878.88,0.0,0.0,0
15m,1767420900.0,2.0337,2.0351,2.0282,2.0283,128308.49,0.0,0.0,0
15m,1767421800.0,2.0283,2.0288,2.0182,2.0184,997988.21,0.0,0.0,0
15m,1767422700.0,2.0184,2.0195,2.0081,2.0117,852896.06,0.0,0.0,0
15m,1767423600.0,2.0117,2.0158,2.0054,2.0074,655840.12,0.0,0.0,0
15m,1767424500.0,2.0074,2.0081,1.988,1.9883,1163937.36,0.0,0.0,0
15m,1767425400.0,1.9883,2.002,1.9843,1.9995,571124.4,0.0,0.0,0
15m,1767426300.0,1.9995,2.0009,1.9928,1.9942,310448.35,0.0,0.0,0
15m,1767427200.0,1.9942,2.002,1.9922,2.0002,247993.21,0.0,0.0,0
15m,1767428100.0,2.0002,2.0081,1.9995,2.0061,595520.32,0.0,0.0,0
15m,1767429000.0,2.0061,2.0094,2.0038,2.0065,801859.42,0.0,0.0,0
15m,1767429900.0,2.0065,2.0102,2.0052,2.0076,419739.6,0.0,0.0,0
15m,1767430800.0,2.0076,2.0114,2.0057,2.0089,184446.25,0.0,0.0,0
15m,1767431700.0,2.0089,2.0165,2.008,2.015,356355.49,0.0,0.0,0
15m,1767432600.0,2.015,2.0213,2.0113,2.0213,499859.23,0.0,0.0,0
15m,1767433500.0,2.0213,2.0214,2.0136,2.0138,229632.33,0.0,0.0,0
15m,1767434400.0,2.0138,2.0148,2.0085,2.0085,143618.4,0.0,0.0,0
15m,1767435300.0,2.0085,2.0104,2.007,2.0092,247473.77,0.0,0.0,0
15m,1767436200.0,2.0092,2.0106,2.0029,2.0086,534299.62,0.0,0.0,0
15m,1767437100.0,2.0086,2.0086,2.0045,2.0054,163990.68,0.0,0.0,0
15m,1767438000.0,2.0054,2.006,1.9974,2.0013,382133.06,0.0,0.0,0
15m,1767438900.0,2.0013,2.0028,1.9983,2.0015,135247.1,0.0,0.0,0
15m,1767439800.0,2.0015,2.0024,1.9985,2.0008,112931.14,0.0,0.0,0
15m,1767440700.0,2.0008,2.0009,1.9983,1.9997,387892.68,0.0,0.0,0
15m,1767441600.0,1.9997,2.0024,1.9967,2.0015,109865.55,0.0,0.0,0
15m,1767442500.0,2.0015,2.0058,2.0015,2.0041,141310.14,0.0,0.0,0
15m,1767443400.0,2.0041,2.0041,1.9942,1.9977,166272.2,0.0,0.0,0
15m,1767444300.0,1.9977,2.0038,1.9972,2.0027,415467.09,0.0,0.0,0
15m,1767445200.0,2.0027,2.0061,2.0002,2.0006,149563.24,0.0,0.0,0
15m,1767446100.0,2.0006,2.0048,2.0006,2.0028,101498.59,0.0,0.0,0
15m,1767447000.0,2.0028,2.0057,2.0017,2.0034,184397.73,0.0,0.0,0
15m,1767447900.0,2.0034,2.0095,2.0033,2.0051,216102.01,0.0,0.0,0
15m,1767448800.0,2.0051,2.013,2.0045,2.013,197033.09,0.0,0.0,0
15m,1767449700.0,2.013,2.0187,2.0114,2.0154,734125.61,0.0,0.0,0
15m,1767450600.0,2.0154,2.0169,2.0124,2.0138,465337.68,0.0,0.0,0
15m,1767451500.0,2.0138,2.0143,2.0074,2.0109,328934.79,0.0,0.0,0
15m,1767452400.0,2.0109,2.0128,2.0057,2.0069,169298.68,0.0,0.0,0
15m,1767453300.0,2.0069,2.008,2.0052,2.0075,151907.31,0.0,0.0,0
15m,1767454200.0,2.0075,2.0102,2.0067,2.0074,104608.65,0.0,0.0,0
15m,1767455100.0,2.0074,2.0077,2.0052,2.0064,101200.55,0.0,0.0,0
15m,1767456000.0,2.0064,2.0108,2.002,2.0046,443883.66,0.0,0.0,0
15m,1767456900.0,2.0046,2.0062,2.0001,2.0045,149666.21,0.0,0.0,0
15m,1767457800.0,2.0045,2.0092,2.0039,2.0083,197462.28,0.0,0.0,0
15m,1767458700.0,2.0083,2.0095,2.0021,2.0023,353298.95,0.0,0.0,0
15m,1767459600.0,2.0023,2.0038,1.9964,1.9975,273105.42,0.0,0.0,0
15m,1767460500.0,1.9975,2.0021,1.9972,2.0003,79195.78,0.0,0.0,0
15m,1767461400.0,2.0003,2.0051,2.0003,2.0042,77130.97,0.0,0.0,0
15m,1767462300.0,2.0042,2.0046,2.0018,2.0021,99239.4,0.0,0.0,0
15m,1767463200.0,2.0021,2.0021,1.9979,2.0002,157339.53,0.0,0.0,0
15m,1767464100.0,2.0002,2.01,1.9994,2.0076,197352.23,0.0,0.0,0
15m,1767465000.0,2.0076,2.0106,2.0069,2.0084,155450.55,0.0,0.0,0
15m,1767465900.0,2.0084,2.0107,2.0067,2.0098,82132.47,0.0,0.0,0
15m,1767466800.0,2.0098,2.0098,2.003,2.0045,169856.35,0.0,0.0,0
15m,1767467700.0,2.0045,2.0089,2.0045,2.0059,98385.55,0.0,0.0,0
15m,1767468600.0,2.0059,2.0083,2.0055,2.0064,72292.16,0.0,0.0,0
15m,1767469500.0,2.0064,2.0077,2.0046,2.0071,89706.24,0.0,0.0,0
15m,1767470400.0,2.0071,2.0086,1.9989,2.0,150798.03,0.0,0.0,0
15m,1767471300.0,2.0,2.0036,1.9999,2.0033,70471.55,0.0,0.0,0
15m,1767472200.0,2.0033,2.0106,2.0032,2.01,97737.4,0.0,0.0,0
15m,1767473100.0,2.01,2.0109,2.0061,2.0075,149196.86,0.0,0.0,0
15m,1767474000.0,2.0075,2.0094,2.0047,2.0082,159076.1,0.0,0.0,0
15m,1767474900.0,2.0082,2.0114,2.007,2.01,153313.64,0.0,0.0,0
15m,1767475800.0,2.01,2.0143,2.0091,2.0109,252161.86,0.0,0.0,0
15m,1767476700.0,2.0109,2.0118,2.0086,2.0094,99677.13,0.0,0.0,0
15m,1767477600.0,2.0094,2.0094,2.0038,2.0063,227273.25,0.0,0.0,0
15m,1767478500.0,2.0063,2.0138,2.0063,2.0115,157051.63,0.0,0.0,0
15m,1767479400.0,2.0115,2.017,2.0114,2.0152,320746.72,0.0,0.0,0
15m,1767480300.0,2.0152,2.0159,2.0119,2.0143,95683.03,0.0,0.0,0
15m,1767481200.0,2.0143,2.0157,2.0121,2.014,161756.73,0.0,0.0,0
15m,1767482100.0,2.014,2.0189,2.0137,2.0174,318326.2,0.0,0.0,0
15m,1767483000.0,2.0174,2.0187,2.0157,2.0186,242516.1,0.0,0.0,0
15m,1767483900.0,2.0186,2.0188,2.0174,2.0183,196114.81,0.0,0.0,0
15m,1767484800.0,2.0183,2.0319,2.0163,2.0299,982648.12,0.0,0.0,0
15m,1767485700.0,2.0299,2.035,2.0268,2.0289,762237.0,0.0,0.0,0
15m,1767486600.0,2.0289,2.0374,2.027,2.0303,344604.51,0.0,0.0,0
15m,1767487500.0,2.0303,2.0482,2.0287,2.0426,572940.26,0.0,0.0,0
15m,1767488400.0,2.0426,2.0429,2.0362,2.04,312657.39,0.0,0.0,0
15m,1767489300.0,2.04,2.0419,2.0333,2.035,235083.44,0.0,0.0,0
15m,1767490200.0,2.035,2.035,2.0269,2.0307,149535.52,0.0,0.0,0
15m,1767491100.0,2.0307,2.0368,2.0289,2.0355,191394.4,0.0,0.0,0
15m,1767492000.0,2.0355,2.0364,2.0311,2.0351,214307.53,0.0,0.0,0
15m,1767492900.0,2.0351,2.0373,2.033,2.033,197556.95,0.0,0.0,0
15m,1767493800.0,2.033,2.0366,2.0313,2.033,123933.45,0.0,0.0,0
15m,1767494700.0,2.033,2.0336,2.0268,2.0309,145698.71,0.0,0.0,0
15m,1767495600.0,2.0309,2.0418,2.0304,2.0396,143923.35,0.0,0.0,0
15m,1767496500.0,2.0396,2.0447,2.0371,2.0385,330357.26,0.0,0.0,0
15m,1767497400.0,2.0385,2.0504,2.0373,2.0494,425372.86,0.0,0.0,0
15m,1767498300.0,2.0494,2.0618,2.0483,2.0577,805246.59,0.0,0.0,0
15m,1767499200.0,2.0577,2.0639,2.0531,2.0638,938373.83,0.0,0.0,0
15m,1767500100.0,2.0638,2.0691,2.0564,2.0588,363238.68,0.0,0.0,0
15m,1767501000.0,2.0588,2.0643,2.0543,2.0551,223359.37,0.0,0.0,0
15m,1767501900.0,2.0551,2.0637,2.0527,2.0608,450103.75,0.0,0.0,0
15m,1767502800.0,2.0608,2.0657,2.0553,2.0626,406335.2,0.0,0.0,0
15m,1767503700.0,2.0626,2.0753,2.0616,2.0693,593617.49,0.0,0.0,0
15m,1767504600.0,2.0693,2.0708,2.0615,2.0634,247070.48,0.0,0.0,0
15m,1767505500.0,2.0634,2.0684,2.0632,2.0668,160853.18,0.0,0.0,0
15m,1767506400.0,2.0668,2.0732,2.0648,2.0711,523332.44,0.0,0.0,0
15m,1767507300.0,2.0711,2.0721,2.0652,2.0664,297278.27,0.0,0.0,0
15m,1767508200.0,2.0664,2.0699,2.058,2.06,277595.44,0.0,0.0,0
15m,1767509100.0,2.06,2.0722,2.06,2.0678,456309.58,0.0,0.0,0
15m,1767510000.0,2.0678,2.0813,2.0675,2.0746,469638.96,0.0,0.0,0
15m,1767510900.0,2.0746,2.0752,2.0617,2.0669,415608.28,0.0,0.0,0
15m,1767511800.0,2.0669,2.0761,2.0655,2.0731,259298.72,0.0,0.0,0
15m,1767512700.0,2.0731,2.0761,2.0711,2.0721,172596.27,0.0,0.0,0
15m,1767513600.0,2.0721,2.081,2.0601,2.0801,957472.38,0.0,0.0,0
15m,1767514500.0,2.0801,2.0848,2.0727,2.0747,612973.65,0.0,0.0,0
15m,1767515400.0,2.0747,2.0812,2.0744,2.079,271294.63,0.0,0.0,0
15m,1767516300.0,2.079,2.0796,2.074,2.0776,165333.18,0.0,0.0,0
15m,1767517200.0,2.0776,2.0805,2.0708,2.0736,175802.79,0.0,0.0,0
15m,1767518100.0,2.0736,2.0757,2.0673,2.0677,240581.64,0.0,0.0,0
15m,1767519000.0,2.0677,2.076,2.0676,2.0753,131251.95,0.0,0.0,0
15m,1767519900.0,2.0753,2.0897,2.0748,2.0865,384897.31,0.0,0.0,0
15m,1767520800.0,2.0865,2.0865,2.0803,2.0825,268319.87,0.0,0.0,0
15m,1767521700.0,2.0825,2.0833,2.0784,2.0811,156202.76,0.0,0.0,0
15m,1767522600.0,2.0811,2.0894,2.0803,2.089,304989.56,0.0,0.0,0
15m,1767523500.0,2.089,2.0925,2.0864,2.0912,313740.02,0.0,0.0,0
15m,1767524400.0,2.0912,2.0912,2.085,2.086,160020.65,0.0,0.0,0
15m,1767525300.0,2.086,2.0889,2.084,2.0873,74429.85,0.0,0.0,0
15m,1767526200.0,2.0873,2.0909,2.0833,2.0899,111082.24,0.0,0.0,0
15m,1767527100.0,2.0899,2.0973,2.0887,2.095,487788.13,0.0,0.0,0
15m,1767528000.0,2.095,2.099,2.092,2.095,357126.93,0.0,0.0,0
15m,1767528900.0,2.095,2.1205,2.0935,2.1161,988958.09,0.0,0.0,0
15m,1767529800.0,2.1161,2.1189,2.1042,2.1046,530767.27,0.0,0.0,0
15m,1767530700.0,2.1046,2.1197,2.1042,2.1178,382615.64,0.0,0.0,0
15m,1767531600.0,2.1178,2.1178,2.108,2.1098,421740.18,0.0,0.0,0
15m,1767532500.0,2.1098,2.1099,2.091,2.0959,1223648.36,0.0,0.0,0
15m,1767533400.0,2.0959,2.1006,2.0941,2.0944,270808.62,0.0,0.0,0
15m,1767534300.0,2.0944,2.1043,2.0944,2.1022,270646.12,0.0,0.0,0
15m,1767535200.0,2.1022,2.1048,2.0955,2.1025,405128.68,0.0,0.0,0
15m,1767536100.0,2.1025,2.107,2.0934,2.0966,615639.56,0.0,0.0,0
15m,1767537000.0,2.0966,2.0981,2.0834,2.0851,587455.13,0.0,0.0,0
15m,1767537900.0,2.0851,2.0913,2.0815,2.091,419947.68,0.0,0.0,0
15m,1767538800.0,2.091,2.0936,2.0872,2.0898,205614.3,0.0,0.0,0
15m,1767539700.0,2.0898,2.0959,2.0889,2.091,210562.97,0.0,0.0,0
15m,1767540600.0,2.091,2.093,2.0838,2.0875,197367.2,0.0,0.0,0
15m,1767541500.0,2.0875,2.0971,2.082,2.0909,342614.83,0.0,0.0,0
15m,1767542400.0,2.0909,2.0909,2.0833,2.0882,378763.97,0.0,0.0,0
15m,1767543300.0,2.0882,2.0897,2.0843,2.0863,93124.1,0.0,0.0,0
15m,1767544200.0,2.0863,2.0929,2.0846,2.0886,215392.73,0.0,0.0,0
15m,1767545100.0,2.0886,2.094,2.0886,2.0915,74752.43,0.0,0.0,0
15m,1767546000.0,2.0915,2.0968,2.0905,2.0968,134450.56,0.0,0.0,0
15m,1767546900.0,2.0968,2.1034,2.0935,2.0935,202679.0,0.0,0.0,0
15m,1767547800.0,2.0935,2.0984,2.0906,2.0911,75203.09,0.0,0.0,0
15m,1767548700.0,2.0911,2.096,2.0902,2.0958,46740.87,0.0,0.0,0
15m,1767549600.0,2.0958,2.096,2.0879,2.088,146942.93,0.0,0.0,0
15m,1767550500.0,2.088,2.0905,2.0856,2.0861,98939.1,0.0,0.0,0
15m,1767551400.0,2.0861,2.0889,2.074,2.0844,469237.7,0.0,0.0,0
15m,1767552300.0,2.0844,2.09,2.0839,2.0877,55265.93,0.0,0.0,0
15m,1767553200.0,2.0877,2.0891,2.0726,2.0775,354234.47,0.0,0.0,0
15m,1767554100.0,2.0775,2.0854,2.0761,2.083,149521.44,0.0,0.0,0
15m,1767555000.0,2.083,2.0893,2.0757,2.0767,194095.35,0.0,0.0,0
15m,1767555900.0,2.0767,2.0846,2.076,2.0846,66944.29,0.0,0.0,0
15m,1767556800.0,2.0846,2.0927,2.0814,2.0912,115255.64,0.0,0.0,0
15m,1767557700.0,2.0912,2.093,2.0886,2.0925,64711.27,0.0,0.0,0
15m,1767558600.0,2.0925,2.0953,2.0902,2.0929,66080.45,0.0,0.0,0
15m,1767559500.0,2.0929,2.0937,2.0905,2.0927,56380.34,0.0,0.0,0
15m,1767560400.0,2.0927,2.103,2.0897,2.098,255891.51,0.0,0.0,0
15m,1767561300.0,2.098,2.1002,2.0969,2.0977,122881.99,0.0,0.0,0
15m,1767562200.0,2.0977,2.0989,2.0894,2.0929,106885.0,0.0,0.0,0
15m,1767563100.0,2.0929,2.0985,2.0913,2.0972,138125.58,0.0,0.0,0
15m,1767564000.0,2.0972,2.1002,2.0907,2.0922,158421.61,0.0,0.0,0
15m,1767564900.0,2.0922,2.0949,2.0877,2.0893,100200.88,0.0,0.0,0
15m,1767565800.0,2.0893,2.0894,2.0795,2.0829,166115.43,0.0,0.0,0
15m,1767566700.0,2.0829,2.0874,2.0813,2.0863,96064.8,0.0,0.0,0
15m,1767567600.0,2.0863,2.098,2.0841,2.0851,365399.1,0.0,0.0,0
15m,1767568500.0,2.0851,2.0923,2.0841,2.0873,125332.55,0.0,0.0,0
15m,1767569400.0,2.0873,2.0935,2.0864,2.0891,240048.7,0.0,0.0,0
15m,1767570300.0,2.0891,2.0932,2.0863,2.0908,182994.45,0.0,0.0,0
15m,1767571200.0,2.0908,2.0999,2.0877,2.0972,645980.88,0.0,0.0,0
15m,1767572100.0,2.0972,2.1029,2.0938,2.1002,650276.4,0.0,0.0,0
15m,1767573000.0,2.1002,2.1049,2.0965,2.1037,364325.86,0.0,0.0,0
15m,1767573900.0,2.1037,2.1167,2.1037,2.1127,548887.28,0.0,0.0,0
15m,1767574800.0,2.1127,2.1306,2.1097,2.1306,983525.31,0.0,0.0,0
15m,1767575700.0,2.1306,2.1395,2.1251,2.1378,514865.32,0.0,0.0,0
15m,1767576600.0,2.1378,2.1587,2.1318,2.1542,923261.17,0.0,0.0,0
15m,1767577500.0,2.1542,2.1666,2.1457,2.157,751440.63,0.0,0.0,0
15m,1767578400.0,2.157,2.1616,2.148,2.1494,478098.76,0.0,0.0,0
15m,1767579300.0,2.1494,2.1517,2.1397,2.1406,378803.61,0.0,0.0,0
15m,1767580200.0,2.1406,2.1502,2.1363,2.1371,422194.79,0.0,0.0,0
15m,1767581100.0,2.1371,2.1471,2.1365,2.1442,316974.3,0.0,0.0,0
15m,1767582000.0,2.1442,2.1505,2.1399,2.1411,211655.41,0.0,0.0,0
15m,1767582900.0,2.1411,2.1455,2.1373,2.1426,172059.12,0.0,0.0,0
15m,1767583800.0,2.1426,2.154,2.1402,2.1403,384290.09,0.0,0.0,0
15m,1767584700.0,2.1403,2.1457,2.1389,2.1433,216691.22,0.0,0.0,0
15m,1767585600.0,2.1433,2.1465,2.1346,2.1377,195579.9,0.0,0.0,0
15m,1767586500.0,2.1377,2.1417,2.1222,2.1244,372689.35,0.0,0.0,0
15m,1767587400.0,2.1244,2.1264,2.1186,2.1214,300771.52,0.0,0.0,0
15m,1767588300.0,2.1214,2.1299,2.1207,2.127,271899.08,0.0,0.0,0
15m,1767589200.0,2.127,2.1327,2.1224,2.1321,285487.14,0.0,0.0,0
15m,1767590100.0,2.1321,2.1383,2.1292,2.133,247494.99,0.0,0.0,0
15m,1767591000.0,2.133,2.134,2.1291,2.1324,235310.31,0.0,0.0,0
15m,1767591900.0,2.1324,2.1359,2.1219,2.1234,352343.59,0.0,0.0,0
15m,1767592800.0,2.1234,2.1288,2.1213,2.1271,188560.86,0.0,0.0,0
15m,1767593700.0,2.1271,2.1286,2.1132,2.1152,352835.87,0.0,0.0,0
15m,1767594600.0,2.1152,2.1237,2.1099,2.1229,640055.56,0.0,0.0,0
15m,1767595500.0,2.1229,2.1251,2.1211,2.1236,176026.9,0.0,0.0,0
15m,1767596400.0,2.1236,2.1347,2.1232,2.1331,251313.67,0.0,0.0,0
15m,1767597300.0,2.1331,2.1354,2.1305,2.1319,275763.11,0.0,0.0,0
15m,1767598200.0,2.1319,2.134,2.1299,2.1331,211430.89,0.0,0.0,0
15m,1767599100.0,2.1331,2.1351,2.1314,2.1337,338501.93,0.0,0.0,0
15m,1767600000.0,2.1337,2.1466,2.1313,2.1457,785484.62,0.0,0.0,0
15m,1767600900.0,2.1457,2.1529,2.1447,2.1496,668061.47,0.0,0.0,0
15m,1767601800.0,2.1496,2.1507,2.1371,2.1391,575330.45,0.0,0.0,0
15m,1767602700.0,2.1391,2.1434,2.1388,2.1397,221132.22,0.0,0.0,0
15m,1767603600.0,2.1397,2.1415,2.1284,2.1303,488655.66,0.0,0.0,0
15m,1767604500.0,2.1303,2.1423,2.1299,2.1408,544589.34,0.0,0.0,0
15m,1767605400.0,2.1408,2.1476,2.1375,2.1448,364766.08,0.0,0.0,0
15m,1767606300.0,2.1448,2.1451,2.1364,2.1376,195219.95,0.0,0.0,0
15m,1767607200.0,2.1376,2.1479,2.1373,2.1475,1056517.61,0.0,0.0,0
15m,1767608100.0,2.1475,2.1496,2.1427,2.1435,1101363.97,0.0,0.0,0
15m,1767609000.0,2.1435,2.1437,2.1324,2.1366,894125.28,0.0,0.0,0
15m,1767609900.0,2.1366,2.1426,2.1366,2.1382,541263.29,0.0,0.0,0
15m,1767610800.0,2.1382,2.1382,2.1296,2.132,359011.54,0.0,0.0,0
15m,1767611700.0,2.132,2.1357,2.1285,2.1308,259082.16,0.0,0.0,0
15m,1767612600.0,2.1308,2.1317,2.1256,2.1304,255278.74,0.0,0.0,0
15m,1767613500.0,2.1304,2.1355,2.1289,2.1335,120366.79,0.0,0.0,0
15m,1767614400.0,2.1335,2.1363,2.1284,2.1346,491597.74,0.0,0.0,0
15m,1767615300.0,2.1346,2.1382,2.1253,2.1256,178319.22,0.0,0.0,0
15m,1767616200.0,2.1256,2.1294,2.123,2.1251,184042.71,0.0,0.0,0
15m,1767617100.0,2.1251,2.1313,2.1244,2.1273,196388.19,0.0,0.0,0
15m,1767618000.0,2.1273,2.1318,2.1249,2.1312,170704.93,0.0,0.0,0
15m,1767618900.0,2.1312,2.1313,2.1195,2.1232,182957.47,0.0,0.0,0
15m,1767619800.0,2.1232,2.1237,2.1125,2.1164,542694.01,0.0,0.0,0
15m,1767620700.0,2.1164,2.122,2.1136,2.1173,335314.11,0.0,0.0,0
15m,1767621600.0,2.1173,2.1214,2.1123,2.1187,444754.94,0.0,0.0,0
15m,1767622500.0,2.1187,2.1219,2.1122,2.1206,560350.35,0.0,0.0,0
15m,1767623400.0,2.1206,2.1464,2.1182,2.1447,1526621.94,0.0,0.0,0
15m,1767624300.0,2.1447,2.1543,2.1343,2.1495,1910457.7,0.0,0.0,0
15m,1767625200.0,2.1495,2.1536,2.1379,2.1503,990922.79,0.0,0.0,0
15m,1767626100.0,2.1503,2.1597,2.1435,2.1508,806237.08,0.0,0.0,0
15m,1767627000.0,2.1508,2.1686,2.1496,2.1659,991332.0,0.0,0.0,0
15m,1767627900.0,2.1659,2.1695,2.1595,2.1655,824398.54,0.0,0.0,0
15m,1767628800.0,2.1655,2.1779,2.1646,2.1764,1197223.41,0.0,0.0,0
15m,1767629700.0,2.1764,2.1857,2.1685,2.1785,1194983.85,0.0,0.0,0
15m,1767630600.0,2.1785,2.1889,2.1742,2.1819,1141008.6,0.0,0.0,0
15m,1767631500.0,2.1819,2.1967,2.1807,2.1943,1197874.11,0.0,0.0,0
15m,1767632400.0,2.1943,2.1961,2.1853,2.1875,938775.02,0.0,0.0,0
15m,1767633300.0,2.1875,2.1881,2.168,2.1785,1221516.75,0.0,0.0,0
15m,1767634200.0,2.1785,2.1957,2.177,2.1929,715992.22,0.0,0.0,0
15m,1767635100.0,2.1929,2.2077,2.1914,2.207,1493221.07,0.0,0.0,0
15m,1767636000.0,2.207,2.2191,2.2001,2.2191,1050459.99,0.0,0.0,0
15m,1767636900.0,2.2191,2.2297,2.2064,2.2267,1276185.81,0.0,0.0,0
15m,1767637800.0,2.2267,2.2454,2.2227,2.2423,1322260.56,0.0,0.0,0
15m,1767638700.0,2.2423,2.2694,2.2414,2.2672,1825440.19,0.0,0.0,0
15m,1767639600.0,2.2672,2.2762,2.2579,2.2721,1160686.39,0.0,0.0,0
15m,1767640500.0,2.2721,2.275,2.2595,2.271,1067342.11,0.0,0.0,0
15m,1767641400.0,2.271,2.2817,2.2653,2.2696,1192655.59,0.0,0.0,0
15m,1767642300.0,2.2696,2.2818,2.2661,2.2782,593709.19,0.0,0.0,0
15m,1767643200.0,2.2782,2.3239,2.2764,2.3206,2836313.36,0.0,0.0,0
15m,1767644100.0,2.3206,2.35,2.3195,2.3463,3024091.15,0.0,0.0,0
15m,1767645000.0,2.3463,2.3473,2.3082,2.3206,2487021.12,0.0,0.0,0
15m,1767645900.0,2.3206,2.3228,2.2976,2.3159,1623721.0,0.0,0.0,0
15m,1767646800.0,2.3159,2.3331,2.3124,2.3238,1211459.78,0.0,0.0,0
15m,1767647700.0,2.3238,2.3386,2.3238,2.3245,860270.34,0.0,0.0,0
15m,1767648600.0,2.3245,2.3388,2.3229,2.3309,1075539.66,0.0,0.0,0
15m,1767649500.0,2.3309,2.3437,2.3279,2.3356,629425.52,0.0,0.0,0
15m,1767650400.0,2.3356,2.3356,2.3221,2.3259,483183.39,0.0,0.0,0
15m,1767651300.0,2.3259,2.337,2.325,2.3284,737401.77,0.0,0.0,0
15m,1767652200.0,2.3284,2.3458,2.3269,2.3352,693785.64,0.0,0.0,0
15m,1767653100.0,2.3352,2.3394,2.3271,2.3351,418155.24,0.0,0.0,0
15m,1767654000.0,2.3351,2.3562,2.3342,2.3553,1057348.89,0.0,0.0,0
15m,1767654900.0,2.3553,2.3689,2.3488,2.3578,1193473.41,0.0,0.0,0
15m,1767655800.0,2.3578,2.3654,2.3508,2.3562,836879.41,0.0,0.0,0
15m,1767656700.0,2.3562,2.3646,2.3459,2.3475,611692.77,0.0,0.0,0
15m,1767657600.0,2.3475,2.3605,2.3231,2.325,1837473.69,0.0,0.0,0
15m,1767658500.0,2.325,2.3601,2.3166,2.3591,1368003.91,0.0,0.0,0
15m,1767659400.0,2.3591,2.3592,2.3337,2.349,1128408.26,0.0,0.0,0
15m,1767660300.0,2.349,2.3738,2.3466,2.3715,1190375.88,0.0,0.0,0
15m,1767661200.0,2.3715,2.3936,2.3686,2.3785,1656878.57,0.0,0.0,0
15m,1767662100.0,2.3785,2.3935,2.3779,2.3923,911309.75,0.0,0.0,0
15m,1767663000.0,2.3923,2.4051,2.3699,2.3716,1643277.92,0.0,0.0,0
15m,1767663900.0,2.3716,2.3753,2.3617,2.3742,769649.08,0.0,0.0,0
15m,1767664800.0,2.3742,2.3909,2.3719,2.3859,795544.95,0.0,0.0,0
15m,1767665700.0,2.3859,2.4167,2.3792,2.4032,1235994.17,0.0,0.0,0
15m,1767666600.0,2.4032,2.4065,2.3937,2.3981,916598.21,0.0,0.0,0
15m,1767667500.0,2.3981,2.3998,2.3839,2.3931,557686.21,0.0,0.0,0
15m,1767668400.0,2.3931,2.3991,2.3863,2.3982,542244.08,0.0,0.0,0
15m,1767669300.0,2.3982,2.4016,2.3838,2.3898,450124.98,0.0,0.0,0
15m,1767670200.0,2.3898,2.395,2.3838,2.3917,635027.02,0.0,0.0,0
15m,1767671100.0,2.3917,2.3962,2.3796,2.3864,428067.59,0.0,0.0,0
15m,1767672000.0,2.3864,2.3886,2.3726,2.3767,536821.73,0.0,0.0,0
15m,1767672900.0,2.3767,2.3832,2.3666,2.3683,672909.47,0.0,0.0,0
15m,1767673800.0,2.3683,2.3921,2.3681,2.3911,1058084.24,0.0,0.0,0
15m,1767674700.0,2.3911,2.3939,2.3851,2.3875,533285.75,0.0,0.0,0
15m,1767675600.0,2.3875,2.4078,2.3866,2.4016,1583513.73,0.0,0.0,0
15m,1767676500.0,2.4016,2.4044,2.3909,2.3948,648761.86,0.0,0.0,0
15m,1767677400.0,2.3948,2.3984,2.3897,2.3928,573903.79,0.0,0.0,0
15m,1767678300.0,2.3928,2.3929,2.3828,2.3901,877498.31,0.0,0.0,0
15m,1767679200.0,2.3901,2.4005,2.3886,2.3941,884503.1,0.0,0.0,0
15m,1767680100.0,2.3941,2.3978,2.3769,2.3833,923079.71,0.0,0.0,0
15m,1767681000.0,2.3833,2.3897,2.3747,2.3869,505021.34,0.0,0.0,0
15m,1767681900.0,2.3869,2.3875,2.3758,2.3765,354698.27,0.0,0.0,0
15m,1767682800.0,2.3765,2.3775,2.3714,2.3759,357184.24,0.0,0.0,0
15m,1767683700.0,2.3759,2.3764,2.3475,2.3552,1091980.98,0.0,0.0,0
15m,1767684600.0,2.3552,2.3554,2.3349,2.3402,1378058.16,0.0,0.0,0
15m,1767685500.0,2.3402,2.3407,2.3217,2.3303,2111347.75,0.0,0.0,0
15m,1767686400.0,2.3303,2.3454,2.3282,2.3386,1053200.59,0.0,0.0,0
15m,1767687300.0,2.3386,2.3467,2.3318,2.3377,466295.68,0.0,0.0,0
15m,1767688200.0,2.3377,2.3432,2.3344,2.3347,350083.21,0.0,0.0,0
15m,1767689100.0,2.3347,2.3399,2.3253,2.3325,629250.61,0.0,0.0,0
15m,1767690000.0,2.3325,2.3512,2.3304,2.3381,646212.91,0.0,0.0,0
15m,1767690900.0,2.3381,2.3479,2.338,2.3431,364782.02,0.0,0.0,0
15m,1767691800.0,2.3431,2.3485,2.3383,2.3479,235028.42,0.0,0.0,0
15m,1767692700.0,2.3479,2.3591,2.3441,2.3521,641120.04,0.0,0.0,0
15m,1767693600.0,2.3521,2.3562,2.3463,2.3553,399106.97,0.0,0.0,0
15m,1767694500.0,2.3553,2.3557,2.3466,2.3504,422319.2,0.0,0.0,0
15m,1767695400.0,2.3504,2.3598,2.3501,2.3561,370711.52,0.0,0.0,0
15m,1767696300.0,2.3561,2.3648,2.3561,2.361,460792.98,0.0,0.0,0
15m,1767697200.0,2.361,2.3702,2.3567,2.3682,711668.95,0.0,0.0,0
15m,1767698100.0,2.3682,2.3706,2.3628,2.366,794951.78,0.0,0.0,0
15m,1767699000.0,2.366,2.3768,2.3633,2.3735,657879.05,0.0,0.0,0
15m,1767699900.0,2.3735,2.3775,2.3703,2.3774,584512.67,0.0,0.0,0
15m,1767700800.0,2.3774,2.3989,2.3745,2.3863,1592803.09,0.0,0.0,0
15m,1767701700.0,2.3863,2.3907,2.3782,2.3859,514472.51,0.0,0.0,0
15m,1767702600.0,2.3859,2.3876,2.3689,2.3702,1025183.91,0.0,0.0,0
15m,1767703500.0,2.3702,2.3783,2.3702,2.3739,360275.9,0.0,0.0,0
15m,1767704400.0,2.3739,2.3795,2.3669,2.3746,511631.37,0.0,0.0,0
15m,1767705300.0,2.3746,2.3768,2.3674,2.3711,461712.64,0.0,0.0,0
15m,1767706200.0,2.3711,2.374,2.3688,2.3698,317783.32,0.0,0.0,0
15m,1767707100.0,2.3698,2.3764,2.3678,2.3713,359167.06,0.0,0.0,0
15m,1767708000.0,2.3713,2.3873,2.3701,2.3873,964954.06,0.0,0.0,0
15m,1767708900.0,2.3873,2.3975,2.3814,2.3899,1505793.39,0.0,0.0,0
15m,1767709800.0,2.3899,2.3988,2.3775,2.3805,1296847.98,0.0,0.0,0
15m,1767710700.0,2.3805,2.3936,2.3708,2.3794,1209787.07,0.0,0.0,0
15m,1767711600.0,2.3794,2.3861,2.3763,2.3817,679355.69,0.0,0.0,0
15m,1767712500.0,2.3817,2.3923,2.3817,2.3867,576200.33,0.0,0.0,0
15m,1767713400.0,2.3867,2.3872,2.3385,2.3455,1883690.98,0.0,0.0,0
15m,1767714300.0,2.3455,2.3551,2.3348,2.3489,1227397.07,0.0,0.0,0
15m,1767715200.0,2.3489,2.3549,2.3305,2.3367,1340341.15,0.0,0.0,0
15m,1767716100.0,2.3367,2.3403,2.2855,2.2859,2320894.43,0.0,0.0,0
15m,1767717000.0,2.2859,2.304,2.2748,2.2795,2099323.45,0.0,0.0,0
15m,1767717900.0,2.2795,2.2931,2.2666,2.2822,1232753.98,0.0,0.0,0
15m,1767718800.0,2.2822,2.2886,2.2721,2.2792,1232528.95,0.0,0.0,0
15m,1767719700.0,2.2792,2.2812,2.265,2.2763,919290.26,0.0,0.0,0
15m,1767720600.0,2.2763,2.2888,2.2661,2.2717,817732.42,0.0,0.0,0
15m,1767721500.0,2.2717,2.272,2.2089,2.2097,4912464.46,0.0,0.0,0
15m,1767722400.0,2.2097,2.2461,2.2046,2.2417,1576130.32,0.0,0.0,0
15m,1767723300.0,2.2417,2.2563,2.2374,2.2508,662788.97,0.0,0.0,0
15m,1767724200.0,2.2508,2.2509,2.2412,2.2449,540452.3,0.0,0.0,0
15m,1767725100.0,2.2449,2.2541,2.2407,2.246,507761.24,0.0,0.0,0
15m,1767726000.0,2.246,2.2559,2.2423,2.2551,371951.69,0.0,0.0,0
15m,1767726900.0,2.2551,2.2579,2.2384,2.2405,549683.65,0.0,0.0,0
15m,1767727800.0,2.2405,2.2477,2.2292,2.2307,445946.69,0.0,0.0,0
15m,1767728700.0,2.2307,2.2356,2.2247,2.2279,284143.54,0.0,0.0,0
15m,1767729600.0,2.2279,2.2555,2.2279,2.2529,626498.79,0.0,0.0,0
15m,1767730500.0,2.2529,2.2662,2.2505,2.2621,787351.56,0.0,0.0,0
15m,1767731400.0,2.2621,2.2674,2.2592,2.2634,436266.74,0.0,0.0,0
15m,1767732300.0,2.2634,2.2659,2.2554,2.2585,680209.21,0.0,0.0,0
15m,1767733200.0,2.2585,2.2684,2.25,2.2644,664488.39,0.0,0.0,0
15m,1767734100.0,2.2644,2.2836,2.263,2.2797,1103998.59,0.0,0.0,0
15m,1767735000.0,2.2797,2.2916,2.2793,2.287,896017.37,0.0,0.0,0
15m,1767735900.0,2.287,2.288,2.275,2.2829,731880.28,0.0,0.0,0
15m,1767736800.0,2.2829,2.2912,2.2792,2.2799,1206627.17,0.0,0.0,0
15m,1767737700.0,2.2799,2.2865,2.2756,2.2844,400670.04,0.0,0.0,0
15m,1767738600.0,2.2844,2.2911,2.2829,2.2906,438779.43,0.0,0.0,0
15m,1767739500.0,2.2906,2.2997,2.2902,2.292,428691.88,0.0,0.0,0
15m,1767740400.0,2.292,2.2986,2.2863,2.2979,556924.05,0.0,0.0,0
15m,1767741300.0,2.2979,2.3043,2.2975,2.3005,637067.6,0.0,0.0,0
15m,1767742200.0,2.3005,2.3067,2.2985,2.3032,394448.34,0.0,0.0,0
15m,1767743100.0,2.3032,2.3205,2.3027,2.3044,1308438.35,0.0,0.0,0
15m,1767744000.0,2.3044,2.3093,2.2969,2.3079,741088.31,0.0,0.0,0
15m,1767744900.0,2.3079,2.3205,2.3073,2.3158,1127194.59,0.0,0.0,0
15m,1767745800.0,2.3158,2.3172,2.3014,2.3065,693484.8,0.0,0.0,0
15m,1767746700.0,2.3065,2.3074,2.2825,2.283,742123.79,0.0,0.0,0
15m,1767747600.0,2.283,2.2934,2.2759,2.2763,591814.35,0.0,0.0,0
15m,1767748500.0,2.2763,2.2763,2.259,2.268,951606.12,0.0,0.0,0
15m,1767749400.0,2.268,2.2696,2.2564,2.2618,865785.09,0.0,0.0,0
15m,1767750300.0,2.2618,2.2687,2.2573,2.2656,519089.81,0.0,0.0,0
15m,1767751200.0,2.2656,2.2752,2.259,2.2745,536337.19,0.0,0.0,0
15m,1767752100.0,2.2745,2.2745,2.2606,2.2627,247891.21,0.0,0.0,0
15m,1767753000.0,2.2627,2.2739,2.2575,2.2712,329531.68,0.0,0.0,0
15m,1767753900.0,2.2712,2.2799,2.2685,2.2754,153806.88,0.0,0.0,0
15m,1767754800.0,2.2754,2.2781,2.2697,2.2714,108114.43,0.0,0.0,0
15m,1767755700.0,2.2714,2.2817,2.2688,2.2752,184186.86,0.0,0.0,0
15m,1767756600.0,2.2752,2.2759,2.2615,2.266,285925.29,0.0,0.0,0
15m,1767757500.0,2.266,2.2675,2.262,2.2667,185490.91,0.0,0.0,0
15m,1767758400.0,2.2667,2.2749,2.2655,2.271,301310.79,0.0,0.0,0
15m,1767759300.0,2.271,2.2713,2.2658,2.2679,192521.43,0.0,0.0,0
15m,1767760200.0,2.2679,2.2708,2.2527,2.2672,702875.49,0.0,0.0,0
15m,1767761100.0,2.2672,2.2672,2.2579,2.2592,206672.44,0.0,0.0,0
15m,1767762000.0,2.2592,2.261,2.2519,2.2579,389215.09,0.0,0.0,0
15m,1767762900.0,2.2579,2.2594,2.245,2.2482,346749.57,0.0,0.0,0
15m,1767763800.0,2.2482,2.2647,2.2482,2.2615,329652.13,0.0,0.0,0
15m,1767764700.0,2.2615,2.2615,2.2494,2.2518,270756.45,0.0,0.0,0
15m,1767765600.0,2.2518,2.2617,2.2502,2.2587,337866.22,0.0,0.0,0
15m,1767766500.0,2.2587,2.2648,2.257,2.2647,150113.72,0.0,0.0,0
15m,1767767400.0,2.2647,2.2698,2.2579,2.2599,267404.02,0.0,0.0,0
15m,1767768300.0,2.2599,2.2645,2.2596,2.2642,100546.63,0.0,0.0,0
15m,1767769200.0,2.2642,2.2785,2.2642,2.2738,494192.45,0.0,0.0,0
15m,1767770100.0,2.2738,2.2795,2.2726,2.278,184640.01,0.0,0.0,0
15m,1767771000.0,2.278,2.2864,2.2753,2.2817,267877.14,0.0,0.0,0
15m,1767771900.0,2.2817,2.282,2.2746,2.2801,112103.01,0.0,0.0,0
15m,1767772800.0,2.2801,2.2863,2.2784,2.2801,195133.7,0.0,0.0,0
15m,1767773700.0,2.2801,2.2866,2.2736,2.2797,236952.81,0.0,0.0,0
15m,1767774600.0,2.2797,2.2891,2.2786,2.2833,346441.67,0.0,0.0,0
15m,1767775500.0,2.2833,2.2914,2.2801,2.2838,294753.52,0.0,0.0,0
15m,1767776400.0,2.2838,2.2843,2.2659,2.267,394056.53,0.0,0.0,0
15m,1767777300.0,2.267,2.2716,2.2534,2.2558,482431.74,0.0,0.0,0
15m,1767778200.0,2.2558,2.2586,2.2344,2.2402,942458.49,0.0,0.0,0
15m,1767779100.0,2.2402,2.2471,2.2327,2.2404,651178.58,0.0,0.0,0
15m,1767780000.0,2.2404,2.2459,2.2358,2.2415,405394.36,0.0,0.0,0
15m,1767780900.0,2.2415,2.2442,2.2369,2.2399,235095.49,0.0,0.0,0
15m,1767781800.0,2.2399,2.2514,2.239,2.2483,320386.97,0.0,0.0,0
15m,1767782700.0,2.2483,2.2528,2.2452,2.2493,112571.59,0.0,0.0,0
15m,1767783600.0,2.2493,2.257,2.2469,2.2536,112628.03,0.0,0.0,0
15m,1767784500.0,2.2536,2.2556,2.249,2.253,126374.72,0.0,0.0,0
15m,1767785400.0,2.253,2.2582,2.2501,2.2501,159231.14,0.0,0.0,0
15m,1767786300.0,2.2501,2.2524,2.2459,2.2502,109706.51,0.0,0.0,0
15m,1767787200.0,2.2502,2.2533,2.2428,2.2466,217081.85,0.0,0.0,0
15m,1767788100.0,2.2466,2.2557,2.246,2.2472,211909.29,0.0,0.0,0
15m,1767789000.0,2.2472,2.2514,2.2425,2.2477,427900.89,0.0,0.0,0
15m,1767789900.0,2.2477,2.2505,2.2459,2.2476,209576.33,0.0,0.0,0
15m,1767790800.0,2.2476,2.2502,2.2373,2.2387,399649.68,0.0,0.0,0
15m,1767791700.0,2.2387,2.2555,2.2375,2.252,377429.42,0.0,0.0,0
15m,1767792600.0,2.252,2.2531,2.2479,2.2516,323732.25,0.0,0.0,0
15m,1767793500.0,2.2516,2.2539,2.2422,2.2445,316204.49,0.0,0.0,0
15m,1767794400.0,2.2445,2.2448,2.2191,2.2245,948538.69,0.0,0.0,0
15m,1767795300.0,2.2245,2.2264,2.2101,2.2132,710845.99,0.0,0.0,0
15m,1767796200.0,2.2132,2.2363,2.2059,2.2296,1016332.23,0.0,0.0,0
15m,1767797100.0,2.2296,2.2356,2.2218,2.2291,498257.65,0.0,0.0,0
15m,1767798000.0,2.2291,2.2301,2.2071,2.2092,700839.49,0.0,0.0,0
15m,1767798900.0,2.2092,2.2096,2.1834,2.1945,1246339.42,0.0,0.0,0
15m,1767799800.0,2.1945,2.2047,2.187,2.1992,560848.76,0.0,0.0,0
15m,1767800700.0,2.1992,2.2021,2.1915,2.1954,376424.19,0.0,0.0,0
15m,1767801600.0,2.1954,2.2146,2.1938,2.214,376918.05,0.0,0.0,0
15m,1767802500.0,2.214,2.223,2.2101,2.2138,447822.39,0.0,0.0,0
15m,1767803400.0,2.2138,2.216,2.1993,2.2132,415868.63,0.0,0.0,0
15m,1767804300.0,2.2132,2.2159,2.2005,2.2014,509623.61,0.0,0.0,0
15m,1767805200.0,2.2014,2.2033,2.194,2.1968,507950.2,0.0,0.0,0
15m,1767806100.0,2.1968,2.2096,2.1963,2.2059,328286.92,0.0,0.0,0
15m,1767807000.0,2.2059,2.2093,2.1976,2.2022,253582.85,0.0,0.0,0
15m,1767807900.0,2.2022,2.2041,2.1884,2.1938,334795.8,0.0,0.0,0
15m,1767808800.0,2.1938,2.1978,2.1906,2.1942,317617.55,0.0,0.0,0
15m,1767809700.0,2.1942,2.1973,2.1856,2.1963,428603.36,0.0,0.0,0
15m,1767810600.0,2.1963,2.2052,2.1922,2.1922,318771.63,0.0,0.0,0
15m,1767811500.0,2.1922,2.1971,2.1823,2.1884,391163.46,0.0,0.0,0
15m,1767812400.0,2.1884,2.1958,2.177,2.1802,329244.86,0.0,0.0,0
15m,1767813300.0,2.1802,2.182,2.1711,2.1773,436202.16,0.0,0.0,0
15m,1767814200.0,2.1773,2.1962,2.1773,2.1907,335209.65,0.0,0.0,0
15m,1767815100.0,2.1907,2.1986,2.1906,2.194,185471.94,0.0,0.0,0
15m,1767816000.0,2.194,2.1987,2.1862,2.1865,192474.67,0.0,0.0,0
15m,1767816900.0,2.1865,2.1888,2.1745,2.1799,194928.47,0.0,0.0,0
15m,1767817800.0,2.1799,2.1865,2.1757,2.177,211981.03,0.0,0.0,0
15m,1767818700.0,2.177,2.1823,2.1721,2.1744,409456.51,0.0,0.0,0
15m,1767819600.0,2.1744,2.1846,2.1728,2.1829,411977.34,0.0,0.0,0
15m,1767820500.0,2.1829,2.1849,2.1771,2.1841,176769.21,0.0,0.0,0
15m,1767821400.0,2.1841,2.1864,2.1785,2.1832,256077.76,0.0,0.0,0
15m,1767822300.0,2.1832,2.184,2.1782,2.1791,131280.55,0.0,0.0,0
15m,1767823200.0,2.1791,2.1832,2.173,2.1804,282884.91,0.0,0.0,0
15m,1767824100.0,2.1804,2.1832,2.1777,2.1801,113931.66,0.0,0.0,0
15m,1767825000.0,2.1801,2.1925,2.1798,2.1811,197859.49,0.0,0.0,0
15m,1767825900.0,2.1811,2.1826,2.1674,2.169,247020.15,0.0,0.0,0
15m,1767826800.0,2.169,2.1708,2.1521,2.1691,678324.87,0.0,0.0,0
15m,1767827700.0,2.1691,2.1817,2.1691,2.1755,361940.4,0.0,0.0,0
15m,1767828600.0,2.1755,2.1786,2.1669,2.1674,161614.03,0.0,0.0,0
15m,1767829500.0,2.1674,2.1705,2.1628,2.1656,142835.7,0.0,0.0,0
15m,1767830400.0,2.1656,2.1705,2.1595,2.1657,431747.41,0.0,0.0,0
15m,1767831300.0,2.1657,2.1657,2.1475,2.1524,505926.88,0.0,0.0,0
15m,1767832200.0,2.1524,2.1586,2.1484,2.1571,486206.27,0.0,0.0,0
15m,1767833100.0,2.1571,2.1743,2.1571,2.1702,597744.39,0.0,0.0,0
15m,1767834000.0,2.1702,2.1804,2.1697,2.1789,781931.63,0.0,0.0,0
15m,1767834900.0,2.1789,2.1869,2.1701,2.1839,661557.54,0.0,0.0,0
15m,1767835800.0,2.1839,2.1892,2.1802,2.188,550387.71,0.0,0.0,0
15m,1767836700.0,2.188,2.1911,2.1819,2.1825,578539.77,0.0,0.0,0
15m,1767837600.0,2.1825,2.1831,2.1705,2.1827,859537.91,0.0,0.0,0
15m,1767838500.0,2.1827,2.1923,2.1719,2.1755,1020714.68,0.0,0.0,0
15m,1767839400.0,2.1755,2.1761,2.1603,2.1659,442812.83,0.0,0.0,0
15m,1767840300.0,2.1659,2.1693,2.1605,2.1678,268886.17,0.0,0.0,0
15m,1767841200.0,2.1678,2.1764,2.1649,2.1711,254531.4,0.0,0.0,0
15m,1767842100.0,2.1711,2.1724,2.1567,2.1586,244822.43,0.0,0.0,0
15m,1767843000.0,2.1586,2.1666,2.1456,2.1503,340348.93,0.0,0.0,0
15m,1767843900.0,2.1503,2.1554,2.1463,2.1502,416090.8,0.0,0.0,0
15m,1767844800.0,2.1502,2.1586,2.1456,2.1528,250280.45,0.0,0.0,0
15m,1767845700.0,2.1528,2.1688,2.1517,2.1668,222602.9,0.0,0.0,0
15m,1767846600.0,2.1668,2.1724,2.1619,2.1634,158539.25,0.0,0.0,0
15m,1767847500.0,2.1634,2.1669,2.1598,2.1611,144944.88,0.0,0.0,0
15m,1767848400.0,2.1611,2.1663,2.1588,2.162,160133.24,0.0,0.0,0
15m,1767849300.0,2.162,2.1632,2.1537,2.1537,129886.52,0.0,0.0,0
15m,1767850200.0,2.1537,2.1568,2.1459,2.1481,116729.54,0.0,0.0,0
15m,1767851100.0,2.1481,2.1509,2.1404,2.1432,268803.38,0.0,0.0,0
15m,1767852000.0,2.1432,2.1468,2.1281,2.132,750484.27,0.0,0.0,0
15m,1767852900.0,2.132,2.1324,2.1214,2.1267,851871.6,0.0,0.0,0
15m,1767853800.0,2.1267,2.134,2.1267,2.1297,312687.33,0.0,0.0,0
15m,1767854700.0,2.1297,2.1306,2.1081,2.1082,1221271.51,0.0,0.0,0
15m,1767855600.0,2.1082,2.1169,2.0977,2.1148,1339250.03,0.0,0.0,0
15m,1767856500.0,2.1148,2.1177,2.1083,2.1177,420103.76,0.0,0.0,0
15m,1767857400.0,2.1177,2.123,2.1108,2.1169,407953.13,0.0,0.0,0
15m,1767858300.0,2.1169,2.1212,2.1133,2.1197,525249.38,0.0,0.0,0
15m,1767859200.0,2.1197,2.1303,2.1191,2.1299,857593.59,0.0,0.0,0
15m,1767860100.0,2.1299,2.1338,2.1259,2.1314,528404.14,0.0,0.0,0
15m,1767861000.0,2.1314,2.1339,2.1165,2.1187,346206.82,0.0,0.0,0
15m,1767861900.0,2.1187,2.1193,2.1081,2.1126,349586.88,0.0,0.0,0
15m,1767862800.0,2.1126,2.1223,2.1096,2.1156,2721266.1,0.0,0.0,0
15m,1767863700.0,2.1156,2.1156,2.1001,2.104,2962807.98,0.0,0.0,0
15m,1767864600.0,2.104,2.1081,2.1025,2.104,1138139.6,0.0,0.0,0
15m,1767865500.0,2.104,2.1088,2.0945,2.0965,427830.21,0.0,0.0,0
15m,1767866400.0,2.0965,2.0974,2.0815,2.0945,1150126.56,0.0,0.0,0
15m,1767867300.0,2.0945,2.1062,2.0921,2.1024,303813.32,0.0,0.0,0
15m,1767868200.0,2.1024,2.1038,2.0964,2.0992,320280.82,0.0,0.0,0
15m,1767869100.0,2.0992,2.1074,2.0992,2.1039,437403.93,0.0,0.0,0
15m,1767870000.0,2.1039,2.1056,2.0929,2.0951,312254.9,0.0,0.0,0
15m,1767870900.0,2.0951,2.1013,2.0867,2.098,616568.14,0.0,0.0,0
15m,1767871800.0,2.098,2.0988,2.0829,2.0839,847813.22,0.0,0.0,0
15m,1767872700.0,2.0839,2.0936,2.082,2.0924,476089.34,0.0,0.0,0
15m,1767873600.0,2.0924,2.0924,2.0736,2.0811,643819.42,0.0,0.0,0
15m,1767874500.0,2.0811,2.0874,2.0803,2.0833,588926.11,0.0,0.0,0
15m,1767875400.0,2.0833,2.0849,2.0731,2.0785,975980.88,0.0,0.0,0
15m,1767876300.0,2.0785,2.0819,2.0729,2.0813,486647.98,0.0,0.0,0
15m,1767877200.0,2.0813,2.0873,2.0789,2.0832,626729.66,0.0,0.0,0
15m,1767878100.0,2.0832,2.0923,2.0787,2.0912,618525.32,0.0,0.0,0
15m,1767879000.0,2.0912,2.096,2.0836,2.0899,352706.65,0.0,0.0,0
15m,1767879900.0,2.0899,2.0915,2.0833,2.0878,284023.39,0.0,0.0,0
15m,1767880800.0,2.0878,2.0927,2.0782,2.0882,424823.18,0.0,0.0,0
15m,1767881700.0,2.0882,2.0886,2.0691,2.076,650115.86,0.0,0.0,0
15m,1767882600.0,2.076,2.0888,2.068,2.069,1111680.4,0.0,0.0,0
15m,1767883500.0,2.069,2.0986,2.0666,2.0872,1432520.06,0.0,0.0,0
15m,1767884400.0,2.0872,2.102,2.074,2.1011,987990.67,0.0,0.0,0
15m,1767885300.0,2.1011,2.1147,2.0975,2.1125,1709363.39,0.0,0.0,0
15m,1767886200.0,2.1125,2.1175,2.1011,2.1102,708162.03,0.0,0.0,0
15m,1767887100.0,2.1102,2.1287,2.1061,2.1267,851996.14,0.0,0.0,0
15m,1767888000.0,2.1267,2.1379,2.1251,2.1276,1551946.43,0.0,0.0,0
15m,1767888900.0,2.1276,2.1318,2.1125,2.1279,1030587.86,0.0,0.0,0
15m,1767889800.0,2.1279,2.1351,2.1121,2.1312,742264.06,0.0,0.0,0
15m,1767890700.0,2.1312,2.1453,2.1311,2.1451,1041274.62,0.0,0.0,0
15m,1767891600.0,2.1451,2.156,2.1395,2.1503,1792808.11,0.0,0.0,0
15m,1767892500.0,2.1503,2.1539,2.1389,2.1395,839125.17,0.0,0.0,0
15m,1767893400.0,2.1395,2.1521,2.1392,2.1502,331070.26,0.0,0.0,0
15m,1767894300.0,2.1502,2.1699,2.1495,2.1633,929391.93,0.0,0.0,0
15m,1767895200.0,2.1633,2.1646,2.1469,2.1472,799344.96,0.0,0.0,0
15m,1767896100.0,2.1472,2.1478,2.1393,2.1433,534295.38,0.0,0.0,0
15m,1767897000.0,2.1433,2.1476,2.1245,2.1303,602383.06,0.0,0.0,0
15m,1767897900.0,2.1303,2.1405,2.1301,2.1367,298700.18,0.0,0.0,0
15m,1767898800.0,2.1367,2.1469,2.132,2.1436,163611.89,0.0,0.0,0
15m,1767899700.0,2.1436,2.144,2.1321,2.1379,134929.13,0.0,0.0,0
15m,1767900600.0,2.1379,2.1499,2.1377,2.1425,192252.0,0.0,0.0,0
15m,1767901500.0,2.1425,2.1451,2.1304,2.1357,169034.19,0.0,0.0,0
15m,1767902400.0,2.1357,2.1357,2.1172,2.1219,348110.65,0.0,0.0,0
15m,1767903300.0,2.1219,2.1228,2.1133,2.1173,219276.13,0.0,0.0,0
15m,1767904200.0,2.1173,2.1291,2.1173,2.1247,148407.64,0.0,0.0,0
15m,1767905100.0,2.1247,2.1344,2.1226,2.1275,245547.51,0.0,0.0,0
15m,1767906000.0,2.1275,2.1347,2.1236,2.1314,184757.16,0.0,0.0,0
15m,1767906900.0,2.1314,2.1334,2.1271,2.1293,261345.69,0.0,0.0,0
15m,1767907800.0,2.1293,2.1447,2.1273,2.1383,253211.61,0.0,0.0,0
15m,1767908700.0,2.1383,2.143,2.1344,2.1398,240210.24,0.0,0.0,0
15m,1767909600.0,2.1398,2.1485,2.1371,2.1455,272495.97,0.0,0.0,0
15m,1767910500.0,2.1455,2.1455,2.1345,2.1385,243731.41,0.0,0.0,0
15m,1767911400.0,2.1385,2.1401,2.1219,2.1252,349725.23,0.0,0.0,0
15m,1767912300.0,2.1252,2.1343,2.1249,2.1341,202861.51,0.0,0.0,0
15m,1767913200.0,2.1341,2.1366,2.1275,2.1277,255653.1,0.0,0.0,0
15m,1767914100.0,2.1277,2.1326,2.1277,2.132,91731.2,0.0,0.0,0
15m,1767915000.0,2.132,2.1328,2.1264,2.129,147094.12,0.0,0.0,0
15m,1767915900.0,2.129,2.1291,2.1215,2.1232,79735.26,0.0,0.0,0
15m,1767916800.0,2.1232,2.1262,2.1215,2.1243,195011.72,0.0,0.0,0
15m,1767917700.0,2.1243,2.1282,2.1228,2.1247,171991.59,0.0,0.0,0
15m,1767918600.0,2.1247,2.1349,2.1246,2.1347,128703.52,0.0,0.0,0
15m,1767919500.0,2.1347,2.1375,2.1315,2.1324,143841.15,0.0,0.0,0
15m,1767920400.0,2.1324,2.1346,2.1294,2.1312,92356.88,0.0,0.0,0
15m,1767921300.0,2.1312,2.1414,2.1184,2.1396,628268.25,0.0,0.0,0
15m,1767922200.0,2.1396,2.1431,2.1122,2.1164,658557.23,0.0,0.0,0
15m,1767923100.0,2.1164,2.1203,2.1095,2.1101,235510.13,0.0,0.0,0
15m,1767924000.0,2.1101,2.136,2.1089,2.135,338761.57,0.0,0.0,0
15m,1767924900.0,2.135,2.135,2.1279,2.129,145337.21,0.0,0.0,0
15m,1767925800.0,2.129,2.1315,2.1222,2.1266,252849.23,0.0,0.0,0
15m,1767926700.0,2.1266,2.128,2.1172,2.1181,237727.38,0.0,0.0,0
15m,1767927600.0,2.1181,2.1273,2.1168,2.127,134207.69,0.0,0.0,0
15m,1767928500.0,2.127,2.1295,2.1166,2.1194,192882.7,0.0,0.0,0
15m,1767929400.0,2.1194,2.1285,2.1183,2.1274,79496.24,0.0,0.0,0
15m,1767930300.0,2.1274,2.1363,2.1261,2.1355,190344.47,0.0,0.0,0
15m,1767931200.0,2.1355,2.1378,2.127,2.1278,175708.95,0.0,0.0,0
15m,1767932100.0,2.1278,2.1335,2.127,2.1326,97445.2,0.0,0.0,0
15m,1767933000.0,2.1326,2.1347,2.1275,2.1311,192908.66,0.0,0.0,0
15m,1767933900.0,2.1311,2.1325,2.1269,2.1275,78190.23,0.0,0.0,0
15m,1767934800.0,2.1275,2.1343,2.1275,2.1334,235682.0,0.0,0.0,0
15m,1767935700.0,2.1334,2.1344,2.1255,2.1295,109721.4,0.0,0.0,0
15m,1767936600.0,2.1295,2.1349,2.1277,2.1317,190699.9,0.0,0.0,0
15m,1767937500.0,2.1317,2.1381,2.1317,2.1381,90290.52,0.0,0.0,0
15m,1767938400.0,2.1381,2.1384,2.1312,2.1324,103645.56,0.0,0.0,0
15m,1767939300.0,2.1324,2.1372,2.1301,2.1327,141652.42,0.0,0.0,0
15m,1767940200.0,2.1327,2.1473,2.1321,2.1452,340419.47,0.0,0.0,0
15m,1767941100.0,2.1452,2.1456,2.1416,2.1438,120198.75,0.0,0.0,0
15m,1767942000.0,2.1438,2.1438,2.1354,2.1392,100315.83,0.0,0.0,0
15m,1767942900.0,2.1392,2.1407,2.1349,2.1376,94149.44,0.0,0.0,0
15m,1767943800.0,2.1376,2.1378,2.1312,2.132,191727.14,0.0,0.0,0
15m,1767944700.0,2.132,2.1324,2.1202,2.1205,298682.31,0.0,0.0,0
15m,1767945600.0,2.1205,2.1237,2.1146,2.119,544765.8,0.0,0.0,0
15m,1767946500.0,2.119,2.1235,2.1152,2.1169,474133.85,0.0,0.0,0
15m,1767947400.0,2.1169,2.1175,2.0999,2.0999,763940.81,0.0,0.0,0
15m,1767948300.0,2.0999,2.1006,2.0726,2.0839,1817063.52,0.0,0.0,0
15m,1767949200.0,2.0839,2.097,2.0832,2.0946,562738.71,0.0,0.0,0
15m,1767950100.0,2.0946,2.1081,2.0898,2.1076,439933.25,0.0,0.0,0
15m,1767951000.0,2.1076,2.1076,2.0974,2.1016,246003.02,0.0,0.0,0
15m,1767951900.0,2.1016,2.1025,2.0945,2.0964,202661.52,0.0,0.0,0
15m,1767952800.0,2.0964,2.1029,2.0925,2.1005,175803.88,0.0,0.0,0
15m,1767953700.0,2.1005,2.1063,2.1,2.1025,237305.6,0.0,0.0,0
15m,1767954600.0,2.1025,2.1039,2.0997,2.1024,115509.58,0.0,0.0,0
15m,1767955500.0,2.1024,2.1045,2.1004,2.1007,89167.78,0.0,0.0,0
15m,1767956400.0,2.1007,2.1048,2.0967,2.0996,103341.28,0.0,0.0,0
15m,1767957300.0,2.0996,2.1061,2.0988,2.1037,174592.78,0.0,0.0,0
15m,1767958200.0,2.1037,2.1093,2.1002,2.1031,204677.51,0.0,0.0,0
15m,1767959100.0,2.1031,2.1072,2.0998,2.1028,253180.01,0.0,0.0,0
15m,1767960000.0,2.1028,2.1047,2.0947,2.0949,262458.92,0.0,0.0,0
15m,1767960900.0,2.0949,2.0963,2.0904,2.0954,241350.55,0.0,0.0,0
15m,1767961800.0,2.0954,2.0978,2.0919,2.0936,244106.23,0.0,0.0,0
15m,1767962700.0,2.0936,2.1011,2.0931,2.0969,511945.67,0.0,0.0,0
15m,1767963600.0,2.0969,2.1061,2.0929,2.1015,440552.94,0.0,0.0,0
15m,1767964500.0,2.1015,2.1087,2.099,2.1047,481693.02,0.0,0.0,0
15m,1767965400.0,2.1047,2.1201,2.0961,2.1067,1053037.36,0.0,0.0,0
15m,1767966300.0,2.1067,2.1089,2.1007,2.106,210440.32,0.0,0.0,0
15m,1767967200.0,2.106,2.1078,2.09,2.0934,467737.57,0.0,0.0,0
15m,1767968100.0,2.0934,2.0978,2.0908,2.0956,307887.53,0.0,0.0,0
15m,1767969000.0,2.0956,2.1047,2.0836,2.0859,861050.19,0.0,0.0,0
15m,1767969900.0,2.0859,2.0928,2.081,2.0905,656451.75,0.0,0.0,0
15m,1767970800.0,2.0905,2.0967,2.0796,2.0957,626515.19,0.0,0.0,0
15m,1767971700.0,2.0957,2.1467,2.0931,2.1451,1212491.65,0.0,0.0,0
15m,1767972600.0,2.1451,2.1618,2.1175,2.1235,1930908.27,0.0,0.0,0
15m,1767973500.0,2.1235,2.1335,2.1014,2.1179,1011890.85,0.0,0.0,0
15m,1767974400.0,2.1179,2.1449,2.1154,2.1422,1625987.05,0.0,0.0,0
15m,1767975300.0,2.1422,2.144,2.1225,2.1247,1024892.34,0.0,0.0,0
15m,1767976200.0,2.1247,2.1295,2.1181,2.1261,458730.57,0.0,0.0,0
15m,1767977100.0,2.1261,2.1347,2.1245,2.1318,229339.87,0.0,0.0,0
15m,1767978000.0,2.1318,2.1329,2.113,2.1153,525804.8,0.0,0.0,0
15m,1767978900.0,2.1153,2.1157,2.0981,2.0987,936780.91,0.0,0.0,0
15m,1767979800.0,2.0987,2.1055,2.0925,2.0997,614961.29,0.0,0.0,0
15m,1767980700.0,2.0997,2.1118,2.0978,2.1073,416489.76,0.0,0.0,0
15m,1767981600.0,2.1073,2.1103,2.0973,2.0989,259140.28,0.0,0.0,0
15m,1767982500.0,2.0989,2.0989,2.0803,2.0835,615928.16,0.0,0.0,0
15m,1767983400.0,2.0835,2.0967,2.0762,2.0943,699077.0,0.0,0.0,0
15m,1767984300.0,2.0943,2.0977,2.0907,2.0923,274712.23,0.0,0.0,0
15m,1767985200.0,2.0923,2.093,2.0816,2.082,359166.98,0.0,0.0,0
15m,1767986100.0,2.082,2.0848,2.0782,2.0844,414990.82,0.0,0.0,0
15m,1767987000.0,2.0844,2.0868,2.0786,2.0849,511251.06,0.0,0.0,0
15m,1767987900.0,2.0849,2.0925,2.0829,2.083,509348.5,0.0,0.0,0
15m,1767988800.0,2.083,2.087,2.0797,2.0862,426233.07,0.0,0.0,0
15m,1767989700.0,2.0862,2.0906,2.0841,2.087,221267.63,0.0,0.0,0
15m,1767990600.0,2.087,2.0929,2.0832,2.0842,375148.8,0.0,0.0,0
15m,1767991500.0,2.0842,2.09,2.0802,2.0846,494194.3,0.0,0.0,0
15m,1767992400.0,2.0846,2.0864,2.0761,2.0807,554049.78,0.0,0.0,0
15m,1767993300.0,2.0807,2.0926,2.0799,2.0908,343254.27,0.0,0.0,0
15m,1767994200.0,2.0908,2.0952,2.0868,2.0891,291634.86,0.0,0.0,0
15m,1767995100.0,2.0891,2.0942,2.088,2.0927,179456.09,0.0,0.0,0
15m,1767996000.0,2.0927,2.0944,2.0879,2.0895,176149.96,0.0,0.0,0
15m,1767996900.0,2.0895,2.0967,2.0885,2.0958,110781.87,0.0,0.0,0
15m,1767997800.0,2.0958,2.1016,2.0931,2.0935,193306.89,0.0,0.0,0
15m,1767998700.0,2.0935,2.0989,2.0931,2.098,52715.99,0.0,0.0,0
15m,1767999600.0,2.098,2.0987,2.0948,2.0972,116391.27,0.0,0.0,0
15m,1768000500.0,2.0972,2.0972,2.0922,2.0965,93639.09,0.0,0.0,0
15m,1768001400.0,2.0965,2.0983,2.0951,2.0973,98985.49,0.0,0.0,0
15m,1768002300.0,2.0973,2.0992,2.0919,2.096,160276.5,0.0,0.0,0
15m,1768003200.0,2.096,2.0973,2.0937,2.094,202934.5,0.0,0.0,0
15m,1768004100.0,2.094,2.0956,2.0916,2.0933,129453.73,0.0,0.0,0
15m,1768005000.0,2.0933,2.0967,2.0904,2.0918,100132.13,0.0,0.0,0
15m,1768005900.0,2.0918,2.0926,2.0894,2.0923,97363.33,0.0,0.0,0
15m,1768006800.0,2.0923,2.0954,2.09,2.0916,106270.42,0.0,0.0,0
15m,1768007700.0,2.0916,2.0955,2.0904,2.0928,83374.66,0.0,0.0,0
15m,1768008600.0,2.0928,2.0969,2.0914,2.0967,57110.0,0.0,0.0,0
15m,1768009500.0,2.0967,2.0974,2.094,2.0957,96081.53,0.0,0.0,0
15m,1768010400.0,2.0957,2.098,2.095,2.0968,59931.59,0.0,0.0,0
15m,1768011300.0,2.0968,2.1019,2.0945,2.1019,121575.6,0.0,0.0,0
15m,1768012200.0,2.1019,2.1019,2.0901,2.0924,103076.89,0.0,0.0,0
15m,1768013100.0,2.0924,2.0948,2.0916,2.0948,47987.82,0.0,0.0,0
15m,1768014000.0,2.0948,2.0948,2.0876,2.0904,130295.0,0.0,0.0,0
15m,1768014900.0,2.0904,2.0983,2.0901,2.0971,72677.83,0.0,0.0,0
15m,1768015800.0,2.0971,2.0976,2.0893,2.0899,123184.61,0.0,0.0,0
15m,1768016700.0,2.0899,2.093,2.0894,2.0912,138604.81,0.0,0.0,0
15m,1768017600.0,2.0912,2.0919,2.0827,2.0828,201359.62,0.0,0.0,0
15m,1768018500.0,2.0828,2.086,2.0827,2.0854,156001.75,0.0,0.0,0
15m,1768019400.0,2.0854,2.0879,2.0825,2.0875,117720.54,0.0,0.0,0
15m,1768020300.0,2.0875,2.0895,2.0833,2.0837,66882.97,0.0,0.0,0
15m,1768021200.0,2.0837,2.0874,2.0806,2.0868,131639.08,0.0,0.0,0
15m,1768022100.0,2.0868,2.089,2.0863,2.0872,77363.72,0.0,0.0,0
15m,1768023000.0,2.0872,2.0927,2.0861,2.0914,67569.47,0.0,0.0,0
15m,1768023900.0,2.0914,2.0926,2.0897,2.0899,57808.38,0.0,0.0,0
15m,1768024800.0,2.0899,2.092,2.0899,2.0919,105838.02,0.0,0.0,0
15m,1768025700.0,2.0919,2.0919,2.0855,2.09,141358.49,0.0,0.0,0
15m,1768026600.0,2.09,2.0923,2.0885,2.0923,108507.78,0.0,0.0,0
15m,1768027500.0,2.0923,2.0946,2.0922,2.0926,103859.75,0.0,0.0,0
15m,1768028400.0,2.0926,2.0995,2.0922,2.0992,178719.09,0.0,0.0,0
15m,1768029300.0,2.0992,2.1008,2.0963,2.0973,100600.41,0.0,0.0,0
15m,1768030200.0,2.0973,2.0999,2.095,2.0963,120074.72,0.0,0.0,0
15m,1768031100.0,2.0963,2.101,2.0959,2.1004,128177.85,0.0,0.0,0
15m,1768032000.0,2.1004,2.1026,2.0992,2.1014,109291.94,0.0,0.0,0
15m,1768032900.0,2.1014,2.1015,2.0978,2.0995,137613.76,0.0,0.0,0
15m,1768033800.0,2.0995,2.0995,2.093,2.0939,111160.25,0.0,0.0,0
15m,1768034700.0,2.0939,2.0945,2.0903,2.0939,45792.97,0.0,0.0,0
15m,1768035600.0,2.0939,2.0948,2.0916,2.0925,75277.76,0.0,0.0,0
15m,1768036500.0,2.0925,2.0954,2.0924,2.0949,56410.42,0.0,0.0,0
15m,1768037400.0,2.0949,2.0977,2.0917,2.0957,60770.28,0.0,0.0,0
15m,1768038300.0,2.0957,2.0989,2.0947,2.0974,69010.05,0.0,0.0,0
15m,1768039200.0,2.0974,2.0976,2.0956,2.0972,56342.96,0.0,0.0,0
15m,1768040100.0,2.0972,2.0987,2.0959,2.0986,50198.84,0.0,0.0,0
15m,1768041000.0,2.0986,2.1018,2.0971,2.1008,94691.85,0.0,0.0,0
15m,1768041900.0,2.1008,2.1054,2.1003,2.1051,117515.97,0.0,0.0,0
15m,1768042800.0,2.1051,2.1053,2.0997,2.1015,67413.4,0.0,0.0,0
15m,1768043700.0,2.1015,2.1042,2.1015,2.1032,42766.45,0.0,0.0,0
15m,1768044600.0,2.1032,2.1045,2.1006,2.1023,92968.98,0.0,0.0,0
15m,1768045500.0,2.1023,2.1029,2.0992,2.1029,121584.52,0.0,0.0,0
15m,1768046400.0,2.1029,2.1106,2.1016,2.1084,146093.6,0.0,0.0,0
15m,1768047300.0,2.1084,2.1102,2.1063,2.1076,131242.47,0.0,0.0,0
15m,1768048200.0,2.1076,2.1076,2.1011,2.1015,134372.08,0.0,0.0,0
15m,1768049100.0,2.1015,2.1033,2.1003,2.1013,82015.12,0.0,0.0,0
15m,1768050000.0,2.1013,2.1014,2.0962,2.097,106016.78,0.0,0.0,0
15m,1768050900.0,2.097,2.0988,2.0943,2.0947,173654.71,0.0,0.0,0
15m,1768051800.0,2.0947,2.0982,2.0945,2.0971,82977.07,0.0,0.0,0
15m,1768052700.0,2.0971,2.0986,2.0909,2.0921,305800.38,0.0,0.0,0
15m,1768053600.0,2.0921,2.0932,2.0876,2.0894,227418.0,0.0,0.0,0
15m,1768054500.0,2.0894,2.0931,2.0885,2.0904,121773.76,0.0,0.0,0
15m,1768055400.0,2.0904,2.0909,2.0891,2.0894,63743.16,0.0,0.0,0
15m,1768056300.0,2.0894,2.092,2.0894,2.0909,60644.74,0.0,0.0,0
15m,1768057200.0,2.0909,2.0937,2.0897,2.0923,137283.62,0.0,0.0,0
15m,1768058100.0,2.0923,2.0953,2.0916,2.0921,149648.36,0.0,0.0,0
15m,1768059000.0,2.0921,2.0954,2.092,2.0948,63152.05,0.0,0.0,0
15m,1768059900.0,2.0948,2.0949,2.0923,2.0932,68783.97,0.0,0.0,0
15m,1768060800.0,2.0932,2.0972,2.0929,2.0939,83343.24,0.0,0.0,0
15m,1768061700.0,2.0939,2.0939,2.0898,2.0926,45038.92,0.0,0.0,0
15m,1768062600.0,2.0926,2.0963,2.0911,2.096,62983.87,0.0,0.0,0
15m,1768063500.0,2.096,2.0967,2.0939,2.0946,35228.47,0.0,0.0,0
15m,1768064400.0,2.0946,2.0979,2.0941,2.0957,93114.36,0.0,0.0,0
15m,1768065300.0,2.0957,2.0976,2.0949,2.0971,35290.07,0.0,0.0,0
15m,1768066200.0,2.0971,2.0971,2.0947,2.0954,45791.49,0.0,0.0,0
15m,1768067100.0,2.0954,2.0961,2.0885,2.091,149463.76,0.0,0.0,0
15m,1768068000.0,2.091,2.0931,2.0882,2.092,100269.3,0.0,0.0,0
15m,1768068900.0,2.092,2.0971,2.0906,2.0969,45762.96,0.0,0.0,0
15m,1768069800.0,2.0969,2.1012,2.0969,2.099,88049.04,0.0,0.0,0
15m,1768070700.0,2.099,2.0995,2.0971,2.0971,34055.83,0.0,0.0,0
15m,1768071600.0,2.0971,2.0983,2.0953,2.096,64682.85,0.0,0.0,0
15m,1768072500.0,2.096,2.0988,2.0956,2.0978,18793.7,0.0,0.0,0
15m,1768073400.0,2.0978,2.0988,2.0953,2.0953,57483.57,0.0,0.0,0
15m,1768074300.0,2.0953,2.0954,2.0923,2.0948,59339.17,0.0,0.0,0
15m,1768075200.0,2.0948,2.0956,2.0934,2.095,52901.09,0.0,0.0,0
15m,1768076100.0,2.095,2.095,2.0931,2.0934,18752.36,0.0,0.0,0
15m,1768077000.0,2.0934,2.0944,2.0914,2.0922,78229.69,0.0,0.0,0
15m,1768077900.0,2.0922,2.0948,2.0918,2.0918,34612.59,0.0,0.0,0
15m,1768078800.0,2.0918,2.0918,2.0883,2.0898,86788.57,0.0,0.0,0
15m,1768079700.0,2.0898,2.0919,2.0883,2.0905,51439.89,0.0,0.0,0
15m,1768080600.0,2.0905,2.0915,2.0881,2.0896,126401.69,0.0,0.0,0
15m,1768081500.0,2.0896,2.0921,2.0896,2.0915,56365.36,0.0,0.0,0
15m,1768082400.0,2.0915,2.0962,2.0881,2.0924,152925.17,0.0,0.0,0
15m,1768083300.0,2.0924,2.0946,2.0919,2.0924,36959.35,0.0,0.0,0
15m,1768084200.0,2.0924,2.0953,2.0924,2.0948,38234.4,0.0,0.0,0
15m,1768085100.0,2.0948,2.0948,2.0838,2.0861,164490.84,0.0,0.0,0
15m,1768086000.0,2.0861,2.0921,2.0859,2.089,120578.82,0.0,0.0,0
15m,1768086900.0,2.089,2.0927,2.0889,2.0918,83476.5,0.0,0.0,0
15m,1768087800.0,2.0918,2.0924,2.088,2.0908,163173.45,0.0,0.0,0
15m,1768088700.0,2.0908,2.0925,2.0895,2.0907,42265.15,0.0,0.0,0
15m,1768089600.0,2.0907,2.0915,2.0884,2.0913,147877.84,0.0,0.0,0
15m,1768090500.0,2.0913,2.0954,2.0894,2.0897,121593.93,0.0,0.0,0
15m,1768091400.0,2.0897,2.09,2.0872,2.0878,79318.86,0.0,0.0,0
15m,1768092300.0,2.0878,2.0918,2.0875,2.0904,106921.72,0.0,0.0,0
15m,1768093200.0,2.0904,2.0919,2.0868,2.0882,43126.35,0.0,0.0,0
15m,1768094100.0,2.0882,2.0905,2.0873,2.0904,98313.81,0.0,0.0,0
15m,1768095000.0,2.0904,2.0921,2.0877,2.092,43798.14,0.0,0.0,0
15m,1768095900.0,2.092,2.0936,2.0911,2.093,96864.16,0.0,0.0,0
15m,1768096800.0,2.093,2.0936,2.0894,2.0933,64545.02,0.0,0.0,0
15m,1768097700.0,2.0933,2.0943,2.0918,2.0924,51137.38,0.0,0.0,0
15m,1768098600.0,2.0924,2.095,2.0913,2.0949,47583.54,0.0,0.0,0
15m,1768099500.0,2.0949,2.0963,2.0929,2.0929,125934.67,0.0,0.0,0
15m,1768100400.0,2.0929,2.0946,2.0922,2.0931,81893.63,0.0,0.0,0
15m,1768101300.0,2.0931,2.0956,2.0924,2.0926,93037.51,0.0,0.0,0
15m,1768102200.0,2.0926,2.0951,2.0926,2.095,85531.88,0.0,0.0,0
15m,1768103100.0,2.095,2.0956,2.0927,2.0955,110360.3,0.0,0.0,0
15m,1768104000.0,2.0955,2.0955,2.093,2.095,92870.16,0.0,0.0,0
15m,1768104900.0,2.095,2.0954,2.0902,2.0902,69518.94,0.0,0.0,0
15m,1768105800.0,2.0902,2.0937,2.0897,2.0898,88690.47,0.0,0.0,0
15m,1768106700.0,2.0898,2.0934,2.0898,2.0931,46408.72,0.0,0.0,0
15m,1768107600.0,2.0931,2.0938,2.0913,2.0921,59020.09,0.0,0.0,0
15m,1768108500.0,2.0921,2.0921,2.0898,2.0905,42070.5,0.0,0.0,0
15m,1768109400.0,2.0905,2.0939,2.0905,2.0934,100203.33,0.0,0.0,0
15m,1768110300.0,2.0934,2.0962,2.0929,2.096,151913.13,0.0,0.0,0
15m,1768111200.0,2.096,2.0961,2.0936,2.0951,152533.36,0.0,0.0,0
15m,1768112100.0,2.0951,2.0954,2.0872,2.0884,168688.37,0.0,0.0,0
15m,1768113000.0,2.0884,2.0906,2.0865,2.0905,98568.09,0.0,0.0,0
15m,1768113900.0,2.0905,2.0957,2.0893,2.0953,101325.65,0.0,0.0,0
15m,1768114800.0,2.0953,2.0992,2.0943,2.0945,118776.61,0.0,0.0,0
15m,1768115700.0,2.0945,2.0956,2.0916,2.0921,51478.77,0.0,0.0,0
15m,1768116600.0,2.0921,2.0936,2.0906,2.0926,72274.36,0.0,0.0,0
15m,1768117500.0,2.0926,2.0941,2.0914,2.0931,26350.94,0.0,0.0,0
15m,1768118400.0,2.0931,2.0931,2.0884,2.0889,67261.46,0.0,0.0,0
15m,1768119300.0,2.0889,2.0924,2.0889,2.0923,83160.56,0.0,0.0,0
15m,1768120200.0,2.0923,2.0955,2.0917,2.0943,104365.7,0.0,0.0,0
15m,1768121100.0,2.0943,2.0986,2.0936,2.0967,103849.89,0.0,0.0,0
15m,1768122000.0,2.0967,2.0973,2.0949,2.0962,81469.97,0.0,0.0,0
15m,1768122900.0,2.0962,2.0975,2.0951,2.0951,58638.03,0.0,0.0,0
15m,1768123800.0,2.0951,2.0956,2.0909,2.0918,34781.14,0.0,0.0,0
15m,1768124700.0,2.0918,2.094,2.0914,2.0922,66239.77,0.0,0.0,0
15m,1768125600.0,2.0922,2.0955,2.0903,2.095,66385.13,0.0,0.0,0
15m,1768126500.0,2.095,2.0951,2.0915,2.0929,39480.17,0.0,0.0,0
15m,1768127400.0,2.0929,2.0943,2.091,2.0925,53706.62,0.0,0.0,0
15m,1768128300.0,2.0925,2.0934,2.0917,2.0933,42967.24,0.0,0.0,0
15m,1768129200.0,2.0933,2.0939,2.0917,2.0929,61753.8,0.0,0.0,0
15m,1768130100.0,2.0929,2.0949,2.092,2.0944,43079.54,0.0,0.0,0
15m,1768131000.0,2.0944,2.0962,2.0944,2.0954,38746.0,0.0,0.0,0
15m,1768131900.0,2.0954,2.0964,2.094,2.0964,47936.2,0.0,0.0,0
15m,1768132800.0,2.0964,2.0994,2.096,2.0984,74106.04,0.0,0.0,0
15m,1768133700.0,2.0984,2.103,2.0977,2.1028,168924.82,0.0,0.0,0
15m,1768134600.0,2.1028,2.1032,2.0997,2.1018,101681.27,0.0,0.0,0
15m,1768135500.0,2.1018,2.1063,2.1017,2.1042,170962.16,0.0,0.0,0
15m,1768136400.0,2.1042,2.1054,2.1021,2.1032,93271.41,0.0,0.0,0
15m,1768137300.0,2.1032,2.1041,2.0986,2.1006,83070.98,0.0,0.0,0
15m,1768138200.0,2.1006,2.1006,2.0944,2.0947,68619.58,0.0,0.0,0
15m,1768139100.0,2.0947,2.0988,2.0947,2.0978,136278.61,0.0,0.0,0
15m,1768140000.0,2.0978,2.1013,2.0974,2.1007,123398.22,0.0,0.0,0
15m,1768140900.0,2.1007,2.1033,2.1001,2.1029,129593.4,0.0,0.0,0
15m,1768141800.0,2.1029,2.1055,2.1004,2.1028,168752.66,0.0,0.0,0
15m,1768142700.0,2.1028,2.1099,2.0998,2.1081,175578.87,0.0,0.0,0
15m,1768143600.0,2.1081,2.1098,2.0984,2.0994,229484.14,0.0,0.0,0
15m,1768144500.0,2.0994,2.1022,2.0983,2.101,134674.49,0.0,0.0,0
15m,1768145400.0,2.101,2.1022,2.0909,2.0917,222271.16,0.0,0.0,0
15m,1768146300.0,2.0917,2.0923,2.0847,2.0896,361457.14,0.0,0.0,0
15m,1768147200.0,2.0896,2.0927,2.088,2.0884,132305.95,0.0,0.0,0
15m,1768148100.0,2.0884,2.0968,2.087,2.0939,209541.13,0.0,0.0,0
15m,1768149000.0,2.0939,2.1036,2.0936,2.1005,447334.71,0.0,0.0,0
15m,1768149900.0,2.1005,2.1019,2.0931,2.0947,115269.68,0.0,0.0,0
15m,1768150800.0,2.0947,2.0984,2.0937,2.0964,92177.81,0.0,0.0,0
15m,1768151700.0,2.0964,2.0964,2.0914,2.0928,84520.86,0.0,0.0,0
15m,1768152600.0,2.0928,2.0941,2.086,2.091,196117.83,0.0,0.0,0
15m,1768153500.0,2.091,2.0948,2.0899,2.0943,73138.6,0.0,0.0,0
15m,1768154400.0,2.0943,2.0946,2.0891,2.0907,47475.21,0.0,0.0,0
15m,1768155300.0,2.0907,2.0934,2.0895,2.0928,47219.07,0.0,0.0,0
15m,1768156200.0,2.0928,2.0933,2.0882,2.0913,95918.86,0.0,0.0,0
15m,1768157100.0,2.0913,2.0962,2.0913,2.0936,82327.64,0.0,0.0,0
15m,1768158000.0,2.0936,2.097,2.0926,2.0967,44939.45,0.0,0.0,0
15m,1768158900.0,2.0967,2.0972,2.0912,2.0921,63008.55,0.0,0.0,0
15m,1768159800.0,2.0921,2.0926,2.0887,2.089,61853.42,0.0,0.0,0
15m,1768160700.0,2.089,2.0891,2.0855,2.0871,103006.07,0.0,0.0,0
15m,1768161600.0,2.0871,2.0871,2.0585,2.064,1519323.83,0.0,0.0,0
15m,1768162500.0,2.064,2.0643,2.0457,2.0566,758159.39,0.0,0.0,0
15m,1768163400.0,2.0566,2.0654,2.0561,2.0615,472793.97,0.0,0.0,0
15m,1768164300.0,2.0615,2.0662,2.0609,2.0653,155790.37,0.0,0.0,0
15m,1768165200.0,2.0653,2.0656,2.055,2.0602,277928.09,0.0,0.0,0
15m,1768166100.0,2.0602,2.0637,2.0594,2.0619,178619.57,0.0,0.0,0
15m,1768167000.0,2.0619,2.0671,2.0609,2.0663,141993.19,0.0,0.0,0
15m,1768167900.0,2.0663,2.0753,2.0663,2.0743,224923.95,0.0,0.0,0
15m,1768168800.0,2.0743,2.0743,2.0569,2.0598,388722.69,0.0,0.0,0
15m,1768169700.0,2.0598,2.0677,2.0567,2.0649,222498.22,0.0,0.0,0
15m,1768170600.0,2.0649,2.0678,2.0593,2.0669,184419.56,0.0,0.0,0
15m,1768171500.0,2.0669,2.0702,2.0611,2.0618,129907.26,0.0,0.0,0
15m,1768172400.0,2.0618,2.0643,2.0473,2.0643,744642.55,0.0,0.0,0
15m,1768173300.0,2.0643,2.0784,2.0637,2.068,531022.37,0.0,0.0,0
15m,1768174200.0,2.068,2.0722,2.0635,2.0711,329292.39,0.0,0.0,0
15m,1768175100.0,2.0711,2.0748,2.0695,2.0742,494186.68,0.0,0.0,0
15m,1768176000.0,2.0742,2.0742,2.0615,2.0656,439593.56,0.0,0.0,0
15m,1768176900.0,2.0656,2.067,2.0509,2.0574,3881501.98,0.0,0.0,0
15m,1768177800.0,2.0574,2.0602,2.0378,2.0395,1182821.71,0.0,0.0,0
15m,1768178700.0,2.0395,2.0555,2.0365,2.0555,913017.64,0.0,0.0,0
15m,1768179600.0,2.0555,2.0783,2.0538,2.0684,1554135.95,0.0,0.0,0
15m,1768180500.0,2.0684,2.0745,2.0636,2.074,446388.38,0.0,0.0,0
15m,1768181400.0,2.074,2.0755,2.0562,2.0612,535928.02,0.0,0.0,0
15m,1768182300.0,2.0612,2.0714,2.0604,2.0641,296076.98,0.0,0.0,0
15m,1768183200.0,2.0641,2.0829,2.0617,2.0817,369930.34,0.0,0.0,0
15m,1768184100.0,2.0817,2.0887,2.0759,2.0834,578563.98,0.0,0.0,0
15m,1768185000.0,2.0834,2.0924,2.0811,2.0909,571391.66,0.0,0.0,0
15m,1768185900.0,2.0909,2.1068,2.09,2.0999,882508.62,0.0,0.0,0
15m,1768186800.0,2.0999,2.1049,2.096,2.1029,452747.99,0.0,0.0,0
15m,1768187700.0,2.1029,2.106,2.1001,2.102,258817.12,0.0,0.0,0
15m,1768188600.0,2.102,2.103,2.0886,2.0905,464618.84,0.0,0.0,0
15m,1768189500.0,2.0905,2.0927,2.0799,2.0826,663313.71,0.0,0.0,0
15m,1768190400.0,2.0826,2.0919,2.0814,2.0914,281473.86,0.0,0.0,0
15m,1768191300.0,2.0914,2.0934,2.0883,2.0906,200280.24,0.0,0.0,0
15m,1768192200.0,2.0906,2.0944,2.0891,2.093,237776.45,0.0,0.0,0
15m,1768193100.0,2.093,2.0951,2.0892,2.091,203217.33,0.0,0.0,0
15m,1768194000.0,2.091,2.0917,2.0854,2.0878,329169.05,0.0,0.0,0
15m,1768194900.0,2.0878,2.0914,2.0856,2.091,119608.87,0.0,0.0,0
15m,1768195800.0,2.091,2.0918,2.0828,2.0833,247825.5,0.0,0.0,0
15m,1768196700.0,2.0833,2.0844,2.0823,2.0833,132127.7,0.0,0.0,0
15m,1768197600.0,2.0833,2.086,2.078,2.0846,272237.75,0.0,0.0,0
15m,1768198500.0,2.0846,2.0856,2.0786,2.0795,151345.03,0.0,0.0,0
15m,1768199400.0,2.0795,2.0795,2.07,2.0748,293633.89,0.0,0.0,0
15m,1768200300.0,2.0748,2.0748,2.0686,2.0707,317333.73,0.0,0.0,0
15m,1768201200.0,2.0707,2.0771,2.0674,2.0684,351266.54,0.0,0.0,0
15m,1768202100.0,2.0684,2.0707,2.0601,2.064,418997.51,0.0,0.0,0
15m,1768203000.0,2.064,2.0644,2.0525,2.0548,642905.58,0.0,0.0,0
15m,1768203900.0,2.0548,2.0582,2.0522,2.0537,487976.87,0.0,0.0,0
15m,1768204800.0,2.0537,2.0605,2.052,2.057,610875.56,0.0,0.0,0
15m,1768205700.0,2.057,2.0599,2.0523,2.0549,261041.73,0.0,0.0,0
15m,1768206600.0,2.0549,2.055,2.0349,2.041,1242234.36,0.0,0.0,0
15m,1768207500.0,2.041,2.0519,2.035,2.0503,543054.09,0.0,0.0,0
15m,1768208400.0,2.0503,2.0521,2.0467,2.0503,271012.38,0.0,0.0,0
15m,1768209300.0,2.0503,2.054,2.0458,2.0461,244249.33,0.0,0.0,0
15m,1768210200.0,2.0461,2.049,2.0445,2.0476,263893.03,0.0,0.0,0
15m,1768211100.0,2.0476,2.0506,2.0427,2.0444,196787.37,0.0,0.0,0
15m,1768212000.0,2.0444,2.0489,2.0397,2.043,264704.9,0.0,0.0,0
15m,1768212900.0,2.043,2.0444,2.0388,2.0397,196060.44,0.0,0.0,0
15m,1768213800.0,2.0397,2.0431,2.0388,2.0401,235813.17,0.0,0.0,0
15m,1768214700.0,2.0401,2.0409,2.0349,2.0364,701129.83,0.0,0.0,0
15m,1768215600.0,2.0364,2.0425,2.0351,2.0411,322975.29,0.0,0.0,0
15m,1768216500.0,2.0411,2.0467,2.0392,2.043,430661.59,0.0,0.0,0
15m,1768217400.0,2.043,2.0474,2.0415,2.0439,245004.01,0.0,0.0,0
15m,1768218300.0,2.0439,2.0491,2.0437,2.0484,168371.11,0.0,0.0,0
15m,1768219200.0,2.0484,2.052,2.0473,2.0494,423348.69,0.0,0.0,0
15m,1768220100.0,2.0494,2.0549,2.0492,2.0523,483603.55,0.0,0.0,0
15m,1768221000.0,2.0523,2.0523,2.0473,2.0483,339059.86,0.0,0.0,0
15m,1768221900.0,2.0483,2.0525,2.0474,2.0498,174582.47,0.0,0.0,0
15m,1768222800.0,2.0498,2.0531,2.0435,2.0452,228063.5,0.0,0.0,0
15m,1768223700.0,2.0452,2.0517,2.0452,2.0501,163839.47,0.0,0.0,0
15m,1768224600.0,2.0501,2.0603,2.0482,2.0505,253285.69,0.0,0.0,0
15m,1768225500.0,2.0505,2.0542,2.0465,2.052,186305.71,0.0,0.0,0
15m,1768226400.0,2.052,2.0547,2.0491,2.054,252830.29,0.0,0.0,0
15m,1768227300.0,2.054,2.0574,2.0403,2.057,836611.64,0.0,0.0,0
15m,1768228200.0,2.057,2.0737,2.0545,2.0733,1268857.96,0.0,0.0,0
15m,1768229100.0,2.0733,2.0767,2.0648,2.0729,601037.57,0.0,0.0,0
15m,1768230000.0,2.0729,2.0777,2.0688,2.0777,374401.29,0.0,0.0,0
15m,1768230900.0,2.0777,2.0923,2.0749,2.0862,739456.91,0.0,0.0,0
15m,1768231800.0,2.0862,2.0925,2.0822,2.0879,709123.36,0.0,0.0,0
15m,1768232700.0,2.0879,2.0943,2.0823,2.0938,731167.59,0.0,0.0,0
15m,1768233600.0,2.0938,2.099,2.0924,2.0949,730641.62,0.0,0.0,0
15m,1768234500.0,2.0949,2.1078,2.0863,2.1064,905739.07,0.0,0.0,0
15m,1768235400.0,2.1064,2.1088,2.0914,2.0956,784235.76,0.0,0.0,0
15m,1768236300.0,2.0956,2.0974,2.0901,2.0942,273717.42,0.0,0.0,0
15m,1768237200.0,2.0942,2.0993,2.0844,2.0881,404498.66,0.0,0.0,0
15m,1768238100.0,2.0881,2.0884,2.0725,2.0765,471681.74,0.0,0.0,0
15m,1768239000.0,2.0765,2.0765,2.0536,2.0673,918544.8,0.0,0.0,0
15m,1768239900.0,2.0673,2.0707,2.0653,2.0677,208273.7,0.0,0.0,0
15m,1768240800.0,2.0677,2.0764,2.0663,2.0713,254523.55,0.0,0.0,0
15m,1768241700.0,2.0713,2.0777,2.0713,2.0773,169498.75,0.0,0.0,0
15m,1768242600.0,2.0773,2.0773,2.0602,2.0652,210037.63,0.0,0.0,0
15m,1768243500.0,2.0652,2.0688,2.0645,2.067,242696.12,0.0,0.0,0
15m,1768244400.0,2.067,2.0684,2.0584,2.0636,354462.67,0.0,0.0,0
15m,1768245300.0,2.0636,2.0696,2.0636,2.0669,106712.72,0.0,0.0,0
15m,1768246200.0,2.0669,2.0693,2.0639,2.064,102028.25,0.0,0.0,0
15m,1768247100.0,2.064,2.0723,2.0618,2.0699,99363.06,0.0,0.0,0
15m,1768248000.0,2.0699,2.0757,2.0674,2.0719,245542.99,0.0,0.0,0
15m,1768248900.0,2.0719,2.0719,2.0661,2.0707,196845.26,0.0,0.0,0
15m,1768249800.0,2.0707,2.0707,2.0642,2.066,241982.23,0.0,0.0,0
15m,1768250700.0,2.066,2.0672,2.0632,2.0643,364268.01,0.0,0.0,0
15m,1768251600.0,2.0643,2.0651,2.0541,2.0574,283709.24,0.0,0.0,0
15m,1768252500.0,2.0574,2.059,2.0517,2.0532,310348.59,0.0,0.0,0
15m,1768253400.0,2.0532,2.054,2.0459,2.047,283268.85,0.0,0.0,0
15m,1768254300.0,2.047,2.0495,2.04,2.049,554863.31,0.0,0.0,0
15m,1768255200.0,2.049,2.0595,2.049,2.0571,303021.15,0.0,0.0,0
15m,1768256100.0,2.0571,2.0575,2.0531,2.0557,155437.91,0.0,0.0,0
15m,1768257000.0,2.0557,2.0574,2.0522,2.0555,150985.53,0.0,0.0,0
15m,1768257900.0,2.0555,2.0555,2.0526,2.0543,74337.29,0.0,0.0,0
15m,1768258800.0,2.0543,2.0545,2.0457,2.0487,190192.56,0.0,0.0,0
15m,1768259700.0,2.0487,2.0581,2.0485,2.0554,158911.97,0.0,0.0,0
15m,1768260600.0,2.0554,2.057,2.0521,2.0542,167103.04,0.0,0.0,0
15m,1768261500.0,2.0542,2.0556,2.0528,2.054,69653.07,0.0,0.0,0
15m,1768262400.0,2.054,2.0582,2.0521,2.0528,180414.61,0.0,0.0,0
15m,1768263300.0,2.0528,2.0608,2.0518,2.0568,150824.09,0.0,0.0,0
15m,1768264200.0,2.0568,2.0598,2.0515,2.0539,245576.16,0.0,0.0,0
15m,1768265100.0,2.0539,2.0602,2.0539,2.0592,121599.34,0.0,0.0,0
15m,1768266000.0,2.0592,2.0643,2.0578,2.0621,171731.31,0.0,0.0,0
15m,1768266900.0,2.0621,2.063,2.0556,2.057,85253.9,0.0,0.0,0
15m,1768267800.0,2.057,2.057,2.0489,2.0493,140388.9,0.0,0.0,0
15m,1768268700.0,2.0493,2.0546,2.0493,2.0539,193228.52,0.0,0.0,0
15m,1768269600.0,2.0539,2.0602,2.0537,2.0572,99730.41,0.0,0.0,0
15m,1768270500.0,2.0572,2.0606,2.0571,2.059,91657.74,0.0,0.0,0
15m,1768271400.0,2.059,2.06,2.0507,2.0509,116608.91,0.0,0.0,0
15m,1768272300.0,2.0509,2.0553,2.0507,2.052,160426.61,0.0,0.0,0
15m,1768273200.0,2.052,2.0547,2.0483,2.0528,142106.41,0.0,0.0,0
15m,1768274100.0,2.0528,2.0588,2.0528,2.0553,229966.5,0.0,0.0,0
15m,1768275000.0,2.0553,2.0563,2.0497,2.0515,102741.04,0.0,0.0,0
15m,1768275900.0,2.0515,2.0515,2.0478,2.05,161260.23,0.0,0.0,0
15m,1768276800.0,2.05,2.0532,2.0495,2.0525,98293.39,0.0,0.0,0
15m,1768277700.0,2.0525,2.0592,2.0512,2.0528,150234.49,0.0,0.0,0
15m,1768278600.0,2.0528,2.0544,2.05,2.0542,95898.49,0.0,0.0,0
15m,1768279500.0,2.0542,2.0582,2.0513,2.0582,138633.9,0.0,0.0,0
15m,1768280400.0,2.0582,2.0637,2.0575,2.0636,418588.58,0.0,0.0,0
15m,1768281300.0,2.0636,2.0805,2.0632,2.0736,833036.32,0.0,0.0,0
15m,1768282200.0,2.0736,2.0746,2.0655,2.0667,293937.37,0.0,0.0,0
15m,1768283100.0,2.0667,2.0698,2.0635,2.0641,267070.84,0.0,0.0,0
15m,1768284000.0,2.0641,2.0676,2.0604,2.0618,295856.95,0.0,0.0,0
15m,1768284900.0,2.0618,2.0632,2.0587,2.0588,160147.25,0.0,0.0,0
15m,1768285800.0,2.0588,2.0644,2.0578,2.058,120426.01,0.0,0.0,0
15m,1768286700.0,2.058,2.0662,2.0579,2.0634,222547.85,0.0,0.0,0
15m,1768287600.0,2.0634,2.0634,2.0583,2.0596,87687.46,0.0,0.0,0
15m,1768288500.0,2.0596,2.0596,2.0561,2.0569,117391.58,0.0,0.0,0
15m,1768289400.0,2.0569,2.0598,2.0566,2.0582,155441.45,0.0,0.0,0
15m,1768290300.0,2.0582,2.0586,2.0526,2.0536,331807.44,0.0,0.0,0
15m,1768291200.0,2.0536,2.0641,2.0534,2.0598,249867.55,0.0,0.0,0
15m,1768292100.0,2.0598,2.0603,2.0573,2.058,190152.07,0.0,0.0,0
15m,1768293000.0,2.058,2.0637,2.0568,2.0637,199227.59,0.0,0.0,0
15m,1768293900.0,2.0637,2.0694,2.0631,2.0659,217352.31,0.0,0.0,0
15m,1768294800.0,2.0659,2.0698,2.0643,2.068,235269.79,0.0,0.0,0
15m,1768295700.0,2.068,2.0746,2.0651,2.0724,414660.23,0.0,0.0,0
15m,1768296600.0,2.0724,2.0742,2.0597,2.0641,404671.7,0.0,0.0,0
15m,1768297500.0,2.0641,2.068,2.0627,2.0655,177589.64,0.0,0.0,0
15m,1768298400.0,2.0655,2.0699,2.0636,2.0661,160777.88,0.0,0.0,0
15m,1768299300.0,2.0661,2.067,2.0644,2.0657,189806.08,0.0,0.0,0
15m,1768300200.0,2.0657,2.0663,2.0587,2.0592,207039.29,0.0,0.0,0
15m,1768301100.0,2.0592,2.0615,2.0583,2.0608,156418.7,0.0,0.0,0
15m,1768302000.0,2.0608,2.0625,2.0578,2.0602,112248.33,0.0,0.0,0
15m,1768302900.0,2.0602,2.0638,2.0598,2.0626,184278.95,0.0,0.0,0
15m,1768303800.0,2.0626,2.0636,2.0609,2.061,154620.86,0.0,0.0,0
15m,1768304700.0,2.061,2.0637,2.0595,2.0608,189599.87,0.0,0.0,0
15m,1768305600.0,2.0608,2.0614,2.0564,2.0571,252891.09,0.0,0.0,0
15m,1768306500.0,2.0571,2.0622,2.0568,2.0613,184974.49,0.0,0.0,0
15m,1768307400.0,2.0613,2.0637,2.0613,2.0627,119626.24,0.0,0.0,0
15m,1768308300.0,2.0627,2.0645,2.0618,2.0639,187274.95,0.0,0.0,0
15m,1768309200.0,2.0639,2.0644,2.0598,2.0613,214087.7,0.0,0.0,0
15m,1768310100.0,2.0613,2.0652,2.06,2.0647,140923.71,0.0,0.0,0
15m,1768311000.0,2.0647,2.0792,2.0647,2.0714,1982406.17,0.0,0.0,0
15m,1768311900.0,2.0714,2.0739,2.0658,2.0689,464501.33,0.0,0.0,0
15m,1768312800.0,2.0689,2.0715,2.0611,2.0715,346313.5,0.0,0.0,0
15m,1768313700.0,2.0715,2.0858,2.071,2.0855,692217.09,0.0,0.0,0
15m,1768314600.0,2.0855,2.0976,2.0822,2.0913,1048031.21,0.0,0.0,0
15m,1768315500.0,2.0913,2.0925,2.0768,2.0781,649223.99,0.0,0.0,0
15m,1768316400.0,2.0781,2.0824,2.0694,2.0776,464017.77,0.0,0.0,0
15m,1768317300.0,2.0776,2.0777,2.0665,2.0733,464846.95,0.0,0.0,0
15m,1768318200.0,2.0733,2.0918,2.073,2.0862,481576.63,0.0,0.0,0
15m,1768319100.0,2.0862,2.1015,2.08,2.0984,595200.47,0.0,0.0,0
15m,1768320000.0,2.0984,2.1083,2.0944,2.0944,1321319.38,0.0,0.0,0
15m,1768320900.0,2.0944,2.0999,2.0885,2.0963,668043.24,0.0,0.0,0
15m,1768321800.0,2.0963,2.1129,2.0938,2.1067,819395.02,0.0,0.0,0
15m,1768322700.0,2.1067,2.1147,2.1036,2.105,648593.92,0.0,0.0,0
15m,1768323600.0,2.105,2.1086,2.0914,2.0941,476532.84,0.0,0.0,0
15m,1768324500.0,2.0941,2.0968,2.0847,2.0954,558485.73,0.0,0.0,0
15m,1768325400.0,2.0954,2.0987,2.0891,2.0941,380826.46,0.0,0.0,0
15m,1768326300.0,2.0941,2.0965,2.0897,2.0921,233994.6,0.0,0.0,0
15m,1768327200.0,2.0921,2.1033,2.0888,2.1025,311447.71,0.0,0.0,0
15m,1768328100.0,2.1025,2.1108,2.1018,2.1054,222179.97,0.0,0.0,0
15m,1768329000.0,2.1054,2.111,2.1033,2.1076,246411.28,0.0,0.0,0
15m,1768329900.0,2.1076,2.1133,2.1036,2.1066,234306.32,0.0,0.0,0
15m,1768330800.0,2.1066,2.1109,2.1036,2.1082,299755.71,0.0,0.0,0
15m,1768331700.0,2.1082,2.1133,2.1062,2.1124,238346.75,0.0,0.0,0
15m,1768332600.0,2.1124,2.1231,2.111,2.1213,598527.84,0.0,0.0,0
15m,1768333500.0,2.1213,2.14,2.1203,2.1399,1094226.13,0.0,0.0,0
15m,1768334400.0,2.1399,2.1469,2.1331,2.144,957063.49,0.0,0.0,0
15m,1768335300.0,2.144,2.1498,2.136,2.1407,975306.09,0.0,0.0,0
15m,1768336200.0,2.1407,2.1419,2.12,2.1269,935697.37,0.0,0.0,0
15m,1768337100.0,2.1269,2.1376,2.1248,2.133,496676.48,0.0,0.0,0
15m,1768338000.0,2.133,2.1422,2.13,2.13,508044.7,0.0,0.0,0
15m,1768338900.0,2.13,2.1368,2.129,2.1297,282282.58,0.0,0.0,0
15m,1768339800.0,2.1297,2.131,2.1229,2.1243,617540.75,0.0,0.0,0
15m,1768340700.0,2.1243,2.1283,2.1202,2.1205,445564.43,0.0,0.0,0
15m,1768341600.0,2.1205,2.1736,2.1205,2.1608,3114537.09,0.0,0.0,0
15m,1768342500.0,2.1608,2.1739,2.1559,2.1594,1084440.98,0.0,0.0,0
15m,1768343400.0,2.1594,2.1693,2.1503,2.169,1159260.34,0.0,0.0,0
15m,1768344300.0,2.169,2.1814,2.1681,2.1748,546388.67,0.0,0.0,0
15m,1768345200.0,2.1748,2.1847,2.1747,2.179,759228.73,0.0,0.0,0
15m,1768346100.0,2.179,2.1826,2.1621,2.1658,389365.38,0.0,0.0,0
15m,1768347000.0,2.1658,2.1695,2.1506,2.1584,491334.11,0.0,0.0,0
15m,1768347900.0,2.1584,2.1678,2.1516,2.1655,307854.86,0.0,0.0,0
15m,1768348800.0,2.1655,2.1696,2.1597,2.1621,328721.27,0.0,0.0,0
15m,1768349700.0,2.1621,2.1669,2.1584,2.1619,375441.16,0.0,0.0,0
15m,1768350600.0,2.1619,2.1782,2.1568,2.1736,1019320.98,0.0,0.0,0
15m,1768351500.0,2.1736,2.1781,2.163,2.1669,612960.99,0.0,0.0,0
15m,1768352400.0,2.1669,2.1737,2.1639,2.1727,571894.36,0.0,0.0,0
15m,1768353300.0,2.1727,2.1762,2.1675,2.1687,285127.85,0.0,0.0,0
15m,1768354200.0,2.1687,2.1731,2.1593,2.1668,408776.49,0.0,0.0,0
15m,1768355100.0,2.1668,2.177,2.1666,2.1748,785885.56,0.0,0.0,0
15m,1768356000.0,2.1748,2.1806,2.1735,2.1802,777873.65,0.0,0.0,0
15m,1768356900.0,2.1802,2.1921,2.1721,2.1762,955873.62,0.0,0.0,0
15m,1768357800.0,2.1762,2.1801,2.1723,2.1761,357682.74,0.0,0.0,0
15m,1768358700.0,2.1761,2.1786,2.1675,2.1715,441849.16,0.0,0.0,0
15m,1768359600.0,2.1715,2.1774,2.168,2.1744,217082.4,0.0,0.0,0
15m,1768360500.0,2.1744,2.1752,2.1659,2.1681,218411.79,0.0,0.0,0
15m,1768361400.0,2.1681,2.1809,2.1678,2.1782,363104.92,0.0,0.0,0
15m,1768362300.0,2.1782,2.1855,2.1765,2.1839,512657.26,0.0,0.0,0
15m,1768363200.0,2.1839,2.1864,2.1709,2.1737,399922.47,0.0,0.0,0
15m,1768364100.0,2.1737,2.1779,2.1706,2.1746,365661.55,0.0,0.0,0
15m,1768365000.0,2.1746,2.1746,2.1659,2.1672,290750.03,0.0,0.0,0
15m,1768365900.0,2.1672,2.1696,2.1627,2.163,355236.44,0.0,0.0,0
15m,1768366800.0,2.163,2.163,2.1559,2.1597,388365.3,0.0,0.0,0
15m,1768367700.0,2.1597,2.1639,2.1522,2.1565,555077.26,0.0,0.0,0
15m,1768368600.0,2.1565,2.1622,2.1532,2.1538,244449.23,0.0,0.0,0
15m,1768369500.0,2.1538,2.1583,2.1515,2.1527,775274.83,0.0,0.0,0
15m,1768370400.0,2.1527,2.1527,2.1383,2.1465,1290999.3,0.0,0.0,0
15m,1768371300.0,2.1465,2.1478,2.1385,2.1393,521979.84,0.0,0.0,0
15m,1768372200.0,2.1393,2.1447,2.1334,2.1447,517588.53,0.0,0.0,0
15m,1768373100.0,2.1447,2.1501,2.1443,2.149,170746.64,0.0,0.0,0
15m,1768374000.0,2.149,2.1562,2.1475,2.1514,246373.29,0.0,0.0,0
15m,1768374900.0,2.1514,2.1539,2.1446,2.1454,145503.62,0.0,0.0,0
15m,1768375800.0,2.1454,2.1479,2.1395,2.1437,310834.68,0.0,0.0,0
15m,1768376700.0,2.1437,2.1497,2.1436,2.1487,324985.79,0.0,0.0,0
15m,1768377600.0,2.1487,2.151,2.1458,2.1496,273783.54,0.0,0.0,0
15m,1768378500.0,2.1496,2.1528,2.1485,2.1487,170292.05,0.0,0.0,0
15m,1768379400.0,2.1487,2.1508,2.1449,2.1458,131547.62,0.0,0.0,0
15m,1768380300.0,2.1458,2.1469,2.1424,2.1426,159561.42,0.0,0.0,0
15m,1768381200.0,2.1426,2.1539,2.1415,2.153,219318.2,0.0,0.0,0
15m,1768382100.0,2.153,2.153,2.148,2.1483,185653.5,0.0,0.0,0
15m,1768383000.0,2.1483,2.1537,2.1475,2.1496,208292.62,0.0,0.0,0
15m,1768383900.0,2.1496,2.1517,2.1457,2.1472,116221.63,0.0,0.0,0
15m,1768384800.0,2.1472,2.1486,2.1463,2.1483,84922.0,0.0,0.0,0
15m,1768385700.0,2.1483,2.1493,2.133,2.136,483167.15,0.0,0.0,0
15m,1768386600.0,2.136,2.1409,2.1283,2.1392,432324.96,0.0,0.0,0
15m,1768387500.0,2.1392,2.1403,2.1354,2.1354,169494.24,0.0,0.0,0
15m,1768388400.0,2.1354,2.1354,2.1249,2.1276,302416.37,0.0,0.0,0
15m,1768389300.0,2.1276,2.1294,2.1221,2.1277,209096.95,0.0,0.0,0
15m,1768390200.0,2.1277,2.1286,2.1205,2.1224,270459.28,0.0,0.0,0
15m,1768391100.0,2.1224,2.1231,2.112,2.1154,380498.09,0.0,0.0,0
15m,1768392000.0,2.1154,2.1201,2.1114,2.1198,356511.08,0.0,0.0,0
15m,1768392900.0,2.1198,2.1241,2.1181,2.1222,259417.99,0.0,0.0,0
15m,1768393800.0,2.1222,2.1273,2.1206,2.1234,306798.78,0.0,0.0,0
15m,1768394700.0,2.1234,2.1259,2.1222,2.125,260110.77,0.0,0.0,0
15m,1768395600.0,2.125,2.125,2.1181,2.1208,333760.41,0.0,0.0,0
15m,1768396500.0,2.1208,2.1294,2.1199,2.1286,365698.91,0.0,0.0,0
15m,1768397400.0,2.1286,2.1319,2.1225,2.1234,351244.62,0.0,0.0,0
15m,1768398300.0,2.1234,2.125,2.1115,2.116,554630.08,0.0,0.0,0
15m,1768399200.0,2.116,2.1368,2.1149,2.1336,691939.2,0.0,0.0,0
15m,1768400100.0,2.1336,2.144,2.1319,2.1387,777175.58,0.0,0.0,0
15m,1768401000.0,2.1387,2.1491,2.1335,2.1457,867896.35,0.0,0.0,0
15m,1768401900.0,2.1457,2.1689,2.1442,2.1598,1455623.17,0.0,0.0,0
15m,1768402800.0,2.1598,2.171,2.1459,2.1681,1720904.1,0.0,0.0,0
15m,1768403700.0,2.1681,2.1741,2.1643,2.1673,1058356.71,0.0,0.0,0
15m,1768404600.0,2.1673,2.1673,2.1454,2.1471,895725.55,0.0,0.0,0
15m,1768405500.0,2.1471,2.1569,2.1425,2.1562,1064960.08,0.0,0.0,0
15m,1768406400.0,2.1562,2.172,2.1562,2.1706,1104736.18,0.0,0.0,0
15m,1768407300.0,2.1706,2.175,2.1625,2.1659,830850.28,0.0,0.0,0
15m,1768408200.0,2.1659,2.176,2.1573,2.1669,870952.18,0.0,0.0,0
15m,1768409100.0,2.1669,2.1731,2.1561,2.1602,1144713.2,0.0,0.0,0
15m,1768410000.0,2.1602,2.1668,2.158,2.1655,669377.33,0.0,0.0,0
15m,1768410900.0,2.1655,2.1658,2.1572,2.1594,854179.2,0.0,0.0,0
15m,1768411800.0,2.1594,2.1594,2.1428,2.1476,995150.46,0.0,0.0,0
15m,1768412700.0,2.1476,2.1549,2.1362,2.1389,505055.05,0.0,0.0,0
15m,1768413600.0,2.1389,2.1466,2.1351,2.1422,415970.86,0.0,0.0,0
15m,1768414500.0,2.1422,2.152,2.131,2.1514,540025.63,0.0,0.0,0
15m,1768415400.0,2.1514,2.1537,2.1252,2.129,601006.64,0.0,0.0,0
15m,1768416300.0,2.129,2.1439,2.1249,2.1401,296597.53,0.0,0.0,0
15m,1768417200.0,2.1401,2.1455,2.1345,2.1455,335131.27,0.0,0.0,0
15m,1768418100.0,2.1455,2.1625,2.1451,2.1616,899878.07,0.0,0.0,0
15m,1768419000.0,2.1616,2.1652,2.1496,2.1555,415830.38,0.0,0.0,0
15m,1768419900.0,2.1555,2.1568,2.1441,2.1461,364314.7,0.0,0.0,0
15m,1768420800.0,2.1461,2.1617,2.1432,2.1554,685722.63,0.0,0.0,0
15m,1768421700.0,2.1554,2.1554,2.1424,2.1434,455782.53,0.0,0.0,0
15m,1768422600.0,2.1434,2.1525,2.1429,2.146,296992.57,0.0,0.0,0
15m,1768423500.0,2.146,2.15,2.1396,2.1494,484725.2,0.0,0.0,0
15m,1768424400.0,2.1494,2.1499,2.144,2.1447,155787.81,0.0,0.0,0
15m,1768425300.0,2.1447,2.1524,2.1429,2.1522,192699.93,0.0,0.0,0
15m,1768426200.0,2.1522,2.155,2.1487,2.15,105344.28,0.0,0.0,0
15m,1768427100.0,2.15,2.1508,2.1416,2.1481,220622.55,0.0,0.0,0
15m,1768428000.0,2.1481,2.1482,2.1427,2.144,198234.21,0.0,0.0,0
15m,1768428900.0,2.144,2.147,2.1403,2.1408,147345.47,0.0,0.0,0
15m,1768429800.0,2.1408,2.1423,2.1317,2.1341,397569.36,0.0,0.0,0
15m,1768430700.0,2.1341,2.1408,2.1329,2.1362,150688.79,0.0,0.0,0
15m,1768431600.0,2.1362,2.144,2.1361,2.1431,191620.8,0.0,0.0,0
15m,1768432500.0,2.1431,2.1468,2.1333,2.1336,109331.15,0.0,0.0,0
15m,1768433400.0,2.1336,2.138,2.1317,2.1373,166067.8,0.0,0.0,0
15m,1768434300.0,2.1373,2.1434,2.137,2.1392,295801.59,0.0,0.0,0
15m,1768435200.0,2.1392,2.1437,2.1366,2.1436,231152.74,0.0,0.0,0
15m,1768436100.0,2.1436,2.1436,2.1326,2.1346,267162.38,0.0,0.0,0
15m,1768437000.0,2.1346,2.1369,2.1291,2.1348,291438.04,0.0,0.0,0
15m,1768437900.0,2.1348,2.1356,2.1289,2.1326,212578.43,0.0,0.0,0
15m,1768438800.0,2.1326,2.1399,2.1326,2.1335,218521.71,0.0,0.0,0
15m,1768439700.0,2.1335,2.1337,2.1228,2.1241,597433.83,0.0,0.0,0
15m,1768440600.0,2.1241,2.1263,2.1166,2.122,571265.91,0.0,0.0,0
15m,1768441500.0,2.122,2.124,2.117,2.1194,402434.22,0.0,0.0,0
15m,1768442400.0,2.1194,2.1257,2.1177,2.1184,191363.13,0.0,0.0,0
15m,1768443300.0,2.1184,2.1238,2.1169,2.1193,181201.78,0.0,0.0,0
15m,1768444200.0,2.1193,2.1241,2.1077,2.1128,398732.89,0.0,0.0,0
15m,1768445100.0,2.1128,2.1128,2.1001,2.1046,845039.03,0.0,0.0,0
15m,1768446000.0,2.1046,2.1071,2.1011,2.1034,582753.93,0.0,0.0,0
15m,1768446900.0,2.1034,2.1082,2.0858,2.0862,858050.64,0.0,0.0,0
15m,1768447800.0,2.0862,2.093,2.0819,2.0869,524263.61,0.0,0.0,0
15m,1768448700.0,2.0869,2.091,2.0857,2.0884,269826.72,0.0,0.0,0
15m,1768449600.0,2.0884,2.0971,2.0863,2.0964,228734.67,0.0,0.0,0
15m,1768450500.0,2.0964,2.1044,2.0944,2.0971,478937.04,0.0,0.0,0
15m,1768451400.0,2.0971,2.1016,2.0955,2.1008,199592.93,0.0,0.0,0
15m,1768452300.0,2.1008,2.1028,2.099,2.102,251268.99,0.0,0.0,0
15m,1768453200.0,2.102,2.1059,2.099,2.0991,243387.54,0.0,0.0,0
15m,1768454100.0,2.0991,2.1015,2.0968,2.0979,163865.08,0.0,0.0,0
15m,1768455000.0,2.0979,2.1047,2.0979,2.1019,145813.86,0.0,0.0,0
15m,1768455900.0,2.1019,2.1039,2.0989,2.0995,205910.73,0.0,0.0,0
15m,1768456800.0,2.0995,2.1025,2.0966,2.0966,146310.76,0.0,0.0,0
15m,1768457700.0,2.0966,2.1002,2.0946,2.0956,188740.08,0.0,0.0,0
15m,1768458600.0,2.0956,2.0961,2.0897,2.0909,159024.3,0.0,0.0,0
15m,1768459500.0,2.0909,2.0953,2.0894,2.0915,119728.05,0.0,0.0,0
15m,1768460400.0,2.0915,2.0951,2.0894,2.0935,112008.33,0.0,0.0,0
15m,1768461300.0,2.0935,2.1021,2.0934,2.1011,265034.61,0.0,0.0,0
15m,1768462200.0,2.1011,2.1059,2.0985,2.1038,308126.74,0.0,0.0,0
15m,1768463100.0,2.1038,2.106,2.0985,2.1016,159148.19,0.0,0.0,0
15m,1768464000.0,2.1016,2.1051,2.0965,2.0985,192485.01,0.0,0.0,0
15m,1768464900.0,2.0985,2.1035,2.0962,2.0967,199707.47,0.0,0.0,0
15m,1768465800.0,2.0967,2.1009,2.0963,2.0991,114645.62,0.0,0.0,0
15m,1768466700.0,2.0991,2.1048,2.0991,2.1041,113690.79,0.0,0.0,0
15m,1768467600.0,2.1041,2.1041,2.0983,2.0983,180900.85,0.0,0.0,0
15m,1768468500.0,2.0983,2.1048,2.0971,2.1037,164612.31,0.0,0.0,0
15m,1768469400.0,2.1037,2.1179,2.1,2.1173,512121.06,0.0,0.0,0
15m,1768470300.0,2.1173,2.1226,2.1154,2.1171,455381.06,0.0,0.0,0
15m,1768471200.0,2.1171,2.1205,2.1118,2.1132,306059.98,0.0,0.0,0
15m,1768472100.0,2.1132,2.1175,2.1098,2.1107,375769.82,0.0,0.0,0
15m,1768473000.0,2.1107,2.1171,2.1083,2.1134,316943.44,0.0,0.0,0
15m,1768473900.0,2.1134,2.1163,2.1128,2.1156,110369.47,0.0,0.0,0
15m,1768474800.0,2.1156,2.1229,2.1144,2.1219,432686.17,0.0,0.0,0
15m,1768475700.0,2.1219,2.1219,2.1161,2.1194,410359.64,0.0,0.0,0
15m,1768476600.0,2.1194,2.1212,2.1116,2.1136,529069.3,0.0,0.0,0
15m,1768477500.0,2.1136,2.1147,2.1095,2.1121,269380.22,0.0,0.0,0
15m,1768478400.0,2.1121,2.1161,2.1108,2.1143,109421.7,0.0,0.0,0
15m,1768479300.0,2.1143,2.1145,2.1073,2.109,196230.52,0.0,0.0,0
15m,1768480200.0,2.109,2.114,2.1078,2.1129,278701.65,0.0,0.0,0
15m,1768481100.0,2.1129,2.1198,2.1127,2.1179,181152.63,0.0,0.0,0
15m,1768482000.0,2.1179,2.1185,2.1159,2.1163,206627.36,0.0,0.0,0
15m,1768482900.0,2.1163,2.1251,2.1158,2.1238,216642.0,0.0,0.0,0
15m,1768483800.0,2.1238,2.1245,2.1152,2.1211,363132.77,0.0,0.0,0
15m,1768484700.0,2.1211,2.1323,2.1211,2.1291,508575.69,0.0,0.0,0
15m,1768485600.0,2.1291,2.1326,2.1272,2.1281,339706.89,0.0,0.0,0
15m,1768486500.0,2.1281,2.129,2.1191,2.121,300337.0,0.0,0.0,0
15m,1768487400.0,2.121,2.1247,2.0955,2.0955,830681.15,0.0,0.0,0
15m,1768488300.0,2.0955,2.1053,2.0884,2.0968,974328.01,0.0,0.0,0
15m,1768489200.0,2.0968,2.1069,2.0943,2.1,537990.43,0.0,0.0,0
15m,1768490100.0,2.1,2.1044,2.0847,2.0884,734101.38,0.0,0.0,0
15m,1768491000.0,2.0884,2.0931,2.0788,2.0833,682233.7,0.0,0.0,0
15m,1768491900.0,2.0833,2.0965,2.0687,2.0958,1711890.78,0.0,0.0,0
15m,1768492800.0,2.0958,2.0999,2.0866,2.0914,650816.7,0.0,0.0,0
15m,1768493700.0,2.0914,2.0979,2.0863,2.0875,861050.59,0.0,0.0,0
15m,1768494600.0,2.0875,2.095,2.0845,2.092,418452.66,0.0,0.0,0
15m,1768495500.0,2.092,2.0967,2.09,2.0918,166247.26,0.0,0.0,0
15m,1768496400.0,2.0918,2.0948,2.0813,2.0856,316553.85,0.0,0.0,0
15m,1768497300.0,2.0856,2.0901,2.083,2.0901,458753.74,0.0,0.0,0
15m,1768498200.0,2.0901,2.0982,2.0892,2.0959,272288.79,0.0,0.0,0
15m,1768499100.0,2.0959,2.0969,2.079,2.0814,449733.3,0.0,0.0,0
15m,1768500000.0,2.0814,2.0834,2.0716,2.0749,366745.68,0.0,0.0,0
15m,1768500900.0,2.0749,2.0787,2.0715,2.0777,295445.36,0.0,0.0,0
15m,1768501800.0,2.0777,2.0789,2.065,2.0702,691101.1,0.0,0.0,0
15m,1768502700.0,2.0702,2.0745,2.0658,2.0703,206285.06,0.0,0.0,0
15m,1768503600.0,2.0703,2.0717,2.0606,2.0668,508182.04,0.0,0.0,0
15m,1768504500.0,2.0668,2.072,2.0611,2.0628,231237.94,0.0,0.0,0
15m,1768505400.0,2.0628,2.0651,2.0534,2.0587,630476.04,0.0,0.0,0
15m,1768506300.0,2.0587,2.0697,2.0577,2.0658,190444.2,0.0,0.0,0
15m,1768507200.0,2.0658,2.0711,2.064,2.0677,188704.64,0.0,0.0,0
15m,1768508100.0,2.0677,2.0687,2.0584,2.0597,231475.81,0.0,0.0,0
15m,1768509000.0,2.0597,2.066,2.0597,2.0608,176546.87,0.0,0.0,0
15m,1768509900.0,2.0608,2.0678,2.0579,2.0612,361229.99,0.0,0.0,0
15m,1768510800.0,2.0612,2.0685,2.061,2.0679,287342.2,0.0,0.0,0
15m,1768511700.0,2.0679,2.0746,2.0679,2.0727,132581.7,0.0,0.0,0
15m,1768512600.0,2.0727,2.0744,2.0704,2.0716,151879.34,0.0,0.0,0
15m,1768513500.0,2.0716,2.0754,2.0715,2.0748,166093.12,0.0,0.0,0
15m,1768514400.0,2.0748,2.0756,2.068,2.0708,160253.4,0.0,0.0,0
15m,1768515300.0,2.0708,2.0762,2.07,2.0757,166733.22,0.0,0.0,0
15m,1768516200.0,2.0757,2.0801,2.0755,2.0776,191550.48,0.0,0.0,0
15m,1768517100.0,2.0776,2.0788,2.0738,2.0754,81009.21,0.0,0.0,0
15m,1768518000.0,2.0754,2.0789,2.0708,2.0789,259871.29,0.0,0.0,0
15m,1768518900.0,2.0789,2.0803,2.0763,2.0763,157660.48,0.0,0.0,0
15m,1768519800.0,2.0763,2.0769,2.0741,2.0754,117831.02,0.0,0.0,0
15m,1768520700.0,2.0754,2.0803,2.0746,2.0785,71050.6,0.0,0.0,0
15m,1768521600.0,2.0785,2.0812,2.0761,2.0776,146803.11,0.0,0.0,0
15m,1768522500.0,2.0776,2.0815,2.0766,2.0807,285567.37,0.0,0.0,0
15m,1768523400.0,2.0807,2.0866,2.0803,2.0852,194881.27,0.0,0.0,0
15m,1768524300.0,2.0852,2.0862,2.0821,2.0824,154583.02,0.0,0.0,0
15m,1768525200.0,2.0824,2.0828,2.0753,2.0773,294563.12,0.0,0.0,0
15m,1768526100.0,2.0773,2.0809,2.0753,2.0805,286299.22,0.0,0.0,0
15m,1768527000.0,2.0805,2.0863,2.0795,2.0795,116749.92,0.0,0.0,0
15m,1768527900.0,2.0795,2.0817,2.0764,2.0774,87662.96,0.0,0.0,0
15m,1768528800.0,2.0774,2.0774,2.0694,2.0701,273614.31,0.0,0.0,0
15m,1768529700.0,2.0701,2.0754,2.0672,2.0752,345097.31,0.0,0.0,0
15m,1768530600.0,2.0752,2.0752,2.0669,2.0686,197052.38,0.0,0.0,0
15m,1768531500.0,2.0686,2.0758,2.0685,2.0756,210890.83,0.0,0.0,0
15m,1768532400.0,2.0756,2.0793,2.0753,2.0791,204907.69,0.0,0.0,0
15m,1768533300.0,2.0791,2.0791,2.0714,2.0717,269046.81,0.0,0.0,0
15m,1768534200.0,2.0717,2.0718,2.0671,2.0675,168740.38,0.0,0.0,0
15m,1768535100.0,2.0675,2.0688,2.0645,2.0646,130461.2,0.0,0.0,0
15m,1768536000.0,2.0646,2.0684,2.0646,2.067,99242.78,0.0,0.0,0
15m,1768536900.0,2.067,2.0714,2.0664,2.0664,526026.4,0.0,0.0,0
15m,1768537800.0,2.0664,2.0683,2.0589,2.0611,326274.52,0.0,0.0,0
15m,1768538700.0,2.0611,2.0638,2.0578,2.0638,261754.41,0.0,0.0,0
15m,1768539600.0,2.0638,2.0672,2.0614,2.066,175925.82,0.0,0.0,0
15m,1768540500.0,2.066,2.0662,2.0628,2.0658,146419.14,0.0,0.0,0
15m,1768541400.0,2.0658,2.0713,2.0645,2.0706,360476.21,0.0,0.0,0
15m,1768542300.0,2.0706,2.0748,2.0705,2.0722,215093.57,0.0,0.0,0
15m,1768543200.0,2.0722,2.0737,2.0676,2.0692,218111.61,0.0,0.0,0
15m,1768544100.0,2.0692,2.0719,2.0678,2.0711,148888.82,0.0,0.0,0
15m,1768545000.0,2.0711,2.0753,2.0707,2.0745,155423.23,0.0,0.0,0
15m,1768545900.0,2.0745,2.0753,2.0716,2.0737,106058.92,0.0,0.0,0
15m,1768546800.0,2.0737,2.0749,2.0718,2.0745,124731.15,0.0,0.0,0
15m,1768547700.0,2.0745,2.0776,2.0733,2.0735,141025.83,0.0,0.0,0
15m,1768548600.0,2.0735,2.0735,2.0689,2.0707,135929.26,0.0,0.0,0
15m,1768549500.0,2.0707,2.0745,2.0707,2.0735,97873.11,0.0,0.0,0
15m,1768550400.0,2.0735,2.0814,2.0727,2.0795,242455.67,0.0,0.0,0
15m,1768551300.0,2.0795,2.0795,2.0756,2.0771,130898.77,0.0,0.0,0
15m,1768552200.0,2.0771,2.078,2.0725,2.0762,102795.93,0.0,0.0,0
15m,1768553100.0,2.0762,2.0775,2.074,2.0747,190242.09,0.0,0.0,0
15m,1768554000.0,2.0747,2.0768,2.0701,2.0721,506391.04,0.0,0.0,0
15m,1768554900.0,2.0721,2.0722,2.0676,2.0698,148272.44,0.0,0.0,0
15m,1768555800.0,2.0698,2.0701,2.0682,2.0691,65533.69,0.0,0.0,0
15m,1768556700.0,2.0691,2.0692,2.0667,2.0671,88526.7,0.0,0.0,0
15m,1768557600.0,2.0671,2.0674,2.0648,2.066,154918.39,0.0,0.0,0
15m,1768558500.0,2.066,2.066,2.0625,2.0651,225343.3,0.0,0.0,0
15m,1768559400.0,2.0651,2.0651,2.0615,2.0629,188505.94,0.0,0.0,0
15m,1768560300.0,2.0629,2.0634,2.059,2.0613,311066.73,0.0,0.0,0
15m,1768561200.0,2.0613,2.0637,2.0592,2.0597,433802.75,0.0,0.0,0
15m,1768562100.0,2.0597,2.0648,2.0581,2.0638,386377.11,0.0,0.0,0
15m,1768563000.0,2.0638,2.0661,2.0611,2.0611,297561.63,0.0,0.0,0
15m,1768563900.0,2.0611,2.0659,2.0607,2.0653,147679.6,0.0,0.0,0
15m,1768564800.0,2.0653,2.0663,2.0636,2.0654,97076.11,0.0,0.0,0
15m,1768565700.0,2.0654,2.0683,2.0635,2.0649,315407.57,0.0,0.0,0
15m,1768566600.0,2.0649,2.0649,2.0607,2.0627,157289.16,0.0,0.0,0
15m,1768567500.0,2.0627,2.0642,2.0603,2.0631,138344.8,0.0,0.0,0
15m,1768568400.0,2.0631,2.0631,2.0594,2.0624,542272.31,0.0,0.0,0
15m,1768569300.0,2.0624,2.063,2.0598,2.0616,233330.52,0.0,0.0,0
15m,1768570200.0,2.0616,2.0629,2.0526,2.058,428799.46,0.0,0.0,0
15m,1768571100.0,2.058,2.0596,2.0572,2.0582,106155.57,0.0,0.0,0
15m,1768572000.0,2.0582,2.0644,2.0577,2.0589,287819.41,0.0,0.0,0
15m,1768572900.0,2.0589,2.0652,2.0571,2.0652,303487.23,0.0,0.0,0
15m,1768573800.0,2.0652,2.0671,2.0569,2.0585,355609.35,0.0,0.0,0
15m,1768574700.0,2.0585,2.0644,2.0552,2.0559,456704.19,0.0,0.0,0
15m,1768575600.0,2.0559,2.0654,2.05,2.0622,451879.89,0.0,0.0,0
15m,1768576500.0,2.0622,2.063,2.0431,2.0442,899285.41,0.0,0.0,0
15m,1768577400.0,2.0442,2.0451,2.0328,2.037,1361465.01,0.0,0.0,0
15m,1768578300.0,2.037,2.0376,2.0265,2.0325,1052180.95,0.0,0.0,0
15m,1768579200.0,2.0325,2.0419,2.0296,2.0404,776493.02,0.0,0.0,0
15m,1768580100.0,2.0404,2.0452,2.0354,2.0418,377530.33,0.0,0.0,0
15m,1768581000.0,2.0418,2.0454,2.0374,2.0443,342759.72,0.0,0.0,0
15m,1768581900.0,2.0443,2.0476,2.0407,2.0437,507685.79,0.0,0.0,0
15m,1768582800.0,2.0437,2.0457,2.0383,2.0434,431087.75,0.0,0.0,0
15m,1768583700.0,2.0434,2.0462,2.0383,2.0445,180639.07,0.0,0.0,0
15m,1768584600.0,2.0445,2.0519,2.0442,2.0515,121458.78,0.0,0.0,0
15m,1768585500.0,2.0515,2.0551,2.0476,2.0519,417610.07,0.0,0.0,0
15m,1768586400.0,2.0519,2.054,2.0465,2.0465,409588.66,0.0,0.0,0
15m,1768587300.0,2.0465,2.0537,2.046,2.0514,340869.99,0.0,0.0,0
15m,1768588200.0,2.0514,2.0529,2.0488,2.0519,210518.05,0.0,0.0,0
15m,1768589100.0,2.0519,2.0534,2.0477,2.05,54551.42,0.0,0.0,0
15m,1768590000.0,2.05,2.05,2.0436,2.0459,86514.04,0.0,0.0,0
15m,1768590900.0,2.0459,2.0492,2.0432,2.0463,190509.45,0.0,0.0,0
15m,1768591800.0,2.0463,2.056,2.046,2.054,280391.56,0.0,0.0,0
15m,1768592700.0,2.054,2.0568,2.0533,2.0546,136811.9,0.0,0.0,0
15m,1768593600.0,2.0546,2.0552,2.0478,2.0529,65349.81,0.0,0.0,0
15m,1768594500.0,2.0529,2.0619,2.0524,2.0619,129894.18,0.0,0.0,0
15m,1768595400.0,2.0619,2.0714,2.0612,2.0712,226317.25,0.0,0.0,0
15m,1768596300.0,2.0712,2.08,2.07,2.0788,279499.97,0.0,0.0,0
15m,1768597200.0,2.0788,2.0797,2.0693,2.0701,443164.07,0.0,0.0,0
15m,1768598100.0,2.0701,2.0773,2.0685,2.0766,448831.61,0.0,0.0,0
15m,1768599000.0,2.0766,2.0788,2.0752,2.0775,166510.14,0.0,0.0,0
15m,1768599900.0,2.0775,2.0778,2.0736,2.0741,230736.68,0.0,0.0,0
15m,1768600800.0,2.0741,2.0761,2.069,2.0734,328039.47,0.0,0.0,0
15m,1768601700.0,2.0734,2.0766,2.072,2.073,82371.5,0.0,0.0,0
15m,1768602600.0,2.073,2.0757,2.0689,2.0725,132689.36,0.0,0.0,0
15m,1768603500.0,2.0725,2.0751,2.071,2.0738,108935.34,0.0,0.0,0
15m,1768604400.0,2.0738,2.0742,2.0695,2.0708,165436.52,0.0,0.0,0
15m,1768605300.0,2.0708,2.0729,2.0686,2.0719,109740.71,0.0,0.0,0
15m,1768606200.0,2.0719,2.0723,2.0677,2.0682,76908.72,0.0,0.0,0
15m,1768607100.0,2.0682,2.0718,2.0677,2.0678,79038.9,0.0,0.0,0
15m,1768608000.0,2.0678,2.0689,2.0645,2.067,117728.54,0.0,0.0,0
15m,1768608900.0,2.067,2.0696,2.066,2.0688,123780.11,0.0,0.0,0
15m,1768609800.0,2.0688,2.0688,2.0638,2.0644,138544.48,0.0,0.0,0
15m,1768610700.0,2.0644,2.0663,2.0621,2.0645,88352.65,0.0,0.0,0
15m,1768611600.0,2.0645,2.0664,2.0628,2.0647,199002.34,0.0,0.0,0
15m,1768612500.0,2.0647,2.0689,2.0647,2.0684,47575.9,0.0,0.0,0
15m,1768613400.0,2.0684,2.0687,2.0646,2.0664,37247.68,0.0,0.0,0
15m,1768614300.0,2.0664,2.0677,2.0653,2.0666,52147.1,0.0,0.0,0
15m,1768615200.0,2.0666,2.0667,2.0617,2.0621,88903.19,0.0,0.0,0
15m,1768616100.0,2.0621,2.0636,2.0611,2.0628,56158.37,0.0,0.0,0
15m,1768617000.0,2.0628,2.0628,2.059,2.0602,163923.11,0.0,0.0,0
15m,1768617900.0,2.0602,2.063,2.059,2.063,71766.11,0.0,0.0,0
15m,1768618800.0,2.063,2.0631,2.0613,2.0613,44938.68,0.0,0.0,0
15m,1768619700.0,2.0613,2.0625,2.0608,2.0614,120884.54,0.0,0.0,0
15m,1768620600.0,2.0614,2.0614,2.0553,2.056,123566.32,0.0,0.0,0
15m,1768621500.0,2.056,2.0576,2.054,2.0559,180558.45,0.0,0.0,0
15m,1768622400.0,2.0559,2.0596,2.0552,2.0586,85428.02,0.0,0.0,0
15m,1768623300.0,2.0586,2.0618,2.0561,2.0618,92954.28,0.0,0.0,0
15m,1768624200.0,2.0618,2.0641,2.0605,2.0619,56554.31,0.0,0.0,0
15m,1768625100.0,2.0619,2.0656,2.0616,2.0644,69606.36,0.0,0.0,0
15m,1768626000.0,2.0644,2.0655,2.0617,2.0621,97374.48,0.0,0.0,0
15m,1768626900.0,2.0621,2.0645,2.0606,2.0626,98919.16,0.0,0.0,0
15m,1768627800.0,2.0626,2.0658,2.0614,2.0658,82726.91,0.0,0.0,0
15m,1768628700.0,2.0658,2.066,2.0625,2.0633,110451.36,0.0,0.0,0
15m,1768629600.0,2.0633,2.0642,2.0618,2.0618,100108.2,0.0,0.0,0
15m,1768630500.0,2.0618,2.0625,2.0606,2.0611,67922.2,0.0,0.0,0
15m,1768631400.0,2.0611,2.0648,2.0602,2.0614,135376.51,0.0,0.0,0
15m,1768632300.0,2.0614,2.0614,2.0589,2.06,58619.25,0.0,0.0,0
15m,1768633200.0,2.06,2.06,2.056,2.0573,97318.9,0.0,0.0,0
15m,1768634100.0,2.0573,2.0604,2.0567,2.0601,51867.69,0.0,0.0,0
15m,1768635000.0,2.0601,2.061,2.0597,2.0603,44300.03,0.0,0.0,0
15m,1768635900.0,2.0603,2.061,2.058,2.0583,95847.84,0.0,0.0,0
15m,1768636800.0,2.0583,2.0609,2.0574,2.06,95477.48,0.0,0.0,0
15m,1768637700.0,2.06,2.0612,2.059,2.0608,118621.5,0.0,0.0,0
15m,1768638600.0,2.0608,2.0622,2.0596,2.0599,74450.24,0.0,0.0,0
15m,1768639500.0,2.0599,2.063,2.0596,2.0624,70725.62,0.0,0.0,0
15m,1768640400.0,2.0624,2.0649,2.0619,2.062,60145.66,0.0,0.0,0
15m,1768641300.0,2.062,2.0646,2.0614,2.0642,146758.53,0.0,0.0,0
15m,1768642200.0,2.0642,2.0658,2.0622,2.0655,134523.82,0.0,0.0,0
15m,1768643100.0,2.0655,2.0672,2.0631,2.0633,213200.2,0.0,0.0,0
15m,1768644000.0,2.0633,2.0653,2.0619,2.065,30039.52,0.0,0.0,0
15m,1768644900.0,2.065,2.0673,2.0649,2.0667,52152.79,0.0,0.0,0
15m,1768645800.0,2.0667,2.067,2.0636,2.0636,61396.93,0.0,0.0,0
15m,1768646700.0,2.0636,2.0637,2.0603,2.061,64919.69,0.0,0.0,0
15m,1768647600.0,2.061,2.061,2.0563,2.0597,107159.41,0.0,0.0,0
15m,1768648500.0,2.0597,2.064,2.0594,2.064,49396.99,0.0,0.0,0
15m,1768649400.0,2.064,2.0644,2.0609,2.0611,51275.82,0.0,0.0,0
15m,1768650300.0,2.0611,2.0632,2.0594,2.0619,55412.19,0.0,0.0,0
15m,1768651200.0,2.0619,2.064,2.0605,2.0636,41589.04,0.0,0.0,0
15m,1768652100.0,2.0636,2.065,2.0601,2.0609,123365.43,0.0,0.0,0
15m,1768653000.0,2.0609,2.0616,2.0585,2.0593,51905.08,0.0,0.0,0
15m,1768653900.0,2.0593,2.0602,2.0585,2.0601,62979.1,0.0,0.0,0
15m,1768654800.0,2.0601,2.0619,2.0583,2.0617,93701.75,0.0,0.0,0
15m,1768655700.0,2.0617,2.0637,2.061,2.0617,126410.67,0.0,0.0,0
15m,1768656600.0,2.0617,2.0639,2.0601,2.0632,78663.51,0.0,0.0,0
15m,1768657500.0,2.0632,2.0637,2.0614,2.0619,81922.09,0.0,0.0,0
15m,1768658400.0,2.0619,2.0643,2.0586,2.0642,83953.29,0.0,0.0,0
15m,1768659300.0,2.0642,2.0672,2.0635,2.0658,151299.18,0.0,0.0,0
15m,1768660200.0,2.0658,2.0795,2.0652,2.0753,426893.35,0.0,0.0,0
15m,1768661100.0,2.0753,2.0757,2.0731,2.0743,169480.35,0.0,0.0,0
15m,1768662000.0,2.0743,2.0781,2.071,2.0753,642353.65,0.0,0.0,0
15m,1768662900.0,2.0753,2.0819,2.0726,2.0766,341437.41,0.0,0.0,0
15m,1768663800.0,2.0766,2.0804,2.0752,2.0795,269299.62,0.0,0.0,0
15m,1768664700.0,2.0795,2.0828,2.076,2.0816,281508.93,0.0,0.0,0
15m,1768665600.0,2.0816,2.0817,2.0772,2.0781,198336.68,0.0,0.0,0
15m,1768666500.0,2.0781,2.0782,2.0711,2.0744,261485.94,0.0,0.0,0
15m,1768667400.0,2.0744,2.0745,2.0687,2.0721,227800.87,0.0,0.0,0
15m,1768668300.0,2.0721,2.074,2.069,2.0729,140506.69,0.0,0.0,0
15m,1768669200.0,2.0729,2.0781,2.0719,2.0757,88893.16,0.0,0.0,0
15m,1768670100.0,2.0757,2.0775,2.0752,2.0768,52661.59,0.0,0.0,0
15m,1768671000.0,2.0768,2.0791,2.0745,2.079,76000.19,0.0,0.0,0
15m,1768671900.0,2.079,2.0823,2.072,2.0823,181669.73,0.0,0.0,0
15m,1768672800.0,2.0823,2.0831,2.073,2.0745,254160.64,0.0,0.0,0
15m,1768673700.0,2.0745,2.0774,2.0739,2.0764,115487.04,0.0,0.0,0
15m,1768674600.0,2.0764,2.0771,2.0742,2.075,29865.46,0.0,0.0,0
15m,1768675500.0,2.075,2.0768,2.0736,2.0765,138619.5,0.0,0.0,0
15m,1768676400.0,2.0765,2.0777,2.0736,2.0774,92158.73,0.0,0.0,0
15m,1768677300.0,2.0774,2.0774,2.0732,2.0746,125461.53,0.0,0.0,0
15m,1768678200.0,2.0746,2.0774,2.0734,2.0754,50105.46,0.0,0.0,0
15m,1768679100.0,2.0754,2.0758,2.0727,2.0735,91261.57,0.0,0.0,0
15m,1768680000.0,2.0735,2.0735,2.0714,2.073,76328.38,0.0,0.0,0
15m,1768680900.0,2.073,2.0753,2.0724,2.0728,96100.73,0.0,0.0,0
15m,1768681800.0,2.0728,2.0732,2.0706,2.0713,281380.08,0.0,0.0,0
15m,1768682700.0,2.0713,2.0731,2.0713,2.0721,53234.29,0.0,0.0,0
15m,1768683600.0,2.0721,2.0721,2.0683,2.0683,82092.9,0.0,0.0,0
15m,1768684500.0,2.0683,2.0705,2.0679,2.0687,49281.09,0.0,0.0,0
15m,1768685400.0,2.0687,2.0689,2.0663,2.0687,119558.31,0.0,0.0,0
15m,1768686300.0,2.0687,2.071,2.0677,2.0688,47101.64,0.0,0.0,0
15m,1768687200.0,2.0688,2.069,2.0646,2.0665,84112.31,0.0,0.0,0
15m,1768688100.0,2.0665,2.0689,2.0646,2.0656,79288.61,0.0,0.0,0
15m,1768689000.0,2.0656,2.0656,2.0594,2.0627,154925.63,0.0,0.0,0
15m,1768689900.0,2.0627,2.0675,2.0594,2.0649,112426.87,0.0,0.0,0
15m,1768690800.0,2.0649,2.0679,2.0634,2.0659,118451.44,0.0,0.0,0
15m,1768691700.0,2.0659,2.0666,2.0622,2.0626,55133.93,0.0,0.0,0
15m,1768692600.0,2.0626,2.0656,2.0626,2.0643,62405.35,0.0,0.0,0
15m,1768693500.0,2.0643,2.0643,2.0621,2.0631,108704.34,0.0,0.0,0
15m,1768694400.0,2.0631,2.0669,2.0614,2.0666,103052.86,0.0,0.0,0
15m,1768695300.0,2.0666,2.0681,2.0648,2.0652,77106.88,0.0,0.0,0
15m,1768696200.0,2.0652,2.0657,2.0596,2.0612,135755.9,0.0,0.0,0
15m,1768697100.0,2.0612,2.0617,2.0594,2.0597,99898.27,0.0,0.0,0
15m,1768698000.0,2.0597,2.0612,2.0543,2.0556,307190.1,0.0,0.0,0
15m,1768698900.0,2.0556,2.0595,2.0548,2.0588,76580.41,0.0,0.0,0
15m,1768699800.0,2.0588,2.0609,2.0558,2.0559,103010.22,0.0,0.0,0
15m,1768700700.0,2.0559,2.0561,2.0487,2.0517,360493.32,0.0,0.0,0
15m,1768701600.0,2.0517,2.0561,2.0517,2.0549,78168.58,0.0,0.0,0
15m,1768702500.0,2.0549,2.0573,2.052,2.0539,87964.56,0.0,0.0,0
15m,1768703400.0,2.0539,2.0539,2.0486,2.0517,165279.88,0.0,0.0,0
15m,1768704300.0,2.0517,2.0541,2.051,2.0527,65294.23,0.0,0.0,0
15m,1768705200.0,2.0527,2.0562,2.052,2.052,203515.04,0.0,0.0,0
15m,1768706100.0,2.052,2.0567,2.052,2.0564,80215.93,0.0,0.0,0
15m,1768707000.0,2.0564,2.0608,2.0564,2.0596,42010.91,0.0,0.0,0
15m,1768707900.0,2.0596,2.0597,2.0571,2.0584,98574.04,0.0,0.0,0
15m,1768708800.0,2.0584,2.0584,2.0527,2.0536,163467.36,0.0,0.0,0
15m,1768709700.0,2.0536,2.0559,2.0527,2.055,43169.35,0.0,0.0,0
15m,1768710600.0,2.055,2.0557,2.0521,2.0548,29338.28,0.0,0.0,0
15m,1768711500.0,2.0548,2.0563,2.0544,2.0559,34696.84,0.0,0.0,0
15m,1768712400.0,2.0559,2.0559,2.0525,2.0554,45742.15,0.0,0.0,0
15m,1768713300.0,2.0554,2.0562,2.052,2.0542,107021.41,0.0,0.0,0
15m,1768714200.0,2.0542,2.0561,2.0475,2.056,366039.22,0.0,0.0,0
15m,1768715100.0,2.056,2.0573,2.0537,2.055,89459.24,0.0,0.0,0
15m,1768716000.0,2.055,2.0591,2.054,2.058,492291.33,0.0,0.0,0
15m,1768716900.0,2.058,2.0583,2.0557,2.0575,75022.74,0.0,0.0,0
15m,1768717800.0,2.0575,2.0597,2.056,2.0594,99744.82,0.0,0.0,0
15m,1768718700.0,2.0594,2.0596,2.0579,2.0587,36932.02,0.0,0.0,0
15m,1768719600.0,2.0587,2.0601,2.0532,2.0547,104955.45,0.0,0.0,0
15m,1768720500.0,2.0547,2.0564,2.0541,2.0561,33672.95,0.0,0.0,0
15m,1768721400.0,2.0561,2.0561,2.0513,2.0543,163290.34,0.0,0.0,0
15m,1768722300.0,2.0543,2.055,2.0524,2.0524,60545.1,0.0,0.0,0
15m,1768723200.0,2.0524,2.0532,2.0504,2.0519,107518.47,0.0,0.0,0
15m,1768724100.0,2.0519,2.0558,2.0508,2.0548,61247.39,0.0,0.0,0
15m,1768725000.0,2.0548,2.0587,2.0545,2.0581,53523.24,0.0,0.0,0
15m,1768725900.0,2.0581,2.06,2.0563,2.0572,65346.54,0.0,0.0,0
15m,1768726800.0,2.0572,2.0581,2.0556,2.0567,69659.96,0.0,0.0,0
15m,1768727700.0,2.0567,2.0583,2.0554,2.056,86128.53,0.0,0.0,0
15m,1768728600.0,2.056,2.0599,2.056,2.0583,176840.42,0.0,0.0,0
15m,1768729500.0,2.0583,2.0618,2.0582,2.0605,136445.74,0.0,0.0,0
15m,1768730400.0,2.0605,2.0612,2.0545,2.056,71068.95,0.0,0.0,0
15m,1768731300.0,2.056,2.0565,2.0546,2.0548,67965.69,0.0,0.0,0
15m,1768732200.0,2.0548,2.0569,2.0545,2.0556,70218.28,0.0,0.0,0
15m,1768733100.0,2.0556,2.059,2.055,2.0575,204279.32,0.0,0.0,0
15m,1768734000.0,2.0575,2.0575,2.0548,2.0558,59760.57,0.0,0.0,0
15m,1768734900.0,2.0558,2.0567,2.0529,2.0529,90742.1,0.0,0.0,0
15m,1768735800.0,2.0529,2.0556,2.0529,2.0546,67284.17,0.0,0.0,0
15m,1768736700.0,2.0546,2.0567,2.0538,2.0551,62044.12,0.0,0.0,0
15m,1768737600.0,2.0551,2.0551,2.0526,2.0541,93264.96,0.0,0.0,0
15m,1768738500.0,2.0541,2.0564,2.0533,2.0559,87796.2,0.0,0.0,0
15m,1768739400.0,2.0559,2.0566,2.0543,2.0557,80231.81,0.0,0.0,0
15m,1768740300.0,2.0557,2.0564,2.0519,2.0521,121154.66,0.0,0.0,0
15m,1768741200.0,2.0521,2.0526,2.0479,2.0505,197388.37,0.0,0.0,0
15m,1768742100.0,2.0505,2.0526,2.0479,2.0499,105198.2,0.0,0.0,0
15m,1768743000.0,2.0499,2.0542,2.0484,2.0533,164081.76,0.0,0.0,0
15m,1768743900.0,2.0533,2.0546,2.0516,2.0527,67642.29,0.0,0.0,0
15m,1768744800.0,2.0527,2.0561,2.05,2.0559,153326.63,0.0,0.0,0
15m,1768745700.0,2.0559,2.0606,2.0556,2.0577,194789.8,0.0,0.0,0
15m,1768746600.0,2.0577,2.0601,2.0538,2.0538,138091.41,0.0,0.0,0
15m,1768747500.0,2.0538,2.0541,2.0495,2.0503,158208.81,0.0,0.0,0
15m,1768748400.0,2.0503,2.0514,2.045,2.049,235116.89,0.0,0.0,0
15m,1768749300.0,2.049,2.0532,2.0482,2.0512,72878.35,0.0,0.0,0
15m,1768750200.0,2.0512,2.0518,2.0492,2.0503,84805.82,0.0,0.0,0
15m,1768751100.0,2.0503,2.0517,2.0488,2.0506,48080.49,0.0,0.0,0
15m,1768752000.0,2.0506,2.0563,2.0475,2.0547,79561.21,0.0,0.0,0
15m,1768752900.0,2.0547,2.0556,2.052,2.0525,41204.52,0.0,0.0,0
15m,1768753800.0,2.0525,2.0564,2.0517,2.056,53319.24,0.0,0.0,0
15m,1768754700.0,2.056,2.0573,2.0488,2.0492,236409.78,0.0,0.0,0
15m,1768755600.0,2.0492,2.0572,2.0492,2.0506,243252.52,0.0,0.0,0
15m,1768756500.0,2.0506,2.0527,2.0504,2.0515,49382.05,0.0,0.0,0
15m,1768757400.0,2.0515,2.0516,2.0462,2.0467,70938.5,0.0,0.0,0
15m,1768758300.0,2.0467,2.0511,2.0467,2.0497,127253.92,0.0,0.0,0
15m,1768759200.0,2.0497,2.0503,2.0466,2.0495,106936.72,0.0,0.0,0
15m,1768760100.0,2.0495,2.0615,2.049,2.0615,166824.35,0.0,0.0,0
15m,1768761000.0,2.0615,2.0644,2.0586,2.0587,154641.89,0.0,0.0,0
15m,1768761900.0,2.0587,2.0658,2.0587,2.0614,178702.45,0.0,0.0,0
15m,1768762800.0,2.0614,2.0643,2.059,2.0593,107033.79,0.0,0.0,0
15m,1768763700.0,2.0593,2.0596,2.0566,2.0572,114348.07,0.0,0.0,0
15m,1768764600.0,2.0572,2.059,2.0556,2.0576,48166.33,0.0,0.0,0
15m,1768765500.0,2.0576,2.0578,2.0522,2.0536,61425.49,0.0,0.0,0
15m,1768766400.0,2.0536,2.0536,2.0509,2.0523,50678.88,0.0,0.0,0
15m,1768767300.0,2.0523,2.0595,2.0523,2.0595,49035.11,0.0,0.0,0
15m,1768768200.0,2.0595,2.0604,2.0543,2.0563,44021.32,0.0,0.0,0
15m,1768769100.0,2.0563,2.0576,2.055,2.0574,26757.2,0.0,0.0,0
15m,1768770000.0,2.0574,2.0604,2.0563,2.0592,46292.02,0.0,0.0,0
15m,1768770900.0,2.0592,2.0595,2.0563,2.0567,40907.18,0.0,0.0,0
15m,1768771800.0,2.0567,2.0589,2.056,2.0578,38709.17,0.0,0.0,0
15m,1768772700.0,2.0578,2.0603,2.0563,2.0574,89670.89,0.0,0.0,0
15m,1768773600.0,2.0574,2.0644,2.0563,2.0622,153801.88,0.0,0.0,0
15m,1768774500.0,2.0622,2.0633,2.0578,2.0579,56538.02,0.0,0.0,0
15m,1768775400.0,2.0579,2.0609,2.0564,2.0603,79743.53,0.0,0.0,0
15m,1768776300.0,2.0603,2.0613,2.0592,2.0606,35557.64,0.0,0.0,0
15m,1768777200.0,2.0606,2.0606,2.0398,2.0429,621453.61,0.0,0.0,0
15m,1768778100.0,2.0429,2.0466,2.0192,2.0212,1143382.24,0.0,0.0,0
15m,1768779000.0,2.0212,2.0264,2.004,2.0092,1601517.3,0.0,0.0,0
15m,1768779900.0,2.0092,2.0093,1.9861,1.9915,2291534.15,0.0,0.0,0
15m,1768780800.0,1.9915,1.9915,1.8453,1.9271,10382444.53,0.0,0.0,0
15m,1768781700.0,1.9271,1.9409,1.9203,1.9335,2889638.95,0.0,0.0,0
15m,1768782600.0,1.9335,1.9557,1.927,1.9553,1816593.89,0.0,0.0,0
15m,1768783500.0,1.9553,1.9582,1.9418,1.9444,1220808.51,0.0,0.0,0
15m,1768784400.0,1.9444,1.9567,1.938,1.9511,1166579.37,0.0,0.0,0
15m,1768785300.0,1.9511,1.9551,1.9468,1.9504,857308.95,0.0,0.0,0
15m,1768786200.0,1.9504,1.9624,1.9489,1.9507,1250788.75,0.0,0.0,0
15m,1768787100.0,1.9507,1.9548,1.9448,1.9527,1089290.96,0.0,0.0,0
15m,1768788000.0,1.9527,1.9564,1.9502,1.9535,924633.41,0.0,0.0,0
15m,1768788900.0,1.9535,1.9636,1.9519,1.9577,793260.32,0.0,0.0,0
15m,1768789800.0,1.9577,1.9615,1.9559,1.9582,715076.71,0.0,0.0,0
15m,1768790700.0,1.9582,1.9593,1.9555,1.9572,476490.46,0.0,0.0,0
15m,1768791600.0,1.9572,1.9584,1.9546,1.9579,519073.26,0.0,0.0,0
15m,1768792500.0,1.9579,1.962,1.9532,1.956,716171.61,0.0,0.0,0
15m,1768793400.0,1.956,1.9602,1.955,1.9594,510630.42,0.0,0.0,0
15m,1768794300.0,1.9594,1.9678,1.9588,1.9673,593852.84,0.0,0.0,0
15m,1768795200.0,1.9673,1.9743,1.9644,1.9722,646310.59,0.0,0.0,0
15m,1768796100.0,1.9722,1.9722,1.9638,1.9668,607981.14,0.0,0.0,0
15m,1768797000.0,1.9668,1.9687,1.9642,1.9653,546860.1,0.0,0.0,0
15m,1768797900.0,1.9653,1.969,1.9612,1.9633,848260.72,0.0,0.0,0
15m,1768798800.0,1.9633,1.9661,1.9579,1.9653,940167.13,0.0,0.0,0
15m,1768799700.0,1.9653,1.9663,1.9576,1.9652,1009249.4,0.0,0.0,0
15m,1768800600.0,1.9652,1.9698,1.9607,1.9652,1066077.59,0.0,0.0,0
15m,1768801500.0,1.9652,1.9653,1.9599,1.9615,486439.57,0.0,0.0,0
15m,1768802400.0,1.9615,1.9637,1.9602,1.9607,251484.84,0.0,0.0,0
15m,1768803300.0,1.9607,1.965,1.9567,1.9618,427530.38,0.0,0.0,0
15m,1768804200.0,1.9618,1.9658,1.9534,1.9537,357260.49,0.0,0.0,0
15m,1768805100.0,1.9537,1.9623,1.9531,1.9619,282494.86,0.0,0.0,0
15m,1768806000.0,1.9619,1.9635,1.9538,1.9562,222140.98,0.0,0.0,0
15m,1768806900.0,1.9562,1.9587,1.9549,1.9565,225925.61,0.0,0.0,0
15m,1768807800.0,1.9565,1.9598,1.9559,1.9584,274870.48,0.0,0.0,0
15m,1768808700.0,1.9584,1.963,1.9571,1.963,191243.09,0.0,0.0,0
15m,1768809600.0,1.963,1.9673,1.959,1.9664,274133.81,0.0,0.0,0
15m,1768810500.0,1.9664,1.9819,1.9649,1.9755,670145.23,0.0,0.0,0
15m,1768811400.0,1.9755,1.9811,1.9727,1.9762,344298.35,0.0,0.0,0
15m,1768812300.0,1.9762,1.9829,1.9761,1.9802,223691.77,0.0,0.0,0
15m,1768813200.0,1.9802,1.9813,1.9739,1.9745,343457.45,0.0,0.0,0
15m,1768814100.0,1.9745,1.9787,1.9745,1.9751,171551.86,0.0,0.0,0
15m,1768815000.0,1.9751,1.9773,1.9742,1.9757,132809.73,0.0,0.0,0
15m,1768815900.0,1.9757,1.9819,1.9745,1.9818,155230.41,0.0,0.0,0
15m,1768816800.0,1.9818,1.9838,1.9775,1.9836,187775.62,0.0,0.0,0
15m,1768817700.0,1.9836,1.9836,1.9723,1.9744,257249.13,0.0,0.0,0
15m,1768818600.0,1.9744,1.9787,1.9739,1.9782,191849.61,0.0,0.0,0
15m,1768819500.0,1.9782,1.9825,1.9759,1.9819,219624.37,0.0,0.0,0
15m,1768820400.0,1.9819,1.9827,1.9758,1.9765,185559.44,0.0,0.0,0
15m,1768821300.0,1.9765,1.9788,1.9748,1.9764,261118.35,0.0,0.0,0
15m,1768822200.0,1.9764,1.9788,1.9743,1.9769,237505.31,0.0,0.0,0
15m,1768823100.0,1.9769,1.978,1.9701,1.9729,221522.24,0.0,0.0,0
15m,1768824000.0,1.9729,1.9747,1.971,1.9727,448549.94,0.0,0.0,0
15m,1768824900.0,1.9727,1.9771,1.9698,1.9709,154040.27,0.0,0.0,0
15m,1768825800.0,1.9709,1.9767,1.9702,1.9741,156567.69,0.0,0.0,0
15m,1768826700.0,1.9741,1.976,1.9669,1.9729,214682.93,0.0,0.0,0
15m,1768827600.0,1.9729,1.9729,1.968,1.9694,170611.13,0.0,0.0,0
15m,1768828500.0,1.9694,1.9715,1.9648,1.9696,296734.61,0.0,0.0,0
15m,1768829400.0,1.9696,1.9738,1.9677,1.972,187940.96,0.0,0.0,0
15m,1768830300.0,1.972,1.9741,1.9705,1.9734,197990.55,0.0,0.0,0
15m,1768831200.0,1.9734,1.9761,1.9686,1.973,498032.31,0.0,0.0,0
15m,1768832100.0,1.973,1.98,1.9723,1.9783,455861.3,0.0,0.0,0
15m,1768833000.0,1.9783,1.9823,1.9762,1.9784,343694.65,0.0,0.0,0
15m,1768833900.0,1.9784,1.9851,1.9772,1.9792,268437.56,0.0,0.0,0
15m,1768834800.0,1.9792,1.9839,1.9792,1.9829,282073.01,0.0,0.0,0
15m,1768835700.0,1.9829,1.9837,1.9775,1.9801,316685.78,0.0,0.0,0
15m,1768836600.0,1.9801,1.9824,1.9772,1.9778,322542.3,0.0,0.0,0
15m,1768837500.0,1.9778,1.9823,1.9778,1.9811,149898.51,0.0,0.0,0
15m,1768838400.0,1.9811,1.9852,1.9803,1.9842,304773.21,0.0,0.0,0
15m,1768839300.0,1.9842,2.009,1.9829,2.0048,593217.24,0.0,0.0,0
15m,1768840200.0,2.0048,2.0128,1.9983,2.0124,489093.28,0.0,0.0,0
15m,1768841100.0,2.0124,2.0295,2.0122,2.0217,1036856.98,0.0,0.0,0
15m,1768842000.0,2.0217,2.0255,2.0117,2.0151,555935.28,0.0,0.0,0
15m,1768842900.0,2.0151,2.0219,2.0136,2.0173,234495.93,0.0,0.0,0
15m,1768843800.0,2.0173,2.0179,2.0071,2.0122,429266.42,0.0,0.0,0
15m,1768844700.0,2.0122,2.0206,2.0094,2.0184,509894.12,0.0,0.0,0
15m,1768845600.0,2.0184,2.0256,2.0163,2.0193,476309.36,0.0,0.0,0
15m,1768846500.0,2.0193,2.0219,2.0114,2.0126,312304.62,0.0,0.0,0
15m,1768847400.0,2.0126,2.0202,2.0118,2.0148,278031.43,0.0,0.0,0
15m,1768848300.0,2.0148,2.0154,2.0092,2.0107,124756.61,0.0,0.0,0
15m,1768849200.0,2.0107,2.0142,2.0076,2.012,168310.71,0.0,0.0,0
15m,1768850100.0,2.012,2.0155,2.0115,2.0118,142932.26,0.0,0.0,0
15m,1768851000.0,2.0118,2.0183,2.0109,2.0163,108891.04,0.0,0.0,0
15m,1768851900.0,2.0163,2.0164,2.0123,2.0137,157264.37,0.0,0.0,0
15m,1768852800.0,2.0137,2.017,2.0065,2.0086,218763.8,0.0,0.0,0
15m,1768853700.0,2.0086,2.0108,2.0049,2.0102,175377.06,0.0,0.0,0
15m,1768854600.0,2.0102,2.0105,2.0022,2.0039,188727.28,0.0,0.0,0
15m,1768855500.0,2.0039,2.0052,2.0012,2.0021,224836.39,0.0,0.0,0
15m,1768856400.0,2.0021,2.0082,1.9994,2.0,353878.81,0.0,0.0,0
15m,1768857300.0,2.0,2.0016,1.9962,2.0004,180866.08,0.0,0.0,0
15m,1768858200.0,2.0004,2.0013,1.9967,1.9991,200633.17,0.0,0.0,0
15m,1768859100.0,1.9991,2.0023,1.9982,1.9982,118021.02,0.0,0.0,0
15m,1768860000.0,1.9982,2.0004,1.9825,1.9869,815644.08,0.0,0.0,0
15m,1768860900.0,1.9869,1.9974,1.9869,1.9939,447974.26,0.0,0.0,0
15m,1768861800.0,1.9939,1.994,1.9829,1.9846,335253.96,0.0,0.0,0
15m,1768862700.0,1.9846,1.9888,1.9794,1.9801,252772.7,0.0,0.0,0
15m,1768863600.0,1.9801,1.9905,1.9796,1.9882,810617.38,0.0,0.0,0
15m,1768864500.0,1.9882,1.9933,1.9818,1.9906,448946.75,0.0,0.0,0
15m,1768865400.0,1.9906,1.9957,1.9889,1.9907,353444.22,0.0,0.0,0
15m,1768866300.0,1.9907,1.9932,1.9859,1.986,215361.12,0.0,0.0,0
15m,1768867200.0,1.986,1.9912,1.9841,1.9885,617407.79,0.0,0.0,0
15m,1768868100.0,1.9885,1.9906,1.9821,1.985,322520.17,0.0,0.0,0
15m,1768869000.0,1.985,1.99,1.9832,1.9889,388550.31,0.0,0.0,0
15m,1768869900.0,1.9889,1.9899,1.9827,1.9869,333965.36,0.0,0.0,0
15m,1768870800.0,1.9869,1.9869,1.9753,1.9791,358679.96,0.0,0.0,0
15m,1768871700.0,1.9791,1.9847,1.9761,1.9846,503362.5,0.0,0.0,0
15m,1768872600.0,1.9846,1.9853,1.9729,1.9737,664631.54,0.0,0.0,0
15m,1768873500.0,1.9737,1.9767,1.9708,1.9724,339864.81,0.0,0.0,0
15m,1768874400.0,1.9724,1.973,1.9632,1.9639,418223.33,0.0,0.0,0
15m,1768875300.0,1.9639,1.9673,1.9621,1.9665,233822.6,0.0,0.0,0
15m,1768876200.0,1.9665,1.9704,1.9649,1.9693,152039.84,0.0,0.0,0
15m,1768877100.0,1.9693,1.9715,1.9655,1.9693,332020.67,0.0,0.0,0
15m,1768878000.0,1.9693,1.9702,1.9582,1.96,236546.51,0.0,0.0,0
15m,1768878900.0,1.96,1.9623,1.9567,1.9595,435820.31,0.0,0.0,0
15m,1768879800.0,1.9595,1.9614,1.9551,1.9611,281755.99,0.0,0.0,0
15m,1768880700.0,1.9611,1.9627,1.9595,1.9623,150974.06,0.0,0.0,0
15m,1768881600.0,1.9623,1.9653,1.9604,1.9635,145386.88,0.0,0.0,0
15m,1768882500.0,1.9635,1.9675,1.9599,1.9675,140240.34,0.0,0.0,0
15m,1768883400.0,1.9675,1.9738,1.9659,1.9704,228094.63,0.0,0.0,0
15m,1768884300.0,1.9704,1.9715,1.9631,1.9653,198164.18,0.0,0.0,0
15m,1768885200.0,1.9653,1.968,1.9551,1.9566,461384.31,0.0,0.0,0
15m,1768886100.0,1.9566,1.9644,1.9541,1.9637,262103.07,0.0,0.0,0
15m,1768887000.0,1.9637,1.9665,1.9571,1.9626,278967.0,0.0,0.0,0
15m,1768887900.0,1.9626,1.9691,1.962,1.9665,249375.94,0.0,0.0,0
15m,1768888800.0,1.9665,1.9665,1.9583,1.9584,241749.95,0.0,0.0,0
15m,1768889700.0,1.9584,1.9592,1.9418,1.9586,842302.12,0.0,0.0,0
15m,1768890600.0,1.9586,1.9586,1.9456,1.9541,439093.41,0.0,0.0,0
15m,1768891500.0,1.9541,1.9548,1.9465,1.9486,290617.78,0.0,0.0,0
15m,1768892400.0,1.9486,1.9554,1.9458,1.9546,395495.81,0.0,0.0,0
15m,1768893300.0,1.9546,1.9551,1.9494,1.9525,243725.62,0.0,0.0,0
15m,1768894200.0,1.9525,1.9569,1.9491,1.9545,286323.28,0.0,0.0,0
15m,1768895100.0,1.9545,1.9555,1.9482,1.9491,340159.37,0.0,0.0,0
15m,1768896000.0,1.9491,1.9538,1.9403,1.9427,501323.78,0.0,0.0,0
15m,1768896900.0,1.9427,1.9445,1.9334,1.9424,820402.55,0.0,0.0,0
15m,1768897800.0,1.9424,1.9437,1.9201,1.9235,1600619.29,0.0,0.0,0
15m,1768898700.0,1.9235,1.9311,1.9194,1.9281,768922.83,0.0,0.0,0
15m,1768899600.0,1.9281,1.9309,1.9243,1.9302,301211.32,0.0,0.0,0
15m,1768900500.0,1.9302,1.931,1.9273,1.9291,225857.17,0.0,0.0,0
15m,1768901400.0,1.9291,1.9303,1.9227,1.9243,306842.65,0.0,0.0,0
15m,1768902300.0,1.9243,1.9271,1.9218,1.9256,381994.3,0.0,0.0,0
15m,1768903200.0,1.9256,1.9317,1.9251,1.9303,382436.18,0.0,0.0,0
15m,1768904100.0,1.9303,1.9322,1.9268,1.9322,246625.92,0.0,0.0,0
15m,1768905000.0,1.9322,1.9333,1.9277,1.9288,250932.7,0.0,0.0,0
15m,1768905900.0,1.9288,1.9313,1.9284,1.9301,392798.5,0.0,0.0,0
15m,1768906800.0,1.9301,1.9378,1.9298,1.9361,241434.24,0.0,0.0,0
15m,1768907700.0,1.9361,1.9406,1.9347,1.939,260083.18,0.0,0.0,0
15m,1768908600.0,1.939,1.9408,1.9344,1.9369,264488.91,0.0,0.0,0
15m,1768909500.0,1.9369,1.9373,1.929,1.929,309579.31,0.0,0.0,0
15m,1768910400.0,1.929,1.9346,1.9283,1.933,263222.13,0.0,0.0,0
15m,1768911300.0,1.933,1.934,1.9285,1.9319,288648.81,0.0,0.0,0
15m,1768912200.0,1.9319,1.9365,1.9319,1.9334,215220.09,0.0,0.0,0
15m,1768913100.0,1.9334,1.9369,1.9331,1.9353,326563.95,0.0,0.0,0
15m,1768914000.0,1.9353,1.9353,1.9238,1.9242,394712.33,0.0,0.0,0
15m,1768914900.0,1.9242,1.9277,1.9237,1.9261,272279.22,0.0,0.0,0
15m,1768915800.0,1.9261,1.9295,1.92,1.9253,575516.59,0.0,0.0,0
15m,1768916700.0,1.9253,1.9253,1.9156,1.9169,515841.35,0.0,0.0,0
15m,1768917600.0,1.9169,1.9273,1.9167,1.9257,363882.46,0.0,0.0,0
15m,1768918500.0,1.9257,1.9257,1.9168,1.9201,542665.53,0.0,0.0,0
15m,1768919400.0,1.9201,1.9398,1.9149,1.9327,799805.78,0.0,0.0,0
15m,1768920300.0,1.9327,1.9328,1.919,1.9254,764562.89,0.0,0.0,0
15m,1768921200.0,1.9254,1.9279,1.9092,1.9249,951381.15,0.0,0.0,0
15m,1768922100.0,1.9249,1.9335,1.9161,1.9215,633154.17,0.0,0.0,0
15m,1768923000.0,1.9215,1.9236,1.9122,1.9137,566556.39,0.0,0.0,0
15m,1768923900.0,1.9137,1.9201,1.9104,1.9175,690745.05,0.0,0.0,0
15m,1768924800.0,1.9175,1.9238,1.9141,1.9223,413529.92,0.0,0.0,0
15m,1768925700.0,1.9223,1.9278,1.913,1.915,283946.78,0.0,0.0,0
15m,1768926600.0,1.915,1.9169,1.9048,1.9059,523836.26,0.0,0.0,0
15m,1768927500.0,1.9059,1.913,1.9017,1.9108,370295.4,0.0,0.0,0
15m,1768928400.0,1.9108,1.9208,1.9053,1.9155,610652.0,0.0,0.0,0
15m,1768929300.0,1.9155,1.9175,1.909,1.9109,212161.85,0.0,0.0,0
15m,1768930200.0,1.9109,1.9124,1.9059,1.9083,426430.71,0.0,0.0,0
15m,1768931100.0,1.9083,1.9098,1.898,1.9024,568843.2,0.0,0.0,0
15m,1768932000.0,1.9024,1.909,1.9001,1.9046,478075.9,0.0,0.0,0
15m,1768932900.0,1.9046,1.9059,1.8977,1.8995,269889.55,0.0,0.0,0
15m,1768933800.0,1.8995,1.9015,1.8955,1.8995,454736.76,0.0,0.0,0
15m,1768934700.0,1.8995,1.9004,1.8946,1.8987,291196.28,0.0,0.0,0
15m,1768935600.0,1.8987,1.908,1.8953,1.9018,355232.19,0.0,0.0,0
15m,1768936500.0,1.9018,1.9071,1.8975,1.8985,289626.85,0.0,0.0,0
15m,1768937400.0,1.8985,1.903,1.894,1.9005,529126.1,0.0,0.0,0
15m,1768938300.0,1.9005,1.905,1.8983,1.9026,190438.86,0.0,0.0,0
15m,1768939200.0,1.9026,1.9044,1.8984,1.899,229674.37,0.0,0.0,0
15m,1768940100.0,1.899,1.9118,1.899,1.9106,329604.75,0.0,0.0,0
15m,1768941000.0,1.9106,1.9117,1.8999,1.9021,211280.53,0.0,0.0,0
15m,1768941900.0,1.9021,1.9117,1.9011,1.9057,426893.69,0.0,0.0,0
15m,1768942800.0,1.9057,1.9068,1.8994,1.9001,340645.09,0.0,0.0,0
15m,1768943700.0,1.9001,1.9001,1.8902,1.8918,355561.64,0.0,0.0,0
15m,1768944600.0,1.8918,1.8924,1.8858,1.8914,318390.29,0.0,0.0,0
15m,1768945500.0,1.8914,1.8926,1.8844,1.8893,245473.38,0.0,0.0,0
15m,1768946400.0,1.8893,1.8959,1.8893,1.8949,141895.71,0.0,0.0,0
15m,1768947300.0,1.8949,1.9006,1.8908,1.894,133041.79,0.0,0.0,0
15m,1768948200.0,1.894,1.8958,1.8692,1.8922,1091054.92,0.0,0.0,0
15m,1768949100.0,1.8922,1.8962,1.8855,1.8903,747338.85,0.0,0.0,0
15m,1768950000.0,1.8903,1.8923,1.8861,1.8903,319234.62,0.0,0.0,0
15m,1768950900.0,1.8903,1.8922,1.8844,1.8886,341234.03,0.0,0.0,0
15m,1768951800.0,1.8886,1.8937,1.8869,1.8889,223728.96,0.0,0.0,0
15m,1768952700.0,1.8889,1.8929,1.888,1.8897,289786.54,0.0,0.0,0
15m,1768953600.0,1.8897,1.8956,1.889,1.8946,278057.24,0.0,0.0,0
15m,1768954500.0,1.8946,1.8992,1.8911,1.8992,362787.99,0.0,0.0,0
15m,1768955400.0,1.8992,1.9156,1.8977,1.9085,767596.2,0.0,0.0,0
15m,1768956300.0,1.9085,1.9159,1.9082,1.9139,516563.67,0.0,0.0,0
15m,1768957200.0,1.9139,1.9178,1.9103,1.9113,366605.82,0.0,0.0,0
15m,1768958100.0,1.9113,1.9139,1.9056,1.9075,300224.08,0.0,0.0,0
15m,1768959000.0,1.9075,1.913,1.9015,1.9027,572238.22,0.0,0.0,0
15m,1768959900.0,1.9027,1.9032,1.8983,1.8987,269504.76,0.0,0.0,0
15m,1768960800.0,1.8987,1.9065,1.8987,1.904,294954.0,0.0,0.0,0
15m,1768961700.0,1.904,1.9045,1.8966,1.898,529274.8,0.0,0.0,0
15m,1768962600.0,1.898,1.8997,1.8947,1.8987,207836.04,0.0,0.0,0
15m,1768963500.0,1.8987,1.8989,1.8921,1.897,148979.68,0.0,0.0,0
15m,1768964400.0,1.897,1.9027,1.8966,1.9027,201404.08,0.0,0.0,0
15m,1768965300.0,1.9027,1.9064,1.9019,1.9043,166997.62,0.0,0.0,0
15m,1768966200.0,1.9043,1.9084,1.9033,1.9068,243129.48,0.0,0.0,0
15m,1768967100.0,1.9068,1.9068,1.9011,1.903,151734.45,0.0,0.0,0
15m,1768968000.0,1.903,1.905,1.901,1.903,166659.1,0.0,0.0,0
15m,1768968900.0,1.903,1.9077,1.9018,1.9077,64441.76,0.0,0.0,0
15m,1768969800.0,1.9077,1.9099,1.9052,1.9099,215090.02,0.0,0.0,0
15m,1768970700.0,1.9099,1.9111,1.905,1.9077,319495.94,0.0,0.0,0
15m,1768971600.0,1.9077,1.911,1.9062,1.91,279957.1,0.0,0.0,0
15m,1768972500.0,1.91,1.9106,1.9064,1.9077,152206.71,0.0,0.0,0
15m,1768973400.0,1.9077,1.9209,1.9075,1.9209,264727.5,0.0,0.0,0
15m,1768974300.0,1.9209,1.9267,1.9185,1.9217,418126.8,0.0,0.0,0
15m,1768975200.0,1.9217,1.9227,1.9188,1.9225,190110.36,0.0,0.0,0
15m,1768976100.0,1.9225,1.9225,1.9197,1.9209,121840.95,0.0,0.0,0
15m,1768977000.0,1.9209,1.9209,1.9167,1.9197,287672.51,0.0,0.0,0
15m,1768977900.0,1.9197,1.9197,1.9139,1.9155,600207.47,0.0,0.0,0
15m,1768978800.0,1.9155,1.9168,1.9118,1.9167,212887.59,0.0,0.0,0
15m,1768979700.0,1.9167,1.9222,1.9157,1.9216,224381.77,0.0,0.0,0
15m,1768980600.0,1.9216,1.9216,1.9086,1.9095,433777.0,0.0,0.0,0
15m,1768981500.0,1.9095,1.9108,1.9071,1.9101,246941.43,0.0,0.0,0
15m,1768982400.0,1.9101,1.9101,1.904,1.9044,242487.01,0.0,0.0,0
15m,1768983300.0,1.9044,1.9073,1.9027,1.9056,227249.44,0.0,0.0,0
15m,1768984200.0,1.9056,1.9125,1.898,1.8994,763027.86,0.0,0.0,0
15m,1768985100.0,1.8994,1.9039,1.8984,1.9028,160845.54,0.0,0.0,0
15m,1768986000.0,1.9028,1.9044,1.9002,1.9022,478446.64,0.0,0.0,0
15m,1768986900.0,1.9022,1.9067,1.9011,1.9053,242477.19,0.0,0.0,0
15m,1768987800.0,1.9053,1.9111,1.9034,1.9111,167238.21,0.0,0.0,0
15m,1768988700.0,1.9111,1.9143,1.906,1.9115,542999.65,0.0,0.0,0
15m,1768989600.0,1.9115,1.9157,1.9079,1.9135,341882.44,0.0,0.0,0
15m,1768990500.0,1.9135,1.9157,1.9077,1.9081,270697.49,0.0,0.0,0
15m,1768991400.0,1.9081,1.9116,1.906,1.9079,288992.73,0.0,0.0,0
15m,1768992300.0,1.9079,1.9079,1.9028,1.9029,410820.52,0.0,0.0,0
15m,1768993200.0,1.9029,1.9037,1.8986,1.9037,365493.09,0.0,0.0,0
15m,1768994100.0,1.9037,1.9055,1.9023,1.9049,232374.42,0.0,0.0,0
15m,1768995000.0,1.9049,1.9049,1.9004,1.9008,443789.8,0.0,0.0,0
15m,1768995900.0,1.9008,1.9023,1.8873,1.89,516066.44,0.0,0.0,0
15m,1768996800.0,1.89,1.8957,1.8796,1.8855,676837.11,0.0,0.0,0
15m,1768997700.0,1.8855,1.8903,1.8818,1.8834,495297.47,0.0,0.0,0
15m,1768998600.0,1.8834,1.8918,1.881,1.8917,276798.79,0.0,0.0,0
15m,1768999500.0,1.8917,1.8983,1.8902,1.897,249968.61,0.0,0.0,0
15m,1769000400.0,1.897,1.9038,1.8953,1.9032,189078.4,0.0,0.0,0
15m,1769001300.0,1.9032,1.9045,1.899,1.9032,287259.8,0.0,0.0,0
15m,1769002200.0,1.9032,1.9057,1.8953,1.8963,330946.71,0.0,0.0,0
15m,1769003100.0,1.8963,1.8982,1.8911,1.8968,401986.83,0.0,0.0,0
15m,1769004000.0,1.8968,1.93,1.8909,1.9282,1339486.24,0.0,0.0,0
15m,1769004900.0,1.9282,1.9411,1.924,1.927,1277862.69,0.0,0.0,0
15m,1769005800.0,1.927,1.9407,1.9251,1.9339,1016063.7,0.0,0.0,0
15m,1769006700.0,1.9339,1.9449,1.9285,1.9428,1051458.57,0.0,0.0,0
15m,1769007600.0,1.9428,1.9496,1.9367,1.9486,754456.17,0.0,0.0,0
15m,1769008500.0,1.9486,1.956,1.9424,1.9453,693568.23,0.0,0.0,0
15m,1769009400.0,1.9453,1.9496,1.935,1.9496,512330.47,0.0,0.0,0
15m,1769010300.0,1.9496,1.9606,1.9445,1.9578,449023.4,0.0,0.0,0
15m,1769011200.0,1.9578,1.9588,1.9471,1.9471,400143.34,0.0,0.0,0
15m,1769012100.0,1.9471,1.9473,1.9287,1.9382,605312.25,0.0,0.0,0
15m,1769013000.0,1.9382,1.9382,1.892,1.8931,972101.76,0.0,0.0,0
15m,1769013900.0,1.8931,1.9116,1.8773,1.8793,1440593.12,0.0,0.0,0
15m,1769014800.0,1.8793,1.8984,1.8751,1.8759,1052089.41,0.0,0.0,0
15m,1769015700.0,1.8759,1.8893,1.8736,1.8832,658051.74,0.0,0.0,0
15m,1769016600.0,1.8832,1.8898,1.8712,1.8827,662980.97,0.0,0.0,0
15m,1769017500.0,1.8827,1.8931,1.8808,1.8911,386693.25,0.0,0.0,0
15m,1769018400.0,1.8911,1.899,1.8826,1.8941,406843.13,0.0,0.0,0
15m,1769019300.0,1.8941,1.8971,1.8907,1.8948,291776.12,0.0,0.0,0
15m,1769020200.0,1.8948,1.9002,1.8915,1.8946,388325.85,0.0,0.0,0
15m,1769021100.0,1.8946,1.9144,1.894,1.9053,411678.33,0.0,0.0,0
15m,1769022000.0,1.9053,1.9095,1.8989,1.9009,256310.75,0.0,0.0,0
15m,1769022900.0,1.9009,1.9397,1.8987,1.9383,961741.87,0.0,0.0,0
15m,1769023800.0,1.9383,1.9782,1.934,1.9774,2559728.55,0.0,0.0,0
15m,1769024700.0,1.9774,1.9842,1.9644,1.973,1338331.0,0.0,0.0,0
15m,1769025600.0,1.973,1.9735,1.9538,1.9607,601682.34,0.0,0.0,0
15m,1769026500.0,1.9607,1.9638,1.948,1.9574,603618.91,0.0,0.0,0
15m,1769027400.0,1.9574,1.96,1.9517,1.9568,308751.11,0.0,0.0,0
15m,1769028300.0,1.9568,1.9732,1.9568,1.9726,481659.27,0.0,0.0,0
15m,1769029200.0,1.9726,1.984,1.9667,1.9753,421130.21,0.0,0.0,0
15m,1769030100.0,1.9753,1.9863,1.9729,1.9763,638809.6,0.0,0.0,0
15m,1769031000.0,1.9763,1.9816,1.9742,1.9792,325391.67,0.0,0.0,0
15m,1769031900.0,1.9792,1.9804,1.9734,1.9748,295995.07,0.0,0.0,0
15m,1769032800.0,1.9748,1.99,1.9743,1.9816,553326.86,0.0,0.0,0
15m,1769033700.0,1.9816,1.984,1.9758,1.9781,571988.39,0.0,0.0,0
15m,1769034600.0,1.9781,1.9796,1.9691,1.97,277843.41,0.0,0.0,0
15m,1769035500.0,1.97,1.9727,1.9656,1.9659,243751.24,0.0,0.0,0
15m,1769036400.0,1.9659,1.9681,1.9621,1.965,333937.65,0.0,0.0,0
15m,1769037300.0,1.965,1.9651,1.9552,1.9587,248934.76,0.0,0.0,0
15m,1769038200.0,1.9587,1.9592,1.9472,1.9472,274873.85,0.0,0.0,0
15m,1769039100.0,1.9472,1.9487,1.9392,1.9474,378684.13,0.0,0.0,0
15m,1769040000.0,1.9474,1.9557,1.9471,1.9549,311536.56,0.0,0.0,0
15m,1769040900.0,1.9549,1.9596,1.951,1.9558,254652.07,0.0,0.0,0
15m,1769041800.0,1.9558,1.9594,1.9555,1.9577,154542.71,0.0,0.0,0
15m,1769042700.0,1.9577,1.9613,1.9548,1.955,108174.19,0.0,0.0,0
15m,1769043600.0,1.955,1.9612,1.9521,1.9577,354230.46,0.0,0.0,0
15m,1769044500.0,1.9577,1.9677,1.9576,1.9663,255103.77,0.0,0.0,0
15m,1769045400.0,1.9663,1.9667,1.9556,1.9573,265144.03,0.0,0.0,0
15m,1769046300.0,1.9573,1.9607,1.9548,1.9588,164212.47,0.0,0.0,0
15m,1769047200.0,1.9588,1.9613,1.9543,1.9568,569252.57,0.0,0.0,0
15m,1769048100.0,1.9568,1.9592,1.9547,1.9575,326594.58,0.0,0.0,0
15m,1769049000.0,1.9575,1.9575,1.9514,1.9522,174491.58,0.0,0.0,0
15m,1769049900.0,1.9522,1.9525,1.9444,1.9458,362165.3,0.0,0.0,0
15m,1769050800.0,1.9458,1.9554,1.9456,1.9534,161438.14,0.0,0.0,0
15m,1769051700.0,1.9534,1.9534,1.9474,1.9477,119744.12,0.0,0.0,0
15m,1769052600.0,1.9477,1.9477,1.9422,1.9467,210594.09,0.0,0.0,0
15m,1769053500.0,1.9467,1.9491,1.9456,1.9477,122964.77,0.0,0.0,0
15m,1769054400.0,1.9477,1.9527,1.9473,1.9495,170333.09,0.0,0.0,0
15m,1769055300.0,1.9495,1.9549,1.9484,1.9519,301666.8,0.0,0.0,0
15m,1769056200.0,1.9519,1.9539,1.9491,1.9522,135001.48,0.0,0.0,0
15m,1769057100.0,1.9522,1.9548,1.9513,1.9531,73843.71,0.0,0.0,0
15m,1769058000.0,1.9531,1.9545,1.9512,1.9519,68433.76,0.0,0.0,0
15m,1769058900.0,1.9519,1.9522,1.9465,1.9468,155609.05,0.0,0.0,0
15m,1769059800.0,1.9468,1.9542,1.9467,1.9523,149339.09,0.0,0.0,0
15m,1769060700.0,1.9523,1.9551,1.9499,1.9534,112006.29,0.0,0.0,0
15m,1769061600.0,1.9534,1.9568,1.9481,1.9518,152909.9,0.0,0.0,0
15m,1769062500.0,1.9518,1.9563,1.9499,1.9508,166910.77,0.0,0.0,0
15m,1769063400.0,1.9508,1.9559,1.9502,1.9546,129179.79,0.0,0.0,0
15m,1769064300.0,1.9546,1.96,1.9541,1.9557,762524.32,0.0,0.0,0
15m,1769065200.0,1.9557,1.9566,1.9502,1.9505,161850.16,0.0,0.0,0
15m,1769066100.0,1.9505,1.9513,1.9474,1.9511,154817.39,0.0,0.0,0
15m,1769067000.0,1.9511,1.9524,1.9477,1.9516,178294.29,0.0,0.0,0
15m,1769067900.0,1.9516,1.9533,1.9465,1.9486,484657.93,0.0,0.0,0
15m,1769068800.0,1.9486,1.956,1.948,1.9501,255622.11,0.0,0.0,0
15m,1769069700.0,1.9501,1.9524,1.9469,1.9512,132552.72,0.0,0.0,0
15m,1769070600.0,1.9512,1.9539,1.9477,1.9527,92013.63,0.0,0.0,0
15m,1769071500.0,1.9527,1.9593,1.9513,1.9585,136208.85,0.0,0.0,0
15m,1769072400.0,1.9585,1.9626,1.956,1.9619,93333.98,0.0,0.0,0
15m,1769073300.0,1.9619,1.9633,1.9568,1.9577,103187.46,0.0,0.0,0
15m,1769074200.0,1.9577,1.9644,1.9571,1.9636,257204.92,0.0,0.0,0
15m,1769075100.0,1.9636,1.9643,1.9611,1.964,155537.52,0.0,0.0,0
15m,1769076000.0,1.964,1.9645,1.9592,1.96,238078.64,0.0,0.0,0
15m,1769076900.0,1.96,1.9602,1.9553,1.9567,270389.09,0.0,0.0,0
15m,1769077800.0,1.9567,1.9582,1.9548,1.9569,129058.25,0.0,0.0,0
15m,1769078700.0,1.9569,1.957,1.9533,1.9563,234452.42,0.0,0.0,0
15m,1769079600.0,1.9563,1.957,1.95,1.9509,350564.07,0.0,0.0,0
15m,1769080500.0,1.9509,1.9524,1.9447,1.9469,355260.31,0.0,0.0,0
15m,1769081400.0,1.9469,1.9485,1.9425,1.9448,332094.17,0.0,0.0,0
15m,1769082300.0,1.9448,1.9471,1.9432,1.9437,174019.25,0.0,0.0,0
15m,1769083200.0,1.9437,1.9474,1.9421,1.9471,343925.26,0.0,0.0,0
15m,1769084100.0,1.9471,1.9499,1.9466,1.9486,125764.65,0.0,0.0,0
15m,1769085000.0,1.9486,1.9491,1.9443,1.9443,176751.58,0.0,0.0,0
15m,1769085900.0,1.9443,1.9458,1.9411,1.9417,198866.09,0.0,0.0,0
15m,1769086800.0,1.9417,1.9422,1.9322,1.9365,672295.52,0.0,0.0,0
15m,1769087700.0,1.9365,1.9419,1.9364,1.9415,544932.28,0.0,0.0,0
15m,1769088600.0,1.9415,1.9471,1.9265,1.9287,932522.73,0.0,0.0,0
15m,1769089500.0,1.9287,1.9318,1.9261,1.9303,343641.74,0.0,0.0,0
15m,1769090400.0,1.9303,1.9326,1.9253,1.932,282364.58,0.0,0.0,0
15m,1769091300.0,1.932,1.9323,1.9201,1.9232,485111.73,0.0,0.0,0
15m,1769092200.0,1.9232,1.9318,1.9175,1.9257,867847.32,0.0,0.0,0
15m,1769093100.0,1.9257,1.9265,1.9146,1.9154,618144.08,0.0,0.0,0
15m,1769094000.0,1.9154,1.9217,1.9123,1.9186,703141.66,0.0,0.0,0
15m,1769094900.0,1.9186,1.9213,1.9044,1.9052,664572.89,0.0,0.0,0
15m,1769095800.0,1.9052,1.9155,1.9013,1.915,543015.79,0.0,0.0,0
15m,1769096700.0,1.915,1.9238,1.9114,1.9143,583385.63,0.0,0.0,0
15m,1769097600.0,1.9143,1.9187,1.9102,1.9126,217547.11,0.0,0.0,0
15m,1769098500.0,1.9126,1.9235,1.9051,1.9146,1231768.08,0.0,0.0,0
15m,1769099400.0,1.9146,1.9228,1.9127,1.9217,375085.12,0.0,0.0,0
15m,1769100300.0,1.9217,1.9291,1.9214,1.9231,351777.08,0.0,0.0,0
15m,1769101200.0,1.9231,1.925,1.9181,1.9208,367185.13,0.0,0.0,0
15m,1769102100.0,1.9208,1.9239,1.9127,1.914,712646.33,0.0,0.0,0
15m,1769103000.0,1.914,1.9189,1.913,1.9184,106817.01,0.0,0.0,0
15m,1769103900.0,1.9184,1.9299,1.9184,1.9292,538510.17,0.0,0.0,0
15m,1769104800.0,1.9292,1.9296,1.9219,1.9241,325106.6,0.0,0.0,0
15m,1769105700.0,1.9241,1.9307,1.9238,1.9285,190405.83,0.0,0.0,0
15m,1769106600.0,1.9285,1.9333,1.927,1.9291,233954.22,0.0,0.0,0
15m,1769107500.0,1.9291,1.9302,1.9203,1.9222,215787.43,0.0,0.0,0
15m,1769108400.0,1.9222,1.9259,1.9175,1.9239,171518.36,0.0,0.0,0
15m,1769109300.0,1.9239,1.9263,1.9197,1.9244,174587.93,0.0,0.0,0
15m,1769110200.0,1.9244,1.9353,1.9244,1.9334,245130.79,0.0,0.0,0
15m,1769111100.0,1.9334,1.9357,1.9288,1.9324,240994.18,0.0,0.0,0
15m,1769112000.0,1.9324,1.9325,1.9272,1.9324,240538.89,0.0,0.0,0
15m,1769112900.0,1.9324,1.9339,1.9213,1.924,208749.49,0.0,0.0,0
15m,1769113800.0,1.924,1.9272,1.9187,1.9203,183809.17,0.0,0.0,0
15m,1769114700.0,1.9203,1.9303,1.9199,1.9236,295519.72,0.0,0.0,0
15m,1769115600.0,1.9236,1.9282,1.9203,1.9258,150360.76,0.0,0.0,0
15m,1769116500.0,1.9258,1.9322,1.9251,1.9299,208378.35,0.0,0.0,0
15m,1769117400.0,1.9299,1.9302,1.9232,1.9242,60712.41,0.0,0.0,0
15m,1769118300.0,1.9242,1.928,1.9223,1.9254,139079.57,0.0,0.0,0
15m,1769119200.0,1.9254,1.9323,1.923,1.9282,169319.57,0.0,0.0,0
15m,1769120100.0,1.9282,1.9306,1.9258,1.9268,69442.84,0.0,0.0,0
15m,1769121000.0,1.9268,1.928,1.923,1.9261,79183.87,0.0,0.0,0
15m,1769121900.0,1.9261,1.9286,1.9241,1.9245,60587.34,0.0,0.0,0
15m,1769122800.0,1.9245,1.9246,1.9159,1.921,298492.28,0.0,0.0,0
15m,1769123700.0,1.921,1.9246,1.9194,1.9222,97633.32,0.0,0.0,0
15m,1769124600.0,1.9222,1.9259,1.9204,1.9217,141484.25,0.0,0.0,0
15m,1769125500.0,1.9217,1.9243,1.9213,1.9238,79196.8,0.0,0.0,0
15m,1769126400.0,1.9238,1.9256,1.9209,1.9252,161210.09,0.0,0.0,0
15m,1769127300.0,1.9252,1.9265,1.9231,1.9241,98871.49,0.0,0.0,0
15m,1769128200.0,1.9241,1.9241,1.9174,1.918,179431.59,0.0,0.0,0
15m,1769129100.0,1.918,1.9205,1.9166,1.9181,94312.7,0.0,0.0,0
15m,1769130000.0,1.9181,1.922,1.9166,1.9169,160759.34,0.0,0.0,0
15m,1769130900.0,1.9169,1.921,1.9169,1.9204,67696.19,0.0,0.0,0
15m,1769131800.0,1.9204,1.9234,1.919,1.9224,104800.42,0.0,0.0,0
15m,1769132700.0,1.9224,1.9242,1.9212,1.9218,75581.85,0.0,0.0,0
15m,1769133600.0,1.9218,1.9232,1.9179,1.9207,143048.39,0.0,0.0,0
15m,1769134500.0,1.9207,1.9207,1.9155,1.9171,175420.39,0.0,0.0,0
15m,1769135400.0,1.9171,1.9191,1.9167,1.9172,120140.51,0.0,0.0,0
15m,1769136300.0,1.9172,1.918,1.9089,1.9094,123150.3,0.0,0.0,0
15m,1769137200.0,1.9094,1.9141,1.9093,1.9141,87548.17,0.0,0.0,0
15m,1769138100.0,1.9141,1.9182,1.9139,1.9163,127776.3,0.0,0.0,0
15m,1769139000.0,1.9163,1.9173,1.9119,1.9153,286185.95,0.0,0.0,0
15m,1769139900.0,1.9153,1.9162,1.9132,1.9162,88876.51,0.0,0.0,0
15m,1769140800.0,1.9162,1.9233,1.9138,1.9229,213416.96,0.0,0.0,0
15m,1769141700.0,1.9229,1.924,1.9195,1.923,113411.68,0.0,0.0,0
15m,1769142600.0,1.923,1.9235,1.9196,1.9231,108515.52,0.0,0.0,0
15m,1769143500.0,1.9231,1.9258,1.9204,1.9205,130650.58,0.0,0.0,0
15m,1769144400.0,1.9205,1.9212,1.9188,1.9205,76872.38,0.0,0.0,0
15m,1769145300.0,1.9205,1.9205,1.9101,1.9123,186925.12,0.0,0.0,0
15m,1769146200.0,1.9123,1.9154,1.9116,1.913,235150.73,0.0,0.0,0
15m,1769147100.0,1.913,1.913,1.9079,1.911,229119.13,0.0,0.0,0
15m,1769148000.0,1.911,1.916,1.9099,1.9152,138366.92,0.0,0.0,0
15m,1769148900.0,1.9152,1.917,1.9033,1.9061,143112.22,0.0,0.0,0
15m,1769149800.0,1.9061,1.9144,1.9048,1.9131,158218.85,0.0,0.0,0
15m,1769150700.0,1.9131,1.9137,1.9088,1.911,142047.55,0.0,0.0,0
15m,1769151600.0,1.911,1.9132,1.9089,1.9123,162665.03,0.0,0.0,0
15m,1769152500.0,1.9123,1.9141,1.91,1.9139,116185.7,0.0,0.0,0
15m,1769153400.0,1.9139,1.9147,1.9128,1.9144,73100.25,0.0,0.0,0
15m,1769154300.0,1.9144,1.9161,1.91,1.9141,311143.81,0.0,0.0,0
15m,1769155200.0,1.9141,1.9157,1.9091,1.9114,401430.08,0.0,0.0,0
15m,1769156100.0,1.9114,1.9118,1.9054,1.9066,186637.92,0.0,0.0,0
15m,1769157000.0,1.9066,1.9082,1.9025,1.9073,353675.75,0.0,0.0,0
15m,1769157900.0,1.9073,1.91,1.9031,1.9054,804621.72,0.0,0.0,0
15m,1769158800.0,1.9054,1.9121,1.9048,1.9099,192895.07,0.0,0.0,0
15m,1769159700.0,1.9099,1.9099,1.9054,1.9056,166206.49,0.0,0.0,0
15m,1769160600.0,1.9056,1.9098,1.9015,1.9083,171144.54,0.0,0.0,0
15m,1769161500.0,1.9083,1.9098,1.9059,1.9075,178050.03,0.0,0.0,0
15m,1769162400.0,1.9075,1.9123,1.907,1.9111,294490.91,0.0,0.0,0
15m,1769163300.0,1.9111,1.9127,1.9091,1.9091,179862.88,0.0,0.0,0
15m,1769164200.0,1.9091,1.9123,1.9074,1.9121,110056.21,0.0,0.0,0
15m,1769165100.0,1.9121,1.9129,1.9077,1.9077,165123.27,0.0,0.0,0
15m,1769166000.0,1.9077,1.9123,1.9065,1.9118,431987.4,0.0,0.0,0
15m,1769166900.0,1.9118,1.9124,1.9101,1.9111,291867.7,0.0,0.0,0
15m,1769167800.0,1.9111,1.9148,1.9107,1.9135,244964.44,0.0,0.0,0
15m,1769168700.0,1.9135,1.9145,1.9123,1.9141,89608.04,0.0,0.0,0
15m,1769169600.0,1.9141,1.9141,1.9111,1.9111,94651.34,0.0,0.0,0
15m,1769170500.0,1.9111,1.9126,1.9101,1.9111,76495.12,0.0,0.0,0
15m,1769171400.0,1.9111,1.9115,1.9089,1.9106,121439.65,0.0,0.0,0
15m,1769172300.0,1.9106,1.9128,1.9099,1.9099,360522.9,0.0,0.0,0
15m,1769173200.0,1.9099,1.9107,1.9086,1.91,256961.83,0.0,0.0,0
15m,1769174100.0,1.91,1.9122,1.909,1.9094,333836.95,0.0,0.0,0
15m,1769175000.0,1.9094,1.91,1.9041,1.9064,304061.73,0.0,0.0,0
15m,1769175900.0,1.9064,1.9091,1.9042,1.9051,479271.12,0.0,0.0,0
15m,1769176800.0,1.9051,1.9073,1.904,1.9043,550447.5,0.0,0.0,0
15m,1769177700.0,1.9043,1.9087,1.9017,1.9076,521734.8,0.0,0.0,0
15m,1769178600.0,1.9076,1.9089,1.8887,1.8947,1818049.24,0.0,0.0,0
15m,1769179500.0,1.8947,1.8996,1.8868,1.8967,757161.02,0.0,0.0,0
15m,1769180400.0,1.8967,1.9004,1.8922,1.8938,526837.01,0.0,0.0,0
15m,1769181300.0,1.8938,1.9063,1.8893,1.9012,544702.66,0.0,0.0,0
15m,1769182200.0,1.9012,1.9118,1.9001,1.9087,477071.29,0.0,0.0,0
15m,1769183100.0,1.9087,1.9228,1.9087,1.9221,605117.13,0.0,0.0,0
15m,1769184000.0,1.9221,1.9336,1.9201,1.9287,728530.69,0.0,0.0,0
15m,1769184900.0,1.9287,1.9315,1.9234,1.9262,322127.83,0.0,0.0,0
15m,1769185800.0,1.9262,1.9484,1.9233,1.9449,1015213.43,0.0,0.0,0
15m,1769186700.0,1.9449,1.9505,1.936,1.9365,833399.24,0.0,0.0,0
15m,1769187600.0,1.9365,1.9366,1.927,1.9307,904952.14,0.0,0.0,0
15m,1769188500.0,1.9307,1.9565,1.9307,1.9565,711206.23,0.0,0.0,0
15m,1769189400.0,1.9565,1.9656,1.9528,1.9584,1012057.84,0.0,0.0,0
15m,1769190300.0,1.9584,1.9626,1.9464,1.9473,398473.53,0.0,0.0,0
15m,1769191200.0,1.9473,1.9608,1.9423,1.9511,1160277.04,0.0,0.0,0
15m,1769192100.0,1.9511,1.9556,1.9486,1.9489,284911.73,0.0,0.0,0
15m,1769193000.0,1.9489,1.9553,1.9465,1.9473,292460.0,0.0,0.0,0
15m,1769193900.0,1.9473,1.9481,1.9426,1.9445,323339.01,0.0,0.0,0
15m,1769194800.0,1.9445,1.9445,1.9368,1.939,543983.72,0.0,0.0,0
15m,1769195700.0,1.939,1.9393,1.9279,1.933,792466.65,0.0,0.0,0
15m,1769196600.0,1.933,1.933,1.9242,1.9313,318504.86,0.0,0.0,0
15m,1769197500.0,1.9313,1.9328,1.9211,1.9234,348054.07,0.0,0.0,0
15m,1769198400.0,1.9234,1.928,1.9188,1.925,421472.78,0.0,0.0,0
15m,1769199300.0,1.925,1.9263,1.9198,1.9198,86577.68,0.0,0.0,0
15m,1769200200.0,1.9198,1.9199,1.9081,1.9139,501034.14,0.0,0.0,0
15m,1769201100.0,1.9139,1.9209,1.9085,1.9166,752042.59,0.0,0.0,0
15m,1769202000.0,1.9166,1.9232,1.9142,1.9232,414301.17,0.0,0.0,0
15m,1769202900.0,1.9232,1.9269,1.9197,1.9238,93073.19,0.0,0.0,0
15m,1769203800.0,1.9238,1.9247,1.9176,1.9195,215905.34,0.0,0.0,0
15m,1769204700.0,1.9195,1.922,1.9173,1.9182,385241.22,0.0,0.0,0
15m,1769205600.0,1.9182,1.9274,1.9175,1.9244,446251.89,0.0,0.0,0
15m,1769206500.0,1.9244,1.9277,1.9227,1.9247,166898.05,0.0,0.0,0
15m,1769207400.0,1.9247,1.9313,1.9231,1.9231,392787.67,0.0,0.0,0
15m,1769208300.0,1.9231,1.9269,1.9216,1.926,57743.77,0.0,0.0,0
15m,1769209200.0,1.926,1.926,1.9202,1.9217,134496.38,0.0,0.0,0
15m,1769210100.0,1.9217,1.9232,1.919,1.923,80471.98,0.0,0.0,0
15m,1769211000.0,1.923,1.923,1.9197,1.9211,195073.72,0.0,0.0,0
15m,1769211900.0,1.9211,1.923,1.9195,1.9195,112929.72,0.0,0.0,0
15m,1769212800.0,1.9195,1.9236,1.918,1.9184,87238.16,0.0,0.0,0
15m,1769213700.0,1.9184,1.9219,1.9181,1.9201,67870.84,0.0,0.0,0
15m,1769214600.0,1.9201,1.9232,1.9197,1.9219,94199.62,0.0,0.0,0
15m,1769215500.0,1.9219,1.9221,1.9193,1.9193,141546.32,0.0,0.0,0
15m,1769216400.0,1.9193,1.9203,1.918,1.9184,88525.73,0.0,0.0,0
15m,1769217300.0,1.9184,1.9219,1.9178,1.9214,35506.36,0.0,0.0,0
15m,1769218200.0,1.9214,1.9214,1.9162,1.9179,59591.32,0.0,0.0,0
15m,1769219100.0,1.9179,1.9206,1.9173,1.9206,87661.11,0.0,0.0,0
15m,1769220000.0,1.9206,1.9228,1.92,1.9227,55727.46,0.0,0.0,0
15m,1769220900.0,1.9227,1.9261,1.9224,1.9234,81365.37,0.0,0.0,0
15m,1769221800.0,1.9234,1.9269,1.9233,1.9251,194411.1,0.0,0.0,0
15m,1769222700.0,1.9251,1.9257,1.9232,1.9239,84497.99,0.0,0.0,0
15m,1769223600.0,1.9239,1.9267,1.9216,1.9255,148240.68,0.0,0.0,0
15m,1769224500.0,1.9255,1.9261,1.9225,1.9261,69293.94,0.0,0.0,0
15m,1769225400.0,1.9261,1.9273,1.9239,1.926,63813.23,0.0,0.0,0
15m,1769226300.0,1.926,1.9261,1.923,1.9234,106582.82,0.0,0.0,0
15m,1769227200.0,1.9234,1.9274,1.9229,1.9265,68526.3,0.0,0.0,0
15m,1769228100.0,1.9265,1.9275,1.924,1.924,99750.83,0.0,0.0,0
15m,1769229000.0,1.924,1.926,1.9238,1.9252,64898.6,0.0,0.0,0
15m,1769229900.0,1.9252,1.9255,1.9238,1.9254,77637.64,0.0,0.0,0
15m,1769230800.0,1.9254,1.9254,1.9226,1.9228,56063.74,0.0,0.0,0
15m,1769231700.0,1.9228,1.9235,1.9219,1.9231,56006.01,0.0,0.0,0
15m,1769232600.0,1.9231,1.9237,1.9211,1.9231,142814.68,0.0,0.0,0
15m,1769233500.0,1.9231,1.9238,1.9198,1.9217,285209.56,0.0,0.0,0
15m,1769234400.0,1.9217,1.9222,1.9201,1.9222,74560.75,0.0,0.0,0
15m,1769235300.0,1.9222,1.9222,1.9187,1.9188,66032.59,0.0,0.0,0
15m,1769236200.0,1.9188,1.9209,1.9188,1.9203,51385.75,0.0,0.0,0
15m,1769237100.0,1.9203,1.9204,1.9179,1.9186,63835.19,0.0,0.0,0
15m,1769238000.0,1.9186,1.9198,1.918,1.9197,48138.29,0.0,0.0,0
15m,1769238900.0,1.9197,1.9197,1.9169,1.9174,77539.11,0.0,0.0,0
15m,1769239800.0,1.9174,1.9188,1.9169,1.9186,78459.01,0.0,0.0,0
15m,1769240700.0,1.9186,1.92,1.9184,1.9189,134504.01,0.0,0.0,0
15m,1769241600.0,1.9189,1.92,1.918,1.9199,89162.85,0.0,0.0,0
15m,1769242500.0,1.9199,1.9206,1.9194,1.9204,21324.13,0.0,0.0,0
15m,1769243400.0,1.9204,1.9214,1.9198,1.9214,115877.54,0.0,0.0,0
15m,1769244300.0,1.9214,1.9214,1.9189,1.9195,58347.06,0.0,0.0,0
15m,1769245200.0,1.9195,1.9198,1.9171,1.9188,68787.34,0.0,0.0,0
15m,1769246100.0,1.9188,1.9188,1.917,1.9172,41087.79,0.0,0.0,0
15m,1769247000.0,1.9172,1.9177,1.9166,1.9173,43706.02,0.0,0.0,0
15m,1769247900.0,1.9173,1.9184,1.9147,1.9184,104727.92,0.0,0.0,0
15m,1769248800.0,1.9184,1.9184,1.9154,1.9159,83508.69,0.0,0.0,0
15m,1769249700.0,1.9159,1.9171,1.9156,1.9164,34955.73,0.0,0.0,0
15m,1769250600.0,1.9164,1.9175,1.9161,1.9171,118221.28,0.0,0.0,0
15m,1769251500.0,1.9171,1.9179,1.9171,1.9177,36774.56,0.0,0.0,0
15m,1769252400.0,1.9177,1.9197,1.9174,1.9196,17066.11,0.0,0.0,0
15m,1769253300.0,1.9196,1.9203,1.9193,1.9196,51092.02,0.0,0.0,0
15m,1769254200.0,1.9196,1.9199,1.9183,1.9196,54370.81,0.0,0.0,0
15m,1769255100.0,1.9196,1.9196,1.917,1.9171,43869.43,0.0,0.0,0
15m,1769256000.0,1.9171,1.9173,1.9158,1.9159,56427.43,0.0,0.0,0
15m,1769256900.0,1.9159,1.9211,1.9156,1.9198,111698.23,0.0,0.0,0
15m,1769257800.0,1.9198,1.9228,1.9196,1.9204,64251.95,0.0,0.0,0
15m,1769258700.0,1.9204,1.9209,1.9191,1.9197,32590.49,0.0,0.0,0
15m,1769259600.0,1.9197,1.9206,1.9187,1.9201,37631.91,0.0,0.0,0
15m,1769260500.0,1.9201,1.9209,1.919,1.9197,146614.1,0.0,0.0,0
15m,1769261400.0,1.9197,1.9207,1.919,1.9207,68162.26,0.0,0.0,0
15m,1769262300.0,1.9207,1.9245,1.9187,1.9187,175118.37,0.0,0.0,0
15m,1769263200.0,1.9187,1.9209,1.9168,1.92,213368.61,0.0,0.0,0
15m,1769264100.0,1.92,1.9217,1.9184,1.9194,101874.21,0.0,0.0,0
15m,1769265000.0,1.9194,1.922,1.9182,1.9198,302393.79,0.0,0.0,0
15m,1769265900.0,1.9198,1.9216,1.9166,1.9195,200322.16,0.0,0.0,0
15m,1769266800.0,1.9195,1.9216,1.9192,1.9207,63044.59,0.0,0.0,0
15m,1769267700.0,1.9207,1.9207,1.9171,1.9177,92302.24,0.0,0.0,0
15m,1769268600.0,1.9177,1.9186,1.9144,1.9154,196158.84,0.0,0.0,0
15m,1769269500.0,1.9154,1.9161,1.9125,1.9129,106359.78,0.0,0.0,0
15m,1769270400.0,1.9129,1.9156,1.9122,1.9141,405991.26,0.0,0.0,0
15m,1769271300.0,1.9141,1.9151,1.9101,1.9151,89429.56,0.0,0.0,0
15m,1769272200.0,1.9151,1.9151,1.9133,1.9144,79642.74,0.0,0.0,0
15m,1769273100.0,1.9144,1.9171,1.9135,1.9149,86163.38,0.0,0.0,0
15m,1769274000.0,1.9149,1.9157,1.9132,1.9153,141169.75,0.0,0.0,0
15m,1769274900.0,1.9153,1.9171,1.9147,1.917,70439.04,0.0,0.0,0
15m,1769275800.0,1.917,1.9191,1.9163,1.9173,94918.86,0.0,0.0,0
15m,1769276700.0,1.9173,1.9181,1.9169,1.9172,37076.02,0.0,0.0,0
15m,1769277600.0,1.9172,1.9181,1.9168,1.9177,29151.39,0.0,0.0,0
15m,1769278500.0,1.9177,1.9195,1.9174,1.9187,99091.45,0.0,0.0,0
15m,1769279400.0,1.9187,1.9205,1.9173,1.9189,127454.95,0.0,0.0,0
15m,1769280300.0,1.9189,1.9211,1.9184,1.9207,92093.2,0.0,0.0,0
15m,1769281200.0,1.9207,1.9209,1.9155,1.9155,96895.53,0.0,0.0,0
15m,1769282100.0,1.9155,1.9165,1.9148,1.9165,47863.49,0.0,0.0,0
15m,1769283000.0,1.9165,1.9173,1.916,1.9173,33688.22,0.0,0.0,0
15m,1769283900.0,1.9173,1.9173,1.9158,1.9167,46465.7,0.0,0.0,0
15m,1769284800.0,1.9167,1.9178,1.9164,1.9171,28195.93,0.0,0.0,0
15m,1769285700.0,1.9171,1.9189,1.9171,1.9186,31820.75,0.0,0.0,0
15m,1769286600.0,1.9186,1.9186,1.917,1.9174,36843.18,0.0,0.0,0
15m,1769287500.0,1.9174,1.9184,1.9173,1.9175,20798.52,0.0,0.0,0
15m,1769288400.0,1.9175,1.9176,1.9142,1.9154,67184.16,0.0,0.0,0
15m,1769289300.0,1.9154,1.9168,1.9149,1.9165,29761.75,0.0,0.0,0
15m,1769290200.0,1.9165,1.9183,1.9154,1.9172,61722.15,0.0,0.0,0
15m,1769291100.0,1.9172,1.9179,1.9167,1.9178,40242.46,0.0,0.0,0
15m,1769292000.0,1.9178,1.9232,1.9178,1.9219,56168.27,0.0,0.0,0
15m,1769292900.0,1.9219,1.9234,1.9211,1.9212,49394.45,0.0,0.0,0
15m,1769293800.0,1.9212,1.9212,1.918,1.9183,40536.26,0.0,0.0,0
15m,1769294700.0,1.9183,1.9224,1.9182,1.9221,79184.45,0.0,0.0,0
15m,1769295600.0,1.9221,1.9226,1.9172,1.9194,67281.48,0.0,0.0,0
15m,1769296500.0,1.9194,1.9197,1.9164,1.9168,76113.34,0.0,0.0,0
15m,1769297400.0,1.9168,1.9179,1.9148,1.9156,51569.55,0.0,0.0,0
15m,1769298300.0,1.9156,1.9171,1.9143,1.9145,135068.45,0.0,0.0,0
15m,1769299200.0,1.9145,1.9169,1.9138,1.9144,89617.87,0.0,0.0,0
15m,1769300100.0,1.9144,1.9165,1.9122,1.9131,88828.02,0.0,0.0,0
15m,1769301000.0,1.9131,1.9139,1.9118,1.9125,76556.08,0.0,0.0,0
15m,1769301900.0,1.9125,1.915,1.9111,1.915,56474.87,0.0,0.0,0
15m,1769302800.0,1.915,1.9152,1.91,1.9106,205086.33,0.0,0.0,0
15m,1769303700.0,1.9106,1.9108,1.907,1.9083,300061.9,0.0,0.0,0
15m,1769304600.0,1.9083,1.9083,1.9046,1.9051,192123.34,0.0,0.0,0
15m,1769305500.0,1.9051,1.9061,1.904,1.9061,114836.32,0.0,0.0,0
15m,1769306400.0,1.9061,1.9099,1.9055,1.9069,139283.84,0.0,0.0,0
15m,1769307300.0,1.9069,1.9079,1.9058,1.906,77162.27,0.0,0.0,0
15m,1769308200.0,1.906,1.9082,1.9059,1.9064,78861.93,0.0,0.0,0
15m,1769309100.0,1.9064,1.9079,1.9063,1.9071,55039.68,0.0,0.0,0
15m,1769310000.0,1.9071,1.908,1.9061,1.9061,54326.41,0.0,0.0,0
15m,1769310900.0,1.9061,1.9061,1.9027,1.9033,177453.9,0.0,0.0,0
15m,1769311800.0,1.9033,1.9033,1.8993,1.8999,341371.96,0.0,0.0,0
15m,1769312700.0,1.8999,1.9013,1.8984,1.9006,120545.8,0.0,0.0,0
15m,1769313600.0,1.9006,1.9028,1.8999,1.9006,118767.11,0.0,0.0,0
15m,1769314500.0,1.9006,1.902,1.899,1.902,110190.99,0.0,0.0,0
15m,1769315400.0,1.902,1.9038,1.9019,1.903,99962.1,0.0,0.0,0
15m,1769316300.0,1.903,1.9032,1.9013,1.9014,67693.39,0.0,0.0,0
15m,1769317200.0,1.9014,1.902,1.9006,1.902,110368.74,0.0,0.0,0
15m,1769318100.0,1.902,1.9021,1.8995,1.9001,89689.42,0.0,0.0,0
15m,1769319000.0,1.9001,1.9001,1.8976,1.8981,130096.68,0.0,0.0,0
15m,1769319900.0,1.8981,1.9021,1.8981,1.902,63565.22,0.0,0.0,0
15m,1769320800.0,1.902,1.9021,1.8976,1.8976,131899.03,0.0,0.0,0
15m,1769321700.0,1.8976,1.8995,1.8954,1.8966,309296.9,0.0,0.0,0
15m,1769322600.0,1.8966,1.9002,1.8956,1.8988,133957.31,0.0,0.0,0
15m,1769323500.0,1.8988,1.8998,1.8978,1.8982,76192.39,0.0,0.0,0
15m,1769324400.0,1.8982,1.8984,1.8954,1.8957,72868.45,0.0,0.0,0
15m,1769325300.0,1.8957,1.8997,1.8953,1.8987,146335.53,0.0,0.0,0
15m,1769326200.0,1.8987,1.8988,1.8978,1.8982,76156.92,0.0,0.0,0
15m,1769327100.0,1.8982,1.8982,1.8941,1.8949,148091.29,0.0,0.0,0
15m,1769328000.0,1.8949,1.8996,1.8947,1.8974,175149.66,0.0,0.0,0
15m,1769328900.0,1.8974,1.8988,1.8955,1.8974,62348.32,0.0,0.0,0
15m,1769329800.0,1.8974,1.8977,1.8905,1.8942,287137.01,0.0,0.0,0
15m,1769330700.0,1.8942,1.8942,1.89,1.891,196945.94,0.0,0.0,0
15m,1769331600.0,1.891,1.892,1.8871,1.8893,315927.3,0.0,0.0,0
15m,1769332500.0,1.8893,1.8921,1.8889,1.8918,91732.11,0.0,0.0,0
15m,1769333400.0,1.8918,1.8974,1.8918,1.8968,262514.76,0.0,0.0,0
15m,1769334300.0,1.8968,1.8972,1.8931,1.8937,125510.65,0.0,0.0,0
15m,1769335200.0,1.8937,1.898,1.8935,1.8977,87023.4,0.0,0.0,0
15m,1769336100.0,1.8977,1.9109,1.8977,1.9095,430290.09,0.0,0.0,0
15m,1769337000.0,1.9095,1.9123,1.9078,1.9095,176813.64,0.0,0.0,0
15m,1769337900.0,1.9095,1.9102,1.907,1.9075,86289.78,0.0,0.0,0
15m,1769338800.0,1.9075,1.9075,1.9028,1.9066,130287.19,0.0,0.0,0
15m,1769339700.0,1.9066,1.9112,1.9059,1.9091,53849.83,0.0,0.0,0
15m,1769340600.0,1.9091,1.9093,1.903,1.9033,137135.45,0.0,0.0,0
15m,1769341500.0,1.9033,1.904,1.9003,1.9025,99233.71,0.0,0.0,0
15m,1769342400.0,1.9025,1.9036,1.8991,1.9027,76178.98,0.0,0.0,0
15m,1769343300.0,1.9027,1.903,1.8977,1.8993,81008.14,0.0,0.0,0
15m,1769344200.0,1.8993,1.8998,1.8962,1.8988,367950.57,0.0,0.0,0
15m,1769345100.0,1.8988,1.9014,1.8984,1.9007,63884.36,0.0,0.0,0
15m,1769346000.0,1.9007,1.9019,1.8983,1.8989,70687.04,0.0,0.0,0
15m,1769346900.0,1.8989,1.9007,1.8945,1.8945,87032.63,0.0,0.0,0
15m,1769347800.0,1.8945,1.8986,1.8945,1.8986,106253.23,0.0,0.0,0
15m,1769348700.0,1.8986,1.9032,1.8982,1.9022,110181.9,0.0,0.0,0
15m,1769349600.0,1.9022,1.9022,1.8966,1.8974,272269.58,0.0,0.0,0
15m,1769350500.0,1.8974,1.8986,1.8851,1.888,469002.71,0.0,0.0,0
15m,1769351400.0,1.888,1.8904,1.8844,1.8882,181390.92,0.0,0.0,0
15m,1769352300.0,1.8882,1.8894,1.8857,1.8875,225982.94,0.0,0.0,0
15m,1769353200.0,1.8875,1.8903,1.8861,1.8892,153183.94,0.0,0.0,0
15m,1769354100.0,1.8892,1.8935,1.8868,1.8927,218531.09,0.0,0.0,0
15m,1769355000.0,1.8927,1.893,1.8891,1.8902,197550.77,0.0,0.0,0
15m,1769355900.0,1.8902,1.8903,1.8844,1.8878,215945.55,0.0,0.0,0
15m,1769356800.0,1.8878,1.8878,1.8498,1.8532,3160860.11,0.0,0.0,0
15m,1769357700.0,1.8532,1.8587,1.8456,1.8566,1600220.16,0.0,0.0,0
15m,1769358600.0,1.8566,1.8614,1.8496,1.8529,1423897.73,0.0,0.0,0
15m,1769359500.0,1.8529,1.855,1.8501,1.8538,658624.43,0.0,0.0,0
15m,1769360400.0,1.8538,1.8621,1.8363,1.8385,2571207.81,0.0,0.0,0
15m,1769361300.0,1.8385,1.8437,1.8365,1.8421,957687.11,0.0,0.0,0
15m,1769362200.0,1.8421,1.8526,1.8391,1.8521,766961.97,0.0,0.0,0
15m,1769363100.0,1.8521,1.8528,1.8461,1.8464,816232.61,0.0,0.0,0
15m,1769364000.0,1.8464,1.8499,1.832,1.8449,1354672.32,0.0,0.0,0
15m,1769364900.0,1.8449,1.8494,1.836,1.8364,1217155.59,0.0,0.0,0
15m,1769365800.0,1.8364,1.8385,1.8257,1.8311,1691512.63,0.0,0.0,0
15m,1769366700.0,1.8311,1.837,1.829,1.8359,1103519.8,0.0,0.0,0
15m,1769367600.0,1.8359,1.8416,1.8314,1.8314,1026830.1,0.0,0.0,0
15m,1769368500.0,1.8314,1.8317,1.8144,1.817,1665689.57,0.0,0.0,0
15m,1769369400.0,1.817,1.8289,1.8141,1.8248,1047269.37,0.0,0.0,0
15m,1769370300.0,1.8248,1.8248,1.8108,1.8179,1466327.39,0.0,0.0,0
15m,1769371200.0,1.8179,1.8268,1.8167,1.818,1139138.23,0.0,0.0,0
15m,1769372100.0,1.818,1.8221,1.815,1.8201,921999.58,0.0,0.0,0
15m,1769373000.0,1.8201,1.8205,1.8125,1.8154,1031222.41,0.0,0.0,0
15m,1769373900.0,1.8154,1.8251,1.8147,1.8236,914518.46,0.0,0.0,0
15m,1769374800.0,1.8236,1.8365,1.8234,1.8352,1208421.83,0.0,0.0,0
15m,1769375700.0,1.8352,1.8391,1.833,1.8376,836946.31,0.0,0.0,0
15m,1769376600.0,1.8376,1.8389,1.8281,1.8322,991313.75,0.0,0.0,0
15m,1769377500.0,1.8322,1.8406,1.8321,1.8396,756885.39,0.0,0.0,0
15m,1769378400.0,1.8396,1.8401,1.8334,1.8383,832336.54,0.0,0.0,0
15m,1769379300.0,1.8383,1.8392,1.8212,1.8219,1010713.75,0.0,0.0,0
15m,1769380200.0,1.8219,1.8278,1.8183,1.8261,662880.71,0.0,0.0,0
15m,1769381100.0,1.8261,1.8311,1.8185,1.8299,445698.86,0.0,0.0,0
15m,1769382000.0,1.8299,1.8379,1.8235,1.8355,529446.14,0.0,0.0,0
15m,1769382900.0,1.8355,1.8378,1.8285,1.8304,411731.34,0.0,0.0,0
15m,1769383800.0,1.8304,1.8326,1.8251,1.8301,350884.6,0.0,0.0,0
15m,1769384700.0,1.8301,1.8391,1.83,1.8356,257904.44,0.0,0.0,0
15m,1769385600.0,1.8356,1.8453,1.8331,1.8453,586703.57,0.0,0.0,0
15m,1769386500.0,1.8453,1.8534,1.845,1.8464,499482.72,0.0,0.0,0
15m,1769387400.0,1.8464,1.8466,1.84,1.8406,444075.98,0.0,0.0,0
15m,1769388300.0,1.8406,1.8539,1.8387,1.8528,461130.15,0.0,0.0,0
15m,1769389200.0,1.8528,1.8839,1.8528,1.8799,1166535.19,0.0,0.0,0
15m,1769390100.0,1.8799,1.8841,1.8736,1.8754,520200.05,0.0,0.0,0
15m,1769391000.0,1.8754,1.8825,1.875,1.879,318601.46,0.0,0.0,0
15m,1769391900.0,1.879,1.8887,1.875,1.8838,1531356.25,0.0,0.0,0
15m,1769392800.0,1.8838,1.8851,1.8746,1.8761,393372.01,0.0,0.0,0
15m,1769393700.0,1.8761,1.8849,1.8722,1.8849,361743.12,0.0,0.0,0
15m,1769394600.0,1.8849,1.8857,1.8775,1.8778,281122.13,0.0,0.0,0
15m,1769395500.0,1.8778,1.8807,1.8753,1.8762,617851.09,0.0,0.0,0
15m,1769396400.0,1.8762,1.8827,1.8752,1.8816,292517.19,0.0,0.0,0
15m,1769397300.0,1.8816,1.8824,1.874,1.8742,205903.83,0.0,0.0,0
15m,1769398200.0,1.8742,1.8757,1.8678,1.8727,383909.94,0.0,0.0,0
15m,1769399100.0,1.8727,1.8728,1.8651,1.8695,256477.35,0.0,0.0,0
15m,1769400000.0,1.8695,1.8747,1.8695,1.873,258104.16,0.0,0.0,0
15m,1769400900.0,1.873,1.8949,1.8718,1.8909,840698.92,0.0,0.0,0
15m,1769401800.0,1.8909,1.892,1.8822,1.8822,229469.89,0.0,0.0,0
15m,1769402700.0,1.8822,1.8837,1.8779,1.8788,428389.33,0.0,0.0,0
15m,1769403600.0,1.8788,1.8801,1.8755,1.8774,151399.54,0.0,0.0,0
15m,1769404500.0,1.8774,1.8806,1.8769,1.8806,108891.48,0.0,0.0,0
15m,1769405400.0,1.8806,1.8815,1.8765,1.8788,252072.37,0.0,0.0,0
15m,1769406300.0,1.8788,1.8824,1.8775,1.881,112885.39,0.0,0.0,0
15m,1769407200.0,1.881,1.8828,1.8777,1.878,293800.49,0.0,0.0,0
15m,1769408100.0,1.878,1.8829,1.8746,1.8818,643804.55,0.0,0.0,0
15m,1769409000.0,1.8818,1.8829,1.8791,1.881,115485.3,0.0,0.0,0
15m,1769409900.0,1.881,1.8861,1.8801,1.8804,253330.04,0.0,0.0,0
15m,1769410800.0,1.8804,1.8818,1.8775,1.8812,151249.56,0.0,0.0,0
15m,1769411700.0,1.8812,1.8857,1.8801,1.8804,251862.34,0.0,0.0,0
15m,1769412600.0,1.8804,1.8862,1.8759,1.8806,707768.83,0.0,0.0,0
15m,1769413500.0,1.8806,1.8835,1.8794,1.8819,119337.69,0.0,0.0,0
15m,1769414400.0,1.8819,1.8851,1.8813,1.8813,302574.79,0.0,0.0,0
15m,1769415300.0,1.8813,1.8971,1.8801,1.8937,942643.37,0.0,0.0,0
15m,1769416200.0,1.8937,1.8964,1.8872,1.8881,388366.48,0.0,0.0,0
15m,1769417100.0,1.8881,1.8903,1.8847,1.8892,407767.55,0.0,0.0,0
15m,1769418000.0,1.8892,1.8903,1.8821,1.8822,470754.0,0.0,0.0,0
15m,1769418900.0,1.8822,1.8851,1.8809,1.8823,193214.07,0.0,0.0,0
15m,1769419800.0,1.8823,1.8852,1.8796,1.8822,306757.65,0.0,0.0,0
15m,1769420700.0,1.8822,1.8839,1.8765,1.8798,211872.85,0.0,0.0,0
15m,1769421600.0,1.8798,1.8895,1.8795,1.8879,392423.31,0.0,0.0,0
15m,1769422500.0,1.8879,1.8897,1.8851,1.888,168269.45,0.0,0.0,0
15m,1769423400.0,1.888,1.8908,1.888,1.8887,97663.91,0.0,0.0,0
15m,1769424300.0,1.8887,1.8898,1.8865,1.8868,102389.98,0.0,0.0,0
15m,1769425200.0,1.8868,1.895,1.8868,1.8931,299166.6,0.0,0.0,0
15m,1769426100.0,1.8931,1.8931,1.8881,1.8886,290317.81,0.0,0.0,0
15m,1769427000.0,1.8886,1.8916,1.8885,1.8908,163315.01,0.0,0.0,0
15m,1769427900.0,1.8908,1.8921,1.8896,1.8916,179307.38,0.0,0.0,0
15m,1769428800.0,1.8916,1.908,1.8915,1.8993,941409.55,0.0,0.0,0
15m,1769429700.0,1.8993,1.9023,1.8945,1.8946,401450.14,0.0,0.0,0
15m,1769430600.0,1.8946,1.8976,1.8943,1.8947,286393.95,0.0,0.0,0
15m,1769431500.0,1.8947,1.8995,1.8947,1.8993,150126.67,0.0,0.0,0
15m,1769432400.0,1.8993,1.9056,1.8981,1.9038,289737.76,0.0,0.0,0
15m,1769433300.0,1.9038,1.9168,1.9033,1.9128,689603.82,0.0,0.0,0
15m,1769434200.0,1.9128,1.9148,1.9066,1.9085,311391.99,0.0,0.0,0
15m,1769435100.0,1.9085,1.9086,1.9022,1.9064,542825.25,0.0,0.0,0
15m,1769436000.0,1.9064,1.9155,1.9061,1.9104,686109.15,0.0,0.0,0
15m,1769436900.0,1.9104,1.918,1.9051,1.9057,646797.07,0.0,0.0,0
15m,1769437800.0,1.9057,1.9285,1.9009,1.9192,2354142.62,0.0,0.0,0
15m,1769438700.0,1.9192,1.9209,1.9114,1.92,647956.34,0.0,0.0,0
15m,1769439600.0,1.92,1.9417,1.9138,1.9409,1380781.53,0.0,0.0,0
15m,1769440500.0,1.9409,1.9459,1.9291,1.9319,1057605.69,0.0,0.0,0
15m,1769441400.0,1.9319,1.9326,1.9138,1.918,1136630.57,0.0,0.0,0
15m,1769442300.0,1.918,1.929,1.909,1.9257,2155473.58,0.0,0.0,0
15m,1769443200.0,1.9257,1.9386,1.9246,1.93,770863.09,0.0,0.0,0
15m,1769444100.0,1.93,1.9315,1.9155,1.9256,1527839.45,0.0,0.0,0
15m,1769445000.0,1.9256,1.9307,1.9184,1.9199,1175704.77,0.0,0.0,0
15m,1769445900.0,1.9199,1.9291,1.9182,1.9187,570335.41,0.0,0.0,0
15m,1769446800.0,1.9187,1.9219,1.9052,1.906,556319.1,0.0,0.0,0
15m,1769447700.0,1.906,1.9103,1.9031,1.9058,504800.25,0.0,0.0,0
15m,1769448600.0,1.9058,1.9109,1.8991,1.9088,538035.34,0.0,0.0,0
15m,1769449500.0,1.9088,1.9136,1.9076,1.9115,161722.91,0.0,0.0,0
15m,1769450400.0,1.9115,1.9137,1.9081,1.91,394313.13,0.0,0.0,0
15m,1769451300.0,1.91,1.9202,1.9074,1.9181,399884.02,0.0,0.0,0
15m,1769452200.0,1.9181,1.9272,1.9169,1.9192,512237.2,0.0,0.0,0
15m,1769453100.0,1.9192,1.9232,1.9143,1.9181,449238.87,0.0,0.0,0
15m,1769454000.0,1.9181,1.9234,1.916,1.9179,348563.68,0.0,0.0,0
15m,1769454900.0,1.9179,1.9179,1.9113,1.9134,270952.86,0.0,0.0,0
15m,1769455800.0,1.9134,1.9153,1.9102,1.9118,368902.52,0.0,0.0,0
15m,1769456700.0,1.9118,1.9139,1.9037,1.9077,240478.54,0.0,0.0,0
15m,1769457600.0,1.9077,1.9097,1.902,1.9024,267473.98,0.0,0.0,0
15m,1769458500.0,1.9024,1.9084,1.899,1.9021,535062.84,0.0,0.0,0
15m,1769459400.0,1.9021,1.9028,1.8953,1.8963,394212.46,0.0,0.0,0
15m,1769460300.0,1.8963,1.8971,1.891,1.8925,869685.8,0.0,0.0,0
15m,1769461200.0,1.8925,1.8961,1.889,1.8949,357044.14,0.0,0.0,0
15m,1769462100.0,1.8949,1.8987,1.8924,1.8987,188462.55,0.0,0.0,0
15m,1769463000.0,1.8987,1.9073,1.8969,1.9024,558578.86,0.0,0.0,0
15m,1769463900.0,1.9024,1.9033,1.8967,1.8992,179447.81,0.0,0.0,0
15m,1769464800.0,1.8992,1.9017,1.897,1.8982,245761.44,0.0,0.0,0
15m,1769465700.0,1.8982,1.899,1.8949,1.8975,120460.71,0.0,0.0,0
15m,1769466600.0,1.8975,1.9034,1.8952,1.8999,347206.91,0.0,0.0,0
15m,1769467500.0,1.8999,1.9028,1.8987,1.8997,100431.88,0.0,0.0,0
15m,1769468400.0,1.8997,1.9022,1.8951,1.9013,248470.79,0.0,0.0,0
15m,1769469300.0,1.9013,1.9067,1.9008,1.905,238541.24,0.0,0.0,0
15m,1769470200.0,1.905,1.9128,1.905,1.9081,252300.82,0.0,0.0,0
15m,1769471100.0,1.9081,1.9088,1.9041,1.9041,214710.39,0.0,0.0,0
15m,1769472000.0,1.9041,1.9046,1.9,1.9014,229279.65,0.0,0.0,0
15m,1769472900.0,1.9014,1.9049,1.9011,1.9019,181100.38,0.0,0.0,0
15m,1769473800.0,1.9019,1.902,1.8982,1.9006,168597.12,0.0,0.0,0
15m,1769474700.0,1.9006,1.9041,1.8998,1.9039,119566.51,0.0,0.0,0
15m,1769475600.0,1.9039,1.9039,1.8976,1.8993,151765.84,0.0,0.0,0
15m,1769476500.0,1.8993,1.9081,1.8987,1.9049,363706.68,0.0,0.0,0
15m,1769477400.0,1.9049,1.9097,1.9038,1.9071,255143.06,0.0,0.0,0
15m,1769478300.0,1.9071,1.9109,1.9042,1.9062,267543.06,0.0,0.0,0
15m,1769479200.0,1.9062,1.9131,1.9062,1.9112,290888.51,0.0,0.0,0
15m,1769480100.0,1.9112,1.9113,1.9048,1.9051,241284.65,0.0,0.0,0
15m,1769481000.0,1.9051,1.9141,1.9051,1.9112,182458.9,0.0,0.0,0
15m,1769481900.0,1.9112,1.9159,1.9097,1.9149,275185.4,0.0,0.0,0
15m,1769482800.0,1.9149,1.9167,1.908,1.9091,483216.65,0.0,0.0,0
15m,1769483700.0,1.9091,1.9139,1.9082,1.9111,247510.06,0.0,0.0,0
15m,1769484600.0,1.9111,1.9146,1.9102,1.9142,236436.37,0.0,0.0,0
15m,1769485500.0,1.9142,1.9142,1.9084,1.9099,120687.72,0.0,0.0,0
15m,1769486400.0,1.9099,1.9181,1.9078,1.9144,218276.12,0.0,0.0,0
15m,1769487300.0,1.9144,1.9154,1.9112,1.9136,197783.65,0.0,0.0,0
15m,1769488200.0,1.9136,1.9173,1.9125,1.9128,282725.35,0.0,0.0,0
15m,1769489100.0,1.9128,1.9138,1.9072,1.9089,209766.09,0.0,0.0,0
15m,1769490000.0,1.9089,1.9091,1.9054,1.9061,117155.35,0.0,0.0,0
15m,1769490900.0,1.9061,1.9061,1.9016,1.9023,160720.3,0.0,0.0,0
15m,1769491800.0,1.9023,1.9035,1.9019,1.9028,113839.39,0.0,0.0,0
15m,1769492700.0,1.9028,1.9034,1.9009,1.9024,104400.3,0.0,0.0,0
15m,1769493600.0,1.9024,1.9029,1.8993,1.9026,125787.09,0.0,0.0,0
15m,1769494500.0,1.9026,1.9031,1.9009,1.9016,139574.77,0.0,0.0,0
15m,1769495400.0,1.9016,1.9016,1.8954,1.8954,264283.92,0.0,0.0,0
15m,1769496300.0,1.8954,1.8993,1.8949,1.8983,114885.04,0.0,0.0,0
15m,1769497200.0,1.8983,1.9011,1.8972,1.9003,124539.26,0.0,0.0,0
15m,1769498100.0,1.9003,1.9004,1.8971,1.9003,130734.97,0.0,0.0,0
15m,1769499000.0,1.9003,1.9008,1.8976,1.8979,65270.15,0.0,0.0,0
15m,1769499900.0,1.8979,1.8997,1.8975,1.8995,107389.17,0.0,0.0,0
15m,1769500800.0,1.8995,1.9037,1.8981,1.9006,305158.41,0.0,0.0,0
15m,1769501700.0,1.9006,1.9016,1.8979,1.8982,93287.88,0.0,0.0,0
15m,1769502600.0,1.8982,1.8986,1.8933,1.8944,159844.73,0.0,0.0,0
15m,1769503500.0,1.8944,1.8961,1.8931,1.895,79765.2,0.0,0.0,0
15m,1769504400.0,1.895,1.895,1.8868,1.8873,224691.32,0.0,0.0,0
15m,1769505300.0,1.8873,1.8892,1.8846,1.885,134054.24,0.0,0.0,0
15m,1769506200.0,1.885,1.8877,1.8849,1.8864,152306.52,0.0,0.0,0
15m,1769507100.0,1.8864,1.8866,1.8827,1.8832,219202.04,0.0,0.0,0
15m,1769508000.0,1.8832,1.8886,1.883,1.888,197898.28,0.0,0.0,0
15m,1769508900.0,1.888,1.8894,1.8872,1.8873,128856.85,0.0,0.0,0
15m,1769509800.0,1.8873,1.8878,1.8842,1.8844,103713.6,0.0,0.0,0
15m,1769510700.0,1.8844,1.8864,1.8835,1.8852,187975.12,0.0,0.0,0
15m,1769511600.0,1.8852,1.8871,1.8833,1.8853,135107.36,0.0,0.0,0
15m,1769512500.0,1.8853,1.8869,1.8821,1.8846,115533.25,0.0,0.0,0
15m,1769513400.0,1.8846,1.8923,1.8839,1.8911,221239.45,0.0,0.0,0
15m,1769514300.0,1.8911,1.8936,1.8888,1.889,234297.43,0.0,0.0,0
15m,1769515200.0,1.889,1.8918,1.8878,1.8908,175455.28,0.0,0.0,0
15m,1769516100.0,1.8908,1.893,1.8888,1.8903,159674.41,0.0,0.0,0
15m,1769517000.0,1.8903,1.8903,1.8841,1.8851,209182.47,0.0,0.0,0
15m,1769517900.0,1.8851,1.8869,1.8846,1.8852,194265.92,0.0,0.0,0
15m,1769518800.0,1.8852,1.8867,1.8831,1.8841,129945.56,0.0,0.0,0
15m,1769519700.0,1.8841,1.8842,1.8799,1.88,267999.48,0.0,0.0,0
15m,1769520600.0,1.88,1.8849,1.8781,1.8815,176358.35,0.0,0.0,0
15m,1769521500.0,1.8815,1.8816,1.8741,1.8769,258872.81,0.0,0.0,0
15m,1769522400.0,1.8769,1.8891,1.8763,1.8891,308601.2,0.0,0.0,0
15m,1769523300.0,1.8891,1.8967,1.8876,1.8911,473341.32,0.0,0.0,0
15m,1769524200.0,1.8911,1.8943,1.8791,1.8828,578965.81,0.0,0.0,0
15m,1769525100.0,1.8828,1.8884,1.8818,1.8835,338753.62,0.0,0.0,0
15m,1769526000.0,1.8835,1.8951,1.8806,1.8882,364325.27,0.0,0.0,0
15m,1769526900.0,1.8882,1.8902,1.88,1.8805,257235.47,0.0,0.0,0
15m,1769527800.0,1.8805,1.8853,1.8796,1.883,211566.48,0.0,0.0,0
15m,1769528700.0,1.883,1.8958,1.883,1.8933,293233.86,0.0,0.0,0
15m,1769529600.0,1.8933,1.9114,1.8926,1.907,762762.34,0.0,0.0,0
15m,1769530500.0,1.907,1.9119,1.9022,1.9032,336781.77,0.0,0.0,0
15m,1769531400.0,1.9032,1.9132,1.9032,1.9118,477329.24,0.0,0.0,0
15m,1769532300.0,1.9118,1.917,1.9047,1.9143,528029.48,0.0,0.0,0
15m,1769533200.0,1.9143,1.9148,1.8936,1.895,421570.01,0.0,0.0,0
15m,1769534100.0,1.895,1.895,1.8829,1.894,687991.38,0.0,0.0,0
15m,1769535000.0,1.894,1.8969,1.8779,1.8794,417516.22,0.0,0.0,0
15m,1769535900.0,1.8794,1.8816,1.8767,1.8807,384458.49,0.0,0.0,0
15m,1769536800.0,1.8807,1.8905,1.8785,1.8838,365772.39,0.0,0.0,0
15m,1769537700.0,1.8838,1.8893,1.8838,1.8852,219347.68,0.0,0.0,0
15m,1769538600.0,1.8852,1.8897,1.883,1.8882,136866.24,0.0,0.0,0
15m,1769539500.0,1.8882,1.9128,1.8882,1.9064,337267.94,0.0,0.0,0
15m,1769540400.0,1.9064,1.9082,1.9022,1.907,224830.49,0.0,0.0,0
15m,1769541300.0,1.907,1.9086,1.9014,1.9017,73602.63,0.0,0.0,0
15m,1769542200.0,1.9017,1.911,1.8986,1.9096,110569.84,0.0,0.0,0
15m,1769543100.0,1.9096,1.9107,1.9063,1.9071,129095.98,0.0,0.0,0
15m,1769544000.0,1.9071,1.9168,1.906,1.916,273301.37,0.0,0.0,0
15m,1769544900.0,1.916,1.9274,1.9145,1.9262,695820.65,0.0,0.0,0
15m,1769545800.0,1.9262,1.9262,1.9143,1.9147,258618.46,0.0,0.0,0
15m,1769546700.0,1.9147,1.9293,1.9145,1.9228,431805.93,0.0,0.0,0
15m,1769547600.0,1.9228,1.9304,1.9206,1.9227,544435.51,0.0,0.0,0
15m,1769548500.0,1.9227,1.9264,1.9199,1.9204,286694.33,0.0,0.0,0
15m,1769549400.0,1.9204,1.9216,1.9161,1.9168,340160.87,0.0,0.0,0
15m,1769550300.0,1.9168,1.9195,1.9111,1.9124,169001.15,0.0,0.0,0
15m,1769551200.0,1.9124,1.9196,1.9123,1.9164,200858.04,0.0,0.0,0
15m,1769552100.0,1.9164,1.9172,1.9116,1.9139,219705.13,0.0,0.0,0
15m,1769553000.0,1.9139,1.9257,1.9131,1.9238,268375.41,0.0,0.0,0
15m,1769553900.0,1.9238,1.9238,1.9182,1.9185,87940.21,0.0,0.0,0
15m,1769554800.0,1.9185,1.9192,1.915,1.9174,551816.44,0.0,0.0,0
15m,1769555700.0,1.9174,1.9213,1.916,1.9212,200945.98,0.0,0.0,0
15m,1769556600.0,1.9212,1.9219,1.9182,1.9193,152661.43,0.0,0.0,0
15m,1769557500.0,1.9193,1.9214,1.9152,1.9158,150828.37,0.0,0.0,0
15m,1769558400.0,1.9158,1.9194,1.9144,1.9171,261325.71,0.0,0.0,0
15m,1769559300.0,1.9171,1.9193,1.9135,1.9143,167767.51,0.0,0.0,0
15m,1769560200.0,1.9143,1.9143,1.9091,1.9096,233840.62,0.0,0.0,0
15m,1769561100.0,1.9096,1.9137,1.9085,1.9119,572372.12,0.0,0.0,0
15m,1769562000.0,1.9119,1.9125,1.9034,1.9045,736728.0,0.0,0.0,0
15m,1769562900.0,1.9045,1.9069,1.8986,1.9007,233198.89,0.0,0.0,0
15m,1769563800.0,1.9007,1.9027,1.8977,1.9009,225066.61,0.0,0.0,0
15m,1769564700.0,1.9009,1.9053,1.8999,1.9026,444957.55,0.0,0.0,0
15m,1769565600.0,1.9026,1.9046,1.8955,1.8961,674258.14,0.0,0.0,0
15m,1769566500.0,1.8961,1.9031,1.8941,1.9017,391122.75,0.0,0.0,0
15m,1769567400.0,1.9017,1.9043,1.8982,1.8995,211850.15,0.0,0.0,0
15m,1769568300.0,1.8995,1.9034,1.8974,1.9023,78076.78,0.0,0.0,0
15m,1769569200.0,1.9023,1.9042,1.8982,1.9,321408.01,0.0,0.0,0
15m,1769570100.0,1.9,1.9012,1.8979,1.9003,148480.56,0.0,0.0,0
15m,1769571000.0,1.9003,1.903,1.8977,1.9001,146164.22,0.0,0.0,0
15m,1769571900.0,1.9001,1.9031,1.8993,1.9019,187598.35,0.0,0.0,0
15m,1769572800.0,1.9019,1.9025,1.8986,1.8993,282594.24,0.0,0.0,0
15m,1769573700.0,1.8993,1.9004,1.8969,1.8985,309749.35,0.0,0.0,0
15m,1769574600.0,1.8985,1.9045,1.8977,1.9025,143604.08,0.0,0.0,0
15m,1769575500.0,1.9025,1.9029,1.9006,1.9017,66282.12,0.0,0.0,0
15m,1769576400.0,1.9017,1.9046,1.9001,1.9004,257865.26,0.0,0.0,0
15m,1769577300.0,1.9004,1.9029,1.899,1.901,293123.76,0.0,0.0,0
15m,1769578200.0,1.901,1.9088,1.901,1.9062,173214.74,0.0,0.0,0
15m,1769579100.0,1.9062,1.9126,1.9051,1.9122,432637.35,0.0,0.0,0
15m,1769580000.0,1.9122,1.9182,1.9122,1.9172,395559.74,0.0,0.0,0
15m,1769580900.0,1.9172,1.9245,1.9155,1.92,388511.8,0.0,0.0,0
15m,1769581800.0,1.92,1.9217,1.9141,1.916,213188.64,0.0,0.0,0
15m,1769582700.0,1.916,1.9251,1.9144,1.9214,239800.25,0.0,0.0,0
15m,1769583600.0,1.9214,1.9239,1.9196,1.9212,256851.67,0.0,0.0,0
15m,1769584500.0,1.9212,1.9219,1.9177,1.918,134395.11,0.0,0.0,0
15m,1769585400.0,1.918,1.918,1.9142,1.9172,223586.09,0.0,0.0,0
15m,1769586300.0,1.9172,1.9183,1.9146,1.9162,164947.64,0.0,0.0,0
15m,1769587200.0,1.9162,1.919,1.9155,1.9184,236868.42,0.0,0.0,0
15m,1769588100.0,1.9184,1.9189,1.912,1.9132,236548.96,0.0,0.0,0
15m,1769589000.0,1.9132,1.9153,1.9111,1.9119,111554.82,0.0,0.0,0
15m,1769589900.0,1.9119,1.9127,1.9084,1.9095,177225.14,0.0,0.0,0
15m,1769590800.0,1.9095,1.9117,1.909,1.9098,149759.87,0.0,0.0,0
15m,1769591700.0,1.9098,1.9111,1.9065,1.9104,153702.33,0.0,0.0,0
15m,1769592600.0,1.9104,1.9261,1.9104,1.9224,443773.32,0.0,0.0,0
15m,1769593500.0,1.9224,1.9326,1.9217,1.9321,566174.68,0.0,0.0,0
15m,1769594400.0,1.9321,1.9346,1.9283,1.9332,608755.64,0.0,0.0,0
15m,1769595300.0,1.9332,1.9366,1.9263,1.9264,621448.29,0.0,0.0,0
15m,1769596200.0,1.9264,1.9318,1.9264,1.9304,162647.19,0.0,0.0,0
15m,1769597100.0,1.9304,1.9311,1.9274,1.9274,225986.88,0.0,0.0,0
15m,1769598000.0,1.9274,1.9291,1.9244,1.925,248404.44,0.0,0.0,0
15m,1769598900.0,1.925,1.9287,1.9241,1.9285,319509.25,0.0,0.0,0
15m,1769599800.0,1.9285,1.929,1.923,1.9284,308529.85,0.0,0.0,0
15m,1769600700.0,1.9284,1.9428,1.9269,1.9416,869270.83,0.0,0.0,0
15m,1769601600.0,1.9416,1.9423,1.9306,1.931,641993.88,0.0,0.0,0
15m,1769602500.0,1.931,1.9352,1.9298,1.9328,582433.01,0.0,0.0,0
15m,1769603400.0,1.9328,1.9365,1.9302,1.9315,209478.97,0.0,0.0,0
15m,1769604300.0,1.9315,1.9321,1.9244,1.9264,316874.36,0.0,0.0,0
15m,1769605200.0,1.9264,1.934,1.9256,1.9313,468803.4,0.0,0.0,0
15m,1769606100.0,1.9313,1.9356,1.9277,1.9321,310463.24,0.0,0.0,0
15m,1769607000.0,1.9321,1.9379,1.9304,1.9364,463445.37,0.0,0.0,0
15m,1769607900.0,1.9364,1.9373,1.9305,1.9334,338363.01,0.0,0.0,0
15m,1769608800.0,1.9334,1.9338,1.9239,1.9241,301986.22,0.0,0.0,0
15m,1769609700.0,1.9241,1.9243,1.9173,1.9213,412709.5,0.0,0.0,0
15m,1769610600.0,1.9213,1.9312,1.9189,1.9223,517861.81,0.0,0.0,0
15m,1769611500.0,1.9223,1.9254,1.9155,1.9194,377447.73,0.0,0.0,0
15m,1769612400.0,1.9194,1.9242,1.9045,1.9052,653750.57,0.0,0.0,0
15m,1769613300.0,1.9052,1.9121,1.9014,1.9085,599249.24,0.0,0.0,0
15m,1769614200.0,1.9085,1.9127,1.9056,1.9111,309377.64,0.0,0.0,0
15m,1769615100.0,1.9111,1.9142,1.9052,1.9078,346649.42,0.0,0.0,0
15m,1769616000.0,1.9078,1.9089,1.9034,1.9053,258894.01,0.0,0.0,0
15m,1769616900.0,1.9053,1.915,1.9046,1.9139,259099.26,0.0,0.0,0
15m,1769617800.0,1.9139,1.9159,1.9011,1.9041,302424.52,0.0,0.0,0
15m,1769618700.0,1.9041,1.9119,1.9039,1.9079,194115.63,0.0,0.0,0
15m,1769619600.0,1.9079,1.9126,1.9067,1.9104,259744.87,0.0,0.0,0
15m,1769620500.0,1.9104,1.9116,1.9062,1.9077,577938.63,0.0,0.0,0
15m,1769621400.0,1.9077,1.9191,1.9006,1.9167,433191.05,0.0,0.0,0
15m,1769622300.0,1.9167,1.9282,1.9158,1.9213,526156.06,0.0,0.0,0
15m,1769623200.0,1.9213,1.9219,1.9123,1.92,464259.76,0.0,0.0,0
15m,1769624100.0,1.92,1.9205,1.9119,1.9136,370336.42,0.0,0.0,0
15m,1769625000.0,1.9136,1.917,1.9129,1.9159,115535.3,0.0,0.0,0
15m,1769625900.0,1.9159,1.9181,1.9118,1.9162,204426.1,0.0,0.0,0
15m,1769626800.0,1.9162,1.9223,1.9104,1.9157,497339.06,0.0,0.0,0
15m,1769627700.0,1.9157,1.921,1.9137,1.9156,238100.09,0.0,0.0,0
15m,1769628600.0,1.9156,1.9198,1.9066,1.9083,339464.05,0.0,0.0,0
15m,1769629500.0,1.9083,1.9243,1.9082,1.9193,180424.74,0.0,0.0,0
15m,1769630400.0,1.9193,1.9251,1.9182,1.9216,185875.3,0.0,0.0,0
15m,1769631300.0,1.9216,1.9332,1.9192,1.9292,396502.57,0.0,0.0,0
15m,1769632200.0,1.9292,1.9297,1.9148,1.9181,283554.79,0.0,0.0,0
15m,1769633100.0,1.9181,1.9222,1.9153,1.9182,232258.61,0.0,0.0,0
15m,1769634000.0,1.9182,1.9207,1.9076,1.9178,629321.37,0.0,0.0,0
15m,1769634900.0,1.9178,1.9221,1.9128,1.9138,276794.38,0.0,0.0,0
15m,1769635800.0,1.9138,1.9192,1.9083,1.9172,290283.85,0.0,0.0,0
15m,1769636700.0,1.9172,1.9204,1.9142,1.9149,437556.4,0.0,0.0,0
15m,1769637600.0,1.9149,1.9167,1.9114,1.9118,317582.2,0.0,0.0,0
15m,1769638500.0,1.9118,1.9145,1.9094,1.9125,215083.09,0.0,0.0,0
15m,1769639400.0,1.9125,1.9176,1.9112,1.9149,102021.23,0.0,0.0,0
15m,1769640300.0,1.9149,1.9198,1.9147,1.9187,87856.86,0.0,0.0,0
15m,1769641200.0,1.9187,1.9198,1.9129,1.913,236464.65,0.0,0.0,0
15m,1769642100.0,1.913,1.9159,1.9098,1.9115,290070.69,0.0,0.0,0
15m,1769643000.0,1.9115,1.9132,1.9081,1.911,103630.24,0.0,0.0,0
15m,1769643900.0,1.911,1.9127,1.9094,1.9114,161684.86,0.0,0.0,0
15m,1769644800.0,1.9114,1.9135,1.9074,1.9078,154789.49,0.0,0.0,0
15m,1769645700.0,1.9078,1.9095,1.9047,1.9056,146311.38,0.0,0.0,0
15m,1769646600.0,1.9056,1.908,1.9014,1.9017,102298.25,0.0,0.0,0
15m,1769647500.0,1.9017,1.9068,1.9003,1.9068,196698.43,0.0,0.0,0
15m,1769648400.0,1.9068,1.908,1.9023,1.9036,164802.78,0.0,0.0,0
15m,1769649300.0,1.9036,1.9036,1.8917,1.8982,383706.87,0.0,0.0,0
15m,1769650200.0,1.8982,1.8996,1.8948,1.8974,216410.69,0.0,0.0,0
15m,1769651100.0,1.8974,1.8991,1.8903,1.8922,270410.36,0.0,0.0,0
15m,1769652000.0,1.8922,1.8964,1.8904,1.8956,260525.26,0.0,0.0,0
15m,1769652900.0,1.8956,1.8965,1.8909,1.891,446781.8,0.0,0.0,0
15m,1769653800.0,1.891,1.891,1.8718,1.879,1055381.59,0.0,0.0,0
15m,1769654700.0,1.879,1.8791,1.8703,1.8746,603036.39,0.0,0.0,0
15m,1769655600.0,1.8746,1.8843,1.8712,1.8815,444760.96,0.0,0.0,0
15m,1769656500.0,1.8815,1.8818,1.8748,1.8753,247202.44,0.0,0.0,0
15m,1769657400.0,1.8753,1.8774,1.8713,1.8774,407846.48,0.0,0.0,0
15m,1769658300.0,1.8774,1.8785,1.8745,1.8759,184788.38,0.0,0.0,0
15m,1769659200.0,1.8759,1.8764,1.8669,1.8681,491591.57,0.0,0.0,0
15m,1769660100.0,1.8681,1.8729,1.8654,1.8729,400200.88,0.0,0.0,0
15m,1769661000.0,1.8729,1.8769,1.8728,1.8759,341418.86,0.0,0.0,0
15m,1769661900.0,1.8759,1.8796,1.8758,1.8785,326413.26,0.0,0.0,0
15m,1769662800.0,1.8785,1.8828,1.8778,1.88,314922.71,0.0,0.0,0
15m,1769663700.0,1.88,1.8842,1.8793,1.8817,134358.97,0.0,0.0,0
15m,1769664600.0,1.8817,1.8844,1.8802,1.881,167449.58,0.0,0.0,0
15m,1769665500.0,1.881,1.881,1.8782,1.8789,94957.7,0.0,0.0,0
15m,1769666400.0,1.8789,1.8814,1.8783,1.8794,135510.65,0.0,0.0,0
15m,1769667300.0,1.8794,1.8838,1.8792,1.8838,121274.06,0.0,0.0,0
15m,1769668200.0,1.8838,1.8895,1.8834,1.8869,309963.23,0.0,0.0,0
15m,1769669100.0,1.8869,1.8878,1.8855,1.8858,141867.71,0.0,0.0,0
15m,1769670000.0,1.8858,1.8868,1.885,1.8855,105256.53,0.0,0.0,0
15m,1769670900.0,1.8855,1.8889,1.884,1.8858,147202.03,0.0,0.0,0
15m,1769671800.0,1.8858,1.8892,1.8855,1.8881,145876.82,0.0,0.0,0
15m,1769672700.0,1.8881,1.8885,1.8846,1.8858,193988.19,0.0,0.0,0
15m,1769673600.0,1.8858,1.8858,1.8791,1.8791,349907.84,0.0,0.0,0
15m,1769674500.0,1.8791,1.8899,1.8766,1.8898,297941.7,0.0,0.0,0
15m,1769675400.0,1.8898,1.8899,1.8811,1.8825,261431.34,0.0,0.0,0
15m,1769676300.0,1.8825,1.8837,1.8778,1.8796,185062.97,0.0,0.0,0
15m,1769677200.0,1.8796,1.8805,1.8746,1.8748,140732.15,0.0,0.0,0
15m,1769678100.0,1.8748,1.8774,1.8741,1.8741,335139.06,0.0,0.0,0
15m,1769679000.0,1.8741,1.8765,1.8728,1.8748,132943.07,0.0,0.0,0
15m,1769679900.0,1.8748,1.8767,1.8735,1.8738,239969.63,0.0,0.0,0
15m,1769680800.0,1.8738,1.8762,1.8728,1.8754,187776.22,0.0,0.0,0
15m,1769681700.0,1.8754,1.877,1.8746,1.8757,102270.99,0.0,0.0,0
15m,1769682600.0,1.8757,1.8758,1.8707,1.8716,122079.4,0.0,0.0,0
15m,1769683500.0,1.8716,1.8757,1.8711,1.8743,115038.61,0.0,0.0,0
15m,1769684400.0,1.8743,1.875,1.8691,1.8742,385427.6,0.0,0.0,0
15m,1769685300.0,1.8742,1.8742,1.8679,1.8683,363721.85,0.0,0.0,0
15m,1769686200.0,1.8683,1.8715,1.8678,1.869,145943.64,0.0,0.0,0
15m,1769687100.0,1.869,1.8719,1.8675,1.8711,205317.99,0.0,0.0,0
15m,1769688000.0,1.8711,1.8735,1.87,1.8701,241543.76,0.0,0.0,0
15m,1769688900.0,1.8701,1.8715,1.8686,1.8705,173365.06,0.0,0.0,0
15m,1769689800.0,1.8705,1.8743,1.8658,1.8702,341457.55,0.0,0.0,0
15m,1769690700.0,1.8702,1.8731,1.8693,1.8731,235689.52,0.0,0.0,0
15m,1769691600.0,1.8731,1.8767,1.8727,1.8756,199799.8,0.0,0.0,0
15m,1769692500.0,1.8756,1.8757,1.8737,1.8757,192716.82,0.0,0.0,0
15m,1769693400.0,1.8757,1.8765,1.8737,1.8746,136922.66,0.0,0.0,0
15m,1769694300.0,1.8746,1.8771,1.8731,1.8758,157538.19,0.0,0.0,0
15m,1769695200.0,1.8758,1.8778,1.8734,1.8735,186256.58,0.0,0.0,0
15m,1769696100.0,1.8735,1.8757,1.8522,1.8549,1195553.7,0.0,0.0,0
15m,1769697000.0,1.8549,1.8659,1.8336,1.8344,3277362.13,0.0,0.0,0
15m,1769697900.0,1.8344,1.8474,1.8252,1.8266,2241932.78,0.0,0.0,0
15m,1769698800.0,1.8266,1.8305,1.8028,1.8064,4198435.08,0.0,0.0,0
15m,1769699700.0,1.8064,1.8193,1.8017,1.8155,3194343.2,0.0,0.0,0
15m,1769700600.0,1.8155,1.821,1.7861,1.7935,3255787.49,0.0,0.0,0
15m,1769701500.0,1.7935,1.8093,1.7891,1.8014,2444390.0,0.0,0.0,0
15m,1769702400.0,1.8014,1.8055,1.7923,1.8034,1915430.08,0.0,0.0,0
15m,1769703300.0,1.8034,1.8097,1.7977,1.7996,928546.35,0.0,0.0,0
15m,1769704200.0,1.7996,1.811,1.7983,1.8063,982138.32,0.0,0.0,0
15m,1769705100.0,1.8063,1.8189,1.8053,1.8159,1683073.46,0.0,0.0,0
15m,1769706000.0,1.8159,1.8314,1.8156,1.8279,1850846.56,0.0,0.0,0
15m,1769706900.0,1.8279,1.8431,1.8257,1.8312,1566004.29,0.0,0.0,0
15m,1769707800.0,1.8312,1.8325,1.8175,1.8206,1437477.93,0.0,0.0,0
15m,1769708700.0,1.8206,1.8229,1.8126,1.8129,1138396.08,0.0,0.0,0
15m,1769709600.0,1.8129,1.819,1.8096,1.8115,994597.38,0.0,0.0,0
15m,1769710500.0,1.8115,1.812,1.7941,1.7976,1460354.59,0.0,0.0,0
15m,1769711400.0,1.7976,1.8057,1.7897,1.8008,1191901.34,0.0,0.0,0
15m,1769712300.0,1.8008,1.8012,1.7841,1.7848,1528669.78,0.0,0.0,0
15m,1769713200.0,1.7848,1.7961,1.7811,1.7879,5265067.07,0.0,0.0,0
15m,1769714100.0,1.7879,1.7924,1.7777,1.7875,5180908.87,0.0,0.0,0
15m,1769715000.0,1.7875,1.7979,1.7875,1.7894,1147647.09,0.0,0.0,0
15m,1769715900.0,1.7894,1.7959,1.7887,1.7895,496296.94,0.0,0.0,0
15m,1769716800.0,1.7895,1.7947,1.7859,1.7866,632188.74,0.0,0.0,0
15m,1769717700.0,1.7866,1.7945,1.7864,1.7911,387752.65,0.0,0.0,0
15m,1769718600.0,1.7911,1.8004,1.7907,1.7992,355605.18,0.0,0.0,0
15m,1769719500.0,1.7992,1.8089,1.7967,1.8021,609382.63,0.0,0.0,0
15m,1769720400.0,1.8021,1.8058,1.7994,1.8036,446187.84,0.0,0.0,0
15m,1769721300.0,1.8036,1.8053,1.7981,1.7994,379333.63,0.0,0.0,0
15m,1769722200.0,1.7994,1.8031,1.7963,1.798,662165.32,0.0,0.0,0
15m,1769723100.0,1.798,1.8076,1.798,1.8055,431546.5,0.0,0.0,0
15m,1769724000.0,1.8055,1.8133,1.8033,1.8033,367383.47,0.0,0.0,0
15m,1769724900.0,1.8033,1.8081,1.8033,1.8077,218467.21,0.0,0.0,0
15m,1769725800.0,1.8077,1.8107,1.8068,1.8094,166973.04,0.0,0.0,0
15m,1769726700.0,1.8094,1.8134,1.8079,1.8102,119785.6,0.0,0.0,0
15m,1769727600.0,1.8102,1.811,1.7984,1.8003,411587.39,0.0,0.0,0
15m,1769728500.0,1.8003,1.8062,1.7984,1.8022,302377.39,0.0,0.0,0
15m,1769729400.0,1.8022,1.8072,1.8022,1.8069,212728.07,0.0,0.0,0
15m,1769730300.0,1.8069,1.8091,1.8065,1.8073,152768.6,0.0,0.0,0
15m,1769731200.0,1.8073,1.8125,1.806,1.8076,289783.83,0.0,0.0,0
15m,1769732100.0,1.8076,1.8096,1.8028,1.8046,387545.74,0.0,0.0,0
15m,1769733000.0,1.8046,1.8079,1.8006,1.8033,487503.53,0.0,0.0,0
15m,1769733900.0,1.8033,1.808,1.7977,1.7986,397297.48,0.0,0.0,0
15m,1769734800.0,1.7986,1.802,1.7952,1.8007,356877.28,0.0,0.0,0
15m,1769735700.0,1.8007,1.8049,1.7926,1.799,573346.09,0.0,0.0,0
15m,1769736600.0,1.799,1.802,1.7109,1.7443,7227223.98,0.0,0.0,0
15m,1769737500.0,1.7443,1.7617,1.7331,1.7559,2721137.0,0.0,0.0,0
15m,1769738400.0,1.7559,1.7618,1.7464,1.7475,955027.51,0.0,0.0,0
15m,1769739300.0,1.7475,1.7518,1.7254,1.734,1404486.98,0.0,0.0,0
15m,1769740200.0,1.734,1.7544,1.7277,1.7528,1010021.56,0.0,0.0,0
15m,1769741100.0,1.7528,1.7568,1.7423,1.7477,667574.6,0.0,0.0,0
15m,1769742000.0,1.7477,1.76,1.7465,1.7589,549825.65,0.0,0.0,0
15m,1769742900.0,1.7589,1.7612,1.7527,1.7531,552825.35,0.0,0.0,0
15m,1769743800.0,1.7531,1.7536,1.7451,1.7462,659167.25,0.0,0.0,0
15m,1769744700.0,1.7462,1.7498,1.7409,1.7477,451613.53,0.0,0.0,0
15m,1769745600.0,1.7477,1.7604,1.7474,1.7584,699910.34,0.0,0.0,0
15m,1769746500.0,1.7584,1.773,1.7563,1.7647,1238051.32,0.0,0.0,0
15m,1769747400.0,1.7647,1.7695,1.7611,1.7655,461885.33,0.0,0.0,0
15m,1769748300.0,1.7655,1.7678,1.7622,1.7636,250563.93,0.0,0.0,0
15m,1769749200.0,1.7636,1.7669,1.7581,1.7605,487517.13,0.0,0.0,0
15m,1769750100.0,1.7605,1.77,1.7587,1.7681,568310.17,0.0,0.0,0
15m,1769751000.0,1.7681,1.7688,1.7644,1.7657,598088.06,0.0,0.0,0
15m,1769751900.0,1.7657,1.7697,1.7637,1.7637,531395.86,0.0,0.0,0
15m,1769752800.0,1.7637,1.7643,1.7512,1.7521,923928.1,0.0,0.0,0
15m,1769753700.0,1.7521,1.7541,1.7422,1.7444,742872.79,0.0,0.0,0
15m,1769754600.0,1.7444,1.7471,1.7345,1.7354,928299.75,0.0,0.0,0
15m,1769755500.0,1.7354,1.7451,1.7302,1.7399,1079006.57,0.0,0.0,0
15m,1769756400.0,1.7399,1.7613,1.7385,1.7583,902514.97,0.0,0.0,0
15m,1769757300.0,1.7583,1.7613,1.7517,1.7517,385231.76,0.0,0.0,0
15m,1769758200.0,1.7517,1.7537,1.7475,1.7519,445003.75,0.0,0.0,0
15m,1769759100.0,1.7519,1.762,1.7506,1.7586,417092.78,0.0,0.0,0
15m,1769760000.0,1.7586,1.763,1.7541,1.7625,518664.73,0.0,0.0,0
15m,1769760900.0,1.7625,1.7636,1.7562,1.7562,350974.2,0.0,0.0,0
15m,1769761800.0,1.7562,1.7562,1.7438,1.749,415220.47,0.0,0.0,0
15m,1769762700.0,1.749,1.7534,1.7464,1.7496,458773.64,0.0,0.0,0
15m,1769763600.0,1.7496,1.7546,1.7481,1.75,205624.03,0.0,0.0,0
15m,1769764500.0,1.75,1.7513,1.7386,1.7393,368115.42,0.0,0.0,0
15m,1769765400.0,1.7393,1.7515,1.7393,1.747,876873.64,0.0,0.0,0
15m,1769766300.0,1.747,1.747,1.7336,1.7403,824798.88,0.0,0.0,0
15m,1769767200.0,1.7403,1.7433,1.7377,1.7418,365080.37,0.0,0.0,0
15m,1769768100.0,1.7418,1.7478,1.7388,1.7444,262181.87,0.0,0.0,0
15m,1769769000.0,1.7444,1.7464,1.7423,1.7445,169578.26,0.0,0.0,0
15m,1769769900.0,1.7445,1.752,1.7442,1.7503,423741.96,0.0,0.0,0
15m,1769770800.0,1.7503,1.753,1.7481,1.7522,425980.81,0.0,0.0,0
15m,1769771700.0,1.7522,1.7535,1.7485,1.7503,371605.65,0.0,0.0,0
15m,1769772600.0,1.7503,1.7566,1.749,1.7527,392365.55,0.0,0.0,0
15m,1769773500.0,1.7527,1.7747,1.7503,1.7697,679329.89,0.0,0.0,0
15m,1769774400.0,1.7697,1.775,1.7679,1.7679,661263.93,0.0,0.0,0
15m,1769775300.0,1.7679,1.7705,1.7604,1.7645,593287.79,0.0,0.0,0
15m,1769776200.0,1.7645,1.7688,1.7601,1.7601,399774.42,0.0,0.0,0
15m,1769777100.0,1.7601,1.7649,1.7589,1.7614,501032.22,0.0,0.0,0
15m,1769778000.0,1.7614,1.7643,1.7524,1.7595,557571.01,0.0,0.0,0
15m,1769778900.0,1.7595,1.7626,1.7542,1.7566,437539.93,0.0,0.0,0
15m,1769779800.0,1.7566,1.7643,1.7442,1.7565,1163619.19,0.0,0.0,0
15m,1769780700.0,1.7565,1.7567,1.7483,1.7521,374248.88,0.0,0.0,0
15m,1769781600.0,1.7521,1.7692,1.7521,1.7651,326992.71,0.0,0.0,0
15m,1769782500.0,1.7651,1.7658,1.7564,1.7579,247318.52,0.0,0.0,0
15m,1769783400.0,1.7579,1.7767,1.753,1.7745,1136256.1,0.0,0.0,0
15m,1769784300.0,1.7745,1.7783,1.7567,1.7618,1511234.85,0.0,0.0,0
15m,1769785200.0,1.7618,1.7777,1.7596,1.7696,1690683.58,0.0,0.0,0
15m,1769786100.0,1.7696,1.7752,1.7461,1.7476,1880418.2,0.0,0.0,0
15m,1769787000.0,1.7476,1.782,1.7407,1.7745,2000982.77,0.0,0.0,0
15m,1769787900.0,1.7745,1.7792,1.7553,1.759,1191120.98,0.0,0.0,0
15m,1769788800.0,1.759,1.7679,1.7538,1.7645,717524.91,0.0,0.0,0
15m,1769789700.0,1.7645,1.7682,1.7477,1.7637,1240467.18,0.0,0.0,0
15m,1769790600.0,1.7637,1.7755,1.757,1.7696,957965.7,0.0,0.0,0
15m,1769791500.0,1.7696,1.7697,1.7595,1.7629,501935.01,0.0,0.0,0
15m,1769792400.0,1.7629,1.7638,1.7496,1.7533,1011823.71,0.0,0.0,0
15m,1769793300.0,1.7533,1.7738,1.7508,1.7697,709671.69,0.0,0.0,0
15m,1769794200.0,1.7697,1.7702,1.7561,1.7602,469212.56,0.0,0.0,0
15m,1769795100.0,1.7602,1.7629,1.7514,1.7531,458706.04,0.0,0.0,0
15m,1769796000.0,1.7531,1.7578,1.7418,1.7451,658564.62,0.0,0.0,0
15m,1769796900.0,1.7451,1.7457,1.7121,1.7289,1831637.56,0.0,0.0,0
15m,1769797800.0,1.7289,1.7532,1.7209,1.7529,846385.89,0.0,0.0,0
15m,1769798700.0,1.7529,1.7806,1.7502,1.7728,1207530.86,0.0,0.0,0
15m,1769799600.0,1.7728,1.7844,1.7698,1.776,1480498.52,0.0,0.0,0
15m,1769800500.0,1.776,1.7839,1.7731,1.7773,602576.4,0.0,0.0,0
15m,1769801400.0,1.7773,1.7822,1.7687,1.771,418344.98,0.0,0.0,0
15m,1769802300.0,1.771,1.7824,1.7674,1.7713,306909.18,0.0,0.0,0
15m,1769803200.0,1.7713,1.7716,1.7546,1.7604,629136.23,0.0,0.0,0
15m,1769804100.0,1.7604,1.7669,1.7475,1.7519,773826.23,0.0,0.0,0
15m,1769805000.0,1.7519,1.7571,1.7338,1.742,1574437.78,0.0,0.0,0
15m,1769805900.0,1.742,1.747,1.7352,1.7394,1627090.92,0.0,0.0,0
15m,1769806800.0,1.7394,1.7463,1.7347,1.7403,684308.51,0.0,0.0,0
15m,1769807700.0,1.7403,1.7514,1.7392,1.7397,824567.03,0.0,0.0,0
15m,1769808600.0,1.7397,1.7423,1.7265,1.7291,814445.9,0.0,0.0,0
15m,1769809500.0,1.7291,1.7354,1.7243,1.7289,825329.88,0.0,0.0,0
15m,1769810400.0,1.7289,1.7371,1.722,1.7227,762749.58,0.0,0.0,0
15m,1769811300.0,1.7227,1.7259,1.7179,1.7184,1307129.28,0.0,0.0,0
15m,1769812200.0,1.7184,1.7309,1.7184,1.7272,690060.94,0.0,0.0,0
15m,1769813100.0,1.7272,1.7311,1.7255,1.7293,427540.47,0.0,0.0,0
15m,1769814000.0,1.7293,1.7309,1.7228,1.7255,679870.05,0.0,0.0,0
15m,1769814900.0,1.7255,1.7319,1.725,1.7287,642514.54,0.0,0.0,0
15m,1769815800.0,1.7287,1.7364,1.7277,1.7355,493369.86,0.0,0.0,0
15m,1769816700.0,1.7355,1.7372,1.7339,1.7353,775097.84,0.0,0.0,0
15m,1769817600.0,1.7353,1.7384,1.7338,1.7367,486823.73,0.0,0.0,0
15m,1769818500.0,1.7367,1.7386,1.7333,1.7375,460176.11,0.0,0.0,0
15m,1769819400.0,1.7375,1.7413,1.7359,1.7386,384292.67,0.0,0.0,0
15m,1769820300.0,1.7386,1.7388,1.7346,1.7369,378459.84,0.0,0.0,0
15m,1769821200.0,1.7369,1.744,1.7355,1.744,278998.54,0.0,0.0,0
15m,1769822100.0,1.744,1.7467,1.7418,1.7428,329175.33,0.0,0.0,0
15m,1769823000.0,1.7428,1.7448,1.7379,1.7446,415374.49,0.0,0.0,0
15m,1769823900.0,1.7446,1.7478,1.7431,1.7467,321771.9,0.0,0.0,0
15m,1769824800.0,1.7467,1.747,1.7377,1.7411,405668.43,0.0,0.0,0
15m,1769825700.0,1.7411,1.7414,1.7342,1.7391,507186.08,0.0,0.0,0
15m,1769826600.0,1.7391,1.7548,1.7371,1.7508,430295.06,0.0,0.0,0
15m,1769827500.0,1.7508,1.7525,1.7495,1.7495,268123.31,0.0,0.0,0
15m,1769828400.0,1.7495,1.7525,1.7473,1.7502,261596.87,0.0,0.0,0
15m,1769829300.0,1.7502,1.7512,1.7468,1.7481,122232.65,0.0,0.0,0
15m,1769830200.0,1.7481,1.7497,1.7462,1.7465,127680.51,0.0,0.0,0
15m,1769831100.0,1.7465,1.7471,1.7423,1.7446,142476.9,0.0,0.0,0
15m,1769832000.0,1.7446,1.7487,1.7442,1.7465,265413.59,0.0,0.0,0
15m,1769832900.0,1.7465,1.7483,1.742,1.7464,244326.46,0.0,0.0,0
15m,1769833800.0,1.7464,1.7464,1.7393,1.7398,278887.5,0.0,0.0,0
15m,1769834700.0,1.7398,1.7416,1.7362,1.7383,197133.32,0.0,0.0,0
15m,1769835600.0,1.7383,1.7387,1.7311,1.7336,284073.14,0.0,0.0,0
15m,1769836500.0,1.7336,1.7375,1.7307,1.7369,243301.31,0.0,0.0,0
15m,1769837400.0,1.7369,1.7395,1.735,1.7363,122521.3,0.0,0.0,0
15m,1769838300.0,1.7363,1.7391,1.7346,1.7383,107062.52,0.0,0.0,0
15m,1769839200.0,1.7383,1.7399,1.7342,1.7372,113195.21,0.0,0.0,0
15m,1769840100.0,1.7372,1.7379,1.7238,1.7249,332711.42,0.0,0.0,0
15m,1769841000.0,1.7249,1.7277,1.7221,1.7254,403949.73,0.0,0.0,0
15m,1769841900.0,1.7254,1.7302,1.7254,1.7295,200616.1,0.0,0.0,0
15m,1769842800.0,1.7295,1.7334,1.7259,1.7291,266403.71,0.0,0.0,0
15m,1769843700.0,1.7291,1.7307,1.7247,1.7277,223529.89,0.0,0.0,0
15m,1769844600.0,1.7277,1.7281,1.7124,1.7168,836397.51,0.0,0.0,0
15m,1769845500.0,1.7168,1.7217,1.7168,1.7194,370906.51,0.0,0.0,0
15m,1769846400.0,1.7194,1.7225,1.7125,1.7165,690583.9,0.0,0.0,0
15m,1769847300.0,1.7165,1.7165,1.7018,1.7042,1787104.79,0.0,0.0,0
15m,1769848200.0,1.7042,1.7042,1.6801,1.6891,2726107.32,0.0,0.0,0
15m,1769849100.0,1.6891,1.6979,1.6832,1.6946,933734.67,0.0,0.0,0
15m,1769850000.0,1.6946,1.7003,1.6934,1.6987,526340.25,0.0,0.0,0
15m,1769850900.0,1.6987,1.7009,1.6908,1.6963,492460.96,0.0,0.0,0
15m,1769851800.0,1.6963,1.7074,1.6963,1.7013,530529.95,0.0,0.0,0
15m,1769852700.0,1.7013,1.7028,1.6987,1.7005,162980.53,0.0,0.0,0
15m,1769853600.0,1.7005,1.7021,1.6951,1.6971,678600.5,0.0,0.0,0
15m,1769854500.0,1.6971,1.704,1.6952,1.7038,208095.72,0.0,0.0,0
15m,1769855400.0,1.7038,1.7116,1.7032,1.7105,506415.54,0.0,0.0,0
15m,1769856300.0,1.7105,1.7116,1.7064,1.7069,161888.51,0.0,0.0,0
15m,1769857200.0,1.7069,1.7069,1.6999,1.7011,275877.04,0.0,0.0,0
15m,1769858100.0,1.7011,1.7044,1.7004,1.7028,159545.32,0.0,0.0,0
15m,1769859000.0,1.7028,1.7054,1.7004,1.7008,153266.14,0.0,0.0,0
15m,1769859900.0,1.7008,1.7024,1.6988,1.7024,332360.98,0.0,0.0,0
15m,1769860800.0,1.7024,1.7024,1.692,1.6935,696185.08,0.0,0.0,0
15m,1769861700.0,1.6935,1.6992,1.6929,1.6954,221054.4,0.0,0.0,0
15m,1769862600.0,1.6954,1.6956,1.689,1.6942,329311.5,0.0,0.0,0
15m,1769863500.0,1.6942,1.695,1.6863,1.6904,574289.26,0.0,0.0,0
15m,1769864400.0,1.6904,1.6909,1.685,1.6871,488166.49,0.0,0.0,0
15m,1769865300.0,1.6871,1.6906,1.6853,1.6879,293707.27,0.0,0.0,0
15m,1769866200.0,1.6879,1.6892,1.6724,1.6769,831885.75,0.0,0.0,0
15m,1769867100.0,1.6769,1.6783,1.6731,1.6767,481221.71,0.0,0.0,0
15m,1769868000.0,1.6767,1.6811,1.66,1.6644,1216157.5,0.0,0.0,0
15m,1769868900.0,1.6644,1.6664,1.6275,1.6368,4723552.02,0.0,0.0,0
15m,1769869800.0,1.6368,1.6416,1.6127,1.6218,4106554.32,0.0,0.0,0
15m,1769870700.0,1.6218,1.6418,1.6162,1.6408,1966700.55,0.0,0.0,0
15m,1769871600.0,1.6408,1.6601,1.635,1.6502,1737522.31,0.0,0.0,0
15m,1769872500.0,1.6502,1.652,1.6381,1.646,783150.31,0.0,0.0,0
15m,1769873400.0,1.646,1.6508,1.6409,1.6454,989915.84,0.0,0.0,0
15m,1769874300.0,1.6454,1.6481,1.633,1.6352,1178946.24,0.0,0.0,0
15m,1769875200.0,1.6352,1.6385,1.6219,1.628,2084114.1,0.0,0.0,0
15m,1769876100.0,1.628,1.6501,1.6163,1.6333,3015562.56,0.0,0.0,0
15m,1769877000.0,1.6333,1.6346,1.6198,1.6208,913214.11,0.0,0.0,0
15m,1769877900.0,1.6208,1.6214,1.6033,1.6105,2896109.21,0.0,0.0,0
15m,1769878800.0,1.6105,1.6164,1.5167,1.5616,9288494.59,0.0,0.0,0
15m,1769879700.0,1.5616,1.5761,1.5574,1.5687,4215686.23,0.0,0.0,0
15m,1769880600.0,1.5687,1.5839,1.5561,1.5731,2471031.7,0.0,0.0,0
15m,1769881500.0,1.5731,1.5786,1.5612,1.5679,1494245.93,0.0,0.0,0
15m,1769882400.0,1.5679,1.5807,1.5679,1.574,1648614.54,0.0,0.0,0
15m,1769883300.0,1.574,1.5748,1.5575,1.5715,1961355.21,0.0,0.0,0
15m,1769884200.0,1.5715,1.5838,1.5031,1.5835,8741186.55,0.0,0.0,0
15m,1769885100.0,1.5835,1.6057,1.5709,1.585,7214011.93,0.0,0.0,0
15m,1769886000.0,1.585,1.6044,1.5842,1.6023,2741901.39,0.0,0.0,0
15m,1769886900.0,1.6023,1.6107,1.5873,1.5897,1370521.65,0.0,0.0,0
15m,1769887800.0,1.5897,1.5921,1.5753,1.5782,1257907.0,0.0,0.0,0
15m,1769888700.0,1.5782,1.5909,1.5745,1.5828,795595.35,0.0,0.0,0
15m,1769889600.0,1.5828,1.5867,1.5793,1.5809,504110.25,0.0,0.0,0
15m,1769890500.0,1.5809,1.601,1.5758,1.5762,695734.82,0.0,0.0,0
15m,1769891400.0,1.5762,1.5895,1.5714,1.5864,771232.79,0.0,0.0,0
15m,1769892300.0,1.5864,1.5987,1.5822,1.5939,503263.88,0.0,0.0,0
15m,1769893200.0,1.5939,1.6026,1.5877,1.594,668421.98,0.0,0.0,0
15m,1769894100.0,1.594,1.6103,1.5889,1.6092,835583.05,0.0,0.0,0
15m,1769895000.0,1.6092,1.6247,1.6023,1.6235,963762.31,0.0,0.0,0
15m,1769895900.0,1.6235,1.6267,1.6153,1.6205,1024061.25,0.0,0.0,0
15m,1769896800.0,1.6205,1.6222,1.612,1.6126,649629.85,0.0,0.0,0
15m,1769897700.0,1.6126,1.6145,1.6054,1.6124,435226.46,0.0,0.0,0
15m,1769898600.0,1.6124,1.6149,1.6026,1.6065,497404.66,0.0,0.0,0
15m,1769899500.0,1.6065,1.6169,1.6059,1.6149,359100.31,0.0,0.0,0
15m,1769900400.0,1.6149,1.6211,1.6133,1.6172,405252.67,0.0,0.0,0
15m,1769901300.0,1.6172,1.6542,1.6162,1.6475,1399626.73,0.0,0.0,0
15m,1769902200.0,1.6475,1.6544,1.6402,1.6409,651921.23,0.0,0.0,0
15m,1769903100.0,1.6409,1.6488,1.6374,1.6471,517518.62,0.0,0.0,0
15m,1769904000.0,1.6471,1.6621,1.6435,1.662,1075675.21,0.0,0.0,0
15m,1769904900.0,1.662,1.6759,1.6561,1.6666,1937879.21,0.0,0.0,0
15m,1769905800.0,1.6666,1.6716,1.6555,1.6572,895539.51,0.0,0.0,0
15m,1769906700.0,1.6572,1.6671,1.6544,1.6642,748527.92,0.0,0.0,0
15m,1769907600.0,1.6642,1.6665,1.6475,1.6527,908597.51,0.0,0.0,0
15m,1769908500.0,1.6527,1.6621,1.6451,1.661,950193.09,0.0,0.0,0
15m,1769909400.0,1.661,1.665,1.6452,1.6498,763163.5,0.0,0.0,0
15m,1769910300.0,1.6498,1.6619,1.6493,1.6607,549864.11,0.0,0.0,0
15m,1769911200.0,1.6607,1.672,1.6577,1.6707,441193.81,0.0,0.0,0
15m,1769912100.0,1.6707,1.6801,1.6621,1.6653,929550.21,0.0,0.0,0
15m,1769913000.0,1.6653,1.6748,1.6644,1.672,374515.44,0.0,0.0,0
15m,1769913900.0,1.672,1.6759,1.6685,1.6707,405964.64,0.0,0.0,0
15m,1769914800.0,1.6707,1.6738,1.6646,1.6661,509241.6,0.0,0.0,0
15m,1769915700.0,1.6661,1.6677,1.6602,1.6629,245236.43,0.0,0.0,0
15m,1769916600.0,1.6629,1.6655,1.6591,1.6609,313477.96,0.0,0.0,0
15m,1769917500.0,1.6609,1.6692,1.6609,1.6667,240165.6,0.0,0.0,0
15m,1769918400.0,1.6667,1.6738,1.6648,1.6721,226081.41,0.0,0.0,0
15m,1769919300.0,1.6721,1.6739,1.6625,1.6646,394832.18,0.0,0.0,0
15m,1769920200.0,1.6646,1.6684,1.6613,1.6654,465297.44,0.0,0.0,0
15m,1769921100.0,1.6654,1.6693,1.6645,1.6656,232911.32,0.0,0.0,0
15m,1769922000.0,1.6656,1.6678,1.6557,1.6633,739367.32,0.0,0.0,0
15m,1769922900.0,1.6633,1.6702,1.6613,1.669,367762.64,0.0,0.0,0
15m,1769923800.0,1.669,1.6693,1.6578,1.659,466475.83,0.0,0.0,0
15m,1769924700.0,1.659,1.6642,1.6579,1.6588,350374.0,0.0,0.0,0
15m,1769925600.0,1.6588,1.6734,1.6581,1.6709,642681.89,0.0,0.0,0
15m,1769926500.0,1.6709,1.6725,1.6639,1.6642,670162.77,0.0,0.0,0
15m,1769927400.0,1.6642,1.6662,1.6533,1.6604,532810.92,0.0,0.0,0
15m,1769928300.0,1.6604,1.6609,1.6549,1.6568,395477.03,0.0,0.0,0
15m,1769929200.0,1.6568,1.6596,1.648,1.6512,543186.32,0.0,0.0,0
15m,1769930100.0,1.6512,1.6541,1.6471,1.6489,517861.54,0.0,0.0,0
15m,1769931000.0,1.6489,1.6715,1.6479,1.6693,550001.58,0.0,0.0,0
15m,1769931900.0,1.6693,1.6697,1.6588,1.659,245627.44,0.0,0.0,0
15m,1769932800.0,1.659,1.6703,1.6581,1.6641,404892.92,0.0,0.0,0
15m,1769933700.0,1.6641,1.6663,1.6593,1.6656,445550.48,0.0,0.0,0
15m,1769934600.0,1.6656,1.6779,1.6637,1.6726,196308.33,0.0,0.0,0
15m,1769935500.0,1.6726,1.6726,1.663,1.6636,449449.55,0.0,0.0,0
15m,1769936400.0,1.6636,1.6679,1.6607,1.6626,327125.7,0.0,0.0,0
15m,1769937300.0,1.6626,1.6635,1.6534,1.6541,312512.28,0.0,0.0,0
15m,1769938200.0,1.6541,1.6653,1.6539,1.6641,211459.2,0.0,0.0,0
15m,1769939100.0,1.6641,1.6698,1.6609,1.6673,232862.51,0.0,0.0,0
15m,1769940000.0,1.6673,1.6689,1.6624,1.666,148747.99,0.0,0.0,0
15m,1769940900.0,1.666,1.666,1.6589,1.6624,558124.28,0.0,0.0,0
15m,1769941800.0,1.6624,1.6632,1.6412,1.6414,1049324.23,0.0,0.0,0
15m,1769942700.0,1.6414,1.6421,1.6322,1.6329,660359.66,0.0,0.0,0
15m,1769943600.0,1.6329,1.6387,1.6326,1.6385,473381.9,0.0,0.0,0
15m,1769944500.0,1.6385,1.6385,1.6323,1.6358,198482.91,0.0,0.0,0
15m,1769945400.0,1.6358,1.6543,1.6358,1.6522,426179.29,0.0,0.0,0
15m,1769946300.0,1.6522,1.6536,1.646,1.6497,323424.03,0.0,0.0,0
15m,1769947200.0,1.6497,1.6502,1.6433,1.6457,150428.93,0.0,0.0,0
15m,1769948100.0,1.6457,1.6457,1.6327,1.6379,539012.99,0.0,0.0,0
15m,1769949000.0,1.6379,1.6481,1.6374,1.6388,458489.22,0.0,0.0,0
15m,1769949900.0,1.6388,1.6427,1.6388,1.6402,182370.57,0.0,0.0,0
15m,1769950800.0,1.6402,1.6525,1.6402,1.649,346811.15,0.0,0.0,0
15m,1769951700.0,1.649,1.6502,1.641,1.6435,180156.15,0.0,0.0,0
15m,1769952600.0,1.6435,1.6438,1.6371,1.6398,202676.96,0.0,0.0,0
15m,1769953500.0,1.6398,1.6421,1.6262,1.6298,383589.44,0.0,0.0,0
15m,1769954400.0,1.6298,1.6336,1.6215,1.6224,391483.57,0.0,0.0,0
15m,1769955300.0,1.6224,1.6237,1.6113,1.6127,610749.39,0.0,0.0,0
15m,1769956200.0,1.6127,1.6177,1.5984,1.6079,1491453.93,0.0,0.0,0
15m,1769957100.0,1.6079,1.629,1.6056,1.6165,846057.92,0.0,0.0,0
15m,1769958000.0,1.6165,1.6185,1.5981,1.5985,523240.75,0.0,0.0,0
15m,1769958900.0,1.5985,1.6013,1.5813,1.5825,1649243.26,0.0,0.0,0
15m,1769959800.0,1.5825,1.5934,1.5764,1.585,1179306.3,0.0,0.0,0
15m,1769960700.0,1.585,1.6035,1.5829,1.5946,891880.04,0.0,0.0,0
15m,1769961600.0,1.5946,1.6055,1.5888,1.5973,1251820.04,0.0,0.0,0
15m,1769962500.0,1.5973,1.6098,1.5818,1.6014,742381.99,0.0,0.0,0
15m,1769963400.0,1.6014,1.6035,1.5861,1.5874,378702.92,0.0,0.0,0
15m,1769964300.0,1.5874,1.5975,1.585,1.5929,288440.0,0.0,0.0,0
15m,1769965200.0,1.5929,1.5986,1.5889,1.5981,754460.24,0.0,0.0,0
15m,1769966100.0,1.5981,1.5992,1.5866,1.5938,314683.64,0.0,0.0,0
15m,1769967000.0,1.5938,1.5989,1.5884,1.5951,428041.47,0.0,0.0,0
15m,1769967900.0,1.5951,1.6025,1.5911,1.6019,262145.52,0.0,0.0,0
15m,1769968800.0,1.6019,1.6223,1.6016,1.6183,1083005.88,0.0,0.0,0
15m,1769969700.0,1.6183,1.6268,1.6126,1.6193,688487.13,0.0,0.0,0
15m,1769970600.0,1.6193,1.6217,1.6129,1.6149,322195.44,0.0,0.0,0
15m,1769971500.0,1.6149,1.6168,1.6092,1.6156,226819.08,0.0,0.0,0
15m,1769972400.0,1.6156,1.6195,1.6057,1.6093,333618.93,0.0,0.0,0
15m,1769973300.0,1.6093,1.6119,1.6031,1.608,215954.32,0.0,0.0,0
15m,1769974200.0,1.608,1.6124,1.6012,1.6036,180828.48,0.0,0.0,0
15m,1769975100.0,1.6036,1.6036,1.5913,1.6001,484792.26,0.0,0.0,0
15m,1769976000.0,1.6001,1.6001,1.5898,1.5909,498555.99,0.0,0.0,0
15m,1769976900.0,1.5909,1.5971,1.5804,1.5815,437025.25,0.0,0.0,0
15m,1769977800.0,1.5815,1.6145,1.5815,1.6075,512294.56,0.0,0.0,0
15m,1769978700.0,1.6075,1.6085,1.5966,1.5992,232896.4,0.0,0.0,0
15m,1769979600.0,1.5992,1.6002,1.5834,1.5911,510163.01,0.0,0.0,0
15m,1769980500.0,1.5911,1.5944,1.5848,1.592,510842.51,0.0,0.0,0
15m,1769981400.0,1.592,1.5994,1.5845,1.5914,553415.83,0.0,0.0,0
15m,1769982300.0,1.5914,1.595,1.5821,1.5904,1012064.74,0.0,0.0,0
15m,1769983200.0,1.5904,1.615,1.5865,1.6058,942934.0,0.0,0.0,0
15m,1769984100.0,1.6058,1.6068,1.5877,1.5991,606020.4,0.0,0.0,0
15m,1769985000.0,1.5991,1.6126,1.5985,1.6041,358713.08,0.0,0.0,0
15m,1769985900.0,1.6041,1.607,1.5971,1.6006,349030.68,0.0,0.0,0
15m,1769986800.0,1.6006,1.6017,1.5526,1.582,3430267.67,0.0,0.0,0
15m,1769987700.0,1.582,1.6,1.5701,1.5955,3003449.38,0.0,0.0,0
15m,1769988600.0,1.5955,1.6135,1.5888,1.6032,1443707.66,0.0,0.0,0
15m,1769989500.0,1.6032,1.6032,1.5884,1.5909,1102287.94,0.0,0.0,0
15m,1769990400.0,1.5909,1.6045,1.5785,1.5985,1223167.92,0.0,0.0,0
15m,1769991300.0,1.5985,1.6161,1.5969,1.6103,1114159.77,0.0,0.0,0
15m,1769992200.0,1.6103,1.6189,1.6057,1.6115,606851.13,0.0,0.0,0
15m,1769993100.0,1.6115,1.6162,1.6026,1.6047,625889.34,0.0,0.0,0
15m,1769994000.0,1.6047,1.613,1.5829,1.5855,654610.85,0.0,0.0,0
15m,1769994900.0,1.5855,1.6163,1.5812,1.6127,1201815.74,0.0,0.0,0
15m,1769995800.0,1.6127,1.6131,1.6013,1.6067,414551.22,0.0,0.0,0
15m,1769996700.0,1.6067,1.6094,1.5995,1.602,261733.19,0.0,0.0,0
15m,1769997600.0,1.602,1.6044,1.5945,1.5997,552517.15,0.0,0.0,0
15m,1769998500.0,1.5997,1.6102,1.5972,1.6013,543756.2,0.0,0.0,0
15m,1769999400.0,1.6013,1.605,1.5905,1.5935,457831.92,0.0,0.0,0
15m,1770000300.0,1.5935,1.5951,1.5867,1.5908,484377.86,0.0,0.0,0
15m,1770001200.0,1.5908,1.5922,1.564,1.5653,917352.03,0.0,0.0,0
15m,1770002100.0,1.5653,1.5653,1.5334,1.5373,3461609.0,0.0,0.0,0
15m,1770003000.0,1.5373,1.5524,1.5305,1.5404,2406103.16,0.0,0.0,0
15m,1770003900.0,1.5404,1.5858,1.5386,1.5808,1980262.31,0.0,0.0,0
15m,1770004800.0,1.5808,1.5831,1.5576,1.5602,841448.99,0.0,0.0,0
15m,1770005700.0,1.5602,1.5958,1.5585,1.594,1121973.64,0.0,0.0,0
15m,1770006600.0,1.594,1.6001,1.5873,1.5882,790506.69,0.0,0.0,0
15m,1770007500.0,1.5882,1.5882,1.5748,1.5767,508943.38,0.0,0.0,0
15m,1770008400.0,1.5767,1.5778,1.5583,1.5602,960800.51,0.0,0.0,0
15m,1770009300.0,1.5602,1.5629,1.5408,1.5455,1449254.15,0.0,0.0,0
15m,1770010200.0,1.5455,1.5525,1.5338,1.5469,1507672.73,0.0,0.0,0
15m,1770011100.0,1.5469,1.5591,1.5423,1.5495,1602516.38,0.0,0.0,0
15m,1770012000.0,1.5495,1.5549,1.534,1.5523,1483029.66,0.0,0.0,0
15m,1770012900.0,1.5523,1.5685,1.547,1.5547,1239228.35,0.0,0.0,0
15m,1770013800.0,1.5547,1.5961,1.5312,1.5804,4498857.73,0.0,0.0,0
15m,1770014700.0,1.5804,1.5933,1.5674,1.5806,2010605.99,0.0,0.0,0
15m,1770015600.0,1.5806,1.5922,1.5777,1.5798,1183510.99,0.0,0.0,0
15m,1770016500.0,1.5798,1.588,1.575,1.5804,625569.44,0.0,0.0,0
15m,1770017400.0,1.5804,1.5912,1.5792,1.588,899227.5,0.0,0.0,0
15m,1770018300.0,1.588,1.5967,1.5787,1.5792,1188348.91,0.0,0.0,0
15m,1770019200.0,1.5792,1.5928,1.5792,1.5911,1065339.82,0.0,0.0,0
15m,1770020100.0,1.5911,1.5995,1.5868,1.5891,891083.61,0.0,0.0,0
15m,1770021000.0,1.5891,1.599,1.5891,1.5967,539367.66,0.0,0.0,0
15m,1770021900.0,1.5967,1.6006,1.5899,1.5899,412816.34,0.0,0.0,0
15m,1770022800.0,1.5899,1.5959,1.5874,1.5912,448012.8,0.0,0.0,0
15m,1770023700.0,1.5912,1.6025,1.5881,1.6015,627826.32,0.0,0.0,0
15m,1770024600.0,1.6015,1.6109,1.5969,1.6028,997825.59,0.0,0.0,0
15m,1770025500.0,1.6028,1.6142,1.6024,1.609,1055254.32,0.0,0.0,0
15m,1770026400.0,1.609,1.6153,1.6073,1.6118,396044.68,0.0,0.0,0
15m,1770027300.0,1.6118,1.6138,1.6057,1.6106,442977.06,0.0,0.0,0
15m,1770028200.0,1.6106,1.613,1.6047,1.6089,447452.71,0.0,0.0,0
15m,1770029100.0,1.6089,1.613,1.6063,1.6116,303654.74,0.0,0.0,0
15m,1770030000.0,1.6116,1.6205,1.6116,1.6195,800476.42,0.0,0.0,0
15m,1770030900.0,1.6195,1.6203,1.6159,1.6202,216663.9,0.0,0.0,0
15m,1770031800.0,1.6202,1.6244,1.6191,1.6218,477330.46,0.0,0.0,0
15m,1770032700.0,1.6218,1.6273,1.6185,1.6217,630911.73,0.0,0.0,0
15m,1770033600.0,1.6217,1.6304,1.6211,1.63,266857.21,0.0,0.0,0
15m,1770034500.0,1.63,1.6555,1.6285,1.645,1181626.47,0.0,0.0,0
15m,1770035400.0,1.645,1.6491,1.6368,1.6388,643531.67,0.0,0.0,0
15m,1770036300.0,1.6388,1.6477,1.638,1.6463,428774.58,0.0,0.0,0
15m,1770037200.0,1.6463,1.6463,1.638,1.6433,499965.96,0.0,0.0,0
15m,1770038100.0,1.6433,1.6523,1.6408,1.641,437708.08,0.0,0.0,0
15m,1770039000.0,1.641,1.6456,1.6364,1.642,509829.91,0.0,0.0,0
15m,1770039900.0,1.642,1.6436,1.6367,1.6388,718990.16,0.0,0.0,0
15m,1770040800.0,1.6388,1.6408,1.6238,1.6283,763766.81,0.0,0.0,0
15m,1770041700.0,1.6283,1.6341,1.6229,1.6313,635437.55,0.0,0.0,0
15m,1770042600.0,1.6313,1.6484,1.6307,1.6352,1618623.83,0.0,0.0,0
15m,1770043500.0,1.6352,1.6408,1.6252,1.6299,1168211.35,0.0,0.0,0
15m,1770044400.0,1.6299,1.6463,1.6262,1.6433,855541.35,0.0,0.0,0
15m,1770045300.0,1.6433,1.6507,1.6381,1.6427,584652.72,0.0,0.0,0
15m,1770046200.0,1.6427,1.6548,1.6373,1.6476,1044918.06,0.0,0.0,0
15m,1770047100.0,1.6476,1.6509,1.6369,1.6425,693775.66,0.0,0.0,0
15m,1770048000.0,1.6425,1.6487,1.6373,1.6467,563458.07,0.0,0.0,0
15m,1770048900.0,1.6467,1.6571,1.6442,1.6563,500850.98,0.0,0.0,0
15m,1770049800.0,1.6563,1.6564,1.645,1.6481,419785.74,0.0,0.0,0
15m,1770050700.0,1.6481,1.6485,1.6403,1.6442,432313.31,0.0,0.0,0
15m,1770051600.0,1.6442,1.6503,1.6424,1.6489,326558.71,0.0,0.0,0
15m,1770052500.0,1.6489,1.6527,1.6462,1.6478,351066.37,0.0,0.0,0
15m,1770053400.0,1.6478,1.6508,1.6377,1.6399,456257.23,0.0,0.0,0
15m,1770054300.0,1.6399,1.6444,1.6377,1.6421,235954.63,0.0,0.0,0
15m,1770055200.0,1.6421,1.6449,1.6398,1.6422,278155.22,0.0,0.0,0
15m,1770056100.0,1.6422,1.6429,1.6342,1.6368,305382.43,0.0,0.0,0
15m,1770057000.0,1.6368,1.6503,1.6362,1.6421,388277.12,0.0,0.0,0
15m,1770057900.0,1.6421,1.6457,1.6413,1.6419,208526.47,0.0,0.0,0
15m,1770058800.0,1.6419,1.6426,1.6371,1.6393,270003.54,0.0,0.0,0
15m,1770059700.0,1.6393,1.642,1.6353,1.6357,108695.64,0.0,0.0,0
15m,1770060600.0,1.6357,1.636,1.6282,1.6322,276990.97,0.0,0.0,0
15m,1770061500.0,1.6322,1.6332,1.6253,1.6256,411374.92,0.0,0.0,0
15m,1770062400.0,1.6256,1.6328,1.6218,1.6288,352465.11,0.0,0.0,0
15m,1770063300.0,1.6288,1.6318,1.6241,1.6259,270639.03,0.0,0.0,0
15m,1770064200.0,1.6259,1.6261,1.6155,1.62,337421.43,0.0,0.0,0
15m,1770065100.0,1.62,1.6241,1.6123,1.6135,798465.26,0.0,0.0,0
15m,1770066000.0,1.6135,1.6221,1.6135,1.6198,577808.78,0.0,0.0,0
15m,1770066900.0,1.6198,1.622,1.6134,1.6147,199469.05,0.0,0.0,0
15m,1770067800.0,1.6147,1.6251,1.6144,1.6225,292513.77,0.0,0.0,0
15m,1770068700.0,1.6225,1.6267,1.6224,1.6234,276573.67,0.0,0.0,0
15m,1770069600.0,1.6234,1.6335,1.6227,1.6297,345688.5,0.0,0.0,0
15m,1770070500.0,1.6297,1.6301,1.622,1.624,225733.58,0.0,0.0,0
15m,1770071400.0,1.624,1.6277,1.6222,1.6275,234117.71,0.0,0.0,0
15m,1770072300.0,1.6275,1.6292,1.6239,1.6262,209748.22,0.0,0.0,0
15m,1770073200.0,1.6262,1.6272,1.6198,1.6213,313136.73,0.0,0.0,0
15m,1770074100.0,1.6213,1.6226,1.6179,1.6186,338910.84,0.0,0.0,0
15m,1770075000.0,1.6186,1.6254,1.6179,1.6242,173499.2,0.0,0.0,0
15m,1770075900.0,1.6242,1.6242,1.6192,1.6198,267288.64,0.0,0.0,0
15m,1770076800.0,1.6198,1.6221,1.6074,1.6126,370914.31,0.0,0.0,0
15m,1770077700.0,1.6126,1.6184,1.6117,1.6176,287205.18,0.0,0.0,0
15m,1770078600.0,1.6176,1.6187,1.6106,1.6147,263822.79,0.0,0.0,0
15m,1770079500.0,1.6147,1.6194,1.6111,1.6187,183861.51,0.0,0.0,0
15m,1770080400.0,1.6187,1.6187,1.6107,1.6126,231563.5,0.0,0.0,0
15m,1770081300.0,1.6126,1.6173,1.6073,1.6149,187488.39,0.0,0.0,0
15m,1770082200.0,1.6149,1.6149,1.6076,1.614,435009.45,0.0,0.0,0
15m,1770083100.0,1.614,1.6173,1.6123,1.6172,218145.28,0.0,0.0,0
15m,1770084000.0,1.6172,1.6179,1.6033,1.6052,291157.42,0.0,0.0,0
15m,1770084900.0,1.6052,1.6113,1.6038,1.6062,236323.65,0.0,0.0,0
15m,1770085800.0,1.6062,1.6078,1.5998,1.6012,631152.77,0.0,0.0,0
15m,1770086700.0,1.6012,1.602,1.5905,1.5929,545068.47,0.0,0.0,0
15m,1770087600.0,1.5929,1.5995,1.588,1.5974,679977.14,0.0,0.0,0
15m,1770088500.0,1.5974,1.6041,1.5918,1.6028,467651.33,0.0,0.0,0
15m,1770089400.0,1.6028,1.6099,1.6009,1.6078,395158.69,0.0,0.0,0
15m,1770090300.0,1.6078,1.6154,1.6067,1.6136,311241.05,0.0,0.0,0
15m,1770091200.0,1.6136,1.616,1.6112,1.615,388891.99,0.0,0.0,0
15m,1770092100.0,1.615,1.6161,1.6099,1.6103,161789.16,0.0,0.0,0
15m,1770093000.0,1.6103,1.6248,1.6095,1.6246,336038.91,0.0,0.0,0
15m,1770093900.0,1.6246,1.6249,1.6198,1.6219,251688.44,0.0,0.0,0
15m,1770094800.0,1.6219,1.6232,1.6103,1.6106,262093.46,0.0,0.0,0
15m,1770095700.0,1.6106,1.615,1.6085,1.6132,203146.78,0.0,0.0,0
15m,1770096600.0,1.6132,1.6158,1.6117,1.6136,116468.74,0.0,0.0,0
15m,1770097500.0,1.6136,1.6158,1.607,1.6081,277500.03,0.0,0.0,0
15m,1770098400.0,1.6081,1.6091,1.5991,1.601,549115.23,0.0,0.0,0
15m,1770099300.0,1.601,1.6118,1.5995,1.6101,292056.22,0.0,0.0,0
15m,1770100200.0,1.6101,1.6124,1.6077,1.6088,189690.55,0.0,0.0,0
15m,1770101100.0,1.6088,1.6134,1.6081,1.6125,210959.89,0.0,0.0,0
15m,1770102000.0,1.6125,1.6169,1.6077,1.6141,444454.54,0.0,0.0,0
15m,1770102900.0,1.6141,1.6156,1.6082,1.6139,239712.29,0.0,0.0,0
15m,1770103800.0,1.6139,1.624,1.6133,1.6189,266511.89,0.0,0.0,0
15m,1770104700.0,1.6189,1.6199,1.616,1.6175,218416.48,0.0,0.0,0
15m,1770105600.0,1.6175,1.6197,1.6126,1.6137,313126.46,0.0,0.0,0
15m,1770106500.0,1.6137,1.6257,1.6131,1.6236,292357.27,0.0,0.0,0
15m,1770107400.0,1.6236,1.6259,1.6195,1.6242,211064.17,0.0,0.0,0
15m,1770108300.0,1.6242,1.6243,1.6156,1.6163,159398.11,0.0,0.0,0
15m,1770109200.0,1.6163,1.6225,1.6064,1.6071,660041.73,0.0,0.0,0
15m,1770110100.0,1.6071,1.6089,1.5957,1.5961,706278.56,0.0,0.0,0
15m,1770111000.0,1.5961,1.6064,1.5956,1.6036,347299.96,0.0,0.0,0
15m,1770111900.0,1.6036,1.6054,1.6009,1.6037,230491.72,0.0,0.0,0
15m,1770112800.0,1.6037,1.6084,1.6017,1.6059,110739.27,0.0,0.0,0
15m,1770113700.0,1.6059,1.6063,1.6004,1.6034,84004.16,0.0,0.0,0
15m,1770114600.0,1.6034,1.6034,1.5976,1.6002,192855.52,0.0,0.0,0
15m,1770115500.0,1.6002,1.6014,1.5977,1.6,127180.88,0.0,0.0,0
15m,1770116400.0,1.6,1.6046,1.5997,1.6015,120096.67,0.0,0.0,0
15m,1770117300.0,1.6015,1.6033,1.599,1.5994,176102.79,0.0,0.0,0
15m,1770118200.0,1.5994,1.6061,1.5979,1.6043,458231.32,0.0,0.0,0
15m,1770119100.0,1.6043,1.6075,1.6032,1.6035,246186.71,0.0,0.0,0
15m,1770120000.0,1.6035,1.6087,1.5985,1.6055,208144.91,0.0,0.0,0
15m,1770120900.0,1.6055,1.6075,1.601,1.6069,145218.14,0.0,0.0,0
15m,1770121800.0,1.6069,1.6099,1.6034,1.6073,122464.72,0.0,0.0,0
15m,1770122700.0,1.6073,1.6109,1.6064,1.6083,181356.48,0.0,0.0,0
15m,1770123600.0,1.6083,1.6136,1.6058,1.6107,119969.44,0.0,0.0,0
15m,1770124500.0,1.6107,1.6117,1.604,1.6096,190019.3,0.0,0.0,0
15m,1770125400.0,1.6096,1.6117,1.6064,1.6079,145012.47,0.0,0.0,0
15m,1770126300.0,1.6079,1.6163,1.6061,1.613,254649.96,0.0,0.0,0
15m,1770127200.0,1.613,1.6167,1.6114,1.6133,239379.73,0.0,0.0,0
15m,1770128100.0,1.6133,1.6158,1.6076,1.6146,325727.21,0.0,0.0,0
15m,1770129000.0,1.6146,1.6152,1.5937,1.5994,990487.56,0.0,0.0,0
15m,1770129900.0,1.5994,1.6055,1.583,1.5835,942415.89,0.0,0.0,0
15m,1770130800.0,1.5835,1.5957,1.5802,1.581,1108724.08,0.0,0.0,0
15m,1770131700.0,1.581,1.6127,1.5793,1.6042,1531707.76,0.0,0.0,0
15m,1770132600.0,1.6042,1.6183,1.596,1.5973,877325.0,0.0,0.0,0
15m,1770133500.0,1.5973,1.6216,1.5957,1.6184,672445.45,0.0,0.0,0
15m,1770134400.0,1.6184,1.6187,1.6013,1.6024,459338.71,0.0,0.0,0
15m,1770135300.0,1.6024,1.6032,1.5876,1.588,725673.7,0.0,0.0,0
15m,1770136200.0,1.588,1.5918,1.5825,1.5889,747636.84,0.0,0.0,0
15m,1770137100.0,1.5889,1.5915,1.5822,1.5861,668807.84,0.0,0.0,0
15m,1770138000.0,1.5861,1.5897,1.571,1.5712,876145.37,0.0,0.0,0
15m,1770138900.0,1.5712,1.5819,1.5671,1.5784,687319.48,0.0,0.0,0
15m,1770139800.0,1.5784,1.5797,1.5613,1.5624,711651.28,0.0,0.0,0
15m,1770140700.0,1.5624,1.5706,1.5573,1.5583,690090.18,0.0,0.0,0
15m,1770141600.0,1.5583,1.5646,1.5531,1.5535,973954.78,0.0,0.0,0
15m,1770142500.0,1.5535,1.5569,1.5389,1.5416,1895294.01,0.0,0.0,0
15m,1770143400.0,1.5416,1.5464,1.5366,1.5388,748229.91,0.0,0.0,0
15m,1770144300.0,1.5388,1.5416,1.5288,1.5314,1456020.45,0.0,0.0,0
15m,1770145200.0,1.5314,1.576,1.5275,1.5718,1275685.77,0.0,0.0,0
15m,1770146100.0,1.5718,1.5838,1.5637,1.5757,1079651.55,0.0,0.0,0
15m,1770147000.0,1.5757,1.5905,1.5744,1.5793,685363.34,0.0,0.0,0
15m,1770147900.0,1.5793,1.5848,1.5711,1.5813,597573.09,0.0,0.0,0
15m,1770148800.0,1.5813,1.5838,1.5665,1.5709,304388.24,0.0,0.0,0
15m,1770149700.0,1.5709,1.598,1.5677,1.5939,705929.24,0.0,0.0,0
15m,1770150600.0,1.5939,1.6345,1.5935,1.614,2226240.45,0.0,0.0,0
15m,1770151500.0,1.614,1.6232,1.6074,1.6183,1151506.39,0.0,0.0,0
15m,1770152400.0,1.6183,1.6291,1.6148,1.6272,979240.33,0.0,0.0,0
15m,1770153300.0,1.6272,1.6286,1.6141,1.6145,492860.82,0.0,0.0,0
15m,1770154200.0,1.6145,1.6175,1.6064,1.6094,256744.93,0.0,0.0,0
15m,1770155100.0,1.6094,1.6129,1.6011,1.6026,375674.29,0.0,0.0,0
15m,1770156000.0,1.6026,1.6038,1.5913,1.5955,769269.0,0.0,0.0,0
15m,1770156900.0,1.5955,1.5997,1.5882,1.5979,279186.8,0.0,0.0,0
15m,1770157800.0,1.5979,1.6043,1.5951,1.5968,256546.12,0.0,0.0,0
15m,1770158700.0,1.5968,1.5968,1.5832,1.588,579053.11,0.0,0.0,0
15m,1770159600.0,1.588,1.5891,1.5727,1.5841,952139.47,0.0,0.0,0
15m,1770160500.0,1.5841,1.5852,1.5767,1.5776,533017.46,0.0,0.0,0
15m,1770161400.0,1.5776,1.5831,1.5756,1.5779,361848.58,0.0,0.0,0
15m,1770162300.0,1.5779,1.5794,1.5692,1.579,380389.21,0.0,0.0,0
15m,1770163200.0,1.579,1.579,1.567,1.5675,267675.24,0.0,0.0,0
15m,1770164100.0,1.5675,1.5803,1.5671,1.5794,525193.68,0.0,0.0,0
15m,1770165000.0,1.5794,1.5857,1.577,1.5798,369237.16,0.0,0.0,0
15m,1770165900.0,1.5798,1.583,1.5747,1.5759,541068.92,0.0,0.0,0
15m,1770166800.0,1.5759,1.5955,1.5759,1.5951,332711.96,0.0,0.0,0
15m,1770167700.0,1.5951,1.5965,1.5919,1.5938,196455.22,0.0,0.0,0
15m,1770168600.0,1.5938,1.601,1.5928,1.5985,744058.95,0.0,0.0,0
15m,1770169500.0,1.5985,1.5986,1.5915,1.5921,463287.63,0.0,0.0,0
15m,1770170400.0,1.5921,1.595,1.5876,1.5898,329163.1,0.0,0.0,0
15m,1770171300.0,1.5898,1.5938,1.5816,1.5835,211232.03,0.0,0.0,0
15m,1770172200.0,1.5835,1.5849,1.5759,1.5818,334552.66,0.0,0.0,0
15m,1770173100.0,1.5818,1.5869,1.5776,1.5853,267212.16,0.0,0.0,0
15m,1770174000.0,1.5853,1.6032,1.5825,1.6009,787227.48,0.0,0.0,0
15m,1770174900.0,1.6009,1.6022,1.5918,1.5933,583703.17,0.0,0.0,0
15m,1770175800.0,1.5933,1.6054,1.5928,1.5991,772463.12,0.0,0.0,0
15m,1770176700.0,1.5991,1.6016,1.5975,1.5995,176622.18,0.0,0.0,0
15m,1770177600.0,1.5995,1.6037,1.5965,1.6011,143643.57,0.0,0.0,0
15m,1770178500.0,1.6011,1.6015,1.5964,1.5981,162664.34,0.0,0.0,0
15m,1770179400.0,1.5981,1.6006,1.5957,1.5963,101088.54,0.0,0.0,0
15m,1770180300.0,1.5963,1.5963,1.5932,1.5947,174055.2,0.0,0.0,0
15m,1770181200.0,1.5947,1.5961,1.5917,1.5941,110581.37,0.0,0.0,0
15m,1770182100.0,1.5941,1.5961,1.5911,1.5941,135811.58,0.0,0.0,0
15m,1770183000.0,1.5941,1.5941,1.5884,1.5895,156633.12,0.0,0.0,0
15m,1770183900.0,1.5895,1.5918,1.5827,1.5865,143545.96,0.0,0.0,0
15m,1770184800.0,1.5865,1.5949,1.5854,1.594,181872.97,0.0,0.0,0
15m,1770185700.0,1.594,1.5954,1.5871,1.5895,787222.5,0.0,0.0,0
15m,1770186600.0,1.5895,1.6026,1.5883,1.6014,471940.16,0.0,0.0,0
15m,1770187500.0,1.6014,1.6052,1.6007,1.6017,610461.45,0.0,0.0,0
15m,1770188400.0,1.6017,1.6054,1.598,1.6038,2306436.88,0.0,0.0,0
15m,1770189300.0,1.6038,1.6061,1.5999,1.6051,2213203.32,0.0,0.0,0
15m,1770190200.0,1.6051,1.6085,1.6016,1.6067,2393866.54,0.0,0.0,0
15m,1770191100.0,1.6067,1.6077,1.6026,1.6054,508996.54,0.0,0.0,0
15m,1770192000.0,1.6054,1.6063,1.6014,1.6046,564815.31,0.0,0.0,0
15m,1770192900.0,1.6046,1.6088,1.5998,1.6017,783990.36,0.0,0.0,0
15m,1770193800.0,1.6017,1.6086,1.6005,1.6085,620849.58,0.0,0.0,0
15m,1770194700.0,1.6085,1.6121,1.6078,1.6099,499349.53,0.0,0.0,0
15m,1770195600.0,1.6099,1.6099,1.6007,1.6043,1061089.42,0.0,0.0,0
15m,1770196500.0,1.6043,1.6059,1.5992,1.6009,308395.79,0.0,0.0,0
15m,1770197400.0,1.6009,1.6033,1.5971,1.5989,570028.67,0.0,0.0,0
15m,1770198300.0,1.5989,1.6012,1.5978,1.5987,216707.82,0.0,0.0,0
15m,1770199200.0,1.5987,1.6018,1.5979,1.6009,187050.68,0.0,0.0,0
15m,1770200100.0,1.6009,1.6037,1.6001,1.6007,233348.31,0.0,0.0,0
15m,1770201000.0,1.6007,1.6031,1.5957,1.5976,298981.8,0.0,0.0,0
15m,1770201900.0,1.5976,1.5982,1.5953,1.5955,219776.6,0.0,0.0,0
15m,1770202800.0,1.5955,1.5959,1.5788,1.5818,2030680.94,0.0,0.0,0
15m,1770203700.0,1.5818,1.5924,1.5798,1.5876,703334.03,0.0,0.0,0
15m,1770204600.0,1.5876,1.5997,1.5873,1.5932,1246078.06,0.0,0.0,0
15m,1770205500.0,1.5932,1.5949,1.59,1.5921,332604.61,0.0,0.0,0
15m,1770206400.0,1.5921,1.5958,1.5919,1.5955,206827.52,0.0,0.0,0
15m,1770207300.0,1.5955,1.5979,1.5882,1.5897,354213.57,0.0,0.0,0
15m,1770208200.0,1.5897,1.5945,1.5893,1.592,150235.18,0.0,0.0,0
15m,1770209100.0,1.592,1.5926,1.5888,1.5913,266952.31,0.0,0.0,0
15m,1770210000.0,1.5913,1.5921,1.5878,1.5896,314506.8,0.0,0.0,0
15m,1770210900.0,1.5896,1.5905,1.5809,1.5814,449321.7,0.0,0.0,0
15m,1770211800.0,1.5814,1.5851,1.5746,1.576,914392.0,0.0,0.0,0
15m,1770212700.0,1.576,1.5795,1.5647,1.5651,723686.76,0.0,0.0,0
15m,1770213600.0,1.5651,1.5731,1.5634,1.5704,774512.57,0.0,0.0,0
15m,1770214500.0,1.5704,1.5715,1.5646,1.5678,428348.01,0.0,0.0,0
15m,1770215400.0,1.5678,1.5753,1.5514,1.5634,1823722.52,0.0,0.0,0
15m,1770216300.0,1.5634,1.5712,1.5429,1.5453,900930.42,0.0,0.0,0
15m,1770217200.0,1.5453,1.5609,1.5375,1.5555,1882250.42,0.0,0.0,0
15m,1770218100.0,1.5555,1.5646,1.5457,1.5546,807903.03,0.0,0.0,0
15m,1770219000.0,1.5546,1.5557,1.53,1.5444,1638424.43,0.0,0.0,0
15m,1770219900.0,1.5444,1.5481,1.537,1.5438,735430.41,0.0,0.0,0
15m,1770220800.0,1.5438,1.5498,1.5351,1.5406,1118106.78,0.0,0.0,0
15m,1770221700.0,1.5406,1.5447,1.5288,1.5422,1507781.93,0.0,0.0,0
15m,1770222600.0,1.5422,1.5435,1.519,1.5227,1868112.27,0.0,0.0,0
15m,1770223500.0,1.5227,1.5379,1.5192,1.5315,1312828.32,0.0,0.0,0
15m,1770224400.0,1.5315,1.5366,1.5188,1.5322,1717581.54,0.0,0.0,0
15m,1770225300.0,1.5322,1.5394,1.5145,1.5156,828468.75,0.0,0.0,0
15m,1770226200.0,1.5156,1.5258,1.5055,1.5187,1339222.82,0.0,0.0,0
15m,1770227100.0,1.5187,1.5266,1.5109,1.5219,1043133.63,0.0,0.0,0
15m,1770228000.0,1.5219,1.5227,1.5061,1.5105,1343395.65,0.0,0.0,0
15m,1770228900.0,1.5105,1.5312,1.5044,1.5232,1720182.57,0.0,0.0,0
15m,1770229800.0,1.5232,1.5548,1.5199,1.55,1977139.6,0.0,0.0,0
15m,1770230700.0,1.55,1.5513,1.534,1.5348,1121812.64,0.0,0.0,0
15m,1770231600.0,1.5348,1.5481,1.5331,1.5346,514164.73,0.0,0.0,0
15m,1770232500.0,1.5346,1.541,1.5257,1.5289,772951.59,0.0,0.0,0
15m,1770233400.0,1.5289,1.5405,1.5266,1.5396,345619.28,0.0,0.0,0
15m,1770234300.0,1.5396,1.5571,1.5392,1.5546,925084.56,0.0,0.0,0
15m,1770235200.0,1.5546,1.5562,1.5399,1.5399,940699.57,0.0,0.0,0
15m,1770236100.0,1.5399,1.5464,1.5378,1.54,306878.03,0.0,0.0,0
15m,1770237000.0,1.54,1.542,1.535,1.5397,265535.79,0.0,0.0,0
15m,1770237900.0,1.5397,1.5418,1.5361,1.5368,255574.09,0.0,0.0,0
15m,1770238800.0,1.5368,1.5395,1.5219,1.5294,785812.71,0.0,0.0,0
15m,1770239700.0,1.5294,1.5297,1.519,1.5214,440513.0,0.0,0.0,0
15m,1770240600.0,1.5214,1.5277,1.512,1.5138,302294.36,0.0,0.0,0
15m,1770241500.0,1.5138,1.5187,1.5069,1.5177,618377.49,0.0,0.0,0
15m,1770242400.0,1.5177,1.5182,1.4948,1.5058,1876643.08,0.0,0.0,0
15m,1770243300.0,1.5058,1.546,1.505,1.5427,920740.11,0.0,0.0,0
15m,1770244200.0,1.5427,1.5447,1.5166,1.5183,699338.82,0.0,0.0,0
15m,1770245100.0,1.5183,1.525,1.5073,1.5108,458174.71,0.0,0.0,0
15m,1770246000.0,1.5108,1.5134,1.5056,1.513,546952.25,0.0,0.0,0
15m,1770246900.0,1.513,1.5268,1.5085,1.5217,960301.85,0.0,0.0,0
15m,1770247800.0,1.5217,1.5263,1.5157,1.5201,869643.5,0.0,0.0,0
15m,1770248700.0,1.5201,1.5225,1.5106,1.5119,657793.36,0.0,0.0,0
15m,1770249600.0,1.5119,1.5132,1.5026,1.5031,402790.66,0.0,0.0,0
15m,1770250500.0,1.5031,1.5153,1.5022,1.5143,480261.7,0.0,0.0,0
15m,1770251400.0,1.5143,1.5143,1.4926,1.5005,479592.8,0.0,0.0,0
15m,1770252300.0,1.5005,1.5056,1.4895,1.4909,398351.48,0.0,0.0,0
15m,1770253200.0,1.4909,1.5025,1.4874,1.4947,654036.77,0.0,0.0,0
15m,1770254100.0,1.4947,1.4947,1.4604,1.4871,1391996.06,0.0,0.0,0
15m,1770255000.0,1.4871,1.4958,1.4679,1.4831,1619815.16,0.0,0.0,0
15m,1770255900.0,1.4831,1.4843,1.4701,1.4752,591632.62,0.0,0.0,0
15m,1770256800.0,1.4752,1.479,1.461,1.4635,779251.65,0.0,0.0,0
15m,1770257700.0,1.4635,1.4719,1.4564,1.4701,1347961.87,0.0,0.0,0
15m,1770258600.0,1.4701,1.4854,1.4684,1.4784,1272774.01,0.0,0.0,0
15m,1770259500.0,1.4784,1.4787,1.4506,1.4531,1519828.4,0.0,0.0,0
15m,1770260400.0,1.4531,1.4669,1.4479,1.456,1217382.71,0.0,0.0,0
15m,1770261300.0,1.456,1.4627,1.4464,1.4519,1010462.05,0.0,0.0,0
15m,1770262200.0,1.4519,1.452,1.4436,1.4441,1064844.85,0.0,0.0,0
15m,1770263100.0,1.4441,1.4484,1.4392,1.4432,1585802.29,0.0,0.0,0
15m,1770264000.0,1.4432,1.4568,1.4381,1.4436,1315902.58,0.0,0.0,0
15m,1770264900.0,1.4436,1.4529,1.4365,1.4506,931903.73,0.0,0.0,0
15m,1770265800.0,1.4506,1.458,1.4429,1.4572,1088576.77,0.0,0.0,0
15m,1770266700.0,1.4572,1.4575,1.4439,1.4457,529008.15,0.0,0.0,0
15m,1770267600.0,1.4457,1.4532,1.4418,1.4499,648785.88,0.0,0.0,0
15m,1770268500.0,1.4499,1.452,1.4313,1.4352,1426846.87,0.0,0.0,0
15m,1770269400.0,1.4352,1.4587,1.4304,1.454,1249682.81,0.0,0.0,0
15m,1770270300.0,1.454,1.4549,1.4408,1.4416,700053.61,0.0,0.0,0
15m,1770271200.0,1.4416,1.4439,1.4267,1.431,1049660.84,0.0,0.0,0
15m,1770272100.0,1.431,1.4336,1.4202,1.4249,1751855.4,0.0,0.0,0
15m,1770273000.0,1.4249,1.4329,1.4248,1.4278,929299.88,0.0,0.0,0
15m,1770273900.0,1.4278,1.4304,1.4182,1.4263,1190050.56,0.0,0.0,0
15m,1770274800.0,1.4263,1.4485,1.4249,1.4333,1210070.76,0.0,0.0,0
15m,1770275700.0,1.4333,1.4496,1.4313,1.4472,1902787.74,0.0,0.0,0
15m,1770276600.0,1.4472,1.4489,1.4366,1.4423,779858.35,0.0,0.0,0
15m,1770277500.0,1.4423,1.4436,1.4305,1.4325,473572.79,0.0,0.0,0
15m,1770278400.0,1.4325,1.4374,1.4314,1.4344,440020.21,0.0,0.0,0
15m,1770279300.0,1.4344,1.4371,1.4277,1.4331,508177.17,0.0,0.0,0
15m,1770280200.0,1.4331,1.4434,1.433,1.435,443456.96,0.0,0.0,0
15m,1770281100.0,1.435,1.4381,1.4256,1.4279,515437.16,0.0,0.0,0
15m,1770282000.0,1.4279,1.4446,1.4272,1.4395,1382643.94,0.0,0.0,0
15m,1770282900.0,1.4395,1.4451,1.4292,1.4313,883192.97,0.0,0.0,0
15m,1770283800.0,1.4313,1.4322,1.4151,1.4156,955792.93,0.0,0.0,0
15m,1770284700.0,1.4156,1.418,1.4124,1.4142,656792.77,0.0,0.0,0
15m,1770285600.0,1.4142,1.4154,1.3982,1.4066,2005266.9,0.0,0.0,0
15m,1770286500.0,1.4066,1.4152,1.4028,1.407,700369.65,0.0,0.0,0
15m,1770287400.0,1.407,1.4091,1.3875,1.3882,1020364.87,0.0,0.0,0
15m,1770288300.0,1.3882,1.3894,1.3571,1.3672,3280439.4,0.0,0.0,0
15m,1770289200.0,1.3672,1.3829,1.3584,1.3607,1988247.5,0.0,0.0,0
15m,1770290100.0,1.3607,1.3664,1.3426,1.347,3081937.9,0.0,0.0,0
15m,1770291000.0,1.347,1.3807,1.3464,1.3736,2085112.65,0.0,0.0,0
15m,1770291900.0,1.3736,1.3749,1.3591,1.3654,1154022.06,0.0,0.0,0
15m,1770292800.0,1.3654,1.3779,1.3635,1.368,1090968.35,0.0,0.0,0
15m,1770293700.0,1.368,1.3741,1.354,1.3691,2073886.4,0.0,0.0,0
15m,1770294600.0,1.3691,1.3765,1.3586,1.3629,1645644.03,0.0,0.0,0
15m,1770295500.0,1.3629,1.3716,1.3578,1.3653,1390967.12,0.0,0.0,0
15m,1770296400.0,1.3653,1.3696,1.359,1.3591,2018298.38,0.0,0.0,0
15m,1770297300.0,1.3591,1.3597,1.342,1.3459,1890188.29,0.0,0.0,0
15m,1770298200.0,1.3459,1.36,1.3456,1.3528,1197627.59,0.0,0.0,0
15m,1770299100.0,1.3528,1.3594,1.3495,1.3528,1135041.71,0.0,0.0,0
15m,1770300000.0,1.3528,1.3705,1.3525,1.3594,1635833.85,0.0,0.0,0
15m,1770300900.0,1.3594,1.3657,1.353,1.3632,1023911.54,0.0,0.0,0
15m,1770301800.0,1.3632,1.3856,1.3592,1.3764,1805915.98,0.0,0.0,0
15m,1770302700.0,1.3764,1.3869,1.3541,1.357,1838381.62,0.0,0.0,0
15m,1770303600.0,1.357,1.3643,1.3175,1.3199,3313041.79,0.0,0.0,0
15m,1770304500.0,1.3199,1.3371,1.2825,1.2835,7352307.97,0.0,0.0,0
15m,1770305400.0,1.2835,1.3089,1.2682,1.3008,6698587.26,0.0,0.0,0
15m,1770306300.0,1.3008,1.3194,1.2846,1.2966,5379333.74,0.0,0.0,0
15m,1770307200.0,1.2966,1.3012,1.2793,1.284,2025090.04,0.0,0.0,0
15m,1770308100.0,1.284,1.3119,1.2813,1.2989,3379722.66,0.0,0.0,0
15m,1770309000.0,1.2989,1.3089,1.2837,1.2855,1733954.32,0.0,0.0,0
15m,1770309900.0,1.2855,1.2988,1.2718,1.2803,3631524.25,0.0,0.0,0
15m,1770310800.0,1.2803,1.2841,1.2304,1.2333,3628564.12,0.0,0.0,0
15m,1770311700.0,1.2333,1.2833,1.2167,1.2787,5724019.02,0.0,0.0,0
15m,1770312600.0,1.2787,1.2838,1.2599,1.266,2543993.74,0.0,0.0,0
15m,1770313500.0,1.266,1.274,1.2485,1.2504,2487912.93,0.0,0.0,0
15m,1770314400.0,1.2504,1.2582,1.2417,1.2498,1749943.91,0.0,0.0,0
15m,1770315300.0,1.2498,1.253,1.2181,1.2253,3043865.44,0.0,0.0,0
15m,1770316200.0,1.2253,1.2326,1.2162,1.2218,2367913.22,0.0,0.0,0
15m,1770317100.0,1.2218,1.267,1.2173,1.261,2549490.1,0.0,0.0,0
15m,1770318000.0,1.261,1.2632,1.2394,1.2429,1679695.01,0.0,0.0,0
15m,1770318900.0,1.2429,1.2562,1.2272,1.2319,1627755.38,0.0,0.0,0
15m,1770319800.0,1.2319,1.2389,1.221,1.2243,1328821.57,0.0,0.0,0
15m,1770320700.0,1.2243,1.2275,1.2072,1.2138,1952250.01,0.0,0.0,0
15m,1770321600.0,1.2138,1.2242,1.1975,1.199,2444061.81,0.0,0.0,0
15m,1770322500.0,1.199,1.2,1.1378,1.1571,8812218.81,0.0,0.0,0
15m,1770323400.0,1.1571,1.2038,1.1546,1.1959,5457395.86,0.0,0.0,0
15m,1770324300.0,1.1959,1.2021,1.1742,1.1905,4244173.59,0.0,0.0,0
15m,1770325200.0,1.1905,1.208,1.1712,1.1717,5100348.22,0.0,0.0,0
15m,1770326100.0,1.1717,1.1922,1.151,1.183,3501200.06,0.0,0.0,0
15m,1770327000.0,1.183,1.1929,1.1646,1.1722,3052297.85,0.0,0.0,0
15m,1770327900.0,1.1722,1.1828,1.1513,1.1625,2566752.53,0.0,0.0,0
15m,1770328800.0,1.1625,1.1894,1.1615,1.1788,3017602.67,0.0,0.0,0
15m,1770329700.0,1.1788,1.1986,1.1478,1.1924,3405772.68,0.0,0.0,0
15m,1770330600.0,1.1924,1.2073,1.1888,1.2056,2308372.75,0.0,0.0,0
15m,1770331500.0,1.2056,1.2378,1.2052,1.2257,2180579.02,0.0,0.0,0
15m,1770332400.0,1.2257,1.266,1.2169,1.2567,4632522.31,0.0,0.0,0
15m,1770333300.0,1.2567,1.263,1.2336,1.2471,2019249.41,0.0,0.0,0
15m,1770334200.0,1.2471,1.2529,1.2212,1.2224,2080527.63,0.0,0.0,0
15m,1770335100.0,1.2224,1.2305,1.2087,1.2146,2104956.95,0.0,0.0,0
15m,1770336000.0,1.2146,1.2185,1.1372,1.1468,11103067.58,0.0,0.0,0
15m,1770336900.0,1.1468,1.1738,1.1185,1.1538,20280109.21,0.0,0.0,0
15m,1770337800.0,1.1538,1.2267,1.1499,1.2169,4287078.1,0.0,0.0,0
15m,1770338700.0,1.2169,1.2355,1.2016,1.2173,2433872.54,0.0,0.0,0
15m,1770339600.0,1.2173,1.2487,1.2143,1.2313,3126177.91,0.0,0.0,0
15m,1770340500.0,1.2313,1.2455,1.2288,1.2426,1898083.84,0.0,0.0,0
15m,1770341400.0,1.2426,1.2601,1.2413,1.2562,2892220.15,0.0,0.0,0
15m,1770342300.0,1.2562,1.2937,1.2529,1.2805,6255024.07,0.0,0.0,0
15m,1770343200.0,1.2805,1.2861,1.2576,1.2609,2809521.21,0.0,0.0,0
15m,1770344100.0,1.2609,1.2657,1.2423,1.2523,2049591.25,0.0,0.0,0
15m,1770345000.0,1.2523,1.2771,1.2497,1.2694,2130457.75,0.0,0.0,0
15m,1770345900.0,1.2694,1.2711,1.2545,1.261,1251137.21,0.0,0.0,0
15m,1770346800.0,1.261,1.2726,1.2559,1.2589,1503264.92,0.0,0.0,0
15m,1770347700.0,1.2589,1.271,1.2555,1.2693,1037866.78,0.0,0.0,0
15m,1770348600.0,1.2693,1.2768,1.2661,1.2685,786180.12,0.0,0.0,0
15m,1770349500.0,1.2685,1.271,1.2579,1.2696,856215.82,0.0,0.0,0
15m,1770350400.0,1.2696,1.2758,1.2628,1.2735,1781468.69,0.0,0.0,0
15m,1770351300.0,1.2735,1.2908,1.2706,1.284,1064935.62,0.0,0.0,0
15m,1770352200.0,1.284,1.2853,1.2675,1.2753,1103488.02,0.0,0.0,0
15m,1770353100.0,1.2753,1.2824,1.2747,1.2808,549595.52,0.0,0.0,0
15m,1770354000.0,1.2808,1.3105,1.2781,1.3045,2079748.33,0.0,0.0,0
15m,1770354900.0,1.3045,1.3046,1.2882,1.2979,1462619.7,0.0,0.0,0
15m,1770355800.0,1.2979,1.3116,1.2977,1.3071,1049578.87,0.0,0.0,0
15m,1770356700.0,1.3071,1.3308,1.3039,1.3297,2572328.78,0.0,0.0,0
15m,1770357600.0,1.3297,1.3351,1.3165,1.3209,2925786.65,0.0,0.0,0
15m,1770358500.0,1.3209,1.331,1.31,1.3151,2012643.79,0.0,0.0,0
15m,1770359400.0,1.3151,1.3184,1.3032,1.3085,1721048.14,0.0,0.0,0
15m,1770360300.0,1.3085,1.3132,1.301,1.3031,1069229.31,0.0,0.0,0
15m,1770361200.0,1.3031,1.3045,1.2888,1.296,1174307.99,0.0,0.0,0
15m,1770362100.0,1.296,1.3002,1.2881,1.299,1079051.65,0.0,0.0,0
15m,1770363000.0,1.299,1.3133,1.2966,1.3071,1352779.27,0.0,0.0,0
15m,1770363900.0,1.3071,1.3087,1.289,1.2921,964414.04,0.0,0.0,0
15m,1770364800.0,1.2921,1.3027,1.2877,1.3005,714082.3,0.0,0.0,0
15m,1770365700.0,1.3005,1.3011,1.2868,1.2896,966621.8,0.0,0.0,0
15m,1770366600.0,1.2896,1.2956,1.2849,1.2912,592538.93,0.0,0.0,0
15m,1770367500.0,1.2912,1.3091,1.2898,1.3027,2078542.96,0.0,0.0,0
15m,1770368400.0,1.3027,1.3035,1.2929,1.2957,1262796.66,0.0,0.0,0
15m,1770369300.0,1.2957,1.3152,1.2928,1.3138,1106476.38,0.0,0.0,0
15m,1770370200.0,1.3138,1.3306,1.3133,1.3234,856877.62,0.0,0.0,0
15m,1770371100.0,1.3234,1.3308,1.3165,1.3298,557308.07,0.0,0.0,0
15m,1770372000.0,1.3298,1.3416,1.3276,1.3367,844279.13,0.0,0.0,0
15m,1770372900.0,1.3367,1.3628,1.3364,1.3617,1627081.68,0.0,0.0,0
15m,1770373800.0,1.3617,1.3877,1.3589,1.3778,4070467.94,0.0,0.0,0
15m,1770374700.0,1.3778,1.3823,1.3565,1.3587,1582080.17,0.0,0.0,0
15m,1770375600.0,1.3587,1.3636,1.3513,1.3636,1024281.69,0.0,0.0,0
15m,1770376500.0,1.3636,1.3669,1.3525,1.357,1179921.0,0.0,0.0,0
15m,1770377400.0,1.357,1.3692,1.3543,1.3625,1539155.81,0.0,0.0,0
15m,1770378300.0,1.3625,1.3711,1.3576,1.3682,1028516.17,0.0,0.0,0
15m,1770379200.0,1.3682,1.3682,1.3574,1.3643,1078929.64,0.0,0.0,0
15m,1770380100.0,1.3643,1.3814,1.3605,1.3787,814752.78,0.0,0.0,0
15m,1770381000.0,1.3787,1.3832,1.3712,1.3722,1054082.99,0.0,0.0,0
15m,1770381900.0,1.3722,1.3826,1.3716,1.3812,879846.59,0.0,0.0,0
15m,1770382800.0,1.3812,1.4101,1.3759,1.4079,2394703.27,0.0,0.0,0
15m,1770383700.0,1.4079,1.4079,1.3902,1.3995,3044165.25,0.0,0.0,0
15m,1770384600.0,1.3995,1.4401,1.3956,1.4343,4449486.17,0.0,0.0,0
15m,1770385500.0,1.4343,1.4396,1.4241,1.4285,5038820.55,0.0,0.0,0
15m,1770386400.0,1.4285,1.4307,1.4044,1.4174,1681964.09,0.0,0.0,0
15m,1770387300.0,1.4174,1.4281,1.4029,1.4144,1470830.97,0.0,0.0,0
15m,1770388200.0,1.4144,1.4576,1.4134,1.4549,3357912.49,0.0,0.0,0
15m,1770389100.0,1.4549,1.4865,1.4543,1.4792,3986055.56,0.0,0.0,0
15m,1770390000.0,1.4792,1.4869,1.4632,1.4711,3627397.88,0.0,0.0,0
15m,1770390900.0,1.4711,1.4902,1.4689,1.4827,3012633.53,0.0,0.0,0
15m,1770391800.0,1.4827,1.5437,1.4812,1.5418,5977765.02,0.0,0.0,0
15m,1770392700.0,1.5418,1.543,1.5035,1.5128,4203932.54,0.0,0.0,0
15m,1770393600.0,1.5128,1.5346,1.5045,1.5228,3164887.61,0.0,0.0,0
15m,1770394500.0,1.5228,1.5337,1.5123,1.5184,2176535.8,0.0,0.0,0
15m,1770395400.0,1.5184,1.5225,1.4986,1.5035,2161822.29,0.0,0.0,0
15m,1770396300.0,1.5035,1.5105,1.4865,1.4901,1730590.75,0.0,0.0,0
15m,1770397200.0,1.4901,1.5009,1.4812,1.4965,1712718.07,0.0,0.0,0
15m,1770398100.0,1.4965,1.5158,1.4928,1.5081,2108618.33,0.0,0.0,0
15m,1770399000.0,1.5081,1.5184,1.4933,1.4974,1539078.28,0.0,0.0,0
15m,1770399900.0,1.4974,1.5059,1.4895,1.495,1376002.75,0.0,0.0,0
15m,1770400800.0,1.495,1.4968,1.4579,1.474,1796070.43,0.0,0.0,0
15m,1770401700.0,1.474,1.475,1.4505,1.4573,1106051.18,0.0,0.0,0
15m,1770402600.0,1.4573,1.4749,1.4538,1.4652,767028.02,0.0,0.0,0
15m,1770403500.0,1.4652,1.4698,1.453,1.4574,949538.57,0.0,0.0,0
15m,1770404400.0,1.4574,1.4664,1.4394,1.4411,1005500.73,0.0,0.0,0
15m,1770405300.0,1.4411,1.4574,1.4377,1.4485,947836.59,0.0,0.0,0
15m,1770406200.0,1.4485,1.4554,1.4405,1.4487,1274103.73,0.0,0.0,0
15m,1770407100.0,1.4487,1.4607,1.4476,1.4566,974204.54,0.0,0.0,0
15m,1770408000.0,1.4566,1.4608,1.445,1.4484,642539.68,0.0,0.0,0
15m,1770408900.0,1.4484,1.4539,1.4422,1.4512,566219.42,0.0,0.0,0
15m,1770409800.0,1.4512,1.4635,1.4482,1.4569,1058388.4,0.0,0.0,0
15m,1770410700.0,1.4569,1.4625,1.4384,1.4485,977647.01,0.0,0.0,0
15m,1770411600.0,1.4485,1.455,1.44,1.4519,491440.12,0.0,0.0,0
15m,1770412500.0,1.4519,1.4658,1.4472,1.4623,372617.34,0.0,0.0,0
15m,1770413400.0,1.4623,1.4626,1.4473,1.4539,1043320.83,0.0,0.0,0
15m,1770414300.0,1.4539,1.4619,1.451,1.4584,610779.67,0.0,0.0,0
15m,1770415200.0,1.4584,1.4666,1.4546,1.461,1587444.74,0.0,0.0,0
15m,1770416100.0,1.461,1.4741,1.4593,1.4721,1033358.1,0.0,0.0,0
15m,1770417000.0,1.4721,1.4891,1.4715,1.4799,2021884.74,0.0,0.0,0
15m,1770417900.0,1.4799,1.4896,1.4743,1.489,532691.71,0.0,0.0,0
15m,1770418800.0,1.489,1.498,1.4771,1.4788,1486080.03,0.0,0.0,0
15m,1770419700.0,1.4788,1.4791,1.4644,1.4668,743940.15,0.0,0.0,0
15m,1770420600.0,1.4668,1.4791,1.4656,1.4696,535252.83,0.0,0.0,0
15m,1770421500.0,1.4696,1.4752,1.4649,1.4697,610578.64,0.0,0.0,0
15m,1770422400.0,1.4697,1.4827,1.4461,1.4786,2051242.19,0.0,0.0,0
15m,1770423300.0,1.4786,1.4877,1.4541,1.458,1610586.51,0.0,0.0,0
15m,1770424200.0,1.458,1.4634,1.4491,1.4505,1327068.58,0.0,0.0,0
15m,1770425100.0,1.4505,1.4673,1.4455,1.4583,1626591.73,0.0,0.0,0
15m,1770426000.0,1.4583,1.4588,1.4331,1.4349,1237347.11,0.0,0.0,0
15m,1770426900.0,1.4349,1.4527,1.433,1.4488,888458.37,0.0,0.0,0
15m,1770427800.0,1.4488,1.4577,1.4444,1.4526,723409.68,0.0,0.0,0
15m,1770428700.0,1.4526,1.4774,1.4517,1.4677,1247997.51,0.0,0.0,0
15m,1770429600.0,1.4677,1.4707,1.458,1.4629,765142.58,0.0,0.0,0
15m,1770430500.0,1.4629,1.4722,1.4599,1.4715,481605.66,0.0,0.0,0
15m,1770431400.0,1.4715,1.4735,1.4622,1.4623,493707.9,0.0,0.0,0
15m,1770432300.0,1.4623,1.4624,1.4554,1.4604,373396.61,0.0,0.0,0
15m,1770433200.0,1.4604,1.4782,1.4582,1.4764,807976.62,0.0,0.0,0
15m,1770434100.0,1.4764,1.4853,1.4695,1.4847,491858.5,0.0,0.0,0
15m,1770435000.0,1.4847,1.4847,1.4733,1.4801,730610.79,0.0,0.0,0
15m,1770435900.0,1.4801,1.4801,1.469,1.4735,498904.53,0.0,0.0,0
15m,1770436800.0,1.4735,1.4778,1.4672,1.4762,868299.04,0.0,0.0,0
15m,1770437700.0,1.4762,1.4851,1.4676,1.471,1400450.89,0.0,0.0,0
15m,1770438600.0,1.471,1.4756,1.4516,1.4539,1328113.16,0.0,0.0,0
15m,1770439500.0,1.4539,1.4641,1.4539,1.4614,793975.15,0.0,0.0,0
15m,1770440400.0,1.4614,1.4671,1.4579,1.4632,556506.43,0.0,0.0,0
15m,1770441300.0,1.4632,1.4699,1.4528,1.4534,1059131.57,0.0,0.0,0
15m,1770442200.0,1.4534,1.4605,1.4523,1.4581,582508.86,0.0,0.0,0
15m,1770443100.0,1.4581,1.4625,1.4534,1.4595,478310.04,0.0,0.0,0
15m,1770444000.0,1.4595,1.465,1.4548,1.4629,696947.03,0.0,0.0,0
15m,1770444900.0,1.4629,1.4669,1.4516,1.4625,1865130.11,0.0,0.0,0
15m,1770445800.0,1.4625,1.4694,1.4608,1.4642,1376647.66,0.0,0.0,0
15m,1770446700.0,1.4642,1.4644,1.4335,1.4338,2071622.47,0.0,0.0,0
15m,1770447600.0,1.4338,1.4468,1.4195,1.42,1899688.36,0.0,0.0,0
15m,1770448500.0,1.42,1.4253,1.4064,1.4223,2134358.72,0.0,0.0,0
15m,1770449400.0,1.4223,1.4303,1.4075,1.4226,2178352.87,0.0,0.0,0
15m,1770450300.0,1.4226,1.423,1.4118,1.413,1004512.01,0.0,0.0,0
15m,1770451200.0,1.413,1.4162,1.4068,1.4118,762807.55,0.0,0.0,0
15m,1770452100.0,1.4118,1.4201,1.4029,1.4135,859104.24,0.0,0.0,0
15m,1770453000.0,1.4135,1.4244,1.4131,1.4187,1066100.71,0.0,0.0,0
15m,1770453900.0,1.4187,1.4288,1.4185,1.4236,463436.45,0.0,0.0,0
15m,1770454800.0,1.4236,1.4272,1.4182,1.4259,580961.92,0.0,0.0,0
15m,1770455700.0,1.4259,1.427,1.4144,1.4161,605268.19,0.0,0.0,0
15m,1770456600.0,1.4161,1.4176,1.4069,1.41,447956.01,0.0,0.0,0
15m,1770457500.0,1.41,1.4146,1.4056,1.4134,540116.81,0.0,0.0,0
15m,1770458400.0,1.4134,1.4184,1.4086,1.4151,528629.13,0.0,0.0,0
15m,1770459300.0,1.4151,1.4151,1.4054,1.4059,621919.79,0.0,0.0,0
15m,1770460200.0,1.4059,1.4087,1.3877,1.392,2109634.28,0.0,0.0,0
15m,1770461100.0,1.392,1.4022,1.3863,1.3994,1107397.85,0.0,0.0,0
15m,1770462000.0,1.3994,1.4032,1.3934,1.3941,451009.62,0.0,0.0,0
15m,1770462900.0,1.3941,1.3976,1.3884,1.3903,570831.18,0.0,0.0,0
15m,1770463800.0,1.3903,1.3962,1.3868,1.3894,407189.74,0.0,0.0,0
15m,1770464700.0,1.3894,1.3948,1.3856,1.3923,645275.36,0.0,0.0,0
15m,1770465600.0,1.3923,1.4192,1.3906,1.415,1588325.26,0.0,0.0,0
15m,1770466500.0,1.415,1.4407,1.4118,1.422,1922741.18,0.0,0.0,0
15m,1770467400.0,1.422,1.4345,1.4151,1.4155,1092598.56,0.0,0.0,0
15m,1770468300.0,1.4155,1.4248,1.4141,1.4183,459590.66,0.0,0.0,0
15m,1770469200.0,1.4183,1.4254,1.4078,1.4113,537368.36,0.0,0.0,0
15m,1770470100.0,1.4113,1.4157,1.407,1.4121,362061.91,0.0,0.0,0
15m,1770471000.0,1.4121,1.4129,1.3955,1.3995,526085.72,0.0,0.0,0
15m,1770471900.0,1.3995,1.4054,1.3991,1.4038,429227.9,0.0,0.0,0
15m,1770472800.0,1.4038,1.4105,1.4014,1.4029,507362.82,0.0,0.0,0
15m,1770473700.0,1.4029,1.4096,1.3978,1.4048,296515.39,0.0,0.0,0
15m,1770474600.0,1.4048,1.407,1.3915,1.4013,865310.46,0.0,0.0,0
15m,1770475500.0,1.4013,1.4026,1.3922,1.4002,459794.59,0.0,0.0,0
15m,1770476400.0,1.4002,1.4107,1.3975,1.4087,593973.25,0.0,0.0,0
15m,1770477300.0,1.4087,1.4206,1.4066,1.4124,786314.31,0.0,0.0,0
15m,1770478200.0,1.4124,1.4194,1.405,1.4085,497724.16,0.0,0.0,0
15m,1770479100.0,1.4085,1.4124,1.406,1.4107,441635.68,0.0,0.0,0
15m,1770480000.0,1.4107,1.435,1.4053,1.4215,14407093.35,0.0,0.0,0
15m,1770480900.0,1.4215,1.4368,1.4152,1.4183,4451689.89,0.0,0.0,0
15m,1770481800.0,1.4183,1.428,1.413,1.422,310496.98,0.0,0.0,0
15m,1770482700.0,1.422,1.4242,1.4148,1.4189,368801.7,0.0,0.0,0
15m,1770483600.0,1.4189,1.4223,1.4096,1.4138,277573.64,0.0,0.0,0
15m,1770484500.0,1.4138,1.4263,1.4103,1.4249,502851.64,0.0,0.0,0
15m,1770485400.0,1.4249,1.4302,1.419,1.4232,486722.27,0.0,0.0,0
15m,1770486300.0,1.4232,1.4252,1.4203,1.4245,168228.89,0.0,0.0,0
15m,1770487200.0,1.4245,1.4295,1.424,1.4255,171985.51,0.0,0.0,0
15m,1770488100.0,1.4255,1.4384,1.4255,1.4382,368894.17,0.0,0.0,0
15m,1770489000.0,1.4382,1.4475,1.4355,1.4429,786197.5,0.0,0.0,0
15m,1770489900.0,1.4429,1.4487,1.4396,1.4409,488156.4,0.0,0.0,0
15m,1770490800.0,1.4409,1.4409,1.4319,1.4349,369514.55,0.0,0.0,0
15m,1770491700.0,1.4349,1.44,1.4319,1.4378,159166.57,0.0,0.0,0
15m,1770492600.0,1.4378,1.4378,1.4287,1.4312,187850.59,0.0,0.0,0
15m,1770493500.0,1.4312,1.434,1.4286,1.4308,160368.61,0.0,0.0,0
15m,1770494400.0,1.4308,1.435,1.4293,1.4317,142853.93,0.0,0.0,0
15m,1770495300.0,1.4317,1.435,1.4273,1.434,108620.9,0.0,0.0,0
15m,1770496200.0,1.434,1.4399,1.4313,1.4361,160931.29,0.0,0.0,0
15m,1770497100.0,1.4361,1.4416,1.4325,1.4368,416106.09,0.0,0.0,0
15m,1770498000.0,1.4368,1.439,1.4311,1.4349,144514.59,0.0,0.0,0
15m,1770498900.0,1.4349,1.4378,1.4318,1.4343,171184.57,0.0,0.0,0
15m,1770499800.0,1.4343,1.4372,1.432,1.432,132734.58,0.0,0.0,0
15m,1770500700.0,1.432,1.432,1.4275,1.4291,217342.13,0.0,0.0,0
15m,1770501600.0,1.4291,1.4332,1.4243,1.4285,146444.68,0.0,0.0,0
15m,1770502500.0,1.4285,1.4294,1.4225,1.429,174013.09,0.0,0.0,0
15m,1770503400.0,1.429,1.431,1.4265,1.4288,97345.74,0.0,0.0,0
15m,1770504300.0,1.4288,1.4288,1.4201,1.4227,313657.48,0.0,0.0,0
15m,1770505200.0,1.4227,1.4246,1.4124,1.4198,392681.01,0.0,0.0,0
15m,1770506100.0,1.4198,1.4222,1.4141,1.4211,149023.61,0.0,0.0,0
15m,1770507000.0,1.4211,1.4257,1.4198,1.4239,183744.38,0.0,0.0,0
15m,1770507900.0,1.4239,1.4278,1.4225,1.423,118287.2,0.0,0.0,0
15m,1770508800.0,1.423,1.4287,1.4208,1.4266,211949.48,0.0,0.0,0
15m,1770509700.0,1.4266,1.4269,1.4154,1.4189,221158.21,0.0,0.0,0
15m,1770510600.0,1.4189,1.4229,1.4147,1.4171,90124.99,0.0,0.0,0
15m,1770511500.0,1.4171,1.4221,1.4147,1.4205,238662.83,0.0,0.0,0
15m,1770512400.0,1.4205,1.4336,1.4197,1.433,296562.02,0.0,0.0,0
15m,1770513300.0,1.433,1.433,1.4264,1.4284,176537.75,0.0,0.0,0
15m,1770514200.0,1.4284,1.4379,1.4268,1.4327,199369.35,0.0,0.0,0
15m,1770515100.0,1.4327,1.4361,1.4289,1.4323,219345.16,0.0,0.0,0
15m,1770516000.0,1.4323,1.4398,1.4301,1.4365,199649.82,0.0,0.0,0
15m,1770516900.0,1.4365,1.4417,1.4326,1.4348,323819.33,0.0,0.0,0
15m,1770517800.0,1.4348,1.4374,1.4253,1.4273,239947.18,0.0,0.0,0
15m,1770518700.0,1.4273,1.4302,1.4243,1.4299,201171.47,0.0,0.0,0
15m,1770519600.0,1.4299,1.433,1.4247,1.4281,228429.6,0.0,0.0,0
15m,1770520500.0,1.4281,1.4308,1.4252,1.4258,140565.83,0.0,0.0,0
15m,1770521400.0,1.4258,1.4287,1.4204,1.4213,204701.59,0.0,0.0,0
15m,1770522300.0,1.4213,1.4224,1.4137,1.4167,199680.72,0.0,0.0,0
15m,1770523200.0,1.4167,1.42,1.413,1.4143,161440.01,0.0,0.0,0
15m,1770524100.0,1.4143,1.4212,1.4098,1.4202,348037.67,0.0,0.0,0
15m,1770525000.0,1.4202,1.4217,1.4151,1.4192,127248.65,0.0,0.0,0
15m,1770525900.0,1.4192,1.4237,1.4174,1.4231,70062.32,0.0,0.0,0
15m,1770526800.0,1.4231,1.426,1.4211,1.4251,163575.8,0.0,0.0,0
15m,1770527700.0,1.4251,1.4259,1.4217,1.4229,58205.39,0.0,0.0,0
15m,1770528600.0,1.4229,1.4229,1.418,1.4182,108583.61,0.0,0.0,0
15m,1770529500.0,1.4182,1.4194,1.4162,1.4184,290380.94,0.0,0.0,0
15m,1770530400.0,1.4184,1.4196,1.414,1.4193,165205.21,0.0,0.0,0
15m,1770531300.0,1.4193,1.4222,1.4174,1.4197,132608.33,0.0,0.0,0
15m,1770532200.0,1.4197,1.4199,1.4143,1.4159,81685.71,0.0,0.0,0
15m,1770533100.0,1.4159,1.4181,1.4142,1.4163,115151.27,0.0,0.0,0
15m,1770534000.0,1.4163,1.4194,1.4135,1.4184,204449.04,0.0,0.0,0
15m,1770534900.0,1.4184,1.4201,1.4121,1.4175,200134.08,0.0,0.0,0
15m,1770535800.0,1.4175,1.4208,1.4142,1.4169,181257.45,0.0,0.0,0
15m,1770536700.0,1.4169,1.4214,1.416,1.4211,286618.92,0.0,0.0,0
15m,1770537600.0,1.4211,1.4297,1.4195,1.4232,420673.22,0.0,0.0,0
15m,1770538500.0,1.4232,1.4403,1.4195,1.4374,548726.83,0.0,0.0,0
15m,1770539400.0,1.4374,1.4632,1.4342,1.4438,1481214.57,0.0,0.0,0
15m,1770540300.0,1.4438,1.4552,1.4425,1.4539,739978.08,0.0,0.0,0
15m,1770541200.0,1.4539,1.4557,1.4441,1.4463,487197.15,0.0,0.0,0
15m,1770542100.0,1.4463,1.4508,1.4435,1.4496,182453.95,0.0,0.0,0
15m,1770543000.0,1.4496,1.4588,1.4371,1.4372,718843.89,0.0,0.0,0
15m,1770543900.0,1.4372,1.4421,1.4336,1.4381,242409.62,0.0,0.0,0
15m,1770544800.0,1.4381,1.4461,1.4381,1.442,238962.72,0.0,0.0,0
15m,1770545700.0,1.442,1.4452,1.4256,1.43,504815.84,0.0,0.0,0
15m,1770546600.0,1.43,1.4361,1.4287,1.4331,191072.05,0.0,0.0,0
15m,1770547500.0,1.4331,1.4355,1.4299,1.4312,93617.95,0.0,0.0,0
15m,1770548400.0,1.4312,1.4427,1.4306,1.4424,141513.94,0.0,0.0,0
15m,1770549300.0,1.4424,1.4478,1.4377,1.4395,310540.15,0.0,0.0,0
15m,1770550200.0,1.4395,1.4502,1.4382,1.4446,489673.42,0.0,0.0,0
15m,1770551100.0,1.4446,1.4529,1.4427,1.4529,519189.54,0.0,0.0,0
15m,1770552000.0,1.4529,1.4541,1.444,1.4463,1020865.28,0.0,0.0,0
15m,1770552900.0,1.4463,1.4529,1.4438,1.4524,386812.52,0.0,0.0,0
15m,1770553800.0,1.4524,1.4524,1.4429,1.445,282030.0,0.0,0.0,0
15m,1770554700.0,1.445,1.4567,1.4439,1.4557,406407.76,0.0,0.0,0
15m,1770555600.0,1.4557,1.46,1.4496,1.4516,1041929.03,0.0,0.0,0
15m,1770556500.0,1.4516,1.4693,1.4506,1.4642,632039.68,0.0,0.0,0
15m,1770557400.0,1.4642,1.4649,1.4573,1.459,585704.93,0.0,0.0,0
15m,1770558300.0,1.459,1.4644,1.4583,1.462,335361.11,0.0,0.0,0
15m,1770559200.0,1.462,1.4682,1.4607,1.4637,314208.49,0.0,0.0,0
15m,1770560100.0,1.4637,1.4656,1.4577,1.4588,298163.84,0.0,0.0,0
15m,1770561000.0,1.4588,1.4679,1.4588,1.4624,243790.3,0.0,0.0,0
15m,1770561900.0,1.4624,1.4653,1.4598,1.4617,195268.84,0.0,0.0,0
15m,1770562800.0,1.4617,1.4638,1.453,1.4551,215763.07,0.0,0.0,0
15m,1770563700.0,1.4551,1.4552,1.4342,1.4364,657248.23,0.0,0.0,0
15m,1770564600.0,1.4364,1.4431,1.4352,1.4399,543879.69,0.0,0.0,0
15m,1770565500.0,1.4399,1.4411,1.4303,1.4403,734484.45,0.0,0.0,0
15m,1770566400.0,1.4403,1.443,1.4364,1.4391,1059689.59,0.0,0.0,0
15m,1770567300.0,1.4391,1.4459,1.4391,1.442,546775.98,0.0,0.0,0
15m,1770568200.0,1.442,1.442,1.4224,1.4245,873535.23,0.0,0.0,0
15m,1770569100.0,1.4245,1.425,1.4101,1.4186,1756660.3,0.0,0.0,0
15m,1770570000.0,1.4186,1.4288,1.4179,1.4262,419263.88,0.0,0.0,0
15m,1770570900.0,1.4262,1.4348,1.4237,1.4265,324277.24,0.0,0.0,0
15m,1770571800.0,1.4265,1.4358,1.4265,1.4329,291596.28,0.0,0.0,0
15m,1770572700.0,1.4329,1.4333,1.4282,1.431,156437.29,0.0,0.0,0
15m,1770573600.0,1.431,1.4381,1.4309,1.4325,246884.52,0.0,0.0,0
15m,1770574500.0,1.4325,1.4342,1.4295,1.4311,180757.87,0.0,0.0,0
15m,1770575400.0,1.4311,1.4528,1.4311,1.4453,606344.18,0.0,0.0,0
15m,1770576300.0,1.4453,1.4488,1.4393,1.4393,354566.21,0.0,0.0,0
15m,1770577200.0,1.4393,1.4444,1.4387,1.4424,183264.71,0.0,0.0,0
15m,1770578100.0,1.4424,1.4486,1.4419,1.4463,233267.91,0.0,0.0,0
15m,1770579000.0,1.4463,1.449,1.4429,1.449,258855.73,0.0,0.0,0
15m,1770579900.0,1.449,1.4513,1.444,1.4501,368018.23,0.0,0.0,0
15m,1770580800.0,1.4501,1.4501,1.4368,1.44,235329.65,0.0,0.0,0
15m,1770581700.0,1.44,1.4452,1.4389,1.4423,136738.05,0.0,0.0,0
15m,1770582600.0,1.4423,1.4438,1.4397,1.4408,94773.14,0.0,0.0,0
15m,1770583500.0,1.4408,1.442,1.434,1.4372,291439.26,0.0,0.0,0
15m,1770584400.0,1.4372,1.4405,1.4344,1.4397,168336.52,0.0,0.0,0
15m,1770585300.0,1.4397,1.441,1.4365,1.4377,122949.15,0.0,0.0,0
15m,1770586200.0,1.4377,1.438,1.4242,1.4269,370747.13,0.0,0.0,0
15m,1770587100.0,1.4269,1.4323,1.4247,1.4277,269392.59,0.0,0.0,0
15m,1770588000.0,1.4277,1.4315,1.4258,1.4304,324173.58,0.0,0.0,0
15m,1770588900.0,1.4304,1.4352,1.4293,1.4313,412775.84,0.0,0.0,0
15m,1770589800.0,1.4313,1.4318,1.4248,1.4299,257907.63,0.0,0.0,0
15m,1770590700.0,1.4299,1.4369,1.4298,1.4351,437692.37,0.0,0.0,0
15m,1770591600.0,1.4351,1.4629,1.4339,1.4463,1455556.98,0.0,0.0,0
15m,1770592500.0,1.4463,1.4511,1.4241,1.4266,942237.53,0.0,0.0,0
15m,1770593400.0,1.4266,1.4343,1.4223,1.433,1050649.19,0.0,0.0,0
15m,1770594300.0,1.433,1.441,1.4293,1.4309,535765.56,0.0,0.0,0
15m,1770595200.0,1.4309,1.4371,1.4286,1.437,255257.76,0.0,0.0,0
15m,1770596100.0,1.437,1.4417,1.4307,1.4314,299451.9,0.0,0.0,0
15m,1770597000.0,1.4314,1.4343,1.425,1.4278,349174.52,0.0,0.0,0
15m,1770597900.0,1.4278,1.4341,1.4248,1.4332,155851.78,0.0,0.0,0
15m,1770598800.0,1.4332,1.435,1.4261,1.4282,167065.35,0.0,0.0,0
15m,1770599700.0,1.4282,1.4449,1.4258,1.437,519463.55,0.0,0.0,0
15m,1770600600.0,1.437,1.438,1.4199,1.423,530089.6,0.0,0.0,0
15m,1770601500.0,1.423,1.4281,1.4194,1.4243,938155.65,0.0,0.0,0
15m,1770602400.0,1.4243,1.4335,1.4205,1.4279,414155.8,0.0,0.0,0
15m,1770603300.0,1.4279,1.4304,1.4265,1.43,182145.9,0.0,0.0,0
15m,1770604200.0,1.43,1.4545,1.4294,1.4462,781940.97,0.0,0.0,0
15m,1770605100.0,1.4462,1.4482,1.4415,1.4418,394052.16,0.0,0.0,0
15m,1770606000.0,1.4418,1.4462,1.4405,1.4414,140787.89,0.0,0.0,0
15m,1770606900.0,1.4414,1.4478,1.4414,1.4457,975689.05,0.0,0.0,0
15m,1770607800.0,1.4457,1.4543,1.4456,1.4508,610613.47,0.0,0.0,0
15m,1770608700.0,1.4508,1.4542,1.4483,1.452,345746.12,0.0,0.0,0
15m,1770609600.0,1.452,1.4527,1.4457,1.4464,315345.69,0.0,0.0,0
15m,1770610500.0,1.4464,1.4526,1.4453,1.4511,256489.84,0.0,0.0,0
15m,1770611400.0,1.4511,1.4511,1.4436,1.4459,201205.32,0.0,0.0,0
15m,1770612300.0,1.4459,1.4494,1.4443,1.448,110747.12,0.0,0.0,0
15m,1770613200.0,1.448,1.4481,1.4412,1.4417,172370.25,0.0,0.0,0
15m,1770614100.0,1.4417,1.4479,1.4412,1.4472,116103.72,0.0,0.0,0
15m,1770615000.0,1.4472,1.4552,1.4468,1.4491,335195.15,0.0,0.0,0
15m,1770615900.0,1.4491,1.4522,1.4472,1.4509,801515.29,0.0,0.0,0
15m,1770616800.0,1.4509,1.4509,1.4397,1.4428,585129.74,0.0,0.0,0
15m,1770617700.0,1.4428,1.4429,1.4286,1.4304,1519093.37,0.0,0.0,0
15m,1770618600.0,1.4304,1.4357,1.4279,1.4315,349688.86,0.0,0.0,0
15m,1770619500.0,1.4315,1.4369,1.4309,1.4359,183792.46,0.0,0.0,0
15m,1770620400.0,1.4359,1.4398,1.432,1.4382,208730.41,0.0,0.0,0
15m,1770621300.0,1.4382,1.4386,1.432,1.4339,210065.76,0.0,0.0,0
15m,1770622200.0,1.4339,1.4345,1.4251,1.4253,846279.77,0.0,0.0,0
15m,1770623100.0,1.4253,1.4269,1.4216,1.4257,625820.26,0.0,0.0,0
15m,1770624000.0,1.4257,1.4301,1.4222,1.4276,446727.52,0.0,0.0,0
15m,1770624900.0,1.4276,1.4282,1.4136,1.4145,1264039.31,0.0,0.0,0
15m,1770625800.0,1.4145,1.4152,1.4016,1.4095,1459332.15,0.0,0.0,0
15m,1770626700.0,1.4095,1.4112,1.406,1.4073,376638.53,0.0,0.0,0
15m,1770627600.0,1.4073,1.4125,1.4071,1.4078,465379.83,0.0,0.0,0
15m,1770628500.0,1.4078,1.4087,1.4011,1.4032,527037.2,0.0,0.0,0
15m,1770629400.0,1.4032,1.4048,1.3939,1.3972,745227.32,0.0,0.0,0
15m,1770630300.0,1.3972,1.4019,1.3957,1.3992,442378.71,0.0,0.0,0
15m,1770631200.0,1.3992,1.4066,1.3969,1.402,548720.25,0.0,0.0,0
15m,1770632100.0,1.402,1.4031,1.3859,1.3868,1258894.38,0.0,0.0,0
15m,1770633000.0,1.3868,1.3876,1.3726,1.3767,1164012.14,0.0,0.0,0
15m,1770633900.0,1.3767,1.3843,1.375,1.383,807853.27,0.0,0.0,0
15m,1770634800.0,1.383,1.3952,1.383,1.3853,748077.51,0.0,0.0,0
15m,1770635700.0,1.3853,1.3959,1.3831,1.394,485414.57,0.0,0.0,0
15m,1770636600.0,1.394,1.3971,1.3913,1.3929,550780.29,0.0,0.0,0
15m,1770637500.0,1.3929,1.3936,1.3878,1.3933,308792.84,0.0,0.0,0
15m,1770638400.0,1.3933,1.4089,1.3931,1.4065,929285.88,0.0,0.0,0
15m,1770639300.0,1.4065,1.4067,1.402,1.4041,529512.56,0.0,0.0,0
15m,1770640200.0,1.4041,1.4147,1.4004,1.4104,501567.78,0.0,0.0,0
15m,1770641100.0,1.4104,1.4109,1.4054,1.4084,374748.39,0.0,0.0,0
15m,1770642000.0,1.4084,1.4124,1.4045,1.4097,412583.85,0.0,0.0,0
15m,1770642900.0,1.4097,1.41,1.4038,1.4061,308488.28,0.0,0.0,0
15m,1770643800.0,1.4061,1.4065,1.4002,1.4011,408879.59,0.0,0.0,0
15m,1770644700.0,1.4011,1.4031,1.3953,1.3957,759570.93,0.0,0.0,0
15m,1770645600.0,1.3957,1.4043,1.3952,1.4025,836077.9,0.0,0.0,0
15m,1770646500.0,1.4025,1.4096,1.3966,1.4071,1453530.37,0.0,0.0,0
15m,1770647400.0,1.4071,1.4377,1.4014,1.4266,2051036.65,0.0,0.0,0
15m,1770648300.0,1.4266,1.4383,1.4254,1.4307,1011842.59,0.0,0.0,0
15m,1770649200.0,1.4307,1.4448,1.4294,1.4322,1006833.09,0.0,0.0,0
15m,1770650100.0,1.4322,1.4351,1.4206,1.4247,814424.1,0.0,0.0,0
15m,1770651000.0,1.4247,1.4497,1.4247,1.4453,916843.9,0.0,0.0,0
15m,1770651900.0,1.4453,1.4493,1.4377,1.4462,799541.54,0.0,0.0,0
15m,1770652800.0,1.4462,1.4497,1.4363,1.4385,489089.92,0.0,0.0,0
15m,1770653700.0,1.4385,1.4489,1.4363,1.4478,599571.82,0.0,0.0,0
15m,1770654600.0,1.4478,1.454,1.4419,1.4524,807002.39,0.0,0.0,0
15m,1770655500.0,1.4524,1.4643,1.4501,1.4515,1042758.85,0.0,0.0,0
15m,1770656400.0,1.4515,1.454,1.4339,1.436,676719.3,0.0,0.0,0
15m,1770657300.0,1.436,1.4409,1.4336,1.4383,641267.85,0.0,0.0,0
15m,1770658200.0,1.4383,1.4563,1.4377,1.4532,1196586.61,0.0,0.0,0
15m,1770659100.0,1.4532,1.4554,1.4454,1.4505,677053.66,0.0,0.0,0
15m,1770660000.0,1.4505,1.4592,1.4436,1.4451,519107.26,0.0,0.0,0
15m,1770660900.0,1.4451,1.4467,1.437,1.442,698386.19,0.0,0.0,0
15m,1770661800.0,1.442,1.4459,1.439,1.4433,311331.7,0.0,0.0,0
15m,1770662700.0,1.4433,1.4474,1.4382,1.4435,205352.7,0.0,0.0,0
15m,1770663600.0,1.4435,1.4491,1.4415,1.4456,251164.13,0.0,0.0,0
15m,1770664500.0,1.4456,1.4478,1.4428,1.4463,199416.08,0.0,0.0,0
15m,1770665400.0,1.4463,1.4523,1.4453,1.4496,553481.09,0.0,0.0,0
15m,1770666300.0,1.4496,1.4557,1.4492,1.453,458644.44,0.0,0.0,0
15m,1770667200.0,1.453,1.4575,1.4497,1.4512,269388.64,0.0,0.0,0
15m,1770668100.0,1.4512,1.4521,1.4441,1.446,169068.89,0.0,0.0,0
15m,1770669000.0,1.446,1.4534,1.445,1.4527,206057.02,0.0,0.0,0
15m,1770669900.0,1.4527,1.4568,1.4507,1.4545,330906.54,0.0,0.0,0
15m,1770670800.0,1.4545,1.4587,1.4478,1.448,266420.81,0.0,0.0,0
15m,1770671700.0,1.448,1.4559,1.4447,1.4519,277053.16,0.0,0.0,0
15m,1770672600.0,1.4519,1.4523,1.44,1.4436,384218.47,0.0,0.0,0
15m,1770673500.0,1.4436,1.4574,1.4391,1.4511,419740.2,0.0,0.0,0
15m,1770674400.0,1.4511,1.4523,1.4474,1.451,314712.7,0.0,0.0,0
15m,1770675300.0,1.451,1.451,1.4455,1.4482,268330.38,0.0,0.0,0
15m,1770676200.0,1.4482,1.4499,1.4456,1.447,119664.08,0.0,0.0,0
15m,1770677100.0,1.447,1.4491,1.4432,1.4444,267989.4,0.0,0.0,0
15m,1770678000.0,1.4444,1.4489,1.4413,1.4437,190928.3,0.0,0.0,0
15m,1770678900.0,1.4437,1.4446,1.4394,1.4406,237130.67,0.0,0.0,0
15m,1770679800.0,1.4406,1.4438,1.4399,1.442,175914.68,0.0,0.0,0
15m,1770680700.0,1.442,1.442,1.435,1.4368,342836.71,0.0,0.0,0
15m,1770681600.0,1.4368,1.4415,1.4358,1.4415,456877.62,0.0,0.0,0
15m,1770682500.0,1.4415,1.4418,1.4364,1.4385,207360.75,0.0,0.0,0
15m,1770683400.0,1.4385,1.4418,1.436,1.4386,182126.0,0.0,0.0,0
15m,1770684300.0,1.4386,1.4395,1.4338,1.4369,230839.01,0.0,0.0,0
15m,1770685200.0,1.4369,1.4469,1.4364,1.4457,263045.53,0.0,0.0,0
15m,1770686100.0,1.4457,1.4531,1.4436,1.4506,564253.26,0.0,0.0,0
15m,1770687000.0,1.4506,1.4517,1.4461,1.4487,186402.89,0.0,0.0,0
15m,1770687900.0,1.4487,1.4503,1.4457,1.4481,109072.68,0.0,0.0,0
15m,1770688800.0,1.4481,1.4485,1.4438,1.4461,141380.42,0.0,0.0,0
15m,1770689700.0,1.4461,1.4495,1.4444,1.4444,124305.83,0.0,0.0,0
15m,1770690600.0,1.4444,1.4479,1.444,1.4444,166571.31,0.0,0.0,0
15m,1770691500.0,1.4444,1.448,1.4429,1.4471,168749.44,0.0,0.0,0
15m,1770692400.0,1.4471,1.4508,1.4411,1.4481,268055.44,0.0,0.0,0
15m,1770693300.0,1.4481,1.4483,1.4368,1.4373,437107.89,0.0,0.0,0
15m,1770694200.0,1.4373,1.4373,1.4279,1.4323,854821.37,0.0,0.0,0
15m,1770695100.0,1.4323,1.4361,1.4317,1.4351,323427.06,0.0,0.0,0
15m,1770696000.0,1.4351,1.4502,1.4345,1.4498,676535.2,0.0,0.0,0
15m,1770696900.0,1.4498,1.4523,1.4425,1.4477,1526807.84,0.0,0.0,0
15m,1770697800.0,1.4477,1.4483,1.4433,1.4452,134007.19,0.0,0.0,0
15m,1770698700.0,1.4452,1.4503,1.4438,1.4475,255319.37,0.0,0.0,0
15m,1770699600.0,1.4475,1.4484,1.445,1.4467,229079.57,0.0,0.0,0
15m,1770700500.0,1.4467,1.4468,1.4421,1.4428,281898.23,0.0,0.0,0
15m,1770701400.0,1.4428,1.449,1.4399,1.4412,442131.23,0.0,0.0,0
15m,1770702300.0,1.4412,1.4423,1.437,1.4421,366633.49,0.0,0.0,0
15m,1770703200.0,1.4421,1.4423,1.4381,1.4401,427116.33,0.0,0.0,0
15m,1770704100.0,1.4401,1.4414,1.4321,1.4341,368755.96,0.0,0.0,0
15m,1770705000.0,1.4341,1.4369,1.4284,1.4297,533171.7,0.0,0.0,0
15m,1770705900.0,1.4297,1.4297,1.4143,1.4203,1156169.13,0.0,0.0,0
15m,1770706800.0,1.4203,1.4283,1.42,1.4248,363411.78,0.0,0.0,0
15m,1770707700.0,1.4248,1.4251,1.4202,1.4251,134820.69,0.0,0.0,0
15m,1770708600.0,1.4251,1.4266,1.4221,1.4231,106245.05,0.0,0.0,0
15m,1770709500.0,1.4231,1.4244,1.4204,1.4219,154651.72,0.0,0.0,0
15m,1770710400.0,1.4219,1.4236,1.4169,1.4183,185104.49,0.0,0.0,0
15m,1770711300.0,1.4183,1.4274,1.4148,1.4246,229343.54,0.0,0.0,0
15m,1770712200.0,1.4246,1.4271,1.4197,1.424,127002.46,0.0,0.0,0
15m,1770713100.0,1.424,1.4328,1.4237,1.4294,144633.92,0.0,0.0,0
15m,1770714000.0,1.4294,1.4359,1.428,1.4304,276585.21,0.0,0.0,0
15m,1770714900.0,1.4304,1.4321,1.4279,1.4289,189801.97,0.0,0.0,0
15m,1770715800.0,1.4289,1.4309,1.4262,1.4275,386030.11,0.0,0.0,0
15m,1770716700.0,1.4275,1.4287,1.417,1.4212,527305.99,0.0,0.0,0
15m,1770717600.0,1.4212,1.4223,1.4183,1.421,253449.88,0.0,0.0,0
15m,1770718500.0,1.421,1.4237,1.4175,1.4231,256866.47,0.0,0.0,0
15m,1770719400.0,1.4231,1.4231,1.4167,1.4177,383590.75,0.0,0.0,0
15m,1770720300.0,1.4177,1.4193,1.4148,1.416,322717.7,0.0,0.0,0
15m,1770721200.0,1.416,1.4164,1.4119,1.4153,679212.47,0.0,0.0,0
15m,1770722100.0,1.4153,1.4179,1.4138,1.4159,1131130.98,0.0,0.0,0
15m,1770723000.0,1.4159,1.4197,1.4077,1.4114,575432.08,0.0,0.0,0
15m,1770723900.0,1.4114,1.4144,1.4065,1.4081,481768.06,0.0,0.0,0
15m,1770724800.0,1.4081,1.4138,1.4062,1.4067,611007.78,0.0,0.0,0
15m,1770725700.0,1.4067,1.4119,1.406,1.4116,197299.25,0.0,0.0,0
15m,1770726600.0,1.4116,1.4136,1.4066,1.4081,307222.48,0.0,0.0,0
15m,1770727500.0,1.4081,1.4106,1.4055,1.409,255613.76,0.0,0.0,0
15m,1770728400.0,1.409,1.4096,1.4031,1.4073,496447.46,0.0,0.0,0
15m,1770729300.0,1.4073,1.4121,1.4059,1.4095,279151.38,0.0,0.0,0
15m,1770730200.0,1.4095,1.4173,1.4075,1.4165,529652.25,0.0,0.0,0
15m,1770731100.0,1.4165,1.417,1.4118,1.4152,374292.72,0.0,0.0,0
15m,1770732000.0,1.4152,1.416,1.4111,1.4136,390633.37,0.0,0.0,0
15m,1770732900.0,1.4136,1.426,1.4132,1.4138,646267.62,0.0,0.0,0
15m,1770733800.0,1.4138,1.4197,1.3935,1.401,1394065.1,0.0,0.0,0
15m,1770734700.0,1.401,1.4069,1.3933,1.4028,1235582.29,0.0,0.0,0
15m,1770735600.0,1.4028,1.414,1.3976,1.4019,591091.28,0.0,0.0,0
15m,1770736500.0,1.4019,1.4133,1.3987,1.409,487709.75,0.0,0.0,0
15m,1770737400.0,1.409,1.4134,1.4041,1.4094,369207.05,0.0,0.0,0
15m,1770738300.0,1.4094,1.4131,1.405,1.4071,267874.88,0.0,0.0,0
15m,1770739200.0,1.4071,1.4178,1.3999,1.4166,366160.09,0.0,0.0,0
15m,1770740100.0,1.4166,1.4185,1.4081,1.4123,217253.85,0.0,0.0,0
15m,1770741000.0,1.4123,1.4204,1.4099,1.4182,303800.22,0.0,0.0,0
15m,1770741900.0,1.4182,1.4198,1.4124,1.416,221634.71,0.0,0.0,0
15m,1770742800.0,1.416,1.4204,1.4135,1.4166,203243.28,0.0,0.0,0
15m,1770743700.0,1.4166,1.4238,1.4145,1.4221,722198.88,0.0,0.0,0
15m,1770744600.0,1.4221,1.4293,1.42,1.425,568887.36,0.0,0.0,0
15m,1770745500.0,1.425,1.4269,1.4217,1.4248,121489.87,0.0,0.0,0
15m,1770746400.0,1.4248,1.426,1.4166,1.4171,214388.5,0.0,0.0,0
15m,1770747300.0,1.4171,1.4205,1.4023,1.403,392296.41,0.0,0.0,0
15m,1770748200.0,1.403,1.408,1.399,1.4025,411630.68,0.0,0.0,0
15m,1770749100.0,1.4025,1.4048,1.394,1.4022,517038.73,0.0,0.0,0
15m,1770750000.0,1.4022,1.4048,1.3971,1.4048,233846.82,0.0,0.0,0
15m,1770750900.0,1.4048,1.4057,1.3994,1.4029,297550.41,0.0,0.0,0
15m,1770751800.0,1.4029,1.4095,1.4019,1.4065,177450.93,0.0,0.0,0
15m,1770752700.0,1.4065,1.4077,1.3995,1.4009,163018.96,0.0,0.0,0
15m,1770753600.0,1.4009,1.4028,1.3975,1.3981,131193.8,0.0,0.0,0
15m,1770754500.0,1.3981,1.4015,1.3968,1.3973,194129.88,0.0,0.0,0
15m,1770755400.0,1.3973,1.4011,1.3924,1.4011,574925.42,0.0,0.0,0
15m,1770756300.0,1.4011,1.4019,1.3965,1.3971,302232.44,0.0,0.0,0
15m,1770757200.0,1.3971,1.4023,1.3963,1.3982,206201.43,0.0,0.0,0
15m,1770758100.0,1.3982,1.4019,1.3964,1.3967,178165.42,0.0,0.0,0
15m,1770759000.0,1.3967,1.3971,1.392,1.3946,372992.77,0.0,0.0,0
15m,1770759900.0,1.3946,1.399,1.3936,1.3938,109775.21,0.0,0.0,0
15m,1770760800.0,1.3938,1.3986,1.3934,1.3949,230498.29,0.0,0.0,0
15m,1770761700.0,1.3949,1.3993,1.3947,1.3982,121281.32,0.0,0.0,0
15m,1770762600.0,1.3982,1.405,1.3977,1.4026,141078.63,0.0,0.0,0
15m,1770763500.0,1.4026,1.4027,1.3987,1.4,142775.45,0.0,0.0,0
15m,1770764400.0,1.4,1.4014,1.3958,1.3968,466229.99,0.0,0.0,0
15m,1770765300.0,1.3968,1.3986,1.3953,1.396,228958.68,0.0,0.0,0
15m,1770766200.0,1.396,1.4015,1.396,1.4012,77946.38,0.0,0.0,0
15m,1770767100.0,1.4012,1.4019,1.3991,1.4001,138658.99,0.0,0.0,0
15m,1770768000.0,1.4001,1.4031,1.3991,1.3991,186975.66,0.0,0.0,0
15m,1770768900.0,1.3991,1.4068,1.3991,1.4047,652728.32,0.0,0.0,0
15m,1770769800.0,1.4047,1.409,1.4038,1.4068,493242.2,0.0,0.0,0
15m,1770770700.0,1.4068,1.413,1.4057,1.4098,337040.7,0.0,0.0,0
15m,1770771600.0,1.4098,1.4125,1.4066,1.41,182784.3,0.0,0.0,0
15m,1770772500.0,1.41,1.4123,1.4077,1.4095,182600.61,0.0,0.0,0
15m,1770773400.0,1.4095,1.4145,1.4094,1.4129,331168.89,0.0,0.0,0
15m,1770774300.0,1.4129,1.4138,1.4094,1.4102,554214.2,0.0,0.0,0
15m,1770775200.0,1.4102,1.419,1.4101,1.4145,614262.41,0.0,0.0,0
15m,1770776100.0,1.4145,1.4202,1.4142,1.4197,256514.28,0.0,0.0,0
15m,1770777000.0,1.4197,1.4203,1.415,1.415,190453.25,0.0,0.0,0
15m,1770777900.0,1.415,1.415,1.4097,1.41,307764.3,0.0,0.0,0
15m,1770778800.0,1.41,1.4116,1.4056,1.4058,501780.65,0.0,0.0,0
15m,1770779700.0,1.4058,1.4066,1.3943,1.4032,1351379.12,0.0,0.0,0
15m,1770780600.0,1.4032,1.4111,1.4014,1.409,379308.36,0.0,0.0,0
15m,1770781500.0,1.409,1.4095,1.4035,1.4041,190695.88,0.0,0.0,0
15m,1770782400.0,1.4041,1.4089,1.4016,1.4022,252426.86,0.0,0.0,0
15m,1770783300.0,1.4022,1.4048,1.3939,1.3952,609259.05,0.0,0.0,0
15m,1770784200.0,1.3952,1.3961,1.3814,1.3854,1144456.17,0.0,0.0,0
15m,1770785100.0,1.3854,1.3884,1.3801,1.3841,765921.25,0.0,0.0,0
15m,1770786000.0,1.3841,1.3924,1.384,1.3885,642540.27,0.0,0.0,0
15m,1770786900.0,1.3885,1.3916,1.3842,1.386,301206.36,0.0,0.0,0
15m,1770787800.0,1.386,1.3869,1.3764,1.3769,570398.04,0.0,0.0,0
15m,1770788700.0,1.3769,1.3795,1.3742,1.3757,438223.41,0.0,0.0,0
15m,1770789600.0,1.3757,1.3783,1.3604,1.3625,1338823.9,0.0,0.0,0
15m,1770790500.0,1.3625,1.3742,1.3581,1.3733,1498793.71,0.0,0.0,0
15m,1770791400.0,1.3733,1.3741,1.3659,1.3659,366246.18,0.0,0.0,0
15m,1770792300.0,1.3659,1.3662,1.3588,1.3599,705357.8,0.0,0.0,0
15m,1770793200.0,1.3599,1.3656,1.3583,1.3618,478032.23,0.0,0.0,0
15m,1770794100.0,1.3618,1.3669,1.3597,1.3654,242796.78,0.0,0.0,0
15m,1770795000.0,1.3654,1.3708,1.3639,1.3684,439490.24,0.0,0.0,0
15m,1770795900.0,1.3684,1.3731,1.3666,1.3666,344440.42,0.0,0.0,0
15m,1770796800.0,1.3666,1.369,1.3609,1.3636,531780.24,0.0,0.0,0
15m,1770797700.0,1.3636,1.3696,1.3621,1.3678,393814.59,0.0,0.0,0
15m,1770798600.0,1.3678,1.3723,1.3658,1.371,316678.61,0.0,0.0,0
15m,1770799500.0,1.371,1.3717,1.3654,1.367,100557.16,0.0,0.0,0
15m,1770800400.0,1.367,1.3694,1.363,1.3652,301737.97,0.0,0.0,0
15m,1770801300.0,1.3652,1.3667,1.3617,1.3659,292962.4,0.0,0.0,0
15m,1770802200.0,1.3659,1.3683,1.3588,1.36,203156.79,0.0,0.0,0
15m,1770803100.0,1.36,1.3617,1.3566,1.3615,606622.47,0.0,0.0,0
15m,1770804000.0,1.3615,1.3626,1.3575,1.3588,349178.26,0.0,0.0,0
15m,1770804900.0,1.3588,1.3646,1.3585,1.3635,259154.46,0.0,0.0,0
15m,1770805800.0,1.3635,1.3635,1.3554,1.36,244536.32,0.0,0.0,0
15m,1770806700.0,1.36,1.3631,1.356,1.3614,574251.01,0.0,0.0,0
15m,1770807600.0,1.3614,1.366,1.3609,1.3637,579968.92,0.0,0.0,0
15m,1770808500.0,1.3637,1.3783,1.3623,1.3761,1030455.91,0.0,0.0,0
15m,1770809400.0,1.3761,1.3764,1.3712,1.372,569630.05,0.0,0.0,0
15m,1770810300.0,1.372,1.3806,1.3717,1.379,865461.51,0.0,0.0,0
15m,1770811200.0,1.379,1.3797,1.3732,1.3744,1076713.12,0.0,0.0,0
15m,1770812100.0,1.3744,1.3792,1.3716,1.3762,579949.23,0.0,0.0,0
15m,1770813000.0,1.3762,1.3763,1.3718,1.3723,509723.4,0.0,0.0,0
15m,1770813900.0,1.3723,1.3744,1.3709,1.3725,261589.6,0.0,0.0,0
15m,1770814800.0,1.3725,1.374,1.3652,1.3673,351762.48,0.0,0.0,0
15m,1770815700.0,1.3673,1.3676,1.3604,1.3639,790554.18,0.0,0.0,0
15m,1770816600.0,1.3639,1.3813,1.3628,1.3697,2679510.38,0.0,0.0,0
15m,1770817500.0,1.3697,1.3781,1.3622,1.3755,1079309.45,0.0,0.0,0
15m,1770818400.0,1.3755,1.4106,1.3755,1.4027,2427086.61,0.0,0.0,0
15m,1770819300.0,1.4027,1.4054,1.388,1.3906,1005472.58,0.0,0.0,0
15m,1770820200.0,1.3906,1.3964,1.3699,1.3752,1714757.48,0.0,0.0,0
15m,1770821100.0,1.3752,1.3785,1.3583,1.3618,1259089.43,0.0,0.0,0
15m,1770822000.0,1.3618,1.3699,1.3465,1.3541,2303338.84,0.0,0.0,0
15m,1770822900.0,1.3541,1.3603,1.346,1.3513,1516367.26,0.0,0.0,0
15m,1770823800.0,1.3513,1.3617,1.3484,1.3602,1216726.41,0.0,0.0,0
15m,1770824700.0,1.3602,1.3626,1.3475,1.3541,682228.18,0.0,0.0,0
15m,1770825600.0,1.3541,1.3697,1.3508,1.368,1199270.15,0.0,0.0,0
15m,1770826500.0,1.368,1.3689,1.356,1.3567,510555.78,0.0,0.0,0
15m,1770827400.0,1.3567,1.3588,1.3493,1.3527,680111.58,0.0,0.0,0
15m,1770828300.0,1.3527,1.3552,1.3441,1.3452,615529.2,0.0,0.0,0
15m,1770829200.0,1.3452,1.3543,1.3422,1.352,445661.73,0.0,0.0,0
15m,1770830100.0,1.352,1.3768,1.352,1.3767,941808.63,0.0,0.0,0
15m,1770831000.0,1.3767,1.38,1.3708,1.3733,1210029.42,0.0,0.0,0
15m,1770831900.0,1.3733,1.3774,1.3691,1.3702,628648.01,0.0,0.0,0
15m,1770832800.0,1.3702,1.3722,1.3618,1.37,413769.19,0.0,0.0,0
15m,1770833700.0,1.37,1.386,1.3696,1.3813,888074.74,0.0,0.0,0
15m,1770834600.0,1.3813,1.3817,1.3764,1.3783,357834.34,0.0,0.0,0
15m,1770835500.0,1.3783,1.3817,1.3753,1.3783,411738.85,0.0,0.0,0
15m,1770836400.0,1.3783,1.388,1.3764,1.3828,609775.1,0.0,0.0,0
15m,1770837300.0,1.3828,1.3838,1.3754,1.3755,272790.11,0.0,0.0,0
15m,1770838200.0,1.3755,1.3843,1.372,1.3842,298216.51,0.0,0.0,0
15m,1770839100.0,1.3842,1.3847,1.3777,1.379,192546.07,0.0,0.0,0
15m,1770840000.0,1.379,1.383,1.3763,1.3829,274311.37,0.0,0.0,0
15m,1770840900.0,1.3829,1.3859,1.375,1.3763,304138.26,0.0,0.0,0
15m,1770841800.0,1.3763,1.3836,1.375,1.3796,294388.64,0.0,0.0,0
15m,1770842700.0,1.3796,1.3865,1.378,1.3816,419345.4,0.0,0.0,0
15m,1770843600.0,1.3816,1.3834,1.3794,1.3807,323713.81,0.0,0.0,0
15m,1770844500.0,1.3807,1.3925,1.3806,1.3912,723112.22,0.0,0.0,0
15m,1770845400.0,1.3912,1.3974,1.3885,1.3891,477122.16,0.0,0.0,0
15m,1770846300.0,1.3891,1.3901,1.3832,1.3834,287056.63,0.0,0.0,0
15m,1770847200.0,1.3834,1.3845,1.3764,1.3786,404905.02,0.0,0.0,0
15m,1770848100.0,1.3786,1.38,1.3739,1.3784,158251.28,0.0,0.0,0
15m,1770849000.0,1.3784,1.3798,1.3734,1.377,401692.17,0.0,0.0,0
15m,1770849900.0,1.377,1.377,1.3698,1.3719,150422.69,0.0,0.0,0
15m,1770850800.0,1.3719,1.373,1.3659,1.3677,269092.98,0.0,0.0,0
15m,1770851700.0,1.3677,1.3703,1.3605,1.3638,456518.54,0.0,0.0,0
15m,1770852600.0,1.3638,1.3692,1.3596,1.3688,273653.01,0.0,0.0,0
15m,1770853500.0,1.3688,1.3707,1.3665,1.3697,219981.37,0.0,0.0,0
15m,1770854400.0,1.3697,1.3791,1.3684,1.378,740846.52,0.0,0.0,0
15m,1770855300.0,1.378,1.382,1.3743,1.3762,735204.23,0.0,0.0,0
15m,1770856200.0,1.3762,1.3847,1.3755,1.3811,673239.42,0.0,0.0,0
15m,1770857100.0,1.3811,1.3832,1.3767,1.3774,181729.6,0.0,0.0,0
15m,1770858000.0,1.3774,1.3856,1.3774,1.3849,176127.76,0.0,0.0,0
15m,1770858900.0,1.3849,1.3866,1.3805,1.3832,286903.99,0.0,0.0,0
15m,1770859800.0,1.3832,1.3867,1.382,1.3843,509521.54,0.0,0.0,0
15m,1770860700.0,1.3843,1.3848,1.3805,1.3811,215588.07,0.0,0.0,0
15m,1770861600.0,1.3811,1.3815,1.3753,1.3762,333859.86,0.0,0.0,0
15m,1770862500.0,1.3762,1.378,1.3745,1.3778,154598.88,0.0,0.0,0
15m,1770863400.0,1.3778,1.3856,1.3769,1.3812,337870.61,0.0,0.0,0
15m,1770864300.0,1.3812,1.3813,1.3768,1.377,136068.4,0.0,0.0,0
15m,1770865200.0,1.377,1.3799,1.3763,1.3786,146377.64,0.0,0.0,0
15m,1770866100.0,1.3786,1.3786,1.3711,1.3736,285205.79,0.0,0.0,0
15m,1770867000.0,1.3736,1.3774,1.3728,1.3765,79680.25,0.0,0.0,0
15m,1770867900.0,1.3765,1.3785,1.375,1.3753,183556.48,0.0,0.0,0
15m,1770868800.0,1.3753,1.3799,1.3744,1.3791,131299.89,0.0,0.0,0
15m,1770869700.0,1.3791,1.3795,1.3727,1.374,229275.93,0.0,0.0,0
15m,1770870600.0,1.374,1.38,1.3724,1.3798,331464.01,0.0,0.0,0
15m,1770871500.0,1.3798,1.3807,1.3754,1.3755,128448.32,0.0,0.0,0
15m,1770872400.0,1.3755,1.3817,1.3741,1.3751,286435.45,0.0,0.0,0
15m,1770873300.0,1.3751,1.3793,1.3727,1.3758,257116.63,0.0,0.0,0
15m,1770874200.0,1.3758,1.3809,1.3749,1.3799,702977.79,0.0,0.0,0
15m,1770875100.0,1.3799,1.3815,1.3785,1.3804,244857.03,0.0,0.0,0
15m,1770876000.0,1.3804,1.3827,1.3782,1.3811,212277.38,0.0,0.0,0
15m,1770876900.0,1.3811,1.3887,1.3796,1.3861,438811.87,0.0,0.0,0
15m,1770877800.0,1.3861,1.3866,1.3812,1.3834,320845.88,0.0,0.0,0
15m,1770878700.0,1.3834,1.3841,1.3812,1.3832,102678.08,0.0,0.0,0
15m,1770879600.0,1.3832,1.3839,1.376,1.3782,518283.59,0.0,0.0,0
15m,1770880500.0,1.3782,1.3858,1.3768,1.3826,310764.13,0.0,0.0,0
15m,1770881400.0,1.3826,1.3832,1.3797,1.3799,175415.57,0.0,0.0,0
15m,1770882300.0,1.3799,1.3831,1.3789,1.3819,182961.86,0.0,0.0,0
15m,1770883200.0,1.3819,1.3848,1.3794,1.3827,210806.29,0.0,0.0,0
15m,1770884100.0,1.3827,1.3827,1.3777,1.3783,259187.88,0.0,0.0,0
15m,1770885000.0,1.3783,1.3829,1.3771,1.3795,128042.18,0.0,0.0,0
15m,1770885900.0,1.3795,1.3832,1.3789,1.382,222005.83,0.0,0.0,0
15m,1770886800.0,1.382,1.3853,1.3803,1.3843,144980.31,0.0,0.0,0
15m,1770887700.0,1.3843,1.3902,1.384,1.3894,549419.28,0.0,0.0,0
15m,1770888600.0,1.3894,1.3937,1.3872,1.391,872918.73,0.0,0.0,0
15m,1770889500.0,1.391,1.3965,1.3893,1.396,987184.38,0.0,0.0,0
15m,1770890400.0,1.396,1.3996,1.3931,1.3938,272431.51,0.0,0.0,0
15m,1770891300.0,1.3938,1.3942,1.3891,1.3935,161109.8,0.0,0.0,0
15m,1770892200.0,1.3935,1.4005,1.3935,1.3948,250908.95,0.0,0.0,0
15m,1770893100.0,1.3948,1.4038,1.3934,1.4038,606358.95,0.0,0.0,0
15m,1770894000.0,1.4038,1.4061,1.3936,1.3966,591902.18,0.0,0.0,0
15m,1770894900.0,1.3966,1.4051,1.396,1.405,433415.7,0.0,0.0,0
15m,1770895800.0,1.405,1.4081,1.3998,1.4013,447627.03,0.0,0.0,0
15m,1770896700.0,1.4013,1.405,1.4001,1.4016,434932.27,0.0,0.0,0
15m,1770897600.0,1.4016,1.403,1.3964,1.3992,416990.34,0.0,0.0,0
15m,1770898500.0,1.3992,1.3993,1.3935,1.3957,378511.66,0.0,0.0,0
15m,1770899400.0,1.3957,1.397,1.3927,1.3944,156854.3,0.0,0.0,0
15m,1770900300.0,1.3944,1.3961,1.3897,1.3928,476430.39,0.0,0.0,0
15m,1770901200.0,1.3928,1.3929,1.3871,1.3918,287200.18,0.0,0.0,0
15m,1770902100.0,1.3918,1.3936,1.3855,1.388,357095.31,0.0,0.0,0
15m,1770903000.0,1.388,1.3995,1.388,1.398,293092.2,0.0,0.0,0
15m,1770903900.0,1.398,1.4025,1.3961,1.4015,267728.14,0.0,0.0,0
15m,1770904800.0,1.4015,1.4026,1.3921,1.3952,294116.4,0.0,0.0,0
15m,1770905700.0,1.3952,1.3961,1.3915,1.3934,269150.58,0.0,0.0,0
15m,1770906600.0,1.3934,1.4001,1.3864,1.3873,645764.3,0.0,0.0,0
15m,1770907500.0,1.3873,1.3947,1.3838,1.3891,690631.77,0.0,0.0,0
15m,1770908400.0,1.3891,1.3935,1.3764,1.383,873742.16,0.0,0.0,0
15m,1770909300.0,1.383,1.3952,1.3811,1.3946,562471.44,0.0,0.0,0
15m,1770910200.0,1.3946,1.3966,1.3795,1.3835,402399.26,0.0,0.0,0
15m,1770911100.0,1.3835,1.3867,1.3751,1.376,568198.98,0.0,0.0,0
15m,1770912000.0,1.376,1.378,1.355,1.3565,979354.02,0.0,0.0,0
15m,1770912900.0,1.3565,1.3636,1.3499,1.3527,723858.21,0.0,0.0,0
15m,1770913800.0,1.3527,1.3662,1.3492,1.3616,777401.47,0.0,0.0,0
15m,1770914700.0,1.3616,1.3632,1.3464,1.3529,583634.6,0.0,0.0,0
15m,1770915600.0,1.3529,1.3557,1.3462,1.3528,429823.71,0.0,0.0,0
15m,1770916500.0,1.3528,1.3688,1.3513,1.3674,538388.32,0.0,0.0,0
15m,1770917400.0,1.3674,1.3796,1.3659,1.37,675817.7,0.0,0.0,0
15m,1770918300.0,1.37,1.371,1.3612,1.3624,340842.99,0.0,0.0,0
15m,1770919200.0,1.3624,1.3677,1.3614,1.3643,175128.72,0.0,0.0,0
15m,1770920100.0,1.3643,1.3653,1.3525,1.3558,268353.73,0.0,0.0,0
15m,1770921000.0,1.3558,1.3624,1.3522,1.3586,305943.8,0.0,0.0,0
15m,1770921900.0,1.3586,1.3675,1.3575,1.3631,244388.79,0.0,0.0,0
15m,1770922800.0,1.3631,1.3651,1.3549,1.3597,218885.9,0.0,0.0,0
15m,1770923700.0,1.3597,1.3748,1.3595,1.3704,333025.44,0.0,0.0,0
15m,1770924600.0,1.3704,1.3764,1.3679,1.3682,253106.22,0.0,0.0,0
15m,1770925500.0,1.3682,1.3717,1.3631,1.3645,208809.37,0.0,0.0,0
15m,1770926400.0,1.3645,1.3666,1.3594,1.3641,202029.54,0.0,0.0,0
15m,1770927300.0,1.3641,1.3656,1.3559,1.3582,270716.53,0.0,0.0,0
15m,1770928200.0,1.3582,1.3611,1.356,1.3583,197863.36,0.0,0.0,0
15m,1770929100.0,1.3583,1.3588,1.3505,1.3521,488474.85,0.0,0.0,0
15m,1770930000.0,1.3521,1.357,1.3506,1.3537,405609.19,0.0,0.0,0
15m,1770930900.0,1.3537,1.3546,1.3494,1.3502,343769.95,0.0,0.0,0
15m,1770931800.0,1.3502,1.358,1.3489,1.3562,425694.57,0.0,0.0,0
15m,1770932700.0,1.3562,1.3562,1.3512,1.3522,137452.55,0.0,0.0,0
15m,1770933600.0,1.3522,1.3553,1.3503,1.3551,139688.8,0.0,0.0,0
15m,1770934500.0,1.3551,1.3591,1.3504,1.3572,220155.45,0.0,0.0,0
15m,1770935400.0,1.3572,1.3628,1.3562,1.3625,211395.78,0.0,0.0,0
15m,1770936300.0,1.3625,1.3662,1.3614,1.3643,232793.1,0.0,0.0,0
15m,1770937200.0,1.3643,1.3705,1.3627,1.3659,461148.43,0.0,0.0,0
15m,1770938100.0,1.3659,1.3686,1.3629,1.3642,304118.47,0.0,0.0,0
15m,1770939000.0,1.3642,1.3661,1.3604,1.3633,347958.03,0.0,0.0,0
15m,1770939900.0,1.3633,1.3646,1.362,1.3634,116641.66,0.0,0.0,0
15m,1770940800.0,1.3634,1.3684,1.3612,1.3641,246251.62,0.0,0.0,0
15m,1770941700.0,1.3641,1.3643,1.356,1.3566,237307.98,0.0,0.0,0
15m,1770942600.0,1.3566,1.3571,1.3495,1.3511,529249.77,0.0,0.0,0
15m,1770943500.0,1.3511,1.3553,1.3491,1.3536,263460.07,0.0,0.0,0
15m,1770944400.0,1.3536,1.359,1.353,1.3563,185577.79,0.0,0.0,0
15m,1770945300.0,1.3563,1.357,1.3498,1.3536,366877.86,0.0,0.0,0
15m,1770946200.0,1.3536,1.3624,1.3536,1.3605,181364.05,0.0,0.0,0
15m,1770947100.0,1.3605,1.3627,1.3558,1.3577,177601.08,0.0,0.0,0
15m,1770948000.0,1.3577,1.365,1.3571,1.3637,203964.34,0.0,0.0,0
15m,1770948900.0,1.3637,1.3647,1.3595,1.3624,139197.35,0.0,0.0,0
15m,1770949800.0,1.3624,1.3635,1.3596,1.3623,94085.13,0.0,0.0,0
15m,1770950700.0,1.3623,1.3687,1.3618,1.3665,124837.13,0.0,0.0,0
15m,1770951600.0,1.3665,1.3695,1.3649,1.3649,291232.35,0.0,0.0,0
15m,1770952500.0,1.3649,1.3687,1.3645,1.3676,350327.58,0.0,0.0,0
15m,1770953400.0,1.3676,1.372,1.3669,1.3669,303190.36,0.0,0.0,0
15m,1770954300.0,1.3669,1.3674,1.3621,1.3655,305336.17,0.0,0.0,0
15m,1770955200.0,1.3655,1.3673,1.3626,1.3658,263392.36,0.0,0.0,0
15m,1770956100.0,1.3658,1.3683,1.3611,1.3624,194017.94,0.0,0.0,0
15m,1770957000.0,1.3624,1.3624,1.3596,1.3602,133176.72,0.0,0.0,0
15m,1770957900.0,1.3602,1.3612,1.3578,1.3582,213508.1,0.0,0.0,0
15m,1770958800.0,1.3582,1.3609,1.3551,1.3567,196273.65,0.0,0.0,0
15m,1770959700.0,1.3567,1.3596,1.3555,1.3574,109365.17,0.0,0.0,0
15m,1770960600.0,1.3574,1.3599,1.3558,1.3587,171911.1,0.0,0.0,0
15m,1770961500.0,1.3587,1.3593,1.3533,1.3533,196316.73,0.0,0.0,0
15m,1770962400.0,1.3533,1.3562,1.3523,1.3545,185371.85,0.0,0.0,0
15m,1770963300.0,1.3545,1.3566,1.3501,1.3512,361925.82,0.0,0.0,0
15m,1770964200.0,1.3512,1.3518,1.3485,1.3512,279230.57,0.0,0.0,0
15m,1770965100.0,1.3512,1.3578,1.3497,1.357,252914.64,0.0,0.0,0
15m,1770966000.0,1.357,1.3628,1.3554,1.3616,260137.68,0.0,0.0,0
15m,1770966900.0,1.3616,1.3622,1.3587,1.3594,193750.71,0.0,0.0,0
15m,1770967800.0,1.3594,1.3616,1.3521,1.3522,239689.11,0.0,0.0,0
15m,1770968700.0,1.3522,1.3548,1.3496,1.354,152799.46,0.0,0.0,0
15m,1770969600.0,1.354,1.3594,1.3522,1.3559,180701.05,0.0,0.0,0
15m,1770970500.0,1.3559,1.3641,1.3549,1.3635,255343.55,0.0,0.0,0
15m,1770971400.0,1.3635,1.3655,1.3615,1.3626,184466.11,0.0,0.0,0
15m,1770972300.0,1.3626,1.3693,1.3626,1.3673,293822.65,0.0,0.0,0
15m,1770973200.0,1.3673,1.3683,1.3644,1.3661,271665.71,0.0,0.0,0
15m,1770974100.0,1.3661,1.371,1.3661,1.3701,461261.17,0.0,0.0,0
15m,1770975000.0,1.3701,1.3706,1.3657,1.366,305209.71,0.0,0.0,0
15m,1770975900.0,1.366,1.37,1.366,1.3684,506348.65,0.0,0.0,0
15m,1770976800.0,1.3684,1.3686,1.365,1.3669,252210.85,0.0,0.0,0
15m,1770977700.0,1.3669,1.3728,1.3668,1.3691,433034.06,0.0,0.0,0
15m,1770978600.0,1.3691,1.3719,1.3676,1.37,390695.34,0.0,0.0,0
15m,1770979500.0,1.37,1.3711,1.3675,1.3682,441242.04,0.0,0.0,0
15m,1770980400.0,1.3682,1.3691,1.3641,1.3653,593360.23,0.0,0.0,0
15m,1770981300.0,1.3653,1.3666,1.3627,1.3657,174814.96,0.0,0.0,0
15m,1770982200.0,1.3657,1.366,1.3608,1.3644,225340.12,0.0,0.0,0
15m,1770983100.0,1.3644,1.3695,1.3631,1.368,388946.89,0.0,0.0,0
15m,1770984000.0,1.368,1.368,1.3603,1.3603,358297.4,0.0,0.0,0
15m,1770984900.0,1.3603,1.3636,1.3597,1.3626,433609.79,0.0,0.0,0
15m,1770985800.0,1.3626,1.3639,1.3602,1.362,356452.8,0.0,0.0,0
15m,1770986700.0,1.362,1.3658,1.3617,1.3647,285215.05,0.0,0.0,0
15m,1770987600.0,1.3647,1.3668,1.3615,1.364,240322.3,0.0,0.0,0
15m,1770988500.0,1.364,1.3778,1.3636,1.3748,537957.26,0.0,0.0,0
15m,1770989400.0,1.3748,1.3828,1.3736,1.3755,899492.34,0.0,0.0,0
15m,1770990300.0,1.3755,1.3809,1.3711,1.3766,384610.68,0.0,0.0,0
15m,1770991200.0,1.3766,1.3787,1.3678,1.3685,593748.07,0.0,0.0,0
15m,1770992100.0,1.3685,1.3796,1.3685,1.3789,430085.09,0.0,0.0,0
15m,1770993000.0,1.3789,1.3891,1.3733,1.382,1739699.6,0.0,0.0,0
15m,1770993900.0,1.382,1.3941,1.382,1.3852,862541.58,0.0,0.0,0
15m,1770994800.0,1.3852,1.4018,1.3806,1.3956,1251843.88,0.0,0.0,0
15m,1770995700.0,1.3956,1.4071,1.3912,1.4052,1115056.07,0.0,0.0,0
15m,1770996600.0,1.4052,1.4219,1.4052,1.4091,1136667.42,0.0,0.0,0
15m,1770997500.0,1.4091,1.4097,1.4013,1.4047,679684.87,0.0,0.0,0
15m,1770998400.0,1.4047,1.4182,1.3996,1.4171,1098481.43,0.0,0.0,0
15m,1770999300.0,1.4171,1.4197,1.4099,1.4173,961838.54,0.0,0.0,0
15m,1771000200.0,1.4173,1.4283,1.4157,1.4206,1518515.58,0.0,0.0,0
15m,1771001100.0,1.4206,1.4234,1.4157,1.4167,560611.12,0.0,0.0,0
15m,1771002000.0,1.4167,1.4168,1.4075,1.4146,520244.89,0.0,0.0,0
15m,1771002900.0,1.4146,1.4196,1.4121,1.4182,434255.37,0.0,0.0,0
15m,1771003800.0,1.4182,1.421,1.4161,1.4188,420202.08,0.0,0.0,0
15m,1771004700.0,1.4188,1.4203,1.4128,1.4147,324016.93,0.0,0.0,0
15m,1771005600.0,1.4147,1.4152,1.4084,1.409,426506.46,0.0,0.0,0
15m,1771006500.0,1.409,1.4149,1.4062,1.4127,307969.69,0.0,0.0,0
15m,1771007400.0,1.4127,1.4203,1.4115,1.4159,293297.79,0.0,0.0,0
15m,1771008300.0,1.4159,1.4206,1.4147,1.4154,309374.62,0.0,0.0,0
15m,1771009200.0,1.4154,1.4182,1.4134,1.4156,207660.85,0.0,0.0,0
15m,1771010100.0,1.4156,1.4193,1.4106,1.4106,260406.86,0.0,0.0,0
15m,1771011000.0,1.4106,1.412,1.4083,1.4098,237496.52,0.0,0.0,0
15m,1771011900.0,1.4098,1.4147,1.4098,1.4109,174026.84,0.0,0.0,0
15m,1771012800.0,1.4109,1.4115,1.4062,1.4068,236859.88,0.0,0.0,0
15m,1771013700.0,1.4068,1.4109,1.4051,1.4101,125895.41,0.0,0.0,0
15m,1771014600.0,1.4101,1.4113,1.406,1.4088,145499.81,0.0,0.0,0
15m,1771015500.0,1.4088,1.4144,1.4085,1.4131,256812.78,0.0,0.0,0
15m,1771016400.0,1.4131,1.4164,1.4124,1.4143,136270.12,0.0,0.0,0
15m,1771017300.0,1.4143,1.416,1.4121,1.413,227178.72,0.0,0.0,0
15m,1771018200.0,1.413,1.4135,1.4075,1.4095,233133.29,0.0,0.0,0
15m,1771019100.0,1.4095,1.4105,1.4068,1.4097,298885.12,0.0,0.0,0
15m,1771020000.0,1.4097,1.4099,1.4024,1.4024,229797.55,0.0,0.0,0
15m,1771020900.0,1.4024,1.4044,1.4004,1.4039,159498.56,0.0,0.0,0
15m,1771021800.0,1.4039,1.4046,1.3972,1.3999,213530.11,0.0,0.0,0
15m,1771022700.0,1.3999,1.4032,1.3993,1.4032,66089.05,0.0,0.0,0
15m,1771023600.0,1.4032,1.4057,1.4019,1.4055,106415.84,0.0,0.0,0
15m,1771024500.0,1.4055,1.4074,1.4022,1.4033,117667.16,0.0,0.0,0
15m,1771025400.0,1.4033,1.4057,1.4028,1.4049,210836.79,0.0,0.0,0
15m,1771026300.0,1.4049,1.4085,1.4049,1.4069,164355.83,0.0,0.0,0
15m,1771027200.0,1.4069,1.4093,1.4053,1.4091,92694.93,0.0,0.0,0
15m,1771028100.0,1.4091,1.4095,1.405,1.4063,154597.79,0.0,0.0,0
15m,1771029000.0,1.4063,1.4115,1.406,1.4115,161234.4,0.0,0.0,0
15m,1771029900.0,1.4115,1.4168,1.411,1.4142,184712.75,0.0,0.0,0
15m,1771030800.0,1.4142,1.4143,1.4105,1.4142,137170.02,0.0,0.0,0
15m,1771031700.0,1.4142,1.4181,1.4139,1.4167,125503.41,0.0,0.0,0
15m,1771032600.0,1.4167,1.4179,1.415,1.4156,88381.75,0.0,0.0,0
15m,1771033500.0,1.4156,1.4163,1.4111,1.4124,146493.28,0.0,0.0,0
15m,1771034400.0,1.4124,1.4144,1.4112,1.4138,81172.51,0.0,0.0,0
15m,1771035300.0,1.4138,1.4151,1.4105,1.4106,132410.94,0.0,0.0,0
15m,1771036200.0,1.4106,1.4131,1.4101,1.4131,81096.07,0.0,0.0,0
15m,1771037100.0,1.4131,1.4136,1.4107,1.4109,79371.36,0.0,0.0,0
15m,1771038000.0,1.4109,1.4168,1.4104,1.4151,120285.21,0.0,0.0,0
15m,1771038900.0,1.4151,1.4153,1.413,1.4143,99897.52,0.0,0.0,0
15m,1771039800.0,1.4143,1.418,1.4141,1.4148,115582.28,0.0,0.0,0
15m,1771040700.0,1.4148,1.4171,1.4144,1.4163,49315.43,0.0,0.0,0
15m,1771041600.0,1.4163,1.4164,1.4141,1.4154,53202.83,0.0,0.0,0
15m,1771042500.0,1.4154,1.4195,1.415,1.4192,159567.43,0.0,0.0,0
15m,1771043400.0,1.4192,1.4192,1.4161,1.417,131694.6,0.0,0.0,0
15m,1771044300.0,1.417,1.4173,1.4127,1.4127,56480.85,0.0,0.0,0
15m,1771045200.0,1.4127,1.4135,1.4105,1.4131,52762.59,0.0,0.0,0
15m,1771046100.0,1.4131,1.4158,1.4128,1.4145,57754.41,0.0,0.0,0
15m,1771047000.0,1.4145,1.4148,1.4095,1.4097,113153.73,0.0,0.0,0
15m,1771047900.0,1.4097,1.411,1.4081,1.4085,143195.68,0.0,0.0,0
15m,1771048800.0,1.4085,1.4113,1.4079,1.4098,72535.78,0.0,0.0,0
15m,1771049700.0,1.4098,1.4116,1.4089,1.4115,79315.84,0.0,0.0,0
15m,1771050600.0,1.4115,1.4145,1.4115,1.4136,85167.69,0.0,0.0,0
15m,1771051500.0,1.4136,1.4149,1.413,1.4143,64751.54,0.0,0.0,0
15m,1771052400.0,1.4143,1.415,1.4132,1.4144,238326.27,0.0,0.0,0
15m,1771053300.0,1.4144,1.415,1.4119,1.4138,141776.19,0.0,0.0,0
15m,1771054200.0,1.4138,1.4183,1.4138,1.4182,131363.59,0.0,0.0,0
15m,1771055100.0,1.4182,1.4252,1.4173,1.4222,262294.46,0.0,0.0,0
15m,1771056000.0,1.4222,1.4358,1.4217,1.4344,843133.93,0.0,0.0,0
15m,1771056900.0,1.4344,1.436,1.4296,1.4309,290755.07,0.0,0.0,0
15m,1771057800.0,1.4309,1.4444,1.4304,1.4408,393198.05,0.0,0.0,0
15m,1771058700.0,1.4408,1.4492,1.4404,1.4471,604091.28,0.0,0.0,0
15m,1771059600.0,1.4471,1.4536,1.4463,1.4505,930432.12,0.0,0.0,0
15m,1771060500.0,1.4505,1.4575,1.4479,1.453,427541.52,0.0,0.0,0
15m,1771061400.0,1.453,1.461,1.4509,1.4564,535810.19,0.0,0.0,0
15m,1771062300.0,1.4564,1.4572,1.4508,1.452,478611.41,0.0,0.0,0
15m,1771063200.0,1.452,1.4522,1.4457,1.4496,360884.46,0.0,0.0,0
15m,1771064100.0,1.4496,1.4496,1.4437,1.4456,153452.85,0.0,0.0,0
15m,1771065000.0,1.4456,1.4472,1.4443,1.4448,102161.86,0.0,0.0,0
15m,1771065900.0,1.4448,1.4478,1.4411,1.4475,198973.79,0.0,0.0,0
15m,1771066800.0,1.4475,1.4577,1.4468,1.4571,408189.32,0.0,0.0,0
15m,1771067700.0,1.4571,1.4726,1.4539,1.4679,684379.66,0.0,0.0,0
15m,1771068600.0,1.4679,1.4682,1.462,1.4659,391394.96,0.0,0.0,0
15m,1771069500.0,1.4659,1.4736,1.4638,1.4718,797354.23,0.0,0.0,0
15m,1771070400.0,1.4718,1.4771,1.4676,1.4728,586440.94,0.0,0.0,0
15m,1771071300.0,1.4728,1.4761,1.4675,1.4706,358429.0,0.0,0.0,0
15m,1771072200.0,1.4706,1.4717,1.4626,1.4649,500560.92,0.0,0.0,0
15m,1771073100.0,1.4649,1.4671,1.4604,1.4644,438094.4,0.0,0.0,0
15m,1771074000.0,1.4644,1.4695,1.4608,1.4688,223453.16,0.0,0.0,0
15m,1771074900.0,1.4688,1.4696,1.4523,1.4533,474946.22,0.0,0.0,0
15m,1771075800.0,1.4533,1.4594,1.4516,1.4555,293173.42,0.0,0.0,0
15m,1771076700.0,1.4555,1.4618,1.4543,1.4573,279588.36,0.0,0.0,0
15m,1771077600.0,1.4573,1.4597,1.4553,1.4571,281879.03,0.0,0.0,0
15m,1771078500.0,1.4571,1.4639,1.4571,1.4616,567491.4,0.0,0.0,0
15m,1771079400.0,1.4616,1.4663,1.461,1.4629,119802.39,0.0,0.0,0
15m,1771080300.0,1.4629,1.4747,1.462,1.4713,321708.49,0.0,0.0,0
15m,1771081200.0,1.4713,1.4722,1.4667,1.4669,262545.19,0.0,0.0,0
15m,1771082100.0,1.4669,1.4735,1.4657,1.4697,239588.64,0.0,0.0,0
15m,1771083000.0,1.4697,1.4712,1.4642,1.4666,234714.23,0.0,0.0,0
15m,1771083900.0,1.4666,1.4701,1.4655,1.469,164589.3,0.0,0.0,0
15m,1771084800.0,1.469,1.4694,1.4602,1.4611,205643.46,0.0,0.0,0
15m,1771085700.0,1.4611,1.4628,1.4575,1.4611,224145.36,0.0,0.0,0
15m,1771086600.0,1.4611,1.4693,1.457,1.4683,226588.94,0.0,0.0,0
15m,1771087500.0,1.4683,1.4763,1.4658,1.4749,205827.26,0.0,0.0,0
15m,1771088400.0,1.4749,1.4749,1.4683,1.4717,485048.12,0.0,0.0,0
15m,1771089300.0,1.4717,1.48,1.47,1.4776,264816.18,0.0,0.0,0
15m,1771090200.0,1.4776,1.4783,1.4701,1.4762,137340.71,0.0,0.0,0
15m,1771091100.0,1.4762,1.4763,1.4714,1.4735,55142.52,0.0,0.0,0
15m,1771092000.0,1.4735,1.4783,1.4703,1.4763,186592.72,0.0,0.0,0
15m,1771092900.0,1.4763,1.4828,1.4751,1.4816,281356.66,0.0,0.0,0
15m,1771093800.0,1.4816,1.4903,1.4797,1.4878,428280.26,0.0,0.0,0
15m,1771094700.0,1.4878,1.493,1.4871,1.4882,279227.1,0.0,0.0,0
15m,1771095600.0,1.4882,1.4919,1.4839,1.489,157869.85,0.0,0.0,0
15m,1771096500.0,1.489,1.4956,1.4862,1.495,210670.69,0.0,0.0,0
15m,1771097400.0,1.495,1.4996,1.4943,1.496,374169.22,0.0,0.0,0
15m,1771098300.0,1.496,1.5005,1.4941,1.4979,256227.79,0.0,0.0,0
15m,1771099200.0,1.4979,1.5084,1.4922,1.4939,809063.34,0.0,0.0,0
15m,1771100100.0,1.4939,1.4992,1.4904,1.4931,275870.1,0.0,0.0,0
15m,1771101000.0,1.4931,1.4959,1.488,1.4945,167877.14,0.0,0.0,0
15m,1771101900.0,1.4945,1.4972,1.4926,1.4954,247979.28,0.0,0.0,0
15m,1771102800.0,1.4954,1.5032,1.494,1.5019,286673.07,0.0,0.0,0
15m,1771103700.0,1.5019,1.5047,1.4934,1.4941,288382.53,0.0,0.0,0
15m,1771104600.0,1.4941,1.4993,1.4892,1.4992,305327.45,0.0,0.0,0
15m,1771105500.0,1.4992,1.5003,1.4958,1.4978,109756.57,0.0,0.0,0
15m,1771106400.0,1.4978,1.5032,1.4936,1.5017,200373.94,0.0,0.0,0
15m,1771107300.0,1.5017,1.502,1.495,1.497,115103.63,0.0,0.0,0
15m,1771108200.0,1.497,1.5027,1.4965,1.5007,126553.51,0.0,0.0,0
15m,1771109100.0,1.5007,1.505,1.4998,1.5009,147854.37,0.0,0.0,0
15m,1771110000.0,1.5009,1.5065,1.4992,1.5047,180503.24,0.0,0.0,0
15m,1771110900.0,1.5047,1.5131,1.5004,1.5065,507009.45,0.0,0.0,0
15m,1771111800.0,1.5065,1.513,1.5033,1.5098,403140.82,0.0,0.0,0
15m,1771112700.0,1.5098,1.5138,1.5066,1.5093,324336.11,0.0,0.0,0
15m,1771113600.0,1.5093,1.5154,1.5061,1.5074,548259.46,0.0,0.0,0
15m,1771114500.0,1.5074,1.5261,1.5063,1.52,838541.48,0.0,0.0,0
15m,1771115400.0,1.52,1.5322,1.5179,1.5182,768586.68,0.0,0.0,0
15m,1771116300.0,1.5182,1.527,1.5146,1.522,452351.6,0.0,0.0,0
15m,1771117200.0,1.522,1.5442,1.5204,1.5329,819598.67,0.0,0.0,0
15m,1771118100.0,1.5329,1.5393,1.5196,1.5242,870745.49,0.0,0.0,0
15m,1771119000.0,1.5242,1.5292,1.5154,1.5202,622554.33,0.0,0.0,0
15m,1771119900.0,1.5202,1.53,1.5175,1.5286,255142.35,0.0,0.0,0
15m,1771120800.0,1.5286,1.5355,1.5223,1.527,472590.25,0.0,0.0,0
15m,1771121700.0,1.527,1.5316,1.5224,1.5257,329244.31,0.0,0.0,0
15m,1771122600.0,1.5257,1.5342,1.5167,1.5293,771382.41,0.0,0.0,0
15m,1771123500.0,1.5293,1.5314,1.5222,1.5282,160389.32,0.0,0.0,0
15m,1771124400.0,1.5282,1.5341,1.5274,1.5293,302163.12,0.0,0.0,0
15m,1771125300.0,1.5293,1.5317,1.5209,1.5214,168587.66,0.0,0.0,0
15m,1771126200.0,1.5214,1.5237,1.5057,1.5121,1127081.69,0.0,0.0,0
15m,1771127100.0,1.5121,1.5304,1.5121,1.5267,408551.82,0.0,0.0,0
15m,1771128000.0,1.5267,1.5409,1.525,1.538,883895.21,0.0,0.0,0
15m,1771128900.0,1.538,1.5505,1.5346,1.5363,926326.24,0.0,0.0,0
15m,1771129800.0,1.5363,1.5525,1.5354,1.5476,601277.39,0.0,0.0,0
15m,1771130700.0,1.5476,1.56,1.5386,1.5457,1322406.18,0.0,0.0,0
15m,1771131600.0,1.5457,1.5549,1.5454,1.5525,646301.11,0.0,0.0,0
15m,1771132500.0,1.5525,1.5627,1.5512,1.5605,635986.36,0.0,0.0,0
15m,1771133400.0,1.5605,1.5835,1.5575,1.5821,1054720.95,0.0,0.0,0
15m,1771134300.0,1.5821,1.5897,1.5764,1.5835,946709.15,0.0,0.0,0
15m,1771135200.0,1.5835,1.5843,1.5725,1.5756,638373.41,0.0,0.0,0
15m,1771136100.0,1.5756,1.5887,1.5732,1.5813,691787.44,0.0,0.0,0
15m,1771137000.0,1.5813,1.5844,1.5769,1.5788,343891.52,0.0,0.0,0
15m,1771137900.0,1.5788,1.5839,1.5746,1.5798,266755.27,0.0,0.0,0
15m,1771138800.0,1.5798,1.5934,1.5759,1.5924,521592.34,0.0,0.0,0
15m,1771139700.0,1.5924,1.6029,1.591,1.5969,681423.22,0.0,0.0,0
15m,1771140600.0,1.5969,1.6259,1.5949,1.621,1151842.32,0.0,0.0,0
15m,1771141500.0,1.621,1.65,1.6167,1.6497,1857208.69,0.0,0.0,0
15m,1771142400.0,1.6497,1.6615,1.6436,1.6457,2861765.62,0.0,0.0,0
15m,1771143300.0,1.6457,1.671,1.644,1.6519,3083051.52,0.0,0.0,0
15m,1771144200.0,1.6519,1.6597,1.6152,1.6251,2254366.73,0.0,0.0,0
15m,1771145100.0,1.6251,1.627,1.612,1.6163,1290514.64,0.0,0.0,0
15m,1771146000.0,1.6163,1.6222,1.6073,1.6157,1381166.79,0.0,0.0,0
15m,1771146900.0,1.6157,1.6192,1.6087,1.6159,612354.85,0.0,0.0,0
15m,1771147800.0,1.6159,1.6231,1.6046,1.6086,526242.1,0.0,0.0,0
15m,1771148700.0,1.6086,1.6126,1.5889,1.5902,1116820.98,0.0,0.0,0
15m,1771149600.0,1.5902,1.5925,1.5733,1.5838,2274217.68,0.0,0.0,0
15m,1771150500.0,1.5838,1.5918,1.576,1.5918,1644208.53,0.0,0.0,0
15m,1771151400.0,1.5918,1.5973,1.5794,1.5847,899988.23,0.0,0.0,0
15m,1771152300.0,1.5847,1.5937,1.5832,1.5853,706856.31,0.0,0.0,0
15m,1771153200.0,1.5853,1.5953,1.5852,1.5901,275087.74,0.0,0.0,0
15m,1771154100.0,1.5901,1.5943,1.5815,1.5821,674902.83,0.0,0.0,0
15m,1771155000.0,1.5821,1.5828,1.5724,1.5749,325945.02,0.0,0.0,0
15m,1771155900.0,1.5749,1.5774,1.5576,1.5622,1382103.0,0.0,0.0,0
15m,1771156800.0,1.5622,1.566,1.5463,1.5546,1542502.08,0.0,0.0,0
15m,1771157700.0,1.5546,1.5647,1.5486,1.5616,859332.33,0.0,0.0,0
15m,1771158600.0,1.5616,1.5621,1.5439,1.5491,889624.23,0.0,0.0,0
15m,1771159500.0,1.5491,1.5508,1.5199,1.5208,2111829.54,0.0,0.0,0
15m,1771160400.0,1.5208,1.5364,1.5208,1.5335,1472705.65,0.0,0.0,0
15m,1771161300.0,1.5335,1.5403,1.5239,1.5244,1012903.49,0.0,0.0,0
15m,1771162200.0,1.5244,1.5295,1.5163,1.521,1243281.03,0.0,0.0,0
15m,1771163100.0,1.521,1.5254,1.5116,1.5193,983528.2,0.0,0.0,0
15m,1771164000.0,1.5193,1.5267,1.5152,1.5179,1112385.74,0.0,0.0,0
15m,1771164900.0,1.5179,1.526,1.5179,1.5222,596957.45,0.0,0.0,0
15m,1771165800.0,1.5222,1.5343,1.5202,1.5339,1022399.02,0.0,0.0,0
15m,1771166700.0,1.5339,1.5375,1.5301,1.5331,807409.85,0.0,0.0,0
15m,1771167600.0,1.5331,1.5438,1.5315,1.5385,819311.91,0.0,0.0,0
15m,1771168500.0,1.5385,1.5412,1.5225,1.5229,525377.02,0.0,0.0,0
15m,1771169400.0,1.5229,1.5276,1.5215,1.5276,284332.63,0.0,0.0,0
15m,1771170300.0,1.5276,1.5277,1.522,1.5236,179806.76,0.0,0.0,0
15m,1771171200.0,1.5236,1.5239,1.5073,1.5167,817253.31,0.0,0.0,0
15m,1771172100.0,1.5167,1.522,1.5123,1.5207,521240.44,0.0,0.0,0
15m,1771173000.0,1.5207,1.5207,1.5127,1.5183,228616.6,0.0,0.0,0
15m,1771173900.0,1.5183,1.5228,1.5172,1.5217,102450.78,0.0,0.0,0
15m,1771174800.0,1.5217,1.5243,1.5172,1.5186,156721.29,0.0,0.0,0
15m,1771175700.0,1.5186,1.5188,1.5091,1.5115,267782.49,0.0,0.0,0
15m,1771176600.0,1.5115,1.5124,1.5001,1.5012,516478.94,0.0,0.0,0
15m,1771177500.0,1.5012,1.5014,1.4822,1.494,2248626.16,0.0,0.0,0
15m,1771178400.0,1.494,1.4956,1.4834,1.4929,798271.34,0.0,0.0,0
15m,1771179300.0,1.4929,1.4929,1.4808,1.4814,663789.1,0.0,0.0,0
15m,1771180200.0,1.4814,1.4829,1.4726,1.4805,1154776.03,0.0,0.0,0
15m,1771181100.0,1.4805,1.482,1.4648,1.4692,1015564.98,0.0,0.0,0
15m,1771182000.0,1.4692,1.4699,1.4561,1.4614,1303769.71,0.0,0.0,0
15m,1771182900.0,1.4614,1.4685,1.4577,1.4662,413592.98,0.0,0.0,0
15m,1771183800.0,1.4662,1.4667,1.4478,1.4542,728045.57,0.0,0.0,0
15m,1771184700.0,1.4542,1.4591,1.4516,1.4538,412264.25,0.0,0.0,0
15m,1771185600.0,1.4538,1.4584,1.4452,1.4563,785123.09,0.0,0.0,0
15m,1771186500.0,1.4563,1.4613,1.45,1.4569,594407.99,0.0,0.0,0
15m,1771187400.0,1.4569,1.4673,1.4545,1.463,436541.84,0.0,0.0,0
15m,1771188300.0,1.463,1.4663,1.4576,1.462,463265.37,0.0,0.0,0
15m,1771189200.0,1.462,1.4678,1.4615,1.4661,414007.91,0.0,0.0,0
15m,1771190100.0,1.4661,1.4746,1.463,1.4709,503144.31,0.0,0.0,0
15m,1771191000.0,1.4709,1.4759,1.4649,1.4664,795247.24,0.0,0.0,0
15m,1771191900.0,1.4664,1.4741,1.4651,1.4721,279300.17,0.0,0.0,0
15m,1771192800.0,1.4721,1.4771,1.4685,1.4722,638659.75,0.0,0.0,0
15m,1771193700.0,1.4722,1.4806,1.4698,1.4759,494033.53,0.0,0.0,0
15m,1771194600.0,1.4759,1.4893,1.4749,1.4858,922835.56,0.0,0.0,0
15m,1771195500.0,1.4858,1.4901,1.481,1.4862,626274.41,0.0,0.0,0
15m,1771196400.0,1.4862,1.4866,1.4605,1.4646,616760.55,0.0,0.0,0
15m,1771197300.0,1.4646,1.4696,1.4583,1.4686,618196.78,0.0,0.0,0
15m,1771198200.0,1.4686,1.4776,1.4686,1.4712,515752.02,0.0,0.0,0
15m,1771199100.0,1.4712,1.4768,1.4705,1.4751,213518.04,0.0,0.0,0
15m,1771200000.0,1.4751,1.4865,1.4725,1.482,957295.24,0.0,0.0,0
15m,1771200900.0,1.482,1.487,1.4711,1.4763,598319.07,0.0,0.0,0
15m,1771201800.0,1.4763,1.4831,1.4733,1.4739,374327.38,0.0,0.0,0
15m,1771202700.0,1.4739,1.4812,1.4716,1.4788,578979.42,0.0,0.0,0
15m,1771203600.0,1.4788,1.4831,1.4743,1.4758,465404.32,0.0,0.0,0
15m,1771204500.0,1.4758,1.4787,1.4691,1.4726,620157.07,0.0,0.0,0
15m,1771205400.0,1.4726,1.4775,1.465,1.4708,248797.97,0.0,0.0,0
15m,1771206300.0,1.4708,1.4756,1.4697,1.4741,133878.53,0.0,0.0,0
15m,1771207200.0,1.4741,1.4807,1.4687,1.4748,145872.7,0.0,0.0,0
15m,1771208100.0,1.4748,1.4777,1.4618,1.4626,186996.76,0.0,0.0,0
15m,1771209000.0,1.4626,1.4651,1.4588,1.4627,154363.79,0.0,0.0,0
15m,1771209900.0,1.4627,1.4647,1.4541,1.4561,196548.69,0.0,0.0,0
15m,1771210800.0,1.4561,1.4621,1.4541,1.4603,198829.0,0.0,0.0,0
15m,1771211700.0,1.4603,1.4621,1.4538,1.4557,244879.95,0.0,0.0,0
15m,1771212600.0,1.4557,1.4616,1.4555,1.4614,209642.71,0.0,0.0,0
15m,1771213500.0,1.4614,1.4627,1.4583,1.4616,94399.34,0.0,0.0,0
15m,1771214400.0,1.4616,1.4699,1.4601,1.4684,348165.89,0.0,0.0,0
15m,1771215300.0,1.4684,1.4729,1.4665,1.4695,161854.98,0.0,0.0,0
15m,1771216200.0,1.4695,1.4713,1.4652,1.4659,141791.22,0.0,0.0,0
15m,1771217100.0,1.4659,1.4759,1.4646,1.4742,235274.2,0.0,0.0,0
15m,1771218000.0,1.4742,1.476,1.4565,1.4568,234984.79,0.0,0.0,0
15m,1771218900.0,1.4568,1.4607,1.4506,1.4548,267579.35,0.0,0.0,0
15m,1771219800.0,1.4548,1.4576,1.4485,1.4526,465870.76,0.0,0.0,0
15m,1771220700.0,1.4526,1.4591,1.4516,1.456,185411.96,0.0,0.0,0
15m,1771221600.0,1.456,1.4588,1.4548,1.4557,79115.8,0.0,0.0,0
15m,1771222500.0,1.4557,1.4613,1.4544,1.4603,616645.75,0.0,0.0,0
15m,1771223400.0,1.4603,1.4679,1.4594,1.4661,272086.72,0.0,0.0,0
15m,1771224300.0,1.4661,1.4684,1.4645,1.4652,187785.08,0.0,0.0,0
15m,1771225200.0,1.4652,1.4704,1.4604,1.4702,635903.96,0.0,0.0,0
15m,1771226100.0,1.4702,1.4711,1.4643,1.4649,173795.01,0.0,0.0,0
15m,1771227000.0,1.4649,1.4669,1.4578,1.4598,163281.89,0.0,0.0,0
15m,1771227900.0,1.4598,1.4631,1.4589,1.4612,131821.22,0.0,0.0,0
15m,1771228800.0,1.4612,1.4697,1.4612,1.4661,289805.71,0.0,0.0,0
15m,1771229700.0,1.4661,1.4709,1.4649,1.4703,277996.81,0.0,0.0,0
15m,1771230600.0,1.4703,1.4705,1.4653,1.4672,138223.97,0.0,0.0,0
15m,1771231500.0,1.4672,1.4709,1.4662,1.4702,230477.5,0.0,0.0,0
15m,1771232400.0,1.4702,1.483,1.469,1.4821,502820.44,0.0,0.0,0
15m,1771233300.0,1.4821,1.4998,1.4774,1.4976,457920.1,0.0,0.0,0
15m,1771234200.0,1.4976,1.5141,1.4929,1.5063,1111696.94,0.0,0.0,0
15m,1771235100.0,1.5063,1.5102,1.4987,1.5021,471765.32,0.0,0.0,0
15m,1771236000.0,1.5021,1.5029,1.4919,1.4951,325985.77,0.0,0.0,0
15m,1771236900.0,1.4951,1.4964,1.4841,1.4878,336333.07,0.0,0.0,0
15m,1771237800.0,1.4878,1.4926,1.4835,1.487,260283.9,0.0,0.0,0
15m,1771238700.0,1.487,1.4934,1.4863,1.4903,285610.34,0.0,0.0,0
15m,1771239600.0,1.4903,1.4931,1.4734,1.4759,477254.76,0.0,0.0,0
15m,1771240500.0,1.4759,1.4848,1.4685,1.4826,419840.86,0.0,0.0,0
15m,1771241400.0,1.4826,1.4855,1.4769,1.4788,205660.94,0.0,0.0,0
15m,1771242300.0,1.4788,1.4879,1.4772,1.4834,251998.76,0.0,0.0,0
15m,1771243200.0,1.4834,1.49,1.4805,1.4886,468029.0,0.0,0.0,0
15m,1771244100.0,1.4886,1.5018,1.48,1.4975,655503.18,0.0,0.0,0
15m,1771245000.0,1.4975,1.5042,1.4923,1.4984,771255.8,0.0,0.0,0
15m,1771245900.0,1.4984,1.508,1.4955,1.5049,549585.59,0.0,0.0,0
15m,1771246800.0,1.5049,1.5164,1.5024,1.5058,924498.72,0.0,0.0,0
15m,1771247700.0,1.5058,1.5137,1.482,1.485,1497669.18,0.0,0.0,0
15m,1771248600.0,1.485,1.4967,1.4807,1.4917,1546588.32,0.0,0.0,0
15m,1771249500.0,1.4917,1.4934,1.4816,1.4905,486861.56,0.0,0.0,0
15m,1771250400.0,1.4905,1.5028,1.485,1.4977,738438.51,0.0,0.0,0
15m,1771251300.0,1.4977,1.5024,1.4846,1.4889,638950.13,0.0,0.0,0
15m,1771252200.0,1.4889,1.5082,1.4878,1.5007,739078.78,0.0,0.0,0
15m,1771253100.0,1.5007,1.5089,1.4913,1.4946,513388.75,0.0,0.0,0
15m,1771254000.0,1.4946,1.5031,1.4921,1.4933,572878.52,0.0,0.0,0
15m,1771254900.0,1.4933,1.4959,1.4862,1.4874,456447.09,0.0,0.0,0
15m,1771255800.0,1.4874,1.4874,1.4615,1.4701,1765803.73,0.0,0.0,0
15m,1771256700.0,1.4701,1.4775,1.4667,1.4739,772362.28,0.0,0.0,0
15m,1771257600.0,1.4739,1.4944,1.4725,1.4889,665782.88,0.0,0.0,0
15m,1771258500.0,1.4889,1.4947,1.4822,1.4865,374413.17,0.0,0.0,0
15m,1771259400.0,1.4865,1.4928,1.478,1.4919,566180.28,0.0,0.0,0
15m,1771260300.0,1.4919,1.4933,1.4852,1.4873,232462.6,0.0,0.0,0
15m,1771261200.0,1.4873,1.4925,1.4837,1.487,478864.62,0.0,0.0,0
15m,1771262100.0,1.487,1.491,1.4813,1.4896,296159.35,0.0,0.0,0
15m,1771263000.0,1.4896,1.4931,1.4866,1.4882,468277.85,0.0,0.0,0
15m,1771263900.0,1.4882,1.4883,1.4823,1.4831,439924.34,0.0,0.0,0
15m,1771264800.0,1.4831,1.4869,1.4815,1.4819,162291.63,0.0,0.0,0
15m,1771265700.0,1.4819,1.4863,1.4789,1.4801,212999.63,0.0,0.0,0
15m,1771266600.0,1.4801,1.4829,1.4762,1.4769,126563.5,0.0,0.0,0
15m,1771267500.0,1.4769,1.48,1.4711,1.4719,184124.87,0.0,0.0,0
15m,1771268400.0,1.4719,1.4812,1.4719,1.4784,283264.35,0.0,0.0,0
15m,1771269300.0,1.4784,1.479,1.4718,1.4761,140539.83,0.0,0.0,0
15m,1771270200.0,1.4761,1.4822,1.4758,1.4804,148264.82,0.0,0.0,0
15m,1771271100.0,1.4804,1.481,1.4747,1.4753,120692.79,0.0,0.0,0
15m,1771272000.0,1.4753,1.4753,1.4697,1.4717,303277.0,0.0,0.0,0
15m,1771272900.0,1.4717,1.4804,1.4685,1.478,318555.05,0.0,0.0,0
15m,1771273800.0,1.478,1.4797,1.4756,1.4782,163488.46,0.0,0.0,0
15m,1771274700.0,1.4782,1.4889,1.4781,1.4859,448675.12,0.0,0.0,0
15m,1771275600.0,1.4859,1.4859,1.4809,1.4841,140048.11,0.0,0.0,0
15m,1771276500.0,1.4841,1.4867,1.4819,1.4836,161305.09,0.0,0.0,0
15m,1771277400.0,1.4836,1.4856,1.4817,1.4832,130513.98,0.0,0.0,0
15m,1771278300.0,1.4832,1.4935,1.4812,1.4914,200553.29,0.0,0.0,0
15m,1771279200.0,1.4914,1.4938,1.4848,1.4859,468434.46,0.0,0.0,0
15m,1771280100.0,1.4859,1.4877,1.4847,1.4859,204602.46,0.0,0.0,0
15m,1771281000.0,1.4859,1.4878,1.4817,1.4853,172549.9,0.0,0.0,0
15m,1771281900.0,1.4853,1.4866,1.4826,1.4837,137203.29,0.0,0.0,0
15m,1771282800.0,1.4837,1.4899,1.482,1.4884,104094.44,0.0,0.0,0
15m,1771283700.0,1.4884,1.4904,1.4838,1.4849,160586.26,0.0,0.0,0
15m,1771284600.0,1.4849,1.4881,1.4842,1.4843,114045.67,0.0,0.0,0
15m,1771285500.0,1.4843,1.49,1.4843,1.4875,165279.78,0.0,0.0,0
15m,1771286400.0,1.4875,1.489,1.4842,1.4869,129049.0,0.0,0.0,0
15m,1771287300.0,1.4869,1.488,1.4833,1.4851,94406.02,0.0,0.0,0
15m,1771288200.0,1.4851,1.4888,1.4836,1.4863,271130.31,0.0,0.0,0
15m,1771289100.0,1.4863,1.4909,1.4818,1.4836,192652.64,0.0,0.0,0
15m,1771290000.0,1.4836,1.4917,1.4836,1.4885,224917.83,0.0,0.0,0
15m,1771290900.0,1.4885,1.4885,1.484,1.4843,115111.9,0.0,0.0,0
15m,1771291800.0,1.4843,1.4903,1.4835,1.4871,118934.27,0.0,0.0,0
15m,1771292700.0,1.4871,1.4884,1.4789,1.4794,309829.45,0.0,0.0,0
15m,1771293600.0,1.4794,1.4912,1.473,1.4896,653125.89,0.0,0.0,0
15m,1771294500.0,1.4896,1.4934,1.4863,1.487,288168.36,0.0,0.0,0
15m,1771295400.0,1.487,1.4905,1.4866,1.4901,165924.62,0.0,0.0,0
15m,1771296300.0,1.4901,1.4922,1.4871,1.4872,267187.88,0.0,0.0,0
15m,1771297200.0,1.4872,1.4886,1.4825,1.4852,283115.53,0.0,0.0,0
15m,1771298100.0,1.4852,1.4898,1.4843,1.4873,74864.11,0.0,0.0,0
15m,1771299000.0,1.4873,1.4883,1.4826,1.4881,133573.69,0.0,0.0,0
15m,1771299900.0,1.4881,1.4883,1.4827,1.4829,190014.34,0.0,0.0,0
15m,1771300800.0,1.4829,1.4834,1.4768,1.4809,106159.96,0.0,0.0,0
15m,1771301700.0,1.4809,1.4846,1.4775,1.483,90547.25,0.0,0.0,0
15m,1771302600.0,1.483,1.4845,1.4746,1.4841,300476.62,0.0,0.0,0
15m,1771303500.0,1.4841,1.4889,1.4838,1.4864,148769.6,0.0,0.0,0
15m,1771304400.0,1.4864,1.4879,1.4809,1.4811,124881.41,0.0,0.0,0
15m,1771305300.0,1.4811,1.4816,1.4744,1.4794,254365.84,0.0,0.0,0
15m,1771306200.0,1.4794,1.4794,1.4708,1.4768,221873.85,0.0,0.0,0
15m,1771307100.0,1.4768,1.4794,1.474,1.4757,113881.33,0.0,0.0,0
15m,1771308000.0,1.4757,1.4799,1.4757,1.4776,69731.92,0.0,0.0,0
15m,1771308900.0,1.4776,1.4792,1.4743,1.4764,109653.32,0.0,0.0,0
15m,1771309800.0,1.4764,1.4802,1.4742,1.479,195005.44,0.0,0.0,0
15m,1771310700.0,1.479,1.4807,1.4777,1.4789,90072.61,0.0,0.0,0
15m,1771311600.0,1.4789,1.4789,1.4694,1.4704,162656.46,0.0,0.0,0
15m,1771312500.0,1.4704,1.4735,1.4699,1.4713,84858.79,0.0,0.0,0
15m,1771313400.0,1.4713,1.476,1.4699,1.4734,86695.63,0.0,0.0,0
15m,1771314300.0,1.4734,1.4757,1.4718,1.4732,162926.45,0.0,0.0,0
15m,1771315200.0,1.4732,1.4769,1.4725,1.4741,313491.41,0.0,0.0,0
15m,1771316100.0,1.4741,1.4748,1.4709,1.4716,102050.99,0.0,0.0,0
15m,1771317000.0,1.4716,1.473,1.4639,1.4668,293148.76,0.0,0.0,0
15m,1771317900.0,1.4668,1.4686,1.4662,1.4667,138110.93,0.0,0.0,0
15m,1771318800.0,1.4667,1.4672,1.4584,1.4596,377577.75,0.0,0.0,0
15m,1771319700.0,1.4596,1.4611,1.4563,1.458,294071.12,0.0,0.0,0
15m,1771320600.0,1.458,1.4587,1.4538,1.4578,238495.59,0.0,0.0,0
15m,1771321500.0,1.4578,1.4613,1.4565,1.4613,235764.87,0.0,0.0,0
15m,1771322400.0,1.4613,1.4624,1.4585,1.46,125277.51,0.0,0.0,0
15m,1771323300.0,1.46,1.46,1.4525,1.4546,220495.65,0.0,0.0,0
15m,1771324200.0,1.4546,1.4577,1.4535,1.4556,137200.72,0.0,0.0,0
15m,1771325100.0,1.4556,1.4561,1.4514,1.4555,164049.51,0.0,0.0,0
15m,1771326000.0,1.4555,1.4599,1.4536,1.4591,445506.24,0.0,0.0,0
15m,1771326900.0,1.4591,1.4596,1.4543,1.4575,211944.6,0.0,0.0,0
15m,1771327800.0,1.4575,1.4584,1.452,1.4526,148118.09,0.0,0.0,0
15m,1771328700.0,1.4526,1.4534,1.45,1.4527,404913.42,0.0,0.0,0
15m,1771329600.0,1.4527,1.4602,1.452,1.4577,210603.11,0.0,0.0,0
15m,1771330500.0,1.4577,1.4593,1.4555,1.4577,208208.86,0.0,0.0,0
15m,1771331400.0,1.4577,1.4629,1.4553,1.4606,298638.43,0.0,0.0,0
15m,1771332300.0,1.4606,1.461,1.4545,1.4567,253314.75,0.0,0.0,0
15m,1771333200.0,1.4567,1.4593,1.4517,1.4588,215994.49,0.0,0.0,0
15m,1771334100.0,1.4588,1.4628,1.4538,1.4564,187988.31,0.0,0.0,0
15m,1771335000.0,1.4564,1.4571,1.4532,1.4557,321792.54,0.0,0.0,0
15m,1771335900.0,1.4557,1.4634,1.4542,1.4579,491742.23,0.0,0.0,0
15m,1771336800.0,1.4579,1.4627,1.4551,1.4554,309681.41,0.0,0.0,0
15m,1771337700.0,1.4554,1.4569,1.4523,1.4535,368807.07,0.0,0.0,0
15m,1771338600.0,1.4535,1.4608,1.4321,1.4354,1367916.66,0.0,0.0,0
15m,1771339500.0,1.4354,1.439,1.4272,1.4355,1228160.94,0.0,0.0,0
15m,1771340400.0,1.4355,1.4501,1.4345,1.4436,644755.83,0.0,0.0,0
15m,1771341300.0,1.4436,1.4557,1.4433,1.4478,444811.6,0.0,0.0,0
15m,1771342200.0,1.4478,1.4527,1.4427,1.452,415980.44,0.0,0.0,0
15m,1771343100.0,1.452,1.4583,1.4499,1.4569,443507.1,0.0,0.0,0
15m,1771344000.0,1.4569,1.4866,1.4569,1.4782,1289345.98,0.0,0.0,0
15m,1771344900.0,1.4782,1.485,1.471,1.473,746815.08,0.0,0.0,0
15m,1771345800.0,1.473,1.4949,1.4694,1.4845,1000031.86,0.0,0.0,0
15m,1771346700.0,1.4845,1.4864,1.4762,1.4771,319732.06,0.0,0.0,0
15m,1771347600.0,1.4771,1.4796,1.4611,1.4673,415645.63,0.0,0.0,0
15m,1771348500.0,1.4673,1.4739,1.4657,1.4737,254678.51,0.0,0.0,0
15m,1771349400.0,1.4737,1.4743,1.4585,1.4594,285594.5,0.0,0.0,0
15m,1771350300.0,1.4594,1.4671,1.457,1.4654,284813.17,0.0,0.0,0
15m,1771351200.0,1.4654,1.4708,1.4639,1.4687,126978.14,0.0,0.0,0
15m,1771352100.0,1.4687,1.4858,1.4654,1.4833,747174.87,0.0,0.0,0
15m,1771353000.0,1.4833,1.4896,1.4775,1.4851,583583.96,0.0,0.0,0
15m,1771353900.0,1.4851,1.4893,1.4833,1.4834,305892.14,0.0,0.0,0
15m,1771354800.0,1.4834,1.4879,1.4822,1.4858,429850.35,0.0,0.0,0
15m,1771355700.0,1.4858,1.4892,1.4785,1.4794,286089.03,0.0,0.0,0
15m,1771356600.0,1.4794,1.4823,1.4763,1.482,180866.43,0.0,0.0,0
15m,1771357500.0,1.482,1.4869,1.4816,1.4856,149795.55,0.0,0.0,0
15m,1771358400.0,1.4856,1.4884,1.4758,1.4794,393042.08,0.0,0.0,0
15m,1771359300.0,1.4794,1.4846,1.4767,1.4826,160265.9,0.0,0.0,0
15m,1771360200.0,1.4826,1.4853,1.4753,1.4833,201056.9,0.0,0.0,0
15m,1771361100.0,1.4833,1.489,1.4795,1.4877,499133.3,0.0,0.0,0
15m,1771362000.0,1.4877,1.4937,1.4855,1.4911,435254.38,0.0,0.0,0
15m,1771362900.0,1.4911,1.4916,1.4822,1.4836,137198.33,0.0,0.0,0
15m,1771363800.0,1.4836,1.4844,1.4795,1.482,429103.75,0.0,0.0,0
15m,1771364700.0,1.482,1.4855,1.4817,1.4838,93399.32,0.0,0.0,0
15m,1771365600.0,1.4838,1.4848,1.4802,1.4805,138395.67,0.0,0.0,0
15m,1771366500.0,1.4805,1.4823,1.4769,1.479,92251.19,0.0,0.0,0
15m,1771367400.0,1.479,1.4808,1.4762,1.4768,69021.32,0.0,0.0,0
15m,1771368300.0,1.4768,1.4791,1.473,1.4746,45180.44,0.0,0.0,0
15m,1771369200.0,1.4746,1.4753,1.4706,1.4738,153371.14,0.0,0.0,0
15m,1771370100.0,1.4738,1.4771,1.4727,1.4729,47447.07,0.0,0.0,0
15m,1771371000.0,1.4729,1.4757,1.4721,1.4755,47933.19,0.0,0.0,0
15m,1771371900.0,1.4755,1.4772,1.4736,1.474,122969.78,0.0,0.0,0
15m,1771372800.0,1.474,1.4791,1.4738,1.4775,95807.64,0.0,0.0,0
15m,1771373700.0,1.4775,1.4782,1.4718,1.4749,354385.93,0.0,0.0,0
15m,1771374600.0,1.4749,1.4792,1.4746,1.4757,113329.95,0.0,0.0,0
15m,1771375500.0,1.4757,1.4757,1.4689,1.4696,166202.49,0.0,0.0,0
15m,1771376400.0,1.4696,1.4709,1.4635,1.4676,249948.2,0.0,0.0,0
15m,1771377300.0,1.4676,1.4695,1.4662,1.4678,157253.96,0.0,0.0,0
15m,1771378200.0,1.4678,1.4707,1.4643,1.4689,167928.18,0.0,0.0,0
15m,1771379100.0,1.4689,1.4695,1.4639,1.4669,326299.78,0.0,0.0,0
15m,1771380000.0,1.4669,1.4731,1.4664,1.4703,118764.84,0.0,0.0,0
15m,1771380900.0,1.4703,1.4712,1.467,1.4679,73990.77,0.0,0.0,0
15m,1771381800.0,1.4679,1.4749,1.4676,1.4746,86101.05,0.0,0.0,0
15m,1771382700.0,1.4746,1.4767,1.4724,1.4754,75903.95,0.0,0.0,0
15m,1771383600.0,1.4754,1.4785,1.4742,1.4767,115834.23,0.0,0.0,0
15m,1771384500.0,1.4767,1.48,1.4767,1.4791,109509.56,0.0,0.0,0
15m,1771385400.0,1.4791,1.4833,1.4768,1.4809,139864.59,0.0,0.0,0
15m,1771386300.0,1.4809,1.4826,1.4793,1.4794,58231.82,0.0,0.0,0
15m,1771387200.0,1.4794,1.4848,1.4784,1.481,206195.21,0.0,0.0,0
15m,1771388100.0,1.481,1.4833,1.4788,1.4793,112435.55,0.0,0.0,0
15m,1771389000.0,1.4793,1.4804,1.4763,1.4776,82281.37,0.0,0.0,0
15m,1771389900.0,1.4776,1.482,1.4765,1.4806,116522.35,0.0,0.0,0
15m,1771390800.0,1.4806,1.4866,1.4802,1.4851,196122.87,0.0,0.0,0
15m,1771391700.0,1.4851,1.4875,1.479,1.4792,117082.61,0.0,0.0,0
15m,1771392600.0,1.4792,1.4811,1.477,1.4779,251055.41,0.0,0.0,0
15m,1771393500.0,1.4779,1.4798,1.4753,1.4759,665623.86,0.0,0.0,0
15m,1771394400.0,1.4759,1.4804,1.4754,1.4798,477926.23,0.0,0.0,0
15m,1771395300.0,1.4798,1.4831,1.4792,1.4808,97078.97,0.0,0.0,0
15m,1771396200.0,1.4808,1.4825,1.4795,1.4818,87097.35,0.0,0.0,0
15m,1771397100.0,1.4818,1.4839,1.4801,1.4801,64342.6,0.0,0.0,0
15m,1771398000.0,1.4801,1.4819,1.4794,1.4795,70724.72,0.0,0.0,0
15m,1771398900.0,1.4795,1.4805,1.4767,1.4786,43673.6,0.0,0.0,0
15m,1771399800.0,1.4786,1.4847,1.4777,1.4836,131637.0,0.0,0.0,0
15m,1771400700.0,1.4836,1.4887,1.483,1.4868,136970.2,0.0,0.0,0
15m,1771401600.0,1.4868,1.4894,1.4858,1.4872,256634.73,0.0,0.0,0
15m,1771402500.0,1.4872,1.4936,1.4864,1.4889,154994.68,0.0,0.0,0
15m,1771403400.0,1.4889,1.49,1.4856,1.4877,67403.65,0.0,0.0,0
15m,1771404300.0,1.4877,1.4938,1.4877,1.4893,292980.26,0.0,0.0,0
15m,1771405200.0,1.4893,1.4901,1.4864,1.4884,91769.37,0.0,0.0,0
15m,1771406100.0,1.4884,1.4891,1.4847,1.4861,52557.98,0.0,0.0,0
15m,1771407000.0,1.4861,1.4923,1.4859,1.4908,65117.03,0.0,0.0,0
15m,1771407900.0,1.4908,1.4908,1.4858,1.4877,85716.4,0.0,0.0,0
15m,1771408800.0,1.4877,1.4901,1.4852,1.4891,135559.16,0.0,0.0,0
15m,1771409700.0,1.4891,1.4897,1.4832,1.4848,80933.07,0.0,0.0,0
15m,1771410600.0,1.4848,1.4848,1.4766,1.4772,231370.75,0.0,0.0,0
15m,1771411500.0,1.4772,1.4794,1.4764,1.4784,241601.68,0.0,0.0,0
15m,1771412400.0,1.4784,1.4786,1.4636,1.4709,513515.47,0.0,0.0,0
15m,1771413300.0,1.4709,1.4733,1.4691,1.4709,193164.94,0.0,0.0,0
15m,1771414200.0,1.4709,1.4723,1.4685,1.4703,218307.82,0.0,0.0,0
15m,1771415100.0,1.4703,1.4727,1.4662,1.4665,85913.95,0.0,0.0,0
15m,1771416000.0,1.4665,1.4715,1.4658,1.4671,165765.64,0.0,0.0,0
15m,1771416900.0,1.4671,1.4683,1.4648,1.4662,373940.05,0.0,0.0,0
15m,1771417800.0,1.4662,1.4673,1.4588,1.4661,442841.66,0.0,0.0,0
15m,1771418700.0,1.4661,1.4685,1.4642,1.4649,304628.74,0.0,0.0,0
15m,1771419600.0,1.4649,1.4674,1.4606,1.4658,259885.14,0.0,0.0,0
15m,1771420500.0,1.4658,1.4708,1.4656,1.4703,114062.84,0.0,0.0,0
15m,1771421400.0,1.4703,1.4715,1.4651,1.4682,317563.64,0.0,0.0,0
15m,1771422300.0,1.4682,1.4705,1.4617,1.4688,606938.71,0.0,0.0,0
15m,1771423200.0,1.4688,1.471,1.4624,1.4636,358958.29,0.0,0.0,0
15m,1771424100.0,1.4636,1.4651,1.4592,1.4592,410366.35,0.0,0.0,0
15m,1771425000.0,1.4592,1.466,1.4582,1.4594,494650.4,0.0,0.0,0
15m,1771425900.0,1.4594,1.468,1.4521,1.4655,511460.9,0.0,0.0,0
15m,1771426800.0,1.4655,1.4732,1.4641,1.4672,415334.26,0.0,0.0,0
15m,1771427700.0,1.4672,1.471,1.4647,1.4662,154975.34,0.0,0.0,0
15m,1771428600.0,1.4662,1.4887,1.4657,1.483,647939.95,0.0,0.0,0
15m,1771429500.0,1.483,1.4841,1.4741,1.4766,292485.47,0.0,0.0,0
15m,1771430400.0,1.4766,1.4771,1.4568,1.4599,549606.92,0.0,0.0,0
15m,1771431300.0,1.4599,1.4652,1.4571,1.4635,290810.41,0.0,0.0,0
15m,1771432200.0,1.4635,1.4636,1.4572,1.4621,196901.83,0.0,0.0,0
15m,1771433100.0,1.4621,1.4629,1.4575,1.4599,214329.02,0.0,0.0,0
15m,1771434000.0,1.4599,1.4712,1.4596,1.4616,325073.83,0.0,0.0,0
15m,1771434900.0,1.4616,1.4629,1.4556,1.4577,294814.69,0.0,0.0,0
15m,1771435800.0,1.4577,1.4602,1.4556,1.4561,125849.16,0.0,0.0,0
15m,1771436700.0,1.4561,1.4582,1.4548,1.4565,263219.7,0.0,0.0,0
15m,1771437600.0,1.4565,1.4586,1.4551,1.4582,203436.7,0.0,0.0,0
15m,1771438500.0,1.4582,1.4589,1.4452,1.4511,499104.64,0.0,0.0,0
15m,1771439400.0,1.4511,1.4541,1.4401,1.4416,357124.27,0.0,0.0,0
15m,1771440300.0,1.4416,1.447,1.4404,1.441,320347.01,0.0,0.0,0
15m,1771441200.0,1.441,1.4458,1.4381,1.4392,899913.32,0.0,0.0,0
15m,1771442100.0,1.4392,1.4398,1.4296,1.4348,915581.67,0.0,0.0,0
15m,1771443000.0,1.4348,1.4359,1.4192,1.4248,1394083.55,0.0,0.0,0
15m,1771443900.0,1.4248,1.4298,1.42,1.4229,638881.63,0.0,0.0,0
15m,1771444800.0,1.4229,1.4295,1.4227,1.4265,433519.91,0.0,0.0,0
15m,1771445700.0,1.4265,1.4271,1.4208,1.4248,214444.05,0.0,0.0,0
15m,1771446600.0,1.4248,1.4333,1.4245,1.4281,252266.09,0.0,0.0,0
15m,1771447500.0,1.4281,1.4313,1.4208,1.4221,567173.78,0.0,0.0,0
15m,1771448400.0,1.4221,1.4241,1.4172,1.4221,270972.97,0.0,0.0,0
15m,1771449300.0,1.4221,1.4279,1.4215,1.4275,136592.26,0.0,0.0,0
15m,1771450200.0,1.4275,1.429,1.4247,1.4254,118535.92,0.0,0.0,0
15m,1771451100.0,1.4254,1.4258,1.418,1.4202,202392.76,0.0,0.0,0
15m,1771452000.0,1.4202,1.4225,1.4155,1.4183,285234.36,0.0,0.0,0
15m,1771452900.0,1.4183,1.4218,1.417,1.4187,212052.74,0.0,0.0,0
15m,1771453800.0,1.4187,1.4241,1.4172,1.4212,138511.89,0.0,0.0,0
15m,1771454700.0,1.4212,1.4243,1.4201,1.4207,96353.88,0.0,0.0,0
15m,1771455600.0,1.4207,1.4209,1.4126,1.416,212741.84,0.0,0.0,0
15m,1771456500.0,1.416,1.4162,1.4112,1.4112,231560.83,0.0,0.0,0
15m,1771457400.0,1.4112,1.4193,1.4104,1.4188,196745.28,0.0,0.0,0
15m,1771458300.0,1.4188,1.4229,1.4175,1.4218,265475.02,0.0,0.0,0
15m,1771459200.0,1.4218,1.4242,1.4176,1.4185,213242.57,0.0,0.0,0
15m,1771460100.0,1.4185,1.4237,1.4165,1.4199,106156.61,0.0,0.0,0
15m,1771461000.0,1.4199,1.4224,1.4186,1.4212,126053.65,0.0,0.0,0
15m,1771461900.0,1.4212,1.4227,1.4151,1.4173,154834.37,0.0,0.0,0
15m,1771462800.0,1.4173,1.4264,1.4173,1.4231,531591.42,0.0,0.0,0
15m,1771463700.0,1.4231,1.4232,1.4146,1.4207,349986.4,0.0,0.0,0
15m,1771464600.0,1.4207,1.4249,1.4189,1.4226,384373.74,0.0,0.0,0
15m,1771465500.0,1.4226,1.4268,1.4222,1.4268,343839.78,0.0,0.0,0
15m,1771466400.0,1.4268,1.428,1.4243,1.4258,106436.69,0.0,0.0,0
15m,1771467300.0,1.4258,1.4299,1.4253,1.4298,118808.46,0.0,0.0,0
15m,1771468200.0,1.4298,1.4298,1.42,1.4207,180661.52,0.0,0.0,0
15m,1771469100.0,1.4207,1.4275,1.4206,1.4265,105065.39,0.0,0.0,0
15m,1771470000.0,1.4265,1.4286,1.4223,1.4236,353750.78,0.0,0.0,0
15m,1771470900.0,1.4236,1.4276,1.4235,1.4272,439391.44,0.0,0.0,0
15m,1771471800.0,1.4272,1.428,1.4239,1.4258,127526.07,0.0,0.0,0
15m,1771472700.0,1.4258,1.4301,1.424,1.4286,119901.99,0.0,0.0,0
15m,1771473600.0,1.4286,1.4308,1.4268,1.4279,79829.59,0.0,0.0,0
15m,1771474500.0,1.4279,1.4284,1.4212,1.4223,92673.44,0.0,0.0,0
15m,1771475400.0,1.4223,1.4242,1.4182,1.4182,99897.09,0.0,0.0,0
15m,1771476300.0,1.4182,1.4198,1.4164,1.4178,160143.07,0.0,0.0,0
15m,1771477200.0,1.4178,1.4211,1.4104,1.4129,300963.06,0.0,0.0,0
15m,1771478100.0,1.4129,1.4158,1.4051,1.4083,386909.92,0.0,0.0,0
15m,1771479000.0,1.4083,1.4114,1.4078,1.4078,66641.03,0.0,0.0,0
15m,1771479900.0,1.4078,1.4135,1.4062,1.4126,154665.0,0.0,0.0,0
15m,1771480800.0,1.4126,1.4227,1.412,1.4218,216499.03,0.0,0.0,0
15m,1771481700.0,1.4218,1.4253,1.4209,1.4229,136015.88,0.0,0.0,0
15m,1771482600.0,1.4229,1.4262,1.4212,1.4216,143005.26,0.0,0.0,0
15m,1771483500.0,1.4216,1.4275,1.421,1.4275,235580.98,0.0,0.0,0
15m,1771484400.0,1.4275,1.4289,1.4218,1.4246,258174.67,0.0,0.0,0
15m,1771485300.0,1.4246,1.434,1.4242,1.4321,219708.66,0.0,0.0,0
15m,1771486200.0,1.4321,1.4382,1.429,1.4314,751557.67,0.0,0.0,0
15m,1771487100.0,1.4314,1.4355,1.4283,1.4328,186835.26,0.0,0.0,0
15m,1771488000.0,1.4328,1.4341,1.4252,1.4263,373099.93,0.0,0.0,0
15m,1771488900.0,1.4263,1.4267,1.4213,1.4232,136732.99,0.0,0.0,0
15m,1771489800.0,1.4232,1.4237,1.4147,1.4179,890170.07,0.0,0.0,0
15m,1771490700.0,1.4179,1.4182,1.4152,1.4168,155548.58,0.0,0.0,0
15m,1771491600.0,1.4168,1.42,1.414,1.4195,176761.31,0.0,0.0,0
15m,1771492500.0,1.4195,1.4278,1.4171,1.4246,398644.77,0.0,0.0,0
15m,1771493400.0,1.4246,1.4266,1.4232,1.4238,83771.45,0.0,0.0,0
15m,1771494300.0,1.4238,1.424,1.4144,1.4152,432522.18,0.0,0.0,0
15m,1771495200.0,1.4152,1.4166,1.4095,1.4138,188007.56,0.0,0.0,0
15m,1771496100.0,1.4138,1.4174,1.4138,1.4155,90794.86,0.0,0.0,0
15m,1771497000.0,1.4155,1.4158,1.4109,1.4139,142288.72,0.0,0.0,0
15m,1771497900.0,1.4139,1.4144,1.4076,1.4109,200916.3,0.0,0.0,0
15m,1771498800.0,1.4109,1.4169,1.4099,1.4163,141921.63,0.0,0.0,0
15m,1771499700.0,1.4163,1.4171,1.4128,1.4129,82875.2,0.0,0.0,0
15m,1771500600.0,1.4129,1.414,1.4083,1.4099,154583.35,0.0,0.0,0
15m,1771501500.0,1.4099,1.4114,1.4064,1.4094,282967.72,0.0,0.0,0
15m,1771502400.0,1.4094,1.4144,1.409,1.4117,436644.21,0.0,0.0,0
15m,1771503300.0,1.4117,1.4138,1.4102,1.4129,123373.4,0.0,0.0,0
15m,1771504200.0,1.4129,1.4132,1.4085,1.4088,255847.38,0.0,0.0,0
15m,1771505100.0,1.4088,1.4101,1.4057,1.4079,232076.06,0.0,0.0,0
15m,1771506000.0,1.4079,1.4093,1.4016,1.4076,576594.79,0.0,0.0,0
15m,1771506900.0,1.4076,1.4084,1.3958,1.3974,664891.92,0.0,0.0,0
15m,1771507800.0,1.3974,1.4011,1.3895,1.3907,1165294.19,0.0,0.0,0
15m,1771508700.0,1.3907,1.3953,1.3866,1.392,946578.68,0.0,0.0,0
15m,1771509600.0,1.392,1.3997,1.3919,1.398,618646.21,0.0,0.0,0
15m,1771510500.0,1.398,1.3993,1.392,1.3979,597606.41,0.0,0.0,0
15m,1771511400.0,1.3979,1.4043,1.3897,1.4019,1097948.1,0.0,0.0,0
15m,1771512300.0,1.4019,1.4052,1.3972,1.4008,1009237.01,0.0,0.0,0
15m,1771513200.0,1.4008,1.4099,1.39,1.3912,760137.66,0.0,0.0,0
15m,1771514100.0,1.3912,1.3979,1.3871,1.3882,505995.53,0.0,0.0,0
15m,1771515000.0,1.3882,1.403,1.3863,1.3985,581698.37,0.0,0.0,0
15m,1771515900.0,1.3985,1.4014,1.3912,1.3976,371409.75,0.0,0.0,0
15m,1771516800.0,1.3976,1.3976,1.3819,1.3861,668964.01,0.0,0.0,0
15m,1771517700.0,1.3861,1.3988,1.3857,1.3882,847206.95,0.0,0.0,0
15m,1771518600.0,1.3882,1.3975,1.3882,1.3941,394959.77,0.0,0.0,0
15m,1771519500.0,1.3941,1.3958,1.3889,1.3921,254703.99,0.0,0.0,0
15m,1771520400.0,1.3921,1.4038,1.3912,1.4033,413404.11,0.0,0.0,0
15m,1771521300.0,1.4033,1.4129,1.4011,1.4039,785998.73,0.0,0.0,0
15m,1771522200.0,1.4039,1.4049,1.3987,1.4012,206395.09,0.0,0.0,0
15m,1771523100.0,1.4012,1.4023,1.3909,1.3961,266744.29,0.0,0.0,0
15m,1771524000.0,1.3961,1.4044,1.3942,1.4037,262260.02,0.0,0.0,0
15m,1771524900.0,1.4037,1.4118,1.3994,1.4105,232357.44,0.0,0.0,0
15m,1771525800.0,1.4105,1.4126,1.404,1.4123,176160.64,0.0,0.0,0
15m,1771526700.0,1.4123,1.4141,1.4092,1.4132,248643.19,0.0,0.0,0
15m,1771527600.0,1.4132,1.4187,1.4107,1.4138,321323.25,0.0,0.0,0
15m,1771528500.0,1.4138,1.4143,1.4082,1.4097,225590.18,0.0,0.0,0
15m,1771529400.0,1.4097,1.4108,1.4041,1.4074,211748.18,0.0,0.0,0
15m,1771530300.0,1.4074,1.414,1.4045,1.4124,278901.75,0.0,0.0,0
15m,1771531200.0,1.4124,1.4127,1.4067,1.408,463646.27,0.0,0.0,0
15m,1771532100.0,1.408,1.4081,1.4044,1.4064,303712.24,0.0,0.0,0
15m,1771533000.0,1.4064,1.4092,1.4051,1.4086,114478.59,0.0,0.0,0
15m,1771533900.0,1.4086,1.4148,1.4086,1.4112,225305.89,0.0,0.0,0
15m,1771534800.0,1.4112,1.4123,1.4094,1.4096,293102.28,0.0,0.0,0
15m,1771535700.0,1.4096,1.413,1.4088,1.4124,106106.37,0.0,0.0,0
15m,1771536600.0,1.4124,1.4129,1.4101,1.4102,113392.6,0.0,0.0,0
15m,1771537500.0,1.4102,1.411,1.4073,1.4081,60209.11,0.0,0.0,0
15m,1771538400.0,1.4081,1.411,1.4038,1.4097,214042.36,0.0,0.0,0
15m,1771539300.0,1.4097,1.4097,1.4034,1.4041,141143.83,0.0,0.0,0
15m,1771540200.0,1.4041,1.4041,1.3975,1.3985,170397.19,0.0,0.0,0
15m,1771541100.0,1.3985,1.4031,1.3954,1.4012,119602.97,0.0,0.0,0
15m,1771542000.0,1.4012,1.4041,1.4,1.4018,153415.07,0.0,0.0,0
15m,1771542900.0,1.4018,1.4067,1.4015,1.406,276697.4,0.0,0.0,0
15m,1771543800.0,1.406,1.4083,1.4052,1.4082,224047.57,0.0,0.0,0
15m,1771544700.0,1.4082,1.4095,1.4055,1.4069,132856.47,0.0,0.0,0
15m,1771545600.0,1.4069,1.4133,1.4055,1.4133,184442.68,0.0,0.0,0
15m,1771546500.0,1.4133,1.4219,1.4119,1.4212,347966.74,0.0,0.0,0
15m,1771547400.0,1.4212,1.4212,1.4171,1.4189,388650.79,0.0,0.0,0
15m,1771548300.0,1.4189,1.4194,1.4158,1.4169,87630.03,0.0,0.0,0
15m,1771549200.0,1.4169,1.4205,1.4156,1.4201,123878.3,0.0,0.0,0
15m,1771550100.0,1.4201,1.4205,1.4162,1.4179,202422.62,0.0,0.0,0
15m,1771551000.0,1.4179,1.4241,1.4179,1.423,202857.8,0.0,0.0,0
15m,1771551900.0,1.423,1.4254,1.4183,1.4254,298079.97,0.0,0.0,0
15m,1771552800.0,1.4254,1.4287,1.4207,1.4225,153485.27,0.0,0.0,0
15m,1771553700.0,1.4225,1.4242,1.4203,1.4204,110286.32,0.0,0.0,0
15m,1771554600.0,1.4204,1.4237,1.4203,1.4234,77667.85,0.0,0.0,0
15m,1771555500.0,1.4234,1.4234,1.4177,1.4177,60130.6,0.0,0.0,0
15m,1771556400.0,1.4177,1.4196,1.4158,1.417,157192.58,0.0,0.0,0
15m,1771557300.0,1.417,1.4209,1.4153,1.4194,100348.82,0.0,0.0,0
15m,1771558200.0,1.4194,1.4194,1.4133,1.414,135785.82,0.0,0.0,0
15m,1771559100.0,1.414,1.4143,1.4117,1.413,98506.85,0.0,0.0,0
15m,1771560000.0,1.413,1.4137,1.4078,1.4082,130281.22,0.0,0.0,0
15m,1771560900.0,1.4082,1.4091,1.4006,1.406,146200.27,0.0,0.0,0
15m,1771561800.0,1.406,1.4122,1.4046,1.4122,67932.45,0.0,0.0,0
15m,1771562700.0,1.4122,1.4122,1.409,1.4105,95005.39,0.0,0.0,0
15m,1771563600.0,1.4105,1.4118,1.4079,1.4081,94623.88,0.0,0.0,0
15m,1771564500.0,1.4081,1.4121,1.405,1.4109,223479.26,0.0,0.0,0
15m,1771565400.0,1.4109,1.4244,1.4109,1.4209,439537.33,0.0,0.0,0
15m,1771566300.0,1.4209,1.4238,1.4176,1.4188,310067.65,0.0,0.0,0
15m,1771567200.0,1.4188,1.4201,1.4167,1.4174,105863.94,0.0,0.0,0
15m,1771568100.0,1.4174,1.4214,1.415,1.415,118354.65,0.0,0.0,0
15m,1771569000.0,1.415,1.4201,1.4134,1.4191,110362.08,0.0,0.0,0
15m,1771569900.0,1.4191,1.4218,1.4184,1.4202,184596.75,0.0,0.0,0
15m,1771570800.0,1.4202,1.4208,1.4187,1.4196,43456.19,0.0,0.0,0
15m,1771571700.0,1.4196,1.4222,1.4196,1.4207,141983.41,0.0,0.0,0
15m,1771572600.0,1.4207,1.4221,1.4193,1.4205,103221.21,0.0,0.0,0
15m,1771573500.0,1.4205,1.4237,1.4166,1.4198,165673.99,0.0,0.0,0
15m,1771574400.0,1.4198,1.4209,1.4179,1.42,102290.87,0.0,0.0,0
15m,1771575300.0,1.42,1.4227,1.4165,1.4175,180151.54,0.0,0.0,0
15m,1771576200.0,1.4175,1.4186,1.4139,1.4159,187338.53,0.0,0.0,0
15m,1771577100.0,1.4159,1.4193,1.4148,1.4188,109132.56,0.0,0.0,0
15m,1771578000.0,1.4188,1.428,1.4175,1.4268,645747.66,0.0,0.0,0
15m,1771578900.0,1.4268,1.4288,1.4231,1.4243,159822.17,0.0,0.0,0
15m,1771579800.0,1.4243,1.4248,1.4216,1.4219,63006.95,0.0,0.0,0
15m,1771580700.0,1.4219,1.4238,1.4215,1.4231,84404.19,0.0,0.0,0
15m,1771581600.0,1.4231,1.4273,1.4226,1.4241,274366.31,0.0,0.0,0
15m,1771582500.0,1.4241,1.4279,1.4237,1.4262,296862.35,0.0,0.0,0
15m,1771583400.0,1.4262,1.4276,1.4232,1.4238,187170.32,0.0,0.0,0
15m,1771584300.0,1.4238,1.4242,1.4204,1.421,336673.73,0.0,0.0,0
15m,1771585200.0,1.421,1.4224,1.4166,1.4177,362764.99,0.0,0.0,0
15m,1771586100.0,1.4177,1.418,1.4121,1.4149,287169.74,0.0,0.0,0
15m,1771587000.0,1.4149,1.4155,1.4046,1.4052,483323.68,0.0,0.0,0
15m,1771587900.0,1.4052,1.4085,1.403,1.4058,211389.06,0.0,0.0,0
15m,1771588800.0,1.4058,1.4083,1.4035,1.4081,245351.24,0.0,0.0,0
15m,1771589700.0,1.4081,1.4092,1.4043,1.4054,202555.07,0.0,0.0,0
15m,1771590600.0,1.4054,1.4081,1.4048,1.4048,325894.75,0.0,0.0,0
15m,1771591500.0,1.4048,1.4093,1.403,1.405,337927.52,0.0,0.0,0
15m,1771592400.0,1.405,1.4052,1.395,1.4017,744611.26,0.0,0.0,0
15m,1771593300.0,1.4017,1.403,1.3969,1.4019,236144.0,0.0,0.0,0
15m,1771594200.0,1.4019,1.4023,1.3773,1.3819,1413138.86,0.0,0.0,0
15m,1771595100.0,1.3819,1.3893,1.3801,1.3841,430575.17,0.0,0.0,0
15m,1771596000.0,1.3841,1.3914,1.3836,1.3896,407770.48,0.0,0.0,0
15m,1771596900.0,1.3896,1.4002,1.3887,1.3978,488662.55,0.0,0.0,0
15m,1771597800.0,1.3978,1.4075,1.3951,1.4022,551078.16,0.0,0.0,0
15m,1771598700.0,1.4022,1.4043,1.3983,1.3996,370449.45,0.0,0.0,0
15m,1771599600.0,1.3996,1.4305,1.3996,1.4084,2567902.28,0.0,0.0,0
15m,1771600500.0,1.4084,1.4262,1.4044,1.4224,929496.58,0.0,0.0,0
15m,1771601400.0,1.4224,1.424,1.4092,1.4123,673882.78,0.0,0.0,0
15m,1771602300.0,1.4123,1.4297,1.4112,1.4286,611662.34,0.0,0.0,0
15m,1771603200.0,1.4286,1.4374,1.4267,1.4337,1466564.18,0.0,0.0,0
15m,1771604100.0,1.4337,1.4389,1.4261,1.4293,1604175.98,0.0,0.0,0
15m,1771605000.0,1.4293,1.4319,1.4235,1.4253,617620.88,0.0,0.0,0
15m,1771605900.0,1.4253,1.4366,1.4236,1.4326,630160.1,0.0,0.0,0
15m,1771606800.0,1.4326,1.4326,1.4121,1.4121,716777.96,0.0,0.0,0
15m,1771607700.0,1.4121,1.415,1.4078,1.4142,631115.8,0.0,0.0,0
15m,1771608600.0,1.4142,1.4228,1.4087,1.4203,657933.55,0.0,0.0,0
15m,1771609500.0,1.4203,1.4316,1.4175,1.4298,972294.78,0.0,0.0,0
15m,1771610400.0,1.4298,1.4327,1.4265,1.4293,708315.76,0.0,0.0,0
15m,1771611300.0,1.4293,1.432,1.426,1.429,305736.01,0.0,0.0,0
15m,1771612200.0,1.429,1.439,1.4234,1.4312,691530.29,0.0,0.0,0
15m,1771613100.0,1.4312,1.4355,1.4279,1.4329,296978.05,0.0,0.0,0
15m,1771614000.0,1.4329,1.4351,1.4261,1.4272,404785.97,0.0,0.0,0
15m,1771614900.0,1.4272,1.4299,1.4246,1.4263,201061.03,0.0,0.0,0
15m,1771615800.0,1.4263,1.4308,1.422,1.4237,229841.37,0.0,0.0,0
15m,1771616700.0,1.4237,1.4246,1.4211,1.4237,190824.95,0.0,0.0,0
15m,1771617600.0,1.4237,1.4296,1.4228,1.4282,193001.06,0.0,0.0,0
15m,1771618500.0,1.4282,1.4282,1.4181,1.4187,214340.96,0.0,0.0,0
15m,1771619400.0,1.4187,1.423,1.4146,1.4224,222623.26,0.0,0.0,0
15m,1771620300.0,1.4224,1.4239,1.4168,1.42,238490.56,0.0,0.0,0
15m,1771621200.0,1.42,1.4222,1.4177,1.4195,310709.2,0.0,0.0,0
15m,1771622100.0,1.4195,1.421,1.4181,1.4204,60644.93,0.0,0.0,0
15m,1771623000.0,1.4204,1.4256,1.4188,1.4236,69682.15,0.0,0.0,0
15m,1771623900.0,1.4236,1.4236,1.4199,1.4219,208707.72,0.0,0.0,0
15m,1771624800.0,1.4219,1.4221,1.4176,1.4191,139549.56,0.0,0.0,0
15m,1771625700.0,1.4191,1.4292,1.4187,1.4265,234873.1,0.0,0.0,0
15m,1771626600.0,1.4265,1.4296,1.423,1.4235,127772.18,0.0,0.0,0
15m,1771627500.0,1.4235,1.4302,1.4233,1.4301,241790.65,0.0,0.0,0
15m,1771628400.0,1.4301,1.4316,1.4256,1.4259,212982.05,0.0,0.0,0
15m,1771629300.0,1.4259,1.4297,1.4238,1.4294,101132.87,0.0,0.0,0
15m,1771630200.0,1.4294,1.4298,1.4259,1.4269,178588.71,0.0,0.0,0
15m,1771631100.0,1.4269,1.4305,1.4267,1.4294,170805.46,0.0,0.0,0
15m,1771632000.0,1.4294,1.4295,1.4248,1.4255,145750.79,0.0,0.0,0
15m,1771632900.0,1.4255,1.4263,1.4239,1.4247,156423.45,0.0,0.0,0
15m,1771633800.0,1.4247,1.4247,1.4203,1.4204,168319.68,0.0,0.0,0
15m,1771634700.0,1.4204,1.4228,1.4197,1.4228,81867.46,0.0,0.0,0
15m,1771635600.0,1.4228,1.4278,1.4228,1.4278,94420.52,0.0,0.0,0
15m,1771636500.0,1.4278,1.4283,1.4248,1.4259,45951.69,0.0,0.0,0
15m,1771637400.0,1.4259,1.4316,1.4253,1.4311,135805.94,0.0,0.0,0
15m,1771638300.0,1.4311,1.4329,1.4296,1.4307,72804.72,0.0,0.0,0
15m,1771639200.0,1.4307,1.432,1.4284,1.4304,110212.33,0.0,0.0,0
15m,1771640100.0,1.4304,1.4333,1.4297,1.4318,78769.52,0.0,0.0,0
15m,1771641000.0,1.4318,1.4334,1.4316,1.4333,74936.34,0.0,0.0,0
15m,1771641900.0,1.4333,1.4335,1.4301,1.4306,88931.03,0.0,0.0,0
15m,1771642800.0,1.4306,1.4308,1.4245,1.427,173709.3,0.0,0.0,0
15m,1771643700.0,1.427,1.43,1.4266,1.4294,87995.48,0.0,0.0,0
15m,1771644600.0,1.4294,1.4307,1.4235,1.4243,166173.54,0.0,0.0,0
15m,1771645500.0,1.4243,1.4256,1.4238,1.4256,70832.56,0.0,0.0,0
15m,1771646400.0,1.4256,1.4274,1.4245,1.4267,151383.03,0.0,0.0,0
15m,1771647300.0,1.4267,1.4277,1.4247,1.4269,47031.28,0.0,0.0,0
15m,1771648200.0,1.4269,1.4296,1.4267,1.4269,68249.88,0.0,0.0,0
15m,1771649100.0,1.4269,1.4289,1.426,1.4285,120864.47,0.0,0.0,0
15m,1771650000.0,1.4285,1.4294,1.4275,1.4277,59614.11,0.0,0.0,0
15m,1771650900.0,1.4277,1.4301,1.4277,1.43,179103.05,0.0,0.0,0
15m,1771651800.0,1.43,1.4315,1.429,1.4291,92937.26,0.0,0.0,0
15m,1771652700.0,1.4291,1.4291,1.4269,1.4279,178251.16,0.0,0.0,0
15m,1771653600.0,1.4279,1.4353,1.4279,1.435,237230.94,0.0,0.0,0
15m,1771654500.0,1.435,1.4354,1.4304,1.4315,343863.76,0.0,0.0,0
15m,1771655400.0,1.4315,1.4315,1.428,1.4293,112644.77,0.0,0.0,0
15m,1771656300.0,1.4293,1.4303,1.4281,1.4294,44969.19,0.0,0.0,0
15m,1771657200.0,1.4294,1.431,1.428,1.4309,51980.71,0.0,0.0,0
15m,1771658100.0,1.4309,1.4318,1.4298,1.4304,44229.32,0.0,0.0,0
15m,1771659000.0,1.4304,1.4327,1.4301,1.4313,81763.92,0.0,0.0,0
15m,1771659900.0,1.4313,1.4321,1.4308,1.4311,53305.99,0.0,0.0,0
15m,1771660800.0,1.4311,1.4311,1.4275,1.4282,104819.29,0.0,0.0,0
15m,1771661700.0,1.4282,1.4314,1.428,1.4304,272783.78,0.0,0.0,0
15m,1771662600.0,1.4304,1.4333,1.4297,1.433,63160.56,0.0,0.0,0
15m,1771663500.0,1.433,1.4353,1.4313,1.4339,148716.04,0.0,0.0,0
15m,1771664400.0,1.4339,1.4352,1.4321,1.4334,179295.35,0.0,0.0,0
15m,1771665300.0,1.4334,1.4433,1.4333,1.4426,409461.09,0.0,0.0,0
15m,1771666200.0,1.4426,1.4461,1.4414,1.4418,408522.09,0.0,0.0,0
15m,1771667100.0,1.4418,1.4427,1.439,1.4394,90496.27,0.0,0.0,0
15m,1771668000.0,1.4394,1.4408,1.437,1.4378,86928.21,0.0,0.0,0
15m,1771668900.0,1.4378,1.4421,1.4369,1.4409,143397.07,0.0,0.0,0
15m,1771669800.0,1.4409,1.4426,1.4399,1.4417,92835.09,0.0,0.0,0
15m,1771670700.0,1.4417,1.4417,1.4391,1.4398,49020.63,0.0,0.0,0
15m,1771671600.0,1.4398,1.4432,1.4387,1.4415,174461.44,0.0,0.0,0
15m,1771672500.0,1.4415,1.445,1.4401,1.4436,144606.83,0.0,0.0,0
15m,1771673400.0,1.4436,1.4454,1.4404,1.4448,184769.59,0.0,0.0,0
15m,1771674300.0,1.4448,1.4459,1.4425,1.4439,148719.36,0.0,0.0,0
15m,1771675200.0,1.4439,1.4453,1.4398,1.4401,130053.33,0.0,0.0,0
15m,1771676100.0,1.4401,1.4411,1.4376,1.4376,304848.38,0.0,0.0,0
15m,1771677000.0,1.4376,1.4383,1.436,1.4376,97689.2,0.0,0.0,0
15m,1771677900.0,1.4376,1.4411,1.4376,1.4401,106404.84,0.0,0.0,0
15m,1771678800.0,1.4401,1.4414,1.4394,1.4406,58774.27,0.0,0.0,0
15m,1771679700.0,1.4406,1.4433,1.4389,1.4392,161086.96,0.0,0.0,0
15m,1771680600.0,1.4392,1.4417,1.4371,1.4387,67754.99,0.0,0.0,0
15m,1771681500.0,1.4387,1.4481,1.4387,1.4478,149816.67,0.0,0.0,0
15m,1771682400.0,1.4478,1.4491,1.4448,1.4477,200192.26,0.0,0.0,0
15m,1771683300.0,1.4477,1.4603,1.4463,1.457,772319.03,0.0,0.0,0
15m,1771684200.0,1.457,1.4644,1.4561,1.4594,367045.19,0.0,0.0,0
15m,1771685100.0,1.4594,1.4637,1.4547,1.4554,165640.57,0.0,0.0,0
15m,1771686000.0,1.4554,1.4574,1.4518,1.4546,256513.57,0.0,0.0,0
15m,1771686900.0,1.4546,1.4552,1.4487,1.4488,169572.53,0.0,0.0,0
15m,1771687800.0,1.4488,1.4568,1.4469,1.456,150415.46,0.0,0.0,0
15m,1771688700.0,1.456,1.4569,1.4503,1.4503,160510.0,0.0,0.0,0
15m,1771689600.0,1.4503,1.4522,1.4439,1.4468,303710.73,0.0,0.0,0
15m,1771690500.0,1.4468,1.4475,1.4386,1.4433,243614.34,0.0,0.0,0
15m,1771691400.0,1.4433,1.4437,1.4397,1.4423,185964.25,0.0,0.0,0
15m,1771692300.0,1.4423,1.444,1.4411,1.4416,89708.55,0.0,0.0,0
15m,1771693200.0,1.4416,1.4431,1.4378,1.4408,106769.17,0.0,0.0,0
15m,1771694100.0,1.4408,1.4413,1.4369,1.4382,71506.07,0.0,0.0,0
15m,1771695000.0,1.4382,1.4426,1.4364,1.4417,100248.22,0.0,0.0,0
15m,1771695900.0,1.4417,1.443,1.4406,1.4422,78024.73,0.0,0.0,0
15m,1771696800.0,1.4422,1.4448,1.4417,1.4431,201342.92,0.0,0.0,0
15m,1771697700.0,1.4431,1.4469,1.4431,1.4446,127077.18,0.0,0.0,0
15m,1771698600.0,1.4446,1.4484,1.4442,1.4484,60526.03,0.0,0.0,0
15m,1771699500.0,1.4484,1.4497,1.4472,1.4479,179104.15,0.0,0.0,0
15m,1771700400.0,1.4479,1.4481,1.4435,1.4449,57394.02,0.0,0.0,0
15m,1771701300.0,1.4449,1.4454,1.4425,1.4443,53263.8,0.0,0.0,0
15m,1771702200.0,1.4443,1.4488,1.4425,1.4458,52298.79,0.0,0.0,0
15m,1771703100.0,1.4458,1.4462,1.4427,1.4433,86688.67,0.0,0.0,0
15m,1771704000.0,1.4433,1.444,1.4404,1.4413,69495.46,0.0,0.0,0
15m,1771704900.0,1.4413,1.4435,1.4407,1.4429,122636.5,0.0,0.0,0
15m,1771705800.0,1.4429,1.4435,1.4348,1.4379,156980.54,0.0,0.0,0
15m,1771706700.0,1.4379,1.4412,1.436,1.4376,188917.82,0.0,0.0,0
15m,1771707600.0,1.4376,1.4389,1.4355,1.4387,110156.47,0.0,0.0,0
15m,1771708500.0,1.4387,1.4409,1.438,1.4402,27257.94,0.0,0.0,0
15m,1771709400.0,1.4402,1.4419,1.4392,1.4393,36336.21,0.0,0.0,0
15m,1771710300.0,1.4393,1.4416,1.439,1.4412,31328.78,0.0,0.0,0
15m,1771711200.0,1.4412,1.4433,1.4374,1.442,390597.57,0.0,0.0,0
15m,1771712100.0,1.442,1.442,1.4377,1.4378,52179.26,0.0,0.0,0
15m,1771713000.0,1.4378,1.4384,1.4318,1.4335,129991.32,0.0,0.0,0
15m,1771713900.0,1.4335,1.4367,1.4316,1.4327,160816.3,0.0,0.0,0
15m,1771714800.0,1.4327,1.4357,1.4301,1.4309,135300.09,0.0,0.0,0
15m,1771715700.0,1.4309,1.435,1.4303,1.4343,49772.61,0.0,0.0,0
15m,1771716600.0,1.4343,1.4349,1.4328,1.4329,60506.74,0.0,0.0,0
15m,1771717500.0,1.4329,1.4338,1.4305,1.4305,50983.06,0.0,0.0,0
15m,1771718400.0,1.4305,1.4339,1.4291,1.4297,70744.37,0.0,0.0,0
15m,1771719300.0,1.4297,1.4329,1.4265,1.43,158643.1,0.0,0.0,0
15m,1771720200.0,1.43,1.4305,1.4266,1.4271,61701.98,0.0,0.0,0
15m,1771721100.0,1.4271,1.4294,1.4244,1.4275,63689.43,0.0,0.0,0
15m,1771722000.0,1.4275,1.4312,1.4274,1.4279,98565.98,0.0,0.0,0
15m,1771722900.0,1.4279,1.4313,1.4279,1.4308,79432.23,0.0,0.0,0
15m,1771723800.0,1.4308,1.4324,1.4292,1.4317,43927.99,0.0,0.0,0
15m,1771724700.0,1.4317,1.433,1.4309,1.4328,60555.4,0.0,0.0,0
15m,1771725600.0,1.4328,1.433,1.4294,1.4326,69669.85,0.0,0.0,0
15m,1771726500.0,1.4326,1.4326,1.4263,1.4265,108482.39,0.0,0.0,0
15m,1771727400.0,1.4265,1.4296,1.4252,1.4268,76162.09,0.0,0.0,0
15m,1771728300.0,1.4268,1.4274,1.4222,1.4239,113444.4,0.0,0.0,0
15m,1771729200.0,1.4239,1.4277,1.4235,1.4248,49163.31,0.0,0.0,0
15m,1771730100.0,1.4248,1.4258,1.4183,1.4217,201967.51,0.0,0.0,0
15m,1771731000.0,1.4217,1.4236,1.4202,1.4225,42702.77,0.0,0.0,0
15m,1771731900.0,1.4225,1.4244,1.4214,1.4237,116742.7,0.0,0.0,0
15m,1771732800.0,1.4237,1.4258,1.4225,1.4257,55210.52,0.0,0.0,0
15m,1771733700.0,1.4257,1.4257,1.4232,1.4244,47768.2,0.0,0.0,0
15m,1771734600.0,1.4244,1.4256,1.4217,1.4228,35904.28,0.0,0.0,0
15m,1771735500.0,1.4228,1.4233,1.4218,1.4228,31252.62,0.0,0.0,0
15m,1771736400.0,1.4228,1.4229,1.4184,1.4197,119609.04,0.0,0.0,0
15m,1771737300.0,1.4197,1.4221,1.4194,1.4215,53361.26,0.0,0.0,0
15m,1771738200.0,1.4215,1.4222,1.4198,1.4207,53410.12,0.0,0.0,0
15m,1771739100.0,1.4207,1.4209,1.4173,1.4209,98397.0,0.0,0.0,0
15m,1771740000.0,1.4209,1.4236,1.4185,1.4201,106097.12,0.0,0.0,0
15m,1771740900.0,1.4201,1.4225,1.4184,1.4213,208137.29,0.0,0.0,0
15m,1771741800.0,1.4213,1.4247,1.42,1.4226,83041.04,0.0,0.0,0
15m,1771742700.0,1.4226,1.4241,1.4224,1.4232,22551.03,0.0,0.0,0
15m,1771743600.0,1.4232,1.4233,1.4195,1.4209,77943.9,0.0,0.0,0
15m,1771744500.0,1.4209,1.4226,1.4192,1.4223,74368.35,0.0,0.0,0
15m,1771745400.0,1.4223,1.4229,1.4206,1.4222,53110.66,0.0,0.0,0
15m,1771746300.0,1.4222,1.424,1.4206,1.4213,107177.1,0.0,0.0,0
15m,1771747200.0,1.4213,1.4232,1.4202,1.423,65123.43,0.0,0.0,0
15m,1771748100.0,1.423,1.4236,1.4188,1.4196,45561.88,0.0,0.0,0
15m,1771749000.0,1.4196,1.4202,1.4169,1.4192,48517.58,0.0,0.0,0
15m,1771749900.0,1.4192,1.4201,1.4178,1.4181,74897.01,0.0,0.0,0
15m,1771750800.0,1.4181,1.4207,1.4174,1.42,69323.8,0.0,0.0,0
15m,1771751700.0,1.42,1.4219,1.42,1.4204,37659.82,0.0,0.0,0
15m,1771752600.0,1.4204,1.4213,1.4196,1.4213,55101.0,0.0,0.0,0
15m,1771753500.0,1.4213,1.4224,1.4207,1.4208,41007.28,0.0,0.0,0
15m,1771754400.0,1.4208,1.4244,1.4193,1.4235,63117.47,0.0,0.0,0
15m,1771755300.0,1.4235,1.4262,1.4229,1.4242,72896.66,0.0,0.0,0
15m,1771756200.0,1.4242,1.4261,1.4231,1.4232,121083.2,0.0,0.0,0
15m,1771757100.0,1.4232,1.4233,1.4206,1.4213,71760.02,0.0,0.0,0
15m,1771758000.0,1.4213,1.4247,1.4206,1.4235,102243.57,0.0,0.0,0
15m,1771758900.0,1.4235,1.4242,1.4216,1.4224,48397.23,0.0,0.0,0
15m,1771759800.0,1.4224,1.4249,1.4219,1.4231,63124.19,0.0,0.0,0
15m,1771760700.0,1.4231,1.4244,1.4227,1.4236,25680.47,0.0,0.0,0
15m,1771761600.0,1.4236,1.4238,1.4127,1.413,259347.26,0.0,0.0,0
15m,1771762500.0,1.413,1.4156,1.4104,1.4147,205460.17,0.0,0.0,0
15m,1771763400.0,1.4147,1.415,1.4086,1.4088,162235.9,0.0,0.0,0
15m,1771764300.0,1.4088,1.4104,1.4071,1.4091,166228.1,0.0,0.0,0
15m,1771765200.0,1.4091,1.4111,1.4049,1.4095,181804.83,0.0,0.0,0
15m,1771766100.0,1.4095,1.4106,1.4066,1.4071,78581.94,0.0,0.0,0
15m,1771767000.0,1.4071,1.4083,1.3977,1.3994,584940.36,0.0,0.0,0
15m,1771767900.0,1.3994,1.4005,1.3977,1.4,386677.78,0.0,0.0,0
15m,1771768800.0,1.4,1.4026,1.3947,1.4002,304203.53,0.0,0.0,0
15m,1771769700.0,1.4002,1.4012,1.3978,1.399,86250.79,0.0,0.0,0
15m,1771770600.0,1.399,1.4009,1.3955,1.3963,107419.83,0.0,0.0,0
15m,1771771500.0,1.3963,1.3983,1.3944,1.3971,235636.38,0.0,0.0,0
15m,1771772400.0,1.3971,1.3973,1.3901,1.3911,269997.01,0.0,0.0,0
15m,1771773300.0,1.3911,1.3932,1.3859,1.3917,272897.82,0.0,0.0,0
15m,1771774200.0,1.3917,1.3964,1.3899,1.3941,453319.13,0.0,0.0,0
15m,1771775100.0,1.3941,1.395,1.3929,1.3934,81231.64,0.0,0.0,0
15m,1771776000.0,1.3934,1.395,1.3913,1.3931,141835.52,0.0,0.0,0
15m,1771776900.0,1.3931,1.3935,1.3879,1.3889,97917.19,0.0,0.0,0
15m,1771777800.0,1.3889,1.3899,1.3882,1.3893,80571.04,0.0,0.0,0
15m,1771778700.0,1.3893,1.3938,1.3893,1.3927,184746.75,0.0,0.0,0
15m,1771779600.0,1.3927,1.3928,1.3873,1.3879,108347.84,0.0,0.0,0
15m,1771780500.0,1.3879,1.39,1.3875,1.3891,150113.23,0.0,0.0,0
15m,1771781400.0,1.3891,1.3897,1.3834,1.3874,389106.12,0.0,0.0,0
15m,1771782300.0,1.3874,1.3889,1.386,1.3882,89474.46,0.0,0.0,0
15m,1771783200.0,1.3882,1.3894,1.387,1.3893,86200.31,0.0,0.0,0
15m,1771784100.0,1.3893,1.3919,1.3891,1.3895,66890.99,0.0,0.0,0
15m,1771785000.0,1.3895,1.3903,1.3878,1.39,19583.33,0.0,0.0,0
15m,1771785900.0,1.39,1.3915,1.39,1.3902,29621.6,0.0,0.0,0
15m,1771786800.0,1.3902,1.3908,1.3854,1.386,105314.63,0.0,0.0,0
15m,1771787700.0,1.386,1.3878,1.3853,1.3874,155603.99,0.0,0.0,0
15m,1771788600.0,1.3874,1.3902,1.3868,1.3887,54394.68,0.0,0.0,0
15m,1771789500.0,1.3887,1.3891,1.3862,1.3867,71693.64,0.0,0.0,0
15m,1771790400.0,1.3867,1.3869,1.38,1.3813,556193.23,0.0,0.0,0
15m,1771791300.0,1.3813,1.3867,1.3813,1.3867,171812.26,0.0,0.0,0
15m,1771792200.0,1.3867,1.387,1.3832,1.384,111424.89,0.0,0.0,0
15m,1771793100.0,1.384,1.3861,1.3816,1.3832,90760.05,0.0,0.0,0
15m,1771794000.0,1.3832,1.3881,1.3832,1.3871,77073.32,0.0,0.0,0
15m,1771794900.0,1.3871,1.3882,1.3839,1.3845,86831.84,0.0,0.0,0
15m,1771795800.0,1.3845,1.3911,1.384,1.3906,150095.52,0.0,0.0,0
15m,1771796700.0,1.3906,1.3922,1.3901,1.3914,153763.9,0.0,0.0,0
15m,1771797600.0,1.3914,1.3937,1.3895,1.3919,229273.18,0.0,0.0,0
15m,1771798500.0,1.3919,1.3992,1.3917,1.3968,452455.08,0.0,0.0,0
15m,1771799400.0,1.3968,1.4003,1.3946,1.3994,135819.21,0.0,0.0,0
15m,1771800300.0,1.3994,1.4019,1.3988,1.4011,129630.38,0.0,0.0,0
15m,1771801200.0,1.4011,1.4012,1.3937,1.3939,158590.88,0.0,0.0,0
15m,1771802100.0,1.3939,1.3951,1.3897,1.3935,242697.93,0.0,0.0,0
15m,1771803000.0,1.3935,1.394,1.3894,1.3901,62872.57,0.0,0.0,0
15m,1771803900.0,1.3901,1.3957,1.3882,1.3931,80324.43,0.0,0.0,0
15m,1771804800.0,1.3931,1.3947,1.3914,1.3916,110722.48,0.0,0.0,0
15m,1771805700.0,1.3916,1.3917,1.3819,1.3855,339044.08,0.0,0.0,0
15m,1771806600.0,1.3855,1.3858,1.3728,1.3731,525932.07,0.0,0.0,0
15m,1771807500.0,1.3731,1.3752,1.3638,1.3648,594785.57,0.0,0.0,0
15m,1771808400.0,1.3648,1.3662,1.3452,1.348,3032417.94,0.0,0.0,0
15m,1771809300.0,1.348,1.3485,1.3302,1.3369,1535917.12,0.0,0.0,0
15m,1771810200.0,1.3369,1.3481,1.3348,1.3451,763085.52,0.0,0.0,0
15m,1771811100.0,1.3451,1.3457,1.3307,1.3325,1485706.38,0.0,0.0,0
15m,1771812000.0,1.3325,1.3438,1.332,1.3397,729131.61,0.0,0.0,0
15m,1771812900.0,1.3397,1.3409,1.333,1.3372,363858.34,0.0,0.0,0
15m,1771813800.0,1.3372,1.3424,1.3369,1.3415,359893.43,0.0,0.0,0
15m,1771814700.0,1.3415,1.3434,1.3402,1.3423,295388.04,0.0,0.0,0
15m,1771815600.0,1.3423,1.3529,1.3418,1.3477,673474.29,0.0,0.0,0
15m,1771816500.0,1.3477,1.3484,1.339,1.341,499502.71,0.0,0.0,0
15m,1771817400.0,1.341,1.3469,1.341,1.3461,273298.09,0.0,0.0,0
15m,1771818300.0,1.3461,1.3463,1.3405,1.3412,254994.82,0.0,0.0,0
15m,1771819200.0,1.3412,1.3422,1.3369,1.3408,517593.36,0.0,0.0,0
15m,1771820100.0,1.3408,1.3408,1.3364,1.3394,128038.35,0.0,0.0,0
15m,1771821000.0,1.3394,1.341,1.3358,1.3367,91475.08,0.0,0.0,0
15m,1771821900.0,1.3367,1.3393,1.3367,1.3386,102472.88,0.0,0.0,0
15m,1771822800.0,1.3386,1.3451,1.3386,1.3425,265784.43,0.0,0.0,0
15m,1771823700.0,1.3425,1.3489,1.342,1.3423,867940.65,0.0,0.0,0
15m,1771824600.0,1.3423,1.3461,1.3423,1.3439,170089.95,0.0,0.0,0
15m,1771825500.0,1.3439,1.3456,1.3406,1.3432,134674.14,0.0,0.0,0
15m,1771826400.0,1.3432,1.3578,1.3422,1.3569,614989.3,0.0,0.0,0
15m,1771827300.0,1.3569,1.3579,1.3531,1.3537,255468.6,0.0,0.0,0
15m,1771828200.0,1.3537,1.3651,1.3532,1.363,380391.76,0.0,0.0,0
15m,1771829100.0,1.363,1.3693,1.3628,1.3682,320177.14,0.0,0.0,0
15m,1771830000.0,1.3682,1.3739,1.3676,1.3721,266901.52,0.0,0.0,0
15m,1771830900.0,1.3721,1.3722,1.3673,1.3688,162043.06,0.0,0.0,0
15m,1771831800.0,1.3688,1.3782,1.3675,1.3765,297286.44,0.0,0.0,0
15m,1771832700.0,1.3765,1.377,1.371,1.3713,271656.04,0.0,0.0,0
15m,1771833600.0,1.3713,1.3726,1.3687,1.3722,249765.63,0.0,0.0,0
15m,1771834500.0,1.3722,1.3732,1.3653,1.3657,237408.79,0.0,0.0,0
15m,1771835400.0,1.3657,1.3686,1.3622,1.3627,323211.48,0.0,0.0,0
15m,1771836300.0,1.3627,1.3669,1.3621,1.366,322517.52,0.0,0.0,0
15m,1771837200.0,1.366,1.3713,1.3656,1.3688,430066.86,0.0,0.0,0
15m,1771838100.0,1.3688,1.3765,1.3658,1.3762,353609.27,0.0,0.0,0
15m,1771839000.0,1.3762,1.3954,1.375,1.3885,1023478.5,0.0,0.0,0
15m,1771839900.0,1.3885,1.3963,1.3884,1.3914,645727.59,0.0,0.0,0
15m,1771840800.0,1.3914,1.3973,1.3872,1.3893,403032.08,0.0,0.0,0
15m,1771841700.0,1.3893,1.3974,1.3882,1.3953,253503.33,0.0,0.0,0
15m,1771842600.0,1.3953,1.3974,1.3908,1.3944,425643.31,0.0,0.0,0
15m,1771843500.0,1.3944,1.3965,1.3911,1.3926,385505.41,0.0,0.0,0
15m,1771844400.0,1.3926,1.3956,1.3915,1.3948,202797.28,0.0,0.0,0
15m,1771845300.0,1.3948,1.406,1.3941,1.3997,575265.94,0.0,0.0,0
15m,1771846200.0,1.3997,1.4033,1.3978,1.3998,289349.92,0.0,0.0,0
15m,1771847100.0,1.3998,1.4002,1.3947,1.3967,399940.17,0.0,0.0,0
15m,1771848000.0,1.3967,1.4055,1.3954,1.4038,349154.75,0.0,0.0,0
15m,1771848900.0,1.4038,1.4066,1.4014,1.4029,434875.53,0.0,0.0,0
15m,1771849800.0,1.4029,1.425,1.4011,1.4184,1177193.69,0.0,0.0,0
15m,1771850700.0,1.4184,1.4229,1.4124,1.4126,580301.3,0.0,0.0,0
15m,1771851600.0,1.4126,1.4154,1.4082,1.4091,555095.76,0.0,0.0,0
15m,1771852500.0,1.4091,1.4102,1.4072,1.41,220162.55,0.0,0.0,0
15m,1771853400.0,1.41,1.4124,1.4021,1.4076,424049.89,0.0,0.0,0
15m,1771854300.0,1.4076,1.4078,1.3948,1.3959,478775.64,0.0,0.0,0
15m,1771855200.0,1.3959,1.399,1.3909,1.3981,730888.07,0.0,0.0,0
15m,1771856100.0,1.3981,1.3984,1.3842,1.3842,530801.65,0.0,0.0,0
15m,1771857000.0,1.3842,1.393,1.3705,1.3799,1637906.23,0.0,0.0,0
15m,1771857900.0,1.3799,1.3899,1.3751,1.3837,646387.32,0.0,0.0,0
15m,1771858800.0,1.3837,1.3903,1.3783,1.3834,596258.8,0.0,0.0,0
15m,1771859700.0,1.3834,1.3906,1.3757,1.3769,499558.65,0.0,0.0,0
15m,1771860600.0,1.3769,1.382,1.3696,1.3737,677980.16,0.0,0.0,0
15m,1771861500.0,1.3737,1.3763,1.3674,1.3708,336445.32,0.0,0.0,0
15m,1771862400.0,1.3708,1.3722,1.3616,1.3632,565456.7,0.0,0.0,0
15m,1771863300.0,1.3632,1.3784,1.3632,1.3782,594776.6,0.0,0.0,0
15m,1771864200.0,1.3782,1.3783,1.3667,1.3698,316193.87,0.0,0.0,0
15m,1771865100.0,1.3698,1.3704,1.3637,1.3664,242326.73,0.0,0.0,0
15m,1771866000.0,1.3664,1.37,1.3602,1.3616,350182.73,0.0,0.0,0
15m,1771866900.0,1.3616,1.3643,1.3556,1.3565,677582.64,0.0,0.0,0
15m,1771867800.0,1.3565,1.3607,1.3502,1.356,422016.8,0.0,0.0,0
15m,1771868700.0,1.356,1.3647,1.3484,1.3645,478072.35,0.0,0.0,0
15m,1771869600.0,1.3645,1.3716,1.3611,1.367,637376.5,0.0,0.0,0
15m,1771870500.0,1.367,1.3683,1.3617,1.3646,169824.84,0.0,0.0,0
15m,1771871400.0,1.3646,1.3759,1.3627,1.3699,217364.23,0.0,0.0,0
15m,1771872300.0,1.3699,1.3711,1.3631,1.3653,139919.94,0.0,0.0,0
15m,1771873200.0,1.3653,1.3667,1.3612,1.3615,115680.84,0.0,0.0,0
15m,1771874100.0,1.3615,1.362,1.3558,1.3584,122788.86,0.0,0.0,0
15m,1771875000.0,1.3584,1.3635,1.3559,1.3625,198363.48,0.0,0.0,0
15m,1771875900.0,1.3625,1.3643,1.3556,1.3572,112092.57,0.0,0.0,0
15m,1771876800.0,1.3572,1.3597,1.3525,1.3529,153979.73,0.0,0.0,0
15m,1771877700.0,1.3529,1.3562,1.3501,1.3517,180931.07,0.0,0.0,0
15m,1771878600.0,1.3517,1.3582,1.3513,1.3553,152379.86,0.0,0.0,0
15m,1771879500.0,1.3553,1.3577,1.353,1.3553,125789.95,0.0,0.0,0
15m,1771880400.0,1.3553,1.3571,1.3503,1.3562,165587.15,0.0,0.0,0
15m,1771881300.0,1.3562,1.361,1.3546,1.3574,88937.31,0.0,0.0,0
15m,1771882200.0,1.3574,1.3625,1.3545,1.3586,101575.85,0.0,0.0,0
15m,1771883100.0,1.3586,1.3636,1.3579,1.3618,126349.96,0.0,0.0,0
15m,1771884000.0,1.3618,1.3673,1.3599,1.3653,328799.12,0.0,0.0,0
15m,1771884900.0,1.3653,1.3663,1.3631,1.3633,186293.77,0.0,0.0,0
15m,1771885800.0,1.3633,1.3645,1.3609,1.3614,114848.75,0.0,0.0,0
15m,1771886700.0,1.3614,1.3619,1.3551,1.3562,783857.05,0.0,0.0,0
15m,1771887600.0,1.3562,1.3595,1.3553,1.3579,203552.69,0.0,0.0,0
15m,1771888500.0,1.3579,1.3584,1.3548,1.3557,108197.34,0.0,0.0,0
15m,1771889400.0,1.3557,1.3584,1.3528,1.3529,340541.56,0.0,0.0,0
15m,1771890300.0,1.3529,1.3551,1.3505,1.3521,222411.86,0.0,0.0,0
15m,1771891200.0,1.3521,1.3575,1.3519,1.3563,261648.91,0.0,0.0,0
15m,1771892100.0,1.3563,1.3582,1.3541,1.3551,164236.9,0.0,0.0,0
15m,1771893000.0,1.3551,1.3578,1.3536,1.3557,146229.84,0.0,0.0,0
15m,1771893900.0,1.3557,1.3582,1.3546,1.3571,149887.27,0.0,0.0,0
15m,1771894800.0,1.3571,1.3571,1.3425,1.3451,561078.25,0.0,0.0,0
15m,1771895700.0,1.3451,1.3567,1.3273,1.3562,2275702.21,0.0,0.0,0
15m,1771896600.0,1.3562,1.3625,1.3483,1.3518,442763.09,0.0,0.0,0
15m,1771897500.0,1.3518,1.3559,1.3475,1.3506,468662.71,0.0,0.0,0
15m,1771898400.0,1.3506,1.3515,1.344,1.348,312251.04,0.0,0.0,0
15m,1771899300.0,1.348,1.3512,1.3432,1.3512,239727.17,0.0,0.0,0
15m,1771900200.0,1.3512,1.3581,1.3465,1.3475,458689.5,0.0,0.0,0
15m,1771901100.0,1.3475,1.3491,1.345,1.3481,375962.06,0.0,0.0,0
15m,1771902000.0,1.3481,1.3481,1.3355,1.339,592386.14,0.0,0.0,0
15m,1771902900.0,1.339,1.3418,1.3309,1.331,454434.3,0.0,0.0,0
15m,1771903800.0,1.331,1.3343,1.3284,1.3321,319401.66,0.0,0.0,0
15m,1771904700.0,1.3321,1.3356,1.3279,1.3324,295752.8,0.0,0.0,0
15m,1771905600.0,1.3324,1.3353,1.3248,1.3251,542628.79,0.0,0.0,0
15m,1771906500.0,1.3251,1.3349,1.3219,1.3309,507519.61,0.0,0.0,0
15m,1771907400.0,1.3309,1.3309,1.3246,1.3297,310739.3,0.0,0.0,0
15m,1771908300.0,1.3297,1.3326,1.3286,1.3318,195214.89,0.0,0.0,0
15m,1771909200.0,1.3318,1.3428,1.3305,1.3402,417994.78,0.0,0.0,0
15m,1771910100.0,1.3402,1.3402,1.326,1.3289,438762.49,0.0,0.0,0
15m,1771911000.0,1.3289,1.3319,1.326,1.3272,346402.08,0.0,0.0,0
15m,1771911900.0,1.3272,1.3318,1.3254,1.3316,271663.16,0.0,0.0,0
15m,1771912800.0,1.3316,1.3328,1.3262,1.3285,257283.94,0.0,0.0,0
15m,1771913700.0,1.3285,1.335,1.3277,1.334,133111.21,0.0,0.0,0
15m,1771914600.0,1.334,1.3374,1.3322,1.3338,143181.87,0.0,0.0,0
15m,1771915500.0,1.3338,1.3338,1.3278,1.3296,181476.95,0.0,0.0,0
15m,1771916400.0,1.3296,1.3314,1.3238,1.3307,227069.38,0.0,0.0,0
15m,1771917300.0,1.3307,1.3313,1.325,1.3292,172541.15,0.0,0.0,0
15m,1771918200.0,1.3292,1.3303,1.3241,1.3249,108147.26,0.0,0.0,0
15m,1771919100.0,1.3249,1.3267,1.3226,1.3267,131740.95,0.0,0.0,0
15m,1771920000.0,1.3267,1.3278,1.3223,1.3264,238811.54,0.0,0.0,0
15m,1771920900.0,1.3264,1.3325,1.3239,1.3306,231705.65,0.0,0.0,0
15m,1771921800.0,1.3306,1.3354,1.3301,1.3329,196978.68,0.0,0.0,0
15m,1771922700.0,1.3329,1.3353,1.3317,1.3324,158255.26,0.0,0.0,0
15m,1771923600.0,1.3324,1.3346,1.328,1.3297,281649.91,0.0,0.0,0
15m,1771924500.0,1.3297,1.3302,1.3251,1.3265,136507.39,0.0,0.0,0
15m,1771925400.0,1.3265,1.3312,1.3215,1.3307,235010.22,0.0,0.0,0
15m,1771926300.0,1.3307,1.3339,1.3284,1.3318,228738.98,0.0,0.0,0
15m,1771927200.0,1.3318,1.3334,1.3297,1.3313,84654.11,0.0,0.0,0
15m,1771928100.0,1.3313,1.3359,1.3296,1.3343,192041.23,0.0,0.0,0
15m,1771929000.0,1.3343,1.3355,1.327,1.329,529316.31,0.0,0.0,0
15m,1771929900.0,1.329,1.334,1.3277,1.3307,171521.4,0.0,0.0,0
15m,1771930800.0,1.3307,1.3329,1.3296,1.3304,137579.17,0.0,0.0,0
15m,1771931700.0,1.3304,1.3331,1.3293,1.331,231888.02,0.0,0.0,0
15m,1771932600.0,1.331,1.3345,1.3281,1.3315,161972.73,0.0,0.0,0
15m,1771933500.0,1.3315,1.3343,1.3311,1.3335,113692.78,0.0,0.0,0
15m,1771934400.0,1.3335,1.3371,1.3325,1.335,221090.72,0.0,0.0,0
15m,1771935300.0,1.335,1.3359,1.3322,1.3344,218911.14,0.0,0.0,0
15m,1771936200.0,1.3344,1.3382,1.3301,1.3312,1089735.58,0.0,0.0,0
15m,1771937100.0,1.3312,1.3366,1.3293,1.3322,215356.88,0.0,0.0,0
15m,1771938000.0,1.3322,1.3357,1.3307,1.3352,183461.84,0.0,0.0,0
15m,1771938900.0,1.3352,1.3353,1.3296,1.3302,145060.8,0.0,0.0,0
15m,1771939800.0,1.3302,1.3326,1.3224,1.3311,626478.82,0.0,0.0,0
15m,1771940700.0,1.3311,1.334,1.3298,1.3306,179964.57,0.0,0.0,0
15m,1771941600.0,1.3306,1.3306,1.3249,1.3261,462109.35,0.0,0.0,0
15m,1771942500.0,1.3261,1.327,1.3222,1.3239,405786.95,0.0,0.0,0
15m,1771943400.0,1.3239,1.3362,1.3126,1.3304,1381292.67,0.0,0.0,0
15m,1771944300.0,1.3304,1.3456,1.3296,1.3358,949156.12,0.0,0.0,0
15m,1771945200.0,1.3358,1.3421,1.3324,1.3409,404469.96,0.0,0.0,0
15m,1771946100.0,1.3409,1.3528,1.3387,1.3502,802122.67,0.0,0.0,0
15m,1771947000.0,1.3502,1.353,1.3444,1.3479,235796.32,0.0,0.0,0
15m,1771947900.0,1.3479,1.3519,1.346,1.3517,189721.8,0.0,0.0,0
15m,1771948800.0,1.3517,1.3642,1.3511,1.3603,845199.06,0.0,0.0,0
15m,1771949700.0,1.3603,1.3624,1.3519,1.3539,312379.72,0.0,0.0,0
15m,1771950600.0,1.3539,1.3559,1.3452,1.3539,400013.58,0.0,0.0,0
15m,1771951500.0,1.3539,1.3586,1.3467,1.3577,450511.02,0.0,0.0,0
15m,1771952400.0,1.3577,1.3636,1.3567,1.3595,471890.63,0.0,0.0,0
15m,1771953300.0,1.3595,1.3628,1.3567,1.3579,346963.44,0.0,0.0,0
15m,1771954200.0,1.3579,1.3604,1.356,1.3588,164105.91,0.0,0.0,0
15m,1771955100.0,1.3588,1.3619,1.3577,1.3595,161072.07,0.0,0.0,0
15m,1771956000.0,1.3595,1.3676,1.3531,1.3543,449892.05,0.0,0.0,0
15m,1771956900.0,1.3543,1.3621,1.3528,1.3589,162422.07,0.0,0.0,0
15m,1771957800.0,1.3589,1.3647,1.3583,1.3624,501661.83,0.0,0.0,0
15m,1771958700.0,1.3624,1.3633,1.3592,1.3605,343591.46,0.0,0.0,0
15m,1771959600.0,1.3605,1.364,1.3536,1.3544,305644.29,0.0,0.0,0
15m,1771960500.0,1.3544,1.3552,1.35,1.3514,476484.69,0.0,0.0,0
15m,1771961400.0,1.3514,1.3553,1.3508,1.3549,82565.16,0.0,0.0,0
15m,1771962300.0,1.3549,1.3566,1.3542,1.3554,122220.95,0.0,0.0,0
15m,1771963200.0,1.3554,1.3586,1.3547,1.3578,246801.41,0.0,0.0,0
15m,1771964100.0,1.3578,1.3624,1.3577,1.3611,296894.53,0.0,0.0,0
15m,1771965000.0,1.3611,1.3636,1.3595,1.3607,174719.5,0.0,0.0,0
15m,1771965900.0,1.3607,1.3607,1.3562,1.3573,459237.85,0.0,0.0,0
15m,1771966800.0,1.3573,1.3588,1.3517,1.3568,346202.97,0.0,0.0,0
15m,1771967700.0,1.3568,1.3568,1.3495,1.3511,181463.63,0.0,0.0,0
15m,1771968600.0,1.3511,1.3541,1.3498,1.3524,239013.92,0.0,0.0,0
15m,1771969500.0,1.3524,1.3552,1.351,1.352,324614.96,0.0,0.0,0
15m,1771970400.0,1.352,1.3579,1.3501,1.3547,600553.77,0.0,0.0,0
15m,1771971300.0,1.3547,1.3554,1.3512,1.3537,217194.48,0.0,0.0,0
15m,1771972200.0,1.3537,1.3559,1.3517,1.3535,76282.91,0.0,0.0,0
15m,1771973100.0,1.3535,1.3544,1.3503,1.353,59913.71,0.0,0.0,0
15m,1771974000.0,1.353,1.353,1.3416,1.3457,249177.66,0.0,0.0,0
15m,1771974900.0,1.3457,1.35,1.3448,1.3495,111536.13,0.0,0.0,0
15m,1771975800.0,1.3495,1.3544,1.3486,1.3499,187519.57,0.0,0.0,0
15m,1771976700.0,1.3499,1.3505,1.3474,1.3481,90984.79,0.0,0.0,0
15m,1771977600.0,1.3481,1.3487,1.3458,1.3463,123346.17,0.0,0.0,0
15m,1771978500.0,1.3463,1.3486,1.3405,1.3419,390937.66,0.0,0.0,0
15m,1771979400.0,1.3419,1.3492,1.3416,1.3484,675985.32,0.0,0.0,0
15m,1771980300.0,1.3484,1.3522,1.3465,1.3469,522665.24,0.0,0.0,0
15m,1771981200.0,1.3469,1.3843,1.3459,1.3836,2424588.82,0.0,0.0,0
15m,1771982100.0,1.3836,1.3995,1.3753,1.386,2630642.63,0.0,0.0,0
15m,1771983000.0,1.386,1.3916,1.3798,1.381,804541.04,0.0,0.0,0
15m,1771983900.0,1.381,1.3885,1.3802,1.3866,791362.86,0.0,0.0,0
15m,1771984800.0,1.3866,1.3948,1.3843,1.3902,1193530.06,0.0,0.0,0
15m,1771985700.0,1.3902,1.3924,1.387,1.3906,435610.24,0.0,0.0,0
15m,1771986600.0,1.3906,1.3924,1.3823,1.3838,334104.48,0.0,0.0,0
15m,1771987500.0,1.3838,1.3856,1.3787,1.3795,377047.23,0.0,0.0,0
15m,1771988400.0,1.3795,1.3814,1.3752,1.3759,281843.1,0.0,0.0,0
15m,1771989300.0,1.3759,1.3765,1.3664,1.3728,356730.52,0.0,0.0,0
15m,1771990200.0,1.3728,1.3729,1.3667,1.3693,366364.68,0.0,0.0,0
15m,1771991100.0,1.3693,1.3719,1.3674,1.3699,357819.36,0.0,0.0,0
15m,1771992000.0,1.3699,1.3701,1.3599,1.3691,477594.76,0.0,0.0,0
15m,1771992900.0,1.3691,1.3712,1.3651,1.3698,460741.12,0.0,0.0,0
15m,1771993800.0,1.3698,1.3756,1.3694,1.374,263465.99,0.0,0.0,0
15m,1771994700.0,1.374,1.3751,1.3674,1.3688,232512.3,0.0,0.0,0
15m,1771995600.0,1.3688,1.3702,1.3664,1.3675,154621.44,0.0,0.0,0
15m,1771996500.0,1.3675,1.3682,1.3611,1.3627,363134.8,0.0,0.0,0
15m,1771997400.0,1.3627,1.3639,1.353,1.357,460734.78,0.0,0.0,0
15m,1771998300.0,1.357,1.3599,1.3557,1.3586,310025.58,0.0,0.0,0
15m,1771999200.0,1.3586,1.3624,1.3585,1.3622,147505.8,0.0,0.0,0
15m,1772000100.0,1.3622,1.3653,1.3604,1.3636,84827.87,0.0,0.0,0
15m,1772001000.0,1.3636,1.3667,1.3633,1.3661,71795.75,0.0,0.0,0
15m,1772001900.0,1.3661,1.3662,1.3573,1.3601,325749.18,0.0,0.0,0
15m,1772002800.0,1.3601,1.3653,1.3587,1.3634,123006.12,0.0,0.0,0
15m,1772003700.0,1.3634,1.3665,1.3628,1.3662,148333.3,0.0,0.0,0
15m,1772004600.0,1.3662,1.3681,1.3623,1.3632,136100.52,0.0,0.0,0
15m,1772005500.0,1.3632,1.3664,1.3628,1.3659,62017.67,0.0,0.0,0
15m,1772006400.0,1.3659,1.367,1.363,1.3641,67633.55,0.0,0.0,0
15m,1772007300.0,1.3641,1.3689,1.363,1.3662,223433.26,0.0,0.0,0
15m,1772008200.0,1.3662,1.3713,1.3657,1.3704,199727.65,0.0,0.0,0
15m,1772009100.0,1.3704,1.3741,1.3691,1.3726,274303.13,0.0,0.0,0
15m,1772010000.0,1.3726,1.3813,1.372,1.379,410441.57,0.0,0.0,0
15m,1772010900.0,1.379,1.3829,1.3778,1.3794,227125.91,0.0,0.0,0
15m,1772011800.0,1.3794,1.3797,1.376,1.3771,240328.25,0.0,0.0,0
15m,1772012700.0,1.3771,1.381,1.377,1.3804,101652.17,0.0,0.0,0
15m,1772013600.0,1.3804,1.3841,1.3783,1.3813,198696.29,0.0,0.0,0
15m,1772014500.0,1.3813,1.3837,1.3763,1.3763,167967.9,0.0,0.0,0
15m,1772015400.0,1.3763,1.3782,1.3752,1.3763,72639.72,0.0,0.0,0
15m,1772016300.0,1.3763,1.3789,1.3743,1.3754,178102.73,0.0,0.0,0
15m,1772017200.0,1.3754,1.3772,1.3726,1.3751,252588.05,0.0,0.0,0
15m,1772018100.0,1.3751,1.3812,1.3743,1.3785,322249.43,0.0,0.0,0
15m,1772019000.0,1.3785,1.3823,1.3779,1.3822,232266.79,0.0,0.0,0
15m,1772019900.0,1.3822,1.3855,1.3811,1.3839,134330.15,0.0,0.0,0
15m,1772020800.0,1.3839,1.3853,1.3813,1.3828,214787.8,0.0,0.0,0
15m,1772021700.0,1.3828,1.3933,1.382,1.3932,430353.22,0.0,0.0,0
15m,1772022600.0,1.3932,1.398,1.3927,1.3945,328111.94,0.0,0.0,0
15m,1772023500.0,1.3945,1.4033,1.3928,1.3999,686653.93,0.0,0.0,0
15m,1772024400.0,1.3999,1.4062,1.3986,1.4,560279.57,0.0,0.0,0
15m,1772025300.0,1.4,1.4085,1.399,1.407,583065.86,0.0,0.0,0
15m,1772026200.0,1.407,1.4206,1.4054,1.4154,695194.02,0.0,0.0,0
15m,1772027100.0,1.4154,1.4244,1.4119,1.4132,754072.14,0.0,0.0,0
15m,1772028000.0,1.4132,1.4226,1.4132,1.4208,516763.0,0.0,0.0,0
15m,1772028900.0,1.4208,1.4249,1.419,1.4194,629111.49,0.0,0.0,0
15m,1772029800.0,1.4194,1.4257,1.4134,1.4166,1271542.68,0.0,0.0,0
15m,1772030700.0,1.4166,1.4368,1.4166,1.4361,1834457.06,0.0,0.0,0
15m,1772031600.0,1.4361,1.4422,1.4253,1.4285,1313505.4,0.0,0.0,0
15m,1772032500.0,1.4285,1.4373,1.4283,1.4324,897488.83,0.0,0.0,0
15m,1772033400.0,1.4324,1.4442,1.4286,1.4432,855273.83,0.0,0.0,0
15m,1772034300.0,1.4432,1.4459,1.4373,1.4411,1025289.04,0.0,0.0,0
15m,1772035200.0,1.4411,1.4464,1.4385,1.4438,578192.48,0.0,0.0,0
15m,1772036100.0,1.4438,1.4506,1.4425,1.4447,859344.07,0.0,0.0,0
15m,1772037000.0,1.4447,1.4467,1.4378,1.4425,772175.22,0.0,0.0,0
15m,1772037900.0,1.4425,1.45,1.4423,1.4486,498076.07,0.0,0.0,0
15m,1772038800.0,1.4486,1.4581,1.446,1.457,792184.85,0.0,0.0,0
15m,1772039700.0,1.457,1.4741,1.4568,1.468,1089898.25,0.0,0.0,0
15m,1772040600.0,1.468,1.4721,1.4632,1.4674,963282.51,0.0,0.0,0
15m,1772041500.0,1.4674,1.4704,1.4622,1.4665,600995.19,0.0,0.0,0
15m,1772042400.0,1.4665,1.467,1.4562,1.4641,1021712.53,0.0,0.0,0
15m,1772043300.0,1.4641,1.4756,1.4628,1.4734,454720.31,0.0,0.0,0
15m,1772044200.0,1.4734,1.476,1.4683,1.4736,421057.25,0.0,0.0,0
15m,1772045100.0,1.4736,1.4768,1.4703,1.472,475914.41,0.0,0.0,0
15m,1772046000.0,1.472,1.4731,1.4606,1.4632,854121.86,0.0,0.0,0
15m,1772046900.0,1.4632,1.4683,1.46,1.4617,863526.78,0.0,0.0,0
15m,1772047800.0,1.4617,1.4622,1.4538,1.4573,996673.59,0.0,0.0,0
15m,1772048700.0,1.4573,1.4673,1.4564,1.4666,736413.93,0.0,0.0,0
15m,1772049600.0,1.4666,1.4711,1.4634,1.4636,647403.75,0.0,0.0,0
15m,1772050500.0,1.4636,1.4641,1.4579,1.4579,523901.7,0.0,0.0,0
15m,1772051400.0,1.4579,1.4688,1.457,1.4648,676423.53,0.0,0.0,0
15m,1772052300.0,1.4648,1.4699,1.4621,1.4646,1130654.24,0.0,0.0,0
15m,1772053200.0,1.4646,1.4722,1.4633,1.466,834785.33,0.0,0.0,0
15m,1772054100.0,1.466,1.4696,1.4635,1.4635,477152.84,0.0,0.0,0
15m,1772055000.0,1.4635,1.4936,1.4628,1.4809,2575052.53,0.0,0.0,0
15m,1772055900.0,1.4809,1.4827,1.4713,1.4759,991509.44,0.0,0.0,0
15m,1772056800.0,1.4759,1.4856,1.4759,1.4848,621431.79,0.0,0.0,0
15m,1772057700.0,1.4848,1.4881,1.4741,1.4751,452446.98,0.0,0.0,0
15m,1772058600.0,1.4751,1.4756,1.456,1.4565,1024427.0,0.0,0.0,0
15m,1772059500.0,1.4565,1.4615,1.4444,1.4558,1284397.23,0.0,0.0,0
15m,1772060400.0,1.4558,1.4573,1.4467,1.4505,381586.94,0.0,0.0,0
15m,1772061300.0,1.4505,1.4505,1.4381,1.4384,1147245.47,0.0,0.0,0
15m,1772062200.0,1.4384,1.4394,1.4193,1.4227,2076632.13,0.0,0.0,0
15m,1772063100.0,1.4227,1.4355,1.4215,1.4338,1059483.49,0.0,0.0,0
15m,1772064000.0,1.4338,1.44,1.4268,1.4378,665292.43,0.0,0.0,0
15m,1772064900.0,1.4378,1.4475,1.4372,1.4406,507910.77,0.0,0.0,0
15m,1772065800.0,1.4406,1.4439,1.4276,1.4352,451472.85,0.0,0.0,0
15m,1772066700.0,1.4352,1.4417,1.4326,1.4394,163551.65,0.0,0.0,0
15m,1772067600.0,1.4394,1.4437,1.4349,1.4376,294136.83,0.0,0.0,0
15m,1772068500.0,1.4376,1.4379,1.43,1.4311,227596.05,0.0,0.0,0
15m,1772069400.0,1.4311,1.4333,1.4271,1.4276,232636.46,0.0,0.0,0
15m,1772070300.0,1.4276,1.429,1.4234,1.4239,503646.42,0.0,0.0,0
15m,1772071200.0,1.4239,1.4253,1.4186,1.4209,644524.47,0.0,0.0,0
15m,1772072100.0,1.4209,1.4282,1.4209,1.423,174835.82,0.0,0.0,0
15m,1772073000.0,1.423,1.4352,1.423,1.4329,232539.19,0.0,0.0,0
15m,1772073900.0,1.4329,1.4395,1.4306,1.438,324207.99,0.0,0.0,0
15m,1772074800.0,1.438,1.4425,1.4349,1.4356,340658.91,0.0,0.0,0
15m,1772075700.0,1.4356,1.4399,1.4341,1.4366,327625.44,0.0,0.0,0
15m,1772076600.0,1.4366,1.4435,1.4359,1.4421,375501.58,0.0,0.0,0
15m,1772077500.0,1.4421,1.4458,1.4416,1.442,163706.11,0.0,0.0,0
15m,1772078400.0,1.442,1.4518,1.4402,1.4473,664052.2,0.0,0.0,0
15m,1772079300.0,1.4473,1.4543,1.4436,1.4527,381041.61,0.0,0.0,0
15m,1772080200.0,1.4527,1.4691,1.4522,1.4621,578936.9,0.0,0.0,0
15m,1772081100.0,1.4621,1.4643,1.4573,1.4589,383247.0,0.0,0.0,0
15m,1772082000.0,1.4589,1.4597,1.4402,1.4454,852726.32,0.0,0.0,0
15m,1772082900.0,1.4454,1.4512,1.441,1.448,441010.96,0.0,0.0,0
15m,1772083800.0,1.448,1.4501,1.4446,1.4488,182833.59,0.0,0.0,0
15m,1772084700.0,1.4488,1.4512,1.4453,1.448,153584.97,0.0,0.0,0
15m,1772085600.0,1.448,1.4553,1.4447,1.4509,572442.0,0.0,0.0,0
15m,1772086500.0,1.4509,1.4533,1.4476,1.4476,149695.59,0.0,0.0,0
15m,1772087400.0,1.4476,1.4488,1.4451,1.446,162167.65,0.0,0.0,0
15m,1772088300.0,1.446,1.4491,1.4434,1.4446,167960.39,0.0,0.0,0
15m,1772089200.0,1.4446,1.4455,1.441,1.4421,160678.23,0.0,0.0,0
15m,1772090100.0,1.4421,1.4429,1.4373,1.4373,175374.36,0.0,0.0,0
15m,1772091000.0,1.4373,1.4378,1.4317,1.433,240928.93,0.0,0.0,0
15m,1772091900.0,1.433,1.436,1.4303,1.434,339984.72,0.0,0.0,0
15m,1772092800.0,1.434,1.4416,1.4339,1.4413,227142.41,0.0,0.0,0
15m,1772093700.0,1.4413,1.4452,1.4382,1.4392,291701.77,0.0,0.0,0
15m,1772094600.0,1.4392,1.4416,1.4354,1.4387,222064.41,0.0,0.0,0
15m,1772095500.0,1.4387,1.4428,1.4357,1.4359,482800.09,0.0,0.0,0
15m,1772096400.0,1.4359,1.4498,1.4347,1.4465,406452.57,0.0,0.0,0
15m,1772097300.0,1.4465,1.4465,1.4415,1.4426,215990.07,0.0,0.0,0
15m,1772098200.0,1.4426,1.4497,1.4413,1.4494,247841.29,0.0,0.0,0
15m,1772099100.0,1.4494,1.4533,1.4492,1.452,228363.48,0.0,0.0,0
15m,1772100000.0,1.452,1.4569,1.4503,1.4504,393028.45,0.0,0.0,0
15m,1772100900.0,1.4504,1.4565,1.4498,1.4527,239591.56,0.0,0.0,0
15m,1772101800.0,1.4527,1.4544,1.4465,1.4488,335564.92,0.0,0.0,0
15m,1772102700.0,1.4488,1.4489,1.4413,1.4427,255084.71,0.0,0.0,0
15m,1772103600.0,1.4427,1.4454,1.4388,1.4441,174526.71,0.0,0.0,0
15m,1772104500.0,1.4441,1.4446,1.4379,1.439,193826.16,0.0,0.0,0
15m,1772105400.0,1.439,1.443,1.439,1.4418,106645.84,0.0,0.0,0
15m,1772106300.0,1.4418,1.442,1.4346,1.4371,200301.52,0.0,0.0,0
15m,1772107200.0,1.4371,1.4402,1.4357,1.4386,210206.22,0.0,0.0,0
15m,1772108100.0,1.4386,1.4416,1.4368,1.4378,162737.64,0.0,0.0,0
15m,1772109000.0,1.4378,1.4439,1.4373,1.4386,345070.96,0.0,0.0,0
15m,1772109900.0,1.4386,1.4437,1.4369,1.4422,326766.26,0.0,0.0,0
15m,1772110800.0,1.4422,1.4423,1.4363,1.437,174917.75,0.0,0.0,0
15m,1772111700.0,1.437,1.446,1.4368,1.4451,346360.83,0.0,0.0,0
15m,1772112600.0,1.4451,1.4451,1.4411,1.4422,221294.55,0.0,0.0,0
15m,1772113500.0,1.4422,1.4453,1.4382,1.4399,262092.0,0.0,0.0,0
15m,1772114400.0,1.4399,1.4434,1.4318,1.4412,394542.08,0.0,0.0,0
15m,1772115300.0,1.4412,1.4417,1.4363,1.4401,314155.47,0.0,0.0,0
15m,1772116200.0,1.4401,1.4449,1.4313,1.433,811743.23,0.0,0.0,0
15m,1772117100.0,1.433,1.4385,1.4224,1.4357,1258301.6,0.0,0.0,0
15m,1772118000.0,1.4357,1.4362,1.4251,1.4287,497341.63,0.0,0.0,0
15m,1772118900.0,1.4287,1.4287,1.4132,1.4158,2068359.19,0.0,0.0,0
15m,1772119800.0,1.4158,1.43,1.4083,1.4243,1636717.21,0.0,0.0,0
15m,1772120700.0,1.4243,1.4294,1.4167,1.4213,826860.37,0.0,0.0,0
15m,1772121600.0,1.4213,1.4218,1.4125,1.416,531184.54,0.0,0.0,0
15m,1772122500.0,1.416,1.4235,1.4141,1.4192,505390.4,0.0,0.0,0
15m,1772123400.0,1.4192,1.4197,1.4045,1.4061,848062.02,0.0,0.0,0
15m,1772124300.0,1.4061,1.407,1.3854,1.3887,2561479.38,0.0,0.0,0
15m,1772125200.0,1.3887,1.3983,1.386,1.3931,1174075.69,0.0,0.0,0
15m,1772126100.0,1.3931,1.3977,1.3917,1.3945,410557.12,0.0,0.0,0
15m,1772127000.0,1.3945,1.3969,1.3875,1.39,393073.33,0.0,0.0,0
15m,1772127900.0,1.39,1.3914,1.3843,1.3879,494031.75,0.0,0.0,0
15m,1772128800.0,1.3879,1.3916,1.3825,1.3856,495472.55,0.0,0.0,0
15m,1772129700.0,1.3856,1.3928,1.3838,1.3859,604824.72,0.0,0.0,0
15m,1772130600.0,1.3859,1.3995,1.3856,1.3916,837300.9,0.0,0.0,0
15m,1772131500.0,1.3916,1.3954,1.3887,1.3937,569571.78,0.0,0.0,0
15m,1772132400.0,1.3937,1.4125,1.3929,1.3978,1867456.43,0.0,0.0,0
15m,1772133300.0,1.3978,1.4066,1.3976,1.4018,459232.06,0.0,0.0,0
15m,1772134200.0,1.4018,1.4064,1.4009,1.4018,513973.14,0.0,0.0,0
15m,1772135100.0,1.4018,1.4101,1.4018,1.407,749186.64,0.0,0.0,0
15m,1772136000.0,1.407,1.4131,1.405,1.4056,1075229.12,0.0,0.0,0
15m,1772136900.0,1.4056,1.4086,1.4004,1.4005,453779.53,0.0,0.0,0
15m,1772137800.0,1.4005,1.4007,1.3953,1.398,213744.3,0.0,0.0,0
15m,1772138700.0,1.398,1.399,1.3932,1.3939,199211.22,0.0,0.0,0
15m,1772139600.0,1.3939,1.3957,1.3882,1.3923,262594.67,0.0,0.0,0
15m,1772140500.0,1.3923,1.3961,1.3906,1.3959,215988.13,0.0,0.0,0
15m,1772141400.0,1.3959,1.397,1.393,1.396,137375.93,0.0,0.0,0
15m,1772142300.0,1.396,1.3972,1.3939,1.3948,138463.08,0.0,0.0,0
15m,1772143200.0,1.3948,1.3998,1.3937,1.3975,245806.22,0.0,0.0,0
15m,1772144100.0,1.3975,1.398,1.3951,1.3969,142508.02,0.0,0.0,0
15m,1772145000.0,1.3969,1.4026,1.3962,1.4024,164522.22,0.0,0.0,0
15m,1772145900.0,1.4024,1.4053,1.4011,1.4026,135833.8,0.0,0.0,0
15m,1772146800.0,1.4026,1.4026,1.3969,1.3996,197542.29,0.0,0.0,0
15m,1772147700.0,1.3996,1.4025,1.3977,1.4017,184098.84,0.0,0.0,0
15m,1772148600.0,1.4017,1.4036,1.4,1.4003,163183.39,0.0,0.0,0
15m,1772149500.0,1.4003,1.4031,1.3999,1.4025,112015.65,0.0,0.0,0
15m,1772150400.0,1.4025,1.4045,1.3982,1.4008,274263.6,0.0,0.0,0
15m,1772151300.0,1.4008,1.4018,1.3977,1.3995,123598.88,0.0,0.0,0
15m,1772152200.0,1.3995,1.3995,1.3933,1.397,906599.66,0.0,0.0,0
15m,1772153100.0,1.397,1.4037,1.3946,1.4015,742236.24,0.0,0.0,0
15m,1772154000.0,1.4015,1.4036,1.3961,1.3997,226805.58,0.0,0.0,0
15m,1772154900.0,1.3997,1.4042,1.3981,1.402,149790.9,0.0,0.0,0
15m,1772155800.0,1.402,1.4063,1.4007,1.4026,335215.09,0.0,0.0,0
15m,1772156700.0,1.4026,1.4062,1.4014,1.4054,133803.34,0.0,0.0,0
15m,1772157600.0,1.4054,1.4104,1.4051,1.4077,182183.33,0.0,0.0,0
15m,1772158500.0,1.4077,1.4131,1.406,1.4074,331942.47,0.0,0.0,0
15m,1772159400.0,1.4074,1.4131,1.4074,1.4113,242822.34,0.0,0.0,0
15m,1772160300.0,1.4113,1.4128,1.4067,1.4067,518904.08,0.0,0.0,0
15m,1772161200.0,1.4067,1.4071,1.4002,1.4014,309078.21,0.0,0.0,0
15m,1772162100.0,1.4014,1.4033,1.4,1.4014,171533.94,0.0,0.0,0
15m,1772163000.0,1.4014,1.4043,1.4009,1.4043,178415.01,0.0,0.0,0
15m,1772163900.0,1.4043,1.4092,1.4028,1.4077,193218.16,0.0,0.0,0
15m,1772164800.0,1.4077,1.417,1.4069,1.4149,782517.78,0.0,0.0,0
15m,1772165700.0,1.4149,1.4215,1.4144,1.4171,422344.66,0.0,0.0,0
15m,1772166600.0,1.4171,1.4178,1.4097,1.4105,209813.38,0.0,0.0,0
15m,1772167500.0,1.4105,1.4108,1.4054,1.4077,379617.34,0.0,0.0,0
15m,1772168400.0,1.4077,1.4132,1.4075,1.4112,349188.25,0.0,0.0,0
15m,1772169300.0,1.4112,1.4136,1.4069,1.4097,147185.11,0.0,0.0,0
15m,1772170200.0,1.4097,1.4148,1.4096,1.4131,110361.33,0.0,0.0,0
15m,1772171100.0,1.4131,1.4131,1.4089,1.4104,72602.76,0.0,0.0,0
15m,1772172000.0,1.4104,1.4111,1.4059,1.4081,373076.78,0.0,0.0,0
15m,1772172900.0,1.4081,1.4101,1.4042,1.4074,119367.8,0.0,0.0,0
15m,1772173800.0,1.4074,1.4114,1.406,1.4109,112023.55,0.0,0.0,0
15m,1772174700.0,1.4109,1.4145,1.4109,1.4124,117915.07,0.0,0.0,0
15m,1772175600.0,1.4124,1.4129,1.4099,1.4113,56093.77,0.0,0.0,0
15m,1772176500.0,1.4113,1.4127,1.4082,1.4087,177399.63,0.0,0.0,0
15m,1772177400.0,1.4087,1.4108,1.4061,1.4092,153074.8,0.0,0.0,0
15m,1772178300.0,1.4092,1.4173,1.4089,1.417,405318.45,0.0,0.0,0
15m,1772179200.0,1.417,1.4234,1.4168,1.4194,443254.87,0.0,0.0,0
15m,1772180100.0,1.4194,1.4208,1.4165,1.4195,212046.43,0.0,0.0,0
15m,1772181000.0,1.4195,1.423,1.4148,1.4197,243938.87,0.0,0.0,0
15m,1772181900.0,1.4197,1.4236,1.4197,1.4216,149339.85,0.0,0.0,0
15m,1772182800.0,1.4216,1.4257,1.4212,1.4234,290694.13,0.0,0.0,0
15m,1772183700.0,1.4234,1.4261,1.4188,1.4224,209827.98,0.0,0.0,0
15m,1772184600.0,1.4224,1.423,1.4137,1.414,189016.19,0.0,0.0,0
15m,1772185500.0,1.414,1.414,1.405,1.4068,388661.74,0.0,0.0,0
15m,1772186400.0,1.4068,1.4074,1.3925,1.394,679261.86,0.0,0.0,0
15m,1772187300.0,1.394,1.4005,1.3927,1.3947,694189.13,0.0,0.0,0
15m,1772188200.0,1.3947,1.3994,1.394,1.3975,285544.36,0.0,0.0,0
15m,1772189100.0,1.3975,1.3984,1.387,1.3888,788001.39,0.0,0.0,0
15m,1772190000.0,1.3888,1.3967,1.3888,1.3952,403114.11,0.0,0.0,0
15m,1772190900.0,1.3952,1.3953,1.3883,1.3915,374145.81,0.0,0.0,0
15m,1772191800.0,1.3915,1.3925,1.3801,1.3813,793276.81,0.0,0.0,0
15m,1772192700.0,1.3813,1.3859,1.3805,1.3826,379289.21,0.0,0.0,0
15m,1772193600.0,1.3826,1.385,1.3791,1.3828,313241.25,0.0,0.0,0
15m,1772194500.0,1.3828,1.3851,1.3788,1.3824,496817.56,0.0,0.0,0
15m,1772195400.0,1.3824,1.3837,1.3764,1.3771,286790.32,0.0,0.0,0
15m,1772196300.0,1.3771,1.3786,1.373,1.3776,537751.83,0.0,0.0,0
15m,1772197200.0,1.3776,1.3821,1.3759,1.3774,277902.75,0.0,0.0,0
15m,1772198100.0,1.3774,1.3788,1.3719,1.3741,352854.76,0.0,0.0,0
15m,1772199000.0,1.3741,1.3743,1.3632,1.3723,2115998.81,0.0,0.0,0
15m,1772199900.0,1.3723,1.3756,1.3686,1.3711,700627.5,0.0,0.0,0
15m,1772200800.0,1.3711,1.373,1.3696,1.3724,197327.5,0.0,0.0,0
15m,1772201700.0,1.3724,1.3724,1.3652,1.3682,383839.84,0.0,0.0,0
15m,1772202600.0,1.3682,1.3741,1.3645,1.3662,973037.98,0.0,0.0,0
15m,1772203500.0,1.3662,1.3672,1.3575,1.3593,1259043.45,0.0,0.0,0
15m,1772204400.0,1.3593,1.3666,1.3577,1.3611,884265.73,0.0,0.0,0
15m,1772205300.0,1.3611,1.3647,1.3588,1.3616,626277.16,0.0,0.0,0
15m,1772206200.0,1.3616,1.3619,1.3525,1.3576,902833.1,0.0,0.0,0
15m,1772207100.0,1.3576,1.3602,1.3542,1.3569,1366677.08,0.0,0.0,0
15m,1772208000.0,1.3569,1.3585,1.3483,1.3535,1580335.56,0.0,0.0,0
15m,1772208900.0,1.3535,1.3575,1.3514,1.3562,526152.26,0.0,0.0,0
15m,1772209800.0,1.3562,1.3588,1.3516,1.3526,697136.58,0.0,0.0,0
15m,1772210700.0,1.3526,1.3538,1.3495,1.3509,577482.96,0.0,0.0,0
15m,1772211600.0,1.3509,1.355,1.347,1.3485,1051678.99,0.0,0.0,0
15m,1772212500.0,1.3485,1.3496,1.3402,1.3415,1718177.0,0.0,0.0,0
15m,1772213400.0,1.3415,1.349,1.3384,1.3463,1793911.11,0.0,0.0,0
15m,1772214300.0,1.3463,1.3595,1.3461,1.3579,1550055.32,0.0,0.0,0
15m,1772215200.0,1.3579,1.3588,1.3528,1.3534,939934.69,0.0,0.0,0
15m,1772216100.0,1.3534,1.3629,1.3531,1.3616,725951.25,0.0,0.0,0
15m,1772217000.0,1.3616,1.3641,1.3584,1.3628,782905.11,0.0,0.0,0
15m,1772217900.0,1.3628,1.3633,1.3561,1.3567,1074208.86,0.0,0.0,0
15m,1772218800.0,1.3567,1.3573,1.3471,1.3498,1391066.34,0.0,0.0,0
15m,1772219700.0,1.3498,1.354,1.3486,1.3503,1113813.84,0.0,0.0,0
15m,1772220600.0,1.3503,1.3522,1.3463,1.3469,237179.61,0.0,0.0,0
15m,1772221500.0,1.3469,1.3523,1.3469,1.3509,183884.77,0.0,0.0,0
15m,1772222400.0,1.3509,1.3563,1.3505,1.3543,245509.49,0.0,0.0,0
15m,1772223300.0,1.3543,1.3556,1.3532,1.3546,214073.74,0.0,0.0,0
15m,1772224200.0,1.3546,1.3551,1.3517,1.3537,192698.13,0.0,0.0,0
15m,1772225100.0,1.3537,1.3557,1.3509,1.3531,380050.17,0.0,0.0,0
15m,1772226000.0,1.3531,1.3563,1.3507,1.3539,350186.47,0.0,0.0,0
15m,1772226900.0,1.3539,1.3552,1.3529,1.3544,494063.91,0.0,0.0,0
15m,1772227800.0,1.3544,1.355,1.3497,1.3522,368896.87,0.0,0.0,0
15m,1772228700.0,1.3522,1.353,1.3477,1.3514,341222.92,0.0,0.0,0
15m,1772229600.0,1.3514,1.3523,1.3477,1.3503,154325.07,0.0,0.0,0
15m,1772230500.0,1.3503,1.3524,1.3461,1.3473,436072.58,0.0,0.0,0
15m,1772231400.0,1.3473,1.3541,1.3378,1.3534,955527.03,0.0,0.0,0
15m,1772232300.0,1.3534,1.3557,1.3528,1.354,160127.71,0.0,0.0,0
15m,1772233200.0,1.354,1.3563,1.3514,1.3519,241774.06,0.0,0.0,0
15m,1772234100.0,1.3519,1.3561,1.3513,1.356,372237.15,0.0,0.0,0
15m,1772235000.0,1.356,1.3572,1.3538,1.3545,234898.89,0.0,0.0,0
15m,1772235900.0,1.3545,1.3566,1.354,1.3564,121086.51,0.0,0.0,0
15m,1772236800.0,1.3564,1.361,1.3553,1.3608,668052.78,0.0,0.0,0
15m,1772237700.0,1.3608,1.361,1.3564,1.3566,321502.73,0.0,0.0,0
15m,1772238600.0,1.3566,1.3627,1.3562,1.3623,316771.78,0.0,0.0,0
15m,1772239500.0,1.3623,1.3634,1.3601,1.3624,310934.73,0.0,0.0,0
15m,1772240400.0,1.3624,1.3655,1.3609,1.3615,227453.93,0.0,0.0,0
15m,1772241300.0,1.3615,1.3632,1.359,1.3594,210269.95,0.0,0.0,0
15m,1772242200.0,1.3594,1.3602,1.3569,1.3581,133522.4,0.0,0.0,0
15m,1772243100.0,1.3581,1.3607,1.357,1.3587,114953.37,0.0,0.0,0
15m,1772244000.0,1.3587,1.3602,1.3568,1.3585,135837.48,0.0,0.0,0
15m,1772244900.0,1.3585,1.362,1.3583,1.3613,96178.19,0.0,0.0,0
15m,1772245800.0,1.3613,1.363,1.3605,1.3622,79724.64,0.0,0.0,0
15m,1772246700.0,1.3622,1.3631,1.3614,1.3614,76635.46,0.0,0.0,0
15m,1772247600.0,1.3614,1.3614,1.3582,1.3589,109702.42,0.0,0.0,0
15m,1772248500.0,1.3589,1.3616,1.3586,1.3599,110213.57,0.0,0.0,0
15m,1772249400.0,1.3599,1.3599,1.3542,1.355,139994.48,0.0,0.0,0
15m,1772250300.0,1.355,1.3569,1.3528,1.3548,133336.4,0.0,0.0,0
15m,1772251200.0,1.3548,1.3569,1.3541,1.3561,70605.01,0.0,0.0,0
15m,1772252100.0,1.3561,1.358,1.354,1.3543,131078.95,0.0,0.0,0
15m,1772253000.0,1.3543,1.3557,1.3497,1.3544,176738.12,0.0,0.0,0
15m,1772253900.0,1.3544,1.3563,1.3535,1.3539,53906.53,0.0,0.0,0
15m,1772254800.0,1.3539,1.3559,1.3533,1.3558,36232.51,0.0,0.0,0
15m,1772255700.0,1.3558,1.3558,1.3515,1.3516,165079.35,0.0,0.0,0
15m,1772256600.0,1.3516,1.3516,1.3476,1.3482,253713.83,0.0,0.0,0
15m,1772257500.0,1.3482,1.3498,1.3468,1.3496,138609.78,0.0,0.0,0
15m,1772258400.0,1.3496,1.3513,1.348,1.3489,173531.8,0.0,0.0,0
15m,1772259300.0,1.3489,1.3495,1.3231,1.3321,2745378.85,0.0,0.0,0
15m,1772260200.0,1.3321,1.3321,1.3068,1.3223,3102658.74,0.0,0.0,0
15m,1772261100.0,1.3223,1.3225,1.2933,1.2965,1905800.07,0.0,0.0,0
15m,1772262000.0,1.2965,1.3163,1.2901,1.3132,1975205.05,0.0,0.0,0
15m,1772262900.0,1.3132,1.318,1.2978,1.3014,857688.32,0.0,0.0,0
15m,1772263800.0,1.3014,1.3226,1.2997,1.3144,1253945.34,0.0,0.0,0
15m,1772264700.0,1.3144,1.3145,1.3021,1.3031,835733.88,0.0,0.0,0
15m,1772265600.0,1.3031,1.3031,1.2949,1.2949,744919.37,0.0,0.0,0
15m,1772266500.0,1.2949,1.3004,1.2883,1.2912,864155.42,0.0,0.0,0
15m,1772267400.0,1.2912,1.2966,1.2855,1.2903,745049.37,0.0,0.0,0
15m,1772268300.0,1.2903,1.2925,1.2835,1.2866,535757.92,0.0,0.0,0
15m,1772269200.0,1.2866,1.2896,1.276,1.2828,837594.44,0.0,0.0,0
15m,1772270100.0,1.2828,1.2873,1.2773,1.2843,505195.62,0.0,0.0,0
15m,1772271000.0,1.2843,1.2857,1.2748,1.2758,415440.54,0.0,0.0,0
15m,1772271900.0,1.2758,1.2802,1.2717,1.2781,496564.57,0.0,0.0,0
15m,1772272800.0,1.2781,1.2785,1.2702,1.2745,786258.03,0.0,0.0,0
15m,1772273700.0,1.2745,1.2865,1.2731,1.2831,526701.78,0.0,0.0,0
15m,1772274600.0,1.2831,1.2948,1.2827,1.2902,1075079.52,0.0,0.0,0
15m,1772275500.0,1.2902,1.2915,1.2864,1.2895,784340.82,0.0,0.0,0
15m,1772276400.0,1.2895,1.2955,1.2869,1.2954,630136.33,0.0,0.0,0
15m,1772277300.0,1.2954,1.3032,1.2929,1.3022,1094558.24,0.0,0.0,0
15m,1772278200.0,1.3022,1.3071,1.2957,1.296,884943.64,0.0,0.0,0
15m,1772279100.0,1.296,1.2973,1.2912,1.293,758301.86,0.0,0.0,0
15m,1772280000.0,1.293,1.2964,1.2921,1.2934,385392.33,0.0,0.0,0
15m,1772280900.0,1.2934,1.2993,1.2922,1.2962,511031.14,0.0,0.0,0
15m,1772281800.0,1.2962,1.2987,1.2956,1.2975,302312.84,0.0,0.0,0
15m,1772282700.0,1.2975,1.298,1.2925,1.2958,260200.43,0.0,0.0,0
15m,1772283600.0,1.2958,1.3027,1.2947,1.302,406314.55,0.0,0.0,0
15m,1772284500.0,1.302,1.3051,1.298,1.2994,497854.66,0.0,0.0,0
15m,1772285400.0,1.2994,1.3037,1.2968,1.3037,877284.24,0.0,0.0,0
15m,1772286300.0,1.3037,1.344,1.3033,1.3414,4644838.54,0.0,0.0,0
15m,1772287200.0,1.3414,1.3502,1.3254,1.329,2453670.17,0.0,0.0,0
15m,1772288100.0,1.329,1.3335,1.3252,1.3322,720774.8,0.0,0.0,0
15m,1772289000.0,1.3322,1.3419,1.328,1.3349,755142.34,0.0,0.0,0
15m,1772289900.0,1.3349,1.3382,1.3144,1.3184,1359926.84,0.0,0.0,0
15m,1772290800.0,1.3184,1.3239,1.3111,1.3117,663853.5,0.0,0.0,0
15m,1772291700.0,1.3117,1.333,1.3117,1.3276,1423426.0,0.0,0.0,0
15m,1772292600.0,1.3276,1.3315,1.3238,1.3255,723843.09,0.0,0.0,0
15m,1772293500.0,1.3255,1.3264,1.3205,1.3237,579832.26,0.0,0.0,0
15m,1772294400.0,1.3237,1.3278,1.3206,1.3268,610638.37,0.0,0.0,0
15m,1772295300.0,1.3268,1.3268,1.3223,1.323,151186.78,0.0,0.0,0
15m,1772296200.0,1.323,1.3284,1.3171,1.3273,181033.54,0.0,0.0,0
15m,1772297100.0,1.3273,1.3315,1.3243,1.3262,516543.88,0.0,0.0,0
15m,1772298000.0,1.3262,1.3267,1.3199,1.3221,935676.71,0.0,0.0,0
15m,1772298900.0,1.3221,1.3231,1.3181,1.3215,315882.91,0.0,0.0,0
15m,1772299800.0,1.3215,1.3222,1.315,1.317,350668.25,0.0,0.0,0
15m,1772300700.0,1.317,1.3307,1.3142,1.3286,584309.75,0.0,0.0,0
15m,1772301600.0,1.3286,1.3287,1.3229,1.3235,287387.16,0.0,0.0,0
15m,1772302500.0,1.3235,1.3257,1.3228,1.3243,159034.3,0.0,0.0,0
15m,1772303400.0,1.3243,1.3435,1.3243,1.3392,1026538.67,0.0,0.0,0
15m,1772304300.0,1.3392,1.3488,1.3374,1.3428,461265.67,0.0,0.0,0
15m,1772305200.0,1.3428,1.3436,1.3352,1.3382,449364.18,0.0,0.0,0
15m,1772306100.0,1.3382,1.3413,1.3361,1.3398,237271.33,0.0,0.0,0
15m,1772307000.0,1.3398,1.3592,1.3398,1.3522,1065003.74,0.0,0.0,0
15m,1772307900.0,1.3522,1.3584,1.3508,1.3543,431583.77,0.0,0.0,0
15m,1772308800.0,1.3543,1.3634,1.3505,1.362,419886.4,0.0,0.0,0
15m,1772309700.0,1.362,1.3778,1.3588,1.3739,1057918.87,0.0,0.0,0
15m,1772310600.0,1.3739,1.378,1.3658,1.3721,604696.3,0.0,0.0,0
15m,1772311500.0,1.3721,1.3845,1.3709,1.3808,737546.11,0.0,0.0,0
15m,1772312400.0,1.3808,1.3829,1.3654,1.374,889417.0,0.0,0.0,0
15m,1772313300.0,1.374,1.374,1.3678,1.369,361942.53,0.0,0.0,0
15m,1772314200.0,1.369,1.382,1.3666,1.3776,427599.1,0.0,0.0,0
15m,1772315100.0,1.3776,1.3814,1.3731,1.3773,343469.27,0.0,0.0,0
15m,1772316000.0,1.3773,1.3827,1.375,1.3767,251796.95,0.0,0.0,0
15m,1772316900.0,1.3767,1.3808,1.375,1.3784,274310.0,0.0,0.0,0
15m,1772317800.0,1.3784,1.3929,1.3767,1.384,666457.01,0.0,0.0,0
15m,1772318700.0,1.384,1.3914,1.3798,1.3807,209901.05,0.0,0.0,0
15m,1772319600.0,1.3807,1.3866,1.3785,1.3789,225565.21,0.0,0.0,0
15m,1772320500.0,1.3789,1.3812,1.3772,1.3777,139048.21,0.0,0.0,0
15m,1772321400.0,1.3777,1.3803,1.3739,1.3759,176050.42,0.0,0.0,0
15m,1772322300.0,1.3759,1.3797,1.3747,1.3762,348631.34,0.0,0.0,0
15m,1772323200.0,1.3762,1.3823,1.3732,1.3768,312853.57,0.0,0.0,0
15m,1772324100.0,1.3768,1.3787,1.3722,1.3724,213118.37,0.0,0.0,0
15m,1772325000.0,1.3724,1.377,1.3723,1.3759,259720.23,0.0,0.0,0
15m,1772325900.0,1.3759,1.3805,1.3758,1.3789,240499.29,0.0,0.0,0
15m,1772326800.0,1.3789,1.3789,1.3669,1.3688,440475.54,0.0,0.0,0
15m,1772327700.0,1.3688,1.3749,1.3652,1.3738,527310.78,0.0,0.0,0
15m,1772328600.0,1.3738,1.3897,1.3722,1.386,686357.25,0.0,0.0,0
15m,1772329500.0,1.386,1.4143,1.3858,1.4031,1659181.62,0.0,0.0,0
15m,1772330400.0,1.4031,1.4287,1.4029,1.4211,1727723.56,0.0,0.0,0
15m,1772331300.0,1.4211,1.4332,1.4152,1.4287,1043042.7,0.0,0.0,0
15m,1772332200.0,1.4287,1.4314,1.4204,1.4287,859256.19,0.0,0.0,0
15m,1772333100.0,1.4287,1.4287,1.419,1.4249,906060.56,0.0,0.0,0
15m,1772334000.0,1.4249,1.4331,1.4224,1.4278,881805.24,0.0,0.0,0
15m,1772334900.0,1.4278,1.4329,1.4213,1.4276,693832.52,0.0,0.0,0
15m,1772335800.0,1.4276,1.4276,1.42,1.4244,445786.44,0.0,0.0,0
15m,1772336700.0,1.4244,1.425,1.4136,1.4185,545395.66,0.0,0.0,0
15m,1772337600.0,1.4185,1.4216,1.4135,1.4142,539417.18,0.0,0.0,0
15m,1772338500.0,1.4142,1.4164,1.4049,1.4098,1156406.0,0.0,0.0,0
15m,1772339400.0,1.4098,1.4147,1.4081,1.4131,362300.79,0.0,0.0,0
15m,1772340300.0,1.4131,1.4139,1.4114,1.4138,119334.36,0.0,0.0,0
15m,1772341200.0,1.4138,1.4195,1.4118,1.4129,298901.36,0.0,0.0,0
15m,1772342100.0,1.4129,1.4169,1.4118,1.4149,173298.39,0.0,0.0,0
15m,1772343000.0,1.4149,1.4155,1.4096,1.41,201552.97,0.0,0.0,0
15m,1772343900.0,1.41,1.4137,1.4089,1.4092,205791.37,0.0,0.0,0
15m,1772344800.0,1.4092,1.4103,1.3953,1.3994,739806.08,0.0,0.0,0
15m,1772345700.0,1.3994,1.4013,1.397,1.3982,345200.99,0.0,0.0,0
15m,1772346600.0,1.3982,1.3999,1.3894,1.3929,929385.79,0.0,0.0,0
15m,1772347500.0,1.3929,1.3972,1.3887,1.3947,321597.28,0.0,0.0,0
15m,1772348400.0,1.3947,1.4022,1.3933,1.3985,357933.69,0.0,0.0,0
15m,1772349300.0,1.3985,1.4019,1.3957,1.3957,163064.87,0.0,0.0,0
15m,1772350200.0,1.3957,1.4008,1.3932,1.3974,226756.32,0.0,0.0,0
15m,1772351100.0,1.3974,1.4001,1.397,1.3979,108064.17,0.0,0.0,0
15m,1772352000.0,1.3979,1.4,1.3928,1.3993,407509.72,0.0,0.0,0
15m,1772352900.0,1.3993,1.3996,1.3948,1.3954,205294.44,0.0,0.0,0
15m,1772353800.0,1.3954,1.3958,1.391,1.3916,218765.73,0.0,0.0,0
15m,1772354700.0,1.3916,1.3923,1.3764,1.3803,608479.97,0.0,0.0,0
15m,1772355600.0,1.3803,1.3844,1.3757,1.3821,454133.63,0.0,0.0,0
15m,1772356500.0,1.3821,1.3875,1.3818,1.3846,285187.41,0.0,0.0,0
15m,1772357400.0,1.3846,1.3851,1.3771,1.3778,270644.9,0.0,0.0,0
15m,1772358300.0,1.3778,1.3779,1.37,1.3731,774057.64,0.0,0.0,0
15m,1772359200.0,1.3731,1.3775,1.367,1.3756,631120.6,0.0,0.0,0
15m,1772360100.0,1.3756,1.3762,1.3721,1.3756,194940.44,0.0,0.0,0
15m,1772361000.0,1.3756,1.3817,1.3743,1.3759,430520.27,0.0,0.0,0
15m,1772361900.0,1.3759,1.3772,1.3726,1.3767,170527.63,0.0,0.0,0
15m,1772362800.0,1.3767,1.3792,1.3756,1.3775,157709.55,0.0,0.0,0
15m,1772363700.0,1.3775,1.3823,1.3774,1.3802,207416.19,0.0,0.0,0
15m,1772364600.0,1.3802,1.3806,1.3753,1.3756,187914.25,0.0,0.0,0
15m,1772365500.0,1.3756,1.3785,1.3756,1.3763,88699.2,0.0,0.0,0
15m,1772366400.0,1.3763,1.3779,1.3752,1.3753,76346.84,0.0,0.0,0
15m,1772367300.0,1.3753,1.3788,1.3747,1.3761,132697.03,0.0,0.0,0
15m,1772368200.0,1.3761,1.3776,1.3698,1.3744,240819.04,0.0,0.0,0
15m,1772369100.0,1.3744,1.3745,1.3674,1.3679,179583.53,0.0,0.0,0
15m,1772370000.0,1.3679,1.3706,1.3655,1.3687,439736.44,0.0,0.0,0
15m,1772370900.0,1.3687,1.3701,1.3616,1.3634,394858.24,0.0,0.0,0
15m,1772371800.0,1.3634,1.3669,1.3626,1.3661,178111.28,0.0,0.0,0
15m,1772372700.0,1.3661,1.3964,1.3645,1.3883,1958932.39,0.0,0.0,0
15m,1772373600.0,1.3883,1.4033,1.3851,1.3927,1178046.93,0.0,0.0,0
15m,1772374500.0,1.3927,1.3954,1.3828,1.3841,448228.99,0.0,0.0,0
15m,1772375400.0,1.3841,1.3893,1.3738,1.3769,469426.88,0.0,0.0,0
15m,1772376300.0,1.3769,1.3819,1.3759,1.3805,309841.49,0.0,0.0,0
15m,1772377200.0,1.3805,1.3868,1.3786,1.3868,389739.52,0.0,0.0,0
15m,1772378100.0,1.3868,1.3888,1.3816,1.3846,401862.93,0.0,0.0,0
15m,1772379000.0,1.3846,1.3909,1.3845,1.3891,267830.05,0.0,0.0,0
15m,1772379900.0,1.3891,1.3891,1.3767,1.3786,347649.61,0.0,0.0,0
15m,1772380800.0,1.3786,1.3863,1.3743,1.3828,439186.55,0.0,0.0,0
15m,1772381700.0,1.3828,1.3859,1.3786,1.3834,223633.15,0.0,0.0,0
15m,1772382600.0,1.3834,1.3849,1.3805,1.3805,105996.71,0.0,0.0,0
15m,1772383500.0,1.3805,1.3809,1.3594,1.37,955884.86,0.0,0.0,0
15m,1772384400.0,1.37,1.3716,1.3657,1.3689,220313.22,0.0,0.0,0
15m,1772385300.0,1.3689,1.3696,1.3566,1.3658,379698.97,0.0,0.0,0
15m,1772386200.0,1.3658,1.3706,1.363,1.3688,206668.47,0.0,0.0,0
15m,1772387100.0,1.3688,1.372,1.3661,1.3662,276918.84,0.0,0.0,0
15m,1772388000.0,1.3662,1.3788,1.3639,1.3731,682071.06,0.0,0.0,0
15m,1772388900.0,1.3731,1.3764,1.369,1.3706,181459.01,0.0,0.0,0
15m,1772389800.0,1.3706,1.3721,1.3661,1.3708,206169.87,0.0,0.0,0
15m,1772390700.0,1.3708,1.3724,1.3672,1.3681,132105.64,0.0,0.0,0
15m,1772391600.0,1.3681,1.3682,1.3602,1.3604,180734.48,0.0,0.0,0
15m,1772392500.0,1.3604,1.3618,1.3578,1.3589,148861.77,0.0,0.0,0
15m,1772393400.0,1.3589,1.3631,1.3538,1.3552,387056.92,0.0,0.0,0
15m,1772394300.0,1.3552,1.3584,1.355,1.3565,197661.94,0.0,0.0,0
15m,1772395200.0,1.3565,1.3565,1.3437,1.3457,478739.71,0.0,0.0,0
15m,1772396100.0,1.3457,1.3474,1.3431,1.3432,268941.26,0.0,0.0,0
15m,1772397000.0,1.3432,1.3459,1.3372,1.3393,534890.3,0.0,0.0,0
15m,1772397900.0,1.3393,1.3442,1.3386,1.3416,418380.2,0.0,0.0,0
15m,1772398800.0,1.3416,1.3498,1.3413,1.3493,338351.2,0.0,0.0,0
15m,1772399700.0,1.3493,1.356,1.3484,1.3558,260310.56,0.0,0.0,0
15m,1772400600.0,1.3558,1.3561,1.3528,1.355,144214.99,0.0,0.0,0
15m,1772401500.0,1.355,1.3568,1.3541,1.3541,118511.39,0.0,0.0,0
15m,1772402400.0,1.3541,1.3729,1.3517,1.3633,1094345.44,0.0,0.0,0
15m,1772403300.0,1.3633,1.3643,1.3543,1.3575,404080.6,0.0,0.0,0
15m,1772404200.0,1.3575,1.3588,1.3458,1.3523,640471.68,0.0,0.0,0
15m,1772405100.0,1.3523,1.3524,1.3413,1.3423,355150.03,0.0,0.0,0
15m,1772406000.0,1.3423,1.3588,1.3397,1.352,537264.41,0.0,0.0,0
15m,1772406900.0,1.352,1.3534,1.3471,1.3471,188436.42,0.0,0.0,0
15m,1772407800.0,1.3471,1.3551,1.3466,1.352,221759.76,0.0,0.0,0
15m,1772408700.0,1.352,1.3543,1.3496,1.3525,77083.48,0.0,0.0,0
15m,1772409600.0,1.3525,1.3602,1.3509,1.357,324511.42,0.0,0.0,0
15m,1772410500.0,1.357,1.3592,1.3537,1.3575,366286.97,0.0,0.0,0
15m,1772411400.0,1.3575,1.3693,1.357,1.3693,194593.43,0.0,0.0,0
15m,1772412300.0,1.3693,1.3727,1.3642,1.3651,295419.72,0.0,0.0,0
15m,1772413200.0,1.3651,1.3814,1.3639,1.3754,671939.22,0.0,0.0,0
15m,1772414100.0,1.3754,1.3765,1.3636,1.3651,336247.48,0.0,0.0,0
15m,1772415000.0,1.3651,1.3707,1.3651,1.3686,204282.72,0.0,0.0,0
15m,1772415900.0,1.3686,1.3715,1.3654,1.3678,296032.01,0.0,0.0,0
15m,1772416800.0,1.3678,1.3727,1.3551,1.359,299082.15,0.0,0.0,0
15m,1772417700.0,1.359,1.3623,1.3539,1.3615,371478.28,0.0,0.0,0
15m,1772418600.0,1.3615,1.367,1.361,1.3638,128149.59,0.0,0.0,0
15m,1772419500.0,1.3638,1.3664,1.3602,1.3643,115572.82,0.0,0.0,0
15m,1772420400.0,1.3643,1.373,1.3611,1.3707,244744.93,0.0,0.0,0
15m,1772421300.0,1.3707,1.3738,1.3694,1.3727,316678.18,0.0,0.0,0
15m,1772422200.0,1.3727,1.3776,1.3706,1.3738,279280.98,0.0,0.0,0
15m,1772423100.0,1.3738,1.3773,1.3733,1.3739,146016.43,0.0,0.0,0
15m,1772424000.0,1.3739,1.3754,1.371,1.371,167702.84,0.0,0.0,0
15m,1772424900.0,1.371,1.3729,1.3673,1.3729,184517.41,0.0,0.0,0
15m,1772425800.0,1.3729,1.3738,1.3689,1.3698,144224.88,0.0,0.0,0
15m,1772426700.0,1.3698,1.3699,1.3648,1.3667,116791.28,0.0,0.0,0
15m,1772427600.0,1.3667,1.3673,1.357,1.3609,270516.83,0.0,0.0,0
15m,1772428500.0,1.3609,1.3643,1.3607,1.3635,112753.87,0.0,0.0,0
15m,1772429400.0,1.3635,1.37,1.3635,1.3696,135542.88,0.0,0.0,0
15m,1772430300.0,1.3696,1.3696,1.3618,1.3623,110947.35,0.0,0.0,0
15m,1772431200.0,1.3623,1.3632,1.3589,1.3631,168056.5,0.0,0.0,0
15m,1772432100.0,1.3631,1.3638,1.3485,1.3531,858633.1,0.0,0.0,0
15m,1772433000.0,1.3531,1.355,1.3509,1.3536,170715.95,0.0,0.0,0
15m,1772433900.0,1.3536,1.3542,1.3477,1.35,219836.03,0.0,0.0,0
15m,1772434800.0,1.35,1.3508,1.3398,1.3409,437041.63,0.0,0.0,0
15m,1772435700.0,1.3409,1.3471,1.338,1.3459,379103.56,0.0,0.0,0
15m,1772436600.0,1.3459,1.351,1.3459,1.3504,186497.77,0.0,0.0,0
15m,1772437500.0,1.3504,1.3504,1.3463,1.347,177650.39,0.0,0.0,0
15m,1772438400.0,1.347,1.3491,1.34,1.3491,465833.17,0.0,0.0,0
15m,1772439300.0,1.3491,1.3502,1.3385,1.3401,237566.01,0.0,0.0,0
15m,1772440200.0,1.3401,1.3486,1.34,1.3475,341613.85,0.0,0.0,0
15m,1772441100.0,1.3475,1.3553,1.3468,1.3542,382132.62,0.0,0.0,0
15m,1772442000.0,1.3542,1.3605,1.3527,1.3579,456321.21,0.0,0.0,0
15m,1772442900.0,1.3579,1.3627,1.3557,1.3558,310753.8,0.0,0.0,0
15m,1772443800.0,1.3558,1.3584,1.354,1.3557,241819.4,0.0,0.0,0
15m,1772444700.0,1.3557,1.3557,1.3532,1.3534,200257.41,0.0,0.0,0
15m,1772445600.0,1.3534,1.3557,1.3483,1.3503,212930.17,0.0,0.0,0
15m,1772446500.0,1.3503,1.3535,1.3497,1.3534,118687.18,0.0,0.0,0
15m,1772447400.0,1.3534,1.3545,1.3493,1.3534,134935.86,0.0,0.0,0
15m,1772448300.0,1.3534,1.3537,1.3509,1.3536,132392.52,0.0,0.0,0
15m,1772449200.0,1.3536,1.3536,1.3476,1.3476,246658.12,0.0,0.0,0
15m,1772450100.0,1.3476,1.3519,1.3466,1.3484,184052.2,0.0,0.0,0
15m,1772451000.0,1.3484,1.3561,1.347,1.3542,184626.14,0.0,0.0,0
15m,1772451900.0,1.3542,1.3574,1.3508,1.3517,138356.93,0.0,0.0,0
15m,1772452800.0,1.3517,1.354,1.3507,1.3528,93516.19,0.0,0.0,0
15m,1772453700.0,1.3528,1.3533,1.3474,1.3481,156082.83,0.0,0.0,0
15m,1772454600.0,1.3481,1.3495,1.3468,1.3475,271360.15,0.0,0.0,0
15m,1772455500.0,1.3475,1.35,1.347,1.3478,141613.81,0.0,0.0,0
15m,1772456400.0,1.3478,1.348,1.3431,1.3442,169368.77,0.0,0.0,0
15m,1772457300.0,1.3442,1.3505,1.342,1.3431,225584.99,0.0,0.0,0
15m,1772458200.0,1.3431,1.347,1.3404,1.3409,345619.85,0.0,0.0,0
15m,1772459100.0,1.3409,1.3425,1.3386,1.3397,188667.71,0.0,0.0,0
15m,1772460000.0,1.3397,1.3429,1.3376,1.3399,262100.82,0.0,0.0,0
15m,1772460900.0,1.3399,1.3419,1.334,1.3388,461667.33,0.0,0.0,0
15m,1772461800.0,1.3388,1.367,1.3385,1.3662,1484688.82,0.0,0.0,0
15m,1772462700.0,1.3662,1.3786,1.3621,1.3734,1274525.14,0.0,0.0,0
15m,1772463600.0,1.3734,1.4025,1.3694,1.4019,1839439.63,0.0,0.0,0
15m,1772464500.0,1.4019,1.4138,1.3979,1.399,2106900.74,0.0,0.0,0
15m,1772465400.0,1.399,1.414,1.3901,1.414,1189689.53,0.0,0.0,0
15m,1772466300.0,1.414,1.4153,1.3927,1.4006,1673662.47,0.0,0.0,0
15m,1772467200.0,1.4006,1.4193,1.3976,1.4172,1643849.34,0.0,0.0,0
15m,1772468100.0,1.4172,1.4196,1.4081,1.4099,1004938.16,0.0,0.0,0
15m,1772469000.0,1.4099,1.4183,1.3991,1.4177,1831284.3,0.0,0.0,0
15m,1772469900.0,1.4177,1.4233,1.4071,1.4072,1479534.78,0.0,0.0,0
15m,1772470800.0,1.4072,1.4113,1.4024,1.4042,470437.12,0.0,0.0,0
15m,1772471700.0,1.4042,1.407,1.3979,1.4025,414138.42,0.0,0.0,0
15m,1772472600.0,1.4025,1.4041,1.3847,1.386,875816.65,0.0,0.0,0
15m,1772473500.0,1.386,1.3956,1.3835,1.3955,564511.99,0.0,0.0,0
15m,1772474400.0,1.3955,1.4041,1.3859,1.404,558527.99,0.0,0.0,0
15m,1772475300.0,1.404,1.404,1.3967,1.3993,603659.2,0.0,0.0,0
15m,1772476200.0,1.3993,1.4045,1.3971,1.4029,711335.52,0.0,0.0,0
15m,1772477100.0,1.4029,1.4071,1.3974,1.4007,780166.02,0.0,0.0,0
15m,1772478000.0,1.4007,1.4014,1.3896,1.3969,972337.82,0.0,0.0,0
15m,1772478900.0,1.3969,1.4046,1.3969,1.3981,520695.85,0.0,0.0,0
15m,1772479800.0,1.3981,1.4052,1.3971,1.3983,466561.61,0.0,0.0,0
15m,1772480700.0,1.3983,1.4036,1.3977,1.4007,398952.53,0.0,0.0,0
15m,1772481600.0,1.4007,1.4055,1.3881,1.3914,810561.35,0.0,0.0,0
15m,1772482500.0,1.3914,1.3968,1.3895,1.3949,285012.8,0.0,0.0,0
15m,1772483400.0,1.3949,1.4011,1.3933,1.4007,311950.82,0.0,0.0,0
15m,1772484300.0,1.4007,1.4029,1.3943,1.3945,508734.08,0.0,0.0,0
15m,1772485200.0,1.3945,1.3954,1.3862,1.3903,274523.74,0.0,0.0,0
15m,1772486100.0,1.3903,1.3938,1.3882,1.3934,98966.75,0.0,0.0,0
15m,1772487000.0,1.3934,1.3965,1.3925,1.3947,198200.62,0.0,0.0,0
15m,1772487900.0,1.3947,1.3984,1.3944,1.398,159047.27,0.0,0.0,0
15m,1772488800.0,1.398,1.4066,1.3976,1.3988,1065889.1,0.0,0.0,0
15m,1772489700.0,1.3988,1.4025,1.3959,1.4007,129108.44,0.0,0.0,0
15m,1772490600.0,1.4007,1.4045,1.3996,1.4016,169264.82,0.0,0.0,0
15m,1772491500.0,1.4016,1.4024,1.3976,1.3998,146521.07,0.0,0.0,0
15m,1772492400.0,1.3998,1.4014,1.3943,1.3946,198872.45,0.0,0.0,0
15m,1772493300.0,1.3946,1.3972,1.3907,1.3907,388854.35,0.0,0.0,0
15m,1772494200.0,1.3907,1.393,1.3878,1.3917,348011.42,0.0,0.0,0
15m,1772495100.0,1.3917,1.3952,1.3884,1.39,346897.13,0.0,0.0,0
15m,1772496000.0,1.39,1.3946,1.3879,1.3895,272555.85,0.0,0.0,0
15m,1772496900.0,1.3895,1.3921,1.3834,1.3856,400319.05,0.0,0.0,0
15m,1772497800.0,1.3856,1.3949,1.382,1.3932,612419.97,0.0,0.0,0
15m,1772498700.0,1.3932,1.3949,1.3866,1.3905,227492.43,0.0,0.0,0
15m,1772499600.0,1.3905,1.3952,1.3878,1.3933,134638.78,0.0,0.0,0
15m,1772500500.0,1.3933,1.3933,1.3862,1.3865,167384.89,0.0,0.0,0
15m,1772501400.0,1.3865,1.3906,1.3819,1.3905,243549.63,0.0,0.0,0
15m,1772502300.0,1.3905,1.3905,1.3834,1.3836,116573.99,0.0,0.0,0
15m,1772503200.0,1.3836,1.3841,1.3765,1.3823,530153.92,0.0,0.0,0
15m,1772504100.0,1.3823,1.3837,1.3758,1.3792,338951.09,0.0,0.0,0
15m,1772505000.0,1.3792,1.3824,1.3776,1.3787,485161.04,0.0,0.0,0
15m,1772505900.0,1.3787,1.3828,1.3774,1.3786,206689.33,0.0,0.0,0
15m,1772506800.0,1.3786,1.3793,1.3701,1.375,373278.48,0.0,0.0,0
15m,1772507700.0,1.375,1.375,1.3676,1.3719,201468.51,0.0,0.0,0
15m,1772508600.0,1.3719,1.3766,1.3714,1.3753,181425.84,0.0,0.0,0
15m,1772509500.0,1.3753,1.3757,1.3727,1.3734,147217.44,0.0,0.0,0
15m,1772510400.0,1.3734,1.3745,1.3705,1.3714,171227.06,0.0,0.0,0
15m,1772511300.0,1.3714,1.3742,1.3696,1.3703,73992.55,0.0,0.0,0
15m,1772512200.0,1.3703,1.3716,1.3664,1.3681,98528.35,0.0,0.0,0
15m,1772513100.0,1.3681,1.3684,1.3647,1.3665,254218.98,0.0,0.0,0
15m,1772514000.0,1.3665,1.3728,1.3636,1.3727,247516.47,0.0,0.0,0
15m,1772514900.0,1.3727,1.3776,1.3723,1.3741,268032.47,0.0,0.0,0
15m,1772515800.0,1.3741,1.3743,1.3676,1.3687,203836.43,0.0,0.0,0
15m,1772516700.0,1.3687,1.3693,1.3615,1.3654,258929.97,0.0,0.0,0
15m,1772517600.0,1.3654,1.367,1.3641,1.3661,128516.95,0.0,0.0,0
15m,1772518500.0,1.3661,1.3668,1.3615,1.3625,126546.46,0.0,0.0,0
15m,1772519400.0,1.3625,1.364,1.36,1.3625,153221.22,0.0,0.0,0
15m,1772520300.0,1.3625,1.3648,1.3583,1.3614,162750.93,0.0,0.0,0
15m,1772521200.0,1.3614,1.3652,1.3597,1.3651,125022.78,0.0,0.0,0
15m,1772522100.0,1.3651,1.3676,1.3629,1.3642,147911.07,0.0,0.0,0
15m,1772523000.0,1.3642,1.3645,1.3576,1.3617,937939.26,0.0,0.0,0
15m,1772523900.0,1.3617,1.3648,1.3599,1.3639,163950.84,0.0,0.0,0
15m,1772524800.0,1.3639,1.3692,1.3625,1.3632,158257.58,0.0,0.0,0
15m,1772525700.0,1.3632,1.3663,1.3573,1.359,260475.99,0.0,0.0,0
15m,1772526600.0,1.359,1.3598,1.3515,1.3519,568186.77,0.0,0.0,0
15m,1772527500.0,1.3519,1.3533,1.3475,1.3493,528156.93,0.0,0.0,0
15m,1772528400.0,1.3493,1.3565,1.3479,1.3553,315171.46,0.0,0.0,0
15m,1772529300.0,1.3553,1.3563,1.3451,1.3456,297628.36,0.0,0.0,0
15m,1772530200.0,1.3456,1.3506,1.3422,1.3483,444348.88,0.0,0.0,0
15m,1772531100.0,1.3483,1.3487,1.3449,1.3484,212209.73,0.0,0.0,0
15m,1772532000.0,1.3484,1.3484,1.3426,1.3441,332548.28,0.0,0.0,0
15m,1772532900.0,1.3441,1.3483,1.343,1.3441,219541.49,0.0,0.0,0
15m,1772533800.0,1.3441,1.347,1.3427,1.3466,315261.55,0.0,0.0,0
15m,1772534700.0,1.3466,1.3523,1.3466,1.3506,654388.94,0.0,0.0,0
15m,1772535600.0,1.3506,1.354,1.3494,1.3518,300912.9,0.0,0.0,0
15m,1772536500.0,1.3518,1.3524,1.3471,1.3487,192632.95,0.0,0.0,0
15m,1772537400.0,1.3487,1.3522,1.3473,1.3513,186566.83,0.0,0.0,0
15m,1772538300.0,1.3513,1.3539,1.3512,1.3529,130711.04,0.0,0.0,0
15m,1772539200.0,1.3529,1.3709,1.3517,1.3662,701493.37,0.0,0.0,0
15m,1772540100.0,1.3662,1.3663,1.357,1.3596,303973.81,0.0,0.0,0
15m,1772541000.0,1.3596,1.3601,1.3551,1.3561,176126.46,0.0,0.0,0
15m,1772541900.0,1.3561,1.3602,1.3555,1.3582,170513.53,0.0,0.0,0
15m,1772542800.0,1.3582,1.3588,1.348,1.3486,282073.62,0.0,0.0,0
15m,1772543700.0,1.3486,1.3535,1.3485,1.3506,124964.9,0.0,0.0,0
15m,1772544600.0,1.3506,1.3506,1.3456,1.3482,325092.89,0.0,0.0,0
15m,1772545500.0,1.3482,1.3491,1.3437,1.3484,448250.56,0.0,0.0,0
15m,1772546400.0,1.3484,1.3535,1.3465,1.3512,352656.45,0.0,0.0,0
15m,1772547300.0,1.3512,1.3551,1.3483,1.353,377243.67,0.0,0.0,0
15m,1772548200.0,1.353,1.3629,1.3391,1.3412,1614665.92,0.0,0.0,0
15m,1772549100.0,1.3412,1.3529,1.3366,1.3465,968660.35,0.0,0.0,0
15m,1772550000.0,1.3465,1.3515,1.343,1.3481,683220.82,0.0,0.0,0
15m,1772550900.0,1.3481,1.3503,1.3391,1.3443,560614.76,0.0,0.0,0
15m,1772551800.0,1.3443,1.3626,1.3441,1.3565,924841.15,0.0,0.0,0
15m,1772552700.0,1.3565,1.3653,1.3564,1.3644,941496.6,0.0,0.0,0
15m,1772553600.0,1.3644,1.382,1.3602,1.3758,735904.68,0.0,0.0,0
15m,1772554500.0,1.3758,1.3872,1.3728,1.3822,903210.64,0.0,0.0,0
15m,1772555400.0,1.3822,1.3822,1.3547,1.3616,733156.12,0.0,0.0,0
15m,1772556300.0,1.3616,1.3747,1.3608,1.3688,451578.11,0.0,0.0,0
15m,1772557200.0,1.3688,1.3703,1.3532,1.3597,317041.06,0.0,0.0,0
15m,1772558100.0,1.3597,1.3658,1.3575,1.3632,156902.8,0.0,0.0,0
15m,1772559000.0,1.3632,1.3635,1.354,1.3632,278781.29,0.0,0.0,0
15m,1772559900.0,1.3632,1.3711,1.3608,1.3693,239589.12,0.0,0.0,0
15m,1772560800.0,1.3693,1.3728,1.3604,1.3625,323322.43,0.0,0.0,0
15m,1772561700.0,1.3625,1.3729,1.3625,1.3688,235532.63,0.0,0.0,0
15m,1772562600.0,1.3688,1.3758,1.3682,1.3704,262970.08,0.0,0.0,0
15m,1772563500.0,1.3704,1.3714,1.3655,1.3671,86103.01,0.0,0.0,0
15m,1772564400.0,1.3671,1.3678,1.3587,1.3628,170426.28,0.0,0.0,0
15m,1772565300.0,1.3628,1.3684,1.3607,1.364,159643.32,0.0,0.0,0
15m,1772566200.0,1.364,1.3671,1.3564,1.3643,334234.39,0.0,0.0,0
15m,1772567100.0,1.3643,1.3658,1.3606,1.3628,110019.42,0.0,0.0,0
15m,1772568000.0,1.3628,1.3638,1.3584,1.3584,158044.65,0.0,0.0,0
15m,1772568900.0,1.3584,1.3603,1.3553,1.3576,142848.82,0.0,0.0,0
15m,1772569800.0,1.3576,1.3622,1.3564,1.3605,110410.85,0.0,0.0,0
15m,1772570700.0,1.3605,1.3615,1.3529,1.3539,292175.95,0.0,0.0,0
15m,1772571600.0,1.3539,1.3546,1.3484,1.3518,260768.39,0.0,0.0,0
15m,1772572500.0,1.3518,1.3549,1.3487,1.35,143086.87,0.0,0.0,0
15m,1772573400.0,1.35,1.3541,1.3495,1.3532,182744.77,0.0,0.0,0
15m,1772574300.0,1.3532,1.3576,1.352,1.3561,91194.51,0.0,0.0,0
15m,1772575200.0,1.3561,1.3637,1.3556,1.3618,224034.91,0.0,0.0,0
15m,1772576100.0,1.3618,1.3626,1.3587,1.3607,73253.31,0.0,0.0,0
15m,1772577000.0,1.3607,1.3651,1.3597,1.3637,171013.6,0.0,0.0,0
15m,1772577900.0,1.3637,1.3652,1.3604,1.3628,83341.69,0.0,0.0,0
15m,1772578800.0,1.3628,1.3694,1.3602,1.3651,762976.45,0.0,0.0,0
15m,1772579700.0,1.3651,1.3657,1.3616,1.3618,207629.4,0.0,0.0,0
15m,1772580600.0,1.3618,1.3631,1.3599,1.3622,367913.58,0.0,0.0,0
15m,1772581500.0,1.3622,1.3628,1.3598,1.3607,134565.56,0.0,0.0,0
15m,1772582400.0,1.3607,1.3619,1.3573,1.3581,292941.31,0.0,0.0,0
15m,1772583300.0,1.3581,1.3634,1.3581,1.3618,326291.09,0.0,0.0,0
15m,1772584200.0,1.3618,1.3622,1.3532,1.355,237721.76,0.0,0.0,0
15m,1772585100.0,1.355,1.3628,1.355,1.3602,223703.03,0.0,0.0,0
15m,1772586000.0,1.3602,1.3628,1.356,1.3589,241801.57,0.0,0.0,0
15m,1772586900.0,1.3589,1.3649,1.3572,1.363,167084.94,0.0,0.0,0
15m,1772587800.0,1.363,1.3699,1.3618,1.3666,546675.89,0.0,0.0,0
15m,1772588700.0,1.3666,1.3666,1.3613,1.3641,281331.27,0.0,0.0,0
15m,1772589600.0,1.3641,1.3676,1.3596,1.3613,1312627.87,0.0,0.0,0
15m,1772590500.0,1.3613,1.3613,1.3552,1.3556,722710.54,0.0,0.0,0
15m,1772591400.0,1.3556,1.3595,1.3542,1.3587,473018.19,0.0,0.0,0
15m,1772592300.0,1.3587,1.3629,1.3577,1.3606,197619.91,0.0,0.0,0
15m,1772593200.0,1.3606,1.3622,1.3571,1.3602,523913.63,0.0,0.0,0
15m,1772594100.0,1.3602,1.3618,1.3547,1.3551,284044.34,0.0,0.0,0
15m,1772595000.0,1.3551,1.3555,1.3453,1.3474,810289.77,0.0,0.0,0
15m,1772595900.0,1.3474,1.3532,1.3457,1.3529,218875.95,0.0,0.0,0
15m,1772596800.0,1.3529,1.3559,1.3484,1.3522,262999.57,0.0,0.0,0
15m,1772597700.0,1.3522,1.353,1.3464,1.3472,209303.54,0.0,0.0,0
15m,1772598600.0,1.3472,1.3509,1.3452,1.3507,188805.47,0.0,0.0,0
15m,1772599500.0,1.3507,1.3531,1.35,1.3514,87374.14,0.0,0.0,0
15m,1772600400.0,1.3514,1.3542,1.3495,1.3541,129935.3,0.0,0.0,0
15m,1772601300.0,1.3541,1.3579,1.3522,1.3535,206902.23,0.0,0.0,0
15m,1772602200.0,1.3535,1.3617,1.3516,1.3596,242800.86,0.0,0.0,0
15m,1772603100.0,1.3596,1.3606,1.3564,1.3565,486778.02,0.0,0.0,0
15m,1772604000.0,1.3565,1.3566,1.3515,1.3531,636851.15,0.0,0.0,0
15m,1772604900.0,1.3531,1.3531,1.3502,1.3518,138762.74,0.0,0.0,0
15m,1772605800.0,1.3518,1.3614,1.3515,1.3607,341179.74,0.0,0.0,0
15m,1772606700.0,1.3607,1.3614,1.3584,1.3596,315632.19,0.0,0.0,0
15m,1772607600.0,1.3596,1.3616,1.3582,1.3596,197082.04,0.0,0.0,0
15m,1772608500.0,1.3596,1.3643,1.3592,1.3643,218637.81,0.0,0.0,0
15m,1772609400.0,1.3643,1.3695,1.3641,1.3682,280350.92,0.0,0.0,0
15m,1772610300.0,1.3682,1.3772,1.3667,1.3749,678955.23,0.0,0.0,0
15m,1772611200.0,1.3749,1.3795,1.3733,1.3758,962732.07,0.0,0.0,0
15m,1772612100.0,1.3758,1.3758,1.3694,1.3699,351467.22,0.0,0.0,0
15m,1772613000.0,1.3699,1.3815,1.3699,1.3813,419137.07,0.0,0.0,0
15m,1772613900.0,1.3813,1.4065,1.3813,1.4037,1869916.09,0.0,0.0,0
15m,1772614800.0,1.4037,1.4164,1.3977,1.4154,2507468.06,0.0,0.0,0
15m,1772615700.0,1.4154,1.4211,1.4097,1.4116,2295121.59,0.0,0.0,0
15m,1772616600.0,1.4116,1.4258,1.4108,1.418,1628523.05,0.0,0.0,0
15m,1772617500.0,1.418,1.4217,1.4112,1.4161,1404671.67,0.0,0.0,0
15m,1772618400.0,1.4161,1.4222,1.4137,1.4182,735087.13,0.0,0.0,0
15m,1772619300.0,1.4182,1.4184,1.4053,1.4075,938717.88,0.0,0.0,0
15m,1772620200.0,1.4075,1.4087,1.4037,1.4072,708194.71,0.0,0.0,0
15m,1772621100.0,1.4072,1.4081,1.4021,1.4047,785201.9,0.0,0.0,0
15m,1772622000.0,1.4047,1.41,1.4043,1.4099,545819.61,0.0,0.0,0
15m,1772622900.0,1.4099,1.4128,1.4062,1.4062,290132.13,0.0,0.0,0
15m,1772623800.0,1.4062,1.4069,1.3945,1.3989,662751.79,0.0,0.0,0
15m,1772624700.0,1.3989,1.4009,1.3974,1.3991,400716.21,0.0,0.0,0
15m,1772625600.0,1.3991,1.4007,1.3936,1.3936,375574.61,0.0,0.0,0
15m,1772626500.0,1.3936,1.3949,1.3857,1.3862,450726.75,0.0,0.0,0
15m,1772627400.0,1.3862,1.3911,1.383,1.3897,514333.39,0.0,0.0,0
15m,1772628300.0,1.3897,1.3948,1.3881,1.3939,306505.21,0.0,0.0,0
15m,1772629200.0,1.3939,1.4013,1.3936,1.3986,443334.1,0.0,0.0,0
15m,1772630100.0,1.3986,1.4032,1.3983,1.4002,348975.88,0.0,0.0,0
15m,1772631000.0,1.4002,1.4021,1.3977,1.3993,283657.65,0.0,0.0,0
15m,1772631900.0,1.3993,1.4063,1.3986,1.4058,382847.08,0.0,0.0,0
15m,1772632800.0,1.4058,1.41,1.4039,1.4097,885976.62,0.0,0.0,0
15m,1772633700.0,1.4097,1.4114,1.4049,1.409,466603.19,0.0,0.0,0
15m,1772634600.0,1.409,1.4254,1.4078,1.409,1886222.53,0.0,0.0,0
15m,1772635500.0,1.409,1.4161,1.4044,1.4132,1155527.34,0.0,0.0,0
15m,1772636400.0,1.4132,1.4241,1.413,1.4179,1912633.02,0.0,0.0,0
15m,1772637300.0,1.4179,1.4467,1.4174,1.4467,2562266.67,0.0,0.0,0
15m,1772638200.0,1.4467,1.4486,1.4405,1.4437,1572712.87,0.0,0.0,0
15m,1772639100.0,1.4437,1.4641,1.4436,1.4626,1567639.23,0.0,0.0,0
15m,1772640000.0,1.4626,1.4727,1.4509,1.4509,2105095.72,0.0,0.0,0
15m,1772640900.0,1.4509,1.454,1.44,1.4487,1164493.5,0.0,0.0,0
15m,1772641800.0,1.4487,1.4557,1.4472,1.4516,546692.12,0.0,0.0,0
15m,1772642700.0,1.4516,1.4524,1.4472,1.4501,233132.21,0.0,0.0,0
15m,1772643600.0,1.4501,1.4553,1.4472,1.4496,560390.74,0.0,0.0,0
15m,1772644500.0,1.4496,1.4542,1.4359,1.4379,675067.96,0.0,0.0,0
15m,1772645400.0,1.4379,1.4475,1.4379,1.4447,329508.09,0.0,0.0,0
15m,1772646300.0,1.4447,1.4458,1.4404,1.4426,336403.71,0.0,0.0,0
15m,1772647200.0,1.4426,1.4452,1.4365,1.4401,314818.02,0.0,0.0,0
15m,1772648100.0,1.4401,1.4461,1.4395,1.4446,193012.8,0.0,0.0,0
15m,1772649000.0,1.4446,1.4464,1.4399,1.446,411432.61,0.0,0.0,0
15m,1772649900.0,1.446,1.4566,1.4457,1.4542,304750.93,0.0,0.0,0
15m,1772650800.0,1.4542,1.4633,1.4522,1.4616,650507.34,0.0,0.0,0
15m,1772651700.0,1.4616,1.4698,1.455,1.4592,762459.31,0.0,0.0,0
15m,1772652600.0,1.4592,1.4701,1.4584,1.4689,339800.68,0.0,0.0,0
15m,1772653500.0,1.4689,1.4689,1.4564,1.4564,469949.16,0.0,0.0,0
15m,1772654400.0,1.4564,1.4575,1.4496,1.456,525010.83,0.0,0.0,0
15m,1772655300.0,1.456,1.464,1.4552,1.4622,314979.4,0.0,0.0,0
15m,1772656200.0,1.4622,1.4653,1.4579,1.4631,429749.47,0.0,0.0,0
15m,1772657100.0,1.4631,1.4648,1.4556,1.4595,912139.92,0.0,0.0,0
15m,1772658000.0,1.4595,1.4601,1.4528,1.4538,640366.65,0.0,0.0,0
15m,1772658900.0,1.4538,1.454,1.4478,1.448,821065.56,0.0,0.0,0
15m,1772659800.0,1.448,1.4504,1.4447,1.4486,659758.47,0.0,0.0,0
15m,1772660700.0,1.4486,1.4506,1.4457,1.4474,277620.52,0.0,0.0,0
15m,1772661600.0,1.4474,1.4535,1.4474,1.4489,363726.18,0.0,0.0,0
15m,1772662500.0,1.4489,1.4516,1.4476,1.4479,258468.75,0.0,0.0,0
15m,1772663400.0,1.4479,1.4483,1.4371,1.4384,406598.93,0.0,0.0,0
15m,1772664300.0,1.4384,1.4385,1.4276,1.4304,607544.24,0.0,0.0,0
15m,1772665200.0,1.4304,1.4343,1.4277,1.432,523176.42,0.0,0.0,0
15m,1772666100.0,1.432,1.4335,1.424,1.4257,443360.14,0.0,0.0,0
15m,1772667000.0,1.4257,1.4314,1.4166,1.4307,734183.03,0.0,0.0,0
15m,1772667900.0,1.4307,1.4333,1.4293,1.4311,125484.76,0.0,0.0,0
15m,1772668800.0,1.4311,1.4337,1.4265,1.4297,690627.23,0.0,0.0,0
15m,1772669700.0,1.4297,1.4341,1.4264,1.428,366441.57,0.0,0.0,0
15m,1772670600.0,1.428,1.4302,1.4236,1.4294,217926.67,0.0,0.0,0
15m,1772671500.0,1.4294,1.4314,1.4264,1.4269,185377.26,0.0,0.0,0
15m,1772672400.0,1.4269,1.4361,1.4239,1.4326,273025.0,0.0,0.0,0
15m,1772673300.0,1.4326,1.4334,1.4244,1.4275,252633.37,0.0,0.0,0
15m,1772674200.0,1.4275,1.4275,1.4199,1.4223,212894.52,0.0,0.0,0
15m,1772675100.0,1.4223,1.4228,1.4158,1.4191,271052.42,0.0,0.0,0
15m,1772676000.0,1.4191,1.4287,1.4188,1.4271,235103.17,0.0,0.0,0
15m,1772676900.0,1.4271,1.4286,1.4244,1.4252,102729.85,0.0,0.0,0
15m,1772677800.0,1.4252,1.4252,1.4166,1.418,133691.19,0.0,0.0,0
15m,1772678700.0,1.418,1.4221,1.418,1.42,222740.39,0.0,0.0,0
15m,1772679600.0,1.42,1.4245,1.419,1.4215,141893.49,0.0,0.0,0
15m,1772680500.0,1.4215,1.4226,1.418,1.4184,113988.84,0.0,0.0,0
15m,1772681400.0,1.4184,1.4222,1.4165,1.4165,602857.22,0.0,0.0,0
15m,1772682300.0,1.4165,1.4227,1.4165,1.4199,156519.59,0.0,0.0,0
15m,1772683200.0,1.4199,1.4255,1.4187,1.4236,196176.78,0.0,0.0,0
15m,1772684100.0,1.4236,1.4285,1.4229,1.4282,183140.45,0.0,0.0,0
15m,1772685000.0,1.4282,1.4282,1.4218,1.4275,251490.13,0.0,0.0,0
15m,1772685900.0,1.4275,1.4314,1.4259,1.4286,423090.62,0.0,0.0,0
15m,1772686800.0,1.4286,1.4303,1.4266,1.4277,110322.53,0.0,0.0,0
15m,1772687700.0,1.4277,1.428,1.4166,1.4179,334583.07,0.0,0.0,0
15m,1772688600.0,1.4179,1.419,1.4136,1.4163,336506.52,0.0,0.0,0
15m,1772689500.0,1.4163,1.4169,1.4131,1.4146,271468.66,0.0,0.0,0
15m,1772690400.0,1.4146,1.4163,1.4088,1.4105,495067.64,0.0,0.0,0
15m,1772691300.0,1.4105,1.4195,1.4103,1.4181,279927.37,0.0,0.0,0
15m,1772692200.0,1.4181,1.4194,1.4158,1.4184,201377.93,0.0,0.0,0
15m,1772693100.0,1.4184,1.425,1.4181,1.4243,174003.2,0.0,0.0,0
15m,1772694000.0,1.4243,1.4296,1.4218,1.4293,165797.15,0.0,0.0,0
15m,1772694900.0,1.4293,1.4296,1.4246,1.4251,157131.63,0.0,0.0,0
15m,1772695800.0,1.4251,1.4254,1.4162,1.4164,189448.03,0.0,0.0,0
15m,1772696700.0,1.4164,1.4173,1.4091,1.4131,697711.78,0.0,0.0,0
15m,1772697600.0,1.4131,1.4141,1.4109,1.4122,331161.99,0.0,0.0,0
15m,1772698500.0,1.4122,1.4143,1.4095,1.4107,172754.12,0.0,0.0,0
15m,1772699400.0,1.4107,1.4161,1.4094,1.4157,296528.56,0.0,0.0,0
15m,1772700300.0,1.4157,1.4191,1.4145,1.4185,273851.98,0.0,0.0,0
15m,1772701200.0,1.4185,1.4283,1.4174,1.4267,307679.52,0.0,0.0,0
15m,1772702100.0,1.4267,1.4286,1.4242,1.426,267429.24,0.0,0.0,0
15m,1772703000.0,1.426,1.4316,1.4243,1.4269,250799.29,0.0,0.0,0
15m,1772703900.0,1.4269,1.4295,1.4263,1.4286,271823.12,0.0,0.0,0
15m,1772704800.0,1.4286,1.43,1.4247,1.4278,206913.12,0.0,0.0,0
15m,1772705700.0,1.4278,1.4414,1.4261,1.4408,488723.31,0.0,0.0,0
15m,1772706600.0,1.4408,1.4479,1.4383,1.4437,499113.4,0.0,0.0,0
15m,1772707500.0,1.4437,1.4525,1.4433,1.4478,547477.9,0.0,0.0,0
15m,1772708400.0,1.4478,1.4499,1.4422,1.4445,511423.7,0.0,0.0,0
15m,1772709300.0,1.4445,1.4468,1.4405,1.4458,279513.53,0.0,0.0,0
15m,1772710200.0,1.4458,1.4458,1.4345,1.4355,420343.08,0.0,0.0,0
15m,1772711100.0,1.4355,1.4388,1.4355,1.4363,154784.05,0.0,0.0,0
15m,1772712000.0,1.4363,1.4402,1.4329,1.4374,227314.13,0.0,0.0,0
15m,1772712900.0,1.4374,1.4424,1.4336,1.4386,232683.31,0.0,0.0,0
15m,1772713800.0,1.4386,1.44,1.4351,1.4392,165399.98,0.0,0.0,0
15m,1772714700.0,1.4392,1.4428,1.4389,1.4409,257442.91,0.0,0.0,0
15m,1772715600.0,1.4409,1.4415,1.4333,1.4337,231365.51,0.0,0.0,0
15m,1772716500.0,1.4337,1.4356,1.4236,1.4284,621685.07,0.0,0.0,0
15m,1772717400.0,1.4284,1.4288,1.4203,1.4268,375347.05,0.0,0.0,0
15m,1772718300.0,1.4268,1.4301,1.4248,1.4275,487199.78,0.0,0.0,0
15m,1772719200.0,1.4275,1.4306,1.425,1.4291,348021.26,0.0,0.0,0
15m,1772720100.0,1.4291,1.4293,1.4226,1.4267,241302.05,0.0,0.0,0
15m,1772721000.0,1.4267,1.4391,1.4197,1.4212,1328824.97,0.0,0.0,0
15m,1772721900.0,1.4212,1.4401,1.4197,1.437,831887.66,0.0,0.0,0
15m,1772722800.0,1.437,1.4403,1.4176,1.422,790103.95,0.0,0.0,0
15m,1772723700.0,1.422,1.4226,1.411,1.4114,739653.25,0.0,0.0,0
15m,1772724600.0,1.4114,1.4207,1.4098,1.4153,534068.51,0.0,0.0,0
15m,1772725500.0,1.4153,1.4184,1.4122,1.4163,530479.23,0.0,0.0,0
15m,1772726400.0,1.4163,1.4168,1.396,1.4,1633465.44,0.0,0.0,0
15m,1772727300.0,1.4,1.4072,1.3993,1.406,489822.02,0.0,0.0,0
15m,1772728200.0,1.406,1.4155,1.4051,1.412,359647.92,0.0,0.0,0
15m,1772729100.0,1.412,1.4127,1.4093,1.4113,267270.74,0.0,0.0,0
15m,1772730000.0,1.4113,1.4187,1.4061,1.4089,538239.75,0.0,0.0,0
15m,1772730900.0,1.4089,1.409,1.4031,1.404,417281.62,0.0,0.0,0
15m,1772731800.0,1.404,1.4068,1.3996,1.4031,381496.38,0.0,0.0,0
15m,1772732700.0,1.4031,1.4042,1.3986,1.3999,241204.93,0.0,0.0,0
15m,1772733600.0,1.3999,1.4031,1.3984,1.4026,303088.6,0.0,0.0,0
15m,1772734500.0,1.4026,1.4061,1.4005,1.402,183821.62,0.0,0.0,0
15m,1772735400.0,1.402,1.4086,1.4016,1.4068,141340.12,0.0,0.0,0
15m,1772736300.0,1.4068,1.4115,1.4055,1.4101,132176.93,0.0,0.0,0
15m,1772737200.0,1.4101,1.4199,1.4101,1.4194,733089.49,0.0,0.0,0
15m,1772738100.0,1.4194,1.4231,1.4142,1.4156,292242.66,0.0,0.0,0
15m,1772739000.0,1.4156,1.4195,1.4125,1.4148,215245.95,0.0,0.0,0
15m,1772739900.0,1.4148,1.417,1.4103,1.4114,296960.83,0.0,0.0,0
15m,1772740800.0,1.4114,1.4152,1.4096,1.4132,378032.52,0.0,0.0,0
15m,1772741700.0,1.4132,1.4184,1.4132,1.4158,188366.39,0.0,0.0,0
15m,1772742600.0,1.4158,1.4205,1.4151,1.417,124625.23,0.0,0.0,0
15m,1772743500.0,1.417,1.419,1.4126,1.4152,387466.6,0.0,0.0,0
15m,1772744400.0,1.4152,1.4185,1.4146,1.4151,136585.52,0.0,0.0,0
15m,1772745300.0,1.4151,1.4195,1.415,1.4175,143253.66,0.0,0.0,0
15m,1772746200.0,1.4175,1.4176,1.4057,1.4068,350274.4,0.0,0.0,0
15m,1772747100.0,1.4068,1.4089,1.4035,1.4072,108799.93,0.0,0.0,0
15m,1772748000.0,1.4072,1.4086,1.4022,1.4042,271713.9,0.0,0.0,0
15m,1772748900.0,1.4042,1.4061,1.4032,1.4043,102846.39,0.0,0.0,0
15m,1772749800.0,1.4043,1.4094,1.4042,1.408,359250.16,0.0,0.0,0
15m,1772750700.0,1.408,1.4092,1.4062,1.4063,96053.66,0.0,0.0,0
15m,1772751600.0,1.4063,1.4066,1.4043,1.4054,198088.69,0.0,0.0,0
15m,1772752500.0,1.4054,1.4086,1.4052,1.4073,61666.29,0.0,0.0,0
15m,1772753400.0,1.4073,1.4075,1.4028,1.4046,200577.43,0.0,0.0,0
15m,1772754300.0,1.4046,1.4046,1.4021,1.4036,380441.66,0.0,0.0,0
15m,1772755200.0,1.4036,1.4084,1.4031,1.4081,97483.82,0.0,0.0,0
15m,1772756100.0,1.4081,1.4081,1.4052,1.4053,109307.6,0.0,0.0,0
15m,1772757000.0,1.4053,1.4054,1.4033,1.4042,98078.85,0.0,0.0,0
15m,1772757900.0,1.4042,1.4064,1.4029,1.4046,84778.52,0.0,0.0,0
15m,1772758800.0,1.4046,1.4066,1.4027,1.403,118657.26,0.0,0.0,0
15m,1772759700.0,1.403,1.4056,1.398,1.3991,344779.33,0.0,0.0,0
15m,1772760600.0,1.3991,1.4131,1.3991,1.4121,231384.08,0.0,0.0,0
15m,1772761500.0,1.4121,1.4145,1.41,1.412,165069.06,0.0,0.0,0
15m,1772762400.0,1.412,1.4137,1.4089,1.4131,87744.24,0.0,0.0,0
15m,1772763300.0,1.4131,1.4146,1.4088,1.4116,233466.49,0.0,0.0,0
15m,1772764200.0,1.4116,1.4125,1.4094,1.4122,96045.53,0.0,0.0,0
15m,1772765100.0,1.4122,1.4122,1.4089,1.4097,170408.54,0.0,0.0,0
15m,1772766000.0,1.4097,1.4115,1.4035,1.4042,161052.11,0.0,0.0,0
15m,1772766900.0,1.4042,1.4092,1.4036,1.4077,133314.8,0.0,0.0,0
15m,1772767800.0,1.4077,1.4082,1.405,1.4062,153191.24,0.0,0.0,0
15m,1772768700.0,1.4062,1.4062,1.404,1.4055,157533.82,0.0,0.0,0
15m,1772769600.0,1.4055,1.4061,1.4013,1.4014,182517.87,0.0,0.0,0
15m,1772770500.0,1.4014,1.4033,1.4008,1.4022,112040.02,0.0,0.0,0
15m,1772771400.0,1.4022,1.4044,1.3914,1.3961,519986.31,0.0,0.0,0
15m,1772772300.0,1.3961,1.3997,1.395,1.3993,188863.84,0.0,0.0,0
15m,1772773200.0,1.3993,1.4008,1.3975,1.4005,156194.82,0.0,0.0,0
15m,1772774100.0,1.4005,1.403,1.395,1.3968,90260.22,0.0,0.0,0
15m,1772775000.0,1.3968,1.3987,1.3928,1.3935,205131.28,0.0,0.0,0
15m,1772775900.0,1.3935,1.4003,1.3929,1.3986,205711.06,0.0,0.0,0
15m,1772776800.0,1.3986,1.4007,1.3969,1.3978,156629.51,0.0,0.0,0
15m,1772777700.0,1.3978,1.401,1.3968,1.3995,59396.93,0.0,0.0,0
15m,1772778600.0,1.3995,1.4016,1.3982,1.4016,232221.08,0.0,0.0,0
15m,1772779500.0,1.4016,1.4052,1.4005,1.4007,82924.61,0.0,0.0,0
15m,1772780400.0,1.4007,1.403,1.3974,1.3993,181957.11,0.0,0.0,0
15m,1772781300.0,1.3993,1.4073,1.3991,1.407,146945.69,0.0,0.0,0
15m,1772782200.0,1.407,1.4083,1.4052,1.4074,345638.31,0.0,0.0,0
15m,1772783100.0,1.4074,1.4087,1.4064,1.4079,64192.23,0.0,0.0,0
15m,1772784000.0,1.4079,1.4081,1.404,1.4058,250708.71,0.0,0.0,0
15m,1772784900.0,1.4058,1.407,1.4032,1.4032,193599.22,0.0,0.0,0
15m,1772785800.0,1.4032,1.4049,1.4015,1.4033,73507.3,0.0,0.0,0
15m,1772786700.0,1.4033,1.4059,1.4031,1.4051,98334.66,0.0,0.0,0
15m,1772787600.0,1.4051,1.4066,1.3987,1.4005,121996.11,0.0,0.0,0
15m,1772788500.0,1.4005,1.4016,1.3952,1.3961,298845.58,0.0,0.0,0
15m,1772789400.0,1.3961,1.397,1.3924,1.3949,185917.97,0.0,0.0,0
15m,1772790300.0,1.3949,1.3981,1.3927,1.398,146595.46,0.0,0.0,0
15m,1772791200.0,1.398,1.4036,1.3973,1.4036,109265.82,0.0,0.0,0
15m,1772792100.0,1.4036,1.4066,1.4029,1.4063,180899.88,0.0,0.0,0
15m,1772793000.0,1.4063,1.4077,1.4041,1.4049,134394.4,0.0,0.0,0
15m,1772793900.0,1.4049,1.4049,1.4024,1.4029,143842.7,0.0,0.0,0
15m,1772794800.0,1.4029,1.4045,1.3992,1.4029,246507.47,0.0,0.0,0
15m,1772795700.0,1.4029,1.4029,1.4,1.401,237246.86,0.0,0.0,0
15m,1772796600.0,1.401,1.401,1.3958,1.3963,182942.75,0.0,0.0,0
15m,1772797500.0,1.3963,1.397,1.3935,1.3947,253429.64,0.0,0.0,0
15m,1772798400.0,1.3947,1.3947,1.3855,1.3895,627070.2,0.0,0.0,0
15m,1772799300.0,1.3895,1.3963,1.3895,1.3932,123427.77,0.0,0.0,0
15m,1772800200.0,1.3932,1.3941,1.3862,1.3867,197586.61,0.0,0.0,0
15m,1772801100.0,1.3867,1.3922,1.3845,1.3891,536083.47,0.0,0.0,0
15m,1772802000.0,1.3891,1.3906,1.388,1.3897,189452.22,0.0,0.0,0
15m,1772802900.0,1.3897,1.3957,1.3874,1.392,266962.19,0.0,0.0,0
15m,1772803800.0,1.392,1.3973,1.3796,1.3888,1941117.48,0.0,0.0,0
15m,1772804700.0,1.3888,1.3888,1.3719,1.3722,1307261.04,0.0,0.0,0
15m,1772805600.0,1.3722,1.3746,1.3606,1.3651,1195948.59,0.0,0.0,0
15m,1772806500.0,1.3651,1.3695,1.3635,1.3675,613385.54,0.0,0.0,0
15m,1772807400.0,1.3675,1.3701,1.3544,1.3592,1171763.21,0.0,0.0,0
15m,1772808300.0,1.3592,1.3626,1.351,1.3555,963350.31,0.0,0.0,0
15m,1772809200.0,1.3555,1.3605,1.3544,1.3589,781844.01,0.0,0.0,0
15m,1772810100.0,1.3589,1.3664,1.3586,1.3624,681281.78,0.0,0.0,0
15m,1772811000.0,1.3624,1.3659,1.3589,1.3599,486833.96,0.0,0.0,0
15m,1772811900.0,1.3599,1.3599,1.353,1.3564,522726.83,0.0,0.0,0
15m,1772812800.0,1.3564,1.3612,1.3539,1.3563,601107.61,0.0,0.0,0
15m,1772813700.0,1.3563,1.3593,1.3547,1.3587,368101.67,0.0,0.0,0
15m,1772814600.0,1.3587,1.3624,1.3571,1.3609,293123.13,0.0,0.0,0
15m,1772815500.0,1.3609,1.3632,1.3554,1.3572,463715.48,0.0,0.0,0
15m,1772816400.0,1.3572,1.3592,1.3557,1.3563,354168.87,0.0,0.0,0
15m,1772817300.0,1.3563,1.358,1.3524,1.3535,695735.08,0.0,0.0,0
15m,1772818200.0,1.3535,1.3536,1.3457,1.3487,1204019.0,0.0,0.0,0
15m,1772819100.0,1.3487,1.3512,1.3484,1.3494,768115.47,0.0,0.0,0
15m,1772820000.0,1.3494,1.3568,1.3492,1.3567,1075933.01,0.0,0.0,0
15m,1772820900.0,1.3567,1.3596,1.3553,1.3559,798220.82,0.0,0.0,0
15m,1772821800.0,1.3559,1.3617,1.3558,1.3614,638045.54,0.0,0.0,0
15m,1772822700.0,1.3614,1.3625,1.3574,1.3578,973109.97,0.0,0.0,0
15m,1772823600.0,1.3578,1.3648,1.3578,1.3645,1618679.4,0.0,0.0,0
15m,1772824500.0,1.3645,1.3659,1.3605,1.3615,823047.36,0.0,0.0,0
15m,1772825400.0,1.3615,1.3647,1.3611,1.3611,693929.75,0.0,0.0,0
15m,1772826300.0,1.3611,1.364,1.3594,1.3631,623631.76,0.0,0.0,0
15m,1772827200.0,1.3631,1.3642,1.3598,1.3602,502217.01,0.0,0.0,0
15m,1772828100.0,1.3602,1.3615,1.3559,1.3563,197303.46,0.0,0.0,0
15m,1772829000.0,1.3563,1.3594,1.3547,1.3572,345058.06,0.0,0.0,0
15m,1772829900.0,1.3572,1.36,1.3542,1.3571,519031.21,0.0,0.0,0
15m,1772830800.0,1.3571,1.3598,1.356,1.3594,132457.13,0.0,0.0,0
15m,1772831700.0,1.3594,1.3614,1.3585,1.3613,110829.97,0.0,0.0,0
15m,1772832600.0,1.3613,1.362,1.3594,1.362,186308.38,0.0,0.0,0
15m,1772833500.0,1.362,1.365,1.3618,1.3637,398529.78,0.0,0.0,0
15m,1772834400.0,1.3637,1.3653,1.363,1.3645,188199.0,0.0,0.0,0
15m,1772835300.0,1.3645,1.3665,1.3642,1.3657,97205.68,0.0,0.0,0
15m,1772836200.0,1.3657,1.3694,1.3645,1.3688,180591.46,0.0,0.0,0
15m,1772837100.0,1.3688,1.3718,1.3687,1.3692,55242.43,0.0,0.0,0
15m,1772838000.0,1.3692,1.3692,1.3638,1.3661,128152.12,0.0,0.0,0
15m,1772838900.0,1.3661,1.3671,1.3653,1.3656,34858.23,0.0,0.0,0
15m,1772839800.0,1.3656,1.3657,1.363,1.3635,56007.51,0.0,0.0,0
15m,1772840700.0,1.3635,1.3646,1.363,1.3634,47305.8,0.0,0.0,0
15m,1772841600.0,1.3634,1.369,1.363,1.3659,112332.9,0.0,0.0,0
15m,1772842500.0,1.3659,1.369,1.3654,1.3678,109985.67,0.0,0.0,0
15m,1772843400.0,1.3678,1.3706,1.3664,1.3664,157113.26,0.0,0.0,0
15m,1772844300.0,1.3664,1.3691,1.3662,1.3682,54251.61,0.0,0.0,0
15m,1772845200.0,1.3682,1.3696,1.3658,1.3659,61868.05,0.0,0.0,0
15m,1772846100.0,1.3659,1.3674,1.3656,1.3664,56210.99,0.0,0.0,0
15m,1772847000.0,1.3664,1.3674,1.3647,1.3673,114446.39,0.0,0.0,0
15m,1772847900.0,1.3673,1.3688,1.3669,1.3677,78605.11,0.0,0.0,0
15m,1772848800.0,1.3677,1.3684,1.3663,1.3663,23741.2,0.0,0.0,0
15m,1772849700.0,1.3663,1.3671,1.3631,1.3636,60761.94,0.0,0.0,0
15m,1772850600.0,1.3636,1.3654,1.3625,1.3648,76406.5,0.0,0.0,0
15m,1772851500.0,1.3648,1.3687,1.3646,1.3676,111485.89,0.0,0.0,0
15m,1772852400.0,1.3676,1.3749,1.3676,1.3746,143734.03,0.0,0.0,0
15m,1772853300.0,1.3746,1.3746,1.368,1.3683,144051.05,0.0,0.0,0
15m,1772854200.0,1.3683,1.3695,1.3671,1.3685,49585.21,0.0,0.0,0
15m,1772855100.0,1.3685,1.3685,1.3654,1.3662,49368.22,0.0,0.0,0
15m,1772856000.0,1.3662,1.3662,1.3608,1.3632,334883.39,0.0,0.0,0
15m,1772856900.0,1.3632,1.3647,1.3625,1.364,67598.16,0.0,0.0,0
15m,1772857800.0,1.364,1.3649,1.3612,1.3635,66519.56,0.0,0.0,0
15m,1772858700.0,1.3635,1.3643,1.3629,1.3631,40374.47,0.0,0.0,0
15m,1772859600.0,1.3631,1.3646,1.3622,1.3634,152336.44,0.0,0.0,0
15m,1772860500.0,1.3634,1.3667,1.3627,1.3656,182976.72,0.0,0.0,0
15m,1772861400.0,1.3656,1.3673,1.3641,1.3669,96945.67,0.0,0.0,0
15m,1772862300.0,1.3669,1.3679,1.3662,1.3671,69692.36,0.0,0.0,0
15m,1772863200.0,1.3671,1.3685,1.3662,1.3665,94608.56,0.0,0.0,0
15m,1772864100.0,1.3665,1.3669,1.3647,1.3647,71141.73,0.0,0.0,0
15m,1772865000.0,1.3647,1.3657,1.3625,1.3657,56698.91,0.0,0.0,0
15m,1772865900.0,1.3657,1.3661,1.3608,1.3634,155883.36,0.0,0.0,0
15m,1772866800.0,1.3634,1.3655,1.3612,1.365,340286.28,0.0,0.0,0
15m,1772867700.0,1.365,1.3655,1.3628,1.364,171495.76,0.0,0.0,0
15m,1772868600.0,1.364,1.3647,1.3622,1.3645,110779.76,0.0,0.0,0
15m,1772869500.0,1.3645,1.3679,1.3645,1.3671,62996.1,0.0,0.0,0
15m,1772870400.0,1.3671,1.3687,1.3664,1.367,94872.1,0.0,0.0,0
15m,1772871300.0,1.367,1.3692,1.367,1.367,125192.35,0.0,0.0,0
15m,1772872200.0,1.367,1.3683,1.3661,1.3668,138650.83,0.0,0.0,0
15m,1772873100.0,1.3668,1.3677,1.3646,1.3652,72681.3,0.0,0.0,0
15m,1772874000.0,1.3652,1.3654,1.363,1.3652,90798.94,0.0,0.0,0
15m,1772874900.0,1.3652,1.3681,1.3652,1.3658,85314.37,0.0,0.0,0
15m,1772875800.0,1.3658,1.3667,1.3652,1.3667,90521.79,0.0,0.0,0
15m,1772876700.0,1.3667,1.3674,1.3651,1.3653,122227.58,0.0,0.0,0
15m,1772877600.0,1.3653,1.3681,1.365,1.3681,43321.18,0.0,0.0,0
15m,1772878500.0,1.3681,1.3684,1.3658,1.3659,41013.19,0.0,0.0,0
15m,1772879400.0,1.3659,1.3673,1.3658,1.367,53282.03,0.0,0.0,0
15m,1772880300.0,1.367,1.3676,1.3658,1.3659,151596.3,0.0,0.0,0
15m,1772881200.0,1.3659,1.3736,1.3653,1.3729,454004.97,0.0,0.0,0
15m,1772882100.0,1.3729,1.3733,1.371,1.3717,205421.85,0.0,0.0,0
15m,1772883000.0,1.3717,1.3719,1.3705,1.3709,96158.77,0.0,0.0,0
15m,1772883900.0,1.3709,1.3711,1.3698,1.3698,103719.78,0.0,0.0,0
15m,1772884800.0,1.3698,1.3699,1.3653,1.366,85644.45,0.0,0.0,0
15m,1772885700.0,1.366,1.3673,1.3658,1.3667,63702.7,0.0,0.0,0
15m,1772886600.0,1.3667,1.3671,1.3641,1.3646,100709.89,0.0,0.0,0
15m,1772887500.0,1.3646,1.3651,1.3622,1.364,217400.75,0.0,0.0,0
15m,1772888400.0,1.364,1.3652,1.3626,1.3637,111296.5,0.0,0.0,0
15m,1772889300.0,1.3637,1.3657,1.3631,1.3648,111199.16,0.0,0.0,0
15m,1772890200.0,1.3648,1.3676,1.3617,1.3634,295475.88,0.0,0.0,0
15m,1772891100.0,1.3634,1.3644,1.3623,1.3628,79086.89,0.0,0.0,0
15m,1772892000.0,1.3628,1.3628,1.3564,1.3585,778706.61,0.0,0.0,0
15m,1772892900.0,1.3585,1.36,1.3577,1.3596,154860.07,0.0,0.0,0
15m,1772893800.0,1.3596,1.367,1.3594,1.3651,167906.45,0.0,0.0,0
15m,1772894700.0,1.3651,1.3658,1.3637,1.3637,77230.68,0.0,0.0,0
15m,1772895600.0,1.3637,1.3637,1.36,1.3612,59923.26,0.0,0.0,0
15m,1772896500.0,1.3612,1.3615,1.3591,1.3605,155816.11,0.0,0.0,0
15m,1772897400.0,1.3605,1.3616,1.3541,1.3559,428635.34,0.0,0.0,0
15m,1772898300.0,1.3559,1.3577,1.355,1.3572,264064.77,0.0,0.0,0
15m,1772899200.0,1.3572,1.3584,1.3559,1.3582,172364.72,0.0,0.0,0
15m,1772900100.0,1.3582,1.3585,1.3558,1.3582,205220.55,0.0,0.0,0
15m,1772901000.0,1.3582,1.3599,1.3578,1.3599,127042.06,0.0,0.0,0
15m,1772901900.0,1.3599,1.3611,1.3582,1.361,80111.91,0.0,0.0,0
15m,1772902800.0,1.361,1.3626,1.3609,1.3625,48415.85,0.0,0.0,0
15m,1772903700.0,1.3625,1.3649,1.3618,1.3638,177056.1,0.0,0.0,0
15m,1772904600.0,1.3638,1.364,1.3631,1.3635,72448.97,0.0,0.0,0
15m,1772905500.0,1.3635,1.3635,1.3604,1.3605,80037.12,0.0,0.0,0
15m,1772906400.0,1.3605,1.3607,1.3515,1.356,645505.97,0.0,0.0,0
15m,1772907300.0,1.356,1.3574,1.3551,1.3574,165581.19,0.0,0.0,0
15m,1772908200.0,1.3574,1.3574,1.3537,1.3569,96475.79,0.0,0.0,0
15m,1772909100.0,1.3569,1.3576,1.356,1.3569,94916.2,0.0,0.0,0
15m,1772910000.0,1.3569,1.3569,1.3537,1.3546,116266.11,0.0,0.0,0
15m,1772910900.0,1.3546,1.3553,1.3501,1.3514,571765.13,0.0,0.0,0
15m,1772911800.0,1.3514,1.3548,1.3504,1.3541,268516.85,0.0,0.0,0
15m,1772912700.0,1.3541,1.3541,1.3468,1.3502,652323.35,0.0,0.0,0
15m,1772913600.0,1.3502,1.355,1.3502,1.3537,107331.43,0.0,0.0,0
15m,1772914500.0,1.3537,1.3551,1.3523,1.3545,52221.15,0.0,0.0,0
15m,1772915400.0,1.3545,1.3563,1.354,1.3557,140421.56,0.0,0.0,0
15m,1772916300.0,1.3557,1.3561,1.3543,1.3553,70601.14,0.0,0.0,0
15m,1772917200.0,1.3553,1.3592,1.3546,1.3572,140089.73,0.0,0.0,0
15m,1772918100.0,1.3572,1.3586,1.3563,1.3583,201175.99,0.0,0.0,0
15m,1772919000.0,1.3583,1.3587,1.3562,1.3576,188934.73,0.0,0.0,0
15m,1772919900.0,1.3576,1.3576,1.3553,1.3566,32043.05,0.0,0.0,0
15m,1772920800.0,1.3566,1.3569,1.3531,1.3531,244449.43,0.0,0.0,0
15m,1772921700.0,1.3531,1.3544,1.352,1.3539,93946.31,0.0,0.0,0
15m,1772922600.0,1.3539,1.3555,1.3504,1.3546,164116.79,0.0,0.0,0
15m,1772923500.0,1.3546,1.3563,1.3523,1.3536,76912.6,0.0,0.0,0
15m,1772924400.0,1.3536,1.3556,1.3528,1.3551,125263.52,0.0,0.0,0
15m,1772925300.0,1.3551,1.3574,1.3544,1.3564,24204.03,0.0,0.0,0
15m,1772926200.0,1.3564,1.3569,1.3557,1.3563,75458.4,0.0,0.0,0
15m,1772927100.0,1.3563,1.3572,1.356,1.3567,22084.41,0.0,0.0,0
15m,1772928000.0,1.3567,1.3607,1.3567,1.359,252422.21,0.0,0.0,0
15m,1772928900.0,1.359,1.3595,1.3559,1.3564,60862.51,0.0,0.0,0
15m,1772929800.0,1.3564,1.3568,1.3544,1.3556,130453.38,0.0,0.0,0
15m,1772930700.0,1.3556,1.3558,1.3541,1.355,54574.6,0.0,0.0,0
15m,1772931600.0,1.355,1.3553,1.3525,1.3541,211444.19,0.0,0.0,0
15m,1772932500.0,1.3541,1.3557,1.3531,1.3531,200870.63,0.0,0.0,0
15m,1772933400.0,1.3531,1.3559,1.351,1.3559,134167.8,0.0,0.0,0
15m,1772934300.0,1.3559,1.3579,1.3558,1.3571,114050.5,0.0,0.0,0
15m,1772935200.0,1.3571,1.3574,1.3553,1.3566,32257.87,0.0,0.0,0
15m,1772936100.0,1.3566,1.3571,1.3526,1.3527,104540.58,0.0,0.0,0
15m,1772937000.0,1.3527,1.3559,1.3509,1.3556,210949.51,0.0,0.0,0
15m,1772937900.0,1.3556,1.3556,1.3448,1.3475,630796.62,0.0,0.0,0
15m,1772938800.0,1.3475,1.3481,1.3445,1.3475,339402.33,0.0,0.0,0
15m,1772939700.0,1.3475,1.3512,1.3475,1.3492,290257.62,0.0,0.0,0
15m,1772940600.0,1.3492,1.351,1.3488,1.3508,302440.67,0.0,0.0,0
15m,1772941500.0,1.3508,1.3514,1.348,1.3485,93256.96,0.0,0.0,0
15m,1772942400.0,1.3485,1.3498,1.3453,1.3468,129541.22,0.0,0.0,0
15m,1772943300.0,1.3468,1.3474,1.3456,1.3464,112025.49,0.0,0.0,0
15m,1772944200.0,1.3464,1.3466,1.3441,1.3459,194037.54,0.0,0.0,0
15m,1772945100.0,1.3459,1.3461,1.3414,1.3438,190838.64,0.0,0.0,0
15m,1772946000.0,1.3438,1.3513,1.3438,1.351,132136.68,0.0,0.0,0
15m,1772946900.0,1.351,1.3562,1.3505,1.3545,179266.29,0.0,0.0,0
15m,1772947800.0,1.3545,1.3569,1.3525,1.3532,292674.05,0.0,0.0,0
15m,1772948700.0,1.3532,1.3553,1.3528,1.3537,51898.05,0.0,0.0,0
15m,1772949600.0,1.3537,1.3561,1.3507,1.3507,158948.36,0.0,0.0,0
15m,1772950500.0,1.3507,1.3515,1.3499,1.3507,49708.07,0.0,0.0,0
15m,1772951400.0,1.3507,1.3517,1.3498,1.3516,52645.45,0.0,0.0,0
15m,1772952300.0,1.3516,1.3539,1.3503,1.3522,93980.95,0.0,0.0,0
15m,1772953200.0,1.3522,1.3602,1.3517,1.3594,155055.14,0.0,0.0,0
15m,1772954100.0,1.3594,1.3625,1.358,1.3595,220559.2,0.0,0.0,0
15m,1772955000.0,1.3595,1.3623,1.359,1.3614,107864.57,0.0,0.0,0
15m,1772955900.0,1.3614,1.3628,1.3589,1.3602,180796.82,0.0,0.0,0
15m,1772956800.0,1.3602,1.3609,1.3565,1.3565,242213.75,0.0,0.0,0
15m,1772957700.0,1.3565,1.3569,1.3546,1.3568,44627.93,0.0,0.0,0
15m,1772958600.0,1.3568,1.3613,1.355,1.3609,160915.85,0.0,0.0,0
15m,1772959500.0,1.3609,1.362,1.3591,1.3591,69617.22,0.0,0.0,0
15m,1772960400.0,1.3591,1.3622,1.356,1.3613,104586.88,0.0,0.0,0
15m,1772961300.0,1.3613,1.3665,1.3609,1.3648,295698.14,0.0,0.0,0
15m,1772962200.0,1.3648,1.3649,1.3619,1.3625,91247.19,0.0,0.0,0
15m,1772963100.0,1.3625,1.3628,1.3613,1.3614,81546.96,0.0,0.0,0
15m,1772964000.0,1.3614,1.3638,1.3612,1.3624,99226.95,0.0,0.0,0
15m,1772964900.0,1.3624,1.3713,1.362,1.3687,237820.2,0.0,0.0,0
15m,1772965800.0,1.3687,1.3698,1.367,1.3692,203096.02,0.0,0.0,0
15m,1772966700.0,1.3692,1.3692,1.3666,1.368,96937.74,0.0,0.0,0
15m,1772967600.0,1.368,1.368,1.3578,1.3596,173575.87,0.0,0.0,0
15m,1772968500.0,1.3596,1.3632,1.3596,1.3616,90504.96,0.0,0.0,0
15m,1772969400.0,1.3616,1.3641,1.3575,1.3576,132754.18,0.0,0.0,0
15m,1772970300.0,1.3576,1.3587,1.3562,1.3576,47522.49,0.0,0.0,0
15m,1772971200.0,1.3576,1.3592,1.3469,1.348,237534.74,0.0,0.0,0
15m,1772972100.0,1.348,1.3565,1.3448,1.3554,311111.18,0.0,0.0,0
15m,1772973000.0,1.3554,1.3554,1.3519,1.3525,385272.07,0.0,0.0,0
15m,1772973900.0,1.3525,1.3532,1.3506,1.3517,84739.37,0.0,0.0,0
15m,1772974800.0,1.3517,1.3536,1.345,1.3453,272891.32,0.0,0.0,0
15m,1772975700.0,1.3453,1.3497,1.3411,1.3485,967071.73,0.0,0.0,0
15m,1772976600.0,1.3485,1.3485,1.3427,1.3463,355539.23,0.0,0.0,0
15m,1772977500.0,1.3463,1.3512,1.3456,1.3501,242506.18,0.0,0.0,0
15m,1772978400.0,1.3501,1.3531,1.3495,1.3508,169058.11,0.0,0.0,0
15m,1772979300.0,1.3508,1.3527,1.3471,1.3473,146780.61,0.0,0.0,0
15m,1772980200.0,1.3473,1.3503,1.3455,1.3465,387850.4,0.0,0.0,0
15m,1772981100.0,1.3465,1.35,1.3455,1.3497,98006.32,0.0,0.0,0
15m,1772982000.0,1.3497,1.3498,1.3466,1.3491,171219.94,0.0,0.0,0
15m,1772982900.0,1.3491,1.3491,1.3446,1.345,405341.07,0.0,0.0,0
15m,1772983800.0,1.345,1.3456,1.3429,1.3436,366082.47,0.0,0.0,0
15m,1772984700.0,1.3436,1.3473,1.3433,1.3457,259331.8,0.0,0.0,0
15m,1772985600.0,1.3457,1.3457,1.3427,1.3433,259156.7,0.0,0.0,0
15m,1772986500.0,1.3433,1.3445,1.3416,1.3431,398144.11,0.0,0.0,0
15m,1772987400.0,1.3431,1.3436,1.338,1.3425,434083.75,0.0,0.0,0
15m,1772988300.0,1.3425,1.3425,1.3378,1.3395,136667.0,0.0,0.0,0
15m,1772989200.0,1.3395,1.3461,1.3391,1.3445,165194.76,0.0,0.0,0
15m,1772990100.0,1.3445,1.346,1.3433,1.3435,55150.94,0.0,0.0,0
15m,1772991000.0,1.3435,1.3445,1.3414,1.342,144306.17,0.0,0.0,0
15m,1772991900.0,1.342,1.3444,1.3415,1.3439,90325.12,0.0,0.0,0
15m,1772992800.0,1.3439,1.3447,1.3426,1.3432,233348.23,0.0,0.0,0
15m,1772993700.0,1.3432,1.3449,1.3399,1.3442,351126.61,0.0,0.0,0
15m,1772994600.0,1.3442,1.3483,1.3418,1.3423,271988.49,0.0,0.0,0
15m,1772995500.0,1.3423,1.3462,1.3419,1.3454,267736.53,0.0,0.0,0
15m,1772996400.0,1.3454,1.3515,1.3431,1.3498,360386.2,0.0,0.0,0
15m,1772997300.0,1.3498,1.3572,1.3496,1.3566,292121.45,0.0,0.0,0
15m,1772998200.0,1.3566,1.3596,1.3556,1.359,163650.1,0.0,0.0,0
15m,1772999100.0,1.359,1.3597,1.3529,1.3561,92690.52,0.0,0.0,0
15m,1773000000.0,1.3561,1.3566,1.3522,1.3529,80238.9,0.0,0.0,0
15m,1773000900.0,1.3529,1.3551,1.3521,1.353,55804.98,0.0,0.0,0
15m,1773001800.0,1.353,1.3626,1.3528,1.3577,215200.79,0.0,0.0,0
15m,1773002700.0,1.3577,1.3578,1.3533,1.3534,76960.28,0.0,0.0,0
15m,1773003600.0,1.3534,1.3544,1.3442,1.3455,333012.04,0.0,0.0,0
15m,1773004500.0,1.3455,1.3492,1.345,1.3479,98920.03,0.0,0.0,0
15m,1773005400.0,1.3479,1.3489,1.3464,1.3476,84560.55,0.0,0.0,0
15m,1773006300.0,1.3476,1.3488,1.3468,1.3478,68154.03,0.0,0.0,0
15m,1773007200.0,1.3478,1.3478,1.3218,1.3344,2141787.56,0.0,0.0,0
15m,1773008100.0,1.3344,1.3421,1.3283,1.3398,841209.19,0.0,0.0,0
15m,1773009000.0,1.3398,1.3492,1.3361,1.343,405139.33,0.0,0.0,0
15m,1773009900.0,1.343,1.3482,1.3425,1.3455,222931.15,0.0,0.0,0
15m,1773010800.0,1.3455,1.3501,1.3427,1.3483,353529.31,0.0,0.0,0
15m,1773011700.0,1.3483,1.3497,1.3454,1.3474,115081.81,0.0,0.0,0
15m,1773012600.0,1.3474,1.3488,1.3418,1.3422,259804.92,0.0,0.0,0
15m,1773013500.0,1.3422,1.3454,1.3389,1.3403,269512.92,0.0,0.0,0
15m,1773014400.0,1.3403,1.3507,1.3398,1.3495,520998.63,0.0,0.0,0
15m,1773015300.0,1.3495,1.3517,1.3389,1.3474,540530.33,0.0,0.0,0
15m,1773016200.0,1.3474,1.3604,1.3472,1.3525,513027.5,0.0,0.0,0
15m,1773017100.0,1.3525,1.3548,1.3482,1.3493,258551.15,0.0,0.0,0
15m,1773018000.0,1.3493,1.3497,1.3428,1.346,216726.22,0.0,0.0,0
15m,1773018900.0,1.346,1.3524,1.346,1.3487,292876.74,0.0,0.0,0
15m,1773019800.0,1.3487,1.3537,1.3457,1.351,315085.32,0.0,0.0,0
15m,1773020700.0,1.351,1.3513,1.3414,1.3422,178402.38,0.0,0.0,0
15m,1773021600.0,1.3422,1.3472,1.3387,1.3423,186589.11,0.0,0.0,0
15m,1773022500.0,1.3423,1.343,1.339,1.3395,133257.32,0.0,0.0,0
15m,1773023400.0,1.3395,1.3495,1.3377,1.3481,296160.41,0.0,0.0,0
15m,1773024300.0,1.3481,1.35,1.346,1.346,233999.29,0.0,0.0,0
15m,1773025200.0,1.346,1.3639,1.3452,1.3617,852835.13,0.0,0.0,0
15m,1773026100.0,1.3617,1.3653,1.3535,1.3563,691614.73,0.0,0.0,0
15m,1773027000.0,1.3563,1.3577,1.3511,1.3515,219381.99,0.0,0.0,0
15m,1773027900.0,1.3515,1.3524,1.3484,1.3507,171558.43,0.0,0.0,0
15m,1773028800.0,1.3507,1.3534,1.3501,1.3516,70130.82,0.0,0.0,0
15m,1773029700.0,1.3516,1.3558,1.3502,1.3551,79878.24,0.0,0.0,0
15m,1773030600.0,1.3551,1.3551,1.3498,1.3513,52047.43,0.0,0.0,0
15m,1773031500.0,1.3513,1.3521,1.344,1.344,66397.94,0.0,0.0,0
15m,1773032400.0,1.344,1.3454,1.3422,1.3444,83453.62,0.0,0.0,0
15m,1773033300.0,1.3444,1.3493,1.3443,1.3452,214676.6,0.0,0.0,0
15m,1773034200.0,1.3452,1.3571,1.3439,1.3544,525620.53,0.0,0.0,0
15m,1773035100.0,1.3544,1.3587,1.3516,1.3549,392375.47,0.0,0.0,0
15m,1773036000.0,1.3549,1.3558,1.3523,1.3545,353953.09,0.0,0.0,0
15m,1773036900.0,1.3545,1.3587,1.3524,1.3525,91923.39,0.0,0.0,0
15m,1773037800.0,1.3525,1.3538,1.3446,1.3461,124830.92,0.0,0.0,0
15m,1773038700.0,1.3461,1.3475,1.3446,1.345,171207.07,0.0,0.0,0
15m,1773039600.0,1.345,1.3454,1.3389,1.3394,574663.56,0.0,0.0,0
15m,1773040500.0,1.3394,1.3413,1.333,1.338,694139.1,0.0,0.0,0
15m,1773041400.0,1.338,1.3411,1.3376,1.3392,683499.54,0.0,0.0,0
15m,1773042300.0,1.3392,1.3416,1.3381,1.3408,571403.5,0.0,0.0,0
15m,1773043200.0,1.3408,1.3446,1.3396,1.3437,425465.56,0.0,0.0,0
15m,1773044100.0,1.3437,1.3482,1.3413,1.346,318453.99,0.0,0.0,0
15m,1773045000.0,1.346,1.3484,1.3422,1.3437,161473.48,0.0,0.0,0
15m,1773045900.0,1.3437,1.3467,1.3427,1.3463,91662.83,0.0,0.0,0
15m,1773046800.0,1.3463,1.3468,1.3415,1.346,125495.47,0.0,0.0,0
15m,1773047700.0,1.346,1.3518,1.3451,1.3502,389817.06,0.0,0.0,0
15m,1773048600.0,1.3502,1.3631,1.3475,1.3617,498895.66,0.0,0.0,0
15m,1773049500.0,1.3617,1.3633,1.3537,1.3551,331415.36,0.0,0.0,0
15m,1773050400.0,1.3551,1.3565,1.3531,1.3544,144150.32,0.0,0.0,0
15m,1773051300.0,1.3544,1.356,1.3526,1.3526,94803.58,0.0,0.0,0
15m,1773052200.0,1.3526,1.3533,1.3476,1.3487,132717.83,0.0,0.0,0
15m,1773053100.0,1.3487,1.3487,1.3457,1.3475,78995.79,0.0,0.0,0
15m,1773054000.0,1.3475,1.3489,1.3462,1.3477,79058.2,0.0,0.0,0
15m,1773054900.0,1.3477,1.3477,1.3417,1.3449,214219.29,0.0,0.0,0
15m,1773055800.0,1.3449,1.3499,1.3445,1.3493,94383.15,0.0,0.0,0
15m,1773056700.0,1.3493,1.3515,1.3476,1.3502,126994.47,0.0,0.0,0
15m,1773057600.0,1.3502,1.3527,1.3498,1.3522,110717.33,0.0,0.0,0
15m,1773058500.0,1.3522,1.3572,1.3517,1.3571,151951.81,0.0,0.0,0
15m,1773059400.0,1.3571,1.358,1.353,1.3547,375518.6,0.0,0.0,0
15m,1773060300.0,1.3547,1.3557,1.353,1.3548,122116.35,0.0,0.0,0
15m,1773061200.0,1.3548,1.3619,1.3542,1.36,147230.52,0.0,0.0,0
15m,1773062100.0,1.36,1.3662,1.3557,1.3652,244959.21,0.0,0.0,0
15m,1773063000.0,1.3652,1.3716,1.3616,1.3713,666029.4,0.0,0.0,0
15m,1773063900.0,1.3713,1.3728,1.3643,1.3681,1143842.98,0.0,0.0,0
15m,1773064800.0,1.3681,1.3721,1.3591,1.3619,843078.11,0.0,0.0,0
15m,1773065700.0,1.3619,1.3731,1.3613,1.3658,1022657.66,0.0,0.0,0
15m,1773066600.0,1.3658,1.3698,1.3645,1.3686,445718.98,0.0,0.0,0
15m,1773067500.0,1.3686,1.3688,1.3636,1.3649,337946.22,0.0,0.0,0
15m,1773068400.0,1.3649,1.3672,1.3619,1.3658,298251.2,0.0,0.0,0
15m,1773069300.0,1.3658,1.3676,1.3628,1.3649,194414.74,0.0,0.0,0
15m,1773070200.0,1.3649,1.3661,1.3562,1.3597,252712.41,0.0,0.0,0
15m,1773071100.0,1.3597,1.3634,1.3587,1.3604,272198.22,0.0,0.0,0
15m,1773072000.0,1.3604,1.3649,1.3587,1.3616,128740.3,0.0,0.0,0
15m,1773072900.0,1.3616,1.3674,1.3611,1.3654,137331.33,0.0,0.0,0
15m,1773073800.0,1.3654,1.3665,1.3598,1.3652,120626.52,0.0,0.0,0
15m,1773074700.0,1.3652,1.3704,1.3628,1.3647,106125.67,0.0,0.0,0
15m,1773075600.0,1.3647,1.3704,1.3646,1.3687,556453.91,0.0,0.0,0
15m,1773076500.0,1.3687,1.3698,1.3637,1.364,192616.41,0.0,0.0,0
15m,1773077400.0,1.364,1.3667,1.3595,1.3615,334613.61,0.0,0.0,0
15m,1773078300.0,1.3615,1.3643,1.3605,1.3625,142771.24,0.0,0.0,0
15m,1773079200.0,1.3625,1.3625,1.3561,1.3595,210257.61,0.0,0.0,0
15m,1773080100.0,1.3595,1.3648,1.359,1.3641,148422.92,0.0,0.0,0
15m,1773081000.0,1.3641,1.3685,1.364,1.3644,260651.22,0.0,0.0,0
15m,1773081900.0,1.3644,1.3646,1.3601,1.3616,97122.94,0.0,0.0,0
15m,1773082800.0,1.3616,1.3628,1.3564,1.3567,160230.82,0.0,0.0,0
15m,1773083700.0,1.3567,1.3819,1.3564,1.3813,1726750.59,0.0,0.0,0
15m,1773084600.0,1.3813,1.3839,1.3678,1.3698,2039710.65,0.0,0.0,0
15m,1773085500.0,1.3698,1.3739,1.3676,1.3733,257300.27,0.0,0.0,0
15m,1773086400.0,1.3733,1.38,1.3728,1.3746,474998.89,0.0,0.0,0
15m,1773087300.0,1.3746,1.3752,1.371,1.3739,222991.79,0.0,0.0,0
15m,1773088200.0,1.3739,1.3741,1.3681,1.3685,188606.84,0.0,0.0,0
15m,1773089100.0,1.3685,1.3745,1.3673,1.3733,129081.99,0.0,0.0,0
15m,1773090000.0,1.3733,1.3772,1.3728,1.3761,289146.31,0.0,0.0,0
15m,1773090900.0,1.3761,1.3763,1.3732,1.3735,271117.29,0.0,0.0,0
15m,1773091800.0,1.3735,1.3758,1.3699,1.3749,210326.31,0.0,0.0,0
15m,1773092700.0,1.3749,1.3758,1.3735,1.3739,89691.22,0.0,0.0,0
15m,1773093600.0,1.3739,1.3757,1.3681,1.3698,291731.73,0.0,0.0,0
15m,1773094500.0,1.3698,1.3723,1.3685,1.3716,111460.91,0.0,0.0,0
15m,1773095400.0,1.3716,1.3716,1.3651,1.3673,283971.19,0.0,0.0,0
15m,1773096300.0,1.3673,1.3674,1.3627,1.3645,303680.76,0.0,0.0,0
15m,1773097200.0,1.3645,1.3677,1.3632,1.3677,177550.43,0.0,0.0,0
15m,1773098100.0,1.3677,1.3677,1.3636,1.3638,95925.08,0.0,0.0,0
15m,1773099000.0,1.3638,1.3649,1.363,1.3635,77464.77,0.0,0.0,0
15m,1773099900.0,1.3635,1.3635,1.3606,1.3632,110581.46,0.0,0.0,0
15m,1773100800.0,1.3632,1.3641,1.3609,1.3614,128300.84,0.0,0.0,0
15m,1773101700.0,1.3614,1.3715,1.3614,1.3712,129231.68,0.0,0.0,0
15m,1773102600.0,1.3712,1.3739,1.3694,1.3729,327911.2,0.0,0.0,0
15m,1773103500.0,1.3729,1.3737,1.3692,1.37,308465.85,0.0,0.0,0
15m,1773104400.0,1.37,1.3719,1.3682,1.3703,193884.32,0.0,0.0,0
15m,1773105300.0,1.3703,1.3715,1.3669,1.3699,287332.83,0.0,0.0,0
15m,1773106200.0,1.3699,1.3713,1.3663,1.3679,129279.86,0.0,0.0,0
15m,1773107100.0,1.3679,1.3752,1.3675,1.3722,285352.84,0.0,0.0,0
15m,1773108000.0,1.3722,1.3733,1.3701,1.3723,151527.7,0.0,0.0,0
15m,1773108900.0,1.3723,1.3734,1.3705,1.3723,94000.46,0.0,0.0,0
15m,1773109800.0,1.3723,1.3907,1.3722,1.3883,1685785.39,0.0,0.0,0
15m,1773110700.0,1.3883,1.3926,1.3865,1.3876,1177890.18,0.0,0.0,0
15m,1773111600.0,1.3876,1.391,1.3859,1.3891,816502.51,0.0,0.0,0
15m,1773112500.0,1.3891,1.3898,1.3868,1.3868,369813.9,0.0,0.0,0
15m,1773113400.0,1.3868,1.3874,1.3823,1.3825,480195.01,0.0,0.0,0
15m,1773114300.0,1.3825,1.3825,1.375,1.3752,366359.92,0.0,0.0,0
15m,1773115200.0,1.3752,1.3769,1.3732,1.3756,339314.73,0.0,0.0,0
15m,1773116100.0,1.3756,1.3768,1.3744,1.3754,140916.19,0.0,0.0,0
15m,1773117000.0,1.3754,1.3822,1.3752,1.3809,187820.62,0.0,0.0,0
15m,1773117900.0,1.3809,1.3835,1.3789,1.3821,145266.88,0.0,0.0,0
15m,1773118800.0,1.3821,1.3894,1.3811,1.3862,479853.6,0.0,0.0,0
15m,1773119700.0,1.3862,1.3898,1.3851,1.3854,317676.65,0.0,0.0,0
15m,1773120600.0,1.3854,1.3865,1.3828,1.3855,258929.17,0.0,0.0,0
15m,1773121500.0,1.3855,1.3859,1.3838,1.3843,193010.55,0.0,0.0,0
15m,1773122400.0,1.3843,1.3844,1.3813,1.3816,295362.26,0.0,0.0,0
15m,1773123300.0,1.3816,1.3835,1.378,1.3831,208154.38,0.0,0.0,0
15m,1773124200.0,1.3831,1.3837,1.3801,1.3804,272895.03,0.0,0.0,0
15m,1773125100.0,1.3804,1.3824,1.3794,1.3804,130461.77,0.0,0.0,0
15m,1773126000.0,1.3804,1.3848,1.3764,1.3809,509162.21,0.0,0.0,0
15m,1773126900.0,1.3809,1.387,1.3807,1.3854,187873.97,0.0,0.0,0
15m,1773127800.0,1.3854,1.3869,1.3838,1.3857,126468.52,0.0,0.0,0
15m,1773128700.0,1.3857,1.3886,1.3844,1.3874,165272.51,0.0,0.0,0
15m,1773129600.0,1.3874,1.3973,1.3874,1.395,983090.8,0.0,0.0,0
15m,1773130500.0,1.395,1.3988,1.3936,1.3946,508593.15,0.0,0.0,0
15m,1773131400.0,1.3946,1.4116,1.3946,1.4074,1380708.64,0.0,0.0,0
15m,1773132300.0,1.4074,1.4074,1.4006,1.4017,872711.73,0.0,0.0,0
15m,1773133200.0,1.4017,1.4077,1.4016,1.4063,546824.81,0.0,0.0,0
15m,1773134100.0,1.4063,1.4183,1.405,1.4175,1184671.79,0.0,0.0,0
15m,1773135000.0,1.4175,1.419,1.4153,1.4177,496427.93,0.0,0.0,0
15m,1773135900.0,1.4177,1.4193,1.4149,1.4165,767599.39,0.0,0.0,0
15m,1773136800.0,1.4165,1.4176,1.412,1.4139,790121.8,0.0,0.0,0
15m,1773137700.0,1.4139,1.4157,1.4098,1.41,1236154.49,0.0,0.0,0
15m,1773138600.0,1.41,1.4122,1.4044,1.4055,600185.04,0.0,0.0,0
15m,1773139500.0,1.4055,1.4081,1.4049,1.4058,432271.86,0.0,0.0,0
15m,1773140400.0,1.4058,1.4058,1.3982,1.3982,649833.13,0.0,0.0,0
15m,1773141300.0,1.3982,1.3987,1.3926,1.3937,349901.31,0.0,0.0,0
15m,1773142200.0,1.3937,1.3945,1.3897,1.3901,459313.15,0.0,0.0,0
15m,1773143100.0,1.3901,1.3942,1.389,1.391,610716.4,0.0,0.0,0
15m,1773144000.0,1.391,1.3919,1.3833,1.3864,624133.07,0.0,0.0,0
15m,1773144900.0,1.3864,1.3885,1.3834,1.3843,388894.49,0.0,0.0,0
15m,1773145800.0,1.3843,1.39,1.3827,1.389,322107.27,0.0,0.0,0
15m,1773146700.0,1.389,1.3906,1.3874,1.389,184536.77,0.0,0.0,0
15m,1773147600.0,1.389,1.3966,1.389,1.3966,466796.12,0.0,0.0,0
15m,1773148500.0,1.3966,1.4016,1.3959,1.4,341957.4,0.0,0.0,0
15m,1773149400.0,1.4,1.4012,1.3814,1.3902,866621.05,0.0,0.0,0
15m,1773150300.0,1.3902,1.3971,1.3869,1.3933,619035.71,0.0,0.0,0
15m,1773151200.0,1.3933,1.397,1.3827,1.3853,659373.93,0.0,0.0,0
15m,1773152100.0,1.3853,1.3992,1.3817,1.3978,604246.75,0.0,0.0,0
15m,1773153000.0,1.3978,1.4213,1.3978,1.4183,1764914.09,0.0,0.0,0
15m,1773153900.0,1.4183,1.438,1.4174,1.4343,2333547.1,0.0,0.0,0
15m,1773154800.0,1.4343,1.4427,1.4261,1.4272,2379219.43,0.0,0.0,0
15m,1773155700.0,1.4272,1.4301,1.4196,1.4282,1016849.55,0.0,0.0,0
15m,1773156600.0,1.4282,1.4347,1.4229,1.4288,1121904.59,0.0,0.0,0
15m,1773157500.0,1.4288,1.4311,1.4223,1.431,661494.63,0.0,0.0,0
15m,1773158400.0,1.431,1.4332,1.4242,1.4276,917059.42,0.0,0.0,0
15m,1773159300.0,1.4276,1.4375,1.4276,1.4319,1285020.45,0.0,0.0,0
15m,1773160200.0,1.4319,1.4323,1.4258,1.4287,583278.55,0.0,0.0,0
15m,1773161100.0,1.4287,1.4302,1.4233,1.4273,434546.56,0.0,0.0,0
15m,1773162000.0,1.4273,1.4305,1.4254,1.4267,237717.34,0.0,0.0,0
15m,1773162900.0,1.4267,1.4298,1.4184,1.4202,466540.35,0.0,0.0,0
15m,1773163800.0,1.4202,1.4233,1.409,1.4119,927231.08,0.0,0.0,0
15m,1773164700.0,1.4119,1.4156,1.4091,1.4127,575924.27,0.0,0.0,0
15m,1773165600.0,1.4127,1.4133,1.3993,1.3997,624155.51,0.0,0.0,0
15m,1773166500.0,1.3997,1.404,1.3907,1.3961,1343622.62,0.0,0.0,0
15m,1773167400.0,1.3961,1.3993,1.3916,1.394,901723.09,0.0,0.0,0
15m,1773168300.0,1.394,1.3966,1.391,1.3936,420969.18,0.0,0.0,0
15m,1773169200.0,1.3936,1.3952,1.3872,1.3901,311783.55,0.0,0.0,0
15m,1773170100.0,1.3901,1.3926,1.3849,1.3851,576893.12,0.0,0.0,0
15m,1773171000.0,1.3851,1.3885,1.3825,1.3853,392198.56,0.0,0.0,0
15m,1773171900.0,1.3853,1.3857,1.3798,1.3848,589185.59,0.0,0.0,0
15m,1773172800.0,1.3848,1.3903,1.3846,1.3894,267280.72,0.0,0.0,0
15m,1773173700.0,1.3894,1.3936,1.3865,1.3926,237718.55,0.0,0.0,0
15m,1773174600.0,1.3926,1.3948,1.3902,1.3922,310576.1,0.0,0.0,0
15m,1773175500.0,1.3922,1.3924,1.3895,1.3898,177580.16,0.0,0.0,0
15m,1773176400.0,1.3898,1.3948,1.3872,1.3884,118155.11,0.0,0.0,0
15m,1773177300.0,1.3884,1.3902,1.3872,1.3883,114935.24,0.0,0.0,0
15m,1773178200.0,1.3883,1.3902,1.3825,1.3842,420146.36,0.0,0.0,0
15m,1773179100.0,1.3842,1.3848,1.3786,1.3837,204205.08,0.0,0.0,0
15m,1773180000.0,1.3837,1.3866,1.3796,1.381,298431.93,0.0,0.0,0
15m,1773180900.0,1.381,1.3889,1.3801,1.386,128025.62,0.0,0.0,0
15m,1773181800.0,1.386,1.386,1.3826,1.3844,95076.45,0.0,0.0,0
15m,1773182700.0,1.3844,1.3858,1.3829,1.3841,70127.23,0.0,0.0,0
15m,1773183600.0,1.3841,1.387,1.3841,1.3846,91408.31,0.0,0.0,0
15m,1773184500.0,1.3846,1.387,1.3842,1.3855,84208.33,0.0,0.0,0
15m,1773185400.0,1.3855,1.3881,1.385,1.3869,107494.21,0.0,0.0,0
15m,1773186300.0,1.3869,1.3874,1.3843,1.3866,149830.93,0.0,0.0,0
15m,1773187200.0,1.3866,1.3876,1.3833,1.3867,236288.16,0.0,0.0,0
15m,1773188100.0,1.3867,1.3882,1.3856,1.3871,147198.65,0.0,0.0,0
15m,1773189000.0,1.3871,1.3871,1.3824,1.3832,384486.19,0.0,0.0,0
15m,1773189900.0,1.3832,1.3923,1.3832,1.3883,511974.33,0.0,0.0,0
15m,1773190800.0,1.3883,1.3906,1.3862,1.3889,119946.33,0.0,0.0,0
15m,1773191700.0,1.3889,1.3891,1.3853,1.3888,161530.51,0.0,0.0,0
15m,1773192600.0,1.3888,1.3889,1.3843,1.3862,129977.08,0.0,0.0,0
15m,1773193500.0,1.3862,1.3903,1.3858,1.3902,138967.47,0.0,0.0,0
15m,1773194400.0,1.3902,1.3905,1.3874,1.3874,107648.7,0.0,0.0,0
15m,1773195300.0,1.3874,1.3885,1.3839,1.3852,742832.82,0.0,0.0,0
15m,1773196200.0,1.3852,1.3853,1.3784,1.3799,1019003.68,0.0,0.0,0
15m,1773197100.0,1.3799,1.3829,1.3785,1.3823,463929.27,0.0,0.0,0
15m,1773198000.0,1.3823,1.3852,1.3812,1.3815,197619.3,0.0,0.0,0
15m,1773198900.0,1.3815,1.3815,1.3778,1.3788,231928.27,0.0,0.0,0
15m,1773199800.0,1.3788,1.3806,1.3784,1.3796,127872.78,0.0,0.0,0
15m,1773200700.0,1.3796,1.3807,1.3785,1.3789,209875.52,0.0,0.0,0
15m,1773201600.0,1.3789,1.3793,1.3766,1.3793,258470.46,0.0,0.0,0
15m,1773202500.0,1.3793,1.3859,1.3786,1.3842,195464.82,0.0,0.0,0
15m,1773203400.0,1.3842,1.3855,1.3827,1.3841,135441.15,0.0,0.0,0
15m,1773204300.0,1.3841,1.3895,1.3839,1.3876,199979.17,0.0,0.0,0
15m,1773205200.0,1.3876,1.3909,1.3869,1.3878,255570.18,0.0,0.0,0
15m,1773206100.0,1.3878,1.3878,1.3839,1.3853,111743.49,0.0,0.0,0
15m,1773207000.0,1.3853,1.3854,1.3748,1.3776,607938.85,0.0,0.0,0
15m,1773207900.0,1.3776,1.378,1.3758,1.3765,147167.75,0.0,0.0,0
15m,1773208800.0,1.3765,1.3787,1.3761,1.3786,175271.21,0.0,0.0,0
15m,1773209700.0,1.3786,1.3804,1.3777,1.3795,130575.48,0.0,0.0,0
15m,1773210600.0,1.3795,1.3823,1.3793,1.3806,118419.52,0.0,0.0,0
15m,1773211500.0,1.3806,1.3844,1.3786,1.3825,121974.4,0.0,0.0,0
15m,1773212400.0,1.3825,1.3833,1.3811,1.3813,80226.18,0.0,0.0,0
15m,1773213300.0,1.3813,1.3816,1.38,1.3803,62184.81,0.0,0.0,0
15m,1773214200.0,1.3803,1.3805,1.3738,1.3754,243336.41,0.0,0.0,0
15m,1773215100.0,1.3754,1.38,1.3754,1.3784,146934.32,0.0,0.0,0
15m,1773216000.0,1.3784,1.3794,1.3762,1.3768,114547.1,0.0,0.0,0
15m,1773216900.0,1.3768,1.3769,1.3725,1.374,139324.45,0.0,0.0,0
15m,1773217800.0,1.374,1.3792,1.3738,1.3769,360487.8,0.0,0.0,0
15m,1773218700.0,1.3769,1.3772,1.3735,1.376,69095.09,0.0,0.0,0
15m,1773219600.0,1.376,1.3764,1.3741,1.3747,77354.51,0.0,0.0,0
15m,1773220500.0,1.3747,1.3787,1.3746,1.3773,105615.29,0.0,0.0,0
15m,1773221400.0,1.3773,1.3795,1.3751,1.377,139183.82,0.0,0.0,0
15m,1773222300.0,1.377,1.381,1.373,1.3741,149206.52,0.0,0.0,0
15m,1773223200.0,1.3741,1.377,1.3727,1.377,345899.51,0.0,0.0,0
15m,1773224100.0,1.377,1.378,1.3756,1.3768,199913.04,0.0,0.0,0
15m,1773225000.0,1.3768,1.3813,1.3767,1.3801,220344.35,0.0,0.0,0
15m,1773225900.0,1.3801,1.3802,1.3775,1.3784,115931.01,0.0,0.0,0
15m,1773226800.0,1.3784,1.3806,1.377,1.3797,185748.0,0.0,0.0,0
15m,1773227700.0,1.3797,1.3805,1.3744,1.3749,267036.87,0.0,0.0,0
15m,1773228600.0,1.3749,1.3767,1.3735,1.3749,383379.87,0.0,0.0,0
15m,1773229500.0,1.3749,1.3772,1.3721,1.3733,496084.15,0.0,0.0,0
15m,1773230400.0,1.3733,1.3753,1.3704,1.3746,317603.46,0.0,0.0,0
15m,1773231300.0,1.3746,1.3815,1.3746,1.3814,153429.56,0.0,0.0,0
15m,1773232200.0,1.3814,1.3873,1.3777,1.3797,1201492.84,0.0,0.0,0
15m,1773233100.0,1.3797,1.3855,1.3786,1.385,328839.65,0.0,0.0,0
15m,1773234000.0,1.385,1.3959,1.383,1.3939,316400.25,0.0,0.0,0
15m,1773234900.0,1.3939,1.3985,1.3919,1.3954,831478.23,0.0,0.0,0
15m,1773235800.0,1.3954,1.411,1.3954,1.3985,781507.78,0.0,0.0,0
15m,1773236700.0,1.3985,1.4003,1.385,1.3923,705715.21,0.0,0.0,0
15m,1773237600.0,1.3923,1.4007,1.3852,1.3911,762361.08,0.0,0.0,0
15m,1773238500.0,1.3911,1.3992,1.3884,1.3959,578837.0,0.0,0.0,0
15m,1773239400.0,1.3959,1.4022,1.392,1.4009,441484.09,0.0,0.0,0
15m,1773240300.0,1.4009,1.4035,1.3909,1.3918,447207.75,0.0,0.0,0
15m,1773241200.0,1.3918,1.3938,1.3804,1.3836,610293.52,0.0,0.0,0
15m,1773242100.0,1.3836,1.3894,1.3815,1.3832,369995.36,0.0,0.0,0
15m,1773243000.0,1.3832,1.3832,1.3729,1.3789,467515.29,0.0,0.0,0
15m,1773243900.0,1.3789,1.3839,1.3763,1.3823,418598.35,0.0,0.0,0
15m,1773244800.0,1.3823,1.3845,1.3802,1.3836,234822.84,0.0,0.0,0
15m,1773245700.0,1.3836,1.3875,1.3813,1.384,416413.19,0.0,0.0,0
15m,1773246600.0,1.384,1.3903,1.3818,1.389,353854.85,0.0,0.0,0
15m,1773247500.0,1.389,1.3903,1.385,1.3871,312582.24,0.0,0.0,0
15m,1773248400.0,1.3871,1.3949,1.387,1.3914,156382.7,0.0,0.0,0
15m,1773249300.0,1.3914,1.4015,1.3913,1.3997,912567.03,0.0,0.0,0
15m,1773250200.0,1.3997,1.401,1.3883,1.3983,283364.58,0.0,0.0,0
15m,1773251100.0,1.3983,1.3989,1.394,1.3975,131581.6,0.0,0.0,0
15m,1773252000.0,1.3975,1.4019,1.3959,1.4004,576944.15,0.0,0.0,0
15m,1773252900.0,1.4004,1.4051,1.399,1.4009,270301.61,0.0,0.0,0
15m,1773253800.0,1.4009,1.4028,1.3978,1.3996,272227.57,0.0,0.0,0
15m,1773254700.0,1.3996,1.4071,1.399,1.4042,248133.55,0.0,0.0,0
15m,1773255600.0,1.4042,1.4046,1.3955,1.3972,229156.37,0.0,0.0,0
15m,1773256500.0,1.3972,1.3972,1.3917,1.393,231495.17,0.0,0.0,0
15m,1773257400.0,1.393,1.3951,1.3901,1.3918,243432.11,0.0,0.0,0
15m,1773258300.0,1.3918,1.3919,1.3881,1.3898,443192.07,0.0,0.0,0
15m,1773259200.0,1.3898,1.3902,1.3874,1.3895,285003.61,0.0,0.0,0
15m,1773260100.0,1.3895,1.3939,1.3869,1.3886,352458.75,0.0,0.0,0
15m,1773261000.0,1.3886,1.3926,1.3885,1.3913,109544.31,0.0,0.0,0
15m,1773261900.0,1.3913,1.3928,1.3892,1.3916,104215.33,0.0,0.0,0
15m,1773262800.0,1.3916,1.3937,1.3887,1.3901,279296.48,0.0,0.0,0
15m,1773263700.0,1.3901,1.391,1.3892,1.3892,38690.4,0.0,0.0,0
15m,1773264600.0,1.3892,1.3925,1.3892,1.3902,92233.01,0.0,0.0,0
15m,1773265500.0,1.3902,1.3936,1.39,1.3924,130544.61,0.0,0.0,0
15m,1773266400.0,1.3924,1.3985,1.3905,1.3941,456524.81,0.0,0.0,0
15m,1773267300.0,1.3941,1.3942,1.3896,1.3901,133788.01,0.0,0.0,0
15m,1773268200.0,1.3901,1.3911,1.387,1.3883,163760.08,0.0,0.0,0
15m,1773269100.0,1.3883,1.3923,1.3881,1.3905,92230.79,0.0,0.0,0
15m,1773270000.0,1.3905,1.3923,1.3894,1.3901,76571.02,0.0,0.0,0
15m,1773270900.0,1.3901,1.3901,1.3883,1.3896,75410.96,0.0,0.0,0
15m,1773271800.0,1.3896,1.3897,1.3856,1.3859,152815.68,0.0,0.0,0
15m,1773272700.0,1.3859,1.3861,1.3822,1.3846,136322.05,0.0,0.0,0
15m,1773273600.0,1.3846,1.386,1.3827,1.3839,254902.66,0.0,0.0,0
15m,1773274500.0,1.3839,1.3859,1.3815,1.3833,135652.36,0.0,0.0,0
15m,1773275400.0,1.3833,1.3847,1.381,1.3837,438564.31,0.0,0.0,0
15m,1773276300.0,1.3837,1.3847,1.3828,1.384,353231.85,0.0,0.0,0
15m,1773277200.0,1.384,1.384,1.3769,1.3794,337455.71,0.0,0.0,0
15m,1773278100.0,1.3794,1.3805,1.3787,1.3796,88574.19,0.0,0.0,0
15m,1773279000.0,1.3796,1.3812,1.3774,1.3803,238574.33,0.0,0.0,0
15m,1773279900.0,1.3803,1.3807,1.3773,1.3787,166396.68,0.0,0.0,0
15m,1773280800.0,1.3787,1.3811,1.3773,1.3792,109142.6,0.0,0.0,0
15m,1773281700.0,1.3792,1.3792,1.375,1.3766,181912.69,0.0,0.0,0
15m,1773282600.0,1.3766,1.377,1.3716,1.3735,461914.98,0.0,0.0,0
15m,1773283500.0,1.3735,1.3743,1.3707,1.3723,303258.09,0.0,0.0,0
15m,1773284400.0,1.3723,1.3741,1.3719,1.3737,124204.53,0.0,0.0,0
15m,1773285300.0,1.3737,1.3749,1.3731,1.3738,124955.99,0.0,0.0,0
15m,1773286200.0,1.3738,1.3762,1.373,1.3751,104894.95,0.0,0.0,0
15m,1773287100.0,1.3751,1.3751,1.3697,1.3736,262246.5,0.0,0.0,0
15m,1773288000.0,1.3736,1.3781,1.3735,1.377,114784.44,0.0,0.0,0
15m,1773288900.0,1.377,1.3775,1.3723,1.3731,356203.02,0.0,0.0,0
15m,1773289800.0,1.3731,1.3731,1.3694,1.3708,508936.4,0.0,0.0,0
15m,1773290700.0,1.3708,1.3712,1.3695,1.3704,162578.33,0.0,0.0,0
15m,1773291600.0,1.3704,1.3727,1.3694,1.3695,189102.78,0.0,0.0,0
15m,1773292500.0,1.3695,1.3704,1.3669,1.3673,448194.56,0.0,0.0,0
15m,1773293400.0,1.3673,1.3695,1.3672,1.3681,302938.97,0.0,0.0,0
15m,1773294300.0,1.3681,1.3711,1.3662,1.371,371265.3,0.0,0.0,0
15m,1773295200.0,1.371,1.371,1.3673,1.3697,234885.02,0.0,0.0,0
15m,1773296100.0,1.3697,1.3721,1.3689,1.3721,301528.38,0.0,0.0,0
15m,1773297000.0,1.3721,1.3733,1.3705,1.3724,302109.64,0.0,0.0,0
15m,1773297900.0,1.3724,1.3735,1.3715,1.3726,205570.61,0.0,0.0,0
15m,1773298800.0,1.3726,1.3728,1.3699,1.3719,161548.81,0.0,0.0,0
15m,1773299700.0,1.3719,1.3758,1.3714,1.375,235727.76,0.0,0.0,0
15m,1773300600.0,1.375,1.3782,1.3744,1.3764,308033.96,0.0,0.0,0
15m,1773301500.0,1.3764,1.3778,1.3756,1.3767,376856.97,0.0,0.0,0
15m,1773302400.0,1.3767,1.3786,1.3741,1.3749,188842.0,0.0,0.0,0
15m,1773303300.0,1.3749,1.3825,1.3745,1.3788,215625.11,0.0,0.0,0
15m,1773304200.0,1.3788,1.3804,1.3763,1.3792,154572.39,0.0,0.0,0
15m,1773305100.0,1.3792,1.3802,1.3782,1.3802,70485.56,0.0,0.0,0
15m,1773306000.0,1.3802,1.3802,1.3773,1.3778,174070.88,0.0,0.0,0
15m,1773306900.0,1.3778,1.378,1.3756,1.3767,134444.85,0.0,0.0,0
15m,1773307800.0,1.3767,1.3869,1.3762,1.3868,136089.38,0.0,0.0,0
15m,1773308700.0,1.3868,1.3886,1.3793,1.3821,235518.71,0.0,0.0,0
15m,1773309600.0,1.3821,1.383,1.3784,1.3801,280727.48,0.0,0.0,0
15m,1773310500.0,1.3801,1.3852,1.3801,1.384,219022.11,0.0,0.0,0
15m,1773311400.0,1.384,1.3899,1.3839,1.3889,375438.35,0.0,0.0,0
15m,1773312300.0,1.3889,1.3911,1.3878,1.39,263698.25,0.0,0.0,0
15m,1773313200.0,1.39,1.3907,1.3872,1.3892,368316.78,0.0,0.0,0
15m,1773314100.0,1.3892,1.3919,1.3869,1.3892,276732.12,0.0,0.0,0
15m,1773315000.0,1.3892,1.3927,1.3881,1.3915,343667.09,0.0,0.0,0
15m,1773315900.0,1.3915,1.3933,1.3871,1.3878,401456.99,0.0,0.0,0
15m,1773316800.0,1.3878,1.3903,1.3856,1.389,197449.43,0.0,0.0,0
15m,1773317700.0,1.389,1.3923,1.388,1.3918,356870.46,0.0,0.0,0
15m,1773318600.0,1.3918,1.3924,1.3888,1.3896,428837.19,0.0,0.0,0
15m,1773319500.0,1.3896,1.3923,1.3876,1.3879,337751.38,0.0,0.0,0
15m,1773320400.0,1.3879,1.3893,1.3861,1.3882,139083.02,0.0,0.0,0
15m,1773321300.0,1.3882,1.3882,1.3812,1.384,250618.44,0.0,0.0,0
15m,1773322200.0,1.384,1.3922,1.3816,1.3855,775241.05,0.0,0.0,0
15m,1773323100.0,1.3855,1.3855,1.3772,1.3822,516462.14,0.0,0.0,0
15m,1773324000.0,1.3822,1.3887,1.3815,1.3872,482251.08,0.0,0.0,0
15m,1773324900.0,1.3872,1.3918,1.3781,1.3789,680556.66,0.0,0.0,0
15m,1773325800.0,1.3789,1.3789,1.3678,1.3701,814344.4,0.0,0.0,0
15m,1773326700.0,1.3701,1.375,1.365,1.3692,1071826.84,0.0,0.0,0
15m,1773327600.0,1.3692,1.3732,1.366,1.372,512900.06,0.0,0.0,0
15m,1773328500.0,1.372,1.3808,1.3693,1.3786,439096.85,0.0,0.0,0
15m,1773329400.0,1.3786,1.3841,1.3757,1.3808,420037.54,0.0,0.0,0
15m,1773330300.0,1.3808,1.3832,1.3781,1.3793,415564.47,0.0,0.0,0
15m,1773331200.0,1.3793,1.3811,1.371,1.3735,340960.27,0.0,0.0,0
15m,1773332100.0,1.3735,1.3844,1.3733,1.3775,269407.75,0.0,0.0,0
15m,1773333000.0,1.3775,1.3855,1.3769,1.3842,344213.96,0.0,0.0,0
15m,1773333900.0,1.3842,1.3858,1.3801,1.3819,252695.29,0.0,0.0,0
15m,1773334800.0,1.3819,1.3847,1.3806,1.3828,201611.49,0.0,0.0,0
15m,1773335700.0,1.3828,1.3839,1.3782,1.3791,134335.63,0.0,0.0,0
15m,1773336600.0,1.3791,1.3832,1.3791,1.3817,62555.38,0.0,0.0,0
15m,1773337500.0,1.3817,1.3842,1.3773,1.38,114177.14,0.0,0.0,0
15m,1773338400.0,1.38,1.381,1.377,1.3787,160357.61,0.0,0.0,0
15m,1773339300.0,1.3787,1.3798,1.3735,1.376,118804.43,0.0,0.0,0
15m,1773340200.0,1.376,1.3774,1.3744,1.3748,84439.35,0.0,0.0,0
15m,1773341100.0,1.3748,1.3748,1.3716,1.3719,174051.56,0.0,0.0,0
15m,1773342000.0,1.3719,1.3748,1.3698,1.3729,246153.76,0.0,0.0,0
15m,1773342900.0,1.3729,1.3784,1.3725,1.3779,156052.67,0.0,0.0,0
15m,1773343800.0,1.3779,1.3823,1.3779,1.3793,469261.83,0.0,0.0,0
15m,1773344700.0,1.3793,1.3812,1.3784,1.3788,199717.02,0.0,0.0,0
15m,1773345600.0,1.3788,1.3803,1.3746,1.3752,169157.21,0.0,0.0,0
15m,1773346500.0,1.3752,1.376,1.3721,1.3741,229290.11,0.0,0.0,0
15m,1773347400.0,1.3741,1.3741,1.3722,1.3724,177627.23,0.0,0.0,0
15m,1773348300.0,1.3724,1.3738,1.3714,1.3719,505654.06,0.0,0.0,0
15m,1773349200.0,1.3719,1.3757,1.3719,1.3744,308215.67,0.0,0.0,0
15m,1773350100.0,1.3744,1.3749,1.3724,1.3732,635999.16,0.0,0.0,0
15m,1773351000.0,1.3732,1.3737,1.3716,1.3737,414573.83,0.0,0.0,0
15m,1773351900.0,1.3737,1.3758,1.3736,1.3742,151229.74,0.0,0.0,0
15m,1773352800.0,1.3742,1.3765,1.3734,1.3742,133142.76,0.0,0.0,0
15m,1773353700.0,1.3742,1.3759,1.3723,1.3745,156947.03,0.0,0.0,0
15m,1773354600.0,1.3745,1.3755,1.3728,1.373,105832.69,0.0,0.0,0
15m,1773355500.0,1.373,1.3795,1.3727,1.3791,379719.27,0.0,0.0,0
15m,1773356400.0,1.3791,1.3892,1.379,1.3875,815240.3,0.0,0.0,0
15m,1773357300.0,1.3875,1.3896,1.3844,1.3865,458671.98,0.0,0.0,0
15m,1773358200.0,1.3865,1.3873,1.3849,1.3858,159033.76,0.0,0.0,0
15m,1773359100.0,1.3858,1.3866,1.3836,1.385,119099.1,0.0,0.0,0
15m,1773360000.0,1.385,1.396,1.3833,1.3958,873793.56,0.0,0.0,0
15m,1773360900.0,1.3958,1.4119,1.3957,1.4062,2459984.88,0.0,0.0,0
15m,1773361800.0,1.4062,1.4242,1.4062,1.4107,2779809.12,0.0,0.0,0
15m,1773362700.0,1.4107,1.4119,1.4023,1.4065,806956.77,0.0,0.0,0
15m,1773363600.0,1.4065,1.4165,1.4064,1.4136,1182701.74,0.0,0.0,0
15m,1773364500.0,1.4136,1.4164,1.4087,1.4098,842767.47,0.0,0.0,0
15m,1773365400.0,1.4098,1.4134,1.4043,1.4119,685300.23,0.0,0.0,0
15m,1773366300.0,1.4119,1.4147,1.4112,1.4136,402141.17,0.0,0.0,0
15m,1773367200.0,1.4136,1.4146,1.41,1.4106,630930.81,0.0,0.0,0
15m,1773368100.0,1.4106,1.4118,1.4067,1.4073,437047.77,0.0,0.0,0
15m,1773369000.0,1.4073,1.4075,1.4009,1.4012,325288.82,0.0,0.0,0
15m,1773369900.0,1.4012,1.4046,1.4001,1.4015,317909.58,0.0,0.0,0
15m,1773370800.0,1.4015,1.4067,1.4012,1.4039,293917.29,0.0,0.0,0
15m,1773371700.0,1.4039,1.407,1.402,1.4023,206742.14,0.0,0.0,0
15m,1773372600.0,1.4023,1.4061,1.4002,1.4049,221747.9,0.0,0.0,0
15m,1773373500.0,1.4049,1.4146,1.4043,1.4122,525049.66,0.0,0.0,0
15m,1773374400.0,1.4122,1.414,1.4102,1.4109,406948.09,0.0,0.0,0
15m,1773375300.0,1.4109,1.411,1.4074,1.4081,193718.48,0.0,0.0,0
15m,1773376200.0,1.4081,1.4119,1.4075,1.4118,292635.22,0.0,0.0,0
15m,1773377100.0,1.4118,1.4137,1.4092,1.4114,246980.58,0.0,0.0,0
15m,1773378000.0,1.4114,1.4117,1.4075,1.4083,383355.04,0.0,0.0,0
15m,1773378900.0,1.4083,1.415,1.4081,1.4144,387469.82,0.0,0.0,0
15m,1773379800.0,1.4144,1.4228,1.4143,1.4219,1075347.72,0.0,0.0,0
15m,1773380700.0,1.4219,1.427,1.4205,1.4234,1081993.38,0.0,0.0,0
15m,1773381600.0,1.4234,1.4263,1.4194,1.4205,1338926.37,0.0,0.0,0
15m,1773382500.0,1.4205,1.4223,1.4122,1.4131,836139.81,0.0,0.0,0
15m,1773383400.0,1.4131,1.4165,1.4123,1.4151,665673.86,0.0,0.0,0
15m,1773384300.0,1.4151,1.4159,1.4124,1.4134,315117.83,0.0,0.0,0
15m,1773385200.0,1.4134,1.4177,1.4119,1.4159,516427.7,0.0,0.0,0
15m,1773386100.0,1.4159,1.4206,1.4151,1.4195,379893.89,0.0,0.0,0
15m,1773387000.0,1.4195,1.4206,1.4116,1.4136,680121.17,0.0,0.0,0
15m,1773387900.0,1.4136,1.4168,1.4128,1.4153,222115.04,0.0,0.0,0
15m,1773388800.0,1.4153,1.4199,1.4128,1.4158,473768.26,0.0,0.0,0
15m,1773389700.0,1.4158,1.4224,1.4152,1.4219,420554.89,0.0,0.0,0
15m,1773390600.0,1.4219,1.4339,1.4219,1.4301,1385411.91,0.0,0.0,0
15m,1773391500.0,1.4301,1.4315,1.4257,1.4264,713112.86,0.0,0.0,0
15m,1773392400.0,1.4264,1.4345,1.4262,1.4338,816357.87,0.0,0.0,0
15m,1773393300.0,1.4338,1.437,1.4302,1.432,668870.43,0.0,0.0,0
15m,1773394200.0,1.432,1.4333,1.4268,1.4299,503508.37,0.0,0.0,0
15m,1773395100.0,1.4299,1.4324,1.4282,1.4285,426215.41,0.0,0.0,0
15m,1773396000.0,1.4285,1.4335,1.4285,1.4314,353709.05,0.0,0.0,0
15m,1773396900.0,1.4314,1.4352,1.4291,1.4306,469889.27,0.0,0.0,0
15m,1773397800.0,1.4306,1.4354,1.4299,1.4341,518269.46,0.0,0.0,0
15m,1773398700.0,1.4341,1.4387,1.4323,1.4338,571267.01,0.0,0.0,0
15m,1773399600.0,1.4338,1.4344,1.4262,1.4269,1012659.97,0.0,0.0,0
15m,1773400500.0,1.4269,1.4281,1.4243,1.4247,792789.72,0.0,0.0,0
15m,1773401400.0,1.4247,1.427,1.4239,1.4263,588100.74,0.0,0.0,0
15m,1773402300.0,1.4263,1.4263,1.4194,1.4203,680089.76,0.0,0.0,0
15m,1773403200.0,1.4203,1.4249,1.4199,1.4244,427185.82,0.0,0.0,0
15m,1773404100.0,1.4244,1.4284,1.424,1.4263,308398.7,0.0,0.0,0
15m,1773405000.0,1.4263,1.4313,1.4259,1.4292,651094.78,0.0,0.0,0
15m,1773405900.0,1.4292,1.44,1.4292,1.4336,1114219.4,0.0,0.0,0
15m,1773406800.0,1.4336,1.4382,1.4307,1.4353,559738.35,0.0,0.0,0
15m,1773407700.0,1.4353,1.4462,1.432,1.4378,1554473.63,0.0,0.0,0
15m,1773408600.0,1.4378,1.4473,1.4344,1.4468,1603793.3,0.0,0.0,0
15m,1773409500.0,1.4468,1.4491,1.4417,1.4437,1091710.72,0.0,0.0,0
15m,1773410400.0,1.4437,1.4519,1.4413,1.4479,1428762.96,0.0,0.0,0
15m,1773411300.0,1.4479,1.4529,1.4454,1.4459,1232277.71,0.0,0.0,0
15m,1773412200.0,1.4459,1.4499,1.4349,1.4352,1043063.49,0.0,0.0,0
15m,1773413100.0,1.4352,1.4352,1.4213,1.4225,2002938.06,0.0,0.0,0
15m,1773414000.0,1.4225,1.4261,1.4169,1.4246,1062064.71,0.0,0.0,0
15m,1773414900.0,1.4246,1.4289,1.4188,1.4198,921123.24,0.0,0.0,0
15m,1773415800.0,1.4198,1.4227,1.4084,1.4126,1185276.27,0.0,0.0,0
15m,1773416700.0,1.4126,1.418,1.4069,1.4089,498477.96,0.0,0.0,0
15m,1773417600.0,1.4089,1.4128,1.406,1.4094,423310.31,0.0,0.0,0
15m,1773418500.0,1.4094,1.4105,1.4003,1.4044,966760.82,0.0,0.0,0
15m,1773419400.0,1.4044,1.4119,1.4042,1.4102,489136.53,0.0,0.0,0
15m,1773420300.0,1.4102,1.4149,1.4091,1.4098,603557.17,0.0,0.0,0
15m,1773421200.0,1.4098,1.4106,1.4066,1.4093,225521.99,0.0,0.0,0
15m,1773422100.0,1.4093,1.4126,1.4017,1.4025,535819.63,0.0,0.0,0
15m,1773423000.0,1.4025,1.4033,1.3955,1.3972,674436.34,0.0,0.0,0
15m,1773423900.0,1.3972,1.3978,1.392,1.3942,721154.7,0.0,0.0,0
15m,1773424800.0,1.3942,1.3971,1.3915,1.3971,279570.44,0.0,0.0,0
15m,1773425700.0,1.3971,1.3974,1.39,1.3968,473265.41,0.0,0.0,0
15m,1773426600.0,1.3968,1.4014,1.3965,1.4001,171936.86,0.0,0.0,0
15m,1773427500.0,1.4001,1.4009,1.3963,1.3973,130388.87,0.0,0.0,0
15m,1773428400.0,1.3973,1.4007,1.3961,1.3997,310838.92,0.0,0.0,0
15m,1773429300.0,1.3997,1.4012,1.3973,1.3995,220356.29,0.0,0.0,0
15m,1773430200.0,1.3995,1.4021,1.3994,1.401,166247.2,0.0,0.0,0
15m,1773431100.0,1.401,1.4025,1.3988,1.4013,347268.67,0.0,0.0,0
15m,1773432000.0,1.4013,1.4021,1.3981,1.4015,188748.26,0.0,0.0,0
15m,1773432900.0,1.4015,1.4043,1.401,1.4036,203373.5,0.0,0.0,0
15m,1773433800.0,1.4036,1.4047,1.4025,1.4031,138730.35,0.0,0.0,0
15m,1773434700.0,1.4031,1.4036,1.4018,1.4024,141247.21,0.0,0.0,0
15m,1773435600.0,1.4024,1.406,1.4016,1.4042,506160.34,0.0,0.0,0
15m,1773436500.0,1.4042,1.4042,1.3971,1.3987,300343.32,0.0,0.0,0
15m,1773437400.0,1.3987,1.4028,1.3973,1.3994,253263.54,0.0,0.0,0
15m,1773438300.0,1.3994,1.402,1.3993,1.4006,54545.02,0.0,0.0,0
15m,1773439200.0,1.4006,1.4015,1.3928,1.3974,477337.23,0.0,0.0,0
15m,1773440100.0,1.3974,1.3974,1.3913,1.392,350427.81,0.0,0.0,0
15m,1773441000.0,1.392,1.394,1.3903,1.3928,186423.72,0.0,0.0,0
15m,1773441900.0,1.3928,1.3961,1.3913,1.3948,260402.73,0.0,0.0,0
15m,1773442800.0,1.3948,1.3957,1.3934,1.3955,159074.21,0.0,0.0,0
15m,1773443700.0,1.3955,1.4002,1.3949,1.3996,472909.48,0.0,0.0,0
15m,1773444600.0,1.3996,1.3996,1.3974,1.3983,223535.21,0.0,0.0,0
15m,1773445500.0,1.3983,1.3991,1.3977,1.3989,108564.24,0.0,0.0,0
15m,1773446400.0,1.3989,1.3989,1.3951,1.3969,87075.23,0.0,0.0,0
15m,1773447300.0,1.3969,1.3987,1.396,1.3987,180411.04,0.0,0.0,0
15m,1773448200.0,1.3987,1.3997,1.3938,1.394,162573.82,0.0,0.0,0
15m,1773449100.0,1.394,1.3947,1.3923,1.3943,142459.17,0.0,0.0,0
15m,1773450000.0,1.3943,1.3963,1.3939,1.3956,97858.77,0.0,0.0,0
15m,1773450900.0,1.3956,1.3981,1.3952,1.3977,158024.34,0.0,0.0,0
15m,1773451800.0,1.3977,1.3986,1.3925,1.398,311701.76,0.0,0.0,0
15m,1773452700.0,1.398,1.4012,1.398,1.4001,183791.05,0.0,0.0,0
15m,1773453600.0,1.4001,1.4024,1.3992,1.4017,257504.28,0.0,0.0,0
15m,1773454500.0,1.4017,1.4019,1.3998,1.4001,191983.62,0.0,0.0,0
15m,1773455400.0,1.4001,1.4007,1.3987,1.3987,70589.8,0.0,0.0,0
15m,1773456300.0,1.3987,1.3998,1.3975,1.3983,200923.33,0.0,0.0,0
15m,1773457200.0,1.3983,1.4013,1.397,1.4011,91408.39,0.0,0.0,0
15m,1773458100.0,1.4011,1.4021,1.4,1.4007,106716.93,0.0,0.0,0
15m,1773459000.0,1.4007,1.4034,1.4007,1.4014,233313.5,0.0,0.0,0
15m,1773459900.0,1.4014,1.4014,1.4001,1.4008,166412.11,0.0,0.0,0
15m,1773460800.0,1.4008,1.401,1.3983,1.4004,241170.97,0.0,0.0,0
15m,1773461700.0,1.4004,1.4011,1.3985,1.4006,137561.36,0.0,0.0,0
15m,1773462600.0,1.4006,1.4029,1.3999,1.4026,143447.53,0.0,0.0,0
15m,1773463500.0,1.4026,1.4042,1.3962,1.3979,350507.21,0.0,0.0,0
15m,1773464400.0,1.3979,1.3992,1.3964,1.3982,166664.27,0.0,0.0,0
15m,1773465300.0,1.3982,1.3989,1.3973,1.398,63352.35,0.0,0.0,0
15m,1773466200.0,1.398,1.398,1.3939,1.3957,233887.15,0.0,0.0,0
15m,1773467100.0,1.3957,1.3967,1.3949,1.3952,72922.87,0.0,0.0,0
15m,1773468000.0,1.3952,1.3952,1.3935,1.3941,108708.9,0.0,0.0,0
15m,1773468900.0,1.3941,1.3942,1.39,1.3909,347945.32,0.0,0.0,0
15m,1773469800.0,1.3909,1.3912,1.3844,1.3879,784825.54,0.0,0.0,0
15m,1773470700.0,1.3879,1.3928,1.3876,1.3925,237814.77,0.0,0.0,0
15m,1773471600.0,1.3925,1.3955,1.3919,1.3953,159015.62,0.0,0.0,0
15m,1773472500.0,1.3953,1.3977,1.3944,1.3969,163322.51,0.0,0.0,0
15m,1773473400.0,1.3969,1.3971,1.3931,1.3943,142615.98,0.0,0.0,0
15m,1773474300.0,1.3943,1.3948,1.3929,1.394,75806.5,0.0,0.0,0
15m,1773475200.0,1.394,1.3959,1.3937,1.3956,89880.88,0.0,0.0,0
15m,1773476100.0,1.3956,1.3968,1.3947,1.3968,128917.81,0.0,0.0,0
15m,1773477000.0,1.3968,1.3969,1.3914,1.3927,561672.0,0.0,0.0,0
15m,1773477900.0,1.3927,1.3935,1.3922,1.3934,53408.47,0.0,0.0,0
15m,1773478800.0,1.3934,1.3969,1.3932,1.3968,72993.56,0.0,0.0,0
15m,1773479700.0,1.3968,1.3971,1.3951,1.3955,85230.23,0.0,0.0,0
15m,1773480600.0,1.3955,1.3957,1.3935,1.3936,159240.95,0.0,0.0,0
15m,1773481500.0,1.3936,1.3937,1.3889,1.3899,300548.0,0.0,0.0,0
15m,1773482400.0,1.3899,1.3907,1.3889,1.3907,116331.67,0.0,0.0,0
15m,1773483300.0,1.3907,1.3907,1.3883,1.3897,144558.77,0.0,0.0,0
15m,1773484200.0,1.3897,1.3898,1.3881,1.3882,205978.78,0.0,0.0,0
15m,1773485100.0,1.3882,1.3898,1.3875,1.3894,184081.48,0.0,0.0,0
15m,1773486000.0,1.3894,1.3924,1.389,1.3915,120110.29,0.0,0.0,0
15m,1773486900.0,1.3915,1.3929,1.3908,1.3915,111015.05,0.0,0.0,0
15m,1773487800.0,1.3915,1.3924,1.3905,1.3912,183196.25,0.0,0.0,0
15m,1773488700.0,1.3912,1.3925,1.3912,1.3924,111627.0,0.0,0.0,0
15m,1773489600.0,1.3924,1.3939,1.3913,1.392,191802.87,0.0,0.0,0
15m,1773490500.0,1.392,1.3929,1.3903,1.3904,228251.59,0.0,0.0,0
15m,1773491400.0,1.3904,1.3911,1.388,1.3886,421246.25,0.0,0.0,0
15m,1773492300.0,1.3886,1.3898,1.3882,1.3895,500519.69,0.0,0.0,0
15m,1773493200.0,1.3895,1.3895,1.3882,1.3894,109182.15,0.0,0.0,0
15m,1773494100.0,1.3894,1.3942,1.3894,1.3939,124014.88,0.0,0.0,0
15m,1773495000.0,1.3939,1.3944,1.3927,1.3933,71133.75,0.0,0.0,0
15m,1773495900.0,1.3933,1.3933,1.3908,1.3918,66126.59,0.0,0.0,0
15m,1773496800.0,1.3918,1.3931,1.3901,1.3904,131917.27,0.0,0.0,0
15m,1773497700.0,1.3904,1.3928,1.3897,1.3928,64679.29,0.0,0.0,0
15m,1773498600.0,1.3928,1.3932,1.3875,1.3881,169865.95,0.0,0.0,0
15m,1773499500.0,1.3881,1.3899,1.3881,1.389,180190.0,0.0,0.0,0
15m,1773500400.0,1.389,1.3908,1.3882,1.3899,98741.31,0.0,0.0,0
15m,1773501300.0,1.3899,1.3915,1.3893,1.3915,124515.9,0.0,0.0,0
15m,1773502200.0,1.3915,1.3916,1.3886,1.3895,136193.05,0.0,0.0,0
15m,1773503100.0,1.3895,1.3913,1.3895,1.3903,18795.53,0.0,0.0,0
15m,1773504000.0,1.3903,1.3903,1.3872,1.3889,131184.0,0.0,0.0,0
15m,1773504900.0,1.3889,1.3904,1.3889,1.3901,74760.6,0.0,0.0,0
15m,1773505800.0,1.3901,1.3922,1.3901,1.3912,20970.41,0.0,0.0,0
15m,1773506700.0,1.3912,1.393,1.3902,1.393,17736.78,0.0,0.0,0
15m,1773507600.0,1.393,1.3935,1.3922,1.3932,60721.89,0.0,0.0,0
15m,1773508500.0,1.3932,1.3935,1.3913,1.3924,144034.38,0.0,0.0,0
15m,1773509400.0,1.3924,1.3924,1.3903,1.3905,61911.18,0.0,0.0,0
15m,1773510300.0,1.3905,1.3908,1.3886,1.3897,251847.89,0.0,0.0,0
15m,1773511200.0,1.3897,1.3898,1.3883,1.3892,68093.61,0.0,0.0,0
15m,1773512100.0,1.3892,1.3905,1.3886,1.3905,109963.51,0.0,0.0,0
15m,1773513000.0,1.3905,1.3917,1.3901,1.3912,47839.19,0.0,0.0,0
15m,1773513900.0,1.3912,1.3928,1.391,1.3913,61946.63,0.0,0.0,0
15m,1773514800.0,1.3913,1.3914,1.3898,1.391,45870.52,0.0,0.0,0
15m,1773515700.0,1.391,1.3914,1.3901,1.3903,32660.44,0.0,0.0,0
15m,1773516600.0,1.3903,1.3908,1.3896,1.3906,27656.0,0.0,0.0,0
15m,1773517500.0,1.3906,1.3912,1.3901,1.3902,27902.56,0.0,0.0,0
15m,1773518400.0,1.3902,1.3904,1.3888,1.3891,70297.39,0.0,0.0,0
15m,1773519300.0,1.3891,1.3917,1.389,1.3914,160032.59,0.0,0.0,0
15m,1773520200.0,1.3914,1.3939,1.3913,1.3938,42495.56,0.0,0.0,0
15m,1773521100.0,1.3938,1.3938,1.3919,1.3934,89705.31,0.0,0.0,0
15m,1773522000.0,1.3934,1.3934,1.3911,1.392,310898.03,0.0,0.0,0
15m,1773522900.0,1.392,1.3928,1.3914,1.3921,50905.25,0.0,0.0,0
15m,1773523800.0,1.3921,1.395,1.3921,1.3948,68677.5,0.0,0.0,0
15m,1773524700.0,1.3948,1.3968,1.3944,1.3954,126233.89,0.0,0.0,0
15m,1773525600.0,1.3954,1.3964,1.3942,1.3949,131477.98,0.0,0.0,0
15m,1773526500.0,1.3949,1.3964,1.3943,1.3957,157732.0,0.0,0.0,0
15m,1773527400.0,1.3957,1.3979,1.3954,1.3979,71101.57,0.0,0.0,0
15m,1773528300.0,1.3979,1.3979,1.3963,1.3967,72322.56,0.0,0.0,0
15m,1773529200.0,1.3967,1.4053,1.3967,1.4028,298836.99,0.0,0.0,0
15m,1773530100.0,1.4028,1.4044,1.4007,1.4041,147634.64,0.0,0.0,0
15m,1773531000.0,1.4041,1.4051,1.4021,1.4044,221728.68,0.0,0.0,0
15m,1773531900.0,1.4044,1.4085,1.404,1.4062,181981.03,0.0,0.0,0
15m,1773532800.0,1.4062,1.4093,1.406,1.4069,206214.5,0.0,0.0,0
15m,1773533700.0,1.4069,1.4093,1.4043,1.4068,211571.48,0.0,0.0,0
15m,1773534600.0,1.4068,1.4077,1.4033,1.4038,100827.34,0.0,0.0,0
15m,1773535500.0,1.4038,1.4054,1.4023,1.4053,70299.09,0.0,0.0,0
15m,1773536400.0,1.4053,1.4079,1.4029,1.4035,87079.44,0.0,0.0,0
15m,1773537300.0,1.4035,1.4052,1.4023,1.404,74045.22,0.0,0.0,0
15m,1773538200.0,1.404,1.4048,1.4025,1.4034,67522.51,0.0,0.0,0
15m,1773539100.0,1.4034,1.4054,1.4025,1.4051,47515.92,0.0,0.0,0
15m,1773540000.0,1.4051,1.4165,1.405,1.4153,656540.23,0.0,0.0,0
15m,1773540900.0,1.4153,1.4172,1.4139,1.4157,193363.31,0.0,0.0,0
15m,1773541800.0,1.4157,1.4182,1.4122,1.4177,221185.89,0.0,0.0,0
15m,1773542700.0,1.4177,1.4196,1.414,1.4159,571745.17,0.0,0.0,0
15m,1773543600.0,1.4159,1.4202,1.4158,1.419,176737.75,0.0,0.0,0
15m,1773544500.0,1.419,1.4191,1.4141,1.4149,199326.77,0.0,0.0,0
15m,1773545400.0,1.4149,1.417,1.4134,1.4142,146399.93,0.0,0.0,0
15m,1773546300.0,1.4142,1.4142,1.4117,1.412,200743.09,0.0,0.0,0
15m,1773547200.0,1.412,1.4179,1.412,1.4176,165796.69,0.0,0.0,0
15m,1773548100.0,1.4176,1.4183,1.4127,1.4147,301966.83,0.0,0.0,0
15m,1773549000.0,1.4147,1.4164,1.4137,1.416,93916.56,0.0,0.0,0
15m,1773549900.0,1.416,1.4171,1.4147,1.417,136673.11,0.0,0.0,0
15m,1773550800.0,1.417,1.4172,1.4149,1.4149,42607.11,0.0,0.0,0
15m,1773551700.0,1.4149,1.4212,1.4142,1.4176,315640.91,0.0,0.0,0
15m,1773552600.0,1.4176,1.4196,1.4162,1.4185,146126.27,0.0,0.0,0
15m,1773553500.0,1.4185,1.4186,1.4141,1.4141,97789.76,0.0,0.0,0
15m,1773554400.0,1.4141,1.4159,1.4136,1.4145,59272.42,0.0,0.0,0
15m,1773555300.0,1.4145,1.4148,1.4095,1.4099,191312.12,0.0,0.0,0
15m,1773556200.0,1.4099,1.4099,1.4056,1.4088,202159.87,0.0,0.0,0
15m,1773557100.0,1.4088,1.4109,1.4088,1.4103,91876.43,0.0,0.0,0
15m,1773558000.0,1.4103,1.412,1.4077,1.4103,97509.19,0.0,0.0,0
15m,1773558900.0,1.4103,1.4109,1.409,1.409,56627.15,0.0,0.0,0
15m,1773559800.0,1.409,1.4091,1.4065,1.4068,51143.49,0.0,0.0,0
15m,1773560700.0,1.4068,1.408,1.4064,1.4077,76406.01,0.0,0.0,0
15m,1773561600.0,1.4077,1.4115,1.4077,1.4108,96892.39,0.0,0.0,0
15m,1773562500.0,1.4108,1.4128,1.4097,1.4097,80580.54,0.0,0.0,0
15m,1773563400.0,1.4097,1.4104,1.4087,1.4103,64617.15,0.0,0.0,0
15m,1773564300.0,1.4103,1.4134,1.4103,1.4131,63893.84,0.0,0.0,0
15m,1773565200.0,1.4131,1.4169,1.4131,1.4147,172895.03,0.0,0.0,0
15m,1773566100.0,1.4147,1.4186,1.4145,1.4165,106583.4,0.0,0.0,0
15m,1773567000.0,1.4165,1.4172,1.4147,1.4147,52853.31,0.0,0.0,0
15m,1773567900.0,1.4147,1.4162,1.4142,1.4148,93328.91,0.0,0.0,0
15m,1773568800.0,1.4148,1.416,1.4142,1.4156,60877.26,0.0,0.0,0
15m,1773569700.0,1.4156,1.4178,1.4149,1.4159,35972.72,0.0,0.0,0
15m,1773570600.0,1.4159,1.4172,1.4149,1.415,40216.39,0.0,0.0,0
15m,1773571500.0,1.415,1.4169,1.415,1.4163,69148.57,0.0,0.0,0
15m,1773572400.0,1.4163,1.4163,1.4147,1.4151,83368.49,0.0,0.0,0
15m,1773573300.0,1.4151,1.4167,1.415,1.4151,128498.27,0.0,0.0,0
15m,1773574200.0,1.4151,1.4155,1.4139,1.4154,149526.55,0.0,0.0,0
15m,1773575100.0,1.4154,1.4206,1.4153,1.4197,388943.01,0.0,0.0,0
15m,1773576000.0,1.4197,1.4197,1.4162,1.4174,121876.69,0.0,0.0,0
15m,1773576900.0,1.4174,1.4178,1.415,1.4173,88860.88,0.0,0.0,0
15m,1773577800.0,1.4173,1.4228,1.417,1.4193,610325.34,0.0,0.0,0
15m,1773578700.0,1.4193,1.425,1.4193,1.4237,510732.58,0.0,0.0,0
15m,1773579600.0,1.4237,1.43,1.4176,1.4225,1315839.64,0.0,0.0,0
15m,1773580500.0,1.4225,1.4273,1.4159,1.4238,741288.49,0.0,0.0,0
15m,1773581400.0,1.4238,1.4255,1.4164,1.42,357260.67,0.0,0.0,0
15m,1773582300.0,1.42,1.4236,1.4187,1.423,213843.17,0.0,0.0,0
15m,1773583200.0,1.423,1.4248,1.4213,1.4238,128175.35,0.0,0.0,0
15m,1773584100.0,1.4238,1.4238,1.4175,1.4183,236506.48,0.0,0.0,0
15m,1773585000.0,1.4183,1.4183,1.4129,1.4151,260450.92,0.0,0.0,0
15m,1773585900.0,1.4151,1.4177,1.4139,1.4177,216380.7,0.0,0.0,0
15m,1773586800.0,1.4177,1.4225,1.4168,1.4215,102259.01,0.0,0.0,0
15m,1773587700.0,1.4215,1.4223,1.4156,1.416,119746.75,0.0,0.0,0
15m,1773588600.0,1.416,1.4195,1.415,1.4189,109254.38,0.0,0.0,0
15m,1773589500.0,1.4189,1.4189,1.4152,1.4157,57332.9,0.0,0.0,0
15m,1773590400.0,1.4157,1.4182,1.4146,1.416,47068.63,0.0,0.0,0
15m,1773591300.0,1.416,1.416,1.4092,1.414,174736.62,0.0,0.0,0
15m,1773592200.0,1.414,1.4164,1.4116,1.4142,82283.03,0.0,0.0,0
15m,1773593100.0,1.4142,1.415,1.4113,1.4127,215526.48,0.0,0.0,0
15m,1773594000.0,1.4127,1.4176,1.412,1.4157,74619.68,0.0,0.0,0
15m,1773594900.0,1.4157,1.4158,1.4139,1.4141,56210.97,0.0,0.0,0
15m,1773595800.0,1.4141,1.4146,1.4128,1.4142,31444.04,0.0,0.0,0
15m,1773596700.0,1.4142,1.4239,1.4133,1.4191,447124.26,0.0,0.0,0
15m,1773597600.0,1.4191,1.4208,1.4182,1.4185,116958.42,0.0,0.0,0
15m,1773598500.0,1.4185,1.4192,1.4176,1.4177,67514.41,0.0,0.0,0
15m,1773599400.0,1.4177,1.4199,1.4177,1.4182,35938.77,0.0,0.0,0
15m,1773600300.0,1.4182,1.4184,1.4091,1.4107,271600.82,0.0,0.0,0
15m,1773601200.0,1.4107,1.4138,1.4098,1.4135,143733.0,0.0,0.0,0
15m,1773602100.0,1.4135,1.4152,1.412,1.4143,43709.62,0.0,0.0,0
15m,1773603000.0,1.4143,1.4149,1.4121,1.4121,62769.62,0.0,0.0,0
15m,1773603900.0,1.4121,1.4135,1.4113,1.4127,65241.27,0.0,0.0,0
15m,1773604800.0,1.4127,1.4127,1.4106,1.411,87351.53,0.0,0.0,0
15m,1773605700.0,1.411,1.4129,1.4107,1.4128,140074.42,0.0,0.0,0
15m,1773606600.0,1.4128,1.4231,1.4128,1.4199,249402.86,0.0,0.0,0
15m,1773607500.0,1.4199,1.4205,1.4173,1.4176,64873.27,0.0,0.0,0
15m,1773608400.0,1.4176,1.4188,1.4149,1.4156,143860.19,0.0,0.0,0
15m,1773609300.0,1.4156,1.4205,1.4156,1.4189,68740.83,0.0,0.0,0
15m,1773610200.0,1.4189,1.4314,1.4188,1.4269,525776.92,0.0,0.0,0
15m,1773611100.0,1.4269,1.4291,1.4251,1.4273,454617.62,0.0,0.0,0
15m,1773612000.0,1.4273,1.4361,1.4236,1.4248,883557.7,0.0,0.0,0
15m,1773612900.0,1.4248,1.43,1.4228,1.4294,234737.62,0.0,0.0,0
15m,1773613800.0,1.4294,1.4579,1.4291,1.4517,3435681.47,0.0,0.0,0
15m,1773614700.0,1.4517,1.4645,1.4516,1.4542,1894022.82,0.0,0.0,0
15m,1773615600.0,1.4542,1.4577,1.4485,1.4503,1300452.33,0.0,0.0,0
15m,1773616500.0,1.4503,1.4513,1.4393,1.4424,973290.74,0.0,0.0,0
15m,1773617400.0,1.4424,1.4491,1.4397,1.4474,547192.45,0.0,0.0,0
15m,1773618300.0,1.4474,1.4494,1.4451,1.4488,302011.56,0.0,0.0,0
15m,1773619200.0,1.4488,1.4579,1.4488,1.4506,1272360.08,0.0,0.0,0
15m,1773620100.0,1.4506,1.4562,1.4474,1.4476,510592.62,0.0,0.0,0
15m,1773621000.0,1.4476,1.4502,1.4441,1.4451,476390.66,0.0,0.0,0
15m,1773621900.0,1.4451,1.4485,1.4449,1.4467,103925.88,0.0,0.0,0
15m,1773622800.0,1.4467,1.4498,1.4409,1.4412,214361.66,0.0,0.0,0
15m,1773623700.0,1.4412,1.4477,1.4381,1.4451,379258.18,0.0,0.0,0
15m,1773624600.0,1.4451,1.4451,1.4392,1.4425,222762.92,0.0,0.0,0
15m,1773625500.0,1.4425,1.4501,1.4425,1.447,286934.28,0.0,0.0,0
15m,1773626400.0,1.447,1.4492,1.4426,1.443,162523.56,0.0,0.0,0
15m,1773627300.0,1.443,1.4435,1.436,1.4369,426717.01,0.0,0.0,0
15m,1773628200.0,1.4369,1.4389,1.4363,1.4385,109775.32,0.0,0.0,0
15m,1773629100.0,1.4385,1.4458,1.4385,1.4431,181696.97,0.0,0.0,0
15m,1773630000.0,1.4431,1.4456,1.4402,1.4446,179723.01,0.0,0.0,0
15m,1773630900.0,1.4446,1.4542,1.4435,1.4532,911414.66,0.0,0.0,0
15m,1773631800.0,1.4532,1.4801,1.4532,1.4705,4180837.64,0.0,0.0,0
15m,1773632700.0,1.4705,1.4723,1.4645,1.4677,606839.16,0.0,0.0,0
15m,1773633600.0,1.4677,1.4757,1.4677,1.4746,469100.08,0.0,0.0,0
15m,1773634500.0,1.4746,1.4784,1.469,1.4695,767755.13,0.0,0.0,0
15m,1773635400.0,1.4695,1.4773,1.4676,1.477,772722.32,0.0,0.0,0
15m,1773636300.0,1.477,1.4864,1.475,1.4801,1614194.4,0.0,0.0,0
15m,1773637200.0,1.4801,1.4848,1.4751,1.4806,560459.59,0.0,0.0,0
15m,1773638100.0,1.4806,1.4816,1.4772,1.4801,407336.68,0.0,0.0,0
15m,1773639000.0,1.4801,1.4838,1.4743,1.4832,613102.92,0.0,0.0,0
15m,1773639900.0,1.4832,1.4847,1.4788,1.4815,609838.25,0.0,0.0,0
15m,1773640800.0,1.4815,1.4815,1.4735,1.4764,387854.38,0.0,0.0,0
15m,1773641700.0,1.4764,1.4814,1.4761,1.4773,588041.02,0.0,0.0,0
15m,1773642600.0,1.4773,1.4816,1.4752,1.4796,594115.29,0.0,0.0,0
15m,1773643500.0,1.4796,1.4796,1.4767,1.4768,135891.25,0.0,0.0,0
15m,1773644400.0,1.4768,1.4876,1.476,1.4847,1331627.28,0.0,0.0,0
15m,1773645300.0,1.4847,1.4885,1.4812,1.4831,768711.46,0.0,0.0,0
15m,1773646200.0,1.4831,1.4843,1.4785,1.4831,434681.49,0.0,0.0,0
15m,1773647100.0,1.4831,1.486,1.4811,1.483,1017954.51,0.0,0.0,0
15m,1773648000.0,1.483,1.4899,1.4813,1.4814,969150.62,0.0,0.0,0
15m,1773648900.0,1.4814,1.4846,1.4779,1.4784,518414.03,0.0,0.0,0
15m,1773649800.0,1.4784,1.4789,1.4659,1.4665,881544.98,0.0,0.0,0
15m,1773650700.0,1.4665,1.4714,1.4646,1.4684,711947.48,0.0,0.0,0
15m,1773651600.0,1.4684,1.4712,1.4672,1.4697,315507.63,0.0,0.0,0
15m,1773652500.0,1.4697,1.4714,1.4678,1.4686,654442.71,0.0,0.0,0
15m,1773653400.0,1.4686,1.4696,1.4664,1.4682,225202.06,0.0,0.0,0
15m,1773654300.0,1.4682,1.476,1.4682,1.4741,481109.61,0.0,0.0,0
15m,1773655200.0,1.4741,1.4763,1.4721,1.473,323089.17,0.0,0.0,0
15m,1773656100.0,1.473,1.4748,1.4711,1.4719,153519.42,0.0,0.0,0
15m,1773657000.0,1.4719,1.472,1.4669,1.4684,322983.65,0.0,0.0,0
15m,1773657900.0,1.4684,1.4759,1.4678,1.475,346763.61,0.0,0.0,0
15m,1773658800.0,1.475,1.4756,1.4721,1.4723,210643.75,0.0,0.0,0
15m,1773659700.0,1.4723,1.4735,1.4671,1.4672,335152.6,0.0,0.0,0
15m,1773660600.0,1.4672,1.4718,1.4668,1.4708,160830.84,0.0,0.0,0
15m,1773661500.0,1.4708,1.4719,1.4696,1.4698,112216.18,0.0,0.0,0
15m,1773662400.0,1.4698,1.4767,1.4696,1.4738,1003413.31,0.0,0.0,0
15m,1773663300.0,1.4738,1.4804,1.4715,1.4796,666987.55,0.0,0.0,0
15m,1773664200.0,1.4796,1.4807,1.475,1.4778,356476.22,0.0,0.0,0
15m,1773665100.0,1.4778,1.4789,1.4751,1.4762,170344.66,0.0,0.0,0
15m,1773666000.0,1.4762,1.4803,1.4747,1.4794,239435.65,0.0,0.0,0
15m,1773666900.0,1.4794,1.4798,1.4766,1.4793,157788.47,0.0,0.0,0
15m,1773667800.0,1.4793,1.4925,1.477,1.4842,1181154.6,0.0,0.0,0
15m,1773668700.0,1.4842,1.49,1.4777,1.4824,720497.53,0.0,0.0,0
15m,1773669600.0,1.4824,1.4896,1.48,1.488,485889.27,0.0,0.0,0
15m,1773670500.0,1.488,1.4908,1.4797,1.4801,513683.22,0.0,0.0,0
15m,1773671400.0,1.4801,1.4832,1.4716,1.4765,1317168.75,0.0,0.0,0
15m,1773672300.0,1.4765,1.5094,1.4757,1.5093,2017040.18,0.0,0.0,0
15m,1773673200.0,1.5093,1.5132,1.4959,1.5085,2974143.92,0.0,0.0,0
15m,1773674100.0,1.5085,1.5148,1.5029,1.5108,936469.16,0.0,0.0,0
15m,1773675000.0,1.5108,1.5169,1.498,1.4991,620710.28,0.0,0.0,0
15m,1773675900.0,1.4991,1.5036,1.4924,1.493,498160.24,0.0,0.0,0
15m,1773676800.0,1.493,1.5002,1.4918,1.4937,519658.8,0.0,0.0,0
15m,1773677700.0,1.4937,1.5004,1.4925,1.5003,390146.44,0.0,0.0,0
15m,1773678600.0,1.5003,1.5068,1.4984,1.5035,407943.55,0.0,0.0,0
15m,1773679500.0,1.5035,1.5113,1.5016,1.5086,573221.55,0.0,0.0,0
15m,1773680400.0,1.5086,1.5124,1.5054,1.5084,728953.01,0.0,0.0,0
15m,1773681300.0,1.5084,1.5104,1.5063,1.5088,282322.39,0.0,0.0,0
15m,1773682200.0,1.5088,1.5178,1.5061,1.514,832173.83,0.0,0.0,0
15m,1773683100.0,1.514,1.5194,1.5131,1.5185,515948.93,0.0,0.0,0
15m,1773684000.0,1.5185,1.5281,1.5164,1.525,762712.85,0.0,0.0,0
15m,1773684900.0,1.525,1.5443,1.5233,1.5414,2082354.79,0.0,0.0,0
15m,1773685800.0,1.5414,1.5424,1.5321,1.5387,951035.81,0.0,0.0,0
15m,1773686700.0,1.5387,1.5399,1.5326,1.5354,640859.23,0.0,0.0,0
15m,1773687600.0,1.5354,1.5426,1.529,1.5388,608775.34,0.0,0.0,0
15m,1773688500.0,1.5388,1.5423,1.5303,1.5354,347392.56,0.0,0.0,0
15m,1773689400.0,1.5354,1.5371,1.5299,1.53,257028.46,0.0,0.0,0
15m,1773690300.0,1.53,1.5329,1.521,1.53,843933.33,0.0,0.0,0
15m,1773691200.0,1.53,1.5304,1.5248,1.5269,389164.6,0.0,0.0,0
15m,1773692100.0,1.5269,1.5299,1.5247,1.5284,217000.06,0.0,0.0,0
15m,1773693000.0,1.5284,1.531,1.5236,1.5245,214149.71,0.0,0.0,0
15m,1773693900.0,1.5245,1.5293,1.5238,1.5281,191182.6,0.0,0.0,0
15m,1773694800.0,1.5281,1.5343,1.5264,1.5308,781423.55,0.0,0.0,0
15m,1773695700.0,1.5308,1.5325,1.5263,1.5289,300139.65,0.0,0.0,0
15m,1773696600.0,1.5289,1.5406,1.5278,1.5316,527919.8,0.0,0.0,0
15m,1773697500.0,1.5316,1.5364,1.528,1.5281,298939.23,0.0,0.0,0
15m,1773698400.0,1.5281,1.5418,1.5281,1.5415,490661.74,0.0,0.0,0
15m,1773699300.0,1.5415,1.5432,1.5351,1.5387,402752.93,0.0,0.0,0
15m,1773700200.0,1.5387,1.5448,1.5379,1.5446,214952.66,0.0,0.0,0
15m,1773701100.0,1.5446,1.5522,1.544,1.5515,608628.29,0.0,0.0,0
15m,1773702000.0,1.5515,1.5515,1.5373,1.5407,741965.88,0.0,0.0,0
15m,1773702900.0,1.5407,1.547,1.5405,1.5467,234367.44,0.0,0.0,0
15m,1773703800.0,1.5467,1.5518,1.545,1.5496,417332.59,0.0,0.0,0
15m,1773704700.0,1.5496,1.5513,1.5411,1.5428,207452.96,0.0,0.0,0
15m,1773705600.0,1.5428,1.5545,1.5358,1.5514,1653135.31,0.0,0.0,0
15m,1773706500.0,1.5514,1.5545,1.5344,1.5404,1358937.64,0.0,0.0,0
15m,1773707400.0,1.5404,1.5456,1.5362,1.5382,667990.04,0.0,0.0,0
15m,1773708300.0,1.5382,1.5455,1.5363,1.5453,433220.49,0.0,0.0,0
15m,1773709200.0,1.5453,1.5734,1.5442,1.5649,2602013.63,0.0,0.0,0
15m,1773710100.0,1.5649,1.5749,1.5576,1.5741,1181837.32,0.0,0.0,0
15m,1773711000.0,1.5741,1.5779,1.5596,1.565,2443609.85,0.0,0.0,0
15m,1773711900.0,1.565,1.5716,1.5616,1.5707,960971.08,0.0,0.0,0
15m,1773712800.0,1.5707,1.5782,1.5606,1.5722,2268909.69,0.0,0.0,0
15m,1773713700.0,1.5722,1.5792,1.5661,1.5679,818384.21,0.0,0.0,0
15m,1773714600.0,1.5679,1.5994,1.5679,1.5984,2064746.12,0.0,0.0,0
15m,1773715500.0,1.5984,1.6069,1.5931,1.5939,1935282.33,0.0,0.0,0
15m,1773716400.0,1.5939,1.5953,1.5769,1.5781,1086199.87,0.0,0.0,0
15m,1773717300.0,1.5781,1.5791,1.5644,1.5651,806956.3,0.0,0.0,0
15m,1773718200.0,1.5651,1.5656,1.5417,1.5437,1739087.46,0.0,0.0,0
15m,1773719100.0,1.5437,1.5451,1.5343,1.5443,2088819.32,0.0,0.0,0
15m,1773720000.0,1.5443,1.5513,1.541,1.5504,1701069.26,0.0,0.0,0
15m,1773720900.0,1.5504,1.5526,1.5384,1.5396,1342549.43,0.0,0.0,0
15m,1773721800.0,1.5396,1.5422,1.5237,1.5281,1761829.5,0.0,0.0,0
15m,1773722700.0,1.5281,1.5332,1.5276,1.5301,480292.59,0.0,0.0,0
15m,1773723600.0,1.5301,1.532,1.5237,1.525,431117.37,0.0,0.0,0
15m,1773724500.0,1.525,1.531,1.5245,1.5296,304269.06,0.0,0.0,0
15m,1773725400.0,1.5296,1.5296,1.5129,1.5144,794345.27,0.0,0.0,0
15m,1773726300.0,1.5144,1.5177,1.5106,1.5154,625835.55,0.0,0.0,0
15m,1773727200.0,1.5154,1.5167,1.5049,1.5166,809335.59,0.0,0.0,0
15m,1773728100.0,1.5166,1.5228,1.5144,1.5211,403856.04,0.0,0.0,0
15m,1773729000.0,1.5211,1.5231,1.5149,1.5156,550373.91,0.0,0.0,0
15m,1773729900.0,1.5156,1.5188,1.513,1.517,497518.18,0.0,0.0,0
15m,1773730800.0,1.517,1.5281,1.5166,1.5266,808156.9,0.0,0.0,0
15m,1773731700.0,1.5266,1.5432,1.5263,1.5385,1234130.8,0.0,0.0,0
15m,1773732600.0,1.5385,1.5385,1.5321,1.5337,438488.83,0.0,0.0,0
15m,1773733500.0,1.5337,1.5347,1.5297,1.5301,199517.93,0.0,0.0,0
15m,1773734400.0,1.5301,1.5331,1.5255,1.5301,483564.79,0.0,0.0,0
15m,1773735300.0,1.5301,1.5318,1.5256,1.5294,236034.95,0.0,0.0,0
15m,1773736200.0,1.5294,1.5313,1.5262,1.5289,356593.1,0.0,0.0,0
15m,1773737100.0,1.5289,1.5289,1.5196,1.5209,478426.0,0.0,0.0,0
15m,1773738000.0,1.5209,1.5214,1.5145,1.5149,497879.65,0.0,0.0,0
15m,1773738900.0,1.5149,1.5246,1.513,1.5218,1140851.23,0.0,0.0,0
15m,1773739800.0,1.5218,1.5218,1.5164,1.5173,374299.1,0.0,0.0,0
15m,1773740700.0,1.5173,1.5175,1.5088,1.5125,533585.53,0.0,0.0,0
15m,1773741600.0,1.5125,1.5126,1.5045,1.5066,592770.79,0.0,0.0,0
15m,1773742500.0,1.5066,1.5115,1.5022,1.5092,363440.31,0.0,0.0,0
15m,1773743400.0,1.5092,1.5117,1.5075,1.5108,325116.97,0.0,0.0,0
15m,1773744300.0,1.5108,1.5118,1.5077,1.509,381424.95,0.0,0.0,0
15m,1773745200.0,1.509,1.5139,1.5074,1.5133,714946.87,0.0,0.0,0
15m,1773746100.0,1.5133,1.5178,1.5121,1.516,778554.15,0.0,0.0,0
15m,1773747000.0,1.516,1.5185,1.5138,1.5138,427348.56,0.0,0.0,0
15m,1773747900.0,1.5138,1.5163,1.5092,1.5096,563416.03,0.0,0.0,0
15m,1773748800.0,1.5096,1.5138,1.5055,1.5092,1251020.19,0.0,0.0,0
15m,1773749700.0,1.5092,1.5148,1.5044,1.5077,533954.48,0.0,0.0,0
15m,1773750600.0,1.5077,1.5088,1.5016,1.5071,369471.93,0.0,0.0,0
15m,1773751500.0,1.5071,1.5071,1.5017,1.5049,341938.75,0.0,0.0,0
15m,1773752400.0,1.5049,1.5094,1.5046,1.508,294819.61,0.0,0.0,0
15m,1773753300.0,1.508,1.51,1.5058,1.5074,186596.73,0.0,0.0,0
15m,1773754200.0,1.5074,1.5177,1.5015,1.5054,3934568.57,0.0,0.0,0
15m,1773755100.0,1.5054,1.5122,1.4954,1.5035,2350367.13,0.0,0.0,0
15m,1773756000.0,1.5035,1.5037,1.4939,1.5016,926071.57,0.0,0.0,0
15m,1773756900.0,1.5016,1.5083,1.4959,1.5066,533675.61,0.0,0.0,0
15m,1773757800.0,1.5066,1.5114,1.505,1.5071,453952.48,0.0,0.0,0
15m,1773758700.0,1.5071,1.5135,1.5061,1.5124,711248.28,0.0,0.0,0
15m,1773759600.0,1.5124,1.5219,1.5078,1.5091,786751.21,0.0,0.0,0
15m,1773760500.0,1.5091,1.5157,1.5083,1.5104,334493.92,0.0,0.0,0
15m,1773761400.0,1.5104,1.5142,1.5029,1.508,577468.44,0.0,0.0,0
15m,1773762300.0,1.508,1.5158,1.5052,1.5136,272234.65,0.0,0.0,0
15m,1773763200.0,1.5136,1.516,1.5122,1.5127,276153.59,0.0,0.0,0
15m,1773764100.0,1.5127,1.5422,1.5118,1.5219,4035915.2,0.0,0.0,0
15m,1773765000.0,1.5219,1.5246,1.5001,1.5173,4295102.57,0.0,0.0,0
15m,1773765900.0,1.5173,1.5205,1.5138,1.5186,245005.58,0.0,0.0,0
15m,1773766800.0,1.5186,1.5236,1.5172,1.5214,311203.61,0.0,0.0,0
15m,1773767700.0,1.5214,1.5304,1.5202,1.5263,827966.97,0.0,0.0,0
15m,1773768600.0,1.5263,1.5286,1.5237,1.5284,286891.27,0.0,0.0,0
15m,1773769500.0,1.5284,1.5316,1.5269,1.5308,269100.57,0.0,0.0,0
15m,1773770400.0,1.5308,1.5319,1.5275,1.5276,173688.14,0.0,0.0,0
15m,1773771300.0,1.5276,1.5308,1.5253,1.5276,222106.34,0.0,0.0,0
15m,1773772200.0,1.5276,1.5369,1.5272,1.5352,452353.75,0.0,0.0,0
15m,1773773100.0,1.5352,1.5382,1.5325,1.5363,323488.01,0.0,0.0,0
15m,1773774000.0,1.5363,1.538,1.5335,1.5341,245037.55,0.0,0.0,0
15m,1773774900.0,1.5341,1.5363,1.5314,1.5335,175337.63,0.0,0.0,0
15m,1773775800.0,1.5335,1.5408,1.5314,1.5382,226169.11,0.0,0.0,0
15m,1773776700.0,1.5382,1.5385,1.5301,1.5333,451593.31,0.0,0.0,0
15m,1773777600.0,1.5333,1.5357,1.5283,1.5284,204614.47,0.0,0.0,0
15m,1773778500.0,1.5284,1.5352,1.5283,1.5345,168500.16,0.0,0.0,0
15m,1773779400.0,1.5345,1.5352,1.532,1.5337,64240.22,0.0,0.0,0
15m,1773780300.0,1.5337,1.5348,1.5323,1.5329,81532.68,0.0,0.0,0
15m,1773781200.0,1.5329,1.5358,1.5271,1.5348,297697.45,0.0,0.0,0
15m,1773782100.0,1.5348,1.5358,1.5295,1.5304,148783.27,0.0,0.0,0
15m,1773783000.0,1.5304,1.5343,1.527,1.5332,202527.82,0.0,0.0,0
15m,1773783900.0,1.5332,1.5342,1.5292,1.5298,132411.04,0.0,0.0,0
15m,1773784800.0,1.5298,1.5365,1.5288,1.5326,169110.92,0.0,0.0,0
15m,1773785700.0,1.5326,1.5343,1.5271,1.5283,215171.74,0.0,0.0,0
15m,1773786600.0,1.5283,1.5286,1.5205,1.5254,338511.88,0.0,0.0,0
15m,1773787500.0,1.5254,1.5286,1.5247,1.5277,128193.59,0.0,0.0,0
15m,1773788400.0,1.5277,1.5307,1.5261,1.5286,87576.39,0.0,0.0,0
15m,1773789300.0,1.5286,1.5288,1.5224,1.5253,313446.27,0.0,0.0,0
15m,1773790200.0,1.5253,1.5253,1.5179,1.5185,436841.71,0.0,0.0,0
15m,1773791100.0,1.5185,1.5205,1.5175,1.5181,187775.29,0.0,0.0,0
15m,1773792000.0,1.5181,1.5213,1.5165,1.5172,208562.8,0.0,0.0,0
15m,1773792900.0,1.5172,1.5179,1.5124,1.5127,476684.25,0.0,0.0,0
15m,1773793800.0,1.5127,1.5127,1.509,1.512,677495.01,0.0,0.0,0
15m,1773794700.0,1.512,1.5169,1.512,1.5154,285164.88,0.0,0.0,0
15m,1773795600.0,1.5154,1.5219,1.5154,1.5202,285973.06,0.0,0.0,0
15m,1773796500.0,1.5202,1.5222,1.5183,1.5188,316585.76,0.0,0.0,0
15m,1773797400.0,1.5188,1.5232,1.5171,1.5182,641940.54,0.0,0.0,0
15m,1773798300.0,1.5182,1.5204,1.514,1.5154,387506.0,0.0,0.0,0
15m,1773799200.0,1.5154,1.5253,1.5148,1.5249,204976.09,0.0,0.0,0
15m,1773800100.0,1.5249,1.5254,1.5217,1.5224,93063.07,0.0,0.0,0
15m,1773801000.0,1.5224,1.5311,1.5224,1.5284,532857.61,0.0,0.0,0
15m,1773801900.0,1.5284,1.5302,1.5261,1.5264,251973.41,0.0,0.0,0
15m,1773802800.0,1.5264,1.5305,1.5257,1.5269,222679.6,0.0,0.0,0
15m,1773803700.0,1.5269,1.5356,1.5269,1.5348,307722.19,0.0,0.0,0
15m,1773804600.0,1.5348,1.5397,1.533,1.5356,340172.83,0.0,0.0,0
15m,1773805500.0,1.5356,1.5389,1.5332,1.5389,267210.44,0.0,0.0,0
15m,1773806400.0,1.5389,1.5412,1.535,1.538,303938.56,0.0,0.0,0
15m,1773807300.0,1.538,1.5404,1.5267,1.5268,1066803.66,0.0,0.0,0
15m,1773808200.0,1.5268,1.5272,1.5237,1.5252,234600.76,0.0,0.0,0
15m,1773809100.0,1.5252,1.5267,1.5248,1.5267,64992.29,0.0,0.0,0
15m,1773810000.0,1.5267,1.5353,1.5262,1.5344,178397.37,0.0,0.0,0
15m,1773810900.0,1.5344,1.5373,1.5292,1.5295,96613.34,0.0,0.0,0
15m,1773811800.0,1.5295,1.5321,1.527,1.5276,226289.89,0.0,0.0,0
15m,1773812700.0,1.5276,1.5296,1.5217,1.5234,570390.62,0.0,0.0,0
15m,1773813600.0,1.5234,1.5268,1.5234,1.5264,116520.27,0.0,0.0,0
15m,1773814500.0,1.5264,1.5305,1.5242,1.5292,114268.1,0.0,0.0,0
15m,1773815400.0,1.5292,1.5307,1.5245,1.5252,195635.03,0.0,0.0,0
15m,1773816300.0,1.5252,1.5271,1.5245,1.5247,62379.21,0.0,0.0,0
15m,1773817200.0,1.5247,1.5247,1.5192,1.5221,201886.45,0.0,0.0,0
15m,1773818100.0,1.5221,1.5228,1.5172,1.5187,155324.77,0.0,0.0,0
15m,1773819000.0,1.5187,1.5187,1.5155,1.5158,264044.14,0.0,0.0,0
15m,1773819900.0,1.5158,1.5202,1.5149,1.5199,162069.5,0.0,0.0,0
15m,1773820800.0,1.5199,1.5253,1.5193,1.5232,195527.2,0.0,0.0,0
15m,1773821700.0,1.5232,1.5245,1.5218,1.5237,207038.6,0.0,0.0,0
15m,1773822600.0,1.5237,1.5247,1.521,1.5226,108418.91,0.0,0.0,0
15m,1773823500.0,1.5226,1.5239,1.5211,1.5224,100031.36,0.0,0.0,0
15m,1773824400.0,1.5224,1.5246,1.5211,1.5234,120096.01,0.0,0.0,0
15m,1773825300.0,1.5234,1.5254,1.5229,1.5236,67637.03,0.0,0.0,0
15m,1773826200.0,1.5236,1.5275,1.5235,1.5261,126982.95,0.0,0.0,0
15m,1773827100.0,1.5261,1.5267,1.5223,1.5237,120431.97,0.0,0.0,0
15m,1773828000.0,1.5237,1.5247,1.5178,1.5209,396681.72,0.0,0.0,0
15m,1773828900.0,1.5209,1.5209,1.5182,1.5186,211362.26,0.0,0.0,0
15m,1773829800.0,1.5186,1.5198,1.5103,1.511,546954.84,0.0,0.0,0
15m,1773830700.0,1.511,1.5125,1.5093,1.5112,353803.36,0.0,0.0,0
15m,1773831600.0,1.5112,1.512,1.504,1.5103,587644.58,0.0,0.0,0
15m,1773832500.0,1.5103,1.5121,1.5025,1.5031,370284.98,0.0,0.0,0
15m,1773833400.0,1.5031,1.5046,1.4839,1.4923,2826989.63,0.0,0.0,0
15m,1773834300.0,1.4923,1.4925,1.4865,1.4898,418416.81,0.0,0.0,0
15m,1773835200.0,1.4898,1.4908,1.4841,1.4875,482366.68,0.0,0.0,0
15m,1773836100.0,1.4875,1.4894,1.4791,1.4798,945833.72,0.0,0.0,0
15m,1773837000.0,1.4798,1.48,1.4575,1.4683,1775833.63,0.0,0.0,0
15m,1773837900.0,1.4683,1.4685,1.4604,1.4641,743790.51,0.0,0.0,0
15m,1773838800.0,1.4641,1.4684,1.455,1.4653,826404.65,0.0,0.0,0
15m,1773839700.0,1.4653,1.4685,1.4605,1.4668,694067.87,0.0,0.0,0
15m,1773840600.0,1.4668,1.474,1.4633,1.4692,685409.14,0.0,0.0,0
15m,1773841500.0,1.4692,1.472,1.4634,1.4664,305123.86,0.0,0.0,0
15m,1773842400.0,1.4664,1.4683,1.4585,1.4592,407058.25,0.0,0.0,0
15m,1773843300.0,1.4592,1.4618,1.4509,1.4538,501191.99,0.0,0.0,0
15m,1773844200.0,1.4538,1.4564,1.4493,1.45,793424.1,0.0,0.0,0
15m,1773845100.0,1.45,1.4539,1.4442,1.4458,800374.77,0.0,0.0,0
15m,1773846000.0,1.4458,1.4525,1.4395,1.4417,1300658.79,0.0,0.0,0
15m,1773846900.0,1.4417,1.4481,1.4403,1.4461,614442.44,0.0,0.0,0
15m,1773847800.0,1.4461,1.4496,1.4424,1.4426,555168.17,0.0,0.0,0
15m,1773848700.0,1.4426,1.4445,1.4385,1.4407,758922.39,0.0,0.0,0
15m,1773849600.0,1.4407,1.4452,1.4394,1.4403,1038463.0,0.0,0.0,0
15m,1773850500.0,1.4403,1.4415,1.4377,1.44,396730.82,0.0,0.0,0
15m,1773851400.0,1.44,1.444,1.436,1.4439,337823.02,0.0,0.0,0
15m,1773852300.0,1.4439,1.4473,1.4418,1.4424,423984.57,0.0,0.0,0
15m,1773853200.0,1.4424,1.4435,1.4403,1.4409,209708.38,0.0,0.0,0
15m,1773854100.0,1.4409,1.4497,1.44,1.449,405804.9,0.0,0.0,0
15m,1773855000.0,1.449,1.4557,1.4468,1.4549,922283.48,0.0,0.0,0
15m,1773855900.0,1.4549,1.4591,1.4547,1.4563,855847.64,0.0,0.0,0
15m,1773856800.0,1.4563,1.4668,1.4562,1.4649,1226007.0,0.0,0.0,0
15m,1773857700.0,1.4649,1.4649,1.4554,1.4594,612998.25,0.0,0.0,0
15m,1773858600.0,1.4594,1.465,1.4582,1.4622,396480.87,0.0,0.0,0
15m,1773859500.0,1.4622,1.4622,1.4481,1.4525,823952.39,0.0,0.0,0
15m,1773860400.0,1.4525,1.4606,1.452,1.4565,425482.69,0.0,0.0,0
15m,1773861300.0,1.4565,1.4601,1.4524,1.4538,176665.98,0.0,0.0,0
15m,1773862200.0,1.4538,1.4569,1.4522,1.4529,249530.22,0.0,0.0,0
15m,1773863100.0,1.4529,1.4544,1.4485,1.4493,465829.35,0.0,0.0,0
15m,1773864000.0,1.4493,1.451,1.4423,1.4506,619833.17,0.0,0.0,0
15m,1773864900.0,1.4506,1.4538,1.4496,1.4531,215220.7,0.0,0.0,0
15m,1773865800.0,1.4531,1.4599,1.4525,1.4583,205711.58,0.0,0.0,0
15m,1773866700.0,1.4583,1.4621,1.4569,1.459,168631.41,0.0,0.0,0
15m,1773867600.0,1.459,1.4626,1.4584,1.4613,194546.64,0.0,0.0,0
15m,1773868500.0,1.4613,1.4719,1.4613,1.4699,650977.0,0.0,0.0,0
15m,1773869400.0,1.4699,1.4701,1.4642,1.4678,166275.54,0.0,0.0,0
15m,1773870300.0,1.4678,1.4688,1.4661,1.4681,230212.66,0.0,0.0,0
15m,1773871200.0,1.4681,1.4681,1.4594,1.4606,452059.09,0.0,0.0,0
15m,1773872100.0,1.4606,1.4635,1.46,1.4631,291602.74,0.0,0.0,0
15m,1773873000.0,1.4631,1.4639,1.4602,1.4614,137604.12,0.0,0.0,0
15m,1773873900.0,1.4614,1.4627,1.4605,1.4627,95460.91,0.0,0.0,0
15m,1773874800.0,1.4627,1.4646,1.4602,1.4602,73615.37,0.0,0.0,0
15m,1773875700.0,1.4602,1.4629,1.458,1.4629,88423.28,0.0,0.0,0
15m,1773876600.0,1.4629,1.4661,1.4627,1.4638,50909.33,0.0,0.0,0
15m,1773877500.0,1.4638,1.4648,1.4623,1.4647,147882.26,0.0,0.0,0
15m,1773878400.0,1.4647,1.465,1.4593,1.4624,218990.34,0.0,0.0,0
15m,1773879300.0,1.4624,1.4642,1.4595,1.4635,106682.61,0.0,0.0,0
15m,1773880200.0,1.4635,1.4648,1.4597,1.4597,98389.68,0.0,0.0,0
15m,1773881100.0,1.4597,1.4616,1.4595,1.4609,102217.47,0.0,0.0,0
15m,1773882000.0,1.4609,1.4635,1.4581,1.459,107089.0,0.0,0.0,0
15m,1773882900.0,1.459,1.4605,1.4567,1.4601,98332.48,0.0,0.0,0
15m,1773883800.0,1.4601,1.4667,1.4593,1.4667,165439.73,0.0,0.0,0
15m,1773884700.0,1.4667,1.4672,1.4617,1.4617,167402.18,0.0,0.0,0
15m,1773885600.0,1.4617,1.4637,1.4555,1.4619,111313.89,0.0,0.0,0
15m,1773886500.0,1.4619,1.4642,1.4602,1.4621,93919.69,0.0,0.0,0
15m,1773887400.0,1.4621,1.4627,1.4603,1.4615,61999.91,0.0,0.0,0
15m,1773888300.0,1.4615,1.4615,1.457,1.4575,79130.8,0.0,0.0,0
15m,1773889200.0,1.4575,1.463,1.4575,1.4626,118161.57,0.0,0.0,0
15m,1773890100.0,1.4626,1.4785,1.4618,1.4768,579179.33,0.0,0.0,0
15m,1773891000.0,1.4768,1.4782,1.4704,1.4723,178996.12,0.0,0.0,0
15m,1773891900.0,1.4723,1.4766,1.4716,1.4743,216390.23,0.0,0.0,0
15m,1773892800.0,1.4743,1.4743,1.4638,1.4681,462248.42,0.0,0.0,0
15m,1773893700.0,1.4681,1.4686,1.4637,1.465,377905.16,0.0,0.0,0
15m,1773894600.0,1.465,1.4693,1.4644,1.468,192212.76,0.0,0.0,0
15m,1773895500.0,1.468,1.4683,1.4653,1.4664,164079.22,0.0,0.0,0
15m,1773896400.0,1.4664,1.4676,1.4636,1.4644,107842.61,0.0,0.0,0
15m,1773897300.0,1.4644,1.4672,1.4602,1.4609,102109.02,0.0,0.0,0
15m,1773898200.0,1.4609,1.4658,1.4594,1.4655,266326.55,0.0,0.0,0
15m,1773899100.0,1.4655,1.4675,1.4637,1.4671,189598.49,0.0,0.0,0
15m,1773900000.0,1.4671,1.4745,1.4648,1.4729,599606.49,0.0,0.0,0
15m,1773900900.0,1.4729,1.4825,1.4686,1.4687,1511886.07,0.0,0.0,0
15m,1773901800.0,1.4687,1.4695,1.4638,1.468,309155.09,0.0,0.0,0
15m,1773902700.0,1.468,1.4719,1.467,1.4688,202930.45,0.0,0.0,0
15m,1773903600.0,1.4688,1.4702,1.4627,1.4628,823231.06,0.0,0.0,0
15m,1773904500.0,1.4628,1.4643,1.4505,1.458,2845097.95,0.0,0.0,0
15m,1773905400.0,1.458,1.4663,1.4572,1.4638,353284.03,0.0,0.0,0
15m,1773906300.0,1.4638,1.4642,1.4596,1.4611,180489.02,0.0,0.0,0
15m,1773907200.0,1.4611,1.464,1.4583,1.4623,358479.25,0.0,0.0,0
15m,1773908100.0,1.4623,1.4629,1.4546,1.4554,136198.38,0.0,0.0,0
15m,1773909000.0,1.4554,1.4605,1.4519,1.4592,335993.71,0.0,0.0,0
15m,1773909900.0,1.4592,1.4596,1.4543,1.4554,107263.85,0.0,0.0,0
15m,1773910800.0,1.4554,1.4605,1.4554,1.4584,149309.43,0.0,0.0,0
15m,1773911700.0,1.4584,1.4703,1.458,1.4635,320879.11,0.0,0.0,0
15m,1773912600.0,1.4635,1.467,1.4611,1.4662,129087.54,0.0,0.0,0
15m,1773913500.0,1.4662,1.4708,1.4654,1.4691,209697.02,0.0,0.0,0
15m,1773914400.0,1.4691,1.4702,1.4656,1.467,171295.76,0.0,0.0,0
15m,1773915300.0,1.467,1.4691,1.4665,1.4668,148084.26,0.0,0.0,0
15m,1773916200.0,1.4668,1.4669,1.4622,1.4637,230094.27,0.0,0.0,0
15m,1773917100.0,1.4637,1.4645,1.4623,1.4628,102566.67,0.0,0.0,0
15m,1773918000.0,1.4628,1.4654,1.4628,1.4641,185235.32,0.0,0.0,0
15m,1773918900.0,1.4641,1.465,1.463,1.4639,79125.32,0.0,0.0,0
15m,1773919800.0,1.4639,1.4649,1.4562,1.458,463149.75,0.0,0.0,0
15m,1773920700.0,1.458,1.4589,1.4574,1.4583,688933.24,0.0,0.0,0
15m,1773921600.0,1.4583,1.4583,1.4553,1.4556,622750.7,0.0,0.0,0
15m,1773922500.0,1.4556,1.4557,1.4476,1.4491,469030.62,0.0,0.0,0
15m,1773923400.0,1.4491,1.4505,1.4472,1.4485,416088.86,0.0,0.0,0
15m,1773924300.0,1.4485,1.4485,1.4355,1.4371,777869.52,0.0,0.0,0
15m,1773925200.0,1.4371,1.4427,1.4325,1.4345,621940.46,0.0,0.0,0
15m,1773926100.0,1.4345,1.4475,1.4343,1.4412,782709.59,0.0,0.0,0
15m,1773927000.0,1.4412,1.4525,1.4353,1.4489,823290.83,0.0,0.0,0
15m,1773927900.0,1.4489,1.454,1.4453,1.4519,486375.33,0.0,0.0,0
15m,1773928800.0,1.4519,1.4568,1.4462,1.4474,374584.98,0.0,0.0,0
15m,1773929700.0,1.4474,1.4485,1.4403,1.4405,206648.93,0.0,0.0,0
15m,1773930600.0,1.4405,1.4441,1.4389,1.443,222300.15,0.0,0.0,0
15m,1773931500.0,1.443,1.4492,1.4418,1.4443,316782.51,0.0,0.0,0
15m,1773932400.0,1.4443,1.4499,1.4418,1.4429,339860.98,0.0,0.0,0
15m,1773933300.0,1.4429,1.4444,1.4286,1.4286,683206.39,0.0,0.0,0
15m,1773934200.0,1.4286,1.4315,1.4246,1.4284,1292618.62,0.0,0.0,0
15m,1773935100.0,1.4284,1.4356,1.426,1.4317,426327.46,0.0,0.0,0
15m,1773936000.0,1.4317,1.4323,1.4272,1.4292,313553.54,0.0,0.0,0
15m,1773936900.0,1.4292,1.4362,1.4279,1.4349,401729.55,0.0,0.0,0
15m,1773937800.0,1.4349,1.4374,1.4304,1.4331,256965.29,0.0,0.0,0
15m,1773938700.0,1.4331,1.4336,1.4242,1.4273,542833.25,0.0,0.0,0
15m,1773939600.0,1.4273,1.4274,1.4221,1.4248,256982.68,0.0,0.0,0
15m,1773940500.0,1.4248,1.4362,1.4233,1.4333,197200.65,0.0,0.0,0
15m,1773941400.0,1.4333,1.4362,1.43,1.4314,99380.8,0.0,0.0,0
15m,1773942300.0,1.4314,1.4394,1.4309,1.4388,233565.01,0.0,0.0,0
15m,1773943200.0,1.4388,1.439,1.4344,1.436,185523.1,0.0,0.0,0
15m,1773944100.0,1.436,1.4378,1.4344,1.4345,84309.16,0.0,0.0,0
15m,1773945000.0,1.4345,1.4348,1.4308,1.4324,107635.84,0.0,0.0,0
15m,1773945900.0,1.4324,1.4382,1.4309,1.4371,144498.28,0.0,0.0,0
15m,1773946800.0,1.4371,1.4527,1.4363,1.4484,727770.76,0.0,0.0,0
15m,1773947700.0,1.4484,1.4531,1.4462,1.4474,621814.68,0.0,0.0,0
15m,1773948600.0,1.4474,1.4504,1.4426,1.4484,361283.27,0.0,0.0,0
15m,1773949500.0,1.4484,1.4491,1.4441,1.4449,167445.94,0.0,0.0,0
15m,1773950400.0,1.4449,1.4458,1.4431,1.4452,119129.84,0.0,0.0,0
15m,1773951300.0,1.4452,1.4506,1.4452,1.4496,192433.65,0.0,0.0,0
15m,1773952200.0,1.4496,1.4542,1.4489,1.4517,123653.38,0.0,0.0,0
15m,1773953100.0,1.4517,1.4521,1.4491,1.4499,95291.29,0.0,0.0,0
15m,1773954000.0,1.4499,1.4557,1.4495,1.4551,235555.88,0.0,0.0,0
15m,1773954900.0,1.4551,1.4561,1.4525,1.4542,165722.2,0.0,0.0,0
15m,1773955800.0,1.4542,1.455,1.4521,1.4535,143162.67,0.0,0.0,0
15m,1773956700.0,1.4535,1.4558,1.4522,1.4548,141215.92,0.0,0.0,0
15m,1773957600.0,1.4548,1.4557,1.4499,1.4518,173907.46,0.0,0.0,0
15m,1773958500.0,1.4518,1.4553,1.4497,1.4543,174020.13,0.0,0.0,0
15m,1773959400.0,1.4543,1.4544,1.4443,1.4464,199286.01,0.0,0.0,0
15m,1773960300.0,1.4464,1.4496,1.4461,1.4494,38793.71,0.0,0.0,0
15m,1773961200.0,1.4494,1.4538,1.4494,1.452,112608.17,0.0,0.0,0
15m,1773962100.0,1.452,1.452,1.4466,1.4489,69559.85,0.0,0.0,0
15m,1773963000.0,1.4489,1.4499,1.4429,1.4447,244479.87,0.0,0.0,0
15m,1773963900.0,1.4447,1.4481,1.4441,1.4476,66978.06,0.0,0.0,0
15m,1773964800.0,1.4476,1.4533,1.4468,1.4523,116447.28,0.0,0.0,0
15m,1773965700.0,1.4523,1.4531,1.4458,1.4473,130779.73,0.0,0.0,0
15m,1773966600.0,1.4473,1.4497,1.4454,1.4485,93452.84,0.0,0.0,0
15m,1773967500.0,1.4485,1.4502,1.4477,1.4501,73943.71,0.0,0.0,0
15m,1773968400.0,1.4501,1.4558,1.4501,1.4538,106865.98,0.0,0.0,0
15m,1773969300.0,1.4538,1.4549,1.4518,1.4542,139633.01,0.0,0.0,0
15m,1773970200.0,1.4542,1.4607,1.4542,1.4593,473892.73,0.0,0.0,0
15m,1773971100.0,1.4593,1.4602,1.4566,1.4566,100247.76,0.0,0.0,0
15m,1773972000.0,1.4566,1.4573,1.454,1.4541,74781.58,0.0,0.0,0
15m,1773972900.0,1.4541,1.4541,1.4486,1.4494,87093.3,0.0,0.0,0
15m,1773973800.0,1.4494,1.4511,1.4466,1.4509,189614.48,0.0,0.0,0
15m,1773974700.0,1.4509,1.4545,1.4491,1.4524,140681.61,0.0,0.0,0
15m,1773975600.0,1.4524,1.4526,1.4503,1.4503,54878.42,0.0,0.0,0
15m,1773976500.0,1.4503,1.4549,1.4502,1.4549,216254.91,0.0,0.0,0
15m,1773977400.0,1.4549,1.457,1.4521,1.4523,86197.45,0.0,0.0,0
15m,1773978300.0,1.4523,1.4547,1.4515,1.4531,132338.05,0.0,0.0,0
15m,1773979200.0,1.4531,1.4571,1.4517,1.4562,113069.23,0.0,0.0,0
15m,1773980100.0,1.4562,1.457,1.4543,1.4567,124893.27,0.0,0.0,0
15m,1773981000.0,1.4567,1.4568,1.4475,1.4479,173890.05,0.0,0.0,0
15m,1773981900.0,1.4479,1.455,1.4478,1.4539,96760.46,0.0,0.0,0
15m,1773982800.0,1.4539,1.4572,1.4511,1.4563,135184.1,0.0,0.0,0
15m,1773983700.0,1.4563,1.4584,1.4515,1.4516,115848.96,0.0,0.0,0
15m,1773984600.0,1.4516,1.457,1.4501,1.4561,80696.74,0.0,0.0,0
15m,1773985500.0,1.4561,1.4578,1.4537,1.4551,126740.39,0.0,0.0,0
15m,1773986400.0,1.4551,1.457,1.4537,1.4564,160659.24,0.0,0.0,0
15m,1773987300.0,1.4564,1.4588,1.4536,1.4588,123113.67,0.0,0.0,0
15m,1773988200.0,1.4588,1.4628,1.4515,1.4529,799071.4,0.0,0.0,0
15m,1773989100.0,1.4529,1.4538,1.45,1.4501,486084.96,0.0,0.0,0
15m,1773990000.0,1.4501,1.4501,1.4434,1.4462,425160.62,0.0,0.0,0
15m,1773990900.0,1.4462,1.4513,1.4454,1.4496,128615.28,0.0,0.0,0
15m,1773991800.0,1.4496,1.4565,1.4484,1.4561,211225.17,0.0,0.0,0
15m,1773992700.0,1.4561,1.4566,1.4542,1.4545,88166.98,0.0,0.0,0
15m,1773993600.0,1.4545,1.4664,1.4538,1.4635,472895.38,0.0,0.0,0
15m,1773994500.0,1.4635,1.4635,1.4593,1.4621,318833.75,0.0,0.0,0
15m,1773995400.0,1.4621,1.4628,1.4593,1.4601,198023.98,0.0,0.0,0
15m,1773996300.0,1.4601,1.4613,1.4592,1.4599,123057.47,0.0,0.0,0
15m,1773997200.0,1.4599,1.4599,1.4532,1.4532,157406.3,0.0,0.0,0
15m,1773998100.0,1.4532,1.4533,1.4452,1.4477,540686.21,0.0,0.0,0
15m,1773999000.0,1.4477,1.4509,1.4476,1.4506,253813.25,0.0,0.0,0
15m,1773999900.0,1.4506,1.4506,1.4457,1.4481,262679.4,0.0,0.0,0
15m,1774000800.0,1.4481,1.4489,1.4444,1.4459,162355.89,0.0,0.0,0
15m,1774001700.0,1.4459,1.4489,1.4441,1.4453,342869.66,0.0,0.0,0
15m,1774002600.0,1.4453,1.4537,1.4446,1.4505,657636.71,0.0,0.0,0
15m,1774003500.0,1.4505,1.4526,1.45,1.4506,165650.89,0.0,0.0,0
15m,1774004400.0,1.4506,1.4548,1.4502,1.4547,153297.45,0.0,0.0,0
15m,1774005300.0,1.4547,1.4547,1.4475,1.448,268248.87,0.0,0.0,0
15m,1774006200.0,1.448,1.4495,1.4433,1.4447,485588.27,0.0,0.0,0
15m,1774007100.0,1.4447,1.4491,1.4435,1.4491,305160.14,0.0,0.0,0
15m,1774008000.0,1.4491,1.4519,1.4474,1.4514,375730.02,0.0,0.0,0
15m,1774008900.0,1.4514,1.4524,1.4479,1.4484,357815.39,0.0,0.0,0
15m,1774009800.0,1.4484,1.4484,1.443,1.4445,441924.45,0.0,0.0,0
15m,1774010700.0,1.4445,1.4449,1.4417,1.4422,401859.24,0.0,0.0,0
15m,1774011600.0,1.4422,1.4445,1.439,1.4413,625171.45,0.0,0.0,0
15m,1774012500.0,1.4413,1.4489,1.4407,1.4454,268484.62,0.0,0.0,0
15m,1774013400.0,1.4454,1.4473,1.4366,1.4449,587972.72,0.0,0.0,0
15m,1774014300.0,1.4449,1.4455,1.4367,1.438,589875.67,0.0,0.0,0
15m,1774015200.0,1.438,1.4437,1.4335,1.4388,644446.16,0.0,0.0,0
15m,1774016100.0,1.4388,1.4412,1.4353,1.4395,468627.8,0.0,0.0,0
15m,1774017000.0,1.4395,1.4447,1.4395,1.4408,278415.48,0.0,0.0,0
15m,1774017900.0,1.4408,1.4416,1.4343,1.4364,331592.59,0.0,0.0,0
15m,1774018800.0,1.4364,1.4391,1.4286,1.4344,535628.73,0.0,0.0,0
15m,1774019700.0,1.4344,1.4419,1.4323,1.438,509293.83,0.0,0.0,0
15m,1774020600.0,1.438,1.4411,1.437,1.4387,417759.48,0.0,0.0,0
15m,1774021500.0,1.4387,1.4395,1.4363,1.4376,93856.75,0.0,0.0,0
15m,1774022400.0,1.4376,1.4391,1.4353,1.4366,380776.86,0.0,0.0,0
15m,1774023300.0,1.4366,1.443,1.4344,1.4419,495386.71,0.0,0.0,0
15m,1774024200.0,1.4419,1.4419,1.4347,1.4351,172136.61,0.0,0.0,0
15m,1774025100.0,1.4351,1.4394,1.4328,1.4375,280138.98,0.0,0.0,0
15m,1774026000.0,1.4375,1.4387,1.4334,1.4357,220329.55,0.0,0.0,0
15m,1774026900.0,1.4357,1.4374,1.4338,1.434,115811.83,0.0,0.0,0
15m,1774027800.0,1.434,1.4346,1.429,1.4319,255702.69,0.0,0.0,0
15m,1774028700.0,1.4319,1.4407,1.4311,1.4392,169005.33,0.0,0.0,0
15m,1774029600.0,1.4392,1.4397,1.4367,1.438,77690.39,0.0,0.0,0
15m,1774030500.0,1.438,1.4382,1.4323,1.4327,88244.37,0.0,0.0,0
15m,1774031400.0,1.4327,1.4331,1.4288,1.4315,136738.95,0.0,0.0,0
15m,1774032300.0,1.4315,1.4344,1.4306,1.4311,158217.5,0.0,0.0,0
15m,1774033200.0,1.4311,1.4334,1.4295,1.4309,72824.59,0.0,0.0,0
15m,1774034100.0,1.4309,1.4331,1.4284,1.4305,83244.91,0.0,0.0,0
15m,1774035000.0,1.4305,1.4333,1.425,1.4333,208730.23,0.0,0.0,0
15m,1774035900.0,1.4333,1.4374,1.4315,1.4358,249146.18,0.0,0.0,0
15m,1774036800.0,1.4358,1.4375,1.4333,1.4358,160730.71,0.0,0.0,0
15m,1774037700.0,1.4358,1.4358,1.4305,1.4311,63774.74,0.0,0.0,0
15m,1774038600.0,1.4311,1.4335,1.4292,1.4321,74672.79,0.0,0.0,0
15m,1774039500.0,1.4321,1.4367,1.4316,1.4364,100883.01,0.0,0.0,0
15m,1774040400.0,1.4364,1.4369,1.4339,1.4365,72525.9,0.0,0.0,0
15m,1774041300.0,1.4365,1.4467,1.4362,1.4444,356906.8,0.0,0.0,0
15m,1774042200.0,1.4444,1.4489,1.4416,1.4428,274227.86,0.0,0.0,0
15m,1774043100.0,1.4428,1.4439,1.442,1.4434,48999.12,0.0,0.0,0
15m,1774044000.0,1.4434,1.4524,1.4434,1.4494,267634.3,0.0,0.0,0
15m,1774044900.0,1.4494,1.4503,1.4474,1.4475,154066.81,0.0,0.0,0
15m,1774045800.0,1.4475,1.4488,1.4466,1.4474,69154.38,0.0,0.0,0
15m,1774046700.0,1.4474,1.4496,1.4467,1.448,67468.61,0.0,0.0,0
15m,1774047600.0,1.448,1.4481,1.4414,1.4416,78200.92,0.0,0.0,0
15m,1774048500.0,1.4416,1.4439,1.4401,1.4433,74143.93,0.0,0.0,0
15m,1774049400.0,1.4433,1.4457,1.4425,1.4451,23424.39,0.0,0.0,0
15m,1774050300.0,1.4451,1.4464,1.4442,1.445,19930.41,0.0,0.0,0
15m,1774051200.0,1.445,1.4463,1.4445,1.4463,25101.08,0.0,0.0,0
15m,1774052100.0,1.4463,1.4493,1.4457,1.4469,151059.15,0.0,0.0,0
15m,1774053000.0,1.4469,1.4469,1.4429,1.4434,53205.52,0.0,0.0,0
15m,1774053900.0,1.4434,1.4483,1.4434,1.4479,74145.51,0.0,0.0,0
15m,1774054800.0,1.4479,1.4501,1.4465,1.4474,111845.01,0.0,0.0,0
15m,1774055700.0,1.4474,1.4474,1.4456,1.4459,119639.66,0.0,0.0,0
15m,1774056600.0,1.4459,1.4461,1.4433,1.4433,112863.67,0.0,0.0,0
15m,1774057500.0,1.4433,1.4442,1.4426,1.4436,70216.77,0.0,0.0,0
15m,1774058400.0,1.4436,1.4442,1.4426,1.4433,44734.87,0.0,0.0,0
15m,1774059300.0,1.4433,1.4464,1.4433,1.4459,64043.08,0.0,0.0,0
15m,1774060200.0,1.4459,1.4475,1.4445,1.4469,52534.51,0.0,0.0,0
15m,1774061100.0,1.4469,1.4485,1.4464,1.4469,157810.35,0.0,0.0,0
15m,1774062000.0,1.4469,1.4474,1.4449,1.4461,88774.56,0.0,0.0,0
15m,1774062900.0,1.4461,1.4467,1.445,1.4456,105239.98,0.0,0.0,0
15m,1774063800.0,1.4456,1.4472,1.4454,1.4467,71959.17,0.0,0.0,0
15m,1774064700.0,1.4467,1.4477,1.446,1.446,60968.16,0.0,0.0,0
15m,1774065600.0,1.446,1.4481,1.4458,1.4465,55767.36,0.0,0.0,0
15m,1774066500.0,1.4465,1.4479,1.4462,1.4475,58018.08,0.0,0.0,0
15m,1774067400.0,1.4475,1.4475,1.4444,1.4446,46976.34,0.0,0.0,0
15m,1774068300.0,1.4446,1.4455,1.4445,1.4445,110594.06,0.0,0.0,0
15m,1774069200.0,1.4445,1.4471,1.4445,1.4462,50689.39,0.0,0.0,0
15m,1774070100.0,1.4462,1.4476,1.4462,1.4472,174705.6,0.0,0.0,0
15m,1774071000.0,1.4472,1.4493,1.4471,1.4489,101843.54,0.0,0.0,0
15m,1774071900.0,1.4489,1.451,1.4486,1.451,197466.67,0.0,0.0,0
15m,1774072800.0,1.451,1.4532,1.4469,1.4494,628931.0,0.0,0.0,0
15m,1774073700.0,1.4494,1.4504,1.4487,1.4501,98986.35,0.0,0.0,0
15m,1774074600.0,1.4501,1.4505,1.4487,1.4491,91017.18,0.0,0.0,0
15m,1774075500.0,1.4491,1.4497,1.4482,1.4485,61012.25,0.0,0.0,0
15m,1774076400.0,1.4485,1.4493,1.4474,1.4478,97095.8,0.0,0.0,0
15m,1774077300.0,1.4478,1.4497,1.4475,1.4492,64300.5,0.0,0.0,0
15m,1774078200.0,1.4492,1.4495,1.4467,1.4467,75700.66,0.0,0.0,0
15m,1774079100.0,1.4467,1.4467,1.4436,1.4437,100090.23,0.0,0.0,0
15m,1774080000.0,1.4437,1.4457,1.4437,1.4443,123025.16,0.0,0.0,0
15m,1774080900.0,1.4443,1.4444,1.4409,1.441,82163.8,0.0,0.0,0
15m,1774081800.0,1.441,1.4426,1.4397,1.4425,199530.12,0.0,0.0,0
15m,1774082700.0,1.4425,1.4427,1.4405,1.441,70565.73,0.0,0.0,0
15m,1774083600.0,1.441,1.4429,1.4406,1.4416,111374.9,0.0,0.0,0
15m,1774084500.0,1.4416,1.4416,1.4385,1.439,114783.87,0.0,0.0,0
15m,1774085400.0,1.439,1.4396,1.4384,1.4387,81356.01,0.0,0.0,0
15m,1774086300.0,1.4387,1.4409,1.4368,1.4403,155799.88,0.0,0.0,0
15m,1774087200.0,1.4403,1.4403,1.438,1.4389,70135.52,0.0,0.0,0
15m,1774088100.0,1.4389,1.4389,1.4381,1.4386,66438.09,0.0,0.0,0
15m,1774089000.0,1.4386,1.4408,1.4386,1.4404,29136.3,0.0,0.0,0
15m,1774089900.0,1.4404,1.4405,1.4393,1.4405,30623.95,0.0,0.0,0
15m,1774090800.0,1.4405,1.4407,1.4396,1.4403,43844.41,0.0,0.0,0
15m,1774091700.0,1.4403,1.4407,1.4396,1.4401,59597.79,0.0,0.0,0
15m,1774092600.0,1.4401,1.4424,1.4394,1.4421,61311.08,0.0,0.0,0
15m,1774093500.0,1.4421,1.4431,1.442,1.4426,54913.52,0.0,0.0,0
15m,1774094400.0,1.4426,1.4431,1.4405,1.4422,47723.12,0.0,0.0,0
15m,1774095300.0,1.4422,1.4468,1.4411,1.4452,57942.9,0.0,0.0,0
15m,1774096200.0,1.4452,1.4463,1.444,1.4454,86436.93,0.0,0.0,0
15m,1774097100.0,1.4454,1.4457,1.4445,1.4449,34533.36,0.0,0.0,0
15m,1774098000.0,1.4449,1.4452,1.4436,1.4444,40237.75,0.0,0.0,0
15m,1774098900.0,1.4444,1.4463,1.4389,1.4394,248782.36,0.0,0.0,0
15m,1774099800.0,1.4394,1.4416,1.4361,1.4367,275827.47,0.0,0.0,0
15m,1774100700.0,1.4367,1.4409,1.4355,1.44,304446.63,0.0,0.0,0
15m,1774101600.0,1.44,1.445,1.4391,1.4439,127334.16,0.0,0.0,0
15m,1774102500.0,1.4439,1.4448,1.441,1.4412,56980.86,0.0,0.0,0
15m,1774103400.0,1.4412,1.443,1.4403,1.4407,121318.7,0.0,0.0,0
15m,1774104300.0,1.4407,1.4413,1.4352,1.4366,232424.63,0.0,0.0,0
15m,1774105200.0,1.4366,1.438,1.4358,1.4375,81652.83,0.0,0.0,0
15m,1774106100.0,1.4375,1.439,1.4342,1.4379,112313.06,0.0,0.0,0
15m,1774107000.0,1.4379,1.4402,1.4373,1.4374,68630.59,0.0,0.0,0
15m,1774107900.0,1.4374,1.4389,1.4374,1.4382,43924.6,0.0,0.0,0
15m,1774108800.0,1.4382,1.4384,1.4368,1.4373,61843.2,0.0,0.0,0
15m,1774109700.0,1.4373,1.4385,1.4347,1.4359,145437.14,0.0,0.0,0
15m,1774110600.0,1.4359,1.4367,1.434,1.4363,50167.18,0.0,0.0,0
15m,1774111500.0,1.4363,1.4371,1.4356,1.4371,24549.24,0.0,0.0,0
15m,1774112400.0,1.4371,1.4377,1.434,1.4348,67628.81,0.0,0.0,0
15m,1774113300.0,1.4348,1.4383,1.4343,1.4381,60332.84,0.0,0.0,0
15m,1774114200.0,1.4381,1.4415,1.4381,1.4398,213001.91,0.0,0.0,0
15m,1774115100.0,1.4398,1.4406,1.4395,1.4398,27902.5,0.0,0.0,0
15m,1774116000.0,1.4398,1.4404,1.4379,1.4387,69273.27,0.0,0.0,0
15m,1774116900.0,1.4387,1.4408,1.4387,1.4394,59160.97,0.0,0.0,0
15m,1774117800.0,1.4394,1.4418,1.4394,1.4413,26642.43,0.0,0.0,0
15m,1774118700.0,1.4413,1.4414,1.4369,1.4376,79437.31,0.0,0.0,0
15m,1774119600.0,1.4376,1.4379,1.4366,1.4375,71748.98,0.0,0.0,0
15m,1774120500.0,1.4375,1.4381,1.4368,1.4374,23320.6,0.0,0.0,0
15m,1774121400.0,1.4374,1.4377,1.436,1.4369,18195.24,0.0,0.0,0
15m,1774122300.0,1.4369,1.4385,1.4369,1.4374,58081.34,0.0,0.0,0
15m,1774123200.0,1.4374,1.44,1.437,1.4392,42602.24,0.0,0.0,0
15m,1774124100.0,1.4392,1.4411,1.4383,1.4411,27411.49,0.0,0.0,0
15m,1774125000.0,1.4411,1.4429,1.4411,1.4418,66442.0,0.0,0.0,0
15m,1774125900.0,1.4418,1.4424,1.4414,1.4414,17342.82,0.0,0.0,0
15m,1774126800.0,1.4414,1.4421,1.4392,1.4396,29995.58,0.0,0.0,0
15m,1774127700.0,1.4396,1.4403,1.4391,1.4397,5463.8,0.0,0.0,0
15m,1774128600.0,1.4397,1.4407,1.4394,1.4401,62160.22,0.0,0.0,0
15m,1774129500.0,1.4401,1.4402,1.4387,1.44,34993.28,0.0,0.0,0
15m,1774130400.0,1.44,1.4401,1.4378,1.44,54864.09,0.0,0.0,0
15m,1774131300.0,1.44,1.4401,1.4392,1.4399,34561.63,0.0,0.0,0
15m,1774132200.0,1.4399,1.4415,1.4397,1.44,29547.71,0.0,0.0,0
15m,1774133100.0,1.44,1.4406,1.4391,1.4395,24781.61,0.0,0.0,0
15m,1774134000.0,1.4395,1.4395,1.4369,1.4372,61705.88,0.0,0.0,0
15m,1774134900.0,1.4372,1.4379,1.4357,1.4363,79172.06,0.0,0.0,0
15m,1774135800.0,1.4363,1.4376,1.436,1.4372,12548.49,0.0,0.0,0
15m,1774136700.0,1.4372,1.4372,1.4001,1.4088,3566718.52,0.0,0.0,0
15m,1774137600.0,1.4088,1.4108,1.3942,1.4044,2431879.68,0.0,0.0,0
15m,1774138500.0,1.4044,1.4131,1.4032,1.413,427610.91,0.0,0.0,0
15m,1774139400.0,1.413,1.4179,1.4127,1.4147,355442.77,0.0,0.0,0
15m,1774140300.0,1.4147,1.4174,1.4089,1.4107,239629.94,0.0,0.0,0
15m,1774141200.0,1.4107,1.4162,1.4094,1.4122,327112.9,0.0,0.0,0
15m,1774142100.0,1.4122,1.4141,1.4093,1.4101,148083.55,0.0,0.0,0
15m,1774143000.0,1.4101,1.4121,1.4056,1.4068,350150.75,0.0,0.0,0
15m,1774143900.0,1.4068,1.4106,1.4068,1.41,127885.33,0.0,0.0,0
15m,1774144800.0,1.41,1.412,1.4079,1.4108,90199.29,0.0,0.0,0
15m,1774145700.0,1.4108,1.4208,1.409,1.4187,218779.72,0.0,0.0,0
15m,1774146600.0,1.4187,1.419,1.4136,1.4142,212000.84,0.0,0.0,0
15m,1774147500.0,1.4142,1.4186,1.4139,1.417,146837.73,0.0,0.0,0
15m,1774148400.0,1.417,1.4172,1.4131,1.416,118388.57,0.0,0.0,0
15m,1774149300.0,1.416,1.4239,1.4156,1.4219,147264.56,0.0,0.0,0
15m,1774150200.0,1.4219,1.4264,1.4196,1.4208,253686.39,0.0,0.0,0
15m,1774151100.0,1.4208,1.421,1.4171,1.4172,68130.24,0.0,0.0,0
15m,1774152000.0,1.4172,1.4205,1.4164,1.417,118029.56,0.0,0.0,0
15m,1774152900.0,1.417,1.4199,1.4109,1.4112,169955.46,0.0,0.0,0
15m,1774153800.0,1.4112,1.4181,1.4104,1.4163,382585.5,0.0,0.0,0
15m,1774154700.0,1.4163,1.4188,1.4163,1.4176,111347.58,0.0,0.0,0
15m,1774155600.0,1.4176,1.4176,1.4153,1.416,86830.17,0.0,0.0,0
15m,1774156500.0,1.416,1.4166,1.4122,1.4123,57037.0,0.0,0.0,0
15m,1774157400.0,1.4123,1.414,1.4122,1.4122,68907.85,0.0,0.0,0
15m,1774158300.0,1.4122,1.4144,1.4118,1.4118,80436.6,0.0,0.0,0
15m,1774159200.0,1.4118,1.412,1.4102,1.4107,60410.36,0.0,0.0,0
15m,1774160100.0,1.4107,1.4125,1.4103,1.4125,138433.59,0.0,0.0,0
15m,1774161000.0,1.4125,1.4131,1.411,1.4116,72521.53,0.0,0.0,0
15m,1774161900.0,1.4116,1.4121,1.4102,1.4108,152694.43,0.0,0.0,0
15m,1774162800.0,1.4108,1.413,1.4103,1.4119,107460.52,0.0,0.0,0
15m,1774163700.0,1.4119,1.413,1.4116,1.4122,47167.22,0.0,0.0,0
15m,1774164600.0,1.4122,1.4122,1.4067,1.4075,188627.6,0.0,0.0,0
15m,1774165500.0,1.4075,1.4086,1.4034,1.4035,139542.79,0.0,0.0,0
15m,1774166400.0,1.4035,1.4041,1.3982,1.4011,266935.51,0.0,0.0,0
15m,1774167300.0,1.4011,1.4013,1.3932,1.3954,286108.47,0.0,0.0,0
15m,1774168200.0,1.3954,1.3994,1.3951,1.3985,162093.97,0.0,0.0,0
15m,1774169100.0,1.3985,1.3999,1.3974,1.3992,118523.35,0.0,0.0,0
15m,1774170000.0,1.3992,1.4032,1.3989,1.403,61113.71,0.0,0.0,0
15m,1774170900.0,1.403,1.4036,1.3957,1.3964,300241.05,0.0,0.0,0
15m,1774171800.0,1.3964,1.3984,1.3953,1.3966,160356.5,0.0,0.0,0
15m,1774172700.0,1.3966,1.3972,1.3953,1.3962,70491.36,0.0,0.0,0
15m,1774173600.0,1.3962,1.397,1.3931,1.3933,301932.46,0.0,0.0,0
15m,1774174500.0,1.3933,1.3949,1.3905,1.3913,289853.53,0.0,0.0,0
15m,1774175400.0,1.3913,1.3926,1.3874,1.3888,357405.24,0.0,0.0,0
15m,1774176300.0,1.3888,1.3897,1.3874,1.3887,89017.86,0.0,0.0,0
15m,1774177200.0,1.3887,1.3903,1.3856,1.3888,270551.97,0.0,0.0,0
15m,1774178100.0,1.3888,1.3916,1.3868,1.3882,180298.19,0.0,0.0,0
15m,1774179000.0,1.3882,1.3957,1.3875,1.3925,443225.52,0.0,0.0,0
15m,1774179900.0,1.3925,1.3935,1.3904,1.3909,191158.2,0.0,0.0,0
15m,1774180800.0,1.3909,1.3952,1.3906,1.3949,187909.84,0.0,0.0,0
15m,1774181700.0,1.3949,1.4019,1.3942,1.4009,183923.25,0.0,0.0,0
15m,1774182600.0,1.4009,1.4013,1.3985,1.3987,124255.23,0.0,0.0,0
15m,1774183500.0,1.3987,1.4005,1.3975,1.3996,76478.15,0.0,0.0,0
15m,1774184400.0,1.3996,1.407,1.3996,1.4048,215659.88,0.0,0.0,0
15m,1774185300.0,1.4048,1.4051,1.4004,1.4012,71253.11,0.0,0.0,0
15m,1774186200.0,1.4012,1.4022,1.3961,1.3978,108997.02,0.0,0.0,0
15m,1774187100.0,1.3978,1.399,1.3969,1.3983,102424.48,0.0,0.0,0
15m,1774188000.0,1.3983,1.4009,1.3948,1.4004,110100.0,0.0,0.0,0
15m,1774188900.0,1.4004,1.4025,1.3987,1.4003,103769.85,0.0,0.0,0
15m,1774189800.0,1.4003,1.4029,1.3998,1.4006,124664.15,0.0,0.0,0
15m,1774190700.0,1.4006,1.4006,1.3966,1.3972,124137.36,0.0,0.0,0
15m,1774191600.0,1.3972,1.4009,1.3972,1.3985,147170.1,0.0,0.0,0
15m,1774192500.0,1.3985,1.3995,1.3956,1.3957,184644.32,0.0,0.0,0
15m,1774193400.0,1.3957,1.3958,1.3915,1.3937,176785.92,0.0,0.0,0
15m,1774194300.0,1.3937,1.3943,1.3923,1.3926,67535.5,0.0,0.0,0
15m,1774195200.0,1.3926,1.3941,1.3905,1.3939,370352.99,0.0,0.0,0
15m,1774196100.0,1.3939,1.3952,1.3913,1.3924,103218.89,0.0,0.0,0
15m,1774197000.0,1.3924,1.3945,1.3911,1.3933,145338.06,0.0,0.0,0
15m,1774197900.0,1.3933,1.3952,1.3933,1.3946,122418.73,0.0,0.0,0
15m,1774198800.0,1.3946,1.3956,1.3929,1.3953,104705.44,0.0,0.0,0
15m,1774199700.0,1.3953,1.3957,1.3926,1.3937,82665.0,0.0,0.0,0
15m,1774200600.0,1.3937,1.3947,1.3915,1.3919,117053.68,0.0,0.0,0
15m,1774201500.0,1.3919,1.3942,1.3919,1.393,68225.03,0.0,0.0,0
15m,1774202400.0,1.393,1.393,1.3893,1.3904,87581.12,0.0,0.0,0
15m,1774203300.0,1.3904,1.3906,1.3893,1.3904,76915.54,0.0,0.0,0
15m,1774204200.0,1.3904,1.3918,1.3812,1.3858,559405.86,0.0,0.0,0
15m,1774205100.0,1.3858,1.389,1.3851,1.3883,91827.28,0.0,0.0,0
15m,1774206000.0,1.3883,1.3883,1.3815,1.3824,241070.01,0.0,0.0,0
15m,1774206900.0,1.3824,1.3837,1.3813,1.3821,130886.88,0.0,0.0,0
15m,1774207800.0,1.3821,1.388,1.381,1.3865,221654.83,0.0,0.0,0
15m,1774208700.0,1.3865,1.3865,1.3833,1.3847,176067.67,0.0,0.0,0
15m,1774209600.0,1.3847,1.3886,1.3847,1.3878,100333.75,0.0,0.0,0
15m,1774210500.0,1.3878,1.3905,1.3871,1.3882,72635.37,0.0,0.0,0
15m,1774211400.0,1.3882,1.3893,1.3866,1.3884,42395.88,0.0,0.0,0
15m,1774212300.0,1.3884,1.3887,1.3858,1.3869,77471.42,0.0,0.0,0
15m,1774213200.0,1.3869,1.3877,1.3748,1.3783,680147.89,0.0,0.0,0
15m,1774214100.0,1.3783,1.3826,1.3716,1.3812,393967.0,0.0,0.0,0
15m,1774215000.0,1.3812,1.3838,1.3778,1.3821,159409.5,0.0,0.0,0
15m,1774215900.0,1.3821,1.3828,1.3777,1.3794,82868.3,0.0,0.0,0
15m,1774216800.0,1.3794,1.3849,1.3719,1.3786,460978.64,0.0,0.0,0
15m,1774217700.0,1.3786,1.3921,1.378,1.3888,391098.67,0.0,0.0,0
15m,1774218600.0,1.3888,1.3907,1.386,1.3869,193488.32,0.0,0.0,0
15m,1774219500.0,1.3869,1.3929,1.3868,1.3911,117067.5,0.0,0.0,0
15m,1774220400.0,1.3911,1.3932,1.3875,1.3904,768373.96,0.0,0.0,0
15m,1774221300.0,1.3904,1.3907,1.3879,1.3881,178009.39,0.0,0.0,0
15m,1774222200.0,1.3881,1.3896,1.387,1.3887,123394.31,0.0,0.0,0
15m,1774223100.0,1.3887,1.3895,1.384,1.3849,157848.53,0.0,0.0,0
15m,1774224000.0,1.3849,1.3905,1.3833,1.3868,247834.03,0.0,0.0,0
15m,1774224900.0,1.3868,1.3886,1.384,1.385,171224.93,0.0,0.0,0
15m,1774225800.0,1.385,1.3854,1.3745,1.3814,434973.39,0.0,0.0,0
15m,1774226700.0,1.3814,1.3835,1.3778,1.3786,290133.46,0.0,0.0,0
15m,1774227600.0,1.3786,1.385,1.3755,1.3814,317594.2,0.0,0.0,0
15m,1774228500.0,1.3814,1.39,1.3814,1.388,253526.85,0.0,0.0,0
15m,1774229400.0,1.388,1.39,1.3845,1.3857,203624.52,0.0,0.0,0
15m,1774230300.0,1.3857,1.3876,1.3817,1.3817,150833.15,0.0,0.0,0
15m,1774231200.0,1.3817,1.389,1.3817,1.3831,352888.89,0.0,0.0,0
15m,1774232100.0,1.3831,1.3934,1.3825,1.3924,226085.83,0.0,0.0,0
15m,1774233000.0,1.3924,1.3925,1.3874,1.3874,196150.04,0.0,0.0,0
15m,1774233900.0,1.3874,1.3874,1.3827,1.3856,87119.81,0.0,0.0,0
15m,1774234800.0,1.3856,1.3922,1.382,1.3826,163765.76,0.0,0.0,0
15m,1774235700.0,1.3826,1.3854,1.3822,1.3839,71095.16,0.0,0.0,0
15m,1774236600.0,1.3839,1.3849,1.3787,1.3802,118718.78,0.0,0.0,0
15m,1774237500.0,1.3802,1.3824,1.379,1.3814,94460.43,0.0,0.0,0
15m,1774238400.0,1.3814,1.3838,1.3802,1.3805,103402.78,0.0,0.0,0
15m,1774239300.0,1.3805,1.3857,1.3788,1.3857,111783.85,0.0,0.0,0
15m,1774240200.0,1.3857,1.389,1.3849,1.3856,149736.23,0.0,0.0,0
15m,1774241100.0,1.3856,1.3907,1.3856,1.3905,176924.65,0.0,0.0,0
15m,1774242000.0,1.3905,1.3945,1.3903,1.3936,331494.32,0.0,0.0,0
15m,1774242900.0,1.3936,1.3953,1.3916,1.3931,230508.9,0.0,0.0,0
15m,1774243800.0,1.3931,1.3971,1.3896,1.3905,1051284.98,0.0,0.0,0
15m,1774244700.0,1.3905,1.3934,1.388,1.3911,252549.61,0.0,0.0,0
15m,1774245600.0,1.3911,1.3911,1.3813,1.3822,233258.34,0.0,0.0,0
15m,1774246500.0,1.3822,1.384,1.3794,1.3823,189097.27,0.0,0.0,0
15m,1774247400.0,1.3823,1.3829,1.3687,1.3712,479648.71,0.0,0.0,0
15m,1774248300.0,1.3712,1.3733,1.3687,1.3719,293440.64,0.0,0.0,0
15m,1774249200.0,1.3719,1.3722,1.3645,1.369,656707.11,0.0,0.0,0
15m,1774250100.0,1.369,1.3708,1.3626,1.3648,236772.29,0.0,0.0,0
15m,1774251000.0,1.3648,1.3756,1.3639,1.3751,234722.52,0.0,0.0,0
15m,1774251900.0,1.3751,1.3759,1.3719,1.3728,279035.45,0.0,0.0,0
15m,1774252800.0,1.3728,1.3801,1.3727,1.3779,243480.14,0.0,0.0,0
15m,1774253700.0,1.3779,1.379,1.3739,1.3748,108682.19,0.0,0.0,0
15m,1774254600.0,1.3748,1.3771,1.3729,1.3739,56377.21,0.0,0.0,0
15m,1774255500.0,1.3739,1.3744,1.3674,1.3685,185657.69,0.0,0.0,0
15m,1774256400.0,1.3685,1.3695,1.3659,1.3694,177296.04,0.0,0.0,0
15m,1774257300.0,1.3694,1.3716,1.3672,1.3685,120311.19,0.0,0.0,0
15m,1774258200.0,1.3685,1.3685,1.3618,1.3649,346939.43,0.0,0.0,0
15m,1774259100.0,1.3649,1.3695,1.3649,1.3691,91570.84,0.0,0.0,0
15m,1774260000.0,1.3691,1.3804,1.3684,1.378,350252.57,0.0,0.0,0
15m,1774260900.0,1.378,1.379,1.3724,1.3736,138802.93,0.0,0.0,0
15m,1774261800.0,1.3736,1.3736,1.3702,1.3713,115127.8,0.0,0.0,0
15m,1774262700.0,1.3713,1.3749,1.3686,1.3722,289091.58,0.0,0.0,0
15m,1774263600.0,1.3722,1.4452,1.3722,1.4274,11285155.88,0.0,0.0,0
15m,1774264500.0,1.4274,1.4372,1.4135,1.4274,2595048.15,0.0,0.0,0
15m,1774265400.0,1.4274,1.4349,1.4209,1.4223,901289.87,0.0,0.0,0
15m,1774266300.0,1.4223,1.4236,1.4089,1.4115,915988.57,0.0,0.0,0
15m,1774267200.0,1.4115,1.419,1.4019,1.4128,1079097.84,0.0,0.0,0
15m,1774268100.0,1.4128,1.422,1.4117,1.4173,554929.23,0.0,0.0,0
15m,1774269000.0,1.4173,1.4273,1.412,1.4247,1272870.39,0.0,0.0,0
15m,1774269900.0,1.4247,1.4273,1.4223,1.4253,330694.7,0.0,0.0,0
15m,1774270800.0,1.4253,1.43,1.4231,1.4238,522249.77,0.0,0.0,0
15m,1774271700.0,1.4238,1.4287,1.4237,1.4245,277250.82,0.0,0.0,0
15m,1774272600.0,1.4245,1.4385,1.4215,1.435,955193.74,0.0,0.0,0
15m,1774273500.0,1.435,1.4441,1.4332,1.4422,777579.49,0.0,0.0,0
15m,1774274400.0,1.4422,1.4529,1.4416,1.4475,1492491.27,0.0,0.0,0
15m,1774275300.0,1.4475,1.4526,1.4452,1.4462,575952.19,0.0,0.0,0
15m,1774276200.0,1.4462,1.4516,1.4449,1.4487,566270.14,0.0,0.0,0
15m,1774277100.0,1.4487,1.4567,1.4459,1.4553,563896.18,0.0,0.0,0
15m,1774278000.0,1.4553,1.4638,1.4553,1.4615,696908.02,0.0,0.0,0
15m,1774278900.0,1.4615,1.466,1.4555,1.4599,1184121.02,0.0,0.0,0
15m,1774279800.0,1.4599,1.4609,1.4437,1.4464,690217.11,0.0,0.0,0
15m,1774280700.0,1.4464,1.4498,1.4306,1.4313,936574.22,0.0,0.0,0
15m,1774281600.0,1.4313,1.4412,1.4313,1.4404,494039.45,0.0,0.0,0
15m,1774282500.0,1.4404,1.4428,1.4294,1.4296,542976.18,0.0,0.0,0
15m,1774283400.0,1.4296,1.4395,1.4275,1.4313,1113559.68,0.0,0.0,0
15m,1774284300.0,1.4313,1.4368,1.4306,1.4342,335564.63,0.0,0.0,0
15m,1774285200.0,1.4342,1.4386,1.432,1.4344,572825.33,0.0,0.0,0
15m,1774286100.0,1.4344,1.4358,1.4267,1.4304,311936.2,0.0,0.0,0
15m,1774287000.0,1.4304,1.4466,1.4297,1.4426,297336.43,0.0,0.0,0
15m,1774287900.0,1.4426,1.4451,1.4408,1.4443,123588.23,0.0,0.0,0
15m,1774288800.0,1.4443,1.4466,1.4381,1.4394,240801.23,0.0,0.0,0
15m,1774289700.0,1.4394,1.4412,1.437,1.4382,106793.84,0.0,0.0,0
15m,1774290600.0,1.4382,1.4426,1.4378,1.4387,111500.45,0.0,0.0,0
15m,1774291500.0,1.4387,1.4433,1.4386,1.4419,180810.61,0.0,0.0,0
15m,1774292400.0,1.4419,1.4456,1.4375,1.4379,230405.41,0.0,0.0,0
15m,1774293300.0,1.4379,1.4391,1.4354,1.438,82786.74,0.0,0.0,0
15m,1774294200.0,1.438,1.4393,1.4373,1.438,57362.52,0.0,0.0,0
15m,1774295100.0,1.438,1.4399,1.4317,1.4347,307330.2,0.0,0.0,0
15m,1774296000.0,1.4347,1.4374,1.4309,1.4364,263350.54,0.0,0.0,0
15m,1774296900.0,1.4364,1.4387,1.4349,1.4353,194947.53,0.0,0.0,0
15m,1774297800.0,1.4353,1.4399,1.4349,1.4396,78764.67,0.0,0.0,0
15m,1774298700.0,1.4396,1.4399,1.437,1.4382,114355.66,0.0,0.0,0
15m,1774299600.0,1.4382,1.4395,1.4357,1.4365,160915.4,0.0,0.0,0
15m,1774300500.0,1.4365,1.4376,1.4347,1.4362,226707.78,0.0,0.0,0
15m,1774301400.0,1.4362,1.4402,1.436,1.4393,135746.84,0.0,0.0,0
15m,1774302300.0,1.4393,1.4396,1.4349,1.4358,165758.33,0.0,0.0,0
15m,1774303200.0,1.4358,1.437,1.4281,1.4308,245528.41,0.0,0.0,0
15m,1774304100.0,1.4308,1.4325,1.429,1.4299,124241.05,0.0,0.0,0
15m,1774305000.0,1.4299,1.43,1.4257,1.4277,136447.49,0.0,0.0,0
15m,1774305900.0,1.4277,1.4304,1.4268,1.4299,29321.55,0.0,0.0,0
15m,1774306800.0,1.4299,1.4302,1.4247,1.4261,103592.92,0.0,0.0,0
15m,1774307700.0,1.4261,1.4311,1.4238,1.4301,147476.77,0.0,0.0,0
15m,1774308600.0,1.4301,1.4317,1.4281,1.4312,55199.33,0.0,0.0,0
15m,1774309500.0,1.4312,1.4343,1.4288,1.4322,95914.19,0.0,0.0,0
15m,1774310400.0,1.4322,1.4351,1.4276,1.4279,198083.89,0.0,0.0,0
15m,1774311300.0,1.4279,1.4281,1.423,1.4233,210911.64,0.0,0.0,0
15m,1774312200.0,1.4233,1.4235,1.4164,1.42,332877.1,0.0,0.0,0
15m,1774313100.0,1.42,1.4238,1.4198,1.4201,47819.06,0.0,0.0,0
15m,1774314000.0,1.4201,1.4235,1.4185,1.4196,105537.63,0.0,0.0,0
15m,1774314900.0,1.4196,1.4229,1.4179,1.4221,119053.76,0.0,0.0,0
15m,1774315800.0,1.4221,1.4221,1.41,1.4123,202960.4,0.0,0.0,0
15m,1774316700.0,1.4123,1.4146,1.4102,1.4137,222588.88,0.0,0.0,0
15m,1774317600.0,1.4137,1.4167,1.411,1.4114,345297.08,0.0,0.0,0
15m,1774318500.0,1.4114,1.4168,1.4112,1.4153,155824.29,0.0,0.0,0
15m,1774319400.0,1.4153,1.4165,1.4102,1.4142,248170.34,0.0,0.0,0
15m,1774320300.0,1.4142,1.4144,1.4089,1.4094,236819.83,0.0,0.0,0
15m,1774321200.0,1.4094,1.4115,1.4086,1.4103,102159.67,0.0,0.0,0
15m,1774322100.0,1.4103,1.413,1.4102,1.4115,62257.29,0.0,0.0,0
15m,1774323000.0,1.4115,1.4139,1.41,1.4129,66075.04,0.0,0.0,0
15m,1774323900.0,1.4129,1.4161,1.4128,1.4146,138433.76,0.0,0.0,0
15m,1774324800.0,1.4146,1.4168,1.413,1.4136,165307.54,0.0,0.0,0
15m,1774325700.0,1.4136,1.4139,1.4111,1.4114,92577.46,0.0,0.0,0
15m,1774326600.0,1.4114,1.4114,1.4072,1.4084,98780.94,0.0,0.0,0
15m,1774327500.0,1.4084,1.4102,1.4069,1.4087,76683.91,0.0,0.0,0
15m,1774328400.0,1.4087,1.4093,1.4051,1.4088,208978.33,0.0,0.0,0
15m,1774329300.0,1.4088,1.4145,1.4086,1.4118,186591.32,0.0,0.0,0
15m,1774330200.0,1.4118,1.4145,1.4118,1.4136,38604.98,0.0,0.0,0
15m,1774331100.0,1.4136,1.4156,1.4132,1.414,90205.93,0.0,0.0,0
15m,1774332000.0,1.414,1.414,1.4105,1.4112,109762.25,0.0,0.0,0
15m,1774332900.0,1.4112,1.4149,1.4104,1.4123,196814.33,0.0,0.0,0
15m,1774333800.0,1.4123,1.4152,1.4123,1.4133,53495.17,0.0,0.0,0
15m,1774334700.0,1.4133,1.4172,1.4106,1.4159,274301.63,0.0,0.0,0
15m,1774335600.0,1.4159,1.4259,1.4145,1.4232,240825.15,0.0,0.0,0
15m,1774336500.0,1.4232,1.4252,1.4204,1.4223,303340.83,0.0,0.0,0
15m,1774337400.0,1.4223,1.4245,1.4215,1.4233,172663.87,0.0,0.0,0
15m,1774338300.0,1.4233,1.4324,1.4228,1.4314,393372.79,0.0,0.0,0
15m,1774339200.0,1.4314,1.4334,1.4262,1.4281,444322.81,0.0,0.0,0
15m,1774340100.0,1.4281,1.4281,1.4216,1.4216,160672.79,0.0,0.0,0
15m,1774341000.0,1.4216,1.4241,1.4199,1.4214,78641.75,0.0,0.0,0
15m,1774341900.0,1.4214,1.4224,1.4149,1.4175,467583.97,0.0,0.0,0
15m,1774342800.0,1.4175,1.4177,1.414,1.4143,175649.09,0.0,0.0,0
15m,1774343700.0,1.4143,1.4173,1.4134,1.416,108953.28,0.0,0.0,0
15m,1774344600.0,1.416,1.4213,1.4142,1.4206,143463.85,0.0,0.0,0
15m,1774345500.0,1.4206,1.4241,1.4202,1.4233,230493.54,0.0,0.0,0
15m,1774346400.0,1.4233,1.4235,1.4192,1.4203,197607.04,0.0,0.0,0
15m,1774347300.0,1.4203,1.4209,1.4184,1.4184,246957.55,0.0,0.0,0
15m,1774348200.0,1.4184,1.42,1.4169,1.4189,139224.86,0.0,0.0,0
15m,1774349100.0,1.4189,1.4219,1.4175,1.4218,147630.75,0.0,0.0,0
15m,1774350000.0,1.4218,1.4218,1.4152,1.4188,389536.97,0.0,0.0,0
15m,1774350900.0,1.4188,1.4203,1.4159,1.4192,164054.34,0.0,0.0,0
15m,1774351800.0,1.4192,1.4261,1.4186,1.4222,456514.99,0.0,0.0,0
15m,1774352700.0,1.4222,1.4236,1.4188,1.4233,295279.16,0.0,0.0,0
15m,1774353600.0,1.4233,1.4236,1.4191,1.4204,212834.41,0.0,0.0,0
15m,1774354500.0,1.4204,1.4211,1.4196,1.4202,99694.07,0.0,0.0,0
15m,1774355400.0,1.4202,1.4202,1.4145,1.4168,187768.01,0.0,0.0,0
15m,1774356300.0,1.4168,1.4188,1.4158,1.4166,142547.93,0.0,0.0,0
15m,1774357200.0,1.4166,1.418,1.4112,1.4136,365034.35,0.0,0.0,0
15m,1774358100.0,1.4136,1.4144,1.4097,1.414,474887.88,0.0,0.0,0
15m,1774359000.0,1.414,1.4169,1.4037,1.4042,776536.83,0.0,0.0,0
15m,1774359900.0,1.4042,1.4072,1.4005,1.4026,530758.07,0.0,0.0,0
15m,1774360800.0,1.4026,1.4078,1.3974,1.4002,498549.25,0.0,0.0,0
15m,1774361700.0,1.4002,1.4049,1.3976,1.4027,372101.93,0.0,0.0,0
15m,1774362600.0,1.4027,1.404,1.3977,1.4,301302.43,0.0,0.0,0
15m,1774363500.0,1.4,1.409,1.3957,1.4022,853480.53,0.0,0.0,0
15m,1774364400.0,1.4022,1.4055,1.4008,1.4033,312183.4,0.0,0.0,0
15m,1774365300.0,1.4033,1.4086,1.4021,1.4044,264678.24,0.0,0.0,0
15m,1774366200.0,1.4044,1.4081,1.4011,1.4045,197958.38,0.0,0.0,0
15m,1774367100.0,1.4045,1.4061,1.4005,1.401,180115.7,0.0,0.0,0
15m,1774368000.0,1.401,1.4025,1.3997,1.4023,186504.72,0.0,0.0,0
15m,1774368900.0,1.4023,1.4039,1.3973,1.398,187964.62,0.0,0.0,0
15m,1774369800.0,1.398,1.3989,1.3894,1.3935,755193.28,0.0,0.0,0
15m,1774370700.0,1.3935,1.3944,1.3903,1.391,290911.39,0.0,0.0,0
15m,1774371600.0,1.391,1.392,1.3871,1.3918,466788.5,0.0,0.0,0
15m,1774372500.0,1.3918,1.3939,1.3891,1.3897,178695.15,0.0,0.0,0
15m,1774373400.0,1.3897,1.3908,1.3838,1.3849,312306.89,0.0,0.0,0
15m,1774374300.0,1.3849,1.3899,1.3848,1.3882,279441.25,0.0,0.0,0
15m,1774375200.0,1.3882,1.3912,1.3872,1.3898,431147.66,0.0,0.0,0
15m,1774376100.0,1.3898,1.3906,1.3877,1.389,377011.41,0.0,0.0,0
15m,1774377000.0,1.389,1.3949,1.3885,1.3905,438793.23,0.0,0.0,0
15m,1774377900.0,1.3905,1.3906,1.3879,1.3889,207498.68,0.0,0.0,0
15m,1774378800.0,1.3889,1.3927,1.3889,1.3922,145201.62,0.0,0.0,0
15m,1774379700.0,1.3922,1.3937,1.392,1.3921,301985.33,0.0,0.0,0
15m,1774380600.0,1.3921,1.3927,1.3906,1.3909,153150.65,0.0,0.0,0
15m,1774381500.0,1.3909,1.3909,1.3873,1.3879,344428.61,0.0,0.0,0
15m,1774382400.0,1.3879,1.3887,1.3863,1.3884,221391.6,0.0,0.0,0
15m,1774383300.0,1.3884,1.4086,1.3881,1.403,585662.75,0.0,0.0,0
15m,1774384200.0,1.403,1.4093,1.4022,1.4068,542176.3,0.0,0.0,0
15m,1774385100.0,1.4068,1.4128,1.4041,1.4099,269468.29,0.0,0.0,0
15m,1774386000.0,1.4099,1.4116,1.4052,1.4068,265979.95,0.0,0.0,0
15m,1774386900.0,1.4068,1.4095,1.4051,1.4094,120481.38,0.0,0.0,0
15m,1774387800.0,1.4094,1.4143,1.4082,1.4127,192102.34,0.0,0.0,0
15m,1774388700.0,1.4127,1.4143,1.4103,1.413,208073.47,0.0,0.0,0
15m,1774389600.0,1.413,1.4145,1.4099,1.4138,188589.49,0.0,0.0,0
15m,1774390500.0,1.4138,1.414,1.4102,1.4103,116263.2,0.0,0.0,0
15m,1774391400.0,1.4103,1.4118,1.4081,1.4101,116748.39,0.0,0.0,0
15m,1774392300.0,1.4101,1.4125,1.41,1.4114,114306.88,0.0,0.0,0
15m,1774393200.0,1.4114,1.4133,1.4094,1.4119,135020.28,0.0,0.0,0
15m,1774394100.0,1.4119,1.4177,1.4118,1.4165,294586.32,0.0,0.0,0
15m,1774395000.0,1.4165,1.418,1.415,1.415,90095.77,0.0,0.0,0
15m,1774395900.0,1.415,1.4164,1.4147,1.4159,63116.23,0.0,0.0,0
15m,1774396800.0,1.4159,1.421,1.4146,1.421,190011.88,0.0,0.0,0
15m,1774397700.0,1.421,1.421,1.4164,1.4169,168302.14,0.0,0.0,0
15m,1774398600.0,1.4169,1.4248,1.412,1.4225,697787.34,0.0,0.0,0
15m,1774399500.0,1.4225,1.4243,1.4202,1.4204,153882.42,0.0,0.0,0
15m,1774400400.0,1.4204,1.4223,1.4179,1.4185,343178.19,0.0,0.0,0
15m,1774401300.0,1.4185,1.4192,1.4157,1.4192,77224.65,0.0,0.0,0
15m,1774402200.0,1.4192,1.4223,1.4176,1.4206,143114.86,0.0,0.0,0
15m,1774403100.0,1.4206,1.4206,1.4168,1.4168,91832.88,0.0,0.0,0
15m,1774404000.0,1.4168,1.4172,1.4145,1.4155,518342.86,0.0,0.0,0
15m,1774404900.0,1.4155,1.4163,1.4133,1.4133,205576.97,0.0,0.0,0
15m,1774405800.0,1.4133,1.4145,1.4118,1.4143,309838.18,0.0,0.0,0
15m,1774406700.0,1.4143,1.4159,1.4104,1.4105,101836.11,0.0,0.0,0
15m,1774407600.0,1.4105,1.4107,1.4071,1.4088,133074.0,0.0,0.0,0
15m,1774408500.0,1.4088,1.4106,1.4071,1.4106,114979.17,0.0,0.0,0
15m,1774409400.0,1.4106,1.4142,1.4106,1.4128,88059.87,0.0,0.0,0
15m,1774410300.0,1.4128,1.4148,1.4128,1.4134,79746.83,0.0,0.0,0
15m,1774411200.0,1.4134,1.4164,1.4129,1.4158,99319.34,0.0,0.0,0
15m,1774412100.0,1.4158,1.4158,1.4129,1.4136,107451.81,0.0,0.0,0
15m,1774413000.0,1.4136,1.4138,1.4112,1.4118,50550.96,0.0,0.0,0
15m,1774413900.0,1.4118,1.4173,1.4117,1.4161,78807.29,0.0,0.0,0
15m,1774414800.0,1.4161,1.4234,1.4151,1.4217,305936.66,0.0,0.0,0
15m,1774415700.0,1.4217,1.4219,1.4193,1.4212,95297.62,0.0,0.0,0
15m,1774416600.0,1.4212,1.4223,1.4187,1.4198,59841.28,0.0,0.0,0
15m,1774417500.0,1.4198,1.4199,1.417,1.4177,173591.55,0.0,0.0,0
15m,1774418400.0,1.4177,1.4194,1.4162,1.4168,175848.75,0.0,0.0,0
15m,1774419300.0,1.4168,1.4232,1.4168,1.4227,215928.84,0.0,0.0,0
15m,1774420200.0,1.4227,1.4228,1.4209,1.4209,68157.19,0.0,0.0,0
15m,1774421100.0,1.4209,1.4219,1.4176,1.4178,235853.3,0.0,0.0,0
15m,1774422000.0,1.4178,1.4227,1.4172,1.4223,106556.35,0.0,0.0,0
15m,1774422900.0,1.4223,1.4223,1.4191,1.4196,66193.91,0.0,0.0,0
15m,1774423800.0,1.4196,1.4266,1.4196,1.4238,373660.08,0.0,0.0,0
15m,1774424700.0,1.4238,1.4243,1.4187,1.4199,217866.77,0.0,0.0,0
15m,1774425600.0,1.4199,1.4255,1.4183,1.4183,498891.69,0.0,0.0,0
15m,1774426500.0,1.4183,1.4226,1.418,1.4195,183484.64,0.0,0.0,0
15m,1774427400.0,1.4195,1.4253,1.4182,1.4242,518852.59,0.0,0.0,0
15m,1774428300.0,1.4242,1.4242,1.4186,1.4196,136098.15,0.0,0.0,0
15m,1774429200.0,1.4196,1.4209,1.4185,1.4185,111043.94,0.0,0.0,0
15m,1774430100.0,1.4185,1.4216,1.4174,1.4176,132224.73,0.0,0.0,0
15m,1774431000.0,1.4176,1.4185,1.4128,1.4169,486627.66,0.0,0.0,0
15m,1774431900.0,1.4169,1.4193,1.4133,1.4179,168048.6,0.0,0.0,0
15m,1774432800.0,1.4179,1.421,1.4169,1.4205,273857.12,0.0,0.0,0
15m,1774433700.0,1.4205,1.4209,1.419,1.4205,214964.13,0.0,0.0,0
15m,1774434600.0,1.4205,1.4226,1.4193,1.4213,167517.89,0.0,0.0,0
15m,1774435500.0,1.4213,1.4239,1.421,1.4229,153440.19,0.0,0.0,0
15m,1774436400.0,1.4229,1.4311,1.4227,1.4309,379245.93,0.0,0.0,0
15m,1774437300.0,1.4309,1.4381,1.4294,1.4334,1450933.88,0.0,0.0,0
15m,1774438200.0,1.4334,1.4373,1.4312,1.4315,390182.66,0.0,0.0,0
15m,1774439100.0,1.4315,1.4321,1.4248,1.429,300153.05,0.0,0.0,0
15m,1774440000.0,1.429,1.4323,1.4266,1.4271,406328.11,0.0,0.0,0
15m,1774440900.0,1.4271,1.4271,1.4136,1.4183,742409.55,0.0,0.0,0
15m,1774441800.0,1.4183,1.4204,1.4159,1.4174,355368.27,0.0,0.0,0
15m,1774442700.0,1.4174,1.427,1.4162,1.4224,253187.31,0.0,0.0,0
15m,1774443600.0,1.4224,1.4256,1.4198,1.4252,248476.54,0.0,0.0,0
15m,1774444500.0,1.4252,1.426,1.4225,1.4225,108399.91,0.0,0.0,0
15m,1774445400.0,1.4225,1.4295,1.4219,1.4222,322138.6,0.0,0.0,0
15m,1774446300.0,1.4222,1.4246,1.4185,1.4204,365246.5,0.0,0.0,0
15m,1774447200.0,1.4204,1.4224,1.4161,1.4182,831967.63,0.0,0.0,0
15m,1774448100.0,1.4182,1.422,1.4172,1.4183,385044.94,0.0,0.0,0
15m,1774449000.0,1.4183,1.421,1.4172,1.4182,198428.47,0.0,0.0,0
15m,1774449900.0,1.4182,1.4192,1.4151,1.4153,323258.04,0.0,0.0,0
15m,1774450800.0,1.4153,1.4167,1.4076,1.4088,736249.87,0.0,0.0,0
15m,1774451700.0,1.4088,1.4105,1.402,1.4097,658440.12,0.0,0.0,0
15m,1774452600.0,1.4097,1.411,1.4044,1.4053,160153.74,0.0,0.0,0
15m,1774453500.0,1.4053,1.4093,1.4031,1.4073,477843.98,0.0,0.0,0
15m,1774454400.0,1.4073,1.4116,1.4048,1.4087,409624.49,0.0,0.0,0
15m,1774455300.0,1.4087,1.421,1.4074,1.4179,463354.43,0.0,0.0,0
15m,1774456200.0,1.4179,1.42,1.4154,1.4187,160119.41,0.0,0.0,0
15m,1774457100.0,1.4187,1.4187,1.4151,1.4156,176411.27,0.0,0.0,0
15m,1774458000.0,1.4156,1.4173,1.4136,1.4153,159232.95,0.0,0.0,0
15m,1774458900.0,1.4153,1.417,1.4127,1.4142,97634.64,0.0,0.0,0
15m,1774459800.0,1.4142,1.4158,1.4124,1.4142,230328.02,0.0,0.0,0
15m,1774460700.0,1.4142,1.4147,1.4097,1.4114,242577.99,0.0,0.0,0
15m,1774461600.0,1.4114,1.4141,1.4109,1.4139,261302.89,0.0,0.0,0
15m,1774462500.0,1.4139,1.4188,1.4139,1.4172,95802.11,0.0,0.0,0
15m,1774463400.0,1.4172,1.4181,1.4134,1.4146,68902.5,0.0,0.0,0
15m,1774464300.0,1.4146,1.4154,1.4099,1.4126,94787.82,0.0,0.0,0
15m,1774465200.0,1.4126,1.4153,1.4108,1.4132,199907.82,0.0,0.0,0
15m,1774466100.0,1.4132,1.4155,1.4124,1.4143,74693.89,0.0,0.0,0
15m,1774467000.0,1.4143,1.4151,1.4116,1.4116,74426.37,0.0,0.0,0
15m,1774467900.0,1.4116,1.4133,1.4089,1.4117,195566.73,0.0,0.0,0
15m,1774468800.0,1.4117,1.4144,1.411,1.4131,180497.6,0.0,0.0,0
15m,1774469700.0,1.4131,1.4148,1.4103,1.4114,93823.31,0.0,0.0,0
15m,1774470600.0,1.4114,1.4135,1.4098,1.4135,70266.85,0.0,0.0,0
15m,1774471500.0,1.4135,1.4153,1.413,1.4146,33912.52,0.0,0.0,0
15m,1774472400.0,1.4146,1.4173,1.4124,1.4168,111760.16,0.0,0.0,0
15m,1774473300.0,1.4168,1.4172,1.4121,1.4128,65471.0,0.0,0.0,0
15m,1774474200.0,1.4128,1.4156,1.4121,1.4145,37185.31,0.0,0.0,0
15m,1774475100.0,1.4145,1.4148,1.4129,1.4135,38069.01,0.0,0.0,0
15m,1774476000.0,1.4135,1.4159,1.4125,1.4131,73907.82,0.0,0.0,0
15m,1774476900.0,1.4131,1.4141,1.4126,1.4134,53100.67,0.0,0.0,0
15m,1774477800.0,1.4134,1.4227,1.4134,1.4193,286869.68,0.0,0.0,0
15m,1774478700.0,1.4193,1.4203,1.4175,1.418,63439.62,0.0,0.0,0
15m,1774479600.0,1.418,1.4194,1.4166,1.4166,131452.75,0.0,0.0,0
15m,1774480500.0,1.4166,1.4182,1.4154,1.4167,42692.31,0.0,0.0,0
15m,1774481400.0,1.4167,1.4171,1.4133,1.4134,68973.69,0.0,0.0,0
15m,1774482300.0,1.4134,1.4151,1.4128,1.4146,72286.38,0.0,0.0,0
15m,1774483200.0,1.4146,1.4151,1.412,1.4128,73777.44,0.0,0.0,0
15m,1774484100.0,1.4128,1.4158,1.4128,1.413,407446.7,0.0,0.0,0
15m,1774485000.0,1.413,1.4149,1.4127,1.4149,173444.48,0.0,0.0,0
15m,1774485900.0,1.4149,1.4165,1.4113,1.4135,81330.34,0.0,0.0,0
15m,1774486800.0,1.4135,1.4152,1.4119,1.4127,55604.25,0.0,0.0,0
15m,1774487700.0,1.4127,1.414,1.4104,1.414,103722.25,0.0,0.0,0
15m,1774488600.0,1.414,1.415,1.4111,1.4117,106514.7,0.0,0.0,0
15m,1774489500.0,1.4117,1.4125,1.4103,1.4112,32942.4,0.0,0.0,0
15m,1774490400.0,1.4112,1.4118,1.4076,1.4079,113858.45,0.0,0.0,0
15m,1774491300.0,1.4079,1.408,1.405,1.4056,116251.8,0.0,0.0,0
15m,1774492200.0,1.4056,1.4056,1.4,1.4023,223969.46,0.0,0.0,0
15m,1774493100.0,1.4023,1.4039,1.4019,1.4038,49720.3,0.0,0.0,0
15m,1774494000.0,1.4038,1.4038,1.3997,1.4033,128714.2,0.0,0.0,0
15m,1774494900.0,1.4033,1.4033,1.3964,1.3975,133560.07,0.0,0.0,0
15m,1774495800.0,1.3975,1.4009,1.3975,1.3996,91796.45,0.0,0.0,0
15m,1774496700.0,1.3996,1.4022,1.3993,1.4018,132960.89,0.0,0.0,0
15m,1774497600.0,1.4018,1.4018,1.3981,1.3981,73907.12,0.0,0.0,0
15m,1774498500.0,1.3981,1.4017,1.3979,1.4016,55317.01,0.0,0.0,0
15m,1774499400.0,1.4016,1.4036,1.4011,1.4035,116376.12,0.0,0.0,0
15m,1774500300.0,1.4035,1.4057,1.4023,1.4027,136264.89,0.0,0.0,0
15m,1774501200.0,1.4027,1.403,1.3956,1.3966,175647.59,0.0,0.0,0
15m,1774502100.0,1.3966,1.398,1.3936,1.3963,146400.13,0.0,0.0,0
15m,1774503000.0,1.3963,1.3977,1.3917,1.3922,196019.77,0.0,0.0,0
15m,1774503900.0,1.3922,1.393,1.3882,1.3891,283497.84,0.0,0.0,0
15m,1774504800.0,1.3891,1.3911,1.3865,1.3911,236542.38,0.0,0.0,0
15m,1774505700.0,1.3911,1.3935,1.3864,1.3883,859984.43,0.0,0.0,0
15m,1774506600.0,1.3883,1.3892,1.3865,1.387,252740.91,0.0,0.0,0
15m,1774507500.0,1.387,1.3877,1.3852,1.3852,203751.49,0.0,0.0,0
15m,1774508400.0,1.3852,1.3877,1.3825,1.3834,476185.6,0.0,0.0,0
15m,1774509300.0,1.3834,1.387,1.3794,1.3835,794607.39,0.0,0.0,0
15m,1774510200.0,1.3835,1.3861,1.3818,1.3842,215746.81,0.0,0.0,0
15m,1774511100.0,1.3842,1.3871,1.3842,1.3857,68600.57,0.0,0.0,0
15m,1774512000.0,1.3857,1.3865,1.3819,1.3819,179659.98,0.0,0.0,0
15m,1774512900.0,1.3819,1.3838,1.3818,1.3819,100349.04,0.0,0.0,0
15m,1774513800.0,1.3819,1.3841,1.3803,1.3809,300159.26,0.0,0.0,0
15m,1774514700.0,1.3809,1.3831,1.3807,1.3823,90782.78,0.0,0.0,0
15m,1774515600.0,1.3823,1.3843,1.3807,1.3815,289608.21,0.0,0.0,0
15m,1774516500.0,1.3815,1.3815,1.3785,1.3805,142418.56,0.0,0.0,0
15m,1774517400.0,1.3805,1.3805,1.3685,1.372,831502.64,0.0,0.0,0
15m,1774518300.0,1.372,1.3733,1.3694,1.373,249590.73,0.0,0.0,0
15m,1774519200.0,1.373,1.373,1.3695,1.3696,204441.45,0.0,0.0,0
15m,1774520100.0,1.3696,1.3759,1.3696,1.3754,435006.59,0.0,0.0,0
15m,1774521000.0,1.3754,1.3773,1.3739,1.3744,296083.61,0.0,0.0,0
15m,1774521900.0,1.3744,1.3751,1.3731,1.3735,202407.29,0.0,0.0,0
15m,1774522800.0,1.3735,1.3766,1.3705,1.3743,387260.35,0.0,0.0,0
15m,1774523700.0,1.3743,1.3747,1.369,1.3707,387689.72,0.0,0.0,0
15m,1774524600.0,1.3707,1.3736,1.3704,1.3726,350600.92,0.0,0.0,0
15m,1774525500.0,1.3726,1.3741,1.3709,1.3709,208821.94,0.0,0.0,0
15m,1774526400.0,1.3709,1.3736,1.3701,1.3726,188341.32,0.0,0.0,0
15m,1774527300.0,1.3726,1.3756,1.3726,1.3744,222360.45,0.0,0.0,0
15m,1774528200.0,1.3744,1.3749,1.3722,1.3728,339532.45,0.0,0.0,0
15m,1774529100.0,1.3728,1.3749,1.3728,1.3745,320183.94,0.0,0.0,0
15m,1774530000.0,1.3745,1.3761,1.3741,1.3752,198324.56,0.0,0.0,0
15m,1774530900.0,1.3752,1.3764,1.3742,1.3753,273434.09,0.0,0.0,0
15m,1774531800.0,1.3753,1.3768,1.3711,1.3766,321939.24,0.0,0.0,0
15m,1774532700.0,1.3766,1.3827,1.3766,1.3785,890160.61,0.0,0.0,0
15m,1774533600.0,1.3785,1.3816,1.3739,1.375,356497.56,0.0,0.0,0
15m,1774534500.0,1.375,1.3762,1.3717,1.3732,351875.56,0.0,0.0,0
15m,1774535400.0,1.3732,1.3761,1.3698,1.3706,345457.95,0.0,0.0,0
15m,1774536300.0,1.3706,1.3722,1.3651,1.3685,624265.53,0.0,0.0,0
15m,1774537200.0,1.3685,1.3686,1.3552,1.3561,2058321.43,0.0,0.0,0
15m,1774538100.0,1.3561,1.3603,1.3526,1.359,912757.77,0.0,0.0,0
15m,1774539000.0,1.359,1.359,1.3569,1.3588,245930.33,0.0,0.0,0
15m,1774539900.0,1.3588,1.3617,1.3584,1.3605,351256.09,0.0,0.0,0
15m,1774540800.0,1.3605,1.3658,1.36,1.3655,233064.16,0.0,0.0,0
15m,1774541700.0,1.3655,1.3671,1.3613,1.3624,820816.75,0.0,0.0,0
15m,1774542600.0,1.3624,1.3654,1.3617,1.3646,185137.27,0.0,0.0,0
15m,1774543500.0,1.3646,1.3651,1.3606,1.3608,189317.14,0.0,0.0,0
15m,1774544400.0,1.3608,1.3644,1.3604,1.3615,117912.26,0.0,0.0,0
15m,1774545300.0,1.3615,1.3628,1.3604,1.3618,180055.1,0.0,0.0,0
15m,1774546200.0,1.3618,1.3627,1.3592,1.3596,214482.8,0.0,0.0,0
15m,1774547100.0,1.3596,1.3599,1.3514,1.354,645004.44,0.0,0.0,0
15m,1774548000.0,1.354,1.3556,1.3389,1.341,2932815.77,0.0,0.0,0
15m,1774548900.0,1.341,1.3433,1.3358,1.3412,814426.5,0.0,0.0,0
15m,1774549800.0,1.3412,1.3447,1.3408,1.3443,272006.79,0.0,0.0,0
15m,1774550700.0,1.3443,1.3479,1.3435,1.3473,293954.51,0.0,0.0,0
15m,1774551600.0,1.3473,1.3473,1.3444,1.3451,127095.55,0.0,0.0,0
15m,1774552500.0,1.3451,1.3478,1.3445,1.345,218504.53,0.0,0.0,0
15m,1774553400.0,1.345,1.3519,1.3441,1.3505,1137071.18,0.0,0.0,0
15m,1774554300.0,1.3505,1.3513,1.344,1.3443,335892.46,0.0,0.0,0
15m,1774555200.0,1.3443,1.3659,1.3442,1.3576,1661593.68,0.0,0.0,0
15m,1774556100.0,1.3576,1.3673,1.3559,1.361,2067416.59,0.0,0.0,0
15m,1774557000.0,1.361,1.3638,1.3605,1.3632,134121.66,0.0,0.0,0
15m,1774557900.0,1.3632,1.3632,1.3579,1.3595,427204.13,0.0,0.0,0
15m,1774558800.0,1.3595,1.3642,1.3581,1.3631,219132.84,0.0,0.0,0
15m,1774559700.0,1.3631,1.3678,1.363,1.3666,201826.32,0.0,0.0,0
15m,1774560600.0,1.3666,1.371,1.3646,1.3688,399225.65,0.0,0.0,0
15m,1774561500.0,1.3688,1.3697,1.365,1.367,169770.68,0.0,0.0,0
15m,1774562400.0,1.367,1.3689,1.3647,1.3659,634722.2,0.0,0.0,0
15m,1774563300.0,1.3659,1.3663,1.3582,1.3613,302751.11,0.0,0.0,0
15m,1774564200.0,1.3613,1.3626,1.3602,1.3616,148481.54,0.0,0.0,0
15m,1774565100.0,1.3616,1.3636,1.3611,1.3636,104107.99,0.0,0.0,0
15m,1774566000.0,1.3636,1.3652,1.361,1.3615,157030.25,0.0,0.0,0
15m,1774566900.0,1.3615,1.3629,1.3592,1.3605,106075.17,0.0,0.0,0
15m,1774567800.0,1.3605,1.3611,1.3589,1.3594,96002.04,0.0,0.0,0
15m,1774568700.0,1.3594,1.3619,1.3592,1.3609,55908.54,0.0,0.0,0
15m,1774569600.0,1.3609,1.3636,1.3598,1.3632,134133.0,0.0,0.0,0
15m,1774570500.0,1.3632,1.3638,1.3596,1.3603,65727.28,0.0,0.0,0
15m,1774571400.0,1.3603,1.3621,1.3582,1.3602,150465.74,0.0,0.0,0
15m,1774572300.0,1.3602,1.3629,1.3591,1.3617,91003.85,0.0,0.0,0
15m,1774573200.0,1.3617,1.3659,1.3606,1.3657,145713.17,0.0,0.0,0
15m,1774574100.0,1.3657,1.3676,1.3652,1.3656,99283.74,0.0,0.0,0
15m,1774575000.0,1.3656,1.3666,1.3635,1.365,88972.36,0.0,0.0,0
15m,1774575900.0,1.365,1.3699,1.365,1.3692,310206.36,0.0,0.0,0
15m,1774576800.0,1.3692,1.3704,1.368,1.3686,107106.85,0.0,0.0,0
15m,1774577700.0,1.3686,1.3694,1.367,1.3694,52595.0,0.0,0.0,0
15m,1774578600.0,1.3694,1.3726,1.3693,1.3697,144744.0,0.0,0.0,0
15m,1774579500.0,1.3697,1.3722,1.3697,1.3706,184937.17,0.0,0.0,0
15m,1774580400.0,1.3706,1.3712,1.3648,1.3658,158093.08,0.0,0.0,0
15m,1774581300.0,1.3658,1.3667,1.3649,1.366,87536.07,0.0,0.0,0
15m,1774582200.0,1.366,1.367,1.3653,1.3657,71035.34,0.0,0.0,0
15m,1774583100.0,1.3657,1.3658,1.3638,1.3642,69005.88,0.0,0.0,0
15m,1774584000.0,1.3642,1.3648,1.3572,1.3575,361636.29,0.0,0.0,0
15m,1774584900.0,1.3575,1.3629,1.3562,1.3626,126166.71,0.0,0.0,0
15m,1774585800.0,1.3626,1.3634,1.3614,1.3624,140700.77,0.0,0.0,0
15m,1774586700.0,1.3624,1.3636,1.3616,1.3634,82918.66,0.0,0.0,0
15m,1774587600.0,1.3634,1.3682,1.3626,1.3673,269890.57,0.0,0.0,0
15m,1774588500.0,1.3673,1.3687,1.3616,1.3625,163992.26,0.0,0.0,0
15m,1774589400.0,1.3625,1.364,1.3607,1.3617,118213.33,0.0,0.0,0
15m,1774590300.0,1.3617,1.3634,1.3615,1.3624,40347.82,0.0,0.0,0
15m,1774591200.0,1.3624,1.3638,1.3613,1.3635,65566.48,0.0,0.0,0
15m,1774592100.0,1.3635,1.3644,1.3626,1.3632,207228.89,0.0,0.0,0
15m,1774593000.0,1.3632,1.3636,1.3611,1.3611,132608.87,0.0,0.0,0
15m,1774593900.0,1.3611,1.3611,1.3595,1.3601,154120.55,0.0,0.0,0
15m,1774594800.0,1.3601,1.3636,1.3585,1.3617,95690.59,0.0,0.0,0
15m,1774595700.0,1.3617,1.3648,1.3615,1.3638,97840.82,0.0,0.0,0
15m,1774596600.0,1.3638,1.364,1.3576,1.3587,241595.13,0.0,0.0,0
15m,1774597500.0,1.3587,1.3597,1.3579,1.3589,181221.79,0.0,0.0,0
15m,1774598400.0,1.3589,1.3615,1.3582,1.3591,193798.87,0.0,0.0,0
15m,1774599300.0,1.3591,1.3596,1.3525,1.3526,278846.92,0.0,0.0,0
15m,1774600200.0,1.3526,1.3543,1.344,1.3465,818868.0,0.0,0.0,0
15m,1774601100.0,1.3465,1.3521,1.3463,1.3506,268512.24,0.0,0.0,0
15m,1774602000.0,1.3506,1.3509,1.3399,1.3423,272749.56,0.0,0.0,0
15m,1774602900.0,1.3423,1.3485,1.3419,1.3479,127995.47,0.0,0.0,0
15m,1774603800.0,1.3479,1.3479,1.3444,1.3451,51799.55,0.0,0.0,0
15m,1774604700.0,1.3451,1.3476,1.3447,1.3463,111991.15,0.0,0.0,0
15m,1774605600.0,1.3463,1.3475,1.3445,1.3465,77039.92,0.0,0.0,0
15m,1774606500.0,1.3465,1.3479,1.346,1.3468,253905.87,0.0,0.0,0
15m,1774607400.0,1.3468,1.347,1.326,1.3351,2696809.62,0.0,0.0,0
15m,1774608300.0,1.3351,1.3387,1.3292,1.3331,956986.65,0.0,0.0,0
15m,1774609200.0,1.3331,1.3369,1.3295,1.3368,556909.78,0.0,0.0,0
15m,1774610100.0,1.3368,1.3376,1.3343,1.337,319900.72,0.0,0.0,0
15m,1774611000.0,1.337,1.3386,1.3339,1.3342,534982.55,0.0,0.0,0
15m,1774611900.0,1.3342,1.337,1.3339,1.335,497046.04,0.0,0.0,0
15m,1774612800.0,1.335,1.3351,1.3303,1.3319,419556.42,0.0,0.0,0
15m,1774613700.0,1.3319,1.3327,1.3292,1.3305,845050.15,0.0,0.0,0
15m,1774614600.0,1.3305,1.3317,1.3278,1.3293,828317.83,0.0,0.0,0
15m,1774615500.0,1.3293,1.3334,1.3262,1.3324,1721615.24,0.0,0.0,0
15m,1774616400.0,1.3324,1.3354,1.3323,1.3338,449172.55,0.0,0.0,0
15m,1774617300.0,1.3338,1.3411,1.3338,1.3378,370052.41,0.0,0.0,0
15m,1774618200.0,1.3378,1.3431,1.3276,1.3401,924860.76,0.0,0.0,0
15m,1774619100.0,1.3401,1.3425,1.3327,1.3403,923834.52,0.0,0.0,0
15m,1774620000.0,1.3403,1.344,1.3388,1.3413,615085.83,0.0,0.0,0
15m,1774620900.0,1.3413,1.342,1.3314,1.3315,454869.7,0.0,0.0,0
15m,1774621800.0,1.3315,1.3324,1.3287,1.331,448348.33,0.0,0.0,0
15m,1774622700.0,1.331,1.3334,1.3277,1.3323,279117.52,0.0,0.0,0
15m,1774623600.0,1.3323,1.3397,1.3322,1.3392,563742.01,0.0,0.0,0
15m,1774624500.0,1.3392,1.3423,1.3334,1.3384,931191.82,0.0,0.0,0
15m,1774625400.0,1.3384,1.3458,1.3381,1.3421,745909.75,0.0,0.0,0
15m,1774626300.0,1.3421,1.3446,1.3319,1.3358,1198459.14,0.0,0.0,0
15m,1774627200.0,1.3358,1.337,1.3311,1.3329,856095.92,0.0,0.0,0
15m,1774628100.0,1.3329,1.3351,1.3309,1.3316,471812.74,0.0,0.0,0
15m,1774629000.0,1.3316,1.3353,1.3297,1.3349,463764.2,0.0,0.0,0
15m,1774629900.0,1.3349,1.3368,1.3305,1.3306,350169.74,0.0,0.0,0
15m,1774630800.0,1.3306,1.3376,1.3296,1.3351,452656.89,0.0,0.0,0
15m,1774631700.0,1.3351,1.3361,1.3298,1.33,275447.85,0.0,0.0,0
15m,1774632600.0,1.33,1.3313,1.3253,1.3253,198843.46,0.0,0.0,0
15m,1774633500.0,1.3253,1.3268,1.3231,1.3239,351543.51,0.0,0.0,0
15m,1774634400.0,1.3239,1.3257,1.3221,1.3221,232229.79,0.0,0.0,0
15m,1774635300.0,1.3221,1.326,1.3182,1.3192,435901.54,0.0,0.0,0
15m,1774636200.0,1.3192,1.323,1.3192,1.3213,323817.05,0.0,0.0,0
15m,1774637100.0,1.3213,1.3245,1.3211,1.3236,157409.99,0.0,0.0,0
15m,1774638000.0,1.3236,1.3236,1.3196,1.322,245989.17,0.0,0.0,0
15m,1774638900.0,1.322,1.3274,1.3214,1.3273,165937.0,0.0,0.0,0
15m,1774639800.0,1.3273,1.3293,1.3251,1.3261,154341.82,0.0,0.0,0
15m,1774640700.0,1.3261,1.3274,1.3239,1.3251,306736.53,0.0,0.0,0
15m,1774641600.0,1.3251,1.328,1.3245,1.3264,268545.08,0.0,0.0,0
15m,1774642500.0,1.3264,1.3276,1.3231,1.3246,565172.11,0.0,0.0,0
15m,1774643400.0,1.3246,1.3251,1.3221,1.3235,154392.68,0.0,0.0,0
15m,1774644300.0,1.3235,1.3274,1.3232,1.3261,171901.2,0.0,0.0,0
15m,1774645200.0,1.3261,1.3303,1.3261,1.3299,248237.26,0.0,0.0,0
15m,1774646100.0,1.3299,1.3316,1.3289,1.331,138482.42,0.0,0.0,0
15m,1774647000.0,1.331,1.3327,1.3291,1.3306,143726.51,0.0,0.0,0
15m,1774647900.0,1.3306,1.3309,1.3275,1.3287,70714.32,0.0,0.0,0
15m,1774648800.0,1.3287,1.3289,1.324,1.3244,99150.65,0.0,0.0,0
15m,1774649700.0,1.3244,1.3244,1.3232,1.3243,89983.44,0.0,0.0,0
15m,1774650600.0,1.3243,1.3248,1.3224,1.3243,115866.21,0.0,0.0,0
15m,1774651500.0,1.3243,1.3255,1.324,1.3245,237335.38,0.0,0.0,0
15m,1774652400.0,1.3245,1.3246,1.3204,1.3213,220490.93,0.0,0.0,0
15m,1774653300.0,1.3213,1.3224,1.3206,1.3219,198422.09,0.0,0.0,0
15m,1774654200.0,1.3219,1.3241,1.3204,1.3241,138826.76,0.0,0.0,0
15m,1774655100.0,1.3241,1.3263,1.3241,1.3257,159649.78,0.0,0.0,0
15m,1774656000.0,1.3257,1.3274,1.3248,1.3257,81197.7,0.0,0.0,0
15m,1774656900.0,1.3257,1.3285,1.3256,1.3285,84929.5,0.0,0.0,0
15m,1774657800.0,1.3285,1.3296,1.3253,1.327,104264.91,0.0,0.0,0
15m,1774658700.0,1.327,1.3273,1.3258,1.3265,112466.21,0.0,0.0,0
15m,1774659600.0,1.3265,1.3279,1.3214,1.3225,115777.94,0.0,0.0,0
15m,1774660500.0,1.3225,1.3259,1.3224,1.3241,51951.6,0.0,0.0,0
15m,1774661400.0,1.3241,1.3254,1.3192,1.3217,144760.04,0.0,0.0,0
15m,1774662300.0,1.3217,1.3251,1.3217,1.3243,104098.87,0.0,0.0,0
15m,1774663200.0,1.3243,1.3275,1.3238,1.3254,92155.44,0.0,0.0,0
15m,1774664100.0,1.3254,1.3266,1.3218,1.3236,97202.83,0.0,0.0,0
15m,1774665000.0,1.3236,1.3245,1.3217,1.3244,115488.06,0.0,0.0,0
15m,1774665900.0,1.3244,1.3248,1.3231,1.3239,49232.0,0.0,0.0,0
15m,1774666800.0,1.3239,1.3255,1.3239,1.3251,33097.27,0.0,0.0,0
15m,1774667700.0,1.3251,1.3268,1.3251,1.3268,130084.96,0.0,0.0,0
15m,1774668600.0,1.3268,1.3301,1.3265,1.3282,672398.55,0.0,0.0,0
15m,1774669500.0,1.3282,1.3282,1.3265,1.3274,121970.98,0.0,0.0,0
15m,1774670400.0,1.3274,1.3282,1.326,1.3262,81811.48,0.0,0.0,0
15m,1774671300.0,1.3262,1.3307,1.3261,1.3304,107593.22,0.0,0.0,0
15m,1774672200.0,1.3304,1.3305,1.3269,1.3289,255690.03,0.0,0.0,0
15m,1774673100.0,1.3289,1.3305,1.3287,1.3305,77030.29,0.0,0.0,0
15m,1774674000.0,1.3305,1.3314,1.3284,1.3313,78602.4,0.0,0.0,0
15m,1774674900.0,1.3313,1.3392,1.3313,1.3389,315040.95,0.0,0.0,0
15m,1774675800.0,1.3389,1.3419,1.3354,1.3419,844796.46,0.0,0.0,0
15m,1774676700.0,1.3419,1.3419,1.3349,1.3374,895477.52,0.0,0.0,0
15m,1774677600.0,1.3374,1.3374,1.3339,1.3362,147130.77,0.0,0.0,0
15m,1774678500.0,1.3362,1.3397,1.3356,1.3367,307971.3,0.0,0.0,0
15m,1774679400.0,1.3367,1.3373,1.3353,1.3353,106607.98,0.0,0.0,0
15m,1774680300.0,1.3353,1.3371,1.3352,1.3358,109679.81,0.0,0.0,0
15m,1774681200.0,1.3358,1.3373,1.3347,1.3363,101581.72,0.0,0.0,0
15m,1774682100.0,1.3363,1.3391,1.3362,1.3391,100801.78,0.0,0.0,0
15m,1774683000.0,1.3391,1.3391,1.3374,1.3385,151875.03,0.0,0.0,0
15m,1774683900.0,1.3385,1.3411,1.3384,1.341,58436.04,0.0,0.0,0
15m,1774684800.0,1.341,1.3426,1.3406,1.341,173691.12,0.0,0.0,0
15m,1774685700.0,1.341,1.3427,1.3403,1.342,115359.59,0.0,0.0,0
15m,1774686600.0,1.342,1.3421,1.3391,1.3393,156660.88,0.0,0.0,0
15m,1774687500.0,1.3393,1.34,1.3375,1.3378,87010.95,0.0,0.0,0
15m,1774688400.0,1.3378,1.3382,1.3367,1.3369,133506.8,0.0,0.0,0
15m,1774689300.0,1.3369,1.3385,1.336,1.3383,69468.64,0.0,0.0,0
15m,1774690200.0,1.3383,1.3383,1.3368,1.337,47236.96,0.0,0.0,0
15m,1774691100.0,1.337,1.338,1.3363,1.3372,34074.69,0.0,0.0,0
15m,1774692000.0,1.3372,1.3432,1.3372,1.3413,106880.02,0.0,0.0,0
15m,1774692900.0,1.3413,1.3413,1.3365,1.3365,102898.76,0.0,0.0,0
15m,1774693800.0,1.3365,1.3378,1.3349,1.3371,88725.58,0.0,0.0,0
15m,1774694700.0,1.3371,1.3379,1.3359,1.3377,50380.58,0.0,0.0,0
15m,1774695600.0,1.3377,1.3391,1.3372,1.3386,45039.72,0.0,0.0,0
15m,1774696500.0,1.3386,1.3391,1.338,1.3385,55081.63,0.0,0.0,0
15m,1774697400.0,1.3385,1.34,1.3385,1.3394,75722.49,0.0,0.0,0
15m,1774698300.0,1.3394,1.342,1.3393,1.3402,78225.48,0.0,0.0,0
15m,1774699200.0,1.3402,1.3402,1.3367,1.339,61820.13,0.0,0.0,0
15m,1774700100.0,1.339,1.3416,1.3389,1.3398,102777.47,0.0,0.0,0
15m,1774701000.0,1.3398,1.34,1.336,1.3371,552217.49,0.0,0.0,0
15m,1774701900.0,1.3371,1.3393,1.3371,1.3384,113349.81,0.0,0.0,0
15m,1774702800.0,1.3384,1.3403,1.338,1.3399,128730.71,0.0,0.0,0
15m,1774703700.0,1.3399,1.3404,1.3386,1.3401,103743.82,0.0,0.0,0
15m,1774704600.0,1.3401,1.3574,1.3401,1.3509,1176615.3,0.0,0.0,0
15m,1774705500.0,1.3509,1.3524,1.3478,1.3505,216299.17,0.0,0.0,0
15m,1774706400.0,1.3505,1.3507,1.3469,1.3477,168646.76,0.0,0.0,0
15m,1774707300.0,1.3477,1.3497,1.3463,1.3487,86203.44,0.0,0.0,0
15m,1774708200.0,1.3487,1.3524,1.3473,1.3507,89805.7,0.0,0.0,0
15m,1774709100.0,1.3507,1.3521,1.3468,1.3477,108114.09,0.0,0.0,0
15m,1774710000.0,1.3477,1.3503,1.3465,1.3495,69534.15,0.0,0.0,0
15m,1774710900.0,1.3495,1.3584,1.3491,1.3529,464087.88,0.0,0.0,0
15m,1774711800.0,1.3529,1.3554,1.3524,1.3543,136191.44,0.0,0.0,0
15m,1774712700.0,1.3543,1.3546,1.3518,1.3533,89230.65,0.0,0.0,0
15m,1774713600.0,1.3533,1.3544,1.3523,1.354,94183.02,0.0,0.0,0
15m,1774714500.0,1.354,1.3544,1.3511,1.3516,82216.62,0.0,0.0,0
15m,1774715400.0,1.3516,1.3528,1.3507,1.3508,95811.59,0.0,0.0,0
15m,1774716300.0,1.3508,1.3516,1.3497,1.35,55889.28,0.0,0.0,0
15m,1774717200.0,1.35,1.3521,1.35,1.3518,37251.23,0.0,0.0,0
15m,1774718100.0,1.3518,1.3518,1.3482,1.3486,128113.37,0.0,0.0,0
15m,1774719000.0,1.3486,1.3497,1.3462,1.3475,93730.57,0.0,0.0,0
15m,1774719900.0,1.3475,1.3475,1.3444,1.3457,183365.27,0.0,0.0,0
15m,1774720800.0,1.3457,1.3473,1.345,1.3472,76343.05,0.0,0.0,0
15m,1774721700.0,1.3472,1.3472,1.345,1.3455,102163.61,0.0,0.0,0
15m,1774722600.0,1.3455,1.3472,1.3445,1.3472,39714.37,0.0,0.0,0
15m,1774723500.0,1.3472,1.3472,1.3456,1.346,30003.75,0.0,0.0,0
15m,1774724400.0,1.346,1.3464,1.3421,1.3435,51982.4,0.0,0.0,0
15m,1774725300.0,1.3435,1.345,1.3435,1.3445,30689.13,0.0,0.0,0
15m,1774726200.0,1.3445,1.3448,1.3433,1.344,147420.87,0.0,0.0,0
15m,1774727100.0,1.344,1.345,1.3434,1.3448,74426.38,0.0,0.0,0
15m,1774728000.0,1.3448,1.348,1.3448,1.347,103185.78,0.0,0.0,0
15m,1774728900.0,1.347,1.3473,1.3448,1.3454,65478.54,0.0,0.0,0
15m,1774729800.0,1.3454,1.3462,1.3444,1.3448,45531.64,0.0,0.0,0
15m,1774730700.0,1.3448,1.3474,1.3448,1.3465,83225.47,0.0,0.0,0
15m,1774731600.0,1.3465,1.3466,1.3445,1.3458,65476.71,0.0,0.0,0
15m,1774732500.0,1.3458,1.3465,1.345,1.3459,44932.3,0.0,0.0,0
15m,1774733400.0,1.3459,1.3463,1.3444,1.346,50325.39,0.0,0.0,0
15m,1774734300.0,1.346,1.346,1.3405,1.3414,130490.11,0.0,0.0,0
15m,1774735200.0,1.3414,1.3431,1.3402,1.3408,86845.14,0.0,0.0,0
15m,1774736100.0,1.3408,1.3438,1.3395,1.3433,75689.51,0.0,0.0,0
15m,1774737000.0,1.3433,1.3434,1.3384,1.3389,88078.41,0.0,0.0,0
15m,1774737900.0,1.3389,1.3416,1.3389,1.3414,44910.73,0.0,0.0,0
15m,1774738800.0,1.3414,1.3415,1.3314,1.3349,259292.31,0.0,0.0,0
15m,1774739700.0,1.3349,1.3349,1.3313,1.3333,82135.88,0.0,0.0,0
15m,1774740600.0,1.3333,1.3357,1.3318,1.332,52124.61,0.0,0.0,0
15m,1774741500.0,1.332,1.3339,1.3311,1.3333,45945.54,0.0,0.0,0
15m,1774742400.0,1.3333,1.3356,1.3326,1.333,78353.37,0.0,0.0,0
15m,1774743300.0,1.333,1.3344,1.3301,1.3317,103850.0,0.0,0.0,0
15m,1774744200.0,1.3317,1.334,1.3303,1.3304,66135.46,0.0,0.0,0
15m,1774745100.0,1.3304,1.333,1.3303,1.3328,74206.05,0.0,0.0,0
15m,1774746000.0,1.3328,1.3373,1.3324,1.336,134577.98,0.0,0.0,0
15m,1774746900.0,1.336,1.3368,1.3351,1.3359,49147.23,0.0,0.0,0
15m,1774747800.0,1.3359,1.3368,1.3329,1.3348,56188.13,0.0,0.0,0
15m,1774748700.0,1.3348,1.3367,1.3333,1.3358,76612.72,0.0,0.0,0
15m,1774749600.0,1.3358,1.3367,1.3347,1.3367,80388.29,0.0,0.0,0
15m,1774750500.0,1.3367,1.3372,1.3359,1.3362,27633.85,0.0,0.0,0
15m,1774751400.0,1.3362,1.3369,1.3346,1.3368,46986.8,0.0,0.0,0
15m,1774752300.0,1.3368,1.3388,1.336,1.3367,49812.25,0.0,0.0,0
15m,1774753200.0,1.3367,1.3368,1.3357,1.3358,70282.23,0.0,0.0,0
15m,1774754100.0,1.3358,1.3417,1.3353,1.3391,117866.9,0.0,0.0,0
15m,1774755000.0,1.3391,1.34,1.3378,1.3388,43694.4,0.0,0.0,0
15m,1774755900.0,1.3388,1.339,1.3377,1.3384,42346.63,0.0,0.0,0
15m,1774756800.0,1.3384,1.3385,1.3365,1.3373,47062.82,0.0,0.0,0
15m,1774757700.0,1.3373,1.3373,1.3349,1.3359,46311.18,0.0,0.0,0
15m,1774758600.0,1.3359,1.337,1.3356,1.3366,38223.43,0.0,0.0,0
15m,1774759500.0,1.3366,1.3377,1.336,1.3361,55114.92,0.0,0.0,0
15m,1774760400.0,1.3361,1.3361,1.3326,1.3326,115905.19,0.0,0.0,0
15m,1774761300.0,1.3326,1.3335,1.3316,1.3318,220601.41,0.0,0.0,0
15m,1774762200.0,1.3318,1.3318,1.3307,1.331,109606.52,0.0,0.0,0
15m,1774763100.0,1.331,1.3343,1.3283,1.3336,558169.7,0.0,0.0,0
15m,1774764000.0,1.3336,1.3369,1.3336,1.3366,52716.29,0.0,0.0,0
15m,1774764900.0,1.3366,1.3381,1.3359,1.3381,140133.78,0.0,0.0,0
15m,1774765800.0,1.3381,1.3407,1.3373,1.3406,85891.73,0.0,0.0,0
15m,1774766700.0,1.3406,1.3433,1.3346,1.3346,791166.0,0.0,0.0,0
15m,1774767600.0,1.3346,1.3368,1.3332,1.3343,526365.28,0.0,0.0,0
15m,1774768500.0,1.3343,1.3345,1.3326,1.3333,74154.74,0.0,0.0,0
15m,1774769400.0,1.3333,1.3345,1.3327,1.3334,37919.29,0.0,0.0,0
15m,1774770300.0,1.3334,1.3354,1.3325,1.334,66298.05,0.0,0.0,0
15m,1774771200.0,1.334,1.3352,1.3322,1.3331,116875.49,0.0,0.0,0
15m,1774772100.0,1.3331,1.336,1.333,1.336,37207.52,0.0,0.0,0
15m,1774773000.0,1.336,1.3387,1.3359,1.3384,47193.42,0.0,0.0,0
15m,1774773900.0,1.3384,1.3393,1.3373,1.3373,135331.02,0.0,0.0,0
15m,1774774800.0,1.3373,1.3378,1.3347,1.336,61811.44,0.0,0.0,0
15m,1774775700.0,1.336,1.337,1.3354,1.3367,23396.95,0.0,0.0,0
15m,1774776600.0,1.3367,1.3374,1.334,1.335,105638.39,0.0,0.0,0
15m,1774777500.0,1.335,1.3357,1.335,1.3354,15852.48,0.0,0.0,0
15m,1774778400.0,1.3354,1.3354,1.3332,1.334,61950.04,0.0,0.0,0
15m,1774779300.0,1.334,1.3341,1.3311,1.332,61041.11,0.0,0.0,0
15m,1774780200.0,1.332,1.3335,1.3315,1.3332,58999.26,0.0,0.0,0
15m,1774781100.0,1.3332,1.3345,1.3332,1.3336,41888.15,0.0,0.0,0
15m,1774782000.0,1.3336,1.3406,1.3333,1.339,192417.52,0.0,0.0,0
15m,1774782900.0,1.339,1.3392,1.3372,1.3375,52241.65,0.0,0.0,0
15m,1774783800.0,1.3375,1.3395,1.3372,1.3392,74398.22,0.0,0.0,0
15m,1774784700.0,1.3392,1.3403,1.3382,1.3383,63581.69,0.0,0.0,0
15m,1774785600.0,1.3383,1.3383,1.3355,1.3355,41015.07,0.0,0.0,0
15m,1774786500.0,1.3355,1.3372,1.335,1.3363,48171.86,0.0,0.0,0
15m,1774787400.0,1.3363,1.3367,1.3336,1.3337,72799.11,0.0,0.0,0
15m,1774788300.0,1.3337,1.3358,1.3336,1.3346,41310.92,0.0,0.0,0
15m,1774789200.0,1.3346,1.335,1.3269,1.3285,365966.26,0.0,0.0,0
15m,1774790100.0,1.3285,1.3297,1.3272,1.3291,115828.39,0.0,0.0,0
15m,1774791000.0,1.3291,1.3297,1.3278,1.3282,184797.52,0.0,0.0,0
15m,1774791900.0,1.3282,1.3287,1.3251,1.3265,178152.5,0.0,0.0,0
15m,1774792800.0,1.3265,1.3324,1.3248,1.3293,224806.02,0.0,0.0,0
15m,1774793700.0,1.3293,1.3296,1.324,1.3243,74659.57,0.0,0.0,0
15m,1774794600.0,1.3243,1.3272,1.3241,1.3266,114599.89,0.0,0.0,0
15m,1774795500.0,1.3266,1.3271,1.3247,1.3261,100103.02,0.0,0.0,0
15m,1774796400.0,1.3261,1.3282,1.3237,1.3258,252724.66,0.0,0.0,0
15m,1774797300.0,1.3258,1.328,1.3214,1.3226,280144.04,0.0,0.0,0
15m,1774798200.0,1.3226,1.3243,1.3215,1.3235,208436.01,0.0,0.0,0
15m,1774799100.0,1.3235,1.3265,1.3235,1.3255,78308.69,0.0,0.0,0
15m,1774800000.0,1.3255,1.3263,1.3245,1.3245,54580.03,0.0,0.0,0
15m,1774800900.0,1.3245,1.3294,1.3242,1.3282,108433.58,0.0,0.0,0
15m,1774801800.0,1.3282,1.3283,1.3249,1.3251,35501.98,0.0,0.0,0
15m,1774802700.0,1.3251,1.3263,1.3242,1.325,128680.26,0.0,0.0,0
15m,1774803600.0,1.325,1.3272,1.3241,1.3243,60261.15,0.0,0.0,0
15m,1774804500.0,1.3243,1.3244,1.3192,1.3205,304455.22,0.0,0.0,0
15m,1774805400.0,1.3205,1.3245,1.3196,1.3245,147169.75,0.0,0.0,0
15m,1774806300.0,1.3245,1.3245,1.3227,1.3235,40895.29,0.0,0.0,0
15m,1774807200.0,1.3235,1.3239,1.3217,1.3239,39027.81,0.0,0.0,0
15m,1774808100.0,1.3239,1.325,1.3218,1.3222,47891.56,0.0,0.0,0
15m,1774809000.0,1.3222,1.3261,1.3222,1.3243,107037.12,0.0,0.0,0
15m,1774809900.0,1.3243,1.3247,1.3228,1.3237,110727.98,0.0,0.0,0
15m,1774810800.0,1.3237,1.3239,1.3202,1.3207,115781.0,0.0,0.0,0
15m,1774811700.0,1.3207,1.3212,1.3169,1.318,241243.13,0.0,0.0,0
15m,1774812600.0,1.318,1.3199,1.3166,1.3182,276367.27,0.0,0.0,0
15m,1774813500.0,1.3182,1.319,1.3171,1.3181,133284.92,0.0,0.0,0
15m,1774814400.0,1.3181,1.3218,1.3178,1.3199,117807.02,0.0,0.0,0
15m,1774815300.0,1.3199,1.3271,1.3197,1.3256,120482.02,0.0,0.0,0
15m,1774816200.0,1.3256,1.326,1.3228,1.3228,90676.84,0.0,0.0,0
15m,1774817100.0,1.3228,1.3242,1.3225,1.3241,70387.52,0.0,0.0,0
15m,1774818000.0,1.3241,1.3263,1.3237,1.3251,196868.19,0.0,0.0,0
15m,1774818900.0,1.3251,1.3271,1.3244,1.3267,230098.25,0.0,0.0,0
15m,1774819800.0,1.3267,1.3282,1.3261,1.3274,133213.52,0.0,0.0,0
15m,1774820700.0,1.3274,1.3286,1.3259,1.3278,154567.04,0.0,0.0,0
15m,1774821600.0,1.3278,1.3278,1.3111,1.3141,697469.84,0.0,0.0,0
15m,1774822500.0,1.3141,1.3213,1.3129,1.3202,216766.27,0.0,0.0,0
15m,1774823400.0,1.3202,1.3203,1.3066,1.3092,727719.3,0.0,0.0,0
15m,1774824300.0,1.3092,1.3234,1.2953,1.319,2102204.53,0.0,0.0,0
15m,1774825200.0,1.319,1.3269,1.3187,1.3247,600428.6,0.0,0.0,0
15m,1774826100.0,1.3247,1.3315,1.3241,1.3278,383878.03,0.0,0.0,0
15m,1774827000.0,1.3278,1.3289,1.3245,1.3286,229445.56,0.0,0.0,0
15m,1774827900.0,1.3286,1.3325,1.3255,1.3277,296430.21,0.0,0.0,0
15m,1774828800.0,1.3277,1.3293,1.3247,1.3259,153911.41,0.0,0.0,0
15m,1774829700.0,1.3259,1.3507,1.3254,1.336,1370286.01,0.0,0.0,0
15m,1774830600.0,1.336,1.3391,1.3284,1.3302,202722.97,0.0,0.0,0
15m,1774831500.0,1.3302,1.3331,1.3291,1.3314,135068.55,0.0,0.0,0
15m,1774832400.0,1.3314,1.3402,1.3313,1.3364,141374.3,0.0,0.0,0
15m,1774833300.0,1.3364,1.3399,1.3356,1.3391,152642.55,0.0,0.0,0
15m,1774834200.0,1.3391,1.3418,1.3373,1.3391,234079.09,0.0,0.0,0
15m,1774835100.0,1.3391,1.3423,1.339,1.3402,221206.28,0.0,0.0,0
15m,1774836000.0,1.3402,1.3456,1.3399,1.3446,297370.53,0.0,0.0,0
15m,1774836900.0,1.3446,1.3457,1.3413,1.3418,223480.63,0.0,0.0,0
15m,1774837800.0,1.3418,1.3468,1.3393,1.3468,258513.36,0.0,0.0,0
15m,1774838700.0,1.3468,1.3553,1.3462,1.3486,712887.29,0.0,0.0,0
15m,1774839600.0,1.3486,1.3487,1.3456,1.3464,116291.35,0.0,0.0,0
15m,1774840500.0,1.3464,1.3527,1.3459,1.3524,138061.41,0.0,0.0,0
15m,1774841400.0,1.3524,1.3534,1.3513,1.3526,341020.45,0.0,0.0,0
15m,1774842300.0,1.3526,1.3552,1.3514,1.3518,265072.08,0.0,0.0,0
15m,1774843200.0,1.3518,1.3584,1.3518,1.3577,527541.91,0.0,0.0,0
15m,1774844100.0,1.3577,1.3609,1.354,1.3548,816006.09,0.0,0.0,0
15m,1774845000.0,1.3548,1.357,1.3513,1.3516,118508.78,0.0,0.0,0
15m,1774845900.0,1.3516,1.353,1.3507,1.3509,128967.48,0.0,0.0,0
15m,1774846800.0,1.3509,1.3548,1.3497,1.3502,241714.14,0.0,0.0,0
15m,1774847700.0,1.3502,1.3553,1.3471,1.3549,831451.13,0.0,0.0,0
15m,1774848600.0,1.3549,1.3567,1.3515,1.3553,475388.09,0.0,0.0,0
15m,1774849500.0,1.3553,1.3576,1.352,1.352,688240.69,0.0,0.0,0
15m,1774850400.0,1.352,1.357,1.3519,1.3538,237040.73,0.0,0.0,0
15m,1774851300.0,1.3538,1.3547,1.3508,1.3517,203787.32,0.0,0.0,0
15m,1774852200.0,1.3517,1.3525,1.351,1.352,148890.75,0.0,0.0,0
15m,1774853100.0,1.352,1.3524,1.3504,1.3507,125329.67,0.0,0.0,0
15m,1774854000.0,1.3507,1.3564,1.3507,1.3556,264434.09,0.0,0.0,0
15m,1774854900.0,1.3556,1.3559,1.3532,1.3537,128560.97,0.0,0.0,0
15m,1774855800.0,1.3537,1.3549,1.3521,1.3521,215952.82,0.0,0.0,0
15m,1774856700.0,1.3521,1.3592,1.352,1.3582,394916.3,0.0,0.0,0
15m,1774857600.0,1.3582,1.3632,1.357,1.3623,504531.77,0.0,0.0,0
15m,1774858500.0,1.3623,1.3638,1.3616,1.3627,253394.99,0.0,0.0,0
15m,1774859400.0,1.3627,1.3669,1.3612,1.3615,306807.05,0.0,0.0,0
15m,1774860300.0,1.3615,1.3632,1.3609,1.3611,143218.16,0.0,0.0,0
15m,1774861200.0,1.3611,1.3613,1.3576,1.3577,267766.03,0.0,0.0,0
15m,1774862100.0,1.3577,1.3584,1.3549,1.3549,155741.35,0.0,0.0,0
15m,1774863000.0,1.3549,1.3551,1.3521,1.3528,262422.43,0.0,0.0,0
15m,1774863900.0,1.3528,1.3531,1.35,1.35,202333.0,0.0,0.0,0
15m,1774864800.0,1.35,1.3501,1.3485,1.3487,196153.8,0.0,0.0,0
15m,1774865700.0,1.3487,1.3496,1.3473,1.3473,238350.26,0.0,0.0,0
15m,1774866600.0,1.3473,1.3474,1.3449,1.346,597324.2,0.0,0.0,0
15m,1774867500.0,1.346,1.3488,1.3451,1.348,333661.91,0.0,0.0,0
15m,1774868400.0,1.348,1.352,1.3478,1.3508,318277.35,0.0,0.0,0
15m,1774869300.0,1.3508,1.3612,1.3499,1.3517,1433696.26,0.0,0.0,0
15m,1774870200.0,1.3517,1.3528,1.3495,1.3505,335490.26,0.0,0.0,0
15m,1774871100.0,1.3505,1.3523,1.3491,1.35,381118.0,0.0,0.0,0
15m,1774872000.0,1.35,1.3541,1.3498,1.3522,190624.85,0.0,0.0,0
15m,1774872900.0,1.3522,1.3532,1.3504,1.3505,282040.93,0.0,0.0,0
15m,1774873800.0,1.3505,1.356,1.3504,1.3537,400779.25,0.0,0.0,0
15m,1774874700.0,1.3537,1.3546,1.3515,1.3515,297961.58,0.0,0.0,0
15m,1774875600.0,1.3515,1.3533,1.3499,1.3521,275540.87,0.0,0.0,0
15m,1774876500.0,1.3521,1.3564,1.3516,1.3533,238302.0,0.0,0.0,0
15m,1774877400.0,1.3533,1.3559,1.3492,1.3507,469259.18,0.0,0.0,0
15m,1774878300.0,1.3507,1.3521,1.3441,1.3459,696479.74,0.0,0.0,0
15m,1774879200.0,1.3459,1.3494,1.3447,1.3482,588689.03,0.0,0.0,0
15m,1774880100.0,1.3482,1.3483,1.3405,1.3417,379662.81,0.0,0.0,0
15m,1774881000.0,1.3417,1.3425,1.3358,1.3362,426646.65,0.0,0.0,0
15m,1774881900.0,1.3362,1.3496,1.3353,1.3481,539243.42,0.0,0.0,0
15m,1774882800.0,1.3481,1.3489,1.341,1.341,671503.31,0.0,0.0,0
15m,1774883700.0,1.341,1.3433,1.3391,1.3422,295003.77,0.0,0.0,0
15m,1774884600.0,1.3422,1.3505,1.3411,1.3493,528385.96,0.0,0.0,0
15m,1774885500.0,1.3493,1.3495,1.3448,1.3455,193950.81,0.0,0.0,0
15m,1774886400.0,1.3455,1.3456,1.3416,1.3436,389073.09,0.0,0.0,0
15m,1774887300.0,1.3436,1.3437,1.3411,1.3413,308143.04,0.0,0.0,0
15m,1774888200.0,1.3413,1.3432,1.3406,1.341,463089.37,0.0,0.0,0
15m,1774889100.0,1.341,1.3421,1.338,1.3421,172348.37,0.0,0.0,0
15m,1774890000.0,1.3421,1.3453,1.3406,1.3418,218655.99,0.0,0.0,0
15m,1774890900.0,1.3418,1.342,1.3327,1.3349,318142.22,0.0,0.0,0
15m,1774891800.0,1.3349,1.3371,1.3333,1.3371,170796.71,0.0,0.0,0
15m,1774892700.0,1.3371,1.338,1.3333,1.3345,89949.58,0.0,0.0,0
15m,1774893600.0,1.3345,1.336,1.33,1.3316,151299.49,0.0,0.0,0
15m,1774894500.0,1.3316,1.3318,1.3275,1.3295,207779.84,0.0,0.0,0
15m,1774895400.0,1.3295,1.3315,1.3278,1.3301,150913.45,0.0,0.0,0
15m,1774896300.0,1.3301,1.3304,1.3247,1.3257,219820.9,0.0,0.0,0
15m,1774897200.0,1.3257,1.3264,1.3211,1.323,318452.96,0.0,0.0,0
15m,1774898100.0,1.323,1.3237,1.3195,1.321,149887.98,0.0,0.0,0
15m,1774899000.0,1.321,1.3218,1.3169,1.3179,294864.6,0.0,0.0,0
15m,1774899900.0,1.3179,1.3236,1.3169,1.3234,250126.49,0.0,0.0,0
15m,1774900800.0,1.3234,1.3246,1.3216,1.3243,152542.33,0.0,0.0,0
15m,1774901700.0,1.3243,1.325,1.3226,1.3245,111657.34,0.0,0.0,0
15m,1774902600.0,1.3245,1.3251,1.3228,1.3249,46321.68,0.0,0.0,0
15m,1774903500.0,1.3249,1.3279,1.3241,1.3276,88500.78,0.0,0.0,0
15m,1774904400.0,1.3276,1.3312,1.325,1.3307,252142.94,0.0,0.0,0
15m,1774905300.0,1.3307,1.3342,1.3288,1.3314,210481.83,0.0,0.0,0
15m,1774906200.0,1.3314,1.3345,1.3314,1.3331,111517.33,0.0,0.0,0
15m,1774907100.0,1.3331,1.3334,1.3308,1.3308,51396.95,0.0,0.0,0
15m,1774908000.0,1.3308,1.3333,1.3274,1.3293,78365.16,0.0,0.0,0
15m,1774908900.0,1.3293,1.3326,1.3285,1.3312,25410.15,0.0,0.0,0
15m,1774909800.0,1.3312,1.3313,1.3293,1.33,54431.17,0.0,0.0,0
15m,1774910700.0,1.33,1.3305,1.3279,1.3291,78660.18,0.0,0.0,0
15m,1774911600.0,1.3291,1.3291,1.3201,1.3219,434060.26,0.0,0.0,0
15m,1774912500.0,1.3219,1.3245,1.3214,1.3244,97954.97,0.0,0.0,0
15m,1774913400.0,1.3244,1.3253,1.3234,1.3247,96934.78,0.0,0.0,0
15m,1774914300.0,1.3247,1.3248,1.3229,1.3239,77147.58,0.0,0.0,0
15m,1774915200.0,1.3239,1.3248,1.3203,1.3217,109787.61,0.0,0.0,0
15m,1774916100.0,1.3217,1.3248,1.3194,1.3246,289117.29,0.0,0.0,0
15m,1774917000.0,1.3246,1.3246,1.3213,1.324,105457.17,0.0,0.0,0
15m,1774917900.0,1.324,1.3293,1.322,1.326,306940.98,0.0,0.0,0
15m,1774918800.0,1.326,1.3279,1.3237,1.3272,92285.39,0.0,0.0,0
15m,1774919700.0,1.3272,1.3386,1.3272,1.3362,284367.8,0.0,0.0,0
15m,1774920600.0,1.3362,1.3481,1.3359,1.3382,701855.15,0.0,0.0,0
15m,1774921500.0,1.3382,1.3401,1.3364,1.3394,125215.46,0.0,0.0,0
15m,1774922400.0,1.3394,1.3398,1.3358,1.3372,126583.8,0.0,0.0,0
15m,1774923300.0,1.3372,1.3409,1.3371,1.3391,285276.57,0.0,0.0,0
15m,1774924200.0,1.3391,1.3395,1.3359,1.3376,228197.1,0.0,0.0,0
15m,1774925100.0,1.3376,1.3389,1.3357,1.3369,458089.49,0.0,0.0,0
15m,1774926000.0,1.3369,1.3369,1.3334,1.3342,183729.97,0.0,0.0,0
15m,1774926900.0,1.3342,1.335,1.3293,1.3295,181105.96,0.0,0.0,0
15m,1774927800.0,1.3295,1.3306,1.3261,1.3265,172958.79,0.0,0.0,0
15m,1774928700.0,1.3265,1.3278,1.3257,1.326,198172.32,0.0,0.0,0
15m,1774929600.0,1.326,1.3269,1.3217,1.3227,232140.35,0.0,0.0,0
15m,1774930500.0,1.3227,1.3289,1.3206,1.3217,795476.56,0.0,0.0,0
15m,1774931400.0,1.3217,1.3258,1.3211,1.3255,226518.07,0.0,0.0,0
15m,1774932300.0,1.3255,1.3275,1.3241,1.3242,132423.58,0.0,0.0,0
15m,1774933200.0,1.3242,1.3246,1.3202,1.3209,395844.17,0.0,0.0,0
15m,1774934100.0,1.3209,1.3285,1.3203,1.3278,483081.2,0.0,0.0,0
15m,1774935000.0,1.3278,1.3298,1.3215,1.3225,1004268.44,0.0,0.0,0
15m,1774935900.0,1.3225,1.325,1.3223,1.3225,147940.68,0.0,0.0,0
15m,1774936800.0,1.3225,1.3228,1.3149,1.3208,1184042.99,0.0,0.0,0
15m,1774937700.0,1.3208,1.325,1.3201,1.3248,169223.28,0.0,0.0,0
15m,1774938600.0,1.3248,1.3287,1.3215,1.322,998535.07,0.0,0.0,0
15m,1774939500.0,1.322,1.3255,1.322,1.3239,108663.54,0.0,0.0,0
15m,1774940400.0,1.3239,1.3256,1.3199,1.3207,211841.36,0.0,0.0,0
15m,1774941300.0,1.3207,1.321,1.3157,1.316,587017.01,0.0,0.0,0
15m,1774942200.0,1.316,1.322,1.3143,1.3218,976256.88,0.0,0.0,0
15m,1774943100.0,1.3218,1.3243,1.3182,1.3195,771723.05,0.0,0.0,0
15m,1774944000.0,1.3195,1.3224,1.3166,1.3196,186355.84,0.0,0.0,0
15m,1774944900.0,1.3196,1.3236,1.3192,1.3221,201868.86,0.0,0.0,0
15m,1774945800.0,1.3221,1.3221,1.313,1.3137,569167.04,0.0,0.0,0
15m,1774946700.0,1.3137,1.3154,1.31,1.3138,528404.89,0.0,0.0,0
15m,1774947600.0,1.3138,1.3167,1.3125,1.314,392369.05,0.0,0.0,0
15m,1774948500.0,1.314,1.3142,1.3089,1.3106,688803.81,0.0,0.0,0
15m,1774949400.0,1.3106,1.3115,1.3082,1.3103,649082.92,0.0,0.0,0
15m,1774950300.0,1.3103,1.314,1.3041,1.3072,1119119.35,0.0,0.0,0
15m,1774951200.0,1.3072,1.3128,1.3069,1.3113,507468.59,0.0,0.0,0
15m,1774952100.0,1.3113,1.3128,1.3108,1.3119,268324.26,0.0,0.0,0
15m,1774953000.0,1.3119,1.3125,1.309,1.312,701627.53,0.0,0.0,0
15m,1774953900.0,1.312,1.3136,1.3107,1.3107,373697.02,0.0,0.0,0
15m,1774954800.0,1.3107,1.3153,1.3073,1.3127,1066245.49,0.0,0.0,0
15m,1774955700.0,1.3127,1.3163,1.3115,1.3154,633147.61,0.0,0.0,0
15m,1774956600.0,1.3154,1.3178,1.3141,1.3171,529282.91,0.0,0.0,0
15m,1774957500.0,1.3171,1.3171,1.313,1.3148,236759.04,0.0,0.0,0
15m,1774958400.0,1.3148,1.3199,1.3148,1.3153,257580.27,0.0,0.0,0
15m,1774959300.0,1.3153,1.3202,1.3137,1.3201,453697.9,0.0,0.0,0
15m,1774960200.0,1.3201,1.3213,1.3173,1.318,376181.37,0.0,0.0,0
15m,1774961100.0,1.318,1.3182,1.3138,1.3152,411830.02,0.0,0.0,0
15m,1774962000.0,1.3152,1.3204,1.3147,1.3193,365922.25,0.0,0.0,0
15m,1774962900.0,1.3193,1.3212,1.3182,1.3209,305404.24,0.0,0.0,0
15m,1774963800.0,1.3209,1.3238,1.3197,1.32,630992.73,0.0,0.0,0
15m,1774964700.0,1.32,1.3281,1.32,1.3261,667657.59,0.0,0.0,0
15m,1774965600.0,1.3261,1.3316,1.3253,1.3285,869045.47,0.0,0.0,0
15m,1774966500.0,1.3285,1.3385,1.3281,1.3353,658576.69,0.0,0.0,0
15m,1774967400.0,1.3353,1.3362,1.3235,1.3246,547143.71,0.0,0.0,0
15m,1774968300.0,1.3246,1.3252,1.3112,1.3147,927206.19,0.0,0.0,0
15m,1774969200.0,1.3147,1.3285,1.3139,1.3268,580488.43,0.0,0.0,0
15m,1774970100.0,1.3268,1.3275,1.3218,1.3232,508808.52,0.0,0.0,0
15m,1774971000.0,1.3232,1.3246,1.3194,1.32,383759.55,0.0,0.0,0
15m,1774971900.0,1.32,1.3215,1.3144,1.3149,383325.31,0.0,0.0,0
15m,1774972800.0,1.3149,1.3194,1.3143,1.3177,433897.57,0.0,0.0,0
15m,1774973700.0,1.3177,1.3211,1.3167,1.3185,324442.1,0.0,0.0,0
15m,1774974600.0,1.3185,1.3373,1.3147,1.3312,1322723.74,0.0,0.0,0
15m,1774975500.0,1.3312,1.3333,1.3264,1.3304,904573.79,0.0,0.0,0
15m,1774976400.0,1.3304,1.344,1.3301,1.3434,856803.91,0.0,0.0,0
15m,1774977300.0,1.3434,1.3459,1.3384,1.339,755427.27,0.0,0.0,0
15m,1774978200.0,1.339,1.3419,1.3298,1.3323,610187.3,0.0,0.0,0
15m,1774979100.0,1.3323,1.3323,1.3281,1.331,323655.26,0.0,0.0,0
15m,1774980000.0,1.331,1.3372,1.331,1.3362,117157.72,0.0,0.0,0
15m,1774980900.0,1.3362,1.3419,1.3351,1.339,220010.03,0.0,0.0,0
15m,1774981800.0,1.339,1.3427,1.3383,1.3404,187001.79,0.0,0.0,0
15m,1774982700.0,1.3404,1.3412,1.3378,1.3405,79990.68,0.0,0.0,0
15m,1774983600.0,1.3405,1.3435,1.3405,1.3428,157421.15,0.0,0.0,0
15m,1774984500.0,1.3428,1.3444,1.342,1.3421,259363.11,0.0,0.0,0
15m,1774985400.0,1.3421,1.3448,1.3417,1.3437,186653.02,0.0,0.0,0
15m,1774986300.0,1.3437,1.3464,1.3406,1.3449,402304.37,0.0,0.0,0
15m,1774987200.0,1.3449,1.3502,1.3443,1.3496,421145.24,0.0,0.0,0
15m,1774988100.0,1.3496,1.35,1.3439,1.345,145446.1,0.0,0.0,0
15m,1774989000.0,1.345,1.3453,1.342,1.3429,134313.03,0.0,0.0,0
15m,1774989900.0,1.3429,1.3461,1.3423,1.3447,93590.04,0.0,0.0,0
15m,1774990800.0,1.3447,1.3451,1.3381,1.3397,179371.26,0.0,0.0,0
15m,1774991700.0,1.3397,1.3402,1.3379,1.3393,97018.55,0.0,0.0,0
15m,1774992600.0,1.3393,1.3421,1.3393,1.3405,86489.84,0.0,0.0,0
15m,1774993500.0,1.3405,1.3444,1.34,1.3409,87411.02,0.0,0.0,0
15m,1774994400.0,1.3409,1.3418,1.3353,1.3378,290768.46,0.0,0.0,0
15m,1774995300.0,1.3378,1.3396,1.3361,1.3365,83679.13,0.0,0.0,0
15m,1774996200.0,1.3365,1.3389,1.3326,1.3379,158156.95,0.0,0.0,0
15m,1774997100.0,1.3379,1.3379,1.3351,1.3362,63714.4,0.0,0.0,0
15m,1774998000.0,1.3362,1.3382,1.3346,1.3372,103915.77,0.0,0.0,0
15m,1774998900.0,1.3372,1.34,1.3363,1.3396,77074.39,0.0,0.0,0
15m,1774999800.0,1.3396,1.341,1.3391,1.3402,98624.67,0.0,0.0,0
15m,1775000700.0,1.3402,1.3422,1.3393,1.341,71292.55,0.0,0.0,0
15m,1775001600.0,1.341,1.341,1.3382,1.3404,131532.76,0.0,0.0,0
15m,1775002500.0,1.3404,1.3422,1.3388,1.3416,381429.78,0.0,0.0,0
15m,1775003400.0,1.3416,1.342,1.339,1.3407,298095.02,0.0,0.0,0
15m,1775004300.0,1.3407,1.3456,1.3381,1.3451,409388.56,0.0,0.0,0
15m,1775005200.0,1.3451,1.3458,1.3422,1.3431,330349.78,0.0,0.0,0
15m,1775006100.0,1.3431,1.3431,1.3374,1.3374,396858.96,0.0,0.0,0
15m,1775007000.0,1.3374,1.3389,1.3341,1.3369,393173.45,0.0,0.0,0
15m,1775007900.0,1.3369,1.3372,1.3347,1.3349,230831.79,0.0,0.0,0
15m,1775008800.0,1.3349,1.3377,1.3345,1.3366,236176.16,0.0,0.0,0
15m,1775009700.0,1.3366,1.3376,1.3312,1.332,615138.37,0.0,0.0,0
15m,1775010600.0,1.332,1.3339,1.3317,1.3335,552440.97,0.0,0.0,0
15m,1775011500.0,1.3335,1.3356,1.3331,1.3343,296694.38,0.0,0.0,0
15m,1775012400.0,1.3343,1.3446,1.3343,1.3421,144512.86,0.0,0.0,0
15m,1775013300.0,1.3421,1.3433,1.3398,1.3412,103582.65,0.0,0.0,0
15m,1775014200.0,1.3412,1.346,1.3411,1.3455,295773.47,0.0,0.0,0
15m,1775015100.0,1.3455,1.3517,1.3455,1.3482,1142217.21,0.0,0.0,0
15m,1775016000.0,1.3482,1.3492,1.3438,1.3445,224478.75,0.0,0.0,0
15m,1775016900.0,1.3445,1.3445,1.3418,1.3418,184733.54,0.0,0.0,0
15m,1775017800.0,1.3418,1.3433,1.3405,1.3411,261099.63,0.0,0.0,0
15m,1775018700.0,1.3411,1.343,1.3387,1.3392,351734.11,0.0,0.0,0
15m,1775019600.0,1.3392,1.3443,1.3361,1.3435,557988.43,0.0,0.0,0
15m,1775020500.0,1.3435,1.3494,1.3432,1.3464,327161.17,0.0,0.0,0
15m,1775021400.0,1.3464,1.347,1.342,1.342,150351.75,0.0,0.0,0
15m,1775022300.0,1.342,1.3491,1.3416,1.3467,798284.77,0.0,0.0,0
15m,1775023200.0,1.3467,1.3556,1.3466,1.3548,515477.19,0.0,0.0,0
15m,1775024100.0,1.3548,1.3567,1.3537,1.3563,329496.69,0.0,0.0,0
15m,1775025000.0,1.3563,1.3633,1.356,1.3623,976979.05,0.0,0.0,0
15m,1775025900.0,1.3623,1.3637,1.3594,1.3626,347401.85,0.0,0.0,0
15m,1775026800.0,1.3626,1.3673,1.3626,1.365,472501.77,0.0,0.0,0
15m,1775027700.0,1.365,1.3657,1.3596,1.3596,183605.87,0.0,0.0,0
15m,1775028600.0,1.3596,1.3636,1.3595,1.3604,242884.85,0.0,0.0,0
15m,1775029500.0,1.3604,1.3609,1.3562,1.3566,370218.02,0.0,0.0,0
15m,1775030400.0,1.3566,1.3583,1.3524,1.3538,370096.45,0.0,0.0,0
15m,1775031300.0,1.3538,1.3569,1.3526,1.3559,242284.46,0.0,0.0,0
15m,1775032200.0,1.3559,1.3588,1.3556,1.3579,122586.82,0.0,0.0,0
15m,1775033100.0,1.3579,1.3581,1.3523,1.3529,321072.6,0.0,0.0,0
15m,1775034000.0,1.3529,1.3541,1.3498,1.3513,187069.6,0.0,0.0,0
15m,1775034900.0,1.3513,1.3518,1.3499,1.3515,185785.81,0.0,0.0,0
15m,1775035800.0,1.3515,1.3538,1.3492,1.3495,234313.17,0.0,0.0,0
15m,1775036700.0,1.3495,1.3526,1.3494,1.3514,662445.52,0.0,0.0,0
15m,1775037600.0,1.3514,1.353,1.3501,1.3501,729074.5,0.0,0.0,0
15m,1775038500.0,1.3501,1.352,1.349,1.3498,620471.67,0.0,0.0,0
15m,1775039400.0,1.3498,1.3541,1.349,1.3533,323800.75,0.0,0.0,0
15m,1775040300.0,1.3533,1.3553,1.3498,1.3527,515922.2,0.0,0.0,0
15m,1775041200.0,1.3527,1.3548,1.3524,1.3544,455695.49,0.0,0.0,0
15m,1775042100.0,1.3544,1.3548,1.3505,1.3516,552618.21,0.0,0.0,0
15m,1775043000.0,1.3516,1.3534,1.3516,1.3526,650752.74,0.0,0.0,0
15m,1775043900.0,1.3526,1.3555,1.3523,1.3542,287969.83,0.0,0.0,0
15m,1775044800.0,1.3542,1.3544,1.351,1.3517,527617.39,0.0,0.0,0
15m,1775045700.0,1.3517,1.3551,1.3516,1.353,304036.27,0.0,0.0,0
15m,1775046600.0,1.353,1.3606,1.3492,1.3586,701975.52,0.0,0.0,0
15m,1775047500.0,1.3586,1.3606,1.353,1.3538,880373.32,0.0,0.0,0
15m,1775048400.0,1.3538,1.3569,1.35,1.355,255303.26,0.0,0.0,0
15m,1775049300.0,1.355,1.3574,1.3547,1.3554,231586.35,0.0,0.0,0
15m,1775050200.0,1.3554,1.3562,1.3448,1.3485,865812.48,0.0,0.0,0
15m,1775051100.0,1.3485,1.3511,1.3457,1.3465,518109.73,0.0,0.0,0
15m,1775052000.0,1.3465,1.3524,1.3458,1.3524,343544.46,0.0,0.0,0
15m,1775052900.0,1.3524,1.3558,1.3512,1.3549,311475.57,0.0,0.0,0
15m,1775053800.0,1.3549,1.3561,1.3488,1.353,268181.52,0.0,0.0,0
15m,1775054700.0,1.353,1.358,1.3522,1.3559,442765.79,0.0,0.0,0
15m,1775055600.0,1.3559,1.3564,1.351,1.3518,403762.89,0.0,0.0,0
15m,1775056500.0,1.3518,1.3573,1.3503,1.3541,465567.96,0.0,0.0,0
15m,1775057400.0,1.3541,1.3567,1.353,1.3549,442701.11,0.0,0.0,0
15m,1775058300.0,1.3549,1.3575,1.3549,1.3574,87240.15,0.0,0.0,0
15m,1775059200.0,1.3574,1.3575,1.3517,1.3524,180025.32,0.0,0.0,0
15m,1775060100.0,1.3524,1.3571,1.3519,1.3551,574781.34,0.0,0.0,0
15m,1775061000.0,1.3551,1.3625,1.3546,1.3606,1255109.45,0.0,0.0,0
15m,1775061900.0,1.3606,1.3612,1.3583,1.3585,719081.7,0.0,0.0,0
15m,1775062800.0,1.3585,1.3683,1.3585,1.3624,624639.3,0.0,0.0,0
15m,1775063700.0,1.3624,1.364,1.3551,1.3553,240390.96,0.0,0.0,0
15m,1775064600.0,1.3553,1.3558,1.3518,1.3542,150630.77,0.0,0.0,0
15m,1775065500.0,1.3542,1.3549,1.3509,1.3518,167926.91,0.0,0.0,0
15m,1775066400.0,1.3518,1.3525,1.3468,1.35,261353.4,0.0,0.0,0
15m,1775067300.0,1.35,1.3509,1.3479,1.3485,142181.53,0.0,0.0,0
15m,1775068200.0,1.3485,1.352,1.3471,1.3502,115568.04,0.0,0.0,0
15m,1775069100.0,1.3502,1.3503,1.3463,1.3475,80462.95,0.0,0.0,0
15m,1775070000.0,1.3475,1.3507,1.3475,1.3487,77932.78,0.0,0.0,0
15m,1775070900.0,1.3487,1.3533,1.3478,1.3528,150299.08,0.0,0.0,0
15m,1775071800.0,1.3528,1.3539,1.3493,1.3493,112983.39,0.0,0.0,0
15m,1775072700.0,1.3493,1.3516,1.3488,1.3503,151736.0,0.0,0.0,0
15m,1775073600.0,1.3503,1.3522,1.3466,1.3475,222900.21,0.0,0.0,0
15m,1775074500.0,1.3475,1.3481,1.3452,1.3457,81302.53,0.0,0.0,0
15m,1775075400.0,1.3457,1.3471,1.3423,1.347,472077.55,0.0,0.0,0
15m,1775076300.0,1.347,1.3495,1.3468,1.3482,89310.51,0.0,0.0,0
15m,1775077200.0,1.3482,1.3533,1.3482,1.3528,154787.05,0.0,0.0,0
15m,1775078100.0,1.3528,1.356,1.3523,1.3541,161685.79,0.0,0.0,0
15m,1775079000.0,1.3541,1.3554,1.3526,1.3533,192237.99,0.0,0.0,0
15m,1775079900.0,1.3533,1.3568,1.3508,1.355,295844.86,0.0,0.0,0
15m,1775080800.0,1.355,1.3556,1.3506,1.3519,105998.21,0.0,0.0,0
15m,1775081700.0,1.3519,1.352,1.3477,1.3491,112366.89,0.0,0.0,0
15m,1775082600.0,1.3491,1.3508,1.3477,1.3495,101949.86,0.0,0.0,0
15m,1775083500.0,1.3495,1.3501,1.347,1.3488,52307.05,0.0,0.0,0
15m,1775084400.0,1.3488,1.3515,1.3484,1.3504,80750.52,0.0,0.0,0
15m,1775085300.0,1.3504,1.3507,1.3493,1.3496,55650.77,0.0,0.0,0
15m,1775086200.0,1.3496,1.3496,1.3469,1.348,106295.29,0.0,0.0,0
15m,1775087100.0,1.348,1.3489,1.3467,1.3476,73803.69,0.0,0.0,0
15m,1775088000.0,1.3476,1.3496,1.3469,1.3487,113561.4,0.0,0.0,0
15m,1775088900.0,1.3487,1.3504,1.3475,1.3487,111547.47,0.0,0.0,0
15m,1775089800.0,1.3487,1.3548,1.3484,1.3547,234796.54,0.0,0.0,0
15m,1775090700.0,1.3547,1.3568,1.353,1.3568,156261.7,0.0,0.0,0
15m,1775091600.0,1.3568,1.3569,1.3384,1.3481,950305.36,0.0,0.0,0
15m,1775092500.0,1.3481,1.3481,1.3286,1.3314,1447792.81,0.0,0.0,0
15m,1775093400.0,1.3314,1.3314,1.323,1.3236,850117.94,0.0,0.0,0
15m,1775094300.0,1.3236,1.3291,1.3223,1.3283,324913.36,0.0,0.0,0
15m,1775095200.0,1.3283,1.3299,1.3213,1.3213,355330.86,0.0,0.0,0
15m,1775096100.0,1.3213,1.3232,1.3171,1.3204,554655.94,0.0,0.0,0
15m,1775097000.0,1.3204,1.325,1.3178,1.3184,500933.08,0.0,0.0,0
15m,1775097900.0,1.3184,1.3227,1.3172,1.3181,1025854.96,0.0,0.0,0
15m,1775098800.0,1.3181,1.3181,1.3136,1.3137,797977.78,0.0,0.0,0
15m,1775099700.0,1.3137,1.3154,1.3104,1.3143,562650.44,0.0,0.0,0
15m,1775100600.0,1.3143,1.3162,1.3066,1.3097,1523373.64,0.0,0.0,0
15m,1775101500.0,1.3097,1.3131,1.3071,1.3128,279556.02,0.0,0.0,0
15m,1775102400.0,1.3128,1.3155,1.3119,1.3147,167054.56,0.0,0.0,0
15m,1775103300.0,1.3147,1.321,1.3118,1.3125,1586474.43,0.0,0.0,0
15m,1775104200.0,1.3125,1.313,1.308,1.3087,386626.56,0.0,0.0,0
15m,1775105100.0,1.3087,1.3104,1.3046,1.3082,1626226.01,0.0,0.0,0
15m,1775106000.0,1.3082,1.3107,1.3071,1.3092,614145.69,0.0,0.0,0
15m,1775106900.0,1.3092,1.312,1.3081,1.3117,333331.27,0.0,0.0,0
15m,1775107800.0,1.3117,1.3154,1.3117,1.3141,278125.09,0.0,0.0,0
15m,1775108700.0,1.3141,1.3159,1.3128,1.3152,158798.69,0.0,0.0,0
15m,1775109600.0,1.3152,1.316,1.3123,1.3133,170986.09,0.0,0.0,0
15m,1775110500.0,1.3133,1.3187,1.3132,1.3169,253570.28,0.0,0.0,0
15m,1775111400.0,1.3169,1.3171,1.3142,1.315,157174.2,0.0,0.0,0
15m,1775112300.0,1.315,1.3165,1.315,1.3157,155808.6,0.0,0.0,0
15m,1775113200.0,1.3157,1.3161,1.3129,1.3137,219289.27,0.0,0.0,0
15m,1775114100.0,1.3137,1.3167,1.3135,1.3156,104116.57,0.0,0.0,0
15m,1775115000.0,1.3156,1.3182,1.3156,1.3173,116518.51,0.0,0.0,0
15m,1775115900.0,1.3173,1.318,1.3165,1.3174,94555.88,0.0,0.0,0
15m,1775116800.0,1.3174,1.3175,1.3155,1.3156,239457.91,0.0,0.0,0
15m,1775117700.0,1.3156,1.3157,1.3119,1.3128,106196.47,0.0,0.0,0
15m,1775118600.0,1.3128,1.3143,1.3112,1.3125,159544.52,0.0,0.0,0
15m,1775119500.0,1.3125,1.3143,1.3117,1.3118,157579.13,0.0,0.0,0
15m,1775120400.0,1.3118,1.3124,1.3077,1.3104,331349.22,0.0,0.0,0
15m,1775121300.0,1.3104,1.312,1.3094,1.3115,221266.97,0.0,0.0,0
15m,1775122200.0,1.3115,1.3124,1.3101,1.312,93388.53,0.0,0.0,0
15m,1775123100.0,1.312,1.313,1.3107,1.3119,153946.65,0.0,0.0,0
15m,1775124000.0,1.3119,1.3121,1.3076,1.3086,192082.23,0.0,0.0,0
15m,1775124900.0,1.3086,1.3107,1.3076,1.3105,74400.67,0.0,0.0,0
15m,1775125800.0,1.3105,1.3117,1.3085,1.3097,141327.24,0.0,0.0,0
15m,1775126700.0,1.3097,1.3097,1.3083,1.3084,210003.02,0.0,0.0,0
15m,1775127600.0,1.3084,1.3092,1.3035,1.3037,566420.34,0.0,0.0,0
15m,1775128500.0,1.3037,1.3046,1.3004,1.3029,436496.32,0.0,0.0,0
15m,1775129400.0,1.3029,1.3036,1.3002,1.3019,250036.08,0.0,0.0,0
15m,1775130300.0,1.3019,1.3021,1.2989,1.3001,488525.32,0.0,0.0,0
15m,1775131200.0,1.3001,1.3006,1.2964,1.2966,409665.54,0.0,0.0,0
15m,1775132100.0,1.2966,1.2976,1.2935,1.2955,394902.08,0.0,0.0,0
15m,1775133000.0,1.2955,1.2964,1.2937,1.2953,257087.25,0.0,0.0,0
15m,1775133900.0,1.2953,1.2959,1.2902,1.2907,801195.61,0.0,0.0,0
15m,1775134800.0,1.2907,1.2936,1.2876,1.2884,910918.86,0.0,0.0,0
15m,1775135700.0,1.2884,1.2891,1.2853,1.2879,623845.46,0.0,0.0,0
15m,1775136600.0,1.2879,1.2895,1.2804,1.2818,1084242.54,0.0,0.0,0
15m,1775137500.0,1.2818,1.2902,1.2812,1.289,567475.29,0.0,0.0,0
15m,1775138400.0,1.289,1.2919,1.2846,1.2849,1161574.8,0.0,0.0,0
15m,1775139300.0,1.2849,1.2901,1.2825,1.287,758555.32,0.0,0.0,0
15m,1775140200.0,1.287,1.3033,1.2867,1.3031,1612999.0,0.0,0.0,0
15m,1775141100.0,1.3031,1.3037,1.2959,1.3002,558006.69,0.0,0.0,0
15m,1775142000.0,1.3002,1.3002,1.2959,1.2969,573122.75,0.0,0.0,0
15m,1775142900.0,1.2969,1.297,1.291,1.2934,576092.45,0.0,0.0,0
15m,1775143800.0,1.2934,1.3021,1.2919,1.3019,499616.81,0.0,0.0,0
15m,1775144700.0,1.3019,1.3021,1.2972,1.2999,336541.61,0.0,0.0,0
15m,1775145600.0,1.2999,1.3002,1.2953,1.2961,331098.65,0.0,0.0,0
15m,1775146500.0,1.2961,1.3011,1.295,1.3002,253043.18,0.0,0.0,0
15m,1775147400.0,1.3002,1.309,1.2995,1.3062,482768.88,0.0,0.0,0
15m,1775148300.0,1.3062,1.308,1.3042,1.3043,299056.13,0.0,0.0,0
15m,1775149200.0,1.3043,1.308,1.301,1.3068,321368.98,0.0,0.0,0
15m,1775150100.0,1.3068,1.3113,1.3066,1.3078,329585.62,0.0,0.0,0
15m,1775151000.0,1.3078,1.3079,1.3025,1.3047,174114.19,0.0,0.0,0
15m,1775151900.0,1.3047,1.3047,1.2981,1.2988,235083.27,0.0,0.0,0
15m,1775152800.0,1.2988,1.3016,1.2977,1.3003,218091.93,0.0,0.0,0
15m,1775153700.0,1.3003,1.3015,1.2977,1.2982,161128.36,0.0,0.0,0
15m,1775154600.0,1.2982,1.3028,1.2981,1.3022,66230.4,0.0,0.0,0
15m,1775155500.0,1.3022,1.3089,1.302,1.3068,161454.24,0.0,0.0,0
15m,1775156400.0,1.3068,1.3078,1.3055,1.3057,90548.29,0.0,0.0,0
15m,1775157300.0,1.3057,1.3069,1.3036,1.3059,124528.93,0.0,0.0,0
15m,1775158200.0,1.3059,1.306,1.3014,1.3048,59227.47,0.0,0.0,0
15m,1775159100.0,1.3048,1.3098,1.3043,1.3077,225523.38,0.0,0.0,0
15m,1775160000.0,1.3077,1.3103,1.3048,1.3092,149641.32,0.0,0.0,0
15m,1775160900.0,1.3092,1.3168,1.3086,1.3163,197486.34,0.0,0.0,0
15m,1775161800.0,1.3163,1.3225,1.3144,1.3187,360747.25,0.0,0.0,0
15m,1775162700.0,1.3187,1.3195,1.317,1.318,115734.74,0.0,0.0,0
15m,1775163600.0,1.318,1.3194,1.3125,1.3136,174976.25,0.0,0.0,0
15m,1775164500.0,1.3136,1.3165,1.3136,1.3145,61976.78,0.0,0.0,0
15m,1775165400.0,1.3145,1.3173,1.3133,1.3142,96901.5,0.0,0.0,0
15m,1775166300.0,1.3142,1.3159,1.3138,1.3156,21669.87,0.0,0.0,0
15m,1775167200.0,1.3156,1.3187,1.3147,1.3154,131810.22,0.0,0.0,0
15m,1775168100.0,1.3154,1.3173,1.3123,1.3145,77516.76,0.0,0.0,0
15m,1775169000.0,1.3145,1.3167,1.3145,1.3158,109366.9,0.0,0.0,0
15m,1775169900.0,1.3158,1.3184,1.3147,1.3177,127861.12,0.0,0.0,0
15m,1775170800.0,1.3177,1.3193,1.3161,1.3167,163362.21,0.0,0.0,0
15m,1775171700.0,1.3167,1.3193,1.3162,1.3166,63748.93,0.0,0.0,0
15m,1775172600.0,1.3166,1.321,1.3155,1.3197,131725.42,0.0,0.0,0
15m,1775173500.0,1.3197,1.3198,1.3159,1.3198,75944.56,0.0,0.0,0
15m,1775174400.0,1.3198,1.3222,1.3195,1.3218,91519.34,0.0,0.0,0
15m,1775175300.0,1.3218,1.3218,1.3171,1.3178,125974.37,0.0,0.0,0
15m,1775176200.0,1.3178,1.3239,1.3164,1.3173,655672.26,0.0,0.0,0
15m,1775177100.0,1.3173,1.3173,1.3144,1.3156,92762.95,0.0,0.0,0
15m,1775178000.0,1.3156,1.3206,1.3144,1.3186,776981.84,0.0,0.0,0
15m,1775178900.0,1.3186,1.3206,1.318,1.32,149549.48,0.0,0.0,0
15m,1775179800.0,1.32,1.3204,1.3127,1.3148,142083.98,0.0,0.0,0
15m,1775180700.0,1.3148,1.3148,1.3128,1.3135,109441.24,0.0,0.0,0
15m,1775181600.0,1.3135,1.3143,1.3097,1.3117,220240.33,0.0,0.0,0
15m,1775182500.0,1.3117,1.3171,1.3073,1.3077,747398.21,0.0,0.0,0
15m,1775183400.0,1.3077,1.3081,1.3035,1.3035,211252.66,0.0,0.0,0
15m,1775184300.0,1.3035,1.3086,1.3032,1.308,189226.1,0.0,0.0,0
15m,1775185200.0,1.308,1.3127,1.3071,1.3118,547405.93,0.0,0.0,0
15m,1775186100.0,1.3118,1.3185,1.3116,1.3173,134331.79,0.0,0.0,0
15m,1775187000.0,1.3173,1.3208,1.317,1.3206,250539.18,0.0,0.0,0
15m,1775187900.0,1.3206,1.322,1.3191,1.3217,180945.21,0.0,0.0,0
15m,1775188800.0,1.3217,1.3239,1.3169,1.3176,808049.7,0.0,0.0,0
15m,1775189700.0,1.3176,1.3193,1.3151,1.3154,109645.1,0.0,0.0,0
15m,1775190600.0,1.3154,1.3177,1.3144,1.3176,67531.35,0.0,0.0,0
15m,1775191500.0,1.3176,1.3223,1.3176,1.3199,251334.78,0.0,0.0,0
15m,1775192400.0,1.3199,1.3218,1.3192,1.3202,296901.47,0.0,0.0,0
15m,1775193300.0,1.3202,1.3204,1.316,1.3204,111866.66,0.0,0.0,0
15m,1775194200.0,1.3204,1.3258,1.3204,1.3222,203227.99,0.0,0.0,0
15m,1775195100.0,1.3222,1.3229,1.3183,1.3184,86922.81,0.0,0.0,0
15m,1775196000.0,1.3184,1.3199,1.318,1.3189,46488.51,0.0,0.0,0
15m,1775196900.0,1.3189,1.3189,1.3161,1.3163,91240.15,0.0,0.0,0
15m,1775197800.0,1.3163,1.3206,1.3154,1.3197,150982.65,0.0,0.0,0
15m,1775198700.0,1.3197,1.3208,1.3182,1.3196,75931.68,0.0,0.0,0
15m,1775199600.0,1.3196,1.3207,1.3185,1.3187,121917.1,0.0,0.0,0
15m,1775200500.0,1.3187,1.3191,1.3169,1.317,99092.27,0.0,0.0,0
15m,1775201400.0,1.317,1.3241,1.317,1.3204,347960.85,0.0,0.0,0
15m,1775202300.0,1.3204,1.3208,1.3178,1.3187,57099.55,0.0,0.0,0
15m,1775203200.0,1.3187,1.3217,1.3184,1.3205,115696.18,0.0,0.0,0
15m,1775204100.0,1.3205,1.3211,1.3179,1.318,64132.88,0.0,0.0,0
15m,1775205000.0,1.318,1.3207,1.3173,1.3182,122014.78,0.0,0.0,0
15m,1775205900.0,1.3182,1.3201,1.3168,1.3178,76567.46,0.0,0.0,0
15m,1775206800.0,1.3178,1.3178,1.3139,1.3149,96372.34,0.0,0.0,0
15m,1775207700.0,1.3149,1.3152,1.3116,1.3123,103163.78,0.0,0.0,0
15m,1775208600.0,1.3123,1.3142,1.3117,1.3135,59043.3,0.0,0.0,0
15m,1775209500.0,1.3135,1.3137,1.3111,1.3117,66819.37,0.0,0.0,0
15m,1775210400.0,1.3117,1.3133,1.3109,1.3113,73404.2,0.0,0.0,0
15m,1775211300.0,1.3113,1.3146,1.3096,1.3133,487983.09,0.0,0.0,0
15m,1775212200.0,1.3133,1.3164,1.3124,1.3162,48635.16,0.0,0.0,0
15m,1775213100.0,1.3162,1.3176,1.3122,1.3159,622586.49,0.0,0.0,0
15m,1775214000.0,1.3159,1.3176,1.315,1.3155,68690.36,0.0,0.0,0
15m,1775214900.0,1.3155,1.3174,1.3155,1.3165,42287.15,0.0,0.0,0
15m,1775215800.0,1.3165,1.3233,1.3163,1.3229,227551.85,0.0,0.0,0
15m,1775216700.0,1.3229,1.3243,1.3197,1.3202,807698.12,0.0,0.0,0
15m,1775217600.0,1.3202,1.3251,1.3182,1.3242,579183.27,0.0,0.0,0
15m,1775218500.0,1.3242,1.3278,1.3215,1.3264,224645.81,0.0,0.0,0
15m,1775219400.0,1.3264,1.3354,1.3223,1.3238,1473845.64,0.0,0.0,0
15m,1775220300.0,1.3238,1.3255,1.319,1.3199,368059.57,0.0,0.0,0
15m,1775221200.0,1.3199,1.3205,1.3167,1.3179,174229.43,0.0,0.0,0
15m,1775222100.0,1.3179,1.3198,1.317,1.319,100598.64,0.0,0.0,0
15m,1775223000.0,1.319,1.3191,1.3167,1.3176,62551.53,0.0,0.0,0
15m,1775223900.0,1.3176,1.3183,1.3146,1.3178,71821.23,0.0,0.0,0
15m,1775224800.0,1.3178,1.3185,1.3151,1.3172,68285.51,0.0,0.0,0
15m,1775225700.0,1.3172,1.3212,1.3163,1.3198,36794.25,0.0,0.0,0
15m,1775226600.0,1.3198,1.3202,1.3161,1.3163,47917.7,0.0,0.0,0
15m,1775227500.0,1.3163,1.3205,1.3162,1.3193,63625.09,0.0,0.0,0
15m,1775228400.0,1.3193,1.3235,1.3189,1.3224,117406.26,0.0,0.0,0
15m,1775229300.0,1.3224,1.3226,1.3195,1.3207,86301.74,0.0,0.0,0
15m,1775230200.0,1.3207,1.3218,1.3183,1.3183,111193.34,0.0,0.0,0
15m,1775231100.0,1.3183,1.3197,1.3183,1.3186,38398.83,0.0,0.0,0
15m,1775232000.0,1.3186,1.3208,1.3185,1.3204,118493.84,0.0,0.0,0
15m,1775232900.0,1.3204,1.3242,1.3198,1.3235,145984.71,0.0,0.0,0
15m,1775233800.0,1.3235,1.3244,1.3212,1.3226,260899.72,0.0,0.0,0
15m,1775234700.0,1.3226,1.3254,1.3222,1.3246,257181.66,0.0,0.0,0
15m,1775235600.0,1.3246,1.3253,1.3229,1.3229,151238.03,0.0,0.0,0
15m,1775236500.0,1.3229,1.3237,1.3198,1.3225,113532.79,0.0,0.0,0
15m,1775237400.0,1.3225,1.3229,1.3202,1.3206,131885.69,0.0,0.0,0
15m,1775238300.0,1.3206,1.3219,1.3192,1.3213,25224.34,0.0,0.0,0
15m,1775239200.0,1.3213,1.3216,1.3197,1.3209,106631.79,0.0,0.0,0
15m,1775240100.0,1.3209,1.3226,1.3202,1.3202,41948.21,0.0,0.0,0
15m,1775241000.0,1.3202,1.3212,1.3192,1.3192,41295.54,0.0,0.0,0
15m,1775241900.0,1.3192,1.3197,1.3176,1.318,72265.25,0.0,0.0,0
15m,1775242800.0,1.318,1.3185,1.3137,1.314,97971.39,0.0,0.0,0
15m,1775243700.0,1.314,1.3162,1.3138,1.3148,38653.11,0.0,0.0,0
15m,1775244600.0,1.3148,1.3166,1.3145,1.3166,45284.61,0.0,0.0,0
15m,1775245500.0,1.3166,1.3186,1.3166,1.3177,51218.05,0.0,0.0,0
15m,1775246400.0,1.3177,1.319,1.3174,1.3189,43533.6,0.0,0.0,0
15m,1775247300.0,1.3189,1.3191,1.3169,1.3171,44022.36,0.0,0.0,0
15m,1775248200.0,1.3171,1.3182,1.3168,1.3177,50480.95,0.0,0.0,0
15m,1775249100.0,1.3177,1.3181,1.3164,1.3164,76928.97,0.0,0.0,0
15m,1775250000.0,1.3164,1.3199,1.3153,1.3186,169970.06,0.0,0.0,0
15m,1775250900.0,1.3186,1.3188,1.317,1.317,30972.18,0.0,0.0,0
15m,1775251800.0,1.317,1.3179,1.3147,1.3147,77310.77,0.0,0.0,0
15m,1775252700.0,1.3147,1.3187,1.3134,1.3186,145451.79,0.0,0.0,0
15m,1775253600.0,1.3186,1.3187,1.3158,1.3166,67437.68,0.0,0.0,0
15m,1775254500.0,1.3166,1.3194,1.3164,1.3193,38890.14,0.0,0.0,0
15m,1775255400.0,1.3193,1.3222,1.3191,1.3217,160001.75,0.0,0.0,0
15m,1775256300.0,1.3217,1.3235,1.3165,1.3167,873942.31,0.0,0.0,0
15m,1775257200.0,1.3167,1.3167,1.3146,1.3152,52497.94,0.0,0.0,0
15m,1775258100.0,1.3152,1.3153,1.3136,1.3136,131448.57,0.0,0.0,0
15m,1775259000.0,1.3136,1.3182,1.3124,1.3165,669687.7,0.0,0.0,0
15m,1775259900.0,1.3165,1.3189,1.3165,1.3184,38258.76,0.0,0.0,0
15m,1775260800.0,1.3184,1.3184,1.3164,1.3172,53536.95,0.0,0.0,0
15m,1775261700.0,1.3172,1.3188,1.3165,1.3179,48281.12,0.0,0.0,0
15m,1775262600.0,1.3179,1.3191,1.3176,1.3179,58282.57,0.0,0.0,0
15m,1775263500.0,1.3179,1.3183,1.3161,1.3162,45189.9,0.0,0.0,0
15m,1775264400.0,1.3162,1.3177,1.3152,1.3163,37563.26,0.0,0.0,0
15m,1775265300.0,1.3163,1.3165,1.3156,1.3156,48761.86,0.0,0.0,0
15m,1775266200.0,1.3156,1.3171,1.3153,1.3155,28917.57,0.0,0.0,0
15m,1775267100.0,1.3155,1.3156,1.3145,1.315,38240.87,0.0,0.0,0
15m,1775268000.0,1.315,1.315,1.3133,1.3141,39420.43,0.0,0.0,0
15m,1775268900.0,1.3141,1.3146,1.3136,1.3144,34756.38,0.0,0.0,0
15m,1775269800.0,1.3144,1.3151,1.3141,1.3142,48308.25,0.0,0.0,0
15m,1775270700.0,1.3142,1.3146,1.3134,1.3146,25233.91,0.0,0.0,0
15m,1775271600.0,1.3146,1.3161,1.3144,1.3157,48255.01,0.0,0.0,0
15m,1775272500.0,1.3157,1.3158,1.3147,1.3152,24920.73,0.0,0.0,0
15m,1775273400.0,1.3152,1.3164,1.3148,1.3161,25002.94,0.0,0.0,0
15m,1775274300.0,1.3161,1.3168,1.3148,1.3158,76672.34,0.0,0.0,0
15m,1775275200.0,1.3158,1.3174,1.3154,1.3164,22100.22,0.0,0.0,0
15m,1775276100.0,1.3164,1.3177,1.3164,1.3175,35867.27,0.0,0.0,0
15m,1775277000.0,1.3175,1.3184,1.317,1.3179,30697.26,0.0,0.0,0
15m,1775277900.0,1.3179,1.3179,1.316,1.3163,41752.12,0.0,0.0,0
15m,1775278800.0,1.3163,1.3165,1.3154,1.3159,173641.79,0.0,0.0,0
15m,1775279700.0,1.3159,1.3168,1.3156,1.3164,69203.72,0.0,0.0,0
15m,1775280600.0,1.3164,1.3185,1.3164,1.3168,59350.97,0.0,0.0,0
15m,1775281500.0,1.3168,1.318,1.316,1.3172,164153.96,0.0,0.0,0
15m,1775282400.0,1.3172,1.3181,1.3164,1.3181,49426.12,0.0,0.0,0
15m,1775283300.0,1.3181,1.3187,1.3177,1.3184,98798.26,0.0,0.0,0
15m,1775284200.0,1.3184,1.3197,1.3177,1.3187,91092.84,0.0,0.0,0
15m,1775285100.0,1.3187,1.3206,1.3187,1.3197,130300.65,0.0,0.0,0
15m,1775286000.0,1.3197,1.3201,1.3188,1.3193,107977.33,0.0,0.0,0
15m,1775286900.0,1.3193,1.3193,1.3168,1.317,47491.96,0.0,0.0,0
15m,1775287800.0,1.317,1.3172,1.3163,1.3163,101651.17,0.0,0.0,0
15m,1775288700.0,1.3163,1.3164,1.3153,1.3161,155194.21,0.0,0.0,0
15m,1775289600.0,1.3161,1.3161,1.3147,1.3151,85084.71,0.0,0.0,0
15m,1775290500.0,1.3151,1.3166,1.3151,1.3162,46169.05,0.0,0.0,0
15m,1775291400.0,1.3162,1.3165,1.3143,1.3146,65305.91,0.0,0.0,0
15m,1775292300.0,1.3146,1.315,1.3137,1.3139,99167.25,0.0,0.0,0
15m,1775293200.0,1.3139,1.3144,1.3133,1.314,62021.04,0.0,0.0,0
15m,1775294100.0,1.314,1.314,1.3132,1.3135,61085.0,0.0,0.0,0
15m,1775295000.0,1.3135,1.3141,1.3128,1.3128,63658.57,0.0,0.0,0
15m,1775295900.0,1.3128,1.314,1.3125,1.3126,101628.58,0.0,0.0,0
15m,1775296800.0,1.3126,1.3129,1.3114,1.3114,115683.2,0.0,0.0,0
15m,1775297700.0,1.3114,1.3114,1.308,1.308,358877.72,0.0,0.0,0
15m,1775298600.0,1.308,1.3129,1.3068,1.3117,649971.54,0.0,0.0,0
15m,1775299500.0,1.3117,1.3148,1.3117,1.3141,154315.28,0.0,0.0,0
15m,1775300400.0,1.3141,1.3159,1.3139,1.3158,133171.43,0.0,0.0,0
15m,1775301300.0,1.3158,1.3165,1.3105,1.3122,673443.28,0.0,0.0,0
15m,1775302200.0,1.3122,1.3143,1.3108,1.3114,283950.02,0.0,0.0,0
15m,1775303100.0,1.3114,1.3119,1.311,1.3119,78343.2,0.0,0.0,0
15m,1775304000.0,1.3119,1.3119,1.3101,1.3105,135488.07,0.0,0.0,0
15m,1775304900.0,1.3105,1.3113,1.3101,1.3105,61403.05,0.0,0.0,0
15m,1775305800.0,1.3105,1.3114,1.3091,1.3092,103654.21,0.0,0.0,0
15m,1775306700.0,1.3092,1.3109,1.3092,1.3104,108041.77,0.0,0.0,0
15m,1775307600.0,1.3104,1.3104,1.3092,1.3101,152120.16,0.0,0.0,0
15m,1775308500.0,1.3101,1.3109,1.3085,1.3094,139665.35,0.0,0.0,0
15m,1775309400.0,1.3094,1.3117,1.3084,1.3112,206205.82,0.0,0.0,0
15m,1775310300.0,1.3112,1.3114,1.309,1.3094,279190.69,0.0,0.0,0
15m,1775311200.0,1.3094,1.3104,1.3092,1.3099,122907.42,0.0,0.0,0
15m,1775312100.0,1.3099,1.3106,1.3097,1.3098,139224.34,0.0,0.0,0
15m,1775313000.0,1.3098,1.3105,1.3067,1.3098,233870.15,0.0,0.0,0
15m,1775313900.0,1.3098,1.3126,1.3096,1.3126,88114.72,0.0,0.0,0
15m,1775314800.0,1.3126,1.3169,1.3115,1.3147,257715.59,0.0,0.0,0
15m,1775315700.0,1.3147,1.316,1.3122,1.3131,139121.91,0.0,0.0,0
15m,1775316600.0,1.3131,1.3144,1.3127,1.3127,84333.54,0.0,0.0,0
15m,1775317500.0,1.3127,1.3134,1.3122,1.3127,40201.18,0.0,0.0,0
15m,1775318400.0,1.3127,1.3138,1.311,1.3111,55769.01,0.0,0.0,0
15m,1775319300.0,1.3111,1.3152,1.3109,1.3145,61863.76,0.0,0.0,0
15m,1775320200.0,1.3145,1.3155,1.3134,1.3153,59268.53,0.0,0.0,0
15m,1775321100.0,1.3153,1.3159,1.3123,1.3125,65793.76,0.0,0.0,0
15m,1775322000.0,1.3125,1.314,1.312,1.3138,109664.55,0.0,0.0,0
15m,1775322900.0,1.3138,1.3162,1.3136,1.3158,44027.23,0.0,0.0,0
15m,1775323800.0,1.3158,1.316,1.3151,1.3151,23378.74,0.0,0.0,0
15m,1775324700.0,1.3151,1.3151,1.3143,1.3147,6692.96,0.0,0.0,0
15m,1775325600.0,1.3147,1.3154,1.3139,1.3147,37314.11,0.0,0.0,0
15m,1775326500.0,1.3147,1.3159,1.3145,1.3157,36682.81,0.0,0.0,0
15m,1775327400.0,1.3157,1.3157,1.3139,1.3145,23433.33,0.0,0.0,0
15m,1775328300.0,1.3145,1.3147,1.3136,1.3136,33453.59,0.0,0.0,0
15m,1775329200.0,1.3136,1.3216,1.3134,1.3216,231667.41,0.0,0.0,0
15m,1775330100.0,1.3216,1.3226,1.3171,1.3171,136235.59,0.0,0.0,0
15m,1775331000.0,1.3171,1.3179,1.3164,1.3168,69138.96,0.0,0.0,0
15m,1775331900.0,1.3168,1.3192,1.3165,1.3177,73681.83,0.0,0.0,0
15m,1775332800.0,1.3177,1.3181,1.3156,1.3171,92624.36,0.0,0.0,0
15m,1775333700.0,1.3171,1.3181,1.3168,1.3181,25830.45,0.0,0.0,0
15m,1775334600.0,1.3181,1.3183,1.3175,1.3177,33215.45,0.0,0.0,0
15m,1775335500.0,1.3177,1.3178,1.3164,1.3169,83370.81,0.0,0.0,0
15m,1775336400.0,1.3169,1.3176,1.3144,1.3154,77638.57,0.0,0.0,0
15m,1775337300.0,1.3154,1.3173,1.3151,1.3169,87350.99,0.0,0.0,0
15m,1775338200.0,1.3169,1.3179,1.3163,1.3167,42020.17,0.0,0.0,0
15m,1775339100.0,1.3167,1.3189,1.3165,1.317,105773.56,0.0,0.0,0
15m,1775340000.0,1.317,1.3181,1.3164,1.3177,90169.83,0.0,0.0,0
15m,1775340900.0,1.3177,1.3185,1.3168,1.3176,101343.12,0.0,0.0,0
15m,1775341800.0,1.3176,1.3183,1.3162,1.3183,44030.93,0.0,0.0,0
15m,1775342700.0,1.3183,1.3183,1.3166,1.3168,24532.91,0.0,0.0,0
15m,1775343600.0,1.3168,1.3168,1.3147,1.3149,52012.49,0.0,0.0,0
15m,1775344500.0,1.3149,1.3154,1.3145,1.3145,30803.34,0.0,0.0,0
15m,1775345400.0,1.3145,1.3148,1.3137,1.3148,63132.08,0.0,0.0,0
15m,1775346300.0,1.3148,1.316,1.314,1.3153,42795.55,0.0,0.0,0
15m,1775347200.0,1.3153,1.3154,1.314,1.314,14672.07,0.0,0.0,0
15m,1775348100.0,1.314,1.3144,1.3134,1.3141,29900.21,0.0,0.0,0
15m,1775349000.0,1.3141,1.3145,1.3136,1.3143,38022.76,0.0,0.0,0
15m,1775349900.0,1.3143,1.3143,1.3116,1.3125,54535.07,0.0,0.0,0
15m,1775350800.0,1.3125,1.3143,1.3118,1.3137,58392.4,0.0,0.0,0
15m,1775351700.0,1.3137,1.3137,1.3122,1.3124,26906.19,0.0,0.0,0
15m,1775352600.0,1.3124,1.3125,1.3112,1.3122,103801.88,0.0,0.0,0
15m,1775353500.0,1.3122,1.3133,1.3121,1.313,25030.37,0.0,0.0,0
15m,1775354400.0,1.313,1.3137,1.3104,1.3137,77419.84,0.0,0.0,0
15m,1775355300.0,1.3137,1.3175,1.3137,1.3173,27013.35,0.0,0.0,0
15m,1775356200.0,1.3173,1.3198,1.3156,1.3158,496154.06,0.0,0.0,0
15m,1775357100.0,1.3158,1.3167,1.3153,1.3166,11067.02,0.0,0.0,0
15m,1775358000.0,1.3166,1.3171,1.316,1.317,32796.78,0.0,0.0,0
15m,1775358900.0,1.317,1.3172,1.3151,1.3152,23872.53,0.0,0.0,0
15m,1775359800.0,1.3152,1.3152,1.3139,1.3144,44077.33,0.0,0.0,0
15m,1775360700.0,1.3144,1.3144,1.3132,1.3133,14432.24,0.0,0.0,0
15m,1775361600.0,1.3133,1.3141,1.311,1.3111,70804.6,0.0,0.0,0
15m,1775362500.0,1.3111,1.3158,1.3108,1.315,624016.85,0.0,0.0,0
15m,1775363400.0,1.315,1.3152,1.3122,1.3123,34304.76,0.0,0.0,0
15m,1775364300.0,1.3123,1.313,1.3094,1.3109,434084.85,0.0,0.0,0
15m,1775365200.0,1.3109,1.3123,1.3077,1.3084,673088.47,0.0,0.0,0
15m,1775366100.0,1.3084,1.3087,1.3056,1.3067,157962.21,0.0,0.0,0
15m,1775367000.0,1.3067,1.3069,1.3049,1.305,178822.37,0.0,0.0,0
15m,1775367900.0,1.305,1.3053,1.2998,1.3006,404079.5,0.0,0.0,0
15m,1775368800.0,1.3006,1.3031,1.2967,1.2976,843220.67,0.0,0.0,0
15m,1775369700.0,1.2976,1.2999,1.2958,1.2998,140776.64,0.0,0.0,0
15m,1775370600.0,1.2998,1.3025,1.2995,1.3012,177616.21,0.0,0.0,0
15m,1775371500.0,1.3012,1.3032,1.3012,1.3016,106039.21,0.0,0.0,0
15m,1775372400.0,1.3016,1.3046,1.2981,1.3003,976826.17,0.0,0.0,0
15m,1775373300.0,1.3003,1.301,1.2961,1.3005,512284.95,0.0,0.0,0
15m,1775374200.0,1.3005,1.3005,1.2974,1.298,92896.99,0.0,0.0,0
15m,1775375100.0,1.298,1.299,1.2968,1.298,470075.08,0.0,0.0,0
15m,1775376000.0,1.298,1.2989,1.2972,1.2979,65979.6,0.0,0.0,0
15m,1775376900.0,1.2979,1.299,1.2972,1.2974,154181.84,0.0,0.0,0
15m,1775377800.0,1.2974,1.2989,1.2974,1.298,34000.51,0.0,0.0,0
15m,1775378700.0,1.298,1.3,1.2975,1.2998,225736.85,0.0,0.0,0
15m,1775379600.0,1.2998,1.3009,1.2992,1.2997,112156.03,0.0,0.0,0
15m,1775380500.0,1.2997,1.302,1.2995,1.3019,20129.78,0.0,0.0,0
15m,1775381400.0,1.3019,1.3019,1.3001,1.3013,92811.65,0.0,0.0,0
15m,1775382300.0,1.3013,1.3017,1.3004,1.3012,86378.71,0.0,0.0,0
15m,1775383200.0,1.3012,1.3012,1.2998,1.2998,59023.7,0.0,0.0,0
15m,1775384100.0,1.2998,1.3005,1.2995,1.3005,13536.2,0.0,0.0,0
15m,1775385000.0,1.3005,1.3042,1.3,1.3018,67308.59,0.0,0.0,0
15m,1775385900.0,1.3018,1.3018,1.2983,1.299,40315.75,0.0,0.0,0
15m,1775386800.0,1.299,1.2995,1.2979,1.2987,77869.17,0.0,0.0,0
15m,1775387700.0,1.2987,1.3002,1.2987,1.2997,76243.59,0.0,0.0,0
15m,1775388600.0,1.2997,1.3007,1.2996,1.3002,49493.09,0.0,0.0,0
15m,1775389500.0,1.3002,1.3003,1.2987,1.2988,32247.17,0.0,0.0,0
15m,1775390400.0,1.2988,1.2988,1.2947,1.2953,106104.34,0.0,0.0,0
15m,1775391300.0,1.2953,1.2958,1.2914,1.2914,84418.76,0.0,0.0,0
15m,1775392200.0,1.2914,1.2924,1.2823,1.2841,334334.95,0.0,0.0,0
15m,1775393100.0,1.2841,1.2841,1.2782,1.2826,340575.75,0.0,0.0,0
15m,1775394000.0,1.2826,1.2863,1.2822,1.2829,291154.01,0.0,0.0,0
15m,1775394900.0,1.2829,1.2878,1.2803,1.2838,529652.2,0.0,0.0,0
15m,1775395800.0,1.2838,1.2882,1.2836,1.2882,111502.2,0.0,0.0,0
15m,1775396700.0,1.2882,1.2924,1.2871,1.2888,867770.12,0.0,0.0,0
15m,1775397600.0,1.2888,1.2907,1.2862,1.2866,124883.73,0.0,0.0,0
15m,1775398500.0,1.2866,1.2889,1.2853,1.2875,71321.04,0.0,0.0,0
15m,1775399400.0,1.2875,1.2891,1.287,1.2878,123795.53,0.0,0.0,0
15m,1775400300.0,1.2878,1.2878,1.2862,1.2863,60188.08,0.0,0.0,0
15m,1775401200.0,1.2863,1.2878,1.2835,1.287,113912.36,0.0,0.0,0
15m,1775402100.0,1.287,1.2993,1.2857,1.2973,375842.78,0.0,0.0,0
15m,1775403000.0,1.2973,1.3055,1.2961,1.2991,722373.38,0.0,0.0,0
15m,1775403900.0,1.2991,1.3005,1.2959,1.2963,196554.35,0.0,0.0,0
15m,1775404800.0,1.2963,1.3006,1.2963,1.2995,133236.53,0.0,0.0,0
15m,1775405700.0,1.2995,1.3003,1.2989,1.2992,83025.46,0.0,0.0,0
15m,1775406600.0,1.2992,1.302,1.298,1.2994,140153.22,0.0,0.0,0
15m,1775407500.0,1.2994,1.2994,1.2969,1.2979,132680.88,0.0,0.0,0
15m,1775408400.0,1.2979,1.3011,1.2966,1.3004,97066.78,0.0,0.0,0
15m,1775409300.0,1.3004,1.3006,1.2968,1.3,56938.93,0.0,0.0,0
15m,1775410200.0,1.3,1.3014,1.2982,1.3014,99568.94,0.0,0.0,0
15m,1775411100.0,1.3014,1.303,1.3007,1.3023,88021.69,0.0,0.0,0
15m,1775412000.0,1.3023,1.3023,1.3,1.3009,48806.1,0.0,0.0,0
15m,1775412900.0,1.3009,1.3012,1.2986,1.2992,236334.08,0.0,0.0,0
15m,1775413800.0,1.2992,1.3052,1.2992,1.3033,259844.29,0.0,0.0,0
15m,1775414700.0,1.3033,1.3036,1.3022,1.3028,75729.67,0.0,0.0,0
15m,1775415600.0,1.3028,1.303,1.3009,1.3013,67885.58,0.0,0.0,0
15m,1775416500.0,1.3013,1.3071,1.301,1.3046,124352.68,0.0,0.0,0
15m,1775417400.0,1.3046,1.3048,1.2998,1.3,156251.11,0.0,0.0,0
15m,1775418300.0,1.3,1.3006,1.2993,1.3005,74552.93,0.0,0.0,0
15m,1775419200.0,1.3005,1.3016,1.2996,1.3005,45081.35,0.0,0.0,0
15m,1775420100.0,1.3005,1.3024,1.3002,1.3016,52780.84,0.0,0.0,0
15m,1775421000.0,1.3016,1.3056,1.3007,1.3018,132355.15,0.0,0.0,0
15m,1775421900.0,1.3018,1.3052,1.3017,1.3042,205287.02,0.0,0.0,0
15m,1775422800.0,1.3042,1.3047,1.2993,1.301,217380.79,0.0,0.0,0
15m,1775423700.0,1.301,1.301,1.2989,1.2999,59009.38,0.0,0.0,0
15m,1775424600.0,1.2999,1.3012,1.2983,1.2999,58796.35,0.0,0.0,0
15m,1775425500.0,1.2999,1.3033,1.2999,1.3004,80412.67,0.0,0.0,0
15m,1775426400.0,1.3004,1.3052,1.2994,1.3014,243290.23,0.0,0.0,0
15m,1775427300.0,1.3014,1.302,1.2971,1.2992,72385.14,0.0,0.0,0
15m,1775428200.0,1.2992,1.3073,1.2986,1.3051,234595.66,0.0,0.0,0
15m,1775429100.0,1.3051,1.313,1.3051,1.3121,437086.46,0.0,0.0,0
15m,1775430000.0,1.3121,1.3199,1.3113,1.3199,478640.97,0.0,0.0,0
15m,1775430900.0,1.3199,1.3321,1.3199,1.325,1139599.3,0.0,0.0,0
15m,1775431800.0,1.325,1.3296,1.3229,1.3238,346643.5,0.0,0.0,0
15m,1775432700.0,1.3238,1.3265,1.3234,1.3263,143573.58,0.0,0.0,0
15m,1775433600.0,1.3263,1.3386,1.3263,1.3334,840464.89,0.0,0.0,0
15m,1775434500.0,1.3334,1.3372,1.3308,1.3353,453070.74,0.0,0.0,0
15m,1775435400.0,1.3353,1.3399,1.3338,1.3375,1160169.28,0.0,0.0,0
15m,1775436300.0,1.3375,1.3378,1.3309,1.3315,186853.81,0.0,0.0,0
15m,1775437200.0,1.3315,1.3335,1.328,1.3281,274748.35,0.0,0.0,0
15m,1775438100.0,1.3281,1.33,1.3258,1.3292,543197.61,0.0,0.0,0
15m,1775439000.0,1.3292,1.332,1.3275,1.3298,601371.57,0.0,0.0,0
15m,1775439900.0,1.3298,1.3321,1.329,1.3293,171220.77,0.0,0.0,0
15m,1775440800.0,1.3293,1.349,1.3292,1.3441,1426222.71,0.0,0.0,0
15m,1775441700.0,1.3441,1.3463,1.3408,1.3432,473761.55,0.0,0.0,0
15m,1775442600.0,1.3432,1.3461,1.3389,1.3403,186647.42,0.0,0.0,0
15m,1775443500.0,1.3403,1.342,1.3397,1.3402,131646.18,0.0,0.0,0
15m,1775444400.0,1.3402,1.3419,1.3387,1.3391,90794.35,0.0,0.0,0
15m,1775445300.0,1.3391,1.3407,1.3377,1.3404,557499.98,0.0,0.0,0
15m,1775446200.0,1.3404,1.3414,1.3363,1.3388,159947.55,0.0,0.0,0
15m,1775447100.0,1.3388,1.3407,1.3372,1.3382,214591.5,0.0,0.0,0
15m,1775448000.0,1.3382,1.3412,1.3361,1.3373,239978.39,0.0,0.0,0
15m,1775448900.0,1.3373,1.3383,1.3362,1.3378,212865.37,0.0,0.0,0
15m,1775449800.0,1.3378,1.3421,1.3375,1.3406,378014.63,0.0,0.0,0
15m,1775450700.0,1.3406,1.3415,1.3393,1.3396,56538.86,0.0,0.0,0
15m,1775451600.0,1.3396,1.3398,1.3376,1.3391,48602.49,0.0,0.0,0
15m,1775452500.0,1.3391,1.3405,1.3365,1.3377,126946.77,0.0,0.0,0
15m,1775453400.0,1.3377,1.3385,1.3368,1.3384,52881.48,0.0,0.0,0
15m,1775454300.0,1.3384,1.3402,1.3381,1.3402,56399.78,0.0,0.0,0
15m,1775455200.0,1.3402,1.3468,1.3389,1.3459,200723.11,0.0,0.0,0
15m,1775456100.0,1.3459,1.3459,1.3393,1.3399,182241.33,0.0,0.0,0
15m,1775457000.0,1.3399,1.3447,1.3387,1.3403,768571.76,0.0,0.0,0
15m,1775457900.0,1.3403,1.3435,1.3396,1.3413,222874.93,0.0,0.0,0
15m,1775458800.0,1.3413,1.3416,1.3376,1.3379,110150.12,0.0,0.0,0
15m,1775459700.0,1.3379,1.3455,1.3377,1.3437,723617.9,0.0,0.0,0
15m,1775460600.0,1.3437,1.3437,1.3384,1.3394,1186942.83,0.0,0.0,0
15m,1775461500.0,1.3394,1.3458,1.339,1.3441,577729.0,0.0,0.0,0
15m,1775462400.0,1.3441,1.3461,1.3434,1.3454,199582.27,0.0,0.0,0
15m,1775463300.0,1.3454,1.3464,1.3412,1.3436,620895.05,0.0,0.0,0
15m,1775464200.0,1.3436,1.3462,1.342,1.3424,148581.47,0.0,0.0,0
15m,1775465100.0,1.3424,1.3424,1.3387,1.339,288909.36,0.0,0.0,0
15m,1775466000.0,1.339,1.349,1.3378,1.3457,700089.1,0.0,0.0,0
15m,1775466900.0,1.3457,1.3574,1.3457,1.3525,740015.3,0.0,0.0,0
15m,1775467800.0,1.3525,1.3554,1.3518,1.3547,197349.71,0.0,0.0,0
15m,1775468700.0,1.3547,1.3551,1.3516,1.3524,110324.65,0.0,0.0,0
15m,1775469600.0,1.3524,1.3563,1.3524,1.3552,70839.14,0.0,0.0,0
15m,1775470500.0,1.3552,1.3568,1.3531,1.3539,137966.26,0.0,0.0,0
15m,1775471400.0,1.3539,1.3563,1.3535,1.3559,234313.72,0.0,0.0,0
15m,1775472300.0,1.3559,1.356,1.3518,1.3532,260269.02,0.0,0.0,0
15m,1775473200.0,1.3532,1.3532,1.3481,1.3504,625159.07,0.0,0.0,0
15m,1775474100.0,1.3504,1.3514,1.3492,1.3495,186225.48,0.0,0.0,0
15m,1775475000.0,1.3495,1.3514,1.3493,1.3505,196931.99,0.0,0.0,0
15m,1775475900.0,1.3505,1.3511,1.349,1.3498,139992.54,0.0,0.0,0
15m,1775476800.0,1.3498,1.3508,1.3487,1.3488,222411.27,0.0,0.0,0
15m,1775477700.0,1.3488,1.3488,1.3465,1.3465,344192.35,0.0,0.0,0
15m,1775478600.0,1.3465,1.3466,1.3438,1.3441,245477.54,0.0,0.0,0
15m,1775479500.0,1.3441,1.3448,1.3422,1.3432,265868.17,0.0,0.0,0
15m,1775480400.0,1.3432,1.3449,1.3426,1.3446,320377.34,0.0,0.0,0
15m,1775481300.0,1.3446,1.3461,1.3437,1.3451,190592.62,0.0,0.0,0
15m,1775482200.0,1.3451,1.3479,1.3419,1.3446,276309.68,0.0,0.0,0
15m,1775483100.0,1.3446,1.3478,1.344,1.3471,212060.2,0.0,0.0,0
15m,1775484000.0,1.3471,1.352,1.3444,1.3481,563154.24,0.0,0.0,0
15m,1775484900.0,1.3481,1.3533,1.348,1.3496,411500.65,0.0,0.0,0
15m,1775485800.0,1.3496,1.3513,1.3408,1.3445,417480.18,0.0,0.0,0
15m,1775486700.0,1.3445,1.3485,1.3415,1.3479,94353.11,0.0,0.0,0
15m,1775487600.0,1.3479,1.3494,1.3452,1.3464,220687.5,0.0,0.0,0
15m,1775488500.0,1.3464,1.3474,1.3444,1.3466,188138.63,0.0,0.0,0
15m,1775489400.0,1.3466,1.3486,1.3449,1.3483,137003.5,0.0,0.0,0
15m,1775490300.0,1.3483,1.3509,1.3482,1.3506,231192.39,0.0,0.0,0
15m,1775491200.0,1.3506,1.3534,1.3498,1.3526,140565.68,0.0,0.0,0
15m,1775492100.0,1.3526,1.3527,1.3487,1.3487,66022.46,0.0,0.0,0
15m,1775493000.0,1.3487,1.3507,1.3481,1.3487,72409.74,0.0,0.0,0
15m,1775493900.0,1.3487,1.3522,1.3424,1.3434,256401.92,0.0,0.0,0
15m,1775494800.0,1.3434,1.3438,1.3351,1.3357,571657.71,0.0,0.0,0
15m,1775495700.0,1.3357,1.3423,1.3349,1.3417,239262.38,0.0,0.0,0
15m,1775496600.0,1.3417,1.3425,1.3385,1.3389,80151.42,0.0,0.0,0
15m,1775497500.0,1.3389,1.3396,1.3377,1.3393,97557.03,0.0,0.0,0
15m,1775498400.0,1.3393,1.3433,1.337,1.3411,270485.22,0.0,0.0,0
15m,1775499300.0,1.3411,1.3421,1.3391,1.3419,106823.42,0.0,0.0,0
15m,1775500200.0,1.3419,1.3434,1.3405,1.3417,209953.02,0.0,0.0,0
15m,1775501100.0,1.3417,1.3428,1.3409,1.3411,36157.19,0.0,0.0,0
15m,1775502000.0,1.3411,1.3411,1.3375,1.3386,304669.17,0.0,0.0,0
15m,1775502900.0,1.3386,1.3407,1.3384,1.3396,72083.56,0.0,0.0,0
15m,1775503800.0,1.3396,1.3404,1.338,1.3394,61472.45,0.0,0.0,0
15m,1775504700.0,1.3394,1.3437,1.3385,1.3416,177351.53,0.0,0.0,0
15m,1775505600.0,1.3416,1.3437,1.3403,1.3406,104398.64,0.0,0.0,0
15m,1775506500.0,1.3406,1.3435,1.3406,1.3427,48858.38,0.0,0.0,0
15m,1775507400.0,1.3427,1.3437,1.3425,1.343,18271.36,0.0,0.0,0
15m,1775508300.0,1.343,1.3433,1.341,1.3413,36085.8,0.0,0.0,0
15m,1775509200.0,1.3413,1.3413,1.338,1.3391,229452.97,0.0,0.0,0
15m,1775510100.0,1.3391,1.3397,1.3377,1.3388,27468.42,0.0,0.0,0
15m,1775511000.0,1.3388,1.3389,1.336,1.3365,98267.44,0.0,0.0,0
15m,1775511900.0,1.3365,1.337,1.3346,1.3355,281708.77,0.0,0.0,0
15m,1775512800.0,1.3355,1.3355,1.3331,1.335,198367.72,0.0,0.0,0
15m,1775513700.0,1.335,1.3352,1.3315,1.3319,146521.2,0.0,0.0,0
15m,1775514600.0,1.3319,1.3319,1.3277,1.3278,125513.7,0.0,0.0,0
15m,1775515500.0,1.3278,1.3278,1.3185,1.3185,468568.18,0.0,0.0,0
15m,1775516400.0,1.3185,1.3197,1.3123,1.3176,477288.65,0.0,0.0,0
15m,1775517300.0,1.3176,1.3185,1.3148,1.3164,158305.12,0.0,0.0,0
15m,1775518200.0,1.3164,1.3228,1.3156,1.3221,148497.65,0.0,0.0,0
15m,1775519100.0,1.3221,1.3224,1.3201,1.3211,205961.2,0.0,0.0,0
15m,1775520000.0,1.3211,1.3247,1.3198,1.3239,193385.71,0.0,0.0,0
15m,1775520900.0,1.3239,1.3257,1.3219,1.3239,113579.38,0.0,0.0,0
15m,1775521800.0,1.3239,1.3256,1.321,1.323,102873.25,0.0,0.0,0
15m,1775522700.0,1.323,1.3236,1.3212,1.3213,51856.27,0.0,0.0,0
15m,1775523600.0,1.3213,1.3217,1.3185,1.3202,175273.92,0.0,0.0,0
15m,1775524500.0,1.3202,1.3245,1.3202,1.3208,82135.36,0.0,0.0,0
15m,1775525400.0,1.3208,1.3209,1.3177,1.319,57532.16,0.0,0.0,0
15m,1775526300.0,1.319,1.3193,1.3145,1.3146,149285.14,0.0,0.0,0
15m,1775527200.0,1.3146,1.3164,1.3125,1.3157,119071.1,0.0,0.0,0
15m,1775528100.0,1.3157,1.3188,1.3154,1.3184,66520.17,0.0,0.0,0
15m,1775529000.0,1.3184,1.3195,1.3155,1.316,84622.02,0.0,0.0,0
15m,1775529900.0,1.316,1.3173,1.3148,1.317,75590.07,0.0,0.0,0
15m,1775530800.0,1.317,1.3182,1.3158,1.3158,38103.06,0.0,0.0,0
15m,1775531700.0,1.3158,1.3183,1.3145,1.317,417316.97,0.0,0.0,0
15m,1775532600.0,1.317,1.3174,1.3158,1.3161,73299.23,0.0,0.0,0
15m,1775533500.0,1.3161,1.3172,1.3157,1.317,123452.72,0.0,0.0,0
15m,1775534400.0,1.317,1.317,1.315,1.3156,245735.17,0.0,0.0,0
15m,1775535300.0,1.3156,1.3163,1.3131,1.3147,113119.78,0.0,0.0,0
15m,1775536200.0,1.3147,1.3187,1.3147,1.3185,79457.29,0.0,0.0,0
15m,1775537100.0,1.3185,1.3204,1.3181,1.3182,88904.84,0.0,0.0,0
15m,1775538000.0,1.3182,1.3189,1.317,1.3173,112619.64,0.0,0.0,0
15m,1775538900.0,1.3173,1.3178,1.3133,1.3135,492880.02,0.0,0.0,0
15m,1775539800.0,1.3135,1.3137,1.3105,1.3109,220518.26,0.0,0.0,0
15m,1775540700.0,1.3109,1.3115,1.3096,1.3114,193008.45,0.0,0.0,0
15m,1775541600.0,1.3114,1.3121,1.3087,1.3091,119074.36,0.0,0.0,0
15m,1775542500.0,1.3091,1.3102,1.3076,1.3091,226871.27,0.0,0.0,0
15m,1775543400.0,1.3091,1.3096,1.3055,1.3096,494022.05,0.0,0.0,0
15m,1775544300.0,1.3096,1.3117,1.3088,1.3113,82531.92,0.0,0.0,0
15m,1775545200.0,1.3113,1.3139,1.3108,1.3139,105379.23,0.0,0.0,0
15m,1775546100.0,1.3139,1.3161,1.3114,1.3114,850382.72,0.0,0.0,0
15m,1775547000.0,1.3114,1.3144,1.3111,1.3125,93182.0,0.0,0.0,0
15m,1775547900.0,1.3125,1.3136,1.3115,1.3126,80667.47,0.0,0.0,0
15m,1775548800.0,1.3126,1.3168,1.3118,1.3131,394378.31,0.0,0.0,0
15m,1775549700.0,1.3131,1.3155,1.3111,1.3146,729840.59,0.0,0.0,0
15m,1775550600.0,1.3146,1.3184,1.3146,1.3183,107183.13,0.0,0.0,0
15m,1775551500.0,1.3183,1.3231,1.3178,1.3193,1051621.42,0.0,0.0,0
15m,1775552400.0,1.3193,1.3246,1.3178,1.3214,629954.53,0.0,0.0,0
15m,1775553300.0,1.3214,1.322,1.3188,1.3195,210434.12,0.0,0.0,0
15m,1775554200.0,1.3195,1.3236,1.3195,1.3224,158288.85,0.0,0.0,0
15m,1775555100.0,1.3224,1.3224,1.3199,1.3203,246071.2,0.0,0.0,0
15m,1775556000.0,1.3203,1.3215,1.3138,1.316,771562.1,0.0,0.0,0
15m,1775556900.0,1.316,1.318,1.3116,1.3128,330146.92,0.0,0.0,0
15m,1775557800.0,1.3128,1.3132,1.3087,1.3098,364076.18,0.0,0.0,0
15m,1775558700.0,1.3098,1.3103,1.3057,1.3071,323531.99,0.0,0.0,0
15m,1775559600.0,1.3071,1.3088,1.3055,1.3079,309937.66,0.0,0.0,0
15m,1775560500.0,1.3079,1.3092,1.3045,1.3061,329353.43,0.0,0.0,0
15m,1775561400.0,1.3061,1.3066,1.3033,1.3054,257492.37,0.0,0.0,0
15m,1775562300.0,1.3054,1.3067,1.3042,1.3063,122854.34,0.0,0.0,0
15m,1775563200.0,1.3063,1.3085,1.3008,1.3043,663153.37,0.0,0.0,0
15m,1775564100.0,1.3043,1.308,1.3026,1.3076,169912.03,0.0,0.0,0
15m,1775565000.0,1.3076,1.3093,1.3043,1.3049,328558.53,0.0,0.0,0
15m,1775565900.0,1.3049,1.3131,1.304,1.3086,620227.41,0.0,0.0,0
15m,1775566800.0,1.3086,1.3134,1.3078,1.3122,292422.77,0.0,0.0,0
15m,1775567700.0,1.3122,1.3122,1.3064,1.3074,182975.63,0.0,0.0,0
15m,1775568600.0,1.3074,1.3098,1.3053,1.3057,370976.44,0.0,0.0,0
15m,1775569500.0,1.3057,1.3075,1.3046,1.3047,257787.92,0.0,0.0,0
15m,1775570400.0,1.3047,1.305,1.2976,1.2994,599116.89,0.0,0.0,0
15m,1775571300.0,1.2994,1.3051,1.2983,1.304,393748.75,0.0,0.0,0
15m,1775572200.0,1.304,1.3042,1.2985,1.2989,476010.07,0.0,0.0,0
15m,1775573100.0,1.2989,1.3035,1.2966,1.2966,441330.98,0.0,0.0,0
15m,1775574000.0,1.2966,1.2987,1.2948,1.2967,369637.49,0.0,0.0,0
15m,1775574900.0,1.2967,1.3025,1.2967,1.3006,398704.74,0.0,0.0,0
15m,1775575800.0,1.3006,1.3007,1.2979,1.2979,296485.48,0.0,0.0,0
15m,1775576700.0,1.2979,1.2999,1.2961,1.2973,384070.38,0.0,0.0,0
15m,1775577600.0,1.2973,1.3028,1.297,1.2976,272506.18,0.0,0.0,0
15m,1775578500.0,1.2976,1.3014,1.2956,1.3013,335355.68,0.0,0.0,0
15m,1775579400.0,1.3013,1.3031,1.3003,1.3021,126455.82,0.0,0.0,0
15m,1775580300.0,1.3021,1.3032,1.3002,1.3005,108181.17,0.0,0.0,0
15m,1775581200.0,1.3005,1.3022,1.2995,1.2998,116985.45,0.0,0.0,0
15m,1775582100.0,1.2998,1.3029,1.2993,1.3021,73646.76,0.0,0.0,0
15m,1775583000.0,1.3021,1.3149,1.3021,1.3083,308817.13,0.0,0.0,0
15m,1775583900.0,1.3083,1.3102,1.308,1.3085,100703.48,0.0,0.0,0
15m,1775584800.0,1.3085,1.3097,1.3069,1.3087,180470.54,0.0,0.0,0
15m,1775585700.0,1.3087,1.309,1.307,1.3084,46991.58,0.0,0.0,0
15m,1775586600.0,1.3084,1.3088,1.303,1.3036,128921.69,0.0,0.0,0
15m,1775587500.0,1.3036,1.3036,1.3002,1.302,173695.65,0.0,0.0,0
15m,1775588400.0,1.302,1.3056,1.3015,1.3034,178999.28,0.0,0.0,0
15m,1775589300.0,1.3034,1.3104,1.3034,1.3079,210181.37,0.0,0.0,0
15m,1775590200.0,1.3079,1.3079,1.3042,1.3063,113804.03,0.0,0.0,0
15m,1775591100.0,1.3063,1.3165,1.3058,1.3142,720283.52,0.0,0.0,0
15m,1775592000.0,1.3142,1.3213,1.3139,1.3182,458012.11,0.0,0.0,0
15m,1775592900.0,1.3182,1.3196,1.3158,1.3178,100427.23,0.0,0.0,0
15m,1775593800.0,1.3178,1.322,1.3175,1.3197,273584.32,0.0,0.0,0
15m,1775594700.0,1.3197,1.3197,1.3154,1.3181,140690.11,0.0,0.0,0
15m,1775595600.0,1.3181,1.3394,1.3181,1.3336,653271.47,0.0,0.0,0
15m,1775596500.0,1.3336,1.3347,1.327,1.328,263955.42,0.0,0.0,0
15m,1775597400.0,1.328,1.337,1.328,1.3369,234637.76,0.0,0.0,0
15m,1775598300.0,1.3369,1.3403,1.3351,1.3381,568189.9,0.0,0.0,0
15m,1775599200.0,1.3381,1.3434,1.3362,1.341,620069.75,0.0,0.0,0
15m,1775600100.0,1.341,1.3432,1.3374,1.3418,575604.59,0.0,0.0,0
15m,1775601000.0,1.3418,1.3637,1.3411,1.3553,3285775.16,0.0,0.0,0
15m,1775601900.0,1.3553,1.3741,1.3533,1.3737,1540928.84,0.0,0.0,0
15m,1775602800.0,1.3737,1.3782,1.3689,1.3708,1529327.49,0.0,0.0,0
15m,1775603700.0,1.3708,1.396,1.3672,1.396,2106559.67,0.0,0.0,0
15m,1775604600.0,1.396,1.396,1.3817,1.3851,1255637.24,0.0,0.0,0
15m,1775605500.0,1.3851,1.3888,1.3787,1.3787,821718.38,0.0,0.0,0
15m,1775606400.0,1.3787,1.3837,1.373,1.3753,905056.29,0.0,0.0,0
15m,1775607300.0,1.3753,1.3753,1.3693,1.3702,647437.1,0.0,0.0,0
15m,1775608200.0,1.3702,1.3707,1.3637,1.3649,525195.22,0.0,0.0,0
15m,1775609100.0,1.3649,1.3666,1.3602,1.3666,812282.65,0.0,0.0,0
15m,1775610000.0,1.3666,1.3706,1.3637,1.3701,524217.53,0.0,0.0,0
15m,1775610900.0,1.3701,1.3702,1.3651,1.3657,255331.88,0.0,0.0,0
15m,1775611800.0,1.3657,1.3697,1.3651,1.3685,139425.99,0.0,0.0,0
15m,1775612700.0,1.3685,1.3733,1.3682,1.3698,167632.9,0.0,0.0,0
15m,1775613600.0,1.3698,1.3759,1.3683,1.3747,204166.44,0.0,0.0,0
15m,1775614500.0,1.3747,1.3748,1.3697,1.3724,331818.51,0.0,0.0,0
15m,1775615400.0,1.3724,1.3737,1.3702,1.3719,603293.87,0.0,0.0,0
15m,1775616300.0,1.3719,1.3743,1.3702,1.3743,412894.32,0.0,0.0,0
15m,1775617200.0,1.3743,1.3773,1.3703,1.3704,913001.14,0.0,0.0,0
15m,1775618100.0,1.3704,1.3714,1.3687,1.371,213405.63,0.0,0.0,0
15m,1775619000.0,1.371,1.3727,1.3701,1.3717,108350.68,0.0,0.0,0
15m,1775619900.0,1.3717,1.372,1.3694,1.3701,213817.78,0.0,0.0,0
15m,1775620800.0,1.3701,1.3763,1.369,1.3743,879791.83,0.0,0.0,0
15m,1775621700.0,1.3743,1.3767,1.3738,1.376,180669.07,0.0,0.0,0
15m,1775622600.0,1.376,1.3779,1.3748,1.3772,366956.36,0.0,0.0,0
15m,1775623500.0,1.3772,1.378,1.376,1.3761,245466.84,0.0,0.0,0
15m,1775624400.0,1.3761,1.3799,1.376,1.3798,409714.35,0.0,0.0,0
15m,1775625300.0,1.3798,1.3875,1.3798,1.3855,599404.53,0.0,0.0,0
15m,1775626200.0,1.3855,1.3855,1.382,1.3825,336711.73,0.0,0.0,0
15m,1775627100.0,1.3825,1.3876,1.3816,1.3847,447471.01,0.0,0.0,0
15m,1775628000.0,1.3847,1.3855,1.3817,1.3847,204844.59,0.0,0.0,0
15m,1775628900.0,1.3847,1.3869,1.3838,1.385,271065.61,0.0,0.0,0
15m,1775629800.0,1.385,1.385,1.3807,1.3809,176524.62,0.0,0.0,0
15m,1775630700.0,1.3809,1.3815,1.3797,1.3799,179055.79,0.0,0.0,0
15m,1775631600.0,1.3799,1.3814,1.3787,1.3805,390240.36,0.0,0.0,0
15m,1775632500.0,1.3805,1.3845,1.3802,1.3821,317355.56,0.0,0.0,0
15m,1775633400.0,1.3821,1.3821,1.3775,1.3789,545653.27,0.0,0.0,0
15m,1775634300.0,1.3789,1.3796,1.378,1.3796,550144.37,0.0,0.0,0
15m,1775635200.0,1.3796,1.3826,1.3795,1.3806,466858.65,0.0,0.0,0
15m,1775636100.0,1.3806,1.3826,1.3801,1.3808,122686.38,0.0,0.0,0
15m,1775637000.0,1.3808,1.3838,1.3781,1.3793,636066.48,0.0,0.0,0
15m,1775637900.0,1.3793,1.3819,1.3788,1.3812,159970.04,0.0,0.0,0
15m,1775638800.0,1.3812,1.3844,1.3812,1.3838,302992.82,0.0,0.0,0
15m,1775639700.0,1.3838,1.3877,1.3805,1.3808,352627.06,0.0,0.0,0
15m,1775640600.0,1.3808,1.3816,1.3779,1.3779,312382.05,0.0,0.0,0
15m,1775641500.0,1.3779,1.3819,1.3779,1.381,114771.13,0.0,0.0,0
15m,1775642400.0,1.381,1.3838,1.379,1.3814,430765.36,0.0,0.0,0
15m,1775643300.0,1.3814,1.3838,1.3813,1.3814,300242.48,0.0,0.0,0
15m,1775644200.0,1.3814,1.3821,1.3785,1.3814,190872.33,0.0,0.0,0
15m,1775645100.0,1.3814,1.3848,1.3811,1.3835,523784.62,0.0,0.0,0
15m,1775646000.0,1.3835,1.386,1.3811,1.3831,1016216.68,0.0,0.0,0
15m,1775646900.0,1.3831,1.3833,1.3788,1.3803,199250.62,0.0,0.0,0
15m,1775647800.0,1.3803,1.3803,1.3716,1.3731,392663.57,0.0,0.0,0
15m,1775648700.0,1.3731,1.3782,1.3721,1.3779,304336.54,0.0,0.0,0
15m,1775649600.0,1.3779,1.381,1.3778,1.3801,217241.45,0.0,0.0,0
15m,1775650500.0,1.3801,1.3804,1.3744,1.3788,482668.52,0.0,0.0,0
15m,1775651400.0,1.3788,1.3828,1.3772,1.3817,537065.57,0.0,0.0,0
15m,1775652300.0,1.3817,1.3836,1.3801,1.3802,316291.51,0.0,0.0,0
15m,1775653200.0,1.3802,1.3898,1.3799,1.3854,442435.58,0.0,0.0,0
15m,1775654100.0,1.3854,1.3889,1.3826,1.3844,184135.83,0.0,0.0,0
15m,1775655000.0,1.3844,1.3878,1.3755,1.3757,513267.04,0.0,0.0,0
15m,1775655900.0,1.3757,1.3794,1.3734,1.3743,522177.53,0.0,0.0,0
15m,1775656800.0,1.3743,1.3748,1.3671,1.3712,961103.78,0.0,0.0,0
15m,1775657700.0,1.3712,1.373,1.3652,1.3664,303067.82,0.0,0.0,0
15m,1775658600.0,1.3664,1.3671,1.3526,1.3544,1187121.73,0.0,0.0,0
15m,1775659500.0,1.3544,1.3561,1.3455,1.3503,695230.18,0.0,0.0,0
15m,1775660400.0,1.3503,1.3537,1.3488,1.3525,412308.16,0.0,0.0,0
15m,1775661300.0,1.3525,1.355,1.3507,1.354,299646.94,0.0,0.0,0
15m,1775662200.0,1.354,1.3568,1.3526,1.3555,158883.94,0.0,0.0,0
15m,1775663100.0,1.3555,1.3566,1.3529,1.3548,155707.52,0.0,0.0,0
15m,1775664000.0,1.3548,1.3587,1.3541,1.3562,214529.49,0.0,0.0,0
15m,1775664900.0,1.3562,1.3588,1.3554,1.3557,118579.21,0.0,0.0,0
15m,1775665800.0,1.3557,1.3572,1.3523,1.3565,162470.15,0.0,0.0,0
15m,1775666700.0,1.3565,1.3599,1.3557,1.3571,106671.57,0.0,0.0,0
15m,1775667600.0,1.3571,1.361,1.3568,1.3597,104413.95,0.0,0.0,0
15m,1775668500.0,1.3597,1.3597,1.3545,1.3562,124404.69,0.0,0.0,0
15m,1775669400.0,1.3562,1.3635,1.3549,1.3613,247078.38,0.0,0.0,0
15m,1775670300.0,1.3613,1.3621,1.3606,1.3621,68540.14,0.0,0.0,0
15m,1775671200.0,1.3621,1.3624,1.3578,1.359,158594.92,0.0,0.0,0
15m,1775672100.0,1.359,1.3599,1.3529,1.3541,192485.55,0.0,0.0,0
15m,1775673000.0,1.3541,1.3569,1.3516,1.3517,130317.66,0.0,0.0,0
15m,1775673900.0,1.3517,1.3527,1.3472,1.3482,129834.8,0.0,0.0,0
15m,1775674800.0,1.3482,1.3507,1.3461,1.3486,166448.91,0.0,0.0,0
15m,1775675700.0,1.3486,1.3495,1.3444,1.345,179716.85,0.0,0.0,0
15m,1775676600.0,1.345,1.3483,1.3445,1.3476,147362.53,0.0,0.0,0
15m,1775677500.0,1.3476,1.352,1.3473,1.3519,183086.33,0.0,0.0,0
15m,1775678400.0,1.3519,1.3537,1.3506,1.3521,136772.28,0.0,0.0,0
15m,1775679300.0,1.3521,1.3533,1.3495,1.3501,63145.6,0.0,0.0,0
15m,1775680200.0,1.3501,1.3512,1.3466,1.3472,57825.11,0.0,0.0,0
15m,1775681100.0,1.3472,1.3485,1.3464,1.3485,65785.76,0.0,0.0,0
15m,1775682000.0,1.3485,1.3532,1.3478,1.3517,91680.08,0.0,0.0,0
15m,1775682900.0,1.3517,1.3573,1.3517,1.3557,78376.39,0.0,0.0,0
15m,1775683800.0,1.3557,1.3567,1.3519,1.3521,276765.31,0.0,0.0,0
15m,1775684700.0,1.3521,1.354,1.3518,1.3529,42532.73,0.0,0.0,0
15m,1775685600.0,1.3529,1.3534,1.3486,1.3492,56219.16,0.0,0.0,0
15m,1775686500.0,1.3492,1.3501,1.346,1.3462,288396.28,0.0,0.0,0
15m,1775687400.0,1.3462,1.3505,1.3449,1.3484,165496.16,0.0,0.0,0
15m,1775688300.0,1.3484,1.3492,1.3445,1.3448,108490.36,0.0,0.0,0
15m,1775689200.0,1.3448,1.3448,1.3401,1.3443,349115.24,0.0,0.0,0
15m,1775690100.0,1.3443,1.346,1.339,1.3402,413516.9,0.0,0.0,0
15m,1775691000.0,1.3402,1.3423,1.3394,1.3411,169624.51,0.0,0.0,0
15m,1775691900.0,1.3411,1.3436,1.3411,1.3429,136412.77,0.0,0.0,0
15m,1775692800.0,1.3429,1.3429,1.3402,1.3412,200796.45,0.0,0.0,0
15m,1775693700.0,1.3412,1.3418,1.3371,1.3373,225405.98,0.0,0.0,0
15m,1775694600.0,1.3373,1.3391,1.3343,1.3365,570618.01,0.0,0.0,0
15m,1775695500.0,1.3365,1.3407,1.3357,1.3398,140468.7,0.0,0.0,0
15m,1775696400.0,1.3398,1.3407,1.3304,1.3328,840676.23,0.0,0.0,0
15m,1775697300.0,1.3328,1.3335,1.3271,1.3277,425573.64,0.0,0.0,0
15m,1775698200.0,1.3277,1.332,1.3269,1.3317,887868.08,0.0,0.0,0
15m,1775699100.0,1.3317,1.3354,1.3302,1.3344,156585.09,0.0,0.0,0
15m,1775700000.0,1.3344,1.3363,1.3328,1.3329,369711.86,0.0,0.0,0
15m,1775700900.0,1.3329,1.3363,1.3326,1.3351,717375.28,0.0,0.0,0
15m,1775701800.0,1.3351,1.3355,1.3317,1.3341,641815.26,0.0,0.0,0
15m,1775702700.0,1.3341,1.3358,1.3335,1.3344,135512.09,0.0,0.0,0
15m,1775703600.0,1.3344,1.3359,1.3334,1.3344,113000.06,0.0,0.0,0
15m,1775704500.0,1.3344,1.337,1.3303,1.3307,1085848.65,0.0,0.0,0
15m,1775705400.0,1.3307,1.3327,1.33,1.3314,407747.64,0.0,0.0,0
15m,1775706300.0,1.3314,1.3329,1.3298,1.3312,258488.79,0.0,0.0,0
15m,1775707200.0,1.3312,1.3317,1.3276,1.3308,834124.42,0.0,0.0,0
15m,1775708100.0,1.3308,1.3314,1.3289,1.3292,348723.68,0.0,0.0,0
15m,1775709000.0,1.3292,1.3327,1.3292,1.332,144713.2,0.0,0.0,0
15m,1775709900.0,1.332,1.3322,1.3303,1.3317,84067.13,0.0,0.0,0
15m,1775710800.0,1.3317,1.334,1.3312,1.3329,122023.84,0.0,0.0,0
15m,1775711700.0,1.3329,1.3366,1.331,1.3321,1205363.81,0.0,0.0,0
15m,1775712600.0,1.3321,1.3358,1.3316,1.3354,106519.64,0.0,0.0,0
15m,1775713500.0,1.3354,1.3354,1.3315,1.3332,134528.68,0.0,0.0,0
15m,1775714400.0,1.3332,1.3355,1.3324,1.3325,112492.24,0.0,0.0,0
15m,1775715300.0,1.3325,1.3325,1.328,1.3283,537909.26,0.0,0.0,0
15m,1775716200.0,1.3283,1.3324,1.3263,1.3322,506957.15,0.0,0.0,0
15m,1775717100.0,1.3322,1.333,1.3309,1.333,54084.86,0.0,0.0,0
15m,1775718000.0,1.333,1.334,1.3323,1.3327,161897.94,0.0,0.0,0
15m,1775718900.0,1.3327,1.3327,1.3306,1.3314,101235.08,0.0,0.0,0
15m,1775719800.0,1.3314,1.3348,1.3313,1.3329,224384.04,0.0,0.0,0
15m,1775720700.0,1.3329,1.3334,1.3318,1.3321,76153.2,0.0,0.0,0
15m,1775721600.0,1.3321,1.3336,1.3308,1.3315,147798.01,0.0,0.0,0
15m,1775722500.0,1.3315,1.333,1.3307,1.3323,105063.35,0.0,0.0,0
15m,1775723400.0,1.3323,1.3353,1.3322,1.3353,177387.41,0.0,0.0,0
15m,1775724300.0,1.3353,1.3368,1.3335,1.3351,213867.48,0.0,0.0,0
15m,1775725200.0,1.3351,1.337,1.3338,1.3364,270605.23,0.0,0.0,0
15m,1775726100.0,1.3364,1.3383,1.3349,1.3354,296090.15,0.0,0.0,0
15m,1775727000.0,1.3354,1.3362,1.3345,1.3351,157910.66,0.0,0.0,0
15m,1775727900.0,1.3351,1.3392,1.3348,1.338,217575.58,0.0,0.0,0
15m,1775728800.0,1.338,1.3386,1.3354,1.3357,237255.27,0.0,0.0,0
15m,1775729700.0,1.3357,1.3363,1.3353,1.3361,252914.66,0.0,0.0,0
15m,1775730600.0,1.3361,1.3363,1.3345,1.3359,202004.47,0.0,0.0,0
15m,1775731500.0,1.3359,1.3362,1.3327,1.3328,468898.3,0.0,0.0,0
15m,1775732400.0,1.3328,1.3353,1.3316,1.3329,1267881.98,0.0,0.0,0
15m,1775733300.0,1.3329,1.3339,1.3286,1.3288,1406901.92,0.0,0.0,0
15m,1775734200.0,1.3288,1.3302,1.3284,1.3284,377355.28,0.0,0.0,0
15m,1775735100.0,1.3284,1.3306,1.3255,1.3298,893102.11,0.0,0.0,0
15m,1775736000.0,1.3298,1.3305,1.3285,1.3289,180052.49,0.0,0.0,0
15m,1775736900.0,1.3289,1.3309,1.3263,1.3292,312130.03,0.0,0.0,0
15m,1775737800.0,1.3292,1.3328,1.3279,1.3308,263053.41,0.0,0.0,0
15m,1775738700.0,1.3308,1.3317,1.3286,1.3312,151071.47,0.0,0.0,0
15m,1775739600.0,1.3312,1.3329,1.3307,1.3308,134037.04,0.0,0.0,0
15m,1775740500.0,1.3308,1.3314,1.3297,1.331,188544.5,0.0,0.0,0
15m,1775741400.0,1.331,1.3325,1.3279,1.3298,610369.8,0.0,0.0,0
15m,1775742300.0,1.3298,1.3311,1.3265,1.3296,348379.65,0.0,0.0,0
15m,1775743200.0,1.3296,1.3303,1.3268,1.3292,241493.34,0.0,0.0,0
15m,1775744100.0,1.3292,1.3307,1.322,1.3241,580230.19,0.0,0.0,0
15m,1775745000.0,1.3241,1.327,1.3225,1.3268,565283.88,0.0,0.0,0
15m,1775745900.0,1.3268,1.3337,1.3268,1.3326,270013.06,0.0,0.0,0
15m,1775746800.0,1.3326,1.3379,1.3299,1.3378,359588.01,0.0,0.0,0
15m,1775747700.0,1.3378,1.3407,1.3366,1.3371,423239.31,0.0,0.0,0
15m,1775748600.0,1.3371,1.3531,1.3358,1.3499,928299.01,0.0,0.0,0
15m,1775749500.0,1.3499,1.3548,1.3491,1.352,759574.79,0.0,0.0,0
15m,1775750400.0,1.352,1.3595,1.352,1.3559,714198.26,0.0,0.0,0
15m,1775751300.0,1.3559,1.3591,1.3519,1.3528,344422.01,0.0,0.0,0
15m,1775752200.0,1.3528,1.3532,1.3467,1.3501,419283.97,0.0,0.0,0
15m,1775753100.0,1.3501,1.3522,1.3462,1.3522,289386.0,0.0,0.0,0
15m,1775754000.0,1.3522,1.3585,1.352,1.3568,322881.45,0.0,0.0,0
15m,1775754900.0,1.3568,1.3583,1.3524,1.3544,142311.89,0.0,0.0,0
15m,1775755800.0,1.3544,1.3598,1.3517,1.3593,176392.13,0.0,0.0,0
15m,1775756700.0,1.3593,1.3601,1.3569,1.3586,217607.19,0.0,0.0,0
15m,1775757600.0,1.3586,1.3592,1.3505,1.3518,325121.85,0.0,0.0,0
15m,1775758500.0,1.3518,1.3565,1.3508,1.3559,264460.97,0.0,0.0,0
15m,1775759400.0,1.3559,1.3562,1.3521,1.354,211271.85,0.0,0.0,0
15m,1775760300.0,1.354,1.3564,1.3527,1.3552,74271.21,0.0,0.0,0
15m,1775761200.0,1.3552,1.3607,1.354,1.359,225476.85,0.0,0.0,0
15m,1775762100.0,1.359,1.3597,1.3519,1.3525,105652.85,0.0,0.0,0
15m,1775763000.0,1.3525,1.356,1.352,1.3559,314611.6,0.0,0.0,0
15m,1775763900.0,1.3559,1.3591,1.355,1.3558,132262.22,0.0,0.0,0
15m,1775764800.0,1.3558,1.358,1.3535,1.3569,217678.33,0.0,0.0,0
15m,1775765700.0,1.3569,1.359,1.3562,1.3581,104989.04,0.0,0.0,0
15m,1775766600.0,1.3581,1.3593,1.3575,1.3584,75615.13,0.0,0.0,0
15m,1775767500.0,1.3584,1.3586,1.3561,1.3565,49618.71,0.0,0.0,0
15m,1775768400.0,1.3565,1.3613,1.3533,1.3554,269768.48,0.0,0.0,0
15m,1775769300.0,1.3554,1.3561,1.3514,1.3518,273696.53,0.0,0.0,0
15m,1775770200.0,1.3518,1.3553,1.3509,1.3545,211449.03,0.0,0.0,0
15m,1775771100.0,1.3545,1.3561,1.3524,1.3534,47359.71,0.0,0.0,0
15m,1775772000.0,1.3534,1.3582,1.3528,1.3582,110939.9,0.0,0.0,0
15m,1775772900.0,1.3582,1.3696,1.3582,1.3615,519391.18,0.0,0.0,0
15m,1775773800.0,1.3615,1.3618,1.3572,1.3573,449927.5,0.0,0.0,0
15m,1775774700.0,1.3573,1.3589,1.3517,1.3522,609988.08,0.0,0.0,0
15m,1775775600.0,1.3522,1.353,1.3448,1.3466,440662.06,0.0,0.0,0
15m,1775776500.0,1.3466,1.349,1.3443,1.3466,235688.6,0.0,0.0,0
15m,1775777400.0,1.3466,1.3466,1.3419,1.344,187144.19,0.0,0.0,0
15m,1775778300.0,1.344,1.3448,1.3423,1.3437,143372.64,0.0,0.0,0
15m,1775779200.0,1.3437,1.3462,1.3428,1.3445,132537.52,0.0,0.0,0
15m,1775780100.0,1.3445,1.3453,1.3408,1.3448,143183.53,0.0,0.0,0
15m,1775781000.0,1.3448,1.348,1.343,1.3448,469930.78,0.0,0.0,0
15m,1775781900.0,1.3448,1.3461,1.3434,1.3451,77326.78,0.0,0.0,0
15m,1775782800.0,1.3451,1.3474,1.3423,1.3461,650295.17,0.0,0.0,0
15m,1775783700.0,1.3461,1.3476,1.3403,1.3432,274976.75,0.0,0.0,0
15m,1775784600.0,1.3432,1.3504,1.3421,1.3469,178071.69,0.0,0.0,0
15m,1775785500.0,1.3469,1.3474,1.3434,1.3438,163244.12,0.0,0.0,0
15m,1775786400.0,1.3438,1.3469,1.3428,1.3456,126811.98,0.0,0.0,0
15m,1775787300.0,1.3456,1.3468,1.3448,1.3459,41102.45,0.0,0.0,0
15m,1775788200.0,1.3459,1.3466,1.345,1.3455,20394.21,0.0,0.0,0
15m,1775789100.0,1.3455,1.3456,1.3418,1.3435,70391.14,0.0,0.0,0
15m,1775790000.0,1.3435,1.3458,1.3427,1.3427,215938.87,0.0,0.0,0
15m,1775790900.0,1.3427,1.3441,1.341,1.3411,126484.41,0.0,0.0,0
15m,1775791800.0,1.3411,1.3451,1.3408,1.3449,76354.76,0.0,0.0,0
15m,1775792700.0,1.3449,1.3459,1.341,1.3413,178402.91,0.0,0.0,0
15m,1775793600.0,1.3413,1.3428,1.3412,1.3425,169785.34,0.0,0.0,0
15m,1775794500.0,1.3425,1.3452,1.3423,1.3434,71168.92,0.0,0.0,0
15m,1775795400.0,1.3434,1.3455,1.3428,1.344,64453.16,0.0,0.0,0
15m,1775796300.0,1.344,1.3489,1.3436,1.3463,250477.43,0.0,0.0,0
15m,1775797200.0,1.3463,1.3475,1.3447,1.3455,66662.69,0.0,0.0,0
15m,1775798100.0,1.3455,1.3487,1.3446,1.3479,64289.68,0.0,0.0,0
15m,1775799000.0,1.3479,1.3481,1.3434,1.3434,41457.01,0.0,0.0,0
15m,1775799900.0,1.3434,1.3456,1.3427,1.3436,94373.3,0.0,0.0,0
15m,1775800800.0,1.3436,1.3468,1.3436,1.3467,49203.93,0.0,0.0,0
15m,1775801700.0,1.3467,1.3467,1.3441,1.3448,67758.9,0.0,0.0,0
15m,1775802600.0,1.3448,1.3454,1.3414,1.3415,94929.73,0.0,0.0,0
15m,1775803500.0,1.3415,1.3423,1.3392,1.3422,138792.71,0.0,0.0,0
15m,1775804400.0,1.3422,1.343,1.3392,1.3393,108773.29,0.0,0.0,0
15m,1775805300.0,1.3393,1.3404,1.339,1.34,42530.75,0.0,0.0,0
15m,1775806200.0,1.34,1.341,1.3386,1.3388,112727.76,0.0,0.0,0
15m,1775807100.0,1.3388,1.3393,1.3356,1.3371,118489.08,0.0,0.0,0
15m,1775808000.0,1.3371,1.3393,1.3351,1.3369,560869.2,0.0,0.0,0
15m,1775808900.0,1.3369,1.3398,1.3364,1.3392,170893.54,0.0,0.0,0
15m,1775809800.0,1.3392,1.3473,1.3391,1.343,1005300.08,0.0,0.0,0
15m,1775810700.0,1.343,1.343,1.3379,1.3394,444825.42,0.0,0.0,0
15m,1775811600.0,1.3394,1.3409,1.3391,1.3405,127132.9,0.0,0.0,0
15m,1775812500.0,1.3405,1.3428,1.3396,1.3401,224534.04,0.0,0.0,0
15m,1775813400.0,1.3401,1.3405,1.3385,1.3392,316464.36,0.0,0.0,0
15m,1775814300.0,1.3392,1.3406,1.3358,1.3387,1243714.1,0.0,0.0,0
15m,1775815200.0,1.3387,1.3387,1.3358,1.3373,272742.89,0.0,0.0,0
15m,1775816100.0,1.3373,1.3382,1.3364,1.3378,279095.81,0.0,0.0,0
15m,1775817000.0,1.3378,1.3399,1.3375,1.3391,399114.33,0.0,0.0,0
15m,1775817900.0,1.3391,1.3408,1.3361,1.3374,596071.3,0.0,0.0,0
15m,1775818800.0,1.3374,1.3415,1.337,1.341,251891.31,0.0,0.0,0
15m,1775819700.0,1.341,1.3422,1.3399,1.3417,422742.14,0.0,0.0,0
15m,1775820600.0,1.3417,1.3435,1.341,1.3416,195762.27,0.0,0.0,0
15m,1775821500.0,1.3416,1.3438,1.3405,1.3415,296255.58,0.0,0.0,0
15m,1775822400.0,1.3415,1.3463,1.3409,1.3423,953862.76,0.0,0.0,0
15m,1775823300.0,1.3423,1.3455,1.3398,1.3432,478735.23,0.0,0.0,0
15m,1775824200.0,1.3432,1.347,1.3407,1.3458,784010.12,0.0,0.0,0
15m,1775825100.0,1.3458,1.3459,1.3424,1.3429,229816.33,0.0,0.0,0
15m,1775826000.0,1.3429,1.3439,1.3418,1.3429,181762.43,0.0,0.0,0
15m,1775826900.0,1.3429,1.3449,1.3418,1.3437,192372.54,0.0,0.0,0
15m,1775827800.0,1.3437,1.3454,1.3379,1.3412,308812.4,0.0,0.0,0
15m,1775828700.0,1.3412,1.345,1.3408,1.3444,260981.38,0.0,0.0,0
15m,1775829600.0,1.3444,1.3484,1.3431,1.3471,415008.95,0.0,0.0,0
15m,1775830500.0,1.3471,1.355,1.3471,1.3529,750603.5,0.0,0.0,0
15m,1775831400.0,1.3529,1.3567,1.3504,1.3532,364374.94,0.0,0.0,0
15m,1775832300.0,1.3532,1.3579,1.3519,1.3578,226016.82,0.0,0.0,0
15m,1775833200.0,1.3578,1.3598,1.3561,1.3581,389768.36,0.0,0.0,0
15m,1775834100.0,1.3581,1.3608,1.354,1.3541,549017.58,0.0,0.0,0
15m,1775835000.0,1.3541,1.3555,1.3511,1.353,440613.15,0.0,0.0,0
15m,1775835900.0,1.353,1.3532,1.3459,1.3476,467692.27,0.0,0.0,0
15m,1775836800.0,1.3476,1.352,1.3474,1.3513,354343.19,0.0,0.0,0
15m,1775837700.0,1.3513,1.3536,1.3496,1.3513,410108.14,0.0,0.0,0
15m,1775838600.0,1.3513,1.3519,1.3474,1.3477,398055.56,0.0,0.0,0
15m,1775839500.0,1.3477,1.3523,1.3472,1.3512,536491.25,0.0,0.0,0
15m,1775840400.0,1.3512,1.3528,1.35,1.3517,155305.75,0.0,0.0,0
15m,1775841300.0,1.3517,1.353,1.3511,1.352,33737.84,0.0,0.0,0
15m,1775842200.0,1.352,1.3525,1.3486,1.3518,63176.34,0.0,0.0,0
15m,1775843100.0,1.3518,1.3557,1.3516,1.3553,62469.99,0.0,0.0,0
15m,1775844000.0,1.3553,1.3562,1.353,1.3548,70069.02,0.0,0.0,0
15m,1775844900.0,1.3548,1.3569,1.353,1.3567,92636.67,0.0,0.0,0
15m,1775845800.0,1.3567,1.3583,1.3555,1.3561,79385.23,0.0,0.0,0
15m,1775846700.0,1.3561,1.36,1.356,1.3597,157103.61,0.0,0.0,0
15m,1775847600.0,1.3597,1.3625,1.3594,1.3616,350997.87,0.0,0.0,0
15m,1775848500.0,1.3616,1.3623,1.3582,1.3623,251985.47,0.0,0.0,0
15m,1775849400.0,1.3623,1.3623,1.3595,1.3608,177620.18,0.0,0.0,0
15m,1775850300.0,1.3608,1.3632,1.3601,1.3629,212846.88,0.0,0.0,0
15m,1775851200.0,1.3629,1.3644,1.3609,1.364,502610.24,0.0,0.0,0
15m,1775852100.0,1.364,1.3659,1.3622,1.3631,391668.52,0.0,0.0,0
15m,1775853000.0,1.3631,1.3658,1.3597,1.3619,128862.16,0.0,0.0,0
15m,1775853900.0,1.3619,1.3654,1.3602,1.3643,117795.63,0.0,0.0,0
15m,1775854800.0,1.3643,1.3644,1.3588,1.3597,96083.27,0.0,0.0,0
15m,1775855700.0,1.3597,1.3605,1.3589,1.3594,50821.24,0.0,0.0,0
15m,1775856600.0,1.3594,1.3601,1.3574,1.3586,187748.53,0.0,0.0,0
15m,1775857500.0,1.3586,1.3604,1.3584,1.3603,48330.99,0.0,0.0,0
15m,1775858400.0,1.3603,1.3611,1.3593,1.3593,53496.96,0.0,0.0,0
15m,1775859300.0,1.3593,1.36,1.3577,1.3577,103576.85,0.0,0.0,0
15m,1775860200.0,1.3577,1.3578,1.3548,1.3566,170097.22,0.0,0.0,0
15m,1775861100.0,1.3566,1.3567,1.3556,1.3562,38091.86,0.0,0.0,0
15m,1775862000.0,1.3562,1.3564,1.3543,1.3549,75035.64,0.0,0.0,0
15m,1775862900.0,1.3549,1.3568,1.3544,1.356,54684.09,0.0,0.0,0
15m,1775863800.0,1.356,1.3561,1.3551,1.3556,39158.33,0.0,0.0,0
15m,1775864700.0,1.3556,1.3565,1.3554,1.3559,33556.58,0.0,0.0,0
15m,1775865600.0,1.3559,1.3564,1.3542,1.3551,84165.47,0.0,0.0,0
15m,1775866500.0,1.3551,1.3557,1.3537,1.355,55230.74,0.0,0.0,0
15m,1775867400.0,1.355,1.355,1.3531,1.3539,116745.3,0.0,0.0,0
15m,1775868300.0,1.3539,1.3548,1.3532,1.3543,69137.24,0.0,0.0,0
15m,1775869200.0,1.3543,1.3543,1.3517,1.3522,65216.41,0.0,0.0,0
15m,1775870100.0,1.3522,1.3524,1.3496,1.3511,160551.6,0.0,0.0,0
15m,1775871000.0,1.3511,1.353,1.3508,1.3517,78106.27,0.0,0.0,0
15m,1775871900.0,1.3517,1.3534,1.3517,1.3529,43303.2,0.0,0.0,0
15m,1775872800.0,1.3529,1.3548,1.3527,1.3541,65147.7,0.0,0.0,0
15m,1775873700.0,1.3541,1.356,1.3541,1.3559,66505.52,0.0,0.0,0
15m,1775874600.0,1.3559,1.3573,1.3545,1.3548,99362.83,0.0,0.0,0
15m,1775875500.0,1.3548,1.3548,1.3533,1.3548,97168.63,0.0,0.0,0
15m,1775876400.0,1.3548,1.3569,1.3548,1.3568,47103.86,0.0,0.0,0
15m,1775877300.0,1.3568,1.3571,1.3564,1.3564,50015.81,0.0,0.0,0
15m,1775878200.0,1.3564,1.3565,1.3541,1.3549,59756.18,0.0,0.0,0
15m,1775879100.0,1.3549,1.3549,1.3504,1.3506,152210.54,0.0,0.0,0
15m,1775880000.0,1.3506,1.3522,1.3496,1.3506,112445.2,0.0,0.0,0
15m,1775880900.0,1.3506,1.3507,1.3481,1.3485,104276.53,0.0,0.0,0
15m,1775881800.0,1.3485,1.3505,1.3484,1.3499,92459.59,0.0,0.0,0
15m,1775882700.0,1.3499,1.3512,1.3496,1.351,36737.08,0.0,0.0,0
15m,1775883600.0,1.351,1.3513,1.347,1.3472,98390.56,0.0,0.0,0
15m,1775884500.0,1.3472,1.3496,1.3461,1.3496,106274.5,0.0,0.0,0
15m,1775885400.0,1.3496,1.3507,1.3492,1.3493,38712.01,0.0,0.0,0
15m,1775886300.0,1.3493,1.3494,1.3476,1.3477,39026.54,0.0,0.0,0
15m,1775887200.0,1.3477,1.3477,1.344,1.3449,178011.96,0.0,0.0,0
15m,1775888100.0,1.3449,1.3459,1.3443,1.3454,48302.22,0.0,0.0,0
15m,1775889000.0,1.3454,1.3468,1.3452,1.3464,45092.46,0.0,0.0,0
15m,1775889900.0,1.3464,1.3469,1.3459,1.3464,32425.14,0.0,0.0,0
15m,1775890800.0,1.3464,1.3472,1.3457,1.3469,59545.37,0.0,0.0,0
15m,1775891700.0,1.3469,1.3479,1.3469,1.3473,38849.49,0.0,0.0,0
15m,1775892600.0,1.3473,1.3479,1.3466,1.3467,50059.18,0.0,0.0,0
15m,1775893500.0,1.3467,1.3467,1.3458,1.3466,32078.66,0.0,0.0,0
15m,1775894400.0,1.3466,1.3479,1.3461,1.3477,74656.15,0.0,0.0,0
15m,1775895300.0,1.3477,1.3486,1.3471,1.3476,59284.31,0.0,0.0,0
15m,1775896200.0,1.3476,1.348,1.3466,1.3472,20618.22,0.0,0.0,0
15m,1775897100.0,1.3472,1.3473,1.3448,1.3454,135428.82,0.0,0.0,0
15m,1775898000.0,1.3454,1.3455,1.3446,1.3453,51273.29,0.0,0.0,0
15m,1775898900.0,1.3453,1.3489,1.3453,1.3473,162518.07,0.0,0.0,0
15m,1775899800.0,1.3473,1.3474,1.3423,1.3459,480512.3,0.0,0.0,0
15m,1775900700.0,1.3459,1.348,1.3459,1.3477,101845.21,0.0,0.0,0
15m,1775901600.0,1.3477,1.348,1.3455,1.3465,55134.61,0.0,0.0,0
15m,1775902500.0,1.3465,1.3478,1.3456,1.3474,47114.38,0.0,0.0,0
15m,1775903400.0,1.3474,1.3476,1.3462,1.3469,116167.91,0.0,0.0,0
15m,1775904300.0,1.3469,1.3475,1.3463,1.3471,64180.83,0.0,0.0,0
15m,1775905200.0,1.3471,1.348,1.3462,1.3476,78727.16,0.0,0.0,0
15m,1775906100.0,1.3476,1.3499,1.3447,1.3447,813096.76,0.0,0.0,0
15m,1775907000.0,1.3447,1.3455,1.3441,1.3453,72036.21,0.0,0.0,0
15m,1775907900.0,1.3453,1.3464,1.3451,1.3456,84087.17,0.0,0.0,0
15m,1775908800.0,1.3456,1.346,1.3441,1.3446,102755.45,0.0,0.0,0
15m,1775909700.0,1.3446,1.3451,1.343,1.3433,82019.74,0.0,0.0,0
15m,1775910600.0,1.3433,1.3463,1.3418,1.3454,1009750.92,0.0,0.0,0
15m,1775911500.0,1.3454,1.3462,1.3442,1.3444,290112.21,0.0,0.0,0
15m,1775912400.0,1.3444,1.3444,1.3404,1.3417,369447.95,0.0,0.0,0
15m,1775913300.0,1.3417,1.3438,1.3412,1.3415,170564.35,0.0,0.0,0
15m,1775914200.0,1.3415,1.3441,1.3402,1.3437,139604.93,0.0,0.0,0
15m,1775915100.0,1.3437,1.3452,1.3437,1.345,63572.19,0.0,0.0,0
15m,1775916000.0,1.345,1.3467,1.3446,1.3467,238385.07,0.0,0.0,0
15m,1775916900.0,1.3467,1.3491,1.3442,1.3443,930679.75,0.0,0.0,0
15m,1775917800.0,1.3443,1.3443,1.3418,1.3419,119758.0,0.0,0.0,0
15m,1775918700.0,1.3419,1.3429,1.3419,1.3425,57704.64,0.0,0.0,0
15m,1775919600.0,1.3425,1.3431,1.3418,1.3424,396695.41,0.0,0.0,0
15m,1775920500.0,1.3424,1.3462,1.3394,1.3435,936552.66,0.0,0.0,0
15m,1775921400.0,1.3435,1.3461,1.3433,1.3452,112457.74,0.0,0.0,0
15m,1775922300.0,1.3452,1.3466,1.3452,1.3461,65900.74,0.0,0.0,0
15m,1775923200.0,1.3461,1.3486,1.3458,1.3486,37897.45,0.0,0.0,0
15m,1775924100.0,1.3486,1.3498,1.3479,1.3485,42224.71,0.0,0.0,0
15m,1775925000.0,1.3485,1.3588,1.3481,1.3561,339175.27,0.0,0.0,0
15m,1775925900.0,1.3561,1.3571,1.3535,1.3546,252862.6,0.0,0.0,0
15m,1775926800.0,1.3546,1.3554,1.352,1.352,184513.61,0.0,0.0,0
15m,1775927700.0,1.352,1.3538,1.3511,1.3525,101200.29,0.0,0.0,0
15m,1775928600.0,1.3525,1.3569,1.3525,1.3545,306899.27,0.0,0.0,0
15m,1775929500.0,1.3545,1.3548,1.353,1.353,39634.74,0.0,0.0,0
15m,1775930400.0,1.353,1.3533,1.3513,1.3525,50886.21,0.0,0.0,0
15m,1775931300.0,1.3525,1.3557,1.3525,1.3553,65281.11,0.0,0.0,0
15m,1775932200.0,1.3553,1.3671,1.3553,1.3639,783294.54,0.0,0.0,0
15m,1775933100.0,1.3639,1.3671,1.3628,1.3641,137586.92,0.0,0.0,0
15m,1775934000.0,1.3641,1.369,1.3631,1.3678,405763.72,0.0,0.0,0
15m,1775934900.0,1.3678,1.3702,1.3655,1.3694,265452.82,0.0,0.0,0
15m,1775935800.0,1.3694,1.3751,1.3694,1.3719,381185.79,0.0,0.0,0
15m,1775936700.0,1.3719,1.3719,1.3692,1.371,265939.29,0.0,0.0,0
15m,1775937600.0,1.371,1.3727,1.3683,1.3697,146237.06,0.0,0.0,0
15m,1775938500.0,1.3697,1.3698,1.3646,1.3647,355842.98,0.0,0.0,0
15m,1775939400.0,1.3647,1.3647,1.3583,1.3609,320831.36,0.0,0.0,0
15m,1775940300.0,1.3609,1.364,1.3601,1.3616,63650.91,0.0,0.0,0
15m,1775941200.0,1.3616,1.3634,1.3595,1.363,159407.71,0.0,0.0,0
15m,1775942100.0,1.363,1.3639,1.3607,1.3613,81124.13,0.0,0.0,0
15m,1775943000.0,1.3613,1.3656,1.3604,1.3638,192372.69,0.0,0.0,0
15m,1775943900.0,1.3638,1.3655,1.362,1.3624,130384.29,0.0,0.0,0
15m,1775944800.0,1.3624,1.3672,1.3618,1.3667,359381.62,0.0,0.0,0
15m,1775945700.0,1.3667,1.3699,1.3646,1.3652,308075.17,0.0,0.0,0
15m,1775946600.0,1.3652,1.3654,1.3601,1.3622,158145.43,0.0,0.0,0
15m,1775947500.0,1.3622,1.3627,1.3606,1.3616,45612.45,0.0,0.0,0
15m,1775948400.0,1.3616,1.3616,1.3512,1.3541,320893.76,0.0,0.0,0
15m,1775949300.0,1.3541,1.3566,1.3539,1.3553,65710.01,0.0,0.0,0
15m,1775950200.0,1.3553,1.3573,1.3547,1.3554,65457.59,0.0,0.0,0
15m,1775951100.0,1.3554,1.3561,1.3539,1.3544,67910.78,0.0,0.0,0
15m,1775952000.0,1.3544,1.3547,1.3516,1.3523,209986.52,0.0,0.0,0
15m,1775952900.0,1.3523,1.3535,1.3517,1.3524,60278.2,0.0,0.0,0
15m,1775953800.0,1.3524,1.3541,1.3515,1.353,38053.74,0.0,0.0,0
15m,1775954700.0,1.353,1.3538,1.3528,1.3535,37756.77,0.0,0.0,0
15m,1775955600.0,1.3535,1.3559,1.3525,1.3553,68107.08,0.0,0.0,0
15m,1775956500.0,1.3553,1.3557,1.3543,1.355,8116.38,0.0,0.0,0
15m,1775957400.0,1.355,1.3551,1.3317,1.3334,1566853.94,0.0,0.0,0
15m,1775958300.0,1.3334,1.3336,1.3259,1.3295,1270602.6,0.0,0.0,0
15m,1775959200.0,1.3295,1.3347,1.3254,1.3341,497370.18,0.0,0.0,0
15m,1775960100.0,1.3341,1.3375,1.3326,1.3344,328348.4,0.0,0.0,0
15m,1775961000.0,1.3344,1.3377,1.3341,1.3357,149101.54,0.0,0.0,0
15m,1775961900.0,1.3357,1.336,1.3335,1.3344,80320.8,0.0,0.0,0
15m,1775962800.0,1.3344,1.3363,1.3324,1.3345,167618.33,0.0,0.0,0
15m,1775963700.0,1.3345,1.3356,1.3317,1.3322,238892.62,0.0,0.0,0
15m,1775964600.0,1.3322,1.3331,1.3301,1.3321,226912.46,0.0,0.0,0
15m,1775965500.0,1.3321,1.3323,1.3302,1.3304,151913.41,0.0,0.0,0
15m,1775966400.0,1.3304,1.3309,1.3283,1.3291,147616.44,0.0,0.0,0
15m,1775967300.0,1.3291,1.3299,1.3271,1.3283,235760.96,0.0,0.0,0
15m,1775968200.0,1.3283,1.3298,1.3275,1.3296,181508.6,0.0,0.0,0
15m,1775969100.0,1.3296,1.3302,1.3278,1.3281,80127.85,0.0,0.0,0
15m,1775970000.0,1.3281,1.3297,1.3271,1.3277,97370.94,0.0,0.0,0
15m,1775970900.0,1.3277,1.3309,1.327,1.3309,122624.79,0.0,0.0,0
15m,1775971800.0,1.3309,1.3311,1.3289,1.3299,119914.17,0.0,0.0,0
15m,1775972700.0,1.3299,1.331,1.3297,1.3305,49429.39,0.0,0.0,0
15m,1775973600.0,1.3305,1.3323,1.3299,1.3321,55302.79,0.0,0.0,0
15m,1775974500.0,1.3321,1.3321,1.3302,1.3307,62714.55,0.0,0.0,0
15m,1775975400.0,1.3307,1.3307,1.3292,1.3293,54569.51,0.0,0.0,0
15m,1775976300.0,1.3293,1.3297,1.3286,1.3295,363385.18,0.0,0.0,0
15m,1775977200.0,1.3295,1.3295,1.3274,1.328,170777.02,0.0,0.0,0
15m,1775978100.0,1.328,1.329,1.3275,1.329,94999.23,0.0,0.0,0
15m,1775979000.0,1.329,1.3308,1.3289,1.3307,151481.31,0.0,0.0,0
15m,1775979900.0,1.3307,1.331,1.3296,1.3298,76328.94,0.0,0.0,0
15m,1775980800.0,1.3298,1.3298,1.3289,1.3291,144448.27,0.0,0.0,0
15m,1775981700.0,1.3291,1.3305,1.329,1.3305,53130.69,0.0,0.0,0
15m,1775982600.0,1.3305,1.3319,1.3305,1.3312,65762.62,0.0,0.0,0
15m,1775983500.0,1.3312,1.3313,1.328,1.3286,208204.9,0.0,0.0,0
15m,1775984400.0,1.3286,1.3296,1.3262,1.3296,616837.21,0.0,0.0,0
15m,1775985300.0,1.3296,1.332,1.3295,1.331,106010.84,0.0,0.0,0
15m,1775986200.0,1.331,1.3312,1.3297,1.3302,60077.61,0.0,0.0,0
15m,1775987100.0,1.3302,1.3304,1.329,1.3303,45878.07,0.0,0.0,0
15m,1775988000.0,1.3303,1.3322,1.3303,1.3312,38673.41,0.0,0.0,0
15m,1775988900.0,1.3312,1.3327,1.3312,1.3324,29455.64,0.0,0.0,0
15m,1775989800.0,1.3324,1.3329,1.3319,1.3319,25312.24,0.0,0.0,0
15m,1775990700.0,1.3319,1.3325,1.3295,1.3306,122414.96,0.0,0.0,0
15m,1775991600.0,1.3306,1.334,1.3299,1.3325,678273.77,0.0,0.0,0
15m,1775992500.0,1.3325,1.3326,1.3315,1.332,47176.06,0.0,0.0,0
15m,1775993400.0,1.332,1.3331,1.3312,1.333,63524.46,0.0,0.0,0
15m,1775994300.0,1.333,1.3336,1.3328,1.333,39332.72,0.0,0.0,0
15m,1775995200.0,1.333,1.333,1.3307,1.3308,112817.8,0.0,0.0,0
15m,1775996100.0,1.3308,1.3309,1.3301,1.3307,140166.46,0.0,0.0,0
15m,1775997000.0,1.3307,1.3338,1.3276,1.3337,515241.72,0.0,0.0,0
15m,1775997900.0,1.3337,1.3345,1.3292,1.3309,390210.29,0.0,0.0,0
15m,1775998800.0,1.3309,1.3319,1.3276,1.3286,244684.27,0.0,0.0,0
15m,1775999700.0,1.3286,1.3328,1.3286,1.33,148157.67,0.0,0.0,0
15m,1776000600.0,1.33,1.3321,1.3266,1.328,1714574.53,0.0,0.0,0
15m,1776001500.0,1.328,1.328,1.3232,1.3235,602909.52,0.0,0.0,0
15m,1776002400.0,1.3235,1.3257,1.3216,1.3244,1286845.65,0.0,0.0,0
15m,1776003300.0,1.3244,1.3269,1.3244,1.3268,292407.74,0.0,0.0,0
15m,1776004200.0,1.3268,1.3269,1.3235,1.3244,343366.79,0.0,0.0,0
15m,1776005100.0,1.3244,1.3279,1.3223,1.3223,981709.21,0.0,0.0,0
15m,1776006000.0,1.3223,1.3249,1.3218,1.3246,182872.86,0.0,0.0,0
15m,1776006900.0,1.3246,1.3247,1.3222,1.3222,183644.74,0.0,0.0,0
15m,1776007800.0,1.3222,1.3241,1.3193,1.3236,337449.84,0.0,0.0,0
15m,1776008700.0,1.3236,1.3252,1.3235,1.3238,80780.6,0.0,0.0,0
15m,1776009600.0,1.3238,1.3261,1.3233,1.3259,90298.76,0.0,0.0,0
15m,1776010500.0,1.3259,1.3268,1.3242,1.3263,89210.76,0.0,0.0,0
15m,1776011400.0,1.3263,1.3267,1.3252,1.3261,117031.85,0.0,0.0,0
15m,1776012300.0,1.3261,1.328,1.3261,1.3279,87335.84,0.0,0.0,0
15m,1776013200.0,1.3279,1.3297,1.3273,1.3273,101081.04,0.0,0.0,0
15m,1776014100.0,1.3273,1.3292,1.3271,1.329,57598.95,0.0,0.0,0
15m,1776015000.0,1.329,1.3306,1.3289,1.3306,79100.31,0.0,0.0,0
15m,1776015900.0,1.3306,1.3337,1.3289,1.3326,155433.07,0.0,0.0,0
15m,1776016800.0,1.3326,1.334,1.3316,1.3328,169283.04,0.0,0.0,0
15m,1776017700.0,1.3328,1.3339,1.33,1.3303,91114.17,0.0,0.0,0
15m,1776018600.0,1.3303,1.3316,1.3302,1.331,83514.61,0.0,0.0,0
15m,1776019500.0,1.331,1.3311,1.33,1.3307,41710.33,0.0,0.0,0
15m,1776020400.0,1.3307,1.3315,1.3304,1.3304,100719.2,0.0,0.0,0
15m,1776021300.0,1.3304,1.3311,1.3297,1.3309,108947.65,0.0,0.0,0
15m,1776022200.0,1.3309,1.3318,1.3306,1.3313,65023.35,0.0,0.0,0
15m,1776023100.0,1.3313,1.3313,1.3297,1.3309,41799.98,0.0,0.0,0
15m,1776024000.0,1.3309,1.3322,1.33,1.3301,83965.2,0.0,0.0,0
15m,1776024900.0,1.3301,1.3325,1.3295,1.3322,46329.59,0.0,0.0,0
15m,1776025800.0,1.3322,1.3394,1.3321,1.3379,240861.06,0.0,0.0,0
15m,1776026700.0,1.3379,1.3395,1.3356,1.3366,106138.49,0.0,0.0,0
15m,1776027600.0,1.3366,1.3391,1.335,1.3358,227271.09,0.0,0.0,0
15m,1776028500.0,1.3358,1.3369,1.3358,1.336,51877.2,0.0,0.0,0
15m,1776029400.0,1.336,1.3377,1.3337,1.3363,129696.03,0.0,0.0,0
15m,1776030300.0,1.3363,1.3368,1.3354,1.3365,40823.81,0.0,0.0,0
15m,1776031200.0,1.3365,1.3365,1.3262,1.3308,498144.67,0.0,0.0,0
15m,1776032100.0,1.3308,1.3311,1.3245,1.326,271975.78,0.0,0.0,0
15m,1776033000.0,1.326,1.3304,1.3231,1.3279,169727.44,0.0,0.0,0
15m,1776033900.0,1.3279,1.3285,1.3262,1.328,91729.0,0.0,0.0,0
15m,1776034800.0,1.328,1.328,1.3233,1.3238,150153.45,0.0,0.0,0
15m,1776035700.0,1.3238,1.3263,1.3231,1.326,133118.19,0.0,0.0,0
15m,1776036600.0,1.326,1.326,1.3225,1.3252,94373.44,0.0,0.0,0
15m,1776037500.0,1.3252,1.3264,1.323,1.3246,68032.88,0.0,0.0,0
15m,1776038400.0,1.3246,1.3289,1.3232,1.3281,162187.04,0.0,0.0,0
15m,1776039300.0,1.3281,1.3312,1.3263,1.3295,121836.24,0.0,0.0,0
15m,1776040200.0,1.3295,1.3312,1.3284,1.3288,47371.36,0.0,0.0,0
15m,1776041100.0,1.3288,1.3333,1.3282,1.3319,58885.85,0.0,0.0,0
15m,1776042000.0,1.3319,1.332,1.3287,1.3287,79557.85,0.0,0.0,0
15m,1776042900.0,1.3287,1.329,1.3279,1.3284,52486.08,0.0,0.0,0
15m,1776043800.0,1.3284,1.3304,1.3266,1.3303,51399.09,0.0,0.0,0
15m,1776044700.0,1.3303,1.333,1.33,1.3321,59085.53,0.0,0.0,0
15m,1776045600.0,1.3321,1.3332,1.3267,1.327,104066.83,0.0,0.0,0
15m,1776046500.0,1.327,1.3314,1.3265,1.3293,51217.53,0.0,0.0,0
15m,1776047400.0,1.3293,1.3307,1.3252,1.3252,143498.91,0.0,0.0,0
15m,1776048300.0,1.3252,1.326,1.3246,1.3255,81405.59,0.0,0.0,0
15m,1776049200.0,1.3255,1.3274,1.3244,1.3273,114450.09,0.0,0.0,0
15m,1776050100.0,1.3273,1.329,1.3264,1.3267,59200.49,0.0,0.0,0
15m,1776051000.0,1.3267,1.3271,1.3245,1.3258,55475.23,0.0,0.0,0
15m,1776051900.0,1.3258,1.3263,1.3252,1.3256,83746.61,0.0,0.0,0
15m,1776052800.0,1.3256,1.3264,1.3243,1.3249,65320.08,0.0,0.0,0
15m,1776053700.0,1.3249,1.3262,1.3242,1.3255,179989.11,0.0,0.0,0
15m,1776054600.0,1.3255,1.3273,1.3252,1.326,118865.55,0.0,0.0,0
15m,1776055500.0,1.326,1.326,1.3196,1.323,573926.17,0.0,0.0,0
15m,1776056400.0,1.323,1.3238,1.3219,1.3232,97034.76,0.0,0.0,0
15m,1776057300.0,1.3232,1.3248,1.323,1.3244,53634.69,0.0,0.0,0
15m,1776058200.0,1.3244,1.3259,1.3231,1.3249,71064.84,0.0,0.0,0
15m,1776059100.0,1.3249,1.3319,1.3249,1.3314,161521.04,0.0,0.0,0
15m,1776060000.0,1.3314,1.3342,1.3311,1.3322,173217.63,0.0,0.0,0
15m,1776060900.0,1.3322,1.3369,1.3317,1.3359,250323.38,0.0,0.0,0
15m,1776061800.0,1.3359,1.3364,1.3318,1.3342,1091359.31,0.0,0.0,0
15m,1776062700.0,1.3342,1.3352,1.3336,1.3343,215263.72,0.0,0.0,0
15m,1776063600.0,1.3343,1.3353,1.3318,1.3322,138322.87,0.0,0.0,0
15m,1776064500.0,1.3322,1.3326,1.3281,1.3288,112241.01,0.0,0.0,0
15m,1776065400.0,1.3288,1.3295,1.3269,1.3274,72384.33,0.0,0.0,0
15m,1776066300.0,1.3274,1.328,1.3253,1.3255,106557.7,0.0,0.0,0
15m,1776067200.0,1.3255,1.3286,1.3229,1.3271,510599.21,0.0,0.0,0
15m,1776068100.0,1.3271,1.3273,1.3252,1.326,99424.0,0.0,0.0,0
15m,1776069000.0,1.326,1.326,1.323,1.3233,87990.65,0.0,0.0,0
15m,1776069900.0,1.3233,1.3257,1.323,1.3255,61062.13,0.0,0.0,0
15m,1776070800.0,1.3255,1.3305,1.3255,1.3273,184730.85,0.0,0.0,0
15m,1776071700.0,1.3273,1.3287,1.3256,1.327,386904.39,0.0,0.0,0
15m,1776072600.0,1.327,1.3287,1.3245,1.3273,976660.5,0.0,0.0,0
15m,1776073500.0,1.3273,1.3277,1.3265,1.3267,38254.42,0.0,0.0,0
15m,1776074400.0,1.3267,1.3267,1.3254,1.3267,81866.03,0.0,0.0,0
15m,1776075300.0,1.3267,1.3268,1.3248,1.3256,39176.31,0.0,0.0,0
15m,1776076200.0,1.3256,1.3263,1.3237,1.3247,81234.06,0.0,0.0,0
15m,1776077100.0,1.3247,1.326,1.3243,1.3252,53868.09,0.0,0.0,0
15m,1776078000.0,1.3252,1.3272,1.3248,1.326,140240.82,0.0,0.0,0
15m,1776078900.0,1.326,1.3268,1.3254,1.3266,82441.79,0.0,0.0,0
15m,1776079800.0,1.3266,1.3279,1.3253,1.3276,63665.58,0.0,0.0,0
15m,1776080700.0,1.3276,1.328,1.3257,1.3257,72009.7,0.0,0.0,0
15m,1776081600.0,1.3257,1.3279,1.3245,1.3266,148468.15,0.0,0.0,0
15m,1776082500.0,1.3266,1.3268,1.3239,1.324,85079.96,0.0,0.0,0
15m,1776083400.0,1.324,1.3264,1.3235,1.3257,129921.96,0.0,0.0,0
15m,1776084300.0,1.3257,1.3337,1.3257,1.3321,338169.47,0.0,0.0,0
15m,1776085200.0,1.3321,1.3345,1.3306,1.3334,477431.9,0.0,0.0,0
15m,1776086100.0,1.3334,1.334,1.33,1.3317,330636.24,0.0,0.0,0
15m,1776087000.0,1.3317,1.3326,1.3275,1.3294,150924.2,0.0,0.0,0
15m,1776087900.0,1.3294,1.3414,1.3279,1.3394,722623.47,0.0,0.0,0
15m,1776088800.0,1.3394,1.3408,1.3348,1.3373,234431.37,0.0,0.0,0
15m,1776089700.0,1.3373,1.3388,1.3318,1.3356,208744.67,0.0,0.0,0
15m,1776090600.0,1.3356,1.3424,1.335,1.3413,217951.58,0.0,0.0,0
15m,1776091500.0,1.3413,1.3465,1.3392,1.3458,395552.38,0.0,0.0,0
15m,1776092400.0,1.3458,1.3461,1.3379,1.3388,300339.92,0.0,0.0,0
15m,1776093300.0,1.3388,1.3393,1.3356,1.3366,116815.21,0.0,0.0,0
15m,1776094200.0,1.3366,1.3366,1.3311,1.3326,211376.35,0.0,0.0,0
15m,1776095100.0,1.3326,1.3348,1.3318,1.3345,86273.48,0.0,0.0,0
15m,1776096000.0,1.3345,1.3358,1.3294,1.3357,227572.45,0.0,0.0,0
15m,1776096900.0,1.3357,1.3403,1.3341,1.3395,206935.67,0.0,0.0,0
15m,1776097800.0,1.3395,1.3417,1.3386,1.3406,281541.24,0.0,0.0,0
15m,1776098700.0,1.3406,1.3423,1.3375,1.3396,158283.73,0.0,0.0,0
15m,1776099600.0,1.3396,1.3406,1.3372,1.3385,76570.35,0.0,0.0,0
15m,1776100500.0,1.3385,1.3413,1.3384,1.3413,91820.52,0.0,0.0,0
15m,1776101400.0,1.3413,1.3456,1.3413,1.3433,157507.97,0.0,0.0,0
15m,1776102300.0,1.3433,1.3442,1.3379,1.3379,95646.0,0.0,0.0,0
15m,1776103200.0,1.3379,1.3386,1.3361,1.3376,64258.78,0.0,0.0,0
15m,1776104100.0,1.3376,1.3387,1.3346,1.3352,85141.77,0.0,0.0,0
15m,1776105000.0,1.3352,1.3402,1.3352,1.3391,104683.01,0.0,0.0,0
15m,1776105900.0,1.3391,1.3406,1.3379,1.3404,85273.8,0.0,0.0,0
15m,1776106800.0,1.3404,1.3409,1.3391,1.3392,71361.7,0.0,0.0,0
15m,1776107700.0,1.3392,1.3476,1.3392,1.3458,247521.23,0.0,0.0,0
15m,1776108600.0,1.3458,1.3496,1.3456,1.348,529941.28,0.0,0.0,0
15m,1776109500.0,1.348,1.3556,1.3478,1.3533,707916.17,0.0,0.0,0
15m,1776110400.0,1.3533,1.3553,1.3505,1.3505,639997.16,0.0,0.0,0
15m,1776111300.0,1.3505,1.352,1.3498,1.3505,147004.66,0.0,0.0,0
15m,1776112200.0,1.3505,1.3509,1.3482,1.3494,155835.65,0.0,0.0,0
15m,1776113100.0,1.3494,1.3497,1.3469,1.3471,164072.63,0.0,0.0,0
15m,1776114000.0,1.3471,1.3513,1.3439,1.3502,347567.49,0.0,0.0,0
15m,1776114900.0,1.3502,1.352,1.3493,1.3513,261510.42,0.0,0.0,0
15m,1776115800.0,1.3513,1.3535,1.3504,1.3523,180950.21,0.0,0.0,0
15m,1776116700.0,1.3523,1.353,1.3509,1.351,80664.18,0.0,0.0,0
15m,1776117600.0,1.351,1.3633,1.3503,1.3596,626843.32,0.0,0.0,0
15m,1776118500.0,1.3596,1.3749,1.3594,1.3716,1868609.51,0.0,0.0,0
15m,1776119400.0,1.3716,1.3761,1.3672,1.3702,1136388.02,0.0,0.0,0
15m,1776120300.0,1.3702,1.3772,1.369,1.3749,645912.88,0.0,0.0,0
15m,1776121200.0,1.3749,1.3767,1.3709,1.3757,673226.2,0.0,0.0,0
15m,1776122100.0,1.3757,1.3841,1.3738,1.3802,1347161.73,0.0,0.0,0
15m,1776123000.0,1.3802,1.3814,1.3766,1.3769,370614.52,0.0,0.0,0
15m,1776123900.0,1.3769,1.3779,1.3754,1.3755,703374.87,0.0,0.0,0
15m,1776124800.0,1.3755,1.3773,1.3672,1.3683,529839.47,0.0,0.0,0
15m,1776125700.0,1.3683,1.3685,1.3634,1.3645,219899.06,0.0,0.0,0
15m,1776126600.0,1.3645,1.3676,1.363,1.3648,261411.81,0.0,0.0,0
15m,1776127500.0,1.3648,1.3657,1.3609,1.3623,457916.17,0.0,0.0,0
15m,1776128400.0,1.3623,1.3658,1.3596,1.3658,208998.44,0.0,0.0,0
15m,1776129300.0,1.3658,1.3666,1.3638,1.3641,354146.38,0.0,0.0,0
15m,1776130200.0,1.3641,1.3667,1.363,1.3666,587741.54,0.0,0.0,0
15m,1776131100.0,1.3666,1.3681,1.3654,1.3664,194509.38,0.0,0.0,0
15m,1776132000.0,1.3664,1.3679,1.366,1.3669,259504.84,0.0,0.0,0
15m,1776132900.0,1.3669,1.3694,1.3662,1.3683,184700.69,0.0,0.0,0
15m,1776133800.0,1.3683,1.371,1.3647,1.3704,302412.74,0.0,0.0,0
15m,1776134700.0,1.3704,1.3705,1.3676,1.3684,97535.18,0.0,0.0,0
15m,1776135600.0,1.3684,1.3684,1.366,1.3662,175225.7,0.0,0.0,0
15m,1776136500.0,1.3662,1.3674,1.3655,1.3662,136400.98,0.0,0.0,0
15m,1776137400.0,1.3662,1.3678,1.3657,1.3673,85446.71,0.0,0.0,0
15m,1776138300.0,1.3673,1.3675,1.3661,1.3671,65473.01,0.0,0.0,0
15m,1776139200.0,1.3671,1.3682,1.3665,1.3677,72944.6,0.0,0.0,0
15m,1776140100.0,1.3677,1.3677,1.3646,1.3648,93178.54,0.0,0.0,0
15m,1776141000.0,1.3648,1.3648,1.3634,1.364,71533.89,0.0,0.0,0
15m,1776141900.0,1.364,1.3651,1.3605,1.3635,723048.05,0.0,0.0,0
15m,1776142800.0,1.3635,1.3648,1.363,1.363,89189.21,0.0,0.0,0
15m,1776143700.0,1.363,1.3653,1.362,1.3647,163593.85,0.0,0.0,0
15m,1776144600.0,1.3647,1.3654,1.3642,1.3648,47154.22,0.0,0.0,0
15m,1776145500.0,1.3648,1.3651,1.3615,1.3621,52883.07,0.0,0.0,0
15m,1776146400.0,1.3621,1.3664,1.3621,1.3657,87184.06,0.0,0.0,0
15m,1776147300.0,1.3657,1.3695,1.365,1.3682,231170.18,0.0,0.0,0
15m,1776148200.0,1.3682,1.3731,1.3676,1.3677,1076380.99,0.0,0.0,0
15m,1776149100.0,1.3677,1.3716,1.3676,1.3714,136430.26,0.0,0.0,0
15m,1776150000.0,1.3714,1.3774,1.3702,1.3742,319931.98,0.0,0.0,0
15m,1776150900.0,1.3742,1.3747,1.3683,1.373,666072.64,0.0,0.0,0
15m,1776151800.0,1.373,1.3735,1.3697,1.3697,150783.64,0.0,0.0,0
15m,1776152700.0,1.3697,1.3703,1.3675,1.368,423611.5,0.0,0.0,0
15m,1776153600.0,1.368,1.3687,1.3663,1.3672,213625.94,0.0,0.0,0
15m,1776154500.0,1.3672,1.3699,1.3672,1.3695,188922.01,0.0,0.0,0
15m,1776155400.0,1.3695,1.3747,1.3695,1.3729,324109.13,0.0,0.0,0
15m,1776156300.0,1.3729,1.3753,1.3723,1.3732,100560.8,0.0,0.0,0
15m,1776157200.0,1.3732,1.3756,1.3732,1.3756,137444.8,0.0,0.0,0
15m,1776158100.0,1.3756,1.3759,1.3722,1.3731,103312.49,0.0,0.0,0
15m,1776159000.0,1.3731,1.3746,1.3717,1.372,175018.78,0.0,0.0,0
15m,1776159900.0,1.372,1.3736,1.3711,1.3732,65720.27,0.0,0.0,0
15m,1776160800.0,1.3732,1.3733,1.3714,1.3717,77661.77,0.0,0.0,0
15m,1776161700.0,1.3717,1.3718,1.3701,1.3706,128196.92,0.0,0.0,0
15m,1776162600.0,1.3706,1.372,1.369,1.3694,140598.45,0.0,0.0,0
15m,1776163500.0,1.3694,1.3712,1.3691,1.3701,68696.31,0.0,0.0,0
15m,1776164400.0,1.3701,1.3744,1.3695,1.3728,151414.58,0.0,0.0,0
15m,1776165300.0,1.3728,1.3732,1.3691,1.3691,80098.93,0.0,0.0,0
15m,1776166200.0,1.3691,1.3699,1.3679,1.3693,177398.99,0.0,0.0,0
15m,1776167100.0,1.3693,1.3716,1.3688,1.3691,196948.62,0.0,0.0,0
15m,1776168000.0,1.3691,1.3712,1.3687,1.3693,105480.53,0.0,0.0,0
15m,1776168900.0,1.3693,1.3713,1.366,1.3661,350339.18,0.0,0.0,0
15m,1776169800.0,1.3661,1.3684,1.3651,1.3657,168858.22,0.0,0.0,0
15m,1776170700.0,1.3657,1.3674,1.3653,1.3674,211725.19,0.0,0.0,0
15m,1776171600.0,1.3674,1.3716,1.3672,1.3716,175933.49,0.0,0.0,0
15m,1776172500.0,1.3716,1.376,1.3703,1.3735,282655.42,0.0,0.0,0
15m,1776173400.0,1.3735,1.3837,1.3734,1.3826,721642.51,0.0,0.0,0
15m,1776174300.0,1.3826,1.3934,1.3815,1.3927,1824897.58,0.0,0.0,0
15m,1776175200.0,1.3927,1.3953,1.3847,1.3886,725691.87,0.0,0.0,0
15m,1776176100.0,1.3886,1.3897,1.3849,1.3882,363460.3,0.0,0.0,0
15m,1776177000.0,1.3882,1.3947,1.3773,1.3777,995215.35,0.0,0.0,0
15m,1776177900.0,1.3777,1.3799,1.3719,1.3719,359239.91,0.0,0.0,0
15m,1776178800.0,1.3719,1.3758,1.3672,1.3711,465110.79,0.0,0.0,0
15m,1776179700.0,1.3711,1.3742,1.3698,1.3703,244094.34,0.0,0.0,0
15m,1776180600.0,1.3703,1.3773,1.37,1.3772,220014.66,0.0,0.0,0
15m,1776181500.0,1.3772,1.3794,1.3732,1.3743,431030.44,0.0,0.0,0
15m,1776182400.0,1.3743,1.3808,1.3743,1.3781,241493.0,0.0,0.0,0
15m,1776183300.0,1.3781,1.3783,1.3728,1.3742,189534.02,0.0,0.0,0
15m,1776184200.0,1.3742,1.3755,1.3721,1.3745,83508.41,0.0,0.0,0
15m,1776185100.0,1.3745,1.3749,1.3662,1.3685,334058.04,0.0,0.0,0
15m,1776186000.0,1.3685,1.3717,1.3674,1.3709,97483.74,0.0,0.0,0
15m,1776186900.0,1.3709,1.374,1.3702,1.3707,105804.86,0.0,0.0,0
15m,1776187800.0,1.3707,1.3717,1.3654,1.3699,206836.18,0.0,0.0,0
15m,1776188700.0,1.3699,1.3708,1.3684,1.3689,118086.95,0.0,0.0,0
15m,1776189600.0,1.3689,1.3704,1.3664,1.367,153580.99,0.0,0.0,0
15m,1776190500.0,1.367,1.3673,1.3614,1.3627,256781.07,0.0,0.0,0
15m,1776191400.0,1.3627,1.364,1.3575,1.3586,319489.05,0.0,0.0,0
15m,1776192300.0,1.3586,1.3594,1.3523,1.3546,487744.05,0.0,0.0,0
15m,1776193200.0,1.3546,1.3589,1.3537,1.3563,231677.6,0.0,0.0,0
15m,1776194100.0,1.3563,1.359,1.3525,1.3585,285672.43,0.0,0.0,0
15m,1776195000.0,1.3585,1.3606,1.3568,1.3582,276834.36,0.0,0.0,0
15m,1776195900.0,1.3582,1.3608,1.3578,1.3604,203700.39,0.0,0.0,0
15m,1776196800.0,1.3604,1.3617,1.3575,1.3603,265307.66,0.0,0.0,0
15m,1776197700.0,1.3603,1.3606,1.3553,1.3563,186335.59,0.0,0.0,0
15m,1776198600.0,1.3563,1.3586,1.3559,1.3579,127384.75,0.0,0.0,0
15m,1776199500.0,1.3579,1.3589,1.3557,1.3567,216223.03,0.0,0.0,0
15m,1776200400.0,1.3567,1.3604,1.3559,1.3584,188501.0,0.0,0.0,0
15m,1776201300.0,1.3584,1.3595,1.3575,1.3588,159560.58,0.0,0.0,0
15m,1776202200.0,1.3588,1.3601,1.3578,1.3588,140466.7,0.0,0.0,0
15m,1776203100.0,1.3588,1.3619,1.358,1.36,171811.27,0.0,0.0,0
15m,1776204000.0,1.36,1.3653,1.3588,1.3635,282471.23,0.0,0.0,0
15m,1776204900.0,1.3635,1.3635,1.3605,1.3615,233581.84,0.0,0.0,0
15m,1776205800.0,1.3615,1.3636,1.3573,1.3573,615640.78,0.0,0.0,0
15m,1776206700.0,1.3573,1.36,1.3555,1.3584,451259.45,0.0,0.0,0
15m,1776207600.0,1.3584,1.3604,1.3571,1.3583,162382.47,0.0,0.0,0
15m,1776208500.0,1.3583,1.3608,1.3582,1.3602,191932.94,0.0,0.0,0
15m,1776209400.0,1.3602,1.3649,1.3601,1.364,263222.88,0.0,0.0,0
15m,1776210300.0,1.364,1.366,1.3603,1.3616,776095.98,0.0,0.0,0
15m,1776211200.0,1.3616,1.3657,1.361,1.3613,176027.52,0.0,0.0,0
15m,1776212100.0,1.3613,1.3626,1.3574,1.3621,1230574.65,0.0,0.0,0
15m,1776213000.0,1.3621,1.3643,1.3605,1.3639,388694.43,0.0,0.0,0
15m,1776213900.0,1.3639,1.3667,1.3608,1.362,1137204.23,0.0,0.0,0
15m,1776214800.0,1.362,1.3648,1.3591,1.3637,755697.39,0.0,0.0,0
15m,1776215700.0,1.3637,1.3644,1.36,1.3614,430313.26,0.0,0.0,0
15m,1776216600.0,1.3614,1.3628,1.3591,1.3625,420130.94,0.0,0.0,0
15m,1776217500.0,1.3625,1.3648,1.3614,1.3623,185579.86,0.0,0.0,0
15m,1776218400.0,1.3623,1.3641,1.3607,1.3616,53234.57,0.0,0.0,0
15m,1776219300.0,1.3616,1.3634,1.3595,1.3597,366735.22,0.0,0.0,0
15m,1776220200.0,1.3597,1.3599,1.3555,1.3566,254245.76,0.0,0.0,0
15m,1776221100.0,1.3566,1.3573,1.3555,1.3573,88037.52,0.0,0.0,0
15m,1776222000.0,1.3573,1.3574,1.3559,1.3569,41551.33,0.0,0.0,0
15m,1776222900.0,1.3569,1.3584,1.3562,1.3572,64147.82,0.0,0.0,0
15m,1776223800.0,1.3572,1.358,1.3561,1.3567,95176.45,0.0,0.0,0
15m,1776224700.0,1.3567,1.3583,1.3565,1.3577,50085.29,0.0,0.0,0
15m,1776225600.0,1.3577,1.3599,1.3574,1.3585,104411.57,0.0,0.0,0
15m,1776226500.0,1.3585,1.3599,1.358,1.3582,64847.1,0.0,0.0,0
15m,1776227400.0,1.3582,1.3607,1.3578,1.3592,111044.15,0.0,0.0,0
15m,1776228300.0,1.3592,1.3598,1.3577,1.3594,73044.49,0.0,0.0,0
15m,1776229200.0,1.3594,1.3618,1.3579,1.3583,86175.44,0.0,0.0,0
15m,1776230100.0,1.3583,1.3585,1.3566,1.3572,47407.04,0.0,0.0,0
15m,1776231000.0,1.3572,1.3575,1.3551,1.3574,150160.39,0.0,0.0,0
15m,1776231900.0,1.3574,1.3588,1.3564,1.3588,52598.62,0.0,0.0,0
15m,1776232800.0,1.3588,1.3589,1.3556,1.3562,174214.71,0.0,0.0,0
15m,1776233700.0,1.3562,1.3564,1.3541,1.3553,106389.67,0.0,0.0,0
15m,1776234600.0,1.3553,1.3568,1.3552,1.3567,61991.75,0.0,0.0,0
15m,1776235500.0,1.3567,1.3568,1.3543,1.3557,42047.78,0.0,0.0,0
15m,1776236400.0,1.3557,1.3567,1.3547,1.355,323545.55,0.0,0.0,0
15m,1776237300.0,1.355,1.355,1.35,1.3525,579280.99,0.0,0.0,0
15m,1776238200.0,1.3525,1.3535,1.3506,1.3531,508280.56,0.0,0.0,0
15m,1776239100.0,1.3531,1.3549,1.3505,1.3515,581477.77,0.0,0.0,0
15m,1776240000.0,1.3515,1.3564,1.3506,1.3548,417433.18,0.0,0.0,0
15m,1776240900.0,1.3548,1.3554,1.3538,1.3552,56640.9,0.0,0.0,0
15m,1776241800.0,1.3552,1.3571,1.3546,1.3557,94386.0,0.0,0.0,0
15m,1776242700.0,1.3557,1.357,1.3547,1.3556,75150.23,0.0,0.0,0
15m,1776243600.0,1.3556,1.3561,1.3525,1.353,135495.97,0.0,0.0,0
15m,1776244500.0,1.353,1.3544,1.3507,1.351,471688.66,0.0,0.0,0
15m,1776245400.0,1.351,1.3534,1.351,1.3528,206172.01,0.0,0.0,0
15m,1776246300.0,1.3528,1.3529,1.3516,1.3523,195554.37,0.0,0.0,0
15m,1776247200.0,1.3523,1.3553,1.352,1.3542,199303.22,0.0,0.0,0
15m,1776248100.0,1.3542,1.3542,1.3527,1.3538,132951.73,0.0,0.0,0
15m,1776249000.0,1.3538,1.3552,1.3516,1.3552,143419.31,0.0,0.0,0
15m,1776249900.0,1.3552,1.3593,1.3552,1.3562,159599.08,0.0,0.0,0
15m,1776250800.0,1.3562,1.3606,1.3562,1.3594,208297.37,0.0,0.0,0
15m,1776251700.0,1.3594,1.3599,1.3589,1.359,146533.74,0.0,0.0,0
15m,1776252600.0,1.359,1.3605,1.3582,1.3602,176387.46,0.0,0.0,0
15m,1776253500.0,1.3602,1.365,1.36,1.3634,329098.77,0.0,0.0,0
15m,1776254400.0,1.3634,1.3639,1.3615,1.3624,176770.17,0.0,0.0,0
15m,1776255300.0,1.3624,1.3627,1.361,1.3616,138616.57,0.0,0.0,0
15m,1776256200.0,1.3616,1.3661,1.3614,1.3655,252601.31,0.0,0.0,0
15m,1776257100.0,1.3655,1.3698,1.3649,1.3651,546226.81,0.0,0.0,0
15m,1776258000.0,1.3651,1.3656,1.364,1.3645,217060.84,0.0,0.0,0
15m,1776258900.0,1.3645,1.3681,1.3643,1.3672,130691.82,0.0,0.0,0
15m,1776259800.0,1.3672,1.3679,1.3614,1.3622,368291.73,0.0,0.0,0
15m,1776260700.0,1.3622,1.3675,1.3621,1.3673,509037.52,0.0,0.0,0
15m,1776261600.0,1.3673,1.3674,1.3641,1.3667,341596.13,0.0,0.0,0
15m,1776262500.0,1.3667,1.3758,1.3658,1.3744,493589.63,0.0,0.0,0
15m,1776263400.0,1.3744,1.3794,1.3701,1.3721,1168877.05,0.0,0.0,0
15m,1776264300.0,1.3721,1.3777,1.3714,1.3766,683166.87,0.0,0.0,0
15m,1776265200.0,1.3766,1.3833,1.3766,1.3829,582779.0,0.0,0.0,0
15m,1776266100.0,1.3829,1.3836,1.378,1.38,754527.57,0.0,0.0,0
15m,1776267000.0,1.38,1.38,1.3718,1.3767,1266998.08,0.0,0.0,0
15m,1776267900.0,1.3767,1.3805,1.3731,1.3734,396215.4,0.0,0.0,0
15m,1776268800.0,1.3734,1.3795,1.372,1.3794,787716.12,0.0,0.0,0
15m,1776269700.0,1.3794,1.3811,1.3778,1.3801,382549.59,0.0,0.0,0
15m,1776270600.0,1.3801,1.3822,1.3762,1.3763,682779.82,0.0,0.0,0
15m,1776271500.0,1.3763,1.3786,1.375,1.3783,580563.77,0.0,0.0,0
15m,1776272400.0,1.3783,1.3821,1.3779,1.3795,391456.87,0.0,0.0,0
15m,1776273300.0,1.3795,1.3839,1.3786,1.381,389314.45,0.0,0.0,0
15m,1776274200.0,1.381,1.3825,1.3763,1.3764,187030.82,0.0,0.0,0
15m,1776275100.0,1.3764,1.3804,1.3759,1.3801,257218.62,0.0,0.0,0
15m,1776276000.0,1.3801,1.3862,1.3791,1.3842,830835.53,0.0,0.0,0
15m,1776276900.0,1.3842,1.3855,1.3819,1.382,240001.6,0.0,0.0,0
15m,1776277800.0,1.382,1.3847,1.382,1.3845,246825.24,0.0,0.0,0
15m,1776278700.0,1.3845,1.3873,1.3839,1.3868,508622.27,0.0,0.0,0
15m,1776279600.0,1.3868,1.3882,1.3844,1.3864,334281.36,0.0,0.0,0
15m,1776280500.0,1.3864,1.3892,1.3851,1.3888,106467.19,0.0,0.0,0
15m,1776281400.0,1.3888,1.4082,1.3888,1.4015,2313049.1,0.0,0.0,0
15m,1776282300.0,1.4015,1.4021,1.3979,1.3998,908470.07,0.0,0.0,0
15m,1776283200.0,1.3998,1.4005,1.3906,1.3918,589020.46,0.0,0.0,0
15m,1776284100.0,1.3918,1.3918,1.3846,1.388,414768.32,0.0,0.0,0
15m,1776285000.0,1.388,1.3905,1.3862,1.3878,167740.08,0.0,0.0,0
15m,1776285900.0,1.3878,1.3895,1.3874,1.388,98002.1,0.0,0.0,0
15m,1776286800.0,1.388,1.389,1.3834,1.3834,135108.07,0.0,0.0,0
15m,1776287700.0,1.3834,1.3846,1.3806,1.3834,285763.32,0.0,0.0,0
15m,1776288600.0,1.3834,1.3871,1.3829,1.386,225271.49,0.0,0.0,0
15m,1776289500.0,1.386,1.3902,1.3858,1.3885,215260.29,0.0,0.0,0
15m,1776290400.0,1.3885,1.4022,1.3884,1.3972,319599.19,0.0,0.0,0
15m,1776291300.0,1.3972,1.3984,1.395,1.3953,269517.21,0.0,0.0,0
15m,1776292200.0,1.3953,1.4025,1.3943,1.3969,262678.92,0.0,0.0,0
15m,1776293100.0,1.3969,1.3982,1.3932,1.3939,256239.41,0.0,0.0,0
15m,1776294000.0,1.3939,1.3939,1.389,1.39,384398.38,0.0,0.0,0
15m,1776294900.0,1.39,1.39,1.3853,1.3881,607049.37,0.0,0.0,0
15m,1776295800.0,1.3881,1.3895,1.3858,1.3882,161213.02,0.0,0.0,0
15m,1776296700.0,1.3882,1.3922,1.3881,1.3919,119758.33,0.0,0.0,0
15m,1776297600.0,1.3919,1.3931,1.3893,1.3895,151463.29,0.0,0.0,0
15m,1776298500.0,1.3895,1.3901,1.3866,1.3881,127859.45,0.0,0.0,0
15m,1776299400.0,1.3881,1.3971,1.3881,1.3966,197083.29,0.0,0.0,0
15m,1776300300.0,1.3966,1.3983,1.3939,1.3969,144338.28,0.0,0.0,0
15m,1776301200.0,1.3969,1.397,1.3901,1.3947,162682.52,0.0,0.0,0
15m,1776302100.0,1.3947,1.4012,1.3946,1.3978,517924.18,0.0,0.0,0
15m,1776303000.0,1.3978,1.4014,1.3975,1.4007,237234.0,0.0,0.0,0
15m,1776303900.0,1.4007,1.4019,1.398,1.4001,311749.19,0.0,0.0,0
15m,1776304800.0,1.4001,1.405,1.3987,1.3987,391525.11,0.0,0.0,0
15m,1776305700.0,1.3987,1.4024,1.3965,1.4023,156353.06,0.0,0.0,0
15m,1776306600.0,1.4023,1.4097,1.4015,1.4094,472271.2,0.0,0.0,0
15m,1776307500.0,1.4094,1.41,1.4044,1.4065,307045.44,0.0,0.0,0
15m,1776308400.0,1.4065,1.4132,1.4058,1.4097,359715.14,0.0,0.0,0
15m,1776309300.0,1.4097,1.4154,1.4097,1.4121,480493.13,0.0,0.0,0
15m,1776310200.0,1.4121,1.4121,1.4062,1.407,181744.46,0.0,0.0,0
15m,1776311100.0,1.407,1.4091,1.4055,1.4062,146796.02,0.0,0.0,0
15m,1776312000.0,1.4062,1.4101,1.4049,1.407,156426.92,0.0,0.0,0
15m,1776312900.0,1.407,1.4104,1.4062,1.4066,148168.8,0.0,0.0,0
15m,1776313800.0,1.4066,1.4115,1.4059,1.4092,175200.14,0.0,0.0,0
15m,1776314700.0,1.4092,1.4094,1.4021,1.4039,302726.91,0.0,0.0,0
15m,1776315600.0,1.4039,1.4056,1.4019,1.4031,160258.41,0.0,0.0,0
15m,1776316500.0,1.4031,1.4053,1.4006,1.4038,179767.36,0.0,0.0,0
15m,1776317400.0,1.4038,1.4072,1.4038,1.4064,176139.57,0.0,0.0,0
15m,1776318300.0,1.4064,1.4072,1.4048,1.4056,107506.39,0.0,0.0,0
15m,1776319200.0,1.4056,1.4092,1.4055,1.4073,144097.75,0.0,0.0,0
15m,1776320100.0,1.4073,1.4095,1.4067,1.4071,150462.52,0.0,0.0,0
15m,1776321000.0,1.4071,1.4082,1.4042,1.4069,215200.21,0.0,0.0,0
15m,1776321900.0,1.4069,1.4102,1.4065,1.4098,143976.57,0.0,0.0,0
15m,1776322800.0,1.4098,1.4127,1.409,1.4104,196893.81,0.0,0.0,0
15m,1776323700.0,1.4104,1.4116,1.4079,1.4085,212498.81,0.0,0.0,0
15m,1776324600.0,1.4085,1.41,1.4078,1.4091,189883.71,0.0,0.0,0
15m,1776325500.0,1.4091,1.4092,1.4041,1.4058,253134.93,0.0,0.0,0
15m,1776326400.0,1.4058,1.4073,1.4026,1.4031,285628.8,0.0,0.0,0
15m,1776327300.0,1.4031,1.4066,1.403,1.4055,203754.01,0.0,0.0,0
15m,1776328200.0,1.4055,1.4058,1.4034,1.4048,152442.98,0.0,0.0,0
15m,1776329100.0,1.4048,1.4098,1.4046,1.4052,714376.35,0.0,0.0,0
15m,1776330000.0,1.4052,1.4144,1.4039,1.4143,504519.37,0.0,0.0,0
15m,1776330900.0,1.4143,1.4229,1.4135,1.4164,1563370.29,0.0,0.0,0
15m,1776331800.0,1.4164,1.4182,1.4111,1.4112,286831.05,0.0,0.0,0
15m,1776332700.0,1.4112,1.4207,1.4094,1.4171,1038849.15,0.0,0.0,0
15m,1776333600.0,1.4171,1.4175,1.4091,1.4114,405145.23,0.0,0.0,0
15m,1776334500.0,1.4114,1.4141,1.4103,1.4134,321303.46,0.0,0.0,0
15m,1776335400.0,1.4134,1.4149,1.4116,1.4124,157717.65,0.0,0.0,0
15m,1776336300.0,1.4124,1.4132,1.4079,1.4085,314897.68,0.0,0.0,0
15m,1776337200.0,1.4085,1.4093,1.4022,1.403,326896.63,0.0,0.0,0
15m,1776338100.0,1.403,1.4058,1.4016,1.4052,314849.52,0.0,0.0,0
15m,1776339000.0,1.4052,1.4087,1.4029,1.4071,393849.57,0.0,0.0,0
15m,1776339900.0,1.4071,1.4095,1.4063,1.4095,114153.59,0.0,0.0,0
15m,1776340800.0,1.4095,1.4233,1.4092,1.419,620501.06,0.0,0.0,0
15m,1776341700.0,1.419,1.4202,1.4158,1.4169,257344.49,0.0,0.0,0
15m,1776342600.0,1.4169,1.4172,1.41,1.4134,312610.8,0.0,0.0,0
15m,1776343500.0,1.4134,1.4161,1.4111,1.414,867150.39,0.0,0.0,0
15m,1776344400.0,1.414,1.4215,1.412,1.4215,383810.38,0.0,0.0,0
15m,1776345300.0,1.4215,1.4312,1.4204,1.4293,777592.47,0.0,0.0,0
15m,1776346200.0,1.4293,1.4344,1.4251,1.4308,1006569.03,0.0,0.0,0
15m,1776347100.0,1.4308,1.431,1.3993,1.4072,1295886.4,0.0,0.0,0
15m,1776348000.0,1.4072,1.4098,1.4022,1.4046,960181.44,0.0,0.0,0
15m,1776348900.0,1.4046,1.4068,1.3928,1.4002,1697357.75,0.0,0.0,0
15m,1776349800.0,1.4002,1.4037,1.3992,1.4036,451388.74,0.0,0.0,0
15m,1776350700.0,1.4036,1.4126,1.4032,1.4103,484223.28,0.0,0.0,0
15m,1776351600.0,1.4103,1.424,1.4074,1.4227,520326.63,0.0,0.0,0
15m,1776352500.0,1.4227,1.4259,1.4161,1.4161,778873.27,0.0,0.0,0
15m,1776353400.0,1.4161,1.4318,1.4152,1.4274,825848.75,0.0,0.0,0
15m,1776354300.0,1.4274,1.4325,1.426,1.429,485308.55,0.0,0.0,0
15m,1776355200.0,1.429,1.4377,1.429,1.4324,681936.01,0.0,0.0,0
15m,1776356100.0,1.4324,1.4416,1.4298,1.4329,448240.11,0.0,0.0,0
15m,1776357000.0,1.4329,1.4354,1.4208,1.4236,718846.52,0.0,0.0,0
15m,1776357900.0,1.4236,1.4265,1.4157,1.4194,665753.97,0.0,0.0,0
15m,1776358800.0,1.4194,1.4223,1.4164,1.4164,267967.31,0.0,0.0,0
15m,1776359700.0,1.4164,1.4233,1.4145,1.4204,486893.27,0.0,0.0,0
15m,1776360600.0,1.4204,1.4274,1.4194,1.4262,250453.97,0.0,0.0,0
15m,1776361500.0,1.4262,1.4297,1.4241,1.4272,223448.55,0.0,0.0,0
15m,1776362400.0,1.4272,1.4333,1.4242,1.4304,337800.7,0.0,0.0,0
15m,1776363300.0,1.4304,1.4349,1.4295,1.4329,333473.71,0.0,0.0,0
15m,1776364200.0,1.4329,1.4389,1.4321,1.4377,358804.11,0.0,0.0,0
15m,1776365100.0,1.4377,1.4483,1.4375,1.4466,1099727.57,0.0,0.0,0
15m,1776366000.0,1.4466,1.449,1.4414,1.4433,542127.44,0.0,0.0,0
15m,1776366900.0,1.4433,1.4537,1.443,1.4528,1235462.6,0.0,0.0,0
15m,1776367800.0,1.4528,1.4647,1.4521,1.4618,1443000.13,0.0,0.0,0
15m,1776368700.0,1.4618,1.4662,1.4592,1.4645,990215.01,0.0,0.0,0
15m,1776369600.0,1.4645,1.4661,1.4581,1.4591,539400.2,0.0,0.0,0
15m,1776370500.0,1.4591,1.4613,1.4542,1.4557,426083.31,0.0,0.0,0
15m,1776371400.0,1.4557,1.4557,1.444,1.4459,526718.72,0.0,0.0,0
15m,1776372300.0,1.4459,1.4523,1.4449,1.4523,618475.38,0.0,0.0,0
15m,1776373200.0,1.4523,1.4587,1.4523,1.4543,415104.58,0.0,0.0,0
15m,1776374100.0,1.4543,1.4555,1.446,1.4483,253016.62,0.0,0.0,0
15m,1776375000.0,1.4483,1.4508,1.4462,1.4495,130356.58,0.0,0.0,0
15m,1776375900.0,1.4495,1.4501,1.4456,1.4463,445019.64,0.0,0.0,0
15m,1776376800.0,1.4463,1.4517,1.4463,1.4494,396832.95,0.0,0.0,0
15m,1776377700.0,1.4494,1.4535,1.4475,1.4522,151516.52,0.0,0.0,0
15m,1776378600.0,1.4522,1.4527,1.4477,1.4505,123620.56,0.0,0.0,0
15m,1776379500.0,1.4505,1.4527,1.4498,1.4514,126204.94,0.0,0.0,0
15m,1776380400.0,1.4514,1.4524,1.4492,1.45,120555.87,0.0,0.0,0
15m,1776381300.0,1.45,1.4523,1.448,1.4512,174711.23,0.0,0.0,0
15m,1776382200.0,1.4512,1.4577,1.4503,1.4555,306803.88,0.0,0.0,0
15m,1776383100.0,1.4555,1.4555,1.4511,1.4527,146384.58,0.0,0.0,0
15m,1776384000.0,1.4527,1.4553,1.4466,1.4468,269256.39,0.0,0.0,0
15m,1776384900.0,1.4468,1.4501,1.4434,1.4447,386454.58,0.0,0.0,0
15m,1776385800.0,1.4447,1.4466,1.4431,1.4434,202189.71,0.0,0.0,0
15m,1776386700.0,1.4434,1.4437,1.4402,1.4404,369770.91,0.0,0.0,0
15m,1776387600.0,1.4404,1.4422,1.4366,1.4379,511681.02,0.0,0.0,0
15m,1776388500.0,1.4379,1.4403,1.4315,1.4341,335271.27,0.0,0.0,0
15m,1776389400.0,1.4341,1.4372,1.4313,1.432,288826.49,0.0,0.0,0
15m,1776390300.0,1.432,1.4326,1.4273,1.4301,521396.0,0.0,0.0,0
15m,1776391200.0,1.4301,1.4311,1.4267,1.4284,688341.18,0.0,0.0,0
15m,1776392100.0,1.4284,1.4284,1.4228,1.4236,315829.44,0.0,0.0,0
15m,1776393000.0,1.4236,1.4287,1.4224,1.4278,289571.47,0.0,0.0,0
15m,1776393900.0,1.4278,1.4294,1.4278,1.4293,309587.72,0.0,0.0,0
15m,1776394800.0,1.4293,1.4309,1.4268,1.4303,579546.54,0.0,0.0,0
15m,1776395700.0,1.4303,1.4314,1.429,1.4304,183769.25,0.0,0.0,0
15m,1776396600.0,1.4304,1.4402,1.4304,1.4358,1657582.64,0.0,0.0,0
15m,1776397500.0,1.4358,1.4364,1.4302,1.4306,424834.71,0.0,0.0,0
15m,1776398400.0,1.4306,1.4341,1.4302,1.4313,183421.44,0.0,0.0,0
15m,1776399300.0,1.4313,1.4338,1.4291,1.4299,184381.15,0.0,0.0,0
15m,1776400200.0,1.4299,1.4329,1.4265,1.4327,601870.19,0.0,0.0,0
15m,1776401100.0,1.4327,1.4336,1.4301,1.4318,230399.01,0.0,0.0,0
15m,1776402000.0,1.4318,1.4329,1.4254,1.4289,678363.46,0.0,0.0,0
15m,1776402900.0,1.4289,1.4368,1.4286,1.4302,1478900.68,0.0,0.0,0
15m,1776403800.0,1.4302,1.4307,1.425,1.4263,479097.37,0.0,0.0,0
15m,1776404700.0,1.4263,1.4275,1.4249,1.425,153535.61,0.0,0.0,0
15m,1776405600.0,1.425,1.4285,1.424,1.4277,256398.38,0.0,0.0,0
15m,1776406500.0,1.4277,1.4297,1.4275,1.4295,190969.11,0.0,0.0,0
15m,1776407400.0,1.4295,1.4335,1.4282,1.433,253642.88,0.0,0.0,0
15m,1776408300.0,1.433,1.4335,1.4308,1.4323,159751.62,0.0,0.0,0
15m,1776409200.0,1.4323,1.436,1.4322,1.4348,313887.07,0.0,0.0,0
15m,1776410100.0,1.4348,1.4349,1.4321,1.4336,349709.05,0.0,0.0,0
15m,1776411000.0,1.4336,1.4394,1.4336,1.4391,481818.82,0.0,0.0,0
15m,1776411900.0,1.4391,1.4395,1.4367,1.4371,218375.18,0.0,0.0,0
15m,1776412800.0,1.4371,1.439,1.4353,1.4363,293187.62,0.0,0.0,0
15m,1776413700.0,1.4363,1.4407,1.4354,1.4397,379976.12,0.0,0.0,0
15m,1776414600.0,1.4397,1.4441,1.4389,1.4414,571112.86,0.0,0.0,0
15m,1776415500.0,1.4414,1.4475,1.4406,1.4466,436431.43,0.0,0.0,0
15m,1776416400.0,1.4466,1.4488,1.4427,1.4488,283014.91,0.0,0.0,0
15m,1776417300.0,1.4488,1.4591,1.4457,1.4573,641458.5,0.0,0.0,0
15m,1776418200.0,1.4573,1.4584,1.4464,1.4498,837896.15,0.0,0.0,0
15m,1776419100.0,1.4498,1.4534,1.4475,1.4516,838207.16,0.0,0.0,0
15m,1776420000.0,1.4516,1.4532,1.4428,1.4434,852754.75,0.0,0.0,0
15m,1776420900.0,1.4434,1.4454,1.4366,1.4367,521881.63,0.0,0.0,0
15m,1776421800.0,1.4367,1.4379,1.4325,1.4347,389102.83,0.0,0.0,0
15m,1776422700.0,1.4347,1.438,1.4341,1.437,186776.15,0.0,0.0,0
15m,1776423600.0,1.437,1.4404,1.4365,1.4386,343570.32,0.0,0.0,0
15m,1776424500.0,1.4386,1.444,1.438,1.4438,264941.61,0.0,0.0,0
15m,1776425400.0,1.4438,1.4466,1.4426,1.4441,160558.19,0.0,0.0,0
15m,1776426300.0,1.4441,1.4484,1.4441,1.4472,213633.16,0.0,0.0,0
15m,1776427200.0,1.4472,1.4483,1.4445,1.4474,202004.35,0.0,0.0,0
15m,1776428100.0,1.4474,1.4509,1.4441,1.4481,324666.17,0.0,0.0,0
15m,1776429000.0,1.4481,1.451,1.4453,1.4468,295880.72,0.0,0.0,0
15m,1776429900.0,1.4468,1.4608,1.4464,1.4587,1240386.54,0.0,0.0,0
15m,1776430800.0,1.4587,1.4771,1.4556,1.4771,1632575.72,0.0,0.0,0
15m,1776431700.0,1.4771,1.4783,1.468,1.4706,1271960.35,0.0,0.0,0
15m,1776432600.0,1.4706,1.487,1.465,1.4853,1291001.48,0.0,0.0,0
15m,1776433500.0,1.4853,1.4907,1.479,1.4869,921800.34,0.0,0.0,0
15m,1776434400.0,1.4869,1.494,1.4848,1.487,769835.76,0.0,0.0,0
15m,1776435300.0,1.487,1.4932,1.4831,1.4884,835185.85,0.0,0.0,0
15m,1776436200.0,1.4884,1.5097,1.4884,1.5028,1525100.42,0.0,0.0,0
15m,1776437100.0,1.5028,1.5057,1.4952,1.4985,925713.82,0.0,0.0,0
15m,1776438000.0,1.4985,1.5018,1.4889,1.496,860451.36,0.0,0.0,0
15m,1776438900.0,1.496,1.4995,1.4901,1.4926,443557.98,0.0,0.0,0
15m,1776439800.0,1.4926,1.4931,1.4794,1.4805,731725.11,0.0,0.0,0
15m,1776440700.0,1.4805,1.4871,1.4762,1.4858,867142.21,0.0,0.0,0
15m,1776441600.0,1.4858,1.4941,1.4854,1.4904,815287.41,0.0,0.0,0
15m,1776442500.0,1.4904,1.4987,1.4881,1.4963,898027.46,0.0,0.0,0
15m,1776443400.0,1.4963,1.5003,1.4915,1.4938,534432.34,0.0,0.0,0
15m,1776444300.0,1.4938,1.4979,1.4918,1.4973,709017.72,0.0,0.0,0
15m,1776445200.0,1.4973,1.4975,1.4865,1.4904,607230.61,0.0,0.0,0
15m,1776446100.0,1.4904,1.4918,1.4771,1.4818,631056.47,0.0,0.0,0
15m,1776447000.0,1.4818,1.4874,1.4818,1.4839,324175.6,0.0,0.0,0
15m,1776447900.0,1.4839,1.4878,1.482,1.4837,517355.15,0.0,0.0,0
15m,1776448800.0,1.4837,1.4842,1.4729,1.4748,513738.87,0.0,0.0,0
15m,1776449700.0,1.4748,1.4816,1.4742,1.4782,254473.26,0.0,0.0,0
15m,1776450600.0,1.4782,1.4812,1.4761,1.4809,170843.02,0.0,0.0,0
15m,1776451500.0,1.4809,1.4814,1.4743,1.4774,153478.6,0.0,0.0,0
15m,1776452400.0,1.4774,1.4827,1.4765,1.4824,355993.96,0.0,0.0,0
15m,1776453300.0,1.4824,1.488,1.4823,1.4856,284104.7,0.0,0.0,0
15m,1776454200.0,1.4856,1.4913,1.4856,1.4905,384643.76,0.0,0.0,0
15m,1776455100.0,1.4905,1.4922,1.4868,1.4876,448558.06,0.0,0.0,0
15m,1776456000.0,1.4876,1.4897,1.4851,1.4865,294216.56,0.0,0.0,0
15m,1776456900.0,1.4865,1.4865,1.4809,1.4819,222999.48,0.0,0.0,0
15m,1776457800.0,1.4819,1.4824,1.4753,1.4783,252173.32,0.0,0.0,0
15m,1776458700.0,1.4783,1.4817,1.4774,1.4816,88217.57,0.0,0.0,0
15m,1776459600.0,1.4816,1.4846,1.4799,1.4805,155025.64,0.0,0.0,0
15m,1776460500.0,1.4805,1.4869,1.4797,1.4824,390207.05,0.0,0.0,0
15m,1776461400.0,1.4824,1.4831,1.4775,1.4814,142969.96,0.0,0.0,0
15m,1776462300.0,1.4814,1.4826,1.4788,1.4791,86123.7,0.0,0.0,0
15m,1776463200.0,1.4791,1.4841,1.477,1.4817,330726.74,0.0,0.0,0
15m,1776464100.0,1.4817,1.4844,1.4784,1.4812,506575.92,0.0,0.0,0
15m,1776465000.0,1.4812,1.4882,1.4802,1.4854,473065.55,0.0,0.0,0
15m,1776465900.0,1.4854,1.4876,1.4834,1.4845,149839.72,0.0,0.0,0
15m,1776466800.0,1.4845,1.4845,1.4795,1.4799,187215.78,0.0,0.0,0
15m,1776467700.0,1.4799,1.4799,1.4719,1.4767,480168.82,0.0,0.0,0
15m,1776468600.0,1.4767,1.4787,1.4745,1.475,175214.28,0.0,0.0,0
15m,1776469500.0,1.475,1.4785,1.475,1.476,159131.27,0.0,0.0,0
15m,1776470400.0,1.476,1.48,1.4739,1.4754,178617.54,0.0,0.0,0
15m,1776471300.0,1.4754,1.48,1.4754,1.4787,157124.78,0.0,0.0,0
15m,1776472200.0,1.4787,1.4798,1.4725,1.4725,183673.65,0.0,0.0,0
15m,1776473100.0,1.4725,1.4765,1.4719,1.4759,96821.53,0.0,0.0,0
15m,1776474000.0,1.4759,1.4815,1.4749,1.4812,592931.04,0.0,0.0,0
15m,1776474900.0,1.4812,1.4822,1.477,1.4771,374648.89,0.0,0.0,0
15m,1776475800.0,1.4771,1.4774,1.4732,1.4748,212137.29,0.0,0.0,0
15m,1776476700.0,1.4748,1.478,1.474,1.478,144173.32,0.0,0.0,0
15m,1776477600.0,1.478,1.478,1.4695,1.4721,256072.67,0.0,0.0,0
15m,1776478500.0,1.4721,1.4777,1.4717,1.4758,157241.14,0.0,0.0,0
15m,1776479400.0,1.4758,1.4779,1.4733,1.4751,143411.61,0.0,0.0,0
15m,1776480300.0,1.4751,1.4764,1.4739,1.4753,52813.47,0.0,0.0,0
15m,1776481200.0,1.4753,1.4754,1.472,1.4728,66532.43,0.0,0.0,0
15m,1776482100.0,1.4728,1.4738,1.4705,1.4706,141678.34,0.0,0.0,0
15m,1776483000.0,1.4706,1.4725,1.4697,1.4721,68515.14,0.0,0.0,0
15m,1776483900.0,1.4721,1.4737,1.467,1.4685,265372.9,0.0,0.0,0
15m,1776484800.0,1.4685,1.4687,1.4626,1.4676,625093.77,0.0,0.0,0
15m,1776485700.0,1.4676,1.4678,1.4641,1.4649,134719.6,0.0,0.0,0
15m,1776486600.0,1.4649,1.4681,1.4632,1.4656,118264.38,0.0,0.0,0
15m,1776487500.0,1.4656,1.4696,1.4655,1.4683,89670.71,0.0,0.0,0
15m,1776488400.0,1.4683,1.4729,1.4679,1.4727,98896.96,0.0,0.0,0
15m,1776489300.0,1.4727,1.4752,1.4721,1.4745,225634.61,0.0,0.0,0
15m,1776490200.0,1.4745,1.4776,1.469,1.4705,623344.29,0.0,0.0,0
15m,1776491100.0,1.4705,1.4709,1.4686,1.4689,69670.3,0.0,0.0,0
15m,1776492000.0,1.4689,1.4692,1.4657,1.4674,196345.6,0.0,0.0,0
15m,1776492900.0,1.4674,1.4675,1.4638,1.4662,199971.36,0.0,0.0,0
15m,1776493800.0,1.4662,1.4728,1.4651,1.4721,464239.9,0.0,0.0,0
15m,1776494700.0,1.4721,1.4731,1.4705,1.4707,88483.5,0.0,0.0,0
15m,1776495600.0,1.4707,1.4732,1.4688,1.4699,85535.27,0.0,0.0,0
15m,1776496500.0,1.4699,1.4731,1.4695,1.4729,120853.98,0.0,0.0,0
15m,1776497400.0,1.4729,1.4756,1.4713,1.4728,182001.66,0.0,0.0,0
15m,1776498300.0,1.4728,1.4752,1.4725,1.4739,130015.96,0.0,0.0,0
15m,1776499200.0,1.4739,1.4753,1.4647,1.4647,748455.48,0.0,0.0,0
15m,1776500100.0,1.4647,1.4648,1.4554,1.4567,790834.44,0.0,0.0,0
15m,1776501000.0,1.4567,1.4572,1.4456,1.4483,712965.83,0.0,0.0,0
15m,1776501900.0,1.4483,1.4554,1.4464,1.4533,1176629.07,0.0,0.0,0
15m,1776502800.0,1.4533,1.4543,1.4478,1.4499,303519.51,0.0,0.0,0
15m,1776503700.0,1.4499,1.4518,1.4462,1.4516,270508.73,0.0,0.0,0
15m,1776504600.0,1.4516,1.4532,1.4497,1.4519,716688.85,0.0,0.0,0
15m,1776505500.0,1.4519,1.4539,1.4474,1.4503,892969.92,0.0,0.0,0
15m,1776506400.0,1.4503,1.4505,1.4374,1.4404,934904.03,0.0,0.0,0
15m,1776507300.0,1.4404,1.4427,1.438,1.4391,193019.3,0.0,0.0,0
15m,1776508200.0,1.4391,1.4419,1.4365,1.4388,144035.62,0.0,0.0,0
15m,1776509100.0,1.4388,1.44,1.4355,1.4396,165897.8,0.0,0.0,0
15m,1776510000.0,1.4396,1.4399,1.4299,1.4301,357610.81,0.0,0.0,0
15m,1776510900.0,1.4301,1.4339,1.4299,1.4333,336132.18,0.0,0.0,0
15m,1776511800.0,1.4333,1.4373,1.4234,1.427,444783.37,0.0,0.0,0
15m,1776512700.0,1.427,1.433,1.4255,1.4313,456692.64,0.0,0.0,0
15m,1776513600.0,1.4313,1.4373,1.4304,1.4368,308890.2,0.0,0.0,0
15m,1776514500.0,1.4368,1.4377,1.4332,1.4332,155849.53,0.0,0.0,0
15m,1776515400.0,1.4332,1.4361,1.4313,1.4356,158786.38,0.0,0.0,0
15m,1776516300.0,1.4356,1.4379,1.4344,1.436,165764.61,0.0,0.0,0
15m,1776517200.0,1.436,1.4374,1.4344,1.4354,164771.6,0.0,0.0,0
15m,1776518100.0,1.4354,1.4376,1.4321,1.435,170611.83,0.0,0.0,0
15m,1776519000.0,1.435,1.4359,1.4294,1.4329,187420.39,0.0,0.0,0
15m,1776519900.0,1.4329,1.4385,1.4313,1.4371,211046.27,0.0,0.0,0
15m,1776520800.0,1.4371,1.4383,1.4338,1.4368,185206.57,0.0,0.0,0
15m,1776521700.0,1.4368,1.4379,1.4325,1.4369,152927.91,0.0,0.0,0
15m,1776522600.0,1.4369,1.4384,1.4348,1.435,177044.41,0.0,0.0,0
15m,1776523500.0,1.435,1.4362,1.4333,1.435,131615.36,0.0,0.0,0
15m,1776524400.0,1.435,1.4374,1.4306,1.4365,599600.68,0.0,0.0,0
15m,1776525300.0,1.4365,1.4397,1.4342,1.4386,133994.08,0.0,0.0,0
15m,1776526200.0,1.4386,1.4397,1.4345,1.4346,122595.94,0.0,0.0,0
15m,1776527100.0,1.4346,1.4371,1.4334,1.4357,115953.04,0.0,0.0,0
15m,1776528000.0,1.4357,1.4381,1.4329,1.4373,127787.32,0.0,0.0,0
15m,1776528900.0,1.4373,1.4394,1.4311,1.436,367336.01,0.0,0.0,0
15m,1776529800.0,1.436,1.4369,1.4337,1.4345,66429.03,0.0,0.0,0
15m,1776530700.0,1.4345,1.4356,1.4315,1.4336,145545.29,0.0,0.0,0
15m,1776531600.0,1.4336,1.4336,1.4275,1.4298,543593.26,0.0,0.0,0
15m,1776532500.0,1.4298,1.4325,1.4295,1.4317,87422.48,0.0,0.0,0
15m,1776533400.0,1.4317,1.4337,1.4315,1.4315,46771.61,0.0,0.0,0
15m,1776534300.0,1.4315,1.4333,1.4315,1.4318,71878.66,0.0,0.0,0
15m,1776535200.0,1.4318,1.4344,1.4298,1.4319,156909.2,0.0,0.0,0
15m,1776536100.0,1.4319,1.4319,1.4263,1.4277,262731.58,0.0,0.0,0
15m,1776537000.0,1.4277,1.4283,1.4236,1.4265,291860.96,0.0,0.0,0
15m,1776537900.0,1.4265,1.4304,1.4236,1.4255,256655.06,0.0,0.0,0
15m,1776538800.0,1.4255,1.431,1.4254,1.4295,179377.68,0.0,0.0,0
15m,1776539700.0,1.4295,1.4301,1.4256,1.4276,128652.17,0.0,0.0,0
15m,1776540600.0,1.4276,1.4282,1.4249,1.4257,149930.15,0.0,0.0,0
15m,1776541500.0,1.4257,1.4285,1.4254,1.427,94205.01,0.0,0.0,0
15m,1776542400.0,1.427,1.4272,1.4238,1.4258,187392.78,0.0,0.0,0
15m,1776543300.0,1.4258,1.428,1.425,1.4258,99712.94,0.0,0.0,0
15m,1776544200.0,1.4258,1.4282,1.4254,1.428,134163.05,0.0,0.0,0
15m,1776545100.0,1.428,1.4303,1.4277,1.4282,148717.07,0.0,0.0,0
15m,1776546000.0,1.4282,1.4316,1.4279,1.4309,108708.22,0.0,0.0,0
15m,1776546900.0,1.4309,1.4324,1.4293,1.4322,55569.57,0.0,0.0,0
15m,1776547800.0,1.4322,1.4358,1.4307,1.4344,157984.82,0.0,0.0,0
15m,1776548700.0,1.4344,1.438,1.4343,1.4359,163756.1,0.0,0.0,0
15m,1776549600.0,1.4359,1.4361,1.43,1.4317,243537.73,0.0,0.0,0
15m,1776550500.0,1.4317,1.4344,1.4317,1.4338,74891.7,0.0,0.0,0
15m,1776551400.0,1.4338,1.4359,1.4331,1.4343,108804.19,0.0,0.0,0
15m,1776552300.0,1.4343,1.4355,1.434,1.4345,80043.68,0.0,0.0,0
15m,1776553200.0,1.4345,1.438,1.4341,1.437,157075.73,0.0,0.0,0
15m,1776554100.0,1.437,1.4383,1.4368,1.4374,70036.18,0.0,0.0,0
15m,1776555000.0,1.4374,1.4383,1.4347,1.4375,94542.82,0.0,0.0,0
15m,1776555900.0,1.4375,1.4375,1.432,1.4323,64421.65,0.0,0.0,0
15m,1776556800.0,1.4323,1.4362,1.4319,1.4346,84577.83,0.0,0.0,0
15m,1776557700.0,1.4346,1.4346,1.4313,1.4321,84391.53,0.0,0.0,0
15m,1776558600.0,1.4321,1.4331,1.4296,1.4308,97585.13,0.0,0.0,0
15m,1776559500.0,1.4308,1.4358,1.4308,1.4329,75890.22,0.0,0.0,0
15m,1776560400.0,1.4329,1.4386,1.4329,1.4375,309077.86,0.0,0.0,0
15m,1776561300.0,1.4375,1.4377,1.4324,1.4324,64697.19,0.0,0.0,0
15m,1776562200.0,1.4324,1.4325,1.4293,1.4302,126046.82,0.0,0.0,0
15m,1776563100.0,1.4302,1.4333,1.4302,1.4319,102211.59,0.0,0.0,0
15m,1776564000.0,1.4319,1.4319,1.4298,1.4313,67976.97,0.0,0.0,0
15m,1776564900.0,1.4313,1.4322,1.424,1.4245,254121.5,0.0,0.0,0
15m,1776565800.0,1.4245,1.4339,1.4241,1.4336,173231.48,0.0,0.0,0
15m,1776566700.0,1.4336,1.4351,1.4299,1.4301,151691.36,0.0,0.0,0
15m,1776567600.0,1.4301,1.4325,1.4265,1.4325,136987.45,0.0,0.0,0
15m,1776568500.0,1.4325,1.4337,1.4295,1.4311,103585.85,0.0,0.0,0
15m,1776569400.0,1.4311,1.4333,1.4293,1.4332,90542.78,0.0,0.0,0
15m,1776570300.0,1.4332,1.4339,1.4289,1.4293,123786.09,0.0,0.0,0
15m,1776571200.0,1.4293,1.4334,1.4284,1.4323,92951.5,0.0,0.0,0
15m,1776572100.0,1.4323,1.4332,1.431,1.4316,68571.69,0.0,0.0,0
15m,1776573000.0,1.4316,1.4318,1.4236,1.4274,309453.24,0.0,0.0,0
15m,1776573900.0,1.4274,1.4315,1.4265,1.4305,115728.35,0.0,0.0,0
15m,1776574800.0,1.4305,1.4325,1.4294,1.4316,94532.56,0.0,0.0,0
15m,1776575700.0,1.4316,1.4346,1.4307,1.4343,82881.34,0.0,0.0,0
15m,1776576600.0,1.4343,1.4431,1.4333,1.4342,643003.05,0.0,0.0,0
15m,1776577500.0,1.4342,1.4353,1.4301,1.4301,161303.62,0.0,0.0,0
15m,1776578400.0,1.4301,1.431,1.4185,1.4204,831502.38,0.0,0.0,0
15m,1776579300.0,1.4204,1.4253,1.4181,1.4238,518253.23,0.0,0.0,0
15m,1776580200.0,1.4238,1.4293,1.4236,1.4291,188319.82,0.0,0.0,0
15m,1776581100.0,1.4291,1.4294,1.4272,1.4285,148235.1,0.0,0.0,0
15m,1776582000.0,1.4285,1.4293,1.4265,1.4272,179521.67,0.0,0.0,0
15m,1776582900.0,1.4272,1.4272,1.4148,1.4163,726703.32,0.0,0.0,0
15m,1776583800.0,1.4163,1.4237,1.4162,1.4214,918940.19,0.0,0.0,0
15m,1776584700.0,1.4214,1.4228,1.4183,1.42,216732.78,0.0,0.0,0
15m,1776585600.0,1.42,1.4206,1.4166,1.418,357125.52,0.0,0.0,0
15m,1776586500.0,1.418,1.4225,1.4154,1.4213,482420.82,0.0,0.0,0
15m,1776587400.0,1.4213,1.4244,1.4198,1.4239,109969.91,0.0,0.0,0
15m,1776588300.0,1.4239,1.4291,1.4229,1.4245,693963.77,0.0,0.0,0
15m,1776589200.0,1.4245,1.4256,1.4207,1.4208,235599.96,0.0,0.0,0
15m,1776590100.0,1.4208,1.4209,1.413,1.4191,694870.29,0.0,0.0,0
15m,1776591000.0,1.4191,1.4225,1.4185,1.419,130230.38,0.0,0.0,0
15m,1776591900.0,1.419,1.4215,1.4172,1.4213,324047.24,0.0,0.0,0
15m,1776592800.0,1.4213,1.4276,1.419,1.4201,1250464.57,0.0,0.0,0
15m,1776593700.0,1.4201,1.423,1.4159,1.4213,707163.64,0.0,0.0,0
15m,1776594600.0,1.4213,1.4236,1.4207,1.4224,113952.55,0.0,0.0,0
15m,1776595500.0,1.4224,1.4252,1.422,1.4231,109530.82,0.0,0.0,0
15m,1776596400.0,1.4231,1.4286,1.4223,1.427,148413.78,0.0,0.0,0
15m,1776597300.0,1.427,1.429,1.426,1.4276,175475.3,0.0,0.0,0
15m,1776598200.0,1.4276,1.4312,1.4264,1.4288,138185.63,0.0,0.0,0
15m,1776599100.0,1.4288,1.4307,1.4282,1.4295,114420.25,0.0,0.0,0
15m,1776600000.0,1.4295,1.4332,1.4295,1.4313,302598.64,0.0,0.0,0
15m,1776600900.0,1.4313,1.4318,1.429,1.4294,129530.48,0.0,0.0,0
15m,1776601800.0,1.4294,1.4302,1.4249,1.4282,187939.32,0.0,0.0,0
15m,1776602700.0,1.4282,1.4329,1.4273,1.4313,98512.07,0.0,0.0,0
15m,1776603600.0,1.4313,1.4361,1.431,1.4355,240434.13,0.0,0.0,0
15m,1776604500.0,1.4355,1.4463,1.4346,1.4412,479318.34,0.0,0.0,0
15m,1776605400.0,1.4412,1.4422,1.4371,1.4411,169139.57,0.0,0.0,0
15m,1776606300.0,1.4411,1.4479,1.4349,1.4385,1351539.04,0.0,0.0,0
15m,1776607200.0,1.4385,1.4402,1.4328,1.4357,250631.33,0.0,0.0,0
15m,1776608100.0,1.4357,1.441,1.4343,1.4397,691255.54,0.0,0.0,0
15m,1776609000.0,1.4397,1.4407,1.4363,1.4392,1432210.25,0.0,0.0,0
15m,1776609900.0,1.4392,1.4427,1.4379,1.4379,659584.68,0.0,0.0,0
15m,1776610800.0,1.4379,1.4379,1.4342,1.4349,1989750.02,0.0,0.0,0
15m,1776611700.0,1.4349,1.4391,1.4328,1.434,1790613.5,0.0,0.0,0
15m,1776612600.0,1.434,1.4346,1.4204,1.4259,3943305.82,0.0,0.0,0
15m,1776613500.0,1.4259,1.4315,1.4249,1.4315,643089.16,0.0,0.0,0
15m,1776614400.0,1.4315,1.4326,1.4279,1.4285,1562615.6,0.0,0.0,0
15m,1776615300.0,1.4285,1.43,1.4234,1.4244,944821.9,0.0,0.0,0
15m,1776616200.0,1.4244,1.4287,1.4229,1.4267,298884.48,0.0,0.0,0
15m,1776617100.0,1.4267,1.4283,1.4201,1.422,1072415.78,0.0,0.0,0
15m,1776618000.0,1.422,1.4233,1.4165,1.4199,2081395.92,0.0,0.0,0
15m,1776618900.0,1.4199,1.4242,1.4181,1.4203,946134.93,0.0,0.0,0
15m,1776619800.0,1.4203,1.4226,1.416,1.4202,868564.15,0.0,0.0,0
15m,1776620700.0,1.4202,1.4218,1.4118,1.4127,1719860.12,0.0,0.0,0
15m,1776621600.0,1.4127,1.4175,1.4112,1.4174,1148441.18,0.0,0.0,0
15m,1776622500.0,1.4174,1.4181,1.4123,1.416,1945311.33,0.0,0.0,0
15m,1776623400.0,1.416,1.4165,1.4138,1.4153,634920.23,0.0,0.0,0
15m,1776624300.0,1.4153,1.417,1.4134,1.4154,397926.53,0.0,0.0,0
15m,1776625200.0,1.4154,1.4196,1.4154,1.4184,791102.98,0.0,0.0,0
15m,1776626100.0,1.4184,1.4216,1.4166,1.4182,1084897.16,0.0,0.0,0
15m,1776627000.0,1.4182,1.4211,1.4176,1.419,760336.15,0.0,0.0,0
15m,1776627900.0,1.419,1.4204,1.4154,1.4175,1007463.91,0.0,0.0,0
15m,1776628800.0,1.4175,1.4175,1.4122,1.4143,788061.56,0.0,0.0,0
15m,1776629700.0,1.4143,1.4148,1.4114,1.4145,1503084.26,0.0,0.0,0
15m,1776630600.0,1.4145,1.4174,1.4091,1.4111,1881261.36,0.0,0.0,0
15m,1776631500.0,1.4111,1.4147,1.4095,1.4104,1379792.92,0.0,0.0,0
15m,1776632400.0,1.4104,1.4154,1.41,1.4141,1423851.0,0.0,0.0,0
15m,1776633300.0,1.4141,1.4145,1.4112,1.4141,835864.6,0.0,0.0,0
15m,1776634200.0,1.4141,1.4168,1.4141,1.4158,744332.43,0.0,0.0,0
15m,1776635100.0,1.4158,1.4168,1.4089,1.4096,722466.81,0.0,0.0,0
15m,1776636000.0,1.4096,1.4096,1.399,1.4001,1985586.87,0.0,0.0,0
15m,1776636900.0,1.4001,1.4024,1.3887,1.397,2937113.55,0.0,0.0,0
15m,1776637800.0,1.397,1.4024,1.3965,1.4015,848329.3,0.0,0.0,0
15m,1776638700.0,1.4015,1.4022,1.399,1.399,394193.98,0.0,0.0,0
15m,1776639600.0,1.399,1.399,1.3937,1.3971,604918.13,0.0,0.0,0
15m,1776640500.0,1.3971,1.3971,1.3918,1.3951,1043258.92,0.0,0.0,0
15m,1776641400.0,1.3951,1.3974,1.3942,1.3954,483030.04,0.0,0.0,0
15m,1776642300.0,1.3954,1.396,1.3926,1.3939,712681.39,0.0,0.0,0
15m,1776643200.0,1.3939,1.4018,1.393,1.4002,1666316.94,0.0,0.0,0
15m,1776644100.0,1.4002,1.4053,1.4002,1.4052,1504318.53,0.0,0.0,0
15m,1776645000.0,1.4052,1.4071,1.4043,1.4053,649328.05,0.0,0.0,0
15m,1776645900.0,1.4053,1.4079,1.4045,1.4054,733150.09,0.0,0.0,0
15m,1776646800.0,1.4054,1.4079,1.4051,1.4078,766214.85,0.0,0.0,0
15m,1776647700.0,1.4078,1.4079,1.4047,1.4059,1344484.19,0.0,0.0,0
15m,1776648600.0,1.4059,1.4119,1.4053,1.4104,1290012.68,0.0,0.0,0
15m,1776649500.0,1.4104,1.4109,1.4077,1.4081,576990.68,0.0,0.0,0
15m,1776650400.0,1.4081,1.4086,1.4047,1.4051,636751.89,0.0,0.0,0
15m,1776651300.0,1.4051,1.408,1.4036,1.4049,907270.7,0.0,0.0,0
15m,1776652200.0,1.4049,1.4076,1.4041,1.4076,533518.33,0.0,0.0,0
15m,1776653100.0,1.4076,1.4086,1.4065,1.4081,864612.0,0.0,0.0,0
15m,1776654000.0,1.4081,1.4132,1.4076,1.411,272141.97,0.0,0.0,0
15m,1776654900.0,1.411,1.4127,1.4097,1.4111,1508414.68,0.0,0.0,0
15m,1776655800.0,1.4111,1.4123,1.4093,1.4096,669757.08,0.0,0.0,0
15m,1776656700.0,1.4096,1.4114,1.4087,1.411,907645.87,0.0,0.0,0
15m,1776657600.0,1.411,1.4115,1.4087,1.4087,354486.57,0.0,0.0,0
15m,1776658500.0,1.4087,1.4097,1.4056,1.408,869593.85,0.0,0.0,0
15m,1776659400.0,1.408,1.4089,1.4077,1.4078,443427.02,0.0,0.0,0
15m,1776660300.0,1.4078,1.4108,1.4078,1.4095,436057.23,0.0,0.0,0
15m,1776661200.0,1.4095,1.4097,1.4003,1.4025,805111.68,0.0,0.0,0
15m,1776662100.0,1.4025,1.4025,1.3988,1.4003,411283.78,0.0,0.0,0
15m,1776663000.0,1.4003,1.4026,1.3961,1.3961,985516.18,0.0,0.0,0
15m,1776663900.0,1.3961,1.4,1.3955,1.3991,217612.66,0.0,0.0,0
15m,1776664800.0,1.3991,1.4041,1.3991,1.4017,500833.96,0.0,0.0,0
15m,1776665700.0,1.4017,1.4061,1.4003,1.4039,647073.07,0.0,0.0,0
15m,1776666600.0,1.4039,1.4152,1.4037,1.4134,379981.21,0.0,0.0,0
15m,1776667500.0,1.4134,1.4148,1.4112,1.4139,367935.5,0.0,0.0,0
15m,1776668400.0,1.4139,1.416,1.412,1.4155,664849.06,0.0,0.0,0
15m,1776669300.0,1.4155,1.4325,1.4133,1.4254,1969756.84,0.0,0.0,0
15m,1776670200.0,1.4254,1.4267,1.4145,1.416,1950338.58,0.0,0.0,0
15m,1776671100.0,1.416,1.4179,1.4106,1.4152,1635553.25,0.0,0.0,0
15m,1776672000.0,1.4152,1.4156,1.4108,1.4134,955809.5,0.0,0.0,0
15m,1776672900.0,1.4134,1.4176,1.4113,1.4139,438570.84,0.0,0.0,0
15m,1776673800.0,1.4139,1.4149,1.4103,1.4115,909373.14,0.0,0.0,0
15m,1776674700.0,1.4115,1.4126,1.406,1.4099,2214056.22,0.0,0.0,0
15m,1776675600.0,1.4099,1.4161,1.4079,1.4147,2206807.31,0.0,0.0,0
15m,1776676500.0,1.4147,1.4197,1.4146,1.4155,948469.48,0.0,0.0,0
15m,1776677400.0,1.4155,1.4195,1.415,1.4194,427591.42,0.0,0.0,0
15m,1776678300.0,1.4194,1.4208,1.4163,1.418,430350.59,0.0,0.0,0
15m,1776679200.0,1.418,1.4247,1.4172,1.4245,413589.76,0.0,0.0,0
15m,1776680100.0,1.4245,1.4274,1.4225,1.4239,608500.6,0.0,0.0,0
15m,1776681000.0,1.4239,1.4239,1.4195,1.4214,1271244.3,0.0,0.0,0
15m,1776681900.0,1.4214,1.4219,1.4129,1.414,967453.01,0.0,0.0,0
15m,1776682800.0,1.414,1.4164,1.4112,1.4162,662696.69,0.0,0.0,0
15m,1776683700.0,1.4162,1.4173,1.414,1.4172,923160.46,0.0,0.0,0
15m,1776684600.0,1.4172,1.4186,1.414,1.4151,1026182.25,0.0,0.0,0
15m,1776685500.0,1.4151,1.4166,1.4143,1.4152,236296.11,0.0,0.0,0
15m,1776686400.0,1.4152,1.4194,1.4129,1.4183,522721.42,0.0,0.0,0
15m,1776687300.0,1.4183,1.4237,1.417,1.4188,457390.9,0.0,0.0,0
15m,1776688200.0,1.4188,1.4212,1.4169,1.42,689861.07,0.0,0.0,0
15m,1776689100.0,1.42,1.4238,1.42,1.422,813263.46,0.0,0.0,0
15m,1776690000.0,1.422,1.4263,1.4192,1.4248,572718.59,0.0,0.0,0
15m,1776690900.0,1.4248,1.4256,1.4203,1.4245,828485.09,0.0,0.0,0
15m,1776691800.0,1.4245,1.426,1.4176,1.4231,1837038.72,0.0,0.0,0
15m,1776692700.0,1.4231,1.4278,1.419,1.4246,1119284.14,0.0,0.0,0
15m,1776693600.0,1.4246,1.425,1.4202,1.4218,918086.99,0.0,0.0,0
15m,1776694500.0,1.4218,1.4317,1.4213,1.4279,1783275.98,0.0,0.0,0
15m,1776695400.0,1.4279,1.4316,1.4231,1.4258,540593.21,0.0,0.0,0
15m,1776696300.0,1.4258,1.427,1.4143,1.4165,1416226.04,0.0,0.0,0
15m,1776697200.0,1.4165,1.4182,1.4091,1.4145,1108007.4,0.0,0.0,0
15m,1776698100.0,1.4145,1.435,1.414,1.4347,1574880.95,0.0,0.0,0
15m,1776699000.0,1.4347,1.4347,1.4288,1.4309,464896.4,0.0,0.0,0
15m,1776699900.0,1.4309,1.4337,1.4299,1.433,552955.98,0.0,0.0,0
15m,1776700800.0,1.433,1.4338,1.4262,1.4281,1073941.51,0.0,0.0,0
15m,1776701700.0,1.4281,1.4307,1.4253,1.4265,721934.52,0.0,0.0,0
15m,1776702600.0,1.4265,1.4282,1.4226,1.4266,486117.34,0.0,0.0,0
15m,1776703500.0,1.4266,1.4281,1.4224,1.4237,339575.41,0.0,0.0,0
15m,1776704400.0,1.4237,1.4303,1.4229,1.4291,723570.83,0.0,0.0,0
15m,1776705300.0,1.4291,1.4329,1.4281,1.4291,192337.66,0.0,0.0,0
15m,1776706200.0,1.4291,1.4293,1.424,1.4243,571678.93,0.0,0.0,0
15m,1776707100.0,1.4243,1.4297,1.424,1.4272,442314.93,0.0,0.0,0
15m,1776708000.0,1.4272,1.4339,1.4272,1.4325,1390658.62,0.0,0.0,0
15m,1776708900.0,1.4325,1.437,1.4292,1.4316,1913703.12,0.0,0.0,0
15m,1776709800.0,1.4316,1.4322,1.4273,1.4307,1125720.82,0.0,0.0,0
15m,1776710700.0,1.4307,1.4343,1.4278,1.4323,921335.46,0.0,0.0,0
15m,1776711600.0,1.4323,1.4336,1.4302,1.4317,609732.83,0.0,0.0,0
15m,1776712500.0,1.4317,1.4317,1.4278,1.4295,755825.86,0.0,0.0,0
15m,1776713400.0,1.4295,1.4321,1.4285,1.4297,1360853.42,0.0,0.0,0
15m,1776714300.0,1.4297,1.4318,1.4288,1.4303,439400.17,0.0,0.0,0
15m,1776715200.0,1.4303,1.4303,1.4245,1.427,1052847.16,0.0,0.0,0
15m,1776716100.0,1.427,1.4328,1.4266,1.4299,1367008.88,0.0,0.0,0
15m,1776717000.0,1.4299,1.4318,1.429,1.4305,1256935.07,0.0,0.0,0
15m,1776717900.0,1.4305,1.4337,1.43,1.4317,1143065.05,0.0,0.0,0
15m,1776718800.0,1.4317,1.4326,1.4253,1.4272,1393252.87,0.0,0.0,0
15m,1776719700.0,1.4272,1.4285,1.4245,1.4278,562288.74,0.0,0.0,0
15m,1776720600.0,1.4278,1.4297,1.426,1.428,1247149.34,0.0,0.0,0
15m,1776721500.0,1.428,1.4315,1.4279,1.4301,645072.46,0.0,0.0,0
15m,1776722400.0,1.4301,1.4321,1.4285,1.4297,1447277.26,0.0,0.0,0
15m,1776723300.0,1.4297,1.4307,1.4266,1.4279,650873.61,0.0,0.0,0
15m,1776724200.0,1.4279,1.4302,1.4259,1.4274,207483.81,0.0,0.0,0
15m,1776725100.0,1.4274,1.4274,1.4252,1.426,109067.5,0.0,0.0,0
15m,1776726000.0,1.426,1.426,1.4209,1.4223,800124.51,0.0,0.0,0
15m,1776726900.0,1.4223,1.425,1.4218,1.4225,828535.26,0.0,0.0,0
15m,1776727800.0,1.4225,1.4246,1.4216,1.4234,641524.64,0.0,0.0,0
15m,1776728700.0,1.4234,1.4251,1.4222,1.4247,749865.12,0.0,0.0,0
15m,1776729600.0,1.4247,1.4284,1.4243,1.4271,400559.44,0.0,0.0,0
15m,1776730500.0,1.4271,1.4277,1.425,1.4263,129216.4,0.0,0.0,0
15m,1776731400.0,1.4263,1.4276,1.4253,1.4253,179816.38,0.0,0.0,0
15m,1776732300.0,1.4253,1.4295,1.425,1.4274,879161.95,0.0,0.0,0
15m,1776733200.0,1.4274,1.4318,1.4266,1.4302,228257.78,0.0,0.0,0
15m,1776734100.0,1.4302,1.4311,1.4292,1.4297,951572.28,0.0,0.0,0
15m,1776735000.0,1.4297,1.4309,1.4275,1.4293,1062792.48,0.0,0.0,0
15m,1776735900.0,1.4293,1.4293,1.4246,1.4257,759240.81,0.0,0.0,0
15m,1776736800.0,1.4257,1.4264,1.4236,1.4243,479787.32,0.0,0.0,0
15m,1776737700.0,1.4243,1.4265,1.4235,1.4247,332204.3,0.0,0.0,0
15m,1776738600.0,1.4247,1.4255,1.4228,1.4229,535030.13,0.0,0.0,0
15m,1776739500.0,1.4229,1.4237,1.4222,1.4222,437166.2,0.0,0.0,0
15m,1776740400.0,1.4222,1.4227,1.4196,1.4211,758239.95,0.0,0.0,0
15m,1776741300.0,1.4211,1.4234,1.4195,1.4226,809954.05,0.0,0.0,0
15m,1776742200.0,1.4226,1.425,1.4218,1.4232,574409.27,0.0,0.0,0
15m,1776743100.0,1.4232,1.4258,1.423,1.4239,583038.14,0.0,0.0,0
15m,1776744000.0,1.4239,1.427,1.4236,1.4247,534129.26,0.0,0.0,0
15m,1776744900.0,1.4247,1.4261,1.424,1.4247,620820.36,0.0,0.0,0
15m,1776745800.0,1.4247,1.4267,1.4242,1.4266,667245.25,0.0,0.0,0
15m,1776746700.0,1.4266,1.4286,1.4253,1.4279,231827.31,0.0,0.0,0
15m,1776747600.0,1.4279,1.4331,1.4279,1.4297,424299.81,0.0,0.0,0
15m,1776748500.0,1.4297,1.4313,1.4287,1.4312,744991.05,0.0,0.0,0
15m,1776749400.0,1.4312,1.4325,1.4302,1.4306,1082487.98,0.0,0.0,0
15m,1776750300.0,1.4306,1.432,1.4295,1.4317,388869.3,0.0,0.0,0
15m,1776751200.0,1.4317,1.4326,1.4292,1.4296,610862.82,0.0,0.0,0
15m,1776752100.0,1.4296,1.4304,1.4283,1.4297,519988.64,0.0,0.0,0
15m,1776753000.0,1.4297,1.4411,1.4297,1.4377,1610261.03,0.0,0.0,0
15m,1776753900.0,1.4377,1.4389,1.4371,1.4371,356819.01,0.0,0.0,0
15m,1776754800.0,1.4371,1.4373,1.4324,1.4351,267424.9,0.0,0.0,0
15m,1776755700.0,1.4351,1.441,1.4332,1.4398,1264138.89,0.0,0.0,0
15m,1776756600.0,1.4398,1.4424,1.4355,1.4409,874147.51,0.0,0.0,0
15m,1776757500.0,1.4409,1.4423,1.4388,1.4393,209861.59,0.0,0.0,0
15m,1776758400.0,1.4393,1.4405,1.4374,1.4381,280550.74,0.0,0.0,0
15m,1776759300.0,1.4381,1.4428,1.4376,1.4417,317193.14,0.0,0.0,0
15m,1776760200.0,1.4417,1.4449,1.4393,1.4438,221822.67,0.0,0.0,0
15m,1776761100.0,1.4438,1.4496,1.442,1.4427,758621.88,0.0,0.0,0
15m,1776762000.0,1.4427,1.443,1.439,1.4409,319341.04,0.0,0.0,0
15m,1776762900.0,1.4409,1.4447,1.4384,1.4385,449214.94,0.0,0.0,0
15m,1776763800.0,1.4385,1.4401,1.4376,1.4388,217898.19,0.0,0.0,0
15m,1776764700.0,1.4388,1.4415,1.4384,1.4415,226561.57,0.0,0.0,0
15m,1776765600.0,1.4415,1.4429,1.4409,1.4411,420305.95,0.0,0.0,0
15m,1776766500.0,1.4411,1.4415,1.4383,1.4396,258135.62,0.0,0.0,0
15m,1776767400.0,1.4396,1.442,1.4385,1.4417,380645.02,0.0,0.0,0
15m,1776768300.0,1.4417,1.4469,1.4408,1.4445,443125.1,0.0,0.0,0
15m,1776769200.0,1.4445,1.4448,1.4376,1.4393,736650.82,0.0,0.0,0
15m,1776770100.0,1.4393,1.4431,1.439,1.4415,726596.02,0.0,0.0,0
15m,1776771000.0,1.4415,1.4429,1.4397,1.4397,260660.57,0.0,0.0,0
15m,1776771900.0,1.4397,1.4404,1.4378,1.4395,148415.12,0.0,0.0,0
15m,1776772800.0,1.4395,1.4408,1.4351,1.4351,345639.26,0.0,0.0,0
15m,1776773700.0,1.4351,1.4379,1.4351,1.4378,141271.2,0.0,0.0,0
15m,1776774600.0,1.4378,1.4388,1.4267,1.4289,801792.08,0.0,0.0,0
15m,1776775500.0,1.4289,1.4335,1.4263,1.4324,369425.39,0.0,0.0,0
15m,1776776400.0,1.4324,1.4348,1.4312,1.4331,316333.52,0.0,0.0,0
15m,1776777300.0,1.4331,1.4344,1.432,1.4325,127856.98,0.0,0.0,0
15m,1776778200.0,1.4325,1.4357,1.4289,1.4331,434399.28,0.0,0.0,0
15m,1776779100.0,1.4331,1.4343,1.4313,1.433,133431.06,0.0,0.0,0
15m,1776780000.0,1.433,1.4342,1.4305,1.4313,187393.86,0.0,0.0,0
15m,1776780900.0,1.4313,1.4394,1.4313,1.4368,266164.6,0.0,0.0,0
15m,1776781800.0,1.4368,1.445,1.4366,1.4417,304705.41,0.0,0.0,0
15m,1776782700.0,1.4417,1.4422,1.4303,1.4317,287588.06,0.0,0.0,0
15m,1776783600.0,1.4317,1.4331,1.4274,1.4306,485350.35,0.0,0.0,0
15m,1776784500.0,1.4306,1.4335,1.4258,1.4285,286958.81,0.0,0.0,0
15m,1776785400.0,1.4285,1.4321,1.4258,1.4297,265218.01,0.0,0.0,0
15m,1776786300.0,1.4297,1.4328,1.4292,1.4323,206345.73,0.0,0.0,0
15m,1776787200.0,1.4323,1.4355,1.4303,1.4333,317181.69,0.0,0.0,0
15m,1776788100.0,1.4333,1.4353,1.4304,1.4307,183699.29,0.0,0.0,0
15m,1776789000.0,1.4307,1.436,1.4302,1.4309,381821.96,0.0,0.0,0
15m,1776789900.0,1.4309,1.433,1.4275,1.4286,105937.06,0.0,0.0,0
15m,1776790800.0,1.4286,1.4289,1.422,1.423,531400.74,0.0,0.0,0
15m,1776791700.0,1.423,1.4233,1.4137,1.4197,568267.13,0.0,0.0,0
15m,1776792600.0,1.4197,1.4309,1.418,1.4272,562609.74,0.0,0.0,0
15m,1776793500.0,1.4272,1.4279,1.4236,1.4243,237223.03,0.0,0.0,0
15m,1776794400.0,1.4243,1.4264,1.4237,1.4256,178816.18,0.0,0.0,0
15m,1776795300.0,1.4256,1.4269,1.4201,1.4206,292872.53,0.0,0.0,0
15m,1776796200.0,1.4206,1.4237,1.4204,1.4224,171248.71,0.0,0.0,0
15m,1776797100.0,1.4224,1.4272,1.4204,1.427,457304.99,0.0,0.0,0
15m,1776798000.0,1.427,1.4312,1.4254,1.4267,269166.6,0.0,0.0,0
15m,1776798900.0,1.4267,1.4318,1.425,1.4285,268582.21,0.0,0.0,0
15m,1776799800.0,1.4285,1.429,1.4117,1.4129,646766.64,0.0,0.0,0
15m,1776800700.0,1.4129,1.4174,1.412,1.4138,591928.89,0.0,0.0,0
15m,1776801600.0,1.4138,1.4257,1.4124,1.4245,1033355.54,0.0,0.0,0
15m,1776802500.0,1.4245,1.4274,1.4221,1.4251,277041.86,0.0,0.0,0
15m,1776803400.0,1.4251,1.4289,1.425,1.4257,101124.51,0.0,0.0,0
15m,1776804300.0,1.4257,1.4258,1.4234,1.4234,123718.08,0.0,0.0,0
15m,1776805200.0,1.4234,1.4247,1.4215,1.4235,189534.77,0.0,0.0,0
15m,1776806100.0,1.4235,1.4249,1.4221,1.4225,74118.81,0.0,0.0,0
15m,1776807000.0,1.4225,1.4245,1.4207,1.4207,90096.91,0.0,0.0,0
15m,1776807900.0,1.4207,1.4231,1.4205,1.4226,70300.67,0.0,0.0,0
15m,1776808800.0,1.4226,1.4236,1.4204,1.423,73677.07,0.0,0.0,0
15m,1776809700.0,1.423,1.4231,1.4172,1.4184,127202.22,0.0,0.0,0
15m,1776810600.0,1.4184,1.4214,1.4168,1.4214,164852.73,0.0,0.0,0
15m,1776811500.0,1.4214,1.4223,1.4201,1.4222,60151.13,0.0,0.0,0
15m,1776812400.0,1.4222,1.4264,1.4221,1.424,113711.32,0.0,0.0,0
15m,1776813300.0,1.424,1.4253,1.4233,1.4235,74188.39,0.0,0.0,0
15m,1776814200.0,1.4235,1.4289,1.4235,1.4287,139928.89,0.0,0.0,0
15m,1776815100.0,1.4287,1.4341,1.4286,1.4334,332061.89,0.0,0.0,0
15m,1776816000.0,1.4334,1.4343,1.4315,1.4322,268159.85,0.0,0.0,0
15m,1776816900.0,1.4322,1.4342,1.4308,1.432,538831.12,0.0,0.0,0
15m,1776817800.0,1.432,1.4323,1.4299,1.4302,601954.98,0.0,0.0,0
15m,1776818700.0,1.4302,1.432,1.4298,1.432,365310.8,0.0,0.0,0
15m,1776819600.0,1.432,1.4321,1.4289,1.4308,380242.66,0.0,0.0,0
15m,1776820500.0,1.4308,1.4308,1.4269,1.4273,335256.88,0.0,0.0,0
15m,1776821400.0,1.4273,1.4289,1.4268,1.428,105519.49,0.0,0.0,0
15m,1776822300.0,1.428,1.4301,1.4273,1.4289,85578.0,0.0,0.0,0
15m,1776823200.0,1.4289,1.4357,1.4265,1.4338,741734.17,0.0,0.0,0
15m,1776824100.0,1.4338,1.4442,1.4338,1.4437,916075.53,0.0,0.0,0
15m,1776825000.0,1.4437,1.4475,1.4419,1.4471,926777.45,0.0,0.0,0
15m,1776825900.0,1.4471,1.449,1.4437,1.4484,934347.78,0.0,0.0,0
15m,1776826800.0,1.4484,1.4503,1.4463,1.4476,724090.8,0.0,0.0,0
15m,1776827700.0,1.4476,1.4476,1.4437,1.4462,238917.85,0.0,0.0,0
15m,1776828600.0,1.4462,1.4468,1.4429,1.4441,122781.52,0.0,0.0,0
15m,1776829500.0,1.4441,1.445,1.4406,1.443,266895.23,0.0,0.0,0
15m,1776830400.0,1.443,1.4456,1.443,1.4434,161537.77,0.0,0.0,0
15m,1776831300.0,1.4434,1.4446,1.4414,1.4446,119941.33,0.0,0.0,0
15m,1776832200.0,1.4446,1.447,1.4435,1.445,127050.35,0.0,0.0,0
15m,1776833100.0,1.445,1.4453,1.4435,1.4445,85780.45,0.0,0.0,0
15m,1776834000.0,1.4445,1.447,1.443,1.4464,76175.35,0.0,0.0,0
15m,1776834900.0,1.4464,1.4598,1.4459,1.4591,1337474.12,0.0,0.0,0
15m,1776835800.0,1.4591,1.4607,1.4554,1.4573,663497.35,0.0,0.0,0
15m,1776836700.0,1.4573,1.4598,1.4544,1.4544,371568.67,0.0,0.0,0
15m,1776837600.0,1.4544,1.455,1.4528,1.4537,243743.61,0.0,0.0,0
15m,1776838500.0,1.4537,1.4545,1.452,1.4542,81109.11,0.0,0.0,0
15m,1776839400.0,1.4542,1.4553,1.4533,1.4546,488027.38,0.0,0.0,0
15m,1776840300.0,1.4546,1.4571,1.454,1.4567,342020.75,0.0,0.0,0
15m,1776841200.0,1.4567,1.4582,1.4562,1.4576,306180.89,0.0,0.0,0
15m,1776842100.0,1.4576,1.4576,1.4517,1.4519,586682.34,0.0,0.0,0
15m,1776843000.0,1.4519,1.4544,1.4513,1.4539,644263.27,0.0,0.0,0
15m,1776843900.0,1.4539,1.456,1.4534,1.4542,260058.93,0.0,0.0,0
15m,1776844800.0,1.4542,1.4554,1.4528,1.4543,175125.79,0.0,0.0,0
15m,1776845700.0,1.4543,1.4546,1.4515,1.4519,167738.82,0.0,0.0,0
15m,1776846600.0,1.4519,1.4524,1.45,1.4513,213708.17,0.0,0.0,0
15m,1776847500.0,1.4513,1.4539,1.4506,1.4525,125351.63,0.0,0.0,0
15m,1776848400.0,1.4525,1.4545,1.4511,1.4531,172365.61,0.0,0.0,0
15m,1776849300.0,1.4531,1.4541,1.4514,1.4537,64365.01,0.0,0.0,0
15m,1776850200.0,1.4537,1.4539,1.4511,1.4525,190877.33,0.0,0.0,0
15m,1776851100.0,1.4525,1.4529,1.4497,1.4514,336897.88,0.0,0.0,0
15m,1776852000.0,1.4514,1.4523,1.4487,1.4493,294355.9,0.0,0.0,0
15m,1776852900.0,1.4493,1.45,1.4486,1.4499,385248.4,0.0,0.0,0
15m,1776853800.0,1.4499,1.4525,1.4497,1.4512,399110.53,0.0,0.0,0
15m,1776854700.0,1.4512,1.4515,1.4501,1.4506,155783.82,0.0,0.0,0
15m,1776855600.0,1.4506,1.4524,1.449,1.4502,228176.71,0.0,0.0,0
15m,1776856500.0,1.4502,1.4515,1.4499,1.4507,251461.01,0.0,0.0,0
15m,1776857400.0,1.4507,1.4539,1.4506,1.452,376564.18,0.0,0.0,0
15m,1776858300.0,1.452,1.4547,1.4503,1.4544,437196.6,0.0,0.0,0
15m,1776859200.0,1.4544,1.4554,1.4528,1.4548,293094.53,0.0,0.0,0
15m,1776860100.0,1.4548,1.455,1.4506,1.4507,509290.43,0.0,0.0,0
15m,1776861000.0,1.4507,1.4515,1.4472,1.4483,477719.6,0.0,0.0,0
15m,1776861900.0,1.4483,1.4524,1.4483,1.4507,215871.62,0.0,0.0,0
15m,1776862800.0,1.4507,1.4551,1.4478,1.4533,447180.52,0.0,0.0,0
15m,1776863700.0,1.4533,1.4559,1.453,1.4534,292146.4,0.0,0.0,0
15m,1776864600.0,1.4534,1.4578,1.4511,1.4578,534801.17,0.0,0.0,0
15m,1776865500.0,1.4578,1.4611,1.456,1.4589,497992.43,0.0,0.0,0
15m,1776866400.0,1.4589,1.4632,1.4544,1.4615,712645.15,0.0,0.0,0
15m,1776867300.0,1.4615,1.4618,1.4568,1.4585,322984.28,0.0,0.0,0
15m,1776868200.0,1.4585,1.4589,1.4521,1.4524,605767.02,0.0,0.0,0
15m,1776869100.0,1.4524,1.4581,1.4521,1.4576,244647.52,0.0,0.0,0
15m,1776870000.0,1.4576,1.4584,1.4529,1.4541,230062.95,0.0,0.0,0
15m,1776870900.0,1.4541,1.4569,1.4527,1.4541,413966.2,0.0,0.0,0
15m,1776871800.0,1.4541,1.4575,1.4517,1.4561,456355.1,0.0,0.0,0
15m,1776872700.0,1.4561,1.4604,1.456,1.4563,241983.92,0.0,0.0,0
15m,1776873600.0,1.4563,1.4589,1.4533,1.4543,293616.57,0.0,0.0,0
15m,1776874500.0,1.4543,1.4544,1.447,1.4479,522641.66,0.0,0.0,0
15m,1776875400.0,1.4479,1.4495,1.4463,1.4479,439329.99,0.0,0.0,0
15m,1776876300.0,1.4479,1.4494,1.446,1.447,265347.47,0.0,0.0,0
15m,1776877200.0,1.447,1.4521,1.4469,1.4504,219664.7,0.0,0.0,0
15m,1776878100.0,1.4504,1.4507,1.4457,1.4475,281217.02,0.0,0.0,0
15m,1776879000.0,1.4475,1.4492,1.446,1.4476,447021.28,0.0,0.0,0
15m,1776879900.0,1.4476,1.451,1.4457,1.4492,162969.19,0.0,0.0,0
15m,1776880800.0,1.4492,1.4529,1.4492,1.4526,133282.85,0.0,0.0,0
15m,1776881700.0,1.4526,1.4528,1.451,1.451,74607.43,0.0,0.0,0
15m,1776882600.0,1.451,1.4511,1.4487,1.4487,107003.5,0.0,0.0,0
15m,1776883500.0,1.4487,1.4514,1.4478,1.4479,79217.66,0.0,0.0,0
15m,1776884400.0,1.4479,1.4481,1.4427,1.4445,308031.8,0.0,0.0,0
15m,1776885300.0,1.4445,1.4475,1.444,1.446,168969.75,0.0,0.0,0
15m,1776886200.0,1.446,1.4462,1.4374,1.4411,380271.1,0.0,0.0,0
15m,1776887100.0,1.4411,1.4427,1.44,1.4414,182581.28,0.0,0.0,0
15m,1776888000.0,1.4414,1.4429,1.4386,1.4386,289632.85,0.0,0.0,0
15m,1776888900.0,1.4386,1.4386,1.434,1.4378,395680.98,0.0,0.0,0
15m,1776889800.0,1.4378,1.4389,1.4365,1.4377,125416.83,0.0,0.0,0
15m,1776890700.0,1.4377,1.438,1.436,1.437,211829.41,0.0,0.0,0
15m,1776891600.0,1.437,1.4398,1.437,1.4389,202339.16,0.0,0.0,0
15m,1776892500.0,1.4389,1.4399,1.4381,1.4397,82014.18,0.0,0.0,0
15m,1776893400.0,1.4397,1.4415,1.4397,1.4411,113101.37,0.0,0.0,0
15m,1776894300.0,1.4411,1.4417,1.4403,1.4416,67651.04,0.0,0.0,0
15m,1776895200.0,1.4416,1.4418,1.4397,1.44,124959.1,0.0,0.0,0
15m,1776896100.0,1.44,1.4401,1.4368,1.4371,169492.21,0.0,0.0,0
15m,1776897000.0,1.4371,1.4382,1.4361,1.4369,168919.33,0.0,0.0,0
15m,1776897900.0,1.4369,1.4381,1.4354,1.438,152798.67,0.0,0.0,0
15m,1776898800.0,1.438,1.4381,1.4352,1.4362,210390.91,0.0,0.0,0
15m,1776899700.0,1.4362,1.4369,1.4303,1.4328,766076.38,0.0,0.0,0
15m,1776900600.0,1.4328,1.433,1.4292,1.4301,303724.71,0.0,0.0,0
15m,1776901500.0,1.4301,1.4312,1.4289,1.4294,266521.84,0.0,0.0,0
15m,1776902400.0,1.4294,1.4307,1.4224,1.4228,634757.12,0.0,0.0,0
15m,1776903300.0,1.4228,1.4314,1.4169,1.4284,1280428.21,0.0,0.0,0
15m,1776904200.0,1.4284,1.4313,1.4267,1.4287,172855.4,0.0,0.0,0
15m,1776905100.0,1.4287,1.43,1.4265,1.4291,206502.65,0.0,0.0,0
15m,1776906000.0,1.4291,1.4296,1.4256,1.426,202688.49,0.0,0.0,0
15m,1776906900.0,1.426,1.4268,1.4216,1.4216,310050.12,0.0,0.0,0
15m,1776907800.0,1.4216,1.4272,1.4209,1.4257,249615.79,0.0,0.0,0
15m,1776908700.0,1.4257,1.4276,1.4251,1.4259,168022.71,0.0,0.0,0
15m,1776909600.0,1.4259,1.426,1.423,1.423,328300.74,0.0,0.0,0
15m,1776910500.0,1.423,1.4248,1.4184,1.4195,533251.06,0.0,0.0,0
15m,1776911400.0,1.4195,1.4197,1.4153,1.4172,818298.42,0.0,0.0,0
15m,1776912300.0,1.4172,1.4202,1.4166,1.4191,214615.3,0.0,0.0,0
15m,1776913200.0,1.4191,1.4221,1.4157,1.4158,285990.08,0.0,0.0,0
15m,1776914100.0,1.4158,1.4165,1.4143,1.4151,243760.4,0.0,0.0,0
15m,1776915000.0,1.4151,1.4151,1.4115,1.4144,544789.91,0.0,0.0,0
15m,1776915900.0,1.4144,1.4161,1.4131,1.4161,296269.69,0.0,0.0,0
15m,1776916800.0,1.4161,1.4189,1.4152,1.4184,123967.32,0.0,0.0,0
15m,1776917700.0,1.4184,1.4184,1.4161,1.4167,315387.42,0.0,0.0,0
15m,1776918600.0,1.4167,1.4193,1.4167,1.4174,186007.05,0.0,0.0,0
15m,1776919500.0,1.4174,1.4183,1.4165,1.4178,191405.45,0.0,0.0,0
15m,1776920400.0,1.4178,1.42,1.4176,1.4189,188669.42,0.0,0.0,0
15m,1776921300.0,1.4189,1.4189,1.4173,1.4174,302803.89,0.0,0.0,0
15m,1776922200.0,1.4174,1.4176,1.4149,1.4176,247009.73,0.0,0.0,0
15m,1776923100.0,1.4176,1.4205,1.4174,1.4195,248655.22,0.0,0.0,0
15m,1776924000.0,1.4195,1.4236,1.4195,1.4227,329019.29,0.0,0.0,0
15m,1776924900.0,1.4227,1.4247,1.4221,1.424,297145.92,0.0,0.0,0
15m,1776925800.0,1.424,1.425,1.4225,1.4228,213390.65,0.0,0.0,0
15m,1776926700.0,1.4228,1.4239,1.4211,1.4237,167886.45,0.0,0.0,0
15m,1776927600.0,1.4237,1.4239,1.4215,1.4216,245112.06,0.0,0.0,0
15m,1776928500.0,1.4216,1.4231,1.421,1.4222,391725.17,0.0,0.0,0
15m,1776929400.0,1.4222,1.4229,1.4208,1.4228,369451.36,0.0,0.0,0
15m,1776930300.0,1.4228,1.4232,1.4199,1.4208,464078.49,0.0,0.0,0
15m,1776931200.0,1.4208,1.4213,1.418,1.4196,173790.98,0.0,0.0,0
15m,1776932100.0,1.4196,1.4201,1.4167,1.4175,170649.77,0.0,0.0,0
15m,1776933000.0,1.4175,1.4179,1.4152,1.4152,116119.5,0.0,0.0,0
15m,1776933900.0,1.4152,1.4186,1.4152,1.4181,350124.81,0.0,0.0,0
15m,1776934800.0,1.4181,1.4186,1.412,1.4134,402422.22,0.0,0.0,0
15m,1776935700.0,1.4134,1.4166,1.4134,1.4154,133960.28,0.0,0.0,0
15m,1776936600.0,1.4154,1.4162,1.4148,1.4158,143720.35,0.0,0.0,0
15m,1776937500.0,1.4158,1.4159,1.4123,1.4148,440805.38,0.0,0.0,0
15m,1776938400.0,1.4148,1.4159,1.409,1.4091,732237.77,0.0,0.0,0
15m,1776939300.0,1.4091,1.4112,1.4091,1.4109,202123.15,0.0,0.0,0
15m,1776940200.0,1.4109,1.4116,1.4099,1.4103,247597.25,0.0,0.0,0
15m,1776941100.0,1.4103,1.4113,1.409,1.4106,279436.45,0.0,0.0,0
15m,1776942000.0,1.4106,1.4126,1.4106,1.4122,107895.0,0.0,0.0,0
15m,1776942900.0,1.4122,1.4137,1.4114,1.413,294222.59,0.0,0.0,0
15m,1776943800.0,1.413,1.4147,1.4121,1.4147,99024.65,0.0,0.0,0
15m,1776944700.0,1.4147,1.4175,1.4146,1.4164,125724.76,0.0,0.0,0
15m,1776945600.0,1.4164,1.4189,1.4156,1.4179,268902.07,0.0,0.0,0
15m,1776946500.0,1.4179,1.4179,1.4154,1.4175,300166.84,0.0,0.0,0
15m,1776947400.0,1.4175,1.4206,1.4174,1.4192,189066.09,0.0,0.0,0
15m,1776948300.0,1.4192,1.4202,1.4148,1.4185,476212.4,0.0,0.0,0
15m,1776949200.0,1.4185,1.4197,1.4158,1.4163,225699.4,0.0,0.0,0
15m,1776950100.0,1.4163,1.4173,1.4146,1.4153,142294.9,0.0,0.0,0
15m,1776951000.0,1.4153,1.4173,1.4148,1.416,357686.74,0.0,0.0,0
15m,1776951900.0,1.416,1.4188,1.4141,1.416,668144.06,0.0,0.0,0
15m,1776952800.0,1.416,1.4177,1.4139,1.4161,197808.95,0.0,0.0,0
15m,1776953700.0,1.4161,1.4209,1.4156,1.4183,171082.88,0.0,0.0,0
15m,1776954600.0,1.4183,1.4267,1.4183,1.4251,495152.68,0.0,0.0,0
15m,1776955500.0,1.4251,1.43,1.4249,1.43,425853.11,0.0,0.0,0
15m,1776956400.0,1.43,1.4309,1.4262,1.4263,246330.43,0.0,0.0,0
15m,1776957300.0,1.4263,1.4368,1.4255,1.4324,404529.58,0.0,0.0,0
15m,1776958200.0,1.4324,1.434,1.431,1.4322,217026.2,0.0,0.0,0
15m,1776959100.0,1.4322,1.4328,1.4297,1.4315,398946.13,0.0,0.0,0
15m,1776960000.0,1.4315,1.4327,1.429,1.4292,272818.01,0.0,0.0,0
15m,1776960900.0,1.4292,1.4327,1.4286,1.4303,363153.95,0.0,0.0,0
15m,1776961800.0,1.4303,1.4328,1.4299,1.4312,515262.06,0.0,0.0,0
15m,1776962700.0,1.4312,1.4332,1.4279,1.4299,478662.28,0.0,0.0,0
15m,1776963600.0,1.4299,1.4332,1.4262,1.4331,1063837.2,0.0,0.0,0
15m,1776964500.0,1.4331,1.4364,1.4298,1.43,545560.55,0.0,0.0,0
15m,1776965400.0,1.43,1.4367,1.4224,1.4243,905261.52,0.0,0.0,0
15m,1776966300.0,1.4243,1.4365,1.4211,1.435,947684.48,0.0,0.0,0
15m,1776967200.0,1.435,1.4406,1.4325,1.4376,538790.28,0.0,0.0,0
15m,1776968100.0,1.4376,1.4408,1.4331,1.4341,299322.56,0.0,0.0,0
15m,1776969000.0,1.4341,1.44,1.4341,1.4389,187295.11,0.0,0.0,0
15m,1776969900.0,1.4389,1.439,1.4312,1.4312,282685.42,0.0,0.0,0
15m,1776970800.0,1.4312,1.4326,1.4277,1.4303,209578.86,0.0,0.0,0
15m,1776971700.0,1.4303,1.4337,1.4303,1.4318,195127.47,0.0,0.0,0
15m,1776972600.0,1.4318,1.4328,1.4268,1.4289,99955.08,0.0,0.0,0
15m,1776973500.0,1.4289,1.433,1.4278,1.4294,230640.5,0.0,0.0,0
15m,1776974400.0,1.4294,1.4348,1.4291,1.4301,169980.35,0.0,0.0,0
15m,1776975300.0,1.4301,1.4331,1.4278,1.4318,213527.26,0.0,0.0,0
15m,1776976200.0,1.4318,1.4369,1.431,1.4365,205263.21,0.0,0.0,0
15m,1776977100.0,1.4365,1.4372,1.4321,1.4331,122782.14,0.0,0.0,0
15m,1776978000.0,1.4331,1.4346,1.431,1.4314,91866.68,0.0,0.0,0
15m,1776978900.0,1.4314,1.4337,1.4308,1.4337,22550.64,0.0,0.0,0
15m,1776979800.0,1.4337,1.4379,1.4337,1.4374,117519.57,0.0,0.0,0
15m,1776980700.0,1.4374,1.4379,1.4332,1.4334,98069.08,0.0,0.0,0
15m,1776981600.0,1.4334,1.4371,1.4332,1.4358,178551.34,0.0,0.0,0
15m,1776982500.0,1.4358,1.4388,1.4352,1.437,199015.18,0.0,0.0,0
15m,1776983400.0,1.437,1.4385,1.4368,1.4381,83771.92,0.0,0.0,0
15m,1776984300.0,1.4381,1.4392,1.436,1.4361,98180.77,0.0,0.0,0
15m,1776985200.0,1.4361,1.4372,1.4331,1.4336,185691.24,0.0,0.0,0
15m,1776986100.0,1.4336,1.4357,1.4323,1.4347,147875.12,0.0,0.0,0
15m,1776987000.0,1.4347,1.4377,1.4347,1.4375,82205.31,0.0,0.0,0
15m,1776987900.0,1.4375,1.4402,1.4375,1.4385,209323.59,0.0,0.0,0
15m,1776988800.0,1.4385,1.4402,1.4377,1.4379,241385.43,0.0,0.0,0
15m,1776989700.0,1.4379,1.4405,1.4379,1.4389,250189.31,0.0,0.0,0
15m,1776990600.0,1.4389,1.4403,1.4388,1.4388,351215.08,0.0,0.0,0
15m,1776991500.0,1.4388,1.4404,1.4388,1.4404,173743.24,0.0,0.0,0
15m,1776992400.0,1.4404,1.4405,1.4352,1.4361,248676.54,0.0,0.0,0
15m,1776993300.0,1.4361,1.4364,1.4336,1.4336,150104.31,0.0,0.0,0
15m,1776994200.0,1.4336,1.4373,1.4321,1.4361,127745.11,0.0,0.0,0
15m,1776995100.0,1.4361,1.4447,1.4361,1.4442,425511.95,0.0,0.0,0
15m,1776996000.0,1.4442,1.4454,1.4404,1.4412,250111.84,0.0,0.0,0
15m,1776996900.0,1.4412,1.4421,1.4379,1.438,84920.94,0.0,0.0,0
15m,1776997800.0,1.438,1.4405,1.4377,1.4395,137672.01,0.0,0.0,0
15m,1776998700.0,1.4395,1.4413,1.4366,1.4374,200748.66,0.0,0.0,0
15m,1776999600.0,1.4374,1.4388,1.4359,1.4373,168868.02,0.0,0.0,0
15m,1777000500.0,1.4373,1.4374,1.4305,1.4314,225184.34,0.0,0.0,0
15m,1777001400.0,1.4314,1.4317,1.4283,1.4292,270957.41,0.0,0.0,0
15m,1777002300.0,1.4292,1.4311,1.4287,1.4306,278446.63,0.0,0.0,0
15m,1777003200.0,1.4306,1.4308,1.4284,1.4293,201736.61,0.0,0.0,0
15m,1777004100.0,1.4293,1.4307,1.4245,1.4272,565499.43,0.0,0.0,0
15m,1777005000.0,1.4272,1.4296,1.4257,1.4284,112877.33,0.0,0.0,0
15m,1777005900.0,1.4284,1.4306,1.4284,1.4289,57336.71,0.0,0.0,0
15m,1777006800.0,1.4289,1.4289,1.4266,1.4268,102889.47,0.0,0.0,0
15m,1777007700.0,1.4268,1.4286,1.4257,1.428,133815.02,0.0,0.0,0
15m,1777008600.0,1.428,1.43,1.428,1.4293,64537.36,0.0,0.0,0
15m,1777009500.0,1.4293,1.4336,1.4293,1.4327,196148.25,0.0,0.0,0
15m,1777010400.0,1.4327,1.4332,1.4298,1.4318,311727.21,0.0,0.0,0
15m,1777011300.0,1.4318,1.4324,1.4309,1.432,163071.11,0.0,0.0,0
15m,1777012200.0,1.432,1.4325,1.4301,1.4301,135398.22,0.0,0.0,0
15m,1777013100.0,1.4301,1.432,1.4299,1.4299,55627.92,0.0,0.0,0
15m,1777014000.0,1.4299,1.4327,1.4294,1.4309,107012.76,0.0,0.0,0
15m,1777014900.0,1.4309,1.4309,1.4283,1.4292,102255.11,0.0,0.0,0
15m,1777015800.0,1.4292,1.4305,1.4285,1.4294,166304.77,0.0,0.0,0
15m,1777016700.0,1.4294,1.4324,1.4294,1.4324,118718.49,0.0,0.0,0
15m,1777017600.0,1.4324,1.4329,1.4308,1.431,94025.62,0.0,0.0,0
15m,1777018500.0,1.431,1.4362,1.431,1.4347,225550.85,0.0,0.0,0
15m,1777019400.0,1.4347,1.4349,1.4298,1.4299,163567.42,0.0,0.0,0
15m,1777020300.0,1.4299,1.4324,1.4298,1.4314,113060.5,0.0,0.0,0
15m,1777021200.0,1.4314,1.4317,1.4252,1.4261,369893.16,0.0,0.0,0
15m,1777022100.0,1.4261,1.4278,1.4252,1.4255,214757.88,0.0,0.0,0
15m,1777023000.0,1.4255,1.4276,1.4253,1.4276,343697.68,0.0,0.0,0
15m,1777023900.0,1.4276,1.4276,1.4247,1.4256,288053.51,0.0,0.0,0
15m,1777024800.0,1.4256,1.4256,1.4235,1.4245,647515.55,0.0,0.0,0
15m,1777025700.0,1.4245,1.4295,1.4244,1.429,484673.44,0.0,0.0,0
15m,1777026600.0,1.429,1.4292,1.4271,1.4283,209470.27,0.0,0.0,0
15m,1777027500.0,1.4283,1.4325,1.4275,1.4314,215796.37,0.0,0.0,0
15m,1777028400.0,1.4314,1.439,1.4313,1.4367,767851.56,0.0,0.0,0
15m,1777029300.0,1.4367,1.4394,1.4353,1.4394,478788.38,0.0,0.0,0
15m,1777030200.0,1.4394,1.44,1.4377,1.4384,402308.95,0.0,0.0,0
15m,1777031100.0,1.4384,1.4384,1.4361,1.4381,549894.56,0.0,0.0,0
15m,1777032000.0,1.4381,1.4408,1.4368,1.4402,388537.61,0.0,0.0,0
15m,1777032900.0,1.4402,1.4403,1.435,1.4362,583773.34,0.0,0.0,0
15m,1777033800.0,1.4362,1.4364,1.4339,1.4346,499988.41,0.0,0.0,0
15m,1777034700.0,1.4346,1.4363,1.4325,1.4344,476010.13,0.0,0.0,0
15m,1777035600.0,1.4344,1.4439,1.4344,1.441,687795.84,0.0,0.0,0
15m,1777036500.0,1.441,1.4425,1.4372,1.439,243864.55,0.0,0.0,0
15m,1777037400.0,1.439,1.4395,1.4347,1.4377,455389.23,0.0,0.0,0
15m,1777038300.0,1.4377,1.4381,1.4334,1.4355,443837.41,0.0,0.0,0
15m,1777039200.0,1.4355,1.4366,1.4316,1.4322,649015.42,0.0,0.0,0
15m,1777040100.0,1.4322,1.4355,1.4284,1.4295,520174.71,0.0,0.0,0
15m,1777041000.0,1.4295,1.4391,1.4295,1.4367,981285.9,0.0,0.0,0
15m,1777041900.0,1.4367,1.4385,1.4335,1.4338,773900.73,0.0,0.0,0
15m,1777042800.0,1.4338,1.4346,1.4289,1.432,516522.64,0.0,0.0,0
15m,1777043700.0,1.432,1.4378,1.4302,1.4377,379299.6,0.0,0.0,0
15m,1777044600.0,1.4377,1.4441,1.4374,1.4429,301526.57,0.0,0.0,0
15m,1777045500.0,1.4429,1.448,1.4429,1.4477,513809.79,0.0,0.0,0
15m,1777046400.0,1.4477,1.4503,1.4429,1.4433,820892.73,0.0,0.0,0
15m,1777047300.0,1.4433,1.4434,1.4404,1.4423,600657.17,0.0,0.0,0
15m,1777048200.0,1.4423,1.4435,1.4376,1.4396,752832.54,0.0,0.0,0
15m,1777049100.0,1.4396,1.4414,1.4379,1.4402,489537.58,0.0,0.0,0
15m,1777050000.0,1.4402,1.4425,1.4398,1.4416,272758.4,0.0,0.0,0
15m,1777050900.0,1.4416,1.4416,1.438,1.4401,113267.18,0.0,0.0,0
15m,1777051800.0,1.4401,1.4401,1.4357,1.438,120200.44,0.0,0.0,0
15m,1777052700.0,1.438,1.4426,1.437,1.441,199361.08,0.0,0.0,0
15m,1777053600.0,1.441,1.4417,1.4372,1.4372,100212.33,0.0,0.0,0
15m,1777054500.0,1.4372,1.4378,1.4336,1.4367,93133.35,0.0,0.0,0
15m,1777055400.0,1.4367,1.4395,1.4367,1.4388,55680.02,0.0,0.0,0
15m,1777056300.0,1.4388,1.4392,1.4375,1.4387,98707.52,0.0,0.0,0
15m,1777057200.0,1.4387,1.4422,1.4381,1.4382,82267.52,0.0,0.0,0
15m,1777058100.0,1.4382,1.4394,1.4369,1.4371,72057.64,0.0,0.0,0
15m,1777059000.0,1.4371,1.4405,1.4365,1.4395,72110.93,0.0,0.0,0
15m,1777059900.0,1.4395,1.441,1.4388,1.4389,125705.43,0.0,0.0,0
15m,1777060800.0,1.4389,1.4394,1.4371,1.4375,124655.43,0.0,0.0,0
15m,1777061700.0,1.4375,1.4379,1.4347,1.4361,94790.62,0.0,0.0,0
15m,1777062600.0,1.4361,1.441,1.4359,1.4393,87919.76,0.0,0.0,0
15m,1777063500.0,1.4393,1.4418,1.4393,1.4403,51559.81,0.0,0.0,0
15m,1777064400.0,1.4403,1.443,1.438,1.438,156653.9,0.0,0.0,0
15m,1777065300.0,1.438,1.439,1.4375,1.4378,90760.02,0.0,0.0,0
15m,1777066200.0,1.4378,1.4388,1.4367,1.4382,227574.14,0.0,0.0,0
15m,1777067100.0,1.4382,1.439,1.4369,1.4375,142493.77,0.0,0.0,0
15m,1777068000.0,1.4375,1.4381,1.4365,1.4372,72696.08,0.0,0.0,0
15m,1777068900.0,1.4372,1.4374,1.4357,1.4358,66206.35,0.0,0.0,0
15m,1777069800.0,1.4358,1.4358,1.4295,1.4318,269538.2,0.0,0.0,0
15m,1777070700.0,1.4318,1.433,1.4303,1.4313,170363.28,0.0,0.0,0
15m,1777071600.0,1.4313,1.4334,1.4313,1.4331,49255.67,0.0,0.0,0
15m,1777072500.0,1.4331,1.4336,1.4323,1.4328,43095.88,0.0,0.0,0
15m,1777073400.0,1.4328,1.4336,1.4317,1.432,88733.09,0.0,0.0,0
15m,1777074300.0,1.432,1.4337,1.4317,1.4331,223730.39,0.0,0.0,0
15m,1777075200.0,1.4331,1.4343,1.4322,1.4327,126413.89,0.0,0.0,0
15m,1777076100.0,1.4327,1.4338,1.4323,1.4323,51955.55,0.0,0.0,0
15m,1777077000.0,1.4323,1.4338,1.4319,1.432,56925.31,0.0,0.0,0
15m,1777077900.0,1.432,1.4336,1.4316,1.4333,51901.44,0.0,0.0,0
15m,1777078800.0,1.4333,1.4345,1.4332,1.4344,110994.63,0.0,0.0,0
15m,1777079700.0,1.4344,1.436,1.4334,1.4352,167720.41,0.0,0.0,0
15m,1777080600.0,1.4352,1.4366,1.4346,1.4358,75699.55,0.0,0.0,0
15m,1777081500.0,1.4358,1.437,1.4358,1.4359,16771.63,0.0,0.0,0
15m,1777082400.0,1.4359,1.4371,1.4347,1.4356,101249.11,0.0,0.0,0
15m,1777083300.0,1.4356,1.4373,1.4347,1.4368,52777.31,0.0,0.0,0
15m,1777084200.0,1.4368,1.4375,1.4337,1.4339,131469.17,0.0,0.0,0
15m,1777085100.0,1.4339,1.4341,1.4333,1.4336,130239.75,0.0,0.0,0
15m,1777086000.0,1.4336,1.4353,1.4329,1.4339,228376.73,0.0,0.0,0
15m,1777086900.0,1.4339,1.4348,1.4329,1.4333,161264.02,0.0,0.0,0
15m,1777087800.0,1.4333,1.4355,1.4331,1.4351,80679.25,0.0,0.0,0
15m,1777088700.0,1.4351,1.437,1.4351,1.4367,73207.81,0.0,0.0,0
15m,1777089600.0,1.4367,1.4371,1.4357,1.4363,47917.41,0.0,0.0,0
15m,1777090500.0,1.4363,1.4365,1.4351,1.4352,36086.68,0.0,0.0,0
15m,1777091400.0,1.4352,1.4352,1.4336,1.4338,47138.07,0.0,0.0,0
15m,1777092300.0,1.4338,1.4345,1.4337,1.434,40816.83,0.0,0.0,0
15m,1777093200.0,1.434,1.434,1.4317,1.432,69241.4,0.0,0.0,0
15m,1777094100.0,1.432,1.4332,1.4315,1.4324,61677.02,0.0,0.0,0
15m,1777095000.0,1.4324,1.4337,1.4323,1.433,26000.73,0.0,0.0,0
15m,1777095900.0,1.433,1.4338,1.4319,1.4324,65945.57,0.0,0.0,0
15m,1777096800.0,1.4324,1.434,1.4324,1.4335,28841.96,0.0,0.0,0
15m,1777097700.0,1.4335,1.4335,1.4311,1.4318,65257.55,0.0,0.0,0
15m,1777098600.0,1.4318,1.4337,1.4318,1.4333,42970.66,0.0,0.0,0
15m,1777099500.0,1.4333,1.435,1.4329,1.4329,56548.07,0.0,0.0,0
15m,1777100400.0,1.4329,1.4329,1.4311,1.4323,51654.48,0.0,0.0,0
15m,1777101300.0,1.4323,1.4333,1.4321,1.4333,34522.51,0.0,0.0,0
15m,1777102200.0,1.4333,1.4351,1.4332,1.434,77253.14,0.0,0.0,0
15m,1777103100.0,1.434,1.4348,1.4333,1.4335,35139.64,0.0,0.0,0
15m,1777104000.0,1.4335,1.4336,1.4325,1.4328,64076.36,0.0,0.0,0
15m,1777104900.0,1.4328,1.4343,1.4324,1.4342,94440.69,0.0,0.0,0
15m,1777105800.0,1.4342,1.4351,1.4339,1.4347,97379.53,0.0,0.0,0
15m,1777106700.0,1.4347,1.435,1.4344,1.4346,18664.33,0.0,0.0,0
15m,1777107600.0,1.4346,1.4348,1.4337,1.434,64015.6,0.0,0.0,0
15m,1777108500.0,1.434,1.4345,1.4332,1.4332,141862.19,0.0,0.0,0
15m,1777109400.0,1.4332,1.4365,1.4332,1.4359,49330.2,0.0,0.0,0
15m,1777110300.0,1.4359,1.4369,1.4355,1.4355,67912.32,0.0,0.0,0
15m,1777111200.0,1.4355,1.436,1.4349,1.435,21492.2,0.0,0.0,0
15m,1777112100.0,1.435,1.4366,1.4348,1.4356,19573.7,0.0,0.0,0
15m,1777113000.0,1.4356,1.4365,1.4349,1.4352,41684.19,0.0,0.0,0
15m,1777113900.0,1.4352,1.4357,1.4352,1.4356,31714.62,0.0,0.0,0
15m,1777114800.0,1.4356,1.4356,1.4331,1.4331,94715.43,0.0,0.0,0
15m,1777115700.0,1.4331,1.4332,1.4305,1.4313,135002.54,0.0,0.0,0
15m,1777116600.0,1.4313,1.4315,1.4307,1.4307,75943.35,0.0,0.0,0
15m,1777117500.0,1.4307,1.4312,1.4296,1.4307,166429.77,0.0,0.0,0
15m,1777118400.0,1.4307,1.4309,1.4288,1.4307,108261.76,0.0,0.0,0
15m,1777119300.0,1.4307,1.4316,1.43,1.4301,60044.02,0.0,0.0,0
15m,1777120200.0,1.4301,1.4305,1.4284,1.4289,117511.26,0.0,0.0,0
15m,1777121100.0,1.4289,1.4306,1.4289,1.4293,66211.27,0.0,0.0,0
15m,1777122000.0,1.4293,1.4301,1.4287,1.4301,41639.9,0.0,0.0,0
15m,1777122900.0,1.4301,1.4315,1.4294,1.431,64679.63,0.0,0.0,0
15m,1777123800.0,1.431,1.4323,1.4307,1.4321,35687.58,0.0,0.0,0
15m,1777124700.0,1.4321,1.4321,1.4309,1.431,38438.37,0.0,0.0,0
15m,1777125600.0,1.431,1.4314,1.4294,1.4302,47601.81,0.0,0.0,0
15m,1777126500.0,1.4302,1.4309,1.4292,1.4306,32993.81,0.0,0.0,0
15m,1777127400.0,1.4306,1.4316,1.4305,1.4308,85094.65,0.0,0.0,0
15m,1777128300.0,1.4308,1.4311,1.4291,1.4293,47696.8,0.0,0.0,0
15m,1777129200.0,1.4293,1.4308,1.4288,1.4303,51683.63,0.0,0.0,0
15m,1777130100.0,1.4303,1.4312,1.4302,1.431,13809.46,0.0,0.0,0
15m,1777131000.0,1.431,1.4313,1.4302,1.4307,41799.28,0.0,0.0,0
15m,1777131900.0,1.4307,1.4307,1.4245,1.4258,249750.93,0.0,0.0,0
15m,1777132800.0,1.4258,1.428,1.4252,1.4277,119239.42,0.0,0.0,0
15m,1777133700.0,1.4277,1.4279,1.4249,1.4262,62510.02,0.0,0.0,0
15m,1777134600.0,1.4262,1.4263,1.4205,1.4235,190417.8,0.0,0.0,0
15m,1777135500.0,1.4235,1.4248,1.4229,1.4243,89828.39,0.0,0.0,0
15m,1777136400.0,1.4243,1.4249,1.4231,1.4231,124399.32,0.0,0.0,0
15m,1777137300.0,1.4231,1.4245,1.4204,1.4207,114495.4,0.0,0.0,0
15m,1777138200.0,1.4207,1.421,1.4193,1.4205,134550.8,0.0,0.0,0
15m,1777139100.0,1.4205,1.4212,1.4197,1.4202,81446.05,0.0,0.0,0
15m,1777140000.0,1.4202,1.4217,1.4196,1.4206,57044.09,0.0,0.0,0
15m,1777140900.0,1.4206,1.4218,1.4206,1.4218,94501.65,0.0,0.0,0
15m,1777141800.0,1.4218,1.4228,1.4218,1.4219,71049.68,0.0,0.0,0
15m,1777142700.0,1.4219,1.4227,1.4213,1.4213,68381.33,0.0,0.0,0
15m,1777143600.0,1.4213,1.4215,1.4198,1.4206,76874.9,0.0,0.0,0
15m,1777144500.0,1.4206,1.4215,1.4194,1.4194,50219.2,0.0,0.0,0
15m,1777145400.0,1.4194,1.4199,1.4192,1.4195,71105.05,0.0,0.0,0
15m,1777146300.0,1.4195,1.421,1.4193,1.4205,65534.25,0.0,0.0,0
15m,1777147200.0,1.4205,1.4209,1.4189,1.42,80994.06,0.0,0.0,0
15m,1777148100.0,1.42,1.4211,1.42,1.4211,66569.55,0.0,0.0,0
15m,1777149000.0,1.4211,1.4212,1.4208,1.4208,19731.47,0.0,0.0,0
15m,1777149900.0,1.4208,1.4224,1.4207,1.4222,62867.64,0.0,0.0,0
15m,1777150800.0,1.4222,1.4236,1.4222,1.4228,131466.63,0.0,0.0,0
15m,1777151700.0,1.4228,1.4232,1.4221,1.4226,54164.15,0.0,0.0,0
15m,1777152600.0,1.4226,1.4227,1.422,1.4225,98866.86,0.0,0.0,0
15m,1777153500.0,1.4225,1.4231,1.4221,1.4227,72603.98,0.0,0.0,0
15m,1777154400.0,1.4227,1.4235,1.4223,1.4228,73867.51,0.0,0.0,0
15m,1777155300.0,1.4228,1.4238,1.4226,1.4235,57797.1,0.0,0.0,0
15m,1777156200.0,1.4235,1.4258,1.4235,1.4255,172281.19,0.0,0.0,0
15m,1777157100.0,1.4255,1.4255,1.4233,1.4235,112795.43,0.0,0.0,0
15m,1777158000.0,1.4235,1.4239,1.4227,1.4236,32389.13,0.0,0.0,0
15m,1777158900.0,1.4236,1.4239,1.4229,1.4234,24780.86,0.0,0.0,0
15m,1777159800.0,1.4234,1.4254,1.4225,1.4245,176188.69,0.0,0.0,0
15m,1777160700.0,1.4245,1.4247,1.4236,1.4241,51973.23,0.0,0.0,0
15m,1777161600.0,1.4241,1.4241,1.4225,1.4228,60675.67,0.0,0.0,0
15m,1777162500.0,1.4228,1.4228,1.4216,1.4217,47260.53,0.0,0.0,0
15m,1777163400.0,1.4217,1.423,1.4213,1.4227,54060.09,0.0,0.0,0
15m,1777164300.0,1.4227,1.4228,1.4201,1.4211,89071.83,0.0,0.0,0
15m,1777165200.0,1.4211,1.4215,1.4206,1.4213,52528.74,0.0,0.0,0
15m,1777166100.0,1.4213,1.4219,1.4203,1.4204,203003.04,0.0,0.0,0
15m,1777167000.0,1.4204,1.4215,1.4204,1.4207,66873.97,0.0,0.0,0
15m,1777167900.0,1.4207,1.4208,1.4187,1.4193,84994.46,0.0,0.0,0
15m,1777168800.0,1.4193,1.422,1.4193,1.4219,25274.98,0.0,0.0,0
15m,1777169700.0,1.4219,1.4222,1.4215,1.4219,45098.47,0.0,0.0,0
15m,1777170600.0,1.4219,1.4227,1.4212,1.4214,53279.45,0.0,0.0,0
15m,1777171500.0,1.4214,1.4222,1.4208,1.4219,63885.29,0.0,0.0,0
15m,1777172400.0,1.4219,1.4231,1.4213,1.4231,38875.22,0.0,0.0,0
15m,1777173300.0,1.4231,1.424,1.4221,1.4221,151347.1,0.0,0.0,0
15m,1777174200.0,1.4221,1.4221,1.4181,1.4187,173625.85,0.0,0.0,0
15m,1777175100.0,1.4187,1.419,1.4183,1.4187,28869.39,0.0,0.0,0
15m,1777176000.0,1.4187,1.4207,1.4186,1.4198,179758.34,0.0,0.0,0
15m,1777176900.0,1.4198,1.4204,1.4189,1.419,83572.98,0.0,0.0,0
15m,1777177800.0,1.419,1.4208,1.4185,1.4202,207026.06,0.0,0.0,0
15m,1777178700.0,1.4202,1.4238,1.4197,1.4222,219477.25,0.0,0.0,0
15m,1777179600.0,1.4222,1.4274,1.4214,1.4271,280068.35,0.0,0.0,0
15m,1777180500.0,1.4271,1.4295,1.4269,1.4275,256162.38,0.0,0.0,0
15m,1777181400.0,1.4275,1.4285,1.4259,1.426,73269.27,0.0,0.0,0
15m,1777182300.0,1.426,1.4268,1.4248,1.4256,62288.84,0.0,0.0,0
15m,1777183200.0,1.4256,1.4279,1.4256,1.4275,51895.93,0.0,0.0,0
15m,1777184100.0,1.4275,1.4275,1.4258,1.4265,87080.31,0.0,0.0,0
15m,1777185000.0,1.4265,1.4284,1.4263,1.428,70505.3,0.0,0.0,0
15m,1777185900.0,1.428,1.428,1.4258,1.4275,50015.59,0.0,0.0,0
15m,1777186800.0,1.4275,1.4284,1.4268,1.4283,62663.96,0.0,0.0,0
15m,1777187700.0,1.4283,1.4288,1.4278,1.4281,34384.77,0.0,0.0,0
15m,1777188600.0,1.4281,1.4281,1.4262,1.4265,83014.7,0.0,0.0,0
15m,1777189500.0,1.4265,1.4292,1.4265,1.429,137660.18,0.0,0.0,0
15m,1777190400.0,1.429,1.4294,1.4273,1.4279,74593.35,0.0,0.0,0
15m,1777191300.0,1.4279,1.4281,1.4261,1.4267,82569.92,0.0,0.0,0
15m,1777192200.0,1.4267,1.4295,1.4267,1.4275,115195.61,0.0,0.0,0
15m,1777193100.0,1.4275,1.4281,1.4263,1.4265,95834.73,0.0,0.0,0
15m,1777194000.0,1.4265,1.4269,1.4257,1.4265,49048.58,0.0,0.0,0
15m,1777194900.0,1.4265,1.4277,1.4256,1.4276,70563.88,0.0,0.0,0
15m,1777195800.0,1.4276,1.428,1.427,1.4278,102964.04,0.0,0.0,0
15m,1777196700.0,1.4278,1.4286,1.4276,1.4284,58606.97,0.0,0.0,0
15m,1777197600.0,1.4284,1.4289,1.4267,1.4283,111553.82,0.0,0.0,0
15m,1777198500.0,1.4283,1.4288,1.428,1.428,41951.09,0.0,0.0,0
15m,1777199400.0,1.428,1.428,1.4272,1.4274,46700.7,0.0,0.0,0
15m,1777200300.0,1.4274,1.4278,1.4267,1.4275,49690.73,0.0,0.0,0
15m,1777201200.0,1.4275,1.4288,1.4275,1.4284,88717.88,0.0,0.0,0
15m,1777202100.0,1.4284,1.4318,1.4283,1.4316,115506.5,0.0,0.0,0
15m,1777203000.0,1.4316,1.4318,1.4299,1.4306,116818.71,0.0,0.0,0
15m,1777203900.0,1.4306,1.4317,1.4298,1.4306,53353.33,0.0,0.0,0
15m,1777204800.0,1.4306,1.4321,1.4289,1.4294,159403.46,0.0,0.0,0
15m,1777205700.0,1.4294,1.4299,1.4262,1.4271,201342.42,0.0,0.0,0
15m,1777206600.0,1.4271,1.4272,1.4257,1.427,120094.53,0.0,0.0,0
15m,1777207500.0,1.427,1.427,1.4239,1.4251,161175.38,0.0,0.0,0
15m,1777208400.0,1.4251,1.4258,1.4238,1.4255,119346.37,0.0,0.0,0
15m,1777209300.0,1.4255,1.4258,1.4234,1.4247,119465.62,0.0,0.0,0
15m,1777210200.0,1.4247,1.4255,1.4243,1.4247,109328.56,0.0,0.0,0
15m,1777211100.0,1.4247,1.4249,1.4233,1.4246,82959.1,0.0,0.0,0
15m,1777212000.0,1.4246,1.4259,1.4236,1.4259,85891.7,0.0,0.0,0
15m,1777212900.0,1.4259,1.43,1.4254,1.4283,179728.52,0.0,0.0,0
15m,1777213800.0,1.4283,1.4299,1.4274,1.4287,81346.68,0.0,0.0,0
15m,1777214700.0,1.4287,1.4294,1.4272,1.4274,101006.45,0.0,0.0,0
15m,1777215600.0,1.4274,1.4279,1.4264,1.4267,63655.33,0.0,0.0,0
15m,1777216500.0,1.4267,1.4291,1.4264,1.4291,85119.12,0.0,0.0,0
15m,1777217400.0,1.4291,1.4292,1.4278,1.4283,61316.68,0.0,0.0,0
15m,1777218300.0,1.4283,1.4294,1.4273,1.4292,91067.97,0.0,0.0,0
15m,1777219200.0,1.4292,1.4297,1.4274,1.4275,43320.01,0.0,0.0,0
15m,1777220100.0,1.4275,1.4277,1.4265,1.4272,83307.23,0.0,0.0,0
15m,1777221000.0,1.4272,1.4285,1.4263,1.4264,97645.63,0.0,0.0,0
15m,1777221900.0,1.4264,1.4266,1.4251,1.4254,87020.74,0.0,0.0,0
15m,1777222800.0,1.4254,1.4257,1.4225,1.4256,123737.09,0.0,0.0,0
15m,1777223700.0,1.4256,1.4267,1.4248,1.4256,92438.3,0.0,0.0,0
15m,1777224600.0,1.4256,1.4256,1.4239,1.4253,85614.79,0.0,0.0,0
15m,1777225500.0,1.4253,1.426,1.4248,1.4249,84624.28,0.0,0.0,0
15m,1777226400.0,1.4249,1.4286,1.4231,1.4272,214905.08,0.0,0.0,0
15m,1777227300.0,1.4272,1.4302,1.4272,1.428,126487.66,0.0,0.0,0
15m,1777228200.0,1.428,1.4285,1.4271,1.428,70699.98,0.0,0.0,0
15m,1777229100.0,1.428,1.4294,1.4279,1.4289,72382.48,0.0,0.0,0
15m,1777230000.0,1.4289,1.4314,1.428,1.4309,259888.57,0.0,0.0,0
15m,1777230900.0,1.4309,1.4363,1.43,1.4311,411786.17,0.0,0.0,0
15m,1777231800.0,1.4311,1.4318,1.4299,1.431,101606.56,0.0,0.0,0
15m,1777232700.0,1.431,1.432,1.4303,1.4303,81027.54,0.0,0.0,0
15m,1777233600.0,1.4303,1.4317,1.4297,1.4297,56768.68,0.0,0.0,0
15m,1777234500.0,1.4297,1.4311,1.4295,1.4308,82730.11,0.0,0.0,0
15m,1777235400.0,1.4308,1.433,1.4287,1.4288,220124.31,0.0,0.0,0
15m,1777236300.0,1.4288,1.4295,1.4274,1.4275,58061.01,0.0,0.0,0
15m,1777237200.0,1.4275,1.4295,1.4275,1.4287,170582.18,0.0,0.0,0
15m,1777238100.0,1.4287,1.43,1.4285,1.4288,187148.8,0.0,0.0,0
15m,1777239000.0,1.4288,1.4288,1.4227,1.4232,431708.3,0.0,0.0,0
15m,1777239900.0,1.4232,1.4302,1.4203,1.4284,518747.41,0.0,0.0,0
15m,1777240800.0,1.4284,1.432,1.4282,1.431,304350.84,0.0,0.0,0
15m,1777241700.0,1.431,1.4357,1.4305,1.4312,373713.64,0.0,0.0,0
15m,1777242600.0,1.4312,1.4312,1.4237,1.427,337308.35,0.0,0.0,0
15m,1777243500.0,1.427,1.4292,1.427,1.4272,84179.1,0.0,0.0,0
15m,1777244400.0,1.4272,1.4285,1.4262,1.4274,134231.84,0.0,0.0,0
15m,1777245300.0,1.4274,1.4303,1.4262,1.4264,133122.12,0.0,0.0,0
15m,1777246200.0,1.4264,1.432,1.4252,1.4319,206913.55,0.0,0.0,0
15m,1777247100.0,1.4319,1.4349,1.4306,1.4308,361376.32,0.0,0.0,0
15m,1777248000.0,1.4308,1.4342,1.429,1.4292,103057.13,0.0,0.0,0
15m,1777248900.0,1.4292,1.4297,1.4256,1.4263,124016.07,0.0,0.0,0
15m,1777249800.0,1.4263,1.4339,1.4254,1.433,144601.77,0.0,0.0,0
15m,1777250700.0,1.433,1.4407,1.4323,1.4394,477663.32,0.0,0.0,0
15m,1777251600.0,1.4394,1.4446,1.4394,1.4398,367209.66,0.0,0.0,0
15m,1777252500.0,1.4398,1.4405,1.435,1.4371,443505.47,0.0,0.0,0
15m,1777253400.0,1.4371,1.4431,1.437,1.4416,181169.8,0.0,0.0,0
15m,1777254300.0,1.4416,1.4463,1.4415,1.4446,530713.84,0.0,0.0,0
15m,1777255200.0,1.4446,1.4455,1.4404,1.4417,202080.55,0.0,0.0,0
15m,1777256100.0,1.4417,1.4444,1.4401,1.4422,171103.64,0.0,0.0,0
15m,1777257000.0,1.4422,1.4446,1.4408,1.4418,195911.7,0.0,0.0,0
15m,1777257900.0,1.4418,1.4458,1.4418,1.4436,278452.71,0.0,0.0,0
15m,1777258800.0,1.4436,1.4454,1.4417,1.4433,214966.38,0.0,0.0,0
15m,1777259700.0,1.4433,1.4443,1.442,1.4438,215998.81,0.0,0.0,0
15m,1777260600.0,1.4438,1.4465,1.4435,1.4463,259206.08,0.0,0.0,0
15m,1777261500.0,1.4463,1.4467,1.4422,1.4424,194925.21,0.0,0.0,0
15m,1777262400.0,1.4424,1.4425,1.4402,1.4408,101664.93,0.0,0.0,0
15m,1777263300.0,1.4408,1.4418,1.4401,1.4417,107425.32,0.0,0.0,0
15m,1777264200.0,1.4417,1.4423,1.4401,1.4403,48750.26,0.0,0.0,0
15m,1777265100.0,1.4403,1.4405,1.438,1.4402,216947.85,0.0,0.0,0
15m,1777266000.0,1.4402,1.4406,1.4275,1.4278,353324.17,0.0,0.0,0
15m,1777266900.0,1.4278,1.4278,1.4187,1.4205,1180850.3,0.0,0.0,0
15m,1777267800.0,1.4205,1.4219,1.4167,1.4204,522781.14,0.0,0.0,0
15m,1777268700.0,1.4204,1.4219,1.4184,1.4195,265376.93,0.0,0.0,0
15m,1777269600.0,1.4195,1.4195,1.4148,1.4188,331644.16,0.0,0.0,0
15m,1777270500.0,1.4188,1.4208,1.4183,1.4192,84384.47,0.0,0.0,0
15m,1777271400.0,1.4192,1.4192,1.413,1.4159,245836.48,0.0,0.0,0
15m,1777272300.0,1.4159,1.4189,1.4156,1.4182,140384.58,0.0,0.0,0
15m,1777273200.0,1.4182,1.4189,1.416,1.4167,278691.08,0.0,0.0,0
15m,1777274100.0,1.4167,1.4175,1.4144,1.4152,124044.09,0.0,0.0,0
15m,1777275000.0,1.4152,1.4155,1.4137,1.4154,161864.06,0.0,0.0,0
15m,1777275900.0,1.4154,1.4172,1.4144,1.4146,250079.87,0.0,0.0,0
15m,1777276800.0,1.4146,1.4156,1.413,1.4148,320642.9,0.0,0.0,0
15m,1777277700.0,1.4148,1.4168,1.414,1.414,207084.9,0.0,0.0,0
15m,1777278600.0,1.414,1.4157,1.4136,1.4144,163403.67,0.0,0.0,0
15m,1777279500.0,1.4144,1.4181,1.4144,1.4181,256152.86,0.0,0.0,0
15m,1777280400.0,1.4181,1.4191,1.4178,1.4188,164362.57,0.0,0.0,0
15m,1777281300.0,1.4188,1.4189,1.4153,1.4164,139568.71,0.0,0.0,0
15m,1777282200.0,1.4164,1.418,1.4155,1.4173,164983.14,0.0,0.0,0
15m,1777283100.0,1.4173,1.418,1.4164,1.4168,182373.96,0.0,0.0,0
15m,1777284000.0,1.4168,1.4168,1.4152,1.4152,213724.05,0.0,0.0,0
15m,1777284900.0,1.4152,1.416,1.4144,1.4154,140343.76,0.0,0.0,0
15m,1777285800.0,1.4154,1.417,1.4153,1.416,96197.86,0.0,0.0,0
15m,1777286700.0,1.416,1.4166,1.4151,1.4153,157585.59,0.0,0.0,0
15m,1777287600.0,1.4153,1.4153,1.4132,1.4137,173309.8,0.0,0.0,0
15m,1777288500.0,1.4137,1.4152,1.4125,1.4142,120736.28,0.0,0.0,0
15m,1777289400.0,1.4142,1.4145,1.4136,1.4138,185404.98,0.0,0.0,0
15m,1777290300.0,1.4138,1.4141,1.4129,1.4137,208251.5,0.0,0.0,0
15m,1777291200.0,1.4137,1.415,1.4127,1.4142,116110.28,0.0,0.0,0
15m,1777292100.0,1.4142,1.415,1.4126,1.4133,96857.86,0.0,0.0,0
15m,1777293000.0,1.4133,1.4137,1.4103,1.4112,376284.32,0.0,0.0,0
15m,1777293900.0,1.4112,1.4122,1.41,1.4107,213606.17,0.0,0.0,0
15m,1777294800.0,1.4107,1.4124,1.4095,1.4095,264887.9,0.0,0.0,0
15m,1777295700.0,1.4095,1.4105,1.4058,1.4071,442178.05,0.0,0.0,0
15m,1777296600.0,1.4071,1.4109,1.4055,1.4081,506065.72,0.0,0.0,0
15m,1777297500.0,1.4081,1.4083,1.3981,1.4019,1283818.58,0.0,0.0,0
15m,1777298400.0,1.4019,1.4056,1.3988,1.4052,487968.19,0.0,0.0,0
15m,1777299300.0,1.4052,1.4059,1.4025,1.4031,374084.53,0.0,0.0,0
15m,1777300200.0,1.4031,1.41,1.4024,1.4095,590238.2,0.0,0.0,0
15m,1777301100.0,1.4095,1.4108,1.4034,1.4038,327885.19,0.0,0.0,0
15m,1777302000.0,1.4038,1.4043,1.3961,1.3978,640549.0,0.0,0.0,0
15m,1777302900.0,1.3978,1.3978,1.3842,1.3889,1361852.79,0.0,0.0,0
15m,1777303800.0,1.3889,1.3929,1.3884,1.3905,304337.21,0.0,0.0,0
15m,1777304700.0,1.3905,1.3905,1.3858,1.3881,149698.87,0.0,0.0,0
15m,1777305600.0,1.3881,1.3903,1.3869,1.3899,186450.97,0.0,0.0,0
15m,1777306500.0,1.3899,1.3916,1.3861,1.3865,196920.59,0.0,0.0,0
15m,1777307400.0,1.3865,1.3882,1.3847,1.3862,279395.75,0.0,0.0,0
15m,1777308300.0,1.3862,1.389,1.3862,1.3889,138407.61,0.0,0.0,0
15m,1777309200.0,1.3889,1.3929,1.3889,1.3915,357956.69,0.0,0.0,0
15m,1777310100.0,1.3915,1.3954,1.3906,1.3938,252302.02,0.0,0.0,0
15m,1777311000.0,1.3938,1.3953,1.3927,1.3944,161370.7,0.0,0.0,0
15m,1777311900.0,1.3944,1.3948,1.393,1.3935,146932.42,0.0,0.0,0
15m,1777312800.0,1.3935,1.396,1.3927,1.3946,181882.96,0.0,0.0,0
15m,1777313700.0,1.3946,1.3968,1.3933,1.3937,104961.09,0.0,0.0,0
15m,1777314600.0,1.3937,1.3957,1.3932,1.3953,38713.09,0.0,0.0,0
15m,1777315500.0,1.3953,1.3974,1.3948,1.3959,72995.25,0.0,0.0,0
15m,1777316400.0,1.3959,1.3966,1.3934,1.3951,101749.05,0.0,0.0,0
15m,1777317300.0,1.3951,1.3951,1.3886,1.3891,103065.01,0.0,0.0,0
15m,1777318200.0,1.3891,1.3925,1.3871,1.3919,210819.63,0.0,0.0,0
15m,1777319100.0,1.3919,1.3932,1.3918,1.3931,66869.08,0.0,0.0,0
15m,1777320000.0,1.3931,1.3947,1.391,1.3911,78846.82,0.0,0.0,0
15m,1777320900.0,1.3911,1.394,1.3911,1.3938,77434.16,0.0,0.0,0
15m,1777321800.0,1.3938,1.3951,1.3933,1.3933,63234.48,0.0,0.0,0
15m,1777322700.0,1.3933,1.3935,1.3924,1.3928,93062.69,0.0,0.0,0
15m,1777323600.0,1.3928,1.3937,1.3914,1.3928,204835.11,0.0,0.0,0
15m,1777324500.0,1.3928,1.3934,1.3918,1.3926,87900.31,0.0,0.0,0
15m,1777325400.0,1.3926,1.3937,1.3918,1.3922,68068.75,0.0,0.0,0
15m,1777326300.0,1.3922,1.3922,1.3899,1.3899,78872.02,0.0,0.0,0
15m,1777327200.0,1.3899,1.393,1.3895,1.3923,103934.12,0.0,0.0,0
15m,1777328100.0,1.3923,1.3946,1.3918,1.3946,270019.38,0.0,0.0,0
15m,1777329000.0,1.3946,1.3964,1.3946,1.3961,110469.64,0.0,0.0,0
15m,1777329900.0,1.3961,1.3972,1.3961,1.3969,72106.74,0.0,0.0,0
15m,1777330800.0,1.3969,1.3985,1.3967,1.397,115123.51,0.0,0.0,0
15m,1777331700.0,1.397,1.4001,1.3969,1.3989,127343.44,0.0,0.0,0
15m,1777332600.0,1.3989,1.4004,1.3989,1.3999,90709.48,0.0,0.0,0
15m,1777333500.0,1.3999,1.4023,1.3995,1.4008,177004.17,0.0,0.0,0
15m,1777334400.0,1.4008,1.4009,1.3982,1.3984,151037.81,0.0,0.0,0
15m,1777335300.0,1.3984,1.3995,1.3954,1.396,96346.22,0.0,0.0,0
15m,1777336200.0,1.396,1.3996,1.3957,1.3993,134169.12,0.0,0.0,0
15m,1777337100.0,1.3993,1.4003,1.3976,1.398,75719.75,0.0,0.0,0
15m,1777338000.0,1.398,1.3992,1.3976,1.399,122091.91,0.0,0.0,0
15m,1777338900.0,1.399,1.3991,1.3971,1.3979,69286.36,0.0,0.0,0
15m,1777339800.0,1.3979,1.3981,1.3963,1.3965,75065.13,0.0,0.0,0
15m,1777340700.0,1.3965,1.3981,1.3963,1.3976,47967.24,0.0,0.0,0
15m,1777341600.0,1.3976,1.3992,1.3971,1.3976,80280.62,0.0,0.0,0
15m,1777342500.0,1.3976,1.3991,1.3963,1.3964,116224.61,0.0,0.0,0
15m,1777343400.0,1.3964,1.3964,1.3918,1.3918,141909.27,0.0,0.0,0
15m,1777344300.0,1.3918,1.3939,1.3913,1.3935,112860.35,0.0,0.0,0
15m,1777345200.0,1.3935,1.3938,1.3916,1.3929,130905.34,0.0,0.0,0
15m,1777346100.0,1.3929,1.3929,1.3888,1.39,132928.02,0.0,0.0,0
15m,1777347000.0,1.39,1.3913,1.3898,1.3905,52316.55,0.0,0.0,0
15m,1777347900.0,1.3905,1.3934,1.3903,1.393,54277.54,0.0,0.0,0
15m,1777348800.0,1.393,1.3936,1.3911,1.3934,77303.82,0.0,0.0,0
15m,1777349700.0,1.3934,1.3945,1.3906,1.3919,101947.81,0.0,0.0,0
15m,1777350600.0,1.3919,1.3939,1.3913,1.3928,111581.48,0.0,0.0,0
15m,1777351500.0,1.3928,1.3937,1.3928,1.3928,39845.79,0.0,0.0,0
15m,1777352400.0,1.3928,1.3953,1.3928,1.3938,413419.19,0.0,0.0,0
15m,1777353300.0,1.3938,1.3973,1.393,1.3959,230768.39,0.0,0.0,0
15m,1777354200.0,1.3959,1.3959,1.3923,1.3929,141340.46,0.0,0.0,0
15m,1777355100.0,1.3929,1.3945,1.3928,1.3935,129210.63,0.0,0.0,0
15m,1777356000.0,1.3935,1.3971,1.3935,1.3954,100091.06,0.0,0.0,0
15m,1777356900.0,1.3954,1.3954,1.3922,1.3938,106136.29,0.0,0.0,0
15m,1777357800.0,1.3938,1.3942,1.3866,1.3872,360936.36,0.0,0.0,0
15m,1777358700.0,1.3872,1.3896,1.3863,1.3889,165717.34,0.0,0.0,0
15m,1777359600.0,1.3889,1.3897,1.3873,1.3875,152594.25,0.0,0.0,0
15m,1777360500.0,1.3875,1.3884,1.385,1.3879,272422.41,0.0,0.0,0
15m,1777361400.0,1.3879,1.3915,1.3876,1.3912,151419.72,0.0,0.0,0
15m,1777362300.0,1.3912,1.3935,1.3906,1.393,103126.56,0.0,0.0,0
15m,1777363200.0,1.393,1.3932,1.391,1.3922,171355.64,0.0,0.0,0
15m,1777364100.0,1.3922,1.3956,1.3921,1.3953,152873.29,0.0,0.0,0
15m,1777365000.0,1.3953,1.3959,1.3923,1.3926,43454.55,0.0,0.0,0
15m,1777365900.0,1.3926,1.3932,1.3915,1.3924,52300.4,0.0,0.0,0
15m,1777366800.0,1.3924,1.3926,1.391,1.3917,66523.68,0.0,0.0,0
15m,1777367700.0,1.3917,1.3922,1.3906,1.3917,101913.35,0.0,0.0,0
15m,1777368600.0,1.3917,1.3917,1.3889,1.3895,165379.79,0.0,0.0,0
15m,1777369500.0,1.3895,1.3895,1.3862,1.3872,475162.8,0.0,0.0,0
15m,1777370400.0,1.3872,1.3897,1.3869,1.387,319393.82,0.0,0.0,0
15m,1777371300.0,1.387,1.3881,1.3862,1.3867,487969.94,0.0,0.0,0
15m,1777372200.0,1.3867,1.3885,1.3865,1.3885,167786.47,0.0,0.0,0
15m,1777373100.0,1.3885,1.3886,1.3867,1.388,252515.75,0.0,0.0,0
15m,1777374000.0,1.388,1.3886,1.3862,1.3863,440670.33,0.0,0.0,0
15m,1777374900.0,1.3863,1.3874,1.3849,1.3864,419691.47,0.0,0.0,0
15m,1777375800.0,1.3864,1.3873,1.3831,1.3853,573418.83,0.0,0.0,0
15m,1777376700.0,1.3853,1.3853,1.3793,1.3812,795162.0,0.0,0.0,0
15m,1777377600.0,1.3812,1.3823,1.3807,1.3814,209885.92,0.0,0.0,0
15m,1777378500.0,1.3814,1.384,1.3786,1.3808,502659.71,0.0,0.0,0
15m,1777379400.0,1.3808,1.383,1.3797,1.3828,356947.97,0.0,0.0,0
15m,1777380300.0,1.3828,1.3845,1.3817,1.3828,198967.65,0.0,0.0,0
15m,1777381200.0,1.3828,1.383,1.3754,1.3774,617315.39,0.0,0.0,0
15m,1777382100.0,1.3774,1.3812,1.3759,1.3795,373759.98,0.0,0.0,0
15m,1777383000.0,1.3795,1.3831,1.3776,1.3824,303340.67,0.0,0.0,0
15m,1777383900.0,1.3824,1.3841,1.3747,1.3782,827669.17,0.0,0.0,0
15m,1777384800.0,1.3782,1.3782,1.3726,1.3738,406072.41,0.0,0.0,0
15m,1777385700.0,1.3738,1.3752,1.3689,1.3719,635611.83,0.0,0.0,0
15m,1777386600.0,1.3719,1.3734,1.3678,1.371,335409.21,0.0,0.0,0
15m,1777387500.0,1.371,1.3719,1.3684,1.37,439918.37,0.0,0.0,0
15m,1777388400.0,1.37,1.3727,1.37,1.3719,447624.34,0.0,0.0,0
15m,1777389300.0,1.3719,1.3723,1.3701,1.3713,351469.85,0.0,0.0,0
15m,1777390200.0,1.3713,1.3751,1.3691,1.3732,441265.5,0.0,0.0,0
15m,1777391100.0,1.3732,1.376,1.3729,1.3753,302489.78,0.0,0.0,0
15m,1777392000.0,1.3753,1.3762,1.3736,1.3751,457995.04,0.0,0.0,0
15m,1777392900.0,1.3751,1.3763,1.3739,1.3742,172838.28,0.0,0.0,0
15m,1777393800.0,1.3742,1.3746,1.3708,1.3708,311504.47,0.0,0.0,0
15m,1777394700.0,1.3708,1.3772,1.3703,1.3768,433709.88,0.0,0.0,0
15m,1777395600.0,1.3768,1.3781,1.376,1.3762,135728.72,0.0,0.0,0
15m,1777396500.0,1.3762,1.3769,1.3742,1.376,71684.55,0.0,0.0,0
15m,1777397400.0,1.376,1.381,1.3756,1.3805,219725.6,0.0,0.0,0
15m,1777398300.0,1.3805,1.3808,1.3767,1.3789,371384.96,0.0,0.0,0
15m,1777399200.0,1.3789,1.3824,1.3787,1.3801,226265.21,0.0,0.0,0
15m,1777400100.0,1.3801,1.3826,1.3801,1.3822,91307.38,0.0,0.0,0
15m,1777401000.0,1.3822,1.3827,1.3794,1.3796,191515.96,0.0,0.0,0
15m,1777401900.0,1.3796,1.3826,1.3794,1.3823,121387.0,0.0,0.0,0
15m,1777402800.0,1.3823,1.3823,1.3795,1.3795,269433.09,0.0,0.0,0
15m,1777403700.0,1.3795,1.3803,1.3778,1.3796,196476.4,0.0,0.0,0
15m,1777404600.0,1.3796,1.3814,1.3789,1.3814,113154.23,0.0,0.0,0
15m,1777405500.0,1.3814,1.3864,1.3814,1.3825,728074.38,0.0,0.0,0
15m,1777406400.0,1.3825,1.385,1.3816,1.3828,268024.19,0.0,0.0,0
15m,1777407300.0,1.3828,1.3837,1.382,1.3832,173258.33,0.0,0.0,0
15m,1777408200.0,1.3832,1.3842,1.3826,1.3829,107527.93,0.0,0.0,0
15m,1777409100.0,1.3829,1.3839,1.3828,1.3831,54994.41,0.0,0.0,0
15m,1777410000.0,1.3831,1.3843,1.3813,1.3819,152702.56,0.0,0.0,0
15m,1777410900.0,1.3819,1.3822,1.3798,1.3799,64300.88,0.0,0.0,0
15m,1777411800.0,1.3799,1.3808,1.3791,1.3791,166381.37,0.0,0.0,0
15m,1777412700.0,1.3791,1.3811,1.3788,1.3803,92967.83,0.0,0.0,0
15m,1777413600.0,1.3803,1.3853,1.3803,1.3821,378682.57,0.0,0.0,0
15m,1777414500.0,1.3821,1.3821,1.3806,1.3816,60354.76,0.0,0.0,0
15m,1777415400.0,1.3816,1.3818,1.3788,1.3796,171136.53,0.0,0.0,0
15m,1777416300.0,1.3796,1.3799,1.3789,1.3799,88258.71,0.0,0.0,0
15m,1777417200.0,1.3799,1.3813,1.3787,1.3809,77115.72,0.0,0.0,0
15m,1777418100.0,1.3809,1.3811,1.3791,1.3797,31062.29,0.0,0.0,0
15m,1777419000.0,1.3797,1.381,1.3791,1.3809,50697.91,0.0,0.0,0
15m,1777419900.0,1.3809,1.3818,1.3806,1.3807,64070.04,0.0,0.0,0
15m,1777420800.0,1.3807,1.3817,1.3789,1.38,189784.47,0.0,0.0,0
15m,1777421700.0,1.38,1.3808,1.3783,1.3785,197818.21,0.0,0.0,0
15m,1777422600.0,1.3785,1.382,1.3784,1.3813,314376.4,0.0,0.0,0
15m,1777423500.0,1.3813,1.3847,1.3806,1.3831,753474.64,0.0,0.0,0
15m,1777424400.0,1.3831,1.3837,1.38,1.3804,194853.19,0.0,0.0,0
15m,1777425300.0,1.3804,1.3814,1.3779,1.3785,245682.82,0.0,0.0,0
15m,1777426200.0,1.3785,1.3796,1.377,1.3796,277804.02,0.0,0.0,0
15m,1777427100.0,1.3796,1.3835,1.3794,1.3817,206870.77,0.0,0.0,0
15m,1777428000.0,1.3817,1.3835,1.3811,1.3812,137360.35,0.0,0.0,0
15m,1777428900.0,1.3812,1.3832,1.3805,1.3808,453652.88,0.0,0.0,0
15m,1777429800.0,1.3808,1.3811,1.3791,1.3793,189443.25,0.0,0.0,0
15m,1777430700.0,1.3793,1.3805,1.3791,1.3799,208929.29,0.0,0.0,0
15m,1777431600.0,1.3799,1.382,1.3794,1.3816,71352.08,0.0,0.0,0
15m,1777432500.0,1.3816,1.3887,1.3816,1.3869,597701.41,0.0,0.0,0
15m,1777433400.0,1.3869,1.39,1.3843,1.3897,579469.27,0.0,0.0,0
15m,1777434300.0,1.3897,1.3899,1.3878,1.3892,269967.62,0.0,0.0,0
15m,1777435200.0,1.3892,1.3897,1.3876,1.3881,210420.61,0.0,0.0,0
15m,1777436100.0,1.3881,1.3907,1.3881,1.3902,323972.09,0.0,0.0,0
15m,1777437000.0,1.3902,1.3973,1.3901,1.3961,413183.24,0.0,0.0,0
15m,1777437900.0,1.3961,1.3975,1.3946,1.3951,337512.67,0.0,0.0,0
15m,1777438800.0,1.3951,1.3958,1.394,1.3944,125488.0,0.0,0.0,0
15m,1777439700.0,1.3944,1.3949,1.394,1.3949,66328.46,0.0,0.0,0
15m,1777440600.0,1.3949,1.3949,1.3939,1.3942,67828.09,0.0,0.0,0
15m,1777441500.0,1.3942,1.3974,1.3942,1.396,233430.76,0.0,0.0,0
15m,1777442400.0,1.396,1.3967,1.3935,1.3944,281811.04,0.0,0.0,0
15m,1777443300.0,1.3944,1.399,1.3931,1.3953,1491545.02,0.0,0.0,0
15m,1777444200.0,1.3953,1.3962,1.3927,1.3927,311606.09,0.0,0.0,0
15m,1777445100.0,1.3927,1.3931,1.3906,1.3924,200787.28,0.0,0.0,0
15m,1777446000.0,1.3924,1.393,1.3914,1.3923,95866.7,0.0,0.0,0
15m,1777446900.0,1.3923,1.3926,1.3908,1.3915,373580.65,0.0,0.0,0
15m,1777447800.0,1.3915,1.3959,1.3915,1.3936,259143.28,0.0,0.0,0
15m,1777448700.0,1.3936,1.3936,1.3912,1.3923,159878.7,0.0,0.0,0
15m,1777449600.0,1.3923,1.3926,1.3891,1.3905,193721.53,0.0,0.0,0
15m,1777450500.0,1.3905,1.3932,1.3897,1.3922,149216.37,0.0,0.0,0
15m,1777451400.0,1.3922,1.3922,1.3891,1.3916,78753.6,0.0,0.0,0
15m,1777452300.0,1.3916,1.3918,1.3911,1.3916,58067.99,0.0,0.0,0
15m,1777453200.0,1.3916,1.3941,1.3906,1.394,96144.83,0.0,0.0,0
15m,1777454100.0,1.394,1.3981,1.3931,1.3968,288668.14,0.0,0.0,0
15m,1777455000.0,1.3968,1.3968,1.3941,1.3962,413929.67,0.0,0.0,0
15m,1777455900.0,1.3962,1.4064,1.3944,1.4037,1154857.79,0.0,0.0,0
15m,1777456800.0,1.4037,1.4064,1.4033,1.4041,418274.15,0.0,0.0,0
15m,1777457700.0,1.4041,1.4047,1.402,1.4042,377230.08,0.0,0.0,0
15m,1777458600.0,1.4042,1.4044,1.3974,1.3981,531122.42,0.0,0.0,0
15m,1777459500.0,1.3981,1.4004,1.3968,1.3978,467228.36,0.0,0.0,0
15m,1777460400.0,1.3978,1.3978,1.3934,1.3957,562053.56,0.0,0.0,0
15m,1777461300.0,1.3957,1.396,1.3938,1.3938,217293.94,0.0,0.0,0
15m,1777462200.0,1.3938,1.3957,1.3933,1.3937,286446.56,0.0,0.0,0
15m,1777463100.0,1.3937,1.3954,1.3926,1.3945,401329.08,0.0,0.0,0
15m,1777464000.0,1.3945,1.3947,1.3849,1.3849,830636.33,0.0,0.0,0
15m,1777464900.0,1.3849,1.3875,1.3794,1.3825,1052725.64,0.0,0.0,0
15m,1777465800.0,1.3825,1.3827,1.3796,1.3818,539071.25,0.0,0.0,0
15m,1777466700.0,1.3818,1.3836,1.3816,1.3833,266040.05,0.0,0.0,0
15m,1777467600.0,1.3833,1.3841,1.3819,1.3834,606136.65,0.0,0.0,0
15m,1777468500.0,1.3834,1.3837,1.3738,1.3759,861150.02,0.0,0.0,0
15m,1777469400.0,1.3759,1.3771,1.372,1.3728,845116.21,0.0,0.0,0
15m,1777470300.0,1.3728,1.3769,1.3704,1.3757,538794.28,0.0,0.0,0
15m,1777471200.0,1.3757,1.3757,1.3701,1.3717,462647.21,0.0,0.0,0
15m,1777472100.0,1.3717,1.3764,1.3704,1.3755,606572.36,0.0,0.0,0
15m,1777473000.0,1.3755,1.3781,1.3741,1.3743,295716.25,0.0,0.0,0
15m,1777473900.0,1.3743,1.3748,1.3714,1.3722,422448.25,0.0,0.0,0
15m,1777474800.0,1.3722,1.3729,1.362,1.3654,1084590.66,0.0,0.0,0
15m,1777475700.0,1.3654,1.3687,1.3635,1.3681,316231.12,0.0,0.0,0
15m,1777476600.0,1.3681,1.3695,1.3593,1.3605,817626.33,0.0,0.0,0
15m,1777477500.0,1.3605,1.3628,1.3588,1.3618,615869.66,0.0,0.0,0
15m,1777478400.0,1.3618,1.3666,1.3611,1.3649,356687.86,0.0,0.0,0
15m,1777479300.0,1.3649,1.3662,1.3606,1.3634,606375.35,0.0,0.0,0
15m,1777480200.0,1.3634,1.3674,1.3598,1.3662,891505.59,0.0,0.0,0
15m,1777481100.0,1.3662,1.3662,1.3586,1.3635,1257771.81,0.0,0.0,0
15m,1777482000.0,1.3635,1.3663,1.3635,1.3653,197940.5,0.0,0.0,0
15m,1777482900.0,1.3653,1.3687,1.3629,1.3641,391816.18,0.0,0.0,0
15m,1777483800.0,1.3641,1.3658,1.3637,1.3657,178069.45,0.0,0.0,0
15m,1777484700.0,1.3657,1.368,1.3637,1.368,292709.08,0.0,0.0,0
15m,1777485600.0,1.368,1.3703,1.3457,1.3533,1871804.94,0.0,0.0,0
15m,1777486500.0,1.3533,1.3553,1.3494,1.3517,653186.38,0.0,0.0,0
15m,1777487400.0,1.3517,1.3546,1.3467,1.3524,871462.3,0.0,0.0,0
15m,1777488300.0,1.3524,1.3576,1.3507,1.3576,388294.96,0.0,0.0,0
15m,1777489200.0,1.3576,1.358,1.3537,1.3579,242379.42,0.0,0.0,0
15m,1777490100.0,1.3579,1.3586,1.356,1.3563,155201.63,0.0,0.0,0
15m,1777491000.0,1.3563,1.3563,1.3518,1.3529,119431.62,0.0,0.0,0
15m,1777491900.0,1.3529,1.3553,1.3522,1.3534,152338.72,0.0,0.0,0
15m,1777492800.0,1.3534,1.3604,1.3532,1.358,878092.4,0.0,0.0,0
15m,1777493700.0,1.358,1.3627,1.3576,1.3619,166697.47,0.0,0.0,0
15m,1777494600.0,1.3619,1.3654,1.3617,1.3636,192430.47,0.0,0.0,0
15m,1777495500.0,1.3636,1.3651,1.3627,1.3627,148187.8,0.0,0.0,0
15m,1777496400.0,1.3627,1.3665,1.3619,1.3656,354192.57,0.0,0.0,0
15m,1777497300.0,1.3656,1.3685,1.3654,1.3671,160355.22,0.0,0.0,0
15m,1777498200.0,1.3671,1.3687,1.3664,1.3687,140155.73,0.0,0.0,0
15m,1777499100.0,1.3687,1.3729,1.3686,1.369,226696.89,0.0,0.0,0
15m,1777500000.0,1.369,1.3694,1.3671,1.3687,142170.14,0.0,0.0,0
15m,1777500900.0,1.3687,1.3699,1.3672,1.3675,151676.64,0.0,0.0,0
15m,1777501800.0,1.3675,1.3706,1.3675,1.3699,65134.04,0.0,0.0,0
15m,1777502700.0,1.3699,1.371,1.3694,1.3699,106744.11,0.0,0.0,0
15m,1777503600.0,1.3699,1.3702,1.3683,1.3697,125613.45,0.0,0.0,0
15m,1777504500.0,1.3697,1.3697,1.3649,1.3673,251241.01,0.0,0.0,0
15m,1777505400.0,1.3673,1.3703,1.3673,1.3701,201386.87,0.0,0.0,0
15m,1777506300.0,1.3701,1.3712,1.3691,1.3692,77220.81,0.0,0.0,0
15m,1777507200.0,1.3692,1.3719,1.3692,1.3705,176003.92,0.0,0.0,0
15m,1777508100.0,1.3705,1.3725,1.37,1.3721,101045.69,0.0,0.0,0
15m,1777509000.0,1.3721,1.3801,1.3721,1.3785,386503.85,0.0,0.0,0
15m,1777509900.0,1.3785,1.3847,1.3785,1.3831,372531.96,0.0,0.0,0
15m,1777510800.0,1.3831,1.3846,1.3779,1.3798,626477.78,0.0,0.0,0
15m,1777511700.0,1.3798,1.3808,1.3776,1.3796,223647.77,0.0,0.0,0
15m,1777512600.0,1.3796,1.381,1.3783,1.3799,81443.85,0.0,0.0,0
15m,1777513500.0,1.3799,1.3828,1.3791,1.3795,112911.03,0.0,0.0,0
15m,1777514400.0,1.3795,1.3818,1.3795,1.3801,41145.71,0.0,0.0,0
15m,1777515300.0,1.3801,1.3809,1.3776,1.3778,156185.44,0.0,0.0,0
15m,1777516200.0,1.3778,1.3778,1.3682,1.3698,462220.37,0.0,0.0,0
15m,1777517100.0,1.3698,1.3741,1.3676,1.3731,444719.7,0.0,0.0,0
15m,1777518000.0,1.3731,1.3736,1.3716,1.3719,111912.22,0.0,0.0,0
15m,1777518900.0,1.3719,1.3735,1.3711,1.3734,101603.44,0.0,0.0,0
15m,1777519800.0,1.3734,1.3755,1.3719,1.3744,118477.6,0.0,0.0,0
15m,1777520700.0,1.3744,1.3745,1.3733,1.3734,62922.97,0.0,0.0,0
15m,1777521600.0,1.3734,1.3734,1.3677,1.3684,156640.28,0.0,0.0,0
15m,1777522500.0,1.3684,1.3686,1.3655,1.3672,111271.31,0.0,0.0,0
15m,1777523400.0,1.3672,1.3672,1.3609,1.3615,172421.0,0.0,0.0,0
15m,1777524300.0,1.3615,1.3635,1.3611,1.3629,368993.45,0.0,0.0,0
15m,1777525200.0,1.3629,1.3656,1.3628,1.3642,126239.14,0.0,0.0,0
15m,1777526100.0,1.3642,1.3648,1.3589,1.3611,192846.77,0.0,0.0,0
15m,1777527000.0,1.3611,1.3674,1.3611,1.3664,121842.32,0.0,0.0,0
15m,1777527900.0,1.3664,1.3674,1.3645,1.3645,79701.34,0.0,0.0,0
15m,1777528800.0,1.3645,1.3646,1.3609,1.3628,571198.12,0.0,0.0,0
15m,1777529700.0,1.3628,1.3653,1.3628,1.3653,186860.84,0.0,0.0,0
15m,1777530600.0,1.3653,1.3717,1.3652,1.3686,925244.71,0.0,0.0,0
15m,1777531500.0,1.3686,1.3695,1.3681,1.369,95099.93,0.0,0.0,0
15m,1777532400.0,1.369,1.3698,1.3673,1.3689,147691.33,0.0,0.0,0
15m,1777533300.0,1.3689,1.3706,1.3689,1.3704,53973.12,0.0,0.0,0
15m,1777534200.0,1.3704,1.3727,1.3704,1.3724,128877.53,0.0,0.0,0
15m,1777535100.0,1.3724,1.3754,1.3719,1.3746,285305.84,0.0,0.0,0
15m,1777536000.0,1.3746,1.3765,1.3735,1.375,146808.17,0.0,0.0,0
15m,1777536900.0,1.375,1.3754,1.3724,1.3735,97144.01,0.0,0.0,0
15m,1777537800.0,1.3735,1.3741,1.3728,1.3741,48546.47,0.0,0.0,0
15m,1777538700.0,1.3741,1.3748,1.3725,1.3728,157559.79,0.0,0.0,0
15m,1777539600.0,1.3728,1.3739,1.3719,1.3731,80901.16,0.0,0.0,0
15m,1777540500.0,1.3731,1.376,1.3725,1.3759,80448.51,0.0,0.0,0
15m,1777541400.0,1.3759,1.3798,1.3746,1.3746,240546.43,0.0,0.0,0
15m,1777542300.0,1.3746,1.3762,1.3734,1.3734,124900.52,0.0,0.0,0
15m,1777543200.0,1.3734,1.3747,1.3722,1.3722,297783.12,0.0,0.0,0
15m,1777544100.0,1.3722,1.3726,1.3701,1.3702,396609.19,0.0,0.0,0
15m,1777545000.0,1.3702,1.3716,1.3702,1.3707,537617.2,0.0,0.0,0
15m,1777545900.0,1.3707,1.3716,1.3693,1.3702,277108.5,0.0,0.0,0
15m,1777546800.0,1.3702,1.3757,1.3702,1.374,576487.78,0.0,0.0,0
15m,1777547700.0,1.374,1.3743,1.3715,1.3724,487661.68,0.0,0.0,0
15m,1777548600.0,1.3724,1.3724,1.3677,1.3685,264332.17,0.0,0.0,0
15m,1777549500.0,1.3685,1.3703,1.3664,1.3693,464997.05,0.0,0.0,0
15m,1777550400.0,1.3693,1.3713,1.3689,1.3712,344551.53,0.0,0.0,0
15m,1777551300.0,1.3712,1.3749,1.3711,1.3737,401709.53,0.0,0.0,0
15m,1777552200.0,1.3737,1.3757,1.3705,1.3711,342655.58,0.0,0.0,0
15m,1777553100.0,1.3711,1.3726,1.3696,1.3696,729911.85,0.0,0.0,0
15m,1777554000.0,1.3696,1.3707,1.368,1.369,356975.48,0.0,0.0,0
15m,1777554900.0,1.369,1.3712,1.3666,1.3671,223701.88,0.0,0.0,0
15m,1777555800.0,1.3671,1.3742,1.365,1.3742,659154.21,0.0,0.0,0
15m,1777556700.0,1.3742,1.3745,1.3695,1.3697,451524.21,0.0,0.0,0
15m,1777557600.0,1.3697,1.3722,1.3665,1.3673,637727.26,0.0,0.0,0
15m,1777558500.0,1.3673,1.3675,1.3626,1.3666,371550.26,0.0,0.0,0
15m,1777559400.0,1.3666,1.3725,1.3659,1.3689,207431.47,0.0,0.0,0
15m,1777560300.0,1.3689,1.3717,1.3679,1.3682,285086.25,0.0,0.0,0
15m,1777561200.0,1.3682,1.3708,1.3651,1.3702,355965.21,0.0,0.0,0
15m,1777562100.0,1.3702,1.3707,1.3687,1.3707,429707.02,0.0,0.0,0
15m,1777563000.0,1.3707,1.375,1.3683,1.3695,586280.32,0.0,0.0,0
15m,1777563900.0,1.3695,1.371,1.366,1.3693,268486.13,0.0,0.0,0
15m,1777564800.0,1.3693,1.3695,1.367,1.3688,158175.94,0.0,0.0,0
15m,1777565700.0,1.3688,1.3689,1.3656,1.367,167327.98,0.0,0.0,0
15m,1777566600.0,1.367,1.3673,1.3656,1.3661,346710.98,0.0,0.0,0
15m,1777567500.0,1.3661,1.3683,1.3648,1.3659,372670.96,0.0,0.0,0
15m,1777568400.0,1.3659,1.3665,1.3642,1.3651,168845.63,0.0,0.0,0
15m,1777569300.0,1.3651,1.3651,1.3627,1.3647,131146.52,0.0,0.0,0
15m,1777570200.0,1.3647,1.3678,1.3647,1.3659,70965.08,0.0,0.0,0
15m,1777571100.0,1.3659,1.3696,1.3658,1.3682,257119.58,0.0,0.0,0
15m,1777572000.0,1.3682,1.371,1.3667,1.3683,202575.78,0.0,0.0,0
15m,1777572900.0,1.3683,1.3708,1.3674,1.3679,68293.77,0.0,0.0,0
15m,1777573800.0,1.3679,1.3707,1.3677,1.3701,229511.86,0.0,0.0,0
15m,1777574700.0,1.3701,1.372,1.3699,1.3701,43720.24,0.0,0.0,0
15m,1777575600.0,1.3701,1.3731,1.3692,1.3726,81531.78,0.0,0.0,0
15m,1777576500.0,1.3726,1.3745,1.372,1.3732,51789.5,0.0,0.0,0
15m,1777577400.0,1.3732,1.3741,1.372,1.3724,32014.11,0.0,0.0,0
15m,1777578300.0,1.3724,1.3724,1.3699,1.3705,128828.04,0.0,0.0,0
15m,1777579200.0,1.3705,1.3706,1.3682,1.3696,117391.45,0.0,0.0,0
15m,1777580100.0,1.3696,1.3714,1.3687,1.3703,56662.76,0.0,0.0,0
15m,1777581000.0,1.3703,1.3715,1.3695,1.3709,41958.59,0.0,0.0,0
15m,1777581900.0,1.3709,1.3714,1.3699,1.3699,50033.65,0.0,0.0,0
15m,1777582800.0,1.3699,1.3724,1.3691,1.3724,93720.33,0.0,0.0,0
15m,1777583700.0,1.3724,1.3724,1.3682,1.3683,45657.43,0.0,0.0,0
15m,1777584600.0,1.3683,1.3697,1.3679,1.3679,53473.79,0.0,0.0,0
15m,1777585500.0,1.3679,1.3679,1.366,1.366,185984.3,0.0,0.0,0
15m,1777586400.0,1.366,1.3675,1.3651,1.367,192162.05,0.0,0.0,0
15m,1777587300.0,1.367,1.3682,1.3669,1.3679,46013.27,0.0,0.0,0
15m,1777588200.0,1.3679,1.3681,1.365,1.366,30272.94,0.0,0.0,0
15m,1777589100.0,1.366,1.3666,1.3646,1.3649,87556.54,0.0,0.0,0
15m,1777590000.0,1.3649,1.3663,1.3647,1.3656,26476.98,0.0,0.0,0
15m,1777590900.0,1.3656,1.3669,1.3652,1.3669,83808.11,0.0,0.0,0
15m,1777591800.0,1.3669,1.3681,1.3667,1.3672,48394.08,0.0,0.0,0
15m,1777592700.0,1.3672,1.3686,1.3665,1.3679,36566.49,0.0,0.0,0
15m,1777593600.0,1.3679,1.3733,1.3679,1.3706,633612.27,0.0,0.0,0
15m,1777594500.0,1.3706,1.3725,1.3693,1.3693,215573.89,0.0,0.0,0
15m,1777595400.0,1.3693,1.3705,1.3665,1.3688,210328.55,0.0,0.0,0
15m,1777596300.0,1.3688,1.3708,1.3648,1.369,838926.39,0.0,0.0,0
15m,1777597200.0,1.369,1.3739,1.3687,1.3729,285433.88,0.0,0.0,0
15m,1777598100.0,1.3729,1.3749,1.3666,1.367,1308984.12,0.0,0.0,0
15m,1777599000.0,1.367,1.3711,1.3652,1.3703,1147486.72,0.0,0.0,0
15m,1777599900.0,1.3703,1.3723,1.3697,1.3712,152303.5,0.0,0.0,0
15m,1777600800.0,1.3712,1.3721,1.3701,1.3703,113970.14,0.0,0.0,0
15m,1777601700.0,1.3703,1.3715,1.3686,1.3699,119046.46,0.0,0.0,0
15m,1777602600.0,1.3699,1.3706,1.3685,1.3705,105878.65,0.0,0.0,0
15m,1777603500.0,1.3705,1.3711,1.3694,1.3702,77874.52,0.0,0.0,0
15m,1777604400.0,1.3702,1.3719,1.3689,1.3713,74035.23,0.0,0.0,0
15m,1777605300.0,1.3713,1.3804,1.3712,1.3792,624931.23,0.0,0.0,0
15m,1777606200.0,1.3792,1.3797,1.3746,1.3769,263692.41,0.0,0.0,0
15m,1777607100.0,1.3769,1.3781,1.3759,1.3766,70107.99,0.0,0.0,0
15m,1777608000.0,1.3766,1.3786,1.3762,1.3775,90649.9,0.0,0.0,0
15m,1777608900.0,1.3775,1.3788,1.3742,1.3753,259252.57,0.0,0.0,0
15m,1777609800.0,1.3753,1.3763,1.3748,1.3757,101455.16,0.0,0.0,0
15m,1777610700.0,1.3757,1.3768,1.3751,1.3758,193176.0,0.0,0.0,0
15m,1777611600.0,1.3758,1.3785,1.3748,1.3778,148895.17,0.0,0.0,0
15m,1777612500.0,1.3778,1.3778,1.3755,1.3755,83651.32,0.0,0.0,0
15m,1777613400.0,1.3755,1.3765,1.3751,1.3765,64953.0,0.0,0.0,0
15m,1777614300.0,1.3765,1.3774,1.376,1.3767,67725.73,0.0,0.0,0
15m,1777615200.0,1.3767,1.3779,1.3764,1.3779,46669.33,0.0,0.0,0
15m,1777616100.0,1.3779,1.3789,1.3774,1.3775,195753.25,0.0,0.0,0
15m,1777617000.0,1.3775,1.3777,1.3729,1.3749,81564.76,0.0,0.0,0
15m,1777617900.0,1.3749,1.375,1.3723,1.3734,83995.62,0.0,0.0,0
15m,1777618800.0,1.3734,1.3753,1.3723,1.374,76340.56,0.0,0.0,0
15m,1777619700.0,1.374,1.3752,1.372,1.3723,104812.42,0.0,0.0,0
15m,1777620600.0,1.3723,1.3748,1.3719,1.3738,284681.17,0.0,0.0,0
15m,1777621500.0,1.3738,1.3758,1.3738,1.375,49695.87,0.0,0.0,0
15m,1777622400.0,1.375,1.3778,1.3741,1.3777,92056.5,0.0,0.0,0
15m,1777623300.0,1.3777,1.3809,1.3773,1.3797,559214.61,0.0,0.0,0
15m,1777624200.0,1.3797,1.3799,1.3785,1.3785,178171.13,0.0,0.0,0
15m,1777625100.0,1.3785,1.3791,1.3778,1.3785,108957.06,0.0,0.0,0
15m,1777626000.0,1.3785,1.3788,1.3772,1.3788,64141.31,0.0,0.0,0
15m,1777626900.0,1.3788,1.3788,1.3766,1.3769,86342.26,0.0,0.0,0
15m,1777627800.0,1.3769,1.3769,1.3758,1.3769,82043.51,0.0,0.0,0
15m,1777628700.0,1.3769,1.3769,1.3742,1.3756,62131.03,0.0,0.0,0
15m,1777629600.0,1.3756,1.3756,1.372,1.3736,102188.74,0.0,0.0,0
15m,1777630500.0,1.3736,1.3762,1.3731,1.3754,84318.58,0.0,0.0,0
15m,1777631400.0,1.3754,1.3758,1.374,1.3745,35288.97,0.0,0.0,0
15m,1777632300.0,1.3745,1.3769,1.3745,1.3767,135854.21,0.0,0.0,0
15m,1777633200.0,1.3767,1.3777,1.3765,1.3776,46271.16,0.0,0.0,0
15m,1777634100.0,1.3776,1.3801,1.3767,1.3769,95792.16,0.0,0.0,0
15m,1777635000.0,1.3769,1.3775,1.3757,1.3766,31520.03,0.0,0.0,0
15m,1777635900.0,1.3766,1.378,1.3756,1.378,30096.47,0.0,0.0,0
15m,1777636800.0,1.378,1.3816,1.3774,1.3796,221731.91,0.0,0.0,0
15m,1777637700.0,1.3796,1.3865,1.3795,1.3847,366636.64,0.0,0.0,0
15m,1777638600.0,1.3847,1.3877,1.3843,1.3846,341386.97,0.0,0.0,0
15m,1777639500.0,1.3846,1.3852,1.3835,1.3835,240935.82,0.0,0.0,0
15m,1777640400.0,1.3835,1.3903,1.3835,1.3893,333934.55,0.0,0.0,0
15m,1777641300.0,1.3893,1.3904,1.3886,1.3887,173341.62,0.0,0.0,0
15m,1777642200.0,1.3887,1.3946,1.388,1.3919,325891.28,0.0,0.0,0
15m,1777643100.0,1.3919,1.3996,1.3907,1.398,604496.13,0.0,0.0,0
15m,1777644000.0,1.398,1.4001,1.3949,1.3968,473626.62,0.0,0.0,0
15m,1777644900.0,1.3968,1.3978,1.39,1.3919,228470.6,0.0,0.0,0
15m,1777645800.0,1.3919,1.3932,1.3896,1.3925,126904.98,0.0,0.0,0
15m,1777646700.0,1.3925,1.3966,1.3916,1.3947,77826.32,0.0,0.0,0
15m,1777647600.0,1.3947,1.3955,1.3924,1.3953,109755.67,0.0,0.0,0
15m,1777648500.0,1.3953,1.3988,1.3952,1.3972,160714.28,0.0,0.0,0
15m,1777649400.0,1.3972,1.3996,1.3966,1.3986,140553.29,0.0,0.0,0
15m,1777650300.0,1.3986,1.3987,1.3911,1.3962,589314.6,0.0,0.0,0
15m,1777651200.0,1.3962,1.3988,1.3942,1.3944,83079.08,0.0,0.0,0
15m,1777652100.0,1.3944,1.3964,1.3921,1.3941,430216.44,0.0,0.0,0
15m,1777653000.0,1.3941,1.3956,1.3929,1.3937,96226.9,0.0,0.0,0
15m,1777653900.0,1.3937,1.3939,1.3917,1.3917,95912.22,0.0,0.0,0
15m,1777654800.0,1.3917,1.3925,1.3889,1.392,195295.29,0.0,0.0,0
15m,1777655700.0,1.392,1.3931,1.3907,1.3914,176673.73,0.0,0.0,0
15m,1777656600.0,1.3914,1.3935,1.3898,1.3928,57742.45,0.0,0.0,0
15m,1777657500.0,1.3928,1.3953,1.3925,1.3948,98561.02,0.0,0.0,0
15m,1777658400.0,1.3948,1.3951,1.3929,1.3938,59809.11,0.0,0.0,0
15m,1777659300.0,1.3938,1.3955,1.3931,1.3949,51305.24,0.0,0.0,0
15m,1777660200.0,1.3949,1.3949,1.3933,1.3933,46820.45,0.0,0.0,0
15m,1777661100.0,1.3933,1.3945,1.3929,1.3938,47007.09,0.0,0.0,0
15m,1777662000.0,1.3938,1.396,1.3935,1.3957,102132.95,0.0,0.0,0
15m,1777662900.0,1.3957,1.3961,1.3929,1.3952,126980.9,0.0,0.0,0
15m,1777663800.0,1.3952,1.3952,1.3923,1.3929,43922.75,0.0,0.0,0
15m,1777664700.0,1.3929,1.3946,1.3928,1.3938,105220.96,0.0,0.0,0
15m,1777665600.0,1.3938,1.3948,1.3904,1.391,219930.05,0.0,0.0,0
15m,1777666500.0,1.391,1.3912,1.3881,1.39,57863.87,0.0,0.0,0
15m,1777667400.0,1.39,1.3906,1.3864,1.3869,135000.39,0.0,0.0,0
15m,1777668300.0,1.3869,1.3879,1.3829,1.3846,233780.49,0.0,0.0,0
15m,1777669200.0,1.3846,1.3868,1.3843,1.3859,77391.17,0.0,0.0,0
15m,1777670100.0,1.3859,1.3875,1.3857,1.3863,33897.54,0.0,0.0,0
15m,1777671000.0,1.3863,1.3889,1.3863,1.3879,96160.77,0.0,0.0,0
15m,1777671900.0,1.3879,1.3891,1.3875,1.3888,64173.66,0.0,0.0,0
15m,1777672800.0,1.3888,1.3898,1.3879,1.3887,34288.73,0.0,0.0,0
15m,1777673700.0,1.3887,1.3901,1.3885,1.3886,55397.92,0.0,0.0,0
15m,1777674600.0,1.3886,1.3886,1.3863,1.3869,25364.42,0.0,0.0,0
15m,1777675500.0,1.3869,1.3869,1.3835,1.3835,309903.29,0.0,0.0,0
15m,1777676400.0,1.3835,1.3857,1.3813,1.3839,770903.23,0.0,0.0,0
15m,1777677300.0,1.3839,1.3847,1.382,1.382,59250.83,0.0,0.0,0
15m,1777678200.0,1.382,1.3852,1.382,1.3847,44991.3,0.0,0.0,0
15m,1777679100.0,1.3847,1.3857,1.384,1.3857,25724.7,0.0,0.0,0
15m,1777680000.0,1.3857,1.3874,1.3857,1.3862,224723.76,0.0,0.0,0
15m,1777680900.0,1.3862,1.3879,1.3847,1.3871,158856.9,0.0,0.0,0
15m,1777681800.0,1.3871,1.39,1.3867,1.3894,327649.72,0.0,0.0,0
15m,1777682700.0,1.3894,1.3906,1.3858,1.3867,822017.63,0.0,0.0,0
15m,1777683600.0,1.3867,1.3878,1.3853,1.3876,101693.12,0.0,0.0,0
15m,1777684500.0,1.3876,1.3876,1.3856,1.3867,47125.07,0.0,0.0,0
15m,1777685400.0,1.3867,1.3888,1.3856,1.3865,47310.27,0.0,0.0,0
15m,1777686300.0,1.3865,1.3867,1.384,1.3847,148235.88,0.0,0.0,0
15m,1777687200.0,1.3847,1.3865,1.3811,1.3857,808670.72,0.0,0.0,0
15m,1777688100.0,1.3857,1.3866,1.3844,1.3845,66142.9,0.0,0.0,0
15m,1777689000.0,1.3845,1.3864,1.3843,1.3857,27967.05,0.0,0.0,0
15m,1777689900.0,1.3857,1.3883,1.3852,1.3857,112287.57,0.0,0.0,0
15m,1777690800.0,1.3857,1.3869,1.3841,1.3846,78922.7,0.0,0.0,0
15m,1777691700.0,1.3846,1.387,1.3842,1.3866,57384.51,0.0,0.0,0
15m,1777692600.0,1.3866,1.3885,1.3855,1.3855,50434.59,0.0,0.0,0
15m,1777693500.0,1.3855,1.3868,1.3848,1.386,44504.43,0.0,0.0,0
15m,1777694400.0,1.386,1.3862,1.3835,1.3842,140358.49,0.0,0.0,0
15m,1777695300.0,1.3842,1.3842,1.3832,1.3835,104625.19,0.0,0.0,0
15m,1777696200.0,1.3835,1.3845,1.3828,1.3842,73665.38,0.0,0.0,0
15m,1777697100.0,1.3842,1.3848,1.3829,1.3848,102922.8,0.0,0.0,0
15m,1777698000.0,1.3848,1.3849,1.3836,1.3841,126390.82,0.0,0.0,0
15m,1777698900.0,1.3841,1.3843,1.3826,1.3836,181118.21,0.0,0.0,0
15m,1777699800.0,1.3836,1.3846,1.3833,1.3836,18175.68,0.0,0.0,0
15m,1777700700.0,1.3836,1.3846,1.3833,1.3837,42453.13,0.0,0.0,0
15m,1777701600.0,1.3837,1.3861,1.3837,1.3851,27812.34,0.0,0.0,0
15m,1777702500.0,1.3851,1.3858,1.3839,1.3839,22695.94,0.0,0.0,0
15m,1777703400.0,1.3839,1.3856,1.3839,1.3854,19964.39,0.0,0.0,0
15m,1777704300.0,1.3854,1.3875,1.3854,1.3872,56061.15,0.0,0.0,0
15m,1777705200.0,1.3872,1.3881,1.3864,1.3865,48775.17,0.0,0.0,0
15m,1777706100.0,1.3865,1.3867,1.3857,1.3866,18026.19,0.0,0.0,0
15m,1777707000.0,1.3866,1.3876,1.3865,1.3866,58116.7,0.0,0.0,0
15m,1777707900.0,1.3866,1.3871,1.3853,1.3854,17525.41,0.0,0.0,0
15m,1777708800.0,1.3854,1.386,1.384,1.3857,90876.11,0.0,0.0,0
15m,1777709700.0,1.3857,1.3858,1.3842,1.3848,87508.22,0.0,0.0,0
15m,1777710600.0,1.3848,1.3854,1.3846,1.3846,27620.86,0.0,0.0,0
15m,1777711500.0,1.3846,1.3851,1.3843,1.3849,16879.84,0.0,0.0,0
15m,1777712400.0,1.3849,1.3858,1.3843,1.3857,47012.33,0.0,0.0,0
15m,1777713300.0,1.3857,1.387,1.3855,1.3856,24161.18,0.0,0.0,0
15m,1777714200.0,1.3856,1.3877,1.385,1.3856,53985.88,0.0,0.0,0
15m,1777715100.0,1.3856,1.3877,1.3839,1.3865,291853.82,0.0,0.0,0
15m,1777716000.0,1.3865,1.3871,1.3862,1.3862,56600.67,0.0,0.0,0
15m,1777716900.0,1.3862,1.387,1.3862,1.3869,39120.71,0.0,0.0,0
15m,1777717800.0,1.3869,1.3878,1.3866,1.3876,91723.2,0.0,0.0,0
15m,1777718700.0,1.3876,1.3879,1.3872,1.3876,41484.14,0.0,0.0,0
15m,1777719600.0,1.3876,1.3877,1.3864,1.3865,48699.79,0.0,0.0,0
15m,1777720500.0,1.3865,1.39,1.3865,1.3899,42521.12,0.0,0.0,0
15m,1777721400.0,1.3899,1.391,1.3853,1.3861,346473.19,0.0,0.0,0
15m,1777722300.0,1.3861,1.3862,1.3852,1.3859,46646.44,0.0,0.0,0
15m,1777723200.0,1.3859,1.387,1.385,1.3854,71111.09,0.0,0.0,0
15m,1777724100.0,1.3854,1.3875,1.3849,1.387,79200.18,0.0,0.0,0
15m,1777725000.0,1.387,1.388,1.3861,1.3869,192530.42,0.0,0.0,0
15m,1777725900.0,1.3869,1.3873,1.3858,1.387,59872.22,0.0,0.0,0
15m,1777726800.0,1.387,1.3907,1.387,1.39,119139.56,0.0,0.0,0
15m,1777727700.0,1.39,1.3908,1.3888,1.3907,89370.4,0.0,0.0,0
15m,1777728600.0,1.3907,1.3914,1.3895,1.3914,87039.77,0.0,0.0,0
15m,1777729500.0,1.3914,1.3925,1.3908,1.392,86168.62,0.0,0.0,0
15m,1777730400.0,1.392,1.3925,1.3911,1.3911,25027.92,0.0,0.0,0
15m,1777731300.0,1.3911,1.3933,1.391,1.3916,81701.78,0.0,0.0,0
15m,1777732200.0,1.3916,1.3925,1.3898,1.3906,46607.87,0.0,0.0,0
15m,1777733100.0,1.3906,1.3923,1.3902,1.3919,131023.93,0.0,0.0,0
15m,1777734000.0,1.3919,1.3942,1.3916,1.3931,75590.72,0.0,0.0,0
15m,1777734900.0,1.3931,1.3933,1.3918,1.3928,57876.06,0.0,0.0,0
15m,1777735800.0,1.3928,1.3929,1.3914,1.3923,39202.67,0.0,0.0,0
15m,1777736700.0,1.3923,1.3936,1.3922,1.3932,38156.9,0.0,0.0,0
15m,1777737600.0,1.3932,1.3939,1.3921,1.3939,82395.69,0.0,0.0,0
15m,1777738500.0,1.3939,1.395,1.3918,1.3921,147494.64,0.0,0.0,0
15m,1777739400.0,1.3921,1.3926,1.3911,1.3914,24933.4,0.0,0.0,0
15m,1777740300.0,1.3914,1.3942,1.3914,1.393,66554.35,0.0,0.0,0
15m,1777741200.0,1.393,1.3944,1.393,1.3942,67479.84,0.0,0.0,0
15m,1777742100.0,1.3942,1.3943,1.3925,1.3926,79882.96,0.0,0.0,0
15m,1777743000.0,1.3926,1.3941,1.3922,1.3923,83959.23,0.0,0.0,0
15m,1777743900.0,1.3923,1.3923,1.3914,1.3914,49806.76,0.0,0.0,0
15m,1777744800.0,1.3914,1.3915,1.3895,1.3904,114577.38,0.0,0.0,0
15m,1777745700.0,1.3904,1.3927,1.3902,1.3919,27672.07,0.0,0.0,0
15m,1777746600.0,1.3919,1.3938,1.3919,1.3926,17383.31,0.0,0.0,0
15m,1777747500.0,1.3926,1.3935,1.3925,1.3931,14428.78,0.0,0.0,0
15m,1777748400.0,1.3931,1.395,1.393,1.3945,24948.08,0.0,0.0,0
15m,1777749300.0,1.3945,1.3946,1.393,1.3939,20870.47,0.0,0.0,0
15m,1777750200.0,1.3939,1.395,1.3934,1.3943,15955.89,0.0,0.0,0
15m,1777751100.0,1.3943,1.3946,1.3941,1.3944,22321.49,0.0,0.0,0
15m,1777752000.0,1.3944,1.3947,1.3931,1.3932,34727.26,0.0,0.0,0
15m,1777752900.0,1.3932,1.3936,1.393,1.3933,50185.28,0.0,0.0,0
15m,1777753800.0,1.3933,1.3943,1.3932,1.3937,41830.62,0.0,0.0,0
15m,1777754700.0,1.3937,1.3943,1.3931,1.3931,40872.96,0.0,0.0,0
15m,1777755600.0,1.3931,1.3936,1.3926,1.3926,93183.39,0.0,0.0,0
15m,1777756500.0,1.3926,1.3928,1.3923,1.3928,22669.01,0.0,0.0,0
15m,1777757400.0,1.3928,1.4003,1.3902,1.395,743238.62,0.0,0.0,0
15m,1777758300.0,1.395,1.3999,1.3931,1.3934,551969.32,0.0,0.0,0
15m,1777759200.0,1.3934,1.3948,1.3922,1.3948,81630.07,0.0,0.0,0
15m,1777760100.0,1.3948,1.3949,1.3919,1.3924,241818.89,0.0,0.0,0
15m,1777761000.0,1.3924,1.3953,1.3924,1.3934,238937.29,0.0,0.0,0
15m,1777761900.0,1.3934,1.4011,1.3934,1.3965,834080.96,0.0,0.0,0
15m,1777762800.0,1.3965,1.3966,1.3915,1.3915,427187.41,0.0,0.0,0
15m,1777763700.0,1.3915,1.3965,1.391,1.3959,634855.75,0.0,0.0,0
15m,1777764600.0,1.3959,1.3968,1.3954,1.3955,183490.42,0.0,0.0,0
15m,1777765500.0,1.3955,1.3962,1.3922,1.3937,514243.54,0.0,0.0,0
15m,1777766400.0,1.3937,1.3947,1.3914,1.3917,101908.76,0.0,0.0,0
15m,1777767300.0,1.3917,1.3929,1.3899,1.392,93136.29,0.0,0.0,0
15m,1777768200.0,1.392,1.3927,1.3897,1.3898,28404.91,0.0,0.0,0
15m,1777769100.0,1.3898,1.3904,1.3882,1.3892,115542.36,0.0,0.0,0
15m,1777770000.0,1.3892,1.3893,1.3855,1.3868,140292.55,0.0,0.0,0
15m,1777770900.0,1.3868,1.3872,1.3852,1.3867,77139.58,0.0,0.0,0
15m,1777771800.0,1.3867,1.3867,1.3835,1.3845,64861.64,0.0,0.0,0
15m,1777772700.0,1.3845,1.3849,1.3836,1.3839,20095.19,0.0,0.0,0
15m,1777773600.0,1.3839,1.3848,1.3816,1.3829,73188.91,0.0,0.0,0
15m,1777774500.0,1.3829,1.3834,1.3818,1.3823,36699.66,0.0,0.0,0
15m,1777775400.0,1.3823,1.3836,1.3822,1.383,48830.23,0.0,0.0,0
15m,1777776300.0,1.383,1.3839,1.3827,1.3834,44603.85,0.0,0.0,0
15m,1777777200.0,1.3834,1.3839,1.382,1.3821,71246.91,0.0,0.0,0
15m,1777778100.0,1.3821,1.3834,1.3821,1.3831,33482.59,0.0,0.0,0
15m,1777779000.0,1.3831,1.3842,1.3826,1.3829,33847.29,0.0,0.0,0
15m,1777779900.0,1.3829,1.3844,1.3829,1.3841,45201.31,0.0,0.0,0
15m,1777780800.0,1.3841,1.3841,1.3822,1.383,53173.5,0.0,0.0,0
15m,1777781700.0,1.383,1.3845,1.3829,1.3844,25840.57,0.0,0.0,0
15m,1777782600.0,1.3844,1.3854,1.3843,1.3843,20341.95,0.0,0.0,0
15m,1777783500.0,1.3843,1.3845,1.3833,1.3838,24698.74,0.0,0.0,0
15m,1777784400.0,1.3838,1.3859,1.3837,1.385,40921.78,0.0,0.0,0
15m,1777785300.0,1.385,1.3854,1.3847,1.3851,37726.7,0.0,0.0,0
15m,1777786200.0,1.3851,1.3855,1.3838,1.3838,49112.46,0.0,0.0,0
15m,1777787100.0,1.3838,1.385,1.3837,1.3849,26927.59,0.0,0.0,0
15m,1777788000.0,1.3849,1.3849,1.3834,1.3836,43025.44,0.0,0.0,0
15m,1777788900.0,1.3836,1.3838,1.3823,1.3827,21125.1,0.0,0.0,0
15m,1777789800.0,1.3827,1.3838,1.3826,1.383,107583.15,0.0,0.0,0
15m,1777790700.0,1.383,1.3858,1.3828,1.3852,137789.75,0.0,0.0,0
15m,1777791600.0,1.3852,1.3884,1.385,1.3868,57437.88,0.0,0.0,0
15m,1777792500.0,1.3868,1.3884,1.3863,1.3874,52983.52,0.0,0.0,0
15m,1777793400.0,1.3874,1.3887,1.3868,1.3876,59036.74,0.0,0.0,0
15m,1777794300.0,1.3876,1.3879,1.3862,1.3862,94274.98,0.0,0.0,0
15m,1777795200.0,1.3862,1.3876,1.3859,1.3873,49903.11,0.0,0.0,0
15m,1777796100.0,1.3873,1.3883,1.3867,1.3875,87227.68,0.0,0.0,0
15m,1777797000.0,1.3875,1.3881,1.3869,1.3879,35600.79,0.0,0.0,0
15m,1777797900.0,1.3879,1.3883,1.3875,1.3879,69580.78,0.0,0.0,0
15m,1777798800.0,1.3879,1.3888,1.3878,1.3878,21581.66,0.0,0.0,0
15m,1777799700.0,1.3878,1.3894,1.3876,1.3889,32343.05,0.0,0.0,0
15m,1777800600.0,1.3889,1.3908,1.3877,1.3893,65723.56,0.0,0.0,0
15m,1777801500.0,1.3893,1.39,1.3888,1.3893,35314.97,0.0,0.0,0
15m,1777802400.0,1.3893,1.3894,1.3879,1.3891,40206.19,0.0,0.0,0
15m,1777803300.0,1.3891,1.3893,1.3887,1.389,25806.17,0.0,0.0,0
15m,1777804200.0,1.389,1.39,1.389,1.3894,30038.65,0.0,0.0,0
15m,1777805100.0,1.3894,1.3894,1.388,1.3882,30431.45,0.0,0.0,0
15m,1777806000.0,1.3882,1.3901,1.3871,1.3896,51665.13,0.0,0.0,0
15m,1777806900.0,1.3896,1.3899,1.3888,1.3892,28560.94,0.0,0.0,0
15m,1777807800.0,1.3892,1.3945,1.3892,1.3941,135659.99,0.0,0.0,0
15m,1777808700.0,1.3941,1.3982,1.3939,1.3951,263257.76,0.0,0.0,0
15m,1777809600.0,1.3951,1.3984,1.395,1.3977,209623.85,0.0,0.0,0
15m,1777810500.0,1.3977,1.3979,1.3961,1.3964,52075.32,0.0,0.0,0
15m,1777811400.0,1.3964,1.3969,1.3958,1.3967,53845.23,0.0,0.0,0
15m,1777812300.0,1.3967,1.3976,1.3958,1.3963,63091.19,0.0,0.0,0
15m,1777813200.0,1.3963,1.3988,1.3954,1.3978,65084.24,0.0,0.0,0
15m,1777814100.0,1.3978,1.3979,1.3934,1.3944,89024.34,0.0,0.0,0
15m,1777815000.0,1.3944,1.3951,1.3932,1.3939,58672.76,0.0,0.0,0
15m,1777815900.0,1.3939,1.396,1.3939,1.3951,23424.42,0.0,0.0,0
15m,1777816800.0,1.3951,1.3964,1.3936,1.3946,32580.58,0.0,0.0,0
15m,1777817700.0,1.3946,1.395,1.393,1.3939,90683.91,0.0,0.0,0
15m,1777818600.0,1.3939,1.3947,1.3932,1.3947,23245.55,0.0,0.0,0
15m,1777819500.0,1.3947,1.3974,1.3943,1.3973,44008.63,0.0,0.0,0
15m,1777820400.0,1.3973,1.3987,1.396,1.3962,124636.48,0.0,0.0,0
15m,1777821300.0,1.3962,1.3974,1.3954,1.3973,83304.71,0.0,0.0,0
15m,1777822200.0,1.3973,1.3981,1.395,1.3952,39008.85,0.0,0.0,0
15m,1777823100.0,1.3952,1.3958,1.3943,1.3956,38628.93,0.0,0.0,0
15m,1777824000.0,1.3956,1.3964,1.3943,1.3947,35002.8,0.0,0.0,0
15m,1777824900.0,1.3947,1.3954,1.3941,1.3953,27739.1,0.0,0.0,0
15m,1777825800.0,1.3953,1.3982,1.3953,1.3959,44986.14,0.0,0.0,0
15m,1777826700.0,1.3959,1.3963,1.3942,1.3944,49952.46,0.0,0.0,0
15m,1777827600.0,1.3944,1.3952,1.3918,1.3946,73996.14,0.0,0.0,0
15m,1777828500.0,1.3946,1.3963,1.3946,1.395,40157.13,0.0,0.0,0
15m,1777829400.0,1.395,1.3963,1.3947,1.3962,34441.46,0.0,0.0,0
15m,1777830300.0,1.3962,1.3962,1.3945,1.3949,30267.46,0.0,0.0,0
15m,1777831200.0,1.3949,1.3952,1.3942,1.3949,26036.4,0.0,0.0,0
15m,1777832100.0,1.3949,1.3954,1.3936,1.3945,56834.7,0.0,0.0,0
15m,1777833000.0,1.3945,1.3947,1.3935,1.3942,35988.31,0.0,0.0,0
15m,1777833900.0,1.3942,1.3954,1.394,1.3941,10970.67,0.0,0.0,0
15m,1777834800.0,1.3941,1.3953,1.3938,1.3938,25051.48,0.0,0.0,0
15m,1777835700.0,1.3938,1.3951,1.3937,1.3948,40713.82,0.0,0.0,0
15m,1777836600.0,1.3948,1.3979,1.3948,1.3963,42256.75,0.0,0.0,0
15m,1777837500.0,1.3963,1.3963,1.3952,1.3952,27959.02,0.0,0.0,0
15m,1777838400.0,1.3952,1.3958,1.3939,1.3939,15122.58,0.0,0.0,0
15m,1777839300.0,1.3939,1.3958,1.3925,1.3951,114396.06,0.0,0.0,0
15m,1777840200.0,1.3951,1.3998,1.3948,1.3964,209928.68,0.0,0.0,0
15m,1777841100.0,1.3964,1.3964,1.3925,1.393,71307.68,0.0,0.0,0
15m,1777842000.0,1.393,1.3957,1.3921,1.3956,134209.64,0.0,0.0,0
15m,1777842900.0,1.3956,1.3958,1.3931,1.3931,117125.29,0.0,0.0,0
15m,1777843800.0,1.3931,1.3942,1.3894,1.3899,203714.28,0.0,0.0,0
15m,1777844700.0,1.3899,1.3919,1.3892,1.3918,69406.95,0.0,0.0,0
15m,1777845600.0,1.3918,1.4022,1.3918,1.4014,359153.94,0.0,0.0,0
15m,1777846500.0,1.4014,1.4039,1.3972,1.3977,239042.11,0.0,0.0,0
15m,1777847400.0,1.3977,1.4005,1.3966,1.4001,97782.45,0.0,0.0,0
15m,1777848300.0,1.4001,1.4015,1.3975,1.3978,112032.36,0.0,0.0,0
15m,1777849200.0,1.3978,1.4009,1.3968,1.3973,124475.06,0.0,0.0,0
15m,1777850100.0,1.3973,1.3977,1.3896,1.3897,183102.2,0.0,0.0,0
15m,1777851000.0,1.3897,1.3913,1.3884,1.3889,139315.11,0.0,0.0,0
15m,1777851900.0,1.3889,1.389,1.3867,1.3877,123697.19,0.0,0.0,0
15m,1777852800.0,1.3877,1.3891,1.3861,1.3875,194671.92,0.0,0.0,0
15m,1777853700.0,1.3875,1.3881,1.383,1.3854,144316.64,0.0,0.0,0
15m,1777854600.0,1.3854,1.3866,1.3834,1.3841,50195.21,0.0,0.0,0
15m,1777855500.0,1.3841,1.389,1.3838,1.3881,67684.63,0.0,0.0,0
15m,1777856400.0,1.3881,1.3905,1.3851,1.3857,129853.5,0.0,0.0,0
15m,1777857300.0,1.3857,1.3871,1.3839,1.3869,91098.94,0.0,0.0,0
15m,1777858200.0,1.3869,1.4011,1.3869,1.3908,452642.81,0.0,0.0,0
15m,1777859100.0,1.3908,1.4075,1.3907,1.4047,1859707.71,0.0,0.0,0
15m,1777860000.0,1.4047,1.4112,1.4009,1.4061,807708.97,0.0,0.0,0
15m,1777860900.0,1.4061,1.4095,1.4024,1.4053,616339.73,0.0,0.0,0
15m,1777861800.0,1.4053,1.413,1.4053,1.4114,540311.87,0.0,0.0,0
15m,1777862700.0,1.4114,1.4152,1.4098,1.4106,450347.49,0.0,0.0,0
15m,1777863600.0,1.4106,1.4149,1.4086,1.4136,328792.19,0.0,0.0,0
15m,1777864500.0,1.4136,1.4136,1.4094,1.4103,370965.83,0.0,0.0,0
15m,1777865400.0,1.4103,1.412,1.408,1.4116,500712.33,0.0,0.0,0
15m,1777866300.0,1.4116,1.4135,1.4096,1.4132,561673.06,0.0,0.0,0
15m,1777867200.0,1.4132,1.416,1.4132,1.4157,329639.78,0.0,0.0,0
15m,1777868100.0,1.4157,1.4209,1.4156,1.4173,569271.4,0.0,0.0,0
15m,1777869000.0,1.4173,1.4193,1.4167,1.4178,217074.59,0.0,0.0,0
15m,1777869900.0,1.4178,1.4185,1.4153,1.4165,163621.38,0.0,0.0,0
15m,1777870800.0,1.4165,1.4176,1.4139,1.4144,212721.31,0.0,0.0,0
15m,1777871700.0,1.4144,1.4145,1.4109,1.4112,359256.19,0.0,0.0,0
15m,1777872600.0,1.4112,1.415,1.4111,1.414,161543.59,0.0,0.0,0
15m,1777873500.0,1.414,1.4141,1.4114,1.4118,235303.0,0.0,0.0,0
15m,1777874400.0,1.4118,1.4127,1.4088,1.4106,334174.98,0.0,0.0,0
15m,1777875300.0,1.4106,1.4113,1.4021,1.4054,351712.92,0.0,0.0,0
15m,1777876200.0,1.4054,1.4087,1.4048,1.4079,175863.87,0.0,0.0,0
15m,1777877100.0,1.4079,1.4113,1.4072,1.4091,572753.2,0.0,0.0,0
15m,1777878000.0,1.4091,1.4132,1.408,1.4132,156281.31,0.0,0.0,0
15m,1777878900.0,1.4132,1.4138,1.4109,1.4114,96478.63,0.0,0.0,0
15m,1777879800.0,1.4114,1.4119,1.4089,1.4116,89631.41,0.0,0.0,0
15m,1777880700.0,1.4116,1.4143,1.4101,1.4106,174181.82,0.0,0.0,0
15m,1777881600.0,1.4106,1.412,1.4073,1.412,206617.8,0.0,0.0,0
15m,1777882500.0,1.412,1.4125,1.4099,1.4112,83167.11,0.0,0.0,0
15m,1777883400.0,1.4112,1.4123,1.4101,1.4101,123305.69,0.0,0.0,0
15m,1777884300.0,1.4101,1.4128,1.41,1.4115,75416.07,0.0,0.0,0
15m,1777885200.0,1.4115,1.4157,1.4109,1.4142,207192.51,0.0,0.0,0
15m,1777886100.0,1.4142,1.4159,1.4138,1.4141,158835.53,0.0,0.0,0
15m,1777887000.0,1.4141,1.4194,1.4136,1.419,328631.13,0.0,0.0,0
15m,1777887900.0,1.419,1.4197,1.4168,1.4173,297198.91,0.0,0.0,0
15m,1777888800.0,1.4173,1.4179,1.3917,1.3943,1583710.26,0.0,0.0,0
15m,1777889700.0,1.3943,1.3949,1.3857,1.3892,836568.72,0.0,0.0,0
15m,1777890600.0,1.3892,1.3984,1.3883,1.3968,729843.6,0.0,0.0,0
15m,1777891500.0,1.3968,1.3984,1.3941,1.3953,121018.42,0.0,0.0,0
15m,1777892400.0,1.3953,1.3978,1.3947,1.3963,135864.43,0.0,0.0,0
15m,1777893300.0,1.3963,1.3972,1.3927,1.3931,343088.99,0.0,0.0,0
15m,1777894200.0,1.3931,1.395,1.3923,1.3931,274735.67,0.0,0.0,0
15m,1777895100.0,1.3931,1.3957,1.3928,1.3939,144892.03,0.0,0.0,0
15m,1777896000.0,1.3939,1.3948,1.3925,1.3937,170636.99,0.0,0.0,0
15m,1777896900.0,1.3937,1.3966,1.3925,1.3947,130261.11,0.0,0.0,0
15m,1777897800.0,1.3947,1.3953,1.3935,1.3951,185875.75,0.0,0.0,0
15m,1777898700.0,1.3951,1.3958,1.3928,1.3933,180448.12,0.0,0.0,0
15m,1777899600.0,1.3933,1.3972,1.3886,1.3945,456786.67,0.0,0.0,0
15m,1777900500.0,1.3945,1.3966,1.394,1.3963,65291.56,0.0,0.0,0
15m,1777901400.0,1.3963,1.3997,1.3953,1.3963,256807.92,0.0,0.0,0
15m,1777902300.0,1.3963,1.3974,1.3922,1.3933,231675.1,0.0,0.0,0
15m,1777903200.0,1.3933,1.3961,1.3889,1.3959,402277.45,0.0,0.0,0
15m,1777904100.0,1.3959,1.4,1.3955,1.3973,321049.1,0.0,0.0,0
15m,1777905000.0,1.3973,1.404,1.3971,1.4016,465101.9,0.0,0.0,0
15m,1777905900.0,1.4016,1.4134,1.4016,1.408,889881.59,0.0,0.0,0
15m,1777906800.0,1.408,1.409,1.4044,1.4065,378162.88,0.0,0.0,0
15m,1777907700.0,1.4065,1.4085,1.3951,1.399,1005203.58,0.0,0.0,0
15m,1777908600.0,1.399,1.4,1.3948,1.3989,318623.63,0.0,0.0,0
15m,1777909500.0,1.3989,1.4005,1.393,1.3988,490331.66,0.0,0.0,0
15m,1777910400.0,1.3988,1.3995,1.3938,1.395,494915.35,0.0,0.0,0
15m,1777911300.0,1.395,1.4052,1.3938,1.4029,489585.14,0.0,0.0,0
15m,1777912200.0,1.4029,1.4046,1.4018,1.4033,182811.95,0.0,0.0,0
15m,1777913100.0,1.4033,1.4036,1.3996,1.4006,169774.94,0.0,0.0,0
15m,1777914000.0,1.4006,1.4065,1.4,1.4052,240529.73,0.0,0.0,0
15m,1777914900.0,1.4052,1.4075,1.4047,1.4063,127356.81,0.0,0.0,0
15m,1777915800.0,1.4063,1.4064,1.4035,1.4051,66639.89,0.0,0.0,0
15m,1777916700.0,1.4051,1.4122,1.4046,1.4086,223333.82,0.0,0.0,0
15m,1777917600.0,1.4086,1.4098,1.4072,1.4089,81410.59,0.0,0.0,0
15m,1777918500.0,1.4089,1.4089,1.4044,1.4063,126810.38,0.0,0.0,0
15m,1777919400.0,1.4063,1.4066,1.4035,1.4036,95295.63,0.0,0.0,0
15m,1777920300.0,1.4036,1.4045,1.402,1.4039,63942.16,0.0,0.0,0
15m,1777921200.0,1.4039,1.4043,1.4003,1.4014,129167.03,0.0,0.0,0
15m,1777922100.0,1.4014,1.4015,1.3983,1.399,70739.5,0.0,0.0,0
15m,1777923000.0,1.399,1.4,1.3981,1.3988,12508.21,0.0,0.0,0
15m,1777923900.0,1.3988,1.3995,1.3978,1.398,74997.0,0.0,0.0,0
15m,1777924800.0,1.398,1.3982,1.3949,1.3972,115933.09,0.0,0.0,0
15m,1777925700.0,1.3972,1.3977,1.3937,1.3941,72249.74,0.0,0.0,0
15m,1777926600.0,1.3941,1.3945,1.3925,1.3929,82419.68,0.0,0.0,0
15m,1777927500.0,1.3929,1.3939,1.3927,1.3933,53737.5,0.0,0.0,0
15m,1777928400.0,1.3933,1.3955,1.3933,1.3955,75548.99,0.0,0.0,0
15m,1777929300.0,1.3955,1.397,1.3947,1.396,70617.99,0.0,0.0,0
15m,1777930200.0,1.396,1.3982,1.396,1.3975,51464.28,0.0,0.0,0
15m,1777931100.0,1.3975,1.3989,1.3972,1.3974,86232.12,0.0,0.0,0
15m,1777932000.0,1.3974,1.4011,1.3971,1.4007,79616.65,0.0,0.0,0
15m,1777932900.0,1.4007,1.4012,1.3972,1.3974,63805.67,0.0,0.0,0
15m,1777933800.0,1.3974,1.3975,1.3947,1.3951,96181.83,0.0,0.0,0
15m,1777934700.0,1.3951,1.3969,1.3945,1.3955,57094.7,0.0,0.0,0
15m,1777935600.0,1.3955,1.3955,1.3919,1.3928,100207.95,0.0,0.0,0
15m,1777936500.0,1.3928,1.3941,1.3919,1.3941,65237.15,0.0,0.0,0
15m,1777937400.0,1.3941,1.3941,1.3902,1.3907,140319.34,0.0,0.0,0
15m,1777938300.0,1.3907,1.3928,1.3907,1.3917,71669.72,0.0,0.0,0
15m,1777939200.0,1.3917,1.3938,1.3912,1.3917,54408.37,0.0,0.0,0
15m,1777940100.0,1.3917,1.3924,1.3906,1.3906,45601.93,0.0,0.0,0
15m,1777941000.0,1.3906,1.3944,1.3905,1.3942,106524.67,0.0,0.0,0
15m,1777941900.0,1.3942,1.3959,1.3936,1.3958,49189.66,0.0,0.0,0
15m,1777942800.0,1.3958,1.3979,1.3936,1.3974,124258.02,0.0,0.0,0
15m,1777943700.0,1.3974,1.3978,1.3954,1.3968,50853.12,0.0,0.0,0
15m,1777944600.0,1.3968,1.3982,1.3952,1.3962,92084.05,0.0,0.0,0
15m,1777945500.0,1.3962,1.3983,1.3962,1.3971,32567.36,0.0,0.0,0
15m,1777946400.0,1.3971,1.4003,1.3965,1.3986,163736.32,0.0,0.0,0
15m,1777947300.0,1.3986,1.4009,1.3979,1.4003,51227.21,0.0,0.0,0
15m,1777948200.0,1.4003,1.4042,1.4,1.4038,300015.74,0.0,0.0,0
15m,1777949100.0,1.4038,1.4047,1.3998,1.4005,196134.76,0.0,0.0,0
15m,1777950000.0,1.4005,1.4038,1.3993,1.4029,58491.75,0.0,0.0,0
15m,1777950900.0,1.4029,1.405,1.4023,1.4043,113149.34,0.0,0.0,0
15m,1777951800.0,1.4043,1.4089,1.4032,1.4089,163268.29,0.0,0.0,0
15m,1777952700.0,1.4089,1.4098,1.4052,1.4057,222101.21,0.0,0.0,0
15m,1777953600.0,1.4057,1.4068,1.4035,1.4039,88352.51,0.0,0.0,0
15m,1777954500.0,1.4039,1.4054,1.4027,1.4028,222441.6,0.0,0.0,0
15m,1777955400.0,1.4028,1.4028,1.4009,1.4012,103541.03,0.0,0.0,0
15m,1777956300.0,1.4012,1.4045,1.4007,1.4019,149962.22,0.0,0.0,0
15m,1777957200.0,1.4019,1.4019,1.4001,1.4002,147859.83,0.0,0.0,0
15m,1777958100.0,1.4002,1.4041,1.4002,1.4032,121173.65,0.0,0.0,0
15m,1777959000.0,1.4032,1.4068,1.4023,1.4023,104965.28,0.0,0.0,0
15m,1777959900.0,1.4023,1.4036,1.4,1.4017,237053.81,0.0,0.0,0
15m,1777960800.0,1.4017,1.4045,1.4012,1.4043,105535.33,0.0,0.0,0
15m,1777961700.0,1.4043,1.4046,1.401,1.4014,169157.15,0.0,0.0,0
15m,1777962600.0,1.4014,1.403,1.4013,1.4017,61073.03,0.0,0.0,0
15m,1777963500.0,1.4017,1.4073,1.4017,1.4072,126036.95,0.0,0.0,0
15m,1777964400.0,1.4072,1.409,1.4022,1.4053,619863.92,0.0,0.0,0
15m,1777965300.0,1.4053,1.408,1.4049,1.4071,144345.85,0.0,0.0,0
15m,1777966200.0,1.4071,1.41,1.407,1.4075,243437.76,0.0,0.0,0
15m,1777967100.0,1.4075,1.4077,1.4055,1.407,232418.14,0.0,0.0,0
15m,1777968000.0,1.407,1.4087,1.4065,1.4081,192580.58,0.0,0.0,0
15m,1777968900.0,1.4081,1.4084,1.4061,1.4083,153695.48,0.0,0.0,0
15m,1777969800.0,1.4083,1.4095,1.4064,1.4068,229947.52,0.0,0.0,0
15m,1777970700.0,1.4068,1.4085,1.4066,1.4068,155477.29,0.0,0.0,0
15m,1777971600.0,1.4068,1.4071,1.4046,1.4047,110509.39,0.0,0.0,0
15m,1777972500.0,1.4047,1.4054,1.4035,1.4047,77396.02,0.0,0.0,0
15m,1777973400.0,1.4047,1.4052,1.4024,1.4026,99362.72,0.0,0.0,0
15m,1777974300.0,1.4026,1.4035,1.4019,1.4035,77977.65,0.0,0.0,0
15m,1777975200.0,1.4035,1.4053,1.4026,1.404,178009.5,0.0,0.0,0
15m,1777976100.0,1.404,1.4049,1.4032,1.4037,107873.41,0.0,0.0,0
15m,1777977000.0,1.4037,1.4076,1.4036,1.4065,292459.7,0.0,0.0,0
15m,1777977900.0,1.4065,1.4072,1.4048,1.4066,94412.2,0.0,0.0,0
15m,1777978800.0,1.4066,1.4068,1.4048,1.4059,175990.83,0.0,0.0,0
15m,1777979700.0,1.4059,1.4059,1.402,1.4049,131620.36,0.0,0.0,0
15m,1777980600.0,1.4049,1.4076,1.4049,1.4073,126097.43,0.0,0.0,0
15m,1777981500.0,1.4073,1.4087,1.4054,1.4078,123566.57,0.0,0.0,0
15m,1777982400.0,1.4078,1.4097,1.4065,1.4085,94448.31,0.0,0.0,0
15m,1777983300.0,1.4085,1.4101,1.4078,1.41,128793.56,0.0,0.0,0
15m,1777984200.0,1.41,1.413,1.41,1.4123,353278.64,0.0,0.0,0
15m,1777985100.0,1.4123,1.414,1.4115,1.4129,263801.46,0.0,0.0,0
15m,1777986000.0,1.4129,1.4202,1.4127,1.4179,642353.84,0.0,0.0,0
15m,1777986900.0,1.4179,1.4187,1.4138,1.4149,307349.01,0.0,0.0,0
15m,1777987800.0,1.4149,1.4164,1.4117,1.4144,313660.91,0.0,0.0,0
15m,1777988700.0,1.4144,1.4171,1.4108,1.4135,162019.82,0.0,0.0,0
15m,1777989600.0,1.4135,1.4137,1.4082,1.4084,408024.47,0.0,0.0,0
15m,1777990500.0,1.4084,1.4105,1.4048,1.41,351049.98,0.0,0.0,0
15m,1777991400.0,1.41,1.4117,1.4052,1.4073,126455.23,0.0,0.0,0
15m,1777992300.0,1.4073,1.4116,1.4054,1.411,141287.28,0.0,0.0,0
15m,1777993200.0,1.411,1.4157,1.4101,1.4142,137890.93,0.0,0.0,0
15m,1777994100.0,1.4142,1.4151,1.413,1.4149,81005.85,0.0,0.0,0
15m,1777995000.0,1.4149,1.4159,1.4128,1.4128,123247.58,0.0,0.0,0
15m,1777995900.0,1.4128,1.4144,1.4117,1.4117,101833.46,0.0,0.0,0
15m,1777996800.0,1.4117,1.4133,1.4113,1.4125,170034.79,0.0,0.0,0
15m,1777997700.0,1.4125,1.4149,1.4097,1.4113,108269.17,0.0,0.0,0
15m,1777998600.0,1.4113,1.4113,1.4046,1.405,340920.36,0.0,0.0,0
15m,1777999500.0,1.405,1.4094,1.4048,1.408,55175.48,0.0,0.0,0
15m,1778000400.0,1.408,1.4087,1.405,1.4066,134065.98,0.0,0.0,0
15m,1778001300.0,1.4066,1.4094,1.4065,1.4082,110032.39,0.0,0.0,0
15m,1778002200.0,1.4082,1.4091,1.4059,1.4086,95666.37,0.0,0.0,0
15m,1778003100.0,1.4086,1.4097,1.4077,1.4083,103574.26,0.0,0.0,0
15m,1778004000.0,1.4083,1.4125,1.408,1.4123,175376.97,0.0,0.0,0
15m,1778004900.0,1.4123,1.4123,1.4092,1.4108,59560.31,0.0,0.0,0
15m,1778005800.0,1.4108,1.411,1.4093,1.4106,43047.25,0.0,0.0,0
15m,1778006700.0,1.4106,1.4122,1.4092,1.41,42170.02,0.0,0.0,0
15m,1778007600.0,1.41,1.4104,1.4092,1.4092,74226.15,0.0,0.0,0
15m,1778008500.0,1.4092,1.4119,1.4087,1.4113,66956.89,0.0,0.0,0
15m,1778009400.0,1.4113,1.4134,1.4107,1.4133,69170.75,0.0,0.0,0
15m,1778010300.0,1.4133,1.4135,1.4105,1.4129,117452.26,0.0,0.0,0
15m,1778011200.0,1.4129,1.4163,1.4125,1.4144,208384.35,0.0,0.0,0
15m,1778012100.0,1.4144,1.4162,1.4125,1.4135,114376.71,0.0,0.0,0
15m,1778013000.0,1.4135,1.4179,1.4135,1.4163,134609.67,0.0,0.0,0
15m,1778013900.0,1.4163,1.4172,1.415,1.4168,55524.76,0.0,0.0,0
15m,1778014800.0,1.4168,1.4224,1.4158,1.417,398187.54,0.0,0.0,0
15m,1778015700.0,1.417,1.4182,1.4143,1.4146,206659.54,0.0,0.0,0
15m,1778016600.0,1.4146,1.4162,1.413,1.4133,297080.72,0.0,0.0,0
15m,1778017500.0,1.4133,1.4172,1.4133,1.4158,74962.56,0.0,0.0,0
15m,1778018400.0,1.4158,1.4213,1.4158,1.4178,153553.61,0.0,0.0,0
15m,1778019300.0,1.4178,1.4206,1.4172,1.4184,115604.34,0.0,0.0,0
15m,1778020200.0,1.4184,1.4184,1.4099,1.4119,359411.56,0.0,0.0,0
15m,1778021100.0,1.4119,1.4184,1.4108,1.4156,683780.76,0.0,0.0,0
15m,1778022000.0,1.4156,1.4179,1.4143,1.4172,102697.58,0.0,0.0,0
15m,1778022900.0,1.4172,1.4172,1.4122,1.4122,59735.76,0.0,0.0,0
15m,1778023800.0,1.4122,1.4132,1.4093,1.4122,98301.56,0.0,0.0,0
15m,1778024700.0,1.4122,1.4141,1.412,1.4128,77090.37,0.0,0.0,0
15m,1778025600.0,1.4128,1.415,1.4125,1.4132,305980.03,0.0,0.0,0
15m,1778026500.0,1.4132,1.4147,1.4092,1.4096,525105.12,0.0,0.0,0
15m,1778027400.0,1.4096,1.4106,1.409,1.4091,593263.46,0.0,0.0,0
15m,1778028300.0,1.4091,1.4121,1.4072,1.411,453958.73,0.0,0.0,0
15m,1778029200.0,1.411,1.4133,1.4098,1.4133,61737.87,0.0,0.0,0
15m,1778030100.0,1.4133,1.4183,1.4133,1.417,231579.93,0.0,0.0,0
15m,1778031000.0,1.417,1.4178,1.4158,1.4161,547170.06,0.0,0.0,0
15m,1778031900.0,1.4161,1.4195,1.4159,1.418,837060.06,0.0,0.0,0
15m,1778032800.0,1.418,1.4184,1.4152,1.4162,121384.87,0.0,0.0,0
15m,1778033700.0,1.4162,1.4162,1.4119,1.4123,79458.97,0.0,0.0,0
15m,1778034600.0,1.4123,1.4137,1.4103,1.4125,148644.4,0.0,0.0,0
15m,1778035500.0,1.4125,1.4169,1.4125,1.4164,116911.42,0.0,0.0,0
15m,1778036400.0,1.4164,1.4201,1.4162,1.4179,101063.53,0.0,0.0,0
15m,1778037300.0,1.4179,1.4216,1.4163,1.4199,198605.54,0.0,0.0,0
15m,1778038200.0,1.4199,1.4242,1.4198,1.4205,520961.8,0.0,0.0,0
15m,1778039100.0,1.4205,1.4227,1.4184,1.4218,187105.45,0.0,0.0,0
15m,1778040000.0,1.4218,1.4241,1.4207,1.4219,227602.64,0.0,0.0,0
15m,1778040900.0,1.4219,1.4225,1.4191,1.4192,368487.98,0.0,0.0,0
15m,1778041800.0,1.4192,1.4204,1.4175,1.4201,110312.4,0.0,0.0,0
15m,1778042700.0,1.4201,1.4247,1.4181,1.4198,683420.8,0.0,0.0,0
15m,1778043600.0,1.4198,1.4206,1.4157,1.4171,99284.66,0.0,0.0,0
15m,1778044500.0,1.4171,1.4184,1.416,1.4176,224122.47,0.0,0.0,0
15m,1778045400.0,1.4176,1.4206,1.414,1.4177,877597.72,0.0,0.0,0
15m,1778046300.0,1.4177,1.4232,1.4175,1.4225,730764.6,0.0,0.0,0
15m,1778047200.0,1.4225,1.4262,1.4217,1.4229,262655.38,0.0,0.0,0
15m,1778048100.0,1.4229,1.425,1.4209,1.4246,89433.38,0.0,0.0,0
15m,1778049000.0,1.4246,1.4272,1.4236,1.4272,312410.0,0.0,0.0,0
15m,1778049900.0,1.4272,1.4273,1.4251,1.4259,183230.5,0.0,0.0,0
15m,1778050800.0,1.4259,1.4276,1.4244,1.4257,152887.28,0.0,0.0,0
15m,1778051700.0,1.4257,1.4341,1.4254,1.4313,610356.29,0.0,0.0,0
15m,1778052600.0,1.4313,1.4344,1.4285,1.4326,749327.12,0.0,0.0,0
15m,1778053500.0,1.4326,1.4354,1.4303,1.4313,205207.12,0.0,0.0,0
15m,1778054400.0,1.4313,1.4351,1.4298,1.4325,241439.16,0.0,0.0,0
15m,1778055300.0,1.4325,1.4325,1.4301,1.4318,118098.83,0.0,0.0,0
15m,1778056200.0,1.4318,1.4376,1.4317,1.4366,194935.96,0.0,0.0,0
15m,1778057100.0,1.4366,1.4434,1.4341,1.4429,848594.83,0.0,0.0,0
15m,1778058000.0,1.4429,1.4443,1.4386,1.4388,291124.09,0.0,0.0,0
15m,1778058900.0,1.4388,1.4415,1.4387,1.4404,138950.13,0.0,0.0,0
15m,1778059800.0,1.4404,1.4465,1.44,1.4459,454358.61,0.0,0.0,0
15m,1778060700.0,1.4459,1.4509,1.4431,1.4491,1052575.54,0.0,0.0,0
15m,1778061600.0,1.4491,1.451,1.4467,1.449,381788.55,0.0,0.0,0
15m,1778062500.0,1.449,1.4523,1.4487,1.4504,379754.98,0.0,0.0,0
15m,1778063400.0,1.4504,1.4517,1.4486,1.451,249533.76,0.0,0.0,0
15m,1778064300.0,1.451,1.4539,1.449,1.4511,339504.73,0.0,0.0,0
15m,1778065200.0,1.4511,1.4542,1.4503,1.4532,235204.26,0.0,0.0,0
15m,1778066100.0,1.4532,1.457,1.4529,1.4535,277229.39,0.0,0.0,0
15m,1778067000.0,1.4535,1.4541,1.4491,1.4504,415116.2,0.0,0.0,0
15m,1778067900.0,1.4504,1.4524,1.4496,1.4509,175567.96,0.0,0.0,0
15m,1778068800.0,1.4509,1.4523,1.4461,1.4466,819103.05,0.0,0.0,0
15m,1778069700.0,1.4466,1.4502,1.4455,1.4488,242901.71,0.0,0.0,0
15m,1778070600.0,1.4488,1.4501,1.4476,1.4483,81546.64,0.0,0.0,0
15m,1778071500.0,1.4483,1.4492,1.4446,1.4451,257197.74,0.0,0.0,0
15m,1778072400.0,1.4451,1.4451,1.431,1.4362,433304.58,0.0,0.0,0
15m,1778073300.0,1.4362,1.4373,1.4227,1.4259,1453568.14,0.0,0.0,0
15m,1778074200.0,1.4259,1.4297,1.4227,1.4265,978834.94,0.0,0.0,0
15m,1778075100.0,1.4265,1.4268,1.418,1.4226,885910.65,0.0,0.0,0
15m,1778076000.0,1.4226,1.4231,1.4133,1.4201,629191.94,0.0,0.0,0
15m,1778076900.0,1.4201,1.4241,1.4173,1.4232,761342.12,0.0,0.0,0
15m,1778077800.0,1.4232,1.4278,1.4232,1.4278,985367.34,0.0,0.0,0
15m,1778078700.0,1.4278,1.4295,1.4228,1.4233,432752.8,0.0,0.0,0
15m,1778079600.0,1.4233,1.4257,1.4215,1.4229,197731.04,0.0,0.0,0
15m,1778080500.0,1.4229,1.4297,1.4229,1.4276,198529.17,0.0,0.0,0
15m,1778081400.0,1.4276,1.4307,1.4248,1.4289,233874.88,0.0,0.0,0
15m,1778082300.0,1.4289,1.4322,1.4289,1.4299,514604.95,0.0,0.0,0
15m,1778083200.0,1.4299,1.4344,1.428,1.4315,287419.9,0.0,0.0,0
15m,1778084100.0,1.4315,1.4333,1.425,1.4256,543509.94,0.0,0.0,0
15m,1778085000.0,1.4256,1.4299,1.4238,1.4299,197567.68,0.0,0.0,0
15m,1778085900.0,1.4299,1.4322,1.4285,1.4291,155293.56,0.0,0.0,0
15m,1778086800.0,1.4291,1.4308,1.4283,1.4287,204127.17,0.0,0.0,0
15m,1778087700.0,1.4287,1.4287,1.4242,1.4268,220887.19,0.0,0.0,0
15m,1778088600.0,1.4268,1.4293,1.4264,1.4291,167716.02,0.0,0.0,0
15m,1778089500.0,1.4291,1.4292,1.4248,1.4258,221117.73,0.0,0.0,0
15m,1778090400.0,1.4258,1.4265,1.4211,1.4252,273197.31,0.0,0.0,0
15m,1778091300.0,1.4252,1.427,1.4247,1.4247,90967.12,0.0,0.0,0
15m,1778092200.0,1.4247,1.4258,1.4225,1.4243,144037.57,0.0,0.0,0
15m,1778093100.0,1.4243,1.4252,1.4223,1.4227,131474.55,0.0,0.0,0
15m,1778094000.0,1.4227,1.4265,1.4222,1.4234,247889.37,0.0,0.0,0
15m,1778094900.0,1.4234,1.4265,1.4228,1.4252,347136.97,0.0,0.0,0
15m,1778095800.0,1.4252,1.4268,1.4243,1.4259,545682.44,0.0,0.0,0
15m,1778096700.0,1.4259,1.4287,1.425,1.4277,843744.21,0.0,0.0,0
15m,1778097600.0,1.4277,1.4288,1.4267,1.4279,293157.29,0.0,0.0,0
15m,1778098500.0,1.4279,1.4279,1.4259,1.426,186454.21,0.0,0.0,0
15m,1778099400.0,1.426,1.4264,1.4221,1.4222,382959.39,0.0,0.0,0
15m,1778100300.0,1.4222,1.4244,1.4213,1.4244,140500.16,0.0,0.0,0
15m,1778101200.0,1.4244,1.4257,1.4218,1.4229,234370.16,0.0,0.0,0
15m,1778102100.0,1.4229,1.4252,1.4229,1.4251,191935.55,0.0,0.0,0
15m,1778103000.0,1.4251,1.4283,1.4247,1.4273,282502.02,0.0,0.0,0
15m,1778103900.0,1.4273,1.4283,1.4261,1.4264,255033.43,0.0,0.0,0
15m,1778104800.0,1.4264,1.4268,1.4227,1.4239,355148.62,0.0,0.0,0
15m,1778105700.0,1.4239,1.424,1.422,1.4221,192161.51,0.0,0.0,0
15m,1778106600.0,1.4221,1.4241,1.4221,1.4229,138013.86,0.0,0.0,0
15m,1778107500.0,1.4229,1.4234,1.4215,1.4221,211313.8,0.0,0.0,0
15m,1778108400.0,1.4221,1.4221,1.4166,1.4206,370342.69,0.0,0.0,0
15m,1778109300.0,1.4206,1.4244,1.4206,1.4242,163538.58,0.0,0.0,0
15m,1778110200.0,1.4242,1.4242,1.4228,1.4235,98970.05,0.0,0.0,0
15m,1778111100.0,1.4235,1.4251,1.4235,1.4248,100691.85,0.0,0.0,0
15m,1778112000.0,1.4248,1.4256,1.423,1.4233,113209.9,0.0,0.0,0
15m,1778112900.0,1.4233,1.4233,1.42,1.42,121185.32,0.0,0.0,0
15m,1778113800.0,1.42,1.4203,1.4171,1.4181,264994.06,0.0,0.0,0
15m,1778114700.0,1.4181,1.4197,1.4171,1.4179,230359.81,0.0,0.0,0
15m,1778115600.0,1.4179,1.4182,1.4128,1.4182,392506.78,0.0,0.0,0
15m,1778116500.0,1.4182,1.4186,1.4131,1.4172,107926.98,0.0,0.0,0
15m,1778117400.0,1.4172,1.4195,1.416,1.4179,182718.97,0.0,0.0,0
15m,1778118300.0,1.4179,1.4186,1.4147,1.4155,191529.54,0.0,0.0,0
15m,1778119200.0,1.4155,1.4163,1.4101,1.4107,425988.51,0.0,0.0,0
15m,1778120100.0,1.4107,1.4129,1.4105,1.4118,137151.08,0.0,0.0,0
15m,1778121000.0,1.4118,1.4136,1.4106,1.4122,111248.43,0.0,0.0,0
15m,1778121900.0,1.4122,1.4141,1.4115,1.4119,354086.49,0.0,0.0,0
15m,1778122800.0,1.4119,1.4119,1.4102,1.4104,653739.48,0.0,0.0,0
15m,1778123700.0,1.4104,1.4112,1.4046,1.4059,1039963.93,0.0,0.0,0
15m,1778124600.0,1.4059,1.4077,1.4028,1.4073,653125.92,0.0,0.0,0
15m,1778125500.0,1.4073,1.4078,1.4049,1.4051,323040.09,0.0,0.0,0
15m,1778126400.0,1.4051,1.4082,1.404,1.4071,603635.94,0.0,0.0,0
15m,1778127300.0,1.4071,1.4097,1.4066,1.4092,254735.54,0.0,0.0,0
15m,1778128200.0,1.4092,1.4097,1.4049,1.4079,735430.84,0.0,0.0,0
15m,1778129100.0,1.4079,1.4097,1.4071,1.4076,434186.68,0.0,0.0,0
15m,1778130000.0,1.4076,1.4134,1.4073,1.4106,981595.44,0.0,0.0,0
15m,1778130900.0,1.4106,1.4129,1.4101,1.4124,280419.72,0.0,0.0,0
15m,1778131800.0,1.4124,1.4143,1.4107,1.4117,310574.79,0.0,0.0,0
15m,1778132700.0,1.4117,1.412,1.4101,1.411,261845.16,0.0,0.0,0
15m,1778133600.0,1.411,1.411,1.4048,1.4061,604804.4,0.0,0.0,0
15m,1778134500.0,1.4061,1.409,1.4061,1.409,132633.36,0.0,0.0,0
15m,1778135400.0,1.409,1.4156,1.4087,1.4153,344819.52,0.0,0.0,0
15m,1778136300.0,1.4153,1.4163,1.4141,1.4158,166504.25,0.0,0.0,0
15m,1778137200.0,1.4158,1.4187,1.4147,1.4187,212794.78,0.0,0.0,0
15m,1778138100.0,1.4187,1.4202,1.4172,1.4177,221701.94,0.0,0.0,0
15m,1778139000.0,1.4177,1.4213,1.4177,1.4205,267215.06,0.0,0.0,0
15m,1778139900.0,1.4205,1.4214,1.4187,1.4199,163705.25,0.0,0.0,0
15m,1778140800.0,1.4199,1.4211,1.4181,1.4183,166829.88,0.0,0.0,0
15m,1778141700.0,1.4183,1.4189,1.4157,1.4172,182148.27,0.0,0.0,0
15m,1778142600.0,1.4172,1.4192,1.4156,1.4165,104571.53,0.0,0.0,0
15m,1778143500.0,1.4165,1.4185,1.4156,1.4161,164248.88,0.0,0.0,0
15m,1778144400.0,1.4161,1.4162,1.4143,1.416,316698.08,0.0,0.0,0
15m,1778145300.0,1.416,1.4162,1.412,1.4129,141163.36,0.0,0.0,0
15m,1778146200.0,1.4129,1.4138,1.4104,1.4108,509841.73,0.0,0.0,0
15m,1778147100.0,1.4108,1.4121,1.4105,1.4115,168195.95,0.0,0.0,0
15m,1778148000.0,1.4115,1.4138,1.4106,1.4114,295647.01,0.0,0.0,0
15m,1778148900.0,1.4114,1.4131,1.4065,1.4076,292878.55,0.0,0.0,0
15m,1778149800.0,1.4076,1.4109,1.4074,1.4106,187970.17,0.0,0.0,0
15m,1778150700.0,1.4106,1.411,1.4093,1.4098,188386.7,0.0,0.0,0
15m,1778151600.0,1.4098,1.4134,1.4094,1.4115,154513.8,0.0,0.0,0
15m,1778152500.0,1.4115,1.4132,1.4107,1.4112,129893.45,0.0,0.0,0
15m,1778153400.0,1.4112,1.4125,1.4107,1.4118,138487.88,0.0,0.0,0
15m,1778154300.0,1.4118,1.412,1.4086,1.4097,101736.72,0.0,0.0,0
15m,1778155200.0,1.4097,1.4132,1.4092,1.4132,469686.64,0.0,0.0,0
15m,1778156100.0,1.4132,1.4135,1.4115,1.4131,227001.61,0.0,0.0,0
15m,1778157000.0,1.4131,1.4146,1.4126,1.4141,126568.96,0.0,0.0,0
15m,1778157900.0,1.4141,1.4149,1.4126,1.4147,124439.94,0.0,0.0,0
15m,1778158800.0,1.4147,1.4147,1.409,1.4094,135714.86,0.0,0.0,0
15m,1778159700.0,1.4094,1.4126,1.4088,1.4104,125842.21,0.0,0.0,0
15m,1778160600.0,1.4104,1.4105,1.4025,1.403,376263.43,0.0,0.0,0
15m,1778161500.0,1.403,1.4042,1.3966,1.4014,1024581.97,0.0,0.0,0
15m,1778162400.0,1.4014,1.4038,1.3991,1.4037,337362.41,0.0,0.0,0
15m,1778163300.0,1.4037,1.4037,1.397,1.397,817972.15,0.0,0.0,0
15m,1778164200.0,1.397,1.3975,1.3911,1.3933,1291151.67,0.0,0.0,0
15m,1778165100.0,1.3933,1.3943,1.3916,1.3931,1053850.18,0.0,0.0,0
15m,1778166000.0,1.3931,1.3945,1.3916,1.3928,1217847.71,0.0,0.0,0
15m,1778166900.0,1.3928,1.3946,1.3831,1.3876,2041518.88,0.0,0.0,0
15m,1778167800.0,1.3876,1.3933,1.3871,1.3927,515810.42,0.0,0.0,0
15m,1778168700.0,1.3927,1.394,1.3894,1.3905,182317.9,0.0,0.0,0
15m,1778169600.0,1.3905,1.3914,1.3866,1.39,925059.92,0.0,0.0,0
15m,1778170500.0,1.39,1.3924,1.3867,1.3919,400813.63,0.0,0.0,0
15m,1778171400.0,1.3919,1.3919,1.3875,1.3904,448991.32,0.0,0.0,0
15m,1778172300.0,1.3904,1.391,1.3871,1.3886,356302.67,0.0,0.0,0
15m,1778173200.0,1.3886,1.3919,1.3884,1.3918,352719.13,0.0,0.0,0
15m,1778174100.0,1.3918,1.3927,1.3838,1.3869,625292.03,0.0,0.0,0
15m,1778175000.0,1.3869,1.3897,1.3857,1.3887,494954.29,0.0,0.0,0
15m,1778175900.0,1.3887,1.392,1.3859,1.3916,520740.24,0.0,0.0,0
15m,1778176800.0,1.3916,1.3948,1.3914,1.3941,208640.04,0.0,0.0,0
15m,1778177700.0,1.3941,1.3958,1.3936,1.3953,326778.26,0.0,0.0,0
15m,1778178600.0,1.3953,1.3961,1.3909,1.3917,345769.02,0.0,0.0,0
15m,1778179500.0,1.3917,1.3935,1.3888,1.3922,269126.89,0.0,0.0,0
15m,1778180400.0,1.3922,1.3922,1.3893,1.3917,179292.11,0.0,0.0,0
15m,1778181300.0,1.3917,1.3919,1.3857,1.3859,201651.36,0.0,0.0,0
15m,1778182200.0,1.3859,1.3902,1.3859,1.388,198198.14,0.0,0.0,0
15m,1778183100.0,1.388,1.3902,1.3854,1.3859,398846.91,0.0,0.0,0
15m,1778184000.0,1.3859,1.3932,1.3856,1.3896,308610.08,0.0,0.0,0
15m,1778184900.0,1.3896,1.3905,1.3888,1.3898,122845.93,0.0,0.0,0
15m,1778185800.0,1.3898,1.3898,1.3852,1.3858,235433.22,0.0,0.0,0
15m,1778186700.0,1.3858,1.3864,1.3818,1.3826,295809.16,0.0,0.0,0
15m,1778187600.0,1.3826,1.3842,1.3802,1.3825,546721.44,0.0,0.0,0
15m,1778188500.0,1.3825,1.3862,1.3812,1.3862,170815.72,0.0,0.0,0
15m,1778189400.0,1.3862,1.3867,1.3845,1.3848,151014.55,0.0,0.0,0
15m,1778190300.0,1.3848,1.3852,1.3832,1.3836,79045.33,0.0,0.0,0
15m,1778191200.0,1.3836,1.3845,1.3802,1.3838,384417.51,0.0,0.0,0
15m,1778192100.0,1.3838,1.3866,1.3836,1.3845,204854.74,0.0,0.0,0
15m,1778193000.0,1.3845,1.3861,1.3818,1.3831,207596.51,0.0,0.0,0
15m,1778193900.0,1.3831,1.3855,1.3831,1.3849,65177.17,0.0,0.0,0
15m,1778194800.0,1.3849,1.3867,1.3842,1.386,106043.23,0.0,0.0,0
15m,1778195700.0,1.386,1.3866,1.3844,1.3858,115356.0,0.0,0.0,0
15m,1778196600.0,1.3858,1.3872,1.3856,1.3871,80840.78,0.0,0.0,0
15m,1778197500.0,1.3871,1.3876,1.3864,1.3867,294237.34,0.0,0.0,0
15m,1778198400.0,1.3867,1.3894,1.3862,1.3885,204416.02,0.0,0.0,0
15m,1778199300.0,1.3885,1.3898,1.3871,1.3876,171312.28,0.0,0.0,0
15m,1778200200.0,1.3876,1.3881,1.3862,1.3864,181456.39,0.0,0.0,0
15m,1778201100.0,1.3864,1.3864,1.3842,1.3854,81881.56,0.0,0.0,0
15m,1778202000.0,1.3854,1.3868,1.3831,1.3831,49350.87,0.0,0.0,0
15m,1778202900.0,1.3831,1.3848,1.3824,1.3845,100003.18,0.0,0.0,0
15m,1778203800.0,1.3845,1.386,1.3842,1.385,37706.09,0.0,0.0,0
15m,1778204700.0,1.385,1.386,1.3844,1.3857,44704.01,0.0,0.0,0
15m,1778205600.0,1.3857,1.3858,1.3821,1.3838,305973.33,0.0,0.0,0
15m,1778206500.0,1.3838,1.3838,1.3795,1.3824,249469.5,0.0,0.0,0
15m,1778207400.0,1.3824,1.386,1.3822,1.384,116776.34,0.0,0.0,0
15m,1778208300.0,1.384,1.3855,1.3824,1.3834,95117.45,0.0,0.0,0
15m,1778209200.0,1.3834,1.3834,1.3796,1.3824,188255.22,0.0,0.0,0
15m,1778210100.0,1.3824,1.3848,1.3824,1.3847,84442.64,0.0,0.0,0
15m,1778211000.0,1.3847,1.3867,1.3847,1.3867,105455.38,0.0,0.0,0
15m,1778211900.0,1.3867,1.3874,1.3851,1.3853,138089.31,0.0,0.0,0
15m,1778212800.0,1.3853,1.3867,1.3851,1.3864,482589.14,0.0,0.0,0
15m,1778213700.0,1.3864,1.387,1.3855,1.3868,146195.87,0.0,0.0,0
15m,1778214600.0,1.3868,1.3868,1.3837,1.384,81272.47,0.0,0.0,0
15m,1778215500.0,1.384,1.3861,1.384,1.3857,67031.45,0.0,0.0,0
15m,1778216400.0,1.3857,1.3862,1.3843,1.3858,133811.83,0.0,0.0,0
15m,1778217300.0,1.3858,1.3864,1.3852,1.3857,61246.86,0.0,0.0,0
15m,1778218200.0,1.3857,1.3875,1.3857,1.3874,147293.38,0.0,0.0,0
15m,1778219100.0,1.3874,1.3878,1.3832,1.3832,281159.13,0.0,0.0,0
15m,1778220000.0,1.3832,1.3832,1.3803,1.3829,273081.21,0.0,0.0,0
15m,1778220900.0,1.3829,1.3833,1.3778,1.3779,228411.55,0.0,0.0,0
15m,1778221800.0,1.3779,1.3825,1.3777,1.3813,316857.04,0.0,0.0,0
15m,1778222700.0,1.3813,1.3816,1.38,1.3816,54522.11,0.0,0.0,0
15m,1778223600.0,1.3816,1.3816,1.3791,1.3802,75078.65,0.0,0.0,0
15m,1778224500.0,1.3802,1.3832,1.3788,1.3803,295660.79,0.0,0.0,0
15m,1778225400.0,1.3803,1.3838,1.3803,1.3831,100668.25,0.0,0.0,0
15m,1778226300.0,1.3831,1.3847,1.383,1.3838,89481.75,0.0,0.0,0
15m,1778227200.0,1.3838,1.3868,1.382,1.385,758555.96,0.0,0.0,0
15m,1778228100.0,1.385,1.386,1.3848,1.3858,219522.22,0.0,0.0,0
15m,1778229000.0,1.3858,1.3887,1.3856,1.3884,120429.25,0.0,0.0,0
15m,1778229900.0,1.3884,1.3901,1.388,1.388,126442.78,0.0,0.0,0
15m,1778230800.0,1.388,1.3898,1.3868,1.3895,70844.11,0.0,0.0,0
15m,1778231700.0,1.3895,1.3915,1.3887,1.3898,124326.77,0.0,0.0,0
15m,1778232600.0,1.3898,1.3904,1.3876,1.3877,92982.95,0.0,0.0,0
15m,1778233500.0,1.3877,1.3877,1.3857,1.3869,127984.65,0.0,0.0,0
15m,1778234400.0,1.3869,1.3885,1.3852,1.3855,197548.02,0.0,0.0,0
15m,1778235300.0,1.3855,1.3864,1.3848,1.3855,253527.31,0.0,0.0,0
15m,1778236200.0,1.3855,1.3899,1.3855,1.3897,556058.18,0.0,0.0,0
15m,1778237100.0,1.3897,1.3918,1.3893,1.3896,382382.8,0.0,0.0,0
15m,1778238000.0,1.3896,1.3917,1.3895,1.3901,371563.73,0.0,0.0,0
15m,1778238900.0,1.3901,1.3924,1.3892,1.3914,649100.84,0.0,0.0,0
15m,1778239800.0,1.3914,1.3915,1.3888,1.3888,775942.22,0.0,0.0,0
15m,1778240700.0,1.3888,1.3916,1.3888,1.3911,336477.57,0.0,0.0,0
15m,1778241600.0,1.3911,1.3923,1.3904,1.3918,398508.11,0.0,0.0,0
15m,1778242500.0,1.3918,1.392,1.3899,1.3907,133268.7,0.0,0.0,0
15m,1778243400.0,1.3907,1.3939,1.3906,1.3914,437479.68,0.0,0.0,0
15m,1778244300.0,1.3914,1.3914,1.3863,1.3874,322544.17,0.0,0.0,0
15m,1778245200.0,1.3874,1.3884,1.3846,1.3851,335241.22,0.0,0.0,0
15m,1778246100.0,1.3851,1.3881,1.3842,1.3846,224609.72,0.0,0.0,0
15m,1778247000.0,1.3846,1.3873,1.3838,1.3844,518193.42,0.0,0.0,0
15m,1778247900.0,1.3844,1.3878,1.3844,1.3867,329803.35,0.0,0.0,0
15m,1778248800.0,1.3867,1.3917,1.3867,1.3905,349647.42,0.0,0.0,0
15m,1778249700.0,1.3905,1.3964,1.3903,1.3927,542702.68,0.0,0.0,0
15m,1778250600.0,1.3927,1.3961,1.3888,1.3951,301865.51,0.0,0.0,0
15m,1778251500.0,1.3951,1.396,1.3917,1.3928,278356.1,0.0,0.0,0
15m,1778252400.0,1.3928,1.3941,1.3899,1.3909,329086.08,0.0,0.0,0
15m,1778253300.0,1.3909,1.3913,1.3858,1.387,339936.32,0.0,0.0,0
15m,1778254200.0,1.387,1.3935,1.3854,1.393,373321.12,0.0,0.0,0
15m,1778255100.0,1.393,1.3981,1.3924,1.3973,350039.75,0.0,0.0,0
15m,1778256000.0,1.3973,1.3976,1.3933,1.3935,301857.0,0.0,0.0,0
15m,1778256900.0,1.3935,1.3969,1.3927,1.3948,200531.02,0.0,0.0,0
15m,1778257800.0,1.3948,1.3954,1.3927,1.3947,360190.92,0.0,0.0,0
15m,1778258700.0,1.3947,1.3952,1.3932,1.3943,131283.24,0.0,0.0,0
15m,1778259600.0,1.3943,1.397,1.394,1.397,101563.49,0.0,0.0,0
15m,1778260500.0,1.397,1.402,1.3969,1.4007,183226.05,0.0,0.0,0
15m,1778261400.0,1.4007,1.4075,1.4007,1.4058,570501.19,0.0,0.0,0
15m,1778262300.0,1.4058,1.4105,1.4058,1.4082,366120.39,0.0,0.0,0
15m,1778263200.0,1.4082,1.415,1.4082,1.4134,434678.7,0.0,0.0,0
15m,1778264100.0,1.4134,1.4224,1.4134,1.4205,627623.57,0.0,0.0,0
15m,1778265000.0,1.4205,1.4238,1.4192,1.4196,358631.07,0.0,0.0,0
15m,1778265900.0,1.4196,1.4245,1.4188,1.4193,371482.85,0.0,0.0,0
15m,1778266800.0,1.4193,1.4223,1.4176,1.4221,175988.87,0.0,0.0,0
15m,1778267700.0,1.4221,1.4271,1.4221,1.4235,340206.07,0.0,0.0,0
15m,1778268600.0,1.4235,1.4237,1.4201,1.4204,215030.03,0.0,0.0,0
15m,1778269500.0,1.4204,1.4208,1.4167,1.4191,387806.98,0.0,0.0,0
15m,1778270400.0,1.4191,1.4191,1.4133,1.4168,311987.55,0.0,0.0,0
15m,1778271300.0,1.4168,1.4179,1.4143,1.4154,234617.75,0.0,0.0,0
15m,1778272200.0,1.4154,1.4159,1.4133,1.4145,118615.78,0.0,0.0,0
15m,1778273100.0,1.4145,1.4147,1.4112,1.4123,178620.78,0.0,0.0,0
15m,1778274000.0,1.4123,1.4152,1.4123,1.4145,189782.75,0.0,0.0,0
15m,1778274900.0,1.4145,1.417,1.4144,1.4157,80931.51,0.0,0.0,0
15m,1778275800.0,1.4157,1.4211,1.4157,1.421,385621.44,0.0,0.0,0
15m,1778276700.0,1.421,1.4219,1.4184,1.4219,219781.71,0.0,0.0,0
15m,1778277600.0,1.4219,1.4237,1.4215,1.4232,142881.08,0.0,0.0,0
15m,1778278500.0,1.4232,1.4235,1.4181,1.4193,204116.86,0.0,0.0,0
15m,1778279400.0,1.4193,1.4196,1.4179,1.4182,82360.99,0.0,0.0,0
15m,1778280300.0,1.4182,1.4196,1.418,1.4186,62339.52,0.0,0.0,0
15m,1778281200.0,1.4186,1.419,1.4166,1.4171,76120.54,0.0,0.0,0
15m,1778282100.0,1.4171,1.4185,1.4163,1.4175,45326.43,0.0,0.0,0
15m,1778283000.0,1.4175,1.4175,1.4155,1.4163,78246.61,0.0,0.0,0
15m,1778283900.0,1.4163,1.4188,1.4158,1.4181,63852.71,0.0,0.0,0
15m,1778284800.0,1.4181,1.4203,1.418,1.4193,156391.02,0.0,0.0,0
15m,1778285700.0,1.4193,1.4206,1.4185,1.4204,53625.89,0.0,0.0,0
15m,1778286600.0,1.4204,1.4217,1.4204,1.421,225105.95,0.0,0.0,0
15m,1778287500.0,1.421,1.4252,1.421,1.4248,208648.43,0.0,0.0,0
15m,1778288400.0,1.4248,1.4306,1.4245,1.4287,255522.77,0.0,0.0,0
15m,1778289300.0,1.4287,1.4288,1.4256,1.4267,198748.01,0.0,0.0,0
15m,1778290200.0,1.4267,1.4314,1.4267,1.4304,233422.67,0.0,0.0,0
15m,1778291100.0,1.4304,1.4349,1.4304,1.4324,355231.08,0.0,0.0,0
15m,1778292000.0,1.4324,1.4341,1.4304,1.4305,88115.55,0.0,0.0,0
15m,1778292900.0,1.4305,1.4309,1.4287,1.4299,162507.65,0.0,0.0,0
15m,1778293800.0,1.4299,1.4313,1.4295,1.4299,106017.54,0.0,0.0,0
15m,1778294700.0,1.4299,1.4314,1.4278,1.4311,121568.21,0.0,0.0,0
15m,1778295600.0,1.4311,1.4344,1.4304,1.4307,369181.55,0.0,0.0,0
15m,1778296500.0,1.4307,1.4326,1.4306,1.4318,225418.24,0.0,0.0,0
15m,1778297400.0,1.4318,1.4318,1.4269,1.4278,126890.3,0.0,0.0,0
15m,1778298300.0,1.4278,1.4296,1.4272,1.429,106244.31,0.0,0.0,0
15m,1778299200.0,1.429,1.4344,1.4289,1.4327,166549.27,0.0,0.0,0
15m,1778300100.0,1.4327,1.4329,1.43,1.4306,174971.28,0.0,0.0,0
15m,1778301000.0,1.4306,1.4307,1.4275,1.4282,89787.15,0.0,0.0,0
15m,1778301900.0,1.4282,1.431,1.4274,1.4282,203304.38,0.0,0.0,0
15m,1778302800.0,1.4282,1.4283,1.4252,1.4264,110281.24,0.0,0.0,0
15m,1778303700.0,1.4264,1.4313,1.4263,1.429,384365.95,0.0,0.0,0
15m,1778304600.0,1.429,1.43,1.4281,1.4291,516431.25,0.0,0.0,0
15m,1778305500.0,1.4291,1.4296,1.4265,1.4265,74973.19,0.0,0.0,0
15m,1778306400.0,1.4265,1.4276,1.425,1.4256,212239.38,0.0,0.0,0
15m,1778307300.0,1.4256,1.4265,1.4227,1.4258,655379.14,0.0,0.0,0
15m,1778308200.0,1.4258,1.4273,1.4235,1.4244,253770.17,0.0,0.0,0
15m,1778309100.0,1.4244,1.4263,1.4239,1.4259,142546.46,0.0,0.0,0
15m,1778310000.0,1.4259,1.4277,1.425,1.4271,184364.5,0.0,0.0,0
15m,1778310900.0,1.4271,1.4275,1.4241,1.4245,579118.86,0.0,0.0,0
15m,1778311800.0,1.4245,1.4267,1.4225,1.4245,724786.4,0.0,0.0,0
15m,1778312700.0,1.4245,1.4245,1.4232,1.4237,67297.27,0.0,0.0,0
15m,1778313600.0,1.4237,1.4256,1.4231,1.4253,169082.11,0.0,0.0,0
15m,1778314500.0,1.4253,1.4256,1.4241,1.4244,32064.47,0.0,0.0,0
15m,1778315400.0,1.4244,1.4252,1.424,1.4247,105016.48,0.0,0.0,0
15m,1778316300.0,1.4247,1.4251,1.4241,1.4243,42071.28,0.0,0.0,0
15m,1778317200.0,1.4243,1.4256,1.4226,1.4234,164425.8,0.0,0.0,0
15m,1778318100.0,1.4234,1.4234,1.4198,1.4205,158337.38,0.0,0.0,0
15m,1778319000.0,1.4205,1.4221,1.4199,1.4211,43936.93,0.0,0.0,0
15m,1778319900.0,1.4211,1.4217,1.4184,1.4196,163894.32,0.0,0.0,0
15m,1778320800.0,1.4196,1.4196,1.4175,1.4194,68936.31,0.0,0.0,0
15m,1778321700.0,1.4194,1.4206,1.4192,1.4192,99150.81,0.0,0.0,0
15m,1778322600.0,1.4192,1.4228,1.4189,1.422,84724.15,0.0,0.0,0
15m,1778323500.0,1.422,1.4222,1.421,1.4212,31004.34,0.0,0.0,0
15m,1778324400.0,1.4212,1.4225,1.4205,1.4215,57380.62,0.0,0.0,0
15m,1778325300.0,1.4215,1.4227,1.4212,1.4227,64693.93,0.0,0.0,0
15m,1778326200.0,1.4227,1.4229,1.4221,1.4223,22248.02,0.0,0.0,0
15m,1778327100.0,1.4223,1.423,1.422,1.4221,29711.4,0.0,0.0,0
15m,1778328000.0,1.4221,1.4227,1.4202,1.4208,301037.64,0.0,0.0,0
15m,1778328900.0,1.4208,1.4225,1.4195,1.422,153153.18,0.0,0.0,0
15m,1778329800.0,1.422,1.422,1.4201,1.421,67017.16,0.0,0.0,0
15m,1778330700.0,1.421,1.4217,1.4204,1.4205,95294.65,0.0,0.0,0
15m,1778331600.0,1.4205,1.4206,1.4194,1.4203,82492.98,0.0,0.0,0
15m,1778332500.0,1.4203,1.4205,1.4169,1.418,82330.51,0.0,0.0,0
15m,1778333400.0,1.418,1.4189,1.4167,1.4187,70188.58,0.0,0.0,0
15m,1778334300.0,1.4187,1.4199,1.4183,1.4199,53718.63,0.0,0.0,0
15m,1778335200.0,1.4199,1.4212,1.4188,1.4201,73216.2,0.0,0.0,0
15m,1778336100.0,1.4201,1.4201,1.4156,1.417,126717.09,0.0,0.0,0
15m,1778337000.0,1.417,1.4178,1.4161,1.4173,67670.51,0.0,0.0,0
15m,1778337900.0,1.4173,1.4181,1.4151,1.4154,83177.65,0.0,0.0,0
15m,1778338800.0,1.4154,1.416,1.412,1.4125,109027.22,0.0,0.0,0
15m,1778339700.0,1.4125,1.4149,1.4125,1.4148,116494.19,0.0,0.0,0
15m,1778340600.0,1.4148,1.4161,1.4136,1.4136,99106.09,0.0,0.0,0
15m,1778341500.0,1.4136,1.4147,1.4134,1.4142,101409.88,0.0,0.0,0
15m,1778342400.0,1.4142,1.4167,1.4112,1.4167,312476.95,0.0,0.0,0
15m,1778343300.0,1.4167,1.4196,1.4167,1.4175,149462.38,0.0,0.0,0
15m,1778344200.0,1.4175,1.4185,1.4164,1.4165,73665.39,0.0,0.0,0
15m,1778345100.0,1.4165,1.4189,1.4154,1.4174,665926.13,0.0,0.0,0
15m,1778346000.0,1.4174,1.4214,1.4173,1.4196,101831.15,0.0,0.0,0
15m,1778346900.0,1.4196,1.4221,1.4196,1.422,115140.9,0.0,0.0,0
15m,1778347800.0,1.422,1.4246,1.4216,1.4216,182554.45,0.0,0.0,0
15m,1778348700.0,1.4216,1.4222,1.4202,1.421,92713.94,0.0,0.0,0
15m,1778349600.0,1.421,1.4226,1.421,1.4221,63341.44,0.0,0.0,0
15m,1778350500.0,1.4221,1.4249,1.4213,1.4242,122571.77,0.0,0.0,0
15m,1778351400.0,1.4242,1.4244,1.4223,1.4226,67048.74,0.0,0.0,0
15m,1778352300.0,1.4226,1.4226,1.4206,1.4222,128460.9,0.0,0.0,0
15m,1778353200.0,1.4222,1.4232,1.4216,1.4226,124622.53,0.0,0.0,0
15m,1778354100.0,1.4226,1.4227,1.4213,1.4226,21418.33,0.0,0.0,0
15m,1778355000.0,1.4226,1.4237,1.4223,1.4234,49476.36,0.0,0.0,0
15m,1778355900.0,1.4234,1.4241,1.4225,1.4238,26936.09,0.0,0.0,0
15m,1778356800.0,1.4238,1.424,1.4215,1.4224,49171.19,0.0,0.0,0
15m,1778357700.0,1.4224,1.4225,1.421,1.4214,62596.84,0.0,0.0,0
15m,1778358600.0,1.4214,1.422,1.4205,1.4217,17344.55,0.0,0.0,0
15m,1778359500.0,1.4217,1.4219,1.4209,1.4215,22347.82,0.0,0.0,0
15m,1778360400.0,1.4215,1.4238,1.4211,1.4227,120754.19,0.0,0.0,0
15m,1778361300.0,1.4227,1.4233,1.4213,1.4222,53348.14,0.0,0.0,0
15m,1778362200.0,1.4222,1.4225,1.4215,1.4215,28466.0,0.0,0.0,0
15m,1778363100.0,1.4215,1.4226,1.4212,1.4224,28977.73,0.0,0.0,0
15m,1778364000.0,1.4224,1.423,1.4212,1.4217,50914.99,0.0,0.0,0
15m,1778364900.0,1.4217,1.4233,1.4217,1.4231,29501.14,0.0,0.0,0
15m,1778365800.0,1.4231,1.4248,1.4217,1.4246,29553.99,0.0,0.0,0
15m,1778366700.0,1.4246,1.4251,1.4231,1.4232,28575.19,0.0,0.0,0
15m,1778367600.0,1.4232,1.4253,1.4217,1.4223,84255.14,0.0,0.0,0
15m,1778368500.0,1.4223,1.4226,1.4199,1.4204,40815.65,0.0,0.0,0
15m,1778369400.0,1.4204,1.4205,1.4187,1.4198,95616.77,0.0,0.0,0
15m,1778370300.0,1.4198,1.4209,1.4198,1.4203,27656.36,0.0,0.0,0
15m,1778371200.0,1.4203,1.4211,1.4185,1.421,51709.08,0.0,0.0,0
15m,1778372100.0,1.421,1.4226,1.4203,1.4213,51304.35,0.0,0.0,0
15m,1778373000.0,1.4213,1.4215,1.4192,1.4196,41468.17,0.0,0.0,0
15m,1778373900.0,1.4196,1.4196,1.4157,1.4167,129157.94,0.0,0.0,0
15m,1778374800.0,1.4167,1.4171,1.4144,1.4153,115225.55,0.0,0.0,0
15m,1778375700.0,1.4153,1.4163,1.4121,1.4124,82101.21,0.0,0.0,0
15m,1778376600.0,1.4124,1.4135,1.4118,1.413,65409.58,0.0,0.0,0
15m,1778377500.0,1.413,1.4152,1.4126,1.4148,43659.2,0.0,0.0,0
15m,1778378400.0,1.4148,1.4154,1.4132,1.4154,82203.7,0.0,0.0,0
15m,1778379300.0,1.4154,1.4229,1.4153,1.4219,283688.14,0.0,0.0,0
15m,1778380200.0,1.4219,1.4222,1.4165,1.4174,437499.9,0.0,0.0,0
15m,1778381100.0,1.4174,1.4186,1.4169,1.4174,103549.59,0.0,0.0,0
15m,1778382000.0,1.4174,1.4191,1.4158,1.4158,89359.06,0.0,0.0,0
15m,1778382900.0,1.4158,1.4201,1.4144,1.4167,889556.05,0.0,0.0,0
15m,1778383800.0,1.4167,1.4196,1.4156,1.4177,72564.37,0.0,0.0,0
15m,1778384700.0,1.4177,1.4184,1.4168,1.4168,56850.64,0.0,0.0,0
15m,1778385600.0,1.4168,1.4175,1.4153,1.4163,43896.16,0.0,0.0,0
15m,1778386500.0,1.4163,1.4169,1.4157,1.4167,47983.65,0.0,0.0,0
15m,1778387400.0,1.4167,1.4189,1.4167,1.4174,85865.95,0.0,0.0,0
15m,1778388300.0,1.4174,1.419,1.4165,1.4178,80548.21,0.0,0.0,0
15m,1778389200.0,1.4178,1.4178,1.4163,1.4171,60688.2,0.0,0.0,0
15m,1778390100.0,1.4171,1.42,1.4171,1.4186,51023.44,0.0,0.0,0
15m,1778391000.0,1.4186,1.4195,1.4181,1.4181,35572.14,0.0,0.0,0
15m,1778391900.0,1.4181,1.4187,1.4178,1.4178,49724.78,0.0,0.0,0
15m,1778392800.0,1.4178,1.4184,1.4163,1.4168,103910.17,0.0,0.0,0
15m,1778393700.0,1.4168,1.4171,1.4157,1.4158,31699.93,0.0,0.0,0
15m,1778394600.0,1.4158,1.4189,1.4158,1.4173,117689.29,0.0,0.0,0
15m,1778395500.0,1.4173,1.4184,1.4171,1.4183,36304.63,0.0,0.0,0
15m,1778396400.0,1.4183,1.4206,1.4172,1.4172,79854.35,0.0,0.0,0
15m,1778397300.0,1.4172,1.4208,1.4172,1.4198,31672.81,0.0,0.0,0
15m,1778398200.0,1.4198,1.4205,1.419,1.4205,51863.7,0.0,0.0,0
15m,1778399100.0,1.4205,1.4215,1.4196,1.42,46166.35,0.0,0.0,0
15m,1778400000.0,1.42,1.4242,1.4192,1.4224,85973.85,0.0,0.0,0
15m,1778400900.0,1.4224,1.4257,1.4211,1.4249,155480.52,0.0,0.0,0
15m,1778401800.0,1.4249,1.4263,1.4243,1.4245,52327.09,0.0,0.0,0
15m,1778402700.0,1.4245,1.4274,1.4245,1.4269,84277.57,0.0,0.0,0
15m,1778403600.0,1.4269,1.4287,1.4268,1.4275,130901.11,0.0,0.0,0
15m,1778404500.0,1.4275,1.4276,1.4256,1.4257,76424.82,0.0,0.0,0
15m,1778405400.0,1.4257,1.4269,1.4233,1.4263,256943.77,0.0,0.0,0
15m,1778406300.0,1.4263,1.4284,1.4263,1.4282,69823.87,0.0,0.0,0
15m,1778407200.0,1.4282,1.4299,1.4248,1.4296,172559.06,0.0,0.0,0
15m,1778408100.0,1.4296,1.4307,1.4261,1.4275,532478.92,0.0,0.0,0
15m,1778409000.0,1.4275,1.4275,1.4242,1.425,96645.05,0.0,0.0,0
15m,1778409900.0,1.425,1.428,1.425,1.4272,89141.75,0.0,0.0,0
15m,1778410800.0,1.4272,1.4274,1.4237,1.4238,92520.1,0.0,0.0,0
15m,1778411700.0,1.4238,1.4252,1.4184,1.4221,595217.5,0.0,0.0,0
15m,1778412600.0,1.4221,1.4234,1.422,1.4221,54707.84,0.0,0.0,0
15m,1778413500.0,1.4221,1.4237,1.4218,1.4231,48312.73,0.0,0.0,0
15m,1778414400.0,1.4231,1.4241,1.4216,1.4225,45124.94,0.0,0.0,0
15m,1778415300.0,1.4225,1.424,1.422,1.4233,44743.49,0.0,0.0,0
15m,1778416200.0,1.4233,1.4234,1.421,1.4227,67431.75,0.0,0.0,0
15m,1778417100.0,1.4227,1.424,1.4225,1.424,57324.89,0.0,0.0,0
15m,1778418000.0,1.424,1.4276,1.4232,1.4271,180088.23,0.0,0.0,0
15m,1778418900.0,1.4271,1.4329,1.4269,1.4323,274477.06,0.0,0.0,0
15m,1778419800.0,1.4323,1.4339,1.4307,1.4316,268554.92,0.0,0.0,0
15m,1778420700.0,1.4316,1.4324,1.4303,1.4324,234496.02,0.0,0.0,0
15m,1778421600.0,1.4324,1.4336,1.431,1.4321,121216.4,0.0,0.0,0
15m,1778422500.0,1.4321,1.4322,1.4292,1.4308,84204.06,0.0,0.0,0
15m,1778423400.0,1.4308,1.4371,1.4308,1.4353,455912.7,0.0,0.0,0
15m,1778424300.0,1.4353,1.4364,1.4319,1.435,165436.03,0.0,0.0,0
15m,1778425200.0,1.435,1.4361,1.4336,1.4357,103371.88,0.0,0.0,0
15m,1778426100.0,1.4357,1.4366,1.4344,1.4361,66212.31,0.0,0.0,0
15m,1778427000.0,1.4361,1.4437,1.4359,1.4428,391843.38,0.0,0.0,0
15m,1778427900.0,1.4428,1.445,1.4415,1.4442,285290.18,0.0,0.0,0
15m,1778428800.0,1.4442,1.4549,1.4427,1.4513,672795.44,0.0,0.0,0
15m,1778429700.0,1.4513,1.4727,1.4479,1.4689,2292353.21,0.0,0.0,0
15m,1778430600.0,1.4689,1.4788,1.4686,1.4732,1868039.78,0.0,0.0,0
15m,1778431500.0,1.4732,1.4755,1.4693,1.4721,1310765.88,0.0,0.0,0
15m,1778432400.0,1.4721,1.4856,1.472,1.4854,942780.27,0.0,0.0,0
15m,1778433300.0,1.4854,1.4979,1.4823,1.4972,931094.76,0.0,0.0,0
15m,1778434200.0,1.4972,1.4978,1.4878,1.4967,971900.9,0.0,0.0,0
15m,1778435100.0,1.4967,1.5079,1.4911,1.5044,884308.45,0.0,0.0,0
15m,1778436000.0,1.5044,1.5062,1.5002,1.5011,515395.58,0.0,0.0,0
15m,1778436900.0,1.5011,1.5044,1.4955,1.4999,723727.47,0.0,0.0,0
15m,1778437800.0,1.4999,1.5004,1.485,1.4864,1792566.5,0.0,0.0,0
15m,1778438700.0,1.4864,1.4893,1.4853,1.4863,603509.18,0.0,0.0,0
15m,1778439600.0,1.4863,1.4863,1.475,1.4799,939237.24,0.0,0.0,0
15m,1778440500.0,1.4799,1.4891,1.4797,1.4885,362253.1,0.0,0.0,0
15m,1778441400.0,1.4885,1.4912,1.486,1.4889,721732.01,0.0,0.0,0
15m,1778442300.0,1.4889,1.4899,1.4813,1.4867,724167.82,0.0,0.0,0
15m,1778443200.0,1.4867,1.4896,1.4783,1.4789,360324.89,0.0,0.0,0
15m,1778444100.0,1.4789,1.4796,1.4719,1.4755,442141.43,0.0,0.0,0
15m,1778445000.0,1.4755,1.4755,1.4618,1.4625,677795.54,0.0,0.0,0
15m,1778445900.0,1.4625,1.4627,1.4372,1.4501,2154972.69,0.0,0.0,0
15m,1778446800.0,1.4501,1.4561,1.4442,1.4476,589575.08,0.0,0.0,0
15m,1778447700.0,1.4476,1.4579,1.4472,1.4579,294968.12,0.0,0.0,0
15m,1778448600.0,1.4579,1.4638,1.4556,1.4608,348464.7,0.0,0.0,0
15m,1778449500.0,1.4608,1.4639,1.4549,1.455,387303.12,0.0,0.0,0
15m,1778450400.0,1.455,1.4661,1.453,1.4629,440555.49,0.0,0.0,0
15m,1778451300.0,1.4629,1.4704,1.4606,1.4673,294951.98,0.0,0.0,0
15m,1778452200.0,1.4673,1.4733,1.4641,1.4698,300180.17,0.0,0.0,0
15m,1778453100.0,1.4698,1.4749,1.4697,1.4736,575398.36,0.0,0.0,0
15m,1778454000.0,1.4736,1.4764,1.472,1.4739,310047.22,0.0,0.0,0
15m,1778454900.0,1.4739,1.4748,1.4695,1.4725,304476.64,0.0,0.0,0
15m,1778455800.0,1.4725,1.4769,1.4721,1.4763,400505.54,0.0,0.0,0
15m,1778456700.0,1.4763,1.477,1.4716,1.4734,163440.43,0.0,0.0,0
15m,1778457600.0,1.4734,1.4779,1.4693,1.4697,358351.96,0.0,0.0,0
15m,1778458500.0,1.4697,1.4701,1.4601,1.4608,473818.02,0.0,0.0,0
15m,1778459400.0,1.4608,1.4686,1.4577,1.459,225364.32,0.0,0.0,0
15m,1778460300.0,1.459,1.4613,1.4523,1.458,232640.89,0.0,0.0,0
15m,1778461200.0,1.458,1.4636,1.4522,1.4608,274298.01,0.0,0.0,0
15m,1778462100.0,1.4608,1.4686,1.4592,1.4653,188118.18,0.0,0.0,0
15m,1778463000.0,1.4653,1.4658,1.4608,1.4628,224855.65,0.0,0.0,0
15m,1778463900.0,1.4628,1.463,1.4581,1.4608,115440.23,0.0,0.0,0
15m,1778464800.0,1.4608,1.4624,1.4543,1.4556,98991.52,0.0,0.0,0
15m,1778465700.0,1.4556,1.4556,1.4511,1.4545,229357.69,0.0,0.0,0
15m,1778466600.0,1.4545,1.4556,1.4495,1.4528,261657.06,0.0,0.0,0
15m,1778467500.0,1.4528,1.4559,1.4525,1.4538,66566.68,0.0,0.0,0
15m,1778468400.0,1.4538,1.4542,1.4426,1.4426,405607.02,0.0,0.0,0
15m,1778469300.0,1.4426,1.4469,1.4423,1.4435,571656.32,0.0,0.0,0
15m,1778470200.0,1.4435,1.4465,1.4399,1.4465,224037.72,0.0,0.0,0
15m,1778471100.0,1.4465,1.4492,1.4461,1.4487,86923.09,0.0,0.0,0
15m,1778472000.0,1.4487,1.4488,1.4452,1.4467,143430.98,0.0,0.0,0
15m,1778472900.0,1.4467,1.4517,1.4467,1.4511,171986.32,0.0,0.0,0
15m,1778473800.0,1.4511,1.4565,1.4484,1.4512,441951.2,0.0,0.0,0
15m,1778474700.0,1.4512,1.4516,1.4476,1.4481,184174.47,0.0,0.0,0
15m,1778475600.0,1.4481,1.4517,1.4479,1.451,174120.28,0.0,0.0,0
15m,1778476500.0,1.451,1.4542,1.4508,1.4536,202202.35,0.0,0.0,0
15m,1778477400.0,1.4536,1.4563,1.4534,1.4541,275047.77,0.0,0.0,0
15m,1778478300.0,1.4541,1.4559,1.4528,1.4551,119438.15,0.0,0.0,0
15m,1778479200.0,1.4551,1.4589,1.454,1.4578,126657.31,0.0,0.0,0
15m,1778480100.0,1.4578,1.4581,1.455,1.4573,218696.19,0.0,0.0,0
15m,1778481000.0,1.4573,1.4584,1.4523,1.4532,98272.32,0.0,0.0,0
15m,1778481900.0,1.4532,1.4543,1.4506,1.4534,175585.36,0.0,0.0,0
15m,1778482800.0,1.4534,1.4536,1.4486,1.449,477712.62,0.0,0.0,0
15m,1778483700.0,1.449,1.4498,1.4418,1.4432,2211250.1,0.0,0.0,0
15m,1778484600.0,1.4432,1.4497,1.441,1.4476,1186304.56,0.0,0.0,0
15m,1778485500.0,1.4476,1.4498,1.4475,1.4494,118376.15,0.0,0.0,0
15m,1778486400.0,1.4494,1.4526,1.4451,1.4482,1033442.79,0.0,0.0,0
15m,1778487300.0,1.4482,1.4492,1.4428,1.4428,77708.12,0.0,0.0,0
15m,1778488200.0,1.4428,1.4477,1.4418,1.4471,163406.77,0.0,0.0,0
15m,1778489100.0,1.4471,1.4487,1.4451,1.4458,62512.36,0.0,0.0,0
15m,1778490000.0,1.4458,1.4515,1.4456,1.4507,149339.89,0.0,0.0,0
15m,1778490900.0,1.4507,1.4516,1.4495,1.4516,111772.68,0.0,0.0,0
15m,1778491800.0,1.4516,1.4528,1.4503,1.4524,161347.46,0.0,0.0,0
15m,1778492700.0,1.4524,1.4542,1.4512,1.4513,141245.84,0.0,0.0,0
15m,1778493600.0,1.4513,1.4522,1.4493,1.4509,263432.6,0.0,0.0,0
15m,1778494500.0,1.4509,1.4544,1.4508,1.4524,223284.48,0.0,0.0,0
15m,1778495400.0,1.4524,1.4535,1.4501,1.4521,627762.92,0.0,0.0,0
15m,1778496300.0,1.4521,1.4538,1.4498,1.4508,202592.77,0.0,0.0,0
15m,1778497200.0,1.4508,1.4518,1.4475,1.4491,142884.76,0.0,0.0,0
15m,1778498100.0,1.4491,1.4542,1.449,1.4538,170953.63,0.0,0.0,0
15m,1778499000.0,1.4538,1.4572,1.4538,1.4553,138906.06,0.0,0.0,0
15m,1778499900.0,1.4553,1.4577,1.454,1.4577,228576.34,0.0,0.0,0
15m,1778500800.0,1.4577,1.4602,1.4541,1.4571,884792.54,0.0,0.0,0
15m,1778501700.0,1.4571,1.4623,1.4565,1.4614,380365.76,0.0,0.0,0
15m,1778502600.0,1.4614,1.4636,1.4613,1.4624,642986.97,0.0,0.0,0
15m,1778503500.0,1.4624,1.4634,1.4571,1.4581,401271.58,0.0,0.0,0
15m,1778504400.0,1.4581,1.4642,1.4576,1.4622,399725.09,0.0,0.0,0
15m,1778505300.0,1.4622,1.465,1.4606,1.4621,373154.58,0.0,0.0,0
15m,1778506200.0,1.4621,1.4633,1.4525,1.4615,471410.96,0.0,0.0,0
15m,1778507100.0,1.4615,1.4629,1.4567,1.4598,117429.8,0.0,0.0,0
15m,1778508000.0,1.4598,1.4704,1.4598,1.4697,377151.44,0.0,0.0,0
15m,1778508900.0,1.4697,1.4705,1.4586,1.4591,303889.63,0.0,0.0,0
15m,1778509800.0,1.4591,1.4669,1.453,1.4643,1398705.93,0.0,0.0,0
15m,1778510700.0,1.4643,1.4726,1.4607,1.4716,760264.81,0.0,0.0,0
15m,1778511600.0,1.4716,1.4742,1.467,1.4734,377714.48,0.0,0.0,0
15m,1778512500.0,1.4734,1.4878,1.473,1.4866,946029.85,0.0,0.0,0
15m,1778513400.0,1.4866,1.4885,1.48,1.484,537161.14,0.0,0.0,0
15m,1778514300.0,1.484,1.4882,1.4821,1.4849,708274.51,0.0,0.0,0
15m,1778515200.0,1.4849,1.4875,1.4787,1.4855,369665.93,0.0,0.0,0
15m,1778516100.0,1.4855,1.4863,1.4787,1.4795,329454.05,0.0,0.0,0
15m,1778517000.0,1.4795,1.4816,1.4718,1.4733,531782.45,0.0,0.0,0
15m,1778517900.0,1.4733,1.4777,1.4733,1.4742,295813.6,0.0,0.0,0
15m,1778518800.0,1.4742,1.4751,1.4665,1.4698,471127.18,0.0,0.0,0
15m,1778519700.0,1.4698,1.4732,1.4697,1.4722,159383.17,0.0,0.0,0
15m,1778520600.0,1.4722,1.4789,1.4697,1.478,517562.11,0.0,0.0,0
15m,1778521500.0,1.478,1.4811,1.477,1.4802,162705.64,0.0,0.0,0
15m,1778522400.0,1.4802,1.4814,1.4773,1.4778,262027.82,0.0,0.0,0
15m,1778523300.0,1.4778,1.4793,1.4736,1.478,152968.87,0.0,0.0,0
15m,1778524200.0,1.478,1.4789,1.4738,1.4741,66949.7,0.0,0.0,0
15m,1778525100.0,1.4741,1.4756,1.4705,1.4706,125341.03,0.0,0.0,0
15m,1778526000.0,1.4706,1.4747,1.4673,1.4747,133820.45,0.0,0.0,0
15m,1778526900.0,1.4747,1.4774,1.4725,1.4739,172586.09,0.0,0.0,0
15m,1778527800.0,1.4739,1.4808,1.4737,1.4806,348446.27,0.0,0.0,0
15m,1778528700.0,1.4806,1.4808,1.4769,1.4796,559536.73,0.0,0.0,0
15m,1778529600.0,1.4796,1.4828,1.4752,1.4759,423199.06,0.0,0.0,0
15m,1778530500.0,1.4759,1.4771,1.4728,1.4734,130768.42,0.0,0.0,0
15m,1778531400.0,1.4734,1.4762,1.4729,1.4746,66845.46,0.0,0.0,0
15m,1778532300.0,1.4746,1.4775,1.4725,1.4732,118244.19,0.0,0.0,0
15m,1778533200.0,1.4732,1.475,1.471,1.4724,109507.43,0.0,0.0,0
15m,1778534100.0,1.4724,1.473,1.4695,1.4698,76562.27,0.0,0.0,0
15m,1778535000.0,1.4698,1.4732,1.4694,1.472,105342.13,0.0,0.0,0
15m,1778535900.0,1.472,1.4723,1.4696,1.4699,58051.3,0.0,0.0,0
15m,1778536800.0,1.4699,1.4738,1.4685,1.4717,103231.82,0.0,0.0,0
15m,1778537700.0,1.4717,1.4734,1.4689,1.4697,119819.65,0.0,0.0,0
15m,1778538600.0,1.4697,1.4723,1.4696,1.4723,121332.41,0.0,0.0,0
15m,1778539500.0,1.4723,1.4772,1.4715,1.4752,59389.1,0.0,0.0,0
15m,1778540400.0,1.4752,1.4752,1.4729,1.4744,97597.49,0.0,0.0,0
15m,1778541300.0,1.4744,1.4746,1.4711,1.4733,165086.45,0.0,0.0,0
15m,1778542200.0,1.4733,1.48,1.4728,1.4794,115470.57,0.0,0.0,0
15m,1778543100.0,1.4794,1.4803,1.4762,1.4774,106845.95,0.0,0.0,0
15m,1778544000.0,1.4774,1.4801,1.4758,1.4784,57046.09,0.0,0.0,0
15m,1778544900.0,1.4784,1.4803,1.4768,1.4795,116441.55,0.0,0.0,0
15m,1778545800.0,1.4795,1.4853,1.4788,1.4794,515505.7,0.0,0.0,0
15m,1778546700.0,1.4794,1.4835,1.4794,1.4798,83148.69,0.0,0.0,0
15m,1778547600.0,1.4798,1.4819,1.4752,1.4769,188592.77,0.0,0.0,0
15m,1778548500.0,1.4769,1.477,1.47,1.4739,154406.48,0.0,0.0,0
15m,1778549400.0,1.4739,1.4739,1.4565,1.4639,636626.32,0.0,0.0,0
15m,1778550300.0,1.4639,1.4695,1.462,1.467,185628.69,0.0,0.0,0
15m,1778551200.0,1.467,1.4708,1.4658,1.4699,126631.79,0.0,0.0,0
15m,1778552100.0,1.4699,1.4702,1.4634,1.4673,85905.69,0.0,0.0,0
15m,1778553000.0,1.4673,1.4676,1.4606,1.4606,228974.55,0.0,0.0,0
15m,1778553900.0,1.4606,1.4667,1.4606,1.4646,150374.18,0.0,0.0,0
15m,1778554800.0,1.4646,1.4655,1.4617,1.4627,126212.53,0.0,0.0,0
15m,1778555700.0,1.4627,1.4637,1.4592,1.4607,69700.62,0.0,0.0,0
15m,1778556600.0,1.4607,1.4637,1.4605,1.4634,30854.44,0.0,0.0,0
15m,1778557500.0,1.4634,1.4634,1.4586,1.4599,134170.03,0.0,0.0,0
15m,1778558400.0,1.4599,1.4608,1.4573,1.4579,149454.66,0.0,0.0,0
15m,1778559300.0,1.4579,1.4643,1.4575,1.4636,95805.42,0.0,0.0,0
15m,1778560200.0,1.4636,1.4656,1.4628,1.4644,44269.22,0.0,0.0,0
15m,1778561100.0,1.4644,1.4665,1.4629,1.4629,60099.77,0.0,0.0,0
15m,1778562000.0,1.4629,1.4645,1.4597,1.4609,118147.7,0.0,0.0,0
15m,1778562900.0,1.4609,1.4645,1.4597,1.4642,124266.12,0.0,0.0,0
15m,1778563800.0,1.4642,1.469,1.463,1.4643,436500.42,0.0,0.0,0
15m,1778564700.0,1.4643,1.4652,1.4616,1.4621,159821.97,0.0,0.0,0
15m,1778565600.0,1.4621,1.4635,1.4613,1.4631,64463.58,0.0,0.0,0
15m,1778566500.0,1.4631,1.4671,1.4629,1.4637,102143.05,0.0,0.0,0
15m,1778567400.0,1.4637,1.4644,1.46,1.4603,364757.52,0.0,0.0,0
15m,1778568300.0,1.4603,1.461,1.4557,1.4584,441182.81,0.0,0.0,0
15m,1778569200.0,1.4584,1.4618,1.4543,1.4605,173978.85,0.0,0.0,0
15m,1778570100.0,1.4605,1.4641,1.4577,1.4626,93481.82,0.0,0.0,0
15m,1778571000.0,1.4626,1.4653,1.4619,1.4623,52996.2,0.0,0.0,0
15m,1778571900.0,1.4623,1.4649,1.4596,1.463,196903.61,0.0,0.0,0
15m,1778572800.0,1.463,1.4659,1.461,1.4615,128090.27,0.0,0.0,0
15m,1778573700.0,1.4615,1.4696,1.4597,1.4695,220325.98,0.0,0.0,0
15m,1778574600.0,1.4695,1.4711,1.4663,1.4688,478708.55,0.0,0.0,0
15m,1778575500.0,1.4688,1.47,1.4651,1.4653,125237.64,0.0,0.0,0
15m,1778576400.0,1.4653,1.4653,1.4576,1.4576,226422.08,0.0,0.0,0
15m,1778577300.0,1.4576,1.4581,1.4543,1.4555,104404.22,0.0,0.0,0
15m,1778578200.0,1.4555,1.4591,1.4555,1.4559,708481.26,0.0,0.0,0
15m,1778579100.0,1.4559,1.457,1.4547,1.4556,396476.83,0.0,0.0,0
15m,1778580000.0,1.4556,1.4582,1.4512,1.4564,945480.9,0.0,0.0,0
15m,1778580900.0,1.4564,1.4568,1.4542,1.4545,126707.29,0.0,0.0,0
15m,1778581800.0,1.4545,1.4554,1.4486,1.4496,168464.89,0.0,0.0,0
15m,1778582700.0,1.4496,1.4499,1.4473,1.4496,121611.15,0.0,0.0,0
15m,1778583600.0,1.4496,1.452,1.447,1.4479,308983.26,0.0,0.0,0
15m,1778584500.0,1.4479,1.448,1.4438,1.4464,177505.5,0.0,0.0,0
15m,1778585400.0,1.4464,1.4486,1.446,1.4484,114191.53,0.0,0.0,0
15m,1778586300.0,1.4484,1.4494,1.4475,1.4488,221061.01,0.0,0.0,0
15m,1778587200.0,1.4488,1.4516,1.4471,1.4512,157113.57,0.0,0.0,0
15m,1778588100.0,1.4512,1.4528,1.4503,1.4523,332045.62,0.0,0.0,0
15m,1778589000.0,1.4523,1.4557,1.4464,1.4507,642538.47,0.0,0.0,0
15m,1778589900.0,1.4507,1.4529,1.45,1.4507,131493.36,0.0,0.0,0
15m,1778590800.0,1.4507,1.4526,1.4502,1.4505,128076.02,0.0,0.0,0
15m,1778591700.0,1.4505,1.4506,1.4473,1.4487,135505.0,0.0,0.0,0
15m,1778592600.0,1.4487,1.4505,1.4434,1.4487,292734.93,0.0,0.0,0
15m,1778593500.0,1.4487,1.4503,1.4331,1.4346,1248035.29,0.0,0.0,0
15m,1778594400.0,1.4346,1.4404,1.4334,1.4394,471931.56,0.0,0.0,0
15m,1778595300.0,1.4394,1.4408,1.4316,1.4331,398398.14,0.0,0.0,0
15m,1778596200.0,1.4331,1.4368,1.4272,1.4348,621909.86,0.0,0.0,0
15m,1778597100.0,1.4348,1.4348,1.4249,1.4282,329685.02,0.0,0.0,0
15m,1778598000.0,1.4282,1.4312,1.4251,1.4299,196140.13,0.0,0.0,0
15m,1778598900.0,1.4299,1.4299,1.4186,1.4205,682278.23,0.0,0.0,0
15m,1778599800.0,1.4205,1.4253,1.4203,1.4246,318768.67,0.0,0.0,0
15m,1778600700.0,1.4246,1.4269,1.4223,1.4239,201962.89,0.0,0.0,0
15m,1778601600.0,1.4239,1.4276,1.4217,1.4265,178948.18,0.0,0.0,0
15m,1778602500.0,1.4265,1.429,1.4246,1.4281,152916.61,0.0,0.0,0
15m,1778603400.0,1.4281,1.4291,1.4249,1.4267,186776.87,0.0,0.0,0
15m,1778604300.0,1.4267,1.4274,1.42,1.4223,412427.31,0.0,0.0,0
15m,1778605200.0,1.4223,1.4297,1.4223,1.4297,213090.54,0.0,0.0,0
15m,1778606100.0,1.4297,1.4341,1.4297,1.4316,313027.76,0.0,0.0,0
15m,1778607000.0,1.4316,1.4341,1.4312,1.4339,110072.61,0.0,0.0,0
15m,1778607900.0,1.4339,1.4351,1.433,1.434,174184.93,0.0,0.0,0
15m,1778608800.0,1.434,1.435,1.4317,1.4332,162711.62,0.0,0.0,0
15m,1778609700.0,1.4332,1.4344,1.4325,1.4335,97168.22,0.0,0.0,0
15m,1778610600.0,1.4335,1.4358,1.4334,1.4357,126861.13,0.0,0.0,0
15m,1778611500.0,1.4357,1.438,1.4349,1.4362,146172.2,0.0,0.0,0
15m,1778612400.0,1.4362,1.4422,1.4362,1.4404,308027.76,0.0,0.0,0
15m,1778613300.0,1.4404,1.441,1.4384,1.4384,173182.92,0.0,0.0,0
15m,1778614200.0,1.4384,1.442,1.4384,1.4415,165823.55,0.0,0.0,0
15m,1778615100.0,1.4415,1.4428,1.4394,1.4409,430973.37,0.0,0.0,0
15m,1778616000.0,1.4409,1.4428,1.4399,1.4408,230860.09,0.0,0.0,0
15m,1778616900.0,1.4408,1.4426,1.44,1.4421,98294.45,0.0,0.0,0
15m,1778617800.0,1.4421,1.4428,1.4386,1.44,280973.19,0.0,0.0,0
15m,1778618700.0,1.44,1.4415,1.4388,1.4408,302518.05,0.0,0.0,0
15m,1778619600.0,1.4408,1.4413,1.4385,1.4389,382550.21,0.0,0.0,0
15m,1778620500.0,1.4389,1.4412,1.4379,1.4404,449206.41,0.0,0.0,0
15m,1778621400.0,1.4404,1.441,1.4385,1.4394,222523.99,0.0,0.0,0
15m,1778622300.0,1.4394,1.4409,1.4386,1.4407,130062.99,0.0,0.0,0
15m,1778623200.0,1.4407,1.444,1.4407,1.4418,199113.4,0.0,0.0,0
15m,1778624100.0,1.4418,1.4434,1.4412,1.4416,105157.73,0.0,0.0,0
15m,1778625000.0,1.4416,1.4432,1.4405,1.4421,103651.24,0.0,0.0,0
15m,1778625900.0,1.4421,1.4423,1.4397,1.4398,145810.36,0.0,0.0,0
15m,1778626800.0,1.4398,1.4408,1.4372,1.4381,136453.44,0.0,0.0,0
15m,1778627700.0,1.4381,1.4395,1.4374,1.4395,69782.82,0.0,0.0,0
15m,1778628600.0,1.4395,1.4395,1.434,1.4357,294113.68,0.0,0.0,0
15m,1778629500.0,1.4357,1.4373,1.4349,1.437,70534.84,0.0,0.0,0
15m,1778630400.0,1.437,1.4386,1.4349,1.4349,222033.93,0.0,0.0,0
15m,1778631300.0,1.4349,1.4394,1.4349,1.4375,224329.03,0.0,0.0,0
15m,1778632200.0,1.4375,1.4401,1.4374,1.4385,247046.66,0.0,0.0,0
15m,1778633100.0,1.4385,1.44,1.436,1.4393,342588.22,0.0,0.0,0
15m,1778634000.0,1.4393,1.4479,1.439,1.4473,205381.88,0.0,0.0,0
15m,1778634900.0,1.4473,1.4503,1.4461,1.4489,124898.19,0.0,0.0,0
15m,1778635800.0,1.4489,1.4516,1.4489,1.4504,156963.5,0.0,0.0,0
15m,1778636700.0,1.4504,1.4513,1.4484,1.4487,121191.84,0.0,0.0,0
15m,1778637600.0,1.4487,1.4505,1.447,1.4497,70807.05,0.0,0.0,0
15m,1778638500.0,1.4497,1.4533,1.448,1.4496,144938.25,0.0,0.0,0
15m,1778639400.0,1.4496,1.4502,1.4471,1.4482,290752.67,0.0,0.0,0
15m,1778640300.0,1.4482,1.4485,1.4472,1.4481,104586.78,0.0,0.0,0
15m,1778641200.0,1.4481,1.4497,1.4471,1.4476,132299.95,0.0,0.0,0
15m,1778642100.0,1.4476,1.4502,1.4475,1.4498,74199.5,0.0,0.0,0
15m,1778643000.0,1.4498,1.4526,1.4493,1.4518,68540.24,0.0,0.0,0
15m,1778643900.0,1.4518,1.4529,1.4515,1.452,38644.46,0.0,0.0,0
15m,1778644800.0,1.452,1.4547,1.4511,1.4517,76377.08,0.0,0.0,0
15m,1778645700.0,1.4517,1.4526,1.45,1.4511,199789.65,0.0,0.0,0
15m,1778646600.0,1.4511,1.46,1.4511,1.4583,358273.76,0.0,0.0,0
15m,1778647500.0,1.4583,1.4635,1.458,1.4623,204637.09,0.0,0.0,0
15m,1778648400.0,1.4623,1.4648,1.4595,1.4596,510817.17,0.0,0.0,0
15m,1778649300.0,1.4596,1.4597,1.4572,1.4581,262696.73,0.0,0.0,0
15m,1778650200.0,1.4581,1.4584,1.4543,1.4559,143701.66,0.0,0.0,0
15m,1778651100.0,1.4559,1.4574,1.4544,1.4544,75524.78,0.0,0.0,0
15m,1778652000.0,1.4544,1.4604,1.4527,1.4603,814143.86,0.0,0.0,0
15m,1778652900.0,1.4603,1.4609,1.4548,1.4565,310579.83,0.0,0.0,0
15m,1778653800.0,1.4565,1.4567,1.4548,1.4559,166590.43,0.0,0.0,0
15m,1778654700.0,1.4559,1.4559,1.4537,1.4545,81135.71,0.0,0.0,0
15m,1778655600.0,1.4545,1.4593,1.4542,1.459,84775.66,0.0,0.0,0
15m,1778656500.0,1.459,1.461,1.457,1.4601,124307.97,0.0,0.0,0
15m,1778657400.0,1.4601,1.4644,1.4591,1.4613,174407.89,0.0,0.0,0
15m,1778658300.0,1.4613,1.4632,1.4596,1.4622,110632.32,0.0,0.0,0
15m,1778659200.0,1.4622,1.4636,1.46,1.4616,159560.31,0.0,0.0,0
15m,1778660100.0,1.4616,1.4634,1.4608,1.461,148501.37,0.0,0.0,0
15m,1778661000.0,1.461,1.4657,1.4587,1.465,155302.68,0.0,0.0,0
15m,1778661900.0,1.465,1.4652,1.4626,1.4631,515977.83,0.0,0.0,0
15m,1778662800.0,1.4631,1.4646,1.4625,1.4637,175370.69,0.0,0.0,0
15m,1778663700.0,1.4637,1.4654,1.4635,1.4637,116762.1,0.0,0.0,0
15m,1778664600.0,1.4637,1.4661,1.4636,1.4659,73687.37,0.0,0.0,0
15m,1778665500.0,1.4659,1.4695,1.4656,1.4687,177103.1,0.0,0.0,0
15m,1778666400.0,1.4687,1.4695,1.4614,1.4618,96478.83,0.0,0.0,0
15m,1778667300.0,1.4618,1.462,1.457,1.4581,123929.3,0.0,0.0,0
15m,1778668200.0,1.4581,1.4592,1.4567,1.4571,123647.79,0.0,0.0,0
15m,1778669100.0,1.4571,1.4586,1.4566,1.4583,96491.07,0.0,0.0,0
15m,1778670000.0,1.4583,1.4599,1.4495,1.4505,1384078.05,0.0,0.0,0
15m,1778670900.0,1.4505,1.4531,1.4501,1.4506,203098.76,0.0,0.0,0
15m,1778671800.0,1.4506,1.4535,1.4503,1.4518,144913.65,0.0,0.0,0
15m,1778672700.0,1.4518,1.4524,1.4474,1.4487,225500.74,0.0,0.0,0
15m,1778673600.0,1.4487,1.4499,1.4468,1.448,139272.6,0.0,0.0,0
15m,1778674500.0,1.448,1.4485,1.4392,1.4439,391687.69,0.0,0.0,0
15m,1778675400.0,1.4439,1.4439,1.4259,1.4318,1836321.16,0.0,0.0,0
15m,1778676300.0,1.4318,1.4354,1.4313,1.4336,250659.71,0.0,0.0,0
15m,1778677200.0,1.4336,1.4386,1.4336,1.4374,209629.02,0.0,0.0,0
15m,1778678100.0,1.4374,1.4392,1.4353,1.4359,178004.98,0.0,0.0,0
15m,1778679000.0,1.4359,1.4363,1.4285,1.4298,472631.18,0.0,0.0,0
15m,1778679900.0,1.4298,1.43,1.4222,1.4272,586210.18,0.0,0.0,0
15m,1778680800.0,1.4272,1.4295,1.4215,1.4283,369315.84,0.0,0.0,0
15m,1778681700.0,1.4283,1.431,1.4266,1.4298,275116.25,0.0,0.0,0
15m,1778682600.0,1.4298,1.4305,1.4263,1.4267,291571.59,0.0,0.0,0
15m,1778683500.0,1.4267,1.4294,1.4262,1.4288,128840.24,0.0,0.0,0
15m,1778684400.0,1.4288,1.4321,1.4216,1.4219,427477.59,0.0,0.0,0
15m,1778685300.0,1.4219,1.424,1.4178,1.4205,822922.44,0.0,0.0,0
15m,1778686200.0,1.4205,1.4234,1.4186,1.4217,276338.7,0.0,0.0,0
15m,1778687100.0,1.4217,1.4229,1.4115,1.4133,1084625.54,0.0,0.0,0
15m,1778688000.0,1.4133,1.4193,1.4121,1.4161,813220.93,0.0,0.0,0
15m,1778688900.0,1.4161,1.4205,1.4157,1.4198,392363.16,0.0,0.0,0
15m,1778689800.0,1.4198,1.423,1.4196,1.4225,464002.62,0.0,0.0,0
15m,1778690700.0,1.4225,1.4246,1.4223,1.4232,260882.6,0.0,0.0,0
15m,1778691600.0,1.4232,1.4294,1.4232,1.429,301776.12,0.0,0.0,0
15m,1778692500.0,1.429,1.4305,1.4278,1.4291,220741.45,0.0,0.0,0
15m,1778693400.0,1.4291,1.4297,1.427,1.4285,173752.34,0.0,0.0,0
15m,1778694300.0,1.4285,1.4306,1.4278,1.4293,245813.85,0.0,0.0,0
15m,1778695200.0,1.4293,1.4317,1.4293,1.431,310191.11,0.0,0.0,0
15m,1778696100.0,1.431,1.4339,1.429,1.4321,344373.04,0.0,0.0,0
15m,1778697000.0,1.4321,1.4325,1.4292,1.4295,283728.52,0.0,0.0,0
15m,1778697900.0,1.4295,1.4295,1.4265,1.4265,95941.48,0.0,0.0,0
15m,1778698800.0,1.4265,1.4269,1.4221,1.4221,377840.72,0.0,0.0,0
15m,1778699700.0,1.4221,1.4224,1.4186,1.4196,459963.31,0.0,0.0,0
15m,1778700600.0,1.4196,1.4226,1.4193,1.4194,213486.16,0.0,0.0,0
15m,1778701500.0,1.4194,1.4202,1.4169,1.4189,453022.54,0.0,0.0,0
15m,1778702400.0,1.4189,1.4233,1.4189,1.4214,295086.86,0.0,0.0,0
15m,1778703300.0,1.4214,1.4246,1.4214,1.4231,146221.48,0.0,0.0,0
15m,1778704200.0,1.4231,1.4262,1.4231,1.4247,158455.71,0.0,0.0,0
15m,1778705100.0,1.4247,1.4258,1.4245,1.4254,153491.81,0.0,0.0,0
15m,1778706000.0,1.4254,1.4258,1.4185,1.4217,182322.54,0.0,0.0,0
15m,1778706900.0,1.4217,1.4219,1.4194,1.42,63747.19,0.0,0.0,0
15m,1778707800.0,1.42,1.4205,1.4176,1.4187,163868.59,0.0,0.0,0
15m,1778708700.0,1.4187,1.4211,1.4174,1.4186,61618.89,0.0,0.0,0
15m,1778709600.0,1.4186,1.4206,1.4157,1.4206,110260.11,0.0,0.0,0
15m,1778710500.0,1.4206,1.4222,1.4184,1.422,79401.1,0.0,0.0,0
15m,1778711400.0,1.422,1.4242,1.4213,1.4224,255283.96,0.0,0.0,0
15m,1778712300.0,1.4224,1.424,1.4224,1.4232,92234.95,0.0,0.0,0
15m,1778713200.0,1.4232,1.4259,1.4211,1.4242,376230.27,0.0,0.0,0
15m,1778714100.0,1.4242,1.426,1.4232,1.4245,118304.67,0.0,0.0,0
15m,1778715000.0,1.4245,1.4255,1.4231,1.4248,49198.21,0.0,0.0,0
15m,1778715900.0,1.4248,1.4276,1.4248,1.4272,25071.51,0.0,0.0,0
15m,1778716800.0,1.4272,1.4324,1.4266,1.4286,382705.19,0.0,0.0,0
15m,1778717700.0,1.4286,1.4328,1.428,1.43,856654.17,0.0,0.0,0
15m,1778718600.0,1.43,1.4334,1.43,1.431,61243.67,0.0,0.0,0
15m,1778719500.0,1.431,1.4325,1.43,1.4317,99258.45,0.0,0.0,0
15m,1778720400.0,1.4317,1.4341,1.4313,1.4325,52041.12,0.0,0.0,0
15m,1778721300.0,1.4325,1.4335,1.4306,1.4331,68719.0,0.0,0.0,0
15m,1778722200.0,1.4331,1.4349,1.4264,1.4274,340585.69,0.0,0.0,0
15m,1778723100.0,1.4274,1.4328,1.4265,1.4325,413957.96,0.0,0.0,0
15m,1778724000.0,1.4325,1.4341,1.4314,1.4322,70815.37,0.0,0.0,0
15m,1778724900.0,1.4322,1.4336,1.4316,1.4329,65508.67,0.0,0.0,0
15m,1778725800.0,1.4329,1.4329,1.4289,1.4304,41910.93,0.0,0.0,0
15m,1778726700.0,1.4304,1.4306,1.4234,1.4261,162972.93,0.0,0.0,0
15m,1778727600.0,1.4261,1.4294,1.4227,1.4263,183202.92,0.0,0.0,0
15m,1778728500.0,1.4263,1.4299,1.4222,1.4286,110250.93,0.0,0.0,0
15m,1778729400.0,1.4286,1.4303,1.4253,1.4263,47908.28,0.0,0.0,0
15m,1778730300.0,1.4263,1.4263,1.4208,1.4225,150679.97,0.0,0.0,0
15m,1778731200.0,1.4225,1.4259,1.4209,1.4257,293712.27,0.0,0.0,0
15m,1778732100.0,1.4257,1.4283,1.4252,1.4278,167571.72,0.0,0.0,0
15m,1778733000.0,1.4278,1.429,1.4269,1.4286,88044.97,0.0,0.0,0
15m,1778733900.0,1.4286,1.4318,1.4278,1.4303,161438.11,0.0,0.0,0
15m,1778734800.0,1.4303,1.4325,1.4301,1.4301,70371.0,0.0,0.0,0
15m,1778735700.0,1.4301,1.4333,1.4295,1.4328,156925.69,0.0,0.0,0
15m,1778736600.0,1.4328,1.4343,1.4322,1.433,144083.38,0.0,0.0,0
15m,1778737500.0,1.433,1.4397,1.433,1.4359,210865.28,0.0,0.0,0
15m,1778738400.0,1.4359,1.4368,1.4337,1.435,77100.2,0.0,0.0,0
15m,1778739300.0,1.435,1.4352,1.4324,1.4334,47324.78,0.0,0.0,0
15m,1778740200.0,1.4334,1.4346,1.4268,1.4336,570872.0,0.0,0.0,0
15m,1778741100.0,1.4336,1.4353,1.4335,1.4346,120192.57,0.0,0.0,0
15m,1778742000.0,1.4346,1.4353,1.4305,1.4308,128265.75,0.0,0.0,0
15m,1778742900.0,1.4308,1.4348,1.4303,1.4331,72081.52,0.0,0.0,0
15m,1778743800.0,1.4331,1.4367,1.4322,1.4346,521525.44,0.0,0.0,0
15m,1778744700.0,1.4346,1.4349,1.4318,1.4325,79103.36,0.0,0.0,0
15m,1778745600.0,1.4325,1.4355,1.4297,1.434,285758.18,0.0,0.0,0
15m,1778746500.0,1.434,1.435,1.4319,1.4324,82731.33,0.0,0.0,0
15m,1778747400.0,1.4324,1.4368,1.4323,1.4355,58333.27,0.0,0.0,0
15m,1778748300.0,1.4355,1.4359,1.4336,1.4348,60651.23,0.0,0.0,0
15m,1778749200.0,1.4348,1.436,1.4338,1.434,156775.25,0.0,0.0,0
15m,1778750100.0,1.434,1.4348,1.4318,1.4325,146135.46,0.0,0.0,0
15m,1778751000.0,1.4325,1.4325,1.4274,1.4297,145304.4,0.0,0.0,0
15m,1778751900.0,1.4297,1.4299,1.4286,1.4296,81240.81,0.0,0.0,0
15m,1778752800.0,1.4296,1.4335,1.4281,1.4307,160302.97,0.0,0.0,0
15m,1778753700.0,1.4307,1.4325,1.4306,1.4319,138008.1,0.0,0.0,0
15m,1778754600.0,1.4319,1.4327,1.4299,1.4313,159642.95,0.0,0.0,0
15m,1778755500.0,1.4313,1.4374,1.4313,1.4366,123085.61,0.0,0.0,0
15m,1778756400.0,1.4366,1.4382,1.4354,1.4363,74746.82,0.0,0.0,0
15m,1778757300.0,1.4363,1.4391,1.436,1.4365,157014.13,0.0,0.0,0
15m,1778758200.0,1.4365,1.4366,1.4327,1.4329,110745.45,0.0,0.0,0
15m,1778759100.0,1.4329,1.4347,1.4319,1.4325,94781.57,0.0,0.0,0
15m,1778760000.0,1.4325,1.4382,1.4313,1.4378,189140.89,0.0,0.0,0
15m,1778760900.0,1.4378,1.4424,1.436,1.4424,180570.55,0.0,0.0,0
15m,1778761800.0,1.4424,1.449,1.4403,1.4489,406332.83,0.0,0.0,0
15m,1778762700.0,1.4489,1.4519,1.4476,1.4482,296255.54,0.0,0.0,0
15m,1778763600.0,1.4482,1.457,1.4478,1.4568,345383.6,0.0,0.0,0
15m,1778764500.0,1.4568,1.4599,1.4497,1.4497,845049.55,0.0,0.0,0
15m,1778765400.0,1.4497,1.451,1.4454,1.4466,332284.67,0.0,0.0,0
15m,1778766300.0,1.4466,1.4498,1.4416,1.4425,506767.2,0.0,0.0,0
15m,1778767200.0,1.4425,1.4494,1.4391,1.4482,239950.35,0.0,0.0,0
15m,1778768100.0,1.4482,1.4557,1.4475,1.4548,470440.23,0.0,0.0,0
15m,1778769000.0,1.4548,1.4663,1.453,1.4652,1402571.62,0.0,0.0,0
15m,1778769900.0,1.4652,1.4747,1.4652,1.4711,1712626.9,0.0,0.0,0
15m,1778770800.0,1.4711,1.4728,1.4627,1.4683,767312.03,0.0,0.0,0
15m,1778771700.0,1.4683,1.4728,1.4644,1.4684,823952.68,0.0,0.0,0
15m,1778772600.0,1.4684,1.472,1.4645,1.4696,371351.96,0.0,0.0,0
15m,1778773500.0,1.4696,1.4744,1.4684,1.4726,391206.42,0.0,0.0,0
15m,1778774400.0,1.4726,1.4766,1.47,1.4753,380236.44,0.0,0.0,0
15m,1778775300.0,1.4753,1.476,1.4698,1.4729,482373.83,0.0,0.0,0
15m,1778776200.0,1.4729,1.4741,1.4689,1.4715,292484.11,0.0,0.0,0
15m,1778777100.0,1.4715,1.481,1.4648,1.4802,914374.16,0.0,0.0,0
15m,1778778000.0,1.4802,1.4933,1.4767,1.4915,1248526.33,0.0,0.0,0
15m,1778778900.0,1.4915,1.4915,1.4722,1.4741,1690811.83,0.0,0.0,0
15m,1778779800.0,1.4741,1.4906,1.4728,1.4896,862367.66,0.0,0.0,0
15m,1778780700.0,1.4896,1.5001,1.4895,1.4917,1588493.52,0.0,0.0,0
15m,1778781600.0,1.4917,1.5121,1.4863,1.5092,1929834.43,0.0,0.0,0
15m,1778782500.0,1.5092,1.5348,1.5039,1.5345,2476779.41,0.0,0.0,0
15m,1778783400.0,1.5345,1.5347,1.5222,1.5307,2159842.23,0.0,0.0,0
15m,1778784300.0,1.5307,1.545,1.5296,1.5362,1403841.33,0.0,0.0,0
15m,1778785200.0,1.5362,1.5498,1.5322,1.5403,1158190.78,0.0,0.0,0
15m,1778786100.0,1.5403,1.5476,1.5225,1.5229,1127222.51,0.0,0.0,0
15m,1778787000.0,1.5229,1.5275,1.5156,1.5186,1303497.85,0.0,0.0,0
15m,1778787900.0,1.5186,1.5206,1.5094,1.5164,2807989.88,0.0,0.0,0
15m,1778788800.0,1.5164,1.5175,1.5053,1.5056,1096820.88,0.0,0.0,0
15m,1778789700.0,1.5056,1.5092,1.5018,1.5058,789425.43,0.0,0.0,0
15m,1778790600.0,1.5058,1.512,1.4973,1.4997,825078.32,0.0,0.0,0
15m,1778791500.0,1.4997,1.5084,1.4992,1.5082,528573.74,0.0,0.0,0
15m,1778792400.0,1.5082,1.5113,1.4941,1.4971,1458532.9,0.0,0.0,0
15m,1778793300.0,1.4971,1.504,1.4969,1.5032,388579.67,0.0,0.0,0
15m,1778794200.0,1.5032,1.5047,1.4991,1.4994,179765.81,0.0,0.0,0
15m,1778795100.0,1.4994,1.5002,1.4939,1.4978,227546.3,0.0,0.0,0
15m,1778796000.0,1.4978,1.4993,1.4938,1.4992,453159.54,0.0,0.0,0
15m,1778796900.0,1.4992,1.5044,1.4966,1.503,331623.17,0.0,0.0,0
15m,1778797800.0,1.503,1.5062,1.5018,1.503,441663.85,0.0,0.0,0
15m,1778798700.0,1.503,1.5046,1.4991,1.5008,175538.98,0.0,0.0,0
15m,1778799600.0,1.5008,1.5008,1.4919,1.4951,272654.72,0.0,0.0,0
15m,1778800500.0,1.4951,1.4966,1.4911,1.4961,148999.25,0.0,0.0,0
15m,1778801400.0,1.4961,1.4963,1.491,1.4914,99754.01,0.0,0.0,0
15m,1778802300.0,1.4914,1.4916,1.4831,1.4851,395011.02,0.0,0.0,0
15m,1778803200.0,1.4851,1.4941,1.4849,1.4941,179324.23,0.0,0.0,0
15m,1778804100.0,1.4941,1.4987,1.4919,1.4973,353176.12,0.0,0.0,0
15m,1778805000.0,1.4973,1.5,1.4907,1.4938,500584.46,0.0,0.0,0
15m,1778805900.0,1.4938,1.4984,1.4927,1.4952,177318.55,0.0,0.0,0
15m,1778806800.0,1.4952,1.4986,1.4952,1.4977,555681.95,0.0,0.0,0
15m,1778807700.0,1.4977,1.4997,1.4927,1.4932,206199.68,0.0,0.0,0
15m,1778808600.0,1.4932,1.496,1.4874,1.4941,309942.95,0.0,0.0,0
15m,1778809500.0,1.4941,1.4942,1.4839,1.4843,915425.92,0.0,0.0,0
15m,1778810400.0,1.4843,1.4888,1.4822,1.4846,377485.23,0.0,0.0,0
15m,1778811300.0,1.4846,1.4859,1.4786,1.479,218985.0,0.0,0.0,0
15m,1778812200.0,1.479,1.4863,1.4762,1.4853,227586.95,0.0,0.0,0
15m,1778813100.0,1.4853,1.4925,1.4853,1.4906,608314.31,0.0,0.0,0
15m,1778814000.0,1.4906,1.4924,1.4868,1.4892,243516.1,0.0,0.0,0
15m,1778814900.0,1.4892,1.4903,1.4874,1.4892,131283.0,0.0,0.0,0
15m,1778815800.0,1.4892,1.4896,1.4832,1.4862,376334.53,0.0,0.0,0
15m,1778816700.0,1.4862,1.4905,1.4859,1.4891,158248.84,0.0,0.0,0
15m,1778817600.0,1.4891,1.4904,1.4858,1.4875,191060.23,0.0,0.0,0
15m,1778818500.0,1.4875,1.4885,1.4828,1.4829,421635.73,0.0,0.0,0
15m,1778819400.0,1.4829,1.484,1.4795,1.4804,256510.03,0.0,0.0,0
15m,1778820300.0,1.4804,1.4815,1.4729,1.4734,337389.86,0.0,0.0,0
15m,1778821200.0,1.4734,1.4751,1.4696,1.473,351379.44,0.0,0.0,0
15m,1778822100.0,1.473,1.4744,1.464,1.4654,413009.74,0.0,0.0,0
15m,1778823000.0,1.4654,1.4662,1.4533,1.4614,2053392.45,0.0,0.0,0
15m,1778823900.0,1.4614,1.4639,1.4569,1.4604,445425.1,0.0,0.0,0
15m,1778824800.0,1.4604,1.4652,1.4583,1.4631,550384.05,0.0,0.0,0
15m,1778825700.0,1.4631,1.4665,1.4609,1.4663,208347.56,0.0,0.0,0
15m,1778826600.0,1.4663,1.4688,1.4655,1.4688,126636.54,0.0,0.0,0
15m,1778827500.0,1.4688,1.4732,1.4662,1.4688,549145.36,0.0,0.0,0
15m,1778828400.0,1.4688,1.4701,1.4656,1.4696,179365.38,0.0,0.0,0
15m,1778829300.0,1.4696,1.4728,1.4675,1.4704,265196.54,0.0,0.0,0
15m,1778830200.0,1.4704,1.4709,1.468,1.469,170674.16,0.0,0.0,0
15m,1778831100.0,1.469,1.4704,1.4682,1.4695,146943.81,0.0,0.0,0
15m,1778832000.0,1.4695,1.47,1.467,1.4679,164352.69,0.0,0.0,0
15m,1778832900.0,1.4679,1.4685,1.4612,1.4655,742700.42,0.0,0.0,0
15m,1778833800.0,1.4655,1.4709,1.4621,1.4709,281467.92,0.0,0.0,0
15m,1778834700.0,1.4709,1.4722,1.469,1.4712,206168.23,0.0,0.0,0
15m,1778835600.0,1.4712,1.4731,1.4654,1.4664,561040.99,0.0,0.0,0
15m,1778836500.0,1.4664,1.468,1.4648,1.4674,147862.17,0.0,0.0,0
15m,1778837400.0,1.4674,1.4678,1.4639,1.464,152467.59,0.0,0.0,0
15m,1778838300.0,1.464,1.4652,1.4616,1.4648,175127.28,0.0,0.0,0
15m,1778839200.0,1.4648,1.4678,1.4636,1.4671,126397.85,0.0,0.0,0
15m,1778840100.0,1.4671,1.4676,1.4642,1.4663,104316.35,0.0,0.0,0
15m,1778841000.0,1.4663,1.469,1.4654,1.4684,84228.57,0.0,0.0,0
15m,1778841900.0,1.4684,1.4767,1.4684,1.4746,313776.13,0.0,0.0,0
15m,1778842800.0,1.4746,1.4756,1.4719,1.4731,172270.55,0.0,0.0,0
15m,1778843700.0,1.4731,1.4738,1.471,1.4723,181928.56,0.0,0.0,0
15m,1778844600.0,1.4723,1.4723,1.4696,1.4701,135824.34,0.0,0.0,0
15m,1778845500.0,1.4701,1.4708,1.4666,1.4682,185240.79,0.0,0.0,0
15m,1778846400.0,1.4682,1.4691,1.4643,1.4645,241136.69,0.0,0.0,0
15m,1778847300.0,1.4645,1.4658,1.4634,1.465,504400.38,0.0,0.0,0
15m,1778848200.0,1.465,1.465,1.4597,1.4616,465909.02,0.0,0.0,0
15m,1778849100.0,1.4616,1.4616,1.4586,1.4596,357899.14,0.0,0.0,0
15m,1778850000.0,1.4596,1.4596,1.4544,1.4573,557278.03,0.0,0.0,0
15m,1778850900.0,1.4573,1.459,1.4549,1.4553,463581.97,0.0,0.0,0
15m,1778851800.0,1.4553,1.4555,1.4385,1.4387,2223484.4,0.0,0.0,0
15m,1778852700.0,1.4387,1.4445,1.4287,1.432,1935569.7,0.0,0.0,0
15m,1778853600.0,1.432,1.4372,1.4272,1.4355,1161974.81,0.0,0.0,0
15m,1778854500.0,1.4355,1.4387,1.434,1.4352,614733.66,0.0,0.0,0
15m,1778855400.0,1.4352,1.4408,1.4352,1.4383,557035.84,0.0,0.0,0
15m,1778856300.0,1.4383,1.441,1.434,1.4394,588044.38,0.0,0.0,0
15m,1778857200.0,1.4394,1.4409,1.4356,1.4386,268063.16,0.0,0.0,0
15m,1778858100.0,1.4386,1.4402,1.4338,1.4348,285727.22,0.0,0.0,0
15m,1778859000.0,1.4348,1.4369,1.4307,1.4318,314909.66,0.0,0.0,0
15m,1778859900.0,1.4318,1.4361,1.43,1.4351,293763.33,0.0,0.0,0
15m,1778860800.0,1.4351,1.4379,1.434,1.4371,239284.53,0.0,0.0,0
15m,1778861700.0,1.4371,1.4465,1.4368,1.4456,1750312.4,0.0,0.0,0
15m,1778862600.0,1.4456,1.4474,1.443,1.4439,347589.06,0.0,0.0,0
15m,1778863500.0,1.4439,1.4468,1.441,1.4467,191316.08,0.0,0.0,0
15m,1778864400.0,1.4467,1.4508,1.4458,1.4471,230397.32,0.0,0.0,0
15m,1778865300.0,1.4471,1.45,1.446,1.4489,80275.06,0.0,0.0,0
15m,1778866200.0,1.4489,1.4502,1.4461,1.4465,102652.3,0.0,0.0,0
15m,1778867100.0,1.4465,1.4489,1.446,1.4467,289387.92,0.0,0.0,0
15m,1778868000.0,1.4467,1.4493,1.4463,1.447,200015.27,0.0,0.0,0
15m,1778868900.0,1.447,1.4478,1.4424,1.4434,268443.68,0.0,0.0,0
15m,1778869800.0,1.4434,1.4435,1.4402,1.4422,169458.11,0.0,0.0,0
15m,1778870700.0,1.4422,1.4422,1.4397,1.4414,93254.83,0.0,0.0,0
15m,1778871600.0,1.4414,1.4414,1.4346,1.4348,257731.12,0.0,0.0,0
15m,1778872500.0,1.4348,1.4354,1.4322,1.4331,266611.79,0.0,0.0,0
15m,1778873400.0,1.4331,1.4358,1.4324,1.4331,378786.22,0.0,0.0,0
15m,1778874300.0,1.4331,1.4371,1.4327,1.4344,480868.32,0.0,0.0,0
15m,1778875200.0,1.4344,1.4363,1.4317,1.4343,233953.34,0.0,0.0,0
15m,1778876100.0,1.4343,1.4369,1.4323,1.4367,140883.94,0.0,0.0,0
15m,1778877000.0,1.4367,1.437,1.4336,1.4343,96778.79,0.0,0.0,0
15m,1778877900.0,1.4343,1.435,1.4326,1.4349,97044.01,0.0,0.0,0
15m,1778878800.0,1.4349,1.437,1.4345,1.4364,131311.26,0.0,0.0,0
15m,1778879700.0,1.4364,1.4369,1.4352,1.4352,44125.17,0.0,0.0,0
15m,1778880600.0,1.4352,1.4355,1.4334,1.4347,92936.54,0.0,0.0,0
15m,1778881500.0,1.4347,1.4357,1.43,1.4302,157170.63,0.0,0.0,0
15m,1778882400.0,1.4302,1.4336,1.4298,1.4324,158793.2,0.0,0.0,0
15m,1778883300.0,1.4324,1.4329,1.431,1.4321,58451.87,0.0,0.0,0
15m,1778884200.0,1.4321,1.4336,1.4312,1.4326,200089.07,0.0,0.0,0
15m,1778885100.0,1.4326,1.4343,1.4325,1.4334,276538.66,0.0,0.0,0
15m,1778886000.0,1.4334,1.4351,1.4327,1.4332,203888.26,0.0,0.0,0
15m,1778886900.0,1.4332,1.4344,1.4325,1.4341,261637.37,0.0,0.0,0
15m,1778887800.0,1.4341,1.4353,1.4324,1.4353,103913.4,0.0,0.0,0
15m,1778888700.0,1.4353,1.4356,1.4338,1.4338,135660.41,0.0,0.0,0
15m,1778889600.0,1.4338,1.4375,1.4322,1.4373,387348.46,0.0,0.0,0
15m,1778890500.0,1.4373,1.4379,1.4351,1.4354,176035.68,0.0,0.0,0
15m,1778891400.0,1.4354,1.4382,1.4344,1.4363,175009.36,0.0,0.0,0
15m,1778892300.0,1.4363,1.4367,1.4332,1.4341,328259.2,0.0,0.0,0
15m,1778893200.0,1.4341,1.4348,1.4328,1.4344,131259.32,0.0,0.0,0
15m,1778894100.0,1.4344,1.4351,1.4313,1.4322,60403.1,0.0,0.0,0
15m,1778895000.0,1.4322,1.4334,1.4316,1.4325,59702.43,0.0,0.0,0
15m,1778895900.0,1.4325,1.4384,1.4325,1.437,79285.72,0.0,0.0,0
15m,1778896800.0,1.437,1.4393,1.4365,1.4387,83351.7,0.0,0.0,0
15m,1778897700.0,1.4387,1.4393,1.437,1.437,85984.18,0.0,0.0,0
15m,1778898600.0,1.437,1.4375,1.4352,1.4361,39527.27,0.0,0.0,0
15m,1778899500.0,1.4361,1.4369,1.435,1.4369,36714.77,0.0,0.0,0
15m,1778900400.0,1.4369,1.4386,1.4365,1.4376,112447.13,0.0,0.0,0
15m,1778901300.0,1.4376,1.4385,1.436,1.4366,80175.32,0.0,0.0,0
15m,1778902200.0,1.4366,1.4369,1.4337,1.4337,79419.72,0.0,0.0,0
15m,1778903100.0,1.4337,1.4368,1.4336,1.4356,28005.29,0.0,0.0,0
15m,1778904000.0,1.4356,1.4366,1.433,1.4353,289963.0,0.0,0.0,0
15m,1778904900.0,1.4353,1.4358,1.4303,1.4303,114675.86,0.0,0.0,0
15m,1778905800.0,1.4303,1.4305,1.4175,1.4235,3279354.61,0.0,0.0,0
15m,1778906700.0,1.4235,1.4256,1.4222,1.4255,181417.62,0.0,0.0,0
15m,1778907600.0,1.4255,1.4269,1.4214,1.4264,172695.66,0.0,0.0,0
15m,1778908500.0,1.4264,1.4289,1.4234,1.4254,480396.77,0.0,0.0,0
15m,1778909400.0,1.4254,1.4296,1.4247,1.4279,216861.68,0.0,0.0,0
15m,1778910300.0,1.4279,1.4297,1.4236,1.425,727940.78,0.0,0.0,0
15m,1778911200.0,1.425,1.4264,1.4194,1.4204,217145.03,0.0,0.0,0
15m,1778912100.0,1.4204,1.421,1.4171,1.4208,332972.33,0.0,0.0,0
15m,1778913000.0,1.4208,1.4225,1.4171,1.4178,171629.69,0.0,0.0,0
15m,1778913900.0,1.4178,1.4208,1.4136,1.42,1295492.36,0.0,0.0,0
15m,1778914800.0,1.42,1.4201,1.4052,1.4093,1904660.93,0.0,0.0,0
15m,1778915700.0,1.4093,1.4149,1.4043,1.4148,632839.16,0.0,0.0,0
15m,1778916600.0,1.4148,1.4177,1.4117,1.4177,213998.36,0.0,0.0,0
15m,1778917500.0,1.4177,1.418,1.4149,1.4167,119690.04,0.0,0.0,0
15m,1778918400.0,1.4167,1.4183,1.4154,1.4155,103944.23,0.0,0.0,0
15m,1778919300.0,1.4155,1.4164,1.4145,1.4159,67989.37,0.0,0.0,0
15m,1778920200.0,1.4159,1.4179,1.4151,1.4166,62727.84,0.0,0.0,0
15m,1778921100.0,1.4166,1.4169,1.4146,1.415,100488.05,0.0,0.0,0
15m,1778922000.0,1.415,1.4158,1.4114,1.4115,106314.79,0.0,0.0,0
15m,1778922900.0,1.4115,1.412,1.4034,1.4061,1081825.83,0.0,0.0,0
15m,1778923800.0,1.4061,1.4094,1.4056,1.4066,144451.8,0.0,0.0,0
15m,1778924700.0,1.4066,1.408,1.4018,1.4024,274667.8,0.0,0.0,0
15m,1778925600.0,1.4024,1.4034,1.3963,1.3991,1145412.52,0.0,0.0,0
15m,1778926500.0,1.3991,1.4011,1.397,1.3996,232363.77,0.0,0.0,0
15m,1778927400.0,1.3996,1.4054,1.3996,1.402,631685.15,0.0,0.0,0
15m,1778928300.0,1.402,1.4091,1.4018,1.4073,100146.47,0.0,0.0,0
15m,1778929200.0,1.4073,1.4101,1.4073,1.4074,109715.98,0.0,0.0,0
15m,1778930100.0,1.4074,1.41,1.4068,1.41,76954.16,0.0,0.0,0
15m,1778931000.0,1.41,1.4134,1.4097,1.4119,142933.79,0.0,0.0,0
15m,1778931900.0,1.4119,1.4137,1.4107,1.411,172673.23,0.0,0.0,0
15m,1778932800.0,1.411,1.4124,1.4094,1.4099,125310.92,0.0,0.0,0
15m,1778933700.0,1.4099,1.4107,1.4081,1.4093,50935.71,0.0,0.0,0
15m,1778934600.0,1.4093,1.4126,1.4093,1.412,106997.82,0.0,0.0,0
15m,1778935500.0,1.412,1.4134,1.4103,1.4103,118440.49,0.0,0.0,0
15m,1778936400.0,1.4103,1.4108,1.408,1.4095,91317.63,0.0,0.0,0
15m,1778937300.0,1.4095,1.4137,1.4093,1.4135,108278.81,0.0,0.0,0
15m,1778938200.0,1.4135,1.4148,1.4124,1.4147,61671.04,0.0,0.0,0
15m,1778939100.0,1.4147,1.4154,1.4097,1.4117,532532.06,0.0,0.0,0
15m,1778940000.0,1.4117,1.413,1.4073,1.4082,246858.01,0.0,0.0,0
15m,1778940900.0,1.4082,1.4114,1.4067,1.4095,159859.83,0.0,0.0,0
15m,1778941800.0,1.4095,1.41,1.4075,1.4093,164181.41,0.0,0.0,0
15m,1778942700.0,1.4093,1.4132,1.4061,1.4095,823094.24,0.0,0.0,0
15m,1778943600.0,1.4095,1.4121,1.4094,1.4111,74491.92,0.0,0.0,0
15m,1778944500.0,1.4111,1.4131,1.41,1.412,69794.66,0.0,0.0,0
15m,1778945400.0,1.412,1.4148,1.412,1.4139,141275.49,0.0,0.0,0
15m,1778946300.0,1.4139,1.4151,1.4133,1.4147,89038.6,0.0,0.0,0
15m,1778947200.0,1.4147,1.4209,1.4135,1.4153,575435.51,0.0,0.0,0
15m,1778948100.0,1.4153,1.4186,1.4147,1.4176,216929.3,0.0,0.0,0
15m,1778949000.0,1.4176,1.4189,1.4143,1.4149,82486.71,0.0,0.0,0
15m,1778949900.0,1.4149,1.4175,1.4149,1.4168,83030.46,0.0,0.0,0
15m,1778950800.0,1.4168,1.4183,1.4157,1.4166,70651.96,0.0,0.0,0
15m,1778951700.0,1.4166,1.4189,1.4154,1.4183,52999.96,0.0,0.0,0
15m,1778952600.0,1.4183,1.4192,1.4178,1.4183,40309.81,0.0,0.0,0
15m,1778953500.0,1.4183,1.4193,1.417,1.4171,37269.0,0.0,0.0,0
15m,1778954400.0,1.4171,1.418,1.4154,1.4155,76814.29,0.0,0.0,0
15m,1778955300.0,1.4155,1.4161,1.4148,1.4155,34276.87,0.0,0.0,0
15m,1778956200.0,1.4155,1.4163,1.414,1.4152,57770.3,0.0,0.0,0
15m,1778957100.0,1.4152,1.4176,1.4149,1.4158,33853.63,0.0,0.0,0
15m,1778958000.0,1.4158,1.4166,1.415,1.4165,44421.96,0.0,0.0,0
15m,1778958900.0,1.4165,1.4175,1.4156,1.4163,33980.08,0.0,0.0,0
15m,1778959800.0,1.4163,1.4166,1.4157,1.416,29307.19,0.0,0.0,0
15m,1778960700.0,1.416,1.4175,1.4155,1.416,66397.51,0.0,0.0,0
15m,1778961600.0,1.416,1.418,1.416,1.4177,49866.27,0.0,0.0,0
15m,1778962500.0,1.4177,1.4213,1.4173,1.4173,1198148.41,0.0,0.0,0
15m,1778963400.0,1.4173,1.4173,1.4152,1.4155,107315.15,0.0,0.0,0
15m,1778964300.0,1.4155,1.4167,1.4153,1.4158,58188.61,0.0,0.0,0
15m,1778965200.0,1.4158,1.4165,1.414,1.4157,139012.23,0.0,0.0,0
15m,1778966100.0,1.4157,1.4158,1.4137,1.4148,81110.33,0.0,0.0,0
15m,1778967000.0,1.4148,1.4152,1.4137,1.4148,88381.53,0.0,0.0,0
15m,1778967900.0,1.4148,1.4157,1.4148,1.4151,24991.98,0.0,0.0,0
15m,1778968800.0,1.4151,1.4153,1.4121,1.4141,51541.79,0.0,0.0,0
15m,1778969700.0,1.4141,1.4155,1.4138,1.415,44488.44,0.0,0.0,0
15m,1778970600.0,1.415,1.4153,1.4144,1.4153,85720.83,0.0,0.0,0
15m,1778971500.0,1.4153,1.4154,1.4138,1.4138,56115.58,0.0,0.0,0
15m,1778972400.0,1.4138,1.4144,1.4133,1.4135,55463.89,0.0,0.0,0
15m,1778973300.0,1.4135,1.4154,1.4135,1.4139,29225.73,0.0,0.0,0
15m,1778974200.0,1.4139,1.4151,1.4139,1.4146,63624.4,0.0,0.0,0
15m,1778975100.0,1.4146,1.4159,1.4136,1.4136,34956.61,0.0,0.0,0
15m,1778976000.0,1.4136,1.4161,1.4136,1.4138,68424.1,0.0,0.0,0
15m,1778976900.0,1.4138,1.4156,1.4135,1.4154,80997.26,0.0,0.0,0
15m,1778977800.0,1.4154,1.4177,1.414,1.414,131435.54,0.0,0.0,0
15m,1778978700.0,1.414,1.4151,1.4092,1.4112,213107.21,0.0,0.0,0
15m,1778979600.0,1.4112,1.4141,1.4077,1.4125,200493.52,0.0,0.0,0
15m,1778980500.0,1.4125,1.4141,1.4117,1.4127,106988.52,0.0,0.0,0
15m,1778981400.0,1.4127,1.4138,1.4041,1.4053,479203.07,0.0,0.0,0
15m,1778982300.0,1.4053,1.4071,1.4038,1.4039,47346.23,0.0,0.0,0
15m,1778983200.0,1.4039,1.4089,1.4037,1.4073,79430.03,0.0,0.0,0
15m,1778984100.0,1.4073,1.4087,1.4042,1.4056,102693.4,0.0,0.0,0
15m,1778985000.0,1.4056,1.4091,1.4024,1.4087,676555.92,0.0,0.0,0
15m,1778985900.0,1.4087,1.4106,1.4058,1.4071,298995.97,0.0,0.0,0
15m,1778986800.0,1.4071,1.4098,1.4068,1.4087,47067.56,0.0,0.0,0
15m,1778987700.0,1.4087,1.4109,1.4081,1.409,193794.39,0.0,0.0,0
15m,1778988600.0,1.409,1.4118,1.4083,1.4109,50620.86,0.0,0.0,0
15m,1778989500.0,1.4109,1.414,1.4109,1.4122,70534.74,0.0,0.0,0
15m,1778990400.0,1.4122,1.4148,1.4118,1.4144,69583.88,0.0,0.0,0
15m,1778991300.0,1.4144,1.4171,1.4143,1.4154,99796.74,0.0,0.0,0
15m,1778992200.0,1.4154,1.417,1.4142,1.4162,69827.02,0.0,0.0,0
15m,1778993100.0,1.4162,1.4169,1.4155,1.4157,26481.66,0.0,0.0,0
15m,1778994000.0,1.4157,1.4215,1.4154,1.4196,98827.1,0.0,0.0,0
15m,1778994900.0,1.4196,1.4198,1.4171,1.4172,38610.12,0.0,0.0,0
15m,1778995800.0,1.4172,1.4187,1.4165,1.4167,36079.89,0.0,0.0,0
15m,1778996700.0,1.4167,1.4179,1.4163,1.4164,26091.89,0.0,0.0,0
15m,1778997600.0,1.4164,1.4191,1.4164,1.4185,64789.21,0.0,0.0,0
15m,1778998500.0,1.4185,1.419,1.4157,1.4172,55063.25,0.0,0.0,0
15m,1778999400.0,1.4172,1.4178,1.4158,1.4162,78196.05,0.0,0.0,0
15m,1779000300.0,1.4162,1.4174,1.416,1.4174,31728.43,0.0,0.0,0
15m,1779001200.0,1.4174,1.4185,1.4167,1.4178,33094.77,0.0,0.0,0
15m,1779002100.0,1.4178,1.4206,1.4166,1.4196,130836.36,0.0,0.0,0
15m,1779003000.0,1.4196,1.4212,1.418,1.4187,101745.04,0.0,0.0,0
15m,1779003900.0,1.4187,1.4197,1.418,1.4184,50147.71,0.0,0.0,0
15m,1779004800.0,1.4184,1.4202,1.4177,1.4186,76816.5,0.0,0.0,0
15m,1779005700.0,1.4186,1.419,1.416,1.4165,243041.29,0.0,0.0,0
15m,1779006600.0,1.4165,1.4174,1.4148,1.4158,256829.85,0.0,0.0,0
15m,1779007500.0,1.4158,1.4161,1.4144,1.4147,80825.55,0.0,0.0,0
15m,1779008400.0,1.4147,1.4162,1.4138,1.416,82039.49,0.0,0.0,0
15m,1779009300.0,1.416,1.4185,1.4142,1.4185,344479.32,0.0,0.0,0
15m,1779010200.0,1.4185,1.4186,1.4171,1.418,54685.99,0.0,0.0,0
15m,1779011100.0,1.418,1.4216,1.4178,1.4208,92011.37,0.0,0.0,0
15m,1779012000.0,1.4208,1.4289,1.4208,1.4255,495847.25,0.0,0.0,0
15m,1779012900.0,1.4255,1.4263,1.4236,1.4247,117574.27,0.0,0.0,0
15m,1779013800.0,1.4247,1.4253,1.4232,1.4245,118966.07,0.0,0.0,0
15m,1779014700.0,1.4245,1.4257,1.4212,1.4247,251575.51,0.0,0.0,0
15m,1779015600.0,1.4247,1.4247,1.4205,1.4224,372075.36,0.0,0.0,0
15m,1779016500.0,1.4224,1.4227,1.4209,1.4217,73547.27,0.0,0.0,0
15m,1779017400.0,1.4217,1.424,1.4211,1.4238,72195.36,0.0,0.0,0
15m,1779018300.0,1.4238,1.4247,1.4222,1.4225,30669.06,0.0,0.0,0
15m,1779019200.0,1.4225,1.4244,1.4222,1.4232,30552.41,0.0,0.0,0
15m,1779020100.0,1.4232,1.425,1.4226,1.4239,45577.63,0.0,0.0,0
15m,1779021000.0,1.4239,1.4261,1.4237,1.4257,229302.26,0.0,0.0,0
15m,1779021900.0,1.4257,1.4266,1.4228,1.4235,227818.26,0.0,0.0,0
15m,1779022800.0,1.4235,1.4235,1.4194,1.4196,144970.64,0.0,0.0,0
15m,1779023700.0,1.4196,1.42,1.4168,1.42,121443.56,0.0,0.0,0
15m,1779024600.0,1.42,1.4213,1.4188,1.4194,113407.58,0.0,0.0,0
15m,1779025500.0,1.4194,1.4207,1.4177,1.4188,48349.35,0.0,0.0,0
15m,1779026400.0,1.4188,1.419,1.4152,1.416,83243.66,0.0,0.0,0
15m,1779027300.0,1.416,1.4162,1.4107,1.4145,128899.08,0.0,0.0,0
15m,1779028200.0,1.4145,1.4152,1.4114,1.4127,59318.89,0.0,0.0,0
15m,1779029100.0,1.4127,1.4142,1.4122,1.4134,124689.92,0.0,0.0,0
15m,1779030000.0,1.4134,1.4149,1.412,1.4134,77979.94,0.0,0.0,0
15m,1779030900.0,1.4134,1.4134,1.4098,1.4129,187644.75,0.0,0.0,0
15m,1779031800.0,1.4129,1.4147,1.4118,1.4126,124639.82,0.0,0.0,0
15m,1779032700.0,1.4126,1.4138,1.4123,1.4131,67451.92,0.0,0.0,0
15m,1779033600.0,1.4131,1.4145,1.4127,1.4135,57149.65,0.0,0.0,0
15m,1779034500.0,1.4135,1.415,1.4127,1.4145,82877.1,0.0,0.0,0
15m,1779035400.0,1.4145,1.4161,1.4145,1.4157,53584.95,0.0,0.0,0
15m,1779036300.0,1.4157,1.4157,1.4103,1.4121,723611.05,0.0,0.0,0
15m,1779037200.0,1.4121,1.4129,1.4098,1.4102,228321.28,0.0,0.0,0
15m,1779038100.0,1.4102,1.4112,1.4087,1.411,82959.11,0.0,0.0,0
15m,1779039000.0,1.411,1.4116,1.4086,1.4114,75892.91,0.0,0.0,0
15m,1779039900.0,1.4114,1.4119,1.4106,1.4112,99242.26,0.0,0.0,0
15m,1779040800.0,1.4112,1.4136,1.4102,1.4102,80875.32,0.0,0.0,0
15m,1779041700.0,1.4102,1.4109,1.4067,1.4107,232555.78,0.0,0.0,0
15m,1779042600.0,1.4107,1.4114,1.4099,1.4101,94814.35,0.0,0.0,0
15m,1779043500.0,1.4101,1.4143,1.4095,1.4143,65756.05,0.0,0.0,0
15m,1779044400.0,1.4143,1.4163,1.4142,1.4158,148892.94,0.0,0.0,0
15m,1779045300.0,1.4158,1.4176,1.4152,1.4158,88972.42,0.0,0.0,0
15m,1779046200.0,1.4158,1.4197,1.4156,1.4192,119441.32,0.0,0.0,0
15m,1779047100.0,1.4192,1.4243,1.4189,1.4226,292231.81,0.0,0.0,0
15m,1779048000.0,1.4226,1.4236,1.4189,1.419,142572.4,0.0,0.0,0
15m,1779048900.0,1.419,1.4197,1.4175,1.4189,81074.34,0.0,0.0,0
15m,1779049800.0,1.4189,1.4205,1.4181,1.419,86002.05,0.0,0.0,0
15m,1779050700.0,1.419,1.4202,1.4189,1.4195,67142.32,0.0,0.0,0
15m,1779051600.0,1.4195,1.4212,1.4179,1.4208,130323.55,0.0,0.0,0
15m,1779052500.0,1.4208,1.4246,1.4198,1.4242,102105.39,0.0,0.0,0
15m,1779053400.0,1.4242,1.4264,1.4238,1.4259,165869.53,0.0,0.0,0
15m,1779054300.0,1.4259,1.4262,1.4232,1.4232,59202.97,0.0,0.0,0
15m,1779055200.0,1.4232,1.4232,1.4124,1.4149,453844.57,0.0,0.0,0
15m,1779056100.0,1.4149,1.4157,1.4099,1.4119,163603.57,0.0,0.0,0
15m,1779057000.0,1.4119,1.4157,1.4106,1.4143,243417.64,0.0,0.0,0
15m,1779057900.0,1.4143,1.4144,1.4097,1.4121,111751.65,0.0,0.0,0
15m,1779058800.0,1.4121,1.4143,1.408,1.4097,459798.85,0.0,0.0,0
15m,1779059700.0,1.4097,1.4098,1.403,1.4059,856508.65,0.0,0.0,0
15m,1779060600.0,1.4059,1.4076,1.37,1.3899,3942945.07,0.0,0.0,0
15m,1779061500.0,1.3899,1.4032,1.3878,1.4015,1201752.53,0.0,0.0,0
15m,1779062400.0,1.4015,1.4017,1.3887,1.3952,796669.55,0.0,0.0,0
15m,1779063300.0,1.3952,1.3977,1.3919,1.3941,952893.7,0.0,0.0,0
15m,1779064200.0,1.3941,1.3968,1.3906,1.3917,802580.68,0.0,0.0,0
15m,1779065100.0,1.3917,1.3977,1.3904,1.3968,420132.93,0.0,0.0,0
15m,1779066000.0,1.3968,1.3975,1.3915,1.3915,212788.77,0.0,0.0,0
15m,1779066900.0,1.3915,1.3916,1.3852,1.3868,289827.72,0.0,0.0,0
15m,1779067800.0,1.3868,1.3896,1.3857,1.3872,215837.19,0.0,0.0,0
15m,1779068700.0,1.3872,1.396,1.3853,1.3943,234769.36,0.0,0.0,0
15m,1779069600.0,1.3943,1.4027,1.3933,1.4024,290473.17,0.0,0.0,0
15m,1779070500.0,1.4024,1.4028,1.3987,1.3995,158543.15,0.0,0.0,0
15m,1779071400.0,1.3995,1.4002,1.3936,1.3948,122006.59,0.0,0.0,0
15m,1779072300.0,1.3948,1.3957,1.3907,1.3928,145335.21,0.0,0.0,0
15m,1779073200.0,1.3928,1.4006,1.3925,1.3951,339934.84,0.0,0.0,0
15m,1779074100.0,1.3951,1.3958,1.3918,1.3937,117173.78,0.0,0.0,0
15m,1779075000.0,1.3937,1.3952,1.3901,1.3952,187126.59,0.0,0.0,0
15m,1779075900.0,1.3952,1.3953,1.3921,1.3931,168519.74,0.0,0.0,0
15m,1779076800.0,1.3931,1.3958,1.3926,1.3954,75331.1,0.0,0.0,0
15m,1779077700.0,1.3954,1.3955,1.3873,1.3896,150182.08,0.0,0.0,0
15m,1779078600.0,1.3896,1.3981,1.3885,1.3978,148429.94,0.0,0.0,0
15m,1779079500.0,1.3978,1.3997,1.3942,1.3949,278319.86,0.0,0.0,0
15m,1779080400.0,1.3949,1.3962,1.3909,1.3949,394396.92,0.0,0.0,0
15m,1779081300.0,1.3949,1.3949,1.3915,1.3933,417811.61,0.0,0.0,0
15m,1779082200.0,1.3933,1.3943,1.3889,1.39,251602.53,0.0,0.0,0
15m,1779083100.0,1.39,1.391,1.3874,1.3892,185000.51,0.0,0.0,0
15m,1779084000.0,1.3892,1.3922,1.3808,1.3857,1150341.1,0.0,0.0,0
15m,1779084900.0,1.3857,1.3885,1.3769,1.3815,773450.94,0.0,0.0,0
15m,1779085800.0,1.3815,1.3863,1.3794,1.3863,407876.58,0.0,0.0,0
15m,1779086700.0,1.3863,1.3898,1.3857,1.3883,103015.62,0.0,0.0,0
15m,1779087600.0,1.3883,1.3911,1.3846,1.3859,114651.83,0.0,0.0,0
15m,1779088500.0,1.3859,1.3889,1.3804,1.3877,183617.61,0.0,0.0,0
15m,1779089400.0,1.3877,1.3898,1.3823,1.383,78873.01,0.0,0.0,0
15m,1779090300.0,1.383,1.3878,1.3828,1.3867,94369.8,0.0,0.0,0
15m,1779091200.0,1.3867,1.3897,1.3867,1.387,104343.67,0.0,0.0,0
15m,1779092100.0,1.387,1.3873,1.3846,1.3858,80137.74,0.0,0.0,0
15m,1779093000.0,1.3858,1.386,1.3823,1.384,115656.03,0.0,0.0,0
15m,1779093900.0,1.384,1.3885,1.3831,1.3879,55096.6,0.0,0.0,0
15m,1779094800.0,1.3879,1.3883,1.3827,1.3843,137407.65,0.0,0.0,0
15m,1779095700.0,1.3843,1.3865,1.3834,1.3851,395921.5,0.0,0.0,0
15m,1779096600.0,1.3851,1.3869,1.3828,1.3854,291773.6,0.0,0.0,0
15m,1779097500.0,1.3854,1.3868,1.3826,1.3829,132035.3,0.0,0.0,0
15m,1779098400.0,1.3829,1.3835,1.3786,1.3813,270090.1,0.0,0.0,0
15m,1779099300.0,1.3813,1.3819,1.379,1.3796,110248.01,0.0,0.0,0
15m,1779100200.0,1.3796,1.3811,1.3771,1.3789,355526.71,0.0,0.0,0
15m,1779101100.0,1.3789,1.3814,1.378,1.3782,80441.49,0.0,0.0,0
15m,1779102000.0,1.3782,1.38,1.3763,1.3787,123954.6,0.0,0.0,0
15m,1779102900.0,1.3787,1.3828,1.3783,1.3821,92704.12,0.0,0.0,0
15m,1779103800.0,1.3821,1.3967,1.3804,1.3942,524609.83,0.0,0.0,0
15m,1779104700.0,1.3942,1.3943,1.3896,1.3905,164553.9,0.0,0.0,0
15m,1779105600.0,1.3905,1.3956,1.3904,1.3942,182019.18,0.0,0.0,0
15m,1779106500.0,1.3942,1.3973,1.3926,1.3942,145655.67,0.0,0.0,0
15m,1779107400.0,1.3942,1.4017,1.3931,1.401,207956.79,0.0,0.0,0
15m,1779108300.0,1.401,1.4024,1.3973,1.3988,147505.73,0.0,0.0,0
15m,1779109200.0,1.3988,1.399,1.3901,1.3914,316081.21,0.0,0.0,0
15m,1779110100.0,1.3914,1.3918,1.3883,1.3886,173038.26,0.0,0.0,0
15m,1779111000.0,1.3886,1.3897,1.3767,1.384,708029.28,0.0,0.0,0
15m,1779111900.0,1.384,1.39,1.382,1.386,411037.93,0.0,0.0,0
15m,1779112800.0,1.386,1.386,1.3792,1.3802,434240.26,0.0,0.0,0
15m,1779113700.0,1.3802,1.3842,1.3751,1.3811,329604.04,0.0,0.0,0
15m,1779114600.0,1.3811,1.3821,1.3726,1.3766,443934.65,0.0,0.0,0
15m,1779115500.0,1.3766,1.379,1.3725,1.3774,191638.9,0.0,0.0,0
15m,1779116400.0,1.3774,1.3779,1.371,1.3758,841292.96,0.0,0.0,0
15m,1779117300.0,1.3758,1.3759,1.3704,1.3705,293026.23,0.0,0.0,0
15m,1779118200.0,1.3705,1.3754,1.3688,1.3741,451771.55,0.0,0.0,0
15m,1779119100.0,1.3741,1.3791,1.3739,1.3765,364496.6,0.0,0.0,0
15m,1779120000.0,1.3765,1.3804,1.375,1.379,268098.71,0.0,0.0,0
15m,1779120900.0,1.379,1.3811,1.3712,1.3717,286005.65,0.0,0.0,0
15m,1779121800.0,1.3717,1.3782,1.3706,1.3778,234032.48,0.0,0.0,0
15m,1779122700.0,1.3778,1.3809,1.3778,1.3788,306476.86,0.0,0.0,0
15m,1779123600.0,1.3788,1.3831,1.3771,1.381,337736.41,0.0,0.0,0
15m,1779124500.0,1.381,1.3838,1.3801,1.3825,311682.33,0.0,0.0,0
15m,1779125400.0,1.3825,1.3829,1.3796,1.3812,157544.98,0.0,0.0,0
15m,1779126300.0,1.3812,1.3824,1.3804,1.3807,108265.25,0.0,0.0,0
15m,1779127200.0,1.3807,1.381,1.3749,1.3759,110396.62,0.0,0.0,0
15m,1779128100.0,1.3759,1.3759,1.3642,1.3697,586911.25,0.0,0.0,0
15m,1779129000.0,1.3697,1.3726,1.3685,1.3714,228745.59,0.0,0.0,0
15m,1779129900.0,1.3714,1.3722,1.367,1.3681,161972.02,0.0,0.0,0
15m,1779130800.0,1.3681,1.3864,1.3673,1.3796,805926.24,0.0,0.0,0
15m,1779131700.0,1.3796,1.3825,1.3779,1.3807,126759.25,0.0,0.0,0
15m,1779132600.0,1.3807,1.387,1.3804,1.3865,186163.61,0.0,0.0,0
15m,1779133500.0,1.3865,1.3909,1.3861,1.3877,189736.24,0.0,0.0,0
15m,1779134400.0,1.3877,1.392,1.3862,1.3911,105708.44,0.0,0.0,0
15m,1779135300.0,1.3911,1.3922,1.3899,1.3912,48748.49,0.0,0.0,0
15m,1779136200.0,1.3912,1.3922,1.3855,1.3867,86365.32,0.0,0.0,0
15m,1779137100.0,1.3867,1.3867,1.3836,1.3848,163169.4,0.0,0.0,0
15m,1779138000.0,1.3848,1.3879,1.3823,1.3872,120295.28,0.0,0.0,0
15m,1779138900.0,1.3872,1.3904,1.3867,1.3897,54418.97,0.0,0.0,0
15m,1779139800.0,1.3897,1.396,1.3897,1.3932,224285.36,0.0,0.0,0
15m,1779140700.0,1.3932,1.3953,1.3921,1.3932,79601.47,0.0,0.0,0
15m,1779141600.0,1.3932,1.3947,1.3924,1.394,123617.11,0.0,0.0,0
15m,1779142500.0,1.394,1.3962,1.3919,1.3936,242298.86,0.0,0.0,0
15m,1779143400.0,1.3936,1.3943,1.3901,1.3911,185839.39,0.0,0.0,0
15m,1779144300.0,1.3911,1.3925,1.3887,1.3924,173359.54,0.0,0.0,0
15m,1779145200.0,1.3924,1.3945,1.3917,1.3917,54683.76,0.0,0.0,0
15m,1779146100.0,1.3917,1.3918,1.3904,1.3906,29621.8,0.0,0.0,0
15m,1779147000.0,1.3906,1.3931,1.39,1.3929,54728.53,0.0,0.0,0
15m,1779147900.0,1.3929,1.3929,1.3889,1.3902,141460.33,0.0,0.0,0
15m,1779148800.0,1.3902,1.3945,1.3893,1.3932,154749.5,0.0,0.0,0
15m,1779149700.0,1.3932,1.3978,1.3929,1.3958,152587.71,0.0,0.0,0
15m,1779150600.0,1.3958,1.3965,1.3925,1.3939,82053.82,0.0,0.0,0
15m,1779151500.0,1.3939,1.3961,1.3929,1.3932,65810.45,0.0,0.0,0
15m,1779152400.0,1.3932,1.3932,1.3907,1.3918,86979.64,0.0,0.0,0
15m,1779153300.0,1.3918,1.392,1.3845,1.3858,149073.27,0.0,0.0,0
15m,1779154200.0,1.3858,1.3902,1.3847,1.3891,141401.7,0.0,0.0,0
15m,1779155100.0,1.3891,1.3892,1.3845,1.3845,201684.1,0.0,0.0,0
15m,1779156000.0,1.3845,1.3845,1.3795,1.3824,250986.52,0.0,0.0,0
15m,1779156900.0,1.3824,1.3885,1.3813,1.3854,321160.3,0.0,0.0,0
15m,1779157800.0,1.3854,1.3855,1.3819,1.3822,128302.65,0.0,0.0,0
15m,1779158700.0,1.3822,1.3832,1.3777,1.3795,309067.19,0.0,0.0,0
15m,1779159600.0,1.3795,1.3814,1.3782,1.3814,65754.3,0.0,0.0,0
15m,1779160500.0,1.3814,1.3833,1.3802,1.381,62772.57,0.0,0.0,0
15m,1779161400.0,1.381,1.3845,1.381,1.3845,72189.31,0.0,0.0,0
15m,1779162300.0,1.3845,1.3849,1.383,1.3837,191478.96,0.0,0.0,0
15m,1779163200.0,1.3837,1.3869,1.3823,1.3859,199290.94,0.0,0.0,0
15m,1779164100.0,1.3859,1.3861,1.3793,1.3796,338570.64,0.0,0.0,0
15m,1779165000.0,1.3796,1.3861,1.3796,1.3854,144816.16,0.0,0.0,0
15m,1779165900.0,1.3854,1.3875,1.3854,1.387,159619.84,0.0,0.0,0
15m,1779166800.0,1.387,1.3884,1.3832,1.3843,186381.86,0.0,0.0,0
15m,1779167700.0,1.3843,1.3845,1.3787,1.3822,144329.63,0.0,0.0,0
15m,1779168600.0,1.3822,1.3876,1.3809,1.3859,233116.78,0.0,0.0,0
15m,1779169500.0,1.3859,1.3885,1.3824,1.3833,986494.87,0.0,0.0,0
15m,1779170400.0,1.3833,1.3857,1.3822,1.3853,251395.57,0.0,0.0,0
15m,1779171300.0,1.3853,1.3878,1.3839,1.385,191921.8,0.0,0.0,0
15m,1779172200.0,1.385,1.3882,1.385,1.3869,88424.34,0.0,0.0,0
15m,1779173100.0,1.3869,1.3869,1.3833,1.3855,187400.83,0.0,0.0,0
15m,1779174000.0,1.3855,1.3878,1.3834,1.3851,332922.49,0.0,0.0,0
15m,1779174900.0,1.3851,1.3897,1.3845,1.3864,892752.51,0.0,0.0,0
15m,1779175800.0,1.3864,1.3894,1.3861,1.3888,82239.31,0.0,0.0,0
15m,1779176700.0,1.3888,1.3899,1.3876,1.3885,167128.62,0.0,0.0,0
15m,1779177600.0,1.3885,1.3889,1.3831,1.3844,148150.09,0.0,0.0,0
15m,1779178500.0,1.3844,1.3854,1.3801,1.3821,115507.52,0.0,0.0,0
15m,1779179400.0,1.3821,1.3876,1.3812,1.3847,290529.09,0.0,0.0,0
15m,1779180300.0,1.3847,1.3859,1.3818,1.3827,224786.26,0.0,0.0,0
15m,1779181200.0,1.3827,1.3847,1.3813,1.382,386687.84,0.0,0.0,0
15m,1779182100.0,1.382,1.382,1.3729,1.3738,239322.29,0.0,0.0,0
15m,1779183000.0,1.3738,1.3761,1.3708,1.3761,292127.21,0.0,0.0,0
15m,1779183900.0,1.3761,1.3764,1.374,1.3747,137429.35,0.0,0.0,0
15m,1779184800.0,1.3747,1.3758,1.3728,1.3744,169691.49,0.0,0.0,0
15m,1779185700.0,1.3744,1.3748,1.3729,1.3747,79793.27,0.0,0.0,0
15m,1779186600.0,1.3747,1.3769,1.3693,1.3703,494555.59,0.0,0.0,0
15m,1779187500.0,1.3703,1.3756,1.3684,1.3742,323830.09,0.0,0.0,0
15m,1779188400.0,1.3742,1.377,1.3737,1.3749,238612.46,0.0,0.0,0
15m,1779189300.0,1.3749,1.3754,1.3715,1.372,257469.13,0.0,0.0,0
15m,1779190200.0,1.372,1.3738,1.3695,1.37,159747.92,0.0,0.0,0
15m,1779191100.0,1.37,1.3732,1.3698,1.3721,110418.02,0.0,0.0,0
15m,1779192000.0,1.3721,1.3743,1.3705,1.3741,257533.15,0.0,0.0,0
15m,1779192900.0,1.3741,1.3751,1.3734,1.3742,92890.42,0.0,0.0,0
15m,1779193800.0,1.3742,1.3772,1.3742,1.3766,160212.93,0.0,0.0,0
15m,1779194700.0,1.3766,1.3784,1.3756,1.3776,176326.0,0.0,0.0,0
15m,1779195600.0,1.3776,1.379,1.374,1.3763,202060.11,0.0,0.0,0
15m,1779196500.0,1.3763,1.3767,1.3711,1.3714,554774.32,0.0,0.0,0
15m,1779197400.0,1.3714,1.382,1.3714,1.3742,301173.2,0.0,0.0,0
15m,1779198300.0,1.3742,1.3798,1.3734,1.3767,208808.89,0.0,0.0,0
15m,1779199200.0,1.3767,1.3797,1.3706,1.3709,334257.03,0.0,0.0,0
15m,1779200100.0,1.3709,1.3717,1.3653,1.3694,367531.83,0.0,0.0,0
15m,1779201000.0,1.3694,1.3707,1.3656,1.3685,198154.74,0.0,0.0,0
15m,1779201900.0,1.3685,1.369,1.361,1.3666,330197.94,0.0,0.0,0
15m,1779202800.0,1.3666,1.37,1.3657,1.37,191236.46,0.0,0.0,0
15m,1779203700.0,1.37,1.3717,1.3657,1.3682,108847.99,0.0,0.0,0
15m,1779204600.0,1.3682,1.373,1.3679,1.3687,127461.68,0.0,0.0,0
15m,1779205500.0,1.3687,1.3687,1.3656,1.3673,89431.08,0.0,0.0,0
15m,1779206400.0,1.3673,1.3684,1.3636,1.3644,179100.83,0.0,0.0,0
15m,1779207300.0,1.3644,1.3667,1.364,1.3667,178853.22,0.0,0.0,0
15m,1779208200.0,1.3667,1.3703,1.3665,1.3703,201496.91,0.0,0.0,0
15m,1779209100.0,1.3703,1.3736,1.3696,1.3726,187764.53,0.0,0.0,0
15m,1779210000.0,1.3726,1.3744,1.3714,1.3721,225618.31,0.0,0.0,0
15m,1779210900.0,1.3721,1.3737,1.3691,1.3693,172639.1,0.0,0.0,0
15m,1779211800.0,1.3693,1.3693,1.3656,1.3658,144875.72,0.0,0.0,0
15m,1779212700.0,1.3658,1.3658,1.3624,1.3641,196499.5,0.0,0.0,0
15m,1779213600.0,1.3641,1.3667,1.363,1.3662,218930.81,0.0,0.0,0
15m,1779214500.0,1.3662,1.368,1.3628,1.363,208651.28,0.0,0.0,0
15m,1779215400.0,1.363,1.3652,1.3615,1.3636,197918.14,0.0,0.0,0
15m,1779216300.0,1.3636,1.3653,1.3618,1.3627,84934.64,0.0,0.0,0
15m,1779217200.0,1.3627,1.3664,1.3627,1.3664,166988.59,0.0,0.0,0
15m,1779218100.0,1.3664,1.3668,1.3568,1.3583,337638.87,0.0,0.0,0
15m,1779219000.0,1.3583,1.3613,1.3577,1.3584,299321.0,0.0,0.0,0
15m,1779219900.0,1.3584,1.3589,1.3565,1.3573,164422.13,0.0,0.0,0
15m,1779220800.0,1.3573,1.36,1.356,1.358,156162.6,0.0,0.0,0
15m,1779221700.0,1.358,1.3585,1.356,1.3573,167453.88,0.0,0.0,0
15m,1779222600.0,1.3573,1.3609,1.3567,1.3583,317318.64,0.0,0.0,0
15m,1779223500.0,1.3583,1.3601,1.3583,1.3587,68725.98,0.0,0.0,0
15m,1779224400.0,1.3587,1.3633,1.3578,1.3627,281980.32,0.0,0.0,0
15m,1779225300.0,1.3627,1.3627,1.361,1.3613,94647.83,0.0,0.0,0
15m,1779226200.0,1.3613,1.3626,1.3612,1.362,97904.56,0.0,0.0,0
15m,1779227100.0,1.362,1.3621,1.3596,1.36,173408.2,0.0,0.0,0
15m,1779228000.0,1.36,1.3601,1.357,1.3585,232353.6,0.0,0.0,0
15m,1779228900.0,1.3585,1.3586,1.355,1.3557,190294.57,0.0,0.0,0
15m,1779229800.0,1.3557,1.3586,1.3534,1.3583,203631.5,0.0,0.0,0
15m,1779230700.0,1.3583,1.359,1.3577,1.3582,81591.36,0.0,0.0,0
15m,1779231600.0,1.3582,1.3625,1.3572,1.3614,71308.48,0.0,0.0,0
15m,1779232500.0,1.3614,1.3637,1.3614,1.3633,37985.28,0.0,0.0,0
15m,1779233400.0,1.3633,1.3658,1.3632,1.3633,151849.71,0.0,0.0,0
15m,1779234300.0,1.3633,1.3633,1.3613,1.3618,51954.13,0.0,0.0,0
15m,1779235200.0,1.3618,1.364,1.3566,1.3566,214685.69,0.0,0.0,0
15m,1779236100.0,1.3566,1.3573,1.3521,1.3565,620941.09,0.0,0.0,0
15m,1779237000.0,1.3565,1.3603,1.3525,1.3545,353915.9,0.0,0.0,0
15m,1779237900.0,1.3545,1.3562,1.3532,1.3558,89200.65,0.0,0.0,0
15m,1779238800.0,1.3558,1.3585,1.3526,1.3564,127513.25,0.0,0.0,0
15m,1779239700.0,1.3564,1.3566,1.3491,1.3495,489393.54,0.0,0.0,0
15m,1779240600.0,1.3495,1.3523,1.3478,1.3498,373864.31,0.0,0.0,0
15m,1779241500.0,1.3498,1.357,1.3486,1.3552,380918.28,0.0,0.0,0
15m,1779242400.0,1.3552,1.3562,1.3515,1.3531,107126.62,0.0,0.0,0
15m,1779243300.0,1.3531,1.3564,1.3517,1.3547,94382.54,0.0,0.0,0
15m,1779244200.0,1.3547,1.3552,1.351,1.351,183468.72,0.0,0.0,0
15m,1779245100.0,1.351,1.3532,1.3507,1.3521,96767.16,0.0,0.0,0
15m,1779246000.0,1.3521,1.3531,1.3499,1.353,131952.86,0.0,0.0,0
15m,1779246900.0,1.353,1.3586,1.3523,1.3583,336357.69,0.0,0.0,0
15m,1779247800.0,1.3583,1.3586,1.3561,1.357,143456.03,0.0,0.0,0
15m,1779248700.0,1.357,1.3573,1.3552,1.3563,69846.53,0.0,0.0,0
15m,1779249600.0,1.3563,1.3588,1.3562,1.3582,125263.18,0.0,0.0,0
15m,1779250500.0,1.3582,1.3588,1.3561,1.3574,104601.12,0.0,0.0,0
15m,1779251400.0,1.3574,1.3574,1.3536,1.3566,107812.92,0.0,0.0,0
15m,1779252300.0,1.3566,1.3601,1.3565,1.3598,74970.74,0.0,0.0,0
15m,1779253200.0,1.3598,1.3692,1.3598,1.3687,465053.75,0.0,0.0,0
15m,1779254100.0,1.3687,1.3689,1.3648,1.3651,113781.75,0.0,0.0,0
15m,1779255000.0,1.3651,1.3698,1.3651,1.3676,148436.27,0.0,0.0,0
15m,1779255900.0,1.3676,1.369,1.3673,1.3684,159430.87,0.0,0.0,0
15m,1779256800.0,1.3684,1.3692,1.3677,1.3687,107277.25,0.0,0.0,0
15m,1779257700.0,1.3687,1.3697,1.3671,1.3677,448626.48,0.0,0.0,0
15m,1779258600.0,1.3677,1.3698,1.3667,1.3697,292437.73,0.0,0.0,0
15m,1779259500.0,1.3697,1.3711,1.3684,1.3707,113969.05,0.0,0.0,0
15m,1779260400.0,1.3707,1.3712,1.3686,1.37,93913.83,0.0,0.0,0
15m,1779261300.0,1.37,1.3738,1.3694,1.372,65988.7,0.0,0.0,0
15m,1779262200.0,1.372,1.372,1.3702,1.3704,81830.61,0.0,0.0,0
15m,1779263100.0,1.3704,1.3704,1.3676,1.3684,117554.28,0.0,0.0,0
15m,1779264000.0,1.3684,1.3695,1.367,1.3678,200545.85,0.0,0.0,0
15m,1779264900.0,1.3678,1.3681,1.3658,1.3681,33272.05,0.0,0.0,0
15m,1779265800.0,1.3681,1.3727,1.3681,1.371,249317.4,0.0,0.0,0
15m,1779266700.0,1.371,1.3724,1.3692,1.3704,194044.74,0.0,0.0,0
15m,1779267600.0,1.3704,1.3715,1.3697,1.3703,95384.59,0.0,0.0,0
15m,1779268500.0,1.3703,1.3716,1.3688,1.3714,177619.41,0.0,0.0,0
15m,1779269400.0,1.3714,1.3729,1.3714,1.3726,120084.22,0.0,0.0,0
15m,1779270300.0,1.3726,1.3726,1.3696,1.3699,117253.14,0.0,0.0,0
15m,1779271200.0,1.3699,1.3718,1.3697,1.3711,201661.93,0.0,0.0,0
15m,1779272100.0,1.3711,1.3733,1.3702,1.3732,332098.03,0.0,0.0,0
15m,1779273000.0,1.3732,1.3758,1.3726,1.3731,245070.48,0.0,0.0,0
15m,1779273900.0,1.3731,1.3739,1.3705,1.3706,124753.47,0.0,0.0,0
15m,1779274800.0,1.3706,1.3715,1.3696,1.3703,166221.92,0.0,0.0,0
15m,1779275700.0,1.3703,1.371,1.3686,1.3686,393935.84,0.0,0.0,0
15m,1779276600.0,1.3686,1.3696,1.3671,1.3679,291979.78,0.0,0.0,0
15m,1779277500.0,1.3679,1.3681,1.3643,1.3658,192243.11,0.0,0.0,0
15m,1779278400.0,1.3658,1.3681,1.3643,1.367,101745.54,0.0,0.0,0
15m,1779279300.0,1.367,1.3694,1.3655,1.3693,188603.69,0.0,0.0,0
15m,1779280200.0,1.3693,1.3713,1.3688,1.3709,191280.53,0.0,0.0,0
15m,1779281100.0,1.3709,1.3758,1.3709,1.3733,191273.58,0.0,0.0,0
15m,1779282000.0,1.3733,1.3743,1.3706,1.371,258748.93,0.0,0.0,0
15m,1779282900.0,1.371,1.3711,1.3673,1.3678,126913.61,0.0,0.0,0
15m,1779283800.0,1.3678,1.3684,1.3593,1.3638,542837.16,0.0,0.0,0
15m,1779284700.0,1.3638,1.3676,1.3612,1.3638,244399.58,0.0,0.0,0
15m,1779285600.0,1.3638,1.366,1.3583,1.3642,634233.04,0.0,0.0,0
15m,1779286500.0,1.3642,1.3727,1.364,1.3693,754467.79,0.0,0.0,0
15m,1779287400.0,1.3693,1.3726,1.3677,1.3706,563186.96,0.0,0.0,0
15m,1779288300.0,1.3706,1.3762,1.3702,1.3735,758469.17,0.0,0.0,0
15m,1779289200.0,1.3735,1.374,1.3684,1.3687,317478.71,0.0,0.0,0
15m,1779290100.0,1.3687,1.3806,1.3687,1.3745,1204768.14,0.0,0.0,0
15m,1779291000.0,1.3745,1.3761,1.3711,1.3731,291300.93,0.0,0.0,0
15m,1779291900.0,1.3731,1.3771,1.3728,1.3745,324931.67,0.0,0.0,0
15m,1779292800.0,1.3745,1.3775,1.3745,1.3751,137625.43,0.0,0.0,0
15m,1779293700.0,1.3751,1.3751,1.366,1.3676,688228.06,0.0,0.0,0
15m,1779294600.0,1.3676,1.3747,1.3667,1.3745,297423.54,0.0,0.0,0
15m,1779295500.0,1.3745,1.3774,1.3731,1.3749,569501.57,0.0,0.0,0
15m,1779296400.0,1.3749,1.3757,1.371,1.3753,687237.86,0.0,0.0,0
15m,1779297300.0,1.3753,1.3786,1.3742,1.3774,195516.41,0.0,0.0,0
15m,1779298200.0,1.3774,1.3802,1.3758,1.378,259311.18,0.0,0.0,0
15m,1779299100.0,1.378,1.3791,1.3746,1.3754,86288.24,0.0,0.0,0
15m,1779300000.0,1.3754,1.376,1.373,1.3744,276461.91,0.0,0.0,0
15m,1779300900.0,1.3744,1.3752,1.3711,1.3722,227931.26,0.0,0.0,0
15m,1779301800.0,1.3722,1.3725,1.3699,1.3699,149180.51,0.0,0.0,0
15m,1779302700.0,1.3699,1.37,1.3646,1.3674,485087.17,0.0,0.0,0
15m,1779303600.0,1.3674,1.3685,1.3655,1.3681,114936.36,0.0,0.0,0
15m,1779304500.0,1.3681,1.3714,1.3668,1.3714,45113.27,0.0,0.0,0
15m,1779305400.0,1.3714,1.3728,1.3691,1.3716,207524.77,0.0,0.0,0
15m,1779306300.0,1.3716,1.3728,1.3699,1.3727,212551.2,0.0,0.0,0
15m,1779307200.0,1.3727,1.3728,1.3683,1.3724,159376.58,0.0,0.0,0
15m,1779308100.0,1.3724,1.3725,1.3642,1.3703,265243.1,0.0,0.0,0
15m,1779309000.0,1.3703,1.3708,1.3677,1.3695,135670.21,0.0,0.0,0
15m,1779309900.0,1.3695,1.3709,1.3689,1.3702,45208.93,0.0,0.0,0
15m,1779310800.0,1.3702,1.3719,1.3685,1.3714,81641.98,0.0,0.0,0
15m,1779311700.0,1.3714,1.3714,1.3683,1.3687,40716.53,0.0,0.0,0
15m,1779312600.0,1.3687,1.3698,1.3676,1.3689,76772.81,0.0,0.0,0
15m,1779313500.0,1.3689,1.3695,1.3669,1.3669,48830.05,0.0,0.0,0
15m,1779314400.0,1.3669,1.367,1.3615,1.3635,129218.89,0.0,0.0,0
15m,1779315300.0,1.3635,1.3668,1.3603,1.3664,240682.24,0.0,0.0,0
15m,1779316200.0,1.3664,1.3679,1.3646,1.3663,86759.49,0.0,0.0,0
15m,1779317100.0,1.3663,1.3671,1.3652,1.3658,424953.57,0.0,0.0,0
15m,1779318000.0,1.3658,1.3658,1.3634,1.3641,692150.74,0.0,0.0,0
15m,1779318900.0,1.3641,1.365,1.3627,1.3642,75703.93,0.0,0.0,0
15m,1779319800.0,1.3642,1.3658,1.3637,1.3655,36794.04,0.0,0.0,0
15m,1779320700.0,1.3655,1.3675,1.3649,1.3671,69860.65,0.0,0.0,0
15m,1779321600.0,1.3671,1.3699,1.3664,1.3695,91058.77,0.0,0.0,0
15m,1779322500.0,1.3695,1.3712,1.3687,1.3712,122657.81,0.0,0.0,0
15m,1779323400.0,1.3712,1.3732,1.3706,1.3729,69871.16,0.0,0.0,0
15m,1779324300.0,1.3729,1.3779,1.3729,1.3761,153004.96,0.0,0.0,0
15m,1779325200.0,1.3761,1.3792,1.376,1.3792,51187.12,0.0,0.0,0
15m,1779326100.0,1.3792,1.3814,1.3757,1.3773,269501.94,0.0,0.0,0
15m,1779327000.0,1.3773,1.38,1.3758,1.3783,107254.47,0.0,0.0,0
15m,1779327900.0,1.3783,1.3802,1.3765,1.3782,197573.2,0.0,0.0,0
15m,1779328800.0,1.3782,1.3799,1.3777,1.3791,74808.86,0.0,0.0,0
15m,1779329700.0,1.3791,1.386,1.3788,1.3845,559818.39,0.0,0.0,0
15m,1779330600.0,1.3845,1.3852,1.383,1.3835,74892.07,0.0,0.0,0
15m,1779331500.0,1.3835,1.384,1.3814,1.3814,70281.19,0.0,0.0,0
15m,1779332400.0,1.3814,1.3824,1.3803,1.3811,93060.55,0.0,0.0,0
15m,1779333300.0,1.3811,1.3834,1.3805,1.3833,96364.77,0.0,0.0,0
15m,1779334200.0,1.3833,1.3833,1.3818,1.3828,169234.07,0.0,0.0,0
15m,1779335100.0,1.3828,1.385,1.3823,1.3843,229346.53,0.0,0.0,0
15m,1779336000.0,1.3843,1.3855,1.3817,1.3821,508942.15,0.0,0.0,0
15m,1779336900.0,1.3821,1.3858,1.3821,1.384,704153.57,0.0,0.0,0
15m,1779337800.0,1.384,1.3843,1.3815,1.3824,99755.01,0.0,0.0,0
15m,1779338700.0,1.3824,1.3831,1.3818,1.3823,78219.33,0.0,0.0,0
15m,1779339600.0,1.3823,1.3839,1.3799,1.3803,191297.95,0.0,0.0,0
15m,1779340500.0,1.3803,1.3814,1.3784,1.3788,102271.68,0.0,0.0,0
15m,1779341400.0,1.3788,1.3788,1.3761,1.3764,125081.09,0.0,0.0,0
15m,1779342300.0,1.3764,1.3765,1.3724,1.3749,211151.37,0.0,0.0,0
15m,1779343200.0,1.3749,1.3767,1.373,1.3743,172921.22,0.0,0.0,0
15m,1779344100.0,1.3743,1.3763,1.3734,1.3747,184020.32,0.0,0.0,0
15m,1779345000.0,1.3747,1.3762,1.3725,1.3727,76912.56,0.0,0.0,0
15m,1779345900.0,1.3727,1.3731,1.3697,1.3713,139796.31,0.0,0.0,0
15m,1779346800.0,1.3713,1.373,1.3701,1.3715,118064.21,0.0,0.0,0
15m,1779347700.0,1.3715,1.3735,1.3702,1.3727,86367.04,0.0,0.0,0
15m,1779348600.0,1.3727,1.3756,1.3725,1.3755,60879.73,0.0,0.0,0
15m,1779349500.0,1.3755,1.3773,1.3751,1.3761,162836.84,0.0,0.0,0
15m,1779350400.0,1.3761,1.3839,1.3761,1.3836,405693.42,0.0,0.0,0
15m,1779351300.0,1.3836,1.3859,1.3807,1.3835,863506.53,0.0,0.0,0
15m,1779352200.0,1.3835,1.3835,1.3794,1.3813,139067.58,0.0,0.0,0
15m,1779353100.0,1.3813,1.3817,1.3801,1.3805,90255.96,0.0,0.0,0
15m,1779354000.0,1.3805,1.3822,1.3798,1.3802,541650.4,0.0,0.0,0
15m,1779354900.0,1.3802,1.3819,1.3801,1.3804,89718.34,0.0,0.0,0
15m,1779355800.0,1.3804,1.381,1.3748,1.376,729705.75,0.0,0.0,0
15m,1779356700.0,1.376,1.3761,1.3743,1.3746,271533.02,0.0,0.0,0
15m,1779357600.0,1.3746,1.3751,1.372,1.3722,237875.77,0.0,0.0,0
15m,1779358500.0,1.3722,1.3734,1.3642,1.3679,1349195.89,0.0,0.0,0
15m,1779359400.0,1.3679,1.3703,1.3655,1.3695,176728.9,0.0,0.0,0
15m,1779360300.0,1.3695,1.3701,1.3662,1.3664,303745.43,0.0,0.0,0
15m,1779361200.0,1.3664,1.3681,1.3651,1.368,358106.33,0.0,0.0,0
15m,1779362100.0,1.368,1.3696,1.3672,1.368,342308.44,0.0,0.0,0
15m,1779363000.0,1.368,1.3693,1.3659,1.3666,197525.2,0.0,0.0,0
15m,1779363900.0,1.3666,1.3666,1.3637,1.3638,282333.08,0.0,0.0,0
15m,1779364800.0,1.3638,1.366,1.3625,1.363,134156.42,0.0,0.0,0
15m,1779365700.0,1.363,1.3641,1.3619,1.3626,221065.98,0.0,0.0,0
15m,1779366600.0,1.3626,1.3668,1.3619,1.3651,508924.1,0.0,0.0,0
15m,1779367500.0,1.3651,1.3661,1.3642,1.3649,190300.78,0.0,0.0,0
15m,1779368400.0,1.3649,1.368,1.3645,1.3673,131456.48,0.0,0.0,0
15m,1779369300.0,1.3673,1.3687,1.3664,1.3674,148203.76,0.0,0.0,0
15m,1779370200.0,1.3674,1.3679,1.3549,1.356,911992.67,0.0,0.0,0
15m,1779371100.0,1.356,1.3653,1.356,1.3617,606626.68,0.0,0.0,0
15m,1779372000.0,1.3617,1.3639,1.3584,1.359,444562.68,0.0,0.0,0
15m,1779372900.0,1.359,1.359,1.3514,1.356,499057.06,0.0,0.0,0
15m,1779373800.0,1.356,1.3616,1.356,1.3576,208970.82,0.0,0.0,0
15m,1779374700.0,1.3576,1.3584,1.3548,1.357,227482.59,0.0,0.0,0
15m,1779375600.0,1.357,1.363,1.3558,1.3614,331787.33,0.0,0.0,0
15m,1779376500.0,1.3614,1.3657,1.3605,1.3647,221857.45,0.0,0.0,0
15m,1779377400.0,1.3647,1.3652,1.3591,1.3615,449218.53,0.0,0.0,0
15m,1779378300.0,1.3615,1.3656,1.3601,1.3614,214010.93,0.0,0.0,0
15m,1779379200.0,1.3614,1.3645,1.3604,1.3616,414268.69,0.0,0.0,0
15m,1779380100.0,1.3616,1.3627,1.36,1.362,370796.69,0.0,0.0,0
15m,1779381000.0,1.362,1.365,1.3586,1.3592,223606.12,0.0,0.0,0
15m,1779381900.0,1.3592,1.3614,1.3572,1.3613,205455.41,0.0,0.0,0
15m,1779382800.0,1.3613,1.3715,1.3613,1.3688,337485.21,0.0,0.0,0
15m,1779383700.0,1.3688,1.3811,1.3683,1.3805,1399751.31,0.0,0.0,0
15m,1779384600.0,1.3805,1.3814,1.3773,1.3791,397198.21,0.0,0.0,0
15m,1779385500.0,1.3791,1.3863,1.3778,1.3812,601783.48,0.0,0.0,0
15m,1779386400.0,1.3812,1.382,1.3755,1.3767,191500.78,0.0,0.0,0
15m,1779387300.0,1.3767,1.3826,1.3757,1.3798,141566.65,0.0,0.0,0
15m,1779388200.0,1.3798,1.3813,1.3783,1.3796,104830.77,0.0,0.0,0
15m,1779389100.0,1.3796,1.3803,1.3667,1.3711,299010.95,0.0,0.0,0
15m,1779390000.0,1.3711,1.3781,1.3709,1.377,184660.79,0.0,0.0,0
15m,1779390900.0,1.377,1.3782,1.3754,1.3756,92775.38,0.0,0.0,0
15m,1779391800.0,1.3756,1.3791,1.3756,1.3773,84484.82,0.0,0.0,0
15m,1779392700.0,1.3773,1.3812,1.3766,1.3795,244776.33,0.0,0.0,0
15m,1779393600.0,1.3795,1.3809,1.3779,1.3791,81243.29,0.0,0.0,0
15m,1779394500.0,1.3791,1.3796,1.3775,1.378,70929.7,0.0,0.0,0
15m,1779395400.0,1.378,1.3804,1.3779,1.379,38179.14,0.0,0.0,0
15m,1779396300.0,1.379,1.3811,1.3763,1.3771,37066.49,0.0,0.0,0
15m,1779397200.0,1.3771,1.3788,1.3769,1.3783,55468.27,0.0,0.0,0
15m,1779398100.0,1.3783,1.3787,1.3772,1.3784,42866.19,0.0,0.0,0
15m,1779399000.0,1.3784,1.3785,1.3763,1.3767,56388.05,0.0,0.0,0
15m,1779399900.0,1.3767,1.3772,1.3756,1.3759,100898.87,0.0,0.0,0
15m,1779400800.0,1.3759,1.3766,1.3734,1.3741,116173.33,0.0,0.0,0
15m,1779401700.0,1.3741,1.3745,1.3724,1.3744,84034.86,0.0,0.0,0
15m,1779402600.0,1.3744,1.3752,1.371,1.3728,98182.85,0.0,0.0,0
15m,1779403500.0,1.3728,1.3733,1.3718,1.3727,42394.16,0.0,0.0,0
15m,1779404400.0,1.3727,1.3739,1.3701,1.3705,53233.72,0.0,0.0,0
15m,1779405300.0,1.3705,1.3719,1.3694,1.371,72922.29,0.0,0.0,0
15m,1779406200.0,1.371,1.3746,1.3707,1.3733,119125.12,0.0,0.0,0
15m,1779407100.0,1.3733,1.3756,1.3728,1.374,230861.53,0.0,0.0,0
15m,1779408000.0,1.374,1.3745,1.3695,1.3696,194684.11,0.0,0.0,0
15m,1779408900.0,1.3696,1.3717,1.3685,1.3687,82962.46,0.0,0.0,0
15m,1779409800.0,1.3687,1.3713,1.3676,1.3693,66289.71,0.0,0.0,0
15m,1779410700.0,1.3693,1.3705,1.3674,1.3682,43907.19,0.0,0.0,0
15m,1779411600.0,1.3682,1.3713,1.3671,1.3711,42773.32,0.0,0.0,0
15m,1779412500.0,1.3711,1.3714,1.3681,1.3693,105427.77,0.0,0.0,0
15m,1779413400.0,1.3693,1.3698,1.365,1.3686,164652.78,0.0,0.0,0
15m,1779414300.0,1.3686,1.3719,1.3686,1.371,73509.17,0.0,0.0,0
15m,1779415200.0,1.371,1.3734,1.371,1.3732,47815.03,0.0,0.0,0
15m,1779416100.0,1.3732,1.3744,1.3713,1.3718,70161.18,0.0,0.0,0
15m,1779417000.0,1.3718,1.3727,1.3699,1.3707,71548.58,0.0,0.0,0
15m,1779417900.0,1.3707,1.375,1.3707,1.3732,904133.14,0.0,0.0,0
15m,1779418800.0,1.3732,1.3746,1.3722,1.3726,54878.3,0.0,0.0,0
15m,1779419700.0,1.3726,1.3734,1.371,1.3728,30870.81,0.0,0.0,0
15m,1779420600.0,1.3728,1.3738,1.3719,1.3722,141022.79,0.0,0.0,0
15m,1779421500.0,1.3722,1.3733,1.3719,1.3722,51822.42,0.0,0.0,0
15m,1779422400.0,1.3722,1.3754,1.3722,1.375,156163.52,0.0,0.0,0
15m,1779423300.0,1.375,1.3762,1.373,1.3732,46849.26,0.0,0.0,0
15m,1779424200.0,1.3732,1.3736,1.3705,1.3707,41157.52,0.0,0.0,0
15m,1779425100.0,1.3707,1.3707,1.3681,1.3703,336427.44,0.0,0.0,0
15m,1779426000.0,1.3703,1.3707,1.3686,1.3698,32631.48,0.0,0.0,0
15m,1779426900.0,1.3698,1.3709,1.3677,1.3694,75734.49,0.0,0.0,0
15m,1779427800.0,1.3694,1.3715,1.3691,1.3714,106710.56,0.0,0.0,0
15m,1779428700.0,1.3714,1.373,1.3676,1.3683,278649.45,0.0,0.0,0
15m,1779429600.0,1.3683,1.3699,1.3672,1.3691,115283.75,0.0,0.0,0
15m,1779430500.0,1.3691,1.3693,1.3657,1.3674,70875.66,0.0,0.0,0
15m,1779431400.0,1.3674,1.3676,1.363,1.3647,715905.65,0.0,0.0,0
15m,1779432300.0,1.3647,1.3647,1.3605,1.3608,266180.63,0.0,0.0,0
15m,1779433200.0,1.3608,1.3639,1.357,1.3629,1217673.57,0.0,0.0,0
15m,1779434100.0,1.3629,1.3656,1.3629,1.3656,250484.03,0.0,0.0,0
15m,1779435000.0,1.3656,1.368,1.3656,1.367,94122.51,0.0,0.0,0
15m,1779435900.0,1.367,1.3671,1.3651,1.3651,32955.56,0.0,0.0,0
15m,1779436800.0,1.3651,1.3667,1.3634,1.3656,90580.79,0.0,0.0,0
15m,1779437700.0,1.3656,1.3686,1.3656,1.3677,81667.65,0.0,0.0,0
15m,1779438600.0,1.3677,1.3679,1.3607,1.3628,679383.47,0.0,0.0,0
15m,1779439500.0,1.3628,1.3645,1.3623,1.3629,102097.28,0.0,0.0,0
15m,1779440400.0,1.3629,1.3651,1.3616,1.3635,67081.33,0.0,0.0,0
15m,1779441300.0,1.3635,1.3654,1.3622,1.3633,60579.93,0.0,0.0,0
15m,1779442200.0,1.3633,1.3639,1.36,1.3612,122379.42,0.0,0.0,0
15m,1779443100.0,1.3612,1.3622,1.3592,1.3601,202855.57,0.0,0.0,0
15m,1779444000.0,1.3601,1.3612,1.3591,1.3598,151633.08,0.0,0.0,0
15m,1779444900.0,1.3598,1.3599,1.3574,1.3596,261928.33,0.0,0.0,0
15m,1779445800.0,1.3596,1.3619,1.3589,1.3616,240002.13,0.0,0.0,0
15m,1779446700.0,1.3616,1.3622,1.3594,1.3599,114043.57,0.0,0.0,0
15m,1779447600.0,1.3599,1.3618,1.3587,1.3592,249214.11,0.0,0.0,0
15m,1779448500.0,1.3592,1.3592,1.3552,1.3574,258477.34,0.0,0.0,0
15m,1779449400.0,1.3574,1.359,1.3566,1.3569,199311.26,0.0,0.0,0
15m,1779450300.0,1.3569,1.3618,1.3568,1.3618,261109.21,0.0,0.0,0
15m,1779451200.0,1.3618,1.3659,1.3605,1.3642,514759.99,0.0,0.0,0
15m,1779452100.0,1.3642,1.3653,1.3613,1.362,528979.51,0.0,0.0,0
15m,1779453000.0,1.362,1.3642,1.3612,1.3629,293813.91,0.0,0.0,0
15m,1779453900.0,1.3629,1.3662,1.3629,1.3661,529749.85,0.0,0.0,0
15m,1779454800.0,1.3661,1.3693,1.3651,1.3686,366535.89,0.0,0.0,0
15m,1779455700.0,1.3686,1.3705,1.3658,1.3658,139761.63,0.0,0.0,0
15m,1779456600.0,1.3658,1.367,1.3594,1.3608,920139.02,0.0,0.0,0
15m,1779457500.0,1.3608,1.3633,1.3576,1.3626,592657.38,0.0,0.0,0
15m,1779458400.0,1.3626,1.3626,1.3528,1.3572,1101777.52,0.0,0.0,0
15m,1779459300.0,1.3572,1.3588,1.3501,1.354,968311.23,0.0,0.0,0
15m,1779460200.0,1.354,1.3561,1.353,1.3547,279962.72,0.0,0.0,0
15m,1779461100.0,1.3547,1.3548,1.3506,1.3522,421646.04,0.0,0.0,0
15m,1779462000.0,1.3522,1.356,1.3498,1.3504,471202.59,0.0,0.0,0
15m,1779462900.0,1.3504,1.3553,1.3469,1.3553,700925.19,0.0,0.0,0
15m,1779463800.0,1.3553,1.3578,1.3526,1.3548,378678.3,0.0,0.0,0
15m,1779464700.0,1.3548,1.3554,1.3525,1.3533,387117.44,0.0,0.0,0
15m,1779465600.0,1.3533,1.3557,1.3518,1.3526,389847.88,0.0,0.0,0
15m,1779466500.0,1.3526,1.3538,1.3503,1.3533,400528.24,0.0,0.0,0
15m,1779467400.0,1.3533,1.3545,1.3508,1.3518,313007.53,0.0,0.0,0
15m,1779468300.0,1.3518,1.3553,1.3518,1.3546,180817.66,0.0,0.0,0
15m,1779469200.0,1.3546,1.3575,1.3546,1.3561,123709.37,0.0,0.0,0
15m,1779470100.0,1.3561,1.3586,1.3509,1.3586,624115.98,0.0,0.0,0
15m,1779471000.0,1.3586,1.3595,1.3557,1.3584,134226.13,0.0,0.0,0
15m,1779471900.0,1.3584,1.3586,1.353,1.3534,300898.97,0.0,0.0,0
15m,1779472800.0,1.3534,1.3535,1.3495,1.3529,282081.69,0.0,0.0,0
15m,1779473700.0,1.3529,1.3557,1.3521,1.3534,57501.39,0.0,0.0,0
15m,1779474600.0,1.3534,1.3537,1.3441,1.3459,774253.43,0.0,0.0,0
15m,1779475500.0,1.3459,1.3509,1.3348,1.3501,2022158.08,0.0,0.0,0
15m,1779476400.0,1.3501,1.3524,1.3438,1.3453,319743.56,0.0,0.0,0
15m,1779477300.0,1.3453,1.3481,1.3421,1.3435,269088.53,0.0,0.0,0
15m,1779478200.0,1.3435,1.3439,1.3347,1.3386,1625015.96,0.0,0.0,0
15m,1779479100.0,1.3386,1.343,1.3361,1.3386,577219.86,0.0,0.0,0
15m,1779480000.0,1.3386,1.342,1.3385,1.3391,195353.3,0.0,0.0,0
15m,1779480900.0,1.3391,1.3413,1.3377,1.3398,128087.69,0.0,0.0,0
15m,1779481800.0,1.3398,1.3407,1.3355,1.3394,378801.96,0.0,0.0,0
15m,1779482700.0,1.3394,1.343,1.3385,1.3421,207977.91,0.0,0.0,0
15m,1779483600.0,1.3421,1.3431,1.3411,1.3413,69683.1,0.0,0.0,0
15m,1779484500.0,1.3413,1.3421,1.3403,1.3421,51858.65,0.0,0.0,0
15m,1779485400.0,1.3421,1.3438,1.3416,1.3418,80979.74,0.0,0.0,0
15m,1779486300.0,1.3418,1.3438,1.3416,1.3426,82723.35,0.0,0.0,0
15m,1779487200.0,1.3426,1.3439,1.3408,1.3435,114575.85,0.0,0.0,0
15m,1779488100.0,1.3435,1.3436,1.3409,1.3416,64221.33,0.0,0.0,0
15m,1779489000.0,1.3416,1.3428,1.3378,1.3394,129712.52,0.0,0.0,0
15m,1779489900.0,1.3394,1.3405,1.3386,1.3405,64420.55,0.0,0.0,0
15m,1779490800.0,1.3405,1.3428,1.3405,1.3423,37065.17,0.0,0.0,0
15m,1779491700.0,1.3423,1.3427,1.3361,1.3362,198429.25,0.0,0.0,0
15m,1779492600.0,1.3362,1.3407,1.3354,1.3402,71951.67,0.0,0.0,0
15m,1779493500.0,1.3402,1.3402,1.3299,1.335,2264256.81,0.0,0.0,0
15m,1779494400.0,1.335,1.3369,1.3313,1.3328,447178.69,0.0,0.0,0
15m,1779495300.0,1.3328,1.3351,1.3299,1.3322,314234.94,0.0,0.0,0
15m,1779496200.0,1.3322,1.3334,1.3269,1.3296,699759.48,0.0,0.0,0
15m,1779497100.0,1.3296,1.3357,1.3291,1.3347,352519.7,0.0,0.0,0
15m,1779498000.0,1.3347,1.3385,1.3347,1.3356,237506.43,0.0,0.0,0
15m,1779498900.0,1.3356,1.3376,1.3337,1.3368,39077.79,0.0,0.0,0
15m,1779499800.0,1.3368,1.3391,1.3365,1.3381,129419.39,0.0,0.0,0
15m,1779500700.0,1.3381,1.3391,1.3361,1.3376,74584.54,0.0,0.0,0
15m,1779501600.0,1.3376,1.339,1.3366,1.3375,148546.93,0.0,0.0,0
15m,1779502500.0,1.3375,1.3395,1.3373,1.3376,52088.6,0.0,0.0,0
15m,1779503400.0,1.3376,1.3398,1.337,1.3396,62292.68,0.0,0.0,0
15m,1779504300.0,1.3396,1.3405,1.3393,1.34,129852.69,0.0,0.0,0
15m,1779505200.0,1.34,1.3407,1.3397,1.3406,100627.81,0.0,0.0,0
15m,1779506100.0,1.3406,1.3421,1.3398,1.3408,129002.71,0.0,0.0,0
15m,1779507000.0,1.3408,1.3423,1.3408,1.3414,65749.61,0.0,0.0,0
15m,1779507900.0,1.3414,1.3416,1.3404,1.3411,34904.04,0.0,0.0,0
15m,1779508800.0,1.3411,1.3411,1.3398,1.3404,75975.05,0.0,0.0,0
15m,1779509700.0,1.3404,1.3406,1.3372,1.3378,82731.92,0.0,0.0,0
15m,1779510600.0,1.3378,1.3395,1.3349,1.3353,91255.48,0.0,0.0,0
15m,1779511500.0,1.3353,1.3369,1.3353,1.3361,41207.77,0.0,0.0,0
15m,1779512400.0,1.3361,1.3364,1.3346,1.335,111218.67,0.0,0.0,0
15m,1779513300.0,1.335,1.3357,1.3306,1.3308,232618.36,0.0,0.0,0
15m,1779514200.0,1.3308,1.3323,1.3294,1.3315,231306.12,0.0,0.0,0
15m,1779515100.0,1.3315,1.3318,1.3298,1.3314,345916.6,0.0,0.0,0
15m,1779516000.0,1.3314,1.3338,1.3287,1.333,737181.2,0.0,0.0,0
15m,1779516900.0,1.333,1.3346,1.333,1.3342,69996.29,0.0,0.0,0
15m,1779517800.0,1.3342,1.3355,1.3333,1.3337,77756.51,0.0,0.0,0
15m,1779518700.0,1.3337,1.334,1.3323,1.333,175718.94,0.0,0.0,0
15m,1779519600.0,1.333,1.3337,1.3289,1.3313,472720.2,0.0,0.0,0
15m,1779520500.0,1.3313,1.3316,1.33,1.3309,101197.8,0.0,0.0,0
15m,1779521400.0,1.3309,1.3331,1.3271,1.3313,564238.39,0.0,0.0,0
15m,1779522300.0,1.3313,1.3313,1.3013,1.3123,4712225.1,0.0,0.0,0
15m,1779523200.0,1.3123,1.3186,1.3115,1.3147,1201189.2,0.0,0.0,0
15m,1779524100.0,1.3147,1.3173,1.3107,1.3107,488641.71,0.0,0.0,0
15m,1779525000.0,1.3107,1.3136,1.307,1.3088,1210934.67,0.0,0.0,0
15m,1779525900.0,1.3088,1.3113,1.3085,1.3108,210145.29,0.0,0.0,0
15m,1779526800.0,1.3108,1.3123,1.3101,1.3105,209832.45,0.0,0.0,0
15m,1779527700.0,1.3105,1.314,1.3102,1.314,224090.79,0.0,0.0,0
15m,1779528600.0,1.314,1.3175,1.313,1.3174,502532.88,0.0,0.0,0
15m,1779529500.0,1.3174,1.3181,1.3171,1.3172,99210.27,0.0,0.0,0
15m,1779530400.0,1.3172,1.3196,1.3171,1.3191,142592.8,0.0,0.0,0
15m,1779531300.0,1.3191,1.3199,1.3176,1.3198,89699.4,0.0,0.0,0
15m,1779532200.0,1.3198,1.3231,1.3189,1.323,221843.13,0.0,0.0,0
15m,1779533100.0,1.323,1.3239,1.3224,1.3228,766112.74,0.0,0.0,0
15m,1779534000.0,1.3228,1.3253,1.3214,1.3234,201742.08,0.0,0.0,0
15m,1779534900.0,1.3234,1.3265,1.3233,1.3257,75157.34,0.0,0.0,0
15m,1779535800.0,1.3257,1.3259,1.3243,1.3245,124124.75,0.0,0.0,0
15m,1779536700.0,1.3245,1.3256,1.324,1.3246,77903.95,0.0,0.0,0
15m,1779537600.0,1.3246,1.3273,1.3242,1.3255,214800.65,0.0,0.0,0
15m,1779538500.0,1.3255,1.3255,1.3241,1.3251,54404.74,0.0,0.0,0
15m,1779539400.0,1.3251,1.3273,1.325,1.3253,59718.77,0.0,0.0,0
15m,1779540300.0,1.3253,1.3268,1.3248,1.3264,46072.09,0.0,0.0,0
15m,1779541200.0,1.3264,1.3311,1.3264,1.3309,175206.06,0.0,0.0,0
15m,1779542100.0,1.3309,1.337,1.3309,1.3357,247239.41,0.0,0.0,0
15m,1779543000.0,1.3357,1.3365,1.3317,1.3325,145569.17,0.0,0.0,0
15m,1779543900.0,1.3325,1.336,1.3325,1.3333,189166.67,0.0,0.0,0
15m,1779544800.0,1.3333,1.3344,1.3316,1.3336,108621.39,0.0,0.0,0
15m,1779545700.0,1.3336,1.3352,1.3328,1.3329,91421.57,0.0,0.0,0
15m,1779546600.0,1.3329,1.3349,1.3327,1.3339,94475.52,0.0,0.0,0
15m,1779547500.0,1.3339,1.3407,1.332,1.3398,1671139.78,0.0,0.0,0
15m,1779548400.0,1.3398,1.342,1.3391,1.3418,173238.27,0.0,0.0,0
15m,1779549300.0,1.3418,1.3419,1.3378,1.3379,1015500.29,0.0,0.0,0
15m,1779550200.0,1.3379,1.3382,1.3355,1.3361,232411.15,0.0,0.0,0
15m,1779551100.0,1.3361,1.3372,1.3354,1.3361,102901.13,0.0,0.0,0
15m,1779552000.0,1.3361,1.3393,1.3345,1.3374,801376.59,0.0,0.0,0
15m,1779552900.0,1.3374,1.338,1.3346,1.3356,104935.21,0.0,0.0,0
15m,1779553800.0,1.3356,1.3388,1.3356,1.3375,29704.48,0.0,0.0,0
15m,1779554700.0,1.3375,1.3389,1.3374,1.3378,46605.58,0.0,0.0,0
15m,1779555600.0,1.3378,1.3392,1.3375,1.3384,75408.52,0.0,0.0,0
15m,1779556500.0,1.3384,1.3393,1.3369,1.3383,68977.78,0.0,0.0,0
15m,1779557400.0,1.3383,1.3387,1.337,1.3378,36384.33,0.0,0.0,0
15m,1779558300.0,1.3378,1.3392,1.3359,1.3386,58125.02,0.0,0.0,0
15m,1779559200.0,1.3386,1.3454,1.3386,1.3448,345142.65,0.0,0.0,0
15m,1779560100.0,1.3448,1.3486,1.3437,1.347,156747.4,0.0,0.0,0
15m,1779561000.0,1.347,1.3509,1.3468,1.3478,161467.14,0.0,0.0,0
15m,1779561900.0,1.3478,1.348,1.3452,1.3454,81413.15,0.0,0.0,0
15m,1779562800.0,1.3454,1.3462,1.343,1.3437,87141.56,0.0,0.0,0
15m,1779563700.0,1.3437,1.3468,1.3437,1.3462,80585.94,0.0,0.0,0
15m,1779564600.0,1.3462,1.3468,1.345,1.3463,46570.42,0.0,0.0,0
15m,1779565500.0,1.3463,1.3474,1.346,1.347,61797.9,0.0,0.0,0
15m,1779566400.0,1.347,1.348,1.3452,1.3467,121558.28,0.0,0.0,0
15m,1779567300.0,1.3467,1.3488,1.3458,1.346,182630.05,0.0,0.0,0
15m,1779568200.0,1.346,1.366,1.3456,1.365,1448585.79,0.0,0.0,0
15m,1779569100.0,1.365,1.3719,1.3623,1.3718,538485.08,0.0,0.0,0
15m,1779570000.0,1.3718,1.3762,1.3652,1.3657,757097.57,0.0,0.0,0
15m,1779570900.0,1.3657,1.3657,1.357,1.357,355909.66,0.0,0.0,0
15m,1779571800.0,1.357,1.3603,1.3539,1.3592,428417.67,0.0,0.0,0
15m,1779572700.0,1.3592,1.3599,1.3555,1.3598,107234.18,0.0,0.0,0
15m,1779573600.0,1.3598,1.3635,1.3595,1.3595,122506.23,0.0,0.0,0
15m,1779574500.0,1.3595,1.3607,1.3572,1.3574,195414.35,0.0,0.0,0
15m,1779575400.0,1.3574,1.3581,1.3529,1.358,535828.41,0.0,0.0,0
15m,1779576300.0,1.358,1.3598,1.3566,1.3588,234675.89,0.0,0.0,0
15m,1779577200.0,1.3588,1.3604,1.3572,1.3586,150157.28,0.0,0.0,0
15m,1779578100.0,1.3586,1.3597,1.3579,1.3593,59528.57,0.0,0.0,0
15m,1779579000.0,1.3593,1.3615,1.3592,1.36,96497.18,0.0,0.0,0
15m,1779579900.0,1.36,1.3603,1.3582,1.3583,126904.03,0.0,0.0,0
15m,1779580800.0,1.3583,1.3599,1.3571,1.3587,114822.99,0.0,0.0,0
15m,1779581700.0,1.3587,1.3608,1.3585,1.3608,39574.17,0.0,0.0,0
15m,1779582600.0,1.3608,1.3635,1.3604,1.3611,84045.88,0.0,0.0,0
15m,1779583500.0,1.3611,1.3636,1.3607,1.362,62371.43,0.0,0.0,0
15m,1779584400.0,1.362,1.3633,1.3617,1.362,102418.95,0.0,0.0,0
15m,1779585300.0,1.362,1.3632,1.3607,1.3625,63471.09,0.0,0.0,0
15m,1779586200.0,1.3625,1.3625,1.36,1.3602,64166.44,0.0,0.0,0
15m,1779587100.0,1.3602,1.3615,1.3596,1.3606,48674.2,0.0,0.0,0
15m,1779588000.0,1.3606,1.3611,1.3588,1.3607,33183.4,0.0,0.0,0
15m,1779588900.0,1.3607,1.3617,1.3585,1.3594,77876.18,0.0,0.0,0
15m,1779589800.0,1.3594,1.3611,1.3592,1.361,56823.92,0.0,0.0,0
15m,1779590700.0,1.361,1.3625,1.3609,1.3611,43269.97,0.0,0.0,0
15m,1779591600.0,1.3611,1.3632,1.3604,1.3615,53474.92,0.0,0.0,0
15m,1779592500.0,1.3615,1.3627,1.3609,1.3619,21096.44,0.0,0.0,0
15m,1779593400.0,1.3619,1.362,1.3595,1.3601,54797.05,0.0,0.0,0
15m,1779594300.0,1.3601,1.3618,1.36,1.3607,73540.81,0.0,0.0,0
15m,1779595200.0,1.3607,1.3618,1.3592,1.3607,87965.03,0.0,0.0,0
15m,1779596100.0,1.3607,1.3612,1.3595,1.3597,29720.32,0.0,0.0,0
15m,1779597000.0,1.3597,1.3614,1.3595,1.3608,46508.15,0.0,0.0,0
15m,1779597900.0,1.3608,1.3613,1.3596,1.361,37686.5,0.0,0.0,0
15m,1779598800.0,1.361,1.3611,1.3589,1.3598,41994.09,0.0,0.0,0
15m,1779599700.0,1.3598,1.3598,1.3564,1.357,65744.37,0.0,0.0,0
15m,1779600600.0,1.357,1.3577,1.355,1.356,198015.59,0.0,0.0,0
15m,1779601500.0,1.356,1.3597,1.356,1.3594,101114.98,0.0,0.0,0
15m,1779602400.0,1.3594,1.3611,1.3594,1.3611,43910.04,0.0,0.0,0
15m,1779603300.0,1.3611,1.3612,1.3585,1.3587,80184.78,0.0,0.0,0
15m,1779604200.0,1.3587,1.3588,1.3572,1.3584,53069.86,0.0,0.0,0
15m,1779605100.0,1.3584,1.3633,1.3582,1.3629,192719.4,0.0,0.0,0
15m,1779606000.0,1.3629,1.3649,1.3605,1.3606,133658.25,0.0,0.0,0
15m,1779606900.0,1.3606,1.3606,1.3595,1.3598,53043.33,0.0,0.0,0
15m,1779607800.0,1.3598,1.3604,1.3592,1.3597,35638.46,0.0,0.0,0
15m,1779608700.0,1.3597,1.3599,1.3588,1.3595,42742.27,0.0,0.0,0
15m,1779609600.0,1.3595,1.3597,1.3577,1.3581,84771.81,0.0,0.0,0
15m,1779610500.0,1.3581,1.3604,1.358,1.3599,48494.35,0.0,0.0,0
15m,1779611400.0,1.3599,1.3615,1.3598,1.3603,180218.4,0.0,0.0,0
15m,1779612300.0,1.3603,1.3613,1.3603,1.361,97113.84,0.0,0.0,0
15m,1779613200.0,1.361,1.3656,1.3606,1.3651,248526.29,0.0,0.0,0
15m,1779614100.0,1.3651,1.3669,1.3644,1.3654,265341.83,0.0,0.0,0
15m,1779615000.0,1.3654,1.3656,1.3637,1.3642,98329.92,0.0,0.0,0
15m,1779615900.0,1.3642,1.365,1.3639,1.3646,38271.12,0.0,0.0,0
15m,1779616800.0,1.3646,1.3656,1.3636,1.3655,141298.08,0.0,0.0,0
15m,1779617700.0,1.3655,1.3709,1.365,1.3677,477580.37,0.0,0.0,0
15m,1779618600.0,1.3677,1.369,1.3646,1.3653,420191.08,0.0,0.0,0
15m,1779619500.0,1.3653,1.3653,1.3628,1.3635,144037.6,0.0,0.0,0
15m,1779620400.0,1.3635,1.3665,1.3626,1.3631,145989.23,0.0,0.0,0
15m,1779621300.0,1.3631,1.3673,1.3619,1.366,779309.86,0.0,0.0,0
15m,1779622200.0,1.366,1.3677,1.366,1.3671,82219.99,0.0,0.0,0
15m,1779623100.0,1.3671,1.3719,1.3642,1.3655,1037425.49,0.0,0.0,0
15m,1779624000.0,1.3655,1.3658,1.3634,1.3641,91374.14,0.0,0.0,0
15m,1779624900.0,1.3641,1.3641,1.361,1.3621,224625.76,0.0,0.0,0
15m,1779625800.0,1.3621,1.3633,1.3616,1.3632,80748.99,0.0,0.0,0
15m,1779626700.0,1.3632,1.3644,1.362,1.3628,339032.08,0.0,0.0,0
15m,1779627600.0,1.3628,1.3638,1.362,1.3625,60202.47,0.0,0.0,0
15m,1779628500.0,1.3625,1.3637,1.3609,1.3613,110645.76,0.0,0.0,0
15m,1779629400.0,1.3613,1.363,1.3603,1.3626,73501.78,0.0,0.0,0
15m,1779630300.0,1.3626,1.3627,1.3567,1.3589,166752.56,0.0,0.0,0
15m,1779631200.0,1.3589,1.3597,1.349,1.3505,436072.23,0.0,0.0,0
15m,1779632100.0,1.3505,1.3506,1.3387,1.3479,751721.97,0.0,0.0,0
15m,1779633000.0,1.3479,1.3509,1.3476,1.3496,149330.63,0.0,0.0,0
15m,1779633900.0,1.3496,1.3511,1.3486,1.35,89004.51,0.0,0.0,0
15m,1779634800.0,1.35,1.3512,1.3488,1.3505,89708.89,0.0,0.0,0
15m,1779635700.0,1.3505,1.351,1.3484,1.3493,83331.3,0.0,0.0,0
15m,1779636600.0,1.3493,1.3504,1.349,1.35,29964.77,0.0,0.0,0
15m,1779637500.0,1.35,1.35,1.3482,1.3484,107304.6,0.0,0.0,0
15m,1779638400.0,1.3484,1.3518,1.347,1.3507,148887.32,0.0,0.0,0
15m,1779639300.0,1.3507,1.3527,1.3487,1.3496,76998.19,0.0,0.0,0
15m,1779640200.0,1.3496,1.3498,1.3474,1.3486,14879.04,0.0,0.0,0
15m,1779641100.0,1.3486,1.3513,1.3486,1.3509,30809.28,0.0,0.0,0
15m,1779642000.0,1.3509,1.3528,1.3508,1.352,50669.39,0.0,0.0,0
15m,1779642900.0,1.352,1.3528,1.3512,1.3523,39219.03,0.0,0.0,0
15m,1779643800.0,1.3523,1.3537,1.3517,1.3537,51875.19,0.0,0.0,0
15m,1779644700.0,1.3537,1.3545,1.3529,1.3532,60606.39,0.0,0.0,0
15m,1779645600.0,1.3532,1.3534,1.3509,1.3518,39204.59,0.0,0.0,0
15m,1779646500.0,1.3518,1.3525,1.3503,1.3507,53610.54,0.0,0.0,0
15m,1779647400.0,1.3507,1.3508,1.3485,1.3495,131419.06,0.0,0.0,0
15m,1779648300.0,1.3495,1.3497,1.3477,1.3486,204867.61,0.0,0.0,0
15m,1779649200.0,1.3486,1.3505,1.3483,1.3492,67357.66,0.0,0.0,0
15m,1779650100.0,1.3492,1.3503,1.3468,1.3469,98655.4,0.0,0.0,0
15m,1779651000.0,1.3469,1.3489,1.3461,1.3484,120677.09,0.0,0.0,0
15m,1779651900.0,1.3484,1.3499,1.3484,1.3492,54759.76,0.0,0.0,0
15m,1779652800.0,1.3492,1.3496,1.3453,1.3461,137981.26,0.0,0.0,0
15m,1779653700.0,1.3461,1.347,1.3443,1.3461,115554.22,0.0,0.0,0
15m,1779654600.0,1.3461,1.3465,1.3438,1.3445,58243.33,0.0,0.0,0
15m,1779655500.0,1.3445,1.3458,1.343,1.3449,63884.96,0.0,0.0,0
15m,1779656400.0,1.3449,1.3472,1.3442,1.3455,198096.56,0.0,0.0,0
15m,1779657300.0,1.3455,1.3455,1.3399,1.3406,288014.65,0.0,0.0,0
15m,1779658200.0,1.3406,1.3419,1.3337,1.3345,739327.77,0.0,0.0,0
15m,1779659100.0,1.3345,1.3388,1.3324,1.3364,210841.02,0.0,0.0,0
15m,1779660000.0,1.3364,1.3504,1.3358,1.3491,496591.23,0.0,0.0,0
15m,1779660900.0,1.3491,1.3512,1.3481,1.3492,101118.09,0.0,0.0,0
15m,1779661800.0,1.3492,1.3507,1.3454,1.3474,202156.15,0.0,0.0,0
15m,1779662700.0,1.3474,1.3501,1.3474,1.3476,84944.8,0.0,0.0,0
15m,1779663600.0,1.3476,1.3503,1.3476,1.35,44130.2,0.0,0.0,0
15m,1779664500.0,1.35,1.3506,1.3481,1.3488,65003.26,0.0,0.0,0
15m,1779665400.0,1.3488,1.3539,1.3488,1.3537,252200.72,0.0,0.0,0
15m,1779666300.0,1.3537,1.3537,1.3506,1.3506,79202.3,0.0,0.0,0
15m,1779667200.0,1.3506,1.354,1.3506,1.3526,126568.79,0.0,0.0,0
15m,1779668100.0,1.3526,1.3544,1.3521,1.3543,121006.6,0.0,0.0,0
15m,1779669000.0,1.3543,1.3556,1.3521,1.3522,97327.75,0.0,0.0,0
15m,1779669900.0,1.3522,1.3544,1.3508,1.3517,259650.84,0.0,0.0,0
15m,1779670800.0,1.3517,1.3529,1.3503,1.3529,76402.58,0.0,0.0,0
15m,1779671700.0,1.3529,1.355,1.3526,1.3549,86091.91,0.0,0.0,0
15m,1779672600.0,1.3549,1.3551,1.3522,1.3523,64185.42,0.0,0.0,0
15m,1779673500.0,1.3523,1.3527,1.3469,1.3473,121040.78,0.0,0.0,0
15m,1779674400.0,1.3473,1.3584,1.3473,1.3551,1416602.08,0.0,0.0,0
15m,1779675300.0,1.3551,1.3551,1.3471,1.3488,173325.21,0.0,0.0,0
15m,1779676200.0,1.3488,1.3499,1.3471,1.3484,70433.46,0.0,0.0,0
15m,1779677100.0,1.3484,1.3488,1.3468,1.3472,87657.91,0.0,0.0,0
15m,1779678000.0,1.3472,1.3487,1.3458,1.3465,76882.76,0.0,0.0,0
15m,1779678900.0,1.3465,1.3473,1.3446,1.3449,72477.75,0.0,0.0,0
15m,1779679800.0,1.3449,1.346,1.3435,1.3456,52948.4,0.0,0.0,0
15m,1779680700.0,1.3456,1.3477,1.3445,1.3468,53655.94,0.0,0.0,0
15m,1779681600.0,1.3468,1.3483,1.3458,1.3462,53034.81,0.0,0.0,0
15m,1779682500.0,1.3462,1.3496,1.3452,1.3495,179533.53,0.0,0.0,0
15m,1779683400.0,1.3495,1.352,1.3495,1.352,175987.39,0.0,0.0,0
15m,1779684300.0,1.352,1.3567,1.3514,1.3556,376564.48,0.0,0.0,0
15m,1779685200.0,1.3556,1.3583,1.3542,1.3581,555731.04,0.0,0.0,0
15m,1779686100.0,1.3581,1.3599,1.3568,1.3584,601810.56,0.0,0.0,0
15m,1779687000.0,1.3584,1.361,1.3582,1.3605,258534.27,0.0,0.0,0
15m,1779687900.0,1.3605,1.3605,1.3581,1.3584,108780.78,0.0,0.0,0
15m,1779688800.0,1.3584,1.3611,1.3571,1.3572,165737.85,0.0,0.0,0
15m,1779689700.0,1.3572,1.3573,1.3543,1.3557,100505.31,0.0,0.0,0
15m,1779690600.0,1.3557,1.3598,1.3557,1.3581,84352.16,0.0,0.0,0
15m,1779691500.0,1.3581,1.3593,1.3576,1.3584,46468.49,0.0,0.0,0
15m,1779692400.0,1.3584,1.361,1.3574,1.3576,173532.11,0.0,0.0,0
15m,1779693300.0,1.3576,1.3586,1.3534,1.3536,102306.76,0.0,0.0,0
15m,1779694200.0,1.3536,1.3566,1.3526,1.3552,675304.05,0.0,0.0,0
15m,1779695100.0,1.3552,1.3595,1.3542,1.3589,751794.5,0.0,0.0,0
15m,1779696000.0,1.3589,1.3605,1.3581,1.3595,225519.23,0.0,0.0,0
15m,1779696900.0,1.3595,1.3608,1.3585,1.3603,1131389.42,0.0,0.0,0
15m,1779697800.0,1.3603,1.3656,1.3566,1.359,1105942.77,0.0,0.0,0
15m,1779698700.0,1.359,1.3604,1.3585,1.3592,179087.51,0.0,0.0,0
15m,1779699600.0,1.3592,1.3599,1.3586,1.359,92125.82,0.0,0.0,0
15m,1779700500.0,1.359,1.3617,1.3571,1.3609,387245.23,0.0,0.0,0
15m,1779701400.0,1.3609,1.3634,1.3607,1.3611,227153.22,0.0,0.0,0
15m,1779702300.0,1.3611,1.3622,1.3601,1.3611,318002.89,0.0,0.0,0
15m,1779703200.0,1.3611,1.3616,1.3603,1.3604,234995.28,0.0,0.0,0
15m,1779704100.0,1.3604,1.3611,1.3592,1.36,192739.07,0.0,0.0,0
15m,1779705000.0,1.36,1.3606,1.3592,1.3602,78272.76,0.0,0.0,0
15m,1779705900.0,1.3602,1.3617,1.36,1.3606,73335.51,0.0,0.0,0
15m,1779706800.0,1.3606,1.3612,1.3588,1.3593,318707.32,0.0,0.0,0
15m,1779707700.0,1.3593,1.3594,1.3584,1.3586,243365.11,0.0,0.0,0
15m,1779708600.0,1.3586,1.3614,1.3586,1.3592,400058.28,0.0,0.0,0
15m,1779709500.0,1.3592,1.3601,1.3572,1.3576,284317.2,0.0,0.0,0
15m,1779710400.0,1.3576,1.3578,1.3564,1.3577,453395.38,0.0,0.0,0
15m,1779711300.0,1.3577,1.3586,1.3566,1.3581,527575.5,0.0,0.0,0
15m,1779712200.0,1.3581,1.359,1.3572,1.3582,414338.81,0.0,0.0,0
15m,1779713100.0,1.3582,1.359,1.3568,1.3571,510948.57,0.0,0.0,0
15m,1779714000.0,1.3571,1.3587,1.3555,1.3559,341384.26,0.0,0.0,0
15m,1779714900.0,1.3559,1.3575,1.3557,1.3568,228616.07,0.0,0.0,0
15m,1779715800.0,1.3568,1.3577,1.3554,1.3577,329202.76,0.0,0.0,0
15m,1779716700.0,1.3577,1.3586,1.3566,1.3581,208937.84,0.0,0.0,0
15m,1779717600.0,1.3581,1.3614,1.3575,1.3597,253247.15,0.0,0.0,0
15m,1779718500.0,1.3597,1.3624,1.3597,1.3622,189354.36,0.0,0.0,0
15m,1779719400.0,1.3622,1.3623,1.3585,1.3593,207307.07,0.0,0.0,0
15m,1779720300.0,1.3593,1.3624,1.3593,1.3612,291899.9,0.0,0.0,0
15m,1779721200.0,1.3612,1.3654,1.3604,1.3606,612335.84,0.0,0.0,0
15m,1779722100.0,1.3606,1.3614,1.3575,1.3582,214865.25,0.0,0.0,0
15m,1779723000.0,1.3582,1.3603,1.3577,1.3598,181937.79,0.0,0.0,0
15m,1779723900.0,1.3598,1.3603,1.3579,1.3587,269023.05,0.0,0.0,0
15m,1779724800.0,1.3587,1.3591,1.3571,1.3572,205955.93,0.0,0.0,0
15m,1779725700.0,1.3572,1.3595,1.3572,1.3586,223289.24,0.0,0.0,0
15m,1779726600.0,1.3586,1.3607,1.3576,1.3606,86189.1,0.0,0.0,0
15m,1779727500.0,1.3606,1.3638,1.3601,1.3628,276229.87,0.0,0.0,0
15m,1779728400.0,1.3628,1.3639,1.3621,1.3626,138505.36,0.0,0.0,0
15m,1779729300.0,1.3626,1.3626,1.3607,1.3626,61580.6,0.0,0.0,0
15m,1779730200.0,1.3626,1.363,1.3609,1.3621,99827.69,0.0,0.0,0
15m,1779731100.0,1.3621,1.3622,1.3601,1.3612,157215.98,0.0,0.0,0
15m,1779732000.0,1.3612,1.3633,1.3611,1.3626,33624.28,0.0,0.0,0
15m,1779732900.0,1.3626,1.363,1.3616,1.362,44829.84,0.0,0.0,0
15m,1779733800.0,1.362,1.362,1.3597,1.3602,103874.34,0.0,0.0,0
15m,1779734700.0,1.3602,1.3605,1.3587,1.3588,22379.59,0.0,0.0,0
15m,1779735600.0,1.3588,1.3588,1.3562,1.3579,52634.96,0.0,0.0,0
15m,1779736500.0,1.3579,1.3581,1.3564,1.3579,92287.26,0.0,0.0,0
15m,1779737400.0,1.3579,1.3587,1.3544,1.3559,132320.49,0.0,0.0,0
15m,1779738300.0,1.3559,1.3576,1.3559,1.357,46513.64,0.0,0.0,0
15m,1779739200.0,1.357,1.3591,1.3567,1.3586,44634.15,0.0,0.0,0
15m,1779740100.0,1.3586,1.3595,1.3572,1.3573,52591.37,0.0,0.0,0
15m,1779741000.0,1.3573,1.3575,1.3515,1.3536,144138.33,0.0,0.0,0
15m,1779741900.0,1.3536,1.3561,1.3528,1.3544,148455.08,0.0,0.0,0
15m,1779742800.0,1.3544,1.3567,1.3544,1.3563,196297.33,0.0,0.0,0
15m,1779743700.0,1.3563,1.3564,1.3548,1.3559,35006.7,0.0,0.0,0
15m,1779744600.0,1.3559,1.3562,1.3542,1.3549,59387.64,0.0,0.0,0
15m,1779745500.0,1.3549,1.3557,1.3543,1.3547,55415.31,0.0,0.0,0
15m,1779746400.0,1.3547,1.3558,1.3525,1.3547,130115.52,0.0,0.0,0
15m,1779747300.0,1.3547,1.3552,1.3507,1.3518,345076.48,0.0,0.0,0
15m,1779748200.0,1.3518,1.3518,1.3467,1.3503,323623.01,0.0,0.0,0
15m,1779749100.0,1.3503,1.3515,1.3489,1.349,98151.7,0.0,0.0,0
15m,1779750000.0,1.349,1.3522,1.3471,1.3506,208870.81,0.0,0.0,0
15m,1779750900.0,1.3506,1.3515,1.35,1.3506,116494.02,0.0,0.0,0
15m,1779751800.0,1.3506,1.3516,1.3502,1.3505,40960.85,0.0,0.0,0
15m,1779752700.0,1.3505,1.3509,1.3494,1.3501,99525.57,0.0,0.0,0
15m,1779753600.0,1.3501,1.3514,1.3488,1.3498,80726.18,0.0,0.0,0
15m,1779754500.0,1.3498,1.3499,1.347,1.3474,83996.98,0.0,0.0,0
15m,1779755400.0,1.3474,1.3484,1.3418,1.3425,209190.46,0.0,0.0,0
15m,1779756300.0,1.3425,1.3434,1.3355,1.3423,379424.65,0.0,0.0,0
15m,1779757200.0,1.3423,1.3434,1.3379,1.3434,896140.77,0.0,0.0,0
15m,1779758100.0,1.3434,1.3447,1.3409,1.342,156434.45,0.0,0.0,0
15m,1779759000.0,1.342,1.342,1.3372,1.3386,246006.19,0.0,0.0,0
15m,1779759900.0,1.3386,1.3408,1.3386,1.3397,99387.51,0.0,0.0,0
15m,1779760800.0,1.3397,1.3403,1.3371,1.3389,124233.17,0.0,0.0,0
15m,1779761700.0,1.3389,1.3397,1.3376,1.3379,63160.98,0.0,0.0,0
15m,1779762600.0,1.3379,1.3398,1.3374,1.3374,205603.75,0.0,0.0,0
15m,1779763500.0,1.3374,1.3385,1.3358,1.3373,116990.43,0.0,0.0,0
15m,1779764400.0,1.3373,1.3375,1.3344,1.3344,241525.95,0.0,0.0,0
15m,1779765300.0,1.3344,1.337,1.3341,1.337,132915.89,0.0,0.0,0
15m,1779766200.0,1.337,1.3399,1.3367,1.3396,83378.76,0.0,0.0,0
15m,1779767100.0,1.3396,1.3409,1.3396,1.3402,105265.49,0.0,0.0,0
15m,1779768000.0,1.3402,1.3412,1.34,1.3407,125915.35,0.0,0.0,0
15m,1779768900.0,1.3407,1.3438,1.3398,1.3435,127537.67,0.0,0.0,0
15m,1779769800.0,1.3435,1.3461,1.3434,1.3454,155257.44,0.0,0.0,0
15m,1779770700.0,1.3454,1.3465,1.3451,1.3454,101624.48,0.0,0.0,0
15m,1779771600.0,1.3454,1.3468,1.3445,1.3464,82841.69,0.0,0.0,0
15m,1779772500.0,1.3464,1.3477,1.3463,1.347,69822.38,0.0,0.0,0
15m,1779773400.0,1.347,1.3506,1.347,1.3486,143294.22,0.0,0.0,0
15m,1779774300.0,1.3486,1.3487,1.3463,1.3478,329151.44,0.0,0.0,0
15m,1779775200.0,1.3478,1.3479,1.3462,1.3473,152135.29,0.0,0.0,0
15m,1779776100.0,1.3473,1.3476,1.3447,1.3464,305526.24,0.0,0.0,0
15m,1779777000.0,1.3464,1.3497,1.3464,1.3493,207371.27,0.0,0.0,0
15m,1779777900.0,1.3493,1.3493,1.348,1.3481,92874.81,0.0,0.0,0
15m,1779778800.0,1.3481,1.3489,1.3433,1.3436,167287.56,0.0,0.0,0
15m,1779779700.0,1.3436,1.3437,1.3413,1.3429,230234.07,0.0,0.0,0
15m,1779780600.0,1.3429,1.343,1.3394,1.3405,267018.35,0.0,0.0,0
15m,1779781500.0,1.3405,1.3429,1.34,1.3407,107765.68,0.0,0.0,0
15m,1779782400.0,1.3407,1.3441,1.3404,1.3422,297640.31,0.0,0.0,0
15m,1779783300.0,1.3422,1.3425,1.3407,1.3422,61085.79,0.0,0.0,0
15m,1779784200.0,1.3422,1.3434,1.3408,1.3431,70341.9,0.0,0.0,0
15m,1779785100.0,1.3431,1.3431,1.3397,1.3407,124762.9,0.0,0.0,0
15m,1779786000.0,1.3407,1.342,1.3395,1.3408,136153.09,0.0,0.0,0
15m,1779786900.0,1.3408,1.3434,1.3395,1.3421,261680.69,0.0,0.0,0
15m,1779787800.0,1.3421,1.3434,1.3413,1.3425,78618.11,0.0,0.0,0
15m,1779788700.0,1.3425,1.3427,1.341,1.3419,50074.26,0.0,0.0,0
15m,1779789600.0,1.3419,1.3444,1.3401,1.3442,437806.27,0.0,0.0,0
15m,1779790500.0,1.3442,1.3566,1.3438,1.3561,493236.29,0.0,0.0,0
15m,1779791400.0,1.3561,1.3595,1.3557,1.3585,456803.34,0.0,0.0,0
15m,1779792300.0,1.3585,1.3595,1.3566,1.357,192266.21,0.0,0.0,0
15m,1779793200.0,1.357,1.3578,1.3545,1.3555,283712.55,0.0,0.0,0
15m,1779794100.0,1.3555,1.3556,1.352,1.3527,313175.39,0.0,0.0,0
15m,1779795000.0,1.3527,1.3546,1.3517,1.3535,182819.95,0.0,0.0,0
15m,1779795900.0,1.3535,1.3537,1.352,1.3521,186570.45,0.0,0.0,0
15m,1779796800.0,1.3521,1.3532,1.3478,1.3518,321696.77,0.0,0.0,0
15m,1779797700.0,1.3518,1.3525,1.3501,1.3515,103668.11,0.0,0.0,0
15m,1779798600.0,1.3515,1.3534,1.3509,1.3532,100173.64,0.0,0.0,0
15m,1779799500.0,1.3532,1.3558,1.3532,1.3551,574374.87,0.0,0.0,0
15m,1779800400.0,1.3551,1.356,1.3542,1.3546,104559.24,0.0,0.0,0
15m,1779801300.0,1.3546,1.3547,1.3505,1.3506,286285.64,0.0,0.0,0
15m,1779802200.0,1.3506,1.3537,1.3483,1.3522,217587.67,0.0,0.0,0
15m,1779803100.0,1.3522,1.3603,1.3522,1.3558,308721.44,0.0,0.0,0
15m,1779804000.0,1.3558,1.3587,1.3554,1.3584,113251.78,0.0,0.0,0
15m,1779804900.0,1.3584,1.3655,1.3576,1.3635,525982.53,0.0,0.0,0
15m,1779805800.0,1.3635,1.364,1.3485,1.35,389597.63,0.0,0.0,0
15m,1779806700.0,1.35,1.3554,1.3478,1.3525,395104.0,0.0,0.0,0
15m,1779807600.0,1.3525,1.3537,1.3482,1.3527,316020.39,0.0,0.0,0
15m,1779808500.0,1.3527,1.3536,1.345,1.3474,514191.87,0.0,0.0,0
15m,1779809400.0,1.3474,1.3482,1.3428,1.3467,698975.02,0.0,0.0,0
15m,1779810300.0,1.3467,1.347,1.3397,1.3449,640061.28,0.0,0.0,0
15m,1779811200.0,1.3449,1.3456,1.3378,1.3407,470703.79,0.0,0.0,0
15m,1779812100.0,1.3407,1.3438,1.3405,1.3421,621498.64,0.0,0.0,0
15m,1779813000.0,1.3421,1.3443,1.3398,1.3424,197472.88,0.0,0.0,0
15m,1779813900.0,1.3424,1.3436,1.3384,1.3409,370118.96,0.0,0.0,0
15m,1779814800.0,1.3409,1.3434,1.3397,1.3397,121980.86,0.0,0.0,0
15m,1779815700.0,1.3397,1.3399,1.3305,1.3308,1156790.56,0.0,0.0,0
15m,1779816600.0,1.3308,1.3332,1.3272,1.333,921562.86,0.0,0.0,0
15m,1779817500.0,1.333,1.336,1.3326,1.3333,264649.65,0.0,0.0,0
15m,1779818400.0,1.3333,1.3347,1.3313,1.3344,309156.09,0.0,0.0,0
15m,1779819300.0,1.3344,1.3386,1.3342,1.3366,191207.29,0.0,0.0,0
15m,1779820200.0,1.3366,1.3371,1.33,1.3304,198782.57,0.0,0.0,0
15m,1779821100.0,1.3304,1.3336,1.3288,1.3298,220052.0,0.0,0.0,0
15m,1779822000.0,1.3298,1.3317,1.3286,1.3288,264888.84,0.0,0.0,0
15m,1779822900.0,1.3288,1.3307,1.327,1.3299,216010.13,0.0,0.0,0
15m,1779823800.0,1.3299,1.3344,1.3296,1.3338,166295.92,0.0,0.0,0
15m,1779824700.0,1.3338,1.3344,1.3318,1.332,115327.91,0.0,0.0,0
15m,1779825600.0,1.332,1.3333,1.3313,1.3329,202629.24,0.0,0.0,0
15m,1779826500.0,1.3329,1.3337,1.3309,1.3337,89831.17,0.0,0.0,0
15m,1779827400.0,1.3337,1.3338,1.3317,1.3329,130147.41,0.0,0.0,0
15m,1779828300.0,1.3329,1.334,1.3328,1.3334,80704.48,0.0,0.0,0
15m,1779829200.0,1.3334,1.3335,1.3282,1.3289,460236.16,0.0,0.0,0
15m,1779830100.0,1.3289,1.333,1.3286,1.3329,127224.79,0.0,0.0,0
15m,1779831000.0,1.3329,1.3347,1.3328,1.3334,134651.83,0.0,0.0,0
15m,1779831900.0,1.3334,1.3347,1.3306,1.3315,206254.75,0.0,0.0,0
15m,1779832800.0,1.3315,1.3336,1.3289,1.3309,272218.01,0.0,0.0,0
15m,1779833700.0,1.3309,1.3322,1.3303,1.331,134412.85,0.0,0.0,0
15m,1779834600.0,1.331,1.3317,1.3295,1.3297,196498.33,0.0,0.0,0
15m,1779835500.0,1.3297,1.3305,1.3287,1.3298,295165.66,0.0,0.0,0
15m,1779836400.0,1.3298,1.3317,1.3298,1.3311,121322.04,0.0,0.0,0
15m,1779837300.0,1.3311,1.3313,1.3298,1.3302,41392.26,0.0,0.0,0
15m,1779838200.0,1.3302,1.3309,1.3299,1.3302,55189.95,0.0,0.0,0
15m,1779839100.0,1.3302,1.3304,1.3288,1.3291,49160.07,0.0,0.0,0
15m,1779840000.0,1.3291,1.3318,1.3291,1.3316,105262.77,0.0,0.0,0
15m,1779840900.0,1.3316,1.3316,1.3289,1.3302,159399.06,0.0,0.0,0
15m,1779841800.0,1.3302,1.3319,1.3294,1.331,351437.98,0.0,0.0,0
15m,1779842700.0,1.331,1.3327,1.331,1.3324,127371.36,0.0,0.0,0
15m,1779843600.0,1.3324,1.333,1.3317,1.333,576258.25,0.0,0.0,0
15m,1779844500.0,1.333,1.333,1.3295,1.3311,100243.33,0.0,0.0,0
15m,1779845400.0,1.3311,1.3323,1.33,1.3311,62344.83,0.0,0.0,0
15m,1779846300.0,1.3311,1.3325,1.3297,1.3306,67406.3,0.0,0.0,0
15m,1779847200.0,1.3306,1.3311,1.3286,1.3297,225614.13,0.0,0.0,0
15m,1779848100.0,1.3297,1.3302,1.3263,1.3288,181301.46,0.0,0.0,0
15m,1779849000.0,1.3288,1.33,1.3279,1.329,54416.24,0.0,0.0,0
15m,1779849900.0,1.329,1.3312,1.3287,1.3312,59489.62,0.0,0.0,0
15m,1779850800.0,1.3312,1.3331,1.3302,1.3321,71851.77,0.0,0.0,0
15m,1779851700.0,1.3321,1.3328,1.3305,1.3317,148941.55,0.0,0.0,0
15m,1779852600.0,1.3317,1.3325,1.3297,1.3303,74183.72,0.0,0.0,0
15m,1779853500.0,1.3303,1.3303,1.3265,1.3277,121092.66,0.0,0.0,0
15m,1779854400.0,1.3277,1.3284,1.3265,1.3273,66420.09,0.0,0.0,0
15m,1779855300.0,1.3273,1.3274,1.3236,1.3246,263322.5,0.0,0.0,0
15m,1779856200.0,1.3246,1.3253,1.3213,1.3242,365801.51,0.0,0.0,0
15m,1779857100.0,1.3242,1.3312,1.3242,1.3308,139754.15,0.0,0.0,0
15m,1779858000.0,1.3308,1.3327,1.3305,1.331,84225.42,0.0,0.0,0
15m,1779858900.0,1.331,1.3323,1.33,1.3313,114057.13,0.0,0.0,0
15m,1779859800.0,1.3313,1.332,1.3295,1.3305,396822.46,0.0,0.0,0
15m,1779860700.0,1.3305,1.3317,1.33,1.331,258405.64,0.0,0.0,0
15m,1779861600.0,1.331,1.3329,1.3303,1.3311,139984.98,0.0,0.0,0
15m,1779862500.0,1.3311,1.3325,1.3303,1.3324,78113.56,0.0,0.0,0
15m,1779863400.0,1.3324,1.336,1.3324,1.3357,169009.86,0.0,0.0,0
15m,1779864300.0,1.3357,1.3369,1.3355,1.3359,148684.13,0.0,0.0,0
15m,1779865200.0,1.3359,1.3368,1.3342,1.3345,179936.1,0.0,0.0,0
15m,1779866100.0,1.3345,1.3345,1.3332,1.3343,57746.21,0.0,0.0,0
15m,1779867000.0,1.3343,1.3346,1.3314,1.3314,175958.31,0.0,0.0,0
15m,1779867900.0,1.3314,1.3322,1.3302,1.3319,213769.72,0.0,0.0,0
15m,1779868800.0,1.3319,1.3361,1.3296,1.3348,1322763.91,0.0,0.0,0
15m,1779869700.0,1.3348,1.3376,1.334,1.3367,192363.84,0.0,0.0,0
15m,1779870600.0,1.3367,1.3368,1.3357,1.336,62064.89,0.0,0.0,0
15m,1779871500.0,1.336,1.3364,1.3334,1.3354,211402.26,0.0,0.0,0
15m,1779872400.0,1.3354,1.3357,1.3323,1.3345,591075.89,0.0,0.0,0
15m,1779873300.0,1.3345,1.3372,1.3279,1.3307,901327.27,0.0,0.0,0
15m,1779874200.0,1.3307,1.3324,1.33,1.3313,147440.55,0.0,0.0,0
15m,1779875100.0,1.3313,1.3316,1.3293,1.3293,227105.27,0.0,0.0,0
15m,1779876000.0,1.3293,1.3346,1.3287,1.3324,1019676.39,0.0,0.0,0
15m,1779876900.0,1.3324,1.3344,1.3324,1.3325,379981.18,0.0,0.0,0
15m,1779877800.0,1.3325,1.3327,1.3303,1.3308,227451.55,0.0,0.0,0
15m,1779878700.0,1.3308,1.3313,1.3294,1.3301,157496.2,0.0,0.0,0
15m,1779879600.0,1.3301,1.3329,1.3296,1.332,229544.34,0.0,0.0,0
15m,1779880500.0,1.332,1.3338,1.3318,1.3318,252408.6,0.0,0.0,0
15m,1779881400.0,1.3318,1.3318,1.3289,1.3303,390430.26,0.0,0.0,0
15m,1779882300.0,1.3303,1.3306,1.329,1.3296,243914.07,0.0,0.0,0
15m,1779883200.0,1.3296,1.3296,1.3248,1.3267,535418.72,0.0,0.0,0
15m,1779884100.0,1.3267,1.3406,1.3255,1.3354,945453.36,0.0,0.0,0
15m,1779885000.0,1.3354,1.3371,1.333,1.3362,310127.61,0.0,0.0,0
15m,1779885900.0,1.3362,1.3363,1.3316,1.3318,262679.48,0.0,0.0,0
15m,1779886800.0,1.3318,1.3333,1.327,1.3278,341434.89,0.0,0.0,0
15m,1779887700.0,1.3278,1.329,1.3253,1.3258,336640.45,0.0,0.0,0
15m,1779888600.0,1.3258,1.3269,1.3186,1.3205,726809.03,0.0,0.0,0
15m,1779889500.0,1.3205,1.3247,1.3197,1.3243,667366.18,0.0,0.0,0
15m,1779890400.0,1.3243,1.328,1.321,1.3215,464092.86,0.0,0.0,0
15m,1779891300.0,1.3215,1.3241,1.319,1.3209,418181.93,0.0,0.0,0
15m,1779892200.0,1.3209,1.3252,1.3209,1.3249,560254.06,0.0,0.0,0
15m,1779893100.0,1.3249,1.3308,1.3249,1.3303,311493.95,0.0,0.0,0
15m,1779894000.0,1.3303,1.3357,1.33,1.3355,226314.08,0.0,0.0,0
15m,1779894900.0,1.3355,1.3436,1.3352,1.339,731649.68,0.0,0.0,0
15m,1779895800.0,1.339,1.3423,1.3362,1.3366,238955.58,0.0,0.0,0
15m,1779896700.0,1.3366,1.3381,1.3348,1.3364,109215.16,0.0,0.0,0
15m,1779897600.0,1.3364,1.3389,1.335,1.3364,132491.15,0.0,0.0,0
15m,1779898500.0,1.3364,1.3368,1.3315,1.3321,117413.2,0.0,0.0,0
15m,1779899400.0,1.3321,1.3324,1.3281,1.3302,139082.52,0.0,0.0,0
15m,1779900300.0,1.3302,1.3327,1.3295,1.3324,79498.8,0.0,0.0,0
15m,1779901200.0,1.3324,1.3326,1.3211,1.3218,326394.27,0.0,0.0,0
15m,1779902100.0,1.3218,1.3251,1.3201,1.3243,208084.21,0.0,0.0,0
15m,1779903000.0,1.3243,1.3256,1.3216,1.3219,66949.03,0.0,0.0,0
15m,1779903900.0,1.3219,1.3234,1.3176,1.3207,426137.19,0.0,0.0,0
15m,1779904800.0,1.3207,1.322,1.3177,1.3191,194810.75,0.0,0.0,0
15m,1779905700.0,1.3191,1.322,1.3186,1.3219,77429.33,0.0,0.0,0
15m,1779906600.0,1.3219,1.324,1.3206,1.3232,77769.64,0.0,0.0,0
15m,1779907500.0,1.3232,1.3273,1.3232,1.3267,58225.61,0.0,0.0,0
15m,1779908400.0,1.3267,1.3332,1.3267,1.333,197134.55,0.0,0.0,0
15m,1779909300.0,1.333,1.3341,1.3312,1.3317,122851.44,0.0,0.0,0
15m,1779910200.0,1.3317,1.334,1.3307,1.3313,180865.42,0.0,0.0,0
15m,1779911100.0,1.3313,1.3319,1.3291,1.3306,335199.52,0.0,0.0,0
15m,1779912000.0,1.3306,1.3335,1.3293,1.3325,210722.79,0.0,0.0,0
15m,1779912900.0,1.3325,1.3348,1.3297,1.33,99578.18,0.0,0.0,0
15m,1779913800.0,1.33,1.3305,1.3276,1.329,62499.91,0.0,0.0,0
15m,1779914700.0,1.329,1.3312,1.329,1.331,40549.49,0.0,0.0,0
15m,1779915600.0,1.331,1.3329,1.3299,1.3318,130168.11,0.0,0.0,0
15m,1779916500.0,1.3318,1.3325,1.3289,1.3289,108663.83,0.0,0.0,0
15m,1779917400.0,1.3289,1.3289,1.3142,1.3178,1422871.4,0.0,0.0,0
15m,1779918300.0,1.3178,1.3178,1.3115,1.3158,993858.78,0.0,0.0,0
15m,1779919200.0,1.3158,1.3208,1.31,1.3131,670521.08,0.0,0.0,0
15m,1779920100.0,1.3131,1.3159,1.3103,1.3148,352693.93,0.0,0.0,0
15m,1779921000.0,1.3148,1.3162,1.3122,1.3143,136940.97,0.0,0.0,0
15m,1779921900.0,1.3143,1.3155,1.3108,1.3108,395587.18,0.0,0.0,0
15m,1779922800.0,1.3108,1.3124,1.307,1.309,506755.64,0.0,0.0,0
15m,1779923700.0,1.309,1.3105,1.3033,1.3045,386020.74,0.0,0.0,0
15m,1779924600.0,1.3045,1.307,1.3037,1.3067,185719.47,0.0,0.0,0
15m,1779925500.0,1.3067,1.309,1.3049,1.3076,143716.65,0.0,0.0,0
15m,1779926400.0,1.3076,1.31,1.3061,1.3067,150119.74,0.0,0.0,0
15m,1779927300.0,1.3067,1.3108,1.3061,1.3087,161165.36,0.0,0.0,0
15m,1779928200.0,1.3087,1.3112,1.3087,1.3107,144303.35,0.0,0.0,0
15m,1779929100.0,1.3107,1.3111,1.3072,1.3096,116963.43,0.0,0.0,0
15m,1779930000.0,1.3096,1.3102,1.3065,1.3076,89062.16,0.0,0.0,0
15m,1779930900.0,1.3076,1.308,1.2989,1.3029,795913.52,0.0,0.0,0
15m,1779931800.0,1.3029,1.3045,1.298,1.3021,412692.44,0.0,0.0,0
15m,1779932700.0,1.3021,1.3056,1.3012,1.303,171442.22,0.0,0.0,0
15m,1779933600.0,1.303,1.3056,1.3013,1.3056,176346.22,0.0,0.0,0
15m,1779934500.0,1.3056,1.3057,1.3021,1.3035,128974.8,0.0,0.0,0
15m,1779935400.0,1.3035,1.3058,1.3004,1.3039,303718.23,0.0,0.0,0
15m,1779936300.0,1.3039,1.3041,1.3011,1.3012,371793.12,0.0,0.0,0
15m,1779937200.0,1.3012,1.3036,1.2978,1.3013,545820.8,0.0,0.0,0
15m,1779938100.0,1.3013,1.302,1.2835,1.2892,3581444.88,0.0,0.0,0
15m,1779939000.0,1.2892,1.2907,1.2828,1.2834,1045873.88,0.0,0.0,0
15m,1779939900.0,1.2834,1.2866,1.2752,1.279,1229310.74,0.0,0.0,0
15m,1779940800.0,1.279,1.2829,1.2708,1.2807,1314847.82,0.0,0.0,0
15m,1779941700.0,1.2807,1.2821,1.2676,1.2742,1793605.01,0.0,0.0,0
15m,1779942600.0,1.2742,1.2843,1.2732,1.2828,360424.61,0.0,0.0,0
15m,1779943500.0,1.2828,1.2844,1.2807,1.2844,488635.17,0.0,0.0,0
15m,1779944400.0,1.2844,1.2849,1.2799,1.281,622858.97,0.0,0.0,0
15m,1779945300.0,1.281,1.2813,1.2778,1.2797,679020.53,0.0,0.0,0
15m,1779946200.0,1.2797,1.2856,1.2797,1.2849,669497.47,0.0,0.0,0
15m,1779947100.0,1.2849,1.2859,1.2829,1.2837,465802.57,0.0,0.0,0
15m,1779948000.0,1.2837,1.286,1.2832,1.2841,273521.54,0.0,0.0,0
15m,1779948900.0,1.2841,1.2854,1.2819,1.2844,266670.37,0.0,0.0,0
15m,1779949800.0,1.2844,1.2847,1.2805,1.2842,801432.67,0.0,0.0,0
15m,1779950700.0,1.2842,1.2895,1.2842,1.2872,509174.96,0.0,0.0,0
15m,1779951600.0,1.2872,1.29,1.287,1.29,193003.1,0.0,0.0,0
15m,1779952500.0,1.29,1.2936,1.29,1.2911,319365.4,0.0,0.0,0
15m,1779953400.0,1.2911,1.2933,1.2906,1.2926,170144.24,0.0,0.0,0
15m,1779954300.0,1.2926,1.2936,1.2896,1.2934,188305.08,0.0,0.0,0
15m,1779955200.0,1.2934,1.2938,1.2906,1.2922,198191.26,0.0,0.0,0
15m,1779956100.0,1.2922,1.2926,1.2875,1.2882,75744.63,0.0,0.0,0
15m,1779957000.0,1.2882,1.2898,1.287,1.2886,80237.07,0.0,0.0,0
15m,1779957900.0,1.2886,1.2904,1.2886,1.2888,86142.97,0.0,0.0,0
15m,1779958800.0,1.2888,1.2907,1.2874,1.2894,106797.86,0.0,0.0,0
15m,1779959700.0,1.2894,1.2928,1.2893,1.2917,56039.08,0.0,0.0,0
15m,1779960600.0,1.2917,1.2935,1.2904,1.2929,56463.4,0.0,0.0,0
15m,1779961500.0,1.2929,1.2938,1.2926,1.2929,59096.48,0.0,0.0,0
15m,1779962400.0,1.2929,1.2962,1.2928,1.2954,90851.49,0.0,0.0,0
15m,1779963300.0,1.2954,1.296,1.2911,1.2926,138028.56,0.0,0.0,0
15m,1779964200.0,1.2926,1.2938,1.2918,1.2925,262053.79,0.0,0.0,0
15m,1779965100.0,1.2925,1.2934,1.2885,1.2885,857234.57,0.0,0.0,0
15m,1779966000.0,1.2885,1.2904,1.2866,1.2895,524632.14,0.0,0.0,0
15m,1779966900.0,1.2895,1.2906,1.2867,1.2873,149402.56,0.0,0.0,0
15m,1779967800.0,1.2873,1.2888,1.2862,1.2879,123510.41,0.0,0.0,0
15m,1779968700.0,1.2879,1.2888,1.2862,1.2877,113804.38,0.0,0.0,0
15m,1779969600.0,1.2877,1.2892,1.2875,1.2884,113473.95,0.0,0.0,0
15m,1779970500.0,1.2884,1.2888,1.2839,1.2853,280946.21,0.0,0.0,0
15m,1779971400.0,1.2853,1.2923,1.2852,1.2907,425205.96,0.0,0.0,0
15m,1779972300.0,1.2907,1.2949,1.2903,1.2948,227523.86,0.0,0.0,0
15m,1779973200.0,1.2948,1.2985,1.2947,1.2965,247295.51,0.0,0.0,0
15m,1779974100.0,1.2965,1.2985,1.2914,1.2967,518316.35,0.0,0.0,0
15m,1779975000.0,1.2967,1.297,1.2896,1.2905,644100.82,0.0,0.0,0
15m,1779975900.0,1.2905,1.2995,1.2903,1.2965,1302388.6,0.0,0.0,0
15m,1779976800.0,1.2965,1.3016,1.286,1.3014,2236034.28,0.0,0.0,0
15m,1779977700.0,1.3014,1.3106,1.2986,1.3007,1234098.14,0.0,0.0,0
15m,1779978600.0,1.3007,1.3052,1.2979,1.2991,377794.55,0.0,0.0,0
15m,1779979500.0,1.2991,1.3043,1.2962,1.3018,397929.01,0.0,0.0,0
15m,1779980400.0,1.3018,1.3037,1.2951,1.2979,378740.82,0.0,0.0,0
15m,1779981300.0,1.2979,1.3026,1.2944,1.3025,169957.11,0.0,0.0,0
15m,1779982200.0,1.3025,1.3099,1.2997,1.3099,172188.29,0.0,0.0,0
15m,1779983100.0,1.3099,1.3153,1.3095,1.3125,689653.16,0.0,0.0,0
15m,1779984000.0,1.3125,1.3169,1.3069,1.3145,1458834.09,0.0,0.0,0
15m,1779984900.0,1.3145,1.32,1.3136,1.318,334986.81,0.0,0.0,0
15m,1779985800.0,1.318,1.3201,1.3165,1.3199,421477.43,0.0,0.0,0
15m,1779986700.0,1.3199,1.3294,1.3193,1.3239,1015985.3,0.0,0.0,0
15m,1779987600.0,1.3239,1.3258,1.3184,1.3238,712211.47,0.0,0.0,0
15m,1779988500.0,1.3238,1.3279,1.3213,1.322,285003.99,0.0,0.0,0
15m,1779989400.0,1.322,1.3277,1.3211,1.3251,194445.23,0.0,0.0,0
15m,1779990300.0,1.3251,1.3299,1.3242,1.3261,388704.96,0.0,0.0,0
15m,1779991200.0,1.3261,1.3325,1.3254,1.3322,656321.47,0.0,0.0,0
15m,1779992100.0,1.3322,1.3373,1.3316,1.333,1069354.11,0.0,0.0,0
15m,1779993000.0,1.333,1.3361,1.3324,1.3343,311125.22,0.0,0.0,0
15m,1779993900.0,1.3343,1.3384,1.3327,1.3344,242513.83,0.0,0.0,0
15m,1779994800.0,1.3344,1.3345,1.3252,1.3259,242090.12,0.0,0.0,0
15m,1779995700.0,1.3259,1.3268,1.3244,1.3257,81566.11,0.0,0.0,0
15m,1779996600.0,1.3257,1.3266,1.3186,1.3192,151723.22,0.0,0.0,0
15m,1779997500.0,1.3192,1.3205,1.3156,1.3161,242815.8,0.0,0.0,0
15m,1779998400.0,1.3161,1.3172,1.3109,1.3162,855863.66,0.0,0.0,0
15m,1779999300.0,1.3162,1.3215,1.316,1.3211,166835.32,0.0,0.0,0
15m,1780000200.0,1.3211,1.3246,1.3207,1.3243,140331.54,0.0,0.0,0
15m,1780001100.0,1.3243,1.325,1.32,1.3204,117341.6,0.0,0.0,0
15m,1780002000.0,1.3204,1.3236,1.3169,1.3228,154297.55,0.0,0.0,0
15m,1780002900.0,1.3228,1.3234,1.3204,1.3207,48758.71,0.0,0.0,0
15m,1780003800.0,1.3207,1.3235,1.3206,1.3224,137304.24,0.0,0.0,0
15m,1780004700.0,1.3224,1.3224,1.3198,1.3202,65945.47,0.0,0.0,0
15m,1780005600.0,1.3202,1.3219,1.3189,1.3202,132554.55,0.0,0.0,0
15m,1780006500.0,1.3202,1.3202,1.3158,1.3161,135471.22,0.0,0.0,0
15m,1780007400.0,1.3161,1.3164,1.3124,1.3125,80293.33,0.0,0.0,0
15m,1780008300.0,1.3125,1.3158,1.3125,1.3144,54112.6,0.0,0.0,0
15m,1780009200.0,1.3144,1.317,1.3142,1.3169,45981.97,0.0,0.0,0
15m,1780010100.0,1.3169,1.3185,1.3157,1.3178,50432.49,0.0,0.0,0
15m,1780011000.0,1.3178,1.3178,1.3146,1.3163,80968.65,0.0,0.0,0
15m,1780011900.0,1.3163,1.3163,1.3138,1.3156,75115.61,0.0,0.0,0
15m,1780012800.0,1.3156,1.3201,1.3155,1.3201,93784.68,0.0,0.0,0
15m,1780013700.0,1.3201,1.3203,1.3176,1.3177,41488.74,0.0,0.0,0
15m,1780014600.0,1.3177,1.318,1.3159,1.3169,78338.23,0.0,0.0,0
15m,1780015500.0,1.3169,1.3172,1.3145,1.3151,102367.42,0.0,0.0,0
15m,1780016400.0,1.3151,1.3174,1.3145,1.3147,43515.12,0.0,0.0,0
15m,1780017300.0,1.3147,1.3148,1.3091,1.3103,250469.48,0.0,0.0,0
15m,1780018200.0,1.3103,1.3103,1.3082,1.3097,146070.29,0.0,0.0,0
15m,1780019100.0,1.3097,1.3114,1.3086,1.3104,120632.68,0.0,0.0,0
15m,1780020000.0,1.3104,1.3113,1.3093,1.3105,86350.99,0.0,0.0,0
15m,1780020900.0,1.3105,1.3112,1.3075,1.3081,105173.19,0.0,0.0,0
15m,1780021800.0,1.3081,1.3116,1.3069,1.3081,167690.25,0.0,0.0,0
15m,1780022700.0,1.3081,1.3089,1.3039,1.3042,180900.97,0.0,0.0,0
15m,1780023600.0,1.3042,1.3121,1.3042,1.3114,144856.38,0.0,0.0,0
15m,1780024500.0,1.3114,1.3115,1.3095,1.3112,89137.13,0.0,0.0,0
15m,1780025400.0,1.3112,1.3134,1.3108,1.3124,101972.52,0.0,0.0,0
15m,1780026300.0,1.3124,1.3148,1.3116,1.3122,110352.69,0.0,0.0,0
15m,1780027200.0,1.3122,1.3129,1.304,1.3056,437914.49,0.0,0.0,0
15m,1780028100.0,1.3056,1.3089,1.3051,1.3081,134082.09,0.0,0.0,0
15m,1780029000.0,1.3081,1.3102,1.3073,1.309,103662.75,0.0,0.0,0
15m,1780029900.0,1.309,1.3112,1.3085,1.3107,75380.75,0.0,0.0,0
15m,1780030800.0,1.3107,1.315,1.3099,1.3139,203729.73,0.0,0.0,0
15m,1780031700.0,1.3139,1.3143,1.3109,1.3114,106000.15,0.0,0.0,0
15m,1780032600.0,1.3114,1.3114,1.3088,1.3109,149620.16,0.0,0.0,0
15m,1780033500.0,1.3109,1.3156,1.3106,1.3151,326703.32,0.0,0.0,0
15m,1780034400.0,1.3151,1.3195,1.3149,1.3171,307401.08,0.0,0.0,0
15m,1780035300.0,1.3171,1.3211,1.3163,1.3169,177649.28,0.0,0.0,0
15m,1780036200.0,1.3169,1.3173,1.3143,1.3172,64018.03,0.0,0.0,0
15m,1780037100.0,1.3172,1.3178,1.3155,1.3162,70615.3,0.0,0.0,0
15m,1780038000.0,1.3162,1.3181,1.3157,1.3177,188600.63,0.0,0.0,0
15m,1780038900.0,1.3177,1.3193,1.3174,1.3192,69720.57,0.0,0.0,0
15m,1780039800.0,1.3192,1.3192,1.3101,1.3114,284092.98,0.0,0.0,0
15m,1780040700.0,1.3114,1.3173,1.3106,1.3168,160240.03,0.0,0.0,0
15m,1780041600.0,1.3168,1.322,1.3164,1.3193,185609.43,0.0,0.0,0
15m,1780042500.0,1.3193,1.3236,1.3175,1.3209,391806.2,0.0,0.0,0
15m,1780043400.0,1.3209,1.3235,1.3195,1.3226,340694.17,0.0,0.0,0
15m,1780044300.0,1.3226,1.3228,1.3196,1.3212,157452.92,0.0,0.0,0
15m,1780045200.0,1.3212,1.3223,1.3203,1.3214,263758.56,0.0,0.0,0
15m,1780046100.0,1.3214,1.3273,1.3212,1.3273,312711.71,0.0,0.0,0
15m,1780047000.0,1.3273,1.3275,1.326,1.327,200126.14,0.0,0.0,0
15m,1780047900.0,1.327,1.327,1.3227,1.3236,244375.64,0.0,0.0,0
15m,1780048800.0,1.3236,1.3237,1.321,1.3213,188208.11,0.0,0.0,0
15m,1780049700.0,1.3213,1.3223,1.3194,1.3206,283190.69,0.0,0.0,0
15m,1780050600.0,1.3206,1.3209,1.3182,1.3184,167468.05,0.0,0.0,0
15m,1780051500.0,1.3184,1.32,1.3173,1.3187,76626.0,0.0,0.0,0
15m,1780052400.0,1.3187,1.3189,1.3168,1.3173,284506.66,0.0,0.0,0
15m,1780053300.0,1.3173,1.3177,1.3139,1.3157,401144.21,0.0,0.0,0
15m,1780054200.0,1.3157,1.3164,1.3114,1.3118,492513.77,0.0,0.0,0
15m,1780055100.0,1.3118,1.312,1.3072,1.3115,491810.31,0.0,0.0,0
15m,1780056000.0,1.3115,1.3122,1.3082,1.3091,227019.8,0.0,0.0,0
15m,1780056900.0,1.3091,1.3101,1.3069,1.3078,311883.42,0.0,0.0,0
15m,1780057800.0,1.3078,1.3088,1.3035,1.305,711994.86,0.0,0.0,0
15m,1780058700.0,1.305,1.3064,1.3027,1.3046,346134.79,0.0,0.0,0
15m,1780059600.0,1.3046,1.305,1.3002,1.3026,704755.1,0.0,0.0,0
15m,1780060500.0,1.3026,1.3039,1.3016,1.303,195714.28,0.0,0.0,0
15m,1780061400.0,1.303,1.3051,1.2977,1.3029,632073.39,0.0,0.0,0
15m,1780062300.0,1.3029,1.3059,1.3009,1.3028,360360.34,0.0,0.0,0
15m,1780063200.0,1.3028,1.3067,1.3018,1.3062,578629.19,0.0,0.0,0
15m,1780064100.0,1.3062,1.3078,1.2951,1.3037,898905.23,0.0,0.0,0
15m,1780065000.0,1.3037,1.3044,1.2956,1.2957,429194.99,0.0,0.0,0
15m,1780065900.0,1.2957,1.3087,1.2946,1.3079,1385167.87,0.0,0.0,0
15m,1780066800.0,1.3079,1.3193,1.305,1.3173,893973.4,0.0,0.0,0
15m,1780067700.0,1.3173,1.3239,1.3148,1.3236,929466.54,0.0,0.0,0
15m,1780068600.0,1.3236,1.3337,1.3224,1.3231,1044656.53,0.0,0.0,0
15m,1780069500.0,1.3231,1.3243,1.3199,1.3227,335117.86,0.0,0.0,0
15m,1780070400.0,1.3227,1.3258,1.3215,1.3246,343881.08,0.0,0.0,0
15m,1780071300.0,1.3246,1.3256,1.3165,1.3177,347158.73,0.0,0.0,0
15m,1780072200.0,1.3177,1.3298,1.3174,1.3274,834598.32,0.0,0.0,0
15m,1780073100.0,1.3274,1.3316,1.3249,1.3272,844734.29,0.0,0.0,0
15m,1780074000.0,1.3272,1.3306,1.3243,1.33,279401.79,0.0,0.0,0
15m,1780074900.0,1.33,1.3331,1.3288,1.3301,491954.35,0.0,0.0,0
15m,1780075800.0,1.3301,1.3322,1.3291,1.3291,490215.13,0.0,0.0,0
15m,1780076700.0,1.3291,1.3294,1.3236,1.3254,244682.03,0.0,0.0,0
15m,1780077600.0,1.3254,1.3302,1.3235,1.3286,209823.5,0.0,0.0,0
15m,1780078500.0,1.3286,1.3289,1.3237,1.3249,231197.23,0.0,0.0,0
15m,1780079400.0,1.3249,1.3277,1.3248,1.3268,53816.77,0.0,0.0,0
15m,1780080300.0,1.3268,1.3268,1.3156,1.3188,484711.02,0.0,0.0,0
15m,1780081200.0,1.3188,1.3201,1.315,1.3155,197405.95,0.0,0.0,0
15m,1780082100.0,1.3155,1.3155,1.311,1.3144,229082.18,0.0,0.0,0
15m,1780083000.0,1.3144,1.3233,1.3144,1.3229,128297.99,0.0,0.0,0
15m,1780083900.0,1.3229,1.3235,1.3197,1.321,218258.67,0.0,0.0,0
15m,1780084800.0,1.321,1.3236,1.3203,1.3226,75689.71,0.0,0.0,0
15m,1780085700.0,1.3226,1.3242,1.3205,1.3227,101678.67,0.0,0.0,0
15m,1780086600.0,1.3227,1.3243,1.3227,1.324,37526.73,0.0,0.0,0
15m,1780087500.0,1.324,1.3254,1.3204,1.3227,76843.45,0.0,0.0,0
15m,1780088400.0,1.3227,1.3268,1.3222,1.326,87575.49,0.0,0.0,0
15m,1780089300.0,1.326,1.326,1.3208,1.3208,154070.61,0.0,0.0,0
15m,1780090200.0,1.3208,1.3225,1.3188,1.3217,233502.23,0.0,0.0,0
15m,1780091100.0,1.3217,1.322,1.3162,1.3162,119933.99,0.0,0.0,0
15m,1780092000.0,1.3162,1.3187,1.3145,1.3163,74133.26,0.0,0.0,0
15m,1780092900.0,1.3163,1.3205,1.3162,1.32,66929.19,0.0,0.0,0
15m,1780093800.0,1.32,1.3209,1.3186,1.3201,131267.29,0.0,0.0,0
15m,1780094700.0,1.3201,1.3212,1.3189,1.3208,93936.16,0.0,0.0,0
15m,1780095600.0,1.3208,1.3264,1.3199,1.3249,179764.72,0.0,0.0,0
15m,1780096500.0,1.3249,1.3272,1.3235,1.3244,125409.56,0.0,0.0,0
15m,1780097400.0,1.3244,1.326,1.3228,1.3259,88068.87,0.0,0.0,0
15m,1780098300.0,1.3259,1.3313,1.3252,1.3298,142687.8,0.0,0.0,0
15m,1780099200.0,1.3298,1.3319,1.3281,1.3317,296607.22,0.0,0.0,0
15m,1780100100.0,1.3317,1.3395,1.3314,1.3323,380905.99,0.0,0.0,0
15m,1780101000.0,1.3323,1.3359,1.3301,1.3357,114905.46,0.0,0.0,0
15m,1780101900.0,1.3357,1.3501,1.3357,1.3486,669933.43,0.0,0.0,0
15m,1780102800.0,1.3486,1.3592,1.3442,1.3551,991068.9,0.0,0.0,0
15m,1780103700.0,1.3551,1.3649,1.3541,1.3615,934972.28,0.0,0.0,0
15m,1780104600.0,1.3615,1.3662,1.359,1.3593,576982.78,0.0,0.0,0
15m,1780105500.0,1.3593,1.3628,1.3555,1.3569,372475.04,0.0,0.0,0
15m,1780106400.0,1.3569,1.3633,1.3566,1.3612,367555.56,0.0,0.0,0
15m,1780107300.0,1.3612,1.3641,1.356,1.3561,609969.91,0.0,0.0,0
15m,1780108200.0,1.3561,1.3604,1.3547,1.3581,422079.59,0.0,0.0,0
15m,1780109100.0,1.3581,1.3622,1.3553,1.3599,400649.56,0.0,0.0,0
15m,1780110000.0,1.3599,1.3626,1.3585,1.3601,564369.54,0.0,0.0,0
15m,1780110900.0,1.3601,1.3604,1.3554,1.3582,201388.21,0.0,0.0,0
15m,1780111800.0,1.3582,1.3586,1.3527,1.3528,217987.91,0.0,0.0,0
15m,1780112700.0,1.3528,1.3535,1.3502,1.3505,231220.22,0.0,0.0,0
15m,1780113600.0,1.3505,1.353,1.3458,1.3495,446319.24,0.0,0.0,0
15m,1780114500.0,1.3495,1.3495,1.3391,1.3391,425407.87,0.0,0.0,0
15m,1780115400.0,1.3391,1.3409,1.3372,1.3405,271044.74,0.0,0.0,0
15m,1780116300.0,1.3405,1.3449,1.3392,1.3439,228975.48,0.0,0.0,0
15m,1780117200.0,1.3439,1.3509,1.3422,1.3483,883844.17,0.0,0.0,0
15m,1780118100.0,1.3483,1.3483,1.3436,1.3436,150844.42,0.0,0.0,0
15m,1780119000.0,1.3436,1.3459,1.3436,1.3456,159773.6,0.0,0.0,0
15m,1780119900.0,1.3456,1.3489,1.3452,1.3489,56714.28,0.0,0.0,0
15m,1780120800.0,1.3489,1.3495,1.3432,1.3446,314845.15,0.0,0.0,0
15m,1780121700.0,1.3446,1.3466,1.3445,1.3466,142987.32,0.0,0.0,0
15m,1780122600.0,1.3466,1.3479,1.3453,1.3469,254325.98,0.0,0.0,0
15m,1780123500.0,1.3469,1.347,1.3443,1.3453,79763.52,0.0,0.0,0
15m,1780124400.0,1.3453,1.3455,1.3432,1.3436,58952.89,0.0,0.0,0
15m,1780125300.0,1.3436,1.346,1.3425,1.3444,57607.57,0.0,0.0,0
15m,1780126200.0,1.3444,1.3454,1.3407,1.3407,112044.37,0.0,0.0,0
15m,1780127100.0,1.3407,1.3428,1.3404,1.3428,76860.16,0.0,0.0,0
15m,1780128000.0,1.3428,1.3429,1.3412,1.3421,363823.88,0.0,0.0,0
15m,1780128900.0,1.3421,1.3426,1.3406,1.3421,96663.2,0.0,0.0,0
15m,1780129800.0,1.3421,1.3422,1.3409,1.3414,22953.38,0.0,0.0,0
15m,1780130700.0,1.3414,1.3424,1.3406,1.3409,104569.07,0.0,0.0,0
15m,1780131600.0,1.3409,1.3432,1.34,1.3428,214365.96,0.0,0.0,0
15m,1780132500.0,1.3428,1.3457,1.3425,1.3448,127982.24,0.0,0.0,0
15m,1780133400.0,1.3448,1.3458,1.3434,1.3442,543635.03,0.0,0.0,0
15m,1780134300.0,1.3442,1.3457,1.3434,1.3446,56970.48,0.0,0.0,0
15m,1780135200.0,1.3446,1.3449,1.3431,1.3439,49500.46,0.0,0.0,0
15m,1780136100.0,1.3439,1.3444,1.3414,1.3424,97759.14,0.0,0.0,0
15m,1780137000.0,1.3424,1.3427,1.3413,1.3416,69222.65,0.0,0.0,0
15m,1780137900.0,1.3416,1.3428,1.3416,1.3425,34293.9,0.0,0.0,0
15m,1780138800.0,1.3425,1.3426,1.3383,1.3386,156430.44,0.0,0.0,0
15m,1780139700.0,1.3386,1.34,1.3371,1.3393,58096.25,0.0,0.0,0
15m,1780140600.0,1.3393,1.3445,1.3392,1.3419,408227.88,0.0,0.0,0
15m,1780141500.0,1.3419,1.3419,1.3393,1.3406,104079.08,0.0,0.0,0
15m,1780142400.0,1.3406,1.341,1.3379,1.3394,210538.98,0.0,0.0,0
15m,1780143300.0,1.3394,1.3419,1.3393,1.3412,56536.84,0.0,0.0,0
15m,1780144200.0,1.3412,1.3427,1.3395,1.3405,165876.18,0.0,0.0,0
15m,1780145100.0,1.3405,1.341,1.3385,1.3399,35080.33,0.0,0.0,0
15m,1780146000.0,1.3399,1.3415,1.3398,1.3408,33395.9,0.0,0.0,0
15m,1780146900.0,1.3408,1.3419,1.3394,1.3409,149582.04,0.0,0.0,0
15m,1780147800.0,1.3409,1.341,1.3376,1.3396,64586.69,0.0,0.0,0
15m,1780148700.0,1.3396,1.3412,1.3396,1.3411,24115.2,0.0,0.0,0
15m,1780149600.0,1.3411,1.3432,1.341,1.3411,91470.2,0.0,0.0,0
15m,1780150500.0,1.3411,1.345,1.3397,1.3448,101122.59,0.0,0.0,0
15m,1780151400.0,1.3448,1.3473,1.3429,1.3441,145616.31,0.0,0.0,0
15m,1780152300.0,1.3441,1.3441,1.3416,1.343,57179.52,0.0,0.0,0
15m,1780153200.0,1.343,1.3457,1.3417,1.3449,81838.7,0.0,0.0,0
15m,1780154100.0,1.3449,1.345,1.3414,1.3431,149082.29,0.0,0.0,0
15m,1780155000.0,1.3431,1.344,1.34,1.3411,69486.46,0.0,0.0,0
15m,1780155900.0,1.3411,1.3449,1.3411,1.3424,34139.29,0.0,0.0,0
15m,1780156800.0,1.3424,1.348,1.3414,1.3476,198491.96,0.0,0.0,0
15m,1780157700.0,1.3476,1.3476,1.3446,1.3459,135692.68,0.0,0.0,0
15m,1780158600.0,1.3459,1.3486,1.345,1.3472,54025.39,0.0,0.0,0
15m,1780159500.0,1.3472,1.3482,1.3457,1.3481,88683.73,0.0,0.0,0
15m,1780160400.0,1.3481,1.3494,1.3462,1.3478,405584.97,0.0,0.0,0
15m,1780161300.0,1.3478,1.3515,1.3468,1.3481,118492.54,0.0,0.0,0
15m,1780162200.0,1.3481,1.3489,1.3447,1.3489,75358.52,0.0,0.0,0
15m,1780163100.0,1.3489,1.3532,1.3488,1.3527,115515.81,0.0,0.0,0
15m,1780164000.0,1.3527,1.3529,1.3506,1.3508,149418.91,0.0,0.0,0
15m,1780164900.0,1.3508,1.353,1.3488,1.3494,127749.05,0.0,0.0,0
15m,1780165800.0,1.3494,1.3524,1.3493,1.3524,116193.87,0.0,0.0,0
15m,1780166700.0,1.3524,1.3541,1.3506,1.352,71080.13,0.0,0.0,0
15m,1780167600.0,1.352,1.352,1.3481,1.3481,311397.6,0.0,0.0,0
15m,1780168500.0,1.3481,1.3497,1.3473,1.3473,60542.24,0.0,0.0,0
15m,1780169400.0,1.3473,1.3489,1.3457,1.3468,172517.26,0.0,0.0,0
15m,1780170300.0,1.3468,1.3487,1.3468,1.3476,39369.35,0.0,0.0,0
15m,1780171200.0,1.3476,1.3497,1.3473,1.3488,72975.98,0.0,0.0,0
15m,1780172100.0,1.3488,1.35,1.3483,1.3492,37639.71,0.0,0.0,0
15m,1780173000.0,1.3492,1.3494,1.3467,1.3468,43501.11,0.0,0.0,0
15m,1780173900.0,1.3468,1.3486,1.3467,1.348,74757.05,0.0,0.0,0
15m,1780174800.0,1.348,1.3508,1.347,1.3501,146351.11,0.0,0.0,0
15m,1780175700.0,1.3501,1.351,1.3492,1.3507,71791.66,0.0,0.0,0
15m,1780176600.0,1.3507,1.3521,1.3493,1.351,72112.94,0.0,0.0,0
15m,1780177500.0,1.351,1.3521,1.3494,1.3502,111440.02,0.0,0.0,0
15m,1780178400.0,1.3502,1.3502,1.3419,1.3447,203281.06,0.0,0.0,0
15m,1780179300.0,1.3447,1.3458,1.3421,1.3442,307107.12,0.0,0.0,0
15m,1780180200.0,1.3442,1.3443,1.3379,1.3394,174966.72,0.0,0.0,0
15m,1780181100.0,1.3394,1.3426,1.3394,1.3426,84681.74,0.0,0.0,0
15m,1780182000.0,1.3426,1.3438,1.34,1.3407,75795.62,0.0,0.0,0
15m,1780182900.0,1.3407,1.3425,1.3404,1.3415,48655.93,0.0,0.0,0
15m,1780183800.0,1.3415,1.3417,1.3385,1.34,72501.98,0.0,0.0,0
15m,1780184700.0,1.34,1.341,1.3395,1.341,59839.24,0.0,0.0,0
15m,1780185600.0,1.341,1.3419,1.3385,1.3397,116972.66,0.0,0.0,0
15m,1780186500.0,1.3397,1.3408,1.3386,1.3391,62944.95,0.0,0.0,0
15m,1780187400.0,1.3391,1.3403,1.3381,1.3391,88823.2,0.0,0.0,0
15m,1780188300.0,1.3391,1.3407,1.3382,1.3403,116417.04,0.0,0.0,0
15m,1780189200.0,1.3403,1.3424,1.3403,1.3416,148606.66,0.0,0.0,0
15m,1780190100.0,1.3416,1.3441,1.341,1.3418,62808.33,0.0,0.0,0
15m,1780191000.0,1.3418,1.3441,1.3405,1.3412,70072.76,0.0,0.0,0
15m,1780191900.0,1.3412,1.3431,1.3408,1.3417,140301.63,0.0,0.0,0
15m,1780192800.0,1.3417,1.3436,1.3415,1.3436,77496.86,0.0,0.0,0
15m,1780193700.0,1.3436,1.346,1.3394,1.3396,158109.65,0.0,0.0,0
15m,1780194600.0,1.3396,1.3408,1.3361,1.3394,285292.82,0.0,0.0,0
15m,1780195500.0,1.3394,1.3429,1.3389,1.342,54223.03,0.0,0.0,0
15m,1780196400.0,1.342,1.3433,1.3415,1.3432,46242.51,0.0,0.0,0
15m,1780197300.0,1.3432,1.344,1.342,1.3437,50151.89,0.0,0.0,0
15m,1780198200.0,1.3437,1.344,1.3425,1.3434,87058.28,0.0,0.0,0
15m,1780199100.0,1.3434,1.3456,1.3428,1.3448,69610.89,0.0,0.0,0
15m,1780200000.0,1.3448,1.345,1.343,1.3437,28352.02,0.0,0.0,0
15m,1780200900.0,1.3437,1.3462,1.3437,1.3449,64913.57,0.0,0.0,0
15m,1780201800.0,1.3449,1.3463,1.3442,1.3454,52012.62,0.0,0.0,0
15m,1780202700.0,1.3454,1.3466,1.345,1.346,55977.25,0.0,0.0,0
15m,1780203600.0,1.346,1.3462,1.3446,1.3449,50066.49,0.0,0.0,0
15m,1780204500.0,1.3449,1.3455,1.3435,1.345,42913.61,0.0,0.0,0
15m,1780205400.0,1.345,1.3457,1.3435,1.3437,26451.46,0.0,0.0,0
15m,1780206300.0,1.3437,1.3443,1.3427,1.3435,21096.81,0.0,0.0,0
15m,1780207200.0,1.3435,1.3435,1.3409,1.3411,59555.35,0.0,0.0,0
15m,1780208100.0,1.3411,1.3423,1.3403,1.3411,68510.58,0.0,0.0,0
15m,1780209000.0,1.3411,1.342,1.3409,1.341,59625.78,0.0,0.0,0
15m,1780209900.0,1.341,1.3417,1.3401,1.3401,45787.1,0.0,0.0,0
15m,1780210800.0,1.3401,1.3401,1.3369,1.3371,361532.92,0.0,0.0,0
15m,1780211700.0,1.3371,1.338,1.3338,1.3352,105303.88,0.0,0.0,0
15m,1780212600.0,1.3352,1.3362,1.3331,1.3352,227820.53,0.0,0.0,0
15m,1780213500.0,1.3352,1.3362,1.3344,1.3354,218701.82,0.0,0.0,0
15m,1780214400.0,1.3354,1.3376,1.3354,1.3365,113289.34,0.0,0.0,0
15m,1780215300.0,1.3365,1.3384,1.3363,1.3382,151576.57,0.0,0.0,0
15m,1780216200.0,1.3382,1.3386,1.3369,1.3384,145793.28,0.0,0.0,0
15m,1780217100.0,1.3384,1.3398,1.337,1.3388,88398.04,0.0,0.0,0
15m,1780218000.0,1.3388,1.3388,1.337,1.3375,57255.72,0.0,0.0,0
15m,1780218900.0,1.3375,1.3406,1.3367,1.3406,118266.2,0.0,0.0,0
15m,1780219800.0,1.3406,1.3428,1.3401,1.3413,95096.98,0.0,0.0,0
15m,1780220700.0,1.3413,1.342,1.3378,1.3392,139238.93,0.0,0.0,0
15m,1780221600.0,1.3392,1.3396,1.3379,1.3384,110231.86,0.0,0.0,0
15m,1780222500.0,1.3384,1.3384,1.3342,1.3366,97427.71,0.0,0.0,0
15m,1780223400.0,1.3366,1.3374,1.3354,1.3359,109436.98,0.0,0.0,0
15m,1780224300.0,1.3359,1.3372,1.3347,1.3372,41795.26,0.0,0.0,0
15m,1780225200.0,1.3372,1.3389,1.3371,1.3382,34686.0,0.0,0.0,0
15m,1780226100.0,1.3382,1.3433,1.3376,1.3423,119211.93,0.0,0.0,0
15m,1780227000.0,1.3423,1.3424,1.3405,1.3411,68517.71,0.0,0.0,0
15m,1780227900.0,1.3411,1.3429,1.3403,1.3418,47954.2,0.0,0.0,0
15m,1780228800.0,1.3418,1.3421,1.3388,1.3406,94943.98,0.0,0.0,0
15m,1780229700.0,1.3406,1.3427,1.3406,1.3419,57406.31,0.0,0.0,0
15m,1780230600.0,1.3419,1.3432,1.3414,1.3428,36235.21,0.0,0.0,0
15m,1780231500.0,1.3428,1.3437,1.3409,1.3424,126481.8,0.0,0.0,0
15m,1780232400.0,1.3424,1.3459,1.3416,1.3459,166904.58,0.0,0.0,0
15m,1780233300.0,1.3459,1.3484,1.3451,1.3466,169240.89,0.0,0.0,0
15m,1780234200.0,1.3466,1.3476,1.344,1.3447,125293.54,0.0,0.0,0
15m,1780235100.0,1.3447,1.3451,1.3425,1.3425,44197.24,0.0,0.0,0
15m,1780236000.0,1.3425,1.3441,1.3355,1.3376,576385.31,0.0,0.0,0
15m,1780236900.0,1.3376,1.34,1.3279,1.3308,1524401.49,0.0,0.0,0
15m,1780237800.0,1.3308,1.3329,1.3281,1.3292,249426.64,0.0,0.0,0
15m,1780238700.0,1.3292,1.3319,1.3292,1.3303,128704.11,0.0,0.0,0
15m,1780239600.0,1.3303,1.3325,1.33,1.3324,74989.4,0.0,0.0,0
15m,1780240500.0,1.3324,1.3349,1.3309,1.3338,68876.78,0.0,0.0,0
15m,1780241400.0,1.3338,1.3346,1.3302,1.3307,99013.89,0.0,0.0,0
15m,1780242300.0,1.3307,1.3314,1.329,1.3306,136270.26,0.0,0.0,0
15m,1780243200.0,1.3306,1.3326,1.3276,1.3283,373571.06,0.0,0.0,0
15m,1780244100.0,1.3283,1.3295,1.3217,1.3289,1167963.36,0.0,0.0,0
15m,1780245000.0,1.3289,1.3297,1.3238,1.3268,688760.22,0.0,0.0,0
15m,1780245900.0,1.3268,1.3278,1.3257,1.3278,58556.33,0.0,0.0,0
15m,1780246800.0,1.3278,1.3298,1.3275,1.3278,194810.27,0.0,0.0,0
15m,1780247700.0,1.3278,1.3305,1.3278,1.3296,92763.39,0.0,0.0,0
15m,1780248600.0,1.3296,1.3318,1.3296,1.3316,22520.72,0.0,0.0,0
15m,1780249500.0,1.3316,1.332,1.3304,1.3309,55973.4,0.0,0.0,0
15m,1780250400.0,1.3309,1.3311,1.3286,1.3286,55044.6,0.0,0.0,0
15m,1780251300.0,1.3286,1.3287,1.327,1.3283,64623.36,0.0,0.0,0
15m,1780252200.0,1.3283,1.3303,1.3275,1.3279,62267.38,0.0,0.0,0
15m,1780253100.0,1.3279,1.3282,1.3261,1.3275,63566.32,0.0,0.0,0
15m,1780254000.0,1.3275,1.3281,1.3246,1.3246,54528.36,0.0,0.0,0
15m,1780254900.0,1.3246,1.3259,1.3226,1.324,82321.39,0.0,0.0,0
15m,1780255800.0,1.324,1.3252,1.3208,1.3249,192118.52,0.0,0.0,0
15m,1780256700.0,1.3249,1.3272,1.3245,1.3264,38145.57,0.0,0.0,0
15m,1780257600.0,1.3264,1.3294,1.3263,1.3291,169831.69,0.0,0.0,0
15m,1780258500.0,1.3291,1.3306,1.3288,1.3296,43187.31,0.0,0.0,0
15m,1780259400.0,1.3296,1.3301,1.3282,1.3284,53687.46,0.0,0.0,0
15m,1780260300.0,1.3284,1.3313,1.3283,1.3309,41103.32,0.0,0.0,0
15m,1780261200.0,1.3309,1.3312,1.3292,1.3297,180780.69,0.0,0.0,0
15m,1780262100.0,1.3297,1.3317,1.3296,1.3296,59336.47,0.0,0.0,0
15m,1780263000.0,1.3296,1.3342,1.3296,1.3331,94415.49,0.0,0.0,0
15m,1780263900.0,1.3331,1.335,1.333,1.3346,82251.32,0.0,0.0,0
15m,1780264800.0,1.3346,1.3375,1.3314,1.3375,404926.72,0.0,0.0,0
15m,1780265700.0,1.3375,1.3401,1.3347,1.3354,246917.24,0.0,0.0,0
15m,1780266600.0,1.3354,1.3389,1.3353,1.3366,188392.32,0.0,0.0,0
15m,1780267500.0,1.3366,1.3386,1.3366,1.337,105002.92,0.0,0.0,0
15m,1780268400.0,1.337,1.3425,1.3367,1.3367,166511.91,0.0,0.0,0
15m,1780269300.0,1.3367,1.3376,1.3327,1.3335,216432.59,0.0,0.0,0
15m,1780270200.0,1.3335,1.3336,1.3276,1.3292,451916.94,0.0,0.0,0
15m,1780271100.0,1.3292,1.3336,1.3288,1.333,71229.04,0.0,0.0,0
15m,1780272000.0,1.333,1.338,1.3325,1.3339,230460.11,0.0,0.0,0
