timeframe,open_time,open,high,low,close,volume,buy_volume,sell_volume,tick_count
15m,1740787200.0,2.1459,2.1523,2.1377,2.152,364123.07,0.0,0.0,0
15m,1740788100.0,2.152,2.1562,2.1404,2.141,353767.68,0.0,0.0,0
15m,1740789000.0,2.141,2.1448,2.1313,2.1348,286281.67,0.0,0.0,0
15m,1740789900.0,2.1348,2.1375,2.1215,2.123,310799.14,0.0,0.0,0
15m,1740790800.0,2.123,2.1294,2.1227,2.125,297275.58,0.0,0.0,0
15m,1740791700.0,2.125,2.1337,2.125,2.1277,259036.53,0.0,0.0,0
15m,1740792600.0,2.1277,2.1512,2.1256,2.1511,464830.81,0.0,0.0,0
15m,1740793500.0,2.1511,2.1738,2.1482,2.1688,1266445.65,0.0,0.0,0
15m,1740794400.0,2.1688,2.1765,2.1541,2.1758,728310.51,0.0,0.0,0
15m,1740795300.0,2.1758,2.2089,2.1685,2.202,717795.3,0.0,0.0,0
15m,1740796200.0,2.202,2.217,2.1905,2.2031,1676678.57,0.0,0.0,0
15m,1740797100.0,2.2031,2.2031,2.1837,2.1893,566163.01,0.0,0.0,0
15m,1740798000.0,2.1893,2.1989,2.1856,2.1903,539414.34,0.0,0.0,0
15m,1740798900.0,2.1903,2.1909,2.1809,2.1829,480286.65,0.0,0.0,0
15m,1740799800.0,2.1829,2.1973,2.1805,2.1855,295599.14,0.0,0.0,0
15m,1740800700.0,2.1855,2.1929,2.1828,2.1847,157498.46,0.0,0.0,0
15m,1740801600.0,2.1847,2.2029,2.1831,2.2024,317287.2,0.0,0.0,0
15m,1740802500.0,2.2024,2.2027,2.1959,2.1995,247792.74,0.0,0.0,0
15m,1740803400.0,2.1995,2.211,2.1954,2.2088,815659.46,0.0,0.0,0
15m,1740804300.0,2.2088,2.2197,2.2022,2.212,737294.66,0.0,0.0,0
15m,1740805200.0,2.212,2.213,2.2017,2.2029,829756.55,0.0,0.0,0
15m,1740806100.0,2.2029,2.2079,2.1948,2.202,471218.62,0.0,0.0,0
15m,1740807000.0,2.202,2.2053,2.1925,2.1927,387197.02,0.0,0.0,0
15m,1740807900.0,2.1927,2.1954,2.186,2.1867,255077.53,0.0,0.0,0
15m,1740808800.0,2.1867,2.193,2.1846,2.1884,390558.57,0.0,0.0,0
15m,1740809700.0,2.1884,2.1884,2.1756,2.1779,514611.79,0.0,0.0,0
15m,1740810600.0,2.1779,2.1842,2.172,2.1827,464776.82,0.0,0.0,0
15m,1740811500.0,2.1827,2.1843,2.1767,2.1837,152082.65,0.0,0.0,0
15m,1740812400.0,2.1837,2.1839,2.1747,2.1762,234688.16,0.0,0.0,0
15m,1740813300.0,2.1762,2.1802,2.1709,2.1712,283902.43,0.0,0.0,0
15m,1740814200.0,2.1712,2.1732,2.1629,2.1705,523291.5,0.0,0.0,0
15m,1740815100.0,2.1705,2.1765,2.1667,2.1671,641222.2,0.0,0.0,0
15m,1740816000.0,2.1671,2.1756,2.1671,2.1756,255036.21,0.0,0.0,0
15m,1740816900.0,2.1756,2.1835,2.1747,2.1806,294472.83,0.0,0.0,0
15m,1740817800.0,2.1806,2.1836,2.1717,2.1735,394585.05,0.0,0.0,0
15m,1740818700.0,2.1735,2.1856,2.1733,2.1854,1487541.43,0.0,0.0,0
15m,1740819600.0,2.1854,2.1896,2.1792,2.1845,314880.29,0.0,0.0,0
15m,1740820500.0,2.1845,2.1937,2.1817,2.1895,536794.54,0.0,0.0,0
15m,1740821400.0,2.1895,2.1896,2.1774,2.1784,415267.76,0.0,0.0,0
15m,1740822300.0,2.1784,2.1853,2.1755,2.1837,406706.35,0.0,0.0,0
15m,1740823200.0,2.1837,2.1854,2.1701,2.1758,398221.16,0.0,0.0,0
15m,1740824100.0,2.1758,2.177,2.1578,2.1701,738955.8,0.0,0.0,0
15m,1740825000.0,2.1701,2.171,2.1566,2.1607,564664.08,0.0,0.0,0
15m,1740825900.0,2.1607,2.1629,2.1517,2.1606,597677.42,0.0,0.0,0
15m,1740826800.0,2.1606,2.164,2.146,2.1462,700175.64,0.0,0.0,0
15m,1740827700.0,2.1462,2.1546,2.1413,2.152,662005.6,0.0,0.0,0
15m,1740828600.0,2.152,2.1608,2.1492,2.1586,295913.83,0.0,0.0,0
15m,1740829500.0,2.1586,2.1617,2.1555,2.1606,256004.18,0.0,0.0,0
15m,1740830400.0,2.1606,2.166,2.1569,2.1574,277987.71,0.0,0.0,0
15m,1740831300.0,2.1574,2.1676,2.1522,2.1542,249736.23,0.0,0.0,0
15m,1740832200.0,2.1542,2.1627,2.1515,2.1578,422087.59,0.0,0.0,0
15m,1740833100.0,2.1578,2.1695,2.1578,2.1658,306198.22,0.0,0.0,0
15m,1740834000.0,2.1658,2.1719,2.1542,2.155,355628.91,0.0,0.0,0
15m,1740834900.0,2.155,2.155,2.1428,2.1519,520604.96,0.0,0.0,0
15m,1740835800.0,2.1519,2.1521,2.1324,2.1368,1028048.32,0.0,0.0,0
15m,1740836700.0,2.1368,2.1402,2.1217,2.1401,956855.28,0.0,0.0,0
15m,1740837600.0,2.1401,2.1502,2.1355,2.1404,588758.28,0.0,0.0,0
15m,1740838500.0,2.1404,2.1494,2.1355,2.1436,451178.23,0.0,0.0,0
15m,1740839400.0,2.1436,2.149,2.1377,2.1438,267136.56,0.0,0.0,0
15m,1740840300.0,2.1438,2.1496,2.142,2.1471,341317.52,0.0,0.0,0
15m,1740841200.0,2.1471,2.1587,2.1424,2.1497,370241.21,0.0,0.0,0
15m,1740842100.0,2.1497,2.1535,2.136,2.1465,322581.33,0.0,0.0,0
15m,1740843000.0,2.1465,2.151,2.1391,2.1491,264981.76,0.0,0.0,0
15m,1740843900.0,2.1491,2.1545,2.148,2.1511,203653.58,0.0,0.0,0
15m,1740844800.0,2.1511,2.1611,2.1442,2.1589,284992.89,0.0,0.0,0
15m,1740845700.0,2.1589,2.1633,2.1508,2.1564,205485.61,0.0,0.0,0
15m,1740846600.0,2.1564,2.1573,2.1464,2.1517,349424.84,0.0,0.0,0
15m,1740847500.0,2.1517,2.1593,2.1441,2.1583,316284.56,0.0,0.0,0
15m,1740848400.0,2.1583,2.1593,2.1456,2.1458,265339.71,0.0,0.0,0
15m,1740849300.0,2.1458,2.1517,2.1404,2.1409,492376.75,0.0,0.0,0
15m,1740850200.0,2.1409,2.1472,2.1358,2.1441,213881.07,0.0,0.0,0
15m,1740851100.0,2.1441,2.1512,2.1422,2.1422,104437.63,0.0,0.0,0
15m,1740852000.0,2.1422,2.1487,2.1361,2.144,292679.51,0.0,0.0,0
15m,1740852900.0,2.144,2.1554,2.1435,2.1543,161759.35,0.0,0.0,0
15m,1740853800.0,2.1543,2.1621,2.1527,2.1596,338010.87,0.0,0.0,0
15m,1740854700.0,2.1596,2.1627,2.1557,2.1598,217591.02,0.0,0.0,0
15m,1740855600.0,2.1598,2.1695,2.1576,2.1636,508943.0,0.0,0.0,0
15m,1740856500.0,2.1636,2.1694,2.1601,2.1677,381173.27,0.0,0.0,0
15m,1740857400.0,2.1677,2.1778,2.1664,2.1699,509885.06,0.0,0.0,0
15m,1740858300.0,2.1699,2.1742,2.1676,2.1695,333748.68,0.0,0.0,0
15m,1740859200.0,2.1695,2.1709,2.1604,2.1636,327368.94,0.0,0.0,0
15m,1740860100.0,2.1636,2.1729,2.1603,2.1706,397602.54,0.0,0.0,0
15m,1740861000.0,2.1706,2.1717,2.166,2.1679,173654.4,0.0,0.0,0
15m,1740861900.0,2.1679,2.1721,2.1653,2.1712,246960.72,0.0,0.0,0
15m,1740862800.0,2.1712,2.1755,2.1663,2.1666,215404.59,0.0,0.0,0
15m,1740863700.0,2.1666,2.1721,2.1628,2.1714,236181.99,0.0,0.0,0
15m,1740864600.0,2.1714,2.1823,2.1701,2.1794,371259.57,0.0,0.0,0
15m,1740865500.0,2.1794,2.2025,2.1783,2.1979,1144531.09,0.0,0.0,0
15m,1740866400.0,2.1979,2.2081,2.1931,2.2036,2627469.21,0.0,0.0,0
15m,1740867300.0,2.2036,2.2039,2.1863,2.1943,649295.34,0.0,0.0,0
15m,1740868200.0,2.1943,2.1985,2.1839,2.1974,235865.24,0.0,0.0,0
15m,1740869100.0,2.1974,2.1983,2.1886,2.1913,155721.49,0.0,0.0,0
15m,1740870000.0,2.1913,2.194,2.1793,2.1835,253241.82,0.0,0.0,0
15m,1740870900.0,2.1835,2.1846,2.1763,2.181,155290.34,0.0,0.0,0
15m,1740871800.0,2.181,2.1903,2.181,2.1838,214242.19,0.0,0.0,0
15m,1740872700.0,2.1838,2.1928,2.1829,2.191,139079.02,0.0,0.0,0
15m,1740873600.0,2.191,2.1989,2.1853,2.1877,172434.65,0.0,0.0,0
15m,1740874500.0,2.1877,2.189,2.174,2.1807,376390.42,0.0,0.0,0
15m,1740875400.0,2.1807,2.1997,2.1791,2.1948,244842.56,0.0,0.0,0
15m,1740876300.0,2.1948,2.1992,2.1896,2.1908,187729.3,0.0,0.0,0
15m,1740877200.0,2.1908,2.2089,2.19,2.2079,471064.89,0.0,0.0,0
15m,1740878100.0,2.2079,2.2098,2.1996,2.2024,376672.96,0.0,0.0,0
15m,1740879000.0,2.2024,2.2059,2.1945,2.1989,487347.58,0.0,0.0,0
15m,1740879900.0,2.1989,2.2149,2.1966,2.2149,611251.57,0.0,0.0,0
15m,1740880800.0,2.2149,2.2652,2.2119,2.2545,1668951.83,0.0,0.0,0
15m,1740881700.0,2.2545,2.2553,2.2344,2.2386,682204.16,0.0,0.0,0
15m,1740882600.0,2.2386,2.2412,2.2248,2.2337,591151.1,0.0,0.0,0
15m,1740883500.0,2.2337,2.2582,2.2326,2.2579,489113.58,0.0,0.0,0
15m,1740884400.0,2.2579,2.2677,2.2448,2.2514,361606.53,0.0,0.0,0
15m,1740885300.0,2.2514,2.2589,2.2418,2.245,347746.28,0.0,0.0,0
15m,1740886200.0,2.245,2.2531,2.2391,2.2508,208725.91,0.0,0.0,0
15m,1740887100.0,2.2508,2.2625,2.2493,2.2539,313244.02,0.0,0.0,0
15m,1740888000.0,2.2539,2.2568,2.2488,2.2558,280453.58,0.0,0.0,0
15m,1740888900.0,2.2558,2.2566,2.2434,2.2475,337733.26,0.0,0.0,0
15m,1740889800.0,2.2475,2.2492,2.239,2.2445,152413.9,0.0,0.0,0
15m,1740890700.0,2.2445,2.2527,2.2422,2.2488,189304.87,0.0,0.0,0
15m,1740891600.0,2.2488,2.2547,2.2414,2.2544,175733.02,0.0,0.0,0
15m,1740892500.0,2.2544,2.266,2.2517,2.2609,250895.17,0.0,0.0,0
15m,1740893400.0,2.2609,2.2838,2.2608,2.273,743308.01,0.0,0.0,0
15m,1740894300.0,2.273,2.2765,2.2623,2.2655,361436.98,0.0,0.0,0
15m,1740895200.0,2.2655,2.2692,2.2584,2.2595,414008.7,0.0,0.0,0
15m,1740896100.0,2.2595,2.2672,2.2532,2.2665,464050.46,0.0,0.0,0
15m,1740897000.0,2.2665,2.2745,2.2616,2.2744,268657.82,0.0,0.0,0
15m,1740897900.0,2.2744,2.2848,2.2701,2.284,464768.4,0.0,0.0,0
15m,1740898800.0,2.284,2.2983,2.2767,2.2812,561536.76,0.0,0.0,0
15m,1740899700.0,2.2812,2.2838,2.2731,2.2822,284050.5,0.0,0.0,0
15m,1740900600.0,2.2822,2.2834,2.2745,2.2795,319422.17,0.0,0.0,0
15m,1740901500.0,2.2795,2.2828,2.2732,2.2736,257587.18,0.0,0.0,0
15m,1740902400.0,2.2736,2.2849,2.2652,2.2661,616267.51,0.0,0.0,0
15m,1740903300.0,2.2661,2.2718,2.262,2.2659,1056557.78,0.0,0.0,0
15m,1740904200.0,2.2659,2.2679,2.2576,2.2629,300070.05,0.0,0.0,0
15m,1740905100.0,2.2629,2.2661,2.2551,2.2551,422430.31,0.0,0.0,0
15m,1740906000.0,2.2551,2.2623,2.2544,2.2619,386193.25,0.0,0.0,0
15m,1740906900.0,2.2619,2.2633,2.2523,2.2539,391128.88,0.0,0.0,0
15m,1740907800.0,2.2539,2.2683,2.2539,2.2644,326430.83,0.0,0.0,0
15m,1740908700.0,2.2644,2.2678,2.2608,2.2636,197112.15,0.0,0.0,0
15m,1740909600.0,2.2636,2.2652,2.2549,2.2591,372315.76,0.0,0.0,0
15m,1740910500.0,2.2591,2.2686,2.2584,2.2632,129285.94,0.0,0.0,0
15m,1740911400.0,2.2632,2.2683,2.2586,2.2637,148645.96,0.0,0.0,0
15m,1740912300.0,2.2637,2.2681,2.2615,2.2657,315728.13,0.0,0.0,0
15m,1740913200.0,2.2657,2.2668,2.2608,2.2654,108499.29,0.0,0.0,0
15m,1740914100.0,2.2654,2.2732,2.2618,2.2683,389843.22,0.0,0.0,0
15m,1740915000.0,2.2683,2.2799,2.2669,2.2794,345483.58,0.0,0.0,0
15m,1740915900.0,2.2794,2.2818,2.2743,2.2746,483554.15,0.0,0.0,0
15m,1740916800.0,2.2746,2.2753,2.2579,2.2611,681444.17,0.0,0.0,0
15m,1740917700.0,2.2611,2.274,2.2581,2.2673,449877.6,0.0,0.0,0
15m,1740918600.0,2.2673,2.2734,2.2667,2.2723,192470.97,0.0,0.0,0
15m,1740919500.0,2.2723,2.278,2.2686,2.2742,173369.54,0.0,0.0,0
15m,1740920400.0,2.2742,2.2742,2.2623,2.267,227681.74,0.0,0.0,0
15m,1740921300.0,2.267,2.267,2.252,2.2548,445139.21,0.0,0.0,0
15m,1740922200.0,2.2548,2.2576,2.2465,2.2545,499580.83,0.0,0.0,0
15m,1740923100.0,2.2545,2.2561,2.245,2.2557,444856.64,0.0,0.0,0
15m,1740924000.0,2.2557,2.2584,2.2464,2.2483,186806.5,0.0,0.0,0
15m,1740924900.0,2.2483,2.2486,2.2271,2.2428,597886.48,0.0,0.0,0
15m,1740925800.0,2.2428,2.2475,2.2288,2.236,406805.73,0.0,0.0,0
15m,1740926700.0,2.236,2.236,2.2204,2.2259,665387.86,0.0,0.0,0
15m,1740927600.0,2.2259,2.2384,2.2232,2.2337,340313.22,0.0,0.0,0
15m,1740928500.0,2.2337,2.511,2.2297,2.3851,14289413.68,0.0,0.0,0
15m,1740929400.0,2.3851,2.7098,2.38,2.6622,32241829.35,0.0,0.0,0
15m,1740930300.0,2.6622,2.6764,2.4847,2.5991,22405988.88,0.0,0.0,0
15m,1740931200.0,2.5991,2.7562,2.5963,2.7186,25679420.0,0.0,0.0,0
15m,1740932100.0,2.7186,2.7663,2.7017,2.7641,13708575.72,0.0,0.0,0
15m,1740933000.0,2.7641,3.0082,2.734,2.9069,33878129.14,0.0,0.0,0
15m,1740933900.0,2.9069,2.914,2.778,2.8488,14145989.79,0.0,0.0,0
15m,1740934800.0,2.8488,2.8826,2.7836,2.8318,9431899.64,0.0,0.0,0
15m,1740935700.0,2.8318,2.9095,2.8262,2.898,9403310.05,0.0,0.0,0
15m,1740936600.0,2.898,2.9757,2.8964,2.9318,7685752.2,0.0,0.0,0
15m,1740937500.0,2.9318,2.9339,2.8374,2.8737,6465683.62,0.0,0.0,0
15m,1740938400.0,2.8737,2.8898,2.8159,2.8211,4178755.72,0.0,0.0,0
15m,1740939300.0,2.8211,2.8638,2.802,2.8318,4972242.86,0.0,0.0,0
15m,1740940200.0,2.8318,2.8413,2.7451,2.7723,6761100.0,0.0,0.0,0
15m,1740941100.0,2.7723,2.8142,2.7659,2.7923,4420476.25,0.0,0.0,0
15m,1740942000.0,2.7923,2.81,2.7851,2.7912,2289913.47,0.0,0.0,0
15m,1740942900.0,2.7912,2.833,2.7902,2.8306,1962108.88,0.0,0.0,0
15m,1740943800.0,2.8306,2.855,2.8272,2.8509,1469814.03,0.0,0.0,0
15m,1740944700.0,2.8509,2.8915,2.8489,2.8719,2060729.25,0.0,0.0,0
15m,1740945600.0,2.8719,2.876,2.8351,2.8542,2139471.96,0.0,0.0,0
15m,1740946500.0,2.8542,2.8804,2.8537,2.8653,1473104.14,0.0,0.0,0
15m,1740947400.0,2.8653,2.8739,2.8429,2.8683,1253359.0,0.0,0.0,0
15m,1740948300.0,2.8683,2.8739,2.8525,2.865,1053763.13,0.0,0.0,0
15m,1740949200.0,2.865,2.8772,2.8533,2.8713,1341105.28,0.0,0.0,0
15m,1740950100.0,2.8713,2.9447,2.8701,2.9269,2955822.02,0.0,0.0,0
15m,1740951000.0,2.9269,2.9367,2.8816,2.8946,2072828.86,0.0,0.0,0
15m,1740951900.0,2.8946,2.9116,2.88,2.9055,1012517.19,0.0,0.0,0
15m,1740952800.0,2.9055,2.9063,2.877,2.8949,1076252.43,0.0,0.0,0
15m,1740953700.0,2.8949,2.9042,2.8864,2.8885,403349.19,0.0,0.0,0
15m,1740954600.0,2.8885,2.8918,2.8643,2.8832,1167384.51,0.0,0.0,0
15m,1740955500.0,2.8832,2.9272,2.8832,2.9112,1362798.96,0.0,0.0,0
15m,1740956400.0,2.9112,2.9431,2.9101,2.9123,3160468.55,0.0,0.0,0
15m,1740957300.0,2.9123,2.9299,2.8961,2.9129,1732735.65,0.0,0.0,0
15m,1740958200.0,2.9129,2.9448,2.9031,2.9303,1813959.47,0.0,0.0,0
15m,1740959100.0,2.9303,2.9622,2.9185,2.9398,1937369.65,0.0,0.0,0
15m,1740960000.0,2.9398,2.9678,2.8556,2.8657,6599754.24,0.0,0.0,0
15m,1740960900.0,2.8657,2.897,2.8544,2.8945,2472909.36,0.0,0.0,0
15m,1740961800.0,2.8945,2.9011,2.858,2.8784,1517081.29,0.0,0.0,0
15m,1740962700.0,2.8784,2.8935,2.8598,2.8607,1876250.23,0.0,0.0,0
15m,1740963600.0,2.8607,2.894,2.8591,2.8764,2234421.8,0.0,0.0,0
15m,1740964500.0,2.8764,2.8789,2.8097,2.8223,2762155.43,0.0,0.0,0
15m,1740965400.0,2.8223,2.8296,2.7969,2.8206,2683465.17,0.0,0.0,0
15m,1740966300.0,2.8206,2.8209,2.8031,2.8107,1717865.5,0.0,0.0,0
15m,1740967200.0,2.8107,2.8187,2.7866,2.7958,1277040.29,0.0,0.0,0
15m,1740968100.0,2.7958,2.8019,2.7623,2.7689,2255518.97,0.0,0.0,0
15m,1740969000.0,2.7689,2.8119,2.7666,2.8049,1584826.92,0.0,0.0,0
15m,1740969900.0,2.8049,2.8218,2.7994,2.8115,775324.26,0.0,0.0,0
15m,1740970800.0,2.8115,2.8225,2.7899,2.7975,1443399.53,0.0,0.0,0
15m,1740971700.0,2.7975,2.8022,2.7804,2.7962,1065394.6,0.0,0.0,0
15m,1740972600.0,2.7962,2.8094,2.7802,2.7829,1060551.29,0.0,0.0,0
15m,1740973500.0,2.7829,2.8026,2.7803,2.7933,620768.67,0.0,0.0,0
15m,1740974400.0,2.7933,2.8046,2.7913,2.7954,764425.94,0.0,0.0,0
15m,1740975300.0,2.7954,2.8039,2.7881,2.7976,618831.88,0.0,0.0,0
15m,1740976200.0,2.7976,2.8005,2.7877,2.7955,569032.46,0.0,0.0,0
15m,1740977100.0,2.7955,2.811,2.7916,2.8094,369661.9,0.0,0.0,0
15m,1740978000.0,2.8094,2.8232,2.8056,2.8096,936934.97,0.0,0.0,0
15m,1740978900.0,2.8096,2.8168,2.8038,2.804,418132.65,0.0,0.0,0
15m,1740979800.0,2.804,2.8169,2.7997,2.8136,401917.96,0.0,0.0,0
15m,1740980700.0,2.8136,2.8204,2.8096,2.8133,315101.85,0.0,0.0,0
15m,1740981600.0,2.8133,2.8146,2.7861,2.7875,859387.68,0.0,0.0,0
15m,1740982500.0,2.7875,2.7936,2.7723,2.7743,964435.56,0.0,0.0,0
15m,1740983400.0,2.7743,2.7743,2.6875,2.7097,4041598.87,0.0,0.0,0
15m,1740984300.0,2.7097,2.719,2.6532,2.6772,3373399.06,0.0,0.0,0
15m,1740985200.0,2.6772,2.685,2.6301,2.6658,3764497.99,0.0,0.0,0
15m,1740986100.0,2.6658,2.6852,2.652,2.6717,1110111.61,0.0,0.0,0
15m,1740987000.0,2.6717,2.6863,2.6643,2.6713,863944.01,0.0,0.0,0
15m,1740987900.0,2.6713,2.6961,2.6709,2.6897,1042264.0,0.0,0.0,0
15m,1740988800.0,2.6897,2.6961,2.6811,2.6906,741376.61,0.0,0.0,0
15m,1740989700.0,2.6906,2.6932,2.64,2.6517,1196658.85,0.0,0.0,0
15m,1740990600.0,2.6517,2.6574,2.6257,2.644,1766650.54,0.0,0.0,0
15m,1740991500.0,2.644,2.6467,2.5736,2.5938,4250254.5,0.0,0.0,0
15m,1740992400.0,2.5938,2.5975,2.5539,2.5684,3549372.38,0.0,0.0,0
15m,1740993300.0,2.5684,2.6028,2.5266,2.6008,3099032.46,0.0,0.0,0
15m,1740994200.0,2.6008,2.6042,2.5716,2.5783,1391029.39,0.0,0.0,0
15m,1740995100.0,2.5783,2.5888,2.5646,2.5741,960885.36,0.0,0.0,0
15m,1740996000.0,2.5741,2.6145,2.5702,2.6138,1428712.23,0.0,0.0,0
15m,1740996900.0,2.6138,2.6462,2.6095,2.6316,2005400.35,0.0,0.0,0
15m,1740997800.0,2.6316,2.654,2.6235,2.6473,1142513.35,0.0,0.0,0
15m,1740998700.0,2.6473,2.669,2.6371,2.6647,1847087.21,0.0,0.0,0
15m,1740999600.0,2.6647,2.6706,2.643,2.643,1588229.67,0.0,0.0,0
15m,1741000500.0,2.643,2.6463,2.6266,2.6405,1237121.59,0.0,0.0,0
15m,1741001400.0,2.6405,2.6477,2.6373,2.6474,445970.42,0.0,0.0,0
15m,1741002300.0,2.6474,2.6485,2.6279,2.6341,410335.54,0.0,0.0,0
15m,1741003200.0,2.6341,2.6875,2.6296,2.6564,1878956.23,0.0,0.0,0
15m,1741004100.0,2.6564,2.6656,2.6418,2.6471,1249003.21,0.0,0.0,0
15m,1741005000.0,2.6471,2.6747,2.6351,2.6684,1428423.07,0.0,0.0,0
15m,1741005900.0,2.6684,2.6803,2.6607,2.666,666090.15,0.0,0.0,0
15m,1741006800.0,2.666,2.6792,2.657,2.6592,686035.93,0.0,0.0,0
15m,1741007700.0,2.6592,2.67,2.6555,2.665,1059640.16,0.0,0.0,0
15m,1741008600.0,2.665,2.7162,2.6628,2.7074,1760500.24,0.0,0.0,0
15m,1741009500.0,2.7074,2.7082,2.68,2.6933,1390064.12,0.0,0.0,0
15m,1741010400.0,2.6933,2.7044,2.6813,2.7031,1046486.75,0.0,0.0,0
15m,1741011300.0,2.7031,2.7032,2.6552,2.6836,1453282.51,0.0,0.0,0
15m,1741012200.0,2.6836,2.706,2.6354,2.65,4293197.87,0.0,0.0,0
15m,1741013100.0,2.65,2.6585,2.5549,2.564,6451299.7,0.0,0.0,0
15m,1741014000.0,2.564,2.622,2.5582,2.6152,4561887.21,0.0,0.0,0
15m,1741014900.0,2.6152,2.6444,2.599,2.6347,1881862.41,0.0,0.0,0
15m,1741015800.0,2.6347,2.6406,2.606,2.6216,1210584.25,0.0,0.0,0
15m,1741016700.0,2.6216,2.623,2.5961,2.5988,625916.2,0.0,0.0,0
15m,1741017600.0,2.5988,2.6131,2.5775,2.5921,1314180.8,0.0,0.0,0
15m,1741018500.0,2.5921,2.6254,2.5831,2.6121,1041054.59,0.0,0.0,0
15m,1741019400.0,2.6121,2.6154,2.5922,2.597,810846.08,0.0,0.0,0
15m,1741020300.0,2.597,2.6168,2.5968,2.6085,851368.14,0.0,0.0,0
15m,1741021200.0,2.6085,2.6195,2.5857,2.592,681669.13,0.0,0.0,0
15m,1741022100.0,2.592,2.6133,2.5837,2.6001,481707.49,0.0,0.0,0
15m,1741023000.0,2.6001,2.6366,2.5988,2.6315,656496.46,0.0,0.0,0
15m,1741023900.0,2.6315,2.6315,2.5925,2.5977,908967.69,0.0,0.0,0
15m,1741024800.0,2.5977,2.6012,2.5667,2.574,1565186.61,0.0,0.0,0
15m,1741025700.0,2.574,2.5871,2.4949,2.5046,4635490.61,0.0,0.0,0
15m,1741026600.0,2.5046,2.532,2.4471,2.4656,8240510.21,0.0,0.0,0
15m,1741027500.0,2.4656,2.4944,2.4439,2.4736,5342421.91,0.0,0.0,0
15m,1741028400.0,2.4736,2.499,2.4329,2.4394,5347188.47,0.0,0.0,0
15m,1741029300.0,2.4394,2.4552,2.4069,2.4294,8853864.3,0.0,0.0,0
15m,1741030200.0,2.4294,2.467,2.4084,2.4288,7347838.75,0.0,0.0,0
15m,1741031100.0,2.4288,2.4463,2.3401,2.3468,12393157.49,0.0,0.0,0
15m,1741032000.0,2.3468,2.4028,2.3443,2.3944,7529849.46,0.0,0.0,0
15m,1741032900.0,2.3944,2.4183,2.3829,2.3982,2504775.43,0.0,0.0,0
15m,1741033800.0,2.3982,2.4132,2.3499,2.3607,2499976.67,0.0,0.0,0
15m,1741034700.0,2.3607,2.4131,2.3605,2.4098,1461705.69,0.0,0.0,0
15m,1741035600.0,2.4098,2.422,2.4001,2.4147,876735.96,0.0,0.0,0
15m,1741036500.0,2.4147,2.4208,2.3734,2.3814,829779.52,0.0,0.0,0
15m,1741037400.0,2.3814,2.4123,2.3764,2.392,606748.92,0.0,0.0,0
15m,1741038300.0,2.392,2.3926,2.2976,2.3203,3676116.87,0.0,0.0,0
15m,1741039200.0,2.3203,2.3812,2.3182,2.3593,1978736.55,0.0,0.0,0
15m,1741040100.0,2.3593,2.3937,2.3493,2.3894,860364.62,0.0,0.0,0
15m,1741041000.0,2.3894,2.4,2.3833,2.3963,555469.83,0.0,0.0,0
15m,1741041900.0,2.3963,2.4196,2.3913,2.4059,1204751.99,0.0,0.0,0
15m,1741042800.0,2.4059,2.4061,2.383,2.402,456844.92,0.0,0.0,0
15m,1741043700.0,2.402,2.4212,2.3952,2.4096,1515374.29,0.0,0.0,0
15m,1741044600.0,2.4096,2.4186,2.4013,2.4119,546904.63,0.0,0.0,0
15m,1741045500.0,2.4119,2.4121,2.38,2.3866,1268682.68,0.0,0.0,0
15m,1741046400.0,2.3866,2.4128,2.3626,2.4028,1763848.91,0.0,0.0,0
15m,1741047300.0,2.4028,2.4218,2.3903,2.4009,1471976.03,0.0,0.0,0
15m,1741048200.0,2.4009,2.4077,2.3644,2.376,1495733.1,0.0,0.0,0
15m,1741049100.0,2.376,2.3929,2.3573,2.3607,815973.61,0.0,0.0,0
15m,1741050000.0,2.3607,2.3704,2.3205,2.3362,1657520.61,0.0,0.0,0
15m,1741050900.0,2.3362,2.356,2.3137,2.3451,1200038.77,0.0,0.0,0
15m,1741051800.0,2.3451,2.3551,2.2478,2.2659,6758227.37,0.0,0.0,0
15m,1741052700.0,2.2659,2.3024,2.2432,2.28,5124282.47,0.0,0.0,0
15m,1741053600.0,2.28,2.3,2.2114,2.2692,5327472.51,0.0,0.0,0
15m,1741054500.0,2.2692,2.2701,2.2204,2.2625,3997836.95,0.0,0.0,0
15m,1741055400.0,2.2625,2.2957,2.2601,2.2675,1750995.12,0.0,0.0,0
15m,1741056300.0,2.2675,2.3103,2.2638,2.2899,1588844.97,0.0,0.0,0
15m,1741057200.0,2.2899,2.313,2.2761,2.2828,1188006.8,0.0,0.0,0
15m,1741058100.0,2.2828,2.2956,2.2735,2.2927,850233.61,0.0,0.0,0
15m,1741059000.0,2.2927,2.3065,2.2794,2.2823,786938.14,0.0,0.0,0
15m,1741059900.0,2.2823,2.3267,2.2776,2.2977,1329870.74,0.0,0.0,0
15m,1741060800.0,2.2977,2.3065,2.2876,2.3044,1063545.91,0.0,0.0,0
15m,1741061700.0,2.3044,2.3171,2.2972,2.3041,1061203.16,0.0,0.0,0
15m,1741062600.0,2.3041,2.3126,2.293,2.3092,948652.18,0.0,0.0,0
15m,1741063500.0,2.3092,2.3096,2.288,2.292,945218.73,0.0,0.0,0
15m,1741064400.0,2.292,2.3732,2.2877,2.3203,4113739.25,0.0,0.0,0
15m,1741065300.0,2.3203,2.3477,2.3081,2.3439,1835917.76,0.0,0.0,0
15m,1741066200.0,2.3439,2.3764,2.3349,2.368,1791919.34,0.0,0.0,0
15m,1741067100.0,2.368,2.3724,2.3471,2.3587,1412374.44,0.0,0.0,0
15m,1741068000.0,2.3587,2.3693,2.3415,2.3465,1256529.44,0.0,0.0,0
15m,1741068900.0,2.3465,2.3619,2.3361,2.3589,619421.54,0.0,0.0,0
15m,1741069800.0,2.3589,2.3629,2.3314,2.3392,710328.86,0.0,0.0,0
15m,1741070700.0,2.3392,2.3403,2.3134,2.3227,974203.46,0.0,0.0,0
15m,1741071600.0,2.3227,2.3306,2.306,2.3121,922868.28,0.0,0.0,0
15m,1741072500.0,2.3121,2.327,2.3087,2.3219,677426.81,0.0,0.0,0
15m,1741073400.0,2.3219,2.3387,2.3177,2.3224,991159.35,0.0,0.0,0
15m,1741074300.0,2.3224,2.3317,2.3147,2.3203,877159.12,0.0,0.0,0
15m,1741075200.0,2.3203,2.3329,2.3014,2.3257,1060655.48,0.0,0.0,0
15m,1741076100.0,2.3257,2.373,2.3187,2.3464,1261851.99,0.0,0.0,0
15m,1741077000.0,2.3464,2.3734,2.3456,2.3489,1214135.34,0.0,0.0,0
15m,1741077900.0,2.3489,2.3647,2.3367,2.361,681114.53,0.0,0.0,0
15m,1741078800.0,2.361,2.3648,2.3439,2.357,865304.02,0.0,0.0,0
15m,1741079700.0,2.357,2.3579,2.3368,2.3513,631619.53,0.0,0.0,0
15m,1741080600.0,2.3513,2.3803,2.3437,2.3801,522410.89,0.0,0.0,0
15m,1741081500.0,2.3801,2.3843,2.3537,2.3552,598517.7,0.0,0.0,0
15m,1741082400.0,2.3552,2.3688,2.3506,2.3678,651353.88,0.0,0.0,0
15m,1741083300.0,2.3678,2.3719,2.3421,2.362,1113435.5,0.0,0.0,0
15m,1741084200.0,2.362,2.3865,2.3594,2.3709,1206680.5,0.0,0.0,0
15m,1741085100.0,2.3709,2.4074,2.3685,2.3923,1463235.57,0.0,0.0,0
15m,1741086000.0,2.3923,2.4137,2.3772,2.403,1271204.32,0.0,0.0,0
15m,1741086900.0,2.403,2.4066,2.3745,2.3945,1157720.57,0.0,0.0,0
15m,1741087800.0,2.3945,2.4046,2.3733,2.3774,857397.57,0.0,0.0,0
15m,1741088700.0,2.3774,2.382,2.3567,2.3598,953912.96,0.0,0.0,0
15m,1741089600.0,2.3598,2.3631,2.3451,2.3551,593860.44,0.0,0.0,0
15m,1741090500.0,2.3551,2.3556,2.3363,2.3363,714504.88,0.0,0.0,0
15m,1741091400.0,2.3363,2.3572,2.334,2.3563,740350.61,0.0,0.0,0
15m,1741092300.0,2.3563,2.3656,2.3456,2.3505,655036.5,0.0,0.0,0
15m,1741093200.0,2.3505,2.3505,2.3103,2.3209,1169588.37,0.0,0.0,0
15m,1741094100.0,2.3209,2.3323,2.3034,2.3056,1199189.94,0.0,0.0,0
15m,1741095000.0,2.3056,2.3331,2.3003,2.319,1155491.34,0.0,0.0,0
15m,1741095900.0,2.319,2.3313,2.292,2.2991,1053650.92,0.0,0.0,0
15m,1741096800.0,2.2991,2.3226,2.2882,2.3201,883985.87,0.0,0.0,0
15m,1741097700.0,2.3201,2.335,2.3045,2.3207,884033.34,0.0,0.0,0
15m,1741098600.0,2.3207,2.5258,2.3024,2.4107,16713606.95,0.0,0.0,0
15m,1741099500.0,2.4107,2.4483,2.3578,2.3663,7064634.91,0.0,0.0,0
15m,1741100400.0,2.3663,2.3833,2.3272,2.3477,5736661.96,0.0,0.0,0
15m,1741101300.0,2.3477,2.357,2.3092,2.3348,3140224.96,0.0,0.0,0
15m,1741102200.0,2.3348,2.3912,2.3285,2.3795,1691705.78,0.0,0.0,0
15m,1741103100.0,2.3795,2.4147,2.374,2.4031,2068494.92,0.0,0.0,0
15m,1741104000.0,2.4031,2.4099,2.3595,2.3862,1311591.44,0.0,0.0,0
15m,1741104900.0,2.3862,2.3972,2.3204,2.3265,2035359.78,0.0,0.0,0
15m,1741105800.0,2.3265,2.3574,2.3113,2.3552,4118363.91,0.0,0.0,0
15m,1741106700.0,2.3552,2.4064,2.3536,2.3923,2157213.8,0.0,0.0,0
15m,1741107600.0,2.3923,2.4062,2.3758,2.3943,1704090.12,0.0,0.0,0
15m,1741108500.0,2.3943,2.4527,2.3902,2.4482,2641127.73,0.0,0.0,0
15m,1741109400.0,2.4482,2.4949,2.4364,2.459,3724869.71,0.0,0.0,0
15m,1741110300.0,2.459,2.4708,2.4356,2.4471,1376698.82,0.0,0.0,0
15m,1741111200.0,2.4471,2.4635,2.4283,2.4586,1585874.41,0.0,0.0,0
15m,1741112100.0,2.4586,2.4598,2.4417,2.4538,817923.46,0.0,0.0,0
15m,1741113000.0,2.4538,2.4601,2.4428,2.4524,632797.27,0.0,0.0,0
15m,1741113900.0,2.4524,2.495,2.45,2.4934,2880492.21,0.0,0.0,0
15m,1741114800.0,2.4934,2.52,2.4751,2.5132,3451338.11,0.0,0.0,0
15m,1741115700.0,2.5132,2.5155,2.4872,2.4878,1729392.46,0.0,0.0,0
15m,1741116600.0,2.4878,2.5014,2.4725,2.4997,1534409.93,0.0,0.0,0
15m,1741117500.0,2.4997,2.5083,2.4899,2.4941,725811.81,0.0,0.0,0
15m,1741118400.0,2.4941,2.5032,2.4809,2.4883,487740.77,0.0,0.0,0
15m,1741119300.0,2.4883,2.5059,2.4846,2.4962,650459.93,0.0,0.0,0
15m,1741120200.0,2.4962,2.4974,2.4723,2.4795,627368.23,0.0,0.0,0
15m,1741121100.0,2.4795,2.4815,2.435,2.4382,1539672.11,0.0,0.0,0
15m,1741122000.0,2.4382,2.4544,2.4272,2.4487,1044059.95,0.0,0.0,0
15m,1741122900.0,2.4487,2.5381,2.4484,2.521,2616674.53,0.0,0.0,0
15m,1741123800.0,2.521,2.522,2.4742,2.4928,1223920.44,0.0,0.0,0
15m,1741124700.0,2.4928,2.4956,2.467,2.4742,978851.52,0.0,0.0,0
15m,1741125600.0,2.4742,2.4863,2.4659,2.4854,713578.72,0.0,0.0,0
15m,1741126500.0,2.4854,2.4895,2.4737,2.4793,553167.08,0.0,0.0,0
15m,1741127400.0,2.4793,2.4886,2.473,2.4782,631188.21,0.0,0.0,0
15m,1741128300.0,2.4782,2.4816,2.4478,2.4502,720575.53,0.0,0.0,0
15m,1741129200.0,2.4502,2.4698,2.4495,2.4675,604284.99,0.0,0.0,0
15m,1741130100.0,2.4675,2.4708,2.45,2.464,609791.8,0.0,0.0,0
15m,1741131000.0,2.464,2.4659,2.4554,2.4584,194800.79,0.0,0.0,0
15m,1741131900.0,2.4584,2.4628,2.4506,2.4544,161548.79,0.0,0.0,0
15m,1741132800.0,2.4544,2.4743,2.4418,2.4594,700157.81,0.0,0.0,0
15m,1741133700.0,2.4594,2.4671,2.4453,2.4665,419404.54,0.0,0.0,0
15m,1741134600.0,2.4665,2.4733,2.4381,2.4469,411145.0,0.0,0.0,0
15m,1741135500.0,2.4469,2.4542,2.4343,2.4453,513754.96,0.0,0.0,0
15m,1741136400.0,2.4453,2.4526,2.4329,2.4506,573102.37,0.0,0.0,0
15m,1741137300.0,2.4506,2.4733,2.4483,2.4634,506956.88,0.0,0.0,0
15m,1741138200.0,2.4634,2.4847,2.4555,2.4776,758434.46,0.0,0.0,0
15m,1741139100.0,2.4776,2.4959,2.4702,2.4958,468747.6,0.0,0.0,0
15m,1741140000.0,2.4958,2.4982,2.4792,2.4879,438166.83,0.0,0.0,0
15m,1741140900.0,2.4879,2.54,2.4808,2.5015,968631.98,0.0,0.0,0
15m,1741141800.0,2.5015,2.5179,2.4876,2.511,429970.24,0.0,0.0,0
15m,1741142700.0,2.511,2.5297,2.5046,2.5079,795355.31,0.0,0.0,0
15m,1741143600.0,2.5079,2.5193,2.4978,2.5159,478598.72,0.0,0.0,0
15m,1741144500.0,2.5159,2.5241,2.5069,2.5121,258621.09,0.0,0.0,0
15m,1741145400.0,2.5121,2.5143,2.4796,2.4805,552740.93,0.0,0.0,0
15m,1741146300.0,2.4805,2.4885,2.4379,2.4385,794320.43,0.0,0.0,0
15m,1741147200.0,2.4385,2.4596,2.4344,2.4443,2624124.28,0.0,0.0,0
15m,1741148100.0,2.4443,2.4551,2.4317,2.442,1060616.93,0.0,0.0,0
15m,1741149000.0,2.442,2.4535,2.4419,2.453,243081.77,0.0,0.0,0
15m,1741149900.0,2.453,2.4582,2.447,2.4523,295071.64,0.0,0.0,0
15m,1741150800.0,2.4523,2.4569,2.4409,2.4513,384961.78,0.0,0.0,0
15m,1741151700.0,2.4513,2.4524,2.4381,2.4406,292506.78,0.0,0.0,0
15m,1741152600.0,2.4406,2.4497,2.4318,2.4318,261741.78,0.0,0.0,0
15m,1741153500.0,2.4318,2.443,2.4306,2.4322,343216.49,0.0,0.0,0
15m,1741154400.0,2.4322,2.4326,2.4082,2.4258,721600.45,0.0,0.0,0
15m,1741155300.0,2.4258,2.4331,2.4228,2.4296,355483.24,0.0,0.0,0
15m,1741156200.0,2.4296,2.4476,2.4294,2.4388,470557.9,0.0,0.0,0
15m,1741157100.0,2.4388,2.448,2.4379,2.443,380004.46,0.0,0.0,0
15m,1741158000.0,2.443,2.4548,2.4417,2.4432,505390.81,0.0,0.0,0
15m,1741158900.0,2.4432,2.444,2.4317,2.4394,480398.83,0.0,0.0,0
15m,1741159800.0,2.4394,2.4452,2.4321,2.4445,226617.62,0.0,0.0,0
15m,1741160700.0,2.4445,2.4538,2.439,2.4476,366845.98,0.0,0.0,0
15m,1741161600.0,2.4476,2.4641,2.4451,2.4616,722145.91,0.0,0.0,0
15m,1741162500.0,2.4616,2.4715,2.4541,2.4584,713849.98,0.0,0.0,0
15m,1741163400.0,2.4584,2.4839,2.4549,2.4803,1043228.87,0.0,0.0,0
15m,1741164300.0,2.4803,2.4957,2.4762,2.4834,708003.43,0.0,0.0,0
15m,1741165200.0,2.4834,2.5076,2.4771,2.4995,888785.32,0.0,0.0,0
15m,1741166100.0,2.4995,2.5146,2.4903,2.5056,1109447.98,0.0,0.0,0
15m,1741167000.0,2.5056,2.5081,2.4852,2.4968,1055834.68,0.0,0.0,0
15m,1741167900.0,2.4968,2.4981,2.4873,2.4909,376702.49,0.0,0.0,0
15m,1741168800.0,2.4909,2.5031,2.4871,2.4936,387190.14,0.0,0.0,0
15m,1741169700.0,2.4936,2.5248,2.4929,2.5189,903845.09,0.0,0.0,0
15m,1741170600.0,2.5189,2.5398,2.5142,2.5219,2939712.63,0.0,0.0,0
15m,1741171500.0,2.5219,2.5237,2.5046,2.5134,2531005.22,0.0,0.0,0
15m,1741172400.0,2.5134,2.515,2.5022,2.5109,997381.75,0.0,0.0,0
15m,1741173300.0,2.5109,2.5154,2.4978,2.4982,878205.25,0.0,0.0,0
15m,1741174200.0,2.4982,2.5055,2.493,2.5016,523077.89,0.0,0.0,0
15m,1741175100.0,2.5016,2.5039,2.4686,2.4796,1156430.35,0.0,0.0,0
15m,1741176000.0,2.4796,2.492,2.4772,2.4872,623581.34,0.0,0.0,0
15m,1741176900.0,2.4872,2.4917,2.4758,2.4916,723809.94,0.0,0.0,0
15m,1741177800.0,2.4916,2.5076,2.4858,2.4882,1347244.66,0.0,0.0,0
15m,1741178700.0,2.4882,2.4891,2.4672,2.4864,563986.9,0.0,0.0,0
15m,1741179600.0,2.4864,2.4981,2.4784,2.4786,526665.81,0.0,0.0,0
15m,1741180500.0,2.4786,2.494,2.4726,2.4883,723773.85,0.0,0.0,0
15m,1741181400.0,2.4883,2.4916,2.4587,2.4593,1041313.85,0.0,0.0,0
15m,1741182300.0,2.4593,2.4709,2.4474,2.4685,1156583.97,0.0,0.0,0
15m,1741183200.0,2.4685,2.4783,2.4664,2.4758,392801.89,0.0,0.0,0
15m,1741184100.0,2.4758,2.4795,2.4621,2.4784,519563.96,0.0,0.0,0
15m,1741185000.0,2.4784,2.4967,2.4491,2.478,1657679.09,0.0,0.0,0
15m,1741185900.0,2.478,2.4855,2.4487,2.4529,1202710.03,0.0,0.0,0
15m,1741186800.0,2.4529,2.4898,2.4503,2.4552,1796016.13,0.0,0.0,0
15m,1741187700.0,2.4552,2.4573,2.4176,2.4285,1925283.81,0.0,0.0,0
15m,1741188600.0,2.4285,2.4496,2.4231,2.4461,1052842.4,0.0,0.0,0
15m,1741189500.0,2.4461,2.4542,2.4325,2.4479,618046.94,0.0,0.0,0
15m,1741190400.0,2.4479,2.4636,2.4345,2.4456,582547.09,0.0,0.0,0
15m,1741191300.0,2.4456,2.4585,2.4243,2.4385,983113.02,0.0,0.0,0
15m,1741192200.0,2.4385,2.4505,2.4255,2.4438,413573.26,0.0,0.0,0
15m,1741193100.0,2.4438,2.4801,2.4433,2.4669,671135.4,0.0,0.0,0
15m,1741194000.0,2.4669,2.4805,2.4638,2.4736,458725.7,0.0,0.0,0
15m,1741194900.0,2.4736,2.4939,2.4708,2.4919,357862.43,0.0,0.0,0
15m,1741195800.0,2.4919,2.5075,2.474,2.4804,1126572.25,0.0,0.0,0
15m,1741196700.0,2.4804,2.4895,2.4614,2.4886,1434812.4,0.0,0.0,0
15m,1741197600.0,2.4886,2.4928,2.4678,2.4817,635435.61,0.0,0.0,0
15m,1741198500.0,2.4817,2.4931,2.4771,2.4908,307754.74,0.0,0.0,0
15m,1741199400.0,2.4908,2.4948,2.48,2.489,230538.66,0.0,0.0,0
15m,1741200300.0,2.489,2.5052,2.4845,2.5017,685121.76,0.0,0.0,0
15m,1741201200.0,2.5017,2.5135,2.4951,2.5059,352847.02,0.0,0.0,0
15m,1741202100.0,2.5059,2.5168,2.5011,2.5066,493092.29,0.0,0.0,0
15m,1741203000.0,2.5066,2.5095,2.4937,2.5002,342348.05,0.0,0.0,0
15m,1741203900.0,2.5002,2.5035,2.4941,2.4961,248536.76,0.0,0.0,0
15m,1741204800.0,2.4961,2.5052,2.496,2.5019,222559.3,0.0,0.0,0
15m,1741205700.0,2.5019,2.502,2.4889,2.4969,349181.63,0.0,0.0,0
15m,1741206600.0,2.4969,2.5109,2.4936,2.5106,239476.19,0.0,0.0,0
15m,1741207500.0,2.5106,2.5135,2.5017,2.5038,274050.77,0.0,0.0,0
15m,1741208400.0,2.5038,2.5119,2.4969,2.502,285558.09,0.0,0.0,0
15m,1741209300.0,2.502,2.5053,2.4905,2.4972,159000.1,0.0,0.0,0
15m,1741210200.0,2.4972,2.4972,2.488,2.4949,152010.34,0.0,0.0,0
15m,1741211100.0,2.4949,2.5048,2.4923,2.4993,311421.96,0.0,0.0,0
15m,1741212000.0,2.4993,2.504,2.4973,2.5027,208060.98,0.0,0.0,0
15m,1741212900.0,2.5027,2.5051,2.4934,2.4934,149461.43,0.0,0.0,0
15m,1741213800.0,2.4934,2.5013,2.4934,2.4997,119500.79,0.0,0.0,0
15m,1741214700.0,2.4997,2.5117,2.4979,2.5082,238791.71,0.0,0.0,0
15m,1741215600.0,2.5082,2.5146,2.5015,2.502,315276.02,0.0,0.0,0
15m,1741216500.0,2.502,2.505,2.496,2.5002,152127.57,0.0,0.0,0
15m,1741217400.0,2.5002,2.5109,2.4991,2.509,215312.56,0.0,0.0,0
15m,1741218300.0,2.509,2.5111,2.4983,2.4997,199092.3,0.0,0.0,0
15m,1741219200.0,2.4997,2.5099,2.4897,2.4978,482970.21,0.0,0.0,0
15m,1741220100.0,2.4978,2.5041,2.4812,2.4905,440192.14,0.0,0.0,0
15m,1741221000.0,2.4905,2.4917,2.4749,2.4771,540277.98,0.0,0.0,0
15m,1741221900.0,2.4771,2.4828,2.4706,2.4743,249422.77,0.0,0.0,0
15m,1741222800.0,2.4743,2.4888,2.4739,2.4886,518764.15,0.0,0.0,0
15m,1741223700.0,2.4886,2.4931,2.4828,2.4885,175635.41,0.0,0.0,0
15m,1741224600.0,2.4885,2.51,2.4801,2.5087,415773.96,0.0,0.0,0
15m,1741225500.0,2.5087,2.5478,2.5028,2.5149,1497174.94,0.0,0.0,0
15m,1741226400.0,2.5149,2.5253,2.5043,2.5231,455692.62,0.0,0.0,0
15m,1741227300.0,2.5231,2.5279,2.5079,2.5122,281754.73,0.0,0.0,0
15m,1741228200.0,2.5122,2.5131,2.4999,2.5067,734382.42,0.0,0.0,0
15m,1741229100.0,2.5067,2.5276,2.5066,2.5226,359549.62,0.0,0.0,0
15m,1741230000.0,2.5226,2.5313,2.5166,2.5189,303485.95,0.0,0.0,0
15m,1741230900.0,2.5189,2.5264,2.5148,2.5248,209757.08,0.0,0.0,0
15m,1741231800.0,2.5248,2.526,2.5159,2.518,240400.08,0.0,0.0,0
15m,1741232700.0,2.518,2.5188,2.5082,2.5131,602711.07,0.0,0.0,0
15m,1741233600.0,2.5131,2.5186,2.5074,2.5168,294509.38,0.0,0.0,0
15m,1741234500.0,2.5168,2.5177,2.5054,2.5116,210527.37,0.0,0.0,0
15m,1741235400.0,2.5116,2.5285,2.5112,2.5245,392700.18,0.0,0.0,0
15m,1741236300.0,2.5245,2.5353,2.5194,2.5301,431689.07,0.0,0.0,0
15m,1741237200.0,2.5301,2.5364,2.524,2.5249,443705.57,0.0,0.0,0
15m,1741238100.0,2.5249,2.5542,2.5249,2.5423,1236203.91,0.0,0.0,0
15m,1741239000.0,2.5423,2.5431,2.5329,2.5361,587761.25,0.0,0.0,0
15m,1741239900.0,2.5361,2.5374,2.5165,2.5246,1098846.4,0.0,0.0,0
15m,1741240800.0,2.5246,2.526,2.5123,2.5155,657991.84,0.0,0.0,0
15m,1741241700.0,2.5155,2.5219,2.5081,2.5197,555575.12,0.0,0.0,0
15m,1741242600.0,2.5197,2.52,2.505,2.5051,789719.0,0.0,0.0,0
15m,1741243500.0,2.5051,2.5081,2.5006,2.5021,765516.05,0.0,0.0,0
15m,1741244400.0,2.5021,2.5127,2.5002,2.505,830832.81,0.0,0.0,0
15m,1741245300.0,2.505,2.5075,2.5017,2.504,375521.13,0.0,0.0,0
15m,1741246200.0,2.504,2.514,2.5027,2.5114,432976.24,0.0,0.0,0
15m,1741247100.0,2.5114,2.5176,2.5092,2.512,427450.29,0.0,0.0,0
15m,1741248000.0,2.512,2.5441,2.51,2.5318,1008924.98,0.0,0.0,0
15m,1741248900.0,2.5318,2.5533,2.5295,2.5408,1055546.85,0.0,0.0,0
15m,1741249800.0,2.5408,2.5773,2.5341,2.5671,1017423.32,0.0,0.0,0
15m,1741250700.0,2.5671,2.5921,2.5587,2.5649,1704965.0,0.0,0.0,0
15m,1741251600.0,2.5649,2.5658,2.5359,2.5521,1094428.52,0.0,0.0,0
15m,1741252500.0,2.5521,2.5774,2.5514,2.5638,938133.44,0.0,0.0,0
15m,1741253400.0,2.5638,2.5887,2.5591,2.5841,929762.09,0.0,0.0,0
15m,1741254300.0,2.5841,2.5915,2.5719,2.5733,651668.02,0.0,0.0,0
15m,1741255200.0,2.5733,2.6084,2.5684,2.6081,816867.05,0.0,0.0,0
15m,1741256100.0,2.6081,2.6455,2.6044,2.6368,3002568.86,0.0,0.0,0
15m,1741257000.0,2.6368,2.6372,2.6167,2.6185,656816.83,0.0,0.0,0
15m,1741257900.0,2.6185,2.6383,2.6167,2.631,868526.23,0.0,0.0,0
15m,1741258800.0,2.631,2.6411,2.608,2.6293,1065549.72,0.0,0.0,0
15m,1741259700.0,2.6293,2.632,2.6161,2.6206,436224.0,0.0,0.0,0
15m,1741260600.0,2.6206,2.6303,2.609,2.6182,561842.05,0.0,0.0,0
15m,1741261500.0,2.6182,2.6205,2.6065,2.6111,356935.5,0.0,0.0,0
15m,1741262400.0,2.6111,2.6172,2.5829,2.5922,983779.47,0.0,0.0,0
15m,1741263300.0,2.5922,2.594,2.5665,2.5862,929861.72,0.0,0.0,0
15m,1741264200.0,2.5862,2.6025,2.5848,2.5894,625446.0,0.0,0.0,0
15m,1741265100.0,2.5894,2.5952,2.5677,2.5797,851611.48,0.0,0.0,0
15m,1741266000.0,2.5797,2.594,2.5725,2.5932,544717.83,0.0,0.0,0
15m,1741266900.0,2.5932,2.5989,2.5714,2.5898,594078.98,0.0,0.0,0
15m,1741267800.0,2.5898,2.6257,2.5887,2.618,813780.47,0.0,0.0,0
15m,1741268700.0,2.618,2.6187,2.5829,2.5917,526469.02,0.0,0.0,0
15m,1741269600.0,2.5917,2.6019,2.5765,2.5838,595379.69,0.0,0.0,0
15m,1741270500.0,2.5838,2.6108,2.5783,2.5998,598531.89,0.0,0.0,0
15m,1741271400.0,2.5998,2.6152,2.5466,2.5587,1758724.19,0.0,0.0,0
15m,1741272300.0,2.5587,2.5992,2.5572,2.5818,766374.47,0.0,0.0,0
15m,1741273200.0,2.5818,2.627,2.5765,2.6042,867178.06,0.0,0.0,0
15m,1741274100.0,2.6042,2.6255,2.597,2.6099,712011.21,0.0,0.0,0
15m,1741275000.0,2.6099,2.6393,2.6001,2.623,863244.01,0.0,0.0,0
15m,1741275900.0,2.623,2.6271,2.6128,2.622,563273.86,0.0,0.0,0
15m,1741276800.0,2.622,2.6395,2.6136,2.6147,1351529.06,0.0,0.0,0
15m,1741277700.0,2.6147,2.6249,2.6032,2.6163,1415411.24,0.0,0.0,0
15m,1741278600.0,2.6163,2.6287,2.5987,2.6022,964122.93,0.0,0.0,0
15m,1741279500.0,2.6022,2.617,2.5687,2.5748,1268393.94,0.0,0.0,0
15m,1741280400.0,2.5748,2.5795,2.5525,2.5726,982282.84,0.0,0.0,0
15m,1741281300.0,2.5726,2.5822,2.5649,2.5698,334061.25,0.0,0.0,0
15m,1741282200.0,2.5698,2.5759,2.5339,2.5445,1135936.26,0.0,0.0,0
15m,1741283100.0,2.5445,2.5567,2.5278,2.5502,533282.08,0.0,0.0,0
15m,1741284000.0,2.5502,2.5684,2.5493,2.5671,616834.45,0.0,0.0,0
15m,1741284900.0,2.5671,2.5787,2.5608,2.5679,583547.33,0.0,0.0,0
15m,1741285800.0,2.5679,2.5832,2.5587,2.569,573389.78,0.0,0.0,0
15m,1741286700.0,2.569,2.5723,2.5575,2.5672,408160.24,0.0,0.0,0
15m,1741287600.0,2.5672,2.5703,2.5499,2.5584,472656.81,0.0,0.0,0
15m,1741288500.0,2.5584,2.5774,2.5532,2.5679,441320.7,0.0,0.0,0
15m,1741289400.0,2.5679,2.5949,2.5547,2.5861,701817.85,0.0,0.0,0
15m,1741290300.0,2.5861,2.6111,2.5827,2.5842,713253.91,0.0,0.0,0
15m,1741291200.0,2.5842,2.6071,2.579,2.6063,350319.87,0.0,0.0,0
15m,1741292100.0,2.6063,2.6111,2.5919,2.6013,340353.85,0.0,0.0,0
15m,1741293000.0,2.6013,2.6083,2.5853,2.5877,349811.55,0.0,0.0,0
15m,1741293900.0,2.5877,2.6057,2.5862,2.5974,369863.13,0.0,0.0,0
15m,1741294800.0,2.5974,2.6211,2.5971,2.6147,409979.8,0.0,0.0,0
15m,1741295700.0,2.6147,2.6209,2.6027,2.6079,446378.59,0.0,0.0,0
15m,1741296600.0,2.6079,2.608,2.5931,2.5992,461124.68,0.0,0.0,0
15m,1741297500.0,2.5992,2.605,2.5934,2.605,410849.65,0.0,0.0,0
15m,1741298400.0,2.605,2.6258,2.605,2.6105,1108622.08,0.0,0.0,0
15m,1741299300.0,2.6105,2.6127,2.5769,2.5847,1077354.41,0.0,0.0,0
15m,1741300200.0,2.5847,2.5991,2.5751,2.5972,490643.25,0.0,0.0,0
15m,1741301100.0,2.5972,2.6065,2.5922,2.5941,264344.14,0.0,0.0,0
15m,1741302000.0,2.5941,2.5968,2.5792,2.5925,473469.77,0.0,0.0,0
15m,1741302900.0,2.5925,2.6039,2.5914,2.6005,354906.8,0.0,0.0,0
15m,1741303800.0,2.6005,2.6139,2.5994,2.6084,257828.22,0.0,0.0,0
15m,1741304700.0,2.6084,2.609,2.597,2.5998,317606.06,0.0,0.0,0
15m,1741305600.0,2.5998,2.6213,2.5768,2.5778,713579.03,0.0,0.0,0
15m,1741306500.0,2.5778,2.585,2.4081,2.441,15422485.05,0.0,0.0,0
15m,1741307400.0,2.441,2.4669,2.4205,2.4279,4775469.8,0.0,0.0,0
15m,1741308300.0,2.4279,2.4344,2.374,2.4087,3869988.38,0.0,0.0,0
15m,1741309200.0,2.4087,2.4491,2.3906,2.4466,3087239.46,0.0,0.0,0
15m,1741310100.0,2.4466,2.4941,2.4348,2.4798,3269743.63,0.0,0.0,0
15m,1741311000.0,2.4798,2.5037,2.456,2.4938,1916238.57,0.0,0.0,0
15m,1741311900.0,2.4938,2.5022,2.4762,2.4857,1439214.42,0.0,0.0,0
15m,1741312800.0,2.4857,2.4952,2.4722,2.4802,584891.1,0.0,0.0,0
15m,1741313700.0,2.4802,2.4842,2.4574,2.4651,800644.65,0.0,0.0,0
15m,1741314600.0,2.4651,2.5246,2.4601,2.5082,1355269.59,0.0,0.0,0
15m,1741315500.0,2.5082,2.5155,2.4841,2.4845,441375.66,0.0,0.0,0
15m,1741316400.0,2.4845,2.5006,2.4807,2.4933,389990.76,0.0,0.0,0
15m,1741317300.0,2.4933,2.4955,2.482,2.4907,233666.7,0.0,0.0,0
15m,1741318200.0,2.4907,2.4977,2.4757,2.4878,558797.4,0.0,0.0,0
15m,1741319100.0,2.4878,2.488,2.468,2.4707,466832.99,0.0,0.0,0
15m,1741320000.0,2.4707,2.4827,2.4671,2.4816,358518.76,0.0,0.0,0
15m,1741320900.0,2.4816,2.4938,2.4753,2.4934,280979.84,0.0,0.0,0
15m,1741321800.0,2.4934,2.4974,2.4863,2.4906,398549.59,0.0,0.0,0
15m,1741322700.0,2.4906,2.4925,2.4795,2.4835,362073.88,0.0,0.0,0
15m,1741323600.0,2.4835,2.504,2.4818,2.496,353490.99,0.0,0.0,0
15m,1741324500.0,2.496,2.5113,2.4929,2.503,644640.06,0.0,0.0,0
15m,1741325400.0,2.503,2.5119,2.4974,2.5107,461850.45,0.0,0.0,0
15m,1741326300.0,2.5107,2.5185,2.5016,2.5055,1001066.65,0.0,0.0,0
15m,1741327200.0,2.5055,2.5061,2.4871,2.4917,778940.46,0.0,0.0,0
15m,1741328100.0,2.4917,2.4951,2.4827,2.485,579970.15,0.0,0.0,0
15m,1741329000.0,2.485,2.492,2.4828,2.4879,547474.41,0.0,0.0,0
15m,1741329900.0,2.4879,2.5005,2.4863,2.4873,521542.96,0.0,0.0,0
15m,1741330800.0,2.4873,2.5009,2.4822,2.4945,523166.56,0.0,0.0,0
15m,1741331700.0,2.4945,2.509,2.4904,2.4944,882933.65,0.0,0.0,0
15m,1741332600.0,2.4944,2.4957,2.4877,2.4925,269583.32,0.0,0.0,0
15m,1741333500.0,2.4925,2.5072,2.4917,2.5062,447355.95,0.0,0.0,0
15m,1741334400.0,2.5062,2.5088,2.4959,2.5036,537905.69,0.0,0.0,0
15m,1741335300.0,2.5036,2.509,2.4966,2.5011,301427.91,0.0,0.0,0
15m,1741336200.0,2.5011,2.5025,2.4933,2.5005,386617.84,0.0,0.0,0
15m,1741337100.0,2.5005,2.5159,2.4962,2.5154,448014.49,0.0,0.0,0
15m,1741338000.0,2.5154,2.5359,2.512,2.5346,735540.15,0.0,0.0,0
15m,1741338900.0,2.5346,2.5665,2.5272,2.5656,842492.92,0.0,0.0,0
15m,1741339800.0,2.5656,2.5694,2.5417,2.5475,971480.24,0.0,0.0,0
15m,1741340700.0,2.5475,2.5517,2.5363,2.54,963054.39,0.0,0.0,0
15m,1741341600.0,2.54,2.5515,2.536,2.5396,1366077.63,0.0,0.0,0
15m,1741342500.0,2.5396,2.5481,2.5377,2.5429,749537.4,0.0,0.0,0
15m,1741343400.0,2.5429,2.5448,2.5313,2.5328,626671.67,0.0,0.0,0
15m,1741344300.0,2.5328,2.5493,2.5327,2.541,731396.25,0.0,0.0,0
15m,1741345200.0,2.541,2.5552,2.5321,2.538,910855.39,0.0,0.0,0
15m,1741346100.0,2.538,2.5476,2.5347,2.5389,761045.67,0.0,0.0,0
15m,1741347000.0,2.5389,2.54,2.5252,2.5303,760410.41,0.0,0.0,0
15m,1741347900.0,2.5303,2.5327,2.5199,2.5298,785337.47,0.0,0.0,0
15m,1741348800.0,2.5298,2.5418,2.5244,2.5363,870211.72,0.0,0.0,0
15m,1741349700.0,2.5363,2.5363,2.5204,2.5246,671485.03,0.0,0.0,0
15m,1741350600.0,2.5246,2.5246,2.497,2.5012,1387418.77,0.0,0.0,0
15m,1741351500.0,2.5012,2.5145,2.5011,2.5108,845698.94,0.0,0.0,0
15m,1741352400.0,2.5108,2.5285,2.5075,2.5179,873474.43,0.0,0.0,0
15m,1741353300.0,2.5179,2.5204,2.5064,2.5182,1119529.6,0.0,0.0,0
15m,1741354200.0,2.5182,2.5562,2.5083,2.5438,3900223.69,0.0,0.0,0
15m,1741355100.0,2.5438,2.5467,2.5048,2.5122,961852.5,0.0,0.0,0
15m,1741356000.0,2.5122,2.5294,2.5119,2.5201,1059542.05,0.0,0.0,0
15m,1741356900.0,2.5201,2.5267,2.49,2.5033,2086937.49,0.0,0.0,0
15m,1741357800.0,2.5033,2.5319,2.4943,2.5221,2038300.17,0.0,0.0,0
15m,1741358700.0,2.5221,2.5561,2.5207,2.5325,1789359.39,0.0,0.0,0
15m,1741359600.0,2.5325,2.5548,2.527,2.5416,955278.59,0.0,0.0,0
15m,1741360500.0,2.5416,2.5429,2.5087,2.5137,1231197.84,0.0,0.0,0
15m,1741361400.0,2.5137,2.514,2.4824,2.4989,2272443.7,0.0,0.0,0
15m,1741362300.0,2.4989,2.5271,2.4921,2.5023,1533109.25,0.0,0.0,0
15m,1741363200.0,2.5023,2.5103,2.4093,2.4331,7237880.03,0.0,0.0,0
15m,1741364100.0,2.4331,2.4439,2.407,2.4222,3721128.03,0.0,0.0,0
15m,1741365000.0,2.4222,2.4275,2.4097,2.4125,2104601.26,0.0,0.0,0
15m,1741365900.0,2.4125,2.4344,2.384,2.4328,2345529.43,0.0,0.0,0
15m,1741366800.0,2.4328,2.4429,2.3982,2.416,1903234.93,0.0,0.0,0
15m,1741367700.0,2.416,2.4231,2.4012,2.421,977245.47,0.0,0.0,0
15m,1741368600.0,2.421,2.4468,2.4085,2.4442,1239659.07,0.0,0.0,0
15m,1741369500.0,2.4442,2.4756,2.4384,2.4462,2361864.59,0.0,0.0,0
15m,1741370400.0,2.4462,2.4704,2.4369,2.4611,1724994.65,0.0,0.0,0
15m,1741371300.0,2.4611,2.4783,2.4577,2.4783,917583.63,0.0,0.0,0
15m,1741372200.0,2.4783,2.5053,2.4753,2.4955,1113315.37,0.0,0.0,0
15m,1741373100.0,2.4955,2.518,2.49,2.5074,888159.43,0.0,0.0,0
15m,1741374000.0,2.5074,2.5233,2.4898,2.4976,1093428.2,0.0,0.0,0
15m,1741374900.0,2.4976,2.5075,2.4856,2.489,437524.4,0.0,0.0,0
15m,1741375800.0,2.489,2.4975,2.4746,2.4754,450987.24,0.0,0.0,0
15m,1741376700.0,2.4754,2.485,2.4592,2.4824,1488479.09,0.0,0.0,0
15m,1741377600.0,2.4824,2.4922,2.4771,2.4812,1120218.8,0.0,0.0,0
15m,1741378500.0,2.4812,2.4861,2.4695,2.48,510122.93,0.0,0.0,0
15m,1741379400.0,2.48,2.4882,2.4436,2.4804,1414547.31,0.0,0.0,0
15m,1741380300.0,2.4804,2.5332,2.4424,2.4677,3720281.03,0.0,0.0,0
15m,1741381200.0,2.4677,2.4707,2.3822,2.4023,7304024.99,0.0,0.0,0
15m,1741382100.0,2.4023,2.4571,2.4021,2.4486,1563876.25,0.0,0.0,0
15m,1741383000.0,2.4486,2.4518,2.4065,2.4123,1099095.72,0.0,0.0,0
15m,1741383900.0,2.4123,2.4231,2.3756,2.397,1244854.98,0.0,0.0,0
15m,1741384800.0,2.397,2.4,2.3437,2.3644,2082659.86,0.0,0.0,0
15m,1741385700.0,2.3644,2.3864,2.3589,2.3728,1425737.18,0.0,0.0,0
15m,1741386600.0,2.3728,2.4027,2.3676,2.4013,887993.13,0.0,0.0,0
15m,1741387500.0,2.4013,2.4031,2.3871,2.3969,486032.79,0.0,0.0,0
15m,1741388400.0,2.3969,2.3969,2.3562,2.3586,1012676.67,0.0,0.0,0
15m,1741389300.0,2.3586,2.3756,2.358,2.3681,1103922.55,0.0,0.0,0
15m,1741390200.0,2.3681,2.3784,2.3565,2.3776,657655.01,0.0,0.0,0
15m,1741391100.0,2.3776,2.3875,2.3736,2.3853,709141.31,0.0,0.0,0
15m,1741392000.0,2.3853,2.3992,2.3679,2.3774,1248603.38,0.0,0.0,0
15m,1741392900.0,2.3774,2.3915,2.3678,2.3892,567943.9,0.0,0.0,0
15m,1741393800.0,2.3892,2.3981,2.3839,2.3933,534085.51,0.0,0.0,0
15m,1741394700.0,2.3933,2.41,2.3922,2.4053,622759.77,0.0,0.0,0
15m,1741395600.0,2.4053,2.4084,2.3878,2.3888,418669.72,0.0,0.0,0
15m,1741396500.0,2.3888,2.3927,2.3733,2.3754,407895.51,0.0,0.0,0
15m,1741397400.0,2.3754,2.3771,2.3386,2.3537,1383977.67,0.0,0.0,0
15m,1741398300.0,2.3537,2.3679,2.3528,2.3674,478683.08,0.0,0.0,0
15m,1741399200.0,2.3674,2.3726,2.3567,2.3686,436913.97,0.0,0.0,0
15m,1741400100.0,2.3686,2.373,2.3604,2.3625,343270.16,0.0,0.0,0
15m,1741401000.0,2.3625,2.3675,2.3558,2.3641,541343.45,0.0,0.0,0
15m,1741401900.0,2.3641,2.3665,2.3568,2.3603,692971.01,0.0,0.0,0
15m,1741402800.0,2.3603,2.3607,2.3342,2.338,720003.76,0.0,0.0,0
15m,1741403700.0,2.338,2.3456,2.327,2.3312,826212.67,0.0,0.0,0
15m,1741404600.0,2.3312,2.3484,2.3309,2.345,622874.4,0.0,0.0,0
15m,1741405500.0,2.345,2.3504,2.338,2.3431,287345.48,0.0,0.0,0
15m,1741406400.0,2.3431,2.3476,2.3318,2.3451,410257.6,0.0,0.0,0
15m,1741407300.0,2.3451,2.366,2.3422,2.3634,582673.17,0.0,0.0,0
15m,1741408200.0,2.3634,2.3755,2.3605,2.3687,325203.1,0.0,0.0,0
15m,1741409100.0,2.3687,2.3744,2.3656,2.3683,239657.22,0.0,0.0,0
15m,1741410000.0,2.3683,2.3694,2.3551,2.356,348545.58,0.0,0.0,0
15m,1741410900.0,2.356,2.3581,2.3495,2.3504,318396.1,0.0,0.0,0
15m,1741411800.0,2.3504,2.3504,2.3397,2.3477,361265.12,0.0,0.0,0
15m,1741412700.0,2.3477,2.3498,2.3403,2.3489,407519.43,0.0,0.0,0
15m,1741413600.0,2.3489,2.3611,2.3473,2.3588,536987.27,0.0,0.0,0
15m,1741414500.0,2.3588,2.3627,2.3512,2.3613,547465.37,0.0,0.0,0
15m,1741415400.0,2.3613,2.362,2.3534,2.357,521508.76,0.0,0.0,0
15m,1741416300.0,2.357,2.3602,2.3485,2.3592,585011.18,0.0,0.0,0
15m,1741417200.0,2.3592,2.3717,2.3577,2.3675,537188.39,0.0,0.0,0
15m,1741418100.0,2.3675,2.3742,2.3639,2.3662,542260.99,0.0,0.0,0
15m,1741419000.0,2.3662,2.3747,2.3624,2.3711,743270.99,0.0,0.0,0
15m,1741419900.0,2.3711,2.3714,2.3571,2.3628,623491.28,0.0,0.0,0
15m,1741420800.0,2.3628,2.3689,2.3525,2.3525,502030.37,0.0,0.0,0
15m,1741421700.0,2.3525,2.3573,2.3461,2.3542,572113.8,0.0,0.0,0
15m,1741422600.0,2.3542,2.3603,2.3463,2.3466,593905.9,0.0,0.0,0
15m,1741423500.0,2.3466,2.3544,2.3376,2.3411,592512.99,0.0,0.0,0
15m,1741424400.0,2.3411,2.3513,2.3398,2.3494,513745.83,0.0,0.0,0
15m,1741425300.0,2.3494,2.3595,2.3493,2.3588,469517.17,0.0,0.0,0
15m,1741426200.0,2.3588,2.3621,2.3296,2.3329,656039.54,0.0,0.0,0
15m,1741427100.0,2.3329,2.3366,2.3202,2.3303,1555086.48,0.0,0.0,0
15m,1741428000.0,2.3303,2.3442,2.33,2.3379,766328.51,0.0,0.0,0
15m,1741428900.0,2.3379,2.3442,2.3301,2.3441,708872.81,0.0,0.0,0
15m,1741429800.0,2.3441,2.349,2.341,2.3477,585111.3,0.0,0.0,0
15m,1741430700.0,2.3477,2.3499,2.3396,2.3403,531401.64,0.0,0.0,0
15m,1741431600.0,2.3403,2.341,2.3225,2.3262,644394.28,0.0,0.0,0
15m,1741432500.0,2.3262,2.3313,2.3109,2.3224,1380653.13,0.0,0.0,0
15m,1741433400.0,2.3224,2.3274,2.3053,2.3124,1734911.77,0.0,0.0,0
15m,1741434300.0,2.3124,2.3184,2.302,2.3164,1294066.66,0.0,0.0,0
15m,1741435200.0,2.3164,2.3268,2.3063,2.3211,1332915.8,0.0,0.0,0
15m,1741436100.0,2.3211,2.3394,2.3161,2.3314,1175780.6,0.0,0.0,0
15m,1741437000.0,2.3314,2.3394,2.3265,2.3346,947750.58,0.0,0.0,0
15m,1741437900.0,2.3346,2.3434,2.3292,2.3345,695064.57,0.0,0.0,0
15m,1741438800.0,2.3345,2.3454,2.3313,2.3393,770998.91,0.0,0.0,0
15m,1741439700.0,2.3393,2.3525,2.334,2.3503,834721.09,0.0,0.0,0
15m,1741440600.0,2.3503,2.3574,2.3462,2.3511,883767.71,0.0,0.0,0
15m,1741441500.0,2.3511,2.3555,2.3452,2.348,608156.13,0.0,0.0,0
15m,1741442400.0,2.348,2.3617,2.3427,2.3566,811362.6,0.0,0.0,0
15m,1741443300.0,2.3566,2.3596,2.3485,2.3589,614013.74,0.0,0.0,0
15m,1741444200.0,2.3589,2.366,2.354,2.361,731506.88,0.0,0.0,0
15m,1741445100.0,2.361,2.3612,2.3475,2.3509,690889.96,0.0,0.0,0
15m,1741446000.0,2.3509,2.3523,2.3369,2.3514,637949.31,0.0,0.0,0
15m,1741446900.0,2.3514,2.3623,2.3487,2.3619,843239.13,0.0,0.0,0
15m,1741447800.0,2.3619,2.366,2.356,2.3566,827715.63,0.0,0.0,0
15m,1741448700.0,2.3566,2.3614,2.3505,2.3518,379958.93,0.0,0.0,0
15m,1741449600.0,2.3518,2.3558,2.3346,2.3418,715274.35,0.0,0.0,0
15m,1741450500.0,2.3418,2.3425,2.3144,2.3192,1208945.69,0.0,0.0,0
15m,1741451400.0,2.3192,2.334,2.3129,2.3311,603194.18,0.0,0.0,0
15m,1741452300.0,2.3311,2.341,2.328,2.3362,350528.03,0.0,0.0,0
15m,1741453200.0,2.3362,2.3371,2.3108,2.3156,537297.76,0.0,0.0,0
15m,1741454100.0,2.3156,2.3468,2.315,2.338,1130133.31,0.0,0.0,0
15m,1741455000.0,2.338,2.353,2.3368,2.3442,401987.47,0.0,0.0,0
15m,1741455900.0,2.3442,2.349,2.3389,2.3484,252164.91,0.0,0.0,0
15m,1741456800.0,2.3484,2.3553,2.344,2.3462,438997.73,0.0,0.0,0
15m,1741457700.0,2.3462,2.3481,2.3359,2.3371,351921.33,0.0,0.0,0
15m,1741458600.0,2.3371,2.34,2.3302,2.336,308438.21,0.0,0.0,0
15m,1741459500.0,2.336,2.3431,2.3345,2.339,256259.59,0.0,0.0,0
15m,1741460400.0,2.339,2.3417,2.328,2.3397,217044.15,0.0,0.0,0
15m,1741461300.0,2.3397,2.3553,2.3343,2.3529,244509.67,0.0,0.0,0
15m,1741462200.0,2.3529,2.3594,2.3502,2.3535,335750.07,0.0,0.0,0
15m,1741463100.0,2.3535,2.3605,2.3506,2.3558,491732.11,0.0,0.0,0
15m,1741464000.0,2.3558,2.3588,2.3468,2.3482,327489.05,0.0,0.0,0
15m,1741464900.0,2.3482,2.3491,2.3393,2.3458,391868.05,0.0,0.0,0
15m,1741465800.0,2.3458,2.3498,2.3428,2.3456,166480.91,0.0,0.0,0
15m,1741466700.0,2.3456,2.3525,2.3435,2.3462,189817.87,0.0,0.0,0
15m,1741467600.0,2.3462,2.3527,2.3451,2.3523,171948.62,0.0,0.0,0
15m,1741468500.0,2.3523,2.3633,2.3518,2.3611,372776.2,0.0,0.0,0
15m,1741469400.0,2.3611,2.3618,2.354,2.3555,455287.54,0.0,0.0,0
15m,1741470300.0,2.3555,2.3574,2.3496,2.3497,239284.97,0.0,0.0,0
15m,1741471200.0,2.3497,2.3531,2.332,2.3326,478962.13,0.0,0.0,0
15m,1741472100.0,2.3326,2.3407,2.3306,2.3404,298897.99,0.0,0.0,0
15m,1741473000.0,2.3404,2.3464,2.3368,2.3403,276926.14,0.0,0.0,0
15m,1741473900.0,2.3403,2.3436,2.3275,2.3429,618381.8,0.0,0.0,0
15m,1741474800.0,2.3429,2.3452,2.337,2.3422,370732.98,0.0,0.0,0
15m,1741475700.0,2.3422,2.3437,2.3297,2.333,217185.23,0.0,0.0,0
15m,1741476600.0,2.333,2.333,2.3136,2.3166,594663.33,0.0,0.0,0
15m,1741477500.0,2.3166,2.328,2.3142,2.3256,330937.28,0.0,0.0,0
15m,1741478400.0,2.3256,2.3384,2.3146,2.3348,477987.1,0.0,0.0,0
15m,1741479300.0,2.3348,2.349,2.3336,2.3453,409383.58,0.0,0.0,0
15m,1741480200.0,2.3453,2.3498,2.3376,2.3389,234520.39,0.0,0.0,0
15m,1741481100.0,2.3389,2.3464,2.337,2.3432,244751.38,0.0,0.0,0
15m,1741482000.0,2.3432,2.3513,2.3401,2.3449,332832.25,0.0,0.0,0
15m,1741482900.0,2.3449,2.3491,2.3421,2.3434,185739.9,0.0,0.0,0
15m,1741483800.0,2.3434,2.3442,2.3312,2.3363,288926.58,0.0,0.0,0
15m,1741484700.0,2.3363,2.3374,2.3216,2.3259,235867.15,0.0,0.0,0
15m,1741485600.0,2.3259,2.3304,2.3185,2.3213,470896.93,0.0,0.0,0
15m,1741486500.0,2.3213,2.3296,2.3188,2.3278,333694.03,0.0,0.0,0
15m,1741487400.0,2.3278,2.3333,2.3205,2.3205,372439.54,0.0,0.0,0
15m,1741488300.0,2.3205,2.3222,2.3102,2.3117,644504.05,0.0,0.0,0
15m,1741489200.0,2.3117,2.319,2.3048,2.3116,723261.08,0.0,0.0,0
15m,1741490100.0,2.3116,2.3191,2.3103,2.3165,275649.23,0.0,0.0,0
15m,1741491000.0,2.3165,2.3247,2.3165,2.3243,116393.69,0.0,0.0,0
15m,1741491900.0,2.3243,2.3308,2.3189,2.3227,152048.56,0.0,0.0,0
15m,1741492800.0,2.3227,2.3276,2.3201,2.325,231305.15,0.0,0.0,0
15m,1741493700.0,2.325,2.3265,2.3178,2.3225,165153.75,0.0,0.0,0
15m,1741494600.0,2.3225,2.3275,2.3195,2.3247,230253.16,0.0,0.0,0
15m,1741495500.0,2.3247,2.3318,2.3215,2.3297,174305.1,0.0,0.0,0
15m,1741496400.0,2.3297,2.332,2.3241,2.3281,148517.77,0.0,0.0,0
15m,1741497300.0,2.3281,2.3432,2.3276,2.3385,424230.0,0.0,0.0,0
15m,1741498200.0,2.3385,2.3426,2.3314,2.338,275174.55,0.0,0.0,0
15m,1741499100.0,2.338,2.3391,2.3297,2.3334,235029.43,0.0,0.0,0
15m,1741500000.0,2.3334,2.3337,2.3129,2.317,499650.06,0.0,0.0,0
15m,1741500900.0,2.317,2.323,2.3108,2.3204,294984.33,0.0,0.0,0
15m,1741501800.0,2.3204,2.3251,2.317,2.3234,153619.85,0.0,0.0,0
15m,1741502700.0,2.3234,2.3266,2.318,2.3207,214473.11,0.0,0.0,0
15m,1741503600.0,2.3207,2.3341,2.3161,2.3326,240646.23,0.0,0.0,0
15m,1741504500.0,2.3326,2.3405,2.3315,2.34,284657.52,0.0,0.0,0
15m,1741505400.0,2.34,2.3438,2.3361,2.3373,359015.76,0.0,0.0,0
15m,1741506300.0,2.3373,2.34,2.3341,2.3394,205243.82,0.0,0.0,0
15m,1741507200.0,2.3394,2.3418,2.3295,2.3326,417902.46,0.0,0.0,0
15m,1741508100.0,2.3326,2.3414,2.3239,2.3282,405692.07,0.0,0.0,0
15m,1741509000.0,2.3282,2.3322,2.316,2.3177,256484.74,0.0,0.0,0
15m,1741509900.0,2.3177,2.3238,2.3175,2.3197,220060.12,0.0,0.0,0
15m,1741510800.0,2.3197,2.3239,2.317,2.3191,251301.14,0.0,0.0,0
15m,1741511700.0,2.3191,2.3211,2.3131,2.3197,260166.15,0.0,0.0,0
15m,1741512600.0,2.3197,2.3202,2.3135,2.3184,228196.33,0.0,0.0,0
15m,1741513500.0,2.3184,2.3184,2.294,2.2985,874888.22,0.0,0.0,0
15m,1741514400.0,2.2985,2.3014,2.2682,2.2779,1366241.35,0.0,0.0,0
15m,1741515300.0,2.2779,2.2826,2.2574,2.2614,927676.3,0.0,0.0,0
15m,1741516200.0,2.2614,2.2666,2.2529,2.2588,665822.96,0.0,0.0,0
15m,1741517100.0,2.2588,2.2592,2.2409,2.2498,860436.95,0.0,0.0,0
15m,1741518000.0,2.2498,2.2642,2.2465,2.253,1215027.13,0.0,0.0,0
15m,1741518900.0,2.253,2.2615,2.2512,2.2589,540626.01,0.0,0.0,0
15m,1741519800.0,2.2589,2.2626,2.2476,2.2549,493032.2,0.0,0.0,0
15m,1741520700.0,2.2549,2.2604,2.2492,2.2548,415523.09,0.0,0.0,0
15m,1741521600.0,2.2548,2.2562,2.2255,2.2291,1066186.02,0.0,0.0,0
15m,1741522500.0,2.2291,2.2442,2.2289,2.2369,559011.43,0.0,0.0,0
15m,1741523400.0,2.2369,2.244,2.2257,2.2387,702857.3,0.0,0.0,0
15m,1741524300.0,2.2387,2.2387,2.2268,2.2383,410286.43,0.0,0.0,0
15m,1741525200.0,2.2383,2.2424,2.2307,2.232,598305.71,0.0,0.0,0
15m,1741526100.0,2.232,2.2353,2.2201,2.2339,598660.24,0.0,0.0,0
15m,1741527000.0,2.2339,2.2339,2.2052,2.2149,1086523.78,0.0,0.0,0
15m,1741527900.0,2.2149,2.2164,2.1656,2.1693,2894289.19,0.0,0.0,0
15m,1741528800.0,2.1693,2.1973,2.1681,2.1919,2710378.0,0.0,0.0,0
15m,1741529700.0,2.1919,2.2071,2.1881,2.2005,1162785.91,0.0,0.0,0
15m,1741530600.0,2.2005,2.2114,2.1958,2.1964,618094.68,0.0,0.0,0
15m,1741531500.0,2.1964,2.2118,2.1961,2.211,549915.48,0.0,0.0,0
15m,1741532400.0,2.211,2.2198,2.2076,2.219,930062.61,0.0,0.0,0
15m,1741533300.0,2.219,2.219,2.1976,2.2054,646778.97,0.0,0.0,0
15m,1741534200.0,2.2054,2.2086,2.1878,2.1878,588939.42,0.0,0.0,0
15m,1741535100.0,2.1878,2.1888,2.1729,2.1854,1451071.56,0.0,0.0,0
15m,1741536000.0,2.1854,2.1943,2.1516,2.1901,1535409.11,0.0,0.0,0
15m,1741536900.0,2.1901,2.1977,2.1598,2.1693,994706.49,0.0,0.0,0
15m,1741537800.0,2.1693,2.1727,2.1425,2.16,1347832.38,0.0,0.0,0
15m,1741538700.0,2.16,2.1607,2.1322,2.1351,2025467.67,0.0,0.0,0
15m,1741539600.0,2.1351,2.1613,2.1301,2.155,1197377.39,0.0,0.0,0
15m,1741540500.0,2.155,2.1618,2.1277,2.141,633670.6,0.0,0.0,0
15m,1741541400.0,2.141,2.155,2.1193,2.1241,1533390.37,0.0,0.0,0
15m,1741542300.0,2.1241,2.1457,2.1019,2.1056,1202877.53,0.0,0.0,0
15m,1741543200.0,2.1056,2.1236,2.0865,2.1054,2217279.83,0.0,0.0,0
15m,1741544100.0,2.1054,2.1396,2.0833,2.1323,1890070.61,0.0,0.0,0
15m,1741545000.0,2.1323,2.1452,2.0981,2.1144,1144127.49,0.0,0.0,0
15m,1741545900.0,2.1144,2.1373,2.1036,2.125,716600.72,0.0,0.0,0
15m,1741546800.0,2.125,2.1376,2.1155,2.1296,472102.97,0.0,0.0,0
15m,1741547700.0,2.1296,2.1407,2.1197,2.1355,397730.9,0.0,0.0,0
15m,1741548600.0,2.1355,2.1798,2.1348,2.166,1597684.38,0.0,0.0,0
15m,1741549500.0,2.166,2.1701,2.1558,2.1631,717530.7,0.0,0.0,0
15m,1741550400.0,2.1631,2.1893,2.157,2.1893,1046627.43,0.0,0.0,0
15m,1741551300.0,2.1893,2.1904,2.1773,2.1802,1110440.56,0.0,0.0,0
15m,1741552200.0,2.1802,2.2045,2.1798,2.1997,1359250.91,0.0,0.0,0
15m,1741553100.0,2.1997,2.2002,2.1845,2.1934,864077.15,0.0,0.0,0
15m,1741554000.0,2.1934,2.2008,2.1721,2.182,1059085.65,0.0,0.0,0
15m,1741554900.0,2.182,2.186,2.1632,2.1646,1270305.19,0.0,0.0,0
15m,1741555800.0,2.1646,2.1841,2.1625,2.1802,686029.27,0.0,0.0,0
15m,1741556700.0,2.1802,2.1914,2.1656,2.1676,845658.63,0.0,0.0,0
15m,1741557600.0,2.1676,2.1686,2.1443,2.1507,1721648.22,0.0,0.0,0
15m,1741558500.0,2.1507,2.161,2.1371,2.1443,1335905.16,0.0,0.0,0
15m,1741559400.0,2.1443,2.1572,2.1339,2.147,955637.41,0.0,0.0,0
15m,1741560300.0,2.147,2.1501,2.1282,2.1334,855674.94,0.0,0.0,0
15m,1741561200.0,2.1334,2.1529,2.1178,2.1392,1985656.65,0.0,0.0,0
15m,1741562100.0,2.1392,2.1561,2.1254,2.1314,903819.5,0.0,0.0,0
15m,1741563000.0,2.1314,2.141,2.1242,2.1267,607953.45,0.0,0.0,0
15m,1741563900.0,2.1267,2.1405,2.1221,2.1388,503431.56,0.0,0.0,0
15m,1741564800.0,2.1388,2.16,2.1315,2.1434,739180.49,0.0,0.0,0
15m,1741565700.0,2.1434,2.144,2.1186,2.1186,607781.04,0.0,0.0,0
15m,1741566600.0,2.1186,2.1504,2.0871,2.1412,1920646.32,0.0,0.0,0
15m,1741567500.0,2.1412,2.1758,2.1378,2.1656,1389790.75,0.0,0.0,0
15m,1741568400.0,2.1656,2.1966,2.1602,2.1676,1964041.48,0.0,0.0,0
15m,1741569300.0,2.1676,2.1716,2.1502,2.1648,732842.29,0.0,0.0,0
15m,1741570200.0,2.1648,2.1786,2.1614,2.1721,730780.07,0.0,0.0,0
15m,1741571100.0,2.1721,2.1794,2.1653,2.1687,460885.26,0.0,0.0,0
15m,1741572000.0,2.1687,2.1859,2.1615,2.1813,608782.16,0.0,0.0,0
15m,1741572900.0,2.1813,2.2023,2.1747,2.1788,693252.19,0.0,0.0,0
15m,1741573800.0,2.1788,2.1965,2.1766,2.184,802380.22,0.0,0.0,0
15m,1741574700.0,2.184,2.1905,2.1752,2.1825,449060.77,0.0,0.0,0
15m,1741575600.0,2.1825,2.1861,2.1708,2.1723,404823.53,0.0,0.0,0
15m,1741576500.0,2.1723,2.1763,2.1619,2.167,468858.46,0.0,0.0,0
15m,1741577400.0,2.167,2.1816,2.1647,2.1796,467977.27,0.0,0.0,0
15m,1741578300.0,2.1796,2.1835,2.1697,2.1703,635768.96,0.0,0.0,0
15m,1741579200.0,2.1703,2.1919,2.1683,2.1869,435224.18,0.0,0.0,0
15m,1741580100.0,2.1869,2.1968,2.1838,2.1928,299103.04,0.0,0.0,0
15m,1741581000.0,2.1928,2.1958,2.1876,2.1891,325701.69,0.0,0.0,0
15m,1741581900.0,2.1891,2.1966,2.1856,2.1951,339382.5,0.0,0.0,0
15m,1741582800.0,2.1951,2.2038,2.1895,2.1895,624752.57,0.0,0.0,0
15m,1741583700.0,2.1895,2.2031,2.1895,2.1999,604542.21,0.0,0.0,0
15m,1741584600.0,2.1999,2.2023,2.1866,2.1903,620907.32,0.0,0.0,0
15m,1741585500.0,2.1903,2.1979,2.188,2.1944,388901.15,0.0,0.0,0
15m,1741586400.0,2.1944,2.1986,2.1845,2.1845,401545.91,0.0,0.0,0
15m,1741587300.0,2.1845,2.1929,2.176,2.1767,662285.6,0.0,0.0,0
15m,1741588200.0,2.1767,2.1788,2.1687,2.1751,733327.39,0.0,0.0,0
15m,1741589100.0,2.1751,2.1827,2.1751,2.1793,466273.45,0.0,0.0,0
15m,1741590000.0,2.1793,2.1939,2.1745,2.1758,898626.4,0.0,0.0,0
15m,1741590900.0,2.1758,2.1818,2.1652,2.1662,879026.01,0.0,0.0,0
15m,1741591800.0,2.1662,2.1835,2.1582,2.1776,909447.21,0.0,0.0,0
15m,1741592700.0,2.1776,2.1852,2.1735,2.1842,396204.08,0.0,0.0,0
15m,1741593600.0,2.1842,2.1859,2.1636,2.175,898736.72,0.0,0.0,0
15m,1741594500.0,2.175,2.1783,2.1601,2.1648,696743.45,0.0,0.0,0
15m,1741595400.0,2.1648,2.1657,2.1299,2.1375,1334933.43,0.0,0.0,0
15m,1741596300.0,2.1375,2.1479,2.1298,2.1373,751500.46,0.0,0.0,0
15m,1741597200.0,2.1373,2.1569,2.1366,2.1567,733563.91,0.0,0.0,0
15m,1741598100.0,2.1567,2.2607,2.1565,2.2327,5651853.83,0.0,0.0,0
15m,1741599000.0,2.2327,2.2405,2.194,2.2015,1718314.89,0.0,0.0,0
15m,1741599900.0,2.2015,2.2108,2.17,2.1827,1054888.84,0.0,0.0,0
15m,1741600800.0,2.1827,2.1927,2.1693,2.1726,513338.18,0.0,0.0,0
15m,1741601700.0,2.1726,2.1799,2.1507,2.1617,753826.58,0.0,0.0,0
15m,1741602600.0,2.1617,2.1732,2.1565,2.164,438474.21,0.0,0.0,0
15m,1741603500.0,2.164,2.186,2.1605,2.1801,1177983.22,0.0,0.0,0
15m,1741604400.0,2.1801,2.1906,2.1754,2.1799,1158768.12,0.0,0.0,0
15m,1741605300.0,2.1799,2.1972,2.1758,2.1911,365242.78,0.0,0.0,0
15m,1741606200.0,2.1911,2.1966,2.1848,2.1897,385380.32,0.0,0.0,0
15m,1741607100.0,2.1897,2.2201,2.1886,2.2135,1238127.44,0.0,0.0,0
15m,1741608000.0,2.2135,2.226,2.2009,2.2026,1736924.4,0.0,0.0,0
15m,1741608900.0,2.2026,2.2139,2.1898,2.192,1035135.86,0.0,0.0,0
15m,1741609800.0,2.192,2.2068,2.1889,2.2007,790421.68,0.0,0.0,0
15m,1741610700.0,2.2007,2.2117,2.1947,2.2048,801531.14,0.0,0.0,0
15m,1741611600.0,2.2048,2.2095,2.1884,2.1955,779496.63,0.0,0.0,0
15m,1741612500.0,2.1955,2.2001,2.1718,2.1829,1077737.49,0.0,0.0,0
15m,1741613400.0,2.1829,2.1875,2.16,2.1715,1431867.42,0.0,0.0,0
15m,1741614300.0,2.1715,2.1797,2.1437,2.1514,2160193.62,0.0,0.0,0
15m,1741615200.0,2.1514,2.1514,2.11,2.1142,2383493.35,0.0,0.0,0
15m,1741616100.0,2.1142,2.1197,2.0811,2.0891,4193679.0,0.0,0.0,0
15m,1741617000.0,2.0891,2.1069,2.0754,2.0892,2142028.23,0.0,0.0,0
15m,1741617900.0,2.0892,2.1058,2.0669,2.0935,2111769.75,0.0,0.0,0
15m,1741618800.0,2.0935,2.1201,2.0846,2.1178,2263894.43,0.0,0.0,0
15m,1741619700.0,2.1178,2.1244,2.104,2.1114,1596930.2,0.0,0.0,0
15m,1741620600.0,2.1114,2.1524,2.1114,2.1275,1567900.28,0.0,0.0,0
15m,1741621500.0,2.1275,2.1444,2.1171,2.1185,1118132.54,0.0,0.0,0
15m,1741622400.0,2.1185,2.1283,2.0975,2.1106,735935.72,0.0,0.0,0
15m,1741623300.0,2.1106,2.1116,2.0954,2.1026,426303.02,0.0,0.0,0
15m,1741624200.0,2.1026,2.1097,2.0887,2.0903,501128.15,0.0,0.0,0
15m,1741625100.0,2.0903,2.0959,2.076,2.092,885386.9,0.0,0.0,0
15m,1741626000.0,2.092,2.0981,2.0443,2.0608,2842467.12,0.0,0.0,0
15m,1741626900.0,2.0608,2.1113,2.0592,2.0949,2626211.61,0.0,0.0,0
15m,1741627800.0,2.0949,2.0994,2.0651,2.0692,808936.73,0.0,0.0,0
15m,1741628700.0,2.0692,2.0743,2.0206,2.0503,2175905.88,0.0,0.0,0
15m,1741629600.0,2.0503,2.0873,2.0456,2.0736,1288696.47,0.0,0.0,0
15m,1741630500.0,2.0736,2.077,2.0436,2.0566,661884.86,0.0,0.0,0
15m,1741631400.0,2.0566,2.0644,2.0327,2.0482,868170.21,0.0,0.0,0
15m,1741632300.0,2.0482,2.0496,1.9939,1.9995,2725334.05,0.0,0.0,0
15m,1741633200.0,1.9995,2.0404,1.9921,2.038,1936636.79,0.0,0.0,0
15m,1741634100.0,2.038,2.0797,2.0374,2.0542,2729011.9,0.0,0.0,0
15m,1741635000.0,2.0542,2.0956,2.0518,2.062,1633083.22,0.0,0.0,0
15m,1741635900.0,2.062,2.0777,2.0538,2.0755,1386019.41,0.0,0.0,0
15m,1741636800.0,2.0755,2.078,2.0596,2.0745,581316.43,0.0,0.0,0
15m,1741637700.0,2.0745,2.08,2.0574,2.0702,727804.08,0.0,0.0,0
15m,1741638600.0,2.0702,2.078,2.0507,2.0571,860710.99,0.0,0.0,0
15m,1741639500.0,2.0571,2.0888,2.0446,2.0746,987346.62,0.0,0.0,0
15m,1741640400.0,2.0746,2.0916,2.06,2.0877,1054564.4,0.0,0.0,0
15m,1741641300.0,2.0877,2.0879,2.067,2.0785,641556.56,0.0,0.0,0
15m,1741642200.0,2.0785,2.0889,2.0704,2.078,448736.54,0.0,0.0,0
15m,1741643100.0,2.078,2.0804,2.067,2.0726,435830.17,0.0,0.0,0
15m,1741644000.0,2.0726,2.0836,2.0592,2.0687,542919.97,0.0,0.0,0
15m,1741644900.0,2.0687,2.0688,2.0487,2.0496,456888.98,0.0,0.0,0
15m,1741645800.0,2.0496,2.0548,2.0258,2.037,1065273.6,0.0,0.0,0
15m,1741646700.0,2.037,2.0606,2.0362,2.048,471165.88,0.0,0.0,0
15m,1741647600.0,2.048,2.0608,2.0393,2.0393,728872.48,0.0,0.0,0
15m,1741648500.0,2.0393,2.0409,2.0224,2.0358,678529.46,0.0,0.0,0
15m,1741649400.0,2.0358,2.0517,2.0314,2.0492,629703.6,0.0,0.0,0
15m,1741650300.0,2.0492,2.0493,2.0126,2.0212,1065337.47,0.0,0.0,0
15m,1741651200.0,2.0212,2.0494,2.0199,2.0261,942799.95,0.0,0.0,0
15m,1741652100.0,2.0261,2.0261,1.9726,1.9735,3097093.97,0.0,0.0,0
15m,1741653000.0,1.9735,1.984,1.9212,1.9227,8840689.41,0.0,0.0,0
15m,1741653900.0,1.9227,1.958,1.8986,1.9543,8977111.3,0.0,0.0,0
15m,1741654800.0,1.9543,1.9565,1.9039,1.9192,5764088.4,0.0,0.0,0
15m,1741655700.0,1.9192,1.9496,1.91,1.937,3275672.94,0.0,0.0,0
15m,1741656600.0,1.937,2.0086,1.9369,2.0068,3619403.87,0.0,0.0,0
15m,1741657500.0,2.0068,2.0268,1.9894,2.0265,1882053.41,0.0,0.0,0
15m,1741658400.0,2.0265,2.0424,2.0137,2.0365,2268068.61,0.0,0.0,0
15m,1741659300.0,2.0365,2.0639,2.031,2.0464,1605633.13,0.0,0.0,0
15m,1741660200.0,2.0464,2.0503,2.0316,2.0377,1269284.82,0.0,0.0,0
15m,1741661100.0,2.0377,2.0533,2.0262,2.035,906684.96,0.0,0.0,0
15m,1741662000.0,2.035,2.0649,2.0317,2.0527,850542.84,0.0,0.0,0
15m,1741662900.0,2.0527,2.0552,2.0406,2.0453,401758.61,0.0,0.0,0
15m,1741663800.0,2.0453,2.0528,2.0407,2.0493,662074.21,0.0,0.0,0
15m,1741664700.0,2.0493,2.058,2.0439,2.0466,342695.73,0.0,0.0,0
15m,1741665600.0,2.0466,2.0611,2.0411,2.0562,250659.55,0.0,0.0,0
15m,1741666500.0,2.0562,2.085,2.0552,2.0786,1869643.46,0.0,0.0,0
15m,1741667400.0,2.0786,2.0802,2.0643,2.0677,591033.36,0.0,0.0,0
15m,1741668300.0,2.0677,2.0774,2.0637,2.0734,301192.03,0.0,0.0,0
15m,1741669200.0,2.0734,2.1228,2.0691,2.1089,1085092.99,0.0,0.0,0
15m,1741670100.0,2.1089,2.13,2.098,2.1046,3072217.16,0.0,0.0,0
15m,1741671000.0,2.1046,2.1061,2.0854,2.0914,1396240.54,0.0,0.0,0
15m,1741671900.0,2.0914,2.1046,2.0882,2.1006,441440.75,0.0,0.0,0
15m,1741672800.0,2.1006,2.1239,2.0989,2.1167,1072835.53,0.0,0.0,0
15m,1741673700.0,2.1167,2.1232,2.107,2.1111,644431.92,0.0,0.0,0
15m,1741674600.0,2.1111,2.1139,2.0978,2.1038,530719.74,0.0,0.0,0
15m,1741675500.0,2.1038,2.1044,2.0806,2.0836,619650.5,0.0,0.0,0
15m,1741676400.0,2.0836,2.0973,2.0814,2.0965,891976.4,0.0,0.0,0
15m,1741677300.0,2.0965,2.1114,2.0903,2.0977,659328.09,0.0,0.0,0
15m,1741678200.0,2.0977,2.098,2.0838,2.0867,879154.4,0.0,0.0,0
15m,1741679100.0,2.0867,2.1006,2.0825,2.0944,546740.51,0.0,0.0,0
15m,1741680000.0,2.0944,2.1219,2.0897,2.1206,1332062.86,0.0,0.0,0
15m,1741680900.0,2.1206,2.1309,2.11,2.1197,1198848.3,0.0,0.0,0
15m,1741681800.0,2.1197,2.1209,2.1092,2.12,703606.26,0.0,0.0,0
15m,1741682700.0,2.12,2.137,2.117,2.1204,764917.84,0.0,0.0,0
15m,1741683600.0,2.1204,2.142,2.1187,2.1345,752293.21,0.0,0.0,0
15m,1741684500.0,2.1345,2.149,2.1342,2.1461,728982.08,0.0,0.0,0
15m,1741685400.0,2.1461,2.1463,2.1323,2.1328,1140172.75,0.0,0.0,0
15m,1741686300.0,2.1328,2.1397,2.1271,2.1279,486571.97,0.0,0.0,0
15m,1741687200.0,2.1279,2.1417,2.124,2.134,567861.17,0.0,0.0,0
15m,1741688100.0,2.134,2.1419,2.1312,2.137,549801.06,0.0,0.0,0
15m,1741689000.0,2.137,2.1538,2.1342,2.1488,252904.69,0.0,0.0,0
15m,1741689900.0,2.1488,2.1525,2.1382,2.1474,194550.35,0.0,0.0,0
15m,1741690800.0,2.1474,2.1547,2.1269,2.1297,799642.72,0.0,0.0,0
15m,1741691700.0,2.1297,2.1463,2.1297,2.1444,190742.74,0.0,0.0,0
15m,1741692600.0,2.1444,2.1638,2.1432,2.1631,446484.39,0.0,0.0,0
15m,1741693500.0,2.1631,2.164,2.1507,2.156,280442.6,0.0,0.0,0
15m,1741694400.0,2.156,2.1609,2.1209,2.1269,1228960.01,0.0,0.0,0
15m,1741695300.0,2.1269,2.1411,2.1219,2.1356,439015.38,0.0,0.0,0
15m,1741696200.0,2.1356,2.1395,2.1122,2.1158,865218.38,0.0,0.0,0
15m,1741697100.0,2.1158,2.1171,2.1,2.1113,804709.39,0.0,0.0,0
15m,1741698000.0,2.1113,2.1152,2.0842,2.0886,1143859.08,0.0,0.0,0
15m,1741698900.0,2.0886,2.1552,2.0867,2.1178,2587092.07,0.0,0.0,0
15m,1741699800.0,2.1178,2.1389,2.1005,2.1251,3417457.91,0.0,0.0,0
15m,1741700700.0,2.1251,2.1419,2.1119,2.1133,998217.65,0.0,0.0,0
15m,1741701600.0,2.1133,2.1296,2.0861,2.1071,2802073.43,0.0,0.0,0
15m,1741702500.0,2.1071,2.1132,2.0808,2.0842,1745607.06,0.0,0.0,0
15m,1741703400.0,2.0842,2.0954,2.056,2.0711,2184714.45,0.0,0.0,0
15m,1741704300.0,2.0711,2.1024,2.0613,2.0766,2230674.8,0.0,0.0,0
15m,1741705200.0,2.0766,2.1236,2.073,2.1111,1743666.95,0.0,0.0,0
15m,1741706100.0,2.1111,2.1262,2.1081,2.1106,967290.58,0.0,0.0,0
15m,1741707000.0,2.1106,2.1334,2.1077,2.1288,519354.67,0.0,0.0,0
15m,1741707900.0,2.1288,2.1442,2.1225,2.1348,798479.51,0.0,0.0,0
15m,1741708800.0,2.1348,2.1375,2.1074,2.1089,586879.04,0.0,0.0,0
15m,1741709700.0,2.1089,2.1402,2.1072,2.1383,341119.74,0.0,0.0,0
15m,1741710600.0,2.1383,2.1454,2.1265,2.1332,804096.15,0.0,0.0,0
15m,1741711500.0,2.1332,2.1405,2.1217,2.1249,392381.61,0.0,0.0,0
15m,1741712400.0,2.1249,2.1269,2.1163,2.12,296157.91,0.0,0.0,0
15m,1741713300.0,2.12,2.1246,2.0933,2.0951,500815.8,0.0,0.0,0
15m,1741714200.0,2.0951,2.1035,2.0789,2.1025,1106872.11,0.0,0.0,0
15m,1741715100.0,2.1025,2.1116,2.0941,2.1006,455718.77,0.0,0.0,0
15m,1741716000.0,2.1006,2.161,2.0993,2.1577,1427931.06,0.0,0.0,0
15m,1741716900.0,2.1577,2.1794,2.1272,2.1689,3090832.06,0.0,0.0,0
15m,1741717800.0,2.1689,2.1754,2.1556,2.1728,970367.64,0.0,0.0,0
15m,1741718700.0,2.1728,2.1997,2.1676,2.1818,1239240.16,0.0,0.0,0
15m,1741719600.0,2.1818,2.1966,2.1746,2.1891,784351.33,0.0,0.0,0
15m,1741720500.0,2.1891,2.196,2.1749,2.1945,684897.92,0.0,0.0,0
15m,1741721400.0,2.1945,2.2009,2.1881,2.1945,658257.72,0.0,0.0,0
15m,1741722300.0,2.1945,2.2135,2.191,2.208,875173.1,0.0,0.0,0
15m,1741723200.0,2.208,2.2104,2.1896,2.1931,443334.71,0.0,0.0,0
15m,1741724100.0,2.1931,2.1945,2.1764,2.178,486547.01,0.0,0.0,0
15m,1741725000.0,2.178,2.1977,2.178,2.1976,487637.69,0.0,0.0,0
15m,1741725900.0,2.1976,2.2066,2.1919,2.1919,467450.74,0.0,0.0,0
15m,1741726800.0,2.1919,2.2088,2.1917,2.2051,511231.6,0.0,0.0,0
15m,1741727700.0,2.2051,2.2104,2.2001,2.2061,309055.69,0.0,0.0,0
15m,1741728600.0,2.2061,2.2083,2.1821,2.1879,671835.44,0.0,0.0,0
15m,1741729500.0,2.1879,2.2,2.1879,2.1942,112256.65,0.0,0.0,0
15m,1741730400.0,2.1942,2.2027,2.1926,2.2027,299174.22,0.0,0.0,0
15m,1741731300.0,2.2027,2.2046,2.1905,2.1965,215796.32,0.0,0.0,0
15m,1741732200.0,2.1965,2.1966,2.1865,2.1932,151717.28,0.0,0.0,0
15m,1741733100.0,2.1932,2.1984,2.1888,2.1946,193337.61,0.0,0.0,0
15m,1741734000.0,2.1946,2.1963,2.1787,2.1809,366933.96,0.0,0.0,0
15m,1741734900.0,2.1809,2.1811,2.166,2.1716,530853.58,0.0,0.0,0
15m,1741735800.0,2.1716,2.1741,2.1638,2.1709,375820.59,0.0,0.0,0
15m,1741736700.0,2.1709,2.1722,2.1631,2.1712,172206.23,0.0,0.0,0
15m,1741737600.0,2.1712,2.1826,2.1603,2.1819,502553.64,0.0,0.0,0
15m,1741738500.0,2.1819,2.197,2.1784,2.1863,778002.1,0.0,0.0,0
15m,1741739400.0,2.1863,2.1981,2.1817,2.1849,285004.12,0.0,0.0,0
15m,1741740300.0,2.1849,2.1867,2.1742,2.1804,245145.08,0.0,0.0,0
15m,1741741200.0,2.1804,2.2052,2.1773,2.1975,344270.99,0.0,0.0,0
15m,1741742100.0,2.1975,2.2126,2.1932,2.2069,529441.5,0.0,0.0,0
15m,1741743000.0,2.2069,2.2211,2.204,2.2114,726033.84,0.0,0.0,0
15m,1741743900.0,2.2114,2.2464,2.211,2.229,1133536.47,0.0,0.0,0
15m,1741744800.0,2.229,2.2448,2.2139,2.2423,421953.17,0.0,0.0,0
15m,1741745700.0,2.2423,2.2443,2.2156,2.2168,881442.61,0.0,0.0,0
15m,1741746600.0,2.2168,2.2188,2.1934,2.2012,912711.66,0.0,0.0,0
15m,1741747500.0,2.2012,2.2036,2.1895,2.1964,509282.23,0.0,0.0,0
15m,1741748400.0,2.1964,2.2094,2.1904,2.2047,595573.61,0.0,0.0,0
15m,1741749300.0,2.2047,2.2054,2.1907,2.1982,336801.25,0.0,0.0,0
15m,1741750200.0,2.1982,2.2023,2.1808,2.183,665222.21,0.0,0.0,0
15m,1741751100.0,2.183,2.1834,2.1658,2.168,521176.54,0.0,0.0,0
15m,1741752000.0,2.168,2.1686,2.1561,2.1652,713983.61,0.0,0.0,0
15m,1741752900.0,2.1652,2.1696,2.1501,2.1523,443337.0,0.0,0.0,0
15m,1741753800.0,2.1523,2.1597,2.1438,2.1482,364939.39,0.0,0.0,0
15m,1741754700.0,2.1482,2.1614,2.1431,2.1583,688102.23,0.0,0.0,0
15m,1741755600.0,2.1583,2.1689,2.1561,2.1684,486180.15,0.0,0.0,0
15m,1741756500.0,2.1684,2.1745,2.1613,2.1618,1010436.95,0.0,0.0,0
15m,1741757400.0,2.1618,2.1779,2.1605,2.1733,557132.8,0.0,0.0,0
15m,1741758300.0,2.1733,2.1871,2.1678,2.1823,567861.48,0.0,0.0,0
15m,1741759200.0,2.1823,2.1859,2.1628,2.1671,705805.39,0.0,0.0,0
15m,1741760100.0,2.1671,2.1773,2.1627,2.1734,1051601.38,0.0,0.0,0
15m,1741761000.0,2.1734,2.1786,2.1528,2.1539,592465.18,0.0,0.0,0
15m,1741761900.0,2.1539,2.1613,2.1452,2.1601,510806.68,0.0,0.0,0
15m,1741762800.0,2.1601,2.1799,2.1587,2.1659,700671.66,0.0,0.0,0
15m,1741763700.0,2.1659,2.1759,2.1588,2.1713,258282.32,0.0,0.0,0
15m,1741764600.0,2.1713,2.1815,2.1666,2.1719,308756.23,0.0,0.0,0
15m,1741765500.0,2.1719,2.1941,2.1688,2.1883,462555.28,0.0,0.0,0
15m,1741766400.0,2.1883,2.2192,2.185,2.2164,1129079.39,0.0,0.0,0
15m,1741767300.0,2.2164,2.2182,2.1871,2.211,1132221.86,0.0,0.0,0
15m,1741768200.0,2.211,2.227,2.2001,2.2211,1071410.64,0.0,0.0,0
15m,1741769100.0,2.2211,2.2371,2.2175,2.2225,846690.89,0.0,0.0,0
15m,1741770000.0,2.2225,2.2321,2.2064,2.2133,1918654.7,0.0,0.0,0
15m,1741770900.0,2.2133,2.2151,2.1906,2.1909,1109219.43,0.0,0.0,0
15m,1741771800.0,2.1909,2.2052,2.1907,2.2039,435404.66,0.0,0.0,0
15m,1741772700.0,2.2039,2.2079,2.1975,2.2032,314545.28,0.0,0.0,0
15m,1741773600.0,2.2032,2.2085,2.1891,2.1947,334395.42,0.0,0.0,0
15m,1741774500.0,2.1947,2.2028,2.1895,2.1953,492867.88,0.0,0.0,0
15m,1741775400.0,2.1953,2.1981,2.1765,2.1804,679252.02,0.0,0.0,0
15m,1741776300.0,2.1804,2.1871,2.1679,2.1792,531688.61,0.0,0.0,0
15m,1741777200.0,2.1792,2.1913,2.179,2.1904,172010.88,0.0,0.0,0
15m,1741778100.0,2.1904,2.1956,2.1855,2.1927,191382.23,0.0,0.0,0
15m,1741779000.0,2.1927,2.2021,2.189,2.1998,224951.71,0.0,0.0,0
15m,1741779900.0,2.1998,2.215,2.1958,2.214,530585.56,0.0,0.0,0
15m,1741780800.0,2.214,2.2203,2.1957,2.2028,747806.4,0.0,0.0,0
15m,1741781700.0,2.2028,2.2378,2.1991,2.2349,1481918.64,0.0,0.0,0
15m,1741782600.0,2.2349,2.2769,2.234,2.2378,8188688.28,0.0,0.0,0
15m,1741783500.0,2.2378,2.2528,2.2216,2.2513,1542913.02,0.0,0.0,0
15m,1741784400.0,2.2513,2.2599,2.2287,2.2399,1011206.99,0.0,0.0,0
15m,1741785300.0,2.2399,2.2414,2.2133,2.2207,868929.82,0.0,0.0,0
15m,1741786200.0,2.2207,2.235,2.2092,2.215,969783.42,0.0,0.0,0
15m,1741787100.0,2.215,2.2232,2.1772,2.1891,1829333.35,0.0,0.0,0
15m,1741788000.0,2.1891,2.1978,2.1746,2.184,984611.06,0.0,0.0,0
15m,1741788900.0,2.184,2.1919,2.1743,2.1803,500256.0,0.0,0.0,0
15m,1741789800.0,2.1803,2.1914,2.1523,2.1697,1917085.03,0.0,0.0,0
15m,1741790700.0,2.1697,2.1758,2.1592,2.1674,770226.32,0.0,0.0,0
15m,1741791600.0,2.1674,2.173,2.1329,2.1425,2317420.38,0.0,0.0,0
15m,1741792500.0,2.1425,2.1641,2.1381,2.1601,1588347.87,0.0,0.0,0
15m,1741793400.0,2.1601,2.1759,2.1599,2.1706,1347031.32,0.0,0.0,0
15m,1741794300.0,2.1706,2.2348,2.1694,2.2038,7584484.36,0.0,0.0,0
15m,1741795200.0,2.2038,2.2533,2.188,2.2499,6188580.6,0.0,0.0,0
15m,1741796100.0,2.2499,2.2545,2.1934,2.1955,2910940.95,0.0,0.0,0
15m,1741797000.0,2.1955,2.2199,2.1941,2.1961,1917329.92,0.0,0.0,0
15m,1741797900.0,2.1961,2.2148,2.1955,2.2004,530438.48,0.0,0.0,0
15m,1741798800.0,2.2004,2.2234,2.197,2.2153,1004525.36,0.0,0.0,0
15m,1741799700.0,2.2153,2.2313,2.2147,2.229,933734.52,0.0,0.0,0
15m,1741800600.0,2.229,2.2358,2.2126,2.2146,1378033.56,0.0,0.0,0
15m,1741801500.0,2.2146,2.2212,2.2019,2.2072,1536103.57,0.0,0.0,0
15m,1741802400.0,2.2072,2.229,2.2041,2.2232,669995.83,0.0,0.0,0
15m,1741803300.0,2.2232,2.2337,2.2211,2.2308,754399.89,0.0,0.0,0
15m,1741804200.0,2.2308,2.2354,2.2187,2.2354,397328.26,0.0,0.0,0
15m,1741805100.0,2.2354,2.2454,2.2276,2.2325,1099212.06,0.0,0.0,0
15m,1741806000.0,2.2325,2.2367,2.2197,2.2357,738472.14,0.0,0.0,0
15m,1741806900.0,2.2357,2.2465,2.2297,2.2427,982048.37,0.0,0.0,0
15m,1741807800.0,2.2427,2.2469,2.2265,2.2348,1295296.48,0.0,0.0,0
15m,1741808700.0,2.2348,2.246,2.2276,2.2384,687762.78,0.0,0.0,0
15m,1741809600.0,2.2384,2.2427,2.2288,2.2355,383526.3,0.0,0.0,0
15m,1741810500.0,2.2355,2.238,2.2227,2.2233,349156.98,0.0,0.0,0
15m,1741811400.0,2.2233,2.2365,2.2233,2.2322,341496.68,0.0,0.0,0
15m,1741812300.0,2.2322,2.2362,2.2239,2.2295,481350.47,0.0,0.0,0
15m,1741813200.0,2.2295,2.2379,2.2231,2.2327,376734.69,0.0,0.0,0
15m,1741814100.0,2.2327,2.2405,2.226,2.2307,314948.61,0.0,0.0,0
15m,1741815000.0,2.2307,2.2348,2.2174,2.2194,395816.12,0.0,0.0,0
15m,1741815900.0,2.2194,2.2236,2.2122,2.2203,380367.33,0.0,0.0,0
15m,1741816800.0,2.2203,2.2301,2.2182,2.2273,316974.51,0.0,0.0,0
15m,1741817700.0,2.2273,2.2389,2.2259,2.233,302604.38,0.0,0.0,0
15m,1741818600.0,2.233,2.2396,2.2293,2.2347,177385.29,0.0,0.0,0
15m,1741819500.0,2.2347,2.2354,2.2285,2.2295,252398.1,0.0,0.0,0
15m,1741820400.0,2.2295,2.2315,2.2223,2.2238,220110.29,0.0,0.0,0
15m,1741821300.0,2.2238,2.2308,2.2211,2.228,156904.65,0.0,0.0,0
15m,1741822200.0,2.228,2.2367,2.2234,2.2351,161756.51,0.0,0.0,0
15m,1741823100.0,2.2351,2.2432,2.2332,2.2395,623451.93,0.0,0.0,0
15m,1741824000.0,2.2395,2.2457,2.2306,2.2312,441462.89,0.0,0.0,0
15m,1741824900.0,2.2312,2.2525,2.2262,2.24,978421.75,0.0,0.0,0
15m,1741825800.0,2.24,2.2483,2.2331,2.2474,444936.58,0.0,0.0,0
15m,1741826700.0,2.2474,2.248,2.2323,2.2332,573751.89,0.0,0.0,0
15m,1741827600.0,2.2332,2.2467,2.2276,2.245,274513.01,0.0,0.0,0
15m,1741828500.0,2.245,2.2479,2.2325,2.2409,275952.84,0.0,0.0,0
15m,1741829400.0,2.2409,2.2467,2.2346,2.2379,186339.76,0.0,0.0,0
15m,1741830300.0,2.2379,2.2563,2.236,2.2497,610537.69,0.0,0.0,0
15m,1741831200.0,2.2497,2.2587,2.2453,2.2558,281986.89,0.0,0.0,0
15m,1741832100.0,2.2558,2.2563,2.2476,2.2505,177548.84,0.0,0.0,0
15m,1741833000.0,2.2505,2.2518,2.2406,2.2414,341276.05,0.0,0.0,0
15m,1741833900.0,2.2414,2.2464,2.2338,2.235,307260.96,0.0,0.0,0
15m,1741834800.0,2.235,2.2434,2.2321,2.243,292486.06,0.0,0.0,0
15m,1741835700.0,2.243,2.2514,2.2421,2.2422,162505.28,0.0,0.0,0
15m,1741836600.0,2.2422,2.2427,2.2347,2.2392,194521.57,0.0,0.0,0
15m,1741837500.0,2.2392,2.2447,2.2366,2.241,170874.79,0.0,0.0,0
15m,1741838400.0,2.241,2.2463,2.2389,2.2404,109933.44,0.0,0.0,0
15m,1741839300.0,2.2404,2.2425,2.2301,2.2304,291538.2,0.0,0.0,0
15m,1741840200.0,2.2304,2.235,2.221,2.2252,310305.01,0.0,0.0,0
15m,1741841100.0,2.2252,2.2359,2.2246,2.2294,373164.26,0.0,0.0,0
15m,1741842000.0,2.2294,2.2395,2.2285,2.2381,426786.82,0.0,0.0,0
15m,1741842900.0,2.2381,2.2542,2.2356,2.2511,492026.97,0.0,0.0,0
15m,1741843800.0,2.2511,2.2511,2.2352,2.2374,406967.19,0.0,0.0,0
15m,1741844700.0,2.2374,2.2459,2.2319,2.2349,500210.97,0.0,0.0,0
15m,1741845600.0,2.2349,2.2382,2.223,2.2251,277294.07,0.0,0.0,0
15m,1741846500.0,2.2251,2.2284,2.2179,2.2234,289132.12,0.0,0.0,0
15m,1741847400.0,2.2234,2.2303,2.2217,2.2266,126752.57,0.0,0.0,0
15m,1741848300.0,2.2266,2.2328,2.2248,2.2293,383517.1,0.0,0.0,0
15m,1741849200.0,2.2293,2.2325,2.2237,2.2295,218593.64,0.0,0.0,0
15m,1741850100.0,2.2295,2.2421,2.2286,2.2391,428881.58,0.0,0.0,0
15m,1741851000.0,2.2391,2.2412,2.2298,2.2303,155791.93,0.0,0.0,0
15m,1741851900.0,2.2303,2.2403,2.225,2.2342,622054.09,0.0,0.0,0
15m,1741852800.0,2.2342,2.2445,2.2318,2.2386,166439.33,0.0,0.0,0
15m,1741853700.0,2.2386,2.2399,2.2186,2.22,643070.09,0.0,0.0,0
15m,1741854600.0,2.22,2.2267,2.2138,2.2187,374624.54,0.0,0.0,0
15m,1741855500.0,2.2187,2.2345,2.2186,2.2323,453106.66,0.0,0.0,0
15m,1741856400.0,2.2323,2.2466,2.2322,2.241,631964.66,0.0,0.0,0
15m,1741857300.0,2.241,2.25,2.2398,2.2442,745589.31,0.0,0.0,0
15m,1741858200.0,2.2442,2.2567,2.2427,2.2556,451599.93,0.0,0.0,0
15m,1741859100.0,2.2556,2.289,2.2556,2.2807,1608811.27,0.0,0.0,0
15m,1741860000.0,2.2807,2.2814,2.2611,2.2675,683246.76,0.0,0.0,0
15m,1741860900.0,2.2675,2.2698,2.2507,2.2611,906804.45,0.0,0.0,0
15m,1741861800.0,2.2611,2.2674,2.2546,2.2574,240306.95,0.0,0.0,0
15m,1741862700.0,2.2574,2.2779,2.2545,2.2691,377946.29,0.0,0.0,0
15m,1741863600.0,2.2691,2.2751,2.264,2.2693,525103.67,0.0,0.0,0
15m,1741864500.0,2.2693,2.2693,2.2593,2.2643,243566.67,0.0,0.0,0
15m,1741865400.0,2.2643,2.2724,2.2602,2.2688,417734.74,0.0,0.0,0
15m,1741866300.0,2.2688,2.2841,2.2621,2.2838,395696.0,0.0,0.0,0
15m,1741867200.0,2.2838,2.2906,2.2752,2.2773,665814.36,0.0,0.0,0
15m,1741868100.0,2.2773,2.3248,2.2773,2.3238,3588578.07,0.0,0.0,0
15m,1741869000.0,2.3238,2.3439,2.2887,2.3032,3428007.31,0.0,0.0,0
15m,1741869900.0,2.3032,2.3045,2.2818,2.2935,1244866.1,0.0,0.0,0
15m,1741870800.0,2.2935,2.3233,2.2928,2.308,1647779.97,0.0,0.0,0
15m,1741871700.0,2.308,2.3467,2.308,2.34,2553609.61,0.0,0.0,0
15m,1741872600.0,2.34,2.3468,2.3125,2.3178,1207154.12,0.0,0.0,0
15m,1741873500.0,2.3178,2.3184,2.2742,2.2838,2314360.51,0.0,0.0,0
15m,1741874400.0,2.2838,2.3165,2.2769,2.3088,2887094.19,0.0,0.0,0
15m,1741875300.0,2.3088,2.3312,2.3057,2.3115,1806094.3,0.0,0.0,0
15m,1741876200.0,2.3115,2.3269,2.311,2.3238,566576.38,0.0,0.0,0
15m,1741877100.0,2.3238,2.3366,2.3107,2.32,823193.51,0.0,0.0,0
15m,1741878000.0,2.32,2.3271,2.2941,2.3087,2100643.15,0.0,0.0,0
15m,1741878900.0,2.3087,2.3174,2.2981,2.3073,726929.5,0.0,0.0,0
15m,1741879800.0,2.3073,2.3151,2.2816,2.294,1448156.72,0.0,0.0,0
15m,1741880700.0,2.294,2.294,2.277,2.2875,1607732.72,0.0,0.0,0
15m,1741881600.0,2.2875,2.3086,2.285,2.2895,873386.9,0.0,0.0,0
15m,1741882500.0,2.2895,2.2937,2.2671,2.2705,933597.32,0.0,0.0,0
15m,1741883400.0,2.2705,2.2894,2.2672,2.2734,721120.26,0.0,0.0,0
15m,1741884300.0,2.2734,2.2753,2.2554,2.2711,1591304.96,0.0,0.0,0
15m,1741885200.0,2.2711,2.2734,2.2517,2.262,1389729.82,0.0,0.0,0
15m,1741886100.0,2.262,2.2624,2.2419,2.2468,1279701.11,0.0,0.0,0
15m,1741887000.0,2.2468,2.248,2.2269,2.2294,1009157.49,0.0,0.0,0
15m,1741887900.0,2.2294,2.232,2.2151,2.2219,1453137.65,0.0,0.0,0
15m,1741888800.0,2.2219,2.2515,2.2199,2.2483,1030032.91,0.0,0.0,0
15m,1741889700.0,2.2483,2.2579,2.2386,2.2567,465713.68,0.0,0.0,0
15m,1741890600.0,2.2567,2.2736,2.2512,2.2666,897786.25,0.0,0.0,0
15m,1741891500.0,2.2666,2.2717,2.2552,2.2627,1449967.22,0.0,0.0,0
15m,1741892400.0,2.2627,2.2652,2.2456,2.2512,790256.15,0.0,0.0,0
15m,1741893300.0,2.2512,2.2515,2.2357,2.2394,353567.16,0.0,0.0,0
15m,1741894200.0,2.2394,2.2436,2.2302,2.2331,282817.47,0.0,0.0,0
15m,1741895100.0,2.2331,2.2447,2.2291,2.2379,639373.65,0.0,0.0,0
15m,1741896000.0,2.2379,2.2489,2.2364,2.2453,171129.11,0.0,0.0,0
15m,1741896900.0,2.2453,2.2578,2.2439,2.2572,245829.25,0.0,0.0,0
15m,1741897800.0,2.2572,2.2598,2.2346,2.235,303716.11,0.0,0.0,0
15m,1741898700.0,2.235,2.2352,2.2188,2.2215,482556.7,0.0,0.0,0
15m,1741899600.0,2.2215,2.2325,2.22,2.224,325014.45,0.0,0.0,0
15m,1741900500.0,2.224,2.2321,2.2198,2.2313,375502.44,0.0,0.0,0
15m,1741901400.0,2.2313,2.2323,2.2182,2.2302,347555.04,0.0,0.0,0
15m,1741902300.0,2.2302,2.2376,2.2269,2.2376,157999.64,0.0,0.0,0
15m,1741903200.0,2.2376,2.2484,2.2323,2.247,399695.34,0.0,0.0,0
15m,1741904100.0,2.247,2.2487,2.2347,2.248,247860.06,0.0,0.0,0
15m,1741905000.0,2.248,2.2525,2.2441,2.2524,154910.34,0.0,0.0,0
15m,1741905900.0,2.2524,2.2687,2.2523,2.2676,334604.49,0.0,0.0,0
15m,1741906800.0,2.2676,2.2759,2.2599,2.2708,329741.97,0.0,0.0,0
15m,1741907700.0,2.2708,2.2708,2.2476,2.2478,528653.43,0.0,0.0,0
15m,1741908600.0,2.2478,2.2555,2.2445,2.2478,314492.44,0.0,0.0,0
15m,1741909500.0,2.2478,2.2551,2.2475,2.2524,138931.46,0.0,0.0,0
15m,1741910400.0,2.2524,2.2537,2.237,2.2448,507916.74,0.0,0.0,0
15m,1741911300.0,2.2448,2.2541,2.2377,2.2512,270333.59,0.0,0.0,0
15m,1741912200.0,2.2512,2.2678,2.2512,2.2676,400458.63,0.0,0.0,0
15m,1741913100.0,2.2676,2.2749,2.2619,2.2646,469485.94,0.0,0.0,0
15m,1741914000.0,2.2646,2.2653,2.2548,2.2633,240987.16,0.0,0.0,0
15m,1741914900.0,2.2633,2.264,2.2538,2.2617,135728.93,0.0,0.0,0
15m,1741915800.0,2.2617,2.2777,2.2617,2.2742,200737.86,0.0,0.0,0
15m,1741916700.0,2.2742,2.2758,2.2654,2.2664,181866.17,0.0,0.0,0
15m,1741917600.0,2.2664,2.2708,2.2627,2.2645,198127.37,0.0,0.0,0
15m,1741918500.0,2.2645,2.28,2.2615,2.2785,509642.5,0.0,0.0,0
15m,1741919400.0,2.2785,2.2854,2.2712,2.2844,470228.53,0.0,0.0,0
15m,1741920300.0,2.2844,2.3019,2.2798,2.2953,1297754.79,0.0,0.0,0
15m,1741921200.0,2.2953,2.2957,2.2851,2.2876,529564.36,0.0,0.0,0
15m,1741922100.0,2.2876,2.2942,2.2846,2.2848,573336.07,0.0,0.0,0
15m,1741923000.0,2.2848,2.2897,2.2795,2.2884,387681.96,0.0,0.0,0
15m,1741923900.0,2.2884,2.292,2.2782,2.2912,454703.36,0.0,0.0,0
15m,1741924800.0,2.2912,2.2989,2.2899,2.2984,525517.0,0.0,0.0,0
15m,1741925700.0,2.2984,2.2985,2.2907,2.2923,347977.71,0.0,0.0,0
15m,1741926600.0,2.2923,2.2944,2.2864,2.2903,511776.74,0.0,0.0,0
15m,1741927500.0,2.2903,2.2977,2.29,2.2938,218304.75,0.0,0.0,0
15m,1741928400.0,2.2938,2.2968,2.2874,2.2875,181499.81,0.0,0.0,0
15m,1741929300.0,2.2875,2.2974,2.2875,2.2949,305879.69,0.0,0.0,0
15m,1741930200.0,2.2949,2.3095,2.2925,2.3074,712671.81,0.0,0.0,0
15m,1741931100.0,2.3074,2.3074,2.2978,2.3012,974141.3,0.0,0.0,0
15m,1741932000.0,2.3012,2.3145,2.2836,2.2956,2353447.74,0.0,0.0,0
15m,1741932900.0,2.2956,2.2984,2.2845,2.2865,581564.43,0.0,0.0,0
15m,1741933800.0,2.2865,2.2911,2.2802,2.2817,424799.54,0.0,0.0,0
15m,1741934700.0,2.2817,2.2879,2.2808,2.287,420712.17,0.0,0.0,0
15m,1741935600.0,2.287,2.2983,2.2803,2.293,761972.5,0.0,0.0,0
15m,1741936500.0,2.293,2.2985,2.291,2.2937,482710.38,0.0,0.0,0
15m,1741937400.0,2.2937,2.3015,2.2866,2.3002,492918.9,0.0,0.0,0
15m,1741938300.0,2.3002,2.3051,2.2942,2.2943,394830.96,0.0,0.0,0
15m,1741939200.0,2.2943,2.3005,2.2907,2.2962,461942.74,0.0,0.0,0
15m,1741940100.0,2.2962,2.3089,2.2956,2.3062,1491791.48,0.0,0.0,0
15m,1741941000.0,2.3062,2.3204,2.3028,2.3082,1657524.36,0.0,0.0,0
15m,1741941900.0,2.3082,2.3167,2.3078,2.3086,881478.9,0.0,0.0,0
15m,1741942800.0,2.3086,2.3197,2.3053,2.3109,603341.85,0.0,0.0,0
15m,1741943700.0,2.3109,2.3241,2.3079,2.3224,450024.84,0.0,0.0,0
15m,1741944600.0,2.3224,2.3259,2.3133,2.3226,373807.54,0.0,0.0,0
15m,1741945500.0,2.3226,2.3229,2.3114,2.3137,311573.83,0.0,0.0,0
15m,1741946400.0,2.3137,2.315,2.305,2.3079,356040.37,0.0,0.0,0
15m,1741947300.0,2.3079,2.3258,2.3078,2.3238,418500.09,0.0,0.0,0
15m,1741948200.0,2.3238,2.3307,2.323,2.3248,526917.96,0.0,0.0,0
15m,1741949100.0,2.3248,2.3325,2.3179,2.322,439202.85,0.0,0.0,0
15m,1741950000.0,2.322,2.3232,2.31,2.3167,716475.34,0.0,0.0,0
15m,1741950900.0,2.3167,2.3225,2.3136,2.3214,232987.49,0.0,0.0,0
15m,1741951800.0,2.3214,2.3238,2.3177,2.3188,346064.95,0.0,0.0,0
15m,1741952700.0,2.3188,2.3203,2.3146,2.3168,207842.81,0.0,0.0,0
15m,1741953600.0,2.3168,2.3199,2.3092,2.3185,251415.46,0.0,0.0,0
15m,1741954500.0,2.3185,2.3208,2.3134,2.3158,155678.94,0.0,0.0,0
15m,1741955400.0,2.3158,2.3162,2.3002,2.3016,483530.07,0.0,0.0,0
15m,1741956300.0,2.3016,2.3072,2.2967,2.3068,601973.43,0.0,0.0,0
15m,1741957200.0,2.3068,2.3163,2.3063,2.3069,611059.07,0.0,0.0,0
15m,1741958100.0,2.3069,2.3128,2.3028,2.3042,192116.57,0.0,0.0,0
15m,1741959000.0,2.3042,2.3215,2.3016,2.3088,1697618.08,0.0,0.0,0
15m,1741959900.0,2.3088,2.3482,2.3088,2.3355,1695289.02,0.0,0.0,0
15m,1741960800.0,2.3355,2.3381,2.3147,2.3217,2199477.24,0.0,0.0,0
15m,1741961700.0,2.3217,2.3261,2.3089,2.3169,912420.43,0.0,0.0,0
15m,1741962600.0,2.3169,2.3421,2.3152,2.3389,1456290.6,0.0,0.0,0
15m,1741963500.0,2.3389,2.3422,2.3286,2.3333,902084.34,0.0,0.0,0
15m,1741964400.0,2.3333,2.3774,2.3329,2.3672,2439549.11,0.0,0.0,0
15m,1741965300.0,2.3672,2.3893,2.3626,2.3769,1543406.21,0.0,0.0,0
15m,1741966200.0,2.3769,2.3861,2.3727,2.3788,1775164.76,0.0,0.0,0
15m,1741967100.0,2.3788,2.3795,2.3527,2.3584,1425296.31,0.0,0.0,0
15m,1741968000.0,2.3584,2.3652,2.3449,2.3521,744155.81,0.0,0.0,0
15m,1741968900.0,2.3521,2.3621,2.3482,2.3499,822879.34,0.0,0.0,0
15m,1741969800.0,2.3499,2.3599,2.3419,2.3582,763284.75,0.0,0.0,0
15m,1741970700.0,2.3582,2.3679,2.3501,2.3678,295701.34,0.0,0.0,0
15m,1741971600.0,2.3678,2.3722,2.3592,2.3625,419119.38,0.0,0.0,0
15m,1741972500.0,2.3625,2.3642,2.3535,2.3563,260904.94,0.0,0.0,0
15m,1741973400.0,2.3563,2.3594,2.3449,2.3449,176438.94,0.0,0.0,0
15m,1741974300.0,2.3449,2.3476,2.3385,2.3465,257721.02,0.0,0.0,0
15m,1741975200.0,2.3465,2.3563,2.3445,2.3464,522682.67,0.0,0.0,0
15m,1741976100.0,2.3464,2.347,2.3362,2.3405,186760.7,0.0,0.0,0
15m,1741977000.0,2.3405,2.3571,2.3392,2.3523,474274.81,0.0,0.0,0
15m,1741977900.0,2.3523,2.3528,2.3464,2.349,178237.7,0.0,0.0,0
15m,1741978800.0,2.349,2.3617,2.3442,2.3601,468267.84,0.0,0.0,0
15m,1741979700.0,2.3601,2.3636,2.354,2.3559,358828.23,0.0,0.0,0
15m,1741980600.0,2.3559,2.3598,2.35,2.3504,197238.77,0.0,0.0,0
15m,1741981500.0,2.3504,2.3587,2.3434,2.3553,150691.56,0.0,0.0,0
15m,1741982400.0,2.3553,2.3583,2.3452,2.3463,247394.19,0.0,0.0,0
15m,1741983300.0,2.3463,2.348,2.3319,2.3406,564972.59,0.0,0.0,0
15m,1741984200.0,2.3406,2.3475,2.3362,2.3467,322836.91,0.0,0.0,0
15m,1741985100.0,2.3467,2.3496,2.3429,2.3476,150819.25,0.0,0.0,0
15m,1741986000.0,2.3476,2.351,2.3406,2.3426,260785.96,0.0,0.0,0
15m,1741986900.0,2.3426,2.3474,2.3363,2.3365,119255.24,0.0,0.0,0
15m,1741987800.0,2.3365,2.3432,2.3326,2.3401,284689.46,0.0,0.0,0
15m,1741988700.0,2.3401,2.354,2.3374,2.3534,269901.3,0.0,0.0,0
15m,1741989600.0,2.3534,2.3554,2.3451,2.3484,233786.0,0.0,0.0,0
15m,1741990500.0,2.3484,2.3546,2.3481,2.3519,159140.87,0.0,0.0,0
15m,1741991400.0,2.3519,2.3613,2.3497,2.3599,301364.84,0.0,0.0,0
15m,1741992300.0,2.3599,2.3726,2.3598,2.3688,332497.5,0.0,0.0,0
15m,1741993200.0,2.3688,2.369,2.3576,2.3593,251924.39,0.0,0.0,0
15m,1741994100.0,2.3593,2.3654,2.3552,2.3652,209476.72,0.0,0.0,0
15m,1741995000.0,2.3652,2.3675,2.3543,2.3553,775604.64,0.0,0.0,0
15m,1741995900.0,2.3553,2.3606,2.353,2.3561,235235.93,0.0,0.0,0
15m,1741996800.0,2.3561,2.3666,2.3524,2.3611,281071.07,0.0,0.0,0
15m,1741997700.0,2.3611,2.3695,2.3611,2.3695,746871.99,0.0,0.0,0
15m,1741998600.0,2.3695,2.375,2.3695,2.3714,500562.5,0.0,0.0,0
15m,1741999500.0,2.3714,2.3883,2.3712,2.3803,941402.29,0.0,0.0,0
15m,1742000400.0,2.3803,2.3987,2.377,2.3948,489336.51,0.0,0.0,0
15m,1742001300.0,2.3948,2.3951,2.385,2.3867,271796.66,0.0,0.0,0
15m,1742002200.0,2.3867,2.3872,2.3775,2.3864,220422.34,0.0,0.0,0
15m,1742003100.0,2.3864,2.3958,2.3855,2.3907,126901.16,0.0,0.0,0
15m,1742004000.0,2.3907,2.3944,2.3835,2.3924,573750.82,0.0,0.0,0
15m,1742004900.0,2.3924,2.3983,2.3892,2.3943,346267.88,0.0,0.0,0
15m,1742005800.0,2.3943,2.396,2.3875,2.3909,196682.93,0.0,0.0,0
15m,1742006700.0,2.3909,2.4112,2.3908,2.4038,2032702.54,0.0,0.0,0
15m,1742007600.0,2.4038,2.4172,2.4002,2.4087,568236.54,0.0,0.0,0
15m,1742008500.0,2.4087,2.4307,2.4087,2.4225,977443.56,0.0,0.0,0
15m,1742009400.0,2.4225,2.4297,2.4155,2.4166,595671.33,0.0,0.0,0
15m,1742010300.0,2.4166,2.4253,2.4161,2.4249,593801.92,0.0,0.0,0
15m,1742011200.0,2.4249,2.4434,2.4246,2.4357,1107865.57,0.0,0.0,0
15m,1742012100.0,2.4357,2.4495,2.4351,2.4486,557209.41,0.0,0.0,0
15m,1742013000.0,2.4486,2.4751,2.4452,2.4597,1547033.35,0.0,0.0,0
15m,1742013900.0,2.4597,2.468,2.4501,2.4651,527148.8,0.0,0.0,0
15m,1742014800.0,2.4651,2.4676,2.4476,2.455,415448.29,0.0,0.0,0
15m,1742015700.0,2.455,2.4616,2.4417,2.4421,299883.69,0.0,0.0,0
15m,1742016600.0,2.4421,2.4501,2.4382,2.4383,369631.02,0.0,0.0,0
15m,1742017500.0,2.4383,2.44,2.4268,2.4268,748948.6,0.0,0.0,0
15m,1742018400.0,2.4268,2.4367,2.4257,2.4357,347135.65,0.0,0.0,0
15m,1742019300.0,2.4357,2.4412,2.4317,2.4331,343458.55,0.0,0.0,0
15m,1742020200.0,2.4331,2.4334,2.4183,2.4184,305210.34,0.0,0.0,0
15m,1742021100.0,2.4184,2.4239,2.4119,2.4171,533486.14,0.0,0.0,0
15m,1742022000.0,2.4171,2.4207,2.3979,2.4055,671348.44,0.0,0.0,0
15m,1742022900.0,2.4055,2.4062,2.3761,2.3808,1133913.98,0.0,0.0,0
15m,1742023800.0,2.3808,2.3898,2.3735,2.3865,857328.93,0.0,0.0,0
15m,1742024700.0,2.3865,2.3998,2.3862,2.3928,622535.81,0.0,0.0,0
15m,1742025600.0,2.3928,2.4035,2.3915,2.396,481987.62,0.0,0.0,0
15m,1742026500.0,2.396,2.4013,2.3862,2.3997,272372.15,0.0,0.0,0
15m,1742027400.0,2.3997,2.4136,2.3972,2.4125,610925.37,0.0,0.0,0
15m,1742028300.0,2.4125,2.4184,2.4087,2.4124,681508.45,0.0,0.0,0
15m,1742029200.0,2.4124,2.4124,2.4015,2.4087,416828.8,0.0,0.0,0
15m,1742030100.0,2.4087,2.4091,2.3975,2.4,229766.33,0.0,0.0,0
15m,1742031000.0,2.4,2.4103,2.3978,2.4059,170993.67,0.0,0.0,0
15m,1742031900.0,2.4059,2.4123,2.4017,2.4114,310731.81,0.0,0.0,0
15m,1742032800.0,2.4114,2.4114,2.4007,2.4055,172743.24,0.0,0.0,0
15m,1742033700.0,2.4055,2.4077,2.3982,2.4011,152276.49,0.0,0.0,0
15m,1742034600.0,2.4011,2.4119,2.3998,2.4057,248231.75,0.0,0.0,0
15m,1742035500.0,2.4057,2.413,2.4051,2.4092,315613.63,0.0,0.0,0
15m,1742036400.0,2.4092,2.41,2.4019,2.4058,185127.46,0.0,0.0,0
15m,1742037300.0,2.4058,2.4119,2.4032,2.4117,162479.23,0.0,0.0,0
15m,1742038200.0,2.4117,2.42,2.41,2.4185,457941.74,0.0,0.0,0
15m,1742039100.0,2.4185,2.4256,2.4161,2.4251,297263.47,0.0,0.0,0
15m,1742040000.0,2.4251,2.4291,2.4149,2.4267,338876.7,0.0,0.0,0
15m,1742040900.0,2.4267,2.4309,2.4211,2.4261,412087.89,0.0,0.0,0
15m,1742041800.0,2.4261,2.4348,2.4235,2.4338,401716.63,0.0,0.0,0
15m,1742042700.0,2.4338,2.4418,2.427,2.427,420089.37,0.0,0.0,0
15m,1742043600.0,2.427,2.4414,2.4269,2.4397,354494.06,0.0,0.0,0
15m,1742044500.0,2.4397,2.4483,2.4332,2.4452,228396.76,0.0,0.0,0
15m,1742045400.0,2.4452,2.4539,2.4397,2.4495,524779.36,0.0,0.0,0
15m,1742046300.0,2.4495,2.4522,2.441,2.4459,278182.96,0.0,0.0,0
15m,1742047200.0,2.4459,2.4459,2.4274,2.4319,408527.69,0.0,0.0,0
15m,1742048100.0,2.4319,2.432,2.4134,2.4187,869280.65,0.0,0.0,0
15m,1742049000.0,2.4187,2.4255,2.414,2.4235,436357.08,0.0,0.0,0
15m,1742049900.0,2.4235,2.4302,2.4222,2.4233,245217.88,0.0,0.0,0
15m,1742050800.0,2.4233,2.4382,2.423,2.433,201638.95,0.0,0.0,0
15m,1742051700.0,2.433,2.4355,2.4262,2.4268,187340.74,0.0,0.0,0
15m,1742052600.0,2.4268,2.4317,2.4205,2.4276,201432.24,0.0,0.0,0
15m,1742053500.0,2.4276,2.4346,2.4246,2.426,285867.14,0.0,0.0,0
15m,1742054400.0,2.426,2.4282,2.4177,2.4201,222024.71,0.0,0.0,0
15m,1742055300.0,2.4201,2.4219,2.4083,2.4147,333450.64,0.0,0.0,0
15m,1742056200.0,2.4147,2.4235,2.408,2.4204,167320.19,0.0,0.0,0
15m,1742057100.0,2.4204,2.4246,2.4111,2.4112,87156.18,0.0,0.0,0
15m,1742058000.0,2.4112,2.4183,2.4104,2.4156,88691.63,0.0,0.0,0
15m,1742058900.0,2.4156,2.4211,2.4156,2.419,213644.2,0.0,0.0,0
15m,1742059800.0,2.419,2.4193,2.409,2.4112,223496.73,0.0,0.0,0
15m,1742060700.0,2.4112,2.4184,2.4086,2.4184,177066.6,0.0,0.0,0
15m,1742061600.0,2.4184,2.4215,2.4156,2.4182,234297.48,0.0,0.0,0
15m,1742062500.0,2.4182,2.419,2.4112,2.4131,121117.72,0.0,0.0,0
15m,1742063400.0,2.4131,2.4168,2.3935,2.4024,772217.34,0.0,0.0,0
15m,1742064300.0,2.4024,2.4077,2.4023,2.4066,186308.25,0.0,0.0,0
15m,1742065200.0,2.4066,2.4068,2.3954,2.4,1686084.63,0.0,0.0,0
15m,1742066100.0,2.4,2.4044,2.3982,2.4009,930989.82,0.0,0.0,0
15m,1742067000.0,2.4009,2.4042,2.3945,2.4034,128581.11,0.0,0.0,0
15m,1742067900.0,2.4034,2.4063,2.3986,2.4018,127818.15,0.0,0.0,0
15m,1742068800.0,2.4018,2.4093,2.4006,2.4073,137015.23,0.0,0.0,0
15m,1742069700.0,2.4073,2.4182,2.4051,2.4151,277797.66,0.0,0.0,0
15m,1742070600.0,2.4151,2.4154,2.4066,2.4077,218015.33,0.0,0.0,0
15m,1742071500.0,2.4077,2.4137,2.4075,2.411,108872.43,0.0,0.0,0
15m,1742072400.0,2.411,2.4179,2.4103,2.415,118466.94,0.0,0.0,0
15m,1742073300.0,2.415,2.4153,2.4099,2.4145,187423.02,0.0,0.0,0
15m,1742074200.0,2.4145,2.4186,2.4126,2.4144,312012.6,0.0,0.0,0
15m,1742075100.0,2.4144,2.4182,2.4114,2.4138,408673.6,0.0,0.0,0
15m,1742076000.0,2.4138,2.417,2.4066,2.4081,169161.57,0.0,0.0,0
15m,1742076900.0,2.4081,2.4117,2.3988,2.4018,110600.68,0.0,0.0,0
15m,1742077800.0,2.4018,2.4055,2.3962,2.3963,125127.91,0.0,0.0,0
15m,1742078700.0,2.3963,2.4051,2.3963,2.4028,76408.16,0.0,0.0,0
15m,1742079600.0,2.4028,2.4033,2.3946,2.3976,128725.04,0.0,0.0,0
15m,1742080500.0,2.3976,2.3976,2.3843,2.3872,319688.99,0.0,0.0,0
15m,1742081400.0,2.3872,2.3919,2.3824,2.3895,341078.59,0.0,0.0,0
15m,1742082300.0,2.3895,2.3944,2.3873,2.3915,120588.53,0.0,0.0,0
15m,1742083200.0,2.3915,2.3934,2.378,2.3853,495007.03,0.0,0.0,0
15m,1742084100.0,2.3853,2.3913,2.3817,2.3881,114124.64,0.0,0.0,0
15m,1742085000.0,2.3881,2.4003,2.3869,2.3998,171072.08,0.0,0.0,0
15m,1742085900.0,2.3998,2.4071,2.3976,2.4034,286994.48,0.0,0.0,0
15m,1742086800.0,2.4034,2.4109,2.398,2.3981,196562.32,0.0,0.0,0
15m,1742087700.0,2.3981,2.4045,2.3979,2.4002,123134.22,0.0,0.0,0
15m,1742088600.0,2.4002,2.4002,2.3806,2.3875,209929.22,0.0,0.0,0
15m,1742089500.0,2.3875,2.3921,2.3771,2.3796,199578.97,0.0,0.0,0
15m,1742090400.0,2.3796,2.3823,2.3635,2.3683,601973.07,0.0,0.0,0
15m,1742091300.0,2.3683,2.3754,2.3629,2.3748,415956.24,0.0,0.0,0
15m,1742092200.0,2.3748,2.3832,2.3724,2.3773,415463.92,0.0,0.0,0
15m,1742093100.0,2.3773,2.3787,2.3681,2.3711,288918.92,0.0,0.0,0
15m,1742094000.0,2.3711,2.3769,2.3683,2.3714,219042.21,0.0,0.0,0
15m,1742094900.0,2.3714,2.3815,2.3713,2.3803,146407.43,0.0,0.0,0
15m,1742095800.0,2.3803,2.3841,2.3774,2.3807,239434.43,0.0,0.0,0
15m,1742096700.0,2.3807,2.386,2.3773,2.3825,66472.41,0.0,0.0,0
15m,1742097600.0,2.3825,2.3938,2.3817,2.3871,232143.43,0.0,0.0,0
15m,1742098500.0,2.3871,2.3938,2.3835,2.3843,157032.51,0.0,0.0,0
15m,1742099400.0,2.3843,2.3893,2.3824,2.3869,410321.41,0.0,0.0,0
15m,1742100300.0,2.3869,2.3897,2.3807,2.3848,132411.85,0.0,0.0,0
15m,1742101200.0,2.3848,2.3894,2.3809,2.3867,432172.47,0.0,0.0,0
15m,1742102100.0,2.3867,2.3937,2.386,2.3929,141932.76,0.0,0.0,0
15m,1742103000.0,2.3929,2.3934,2.3871,2.3875,77657.94,0.0,0.0,0
15m,1742103900.0,2.3875,2.393,2.3856,2.3925,75098.7,0.0,0.0,0
15m,1742104800.0,2.3925,2.3958,2.3883,2.3923,206140.88,0.0,0.0,0
15m,1742105700.0,2.3923,2.3943,2.3876,2.3901,100681.85,0.0,0.0,0
15m,1742106600.0,2.3901,2.3958,2.389,2.3933,145193.28,0.0,0.0,0
15m,1742107500.0,2.3933,2.3945,2.3891,2.3891,41696.46,0.0,0.0,0
15m,1742108400.0,2.3891,2.3898,2.3685,2.3711,500398.06,0.0,0.0,0
15m,1742109300.0,2.3711,2.3795,2.368,2.3756,611610.42,0.0,0.0,0
15m,1742110200.0,2.3756,2.3867,2.3753,2.3859,110824.58,0.0,0.0,0
15m,1742111100.0,2.3859,2.3862,2.3782,2.3813,192656.85,0.0,0.0,0
15m,1742112000.0,2.3813,2.3854,2.3726,2.3774,751502.17,0.0,0.0,0
15m,1742112900.0,2.3774,2.378,2.3711,2.374,307552.03,0.0,0.0,0
15m,1742113800.0,2.374,2.3822,2.3727,2.3771,283638.77,0.0,0.0,0
15m,1742114700.0,2.3771,2.3821,2.3762,2.3776,81371.45,0.0,0.0,0
15m,1742115600.0,2.3776,2.3781,2.3688,2.3718,150431.49,0.0,0.0,0
15m,1742116500.0,2.3718,2.3747,2.3556,2.3594,573940.31,0.0,0.0,0
15m,1742117400.0,2.3594,2.364,2.3375,2.341,1205468.74,0.0,0.0,0
15m,1742118300.0,2.341,2.3523,2.3406,2.3514,497674.06,0.0,0.0,0
15m,1742119200.0,2.3514,2.3596,2.3482,2.357,288815.47,0.0,0.0,0
15m,1742120100.0,2.357,2.3579,2.3448,2.3484,267809.63,0.0,0.0,0
15m,1742121000.0,2.3484,2.3519,2.342,2.3515,392231.8,0.0,0.0,0
15m,1742121900.0,2.3515,2.3519,2.3446,2.3484,115404.82,0.0,0.0,0
15m,1742122800.0,2.3484,2.3504,2.3278,2.3334,1303097.36,0.0,0.0,0
15m,1742123700.0,2.3334,2.3334,2.3095,2.317,1545306.07,0.0,0.0,0
15m,1742124600.0,2.317,2.3211,2.2885,2.2963,1970913.72,0.0,0.0,0
15m,1742125500.0,2.2963,2.3025,2.2874,2.298,934035.0,0.0,0.0,0
15m,1742126400.0,2.298,2.3133,2.2959,2.3117,998855.85,0.0,0.0,0
15m,1742127300.0,2.3117,2.3225,2.3021,2.3196,534330.62,0.0,0.0,0
15m,1742128200.0,2.3196,2.3196,2.3087,2.3113,338771.26,0.0,0.0,0
15m,1742129100.0,2.3113,2.3134,2.303,2.3066,317860.47,0.0,0.0,0
15m,1742130000.0,2.3066,2.3209,2.306,2.3101,758413.9,0.0,0.0,0
15m,1742130900.0,2.3101,2.3101,2.2845,2.3,1917836.0,0.0,0.0,0
15m,1742131800.0,2.3,2.3087,2.2885,2.292,335141.56,0.0,0.0,0
15m,1742132700.0,2.292,2.2927,2.2682,2.2758,1318325.38,0.0,0.0,0
15m,1742133600.0,2.2758,2.2884,2.2738,2.2755,736052.53,0.0,0.0,0
15m,1742134500.0,2.2755,2.2872,2.2727,2.2852,216410.34,0.0,0.0,0
15m,1742135400.0,2.2852,2.287,2.2737,2.282,163306.22,0.0,0.0,0
15m,1742136300.0,2.282,2.3031,2.2781,2.3023,785213.27,0.0,0.0,0
15m,1742137200.0,2.3023,2.3073,2.2945,2.2973,379299.38,0.0,0.0,0
15m,1742138100.0,2.2973,2.2988,2.283,2.2904,502897.08,0.0,0.0,0
15m,1742139000.0,2.2904,2.2995,2.2853,2.2945,382860.72,0.0,0.0,0
15m,1742139900.0,2.2945,2.3019,2.292,2.296,201175.91,0.0,0.0,0
15m,1742140800.0,2.296,2.3524,2.294,2.3237,2389757.11,0.0,0.0,0
15m,1742141700.0,2.3237,2.341,2.3181,2.3354,1422150.54,0.0,0.0,0
15m,1742142600.0,2.3354,2.3404,2.3228,2.331,495560.97,0.0,0.0,0
15m,1742143500.0,2.331,2.3347,2.3112,2.3173,479151.57,0.0,0.0,0
15m,1742144400.0,2.3173,2.3317,2.3163,2.3261,526124.04,0.0,0.0,0
15m,1742145300.0,2.3261,2.3305,2.3136,2.316,207415.77,0.0,0.0,0
15m,1742146200.0,2.316,2.321,2.3119,2.3169,824687.3,0.0,0.0,0
15m,1742147100.0,2.3169,2.3226,2.3072,2.3206,234769.59,0.0,0.0,0
15m,1742148000.0,2.3206,2.3223,2.3103,2.3197,160960.43,0.0,0.0,0
15m,1742148900.0,2.3197,2.3288,2.3157,2.3285,766592.54,0.0,0.0,0
15m,1742149800.0,2.3285,2.3347,2.3237,2.329,278569.65,0.0,0.0,0
15m,1742150700.0,2.329,2.3293,2.3176,2.3205,161269.57,0.0,0.0,0
15m,1742151600.0,2.3205,2.3207,2.2975,2.3024,530521.39,0.0,0.0,0
15m,1742152500.0,2.3024,2.308,2.2843,2.3048,905876.54,0.0,0.0,0
15m,1742153400.0,2.3048,2.3065,2.293,2.3006,180730.39,0.0,0.0,0
15m,1742154300.0,2.3006,2.3032,2.2923,2.2949,197167.35,0.0,0.0,0
15m,1742155200.0,2.2949,2.3098,2.2931,2.3083,346531.71,0.0,0.0,0
15m,1742156100.0,2.3083,2.3125,2.2997,2.3009,170142.47,0.0,0.0,0
15m,1742157000.0,2.3009,2.3083,2.3009,2.3051,54074.7,0.0,0.0,0
15m,1742157900.0,2.3051,2.31,2.2979,2.3095,87843.19,0.0,0.0,0
15m,1742158800.0,2.3095,2.3189,2.3078,2.3156,704680.34,0.0,0.0,0
15m,1742159700.0,2.3156,2.321,2.3121,2.3204,277456.39,0.0,0.0,0
15m,1742160600.0,2.3204,2.3204,2.3041,2.3078,249416.4,0.0,0.0,0
15m,1742161500.0,2.3078,2.3097,2.2981,2.3047,244912.19,0.0,0.0,0
15m,1742162400.0,2.3047,2.3071,2.2851,2.2992,482107.61,0.0,0.0,0
15m,1742163300.0,2.2992,2.3121,2.2989,2.3086,406815.52,0.0,0.0,0
15m,1742164200.0,2.3086,2.3104,2.2975,2.3086,96322.24,0.0,0.0,0
15m,1742165100.0,2.3086,2.3086,2.2894,2.2903,251213.3,0.0,0.0,0
15m,1742166000.0,2.2903,2.2972,2.2829,2.2939,365509.2,0.0,0.0,0
15m,1742166900.0,2.2939,2.2989,2.2876,2.295,197817.69,0.0,0.0,0
15m,1742167800.0,2.295,2.306,2.2928,2.3039,150701.07,0.0,0.0,0
15m,1742168700.0,2.3039,2.3049,2.2943,2.2943,258094.19,0.0,0.0,0
15m,1742169600.0,2.2943,2.3095,2.2919,2.3049,250193.58,0.0,0.0,0
15m,1742170500.0,2.3049,2.3137,2.3038,2.3135,269141.16,0.0,0.0,0
15m,1742171400.0,2.3135,2.3236,2.3111,2.323,331064.46,0.0,0.0,0
15m,1742172300.0,2.323,2.3379,2.3216,2.3289,584343.91,0.0,0.0,0
15m,1742173200.0,2.3289,2.3382,2.3208,2.322,259627.7,0.0,0.0,0
15m,1742174100.0,2.322,2.326,2.3177,2.322,160748.92,0.0,0.0,0
15m,1742175000.0,2.322,2.3334,2.3216,2.3324,327977.94,0.0,0.0,0
15m,1742175900.0,2.3324,2.3451,2.3322,2.3363,696812.27,0.0,0.0,0
15m,1742176800.0,2.3363,2.3418,2.333,2.3353,82878.1,0.0,0.0,0
15m,1742177700.0,2.3353,2.3454,2.3317,2.3421,222212.99,0.0,0.0,0
15m,1742178600.0,2.3421,2.3446,2.3365,2.343,226481.45,0.0,0.0,0
15m,1742179500.0,2.343,2.3461,2.3361,2.3421,115390.97,0.0,0.0,0
15m,1742180400.0,2.3421,2.3561,2.3415,2.3507,345376.33,0.0,0.0,0
15m,1742181300.0,2.3507,2.3514,2.3433,2.3463,302588.53,0.0,0.0,0
15m,1742182200.0,2.3463,2.3503,2.3425,2.3494,137841.36,0.0,0.0,0
15m,1742183100.0,2.3494,2.358,2.3485,2.355,227157.7,0.0,0.0,0
15m,1742184000.0,2.355,2.3662,2.3546,2.3582,568221.56,0.0,0.0,0
15m,1742184900.0,2.3582,2.3696,2.3581,2.3651,339556.86,0.0,0.0,0
15m,1742185800.0,2.3651,2.3693,2.357,2.3571,140516.09,0.0,0.0,0
15m,1742186700.0,2.3571,2.3588,2.3493,2.3528,357925.19,0.0,0.0,0
15m,1742187600.0,2.3528,2.3529,2.3413,2.3437,347412.18,0.0,0.0,0
15m,1742188500.0,2.3437,2.35,2.3437,2.3457,127785.92,0.0,0.0,0
15m,1742189400.0,2.3457,2.3488,2.3383,2.3425,168662.97,0.0,0.0,0
15m,1742190300.0,2.3425,2.3426,2.3281,2.3284,819150.53,0.0,0.0,0
15m,1742191200.0,2.3284,2.3375,2.3284,2.3327,266671.31,0.0,0.0,0
15m,1742192100.0,2.3327,2.3335,2.3127,2.3164,1198959.19,0.0,0.0,0
15m,1742193000.0,2.3164,2.3261,2.307,2.3261,655790.7,0.0,0.0,0
15m,1742193900.0,2.3261,2.3332,2.3254,2.3291,359104.57,0.0,0.0,0
15m,1742194800.0,2.3291,2.3427,2.3278,2.3342,361134.09,0.0,0.0,0
15m,1742195700.0,2.3342,2.3408,2.3289,2.3371,391809.87,0.0,0.0,0
15m,1742196600.0,2.3371,2.339,2.3318,2.3373,194077.76,0.0,0.0,0
15m,1742197500.0,2.3373,2.344,2.3357,2.3362,252382.66,0.0,0.0,0
15m,1742198400.0,2.3362,2.337,2.3259,2.3274,388249.84,0.0,0.0,0
15m,1742199300.0,2.3274,2.3342,2.3203,2.334,236984.93,0.0,0.0,0
15m,1742200200.0,2.334,2.3376,2.3302,2.3343,505809.27,0.0,0.0,0
15m,1742201100.0,2.3343,2.3537,2.3328,2.3465,784585.41,0.0,0.0,0
15m,1742202000.0,2.3465,2.3525,2.343,2.3488,220520.95,0.0,0.0,0
15m,1742202900.0,2.3488,2.3555,2.3478,2.3518,335398.4,0.0,0.0,0
15m,1742203800.0,2.3518,2.3527,2.3427,2.3429,446011.66,0.0,0.0,0
15m,1742204700.0,2.3429,2.3512,2.3407,2.3482,425963.09,0.0,0.0,0
15m,1742205600.0,2.3482,2.3498,2.335,2.3359,320577.19,0.0,0.0,0
15m,1742206500.0,2.3359,2.344,2.3335,2.3341,698083.75,0.0,0.0,0
15m,1742207400.0,2.3341,2.3348,2.3298,2.3333,196763.55,0.0,0.0,0
15m,1742208300.0,2.3333,2.3372,2.3307,2.3309,108024.76,0.0,0.0,0
15m,1742209200.0,2.3309,2.3328,2.3238,2.3328,377579.88,0.0,0.0,0
15m,1742210100.0,2.3328,2.3431,2.3319,2.3382,220760.87,0.0,0.0,0
15m,1742211000.0,2.3382,2.3442,2.3374,2.3396,132873.29,0.0,0.0,0
15m,1742211900.0,2.3396,2.3426,2.3377,2.3384,120049.0,0.0,0.0,0
15m,1742212800.0,2.3384,2.3552,2.3334,2.3438,991578.62,0.0,0.0,0
15m,1742213700.0,2.3438,2.3443,2.3313,2.3395,648182.69,0.0,0.0,0
15m,1742214600.0,2.3395,2.3662,2.336,2.3449,2346166.29,0.0,0.0,0
15m,1742215500.0,2.3449,2.3499,2.3319,2.3327,613393.72,0.0,0.0,0
15m,1742216400.0,2.3327,2.3374,2.323,2.3342,617200.27,0.0,0.0,0
15m,1742217300.0,2.3342,2.3381,2.3228,2.3246,547508.29,0.0,0.0,0
15m,1742218200.0,2.3246,2.3457,2.3179,2.3375,939176.39,0.0,0.0,0
15m,1742219100.0,2.3375,2.3398,2.3198,2.3242,468716.27,0.0,0.0,0
15m,1742220000.0,2.3242,2.3252,2.3056,2.3209,1945504.96,0.0,0.0,0
15m,1742220900.0,2.3209,2.3287,2.3121,2.321,364219.24,0.0,0.0,0
15m,1742221800.0,2.321,2.3335,2.3189,2.331,544768.3,0.0,0.0,0
15m,1742222700.0,2.331,2.3353,2.3198,2.3223,446344.77,0.0,0.0,0
15m,1742223600.0,2.3223,2.3311,2.3116,2.3293,851690.09,0.0,0.0,0
15m,1742224500.0,2.3293,2.3412,2.3261,2.3339,361449.25,0.0,0.0,0
15m,1742225400.0,2.3339,2.3393,2.3286,2.3365,316795.64,0.0,0.0,0
15m,1742226300.0,2.3365,2.3524,2.3355,2.345,692002.33,0.0,0.0,0
15m,1742227200.0,2.345,2.356,2.3388,2.3493,614821.39,0.0,0.0,0
15m,1742228100.0,2.3493,2.3503,2.3415,2.3444,391148.0,0.0,0.0,0
15m,1742229000.0,2.3444,2.3498,2.3319,2.3333,652125.57,0.0,0.0,0
15m,1742229900.0,2.3333,2.3455,2.3301,2.3421,663367.06,0.0,0.0,0
15m,1742230800.0,2.3421,2.3525,2.3392,2.3523,564312.3,0.0,0.0,0
15m,1742231700.0,2.3523,2.3566,2.3482,2.3489,981059.75,0.0,0.0,0
15m,1742232600.0,2.3489,2.3591,2.3466,2.3574,825711.24,0.0,0.0,0
15m,1742233500.0,2.3574,2.3605,2.3532,2.3559,169817.91,0.0,0.0,0
15m,1742234400.0,2.3559,2.3599,2.3471,2.3511,434700.59,0.0,0.0,0
15m,1742235300.0,2.3511,2.3588,2.3497,2.3575,204330.49,0.0,0.0,0
15m,1742236200.0,2.3575,2.3738,2.3565,2.3714,507732.75,0.0,0.0,0
15m,1742237100.0,2.3714,2.3787,2.368,2.3737,654716.67,0.0,0.0,0
15m,1742238000.0,2.3737,2.3781,2.3675,2.3688,326845.64,0.0,0.0,0
15m,1742238900.0,2.3688,2.3718,2.3655,2.3672,224653.61,0.0,0.0,0
15m,1742239800.0,2.3672,2.3723,2.3651,2.3712,208277.44,0.0,0.0,0
15m,1742240700.0,2.3712,2.3732,2.3593,2.3602,323691.53,0.0,0.0,0
15m,1742241600.0,2.3602,2.362,2.3544,2.3606,1048902.7,0.0,0.0,0
15m,1742242500.0,2.3606,2.363,2.3516,2.3544,438285.8,0.0,0.0,0
15m,1742243400.0,2.3544,2.3564,2.3466,2.3516,178153.02,0.0,0.0,0
15m,1742244300.0,2.3516,2.3553,2.3445,2.3488,289623.06,0.0,0.0,0
15m,1742245200.0,2.3488,2.3528,2.3464,2.3476,238981.22,0.0,0.0,0
15m,1742246100.0,2.3476,2.357,2.3444,2.3499,150722.42,0.0,0.0,0
15m,1742247000.0,2.3499,2.35,2.337,2.3395,438762.11,0.0,0.0,0
15m,1742247900.0,2.3395,2.3471,2.3393,2.3421,109561.29,0.0,0.0,0
15m,1742248800.0,2.3421,2.3439,2.3373,2.3436,257372.97,0.0,0.0,0
15m,1742249700.0,2.3436,2.3459,2.3413,2.3442,92811.68,0.0,0.0,0
15m,1742250600.0,2.3442,2.35,2.3441,2.3472,191412.56,0.0,0.0,0
15m,1742251500.0,2.3472,2.3502,2.3458,2.348,64766.12,0.0,0.0,0
15m,1742252400.0,2.348,2.348,2.3393,2.3411,152374.4,0.0,0.0,0
15m,1742253300.0,2.3411,2.3439,2.3369,2.3375,144108.48,0.0,0.0,0
15m,1742254200.0,2.3375,2.3449,2.3346,2.3437,151302.11,0.0,0.0,0
15m,1742255100.0,2.3437,2.3448,2.3379,2.3382,74398.59,0.0,0.0,0
15m,1742256000.0,2.3382,2.3394,2.3288,2.3306,239545.99,0.0,0.0,0
15m,1742256900.0,2.3306,2.3399,2.3291,2.3294,160138.27,0.0,0.0,0
15m,1742257800.0,2.3294,2.332,2.3213,2.3235,375223.77,0.0,0.0,0
15m,1742258700.0,2.3235,2.3238,2.314,2.3233,801182.74,0.0,0.0,0
15m,1742259600.0,2.3233,2.3299,2.3144,2.3184,355542.75,0.0,0.0,0
15m,1742260500.0,2.3184,2.3186,2.2985,2.3077,648688.46,0.0,0.0,0
15m,1742261400.0,2.3077,2.3079,2.2947,2.2974,503243.83,0.0,0.0,0
15m,1742262300.0,2.2974,2.3043,2.2806,2.2916,692315.06,0.0,0.0,0
15m,1742263200.0,2.2916,2.3052,2.2888,2.3043,700498.65,0.0,0.0,0
15m,1742264100.0,2.3043,2.3067,2.2962,2.3042,245189.06,0.0,0.0,0
15m,1742265000.0,2.3042,2.308,2.2989,2.3034,175778.81,0.0,0.0,0
15m,1742265900.0,2.3034,2.307,2.2974,2.2995,300665.56,0.0,0.0,0
15m,1742266800.0,2.2995,2.2995,2.2876,2.295,331023.14,0.0,0.0,0
15m,1742267700.0,2.295,2.2967,2.2806,2.2821,417187.11,0.0,0.0,0
15m,1742268600.0,2.2821,2.2848,2.2747,2.2822,649383.79,0.0,0.0,0
15m,1742269500.0,2.2822,2.2873,2.2768,2.286,209547.17,0.0,0.0,0
15m,1742270400.0,2.286,2.2945,2.2829,2.2939,575268.08,0.0,0.0,0
15m,1742271300.0,2.2939,2.2959,2.2868,2.2891,727060.83,0.0,0.0,0
15m,1742272200.0,2.2891,2.291,2.2807,2.2816,1181270.1,0.0,0.0,0
15m,1742273100.0,2.2816,2.285,2.2764,2.2812,1143599.16,0.0,0.0,0
15m,1742274000.0,2.2812,2.2888,2.2803,2.2852,247979.6,0.0,0.0,0
15m,1742274900.0,2.2852,2.2937,2.2845,2.2933,341651.89,0.0,0.0,0
15m,1742275800.0,2.2933,2.3013,2.2908,2.2976,832868.17,0.0,0.0,0
15m,1742276700.0,2.2976,2.2979,2.2866,2.2895,278891.22,0.0,0.0,0
15m,1742277600.0,2.2895,2.2924,2.2826,2.2847,180024.24,0.0,0.0,0
15m,1742278500.0,2.2847,2.2866,2.2694,2.2746,647332.72,0.0,0.0,0
15m,1742279400.0,2.2746,2.2763,2.2553,2.2553,1404142.94,0.0,0.0,0
15m,1742280300.0,2.2553,2.2567,2.2431,2.2532,1254850.75,0.0,0.0,0
15m,1742281200.0,2.2532,2.2827,2.2514,2.2709,1208773.59,0.0,0.0,0
15m,1742282100.0,2.2709,2.2879,2.2708,2.2852,906189.23,0.0,0.0,0
15m,1742283000.0,2.2852,2.2865,2.2793,2.2845,423349.26,0.0,0.0,0
15m,1742283900.0,2.2845,2.2898,2.2822,2.2896,187469.56,0.0,0.0,0
15m,1742284800.0,2.2896,2.2965,2.2875,2.2889,340314.14,0.0,0.0,0
15m,1742285700.0,2.2889,2.2966,2.2849,2.2952,161578.37,0.0,0.0,0
15m,1742286600.0,2.2952,2.3052,2.2947,2.2978,373026.5,0.0,0.0,0
15m,1742287500.0,2.2978,2.3019,2.2924,2.2951,170949.22,0.0,0.0,0
15m,1742288400.0,2.2951,2.2983,2.2905,2.2917,105804.31,0.0,0.0,0
15m,1742289300.0,2.2917,2.2917,2.2849,2.2862,402106.74,0.0,0.0,0
15m,1742290200.0,2.2862,2.2945,2.2848,2.2898,234062.65,0.0,0.0,0
15m,1742291100.0,2.2898,2.2918,2.2738,2.2768,633576.55,0.0,0.0,0
15m,1742292000.0,2.2768,2.2844,2.2757,2.2779,273282.88,0.0,0.0,0
15m,1742292900.0,2.2779,2.2779,2.2664,2.2726,718697.38,0.0,0.0,0
15m,1742293800.0,2.2726,2.278,2.2654,2.276,376351.93,0.0,0.0,0
15m,1742294700.0,2.276,2.276,2.266,2.2726,389911.26,0.0,0.0,0
15m,1742295600.0,2.2726,2.2762,2.265,2.2736,515346.67,0.0,0.0,0
15m,1742296500.0,2.2736,2.2749,2.2689,2.2716,104902.07,0.0,0.0,0
15m,1742297400.0,2.2716,2.2752,2.2653,2.2664,107652.07,0.0,0.0,0
15m,1742298300.0,2.2664,2.2718,2.26,2.262,679082.35,0.0,0.0,0
15m,1742299200.0,2.262,2.2682,2.2556,2.2613,336839.44,0.0,0.0,0
15m,1742300100.0,2.2613,2.2673,2.2569,2.2587,457737.21,0.0,0.0,0
15m,1742301000.0,2.2587,2.2589,2.2492,2.2566,666974.38,0.0,0.0,0
15m,1742301900.0,2.2566,2.2566,2.2458,2.2481,671147.0,0.0,0.0,0
15m,1742302800.0,2.2481,2.2592,2.246,2.2517,386598.21,0.0,0.0,0
15m,1742303700.0,2.2517,2.26,2.2485,2.2588,256306.99,0.0,0.0,0
15m,1742304600.0,2.2588,2.2595,2.2273,2.2329,1920446.41,0.0,0.0,0
15m,1742305500.0,2.2329,2.2392,2.2239,2.2348,1154425.89,0.0,0.0,0
15m,1742306400.0,2.2348,2.246,2.2309,2.2411,410153.33,0.0,0.0,0
15m,1742307300.0,2.2411,2.249,2.2363,2.2484,917146.93,0.0,0.0,0
15m,1742308200.0,2.2484,2.2643,2.2457,2.2587,753141.19,0.0,0.0,0
15m,1742309100.0,2.2587,2.259,2.2503,2.2587,285533.07,0.0,0.0,0
15m,1742310000.0,2.2587,2.2587,2.2461,2.2512,590731.52,0.0,0.0,0
15m,1742310900.0,2.2512,2.252,2.2403,2.2469,794976.72,0.0,0.0,0
15m,1742311800.0,2.2469,2.2567,2.2433,2.2463,447443.14,0.0,0.0,0
15m,1742312700.0,2.2463,2.2503,2.2336,2.2371,572724.43,0.0,0.0,0
15m,1742313600.0,2.2371,2.2489,2.2339,2.2488,369919.85,0.0,0.0,0
15m,1742314500.0,2.2488,2.2525,2.2417,2.2525,160997.94,0.0,0.0,0
15m,1742315400.0,2.2525,2.2542,2.2395,2.2396,224479.11,0.0,0.0,0
15m,1742316300.0,2.2396,2.2459,2.2329,2.2445,249324.61,0.0,0.0,0
15m,1742317200.0,2.2445,2.2467,2.2332,2.238,222464.7,0.0,0.0,0
15m,1742318100.0,2.238,2.2395,2.2258,2.2289,594897.12,0.0,0.0,0
15m,1742319000.0,2.2289,2.2397,2.2237,2.2347,588149.23,0.0,0.0,0
15m,1742319900.0,2.2347,2.2379,2.2227,2.2296,328139.54,0.0,0.0,0
15m,1742320800.0,2.2296,2.2392,2.2269,2.2383,240857.6,0.0,0.0,0
15m,1742321700.0,2.2383,2.2426,2.2333,2.2333,165279.14,0.0,0.0,0
15m,1742322600.0,2.2333,2.2416,2.229,2.2396,148101.5,0.0,0.0,0
15m,1742323500.0,2.2396,2.2504,2.2395,2.2468,341733.48,0.0,0.0,0
15m,1742324400.0,2.2468,2.2559,2.2451,2.2559,139395.28,0.0,0.0,0
15m,1742325300.0,2.2559,2.2589,2.2513,2.2524,323320.29,0.0,0.0,0
15m,1742326200.0,2.2524,2.2582,2.2521,2.2552,116391.23,0.0,0.0,0
15m,1742327100.0,2.2552,2.2662,2.252,2.2629,427103.74,0.0,0.0,0
15m,1742328000.0,2.2629,2.269,2.2592,2.2592,305204.25,0.0,0.0,0
15m,1742328900.0,2.2592,2.261,2.2531,2.2536,80452.37,0.0,0.0,0
15m,1742329800.0,2.2536,2.2562,2.2505,2.2532,115359.27,0.0,0.0,0
15m,1742330700.0,2.2532,2.259,2.2511,2.2582,132485.55,0.0,0.0,0
15m,1742331600.0,2.2582,2.2664,2.2548,2.2662,297411.41,0.0,0.0,0
15m,1742332500.0,2.2662,2.2671,2.2619,2.2637,167504.18,0.0,0.0,0
15m,1742333400.0,2.2637,2.2637,2.2539,2.2558,477361.57,0.0,0.0,0
15m,1742334300.0,2.2558,2.2629,2.2548,2.2624,421477.32,0.0,0.0,0
15m,1742335200.0,2.2624,2.269,2.2584,2.2664,518006.28,0.0,0.0,0
15m,1742336100.0,2.2664,2.2711,2.2638,2.2666,230943.34,0.0,0.0,0
15m,1742337000.0,2.2666,2.2761,2.2651,2.2752,253399.03,0.0,0.0,0
15m,1742337900.0,2.2752,2.2846,2.2737,2.2808,258693.26,0.0,0.0,0
15m,1742338800.0,2.2808,2.2921,2.2808,2.2913,275802.8,0.0,0.0,0
15m,1742339700.0,2.2913,2.2947,2.2855,2.2904,264861.7,0.0,0.0,0
15m,1742340600.0,2.2904,2.2917,2.2842,2.288,210816.39,0.0,0.0,0
15m,1742341500.0,2.288,2.29,2.2854,2.2854,129552.73,0.0,0.0,0
15m,1742342400.0,2.2854,2.29,2.2801,2.288,171409.73,0.0,0.0,0
15m,1742343300.0,2.288,2.2989,2.2877,2.2965,304591.62,0.0,0.0,0
15m,1742344200.0,2.2965,2.308,2.2931,2.2941,2014698.05,0.0,0.0,0
15m,1742345100.0,2.2941,2.2999,2.2896,2.2912,249859.27,0.0,0.0,0
15m,1742346000.0,2.2912,2.292,2.281,2.281,298662.74,0.0,0.0,0
15m,1742346900.0,2.281,2.2855,2.2777,2.2795,260076.72,0.0,0.0,0
15m,1742347800.0,2.2795,2.284,2.2742,2.2784,141845.21,0.0,0.0,0
15m,1742348700.0,2.2784,2.2823,2.2695,2.2698,408136.57,0.0,0.0,0
15m,1742349600.0,2.2698,2.2752,2.2654,2.2726,159402.91,0.0,0.0,0
15m,1742350500.0,2.2726,2.2779,2.2701,2.2736,90695.01,0.0,0.0,0
15m,1742351400.0,2.2736,2.2804,2.2703,2.2775,174483.27,0.0,0.0,0
15m,1742352300.0,2.2775,2.2819,2.274,2.2815,71022.84,0.0,0.0,0
15m,1742353200.0,2.2815,2.2877,2.281,2.2877,251491.22,0.0,0.0,0
15m,1742354100.0,2.2877,2.2917,2.2782,2.2797,161214.06,0.0,0.0,0
15m,1742355000.0,2.2797,2.2932,2.2777,2.2881,153548.33,0.0,0.0,0
15m,1742355900.0,2.2881,2.2972,2.2861,2.2951,208688.7,0.0,0.0,0
15m,1742356800.0,2.2951,2.2973,2.2897,2.2898,130302.95,0.0,0.0,0
15m,1742357700.0,2.2898,2.295,2.2876,2.2886,148378.22,0.0,0.0,0
15m,1742358600.0,2.2886,2.2932,2.2858,2.2909,263353.11,0.0,0.0,0
15m,1742359500.0,2.2909,2.2957,2.2897,2.2916,502769.94,0.0,0.0,0
15m,1742360400.0,2.2916,2.2979,2.2913,2.2929,173124.11,0.0,0.0,0
15m,1742361300.0,2.2929,2.2992,2.2929,2.2977,199396.68,0.0,0.0,0
15m,1742362200.0,2.2977,2.3016,2.2945,2.2948,1072432.57,0.0,0.0,0
15m,1742363100.0,2.2948,2.3002,2.2936,2.2991,250633.46,0.0,0.0,0
15m,1742364000.0,2.2991,2.3047,2.2965,2.302,422004.62,0.0,0.0,0
15m,1742364900.0,2.302,2.3021,2.2913,2.2913,306914.59,0.0,0.0,0
15m,1742365800.0,2.2913,2.2914,2.2826,2.2833,796872.84,0.0,0.0,0
15m,1742366700.0,2.2833,2.2896,2.2823,2.2888,593880.92,0.0,0.0,0
15m,1742367600.0,2.2888,2.2897,2.283,2.2843,273440.27,0.0,0.0,0
15m,1742368500.0,2.2843,2.3019,2.2843,2.3004,609343.03,0.0,0.0,0
15m,1742369400.0,2.3004,2.3031,2.2943,2.2977,240517.66,0.0,0.0,0
15m,1742370300.0,2.2977,2.2989,2.2905,2.2928,213017.79,0.0,0.0,0
15m,1742371200.0,2.2928,2.3015,2.2928,2.299,256253.07,0.0,0.0,0
15m,1742372100.0,2.299,2.3011,2.2956,2.3001,432043.88,0.0,0.0,0
15m,1742373000.0,2.3001,2.3096,2.2995,2.3016,995647.38,0.0,0.0,0
15m,1742373900.0,2.3016,2.313,2.3003,2.3091,819783.54,0.0,0.0,0
15m,1742374800.0,2.3091,2.3122,2.305,2.3064,783209.34,0.0,0.0,0
15m,1742375700.0,2.3064,2.3163,2.3064,2.3147,1281236.43,0.0,0.0,0
15m,1742376600.0,2.3147,2.3161,2.3088,2.3088,1067236.65,0.0,0.0,0
15m,1742377500.0,2.3088,2.3153,2.3068,2.3132,583916.71,0.0,0.0,0
15m,1742378400.0,2.3132,2.3208,2.3119,2.3164,587543.85,0.0,0.0,0
15m,1742379300.0,2.3164,2.3196,2.3143,2.3159,265843.07,0.0,0.0,0
15m,1742380200.0,2.3159,2.3359,2.3101,2.3137,1528959.72,0.0,0.0,0
15m,1742381100.0,2.3137,2.3149,2.3103,2.3115,274120.05,0.0,0.0,0
15m,1742382000.0,2.3115,2.3206,2.3074,2.3172,802124.24,0.0,0.0,0
15m,1742382900.0,2.3172,2.3359,2.3145,2.3264,1037266.1,0.0,0.0,0
15m,1742383800.0,2.3264,2.3488,2.3253,2.3392,1754930.26,0.0,0.0,0
15m,1742384700.0,2.3392,2.3424,2.3333,2.3365,324866.51,0.0,0.0,0
15m,1742385600.0,2.3365,2.3409,2.328,2.3308,1319264.97,0.0,0.0,0
15m,1742386500.0,2.3308,2.333,2.3194,2.3228,1003071.2,0.0,0.0,0
15m,1742387400.0,2.3228,2.3316,2.3185,2.322,677561.79,0.0,0.0,0
15m,1742388300.0,2.322,2.3291,2.3178,2.3274,463259.92,0.0,0.0,0
15m,1742389200.0,2.3274,2.4682,2.3216,2.4516,21990250.15,0.0,0.0,0
15m,1742390100.0,2.4516,2.5894,2.4427,2.4899,27701357.44,0.0,0.0,0
15m,1742391000.0,2.4899,2.5053,2.4558,2.5013,9706751.88,0.0,0.0,0
15m,1742391900.0,2.5013,2.5339,2.499,2.5221,8220590.8,0.0,0.0,0
15m,1742392800.0,2.5221,2.5808,2.5221,2.5505,8604543.37,0.0,0.0,0
15m,1742393700.0,2.5505,2.5777,2.5334,2.5365,3670152.11,0.0,0.0,0
15m,1742394600.0,2.5365,2.5365,2.487,2.5075,6246926.49,0.0,0.0,0
15m,1742395500.0,2.5075,2.5547,2.4953,2.5396,2633085.45,0.0,0.0,0
15m,1742396400.0,2.5396,2.5557,2.5251,2.5296,2647858.19,0.0,0.0,0
15m,1742397300.0,2.5296,2.5536,2.5289,2.5513,1910950.79,0.0,0.0,0
15m,1742398200.0,2.5513,2.5657,2.544,2.5616,1849863.2,0.0,0.0,0
15m,1742399100.0,2.5616,2.5807,2.5487,2.5549,2293837.34,0.0,0.0,0
15m,1742400000.0,2.5549,2.5673,2.5236,2.5315,2363451.2,0.0,0.0,0
15m,1742400900.0,2.5315,2.5484,2.5085,2.529,2313299.99,0.0,0.0,0
15m,1742401800.0,2.529,2.5334,2.5023,2.5077,1510722.9,0.0,0.0,0
15m,1742402700.0,2.5077,2.5264,2.5045,2.5158,823469.0,0.0,0.0,0
15m,1742403600.0,2.5158,2.5285,2.51,2.5212,526788.06,0.0,0.0,0
15m,1742404500.0,2.5212,2.5317,2.5055,2.5081,678609.59,0.0,0.0,0
15m,1742405400.0,2.5081,2.5105,2.4686,2.4764,2868729.81,0.0,0.0,0
15m,1742406300.0,2.4764,2.4956,2.4724,2.4913,1093706.86,0.0,0.0,0
15m,1742407200.0,2.4913,2.5308,2.4521,2.5004,7572850.79,0.0,0.0,0
15m,1742408100.0,2.5004,2.5134,2.4735,2.4784,2226648.81,0.0,0.0,0
15m,1742409000.0,2.4784,2.5016,2.4712,2.4835,659122.83,0.0,0.0,0
15m,1742409900.0,2.4835,2.5293,2.4782,2.5141,3349912.7,0.0,0.0,0
15m,1742410800.0,2.5141,2.54,2.5137,2.5303,2609940.4,0.0,0.0,0
15m,1742411700.0,2.5303,2.5325,2.4881,2.4933,1689038.04,0.0,0.0,0
15m,1742412600.0,2.4933,2.5027,2.4731,2.49,1858098.9,0.0,0.0,0
15m,1742413500.0,2.49,2.4963,2.4788,2.488,1085455.52,0.0,0.0,0
15m,1742414400.0,2.488,2.5141,2.4869,2.5099,1437516.91,0.0,0.0,0
15m,1742415300.0,2.5099,2.5171,2.4989,2.5036,491607.45,0.0,0.0,0
15m,1742416200.0,2.5036,2.5039,2.4897,2.4908,322378.13,0.0,0.0,0
15m,1742417100.0,2.4908,2.4908,2.4763,2.4896,954182.08,0.0,0.0,0
15m,1742418000.0,2.4896,2.516,2.4881,2.5129,1072409.87,0.0,0.0,0
15m,1742418900.0,2.5129,2.5149,2.5042,2.5065,495609.57,0.0,0.0,0
15m,1742419800.0,2.5065,2.52,2.4978,2.5005,554045.39,0.0,0.0,0
15m,1742420700.0,2.5005,2.5131,2.4994,2.5047,229984.82,0.0,0.0,0
15m,1742421600.0,2.5047,2.5252,2.5046,2.5252,1001247.38,0.0,0.0,0
15m,1742422500.0,2.5252,2.5266,2.5159,2.5192,704214.57,0.0,0.0,0
15m,1742423400.0,2.5192,2.5709,2.5172,2.5474,2246611.95,0.0,0.0,0
15m,1742424300.0,2.5474,2.5586,2.528,2.531,1154680.6,0.0,0.0,0
15m,1742425200.0,2.531,2.5443,2.531,2.5369,509458.83,0.0,0.0,0
15m,1742426100.0,2.5369,2.5552,2.5366,2.5537,545998.5,0.0,0.0,0
15m,1742427000.0,2.5537,2.5551,2.5428,2.5494,360952.01,0.0,0.0,0
15m,1742427900.0,2.5494,2.5577,2.5394,2.5469,580891.33,0.0,0.0,0
15m,1742428800.0,2.5469,2.564,2.5395,2.5471,1635933.4,0.0,0.0,0
15m,1742429700.0,2.5471,2.5481,2.519,2.5286,1355114.67,0.0,0.0,0
15m,1742430600.0,2.5286,2.5329,2.507,2.5092,837053.76,0.0,0.0,0
15m,1742431500.0,2.5092,2.5152,2.4976,2.5052,1087385.09,0.0,0.0,0
15m,1742432400.0,2.5052,2.5174,2.5013,2.5154,585774.34,0.0,0.0,0
15m,1742433300.0,2.5154,2.5165,2.5081,2.5097,337059.44,0.0,0.0,0
15m,1742434200.0,2.5097,2.5097,2.4872,2.4895,566498.53,0.0,0.0,0
15m,1742435100.0,2.4895,2.5035,2.489,2.4963,668300.86,0.0,0.0,0
15m,1742436000.0,2.4963,2.4992,2.4886,2.4932,290648.47,0.0,0.0,0
15m,1742436900.0,2.4932,2.4932,2.4792,2.4862,512026.28,0.0,0.0,0
15m,1742437800.0,2.4862,2.4937,2.4785,2.4917,290591.77,0.0,0.0,0
15m,1742438700.0,2.4917,2.497,2.4907,2.4947,262186.34,0.0,0.0,0
15m,1742439600.0,2.4947,2.4968,2.485,2.4852,349819.72,0.0,0.0,0
15m,1742440500.0,2.4852,2.4919,2.4839,2.49,227043.68,0.0,0.0,0
15m,1742441400.0,2.49,2.4917,2.4845,2.4912,217555.42,0.0,0.0,0
15m,1742442300.0,2.4912,2.4945,2.4819,2.4856,255473.66,0.0,0.0,0
15m,1742443200.0,2.4856,2.4876,2.4745,2.478,346655.32,0.0,0.0,0
15m,1742444100.0,2.478,2.4789,2.468,2.4695,547946.92,0.0,0.0,0
15m,1742445000.0,2.4695,2.4711,2.454,2.4614,797504.74,0.0,0.0,0
15m,1742445900.0,2.4614,2.4658,2.4535,2.4652,382713.02,0.0,0.0,0
15m,1742446800.0,2.4652,2.4706,2.4609,2.4647,290476.11,0.0,0.0,0
15m,1742447700.0,2.4647,2.4648,2.4356,2.4401,713587.59,0.0,0.0,0
15m,1742448600.0,2.4401,2.4488,2.4353,2.4353,876004.02,0.0,0.0,0
15m,1742449500.0,2.4353,2.4505,2.4311,2.4493,681270.68,0.0,0.0,0
15m,1742450400.0,2.4493,2.4576,2.4472,2.457,304744.68,0.0,0.0,0
15m,1742451300.0,2.457,2.4645,2.4525,2.4579,242144.35,0.0,0.0,0
15m,1742452200.0,2.4579,2.461,2.444,2.4479,297836.0,0.0,0.0,0
15m,1742453100.0,2.4479,2.4552,2.4458,2.4532,233268.62,0.0,0.0,0
15m,1742454000.0,2.4532,2.457,2.4491,2.455,339484.47,0.0,0.0,0
15m,1742454900.0,2.455,2.4563,2.4439,2.4474,270556.09,0.0,0.0,0
15m,1742455800.0,2.4474,2.4557,2.4445,2.4545,454941.0,0.0,0.0,0
15m,1742456700.0,2.4545,2.4706,2.4545,2.4641,340258.83,0.0,0.0,0
15m,1742457600.0,2.4641,2.476,2.4639,2.476,882049.59,0.0,0.0,0
15m,1742458500.0,2.476,2.4944,2.4745,2.4835,724414.33,0.0,0.0,0
15m,1742459400.0,2.4835,2.4969,2.4783,2.4921,574587.43,0.0,0.0,0
15m,1742460300.0,2.4921,2.5184,2.485,2.5107,1166019.24,0.0,0.0,0
15m,1742461200.0,2.5107,2.5181,2.498,2.5035,451302.08,0.0,0.0,0
15m,1742462100.0,2.5035,2.5045,2.4867,2.4987,694107.76,0.0,0.0,0
15m,1742463000.0,2.4987,2.515,2.4965,2.5102,629082.38,0.0,0.0,0
15m,1742463900.0,2.5102,2.5175,2.5045,2.5122,673920.4,0.0,0.0,0
15m,1742464800.0,2.5122,2.5174,2.4929,2.4993,726032.41,0.0,0.0,0
15m,1742465700.0,2.4993,2.502,2.4675,2.4832,1639287.8,0.0,0.0,0
15m,1742466600.0,2.4832,2.4898,2.475,2.4896,513983.68,0.0,0.0,0
15m,1742467500.0,2.4896,2.491,2.4789,2.479,162808.28,0.0,0.0,0
15m,1742468400.0,2.479,2.4851,2.4717,2.473,412038.35,0.0,0.0,0
15m,1742469300.0,2.473,2.4792,2.4685,2.4785,202367.68,0.0,0.0,0
15m,1742470200.0,2.4785,2.4933,2.4776,2.4885,293057.9,0.0,0.0,0
15m,1742471100.0,2.4885,2.4928,2.4854,2.4911,239717.39,0.0,0.0,0
15m,1742472000.0,2.4911,2.4911,2.4768,2.4796,243709.68,0.0,0.0,0
15m,1742472900.0,2.4796,2.4909,2.4778,2.4842,241946.65,0.0,0.0,0
15m,1742473800.0,2.4842,2.4901,2.4806,2.4835,237115.41,0.0,0.0,0
15m,1742474700.0,2.4835,2.501,2.4789,2.4941,369442.24,0.0,0.0,0
15m,1742475600.0,2.4941,2.5004,2.4853,2.4858,331355.67,0.0,0.0,0
15m,1742476500.0,2.4858,2.4897,2.4784,2.4797,293153.53,0.0,0.0,0
15m,1742477400.0,2.4797,2.5057,2.4758,2.5017,741927.92,0.0,0.0,0
15m,1742478300.0,2.5017,2.5091,2.4906,2.5009,651929.19,0.0,0.0,0
15m,1742479200.0,2.5009,2.515,2.5002,2.5082,402123.72,0.0,0.0,0
15m,1742480100.0,2.5082,2.5188,2.5036,2.51,690690.73,0.0,0.0,0
15m,1742481000.0,2.51,2.5103,2.494,2.501,489416.24,0.0,0.0,0
15m,1742481900.0,2.501,2.5044,2.4926,2.4995,330285.9,0.0,0.0,0
15m,1742482800.0,2.4995,2.5015,2.4619,2.4901,1323556.97,0.0,0.0,0
15m,1742483700.0,2.4901,2.4905,2.4636,2.4729,812491.39,0.0,0.0,0
15m,1742484600.0,2.4729,2.4736,2.44,2.4514,1712652.68,0.0,0.0,0
15m,1742485500.0,2.4514,2.4577,2.4374,2.4389,1140626.05,0.0,0.0,0
15m,1742486400.0,2.4389,2.4571,2.4348,2.436,1043322.28,0.0,0.0,0
15m,1742487300.0,2.436,2.4427,2.4218,2.4224,1288436.72,0.0,0.0,0
15m,1742488200.0,2.4224,2.4277,2.3973,2.4046,2071483.94,0.0,0.0,0
15m,1742489100.0,2.4046,2.4052,2.3888,2.4025,923007.52,0.0,0.0,0
15m,1742490000.0,2.4025,2.425,2.4005,2.423,883177.11,0.0,0.0,0
15m,1742490900.0,2.423,2.4246,2.404,2.4069,507654.5,0.0,0.0,0
15m,1742491800.0,2.4069,2.4257,2.4064,2.4254,344317.81,0.0,0.0,0
15m,1742492700.0,2.4254,2.4317,2.4175,2.4261,621389.95,0.0,0.0,0
15m,1742493600.0,2.4261,2.4396,2.4245,2.437,594904.8,0.0,0.0,0
15m,1742494500.0,2.437,2.4485,2.429,2.4293,1033800.36,0.0,0.0,0
15m,1742495400.0,2.4293,2.4454,2.429,2.4348,376206.56,0.0,0.0,0
15m,1742496300.0,2.4348,2.4397,2.4293,2.4303,129473.95,0.0,0.0,0
15m,1742497200.0,2.4303,2.4323,2.4189,2.4241,314363.16,0.0,0.0,0
15m,1742498100.0,2.4241,2.4349,2.4241,2.425,539851.55,0.0,0.0,0
15m,1742499000.0,2.425,2.442,2.425,2.441,234903.94,0.0,0.0,0
15m,1742499900.0,2.441,2.4421,2.4344,2.436,183392.81,0.0,0.0,0
15m,1742500800.0,2.436,2.4456,2.4357,2.445,425328.35,0.0,0.0,0
15m,1742501700.0,2.445,2.4523,2.4445,2.4485,283697.99,0.0,0.0,0
15m,1742502600.0,2.4485,2.4548,2.4465,2.4517,196681.75,0.0,0.0,0
15m,1742503500.0,2.4517,2.4517,2.4457,2.4459,165738.93,0.0,0.0,0
15m,1742504400.0,2.4459,2.4492,2.4347,2.4382,334170.93,0.0,0.0,0
15m,1742505300.0,2.4382,2.4387,2.4338,2.4379,201182.88,0.0,0.0,0
15m,1742506200.0,2.4379,2.4435,2.4285,2.433,142532.18,0.0,0.0,0
15m,1742507100.0,2.433,2.4394,2.4305,2.4385,119932.72,0.0,0.0,0
15m,1742508000.0,2.4385,2.4428,2.4301,2.4334,271211.79,0.0,0.0,0
15m,1742508900.0,2.4334,2.4369,2.4191,2.4216,423098.99,0.0,0.0,0
15m,1742509800.0,2.4216,2.4295,2.4199,2.4284,191979.47,0.0,0.0,0
15m,1742510700.0,2.4284,2.4301,2.4186,2.4233,222905.38,0.0,0.0,0
15m,1742511600.0,2.4233,2.4239,2.4151,2.417,366911.54,0.0,0.0,0
15m,1742512500.0,2.417,2.4258,2.413,2.4246,151815.82,0.0,0.0,0
15m,1742513400.0,2.4246,2.4331,2.4235,2.4322,229871.78,0.0,0.0,0
15m,1742514300.0,2.4322,2.4376,2.4299,2.4364,224684.19,0.0,0.0,0
15m,1742515200.0,2.4364,2.4445,2.4301,2.4419,336144.54,0.0,0.0,0
15m,1742516100.0,2.4419,2.4421,2.425,2.425,268597.65,0.0,0.0,0
15m,1742517000.0,2.425,2.4314,2.4219,2.4253,161254.65,0.0,0.0,0
15m,1742517900.0,2.4253,2.4391,2.4245,2.4386,126303.48,0.0,0.0,0
15m,1742518800.0,2.4386,2.4498,2.4357,2.4477,176962.96,0.0,0.0,0
15m,1742519700.0,2.4477,2.4496,2.4414,2.443,253578.63,0.0,0.0,0
15m,1742520600.0,2.443,2.4535,2.4414,2.4491,326140.67,0.0,0.0,0
15m,1742521500.0,2.4491,2.4644,2.4481,2.4617,569122.28,0.0,0.0,0
15m,1742522400.0,2.4617,2.4671,2.4381,2.4432,1292762.21,0.0,0.0,0
15m,1742523300.0,2.4432,2.4447,2.4331,2.4377,921628.61,0.0,0.0,0
15m,1742524200.0,2.4377,2.4447,2.4323,2.4323,333855.17,0.0,0.0,0
15m,1742525100.0,2.4323,2.4384,2.4294,2.4336,166692.65,0.0,0.0,0
15m,1742526000.0,2.4336,2.4349,2.4154,2.4189,474986.35,0.0,0.0,0
15m,1742526900.0,2.4189,2.4263,2.4118,2.4259,366071.42,0.0,0.0,0
15m,1742527800.0,2.4259,2.4284,2.418,2.4221,305496.26,0.0,0.0,0
15m,1742528700.0,2.4221,2.4312,2.4213,2.424,668181.27,0.0,0.0,0
15m,1742529600.0,2.424,2.435,2.4218,2.431,618277.5,0.0,0.0,0
15m,1742530500.0,2.431,2.4351,2.4246,2.4324,385264.49,0.0,0.0,0
15m,1742531400.0,2.4324,2.4357,2.4276,2.4277,208137.37,0.0,0.0,0
15m,1742532300.0,2.4277,2.4325,2.4253,2.4257,254621.53,0.0,0.0,0
15m,1742533200.0,2.4257,2.4267,2.4154,2.42,347783.78,0.0,0.0,0
15m,1742534100.0,2.42,2.4243,2.4153,2.4165,317419.89,0.0,0.0,0
15m,1742535000.0,2.4165,2.4179,2.4094,2.4116,403431.32,0.0,0.0,0
15m,1742535900.0,2.4116,2.4212,2.4082,2.4202,462821.66,0.0,0.0,0
15m,1742536800.0,2.4202,2.4203,2.4049,2.4058,588968.53,0.0,0.0,0
15m,1742537700.0,2.4058,2.4103,2.3995,2.4097,275707.89,0.0,0.0,0
15m,1742538600.0,2.4097,2.414,2.4014,2.407,294188.24,0.0,0.0,0
15m,1742539500.0,2.407,2.4091,2.4017,2.4068,691666.82,0.0,0.0,0
15m,1742540400.0,2.4068,2.4079,2.3951,2.3977,492271.55,0.0,0.0,0
15m,1742541300.0,2.3977,2.398,2.3839,2.3896,1351633.21,0.0,0.0,0
15m,1742542200.0,2.3896,2.3911,2.3834,2.3911,824341.57,0.0,0.0,0
15m,1742543100.0,2.3911,2.4135,2.3911,2.4084,1142364.8,0.0,0.0,0
15m,1742544000.0,2.4084,2.4173,2.4069,2.414,488511.29,0.0,0.0,0
15m,1742544900.0,2.414,2.4144,2.397,2.4013,603423.01,0.0,0.0,0
15m,1742545800.0,2.4013,2.4063,2.3897,2.4022,693037.37,0.0,0.0,0
15m,1742546700.0,2.4022,2.4089,2.4012,2.4075,228082.32,0.0,0.0,0
15m,1742547600.0,2.4075,2.4097,2.3956,2.4094,415864.45,0.0,0.0,0
15m,1742548500.0,2.4094,2.4183,2.409,2.4144,371197.12,0.0,0.0,0
15m,1742549400.0,2.4144,2.4203,2.4126,2.4135,720421.52,0.0,0.0,0
15m,1742550300.0,2.4135,2.4147,2.4023,2.4053,439422.82,0.0,0.0,0
15m,1742551200.0,2.4053,2.4057,2.3965,2.4008,216481.66,0.0,0.0,0
15m,1742552100.0,2.4008,2.4024,2.373,2.3798,838269.54,0.0,0.0,0
15m,1742553000.0,2.3798,2.3874,2.3721,2.386,454741.07,0.0,0.0,0
15m,1742553900.0,2.386,2.3913,2.3844,2.3884,216470.47,0.0,0.0,0
15m,1742554800.0,2.3884,2.3886,2.3783,2.3828,263945.39,0.0,0.0,0
15m,1742555700.0,2.3828,2.3883,2.3733,2.3744,550859.59,0.0,0.0,0
15m,1742556600.0,2.3744,2.3839,2.3744,2.3819,207478.79,0.0,0.0,0
15m,1742557500.0,2.3819,2.3915,2.3809,2.3886,298149.26,0.0,0.0,0
15m,1742558400.0,2.3886,2.3991,2.3851,2.3952,244543.03,0.0,0.0,0
15m,1742559300.0,2.3952,2.3967,2.3904,2.3925,186596.82,0.0,0.0,0
15m,1742560200.0,2.3925,2.3941,2.3701,2.3781,543882.09,0.0,0.0,0
15m,1742561100.0,2.3781,2.3834,2.3642,2.3684,997208.68,0.0,0.0,0
15m,1742562000.0,2.3684,2.3797,2.3659,2.3784,250708.74,0.0,0.0,0
15m,1742562900.0,2.3784,2.3831,2.3672,2.3713,261879.88,0.0,0.0,0
15m,1742563800.0,2.3713,2.3785,2.3565,2.3749,864378.28,0.0,0.0,0
15m,1742564700.0,2.3749,2.3863,2.3714,2.3834,644850.37,0.0,0.0,0
15m,1742565600.0,2.3834,2.3843,2.361,2.3684,428883.07,0.0,0.0,0
15m,1742566500.0,2.3684,2.39,2.3646,2.3794,1501418.3,0.0,0.0,0
15m,1742567400.0,2.3794,2.3839,2.3728,2.3765,648843.29,0.0,0.0,0
15m,1742568300.0,2.3765,2.3884,2.3746,2.3868,394047.73,0.0,0.0,0
15m,1742569200.0,2.3868,2.3902,2.3762,2.3764,414924.58,0.0,0.0,0
15m,1742570100.0,2.3764,2.3851,2.3745,2.3822,196059.81,0.0,0.0,0
15m,1742571000.0,2.3822,2.3894,2.3692,2.3711,293003.52,0.0,0.0,0
15m,1742571900.0,2.3711,2.3775,2.3684,2.3722,261385.91,0.0,0.0,0
15m,1742572800.0,2.3722,2.3786,2.362,2.3779,438009.04,0.0,0.0,0
15m,1742573700.0,2.3779,2.3869,2.3686,2.3824,396588.32,0.0,0.0,0
15m,1742574600.0,2.3824,2.389,2.3784,2.3797,242696.25,0.0,0.0,0
15m,1742575500.0,2.3797,2.3981,2.3793,2.3969,767095.97,0.0,0.0,0
15m,1742576400.0,2.3969,2.397,2.3881,2.3922,255969.5,0.0,0.0,0
15m,1742577300.0,2.3922,2.3947,2.3875,2.3924,126967.95,0.0,0.0,0
15m,1742578200.0,2.3924,2.4082,2.3908,2.4044,357742.25,0.0,0.0,0
15m,1742579100.0,2.4044,2.4089,2.4005,2.4029,335120.39,0.0,0.0,0
15m,1742580000.0,2.4029,2.4094,2.4009,2.4079,175341.63,0.0,0.0,0
15m,1742580900.0,2.4079,2.4129,2.4054,2.4086,265427.06,0.0,0.0,0
15m,1742581800.0,2.4086,2.4247,2.4083,2.414,813348.52,0.0,0.0,0
15m,1742582700.0,2.414,2.4153,2.4014,2.4016,506416.03,0.0,0.0,0
15m,1742583600.0,2.4016,2.4052,2.398,2.4033,475602.93,0.0,0.0,0
15m,1742584500.0,2.4033,2.4118,2.4032,2.407,284542.21,0.0,0.0,0
15m,1742585400.0,2.407,2.4094,2.3952,2.3988,214283.7,0.0,0.0,0
15m,1742586300.0,2.3988,2.4023,2.3978,2.4019,117548.33,0.0,0.0,0
15m,1742587200.0,2.4019,2.4019,2.394,2.3954,90750.57,0.0,0.0,0
15m,1742588100.0,2.3954,2.3985,2.3923,2.3979,121683.02,0.0,0.0,0
15m,1742589000.0,2.3979,2.4022,2.397,2.402,81207.35,0.0,0.0,0
15m,1742589900.0,2.402,2.4045,2.3981,2.402,90251.87,0.0,0.0,0
15m,1742590800.0,2.402,2.4052,2.3984,2.4027,226405.37,0.0,0.0,0
15m,1742591700.0,2.4027,2.4058,2.4011,2.4033,149443.59,0.0,0.0,0
15m,1742592600.0,2.4033,2.4157,2.4029,2.4065,276666.05,0.0,0.0,0
15m,1742593500.0,2.4065,2.4082,2.394,2.3981,176576.24,0.0,0.0,0
15m,1742594400.0,2.3981,2.3982,2.3825,2.386,380342.51,0.0,0.0,0
15m,1742595300.0,2.386,2.3944,2.3858,2.3898,122987.93,0.0,0.0,0
15m,1742596200.0,2.3898,2.3898,2.3791,2.3793,279917.05,0.0,0.0,0
15m,1742597100.0,2.3793,2.3881,2.3787,2.3876,199390.18,0.0,0.0,0
15m,1742598000.0,2.3876,2.3936,2.3821,2.393,124080.1,0.0,0.0,0
15m,1742598900.0,2.393,2.393,2.3845,2.3869,126466.98,0.0,0.0,0
15m,1742599800.0,2.3869,2.3877,2.3781,2.3788,173797.06,0.0,0.0,0
15m,1742600700.0,2.3788,2.3842,2.3747,2.3808,243696.96,0.0,0.0,0
15m,1742601600.0,2.3808,2.3865,2.3731,2.3824,375196.23,0.0,0.0,0
15m,1742602500.0,2.3824,2.393,2.3824,2.3901,222642.25,0.0,0.0,0
15m,1742603400.0,2.3901,2.405,2.3859,2.3979,486947.23,0.0,0.0,0
15m,1742604300.0,2.3979,2.4028,2.3938,2.3985,218397.56,0.0,0.0,0
15m,1742605200.0,2.3985,2.4065,2.3985,2.4021,153716.05,0.0,0.0,0
15m,1742606100.0,2.4021,2.4034,2.3899,2.3915,206337.25,0.0,0.0,0
15m,1742607000.0,2.3915,2.3915,2.3833,2.3884,139583.35,0.0,0.0,0
15m,1742607900.0,2.3884,2.3904,2.3854,2.3885,125516.61,0.0,0.0,0
15m,1742608800.0,2.3885,2.3933,2.3844,2.3898,96619.12,0.0,0.0,0
15m,1742609700.0,2.3898,2.3923,2.3867,2.3901,143611.81,0.0,0.0,0
15m,1742610600.0,2.3901,2.3957,2.39,2.3957,64946.49,0.0,0.0,0
15m,1742611500.0,2.3957,2.3961,2.3892,2.3903,55502.15,0.0,0.0,0
15m,1742612400.0,2.3903,2.3912,2.3808,2.3808,112738.03,0.0,0.0,0
15m,1742613300.0,2.3808,2.3877,2.3808,2.3856,115748.67,0.0,0.0,0
15m,1742614200.0,2.3856,2.3885,2.3841,2.3864,65188.52,0.0,0.0,0
15m,1742615100.0,2.3864,2.3904,2.3855,2.3891,121233.18,0.0,0.0,0
15m,1742616000.0,2.3891,2.3931,2.3846,2.3918,80975.08,0.0,0.0,0
15m,1742616900.0,2.3918,2.3936,2.3879,2.3904,234803.3,0.0,0.0,0
15m,1742617800.0,2.3904,2.3957,2.3904,2.3954,117931.54,0.0,0.0,0
15m,1742618700.0,2.3954,2.3997,2.394,2.3975,168947.55,0.0,0.0,0
15m,1742619600.0,2.3975,2.3996,2.3942,2.399,81393.35,0.0,0.0,0
15m,1742620500.0,2.399,2.4016,2.3958,2.3969,105511.42,0.0,0.0,0
15m,1742621400.0,2.3969,2.3969,2.3899,2.3922,161994.62,0.0,0.0,0
15m,1742622300.0,2.3922,2.3956,2.3911,2.3933,189910.32,0.0,0.0,0
15m,1742623200.0,2.3933,2.4017,2.3923,2.3997,127195.41,0.0,0.0,0
15m,1742624100.0,2.3997,2.4057,2.3993,2.3993,191330.71,0.0,0.0,0
15m,1742625000.0,2.3993,2.402,2.3959,2.4007,159462.28,0.0,0.0,0
15m,1742625900.0,2.4007,2.4049,2.4007,2.4031,189251.94,0.0,0.0,0
15m,1742626800.0,2.4031,2.408,2.403,2.4054,262665.67,0.0,0.0,0
15m,1742627700.0,2.4054,2.4058,2.4023,2.4044,189406.98,0.0,0.0,0
15m,1742628600.0,2.4044,2.4138,2.4044,2.4089,593258.52,0.0,0.0,0
15m,1742629500.0,2.4089,2.409,2.3994,2.4017,115733.75,0.0,0.0,0
15m,1742630400.0,2.4017,2.4028,2.398,2.4016,174057.39,0.0,0.0,0
15m,1742631300.0,2.4016,2.4038,2.399,2.3999,114148.6,0.0,0.0,0
15m,1742632200.0,2.3999,2.4025,2.395,2.4013,148450.19,0.0,0.0,0
15m,1742633100.0,2.4013,2.4058,2.4,2.4044,327118.82,0.0,0.0,0
15m,1742634000.0,2.4044,2.4074,2.4027,2.4027,150204.68,0.0,0.0,0
15m,1742634900.0,2.4027,2.411,2.4011,2.4083,330029.57,0.0,0.0,0
15m,1742635800.0,2.4083,2.415,2.4082,2.4129,283822.02,0.0,0.0,0
15m,1742636700.0,2.4129,2.4166,2.4055,2.4055,236009.65,0.0,0.0,0
15m,1742637600.0,2.4055,2.4077,2.4021,2.4024,94311.2,0.0,0.0,0
15m,1742638500.0,2.4024,2.4089,2.4021,2.4021,172094.09,0.0,0.0,0
15m,1742639400.0,2.4021,2.4057,2.398,2.4002,293681.15,0.0,0.0,0
15m,1742640300.0,2.4002,2.4013,2.3955,2.3965,234367.44,0.0,0.0,0
15m,1742641200.0,2.3965,2.3982,2.3863,2.3889,338029.66,0.0,0.0,0
15m,1742642100.0,2.3889,2.3927,2.3846,2.3918,326779.79,0.0,0.0,0
15m,1742643000.0,2.3918,2.3944,2.3882,2.3926,404924.36,0.0,0.0,0
15m,1742643900.0,2.3926,2.3949,2.3914,2.3937,184773.85,0.0,0.0,0
15m,1742644800.0,2.3937,2.3948,2.3883,2.3937,168739.2,0.0,0.0,0
15m,1742645700.0,2.3937,2.3959,2.3907,2.3926,185616.53,0.0,0.0,0
15m,1742646600.0,2.3926,2.3926,2.3872,2.3906,148646.2,0.0,0.0,0
15m,1742647500.0,2.3906,2.3968,2.3895,2.3943,123988.79,0.0,0.0,0
15m,1742648400.0,2.3943,2.3959,2.3886,2.39,133959.86,0.0,0.0,0
15m,1742649300.0,2.39,2.3913,2.3775,2.3814,385080.6,0.0,0.0,0
15m,1742650200.0,2.3814,2.3847,2.3774,2.3837,173676.11,0.0,0.0,0
15m,1742651100.0,2.3837,2.3887,2.3833,2.3882,102176.47,0.0,0.0,0
15m,1742652000.0,2.3882,2.3882,2.3802,2.3859,117153.88,0.0,0.0,0
15m,1742652900.0,2.3859,2.3865,2.375,2.3774,268862.09,0.0,0.0,0
15m,1742653800.0,2.3774,2.3774,2.3697,2.375,364886.35,0.0,0.0,0
15m,1742654700.0,2.375,2.3755,2.3688,2.3702,195979.49,0.0,0.0,0
15m,1742655600.0,2.3702,2.3779,2.3693,2.3763,134128.25,0.0,0.0,0
15m,1742656500.0,2.3763,2.378,2.3708,2.3713,128304.1,0.0,0.0,0
15m,1742657400.0,2.3713,2.3762,2.3667,2.3686,274116.95,0.0,0.0,0
15m,1742658300.0,2.3686,2.3793,2.3671,2.3777,165514.53,0.0,0.0,0
15m,1742659200.0,2.3777,2.3822,2.3732,2.3805,146162.96,0.0,0.0,0
15m,1742660100.0,2.3805,2.3872,2.3787,2.3857,508606.16,0.0,0.0,0
15m,1742661000.0,2.3857,2.3867,2.38,2.3843,145457.67,0.0,0.0,0
15m,1742661900.0,2.3843,2.3845,2.3777,2.3843,80050.5,0.0,0.0,0
15m,1742662800.0,2.3843,2.3869,2.3818,2.3838,147408.36,0.0,0.0,0
15m,1742663700.0,2.3838,2.3882,2.3805,2.3855,107818.29,0.0,0.0,0
15m,1742664600.0,2.3855,2.3877,2.3833,2.3877,93365.65,0.0,0.0,0
15m,1742665500.0,2.3877,2.3925,2.3845,2.3918,229870.91,0.0,0.0,0
15m,1742666400.0,2.3918,2.3924,2.3878,2.3915,56343.78,0.0,0.0,0
15m,1742667300.0,2.3915,2.3931,2.386,2.3869,147850.73,0.0,0.0,0
15m,1742668200.0,2.3869,2.3922,2.3848,2.3909,76437.74,0.0,0.0,0
15m,1742669100.0,2.3909,2.3914,2.3871,2.3878,68067.71,0.0,0.0,0
15m,1742670000.0,2.3878,2.388,2.3834,2.3837,51438.01,0.0,0.0,0
15m,1742670900.0,2.3837,2.3865,2.3819,2.3865,111065.0,0.0,0.0,0
15m,1742671800.0,2.3865,2.3894,2.384,2.3847,84325.08,0.0,0.0,0
15m,1742672700.0,2.3847,2.3852,2.3785,2.3814,167563.54,0.0,0.0,0
15m,1742673600.0,2.3814,2.3841,2.38,2.3836,124949.13,0.0,0.0,0
15m,1742674500.0,2.3836,2.3836,2.3756,2.3792,74240.59,0.0,0.0,0
15m,1742675400.0,2.3792,2.3826,2.3779,2.3779,141438.13,0.0,0.0,0
15m,1742676300.0,2.3779,2.3802,2.3722,2.3722,124460.27,0.0,0.0,0
15m,1742677200.0,2.3722,2.3739,2.3633,2.3738,459066.12,0.0,0.0,0
15m,1742678100.0,2.3738,2.3753,2.3645,2.3684,207372.2,0.0,0.0,0
15m,1742679000.0,2.3684,2.3717,2.3591,2.3613,384072.44,0.0,0.0,0
15m,1742679900.0,2.3613,2.3721,2.3592,2.3683,307661.4,0.0,0.0,0
15m,1742680800.0,2.3683,2.3755,2.3666,2.3731,225489.93,0.0,0.0,0
15m,1742681700.0,2.3731,2.376,2.371,2.3723,86234.21,0.0,0.0,0
15m,1742682600.0,2.3723,2.3745,2.3708,2.3726,91771.58,0.0,0.0,0
15m,1742683500.0,2.3726,2.3727,2.3631,2.3655,104270.25,0.0,0.0,0
15m,1742684400.0,2.3655,2.3659,2.3592,2.3647,160500.64,0.0,0.0,0
15m,1742685300.0,2.3647,2.3684,2.3638,2.366,95193.9,0.0,0.0,0
15m,1742686200.0,2.366,2.3694,2.3616,2.3662,238790.14,0.0,0.0,0
15m,1742687100.0,2.3662,2.3719,2.3637,2.371,178511.43,0.0,0.0,0
15m,1742688000.0,2.371,2.3719,2.3651,2.3692,167754.0,0.0,0.0,0
15m,1742688900.0,2.3692,2.3794,2.3692,2.3752,282413.31,0.0,0.0,0
15m,1742689800.0,2.3752,2.3798,2.3722,2.3756,150541.57,0.0,0.0,0
15m,1742690700.0,2.3756,2.3778,2.3717,2.3754,135023.92,0.0,0.0,0
15m,1742691600.0,2.3754,2.3772,2.3692,2.373,196936.18,0.0,0.0,0
15m,1742692500.0,2.373,2.3811,2.3725,2.3781,137039.06,0.0,0.0,0
15m,1742693400.0,2.3781,2.3845,2.3774,2.3825,221695.52,0.0,0.0,0
15m,1742694300.0,2.3825,2.3831,2.378,2.3804,125889.16,0.0,0.0,0
15m,1742695200.0,2.3804,2.3804,2.3754,2.3767,135580.12,0.0,0.0,0
15m,1742696100.0,2.3767,2.3812,2.3767,2.3792,193893.88,0.0,0.0,0
15m,1742697000.0,2.3792,2.3849,2.3784,2.3815,197816.08,0.0,0.0,0
15m,1742697900.0,2.3815,2.3884,2.3815,2.3865,197574.95,0.0,0.0,0
15m,1742698800.0,2.3865,2.3886,2.3829,2.3861,226527.16,0.0,0.0,0
15m,1742699700.0,2.3861,2.3898,2.386,2.3898,137820.36,0.0,0.0,0
15m,1742700600.0,2.3898,2.3925,2.3889,2.3894,584181.18,0.0,0.0,0
15m,1742701500.0,2.3894,2.3921,2.3871,2.3887,101853.34,0.0,0.0,0
15m,1742702400.0,2.3887,2.391,2.3821,2.3841,185772.08,0.0,0.0,0
15m,1742703300.0,2.3841,2.3872,2.3823,2.3867,80680.2,0.0,0.0,0
15m,1742704200.0,2.3867,2.3882,2.383,2.3834,68079.28,0.0,0.0,0
15m,1742705100.0,2.3834,2.3838,2.3797,2.3815,242040.33,0.0,0.0,0
15m,1742706000.0,2.3815,2.3846,2.381,2.381,85308.28,0.0,0.0,0
15m,1742706900.0,2.381,2.3816,2.3774,2.3796,118907.36,0.0,0.0,0
15m,1742707800.0,2.3796,2.383,2.3778,2.3825,112611.78,0.0,0.0,0
15m,1742708700.0,2.3825,2.3885,2.3825,2.3883,127534.13,0.0,0.0,0
15m,1742709600.0,2.3883,2.389,2.3857,2.3883,84973.11,0.0,0.0,0
15m,1742710500.0,2.3883,2.3917,2.3864,2.3888,190694.07,0.0,0.0,0
15m,1742711400.0,2.3888,2.39,2.386,2.3895,145367.2,0.0,0.0,0
15m,1742712300.0,2.3895,2.3938,2.3895,2.3918,168212.91,0.0,0.0,0
15m,1742713200.0,2.3918,2.398,2.3912,2.3952,555872.81,0.0,0.0,0
15m,1742714100.0,2.3952,2.3987,2.3946,2.3986,136109.16,0.0,0.0,0
15m,1742715000.0,2.3986,2.4021,2.397,2.3975,431436.78,0.0,0.0,0
15m,1742715900.0,2.3975,2.4018,2.3946,2.3956,293247.19,0.0,0.0,0
15m,1742716800.0,2.3956,2.3969,2.3919,2.3926,237833.28,0.0,0.0,0
15m,1742717700.0,2.3926,2.3954,2.3894,2.391,254376.9,0.0,0.0,0
15m,1742718600.0,2.391,2.3945,2.3906,2.3926,119516.23,0.0,0.0,0
15m,1742719500.0,2.3926,2.395,2.3916,2.3945,138937.49,0.0,0.0,0
15m,1742720400.0,2.3945,2.3991,2.3943,2.3991,250283.86,0.0,0.0,0
15m,1742721300.0,2.3991,2.3997,2.3923,2.3928,294670.87,0.0,0.0,0
15m,1742722200.0,2.3928,2.3947,2.3876,2.3884,172614.52,0.0,0.0,0
15m,1742723100.0,2.3884,2.3898,2.3853,2.3874,217858.82,0.0,0.0,0
15m,1742724000.0,2.3874,2.389,2.3849,2.386,86093.78,0.0,0.0,0
15m,1742724900.0,2.386,2.3916,2.3853,2.3892,102673.97,0.0,0.0,0
15m,1742725800.0,2.3892,2.3955,2.3872,2.3949,94279.53,0.0,0.0,0
15m,1742726700.0,2.3949,2.3965,2.3916,2.3958,240669.43,0.0,0.0,0
15m,1742727600.0,2.3958,2.4097,2.3955,2.4058,410816.85,0.0,0.0,0
15m,1742728500.0,2.4058,2.4281,2.4058,2.4158,1017276.17,0.0,0.0,0
15m,1742729400.0,2.4158,2.4173,2.4088,2.4104,262072.02,0.0,0.0,0
15m,1742730300.0,2.4104,2.4154,2.4032,2.4053,206814.95,0.0,0.0,0
15m,1742731200.0,2.4053,2.4115,2.4018,2.4018,166276.3,0.0,0.0,0
15m,1742732100.0,2.4018,2.4031,2.3962,2.3996,328004.01,0.0,0.0,0
15m,1742733000.0,2.3996,2.4035,2.3989,2.4033,128815.03,0.0,0.0,0
15m,1742733900.0,2.4033,2.4066,2.4015,2.4026,162742.19,0.0,0.0,0
15m,1742734800.0,2.4026,2.4037,2.3938,2.3986,202380.09,0.0,0.0,0
15m,1742735700.0,2.3986,2.4091,2.3986,2.4089,149227.97,0.0,0.0,0
15m,1742736600.0,2.4089,2.4138,2.4075,2.4115,227552.38,0.0,0.0,0
15m,1742737500.0,2.4115,2.42,2.4115,2.418,114183.79,0.0,0.0,0
15m,1742738400.0,2.418,2.4227,2.4135,2.4159,236517.76,0.0,0.0,0
15m,1742739300.0,2.4159,2.4184,2.4063,2.4088,163989.83,0.0,0.0,0
15m,1742740200.0,2.4088,2.4167,2.4086,2.4119,105249.1,0.0,0.0,0
15m,1742741100.0,2.4119,2.4148,2.4091,2.4091,129634.9,0.0,0.0,0
15m,1742742000.0,2.4091,2.411,2.4042,2.4067,130253.32,0.0,0.0,0
15m,1742742900.0,2.4067,2.4154,2.4044,2.4119,248096.39,0.0,0.0,0
15m,1742743800.0,2.4119,2.4197,2.4093,2.4138,128921.04,0.0,0.0,0
15m,1742744700.0,2.4138,2.4171,2.4125,2.413,102334.21,0.0,0.0,0
15m,1742745600.0,2.413,2.4157,2.4062,2.4148,145502.95,0.0,0.0,0
15m,1742746500.0,2.4148,2.4172,2.4116,2.4118,129266.92,0.0,0.0,0
15m,1742747400.0,2.4118,2.4127,2.3946,2.4,710926.63,0.0,0.0,0
15m,1742748300.0,2.4,2.4057,2.3975,2.4002,296620.36,0.0,0.0,0
15m,1742749200.0,2.4002,2.406,2.3997,2.4027,143335.06,0.0,0.0,0
15m,1742750100.0,2.4027,2.4103,2.4019,2.4094,373580.25,0.0,0.0,0
15m,1742751000.0,2.4094,2.4104,2.3948,2.397,773470.81,0.0,0.0,0
15m,1742751900.0,2.397,2.4017,2.3936,2.3999,175393.2,0.0,0.0,0
15m,1742752800.0,2.3999,2.4009,2.3914,2.3939,224626.23,0.0,0.0,0
15m,1742753700.0,2.3939,2.3968,2.3858,2.3863,327313.31,0.0,0.0,0
15m,1742754600.0,2.3863,2.3936,2.3863,2.3933,134446.01,0.0,0.0,0
15m,1742755500.0,2.3933,2.3973,2.3909,2.3912,330392.57,0.0,0.0,0
15m,1742756400.0,2.3912,2.3949,2.3871,2.3944,163736.04,0.0,0.0,0
15m,1742757300.0,2.3944,2.3969,2.3933,2.3944,45387.0,0.0,0.0,0
15m,1742758200.0,2.3944,2.4006,2.3915,2.3996,139542.91,0.0,0.0,0
15m,1742759100.0,2.3996,2.4021,2.3971,2.3996,80197.61,0.0,0.0,0
15m,1742760000.0,2.3996,2.4068,2.3996,2.4044,65514.39,0.0,0.0,0
15m,1742760900.0,2.4044,2.4086,2.4044,2.4084,74191.13,0.0,0.0,0
15m,1742761800.0,2.4084,2.4088,2.403,2.4032,95553.87,0.0,0.0,0
15m,1742762700.0,2.4032,2.4062,2.4001,2.4015,219078.95,0.0,0.0,0
15m,1742763600.0,2.4015,2.4018,2.3946,2.3946,106307.39,0.0,0.0,0
15m,1742764500.0,2.3946,2.3947,2.3873,2.39,1120973.42,0.0,0.0,0
15m,1742765400.0,2.39,2.3958,2.3898,2.3936,207481.53,0.0,0.0,0
15m,1742766300.0,2.3936,2.4017,2.3933,2.401,260610.97,0.0,0.0,0
15m,1742767200.0,2.401,2.4193,2.4002,2.4163,993592.09,0.0,0.0,0
15m,1742768100.0,2.4163,2.4264,2.4152,2.418,917835.39,0.0,0.0,0
15m,1742769000.0,2.418,2.4186,2.4097,2.4116,142976.37,0.0,0.0,0
15m,1742769900.0,2.4116,2.4186,2.4082,2.4173,182541.33,0.0,0.0,0
15m,1742770800.0,2.4173,2.4234,2.4173,2.4217,136420.33,0.0,0.0,0
15m,1742771700.0,2.4217,2.4288,2.4186,2.4276,664267.91,0.0,0.0,0
15m,1742772600.0,2.4276,2.4367,2.4266,2.4283,718771.55,0.0,0.0,0
15m,1742773500.0,2.4283,2.4409,2.4269,2.4385,1240836.55,0.0,0.0,0
15m,1742774400.0,2.4385,2.4391,2.4246,2.4261,824785.66,0.0,0.0,0
15m,1742775300.0,2.4261,2.443,2.4261,2.443,990587.41,0.0,0.0,0
15m,1742776200.0,2.443,2.4581,2.4414,2.4445,969561.86,0.0,0.0,0
15m,1742777100.0,2.4445,2.4499,2.434,2.4356,258609.83,0.0,0.0,0
15m,1742778000.0,2.4356,2.4372,2.4196,2.424,370842.45,0.0,0.0,0
15m,1742778900.0,2.424,2.4296,2.417,2.4183,788695.81,0.0,0.0,0
15m,1742779800.0,2.4183,2.4229,2.4158,2.4181,146559.12,0.0,0.0,0
15m,1742780700.0,2.4181,2.4208,2.4134,2.4153,181681.97,0.0,0.0,0
15m,1742781600.0,2.4153,2.4272,2.4135,2.4264,220286.14,0.0,0.0,0
15m,1742782500.0,2.4264,2.4267,2.4169,2.4208,85232.24,0.0,0.0,0
15m,1742783400.0,2.4208,2.4308,2.4194,2.43,988684.71,0.0,0.0,0
15m,1742784300.0,2.43,2.436,2.4293,2.4316,434690.52,0.0,0.0,0
15m,1742785200.0,2.4316,2.4418,2.4305,2.4412,348230.19,0.0,0.0,0
15m,1742786100.0,2.4412,2.4551,2.4369,2.4447,947746.86,0.0,0.0,0
15m,1742787000.0,2.4447,2.4482,2.4403,2.4428,879047.78,0.0,0.0,0
15m,1742787900.0,2.4428,2.4441,2.4372,2.4432,200587.14,0.0,0.0,0
15m,1742788800.0,2.4432,2.4588,2.4432,2.4514,371869.74,0.0,0.0,0
15m,1742789700.0,2.4514,2.4566,2.4489,2.4505,413748.11,0.0,0.0,0
15m,1742790600.0,2.4505,2.4532,2.4466,2.452,493956.07,0.0,0.0,0
15m,1742791500.0,2.452,2.4546,2.4494,2.4516,693122.7,0.0,0.0,0
15m,1742792400.0,2.4516,2.4647,2.4505,2.4612,779797.33,0.0,0.0,0
15m,1742793300.0,2.4612,2.4666,2.4603,2.4661,462875.94,0.0,0.0,0
15m,1742794200.0,2.4661,2.4694,2.4592,2.4613,397221.95,0.0,0.0,0
15m,1742795100.0,2.4613,2.4626,2.4486,2.4523,603315.64,0.0,0.0,0
15m,1742796000.0,2.4523,2.4654,2.4523,2.4645,507739.16,0.0,0.0,0
15m,1742796900.0,2.4645,2.4674,2.4556,2.4612,518090.21,0.0,0.0,0
15m,1742797800.0,2.4612,2.462,2.4546,2.4584,277966.01,0.0,0.0,0
15m,1742798700.0,2.4584,2.4625,2.4557,2.4569,376272.46,0.0,0.0,0
15m,1742799600.0,2.4569,2.4622,2.4523,2.4555,217315.32,0.0,0.0,0
15m,1742800500.0,2.4555,2.4648,2.4548,2.4549,511330.09,0.0,0.0,0
15m,1742801400.0,2.4549,2.4567,2.4384,2.4392,753122.03,0.0,0.0,0
15m,1742802300.0,2.4392,2.4486,2.4392,2.4436,321971.59,0.0,0.0,0
15m,1742803200.0,2.4436,2.4541,2.443,2.4539,289682.41,0.0,0.0,0
15m,1742804100.0,2.4539,2.4559,2.4498,2.4541,549658.62,0.0,0.0,0
15m,1742805000.0,2.4541,2.4565,2.4474,2.4515,261976.79,0.0,0.0,0
15m,1742805900.0,2.4515,2.4689,2.4505,2.4624,801575.34,0.0,0.0,0
15m,1742806800.0,2.4624,2.4662,2.4576,2.4623,361837.01,0.0,0.0,0
15m,1742807700.0,2.4623,2.4643,2.4531,2.4552,390031.47,0.0,0.0,0
15m,1742808600.0,2.4552,2.4643,2.4545,2.46,689505.42,0.0,0.0,0
15m,1742809500.0,2.46,2.466,2.4597,2.463,501019.29,0.0,0.0,0
15m,1742810400.0,2.463,2.4659,2.46,2.4625,194175.53,0.0,0.0,0
15m,1742811300.0,2.4625,2.4754,2.4613,2.4687,562921.69,0.0,0.0,0
15m,1742812200.0,2.4687,2.4774,2.4676,2.4711,479470.7,0.0,0.0,0
15m,1742813100.0,2.4711,2.4745,2.4692,2.4702,264471.09,0.0,0.0,0
15m,1742814000.0,2.4702,2.4712,2.4641,2.4652,237318.43,0.0,0.0,0
15m,1742814900.0,2.4652,2.4653,2.4556,2.4582,371153.9,0.0,0.0,0
15m,1742815800.0,2.4582,2.4642,2.4569,2.4618,279233.08,0.0,0.0,0
15m,1742816700.0,2.4618,2.4655,2.4584,2.4594,408619.73,0.0,0.0,0
15m,1742817600.0,2.4594,2.4609,2.4514,2.4557,580656.32,0.0,0.0,0
15m,1742818500.0,2.4557,2.4561,2.4482,2.4517,451106.19,0.0,0.0,0
15m,1742819400.0,2.4517,2.4581,2.4514,2.456,205100.58,0.0,0.0,0
15m,1742820300.0,2.456,2.46,2.452,2.4544,166214.54,0.0,0.0,0
15m,1742821200.0,2.4544,2.4544,2.442,2.4457,689585.48,0.0,0.0,0
15m,1742822100.0,2.4457,2.4502,2.4448,2.4488,171847.82,0.0,0.0,0
15m,1742823000.0,2.4488,2.4596,2.4474,2.4529,290255.26,0.0,0.0,0
15m,1742823900.0,2.4529,2.4572,2.4478,2.457,254572.03,0.0,0.0,0
15m,1742824800.0,2.457,2.4814,2.4547,2.4812,899032.21,0.0,0.0,0
15m,1742825700.0,2.4812,2.5032,2.4771,2.478,1614649.62,0.0,0.0,0
15m,1742826600.0,2.478,2.4794,2.4648,2.4779,753865.37,0.0,0.0,0
15m,1742827500.0,2.4779,2.4804,2.4666,2.468,323606.12,0.0,0.0,0
15m,1742828400.0,2.468,2.4724,2.4604,2.471,242946.89,0.0,0.0,0
15m,1742829300.0,2.471,2.4778,2.4656,2.4687,212320.32,0.0,0.0,0
15m,1742830200.0,2.4687,2.4764,2.4668,2.4744,240833.39,0.0,0.0,0
15m,1742831100.0,2.4744,2.4763,2.4669,2.474,172715.35,0.0,0.0,0
15m,1742832000.0,2.474,2.4754,2.4633,2.4649,181020.69,0.0,0.0,0
15m,1742832900.0,2.4649,2.4658,2.4491,2.4496,598631.88,0.0,0.0,0
15m,1742833800.0,2.4496,2.4577,2.4461,2.4543,367397.0,0.0,0.0,0
15m,1742834700.0,2.4543,2.4589,2.4517,2.4589,243701.38,0.0,0.0,0
15m,1742835600.0,2.4589,2.4639,2.4542,2.4562,422347.67,0.0,0.0,0
15m,1742836500.0,2.4562,2.4722,2.4549,2.4722,258145.83,0.0,0.0,0
15m,1742837400.0,2.4722,2.4748,2.4656,2.4667,411536.42,0.0,0.0,0
15m,1742838300.0,2.4667,2.4722,2.4643,2.4687,343462.25,0.0,0.0,0
15m,1742839200.0,2.4687,2.4687,2.4627,2.467,229452.72,0.0,0.0,0
15m,1742840100.0,2.467,2.4688,2.4607,2.4644,345499.41,0.0,0.0,0
15m,1742841000.0,2.4644,2.4722,2.4582,2.471,295842.82,0.0,0.0,0
15m,1742841900.0,2.471,2.4769,2.4677,2.4743,151271.09,0.0,0.0,0
15m,1742842800.0,2.4743,2.4759,2.4683,2.471,258875.36,0.0,0.0,0
15m,1742843700.0,2.471,2.4755,2.4689,2.4713,394280.11,0.0,0.0,0
15m,1742844600.0,2.4713,2.4713,2.462,2.4645,465069.84,0.0,0.0,0
15m,1742845500.0,2.4645,2.47,2.463,2.4652,135348.34,0.0,0.0,0
15m,1742846400.0,2.4652,2.4752,2.4636,2.4752,178224.91,0.0,0.0,0
15m,1742847300.0,2.4752,2.477,2.4709,2.4721,111120.57,0.0,0.0,0
15m,1742848200.0,2.4721,2.4721,2.4613,2.4619,300203.74,0.0,0.0,0
15m,1742849100.0,2.4619,2.4619,2.455,2.4584,245541.22,0.0,0.0,0
15m,1742850000.0,2.4584,2.4625,2.4577,2.4616,178186.61,0.0,0.0,0
15m,1742850900.0,2.4616,2.4686,2.4611,2.467,100829.73,0.0,0.0,0
15m,1742851800.0,2.467,2.468,2.4549,2.4624,476131.82,0.0,0.0,0
15m,1742852700.0,2.4624,2.4634,2.4573,2.4586,152257.56,0.0,0.0,0
15m,1742853600.0,2.4586,2.4608,2.4483,2.4492,253193.76,0.0,0.0,0
15m,1742854500.0,2.4492,2.4539,2.4457,2.452,546264.5,0.0,0.0,0
15m,1742855400.0,2.452,2.4569,2.4501,2.4539,233036.3,0.0,0.0,0
15m,1742856300.0,2.4539,2.455,2.4455,2.4488,306956.16,0.0,0.0,0
15m,1742857200.0,2.4488,2.4495,2.4378,2.4399,292705.06,0.0,0.0,0
15m,1742858100.0,2.4399,2.4411,2.4246,2.4346,824712.88,0.0,0.0,0
15m,1742859000.0,2.4346,2.4419,2.4344,2.4416,315914.56,0.0,0.0,0
15m,1742859900.0,2.4416,2.4517,2.4416,2.4495,371330.66,0.0,0.0,0
15m,1742860800.0,2.4495,2.454,2.4422,2.4521,121837.38,0.0,0.0,0
15m,1742861700.0,2.4521,2.4664,2.4504,2.4583,808046.62,0.0,0.0,0
15m,1742862600.0,2.4583,2.4666,2.4498,2.457,1438207.64,0.0,0.0,0
15m,1742863500.0,2.457,2.4595,2.4523,2.4537,135655.55,0.0,0.0,0
15m,1742864400.0,2.4537,2.4537,2.4429,2.4438,356828.41,0.0,0.0,0
15m,1742865300.0,2.4438,2.445,2.4356,2.436,141260.37,0.0,0.0,0
15m,1742866200.0,2.436,2.4395,2.427,2.4395,364661.04,0.0,0.0,0
15m,1742867100.0,2.4395,2.4434,2.4347,2.4371,177972.81,0.0,0.0,0
15m,1742868000.0,2.4371,2.4378,2.4278,2.432,313646.57,0.0,0.0,0
15m,1742868900.0,2.432,2.4348,2.4308,2.4343,132634.79,0.0,0.0,0
15m,1742869800.0,2.4343,2.4346,2.4279,2.429,113072.86,0.0,0.0,0
15m,1742870700.0,2.429,2.4321,2.422,2.4255,328203.87,0.0,0.0,0
15m,1742871600.0,2.4255,2.4306,2.4218,2.4256,345494.0,0.0,0.0,0
15m,1742872500.0,2.4256,2.4256,2.4152,2.4219,290775.67,0.0,0.0,0
15m,1742873400.0,2.4219,2.4244,2.4136,2.4151,249545.75,0.0,0.0,0
15m,1742874300.0,2.4151,2.4183,2.4089,2.4141,341396.86,0.0,0.0,0
15m,1742875200.0,2.4141,2.4204,2.4068,2.4184,773186.0,0.0,0.0,0
15m,1742876100.0,2.4184,2.4227,2.4168,2.4181,131975.38,0.0,0.0,0
15m,1742877000.0,2.4181,2.4238,2.4161,2.4233,176130.64,0.0,0.0,0
15m,1742877900.0,2.4233,2.4253,2.4201,2.4252,130551.55,0.0,0.0,0
15m,1742878800.0,2.4252,2.4288,2.4224,2.4245,229794.92,0.0,0.0,0
15m,1742879700.0,2.4245,2.4294,2.4217,2.4277,353614.61,0.0,0.0,0
15m,1742880600.0,2.4277,2.4322,2.426,2.4299,165997.07,0.0,0.0,0
15m,1742881500.0,2.4299,2.4325,2.4292,2.4301,136704.42,0.0,0.0,0
15m,1742882400.0,2.4301,2.435,2.4271,2.4282,446879.27,0.0,0.0,0
15m,1742883300.0,2.4282,2.4283,2.4192,2.4224,377096.29,0.0,0.0,0
15m,1742884200.0,2.4224,2.4237,2.4158,2.4158,319133.01,0.0,0.0,0
15m,1742885100.0,2.4158,2.4173,2.4133,2.4145,338152.9,0.0,0.0,0
15m,1742886000.0,2.4145,2.4214,2.414,2.4176,185458.69,0.0,0.0,0
15m,1742886900.0,2.4176,2.4266,2.4168,2.4233,579884.28,0.0,0.0,0
15m,1742887800.0,2.4233,2.4233,2.4137,2.416,336730.0,0.0,0.0,0
15m,1742888700.0,2.416,2.4236,2.4159,2.4224,186746.05,0.0,0.0,0
15m,1742889600.0,2.4224,2.4263,2.4217,2.425,118713.32,0.0,0.0,0
15m,1742890500.0,2.425,2.4296,2.4204,2.4283,183913.21,0.0,0.0,0
15m,1742891400.0,2.4283,2.431,2.4278,2.4297,337595.3,0.0,0.0,0
15m,1742892300.0,2.4297,2.4365,2.4278,2.4333,216778.18,0.0,0.0,0
15m,1742893200.0,2.4333,2.4369,2.4303,2.4319,241672.56,0.0,0.0,0
15m,1742894100.0,2.4319,2.4346,2.43,2.4326,432188.04,0.0,0.0,0
15m,1742895000.0,2.4326,2.4414,2.4323,2.4376,274378.89,0.0,0.0,0
15m,1742895900.0,2.4376,2.4427,2.4367,2.4396,386422.51,0.0,0.0,0
15m,1742896800.0,2.4396,2.4416,2.4347,2.4363,194708.08,0.0,0.0,0
15m,1742897700.0,2.4363,2.4395,2.433,2.438,113383.06,0.0,0.0,0
15m,1742898600.0,2.438,2.4459,2.4369,2.445,320844.54,0.0,0.0,0
15m,1742899500.0,2.445,2.4476,2.4418,2.443,143721.26,0.0,0.0,0
15m,1742900400.0,2.443,2.4463,2.4366,2.4391,386686.8,0.0,0.0,0
15m,1742901300.0,2.4391,2.4469,2.4384,2.4454,126638.73,0.0,0.0,0
15m,1742902200.0,2.4454,2.4499,2.442,2.4485,206926.97,0.0,0.0,0
15m,1742903100.0,2.4485,2.4495,2.4438,2.4445,91068.07,0.0,0.0,0
15m,1742904000.0,2.4445,2.4467,2.4377,2.4432,252670.01,0.0,0.0,0
15m,1742904900.0,2.4432,2.4432,2.4386,2.4403,136935.65,0.0,0.0,0
15m,1742905800.0,2.4403,2.4457,2.4304,2.4359,331843.34,0.0,0.0,0
15m,1742906700.0,2.4359,2.4371,2.4295,2.4318,269101.35,0.0,0.0,0
15m,1742907600.0,2.4318,2.4429,2.4305,2.4415,355944.98,0.0,0.0,0
15m,1742908500.0,2.4415,2.4516,2.4415,2.4509,331063.73,0.0,0.0,0
15m,1742909400.0,2.4509,2.4576,2.4366,2.4384,715557.68,0.0,0.0,0
15m,1742910300.0,2.4384,2.4446,2.4268,2.4402,374574.92,0.0,0.0,0
15m,1742911200.0,2.4402,2.4431,2.4297,2.4416,277651.83,0.0,0.0,0
15m,1742912100.0,2.4416,2.4459,2.4359,2.4418,253755.36,0.0,0.0,0
15m,1742913000.0,2.4418,2.4547,2.4396,2.4525,679949.0,0.0,0.0,0
15m,1742913900.0,2.4525,2.4541,2.4443,2.45,496579.24,0.0,0.0,0
15m,1742914800.0,2.45,2.4558,2.4441,2.448,399872.86,0.0,0.0,0
15m,1742915700.0,2.448,2.449,2.4404,2.4446,143709.2,0.0,0.0,0
15m,1742916600.0,2.4446,2.4463,2.435,2.4458,138963.25,0.0,0.0,0
15m,1742917500.0,2.4458,2.4476,2.4355,2.4374,246338.14,0.0,0.0,0
15m,1742918400.0,2.4374,2.4441,2.4346,2.4415,154094.08,0.0,0.0,0
15m,1742919300.0,2.4415,2.4424,2.4335,2.4339,229589.03,0.0,0.0,0
15m,1742920200.0,2.4339,2.4356,2.4244,2.43,658062.38,0.0,0.0,0
15m,1742921100.0,2.43,2.434,2.4265,2.4313,355187.19,0.0,0.0,0
15m,1742922000.0,2.4313,2.4437,2.4313,2.4404,288699.36,0.0,0.0,0
15m,1742922900.0,2.4404,2.4439,2.4374,2.442,237514.43,0.0,0.0,0
15m,1742923800.0,2.442,2.448,2.4414,2.4471,470307.14,0.0,0.0,0
15m,1742924700.0,2.4471,2.4781,2.4427,2.4638,1976395.29,0.0,0.0,0
15m,1742925600.0,2.4638,2.4749,2.4625,2.4669,1011791.81,0.0,0.0,0
15m,1742926500.0,2.4669,2.4678,2.4541,2.4581,833479.11,0.0,0.0,0
15m,1742927400.0,2.4581,2.4594,2.4423,2.4441,557357.64,0.0,0.0,0
15m,1742928300.0,2.4441,2.453,2.4425,2.4521,208976.22,0.0,0.0,0
15m,1742929200.0,2.4521,2.4625,2.4519,2.4562,345679.66,0.0,0.0,0
15m,1742930100.0,2.4562,2.4612,2.4539,2.4557,193919.56,0.0,0.0,0
15m,1742931000.0,2.4557,2.4574,2.4505,2.4572,131394.71,0.0,0.0,0
15m,1742931900.0,2.4572,2.4625,2.4569,2.4592,221092.3,0.0,0.0,0
15m,1742932800.0,2.4592,2.4703,2.456,2.4646,417611.62,0.0,0.0,0
15m,1742933700.0,2.4646,2.4694,2.4611,2.4615,135380.89,0.0,0.0,0
15m,1742934600.0,2.4615,2.4615,2.4547,2.4557,206759.06,0.0,0.0,0
15m,1742935500.0,2.4557,2.4564,2.45,2.4518,299034.27,0.0,0.0,0
15m,1742936400.0,2.4518,2.4597,2.4518,2.4579,215728.93,0.0,0.0,0
15m,1742937300.0,2.4579,2.4616,2.4519,2.4519,123455.12,0.0,0.0,0
15m,1742938200.0,2.4519,2.4539,2.4446,2.4472,365923.09,0.0,0.0,0
15m,1742939100.0,2.4472,2.4501,2.442,2.4429,118205.58,0.0,0.0,0
15m,1742940000.0,2.4429,2.4471,2.438,2.4448,315896.36,0.0,0.0,0
15m,1742940900.0,2.4448,2.4454,2.4361,2.4391,259998.71,0.0,0.0,0
15m,1742941800.0,2.4391,2.4443,2.4331,2.4439,286143.07,0.0,0.0,0
15m,1742942700.0,2.4439,2.4451,2.4409,2.4439,135899.26,0.0,0.0,0
15m,1742943600.0,2.4439,2.447,2.4368,2.4405,136240.97,0.0,0.0,0
15m,1742944500.0,2.4405,2.4487,2.4404,2.4483,134778.74,0.0,0.0,0
15m,1742945400.0,2.4483,2.4515,2.4449,2.45,112856.89,0.0,0.0,0
15m,1742946300.0,2.45,2.4525,2.4475,2.4492,155641.26,0.0,0.0,0
15m,1742947200.0,2.4492,2.4516,2.4429,2.4459,177151.41,0.0,0.0,0
15m,1742948100.0,2.4459,2.4556,2.4449,2.454,126736.95,0.0,0.0,0
15m,1742949000.0,2.454,2.4574,2.4498,2.456,293186.59,0.0,0.0,0
15m,1742949900.0,2.456,2.4576,2.4528,2.4547,141219.51,0.0,0.0,0
15m,1742950800.0,2.4547,2.4597,2.4538,2.4586,126037.16,0.0,0.0,0
15m,1742951700.0,2.4586,2.4798,2.4565,2.4708,868021.24,0.0,0.0,0
15m,1742952600.0,2.4708,2.4775,2.4677,2.4689,424277.78,0.0,0.0,0
15m,1742953500.0,2.4689,2.4707,2.4642,2.4688,134679.2,0.0,0.0,0
15m,1742954400.0,2.4688,2.4719,2.4586,2.4594,556931.19,0.0,0.0,0
15m,1742955300.0,2.4594,2.4598,2.4556,2.4591,230243.58,0.0,0.0,0
15m,1742956200.0,2.4591,2.4622,2.4427,2.4456,662392.88,0.0,0.0,0
15m,1742957100.0,2.4456,2.4493,2.4396,2.4412,211078.45,0.0,0.0,0
15m,1742958000.0,2.4412,2.4471,2.4402,2.4446,138999.93,0.0,0.0,0
15m,1742958900.0,2.4446,2.451,2.4421,2.4451,189099.87,0.0,0.0,0
15m,1742959800.0,2.4451,2.4452,2.4363,2.4381,239432.01,0.0,0.0,0
15m,1742960700.0,2.4381,2.4409,2.4356,2.4385,204101.43,0.0,0.0,0
15m,1742961600.0,2.4385,2.4441,2.4359,2.444,157239.46,0.0,0.0,0
15m,1742962500.0,2.444,2.4469,2.4403,2.4456,75549.09,0.0,0.0,0
15m,1742963400.0,2.4456,2.4503,2.4454,2.4503,97443.3,0.0,0.0,0
15m,1742964300.0,2.4503,2.4506,2.4451,2.4481,154120.24,0.0,0.0,0
15m,1742965200.0,2.4481,2.449,2.4429,2.4436,189397.93,0.0,0.0,0
15m,1742966100.0,2.4436,2.4488,2.4427,2.4485,258927.7,0.0,0.0,0
15m,1742967000.0,2.4485,2.4589,2.4484,2.4562,500288.67,0.0,0.0,0
15m,1742967900.0,2.4562,2.4569,2.4532,2.4558,74052.75,0.0,0.0,0
15m,1742968800.0,2.4558,2.4565,2.4489,2.4534,331598.11,0.0,0.0,0
15m,1742969700.0,2.4534,2.4546,2.4501,2.4508,219663.04,0.0,0.0,0
15m,1742970600.0,2.4508,2.4545,2.4497,2.454,306096.99,0.0,0.0,0
15m,1742971500.0,2.454,2.4571,2.4504,2.4552,375394.37,0.0,0.0,0
15m,1742972400.0,2.4552,2.4567,2.4499,2.451,285007.0,0.0,0.0,0
15m,1742973300.0,2.451,2.456,2.4502,2.4558,198047.77,0.0,0.0,0
15m,1742974200.0,2.4558,2.4666,2.4558,2.4621,423978.96,0.0,0.0,0
15m,1742975100.0,2.4621,2.4706,2.46,2.465,610454.1,0.0,0.0,0
15m,1742976000.0,2.465,2.4697,2.4619,2.4627,255881.56,0.0,0.0,0
15m,1742976900.0,2.4627,2.4693,2.4621,2.4693,225359.35,0.0,0.0,0
15m,1742977800.0,2.4693,2.4724,2.4666,2.4682,613083.95,0.0,0.0,0
15m,1742978700.0,2.4682,2.4682,2.4596,2.4637,282366.51,0.0,0.0,0
15m,1742979600.0,2.4637,2.4664,2.4613,2.4623,103024.03,0.0,0.0,0
15m,1742980500.0,2.4623,2.4696,2.4585,2.4693,371453.68,0.0,0.0,0
15m,1742981400.0,2.4693,2.473,2.4652,2.4671,194081.88,0.0,0.0,0
15m,1742982300.0,2.4671,2.4679,2.4611,2.4653,87068.53,0.0,0.0,0
15m,1742983200.0,2.4653,2.4672,2.4617,2.4647,140223.52,0.0,0.0,0
15m,1742984100.0,2.4647,2.4691,2.4645,2.4665,117066.95,0.0,0.0,0
15m,1742985000.0,2.4665,2.4688,2.4624,2.4627,157471.14,0.0,0.0,0
15m,1742985900.0,2.4627,2.4665,2.4605,2.4633,377807.7,0.0,0.0,0
15m,1742986800.0,2.4633,2.4689,2.4629,2.4688,102907.98,0.0,0.0,0
15m,1742987700.0,2.4688,2.4705,2.4663,2.4686,199687.03,0.0,0.0,0
15m,1742988600.0,2.4686,2.4695,2.452,2.455,502137.52,0.0,0.0,0
15m,1742989500.0,2.455,2.4592,2.4537,2.4571,268649.56,0.0,0.0,0
15m,1742990400.0,2.4571,2.4594,2.4515,2.4541,112646.1,0.0,0.0,0
15m,1742991300.0,2.4541,2.4545,2.4457,2.4487,381831.3,0.0,0.0,0
15m,1742992200.0,2.4487,2.4507,2.444,2.4497,248464.06,0.0,0.0,0
15m,1742993100.0,2.4497,2.4529,2.4464,2.4529,216139.56,0.0,0.0,0
15m,1742994000.0,2.4529,2.4529,2.4424,2.4436,387246.97,0.0,0.0,0
15m,1742994900.0,2.4436,2.4436,2.4365,2.4384,504935.04,0.0,0.0,0
15m,1742995800.0,2.4384,2.4452,2.4284,2.4452,732805.05,0.0,0.0,0
15m,1742996700.0,2.4452,2.449,2.4126,2.417,1347544.93,0.0,0.0,0
15m,1742997600.0,2.417,2.4297,2.4139,2.4243,1486135.06,0.0,0.0,0
15m,1742998500.0,2.4243,2.4273,2.4024,2.4111,2174155.39,0.0,0.0,0
15m,1742999400.0,2.4111,2.4127,2.3993,2.4009,701226.23,0.0,0.0,0
15m,1743000300.0,2.4009,2.4157,2.3955,2.4092,1010863.7,0.0,0.0,0
15m,1743001200.0,2.4092,2.4172,2.4074,2.4118,456625.86,0.0,0.0,0
15m,1743002100.0,2.4118,2.4143,2.4062,2.4093,435281.48,0.0,0.0,0
15m,1743003000.0,2.4093,2.4138,2.4042,2.4108,270785.25,0.0,0.0,0
15m,1743003900.0,2.4108,2.415,2.4011,2.4053,756865.81,0.0,0.0,0
15m,1743004800.0,2.4053,2.4134,2.3988,2.4116,271265.46,0.0,0.0,0
15m,1743005700.0,2.4116,2.4116,2.3985,2.4082,208802.81,0.0,0.0,0
15m,1743006600.0,2.4082,2.4123,2.3995,2.4011,348933.2,0.0,0.0,0
15m,1743007500.0,2.4011,2.4083,2.3991,2.4024,432576.79,0.0,0.0,0
15m,1743008400.0,2.4024,2.4058,2.4001,2.4027,199026.76,0.0,0.0,0
15m,1743009300.0,2.4027,2.404,2.3866,2.3876,421856.85,0.0,0.0,0
15m,1743010200.0,2.3876,2.3946,2.3786,2.3919,664628.84,0.0,0.0,0
15m,1743011100.0,2.3919,2.3948,2.3846,2.3891,245282.42,0.0,0.0,0
15m,1743012000.0,2.3891,2.3931,2.3833,2.3901,168396.13,0.0,0.0,0
15m,1743012900.0,2.3901,2.3929,2.3867,2.3891,494566.49,0.0,0.0,0
15m,1743013800.0,2.3891,2.3924,2.3763,2.3787,383419.64,0.0,0.0,0
15m,1743014700.0,2.3787,2.3811,2.368,2.3705,515171.0,0.0,0.0,0
15m,1743015600.0,2.3705,2.3761,2.3621,2.363,899802.23,0.0,0.0,0
15m,1743016500.0,2.363,2.376,2.359,2.3691,576980.47,0.0,0.0,0
15m,1743017400.0,2.3691,2.3824,2.3691,2.3818,730036.67,0.0,0.0,0
15m,1743018300.0,2.3818,2.3852,2.3663,2.3718,574532.0,0.0,0.0,0
15m,1743019200.0,2.3718,2.381,2.3609,2.3738,739518.77,0.0,0.0,0
15m,1743020100.0,2.3738,2.3824,2.3721,2.3801,402771.36,0.0,0.0,0
15m,1743021000.0,2.3801,2.3884,2.38,2.3841,473682.12,0.0,0.0,0
15m,1743021900.0,2.3841,2.3867,2.3789,2.3818,334030.38,0.0,0.0,0
15m,1743022800.0,2.3818,2.3838,2.3748,2.3816,504094.32,0.0,0.0,0
15m,1743023700.0,2.3816,2.3816,2.3667,2.3717,346538.35,0.0,0.0,0
15m,1743024600.0,2.3717,2.3717,2.3341,2.3566,1319716.24,0.0,0.0,0
15m,1743025500.0,2.3566,2.3688,2.3562,2.3633,453788.87,0.0,0.0,0
15m,1743026400.0,2.3633,2.3636,2.345,2.3517,791181.18,0.0,0.0,0
15m,1743027300.0,2.3517,2.3543,2.3385,2.3408,364042.98,0.0,0.0,0
15m,1743028200.0,2.3408,2.3524,2.3408,2.349,667846.2,0.0,0.0,0
15m,1743029100.0,2.349,2.3522,2.3421,2.3434,527195.91,0.0,0.0,0
15m,1743030000.0,2.3434,2.3439,2.328,2.3384,880193.82,0.0,0.0,0
15m,1743030900.0,2.3384,2.342,2.3324,2.3392,871038.61,0.0,0.0,0
15m,1743031800.0,2.3392,2.3455,2.3386,2.3416,606757.58,0.0,0.0,0
15m,1743032700.0,2.3416,2.352,2.3401,2.3497,945750.6,0.0,0.0,0
15m,1743033600.0,2.3497,2.3554,2.3452,2.3522,826180.43,0.0,0.0,0
15m,1743034500.0,2.3522,2.3597,2.3457,2.3595,417251.14,0.0,0.0,0
15m,1743035400.0,2.3595,2.3691,2.3581,2.3589,1447452.43,0.0,0.0,0
15m,1743036300.0,2.3589,2.3663,2.3587,2.3657,250264.4,0.0,0.0,0
15m,1743037200.0,2.3657,2.3724,2.3641,2.3688,217031.66,0.0,0.0,0
15m,1743038100.0,2.3688,2.3708,2.3605,2.3697,231909.62,0.0,0.0,0
15m,1743039000.0,2.3697,2.3697,2.3645,2.3679,182800.26,0.0,0.0,0
15m,1743039900.0,2.3679,2.3743,2.3652,2.3711,222895.07,0.0,0.0,0
15m,1743040800.0,2.3711,2.3805,2.3693,2.3789,304905.97,0.0,0.0,0
15m,1743041700.0,2.3789,2.3823,2.3733,2.3776,209495.08,0.0,0.0,0
15m,1743042600.0,2.3776,2.3832,2.3761,2.3826,187873.22,0.0,0.0,0
15m,1743043500.0,2.3826,2.3902,2.3809,2.3845,231627.87,0.0,0.0,0
15m,1743044400.0,2.3845,2.3859,2.378,2.3825,187169.67,0.0,0.0,0
15m,1743045300.0,2.3825,2.3825,2.3759,2.3796,161801.09,0.0,0.0,0
15m,1743046200.0,2.3796,2.385,2.3791,2.3797,242131.24,0.0,0.0,0
15m,1743047100.0,2.3797,2.3816,2.3762,2.3778,119679.16,0.0,0.0,0
15m,1743048000.0,2.3778,2.3782,2.3692,2.3729,114060.99,0.0,0.0,0
15m,1743048900.0,2.3729,2.3784,2.3716,2.3769,129564.81,0.0,0.0,0
15m,1743049800.0,2.3769,2.3808,2.3729,2.3752,114887.76,0.0,0.0,0
15m,1743050700.0,2.3752,2.3758,2.3718,2.3745,126910.76,0.0,0.0,0
15m,1743051600.0,2.3745,2.3745,2.37,2.3716,115495.09,0.0,0.0,0
15m,1743052500.0,2.3716,2.3723,2.3665,2.3701,105404.11,0.0,0.0,0
15m,1743053400.0,2.3701,2.3701,2.367,2.3671,121726.48,0.0,0.0,0
15m,1743054300.0,2.3671,2.3679,2.3555,2.3573,472715.84,0.0,0.0,0
15m,1743055200.0,2.3573,2.3637,2.3561,2.3635,238531.12,0.0,0.0,0
15m,1743056100.0,2.3635,2.3692,2.3624,2.3682,299848.4,0.0,0.0,0
15m,1743057000.0,2.3682,2.3697,2.3643,2.3645,270485.35,0.0,0.0,0
15m,1743057900.0,2.3645,2.3652,2.357,2.3609,448066.95,0.0,0.0,0
15m,1743058800.0,2.3609,2.3647,2.3556,2.3631,228074.84,0.0,0.0,0
15m,1743059700.0,2.3631,2.3642,2.3565,2.3588,168880.66,0.0,0.0,0
15m,1743060600.0,2.3588,2.3619,2.3534,2.3553,225255.91,0.0,0.0,0
15m,1743061500.0,2.3553,2.3697,2.3522,2.3642,641387.85,0.0,0.0,0
15m,1743062400.0,2.3642,2.371,2.3616,2.3665,188787.64,0.0,0.0,0
15m,1743063300.0,2.3665,2.3777,2.3658,2.3754,236802.59,0.0,0.0,0
15m,1743064200.0,2.3754,2.3799,2.3733,2.3752,164447.2,0.0,0.0,0
15m,1743065100.0,2.3752,2.3755,2.3682,2.3717,156919.95,0.0,0.0,0
15m,1743066000.0,2.3717,2.3755,2.367,2.37,159251.94,0.0,0.0,0
15m,1743066900.0,2.37,2.3716,2.3652,2.3654,121278.03,0.0,0.0,0
15m,1743067800.0,2.3654,2.3704,2.3644,2.3689,220298.28,0.0,0.0,0
15m,1743068700.0,2.3689,2.3764,2.3683,2.3712,482562.08,0.0,0.0,0
15m,1743069600.0,2.3712,2.3771,2.3688,2.3696,193291.54,0.0,0.0,0
15m,1743070500.0,2.3696,2.3709,2.3675,2.3675,152282.11,0.0,0.0,0
15m,1743071400.0,2.3675,2.3702,2.3597,2.36,169396.2,0.0,0.0,0
15m,1743072300.0,2.36,2.3607,2.3539,2.3573,387468.38,0.0,0.0,0
15m,1743073200.0,2.3573,2.3666,2.3558,2.3627,304277.49,0.0,0.0,0
15m,1743074100.0,2.3627,2.3654,2.35,2.3511,537857.88,0.0,0.0,0
15m,1743075000.0,2.3511,2.3565,2.3467,2.3476,405979.72,0.0,0.0,0
15m,1743075900.0,2.3476,2.3503,2.3392,2.3431,743243.5,0.0,0.0,0
15m,1743076800.0,2.3431,2.3431,2.3296,2.3394,922422.88,0.0,0.0,0
15m,1743077700.0,2.3394,2.3431,2.3248,2.3404,480621.85,0.0,0.0,0
15m,1743078600.0,2.3404,2.348,2.3356,2.342,384638.1,0.0,0.0,0
15m,1743079500.0,2.342,2.3438,2.3354,2.3368,266133.72,0.0,0.0,0
15m,1743080400.0,2.3368,2.3457,2.3347,2.3404,258829.98,0.0,0.0,0
15m,1743081300.0,2.3404,2.3427,2.3189,2.326,534239.98,0.0,0.0,0
15m,1743082200.0,2.326,2.3323,2.3022,2.3112,983664.48,0.0,0.0,0
15m,1743083100.0,2.3112,2.3279,2.3074,2.3252,513191.96,0.0,0.0,0
15m,1743084000.0,2.3252,2.3335,2.3186,2.3268,329252.64,0.0,0.0,0
15m,1743084900.0,2.3268,2.3354,2.3248,2.3348,322649.49,0.0,0.0,0
15m,1743085800.0,2.3348,2.3537,2.3341,2.3494,697746.17,0.0,0.0,0
15m,1743086700.0,2.3494,2.3647,2.3473,2.3631,641877.81,0.0,0.0,0
15m,1743087600.0,2.3631,2.3659,2.3555,2.3659,391192.46,0.0,0.0,0
15m,1743088500.0,2.3659,2.3659,2.3557,2.3568,158754.07,0.0,0.0,0
15m,1743089400.0,2.3568,2.3575,2.3406,2.3406,387411.09,0.0,0.0,0
15m,1743090300.0,2.3406,2.3462,2.3382,2.3399,216584.1,0.0,0.0,0
15m,1743091200.0,2.3399,2.3474,2.3355,2.3422,329919.98,0.0,0.0,0
15m,1743092100.0,2.3422,2.3523,2.3398,2.34,253672.62,0.0,0.0,0
15m,1743093000.0,2.34,2.3497,2.3393,2.349,125005.18,0.0,0.0,0
15m,1743093900.0,2.349,2.3499,2.3321,2.3339,229811.97,0.0,0.0,0
15m,1743094800.0,2.3339,2.3402,2.3325,2.3369,129701.1,0.0,0.0,0
15m,1743095700.0,2.3369,2.3397,2.3299,2.3333,136189.78,0.0,0.0,0
15m,1743096600.0,2.3333,2.3342,2.3209,2.3286,209943.41,0.0,0.0,0
15m,1743097500.0,2.3286,2.3347,2.3197,2.322,278196.95,0.0,0.0,0
15m,1743098400.0,2.322,2.3329,2.3191,2.3329,260258.62,0.0,0.0,0
15m,1743099300.0,2.3329,2.3425,2.3281,2.337,358241.48,0.0,0.0,0
15m,1743100200.0,2.337,2.3492,2.3368,2.3478,195083.17,0.0,0.0,0
15m,1743101100.0,2.3478,2.3563,2.3472,2.3512,335924.04,0.0,0.0,0
15m,1743102000.0,2.3512,2.3532,2.3447,2.3508,331874.65,0.0,0.0,0
15m,1743102900.0,2.3508,2.356,2.3476,2.352,273369.18,0.0,0.0,0
15m,1743103800.0,2.352,2.3542,2.346,2.3509,215316.49,0.0,0.0,0
15m,1743104700.0,2.3509,2.3511,2.3385,2.3393,181128.42,0.0,0.0,0
15m,1743105600.0,2.3393,2.3406,2.3314,2.3327,153021.98,0.0,0.0,0
15m,1743106500.0,2.3327,2.3411,2.3296,2.3385,114190.61,0.0,0.0,0
15m,1743107400.0,2.3385,2.3453,2.3364,2.3436,88793.16,0.0,0.0,0
15m,1743108300.0,2.3436,2.3443,2.3381,2.3391,104571.62,0.0,0.0,0
15m,1743109200.0,2.3391,2.3396,2.3311,2.3331,358330.88,0.0,0.0,0
15m,1743110100.0,2.3331,2.3544,2.3316,2.3496,257464.68,0.0,0.0,0
15m,1743111000.0,2.3496,2.3601,2.3462,2.3559,362609.2,0.0,0.0,0
15m,1743111900.0,2.3559,2.3591,2.3481,2.3536,210642.59,0.0,0.0,0
15m,1743112800.0,2.3536,2.3575,2.3478,2.3478,310574.09,0.0,0.0,0
15m,1743113700.0,2.3478,2.3511,2.3471,2.3487,331583.31,0.0,0.0,0
15m,1743114600.0,2.3487,2.3507,2.3473,2.3492,215957.31,0.0,0.0,0
15m,1743115500.0,2.3492,2.3529,2.3471,2.3496,302077.58,0.0,0.0,0
15m,1743116400.0,2.3496,2.3506,2.336,2.3375,568521.41,0.0,0.0,0
15m,1743117300.0,2.3375,2.3418,2.336,2.3415,523320.27,0.0,0.0,0
15m,1743118200.0,2.3415,2.3446,2.3347,2.336,385507.29,0.0,0.0,0
15m,1743119100.0,2.336,2.3416,2.3349,2.3413,325635.04,0.0,0.0,0
15m,1743120000.0,2.3413,2.3414,2.3247,2.3249,728487.87,0.0,0.0,0
15m,1743120900.0,2.3249,2.3293,2.3207,2.322,612438.24,0.0,0.0,0
15m,1743121800.0,2.322,2.3294,2.308,2.329,1884840.78,0.0,0.0,0
15m,1743122700.0,2.329,2.3374,2.324,2.3355,807653.21,0.0,0.0,0
15m,1743123600.0,2.3355,2.3363,2.3198,2.3201,652259.13,0.0,0.0,0
15m,1743124500.0,2.3201,2.3268,2.3153,2.325,568839.3,0.0,0.0,0
15m,1743125400.0,2.325,2.3433,2.3221,2.3409,1127082.7,0.0,0.0,0
15m,1743126300.0,2.3409,2.3414,2.3287,2.329,678963.87,0.0,0.0,0
15m,1743127200.0,2.329,2.3331,2.3255,2.3304,602838.26,0.0,0.0,0
15m,1743128100.0,2.3304,2.3364,2.3264,2.3271,572804.42,0.0,0.0,0
15m,1743129000.0,2.3271,2.3271,2.3129,2.3204,746226.82,0.0,0.0,0
15m,1743129900.0,2.3204,2.3233,2.3164,2.319,747748.23,0.0,0.0,0
15m,1743130800.0,2.319,2.3203,2.3016,2.3061,934991.86,0.0,0.0,0
15m,1743131700.0,2.3061,2.311,2.3023,2.3072,1182816.01,0.0,0.0,0
15m,1743132600.0,2.3072,2.3115,2.306,2.3089,542811.31,0.0,0.0,0
15m,1743133500.0,2.3089,2.3128,2.3055,2.3105,393836.56,0.0,0.0,0
15m,1743134400.0,2.3105,2.3141,2.3094,2.3134,371409.26,0.0,0.0,0
15m,1743135300.0,2.3134,2.3136,2.3036,2.3073,503612.91,0.0,0.0,0
15m,1743136200.0,2.3073,2.3073,2.2591,2.271,4911703.65,0.0,0.0,0
15m,1743137100.0,2.271,2.2781,2.262,2.2754,2580935.5,0.0,0.0,0
15m,1743138000.0,2.2754,2.2776,2.266,2.27,1444128.04,0.0,0.0,0
15m,1743138900.0,2.27,2.2748,2.2541,2.2573,1369360.44,0.0,0.0,0
15m,1743139800.0,2.2573,2.2654,2.2554,2.2594,1112246.98,0.0,0.0,0
15m,1743140700.0,2.2594,2.2613,2.246,2.2529,2020606.43,0.0,0.0,0
15m,1743141600.0,2.2529,2.2662,2.2486,2.2657,1388566.01,0.0,0.0,0
15m,1743142500.0,2.2657,2.2679,2.2608,2.2653,882853.21,0.0,0.0,0
15m,1743143400.0,2.2653,2.2656,2.2469,2.2492,1095725.5,0.0,0.0,0
15m,1743144300.0,2.2492,2.2527,2.2388,2.2393,1535872.67,0.0,0.0,0
15m,1743145200.0,2.2393,2.2502,2.2365,2.2421,1596731.21,0.0,0.0,0
15m,1743146100.0,2.2421,2.2498,2.2389,2.2439,1414524.38,0.0,0.0,0
15m,1743147000.0,2.2439,2.2465,2.2323,2.2337,2062124.18,0.0,0.0,0
15m,1743147900.0,2.2337,2.2381,2.2171,2.2212,4316647.96,0.0,0.0,0
15m,1743148800.0,2.2212,2.2413,2.2186,2.2356,2828135.44,0.0,0.0,0
15m,1743149700.0,2.2356,2.2431,2.2258,2.2262,1553967.49,0.0,0.0,0
15m,1743150600.0,2.2262,2.233,2.2231,2.2316,1812388.3,0.0,0.0,0
15m,1743151500.0,2.2316,2.2393,2.2316,2.233,1080079.55,0.0,0.0,0
15m,1743152400.0,2.233,2.2363,2.2208,2.221,1392552.74,0.0,0.0,0
15m,1743153300.0,2.221,2.2324,2.2184,2.2321,1169692.36,0.0,0.0,0
15m,1743154200.0,2.2321,2.2391,2.2276,2.2302,1061425.61,0.0,0.0,0
15m,1743155100.0,2.2302,2.2311,2.2218,2.2225,795279.46,0.0,0.0,0
15m,1743156000.0,2.2225,2.2304,2.2172,2.2252,977040.11,0.0,0.0,0
15m,1743156900.0,2.2252,2.2287,2.2169,2.2286,827417.41,0.0,0.0,0
15m,1743157800.0,2.2286,2.2305,2.2194,2.2206,1038177.83,0.0,0.0,0
15m,1743158700.0,2.2206,2.2219,2.2032,2.2077,1915323.83,0.0,0.0,0
15m,1743159600.0,2.2077,2.2097,2.1957,2.1959,1777217.01,0.0,0.0,0
15m,1743160500.0,2.1959,2.2161,2.1933,2.2092,3216298.18,0.0,0.0,0
15m,1743161400.0,2.2092,2.2192,2.2077,2.2152,2306155.74,0.0,0.0,0
15m,1743162300.0,2.2152,2.2281,2.2139,2.2268,1297196.89,0.0,0.0,0
15m,1743163200.0,2.2268,2.2326,2.221,2.2266,1350603.64,0.0,0.0,0
15m,1743164100.0,2.2266,2.2405,2.2226,2.2403,1383988.53,0.0,0.0,0
15m,1743165000.0,2.2403,2.2462,2.2109,2.2184,4202754.38,0.0,0.0,0
15m,1743165900.0,2.2184,2.2233,2.2099,2.212,721838.74,0.0,0.0,0
15m,1743166800.0,2.212,2.2191,2.2077,2.215,539068.44,0.0,0.0,0
15m,1743167700.0,2.215,2.2227,2.2077,2.2088,1238443.91,0.0,0.0,0
15m,1743168600.0,2.2088,2.2183,2.2015,2.2105,2232108.82,0.0,0.0,0
15m,1743169500.0,2.2105,2.2143,2.19,2.1968,2245387.31,0.0,0.0,0
15m,1743170400.0,2.1968,2.2039,2.1748,2.1835,2195528.52,0.0,0.0,0
15m,1743171300.0,2.1835,2.1997,2.1813,2.1951,1318866.02,0.0,0.0,0
15m,1743172200.0,2.1951,2.2068,2.1919,2.2037,1278501.49,0.0,0.0,0
15m,1743173100.0,2.2037,2.2063,2.1951,2.1985,1070288.23,0.0,0.0,0
15m,1743174000.0,2.1985,2.1991,2.1857,2.1935,1522031.07,0.0,0.0,0
15m,1743174900.0,2.1935,2.1986,2.1834,2.186,964662.19,0.0,0.0,0
15m,1743175800.0,2.186,2.1973,2.1843,2.188,869765.27,0.0,0.0,0
15m,1743176700.0,2.188,2.1905,2.1772,2.1785,416926.3,0.0,0.0,0
15m,1743177600.0,2.1785,2.1902,2.1743,2.1856,1374898.5,0.0,0.0,0
15m,1743178500.0,2.1856,2.1898,2.1744,2.184,480812.47,0.0,0.0,0
15m,1743179400.0,2.184,2.1859,2.1688,2.1704,789539.92,0.0,0.0,0
15m,1743180300.0,2.1704,2.1717,2.1536,2.1643,673885.61,0.0,0.0,0
15m,1743181200.0,2.1643,2.1707,2.1604,2.1675,798562.1,0.0,0.0,0
15m,1743182100.0,2.1675,2.1788,2.1633,2.1658,402771.96,0.0,0.0,0
15m,1743183000.0,2.1658,2.1718,2.1593,2.1693,299373.39,0.0,0.0,0
15m,1743183900.0,2.1693,2.1808,2.1682,2.1805,202450.37,0.0,0.0,0
15m,1743184800.0,2.1805,2.1931,2.179,2.1895,705801.09,0.0,0.0,0
15m,1743185700.0,2.1895,2.1918,2.1803,2.1834,700368.5,0.0,0.0,0
15m,1743186600.0,2.1834,2.1917,2.1829,2.1898,176457.62,0.0,0.0,0
15m,1743187500.0,2.1898,2.1903,2.1783,2.1833,260544.63,0.0,0.0,0
15m,1743188400.0,2.1833,2.1843,2.1779,2.1835,314737.67,0.0,0.0,0
15m,1743189300.0,2.1835,2.1839,2.1741,2.177,299127.83,0.0,0.0,0
15m,1743190200.0,2.177,2.1799,2.1693,2.1724,892449.61,0.0,0.0,0
15m,1743191100.0,2.1724,2.1822,2.1692,2.1802,952248.05,0.0,0.0,0
15m,1743192000.0,2.1802,2.1923,2.1801,2.1857,424215.54,0.0,0.0,0
15m,1743192900.0,2.1857,2.1927,2.1846,2.1916,282480.11,0.0,0.0,0
15m,1743193800.0,2.1916,2.1977,2.1855,2.1916,693792.43,0.0,0.0,0
15m,1743194700.0,2.1916,2.1923,2.1672,2.1734,490501.08,0.0,0.0,0
15m,1743195600.0,2.1734,2.1775,2.1622,2.1751,498626.51,0.0,0.0,0
15m,1743196500.0,2.1751,2.1764,2.1588,2.1759,354576.99,0.0,0.0,0
15m,1743197400.0,2.1759,2.186,2.1749,2.182,448953.16,0.0,0.0,0
15m,1743198300.0,2.182,2.183,2.1727,2.1828,284506.81,0.0,0.0,0
15m,1743199200.0,2.1828,2.1927,2.1819,2.1905,285493.71,0.0,0.0,0
15m,1743200100.0,2.1905,2.1929,2.1849,2.1901,233658.15,0.0,0.0,0
15m,1743201000.0,2.1901,2.1993,2.1897,2.1969,278522.11,0.0,0.0,0
15m,1743201900.0,2.1969,2.2067,2.1959,2.2067,586256.76,0.0,0.0,0
15m,1743202800.0,2.2067,2.2119,2.204,2.2045,903612.74,0.0,0.0,0
15m,1743203700.0,2.2045,2.2056,2.1968,2.1996,240059.2,0.0,0.0,0
15m,1743204600.0,2.1996,2.2074,2.1972,2.2056,191648.11,0.0,0.0,0
15m,1743205500.0,2.2056,2.2073,2.2011,2.2071,236417.3,0.0,0.0,0
15m,1743206400.0,2.2071,2.2138,2.2004,2.2138,755573.95,0.0,0.0,0
15m,1743207300.0,2.2138,2.2178,2.2092,2.2152,970632.53,0.0,0.0,0
15m,1743208200.0,2.2152,2.2256,2.212,2.2218,520068.55,0.0,0.0,0
15m,1743209100.0,2.2218,2.2224,2.2041,2.2069,413561.19,0.0,0.0,0
15m,1743210000.0,2.2069,2.2172,2.2059,2.2129,222063.48,0.0,0.0,0
15m,1743210900.0,2.2129,2.2133,2.1971,2.1979,278775.53,0.0,0.0,0
15m,1743211800.0,2.1979,2.2037,2.1923,2.1926,307612.88,0.0,0.0,0
15m,1743212700.0,2.1926,2.1937,2.183,2.1921,347733.95,0.0,0.0,0
15m,1743213600.0,2.1921,2.199,2.1915,2.1944,332658.11,0.0,0.0,0
15m,1743214500.0,2.1944,2.1952,2.1819,2.1833,185128.62,0.0,0.0,0
15m,1743215400.0,2.1833,2.1881,2.1693,2.1693,391364.57,0.0,0.0,0
15m,1743216300.0,2.1693,2.1756,2.1607,2.1613,390152.95,0.0,0.0,0
15m,1743217200.0,2.1613,2.166,2.1289,2.1398,2333191.98,0.0,0.0,0
15m,1743218100.0,2.1398,2.1543,2.1391,2.1479,513923.18,0.0,0.0,0
15m,1743219000.0,2.1479,2.1726,2.1479,2.1713,527311.11,0.0,0.0,0
15m,1743219900.0,2.1713,2.1796,2.1678,2.1761,366526.26,0.0,0.0,0
15m,1743220800.0,2.1761,2.1861,2.1723,2.1784,375668.53,0.0,0.0,0
15m,1743221700.0,2.1784,2.1785,2.1622,2.1668,912992.83,0.0,0.0,0
15m,1743222600.0,2.1668,2.1728,2.1585,2.1645,260780.68,0.0,0.0,0
15m,1743223500.0,2.1645,2.167,2.1602,2.1666,162117.83,0.0,0.0,0
15m,1743224400.0,2.1666,2.1668,2.1549,2.1605,702379.38,0.0,0.0,0
15m,1743225300.0,2.1605,2.1617,2.1436,2.145,333163.21,0.0,0.0,0
15m,1743226200.0,2.145,2.1539,2.1402,2.1539,444833.91,0.0,0.0,0
15m,1743227100.0,2.1539,2.1568,2.1468,2.1553,177331.69,0.0,0.0,0
15m,1743228000.0,2.1553,2.1556,2.131,2.1325,567617.06,0.0,0.0,0
15m,1743228900.0,2.1325,2.1367,2.1249,2.1309,627352.95,0.0,0.0,0
15m,1743229800.0,2.1309,2.1496,2.1307,2.1474,533164.93,0.0,0.0,0
15m,1743230700.0,2.1474,2.1481,2.1345,2.136,279724.17,0.0,0.0,0
15m,1743231600.0,2.136,2.1366,2.1144,2.1272,1030485.64,0.0,0.0,0
15m,1743232500.0,2.1272,2.1384,2.1196,2.1371,402762.87,0.0,0.0,0
15m,1743233400.0,2.1371,2.1385,2.1201,2.1276,717572.94,0.0,0.0,0
15m,1743234300.0,2.1276,2.1313,2.1108,2.1219,676569.26,0.0,0.0,0
15m,1743235200.0,2.1219,2.1335,2.1177,2.1279,914446.5,0.0,0.0,0
15m,1743236100.0,2.1279,2.1358,2.1199,2.1285,598703.82,0.0,0.0,0
15m,1743237000.0,2.1285,2.1432,2.1285,2.1397,809010.19,0.0,0.0,0
15m,1743237900.0,2.1397,2.1432,2.1338,2.1397,328353.89,0.0,0.0,0
15m,1743238800.0,2.1397,2.1436,2.1271,2.1273,424530.61,0.0,0.0,0
15m,1743239700.0,2.1273,2.1274,2.1154,2.1174,667513.0,0.0,0.0,0
15m,1743240600.0,2.1174,2.1228,2.0874,2.094,2556938.43,0.0,0.0,0
15m,1743241500.0,2.094,2.1081,2.088,2.1037,1385039.07,0.0,0.0,0
15m,1743242400.0,2.1037,2.1058,2.0873,2.1006,633777.31,0.0,0.0,0
15m,1743243300.0,2.1006,2.1072,2.0919,2.0937,583356.77,0.0,0.0,0
15m,1743244200.0,2.0937,2.0945,2.0778,2.0828,1280753.22,0.0,0.0,0
15m,1743245100.0,2.0828,2.0859,2.0708,2.0725,1543829.82,0.0,0.0,0
15m,1743246000.0,2.0725,2.0882,2.067,2.0876,693413.88,0.0,0.0,0
15m,1743246900.0,2.0876,2.0891,2.0623,2.0739,1281713.87,0.0,0.0,0
15m,1743247800.0,2.0739,2.077,2.0614,2.0628,1231391.32,0.0,0.0,0
15m,1743248700.0,2.0628,2.0877,2.0609,2.0868,3197647.42,0.0,0.0,0
15m,1743249600.0,2.0868,2.1018,2.0818,2.0995,1888734.29,0.0,0.0,0
15m,1743250500.0,2.0995,2.1112,2.0961,2.1034,975201.87,0.0,0.0,0
15m,1743251400.0,2.1034,2.1092,2.0916,2.1003,765626.46,0.0,0.0,0
15m,1743252300.0,2.1003,2.1051,2.0937,2.1034,324866.59,0.0,0.0,0
15m,1743253200.0,2.1034,2.131,2.1026,2.126,1567281.08,0.0,0.0,0
15m,1743254100.0,2.126,2.1332,2.1198,2.1292,1143049.42,0.0,0.0,0
15m,1743255000.0,2.1292,2.13,2.1174,2.1224,720353.86,0.0,0.0,0
15m,1743255900.0,2.1224,2.1407,2.1213,2.1377,955292.84,0.0,0.0,0
15m,1743256800.0,2.1377,2.1382,2.1168,2.121,819612.03,0.0,0.0,0
15m,1743257700.0,2.121,2.1227,2.1095,2.116,573139.78,0.0,0.0,0
15m,1743258600.0,2.116,2.1297,2.1139,2.1241,227986.11,0.0,0.0,0
15m,1743259500.0,2.1241,2.1251,2.1151,2.1171,181482.41,0.0,0.0,0
15m,1743260400.0,2.1171,2.1253,2.117,2.124,213003.54,0.0,0.0,0
15m,1743261300.0,2.124,2.1283,2.1141,2.1191,288624.29,0.0,0.0,0
15m,1743262200.0,2.1191,2.1198,2.1071,2.1095,463823.78,0.0,0.0,0
15m,1743263100.0,2.1095,2.1154,2.1052,2.1074,373270.61,0.0,0.0,0
15m,1743264000.0,2.1074,2.1193,2.107,2.1174,394018.89,0.0,0.0,0
15m,1743264900.0,2.1174,2.1175,2.1029,2.1067,855063.39,0.0,0.0,0
15m,1743265800.0,2.1067,2.1179,2.1053,2.1089,328415.05,0.0,0.0,0
15m,1743266700.0,2.1089,2.1122,2.0924,2.0969,1052243.0,0.0,0.0,0
15m,1743267600.0,2.0969,2.1013,2.0826,2.0846,920959.22,0.0,0.0,0
15m,1743268500.0,2.0846,2.1034,2.0717,2.1011,1641400.22,0.0,0.0,0
15m,1743269400.0,2.1011,2.1357,2.0993,2.1002,2265651.49,0.0,0.0,0
15m,1743270300.0,2.1002,2.1173,2.0986,2.1122,922547.83,0.0,0.0,0
15m,1743271200.0,2.1122,2.126,2.1087,2.122,490532.11,0.0,0.0,0
15m,1743272100.0,2.122,2.1238,2.1122,2.1204,604105.08,0.0,0.0,0
15m,1743273000.0,2.1204,2.1329,2.1161,2.1294,710799.35,0.0,0.0,0
15m,1743273900.0,2.1294,2.1329,2.1153,2.1187,428919.78,0.0,0.0,0
15m,1743274800.0,2.1187,2.1267,2.1158,2.118,227020.48,0.0,0.0,0
15m,1743275700.0,2.118,2.1218,2.1118,2.1197,224169.45,0.0,0.0,0
15m,1743276600.0,2.1197,2.1242,2.1116,2.1206,232672.61,0.0,0.0,0
15m,1743277500.0,2.1206,2.1323,2.1194,2.1323,372367.46,0.0,0.0,0
15m,1743278400.0,2.1323,2.1323,2.1176,2.1197,415927.59,0.0,0.0,0
15m,1743279300.0,2.1197,2.1284,2.1169,2.1215,244853.62,0.0,0.0,0
15m,1743280200.0,2.1215,2.1272,2.1132,2.1135,519204.08,0.0,0.0,0
15m,1743281100.0,2.1135,2.1156,2.1016,2.1028,418937.36,0.0,0.0,0
15m,1743282000.0,2.1028,2.1216,2.102,2.1212,337629.98,0.0,0.0,0
15m,1743282900.0,2.1212,2.1249,2.1115,2.1123,223256.59,0.0,0.0,0
15m,1743283800.0,2.1123,2.1155,2.1026,2.1147,339345.9,0.0,0.0,0
15m,1743284700.0,2.1147,2.1232,2.1108,2.1172,109066.4,0.0,0.0,0
15m,1743285600.0,2.1172,2.1217,2.1151,2.1211,211468.24,0.0,0.0,0
15m,1743286500.0,2.1211,2.1261,2.118,2.1253,110454.51,0.0,0.0,0
15m,1743287400.0,2.1253,2.1266,2.1176,2.1186,109674.72,0.0,0.0,0
15m,1743288300.0,2.1186,2.1196,2.1108,2.1175,170612.27,0.0,0.0,0
15m,1743289200.0,2.1175,2.1228,2.1147,2.1222,162384.79,0.0,0.0,0
15m,1743290100.0,2.1222,2.1293,2.1222,2.1279,90839.84,0.0,0.0,0
15m,1743291000.0,2.1279,2.1311,2.1237,2.1307,103711.46,0.0,0.0,0
15m,1743291900.0,2.1307,2.1424,2.1303,2.1352,237642.9,0.0,0.0,0
15m,1743292800.0,2.1352,2.138,2.1254,2.1371,273153.8,0.0,0.0,0
15m,1743293700.0,2.1371,2.1402,2.1285,2.13,158883.37,0.0,0.0,0
15m,1743294600.0,2.13,2.13,2.116,2.1217,330564.69,0.0,0.0,0
15m,1743295500.0,2.1217,2.1379,2.1209,2.1349,397791.46,0.0,0.0,0
15m,1743296400.0,2.1349,2.1579,2.1334,2.1513,710982.62,0.0,0.0,0
15m,1743297300.0,2.1513,2.1546,2.1438,2.1533,452282.26,0.0,0.0,0
15m,1743298200.0,2.1533,2.1671,2.1517,2.1566,1079608.17,0.0,0.0,0
15m,1743299100.0,2.1566,2.1665,2.1526,2.165,360632.31,0.0,0.0,0
15m,1743300000.0,2.165,2.1802,2.163,2.1724,1099276.12,0.0,0.0,0
15m,1743300900.0,2.1724,2.1827,2.171,2.1745,514966.63,0.0,0.0,0
15m,1743301800.0,2.1745,2.1975,2.1694,2.1928,703652.79,0.0,0.0,0
15m,1743302700.0,2.1928,2.1967,2.1857,2.1902,495984.1,0.0,0.0,0
15m,1743303600.0,2.1902,2.203,2.1873,2.198,705033.2,0.0,0.0,0
15m,1743304500.0,2.198,2.2139,2.1916,2.2103,1449416.51,0.0,0.0,0
15m,1743305400.0,2.2103,2.2114,2.1855,2.187,1386280.88,0.0,0.0,0
15m,1743306300.0,2.187,2.1975,2.1801,2.1822,1123594.44,0.0,0.0,0
15m,1743307200.0,2.1822,2.1937,2.1815,2.1909,376923.92,0.0,0.0,0
15m,1743308100.0,2.1909,2.1943,2.1771,2.1772,605452.63,0.0,0.0,0
15m,1743309000.0,2.1772,2.1863,2.173,2.1837,363642.96,0.0,0.0,0
15m,1743309900.0,2.1837,2.1884,2.1768,2.1782,184252.56,0.0,0.0,0
15m,1743310800.0,2.1782,2.1845,2.1742,2.1832,417338.91,0.0,0.0,0
15m,1743311700.0,2.1832,2.1895,2.1788,2.1871,124007.93,0.0,0.0,0
15m,1743312600.0,2.1871,2.1918,2.185,2.1859,328064.6,0.0,0.0,0
15m,1743313500.0,2.1859,2.188,2.1762,2.1789,406397.24,0.0,0.0,0
15m,1743314400.0,2.1789,2.1789,2.1687,2.1693,287348.56,0.0,0.0,0
15m,1743315300.0,2.1693,2.17,2.16,2.1645,754209.51,0.0,0.0,0
15m,1743316200.0,2.1645,2.1818,2.1645,2.1806,265219.03,0.0,0.0,0
15m,1743317100.0,2.1806,2.1843,2.1744,2.1791,246122.19,0.0,0.0,0
15m,1743318000.0,2.1791,2.1912,2.1789,2.1903,223071.39,0.0,0.0,0
15m,1743318900.0,2.1903,2.1934,2.1881,2.1896,263197.06,0.0,0.0,0
15m,1743319800.0,2.1896,2.1908,2.1825,2.1827,725794.96,0.0,0.0,0
15m,1743320700.0,2.1827,2.1841,2.1733,2.1761,365782.53,0.0,0.0,0
15m,1743321600.0,2.1761,2.1825,2.1744,2.1825,166060.6,0.0,0.0,0
15m,1743322500.0,2.1825,2.1862,2.1805,2.1838,265657.18,0.0,0.0,0
15m,1743323400.0,2.1838,2.1908,2.1835,2.1864,461867.15,0.0,0.0,0
15m,1743324300.0,2.1864,2.1992,2.1864,2.1965,425471.35,0.0,0.0,0
15m,1743325200.0,2.1965,2.199,2.19,2.1925,205485.81,0.0,0.0,0
15m,1743326100.0,2.1925,2.1945,2.1881,2.1923,682270.83,0.0,0.0,0
15m,1743327000.0,2.1923,2.194,2.179,2.1814,807472.48,0.0,0.0,0
15m,1743327900.0,2.1814,2.1855,2.1776,2.1803,614043.46,0.0,0.0,0
15m,1743328800.0,2.1803,2.1874,2.1776,2.184,307384.1,0.0,0.0,0
15m,1743329700.0,2.184,2.1843,2.1649,2.1684,677549.46,0.0,0.0,0
15m,1743330600.0,2.1684,2.1698,2.1543,2.155,617292.51,0.0,0.0,0
15m,1743331500.0,2.155,2.1637,2.1542,2.16,349054.62,0.0,0.0,0
15m,1743332400.0,2.16,2.1728,2.1594,2.1721,377873.82,0.0,0.0,0
15m,1743333300.0,2.1721,2.1758,2.1592,2.1644,422838.05,0.0,0.0,0
15m,1743334200.0,2.1644,2.1678,2.1573,2.1643,231528.09,0.0,0.0,0
15m,1743335100.0,2.1643,2.1667,2.1601,2.1627,198784.23,0.0,0.0,0
15m,1743336000.0,2.1627,2.1655,2.1551,2.1617,169820.84,0.0,0.0,0
15m,1743336900.0,2.1617,2.1695,2.1594,2.1673,121452.8,0.0,0.0,0
15m,1743337800.0,2.1673,2.1687,2.1566,2.1571,176684.51,0.0,0.0,0
15m,1743338700.0,2.1571,2.16,2.1533,2.1579,206694.56,0.0,0.0,0
15m,1743339600.0,2.1579,2.1585,2.1459,2.1526,867644.41,0.0,0.0,0
15m,1743340500.0,2.1526,2.16,2.1426,2.1431,683093.25,0.0,0.0,0
15m,1743341400.0,2.1431,2.1466,2.128,2.144,1519300.69,0.0,0.0,0
15m,1743342300.0,2.144,2.1473,2.1265,2.1286,520358.89,0.0,0.0,0
15m,1743343200.0,2.1286,2.1339,2.123,2.1327,512301.84,0.0,0.0,0
15m,1743344100.0,2.1327,2.145,2.1303,2.1382,368412.25,0.0,0.0,0
15m,1743345000.0,2.1382,2.143,2.1338,2.1413,327528.91,0.0,0.0,0
15m,1743345900.0,2.1413,2.1522,2.1398,2.1433,529588.67,0.0,0.0,0
15m,1743346800.0,2.1433,2.1523,2.1413,2.1515,217863.34,0.0,0.0,0
15m,1743347700.0,2.1515,2.1582,2.1438,2.1466,478442.61,0.0,0.0,0
15m,1743348600.0,2.1466,2.1489,2.1374,2.1416,194449.46,0.0,0.0,0
15m,1743349500.0,2.1416,2.1454,2.1364,2.1378,171316.58,0.0,0.0,0
15m,1743350400.0,2.1378,2.145,2.1368,2.1448,274726.14,0.0,0.0,0
15m,1743351300.0,2.1448,2.147,2.1352,2.1356,225816.16,0.0,0.0,0
15m,1743352200.0,2.1356,2.1361,2.1232,2.1298,575519.34,0.0,0.0,0
15m,1743353100.0,2.1298,2.1328,2.1168,2.1239,938296.79,0.0,0.0,0
15m,1743354000.0,2.1239,2.134,2.1152,2.1315,756546.4,0.0,0.0,0
15m,1743354900.0,2.1315,2.1385,2.1292,2.133,216821.34,0.0,0.0,0
15m,1743355800.0,2.133,2.1373,2.1281,2.1293,170253.36,0.0,0.0,0
15m,1743356700.0,2.1293,2.1324,2.1264,2.1314,125026.8,0.0,0.0,0
15m,1743357600.0,2.1314,2.1471,2.1301,2.1417,446201.33,0.0,0.0,0
15m,1743358500.0,2.1417,2.1499,2.1404,2.1498,342193.5,0.0,0.0,0
15m,1743359400.0,2.1498,2.1509,2.1379,2.1403,214383.17,0.0,0.0,0
15m,1743360300.0,2.1403,2.1608,2.1394,2.1598,776817.87,0.0,0.0,0
15m,1743361200.0,2.1598,2.1709,2.1547,2.1564,1180867.41,0.0,0.0,0
15m,1743362100.0,2.1564,2.1579,2.1486,2.1495,332710.93,0.0,0.0,0
15m,1743363000.0,2.1495,2.1523,2.1477,2.1477,142146.31,0.0,0.0,0
15m,1743363900.0,2.1477,2.1485,2.1416,2.1435,134073.17,0.0,0.0,0
15m,1743364800.0,2.1435,2.1461,2.1353,2.1451,231347.06,0.0,0.0,0
15m,1743365700.0,2.1451,2.1488,2.1423,2.1423,144104.31,0.0,0.0,0
15m,1743366600.0,2.1423,2.1454,2.1329,2.1365,157395.95,0.0,0.0,0
15m,1743367500.0,2.1365,2.1381,2.1323,2.1369,108980.5,0.0,0.0,0
15m,1743368400.0,2.1369,2.1568,2.1369,2.1563,339832.7,0.0,0.0,0
15m,1743369300.0,2.1563,2.1563,2.148,2.152,184453.09,0.0,0.0,0
15m,1743370200.0,2.152,2.1521,2.1412,2.146,154679.34,0.0,0.0,0
15m,1743371100.0,2.146,2.1462,2.1222,2.1322,438854.4,0.0,0.0,0
15m,1743372000.0,2.1322,2.1322,2.1073,2.1189,921503.57,0.0,0.0,0
15m,1743372900.0,2.1189,2.1335,2.113,2.1324,575843.16,0.0,0.0,0
15m,1743373800.0,2.1324,2.1638,2.1311,2.1491,565678.48,0.0,0.0,0
15m,1743374700.0,2.1491,2.1551,2.1389,2.1403,760940.82,0.0,0.0,0
15m,1743375600.0,2.1403,2.1414,2.1282,2.1346,443741.24,0.0,0.0,0
15m,1743376500.0,2.1346,2.1358,2.1228,2.1232,309329.47,0.0,0.0,0
15m,1743377400.0,2.1232,2.1419,2.1207,2.1396,319707.28,0.0,0.0,0
15m,1743378300.0,2.1396,2.1416,2.1293,2.1368,204238.11,0.0,0.0,0
15m,1743379200.0,2.1368,2.1408,2.1274,2.1293,366073.58,0.0,0.0,0
15m,1743380100.0,2.1293,2.1326,2.1087,2.1103,698321.97,0.0,0.0,0
15m,1743381000.0,2.1103,2.1111,2.0805,2.0834,2405782.45,0.0,0.0,0
15m,1743381900.0,2.0834,2.0958,2.0813,2.0907,2426884.06,0.0,0.0,0
15m,1743382800.0,2.0907,2.1115,2.0875,2.1008,561613.25,0.0,0.0,0
15m,1743383700.0,2.1008,2.1307,2.0974,2.1239,810844.86,0.0,0.0,0
15m,1743384600.0,2.1239,2.1246,2.1106,2.1188,390414.89,0.0,0.0,0
15m,1743385500.0,2.1188,2.1234,2.1067,2.12,548032.53,0.0,0.0,0
15m,1743386400.0,2.12,2.1236,2.0994,2.1022,358269.55,0.0,0.0,0
15m,1743387300.0,2.1022,2.1099,2.0917,2.0956,452147.82,0.0,0.0,0
15m,1743388200.0,2.0956,2.1137,2.0926,2.1098,412525.81,0.0,0.0,0
15m,1743389100.0,2.1098,2.1221,2.1031,2.1035,867516.24,0.0,0.0,0
15m,1743390000.0,2.1035,2.1106,2.0925,2.0935,1025814.52,0.0,0.0,0
15m,1743390900.0,2.0935,2.0996,2.0863,2.0977,455833.29,0.0,0.0,0
15m,1743391800.0,2.0977,2.1019,2.0839,2.0842,1144651.98,0.0,0.0,0
15m,1743392700.0,2.0842,2.0875,2.0788,2.081,825045.98,0.0,0.0,0
15m,1743393600.0,2.081,2.093,2.0801,2.0879,515389.03,0.0,0.0,0
15m,1743394500.0,2.0879,2.0888,2.0711,2.077,538029.92,0.0,0.0,0
15m,1743395400.0,2.077,2.0918,2.0743,2.0912,750304.66,0.0,0.0,0
15m,1743396300.0,2.0912,2.097,2.0804,2.0891,387618.8,0.0,0.0,0
15m,1743397200.0,2.0891,2.1064,2.0875,2.1059,678212.36,0.0,0.0,0
15m,1743398100.0,2.1059,2.1144,2.099,2.1092,994978.29,0.0,0.0,0
15m,1743399000.0,2.1092,2.1107,2.0997,2.1043,280467.91,0.0,0.0,0
15m,1743399900.0,2.1043,2.1079,2.0989,2.1017,283442.9,0.0,0.0,0
15m,1743400800.0,2.1017,2.1059,2.0825,2.0828,856612.79,0.0,0.0,0
15m,1743401700.0,2.0828,2.0923,2.0766,2.079,672166.06,0.0,0.0,0
15m,1743402600.0,2.079,2.0838,2.0726,2.0826,689514.78,0.0,0.0,0
15m,1743403500.0,2.0826,2.0859,2.0771,2.0786,797457.33,0.0,0.0,0
15m,1743404400.0,2.0786,2.0957,2.0693,2.0743,922539.5,0.0,0.0,0
15m,1743405300.0,2.0743,2.0753,2.0592,2.0677,1955922.27,0.0,0.0,0
15m,1743406200.0,2.0677,2.0697,2.0563,2.0614,923076.5,0.0,0.0,0
15m,1743407100.0,2.0614,2.066,2.0539,2.0658,752648.12,0.0,0.0,0
15m,1743408000.0,2.0658,2.079,2.0648,2.0732,595144.59,0.0,0.0,0
15m,1743408900.0,2.0732,2.074,2.0592,2.0711,602434.92,0.0,0.0,0
15m,1743409800.0,2.0711,2.0788,2.0683,2.0689,475696.01,0.0,0.0,0
15m,1743410700.0,2.0689,2.074,2.0536,2.0555,817040.73,0.0,0.0,0
15m,1743411600.0,2.0555,2.078,2.0485,2.0534,2230263.78,0.0,0.0,0
15m,1743412500.0,2.0534,2.0667,2.0533,2.0658,800381.71,0.0,0.0,0
15m,1743413400.0,2.0658,2.0678,2.0414,2.0477,1206481.88,0.0,0.0,0
15m,1743414300.0,2.0477,2.0486,2.0338,2.0444,1476070.36,0.0,0.0,0
15m,1743415200.0,2.0444,2.0516,2.0245,2.0331,2004063.07,0.0,0.0,0
15m,1743416100.0,2.0331,2.0523,2.0242,2.0493,1058849.48,0.0,0.0,0
15m,1743417000.0,2.0493,2.0585,2.0404,2.058,503921.72,0.0,0.0,0
15m,1743417900.0,2.058,2.0735,2.0578,2.0716,903401.45,0.0,0.0,0
15m,1743418800.0,2.0716,2.0766,2.0583,2.0647,679628.23,0.0,0.0,0
15m,1743419700.0,2.0647,2.0712,2.0537,2.0539,417937.04,0.0,0.0,0
15m,1743420600.0,2.0539,2.0661,2.0525,2.0659,277343.51,0.0,0.0,0
15m,1743421500.0,2.0659,2.094,2.0647,2.0823,1706311.54,0.0,0.0,0
15m,1743422400.0,2.0823,2.0897,2.073,2.073,351971.71,0.0,0.0,0
15m,1743423300.0,2.073,2.0832,2.0703,2.0821,345448.14,0.0,0.0,0
15m,1743424200.0,2.0821,2.1024,2.0782,2.1005,1069986.68,0.0,0.0,0
15m,1743425100.0,2.1005,2.1206,2.0933,2.1031,1899711.04,0.0,0.0,0
15m,1743426000.0,2.1031,2.115,2.0948,2.0965,1762356.61,0.0,0.0,0
15m,1743426900.0,2.0965,2.1012,2.0871,2.0895,596345.42,0.0,0.0,0
15m,1743427800.0,2.0895,2.0925,2.0661,2.0686,1491311.51,0.0,0.0,0
15m,1743428700.0,2.0686,2.0912,2.0596,2.0797,1074211.2,0.0,0.0,0
15m,1743429600.0,2.0797,2.1101,2.0797,2.1045,1378861.66,0.0,0.0,0
15m,1743430500.0,2.1045,2.1115,2.0887,2.0902,729175.0,0.0,0.0,0
15m,1743431400.0,2.0902,2.1136,2.0893,2.1018,757530.47,0.0,0.0,0
15m,1743432300.0,2.1018,2.1236,2.1015,2.1132,1388929.32,0.0,0.0,0
15m,1743433200.0,2.1132,2.1285,2.1127,2.1142,1120937.66,0.0,0.0,0
15m,1743434100.0,2.1142,2.1371,2.1117,2.1293,1656914.79,0.0,0.0,0
15m,1743435000.0,2.1293,2.1413,2.1213,2.1214,783014.91,0.0,0.0,0
15m,1743435900.0,2.1214,2.1299,2.1179,2.119,633878.27,0.0,0.0,0
15m,1743436800.0,2.119,2.1316,2.1133,2.1144,846682.22,0.0,0.0,0
15m,1743437700.0,2.1144,2.1289,2.1117,2.1282,378124.32,0.0,0.0,0
15m,1743438600.0,2.1282,2.1282,2.118,2.1182,376839.38,0.0,0.0,0
15m,1743439500.0,2.1182,2.1221,2.1092,2.1121,506745.05,0.0,0.0,0
15m,1743440400.0,2.1121,2.1264,2.1081,2.1231,556084.18,0.0,0.0,0
15m,1743441300.0,2.1231,2.1239,2.1064,2.1099,631610.63,0.0,0.0,0
15m,1743442200.0,2.1099,2.1124,2.0874,2.0882,869907.04,0.0,0.0,0
15m,1743443100.0,2.0882,2.0988,2.0809,2.0931,1199909.42,0.0,0.0,0
15m,1743444000.0,2.0931,2.1131,2.0931,2.1081,509062.49,0.0,0.0,0
15m,1743444900.0,2.1081,2.1131,2.105,2.1123,395609.72,0.0,0.0,0
15m,1743445800.0,2.1123,2.1246,2.1099,2.1186,280393.88,0.0,0.0,0
15m,1743446700.0,2.1186,2.1205,2.114,2.1151,259278.36,0.0,0.0,0
15m,1743447600.0,2.1151,2.1239,2.1134,2.1207,529782.28,0.0,0.0,0
15m,1743448500.0,2.1207,2.121,2.1059,2.1066,327081.57,0.0,0.0,0
15m,1743449400.0,2.1066,2.11,2.1031,2.1031,207504.46,0.0,0.0,0
15m,1743450300.0,2.1031,2.1032,2.0894,2.0906,568701.53,0.0,0.0,0
15m,1743451200.0,2.0906,2.1044,2.0906,2.1021,633314.31,0.0,0.0,0
15m,1743452100.0,2.1021,2.1052,2.0984,2.1024,356837.13,0.0,0.0,0
15m,1743453000.0,2.1024,2.1035,2.0963,2.0984,115510.02,0.0,0.0,0
15m,1743453900.0,2.0984,2.0984,2.0848,2.0858,352863.17,0.0,0.0,0
15m,1743454800.0,2.0858,2.0932,2.0854,2.0929,279244.32,0.0,0.0,0
15m,1743455700.0,2.0929,2.0931,2.085,2.0888,255893.84,0.0,0.0,0
15m,1743456600.0,2.0888,2.0944,2.0879,2.0913,165203.39,0.0,0.0,0
15m,1743457500.0,2.0913,2.0965,2.0887,2.0897,78387.07,0.0,0.0,0
15m,1743458400.0,2.0897,2.0897,2.0812,2.0833,513235.11,0.0,0.0,0
15m,1743459300.0,2.0833,2.0833,2.0747,2.0796,769679.07,0.0,0.0,0
15m,1743460200.0,2.0796,2.0844,2.0753,2.0838,549289.61,0.0,0.0,0
15m,1743461100.0,2.0838,2.087,2.0816,2.0831,328469.88,0.0,0.0,0
15m,1743462000.0,2.0831,2.0931,2.0819,2.0916,348180.59,0.0,0.0,0
15m,1743462900.0,2.0916,2.099,2.0855,2.0872,265025.98,0.0,0.0,0
15m,1743463800.0,2.0872,2.0952,2.0837,2.0922,390612.44,0.0,0.0,0
15m,1743464700.0,2.0922,2.0922,2.0858,2.0895,378315.99,0.0,0.0,0
15m,1743465600.0,2.0895,2.1068,2.0851,2.0929,544908.85,0.0,0.0,0
15m,1743466500.0,2.0929,2.0997,2.0869,2.0947,463849.84,0.0,0.0,0
15m,1743467400.0,2.0947,2.0955,2.0847,2.0884,216732.7,0.0,0.0,0
15m,1743468300.0,2.0884,2.0902,2.068,2.0786,1107105.66,0.0,0.0,0
15m,1743469200.0,2.0786,2.0795,2.0649,2.0736,429100.93,0.0,0.0,0
15m,1743470100.0,2.0736,2.0838,2.0708,2.0829,164058.12,0.0,0.0,0
15m,1743471000.0,2.0829,2.0845,2.0742,2.0769,162090.41,0.0,0.0,0
15m,1743471900.0,2.0769,2.0849,2.0769,2.0833,190248.99,0.0,0.0,0
15m,1743472800.0,2.0833,2.095,2.0828,2.095,234034.11,0.0,0.0,0
15m,1743473700.0,2.095,2.1031,2.095,2.0976,394542.67,0.0,0.0,0
15m,1743474600.0,2.0976,2.1037,2.0929,2.1033,180966.66,0.0,0.0,0
15m,1743475500.0,2.1033,2.1105,2.1033,2.1099,424779.69,0.0,0.0,0
15m,1743476400.0,2.1099,2.1155,2.1076,2.1124,503570.34,0.0,0.0,0
15m,1743477300.0,2.1124,2.1159,2.1,2.1009,344547.95,0.0,0.0,0
15m,1743478200.0,2.1009,2.1048,2.0979,2.099,211212.54,0.0,0.0,0
15m,1743479100.0,2.099,2.1022,2.0943,2.098,294895.09,0.0,0.0,0
15m,1743480000.0,2.098,2.1039,2.0957,2.0977,969866.94,0.0,0.0,0
15m,1743480900.0,2.0977,2.0985,2.0923,2.0968,252782.09,0.0,0.0,0
15m,1743481800.0,2.0968,2.104,2.0968,2.1032,163782.28,0.0,0.0,0
15m,1743482700.0,2.1032,2.1046,2.1007,2.103,161150.96,0.0,0.0,0
15m,1743483600.0,2.103,2.1094,2.0995,2.1093,257716.78,0.0,0.0,0
15m,1743484500.0,2.1093,2.1195,2.1093,2.1179,808436.0,0.0,0.0,0
15m,1743485400.0,2.1179,2.1202,2.1107,2.1107,257694.57,0.0,0.0,0
15m,1743486300.0,2.1107,2.1117,2.1033,2.1033,236841.79,0.0,0.0,0
15m,1743487200.0,2.1033,2.1047,2.0937,2.0976,955679.98,0.0,0.0,0
15m,1743488100.0,2.0976,2.1031,2.0949,2.0972,648763.16,0.0,0.0,0
15m,1743489000.0,2.0972,2.1065,2.0958,2.1028,711513.83,0.0,0.0,0
15m,1743489900.0,2.1028,2.1041,2.0979,2.0993,563115.58,0.0,0.0,0
15m,1743490800.0,2.0993,2.1166,2.0993,2.1017,742534.07,0.0,0.0,0
15m,1743491700.0,2.1017,2.1018,2.0889,2.093,618238.42,0.0,0.0,0
15m,1743492600.0,2.093,2.1046,2.0896,2.0987,831160.75,0.0,0.0,0
15m,1743493500.0,2.0987,2.1016,2.0902,2.0949,848667.48,0.0,0.0,0
15m,1743494400.0,2.0949,2.1171,2.0946,2.1145,1028210.08,0.0,0.0,0
15m,1743495300.0,2.1145,2.1356,2.1145,2.1344,1996752.27,0.0,0.0,0
15m,1743496200.0,2.1344,2.1451,2.1319,2.1402,1247957.74,0.0,0.0,0
15m,1743497100.0,2.1402,2.1791,2.1395,2.1713,2817001.24,0.0,0.0,0
15m,1743498000.0,2.1713,2.1999,2.171,2.1846,2092766.19,0.0,0.0,0
15m,1743498900.0,2.1846,2.1893,2.1693,2.1731,1417073.09,0.0,0.0,0
15m,1743499800.0,2.1731,2.1869,2.171,2.1814,833728.23,0.0,0.0,0
15m,1743500700.0,2.1814,2.1903,2.1771,2.1858,727293.36,0.0,0.0,0
15m,1743501600.0,2.1858,2.1877,2.1684,2.1731,1362724.1,0.0,0.0,0
15m,1743502500.0,2.1731,2.1827,2.168,2.1692,779967.87,0.0,0.0,0
15m,1743503400.0,2.1692,2.1723,2.1504,2.1536,2390730.74,0.0,0.0,0
15m,1743504300.0,2.1536,2.1611,2.1486,2.1493,556892.96,0.0,0.0,0
15m,1743505200.0,2.1493,2.1522,2.1329,2.1425,821364.49,0.0,0.0,0
15m,1743506100.0,2.1425,2.148,2.1373,2.1396,510689.57,0.0,0.0,0
15m,1743507000.0,2.1396,2.1407,2.1246,2.1333,606041.24,0.0,0.0,0
15m,1743507900.0,2.1333,2.1359,2.1281,2.134,303355.22,0.0,0.0,0
15m,1743508800.0,2.134,2.1493,2.1331,2.146,605580.55,0.0,0.0,0
15m,1743509700.0,2.146,2.149,2.1385,2.1475,344235.7,0.0,0.0,0
15m,1743510600.0,2.1475,2.1497,2.131,2.1344,563166.35,0.0,0.0,0
15m,1743511500.0,2.1344,2.1387,2.1222,2.1327,834113.63,0.0,0.0,0
15m,1743512400.0,2.1327,2.1478,2.1316,2.1435,324461.28,0.0,0.0,0
15m,1743513300.0,2.1435,2.1473,2.1343,2.1471,507121.59,0.0,0.0,0
15m,1743514200.0,2.1471,2.1549,2.1331,2.1487,955955.9,0.0,0.0,0
15m,1743515100.0,2.1487,2.1633,2.1442,2.1527,636035.51,0.0,0.0,0
15m,1743516000.0,2.1527,2.1545,2.109,2.1185,1664016.82,0.0,0.0,0
15m,1743516900.0,2.1185,2.1228,2.0938,2.1098,2235078.89,0.0,0.0,0
15m,1743517800.0,2.1098,2.1416,2.1085,2.1378,1362443.04,0.0,0.0,0
15m,1743518700.0,2.1378,2.1566,2.129,2.1472,1661476.06,0.0,0.0,0
15m,1743519600.0,2.1472,2.1728,2.146,2.171,2008691.6,0.0,0.0,0
15m,1743520500.0,2.171,2.1827,2.1576,2.1594,2238423.58,0.0,0.0,0
15m,1743521400.0,2.1594,2.17,2.1558,2.1608,1386291.34,0.0,0.0,0
15m,1743522300.0,2.1608,2.1711,2.1578,2.1592,689357.07,0.0,0.0,0
15m,1743523200.0,2.1592,2.1649,2.1523,2.1547,736172.07,0.0,0.0,0
15m,1743524100.0,2.1547,2.1694,2.1468,2.1493,628074.72,0.0,0.0,0
15m,1743525000.0,2.1493,2.1547,2.1435,2.146,440532.19,0.0,0.0,0
15m,1743525900.0,2.146,2.1568,2.142,2.151,453525.19,0.0,0.0,0
15m,1743526800.0,2.151,2.154,2.1419,2.1484,415437.79,0.0,0.0,0
15m,1743527700.0,2.1484,2.15,2.1387,2.1424,460888.54,0.0,0.0,0
15m,1743528600.0,2.1424,2.1515,2.1404,2.1419,585136.51,0.0,0.0,0
15m,1743529500.0,2.1419,2.1467,2.1366,2.1439,299512.09,0.0,0.0,0
15m,1743530400.0,2.1439,2.1449,2.1252,2.131,1056423.1,0.0,0.0,0
15m,1743531300.0,2.131,2.1322,2.1213,2.1308,528058.48,0.0,0.0,0
15m,1743532200.0,2.1308,2.1412,2.129,2.1409,392709.82,0.0,0.0,0
15m,1743533100.0,2.1409,2.1411,2.1277,2.1344,230710.99,0.0,0.0,0
15m,1743534000.0,2.1344,2.1405,2.1315,2.1366,149526.95,0.0,0.0,0
15m,1743534900.0,2.1366,2.1399,2.1268,2.1269,123866.2,0.0,0.0,0
15m,1743535800.0,2.1269,2.1385,2.1266,2.1363,296617.91,0.0,0.0,0
15m,1743536700.0,2.1363,2.1441,2.1354,2.139,175666.79,0.0,0.0,0
15m,1743537600.0,2.139,2.1418,2.132,2.1405,150656.45,0.0,0.0,0
15m,1743538500.0,2.1405,2.1446,2.1229,2.1258,200726.13,0.0,0.0,0
15m,1743539400.0,2.1258,2.1319,2.1215,2.1287,245497.49,0.0,0.0,0
15m,1743540300.0,2.1287,2.1454,2.1287,2.1396,500885.33,0.0,0.0,0
15m,1743541200.0,2.1396,2.1489,2.1358,2.1459,217771.45,0.0,0.0,0
15m,1743542100.0,2.1459,2.1512,2.1442,2.147,340674.23,0.0,0.0,0
15m,1743543000.0,2.147,2.152,2.1408,2.1501,244842.96,0.0,0.0,0
15m,1743543900.0,2.1501,2.151,2.1416,2.1432,156652.31,0.0,0.0,0
15m,1743544800.0,2.1432,2.1515,2.1387,2.1474,709813.32,0.0,0.0,0
15m,1743545700.0,2.1474,2.154,2.1455,2.1505,264979.58,0.0,0.0,0
15m,1743546600.0,2.1505,2.1528,2.146,2.1467,214385.4,0.0,0.0,0
15m,1743547500.0,2.1467,2.1517,2.1438,2.144,256594.54,0.0,0.0,0
15m,1743548400.0,2.144,2.1443,2.1271,2.132,243827.94,0.0,0.0,0
15m,1743549300.0,2.132,2.143,2.1319,2.1429,104419.78,0.0,0.0,0
15m,1743550200.0,2.1429,2.1493,2.1381,2.1415,183080.78,0.0,0.0,0
15m,1743551100.0,2.1415,2.1421,2.1354,2.1389,437150.63,0.0,0.0,0
15m,1743552000.0,2.1389,2.1399,2.1285,2.129,158525.99,0.0,0.0,0
15m,1743552900.0,2.129,2.1345,2.1235,2.1235,1030727.88,0.0,0.0,0
15m,1743553800.0,2.1235,2.1322,2.1232,2.1241,308826.6,0.0,0.0,0
15m,1743554700.0,2.1241,2.1302,2.1098,2.1149,756175.9,0.0,0.0,0
15m,1743555600.0,2.1149,2.1157,2.104,2.1088,693724.38,0.0,0.0,0
15m,1743556500.0,2.1088,2.1148,2.1034,2.1068,285411.18,0.0,0.0,0
15m,1743557400.0,2.1068,2.1195,2.1045,2.1147,300890.75,0.0,0.0,0
15m,1743558300.0,2.1147,2.1158,2.1064,2.1101,352503.05,0.0,0.0,0
15m,1743559200.0,2.1101,2.1131,2.0887,2.0917,1152936.08,0.0,0.0,0
15m,1743560100.0,2.0917,2.0981,2.0853,2.0971,587665.61,0.0,0.0,0
15m,1743561000.0,2.0971,2.1009,2.0866,2.0895,559603.35,0.0,0.0,0
15m,1743561900.0,2.0895,2.1007,2.0895,2.0945,350732.97,0.0,0.0,0
15m,1743562800.0,2.0945,2.107,2.0931,2.1045,573658.73,0.0,0.0,0
15m,1743563700.0,2.1045,2.1083,2.1,2.103,275243.13,0.0,0.0,0
15m,1743564600.0,2.103,2.1046,2.0932,2.1034,194440.19,0.0,0.0,0
15m,1743565500.0,2.1034,2.1071,2.0991,2.0991,201376.17,0.0,0.0,0
15m,1743566400.0,2.0991,2.1052,2.098,2.1025,90572.57,0.0,0.0,0
15m,1743567300.0,2.1025,2.1052,2.0981,2.101,125577.48,0.0,0.0,0
15m,1743568200.0,2.101,2.101,2.0908,2.0914,303958.95,0.0,0.0,0
15m,1743569100.0,2.0914,2.1014,2.0914,2.1006,308436.82,0.0,0.0,0
15m,1743570000.0,2.1006,2.101,2.0881,2.0884,379124.68,0.0,0.0,0
15m,1743570900.0,2.0884,2.0894,2.0799,2.0834,655710.83,0.0,0.0,0
15m,1743571800.0,2.0834,2.0897,2.0779,2.081,313138.55,0.0,0.0,0
15m,1743572700.0,2.081,2.0843,2.0723,2.0729,860237.34,0.0,0.0,0
15m,1743573600.0,2.0729,2.0801,2.0709,2.0783,574541.6,0.0,0.0,0
15m,1743574500.0,2.0783,2.0841,2.0739,2.0823,386795.95,0.0,0.0,0
15m,1743575400.0,2.0823,2.0883,2.0775,2.0865,344099.41,0.0,0.0,0
15m,1743576300.0,2.0865,2.0867,2.0679,2.0707,545049.13,0.0,0.0,0
15m,1743577200.0,2.0707,2.0756,2.0673,2.0752,427133.66,0.0,0.0,0
15m,1743578100.0,2.0752,2.0867,2.0739,2.0824,303895.92,0.0,0.0,0
15m,1743579000.0,2.0824,2.1111,2.0818,2.1008,1744227.36,0.0,0.0,0
15m,1743579900.0,2.1008,2.1126,2.0959,2.1088,798947.87,0.0,0.0,0
15m,1743580800.0,2.1088,2.1186,2.1012,2.1028,1821590.89,0.0,0.0,0
15m,1743581700.0,2.1028,2.1236,2.0989,2.1168,1564808.64,0.0,0.0,0
15m,1743582600.0,2.1168,2.1235,2.1084,2.1094,694873.6,0.0,0.0,0
15m,1743583500.0,2.1094,2.1123,2.1046,2.1056,284517.41,0.0,0.0,0
15m,1743584400.0,2.1056,2.1351,2.1052,2.1304,1184973.51,0.0,0.0,0
15m,1743585300.0,2.1304,2.1367,2.1135,2.1213,419859.0,0.0,0.0,0
15m,1743586200.0,2.1213,2.1239,2.1136,2.1199,441644.33,0.0,0.0,0
15m,1743587100.0,2.1199,2.1257,2.1177,2.1207,222778.94,0.0,0.0,0
15m,1743588000.0,2.1207,2.1283,2.1164,2.1207,586155.75,0.0,0.0,0
15m,1743588900.0,2.1207,2.1305,2.1207,2.1253,1222362.08,0.0,0.0,0
15m,1743589800.0,2.1253,2.1274,2.1175,2.1201,169264.2,0.0,0.0,0
15m,1743590700.0,2.1201,2.1212,2.1098,2.1118,385725.71,0.0,0.0,0
15m,1743591600.0,2.1118,2.1197,2.1066,2.1141,1026839.1,0.0,0.0,0
15m,1743592500.0,2.1141,2.1214,2.1139,2.1204,377144.44,0.0,0.0,0
15m,1743593400.0,2.1204,2.1258,2.1147,2.1171,541292.7,0.0,0.0,0
15m,1743594300.0,2.1171,2.1194,2.1125,2.1138,140800.37,0.0,0.0,0
15m,1743595200.0,2.1138,2.1194,2.1081,2.1136,509409.1,0.0,0.0,0
15m,1743596100.0,2.1136,2.1164,2.1042,2.1043,383084.79,0.0,0.0,0
15m,1743597000.0,2.1043,2.1181,2.1034,2.1176,440494.93,0.0,0.0,0
15m,1743597900.0,2.1176,2.1297,2.1106,2.1281,1021986.58,0.0,0.0,0
15m,1743598800.0,2.1281,2.1291,2.1131,2.1135,703738.49,0.0,0.0,0
15m,1743599700.0,2.1135,2.1143,2.1024,2.105,334895.67,0.0,0.0,0
15m,1743600600.0,2.105,2.1247,2.098,2.119,1324817.01,0.0,0.0,0
15m,1743601500.0,2.119,2.1404,2.1168,2.1168,2338504.06,0.0,0.0,0
15m,1743602400.0,2.1168,2.1316,2.1029,2.111,1152833.15,0.0,0.0,0
15m,1743603300.0,2.111,2.1222,2.1061,2.1212,643711.73,0.0,0.0,0
15m,1743604200.0,2.1212,2.1287,2.1122,2.1182,616835.28,0.0,0.0,0
15m,1743605100.0,2.1182,2.1307,2.1172,2.1265,528507.58,0.0,0.0,0
15m,1743606000.0,2.1265,2.151,2.1243,2.1396,1269990.42,0.0,0.0,0
15m,1743606900.0,2.1396,2.1477,2.1375,2.1434,605864.98,0.0,0.0,0
15m,1743607800.0,2.1434,2.1926,2.1428,2.1902,3644751.89,0.0,0.0,0
15m,1743608700.0,2.1902,2.1952,2.1679,2.1724,3279983.42,0.0,0.0,0
15m,1743609600.0,2.1724,2.1789,2.1671,2.1758,703533.48,0.0,0.0,0
15m,1743610500.0,2.1758,2.18,2.1735,2.1772,622383.73,0.0,0.0,0
15m,1743611400.0,2.1772,2.1779,2.1593,2.1667,371609.86,0.0,0.0,0
15m,1743612300.0,2.1667,2.1718,2.1591,2.1612,569469.22,0.0,0.0,0
15m,1743613200.0,2.1612,2.1717,2.1605,2.1701,670422.96,0.0,0.0,0
15m,1743614100.0,2.1701,2.1702,2.1453,2.1454,906400.1,0.0,0.0,0
15m,1743615000.0,2.1454,2.1489,2.1345,2.1434,790269.11,0.0,0.0,0
15m,1743615900.0,2.1434,2.1436,2.1313,2.1405,741189.13,0.0,0.0,0
15m,1743616800.0,2.1405,2.146,2.1331,2.1398,515294.01,0.0,0.0,0
15m,1743617700.0,2.1398,2.1458,2.132,2.1354,752466.55,0.0,0.0,0
15m,1743618600.0,2.1354,2.151,2.1349,2.1488,372792.92,0.0,0.0,0
15m,1743619500.0,2.1488,2.1497,2.1426,2.1426,137385.02,0.0,0.0,0
15m,1743620400.0,2.1426,2.1469,2.1389,2.1433,409213.87,0.0,0.0,0
15m,1743621300.0,2.1433,2.1478,2.1373,2.1459,315288.37,0.0,0.0,0
15m,1743622200.0,2.1459,2.149,2.1409,2.1487,312579.28,0.0,0.0,0
15m,1743623100.0,2.1487,2.1607,2.1477,2.1599,511824.08,0.0,0.0,0
15m,1743624000.0,2.1599,2.1934,2.116,2.1863,4562053.33,0.0,0.0,0
15m,1743624900.0,2.1863,2.2337,2.1144,2.1315,11847359.08,0.0,0.0,0
15m,1743625800.0,2.1315,2.144,2.1022,2.1077,5147919.04,0.0,0.0,0
15m,1743626700.0,2.1077,2.1283,2.1035,2.1264,1806184.64,0.0,0.0,0
15m,1743627600.0,2.1264,2.1302,2.0879,2.0957,1866574.27,0.0,0.0,0
15m,1743628500.0,2.0957,2.103,2.0838,2.0908,1197912.48,0.0,0.0,0
15m,1743629400.0,2.0908,2.1,2.0855,2.098,557387.25,0.0,0.0,0
15m,1743630300.0,2.098,2.1051,2.0896,2.105,356708.54,0.0,0.0,0
15m,1743631200.0,2.105,2.105,2.0348,2.0461,3908555.34,0.0,0.0,0
15m,1743632100.0,2.0461,2.0469,2.02,2.0325,3519174.69,0.0,0.0,0
15m,1743633000.0,2.0325,2.0325,1.9848,1.9921,4447904.08,0.0,0.0,0
15m,1743633900.0,1.9921,2.0323,1.9861,2.0186,2882389.44,0.0,0.0,0
15m,1743634800.0,2.0186,2.0278,2.0008,2.0269,2770334.02,0.0,0.0,0
15m,1743635700.0,2.0269,2.0301,2.0144,2.0301,2010785.68,0.0,0.0,0
15m,1743636600.0,2.0301,2.0398,2.0247,2.0398,1528577.97,0.0,0.0,0
15m,1743637500.0,2.0398,2.0408,2.0186,2.0235,1311902.97,0.0,0.0,0
15m,1743638400.0,2.0235,2.0413,2.0072,2.0386,2258865.8,0.0,0.0,0
15m,1743639300.0,2.0386,2.0582,2.0333,2.0458,2081938.05,0.0,0.0,0
15m,1743640200.0,2.0458,2.0636,2.0446,2.056,1718894.24,0.0,0.0,0
15m,1743641100.0,2.056,2.0632,2.0453,2.0632,850209.89,0.0,0.0,0
15m,1743642000.0,2.0632,2.0665,2.0537,2.0619,722378.69,0.0,0.0,0
15m,1743642900.0,2.0619,2.0718,2.0554,2.0619,806967.41,0.0,0.0,0
15m,1743643800.0,2.0619,2.0668,2.0548,2.056,1061863.49,0.0,0.0,0
15m,1743644700.0,2.056,2.0616,2.0512,2.0565,921641.72,0.0,0.0,0
15m,1743645600.0,2.0565,2.061,2.0487,2.0509,771915.01,0.0,0.0,0
15m,1743646500.0,2.0509,2.0532,2.0425,2.0518,384899.62,0.0,0.0,0
15m,1743647400.0,2.0518,2.0597,2.0494,2.0536,586808.58,0.0,0.0,0
15m,1743648300.0,2.0536,2.0641,2.0513,2.0631,856123.34,0.0,0.0,0
15m,1743649200.0,2.0631,2.0635,2.0487,2.0518,691655.91,0.0,0.0,0
15m,1743650100.0,2.0518,2.06,2.0515,2.0584,574166.58,0.0,0.0,0
15m,1743651000.0,2.0584,2.0601,2.0505,2.051,325288.44,0.0,0.0,0
15m,1743651900.0,2.051,2.0639,2.0507,2.0632,373051.86,0.0,0.0,0
15m,1743652800.0,2.0632,2.0725,2.0606,2.0659,479170.87,0.0,0.0,0
15m,1743653700.0,2.0659,2.0694,2.0565,2.057,396543.58,0.0,0.0,0
15m,1743654600.0,2.057,2.0776,2.0557,2.076,545702.34,0.0,0.0,0
15m,1743655500.0,2.076,2.0807,2.07,2.0746,453271.14,0.0,0.0,0
15m,1743656400.0,2.0746,2.0821,2.0719,2.0738,321324.71,0.0,0.0,0
15m,1743657300.0,2.0738,2.0739,2.0674,2.0701,304272.95,0.0,0.0,0
15m,1743658200.0,2.0701,2.0706,2.0645,2.0694,262670.67,0.0,0.0,0
15m,1743659100.0,2.0694,2.0736,2.0573,2.058,870150.63,0.0,0.0,0
15m,1743660000.0,2.058,2.0624,2.0538,2.056,502784.58,0.0,0.0,0
15m,1743660900.0,2.056,2.06,2.0518,2.0529,444624.33,0.0,0.0,0
15m,1743661800.0,2.0529,2.0554,2.0434,2.0443,859672.02,0.0,0.0,0
15m,1743662700.0,2.0443,2.0509,2.0362,2.041,709533.64,0.0,0.0,0
15m,1743663600.0,2.041,2.0448,2.0366,2.04,594304.91,0.0,0.0,0
15m,1743664500.0,2.04,2.0479,2.0311,2.0473,854174.55,0.0,0.0,0
15m,1743665400.0,2.0473,2.0477,2.0334,2.0382,430961.8,0.0,0.0,0
15m,1743666300.0,2.0382,2.0567,2.037,2.0525,936989.8,0.0,0.0,0
15m,1743667200.0,2.0525,2.0583,2.0493,2.0547,476998.34,0.0,0.0,0
15m,1743668100.0,2.0547,2.0575,2.0472,2.0473,438725.43,0.0,0.0,0
15m,1743669000.0,2.0473,2.0513,2.0414,2.0471,654700.75,0.0,0.0,0
15m,1743669900.0,2.0471,2.0524,2.0413,2.0505,386724.84,0.0,0.0,0
15m,1743670800.0,2.0505,2.0527,2.0447,2.0472,256560.32,0.0,0.0,0
15m,1743671700.0,2.0472,2.0516,2.0426,2.0438,197908.74,0.0,0.0,0
15m,1743672600.0,2.0438,2.0555,2.0438,2.0545,290071.26,0.0,0.0,0
15m,1743673500.0,2.0545,2.0545,2.0404,2.0433,477198.54,0.0,0.0,0
15m,1743674400.0,2.0433,2.0464,2.0368,2.0396,440869.66,0.0,0.0,0
15m,1743675300.0,2.0396,2.0435,2.0241,2.0282,775434.5,0.0,0.0,0
15m,1743676200.0,2.0282,2.0313,2.0137,2.0246,1314911.22,0.0,0.0,0
15m,1743677100.0,2.0246,2.0326,2.0158,2.0176,1094440.42,0.0,0.0,0
15m,1743678000.0,2.0176,2.0317,2.0139,2.0311,772241.88,0.0,0.0,0
15m,1743678900.0,2.0311,2.0313,2.0185,2.025,502283.64,0.0,0.0,0
15m,1743679800.0,2.025,2.0352,2.0199,2.0338,637925.51,0.0,0.0,0
15m,1743680700.0,2.0338,2.0348,2.0253,2.034,496996.06,0.0,0.0,0
15m,1743681600.0,2.034,2.0423,2.0272,2.0408,661578.98,0.0,0.0,0
15m,1743682500.0,2.0408,2.0423,2.0151,2.0184,1568436.31,0.0,0.0,0
15m,1743683400.0,2.0184,2.0226,1.9874,1.9902,3042162.11,0.0,0.0,0
15m,1743684300.0,1.9902,1.9961,1.9636,1.974,5641521.28,0.0,0.0,0
15m,1743685200.0,1.974,1.9908,1.9656,1.9839,1438441.27,0.0,0.0,0
15m,1743686100.0,1.9839,2.0019,1.9822,2.0001,1272507.42,0.0,0.0,0
15m,1743687000.0,2.0001,2.025,1.9972,2.0082,2226442.34,0.0,0.0,0
15m,1743687900.0,2.0082,2.014,2.002,2.0092,951172.78,0.0,0.0,0
15m,1743688800.0,2.0092,2.0105,1.9817,1.986,1538019.41,0.0,0.0,0
15m,1743689700.0,1.986,2.0057,1.986,2.0018,800924.93,0.0,0.0,0
15m,1743690600.0,2.0018,2.005,1.9777,1.9824,970838.23,0.0,0.0,0
15m,1743691500.0,1.9824,1.9829,1.9603,1.9689,1986860.77,0.0,0.0,0
15m,1743692400.0,1.9689,1.9884,1.9671,1.9812,1249417.53,0.0,0.0,0
15m,1743693300.0,1.9812,1.9971,1.9809,1.9932,724587.21,0.0,0.0,0
15m,1743694200.0,1.9932,2.0064,1.9927,2.0051,606614.15,0.0,0.0,0
15m,1743695100.0,2.0051,2.0121,1.9908,2.0054,990016.0,0.0,0.0,0
15m,1743696000.0,2.0054,2.0116,1.9987,2.0064,621680.18,0.0,0.0,0
15m,1743696900.0,2.0064,2.0171,2.0029,2.0139,706676.3,0.0,0.0,0
15m,1743697800.0,2.0139,2.0164,1.9967,1.9995,814939.28,0.0,0.0,0
15m,1743698700.0,1.9995,2.0012,1.9916,1.9963,659399.03,0.0,0.0,0
15m,1743699600.0,1.9963,2.0159,1.9957,2.0114,438909.03,0.0,0.0,0
15m,1743700500.0,2.0114,2.0135,2.0025,2.0109,469637.71,0.0,0.0,0
15m,1743701400.0,2.0109,2.0249,2.0065,2.0244,425596.38,0.0,0.0,0
15m,1743702300.0,2.0244,2.0268,2.0162,2.0197,352524.93,0.0,0.0,0
15m,1743703200.0,2.0197,2.023,2.0105,2.0121,311435.33,0.0,0.0,0
15m,1743704100.0,2.0121,2.0228,2.011,2.0208,302209.1,0.0,0.0,0
15m,1743705000.0,2.0208,2.0493,2.0164,2.0474,1345386.74,0.0,0.0,0
15m,1743705900.0,2.0474,2.0513,2.0381,2.0445,1090256.65,0.0,0.0,0
15m,1743706800.0,2.0445,2.0743,2.0413,2.0599,2055107.66,0.0,0.0,0
15m,1743707700.0,2.0599,2.0623,2.0466,2.0468,675633.03,0.0,0.0,0
15m,1743708600.0,2.0468,2.0562,2.0443,2.0562,656637.16,0.0,0.0,0
15m,1743709500.0,2.0562,2.0567,2.0485,2.0532,483260.77,0.0,0.0,0
15m,1743710400.0,2.0532,2.063,2.0507,2.055,536385.74,0.0,0.0,0
15m,1743711300.0,2.055,2.055,2.0382,2.0403,513153.74,0.0,0.0,0
15m,1743712200.0,2.0403,2.0455,2.0357,2.0442,401923.78,0.0,0.0,0
15m,1743713100.0,2.0442,2.0595,2.0426,2.0558,401585.11,0.0,0.0,0
15m,1743714000.0,2.0558,2.0648,2.0492,2.0514,562668.4,0.0,0.0,0
15m,1743714900.0,2.0514,2.0592,2.0497,2.0533,195937.9,0.0,0.0,0
15m,1743715800.0,2.0533,2.0557,2.0442,2.0484,268581.65,0.0,0.0,0
15m,1743716700.0,2.0484,2.0689,2.0473,2.0616,269118.93,0.0,0.0,0
15m,1743717600.0,2.0616,2.0657,2.0536,2.061,192886.89,0.0,0.0,0
15m,1743718500.0,2.061,2.0627,2.0542,2.0607,247550.23,0.0,0.0,0
15m,1743719400.0,2.0607,2.0666,2.0562,2.0595,712710.55,0.0,0.0,0
15m,1743720300.0,2.0595,2.0628,2.0555,2.0577,404011.28,0.0,0.0,0
15m,1743721200.0,2.0577,2.0607,2.045,2.048,291764.17,0.0,0.0,0
15m,1743722100.0,2.048,2.0547,2.045,2.0537,356961.76,0.0,0.0,0
15m,1743723000.0,2.0537,2.0599,2.0531,2.0568,295160.74,0.0,0.0,0
15m,1743723900.0,2.0568,2.0672,2.0563,2.064,756452.39,0.0,0.0,0
15m,1743724800.0,2.064,2.072,2.0518,2.0535,339987.18,0.0,0.0,0
15m,1743725700.0,2.0535,2.0657,2.0521,2.0641,280895.92,0.0,0.0,0
15m,1743726600.0,2.0641,2.0671,2.0569,2.0583,193881.69,0.0,0.0,0
15m,1743727500.0,2.0583,2.0586,2.0467,2.051,266789.47,0.0,0.0,0
15m,1743728400.0,2.051,2.0595,2.0485,2.0588,229531.6,0.0,0.0,0
15m,1743729300.0,2.0588,2.0654,2.0552,2.0571,211924.86,0.0,0.0,0
15m,1743730200.0,2.0571,2.0572,2.0487,2.0513,256126.85,0.0,0.0,0
15m,1743731100.0,2.0513,2.0552,2.0369,2.0406,476414.9,0.0,0.0,0
15m,1743732000.0,2.0406,2.0663,2.0406,2.064,605070.86,0.0,0.0,0
15m,1743732900.0,2.064,2.0783,2.0534,2.0554,808872.97,0.0,0.0,0
15m,1743733800.0,2.0554,2.0629,2.0534,2.0604,260993.39,0.0,0.0,0
15m,1743734700.0,2.0604,2.068,2.0538,2.0586,202820.4,0.0,0.0,0
15m,1743735600.0,2.0586,2.0632,2.0477,2.0543,355745.18,0.0,0.0,0
15m,1743736500.0,2.0543,2.0593,2.0473,2.0538,210668.6,0.0,0.0,0
15m,1743737400.0,2.0538,2.0545,2.046,2.0524,355786.07,0.0,0.0,0
15m,1743738300.0,2.0524,2.0559,2.0484,2.0498,273678.94,0.0,0.0,0
15m,1743739200.0,2.0498,2.0532,2.0432,2.0454,390020.22,0.0,0.0,0
15m,1743740100.0,2.0454,2.0539,2.0423,2.0531,252323.93,0.0,0.0,0
15m,1743741000.0,2.0531,2.0573,2.0484,2.049,334705.65,0.0,0.0,0
15m,1743741900.0,2.049,2.0532,2.0457,2.0464,733239.68,0.0,0.0,0
15m,1743742800.0,2.0464,2.0566,2.0435,2.0546,350937.96,0.0,0.0,0
15m,1743743700.0,2.0546,2.0658,2.0546,2.0645,229167.01,0.0,0.0,0
15m,1743744600.0,2.0645,2.0697,2.0615,2.0694,748885.59,0.0,0.0,0
15m,1743745500.0,2.0694,2.0744,2.0654,2.0744,484333.26,0.0,0.0,0
15m,1743746400.0,2.0744,2.0773,2.0679,2.072,1130184.55,0.0,0.0,0
15m,1743747300.0,2.072,2.0729,2.0654,2.0672,293216.47,0.0,0.0,0
15m,1743748200.0,2.0672,2.0693,2.0576,2.0584,746630.68,0.0,0.0,0
15m,1743749100.0,2.0584,2.0618,2.0537,2.0545,503406.02,0.0,0.0,0
15m,1743750000.0,2.0545,2.0717,2.0545,2.0708,402400.88,0.0,0.0,0
15m,1743750900.0,2.0708,2.0759,2.0672,2.072,264205.52,0.0,0.0,0
15m,1743751800.0,2.072,2.088,2.0687,2.0834,1295707.95,0.0,0.0,0
15m,1743752700.0,2.0834,2.0951,2.0834,2.09,789413.55,0.0,0.0,0
15m,1743753600.0,2.09,2.1003,2.0892,2.0925,734463.64,0.0,0.0,0
15m,1743754500.0,2.0925,2.1029,2.092,2.0936,1182806.98,0.0,0.0,0
15m,1743755400.0,2.0936,2.0974,2.0888,2.0954,296470.78,0.0,0.0,0
15m,1743756300.0,2.0954,2.101,2.0935,2.0944,950216.14,0.0,0.0,0
15m,1743757200.0,2.0944,2.0972,2.0871,2.0902,681660.29,0.0,0.0,0
15m,1743758100.0,2.0902,2.0947,2.087,2.0878,257521.36,0.0,0.0,0
15m,1743759000.0,2.0878,2.0939,2.0846,2.0934,361770.44,0.0,0.0,0
15m,1743759900.0,2.0934,2.096,2.09,2.094,377383.01,0.0,0.0,0
15m,1743760800.0,2.094,2.099,2.0737,2.0745,924910.06,0.0,0.0,0
15m,1743761700.0,2.0745,2.0823,2.0581,2.0594,1843634.75,0.0,0.0,0
15m,1743762600.0,2.0594,2.0683,2.0505,2.0508,1033790.73,0.0,0.0,0
15m,1743763500.0,2.0508,2.0572,2.0415,2.0475,1051826.47,0.0,0.0,0
15m,1743764400.0,2.0475,2.0537,2.036,2.0368,1129402.24,0.0,0.0,0
15m,1743765300.0,2.0368,2.0453,2.0178,2.0222,1087552.14,0.0,0.0,0
15m,1743766200.0,2.0222,2.0344,2.016,2.0243,924797.27,0.0,0.0,0
15m,1743767100.0,2.0243,2.0487,2.0237,2.0473,1340509.81,0.0,0.0,0
15m,1743768000.0,2.0473,2.0509,2.0386,2.0439,1199714.08,0.0,0.0,0
15m,1743768900.0,2.0439,2.0545,2.0382,2.0469,609583.15,0.0,0.0,0
15m,1743769800.0,2.0469,2.08,2.0427,2.0597,4834773.72,0.0,0.0,0
15m,1743770700.0,2.0597,2.0685,2.0528,2.0685,1178615.31,0.0,0.0,0
15m,1743771600.0,2.0685,2.0828,2.0601,2.0658,1269142.75,0.0,0.0,0
15m,1743772500.0,2.0658,2.0686,2.0508,2.0531,1026571.43,0.0,0.0,0
15m,1743773400.0,2.0531,2.0622,2.0413,2.0469,662942.79,0.0,0.0,0
15m,1743774300.0,2.0469,2.163,2.0445,2.1188,6038376.71,0.0,0.0,0
15m,1743775200.0,2.1188,2.1378,2.0842,2.1054,3279372.89,0.0,0.0,0
15m,1743776100.0,2.1054,2.1175,2.0886,2.1048,3478976.63,0.0,0.0,0
15m,1743777000.0,2.1048,2.1159,2.093,2.0962,836973.81,0.0,0.0,0
15m,1743777900.0,2.0962,2.1126,2.0782,2.1057,960046.91,0.0,0.0,0
15m,1743778800.0,2.1057,2.148,2.1037,2.1436,3499390.35,0.0,0.0,0
15m,1743779700.0,2.1436,2.1511,2.128,2.1372,2171168.92,0.0,0.0,0
15m,1743780600.0,2.1372,2.1536,2.1189,2.13,2639661.98,0.0,0.0,0
15m,1743781500.0,2.13,2.1414,2.1205,2.1227,945450.64,0.0,0.0,0
15m,1743782400.0,2.1227,2.1376,2.1174,2.128,1114414.19,0.0,0.0,0
15m,1743783300.0,2.128,2.1308,2.1009,2.1084,960204.49,0.0,0.0,0
15m,1743784200.0,2.1084,2.1123,2.0984,2.1071,689603.38,0.0,0.0,0
15m,1743785100.0,2.1071,2.1257,2.1038,2.1182,821077.07,0.0,0.0,0
15m,1743786000.0,2.1182,2.1244,2.1068,2.1096,516928.98,0.0,0.0,0
15m,1743786900.0,2.1096,2.1243,2.1003,2.1186,435788.29,0.0,0.0,0
15m,1743787800.0,2.1186,2.1404,2.1122,2.1279,1084466.51,0.0,0.0,0
15m,1743788700.0,2.1279,2.1468,2.1269,2.1409,1016906.51,0.0,0.0,0
15m,1743789600.0,2.1409,2.1447,2.1299,2.1306,531021.8,0.0,0.0,0
15m,1743790500.0,2.1306,2.1335,2.1227,2.1263,353280.85,0.0,0.0,0
15m,1743791400.0,2.1263,2.1316,2.1197,2.1204,439219.45,0.0,0.0,0
15m,1743792300.0,2.1204,2.1277,2.1161,2.1191,220014.55,0.0,0.0,0
15m,1743793200.0,2.1191,2.1367,2.1138,2.1343,420290.35,0.0,0.0,0
15m,1743794100.0,2.1343,2.1353,2.1268,2.1291,310830.93,0.0,0.0,0
15m,1743795000.0,2.1291,2.1366,2.1263,2.1296,326379.54,0.0,0.0,0
15m,1743795900.0,2.1296,2.1348,2.1227,2.1284,235269.31,0.0,0.0,0
15m,1743796800.0,2.1284,2.1335,2.1217,2.1241,362638.26,0.0,0.0,0
15m,1743797700.0,2.1241,2.125,2.1128,2.1226,262126.32,0.0,0.0,0
15m,1743798600.0,2.1226,2.1372,2.121,2.1359,571774.81,0.0,0.0,0
15m,1743799500.0,2.1359,2.1412,2.135,2.1392,516722.66,0.0,0.0,0
15m,1743800400.0,2.1392,2.1481,2.1359,2.1425,520078.11,0.0,0.0,0
15m,1743801300.0,2.1425,2.1443,2.1325,2.1367,275668.11,0.0,0.0,0
15m,1743802200.0,2.1367,2.1504,2.1283,2.1475,676767.57,0.0,0.0,0
15m,1743803100.0,2.1475,2.1546,2.1407,2.1425,462504.65,0.0,0.0,0
15m,1743804000.0,2.1425,2.1497,2.1367,2.1382,634308.07,0.0,0.0,0
15m,1743804900.0,2.1382,2.145,2.1355,2.1415,307369.91,0.0,0.0,0
15m,1743805800.0,2.1415,2.1423,2.1347,2.1377,162817.48,0.0,0.0,0
15m,1743806700.0,2.1377,2.1385,2.135,2.136,259896.86,0.0,0.0,0
15m,1743807600.0,2.136,2.1383,2.1288,2.1288,662478.65,0.0,0.0,0
15m,1743808500.0,2.1288,2.1323,2.1235,2.1258,382609.81,0.0,0.0,0
15m,1743809400.0,2.1258,2.1258,2.1195,2.1234,244244.69,0.0,0.0,0
15m,1743810300.0,2.1234,2.131,2.1234,2.1305,195413.14,0.0,0.0,0
15m,1743811200.0,2.1305,2.1313,2.1186,2.126,272842.82,0.0,0.0,0
15m,1743812100.0,2.126,2.1312,2.1214,2.1258,280179.35,0.0,0.0,0
15m,1743813000.0,2.1258,2.1271,2.1182,2.1213,174813.95,0.0,0.0,0
15m,1743813900.0,2.1213,2.1382,2.1211,2.1348,460984.9,0.0,0.0,0
15m,1743814800.0,2.1348,2.1441,2.1309,2.1309,422656.69,0.0,0.0,0
15m,1743815700.0,2.1309,2.1381,2.1303,2.1363,102783.49,0.0,0.0,0
15m,1743816600.0,2.1363,2.1382,2.1311,2.1314,100694.44,0.0,0.0,0
15m,1743817500.0,2.1314,2.1326,2.1259,2.127,210266.42,0.0,0.0,0
15m,1743818400.0,2.127,2.1296,2.1212,2.1229,95742.88,0.0,0.0,0
15m,1743819300.0,2.1229,2.1274,2.1211,2.1226,112894.47,0.0,0.0,0
15m,1743820200.0,2.1226,2.1265,2.1173,2.1264,194044.9,0.0,0.0,0
15m,1743821100.0,2.1264,2.1264,2.119,2.1208,96483.71,0.0,0.0,0
15m,1743822000.0,2.1208,2.1233,2.1177,2.1186,130308.43,0.0,0.0,0
15m,1743822900.0,2.1186,2.1227,2.1142,2.1154,194578.46,0.0,0.0,0
15m,1743823800.0,2.1154,2.1193,2.1139,2.1188,181292.19,0.0,0.0,0
15m,1743824700.0,2.1188,2.1214,2.1165,2.1174,117536.6,0.0,0.0,0
15m,1743825600.0,2.1174,2.126,2.1174,2.1251,154452.6,0.0,0.0,0
15m,1743826500.0,2.1251,2.128,2.1227,2.1279,74937.99,0.0,0.0,0
15m,1743827400.0,2.1279,2.1279,2.1199,2.1199,57167.97,0.0,0.0,0
15m,1743828300.0,2.1199,2.1215,2.1154,2.1192,873318.76,0.0,0.0,0
15m,1743829200.0,2.1192,2.1281,2.1186,2.1264,212200.32,0.0,0.0,0
15m,1743830100.0,2.1264,2.1353,2.1249,2.1345,397099.54,0.0,0.0,0
15m,1743831000.0,2.1345,2.1357,2.1313,2.1322,463210.95,0.0,0.0,0
15m,1743831900.0,2.1322,2.1349,2.1271,2.1317,472062.44,0.0,0.0,0
15m,1743832800.0,2.1317,2.1385,2.1302,2.1368,676589.2,0.0,0.0,0
15m,1743833700.0,2.1368,2.1404,2.1329,2.1345,522088.23,0.0,0.0,0
15m,1743834600.0,2.1345,2.1345,2.125,2.1253,256242.72,0.0,0.0,0
15m,1743835500.0,2.1253,2.1313,2.1232,2.1307,115203.67,0.0,0.0,0
15m,1743836400.0,2.1307,2.131,2.124,2.1273,155756.53,0.0,0.0,0
15m,1743837300.0,2.1273,2.1372,2.126,2.137,335418.23,0.0,0.0,0
15m,1743838200.0,2.137,2.1375,2.1323,2.1358,285932.22,0.0,0.0,0
15m,1743839100.0,2.1358,2.1377,2.1343,2.1361,210718.99,0.0,0.0,0
15m,1743840000.0,2.1361,2.1397,2.1317,2.1322,445394.24,0.0,0.0,0
15m,1743840900.0,2.1322,2.1361,2.1276,2.1294,228119.06,0.0,0.0,0
15m,1743841800.0,2.1294,2.1358,2.1278,2.1348,146901.8,0.0,0.0,0
15m,1743842700.0,2.1348,2.135,2.1308,2.1336,113217.96,0.0,0.0,0
15m,1743843600.0,2.1336,2.1386,2.1333,2.1381,156953.2,0.0,0.0,0
15m,1743844500.0,2.1381,2.1385,2.1334,2.1341,146030.98,0.0,0.0,0
15m,1743845400.0,2.1341,2.1381,2.1321,2.1379,203638.67,0.0,0.0,0
15m,1743846300.0,2.1379,2.1464,2.1376,2.1441,456666.75,0.0,0.0,0
15m,1743847200.0,2.1441,2.1584,2.1418,2.1554,1148755.73,0.0,0.0,0
15m,1743848100.0,2.1554,2.1597,2.1501,2.1589,488865.1,0.0,0.0,0
15m,1743849000.0,2.1589,2.1639,2.1473,2.1492,657013.25,0.0,0.0,0
15m,1743849900.0,2.1492,2.1555,2.1461,2.1552,391011.0,0.0,0.0,0
15m,1743850800.0,2.1552,2.1599,2.1495,2.1509,490270.77,0.0,0.0,0
15m,1743851700.0,2.1509,2.1628,2.1509,2.1602,445390.34,0.0,0.0,0
15m,1743852600.0,2.1602,2.1706,2.1539,2.1582,643121.69,0.0,0.0,0
15m,1743853500.0,2.1582,2.1657,2.1568,2.1606,414029.08,0.0,0.0,0
15m,1743854400.0,2.1606,2.1689,2.1588,2.1674,574531.06,0.0,0.0,0
15m,1743855300.0,2.1674,2.1728,2.1639,2.1698,768606.08,0.0,0.0,0
15m,1743856200.0,2.1698,2.1765,2.1474,2.1516,2084948.14,0.0,0.0,0
15m,1743857100.0,2.1516,2.1545,2.1419,2.1493,701407.58,0.0,0.0,0
15m,1743858000.0,2.1493,2.1543,2.1402,2.1414,403643.32,0.0,0.0,0
15m,1743858900.0,2.1414,2.1443,2.1257,2.1335,1001039.33,0.0,0.0,0
15m,1743859800.0,2.1335,2.1361,2.1223,2.1315,781696.67,0.0,0.0,0
15m,1743860700.0,2.1315,2.1337,2.1217,2.1327,361756.11,0.0,0.0,0
15m,1743861600.0,2.1327,2.1479,2.1326,2.1364,469164.12,0.0,0.0,0
15m,1743862500.0,2.1364,2.1444,2.1329,2.1405,402944.36,0.0,0.0,0
15m,1743863400.0,2.1405,2.1413,2.1326,2.1378,495453.69,0.0,0.0,0
15m,1743864300.0,2.1378,2.1438,2.134,2.1344,483287.29,0.0,0.0,0
15m,1743865200.0,2.1344,2.1344,2.1231,2.1272,664977.75,0.0,0.0,0
15m,1743866100.0,2.1272,2.1315,2.1225,2.1266,196207.82,0.0,0.0,0
15m,1743867000.0,2.1266,2.1283,2.1177,2.1186,414831.33,0.0,0.0,0
15m,1743867900.0,2.1186,2.1301,2.1171,2.1225,754121.54,0.0,0.0,0
15m,1743868800.0,2.1225,2.1278,2.1217,2.1261,359390.82,0.0,0.0,0
15m,1743869700.0,2.1261,2.1316,2.1214,2.1253,200353.38,0.0,0.0,0
15m,1743870600.0,2.1253,2.1316,2.1253,2.1287,149799.28,0.0,0.0,0
15m,1743871500.0,2.1287,2.1295,2.1168,2.1238,471346.7,0.0,0.0,0
15m,1743872400.0,2.1238,2.1245,2.1176,2.1206,121598.02,0.0,0.0,0
15m,1743873300.0,2.1206,2.1281,2.1206,2.1277,83640.72,0.0,0.0,0
15m,1743874200.0,2.1277,2.131,2.1257,2.1292,146974.71,0.0,0.0,0
15m,1743875100.0,2.1292,2.1305,2.1236,2.1246,167743.86,0.0,0.0,0
15m,1743876000.0,2.1246,2.1368,2.1234,2.1368,122891.32,0.0,0.0,0
15m,1743876900.0,2.1368,2.1388,2.1322,2.1322,101733.48,0.0,0.0,0
15m,1743877800.0,2.1322,2.1381,2.1301,2.1368,118537.61,0.0,0.0,0
15m,1743878700.0,2.1368,2.1368,2.1338,2.1353,125294.81,0.0,0.0,0
15m,1743879600.0,2.1353,2.1374,2.1322,2.1335,126060.3,0.0,0.0,0
15m,1743880500.0,2.1335,2.1355,2.1258,2.1266,209984.44,0.0,0.0,0
15m,1743881400.0,2.1266,2.129,2.1222,2.124,99635.6,0.0,0.0,0
15m,1743882300.0,2.124,2.1244,2.1167,2.1196,207805.9,0.0,0.0,0
15m,1743883200.0,2.1196,2.1247,2.1172,2.1226,150688.2,0.0,0.0,0
15m,1743884100.0,2.1226,2.1305,2.1225,2.1273,120861.6,0.0,0.0,0
15m,1743885000.0,2.1273,2.1341,2.1194,2.1305,224690.47,0.0,0.0,0
15m,1743885900.0,2.1305,2.1323,2.1226,2.1294,99422.83,0.0,0.0,0
15m,1743886800.0,2.1294,2.1336,2.1232,2.1319,246367.57,0.0,0.0,0
15m,1743887700.0,2.1319,2.1353,2.1264,2.1352,64985.68,0.0,0.0,0
15m,1743888600.0,2.1352,2.1359,2.1292,2.1315,80470.51,0.0,0.0,0
15m,1743889500.0,2.1315,2.133,2.1259,2.1279,96241.77,0.0,0.0,0
15m,1743890400.0,2.1279,2.1356,2.1277,2.1331,49147.81,0.0,0.0,0
15m,1743891300.0,2.1331,2.1339,2.1289,2.1294,23935.84,0.0,0.0,0
15m,1743892200.0,2.1294,2.1333,2.1271,2.1333,137040.37,0.0,0.0,0
15m,1743893100.0,2.1333,2.135,2.1302,2.1348,71720.02,0.0,0.0,0
15m,1743894000.0,2.1348,2.1356,2.1307,2.1312,79574.5,0.0,0.0,0
15m,1743894900.0,2.1312,2.1414,2.1292,2.1402,257441.84,0.0,0.0,0
15m,1743895800.0,2.1402,2.1464,2.137,2.1415,128010.33,0.0,0.0,0
15m,1743896700.0,2.1415,2.1484,2.139,2.1444,272436.28,0.0,0.0,0
15m,1743897600.0,2.1444,2.1459,2.1378,2.1416,293839.74,0.0,0.0,0
15m,1743898500.0,2.1416,2.1492,2.1416,2.1478,902179.32,0.0,0.0,0
15m,1743899400.0,2.1478,2.1523,2.1447,2.1509,288092.06,0.0,0.0,0
15m,1743900300.0,2.1509,2.1533,2.1469,2.1483,333105.78,0.0,0.0,0
15m,1743901200.0,2.1483,2.156,2.1462,2.1519,390240.5,0.0,0.0,0
15m,1743902100.0,2.1519,2.1593,2.1507,2.1553,746087.55,0.0,0.0,0
15m,1743903000.0,2.1553,2.1593,2.1471,2.1488,115988.15,0.0,0.0,0
15m,1743903900.0,2.1488,2.1513,2.1434,2.1457,115417.22,0.0,0.0,0
15m,1743904800.0,2.1457,2.1471,2.139,2.1393,279247.85,0.0,0.0,0
15m,1743905700.0,2.1393,2.1426,2.1374,2.1396,78014.99,0.0,0.0,0
15m,1743906600.0,2.1396,2.1412,2.1363,2.1367,108015.39,0.0,0.0,0
15m,1743907500.0,2.1367,2.1382,2.1319,2.1322,138470.09,0.0,0.0,0
15m,1743908400.0,2.1322,2.1348,2.1281,2.1335,202771.27,0.0,0.0,0
15m,1743909300.0,2.1335,2.1361,2.1253,2.1253,230678.44,0.0,0.0,0
15m,1743910200.0,2.1253,2.129,2.1232,2.1271,219507.22,0.0,0.0,0
15m,1743911100.0,2.1271,2.1311,2.1262,2.1306,74792.26,0.0,0.0,0
15m,1743912000.0,2.1306,2.1322,2.1221,2.1258,273231.11,0.0,0.0,0
15m,1743912900.0,2.1258,2.1321,2.1222,2.1289,213084.43,0.0,0.0,0
15m,1743913800.0,2.1289,2.1312,2.1262,2.1272,194711.22,0.0,0.0,0
15m,1743914700.0,2.1272,2.1374,2.1255,2.1342,457487.51,0.0,0.0,0
15m,1743915600.0,2.1342,2.1381,2.1297,2.1305,428449.21,0.0,0.0,0
15m,1743916500.0,2.1305,2.1376,2.1302,2.1327,220715.46,0.0,0.0,0
15m,1743917400.0,2.1327,2.1349,2.1261,2.1271,198130.27,0.0,0.0,0
15m,1743918300.0,2.1271,2.1324,2.1253,2.13,278798.21,0.0,0.0,0
15m,1743919200.0,2.13,2.131,2.1233,2.1267,241364.91,0.0,0.0,0
15m,1743920100.0,2.1267,2.1321,2.126,2.1284,261993.71,0.0,0.0,0
15m,1743921000.0,2.1284,2.1293,2.1203,2.1221,230146.47,0.0,0.0,0
15m,1743921900.0,2.1221,2.1249,2.1085,2.1099,1007366.02,0.0,0.0,0
15m,1743922800.0,2.1099,2.1119,2.1019,2.1071,401611.83,0.0,0.0,0
15m,1743923700.0,2.1071,2.1079,2.0974,2.0993,604183.42,0.0,0.0,0
15m,1743924600.0,2.0993,2.1015,2.0865,2.0914,654851.26,0.0,0.0,0
15m,1743925500.0,2.0914,2.0943,2.0864,2.0936,608198.97,0.0,0.0,0
15m,1743926400.0,2.0936,2.0969,2.0886,2.0893,318952.16,0.0,0.0,0
15m,1743927300.0,2.0893,2.094,2.0836,2.0884,381990.96,0.0,0.0,0
15m,1743928200.0,2.0884,2.0984,2.0878,2.0972,248144.82,0.0,0.0,0
15m,1743929100.0,2.0972,2.1008,2.0935,2.1004,212490.03,0.0,0.0,0
15m,1743930000.0,2.1004,2.1004,2.0936,2.0942,139187.2,0.0,0.0,0
15m,1743930900.0,2.0942,2.1019,2.0939,2.1014,154175.6,0.0,0.0,0
15m,1743931800.0,2.1014,2.1026,2.0939,2.0976,177325.39,0.0,0.0,0
15m,1743932700.0,2.0976,2.1004,2.0941,2.0953,80121.1,0.0,0.0,0
15m,1743933600.0,2.0953,2.0976,2.0881,2.0924,403074.37,0.0,0.0,0
15m,1743934500.0,2.0924,2.0933,2.0853,2.0866,203452.95,0.0,0.0,0
15m,1743935400.0,2.0866,2.0905,2.0847,2.0854,171211.44,0.0,0.0,0
15m,1743936300.0,2.0854,2.0917,2.082,2.0893,333800.01,0.0,0.0,0
15m,1743937200.0,2.0893,2.0908,2.0806,2.0817,304094.78,0.0,0.0,0
15m,1743938100.0,2.0817,2.0847,2.0778,2.0832,219988.05,0.0,0.0,0
15m,1743939000.0,2.0832,2.0863,2.0801,2.0859,311312.99,0.0,0.0,0
15m,1743939900.0,2.0859,2.0885,2.0815,2.0856,242045.85,0.0,0.0,0
15m,1743940800.0,2.0856,2.0915,2.0833,2.0883,198855.54,0.0,0.0,0
15m,1743941700.0,2.0883,2.0899,2.0808,2.0835,163391.85,0.0,0.0,0
15m,1743942600.0,2.0835,2.0838,2.0703,2.0753,741229.31,0.0,0.0,0
15m,1743943500.0,2.0753,2.0764,2.0669,2.0697,333230.05,0.0,0.0,0
15m,1743944400.0,2.0697,2.0745,2.0666,2.0719,225621.27,0.0,0.0,0
15m,1743945300.0,2.0719,2.072,2.0588,2.0609,374177.4,0.0,0.0,0
15m,1743946200.0,2.0609,2.0657,2.0538,2.0552,462059.24,0.0,0.0,0
15m,1743947100.0,2.0552,2.0593,2.0481,2.0509,1119380.41,0.0,0.0,0
15m,1743948000.0,2.0509,2.0729,2.046,2.0726,809744.41,0.0,0.0,0
15m,1743948900.0,2.0726,2.0739,2.0621,2.064,786652.75,0.0,0.0,0
15m,1743949800.0,2.064,2.0753,2.0625,2.0751,579742.35,0.0,0.0,0
15m,1743950700.0,2.0751,2.0948,2.0739,2.0925,1229229.54,0.0,0.0,0
15m,1743951600.0,2.0925,2.0927,2.0757,2.0818,784291.74,0.0,0.0,0
15m,1743952500.0,2.0818,2.0843,2.0735,2.0745,207963.97,0.0,0.0,0
15m,1743953400.0,2.0745,2.0826,2.0743,2.0814,115527.73,0.0,0.0,0
15m,1743954300.0,2.0814,2.0831,2.0724,2.0745,536305.03,0.0,0.0,0
15m,1743955200.0,2.0745,2.0745,2.0646,2.067,247537.18,0.0,0.0,0
15m,1743956100.0,2.067,2.0754,2.0633,2.0715,389251.84,0.0,0.0,0
15m,1743957000.0,2.0715,2.0744,2.061,2.0618,181109.44,0.0,0.0,0
15m,1743957900.0,2.0618,2.0665,2.057,2.0592,565426.45,0.0,0.0,0
15m,1743958800.0,2.0592,2.0649,2.052,2.053,636847.36,0.0,0.0,0
15m,1743959700.0,2.053,2.064,2.046,2.0535,556806.77,0.0,0.0,0
15m,1743960600.0,2.0535,2.0536,2.0322,2.0367,1169858.16,0.0,0.0,0
15m,1743961500.0,2.0367,2.057,2.0262,2.0335,1571768.98,0.0,0.0,0
15m,1743962400.0,2.0335,2.0371,2.0184,2.0334,1832903.52,0.0,0.0,0
15m,1743963300.0,2.0334,2.0334,2.0008,2.0008,2718151.56,0.0,0.0,0
15m,1743964200.0,2.0008,2.0141,1.9948,1.9948,2291157.69,0.0,0.0,0
15m,1743965100.0,1.9948,2.0098,1.9751,1.9956,2473789.19,0.0,0.0,0
15m,1743966000.0,1.9956,2.0095,1.9781,1.9938,1949384.53,0.0,0.0,0
15m,1743966900.0,1.9938,2.0097,1.9863,1.9993,1209168.65,0.0,0.0,0
15m,1743967800.0,1.9993,2.006,1.99,1.9936,939499.42,0.0,0.0,0
15m,1743968700.0,1.9936,2.0016,1.9802,1.9953,849415.71,0.0,0.0,0
15m,1743969600.0,1.9953,2.0041,1.99,1.9915,1237205.27,0.0,0.0,0
15m,1743970500.0,1.9915,1.9951,1.9832,1.9889,801172.28,0.0,0.0,0
15m,1743971400.0,1.9889,1.991,1.9395,1.9806,5948175.35,0.0,0.0,0
15m,1743972300.0,1.9806,1.9815,1.9378,1.9488,2668337.37,0.0,0.0,0
15m,1743973200.0,1.9488,1.9774,1.9437,1.9746,2135839.28,0.0,0.0,0
15m,1743974100.0,1.9746,1.9957,1.9726,1.9752,1518529.15,0.0,0.0,0
15m,1743975000.0,1.9752,1.9782,1.9615,1.9625,857434.83,0.0,0.0,0
15m,1743975900.0,1.9625,1.9765,1.9503,1.9541,759901.98,0.0,0.0,0
15m,1743976800.0,1.9541,1.9787,1.9337,1.9707,6802724.37,0.0,0.0,0
15m,1743977700.0,1.9707,1.9742,1.947,1.96,1546643.0,0.0,0.0,0
15m,1743978600.0,1.96,1.9602,1.9144,1.9152,2899584.57,0.0,0.0,0
15m,1743979500.0,1.9152,1.9284,1.9058,1.9161,2586657.5,0.0,0.0,0
15m,1743980400.0,1.9161,1.9223,1.8925,1.9104,3423415.63,0.0,0.0,0
15m,1743981300.0,1.9104,1.9129,1.8621,1.8676,5003700.77,0.0,0.0,0
15m,1743982200.0,1.8676,1.9264,1.8665,1.9264,3429673.54,0.0,0.0,0
15m,1743983100.0,1.9264,1.9336,1.9102,1.9217,2070515.14,0.0,0.0,0
15m,1743984000.0,1.9217,1.9301,1.8864,1.8866,2574869.57,0.0,0.0,0
15m,1743984900.0,1.8866,1.9149,1.8866,1.9134,1387206.91,0.0,0.0,0
15m,1743985800.0,1.9134,1.9139,1.8919,1.8981,1034018.75,0.0,0.0,0
15m,1743986700.0,1.8981,1.904,1.873,1.9006,1464553.21,0.0,0.0,0
15m,1743987600.0,1.9006,1.931,1.9006,1.9302,1449241.93,0.0,0.0,0
15m,1743988500.0,1.9302,1.9542,1.9214,1.937,1827409.63,0.0,0.0,0
15m,1743989400.0,1.937,1.9427,1.912,1.9195,1166285.96,0.0,0.0,0
15m,1743990300.0,1.9195,1.9358,1.9166,1.9336,1048230.3,0.0,0.0,0
15m,1743991200.0,1.9336,1.9395,1.9237,1.9333,1190790.72,0.0,0.0,0
15m,1743992100.0,1.9333,1.9395,1.9077,1.9095,1380374.39,0.0,0.0,0
15m,1743993000.0,1.9095,1.9161,1.9005,1.9017,742371.04,0.0,0.0,0
15m,1743993900.0,1.9017,1.9122,1.8932,1.8949,515844.29,0.0,0.0,0
15m,1743994800.0,1.8949,1.898,1.8723,1.8723,1221851.41,0.0,0.0,0
15m,1743995700.0,1.8723,1.8844,1.8606,1.8774,1521675.28,0.0,0.0,0
15m,1743996600.0,1.8774,1.8774,1.8,1.8019,5978650.18,0.0,0.0,0
15m,1743997500.0,1.8019,1.8247,1.8006,1.8232,1894700.47,0.0,0.0,0
15m,1743998400.0,1.8232,1.8377,1.8039,1.8147,1512047.85,0.0,0.0,0
15m,1743999300.0,1.8147,1.8345,1.8041,1.8234,1638827.64,0.0,0.0,0
15m,1744000200.0,1.8234,1.8271,1.7877,1.7883,3686051.41,0.0,0.0,0
15m,1744001100.0,1.7883,1.8088,1.7793,1.8032,3775022.66,0.0,0.0,0
15m,1744002000.0,1.8032,1.8193,1.7825,1.8066,2073467.2,0.0,0.0,0
15m,1744002900.0,1.8066,1.8141,1.7948,1.7962,1250217.33,0.0,0.0,0
15m,1744003800.0,1.7962,1.806,1.7567,1.7681,3801093.93,0.0,0.0,0
15m,1744004700.0,1.7681,1.7687,1.7503,1.7635,3604648.66,0.0,0.0,0
15m,1744005600.0,1.7635,1.7836,1.7584,1.7608,2551732.96,0.0,0.0,0
15m,1744006500.0,1.7608,1.7645,1.6775,1.6817,8209963.45,0.0,0.0,0
15m,1744007400.0,1.6817,1.7007,1.6547,1.6572,8049523.71,0.0,0.0,0
15m,1744008300.0,1.6572,1.6787,1.6129,1.6549,18646936.7,0.0,0.0,0
15m,1744009200.0,1.6549,1.698,1.6507,1.6841,8169538.59,0.0,0.0,0
15m,1744010100.0,1.6841,1.7118,1.6734,1.6783,4741399.79,0.0,0.0,0
15m,1744011000.0,1.6783,1.7073,1.6677,1.6956,3132333.28,0.0,0.0,0
15m,1744011900.0,1.6956,1.704,1.6766,1.6787,1931862.71,0.0,0.0,0
15m,1744012800.0,1.6787,1.7055,1.6739,1.6992,2917483.15,0.0,0.0,0
15m,1744013700.0,1.6992,1.7482,1.6969,1.7448,4566763.14,0.0,0.0,0
15m,1744014600.0,1.7448,1.7972,1.736,1.786,4153871.91,0.0,0.0,0
15m,1744015500.0,1.786,1.7933,1.7629,1.7657,2959158.07,0.0,0.0,0
15m,1744016400.0,1.7657,1.7795,1.7521,1.7521,2225551.05,0.0,0.0,0
15m,1744017300.0,1.7521,1.7678,1.7393,1.7607,1631417.46,0.0,0.0,0
15m,1744018200.0,1.7607,1.7755,1.753,1.7747,1191054.71,0.0,0.0,0
15m,1744019100.0,1.7747,1.7873,1.7455,1.7516,1629931.08,0.0,0.0,0
15m,1744020000.0,1.7516,1.7825,1.7463,1.7825,1602221.96,0.0,0.0,0
15m,1744020900.0,1.7825,1.8154,1.7815,1.7959,3795154.61,0.0,0.0,0
15m,1744021800.0,1.7959,1.8062,1.7833,1.7962,2164641.9,0.0,0.0,0
15m,1744022700.0,1.7962,1.7989,1.7758,1.7822,980997.63,0.0,0.0,0
15m,1744023600.0,1.7822,1.8093,1.7789,1.7946,1560377.79,0.0,0.0,0
15m,1744024500.0,1.7946,1.7972,1.7796,1.7862,1181079.8,0.0,0.0,0
15m,1744025400.0,1.7862,1.7869,1.7498,1.7568,2247904.78,0.0,0.0,0
15m,1744026300.0,1.7568,1.768,1.7488,1.7653,1378148.35,0.0,0.0,0
15m,1744027200.0,1.7653,1.7741,1.7469,1.7652,1179743.21,0.0,0.0,0
15m,1744028100.0,1.7652,1.8045,1.7562,1.7998,4896568.78,0.0,0.0,0
15m,1744029000.0,1.7998,1.81,1.7677,1.7741,4651061.34,0.0,0.0,0
15m,1744029900.0,1.7741,1.8088,1.7625,1.7972,2423101.16,0.0,0.0,0
15m,1744030800.0,1.7972,1.8122,1.7866,1.7908,2298718.75,0.0,0.0,0
15m,1744031700.0,1.7908,1.7989,1.7782,1.7814,1528675.99,0.0,0.0,0
15m,1744032600.0,1.7814,1.8059,1.7478,1.7578,4747366.88,0.0,0.0,0
15m,1744033500.0,1.7578,1.8841,1.7519,1.8707,24440039.57,0.0,0.0,0
15m,1744034400.0,1.8707,1.9583,1.8578,1.9373,20398459.95,0.0,0.0,0
15m,1744035300.0,1.9373,2.0073,1.8671,1.8791,39425484.79,0.0,0.0,0
15m,1744036200.0,1.8791,1.9261,1.8505,1.8725,15731589.2,0.0,0.0,0
15m,1744037100.0,1.8725,1.9041,1.8587,1.8924,5580502.98,0.0,0.0,0
15m,1744038000.0,1.8924,1.9128,1.8602,1.8633,4070407.15,0.0,0.0,0
15m,1744038900.0,1.8633,1.8826,1.8442,1.8595,7548309.26,0.0,0.0,0
15m,1744039800.0,1.8595,1.8973,1.8595,1.8942,2254883.81,0.0,0.0,0
15m,1744040700.0,1.8942,1.8958,1.8708,1.8745,1761212.74,0.0,0.0,0
15m,1744041600.0,1.8745,1.8799,1.8598,1.8735,1806302.05,0.0,0.0,0
15m,1744042500.0,1.8735,1.877,1.8513,1.8759,1376687.37,0.0,0.0,0
15m,1744043400.0,1.8759,1.8889,1.8619,1.8675,956667.59,0.0,0.0,0
15m,1744044300.0,1.8675,1.8676,1.8375,1.8416,2052906.14,0.0,0.0,0
15m,1744045200.0,1.8416,1.8849,1.8412,1.8808,3815736.71,0.0,0.0,0
15m,1744046100.0,1.8808,1.8929,1.8707,1.8912,1631175.95,0.0,0.0,0
15m,1744047000.0,1.8912,1.9177,1.8849,1.9151,2017473.98,0.0,0.0,0
15m,1744047900.0,1.9151,1.9247,1.9031,1.9137,1838634.89,0.0,0.0,0
15m,1744048800.0,1.9137,1.9176,1.8999,1.9015,1206385.51,0.0,0.0,0
15m,1744049700.0,1.9015,1.9221,1.8935,1.8942,1369428.98,0.0,0.0,0
15m,1744050600.0,1.8942,1.9194,1.8885,1.9146,1036178.27,0.0,0.0,0
15m,1744051500.0,1.9146,1.9241,1.8894,1.8909,1044422.5,0.0,0.0,0
15m,1744052400.0,1.8909,1.9118,1.8813,1.8905,1318487.35,0.0,0.0,0
15m,1744053300.0,1.8905,1.9054,1.8829,1.8888,1137383.62,0.0,0.0,0
15m,1744054200.0,1.8888,1.9205,1.8875,1.8952,1107735.05,0.0,0.0,0
15m,1744055100.0,1.8952,1.9077,1.8847,1.889,968393.45,0.0,0.0,0
15m,1744056000.0,1.889,1.9107,1.8886,1.9012,675283.69,0.0,0.0,0
15m,1744056900.0,1.9012,1.9215,1.9012,1.9203,819160.17,0.0,0.0,0
15m,1744057800.0,1.9203,1.95,1.9203,1.9472,2043178.95,0.0,0.0,0
15m,1744058700.0,1.9472,1.9486,1.9232,1.9309,738687.42,0.0,0.0,0
15m,1744059600.0,1.9309,1.9331,1.9137,1.9218,846062.26,0.0,0.0,0
15m,1744060500.0,1.9218,1.9287,1.9037,1.9117,949091.63,0.0,0.0,0
15m,1744061400.0,1.9117,1.9125,1.8983,1.9061,927359.23,0.0,0.0,0
15m,1744062300.0,1.9061,1.9318,1.9061,1.9109,573816.6,0.0,0.0,0
15m,1744063200.0,1.9109,1.9357,1.9106,1.9318,531374.36,0.0,0.0,0
15m,1744064100.0,1.9318,1.9477,1.9312,1.9407,822224.59,0.0,0.0,0
15m,1744065000.0,1.9407,1.9407,1.9284,1.9384,433808.73,0.0,0.0,0
15m,1744065900.0,1.9384,1.9414,1.9267,1.9308,672332.68,0.0,0.0,0
15m,1744066800.0,1.9308,1.9352,1.9209,1.924,605572.28,0.0,0.0,0
15m,1744067700.0,1.924,1.9247,1.9074,1.9107,930316.0,0.0,0.0,0
15m,1744068600.0,1.9107,1.9152,1.8958,1.8994,797300.39,0.0,0.0,0
15m,1744069500.0,1.8994,1.9078,1.895,1.8985,413991.03,0.0,0.0,0
15m,1744070400.0,1.8985,1.9085,1.8897,1.9043,698168.31,0.0,0.0,0
15m,1744071300.0,1.9043,1.9091,1.8888,1.8891,1326509.92,0.0,0.0,0
15m,1744072200.0,1.8891,1.8902,1.8694,1.8839,1788018.04,0.0,0.0,0
15m,1744073100.0,1.8839,1.8847,1.8621,1.8669,1534428.9,0.0,0.0,0
15m,1744074000.0,1.8669,1.8814,1.8601,1.8763,1176007.36,0.0,0.0,0
15m,1744074900.0,1.8763,1.8993,1.8676,1.8958,753708.97,0.0,0.0,0
15m,1744075800.0,1.8958,1.9237,1.8902,1.9161,898069.3,0.0,0.0,0
15m,1744076700.0,1.9161,1.9245,1.9067,1.9194,883582.54,0.0,0.0,0
15m,1744077600.0,1.9194,1.9354,1.9115,1.928,1010765.98,0.0,0.0,0
15m,1744078500.0,1.928,1.9335,1.9247,1.9254,773005.62,0.0,0.0,0
15m,1744079400.0,1.9254,1.9254,1.9131,1.9152,625793.6,0.0,0.0,0
15m,1744080300.0,1.9152,1.9193,1.9099,1.9121,457574.71,0.0,0.0,0
15m,1744081200.0,1.9121,1.9227,1.9092,1.9179,497333.5,0.0,0.0,0
15m,1744082100.0,1.9179,1.9181,1.9023,1.9149,585812.97,0.0,0.0,0
15m,1744083000.0,1.9149,1.9157,1.9006,1.9016,394613.14,0.0,0.0,0
15m,1744083900.0,1.9016,1.9053,1.8971,1.9044,233552.33,0.0,0.0,0
15m,1744084800.0,1.9044,1.9091,1.896,1.9066,385059.88,0.0,0.0,0
15m,1744085700.0,1.9066,1.9146,1.9004,1.9125,348498.96,0.0,0.0,0
15m,1744086600.0,1.9125,1.9187,1.9026,1.9111,352135.02,0.0,0.0,0
15m,1744087500.0,1.9111,1.9187,1.9052,1.9164,378690.86,0.0,0.0,0
15m,1744088400.0,1.9164,1.9191,1.8936,1.8968,552372.31,0.0,0.0,0
15m,1744089300.0,1.8968,1.899,1.8808,1.8815,746103.32,0.0,0.0,0
15m,1744090200.0,1.8815,1.8926,1.8802,1.8864,707239.66,0.0,0.0,0
15m,1744091100.0,1.8864,1.895,1.884,1.894,616086.69,0.0,0.0,0
15m,1744092000.0,1.894,1.894,1.8661,1.8714,1388784.66,0.0,0.0,0
15m,1744092900.0,1.8714,1.8762,1.8669,1.872,353224.48,0.0,0.0,0
15m,1744093800.0,1.872,1.8755,1.8644,1.8681,901541.39,0.0,0.0,0
15m,1744094700.0,1.8681,1.8698,1.8577,1.8604,758108.33,0.0,0.0,0
15m,1744095600.0,1.8604,1.8646,1.8481,1.8575,668676.72,0.0,0.0,0
15m,1744096500.0,1.8575,1.8697,1.8508,1.8663,1464441.6,0.0,0.0,0
15m,1744097400.0,1.8663,1.8698,1.8601,1.8652,648133.53,0.0,0.0,0
15m,1744098300.0,1.8652,1.8708,1.8541,1.8679,402870.18,0.0,0.0,0
15m,1744099200.0,1.8679,1.87,1.854,1.8552,531010.45,0.0,0.0,0
15m,1744100100.0,1.8552,1.8614,1.8511,1.8569,583805.99,0.0,0.0,0
15m,1744101000.0,1.8569,1.8696,1.8569,1.8683,502780.05,0.0,0.0,0
15m,1744101900.0,1.8683,1.8746,1.8634,1.8733,678774.11,0.0,0.0,0
15m,1744102800.0,1.8733,1.8789,1.8673,1.8758,970981.23,0.0,0.0,0
15m,1744103700.0,1.8758,1.8767,1.865,1.8651,350729.77,0.0,0.0,0
15m,1744104600.0,1.8651,1.8887,1.8651,1.8836,727674.56,0.0,0.0,0
15m,1744105500.0,1.8836,1.8859,1.8744,1.8755,379725.9,0.0,0.0,0
15m,1744106400.0,1.8755,1.886,1.8719,1.8794,282991.45,0.0,0.0,0
15m,1744107300.0,1.8794,1.8876,1.878,1.8839,421881.38,0.0,0.0,0
15m,1744108200.0,1.8839,1.8963,1.881,1.8885,768736.21,0.0,0.0,0
15m,1744109100.0,1.8885,1.8941,1.8859,1.892,586851.73,0.0,0.0,0
15m,1744110000.0,1.892,1.9042,1.8865,1.899,898887.12,0.0,0.0,0
15m,1744110900.0,1.899,1.917,1.8956,1.9168,711362.59,0.0,0.0,0
15m,1744111800.0,1.9168,1.9332,1.9157,1.9267,1326859.34,0.0,0.0,0
15m,1744112700.0,1.9267,1.9702,1.9267,1.959,4252676.26,0.0,0.0,0
15m,1744113600.0,1.959,1.9732,1.9454,1.9545,3371495.91,0.0,0.0,0
15m,1744114500.0,1.9545,1.9558,1.9348,1.9422,1469654.54,0.0,0.0,0
15m,1744115400.0,1.9422,1.9455,1.9268,1.9311,809209.08,0.0,0.0,0
15m,1744116300.0,1.9311,1.9601,1.9306,1.9526,835144.9,0.0,0.0,0
15m,1744117200.0,1.9526,1.9664,1.9436,1.9546,1684675.77,0.0,0.0,0
15m,1744118100.0,1.9546,1.9653,1.9489,1.9613,1237174.95,0.0,0.0,0
15m,1744119000.0,1.9613,1.9752,1.9376,1.9533,2236332.12,0.0,0.0,0
15m,1744119900.0,1.9533,1.9619,1.9399,1.9516,1124575.69,0.0,0.0,0
15m,1744120800.0,1.9516,1.9674,1.9464,1.9493,1482168.86,0.0,0.0,0
15m,1744121700.0,1.9493,1.9561,1.9289,1.9327,1704455.75,0.0,0.0,0
15m,1744122600.0,1.9327,1.9396,1.9185,1.9206,2629267.49,0.0,0.0,0
15m,1744123500.0,1.9206,1.9263,1.8981,1.8986,2067723.32,0.0,0.0,0
15m,1744124400.0,1.8986,1.9095,1.8945,1.8982,1157657.96,0.0,0.0,0
15m,1744125300.0,1.8982,1.9056,1.8907,1.9,1049529.16,0.0,0.0,0
15m,1744126200.0,1.9,1.9162,1.8991,1.9107,1603400.16,0.0,0.0,0
15m,1744127100.0,1.9107,1.9137,1.8955,1.9046,563104.08,0.0,0.0,0
15m,1744128000.0,1.9046,1.9096,1.8908,1.8914,756781.15,0.0,0.0,0
15m,1744128900.0,1.8914,1.8971,1.8767,1.8931,2060092.95,0.0,0.0,0
15m,1744129800.0,1.8931,1.8996,1.8633,1.8661,1322843.7,0.0,0.0,0
15m,1744130700.0,1.8661,1.8732,1.8558,1.8636,1590970.62,0.0,0.0,0
15m,1744131600.0,1.8636,1.8684,1.8373,1.8454,1719475.81,0.0,0.0,0
15m,1744132500.0,1.8454,1.8489,1.8059,1.8106,2044935.39,0.0,0.0,0
15m,1744133400.0,1.8106,1.8606,1.8088,1.8486,2914115.1,0.0,0.0,0
15m,1744134300.0,1.8486,1.8681,1.8336,1.8639,2562320.66,0.0,0.0,0
15m,1744135200.0,1.8639,1.87,1.8463,1.8484,1128706.5,0.0,0.0,0
15m,1744136100.0,1.8484,1.8761,1.8477,1.8595,952366.99,0.0,0.0,0
15m,1744137000.0,1.8595,1.8815,1.8538,1.8538,1367796.21,0.0,0.0,0
15m,1744137900.0,1.8538,1.8612,1.8488,1.8517,576078.09,0.0,0.0,0
15m,1744138800.0,1.8517,1.8573,1.8295,1.8322,2128353.08,0.0,0.0,0
15m,1744139700.0,1.8322,1.8408,1.8229,1.8356,1259707.78,0.0,0.0,0
15m,1744140600.0,1.8356,1.8363,1.8115,1.8125,1000490.7,0.0,0.0,0
15m,1744141500.0,1.8125,1.8362,1.8111,1.8255,1522328.45,0.0,0.0,0
15m,1744142400.0,1.8255,1.8324,1.8109,1.8209,934404.29,0.0,0.0,0
15m,1744143300.0,1.8209,1.8319,1.8104,1.816,582823.92,0.0,0.0,0
15m,1744144200.0,1.816,1.8434,1.8157,1.8393,749482.57,0.0,0.0,0
15m,1744145100.0,1.8393,1.8411,1.8271,1.8328,434294.08,0.0,0.0,0
15m,1744146000.0,1.8328,1.8397,1.8152,1.821,601997.27,0.0,0.0,0
15m,1744146900.0,1.821,1.8228,1.8015,1.8024,1018287.07,0.0,0.0,0
15m,1744147800.0,1.8024,1.8227,1.7965,1.8201,843307.52,0.0,0.0,0
15m,1744148700.0,1.8201,1.8273,1.815,1.8271,209904.57,0.0,0.0,0
15m,1744149600.0,1.8271,1.8281,1.7984,1.8092,649660.08,0.0,0.0,0
15m,1744150500.0,1.8092,1.8203,1.8007,1.8082,763310.17,0.0,0.0,0
15m,1744151400.0,1.8082,1.811,1.7774,1.7925,1555670.26,0.0,0.0,0
15m,1744152300.0,1.7925,1.8061,1.7856,1.8039,1247966.62,0.0,0.0,0
15m,1744153200.0,1.8039,1.8063,1.7885,1.7903,713121.41,0.0,0.0,0
15m,1744154100.0,1.7903,1.7981,1.78,1.7911,811629.29,0.0,0.0,0
15m,1744155000.0,1.7911,1.8005,1.7888,1.7895,467627.81,0.0,0.0,0
15m,1744155900.0,1.7895,1.7999,1.786,1.7964,489738.65,0.0,0.0,0
15m,1744156800.0,1.7964,1.8107,1.7787,1.8059,1371460.14,0.0,0.0,0
15m,1744157700.0,1.8059,1.8077,1.7905,1.803,1144436.0,0.0,0.0,0
15m,1744158600.0,1.803,1.8131,1.778,1.7916,843467.75,0.0,0.0,0
15m,1744159500.0,1.7916,1.7998,1.7755,1.784,1788527.42,0.0,0.0,0
15m,1744160400.0,1.784,1.7867,1.7368,1.7382,3236670.99,0.0,0.0,0
15m,1744161300.0,1.7382,1.7514,1.7218,1.7256,3042282.51,0.0,0.0,0
15m,1744162200.0,1.7256,1.7722,1.7249,1.7567,2165940.8,0.0,0.0,0
15m,1744163100.0,1.7567,1.7872,1.7541,1.7797,1560863.2,0.0,0.0,0
15m,1744164000.0,1.7797,1.7955,1.7785,1.7859,1171916.5,0.0,0.0,0
15m,1744164900.0,1.7859,1.79,1.7691,1.7768,1137288.94,0.0,0.0,0
15m,1744165800.0,1.7768,1.7925,1.7712,1.7724,716662.91,0.0,0.0,0
15m,1744166700.0,1.7724,1.7812,1.7642,1.7675,822196.27,0.0,0.0,0
15m,1744167600.0,1.7675,1.7751,1.7593,1.7628,672284.29,0.0,0.0,0
15m,1744168500.0,1.7628,1.7662,1.746,1.7463,654717.83,0.0,0.0,0
15m,1744169400.0,1.7463,1.7572,1.7397,1.7442,946133.88,0.0,0.0,0
15m,1744170300.0,1.7442,1.7556,1.7442,1.7475,590980.64,0.0,0.0,0
15m,1744171200.0,1.7475,1.7813,1.7436,1.7703,2220368.75,0.0,0.0,0
15m,1744172100.0,1.7703,1.7865,1.7623,1.768,1610544.66,0.0,0.0,0
15m,1744173000.0,1.768,1.7987,1.767,1.7925,1368566.91,0.0,0.0,0
15m,1744173900.0,1.7925,1.8023,1.7843,1.7854,915239.78,0.0,0.0,0
15m,1744174800.0,1.7854,1.8051,1.7826,1.7973,1143799.19,0.0,0.0,0
15m,1744175700.0,1.7973,1.8169,1.7938,1.8096,1333403.77,0.0,0.0,0
15m,1744176600.0,1.8096,1.8127,1.8026,1.8073,964917.69,0.0,0.0,0
15m,1744177500.0,1.8073,1.8118,1.7975,1.802,911699.34,0.0,0.0,0
15m,1744178400.0,1.802,1.826,1.7995,1.8243,988555.04,0.0,0.0,0
15m,1744179300.0,1.8243,1.8251,1.803,1.8056,743127.75,0.0,0.0,0
15m,1744180200.0,1.8056,1.8146,1.8025,1.8118,600223.53,0.0,0.0,0
15m,1744181100.0,1.8118,1.8128,1.7988,1.8019,716404.54,0.0,0.0,0
15m,1744182000.0,1.8019,1.8317,1.8005,1.8262,2917620.95,0.0,0.0,0
15m,1744182900.0,1.8262,1.8278,1.8136,1.8243,998923.96,0.0,0.0,0
15m,1744183800.0,1.8243,1.8383,1.8211,1.8371,1170711.95,0.0,0.0,0
15m,1744184700.0,1.8371,1.8375,1.8241,1.8317,1075646.73,0.0,0.0,0
15m,1744185600.0,1.8317,1.8381,1.8225,1.8338,846668.99,0.0,0.0,0
15m,1744186500.0,1.8338,1.8452,1.8281,1.8332,778119.55,0.0,0.0,0
15m,1744187400.0,1.8332,1.8332,1.8231,1.8279,811258.98,0.0,0.0,0
15m,1744188300.0,1.8279,1.8306,1.8211,1.8285,1107151.48,0.0,0.0,0
15m,1744189200.0,1.8285,1.8351,1.8233,1.8324,548845.96,0.0,0.0,0
15m,1744190100.0,1.8324,1.8333,1.8226,1.8234,347901.33,0.0,0.0,0
15m,1744191000.0,1.8234,1.8238,1.8156,1.8233,433068.66,0.0,0.0,0
15m,1744191900.0,1.8233,1.8304,1.8211,1.827,488275.42,0.0,0.0,0
15m,1744192800.0,1.827,1.8357,1.8215,1.8341,495695.63,0.0,0.0,0
15m,1744193700.0,1.8341,1.8405,1.8242,1.8273,403680.31,0.0,0.0,0
15m,1744194600.0,1.8273,1.8285,1.8179,1.8217,451003.01,0.0,0.0,0
15m,1744195500.0,1.8217,1.8419,1.8209,1.8338,1615029.98,0.0,0.0,0
15m,1744196400.0,1.8338,1.8342,1.7873,1.803,4287345.73,0.0,0.0,0
15m,1744197300.0,1.803,1.8127,1.7899,1.7983,1561463.49,0.0,0.0,0
15m,1744198200.0,1.7983,1.8012,1.7654,1.7712,2465867.76,0.0,0.0,0
15m,1744199100.0,1.7712,1.7911,1.7637,1.7819,1821165.93,0.0,0.0,0
15m,1744200000.0,1.7819,1.7956,1.7747,1.7952,1093007.93,0.0,0.0,0
15m,1744200900.0,1.7952,1.7989,1.7749,1.7749,1448182.19,0.0,0.0,0
15m,1744201800.0,1.7749,1.7883,1.7653,1.7883,1077830.14,0.0,0.0,0
15m,1744202700.0,1.7883,1.8083,1.7827,1.7943,1423170.26,0.0,0.0,0
15m,1744203600.0,1.7943,1.8051,1.7905,1.793,1154643.25,0.0,0.0,0
15m,1744204500.0,1.793,1.7988,1.7829,1.7857,880281.49,0.0,0.0,0
15m,1744205400.0,1.7857,1.8659,1.7854,1.8231,5925722.61,0.0,0.0,0
15m,1744206300.0,1.8231,1.8367,1.8135,1.8235,2497065.71,0.0,0.0,0
15m,1744207200.0,1.8235,1.8455,1.816,1.8192,1776774.72,0.0,0.0,0
15m,1744208100.0,1.8192,1.8411,1.8192,1.834,1485059.71,0.0,0.0,0
15m,1744209000.0,1.834,1.846,1.8287,1.8327,962358.42,0.0,0.0,0
15m,1744209900.0,1.8327,1.8418,1.8138,1.8147,1152318.61,0.0,0.0,0
15m,1744210800.0,1.8147,1.8343,1.814,1.8293,918458.24,0.0,0.0,0
15m,1744211700.0,1.8293,1.8431,1.8292,1.8361,770034.75,0.0,0.0,0
15m,1744212600.0,1.8361,1.8422,1.8233,1.8255,546537.21,0.0,0.0,0
15m,1744213500.0,1.8255,1.8422,1.8255,1.8287,664286.29,0.0,0.0,0
15m,1744214400.0,1.8287,1.8485,1.824,1.8444,702118.36,0.0,0.0,0
15m,1744215300.0,1.8444,1.8472,1.8335,1.8348,313491.04,0.0,0.0,0
15m,1744216200.0,1.8348,1.8552,1.8323,1.8517,616195.05,0.0,0.0,0
15m,1744217100.0,1.8517,1.8661,1.8473,1.8634,756739.63,0.0,0.0,0
15m,1744218000.0,1.8634,1.8841,1.8588,1.8685,2211398.74,0.0,0.0,0
15m,1744218900.0,1.8685,2.0081,1.846,1.9876,18454951.19,0.0,0.0,0
15m,1744219800.0,1.9876,2.0843,1.9815,2.009,14538969.16,0.0,0.0,0
15m,1744220700.0,2.009,2.085,2.0088,2.0704,7388199.36,0.0,0.0,0
15m,1744221600.0,2.0704,2.0864,2.0368,2.0462,5236507.3,0.0,0.0,0
15m,1744222500.0,2.0462,2.0552,2.0306,2.0409,3195581.21,0.0,0.0,0
15m,1744223400.0,2.0409,2.0549,2.0264,2.0278,1705395.75,0.0,0.0,0
15m,1744224300.0,2.0278,2.0337,2.0031,2.0045,2588107.08,0.0,0.0,0
15m,1744225200.0,2.0045,2.0341,2.0045,2.0335,1594357.45,0.0,0.0,0
15m,1744226100.0,2.0335,2.0441,2.0271,2.0387,1208686.03,0.0,0.0,0
15m,1744227000.0,2.0387,2.051,2.0372,2.0467,811102.44,0.0,0.0,0
15m,1744227900.0,2.0467,2.0477,2.0298,2.0388,968674.26,0.0,0.0,0
15m,1744228800.0,2.0388,2.053,2.0388,2.0407,622756.04,0.0,0.0,0
15m,1744229700.0,2.0407,2.0484,2.0328,2.0356,471073.0,0.0,0.0,0
15m,1744230600.0,2.0356,2.0511,2.0325,2.0496,538233.73,0.0,0.0,0
15m,1744231500.0,2.0496,2.0757,2.0463,2.0711,994312.21,0.0,0.0,0
15m,1744232400.0,2.0711,2.081,2.0534,2.08,1187895.94,0.0,0.0,0
15m,1744233300.0,2.08,2.0904,2.067,2.0861,1485697.94,0.0,0.0,0
15m,1744234200.0,2.0861,2.0887,2.0596,2.0654,1403171.47,0.0,0.0,0
15m,1744235100.0,2.0654,2.0877,2.063,2.0782,422648.75,0.0,0.0,0
15m,1744236000.0,2.0782,2.0835,2.0683,2.0687,413557.74,0.0,0.0,0
15m,1744236900.0,2.0687,2.0812,2.0687,2.0744,798208.57,0.0,0.0,0
15m,1744237800.0,2.0744,2.0794,2.0606,2.0611,354506.4,0.0,0.0,0
15m,1744238700.0,2.0611,2.0687,2.0601,2.066,295923.5,0.0,0.0,0
15m,1744239600.0,2.066,2.072,2.0564,2.0575,531904.33,0.0,0.0,0
15m,1744240500.0,2.0575,2.0581,2.0475,2.0551,703586.12,0.0,0.0,0
15m,1744241400.0,2.0551,2.0595,2.051,2.0522,428902.22,0.0,0.0,0
15m,1744242300.0,2.0522,2.055,2.0469,2.0528,427085.7,0.0,0.0,0
15m,1744243200.0,2.0528,2.0573,2.0326,2.0327,966270.36,0.0,0.0,0
15m,1744244100.0,2.0327,2.04,2.0256,2.0259,833279.19,0.0,0.0,0
15m,1744245000.0,2.0259,2.0299,2.0086,2.0137,1009593.35,0.0,0.0,0
15m,1744245900.0,2.0137,2.0324,2.0121,2.0302,456251.6,0.0,0.0,0
15m,1744246800.0,2.0302,2.0371,2.0285,2.0327,503859.16,0.0,0.0,0
15m,1744247700.0,2.0327,2.0344,2.0211,2.0245,628208.29,0.0,0.0,0
15m,1744248600.0,2.0245,2.0249,2.0126,2.018,328841.73,0.0,0.0,0
15m,1744249500.0,2.018,2.025,2.0155,2.0178,203191.27,0.0,0.0,0
15m,1744250400.0,2.0178,2.0281,2.0131,2.0274,322086.31,0.0,0.0,0
15m,1744251300.0,2.0274,2.0314,2.0231,2.0252,371094.63,0.0,0.0,0
15m,1744252200.0,2.0252,2.0264,2.0167,2.0174,533193.97,0.0,0.0,0
15m,1744253100.0,2.0174,2.0183,2.0077,2.0105,447119.19,0.0,0.0,0
15m,1744254000.0,2.0105,2.0116,1.9819,1.9823,1146370.12,0.0,0.0,0
15m,1744254900.0,1.9823,1.9902,1.971,1.988,1565801.42,0.0,0.0,0
15m,1744255800.0,1.988,1.9953,1.9753,1.9949,535210.0,0.0,0.0,0
15m,1744256700.0,1.9949,2.0023,1.99,2.0023,325130.88,0.0,0.0,0
15m,1744257600.0,2.0023,2.0098,1.9945,1.9951,605823.2,0.0,0.0,0
15m,1744258500.0,1.9951,1.9979,1.9793,1.9794,581533.45,0.0,0.0,0
15m,1744259400.0,1.9794,1.9908,1.9752,1.9897,426190.36,0.0,0.0,0
15m,1744260300.0,1.9897,1.9996,1.9888,1.9972,404289.86,0.0,0.0,0
15m,1744261200.0,1.9972,2.0058,1.9897,2.0033,482118.06,0.0,0.0,0
15m,1744262100.0,2.0033,2.0113,2.0003,2.0088,381295.11,0.0,0.0,0
15m,1744263000.0,2.0088,2.0132,2.0039,2.0106,511919.3,0.0,0.0,0
15m,1744263900.0,2.0106,2.0117,1.9988,2.005,1160963.51,0.0,0.0,0
15m,1744264800.0,2.005,2.0171,2.0042,2.0142,350832.52,0.0,0.0,0
15m,1744265700.0,2.0142,2.0164,2.005,2.007,413055.1,0.0,0.0,0
15m,1744266600.0,2.007,2.0083,1.9894,1.9908,470265.44,0.0,0.0,0
15m,1744267500.0,1.9908,1.9976,1.9885,1.9965,423362.25,0.0,0.0,0
15m,1744268400.0,1.9965,2.0078,1.9921,2.0034,795860.47,0.0,0.0,0
15m,1744269300.0,2.0034,2.0069,1.9983,1.9993,324275.09,0.0,0.0,0
15m,1744270200.0,1.9993,1.9993,1.9749,1.9867,1905605.23,0.0,0.0,0
15m,1744271100.0,1.9867,1.9963,1.9858,1.9899,938662.04,0.0,0.0,0
15m,1744272000.0,1.9899,2.0012,1.9829,1.9987,684225.27,0.0,0.0,0
15m,1744272900.0,1.9987,2.0012,1.9889,1.9954,245249.96,0.0,0.0,0
15m,1744273800.0,1.9954,1.9958,1.9836,1.9946,469111.55,0.0,0.0,0
15m,1744274700.0,1.9946,1.9947,1.9851,1.9893,340552.54,0.0,0.0,0
15m,1744275600.0,1.9893,1.9913,1.9838,1.991,1709970.84,0.0,0.0,0
15m,1744276500.0,1.991,2.0076,1.991,2.0022,715697.74,0.0,0.0,0
15m,1744277400.0,2.0022,2.0118,1.9986,1.9994,305902.23,0.0,0.0,0
15m,1744278300.0,1.9994,2.0105,1.9983,2.0097,214513.28,0.0,0.0,0
15m,1744279200.0,2.0097,2.0112,2.0037,2.01,298762.42,0.0,0.0,0
15m,1744280100.0,2.01,2.0147,1.9982,2.0012,385844.58,0.0,0.0,0
15m,1744281000.0,2.0012,2.0038,1.9927,1.9932,301770.47,0.0,0.0,0
15m,1744281900.0,1.9932,2.0057,1.9916,2.0037,217248.56,0.0,0.0,0
15m,1744282800.0,2.0037,2.0075,1.9914,1.9914,298266.71,0.0,0.0,0
15m,1744283700.0,1.9914,1.9919,1.9833,1.9839,1728110.12,0.0,0.0,0
15m,1744284600.0,1.9839,1.9972,1.9802,1.9942,421405.2,0.0,0.0,0
15m,1744285500.0,1.9942,2.0019,1.9915,1.9996,295032.75,0.0,0.0,0
15m,1744286400.0,1.9996,2.0128,1.9888,2.0042,1252926.88,0.0,0.0,0
15m,1744287300.0,2.0042,2.0376,1.9995,2.0251,1550521.7,0.0,0.0,0
15m,1744288200.0,2.0251,2.045,2.01,2.0154,2566219.68,0.0,0.0,0
15m,1744289100.0,2.0154,2.0167,1.9909,1.9999,1807916.71,0.0,0.0,0
15m,1744290000.0,1.9999,2.0013,1.9896,1.9962,533327.38,0.0,0.0,0
15m,1744290900.0,1.9962,2.019,1.9926,2.0107,706612.68,0.0,0.0,0
15m,1744291800.0,2.0107,2.0187,1.9767,1.9775,1554983.69,0.0,0.0,0
15m,1744292700.0,1.9775,2.0089,1.9727,1.9921,990457.03,0.0,0.0,0
15m,1744293600.0,1.9921,2.0045,1.9812,2.0015,682216.77,0.0,0.0,0
15m,1744294500.0,2.0015,2.026,2.0013,2.014,583217.33,0.0,0.0,0
15m,1744295400.0,2.014,2.0312,2.014,2.0213,541801.1,0.0,0.0,0
15m,1744296300.0,2.0213,2.0225,2.0015,2.0043,846571.22,0.0,0.0,0
15m,1744297200.0,2.0043,2.0063,1.985,1.9858,771654.53,0.0,0.0,0
15m,1744298100.0,1.9858,1.9877,1.9574,1.9577,1601902.4,0.0,0.0,0
15m,1744299000.0,1.9577,1.9605,1.9251,1.9374,3446604.65,0.0,0.0,0
15m,1744299900.0,1.9374,1.9464,1.9221,1.9337,1681568.89,0.0,0.0,0
15m,1744300800.0,1.9337,1.9551,1.925,1.9451,2013736.07,0.0,0.0,0
15m,1744301700.0,1.9451,1.9451,1.9234,1.9302,1667641.26,0.0,0.0,0
15m,1744302600.0,1.9302,1.9518,1.9291,1.9389,736091.53,0.0,0.0,0
15m,1744303500.0,1.9389,1.953,1.9286,1.9523,499053.81,0.0,0.0,0
15m,1744304400.0,1.9523,1.9652,1.9349,1.9427,1105401.69,0.0,0.0,0
15m,1744305300.0,1.9427,1.9563,1.9369,1.9515,510833.05,0.0,0.0,0
15m,1744306200.0,1.9515,1.9588,1.9444,1.953,363245.45,0.0,0.0,0
15m,1744307100.0,1.953,1.9565,1.9385,1.9406,621720.3,0.0,0.0,0
15m,1744308000.0,1.9406,1.9535,1.9389,1.9412,651248.98,0.0,0.0,0
15m,1744308900.0,1.9412,1.9643,1.9368,1.9634,496807.89,0.0,0.0,0
15m,1744309800.0,1.9634,1.9711,1.9581,1.9659,483026.53,0.0,0.0,0
15m,1744310700.0,1.9659,1.9667,1.9527,1.9611,219802.67,0.0,0.0,0
15m,1744311600.0,1.9611,1.9685,1.9558,1.9585,316557.41,0.0,0.0,0
15m,1744312500.0,1.9585,1.9659,1.9511,1.9524,450448.2,0.0,0.0,0
15m,1744313400.0,1.9524,1.9624,1.9509,1.9524,300590.19,0.0,0.0,0
15m,1744314300.0,1.9524,1.9739,1.952,1.9632,420484.99,0.0,0.0,0
15m,1744315200.0,1.9632,1.9724,1.9621,1.9723,187048.03,0.0,0.0,0
15m,1744316100.0,1.9723,1.977,1.9666,1.9682,417664.44,0.0,0.0,0
15m,1744317000.0,1.9682,1.9808,1.9675,1.9782,160221.17,0.0,0.0,0
15m,1744317900.0,1.9782,1.9902,1.9781,1.9871,249888.47,0.0,0.0,0
15m,1744318800.0,1.9871,1.9975,1.9823,1.9897,308571.41,0.0,0.0,0
15m,1744319700.0,1.9897,1.9927,1.975,1.9847,143857.7,0.0,0.0,0
15m,1744320600.0,1.9847,1.9878,1.9789,1.9851,97797.04,0.0,0.0,0
15m,1744321500.0,1.9851,1.9851,1.9685,1.9739,158434.28,0.0,0.0,0
15m,1744322400.0,1.9739,1.9786,1.9661,1.9746,273455.28,0.0,0.0,0
15m,1744323300.0,1.9746,1.9817,1.9707,1.9727,177544.27,0.0,0.0,0
15m,1744324200.0,1.9727,1.9811,1.9726,1.9755,311277.58,0.0,0.0,0
15m,1744325100.0,1.9755,1.9755,1.969,1.9693,228305.43,0.0,0.0,0
15m,1744326000.0,1.9693,1.9708,1.9624,1.9644,236513.1,0.0,0.0,0
15m,1744326900.0,1.9644,1.9696,1.9585,1.9619,478089.55,0.0,0.0,0
15m,1744327800.0,1.9619,1.9732,1.9605,1.9722,228394.32,0.0,0.0,0
15m,1744328700.0,1.9722,1.9771,1.9651,1.9661,198316.59,0.0,0.0,0
15m,1744329600.0,1.9661,1.9761,1.9616,1.9728,407591.43,0.0,0.0,0
15m,1744330500.0,1.9728,1.9749,1.9651,1.9651,237619.66,0.0,0.0,0
15m,1744331400.0,1.9651,1.9703,1.9581,1.9602,466034.58,0.0,0.0,0
15m,1744332300.0,1.9602,1.9636,1.9475,1.9514,548070.11,0.0,0.0,0
15m,1744333200.0,1.9514,1.9753,1.9508,1.9728,294156.08,0.0,0.0,0
15m,1744334100.0,1.9728,1.984,1.9724,1.977,780249.98,0.0,0.0,0
15m,1744335000.0,1.977,1.9926,1.9766,1.9816,515262.32,0.0,0.0,0
15m,1744335900.0,1.9816,1.9993,1.9791,1.9944,811792.58,0.0,0.0,0
15m,1744336800.0,1.9944,1.9959,1.9851,1.9868,358158.77,0.0,0.0,0
15m,1744337700.0,1.9868,2.0068,1.9821,2.0024,604580.07,0.0,0.0,0
15m,1744338600.0,2.0024,2.0058,1.99,1.9948,482530.42,0.0,0.0,0
15m,1744339500.0,1.9948,1.9978,1.989,1.9903,180647.2,0.0,0.0,0
15m,1744340400.0,1.9903,1.9965,1.9903,1.9938,284829.72,0.0,0.0,0
15m,1744341300.0,1.9938,2.0007,1.9888,2.0001,256265.45,0.0,0.0,0
15m,1744342200.0,2.0001,2.0019,1.9947,2.0013,626494.31,0.0,0.0,0
15m,1744343100.0,2.0013,2.0017,1.9968,2.0009,550012.06,0.0,0.0,0
15m,1744344000.0,2.0009,2.0089,1.9976,2.0083,432381.02,0.0,0.0,0
15m,1744344900.0,2.0083,2.0121,2.0027,2.01,564181.89,0.0,0.0,0
15m,1744345800.0,2.01,2.0119,2.0045,2.0091,520428.9,0.0,0.0,0
15m,1744346700.0,2.0091,2.012,2.005,2.0098,253158.36,0.0,0.0,0
15m,1744347600.0,2.0098,2.0108,2.0003,2.0033,298618.74,0.0,0.0,0
15m,1744348500.0,2.0033,2.004,1.9952,2.0034,278201.61,0.0,0.0,0
15m,1744349400.0,2.0034,2.0077,1.9963,1.9998,354448.49,0.0,0.0,0
15m,1744350300.0,1.9998,2.0042,1.9931,2.0011,600073.95,0.0,0.0,0
15m,1744351200.0,2.0011,2.0134,2.0011,2.0102,451110.01,0.0,0.0,0
15m,1744352100.0,2.0102,2.0117,1.9995,2.0002,345067.99,0.0,0.0,0
15m,1744353000.0,2.0002,2.0028,1.9963,1.9991,251709.03,0.0,0.0,0
15m,1744353900.0,1.9991,2.0047,1.9958,1.9988,312423.66,0.0,0.0,0
15m,1744354800.0,1.9988,2.0032,1.9941,1.9962,606156.39,0.0,0.0,0
15m,1744355700.0,1.9962,1.9987,1.991,1.9917,326534.24,0.0,0.0,0
15m,1744356600.0,1.9917,2.005,1.9917,2.0034,299635.79,0.0,0.0,0
15m,1744357500.0,2.0034,2.01,2.0023,2.0049,589129.71,0.0,0.0,0
15m,1744358400.0,2.0049,2.0246,1.9962,2.0057,1281069.01,0.0,0.0,0
15m,1744359300.0,2.0057,2.0065,1.9961,2.0018,540261.14,0.0,0.0,0
15m,1744360200.0,2.0018,2.0143,1.997,2.0045,451949.51,0.0,0.0,0
15m,1744361100.0,2.0045,2.0078,2.0015,2.0069,273210.44,0.0,0.0,0
15m,1744362000.0,2.0069,2.0079,1.9984,2.0007,203616.84,0.0,0.0,0
15m,1744362900.0,2.0007,2.0156,2.0006,2.0142,340694.33,0.0,0.0,0
15m,1744363800.0,2.0142,2.0233,2.0119,2.0148,496248.95,0.0,0.0,0
15m,1744364700.0,2.0148,2.023,2.0138,2.0226,480461.22,0.0,0.0,0
15m,1744365600.0,2.0226,2.024,2.0059,2.0109,706377.45,0.0,0.0,0
15m,1744366500.0,2.0109,2.024,2.0101,2.0206,852472.53,0.0,0.0,0
15m,1744367400.0,2.0206,2.0338,2.0199,2.0213,818787.39,0.0,0.0,0
15m,1744368300.0,2.0213,2.0228,2.0153,2.0183,357801.13,0.0,0.0,0
15m,1744369200.0,2.0183,2.0207,2.0122,2.0135,497204.31,0.0,0.0,0
15m,1744370100.0,2.0135,2.0163,2.01,2.013,376889.31,0.0,0.0,0
15m,1744371000.0,2.013,2.0155,2.0076,2.0139,506086.98,0.0,0.0,0
15m,1744371900.0,2.0139,2.0164,2.0075,2.0094,354200.29,0.0,0.0,0
15m,1744372800.0,2.0094,2.0113,2.0006,2.0042,443183.09,0.0,0.0,0
15m,1744373700.0,2.0042,2.0116,2.0042,2.0098,273153.25,0.0,0.0,0
15m,1744374600.0,2.0098,2.0217,2.0083,2.0105,824954.16,0.0,0.0,0
15m,1744375500.0,2.0105,2.011,1.9978,2.0014,435609.5,0.0,0.0,0
15m,1744376400.0,2.0014,2.0048,1.9922,1.9951,594001.74,0.0,0.0,0
15m,1744377300.0,1.9951,2.0027,1.9926,1.9985,315566.22,0.0,0.0,0
15m,1744378200.0,1.9985,2.0268,1.9923,2.015,1328428.93,0.0,0.0,0
15m,1744379100.0,2.015,2.0249,2.0089,2.0128,1181608.05,0.0,0.0,0
15m,1744380000.0,2.0128,2.0128,1.9916,2.0068,1669403.05,0.0,0.0,0
15m,1744380900.0,2.0068,2.0097,1.9844,1.9886,709817.07,0.0,0.0,0
15m,1744381800.0,1.9886,2.0052,1.9871,2.0035,536651.8,0.0,0.0,0
15m,1744382700.0,2.0035,2.0128,1.9992,1.9996,567118.41,0.0,0.0,0
15m,1744383600.0,1.9996,2.0088,1.9938,1.9941,764330.04,0.0,0.0,0
15m,1744384500.0,1.9941,1.9987,1.9883,1.9979,424057.09,0.0,0.0,0
15m,1744385400.0,1.9979,2.0119,1.9972,2.0041,315161.47,0.0,0.0,0
15m,1744386300.0,2.0041,2.0055,1.9992,2.0014,285088.99,0.0,0.0,0
15m,1744387200.0,2.0014,2.0039,1.9942,1.995,259479.42,0.0,0.0,0
15m,1744388100.0,1.995,1.9987,1.9929,1.9985,166532.22,0.0,0.0,0
15m,1744389000.0,1.9985,2.0154,1.9985,2.0145,405849.15,0.0,0.0,0
15m,1744389900.0,2.0145,2.0175,2.0081,2.0101,231727.28,0.0,0.0,0
15m,1744390800.0,2.0101,2.0166,2.008,2.014,242255.99,0.0,0.0,0
15m,1744391700.0,2.014,2.0188,2.011,2.0113,513241.05,0.0,0.0,0
15m,1744392600.0,2.0113,2.0367,2.009,2.0344,843690.46,0.0,0.0,0
15m,1744393500.0,2.0344,2.0455,2.0284,2.04,1640495.35,0.0,0.0,0
15m,1744394400.0,2.04,2.0558,2.0368,2.0538,2759192.52,0.0,0.0,0
15m,1744395300.0,2.0538,2.0649,2.0455,2.0644,1169140.18,0.0,0.0,0
15m,1744396200.0,2.0644,2.0644,2.0472,2.0499,674362.4,0.0,0.0,0
15m,1744397100.0,2.0499,2.0526,2.034,2.038,1146454.11,0.0,0.0,0
15m,1744398000.0,2.038,2.0531,2.0375,2.0479,784764.63,0.0,0.0,0
15m,1744398900.0,2.0479,2.0544,2.0444,2.0482,1693571.05,0.0,0.0,0
15m,1744399800.0,2.0482,2.0495,2.0434,2.0492,214287.23,0.0,0.0,0
15m,1744400700.0,2.0492,2.0501,2.0427,2.0446,356791.23,0.0,0.0,0
15m,1744401600.0,2.0446,2.0469,2.037,2.0389,323697.01,0.0,0.0,0
15m,1744402500.0,2.0389,2.0474,2.0376,2.0464,481827.93,0.0,0.0,0
15m,1744403400.0,2.0464,2.0531,2.0432,2.0488,303453.54,0.0,0.0,0
15m,1744404300.0,2.0488,2.0501,2.0417,2.0446,153376.94,0.0,0.0,0
15m,1744405200.0,2.0446,2.05,2.0433,2.0434,482977.91,0.0,0.0,0
15m,1744406100.0,2.0434,2.0523,2.0398,2.0428,455051.33,0.0,0.0,0
15m,1744407000.0,2.0428,2.0428,2.0276,2.0354,673500.53,0.0,0.0,0
15m,1744407900.0,2.0354,2.0357,2.0292,2.0307,336530.77,0.0,0.0,0
15m,1744408800.0,2.0307,2.0344,2.0287,2.03,313862.61,0.0,0.0,0
15m,1744409700.0,2.03,2.0319,2.0265,2.0317,122336.33,0.0,0.0,0
15m,1744410600.0,2.0317,2.0325,2.0216,2.022,355345.69,0.0,0.0,0
15m,1744411500.0,2.022,2.0267,2.0216,2.0223,310889.35,0.0,0.0,0
15m,1744412400.0,2.0223,2.0223,2.0145,2.0157,342874.68,0.0,0.0,0
15m,1744413300.0,2.0157,2.0178,2.0132,2.0135,204543.64,0.0,0.0,0
15m,1744414200.0,2.0135,2.0239,2.0127,2.0214,225422.22,0.0,0.0,0
15m,1744415100.0,2.0214,2.028,2.0214,2.0226,222375.03,0.0,0.0,0
15m,1744416000.0,2.0226,2.0267,2.0149,2.0152,174616.87,0.0,0.0,0
15m,1744416900.0,2.0152,2.022,2.0146,2.0217,214148.66,0.0,0.0,0
15m,1744417800.0,2.0217,2.025,2.018,2.0236,258683.87,0.0,0.0,0
15m,1744418700.0,2.0236,2.0258,2.0203,2.0208,131890.2,0.0,0.0,0
15m,1744419600.0,2.0208,2.0253,2.0177,2.0184,472335.6,0.0,0.0,0
15m,1744420500.0,2.0184,2.019,2.0126,2.013,197935.75,0.0,0.0,0
15m,1744421400.0,2.013,2.0193,2.0117,2.0149,114790.58,0.0,0.0,0
15m,1744422300.0,2.0149,2.0171,2.012,2.016,120097.98,0.0,0.0,0
15m,1744423200.0,2.016,2.0192,2.0116,2.0136,76074.4,0.0,0.0,0
15m,1744424100.0,2.0136,2.0176,2.0129,2.0164,52887.0,0.0,0.0,0
15m,1744425000.0,2.0164,2.0202,2.0145,2.0183,78210.03,0.0,0.0,0
15m,1744425900.0,2.0183,2.0197,2.0043,2.0043,248573.42,0.0,0.0,0
15m,1744426800.0,2.0043,2.0116,2.0036,2.009,189507.47,0.0,0.0,0
15m,1744427700.0,2.009,2.014,2.0076,2.014,76122.08,0.0,0.0,0
15m,1744428600.0,2.014,2.0161,2.011,2.0147,193608.47,0.0,0.0,0
15m,1744429500.0,2.0147,2.0178,2.0122,2.0136,140088.13,0.0,0.0,0
15m,1744430400.0,2.0136,2.016,2.0097,2.0136,181271.44,0.0,0.0,0
15m,1744431300.0,2.0136,2.0226,2.0108,2.0226,117274.06,0.0,0.0,0
15m,1744432200.0,2.0226,2.0335,2.0185,2.0218,328173.02,0.0,0.0,0
15m,1744433100.0,2.0218,2.0291,2.0211,2.0275,217558.99,0.0,0.0,0
15m,1744434000.0,2.0275,2.0342,2.0268,2.0312,260776.55,0.0,0.0,0
15m,1744434900.0,2.0312,2.0352,2.0289,2.0322,301154.37,0.0,0.0,0
15m,1744435800.0,2.0322,2.0366,2.0306,2.0311,257403.6,0.0,0.0,0
15m,1744436700.0,2.0311,2.0333,2.0287,2.033,175518.91,0.0,0.0,0
15m,1744437600.0,2.033,2.0414,2.033,2.0412,399387.94,0.0,0.0,0
15m,1744438500.0,2.0412,2.0494,2.04,2.0446,438628.68,0.0,0.0,0
15m,1744439400.0,2.0446,2.049,2.0418,2.0482,341274.52,0.0,0.0,0
15m,1744440300.0,2.0482,2.0482,2.0408,2.0418,630191.6,0.0,0.0,0
15m,1744441200.0,2.0418,2.0469,2.0397,2.0462,378888.68,0.0,0.0,0
15m,1744442100.0,2.0462,2.0499,2.0439,2.0478,416700.62,0.0,0.0,0
15m,1744443000.0,2.0478,2.0568,2.0473,2.0526,673781.1,0.0,0.0,0
15m,1744443900.0,2.0526,2.0591,2.0517,2.0545,340557.75,0.0,0.0,0
15m,1744444800.0,2.0545,2.0746,2.053,2.0734,1078596.39,0.0,0.0,0
15m,1744445700.0,2.0734,2.0734,2.0538,2.0566,900783.6,0.0,0.0,0
15m,1744446600.0,2.0566,2.0593,2.0514,2.0563,301759.14,0.0,0.0,0
15m,1744447500.0,2.0563,2.0611,2.0515,2.0569,293074.19,0.0,0.0,0
15m,1744448400.0,2.0569,2.0686,2.0567,2.0606,266206.9,0.0,0.0,0
15m,1744449300.0,2.0606,2.0684,2.0579,2.0652,213974.51,0.0,0.0,0
15m,1744450200.0,2.0652,2.0722,2.0645,2.071,191746.22,0.0,0.0,0
15m,1744451100.0,2.071,2.0723,2.0633,2.0663,230835.71,0.0,0.0,0
15m,1744452000.0,2.0663,2.068,2.0625,2.0671,359429.97,0.0,0.0,0
15m,1744452900.0,2.0671,2.0678,2.0581,2.0611,313484.99,0.0,0.0,0
15m,1744453800.0,2.0611,2.0623,2.0532,2.054,350797.71,0.0,0.0,0
15m,1744454700.0,2.054,2.0616,2.053,2.0613,323491.21,0.0,0.0,0
15m,1744455600.0,2.0613,2.0672,2.0613,2.067,279542.63,0.0,0.0,0
15m,1744456500.0,2.067,2.0694,2.0628,2.0646,318372.93,0.0,0.0,0
15m,1744457400.0,2.0646,2.0646,2.057,2.0614,145430.71,0.0,0.0,0
15m,1744458300.0,2.0614,2.0643,2.0603,2.0622,102841.93,0.0,0.0,0
15m,1744459200.0,2.0622,2.067,2.0601,2.0651,122005.21,0.0,0.0,0
15m,1744460100.0,2.0651,2.0695,2.0646,2.0688,124056.42,0.0,0.0,0
15m,1744461000.0,2.0688,2.0731,2.0615,2.0698,620837.32,0.0,0.0,0
15m,1744461900.0,2.0698,2.071,2.0632,2.069,245350.09,0.0,0.0,0
15m,1744462800.0,2.069,2.0878,2.0672,2.0865,1015652.63,0.0,0.0,0
15m,1744463700.0,2.0865,2.102,2.0788,2.0964,1328431.56,0.0,0.0,0
15m,1744464600.0,2.0964,2.1367,2.0913,2.131,2687707.16,0.0,0.0,0
15m,1744465500.0,2.131,2.1865,2.1283,2.1514,4761916.85,0.0,0.0,0
15m,1744466400.0,2.1514,2.1664,2.1441,2.1493,1324678.65,0.0,0.0,0
15m,1744467300.0,2.1493,2.1686,2.146,2.1625,975636.51,0.0,0.0,0
15m,1744468200.0,2.1625,2.1768,2.1561,2.1571,2139359.36,0.0,0.0,0
15m,1744469100.0,2.1571,2.1625,2.1488,2.1534,1398084.27,0.0,0.0,0
15m,1744470000.0,2.1534,2.1613,2.1461,2.1473,970146.37,0.0,0.0,0
15m,1744470900.0,2.1473,2.1634,2.1469,2.1606,668805.16,0.0,0.0,0
15m,1744471800.0,2.1606,2.1681,2.1572,2.1651,603388.85,0.0,0.0,0
15m,1744472700.0,2.1651,2.1674,2.1511,2.1528,582519.95,0.0,0.0,0
15m,1744473600.0,2.1528,2.1632,2.1511,2.1549,1031794.44,0.0,0.0,0
15m,1744474500.0,2.1549,2.1633,2.1515,2.1573,479023.28,0.0,0.0,0
15m,1744475400.0,2.1573,2.1587,2.1373,2.1374,809842.75,0.0,0.0,0
15m,1744476300.0,2.1374,2.1433,2.1332,2.1432,754529.72,0.0,0.0,0
15m,1744477200.0,2.1432,2.1454,2.12,2.1215,1374416.84,0.0,0.0,0
15m,1744478100.0,2.1215,2.128,2.1212,2.1244,481054.17,0.0,0.0,0
15m,1744479000.0,2.1244,2.1361,2.1242,2.1332,490772.26,0.0,0.0,0
15m,1744479900.0,2.1332,2.1332,2.1167,2.1192,246958.96,0.0,0.0,0
15m,1744480800.0,2.1192,2.1253,2.119,2.1222,709968.14,0.0,0.0,0
15m,1744481700.0,2.1222,2.1373,2.122,2.1364,626046.11,0.0,0.0,0
15m,1744482600.0,2.1364,2.1421,2.1356,2.1389,138975.7,0.0,0.0,0
15m,1744483500.0,2.1389,2.1502,2.1381,2.1501,321978.05,0.0,0.0,0
15m,1744484400.0,2.1501,2.151,2.1404,2.1426,196660.69,0.0,0.0,0
15m,1744485300.0,2.1426,2.1484,2.1359,2.1394,765963.66,0.0,0.0,0
15m,1744486200.0,2.1394,2.1401,2.1313,2.1387,608811.04,0.0,0.0,0
15m,1744487100.0,2.1387,2.1419,2.1352,2.1384,170723.81,0.0,0.0,0
15m,1744488000.0,2.1384,2.1475,2.1352,2.146,147891.52,0.0,0.0,0
15m,1744488900.0,2.146,2.1512,2.1439,2.151,366665.59,0.0,0.0,0
15m,1744489800.0,2.151,2.1661,2.1507,2.1621,1327188.69,0.0,0.0,0
15m,1744490700.0,2.1621,2.163,2.1522,2.1539,443413.73,0.0,0.0,0
15m,1744491600.0,2.1539,2.162,2.1497,2.1567,406645.77,0.0,0.0,0
15m,1744492500.0,2.1567,2.1613,2.1531,2.1545,171123.84,0.0,0.0,0
15m,1744493400.0,2.1545,2.1625,2.1466,2.1619,259678.82,0.0,0.0,0
15m,1744494300.0,2.1619,2.1619,2.1551,2.157,187422.14,0.0,0.0,0
15m,1744495200.0,2.157,2.1647,2.1553,2.1597,246895.81,0.0,0.0,0
15m,1744496100.0,2.1597,2.1668,2.1582,2.1599,306755.94,0.0,0.0,0
15m,1744497000.0,2.1599,2.1663,2.1574,2.163,235504.85,0.0,0.0,0
15m,1744497900.0,2.163,2.163,2.153,2.1549,203565.69,0.0,0.0,0
15m,1744498800.0,2.1549,2.1607,2.151,2.1518,241601.33,0.0,0.0,0
15m,1744499700.0,2.1518,2.1608,2.1506,2.1545,238359.49,0.0,0.0,0
15m,1744500600.0,2.1545,2.1573,2.1517,2.157,197543.33,0.0,0.0,0
15m,1744501500.0,2.157,2.1612,2.1556,2.1599,459618.17,0.0,0.0,0
15m,1744502400.0,2.1599,2.167,2.1508,2.166,919786.46,0.0,0.0,0
15m,1744503300.0,2.166,2.171,2.1508,2.1514,530326.72,0.0,0.0,0
15m,1744504200.0,2.1514,2.1646,2.1431,2.1621,458495.06,0.0,0.0,0
15m,1744505100.0,2.1621,2.1741,2.1601,2.1609,845648.96,0.0,0.0,0
15m,1744506000.0,2.1609,2.1712,2.1563,2.1698,501000.57,0.0,0.0,0
15m,1744506900.0,2.1698,2.1719,2.1586,2.1684,195996.32,0.0,0.0,0
15m,1744507800.0,2.1684,2.1744,2.1562,2.1631,334348.0,0.0,0.0,0
15m,1744508700.0,2.1631,2.1655,2.1443,2.1512,458251.68,0.0,0.0,0
15m,1744509600.0,2.1512,2.1575,2.1455,2.1455,304545.04,0.0,0.0,0
15m,1744510500.0,2.1455,2.1467,2.1345,2.1384,560261.31,0.0,0.0,0
15m,1744511400.0,2.1384,2.15,2.1371,2.1481,406662.42,0.0,0.0,0
15m,1744512300.0,2.1481,2.1551,2.1452,2.1509,296994.81,0.0,0.0,0
15m,1744513200.0,2.1509,2.1565,2.1493,2.1563,235994.34,0.0,0.0,0
15m,1744514100.0,2.1563,2.1563,2.1418,2.1436,416614.02,0.0,0.0,0
15m,1744515000.0,2.1436,2.1521,2.1431,2.152,212924.94,0.0,0.0,0
15m,1744515900.0,2.152,2.1614,2.152,2.1565,122399.22,0.0,0.0,0
15m,1744516800.0,2.1565,2.1598,2.1506,2.1528,147007.23,0.0,0.0,0
15m,1744517700.0,2.1528,2.1574,2.1449,2.1569,127605.66,0.0,0.0,0
15m,1744518600.0,2.1569,2.1581,2.1457,2.1492,297904.07,0.0,0.0,0
15m,1744519500.0,2.1492,2.154,2.1359,2.1381,903475.31,0.0,0.0,0
15m,1744520400.0,2.1381,2.1434,2.1268,2.1278,572969.65,0.0,0.0,0
15m,1744521300.0,2.1278,2.1372,2.1278,2.1366,193588.49,0.0,0.0,0
15m,1744522200.0,2.1366,2.1453,2.1353,2.1441,202772.08,0.0,0.0,0
15m,1744523100.0,2.1441,2.1444,2.1345,2.1374,112095.51,0.0,0.0,0
15m,1744524000.0,2.1374,2.1413,2.1321,2.1402,127473.37,0.0,0.0,0
15m,1744524900.0,2.1402,2.1443,2.1355,2.1443,121968.28,0.0,0.0,0
15m,1744525800.0,2.1443,2.1482,2.1408,2.1426,137881.94,0.0,0.0,0
15m,1744526700.0,2.1426,2.1486,2.1414,2.1414,88322.82,0.0,0.0,0
15m,1744527600.0,2.1414,2.1494,2.141,2.1491,63504.64,0.0,0.0,0
15m,1744528500.0,2.1491,2.1538,2.1467,2.1528,122510.59,0.0,0.0,0
15m,1744529400.0,2.1528,2.154,2.1388,2.1416,190486.76,0.0,0.0,0
15m,1744530300.0,2.1416,2.1492,2.1414,2.1465,180085.11,0.0,0.0,0
15m,1744531200.0,2.1465,2.1498,2.135,2.1381,440768.22,0.0,0.0,0
15m,1744532100.0,2.1381,2.158,2.1364,2.1578,895387.11,0.0,0.0,0
15m,1744533000.0,2.1578,2.1684,2.1548,2.1643,563816.6,0.0,0.0,0
15m,1744533900.0,2.1643,2.1809,2.1636,2.1763,1066441.69,0.0,0.0,0
15m,1744534800.0,2.1763,2.1787,2.1692,2.1725,447168.47,0.0,0.0,0
15m,1744535700.0,2.1725,2.1911,2.1694,2.1875,976939.81,0.0,0.0,0
15m,1744536600.0,2.1875,2.1947,2.1803,2.1907,706519.89,0.0,0.0,0
15m,1744537500.0,2.1907,2.2316,2.1873,2.2296,2533709.3,0.0,0.0,0
15m,1744538400.0,2.2296,2.2466,2.2139,2.2165,2555104.43,0.0,0.0,0
15m,1744539300.0,2.2165,2.2235,2.1994,2.2045,1049412.79,0.0,0.0,0
15m,1744540200.0,2.2045,2.2143,2.1951,2.2074,707426.28,0.0,0.0,0
15m,1744541100.0,2.2074,2.2207,2.2058,2.22,412166.74,0.0,0.0,0
15m,1744542000.0,2.22,2.2307,2.2183,2.2294,859302.54,0.0,0.0,0
15m,1744542900.0,2.2294,2.2294,2.2046,2.2195,851694.56,0.0,0.0,0
15m,1744543800.0,2.2195,2.2205,2.1949,2.1959,658668.21,0.0,0.0,0
15m,1744544700.0,2.1959,2.2023,2.1853,2.2011,981835.55,0.0,0.0,0
15m,1744545600.0,2.2011,2.2061,2.1942,2.2026,408901.98,0.0,0.0,0
15m,1744546500.0,2.2026,2.2057,2.1659,2.1711,2451595.98,0.0,0.0,0
15m,1744547400.0,2.1711,2.1842,2.1645,2.1786,535436.81,0.0,0.0,0
15m,1744548300.0,2.1786,2.1837,2.1742,2.1808,376358.1,0.0,0.0,0
15m,1744549200.0,2.1808,2.1868,2.1751,2.1803,337259.99,0.0,0.0,0
15m,1744550100.0,2.1803,2.1833,2.1554,2.1576,1069657.55,0.0,0.0,0
15m,1744551000.0,2.1576,2.1665,2.142,2.1451,923626.01,0.0,0.0,0
15m,1744551900.0,2.1451,2.1556,2.1339,2.1432,994947.33,0.0,0.0,0
15m,1744552800.0,2.1432,2.1524,2.1372,2.1478,768273.56,0.0,0.0,0
15m,1744553700.0,2.1478,2.1519,2.14,2.1451,310478.12,0.0,0.0,0
15m,1744554600.0,2.1451,2.1595,2.1424,2.1552,468344.35,0.0,0.0,0
15m,1744555500.0,2.1552,2.1575,2.1483,2.1493,685848.04,0.0,0.0,0
15m,1744556400.0,2.1493,2.1493,2.1311,2.1434,632240.2,0.0,0.0,0
15m,1744557300.0,2.1434,2.1469,2.1367,2.1383,778867.86,0.0,0.0,0
15m,1744558200.0,2.1383,2.1455,2.1343,2.1392,407199.02,0.0,0.0,0
15m,1744559100.0,2.1392,2.1508,2.1375,2.1476,206273.79,0.0,0.0,0
15m,1744560000.0,2.1476,2.1595,2.1465,2.1568,1209476.09,0.0,0.0,0
15m,1744560900.0,2.1568,2.176,2.1527,2.168,1551060.72,0.0,0.0,0
15m,1744561800.0,2.168,2.171,2.154,2.157,1528194.94,0.0,0.0,0
15m,1744562700.0,2.157,2.1651,2.1525,2.1583,545668.49,0.0,0.0,0
15m,1744563600.0,2.1583,2.1652,2.153,2.165,366324.17,0.0,0.0,0
15m,1744564500.0,2.165,2.1804,2.1606,2.1685,674539.27,0.0,0.0,0
15m,1744565400.0,2.1685,2.1762,2.1618,2.1741,308445.58,0.0,0.0,0
15m,1744566300.0,2.1741,2.182,2.1722,2.1745,300907.4,0.0,0.0,0
15m,1744567200.0,2.1745,2.1852,2.1696,2.1783,377364.98,0.0,0.0,0
15m,1744568100.0,2.1783,2.1807,2.1663,2.1683,377885.44,0.0,0.0,0
15m,1744569000.0,2.1683,2.1831,2.1666,2.1771,392020.82,0.0,0.0,0
15m,1744569900.0,2.1771,2.1778,2.167,2.1682,129694.6,0.0,0.0,0
15m,1744570800.0,2.1682,2.1697,2.147,2.1554,520031.25,0.0,0.0,0
15m,1744571700.0,2.1554,2.159,2.1472,2.1557,293608.46,0.0,0.0,0
15m,1744572600.0,2.1557,2.1598,2.0972,2.1082,3073414.09,0.0,0.0,0
15m,1744573500.0,2.1082,2.1273,2.1034,2.1201,1490044.13,0.0,0.0,0
15m,1744574400.0,2.1201,2.1445,2.1081,2.1338,1118775.12,0.0,0.0,0
15m,1744575300.0,2.1338,2.1419,2.1273,2.1302,319391.2,0.0,0.0,0
15m,1744576200.0,2.1302,2.1328,2.106,2.1117,583415.94,0.0,0.0,0
15m,1744577100.0,2.1117,2.1218,2.1064,2.1112,517433.22,0.0,0.0,0
15m,1744578000.0,2.1112,2.1142,2.0907,2.1038,1305926.17,0.0,0.0,0
15m,1744578900.0,2.1038,2.1187,2.0995,2.1142,688718.16,0.0,0.0,0
15m,1744579800.0,2.1142,2.1201,2.0895,2.104,585921.65,0.0,0.0,0
15m,1744580700.0,2.104,2.1193,2.1031,2.1089,155773.31,0.0,0.0,0
15m,1744581600.0,2.1089,2.12,2.0986,2.0988,269471.1,0.0,0.0,0
15m,1744582500.0,2.0988,2.1054,2.0946,2.101,168388.82,0.0,0.0,0
15m,1744583400.0,2.101,2.1033,2.0874,2.0896,286544.83,0.0,0.0,0
15m,1744584300.0,2.0896,2.0992,2.0865,2.0915,355579.41,0.0,0.0,0
15m,1744585200.0,2.0915,2.1058,2.0814,2.1012,893399.28,0.0,0.0,0
15m,1744586100.0,2.1012,2.1093,2.1005,2.1086,218097.54,0.0,0.0,0
15m,1744587000.0,2.1086,2.1142,2.1047,2.1142,222002.5,0.0,0.0,0
15m,1744587900.0,2.1142,2.1233,2.1119,2.1198,271748.38,0.0,0.0,0
15m,1744588800.0,2.1198,2.13,2.1126,2.1269,398966.98,0.0,0.0,0
15m,1744589700.0,2.1269,2.1514,2.1248,2.1475,1233538.09,0.0,0.0,0
15m,1744590600.0,2.1475,2.1528,2.1339,2.1481,503316.75,0.0,0.0,0
15m,1744591500.0,2.1481,2.1501,2.1339,2.139,512223.69,0.0,0.0,0
15m,1744592400.0,2.139,2.1454,2.1345,2.1382,399664.91,0.0,0.0,0
15m,1744593300.0,2.1382,2.1457,2.1325,2.1455,183177.87,0.0,0.0,0
15m,1744594200.0,2.1455,2.1508,2.135,2.1387,843786.79,0.0,0.0,0
15m,1744595100.0,2.1387,2.1415,2.1281,2.135,273054.59,0.0,0.0,0
15m,1744596000.0,2.135,2.1382,2.128,2.136,138279.99,0.0,0.0,0
15m,1744596900.0,2.136,2.1608,2.1339,2.1597,356006.08,0.0,0.0,0
15m,1744597800.0,2.1597,2.1802,2.1529,2.1562,867238.49,0.0,0.0,0
15m,1744598700.0,2.1562,2.1676,2.1529,2.1529,366146.31,0.0,0.0,0
15m,1744599600.0,2.1529,2.1534,2.1412,2.1462,566021.87,0.0,0.0,0
15m,1744600500.0,2.1462,2.1527,2.1429,2.1465,255918.74,0.0,0.0,0
15m,1744601400.0,2.1465,2.1547,2.1437,2.149,282346.76,0.0,0.0,0
15m,1744602300.0,2.149,2.1532,2.1368,2.1403,285163.4,0.0,0.0,0
15m,1744603200.0,2.1403,2.1429,2.1345,2.1382,282686.6,0.0,0.0,0
15m,1744604100.0,2.1382,2.1511,2.1373,2.15,261948.72,0.0,0.0,0
15m,1744605000.0,2.15,2.1551,2.1441,2.1525,249038.75,0.0,0.0,0
15m,1744605900.0,2.1525,2.1593,2.1516,2.1533,1436827.48,0.0,0.0,0
15m,1744606800.0,2.1533,2.159,2.1458,2.1461,363068.1,0.0,0.0,0
15m,1744607700.0,2.1461,2.147,2.1434,2.1456,891245.39,0.0,0.0,0
15m,1744608600.0,2.1456,2.1491,2.13,2.1316,604872.04,0.0,0.0,0
15m,1744609500.0,2.1316,2.1388,2.1294,2.1338,552232.14,0.0,0.0,0
15m,1744610400.0,2.1338,2.1347,2.1253,2.1295,450283.66,0.0,0.0,0
15m,1744611300.0,2.1295,2.1363,2.1275,2.128,154785.73,0.0,0.0,0
15m,1744612200.0,2.128,2.1317,2.1225,2.1297,558448.84,0.0,0.0,0
15m,1744613100.0,2.1297,2.1315,2.1187,2.1189,582725.62,0.0,0.0,0
15m,1744614000.0,2.1189,2.1256,2.109,2.1095,657685.07,0.0,0.0,0
15m,1744614900.0,2.1095,2.1211,2.104,2.1204,551647.63,0.0,0.0,0
15m,1744615800.0,2.1204,2.1273,2.1181,2.1242,457179.16,0.0,0.0,0
15m,1744616700.0,2.1242,2.1296,2.1229,2.128,522981.44,0.0,0.0,0
15m,1744617600.0,2.128,2.1355,2.1228,2.1255,409703.98,0.0,0.0,0
15m,1744618500.0,2.1255,2.1369,2.1226,2.1353,837671.04,0.0,0.0,0
15m,1744619400.0,2.1353,2.141,2.1296,2.1391,331689.7,0.0,0.0,0
15m,1744620300.0,2.1391,2.1429,2.1339,2.138,277964.96,0.0,0.0,0
15m,1744621200.0,2.138,2.1445,2.1345,2.1428,508909.58,0.0,0.0,0
15m,1744622100.0,2.1428,2.1428,2.1298,2.1298,353912.51,0.0,0.0,0
15m,1744623000.0,2.1298,2.1312,2.1184,2.1214,796805.26,0.0,0.0,0
15m,1744623900.0,2.1214,2.1289,2.1169,2.127,428475.02,0.0,0.0,0
15m,1744624800.0,2.127,2.1369,2.1264,2.1324,759339.75,0.0,0.0,0
15m,1744625700.0,2.1324,2.1464,2.1321,2.1429,735079.44,0.0,0.0,0
15m,1744626600.0,2.1429,2.1525,2.1419,2.1522,680276.66,0.0,0.0,0
15m,1744627500.0,2.1522,2.1535,2.1459,2.1476,450990.21,0.0,0.0,0
15m,1744628400.0,2.1476,2.1558,2.1442,2.1531,515918.8,0.0,0.0,0
15m,1744629300.0,2.1531,2.1557,2.1415,2.1469,534488.71,0.0,0.0,0
15m,1744630200.0,2.1469,2.1564,2.1467,2.154,632099.02,0.0,0.0,0
15m,1744631100.0,2.154,2.1563,2.1518,2.1559,1074229.57,0.0,0.0,0
15m,1744632000.0,2.1559,2.1645,2.1512,2.1546,1362169.33,0.0,0.0,0
15m,1744632900.0,2.1546,2.1634,2.1513,2.1616,840128.46,0.0,0.0,0
15m,1744633800.0,2.1616,2.1683,2.1568,2.1613,639458.23,0.0,0.0,0
15m,1744634700.0,2.1613,2.165,2.154,2.1602,593560.43,0.0,0.0,0
15m,1744635600.0,2.1602,2.1661,2.1537,2.1554,554535.58,0.0,0.0,0
15m,1744636500.0,2.1554,2.1631,2.1526,2.1538,595572.33,0.0,0.0,0
15m,1744637400.0,2.1538,2.1575,2.1309,2.1352,1923014.46,0.0,0.0,0
15m,1744638300.0,2.1352,2.1412,2.1238,2.1308,1011003.45,0.0,0.0,0
15m,1744639200.0,2.1308,2.1443,2.1271,2.1413,567399.5,0.0,0.0,0
15m,1744640100.0,2.1413,2.1526,2.1377,2.1526,423926.14,0.0,0.0,0
15m,1744641000.0,2.1526,2.1685,2.1482,2.1629,772588.53,0.0,0.0,0
15m,1744641900.0,2.1629,2.1781,2.1602,2.1602,1425962.64,0.0,0.0,0
15m,1744642800.0,2.1602,2.1636,2.1355,2.14,1650479.38,0.0,0.0,0
15m,1744643700.0,2.14,2.151,2.136,2.1384,800810.59,0.0,0.0,0
15m,1744644600.0,2.1384,2.1479,2.1185,2.1345,1935584.32,0.0,0.0,0
15m,1744645500.0,2.1345,2.1348,2.1109,2.116,573199.24,0.0,0.0,0
15m,1744646400.0,2.116,2.1242,2.1059,2.1143,728661.94,0.0,0.0,0
15m,1744647300.0,2.1143,2.1295,2.1139,2.1159,662229.6,0.0,0.0,0
15m,1744648200.0,2.1159,2.1399,2.1147,2.1398,471950.84,0.0,0.0,0
15m,1744649100.0,2.1398,2.1439,2.1302,2.1312,623143.23,0.0,0.0,0
15m,1744650000.0,2.1312,2.1426,2.1307,2.1424,655362.47,0.0,0.0,0
15m,1744650900.0,2.1424,2.1552,2.1366,2.15,575671.37,0.0,0.0,0
15m,1744651800.0,2.15,2.1525,2.1421,2.1445,152316.84,0.0,0.0,0
15m,1744652700.0,2.1445,2.1537,2.1413,2.1526,281916.75,0.0,0.0,0
15m,1744653600.0,2.1526,2.1607,2.1508,2.1543,337307.19,0.0,0.0,0
15m,1744654500.0,2.1543,2.1598,2.1526,2.1532,323711.81,0.0,0.0,0
15m,1744655400.0,2.1532,2.1537,2.1469,2.1518,409494.92,0.0,0.0,0
15m,1744656300.0,2.1518,2.1577,2.1438,2.1543,215513.38,0.0,0.0,0
15m,1744657200.0,2.1543,2.1643,2.1535,2.1626,457787.64,0.0,0.0,0
15m,1744658100.0,2.1626,2.1635,2.1561,2.1619,311887.6,0.0,0.0,0
15m,1744659000.0,2.1619,2.165,2.1555,2.1589,303906.6,0.0,0.0,0
15m,1744659900.0,2.1589,2.1608,2.1503,2.1525,267873.29,0.0,0.0,0
15m,1744660800.0,2.1525,2.1574,2.1473,2.1558,205926.36,0.0,0.0,0
15m,1744661700.0,2.1558,2.1558,2.1419,2.1453,270979.55,0.0,0.0,0
15m,1744662600.0,2.1453,2.1485,2.1418,2.1466,102793.93,0.0,0.0,0
15m,1744663500.0,2.1466,2.1547,2.1466,2.1473,108570.74,0.0,0.0,0
15m,1744664400.0,2.1473,2.148,2.1399,2.1462,150934.42,0.0,0.0,0
15m,1744665300.0,2.1462,2.1462,2.1333,2.1371,166294.88,0.0,0.0,0
15m,1744666200.0,2.1371,2.1373,2.126,2.1316,202608.38,0.0,0.0,0
15m,1744667100.0,2.1316,2.1439,2.1302,2.1401,143976.73,0.0,0.0,0
15m,1744668000.0,2.1401,2.1436,2.1344,2.138,128668.29,0.0,0.0,0
15m,1744668900.0,2.138,2.1389,2.1327,2.1345,50240.18,0.0,0.0,0
15m,1744669800.0,2.1345,2.1423,2.1342,2.1378,86757.13,0.0,0.0,0
15m,1744670700.0,2.1378,2.1381,2.1305,2.1329,90160.46,0.0,0.0,0
15m,1744671600.0,2.1329,2.1389,2.1318,2.134,96011.65,0.0,0.0,0
15m,1744672500.0,2.134,2.1389,2.1292,2.1298,83731.67,0.0,0.0,0
15m,1744673400.0,2.1298,2.1344,2.125,2.1253,124597.91,0.0,0.0,0
15m,1744674300.0,2.1253,2.1285,2.1227,2.1272,170257.08,0.0,0.0,0
15m,1744675200.0,2.1272,2.1335,2.1225,2.1241,242322.05,0.0,0.0,0
15m,1744676100.0,2.1241,2.133,2.1191,2.1316,275064.07,0.0,0.0,0
15m,1744677000.0,2.1316,2.1364,2.1284,2.1344,134382.15,0.0,0.0,0
15m,1744677900.0,2.1344,2.1392,2.1335,2.1374,195940.78,0.0,0.0,0
15m,1744678800.0,2.1374,2.1393,2.1167,2.1198,356804.86,0.0,0.0,0
15m,1744679700.0,2.1198,2.1337,2.1193,2.1336,170901.15,0.0,0.0,0
15m,1744680600.0,2.1336,2.1414,2.1314,2.1365,194073.27,0.0,0.0,0
15m,1744681500.0,2.1365,2.1419,2.1338,2.1364,281440.42,0.0,0.0,0
15m,1744682400.0,2.1364,2.1456,2.1327,2.1432,158555.21,0.0,0.0,0
15m,1744683300.0,2.1432,2.1455,2.1279,2.1282,158673.39,0.0,0.0,0
15m,1744684200.0,2.1282,2.1282,2.1199,2.1277,332607.87,0.0,0.0,0
15m,1744685100.0,2.1277,2.1398,2.1262,2.1381,230578.28,0.0,0.0,0
15m,1744686000.0,2.1381,2.141,2.135,2.1398,228151.22,0.0,0.0,0
15m,1744686900.0,2.1398,2.154,2.1394,2.1485,403770.93,0.0,0.0,0
15m,1744687800.0,2.1485,2.155,2.1463,2.1493,404562.7,0.0,0.0,0
15m,1744688700.0,2.1493,2.1563,2.1492,2.1533,326173.8,0.0,0.0,0
15m,1744689600.0,2.1533,2.1538,2.1451,2.1455,233019.94,0.0,0.0,0
15m,1744690500.0,2.1455,2.1482,2.1404,2.1404,171391.59,0.0,0.0,0
15m,1744691400.0,2.1404,2.1474,2.1389,2.1442,231359.69,0.0,0.0,0
15m,1744692300.0,2.1442,2.151,2.1428,2.1495,285339.05,0.0,0.0,0
15m,1744693200.0,2.1495,2.1555,2.149,2.1533,186182.27,0.0,0.0,0
15m,1744694100.0,2.1533,2.1562,2.1512,2.1512,170986.38,0.0,0.0,0
15m,1744695000.0,2.1512,2.1602,2.1483,2.1514,580138.62,0.0,0.0,0
15m,1744695900.0,2.1514,2.1537,2.1462,2.1469,283461.87,0.0,0.0,0
15m,1744696800.0,2.1469,2.151,2.1425,2.1437,319832.93,0.0,0.0,0
15m,1744697700.0,2.1437,2.1471,2.1407,2.1447,351526.99,0.0,0.0,0
15m,1744698600.0,2.1447,2.1477,2.1372,2.1387,441959.85,0.0,0.0,0
15m,1744699500.0,2.1387,2.1395,2.1324,2.1324,247914.75,0.0,0.0,0
15m,1744700400.0,2.1324,2.1416,2.1324,2.1399,262907.14,0.0,0.0,0
15m,1744701300.0,2.1399,2.1498,2.1399,2.1498,471412.31,0.0,0.0,0
15m,1744702200.0,2.1498,2.1551,2.1486,2.1508,218935.02,0.0,0.0,0
15m,1744703100.0,2.1508,2.1522,2.1482,2.1517,242477.06,0.0,0.0,0
15m,1744704000.0,2.1517,2.1558,2.1493,2.1548,343434.34,0.0,0.0,0
15m,1744704900.0,2.1548,2.1561,2.1495,2.1503,174494.93,0.0,0.0,0
15m,1744705800.0,2.1503,2.1525,2.1487,2.1509,120662.49,0.0,0.0,0
15m,1744706700.0,2.1509,2.1577,2.1509,2.1548,343775.82,0.0,0.0,0
15m,1744707600.0,2.1548,2.1857,2.1518,2.1734,1815336.18,0.0,0.0,0
15m,1744708500.0,2.1734,2.18,2.1705,2.1705,553944.02,0.0,0.0,0
15m,1744709400.0,2.1705,2.1708,2.1608,2.1636,494920.65,0.0,0.0,0
15m,1744710300.0,2.1636,2.1701,2.161,2.1699,502511.49,0.0,0.0,0
15m,1744711200.0,2.1699,2.1765,2.1637,2.1645,346464.42,0.0,0.0,0
15m,1744712100.0,2.1645,2.1654,2.1572,2.1601,525721.78,0.0,0.0,0
15m,1744713000.0,2.1601,2.161,2.1479,2.1483,573526.95,0.0,0.0,0
15m,1744713900.0,2.1483,2.1582,2.147,2.1578,304246.06,0.0,0.0,0
15m,1744714800.0,2.1578,2.1621,2.1498,2.1528,216494.19,0.0,0.0,0
15m,1744715700.0,2.1528,2.153,2.1472,2.15,229947.17,0.0,0.0,0
15m,1744716600.0,2.15,2.1561,2.1477,2.155,307936.61,0.0,0.0,0
15m,1744717500.0,2.155,2.1555,2.1458,2.1516,357303.33,0.0,0.0,0
15m,1744718400.0,2.1516,2.1631,2.1506,2.1616,177742.0,0.0,0.0,0
15m,1744719300.0,2.1616,2.1653,2.1532,2.1551,383944.13,0.0,0.0,0
15m,1744720200.0,2.1551,2.1594,2.1517,2.1573,229055.66,0.0,0.0,0
15m,1744721100.0,2.1573,2.1656,2.1544,2.1641,309858.63,0.0,0.0,0
15m,1744722000.0,2.1641,2.1727,2.1637,2.1696,453786.52,0.0,0.0,0
15m,1744722900.0,2.1696,2.1712,2.1626,2.1701,255329.96,0.0,0.0,0
15m,1744723800.0,2.1701,2.1798,2.163,2.1738,795618.64,0.0,0.0,0
15m,1744724700.0,2.1738,2.1846,2.1567,2.161,1409999.81,0.0,0.0,0
15m,1744725600.0,2.161,2.1713,2.1545,2.1647,522539.01,0.0,0.0,0
15m,1744726500.0,2.1647,2.1697,2.1361,2.1405,1145533.86,0.0,0.0,0
15m,1744727400.0,2.1405,2.1545,2.1372,2.1526,797329.24,0.0,0.0,0
15m,1744728300.0,2.1526,2.1546,2.1426,2.1431,275779.72,0.0,0.0,0
15m,1744729200.0,2.1431,2.1509,2.1354,2.1458,1182825.14,0.0,0.0,0
15m,1744730100.0,2.1458,2.1523,2.143,2.1433,176368.72,0.0,0.0,0
15m,1744731000.0,2.1433,2.1448,2.1307,2.1352,504191.39,0.0,0.0,0
15m,1744731900.0,2.1352,2.1391,2.1268,2.1347,533306.56,0.0,0.0,0
15m,1744732800.0,2.1347,2.1406,2.1315,2.1384,208051.67,0.0,0.0,0
15m,1744733700.0,2.1384,2.1421,2.1338,2.1401,164452.71,0.0,0.0,0
15m,1744734600.0,2.1401,2.143,2.1368,2.1391,149728.09,0.0,0.0,0
15m,1744735500.0,2.1391,2.1413,2.1295,2.1306,198591.74,0.0,0.0,0
15m,1744736400.0,2.1306,2.1365,2.1285,2.1364,154499.48,0.0,0.0,0
15m,1744737300.0,2.1364,2.1369,2.1195,2.1207,857222.87,0.0,0.0,0
15m,1744738200.0,2.1207,2.1263,2.1193,2.1243,356691.91,0.0,0.0,0
15m,1744739100.0,2.1243,2.1262,2.1131,2.1161,787328.41,0.0,0.0,0
15m,1744740000.0,2.1161,2.1219,2.114,2.1182,478282.72,0.0,0.0,0
15m,1744740900.0,2.1182,2.1183,2.1045,2.1097,1155627.51,0.0,0.0,0
15m,1744741800.0,2.1097,2.1208,2.1092,2.1201,207565.71,0.0,0.0,0
15m,1744742700.0,2.1201,2.1227,2.114,2.1182,221659.09,0.0,0.0,0
15m,1744743600.0,2.1182,2.1265,2.1129,2.1256,191690.7,0.0,0.0,0
15m,1744744500.0,2.1256,2.1306,2.1175,2.1213,232513.51,0.0,0.0,0
15m,1744745400.0,2.1213,2.1268,2.1201,2.123,221628.5,0.0,0.0,0
15m,1744746300.0,2.123,2.1236,2.1156,2.1175,632171.96,0.0,0.0,0
15m,1744747200.0,2.1175,2.1255,2.1153,2.1242,546213.13,0.0,0.0,0
15m,1744748100.0,2.1242,2.1266,2.1209,2.1218,315678.93,0.0,0.0,0
15m,1744749000.0,2.1218,2.125,2.1196,2.1212,479529.76,0.0,0.0,0
15m,1744749900.0,2.1212,2.1212,2.0993,2.1086,1229513.52,0.0,0.0,0
15m,1744750800.0,2.1086,2.1167,2.1062,2.1167,542264.91,0.0,0.0,0
15m,1744751700.0,2.1167,2.1229,2.1109,2.1187,355460.39,0.0,0.0,0
15m,1744752600.0,2.1187,2.123,2.118,2.1206,349523.75,0.0,0.0,0
15m,1744753500.0,2.1206,2.1232,2.1146,2.1176,268212.17,0.0,0.0,0
15m,1744754400.0,2.1176,2.1176,2.1038,2.1045,650337.9,0.0,0.0,0
15m,1744755300.0,2.1045,2.1056,2.0934,2.0997,792222.04,0.0,0.0,0
15m,1744756200.0,2.0997,2.1029,2.0948,2.0978,537603.17,0.0,0.0,0
15m,1744757100.0,2.0978,2.1006,2.0872,2.0993,696280.93,0.0,0.0,0
15m,1744758000.0,2.0993,2.1002,2.0905,2.0946,314391.2,0.0,0.0,0
15m,1744758900.0,2.0946,2.0954,2.0865,2.0936,196766.29,0.0,0.0,0
15m,1744759800.0,2.0936,2.0948,2.0854,2.0864,295739.3,0.0,0.0,0
15m,1744760700.0,2.0864,2.0902,2.0838,2.0841,284713.99,0.0,0.0,0
15m,1744761600.0,2.0841,2.0903,2.0734,2.0741,659657.91,0.0,0.0,0
15m,1744762500.0,2.0741,2.094,2.0659,2.094,773589.07,0.0,0.0,0
15m,1744763400.0,2.094,2.0965,2.0805,2.0828,540944.47,0.0,0.0,0
15m,1744764300.0,2.0828,2.0837,2.0711,2.0727,668355.12,0.0,0.0,0
15m,1744765200.0,2.0727,2.0883,2.0707,2.083,287683.64,0.0,0.0,0
15m,1744766100.0,2.083,2.0963,2.0819,2.0922,207556.88,0.0,0.0,0
15m,1744767000.0,2.0922,2.0927,2.0825,2.087,143401.19,0.0,0.0,0
15m,1744767900.0,2.087,2.0977,2.0867,2.093,209476.86,0.0,0.0,0
15m,1744768800.0,2.093,2.0976,2.0907,2.0939,136250.13,0.0,0.0,0
15m,1744769700.0,2.0939,2.0965,2.0844,2.0865,384230.67,0.0,0.0,0
15m,1744770600.0,2.0865,2.0888,2.0798,2.0798,388328.35,0.0,0.0,0
15m,1744771500.0,2.0798,2.091,2.0786,2.0887,447290.16,0.0,0.0,0
15m,1744772400.0,2.0887,2.089,2.0833,2.0859,222314.65,0.0,0.0,0
15m,1744773300.0,2.0859,2.0918,2.0856,2.0859,180808.2,0.0,0.0,0
15m,1744774200.0,2.0859,2.0879,2.0832,2.0834,87098.12,0.0,0.0,0
15m,1744775100.0,2.0834,2.0837,2.0803,2.0826,103396.57,0.0,0.0,0
15m,1744776000.0,2.0826,2.0902,2.08,2.0863,333599.69,0.0,0.0,0
15m,1744776900.0,2.0863,2.0863,2.0753,2.0772,166820.85,0.0,0.0,0
15m,1744777800.0,2.0772,2.0794,2.0722,2.0736,258276.73,0.0,0.0,0
15m,1744778700.0,2.0736,2.0804,2.0723,2.0802,123650.82,0.0,0.0,0
15m,1744779600.0,2.0802,2.0878,2.0791,2.0872,187880.59,0.0,0.0,0
15m,1744780500.0,2.0872,2.0903,2.0635,2.0722,559149.21,0.0,0.0,0
15m,1744781400.0,2.0722,2.0769,2.0635,2.0719,583769.56,0.0,0.0,0
15m,1744782300.0,2.0719,2.0723,2.0633,2.0637,441824.89,0.0,0.0,0
15m,1744783200.0,2.0637,2.0679,2.055,2.0654,1441173.68,0.0,0.0,0
15m,1744784100.0,2.0654,2.0711,2.0644,2.0651,262292.03,0.0,0.0,0
15m,1744785000.0,2.0651,2.0696,2.0644,2.0679,204525.4,0.0,0.0,0
15m,1744785900.0,2.0679,2.074,2.0669,2.0704,434496.71,0.0,0.0,0
15m,1744786800.0,2.0704,2.0737,2.0613,2.0621,413381.28,0.0,0.0,0
15m,1744787700.0,2.0621,2.0626,2.0491,2.0506,893862.12,0.0,0.0,0
15m,1744788600.0,2.0506,2.0549,2.0433,2.0517,626564.75,0.0,0.0,0
15m,1744789500.0,2.0517,2.0535,2.0447,2.0507,531599.08,0.0,0.0,0
15m,1744790400.0,2.0507,2.0537,2.0356,2.0389,723810.64,0.0,0.0,0
15m,1744791300.0,2.0389,2.0666,2.0373,2.0617,1116798.79,0.0,0.0,0
15m,1744792200.0,2.0617,2.0792,2.0613,2.0729,990021.86,0.0,0.0,0
15m,1744793100.0,2.0729,2.0742,2.0659,2.0699,379081.7,0.0,0.0,0
15m,1744794000.0,2.0699,2.0842,2.067,2.078,930019.58,0.0,0.0,0
15m,1744794900.0,2.078,2.084,2.0709,2.073,169988.57,0.0,0.0,0
15m,1744795800.0,2.073,2.0779,2.069,2.073,307578.96,0.0,0.0,0
15m,1744796700.0,2.073,2.0741,2.0634,2.0634,248514.63,0.0,0.0,0
15m,1744797600.0,2.0634,2.0705,2.0634,2.0677,171022.43,0.0,0.0,0
15m,1744798500.0,2.0677,2.0799,2.067,2.0758,375203.4,0.0,0.0,0
15m,1744799400.0,2.0758,2.077,2.0716,2.0742,138658.35,0.0,0.0,0
15m,1744800300.0,2.0742,2.0815,2.0733,2.0811,357527.66,0.0,0.0,0
15m,1744801200.0,2.0811,2.0864,2.0773,2.0844,457635.72,0.0,0.0,0
15m,1744802100.0,2.0844,2.0875,2.0787,2.08,402334.99,0.0,0.0,0
15m,1744803000.0,2.08,2.0856,2.0758,2.0855,273553.13,0.0,0.0,0
15m,1744803900.0,2.0855,2.0898,2.0855,2.0889,409396.2,0.0,0.0,0
15m,1744804800.0,2.0889,2.0907,2.0821,2.0821,266609.47,0.0,0.0,0
15m,1744805700.0,2.0821,2.0942,2.0821,2.0933,354761.15,0.0,0.0,0
15m,1744806600.0,2.0933,2.0938,2.0781,2.0793,432333.05,0.0,0.0,0
15m,1744807500.0,2.0793,2.0793,2.0697,2.0718,575016.69,0.0,0.0,0
15m,1744808400.0,2.0718,2.0772,2.0683,2.0742,463681.47,0.0,0.0,0
15m,1744809300.0,2.0742,2.0776,2.0666,2.0699,304674.3,0.0,0.0,0
15m,1744810200.0,2.0699,2.0873,2.064,2.083,813039.03,0.0,0.0,0
15m,1744811100.0,2.083,2.0841,2.0673,2.0677,381530.71,0.0,0.0,0
15m,1744812000.0,2.0677,2.0845,2.0673,2.0778,363501.7,0.0,0.0,0
15m,1744812900.0,2.0778,2.0922,2.0742,2.0899,468776.74,0.0,0.0,0
15m,1744813800.0,2.0899,2.1072,2.0899,2.1063,921589.86,0.0,0.0,0
15m,1744814700.0,2.1063,2.1102,2.0962,2.0964,874694.92,0.0,0.0,0
15m,1744815600.0,2.0964,2.1029,2.0935,2.0986,658766.41,0.0,0.0,0
15m,1744816500.0,2.0986,2.1204,2.095,2.1144,649873.42,0.0,0.0,0
15m,1744817400.0,2.1144,2.1167,2.1001,2.1027,577189.25,0.0,0.0,0
15m,1744818300.0,2.1027,2.1042,2.093,2.0942,350323.13,0.0,0.0,0
15m,1744819200.0,2.0942,2.1033,2.0913,2.1016,458461.33,0.0,0.0,0
15m,1744820100.0,2.1016,2.1032,2.0876,2.0932,476881.46,0.0,0.0,0
15m,1744821000.0,2.0932,2.0993,2.0838,2.0891,555745.3,0.0,0.0,0
15m,1744821900.0,2.0891,2.1118,2.0856,2.1078,647154.26,0.0,0.0,0
15m,1744822800.0,2.1078,2.1191,2.1071,2.1127,433560.56,0.0,0.0,0
15m,1744823700.0,2.1127,2.1207,2.1112,2.1153,282394.04,0.0,0.0,0
15m,1744824600.0,2.1153,2.1311,2.0741,2.0843,2459732.73,0.0,0.0,0
15m,1744825500.0,2.0843,2.0844,2.047,2.0527,1468996.97,0.0,0.0,0
15m,1744826400.0,2.0527,2.1009,2.0522,2.0931,1382669.27,0.0,0.0,0
15m,1744827300.0,2.0931,2.1008,2.0753,2.0962,759286.76,0.0,0.0,0
15m,1744828200.0,2.0962,2.0981,2.0695,2.0772,564485.59,0.0,0.0,0
15m,1744829100.0,2.0772,2.0909,2.0725,2.0852,313893.07,0.0,0.0,0
15m,1744830000.0,2.0852,2.0931,2.0752,2.0841,137395.0,0.0,0.0,0
15m,1744830900.0,2.0841,2.0855,2.0697,2.07,410753.52,0.0,0.0,0
15m,1744831800.0,2.07,2.0869,2.0677,2.084,390412.54,0.0,0.0,0
15m,1744832700.0,2.084,2.1185,2.0836,2.1066,1033066.84,0.0,0.0,0
15m,1744833600.0,2.1066,2.1162,2.1051,2.1086,335668.1,0.0,0.0,0
15m,1744834500.0,2.1086,2.1161,2.1074,2.1127,270715.61,0.0,0.0,0
15m,1744835400.0,2.1127,2.116,2.0994,2.1021,245543.02,0.0,0.0,0
15m,1744836300.0,2.1021,2.1035,2.0903,2.0946,221064.61,0.0,0.0,0
15m,1744837200.0,2.0946,2.103,2.0894,2.103,604658.91,0.0,0.0,0
15m,1744838100.0,2.103,2.1138,2.0998,2.1098,185578.78,0.0,0.0,0
15m,1744839000.0,2.1098,2.1125,2.1045,2.108,144828.68,0.0,0.0,0
15m,1744839900.0,2.108,2.1136,2.1046,2.1054,137394.88,0.0,0.0,0
15m,1744840800.0,2.1054,2.1083,2.0981,2.0981,97397.53,0.0,0.0,0
15m,1744841700.0,2.0981,2.1017,2.0963,2.097,283802.93,0.0,0.0,0
15m,1744842600.0,2.097,2.1032,2.0963,2.103,101835.89,0.0,0.0,0
15m,1744843500.0,2.103,2.1039,2.0983,2.0993,107944.24,0.0,0.0,0
15m,1744844400.0,2.0993,2.1005,2.0917,2.0924,236440.77,0.0,0.0,0
15m,1744845300.0,2.0924,2.0938,2.0863,2.0863,94391.75,0.0,0.0,0
15m,1744846200.0,2.0863,2.0868,2.0783,2.0805,182593.47,0.0,0.0,0
15m,1744847100.0,2.0805,2.0863,2.08,2.0835,101222.54,0.0,0.0,0
15m,1744848000.0,2.0835,2.0884,2.0789,2.0813,242532.49,0.0,0.0,0
15m,1744848900.0,2.0813,2.0855,2.0753,2.077,227690.04,0.0,0.0,0
15m,1744849800.0,2.077,2.0831,2.0752,2.0768,269914.88,0.0,0.0,0
15m,1744850700.0,2.0768,2.0798,2.0747,2.0783,149155.75,0.0,0.0,0
15m,1744851600.0,2.0783,2.0876,2.074,2.0857,206334.21,0.0,0.0,0
15m,1744852500.0,2.0857,2.089,2.0763,2.0838,223915.44,0.0,0.0,0
15m,1744853400.0,2.0838,2.0888,2.0769,2.0788,150363.2,0.0,0.0,0
15m,1744854300.0,2.0788,2.0819,2.0753,2.0819,100007.13,0.0,0.0,0
15m,1744855200.0,2.0819,2.0819,2.0717,2.0726,194247.66,0.0,0.0,0
15m,1744856100.0,2.0726,2.0744,2.0668,2.0736,244424.71,0.0,0.0,0
15m,1744857000.0,2.0736,2.0751,2.068,2.0712,93032.81,0.0,0.0,0
15m,1744857900.0,2.0712,2.0785,2.0708,2.0775,98511.71,0.0,0.0,0
15m,1744858800.0,2.0775,2.0798,2.0719,2.0738,119670.9,0.0,0.0,0
15m,1744859700.0,2.0738,2.0747,2.0618,2.0631,221604.27,0.0,0.0,0
15m,1744860600.0,2.0631,2.0678,2.0631,2.0664,113996.8,0.0,0.0,0
15m,1744861500.0,2.0664,2.0714,2.0633,2.0697,193996.78,0.0,0.0,0
15m,1744862400.0,2.0697,2.0729,2.0672,2.0683,211755.15,0.0,0.0,0
15m,1744863300.0,2.0683,2.0755,2.0682,2.0736,326631.58,0.0,0.0,0
15m,1744864200.0,2.0736,2.0767,2.0726,2.0766,125751.59,0.0,0.0,0
15m,1744865100.0,2.0766,2.0832,2.0765,2.0819,284809.7,0.0,0.0,0
15m,1744866000.0,2.0819,2.0896,2.0819,2.0882,198237.83,0.0,0.0,0
15m,1744866900.0,2.0882,2.0961,2.0879,2.0905,323579.29,0.0,0.0,0
15m,1744867800.0,2.0905,2.1021,2.0899,2.101,273967.66,0.0,0.0,0
15m,1744868700.0,2.101,2.1036,2.0951,2.0965,721074.05,0.0,0.0,0
15m,1744869600.0,2.0965,2.102,2.0919,2.0959,306124.97,0.0,0.0,0
15m,1744870500.0,2.0959,2.1069,2.0934,2.1038,259162.28,0.0,0.0,0
15m,1744871400.0,2.1038,2.1096,2.1015,2.1039,699482.56,0.0,0.0,0
15m,1744872300.0,2.1039,2.1046,2.0933,2.0981,1022060.7,0.0,0.0,0
15m,1744873200.0,2.0981,2.0995,2.0924,2.0945,420365.36,0.0,0.0,0
15m,1744874100.0,2.0945,2.0999,2.0928,2.0997,523303.48,0.0,0.0,0
15m,1744875000.0,2.0997,2.1046,2.0933,2.0936,204035.01,0.0,0.0,0
15m,1744875900.0,2.0936,2.0966,2.088,2.0915,514776.89,0.0,0.0,0
15m,1744876800.0,2.0915,2.0948,2.09,2.0929,319797.85,0.0,0.0,0
15m,1744877700.0,2.0929,2.101,2.0904,2.0978,693135.31,0.0,0.0,0
15m,1744878600.0,2.0978,2.1018,2.0956,2.0973,145989.14,0.0,0.0,0
15m,1744879500.0,2.0973,2.1011,2.0915,2.0933,541394.46,0.0,0.0,0
15m,1744880400.0,2.0933,2.0936,2.0863,2.0898,354074.93,0.0,0.0,0
15m,1744881300.0,2.0898,2.0928,2.0861,2.0899,205789.09,0.0,0.0,0
15m,1744882200.0,2.0899,2.0996,2.0893,2.0988,354462.45,0.0,0.0,0
15m,1744883100.0,2.0988,2.1001,2.0954,2.0978,174857.6,0.0,0.0,0
15m,1744884000.0,2.0978,2.0988,2.0902,2.0902,197328.5,0.0,0.0,0
15m,1744884900.0,2.0902,2.0954,2.0891,2.0954,223666.64,0.0,0.0,0
15m,1744885800.0,2.0954,2.0962,2.0905,2.0914,105665.65,0.0,0.0,0
15m,1744886700.0,2.0914,2.0965,2.0905,2.0946,184009.79,0.0,0.0,0
15m,1744887600.0,2.0946,2.1003,2.0931,2.0937,227797.51,0.0,0.0,0
15m,1744888500.0,2.0937,2.0998,2.0928,2.0993,126126.39,0.0,0.0,0
15m,1744889400.0,2.0993,2.1041,2.0959,2.104,175310.46,0.0,0.0,0
15m,1744890300.0,2.104,2.1074,2.1021,2.1025,522797.01,0.0,0.0,0
15m,1744891200.0,2.1025,2.1104,2.1025,2.1082,382183.99,0.0,0.0,0
15m,1744892100.0,2.1082,2.114,2.1067,2.1139,258585.89,0.0,0.0,0
15m,1744893000.0,2.1139,2.1147,2.1074,2.1084,228078.39,0.0,0.0,0
15m,1744893900.0,2.1084,2.1116,2.106,2.1094,290817.05,0.0,0.0,0
15m,1744894800.0,2.1094,2.1099,2.1016,2.1019,174810.22,0.0,0.0,0
15m,1744895700.0,2.1019,2.1063,2.0979,2.1022,214059.14,0.0,0.0,0
15m,1744896600.0,2.1022,2.1043,2.0918,2.101,250022.01,0.0,0.0,0
15m,1744897500.0,2.101,2.1062,2.097,2.101,124818.86,0.0,0.0,0
15m,1744898400.0,2.101,2.1026,2.0885,2.0911,192422.37,0.0,0.0,0
15m,1744899300.0,2.0911,2.0927,2.0765,2.0786,511031.14,0.0,0.0,0
15m,1744900200.0,2.0786,2.0807,2.0666,2.0777,785094.31,0.0,0.0,0
15m,1744901100.0,2.0777,2.0777,2.064,2.0661,689993.26,0.0,0.0,0
15m,1744902000.0,2.0661,2.0874,2.0602,2.0842,915292.6,0.0,0.0,0
15m,1744902900.0,2.0842,2.0855,2.0575,2.0626,678228.9,0.0,0.0,0
15m,1744903800.0,2.0626,2.0745,2.0621,2.0706,400522.49,0.0,0.0,0
15m,1744904700.0,2.0706,2.0751,2.0655,2.0673,223164.31,0.0,0.0,0
15m,1744905600.0,2.0673,2.076,2.0583,2.0718,928241.08,0.0,0.0,0
15m,1744906500.0,2.0718,2.0928,2.0701,2.089,587643.93,0.0,0.0,0
15m,1744907400.0,2.089,2.0961,2.0794,2.0794,680699.07,0.0,0.0,0
15m,1744908300.0,2.0794,2.0863,2.0775,2.0847,209788.68,0.0,0.0,0
15m,1744909200.0,2.0847,2.0922,2.0776,2.0876,417059.39,0.0,0.0,0
15m,1744910100.0,2.0876,2.0933,2.0847,2.088,220987.93,0.0,0.0,0
15m,1744911000.0,2.088,2.0958,2.0878,2.0923,213728.03,0.0,0.0,0
15m,1744911900.0,2.0923,2.1003,2.092,2.0941,352919.24,0.0,0.0,0
15m,1744912800.0,2.0941,2.104,2.0902,2.101,394250.65,0.0,0.0,0
15m,1744913700.0,2.101,2.1048,2.0966,2.0969,326871.13,0.0,0.0,0
15m,1744914600.0,2.0969,2.0986,2.0923,2.0951,315827.21,0.0,0.0,0
15m,1744915500.0,2.0951,2.0954,2.0802,2.0802,453545.01,0.0,0.0,0
15m,1744916400.0,2.0802,2.0861,2.0745,2.0761,184943.27,0.0,0.0,0
15m,1744917300.0,2.0761,2.0765,2.0518,2.0583,977460.48,0.0,0.0,0
15m,1744918200.0,2.0583,2.0663,2.0551,2.0641,419741.96,0.0,0.0,0
15m,1744919100.0,2.0641,2.069,2.06,2.0658,356341.0,0.0,0.0,0
15m,1744920000.0,2.0658,2.0793,2.0653,2.0764,289102.94,0.0,0.0,0
15m,1744920900.0,2.0764,2.0777,2.0708,2.0751,133475.94,0.0,0.0,0
15m,1744921800.0,2.0751,2.0807,2.0671,2.072,129438.99,0.0,0.0,0
15m,1744922700.0,2.072,2.0772,2.07,2.0736,138816.2,0.0,0.0,0
15m,1744923600.0,2.0736,2.0741,2.0685,2.0718,177927.27,0.0,0.0,0
15m,1744924500.0,2.0718,2.0732,2.065,2.0688,138702.35,0.0,0.0,0
15m,1744925400.0,2.0688,2.0744,2.0686,2.0721,215697.48,0.0,0.0,0
15m,1744926300.0,2.0721,2.0786,2.0721,2.0766,121381.32,0.0,0.0,0
15m,1744927200.0,2.0766,2.0793,2.0739,2.0773,151219.7,0.0,0.0,0
15m,1744928100.0,2.0773,2.0782,2.0717,2.0724,238476.23,0.0,0.0,0
15m,1744929000.0,2.0724,2.0766,2.0683,2.0699,301690.45,0.0,0.0,0
15m,1744929900.0,2.0699,2.0699,2.0602,2.0627,364093.98,0.0,0.0,0
15m,1744930800.0,2.0627,2.0709,2.0624,2.0707,367705.94,0.0,0.0,0
15m,1744931700.0,2.0707,2.0723,2.0674,2.0712,190964.51,0.0,0.0,0
15m,1744932600.0,2.0712,2.0738,2.0677,2.0677,247244.82,0.0,0.0,0
15m,1744933500.0,2.0677,2.069,2.0648,2.0676,140575.81,0.0,0.0,0
15m,1744934400.0,2.0676,2.069,2.0604,2.0621,222242.4,0.0,0.0,0
15m,1744935300.0,2.0621,2.0645,2.0567,2.0625,182797.75,0.0,0.0,0
15m,1744936200.0,2.0625,2.0648,2.0539,2.0556,205926.12,0.0,0.0,0
15m,1744937100.0,2.0556,2.0563,2.045,2.0482,408045.58,0.0,0.0,0
15m,1744938000.0,2.0482,2.0628,2.0435,2.0625,496981.15,0.0,0.0,0
15m,1744938900.0,2.0625,2.0681,2.0595,2.0681,346720.84,0.0,0.0,0
15m,1744939800.0,2.0681,2.0684,2.0583,2.059,127263.21,0.0,0.0,0
15m,1744940700.0,2.059,2.0638,2.0548,2.0568,118470.78,0.0,0.0,0
15m,1744941600.0,2.0568,2.0621,2.0493,2.0502,252987.75,0.0,0.0,0
15m,1744942500.0,2.0502,2.0566,2.0497,2.0555,156274.75,0.0,0.0,0
15m,1744943400.0,2.0555,2.0609,2.0527,2.0591,216508.45,0.0,0.0,0
15m,1744944300.0,2.0591,2.0634,2.0565,2.0597,101618.92,0.0,0.0,0
15m,1744945200.0,2.0597,2.0609,2.0504,2.0528,170707.53,0.0,0.0,0
15m,1744946100.0,2.0528,2.0555,2.0458,2.0471,214114.04,0.0,0.0,0
15m,1744947000.0,2.0471,2.0551,2.0457,2.0549,141816.79,0.0,0.0,0
15m,1744947900.0,2.0549,2.0568,2.0515,2.0554,164337.61,0.0,0.0,0
15m,1744948800.0,2.0554,2.0571,2.0481,2.0485,151036.22,0.0,0.0,0
15m,1744949700.0,2.0485,2.0593,2.047,2.0592,576022.27,0.0,0.0,0
15m,1744950600.0,2.0592,2.0605,2.0564,2.0586,131213.08,0.0,0.0,0
15m,1744951500.0,2.0586,2.065,2.0559,2.0638,202741.68,0.0,0.0,0
15m,1744952400.0,2.0638,2.0646,2.0577,2.0592,194328.06,0.0,0.0,0
15m,1744953300.0,2.0592,2.0621,2.0531,2.0553,195716.23,0.0,0.0,0
15m,1744954200.0,2.0553,2.0599,2.0534,2.0579,213634.21,0.0,0.0,0
15m,1744955100.0,2.0579,2.0642,2.057,2.0639,196072.24,0.0,0.0,0
15m,1744956000.0,2.0639,2.0692,2.0628,2.0664,314949.82,0.0,0.0,0
15m,1744956900.0,2.0664,2.0678,2.0618,2.0649,139438.68,0.0,0.0,0
15m,1744957800.0,2.0649,2.0672,2.0606,2.0616,216778.51,0.0,0.0,0
15m,1744958700.0,2.0616,2.0654,2.059,2.065,206866.13,0.0,0.0,0
15m,1744959600.0,2.065,2.067,2.0598,2.0614,205738.93,0.0,0.0,0
15m,1744960500.0,2.0614,2.0696,2.0537,2.06,480750.18,0.0,0.0,0
15m,1744961400.0,2.06,2.0676,2.0568,2.0668,206567.54,0.0,0.0,0
15m,1744962300.0,2.0668,2.0715,2.0647,2.0686,576767.2,0.0,0.0,0
15m,1744963200.0,2.0686,2.0762,2.0678,2.076,163563.87,0.0,0.0,0
15m,1744964100.0,2.076,2.0782,2.0742,2.0765,141477.4,0.0,0.0,0
15m,1744965000.0,2.0765,2.0807,2.0715,2.0806,287057.27,0.0,0.0,0
15m,1744965900.0,2.0806,2.081,2.0738,2.0766,177202.97,0.0,0.0,0
15m,1744966800.0,2.0766,2.078,2.0725,2.0771,272087.36,0.0,0.0,0
15m,1744967700.0,2.0771,2.0783,2.0733,2.0757,387354.94,0.0,0.0,0
15m,1744968600.0,2.0757,2.0799,2.0714,2.0794,386130.66,0.0,0.0,0
15m,1744969500.0,2.0794,2.081,2.076,2.0765,129150.65,0.0,0.0,0
15m,1744970400.0,2.0765,2.0778,2.0729,2.0755,153301.97,0.0,0.0,0
15m,1744971300.0,2.0755,2.0804,2.0752,2.0785,124919.44,0.0,0.0,0
15m,1744972200.0,2.0785,2.0804,2.0752,2.0784,84021.91,0.0,0.0,0
15m,1744973100.0,2.0784,2.0794,2.0711,2.0729,218161.16,0.0,0.0,0
15m,1744974000.0,2.0729,2.0772,2.0694,2.0768,96651.57,0.0,0.0,0
15m,1744974900.0,2.0768,2.0777,2.0694,2.0716,191841.4,0.0,0.0,0
15m,1744975800.0,2.0716,2.074,2.0694,2.0732,175500.43,0.0,0.0,0
15m,1744976700.0,2.0732,2.0806,2.0718,2.0801,140199.35,0.0,0.0,0
15m,1744977600.0,2.0801,2.0822,2.078,2.0786,102951.72,0.0,0.0,0
15m,1744978500.0,2.0786,2.08,2.0743,2.079,259203.25,0.0,0.0,0
15m,1744979400.0,2.079,2.0859,2.079,2.0849,255920.74,0.0,0.0,0
15m,1744980300.0,2.0849,2.0855,2.0808,2.0808,143705.94,0.0,0.0,0
15m,1744981200.0,2.0808,2.0811,2.0722,2.0735,167008.67,0.0,0.0,0
15m,1744982100.0,2.0735,2.0779,2.0715,2.074,163509.5,0.0,0.0,0
15m,1744983000.0,2.074,2.0798,2.0683,2.071,288633.15,0.0,0.0,0
15m,1744983900.0,2.071,2.0777,2.0687,2.0768,147207.4,0.0,0.0,0
15m,1744984800.0,2.0768,2.0807,2.0746,2.077,393765.59,0.0,0.0,0
15m,1744985700.0,2.077,2.077,2.0698,2.0718,132084.17,0.0,0.0,0
15m,1744986600.0,2.0718,2.0794,2.0684,2.0782,172585.25,0.0,0.0,0
15m,1744987500.0,2.0782,2.0782,2.0716,2.0741,141182.69,0.0,0.0,0
15m,1744988400.0,2.0741,2.0782,2.0591,2.0607,454671.35,0.0,0.0,0
15m,1744989300.0,2.0607,2.0654,2.0575,2.0578,190820.92,0.0,0.0,0
15m,1744990200.0,2.0578,2.0621,2.0565,2.0585,292491.64,0.0,0.0,0
15m,1744991100.0,2.0585,2.0623,2.0572,2.0585,141279.28,0.0,0.0,0
15m,1744992000.0,2.0585,2.0648,2.0552,2.0634,123670.05,0.0,0.0,0
15m,1744992900.0,2.0634,2.0679,2.0625,2.0625,65489.36,0.0,0.0,0
15m,1744993800.0,2.0625,2.0672,2.0625,2.0638,107463.57,0.0,0.0,0
15m,1744994700.0,2.0638,2.0654,2.0597,2.0653,136264.95,0.0,0.0,0
15m,1744995600.0,2.0653,2.069,2.0617,2.0665,299581.73,0.0,0.0,0
15m,1744996500.0,2.0665,2.0727,2.0657,2.0716,677561.03,0.0,0.0,0
15m,1744997400.0,2.0716,2.0803,2.0701,2.0781,410916.76,0.0,0.0,0
15m,1744998300.0,2.0781,2.0803,2.0752,2.079,123002.52,0.0,0.0,0
15m,1744999200.0,2.079,2.0808,2.0769,2.08,300614.5,0.0,0.0,0
15m,1745000100.0,2.08,2.0896,2.0787,2.0881,755185.88,0.0,0.0,0
15m,1745001000.0,2.0881,2.0883,2.0817,2.0858,293048.45,0.0,0.0,0
15m,1745001900.0,2.0858,2.0868,2.0804,2.0829,166780.31,0.0,0.0,0
15m,1745002800.0,2.0829,2.0848,2.0814,2.0832,85519.95,0.0,0.0,0
15m,1745003700.0,2.0832,2.0841,2.0811,2.0824,74566.86,0.0,0.0,0
15m,1745004600.0,2.0824,2.0824,2.0768,2.0786,213248.19,0.0,0.0,0
15m,1745005500.0,2.0786,2.0804,2.0763,2.0804,198207.8,0.0,0.0,0
15m,1745006400.0,2.0804,2.086,2.079,2.0815,196370.21,0.0,0.0,0
15m,1745007300.0,2.0815,2.0827,2.0779,2.0785,100095.64,0.0,0.0,0
15m,1745008200.0,2.0785,2.0792,2.0715,2.0739,83420.72,0.0,0.0,0
15m,1745009100.0,2.0739,2.0763,2.0739,2.076,58198.32,0.0,0.0,0
15m,1745010000.0,2.076,2.0765,2.0734,2.0765,194406.94,0.0,0.0,0
15m,1745010900.0,2.0765,2.0793,2.0737,2.0742,96702.61,0.0,0.0,0
15m,1745011800.0,2.0742,2.083,2.0736,2.0827,156887.16,0.0,0.0,0
15m,1745012700.0,2.0827,2.0827,2.0782,2.0817,63542.5,0.0,0.0,0
15m,1745013600.0,2.0817,2.0821,2.0751,2.077,157479.95,0.0,0.0,0
15m,1745014500.0,2.077,2.0782,2.075,2.078,49683.68,0.0,0.0,0
15m,1745015400.0,2.078,2.079,2.076,2.0762,47362.3,0.0,0.0,0
15m,1745016300.0,2.0762,2.0772,2.073,2.0735,37357.32,0.0,0.0,0
15m,1745017200.0,2.0735,2.0735,2.0647,2.0665,139655.41,0.0,0.0,0
15m,1745018100.0,2.0665,2.0665,2.0551,2.0614,728126.26,0.0,0.0,0
15m,1745019000.0,2.0614,2.0651,2.0606,2.0648,154477.95,0.0,0.0,0
15m,1745019900.0,2.0648,2.0656,2.0616,2.0618,96178.17,0.0,0.0,0
15m,1745020800.0,2.0618,2.064,2.0588,2.0634,84419.72,0.0,0.0,0
15m,1745021700.0,2.0634,2.0658,2.0583,2.059,272375.59,0.0,0.0,0
15m,1745022600.0,2.059,2.0644,2.059,2.061,142597.82,0.0,0.0,0
15m,1745023500.0,2.061,2.0632,2.0601,2.0601,103735.26,0.0,0.0,0
15m,1745024400.0,2.0601,2.0694,2.0595,2.0687,79978.73,0.0,0.0,0
15m,1745025300.0,2.0687,2.0718,2.0664,2.0699,109813.64,0.0,0.0,0
15m,1745026200.0,2.0699,2.0732,2.0696,2.07,88086.02,0.0,0.0,0
15m,1745027100.0,2.07,2.0703,2.0639,2.0671,163105.03,0.0,0.0,0
15m,1745028000.0,2.0671,2.0793,2.0634,2.0738,214516.24,0.0,0.0,0
15m,1745028900.0,2.0738,2.0806,2.0725,2.0794,667762.61,0.0,0.0,0
15m,1745029800.0,2.0794,2.0801,2.0755,2.0762,65488.38,0.0,0.0,0
15m,1745030700.0,2.0762,2.0798,2.0762,2.0796,87875.52,0.0,0.0,0
15m,1745031600.0,2.0796,2.0854,2.0789,2.0807,276299.96,0.0,0.0,0
15m,1745032500.0,2.0807,2.0851,2.0804,2.0831,373085.77,0.0,0.0,0
15m,1745033400.0,2.0831,2.0865,2.0798,2.081,214750.62,0.0,0.0,0
15m,1745034300.0,2.081,2.0865,2.081,2.0846,113317.02,0.0,0.0,0
15m,1745035200.0,2.0846,2.088,2.0836,2.0861,297461.71,0.0,0.0,0
15m,1745036100.0,2.0861,2.0924,2.0859,2.092,461211.3,0.0,0.0,0
15m,1745037000.0,2.092,2.0947,2.0894,2.0936,207531.37,0.0,0.0,0
15m,1745037900.0,2.0936,2.0936,2.0862,2.0872,200900.0,0.0,0.0,0
15m,1745038800.0,2.0872,2.0911,2.0852,2.0859,229230.67,0.0,0.0,0
15m,1745039700.0,2.0859,2.0899,2.0839,2.089,141731.63,0.0,0.0,0
15m,1745040600.0,2.089,2.0893,2.0852,2.0862,90766.45,0.0,0.0,0
15m,1745041500.0,2.0862,2.0875,2.0838,2.0842,130425.77,0.0,0.0,0
15m,1745042400.0,2.0842,2.0857,2.0801,2.0803,130195.35,0.0,0.0,0
15m,1745043300.0,2.0803,2.0828,2.0798,2.0828,69973.69,0.0,0.0,0
15m,1745044200.0,2.0828,2.0828,2.0775,2.079,135562.46,0.0,0.0,0
15m,1745045100.0,2.079,2.0797,2.0776,2.0777,68767.34,0.0,0.0,0
15m,1745046000.0,2.0777,2.0832,2.0775,2.0832,91060.99,0.0,0.0,0
15m,1745046900.0,2.0832,2.086,2.0801,2.086,238257.87,0.0,0.0,0
15m,1745047800.0,2.086,2.0913,2.0848,2.0896,164620.48,0.0,0.0,0
15m,1745048700.0,2.0896,2.0899,2.0876,2.0893,75725.36,0.0,0.0,0
15m,1745049600.0,2.0893,2.0919,2.0857,2.087,74721.43,0.0,0.0,0
15m,1745050500.0,2.087,2.089,2.0856,2.0872,67163.62,0.0,0.0,0
15m,1745051400.0,2.0872,2.0892,2.0837,2.0884,367074.54,0.0,0.0,0
15m,1745052300.0,2.0884,2.0892,2.0855,2.0872,66515.78,0.0,0.0,0
15m,1745053200.0,2.0872,2.093,2.0861,2.0913,296692.09,0.0,0.0,0
15m,1745054100.0,2.0913,2.0977,2.0912,2.0914,311167.2,0.0,0.0,0
15m,1745055000.0,2.0914,2.094,2.0872,2.0893,301574.36,0.0,0.0,0
15m,1745055900.0,2.0893,2.0943,2.0881,2.0901,391860.7,0.0,0.0,0
15m,1745056800.0,2.0901,2.0905,2.0849,2.0861,326881.1,0.0,0.0,0
15m,1745057700.0,2.0861,2.0877,2.083,2.0834,79658.65,0.0,0.0,0
15m,1745058600.0,2.0834,2.0849,2.0807,2.0842,118193.2,0.0,0.0,0
15m,1745059500.0,2.0842,2.0854,2.0829,2.0845,32913.44,0.0,0.0,0
15m,1745060400.0,2.0845,2.0867,2.0814,2.0818,64451.05,0.0,0.0,0
15m,1745061300.0,2.0818,2.0836,2.0802,2.0836,68919.95,0.0,0.0,0
15m,1745062200.0,2.0836,2.0861,2.0825,2.0832,45644.64,0.0,0.0,0
15m,1745063100.0,2.0832,2.0833,2.0813,2.0817,38267.99,0.0,0.0,0
15m,1745064000.0,2.0817,2.0849,2.081,2.0835,67693.83,0.0,0.0,0
15m,1745064900.0,2.0835,2.0841,2.08,2.083,106129.47,0.0,0.0,0
15m,1745065800.0,2.083,2.084,2.0816,2.0825,120600.01,0.0,0.0,0
15m,1745066700.0,2.0825,2.0832,2.08,2.0823,128121.98,0.0,0.0,0
15m,1745067600.0,2.0823,2.0825,2.0791,2.0824,97938.48,0.0,0.0,0
15m,1745068500.0,2.0824,2.084,2.0789,2.0839,100203.07,0.0,0.0,0
15m,1745069400.0,2.0839,2.085,2.08,2.0822,157987.61,0.0,0.0,0
15m,1745070300.0,2.0822,2.0894,2.0821,2.0885,137001.97,0.0,0.0,0
15m,1745071200.0,2.0885,2.0925,2.0861,2.0869,143822.81,0.0,0.0,0
15m,1745072100.0,2.0869,2.0881,2.085,2.0859,84337.76,0.0,0.0,0
15m,1745073000.0,2.0859,2.0873,2.0825,2.0829,71455.51,0.0,0.0,0
15m,1745073900.0,2.0829,2.0835,2.0806,2.0832,65812.56,0.0,0.0,0
15m,1745074800.0,2.0832,2.0861,2.0813,2.0845,108920.65,0.0,0.0,0
15m,1745075700.0,2.0845,2.0889,2.08,2.0886,142007.44,0.0,0.0,0
15m,1745076600.0,2.0886,2.0896,2.0787,2.081,208068.62,0.0,0.0,0
15m,1745077500.0,2.081,2.0819,2.0761,2.077,216043.56,0.0,0.0,0
15m,1745078400.0,2.077,2.0829,2.0765,2.08,124960.34,0.0,0.0,0
15m,1745079300.0,2.08,2.0822,2.0749,2.0749,151465.98,0.0,0.0,0
15m,1745080200.0,2.0749,2.0754,2.07,2.0711,561484.92,0.0,0.0,0
15m,1745081100.0,2.0711,2.0718,2.0656,2.0691,589173.58,0.0,0.0,0
15m,1745082000.0,2.0691,2.0749,2.0683,2.0748,142736.23,0.0,0.0,0
15m,1745082900.0,2.0748,2.0784,2.0747,2.0769,115340.03,0.0,0.0,0
15m,1745083800.0,2.0769,2.0861,2.0748,2.0834,197209.28,0.0,0.0,0
15m,1745084700.0,2.0834,2.0873,2.0801,2.0852,236449.73,0.0,0.0,0
15m,1745085600.0,2.0852,2.0951,2.0833,2.0927,567977.61,0.0,0.0,0
15m,1745086500.0,2.0927,2.0936,2.0876,2.0885,337487.09,0.0,0.0,0
15m,1745087400.0,2.0885,2.0937,2.0885,2.0901,136948.9,0.0,0.0,0
15m,1745088300.0,2.0901,2.0912,2.0882,2.0894,63435.27,0.0,0.0,0
15m,1745089200.0,2.0894,2.0907,2.0852,2.0886,52754.9,0.0,0.0,0
15m,1745090100.0,2.0886,2.0886,2.082,2.0842,87155.48,0.0,0.0,0
15m,1745091000.0,2.0842,2.085,2.0826,2.0844,42101.07,0.0,0.0,0
15m,1745091900.0,2.0844,2.0849,2.0826,2.0835,17836.73,0.0,0.0,0
15m,1745092800.0,2.0835,2.0845,2.0804,2.0815,37217.24,0.0,0.0,0
15m,1745093700.0,2.0815,2.0864,2.0808,2.0864,23179.42,0.0,0.0,0
15m,1745094600.0,2.0864,2.0879,2.0814,2.0875,125336.61,0.0,0.0,0
15m,1745095500.0,2.0875,2.0886,2.0852,2.0875,53590.97,0.0,0.0,0
15m,1745096400.0,2.0875,2.0908,2.0871,2.0898,81435.16,0.0,0.0,0
15m,1745097300.0,2.0898,2.092,2.0889,2.0891,65534.85,0.0,0.0,0
15m,1745098200.0,2.0891,2.0899,2.0857,2.0877,177693.96,0.0,0.0,0
15m,1745099100.0,2.0877,2.091,2.0874,2.0897,36110.11,0.0,0.0,0
15m,1745100000.0,2.0897,2.0928,2.0882,2.0891,163627.39,0.0,0.0,0
15m,1745100900.0,2.0891,2.0893,2.0857,2.086,45679.8,0.0,0.0,0
15m,1745101800.0,2.086,2.0903,2.0859,2.0889,88196.3,0.0,0.0,0
15m,1745102700.0,2.0889,2.0897,2.0867,2.0878,28489.21,0.0,0.0,0
15m,1745103600.0,2.0878,2.0892,2.0833,2.0835,79248.15,0.0,0.0,0
15m,1745104500.0,2.0835,2.0853,2.0822,2.0826,46971.55,0.0,0.0,0
15m,1745105400.0,2.0826,2.0851,2.0822,2.0838,107457.83,0.0,0.0,0
15m,1745106300.0,2.0838,2.0913,2.0833,2.0876,172276.56,0.0,0.0,0
15m,1745107200.0,2.0876,2.091,2.0849,2.0907,191337.54,0.0,0.0,0
15m,1745108100.0,2.0907,2.0942,2.0881,2.0886,216661.31,0.0,0.0,0
15m,1745109000.0,2.0886,2.0897,2.0836,2.0839,173641.69,0.0,0.0,0
15m,1745109900.0,2.0839,2.0857,2.0832,2.0849,113205.91,0.0,0.0,0
15m,1745110800.0,2.0849,2.0903,2.0836,2.0887,70185.08,0.0,0.0,0
15m,1745111700.0,2.0887,2.0909,2.0873,2.0878,100794.04,0.0,0.0,0
15m,1745112600.0,2.0878,2.0901,2.085,2.0877,79387.04,0.0,0.0,0
15m,1745113500.0,2.0877,2.0908,2.0875,2.0905,333423.82,0.0,0.0,0
15m,1745114400.0,2.0905,2.0915,2.0864,2.0876,190288.18,0.0,0.0,0
15m,1745115300.0,2.0876,2.0879,2.0833,2.084,59137.44,0.0,0.0,0
15m,1745116200.0,2.084,2.0871,2.0837,2.0869,53615.98,0.0,0.0,0
15m,1745117100.0,2.0869,2.0873,2.0837,2.0855,66159.6,0.0,0.0,0
15m,1745118000.0,2.0855,2.0866,2.0831,2.0861,87239.26,0.0,0.0,0
15m,1745118900.0,2.0861,2.0872,2.083,2.084,117780.83,0.0,0.0,0
15m,1745119800.0,2.084,2.0842,2.0806,2.0811,74163.05,0.0,0.0,0
15m,1745120700.0,2.0811,2.0836,2.0796,2.0832,90444.32,0.0,0.0,0
15m,1745121600.0,2.0832,2.0833,2.0776,2.0801,248307.87,0.0,0.0,0
15m,1745122500.0,2.0801,2.0853,2.0781,2.0837,133086.5,0.0,0.0,0
15m,1745123400.0,2.0837,2.0857,2.0824,2.0843,121945.86,0.0,0.0,0
15m,1745124300.0,2.0843,2.085,2.082,2.0831,134312.3,0.0,0.0,0
15m,1745125200.0,2.0831,2.085,2.0817,2.0847,50041.79,0.0,0.0,0
15m,1745126100.0,2.0847,2.0864,2.0839,2.0861,55461.21,0.0,0.0,0
15m,1745127000.0,2.0861,2.0861,2.0821,2.0824,64058.39,0.0,0.0,0
15m,1745127900.0,2.0824,2.0843,2.08,2.0801,48056.16,0.0,0.0,0
15m,1745128800.0,2.0801,2.084,2.079,2.0813,59463.67,0.0,0.0,0
15m,1745129700.0,2.0813,2.0815,2.0783,2.0789,70878.79,0.0,0.0,0
15m,1745130600.0,2.0789,2.0801,2.0753,2.0756,78964.28,0.0,0.0,0
15m,1745131500.0,2.0756,2.076,2.0683,2.0723,668444.66,0.0,0.0,0
15m,1745132400.0,2.0723,2.0723,2.0665,2.069,172761.92,0.0,0.0,0
15m,1745133300.0,2.069,2.0694,2.0629,2.0648,488941.67,0.0,0.0,0
15m,1745134200.0,2.0648,2.0686,2.0631,2.0662,280992.21,0.0,0.0,0
15m,1745135100.0,2.0662,2.07,2.0659,2.0695,74327.92,0.0,0.0,0
15m,1745136000.0,2.0695,2.0702,2.066,2.07,82177.36,0.0,0.0,0
15m,1745136900.0,2.07,2.0712,2.0671,2.0706,220991.88,0.0,0.0,0
15m,1745137800.0,2.0706,2.0709,2.0661,2.0662,311232.51,0.0,0.0,0
15m,1745138700.0,2.0662,2.067,2.0595,2.0616,525066.47,0.0,0.0,0
15m,1745139600.0,2.0616,2.0638,2.0596,2.0622,168223.01,0.0,0.0,0
15m,1745140500.0,2.0622,2.0644,2.0605,2.0625,190820.37,0.0,0.0,0
15m,1745141400.0,2.0625,2.063,2.0576,2.0592,478163.01,0.0,0.0,0
15m,1745142300.0,2.0592,2.0637,2.0569,2.0629,186438.93,0.0,0.0,0
15m,1745143200.0,2.0629,2.0631,2.058,2.0599,214995.32,0.0,0.0,0
15m,1745144100.0,2.0599,2.0615,2.0578,2.059,92866.72,0.0,0.0,0
15m,1745145000.0,2.059,2.0598,2.053,2.054,367784.92,0.0,0.0,0
15m,1745145900.0,2.054,2.054,2.0402,2.0472,655539.57,0.0,0.0,0
15m,1745146800.0,2.0472,2.0486,2.0404,2.048,385990.61,0.0,0.0,0
15m,1745147700.0,2.048,2.0482,2.0401,2.043,337040.31,0.0,0.0,0
15m,1745148600.0,2.043,2.0469,2.0388,2.0438,311303.3,0.0,0.0,0
15m,1745149500.0,2.0438,2.0438,2.0392,2.0429,209729.78,0.0,0.0,0
15m,1745150400.0,2.0429,2.0534,2.0408,2.0531,370710.88,0.0,0.0,0
15m,1745151300.0,2.0531,2.0554,2.0502,2.0535,297095.68,0.0,0.0,0
15m,1745152200.0,2.0535,2.0553,2.0508,2.0509,182892.42,0.0,0.0,0
15m,1745153100.0,2.0509,2.0533,2.0493,2.0522,253387.19,0.0,0.0,0
15m,1745154000.0,2.0522,2.0551,2.0463,2.047,294032.47,0.0,0.0,0
15m,1745154900.0,2.047,2.0503,2.0436,2.05,348442.99,0.0,0.0,0
15m,1745155800.0,2.05,2.0539,2.0474,2.0528,461896.46,0.0,0.0,0
15m,1745156700.0,2.0528,2.0539,2.0513,2.0525,136412.23,0.0,0.0,0
15m,1745157600.0,2.0525,2.0608,2.0492,2.0566,460855.68,0.0,0.0,0
15m,1745158500.0,2.0566,2.0581,2.0528,2.0555,485904.35,0.0,0.0,0
15m,1745159400.0,2.0555,2.0595,2.0552,2.0566,384396.44,0.0,0.0,0
15m,1745160300.0,2.0566,2.0603,2.0547,2.0592,161484.24,0.0,0.0,0
15m,1745161200.0,2.0592,2.0597,2.0535,2.0552,130327.78,0.0,0.0,0
15m,1745162100.0,2.0552,2.0564,2.0473,2.0489,469935.05,0.0,0.0,0
15m,1745163000.0,2.0489,2.0536,2.0479,2.0536,141518.22,0.0,0.0,0
15m,1745163900.0,2.0536,2.0548,2.0445,2.0485,205370.26,0.0,0.0,0
15m,1745164800.0,2.0485,2.0542,2.0454,2.054,112046.54,0.0,0.0,0
15m,1745165700.0,2.054,2.0603,2.0519,2.056,135627.27,0.0,0.0,0
15m,1745166600.0,2.056,2.0584,2.0541,2.0568,46024.22,0.0,0.0,0
15m,1745167500.0,2.0568,2.0608,2.0567,2.0608,127080.12,0.0,0.0,0
15m,1745168400.0,2.0608,2.0608,2.0552,2.0552,39302.35,0.0,0.0,0
15m,1745169300.0,2.0552,2.0599,2.0551,2.0576,36315.99,0.0,0.0,0
15m,1745170200.0,2.0576,2.0581,2.0551,2.0572,63610.18,0.0,0.0,0
15m,1745171100.0,2.0572,2.0592,2.0563,2.0569,66122.44,0.0,0.0,0
15m,1745172000.0,2.0569,2.0597,2.0556,2.0584,62580.64,0.0,0.0,0
15m,1745172900.0,2.0584,2.0625,2.0584,2.0595,100683.89,0.0,0.0,0
15m,1745173800.0,2.0595,2.0603,2.0551,2.0568,347092.44,0.0,0.0,0
15m,1745174700.0,2.0568,2.0597,2.0554,2.0594,49969.16,0.0,0.0,0
15m,1745175600.0,2.0594,2.0602,2.0566,2.0576,50295.05,0.0,0.0,0
15m,1745176500.0,2.0576,2.0609,2.0575,2.0599,47899.86,0.0,0.0,0
15m,1745177400.0,2.0599,2.0665,2.0599,2.0661,118436.75,0.0,0.0,0
15m,1745178300.0,2.0661,2.087,2.0661,2.0814,519123.99,0.0,0.0,0
15m,1745179200.0,2.0814,2.09,2.0751,2.0864,466059.29,0.0,0.0,0
15m,1745180100.0,2.0864,2.0914,2.0835,2.0848,449402.65,0.0,0.0,0
15m,1745181000.0,2.0848,2.0867,2.0789,2.0808,231020.52,0.0,0.0,0
15m,1745181900.0,2.0808,2.0848,2.0781,2.0814,255851.3,0.0,0.0,0
15m,1745182800.0,2.0814,2.084,2.0729,2.0729,198762.92,0.0,0.0,0
15m,1745183700.0,2.0729,2.0771,2.0713,2.074,100022.31,0.0,0.0,0
15m,1745184600.0,2.074,2.0813,2.074,2.0799,65427.45,0.0,0.0,0
15m,1745185500.0,2.0799,2.0808,2.0776,2.0788,33606.36,0.0,0.0,0
15m,1745186400.0,2.0788,2.0794,2.0721,2.074,94473.2,0.0,0.0,0
15m,1745187300.0,2.074,2.0745,2.0604,2.0628,306524.31,0.0,0.0,0
15m,1745188200.0,2.0628,2.0675,2.0608,2.067,114320.04,0.0,0.0,0
15m,1745189100.0,2.067,2.0693,2.0659,2.0688,49065.66,0.0,0.0,0
15m,1745190000.0,2.0688,2.0747,2.0688,2.0726,163940.2,0.0,0.0,0
15m,1745190900.0,2.0726,2.0772,2.0695,2.0696,152338.03,0.0,0.0,0
15m,1745191800.0,2.0696,2.0746,2.0669,2.0746,168675.41,0.0,0.0,0
15m,1745192700.0,2.0746,2.0789,2.0732,2.0785,70308.46,0.0,0.0,0
15m,1745193600.0,2.0785,2.084,2.0768,2.084,166700.78,0.0,0.0,0
15m,1745194500.0,2.084,2.1065,2.084,2.1,717416.38,0.0,0.0,0
15m,1745195400.0,2.1,2.1215,2.1,2.1095,1401039.74,0.0,0.0,0
15m,1745196300.0,2.1095,2.1173,2.1013,2.1026,604247.43,0.0,0.0,0
15m,1745197200.0,2.1026,2.1155,2.1025,2.108,540647.47,0.0,0.0,0
15m,1745198100.0,2.108,2.1123,2.1055,2.112,261171.52,0.0,0.0,0
15m,1745199000.0,2.112,2.1193,2.1113,2.1184,306181.45,0.0,0.0,0
15m,1745199900.0,2.1184,2.1233,2.117,2.118,791583.9,0.0,0.0,0
15m,1745200800.0,2.118,2.1213,2.1131,2.1166,636250.63,0.0,0.0,0
15m,1745201700.0,2.1166,2.122,2.1125,2.12,280031.72,0.0,0.0,0
15m,1745202600.0,2.12,2.1255,2.1091,2.1108,429422.56,0.0,0.0,0
15m,1745203500.0,2.1108,2.1152,2.1104,2.1131,193458.63,0.0,0.0,0
15m,1745204400.0,2.1131,2.1196,2.1131,2.1165,190909.83,0.0,0.0,0
15m,1745205300.0,2.1165,2.1187,2.1101,2.1114,356849.38,0.0,0.0,0
15m,1745206200.0,2.1114,2.1137,2.1097,2.1134,254543.02,0.0,0.0,0
15m,1745207100.0,2.1134,2.1147,2.1081,2.1093,236806.45,0.0,0.0,0
15m,1745208000.0,2.1093,2.1175,2.1091,2.1153,166506.72,0.0,0.0,0
15m,1745208900.0,2.1153,2.1153,2.1081,2.1097,210608.24,0.0,0.0,0
15m,1745209800.0,2.1097,2.1126,2.1074,2.1116,111408.51,0.0,0.0,0
15m,1745210700.0,2.1116,2.1199,2.1111,2.1184,365469.28,0.0,0.0,0
15m,1745211600.0,2.1184,2.12,2.1159,2.1162,227352.38,0.0,0.0,0
15m,1745212500.0,2.1162,2.1192,2.1151,2.1173,147633.55,0.0,0.0,0
15m,1745213400.0,2.1173,2.1187,2.1152,2.117,144554.02,0.0,0.0,0
15m,1745214300.0,2.117,2.1306,2.1169,2.1267,627918.1,0.0,0.0,0
15m,1745215200.0,2.1267,2.1392,2.1264,2.1354,553110.42,0.0,0.0,0
15m,1745216100.0,2.1354,2.1405,2.1311,2.1353,345312.38,0.0,0.0,0
15m,1745217000.0,2.1353,2.1357,2.1259,2.1275,233064.99,0.0,0.0,0
15m,1745217900.0,2.1275,2.1311,2.1264,2.1296,250266.46,0.0,0.0,0
15m,1745218800.0,2.1296,2.1332,2.1264,2.1311,183351.88,0.0,0.0,0
15m,1745219700.0,2.1311,2.1324,2.1257,2.1288,155548.57,0.0,0.0,0
15m,1745220600.0,2.1288,2.1317,2.1278,2.1304,148307.24,0.0,0.0,0
15m,1745221500.0,2.1304,2.1305,2.1259,2.1263,103911.88,0.0,0.0,0
15m,1745222400.0,2.1263,2.1316,2.1263,2.1279,447426.7,0.0,0.0,0
15m,1745223300.0,2.1279,2.1311,2.1261,2.129,190763.68,0.0,0.0,0
15m,1745224200.0,2.129,2.1338,2.128,2.1316,254073.09,0.0,0.0,0
15m,1745225100.0,2.1316,2.1385,2.1312,2.1371,265418.15,0.0,0.0,0
15m,1745226000.0,2.1371,2.141,2.1329,2.1332,300216.3,0.0,0.0,0
15m,1745226900.0,2.1332,2.1341,2.1286,2.13,197134.16,0.0,0.0,0
15m,1745227800.0,2.13,2.1319,2.1259,2.1278,223810.78,0.0,0.0,0
15m,1745228700.0,2.1278,2.1299,2.1246,2.1284,323773.65,0.0,0.0,0
15m,1745229600.0,2.1284,2.1298,2.1232,2.1252,145289.1,0.0,0.0,0
15m,1745230500.0,2.1252,2.1268,2.1189,2.1203,199726.35,0.0,0.0,0
15m,1745231400.0,2.1203,2.1234,2.1182,2.1231,126884.82,0.0,0.0,0
15m,1745232300.0,2.1231,2.1303,2.1227,2.1292,146464.18,0.0,0.0,0
15m,1745233200.0,2.1292,2.1298,2.1215,2.1221,254260.39,0.0,0.0,0
15m,1745234100.0,2.1221,2.1221,2.108,2.1131,562070.41,0.0,0.0,0
15m,1745235000.0,2.1131,2.1168,2.1121,2.1166,342653.26,0.0,0.0,0
15m,1745235900.0,2.1166,2.1196,2.1157,2.118,279275.93,0.0,0.0,0
15m,1745236800.0,2.118,2.1234,2.1167,2.1221,205962.44,0.0,0.0,0
15m,1745237700.0,2.1221,2.1227,2.1176,2.1182,564093.53,0.0,0.0,0
15m,1745238600.0,2.1182,2.1217,2.1149,2.1161,330135.7,0.0,0.0,0
15m,1745239500.0,2.1161,2.1211,2.1117,2.1125,371285.07,0.0,0.0,0
15m,1745240400.0,2.1125,2.1135,2.1049,2.108,541663.29,0.0,0.0,0
15m,1745241300.0,2.108,2.115,2.1068,2.115,157493.11,0.0,0.0,0
15m,1745242200.0,2.115,2.1212,2.1076,2.1168,281647.92,0.0,0.0,0
15m,1745243100.0,2.1168,2.1182,2.1062,2.1066,615902.38,0.0,0.0,0
15m,1745244000.0,2.1066,2.1199,2.1047,2.1199,214501.1,0.0,0.0,0
15m,1745244900.0,2.1199,2.135,2.1151,2.1346,570291.2,0.0,0.0,0
15m,1745245800.0,2.1346,2.1386,2.1258,2.128,323500.62,0.0,0.0,0
15m,1745246700.0,2.128,2.1297,2.117,2.1291,289501.44,0.0,0.0,0
15m,1745247600.0,2.1291,2.1303,2.1178,2.1182,155986.52,0.0,0.0,0
15m,1745248500.0,2.1182,2.1261,2.1177,2.1224,316478.05,0.0,0.0,0
15m,1745249400.0,2.1224,2.1251,2.1189,2.1196,142295.5,0.0,0.0,0
15m,1745250300.0,2.1196,2.1196,2.1108,2.115,212092.86,0.0,0.0,0
15m,1745251200.0,2.115,2.1172,2.1076,2.1117,613615.95,0.0,0.0,0
15m,1745252100.0,2.1117,2.1131,2.1,2.1027,534113.64,0.0,0.0,0
15m,1745253000.0,2.1027,2.1059,2.0964,2.0965,627636.09,0.0,0.0,0
15m,1745253900.0,2.0965,2.0968,2.0827,2.0845,862837.87,0.0,0.0,0
15m,1745254800.0,2.0845,2.085,2.0598,2.0778,1867824.38,0.0,0.0,0
15m,1745255700.0,2.0778,2.0878,2.0717,2.0847,757769.42,0.0,0.0,0
15m,1745256600.0,2.0847,2.0878,2.0727,2.0729,563555.25,0.0,0.0,0
15m,1745257500.0,2.0729,2.0771,2.0698,2.0734,369821.74,0.0,0.0,0
15m,1745258400.0,2.0734,2.0748,2.0668,2.0744,329457.43,0.0,0.0,0
15m,1745259300.0,2.0744,2.0801,2.068,2.0706,472362.87,0.0,0.0,0
15m,1745260200.0,2.0706,2.0775,2.0692,2.0737,156031.63,0.0,0.0,0
15m,1745261100.0,2.0737,2.0752,2.0696,2.0699,248091.05,0.0,0.0,0
15m,1745262000.0,2.0699,2.081,2.0677,2.0777,500852.89,0.0,0.0,0
15m,1745262900.0,2.0777,2.0895,2.0776,2.0891,192682.35,0.0,0.0,0
15m,1745263800.0,2.0891,2.0903,2.0846,2.0856,204985.11,0.0,0.0,0
15m,1745264700.0,2.0856,2.0895,2.0828,2.088,173097.68,0.0,0.0,0
15m,1745265600.0,2.088,2.088,2.0793,2.0794,52777.47,0.0,0.0,0
15m,1745266500.0,2.0794,2.08,2.0763,2.0778,69842.71,0.0,0.0,0
15m,1745267400.0,2.0778,2.0827,2.0773,2.0827,49657.38,0.0,0.0,0
15m,1745268300.0,2.0827,2.0854,2.0816,2.0846,87222.82,0.0,0.0,0
15m,1745269200.0,2.0846,2.085,2.0779,2.0822,237627.19,0.0,0.0,0
15m,1745270100.0,2.0822,2.0836,2.0787,2.0809,64976.03,0.0,0.0,0
15m,1745271000.0,2.0809,2.0816,2.0747,2.0785,152439.24,0.0,0.0,0
15m,1745271900.0,2.0785,2.0808,2.0781,2.0787,194626.96,0.0,0.0,0
15m,1745272800.0,2.0787,2.0787,2.0724,2.0748,107681.18,0.0,0.0,0
15m,1745273700.0,2.0748,2.0753,2.0706,2.0718,164318.62,0.0,0.0,0
15m,1745274600.0,2.0718,2.0747,2.0712,2.0742,147989.18,0.0,0.0,0
15m,1745275500.0,2.0742,2.0765,2.0725,2.0754,288689.48,0.0,0.0,0
15m,1745276400.0,2.0754,2.0764,2.0713,2.0763,121998.45,0.0,0.0,0
15m,1745277300.0,2.0763,2.0808,2.0763,2.0808,92154.32,0.0,0.0,0
15m,1745278200.0,2.0808,2.0809,2.074,2.0757,182919.23,0.0,0.0,0
15m,1745279100.0,2.0757,2.0871,2.0752,2.0854,172948.79,0.0,0.0,0
15m,1745280000.0,2.0854,2.0882,2.0792,2.0809,90166.38,0.0,0.0,0
15m,1745280900.0,2.0809,2.0843,2.08,2.0836,148152.18,0.0,0.0,0
15m,1745281800.0,2.0836,2.0836,2.064,2.0762,421981.02,0.0,0.0,0
15m,1745282700.0,2.0762,2.0803,2.0713,2.0801,147252.38,0.0,0.0,0
15m,1745283600.0,2.0801,2.0853,2.0757,2.0836,140650.42,0.0,0.0,0
15m,1745284500.0,2.0836,2.1038,2.0831,2.0916,432295.41,0.0,0.0,0
15m,1745285400.0,2.0916,2.0986,2.0897,2.0934,233624.59,0.0,0.0,0
15m,1745286300.0,2.0934,2.0987,2.0913,2.0964,206017.65,0.0,0.0,0
15m,1745287200.0,2.0964,2.1019,2.0931,2.094,161429.74,0.0,0.0,0
15m,1745288100.0,2.094,2.0943,2.0855,2.0874,113566.92,0.0,0.0,0
15m,1745289000.0,2.0874,2.0889,2.0797,2.0797,143510.57,0.0,0.0,0
15m,1745289900.0,2.0797,2.0865,2.0786,2.084,112482.23,0.0,0.0,0
15m,1745290800.0,2.084,2.0865,2.0762,2.079,165966.72,0.0,0.0,0
15m,1745291700.0,2.079,2.0858,2.0781,2.0819,105796.81,0.0,0.0,0
15m,1745292600.0,2.0819,2.0838,2.0797,2.0831,92918.79,0.0,0.0,0
15m,1745293500.0,2.0831,2.0859,2.0817,2.0835,75960.75,0.0,0.0,0
15m,1745294400.0,2.0835,2.0886,2.0814,2.0872,126544.84,0.0,0.0,0
15m,1745295300.0,2.0872,2.0874,2.0829,2.0846,359706.68,0.0,0.0,0
15m,1745296200.0,2.0846,2.0854,2.08,2.0822,282268.76,0.0,0.0,0
15m,1745297100.0,2.0822,2.0825,2.0783,2.0788,67712.44,0.0,0.0,0
15m,1745298000.0,2.0788,2.0833,2.077,2.0778,128567.99,0.0,0.0,0
15m,1745298900.0,2.0778,2.0797,2.0772,2.0785,122066.31,0.0,0.0,0
15m,1745299800.0,2.0785,2.0849,2.0771,2.0821,173131.78,0.0,0.0,0
15m,1745300700.0,2.0821,2.0843,2.0781,2.0792,486568.32,0.0,0.0,0
15m,1745301600.0,2.0792,2.0832,2.0766,2.0769,151263.76,0.0,0.0,0
15m,1745302500.0,2.0769,2.0773,2.0706,2.0706,273035.66,0.0,0.0,0
15m,1745303400.0,2.0706,2.0727,2.068,2.0706,253774.55,0.0,0.0,0
15m,1745304300.0,2.0706,2.0766,2.0691,2.0762,136282.19,0.0,0.0,0
15m,1745305200.0,2.0762,2.0808,2.0762,2.0782,202233.58,0.0,0.0,0
15m,1745306100.0,2.0782,2.0808,2.077,2.0792,182683.46,0.0,0.0,0
15m,1745307000.0,2.0792,2.0968,2.0792,2.0933,708719.18,0.0,0.0,0
15m,1745307900.0,2.0933,2.0955,2.0905,2.0928,294279.49,0.0,0.0,0
15m,1745308800.0,2.0928,2.1074,2.0915,2.1023,803901.17,0.0,0.0,0
15m,1745309700.0,2.1023,2.1081,2.0933,2.0942,552883.95,0.0,0.0,0
15m,1745310600.0,2.0942,2.0987,2.0928,2.0943,341233.33,0.0,0.0,0
15m,1745311500.0,2.0943,2.0986,2.094,2.0984,205849.8,0.0,0.0,0
15m,1745312400.0,2.0984,2.101,2.0951,2.0971,253702.17,0.0,0.0,0
15m,1745313300.0,2.0971,2.1025,2.0945,2.1023,424102.35,0.0,0.0,0
15m,1745314200.0,2.1023,2.103,2.0974,2.1022,317888.01,0.0,0.0,0
15m,1745315100.0,2.1022,2.1037,2.0983,2.1035,343581.63,0.0,0.0,0
15m,1745316000.0,2.1035,2.106,2.1008,2.1046,331951.23,0.0,0.0,0
15m,1745316900.0,2.1046,2.1046,2.0949,2.0971,447285.27,0.0,0.0,0
15m,1745317800.0,2.0971,2.1038,2.0961,2.103,472506.32,0.0,0.0,0
15m,1745318700.0,2.103,2.1049,2.1011,2.1044,129167.94,0.0,0.0,0
15m,1745319600.0,2.1044,2.1064,2.1008,2.103,397003.39,0.0,0.0,0
15m,1745320500.0,2.103,2.1055,2.1014,2.1036,217141.88,0.0,0.0,0
15m,1745321400.0,2.1036,2.1039,2.0975,2.0987,228521.51,0.0,0.0,0
15m,1745322300.0,2.0987,2.1022,2.098,2.0995,208252.14,0.0,0.0,0
15m,1745323200.0,2.0995,2.1004,2.0955,2.0979,245202.62,0.0,0.0,0
15m,1745324100.0,2.0979,2.1029,2.0966,2.1026,422038.47,0.0,0.0,0
15m,1745325000.0,2.1026,2.105,2.0944,2.099,313395.28,0.0,0.0,0
15m,1745325900.0,2.099,2.1074,2.0974,2.1013,423835.69,0.0,0.0,0
15m,1745326800.0,2.1013,2.1139,2.0987,2.1128,1093305.2,0.0,0.0,0
15m,1745327700.0,2.1128,2.1169,2.1062,2.1062,556919.89,0.0,0.0,0
15m,1745328600.0,2.1062,2.1243,2.1032,2.1232,921038.6,0.0,0.0,0
15m,1745329500.0,2.1232,2.1333,2.1184,2.133,2115974.59,0.0,0.0,0
15m,1745330400.0,2.133,2.139,2.1249,2.1318,1387276.46,0.0,0.0,0
15m,1745331300.0,2.1318,2.1341,2.1199,2.1237,624250.15,0.0,0.0,0
15m,1745332200.0,2.1237,2.1484,2.1199,2.146,1275776.91,0.0,0.0,0
15m,1745333100.0,2.146,2.1591,2.1431,2.1509,1742992.66,0.0,0.0,0
15m,1745334000.0,2.1509,2.1936,2.1495,2.1894,3947604.36,0.0,0.0,0
15m,1745334900.0,2.1894,2.1904,2.1701,2.1704,1683483.21,0.0,0.0,0
15m,1745335800.0,2.1704,2.1721,2.1379,2.1432,2476962.85,0.0,0.0,0
15m,1745336700.0,2.1432,2.1571,2.1423,2.1555,677980.72,0.0,0.0,0
15m,1745337600.0,2.1555,2.162,2.15,2.1525,818410.33,0.0,0.0,0
15m,1745338500.0,2.1525,2.1533,2.1444,2.1452,681820.7,0.0,0.0,0
15m,1745339400.0,2.1452,2.1514,2.1442,2.1484,378784.24,0.0,0.0,0
15m,1745340300.0,2.1484,2.1515,2.1406,2.1433,576757.04,0.0,0.0,0
15m,1745341200.0,2.1433,2.1541,2.1433,2.1503,448432.09,0.0,0.0,0
15m,1745342100.0,2.1503,2.1518,2.1431,2.1481,366894.14,0.0,0.0,0
15m,1745343000.0,2.1481,2.1569,2.1472,2.1541,431847.57,0.0,0.0,0
15m,1745343900.0,2.1541,2.1631,2.1519,2.1609,1048138.98,0.0,0.0,0
15m,1745344800.0,2.1609,2.1707,2.154,2.1549,1029154.43,0.0,0.0,0
15m,1745345700.0,2.1549,2.1578,2.1516,2.1538,267326.31,0.0,0.0,0
15m,1745346600.0,2.1538,2.162,2.1536,2.1618,268385.6,0.0,0.0,0
15m,1745347500.0,2.1618,2.1653,2.143,2.1614,1933680.36,0.0,0.0,0
15m,1745348400.0,2.1614,2.1632,2.1549,2.1553,358771.61,0.0,0.0,0
15m,1745349300.0,2.1553,2.1579,2.15,2.1565,439426.23,0.0,0.0,0
15m,1745350200.0,2.1565,2.1567,2.1418,2.1491,437037.73,0.0,0.0,0
15m,1745351100.0,2.1491,2.1565,2.1475,2.1546,235198.65,0.0,0.0,0
15m,1745352000.0,2.1546,2.1562,2.1481,2.1484,323131.48,0.0,0.0,0
15m,1745352900.0,2.1484,2.1546,2.1484,2.1534,385905.93,0.0,0.0,0
15m,1745353800.0,2.1534,2.1569,2.1533,2.1569,217780.07,0.0,0.0,0
15m,1745354700.0,2.1569,2.16,2.1549,2.1567,297208.84,0.0,0.0,0
15m,1745355600.0,2.1567,2.1615,2.1527,2.1536,348318.76,0.0,0.0,0
15m,1745356500.0,2.1536,2.1711,2.1535,2.1632,611356.88,0.0,0.0,0
15m,1745357400.0,2.1632,2.1935,2.1632,2.1935,1766513.08,0.0,0.0,0
15m,1745358300.0,2.1935,2.251,2.1931,2.2391,6749680.49,0.0,0.0,0
15m,1745359200.0,2.2391,2.242,2.2115,2.2166,4205825.35,0.0,0.0,0
15m,1745360100.0,2.2166,2.2249,2.21,2.21,1314597.09,0.0,0.0,0
15m,1745361000.0,2.21,2.2136,2.1949,2.205,1357170.31,0.0,0.0,0
15m,1745361900.0,2.205,2.2102,2.199,2.2089,764739.73,0.0,0.0,0
15m,1745362800.0,2.2089,2.2257,2.2085,2.2181,878476.67,0.0,0.0,0
15m,1745363700.0,2.2181,2.2202,2.204,2.2164,722038.91,0.0,0.0,0
15m,1745364600.0,2.2164,2.224,2.2155,2.2194,1054613.77,0.0,0.0,0
15m,1745365500.0,2.2194,2.2232,2.2108,2.2139,604146.17,0.0,0.0,0
15m,1745366400.0,2.2139,2.2319,2.2139,2.2186,1447294.47,0.0,0.0,0
15m,1745367300.0,2.2186,2.2343,2.2186,2.2229,2114833.01,0.0,0.0,0
15m,1745368200.0,2.2229,2.2229,2.2084,2.2093,1037699.23,0.0,0.0,0
15m,1745369100.0,2.2093,2.2117,2.2016,2.2034,1855423.88,0.0,0.0,0
15m,1745370000.0,2.2034,2.2208,2.2033,2.211,1780398.49,0.0,0.0,0
15m,1745370900.0,2.211,2.2174,2.2062,2.2146,608957.11,0.0,0.0,0
15m,1745371800.0,2.2146,2.2169,2.2029,2.2051,461195.17,0.0,0.0,0
15m,1745372700.0,2.2051,2.2084,2.1935,2.1966,432626.93,0.0,0.0,0
15m,1745373600.0,2.1966,2.2043,2.1961,2.2011,342546.31,0.0,0.0,0
15m,1745374500.0,2.2011,2.2211,2.1995,2.2145,1363744.97,0.0,0.0,0
15m,1745375400.0,2.2145,2.2187,2.2115,2.2161,590260.08,0.0,0.0,0
15m,1745376300.0,2.2161,2.2293,2.2161,2.2171,824754.29,0.0,0.0,0
15m,1745377200.0,2.2171,2.2173,2.2125,2.2135,423113.74,0.0,0.0,0
15m,1745378100.0,2.2135,2.2289,2.213,2.2261,1050528.18,0.0,0.0,0
15m,1745379000.0,2.2261,2.2344,2.2209,2.2329,1238384.63,0.0,0.0,0
15m,1745379900.0,2.2329,2.2369,2.2287,2.2355,656839.77,0.0,0.0,0
15m,1745380800.0,2.2355,2.2368,2.2245,2.2281,428138.22,0.0,0.0,0
15m,1745381700.0,2.2281,2.2284,2.222,2.2258,294137.87,0.0,0.0,0
15m,1745382600.0,2.2258,2.2341,2.2242,2.2326,460432.28,0.0,0.0,0
15m,1745383500.0,2.2326,2.2497,2.2307,2.2493,1629432.76,0.0,0.0,0
15m,1745384400.0,2.2493,2.2493,2.2361,2.2395,996313.85,0.0,0.0,0
15m,1745385300.0,2.2395,2.2401,2.2252,2.2297,812150.18,0.0,0.0,0
15m,1745386200.0,2.2297,2.2361,2.2264,2.2318,769287.71,0.0,0.0,0
15m,1745387100.0,2.2318,2.2339,2.2231,2.2248,956372.28,0.0,0.0,0
15m,1745388000.0,2.2248,2.2327,2.2212,2.2309,444195.18,0.0,0.0,0
15m,1745388900.0,2.2309,2.236,2.2251,2.2332,395617.0,0.0,0.0,0
15m,1745389800.0,2.2332,2.2431,2.2328,2.2422,621333.08,0.0,0.0,0
15m,1745390700.0,2.2422,2.2451,2.2366,2.2428,690290.6,0.0,0.0,0
15m,1745391600.0,2.2428,2.2644,2.234,2.2356,1896829.19,0.0,0.0,0
15m,1745392500.0,2.2356,2.2419,2.2293,2.2414,588277.0,0.0,0.0,0
15m,1745393400.0,2.2414,2.2583,2.2403,2.2408,1005774.32,0.0,0.0,0
15m,1745394300.0,2.2408,2.2587,2.2408,2.2572,771477.76,0.0,0.0,0
15m,1745395200.0,2.2572,2.2693,2.2499,2.2688,1082866.12,0.0,0.0,0
15m,1745396100.0,2.2688,2.2818,2.2611,2.2688,1353914.83,0.0,0.0,0
15m,1745397000.0,2.2688,2.2907,2.2617,2.2901,1227539.9,0.0,0.0,0
15m,1745397900.0,2.2901,2.2999,2.2855,2.2915,1052393.21,0.0,0.0,0
15m,1745398800.0,2.2915,2.3014,2.2877,2.288,690068.81,0.0,0.0,0
15m,1745399700.0,2.288,2.288,2.2782,2.2784,788144.09,0.0,0.0,0
15m,1745400600.0,2.2784,2.2859,2.2752,2.2794,600768.15,0.0,0.0,0
15m,1745401500.0,2.2794,2.2853,2.2735,2.2735,389734.91,0.0,0.0,0
15m,1745402400.0,2.2735,2.2781,2.2542,2.2562,1393595.97,0.0,0.0,0
15m,1745403300.0,2.2562,2.2667,2.2562,2.2649,428119.42,0.0,0.0,0
15m,1745404200.0,2.2649,2.2725,2.2637,2.272,344968.23,0.0,0.0,0
15m,1745405100.0,2.272,2.2734,2.2677,2.2681,589617.74,0.0,0.0,0
15m,1745406000.0,2.2681,2.2695,2.2621,2.2678,248017.56,0.0,0.0,0
15m,1745406900.0,2.2678,2.2794,2.266,2.2761,376393.75,0.0,0.0,0
15m,1745407800.0,2.2761,2.2764,2.264,2.264,305287.81,0.0,0.0,0
15m,1745408700.0,2.264,2.2679,2.2527,2.2599,451700.33,0.0,0.0,0
15m,1745409600.0,2.2599,2.2718,2.2568,2.27,379780.29,0.0,0.0,0
15m,1745410500.0,2.27,2.294,2.262,2.2753,1437964.56,0.0,0.0,0
15m,1745411400.0,2.2753,2.2848,2.2739,2.2786,826926.71,0.0,0.0,0
15m,1745412300.0,2.2786,2.2885,2.2785,2.2825,580137.5,0.0,0.0,0
15m,1745413200.0,2.2825,2.2877,2.278,2.2868,457043.05,0.0,0.0,0
15m,1745414100.0,2.2868,2.293,2.2825,2.2861,454991.34,0.0,0.0,0
15m,1745415000.0,2.2861,2.2979,2.2618,2.2705,3670691.18,0.0,0.0,0
15m,1745415900.0,2.2705,2.2885,2.245,2.2465,1954553.67,0.0,0.0,0
15m,1745416800.0,2.2465,2.2642,2.245,2.2513,2997950.52,0.0,0.0,0
15m,1745417700.0,2.2513,2.2525,2.2306,2.2493,1841812.02,0.0,0.0,0
15m,1745418600.0,2.2493,2.2548,2.238,2.2543,779495.47,0.0,0.0,0
15m,1745419500.0,2.2543,2.2547,2.2354,2.2369,368482.03,0.0,0.0,0
15m,1745420400.0,2.2369,2.2426,2.2188,2.2283,1746897.86,0.0,0.0,0
15m,1745421300.0,2.2283,2.2304,2.1902,2.2011,3305175.38,0.0,0.0,0
15m,1745422200.0,2.2011,2.2265,2.1962,2.2153,1871204.36,0.0,0.0,0
15m,1745423100.0,2.2153,2.2297,2.2101,2.2278,704959.38,0.0,0.0,0
15m,1745424000.0,2.2278,2.231,2.2213,2.2245,440840.7,0.0,0.0,0
15m,1745424900.0,2.2245,2.2263,2.2065,2.2236,519198.4,0.0,0.0,0
15m,1745425800.0,2.2236,2.2365,2.2193,2.2297,424539.32,0.0,0.0,0
15m,1745426700.0,2.2297,2.237,2.2273,2.23,503998.44,0.0,0.0,0
15m,1745427600.0,2.23,2.2438,2.2242,2.2409,896021.08,0.0,0.0,0
15m,1745428500.0,2.2409,2.2418,2.2298,2.232,257454.68,0.0,0.0,0
15m,1745429400.0,2.232,2.2353,2.2279,2.2315,213422.43,0.0,0.0,0
15m,1745430300.0,2.2315,2.2395,2.2263,2.2375,201961.9,0.0,0.0,0
15m,1745431200.0,2.2375,2.2489,2.2358,2.2453,660083.91,0.0,0.0,0
15m,1745432100.0,2.2453,2.2506,2.2396,2.2397,269464.07,0.0,0.0,0
15m,1745433000.0,2.2397,2.2409,2.2282,2.2282,333307.89,0.0,0.0,0
15m,1745433900.0,2.2282,2.2302,2.2198,2.2216,188721.94,0.0,0.0,0
15m,1745434800.0,2.2216,2.2239,2.2131,2.2131,258528.79,0.0,0.0,0
15m,1745435700.0,2.2131,2.2145,2.2,2.2031,520675.17,0.0,0.0,0
15m,1745436600.0,2.2031,2.2196,2.2022,2.2192,311239.36,0.0,0.0,0
15m,1745437500.0,2.2192,2.2206,2.2125,2.2182,302013.22,0.0,0.0,0
15m,1745438400.0,2.2182,2.2212,2.2143,2.2162,189894.13,0.0,0.0,0
15m,1745439300.0,2.2162,2.228,2.2162,2.2225,251705.66,0.0,0.0,0
15m,1745440200.0,2.2225,2.2278,2.2224,2.224,81460.06,0.0,0.0,0
15m,1745441100.0,2.224,2.2259,2.217,2.217,279282.16,0.0,0.0,0
15m,1745442000.0,2.217,2.2245,2.2142,2.2235,214088.15,0.0,0.0,0
15m,1745442900.0,2.2235,2.2271,2.2205,2.2208,183256.81,0.0,0.0,0
15m,1745443800.0,2.2208,2.2228,2.2085,2.2106,312317.61,0.0,0.0,0
15m,1745444700.0,2.2106,2.2203,2.2097,2.2178,137864.06,0.0,0.0,0
15m,1745445600.0,2.2178,2.219,2.2118,2.2126,140155.87,0.0,0.0,0
15m,1745446500.0,2.2126,2.2222,2.2126,2.22,94740.86,0.0,0.0,0
15m,1745447400.0,2.22,2.2277,2.2198,2.2277,122243.44,0.0,0.0,0
15m,1745448300.0,2.2277,2.2301,2.2255,2.2301,76059.78,0.0,0.0,0
15m,1745449200.0,2.2301,2.2301,2.2226,2.2279,67192.48,0.0,0.0,0
15m,1745450100.0,2.2279,2.2285,2.223,2.2253,61116.89,0.0,0.0,0
15m,1745451000.0,2.2253,2.2253,2.2163,2.2167,407289.1,0.0,0.0,0
15m,1745451900.0,2.2167,2.2192,2.2134,2.2184,209831.97,0.0,0.0,0
15m,1745452800.0,2.2184,2.2229,2.2122,2.2143,191551.75,0.0,0.0,0
15m,1745453700.0,2.2143,2.2212,2.2047,2.206,790055.73,0.0,0.0,0
15m,1745454600.0,2.206,2.2186,2.2023,2.2185,787264.19,0.0,0.0,0
15m,1745455500.0,2.2185,2.2185,2.2067,2.2104,130829.98,0.0,0.0,0
15m,1745456400.0,2.2104,2.2147,2.2004,2.202,348789.45,0.0,0.0,0
15m,1745457300.0,2.202,2.2043,2.1948,2.2019,294833.83,0.0,0.0,0
15m,1745458200.0,2.2019,2.2123,2.2019,2.2098,228195.93,0.0,0.0,0
15m,1745459100.0,2.2098,2.2186,2.206,2.2152,260350.79,0.0,0.0,0
15m,1745460000.0,2.2152,2.2205,2.2096,2.219,171781.06,0.0,0.0,0
15m,1745460900.0,2.219,2.2212,2.2155,2.2192,171651.26,0.0,0.0,0
15m,1745461800.0,2.2192,2.2201,2.2069,2.2077,112043.21,0.0,0.0,0
15m,1745462700.0,2.2077,2.2096,2.1955,2.1959,275465.81,0.0,0.0,0
15m,1745463600.0,2.1959,2.2052,2.193,2.2001,142122.89,0.0,0.0,0
15m,1745464500.0,2.2001,2.2086,2.2001,2.2075,164988.47,0.0,0.0,0
15m,1745465400.0,2.2075,2.2079,2.1838,2.1853,1142994.35,0.0,0.0,0
15m,1745466300.0,2.1853,2.1905,2.1721,2.1752,818267.77,0.0,0.0,0
15m,1745467200.0,2.1752,2.1853,2.1673,2.1809,862051.07,0.0,0.0,0
15m,1745468100.0,2.1809,2.1866,2.1754,2.1822,363499.93,0.0,0.0,0
15m,1745469000.0,2.1822,2.1864,2.1773,2.1834,319702.61,0.0,0.0,0
15m,1745469900.0,2.1834,2.1899,2.1824,2.1885,547408.71,0.0,0.0,0
15m,1745470800.0,2.1885,2.1935,2.1885,2.1926,306859.23,0.0,0.0,0
15m,1745471700.0,2.1926,2.1935,2.1823,2.1843,213922.58,0.0,0.0,0
15m,1745472600.0,2.1843,2.1877,2.1836,2.184,167811.64,0.0,0.0,0
15m,1745473500.0,2.184,2.1879,2.1748,2.1764,567435.03,0.0,0.0,0
15m,1745474400.0,2.1764,2.1777,2.1717,2.1762,287534.45,0.0,0.0,0
15m,1745475300.0,2.1762,2.1824,2.1689,2.1807,231932.41,0.0,0.0,0
15m,1745476200.0,2.1807,2.1818,2.1691,2.1694,171470.39,0.0,0.0,0
15m,1745477100.0,2.1694,2.173,2.164,2.1656,237826.43,0.0,0.0,0
15m,1745478000.0,2.1656,2.1731,2.1623,2.1726,803352.57,0.0,0.0,0
15m,1745478900.0,2.1726,2.1727,2.156,2.1577,535161.65,0.0,0.0,0
15m,1745479800.0,2.1577,2.1599,2.148,2.1506,510130.81,0.0,0.0,0
15m,1745480700.0,2.1506,2.1509,2.1435,2.1493,502343.33,0.0,0.0,0
15m,1745481600.0,2.1493,2.155,2.1424,2.1441,582417.56,0.0,0.0,0
15m,1745482500.0,2.1441,2.1581,2.1421,2.1458,913178.61,0.0,0.0,0
15m,1745483400.0,2.1458,2.1479,2.127,2.1299,1246337.03,0.0,0.0,0
15m,1745484300.0,2.1299,2.1363,2.1177,2.1337,1714328.9,0.0,0.0,0
15m,1745485200.0,2.1337,2.1416,2.131,2.1415,454025.53,0.0,0.0,0
15m,1745486100.0,2.1415,2.1463,2.1389,2.1444,253904.58,0.0,0.0,0
15m,1745487000.0,2.1444,2.1508,2.1422,2.1466,332628.03,0.0,0.0,0
15m,1745487900.0,2.1466,2.149,2.1392,2.1481,624702.2,0.0,0.0,0
15m,1745488800.0,2.1481,2.1506,2.1426,2.1451,255047.26,0.0,0.0,0
15m,1745489700.0,2.1451,2.1544,2.145,2.1535,406332.76,0.0,0.0,0
15m,1745490600.0,2.1535,2.1553,2.149,2.1553,354186.44,0.0,0.0,0
15m,1745491500.0,2.1553,2.159,2.1517,2.1568,607530.48,0.0,0.0,0
15m,1745492400.0,2.1568,2.1571,2.142,2.1456,825934.75,0.0,0.0,0
15m,1745493300.0,2.1456,2.1471,2.1427,2.147,287986.98,0.0,0.0,0
15m,1745494200.0,2.147,2.1483,2.1412,2.1474,292189.18,0.0,0.0,0
15m,1745495100.0,2.1474,2.1577,2.1474,2.1561,479825.54,0.0,0.0,0
15m,1745496000.0,2.1561,2.1586,2.1517,2.1586,361147.34,0.0,0.0,0
15m,1745496900.0,2.1586,2.1654,2.1579,2.1628,613335.19,0.0,0.0,0
15m,1745497800.0,2.1628,2.168,2.1593,2.1637,387293.2,0.0,0.0,0
15m,1745498700.0,2.1637,2.1691,2.1602,2.1689,314995.21,0.0,0.0,0
15m,1745499600.0,2.1689,2.1695,2.1636,2.1643,135046.79,0.0,0.0,0
15m,1745500500.0,2.1643,2.171,2.1643,2.1702,259074.01,0.0,0.0,0
15m,1745501400.0,2.1702,2.2219,2.1697,2.1877,6248344.83,0.0,0.0,0
15m,1745502300.0,2.1877,2.1877,2.1708,2.1817,843030.31,0.0,0.0,0
15m,1745503200.0,2.1817,2.1972,2.178,2.1812,760425.75,0.0,0.0,0
15m,1745504100.0,2.1812,2.1895,2.1522,2.1807,2324889.69,0.0,0.0,0
15m,1745505000.0,2.1807,2.1929,2.1801,2.1904,933650.72,0.0,0.0,0
15m,1745505900.0,2.1904,2.1995,2.1842,2.1885,672241.58,0.0,0.0,0
15m,1745506800.0,2.1885,2.2196,2.1853,2.2127,1315511.37,0.0,0.0,0
15m,1745507700.0,2.2127,2.2357,2.206,2.2064,2003099.9,0.0,0.0,0
15m,1745508600.0,2.2064,2.2207,2.203,2.2125,714350.29,0.0,0.0,0
15m,1745509500.0,2.2125,2.2167,2.2066,2.2122,370785.92,0.0,0.0,0
15m,1745510400.0,2.2122,2.2189,2.2094,2.2162,547980.37,0.0,0.0,0
15m,1745511300.0,2.2162,2.2282,2.2132,2.2235,847801.38,0.0,0.0,0
15m,1745512200.0,2.2235,2.2279,2.2183,2.2185,968736.22,0.0,0.0,0
15m,1745513100.0,2.2185,2.2257,2.2115,2.2115,606493.94,0.0,0.0,0
15m,1745514000.0,2.2115,2.2192,2.1952,2.1952,694118.59,0.0,0.0,0
15m,1745514900.0,2.1952,2.2019,2.1828,2.1979,1518236.38,0.0,0.0,0
15m,1745515800.0,2.1979,2.2013,2.1863,2.1884,469093.49,0.0,0.0,0
15m,1745516700.0,2.1884,2.201,2.1852,2.2004,508079.35,0.0,0.0,0
15m,1745517600.0,2.2004,2.2098,2.1997,2.2097,420625.39,0.0,0.0,0
15m,1745518500.0,2.2097,2.2121,2.1988,2.201,510575.55,0.0,0.0,0
15m,1745519400.0,2.201,2.2052,2.1962,2.1983,225863.63,0.0,0.0,0
15m,1745520300.0,2.1983,2.2046,2.1978,2.2018,280513.06,0.0,0.0,0
15m,1745521200.0,2.2018,2.2038,2.1922,2.1948,241383.61,0.0,0.0,0
15m,1745522100.0,2.1948,2.2071,2.1939,2.2037,197809.65,0.0,0.0,0
15m,1745523000.0,2.2037,2.2076,2.2023,2.2043,163740.04,0.0,0.0,0
15m,1745523900.0,2.2043,2.2097,2.2008,2.2059,178515.55,0.0,0.0,0
15m,1745524800.0,2.2059,2.2135,2.2039,2.2051,503336.61,0.0,0.0,0
15m,1745525700.0,2.2051,2.2051,2.1982,2.2046,217564.81,0.0,0.0,0
15m,1745526600.0,2.2046,2.2066,2.2027,2.204,205086.06,0.0,0.0,0
15m,1745527500.0,2.204,2.2094,2.2021,2.2021,339196.75,0.0,0.0,0
15m,1745528400.0,2.2021,2.206,2.2017,2.2046,370487.81,0.0,0.0,0
15m,1745529300.0,2.2046,2.2049,2.1869,2.191,202093.28,0.0,0.0,0
15m,1745530200.0,2.191,2.1989,2.1885,2.1961,205937.84,0.0,0.0,0
15m,1745531100.0,2.1961,2.202,2.1958,2.2003,39182.77,0.0,0.0,0
15m,1745532000.0,2.2003,2.2062,2.1979,2.1998,132757.51,0.0,0.0,0
15m,1745532900.0,2.1998,2.2024,2.1964,2.1988,251710.27,0.0,0.0,0
15m,1745533800.0,2.1988,2.202,2.1952,2.1969,231621.26,0.0,0.0,0
15m,1745534700.0,2.1969,2.1969,2.1889,2.193,126538.09,0.0,0.0,0
15m,1745535600.0,2.193,2.1989,2.1912,2.1971,90126.53,0.0,0.0,0
15m,1745536500.0,2.1971,2.2035,2.1955,2.202,265817.25,0.0,0.0,0
15m,1745537400.0,2.202,2.2107,2.2018,2.2068,427870.36,0.0,0.0,0
15m,1745538300.0,2.2068,2.2078,2.2021,2.2049,366204.52,0.0,0.0,0
15m,1745539200.0,2.2049,2.2055,2.196,2.2001,277632.4,0.0,0.0,0
15m,1745540100.0,2.2001,2.2048,2.1953,2.2013,190327.11,0.0,0.0,0
15m,1745541000.0,2.2013,2.2069,2.1986,2.206,142719.21,0.0,0.0,0
15m,1745541900.0,2.206,2.206,2.2006,2.2011,117336.95,0.0,0.0,0
15m,1745542800.0,2.2011,2.2172,2.1986,2.2074,554990.62,0.0,0.0,0
15m,1745543700.0,2.2074,2.2119,2.1943,2.199,657772.03,0.0,0.0,0
15m,1745544600.0,2.199,2.2056,2.1969,2.2022,369643.26,0.0,0.0,0
15m,1745545500.0,2.2022,2.2044,2.1918,2.1925,106378.38,0.0,0.0,0
15m,1745546400.0,2.1925,2.1988,2.1914,2.1918,179540.09,0.0,0.0,0
15m,1745547300.0,2.1918,2.193,2.1808,2.1849,645652.49,0.0,0.0,0
15m,1745548200.0,2.1849,2.1853,2.178,2.179,481937.85,0.0,0.0,0
15m,1745549100.0,2.179,2.1815,2.1636,2.1705,443210.78,0.0,0.0,0
15m,1745550000.0,2.1705,2.1826,2.1654,2.1763,608807.86,0.0,0.0,0
15m,1745550900.0,2.1763,2.1797,2.1719,2.1752,256131.89,0.0,0.0,0
15m,1745551800.0,2.1752,2.1836,2.1749,2.1802,272076.49,0.0,0.0,0
15m,1745552700.0,2.1802,2.1848,2.1802,2.1816,190732.86,0.0,0.0,0
15m,1745553600.0,2.1816,2.1889,2.179,2.187,209978.52,0.0,0.0,0
15m,1745554500.0,2.187,2.1881,2.1802,2.1805,177457.55,0.0,0.0,0
15m,1745555400.0,2.1805,2.1851,2.1768,2.1839,246511.37,0.0,0.0,0
15m,1745556300.0,2.1839,2.1843,2.1777,2.1791,267055.8,0.0,0.0,0
15m,1745557200.0,2.1791,2.1873,2.1768,2.186,390652.46,0.0,0.0,0
15m,1745558100.0,2.186,2.1914,2.1858,2.1884,568224.18,0.0,0.0,0
15m,1745559000.0,2.1884,2.1894,2.1782,2.1799,624397.54,0.0,0.0,0
15m,1745559900.0,2.1799,2.1815,2.1779,2.1808,265833.35,0.0,0.0,0
15m,1745560800.0,2.1808,2.1895,2.1788,2.1888,246141.26,0.0,0.0,0
15m,1745561700.0,2.1888,2.1938,2.1859,2.1938,348167.66,0.0,0.0,0
15m,1745562600.0,2.1938,2.2004,2.1932,2.2003,543227.39,0.0,0.0,0
15m,1745563500.0,2.2003,2.2031,2.1952,2.1987,390118.71,0.0,0.0,0
15m,1745564400.0,2.1987,2.2043,2.1957,2.1962,567288.26,0.0,0.0,0
15m,1745565300.0,2.1962,2.1998,2.1896,2.1903,242815.27,0.0,0.0,0
15m,1745566200.0,2.1903,2.1942,2.1873,2.1905,155378.67,0.0,0.0,0
15m,1745567100.0,2.1905,2.1964,2.1865,2.195,331644.68,0.0,0.0,0
15m,1745568000.0,2.195,2.1981,2.1877,2.1896,269585.61,0.0,0.0,0
15m,1745568900.0,2.1896,2.1955,2.188,2.1945,399920.27,0.0,0.0,0
15m,1745569800.0,2.1945,2.1956,2.1906,2.1943,214706.14,0.0,0.0,0
15m,1745570700.0,2.1943,2.1986,2.1929,2.1948,292392.05,0.0,0.0,0
15m,1745571600.0,2.1948,2.1951,2.1843,2.1918,292650.08,0.0,0.0,0
15m,1745572500.0,2.1918,2.1925,2.1854,2.1923,181288.96,0.0,0.0,0
15m,1745573400.0,2.1923,2.1953,2.191,2.1915,227183.52,0.0,0.0,0
15m,1745574300.0,2.1915,2.2086,2.1903,2.2082,761628.44,0.0,0.0,0
15m,1745575200.0,2.2082,2.2097,2.1947,2.1982,531926.5,0.0,0.0,0
15m,1745576100.0,2.1982,2.2062,2.1946,2.1952,582457.75,0.0,0.0,0
15m,1745577000.0,2.1952,2.1974,2.1856,2.1899,304772.91,0.0,0.0,0
15m,1745577900.0,2.1899,2.193,2.1861,2.19,298262.15,0.0,0.0,0
15m,1745578800.0,2.19,2.2045,2.19,2.2045,524503.01,0.0,0.0,0
15m,1745579700.0,2.2045,2.2092,2.1997,2.2017,546441.34,0.0,0.0,0
15m,1745580600.0,2.2017,2.2035,2.1975,2.1986,286694.9,0.0,0.0,0
15m,1745581500.0,2.1986,2.2049,2.1973,2.2041,373413.84,0.0,0.0,0
15m,1745582400.0,2.2041,2.217,2.2005,2.2126,586975.4,0.0,0.0,0
15m,1745583300.0,2.2126,2.2191,2.1966,2.1988,770397.73,0.0,0.0,0
15m,1745584200.0,2.1988,2.2058,2.1975,2.203,319919.67,0.0,0.0,0
15m,1745585100.0,2.203,2.2046,2.1878,2.1921,648288.44,0.0,0.0,0
15m,1745586000.0,2.1921,2.1983,2.1891,2.1913,575566.06,0.0,0.0,0
15m,1745586900.0,2.1913,2.1938,2.1783,2.1791,463154.7,0.0,0.0,0
15m,1745587800.0,2.1791,2.1925,2.1722,2.1895,859662.46,0.0,0.0,0
15m,1745588700.0,2.1895,2.1948,2.1797,2.1831,403414.07,0.0,0.0,0
15m,1745589600.0,2.1831,2.2043,2.1824,2.2038,737812.53,0.0,0.0,0
15m,1745590500.0,2.2038,2.2038,2.1883,2.193,586960.26,0.0,0.0,0
15m,1745591400.0,2.193,2.205,2.1903,2.2042,563161.5,0.0,0.0,0
15m,1745592300.0,2.2042,2.218,2.2015,2.2114,1187072.64,0.0,0.0,0
15m,1745593200.0,2.2114,2.2179,2.2085,2.2141,992724.67,0.0,0.0,0
15m,1745594100.0,2.2141,2.2192,2.2065,2.2116,761143.06,0.0,0.0,0
15m,1745595000.0,2.2116,2.2194,2.1984,2.2018,1037156.06,0.0,0.0,0
15m,1745595900.0,2.2018,2.2063,2.1998,2.2006,292073.52,0.0,0.0,0
15m,1745596800.0,2.2006,2.205,2.1905,2.1914,417335.64,0.0,0.0,0
15m,1745597700.0,2.1914,2.198,2.1854,2.1977,405867.97,0.0,0.0,0
15m,1745598600.0,2.1977,2.2039,2.1937,2.2036,302636.86,0.0,0.0,0
15m,1745599500.0,2.2036,2.2043,2.1991,2.2027,279483.25,0.0,0.0,0
15m,1745600400.0,2.2027,2.2096,2.2018,2.2069,272140.08,0.0,0.0,0
15m,1745601300.0,2.2069,2.2095,2.2049,2.2056,112984.22,0.0,0.0,0
15m,1745602200.0,2.2056,2.2056,2.1871,2.191,562852.19,0.0,0.0,0
15m,1745603100.0,2.191,2.1915,2.1826,2.1866,842497.96,0.0,0.0,0
15m,1745604000.0,2.1866,2.1934,2.186,2.1914,355118.38,0.0,0.0,0
15m,1745604900.0,2.1914,2.1947,2.1895,2.1936,112220.74,0.0,0.0,0
15m,1745605800.0,2.1936,2.2013,2.1925,2.2005,241799.48,0.0,0.0,0
15m,1745606700.0,2.2005,2.2005,2.1888,2.191,162800.47,0.0,0.0,0
15m,1745607600.0,2.191,2.1959,2.1875,2.1879,130791.31,0.0,0.0,0
15m,1745608500.0,2.1879,2.1944,2.1851,2.1898,399961.49,0.0,0.0,0
15m,1745609400.0,2.1898,2.1922,2.1862,2.1899,77277.84,0.0,0.0,0
15m,1745610300.0,2.1899,2.1956,2.1861,2.1955,216394.48,0.0,0.0,0
15m,1745611200.0,2.1955,2.1955,2.1911,2.1929,115805.58,0.0,0.0,0
15m,1745612100.0,2.1929,2.1949,2.1886,2.1925,228557.11,0.0,0.0,0
15m,1745613000.0,2.1925,2.1967,2.1901,2.1902,188218.13,0.0,0.0,0
15m,1745613900.0,2.1902,2.1964,2.1902,2.1939,128270.91,0.0,0.0,0
15m,1745614800.0,2.1939,2.2002,2.1932,2.1966,289798.19,0.0,0.0,0
15m,1745615700.0,2.1966,2.1966,2.1859,2.1874,104482.58,0.0,0.0,0
15m,1745616600.0,2.1874,2.1931,2.1863,2.1882,133524.14,0.0,0.0,0
15m,1745617500.0,2.1882,2.1884,2.1783,2.1814,507827.54,0.0,0.0,0
15m,1745618400.0,2.1814,2.1861,2.1814,2.1858,148245.77,0.0,0.0,0
15m,1745619300.0,2.1858,2.1892,2.1831,2.187,198063.31,0.0,0.0,0
15m,1745620200.0,2.187,2.1895,2.1869,2.1884,71998.05,0.0,0.0,0
15m,1745621100.0,2.1884,2.1898,2.1854,2.1858,178587.49,0.0,0.0,0
15m,1745622000.0,2.1858,2.187,2.1803,2.1838,159735.88,0.0,0.0,0
15m,1745622900.0,2.1838,2.184,2.1791,2.1806,163919.74,0.0,0.0,0
15m,1745623800.0,2.1806,2.1831,2.1764,2.1831,361646.98,0.0,0.0,0
15m,1745624700.0,2.1831,2.1854,2.1806,2.1813,209001.97,0.0,0.0,0
15m,1745625600.0,2.1813,2.1877,2.1813,2.184,206789.86,0.0,0.0,0
15m,1745626500.0,2.184,2.1896,2.1802,2.1846,112256.43,0.0,0.0,0
15m,1745627400.0,2.1846,2.1864,2.1807,2.181,75620.06,0.0,0.0,0
15m,1745628300.0,2.181,2.1887,2.1804,2.1861,146240.08,0.0,0.0,0
15m,1745629200.0,2.1861,2.1867,2.18,2.1836,133346.33,0.0,0.0,0
15m,1745630100.0,2.1836,2.191,2.1818,2.1897,389031.66,0.0,0.0,0
15m,1745631000.0,2.1897,2.2006,2.1897,2.1974,663786.15,0.0,0.0,0
15m,1745631900.0,2.1974,2.203,2.1961,2.2028,406914.58,0.0,0.0,0
15m,1745632800.0,2.2028,2.2039,2.1923,2.193,250336.93,0.0,0.0,0
15m,1745633700.0,2.193,2.1943,2.1895,2.1904,221635.6,0.0,0.0,0
15m,1745634600.0,2.1904,2.1987,2.1884,2.1953,373266.56,0.0,0.0,0
15m,1745635500.0,2.1953,2.1974,2.1921,2.1962,261471.46,0.0,0.0,0
15m,1745636400.0,2.1962,2.1973,2.1907,2.1945,92686.66,0.0,0.0,0
15m,1745637300.0,2.1945,2.195,2.1872,2.1883,127245.38,0.0,0.0,0
15m,1745638200.0,2.1883,2.1924,2.1873,2.1891,212218.68,0.0,0.0,0
15m,1745639100.0,2.1891,2.193,2.1878,2.191,93099.35,0.0,0.0,0
15m,1745640000.0,2.191,2.1944,2.1895,2.1936,163838.36,0.0,0.0,0
15m,1745640900.0,2.1936,2.1944,2.1877,2.1887,208719.43,0.0,0.0,0
15m,1745641800.0,2.1887,2.1887,2.1818,2.1861,413147.93,0.0,0.0,0
15m,1745642700.0,2.1861,2.1871,2.181,2.182,129298.48,0.0,0.0,0
15m,1745643600.0,2.182,2.1845,2.18,2.1835,179761.67,0.0,0.0,0
15m,1745644500.0,2.1835,2.1884,2.1819,2.1884,96697.26,0.0,0.0,0
15m,1745645400.0,2.1884,2.1915,2.1875,2.191,70588.63,0.0,0.0,0
15m,1745646300.0,2.191,2.1931,2.1901,2.1916,251094.3,0.0,0.0,0
15m,1745647200.0,2.1916,2.1965,2.1902,2.1963,207248.34,0.0,0.0,0
15m,1745648100.0,2.1963,2.2017,2.196,2.2016,318733.92,0.0,0.0,0
15m,1745649000.0,2.2016,2.2354,2.2014,2.2184,2023619.87,0.0,0.0,0
15m,1745649900.0,2.2184,2.2246,2.2137,2.2176,435164.6,0.0,0.0,0
15m,1745650800.0,2.2176,2.2265,2.2171,2.2261,579811.8,0.0,0.0,0
15m,1745651700.0,2.2261,2.2384,2.2244,2.2384,856010.07,0.0,0.0,0
15m,1745652600.0,2.2384,2.2483,2.236,2.2371,1167667.12,0.0,0.0,0
15m,1745653500.0,2.2371,2.2371,2.2199,2.2199,1127363.97,0.0,0.0,0
15m,1745654400.0,2.2199,2.2276,2.2132,2.2211,753647.08,0.0,0.0,0
15m,1745655300.0,2.2211,2.2357,2.22,2.2299,546789.01,0.0,0.0,0
15m,1745656200.0,2.2299,2.2314,2.2128,2.2152,570095.46,0.0,0.0,0
15m,1745657100.0,2.2152,2.2154,2.2046,2.2106,1370247.06,0.0,0.0,0
15m,1745658000.0,2.2106,2.2124,2.2,2.2107,547899.34,0.0,0.0,0
15m,1745658900.0,2.2107,2.2157,2.207,2.2077,234056.37,0.0,0.0,0
15m,1745659800.0,2.2077,2.2077,2.197,2.2003,359457.22,0.0,0.0,0
15m,1745660700.0,2.2003,2.2085,2.1988,2.2081,256372.93,0.0,0.0,0
15m,1745661600.0,2.2081,2.2141,2.2055,2.2071,425697.59,0.0,0.0,0
15m,1745662500.0,2.2071,2.2138,2.207,2.2135,302512.03,0.0,0.0,0
15m,1745663400.0,2.2135,2.2189,2.21,2.2181,384969.25,0.0,0.0,0
15m,1745664300.0,2.2181,2.2189,2.2084,2.2087,218971.38,0.0,0.0,0
15m,1745665200.0,2.2087,2.2109,2.2021,2.2021,111156.36,0.0,0.0,0
15m,1745666100.0,2.2021,2.2075,2.1985,2.1985,288874.58,0.0,0.0,0
15m,1745667000.0,2.1985,2.203,2.1916,2.1927,797425.43,0.0,0.0,0
15m,1745667900.0,2.1927,2.1972,2.1861,2.1942,583020.9,0.0,0.0,0
15m,1745668800.0,2.1942,2.2007,2.1942,2.1972,278616.61,0.0,0.0,0
15m,1745669700.0,2.1972,2.1999,2.1926,2.196,151714.72,0.0,0.0,0
15m,1745670600.0,2.196,2.2002,2.1956,2.197,433575.13,0.0,0.0,0
15m,1745671500.0,2.197,2.2029,2.1932,2.1952,448346.83,0.0,0.0,0
15m,1745672400.0,2.1952,2.1994,2.1933,2.1961,127483.19,0.0,0.0,0
15m,1745673300.0,2.1961,2.1984,2.1894,2.1894,144541.0,0.0,0.0,0
15m,1745674200.0,2.1894,2.196,2.1861,2.1893,270707.63,0.0,0.0,0
15m,1745675100.0,2.1893,2.1936,2.1829,2.1936,325114.19,0.0,0.0,0
15m,1745676000.0,2.1936,2.1944,2.1869,2.1932,121921.89,0.0,0.0,0
15m,1745676900.0,2.1932,2.1959,2.1868,2.1959,274471.74,0.0,0.0,0
15m,1745677800.0,2.1959,2.1995,2.1942,2.1964,226808.61,0.0,0.0,0
15m,1745678700.0,2.1964,2.1976,2.1905,2.1912,249196.91,0.0,0.0,0
15m,1745679600.0,2.1912,2.1989,2.1906,2.196,135599.26,0.0,0.0,0
15m,1745680500.0,2.196,2.2012,2.1934,2.1994,273681.32,0.0,0.0,0
15m,1745681400.0,2.1994,2.201,2.1961,2.1988,392447.91,0.0,0.0,0
15m,1745682300.0,2.1988,2.202,2.1974,2.1998,116843.83,0.0,0.0,0
15m,1745683200.0,2.1998,2.2012,2.1962,2.1972,1826664.54,0.0,0.0,0
15m,1745684100.0,2.1972,2.2074,2.1949,2.2061,417032.1,0.0,0.0,0
15m,1745685000.0,2.2061,2.2061,2.1919,2.1948,610209.09,0.0,0.0,0
15m,1745685900.0,2.1948,2.2005,2.194,2.1996,192141.38,0.0,0.0,0
15m,1745686800.0,2.1996,2.2016,2.1961,2.1965,39685.58,0.0,0.0,0
15m,1745687700.0,2.1965,2.2022,2.1961,2.2009,34632.96,0.0,0.0,0
15m,1745688600.0,2.2009,2.202,2.1986,2.2011,70963.76,0.0,0.0,0
15m,1745689500.0,2.2011,2.202,2.1994,2.2006,111366.23,0.0,0.0,0
15m,1745690400.0,2.2006,2.2029,2.1968,2.1974,163896.63,0.0,0.0,0
15m,1745691300.0,2.1974,2.2026,2.1969,2.1994,135073.7,0.0,0.0,0
15m,1745692200.0,2.1994,2.2001,2.1962,2.1982,173230.85,0.0,0.0,0
15m,1745693100.0,2.1982,2.2006,2.195,2.1951,102436.96,0.0,0.0,0
15m,1745694000.0,2.1951,2.1987,2.1934,2.1957,98367.35,0.0,0.0,0
15m,1745694900.0,2.1957,2.1993,2.195,2.1972,99390.37,0.0,0.0,0
15m,1745695800.0,2.1972,2.2,2.1938,2.2,198249.05,0.0,0.0,0
15m,1745696700.0,2.2,2.2016,2.1966,2.1996,514309.37,0.0,0.0,0
15m,1745697600.0,2.1996,2.2029,2.1975,2.1975,127301.31,0.0,0.0,0
15m,1745698500.0,2.1975,2.1975,2.192,2.1933,147880.66,0.0,0.0,0
15m,1745699400.0,2.1933,2.195,2.1916,2.1922,58101.48,0.0,0.0,0
15m,1745700300.0,2.1922,2.1941,2.1863,2.1863,151188.85,0.0,0.0,0
15m,1745701200.0,2.1863,2.1956,2.1863,2.1947,217060.78,0.0,0.0,0
15m,1745702100.0,2.1947,2.1958,2.1902,2.1928,81249.41,0.0,0.0,0
15m,1745703000.0,2.1928,2.1946,2.1904,2.1913,46591.33,0.0,0.0,0
15m,1745703900.0,2.1913,2.1927,2.1875,2.188,37249.76,0.0,0.0,0
15m,1745704800.0,2.188,2.1965,2.1876,2.1963,103897.88,0.0,0.0,0
15m,1745705700.0,2.1963,2.2007,2.1944,2.1964,284155.67,0.0,0.0,0
15m,1745706600.0,2.1964,2.1996,2.1945,2.1991,71020.94,0.0,0.0,0
15m,1745707500.0,2.1991,2.1991,2.1934,2.1966,88119.08,0.0,0.0,0
15m,1745708400.0,2.1966,2.1982,2.1935,2.1936,77348.93,0.0,0.0,0
15m,1745709300.0,2.1936,2.1963,2.1921,2.1947,247505.67,0.0,0.0,0
15m,1745710200.0,2.1947,2.1947,2.1913,2.1931,88677.35,0.0,0.0,0
15m,1745711100.0,2.1931,2.195,2.1895,2.1914,185196.26,0.0,0.0,0
15m,1745712000.0,2.1914,2.1978,2.1878,2.195,222937.55,0.0,0.0,0
15m,1745712900.0,2.195,2.2052,2.1949,2.2022,251747.7,0.0,0.0,0
15m,1745713800.0,2.2022,2.2045,2.1978,2.2034,113061.03,0.0,0.0,0
15m,1745714700.0,2.2034,2.2053,2.1998,2.2008,72835.06,0.0,0.0,0
15m,1745715600.0,2.2008,2.2049,2.1962,2.2028,140428.75,0.0,0.0,0
15m,1745716500.0,2.2028,2.2041,2.1768,2.1835,1317002.22,0.0,0.0,0
15m,1745717400.0,2.1835,2.1848,2.1631,2.1768,1352893.81,0.0,0.0,0
15m,1745718300.0,2.1768,2.177,2.1594,2.1624,747100.94,0.0,0.0,0
15m,1745719200.0,2.1624,2.1725,2.1594,2.1725,245725.83,0.0,0.0,0
15m,1745720100.0,2.1725,2.1737,2.1681,2.1719,115597.98,0.0,0.0,0
15m,1745721000.0,2.1719,2.1731,2.1668,2.1702,394176.79,0.0,0.0,0
15m,1745721900.0,2.1702,2.1725,2.1647,2.1723,180099.93,0.0,0.0,0
15m,1745722800.0,2.1723,2.1779,2.1706,2.1759,188381.82,0.0,0.0,0
15m,1745723700.0,2.1759,2.1787,2.1729,2.1762,189490.61,0.0,0.0,0
15m,1745724600.0,2.1762,2.1792,2.1743,2.1771,81331.31,0.0,0.0,0
15m,1745725500.0,2.1771,2.178,2.1743,2.1759,305539.59,0.0,0.0,0
15m,1745726400.0,2.1759,2.179,2.1727,2.1789,175817.05,0.0,0.0,0
15m,1745727300.0,2.1789,2.1793,2.1739,2.1767,79237.58,0.0,0.0,0
15m,1745728200.0,2.1767,2.1777,2.1678,2.1694,219894.61,0.0,0.0,0
15m,1745729100.0,2.1694,2.1716,2.1654,2.1671,143344.16,0.0,0.0,0
15m,1745730000.0,2.1671,2.1733,2.1658,2.1727,151949.13,0.0,0.0,0
15m,1745730900.0,2.1727,2.1745,2.161,2.1632,333468.41,0.0,0.0,0
15m,1745731800.0,2.1632,2.1661,2.1602,2.1657,244191.51,0.0,0.0,0
15m,1745732700.0,2.1657,2.17,2.1653,2.1687,171767.71,0.0,0.0,0
15m,1745733600.0,2.1687,2.1743,2.1682,2.1733,219696.66,0.0,0.0,0
15m,1745734500.0,2.1733,2.1764,2.1722,2.1743,141369.16,0.0,0.0,0
15m,1745735400.0,2.1743,2.1762,2.1732,2.1744,128240.4,0.0,0.0,0
15m,1745736300.0,2.1744,2.1755,2.172,2.1737,140706.57,0.0,0.0,0
15m,1745737200.0,2.1737,2.1755,2.1659,2.1666,413313.24,0.0,0.0,0
15m,1745738100.0,2.1666,2.1714,2.1663,2.1706,344712.6,0.0,0.0,0
15m,1745739000.0,2.1706,2.1716,2.1683,2.1702,79298.69,0.0,0.0,0
15m,1745739900.0,2.1702,2.174,2.1685,2.1724,260703.16,0.0,0.0,0
15m,1745740800.0,2.1724,2.1745,2.1693,2.1738,87608.95,0.0,0.0,0
15m,1745741700.0,2.1738,2.1778,2.1725,2.1741,97923.59,0.0,0.0,0
15m,1745742600.0,2.1741,2.1795,2.1728,2.1792,217284.57,0.0,0.0,0
15m,1745743500.0,2.1792,2.1839,2.1778,2.1789,526052.86,0.0,0.0,0
15m,1745744400.0,2.1789,2.1793,2.1744,2.1753,122084.69,0.0,0.0,0
15m,1745745300.0,2.1753,2.1787,2.1743,2.1747,160779.77,0.0,0.0,0
15m,1745746200.0,2.1747,2.1814,2.1747,2.1807,79248.12,0.0,0.0,0
15m,1745747100.0,2.1807,2.1816,2.1788,2.1795,71058.74,0.0,0.0,0
15m,1745748000.0,2.1795,2.1805,2.1776,2.1784,56238.1,0.0,0.0,0
15m,1745748900.0,2.1784,2.1804,2.1761,2.1769,229423.08,0.0,0.0,0
15m,1745749800.0,2.1769,2.1798,2.1751,2.1798,142336.42,0.0,0.0,0
15m,1745750700.0,2.1798,2.182,2.1785,2.1813,82294.75,0.0,0.0,0
15m,1745751600.0,2.1813,2.183,2.1795,2.1813,207256.09,0.0,0.0,0
15m,1745752500.0,2.1813,2.1833,2.1786,2.1807,80940.78,0.0,0.0,0
15m,1745753400.0,2.1807,2.1834,2.1783,2.1789,86087.94,0.0,0.0,0
15m,1745754300.0,2.1789,2.1824,2.1783,2.1804,61091.48,0.0,0.0,0
15m,1745755200.0,2.1804,2.1821,2.1761,2.1764,162604.75,0.0,0.0,0
15m,1745756100.0,2.1764,2.182,2.1736,2.1816,228998.13,0.0,0.0,0
15m,1745757000.0,2.1816,2.2402,2.1785,2.2374,2867981.32,0.0,0.0,0
15m,1745757900.0,2.2374,2.2708,2.2107,2.2151,5375390.35,0.0,0.0,0
15m,1745758800.0,2.2151,2.2407,2.2138,2.2366,1742648.67,0.0,0.0,0
15m,1745759700.0,2.2366,2.25,2.2241,2.23,1713898.89,0.0,0.0,0
15m,1745760600.0,2.23,2.2408,2.2284,2.2292,605341.29,0.0,0.0,0
15m,1745761500.0,2.2292,2.2361,2.22,2.2223,691219.51,0.0,0.0,0
15m,1745762400.0,2.2223,2.2295,2.2127,2.2177,718842.5,0.0,0.0,0
15m,1745763300.0,2.2177,2.2282,2.2142,2.2278,485065.32,0.0,0.0,0
15m,1745764200.0,2.2278,2.2374,2.2278,2.2316,517880.69,0.0,0.0,0
15m,1745765100.0,2.2316,2.2388,2.2274,2.2372,482144.6,0.0,0.0,0
15m,1745766000.0,2.2372,2.2436,2.2237,2.2239,632783.5,0.0,0.0,0
15m,1745766900.0,2.2239,2.2263,2.2159,2.2159,773044.18,0.0,0.0,0
15m,1745767800.0,2.2159,2.2218,2.2133,2.217,775277.36,0.0,0.0,0
15m,1745768700.0,2.217,2.229,2.2164,2.2276,150061.88,0.0,0.0,0
15m,1745769600.0,2.2276,2.2338,2.2271,2.2291,459798.25,0.0,0.0,0
15m,1745770500.0,2.2291,2.2292,2.2198,2.22,348949.38,0.0,0.0,0
15m,1745771400.0,2.22,2.2283,2.2155,2.2269,403991.43,0.0,0.0,0
15m,1745772300.0,2.2269,2.2348,2.2242,2.2337,401304.92,0.0,0.0,0
15m,1745773200.0,2.2337,2.2386,2.2324,2.2366,483602.42,0.0,0.0,0
15m,1745774100.0,2.2366,2.2408,2.2277,2.2281,402922.21,0.0,0.0,0
15m,1745775000.0,2.2281,2.2339,2.2267,2.2321,250331.66,0.0,0.0,0
15m,1745775900.0,2.2321,2.2349,2.2286,2.2312,227751.26,0.0,0.0,0
15m,1745776800.0,2.2312,2.2482,2.2311,2.2464,359882.2,0.0,0.0,0
15m,1745777700.0,2.2464,2.2488,2.241,2.2472,256756.2,0.0,0.0,0
15m,1745778600.0,2.2472,2.2521,2.2459,2.2493,502880.27,0.0,0.0,0
15m,1745779500.0,2.2493,2.2516,2.242,2.2446,453979.28,0.0,0.0,0
15m,1745780400.0,2.2446,2.2516,2.2445,2.2468,268806.26,0.0,0.0,0
15m,1745781300.0,2.2468,2.26,2.2441,2.2595,470540.94,0.0,0.0,0
15m,1745782200.0,2.2595,2.2629,2.2545,2.2554,547466.16,0.0,0.0,0
15m,1745783100.0,2.2554,2.284,2.2554,2.2839,1196370.56,0.0,0.0,0
15m,1745784000.0,2.2839,2.2944,2.2738,2.2931,1616242.18,0.0,0.0,0
15m,1745784900.0,2.2931,2.2946,2.2688,2.2714,1616178.35,0.0,0.0,0
15m,1745785800.0,2.2714,2.2935,2.2651,2.2901,984937.61,0.0,0.0,0
15m,1745786700.0,2.2901,2.2911,2.2798,2.283,1122052.74,0.0,0.0,0
15m,1745787600.0,2.283,2.2838,2.268,2.2705,619559.35,0.0,0.0,0
15m,1745788500.0,2.2705,2.278,2.2677,2.2753,229077.26,0.0,0.0,0
15m,1745789400.0,2.2753,2.2753,2.2656,2.2681,306798.51,0.0,0.0,0
15m,1745790300.0,2.2681,2.2742,2.2656,2.2666,192800.28,0.0,0.0,0
15m,1745791200.0,2.2666,2.2681,2.256,2.257,730906.22,0.0,0.0,0
15m,1745792100.0,2.257,2.2624,2.2513,2.2513,478763.36,0.0,0.0,0
15m,1745793000.0,2.2513,2.2585,2.2456,2.2584,435052.42,0.0,0.0,0
15m,1745793900.0,2.2584,2.2642,2.2559,2.2618,218979.89,0.0,0.0,0
15m,1745794800.0,2.2618,2.2618,2.2478,2.2494,228366.17,0.0,0.0,0
15m,1745795700.0,2.2494,2.2595,2.2481,2.2554,174379.03,0.0,0.0,0
15m,1745796600.0,2.2554,2.2595,2.2528,2.2543,117391.2,0.0,0.0,0
15m,1745797500.0,2.2543,2.2603,2.2518,2.2523,125046.24,0.0,0.0,0
15m,1745798400.0,2.2523,2.255,2.2316,2.2413,1004123.78,0.0,0.0,0
15m,1745799300.0,2.2413,2.2535,2.2386,2.2505,364834.22,0.0,0.0,0
15m,1745800200.0,2.2505,2.2613,2.2495,2.2613,555663.41,0.0,0.0,0
15m,1745801100.0,2.2613,2.2645,2.2516,2.2594,280589.44,0.0,0.0,0
15m,1745802000.0,2.2594,2.2618,2.23,2.2382,1398003.87,0.0,0.0,0
15m,1745802900.0,2.2382,2.2456,2.2329,2.2446,1458180.95,0.0,0.0,0
15m,1745803800.0,2.2446,2.2459,2.2188,2.2276,1469557.5,0.0,0.0,0
15m,1745804700.0,2.2276,2.2377,2.2267,2.233,538828.82,0.0,0.0,0
15m,1745805600.0,2.233,2.2416,2.2292,2.2368,686018.27,0.0,0.0,0
15m,1745806500.0,2.2368,2.2427,2.2356,2.238,337953.14,0.0,0.0,0
15m,1745807400.0,2.238,2.2415,2.2342,2.241,231401.65,0.0,0.0,0
15m,1745808300.0,2.241,2.2485,2.2401,2.247,215481.95,0.0,0.0,0
15m,1745809200.0,2.247,2.2487,2.2429,2.2479,344021.14,0.0,0.0,0
15m,1745810100.0,2.2479,2.255,2.2479,2.2521,510449.11,0.0,0.0,0
15m,1745811000.0,2.2521,2.2621,2.2519,2.2576,426694.39,0.0,0.0,0
15m,1745811900.0,2.2576,2.262,2.2554,2.2585,212067.86,0.0,0.0,0
15m,1745812800.0,2.2585,2.2666,2.2563,2.2656,1381297.14,0.0,0.0,0
15m,1745813700.0,2.2656,2.2792,2.2616,2.2779,2081239.02,0.0,0.0,0
15m,1745814600.0,2.2779,2.2793,2.2682,2.2691,675056.98,0.0,0.0,0
15m,1745815500.0,2.2691,2.2724,2.2666,2.2704,591294.74,0.0,0.0,0
15m,1745816400.0,2.2704,2.2816,2.2697,2.28,700930.32,0.0,0.0,0
15m,1745817300.0,2.28,2.2859,2.2773,2.2779,764823.12,0.0,0.0,0
15m,1745818200.0,2.2779,2.2819,2.2753,2.2785,773845.17,0.0,0.0,0
15m,1745819100.0,2.2785,2.2822,2.271,2.2728,669582.5,0.0,0.0,0
15m,1745820000.0,2.2728,2.276,2.2687,2.2758,573617.0,0.0,0.0,0
15m,1745820900.0,2.2758,2.281,2.2733,2.2754,470042.87,0.0,0.0,0
15m,1745821800.0,2.2754,2.2909,2.2754,2.2877,755069.46,0.0,0.0,0
15m,1745822700.0,2.2877,2.2935,2.2825,2.2909,846436.61,0.0,0.0,0
15m,1745823600.0,2.2909,2.2919,2.2849,2.2861,522893.14,0.0,0.0,0
15m,1745824500.0,2.2861,2.3232,2.2845,2.3152,2227123.09,0.0,0.0,0
15m,1745825400.0,2.3152,2.3263,2.2963,2.3192,2080548.87,0.0,0.0,0
15m,1745826300.0,2.3192,2.3427,2.3167,2.3352,1291039.08,0.0,0.0,0
15m,1745827200.0,2.3352,2.3616,2.3249,2.3524,2056080.1,0.0,0.0,0
15m,1745828100.0,2.3524,2.3534,2.3377,2.3434,830479.78,0.0,0.0,0
15m,1745829000.0,2.3434,2.3446,2.332,2.3346,476799.46,0.0,0.0,0
15m,1745829900.0,2.3346,2.3382,2.325,2.3259,695215.21,0.0,0.0,0
15m,1745830800.0,2.3259,2.3363,2.3228,2.3249,589558.61,0.0,0.0,0
15m,1745831700.0,2.3249,2.333,2.3238,2.3294,343298.85,0.0,0.0,0
15m,1745832600.0,2.3294,2.3481,2.3294,2.3462,785235.63,0.0,0.0,0
15m,1745833500.0,2.3462,2.3462,2.3301,2.3321,250695.64,0.0,0.0,0
15m,1745834400.0,2.3321,2.3327,2.3182,2.3219,723606.63,0.0,0.0,0
15m,1745835300.0,2.3219,2.3248,2.3062,2.3213,932849.43,0.0,0.0,0
15m,1745836200.0,2.3213,2.3406,2.321,2.3359,645799.23,0.0,0.0,0
15m,1745837100.0,2.3359,2.3375,2.3243,2.3274,778822.87,0.0,0.0,0
15m,1745838000.0,2.3274,2.3324,2.3221,2.3232,309259.24,0.0,0.0,0
15m,1745838900.0,2.3232,2.3323,2.3232,2.3309,470568.01,0.0,0.0,0
15m,1745839800.0,2.3309,2.3317,2.322,2.3236,439999.28,0.0,0.0,0
15m,1745840700.0,2.3236,2.3244,2.3138,2.3185,398456.11,0.0,0.0,0
15m,1745841600.0,2.3185,2.3193,2.3103,2.3129,529065.07,0.0,0.0,0
15m,1745842500.0,2.3129,2.3206,2.3123,2.3194,228994.29,0.0,0.0,0
15m,1745843400.0,2.3194,2.3242,2.3153,2.3235,737354.78,0.0,0.0,0
15m,1745844300.0,2.3235,2.3286,2.3125,2.3141,311208.36,0.0,0.0,0
15m,1745845200.0,2.3141,2.3228,2.3125,2.3179,265335.51,0.0,0.0,0
15m,1745846100.0,2.3179,2.3212,2.3012,2.3056,925255.81,0.0,0.0,0
15m,1745847000.0,2.3056,2.3121,2.2914,2.3037,1546852.4,0.0,0.0,0
15m,1745847900.0,2.3037,2.3052,2.2789,2.2802,1123016.34,0.0,0.0,0
15m,1745848800.0,2.2802,2.2993,2.2748,2.2987,869270.24,0.0,0.0,0
15m,1745849700.0,2.2987,2.3049,2.2946,2.3019,422785.49,0.0,0.0,0
15m,1745850600.0,2.3019,2.3037,2.2915,2.2991,249368.85,0.0,0.0,0
15m,1745851500.0,2.2991,2.3021,2.2834,2.2883,525089.44,0.0,0.0,0
15m,1745852400.0,2.2883,2.2955,2.2725,2.2779,902766.25,0.0,0.0,0
15m,1745853300.0,2.2779,2.2818,2.2517,2.2553,1340357.28,0.0,0.0,0
15m,1745854200.0,2.2553,2.265,2.25,2.2604,656265.54,0.0,0.0,0
15m,1745855100.0,2.2604,2.2741,2.2584,2.274,576941.84,0.0,0.0,0
15m,1745856000.0,2.274,2.2758,2.26,2.2655,788166.43,0.0,0.0,0
15m,1745856900.0,2.2655,2.2755,2.2627,2.2749,479054.32,0.0,0.0,0
15m,1745857800.0,2.2749,2.2861,2.2736,2.2852,1409981.97,0.0,0.0,0
15m,1745858700.0,2.2852,2.2853,2.2729,2.2755,307848.98,0.0,0.0,0
15m,1745859600.0,2.2755,2.2827,2.2724,2.2726,221188.55,0.0,0.0,0
15m,1745860500.0,2.2726,2.2767,2.269,2.2691,151642.53,0.0,0.0,0
15m,1745861400.0,2.2691,2.2789,2.2674,2.2766,354851.64,0.0,0.0,0
15m,1745862300.0,2.2766,2.2828,2.2764,2.2818,208658.78,0.0,0.0,0
15m,1745863200.0,2.2818,2.2831,2.27,2.27,210173.68,0.0,0.0,0
15m,1745864100.0,2.27,2.2764,2.2685,2.2686,258466.16,0.0,0.0,0
15m,1745865000.0,2.2686,2.2768,2.2669,2.2768,382384.82,0.0,0.0,0
15m,1745865900.0,2.2768,2.2817,2.2756,2.2794,218573.46,0.0,0.0,0
15m,1745866800.0,2.2794,2.29,2.2781,2.284,353882.44,0.0,0.0,0
15m,1745867700.0,2.284,2.2923,2.284,2.2896,196542.57,0.0,0.0,0
15m,1745868600.0,2.2896,2.2956,2.2894,2.2948,451141.8,0.0,0.0,0
15m,1745869500.0,2.2948,2.2972,2.2902,2.2922,667912.48,0.0,0.0,0
15m,1745870400.0,2.2922,2.2922,2.2844,2.285,209367.03,0.0,0.0,0
15m,1745871300.0,2.285,2.2951,2.2846,2.2951,109026.21,0.0,0.0,0
15m,1745872200.0,2.2951,2.2968,2.2873,2.288,140100.15,0.0,0.0,0
15m,1745873100.0,2.288,2.2917,2.2843,2.2872,294485.21,0.0,0.0,0
15m,1745874000.0,2.2872,2.2905,2.2849,2.2858,351947.64,0.0,0.0,0
15m,1745874900.0,2.2858,2.2948,2.2856,2.2946,115670.14,0.0,0.0,0
15m,1745875800.0,2.2946,2.2984,2.2893,2.296,132657.07,0.0,0.0,0
15m,1745876700.0,2.296,2.3001,2.2921,2.2994,98407.47,0.0,0.0,0
15m,1745877600.0,2.2994,2.306,2.2961,2.2976,621556.58,0.0,0.0,0
15m,1745878500.0,2.2976,2.3002,2.2942,2.2955,136505.85,0.0,0.0,0
15m,1745879400.0,2.2955,2.2985,2.2948,2.2968,183773.51,0.0,0.0,0
15m,1745880300.0,2.2968,2.3019,2.2952,2.3005,227236.11,0.0,0.0,0
15m,1745881200.0,2.3005,2.302,2.2954,2.2954,107669.3,0.0,0.0,0
15m,1745882100.0,2.2954,2.3007,2.2931,2.2969,196833.9,0.0,0.0,0
15m,1745883000.0,2.2969,2.3012,2.2962,2.2974,358740.06,0.0,0.0,0
15m,1745883900.0,2.2974,2.2974,2.2928,2.295,242577.07,0.0,0.0,0
15m,1745884800.0,2.295,2.3002,2.2907,2.2983,207038.1,0.0,0.0,0
15m,1745885700.0,2.2983,2.3009,2.294,2.2992,122706.33,0.0,0.0,0
15m,1745886600.0,2.2992,2.3046,2.2969,2.3038,194858.1,0.0,0.0,0
15m,1745887500.0,2.3038,2.3057,2.296,2.304,156607.97,0.0,0.0,0
15m,1745888400.0,2.304,2.3086,2.2962,2.2964,433036.03,0.0,0.0,0
15m,1745889300.0,2.2964,2.3108,2.2881,2.3088,463965.2,0.0,0.0,0
15m,1745890200.0,2.3088,2.3116,2.3042,2.3093,224389.72,0.0,0.0,0
15m,1745891100.0,2.3093,2.3148,2.3014,2.3028,178909.66,0.0,0.0,0
15m,1745892000.0,2.3028,2.3041,2.2935,2.3,209024.72,0.0,0.0,0
15m,1745892900.0,2.3,2.3003,2.2903,2.2936,168319.05,0.0,0.0,0
15m,1745893800.0,2.2936,2.2956,2.2848,2.2854,287338.16,0.0,0.0,0
15m,1745894700.0,2.2854,2.2862,2.2767,2.281,407742.39,0.0,0.0,0
15m,1745895600.0,2.281,2.2839,2.2793,2.2829,219551.76,0.0,0.0,0
15m,1745896500.0,2.2829,2.2897,2.2829,2.288,106260.33,0.0,0.0,0
15m,1745897400.0,2.288,2.2893,2.2851,2.2874,202075.81,0.0,0.0,0
15m,1745898300.0,2.2874,2.2899,2.287,2.2876,116310.19,0.0,0.0,0
15m,1745899200.0,2.2876,2.2903,2.2842,2.2883,64695.69,0.0,0.0,0
15m,1745900100.0,2.2883,2.2903,2.2862,2.2902,134532.4,0.0,0.0,0
15m,1745901000.0,2.2902,2.2919,2.277,2.2778,255675.13,0.0,0.0,0
15m,1745901900.0,2.2778,2.2779,2.2661,2.2674,803189.06,0.0,0.0,0
15m,1745902800.0,2.2674,2.2754,2.2658,2.2704,583147.49,0.0,0.0,0
15m,1745903700.0,2.2704,2.2783,2.2681,2.2752,745187.71,0.0,0.0,0
15m,1745904600.0,2.2752,2.278,2.2716,2.2718,370347.61,0.0,0.0,0
15m,1745905500.0,2.2718,2.2733,2.2647,2.2661,519115.14,0.0,0.0,0
15m,1745906400.0,2.2661,2.2731,2.2652,2.2725,157638.51,0.0,0.0,0
15m,1745907300.0,2.2725,2.2818,2.2725,2.2784,262440.25,0.0,0.0,0
15m,1745908200.0,2.2784,2.2838,2.2783,2.2787,203607.12,0.0,0.0,0
15m,1745909100.0,2.2787,2.2849,2.2751,2.2824,154606.09,0.0,0.0,0
15m,1745910000.0,2.2824,2.2851,2.2793,2.2808,192081.23,0.0,0.0,0
15m,1745910900.0,2.2808,2.2872,2.2804,2.287,284354.11,0.0,0.0,0
15m,1745911800.0,2.287,2.2879,2.2833,2.2836,237502.01,0.0,0.0,0
15m,1745912700.0,2.2836,2.288,2.2835,2.2864,136632.59,0.0,0.0,0
15m,1745913600.0,2.2864,2.29,2.2833,2.2895,166476.02,0.0,0.0,0
15m,1745914500.0,2.2895,2.2909,2.2837,2.2865,212103.69,0.0,0.0,0
15m,1745915400.0,2.2865,2.2865,2.2757,2.2782,756921.99,0.0,0.0,0
15m,1745916300.0,2.2782,2.2863,2.278,2.286,137196.16,0.0,0.0,0
15m,1745917200.0,2.286,2.2885,2.2795,2.2796,170304.12,0.0,0.0,0
15m,1745918100.0,2.2796,2.291,2.2794,2.2899,433692.52,0.0,0.0,0
15m,1745919000.0,2.2899,2.2907,2.2853,2.2869,163552.99,0.0,0.0,0
15m,1745919900.0,2.2869,2.3014,2.286,2.3013,456769.14,0.0,0.0,0
15m,1745920800.0,2.3013,2.3053,2.2959,2.2982,454856.84,0.0,0.0,0
15m,1745921700.0,2.2982,2.3002,2.2922,2.2925,249601.38,0.0,0.0,0
15m,1745922600.0,2.2925,2.2929,2.2856,2.2891,528282.87,0.0,0.0,0
15m,1745923500.0,2.2891,2.2896,2.2812,2.2822,280661.4,0.0,0.0,0
15m,1745924400.0,2.2822,2.2906,2.2816,2.2899,199086.84,0.0,0.0,0
15m,1745925300.0,2.2899,2.2937,2.2875,2.2917,244408.44,0.0,0.0,0
15m,1745926200.0,2.2917,2.2946,2.285,2.2864,236542.11,0.0,0.0,0
15m,1745927100.0,2.2864,2.2913,2.2863,2.2913,216852.44,0.0,0.0,0
15m,1745928000.0,2.2913,2.2917,2.2802,2.2817,378594.34,0.0,0.0,0
15m,1745928900.0,2.2817,2.2836,2.2755,2.2773,482071.93,0.0,0.0,0
15m,1745929800.0,2.2773,2.2829,2.2755,2.2822,319107.44,0.0,0.0,0
15m,1745930700.0,2.2822,2.2825,2.2724,2.2732,340447.53,0.0,0.0,0
15m,1745931600.0,2.2732,2.2777,2.27,2.2741,258939.44,0.0,0.0,0
15m,1745932500.0,2.2741,2.2741,2.2643,2.2716,432746.36,0.0,0.0,0
15m,1745933400.0,2.2716,2.2842,2.2708,2.2809,527313.58,0.0,0.0,0
15m,1745934300.0,2.2809,2.2865,2.276,2.2809,256006.46,0.0,0.0,0
15m,1745935200.0,2.2809,2.2857,2.2715,2.2843,1093824.86,0.0,0.0,0
15m,1745936100.0,2.2843,2.2849,2.2753,2.2771,257434.84,0.0,0.0,0
15m,1745937000.0,2.2771,2.2909,2.275,2.2879,334372.38,0.0,0.0,0
15m,1745937900.0,2.2879,2.2908,2.2826,2.2877,272977.1,0.0,0.0,0
15m,1745938800.0,2.2877,2.2906,2.2837,2.2856,188278.39,0.0,0.0,0
15m,1745939700.0,2.2856,2.2874,2.2769,2.2825,390489.26,0.0,0.0,0
15m,1745940600.0,2.2825,2.2894,2.2792,2.288,280639.12,0.0,0.0,0
15m,1745941500.0,2.288,2.2932,2.2862,2.2924,288894.14,0.0,0.0,0
15m,1745942400.0,2.2924,2.2988,2.2906,2.2923,421790.27,0.0,0.0,0
15m,1745943300.0,2.2923,2.2958,2.2888,2.2954,174904.76,0.0,0.0,0
15m,1745944200.0,2.2954,2.3043,2.2937,2.304,283808.73,0.0,0.0,0
15m,1745945100.0,2.304,2.304,2.2872,2.2918,331658.1,0.0,0.0,0
15m,1745946000.0,2.2918,2.2966,2.2825,2.2933,461248.07,0.0,0.0,0
15m,1745946900.0,2.2933,2.296,2.2884,2.2908,248497.32,0.0,0.0,0
15m,1745947800.0,2.2908,2.2967,2.2884,2.2954,183972.01,0.0,0.0,0
15m,1745948700.0,2.2954,2.2997,2.2934,2.2956,119706.14,0.0,0.0,0
15m,1745949600.0,2.2956,2.2996,2.2924,2.2955,253760.6,0.0,0.0,0
15m,1745950500.0,2.2955,2.3008,2.2946,2.2991,167567.06,0.0,0.0,0
15m,1745951400.0,2.2991,2.3017,2.2974,2.2994,118544.27,0.0,0.0,0
15m,1745952300.0,2.2994,2.301,2.2973,2.2989,137518.37,0.0,0.0,0
15m,1745953200.0,2.2989,2.2997,2.2931,2.2947,75044.36,0.0,0.0,0
15m,1745954100.0,2.2947,2.2979,2.2915,2.2957,57059.17,0.0,0.0,0
15m,1745955000.0,2.2957,2.2976,2.292,2.293,99872.62,0.0,0.0,0
15m,1745955900.0,2.293,2.2954,2.2912,2.2921,88500.44,0.0,0.0,0
15m,1745956800.0,2.2921,2.2957,2.2843,2.2866,139390.73,0.0,0.0,0
15m,1745957700.0,2.2866,2.287,2.2794,2.2796,160543.08,0.0,0.0,0
15m,1745958600.0,2.2796,2.2826,2.2765,2.279,153521.13,0.0,0.0,0
15m,1745959500.0,2.279,2.2799,2.2761,2.2791,95391.22,0.0,0.0,0
15m,1745960400.0,2.2791,2.2804,2.2668,2.2684,295756.31,0.0,0.0,0
15m,1745961300.0,2.2684,2.2684,2.2522,2.2566,721021.71,0.0,0.0,0
15m,1745962200.0,2.2566,2.2699,2.2552,2.2662,281047.59,0.0,0.0,0
15m,1745963100.0,2.2662,2.2662,2.253,2.2625,252841.97,0.0,0.0,0
15m,1745964000.0,2.2625,2.2625,2.2545,2.2577,165446.42,0.0,0.0,0
15m,1745964900.0,2.2577,2.2594,2.239,2.2435,811833.57,0.0,0.0,0
15m,1745965800.0,2.2435,2.2449,2.2322,2.2331,532920.95,0.0,0.0,0
15m,1745966700.0,2.2331,2.2449,2.2305,2.2376,476131.27,0.0,0.0,0
15m,1745967600.0,2.2376,2.2384,2.2218,2.2223,718755.39,0.0,0.0,0
15m,1745968500.0,2.2223,2.2295,2.2218,2.2249,337863.46,0.0,0.0,0
15m,1745969400.0,2.2249,2.2378,2.2237,2.2368,447981.46,0.0,0.0,0
15m,1745970300.0,2.2368,2.2424,2.2353,2.238,333233.66,0.0,0.0,0
15m,1745971200.0,2.238,2.2476,2.233,2.246,475270.76,0.0,0.0,0
15m,1745972100.0,2.246,2.2511,2.2417,2.2434,371722.52,0.0,0.0,0
15m,1745973000.0,2.2434,2.2512,2.2419,2.2454,165150.49,0.0,0.0,0
15m,1745973900.0,2.2454,2.2454,2.2406,2.2441,105852.11,0.0,0.0,0
15m,1745974800.0,2.2441,2.2452,2.2265,2.229,597020.08,0.0,0.0,0
15m,1745975700.0,2.229,2.2436,2.2283,2.2432,303646.93,0.0,0.0,0
15m,1745976600.0,2.2432,2.2432,2.2289,2.2294,329227.48,0.0,0.0,0
15m,1745977500.0,2.2294,2.2385,2.2247,2.2372,271945.82,0.0,0.0,0
15m,1745978400.0,2.2372,2.2391,2.2319,2.2385,129256.44,0.0,0.0,0
15m,1745979300.0,2.2385,2.2446,2.2379,2.2387,164139.33,0.0,0.0,0
15m,1745980200.0,2.2387,2.2485,2.2362,2.2458,357163.61,0.0,0.0,0
15m,1745981100.0,2.2458,2.2482,2.2414,2.2414,149117.14,0.0,0.0,0
15m,1745982000.0,2.2414,2.2419,2.2349,2.2391,236990.84,0.0,0.0,0
15m,1745982900.0,2.2391,2.2435,2.238,2.2427,172638.65,0.0,0.0,0
15m,1745983800.0,2.2427,2.2436,2.2383,2.2409,156848.61,0.0,0.0,0
15m,1745984700.0,2.2409,2.2493,2.2402,2.2484,290218.17,0.0,0.0,0
15m,1745985600.0,2.2484,2.2496,2.2438,2.2448,386829.14,0.0,0.0,0
15m,1745986500.0,2.2448,2.2472,2.2419,2.2442,191841.14,0.0,0.0,0
15m,1745987400.0,2.2442,2.248,2.2432,2.2465,190205.9,0.0,0.0,0
15m,1745988300.0,2.2465,2.2539,2.2465,2.2529,333026.24,0.0,0.0,0
15m,1745989200.0,2.2529,2.2548,2.2491,2.2518,415378.27,0.0,0.0,0
15m,1745990100.0,2.2518,2.2557,2.2498,2.2526,733191.11,0.0,0.0,0
15m,1745991000.0,2.2526,2.2589,2.2526,2.2534,469635.03,0.0,0.0,0
15m,1745991900.0,2.2534,2.2547,2.2457,2.2488,551008.98,0.0,0.0,0
15m,1745992800.0,2.2488,2.2498,2.2434,2.2456,186158.28,0.0,0.0,0
15m,1745993700.0,2.2456,2.2505,2.2455,2.2502,263415.1,0.0,0.0,0
15m,1745994600.0,2.2502,2.2511,2.2408,2.2412,238265.7,0.0,0.0,0
15m,1745995500.0,2.2412,2.2431,2.2394,2.2397,116017.29,0.0,0.0,0
15m,1745996400.0,2.2397,2.2415,2.2314,2.2339,236986.36,0.0,0.0,0
15m,1745997300.0,2.2339,2.2358,2.2278,2.2283,412767.65,0.0,0.0,0
15m,1745998200.0,2.2283,2.2301,2.2139,2.2164,740005.96,0.0,0.0,0
15m,1745999100.0,2.2164,2.2204,2.208,2.2199,599631.32,0.0,0.0,0
15m,1746000000.0,2.2199,2.2286,2.2112,2.2283,866936.45,0.0,0.0,0
15m,1746000900.0,2.2283,2.2313,2.2201,2.2203,217759.49,0.0,0.0,0
15m,1746001800.0,2.2203,2.2253,2.22,2.2235,237349.32,0.0,0.0,0
15m,1746002700.0,2.2235,2.2317,2.222,2.226,205353.27,0.0,0.0,0
15m,1746003600.0,2.226,2.2313,2.2234,2.2238,270699.21,0.0,0.0,0
15m,1746004500.0,2.2238,2.2308,2.2225,2.2298,141556.64,0.0,0.0,0
15m,1746005400.0,2.2298,2.2375,2.2288,2.2347,156241.4,0.0,0.0,0
15m,1746006300.0,2.2347,2.2355,2.2317,2.232,168048.0,0.0,0.0,0
15m,1746007200.0,2.232,2.2333,2.2271,2.2281,179434.5,0.0,0.0,0
15m,1746008100.0,2.2281,2.2289,2.2239,2.226,205042.25,0.0,0.0,0
15m,1746009000.0,2.226,2.2313,2.2214,2.2266,371238.11,0.0,0.0,0
15m,1746009900.0,2.2266,2.2323,2.2263,2.2314,308082.71,0.0,0.0,0
15m,1746010800.0,2.2314,2.2353,2.231,2.2327,132263.41,0.0,0.0,0
15m,1746011700.0,2.2327,2.2364,2.2297,2.2363,173356.06,0.0,0.0,0
15m,1746012600.0,2.2363,2.2368,2.2319,2.2351,295909.81,0.0,0.0,0
15m,1746013500.0,2.2351,2.2388,2.2317,2.2388,355659.98,0.0,0.0,0
15m,1746014400.0,2.2388,2.239,2.2316,2.2337,555699.98,0.0,0.0,0
15m,1746015300.0,2.2337,2.2337,2.2221,2.2231,541625.08,0.0,0.0,0
15m,1746016200.0,2.2231,2.2261,2.1848,2.1937,3024624.03,0.0,0.0,0
15m,1746017100.0,2.1937,2.1996,2.1783,2.1936,1355072.96,0.0,0.0,0
15m,1746018000.0,2.1936,2.1949,2.1584,2.1632,1085161.29,0.0,0.0,0
15m,1746018900.0,2.1632,2.1802,2.155,2.1749,1991084.07,0.0,0.0,0
15m,1746019800.0,2.1749,2.1776,2.1404,2.1577,2033154.25,0.0,0.0,0
15m,1746020700.0,2.1577,2.1627,2.1234,2.1272,1867052.47,0.0,0.0,0
15m,1746021600.0,2.1272,2.1616,2.1241,2.1604,1911203.01,0.0,0.0,0
15m,1746022500.0,2.1604,2.172,2.1462,2.172,1664845.9,0.0,0.0,0
15m,1746023400.0,2.172,2.1758,2.1578,2.165,1226905.76,0.0,0.0,0
15m,1746024300.0,2.165,2.1656,2.1525,2.1586,777130.67,0.0,0.0,0
15m,1746025200.0,2.1586,2.1661,2.1584,2.1612,561487.3,0.0,0.0,0
15m,1746026100.0,2.1612,2.1716,2.1539,2.1622,959080.77,0.0,0.0,0
15m,1746027000.0,2.1622,2.1709,2.1575,2.1708,579012.02,0.0,0.0,0
15m,1746027900.0,2.1708,2.1712,2.1561,2.1579,387784.4,0.0,0.0,0
15m,1746028800.0,2.1579,2.1615,2.1498,2.1542,545719.37,0.0,0.0,0
15m,1746029700.0,2.1542,2.158,2.1494,2.158,480275.68,0.0,0.0,0
15m,1746030600.0,2.158,2.1679,2.1558,2.1632,346482.7,0.0,0.0,0
15m,1746031500.0,2.1632,2.1711,2.1605,2.1649,378757.2,0.0,0.0,0
15m,1746032400.0,2.1649,2.1662,2.1539,2.1566,255147.96,0.0,0.0,0
15m,1746033300.0,2.1566,2.1627,2.1566,2.1616,251764.35,0.0,0.0,0
15m,1746034200.0,2.1616,2.1797,2.1604,2.1787,441861.47,0.0,0.0,0
15m,1746035100.0,2.1787,2.1867,2.1775,2.1801,278535.24,0.0,0.0,0
15m,1746036000.0,2.1801,2.2151,2.1763,2.194,2097248.92,0.0,0.0,0
15m,1746036900.0,2.194,2.1984,2.1846,2.1941,1932275.38,0.0,0.0,0
15m,1746037800.0,2.1941,2.2054,2.1938,2.1987,646502.76,0.0,0.0,0
15m,1746038700.0,2.1987,2.2029,2.1897,2.1907,283314.11,0.0,0.0,0
15m,1746039600.0,2.1907,2.1929,2.1849,2.1881,304378.05,0.0,0.0,0
15m,1746040500.0,2.1881,2.1938,2.1774,2.1819,709693.42,0.0,0.0,0
15m,1746041400.0,2.1819,2.1951,2.1811,2.192,312666.81,0.0,0.0,0
15m,1746042300.0,2.192,2.2006,2.1914,2.1947,160778.2,0.0,0.0,0
15m,1746043200.0,2.1947,2.2123,2.1925,2.2095,592176.55,0.0,0.0,0
15m,1746044100.0,2.2095,2.2121,2.2051,2.2094,244659.61,0.0,0.0,0
15m,1746045000.0,2.2094,2.2105,2.2033,2.2052,242288.57,0.0,0.0,0
15m,1746045900.0,2.2052,2.2052,2.1977,2.198,217358.4,0.0,0.0,0
15m,1746046800.0,2.198,2.2028,2.1967,2.2013,229102.28,0.0,0.0,0
15m,1746047700.0,2.2013,2.2097,2.2013,2.2044,118134.27,0.0,0.0,0
15m,1746048600.0,2.2044,2.2079,2.1999,2.2036,232078.34,0.0,0.0,0
15m,1746049500.0,2.2036,2.2069,2.1998,2.2014,179397.37,0.0,0.0,0
15m,1746050400.0,2.2014,2.2079,2.2007,2.2023,133545.27,0.0,0.0,0
15m,1746051300.0,2.2023,2.203,2.1955,2.1959,98400.2,0.0,0.0,0
15m,1746052200.0,2.1959,2.1977,2.1925,2.1952,121148.0,0.0,0.0,0
15m,1746053100.0,2.1952,2.1955,2.189,2.1936,180560.85,0.0,0.0,0
15m,1746054000.0,2.1936,2.2013,2.1925,2.2003,121962.3,0.0,0.0,0
15m,1746054900.0,2.2003,2.2006,2.1962,2.1974,40206.9,0.0,0.0,0
15m,1746055800.0,2.1974,2.1998,2.1917,2.1928,348231.35,0.0,0.0,0
15m,1746056700.0,2.1928,2.1937,2.1899,2.1906,243758.0,0.0,0.0,0
15m,1746057600.0,2.1906,2.1965,2.1863,2.1931,322565.93,0.0,0.0,0
15m,1746058500.0,2.1931,2.1955,2.1906,2.1934,119470.96,0.0,0.0,0
15m,1746059400.0,2.1934,2.1934,2.1881,2.1908,134543.32,0.0,0.0,0
15m,1746060300.0,2.1908,2.1971,2.1908,2.1965,187669.93,0.0,0.0,0
15m,1746061200.0,2.1965,2.2024,2.1959,2.199,294922.52,0.0,0.0,0
15m,1746062100.0,2.199,2.2032,2.1987,2.2002,222943.87,0.0,0.0,0
15m,1746063000.0,2.2002,2.2044,2.1971,2.2001,185340.79,0.0,0.0,0
15m,1746063900.0,2.2001,2.2021,2.1959,2.2016,180948.81,0.0,0.0,0
15m,1746064800.0,2.2016,2.2105,2.2009,2.2074,483790.85,0.0,0.0,0
15m,1746065700.0,2.2074,2.2201,2.2074,2.2199,422007.42,0.0,0.0,0
15m,1746066600.0,2.2199,2.2205,2.2116,2.2129,241513.78,0.0,0.0,0
15m,1746067500.0,2.2129,2.2153,2.2027,2.2037,324683.93,0.0,0.0,0
15m,1746068400.0,2.2037,2.2151,2.2033,2.2087,260933.21,0.0,0.0,0
15m,1746069300.0,2.2087,2.2103,2.2049,2.2095,201837.33,0.0,0.0,0
15m,1746070200.0,2.2095,2.2144,2.2075,2.2092,189763.6,0.0,0.0,0
15m,1746071100.0,2.2092,2.2092,2.2036,2.204,200771.82,0.0,0.0,0
15m,1746072000.0,2.204,2.2086,2.2026,2.2069,61777.58,0.0,0.0,0
15m,1746072900.0,2.2069,2.2069,2.1987,2.1991,57975.64,0.0,0.0,0
15m,1746073800.0,2.1991,2.2032,2.1972,2.2023,164515.85,0.0,0.0,0
15m,1746074700.0,2.2023,2.2073,2.1993,2.2067,307475.75,0.0,0.0,0
15m,1746075600.0,2.2067,2.2107,2.2043,2.2103,132116.57,0.0,0.0,0
15m,1746076500.0,2.2103,2.2137,2.2085,2.2106,211613.48,0.0,0.0,0
15m,1746077400.0,2.2106,2.2152,2.2083,2.2125,179946.85,0.0,0.0,0
15m,1746078300.0,2.2125,2.2149,2.2102,2.2115,300277.64,0.0,0.0,0
15m,1746079200.0,2.2115,2.2146,2.2021,2.2027,679259.31,0.0,0.0,0
15m,1746080100.0,2.2027,2.2068,2.2005,2.2054,239565.19,0.0,0.0,0
15m,1746081000.0,2.2054,2.2061,2.1976,2.1986,281807.37,0.0,0.0,0
15m,1746081900.0,2.1986,2.1999,2.1965,2.1967,306113.57,0.0,0.0,0
15m,1746082800.0,2.1967,2.1994,2.1932,2.198,327414.64,0.0,0.0,0
15m,1746083700.0,2.198,2.2006,2.1964,2.1999,182081.67,0.0,0.0,0
15m,1746084600.0,2.1999,2.2015,2.1964,2.1968,286533.42,0.0,0.0,0
15m,1746085500.0,2.1968,2.2059,2.1946,2.2002,669898.9,0.0,0.0,0
15m,1746086400.0,2.2002,2.203,2.1981,2.202,169363.72,0.0,0.0,0
15m,1746087300.0,2.202,2.2094,2.202,2.2083,356422.48,0.0,0.0,0
15m,1746088200.0,2.2083,2.2119,2.2056,2.2067,255233.98,0.0,0.0,0
15m,1746089100.0,2.2067,2.2115,2.2052,2.2111,118172.77,0.0,0.0,0
15m,1746090000.0,2.2111,2.2119,2.2038,2.2049,148260.12,0.0,0.0,0
15m,1746090900.0,2.2049,2.2098,2.2039,2.2094,156123.1,0.0,0.0,0
15m,1746091800.0,2.2094,2.2143,2.2077,2.2138,220959.85,0.0,0.0,0
15m,1746092700.0,2.2138,2.2188,2.2138,2.2149,248686.27,0.0,0.0,0
15m,1746093600.0,2.2149,2.2188,2.2145,2.2181,219156.48,0.0,0.0,0
15m,1746094500.0,2.2181,2.2418,2.2181,2.2399,896795.32,0.0,0.0,0
15m,1746095400.0,2.2399,2.2454,2.2296,2.232,644028.08,0.0,0.0,0
15m,1746096300.0,2.232,2.2371,2.2287,2.2358,420930.22,0.0,0.0,0
15m,1746097200.0,2.2358,2.2401,2.2323,2.2358,313414.83,0.0,0.0,0
15m,1746098100.0,2.2358,2.2369,2.2296,2.2312,602804.68,0.0,0.0,0
15m,1746099000.0,2.2312,2.2399,2.2312,2.2376,212560.32,0.0,0.0,0
15m,1746099900.0,2.2376,2.2394,2.2351,2.2373,196196.55,0.0,0.0,0
15m,1746100800.0,2.2373,2.2456,2.2352,2.2423,480539.9,0.0,0.0,0
15m,1746101700.0,2.2423,2.2431,2.2357,2.2357,329088.62,0.0,0.0,0
15m,1746102600.0,2.2357,2.2407,2.2327,2.2391,427522.86,0.0,0.0,0
15m,1746103500.0,2.2391,2.2404,2.2363,2.238,218230.46,0.0,0.0,0
15m,1746104400.0,2.238,2.243,2.2354,2.243,120319.33,0.0,0.0,0
15m,1746105300.0,2.243,2.2436,2.2382,2.2407,310715.16,0.0,0.0,0
15m,1746106200.0,2.2407,2.2415,2.2229,2.2308,561594.29,0.0,0.0,0
15m,1746107100.0,2.2308,2.2316,2.2154,2.2166,655485.45,0.0,0.0,0
15m,1746108000.0,2.2166,2.2318,2.2165,2.229,1029072.05,0.0,0.0,0
15m,1746108900.0,2.229,2.2331,2.2259,2.2303,541693.83,0.0,0.0,0
15m,1746109800.0,2.2303,2.2353,2.2254,2.229,214005.19,0.0,0.0,0
15m,1746110700.0,2.229,2.2442,2.228,2.2438,256103.35,0.0,0.0,0
15m,1746111600.0,2.2438,2.255,2.2381,2.2541,445570.43,0.0,0.0,0
15m,1746112500.0,2.2541,2.2567,2.2453,2.2475,704780.12,0.0,0.0,0
15m,1746113400.0,2.2475,2.2492,2.2419,2.2444,302880.44,0.0,0.0,0
15m,1746114300.0,2.2444,2.2462,2.2361,2.2366,381413.81,0.0,0.0,0
15m,1746115200.0,2.2366,2.25,2.2365,2.2475,182070.59,0.0,0.0,0
15m,1746116100.0,2.2475,2.2489,2.2415,2.2454,191840.83,0.0,0.0,0
15m,1746117000.0,2.2454,2.253,2.2447,2.252,321803.18,0.0,0.0,0
15m,1746117900.0,2.252,2.2527,2.2405,2.2416,145135.8,0.0,0.0,0
15m,1746118800.0,2.2416,2.2453,2.2393,2.2424,255351.84,0.0,0.0,0
15m,1746119700.0,2.2424,2.2466,2.235,2.2367,139166.68,0.0,0.0,0
15m,1746120600.0,2.2367,2.2398,2.2285,2.2313,275789.33,0.0,0.0,0
15m,1746121500.0,2.2313,2.2355,2.2304,2.2348,209234.58,0.0,0.0,0
15m,1746122400.0,2.2348,2.2357,2.2287,2.2287,126216.42,0.0,0.0,0
15m,1746123300.0,2.2287,2.2305,2.2236,2.2241,212613.28,0.0,0.0,0
15m,1746124200.0,2.2241,2.2315,2.2225,2.231,403320.28,0.0,0.0,0
15m,1746125100.0,2.231,2.235,2.231,2.2338,138943.52,0.0,0.0,0
15m,1746126000.0,2.2338,2.234,2.2257,2.2259,78358.37,0.0,0.0,0
15m,1746126900.0,2.2259,2.231,2.2249,2.2275,71386.06,0.0,0.0,0
15m,1746127800.0,2.2275,2.2286,2.2211,2.2212,81089.6,0.0,0.0,0
15m,1746128700.0,2.2212,2.2236,2.217,2.2186,141373.43,0.0,0.0,0
15m,1746129600.0,2.2186,2.2234,2.2124,2.2232,217531.38,0.0,0.0,0
15m,1746130500.0,2.2232,2.2257,2.2189,2.2232,209241.28,0.0,0.0,0
15m,1746131400.0,2.2232,2.2247,2.2173,2.2173,88977.35,0.0,0.0,0
15m,1746132300.0,2.2173,2.2176,2.2111,2.2155,154974.87,0.0,0.0,0
15m,1746133200.0,2.2155,2.2254,2.2155,2.2252,108971.13,0.0,0.0,0
15m,1746134100.0,2.2252,2.2262,2.2215,2.2219,142593.16,0.0,0.0,0
15m,1746135000.0,2.2219,2.2279,2.2183,2.2272,90925.75,0.0,0.0,0
15m,1746135900.0,2.2272,2.2282,2.2224,2.2224,73251.32,0.0,0.0,0
15m,1746136800.0,2.2224,2.227,2.219,2.2241,83621.14,0.0,0.0,0
15m,1746137700.0,2.2241,2.2244,2.2205,2.222,45212.62,0.0,0.0,0
15m,1746138600.0,2.222,2.222,2.2165,2.2187,78038.16,0.0,0.0,0
15m,1746139500.0,2.2187,2.2193,2.2141,2.2157,56586.0,0.0,0.0,0
15m,1746140400.0,2.2157,2.2169,2.2096,2.2149,173238.71,0.0,0.0,0
15m,1746141300.0,2.2149,2.2186,2.2135,2.2146,69313.67,0.0,0.0,0
15m,1746142200.0,2.2146,2.2146,2.2096,2.2121,93681.07,0.0,0.0,0
15m,1746143100.0,2.2121,2.2146,2.2107,2.2124,304622.31,0.0,0.0,0
15m,1746144000.0,2.2124,2.2183,2.2083,2.2122,361907.57,0.0,0.0,0
15m,1746144900.0,2.2122,2.2179,2.2079,2.2179,376968.45,0.0,0.0,0
15m,1746145800.0,2.2179,2.2226,2.2122,2.2145,249854.64,0.0,0.0,0
15m,1746146700.0,2.2145,2.2172,2.2128,2.217,118812.52,0.0,0.0,0
15m,1746147600.0,2.217,2.2195,2.2156,2.2181,172125.54,0.0,0.0,0
15m,1746148500.0,2.2181,2.2254,2.218,2.2201,227355.04,0.0,0.0,0
15m,1746149400.0,2.2201,2.2209,2.2133,2.2147,242966.51,0.0,0.0,0
15m,1746150300.0,2.2147,2.217,2.2129,2.2164,97361.87,0.0,0.0,0
15m,1746151200.0,2.2164,2.2165,2.2121,2.2163,95221.75,0.0,0.0,0
15m,1746152100.0,2.2163,2.2234,2.2149,2.2215,73012.7,0.0,0.0,0
15m,1746153000.0,2.2215,2.2278,2.2215,2.2239,127324.87,0.0,0.0,0
15m,1746153900.0,2.2239,2.2306,2.2232,2.2278,112300.67,0.0,0.0,0
15m,1746154800.0,2.2278,2.2334,2.227,2.233,148022.43,0.0,0.0,0
15m,1746155700.0,2.233,2.2336,2.2242,2.2248,126238.58,0.0,0.0,0
15m,1746156600.0,2.2248,2.228,2.2243,2.2269,97929.7,0.0,0.0,0
15m,1746157500.0,2.2269,2.2289,2.2244,2.2245,94739.95,0.0,0.0,0
15m,1746158400.0,2.2245,2.2307,2.2245,2.2273,198806.23,0.0,0.0,0
15m,1746159300.0,2.2273,2.2331,2.2262,2.231,86014.41,0.0,0.0,0
15m,1746160200.0,2.231,2.231,2.224,2.2244,215400.32,0.0,0.0,0
15m,1746161100.0,2.2244,2.2274,2.2215,2.2242,279477.08,0.0,0.0,0
15m,1746162000.0,2.2242,2.2315,2.2232,2.2275,607165.84,0.0,0.0,0
15m,1746162900.0,2.2275,2.2275,2.2179,2.2209,330698.88,0.0,0.0,0
15m,1746163800.0,2.2209,2.2229,2.2171,2.2182,293545.53,0.0,0.0,0
15m,1746164700.0,2.2182,2.2183,2.2093,2.2122,797666.57,0.0,0.0,0
15m,1746165600.0,2.2122,2.2149,2.2077,2.2134,202974.15,0.0,0.0,0
15m,1746166500.0,2.2134,2.217,2.2084,2.2159,192384.46,0.0,0.0,0
15m,1746167400.0,2.2159,2.2165,2.2104,2.2109,153403.76,0.0,0.0,0
15m,1746168300.0,2.2109,2.211,2.205,2.211,384970.55,0.0,0.0,0
15m,1746169200.0,2.211,2.2141,2.2021,2.2057,169188.89,0.0,0.0,0
15m,1746170100.0,2.2057,2.21,2.2029,2.2052,155949.89,0.0,0.0,0
15m,1746171000.0,2.2052,2.2057,2.193,2.1958,569303.32,0.0,0.0,0
15m,1746171900.0,2.1958,2.1982,2.1916,2.1944,353117.85,0.0,0.0,0
15m,1746172800.0,2.1944,2.2023,2.1934,2.2022,198746.64,0.0,0.0,0
15m,1746173700.0,2.2022,2.2119,2.2012,2.2113,481241.26,0.0,0.0,0
15m,1746174600.0,2.2113,2.2162,2.209,2.214,203658.1,0.0,0.0,0
15m,1746175500.0,2.214,2.2162,2.2121,2.2132,114754.19,0.0,0.0,0
15m,1746176400.0,2.2132,2.214,2.209,2.2125,250372.6,0.0,0.0,0
15m,1746177300.0,2.2125,2.2125,2.2072,2.2098,132289.26,0.0,0.0,0
15m,1746178200.0,2.2098,2.2107,2.2048,2.205,191406.53,0.0,0.0,0
15m,1746179100.0,2.205,2.211,2.2047,2.2088,92769.09,0.0,0.0,0
15m,1746180000.0,2.2088,2.2149,2.2082,2.2129,126657.45,0.0,0.0,0
15m,1746180900.0,2.2129,2.214,2.2089,2.2135,204880.94,0.0,0.0,0
15m,1746181800.0,2.2135,2.2166,2.2111,2.2127,191024.39,0.0,0.0,0
15m,1746182700.0,2.2127,2.2143,2.2096,2.2122,115596.11,0.0,0.0,0
15m,1746183600.0,2.2122,2.2162,2.2122,2.215,292444.5,0.0,0.0,0
15m,1746184500.0,2.215,2.2175,2.2133,2.2136,152985.83,0.0,0.0,0
15m,1746185400.0,2.2136,2.22,2.2128,2.2187,147038.0,0.0,0.0,0
15m,1746186300.0,2.2187,2.22,2.2147,2.2153,197137.66,0.0,0.0,0
15m,1746187200.0,2.2153,2.2185,2.2105,2.2114,115785.71,0.0,0.0,0
15m,1746188100.0,2.2114,2.214,2.2092,2.2098,155157.38,0.0,0.0,0
15m,1746189000.0,2.2098,2.2227,2.2058,2.2133,971660.57,0.0,0.0,0
15m,1746189900.0,2.2133,2.2224,2.2133,2.2224,352143.31,0.0,0.0,0
15m,1746190800.0,2.2224,2.2235,2.2138,2.214,226673.93,0.0,0.0,0
15m,1746191700.0,2.214,2.2205,2.2138,2.2175,371629.18,0.0,0.0,0
15m,1746192600.0,2.2175,2.2217,2.2113,2.2166,128753.96,0.0,0.0,0
15m,1746193500.0,2.2166,2.2199,2.2125,2.2176,171781.7,0.0,0.0,0
15m,1746194400.0,2.2176,2.2272,2.2176,2.2221,296736.36,0.0,0.0,0
15m,1746195300.0,2.2221,2.2363,2.2203,2.2354,487799.68,0.0,0.0,0
15m,1746196200.0,2.2354,2.2411,2.2313,2.232,564189.42,0.0,0.0,0
15m,1746197100.0,2.232,2.2375,2.2318,2.2339,481339.36,0.0,0.0,0
15m,1746198000.0,2.2339,2.2375,2.227,2.2275,814062.98,0.0,0.0,0
15m,1746198900.0,2.2275,2.2299,2.209,2.2126,650838.58,0.0,0.0,0
15m,1746199800.0,2.2126,2.2203,2.2104,2.2195,283327.47,0.0,0.0,0
15m,1746200700.0,2.2195,2.2225,2.2156,2.2163,104005.83,0.0,0.0,0
15m,1746201600.0,2.2163,2.2323,2.2163,2.2306,367895.55,0.0,0.0,0
15m,1746202500.0,2.2306,2.2362,2.2296,2.23,370578.81,0.0,0.0,0
15m,1746203400.0,2.23,2.2343,2.2278,2.2324,415689.42,0.0,0.0,0
15m,1746204300.0,2.2324,2.2324,2.2241,2.226,267198.08,0.0,0.0,0
15m,1746205200.0,2.226,2.226,2.2171,2.2202,229834.58,0.0,0.0,0
15m,1746206100.0,2.2202,2.2227,2.2118,2.2151,200047.68,0.0,0.0,0
15m,1746207000.0,2.2151,2.2166,2.2118,2.2126,370006.06,0.0,0.0,0
15m,1746207900.0,2.2126,2.2169,2.211,2.2148,281756.17,0.0,0.0,0
15m,1746208800.0,2.2148,2.2174,2.2121,2.2164,113336.08,0.0,0.0,0
15m,1746209700.0,2.2164,2.2187,2.2114,2.2122,114678.31,0.0,0.0,0
15m,1746210600.0,2.2122,2.2179,2.2114,2.2169,155100.98,0.0,0.0,0
15m,1746211500.0,2.2169,2.2185,2.2102,2.2127,144179.01,0.0,0.0,0
15m,1746212400.0,2.2127,2.2127,2.2029,2.2054,237216.36,0.0,0.0,0
15m,1746213300.0,2.2054,2.2096,2.2025,2.2085,523168.45,0.0,0.0,0
15m,1746214200.0,2.2085,2.2085,2.2028,2.2076,92290.18,0.0,0.0,0
15m,1746215100.0,2.2076,2.2098,2.2001,2.2094,402415.9,0.0,0.0,0
15m,1746216000.0,2.2094,2.2097,2.2018,2.2073,258362.26,0.0,0.0,0
15m,1746216900.0,2.2073,2.2145,2.2059,2.2145,162138.56,0.0,0.0,0
15m,1746217800.0,2.2145,2.2165,2.2124,2.2137,102378.99,0.0,0.0,0
15m,1746218700.0,2.2137,2.2152,2.2114,2.2148,153200.15,0.0,0.0,0
15m,1746219600.0,2.2148,2.2152,2.2115,2.2138,91651.09,0.0,0.0,0
15m,1746220500.0,2.2138,2.2145,2.2088,2.2092,61672.45,0.0,0.0,0
15m,1746221400.0,2.2092,2.2104,2.2052,2.2067,46530.66,0.0,0.0,0
15m,1746222300.0,2.2067,2.2088,2.198,2.2029,232417.48,0.0,0.0,0
15m,1746223200.0,2.2029,2.2049,2.1998,2.2014,38862.57,0.0,0.0,0
15m,1746224100.0,2.2014,2.2032,2.1994,2.2016,62171.63,0.0,0.0,0
15m,1746225000.0,2.2016,2.2023,2.1953,2.197,126326.48,0.0,0.0,0
15m,1746225900.0,2.197,2.1992,2.1952,2.199,42507.61,0.0,0.0,0
15m,1746226800.0,2.199,2.2055,2.198,2.2035,91029.24,0.0,0.0,0
15m,1746227700.0,2.2035,2.2082,2.2029,2.2051,57083.85,0.0,0.0,0
15m,1746228600.0,2.2051,2.2074,2.2045,2.2068,64170.46,0.0,0.0,0
15m,1746229500.0,2.2068,2.2094,2.2067,2.2088,46181.41,0.0,0.0,0
15m,1746230400.0,2.2088,2.2115,2.2069,2.2096,98580.93,0.0,0.0,0
15m,1746231300.0,2.2096,2.213,2.2064,2.2075,65758.8,0.0,0.0,0
15m,1746232200.0,2.2075,2.208,2.2034,2.2034,142673.09,0.0,0.0,0
15m,1746233100.0,2.2034,2.2065,2.201,2.2059,105997.79,0.0,0.0,0
15m,1746234000.0,2.2059,2.2077,2.2026,2.2034,179410.18,0.0,0.0,0
15m,1746234900.0,2.2034,2.2043,2.2001,2.2011,55806.39,0.0,0.0,0
15m,1746235800.0,2.2011,2.2011,2.197,2.2009,214523.57,0.0,0.0,0
15m,1746236700.0,2.2009,2.2028,2.1993,2.2022,66492.82,0.0,0.0,0
15m,1746237600.0,2.2022,2.2086,2.2021,2.2081,55028.34,0.0,0.0,0
15m,1746238500.0,2.2081,2.2127,2.2076,2.2121,274997.1,0.0,0.0,0
15m,1746239400.0,2.2121,2.2197,2.212,2.2146,224444.25,0.0,0.0,0
15m,1746240300.0,2.2146,2.22,2.2143,2.2184,151306.55,0.0,0.0,0
15m,1746241200.0,2.2184,2.2198,2.2138,2.2147,262141.96,0.0,0.0,0
15m,1746242100.0,2.2147,2.2159,2.2114,2.2135,170640.14,0.0,0.0,0
15m,1746243000.0,2.2135,2.2151,2.2112,2.2125,172051.41,0.0,0.0,0
15m,1746243900.0,2.2125,2.2143,2.2108,2.2119,128441.7,0.0,0.0,0
15m,1746244800.0,2.2119,2.2154,2.2106,2.2147,123177.45,0.0,0.0,0
15m,1746245700.0,2.2147,2.2155,2.2132,2.214,73591.91,0.0,0.0,0
15m,1746246600.0,2.214,2.2186,2.2134,2.2176,49550.58,0.0,0.0,0
15m,1746247500.0,2.2176,2.218,2.2161,2.217,49608.64,0.0,0.0,0
15m,1746248400.0,2.217,2.2173,2.2116,2.2123,127566.85,0.0,0.0,0
15m,1746249300.0,2.2123,2.2148,2.2115,2.213,90510.17,0.0,0.0,0
15m,1746250200.0,2.213,2.2157,2.21,2.2154,51477.91,0.0,0.0,0
15m,1746251100.0,2.2154,2.2154,2.2111,2.2116,56171.14,0.0,0.0,0
15m,1746252000.0,2.2116,2.2122,2.2061,2.2076,78113.09,0.0,0.0,0
15m,1746252900.0,2.2076,2.2076,2.2034,2.2043,273662.58,0.0,0.0,0
15m,1746253800.0,2.2043,2.208,2.2035,2.2077,76512.1,0.0,0.0,0
15m,1746254700.0,2.2077,2.208,2.2036,2.2044,98043.41,0.0,0.0,0
15m,1746255600.0,2.2044,2.205,2.2017,2.203,101149.55,0.0,0.0,0
15m,1746256500.0,2.203,2.2044,2.1999,2.202,255282.87,0.0,0.0,0
15m,1746257400.0,2.202,2.2056,2.2008,2.2032,536150.51,0.0,0.0,0
15m,1746258300.0,2.2032,2.205,2.2015,2.2032,77591.02,0.0,0.0,0
15m,1746259200.0,2.2032,2.2037,2.1998,2.2001,72696.18,0.0,0.0,0
15m,1746260100.0,2.2001,2.2045,2.1981,2.204,162414.05,0.0,0.0,0
15m,1746261000.0,2.204,2.2072,2.2034,2.2052,73586.74,0.0,0.0,0
15m,1746261900.0,2.2052,2.2074,2.2014,2.2038,90429.87,0.0,0.0,0
15m,1746262800.0,2.2038,2.2042,2.1993,2.2018,88372.79,0.0,0.0,0
15m,1746263700.0,2.2018,2.2033,2.2004,2.2004,60171.61,0.0,0.0,0
15m,1746264600.0,2.2004,2.2004,2.1973,2.1995,220673.26,0.0,0.0,0
15m,1746265500.0,2.1995,2.2014,2.1939,2.1997,270979.71,0.0,0.0,0
15m,1746266400.0,2.1997,2.1997,2.1943,2.1957,79716.34,0.0,0.0,0
15m,1746267300.0,2.1957,2.199,2.1956,2.1959,67455.44,0.0,0.0,0
15m,1746268200.0,2.1959,2.1985,2.1884,2.1895,358513.67,0.0,0.0,0
15m,1746269100.0,2.1895,2.1914,2.1841,2.185,350667.0,0.0,0.0,0
15m,1746270000.0,2.185,2.1902,2.1839,2.19,81842.2,0.0,0.0,0
15m,1746270900.0,2.19,2.1936,2.1881,2.1911,293768.13,0.0,0.0,0
15m,1746271800.0,2.1911,2.1929,2.1876,2.1892,120032.68,0.0,0.0,0
15m,1746272700.0,2.1892,2.1904,2.1857,2.1882,214819.26,0.0,0.0,0
15m,1746273600.0,2.1882,2.1925,2.188,2.1921,108798.84,0.0,0.0,0
15m,1746274500.0,2.1921,2.1988,2.192,2.1984,314285.2,0.0,0.0,0
15m,1746275400.0,2.1984,2.1996,2.1968,2.1982,169312.34,0.0,0.0,0
15m,1746276300.0,2.1982,2.1991,2.1958,2.1969,111452.42,0.0,0.0,0
15m,1746277200.0,2.1969,2.2022,2.1963,2.2005,184512.25,0.0,0.0,0
15m,1746278100.0,2.2005,2.2026,2.2,2.2022,112181.06,0.0,0.0,0
15m,1746279000.0,2.2022,2.2037,2.1987,2.2009,168585.0,0.0,0.0,0
15m,1746279900.0,2.2009,2.203,2.199,2.2024,272866.39,0.0,0.0,0
15m,1746280800.0,2.2024,2.2041,2.1996,2.2002,214123.78,0.0,0.0,0
15m,1746281700.0,2.2002,2.2087,2.2,2.2071,144685.65,0.0,0.0,0
15m,1746282600.0,2.2071,2.2112,2.2058,2.209,311782.01,0.0,0.0,0
15m,1746283500.0,2.209,2.2143,2.2088,2.2112,404361.49,0.0,0.0,0
15m,1746284400.0,2.2112,2.2156,2.2105,2.2116,333896.36,0.0,0.0,0
15m,1746285300.0,2.2116,2.2148,2.2093,2.2134,141264.26,0.0,0.0,0
15m,1746286200.0,2.2134,2.2142,2.2103,2.2115,162340.77,0.0,0.0,0
15m,1746287100.0,2.2115,2.2115,2.2066,2.2098,149948.14,0.0,0.0,0
15m,1746288000.0,2.2098,2.2112,2.2072,2.2077,188213.44,0.0,0.0,0
15m,1746288900.0,2.2077,2.2092,2.204,2.2068,394503.43,0.0,0.0,0
15m,1746289800.0,2.2068,2.2069,2.1958,2.1973,365111.73,0.0,0.0,0
15m,1746290700.0,2.1973,2.202,2.195,2.2007,321131.59,0.0,0.0,0
15m,1746291600.0,2.2007,2.2007,2.1791,2.1839,843688.44,0.0,0.0,0
15m,1746292500.0,2.1839,2.1907,2.1758,2.1898,561218.66,0.0,0.0,0
15m,1746293400.0,2.1898,2.1902,2.1794,2.1838,265327.68,0.0,0.0,0
15m,1746294300.0,2.1838,2.1919,2.1838,2.1912,174439.77,0.0,0.0,0
15m,1746295200.0,2.1912,2.1923,2.1869,2.1921,223516.19,0.0,0.0,0
15m,1746296100.0,2.1921,2.1968,2.1907,2.1919,98906.59,0.0,0.0,0
15m,1746297000.0,2.1919,2.192,2.1829,2.1833,265093.31,0.0,0.0,0
15m,1746297900.0,2.1833,2.1893,2.18,2.1826,280782.64,0.0,0.0,0
15m,1746298800.0,2.1826,2.1869,2.1795,2.1845,249349.16,0.0,0.0,0
15m,1746299700.0,2.1845,2.191,2.1843,2.191,70171.16,0.0,0.0,0
15m,1746300600.0,2.191,2.194,2.1891,2.1922,36782.61,0.0,0.0,0
15m,1746301500.0,2.1922,2.1957,2.1916,2.1935,72522.43,0.0,0.0,0
15m,1746302400.0,2.1935,2.1945,2.1909,2.1915,36537.56,0.0,0.0,0
15m,1746303300.0,2.1915,2.1959,2.1894,2.1955,61077.58,0.0,0.0,0
15m,1746304200.0,2.1955,2.1961,2.1901,2.1912,50561.02,0.0,0.0,0
15m,1746305100.0,2.1912,2.1923,2.1881,2.1923,50740.44,0.0,0.0,0
15m,1746306000.0,2.1923,2.194,2.1832,2.1852,120071.44,0.0,0.0,0
15m,1746306900.0,2.1852,2.1994,2.1851,2.1991,143274.75,0.0,0.0,0
15m,1746307800.0,2.1991,2.1992,2.1925,2.194,70218.62,0.0,0.0,0
15m,1746308700.0,2.194,2.1941,2.1899,2.1916,61717.5,0.0,0.0,0
15m,1746309600.0,2.1916,2.1927,2.1869,2.1874,93416.02,0.0,0.0,0
15m,1746310500.0,2.1874,2.1908,2.1871,2.1902,60932.31,0.0,0.0,0
15m,1746311400.0,2.1902,2.1969,2.1902,2.1964,59379.33,0.0,0.0,0
15m,1746312300.0,2.1964,2.1964,2.194,2.1941,62988.63,0.0,0.0,0
15m,1746313200.0,2.1941,2.1956,2.1924,2.1928,45020.04,0.0,0.0,0
15m,1746314100.0,2.1928,2.1959,2.1865,2.1865,312718.52,0.0,0.0,0
15m,1746315000.0,2.1865,2.1894,2.1847,2.1889,204566.26,0.0,0.0,0
15m,1746315900.0,2.1889,2.1908,2.1858,2.1873,64004.49,0.0,0.0,0
15m,1746316800.0,2.1873,2.1935,2.1847,2.193,77862.15,0.0,0.0,0
15m,1746317700.0,2.193,2.1968,2.1895,2.1899,70771.04,0.0,0.0,0
15m,1746318600.0,2.1899,2.1919,2.1868,2.1878,191615.53,0.0,0.0,0
15m,1746319500.0,2.1878,2.1905,2.1847,2.1878,132252.91,0.0,0.0,0
15m,1746320400.0,2.1878,2.1963,2.1845,2.1958,186684.37,0.0,0.0,0
15m,1746321300.0,2.1958,2.1991,2.1913,2.1968,420293.79,0.0,0.0,0
15m,1746322200.0,2.1968,2.2006,2.1934,2.1942,101632.21,0.0,0.0,0
15m,1746323100.0,2.1942,2.2046,2.1893,2.2034,210951.74,0.0,0.0,0
15m,1746324000.0,2.2034,2.2189,2.2034,2.2114,528527.15,0.0,0.0,0
15m,1746324900.0,2.2114,2.2141,2.2081,2.2105,142871.15,0.0,0.0,0
15m,1746325800.0,2.2105,2.2142,2.1962,2.2003,296466.08,0.0,0.0,0
15m,1746326700.0,2.2003,2.2033,2.1974,2.2012,97704.52,0.0,0.0,0
15m,1746327600.0,2.2012,2.2012,2.1915,2.1946,131287.98,0.0,0.0,0
15m,1746328500.0,2.1946,2.1987,2.1895,2.1941,132539.8,0.0,0.0,0
15m,1746329400.0,2.1941,2.2019,2.194,2.2006,95793.28,0.0,0.0,0
15m,1746330300.0,2.2006,2.204,2.1975,2.1983,230835.75,0.0,0.0,0
15m,1746331200.0,2.1983,2.2056,2.1973,2.2032,132473.33,0.0,0.0,0
15m,1746332100.0,2.2032,2.2056,2.2011,2.202,128311.03,0.0,0.0,0
15m,1746333000.0,2.202,2.2025,2.1931,2.1946,404660.58,0.0,0.0,0
15m,1746333900.0,2.1946,2.1994,2.1918,2.1977,89541.15,0.0,0.0,0
15m,1746334800.0,2.1977,2.2079,2.1967,2.2046,279529.0,0.0,0.0,0
15m,1746335700.0,2.2046,2.2104,2.2001,2.2085,156388.13,0.0,0.0,0
15m,1746336600.0,2.2085,2.2102,2.2067,2.2087,84388.29,0.0,0.0,0
15m,1746337500.0,2.2087,2.2125,2.2075,2.2075,69089.34,0.0,0.0,0
15m,1746338400.0,2.2075,2.2114,2.2029,2.2053,99312.37,0.0,0.0,0
15m,1746339300.0,2.2053,2.2074,2.2021,2.2036,57494.73,0.0,0.0,0
15m,1746340200.0,2.2036,2.21,2.2018,2.2099,97918.12,0.0,0.0,0
15m,1746341100.0,2.2099,2.2137,2.2088,2.2098,311524.88,0.0,0.0,0
15m,1746342000.0,2.2098,2.2125,2.2079,2.2116,80004.49,0.0,0.0,0
15m,1746342900.0,2.2116,2.2124,2.2079,2.2087,102017.74,0.0,0.0,0
15m,1746343800.0,2.2087,2.2095,2.2026,2.2055,251273.71,0.0,0.0,0
15m,1746344700.0,2.2055,2.2113,2.2055,2.2113,105256.12,0.0,0.0,0
15m,1746345600.0,2.2113,2.2118,2.2053,2.2074,82183.94,0.0,0.0,0
15m,1746346500.0,2.2074,2.2077,2.2003,2.2037,216280.12,0.0,0.0,0
15m,1746347400.0,2.2037,2.204,2.1948,2.1952,239912.31,0.0,0.0,0
15m,1746348300.0,2.1952,2.1983,2.1918,2.1922,165995.52,0.0,0.0,0
15m,1746349200.0,2.1922,2.1922,2.1853,2.1867,275881.35,0.0,0.0,0
15m,1746350100.0,2.1867,2.189,2.1801,2.1817,271985.99,0.0,0.0,0
15m,1746351000.0,2.1817,2.1841,2.1787,2.1811,313800.23,0.0,0.0,0
15m,1746351900.0,2.1811,2.1821,2.1773,2.1801,361132.1,0.0,0.0,0
15m,1746352800.0,2.1801,2.1848,2.1793,2.1839,207173.36,0.0,0.0,0
15m,1746353700.0,2.1839,2.189,2.1805,2.1885,132636.47,0.0,0.0,0
15m,1746354600.0,2.1885,2.1902,2.1858,2.1889,90148.32,0.0,0.0,0
15m,1746355500.0,2.1889,2.1896,2.1841,2.1859,141682.22,0.0,0.0,0
15m,1746356400.0,2.1859,2.1879,2.1817,2.1842,209967.15,0.0,0.0,0
15m,1746357300.0,2.1842,2.1916,2.1833,2.1897,120153.27,0.0,0.0,0
15m,1746358200.0,2.1897,2.1915,2.1861,2.1895,59463.06,0.0,0.0,0
15m,1746359100.0,2.1895,2.1907,2.1868,2.1892,46558.02,0.0,0.0,0
15m,1746360000.0,2.1892,2.1915,2.1873,2.1911,87547.24,0.0,0.0,0
15m,1746360900.0,2.1911,2.1923,2.1842,2.1864,45402.04,0.0,0.0,0
15m,1746361800.0,2.1864,2.1915,2.1857,2.1914,75577.44,0.0,0.0,0
15m,1746362700.0,2.1914,2.1926,2.188,2.1884,111042.96,0.0,0.0,0
15m,1746363600.0,2.1884,2.1924,2.1875,2.188,55113.84,0.0,0.0,0
15m,1746364500.0,2.188,2.188,2.1787,2.1818,302027.5,0.0,0.0,0
15m,1746365400.0,2.1818,2.1827,2.1766,2.1772,137740.71,0.0,0.0,0
15m,1746366300.0,2.1772,2.1818,2.172,2.18,254076.51,0.0,0.0,0
15m,1746367200.0,2.18,2.1859,2.1781,2.1844,194245.06,0.0,0.0,0
15m,1746368100.0,2.1844,2.1893,2.1842,2.1888,113093.62,0.0,0.0,0
15m,1746369000.0,2.1888,2.1903,2.1872,2.1893,53769.0,0.0,0.0,0
15m,1746369900.0,2.1893,2.1911,2.1865,2.1904,148382.45,0.0,0.0,0
15m,1746370800.0,2.1904,2.1997,2.1897,2.1994,424901.88,0.0,0.0,0
15m,1746371700.0,2.1994,2.2055,2.1943,2.1968,209568.04,0.0,0.0,0
15m,1746372600.0,2.1968,2.1983,2.1918,2.1933,55324.63,0.0,0.0,0
15m,1746373500.0,2.1933,2.1993,2.1904,2.1968,114013.71,0.0,0.0,0
15m,1746374400.0,2.1968,2.1994,2.191,2.1923,162377.7,0.0,0.0,0
15m,1746375300.0,2.1923,2.1935,2.1872,2.1907,70222.87,0.0,0.0,0
15m,1746376200.0,2.1907,2.192,2.1825,2.1834,190832.81,0.0,0.0,0
15m,1746377100.0,2.1834,2.1853,2.1806,2.1834,179511.29,0.0,0.0,0
15m,1746378000.0,2.1834,2.1864,2.1794,2.1842,391419.15,0.0,0.0,0
15m,1746378900.0,2.1842,2.1854,2.1785,2.1788,276602.13,0.0,0.0,0
15m,1746379800.0,2.1788,2.1795,2.1687,2.1735,697678.45,0.0,0.0,0
15m,1746380700.0,2.1735,2.1785,2.173,2.1756,193701.61,0.0,0.0,0
15m,1746381600.0,2.1756,2.1834,2.1702,2.1711,330955.47,0.0,0.0,0
15m,1746382500.0,2.1711,2.1764,2.1701,2.1734,286726.31,0.0,0.0,0
15m,1746383400.0,2.1734,2.177,2.1693,2.1723,375677.74,0.0,0.0,0
15m,1746384300.0,2.1723,2.1739,2.1674,2.1695,497736.15,0.0,0.0,0
15m,1746385200.0,2.1695,2.171,2.1641,2.1664,371921.58,0.0,0.0,0
15m,1746386100.0,2.1664,2.1718,2.1662,2.1709,111098.98,0.0,0.0,0
15m,1746387000.0,2.1709,2.1798,2.1702,2.1778,327682.92,0.0,0.0,0
15m,1746387900.0,2.1778,2.1794,2.1741,2.1757,217996.63,0.0,0.0,0
15m,1746388800.0,2.1757,2.177,2.1726,2.1743,132089.8,0.0,0.0,0
15m,1746389700.0,2.1743,2.1827,2.1726,2.1821,191310.2,0.0,0.0,0
15m,1746390600.0,2.1821,2.1839,2.1802,2.1823,142256.15,0.0,0.0,0
15m,1746391500.0,2.1823,2.1843,2.1802,2.1843,34357.27,0.0,0.0,0
15m,1746392400.0,2.1843,2.1846,2.1753,2.1755,235434.34,0.0,0.0,0
15m,1746393300.0,2.1755,2.1794,2.1753,2.1794,56930.78,0.0,0.0,0
15m,1746394200.0,2.1794,2.1833,2.1787,2.1824,63099.44,0.0,0.0,0
15m,1746395100.0,2.1824,2.1854,2.1824,2.1844,24879.16,0.0,0.0,0
15m,1746396000.0,2.1844,2.1844,2.1662,2.1684,445698.84,0.0,0.0,0
15m,1746396900.0,2.1684,2.1719,2.1603,2.1627,433699.82,0.0,0.0,0
15m,1746397800.0,2.1627,2.1629,2.155,2.1604,704973.96,0.0,0.0,0
15m,1746398700.0,2.1604,2.1639,2.1565,2.1624,258405.43,0.0,0.0,0
15m,1746399600.0,2.1624,2.165,2.156,2.161,272771.15,0.0,0.0,0
15m,1746400500.0,2.161,2.1611,2.1525,2.1536,132793.72,0.0,0.0,0
15m,1746401400.0,2.1536,2.16,2.151,2.1536,190942.83,0.0,0.0,0
15m,1746402300.0,2.1536,2.1599,2.1536,2.1564,137369.59,0.0,0.0,0
15m,1746403200.0,2.1564,2.162,2.1548,2.1612,296898.25,0.0,0.0,0
15m,1746404100.0,2.1612,2.1683,2.1608,2.1676,144650.83,0.0,0.0,0
15m,1746405000.0,2.1676,2.1692,2.1651,2.1658,112078.65,0.0,0.0,0
15m,1746405900.0,2.1658,2.1701,2.1644,2.1673,88018.16,0.0,0.0,0
15m,1746406800.0,2.1673,2.1684,2.1609,2.1643,116530.65,0.0,0.0,0
15m,1746407700.0,2.1643,2.1661,2.1528,2.1528,348091.12,0.0,0.0,0
15m,1746408600.0,2.1528,2.1535,2.134,2.1417,1148438.93,0.0,0.0,0
15m,1746409500.0,2.1417,2.1468,2.1354,2.145,338147.13,0.0,0.0,0
15m,1746410400.0,2.145,2.1467,2.1322,2.146,459167.84,0.0,0.0,0
15m,1746411300.0,2.146,2.1572,2.146,2.1557,230127.76,0.0,0.0,0
15m,1746412200.0,2.1557,2.1623,2.1557,2.1583,137782.88,0.0,0.0,0
15m,1746413100.0,2.1583,2.1655,2.1577,2.16,94770.95,0.0,0.0,0
15m,1746414000.0,2.16,2.1609,2.1528,2.1528,176902.21,0.0,0.0,0
15m,1746414900.0,2.1528,2.1551,2.1482,2.1485,187200.27,0.0,0.0,0
15m,1746415800.0,2.1485,2.1536,2.1485,2.1532,158638.87,0.0,0.0,0
15m,1746416700.0,2.1532,2.1535,2.1473,2.1473,103379.46,0.0,0.0,0
15m,1746417600.0,2.1473,2.1546,2.1472,2.1521,233938.95,0.0,0.0,0
15m,1746418500.0,2.1521,2.16,2.1521,2.1581,827703.65,0.0,0.0,0
15m,1746419400.0,2.1581,2.1646,2.1577,2.1634,189410.6,0.0,0.0,0
15m,1746420300.0,2.1634,2.1659,2.1616,2.1651,121007.39,0.0,0.0,0
15m,1746421200.0,2.1651,2.168,2.162,2.1636,109553.21,0.0,0.0,0
15m,1746422100.0,2.1636,2.168,2.163,2.1677,87361.37,0.0,0.0,0
15m,1746423000.0,2.1677,2.1712,2.1659,2.1677,101390.31,0.0,0.0,0
15m,1746423900.0,2.1677,2.1789,2.1677,2.1782,152953.5,0.0,0.0,0
15m,1746424800.0,2.1782,2.185,2.1718,2.1733,654852.03,0.0,0.0,0
15m,1746425700.0,2.1733,2.1775,2.1719,2.1729,227501.36,0.0,0.0,0
15m,1746426600.0,2.1729,2.1788,2.1721,2.1748,104929.73,0.0,0.0,0
15m,1746427500.0,2.1748,2.1759,2.1729,2.1743,124428.19,0.0,0.0,0
15m,1746428400.0,2.1743,2.1743,2.1706,2.173,130028.66,0.0,0.0,0
15m,1746429300.0,2.173,2.1773,2.1716,2.1747,200563.52,0.0,0.0,0
15m,1746430200.0,2.1747,2.1774,2.1711,2.1771,201462.82,0.0,0.0,0
15m,1746431100.0,2.1771,2.1775,2.1745,2.1769,239896.05,0.0,0.0,0
15m,1746432000.0,2.1769,2.1813,2.1746,2.1793,370571.13,0.0,0.0,0
15m,1746432900.0,2.1793,2.1823,2.1758,2.176,108346.14,0.0,0.0,0
15m,1746433800.0,2.176,2.1809,2.1746,2.1792,113056.25,0.0,0.0,0
15m,1746434700.0,2.1792,2.1846,2.175,2.1842,328847.55,0.0,0.0,0
15m,1746435600.0,2.1842,2.1997,2.1827,2.1867,376014.73,0.0,0.0,0
15m,1746436500.0,2.1867,2.1907,2.185,2.1896,185367.16,0.0,0.0,0
15m,1746437400.0,2.1896,2.191,2.1827,2.1843,455366.53,0.0,0.0,0
15m,1746438300.0,2.1843,2.1856,2.177,2.1787,150306.48,0.0,0.0,0
15m,1746439200.0,2.1787,2.1798,2.1731,2.1743,167928.01,0.0,0.0,0
15m,1746440100.0,2.1743,2.1749,2.1638,2.1644,210263.4,0.0,0.0,0
15m,1746441000.0,2.1644,2.1683,2.1558,2.1588,320207.74,0.0,0.0,0
15m,1746441900.0,2.1588,2.1599,2.1459,2.1545,489116.03,0.0,0.0,0
15m,1746442800.0,2.1545,2.1615,2.1537,2.1611,245180.92,0.0,0.0,0
15m,1746443700.0,2.1611,2.1644,2.147,2.1491,306710.87,0.0,0.0,0
15m,1746444600.0,2.1491,2.1523,2.138,2.1408,557753.46,0.0,0.0,0
15m,1746445500.0,2.1408,2.1473,2.1404,2.1429,163481.25,0.0,0.0,0
15m,1746446400.0,2.1429,2.1509,2.1336,2.1509,315758.04,0.0,0.0,0
15m,1746447300.0,2.1509,2.1538,2.1465,2.1515,211994.41,0.0,0.0,0
15m,1746448200.0,2.1515,2.1542,2.1497,2.151,277765.62,0.0,0.0,0
15m,1746449100.0,2.151,2.151,2.1433,2.1488,187706.55,0.0,0.0,0
15m,1746450000.0,2.1488,2.1538,2.1404,2.1419,249067.95,0.0,0.0,0
15m,1746450900.0,2.1419,2.1506,2.1391,2.1401,227489.39,0.0,0.0,0
15m,1746451800.0,2.1401,2.1447,2.123,2.1292,894096.61,0.0,0.0,0
15m,1746452700.0,2.1292,2.1426,2.1243,2.1409,617572.49,0.0,0.0,0
15m,1746453600.0,2.1409,2.1517,2.1336,2.135,712208.21,0.0,0.0,0
15m,1746454500.0,2.135,2.1409,2.1304,2.1357,242570.56,0.0,0.0,0
15m,1746455400.0,2.1357,2.139,2.127,2.1354,401114.97,0.0,0.0,0
15m,1746456300.0,2.1354,2.1398,2.1321,2.1336,258997.67,0.0,0.0,0
15m,1746457200.0,2.1336,2.1395,2.1273,2.1327,188875.23,0.0,0.0,0
15m,1746458100.0,2.1327,2.1339,2.1238,2.1283,250040.14,0.0,0.0,0
15m,1746459000.0,2.1283,2.1311,2.1112,2.1132,1218894.64,0.0,0.0,0
15m,1746459900.0,2.1132,2.1167,2.1065,2.1151,701823.12,0.0,0.0,0
15m,1746460800.0,2.1151,2.1237,2.1141,2.12,373933.56,0.0,0.0,0
15m,1746461700.0,2.12,2.1361,2.1194,2.1329,288732.5,0.0,0.0,0
15m,1746462600.0,2.1329,2.1398,2.1321,2.1394,272435.72,0.0,0.0,0
15m,1746463500.0,2.1394,2.1408,2.1306,2.1328,293797.49,0.0,0.0,0
15m,1746464400.0,2.1328,2.1341,2.1253,2.126,331549.12,0.0,0.0,0
15m,1746465300.0,2.126,2.1428,2.1257,2.1414,121659.63,0.0,0.0,0
15m,1746466200.0,2.1414,2.1495,2.1406,2.1442,218405.82,0.0,0.0,0
15m,1746467100.0,2.1442,2.1461,2.1419,2.144,168190.18,0.0,0.0,0
15m,1746468000.0,2.144,2.1496,2.1401,2.1487,221956.8,0.0,0.0,0
15m,1746468900.0,2.1487,2.1499,2.1465,2.1495,95786.94,0.0,0.0,0
15m,1746469800.0,2.1495,2.16,2.1487,2.1584,272462.43,0.0,0.0,0
15m,1746470700.0,2.1584,2.1617,2.1543,2.1554,248399.11,0.0,0.0,0
15m,1746471600.0,2.1554,2.1614,2.1513,2.1582,235071.38,0.0,0.0,0
15m,1746472500.0,2.1582,2.1609,2.154,2.1548,249898.36,0.0,0.0,0
15m,1746473400.0,2.1548,2.1562,2.1464,2.1481,144809.7,0.0,0.0,0
15m,1746474300.0,2.1481,2.1486,2.1396,2.1414,150023.6,0.0,0.0,0
15m,1746475200.0,2.1414,2.1417,2.1337,2.1362,433635.93,0.0,0.0,0
15m,1746476100.0,2.1362,2.1417,2.1332,2.134,284662.83,0.0,0.0,0
15m,1746477000.0,2.134,2.134,2.1158,2.1198,508046.82,0.0,0.0,0
15m,1746477900.0,2.1198,2.1265,2.1153,2.1256,392571.83,0.0,0.0,0
15m,1746478800.0,2.1256,2.1372,2.1242,2.1355,132981.7,0.0,0.0,0
15m,1746479700.0,2.1355,2.1404,2.1345,2.1353,88168.86,0.0,0.0,0
15m,1746480600.0,2.1353,2.1353,2.1196,2.1267,209132.78,0.0,0.0,0
15m,1746481500.0,2.1267,2.1394,2.1263,2.1347,100999.17,0.0,0.0,0
15m,1746482400.0,2.1347,2.1412,2.1345,2.14,96190.45,0.0,0.0,0
15m,1746483300.0,2.14,2.1437,2.1393,2.1409,96743.43,0.0,0.0,0
15m,1746484200.0,2.1409,2.1504,2.1409,2.1501,277302.31,0.0,0.0,0
15m,1746485100.0,2.1501,2.1501,2.1434,2.1454,286033.83,0.0,0.0,0
15m,1746486000.0,2.1454,2.1478,2.1434,2.1443,192508.1,0.0,0.0,0
15m,1746486900.0,2.1443,2.1479,2.1403,2.1406,99506.99,0.0,0.0,0
15m,1746487800.0,2.1406,2.1417,2.1356,2.1398,164333.62,0.0,0.0,0
15m,1746488700.0,2.1398,2.1405,2.1307,2.1307,89511.57,0.0,0.0,0
15m,1746489600.0,2.1307,2.1322,2.1264,2.1282,208273.28,0.0,0.0,0
15m,1746490500.0,2.1282,2.1352,2.1262,2.1352,126441.15,0.0,0.0,0
15m,1746491400.0,2.1352,2.1353,2.1229,2.1237,78659.6,0.0,0.0,0
15m,1746492300.0,2.1237,2.1285,2.1232,2.1284,192515.95,0.0,0.0,0
15m,1746493200.0,2.1284,2.134,2.123,2.1315,159609.42,0.0,0.0,0
15m,1746494100.0,2.1315,2.1408,2.1314,2.1366,245817.76,0.0,0.0,0
15m,1746495000.0,2.1366,2.1371,2.1186,2.1189,208536.57,0.0,0.0,0
15m,1746495900.0,2.1189,2.1201,2.1118,2.1129,501801.51,0.0,0.0,0
15m,1746496800.0,2.1129,2.1149,2.1019,2.1064,408915.15,0.0,0.0,0
15m,1746497700.0,2.1064,2.1065,2.0945,2.1001,682333.12,0.0,0.0,0
15m,1746498600.0,2.1001,2.1068,2.0969,2.1042,409353.2,0.0,0.0,0
15m,1746499500.0,2.1042,2.1145,2.1041,2.1132,132454.26,0.0,0.0,0
15m,1746500400.0,2.1132,2.116,2.1062,2.1064,147808.39,0.0,0.0,0
15m,1746501300.0,2.1064,2.1158,2.106,2.1146,149664.2,0.0,0.0,0
15m,1746502200.0,2.1146,2.1204,2.1141,2.1199,76430.1,0.0,0.0,0
15m,1746503100.0,2.1199,2.1208,2.117,2.1186,82986.58,0.0,0.0,0
15m,1746504000.0,2.1186,2.1197,2.1141,2.1161,126232.9,0.0,0.0,0
15m,1746504900.0,2.1161,2.1232,2.1157,2.1228,154811.24,0.0,0.0,0
15m,1746505800.0,2.1228,2.1247,2.1199,2.1213,208792.84,0.0,0.0,0
15m,1746506700.0,2.1213,2.1237,2.1212,2.1229,76753.02,0.0,0.0,0
15m,1746507600.0,2.1229,2.1244,2.1203,2.122,85463.47,0.0,0.0,0
15m,1746508500.0,2.122,2.1231,2.1152,2.1164,114706.58,0.0,0.0,0
15m,1746509400.0,2.1164,2.1173,2.1141,2.1144,131428.25,0.0,0.0,0
15m,1746510300.0,2.1144,2.1156,2.1057,2.1064,316126.33,0.0,0.0,0
15m,1746511200.0,2.1064,2.1139,2.1057,2.113,84182.69,0.0,0.0,0
15m,1746512100.0,2.113,2.1152,2.1082,2.1087,140334.16,0.0,0.0,0
15m,1746513000.0,2.1087,2.1093,2.1042,2.1076,158340.33,0.0,0.0,0
15m,1746513900.0,2.1076,2.1082,2.1019,2.1073,150743.55,0.0,0.0,0
15m,1746514800.0,2.1073,2.1144,2.1073,2.109,318514.32,0.0,0.0,0
15m,1746515700.0,2.109,2.109,2.0973,2.0979,377166.3,0.0,0.0,0
15m,1746516600.0,2.0979,2.1052,2.0932,2.1023,433508.88,0.0,0.0,0
15m,1746517500.0,2.1023,2.1031,2.0966,2.099,172203.7,0.0,0.0,0
15m,1746518400.0,2.099,2.1045,2.0919,2.0947,646469.17,0.0,0.0,0
15m,1746519300.0,2.0947,2.0947,2.0806,2.087,691741.26,0.0,0.0,0
15m,1746520200.0,2.087,2.0958,2.087,2.0931,408870.86,0.0,0.0,0
15m,1746521100.0,2.0931,2.098,2.0928,2.097,139167.69,0.0,0.0,0
15m,1746522000.0,2.097,2.1,2.0936,2.0963,141186.92,0.0,0.0,0
15m,1746522900.0,2.0963,2.1012,2.0956,2.1006,195299.04,0.0,0.0,0
15m,1746523800.0,2.1006,2.1032,2.0957,2.097,185956.0,0.0,0.0,0
15m,1746524700.0,2.097,2.1085,2.0931,2.1065,142124.07,0.0,0.0,0
15m,1746525600.0,2.1065,2.1073,2.0997,2.1007,162025.61,0.0,0.0,0
15m,1746526500.0,2.1007,2.1053,2.0972,2.0991,171363.88,0.0,0.0,0
15m,1746527400.0,2.0991,2.1033,2.0938,2.0948,133782.88,0.0,0.0,0
15m,1746528300.0,2.0948,2.0961,2.0884,2.0925,871313.96,0.0,0.0,0
15m,1746529200.0,2.0925,2.1008,2.0921,2.0991,614649.02,0.0,0.0,0
15m,1746530100.0,2.0991,2.1045,2.0955,2.0959,345857.8,0.0,0.0,0
15m,1746531000.0,2.0959,2.098,2.0894,2.0948,361680.52,0.0,0.0,0
15m,1746531900.0,2.0948,2.0969,2.0827,2.0901,661558.78,0.0,0.0,0
15m,1746532800.0,2.0901,2.0958,2.0862,2.0922,202216.53,0.0,0.0,0
15m,1746533700.0,2.0922,2.0968,2.0878,2.0907,674791.79,0.0,0.0,0
15m,1746534600.0,2.0907,2.0989,2.0905,2.0982,193924.16,0.0,0.0,0
15m,1746535500.0,2.0982,2.1034,2.0965,2.1015,207374.78,0.0,0.0,0
15m,1746536400.0,2.1015,2.1032,2.0924,2.0933,215742.13,0.0,0.0,0
15m,1746537300.0,2.0933,2.0972,2.0858,2.0859,153009.26,0.0,0.0,0
15m,1746538200.0,2.0859,2.1004,2.0852,2.0988,382213.64,0.0,0.0,0
15m,1746539100.0,2.0988,2.1013,2.0778,2.0856,652161.46,0.0,0.0,0
15m,1746540000.0,2.0856,2.107,2.0855,2.1032,782106.05,0.0,0.0,0
15m,1746540900.0,2.1032,2.1227,2.1032,2.1133,741645.05,0.0,0.0,0
15m,1746541800.0,2.1133,2.1194,2.1083,2.1085,277877.74,0.0,0.0,0
15m,1746542700.0,2.1085,2.1126,2.1033,2.1059,329533.45,0.0,0.0,0
15m,1746543600.0,2.1059,2.1111,2.1019,2.1108,212669.44,0.0,0.0,0
15m,1746544500.0,2.1108,2.1179,2.1063,2.1167,129189.37,0.0,0.0,0
15m,1746545400.0,2.1167,2.1209,2.1133,2.1143,450090.41,0.0,0.0,0
15m,1746546300.0,2.1143,2.1156,2.1075,2.1112,209638.66,0.0,0.0,0
15m,1746547200.0,2.1112,2.1201,2.1039,2.1194,231116.69,0.0,0.0,0
15m,1746548100.0,2.1194,2.1206,2.1123,2.1158,229102.46,0.0,0.0,0
15m,1746549000.0,2.1158,2.1276,2.1148,2.1166,394317.98,0.0,0.0,0
15m,1746549900.0,2.1166,2.119,2.1103,2.1113,312131.73,0.0,0.0,0
15m,1746550800.0,2.1113,2.1252,2.1102,2.1228,739815.86,0.0,0.0,0
15m,1746551700.0,2.1228,2.1275,2.1208,2.1266,309726.87,0.0,0.0,0
15m,1746552600.0,2.1266,2.129,2.1202,2.1207,163920.49,0.0,0.0,0
15m,1746553500.0,2.1207,2.1224,2.1183,2.1213,159089.98,0.0,0.0,0
15m,1746554400.0,2.1213,2.1278,2.1213,2.1271,108497.1,0.0,0.0,0
15m,1746555300.0,2.1271,2.1386,2.1267,2.1379,391046.3,0.0,0.0,0
15m,1746556200.0,2.1379,2.1385,2.1311,2.1322,163509.96,0.0,0.0,0
15m,1746557100.0,2.1322,2.1422,2.1317,2.1416,346998.46,0.0,0.0,0
15m,1746558000.0,2.1416,2.1467,2.1345,2.136,225146.07,0.0,0.0,0
15m,1746558900.0,2.136,2.1468,2.1351,2.1429,163711.36,0.0,0.0,0
15m,1746559800.0,2.1429,2.1459,2.1407,2.1434,82344.22,0.0,0.0,0
15m,1746560700.0,2.1434,2.1444,2.1348,2.1368,146651.85,0.0,0.0,0
15m,1746561600.0,2.1368,2.1407,2.136,2.137,112112.62,0.0,0.0,0
15m,1746562500.0,2.137,2.1377,2.1276,2.1278,266092.95,0.0,0.0,0
15m,1746563400.0,2.1278,2.1297,2.122,2.1248,180131.2,0.0,0.0,0
15m,1746564300.0,2.1248,2.1284,2.1214,2.1274,338410.43,0.0,0.0,0
15m,1746565200.0,2.1274,2.1326,2.1226,2.123,178246.07,0.0,0.0,0
15m,1746566100.0,2.123,2.1254,2.1132,2.1132,129584.83,0.0,0.0,0
15m,1746567000.0,2.1132,2.1227,2.1113,2.121,184848.87,0.0,0.0,0
15m,1746567900.0,2.121,2.1246,2.1175,2.119,156157.68,0.0,0.0,0
15m,1746568800.0,2.119,2.1473,2.1183,2.1391,813370.06,0.0,0.0,0
15m,1746569700.0,2.1391,2.1468,2.1379,2.1463,400805.9,0.0,0.0,0
15m,1746570600.0,2.1463,2.1512,2.1397,2.1462,295331.48,0.0,0.0,0
15m,1746571500.0,2.1462,2.1519,2.1449,2.149,164346.78,0.0,0.0,0
15m,1746572400.0,2.149,2.1509,2.1411,2.1437,214070.87,0.0,0.0,0
15m,1746573300.0,2.1437,2.1531,2.1431,2.1502,233921.36,0.0,0.0,0
15m,1746574200.0,2.1502,2.1566,2.148,2.1566,342206.78,0.0,0.0,0
15m,1746575100.0,2.1566,2.1595,2.1537,2.1547,306580.91,0.0,0.0,0
15m,1746576000.0,2.1547,2.1559,2.1493,2.154,331867.24,0.0,0.0,0
15m,1746576900.0,2.154,2.1701,2.1526,2.1654,426578.77,0.0,0.0,0
15m,1746577800.0,2.1654,2.1682,2.1621,2.1642,215377.42,0.0,0.0,0
15m,1746578700.0,2.1642,2.1685,2.1615,2.167,281867.71,0.0,0.0,0
15m,1746579600.0,2.167,2.1717,2.1607,2.1634,344313.04,0.0,0.0,0
15m,1746580500.0,2.1634,2.1684,2.1608,2.1646,169677.86,0.0,0.0,0
15m,1746581400.0,2.1646,2.1646,2.1588,2.1599,508274.84,0.0,0.0,0
15m,1746582300.0,2.1599,2.1622,2.1565,2.1581,328999.7,0.0,0.0,0
15m,1746583200.0,2.1581,2.1592,2.1507,2.1527,288397.05,0.0,0.0,0
15m,1746584100.0,2.1527,2.1533,2.148,2.1484,180534.53,0.0,0.0,0
15m,1746585000.0,2.1484,2.1487,2.1453,2.1457,178536.05,0.0,0.0,0
15m,1746585900.0,2.1457,2.1482,2.1429,2.1476,153081.69,0.0,0.0,0
15m,1746586800.0,2.1476,2.1486,2.143,2.1432,168635.63,0.0,0.0,0
15m,1746587700.0,2.1432,2.1443,2.1381,2.1438,337790.61,0.0,0.0,0
15m,1746588600.0,2.1438,2.147,2.143,2.147,94561.5,0.0,0.0,0
15m,1746589500.0,2.147,2.1492,2.1442,2.1476,177890.21,0.0,0.0,0
15m,1746590400.0,2.1476,2.1544,2.1476,2.1544,233072.77,0.0,0.0,0
15m,1746591300.0,2.1544,2.1546,2.1491,2.1495,130842.14,0.0,0.0,0
15m,1746592200.0,2.1495,2.1496,2.1463,2.1468,103058.28,0.0,0.0,0
15m,1746593100.0,2.1468,2.1472,2.1433,2.1467,188671.62,0.0,0.0,0
15m,1746594000.0,2.1467,2.1467,2.1433,2.1434,132513.68,0.0,0.0,0
15m,1746594900.0,2.1434,2.1458,2.1388,2.139,181863.5,0.0,0.0,0
15m,1746595800.0,2.139,2.1429,2.1353,2.1366,372362.32,0.0,0.0,0
15m,1746596700.0,2.1366,2.1389,2.1314,2.1334,447885.24,0.0,0.0,0
15m,1746597600.0,2.1334,2.1391,2.133,2.1385,308504.58,0.0,0.0,0
15m,1746598500.0,2.1385,2.1386,2.1329,2.1344,120108.5,0.0,0.0,0
15m,1746599400.0,2.1344,2.1347,2.1305,2.1313,285899.5,0.0,0.0,0
15m,1746600300.0,2.1313,2.1332,2.1286,2.1327,183472.13,0.0,0.0,0
15m,1746601200.0,2.1327,2.1378,2.1307,2.133,234163.9,0.0,0.0,0
15m,1746602100.0,2.133,2.139,2.1318,2.1374,223162.46,0.0,0.0,0
15m,1746603000.0,2.1374,2.1407,2.1361,2.1403,147904.64,0.0,0.0,0
15m,1746603900.0,2.1403,2.1421,2.139,2.1416,86700.6,0.0,0.0,0
15m,1746604800.0,2.1416,2.1421,2.1372,2.1381,158347.86,0.0,0.0,0
15m,1746605700.0,2.1381,2.1403,2.1369,2.1391,93114.42,0.0,0.0,0
15m,1746606600.0,2.1391,2.1477,2.1383,2.1458,427335.71,0.0,0.0,0
15m,1746607500.0,2.1458,2.1496,2.1458,2.1482,199749.56,0.0,0.0,0
15m,1746608400.0,2.1482,2.1518,2.146,2.1463,249576.1,0.0,0.0,0
15m,1746609300.0,2.1463,2.1468,2.143,2.1437,85844.95,0.0,0.0,0
15m,1746610200.0,2.1437,2.1461,2.1414,2.1456,154934.4,0.0,0.0,0
15m,1746611100.0,2.1456,2.1486,2.1447,2.145,251083.37,0.0,0.0,0
15m,1746612000.0,2.145,2.1457,2.1402,2.142,264301.53,0.0,0.0,0
15m,1746612900.0,2.142,2.1422,2.1376,2.1382,159225.85,0.0,0.0,0
15m,1746613800.0,2.1382,2.1436,2.1362,2.1436,179209.8,0.0,0.0,0
15m,1746614700.0,2.1436,2.1448,2.1404,2.1429,157850.56,0.0,0.0,0
15m,1746615600.0,2.1429,2.1436,2.1397,2.1405,108199.0,0.0,0.0,0
15m,1746616500.0,2.1405,2.141,2.1382,2.1385,84169.74,0.0,0.0,0
15m,1746617400.0,2.1385,2.1424,2.1382,2.1418,96020.82,0.0,0.0,0
15m,1746618300.0,2.1418,2.1431,2.1402,2.1431,119950.56,0.0,0.0,0
15m,1746619200.0,2.1431,2.144,2.1372,2.1372,114188.25,0.0,0.0,0
15m,1746620100.0,2.1372,2.1419,2.1358,2.1384,216664.86,0.0,0.0,0
15m,1746621000.0,2.1384,2.1386,2.131,2.1321,199016.57,0.0,0.0,0
15m,1746621900.0,2.1321,2.1347,2.1306,2.1342,123932.14,0.0,0.0,0
15m,1746622800.0,2.1342,2.1342,2.1275,2.1275,227022.74,0.0,0.0,0
15m,1746623700.0,2.1275,2.1292,2.1252,2.1262,231726.59,0.0,0.0,0
15m,1746624600.0,2.1262,2.1395,2.1259,2.1386,308068.69,0.0,0.0,0
15m,1746625500.0,2.1386,2.1386,2.1295,2.1353,337964.29,0.0,0.0,0
15m,1746626400.0,2.1353,2.1425,2.1338,2.1413,239436.46,0.0,0.0,0
15m,1746627300.0,2.1413,2.1448,2.139,2.1441,361920.9,0.0,0.0,0
15m,1746628200.0,2.1441,2.145,2.1362,2.1369,225179.16,0.0,0.0,0
15m,1746629100.0,2.1369,2.1369,2.1217,2.1287,289876.42,0.0,0.0,0
15m,1746630000.0,2.1287,2.1293,2.1217,2.1241,324756.09,0.0,0.0,0
15m,1746630900.0,2.1241,2.1303,2.1235,2.1289,195000.84,0.0,0.0,0
15m,1746631800.0,2.1289,2.1332,2.1261,2.132,232327.92,0.0,0.0,0
15m,1746632700.0,2.132,2.1322,2.1243,2.1268,144451.28,0.0,0.0,0
15m,1746633600.0,2.1268,2.1275,2.1197,2.1217,391358.96,0.0,0.0,0
15m,1746634500.0,2.1217,2.1218,2.1132,2.1135,214829.14,0.0,0.0,0
15m,1746635400.0,2.1135,2.1204,2.1127,2.1204,388762.62,0.0,0.0,0
15m,1746636300.0,2.1204,2.1251,2.119,2.1232,196889.97,0.0,0.0,0
15m,1746637200.0,2.1232,2.1242,2.119,2.1225,105377.13,0.0,0.0,0
15m,1746638100.0,2.1225,2.126,2.1188,2.1208,176025.23,0.0,0.0,0
15m,1746639000.0,2.1208,2.1239,2.1184,2.1203,149544.63,0.0,0.0,0
15m,1746639900.0,2.1203,2.1249,2.1091,2.1145,619061.8,0.0,0.0,0
15m,1746640800.0,2.1145,2.1273,2.1057,2.1123,1267247.02,0.0,0.0,0
15m,1746641700.0,2.1123,2.127,2.109,2.1231,342712.51,0.0,0.0,0
15m,1746642600.0,2.1231,2.1345,2.1166,2.1176,528195.06,0.0,0.0,0
15m,1746643500.0,2.1176,2.1246,2.104,2.1236,536087.79,0.0,0.0,0
15m,1746644400.0,2.1236,2.1241,2.1151,2.1175,173564.07,0.0,0.0,0
15m,1746645300.0,2.1175,2.1238,2.1076,2.1101,426213.4,0.0,0.0,0
15m,1746646200.0,2.1101,2.1245,2.1057,2.121,395103.98,0.0,0.0,0
15m,1746647100.0,2.121,2.1227,2.1103,2.1124,193402.18,0.0,0.0,0
15m,1746648000.0,2.1124,2.1186,2.1101,2.1178,144325.53,0.0,0.0,0
15m,1746648900.0,2.1178,2.1191,2.109,2.1111,141024.68,0.0,0.0,0
15m,1746649800.0,2.1111,2.1128,2.1072,2.1101,136653.23,0.0,0.0,0
15m,1746650700.0,2.1101,2.1171,2.1084,2.1171,106251.25,0.0,0.0,0
15m,1746651600.0,2.1171,2.1223,2.1171,2.1184,180033.62,0.0,0.0,0
15m,1746652500.0,2.1184,2.1314,2.1184,2.1307,164502.54,0.0,0.0,0
15m,1746653400.0,2.1307,2.1346,2.124,2.1307,224898.67,0.0,0.0,0
15m,1746654300.0,2.1307,2.1342,2.127,2.1302,209287.51,0.0,0.0,0
15m,1746655200.0,2.1302,2.137,2.1277,2.1342,374209.78,0.0,0.0,0
15m,1746656100.0,2.1342,2.1343,2.1294,2.1294,158145.09,0.0,0.0,0
15m,1746657000.0,2.1294,2.1333,2.1293,2.1308,122746.5,0.0,0.0,0
15m,1746657900.0,2.1308,2.1308,2.127,2.1275,202873.46,0.0,0.0,0
15m,1746658800.0,2.1275,2.1361,2.1263,2.1352,180136.89,0.0,0.0,0
15m,1746659700.0,2.1352,2.1355,2.1297,2.1307,143625.92,0.0,0.0,0
15m,1746660600.0,2.1307,2.1315,2.1257,2.1279,120796.99,0.0,0.0,0
15m,1746661500.0,2.1279,2.1286,2.1242,2.1265,105567.87,0.0,0.0,0
15m,1746662400.0,2.1265,2.1277,2.1222,2.1242,145924.53,0.0,0.0,0
15m,1746663300.0,2.1242,2.1296,2.1238,2.1285,218463.01,0.0,0.0,0
15m,1746664200.0,2.1285,2.1292,2.1185,2.1188,211427.22,0.0,0.0,0
15m,1746665100.0,2.1188,2.1366,2.1178,2.1354,237296.38,0.0,0.0,0
15m,1746666000.0,2.1354,2.1479,2.1341,2.137,429970.59,0.0,0.0,0
15m,1746666900.0,2.137,2.1462,2.1311,2.1446,251138.81,0.0,0.0,0
15m,1746667800.0,2.1446,2.1452,2.1388,2.1394,264371.17,0.0,0.0,0
15m,1746668700.0,2.1394,2.1434,2.1357,2.1381,287597.92,0.0,0.0,0
15m,1746669600.0,2.1381,2.1476,2.1381,2.1459,329033.54,0.0,0.0,0
15m,1746670500.0,2.1459,2.1636,2.1447,2.1614,852858.62,0.0,0.0,0
15m,1746671400.0,2.1614,2.1688,2.1605,2.1646,902840.4,0.0,0.0,0
15m,1746672300.0,2.1646,2.1711,2.1645,2.1704,711267.37,0.0,0.0,0
15m,1746673200.0,2.1704,2.1744,2.1663,2.17,655651.63,0.0,0.0,0
15m,1746674100.0,2.17,2.1769,2.1681,2.1744,643592.03,0.0,0.0,0
15m,1746675000.0,2.1744,2.18,2.1684,2.1799,418846.25,0.0,0.0,0
15m,1746675900.0,2.1799,2.1856,2.1741,2.1856,585487.92,0.0,0.0,0
15m,1746676800.0,2.1856,2.2065,2.1855,2.1983,1098969.65,0.0,0.0,0
15m,1746677700.0,2.1983,2.2045,2.1918,2.1975,646579.54,0.0,0.0,0
15m,1746678600.0,2.1975,2.1975,2.1877,2.1879,883233.56,0.0,0.0,0
15m,1746679500.0,2.1879,2.1906,2.1818,2.1826,547697.44,0.0,0.0,0
15m,1746680400.0,2.1826,2.1909,2.1824,2.1869,467252.66,0.0,0.0,0
15m,1746681300.0,2.1869,2.1875,2.18,2.1814,516518.59,0.0,0.0,0
15m,1746682200.0,2.1814,2.1825,2.1762,2.1774,304348.82,0.0,0.0,0
15m,1746683100.0,2.1774,2.1792,2.1736,2.175,311443.46,0.0,0.0,0
15m,1746684000.0,2.175,2.1813,2.173,2.1769,732999.09,0.0,0.0,0
15m,1746684900.0,2.1769,2.1782,2.1726,2.1732,216838.88,0.0,0.0,0
15m,1746685800.0,2.1732,2.1746,2.1691,2.1706,572275.55,0.0,0.0,0
15m,1746686700.0,2.1706,2.1767,2.1683,2.1766,355162.83,0.0,0.0,0
15m,1746687600.0,2.1766,2.184,2.1765,2.1825,355548.01,0.0,0.0,0
15m,1746688500.0,2.1825,2.1919,2.1814,2.1908,316790.0,0.0,0.0,0
15m,1746689400.0,2.1908,2.1982,2.1872,2.1949,810511.92,0.0,0.0,0
15m,1746690300.0,2.1949,2.195,2.1863,2.1888,304149.91,0.0,0.0,0
15m,1746691200.0,2.1888,2.1969,2.188,2.193,368021.18,0.0,0.0,0
15m,1746692100.0,2.193,2.2098,2.1928,2.2085,2971678.36,0.0,0.0,0
15m,1746693000.0,2.2085,2.2091,2.2023,2.2084,366461.82,0.0,0.0,0
15m,1746693900.0,2.2084,2.2202,2.2076,2.2117,790188.47,0.0,0.0,0
15m,1746694800.0,2.2117,2.2155,2.2077,2.2077,531249.26,0.0,0.0,0
15m,1746695700.0,2.2077,2.2107,2.2034,2.2054,421535.94,0.0,0.0,0
15m,1746696600.0,2.2054,2.2081,2.2015,2.2071,311480.49,0.0,0.0,0
15m,1746697500.0,2.2071,2.212,2.2069,2.2102,487447.3,0.0,0.0,0
15m,1746698400.0,2.2102,2.2174,2.2092,2.2123,444712.82,0.0,0.0,0
15m,1746699300.0,2.2123,2.2157,2.208,2.2109,214499.65,0.0,0.0,0
15m,1746700200.0,2.2109,2.2133,2.2062,2.2087,322523.7,0.0,0.0,0
15m,1746701100.0,2.2087,2.2169,2.2086,2.2152,377628.02,0.0,0.0,0
15m,1746702000.0,2.2152,2.2153,2.2079,2.2086,451760.65,0.0,0.0,0
15m,1746702900.0,2.2086,2.2101,2.2044,2.2062,256104.62,0.0,0.0,0
15m,1746703800.0,2.2062,2.2072,2.2033,2.2054,297292.44,0.0,0.0,0
15m,1746704700.0,2.2054,2.2099,2.2048,2.2084,183722.17,0.0,0.0,0
15m,1746705600.0,2.2084,2.2181,2.2084,2.213,435884.03,0.0,0.0,0
15m,1746706500.0,2.213,2.2215,2.2129,2.2165,289709.42,0.0,0.0,0
15m,1746707400.0,2.2165,2.22,2.2057,2.2084,447200.01,0.0,0.0,0
15m,1746708300.0,2.2084,2.2147,2.2065,2.2083,386328.33,0.0,0.0,0
15m,1746709200.0,2.2083,2.2133,2.2077,2.2107,433170.46,0.0,0.0,0
15m,1746710100.0,2.2107,2.2149,2.2105,2.2138,396323.18,0.0,0.0,0
15m,1746711000.0,2.2138,2.2187,2.2083,2.2103,379293.75,0.0,0.0,0
15m,1746711900.0,2.2103,2.2129,2.2029,2.209,431302.5,0.0,0.0,0
15m,1746712800.0,2.209,2.2137,2.203,2.2035,292844.64,0.0,0.0,0
15m,1746713700.0,2.2035,2.2126,2.2035,2.2119,209788.7,0.0,0.0,0
15m,1746714600.0,2.2119,2.2196,2.2107,2.2137,324238.62,0.0,0.0,0
15m,1746715500.0,2.2137,2.2402,2.2117,2.223,3508375.84,0.0,0.0,0
15m,1746716400.0,2.223,2.2376,2.2228,2.2372,3374251.89,0.0,0.0,0
15m,1746717300.0,2.2372,2.2672,2.2329,2.2535,2736594.76,0.0,0.0,0
15m,1746718200.0,2.2535,2.2752,2.2445,2.2663,2452072.22,0.0,0.0,0
15m,1746719100.0,2.2663,2.28,2.2425,2.2437,2947714.52,0.0,0.0,0
15m,1746720000.0,2.2437,2.2533,2.2368,2.2512,1455676.78,0.0,0.0,0
15m,1746720900.0,2.2512,2.2554,2.2403,2.2409,771496.44,0.0,0.0,0
15m,1746721800.0,2.2409,2.2485,2.2361,2.2455,923959.34,0.0,0.0,0
15m,1746722700.0,2.2455,2.262,2.2435,2.2523,1398073.13,0.0,0.0,0
15m,1746723600.0,2.2523,2.2528,2.2412,2.2423,1060465.11,0.0,0.0,0
15m,1746724500.0,2.2423,2.252,2.2423,2.2474,1005489.22,0.0,0.0,0
15m,1746725400.0,2.2474,2.2491,2.2337,2.2364,1229350.56,0.0,0.0,0
15m,1746726300.0,2.2364,2.2383,2.2274,2.2332,939580.32,0.0,0.0,0
15m,1746727200.0,2.2332,2.2403,2.2327,2.2383,704827.08,0.0,0.0,0
15m,1746728100.0,2.2383,2.2449,2.2374,2.2397,530734.02,0.0,0.0,0
15m,1746729000.0,2.2397,2.2479,2.2389,2.2463,287741.39,0.0,0.0,0
15m,1746729900.0,2.2463,2.2535,2.2454,2.2488,385921.28,0.0,0.0,0
15m,1746730800.0,2.2488,2.2506,2.242,2.2437,262332.83,0.0,0.0,0
15m,1746731700.0,2.2437,2.2588,2.242,2.2512,1162889.38,0.0,0.0,0
15m,1746732600.0,2.2512,2.2574,2.2471,2.2525,458429.37,0.0,0.0,0
15m,1746733500.0,2.2525,2.275,2.2515,2.2738,1557896.02,0.0,0.0,0
15m,1746734400.0,2.2738,2.2779,2.26,2.2602,780574.42,0.0,0.0,0
15m,1746735300.0,2.2602,2.2746,2.2586,2.2739,764048.76,0.0,0.0,0
15m,1746736200.0,2.2739,2.2891,2.2737,2.2874,1177811.0,0.0,0.0,0
15m,1746737100.0,2.2874,2.3196,2.285,2.313,2409535.4,0.0,0.0,0
15m,1746738000.0,2.313,2.3173,2.289,2.3038,2434884.44,0.0,0.0,0
15m,1746738900.0,2.3038,2.33,2.3035,2.3087,2030335.31,0.0,0.0,0
15m,1746739800.0,2.3087,2.3212,2.2963,2.2988,1713779.32,0.0,0.0,0
15m,1746740700.0,2.2988,2.3121,2.2925,2.3029,1614292.85,0.0,0.0,0
15m,1746741600.0,2.3029,2.3075,2.291,2.295,1399461.37,0.0,0.0,0
15m,1746742500.0,2.295,2.3037,2.2899,2.2925,996814.78,0.0,0.0,0
15m,1746743400.0,2.2925,2.3006,2.2814,2.3004,1156812.02,0.0,0.0,0
15m,1746744300.0,2.3004,2.3021,2.2911,2.295,622728.44,0.0,0.0,0
15m,1746745200.0,2.295,2.3014,2.2891,2.3006,613954.43,0.0,0.0,0
15m,1746746100.0,2.3006,2.3111,2.2988,2.3097,668649.99,0.0,0.0,0
15m,1746747000.0,2.3097,2.3217,2.3077,2.3213,1246566.22,0.0,0.0,0
15m,1746747900.0,2.3213,2.3289,2.3161,2.3276,1079047.56,0.0,0.0,0
15m,1746748800.0,2.3276,2.3333,2.3109,2.3133,1851280.48,0.0,0.0,0
15m,1746749700.0,2.3133,2.3171,2.3042,2.3053,1067503.91,0.0,0.0,0
15m,1746750600.0,2.3053,2.3133,2.3026,2.3132,1061014.55,0.0,0.0,0
15m,1746751500.0,2.3132,2.3223,2.312,2.3178,861421.22,0.0,0.0,0
15m,1746752400.0,2.3178,2.3219,2.312,2.3202,691353.02,0.0,0.0,0
15m,1746753300.0,2.3202,2.3294,2.308,2.313,840545.32,0.0,0.0,0
15m,1746754200.0,2.313,2.3149,2.3022,2.3082,660396.41,0.0,0.0,0
15m,1746755100.0,2.3082,2.3186,2.3027,2.3182,399221.48,0.0,0.0,0
15m,1746756000.0,2.3182,2.3204,2.307,2.3092,408915.84,0.0,0.0,0
15m,1746756900.0,2.3092,2.3152,2.3026,2.3036,540057.18,0.0,0.0,0
15m,1746757800.0,2.3036,2.3087,2.3026,2.3054,333692.26,0.0,0.0,0
15m,1746758700.0,2.3054,2.3125,2.304,2.3093,327902.08,0.0,0.0,0
15m,1746759600.0,2.3093,2.3264,2.3085,2.3229,889169.84,0.0,0.0,0
15m,1746760500.0,2.3229,2.3308,2.3162,2.327,570715.57,0.0,0.0,0
15m,1746761400.0,2.327,2.3271,2.3089,2.31,651577.39,0.0,0.0,0
15m,1746762300.0,2.31,2.3185,2.2925,2.2947,892039.04,0.0,0.0,0
15m,1746763200.0,2.2947,2.3084,2.2929,2.3069,680210.12,0.0,0.0,0
15m,1746764100.0,2.3069,2.3105,2.3026,2.3072,454717.56,0.0,0.0,0
15m,1746765000.0,2.3072,2.3075,2.2957,2.3022,531424.79,0.0,0.0,0
15m,1746765900.0,2.3022,2.3035,2.2975,2.3018,485154.1,0.0,0.0,0
15m,1746766800.0,2.3018,2.3036,2.2863,2.2959,1048425.74,0.0,0.0,0
15m,1746767700.0,2.2959,2.299,2.2878,2.2922,431625.98,0.0,0.0,0
15m,1746768600.0,2.2922,2.2985,2.2903,2.292,621909.04,0.0,0.0,0
15m,1746769500.0,2.292,2.2966,2.2887,2.2966,215255.92,0.0,0.0,0
15m,1746770400.0,2.2966,2.3009,2.294,2.2957,280081.43,0.0,0.0,0
15m,1746771300.0,2.2957,2.3106,2.2957,2.3082,506360.22,0.0,0.0,0
15m,1746772200.0,2.3082,2.311,2.3031,2.307,344661.93,0.0,0.0,0
15m,1746773100.0,2.307,2.3139,2.3053,2.3117,545753.25,0.0,0.0,0
15m,1746774000.0,2.3117,2.327,2.3099,2.3267,822141.19,0.0,0.0,0
15m,1746774900.0,2.3267,2.3477,2.3232,2.3469,1577977.95,0.0,0.0,0
15m,1746775800.0,2.3469,2.3548,2.334,2.3444,1345318.7,0.0,0.0,0
15m,1746776700.0,2.3444,2.3571,2.3317,2.3385,1688641.35,0.0,0.0,0
15m,1746777600.0,2.3385,2.3512,2.3359,2.3504,1254743.74,0.0,0.0,0
15m,1746778500.0,2.3504,2.4253,2.349,2.4078,4589692.24,0.0,0.0,0
15m,1746779400.0,2.4078,2.4279,2.3354,2.3455,4767049.12,0.0,0.0,0
15m,1746780300.0,2.3455,2.3817,2.3434,2.3679,1785929.58,0.0,0.0,0
15m,1746781200.0,2.3679,2.3907,2.339,2.3531,2079681.3,0.0,0.0,0
15m,1746782100.0,2.3531,2.3632,2.3346,2.3448,1011812.57,0.0,0.0,0
15m,1746783000.0,2.3448,2.3674,2.3431,2.3595,744073.24,0.0,0.0,0
15m,1746783900.0,2.3595,2.3651,2.3458,2.3575,710803.78,0.0,0.0,0
15m,1746784800.0,2.3575,2.375,2.352,2.371,983003.63,0.0,0.0,0
15m,1746785700.0,2.371,2.3728,2.3592,2.3709,735523.23,0.0,0.0,0
15m,1746786600.0,2.3709,2.4005,2.3682,2.3996,1282441.59,0.0,0.0,0
15m,1746787500.0,2.3996,2.415,2.3966,2.4048,2001528.7,0.0,0.0,0
15m,1746788400.0,2.4048,2.4243,2.3867,2.409,1761591.48,0.0,0.0,0
15m,1746789300.0,2.409,2.4294,2.3777,2.3981,3331628.95,0.0,0.0,0
15m,1746790200.0,2.3981,2.4098,2.3852,2.4069,850452.67,0.0,0.0,0
15m,1746791100.0,2.4069,2.4107,2.3923,2.3949,451648.56,0.0,0.0,0
15m,1746792000.0,2.3949,2.3984,2.3728,2.3791,825921.0,0.0,0.0,0
15m,1746792900.0,2.3791,2.3973,2.3751,2.3905,458577.76,0.0,0.0,0
15m,1746793800.0,2.3905,2.3969,2.3811,2.3821,445834.45,0.0,0.0,0
15m,1746794700.0,2.3821,2.3914,2.3809,2.3823,574292.91,0.0,0.0,0
15m,1746795600.0,2.3823,2.3948,2.3803,2.3919,454378.49,0.0,0.0,0
15m,1746796500.0,2.3919,2.3952,2.3722,2.379,542890.49,0.0,0.0,0
15m,1746797400.0,2.379,2.3965,2.3684,2.3932,925180.24,0.0,0.0,0
15m,1746798300.0,2.3932,2.4066,2.386,2.39,1191309.18,0.0,0.0,0
15m,1746799200.0,2.39,2.3903,2.3768,2.3903,694911.24,0.0,0.0,0
15m,1746800100.0,2.3903,2.3935,2.3535,2.3538,1047853.1,0.0,0.0,0
15m,1746801000.0,2.3538,2.3674,2.335,2.3547,1169255.73,0.0,0.0,0
15m,1746801900.0,2.3547,2.3579,2.338,2.355,621862.85,0.0,0.0,0
15m,1746802800.0,2.355,2.3603,2.3498,2.3589,443253.11,0.0,0.0,0
15m,1746803700.0,2.3589,2.3619,2.3361,2.3454,498185.04,0.0,0.0,0
15m,1746804600.0,2.3454,2.3486,2.3333,2.3455,466874.67,0.0,0.0,0
15m,1746805500.0,2.3455,2.3515,2.3312,2.3499,748490.75,0.0,0.0,0
15m,1746806400.0,2.3499,2.3507,2.3248,2.3383,558112.18,0.0,0.0,0
15m,1746807300.0,2.3383,2.3461,2.3318,2.3415,360939.13,0.0,0.0,0
15m,1746808200.0,2.3415,2.3468,2.3372,2.3423,480363.78,0.0,0.0,0
15m,1746809100.0,2.3423,2.3456,2.3222,2.3271,583334.86,0.0,0.0,0
15m,1746810000.0,2.3271,2.3426,2.3236,2.3386,657676.63,0.0,0.0,0
15m,1746810900.0,2.3386,2.3555,2.3384,2.3552,843644.98,0.0,0.0,0
15m,1746811800.0,2.3552,2.3617,2.3512,2.3592,325097.67,0.0,0.0,0
15m,1746812700.0,2.3592,2.3677,2.3589,2.364,683693.14,0.0,0.0,0
15m,1746813600.0,2.364,2.3648,2.3508,2.3534,522630.0,0.0,0.0,0
15m,1746814500.0,2.3534,2.3578,2.3468,2.3531,343915.57,0.0,0.0,0
15m,1746815400.0,2.3531,2.3611,2.3525,2.3592,303592.08,0.0,0.0,0
15m,1746816300.0,2.3592,2.3668,2.3576,2.3598,180028.05,0.0,0.0,0
15m,1746817200.0,2.3598,2.3613,2.3563,2.3566,175436.15,0.0,0.0,0
15m,1746818100.0,2.3566,2.3572,2.3426,2.3512,321842.86,0.0,0.0,0
15m,1746819000.0,2.3512,2.3544,2.3485,2.3523,202708.08,0.0,0.0,0
15m,1746819900.0,2.3523,2.359,2.3459,2.3583,793488.99,0.0,0.0,0
15m,1746820800.0,2.3583,2.3612,2.3551,2.3565,270209.81,0.0,0.0,0
15m,1746821700.0,2.3565,2.3616,2.3565,2.3613,176999.76,0.0,0.0,0
15m,1746822600.0,2.3613,2.3615,2.3513,2.3532,165797.09,0.0,0.0,0
15m,1746823500.0,2.3532,2.3594,2.3483,2.3593,173428.77,0.0,0.0,0
15m,1746824400.0,2.3593,2.3629,2.356,2.3599,188000.96,0.0,0.0,0
15m,1746825300.0,2.3599,2.3617,2.3421,2.3533,271267.06,0.0,0.0,0
15m,1746826200.0,2.3533,2.3575,2.3458,2.3458,89227.13,0.0,0.0,0
15m,1746827100.0,2.3458,2.3523,2.3453,2.3502,67988.42,0.0,0.0,0
15m,1746828000.0,2.3502,2.3543,2.3477,2.3502,73110.73,0.0,0.0,0
15m,1746828900.0,2.3502,2.3525,2.345,2.3525,78885.35,0.0,0.0,0
15m,1746829800.0,2.3525,2.3544,2.3454,2.3477,70747.47,0.0,0.0,0
15m,1746830700.0,2.3477,2.3498,2.3392,2.3397,116209.5,0.0,0.0,0
15m,1746831600.0,2.3397,2.3413,2.3315,2.34,219651.09,0.0,0.0,0
15m,1746832500.0,2.34,2.3474,2.3395,2.3459,68718.47,0.0,0.0,0
15m,1746833400.0,2.3459,2.3471,2.339,2.3401,89923.49,0.0,0.0,0
15m,1746834300.0,2.3401,2.347,2.3398,2.3439,119454.3,0.0,0.0,0
15m,1746835200.0,2.3439,2.3605,2.3436,2.3601,585798.92,0.0,0.0,0
15m,1746836100.0,2.3601,2.3744,2.3595,2.3632,766032.98,0.0,0.0,0
15m,1746837000.0,2.3632,2.3637,2.3502,2.358,288547.89,0.0,0.0,0
15m,1746837900.0,2.358,2.358,2.3361,2.3406,316158.21,0.0,0.0,0
15m,1746838800.0,2.3406,2.3539,2.3404,2.3525,275152.11,0.0,0.0,0
15m,1746839700.0,2.3525,2.363,2.3515,2.3611,387213.19,0.0,0.0,0
15m,1746840600.0,2.3611,2.3628,2.3561,2.3565,172765.21,0.0,0.0,0
15m,1746841500.0,2.3565,2.3603,2.3432,2.3491,362304.02,0.0,0.0,0
15m,1746842400.0,2.3491,2.3567,2.345,2.3562,205522.43,0.0,0.0,0
15m,1746843300.0,2.3562,2.3614,2.3489,2.3608,151071.43,0.0,0.0,0
15m,1746844200.0,2.3608,2.3795,2.359,2.3725,682628.74,0.0,0.0,0
15m,1746845100.0,2.3725,2.3744,2.3665,2.3718,347697.12,0.0,0.0,0
15m,1746846000.0,2.3718,2.3746,2.3645,2.3655,469383.66,0.0,0.0,0
15m,1746846900.0,2.3655,2.368,2.3617,2.3648,149306.85,0.0,0.0,0
15m,1746847800.0,2.3648,2.3651,2.3592,2.3637,175834.59,0.0,0.0,0
15m,1746848700.0,2.3637,2.3714,2.3632,2.367,144735.18,0.0,0.0,0
15m,1746849600.0,2.367,2.3673,2.3518,2.3579,205769.66,0.0,0.0,0
15m,1746850500.0,2.3579,2.3649,2.3521,2.3597,126919.16,0.0,0.0,0
15m,1746851400.0,2.3597,2.3615,2.3561,2.3599,113872.33,0.0,0.0,0
15m,1746852300.0,2.3599,2.3662,2.3583,2.3656,130668.32,0.0,0.0,0
15m,1746853200.0,2.3656,2.367,2.3582,2.359,78897.33,0.0,0.0,0
15m,1746854100.0,2.359,2.3628,2.3548,2.3559,211060.64,0.0,0.0,0
15m,1746855000.0,2.3559,2.362,2.3526,2.361,188511.79,0.0,0.0,0
15m,1746855900.0,2.361,2.3732,2.3577,2.3724,340683.33,0.0,0.0,0
15m,1746856800.0,2.3724,2.384,2.3723,2.3771,634860.09,0.0,0.0,0
15m,1746857700.0,2.3771,2.3907,2.3746,2.3872,645021.72,0.0,0.0,0
15m,1746858600.0,2.3872,2.3885,2.379,2.3806,527411.11,0.0,0.0,0
15m,1746859500.0,2.3806,2.3944,2.3768,2.394,441699.25,0.0,0.0,0
15m,1746860400.0,2.394,2.3947,2.382,2.3841,405628.23,0.0,0.0,0
15m,1746861300.0,2.3841,2.3895,2.3752,2.3777,344812.49,0.0,0.0,0
15m,1746862200.0,2.3777,2.3838,2.3754,2.3779,261840.18,0.0,0.0,0
15m,1746863100.0,2.3779,2.3961,2.3762,2.3896,499268.04,0.0,0.0,0
15m,1746864000.0,2.3896,2.4011,2.3881,2.396,595995.85,0.0,0.0,0
15m,1746864900.0,2.396,2.4046,2.3921,2.4016,553029.5,0.0,0.0,0
15m,1746865800.0,2.4016,2.4016,2.3908,2.3935,310945.0,0.0,0.0,0
15m,1746866700.0,2.3935,2.3955,2.3719,2.3808,490217.32,0.0,0.0,0
15m,1746867600.0,2.3808,2.382,2.3682,2.3746,195605.61,0.0,0.0,0
15m,1746868500.0,2.3746,2.3824,2.3732,2.3794,241380.17,0.0,0.0,0
15m,1746869400.0,2.3794,2.3933,2.3768,2.3893,241024.35,0.0,0.0,0
15m,1746870300.0,2.3893,2.3947,2.3881,2.3898,275683.44,0.0,0.0,0
15m,1746871200.0,2.3898,2.4384,2.3879,2.4162,2132415.19,0.0,0.0,0
15m,1746872100.0,2.4162,2.4289,2.4054,2.4063,1129158.27,0.0,0.0,0
15m,1746873000.0,2.4063,2.4187,2.4044,2.411,620548.54,0.0,0.0,0
15m,1746873900.0,2.411,2.4223,2.3915,2.3922,639151.88,0.0,0.0,0
15m,1746874800.0,2.3922,2.408,2.3874,2.402,516619.84,0.0,0.0,0
15m,1746875700.0,2.402,2.4035,2.3813,2.3855,735573.05,0.0,0.0,0
15m,1746876600.0,2.3855,2.3859,2.37,2.3738,531301.02,0.0,0.0,0
15m,1746877500.0,2.3738,2.3825,2.3738,2.3799,387754.38,0.0,0.0,0
15m,1746878400.0,2.3799,2.3948,2.3799,2.3934,316147.15,0.0,0.0,0
15m,1746879300.0,2.3934,2.4035,2.3884,2.4014,376155.39,0.0,0.0,0
15m,1746880200.0,2.4014,2.4038,2.3911,2.3922,446880.32,0.0,0.0,0
15m,1746881100.0,2.3922,2.4039,2.3906,2.3997,292041.97,0.0,0.0,0
15m,1746882000.0,2.3997,2.4066,2.3991,2.4038,386135.37,0.0,0.0,0
15m,1746882900.0,2.4038,2.4127,2.398,2.412,387272.47,0.0,0.0,0
15m,1746883800.0,2.412,2.4136,2.4041,2.4095,271623.55,0.0,0.0,0
15m,1746884700.0,2.4095,2.4138,2.4063,2.4084,371568.11,0.0,0.0,0
15m,1746885600.0,2.4084,2.4205,2.4047,2.4168,668649.52,0.0,0.0,0
15m,1746886500.0,2.4168,2.4179,2.403,2.4071,282419.13,0.0,0.0,0
15m,1746887400.0,2.4071,2.4095,2.4016,2.4049,278498.78,0.0,0.0,0
15m,1746888300.0,2.4049,2.4129,2.4041,2.4128,364297.69,0.0,0.0,0
15m,1746889200.0,2.4128,2.4147,2.4017,2.4038,272610.54,0.0,0.0,0
15m,1746890100.0,2.4038,2.4061,2.3945,2.4022,289508.56,0.0,0.0,0
15m,1746891000.0,2.4022,2.4058,2.3919,2.3983,301088.12,0.0,0.0,0
15m,1746891900.0,2.3983,2.4023,2.3953,2.3976,269240.46,0.0,0.0,0
15m,1746892800.0,2.3976,2.4043,2.3947,2.4017,210038.19,0.0,0.0,0
15m,1746893700.0,2.4017,2.4204,2.4013,2.4135,1068061.86,0.0,0.0,0
15m,1746894600.0,2.4135,2.4225,2.4081,2.4169,374040.65,0.0,0.0,0
15m,1746895500.0,2.4169,2.4248,2.4163,2.4218,445066.24,0.0,0.0,0
15m,1746896400.0,2.4218,2.4363,2.4201,2.4271,976890.98,0.0,0.0,0
15m,1746897300.0,2.4271,2.4436,2.4249,2.4377,1122272.36,0.0,0.0,0
15m,1746898200.0,2.4377,2.4498,2.4319,2.4346,1097672.13,0.0,0.0,0
15m,1746899100.0,2.4346,2.4413,2.4123,2.4203,1278536.23,0.0,0.0,0
15m,1746900000.0,2.4203,2.4389,2.4181,2.4389,351625.85,0.0,0.0,0
15m,1746900900.0,2.4389,2.4405,2.4212,2.4252,392409.48,0.0,0.0,0
15m,1746901800.0,2.4252,2.4267,2.414,2.4192,377779.57,0.0,0.0,0
15m,1746902700.0,2.4192,2.4286,2.4104,2.4248,460064.47,0.0,0.0,0
15m,1746903600.0,2.4248,2.4281,2.4146,2.4156,186803.49,0.0,0.0,0
15m,1746904500.0,2.4156,2.4207,2.4112,2.4113,195396.2,0.0,0.0,0
15m,1746905400.0,2.4113,2.4194,2.409,2.4189,199695.09,0.0,0.0,0
15m,1746906300.0,2.4189,2.4237,2.4178,2.4198,213682.11,0.0,0.0,0
15m,1746907200.0,2.4198,2.4203,2.4041,2.412,199091.43,0.0,0.0,0
15m,1746908100.0,2.412,2.4151,2.406,2.4103,268743.1,0.0,0.0,0
15m,1746909000.0,2.4103,2.4184,2.4098,2.4166,180868.78,0.0,0.0,0
15m,1746909900.0,2.4166,2.4248,2.4164,2.424,199412.97,0.0,0.0,0
15m,1746910800.0,2.424,2.4321,2.42,2.4305,641742.78,0.0,0.0,0
15m,1746911700.0,2.4305,2.4322,2.4216,2.4232,223763.51,0.0,0.0,0
15m,1746912600.0,2.4232,2.4257,2.4182,2.4251,212914.01,0.0,0.0,0
15m,1746913500.0,2.4251,2.4425,2.4251,2.439,498032.53,0.0,0.0,0
15m,1746914400.0,2.439,2.4405,2.4283,2.4326,366778.07,0.0,0.0,0
15m,1746915300.0,2.4326,2.4432,2.4282,2.4337,408729.07,0.0,0.0,0
15m,1746916200.0,2.4337,2.4479,2.4331,2.4468,339448.28,0.0,0.0,0
15m,1746917100.0,2.4468,2.4497,2.4394,2.4492,729148.23,0.0,0.0,0
15m,1746918000.0,2.4492,2.4595,2.4462,2.4589,682905.3,0.0,0.0,0
15m,1746918900.0,2.4589,2.4737,2.4546,2.4684,1253942.11,0.0,0.0,0
15m,1746919800.0,2.4684,2.4707,2.4524,2.463,464340.73,0.0,0.0,0
15m,1746920700.0,2.463,2.4769,2.4585,2.4711,453393.23,0.0,0.0,0
15m,1746921600.0,2.4711,2.4843,2.4592,2.4625,1603725.29,0.0,0.0,0
15m,1746922500.0,2.4625,2.4632,2.4019,2.4052,1933865.12,0.0,0.0,0
15m,1746923400.0,2.4052,2.4289,2.4051,2.4269,1303196.03,0.0,0.0,0
15m,1746924300.0,2.4269,2.4358,2.4202,2.4267,708885.26,0.0,0.0,0
15m,1746925200.0,2.4267,2.4402,2.4128,2.4337,362981.39,0.0,0.0,0
15m,1746926100.0,2.4337,2.4379,2.4196,2.4285,297114.94,0.0,0.0,0
15m,1746927000.0,2.4285,2.4368,2.4207,2.4266,302167.77,0.0,0.0,0
15m,1746927900.0,2.4266,2.4266,2.3952,2.4068,878660.04,0.0,0.0,0
15m,1746928800.0,2.4068,2.4101,2.3952,2.4078,378523.24,0.0,0.0,0
15m,1746929700.0,2.4078,2.4166,2.4075,2.4122,249800.11,0.0,0.0,0
15m,1746930600.0,2.4122,2.42,2.4039,2.4117,452274.46,0.0,0.0,0
15m,1746931500.0,2.4117,2.4117,2.3831,2.3947,1140284.54,0.0,0.0,0
15m,1746932400.0,2.3947,2.4014,2.3837,2.4007,595254.83,0.0,0.0,0
15m,1746933300.0,2.4007,2.4078,2.3974,2.4074,245215.86,0.0,0.0,0
15m,1746934200.0,2.4074,2.4127,2.3975,2.4112,590329.42,0.0,0.0,0
15m,1746935100.0,2.4112,2.4125,2.4015,2.4023,445700.55,0.0,0.0,0
15m,1746936000.0,2.4023,2.4139,2.4012,2.4114,207043.15,0.0,0.0,0
15m,1746936900.0,2.4114,2.4164,2.41,2.413,107498.2,0.0,0.0,0
15m,1746937800.0,2.413,2.4144,2.4034,2.41,303063.82,0.0,0.0,0
15m,1746938700.0,2.41,2.4175,2.4088,2.4175,120216.74,0.0,0.0,0
15m,1746939600.0,2.4175,2.418,2.4085,2.416,298415.77,0.0,0.0,0
15m,1746940500.0,2.416,2.416,2.4085,2.4111,268861.94,0.0,0.0,0
15m,1746941400.0,2.4111,2.4151,2.4084,2.4146,124301.89,0.0,0.0,0
15m,1746942300.0,2.4146,2.4159,2.4036,2.4047,348360.0,0.0,0.0,0
15m,1746943200.0,2.4047,2.4052,2.3873,2.3916,648601.03,0.0,0.0,0
15m,1746944100.0,2.3916,2.4023,2.3916,2.4006,168362.11,0.0,0.0,0
15m,1746945000.0,2.4006,2.4006,2.3748,2.3824,1054811.64,0.0,0.0,0
15m,1746945900.0,2.3824,2.3876,2.3718,2.3862,870501.57,0.0,0.0,0
15m,1746946800.0,2.3862,2.3862,2.3575,2.3733,1558198.48,0.0,0.0,0
15m,1746947700.0,2.3733,2.3763,2.3617,2.3641,746343.64,0.0,0.0,0
15m,1746948600.0,2.3641,2.3714,2.3424,2.3424,973802.47,0.0,0.0,0
15m,1746949500.0,2.3424,2.3587,2.3414,2.3549,594835.02,0.0,0.0,0
15m,1746950400.0,2.3549,2.3683,2.3539,2.3672,577587.95,0.0,0.0,0
15m,1746951300.0,2.3672,2.372,2.3604,2.3604,234578.98,0.0,0.0,0
15m,1746952200.0,2.3604,2.3645,2.3492,2.3634,399897.97,0.0,0.0,0
15m,1746953100.0,2.3634,2.3645,2.3539,2.3565,265285.39,0.0,0.0,0
15m,1746954000.0,2.3565,2.3691,2.352,2.3691,283122.66,0.0,0.0,0
15m,1746954900.0,2.3691,2.3724,2.3631,2.3711,502173.18,0.0,0.0,0
15m,1746955800.0,2.3711,2.3746,2.3692,2.373,200102.25,0.0,0.0,0
15m,1746956700.0,2.373,2.377,2.3707,2.3718,157703.19,0.0,0.0,0
15m,1746957600.0,2.3718,2.3758,2.3686,2.3698,176440.35,0.0,0.0,0
15m,1746958500.0,2.3698,2.3772,2.363,2.3767,338563.96,0.0,0.0,0
15m,1746959400.0,2.3767,2.3784,2.3672,2.3672,335648.45,0.0,0.0,0
15m,1746960300.0,2.3672,2.3765,2.3669,2.3762,183469.23,0.0,0.0,0
15m,1746961200.0,2.3762,2.3814,2.3749,2.3755,258771.35,0.0,0.0,0
15m,1746962100.0,2.3755,2.3783,2.3702,2.3769,399323.76,0.0,0.0,0
15m,1746963000.0,2.3769,2.3856,2.374,2.3826,201679.88,0.0,0.0,0
15m,1746963900.0,2.3826,2.3876,2.3777,2.3863,248362.06,0.0,0.0,0
15m,1746964800.0,2.3863,2.3893,2.3822,2.3854,444184.84,0.0,0.0,0
15m,1746965700.0,2.3854,2.3854,2.3746,2.3779,285349.26,0.0,0.0,0
15m,1746966600.0,2.3779,2.3818,2.3741,2.3752,312657.97,0.0,0.0,0
15m,1746967500.0,2.3752,2.3815,2.3725,2.3783,236146.5,0.0,0.0,0
15m,1746968400.0,2.3783,2.3872,2.3777,2.3858,139281.34,0.0,0.0,0
15m,1746969300.0,2.3858,2.3882,2.3678,2.3698,324686.37,0.0,0.0,0
15m,1746970200.0,2.3698,2.3726,2.3579,2.3628,344932.14,0.0,0.0,0
15m,1746971100.0,2.3628,2.3668,2.3454,2.3468,475356.66,0.0,0.0,0
15m,1746972000.0,2.3468,2.3586,2.3455,2.3544,375701.61,0.0,0.0,0
15m,1746972900.0,2.3544,2.3615,2.3471,2.3565,467642.15,0.0,0.0,0
15m,1746973800.0,2.3565,2.3649,2.3539,2.3641,336467.61,0.0,0.0,0
15m,1746974700.0,2.3641,2.3678,2.3571,2.3605,253187.95,0.0,0.0,0
15m,1746975600.0,2.3605,2.3732,2.3587,2.3719,282072.25,0.0,0.0,0
15m,1746976500.0,2.3719,2.3741,2.3625,2.3646,169782.15,0.0,0.0,0
15m,1746977400.0,2.3646,2.3666,2.3553,2.3571,240974.12,0.0,0.0,0
15m,1746978300.0,2.3571,2.3604,2.334,2.3474,865607.43,0.0,0.0,0
15m,1746979200.0,2.3474,2.352,2.3288,2.3398,978993.5,0.0,0.0,0
15m,1746980100.0,2.3398,2.3569,2.3285,2.3537,894762.11,0.0,0.0,0
15m,1746981000.0,2.3537,2.3564,2.3457,2.3501,221552.18,0.0,0.0,0
15m,1746981900.0,2.3501,2.3501,2.3365,2.3484,253314.81,0.0,0.0,0
15m,1746982800.0,2.3484,2.3533,2.3414,2.3532,362327.2,0.0,0.0,0
15m,1746983700.0,2.3532,2.3601,2.3503,2.3563,239763.01,0.0,0.0,0
15m,1746984600.0,2.3563,2.3666,2.3552,2.3654,334275.22,0.0,0.0,0
15m,1746985500.0,2.3654,2.3688,2.3608,2.3676,236811.9,0.0,0.0,0
15m,1746986400.0,2.3676,2.3684,2.3589,2.3604,343487.52,0.0,0.0,0
15m,1746987300.0,2.3604,2.3657,2.3576,2.3605,115989.93,0.0,0.0,0
15m,1746988200.0,2.3605,2.3768,2.3534,2.372,328209.84,0.0,0.0,0
15m,1746989100.0,2.372,2.3809,2.3719,2.3743,507658.82,0.0,0.0,0
15m,1746990000.0,2.3743,2.38,2.3706,2.3774,278574.74,0.0,0.0,0
15m,1746990900.0,2.3774,2.3794,2.3723,2.379,141168.41,0.0,0.0,0
15m,1746991800.0,2.379,2.3833,2.3721,2.3726,177139.33,0.0,0.0,0
15m,1746992700.0,2.3726,2.3765,2.3703,2.3716,95112.43,0.0,0.0,0
15m,1746993600.0,2.3716,2.3732,2.3626,2.3729,446339.32,0.0,0.0,0
15m,1746994500.0,2.3729,2.3738,2.368,2.3686,121542.56,0.0,0.0,0
15m,1746995400.0,2.3686,2.3792,2.3651,2.3703,390854.33,0.0,0.0,0
15m,1746996300.0,2.3703,2.374,2.367,2.3709,53383.94,0.0,0.0,0
15m,1746997200.0,2.3709,2.3711,2.361,2.366,263418.41,0.0,0.0,0
15m,1746998100.0,2.366,2.3723,2.3656,2.3666,105997.97,0.0,0.0,0
15m,1746999000.0,2.3666,2.3683,2.3605,2.3629,65747.69,0.0,0.0,0
15m,1746999900.0,2.3629,2.3727,2.3625,2.3709,72216.03,0.0,0.0,0
15m,1747000800.0,2.3709,2.3799,2.3616,2.3706,340960.51,0.0,0.0,0
15m,1747001700.0,2.3706,2.3746,2.3635,2.3653,235069.92,0.0,0.0,0
15m,1747002600.0,2.3653,2.3689,2.3566,2.3569,234822.89,0.0,0.0,0
15m,1747003500.0,2.3569,2.3669,2.356,2.3668,236983.3,0.0,0.0,0
15m,1747004400.0,2.3668,2.3732,2.3657,2.3714,198058.12,0.0,0.0,0
15m,1747005300.0,2.3714,2.3747,2.367,2.3702,119981.26,0.0,0.0,0
15m,1747006200.0,2.3702,2.3705,2.3623,2.3678,165011.46,0.0,0.0,0
15m,1747007100.0,2.3678,2.3693,2.3627,2.367,169863.74,0.0,0.0,0
15m,1747008000.0,2.367,2.3786,2.3637,2.3769,289495.88,0.0,0.0,0
15m,1747008900.0,2.3769,2.3838,2.3727,2.3835,312711.42,0.0,0.0,0
15m,1747009800.0,2.3835,2.3956,2.3833,2.3862,544099.95,0.0,0.0,0
15m,1747010700.0,2.3862,2.3958,2.3823,2.3957,330587.26,0.0,0.0,0
15m,1747011600.0,2.3957,2.408,2.3909,2.3995,683810.31,0.0,0.0,0
15m,1747012500.0,2.3995,2.4029,2.3747,2.3801,863927.09,0.0,0.0,0
15m,1747013400.0,2.3801,2.3805,2.3516,2.3701,662267.96,0.0,0.0,0
15m,1747014300.0,2.3701,2.3763,2.365,2.373,210605.28,0.0,0.0,0
15m,1747015200.0,2.373,2.3891,2.3727,2.3824,339476.67,0.0,0.0,0
15m,1747016100.0,2.3824,2.394,2.3779,2.388,475662.06,0.0,0.0,0
15m,1747017000.0,2.388,2.3982,2.3878,2.3965,639736.32,0.0,0.0,0
15m,1747017900.0,2.3965,2.3999,2.3822,2.3934,570442.66,0.0,0.0,0
15m,1747018800.0,2.3934,2.3943,2.3791,2.3876,333401.96,0.0,0.0,0
15m,1747019700.0,2.3876,2.402,2.3839,2.3933,443682.18,0.0,0.0,0
15m,1747020600.0,2.3933,2.3996,2.3882,2.3936,288458.73,0.0,0.0,0
15m,1747021500.0,2.3936,2.3972,2.3901,2.3961,272826.53,0.0,0.0,0
15m,1747022400.0,2.3961,2.4069,2.3949,2.4042,774649.12,0.0,0.0,0
15m,1747023300.0,2.4042,2.4155,2.3919,2.3953,1008391.83,0.0,0.0,0
15m,1747024200.0,2.3953,2.4079,2.3904,2.4064,286182.01,0.0,0.0,0
15m,1747025100.0,2.4064,2.4084,2.4006,2.4017,294897.34,0.0,0.0,0
15m,1747026000.0,2.4017,2.4059,2.3905,2.3974,425775.38,0.0,0.0,0
15m,1747026900.0,2.3974,2.3992,2.3849,2.3874,285525.72,0.0,0.0,0
15m,1747027800.0,2.3874,2.3919,2.3756,2.3908,312796.28,0.0,0.0,0
15m,1747028700.0,2.3908,2.3936,2.3827,2.387,488019.04,0.0,0.0,0
15m,1747029600.0,2.387,2.4014,2.3805,2.3921,598221.45,0.0,0.0,0
15m,1747030500.0,2.3921,2.4006,2.3843,2.3995,307375.29,0.0,0.0,0
15m,1747031400.0,2.3995,2.401,2.3956,2.4003,418232.15,0.0,0.0,0
15m,1747032300.0,2.4003,2.403,2.3965,2.3975,301464.73,0.0,0.0,0
15m,1747033200.0,2.3975,2.4323,2.3975,2.4301,2825875.72,0.0,0.0,0
15m,1747034100.0,2.4301,2.4464,2.4196,2.4447,1633399.52,0.0,0.0,0
15m,1747035000.0,2.4447,2.4555,2.4148,2.4225,2275138.96,0.0,0.0,0
15m,1747035900.0,2.4225,2.4231,2.3913,2.4136,1560996.11,0.0,0.0,0
15m,1747036800.0,2.4136,2.4148,2.3914,2.402,487130.08,0.0,0.0,0
15m,1747037700.0,2.402,2.41,2.3975,2.4035,410219.86,0.0,0.0,0
15m,1747038600.0,2.4035,2.4222,2.3979,2.4213,671040.42,0.0,0.0,0
15m,1747039500.0,2.4213,2.4294,2.4187,2.424,387086.79,0.0,0.0,0
15m,1747040400.0,2.424,2.4313,2.4233,2.424,542380.27,0.0,0.0,0
15m,1747041300.0,2.424,2.4328,2.4224,2.429,410825.97,0.0,0.0,0
15m,1747042200.0,2.429,2.4297,2.4203,2.4286,315032.81,0.0,0.0,0
15m,1747043100.0,2.4286,2.4299,2.4168,2.4204,268449.83,0.0,0.0,0
15m,1747044000.0,2.4204,2.4296,2.4124,2.4219,485751.23,0.0,0.0,0
15m,1747044900.0,2.4219,2.4292,2.4155,2.4192,203913.61,0.0,0.0,0
15m,1747045800.0,2.4192,2.4295,2.4163,2.4248,525535.38,0.0,0.0,0
15m,1747046700.0,2.4248,2.4357,2.4203,2.4345,396188.6,0.0,0.0,0
15m,1747047600.0,2.4345,2.4628,2.431,2.4615,1681873.54,0.0,0.0,0
15m,1747048500.0,2.4615,2.4755,2.4408,2.4704,1406607.89,0.0,0.0,0
15m,1747049400.0,2.4704,2.4829,2.4576,2.469,2115482.82,0.0,0.0,0
15m,1747050300.0,2.469,2.4834,2.4402,2.4492,1808656.53,0.0,0.0,0
15m,1747051200.0,2.4492,2.5045,2.4477,2.4938,2714218.44,0.0,0.0,0
15m,1747052100.0,2.4938,2.5561,2.4845,2.5462,5090159.16,0.0,0.0,0
15m,1747053000.0,2.5462,2.5951,2.5245,2.5848,5955801.12,0.0,0.0,0
15m,1747053900.0,2.5848,2.5852,2.5574,2.5615,2262901.93,0.0,0.0,0
15m,1747054800.0,2.5615,2.6299,2.5567,2.6298,3949314.03,0.0,0.0,0
15m,1747055700.0,2.6298,2.6559,2.6086,2.6088,3560106.41,0.0,0.0,0
15m,1747056600.0,2.6088,2.6265,2.5608,2.5797,3962547.07,0.0,0.0,0
15m,1747057500.0,2.5797,2.6124,2.5664,2.6039,3457965.38,0.0,0.0,0
15m,1747058400.0,2.6039,2.6194,2.5922,2.5961,2341039.21,0.0,0.0,0
15m,1747059300.0,2.5961,2.6098,2.5288,2.5429,3543101.16,0.0,0.0,0
15m,1747060200.0,2.5429,2.5946,2.525,2.5848,3182620.16,0.0,0.0,0
15m,1747061100.0,2.5848,2.5849,2.5421,2.5446,1867218.44,0.0,0.0,0
15m,1747062000.0,2.5446,2.57,2.5217,2.5602,3059781.02,0.0,0.0,0
15m,1747062900.0,2.5602,2.5822,2.5512,2.5691,1741511.96,0.0,0.0,0
15m,1747063800.0,2.5691,2.5937,2.5586,2.5693,1999759.85,0.0,0.0,0
15m,1747064700.0,2.5693,2.6022,2.5633,2.5928,1763809.38,0.0,0.0,0
15m,1747065600.0,2.5928,2.6075,2.5543,2.5725,1999191.63,0.0,0.0,0
15m,1747066500.0,2.5725,2.5933,2.5668,2.5845,1254286.35,0.0,0.0,0
15m,1747067400.0,2.5845,2.6127,2.5837,2.606,2136678.51,0.0,0.0,0
15m,1747068300.0,2.606,2.6138,2.5889,2.5906,1069859.86,0.0,0.0,0
15m,1747069200.0,2.5906,2.6111,2.5877,2.6018,778863.04,0.0,0.0,0
15m,1747070100.0,2.6018,2.6105,2.5765,2.5989,1098537.98,0.0,0.0,0
15m,1747071000.0,2.5989,2.614,2.5854,2.5857,1498306.4,0.0,0.0,0
15m,1747071900.0,2.5857,2.5926,2.5583,2.5638,1419583.12,0.0,0.0,0
15m,1747072800.0,2.5638,2.5809,2.5411,2.5494,1635409.5,0.0,0.0,0
15m,1747073700.0,2.5494,2.5622,2.5136,2.5176,3157253.69,0.0,0.0,0
15m,1747074600.0,2.5176,2.5269,2.4915,2.4955,3125309.51,0.0,0.0,0
15m,1747075500.0,2.4955,2.5037,2.4301,2.4677,6082887.98,0.0,0.0,0
15m,1747076400.0,2.4677,2.4978,2.4583,2.4832,2280872.77,0.0,0.0,0
15m,1747077300.0,2.4832,2.4967,2.4716,2.4786,791293.8,0.0,0.0,0
15m,1747078200.0,2.4786,2.493,2.4751,2.4784,624987.36,0.0,0.0,0
15m,1747079100.0,2.4784,2.5349,2.4784,2.5335,1529507.09,0.0,0.0,0
15m,1747080000.0,2.5335,2.5337,2.5022,2.5081,1176939.75,0.0,0.0,0
15m,1747080900.0,2.5081,2.53,2.5059,2.5257,710795.13,0.0,0.0,0
15m,1747081800.0,2.5257,2.5488,2.5204,2.5338,987179.78,0.0,0.0,0
15m,1747082700.0,2.5338,2.5463,2.5275,2.5301,927522.81,0.0,0.0,0
15m,1747083600.0,2.5301,2.533,2.5207,2.5248,522938.02,0.0,0.0,0
15m,1747084500.0,2.5248,2.537,2.5221,2.5269,214412.98,0.0,0.0,0
15m,1747085400.0,2.5269,2.5441,2.5219,2.543,368360.78,0.0,0.0,0
15m,1747086300.0,2.543,2.5439,2.5293,2.5369,276928.14,0.0,0.0,0
15m,1747087200.0,2.5369,2.5404,2.5265,2.5314,248663.64,0.0,0.0,0
15m,1747088100.0,2.5314,2.5439,2.5306,2.5394,155906.37,0.0,0.0,0
15m,1747089000.0,2.5394,2.5563,2.538,2.5472,500694.93,0.0,0.0,0
15m,1747089900.0,2.5472,2.5493,2.5287,2.5296,410950.81,0.0,0.0,0
15m,1747090800.0,2.5296,2.5351,2.5249,2.5249,466965.65,0.0,0.0,0
15m,1747091700.0,2.5249,2.5397,2.5246,2.5388,263765.95,0.0,0.0,0
15m,1747092600.0,2.5388,2.54,2.5245,2.5393,288376.59,0.0,0.0,0
15m,1747093500.0,2.5393,2.549,2.5387,2.544,226313.63,0.0,0.0,0
15m,1747094400.0,2.544,2.5462,2.5077,2.5145,698481.96,0.0,0.0,0
15m,1747095300.0,2.5145,2.5219,2.5033,2.5129,628017.73,0.0,0.0,0
15m,1747096200.0,2.5129,2.5139,2.4977,2.5005,494548.43,0.0,0.0,0
15m,1747097100.0,2.5005,2.5073,2.4902,2.4936,532986.18,0.0,0.0,0
15m,1747098000.0,2.4936,2.506,2.4819,2.4904,795657.15,0.0,0.0,0
15m,1747098900.0,2.4904,2.4953,2.4801,2.4808,532913.73,0.0,0.0,0
15m,1747099800.0,2.4808,2.4851,2.4515,2.4623,2178356.12,0.0,0.0,0
15m,1747100700.0,2.4623,2.4788,2.4561,2.4705,1171186.47,0.0,0.0,0
15m,1747101600.0,2.4705,2.4811,2.4424,2.4461,1544569.11,0.0,0.0,0
15m,1747102500.0,2.4461,2.4569,2.4265,2.4567,1083985.98,0.0,0.0,0
15m,1747103400.0,2.4567,2.4584,2.4376,2.4377,749724.32,0.0,0.0,0
15m,1747104300.0,2.4377,2.454,2.4318,2.4514,482369.6,0.0,0.0,0
15m,1747105200.0,2.4514,2.462,2.4425,2.4612,501327.45,0.0,0.0,0
15m,1747106100.0,2.4612,2.4634,2.43,2.436,453450.08,0.0,0.0,0
15m,1747107000.0,2.436,2.4478,2.4327,2.4463,477684.29,0.0,0.0,0
15m,1747107900.0,2.4463,2.4475,2.4299,2.43,508957.41,0.0,0.0,0
15m,1747108800.0,2.43,2.4435,2.4213,2.4389,746554.24,0.0,0.0,0
15m,1747109700.0,2.4389,2.4613,2.4363,2.4605,718935.96,0.0,0.0,0
15m,1747110600.0,2.4605,2.4873,2.4598,2.4824,793430.1,0.0,0.0,0
15m,1747111500.0,2.4824,2.4866,2.4749,2.4852,523650.34,0.0,0.0,0
15m,1747112400.0,2.4852,2.4853,2.4772,2.4821,425703.59,0.0,0.0,0
15m,1747113300.0,2.4821,2.4911,2.4791,2.49,372370.19,0.0,0.0,0
15m,1747114200.0,2.49,2.4904,2.4678,2.4735,604376.74,0.0,0.0,0
15m,1747115100.0,2.4735,2.4855,2.4727,2.485,244198.44,0.0,0.0,0
15m,1747116000.0,2.485,2.5102,2.485,2.5088,615508.56,0.0,0.0,0
15m,1747116900.0,2.5088,2.5088,2.4883,2.4937,846511.38,0.0,0.0,0
15m,1747117800.0,2.4937,2.5088,2.4917,2.5076,349305.06,0.0,0.0,0
15m,1747118700.0,2.5076,2.5085,2.4967,2.499,325297.62,0.0,0.0,0
15m,1747119600.0,2.499,2.5068,2.4957,2.5044,404146.5,0.0,0.0,0
15m,1747120500.0,2.5044,2.5154,2.4976,2.5008,996359.73,0.0,0.0,0
15m,1747121400.0,2.5008,2.5061,2.4922,2.4957,219879.73,0.0,0.0,0
15m,1747122300.0,2.4957,2.5019,2.4937,2.4989,222750.58,0.0,0.0,0
15m,1747123200.0,2.4989,2.5092,2.4984,2.5037,325911.34,0.0,0.0,0
15m,1747124100.0,2.5037,2.5055,2.4894,2.4913,248698.34,0.0,0.0,0
15m,1747125000.0,2.4913,2.5092,2.4863,2.5022,807089.39,0.0,0.0,0
15m,1747125900.0,2.5022,2.5084,2.4983,2.4999,339973.32,0.0,0.0,0
15m,1747126800.0,2.4999,2.5085,2.4979,2.506,472480.51,0.0,0.0,0
15m,1747127700.0,2.506,2.5491,2.5055,2.5428,1959359.08,0.0,0.0,0
15m,1747128600.0,2.5428,2.5648,2.5342,2.5383,1402191.05,0.0,0.0,0
15m,1747129500.0,2.5383,2.5532,2.5346,2.5462,856885.37,0.0,0.0,0
15m,1747130400.0,2.5462,2.5516,2.5298,2.541,913734.1,0.0,0.0,0
15m,1747131300.0,2.541,2.5568,2.5373,2.551,595287.56,0.0,0.0,0
15m,1747132200.0,2.551,2.5678,2.5445,2.5548,932416.73,0.0,0.0,0
15m,1747133100.0,2.5548,2.5648,2.5501,2.5524,579357.88,0.0,0.0,0
15m,1747134000.0,2.5524,2.5537,2.5406,2.5482,1186587.49,0.0,0.0,0
15m,1747134900.0,2.5482,2.5579,2.5436,2.546,391767.64,0.0,0.0,0
15m,1747135800.0,2.546,2.5523,2.5382,2.5396,674082.94,0.0,0.0,0
15m,1747136700.0,2.5396,2.5412,2.5262,2.5347,583385.33,0.0,0.0,0
15m,1747137600.0,2.5347,2.5409,2.5211,2.5268,371460.57,0.0,0.0,0
15m,1747138500.0,2.5268,2.5355,2.5168,2.526,593078.74,0.0,0.0,0
15m,1747139400.0,2.526,2.5631,2.5205,2.5452,3087567.64,0.0,0.0,0
15m,1747140300.0,2.5452,2.5499,2.5371,2.5436,482026.59,0.0,0.0,0
15m,1747141200.0,2.5436,2.5498,2.5322,2.5357,528558.25,0.0,0.0,0
15m,1747142100.0,2.5357,2.5558,2.535,2.5508,1278170.71,0.0,0.0,0
15m,1747143000.0,2.5508,2.5595,2.5384,2.5384,801696.25,0.0,0.0,0
15m,1747143900.0,2.5384,2.5439,2.5285,2.5396,1183101.77,0.0,0.0,0
15m,1747144800.0,2.5396,2.5412,2.5117,2.519,936514.92,0.0,0.0,0
15m,1747145700.0,2.519,2.5338,2.5063,2.5316,691029.75,0.0,0.0,0
15m,1747146600.0,2.5316,2.5348,2.5202,2.5202,644952.4,0.0,0.0,0
15m,1747147500.0,2.5202,2.5279,2.5048,2.5222,793453.23,0.0,0.0,0
15m,1747148400.0,2.5222,2.5516,2.5186,2.5407,1133217.99,0.0,0.0,0
15m,1747149300.0,2.5407,2.5466,2.5339,2.5418,761503.04,0.0,0.0,0
15m,1747150200.0,2.5418,2.5462,2.5314,2.5408,1128707.28,0.0,0.0,0
15m,1747151100.0,2.5408,2.546,2.5299,2.5436,760051.02,0.0,0.0,0
15m,1747152000.0,2.5436,2.5758,2.5409,2.5724,845242.53,0.0,0.0,0
15m,1747152900.0,2.5724,2.5735,2.5544,2.5602,1117996.94,0.0,0.0,0
15m,1747153800.0,2.5602,2.5656,2.5509,2.5589,465532.46,0.0,0.0,0
15m,1747154700.0,2.5589,2.5625,2.5488,2.5512,369262.35,0.0,0.0,0
15m,1747155600.0,2.5512,2.5628,2.5505,2.5536,578465.36,0.0,0.0,0
15m,1747156500.0,2.5536,2.57,2.5519,2.5536,502135.27,0.0,0.0,0
15m,1747157400.0,2.5536,2.554,2.5348,2.5502,831841.91,0.0,0.0,0
15m,1747158300.0,2.5502,2.5562,2.5477,2.5552,396744.72,0.0,0.0,0
15m,1747159200.0,2.5552,2.5624,2.5535,2.5622,366502.49,0.0,0.0,0
15m,1747160100.0,2.5622,2.5684,2.5574,2.5615,423424.13,0.0,0.0,0
15m,1747161000.0,2.5615,2.5699,2.5567,2.5568,334907.07,0.0,0.0,0
15m,1747161900.0,2.5568,2.5731,2.5568,2.5724,302207.78,0.0,0.0,0
15m,1747162800.0,2.5724,2.5727,2.56,2.568,465461.83,0.0,0.0,0
15m,1747163700.0,2.568,2.5879,2.5674,2.5852,981503.95,0.0,0.0,0
15m,1747164600.0,2.5852,2.6052,2.5851,2.602,1585488.15,0.0,0.0,0
15m,1747165500.0,2.602,2.6021,2.5633,2.5812,1495376.7,0.0,0.0,0
15m,1747166400.0,2.5812,2.5829,2.558,2.5691,758587.23,0.0,0.0,0
15m,1747167300.0,2.5691,2.5855,2.5638,2.5848,470937.45,0.0,0.0,0
15m,1747168200.0,2.5848,2.5943,2.5804,2.5811,507882.36,0.0,0.0,0
15m,1747169100.0,2.5811,2.5935,2.58,2.5825,407997.24,0.0,0.0,0
15m,1747170000.0,2.5825,2.5841,2.5682,2.5704,498581.6,0.0,0.0,0
15m,1747170900.0,2.5704,2.5784,2.5667,2.5742,321751.64,0.0,0.0,0
15m,1747171800.0,2.5742,2.5825,2.5687,2.5695,181802.5,0.0,0.0,0
15m,1747172700.0,2.5695,2.5773,2.5687,2.5767,131196.02,0.0,0.0,0
15m,1747173600.0,2.5767,2.5783,2.5657,2.5667,262077.0,0.0,0.0,0
15m,1747174500.0,2.5667,2.5729,2.5624,2.5672,289287.89,0.0,0.0,0
15m,1747175400.0,2.5672,2.578,2.5648,2.5768,271736.32,0.0,0.0,0
15m,1747176300.0,2.5768,2.5857,2.5758,2.5797,393236.05,0.0,0.0,0
15m,1747177200.0,2.5797,2.5851,2.5641,2.5833,368263.11,0.0,0.0,0
15m,1747178100.0,2.5833,2.5985,2.5833,2.5898,600659.15,0.0,0.0,0
15m,1747179000.0,2.5898,2.6018,2.5866,2.5984,488430.17,0.0,0.0,0
15m,1747179900.0,2.5984,2.5988,2.5819,2.5829,302621.25,0.0,0.0,0
15m,1747180800.0,2.5829,2.5886,2.5703,2.5728,410384.4,0.0,0.0,0
15m,1747181700.0,2.5728,2.5843,2.5688,2.5737,476954.08,0.0,0.0,0
15m,1747182600.0,2.5737,2.5766,2.5626,2.5647,468013.89,0.0,0.0,0
15m,1747183500.0,2.5647,2.5729,2.5586,2.568,369113.88,0.0,0.0,0
15m,1747184400.0,2.568,2.5817,2.5631,2.5817,498721.93,0.0,0.0,0
15m,1747185300.0,2.5817,2.5917,2.5751,2.5782,372032.32,0.0,0.0,0
15m,1747186200.0,2.5782,2.5971,2.5774,2.592,697346.18,0.0,0.0,0
15m,1747187100.0,2.592,2.592,2.5616,2.5644,594804.41,0.0,0.0,0
15m,1747188000.0,2.5644,2.5698,2.5404,2.5559,772355.55,0.0,0.0,0
15m,1747188900.0,2.5559,2.5587,2.5446,2.5461,282614.32,0.0,0.0,0
15m,1747189800.0,2.5461,2.5639,2.5434,2.5634,281984.63,0.0,0.0,0
15m,1747190700.0,2.5634,2.5634,2.5516,2.555,191712.34,0.0,0.0,0
15m,1747191600.0,2.555,2.5569,2.5414,2.5497,487711.05,0.0,0.0,0
15m,1747192500.0,2.5497,2.5542,2.5426,2.5464,521329.11,0.0,0.0,0
15m,1747193400.0,2.5464,2.5574,2.543,2.5569,255597.97,0.0,0.0,0
15m,1747194300.0,2.5569,2.5575,2.5522,2.557,196227.72,0.0,0.0,0
15m,1747195200.0,2.557,2.5577,2.5489,2.5524,288784.06,0.0,0.0,0
15m,1747196100.0,2.5524,2.57,2.5473,2.5695,564516.18,0.0,0.0,0
15m,1747197000.0,2.5695,2.5806,2.5656,2.578,1220528.54,0.0,0.0,0
15m,1747197900.0,2.578,2.5786,2.5714,2.577,939136.14,0.0,0.0,0
15m,1747198800.0,2.577,2.5832,2.5707,2.5708,568557.92,0.0,0.0,0
15m,1747199700.0,2.5708,2.5755,2.5701,2.5737,230048.97,0.0,0.0,0
15m,1747200600.0,2.5737,2.5801,2.5725,2.5786,275864.7,0.0,0.0,0
15m,1747201500.0,2.5786,2.5893,2.5779,2.5863,656757.29,0.0,0.0,0
15m,1747202400.0,2.5863,2.5905,2.5822,2.5873,645693.54,0.0,0.0,0
15m,1747203300.0,2.5873,2.599,2.5849,2.5886,858808.41,0.0,0.0,0
15m,1747204200.0,2.5886,2.5919,2.5816,2.5847,400895.73,0.0,0.0,0
15m,1747205100.0,2.5847,2.5929,2.5804,2.5915,540327.91,0.0,0.0,0
15m,1747206000.0,2.5915,2.5949,2.5844,2.5844,530490.63,0.0,0.0,0
15m,1747206900.0,2.5844,2.5855,2.5652,2.5686,526640.19,0.0,0.0,0
15m,1747207800.0,2.5686,2.5845,2.562,2.5828,351469.71,0.0,0.0,0
15m,1747208700.0,2.5828,2.6354,2.5791,2.6196,2134911.1,0.0,0.0,0
15m,1747209600.0,2.6196,2.6403,2.603,2.608,2989354.85,0.0,0.0,0
15m,1747210500.0,2.608,2.6301,2.5969,2.6089,1247147.12,0.0,0.0,0
15m,1747211400.0,2.6089,2.6128,2.5921,2.6085,708928.66,0.0,0.0,0
15m,1747212300.0,2.6085,2.6183,2.5669,2.5701,1898282.24,0.0,0.0,0
15m,1747213200.0,2.5701,2.5864,2.5625,2.5827,1399090.52,0.0,0.0,0
15m,1747214100.0,2.5827,2.5946,2.5727,2.5931,710030.46,0.0,0.0,0
15m,1747215000.0,2.5931,2.6425,2.5893,2.6304,1973731.22,0.0,0.0,0
15m,1747215900.0,2.6304,2.652,2.6162,2.628,2658888.45,0.0,0.0,0
15m,1747216800.0,2.628,2.6397,2.6146,2.624,895251.26,0.0,0.0,0
15m,1747217700.0,2.624,2.6269,2.61,2.622,669772.07,0.0,0.0,0
15m,1747218600.0,2.622,2.6237,2.6087,2.6099,529830.77,0.0,0.0,0
15m,1747219500.0,2.6099,2.6111,2.5988,2.6028,446574.36,0.0,0.0,0
15m,1747220400.0,2.6028,2.6143,2.6028,2.6096,269272.08,0.0,0.0,0
15m,1747221300.0,2.6096,2.6173,2.603,2.6169,444260.46,0.0,0.0,0
15m,1747222200.0,2.6169,2.623,2.6132,2.6178,435734.81,0.0,0.0,0
15m,1747223100.0,2.6178,2.6192,2.6085,2.6142,290750.65,0.0,0.0,0
15m,1747224000.0,2.6142,2.6179,2.6071,2.6177,360859.53,0.0,0.0,0
15m,1747224900.0,2.6177,2.6254,2.6165,2.619,571970.47,0.0,0.0,0
15m,1747225800.0,2.619,2.6259,2.6144,2.6157,465323.29,0.0,0.0,0
15m,1747226700.0,2.6157,2.6158,2.586,2.5925,749199.99,0.0,0.0,0
15m,1747227600.0,2.5925,2.5942,2.5778,2.592,739827.48,0.0,0.0,0
15m,1747228500.0,2.592,2.5947,2.5806,2.5884,558820.39,0.0,0.0,0
15m,1747229400.0,2.5884,2.6,2.5624,2.5647,1206824.98,0.0,0.0,0
15m,1747230300.0,2.5647,2.5785,2.555,2.5783,1099556.46,0.0,0.0,0
15m,1747231200.0,2.5783,2.5812,2.5617,2.5622,672017.53,0.0,0.0,0
15m,1747232100.0,2.5622,2.5675,2.5479,2.5608,1427086.76,0.0,0.0,0
15m,1747233000.0,2.5608,2.5722,2.5512,2.571,700711.55,0.0,0.0,0
15m,1747233900.0,2.571,2.5755,2.564,2.5675,288805.89,0.0,0.0,0
15m,1747234800.0,2.5675,2.5703,2.5522,2.5698,618892.88,0.0,0.0,0
15m,1747235700.0,2.5698,2.5744,2.5553,2.559,360727.68,0.0,0.0,0
15m,1747236600.0,2.559,2.5662,2.5501,2.5602,414516.79,0.0,0.0,0
15m,1747237500.0,2.5602,2.5622,2.5525,2.5618,302070.48,0.0,0.0,0
15m,1747238400.0,2.5618,2.5716,2.5593,2.565,403571.65,0.0,0.0,0
15m,1747239300.0,2.565,2.5653,2.5484,2.5527,584108.28,0.0,0.0,0
15m,1747240200.0,2.5527,2.5612,2.5475,2.5511,432534.97,0.0,0.0,0
15m,1747241100.0,2.5511,2.5568,2.5314,2.5489,878376.24,0.0,0.0,0
15m,1747242000.0,2.5489,2.5525,2.5318,2.5368,654290.17,0.0,0.0,0
15m,1747242900.0,2.5368,2.5379,2.5193,2.5349,902785.68,0.0,0.0,0
15m,1747243800.0,2.5349,2.5466,2.5313,2.5453,634070.41,0.0,0.0,0
15m,1747244700.0,2.5453,2.5525,2.543,2.5523,206712.65,0.0,0.0,0
15m,1747245600.0,2.5523,2.5569,2.5464,2.5465,408426.96,0.0,0.0,0
15m,1747246500.0,2.5465,2.5629,2.5436,2.5495,531004.04,0.0,0.0,0
15m,1747247400.0,2.5495,2.5559,2.5483,2.5532,194873.99,0.0,0.0,0
15m,1747248300.0,2.5532,2.5631,2.5524,2.5629,254446.6,0.0,0.0,0
15m,1747249200.0,2.5629,2.5662,2.5589,2.5623,281326.73,0.0,0.0,0
15m,1747250100.0,2.5623,2.5679,2.56,2.56,168498.35,0.0,0.0,0
15m,1747251000.0,2.56,2.5623,2.5574,2.5594,132991.4,0.0,0.0,0
15m,1747251900.0,2.5594,2.5688,2.5562,2.5674,286314.24,0.0,0.0,0
15m,1747252800.0,2.5674,2.5675,2.5579,2.5596,359697.51,0.0,0.0,0
15m,1747253700.0,2.5596,2.5644,2.5591,2.5637,116388.33,0.0,0.0,0
15m,1747254600.0,2.5637,2.5659,2.5588,2.5624,229161.59,0.0,0.0,0
15m,1747255500.0,2.5624,2.5723,2.5609,2.5613,584743.58,0.0,0.0,0
15m,1747256400.0,2.5613,2.5619,2.547,2.5485,377616.38,0.0,0.0,0
15m,1747257300.0,2.5485,2.554,2.5476,2.554,99607.81,0.0,0.0,0
15m,1747258200.0,2.554,2.5555,2.5508,2.5528,159214.31,0.0,0.0,0
15m,1747259100.0,2.5528,2.5643,2.5524,2.5627,133847.88,0.0,0.0,0
15m,1747260000.0,2.5627,2.5655,2.5574,2.5604,192218.58,0.0,0.0,0
15m,1747260900.0,2.5604,2.5625,2.5557,2.5582,122471.51,0.0,0.0,0
15m,1747261800.0,2.5582,2.5584,2.5521,2.5521,137690.44,0.0,0.0,0
15m,1747262700.0,2.5521,2.5527,2.5458,2.5491,768639.83,0.0,0.0,0
15m,1747263600.0,2.5491,2.5535,2.544,2.5509,348085.53,0.0,0.0,0
15m,1747264500.0,2.5509,2.5509,2.5362,2.5501,426972.5,0.0,0.0,0
15m,1747265400.0,2.5501,2.5549,2.5496,2.5518,164475.14,0.0,0.0,0
15m,1747266300.0,2.5518,2.5535,2.5496,2.5506,156079.79,0.0,0.0,0
15m,1747267200.0,2.5506,2.5627,2.549,2.5619,194933.29,0.0,0.0,0
15m,1747268100.0,2.5619,2.57,2.5618,2.5662,844084.36,0.0,0.0,0
15m,1747269000.0,2.5662,2.5693,2.5589,2.5653,254908.57,0.0,0.0,0
15m,1747269900.0,2.5653,2.5717,2.5652,2.5679,202154.39,0.0,0.0,0
15m,1747270800.0,2.5679,2.5679,2.5515,2.5535,234248.17,0.0,0.0,0
15m,1747271700.0,2.5535,2.5578,2.545,2.5474,935775.35,0.0,0.0,0
15m,1747272600.0,2.5474,2.5495,2.5288,2.532,662990.76,0.0,0.0,0
15m,1747273500.0,2.532,2.5329,2.5125,2.5244,927383.77,0.0,0.0,0
15m,1747274400.0,2.5244,2.5365,2.5197,2.5344,412575.05,0.0,0.0,0
15m,1747275300.0,2.5344,2.5425,2.5282,2.5377,252951.05,0.0,0.0,0
15m,1747276200.0,2.5377,2.5391,2.5287,2.5301,184748.72,0.0,0.0,0
15m,1747277100.0,2.5301,2.5417,2.529,2.5377,239087.11,0.0,0.0,0
15m,1747278000.0,2.5377,2.547,2.5368,2.5398,368730.88,0.0,0.0,0
15m,1747278900.0,2.5398,2.5418,2.5301,2.54,284416.77,0.0,0.0,0
15m,1747279800.0,2.54,2.5424,2.5348,2.5369,247749.11,0.0,0.0,0
15m,1747280700.0,2.5369,2.5369,2.5201,2.523,342429.76,0.0,0.0,0
15m,1747281600.0,2.523,2.533,2.5201,2.5232,474139.66,0.0,0.0,0
15m,1747282500.0,2.5232,2.5328,2.5226,2.5282,243122.08,0.0,0.0,0
15m,1747283400.0,2.5282,2.5347,2.5258,2.5276,305511.3,0.0,0.0,0
15m,1747284300.0,2.5276,2.5313,2.5227,2.5291,342419.14,0.0,0.0,0
15m,1747285200.0,2.5291,2.5315,2.5149,2.5158,340583.81,0.0,0.0,0
15m,1747286100.0,2.5158,2.5174,2.508,2.5167,469628.54,0.0,0.0,0
15m,1747287000.0,2.5167,2.521,2.504,2.5092,620142.54,0.0,0.0,0
15m,1747287900.0,2.5092,2.5103,2.4934,2.4982,726151.57,0.0,0.0,0
15m,1747288800.0,2.4982,2.5093,2.4945,2.5041,468031.2,0.0,0.0,0
15m,1747289700.0,2.5041,2.5121,2.4999,2.508,374223.51,0.0,0.0,0
15m,1747290600.0,2.508,2.5106,2.487,2.4881,540499.29,0.0,0.0,0
15m,1747291500.0,2.4881,2.4976,2.4877,2.4964,476956.59,0.0,0.0,0
15m,1747292400.0,2.4964,2.5019,2.4803,2.4805,601701.67,0.0,0.0,0
15m,1747293300.0,2.4805,2.4857,2.4633,2.4667,1134214.64,0.0,0.0,0
15m,1747294200.0,2.4667,2.4715,2.4563,2.4635,1128391.72,0.0,0.0,0
15m,1747295100.0,2.4635,2.47,2.4487,2.4606,965878.32,0.0,0.0,0
15m,1747296000.0,2.4606,2.4783,2.4599,2.4781,656172.67,0.0,0.0,0
15m,1747296900.0,2.4781,2.486,2.4761,2.4857,521070.44,0.0,0.0,0
15m,1747297800.0,2.4857,2.5007,2.4827,2.4883,1238914.68,0.0,0.0,0
15m,1747298700.0,2.4883,2.5017,2.4883,2.4977,510380.07,0.0,0.0,0
15m,1747299600.0,2.4977,2.4977,2.481,2.481,425570.1,0.0,0.0,0
15m,1747300500.0,2.481,2.4837,2.4743,2.4797,453624.33,0.0,0.0,0
15m,1747301400.0,2.4797,2.4821,2.4603,2.4651,1666996.34,0.0,0.0,0
15m,1747302300.0,2.4651,2.4783,2.4584,2.4736,721385.37,0.0,0.0,0
15m,1747303200.0,2.4736,2.4764,2.4576,2.4624,427282.7,0.0,0.0,0
15m,1747304100.0,2.4624,2.4764,2.4613,2.472,535258.23,0.0,0.0,0
15m,1747305000.0,2.472,2.4726,2.4513,2.4551,670300.63,0.0,0.0,0
15m,1747305900.0,2.4551,2.4639,2.4479,2.4623,507442.68,0.0,0.0,0
15m,1747306800.0,2.4623,2.4716,2.4608,2.4634,347023.5,0.0,0.0,0
15m,1747307700.0,2.4634,2.4753,2.4601,2.4714,323989.02,0.0,0.0,0
15m,1747308600.0,2.4714,2.4794,2.4705,2.4733,372510.53,0.0,0.0,0
15m,1747309500.0,2.4733,2.4787,2.4689,2.4777,314981.52,0.0,0.0,0
15m,1747310400.0,2.4777,2.4801,2.4632,2.4646,475924.76,0.0,0.0,0
15m,1747311300.0,2.4646,2.4756,2.4596,2.469,482560.18,0.0,0.0,0
15m,1747312200.0,2.469,2.4894,2.4642,2.4862,1645665.99,0.0,0.0,0
15m,1747313100.0,2.4862,2.4874,2.4522,2.463,1209916.15,0.0,0.0,0
15m,1747314000.0,2.463,2.4762,2.459,2.4743,417561.14,0.0,0.0,0
15m,1747314900.0,2.4743,2.4774,2.4654,2.466,225612.99,0.0,0.0,0
15m,1747315800.0,2.466,2.4727,2.4392,2.4491,1307636.38,0.0,0.0,0
15m,1747316700.0,2.4491,2.4495,2.4273,2.4478,1487543.51,0.0,0.0,0
15m,1747317600.0,2.4478,2.4549,2.4282,2.4357,681256.43,0.0,0.0,0
15m,1747318500.0,2.4357,2.4448,2.4163,2.4286,1268267.59,0.0,0.0,0
15m,1747319400.0,2.4286,2.4323,2.4063,2.4152,1245366.09,0.0,0.0,0
15m,1747320300.0,2.4152,2.4313,2.4046,2.4259,1267344.72,0.0,0.0,0
15m,1747321200.0,2.4259,2.4354,2.4234,2.4312,837567.78,0.0,0.0,0
15m,1747322100.0,2.4312,2.4485,2.4303,2.448,550827.49,0.0,0.0,0
15m,1747323000.0,2.448,2.4602,2.4442,2.4586,527682.92,0.0,0.0,0
15m,1747323900.0,2.4586,2.4684,2.4576,2.466,826802.49,0.0,0.0,0
15m,1747324800.0,2.466,2.4683,2.4525,2.4529,418897.95,0.0,0.0,0
15m,1747325700.0,2.4529,2.4643,2.4527,2.459,309478.44,0.0,0.0,0
15m,1747326600.0,2.459,2.4735,2.4516,2.4732,386755.09,0.0,0.0,0
15m,1747327500.0,2.4732,2.4905,2.4727,2.4895,1274099.46,0.0,0.0,0
15m,1747328400.0,2.4895,2.4905,2.4786,2.4858,457666.83,0.0,0.0,0
15m,1747329300.0,2.4858,2.5018,2.4858,2.5014,517971.9,0.0,0.0,0
15m,1747330200.0,2.5014,2.5018,2.4938,2.5005,384884.77,0.0,0.0,0
15m,1747331100.0,2.5005,2.5057,2.4729,2.4834,1975163.04,0.0,0.0,0
15m,1747332000.0,2.4834,2.4926,2.4746,2.4843,835002.46,0.0,0.0,0
15m,1747332900.0,2.4843,2.4843,2.4598,2.4617,755974.92,0.0,0.0,0
15m,1747333800.0,2.4617,2.4689,2.442,2.4528,917685.16,0.0,0.0,0
15m,1747334700.0,2.4528,2.4547,2.4297,2.4325,835628.32,0.0,0.0,0
15m,1747335600.0,2.4325,2.4538,2.4303,2.451,726749.04,0.0,0.0,0
15m,1747336500.0,2.451,2.4554,2.4202,2.4312,1121338.02,0.0,0.0,0
15m,1747337400.0,2.4312,2.445,2.4312,2.4414,342226.08,0.0,0.0,0
15m,1747338300.0,2.4414,2.4497,2.4341,2.4492,405332.8,0.0,0.0,0
15m,1747339200.0,2.4492,2.4593,2.4307,2.4307,1113049.45,0.0,0.0,0
15m,1747340100.0,2.4307,2.4526,2.4224,2.4495,981556.1,0.0,0.0,0
15m,1747341000.0,2.4495,2.4528,2.4333,2.4418,561069.34,0.0,0.0,0
15m,1747341900.0,2.4418,2.4424,2.4339,2.4357,132710.33,0.0,0.0,0
15m,1747342800.0,2.4357,2.4374,2.4198,2.4204,487512.4,0.0,0.0,0
15m,1747343700.0,2.4204,2.4205,2.3947,2.4124,868991.36,0.0,0.0,0
15m,1747344600.0,2.4124,2.4228,2.3966,2.4223,399079.63,0.0,0.0,0
15m,1747345500.0,2.4223,2.4296,2.4212,2.4264,311103.52,0.0,0.0,0
15m,1747346400.0,2.4264,2.4347,2.4226,2.4346,355105.87,0.0,0.0,0
15m,1747347300.0,2.4346,2.4409,2.4299,2.4301,206653.48,0.0,0.0,0
15m,1747348200.0,2.4301,2.4301,2.4157,2.4162,282964.0,0.0,0.0,0
15m,1747349100.0,2.4162,2.4167,2.3806,2.3833,1356567.96,0.0,0.0,0
15m,1747350000.0,2.3833,2.3848,2.3587,2.3669,1744111.96,0.0,0.0,0
15m,1747350900.0,2.3669,2.3735,2.3531,2.3582,1128346.71,0.0,0.0,0
15m,1747351800.0,2.3582,2.3847,2.3581,2.3756,794056.26,0.0,0.0,0
15m,1747352700.0,2.3756,2.3859,2.3713,2.3852,406198.2,0.0,0.0,0
15m,1747353600.0,2.3852,2.3935,2.3757,2.3927,502978.29,0.0,0.0,0
15m,1747354500.0,2.3927,2.402,2.377,2.377,519254.55,0.0,0.0,0
15m,1747355400.0,2.377,2.3995,2.3758,2.3947,363303.21,0.0,0.0,0
15m,1747356300.0,2.3947,2.3961,2.3743,2.3784,865530.24,0.0,0.0,0
15m,1747357200.0,2.3784,2.3791,2.3563,2.3577,943259.48,0.0,0.0,0
15m,1747358100.0,2.3577,2.3701,2.3469,2.3692,1366001.53,0.0,0.0,0
15m,1747359000.0,2.3692,2.3827,2.3666,2.3791,385116.45,0.0,0.0,0
15m,1747359900.0,2.3791,2.3813,2.3635,2.375,450451.49,0.0,0.0,0
15m,1747360800.0,2.375,2.3994,2.375,2.3958,704748.33,0.0,0.0,0
15m,1747361700.0,2.3958,2.3994,2.3721,2.3946,1370742.79,0.0,0.0,0
15m,1747362600.0,2.3946,2.4002,2.3913,2.392,308751.69,0.0,0.0,0
15m,1747363500.0,2.392,2.4001,2.3904,2.3987,193543.37,0.0,0.0,0
15m,1747364400.0,2.3987,2.4043,2.3953,2.3977,228498.66,0.0,0.0,0
15m,1747365300.0,2.3977,2.4117,2.3922,2.4105,546842.0,0.0,0.0,0
15m,1747366200.0,2.4105,2.4151,2.4058,2.4102,421016.96,0.0,0.0,0
15m,1747367100.0,2.4102,2.4177,2.4101,2.4126,369982.93,0.0,0.0,0
15m,1747368000.0,2.4126,2.4209,2.4099,2.4178,540779.03,0.0,0.0,0
15m,1747368900.0,2.4178,2.4191,2.4054,2.4095,350219.52,0.0,0.0,0
15m,1747369800.0,2.4095,2.412,2.4014,2.4047,217814.36,0.0,0.0,0
15m,1747370700.0,2.4047,2.4142,2.4003,2.4116,314300.11,0.0,0.0,0
15m,1747371600.0,2.4116,2.4192,2.4112,2.4188,658117.66,0.0,0.0,0
15m,1747372500.0,2.4188,2.4278,2.4172,2.4255,329899.74,0.0,0.0,0
15m,1747373400.0,2.4255,2.4286,2.421,2.4258,316114.23,0.0,0.0,0
15m,1747374300.0,2.4258,2.4284,2.4205,2.4206,261171.96,0.0,0.0,0
15m,1747375200.0,2.4206,2.4268,2.415,2.4207,276792.82,0.0,0.0,0
15m,1747376100.0,2.4207,2.4292,2.4207,2.4222,292563.3,0.0,0.0,0
15m,1747377000.0,2.4222,2.4284,2.4143,2.4178,564385.92,0.0,0.0,0
15m,1747377900.0,2.4178,2.4237,2.4157,2.4186,375571.17,0.0,0.0,0
15m,1747378800.0,2.4186,2.4191,2.4045,2.4095,409316.56,0.0,0.0,0
15m,1747379700.0,2.4095,2.424,2.4055,2.4192,450579.67,0.0,0.0,0
15m,1747380600.0,2.4192,2.4199,2.403,2.4039,510472.46,0.0,0.0,0
15m,1747381500.0,2.4039,2.4114,2.4032,2.4076,311949.57,0.0,0.0,0
15m,1747382400.0,2.4076,2.4169,2.4019,2.406,393393.11,0.0,0.0,0
15m,1747383300.0,2.406,2.4061,2.3798,2.3875,1104011.7,0.0,0.0,0
15m,1747384200.0,2.3875,2.3881,2.3718,2.3865,846480.75,0.0,0.0,0
15m,1747385100.0,2.3865,2.3988,2.3777,2.3928,390203.15,0.0,0.0,0
15m,1747386000.0,2.3928,2.4079,2.3912,2.4042,424556.82,0.0,0.0,0
15m,1747386900.0,2.4042,2.4095,2.3998,2.4067,379495.95,0.0,0.0,0
15m,1747387800.0,2.4067,2.413,2.4027,2.4107,383033.02,0.0,0.0,0
15m,1747388700.0,2.4107,2.4263,2.4103,2.4255,442933.6,0.0,0.0,0
15m,1747389600.0,2.4255,2.4285,2.4161,2.4218,430791.66,0.0,0.0,0
15m,1747390500.0,2.4218,2.4243,2.4158,2.4186,165064.99,0.0,0.0,0
15m,1747391400.0,2.4186,2.4274,2.4185,2.4247,205103.05,0.0,0.0,0
15m,1747392300.0,2.4247,2.4311,2.4232,2.4297,475710.09,0.0,0.0,0
15m,1747393200.0,2.4297,2.4358,2.4286,2.4316,446600.24,0.0,0.0,0
15m,1747394100.0,2.4316,2.4397,2.4253,2.4266,446794.56,0.0,0.0,0
15m,1747395000.0,2.4266,2.4351,2.421,2.421,244711.72,0.0,0.0,0
15m,1747395900.0,2.421,2.4257,2.42,2.4252,186285.52,0.0,0.0,0
15m,1747396800.0,2.4252,2.43,2.4211,2.4288,135632.36,0.0,0.0,0
15m,1747397700.0,2.4288,2.429,2.4145,2.4197,197034.84,0.0,0.0,0
15m,1747398600.0,2.4197,2.4279,2.4189,2.4224,150305.17,0.0,0.0,0
15m,1747399500.0,2.4224,2.4283,2.4206,2.4206,163893.29,0.0,0.0,0
15m,1747400400.0,2.4206,2.4297,2.4179,2.4297,175206.22,0.0,0.0,0
15m,1747401300.0,2.4297,2.4324,2.423,2.4243,277102.43,0.0,0.0,0
15m,1747402200.0,2.4243,2.4375,2.4205,2.43,349018.57,0.0,0.0,0
15m,1747403100.0,2.43,2.4395,2.43,2.436,269846.63,0.0,0.0,0
15m,1747404000.0,2.436,2.436,2.4201,2.4261,789982.69,0.0,0.0,0
15m,1747404900.0,2.4261,2.4378,2.4242,2.432,559596.65,0.0,0.0,0
15m,1747405800.0,2.432,2.432,2.41,2.41,500290.23,0.0,0.0,0
15m,1747406700.0,2.41,2.4182,2.4048,2.4157,465209.41,0.0,0.0,0
15m,1747407600.0,2.4157,2.4345,2.4153,2.4288,638744.84,0.0,0.0,0
15m,1747408500.0,2.4288,2.4306,2.4114,2.4157,482728.99,0.0,0.0,0
15m,1747409400.0,2.4157,2.4217,2.4097,2.4186,525318.42,0.0,0.0,0
15m,1747410300.0,2.4186,2.4237,2.416,2.4232,141373.61,0.0,0.0,0
15m,1747411200.0,2.4232,2.4314,2.4178,2.4178,727825.78,0.0,0.0,0
15m,1747412100.0,2.4178,2.4218,2.4041,2.4096,916833.89,0.0,0.0,0
15m,1747413000.0,2.4096,2.413,2.3944,2.3994,1009250.52,0.0,0.0,0
15m,1747413900.0,2.3994,2.4142,2.3965,2.4115,381255.38,0.0,0.0,0
15m,1747414800.0,2.4115,2.4155,2.4039,2.4065,310646.97,0.0,0.0,0
15m,1747415700.0,2.4065,2.4185,2.4063,2.4143,145209.26,0.0,0.0,0
15m,1747416600.0,2.4143,2.4173,2.4016,2.4064,169262.7,0.0,0.0,0
15m,1747417500.0,2.4064,2.4106,2.3942,2.3992,525029.89,0.0,0.0,0
15m,1747418400.0,2.3992,2.4099,2.3967,2.408,245427.48,0.0,0.0,0
15m,1747419300.0,2.408,2.4112,2.4003,2.4028,109480.89,0.0,0.0,0
15m,1747420200.0,2.4028,2.4147,2.4001,2.4047,177620.06,0.0,0.0,0
15m,1747421100.0,2.4047,2.4116,2.4018,2.4072,131708.62,0.0,0.0,0
15m,1747422000.0,2.4072,2.4161,2.4055,2.4145,152792.14,0.0,0.0,0
15m,1747422900.0,2.4145,2.4171,2.4048,2.4132,147938.13,0.0,0.0,0
15m,1747423800.0,2.4132,2.4164,2.4115,2.4123,67362.15,0.0,0.0,0
15m,1747424700.0,2.4123,2.4195,2.4062,2.418,159276.61,0.0,0.0,0
15m,1747425600.0,2.418,2.423,2.4146,2.4227,246105.48,0.0,0.0,0
15m,1747426500.0,2.4227,2.423,2.4153,2.4159,61636.55,0.0,0.0,0
15m,1747427400.0,2.4159,2.4164,2.3892,2.3908,598329.37,0.0,0.0,0
15m,1747428300.0,2.3908,2.4072,2.3849,2.406,428357.36,0.0,0.0,0
15m,1747429200.0,2.406,2.4086,2.4022,2.4081,135104.58,0.0,0.0,0
15m,1747430100.0,2.4081,2.4081,2.395,2.3951,60492.89,0.0,0.0,0
15m,1747431000.0,2.3951,2.4044,2.3882,2.4008,149129.64,0.0,0.0,0
15m,1747431900.0,2.4008,2.4029,2.3946,2.3977,353254.26,0.0,0.0,0
15m,1747432800.0,2.3977,2.3991,2.383,2.3841,208553.17,0.0,0.0,0
15m,1747433700.0,2.3841,2.3921,2.3803,2.3818,185333.4,0.0,0.0,0
15m,1747434600.0,2.3818,2.3861,2.3807,2.3813,115993.35,0.0,0.0,0
15m,1747435500.0,2.3813,2.3837,2.3625,2.3721,1026938.95,0.0,0.0,0
15m,1747436400.0,2.3721,2.3843,2.3713,2.3843,216263.53,0.0,0.0,0
15m,1747437300.0,2.3843,2.3899,2.3751,2.3883,158220.66,0.0,0.0,0
15m,1747438200.0,2.3883,2.3931,2.3859,2.3872,186240.29,0.0,0.0,0
15m,1747439100.0,2.3872,2.3879,2.3776,2.3798,261774.22,0.0,0.0,0
15m,1747440000.0,2.3798,2.3829,2.3667,2.3825,493935.71,0.0,0.0,0
15m,1747440900.0,2.3825,2.3825,2.3567,2.3571,738655.68,0.0,0.0,0
15m,1747441800.0,2.3571,2.3628,2.3385,2.3506,1315654.84,0.0,0.0,0
15m,1747442700.0,2.3506,2.3618,2.3463,2.3569,334934.16,0.0,0.0,0
15m,1747443600.0,2.3569,2.3569,2.3386,2.3394,503866.94,0.0,0.0,0
15m,1747444500.0,2.3394,2.3488,2.3256,2.3367,1185523.3,0.0,0.0,0
15m,1747445400.0,2.3367,2.3395,2.3233,2.3316,1042703.96,0.0,0.0,0
15m,1747446300.0,2.3316,2.3317,2.3128,2.3287,1317335.53,0.0,0.0,0
15m,1747447200.0,2.3287,2.3363,2.3189,2.3189,472495.9,0.0,0.0,0
15m,1747448100.0,2.3189,2.3446,2.3177,2.3419,323324.4,0.0,0.0,0
15m,1747449000.0,2.3419,2.3472,2.3416,2.347,231886.71,0.0,0.0,0
15m,1747449900.0,2.347,2.3525,2.3428,2.3471,303396.6,0.0,0.0,0
15m,1747450800.0,2.3471,2.3528,2.3428,2.3445,287513.39,0.0,0.0,0
15m,1747451700.0,2.3445,2.3553,2.3379,2.3547,298072.54,0.0,0.0,0
15m,1747452600.0,2.3547,2.361,2.3495,2.3582,210026.55,0.0,0.0,0
15m,1747453500.0,2.3582,2.3728,2.3572,2.3704,334066.68,0.0,0.0,0
15m,1747454400.0,2.3704,2.3739,2.364,2.368,193035.75,0.0,0.0,0
15m,1747455300.0,2.368,2.3771,2.3669,2.3769,129646.4,0.0,0.0,0
15m,1747456200.0,2.3769,2.3815,2.3754,2.3799,164971.76,0.0,0.0,0
15m,1747457100.0,2.3799,2.3799,2.3707,2.3742,100670.22,0.0,0.0,0
15m,1747458000.0,2.3742,2.3772,2.3717,2.3741,154064.0,0.0,0.0,0
15m,1747458900.0,2.3741,2.3778,2.3672,2.3725,119349.95,0.0,0.0,0
15m,1747459800.0,2.3725,2.3757,2.3686,2.3705,163162.98,0.0,0.0,0
15m,1747460700.0,2.3705,2.3705,2.3631,2.3642,291219.82,0.0,0.0,0
15m,1747461600.0,2.3642,2.3759,2.3642,2.3757,250532.65,0.0,0.0,0
15m,1747462500.0,2.3757,2.3761,2.3652,2.3652,321299.55,0.0,0.0,0
15m,1747463400.0,2.3652,2.3727,2.3633,2.3726,143350.53,0.0,0.0,0
15m,1747464300.0,2.3726,2.3762,2.3703,2.3751,198956.02,0.0,0.0,0
15m,1747465200.0,2.3751,2.389,2.3734,2.3871,466812.78,0.0,0.0,0
15m,1747466100.0,2.3871,2.3893,2.3822,2.388,220623.18,0.0,0.0,0
15m,1747467000.0,2.388,2.3891,2.3757,2.3758,119664.87,0.0,0.0,0
15m,1747467900.0,2.3758,2.3804,2.3704,2.3802,153040.31,0.0,0.0,0
15m,1747468800.0,2.3802,2.3812,2.369,2.3739,151412.14,0.0,0.0,0
15m,1747469700.0,2.3739,2.3793,2.3658,2.3793,286027.89,0.0,0.0,0
15m,1747470600.0,2.3793,2.3826,2.3694,2.3712,136049.01,0.0,0.0,0
15m,1747471500.0,2.3712,2.3746,2.3661,2.3676,88679.76,0.0,0.0,0
15m,1747472400.0,2.3676,2.3728,2.3575,2.3669,343550.86,0.0,0.0,0
15m,1747473300.0,2.3669,2.3673,2.3536,2.3575,252432.75,0.0,0.0,0
15m,1747474200.0,2.3575,2.3675,2.3566,2.3609,244610.77,0.0,0.0,0
15m,1747475100.0,2.3609,2.3674,2.3573,2.3616,204257.79,0.0,0.0,0
15m,1747476000.0,2.3616,2.3677,2.3573,2.3663,236365.26,0.0,0.0,0
15m,1747476900.0,2.3663,2.3758,2.3615,2.3735,128539.0,0.0,0.0,0
15m,1747477800.0,2.3735,2.3736,2.3552,2.3561,503278.26,0.0,0.0,0
15m,1747478700.0,2.3561,2.3635,2.3522,2.3566,284710.16,0.0,0.0,0
15m,1747479600.0,2.3566,2.3567,2.3485,2.3508,325453.76,0.0,0.0,0
15m,1747480500.0,2.3508,2.3535,2.3408,2.3441,388693.56,0.0,0.0,0
15m,1747481400.0,2.3441,2.3569,2.3437,2.3555,251832.35,0.0,0.0,0
15m,1747482300.0,2.3555,2.3611,2.3523,2.3531,157146.11,0.0,0.0,0
15m,1747483200.0,2.3531,2.3561,2.3476,2.348,193662.87,0.0,0.0,0
15m,1747484100.0,2.348,2.3546,2.3445,2.3484,218982.18,0.0,0.0,0
15m,1747485000.0,2.3484,2.3509,2.343,2.3458,200522.45,0.0,0.0,0
15m,1747485900.0,2.3458,2.3458,2.336,2.3388,339232.2,0.0,0.0,0
15m,1747486800.0,2.3388,2.3457,2.3319,2.3455,436160.08,0.0,0.0,0
15m,1747487700.0,2.3455,2.3463,2.332,2.3337,217816.61,0.0,0.0,0
15m,1747488600.0,2.3337,2.3348,2.3224,2.3253,483232.1,0.0,0.0,0
15m,1747489500.0,2.3253,2.3266,2.3165,2.3252,468130.27,0.0,0.0,0
15m,1747490400.0,2.3252,2.3353,2.3242,2.3346,433503.91,0.0,0.0,0
15m,1747491300.0,2.3346,2.345,2.3328,2.3434,209792.64,0.0,0.0,0
15m,1747492200.0,2.3434,2.3479,2.3392,2.3418,154588.5,0.0,0.0,0
15m,1747493100.0,2.3418,2.3558,2.3418,2.3498,193477.9,0.0,0.0,0
15m,1747494000.0,2.3498,2.3504,2.3413,2.3468,238309.52,0.0,0.0,0
15m,1747494900.0,2.3468,2.3477,2.3405,2.3461,124734.97,0.0,0.0,0
15m,1747495800.0,2.3461,2.3493,2.3435,2.3468,126776.15,0.0,0.0,0
15m,1747496700.0,2.3468,2.3468,2.3331,2.3333,187976.29,0.0,0.0,0
15m,1747497600.0,2.3333,2.3394,2.3289,2.3328,246655.08,0.0,0.0,0
15m,1747498500.0,2.3328,2.3354,2.3205,2.3231,380001.2,0.0,0.0,0
15m,1747499400.0,2.3231,2.3234,2.3052,2.3097,1244906.91,0.0,0.0,0
15m,1747500300.0,2.3097,2.316,2.2988,2.316,905803.68,0.0,0.0,0
15m,1747501200.0,2.316,2.3264,2.3139,2.3233,241725.24,0.0,0.0,0
15m,1747502100.0,2.3233,2.3384,2.317,2.3377,654158.65,0.0,0.0,0
15m,1747503000.0,2.3377,2.3423,2.3324,2.3324,293212.19,0.0,0.0,0
15m,1747503900.0,2.3324,2.3363,2.3233,2.3236,210578.65,0.0,0.0,0
15m,1747504800.0,2.3236,2.3411,2.3223,2.3363,692104.86,0.0,0.0,0
15m,1747505700.0,2.3363,2.3497,2.3263,2.3472,612712.28,0.0,0.0,0
15m,1747506600.0,2.3472,2.3476,2.3315,2.3356,455251.05,0.0,0.0,0
15m,1747507500.0,2.3356,2.3356,2.3245,2.3276,154774.9,0.0,0.0,0
15m,1747508400.0,2.3276,2.3345,2.3236,2.3339,125725.0,0.0,0.0,0
15m,1747509300.0,2.3339,2.3413,2.3339,2.3358,108344.33,0.0,0.0,0
15m,1747510200.0,2.3358,2.3381,2.3302,2.3376,104559.14,0.0,0.0,0
15m,1747511100.0,2.3376,2.3395,2.3323,2.3349,153588.26,0.0,0.0,0
15m,1747512000.0,2.3349,2.344,2.3301,2.3304,147118.68,0.0,0.0,0
15m,1747512900.0,2.3304,2.3429,2.3304,2.3424,201903.62,0.0,0.0,0
15m,1747513800.0,2.3424,2.3481,2.3418,2.3431,188482.26,0.0,0.0,0
15m,1747514700.0,2.3431,2.3625,2.3409,2.3585,484479.32,0.0,0.0,0
15m,1747515600.0,2.3585,2.3622,2.3467,2.3477,252939.64,0.0,0.0,0
15m,1747516500.0,2.3477,2.3542,2.3434,2.3542,173320.9,0.0,0.0,0
15m,1747517400.0,2.3542,2.3582,2.3504,2.3551,131990.53,0.0,0.0,0
15m,1747518300.0,2.3551,2.361,2.3527,2.3583,128076.29,0.0,0.0,0
15m,1747519200.0,2.3583,2.3587,2.3355,2.3378,687072.22,0.0,0.0,0
15m,1747520100.0,2.3378,2.3378,2.3281,2.3292,349836.63,0.0,0.0,0
15m,1747521000.0,2.3292,2.3427,2.3263,2.3418,144175.37,0.0,0.0,0
15m,1747521900.0,2.3418,2.3467,2.3356,2.3434,401251.98,0.0,0.0,0
15m,1747522800.0,2.3434,2.3514,2.3395,2.3483,217919.57,0.0,0.0,0
15m,1747523700.0,2.3483,2.3544,2.3463,2.3532,79889.4,0.0,0.0,0
15m,1747524600.0,2.3532,2.3532,2.3479,2.3504,152450.17,0.0,0.0,0
15m,1747525500.0,2.3504,2.3553,2.3499,2.3532,62654.31,0.0,0.0,0
15m,1747526400.0,2.3532,2.3631,2.353,2.3629,223421.14,0.0,0.0,0
15m,1747527300.0,2.3629,2.3656,2.3532,2.3581,342836.75,0.0,0.0,0
15m,1747528200.0,2.3581,2.3615,2.3501,2.3501,241302.85,0.0,0.0,0
15m,1747529100.0,2.3501,2.3636,2.3493,2.3592,270713.58,0.0,0.0,0
15m,1747530000.0,2.3592,2.3614,2.3563,2.3585,116394.35,0.0,0.0,0
15m,1747530900.0,2.3585,2.364,2.3553,2.3561,101083.64,0.0,0.0,0
15m,1747531800.0,2.3561,2.36,2.3536,2.3569,73632.09,0.0,0.0,0
15m,1747532700.0,2.3569,2.3678,2.3551,2.3652,146997.07,0.0,0.0,0
15m,1747533600.0,2.3652,2.3686,2.3636,2.3675,261314.03,0.0,0.0,0
15m,1747534500.0,2.3675,2.3675,2.3619,2.3619,105847.55,0.0,0.0,0
15m,1747535400.0,2.3619,2.3651,2.3578,2.3581,134836.6,0.0,0.0,0
15m,1747536300.0,2.3581,2.3643,2.3573,2.3606,121744.14,0.0,0.0,0
15m,1747537200.0,2.3606,2.3681,2.3563,2.3566,364795.48,0.0,0.0,0
15m,1747538100.0,2.3566,2.357,2.3511,2.3535,108438.08,0.0,0.0,0
15m,1747539000.0,2.3535,2.3638,2.3531,2.3609,418605.13,0.0,0.0,0
15m,1747539900.0,2.3609,2.3611,2.3571,2.3585,61850.27,0.0,0.0,0
15m,1747540800.0,2.3585,2.364,2.3583,2.363,70616.25,0.0,0.0,0
15m,1747541700.0,2.363,2.3662,2.3624,2.3648,275911.46,0.0,0.0,0
15m,1747542600.0,2.3648,2.3694,2.3634,2.3685,109255.47,0.0,0.0,0
15m,1747543500.0,2.3685,2.3704,2.3667,2.3676,211011.88,0.0,0.0,0
15m,1747544400.0,2.3676,2.3757,2.3674,2.372,170748.98,0.0,0.0,0
15m,1747545300.0,2.372,2.3775,2.3719,2.3771,273513.32,0.0,0.0,0
15m,1747546200.0,2.3771,2.3789,2.3727,2.3736,133681.86,0.0,0.0,0
15m,1747547100.0,2.3736,2.386,2.3732,2.3837,398164.47,0.0,0.0,0
15m,1747548000.0,2.3837,2.3864,2.3799,2.3864,359465.55,0.0,0.0,0
15m,1747548900.0,2.3864,2.3875,2.3785,2.3802,256717.86,0.0,0.0,0
15m,1747549800.0,2.3802,2.3806,2.3738,2.3801,306640.67,0.0,0.0,0
15m,1747550700.0,2.3801,2.3817,2.3763,2.3805,104920.1,0.0,0.0,0
15m,1747551600.0,2.3805,2.3873,2.3794,2.3873,201361.27,0.0,0.0,0
15m,1747552500.0,2.3873,2.3939,2.3873,2.392,257182.54,0.0,0.0,0
15m,1747553400.0,2.392,2.3926,2.3865,2.3924,295146.65,0.0,0.0,0
15m,1747554300.0,2.3924,2.3984,2.3906,2.3966,482143.4,0.0,0.0,0
15m,1747555200.0,2.3966,2.4036,2.3954,2.3985,636241.85,0.0,0.0,0
15m,1747556100.0,2.3985,2.4042,2.3936,2.4029,369030.5,0.0,0.0,0
15m,1747557000.0,2.4029,2.4068,2.395,2.3984,792794.39,0.0,0.0,0
15m,1747557900.0,2.3984,2.4003,2.3941,2.3946,305867.04,0.0,0.0,0
15m,1747558800.0,2.3946,2.3995,2.3946,2.3985,244914.44,0.0,0.0,0
15m,1747559700.0,2.3985,2.3985,2.391,2.3922,350569.17,0.0,0.0,0
15m,1747560600.0,2.3922,2.3928,2.3834,2.3839,438608.59,0.0,0.0,0
15m,1747561500.0,2.3839,2.3904,2.3837,2.3898,243328.17,0.0,0.0,0
15m,1747562400.0,2.3898,2.3928,2.3894,2.3921,128016.35,0.0,0.0,0
15m,1747563300.0,2.3921,2.3932,2.3866,2.3881,136033.22,0.0,0.0,0
15m,1747564200.0,2.3881,2.3906,2.3868,2.3892,181527.42,0.0,0.0,0
15m,1747565100.0,2.3892,2.3924,2.3881,2.3917,166542.09,0.0,0.0,0
15m,1747566000.0,2.3917,2.3958,2.3905,2.3948,249466.34,0.0,0.0,0
15m,1747566900.0,2.3948,2.3982,2.3928,2.3931,159880.7,0.0,0.0,0
15m,1747567800.0,2.3931,2.3963,2.3871,2.3877,201465.2,0.0,0.0,0
15m,1747568700.0,2.3877,2.3908,2.3863,2.3877,188177.38,0.0,0.0,0
15m,1747569600.0,2.3877,2.3877,2.3804,2.3822,342490.29,0.0,0.0,0
15m,1747570500.0,2.3822,2.3907,2.3797,2.389,657629.4,0.0,0.0,0
15m,1747571400.0,2.389,2.3905,2.3847,2.3853,304910.5,0.0,0.0,0
15m,1747572300.0,2.3853,2.3907,2.3838,2.3903,153594.19,0.0,0.0,0
15m,1747573200.0,2.3903,2.3909,2.3855,2.389,289477.05,0.0,0.0,0
15m,1747574100.0,2.389,2.3913,2.388,2.391,186434.39,0.0,0.0,0
15m,1747575000.0,2.391,2.4082,2.39,2.4013,673174.8,0.0,0.0,0
15m,1747575900.0,2.4013,2.4099,2.3968,2.4083,442914.6,0.0,0.0,0
15m,1747576800.0,2.4083,2.4109,2.4031,2.4032,384363.33,0.0,0.0,0
15m,1747577700.0,2.4032,2.4123,2.4032,2.4097,681220.6,0.0,0.0,0
15m,1747578600.0,2.4097,2.4359,2.4093,2.4291,1477118.79,0.0,0.0,0
15m,1747579500.0,2.4291,2.4393,2.4268,2.4282,1383574.05,0.0,0.0,0
15m,1747580400.0,2.4282,2.4303,2.4165,2.4258,872794.49,0.0,0.0,0
15m,1747581300.0,2.4258,2.4359,2.4231,2.4293,623650.83,0.0,0.0,0
15m,1747582200.0,2.4293,2.4377,2.4253,2.4369,283218.88,0.0,0.0,0
15m,1747583100.0,2.4369,2.4447,2.4328,2.4375,646538.06,0.0,0.0,0
15m,1747584000.0,2.4375,2.4495,2.4309,2.4389,666388.92,0.0,0.0,0
15m,1747584900.0,2.4389,2.4425,2.4276,2.4404,728080.54,0.0,0.0,0
15m,1747585800.0,2.4404,2.4429,2.4328,2.4378,512582.63,0.0,0.0,0
15m,1747586700.0,2.4378,2.4417,2.4307,2.4367,516958.67,0.0,0.0,0
15m,1747587600.0,2.4367,2.4369,2.4264,2.4307,329024.26,0.0,0.0,0
15m,1747588500.0,2.4307,2.431,2.413,2.4193,808203.61,0.0,0.0,0
15m,1747589400.0,2.4193,2.4217,2.41,2.4177,1006402.29,0.0,0.0,0
15m,1747590300.0,2.4177,2.4178,2.395,2.3972,964035.76,0.0,0.0,0
15m,1747591200.0,2.3972,2.3993,2.3689,2.3798,1434973.38,0.0,0.0,0
15m,1747592100.0,2.3798,2.3923,2.3653,2.3922,1016720.7,0.0,0.0,0
15m,1747593000.0,2.3922,2.3932,2.3836,2.3898,364699.87,0.0,0.0,0
15m,1747593900.0,2.3898,2.3991,2.381,2.3984,838028.7,0.0,0.0,0
15m,1747594800.0,2.3984,2.4057,2.3972,2.4004,423489.28,0.0,0.0,0
15m,1747595700.0,2.4004,2.409,2.3954,2.4039,204370.29,0.0,0.0,0
15m,1747596600.0,2.4039,2.4041,2.3812,2.3827,444179.1,0.0,0.0,0
15m,1747597500.0,2.3827,2.3873,2.3661,2.3694,733374.43,0.0,0.0,0
15m,1747598400.0,2.3694,2.3694,2.3316,2.349,2582743.53,0.0,0.0,0
15m,1747599300.0,2.349,2.3628,2.3489,2.3578,641896.03,0.0,0.0,0
15m,1747600200.0,2.3578,2.3738,2.3529,2.3738,358723.53,0.0,0.0,0
15m,1747601100.0,2.3738,2.3772,2.3682,2.3711,226871.22,0.0,0.0,0
15m,1747602000.0,2.3711,2.3876,2.3709,2.3842,313029.12,0.0,0.0,0
15m,1747602900.0,2.3842,2.3895,2.3826,2.3887,253184.72,0.0,0.0,0
15m,1747603800.0,2.3887,2.394,2.3763,2.3856,194277.95,0.0,0.0,0
15m,1747604700.0,2.3856,2.388,2.3691,2.3741,287933.97,0.0,0.0,0
15m,1747605600.0,2.3741,2.3769,2.3592,2.3682,377127.04,0.0,0.0,0
15m,1747606500.0,2.3682,2.385,2.3608,2.3832,299745.42,0.0,0.0,0
15m,1747607400.0,2.3832,2.3921,2.3822,2.3898,416424.62,0.0,0.0,0
15m,1747608300.0,2.3898,2.4061,2.389,2.4049,282732.3,0.0,0.0,0
15m,1747609200.0,2.4049,2.4101,2.3964,2.4018,341111.91,0.0,0.0,0
15m,1747610100.0,2.4018,2.41,2.3961,2.41,176723.1,0.0,0.0,0
15m,1747611000.0,2.41,2.4137,2.4053,2.4137,352390.78,0.0,0.0,0
15m,1747611900.0,2.4137,2.4369,2.4103,2.4277,657947.24,0.0,0.0,0
15m,1747612800.0,2.4277,2.4407,2.4152,2.4276,1074380.28,0.0,0.0,0
15m,1747613700.0,2.4276,2.4312,2.4059,2.4104,1123983.36,0.0,0.0,0
15m,1747614600.0,2.4104,2.4125,2.3926,2.3973,775857.96,0.0,0.0,0
15m,1747615500.0,2.3973,2.4031,2.3864,2.3986,424220.84,0.0,0.0,0
15m,1747616400.0,2.3986,2.4056,2.3842,2.3916,440242.0,0.0,0.0,0
15m,1747617300.0,2.3916,2.394,2.3785,2.3891,417363.08,0.0,0.0,0
15m,1747618200.0,2.3891,2.3995,2.3847,2.3862,339623.85,0.0,0.0,0
15m,1747619100.0,2.3862,2.3943,2.384,2.39,320996.94,0.0,0.0,0
15m,1747620000.0,2.39,2.3955,2.3734,2.3737,491993.54,0.0,0.0,0
15m,1747620900.0,2.3737,2.386,2.3737,2.3849,380314.49,0.0,0.0,0
15m,1747621800.0,2.3849,2.3877,2.3774,2.3782,290276.75,0.0,0.0,0
15m,1747622700.0,2.3782,2.3809,2.3726,2.3753,208964.6,0.0,0.0,0
15m,1747623600.0,2.3753,2.376,2.3619,2.3622,425168.83,0.0,0.0,0
15m,1747624500.0,2.3622,2.3703,2.36,2.3648,297997.19,0.0,0.0,0
15m,1747625400.0,2.3648,2.3677,2.3539,2.3547,404892.1,0.0,0.0,0
15m,1747626300.0,2.3547,2.3577,2.349,2.3491,631007.0,0.0,0.0,0
15m,1747627200.0,2.3491,2.3626,2.3398,2.3609,870921.47,0.0,0.0,0
15m,1747628100.0,2.3609,2.3627,2.3441,2.3496,465992.06,0.0,0.0,0
15m,1747629000.0,2.3496,2.3542,2.3343,2.346,708170.04,0.0,0.0,0
15m,1747629900.0,2.346,2.3467,2.3227,2.3334,778062.46,0.0,0.0,0
15m,1747630800.0,2.3334,2.3371,2.3216,2.3323,896164.68,0.0,0.0,0
15m,1747631700.0,2.3323,2.3354,2.3257,2.3316,857906.62,0.0,0.0,0
15m,1747632600.0,2.3316,2.3428,2.3233,2.3388,927348.96,0.0,0.0,0
15m,1747633500.0,2.3388,2.3434,2.3353,2.343,456330.46,0.0,0.0,0
15m,1747634400.0,2.343,2.3509,2.3383,2.3469,464135.64,0.0,0.0,0
15m,1747635300.0,2.3469,2.3469,2.3236,2.3268,859879.55,0.0,0.0,0
15m,1747636200.0,2.3268,2.3273,2.2964,2.306,2586034.87,0.0,0.0,0
15m,1747637100.0,2.306,2.3107,2.2832,2.2849,2807825.73,0.0,0.0,0
15m,1747638000.0,2.2849,2.305,2.2824,2.302,1104590.24,0.0,0.0,0
15m,1747638900.0,2.302,2.316,2.301,2.3099,538544.46,0.0,0.0,0
15m,1747639800.0,2.3099,2.3161,2.3076,2.3148,582348.07,0.0,0.0,0
15m,1747640700.0,2.3148,2.3183,2.3055,2.3055,424299.09,0.0,0.0,0
15m,1747641600.0,2.3055,2.3055,2.289,2.3009,1444452.59,0.0,0.0,0
15m,1747642500.0,2.3009,2.3087,2.2976,2.2976,623843.6,0.0,0.0,0
15m,1747643400.0,2.2976,2.2979,2.2871,2.2897,616295.64,0.0,0.0,0
15m,1747644300.0,2.2897,2.3091,2.2891,2.3065,605053.54,0.0,0.0,0
15m,1747645200.0,2.3065,2.3173,2.2956,2.3068,1295120.09,0.0,0.0,0
15m,1747646100.0,2.3068,2.3166,2.3062,2.3141,385680.67,0.0,0.0,0
15m,1747647000.0,2.3141,2.3192,2.3138,2.3183,455074.74,0.0,0.0,0
15m,1747647900.0,2.3183,2.3184,2.3104,2.3141,219324.66,0.0,0.0,0
15m,1747648800.0,2.3141,2.3147,2.2999,2.3027,995642.07,0.0,0.0,0
15m,1747649700.0,2.3027,2.3152,2.3026,2.3099,878932.73,0.0,0.0,0
15m,1747650600.0,2.3099,2.3145,2.3034,2.3141,2058489.74,0.0,0.0,0
15m,1747651500.0,2.3141,2.3236,2.3127,2.3152,532801.02,0.0,0.0,0
15m,1747652400.0,2.3152,2.32,2.3131,2.3185,242389.75,0.0,0.0,0
15m,1747653300.0,2.3185,2.3241,2.3166,2.3195,385139.36,0.0,0.0,0
15m,1747654200.0,2.3195,2.3253,2.3161,2.3248,261360.18,0.0,0.0,0
15m,1747655100.0,2.3248,2.3263,2.3222,2.3241,368943.62,0.0,0.0,0
15m,1747656000.0,2.3241,2.3264,2.3099,2.3114,414884.22,0.0,0.0,0
15m,1747656900.0,2.3114,2.314,2.3035,2.3112,474032.52,0.0,0.0,0
15m,1747657800.0,2.3112,2.3115,2.2945,2.3015,696646.77,0.0,0.0,0
15m,1747658700.0,2.3015,2.3025,2.2904,2.2994,543515.34,0.0,0.0,0
15m,1747659600.0,2.2994,2.3072,2.2977,2.298,363124.4,0.0,0.0,0
15m,1747660500.0,2.298,2.3124,2.297,2.3111,821269.07,0.0,0.0,0
15m,1747661400.0,2.3111,2.3266,2.3041,2.3245,750058.26,0.0,0.0,0
15m,1747662300.0,2.3245,2.3317,2.3193,2.3232,536454.83,0.0,0.0,0
15m,1747663200.0,2.3232,2.3298,2.3173,2.3247,504506.66,0.0,0.0,0
15m,1747664100.0,2.3247,2.3418,2.3243,2.3318,446831.99,0.0,0.0,0
15m,1747665000.0,2.3318,2.3418,2.3295,2.3385,300388.81,0.0,0.0,0
15m,1747665900.0,2.3385,2.3486,2.3383,2.3443,348455.09,0.0,0.0,0
15m,1747666800.0,2.3443,2.3582,2.3428,2.3515,355912.07,0.0,0.0,0
15m,1747667700.0,2.3515,2.3533,2.3349,2.3396,572885.05,0.0,0.0,0
15m,1747668600.0,2.3396,2.3477,2.3367,2.3477,384669.83,0.0,0.0,0
15m,1747669500.0,2.3477,2.3535,2.3426,2.3496,315722.74,0.0,0.0,0
15m,1747670400.0,2.3496,2.3509,2.337,2.34,387423.5,0.0,0.0,0
15m,1747671300.0,2.34,2.3535,2.34,2.3535,292440.47,0.0,0.0,0
15m,1747672200.0,2.3535,2.3559,2.3433,2.3522,640834.34,0.0,0.0,0
15m,1747673100.0,2.3522,2.3665,2.3502,2.3659,397308.99,0.0,0.0,0
15m,1747674000.0,2.3659,2.3821,2.3652,2.3687,544077.52,0.0,0.0,0
15m,1747674900.0,2.3687,2.3749,2.3636,2.3673,279343.42,0.0,0.0,0
15m,1747675800.0,2.3673,2.3722,2.3626,2.3691,262155.78,0.0,0.0,0
15m,1747676700.0,2.3691,2.3726,2.3654,2.3681,319655.54,0.0,0.0,0
15m,1747677600.0,2.3681,2.3732,2.3644,2.3667,197602.5,0.0,0.0,0
15m,1747678500.0,2.3667,2.3697,2.3566,2.3594,386682.62,0.0,0.0,0
15m,1747679400.0,2.3594,2.3749,2.3507,2.3719,590537.74,0.0,0.0,0
15m,1747680300.0,2.3719,2.3744,2.3625,2.3677,206390.45,0.0,0.0,0
15m,1747681200.0,2.3677,2.3743,2.365,2.3727,373733.49,0.0,0.0,0
15m,1747682100.0,2.3727,2.3785,2.371,2.3741,192102.08,0.0,0.0,0
15m,1747683000.0,2.3741,2.3837,2.3708,2.3776,918940.84,0.0,0.0,0
15m,1747683900.0,2.3776,2.4011,2.3705,2.3985,922800.43,0.0,0.0,0
15m,1747684800.0,2.3985,2.3992,2.3823,2.3831,471093.9,0.0,0.0,0
15m,1747685700.0,2.3831,2.394,2.3824,2.3916,346390.07,0.0,0.0,0
15m,1747686600.0,2.3916,2.3917,2.3835,2.3842,150012.91,0.0,0.0,0
15m,1747687500.0,2.3842,2.3905,2.3812,2.3895,339281.64,0.0,0.0,0
15m,1747688400.0,2.3895,2.3903,2.3782,2.3819,217094.27,0.0,0.0,0
15m,1747689300.0,2.3819,2.3826,2.367,2.367,338449.68,0.0,0.0,0
15m,1747690200.0,2.367,2.3787,2.367,2.3744,108247.46,0.0,0.0,0
15m,1747691100.0,2.3744,2.3826,2.3742,2.3814,89262.69,0.0,0.0,0
15m,1747692000.0,2.3814,2.3845,2.3703,2.371,301361.17,0.0,0.0,0
15m,1747692900.0,2.371,2.3723,2.366,2.3695,135684.8,0.0,0.0,0
15m,1747693800.0,2.3695,2.374,2.3691,2.372,91310.17,0.0,0.0,0
15m,1747694700.0,2.372,2.3768,2.3714,2.3755,106556.82,0.0,0.0,0
15m,1747695600.0,2.3755,2.3827,2.3748,2.3788,115469.41,0.0,0.0,0
15m,1747696500.0,2.3788,2.3811,2.376,2.376,140667.54,0.0,0.0,0
15m,1747697400.0,2.376,2.3823,2.3733,2.3821,247700.98,0.0,0.0,0
15m,1747698300.0,2.3821,2.3853,2.3797,2.3802,95748.58,0.0,0.0,0
15m,1747699200.0,2.3802,2.3903,2.3763,2.3897,228116.88,0.0,0.0,0
15m,1747700100.0,2.3897,2.3978,2.3781,2.3812,417815.55,0.0,0.0,0
15m,1747701000.0,2.3812,2.3919,2.3785,2.3824,282891.75,0.0,0.0,0
15m,1747701900.0,2.3824,2.3848,2.3742,2.3765,246731.71,0.0,0.0,0
15m,1747702800.0,2.3765,2.3934,2.3743,2.3851,310767.45,0.0,0.0,0
15m,1747703700.0,2.3851,2.3957,2.3812,2.3923,267893.46,0.0,0.0,0
15m,1747704600.0,2.3923,2.4031,2.391,2.3963,586657.94,0.0,0.0,0
15m,1747705500.0,2.3963,2.4047,2.3917,2.3961,412534.63,0.0,0.0,0
15m,1747706400.0,2.3961,2.4046,2.3954,2.4031,267371.36,0.0,0.0,0
15m,1747707300.0,2.4031,2.4088,2.3934,2.3934,501528.13,0.0,0.0,0
15m,1747708200.0,2.3934,2.3999,2.3899,2.3904,453464.11,0.0,0.0,0
15m,1747709100.0,2.3904,2.3925,2.3831,2.3904,439049.51,0.0,0.0,0
15m,1747710000.0,2.3904,2.3916,2.3844,2.3857,241967.26,0.0,0.0,0
15m,1747710900.0,2.3857,2.3909,2.3834,2.3871,373606.12,0.0,0.0,0
15m,1747711800.0,2.3871,2.3873,2.3793,2.38,338941.91,0.0,0.0,0
15m,1747712700.0,2.38,2.3825,2.3763,2.3821,256713.7,0.0,0.0,0
15m,1747713600.0,2.3821,2.3828,2.3751,2.3792,346564.31,0.0,0.0,0
15m,1747714500.0,2.3792,2.3794,2.375,2.3755,481601.98,0.0,0.0,0
15m,1747715400.0,2.3755,2.3811,2.3751,2.3802,241931.04,0.0,0.0,0
15m,1747716300.0,2.3802,2.3884,2.3801,2.3875,408188.45,0.0,0.0,0
15m,1747717200.0,2.3875,2.3913,2.3833,2.3908,306832.75,0.0,0.0,0
15m,1747718100.0,2.3908,2.3925,2.3871,2.3886,223481.15,0.0,0.0,0
15m,1747719000.0,2.3886,2.3891,2.3814,2.3815,333139.2,0.0,0.0,0
15m,1747719900.0,2.3815,2.3865,2.3756,2.3761,506524.21,0.0,0.0,0
15m,1747720800.0,2.3761,2.3789,2.3671,2.3685,475666.2,0.0,0.0,0
15m,1747721700.0,2.3685,2.372,2.3583,2.3616,878762.89,0.0,0.0,0
15m,1747722600.0,2.3616,2.3657,2.3599,2.3642,456375.7,0.0,0.0,0
15m,1747723500.0,2.3642,2.3703,2.3639,2.3664,332486.76,0.0,0.0,0
15m,1747724400.0,2.3664,2.3675,2.3548,2.365,549404.66,0.0,0.0,0
15m,1747725300.0,2.365,2.3663,2.3555,2.3587,352947.13,0.0,0.0,0
15m,1747726200.0,2.3587,2.3594,2.3485,2.3517,628076.21,0.0,0.0,0
15m,1747727100.0,2.3517,2.3532,2.3461,2.3468,302015.63,0.0,0.0,0
15m,1747728000.0,2.3468,2.353,2.3379,2.3391,576457.66,0.0,0.0,0
15m,1747728900.0,2.3391,2.3505,2.3366,2.3497,678054.95,0.0,0.0,0
15m,1747729800.0,2.3497,2.3579,2.3494,2.356,522615.07,0.0,0.0,0
15m,1747730700.0,2.356,2.3589,2.3529,2.3566,160076.17,0.0,0.0,0
15m,1747731600.0,2.3566,2.3593,2.353,2.355,366950.65,0.0,0.0,0
15m,1747732500.0,2.355,2.3565,2.3473,2.348,366673.46,0.0,0.0,0
15m,1747733400.0,2.348,2.355,2.3477,2.3531,156942.31,0.0,0.0,0
15m,1747734300.0,2.3531,2.3543,2.3471,2.3505,139611.04,0.0,0.0,0
15m,1747735200.0,2.3505,2.3557,2.3451,2.3493,172188.53,0.0,0.0,0
15m,1747736100.0,2.3493,2.3512,2.34,2.348,328647.17,0.0,0.0,0
15m,1747737000.0,2.348,2.348,2.3393,2.3442,327855.42,0.0,0.0,0
15m,1747737900.0,2.3442,2.3515,2.3378,2.3448,465081.0,0.0,0.0,0
15m,1747738800.0,2.3448,2.3457,2.3359,2.3376,356539.56,0.0,0.0,0
15m,1747739700.0,2.3376,2.3445,2.3347,2.3438,269158.9,0.0,0.0,0
15m,1747740600.0,2.3438,2.3506,2.3438,2.3492,165135.72,0.0,0.0,0
15m,1747741500.0,2.3492,2.3503,2.3455,2.3466,99172.02,0.0,0.0,0
15m,1747742400.0,2.3466,2.3466,2.3381,2.3413,343410.49,0.0,0.0,0
15m,1747743300.0,2.3413,2.3441,2.3361,2.3369,355753.04,0.0,0.0,0
15m,1747744200.0,2.3369,2.3396,2.3236,2.3328,996455.97,0.0,0.0,0
15m,1747745100.0,2.3328,2.3371,2.3288,2.3352,271224.46,0.0,0.0,0
15m,1747746000.0,2.3352,2.3387,2.3295,2.3299,286697.39,0.0,0.0,0
15m,1747746900.0,2.3299,2.3419,2.3294,2.3371,355696.12,0.0,0.0,0
15m,1747747800.0,2.3371,2.3417,2.3291,2.3298,761089.45,0.0,0.0,0
15m,1747748700.0,2.3298,2.3328,2.3205,2.3248,794630.13,0.0,0.0,0
15m,1747749600.0,2.3248,2.3291,2.3208,2.3236,556957.99,0.0,0.0,0
15m,1747750500.0,2.3236,2.3408,2.323,2.3315,503716.96,0.0,0.0,0
15m,1747751400.0,2.3315,2.3354,2.3266,2.3351,276131.73,0.0,0.0,0
15m,1747752300.0,2.3351,2.3403,2.3289,2.3295,304788.35,0.0,0.0,0
15m,1747753200.0,2.3295,2.3393,2.3287,2.3369,227225.46,0.0,0.0,0
15m,1747754100.0,2.3369,2.3422,2.3326,2.3422,192368.83,0.0,0.0,0
15m,1747755000.0,2.3422,2.3471,2.3405,2.3412,320676.12,0.0,0.0,0
15m,1747755900.0,2.3412,2.3465,2.3406,2.3427,133883.15,0.0,0.0,0
15m,1747756800.0,2.3427,2.3447,2.3315,2.3322,331804.06,0.0,0.0,0
15m,1747757700.0,2.3322,2.3421,2.3313,2.3367,221120.89,0.0,0.0,0
15m,1747758600.0,2.3367,2.3427,2.3353,2.3405,139754.34,0.0,0.0,0
15m,1747759500.0,2.3405,2.3419,2.3301,2.3343,360889.24,0.0,0.0,0
15m,1747760400.0,2.3343,2.3497,2.3329,2.3491,263481.02,0.0,0.0,0
15m,1747761300.0,2.3491,2.3503,2.345,2.3488,280547.87,0.0,0.0,0
15m,1747762200.0,2.3488,2.351,2.3458,2.351,202474.64,0.0,0.0,0
15m,1747763100.0,2.351,2.3557,2.3494,2.3494,299030.76,0.0,0.0,0
15m,1747764000.0,2.3494,2.3547,2.3455,2.3518,366843.3,0.0,0.0,0
15m,1747764900.0,2.3518,2.3531,2.3331,2.334,729494.64,0.0,0.0,0
15m,1747765800.0,2.334,2.3399,2.3293,2.333,526358.49,0.0,0.0,0
15m,1747766700.0,2.333,2.3331,2.3144,2.3184,1029050.16,0.0,0.0,0
15m,1747767600.0,2.3184,2.3314,2.3149,2.3312,251801.95,0.0,0.0,0
15m,1747768500.0,2.3312,2.3413,2.3295,2.3394,459089.54,0.0,0.0,0
15m,1747769400.0,2.3394,2.3459,2.3389,2.3433,328736.36,0.0,0.0,0
15m,1747770300.0,2.3433,2.3654,2.3433,2.356,937265.16,0.0,0.0,0
15m,1747771200.0,2.356,2.3567,2.3456,2.3496,709580.77,0.0,0.0,0
15m,1747772100.0,2.3496,2.3522,2.3441,2.3491,425343.89,0.0,0.0,0
15m,1747773000.0,2.3491,2.3519,2.3433,2.3504,492942.66,0.0,0.0,0
15m,1747773900.0,2.3504,2.3627,2.3504,2.355,551159.37,0.0,0.0,0
15m,1747774800.0,2.355,2.3623,2.3465,2.3473,706519.15,0.0,0.0,0
15m,1747775700.0,2.3473,2.3585,2.3468,2.3468,320520.08,0.0,0.0,0
15m,1747776600.0,2.3468,2.3551,2.3408,2.3536,599119.29,0.0,0.0,0
15m,1747777500.0,2.3536,2.359,2.3496,2.3551,266704.61,0.0,0.0,0
15m,1747778400.0,2.3551,2.3587,2.3469,2.35,295457.58,0.0,0.0,0
15m,1747779300.0,2.35,2.35,2.3378,2.3458,696673.06,0.0,0.0,0
15m,1747780200.0,2.3458,2.3479,2.3387,2.3475,136992.44,0.0,0.0,0
15m,1747781100.0,2.3475,2.3498,2.3439,2.3496,271746.01,0.0,0.0,0
15m,1747782000.0,2.3496,2.3585,2.3464,2.3585,344996.18,0.0,0.0,0
15m,1747782900.0,2.3585,2.3651,2.3576,2.361,314365.99,0.0,0.0,0
15m,1747783800.0,2.361,2.3621,2.3524,2.3531,173530.64,0.0,0.0,0
15m,1747784700.0,2.3531,2.3587,2.351,2.3566,109538.66,0.0,0.0,0
15m,1747785600.0,2.3566,2.359,2.3496,2.3585,370542.48,0.0,0.0,0
15m,1747786500.0,2.3585,2.3613,2.3471,2.3513,544355.36,0.0,0.0,0
15m,1747787400.0,2.3513,2.3579,2.3481,2.3501,231775.54,0.0,0.0,0
15m,1747788300.0,2.3501,2.3572,2.3488,2.351,205126.95,0.0,0.0,0
15m,1747789200.0,2.351,2.3621,2.3494,2.3575,288097.18,0.0,0.0,0
15m,1747790100.0,2.3575,2.3602,2.3513,2.3535,377167.81,0.0,0.0,0
15m,1747791000.0,2.3535,2.3573,2.3516,2.3544,517480.72,0.0,0.0,0
15m,1747791900.0,2.3544,2.3547,2.3454,2.3468,277846.3,0.0,0.0,0
15m,1747792800.0,2.3468,2.347,2.3312,2.3387,625170.98,0.0,0.0,0
15m,1747793700.0,2.3387,2.3409,2.3337,2.3398,705690.48,0.0,0.0,0
15m,1747794600.0,2.3398,2.3534,2.3391,2.3509,237573.67,0.0,0.0,0
15m,1747795500.0,2.3509,2.358,2.3509,2.3564,444701.18,0.0,0.0,0
15m,1747796400.0,2.3564,2.3648,2.3542,2.3631,350657.1,0.0,0.0,0
15m,1747797300.0,2.3631,2.3652,2.3606,2.3634,255850.71,0.0,0.0,0
15m,1747798200.0,2.3634,2.3673,2.3597,2.3626,271022.49,0.0,0.0,0
15m,1747799100.0,2.3626,2.3677,2.3573,2.3587,181196.43,0.0,0.0,0
15m,1747800000.0,2.3587,2.3683,2.3575,2.3635,355213.86,0.0,0.0,0
15m,1747800900.0,2.3635,2.3649,2.3584,2.3587,220415.12,0.0,0.0,0
15m,1747801800.0,2.3587,2.3792,2.3549,2.3758,933025.77,0.0,0.0,0
15m,1747802700.0,2.3758,2.3784,2.3689,2.3698,881821.86,0.0,0.0,0
15m,1747803600.0,2.3698,2.3781,2.3694,2.3734,578693.83,0.0,0.0,0
15m,1747804500.0,2.3734,2.3879,2.373,2.3783,668685.51,0.0,0.0,0
15m,1747805400.0,2.3783,2.3883,2.3781,2.3791,362320.42,0.0,0.0,0
15m,1747806300.0,2.3791,2.3858,2.3753,2.3818,439103.69,0.0,0.0,0
15m,1747807200.0,2.3818,2.3863,2.3705,2.3731,674275.72,0.0,0.0,0
15m,1747808100.0,2.3731,2.3831,2.3697,2.3809,439588.52,0.0,0.0,0
15m,1747809000.0,2.3809,2.3864,2.3785,2.3844,358324.29,0.0,0.0,0
15m,1747809900.0,2.3844,2.3854,2.3774,2.3774,245214.48,0.0,0.0,0
15m,1747810800.0,2.3774,2.3811,2.3646,2.3657,468450.12,0.0,0.0,0
15m,1747811700.0,2.3657,2.3663,2.3477,2.3546,760392.57,0.0,0.0,0
15m,1747812600.0,2.3546,2.3546,2.3422,2.346,589139.05,0.0,0.0,0
15m,1747813500.0,2.346,2.3529,2.3412,2.3489,272971.9,0.0,0.0,0
15m,1747814400.0,2.3489,2.3607,2.348,2.3594,456969.06,0.0,0.0,0
15m,1747815300.0,2.3594,2.3594,2.3512,2.3544,199157.8,0.0,0.0,0
15m,1747816200.0,2.3544,2.3584,2.3496,2.3524,266040.13,0.0,0.0,0
15m,1747817100.0,2.3524,2.3543,2.3491,2.3494,157724.06,0.0,0.0,0
15m,1747818000.0,2.3494,2.3531,2.3415,2.3447,276495.48,0.0,0.0,0
15m,1747818900.0,2.3447,2.3479,2.3416,2.346,139676.79,0.0,0.0,0
15m,1747819800.0,2.346,2.346,2.3365,2.3378,529645.83,0.0,0.0,0
15m,1747820700.0,2.3378,2.3403,2.3363,2.3393,181967.3,0.0,0.0,0
15m,1747821600.0,2.3393,2.3414,2.3309,2.3379,551564.4,0.0,0.0,0
15m,1747822500.0,2.3379,2.34,2.3331,2.3364,326384.54,0.0,0.0,0
15m,1747823400.0,2.3364,2.3475,2.3362,2.3475,297626.62,0.0,0.0,0
15m,1747824300.0,2.3475,2.3478,2.3436,2.3442,247907.83,0.0,0.0,0
15m,1747825200.0,2.3442,2.3543,2.3418,2.3515,300840.89,0.0,0.0,0
15m,1747826100.0,2.3515,2.3573,2.3502,2.3539,249002.12,0.0,0.0,0
15m,1747827000.0,2.3539,2.3579,2.3522,2.3556,185941.57,0.0,0.0,0
15m,1747827900.0,2.3556,2.3556,2.35,2.3526,377548.19,0.0,0.0,0
15m,1747828800.0,2.3526,2.3545,2.3465,2.3541,486791.98,0.0,0.0,0
15m,1747829700.0,2.3541,2.3619,2.3539,2.36,265005.59,0.0,0.0,0
15m,1747830600.0,2.36,2.3607,2.3541,2.3556,181599.11,0.0,0.0,0
15m,1747831500.0,2.3556,2.3578,2.3522,2.3545,147358.14,0.0,0.0,0
15m,1747832400.0,2.3545,2.3568,2.3455,2.3473,187826.09,0.0,0.0,0
15m,1747833300.0,2.3473,2.3554,2.3469,2.3536,177664.18,0.0,0.0,0
15m,1747834200.0,2.3536,2.3703,2.3536,2.3696,566147.32,0.0,0.0,0
15m,1747835100.0,2.3696,2.378,2.3654,2.367,1759419.92,0.0,0.0,0
15m,1747836000.0,2.367,2.3744,2.3653,2.3724,539611.46,0.0,0.0,0
15m,1747836900.0,2.3724,2.3787,2.3675,2.3692,510850.78,0.0,0.0,0
15m,1747837800.0,2.3692,2.3769,2.3608,2.3752,354853.22,0.0,0.0,0
15m,1747838700.0,2.3752,2.4007,2.373,2.4,1603475.66,0.0,0.0,0
15m,1747839600.0,2.4,2.4055,2.3866,2.3906,1687530.37,0.0,0.0,0
15m,1747840500.0,2.3906,2.3998,2.3906,2.3941,407021.9,0.0,0.0,0
15m,1747841400.0,2.3941,2.4011,2.382,2.3988,1186432.96,0.0,0.0,0
15m,1747842300.0,2.3988,2.4063,2.3953,2.3992,1127168.66,0.0,0.0,0
15m,1747843200.0,2.3992,2.4032,2.3935,2.4031,310695.26,0.0,0.0,0
15m,1747844100.0,2.4031,2.4155,2.4007,2.4116,1015699.09,0.0,0.0,0
15m,1747845000.0,2.4116,2.4255,2.4116,2.4253,1410647.04,0.0,0.0,0
15m,1747845900.0,2.4253,2.4286,2.4138,2.4155,1094315.92,0.0,0.0,0
15m,1747846800.0,2.4155,2.4203,2.4012,2.4084,918372.91,0.0,0.0,0
15m,1747847700.0,2.4084,2.4091,2.346,2.3474,2995236.91,0.0,0.0,0
15m,1747848600.0,2.3474,2.3676,2.3379,2.3468,2627162.57,0.0,0.0,0
15m,1747849500.0,2.3468,2.3578,2.335,2.3465,1132543.77,0.0,0.0,0
15m,1747850400.0,2.3465,2.3632,2.3413,2.357,593821.12,0.0,0.0,0
15m,1747851300.0,2.357,2.3622,2.3458,2.3463,423343.29,0.0,0.0,0
15m,1747852200.0,2.3463,2.3738,2.3455,2.3723,525712.11,0.0,0.0,0
15m,1747853100.0,2.3723,2.3741,2.3564,2.3584,699746.94,0.0,0.0,0
15m,1747854000.0,2.3584,2.3691,2.3533,2.3618,240290.08,0.0,0.0,0
15m,1747854900.0,2.3618,2.3622,2.3529,2.3588,223891.84,0.0,0.0,0
15m,1747855800.0,2.3588,2.3784,2.3588,2.3751,296508.9,0.0,0.0,0
15m,1747856700.0,2.3751,2.3916,2.3737,2.3899,392524.32,0.0,0.0,0
15m,1747857600.0,2.3899,2.393,2.3803,2.3818,257018.93,0.0,0.0,0
15m,1747858500.0,2.3818,2.3877,2.38,2.3802,394394.74,0.0,0.0,0
15m,1747859400.0,2.3802,2.3841,2.3737,2.3777,427667.61,0.0,0.0,0
15m,1747860300.0,2.3777,2.3843,2.3712,2.3842,197934.35,0.0,0.0,0
15m,1747861200.0,2.3842,2.3853,2.3764,2.3818,176616.33,0.0,0.0,0
15m,1747862100.0,2.3818,2.3818,2.3723,2.3723,89204.08,0.0,0.0,0
15m,1747863000.0,2.3723,2.3794,2.3723,2.377,102462.67,0.0,0.0,0
15m,1747863900.0,2.377,2.3818,2.3743,2.376,58935.49,0.0,0.0,0
15m,1747864800.0,2.376,2.3805,2.3749,2.3774,128298.97,0.0,0.0,0
15m,1747865700.0,2.3774,2.3879,2.3768,2.3872,250423.78,0.0,0.0,0
15m,1747866600.0,2.3872,2.398,2.3834,2.397,631734.24,0.0,0.0,0
15m,1747867500.0,2.397,2.4005,2.3916,2.3922,571739.65,0.0,0.0,0
15m,1747868400.0,2.3922,2.3957,2.3851,2.3946,559198.2,0.0,0.0,0
15m,1747869300.0,2.3946,2.4159,2.3924,2.4031,836224.06,0.0,0.0,0
15m,1747870200.0,2.4031,2.4113,2.4005,2.4012,386853.79,0.0,0.0,0
15m,1747871100.0,2.4012,2.4024,2.3947,2.395,245942.2,0.0,0.0,0
15m,1747872000.0,2.395,2.4032,2.391,2.4004,443989.1,0.0,0.0,0
15m,1747872900.0,2.4004,2.4046,2.3972,2.4005,418335.22,0.0,0.0,0
15m,1747873800.0,2.4005,2.4046,2.39,2.3942,394797.48,0.0,0.0,0
15m,1747874700.0,2.3942,2.4041,2.3942,2.4039,326749.11,0.0,0.0,0
15m,1747875600.0,2.4039,2.4127,2.4036,2.4074,404874.25,0.0,0.0,0
15m,1747876500.0,2.4074,2.4099,2.4021,2.407,235068.39,0.0,0.0,0
15m,1747877400.0,2.407,2.4105,2.3948,2.3957,504804.02,0.0,0.0,0
15m,1747878300.0,2.3957,2.3995,2.3898,2.3952,571877.1,0.0,0.0,0
15m,1747879200.0,2.3952,2.4019,2.3939,2.4008,247751.08,0.0,0.0,0
15m,1747880100.0,2.4008,2.4062,2.397,2.4035,162471.04,0.0,0.0,0
15m,1747881000.0,2.4035,2.4106,2.4024,2.4046,350529.23,0.0,0.0,0
15m,1747881900.0,2.4046,2.4089,2.4019,2.4036,203985.38,0.0,0.0,0
15m,1747882800.0,2.4036,2.4053,2.4001,2.4023,113336.4,0.0,0.0,0
15m,1747883700.0,2.4023,2.4037,2.3971,2.4036,217623.38,0.0,0.0,0
15m,1747884600.0,2.4036,2.4136,2.4027,2.4125,438170.52,0.0,0.0,0
15m,1747885500.0,2.4125,2.4234,2.4125,2.4171,743585.3,0.0,0.0,0
15m,1747886400.0,2.4171,2.4185,2.4106,2.4128,733089.18,0.0,0.0,0
15m,1747887300.0,2.4128,2.4188,2.4096,2.4138,244687.81,0.0,0.0,0
15m,1747888200.0,2.4138,2.42,2.4105,2.42,207269.59,0.0,0.0,0
15m,1747889100.0,2.42,2.4203,2.4145,2.4188,359280.03,0.0,0.0,0
15m,1747890000.0,2.4188,2.4195,2.4061,2.4082,680181.31,0.0,0.0,0
15m,1747890900.0,2.4082,2.4182,2.4082,2.416,247338.47,0.0,0.0,0
15m,1747891800.0,2.416,2.4165,2.4121,2.4139,343285.03,0.0,0.0,0
15m,1747892700.0,2.4139,2.414,2.4007,2.4013,661192.41,0.0,0.0,0
15m,1747893600.0,2.4013,2.4079,2.3988,2.4024,375786.12,0.0,0.0,0
15m,1747894500.0,2.4024,2.4028,2.3948,2.3968,777192.52,0.0,0.0,0
15m,1747895400.0,2.3968,2.4002,2.3938,2.4,616166.32,0.0,0.0,0
15m,1747896300.0,2.4,2.4029,2.3931,2.3948,283150.49,0.0,0.0,0
15m,1747897200.0,2.3948,2.4028,2.3923,2.4028,199993.66,0.0,0.0,0
15m,1747898100.0,2.4028,2.4073,2.3882,2.3937,1099824.44,0.0,0.0,0
15m,1747899000.0,2.3937,2.4033,2.3916,2.4005,302356.49,0.0,0.0,0
15m,1747899900.0,2.4005,2.4076,2.4005,2.4054,253424.35,0.0,0.0,0
15m,1747900800.0,2.4054,2.4181,2.4039,2.4169,585737.38,0.0,0.0,0
15m,1747901700.0,2.4169,2.441,2.4163,2.4289,1622864.21,0.0,0.0,0
15m,1747902600.0,2.4289,2.4388,2.4264,2.43,1373061.35,0.0,0.0,0
15m,1747903500.0,2.43,2.4359,2.4289,2.4348,581886.05,0.0,0.0,0
15m,1747904400.0,2.4348,2.4486,2.433,2.4439,1103656.98,0.0,0.0,0
15m,1747905300.0,2.4439,2.4556,2.4432,2.45,1017855.79,0.0,0.0,0
15m,1747906200.0,2.45,2.4504,2.4341,2.4343,737743.33,0.0,0.0,0
15m,1747907100.0,2.4343,2.4348,2.4276,2.4314,634974.87,0.0,0.0,0
15m,1747908000.0,2.4314,2.4335,2.4246,2.4323,411741.66,0.0,0.0,0
15m,1747908900.0,2.4323,2.4355,2.4291,2.4334,1144124.29,0.0,0.0,0
15m,1747909800.0,2.4334,2.4345,2.4251,2.427,738083.19,0.0,0.0,0
15m,1747910700.0,2.427,2.4278,2.4191,2.4217,791317.87,0.0,0.0,0
15m,1747911600.0,2.4217,2.4244,2.4113,2.419,1173809.47,0.0,0.0,0
15m,1747912500.0,2.419,2.4244,2.4132,2.4155,516250.82,0.0,0.0,0
15m,1747913400.0,2.4155,2.4223,2.4149,2.4223,180364.47,0.0,0.0,0
15m,1747914300.0,2.4223,2.4385,2.4209,2.4316,635380.93,0.0,0.0,0
15m,1747915200.0,2.4316,2.4361,2.4248,2.4249,266010.83,0.0,0.0,0
15m,1747916100.0,2.4249,2.4339,2.4225,2.4295,282656.79,0.0,0.0,0
15m,1747917000.0,2.4295,2.4368,2.4246,2.4288,731634.31,0.0,0.0,0
15m,1747917900.0,2.4288,2.4352,2.4277,2.4294,206533.2,0.0,0.0,0
15m,1747918800.0,2.4294,2.4298,2.4151,2.4177,360647.46,0.0,0.0,0
15m,1747919700.0,2.4177,2.4263,2.4162,2.4262,283626.92,0.0,0.0,0
15m,1747920600.0,2.4262,2.4297,2.4087,2.4204,510994.43,0.0,0.0,0
15m,1747921500.0,2.4204,2.4255,2.4137,2.4179,244595.59,0.0,0.0,0
15m,1747922400.0,2.4179,2.4273,2.4158,2.4195,172778.14,0.0,0.0,0
15m,1747923300.0,2.4195,2.4308,2.4189,2.4296,213764.6,0.0,0.0,0
15m,1747924200.0,2.4296,2.4368,2.4241,2.4288,400766.02,0.0,0.0,0
15m,1747925100.0,2.4288,2.4323,2.4162,2.4255,370223.75,0.0,0.0,0
15m,1747926000.0,2.4255,2.4293,2.4221,2.4289,233902.48,0.0,0.0,0
15m,1747926900.0,2.4289,2.4339,2.4275,2.4314,176171.56,0.0,0.0,0
15m,1747927800.0,2.4314,2.4382,2.4303,2.4376,253440.56,0.0,0.0,0
15m,1747928700.0,2.4376,2.4387,2.4301,2.4328,285519.45,0.0,0.0,0
15m,1747929600.0,2.4328,2.4353,2.4296,2.4345,186940.07,0.0,0.0,0
15m,1747930500.0,2.4345,2.4387,2.4267,2.4267,439009.05,0.0,0.0,0
15m,1747931400.0,2.4267,2.4319,2.4214,2.43,664552.96,0.0,0.0,0
15m,1747932300.0,2.43,2.4302,2.4179,2.4209,349259.47,0.0,0.0,0
15m,1747933200.0,2.4209,2.4247,2.4177,2.4229,190363.55,0.0,0.0,0
15m,1747934100.0,2.4229,2.4337,2.422,2.4304,182505.52,0.0,0.0,0
15m,1747935000.0,2.4304,2.4345,2.4295,2.4332,197743.96,0.0,0.0,0
15m,1747935900.0,2.4332,2.4332,2.425,2.4284,97718.7,0.0,0.0,0
15m,1747936800.0,2.4284,2.4289,2.423,2.4261,108711.18,0.0,0.0,0
15m,1747937700.0,2.4261,2.4323,2.4261,2.431,110096.81,0.0,0.0,0
15m,1747938600.0,2.431,2.4332,2.4283,2.429,122357.09,0.0,0.0,0
15m,1747939500.0,2.429,2.4359,2.4284,2.4308,202305.56,0.0,0.0,0
15m,1747940400.0,2.4308,2.4323,2.4208,2.4286,638619.92,0.0,0.0,0
15m,1747941300.0,2.4286,2.4294,2.4244,2.4284,84363.21,0.0,0.0,0
15m,1747942200.0,2.4284,2.4291,2.4203,2.4207,244198.86,0.0,0.0,0
15m,1747943100.0,2.4207,2.4233,2.415,2.4228,423590.31,0.0,0.0,0
15m,1747944000.0,2.4228,2.4313,2.4224,2.4299,276904.49,0.0,0.0,0
15m,1747944900.0,2.4299,2.4299,2.4196,2.421,144008.16,0.0,0.0,0
15m,1747945800.0,2.421,2.4228,2.4168,2.4224,202507.05,0.0,0.0,0
15m,1747946700.0,2.4224,2.424,2.4194,2.4219,161493.17,0.0,0.0,0
15m,1747947600.0,2.4219,2.4222,2.4126,2.4174,302796.04,0.0,0.0,0
15m,1747948500.0,2.4174,2.4174,2.4055,2.406,289245.24,0.0,0.0,0
15m,1747949400.0,2.406,2.4136,2.4058,2.4119,116498.91,0.0,0.0,0
15m,1747950300.0,2.4119,2.4141,2.409,2.4117,68007.82,0.0,0.0,0
15m,1747951200.0,2.4117,2.4182,2.4097,2.414,158936.39,0.0,0.0,0
15m,1747952100.0,2.414,2.4181,2.4139,2.4168,140578.37,0.0,0.0,0
15m,1747953000.0,2.4168,2.4241,2.4163,2.4223,92873.96,0.0,0.0,0
15m,1747953900.0,2.4223,2.4223,2.4139,2.4148,146040.95,0.0,0.0,0
15m,1747954800.0,2.4148,2.4204,2.4148,2.4204,52286.41,0.0,0.0,0
15m,1747955700.0,2.4204,2.4245,2.4181,2.4231,105746.34,0.0,0.0,0
15m,1747956600.0,2.4231,2.428,2.4225,2.4277,71753.24,0.0,0.0,0
15m,1747957500.0,2.4277,2.4326,2.4276,2.4308,215432.25,0.0,0.0,0
15m,1747958400.0,2.4308,2.4399,2.4223,2.4383,392129.15,0.0,0.0,0
15m,1747959300.0,2.4383,2.4393,2.4295,2.431,414576.97,0.0,0.0,0
15m,1747960200.0,2.431,2.4364,2.4218,2.4336,218219.94,0.0,0.0,0
15m,1747961100.0,2.4336,2.4423,2.4323,2.4342,918915.55,0.0,0.0,0
15m,1747962000.0,2.4342,2.4392,2.4268,2.4324,345749.77,0.0,0.0,0
15m,1747962900.0,2.4324,2.4494,2.4288,2.4474,544677.91,0.0,0.0,0
15m,1747963800.0,2.4474,2.4557,2.4454,2.4534,829724.38,0.0,0.0,0
15m,1747964700.0,2.4534,2.4585,2.4509,2.4518,513431.01,0.0,0.0,0
15m,1747965600.0,2.4518,2.4726,2.451,2.4718,1112835.3,0.0,0.0,0
15m,1747966500.0,2.4718,2.476,2.4669,2.4713,980599.18,0.0,0.0,0
15m,1747967400.0,2.4713,2.4798,2.4645,2.4664,653534.28,0.0,0.0,0
15m,1747968300.0,2.4664,2.473,2.4559,2.4606,750987.17,0.0,0.0,0
15m,1747969200.0,2.4606,2.4667,2.4603,2.4654,647900.08,0.0,0.0,0
15m,1747970100.0,2.4654,2.4706,2.4605,2.4635,321741.97,0.0,0.0,0
15m,1747971000.0,2.4635,2.47,2.4584,2.47,291192.82,0.0,0.0,0
15m,1747971900.0,2.47,2.4772,2.4661,2.4735,322430.17,0.0,0.0,0
15m,1747972800.0,2.4735,2.4778,2.4623,2.4634,295350.15,0.0,0.0,0
15m,1747973700.0,2.4634,2.4649,2.4478,2.4547,600562.84,0.0,0.0,0
15m,1747974600.0,2.4547,2.4562,2.4397,2.4465,441582.46,0.0,0.0,0
15m,1747975500.0,2.4465,2.4575,2.4463,2.4564,329058.28,0.0,0.0,0
15m,1747976400.0,2.4564,2.4621,2.4503,2.4598,299452.5,0.0,0.0,0
15m,1747977300.0,2.4598,2.4603,2.4454,2.4476,422304.83,0.0,0.0,0
15m,1747978200.0,2.4476,2.4506,2.4421,2.4495,487322.97,0.0,0.0,0
15m,1747979100.0,2.4495,2.4551,2.4481,2.4548,412158.21,0.0,0.0,0
15m,1747980000.0,2.4548,2.4572,2.4402,2.4447,372784.96,0.0,0.0,0
15m,1747980900.0,2.4447,2.4465,2.4275,2.4336,1091365.68,0.0,0.0,0
15m,1747981800.0,2.4336,2.4358,2.4253,2.4306,367751.25,0.0,0.0,0
15m,1747982700.0,2.4306,2.4309,2.41,2.4207,927863.97,0.0,0.0,0
15m,1747983600.0,2.4207,2.4315,2.4206,2.4303,328261.07,0.0,0.0,0
15m,1747984500.0,2.4303,2.4333,2.4286,2.4312,342504.23,0.0,0.0,0
15m,1747985400.0,2.4312,2.4333,2.4225,2.4256,480785.59,0.0,0.0,0
15m,1747986300.0,2.4256,2.4294,2.4173,2.4272,762410.71,0.0,0.0,0
15m,1747987200.0,2.4272,2.4336,2.4271,2.4336,236458.97,0.0,0.0,0
15m,1747988100.0,2.4336,2.4357,2.4297,2.4355,163961.42,0.0,0.0,0
15m,1747989000.0,2.4355,2.4421,2.435,2.4421,185085.87,0.0,0.0,0
15m,1747989900.0,2.4421,2.4439,2.4382,2.4388,363446.65,0.0,0.0,0
15m,1747990800.0,2.4388,2.4491,2.437,2.4479,263896.78,0.0,0.0,0
15m,1747991700.0,2.4479,2.4534,2.4473,2.4492,429291.88,0.0,0.0,0
15m,1747992600.0,2.4492,2.4539,2.449,2.4497,274378.62,0.0,0.0,0
15m,1747993500.0,2.4497,2.4534,2.4489,2.4504,222131.56,0.0,0.0,0
15m,1747994400.0,2.4504,2.451,2.4372,2.4399,453752.36,0.0,0.0,0
15m,1747995300.0,2.4399,2.4435,2.435,2.4418,202075.16,0.0,0.0,0
15m,1747996200.0,2.4418,2.4455,2.4368,2.4411,178657.26,0.0,0.0,0
15m,1747997100.0,2.4411,2.445,2.4379,2.4423,172605.09,0.0,0.0,0
15m,1747998000.0,2.4423,2.4437,2.4332,2.4357,230318.69,0.0,0.0,0
15m,1747998900.0,2.4357,2.4393,2.4249,2.432,522107.36,0.0,0.0,0
15m,1747999800.0,2.432,2.4333,2.4169,2.4207,1946338.24,0.0,0.0,0
15m,1748000700.0,2.4207,2.4215,2.3523,2.3638,5008970.41,0.0,0.0,0
15m,1748001600.0,2.3638,2.3649,2.3313,2.3374,3786425.48,0.0,0.0,0
15m,1748002500.0,2.3374,2.3423,2.2961,2.3414,4272977.28,0.0,0.0,0
15m,1748003400.0,2.3414,2.3533,2.3341,2.3476,1106680.14,0.0,0.0,0
15m,1748004300.0,2.3476,2.3514,2.3425,2.3485,420248.87,0.0,0.0,0
15m,1748005200.0,2.3485,2.3509,2.334,2.3425,587496.38,0.0,0.0,0
15m,1748006100.0,2.3425,2.3554,2.34,2.3524,791316.02,0.0,0.0,0
15m,1748007000.0,2.3524,2.3697,2.3511,2.3618,1032304.45,0.0,0.0,0
15m,1748007900.0,2.3618,2.3759,2.3573,2.3729,820165.18,0.0,0.0,0
15m,1748008800.0,2.3729,2.3773,2.3661,2.3742,572613.19,0.0,0.0,0
15m,1748009700.0,2.3742,2.3758,2.3672,2.3691,264908.44,0.0,0.0,0
15m,1748010600.0,2.3691,2.3747,2.368,2.3729,260900.94,0.0,0.0,0
15m,1748011500.0,2.3729,2.3827,2.3724,2.376,324576.87,0.0,0.0,0
15m,1748012400.0,2.376,2.3819,2.3633,2.3659,373871.26,0.0,0.0,0
15m,1748013300.0,2.3659,2.3758,2.365,2.3724,176119.78,0.0,0.0,0
15m,1748014200.0,2.3724,2.3799,2.3719,2.3756,228821.81,0.0,0.0,0
15m,1748015100.0,2.3756,2.3756,2.3601,2.3618,224140.49,0.0,0.0,0
15m,1748016000.0,2.3618,2.367,2.3536,2.3573,489998.54,0.0,0.0,0
15m,1748016900.0,2.3573,2.3619,2.3474,2.3601,714533.59,0.0,0.0,0
15m,1748017800.0,2.3601,2.3622,2.3498,2.3509,325758.95,0.0,0.0,0
15m,1748018700.0,2.3509,2.3629,2.3509,2.3629,192409.39,0.0,0.0,0
15m,1748019600.0,2.3629,2.3697,2.3611,2.3697,239155.0,0.0,0.0,0
15m,1748020500.0,2.3697,2.3746,2.3672,2.3734,196036.39,0.0,0.0,0
15m,1748021400.0,2.3734,2.3734,2.3603,2.3617,174867.88,0.0,0.0,0
15m,1748022300.0,2.3617,2.3701,2.3613,2.367,118635.32,0.0,0.0,0
15m,1748023200.0,2.367,2.3708,2.363,2.3658,134587.0,0.0,0.0,0
15m,1748024100.0,2.3658,2.368,2.3539,2.3602,222658.23,0.0,0.0,0
15m,1748025000.0,2.3602,2.3623,2.3569,2.3593,82698.05,0.0,0.0,0
15m,1748025900.0,2.3593,2.3593,2.3463,2.3507,945260.84,0.0,0.0,0
15m,1748026800.0,2.3507,2.3621,2.3474,2.3592,616455.91,0.0,0.0,0
15m,1748027700.0,2.3592,2.3596,2.3517,2.3539,162159.02,0.0,0.0,0
15m,1748028600.0,2.3539,2.3579,2.3521,2.3574,58501.12,0.0,0.0,0
15m,1748029500.0,2.3574,2.3577,2.3384,2.34,530976.54,0.0,0.0,0
15m,1748030400.0,2.34,2.3446,2.3358,2.3389,213747.93,0.0,0.0,0
15m,1748031300.0,2.3389,2.3454,2.3376,2.3448,112199.77,0.0,0.0,0
15m,1748032200.0,2.3448,2.3448,2.3292,2.3325,297468.9,0.0,0.0,0
15m,1748033100.0,2.3325,2.3369,2.3251,2.3263,297494.29,0.0,0.0,0
15m,1748034000.0,2.3263,2.3308,2.3219,2.3308,336829.89,0.0,0.0,0
15m,1748034900.0,2.3308,2.3397,2.3297,2.3365,755177.26,0.0,0.0,0
15m,1748035800.0,2.3365,2.3365,2.3281,2.3317,190586.21,0.0,0.0,0
15m,1748036700.0,2.3317,2.3379,2.3222,2.3274,137340.39,0.0,0.0,0
15m,1748037600.0,2.3274,2.337,2.3242,2.3368,204722.71,0.0,0.0,0
15m,1748038500.0,2.3368,2.3382,2.3316,2.3318,144545.97,0.0,0.0,0
15m,1748039400.0,2.3318,2.3326,2.3184,2.3193,286559.85,0.0,0.0,0
15m,1748040300.0,2.3193,2.3213,2.3139,2.316,239163.48,0.0,0.0,0
15m,1748041200.0,2.316,2.3188,2.3043,2.313,460890.93,0.0,0.0,0
15m,1748042100.0,2.313,2.3152,2.3026,2.3047,497216.41,0.0,0.0,0
15m,1748043000.0,2.3047,2.3099,2.2837,2.2927,1475172.78,0.0,0.0,0
15m,1748043900.0,2.2927,2.302,2.2862,2.2965,357177.99,0.0,0.0,0
15m,1748044800.0,2.2965,2.313,2.2855,2.3103,645238.37,0.0,0.0,0
15m,1748045700.0,2.3103,2.3161,2.3029,2.3064,356514.05,0.0,0.0,0
15m,1748046600.0,2.3064,2.3181,2.3063,2.3113,359601.6,0.0,0.0,0
15m,1748047500.0,2.3113,2.3115,2.2989,2.3006,231669.28,0.0,0.0,0
15m,1748048400.0,2.3006,2.3144,2.3002,2.3096,838543.1,0.0,0.0,0
15m,1748049300.0,2.3096,2.3209,2.3091,2.3146,236797.43,0.0,0.0,0
15m,1748050200.0,2.3146,2.3209,2.3125,2.3154,209585.59,0.0,0.0,0
15m,1748051100.0,2.3154,2.3196,2.3115,2.3139,101166.66,0.0,0.0,0
15m,1748052000.0,2.3139,2.3202,2.308,2.3189,156476.37,0.0,0.0,0
15m,1748052900.0,2.3189,2.3241,2.3188,2.3231,122141.53,0.0,0.0,0
15m,1748053800.0,2.3231,2.3288,2.3228,2.3274,156392.84,0.0,0.0,0
15m,1748054700.0,2.3274,2.329,2.3245,2.3283,99975.58,0.0,0.0,0
15m,1748055600.0,2.3283,2.3331,2.326,2.3325,240923.94,0.0,0.0,0
15m,1748056500.0,2.3325,2.3362,2.3304,2.3351,345223.68,0.0,0.0,0
15m,1748057400.0,2.3351,2.3356,2.3314,2.3334,155463.02,0.0,0.0,0
15m,1748058300.0,2.3334,2.3353,2.3315,2.3344,103075.45,0.0,0.0,0
15m,1748059200.0,2.3344,2.3408,2.3337,2.3386,167826.04,0.0,0.0,0
15m,1748060100.0,2.3386,2.3434,2.3372,2.3402,204391.15,0.0,0.0,0
15m,1748061000.0,2.3402,2.3437,2.3388,2.3436,127945.74,0.0,0.0,0
15m,1748061900.0,2.3436,2.3478,2.3428,2.3441,124624.47,0.0,0.0,0
15m,1748062800.0,2.3441,2.346,2.3394,2.34,173709.17,0.0,0.0,0
15m,1748063700.0,2.34,2.3401,2.3342,2.3387,176281.97,0.0,0.0,0
15m,1748064600.0,2.3387,2.343,2.3352,2.3357,150997.45,0.0,0.0,0
15m,1748065500.0,2.3357,2.3398,2.3323,2.3393,110384.0,0.0,0.0,0
15m,1748066400.0,2.3393,2.3444,2.3387,2.3403,73659.98,0.0,0.0,0
15m,1748067300.0,2.3403,2.3409,2.3355,2.3393,78876.94,0.0,0.0,0
15m,1748068200.0,2.3393,2.3393,2.3301,2.334,145809.96,0.0,0.0,0
15m,1748069100.0,2.334,2.3375,2.3283,2.3374,135934.34,0.0,0.0,0
15m,1748070000.0,2.3374,2.345,2.3374,2.3436,208822.75,0.0,0.0,0
15m,1748070900.0,2.3436,2.3455,2.3414,2.3428,91978.23,0.0,0.0,0
15m,1748071800.0,2.3428,2.3428,2.3359,2.3375,71089.89,0.0,0.0,0
15m,1748072700.0,2.3375,2.3386,2.3341,2.3359,98288.41,0.0,0.0,0
15m,1748073600.0,2.3359,2.3433,2.3359,2.3376,162449.21,0.0,0.0,0
15m,1748074500.0,2.3376,2.3383,2.3314,2.3367,189422.42,0.0,0.0,0
15m,1748075400.0,2.3367,2.3397,2.3343,2.339,84543.1,0.0,0.0,0
15m,1748076300.0,2.339,2.3451,2.3386,2.3441,106574.09,0.0,0.0,0
15m,1748077200.0,2.3441,2.3477,2.3428,2.3432,146182.19,0.0,0.0,0
15m,1748078100.0,2.3432,2.3495,2.3432,2.3477,86115.1,0.0,0.0,0
15m,1748079000.0,2.3477,2.3495,2.3429,2.345,73639.12,0.0,0.0,0
15m,1748079900.0,2.345,2.3474,2.3421,2.3428,163816.33,0.0,0.0,0
15m,1748080800.0,2.3428,2.3488,2.3428,2.3471,110187.98,0.0,0.0,0
15m,1748081700.0,2.3471,2.356,2.3464,2.3559,206365.29,0.0,0.0,0
15m,1748082600.0,2.3559,2.3594,2.3544,2.3578,306251.79,0.0,0.0,0
15m,1748083500.0,2.3578,2.3595,2.3535,2.3545,196122.14,0.0,0.0,0
15m,1748084400.0,2.3545,2.3595,2.3545,2.3558,180447.87,0.0,0.0,0
15m,1748085300.0,2.3558,2.3585,2.3533,2.3578,83055.27,0.0,0.0,0
15m,1748086200.0,2.3578,2.3584,2.3522,2.3528,112235.94,0.0,0.0,0
15m,1748087100.0,2.3528,2.3558,2.3516,2.3516,111741.76,0.0,0.0,0
15m,1748088000.0,2.3516,2.3544,2.345,2.3495,220567.63,0.0,0.0,0
15m,1748088900.0,2.3495,2.3548,2.3457,2.3509,300086.48,0.0,0.0,0
15m,1748089800.0,2.3509,2.3524,2.3487,2.3504,42318.71,0.0,0.0,0
15m,1748090700.0,2.3504,2.3528,2.3476,2.3502,55093.1,0.0,0.0,0
15m,1748091600.0,2.3502,2.3515,2.3448,2.3471,116750.29,0.0,0.0,0
15m,1748092500.0,2.3471,2.3541,2.3437,2.3534,150552.21,0.0,0.0,0
15m,1748093400.0,2.3534,2.3537,2.3504,2.3521,104797.36,0.0,0.0,0
15m,1748094300.0,2.3521,2.3531,2.3453,2.3472,127230.03,0.0,0.0,0
15m,1748095200.0,2.3472,2.3542,2.3461,2.3529,70683.97,0.0,0.0,0
15m,1748096100.0,2.3529,2.3547,2.3485,2.3489,83748.52,0.0,0.0,0
15m,1748097000.0,2.3489,2.3538,2.3484,2.3518,55450.52,0.0,0.0,0
15m,1748097900.0,2.3518,2.3568,2.3518,2.3539,129435.41,0.0,0.0,0
15m,1748098800.0,2.3539,2.3554,2.3508,2.3537,127163.82,0.0,0.0,0
15m,1748099700.0,2.3537,2.3538,2.349,2.3516,72711.93,0.0,0.0,0
15m,1748100600.0,2.3516,2.3537,2.349,2.3493,66462.81,0.0,0.0,0
15m,1748101500.0,2.3493,2.3527,2.3486,2.3522,47633.28,0.0,0.0,0
15m,1748102400.0,2.3522,2.3524,2.3406,2.3449,208741.06,0.0,0.0,0
15m,1748103300.0,2.3449,2.3499,2.3427,2.3478,75808.93,0.0,0.0,0
15m,1748104200.0,2.3478,2.3506,2.3467,2.3488,68340.24,0.0,0.0,0
15m,1748105100.0,2.3488,2.3525,2.3465,2.3492,51473.2,0.0,0.0,0
15m,1748106000.0,2.3492,2.354,2.3492,2.351,72867.26,0.0,0.0,0
15m,1748106900.0,2.351,2.3511,2.3454,2.3472,67622.34,0.0,0.0,0
15m,1748107800.0,2.3472,2.351,2.3441,2.3479,102039.6,0.0,0.0,0
15m,1748108700.0,2.3479,2.3502,2.3467,2.3483,126769.69,0.0,0.0,0
15m,1748109600.0,2.3483,2.3525,2.3473,2.3519,74918.35,0.0,0.0,0
15m,1748110500.0,2.3519,2.3547,2.3505,2.3518,34650.48,0.0,0.0,0
15m,1748111400.0,2.3518,2.3519,2.3478,2.3496,64341.77,0.0,0.0,0
15m,1748112300.0,2.3496,2.3496,2.3437,2.3458,76054.19,0.0,0.0,0
15m,1748113200.0,2.3458,2.35,2.3446,2.3469,46664.64,0.0,0.0,0
15m,1748114100.0,2.3469,2.3477,2.3445,2.3466,49184.34,0.0,0.0,0
15m,1748115000.0,2.3466,2.3501,2.3457,2.3473,28351.45,0.0,0.0,0
15m,1748115900.0,2.3473,2.3492,2.3449,2.3488,22241.37,0.0,0.0,0
15m,1748116800.0,2.3488,2.3495,2.3456,2.3482,57306.97,0.0,0.0,0
15m,1748117700.0,2.3482,2.3495,2.3461,2.3479,35632.79,0.0,0.0,0
15m,1748118600.0,2.3479,2.3505,2.3474,2.3485,21556.43,0.0,0.0,0
15m,1748119500.0,2.3485,2.3499,2.3461,2.3499,29094.47,0.0,0.0,0
15m,1748120400.0,2.3499,2.3504,2.3405,2.3443,136514.61,0.0,0.0,0
15m,1748121300.0,2.3443,2.3445,2.3324,2.339,294498.29,0.0,0.0,0
15m,1748122200.0,2.339,2.343,2.3377,2.3397,246822.86,0.0,0.0,0
15m,1748123100.0,2.3397,2.3448,2.3379,2.3424,65169.8,0.0,0.0,0
15m,1748124000.0,2.3424,2.3429,2.3341,2.3377,82830.53,0.0,0.0,0
15m,1748124900.0,2.3377,2.3388,2.3306,2.3357,107654.12,0.0,0.0,0
15m,1748125800.0,2.3357,2.3382,2.3297,2.3338,144780.12,0.0,0.0,0
15m,1748126700.0,2.3338,2.3339,2.3285,2.3319,74696.24,0.0,0.0,0
15m,1748127600.0,2.3319,2.3336,2.3221,2.3292,283889.9,0.0,0.0,0
15m,1748128500.0,2.3292,2.3364,2.3289,2.3337,105270.13,0.0,0.0,0
15m,1748129400.0,2.3337,2.3361,2.3275,2.3275,108144.77,0.0,0.0,0
15m,1748130300.0,2.3275,2.3336,2.3239,2.3305,184086.77,0.0,0.0,0
15m,1748131200.0,2.3305,2.3366,2.3275,2.3282,341505.33,0.0,0.0,0
15m,1748132100.0,2.3282,2.3331,2.3239,2.3323,179955.69,0.0,0.0,0
15m,1748133000.0,2.3323,2.3344,2.3029,2.3054,733715.52,0.0,0.0,0
15m,1748133900.0,2.3054,2.3135,2.2988,2.306,529355.94,0.0,0.0,0
15m,1748134800.0,2.306,2.308,2.2982,2.3004,650200.64,0.0,0.0,0
15m,1748135700.0,2.3004,2.313,2.2927,2.3099,989933.19,0.0,0.0,0
15m,1748136600.0,2.3099,2.3161,2.3078,2.3159,118682.84,0.0,0.0,0
15m,1748137500.0,2.3159,2.3167,2.3086,2.3108,512051.61,0.0,0.0,0
15m,1748138400.0,2.3108,2.3127,2.3029,2.3067,219447.72,0.0,0.0,0
15m,1748139300.0,2.3067,2.31,2.3,2.3088,180510.1,0.0,0.0,0
15m,1748140200.0,2.3088,2.3146,2.3084,2.3096,365338.86,0.0,0.0,0
15m,1748141100.0,2.3096,2.3184,2.3092,2.3166,93311.39,0.0,0.0,0
15m,1748142000.0,2.3166,2.3217,2.3156,2.3188,144611.91,0.0,0.0,0
15m,1748142900.0,2.3188,2.3214,2.3179,2.3208,59682.35,0.0,0.0,0
15m,1748143800.0,2.3208,2.3235,2.3208,2.3226,93112.35,0.0,0.0,0
15m,1748144700.0,2.3226,2.3258,2.3215,2.3227,109989.99,0.0,0.0,0
15m,1748145600.0,2.3227,2.3227,2.3131,2.3135,176832.74,0.0,0.0,0
15m,1748146500.0,2.3135,2.3195,2.3131,2.3187,52333.94,0.0,0.0,0
15m,1748147400.0,2.3187,2.3241,2.3186,2.3226,171488.14,0.0,0.0,0
15m,1748148300.0,2.3226,2.3253,2.3217,2.3243,48970.31,0.0,0.0,0
15m,1748149200.0,2.3243,2.3255,2.3223,2.3235,62218.88,0.0,0.0,0
15m,1748150100.0,2.3235,2.3256,2.3219,2.3224,79562.83,0.0,0.0,0
15m,1748151000.0,2.3224,2.3245,2.317,2.319,44415.5,0.0,0.0,0
15m,1748151900.0,2.319,2.3229,2.3176,2.3226,69519.72,0.0,0.0,0
15m,1748152800.0,2.3226,2.3235,2.3179,2.3182,55573.04,0.0,0.0,0
15m,1748153700.0,2.3182,2.3195,2.3155,2.3184,56585.12,0.0,0.0,0
15m,1748154600.0,2.3184,2.3201,2.315,2.3166,175789.75,0.0,0.0,0
15m,1748155500.0,2.3166,2.3205,2.3146,2.3193,61665.88,0.0,0.0,0
15m,1748156400.0,2.3193,2.3193,2.3107,2.3108,114753.91,0.0,0.0,0
15m,1748157300.0,2.3108,2.3124,2.3027,2.3035,217854.38,0.0,0.0,0
15m,1748158200.0,2.3035,2.3085,2.3012,2.3059,185225.59,0.0,0.0,0
15m,1748159100.0,2.3059,2.3088,2.3047,2.3077,242578.32,0.0,0.0,0
15m,1748160000.0,2.3077,2.3078,2.3,2.3,247212.81,0.0,0.0,0
15m,1748160900.0,2.3,2.3043,2.2935,2.2977,516050.94,0.0,0.0,0
15m,1748161800.0,2.2977,2.3006,2.2948,2.2956,159368.66,0.0,0.0,0
15m,1748162700.0,2.2956,2.2961,2.2785,2.2891,752503.53,0.0,0.0,0
15m,1748163600.0,2.2891,2.2921,2.2821,2.2895,339026.66,0.0,0.0,0
15m,1748164500.0,2.2895,2.29,2.2809,2.2878,357383.79,0.0,0.0,0
15m,1748165400.0,2.2878,2.2895,2.2784,2.2844,230300.84,0.0,0.0,0
15m,1748166300.0,2.2844,2.2934,2.2844,2.2929,202990.09,0.0,0.0,0
15m,1748167200.0,2.2929,2.2966,2.2897,2.2929,110641.27,0.0,0.0,0
15m,1748168100.0,2.2929,2.2949,2.2895,2.2896,88381.74,0.0,0.0,0
15m,1748169000.0,2.2896,2.2954,2.2896,2.2919,255503.4,0.0,0.0,0
15m,1748169900.0,2.2919,2.2974,2.2831,2.284,214690.65,0.0,0.0,0
15m,1748170800.0,2.284,2.2918,2.2808,2.2917,153953.77,0.0,0.0,0
15m,1748171700.0,2.2917,2.2935,2.2882,2.2914,293485.98,0.0,0.0,0
15m,1748172600.0,2.2914,2.2942,2.2874,2.288,97998.91,0.0,0.0,0
15m,1748173500.0,2.288,2.293,2.2864,2.2926,182192.0,0.0,0.0,0
15m,1748174400.0,2.2926,2.2941,2.2885,2.2914,141569.99,0.0,0.0,0
15m,1748175300.0,2.2914,2.2996,2.2914,2.2983,160266.46,0.0,0.0,0
15m,1748176200.0,2.2983,2.302,2.2974,2.3001,194041.12,0.0,0.0,0
15m,1748177100.0,2.3001,2.3058,2.3001,2.3048,93353.37,0.0,0.0,0
15m,1748178000.0,2.3048,2.3062,2.2979,2.3006,181920.69,0.0,0.0,0
15m,1748178900.0,2.3006,2.3051,2.2979,2.3051,88793.32,0.0,0.0,0
15m,1748179800.0,2.3051,2.3091,2.3031,2.3076,150079.1,0.0,0.0,0
15m,1748180700.0,2.3076,2.3101,2.3028,2.3028,208263.36,0.0,0.0,0
15m,1748181600.0,2.3028,2.3033,2.2988,2.2997,190145.12,0.0,0.0,0
15m,1748182500.0,2.2997,2.3027,2.297,2.3021,94200.01,0.0,0.0,0
15m,1748183400.0,2.3021,2.3025,2.2882,2.2893,164021.98,0.0,0.0,0
15m,1748184300.0,2.2893,2.2932,2.2863,2.292,210489.44,0.0,0.0,0
15m,1748185200.0,2.292,2.2937,2.2807,2.2822,309952.3,0.0,0.0,0
15m,1748186100.0,2.2822,2.2837,2.2659,2.2698,1147231.19,0.0,0.0,0
15m,1748187000.0,2.2698,2.2873,2.2674,2.2854,747648.83,0.0,0.0,0
15m,1748187900.0,2.2854,2.2889,2.2782,2.2875,253686.32,0.0,0.0,0
15m,1748188800.0,2.2875,2.288,2.2783,2.2821,172512.89,0.0,0.0,0
15m,1748189700.0,2.2821,2.283,2.2724,2.2734,658696.93,0.0,0.0,0
15m,1748190600.0,2.2734,2.2883,2.2718,2.2875,363904.07,0.0,0.0,0
15m,1748191500.0,2.2875,2.2908,2.2856,2.2861,153504.23,0.0,0.0,0
15m,1748192400.0,2.2861,2.2931,2.2861,2.2918,168076.63,0.0,0.0,0
15m,1748193300.0,2.2918,2.2959,2.2867,2.2941,96306.27,0.0,0.0,0
15m,1748194200.0,2.2941,2.2944,2.2887,2.2936,149561.52,0.0,0.0,0
15m,1748195100.0,2.2936,2.2982,2.2929,2.2978,227699.18,0.0,0.0,0
15m,1748196000.0,2.2978,2.3047,2.2963,2.3023,214412.54,0.0,0.0,0
15m,1748196900.0,2.3023,2.307,2.2997,2.3034,141382.85,0.0,0.0,0
15m,1748197800.0,2.3034,2.3034,2.2984,2.2997,169863.83,0.0,0.0,0
15m,1748198700.0,2.2997,2.3034,2.2993,2.3022,96106.78,0.0,0.0,0
15m,1748199600.0,2.3022,2.3063,2.3017,2.3055,113688.3,0.0,0.0,0
15m,1748200500.0,2.3055,2.3075,2.3051,2.3073,66569.84,0.0,0.0,0
15m,1748201400.0,2.3073,2.3095,2.3052,2.3074,115913.27,0.0,0.0,0
15m,1748202300.0,2.3074,2.3122,2.3052,2.3057,172173.56,0.0,0.0,0
15m,1748203200.0,2.3057,2.3074,2.3001,2.3018,172726.42,0.0,0.0,0
15m,1748204100.0,2.3018,2.3039,2.2993,2.3031,143567.39,0.0,0.0,0
15m,1748205000.0,2.3031,2.3066,2.3017,2.306,80438.64,0.0,0.0,0
15m,1748205900.0,2.306,2.3095,2.3014,2.3093,345048.64,0.0,0.0,0
15m,1748206800.0,2.3093,2.3153,2.3082,2.3132,118717.97,0.0,0.0,0
15m,1748207700.0,2.3132,2.3135,2.3044,2.3082,135288.03,0.0,0.0,0
15m,1748208600.0,2.3082,2.3082,2.2992,2.305,126333.31,0.0,0.0,0
15m,1748209500.0,2.305,2.31,2.3032,2.3049,59700.57,0.0,0.0,0
15m,1748210400.0,2.3049,2.326,2.3026,2.3184,549804.16,0.0,0.0,0
15m,1748211300.0,2.3184,2.3305,2.3184,2.3264,488052.01,0.0,0.0,0
15m,1748212200.0,2.3264,2.3351,2.3214,2.3336,473328.73,0.0,0.0,0
15m,1748213100.0,2.3336,2.3399,2.3291,2.3379,392185.61,0.0,0.0,0
15m,1748214000.0,2.3379,2.3401,2.333,2.3338,219846.3,0.0,0.0,0
15m,1748214900.0,2.3338,2.3349,2.3279,2.3306,217813.45,0.0,0.0,0
15m,1748215800.0,2.3306,2.345,2.3296,2.3432,496397.36,0.0,0.0,0
15m,1748216700.0,2.3432,2.344,2.3401,2.3417,214229.14,0.0,0.0,0
15m,1748217600.0,2.3417,2.344,2.3359,2.3364,313944.85,0.0,0.0,0
15m,1748218500.0,2.3364,2.3422,2.3309,2.3354,253584.63,0.0,0.0,0
15m,1748219400.0,2.3354,2.3478,2.3337,2.3457,281634.59,0.0,0.0,0
15m,1748220300.0,2.3457,2.353,2.3449,2.352,458079.97,0.0,0.0,0
15m,1748221200.0,2.352,2.3541,2.3426,2.3453,237194.98,0.0,0.0,0
15m,1748222100.0,2.3453,2.3472,2.3413,2.3427,253481.37,0.0,0.0,0
15m,1748223000.0,2.3427,2.349,2.3409,2.3478,201449.13,0.0,0.0,0
15m,1748223900.0,2.3478,2.3493,2.3438,2.3462,127304.58,0.0,0.0,0
15m,1748224800.0,2.3462,2.3464,2.3403,2.341,127128.64,0.0,0.0,0
15m,1748225700.0,2.341,2.3441,2.3393,2.3402,302284.98,0.0,0.0,0
15m,1748226600.0,2.3402,2.3405,2.3345,2.3371,251739.33,0.0,0.0,0
15m,1748227500.0,2.3371,2.3427,2.3346,2.3418,116794.81,0.0,0.0,0
15m,1748228400.0,2.3418,2.3418,2.3372,2.3388,133389.25,0.0,0.0,0
15m,1748229300.0,2.3388,2.3436,2.3373,2.3426,109309.5,0.0,0.0,0
15m,1748230200.0,2.3426,2.3448,2.3383,2.344,368105.0,0.0,0.0,0
15m,1748231100.0,2.344,2.3461,2.3415,2.3426,171057.66,0.0,0.0,0
15m,1748232000.0,2.3426,2.3438,2.3391,2.3415,197686.77,0.0,0.0,0
15m,1748232900.0,2.3415,2.3478,2.341,2.3466,332608.76,0.0,0.0,0
15m,1748233800.0,2.3466,2.3489,2.3452,2.3481,113751.52,0.0,0.0,0
15m,1748234700.0,2.3481,2.3496,2.3472,2.3486,103735.88,0.0,0.0,0
15m,1748235600.0,2.3486,2.3493,2.3432,2.3459,272846.0,0.0,0.0,0
15m,1748236500.0,2.3459,2.3481,2.3439,2.3463,128340.37,0.0,0.0,0
15m,1748237400.0,2.3463,2.3493,2.3445,2.3466,198584.07,0.0,0.0,0
15m,1748238300.0,2.3466,2.3487,2.3439,2.3449,161429.41,0.0,0.0,0
15m,1748239200.0,2.3449,2.3462,2.3376,2.3386,639102.52,0.0,0.0,0
15m,1748240100.0,2.3386,2.343,2.3361,2.3429,302998.05,0.0,0.0,0
15m,1748241000.0,2.3429,2.3432,2.3357,2.3377,358090.08,0.0,0.0,0
15m,1748241900.0,2.3377,2.3468,2.3377,2.3457,304576.11,0.0,0.0,0
15m,1748242800.0,2.3457,2.3586,2.3457,2.3519,440663.72,0.0,0.0,0
15m,1748243700.0,2.3519,2.3567,2.348,2.3492,246663.53,0.0,0.0,0
15m,1748244600.0,2.3492,2.3536,2.347,2.3494,267197.69,0.0,0.0,0
15m,1748245500.0,2.3494,2.3507,2.3471,2.349,261285.57,0.0,0.0,0
15m,1748246400.0,2.349,2.3559,2.3487,2.3503,471994.85,0.0,0.0,0
15m,1748247300.0,2.3503,2.3522,2.3467,2.3473,217006.3,0.0,0.0,0
15m,1748248200.0,2.3473,2.348,2.3419,2.3443,310255.61,0.0,0.0,0
15m,1748249100.0,2.3443,2.3461,2.3416,2.343,114644.19,0.0,0.0,0
15m,1748250000.0,2.343,2.3464,2.3409,2.3454,160943.05,0.0,0.0,0
15m,1748250900.0,2.3454,2.3464,2.3431,2.3445,276760.23,0.0,0.0,0
15m,1748251800.0,2.3445,2.3463,2.34,2.3414,254237.73,0.0,0.0,0
15m,1748252700.0,2.3414,2.3431,2.3391,2.3404,172636.67,0.0,0.0,0
15m,1748253600.0,2.3404,2.3426,2.3369,2.3406,150679.66,0.0,0.0,0
15m,1748254500.0,2.3406,2.3449,2.3383,2.3426,181633.95,0.0,0.0,0
15m,1748255400.0,2.3426,2.3432,2.3402,2.3414,173872.66,0.0,0.0,0
15m,1748256300.0,2.3414,2.3427,2.3322,2.335,249467.88,0.0,0.0,0
15m,1748257200.0,2.335,2.3376,2.3327,2.3366,140211.49,0.0,0.0,0
15m,1748258100.0,2.3366,2.337,2.333,2.3346,77880.81,0.0,0.0,0
15m,1748259000.0,2.3346,2.3367,2.329,2.3354,163229.0,0.0,0.0,0
15m,1748259900.0,2.3354,2.3376,2.3323,2.3347,167030.01,0.0,0.0,0
15m,1748260800.0,2.3347,2.3368,2.3314,2.3336,120549.67,0.0,0.0,0
15m,1748261700.0,2.3336,2.3386,2.332,2.3371,208363.0,0.0,0.0,0
15m,1748262600.0,2.3371,2.3431,2.337,2.34,119291.27,0.0,0.0,0
15m,1748263500.0,2.34,2.345,2.3372,2.341,193360.59,0.0,0.0,0
15m,1748264400.0,2.341,2.3454,2.3353,2.3365,267422.82,0.0,0.0,0
15m,1748265300.0,2.3365,2.3393,2.3298,2.3358,306294.86,0.0,0.0,0
15m,1748266200.0,2.3358,2.338,2.3313,2.3333,142389.26,0.0,0.0,0
15m,1748267100.0,2.3333,2.3337,2.3195,2.3243,422038.12,0.0,0.0,0
15m,1748268000.0,2.3243,2.3264,2.3195,2.3258,273936.97,0.0,0.0,0
15m,1748268900.0,2.3258,2.3258,2.3155,2.3209,411189.93,0.0,0.0,0
15m,1748269800.0,2.3209,2.3219,2.3123,2.3155,322438.79,0.0,0.0,0
15m,1748270700.0,2.3155,2.3216,2.3139,2.3216,234857.88,0.0,0.0,0
15m,1748271600.0,2.3216,2.3228,2.3154,2.3184,98676.95,0.0,0.0,0
15m,1748272500.0,2.3184,2.3291,2.318,2.3285,126764.2,0.0,0.0,0
15m,1748273400.0,2.3285,2.3423,2.3284,2.3351,231061.65,0.0,0.0,0
15m,1748274300.0,2.3351,2.3387,2.3321,2.3328,154717.75,0.0,0.0,0
15m,1748275200.0,2.3328,2.3366,2.328,2.3302,233464.35,0.0,0.0,0
15m,1748276100.0,2.3302,2.3307,2.3125,2.3192,407172.94,0.0,0.0,0
15m,1748277000.0,2.3192,2.3213,2.3146,2.3199,300697.51,0.0,0.0,0
15m,1748277900.0,2.3199,2.3219,2.3117,2.3128,239975.04,0.0,0.0,0
15m,1748278800.0,2.3128,2.3175,2.307,2.3105,337582.17,0.0,0.0,0
15m,1748279700.0,2.3105,2.3114,2.3049,2.3067,299345.9,0.0,0.0,0
15m,1748280600.0,2.3067,2.3095,2.3017,2.3028,198648.4,0.0,0.0,0
15m,1748281500.0,2.3028,2.3028,2.296,2.3009,283517.77,0.0,0.0,0
15m,1748282400.0,2.3009,2.3085,2.296,2.308,304273.46,0.0,0.0,0
15m,1748283300.0,2.308,2.3096,2.3037,2.3096,99829.16,0.0,0.0,0
15m,1748284200.0,2.3096,2.3111,2.3081,2.3093,185960.1,0.0,0.0,0
15m,1748285100.0,2.3093,2.3093,2.3036,2.3049,80359.75,0.0,0.0,0
15m,1748286000.0,2.3049,2.3072,2.3016,2.3064,140672.88,0.0,0.0,0
15m,1748286900.0,2.3064,2.3122,2.3059,2.3096,104762.4,0.0,0.0,0
15m,1748287800.0,2.3096,2.3122,2.3056,2.3087,174015.08,0.0,0.0,0
15m,1748288700.0,2.3087,2.3143,2.3077,2.3122,104733.89,0.0,0.0,0
15m,1748289600.0,2.3122,2.3127,2.3051,2.312,86719.95,0.0,0.0,0
15m,1748290500.0,2.312,2.3134,2.3062,2.3094,83462.47,0.0,0.0,0
15m,1748291400.0,2.3094,2.3177,2.3078,2.3149,80145.84,0.0,0.0,0
15m,1748292300.0,2.3149,2.3193,2.3122,2.3183,190486.73,0.0,0.0,0
15m,1748293200.0,2.3183,2.319,2.3145,2.3154,138066.94,0.0,0.0,0
15m,1748294100.0,2.3154,2.3167,2.3111,2.3148,73211.91,0.0,0.0,0
15m,1748295000.0,2.3148,2.3177,2.3075,2.3095,166176.15,0.0,0.0,0
15m,1748295900.0,2.3095,2.3139,2.3073,2.3119,113885.76,0.0,0.0,0
15m,1748296800.0,2.3119,2.3247,2.3111,2.3193,345315.0,0.0,0.0,0
15m,1748297700.0,2.3193,2.3209,2.3143,2.3143,60392.93,0.0,0.0,0
15m,1748298600.0,2.3143,2.3165,2.3101,2.3108,124738.79,0.0,0.0,0
15m,1748299500.0,2.3108,2.311,2.3032,2.3049,191037.6,0.0,0.0,0
15m,1748300400.0,2.3049,2.3071,2.3003,2.3056,241124.32,0.0,0.0,0
15m,1748301300.0,2.3056,2.3064,2.303,2.3046,126190.43,0.0,0.0,0
15m,1748302200.0,2.3046,2.3089,2.3031,2.3076,93603.8,0.0,0.0,0
15m,1748303100.0,2.3076,2.3112,2.3074,2.3101,168527.52,0.0,0.0,0
15m,1748304000.0,2.3101,2.3137,2.3066,2.3137,180492.33,0.0,0.0,0
15m,1748304900.0,2.3137,2.317,2.3069,2.3072,472908.39,0.0,0.0,0
15m,1748305800.0,2.3072,2.3077,2.302,2.303,164858.55,0.0,0.0,0
15m,1748306700.0,2.303,2.3063,2.2991,2.3031,317530.56,0.0,0.0,0
15m,1748307600.0,2.3031,2.304,2.2835,2.2861,602261.92,0.0,0.0,0
15m,1748308500.0,2.2861,2.2867,2.2673,2.2824,1320665.3,0.0,0.0,0
15m,1748309400.0,2.2824,2.2876,2.2803,2.2826,348353.49,0.0,0.0,0
15m,1748310300.0,2.2826,2.2859,2.2786,2.2854,268590.99,0.0,0.0,0
15m,1748311200.0,2.2854,2.2902,2.2843,2.2901,202664.18,0.0,0.0,0
15m,1748312100.0,2.2901,2.2943,2.2863,2.2943,156896.37,0.0,0.0,0
15m,1748313000.0,2.2943,2.2952,2.2916,2.2932,135402.77,0.0,0.0,0
15m,1748313900.0,2.2932,2.2937,2.2821,2.285,248824.91,0.0,0.0,0
15m,1748314800.0,2.285,2.2975,2.2838,2.2975,344254.15,0.0,0.0,0
15m,1748315700.0,2.2975,2.3038,2.2958,2.2966,269057.12,0.0,0.0,0
15m,1748316600.0,2.2966,2.3033,2.296,2.2996,277038.67,0.0,0.0,0
15m,1748317500.0,2.2996,2.3002,2.295,2.296,118706.9,0.0,0.0,0
15m,1748318400.0,2.296,2.2991,2.2937,2.2966,138087.9,0.0,0.0,0
15m,1748319300.0,2.2966,2.2999,2.2933,2.299,143807.23,0.0,0.0,0
15m,1748320200.0,2.299,2.3003,2.2961,2.2974,197942.39,0.0,0.0,0
15m,1748321100.0,2.2974,2.3039,2.2936,2.2941,273955.81,0.0,0.0,0
15m,1748322000.0,2.2941,2.2946,2.2873,2.2901,226406.33,0.0,0.0,0
15m,1748322900.0,2.2901,2.2909,2.2842,2.2881,273755.54,0.0,0.0,0
15m,1748323800.0,2.2881,2.2939,2.2873,2.2931,127326.04,0.0,0.0,0
15m,1748324700.0,2.2931,2.2978,2.2919,2.2965,139370.76,0.0,0.0,0
15m,1748325600.0,2.2965,2.3062,2.2916,2.3048,566127.91,0.0,0.0,0
15m,1748326500.0,2.3048,2.3073,2.2989,2.3046,393276.68,0.0,0.0,0
15m,1748327400.0,2.3046,2.3103,2.3043,2.3075,130333.71,0.0,0.0,0
15m,1748328300.0,2.3075,2.3075,2.2886,2.2892,277812.57,0.0,0.0,0
15m,1748329200.0,2.2892,2.296,2.2892,2.294,346539.02,0.0,0.0,0
15m,1748330100.0,2.294,2.2962,2.2922,2.2941,130209.38,0.0,0.0,0
15m,1748331000.0,2.2941,2.3034,2.2938,2.2996,168525.52,0.0,0.0,0
15m,1748331900.0,2.2996,2.3039,2.2987,2.3016,215603.91,0.0,0.0,0
15m,1748332800.0,2.3016,2.3139,2.3016,2.308,450853.51,0.0,0.0,0
15m,1748333700.0,2.308,2.3139,2.3069,2.3121,417676.45,0.0,0.0,0
15m,1748334600.0,2.3121,2.3135,2.3054,2.3076,247839.91,0.0,0.0,0
15m,1748335500.0,2.3076,2.3163,2.3072,2.3154,449885.57,0.0,0.0,0
15m,1748336400.0,2.3154,2.3191,2.3131,2.3169,211175.54,0.0,0.0,0
15m,1748337300.0,2.3169,2.3169,2.308,2.3082,134892.28,0.0,0.0,0
15m,1748338200.0,2.3082,2.3128,2.308,2.3127,136022.39,0.0,0.0,0
15m,1748339100.0,2.3127,2.3171,2.3124,2.3161,170048.44,0.0,0.0,0
15m,1748340000.0,2.3161,2.3183,2.3136,2.3156,191679.86,0.0,0.0,0
15m,1748340900.0,2.3156,2.3191,2.3142,2.3174,456931.19,0.0,0.0,0
15m,1748341800.0,2.3174,2.3194,2.316,2.3176,248400.09,0.0,0.0,0
15m,1748342700.0,2.3176,2.3196,2.315,2.3169,191346.54,0.0,0.0,0
15m,1748343600.0,2.3169,2.3233,2.3158,2.3167,219197.02,0.0,0.0,0
15m,1748344500.0,2.3167,2.3193,2.3098,2.3175,177938.47,0.0,0.0,0
15m,1748345400.0,2.3175,2.3189,2.3142,2.3189,98997.84,0.0,0.0,0
15m,1748346300.0,2.3189,2.3207,2.3159,2.3197,114516.79,0.0,0.0,0
15m,1748347200.0,2.3197,2.3253,2.3189,2.3193,229396.91,0.0,0.0,0
15m,1748348100.0,2.3193,2.3266,2.3175,2.3254,228676.57,0.0,0.0,0
15m,1748349000.0,2.3254,2.3263,2.3196,2.3222,183826.55,0.0,0.0,0
15m,1748349900.0,2.3222,2.3253,2.3198,2.3252,120215.41,0.0,0.0,0
15m,1748350800.0,2.3252,2.3505,2.325,2.346,816088.43,0.0,0.0,0
15m,1748351700.0,2.346,2.3541,2.3383,2.3404,836174.67,0.0,0.0,0
15m,1748352600.0,2.3404,2.347,2.3312,2.3359,388731.2,0.0,0.0,0
15m,1748353500.0,2.3359,2.3393,2.3274,2.331,380395.96,0.0,0.0,0
15m,1748354400.0,2.331,2.3417,2.3297,2.3373,399755.61,0.0,0.0,0
15m,1748355300.0,2.3373,2.3378,2.3254,2.3261,201120.51,0.0,0.0,0
15m,1748356200.0,2.3261,2.3308,2.3073,2.3305,509478.84,0.0,0.0,0
15m,1748357100.0,2.3305,2.3341,2.3263,2.3311,168708.7,0.0,0.0,0
15m,1748358000.0,2.3311,2.3363,2.3264,2.336,322014.99,0.0,0.0,0
15m,1748358900.0,2.336,2.3387,2.3311,2.336,182846.97,0.0,0.0,0
15m,1748359800.0,2.336,2.3399,2.3348,2.3382,203416.76,0.0,0.0,0
15m,1748360700.0,2.3382,2.3467,2.3372,2.3378,775981.04,0.0,0.0,0
15m,1748361600.0,2.3378,2.34,2.3317,2.3377,138535.9,0.0,0.0,0
15m,1748362500.0,2.3377,2.3439,2.337,2.3382,192460.13,0.0,0.0,0
15m,1748363400.0,2.3382,2.3453,2.3372,2.3444,354247.84,0.0,0.0,0
15m,1748364300.0,2.3444,2.3457,2.3369,2.3395,205239.43,0.0,0.0,0
15m,1748365200.0,2.3395,2.3467,2.3394,2.3431,166881.49,0.0,0.0,0
15m,1748366100.0,2.3431,2.3447,2.335,2.3387,121182.68,0.0,0.0,0
15m,1748367000.0,2.3387,2.3452,2.3337,2.3444,145781.58,0.0,0.0,0
15m,1748367900.0,2.3444,2.3493,2.3418,2.3418,253290.88,0.0,0.0,0
15m,1748368800.0,2.3418,2.3453,2.3408,2.3417,75554.48,0.0,0.0,0
15m,1748369700.0,2.3417,2.3446,2.3366,2.3366,59353.42,0.0,0.0,0
15m,1748370600.0,2.3366,2.3393,2.3333,2.3379,103727.8,0.0,0.0,0
15m,1748371500.0,2.3379,2.3395,2.3353,2.3361,62319.51,0.0,0.0,0
15m,1748372400.0,2.3361,2.3405,2.3333,2.3397,166636.11,0.0,0.0,0
15m,1748373300.0,2.3397,2.3401,2.3361,2.3384,74234.78,0.0,0.0,0
15m,1748374200.0,2.3384,2.3407,2.3342,2.3387,98091.44,0.0,0.0,0
15m,1748375100.0,2.3387,2.3407,2.3342,2.3355,230780.51,0.0,0.0,0
15m,1748376000.0,2.3355,2.3374,2.3328,2.335,141604.61,0.0,0.0,0
15m,1748376900.0,2.335,2.337,2.3324,2.3351,79887.04,0.0,0.0,0
15m,1748377800.0,2.3351,2.3352,2.3291,2.3305,109437.14,0.0,0.0,0
15m,1748378700.0,2.3305,2.333,2.3273,2.3303,130834.11,0.0,0.0,0
15m,1748379600.0,2.3303,2.3331,2.3286,2.3297,185533.63,0.0,0.0,0
15m,1748380500.0,2.3297,2.3297,2.318,2.3192,230549.94,0.0,0.0,0
15m,1748381400.0,2.3192,2.3264,2.3162,2.3167,259120.33,0.0,0.0,0
15m,1748382300.0,2.3167,2.32,2.3137,2.3171,144586.11,0.0,0.0,0
15m,1748383200.0,2.3171,2.3203,2.3095,2.3114,433997.59,0.0,0.0,0
15m,1748384100.0,2.3114,2.3146,2.3056,2.3129,344281.85,0.0,0.0,0
15m,1748385000.0,2.3129,2.3157,2.3099,2.3156,345942.97,0.0,0.0,0
15m,1748385900.0,2.3156,2.3196,2.3143,2.318,68667.04,0.0,0.0,0
15m,1748386800.0,2.318,2.3211,2.3169,2.3195,68260.93,0.0,0.0,0
15m,1748387700.0,2.3195,2.3205,2.3145,2.3147,97677.88,0.0,0.0,0
15m,1748388600.0,2.3147,2.3206,2.3137,2.317,58882.75,0.0,0.0,0
15m,1748389500.0,2.317,2.3191,2.3161,2.3163,178027.58,0.0,0.0,0
15m,1748390400.0,2.3163,2.3163,2.3093,2.3095,257607.15,0.0,0.0,0
15m,1748391300.0,2.3095,2.3184,2.3086,2.3174,166924.38,0.0,0.0,0
15m,1748392200.0,2.3174,2.3191,2.3137,2.3181,225651.99,0.0,0.0,0
15m,1748393100.0,2.3181,2.3228,2.3135,2.3211,259829.53,0.0,0.0,0
15m,1748394000.0,2.3211,2.3231,2.316,2.3178,149558.45,0.0,0.0,0
15m,1748394900.0,2.3178,2.3178,2.3133,2.3161,385183.58,0.0,0.0,0
15m,1748395800.0,2.3161,2.3189,2.3119,2.3162,176541.65,0.0,0.0,0
15m,1748396700.0,2.3162,2.3215,2.3091,2.3098,242050.4,0.0,0.0,0
15m,1748397600.0,2.3098,2.3131,2.3063,2.3086,273355.72,0.0,0.0,0
15m,1748398500.0,2.3086,2.3104,2.3027,2.3034,218095.26,0.0,0.0,0
15m,1748399400.0,2.3034,2.3121,2.3029,2.3099,118308.05,0.0,0.0,0
15m,1748400300.0,2.3099,2.3123,2.3084,2.3087,80298.29,0.0,0.0,0
15m,1748401200.0,2.3087,2.3089,2.3055,2.3089,90344.63,0.0,0.0,0
15m,1748402100.0,2.3089,2.3093,2.3046,2.3062,125163.05,0.0,0.0,0
15m,1748403000.0,2.3062,2.3104,2.305,2.3082,91456.27,0.0,0.0,0
15m,1748403900.0,2.3082,2.3134,2.308,2.3124,154070.05,0.0,0.0,0
15m,1748404800.0,2.3124,2.3128,2.3069,2.3093,173803.08,0.0,0.0,0
15m,1748405700.0,2.3093,2.3112,2.3047,2.3063,146673.41,0.0,0.0,0
15m,1748406600.0,2.3063,2.3136,2.3059,2.3133,159736.08,0.0,0.0,0
15m,1748407500.0,2.3133,2.316,2.3125,2.3127,118066.19,0.0,0.0,0
15m,1748408400.0,2.3127,2.3133,2.3044,2.3065,252140.57,0.0,0.0,0
15m,1748409300.0,2.3065,2.3082,2.3026,2.3056,420737.83,0.0,0.0,0
15m,1748410200.0,2.3056,2.309,2.3041,2.3061,158360.3,0.0,0.0,0
15m,1748411100.0,2.3061,2.3083,2.303,2.3033,400021.07,0.0,0.0,0
15m,1748412000.0,2.3033,2.3036,2.2909,2.2914,1085299.36,0.0,0.0,0
15m,1748412900.0,2.2914,2.2954,2.2897,2.2947,584751.31,0.0,0.0,0
15m,1748413800.0,2.2947,2.2948,2.2874,2.29,290491.56,0.0,0.0,0
15m,1748414700.0,2.29,2.292,2.2883,2.2885,196834.02,0.0,0.0,0
15m,1748415600.0,2.2885,2.2934,2.2845,2.2913,452273.68,0.0,0.0,0
15m,1748416500.0,2.2913,2.2943,2.2892,2.2911,132135.3,0.0,0.0,0
15m,1748417400.0,2.2911,2.2956,2.2905,2.2951,157867.04,0.0,0.0,0
15m,1748418300.0,2.2951,2.3,2.2938,2.2959,353951.94,0.0,0.0,0
15m,1748419200.0,2.2959,2.2984,2.2916,2.2947,203589.62,0.0,0.0,0
15m,1748420100.0,2.2947,2.3009,2.2933,2.3003,72657.94,0.0,0.0,0
15m,1748421000.0,2.3003,2.3031,2.2941,2.3026,257540.35,0.0,0.0,0
15m,1748421900.0,2.3026,2.3036,2.2996,2.301,96473.53,0.0,0.0,0
15m,1748422800.0,2.301,2.3015,2.2972,2.2976,96119.31,0.0,0.0,0
15m,1748423700.0,2.2976,2.301,2.2944,2.2946,149753.43,0.0,0.0,0
15m,1748424600.0,2.2946,2.2994,2.2901,2.2975,260505.17,0.0,0.0,0
15m,1748425500.0,2.2975,2.2995,2.2947,2.2963,151592.78,0.0,0.0,0
15m,1748426400.0,2.2963,2.2965,2.288,2.294,396535.68,0.0,0.0,0
15m,1748427300.0,2.294,2.297,2.2882,2.2967,201279.84,0.0,0.0,0
15m,1748428200.0,2.2967,2.3035,2.2964,2.3009,176096.13,0.0,0.0,0
15m,1748429100.0,2.3009,2.3049,2.3002,2.3036,92176.72,0.0,0.0,0
15m,1748430000.0,2.3036,2.3077,2.3032,2.3043,160507.02,0.0,0.0,0
15m,1748430900.0,2.3043,2.3069,2.3017,2.302,167858.86,0.0,0.0,0
15m,1748431800.0,2.302,2.3097,2.302,2.3078,154361.92,0.0,0.0,0
15m,1748432700.0,2.3078,2.3102,2.307,2.3082,126209.92,0.0,0.0,0
15m,1748433600.0,2.3082,2.3103,2.3059,2.3072,88148.56,0.0,0.0,0
15m,1748434500.0,2.3072,2.3152,2.3065,2.3125,194900.74,0.0,0.0,0
15m,1748435400.0,2.3125,2.315,2.3116,2.3141,272849.76,0.0,0.0,0
15m,1748436300.0,2.3141,2.3147,2.3048,2.307,140158.1,0.0,0.0,0
15m,1748437200.0,2.307,2.3082,2.3035,2.3046,113986.95,0.0,0.0,0
15m,1748438100.0,2.3046,2.3055,2.2997,2.3027,309024.72,0.0,0.0,0
15m,1748439000.0,2.3027,2.3066,2.2936,2.2968,249299.96,0.0,0.0,0
15m,1748439900.0,2.2968,2.2968,2.2811,2.2823,812049.5,0.0,0.0,0
15m,1748440800.0,2.2823,2.2856,2.2761,2.2785,809509.2,0.0,0.0,0
15m,1748441700.0,2.2785,2.2835,2.2695,2.283,1191429.3,0.0,0.0,0
15m,1748442600.0,2.283,2.283,2.2748,2.2775,512806.2,0.0,0.0,0
15m,1748443500.0,2.2775,2.2801,2.2679,2.2686,337665.91,0.0,0.0,0
15m,1748444400.0,2.2686,2.2777,2.2543,2.2557,1183904.09,0.0,0.0,0
15m,1748445300.0,2.2557,2.2678,2.2555,2.2638,992695.88,0.0,0.0,0
15m,1748446200.0,2.2638,2.2646,2.2571,2.2623,793634.64,0.0,0.0,0
15m,1748447100.0,2.2623,2.2645,2.2523,2.253,487965.47,0.0,0.0,0
15m,1748448000.0,2.253,2.2618,2.2521,2.2591,638807.16,0.0,0.0,0
15m,1748448900.0,2.2591,2.2681,2.2586,2.2668,456632.72,0.0,0.0,0
15m,1748449800.0,2.2668,2.2668,2.2608,2.2618,223185.74,0.0,0.0,0
15m,1748450700.0,2.2618,2.2656,2.2567,2.2592,157460.61,0.0,0.0,0
15m,1748451600.0,2.2592,2.267,2.2563,2.2567,420280.19,0.0,0.0,0
15m,1748452500.0,2.2567,2.263,2.2482,2.2514,393455.84,0.0,0.0,0
15m,1748453400.0,2.2514,2.2514,2.2368,2.2409,550910.55,0.0,0.0,0
15m,1748454300.0,2.2409,2.2503,2.2397,2.2503,295856.22,0.0,0.0,0
15m,1748455200.0,2.2503,2.26,2.2486,2.2592,298617.15,0.0,0.0,0
15m,1748456100.0,2.2592,2.26,2.2497,2.2506,133583.65,0.0,0.0,0
15m,1748457000.0,2.2506,2.2566,2.2506,2.256,72483.5,0.0,0.0,0
15m,1748457900.0,2.256,2.2566,2.2406,2.2428,458030.95,0.0,0.0,0
15m,1748458800.0,2.2428,2.2559,2.2421,2.2523,428909.61,0.0,0.0,0
15m,1748459700.0,2.2523,2.253,2.2461,2.2488,103876.89,0.0,0.0,0
15m,1748460600.0,2.2488,2.249,2.2324,2.2326,337589.44,0.0,0.0,0
15m,1748461500.0,2.2326,2.2385,2.2265,2.2275,818284.5,0.0,0.0,0
15m,1748462400.0,2.2275,2.2414,2.2238,2.2409,589101.65,0.0,0.0,0
15m,1748463300.0,2.2409,2.2469,2.2363,2.2456,364583.05,0.0,0.0,0
15m,1748464200.0,2.2456,2.2497,2.2422,2.2473,139282.05,0.0,0.0,0
15m,1748465100.0,2.2473,2.2542,2.2473,2.2522,268170.61,0.0,0.0,0
15m,1748466000.0,2.2522,2.2552,2.2507,2.2525,316615.71,0.0,0.0,0
15m,1748466900.0,2.2525,2.2597,2.251,2.2545,157589.58,0.0,0.0,0
15m,1748467800.0,2.2545,2.258,2.2531,2.2578,91033.15,0.0,0.0,0
15m,1748468700.0,2.2578,2.2632,2.2578,2.2615,193788.01,0.0,0.0,0
15m,1748469600.0,2.2615,2.2617,2.2546,2.2565,296760.72,0.0,0.0,0
15m,1748470500.0,2.2565,2.2594,2.255,2.2556,76642.7,0.0,0.0,0
15m,1748471400.0,2.2556,2.2582,2.2522,2.2564,130947.28,0.0,0.0,0
15m,1748472300.0,2.2564,2.2623,2.2546,2.261,122698.26,0.0,0.0,0
15m,1748473200.0,2.261,2.2682,2.2599,2.2678,205361.15,0.0,0.0,0
15m,1748474100.0,2.2678,2.2787,2.2671,2.2748,342446.64,0.0,0.0,0
15m,1748475000.0,2.2748,2.2812,2.2748,2.2766,396069.11,0.0,0.0,0
15m,1748475900.0,2.2766,2.2767,2.2718,2.2743,147135.95,0.0,0.0,0
15m,1748476800.0,2.2743,2.2782,2.2676,2.2698,228975.6,0.0,0.0,0
15m,1748477700.0,2.2698,2.2811,2.2694,2.2807,202502.48,0.0,0.0,0
15m,1748478600.0,2.2807,2.2854,2.2777,2.2815,466980.14,0.0,0.0,0
15m,1748479500.0,2.2815,2.2978,2.2813,2.2954,448361.58,0.0,0.0,0
15m,1748480400.0,2.2954,2.298,2.2866,2.2889,615099.24,0.0,0.0,0
15m,1748481300.0,2.2889,2.2907,2.2855,2.2865,143304.05,0.0,0.0,0
15m,1748482200.0,2.2865,2.2911,2.2816,2.2904,305502.3,0.0,0.0,0
15m,1748483100.0,2.2904,2.2919,2.2867,2.29,560252.19,0.0,0.0,0
15m,1748484000.0,2.29,2.2905,2.2799,2.2831,308330.25,0.0,0.0,0
15m,1748484900.0,2.2831,2.2954,2.2831,2.2938,331977.39,0.0,0.0,0
15m,1748485800.0,2.2938,2.3031,2.2938,2.299,425329.79,0.0,0.0,0
15m,1748486700.0,2.299,2.3114,2.299,2.3107,489091.88,0.0,0.0,0
15m,1748487600.0,2.3107,2.3125,2.2981,2.299,243407.41,0.0,0.0,0
15m,1748488500.0,2.299,2.3049,2.2987,2.3005,480315.02,0.0,0.0,0
15m,1748489400.0,2.3005,2.3021,2.2893,2.2904,212387.26,0.0,0.0,0
15m,1748490300.0,2.2904,2.2946,2.2884,2.2914,167411.95,0.0,0.0,0
15m,1748491200.0,2.2914,2.2949,2.286,2.2882,376601.33,0.0,0.0,0
15m,1748492100.0,2.2882,2.2903,2.28,2.2902,212791.34,0.0,0.0,0
15m,1748493000.0,2.2902,2.2908,2.2749,2.2787,255498.03,0.0,0.0,0
15m,1748493900.0,2.2787,2.2838,2.2736,2.2818,589958.7,0.0,0.0,0
15m,1748494800.0,2.2818,2.2848,2.2795,2.281,156078.06,0.0,0.0,0
15m,1748495700.0,2.281,2.2884,2.281,2.2863,204937.61,0.0,0.0,0
15m,1748496600.0,2.2863,2.2877,2.2833,2.2868,131915.29,0.0,0.0,0
15m,1748497500.0,2.2868,2.2887,2.2777,2.2802,233718.76,0.0,0.0,0
15m,1748498400.0,2.2802,2.2869,2.2795,2.2851,156751.14,0.0,0.0,0
15m,1748499300.0,2.2851,2.2875,2.28,2.2875,390979.27,0.0,0.0,0
15m,1748500200.0,2.2875,2.2883,2.2812,2.2822,244388.66,0.0,0.0,0
15m,1748501100.0,2.2822,2.2852,2.2813,2.2849,115125.73,0.0,0.0,0
15m,1748502000.0,2.2849,2.2873,2.2779,2.2842,200728.17,0.0,0.0,0
15m,1748502900.0,2.2842,2.2868,2.2825,2.2853,168741.04,0.0,0.0,0
15m,1748503800.0,2.2853,2.2854,2.2809,2.2824,154531.58,0.0,0.0,0
15m,1748504700.0,2.2824,2.2824,2.274,2.2796,515728.63,0.0,0.0,0
15m,1748505600.0,2.2796,2.2871,2.2772,2.287,596522.55,0.0,0.0,0
15m,1748506500.0,2.287,2.2939,2.2865,2.2902,343279.52,0.0,0.0,0
15m,1748507400.0,2.2902,2.2965,2.2899,2.2928,163714.53,0.0,0.0,0
15m,1748508300.0,2.2928,2.2963,2.291,2.2952,255205.87,0.0,0.0,0
15m,1748509200.0,2.2952,2.2967,2.2916,2.2939,152050.41,0.0,0.0,0
15m,1748510100.0,2.2939,2.2942,2.2899,2.2926,107787.97,0.0,0.0,0
15m,1748511000.0,2.2926,2.2948,2.2906,2.2913,66745.93,0.0,0.0,0
15m,1748511900.0,2.2913,2.2943,2.2907,2.2932,149675.78,0.0,0.0,0
15m,1748512800.0,2.2932,2.2979,2.2885,2.2948,521079.35,0.0,0.0,0
15m,1748513700.0,2.2948,2.2996,2.2934,2.2952,200401.32,0.0,0.0,0
15m,1748514600.0,2.2952,2.3006,2.2948,2.3003,203825.67,0.0,0.0,0
15m,1748515500.0,2.3003,2.3028,2.3002,2.3011,214161.57,0.0,0.0,0
15m,1748516400.0,2.3011,2.3023,2.2969,2.2991,338866.49,0.0,0.0,0
15m,1748517300.0,2.2991,2.3038,2.2988,2.3004,219120.53,0.0,0.0,0
15m,1748518200.0,2.3004,2.3039,2.2982,2.2993,1256368.95,0.0,0.0,0
15m,1748519100.0,2.2993,2.302,2.2966,2.3019,246028.72,0.0,0.0,0
15m,1748520000.0,2.3019,2.3029,2.2961,2.2966,306346.19,0.0,0.0,0
15m,1748520900.0,2.2966,2.3006,2.2942,2.2987,191185.36,0.0,0.0,0
15m,1748521800.0,2.2987,2.3026,2.2884,2.2895,360999.01,0.0,0.0,0
15m,1748522700.0,2.2895,2.2973,2.289,2.2951,208626.38,0.0,0.0,0
15m,1748523600.0,2.2951,2.3087,2.2949,2.3053,346754.44,0.0,0.0,0
15m,1748524500.0,2.3053,2.3056,2.2981,2.3016,373581.67,0.0,0.0,0
15m,1748525400.0,2.3016,2.3027,2.2852,2.2875,495109.46,0.0,0.0,0
15m,1748526300.0,2.2875,2.2942,2.2832,2.2869,606459.77,0.0,0.0,0
15m,1748527200.0,2.2869,2.2925,2.2763,2.2814,615269.85,0.0,0.0,0
15m,1748528100.0,2.2814,2.282,2.2659,2.2716,1064589.04,0.0,0.0,0
15m,1748529000.0,2.2716,2.2785,2.2664,2.278,566929.39,0.0,0.0,0
15m,1748529900.0,2.278,2.2943,2.2778,2.2915,705203.31,0.0,0.0,0
15m,1748530800.0,2.2915,2.2954,2.2871,2.2875,275271.9,0.0,0.0,0
15m,1748531700.0,2.2875,2.293,2.2866,2.2904,114162.33,0.0,0.0,0
15m,1748532600.0,2.2904,2.2919,2.2795,2.2808,358807.07,0.0,0.0,0
15m,1748533500.0,2.2808,2.2824,2.2746,2.2764,241042.84,0.0,0.0,0
15m,1748534400.0,2.2764,2.278,2.2707,2.2767,308594.02,0.0,0.0,0
15m,1748535300.0,2.2767,2.2824,2.2759,2.2794,302346.1,0.0,0.0,0
15m,1748536200.0,2.2794,2.2817,2.2737,2.2784,245024.68,0.0,0.0,0
15m,1748537100.0,2.2784,2.2832,2.2679,2.2712,289364.26,0.0,0.0,0
15m,1748538000.0,2.2712,2.2781,2.2691,2.2758,165295.25,0.0,0.0,0
15m,1748538900.0,2.2758,2.2838,2.2738,2.2799,177241.73,0.0,0.0,0
15m,1748539800.0,2.2799,2.283,2.2711,2.2718,226948.08,0.0,0.0,0
15m,1748540700.0,2.2718,2.2916,2.271,2.2839,828046.68,0.0,0.0,0
15m,1748541600.0,2.2839,2.2904,2.2828,2.2876,158331.46,0.0,0.0,0
15m,1748542500.0,2.2876,2.2889,2.2815,2.2831,228489.82,0.0,0.0,0
15m,1748543400.0,2.2831,2.287,2.2728,2.2728,353154.16,0.0,0.0,0
15m,1748544300.0,2.2728,2.2791,2.2714,2.2714,165138.47,0.0,0.0,0
15m,1748545200.0,2.2714,2.2765,2.25,2.255,1230585.57,0.0,0.0,0
15m,1748546100.0,2.255,2.2616,2.2528,2.2605,457764.85,0.0,0.0,0
15m,1748547000.0,2.2605,2.265,2.255,2.2566,245032.24,0.0,0.0,0
15m,1748547900.0,2.2566,2.2655,2.2561,2.2642,163453.31,0.0,0.0,0
15m,1748548800.0,2.2642,2.2717,2.2637,2.2659,597034.62,0.0,0.0,0
15m,1748549700.0,2.2659,2.2739,2.2659,2.2722,125613.13,0.0,0.0,0
15m,1748550600.0,2.2722,2.2753,2.2675,2.2675,203566.92,0.0,0.0,0
15m,1748551500.0,2.2675,2.2725,2.2663,2.2721,172667.66,0.0,0.0,0
15m,1748552400.0,2.2721,2.2735,2.2676,2.2695,154698.27,0.0,0.0,0
15m,1748553300.0,2.2695,2.2759,2.2689,2.2707,112533.41,0.0,0.0,0
15m,1748554200.0,2.2707,2.2766,2.2705,2.2765,85601.53,0.0,0.0,0
15m,1748555100.0,2.2765,2.2835,2.2765,2.2818,129573.31,0.0,0.0,0
15m,1748556000.0,2.2818,2.2818,2.2745,2.2773,179093.39,0.0,0.0,0
15m,1748556900.0,2.2773,2.2775,2.2707,2.2713,250987.15,0.0,0.0,0
15m,1748557800.0,2.2713,2.2728,2.2681,2.2687,98423.43,0.0,0.0,0
15m,1748558700.0,2.2687,2.2698,2.2605,2.2605,226231.91,0.0,0.0,0
15m,1748559600.0,2.2605,2.2638,2.2589,2.262,244997.7,0.0,0.0,0
15m,1748560500.0,2.262,2.2631,2.2468,2.2514,883683.75,0.0,0.0,0
15m,1748561400.0,2.2514,2.255,2.2482,2.251,357423.19,0.0,0.0,0
15m,1748562300.0,2.251,2.2529,2.2379,2.2442,1082758.26,0.0,0.0,0
15m,1748563200.0,2.2442,2.2472,2.2386,2.2416,431435.99,0.0,0.0,0
15m,1748564100.0,2.2416,2.2523,2.2393,2.2436,395664.68,0.0,0.0,0
15m,1748565000.0,2.2436,2.2446,2.227,2.2359,1192362.18,0.0,0.0,0
15m,1748565900.0,2.2359,2.2381,2.1284,2.1547,9750726.26,0.0,0.0,0
15m,1748566800.0,2.1547,2.1884,2.15,2.1873,5157178.65,0.0,0.0,0
15m,1748567700.0,2.1873,2.1952,2.1804,2.1942,2238256.13,0.0,0.0,0
15m,1748568600.0,2.1942,2.1976,2.1829,2.1956,923426.95,0.0,0.0,0
15m,1748569500.0,2.1956,2.199,2.1872,2.193,348264.23,0.0,0.0,0
15m,1748570400.0,2.193,2.2087,2.1914,2.2068,643049.12,0.0,0.0,0
15m,1748571300.0,2.2068,2.2119,2.2063,2.2094,414257.32,0.0,0.0,0
15m,1748572200.0,2.2094,2.2191,2.2091,2.218,460593.14,0.0,0.0,0
15m,1748573100.0,2.218,2.2222,2.2164,2.2185,333521.83,0.0,0.0,0
15m,1748574000.0,2.2185,2.2215,2.2146,2.2203,319706.17,0.0,0.0,0
15m,1748574900.0,2.2203,2.2273,2.2192,2.2271,439729.56,0.0,0.0,0
15m,1748575800.0,2.2271,2.2308,2.219,2.2196,327649.94,0.0,0.0,0
15m,1748576700.0,2.2196,2.2205,2.216,2.2174,157932.09,0.0,0.0,0
15m,1748577600.0,2.2174,2.2174,2.2095,2.2099,329127.42,0.0,0.0,0
15m,1748578500.0,2.2099,2.2149,2.2093,2.214,196686.69,0.0,0.0,0
15m,1748579400.0,2.214,2.2175,2.21,2.2175,241776.91,0.0,0.0,0
15m,1748580300.0,2.2175,2.2233,2.2175,2.2219,355994.48,0.0,0.0,0
15m,1748581200.0,2.2219,2.2235,2.2181,2.2181,198072.38,0.0,0.0,0
15m,1748582100.0,2.2181,2.2227,2.2172,2.2212,126825.23,0.0,0.0,0
15m,1748583000.0,2.2212,2.2249,2.2181,2.2202,367253.25,0.0,0.0,0
15m,1748583900.0,2.2202,2.2206,2.2104,2.2157,312269.93,0.0,0.0,0
15m,1748584800.0,2.2157,2.216,2.1998,2.1998,631754.94,0.0,0.0,0
15m,1748585700.0,2.1998,2.2024,2.1923,2.1942,483491.85,0.0,0.0,0
15m,1748586600.0,2.1942,2.1959,2.1867,2.1878,838474.8,0.0,0.0,0
15m,1748587500.0,2.1878,2.1887,2.1784,2.1861,1451364.4,0.0,0.0,0
15m,1748588400.0,2.1861,2.1942,2.1742,2.1814,611563.53,0.0,0.0,0
15m,1748589300.0,2.1814,2.1944,2.1814,2.1889,622455.13,0.0,0.0,0
15m,1748590200.0,2.1889,2.1951,2.177,2.1913,788568.91,0.0,0.0,0
15m,1748591100.0,2.1913,2.1983,2.1837,2.1902,424906.51,0.0,0.0,0
15m,1748592000.0,2.1902,2.1914,2.1765,2.1862,449153.72,0.0,0.0,0
15m,1748592900.0,2.1862,2.189,2.1744,2.1875,472463.84,0.0,0.0,0
15m,1748593800.0,2.1875,2.192,2.1798,2.1865,419921.6,0.0,0.0,0
15m,1748594700.0,2.1865,2.193,2.186,2.1873,361797.88,0.0,0.0,0
15m,1748595600.0,2.1873,2.1931,2.1782,2.1815,227819.39,0.0,0.0,0
15m,1748596500.0,2.1815,2.1915,2.1802,2.1877,201208.28,0.0,0.0,0
15m,1748597400.0,2.1877,2.1904,2.1702,2.1797,1005919.04,0.0,0.0,0
15m,1748598300.0,2.1797,2.1954,2.1797,2.1944,553614.4,0.0,0.0,0
15m,1748599200.0,2.1944,2.1996,2.1852,2.1863,523337.12,0.0,0.0,0
15m,1748600100.0,2.1863,2.1951,2.1845,2.1947,184115.35,0.0,0.0,0
15m,1748601000.0,2.1947,2.1968,2.191,2.1924,167802.27,0.0,0.0,0
15m,1748601900.0,2.1924,2.2047,2.1915,2.2044,255436.58,0.0,0.0,0
15m,1748602800.0,2.2044,2.2111,2.2027,2.2036,469236.28,0.0,0.0,0
15m,1748603700.0,2.2036,2.2099,2.2013,2.2059,298807.01,0.0,0.0,0
15m,1748604600.0,2.2059,2.2148,2.2043,2.2044,270356.41,0.0,0.0,0
15m,1748605500.0,2.2044,2.2107,2.2043,2.2065,174589.77,0.0,0.0,0
15m,1748606400.0,2.2065,2.2097,2.1885,2.1885,476201.57,0.0,0.0,0
15m,1748607300.0,2.1885,2.1951,2.185,2.1927,519180.6,0.0,0.0,0
15m,1748608200.0,2.1927,2.2032,2.1914,2.2009,531787.53,0.0,0.0,0
15m,1748609100.0,2.2009,2.2053,2.1949,2.1951,270508.32,0.0,0.0,0
15m,1748610000.0,2.1951,2.2024,2.1883,2.1907,437460.26,0.0,0.0,0
15m,1748610900.0,2.1907,2.1925,2.1832,2.1867,452921.15,0.0,0.0,0
15m,1748611800.0,2.1867,2.1917,2.1786,2.1856,538095.51,0.0,0.0,0
15m,1748612700.0,2.1856,2.1898,2.1685,2.1696,489222.4,0.0,0.0,0
15m,1748613600.0,2.1696,2.1807,2.166,2.1753,649007.21,0.0,0.0,0
15m,1748614500.0,2.1753,2.1785,2.1624,2.1678,529351.05,0.0,0.0,0
15m,1748615400.0,2.1678,2.1887,2.1668,2.1835,731437.34,0.0,0.0,0
15m,1748616300.0,2.1835,2.1845,2.1739,2.1774,455523.98,0.0,0.0,0
15m,1748617200.0,2.1774,2.192,2.176,2.192,542576.34,0.0,0.0,0
15m,1748618100.0,2.192,2.2015,2.1859,2.199,452842.11,0.0,0.0,0
15m,1748619000.0,2.199,2.2004,2.1872,2.1913,461281.23,0.0,0.0,0
15m,1748619900.0,2.1913,2.1923,2.1823,2.1834,235602.59,0.0,0.0,0
15m,1748620800.0,2.1834,2.1909,2.1796,2.1853,364542.65,0.0,0.0,0
15m,1748621700.0,2.1853,2.1858,2.1624,2.1642,1136117.22,0.0,0.0,0
15m,1748622600.0,2.1642,2.1652,2.1344,2.153,2407276.68,0.0,0.0,0
15m,1748623500.0,2.153,2.1566,2.144,2.1535,837152.11,0.0,0.0,0
15m,1748624400.0,2.1535,2.1749,2.1527,2.1675,504029.95,0.0,0.0,0
15m,1748625300.0,2.1675,2.1744,2.1655,2.1694,424214.82,0.0,0.0,0
15m,1748626200.0,2.1694,2.1729,2.1661,2.1672,202100.15,0.0,0.0,0
15m,1748627100.0,2.1672,2.175,2.1664,2.1742,306297.88,0.0,0.0,0
15m,1748628000.0,2.1742,2.1897,2.1739,2.185,375597.69,0.0,0.0,0
15m,1748628900.0,2.185,2.1993,2.1847,2.1977,607952.15,0.0,0.0,0
15m,1748629800.0,2.1977,2.1989,2.1929,2.1972,574129.61,0.0,0.0,0
15m,1748630700.0,2.1972,2.2048,2.1967,2.2026,181784.76,0.0,0.0,0
15m,1748631600.0,2.2026,2.2051,2.198,2.2002,733676.42,0.0,0.0,0
15m,1748632500.0,2.2002,2.2043,2.1986,2.2013,113305.26,0.0,0.0,0
15m,1748633400.0,2.2013,2.2013,2.1927,2.1944,217704.99,0.0,0.0,0
15m,1748634300.0,2.1944,2.1947,2.1851,2.1858,140709.41,0.0,0.0,0
15m,1748635200.0,2.1858,2.1907,2.1842,2.1873,112643.25,0.0,0.0,0
15m,1748636100.0,2.1873,2.1942,2.1856,2.1873,111620.99,0.0,0.0,0
15m,1748637000.0,2.1873,2.1948,2.1861,2.1946,53898.09,0.0,0.0,0
15m,1748637900.0,2.1946,2.197,2.1877,2.1883,181369.72,0.0,0.0,0
15m,1748638800.0,2.1883,2.1946,2.1883,2.1933,87396.59,0.0,0.0,0
15m,1748639700.0,2.1933,2.1954,2.191,2.191,63352.77,0.0,0.0,0
15m,1748640600.0,2.191,2.1958,2.1831,2.1831,125117.67,0.0,0.0,0
15m,1748641500.0,2.1831,2.1856,2.1782,2.1801,164565.09,0.0,0.0,0
15m,1748642400.0,2.1801,2.1843,2.1767,2.1797,221364.48,0.0,0.0,0
15m,1748643300.0,2.1797,2.1797,2.1666,2.1674,289077.42,0.0,0.0,0
15m,1748644200.0,2.1674,2.17,2.1473,2.1478,284537.06,0.0,0.0,0
15m,1748645100.0,2.1478,2.1641,2.1386,2.1399,557025.53,0.0,0.0,0
15m,1748646000.0,2.1399,2.1545,2.1322,2.1442,880597.1,0.0,0.0,0
15m,1748646900.0,2.1442,2.1517,2.1296,2.1388,1050843.41,0.0,0.0,0
15m,1748647800.0,2.1388,2.1502,2.1382,2.1399,760861.63,0.0,0.0,0
15m,1748648700.0,2.1399,2.1453,2.1345,2.1396,320462.04,0.0,0.0,0
15m,1748649600.0,2.1396,2.144,2.1167,2.1206,1287150.24,0.0,0.0,0
15m,1748650500.0,2.1206,2.1525,2.1057,2.1228,5321461.77,0.0,0.0,0
15m,1748651400.0,2.1228,2.1488,2.1228,2.1445,666297.64,0.0,0.0,0
15m,1748652300.0,2.1445,2.1486,2.1262,2.1281,252209.61,0.0,0.0,0
15m,1748653200.0,2.1281,2.137,2.1089,2.1348,1301518.57,0.0,0.0,0
15m,1748654100.0,2.1348,2.1441,2.1149,2.1183,657676.83,0.0,0.0,0
15m,1748655000.0,2.1183,2.1267,2.0987,2.1255,2338746.65,0.0,0.0,0
15m,1748655900.0,2.1255,2.1267,2.1051,2.1186,871162.24,0.0,0.0,0
15m,1748656800.0,2.1186,2.1329,2.1062,2.1313,1841818.79,0.0,0.0,0
15m,1748657700.0,2.1313,2.1399,2.123,2.1238,479504.07,0.0,0.0,0
15m,1748658600.0,2.1238,2.1238,2.1093,2.1104,856884.36,0.0,0.0,0
15m,1748659500.0,2.1104,2.1148,2.0997,2.1009,890948.29,0.0,0.0,0
15m,1748660400.0,2.1009,2.1036,2.0792,2.0929,1729417.8,0.0,0.0,0
15m,1748661300.0,2.0929,2.0995,2.079,2.0995,800290.69,0.0,0.0,0
15m,1748662200.0,2.0995,2.1078,2.0921,2.1078,478779.31,0.0,0.0,0
15m,1748663100.0,2.1078,2.1127,2.1014,2.1098,259428.29,0.0,0.0,0
15m,1748664000.0,2.1098,2.1103,2.0994,2.1084,390240.38,0.0,0.0,0
15m,1748664900.0,2.1084,2.1212,2.1008,2.1206,780525.54,0.0,0.0,0
15m,1748665800.0,2.1206,2.1281,2.1203,2.1225,390122.17,0.0,0.0,0
15m,1748666700.0,2.1225,2.1332,2.1225,2.1329,172126.09,0.0,0.0,0
15m,1748667600.0,2.1329,2.1382,2.1303,2.1336,390725.36,0.0,0.0,0
15m,1748668500.0,2.1336,2.1381,2.1306,2.1336,272668.27,0.0,0.0,0
15m,1748669400.0,2.1336,2.1395,2.1333,2.1384,310274.21,0.0,0.0,0
15m,1748670300.0,2.1384,2.1384,2.1259,2.1264,258315.72,0.0,0.0,0
15m,1748671200.0,2.1264,2.1365,2.1254,2.1357,432781.98,0.0,0.0,0
15m,1748672100.0,2.1357,2.1395,2.1339,2.1373,178468.84,0.0,0.0,0
15m,1748673000.0,2.1373,2.143,2.1331,2.142,385582.45,0.0,0.0,0
15m,1748673900.0,2.142,2.1421,2.1355,2.1361,166172.06,0.0,0.0,0
15m,1748674800.0,2.1361,2.137,2.1293,2.1293,145473.27,0.0,0.0,0
15m,1748675700.0,2.1293,2.135,2.1271,2.1337,224707.78,0.0,0.0,0
15m,1748676600.0,2.1337,2.1383,2.1296,2.1309,312946.96,0.0,0.0,0
15m,1748677500.0,2.1309,2.1343,2.1271,2.1287,87312.35,0.0,0.0,0
15m,1748678400.0,2.1287,2.1327,2.1284,2.1322,352546.65,0.0,0.0,0
15m,1748679300.0,2.1322,2.1398,2.1281,2.1349,240748.09,0.0,0.0,0
15m,1748680200.0,2.1349,2.1393,2.1276,2.1299,241100.68,0.0,0.0,0
15m,1748681100.0,2.1299,2.1372,2.1284,2.1367,156611.08,0.0,0.0,0
15m,1748682000.0,2.1367,2.1442,2.1341,2.1425,554795.57,0.0,0.0,0
15m,1748682900.0,2.1425,2.1444,2.1312,2.1329,436092.77,0.0,0.0,0
15m,1748683800.0,2.1329,2.1418,2.1329,2.1413,258534.34,0.0,0.0,0
15m,1748684700.0,2.1413,2.1439,2.1388,2.1425,394417.48,0.0,0.0,0
15m,1748685600.0,2.1425,2.1532,2.1347,2.1478,472876.85,0.0,0.0,0
15m,1748686500.0,2.1478,2.1509,2.1397,2.1415,255821.19,0.0,0.0,0
15m,1748687400.0,2.1415,2.1436,2.1338,2.1348,374728.31,0.0,0.0,0
15m,1748688300.0,2.1348,2.1404,2.1319,2.1389,102851.74,0.0,0.0,0
15m,1748689200.0,2.1389,2.1426,2.1328,2.1333,136148.81,0.0,0.0,0
15m,1748690100.0,2.1333,2.1374,2.1311,2.1322,159556.38,0.0,0.0,0
15m,1748691000.0,2.1322,2.1363,2.1286,2.1354,236556.39,0.0,0.0,0
15m,1748691900.0,2.1354,2.1399,2.1343,2.1396,102357.24,0.0,0.0,0
15m,1748692800.0,2.1396,2.1497,2.1392,2.1497,173293.48,0.0,0.0,0
15m,1748693700.0,2.1497,2.1545,2.1487,2.1504,595523.79,0.0,0.0,0
15m,1748694600.0,2.1504,2.1547,2.1496,2.1526,151233.68,0.0,0.0,0
15m,1748695500.0,2.1526,2.1624,2.1526,2.162,380249.17,0.0,0.0,0
15m,1748696400.0,2.162,2.1688,2.1601,2.161,576224.16,0.0,0.0,0
15m,1748697300.0,2.161,2.1641,2.1524,2.1576,306037.19,0.0,0.0,0
15m,1748698200.0,2.1576,2.163,2.1571,2.1572,238713.88,0.0,0.0,0
15m,1748699100.0,2.1572,2.1587,2.1524,2.1573,162543.99,0.0,0.0,0
15m,1748700000.0,2.1573,2.1664,2.1567,2.1639,362129.37,0.0,0.0,0
15m,1748700900.0,2.1639,2.1682,2.1595,2.1672,163466.04,0.0,0.0,0
15m,1748701800.0,2.1672,2.171,2.164,2.1702,242730.94,0.0,0.0,0
15m,1748702700.0,2.1702,2.1709,2.1664,2.1691,280110.24,0.0,0.0,0
15m,1748703600.0,2.1691,2.1751,2.1691,2.1718,370347.83,0.0,0.0,0
15m,1748704500.0,2.1718,2.1805,2.1716,2.1799,581924.81,0.0,0.0,0
15m,1748705400.0,2.1799,2.1814,2.1727,2.1737,441908.08,0.0,0.0,0
15m,1748706300.0,2.1737,2.1772,2.1688,2.1727,292150.49,0.0,0.0,0
15m,1748707200.0,2.1727,2.1849,2.1701,2.1832,644256.33,0.0,0.0,0
15m,1748708100.0,2.1832,2.1882,2.1829,2.1879,704376.65,0.0,0.0,0
15m,1748709000.0,2.1879,2.191,2.1813,2.182,184642.95,0.0,0.0,0
15m,1748709900.0,2.182,2.191,2.1813,2.191,160377.68,0.0,0.0,0
15m,1748710800.0,2.191,2.1996,2.1899,2.1996,282785.66,0.0,0.0,0
15m,1748711700.0,2.1996,2.2032,2.1945,2.1964,321892.58,0.0,0.0,0
15m,1748712600.0,2.1964,2.1977,2.1906,2.1924,119151.97,0.0,0.0,0
15m,1748713500.0,2.1924,2.1928,2.1822,2.1844,378550.08,0.0,0.0,0
15m,1748714400.0,2.1844,2.1954,2.1841,2.1889,157240.59,0.0,0.0,0
15m,1748715300.0,2.1889,2.1933,2.1889,2.1914,78938.85,0.0,0.0,0
15m,1748716200.0,2.1914,2.1916,2.1855,2.1855,80192.96,0.0,0.0,0
15m,1748717100.0,2.1855,2.1902,2.1852,2.1888,122094.58,0.0,0.0,0
15m,1748718000.0,2.1888,2.2063,2.1888,2.1988,545833.22,0.0,0.0,0
15m,1748718900.0,2.1988,2.1992,2.1952,2.1976,70199.57,0.0,0.0,0
15m,1748719800.0,2.1976,2.2005,2.1936,2.1936,386830.29,0.0,0.0,0
15m,1748720700.0,2.1936,2.196,2.1907,2.1921,77849.19,0.0,0.0,0
15m,1748721600.0,2.1921,2.1991,2.1904,2.1917,318614.73,0.0,0.0,0
15m,1748722500.0,2.1917,2.1945,2.1897,2.1923,108394.51,0.0,0.0,0
15m,1748723400.0,2.1923,2.194,2.1913,2.1916,105510.17,0.0,0.0,0
15m,1748724300.0,2.1916,2.1954,2.1912,2.1927,95745.94,0.0,0.0,0
15m,1748725200.0,2.1927,2.2003,2.1915,2.1925,454245.08,0.0,0.0,0
15m,1748726100.0,2.1925,2.1944,2.1906,2.1925,77160.49,0.0,0.0,0
15m,1748727000.0,2.1925,2.1987,2.1925,2.196,198512.9,0.0,0.0,0
15m,1748727900.0,2.196,2.1971,2.1918,2.195,68512.99,0.0,0.0,0
15m,1748728800.0,2.195,2.1968,2.1877,2.1893,163413.19,0.0,0.0,0
15m,1748729700.0,2.1893,2.1896,2.1854,2.1865,278947.42,0.0,0.0,0
15m,1748730600.0,2.1865,2.1882,2.182,2.1833,247631.05,0.0,0.0,0
15m,1748731500.0,2.1833,2.1833,2.1774,2.1784,183465.01,0.0,0.0,0
15m,1748732400.0,2.1784,2.1854,2.1752,2.1854,280805.24,0.0,0.0,0
15m,1748733300.0,2.1854,2.1887,2.1797,2.1799,259250.79,0.0,0.0,0
15m,1748734200.0,2.1799,2.1809,2.1738,2.1744,121905.76,0.0,0.0,0
15m,1748735100.0,2.1744,2.1756,2.1721,2.1738,94960.81,0.0,0.0,0
15m,1748736000.0,2.1738,2.1746,2.1666,2.1682,209734.8,0.0,0.0,0
15m,1748736900.0,2.1682,2.171,2.1643,2.1655,222709.33,0.0,0.0,0
15m,1748737800.0,2.1655,2.171,2.1641,2.1696,77680.27,0.0,0.0,0
15m,1748738700.0,2.1696,2.1732,2.1694,2.1721,115897.84,0.0,0.0,0
15m,1748739600.0,2.1721,2.1765,2.1679,2.1764,189678.37,0.0,0.0,0
15m,1748740500.0,2.1764,2.1789,2.1703,2.1727,292488.22,0.0,0.0,0
15m,1748741400.0,2.1727,2.1741,2.1652,2.1654,111618.98,0.0,0.0,0
15m,1748742300.0,2.1654,2.1701,2.1549,2.1602,2901633.59,0.0,0.0,0
15m,1748743200.0,2.1602,2.1604,2.1492,2.1495,512304.04,0.0,0.0,0
15m,1748744100.0,2.1495,2.1596,2.1495,2.158,494438.64,0.0,0.0,0
15m,1748745000.0,2.158,2.1619,2.158,2.16,192477.55,0.0,0.0,0
15m,1748745900.0,2.16,2.1641,2.1566,2.1594,118272.57,0.0,0.0,0
15m,1748746800.0,2.1594,2.1604,2.1513,2.1536,169855.35,0.0,0.0,0
15m,1748747700.0,2.1536,2.158,2.1496,2.1551,168062.71,0.0,0.0,0
15m,1748748600.0,2.1551,2.1617,2.1551,2.1614,123652.3,0.0,0.0,0
15m,1748749500.0,2.1614,2.1649,2.1614,2.1635,47795.37,0.0,0.0,0
15m,1748750400.0,2.1635,2.1636,2.1583,2.1619,64794.05,0.0,0.0,0
15m,1748751300.0,2.1619,2.166,2.1619,2.1659,64145.9,0.0,0.0,0
15m,1748752200.0,2.1659,2.1745,2.1659,2.1739,135362.08,0.0,0.0,0
15m,1748753100.0,2.1739,2.1767,2.1715,2.1727,197534.48,0.0,0.0,0
15m,1748754000.0,2.1727,2.1749,2.1685,2.1724,179668.19,0.0,0.0,0
15m,1748754900.0,2.1724,2.1753,2.1722,2.1734,84626.99,0.0,0.0,0
15m,1748755800.0,2.1734,2.1767,2.1718,2.1731,84303.45,0.0,0.0,0
15m,1748756700.0,2.1731,2.1731,2.1685,2.1712,71084.55,0.0,0.0,0
15m,1748757600.0,2.1712,2.1716,2.1654,2.1669,112523.82,0.0,0.0,0
15m,1748758500.0,2.1669,2.167,2.1601,2.1646,208924.01,0.0,0.0,0
15m,1748759400.0,2.1646,2.1691,2.1646,2.166,71545.11,0.0,0.0,0
15m,1748760300.0,2.166,2.1671,2.1618,2.1633,61995.56,0.0,0.0,0
15m,1748761200.0,2.1633,2.1633,2.156,2.1621,183238.18,0.0,0.0,0
15m,1748762100.0,2.1621,2.1641,2.1586,2.1613,100258.86,0.0,0.0,0
15m,1748763000.0,2.1613,2.1614,2.1546,2.158,118926.49,0.0,0.0,0
15m,1748763900.0,2.158,2.1606,2.157,2.159,67287.49,0.0,0.0,0
15m,1748764800.0,2.159,2.1602,2.1497,2.1528,831576.02,0.0,0.0,0
15m,1748765700.0,2.1528,2.1548,2.1454,2.1491,505147.48,0.0,0.0,0
15m,1748766600.0,2.1491,2.1526,2.1454,2.1512,147818.38,0.0,0.0,0
15m,1748767500.0,2.1512,2.1524,2.1438,2.1482,347442.09,0.0,0.0,0
15m,1748768400.0,2.1482,2.1505,2.1394,2.1431,259097.6,0.0,0.0,0
15m,1748769300.0,2.1431,2.1436,2.1331,2.1369,648912.74,0.0,0.0,0
15m,1748770200.0,2.1369,2.1378,2.1298,2.1308,543833.33,0.0,0.0,0
15m,1748771100.0,2.1308,2.1346,2.1227,2.133,603583.23,0.0,0.0,0
15m,1748772000.0,2.133,2.136,2.1241,2.1335,250609.71,0.0,0.0,0
15m,1748772900.0,2.1335,2.1393,2.1319,2.1377,375298.33,0.0,0.0,0
15m,1748773800.0,2.1377,2.1381,2.1289,2.1334,225310.24,0.0,0.0,0
15m,1748774700.0,2.1334,2.1423,2.132,2.1417,406884.56,0.0,0.0,0
15m,1748775600.0,2.1417,2.1419,2.1366,2.14,324544.19,0.0,0.0,0
15m,1748776500.0,2.14,2.1464,2.1396,2.146,355876.36,0.0,0.0,0
15m,1748777400.0,2.146,2.1479,2.1425,2.147,220122.09,0.0,0.0,0
15m,1748778300.0,2.147,2.147,2.1401,2.1408,466265.93,0.0,0.0,0
15m,1748779200.0,2.1408,2.1408,2.1305,2.1367,714261.47,0.0,0.0,0
15m,1748780100.0,2.1367,2.1382,2.1315,2.136,379174.49,0.0,0.0,0
15m,1748781000.0,2.136,2.137,2.1259,2.1324,394129.51,0.0,0.0,0
15m,1748781900.0,2.1324,2.1351,2.1295,2.1318,185652.13,0.0,0.0,0
15m,1748782800.0,2.1318,2.1386,2.1298,2.138,178506.94,0.0,0.0,0
15m,1748783700.0,2.138,2.142,2.1356,2.1356,319768.53,0.0,0.0,0
15m,1748784600.0,2.1356,2.142,2.1356,2.1408,183348.56,0.0,0.0,0
15m,1748785500.0,2.1408,2.1432,2.1385,2.1401,143874.94,0.0,0.0,0
15m,1748786400.0,2.1401,2.1504,2.1401,2.1449,183400.31,0.0,0.0,0
15m,1748787300.0,2.1449,2.1537,2.1449,2.1527,213384.17,0.0,0.0,0
15m,1748788200.0,2.1527,2.1533,2.147,2.1507,252194.2,0.0,0.0,0
15m,1748789100.0,2.1507,2.1528,2.145,2.1463,107566.19,0.0,0.0,0
15m,1748790000.0,2.1463,2.1485,2.143,2.1446,103629.7,0.0,0.0,0
15m,1748790900.0,2.1446,2.154,2.1434,2.1521,149639.12,0.0,0.0,0
15m,1748791800.0,2.1521,2.156,2.1503,2.1521,175510.75,0.0,0.0,0
15m,1748792700.0,2.1521,2.1542,2.1485,2.1525,87621.25,0.0,0.0,0
15m,1748793600.0,2.1525,2.1663,2.1497,2.1625,455654.42,0.0,0.0,0
15m,1748794500.0,2.1625,2.1675,2.1581,2.1635,383010.7,0.0,0.0,0
15m,1748795400.0,2.1635,2.1744,2.1611,2.1728,186307.66,0.0,0.0,0
15m,1748796300.0,2.1728,2.1744,2.1668,2.1687,282785.0,0.0,0.0,0
15m,1748797200.0,2.1687,2.1754,2.1683,2.1693,115931.42,0.0,0.0,0
15m,1748798100.0,2.1693,2.1712,2.1663,2.1712,74437.93,0.0,0.0,0
15m,1748799000.0,2.1712,2.1766,2.1707,2.1711,130218.76,0.0,0.0,0
15m,1748799900.0,2.1711,2.1764,2.1697,2.1723,191907.62,0.0,0.0,0
15m,1748800800.0,2.1723,2.1723,2.1636,2.1642,198274.59,0.0,0.0,0
15m,1748801700.0,2.1642,2.1642,2.1555,2.1569,123677.61,0.0,0.0,0
15m,1748802600.0,2.1569,2.1575,2.1459,2.1479,1019785.66,0.0,0.0,0
15m,1748803500.0,2.1479,2.1601,2.1471,2.1568,1179492.95,0.0,0.0,0
15m,1748804400.0,2.1568,2.1624,2.1541,2.1597,1187104.78,0.0,0.0,0
15m,1748805300.0,2.1597,2.1652,2.1594,2.1636,183064.26,0.0,0.0,0
15m,1748806200.0,2.1636,2.1655,2.1601,2.1629,98940.0,0.0,0.0,0
15m,1748807100.0,2.1629,2.168,2.162,2.1677,63990.37,0.0,0.0,0
15m,1748808000.0,2.1677,2.1698,2.161,2.1622,371281.97,0.0,0.0,0
15m,1748808900.0,2.1622,2.1664,2.1619,2.1653,75362.99,0.0,0.0,0
15m,1748809800.0,2.1653,2.168,2.1634,2.1648,737871.94,0.0,0.0,0
15m,1748810700.0,2.1648,2.1652,2.155,2.155,237681.01,0.0,0.0,0
15m,1748811600.0,2.155,2.1629,2.1536,2.1605,862282.98,0.0,0.0,0
15m,1748812500.0,2.1605,2.1707,2.1598,2.169,322614.86,0.0,0.0,0
15m,1748813400.0,2.169,2.1757,2.1682,2.1703,190309.52,0.0,0.0,0
15m,1748814300.0,2.1703,2.1743,2.1702,2.1723,158232.58,0.0,0.0,0
15m,1748815200.0,2.1723,2.1803,2.1721,2.1796,914700.16,0.0,0.0,0
15m,1748816100.0,2.1796,2.1807,2.1718,2.1732,343652.11,0.0,0.0,0
15m,1748817000.0,2.1732,2.1743,2.1707,2.1726,89704.43,0.0,0.0,0
15m,1748817900.0,2.1726,2.1737,2.1696,2.1726,54376.28,0.0,0.0,0
15m,1748818800.0,2.1726,2.1879,2.1726,2.1862,234585.39,0.0,0.0,0
15m,1748819700.0,2.1862,2.1869,2.1791,2.1793,167348.59,0.0,0.0,0
15m,1748820600.0,2.1793,2.1839,2.1779,2.1799,128375.88,0.0,0.0,0
15m,1748821500.0,2.1799,2.1819,2.176,2.179,508614.21,0.0,0.0,0
15m,1748822400.0,2.179,2.1791,2.1721,2.177,212949.85,0.0,0.0,0
15m,1748823300.0,2.177,2.1813,2.169,2.1696,271522.09,0.0,0.0,0
15m,1748824200.0,2.1696,2.1742,2.1671,2.1742,244711.26,0.0,0.0,0
15m,1748825100.0,2.1742,2.1749,2.1691,2.1706,95731.18,0.0,0.0,0
15m,1748826000.0,2.1706,2.1835,2.1706,2.1808,152140.25,0.0,0.0,0
15m,1748826900.0,2.1808,2.183,2.1737,2.1743,127402.11,0.0,0.0,0
15m,1748827800.0,2.1743,2.1743,2.169,2.1691,187275.8,0.0,0.0,0
15m,1748828700.0,2.1691,2.1711,2.1641,2.1642,143138.07,0.0,0.0,0
15m,1748829600.0,2.1642,2.1684,2.1622,2.1647,679590.62,0.0,0.0,0
15m,1748830500.0,2.1647,2.1715,2.1612,2.1688,292932.79,0.0,0.0,0
15m,1748831400.0,2.1688,2.1702,2.1645,2.1665,131468.21,0.0,0.0,0
15m,1748832300.0,2.1665,2.1669,2.1571,2.1596,186710.9,0.0,0.0,0
15m,1748833200.0,2.1596,2.1605,2.1529,2.1535,396053.29,0.0,0.0,0
15m,1748834100.0,2.1535,2.1563,2.1509,2.1563,169527.26,0.0,0.0,0
15m,1748835000.0,2.1563,2.1616,2.1563,2.1599,129354.46,0.0,0.0,0
15m,1748835900.0,2.1599,2.1611,2.1565,2.1573,61918.6,0.0,0.0,0
15m,1748836800.0,2.1573,2.1655,2.1572,2.1652,179495.57,0.0,0.0,0
15m,1748837700.0,2.1652,2.1666,2.1631,2.1648,144858.84,0.0,0.0,0
15m,1748838600.0,2.1648,2.1721,2.1643,2.1713,188120.51,0.0,0.0,0
15m,1748839500.0,2.1713,2.1741,2.1676,2.1693,294959.19,0.0,0.0,0
15m,1748840400.0,2.1693,2.1754,2.1674,2.1743,310892.96,0.0,0.0,0
15m,1748841300.0,2.1743,2.1755,2.1705,2.173,218517.23,0.0,0.0,0
15m,1748842200.0,2.173,2.1749,2.166,2.166,199356.64,0.0,0.0,0
15m,1748843100.0,2.166,2.1721,2.1645,2.1693,201615.41,0.0,0.0,0
15m,1748844000.0,2.1693,2.1732,2.161,2.1615,480163.93,0.0,0.0,0
15m,1748844900.0,2.1615,2.1652,2.1573,2.1641,344306.81,0.0,0.0,0
15m,1748845800.0,2.1641,2.1709,2.1633,2.17,111738.21,0.0,0.0,0
15m,1748846700.0,2.17,2.1703,2.1655,2.1671,220002.19,0.0,0.0,0
15m,1748847600.0,2.1671,2.173,2.1668,2.1709,173333.5,0.0,0.0,0
15m,1748848500.0,2.1709,2.1791,2.1699,2.1702,275709.94,0.0,0.0,0
15m,1748849400.0,2.1702,2.1733,2.1666,2.169,187172.33,0.0,0.0,0
15m,1748850300.0,2.169,2.169,2.1614,2.1636,230943.1,0.0,0.0,0
15m,1748851200.0,2.1636,2.1758,2.1624,2.174,625380.14,0.0,0.0,0
15m,1748852100.0,2.174,2.1793,2.1692,2.1775,257375.3,0.0,0.0,0
15m,1748853000.0,2.1775,2.1795,2.1695,2.1715,340320.4,0.0,0.0,0
15m,1748853900.0,2.1715,2.1723,2.162,2.1636,222270.69,0.0,0.0,0
15m,1748854800.0,2.1636,2.1636,2.1485,2.1518,390132.18,0.0,0.0,0
15m,1748855700.0,2.1518,2.1563,2.1491,2.1543,192383.21,0.0,0.0,0
15m,1748856600.0,2.1543,2.1592,2.1513,2.1546,470633.37,0.0,0.0,0
15m,1748857500.0,2.1546,2.1568,2.1499,2.1533,299536.93,0.0,0.0,0
15m,1748858400.0,2.1533,2.1589,2.1423,2.1583,707828.04,0.0,0.0,0
15m,1748859300.0,2.1583,2.1585,2.1477,2.1484,499000.43,0.0,0.0,0
15m,1748860200.0,2.1484,2.1501,2.1424,2.1455,136407.49,0.0,0.0,0
15m,1748861100.0,2.1455,2.15,2.1449,2.1463,116763.01,0.0,0.0,0
15m,1748862000.0,2.1463,2.1495,2.1388,2.1462,197049.99,0.0,0.0,0
15m,1748862900.0,2.1462,2.1468,2.1399,2.1408,145000.89,0.0,0.0,0
15m,1748863800.0,2.1408,2.1431,2.1363,2.1366,237680.3,0.0,0.0,0
15m,1748864700.0,2.1366,2.1438,2.1358,2.1429,156716.56,0.0,0.0,0
15m,1748865600.0,2.1429,2.1497,2.1376,2.1424,570070.76,0.0,0.0,0
15m,1748866500.0,2.1424,2.1457,2.1379,2.145,132747.01,0.0,0.0,0
15m,1748867400.0,2.145,2.153,2.1439,2.1513,205220.38,0.0,0.0,0
15m,1748868300.0,2.1513,2.1524,2.1463,2.1521,204904.7,0.0,0.0,0
15m,1748869200.0,2.1521,2.153,2.1426,2.1452,165250.07,0.0,0.0,0
15m,1748870100.0,2.1452,2.1475,2.1391,2.1439,224877.96,0.0,0.0,0
15m,1748871000.0,2.1439,2.1554,2.1436,2.1523,307990.73,0.0,0.0,0
15m,1748871900.0,2.1523,2.1533,2.1395,2.143,295669.07,0.0,0.0,0
15m,1748872800.0,2.143,2.1483,2.1376,2.1474,625597.41,0.0,0.0,0
15m,1748873700.0,2.1474,2.1577,2.1421,2.1541,522356.26,0.0,0.0,0
15m,1748874600.0,2.1541,2.1596,2.1506,2.1516,225011.01,0.0,0.0,0
15m,1748875500.0,2.1516,2.1526,2.1449,2.1499,159226.75,0.0,0.0,0
15m,1748876400.0,2.1499,2.1521,2.1433,2.1509,370460.91,0.0,0.0,0
15m,1748877300.0,2.1509,2.1635,2.148,2.1578,311842.72,0.0,0.0,0
15m,1748878200.0,2.1578,2.1608,2.1555,2.1597,197959.91,0.0,0.0,0
15m,1748879100.0,2.1597,2.1626,2.156,2.1594,134685.06,0.0,0.0,0
15m,1748880000.0,2.1594,2.161,2.1531,2.1536,181943.9,0.0,0.0,0
15m,1748880900.0,2.1536,2.1575,2.1493,2.1518,164217.77,0.0,0.0,0
15m,1748881800.0,2.1518,2.1577,2.1496,2.1552,69813.96,0.0,0.0,0
15m,1748882700.0,2.1552,2.1648,2.1547,2.1633,141650.27,0.0,0.0,0
15m,1748883600.0,2.1633,2.1728,2.1632,2.1651,394067.45,0.0,0.0,0
15m,1748884500.0,2.1651,2.1767,2.1639,2.1716,205449.76,0.0,0.0,0
15m,1748885400.0,2.1716,2.1736,2.1627,2.1655,438606.48,0.0,0.0,0
15m,1748886300.0,2.1655,2.1704,2.1638,2.1685,97615.85,0.0,0.0,0
15m,1748887200.0,2.1685,2.1704,2.1651,2.1674,99475.96,0.0,0.0,0
15m,1748888100.0,2.1674,2.1783,2.1655,2.1754,228590.81,0.0,0.0,0
15m,1748889000.0,2.1754,2.1772,2.1695,2.1699,163470.18,0.0,0.0,0
15m,1748889900.0,2.1699,2.1711,2.164,2.1655,311057.58,0.0,0.0,0
15m,1748890800.0,2.1655,2.1734,2.1636,2.1641,148462.54,0.0,0.0,0
15m,1748891700.0,2.1641,2.1686,2.1623,2.1662,175361.1,0.0,0.0,0
15m,1748892600.0,2.1662,2.1671,2.1573,2.1592,222474.66,0.0,0.0,0
15m,1748893500.0,2.1592,2.1671,2.1566,2.165,106262.57,0.0,0.0,0
15m,1748894400.0,2.165,2.1791,2.165,2.178,454773.7,0.0,0.0,0
15m,1748895300.0,2.178,2.1839,2.1778,2.1835,468709.84,0.0,0.0,0
15m,1748896200.0,2.1835,2.1847,2.1738,2.18,368273.8,0.0,0.0,0
15m,1748897100.0,2.18,2.1805,2.1723,2.1764,139560.18,0.0,0.0,0
15m,1748898000.0,2.1764,2.1856,2.1764,2.1856,591972.12,0.0,0.0,0
15m,1748898900.0,2.1856,2.186,2.1776,2.1796,190815.33,0.0,0.0,0
15m,1748899800.0,2.1796,2.1832,2.1746,2.1795,174815.7,0.0,0.0,0
15m,1748900700.0,2.1795,2.1861,2.1794,2.1858,83190.06,0.0,0.0,0
15m,1748901600.0,2.1858,2.1953,2.1858,2.193,803176.59,0.0,0.0,0
15m,1748902500.0,2.193,2.2046,2.1925,2.2019,1082378.99,0.0,0.0,0
15m,1748903400.0,2.2019,2.2026,2.192,2.1927,345722.96,0.0,0.0,0
15m,1748904300.0,2.1927,2.1946,2.1875,2.1902,255574.27,0.0,0.0,0
15m,1748905200.0,2.1902,2.1992,2.189,2.1943,236658.0,0.0,0.0,0
15m,1748906100.0,2.1943,2.1994,2.1925,2.1986,233013.67,0.0,0.0,0
15m,1748907000.0,2.1986,2.2023,2.1972,2.2021,182056.93,0.0,0.0,0
15m,1748907900.0,2.2021,2.2037,2.1955,2.1965,362564.86,0.0,0.0,0
15m,1748908800.0,2.1965,2.2031,2.1923,2.2031,309511.75,0.0,0.0,0
15m,1748909700.0,2.2031,2.2097,2.2008,2.2009,768150.76,0.0,0.0,0
15m,1748910600.0,2.2009,2.2068,2.2004,2.205,169675.35,0.0,0.0,0
15m,1748911500.0,2.205,2.2065,2.2009,2.204,152785.29,0.0,0.0,0
15m,1748912400.0,2.204,2.2141,2.204,2.2074,530274.49,0.0,0.0,0
15m,1748913300.0,2.2074,2.2168,2.207,2.2142,292880.1,0.0,0.0,0
15m,1748914200.0,2.2142,2.2184,2.2126,2.2153,184241.8,0.0,0.0,0
15m,1748915100.0,2.2153,2.2196,2.2135,2.2184,267413.53,0.0,0.0,0
15m,1748916000.0,2.2184,2.2221,2.2122,2.2124,364236.27,0.0,0.0,0
15m,1748916900.0,2.2124,2.2132,2.2063,2.2074,246893.15,0.0,0.0,0
15m,1748917800.0,2.2074,2.2104,2.2043,2.2051,429397.63,0.0,0.0,0
15m,1748918700.0,2.2051,2.2052,2.1982,2.1997,262959.33,0.0,0.0,0
15m,1748919600.0,2.1997,2.202,2.1924,2.1926,372202.14,0.0,0.0,0
15m,1748920500.0,2.1926,2.1989,2.1915,2.1924,580418.41,0.0,0.0,0
15m,1748921400.0,2.1924,2.195,2.1872,2.1943,483476.18,0.0,0.0,0
15m,1748922300.0,2.1943,2.1959,2.193,2.1959,76153.71,0.0,0.0,0
15m,1748923200.0,2.1959,2.1976,2.1884,2.191,359853.23,0.0,0.0,0
15m,1748924100.0,2.191,2.1946,2.1886,2.1925,268438.95,0.0,0.0,0
15m,1748925000.0,2.1925,2.1937,2.1878,2.1911,200692.28,0.0,0.0,0
15m,1748925900.0,2.1911,2.1928,2.1881,2.1901,236605.79,0.0,0.0,0
15m,1748926800.0,2.1901,2.1979,2.1901,2.1977,355167.22,0.0,0.0,0
15m,1748927700.0,2.1977,2.2008,2.1963,2.2,165536.42,0.0,0.0,0
15m,1748928600.0,2.2,2.205,2.2,2.2029,260482.65,0.0,0.0,0
15m,1748929500.0,2.2029,2.2044,2.2006,2.2037,318768.27,0.0,0.0,0
15m,1748930400.0,2.2037,2.2068,2.2021,2.2026,153859.81,0.0,0.0,0
15m,1748931300.0,2.2026,2.2037,2.1952,2.1979,467944.06,0.0,0.0,0
15m,1748932200.0,2.1979,2.201,2.1973,2.2001,155662.69,0.0,0.0,0
15m,1748933100.0,2.2001,2.2028,2.1999,2.2021,204003.53,0.0,0.0,0
15m,1748934000.0,2.2021,2.2032,2.1956,2.1959,314841.21,0.0,0.0,0
15m,1748934900.0,2.1959,2.1978,2.1915,2.1924,657790.47,0.0,0.0,0
15m,1748935800.0,2.1924,2.1947,2.1911,2.1928,536713.07,0.0,0.0,0
15m,1748936700.0,2.1928,2.1938,2.1888,2.1902,450572.05,0.0,0.0,0
15m,1748937600.0,2.1902,2.1958,2.1872,2.189,527370.99,0.0,0.0,0
15m,1748938500.0,2.189,2.189,2.1852,2.1871,392316.12,0.0,0.0,0
15m,1748939400.0,2.1871,2.1888,2.1837,2.1869,292439.32,0.0,0.0,0
15m,1748940300.0,2.1869,2.1917,2.1859,2.1914,222853.26,0.0,0.0,0
15m,1748941200.0,2.1914,2.1918,2.1891,2.1909,459789.88,0.0,0.0,0
15m,1748942100.0,2.1909,2.1921,2.1888,2.1891,251654.61,0.0,0.0,0
15m,1748943000.0,2.1891,2.1962,2.189,2.1954,110351.63,0.0,0.0,0
15m,1748943900.0,2.1954,2.201,2.1949,2.1989,217415.12,0.0,0.0,0
15m,1748944800.0,2.1989,2.2003,2.1943,2.2002,235215.88,0.0,0.0,0
15m,1748945700.0,2.2002,2.2005,2.1986,2.199,328164.36,0.0,0.0,0
15m,1748946600.0,2.199,2.2016,2.1985,2.2003,146037.69,0.0,0.0,0
15m,1748947500.0,2.2003,2.2023,2.1987,2.2018,136108.43,0.0,0.0,0
15m,1748948400.0,2.2018,2.2138,2.2016,2.2078,1025674.68,0.0,0.0,0
15m,1748949300.0,2.2078,2.2153,2.2039,2.2147,366106.78,0.0,0.0,0
15m,1748950200.0,2.2147,2.2147,2.2081,2.2084,328470.05,0.0,0.0,0
15m,1748951100.0,2.2084,2.2157,2.2084,2.2148,339048.46,0.0,0.0,0
15m,1748952000.0,2.2148,2.2186,2.2081,2.218,665715.05,0.0,0.0,0
15m,1748952900.0,2.218,2.2198,2.2146,2.2168,256107.74,0.0,0.0,0
15m,1748953800.0,2.2168,2.2216,2.2131,2.2192,290930.95,0.0,0.0,0
15m,1748954700.0,2.2192,2.2247,2.2191,2.2247,289483.43,0.0,0.0,0
15m,1748955600.0,2.2247,2.2307,2.2207,2.2232,789560.14,0.0,0.0,0
15m,1748956500.0,2.2232,2.2257,2.2171,2.2188,329523.29,0.0,0.0,0
15m,1748957400.0,2.2188,2.2207,2.2063,2.2205,997286.43,0.0,0.0,0
15m,1748958300.0,2.2205,2.2217,2.2119,2.2153,349445.27,0.0,0.0,0
15m,1748959200.0,2.2153,2.22,2.2062,2.2096,474117.49,0.0,0.0,0
15m,1748960100.0,2.2096,2.2231,2.2088,2.2219,332782.2,0.0,0.0,0
15m,1748961000.0,2.2219,2.2322,2.2213,2.2322,362696.33,0.0,0.0,0
15m,1748961900.0,2.2322,2.2392,2.2296,2.2375,500523.03,0.0,0.0,0
15m,1748962800.0,2.2375,2.2404,2.2302,2.2317,420653.74,0.0,0.0,0
15m,1748963700.0,2.2317,2.2485,2.2305,2.2468,717248.41,0.0,0.0,0
15m,1748964600.0,2.2468,2.2661,2.2451,2.2605,1444163.91,0.0,0.0,0
15m,1748965500.0,2.2605,2.2754,2.2558,2.2629,1530840.62,0.0,0.0,0
15m,1748966400.0,2.2629,2.2668,2.2531,2.2561,715020.7,0.0,0.0,0
15m,1748967300.0,2.2561,2.2603,2.2489,2.2594,701398.98,0.0,0.0,0
15m,1748968200.0,2.2594,2.2719,2.2593,2.2675,433230.2,0.0,0.0,0
15m,1748969100.0,2.2675,2.2698,2.2536,2.2539,717572.3,0.0,0.0,0
15m,1748970000.0,2.2539,2.2586,2.2494,2.2498,468288.89,0.0,0.0,0
15m,1748970900.0,2.2498,2.2609,2.2496,2.2574,349515.66,0.0,0.0,0
15m,1748971800.0,2.2574,2.2576,2.2497,2.2511,183054.94,0.0,0.0,0
15m,1748972700.0,2.2511,2.252,2.2443,2.2485,375856.77,0.0,0.0,0
15m,1748973600.0,2.2485,2.254,2.2402,2.2527,509562.0,0.0,0.0,0
15m,1748974500.0,2.2527,2.2579,2.2499,2.2542,222385.19,0.0,0.0,0
15m,1748975400.0,2.2542,2.2639,2.2504,2.2632,194917.97,0.0,0.0,0
15m,1748976300.0,2.2632,2.264,2.2576,2.2606,203601.24,0.0,0.0,0
15m,1748977200.0,2.2606,2.2676,2.2567,2.2674,368804.93,0.0,0.0,0
15m,1748978100.0,2.2674,2.2713,2.2655,2.2707,258631.73,0.0,0.0,0
15m,1748979000.0,2.2707,2.2745,2.2653,2.2728,332037.55,0.0,0.0,0
15m,1748979900.0,2.2728,2.2817,2.2698,2.2813,431037.87,0.0,0.0,0
15m,1748980800.0,2.2813,2.2817,2.2628,2.2632,456679.61,0.0,0.0,0
15m,1748981700.0,2.2632,2.2638,2.2473,2.2492,726497.84,0.0,0.0,0
15m,1748982600.0,2.2492,2.2626,2.2425,2.2577,529659.66,0.0,0.0,0
15m,1748983500.0,2.2577,2.2608,2.249,2.2545,169077.8,0.0,0.0,0
15m,1748984400.0,2.2545,2.2711,2.2525,2.2595,519669.67,0.0,0.0,0
15m,1748985300.0,2.2595,2.2599,2.2495,2.2579,270312.02,0.0,0.0,0
15m,1748986200.0,2.2579,2.2593,2.2471,2.2491,351803.16,0.0,0.0,0
15m,1748987100.0,2.2491,2.2518,2.2339,2.242,491668.58,0.0,0.0,0
15m,1748988000.0,2.242,2.2549,2.2379,2.252,890457.58,0.0,0.0,0
15m,1748988900.0,2.252,2.2652,2.2482,2.2627,420272.37,0.0,0.0,0
15m,1748989800.0,2.2627,2.2627,2.2575,2.2611,234036.91,0.0,0.0,0
15m,1748990700.0,2.2611,2.2637,2.258,2.2591,352173.28,0.0,0.0,0
15m,1748991600.0,2.2591,2.2597,2.2555,2.2566,242917.62,0.0,0.0,0
15m,1748992500.0,2.2566,2.2566,2.2459,2.251,322100.04,0.0,0.0,0
15m,1748993400.0,2.251,2.2539,2.2463,2.247,285166.06,0.0,0.0,0
15m,1748994300.0,2.247,2.2474,2.2426,2.2443,190485.01,0.0,0.0,0
15m,1748995200.0,2.2443,2.2486,2.2394,2.2405,387878.49,0.0,0.0,0
15m,1748996100.0,2.2405,2.2474,2.2382,2.2382,333112.07,0.0,0.0,0
15m,1748997000.0,2.2382,2.2417,2.2294,2.2362,375159.51,0.0,0.0,0
15m,1748997900.0,2.2362,2.2468,2.2354,2.2467,251510.45,0.0,0.0,0
15m,1748998800.0,2.2467,2.2638,2.2467,2.2575,514538.13,0.0,0.0,0
15m,1748999700.0,2.2575,2.2616,2.2542,2.2569,168350.63,0.0,0.0,0
15m,1749000600.0,2.2569,2.2581,2.2491,2.2529,214756.32,0.0,0.0,0
15m,1749001500.0,2.2529,2.2569,2.2486,2.2544,151274.88,0.0,0.0,0
15m,1749002400.0,2.2544,2.2655,2.2542,2.2603,170075.65,0.0,0.0,0
15m,1749003300.0,2.2603,2.2622,2.2524,2.2547,169169.34,0.0,0.0,0
15m,1749004200.0,2.2547,2.2547,2.2471,2.2504,130793.55,0.0,0.0,0
15m,1749005100.0,2.2504,2.2509,2.2462,2.2472,191568.51,0.0,0.0,0
15m,1749006000.0,2.2472,2.2584,2.2472,2.2546,239413.96,0.0,0.0,0
15m,1749006900.0,2.2546,2.2596,2.2532,2.254,297017.04,0.0,0.0,0
15m,1749007800.0,2.254,2.2586,2.2526,2.2554,105690.93,0.0,0.0,0
15m,1749008700.0,2.2554,2.2584,2.2513,2.2526,130931.55,0.0,0.0,0
15m,1749009600.0,2.2526,2.2531,2.2493,2.2506,105737.1,0.0,0.0,0
15m,1749010500.0,2.2506,2.253,2.2477,2.2511,102326.42,0.0,0.0,0
15m,1749011400.0,2.2511,2.2511,2.2438,2.2463,220299.64,0.0,0.0,0
15m,1749012300.0,2.2463,2.2487,2.2433,2.244,157205.42,0.0,0.0,0
15m,1749013200.0,2.244,2.2459,2.2407,2.2435,211876.86,0.0,0.0,0
15m,1749014100.0,2.2435,2.2473,2.2395,2.2395,126450.68,0.0,0.0,0
15m,1749015000.0,2.2395,2.2426,2.2384,2.2409,254128.06,0.0,0.0,0
15m,1749015900.0,2.2409,2.2451,2.2375,2.2379,392890.12,0.0,0.0,0
15m,1749016800.0,2.2379,2.2394,2.2327,2.2352,254373.64,0.0,0.0,0
15m,1749017700.0,2.2352,2.2382,2.2319,2.2381,152431.44,0.0,0.0,0
15m,1749018600.0,2.2381,2.2409,2.2349,2.2391,180036.79,0.0,0.0,0
15m,1749019500.0,2.2391,2.2403,2.2348,2.2348,319317.95,0.0,0.0,0
15m,1749020400.0,2.2348,2.2381,2.2343,2.2343,120695.21,0.0,0.0,0
15m,1749021300.0,2.2343,2.2367,2.2317,2.2326,427245.32,0.0,0.0,0
15m,1749022200.0,2.2326,2.2336,2.2275,2.2326,578292.25,0.0,0.0,0
15m,1749023100.0,2.2326,2.2397,2.2324,2.234,258946.59,0.0,0.0,0
15m,1749024000.0,2.234,2.2388,2.2334,2.238,405594.11,0.0,0.0,0
15m,1749024900.0,2.238,2.2489,2.2376,2.247,517364.48,0.0,0.0,0
15m,1749025800.0,2.247,2.2494,2.2448,2.2466,197832.43,0.0,0.0,0
15m,1749026700.0,2.2466,2.2513,2.2466,2.2487,390985.79,0.0,0.0,0
15m,1749027600.0,2.2487,2.2545,2.2468,2.2537,187253.3,0.0,0.0,0
15m,1749028500.0,2.2537,2.2618,2.2533,2.2568,482297.06,0.0,0.0,0
15m,1749029400.0,2.2568,2.2601,2.2505,2.2594,576052.02,0.0,0.0,0
15m,1749030300.0,2.2594,2.2627,2.2576,2.2589,385744.62,0.0,0.0,0
15m,1749031200.0,2.2589,2.2641,2.2575,2.2634,226904.94,0.0,0.0,0
15m,1749032100.0,2.2634,2.2635,2.2556,2.2569,170490.23,0.0,0.0,0
15m,1749033000.0,2.2569,2.2579,2.2538,2.2569,124027.3,0.0,0.0,0
15m,1749033900.0,2.2569,2.2585,2.2537,2.2553,256432.89,0.0,0.0,0
15m,1749034800.0,2.2553,2.2612,2.2538,2.2601,174249.42,0.0,0.0,0
15m,1749035700.0,2.2601,2.2608,2.2502,2.2529,309552.34,0.0,0.0,0
15m,1749036600.0,2.2529,2.2529,2.2475,2.2503,169072.87,0.0,0.0,0
15m,1749037500.0,2.2503,2.2555,2.2494,2.2529,216110.56,0.0,0.0,0
15m,1749038400.0,2.2529,2.2537,2.2485,2.2515,238765.02,0.0,0.0,0
15m,1749039300.0,2.2515,2.2515,2.2393,2.2398,323379.43,0.0,0.0,0
15m,1749040200.0,2.2398,2.2435,2.2358,2.2394,229861.71,0.0,0.0,0
15m,1749041100.0,2.2394,2.2426,2.2371,2.2383,235410.63,0.0,0.0,0
15m,1749042000.0,2.2383,2.2401,2.2335,2.2336,202027.17,0.0,0.0,0
15m,1749042900.0,2.2336,2.2427,2.2329,2.2362,277941.18,0.0,0.0,0
15m,1749043800.0,2.2362,2.2451,2.2361,2.2403,193930.49,0.0,0.0,0
15m,1749044700.0,2.2403,2.2449,2.2341,2.2348,288583.6,0.0,0.0,0
15m,1749045600.0,2.2348,2.2348,2.2195,2.2278,1441126.35,0.0,0.0,0
15m,1749046500.0,2.2278,2.2348,2.226,2.2314,569801.18,0.0,0.0,0
15m,1749047400.0,2.2314,2.2397,2.2302,2.2394,486745.66,0.0,0.0,0
15m,1749048300.0,2.2394,2.2464,2.2375,2.2463,261099.78,0.0,0.0,0
15m,1749049200.0,2.2463,2.2586,2.2425,2.2557,484983.6,0.0,0.0,0
15m,1749050100.0,2.2557,2.26,2.2529,2.2541,696204.23,0.0,0.0,0
15m,1749051000.0,2.2541,2.2611,2.2513,2.2541,224369.46,0.0,0.0,0
15m,1749051900.0,2.2541,2.2584,2.2483,2.2493,277459.27,0.0,0.0,0
15m,1749052800.0,2.2493,2.2511,2.2449,2.2476,202956.35,0.0,0.0,0
15m,1749053700.0,2.2476,2.2526,2.2439,2.2439,181190.27,0.0,0.0,0
15m,1749054600.0,2.2439,2.248,2.2433,2.2457,129045.78,0.0,0.0,0
15m,1749055500.0,2.2457,2.2464,2.242,2.2454,91733.42,0.0,0.0,0
15m,1749056400.0,2.2454,2.2455,2.2341,2.2379,172511.87,0.0,0.0,0
15m,1749057300.0,2.2379,2.2399,2.2333,2.2333,156347.32,0.0,0.0,0
15m,1749058200.0,2.2333,2.2333,2.2276,2.2297,191632.24,0.0,0.0,0
15m,1749059100.0,2.2297,2.2338,2.2289,2.2338,82165.8,0.0,0.0,0
15m,1749060000.0,2.2338,2.2379,2.2289,2.2304,80743.29,0.0,0.0,0
15m,1749060900.0,2.2304,2.2339,2.2299,2.2332,48680.43,0.0,0.0,0
15m,1749061800.0,2.2332,2.2348,2.2276,2.2286,133977.15,0.0,0.0,0
15m,1749062700.0,2.2286,2.2309,2.2241,2.225,184812.9,0.0,0.0,0
15m,1749063600.0,2.225,2.2273,2.2215,2.2237,102405.25,0.0,0.0,0
15m,1749064500.0,2.2237,2.2274,2.2136,2.2152,390231.95,0.0,0.0,0
15m,1749065400.0,2.2152,2.2175,2.2116,2.2146,410840.64,0.0,0.0,0
15m,1749066300.0,2.2146,2.2172,2.2061,2.2061,428086.26,0.0,0.0,0
15m,1749067200.0,2.2061,2.2123,2.2034,2.2043,574586.14,0.0,0.0,0
15m,1749068100.0,2.2043,2.2072,2.1961,2.2069,884441.63,0.0,0.0,0
15m,1749069000.0,2.2069,2.2084,2.2006,2.2068,689704.51,0.0,0.0,0
15m,1749069900.0,2.2068,2.2069,2.2007,2.202,428254.5,0.0,0.0,0
15m,1749070800.0,2.202,2.2024,2.1947,2.2012,511269.47,0.0,0.0,0
15m,1749071700.0,2.2012,2.2056,2.1958,2.2053,423414.0,0.0,0.0,0
15m,1749072600.0,2.2053,2.2129,2.2053,2.2102,397935.19,0.0,0.0,0
15m,1749073500.0,2.2102,2.215,2.2101,2.2114,154327.23,0.0,0.0,0
15m,1749074400.0,2.2114,2.2148,2.2101,2.2138,184551.38,0.0,0.0,0
15m,1749075300.0,2.2138,2.2163,2.2044,2.2062,199324.18,0.0,0.0,0
15m,1749076200.0,2.2062,2.2115,2.2048,2.2106,118269.29,0.0,0.0,0
15m,1749077100.0,2.2106,2.2106,2.2036,2.2043,239205.73,0.0,0.0,0
15m,1749078000.0,2.2043,2.2089,2.1991,2.1997,305393.83,0.0,0.0,0
15m,1749078900.0,2.1997,2.2018,2.1956,2.1989,264829.14,0.0,0.0,0
15m,1749079800.0,2.1989,2.2042,2.1957,2.2042,305394.85,0.0,0.0,0
15m,1749080700.0,2.2042,2.2042,2.1995,2.2011,195086.36,0.0,0.0,0
15m,1749081600.0,2.2011,2.207,2.1996,2.203,547072.7,0.0,0.0,0
15m,1749082500.0,2.203,2.207,2.1989,2.2052,606072.97,0.0,0.0,0
15m,1749083400.0,2.2052,2.2118,2.2047,2.2072,638952.06,0.0,0.0,0
15m,1749084300.0,2.2072,2.2114,2.2041,2.2104,243543.56,0.0,0.0,0
15m,1749085200.0,2.2104,2.2139,2.2088,2.2124,176196.09,0.0,0.0,0
15m,1749086100.0,2.2124,2.2139,2.2073,2.209,284376.01,0.0,0.0,0
15m,1749087000.0,2.209,2.2091,2.205,2.2067,240033.72,0.0,0.0,0
15m,1749087900.0,2.2067,2.2069,2.1979,2.2,268761.94,0.0,0.0,0
15m,1749088800.0,2.2,2.2107,2.1998,2.2101,215785.98,0.0,0.0,0
15m,1749089700.0,2.2101,2.2101,2.203,2.2033,211525.2,0.0,0.0,0
15m,1749090600.0,2.2033,2.2146,2.2033,2.211,503332.55,0.0,0.0,0
15m,1749091500.0,2.211,2.2117,2.2051,2.2053,364323.41,0.0,0.0,0
15m,1749092400.0,2.2053,2.2058,2.2016,2.2037,173509.83,0.0,0.0,0
15m,1749093300.0,2.2037,2.2062,2.2012,2.2016,92853.05,0.0,0.0,0
15m,1749094200.0,2.2016,2.2058,2.2004,2.2019,138547.55,0.0,0.0,0
15m,1749095100.0,2.2019,2.206,2.2011,2.2056,138184.44,0.0,0.0,0
15m,1749096000.0,2.2056,2.2093,2.205,2.2087,86953.61,0.0,0.0,0
15m,1749096900.0,2.2087,2.2128,2.2087,2.21,127242.2,0.0,0.0,0
15m,1749097800.0,2.21,2.2135,2.2088,2.2125,102109.51,0.0,0.0,0
15m,1749098700.0,2.2125,2.2141,2.2113,2.2129,152847.63,0.0,0.0,0
15m,1749099600.0,2.2129,2.2135,2.2061,2.2064,106122.66,0.0,0.0,0
15m,1749100500.0,2.2064,2.2085,2.2023,2.2024,111117.95,0.0,0.0,0
15m,1749101400.0,2.2024,2.2026,2.1961,2.1992,289113.54,0.0,0.0,0
15m,1749102300.0,2.1992,2.2021,2.1972,2.1999,156482.84,0.0,0.0,0
15m,1749103200.0,2.1999,2.2029,2.1969,2.1982,443891.96,0.0,0.0,0
15m,1749104100.0,2.1982,2.2015,2.19,2.2007,659812.22,0.0,0.0,0
15m,1749105000.0,2.2007,2.2013,2.1871,2.1882,868635.45,0.0,0.0,0
15m,1749105900.0,2.1882,2.19,2.1859,2.1877,609618.07,0.0,0.0,0
15m,1749106800.0,2.1877,2.1956,2.1876,2.1941,261316.14,0.0,0.0,0
15m,1749107700.0,2.1941,2.1978,2.194,2.1966,226549.64,0.0,0.0,0
15m,1749108600.0,2.1966,2.1974,2.1888,2.189,395087.06,0.0,0.0,0
15m,1749109500.0,2.189,2.189,2.184,2.1863,268256.07,0.0,0.0,0
15m,1749110400.0,2.1863,2.1958,2.1861,2.1915,494901.65,0.0,0.0,0
15m,1749111300.0,2.1915,2.1967,2.1863,2.1936,340686.8,0.0,0.0,0
15m,1749112200.0,2.1936,2.1967,2.1912,2.1921,211702.16,0.0,0.0,0
15m,1749113100.0,2.1921,2.1965,2.1908,2.1947,89545.73,0.0,0.0,0
15m,1749114000.0,2.1947,2.2009,2.1947,2.1975,107072.87,0.0,0.0,0
15m,1749114900.0,2.1975,2.2045,2.1974,2.2034,448652.51,0.0,0.0,0
15m,1749115800.0,2.2034,2.204,2.1994,2.2035,177231.77,0.0,0.0,0
15m,1749116700.0,2.2035,2.2079,2.2027,2.2062,209244.62,0.0,0.0,0
15m,1749117600.0,2.2062,2.2098,2.2035,2.206,273920.98,0.0,0.0,0
15m,1749118500.0,2.206,2.2067,2.1954,2.1956,311513.23,0.0,0.0,0
15m,1749119400.0,2.1956,2.1992,2.1906,2.195,242191.53,0.0,0.0,0
15m,1749120300.0,2.195,2.2001,2.193,2.1997,81871.3,0.0,0.0,0
15m,1749121200.0,2.1997,2.2045,2.1982,2.2033,156460.87,0.0,0.0,0
15m,1749122100.0,2.2033,2.2056,2.2001,2.2034,188440.92,0.0,0.0,0
15m,1749123000.0,2.2034,2.2042,2.1998,2.1998,110050.01,0.0,0.0,0
15m,1749123900.0,2.1998,2.2057,2.1993,2.2049,111086.01,0.0,0.0,0
15m,1749124800.0,2.2049,2.2108,2.2025,2.2108,196267.83,0.0,0.0,0
15m,1749125700.0,2.2108,2.2174,2.2108,2.2147,401303.69,0.0,0.0,0
15m,1749126600.0,2.2147,2.2228,2.2118,2.2191,558966.32,0.0,0.0,0
15m,1749127500.0,2.2191,2.2251,2.2173,2.222,385512.46,0.0,0.0,0
15m,1749128400.0,2.222,2.2267,2.221,2.2241,272638.96,0.0,0.0,0
15m,1749129300.0,2.2241,2.2241,2.2182,2.223,227932.0,0.0,0.0,0
15m,1749130200.0,2.223,2.2236,2.2126,2.2133,286937.51,0.0,0.0,0
15m,1749131100.0,2.2133,2.2135,2.1949,2.2004,643945.16,0.0,0.0,0
15m,1749132000.0,2.2004,2.2023,2.1945,2.1966,406378.81,0.0,0.0,0
15m,1749132900.0,2.1966,2.1976,2.1771,2.1906,873258.26,0.0,0.0,0
15m,1749133800.0,2.1906,2.2019,2.1815,2.2005,497830.19,0.0,0.0,0
15m,1749134700.0,2.2005,2.2086,2.1964,2.2005,475872.75,0.0,0.0,0
15m,1749135600.0,2.2005,2.2015,2.1912,2.1929,288678.88,0.0,0.0,0
15m,1749136500.0,2.1929,2.2047,2.1925,2.2028,353409.86,0.0,0.0,0
15m,1749137400.0,2.2028,2.2028,2.1958,2.1982,142329.77,0.0,0.0,0
15m,1749138300.0,2.1982,2.1985,2.1924,2.1926,266748.48,0.0,0.0,0
15m,1749139200.0,2.1926,2.1933,2.1816,2.1817,478632.22,0.0,0.0,0
15m,1749140100.0,2.1817,2.1823,2.1701,2.1722,1141370.4,0.0,0.0,0
15m,1749141000.0,2.1722,2.175,2.1679,2.1701,514067.57,0.0,0.0,0
15m,1749141900.0,2.1701,2.1722,2.1635,2.1676,532651.4,0.0,0.0,0
15m,1749142800.0,2.1676,2.1735,2.166,2.1692,411431.14,0.0,0.0,0
15m,1749143700.0,2.1692,2.1749,2.169,2.1726,254754.57,0.0,0.0,0
15m,1749144600.0,2.1726,2.1752,2.1691,2.1713,114653.25,0.0,0.0,0
15m,1749145500.0,2.1713,2.1721,2.1632,2.1707,239985.22,0.0,0.0,0
15m,1749146400.0,2.1707,2.1722,2.156,2.1582,672010.27,0.0,0.0,0
15m,1749147300.0,2.1582,2.1704,2.1552,2.1659,1147632.04,0.0,0.0,0
15m,1749148200.0,2.1659,2.1705,2.1594,2.1602,728512.3,0.0,0.0,0
15m,1749149100.0,2.1602,2.1659,2.1576,2.1612,314735.07,0.0,0.0,0
15m,1749150000.0,2.1612,2.1619,2.1466,2.1478,706589.52,0.0,0.0,0
15m,1749150900.0,2.1478,2.1496,2.1112,2.1352,4524587.86,0.0,0.0,0
15m,1749151800.0,2.1352,2.1453,2.1319,2.139,555350.67,0.0,0.0,0
15m,1749152700.0,2.139,2.1411,2.1265,2.1304,607217.78,0.0,0.0,0
15m,1749153600.0,2.1304,2.1325,2.1074,2.1167,1227302.19,0.0,0.0,0
15m,1749154500.0,2.1167,2.1175,2.0758,2.1037,4990277.66,0.0,0.0,0
15m,1749155400.0,2.1037,2.1044,2.0635,2.0681,4750073.29,0.0,0.0,0
15m,1749156300.0,2.0681,2.0927,2.0593,2.0598,4747317.98,0.0,0.0,0
15m,1749157200.0,2.0598,2.086,2.0591,2.072,3884811.29,0.0,0.0,0
15m,1749158100.0,2.072,2.0896,2.0688,2.0867,3091728.16,0.0,0.0,0
15m,1749159000.0,2.0867,2.1028,2.0843,2.1025,1720473.59,0.0,0.0,0
15m,1749159900.0,2.1025,2.1043,2.0897,2.1032,943654.48,0.0,0.0,0
15m,1749160800.0,2.1032,2.1032,2.0825,2.0828,1098228.95,0.0,0.0,0
15m,1749161700.0,2.0828,2.0924,2.0809,2.0885,465657.29,0.0,0.0,0
15m,1749162600.0,2.0885,2.0963,2.0879,2.095,263811.96,0.0,0.0,0
15m,1749163500.0,2.095,2.1023,2.095,2.0973,400167.75,0.0,0.0,0
15m,1749164400.0,2.0973,2.0988,2.0917,2.0958,456180.08,0.0,0.0,0
15m,1749165300.0,2.0958,2.1018,2.0933,2.0986,255192.44,0.0,0.0,0
15m,1749166200.0,2.0986,2.0987,2.0889,2.0944,285485.76,0.0,0.0,0
15m,1749167100.0,2.0944,2.0991,2.0929,2.0936,231735.51,0.0,0.0,0
15m,1749168000.0,2.0936,2.0938,2.0838,2.0883,574537.52,0.0,0.0,0
15m,1749168900.0,2.0883,2.0929,2.081,2.0925,546816.56,0.0,0.0,0
15m,1749169800.0,2.0925,2.1014,2.0925,2.0996,782194.73,0.0,0.0,0
15m,1749170700.0,2.0996,2.1005,2.0966,2.0984,376975.01,0.0,0.0,0
15m,1749171600.0,2.0984,2.1002,2.089,2.0978,489319.88,0.0,0.0,0
15m,1749172500.0,2.0978,2.102,2.0941,2.0974,244289.55,0.0,0.0,0
15m,1749173400.0,2.0974,2.1023,2.0972,2.1009,184281.65,0.0,0.0,0
15m,1749174300.0,2.1009,2.1072,2.0997,2.1068,211662.3,0.0,0.0,0
15m,1749175200.0,2.1068,2.1091,2.1049,2.106,166763.33,0.0,0.0,0
15m,1749176100.0,2.106,2.106,2.0974,2.1,251644.55,0.0,0.0,0
15m,1749177000.0,2.1,2.1065,2.0971,2.1065,194732.06,0.0,0.0,0
15m,1749177900.0,2.1065,2.111,2.1035,2.1103,179755.96,0.0,0.0,0
15m,1749178800.0,2.1103,2.1109,2.1051,2.1083,235774.51,0.0,0.0,0
15m,1749179700.0,2.1083,2.1186,2.1076,2.1179,353446.46,0.0,0.0,0
15m,1749180600.0,2.1179,2.1248,2.1177,2.1233,433136.55,0.0,0.0,0
15m,1749181500.0,2.1233,2.1296,2.1229,2.1294,268169.6,0.0,0.0,0
15m,1749182400.0,2.1294,2.1299,2.1228,2.1262,235173.05,0.0,0.0,0
15m,1749183300.0,2.1262,2.1311,2.1205,2.1303,366421.98,0.0,0.0,0
15m,1749184200.0,2.1303,2.137,2.1283,2.1362,235616.06,0.0,0.0,0
15m,1749185100.0,2.1362,2.1425,2.1357,2.1367,365103.4,0.0,0.0,0
15m,1749186000.0,2.1367,2.1409,2.1362,2.1391,389401.76,0.0,0.0,0
15m,1749186900.0,2.1391,2.1393,2.1323,2.1342,229276.84,0.0,0.0,0
15m,1749187800.0,2.1342,2.1395,2.1323,2.1391,197685.14,0.0,0.0,0
15m,1749188700.0,2.1391,2.1398,2.1304,2.132,482114.25,0.0,0.0,0
15m,1749189600.0,2.132,2.1359,2.1274,2.1349,294883.4,0.0,0.0,0
15m,1749190500.0,2.1349,2.1357,2.1263,2.1282,193266.53,0.0,0.0,0
15m,1749191400.0,2.1282,2.1321,2.126,2.1265,168101.25,0.0,0.0,0
15m,1749192300.0,2.1265,2.1285,2.1243,2.1249,225648.26,0.0,0.0,0
15m,1749193200.0,2.1249,2.1303,2.1244,2.127,248187.98,0.0,0.0,0
15m,1749194100.0,2.127,2.1319,2.1251,2.1295,358512.79,0.0,0.0,0
15m,1749195000.0,2.1295,2.13,2.1231,2.1258,182844.62,0.0,0.0,0
15m,1749195900.0,2.1258,2.1321,2.1229,2.1304,536971.89,0.0,0.0,0
15m,1749196800.0,2.1304,2.1357,2.1304,2.1337,177988.19,0.0,0.0,0
15m,1749197700.0,2.1337,2.1363,2.1323,2.1357,122397.07,0.0,0.0,0
15m,1749198600.0,2.1357,2.1376,2.1323,2.1347,435259.39,0.0,0.0,0
15m,1749199500.0,2.1347,2.1385,2.1339,2.1385,159045.13,0.0,0.0,0
15m,1749200400.0,2.1385,2.1452,2.1383,2.1426,304287.0,0.0,0.0,0
15m,1749201300.0,2.1426,2.1489,2.1426,2.1434,242985.22,0.0,0.0,0
15m,1749202200.0,2.1434,2.1457,2.1423,2.1452,232455.31,0.0,0.0,0
15m,1749203100.0,2.1452,2.1463,2.1422,2.1424,195441.27,0.0,0.0,0
15m,1749204000.0,2.1424,2.1493,2.1414,2.1467,155224.44,0.0,0.0,0
15m,1749204900.0,2.1467,2.1519,2.1461,2.1487,143200.37,0.0,0.0,0
15m,1749205800.0,2.1487,2.1501,2.1462,2.1479,96653.15,0.0,0.0,0
15m,1749206700.0,2.1479,2.1509,2.1473,2.1504,196875.23,0.0,0.0,0
15m,1749207600.0,2.1504,2.1554,2.148,2.1522,268547.91,0.0,0.0,0
15m,1749208500.0,2.1522,2.1561,2.152,2.1524,190173.17,0.0,0.0,0
15m,1749209400.0,2.1524,2.1525,2.1457,2.1491,298357.21,0.0,0.0,0
15m,1749210300.0,2.1491,2.1513,2.1472,2.1504,236896.35,0.0,0.0,0
15m,1749211200.0,2.1504,2.1585,2.1504,2.1539,440645.74,0.0,0.0,0
15m,1749212100.0,2.1539,2.1539,2.1484,2.1493,240766.78,0.0,0.0,0
15m,1749213000.0,2.1493,2.1687,2.1493,2.1553,1821170.01,0.0,0.0,0
15m,1749213900.0,2.1553,2.162,2.1521,2.1538,373983.87,0.0,0.0,0
15m,1749214800.0,2.1538,2.1662,2.1537,2.1634,320453.86,0.0,0.0,0
15m,1749215700.0,2.1634,2.1639,2.1591,2.163,149733.89,0.0,0.0,0
15m,1749216600.0,2.163,2.1751,2.1619,2.1713,500638.56,0.0,0.0,0
15m,1749217500.0,2.1713,2.1786,2.1671,2.169,350378.56,0.0,0.0,0
15m,1749218400.0,2.169,2.1786,2.1687,2.1779,330112.33,0.0,0.0,0
15m,1749219300.0,2.1779,2.1781,2.1744,2.1767,174134.04,0.0,0.0,0
15m,1749220200.0,2.1767,2.1774,2.1696,2.1766,286875.26,0.0,0.0,0
15m,1749221100.0,2.1766,2.1839,2.1753,2.1833,606325.74,0.0,0.0,0
15m,1749222000.0,2.1833,2.1885,2.1785,2.1883,724961.55,0.0,0.0,0
15m,1749222900.0,2.1883,2.1902,2.1765,2.1793,583025.52,0.0,0.0,0
15m,1749223800.0,2.1793,2.1842,2.1757,2.1808,418561.47,0.0,0.0,0
15m,1749224700.0,2.1808,2.1853,2.1796,2.1843,340801.76,0.0,0.0,0
15m,1749225600.0,2.1843,2.1852,2.1795,2.1798,251941.12,0.0,0.0,0
15m,1749226500.0,2.1798,2.1844,2.1783,2.1783,236502.28,0.0,0.0,0
15m,1749227400.0,2.1783,2.1829,2.17,2.1753,2397750.85,0.0,0.0,0
15m,1749228300.0,2.1753,2.1777,2.1678,2.1698,1199442.75,0.0,0.0,0
15m,1749229200.0,2.1698,2.1727,2.165,2.1693,1110332.74,0.0,0.0,0
15m,1749230100.0,2.1693,2.1744,2.1666,2.168,263108.17,0.0,0.0,0
15m,1749231000.0,2.168,2.1689,2.165,2.1656,527505.15,0.0,0.0,0
15m,1749231900.0,2.1656,2.1767,2.165,2.1753,672643.55,0.0,0.0,0
15m,1749232800.0,2.1753,2.179,2.1727,2.1728,139438.29,0.0,0.0,0
15m,1749233700.0,2.1728,2.1741,2.164,2.1656,256062.81,0.0,0.0,0
15m,1749234600.0,2.1656,2.1698,2.1647,2.1696,254967.88,0.0,0.0,0
15m,1749235500.0,2.1696,2.1714,2.1651,2.1664,304591.13,0.0,0.0,0
15m,1749236400.0,2.1664,2.17,2.1621,2.1693,186930.28,0.0,0.0,0
15m,1749237300.0,2.1693,2.1707,2.1661,2.1666,129931.06,0.0,0.0,0
15m,1749238200.0,2.1666,2.1763,2.1662,2.1752,274780.7,0.0,0.0,0
15m,1749239100.0,2.1752,2.1763,2.17,2.1734,249710.97,0.0,0.0,0
15m,1749240000.0,2.1734,2.1787,2.1685,2.1786,157986.16,0.0,0.0,0
15m,1749240900.0,2.1786,2.1819,2.1761,2.1812,325554.44,0.0,0.0,0
15m,1749241800.0,2.1812,2.1824,2.1761,2.181,131621.33,0.0,0.0,0
15m,1749242700.0,2.181,2.181,2.1721,2.1766,463811.83,0.0,0.0,0
15m,1749243600.0,2.1766,2.1774,2.1669,2.1738,401478.6,0.0,0.0,0
15m,1749244500.0,2.1738,2.1749,2.1706,2.1719,197477.98,0.0,0.0,0
15m,1749245400.0,2.1719,2.1763,2.1711,2.1747,131155.53,0.0,0.0,0
15m,1749246300.0,2.1747,2.1764,2.1723,2.1732,61841.87,0.0,0.0,0
15m,1749247200.0,2.1732,2.1755,2.1646,2.1681,215553.63,0.0,0.0,0
15m,1749248100.0,2.1681,2.1715,2.1656,2.1704,109795.81,0.0,0.0,0
15m,1749249000.0,2.1704,2.1706,2.1652,2.1654,95453.61,0.0,0.0,0
15m,1749249900.0,2.1654,2.1692,2.1637,2.1661,53448.69,0.0,0.0,0
15m,1749250800.0,2.1661,2.1667,2.1602,2.1606,88581.24,0.0,0.0,0
15m,1749251700.0,2.1606,2.1633,2.159,2.1629,80049.63,0.0,0.0,0
15m,1749252600.0,2.1629,2.1636,2.1602,2.1626,57449.55,0.0,0.0,0
15m,1749253500.0,2.1626,2.1634,2.1592,2.1595,57518.48,0.0,0.0,0
15m,1749254400.0,2.1595,2.1612,2.1521,2.1524,236449.64,0.0,0.0,0
15m,1749255300.0,2.1524,2.1586,2.1478,2.1583,349816.93,0.0,0.0,0
15m,1749256200.0,2.1583,2.164,2.1575,2.1623,199091.81,0.0,0.0,0
15m,1749257100.0,2.1623,2.1692,2.1614,2.1691,73501.5,0.0,0.0,0
15m,1749258000.0,2.1691,2.1692,2.1632,2.1673,130063.17,0.0,0.0,0
15m,1749258900.0,2.1673,2.1674,2.1581,2.1583,92387.9,0.0,0.0,0
15m,1749259800.0,2.1583,2.1621,2.1564,2.1621,162803.07,0.0,0.0,0
15m,1749260700.0,2.1621,2.1645,2.161,2.1626,74230.41,0.0,0.0,0
15m,1749261600.0,2.1626,2.1651,2.1585,2.1641,175244.59,0.0,0.0,0
15m,1749262500.0,2.1641,2.1686,2.1635,2.1686,78663.94,0.0,0.0,0
15m,1749263400.0,2.1686,2.1689,2.1656,2.1658,75888.31,0.0,0.0,0
15m,1749264300.0,2.1658,2.1725,2.1657,2.171,174407.87,0.0,0.0,0
15m,1749265200.0,2.171,2.1735,2.1694,2.1729,136388.67,0.0,0.0,0
15m,1749266100.0,2.1729,2.1769,2.1721,2.174,89053.78,0.0,0.0,0
15m,1749267000.0,2.174,2.1774,2.1724,2.1762,58484.19,0.0,0.0,0
15m,1749267900.0,2.1762,2.1795,2.1761,2.1795,54338.66,0.0,0.0,0
15m,1749268800.0,2.1795,2.1795,2.1726,2.1739,141340.02,0.0,0.0,0
15m,1749269700.0,2.1739,2.1763,2.1726,2.1753,62029.94,0.0,0.0,0
15m,1749270600.0,2.1753,2.1756,2.1705,2.1737,250296.46,0.0,0.0,0
15m,1749271500.0,2.1737,2.1742,2.1714,2.1722,47337.0,0.0,0.0,0
15m,1749272400.0,2.1722,2.176,2.1716,2.1756,103628.6,0.0,0.0,0
15m,1749273300.0,2.1756,2.1769,2.1741,2.1765,228805.13,0.0,0.0,0
15m,1749274200.0,2.1765,2.1795,2.1748,2.1787,45358.72,0.0,0.0,0
15m,1749275100.0,2.1787,2.1805,2.1778,2.1804,158209.12,0.0,0.0,0
15m,1749276000.0,2.1804,2.1808,2.1774,2.1786,77346.08,0.0,0.0,0
15m,1749276900.0,2.1786,2.1806,2.1776,2.1777,103414.95,0.0,0.0,0
15m,1749277800.0,2.1777,2.1829,2.1776,2.1828,131086.08,0.0,0.0,0
15m,1749278700.0,2.1828,2.1919,2.1822,2.1901,522471.11,0.0,0.0,0
15m,1749279600.0,2.1901,2.1902,2.1844,2.1848,213200.12,0.0,0.0,0
15m,1749280500.0,2.1848,2.1893,2.1831,2.187,195302.09,0.0,0.0,0
15m,1749281400.0,2.187,2.1895,2.1865,2.187,79209.76,0.0,0.0,0
15m,1749282300.0,2.187,2.1872,2.1828,2.1833,286983.16,0.0,0.0,0
15m,1749283200.0,2.1833,2.1848,2.1797,2.1805,191694.9,0.0,0.0,0
15m,1749284100.0,2.1805,2.1828,2.1794,2.1821,139033.14,0.0,0.0,0
15m,1749285000.0,2.1821,2.1822,2.1776,2.1786,83864.48,0.0,0.0,0
15m,1749285900.0,2.1786,2.1787,2.1751,2.1761,145567.28,0.0,0.0,0
15m,1749286800.0,2.1761,2.1789,2.1754,2.1779,51133.77,0.0,0.0,0
15m,1749287700.0,2.1779,2.1793,2.1755,2.1781,41232.72,0.0,0.0,0
15m,1749288600.0,2.1781,2.1798,2.1752,2.1758,104606.89,0.0,0.0,0
15m,1749289500.0,2.1758,2.1778,2.1748,2.1774,57176.32,0.0,0.0,0
15m,1749290400.0,2.1774,2.1814,2.1763,2.1814,186486.89,0.0,0.0,0
15m,1749291300.0,2.1814,2.1851,2.1813,2.1848,182108.93,0.0,0.0,0
15m,1749292200.0,2.1848,2.1856,2.1816,2.1836,148456.22,0.0,0.0,0
15m,1749293100.0,2.1836,2.1887,2.1824,2.1874,326911.2,0.0,0.0,0
15m,1749294000.0,2.1874,2.1874,2.1833,2.184,221918.17,0.0,0.0,0
15m,1749294900.0,2.184,2.1871,2.1838,2.1862,187677.42,0.0,0.0,0
15m,1749295800.0,2.1862,2.1872,2.1826,2.1829,80105.37,0.0,0.0,0
15m,1749296700.0,2.1829,2.1833,2.1814,2.1828,51419.72,0.0,0.0,0
15m,1749297600.0,2.1828,2.1865,2.1828,2.1858,58239.3,0.0,0.0,0
15m,1749298500.0,2.1858,2.1875,2.1839,2.1869,103415.91,0.0,0.0,0
15m,1749299400.0,2.1869,2.1903,2.1848,2.1881,287436.84,0.0,0.0,0
15m,1749300300.0,2.1881,2.1882,2.183,2.1836,104242.54,0.0,0.0,0
15m,1749301200.0,2.1836,2.1886,2.182,2.1878,118977.54,0.0,0.0,0
15m,1749302100.0,2.1878,2.1906,2.187,2.1871,303403.59,0.0,0.0,0
15m,1749303000.0,2.1871,2.1892,2.1857,2.1889,253688.24,0.0,0.0,0
15m,1749303900.0,2.1889,2.1904,2.186,2.1865,155755.62,0.0,0.0,0
15m,1749304800.0,2.1865,2.1886,2.1844,2.1857,122147.05,0.0,0.0,0
15m,1749305700.0,2.1857,2.1861,2.1831,2.1853,132080.64,0.0,0.0,0
15m,1749306600.0,2.1853,2.1879,2.1844,2.1845,156797.97,0.0,0.0,0
15m,1749307500.0,2.1845,2.1852,2.1818,2.1818,104963.44,0.0,0.0,0
15m,1749308400.0,2.1818,2.1847,2.1797,2.1802,167770.94,0.0,0.0,0
15m,1749309300.0,2.1802,2.1836,2.1788,2.1815,151514.54,0.0,0.0,0
15m,1749310200.0,2.1815,2.1822,2.1789,2.1799,187185.2,0.0,0.0,0
15m,1749311100.0,2.1799,2.1839,2.1796,2.1829,48566.58,0.0,0.0,0
15m,1749312000.0,2.1829,2.1866,2.1824,2.1832,178275.35,0.0,0.0,0
15m,1749312900.0,2.1832,2.1853,2.182,2.1827,174397.37,0.0,0.0,0
15m,1749313800.0,2.1827,2.1827,2.18,2.1815,90702.0,0.0,0.0,0
15m,1749314700.0,2.1815,2.1822,2.1776,2.1782,133379.81,0.0,0.0,0
15m,1749315600.0,2.1782,2.1834,2.1774,2.181,171731.65,0.0,0.0,0
15m,1749316500.0,2.181,2.1814,2.1768,2.1798,132029.5,0.0,0.0,0
15m,1749317400.0,2.1798,2.1809,2.174,2.1756,163630.99,0.0,0.0,0
15m,1749318300.0,2.1756,2.1774,2.1726,2.1732,321966.01,0.0,0.0,0
15m,1749319200.0,2.1732,2.1794,2.1729,2.1741,240979.57,0.0,0.0,0
15m,1749320100.0,2.1741,2.1796,2.174,2.1795,181551.34,0.0,0.0,0
15m,1749321000.0,2.1795,2.1819,2.1741,2.1741,129732.69,0.0,0.0,0
15m,1749321900.0,2.1741,2.1769,2.1727,2.1761,77898.16,0.0,0.0,0
15m,1749322800.0,2.1761,2.1806,2.1757,2.1779,62696.92,0.0,0.0,0
15m,1749323700.0,2.1779,2.1808,2.1775,2.1801,175680.54,0.0,0.0,0
15m,1749324600.0,2.1801,2.1804,2.1761,2.1778,250382.58,0.0,0.0,0
15m,1749325500.0,2.1778,2.1786,2.176,2.1761,48197.34,0.0,0.0,0
15m,1749326400.0,2.1761,2.1796,2.1756,2.1791,63369.69,0.0,0.0,0
15m,1749327300.0,2.1791,2.1817,2.1781,2.181,154447.13,0.0,0.0,0
15m,1749328200.0,2.181,2.181,2.1786,2.1786,120959.51,0.0,0.0,0
15m,1749329100.0,2.1786,2.182,2.1785,2.182,83549.57,0.0,0.0,0
15m,1749330000.0,2.182,2.1849,2.181,2.181,261508.21,0.0,0.0,0
15m,1749330900.0,2.181,2.1817,2.1789,2.1807,108617.56,0.0,0.0,0
15m,1749331800.0,2.1807,2.1842,2.1805,2.1833,86473.02,0.0,0.0,0
15m,1749332700.0,2.1833,2.1835,2.1797,2.181,73253.68,0.0,0.0,0
15m,1749333600.0,2.181,2.1834,2.1797,2.1816,70029.2,0.0,0.0,0
15m,1749334500.0,2.1816,2.1824,2.1802,2.1814,33815.95,0.0,0.0,0
15m,1749335400.0,2.1814,2.1873,2.1804,2.1854,120946.53,0.0,0.0,0
15m,1749336300.0,2.1854,2.1866,2.1819,2.1821,84445.8,0.0,0.0,0
15m,1749337200.0,2.1821,2.1821,2.1772,2.1775,132520.53,0.0,0.0,0
15m,1749338100.0,2.1775,2.1796,2.1755,2.1767,248959.82,0.0,0.0,0
15m,1749339000.0,2.1767,2.1787,2.1762,2.1779,75126.54,0.0,0.0,0
15m,1749339900.0,2.1779,2.1789,2.1764,2.1769,61445.96,0.0,0.0,0
15m,1749340800.0,2.1769,2.1772,2.1715,2.1715,93083.89,0.0,0.0,0
15m,1749341700.0,2.1715,2.1736,2.1713,2.1731,148283.42,0.0,0.0,0
15m,1749342600.0,2.1731,2.1755,2.1721,2.1723,90938.99,0.0,0.0,0
15m,1749343500.0,2.1723,2.1729,2.1704,2.1715,103217.65,0.0,0.0,0
15m,1749344400.0,2.1715,2.1715,2.1667,2.1704,230370.83,0.0,0.0,0
15m,1749345300.0,2.1704,2.1705,2.1679,2.1684,57611.07,0.0,0.0,0
15m,1749346200.0,2.1684,2.1723,2.1683,2.172,43235.3,0.0,0.0,0
15m,1749347100.0,2.172,2.1766,2.1717,2.1763,62075.55,0.0,0.0,0
15m,1749348000.0,2.1763,2.1763,2.1697,2.1719,75241.84,0.0,0.0,0
15m,1749348900.0,2.1719,2.1749,2.1715,2.1717,45457.2,0.0,0.0,0
15m,1749349800.0,2.1717,2.1752,2.1717,2.1745,47624.23,0.0,0.0,0
15m,1749350700.0,2.1745,2.175,2.1726,2.1726,34026.43,0.0,0.0,0
15m,1749351600.0,2.1726,2.1727,2.1702,2.1719,47164.66,0.0,0.0,0
15m,1749352500.0,2.1719,2.1722,2.1707,2.1719,27457.66,0.0,0.0,0
15m,1749353400.0,2.1719,2.1772,2.1716,2.177,71556.36,0.0,0.0,0
15m,1749354300.0,2.177,2.177,2.1746,2.1755,58446.72,0.0,0.0,0
15m,1749355200.0,2.1755,2.1756,2.1713,2.173,57653.63,0.0,0.0,0
15m,1749356100.0,2.173,2.1744,2.172,2.172,180040.32,0.0,0.0,0
15m,1749357000.0,2.172,2.1769,2.1717,2.1762,47559.16,0.0,0.0,0
15m,1749357900.0,2.1762,2.1768,2.1744,2.1765,97634.89,0.0,0.0,0
15m,1749358800.0,2.1765,2.1795,2.1765,2.1775,92356.11,0.0,0.0,0
15m,1749359700.0,2.1775,2.189,2.1774,2.1873,370984.45,0.0,0.0,0
15m,1749360600.0,2.1873,2.1955,2.1859,2.1955,462126.69,0.0,0.0,0
15m,1749361500.0,2.1955,2.1967,2.1883,2.1898,617068.89,0.0,0.0,0
15m,1749362400.0,2.1898,2.2129,2.1896,2.2115,1046626.61,0.0,0.0,0
15m,1749363300.0,2.2115,2.2236,2.207,2.2167,1350023.95,0.0,0.0,0
15m,1749364200.0,2.2167,2.2222,2.2122,2.2131,766408.1,0.0,0.0,0
15m,1749365100.0,2.2131,2.2151,2.2048,2.2048,319152.5,0.0,0.0,0
15m,1749366000.0,2.2048,2.2187,2.2048,2.2155,443062.96,0.0,0.0,0
15m,1749366900.0,2.2155,2.2199,2.2039,2.206,603391.45,0.0,0.0,0
15m,1749367800.0,2.206,2.2115,2.2024,2.2036,588406.69,0.0,0.0,0
15m,1749368700.0,2.2036,2.2092,2.2027,2.2073,213344.24,0.0,0.0,0
15m,1749369600.0,2.2073,2.2174,2.2073,2.2167,517960.94,0.0,0.0,0
15m,1749370500.0,2.2167,2.2185,2.2139,2.2154,219687.01,0.0,0.0,0
15m,1749371400.0,2.2154,2.2171,2.2099,2.2107,175828.28,0.0,0.0,0
15m,1749372300.0,2.2107,2.2175,2.2104,2.2123,149909.71,0.0,0.0,0
15m,1749373200.0,2.2123,2.2123,2.2054,2.2071,191473.71,0.0,0.0,0
15m,1749374100.0,2.2071,2.2099,2.1968,2.2022,677547.04,0.0,0.0,0
15m,1749375000.0,2.2022,2.2077,2.2012,2.2056,363372.78,0.0,0.0,0
15m,1749375900.0,2.2056,2.2126,2.2052,2.2097,140446.07,0.0,0.0,0
15m,1749376800.0,2.2097,2.2127,2.2065,2.2098,164776.62,0.0,0.0,0
15m,1749377700.0,2.2098,2.2157,2.2085,2.2092,317948.41,0.0,0.0,0
15m,1749378600.0,2.2092,2.2101,2.2058,2.2085,167482.09,0.0,0.0,0
15m,1749379500.0,2.2085,2.2156,2.2054,2.2156,219151.49,0.0,0.0,0
15m,1749380400.0,2.2156,2.2184,2.2146,2.2149,161002.39,0.0,0.0,0
15m,1749381300.0,2.2149,2.2196,2.2126,2.2193,371823.73,0.0,0.0,0
15m,1749382200.0,2.2193,2.2273,2.2183,2.2262,495331.85,0.0,0.0,0
15m,1749383100.0,2.2262,2.2498,2.2262,2.2418,1382553.73,0.0,0.0,0
15m,1749384000.0,2.2418,2.2619,2.2418,2.2596,1096953.97,0.0,0.0,0
15m,1749384900.0,2.2596,2.2632,2.2494,2.2527,801644.05,0.0,0.0,0
15m,1749385800.0,2.2527,2.2598,2.2476,2.2553,565733.24,0.0,0.0,0
15m,1749386700.0,2.2553,2.2638,2.2525,2.2599,531035.7,0.0,0.0,0
15m,1749387600.0,2.2599,2.2626,2.2533,2.2571,552133.17,0.0,0.0,0
15m,1749388500.0,2.2571,2.2704,2.2547,2.2695,858793.67,0.0,0.0,0
15m,1749389400.0,2.2695,2.2899,2.2686,2.2826,1661304.62,0.0,0.0,0
15m,1749390300.0,2.2826,2.2831,2.266,2.2672,1054487.67,0.0,0.0,0
15m,1749391200.0,2.2672,2.2767,2.2649,2.2663,748435.54,0.0,0.0,0
15m,1749392100.0,2.2663,2.2707,2.261,2.2612,505135.98,0.0,0.0,0
15m,1749393000.0,2.2612,2.2678,2.2581,2.2672,987196.33,0.0,0.0,0
15m,1749393900.0,2.2672,2.2756,2.2652,2.2752,631376.18,0.0,0.0,0
15m,1749394800.0,2.2752,2.2877,2.2752,2.2865,1203485.07,0.0,0.0,0
15m,1749395700.0,2.2865,2.2935,2.2782,2.2788,962368.96,0.0,0.0,0
15m,1749396600.0,2.2788,2.2845,2.2763,2.2833,594478.35,0.0,0.0,0
15m,1749397500.0,2.2833,2.2867,2.2774,2.2775,377663.78,0.0,0.0,0
15m,1749398400.0,2.2775,2.2873,2.2775,2.2834,564708.05,0.0,0.0,0
15m,1749399300.0,2.2834,2.2838,2.275,2.2808,279341.4,0.0,0.0,0
15m,1749400200.0,2.2808,2.2813,2.2725,2.2776,363828.58,0.0,0.0,0
15m,1749401100.0,2.2776,2.2833,2.2748,2.279,384987.38,0.0,0.0,0
15m,1749402000.0,2.279,2.2841,2.2767,2.2818,446403.1,0.0,0.0,0
15m,1749402900.0,2.2818,2.2834,2.2747,2.2784,219453.82,0.0,0.0,0
15m,1749403800.0,2.2784,2.2818,2.2743,2.2818,264929.66,0.0,0.0,0
15m,1749404700.0,2.2818,2.2852,2.2788,2.2803,338171.13,0.0,0.0,0
15m,1749405600.0,2.2803,2.2895,2.2796,2.2845,378350.02,0.0,0.0,0
15m,1749406500.0,2.2845,2.2876,2.28,2.2804,248851.73,0.0,0.0,0
15m,1749407400.0,2.2804,2.2879,2.2787,2.2845,283918.76,0.0,0.0,0
15m,1749408300.0,2.2845,2.2875,2.2821,2.2838,141691.59,0.0,0.0,0
15m,1749409200.0,2.2838,2.2899,2.2829,2.2833,259392.99,0.0,0.0,0
15m,1749410100.0,2.2833,2.2941,2.2833,2.2894,594845.88,0.0,0.0,0
15m,1749411000.0,2.2894,2.2913,2.2843,2.2846,143220.05,0.0,0.0,0
15m,1749411900.0,2.2846,2.2894,2.2843,2.2883,145482.9,0.0,0.0,0
15m,1749412800.0,2.2883,2.2952,2.2821,2.2821,414947.09,0.0,0.0,0
15m,1749413700.0,2.2821,2.2829,2.2773,2.2785,441434.09,0.0,0.0,0
15m,1749414600.0,2.2785,2.2878,2.276,2.2878,249378.95,0.0,0.0,0
15m,1749415500.0,2.2878,2.2906,2.2805,2.2822,249795.82,0.0,0.0,0
15m,1749416400.0,2.2822,2.2892,2.2771,2.2772,282879.52,0.0,0.0,0
15m,1749417300.0,2.2772,2.2852,2.2763,2.2824,176556.06,0.0,0.0,0
15m,1749418200.0,2.2824,2.2829,2.2779,2.2812,107138.53,0.0,0.0,0
15m,1749419100.0,2.2812,2.2827,2.2738,2.2738,262866.46,0.0,0.0,0
15m,1749420000.0,2.2738,2.2752,2.2662,2.2684,877211.44,0.0,0.0,0
15m,1749420900.0,2.2684,2.2739,2.2664,2.2676,493519.69,0.0,0.0,0
15m,1749421800.0,2.2676,2.2683,2.2595,2.2634,785849.6,0.0,0.0,0
15m,1749422700.0,2.2634,2.2634,2.2552,2.2593,488847.1,0.0,0.0,0
15m,1749423600.0,2.2593,2.2643,2.2554,2.2597,493267.79,0.0,0.0,0
15m,1749424500.0,2.2597,2.2647,2.257,2.26,300192.66,0.0,0.0,0
15m,1749425400.0,2.26,2.2655,2.2585,2.264,290869.41,0.0,0.0,0
15m,1749426300.0,2.264,2.2679,2.262,2.2672,278246.29,0.0,0.0,0
15m,1749427200.0,2.2672,2.2685,2.2604,2.2633,519498.4,0.0,0.0,0
15m,1749428100.0,2.2633,2.2649,2.2561,2.26,421340.69,0.0,0.0,0
15m,1749429000.0,2.26,2.2651,2.2587,2.2622,250917.63,0.0,0.0,0
15m,1749429900.0,2.2622,2.2653,2.2571,2.2599,151426.41,0.0,0.0,0
15m,1749430800.0,2.2599,2.2608,2.2466,2.2476,903734.02,0.0,0.0,0
15m,1749431700.0,2.2476,2.252,2.2459,2.2504,259949.55,0.0,0.0,0
15m,1749432600.0,2.2504,2.2515,2.2467,2.2492,102190.17,0.0,0.0,0
15m,1749433500.0,2.2492,2.2505,2.2423,2.2448,280027.7,0.0,0.0,0
15m,1749434400.0,2.2448,2.2493,2.2395,2.2491,244960.89,0.0,0.0,0
15m,1749435300.0,2.2491,2.2507,2.2463,2.248,192611.08,0.0,0.0,0
15m,1749436200.0,2.248,2.2506,2.2445,2.2454,203328.19,0.0,0.0,0
15m,1749437100.0,2.2454,2.2472,2.2442,2.2449,157307.44,0.0,0.0,0
15m,1749438000.0,2.2449,2.246,2.2343,2.2357,472681.6,0.0,0.0,0
15m,1749438900.0,2.2357,2.2376,2.2315,2.2373,326570.07,0.0,0.0,0
15m,1749439800.0,2.2373,2.2414,2.2364,2.2386,148450.22,0.0,0.0,0
15m,1749440700.0,2.2386,2.2434,2.238,2.243,525938.88,0.0,0.0,0
15m,1749441600.0,2.243,2.243,2.2375,2.2387,246920.6,0.0,0.0,0
15m,1749442500.0,2.2387,2.2395,2.2348,2.236,252029.87,0.0,0.0,0
15m,1749443400.0,2.236,2.2392,2.2322,2.2331,276126.82,0.0,0.0,0
15m,1749444300.0,2.2331,2.2335,2.2272,2.2289,367484.62,0.0,0.0,0
15m,1749445200.0,2.2289,2.2302,2.2246,2.2302,182432.58,0.0,0.0,0
15m,1749446100.0,2.2302,2.235,2.23,2.2345,138781.54,0.0,0.0,0
15m,1749447000.0,2.2345,2.2361,2.2304,2.234,226532.26,0.0,0.0,0
15m,1749447900.0,2.234,2.2371,2.2285,2.2292,361084.5,0.0,0.0,0
15m,1749448800.0,2.2292,2.2309,2.2225,2.227,628621.65,0.0,0.0,0
15m,1749449700.0,2.227,2.2315,2.227,2.2302,127264.47,0.0,0.0,0
15m,1749450600.0,2.2302,2.2334,2.2295,2.2331,242577.48,0.0,0.0,0
15m,1749451500.0,2.2331,2.2374,2.2331,2.2356,209954.8,0.0,0.0,0
15m,1749452400.0,2.2356,2.2356,2.2288,2.232,419495.2,0.0,0.0,0
15m,1749453300.0,2.232,2.232,2.2246,2.2248,358001.98,0.0,0.0,0
15m,1749454200.0,2.2248,2.2286,2.2246,2.2272,243247.17,0.0,0.0,0
15m,1749455100.0,2.2272,2.2317,2.2258,2.231,353859.57,0.0,0.0,0
15m,1749456000.0,2.231,2.2334,2.23,2.2332,259301.23,0.0,0.0,0
15m,1749456900.0,2.2332,2.2354,2.232,2.2346,319499.31,0.0,0.0,0
15m,1749457800.0,2.2346,2.2372,2.2314,2.2372,144577.72,0.0,0.0,0
15m,1749458700.0,2.2372,2.2434,2.2354,2.2428,220682.77,0.0,0.0,0
15m,1749459600.0,2.2428,2.2454,2.2387,2.2451,870476.22,0.0,0.0,0
15m,1749460500.0,2.2451,2.2468,2.2409,2.2465,352406.19,0.0,0.0,0
15m,1749461400.0,2.2465,2.2582,2.2453,2.2548,756469.96,0.0,0.0,0
15m,1749462300.0,2.2548,2.2615,2.2515,2.2525,605457.23,0.0,0.0,0
15m,1749463200.0,2.2525,2.2599,2.2484,2.2589,301213.65,0.0,0.0,0
15m,1749464100.0,2.2589,2.2661,2.2589,2.2651,1451386.08,0.0,0.0,0
15m,1749465000.0,2.2651,2.2695,2.26,2.2641,2268234.66,0.0,0.0,0
15m,1749465900.0,2.2641,2.2675,2.2589,2.2599,302066.94,0.0,0.0,0
15m,1749466800.0,2.2599,2.2611,2.2567,2.2605,408876.67,0.0,0.0,0
15m,1749467700.0,2.2605,2.2655,2.2566,2.2636,732982.39,0.0,0.0,0
15m,1749468600.0,2.2636,2.2707,2.26,2.2675,524053.05,0.0,0.0,0
15m,1749469500.0,2.2675,2.269,2.264,2.269,319222.39,0.0,0.0,0
15m,1749470400.0,2.269,2.2699,2.2592,2.2594,286147.38,0.0,0.0,0
15m,1749471300.0,2.2594,2.262,2.2575,2.2606,268228.86,0.0,0.0,0
15m,1749472200.0,2.2606,2.2657,2.2606,2.2652,199209.89,0.0,0.0,0
15m,1749473100.0,2.2652,2.268,2.2617,2.2675,227943.55,0.0,0.0,0
15m,1749474000.0,2.2675,2.2675,2.2593,2.2605,224258.41,0.0,0.0,0
15m,1749474900.0,2.2605,2.2615,2.2571,2.2576,248453.69,0.0,0.0,0
15m,1749475800.0,2.2576,2.2603,2.2461,2.2511,501706.53,0.0,0.0,0
15m,1749476700.0,2.2511,2.2524,2.2399,2.2458,771349.98,0.0,0.0,0
15m,1749477600.0,2.2458,2.2529,2.2456,2.2524,421152.73,0.0,0.0,0
15m,1749478500.0,2.2524,2.2558,2.2505,2.2538,273588.1,0.0,0.0,0
15m,1749479400.0,2.2538,2.2607,2.2536,2.2605,255868.44,0.0,0.0,0
15m,1749480300.0,2.2605,2.2634,2.25,2.2549,395507.28,0.0,0.0,0
15m,1749481200.0,2.2549,2.2625,2.2519,2.2601,170207.03,0.0,0.0,0
15m,1749482100.0,2.2601,2.2621,2.258,2.262,193589.5,0.0,0.0,0
15m,1749483000.0,2.262,2.2626,2.2559,2.2563,178622.03,0.0,0.0,0
15m,1749483900.0,2.2563,2.2653,2.2559,2.2632,183993.08,0.0,0.0,0
15m,1749484800.0,2.2632,2.2686,2.2617,2.267,218852.72,0.0,0.0,0
15m,1749485700.0,2.267,2.2785,2.2636,2.2759,329310.91,0.0,0.0,0
15m,1749486600.0,2.2759,2.2809,2.2738,2.2808,232503.01,0.0,0.0,0
15m,1749487500.0,2.2808,2.2863,2.2733,2.2789,1955970.17,0.0,0.0,0
15m,1749488400.0,2.2789,2.3137,2.2789,2.3067,5078768.08,0.0,0.0,0
15m,1749489300.0,2.3067,2.3107,2.2963,2.3048,655840.87,0.0,0.0,0
15m,1749490200.0,2.3048,2.3048,2.2934,2.2962,413889.56,0.0,0.0,0
15m,1749491100.0,2.2962,2.2977,2.2888,2.291,385961.97,0.0,0.0,0
15m,1749492000.0,2.291,2.2978,2.2889,2.2938,347742.67,0.0,0.0,0
15m,1749492900.0,2.2938,2.3009,2.2922,2.3008,238238.44,0.0,0.0,0
15m,1749493800.0,2.3008,2.3008,2.2899,2.2905,218264.66,0.0,0.0,0
15m,1749494700.0,2.2905,2.3003,2.2888,2.2998,479584.75,0.0,0.0,0
15m,1749495600.0,2.2998,2.3047,2.2961,2.2973,371791.78,0.0,0.0,0
15m,1749496500.0,2.2973,2.298,2.2927,2.297,347662.23,0.0,0.0,0
15m,1749497400.0,2.297,2.297,2.2872,2.2892,210245.74,0.0,0.0,0
15m,1749498300.0,2.2892,2.2984,2.2859,2.2956,409277.89,0.0,0.0,0
15m,1749499200.0,2.2956,2.3027,2.2947,2.2953,584566.9,0.0,0.0,0
15m,1749500100.0,2.2953,2.2992,2.2948,2.2971,179988.24,0.0,0.0,0
15m,1749501000.0,2.2971,2.2998,2.2959,2.2995,167691.96,0.0,0.0,0
15m,1749501900.0,2.2995,2.3059,2.2967,2.3048,336687.8,0.0,0.0,0
15m,1749502800.0,2.3048,2.3148,2.3048,2.3113,971805.21,0.0,0.0,0
15m,1749503700.0,2.3113,2.3263,2.3059,2.3263,641479.55,0.0,0.0,0
15m,1749504600.0,2.3263,2.3267,2.3077,2.3109,715145.27,0.0,0.0,0
15m,1749505500.0,2.3109,2.3166,2.308,2.3165,487790.75,0.0,0.0,0
15m,1749506400.0,2.3165,2.3294,2.3165,2.3223,931254.83,0.0,0.0,0
15m,1749507300.0,2.3223,2.3256,2.3186,2.3242,507208.92,0.0,0.0,0
15m,1749508200.0,2.3242,2.3267,2.3175,2.3209,375909.95,0.0,0.0,0
15m,1749509100.0,2.3209,2.3248,2.3171,2.3233,280775.75,0.0,0.0,0
15m,1749510000.0,2.3233,2.3256,2.315,2.319,243382.63,0.0,0.0,0
15m,1749510900.0,2.319,2.3199,2.3133,2.3141,259984.17,0.0,0.0,0
15m,1749511800.0,2.3141,2.3219,2.3098,2.321,414269.67,0.0,0.0,0
15m,1749512700.0,2.321,2.3219,2.3167,2.3212,164653.7,0.0,0.0,0
15m,1749513600.0,2.3212,2.3212,2.3128,2.313,527308.34,0.0,0.0,0
15m,1749514500.0,2.313,2.3276,2.3115,2.3242,831192.21,0.0,0.0,0
15m,1749515400.0,2.3242,2.3262,2.3119,2.3138,647411.64,0.0,0.0,0
15m,1749516300.0,2.3138,2.3155,2.3084,2.3152,375999.58,0.0,0.0,0
15m,1749517200.0,2.3152,2.3152,2.3062,2.3092,367203.57,0.0,0.0,0
15m,1749518100.0,2.3092,2.3149,2.3058,2.3113,401615.62,0.0,0.0,0
15m,1749519000.0,2.3113,2.319,2.3106,2.3161,355383.5,0.0,0.0,0
15m,1749519900.0,2.3161,2.3166,2.3125,2.3163,257391.01,0.0,0.0,0
15m,1749520800.0,2.3163,2.3163,2.3054,2.3117,299313.88,0.0,0.0,0
15m,1749521700.0,2.3117,2.3124,2.3055,2.3094,250409.79,0.0,0.0,0
15m,1749522600.0,2.3094,2.311,2.306,2.3107,179244.76,0.0,0.0,0
15m,1749523500.0,2.3107,2.3119,2.3086,2.3096,143832.95,0.0,0.0,0
15m,1749524400.0,2.3096,2.3106,2.3021,2.3029,186983.7,0.0,0.0,0
15m,1749525300.0,2.3029,2.3056,2.301,2.3023,295456.12,0.0,0.0,0
15m,1749526200.0,2.3023,2.303,2.2986,2.2993,240783.28,0.0,0.0,0
15m,1749527100.0,2.2993,2.3033,2.2985,2.2987,179914.05,0.0,0.0,0
15m,1749528000.0,2.2987,2.3022,2.2964,2.2965,126309.14,0.0,0.0,0
15m,1749528900.0,2.2965,2.2974,2.2926,2.2938,232991.69,0.0,0.0,0
15m,1749529800.0,2.2938,2.2974,2.2931,2.296,252229.83,0.0,0.0,0
15m,1749530700.0,2.296,2.297,2.2931,2.294,483568.78,0.0,0.0,0
15m,1749531600.0,2.294,2.294,2.2894,2.2935,217198.06,0.0,0.0,0
15m,1749532500.0,2.2935,2.2971,2.2881,2.2892,347125.94,0.0,0.0,0
15m,1749533400.0,2.2892,2.2901,2.2812,2.2858,427615.95,0.0,0.0,0
15m,1749534300.0,2.2858,2.288,2.2796,2.2845,633627.62,0.0,0.0,0
15m,1749535200.0,2.2845,2.2845,2.2732,2.2747,612084.64,0.0,0.0,0
15m,1749536100.0,2.2747,2.2851,2.2747,2.2851,583390.86,0.0,0.0,0
15m,1749537000.0,2.2851,2.2918,2.2836,2.2891,219661.48,0.0,0.0,0
15m,1749537900.0,2.2891,2.29,2.2839,2.2859,589232.6,0.0,0.0,0
15m,1749538800.0,2.2859,2.2859,2.2794,2.2809,485502.16,0.0,0.0,0
15m,1749539700.0,2.2809,2.2875,2.2779,2.2872,293535.71,0.0,0.0,0
15m,1749540600.0,2.2872,2.2902,2.2813,2.2814,158633.89,0.0,0.0,0
15m,1749541500.0,2.2814,2.2861,2.2797,2.284,269314.43,0.0,0.0,0
15m,1749542400.0,2.284,2.2873,2.2804,2.2832,300500.79,0.0,0.0,0
15m,1749543300.0,2.2832,2.284,2.2754,2.2771,281529.62,0.0,0.0,0
15m,1749544200.0,2.2771,2.2814,2.2755,2.2802,177225.81,0.0,0.0,0
15m,1749545100.0,2.2802,2.2806,2.2757,2.2764,207366.71,0.0,0.0,0
15m,1749546000.0,2.2764,2.2835,2.2733,2.2817,569976.18,0.0,0.0,0
15m,1749546900.0,2.2817,2.2903,2.2813,2.2889,234861.62,0.0,0.0,0
15m,1749547800.0,2.2889,2.2943,2.288,2.2899,416239.62,0.0,0.0,0
15m,1749548700.0,2.2899,2.2938,2.2891,2.2923,215930.39,0.0,0.0,0
15m,1749549600.0,2.2923,2.2923,2.2852,2.2883,129610.32,0.0,0.0,0
15m,1749550500.0,2.2883,2.2923,2.2873,2.2904,121757.44,0.0,0.0,0
15m,1749551400.0,2.2904,2.2906,2.2794,2.2799,370242.87,0.0,0.0,0
15m,1749552300.0,2.2799,2.2838,2.277,2.2824,398276.35,0.0,0.0,0
15m,1749553200.0,2.2824,2.2824,2.2704,2.2794,425375.1,0.0,0.0,0
15m,1749554100.0,2.2794,2.2941,2.2794,2.2924,396822.34,0.0,0.0,0
15m,1749555000.0,2.2924,2.3146,2.2905,2.3126,1123016.95,0.0,0.0,0
15m,1749555900.0,2.3126,2.3154,2.2993,2.3047,855561.23,0.0,0.0,0
15m,1749556800.0,2.3047,2.308,2.2948,2.3004,498545.83,0.0,0.0,0
15m,1749557700.0,2.3004,2.3121,2.2981,2.3057,405650.08,0.0,0.0,0
15m,1749558600.0,2.3057,2.3178,2.302,2.3162,425481.65,0.0,0.0,0
15m,1749559500.0,2.3162,2.319,2.3132,2.3154,386523.55,0.0,0.0,0
15m,1749560400.0,2.3154,2.3157,2.3076,2.3131,273226.35,0.0,0.0,0
15m,1749561300.0,2.3131,2.3138,2.3019,2.3019,360474.33,0.0,0.0,0
15m,1749562200.0,2.3019,2.3042,2.2845,2.2859,1117915.12,0.0,0.0,0
15m,1749563100.0,2.2859,2.2939,2.2821,2.2922,1231047.03,0.0,0.0,0
15m,1749564000.0,2.2922,2.293,2.2835,2.2882,317429.42,0.0,0.0,0
15m,1749564900.0,2.2882,2.2901,2.2784,2.2811,683972.87,0.0,0.0,0
15m,1749565800.0,2.2811,2.2826,2.2722,2.2742,474950.68,0.0,0.0,0
15m,1749566700.0,2.2742,2.2771,2.27,2.2752,468554.06,0.0,0.0,0
15m,1749567600.0,2.2752,2.2857,2.2707,2.2832,423005.22,0.0,0.0,0
15m,1749568500.0,2.2832,2.2872,2.2804,2.2825,263663.99,0.0,0.0,0
15m,1749569400.0,2.2825,2.2825,2.2598,2.2727,1200723.76,0.0,0.0,0
15m,1749570300.0,2.2727,2.2788,2.2711,2.276,187868.44,0.0,0.0,0
15m,1749571200.0,2.276,2.2823,2.2753,2.282,252178.3,0.0,0.0,0
15m,1749572100.0,2.282,2.2824,2.2692,2.2761,356687.34,0.0,0.0,0
15m,1749573000.0,2.2761,2.2767,2.2691,2.2745,147957.77,0.0,0.0,0
15m,1749573900.0,2.2745,2.2778,2.2715,2.2726,120382.93,0.0,0.0,0
15m,1749574800.0,2.2726,2.2821,2.2708,2.2807,230857.11,0.0,0.0,0
15m,1749575700.0,2.2807,2.2841,2.2795,2.2795,635184.34,0.0,0.0,0
15m,1749576600.0,2.2795,2.2849,2.2761,2.2817,128843.32,0.0,0.0,0
15m,1749577500.0,2.2817,2.2892,2.2803,2.2882,213690.08,0.0,0.0,0
15m,1749578400.0,2.2882,2.2884,2.2821,2.2838,243129.84,0.0,0.0,0
15m,1749579300.0,2.2838,2.288,2.2838,2.2846,97330.47,0.0,0.0,0
15m,1749580200.0,2.2846,2.2888,2.2808,2.2878,73149.08,0.0,0.0,0
15m,1749581100.0,2.2878,2.2969,2.2864,2.2929,319706.92,0.0,0.0,0
15m,1749582000.0,2.2929,2.3019,2.2929,2.2986,490748.29,0.0,0.0,0
15m,1749582900.0,2.2986,2.3073,2.2943,2.3053,425924.59,0.0,0.0,0
15m,1749583800.0,2.3053,2.3133,2.2994,2.3016,436335.89,0.0,0.0,0
15m,1749584700.0,2.3016,2.3023,2.2876,2.2961,425724.08,0.0,0.0,0
15m,1749585600.0,2.2961,2.2977,2.286,2.2866,378299.79,0.0,0.0,0
15m,1749586500.0,2.2866,2.2927,2.2852,2.2913,239311.57,0.0,0.0,0
15m,1749587400.0,2.2913,2.2948,2.2888,2.2929,129201.01,0.0,0.0,0
15m,1749588300.0,2.2929,2.3006,2.2915,2.2986,165583.93,0.0,0.0,0
15m,1749589200.0,2.2986,2.3063,2.2957,2.3036,407893.28,0.0,0.0,0
15m,1749590100.0,2.3036,2.3036,2.2918,2.2999,588300.6,0.0,0.0,0
15m,1749591000.0,2.2999,2.3051,2.2956,2.2994,190648.77,0.0,0.0,0
15m,1749591900.0,2.2994,2.2999,2.2944,2.2982,47004.12,0.0,0.0,0
15m,1749592800.0,2.2982,2.3133,2.2981,2.3078,330422.69,0.0,0.0,0
15m,1749593700.0,2.3078,2.3105,2.3035,2.3076,191794.12,0.0,0.0,0
15m,1749594600.0,2.3076,2.3101,2.3017,2.3022,208286.01,0.0,0.0,0
15m,1749595500.0,2.3022,2.3064,2.2973,2.3028,207856.88,0.0,0.0,0
15m,1749596400.0,2.3028,2.3101,2.3028,2.3057,386152.52,0.0,0.0,0
15m,1749597300.0,2.3057,2.3073,2.3003,2.3051,279248.43,0.0,0.0,0
15m,1749598200.0,2.3051,2.3079,2.3026,2.307,194458.24,0.0,0.0,0
15m,1749599100.0,2.307,2.3075,2.3024,2.3075,120829.93,0.0,0.0,0
15m,1749600000.0,2.3075,2.3125,2.3049,2.3075,289314.46,0.0,0.0,0
15m,1749600900.0,2.3075,2.3107,2.2962,2.2981,389611.94,0.0,0.0,0
15m,1749601800.0,2.2981,2.2997,2.2919,2.2932,399301.99,0.0,0.0,0
15m,1749602700.0,2.2932,2.2991,2.2883,2.2896,368951.73,0.0,0.0,0
15m,1749603600.0,2.2896,2.2937,2.286,2.2927,453670.87,0.0,0.0,0
15m,1749604500.0,2.2927,2.2927,2.2861,2.2889,207175.64,0.0,0.0,0
15m,1749605400.0,2.2889,2.2905,2.2833,2.2873,441329.24,0.0,0.0,0
15m,1749606300.0,2.2873,2.2889,2.2784,2.283,429170.16,0.0,0.0,0
15m,1749607200.0,2.283,2.2921,2.2824,2.2875,149296.91,0.0,0.0,0
15m,1749608100.0,2.2875,2.29,2.2831,2.288,74982.61,0.0,0.0,0
15m,1749609000.0,2.288,2.2891,2.2864,2.2864,82564.24,0.0,0.0,0
15m,1749609900.0,2.2864,2.2883,2.2841,2.2874,108964.78,0.0,0.0,0
15m,1749610800.0,2.2874,2.2934,2.2858,2.2931,148691.01,0.0,0.0,0
15m,1749611700.0,2.2931,2.2998,2.2903,2.2987,142043.05,0.0,0.0,0
15m,1749612600.0,2.2987,2.3019,2.2964,2.2974,392434.27,0.0,0.0,0
15m,1749613500.0,2.2974,2.2994,2.2961,2.298,216662.58,0.0,0.0,0
15m,1749614400.0,2.298,2.2983,2.2932,2.2935,110016.81,0.0,0.0,0
15m,1749615300.0,2.2935,2.2952,2.2916,2.293,143255.48,0.0,0.0,0
15m,1749616200.0,2.293,2.2976,2.2895,2.2903,318630.83,0.0,0.0,0
15m,1749617100.0,2.2903,2.2928,2.289,2.2907,258251.9,0.0,0.0,0
15m,1749618000.0,2.2907,2.2918,2.2882,2.2918,266325.6,0.0,0.0,0
15m,1749618900.0,2.2918,2.2977,2.2897,2.2972,170593.06,0.0,0.0,0
15m,1749619800.0,2.2972,2.2987,2.2936,2.2948,153921.59,0.0,0.0,0
15m,1749620700.0,2.2948,2.2984,2.2931,2.2975,217859.7,0.0,0.0,0
15m,1749621600.0,2.2975,2.3013,2.2953,2.2961,531735.22,0.0,0.0,0
15m,1749622500.0,2.2961,2.2965,2.2902,2.2915,281096.49,0.0,0.0,0
15m,1749623400.0,2.2915,2.2915,2.2871,2.2903,374060.43,0.0,0.0,0
15m,1749624300.0,2.2903,2.2954,2.2863,2.2935,624504.71,0.0,0.0,0
15m,1749625200.0,2.2935,2.2945,2.2829,2.2879,481547.1,0.0,0.0,0
15m,1749626100.0,2.2879,2.2948,2.287,2.2917,397035.04,0.0,0.0,0
15m,1749627000.0,2.2917,2.2952,2.2891,2.2943,148205.66,0.0,0.0,0
15m,1749627900.0,2.2943,2.297,2.291,2.2935,137364.27,0.0,0.0,0
15m,1749628800.0,2.2935,2.3157,2.2931,2.3103,1549413.35,0.0,0.0,0
15m,1749629700.0,2.3103,2.3228,2.3094,2.3165,933517.99,0.0,0.0,0
15m,1749630600.0,2.3165,2.3275,2.3102,2.3111,1241087.05,0.0,0.0,0
15m,1749631500.0,2.3111,2.3273,2.3089,2.323,652867.69,0.0,0.0,0
15m,1749632400.0,2.323,2.3294,2.3171,2.3203,567570.78,0.0,0.0,0
15m,1749633300.0,2.3203,2.323,2.3103,2.3161,745715.35,0.0,0.0,0
15m,1749634200.0,2.3161,2.317,2.3058,2.3087,481405.97,0.0,0.0,0
15m,1749635100.0,2.3087,2.3104,2.3026,2.3081,391452.97,0.0,0.0,0
15m,1749636000.0,2.3081,2.3291,2.3069,2.3254,739332.25,0.0,0.0,0
15m,1749636900.0,2.3254,2.329,2.3151,2.3176,631231.46,0.0,0.0,0
15m,1749637800.0,2.3176,2.3253,2.3169,2.3236,642882.86,0.0,0.0,0
15m,1749638700.0,2.3236,2.3268,2.3197,2.325,603225.25,0.0,0.0,0
15m,1749639600.0,2.325,2.3267,2.313,2.316,1074648.78,0.0,0.0,0
15m,1749640500.0,2.316,2.3171,2.309,2.3114,410363.41,0.0,0.0,0
15m,1749641400.0,2.3114,2.3163,2.3081,2.3102,297239.82,0.0,0.0,0
15m,1749642300.0,2.3102,2.3161,2.3078,2.3143,282015.77,0.0,0.0,0
15m,1749643200.0,2.3143,2.3188,2.3098,2.3161,577184.85,0.0,0.0,0
15m,1749644100.0,2.3161,2.3161,2.3048,2.3076,235789.99,0.0,0.0,0
15m,1749645000.0,2.3076,2.3358,2.3076,2.3345,2622816.19,0.0,0.0,0
15m,1749645900.0,2.3345,2.335,2.323,2.3241,534150.62,0.0,0.0,0
15m,1749646800.0,2.3241,2.3266,2.3184,2.3201,408328.54,0.0,0.0,0
15m,1749647700.0,2.3201,2.3258,2.3187,2.3253,208089.15,0.0,0.0,0
15m,1749648600.0,2.3253,2.3253,2.3101,2.3186,629309.49,0.0,0.0,0
15m,1749649500.0,2.3186,2.3187,2.3105,2.315,300292.32,0.0,0.0,0
15m,1749650400.0,2.315,2.3249,2.3133,2.3249,330962.2,0.0,0.0,0
15m,1749651300.0,2.3249,2.3329,2.3244,2.3314,574111.44,0.0,0.0,0
15m,1749652200.0,2.3314,2.3381,2.3251,2.3315,570112.67,0.0,0.0,0
15m,1749653100.0,2.3315,2.3332,2.3255,2.3271,182345.46,0.0,0.0,0
15m,1749654000.0,2.3271,2.3315,2.3185,2.3192,216095.47,0.0,0.0,0
15m,1749654900.0,2.3192,2.3245,2.3156,2.3169,310227.44,0.0,0.0,0
15m,1749655800.0,2.3169,2.3251,2.3168,2.3185,318554.77,0.0,0.0,0
15m,1749656700.0,2.3185,2.3287,2.3185,2.3259,307655.74,0.0,0.0,0
15m,1749657600.0,2.3259,2.3311,2.3194,2.3247,445336.03,0.0,0.0,0
15m,1749658500.0,2.3247,2.3296,2.3215,2.3281,274676.86,0.0,0.0,0
15m,1749659400.0,2.3281,2.3286,2.3209,2.3236,239568.61,0.0,0.0,0
15m,1749660300.0,2.3236,2.3236,2.3162,2.3174,200440.24,0.0,0.0,0
15m,1749661200.0,2.3174,2.3178,2.3111,2.3178,235454.66,0.0,0.0,0
15m,1749662100.0,2.3178,2.3241,2.3173,2.3222,101072.01,0.0,0.0,0
15m,1749663000.0,2.3222,2.3242,2.3116,2.3118,243882.64,0.0,0.0,0
15m,1749663900.0,2.3118,2.3118,2.3023,2.3027,429307.47,0.0,0.0,0
15m,1749664800.0,2.3027,2.3068,2.2949,2.2989,912393.15,0.0,0.0,0
15m,1749665700.0,2.2989,2.3029,2.29,2.2998,974116.26,0.0,0.0,0
15m,1749666600.0,2.2998,2.3048,2.2958,2.3031,241895.41,0.0,0.0,0
15m,1749667500.0,2.3031,2.3047,2.2965,2.2968,124246.94,0.0,0.0,0
15m,1749668400.0,2.2968,2.2986,2.2901,2.295,234800.34,0.0,0.0,0
15m,1749669300.0,2.295,2.2971,2.2913,2.2957,94232.95,0.0,0.0,0
15m,1749670200.0,2.2957,2.297,2.2872,2.2912,367517.26,0.0,0.0,0
15m,1749671100.0,2.2912,2.2915,2.2834,2.2862,350631.46,0.0,0.0,0
15m,1749672000.0,2.2862,2.2922,2.2799,2.291,343025.73,0.0,0.0,0
15m,1749672900.0,2.291,2.2957,2.2903,2.2954,304935.53,0.0,0.0,0
15m,1749673800.0,2.2954,2.2968,2.2918,2.2955,303594.49,0.0,0.0,0
15m,1749674700.0,2.2955,2.2967,2.2928,2.2948,108171.16,0.0,0.0,0
15m,1749675600.0,2.2948,2.3003,2.2919,2.2998,212589.94,0.0,0.0,0
15m,1749676500.0,2.2998,2.3005,2.2927,2.2927,198898.11,0.0,0.0,0
15m,1749677400.0,2.2927,2.2928,2.2753,2.2823,308325.93,0.0,0.0,0
15m,1749678300.0,2.2823,2.2853,2.2722,2.2732,527416.15,0.0,0.0,0
15m,1749679200.0,2.2732,2.2732,2.2571,2.2693,659163.81,0.0,0.0,0
15m,1749680100.0,2.2693,2.2694,2.2565,2.2601,627298.9,0.0,0.0,0
15m,1749681000.0,2.2601,2.2631,2.2526,2.2593,557287.34,0.0,0.0,0
15m,1749681900.0,2.2593,2.2657,2.2558,2.2611,573283.31,0.0,0.0,0
15m,1749682800.0,2.2611,2.2665,2.2593,2.2649,274482.75,0.0,0.0,0
15m,1749683700.0,2.2649,2.2686,2.2648,2.266,182726.19,0.0,0.0,0
15m,1749684600.0,2.266,2.2704,2.2652,2.27,133688.47,0.0,0.0,0
15m,1749685500.0,2.27,2.2716,2.2673,2.2705,114679.08,0.0,0.0,0
15m,1749686400.0,2.2705,2.2707,2.2615,2.2638,256092.82,0.0,0.0,0
15m,1749687300.0,2.2638,2.2736,2.2638,2.2645,321995.73,0.0,0.0,0
15m,1749688200.0,2.2645,2.2679,2.257,2.2679,244590.36,0.0,0.0,0
15m,1749689100.0,2.2679,2.2692,2.265,2.2668,123373.91,0.0,0.0,0
15m,1749690000.0,2.2668,2.268,2.2599,2.2615,106649.48,0.0,0.0,0
15m,1749690900.0,2.2615,2.2655,2.2573,2.2585,136097.69,0.0,0.0,0
15m,1749691800.0,2.2585,2.2594,2.246,2.2548,520698.61,0.0,0.0,0
15m,1749692700.0,2.2548,2.2583,2.2482,2.2572,136073.54,0.0,0.0,0
15m,1749693600.0,2.2572,2.2621,2.2551,2.2584,155838.02,0.0,0.0,0
15m,1749694500.0,2.2584,2.2586,2.251,2.254,188499.47,0.0,0.0,0
15m,1749695400.0,2.254,2.2546,2.2471,2.2477,237878.67,0.0,0.0,0
15m,1749696300.0,2.2477,2.2542,2.2468,2.2486,227636.71,0.0,0.0,0
15m,1749697200.0,2.2486,2.2516,2.2466,2.249,121126.6,0.0,0.0,0
15m,1749698100.0,2.249,2.25,2.2379,2.2412,546245.34,0.0,0.0,0
15m,1749699000.0,2.2412,2.2505,2.2407,2.2505,136690.87,0.0,0.0,0
15m,1749699900.0,2.2505,2.2524,2.2438,2.2439,290346.65,0.0,0.0,0
15m,1749700800.0,2.2439,2.245,2.2389,2.2391,312215.39,0.0,0.0,0
15m,1749701700.0,2.2391,2.245,2.2375,2.2442,357658.46,0.0,0.0,0
15m,1749702600.0,2.2442,2.2464,2.2397,2.2402,154097.22,0.0,0.0,0
15m,1749703500.0,2.2402,2.2488,2.2395,2.2475,249885.95,0.0,0.0,0
15m,1749704400.0,2.2475,2.2484,2.2439,2.2478,151682.88,0.0,0.0,0
15m,1749705300.0,2.2478,2.2555,2.2478,2.2551,128808.41,0.0,0.0,0
15m,1749706200.0,2.2551,2.2574,2.252,2.2538,203724.25,0.0,0.0,0
15m,1749707100.0,2.2538,2.2579,2.2538,2.2561,139979.04,0.0,0.0,0
15m,1749708000.0,2.2561,2.2565,2.2502,2.2511,347713.21,0.0,0.0,0
15m,1749708900.0,2.2511,2.2536,2.2476,2.2507,242876.05,0.0,0.0,0
15m,1749709800.0,2.2507,2.2559,2.2505,2.2532,202883.28,0.0,0.0,0
15m,1749710700.0,2.2532,2.2532,2.2494,2.2496,142816.54,0.0,0.0,0
15m,1749711600.0,2.2496,2.2497,2.2446,2.2466,191160.01,0.0,0.0,0
15m,1749712500.0,2.2466,2.2481,2.2397,2.2407,157034.41,0.0,0.0,0
15m,1749713400.0,2.2407,2.2416,2.2321,2.237,464392.22,0.0,0.0,0
15m,1749714300.0,2.237,2.2427,2.2339,2.2397,469064.65,0.0,0.0,0
15m,1749715200.0,2.2397,2.2419,2.2314,2.2408,153844.24,0.0,0.0,0
15m,1749716100.0,2.2408,2.2429,2.2374,2.241,143419.65,0.0,0.0,0
15m,1749717000.0,2.241,2.2437,2.2389,2.2426,198160.94,0.0,0.0,0
15m,1749717900.0,2.2426,2.2454,2.2393,2.2442,181485.62,0.0,0.0,0
15m,1749718800.0,2.2442,2.2468,2.2426,2.2444,181658.93,0.0,0.0,0
15m,1749719700.0,2.2444,2.2477,2.2438,2.247,163368.4,0.0,0.0,0
15m,1749720600.0,2.247,2.2497,2.2467,2.2476,140405.85,0.0,0.0,0
15m,1749721500.0,2.2476,2.2481,2.2446,2.2452,120999.42,0.0,0.0,0
15m,1749722400.0,2.2452,2.2452,2.2393,2.2399,317004.1,0.0,0.0,0
15m,1749723300.0,2.2399,2.2436,2.2352,2.239,271383.05,0.0,0.0,0
15m,1749724200.0,2.239,2.2417,2.2366,2.238,186322.11,0.0,0.0,0
15m,1749725100.0,2.238,2.2406,2.2338,2.239,252362.25,0.0,0.0,0
15m,1749726000.0,2.239,2.2399,2.2346,2.2371,201109.6,0.0,0.0,0
15m,1749726900.0,2.2371,2.2371,2.224,2.2254,591853.87,0.0,0.0,0
15m,1749727800.0,2.2254,2.2304,2.2239,2.2294,621898.77,0.0,0.0,0
15m,1749728700.0,2.2294,2.2308,2.2244,2.2255,418230.08,0.0,0.0,0
15m,1749729600.0,2.2255,2.2297,2.2216,2.2231,356424.8,0.0,0.0,0
15m,1749730500.0,2.2231,2.2296,2.2219,2.2279,436253.3,0.0,0.0,0
15m,1749731400.0,2.2279,2.2381,2.2268,2.2371,567618.47,0.0,0.0,0
15m,1749732300.0,2.2371,2.2371,2.2311,2.2339,208396.98,0.0,0.0,0
15m,1749733200.0,2.2339,2.2393,2.2328,2.2374,267488.84,0.0,0.0,0
15m,1749734100.0,2.2374,2.2423,2.232,2.2356,409192.12,0.0,0.0,0
15m,1749735000.0,2.2356,2.2448,2.2334,2.2435,375776.85,0.0,0.0,0
15m,1749735900.0,2.2435,2.2466,2.2408,2.2448,253936.96,0.0,0.0,0
15m,1749736800.0,2.2448,2.2518,2.2448,2.2513,261980.34,0.0,0.0,0
15m,1749737700.0,2.2513,2.2515,2.2456,2.2461,284093.2,0.0,0.0,0
15m,1749738600.0,2.2461,2.2518,2.2447,2.2494,224680.54,0.0,0.0,0
15m,1749739500.0,2.2494,2.2532,2.2474,2.2488,376027.38,0.0,0.0,0
15m,1749740400.0,2.2488,2.2524,2.2461,2.2461,192387.7,0.0,0.0,0
15m,1749741300.0,2.2461,2.2483,2.2353,2.238,298124.92,0.0,0.0,0
15m,1749742200.0,2.238,2.2427,2.2373,2.2416,206072.57,0.0,0.0,0
15m,1749743100.0,2.2416,2.242,2.2275,2.2282,663677.07,0.0,0.0,0
15m,1749744000.0,2.2282,2.2393,2.2277,2.2379,295637.82,0.0,0.0,0
15m,1749744900.0,2.2379,2.247,2.2375,2.2456,237208.2,0.0,0.0,0
15m,1749745800.0,2.2456,2.2465,2.2418,2.245,256668.5,0.0,0.0,0
15m,1749746700.0,2.245,2.2468,2.2398,2.243,111146.46,0.0,0.0,0
15m,1749747600.0,2.243,2.2493,2.2417,2.2475,140629.08,0.0,0.0,0
15m,1749748500.0,2.2475,2.2518,2.2467,2.2511,199891.05,0.0,0.0,0
15m,1749749400.0,2.2511,2.2549,2.2509,2.2539,203180.79,0.0,0.0,0
15m,1749750300.0,2.2539,2.2553,2.2512,2.2522,135881.43,0.0,0.0,0
15m,1749751200.0,2.2522,2.2529,2.2447,2.2449,101167.69,0.0,0.0,0
15m,1749752100.0,2.2449,2.246,2.2341,2.2364,208273.21,0.0,0.0,0
15m,1749753000.0,2.2364,2.2419,2.2334,2.2342,86149.61,0.0,0.0,0
15m,1749753900.0,2.2342,2.2395,2.2306,2.2383,166536.83,0.0,0.0,0
15m,1749754800.0,2.2383,2.2418,2.2343,2.2413,93438.88,0.0,0.0,0
15m,1749755700.0,2.2413,2.2427,2.2369,2.2389,170469.87,0.0,0.0,0
15m,1749756600.0,2.2389,2.2404,2.2282,2.2282,176892.22,0.0,0.0,0
15m,1749757500.0,2.2282,2.2282,2.2025,2.2035,1283035.67,0.0,0.0,0
15m,1749758400.0,2.2035,2.2128,2.1984,2.2045,605803.99,0.0,0.0,0
15m,1749759300.0,2.2045,2.2127,2.2035,2.2117,335534.86,0.0,0.0,0
15m,1749760200.0,2.2117,2.2126,2.1832,2.1873,1260307.51,0.0,0.0,0
15m,1749761100.0,2.1873,2.1879,2.1699,2.1831,2123902.89,0.0,0.0,0
15m,1749762000.0,2.1831,2.1944,2.1779,2.1921,1833465.43,0.0,0.0,0
15m,1749762900.0,2.1921,2.2029,2.1917,2.2019,483555.26,0.0,0.0,0
15m,1749763800.0,2.2019,2.2036,2.1942,2.2013,291354.99,0.0,0.0,0
15m,1749764700.0,2.2013,2.205,2.1882,2.1898,242400.35,0.0,0.0,0
15m,1749765600.0,2.1898,2.1993,2.1895,2.1966,316148.74,0.0,0.0,0
15m,1749766500.0,2.1966,2.1975,2.1867,2.1869,505545.44,0.0,0.0,0
15m,1749767400.0,2.1869,2.19,2.1809,2.1825,365073.84,0.0,0.0,0
15m,1749768300.0,2.1825,2.1885,2.1812,2.1875,315175.37,0.0,0.0,0
15m,1749769200.0,2.1875,2.1944,2.1861,2.1869,245453.7,0.0,0.0,0
15m,1749770100.0,2.1869,2.1957,2.1852,2.194,245883.58,0.0,0.0,0
15m,1749771000.0,2.194,2.1972,2.1907,2.1963,133973.01,0.0,0.0,0
15m,1749771900.0,2.1963,2.197,2.1895,2.19,217790.93,0.0,0.0,0
15m,1749772800.0,2.19,2.1917,2.1394,2.1509,3071750.46,0.0,0.0,0
15m,1749773700.0,2.1509,2.1601,2.1308,2.1337,3534587.43,0.0,0.0,0
15m,1749774600.0,2.1337,2.1408,2.0949,2.1283,4918014.84,0.0,0.0,0
15m,1749775500.0,2.1283,2.1367,2.1169,2.1247,2147746.73,0.0,0.0,0
15m,1749776400.0,2.1247,2.1249,2.0869,2.0918,2977069.37,0.0,0.0,0
15m,1749777300.0,2.0918,2.1153,2.0907,2.1062,2032452.17,0.0,0.0,0
15m,1749778200.0,2.1062,2.1106,2.083,2.1094,2826889.42,0.0,0.0,0
15m,1749779100.0,2.1094,2.1182,2.1092,2.1108,1173047.47,0.0,0.0,0
15m,1749780000.0,2.1108,2.1123,2.0969,2.0969,1057895.28,0.0,0.0,0
15m,1749780900.0,2.0969,2.1044,2.092,2.1018,960522.15,0.0,0.0,0
15m,1749781800.0,2.1018,2.1077,2.0826,2.0854,959599.89,0.0,0.0,0
15m,1749782700.0,2.0854,2.103,2.0835,2.1018,603404.69,0.0,0.0,0
15m,1749783600.0,2.1018,2.1163,2.1009,2.1143,719827.71,0.0,0.0,0
15m,1749784500.0,2.1143,2.1257,2.1136,2.1206,667390.21,0.0,0.0,0
15m,1749785400.0,2.1206,2.1273,2.1192,2.1222,607296.29,0.0,0.0,0
15m,1749786300.0,2.1222,2.1339,2.1201,2.1252,1356584.55,0.0,0.0,0
15m,1749787200.0,2.1252,2.1252,2.1124,2.1131,744631.08,0.0,0.0,0
15m,1749788100.0,2.1131,2.1163,2.1094,2.1147,861674.62,0.0,0.0,0
15m,1749789000.0,2.1147,2.1223,2.1134,2.1223,622993.66,0.0,0.0,0
15m,1749789900.0,2.1223,2.1253,2.1174,2.123,482647.84,0.0,0.0,0
15m,1749790800.0,2.123,2.1249,2.1174,2.1179,376324.44,0.0,0.0,0
15m,1749791700.0,2.1179,2.1261,2.1162,2.1193,525859.72,0.0,0.0,0
15m,1749792600.0,2.1193,2.1199,2.1145,2.1151,285115.0,0.0,0.0,0
15m,1749793500.0,2.1151,2.118,2.1123,2.1127,301002.37,0.0,0.0,0
15m,1749794400.0,2.1127,2.1163,2.106,2.1076,912708.62,0.0,0.0,0
15m,1749795300.0,2.1076,2.1079,2.0923,2.0931,1051146.54,0.0,0.0,0
15m,1749796200.0,2.0931,2.1007,2.0926,2.099,619598.11,0.0,0.0,0
15m,1749797100.0,2.099,2.1188,2.0926,2.1188,1036774.74,0.0,0.0,0
15m,1749798000.0,2.1188,2.1188,2.1091,2.1118,713338.52,0.0,0.0,0
15m,1749798900.0,2.1118,2.1233,2.111,2.1232,774896.6,0.0,0.0,0
15m,1749799800.0,2.1232,2.1287,2.1214,2.126,594628.53,0.0,0.0,0
15m,1749800700.0,2.126,2.1316,2.1223,2.1292,606161.71,0.0,0.0,0
15m,1749801600.0,2.1292,2.1541,2.1272,2.1531,976982.9,0.0,0.0,0
15m,1749802500.0,2.1531,2.1533,2.143,2.148,1184024.5,0.0,0.0,0
15m,1749803400.0,2.148,2.1564,2.1377,2.1396,933249.4,0.0,0.0,0
15m,1749804300.0,2.1396,2.1406,2.1327,2.1359,793463.78,0.0,0.0,0
15m,1749805200.0,2.1359,2.1408,2.1302,2.1353,689304.72,0.0,0.0,0
15m,1749806100.0,2.1353,2.1364,2.1281,2.1336,677968.46,0.0,0.0,0
15m,1749807000.0,2.1336,2.1351,2.1272,2.1301,458660.9,0.0,0.0,0
15m,1749807900.0,2.1301,2.1358,2.1248,2.1326,476815.21,0.0,0.0,0
15m,1749808800.0,2.1326,2.1355,2.1236,2.1323,340101.59,0.0,0.0,0
15m,1749809700.0,2.1323,2.1337,2.1265,2.1293,371214.21,0.0,0.0,0
15m,1749810600.0,2.1293,2.1381,2.1239,2.1366,358832.01,0.0,0.0,0
15m,1749811500.0,2.1366,2.1477,2.1344,2.1462,504833.99,0.0,0.0,0
15m,1749812400.0,2.1462,2.1508,2.1423,2.1438,526203.14,0.0,0.0,0
15m,1749813300.0,2.1438,2.1469,2.1377,2.1395,479406.22,0.0,0.0,0
15m,1749814200.0,2.1395,2.1501,2.1382,2.1493,287726.41,0.0,0.0,0
15m,1749815100.0,2.1493,2.1562,2.1491,2.1542,506981.04,0.0,0.0,0
15m,1749816000.0,2.1542,2.1585,2.1511,2.1561,471389.36,0.0,0.0,0
15m,1749816900.0,2.1561,2.1603,2.1506,2.1588,325575.02,0.0,0.0,0
15m,1749817800.0,2.1588,2.1622,2.152,2.1528,442583.14,0.0,0.0,0
15m,1749818700.0,2.1528,2.1558,2.1482,2.1506,367580.79,0.0,0.0,0
15m,1749819600.0,2.1506,2.1511,2.1427,2.1453,376891.46,0.0,0.0,0
15m,1749820500.0,2.1453,2.1482,2.1411,2.1429,298035.75,0.0,0.0,0
15m,1749821400.0,2.1429,2.158,2.1409,2.1532,558016.64,0.0,0.0,0
15m,1749822300.0,2.1532,2.1537,2.1379,2.1397,518085.49,0.0,0.0,0
15m,1749823200.0,2.1397,2.1521,2.1323,2.1348,1010200.05,0.0,0.0,0
15m,1749824100.0,2.1348,2.1348,2.1236,2.1238,665644.85,0.0,0.0,0
15m,1749825000.0,2.1238,2.1363,2.1221,2.1333,415065.93,0.0,0.0,0
15m,1749825900.0,2.1333,2.1414,2.1286,2.1398,383568.26,0.0,0.0,0
15m,1749826800.0,2.1398,2.1489,2.1368,2.1479,557512.26,0.0,0.0,0
15m,1749827700.0,2.1479,2.1533,2.1431,2.1488,458852.82,0.0,0.0,0
15m,1749828600.0,2.1488,2.1523,2.146,2.1515,478922.13,0.0,0.0,0
15m,1749829500.0,2.1515,2.1533,2.1441,2.1472,322759.89,0.0,0.0,0
15m,1749830400.0,2.1472,2.1592,2.1419,2.1581,382788.48,0.0,0.0,0
15m,1749831300.0,2.1581,2.1597,2.15,2.1516,524355.05,0.0,0.0,0
15m,1749832200.0,2.1516,2.1534,2.1419,2.1456,416052.61,0.0,0.0,0
15m,1749833100.0,2.1456,2.1538,2.1364,2.1531,455541.93,0.0,0.0,0
15m,1749834000.0,2.1531,2.1531,2.1436,2.1448,243441.18,0.0,0.0,0
15m,1749834900.0,2.1448,2.1465,2.1382,2.1383,316277.14,0.0,0.0,0
15m,1749835800.0,2.1383,2.1447,2.1366,2.1385,300063.3,0.0,0.0,0
15m,1749836700.0,2.1385,2.1481,2.1324,2.1475,367935.89,0.0,0.0,0
15m,1749837600.0,2.1475,2.1495,2.1351,2.1352,419142.88,0.0,0.0,0
15m,1749838500.0,2.1352,2.1363,2.1266,2.1284,441144.05,0.0,0.0,0
15m,1749839400.0,2.1284,2.1289,2.1165,2.1195,563844.52,0.0,0.0,0
15m,1749840300.0,2.1195,2.1363,2.119,2.1332,513996.65,0.0,0.0,0
15m,1749841200.0,2.1332,2.1357,2.1256,2.1341,296883.34,0.0,0.0,0
15m,1749842100.0,2.1341,2.1388,2.1254,2.1321,396743.53,0.0,0.0,0
15m,1749843000.0,2.1321,2.137,2.1269,2.1269,260999.91,0.0,0.0,0
15m,1749843900.0,2.1269,2.1304,2.1212,2.1219,567114.44,0.0,0.0,0
15m,1749844800.0,2.1219,2.1322,2.1208,2.1319,587450.53,0.0,0.0,0
15m,1749845700.0,2.1319,2.1359,2.1264,2.1344,296415.75,0.0,0.0,0
15m,1749846600.0,2.1344,2.1476,2.1318,2.1473,419150.35,0.0,0.0,0
15m,1749847500.0,2.1473,2.1473,2.134,2.1413,315784.38,0.0,0.0,0
15m,1749848400.0,2.1413,2.1432,2.1348,2.1348,233304.97,0.0,0.0,0
15m,1749849300.0,2.1348,2.1418,2.1328,2.1405,169948.28,0.0,0.0,0
15m,1749850200.0,2.1405,2.1454,2.1386,2.1421,269597.43,0.0,0.0,0
15m,1749851100.0,2.1421,2.147,2.1372,2.1386,284945.94,0.0,0.0,0
15m,1749852000.0,2.1386,2.1468,2.1378,2.1402,484504.6,0.0,0.0,0
15m,1749852900.0,2.1402,2.1424,2.1357,2.1374,220163.56,0.0,0.0,0
15m,1749853800.0,2.1374,2.1397,2.1351,2.1362,178369.91,0.0,0.0,0
15m,1749854700.0,2.1362,2.1426,2.135,2.1409,169664.25,0.0,0.0,0
15m,1749855600.0,2.1409,2.1481,2.1405,2.1433,249006.55,0.0,0.0,0
15m,1749856500.0,2.1433,2.149,2.1433,2.1476,121265.04,0.0,0.0,0
15m,1749857400.0,2.1476,2.1497,2.1453,2.1494,185631.29,0.0,0.0,0
15m,1749858300.0,2.1494,2.1514,2.1458,2.1471,215102.4,0.0,0.0,0
15m,1749859200.0,2.1471,2.1474,2.1424,2.144,300450.9,0.0,0.0,0
15m,1749860100.0,2.144,2.1476,2.1378,2.1408,527599.91,0.0,0.0,0
15m,1749861000.0,2.1408,2.1454,2.1406,2.1437,349016.81,0.0,0.0,0
15m,1749861900.0,2.1437,2.1497,2.139,2.1401,349401.12,0.0,0.0,0
15m,1749862800.0,2.1401,2.1401,2.1327,2.1345,227348.87,0.0,0.0,0
15m,1749863700.0,2.1345,2.1385,2.1331,2.1376,137719.89,0.0,0.0,0
15m,1749864600.0,2.1376,2.1408,2.1365,2.1383,122414.93,0.0,0.0,0
15m,1749865500.0,2.1383,2.1409,2.1348,2.1398,151917.18,0.0,0.0,0
15m,1749866400.0,2.1398,2.1436,2.1383,2.143,111894.56,0.0,0.0,0
15m,1749867300.0,2.143,2.1457,2.1413,2.1424,158948.66,0.0,0.0,0
15m,1749868200.0,2.1424,2.1433,2.1384,2.1389,118645.75,0.0,0.0,0
15m,1749869100.0,2.1389,2.1426,2.1389,2.1418,79388.64,0.0,0.0,0
15m,1749870000.0,2.1418,2.1469,2.14,2.1463,228452.23,0.0,0.0,0
15m,1749870900.0,2.1463,2.158,2.1447,2.1566,314459.86,0.0,0.0,0
15m,1749871800.0,2.1566,2.1589,2.1541,2.1572,316919.92,0.0,0.0,0
15m,1749872700.0,2.1572,2.1605,2.1542,2.1591,247234.53,0.0,0.0,0
15m,1749873600.0,2.1591,2.1673,2.1586,2.166,283620.77,0.0,0.0,0
15m,1749874500.0,2.166,2.1695,2.163,2.166,461996.0,0.0,0.0,0
15m,1749875400.0,2.166,2.166,2.1595,2.1649,505375.91,0.0,0.0,0
15m,1749876300.0,2.1649,2.1652,2.1603,2.1636,232563.54,0.0,0.0,0
15m,1749877200.0,2.1636,2.169,2.161,2.161,400324.61,0.0,0.0,0
15m,1749878100.0,2.161,2.1612,2.1558,2.1568,260394.93,0.0,0.0,0
15m,1749879000.0,2.1568,2.1582,2.1549,2.1562,212349.8,0.0,0.0,0
15m,1749879900.0,2.1562,2.1603,2.1551,2.1578,124896.01,0.0,0.0,0
15m,1749880800.0,2.1578,2.1603,2.1553,2.156,479021.88,0.0,0.0,0
15m,1749881700.0,2.156,2.1571,2.1509,2.1528,409921.41,0.0,0.0,0
15m,1749882600.0,2.1528,2.1596,2.1502,2.1595,333232.13,0.0,0.0,0
15m,1749883500.0,2.1595,2.1621,2.1548,2.1555,428580.33,0.0,0.0,0
15m,1749884400.0,2.1555,2.1582,2.1512,2.153,372152.46,0.0,0.0,0
15m,1749885300.0,2.153,2.1551,2.1489,2.1543,154382.03,0.0,0.0,0
15m,1749886200.0,2.1543,2.1671,2.1536,2.1664,417911.15,0.0,0.0,0
15m,1749887100.0,2.1664,2.1677,2.1632,2.1649,257859.46,0.0,0.0,0
15m,1749888000.0,2.1649,2.169,2.1606,2.1609,368693.62,0.0,0.0,0
15m,1749888900.0,2.1609,2.1754,2.158,2.17,626042.08,0.0,0.0,0
15m,1749889800.0,2.17,2.1787,2.1674,2.1774,844782.13,0.0,0.0,0
15m,1749890700.0,2.1774,2.1783,2.1711,2.1732,206987.1,0.0,0.0,0
15m,1749891600.0,2.1732,2.1742,2.1675,2.1698,271241.77,0.0,0.0,0
15m,1749892500.0,2.1698,2.173,2.1664,2.1667,136168.84,0.0,0.0,0
15m,1749893400.0,2.1667,2.1685,2.1639,2.1658,121608.98,0.0,0.0,0
15m,1749894300.0,2.1658,2.1666,2.1622,2.1657,138956.12,0.0,0.0,0
15m,1749895200.0,2.1657,2.1695,2.1641,2.1661,233180.87,0.0,0.0,0
15m,1749896100.0,2.1661,2.168,2.1607,2.1676,116937.34,0.0,0.0,0
15m,1749897000.0,2.1676,2.1722,2.1674,2.1701,134421.75,0.0,0.0,0
15m,1749897900.0,2.1701,2.1711,2.1676,2.1697,97550.29,0.0,0.0,0
15m,1749898800.0,2.1697,2.1717,2.1672,2.1688,206868.91,0.0,0.0,0
15m,1749899700.0,2.1688,2.1745,2.1686,2.1744,134568.81,0.0,0.0,0
15m,1749900600.0,2.1744,2.1758,2.1726,2.1744,173575.48,0.0,0.0,0
15m,1749901500.0,2.1744,2.1778,2.1726,2.1765,194326.25,0.0,0.0,0
15m,1749902400.0,2.1765,2.1778,2.1689,2.1707,198042.35,0.0,0.0,0
15m,1749903300.0,2.1707,2.1732,2.1661,2.1687,175496.34,0.0,0.0,0
15m,1749904200.0,2.1687,2.1712,2.1648,2.1659,162033.31,0.0,0.0,0
15m,1749905100.0,2.1659,2.1731,2.1659,2.1721,106686.83,0.0,0.0,0
15m,1749906000.0,2.1721,2.1762,2.1672,2.1672,174886.23,0.0,0.0,0
15m,1749906900.0,2.1672,2.1675,2.1639,2.1643,174223.86,0.0,0.0,0
15m,1749907800.0,2.1643,2.1669,2.1627,2.1637,141398.34,0.0,0.0,0
15m,1749908700.0,2.1637,2.1655,2.1601,2.1651,183155.77,0.0,0.0,0
15m,1749909600.0,2.1651,2.1679,2.1623,2.1675,198115.32,0.0,0.0,0
15m,1749910500.0,2.1675,2.1691,2.1642,2.1646,197970.17,0.0,0.0,0
15m,1749911400.0,2.1646,2.1677,2.1629,2.164,178414.19,0.0,0.0,0
15m,1749912300.0,2.164,2.1662,2.161,2.1645,94343.96,0.0,0.0,0
15m,1749913200.0,2.1645,2.1676,2.1636,2.1652,100886.08,0.0,0.0,0
15m,1749914100.0,2.1652,2.1682,2.1566,2.158,201002.99,0.0,0.0,0
15m,1749915000.0,2.158,2.158,2.1519,2.1558,684940.32,0.0,0.0,0
15m,1749915900.0,2.1558,2.156,2.145,2.1494,665341.01,0.0,0.0,0
15m,1749916800.0,2.1494,2.1518,2.1418,2.1431,682625.91,0.0,0.0,0
15m,1749917700.0,2.1431,2.1447,2.1366,2.1375,359464.75,0.0,0.0,0
15m,1749918600.0,2.1375,2.1382,2.1282,2.1287,595925.33,0.0,0.0,0
15m,1749919500.0,2.1287,2.1288,2.117,2.1247,915440.36,0.0,0.0,0
15m,1749920400.0,2.1247,2.1347,2.1224,2.1331,460626.73,0.0,0.0,0
15m,1749921300.0,2.1331,2.1397,2.1324,2.1395,344741.72,0.0,0.0,0
15m,1749922200.0,2.1395,2.1401,2.1245,2.1277,380037.03,0.0,0.0,0
15m,1749923100.0,2.1277,2.1326,2.127,2.1302,229842.41,0.0,0.0,0
15m,1749924000.0,2.1302,2.1402,2.1294,2.1393,313212.25,0.0,0.0,0
15m,1749924900.0,2.1393,2.1393,2.1246,2.1248,263051.97,0.0,0.0,0
15m,1749925800.0,2.1248,2.1255,2.1151,2.1194,637442.49,0.0,0.0,0
15m,1749926700.0,2.1194,2.1282,2.1149,2.1273,561924.79,0.0,0.0,0
15m,1749927600.0,2.1273,2.1316,2.1226,2.1316,499669.51,0.0,0.0,0
15m,1749928500.0,2.1316,2.135,2.1292,2.1316,219570.27,0.0,0.0,0
15m,1749929400.0,2.1316,2.137,2.1311,2.135,195055.26,0.0,0.0,0
15m,1749930300.0,2.135,2.135,2.1242,2.1245,225576.06,0.0,0.0,0
15m,1749931200.0,2.1245,2.125,2.1093,2.1104,615994.65,0.0,0.0,0
15m,1749932100.0,2.1104,2.1244,2.1101,2.1225,442048.59,0.0,0.0,0
15m,1749933000.0,2.1225,2.1291,2.119,2.1278,332263.69,0.0,0.0,0
15m,1749933900.0,2.1278,2.1308,2.1242,2.1271,217897.67,0.0,0.0,0
15m,1749934800.0,2.1271,2.1307,2.1249,2.1296,323574.58,0.0,0.0,0
15m,1749935700.0,2.1296,2.139,2.1292,2.1374,182635.45,0.0,0.0,0
15m,1749936600.0,2.1374,2.1382,2.1323,2.1374,106939.35,0.0,0.0,0
15m,1749937500.0,2.1374,2.1434,2.1325,2.1385,244613.3,0.0,0.0,0
15m,1749938400.0,2.1385,2.1437,2.1384,2.1422,201659.81,0.0,0.0,0
15m,1749939300.0,2.1422,2.143,2.1389,2.1412,180293.94,0.0,0.0,0
15m,1749940200.0,2.1412,2.1412,2.135,2.135,138463.87,0.0,0.0,0
15m,1749941100.0,2.135,2.1399,2.135,2.1386,86555.3,0.0,0.0,0
15m,1749942000.0,2.1386,2.1439,2.1377,2.1422,145735.07,0.0,0.0,0
15m,1749942900.0,2.1422,2.1445,2.1404,2.1426,127377.39,0.0,0.0,0
15m,1749943800.0,2.1426,2.1464,2.1415,2.1464,237269.06,0.0,0.0,0
15m,1749944700.0,2.1464,2.1464,2.1387,2.1394,189965.12,0.0,0.0,0
15m,1749945600.0,2.1394,2.1434,2.1375,2.1423,250039.69,0.0,0.0,0
15m,1749946500.0,2.1423,2.1453,2.1415,2.1437,248592.72,0.0,0.0,0
15m,1749947400.0,2.1437,2.1476,2.1414,2.1452,152204.41,0.0,0.0,0
15m,1749948300.0,2.1452,2.1491,2.1452,2.1478,144810.49,0.0,0.0,0
15m,1749949200.0,2.1478,2.1492,2.1442,2.1461,255930.92,0.0,0.0,0
15m,1749950100.0,2.1461,2.1463,2.1424,2.1436,136283.17,0.0,0.0,0
15m,1749951000.0,2.1436,2.1445,2.1414,2.1433,138751.91,0.0,0.0,0
15m,1749951900.0,2.1433,2.1467,2.1423,2.1431,247167.97,0.0,0.0,0
15m,1749952800.0,2.1431,2.1489,2.1431,2.1484,301632.98,0.0,0.0,0
15m,1749953700.0,2.1484,2.1498,2.1465,2.1487,93646.94,0.0,0.0,0
15m,1749954600.0,2.1487,2.1496,2.1461,2.1472,74421.73,0.0,0.0,0
15m,1749955500.0,2.1472,2.1479,2.1449,2.1461,171662.45,0.0,0.0,0
15m,1749956400.0,2.1461,2.1504,2.1453,2.1492,140342.18,0.0,0.0,0
15m,1749957300.0,2.1492,2.1519,2.1484,2.1512,85299.53,0.0,0.0,0
15m,1749958200.0,2.1512,2.1536,2.15,2.1521,267823.91,0.0,0.0,0
15m,1749959100.0,2.1521,2.1531,2.1503,2.153,84250.94,0.0,0.0,0
15m,1749960000.0,2.153,2.1556,2.1515,2.1551,80790.98,0.0,0.0,0
15m,1749960900.0,2.1551,2.1567,2.1532,2.156,137482.63,0.0,0.0,0
15m,1749961800.0,2.156,2.1603,2.156,2.1601,176234.47,0.0,0.0,0
15m,1749962700.0,2.1601,2.1613,2.1562,2.1589,227089.67,0.0,0.0,0
15m,1749963600.0,2.1589,2.1589,2.1524,2.153,274643.96,0.0,0.0,0
15m,1749964500.0,2.153,2.1545,2.1519,2.1543,125155.15,0.0,0.0,0
15m,1749965400.0,2.1543,2.1572,2.154,2.157,175644.5,0.0,0.0,0
15m,1749966300.0,2.157,2.1613,2.1569,2.1602,423325.38,0.0,0.0,0
15m,1749967200.0,2.1602,2.1622,2.1552,2.1557,501582.07,0.0,0.0,0
15m,1749968100.0,2.1557,2.1577,2.1522,2.1532,348931.99,0.0,0.0,0
15m,1749969000.0,2.1532,2.1544,2.151,2.1537,191505.1,0.0,0.0,0
15m,1749969900.0,2.1537,2.1556,2.1512,2.1528,136404.01,0.0,0.0,0
15m,1749970800.0,2.1528,2.1543,2.1485,2.1541,200566.13,0.0,0.0,0
15m,1749971700.0,2.1541,2.1546,2.1498,2.1503,104812.63,0.0,0.0,0
15m,1749972600.0,2.1503,2.151,2.148,2.1502,173544.93,0.0,0.0,0
15m,1749973500.0,2.1502,2.1521,2.1498,2.1511,96446.12,0.0,0.0,0
15m,1749974400.0,2.1511,2.1514,2.1477,2.1488,141763.98,0.0,0.0,0
15m,1749975300.0,2.1488,2.1499,2.1462,2.1484,273979.59,0.0,0.0,0
15m,1749976200.0,2.1484,2.1511,2.1482,2.1503,111387.78,0.0,0.0,0
15m,1749977100.0,2.1503,2.1552,2.1481,2.1545,170378.87,0.0,0.0,0
15m,1749978000.0,2.1545,2.1573,2.1521,2.1528,196042.53,0.0,0.0,0
15m,1749978900.0,2.1528,2.1639,2.151,2.1592,447853.78,0.0,0.0,0
15m,1749979800.0,2.1592,2.1622,2.1552,2.1588,249507.74,0.0,0.0,0
15m,1749980700.0,2.1588,2.1596,2.1543,2.1558,316455.9,0.0,0.0,0
15m,1749981600.0,2.1558,2.1645,2.1558,2.1617,542500.18,0.0,0.0,0
15m,1749982500.0,2.1617,2.163,2.1592,2.1607,326072.13,0.0,0.0,0
15m,1749983400.0,2.1607,2.1625,2.157,2.1623,113278.07,0.0,0.0,0
15m,1749984300.0,2.1623,2.1642,2.1605,2.1629,232931.16,0.0,0.0,0
15m,1749985200.0,2.1629,2.1663,2.1624,2.1645,134418.1,0.0,0.0,0
15m,1749986100.0,2.1645,2.1677,2.1615,2.1616,201080.36,0.0,0.0,0
15m,1749987000.0,2.1616,2.1619,2.1587,2.1599,224186.86,0.0,0.0,0
15m,1749987900.0,2.1599,2.1631,2.157,2.1591,518650.84,0.0,0.0,0
15m,1749988800.0,2.1591,2.1633,2.1579,2.1615,189111.76,0.0,0.0,0
15m,1749989700.0,2.1615,2.1632,2.1574,2.1584,155872.63,0.0,0.0,0
15m,1749990600.0,2.1584,2.1627,2.1584,2.1618,135290.34,0.0,0.0,0
15m,1749991500.0,2.1618,2.1669,2.1615,2.1642,235294.37,0.0,0.0,0
15m,1749992400.0,2.1642,2.1688,2.1639,2.1666,231803.65,0.0,0.0,0
15m,1749993300.0,2.1666,2.169,2.1649,2.168,161784.03,0.0,0.0,0
15m,1749994200.0,2.168,2.1715,2.1656,2.1714,248955.45,0.0,0.0,0
15m,1749995100.0,2.1714,2.1739,2.1697,2.1712,608960.59,0.0,0.0,0
15m,1749996000.0,2.1712,2.173,2.1675,2.1686,307806.43,0.0,0.0,0
15m,1749996900.0,2.1686,2.1702,2.164,2.1677,239770.94,0.0,0.0,0
15m,1749997800.0,2.1677,2.1714,2.1655,2.1708,174809.83,0.0,0.0,0
15m,1749998700.0,2.1708,2.176,2.1701,2.1731,410662.59,0.0,0.0,0
15m,1749999600.0,2.1731,2.1745,2.1671,2.1725,351706.74,0.0,0.0,0
15m,1750000500.0,2.1725,2.1737,2.1682,2.169,242456.28,0.0,0.0,0
15m,1750001400.0,2.169,2.1698,2.1644,2.1644,429261.88,0.0,0.0,0
15m,1750002300.0,2.1644,2.1673,2.1625,2.1645,234713.12,0.0,0.0,0
15m,1750003200.0,2.1645,2.1662,2.1599,2.1613,237668.41,0.0,0.0,0
15m,1750004100.0,2.1613,2.1616,2.1584,2.1614,172856.09,0.0,0.0,0
15m,1750005000.0,2.1614,2.1652,2.1591,2.1646,177280.77,0.0,0.0,0
15m,1750005900.0,2.1646,2.168,2.1626,2.1669,169129.84,0.0,0.0,0
15m,1750006800.0,2.1669,2.1672,2.1634,2.1634,102383.46,0.0,0.0,0
15m,1750007700.0,2.1634,2.1674,2.1621,2.1665,103614.02,0.0,0.0,0
15m,1750008600.0,2.1665,2.1706,2.1644,2.1703,150344.96,0.0,0.0,0
15m,1750009500.0,2.1703,2.1721,2.1679,2.1696,150124.69,0.0,0.0,0
15m,1750010400.0,2.1696,2.1696,2.1639,2.1656,132536.18,0.0,0.0,0
15m,1750011300.0,2.1656,2.1676,2.1626,2.1664,211032.28,0.0,0.0,0
15m,1750012200.0,2.1664,2.1667,2.1638,2.1657,156110.18,0.0,0.0,0
15m,1750013100.0,2.1657,2.1681,2.1642,2.1669,118413.79,0.0,0.0,0
15m,1750014000.0,2.1669,2.1696,2.1653,2.1693,149302.3,0.0,0.0,0
15m,1750014900.0,2.1693,2.1712,2.1675,2.1675,137396.58,0.0,0.0,0
15m,1750015800.0,2.1675,2.1681,2.1602,2.1614,235507.78,0.0,0.0,0
15m,1750016700.0,2.1614,2.1646,2.16,2.1643,111573.92,0.0,0.0,0
15m,1750017600.0,2.1643,2.1643,2.1553,2.1563,299554.76,0.0,0.0,0
15m,1750018500.0,2.1563,2.1565,2.1482,2.1501,513488.97,0.0,0.0,0
15m,1750019400.0,2.1501,2.1535,2.1409,2.1436,831867.09,0.0,0.0,0
15m,1750020300.0,2.1436,2.1493,2.1421,2.1475,277942.52,0.0,0.0,0
15m,1750021200.0,2.1475,2.1488,2.1409,2.1428,321609.31,0.0,0.0,0
15m,1750022100.0,2.1428,2.1528,2.1428,2.1528,174616.4,0.0,0.0,0
15m,1750023000.0,2.1528,2.1529,2.1445,2.1523,348798.69,0.0,0.0,0
15m,1750023900.0,2.1523,2.1597,2.1523,2.1585,210263.55,0.0,0.0,0
15m,1750024800.0,2.1585,2.1677,2.1576,2.1648,453805.64,0.0,0.0,0
15m,1750025700.0,2.1648,2.1679,2.1615,2.1631,244899.49,0.0,0.0,0
15m,1750026600.0,2.1631,2.1663,2.1598,2.164,218326.69,0.0,0.0,0
15m,1750027500.0,2.164,2.1673,2.1632,2.1656,150589.98,0.0,0.0,0
15m,1750028400.0,2.1656,2.1704,2.1653,2.1669,279405.15,0.0,0.0,0
15m,1750029300.0,2.1669,2.1708,2.1653,2.1665,138477.88,0.0,0.0,0
15m,1750030200.0,2.1665,2.1685,2.1656,2.1681,119129.7,0.0,0.0,0
15m,1750031100.0,2.1681,2.1681,2.1648,2.1658,118113.1,0.0,0.0,0
15m,1750032000.0,2.1658,2.1658,2.1602,2.1623,193296.6,0.0,0.0,0
15m,1750032900.0,2.1623,2.1674,2.1585,2.1625,131664.29,0.0,0.0,0
15m,1750033800.0,2.1625,2.1658,2.1597,2.1658,372279.05,0.0,0.0,0
15m,1750034700.0,2.1658,2.1684,2.1633,2.1668,172709.95,0.0,0.0,0
15m,1750035600.0,2.1668,2.1675,2.1539,2.1545,312723.46,0.0,0.0,0
15m,1750036500.0,2.1545,2.1578,2.1514,2.1559,243924.24,0.0,0.0,0
15m,1750037400.0,2.1559,2.1653,2.1522,2.1642,424000.88,0.0,0.0,0
15m,1750038300.0,2.1642,2.1758,2.1642,2.1736,386823.2,0.0,0.0,0
15m,1750039200.0,2.1736,2.1873,2.1735,2.1835,1006295.17,0.0,0.0,0
15m,1750040100.0,2.1835,2.1844,2.1754,2.1772,278232.21,0.0,0.0,0
15m,1750041000.0,2.1772,2.1793,2.1739,2.176,161109.49,0.0,0.0,0
15m,1750041900.0,2.176,2.1762,2.1733,2.1733,137202.62,0.0,0.0,0
15m,1750042800.0,2.1733,2.1756,2.1705,2.1748,138859.3,0.0,0.0,0
15m,1750043700.0,2.1748,2.1796,2.1726,2.1788,184465.06,0.0,0.0,0
15m,1750044600.0,2.1788,2.1802,2.1766,2.1772,132780.9,0.0,0.0,0
15m,1750045500.0,2.1772,2.1772,2.1721,2.1725,117243.18,0.0,0.0,0
15m,1750046400.0,2.1725,2.1777,2.1716,2.1772,141829.24,0.0,0.0,0
15m,1750047300.0,2.1772,2.1871,2.1767,2.1799,444520.42,0.0,0.0,0
15m,1750048200.0,2.1799,2.1807,2.1776,2.1788,219424.9,0.0,0.0,0
15m,1750049100.0,2.1788,2.1791,2.1756,2.1785,183659.54,0.0,0.0,0
15m,1750050000.0,2.1785,2.1787,2.1734,2.1751,267363.9,0.0,0.0,0
15m,1750050900.0,2.1751,2.1861,2.1751,2.1855,406065.72,0.0,0.0,0
15m,1750051800.0,2.1855,2.1905,2.1822,2.1827,544639.87,0.0,0.0,0
15m,1750052700.0,2.1827,2.1853,2.1808,2.1816,378387.54,0.0,0.0,0
15m,1750053600.0,2.1816,2.1832,2.1768,2.1787,451743.87,0.0,0.0,0
15m,1750054500.0,2.1787,2.1873,2.1785,2.1829,337253.07,0.0,0.0,0
15m,1750055400.0,2.1829,2.1864,2.1817,2.1846,300256.98,0.0,0.0,0
15m,1750056300.0,2.1846,2.1854,2.1795,2.1812,390110.35,0.0,0.0,0
15m,1750057200.0,2.1812,2.1873,2.1812,2.1864,377979.26,0.0,0.0,0
15m,1750058100.0,2.1864,2.1925,2.1864,2.191,556495.43,0.0,0.0,0
15m,1750059000.0,2.191,2.1954,2.1899,2.1948,681316.17,0.0,0.0,0
15m,1750059900.0,2.1948,2.204,2.1939,2.2031,795433.65,0.0,0.0,0
15m,1750060800.0,2.2031,2.2067,2.1971,2.199,441493.71,0.0,0.0,0
15m,1750061700.0,2.199,2.1996,2.1938,2.1954,185431.45,0.0,0.0,0
15m,1750062600.0,2.1954,2.2013,2.1949,2.2007,168264.37,0.0,0.0,0
15m,1750063500.0,2.2007,2.2059,2.2007,2.2015,254876.81,0.0,0.0,0
15m,1750064400.0,2.2015,2.2016,2.1974,2.1982,225164.38,0.0,0.0,0
15m,1750065300.0,2.1982,2.2001,2.1967,2.1985,286344.44,0.0,0.0,0
15m,1750066200.0,2.1985,2.1994,2.1957,2.1989,186262.27,0.0,0.0,0
15m,1750067100.0,2.1989,2.203,2.1985,2.1993,169617.41,0.0,0.0,0
15m,1750068000.0,2.1993,2.2081,2.1974,2.2073,348193.52,0.0,0.0,0
15m,1750068900.0,2.2073,2.2084,2.2049,2.2064,210570.54,0.0,0.0,0
15m,1750069800.0,2.2064,2.2102,2.204,2.2053,319037.79,0.0,0.0,0
15m,1750070700.0,2.2053,2.2096,2.2014,2.2096,248108.46,0.0,0.0,0
15m,1750071600.0,2.2096,2.2158,2.2067,2.2155,472483.75,0.0,0.0,0
15m,1750072500.0,2.2155,2.2169,2.2066,2.2092,488628.92,0.0,0.0,0
15m,1750073400.0,2.2092,2.2296,2.2076,2.2296,731933.61,0.0,0.0,0
15m,1750074300.0,2.2296,2.2493,2.2296,2.2454,2063394.26,0.0,0.0,0
15m,1750075200.0,2.2454,2.2733,2.2454,2.269,2759908.65,0.0,0.0,0
15m,1750076100.0,2.269,2.2714,2.2534,2.2573,1271481.72,0.0,0.0,0
15m,1750077000.0,2.2573,2.2661,2.2479,2.2479,1311553.66,0.0,0.0,0
15m,1750077900.0,2.2479,2.253,2.2445,2.2482,576898.74,0.0,0.0,0
15m,1750078800.0,2.2482,2.2651,2.2479,2.2628,932078.02,0.0,0.0,0
15m,1750079700.0,2.2628,2.2642,2.2516,2.2533,633731.92,0.0,0.0,0
15m,1750080600.0,2.2533,2.2599,2.2503,2.2552,626355.65,0.0,0.0,0
15m,1750081500.0,2.2552,2.2617,2.2501,2.2592,437083.54,0.0,0.0,0
15m,1750082400.0,2.2592,2.2629,2.2465,2.2518,628206.17,0.0,0.0,0
15m,1750083300.0,2.2518,2.2616,2.248,2.259,641902.3,0.0,0.0,0
15m,1750084200.0,2.259,2.2875,2.259,2.2837,1697199.4,0.0,0.0,0
15m,1750085100.0,2.2837,2.2925,2.2769,2.2806,1845916.21,0.0,0.0,0
15m,1750086000.0,2.2806,2.2894,2.2769,2.2865,1284962.0,0.0,0.0,0
15m,1750086900.0,2.2865,2.2881,2.2778,2.2804,1023078.43,0.0,0.0,0
15m,1750087800.0,2.2804,2.2977,2.2795,2.297,836682.72,0.0,0.0,0
15m,1750088700.0,2.297,2.298,2.2841,2.2899,1124457.63,0.0,0.0,0
15m,1750089600.0,2.2899,2.3276,2.2899,2.3256,3411796.61,0.0,0.0,0
15m,1750090500.0,2.3256,2.3273,2.3035,2.3035,1631923.4,0.0,0.0,0
15m,1750091400.0,2.3035,2.3112,2.2999,2.3031,839757.37,0.0,0.0,0
15m,1750092300.0,2.3031,2.3159,2.3019,2.3104,829032.12,0.0,0.0,0
15m,1750093200.0,2.3104,2.3207,2.3099,2.3187,1154475.34,0.0,0.0,0
15m,1750094100.0,2.3187,2.3221,2.3109,2.3143,775651.36,0.0,0.0,0
15m,1750095000.0,2.3143,2.3215,2.3102,2.3173,662817.62,0.0,0.0,0
15m,1750095900.0,2.3173,2.3195,2.308,2.308,642203.48,0.0,0.0,0
15m,1750096800.0,2.308,2.3178,2.3062,2.313,848390.64,0.0,0.0,0
15m,1750097700.0,2.313,2.318,2.3092,2.3102,700066.0,0.0,0.0,0
15m,1750098600.0,2.3102,2.3232,2.3089,2.3229,587426.81,0.0,0.0,0
15m,1750099500.0,2.3229,2.33,2.3193,2.3244,923762.57,0.0,0.0,0
15m,1750100400.0,2.3244,2.3279,2.3158,2.321,942206.95,0.0,0.0,0
15m,1750101300.0,2.321,2.3317,2.319,2.3276,1073410.86,0.0,0.0,0
15m,1750102200.0,2.3276,2.3364,2.3273,2.3333,1029438.02,0.0,0.0,0
15m,1750103100.0,2.3333,2.3362,2.3266,2.3359,1131482.34,0.0,0.0,0
15m,1750104000.0,2.3359,2.3371,2.3211,2.3302,1417525.48,0.0,0.0,0
15m,1750104900.0,2.3302,2.3302,2.3175,2.3184,859919.42,0.0,0.0,0
15m,1750105800.0,2.3184,2.3189,2.3092,2.3167,1425861.35,0.0,0.0,0
15m,1750106700.0,2.3167,2.3202,2.3116,2.3193,952408.94,0.0,0.0,0
15m,1750107600.0,2.3193,2.3248,2.3145,2.3145,753872.98,0.0,0.0,0
15m,1750108500.0,2.3145,2.3172,2.3084,2.3108,925374.64,0.0,0.0,0
15m,1750109400.0,2.3108,2.311,2.2926,2.301,1607903.74,0.0,0.0,0
15m,1750110300.0,2.301,2.302,2.2937,2.2964,855756.33,0.0,0.0,0
15m,1750111200.0,2.2964,2.3115,2.2964,2.309,628163.25,0.0,0.0,0
15m,1750112100.0,2.309,2.3095,2.3006,2.3032,562219.02,0.0,0.0,0
15m,1750113000.0,2.3032,2.3049,2.2616,2.2619,2382918.4,0.0,0.0,0
15m,1750113900.0,2.2619,2.2769,2.2609,2.2751,2302465.68,0.0,0.0,0
15m,1750114800.0,2.2751,2.2794,2.2662,2.2774,1150536.94,0.0,0.0,0
15m,1750115700.0,2.2774,2.282,2.268,2.274,708258.6,0.0,0.0,0
15m,1750116600.0,2.274,2.2745,2.2591,2.2636,903242.67,0.0,0.0,0
15m,1750117500.0,2.2636,2.2651,2.2287,2.2378,1754656.61,0.0,0.0,0
15m,1750118400.0,2.2378,2.2394,2.205,2.2122,3835496.89,0.0,0.0,0
15m,1750119300.0,2.2122,2.2399,2.2016,2.2365,1817943.68,0.0,0.0,0
15m,1750120200.0,2.2365,2.2402,2.2213,2.2227,919858.29,0.0,0.0,0
15m,1750121100.0,2.2227,2.2545,2.2223,2.2537,1076758.5,0.0,0.0,0
15m,1750122000.0,2.2537,2.2564,2.239,2.2434,759160.58,0.0,0.0,0
15m,1750122900.0,2.2434,2.2501,2.2371,2.2427,430192.55,0.0,0.0,0
15m,1750123800.0,2.2427,2.2552,2.2417,2.2477,534181.96,0.0,0.0,0
15m,1750124700.0,2.2477,2.2569,2.2454,2.2534,348058.57,0.0,0.0,0
15m,1750125600.0,2.2534,2.2534,2.2404,2.2426,358787.28,0.0,0.0,0
15m,1750126500.0,2.2426,2.2431,2.2309,2.2338,547308.94,0.0,0.0,0
15m,1750127400.0,2.2338,2.2409,2.2286,2.2368,449444.1,0.0,0.0,0
15m,1750128300.0,2.2368,2.2526,2.2293,2.2507,524367.42,0.0,0.0,0
15m,1750129200.0,2.2507,2.2539,2.2422,2.251,334314.48,0.0,0.0,0
15m,1750130100.0,2.251,2.2521,2.244,2.2443,305868.54,0.0,0.0,0
15m,1750131000.0,2.2443,2.2537,2.2443,2.2513,206983.75,0.0,0.0,0
15m,1750131900.0,2.2513,2.2531,2.2477,2.2493,219253.89,0.0,0.0,0
15m,1750132800.0,2.2493,2.2495,2.2443,2.2475,374004.37,0.0,0.0,0
15m,1750133700.0,2.2475,2.2475,2.2386,2.2414,539064.6,0.0,0.0,0
15m,1750134600.0,2.2414,2.2415,2.2319,2.2363,454194.33,0.0,0.0,0
15m,1750135500.0,2.2363,2.2462,2.2348,2.2444,345578.69,0.0,0.0,0
15m,1750136400.0,2.2444,2.2493,2.241,2.2477,315254.34,0.0,0.0,0
15m,1750137300.0,2.2477,2.2516,2.2417,2.2492,499816.59,0.0,0.0,0
15m,1750138200.0,2.2492,2.2527,2.2464,2.2473,362292.17,0.0,0.0,0
15m,1750139100.0,2.2473,2.2476,2.2346,2.2364,471603.2,0.0,0.0,0
15m,1750140000.0,2.2364,2.2472,2.2353,2.2457,342721.31,0.0,0.0,0
15m,1750140900.0,2.2457,2.2469,2.2371,2.239,224143.58,0.0,0.0,0
15m,1750141800.0,2.239,2.2402,2.2333,2.2347,392561.6,0.0,0.0,0
15m,1750142700.0,2.2347,2.2372,2.2295,2.2339,471194.62,0.0,0.0,0
15m,1750143600.0,2.2339,2.2377,2.2328,2.2347,289835.26,0.0,0.0,0
15m,1750144500.0,2.2347,2.2404,2.2266,2.2272,732935.88,0.0,0.0,0
15m,1750145400.0,2.2272,2.2339,2.2259,2.2304,629909.55,0.0,0.0,0
15m,1750146300.0,2.2304,2.2397,2.23,2.2358,383402.34,0.0,0.0,0
15m,1750147200.0,2.2358,2.2389,2.2314,2.2353,383530.43,0.0,0.0,0
15m,1750148100.0,2.2353,2.2355,2.2262,2.231,298216.96,0.0,0.0,0
15m,1750149000.0,2.231,2.2318,2.2189,2.2215,449444.09,0.0,0.0,0
15m,1750149900.0,2.2215,2.2246,2.2152,2.2168,523938.37,0.0,0.0,0
15m,1750150800.0,2.2168,2.2249,2.2168,2.2236,543750.77,0.0,0.0,0
15m,1750151700.0,2.2236,2.2255,2.2195,2.2202,407541.6,0.0,0.0,0
15m,1750152600.0,2.2202,2.2214,2.2132,2.2165,463969.05,0.0,0.0,0
15m,1750153500.0,2.2165,2.2195,2.212,2.2138,375456.43,0.0,0.0,0
15m,1750154400.0,2.2138,2.2141,2.2058,2.2087,1061585.18,0.0,0.0,0
15m,1750155300.0,2.2087,2.2139,2.2046,2.2134,541307.99,0.0,0.0,0
15m,1750156200.0,2.2134,2.2148,2.2023,2.207,615534.38,0.0,0.0,0
15m,1750157100.0,2.207,2.2155,2.2058,2.2142,307182.42,0.0,0.0,0
15m,1750158000.0,2.2142,2.2142,2.2033,2.2033,477093.96,0.0,0.0,0
15m,1750158900.0,2.2033,2.2059,2.1933,2.1946,892469.06,0.0,0.0,0
15m,1750159800.0,2.1946,2.1999,2.1909,2.1913,395825.43,0.0,0.0,0
15m,1750160700.0,2.1913,2.1953,2.1884,2.1939,513924.95,0.0,0.0,0
15m,1750161600.0,2.1939,2.2075,2.1901,2.2072,624120.92,0.0,0.0,0
15m,1750162500.0,2.2072,2.2084,2.2013,2.2051,442585.16,0.0,0.0,0
15m,1750163400.0,2.2051,2.2148,2.2021,2.2148,559743.0,0.0,0.0,0
15m,1750164300.0,2.2148,2.2151,2.2029,2.2067,260329.57,0.0,0.0,0
15m,1750165200.0,2.2067,2.2151,2.2055,2.2126,312770.9,0.0,0.0,0
15m,1750166100.0,2.2126,2.2192,2.2111,2.2186,529985.96,0.0,0.0,0
15m,1750167000.0,2.2186,2.2248,2.2118,2.2129,838701.05,0.0,0.0,0
15m,1750167900.0,2.2129,2.2207,2.2096,2.2158,452978.02,0.0,0.0,0
15m,1750168800.0,2.2158,2.2213,2.2081,2.218,503595.29,0.0,0.0,0
15m,1750169700.0,2.218,2.2182,2.207,2.2113,376872.77,0.0,0.0,0
15m,1750170600.0,2.2113,2.2139,2.1993,2.2036,906907.47,0.0,0.0,0
15m,1750171500.0,2.2036,2.2083,2.1924,2.1947,521044.62,0.0,0.0,0
15m,1750172400.0,2.1947,2.1948,2.1801,2.1902,1551005.72,0.0,0.0,0
15m,1750173300.0,2.1902,2.1902,2.1662,2.1688,1117940.77,0.0,0.0,0
15m,1750174200.0,2.1688,2.183,2.1634,2.1797,1361196.13,0.0,0.0,0
15m,1750175100.0,2.1797,2.1802,2.1712,2.1794,539460.49,0.0,0.0,0
15m,1750176000.0,2.1794,2.1837,2.1762,2.1808,695610.32,0.0,0.0,0
15m,1750176900.0,2.1808,2.1817,2.1683,2.1736,625744.5,0.0,0.0,0
15m,1750177800.0,2.1736,2.1766,2.1656,2.1676,458508.26,0.0,0.0,0
15m,1750178700.0,2.1676,2.1691,2.148,2.149,2034579.59,0.0,0.0,0
15m,1750179600.0,2.149,2.1555,2.142,2.145,1202509.65,0.0,0.0,0
15m,1750180500.0,2.145,2.1593,2.1443,2.1563,564628.71,0.0,0.0,0
15m,1750181400.0,2.1563,2.1671,2.1543,2.1591,503522.4,0.0,0.0,0
15m,1750182300.0,2.1591,2.1609,2.1473,2.1474,428170.09,0.0,0.0,0
15m,1750183200.0,2.1474,2.164,2.1454,2.1617,662557.59,0.0,0.0,0
15m,1750184100.0,2.1617,2.1626,2.1517,2.1521,373471.46,0.0,0.0,0
15m,1750185000.0,2.1521,2.1644,2.1521,2.1639,316783.04,0.0,0.0,0
15m,1750185900.0,2.1639,2.1769,2.1636,2.1764,390997.84,0.0,0.0,0
15m,1750186800.0,2.1764,2.1856,2.1729,2.1851,481123.77,0.0,0.0,0
15m,1750187700.0,2.1851,2.1976,2.1851,2.1953,417491.69,0.0,0.0,0
15m,1750188600.0,2.1953,2.2002,2.1914,2.195,380483.0,0.0,0.0,0
15m,1750189500.0,2.195,2.2034,2.1824,2.183,877311.25,0.0,0.0,0
15m,1750190400.0,2.183,2.1908,2.18,2.1815,750903.65,0.0,0.0,0
15m,1750191300.0,2.1815,2.1815,2.1671,2.1769,1096999.78,0.0,0.0,0
15m,1750192200.0,2.1769,2.179,2.1708,2.178,399198.94,0.0,0.0,0
15m,1750193100.0,2.178,2.178,2.1675,2.168,448633.83,0.0,0.0,0
15m,1750194000.0,2.168,2.1729,2.1549,2.1615,1059305.71,0.0,0.0,0
15m,1750194900.0,2.1615,2.1683,2.1514,2.1682,858601.99,0.0,0.0,0
15m,1750195800.0,2.1682,2.1728,2.1643,2.1645,597660.24,0.0,0.0,0
15m,1750196700.0,2.1645,2.1651,2.153,2.1567,278551.11,0.0,0.0,0
15m,1750197600.0,2.1567,2.1598,2.1518,2.1584,198109.57,0.0,0.0,0
15m,1750198500.0,2.1584,2.1595,2.1547,2.156,227695.53,0.0,0.0,0
15m,1750199400.0,2.156,2.1578,2.1475,2.1511,285017.14,0.0,0.0,0
15m,1750200300.0,2.1511,2.1565,2.1441,2.1455,353515.54,0.0,0.0,0
15m,1750201200.0,2.1455,2.1552,2.1452,2.1537,182306.09,0.0,0.0,0
15m,1750202100.0,2.1537,2.1633,2.1537,2.1629,177280.34,0.0,0.0,0
15m,1750203000.0,2.1629,2.166,2.1621,2.1643,150903.34,0.0,0.0,0
15m,1750203900.0,2.1643,2.1661,2.158,2.159,277701.44,0.0,0.0,0
15m,1750204800.0,2.159,2.1654,2.1584,2.1614,194649.33,0.0,0.0,0
15m,1750205700.0,2.1614,2.1635,2.1535,2.1544,282625.52,0.0,0.0,0
15m,1750206600.0,2.1544,2.1658,2.1519,2.1624,194315.05,0.0,0.0,0
15m,1750207500.0,2.1624,2.1665,2.1568,2.1665,292520.59,0.0,0.0,0
15m,1750208400.0,2.1665,2.1731,2.1648,2.1721,321111.8,0.0,0.0,0
15m,1750209300.0,2.1721,2.1773,2.1665,2.1665,348165.51,0.0,0.0,0
15m,1750210200.0,2.1665,2.1696,2.1651,2.1664,254061.78,0.0,0.0,0
15m,1750211100.0,2.1664,2.1664,2.1608,2.1614,171282.23,0.0,0.0,0
15m,1750212000.0,2.1614,2.1639,2.1586,2.1591,147376.25,0.0,0.0,0
15m,1750212900.0,2.1591,2.1663,2.1551,2.1662,165161.79,0.0,0.0,0
15m,1750213800.0,2.1662,2.1677,2.1614,2.1615,73632.12,0.0,0.0,0
15m,1750214700.0,2.1615,2.1647,2.1591,2.1591,107349.77,0.0,0.0,0
15m,1750215600.0,2.1591,2.1624,2.1578,2.1602,174214.97,0.0,0.0,0
15m,1750216500.0,2.1602,2.166,2.1591,2.1651,88803.46,0.0,0.0,0
15m,1750217400.0,2.1651,2.1705,2.1651,2.1703,105354.37,0.0,0.0,0
15m,1750218300.0,2.1703,2.1707,2.1656,2.1676,195596.67,0.0,0.0,0
15m,1750219200.0,2.1676,2.17,2.1651,2.1688,188738.58,0.0,0.0,0
15m,1750220100.0,2.1688,2.1697,2.1617,2.1634,377140.77,0.0,0.0,0
15m,1750221000.0,2.1634,2.17,2.162,2.1695,292248.03,0.0,0.0,0
15m,1750221900.0,2.1695,2.1745,2.169,2.1718,217684.31,0.0,0.0,0
15m,1750222800.0,2.1718,2.175,2.1706,2.1726,211750.57,0.0,0.0,0
15m,1750223700.0,2.1726,2.174,2.1699,2.1714,116931.04,0.0,0.0,0
15m,1750224600.0,2.1714,2.1759,2.1685,2.1694,113926.48,0.0,0.0,0
15m,1750225500.0,2.1694,2.1704,2.1672,2.1683,161119.48,0.0,0.0,0
15m,1750226400.0,2.1683,2.1688,2.1635,2.1643,216392.02,0.0,0.0,0
15m,1750227300.0,2.1643,2.1658,2.1579,2.1611,574227.51,0.0,0.0,0
15m,1750228200.0,2.1611,2.1612,2.1554,2.1566,413627.69,0.0,0.0,0
15m,1750229100.0,2.1566,2.1572,2.1524,2.1554,284225.74,0.0,0.0,0
15m,1750230000.0,2.1554,2.158,2.1507,2.1509,304856.34,0.0,0.0,0
15m,1750230900.0,2.1509,2.1536,2.1495,2.15,260886.28,0.0,0.0,0
15m,1750231800.0,2.15,2.1549,2.147,2.153,602830.77,0.0,0.0,0
15m,1750232700.0,2.153,2.164,2.153,2.1629,529299.83,0.0,0.0,0
15m,1750233600.0,2.1629,2.169,2.1617,2.1664,231680.38,0.0,0.0,0
15m,1750234500.0,2.1664,2.1673,2.1602,2.1606,182053.88,0.0,0.0,0
15m,1750235400.0,2.1606,2.1632,2.152,2.154,161725.84,0.0,0.0,0
15m,1750236300.0,2.154,2.1588,2.1531,2.1556,139596.26,0.0,0.0,0
15m,1750237200.0,2.1556,2.1623,2.1551,2.157,298169.01,0.0,0.0,0
15m,1750238100.0,2.157,2.1638,2.1568,2.1589,302615.88,0.0,0.0,0
15m,1750239000.0,2.1589,2.1595,2.1499,2.151,265272.7,0.0,0.0,0
15m,1750239900.0,2.151,2.151,2.1454,2.1472,462547.65,0.0,0.0,0
15m,1750240800.0,2.1472,2.1475,2.1436,2.146,322603.63,0.0,0.0,0
15m,1750241700.0,2.146,2.1509,2.1372,2.138,563557.61,0.0,0.0,0
15m,1750242600.0,2.138,2.1405,2.1327,2.1374,983034.36,0.0,0.0,0
15m,1750243500.0,2.1374,2.14,2.1247,2.1297,794239.61,0.0,0.0,0
15m,1750244400.0,2.1297,2.1373,2.1251,2.1362,520782.77,0.0,0.0,0
15m,1750245300.0,2.1362,2.1383,2.1327,2.1345,373501.54,0.0,0.0,0
15m,1750246200.0,2.1345,2.1388,2.1275,2.1375,385801.7,0.0,0.0,0
15m,1750247100.0,2.1375,2.1443,2.1355,2.1421,344126.18,0.0,0.0,0
15m,1750248000.0,2.1421,2.1455,2.1382,2.143,292978.98,0.0,0.0,0
15m,1750248900.0,2.143,2.1431,2.1356,2.1373,310833.32,0.0,0.0,0
15m,1750249800.0,2.1373,2.1379,2.131,2.131,271911.84,0.0,0.0,0
15m,1750250700.0,2.131,2.1362,2.1308,2.1315,399027.25,0.0,0.0,0
15m,1750251600.0,2.1315,2.1323,2.1243,2.1264,836181.66,0.0,0.0,0
15m,1750252500.0,2.1264,2.1272,2.1181,2.1197,986634.94,0.0,0.0,0
15m,1750253400.0,2.1197,2.137,2.1184,2.1343,1020957.17,0.0,0.0,0
15m,1750254300.0,2.1343,2.1421,2.1262,2.1384,721933.25,0.0,0.0,0
15m,1750255200.0,2.1384,2.1574,2.1328,2.1563,1431506.48,0.0,0.0,0
15m,1750256100.0,2.1563,2.1619,2.15,2.1585,1222614.89,0.0,0.0,0
15m,1750257000.0,2.1585,2.16,2.151,2.154,1022594.1,0.0,0.0,0
15m,1750257900.0,2.154,2.1551,2.1386,2.1445,940427.57,0.0,0.0,0
15m,1750258800.0,2.1445,2.1525,2.1405,2.1416,392661.53,0.0,0.0,0
15m,1750259700.0,2.1416,2.1511,2.135,2.1502,869182.82,0.0,0.0,0
15m,1750260600.0,2.1502,2.155,2.1474,2.1521,268211.33,0.0,0.0,0
15m,1750261500.0,2.1521,2.1558,2.1499,2.1512,254144.1,0.0,0.0,0
15m,1750262400.0,2.1512,2.1515,2.1415,2.143,196535.75,0.0,0.0,0
15m,1750263300.0,2.143,2.1431,2.1372,2.1396,398239.65,0.0,0.0,0
15m,1750264200.0,2.1396,2.1475,2.1388,2.1428,241298.14,0.0,0.0,0
15m,1750265100.0,2.1428,2.144,2.1348,2.1412,164247.08,0.0,0.0,0
15m,1750266000.0,2.1412,2.1443,2.1329,2.1415,272910.12,0.0,0.0,0
15m,1750266900.0,2.1415,2.1496,2.1415,2.1429,257460.21,0.0,0.0,0
15m,1750267800.0,2.1429,2.1477,2.1334,2.1467,259475.07,0.0,0.0,0
15m,1750268700.0,2.1467,2.1538,2.143,2.1486,281517.53,0.0,0.0,0
15m,1750269600.0,2.1486,2.1624,2.1339,2.1408,1402092.45,0.0,0.0,0
15m,1750270500.0,2.1408,2.1477,2.136,2.1462,228895.01,0.0,0.0,0
15m,1750271400.0,2.1462,2.1557,2.1441,2.151,451231.74,0.0,0.0,0
15m,1750272300.0,2.151,2.1513,2.1295,2.131,496721.64,0.0,0.0,0
15m,1750273200.0,2.131,2.1518,2.1271,2.1494,511985.14,0.0,0.0,0
15m,1750274100.0,2.1494,2.1523,2.1426,2.1439,370161.42,0.0,0.0,0
15m,1750275000.0,2.1439,2.1495,2.1419,2.1489,195865.82,0.0,0.0,0
15m,1750275900.0,2.1489,2.1533,2.1397,2.1407,339452.91,0.0,0.0,0
15m,1750276800.0,2.1407,2.1468,2.136,2.1419,415007.74,0.0,0.0,0
15m,1750277700.0,2.1419,2.1501,2.1414,2.1493,96036.9,0.0,0.0,0
15m,1750278600.0,2.1493,2.1614,2.1482,2.1605,414704.75,0.0,0.0,0
15m,1750279500.0,2.1605,2.1781,2.16,2.1731,679520.63,0.0,0.0,0
15m,1750280400.0,2.1731,2.1752,2.1617,2.1683,374380.59,0.0,0.0,0
15m,1750281300.0,2.1683,2.1772,2.1681,2.1734,309055.18,0.0,0.0,0
15m,1750282200.0,2.1734,2.1768,2.1686,2.1727,286373.18,0.0,0.0,0
15m,1750283100.0,2.1727,2.1807,2.1701,2.175,268221.64,0.0,0.0,0
15m,1750284000.0,2.175,2.1797,2.1705,2.1729,306594.47,0.0,0.0,0
15m,1750284900.0,2.1729,2.176,2.1705,2.1746,198936.16,0.0,0.0,0
15m,1750285800.0,2.1746,2.1771,2.171,2.1711,132422.75,0.0,0.0,0
15m,1750286700.0,2.1711,2.1743,2.1678,2.1689,169121.38,0.0,0.0,0
15m,1750287600.0,2.1689,2.1766,2.168,2.1749,274460.61,0.0,0.0,0
15m,1750288500.0,2.1749,2.1749,2.1706,2.1738,133398.34,0.0,0.0,0
15m,1750289400.0,2.1738,2.1738,2.1651,2.1657,156350.32,0.0,0.0,0
15m,1750290300.0,2.1657,2.1709,2.1657,2.1704,166821.46,0.0,0.0,0
15m,1750291200.0,2.1704,2.1728,2.165,2.165,465068.89,0.0,0.0,0
15m,1750292100.0,2.165,2.1769,2.1628,2.1763,497324.78,0.0,0.0,0
15m,1750293000.0,2.1763,2.1824,2.1748,2.1788,547907.94,0.0,0.0,0
15m,1750293900.0,2.1788,2.1857,2.1751,2.176,619864.35,0.0,0.0,0
15m,1750294800.0,2.176,2.1771,2.1624,2.1668,353124.4,0.0,0.0,0
15m,1750295700.0,2.1668,2.1705,2.1654,2.1696,145093.39,0.0,0.0,0
15m,1750296600.0,2.1696,2.1696,2.1622,2.1628,206531.83,0.0,0.0,0
15m,1750297500.0,2.1628,2.1649,2.1597,2.1607,268531.63,0.0,0.0,0
15m,1750298400.0,2.1607,2.1655,2.1572,2.1579,191345.67,0.0,0.0,0
15m,1750299300.0,2.1579,2.1618,2.1557,2.1594,131599.06,0.0,0.0,0
15m,1750300200.0,2.1594,2.1668,2.1583,2.1652,159514.27,0.0,0.0,0
15m,1750301100.0,2.1652,2.1662,2.1592,2.1595,136917.7,0.0,0.0,0
15m,1750302000.0,2.1595,2.1619,2.1594,2.1606,276494.25,0.0,0.0,0
15m,1750302900.0,2.1606,2.1651,2.1602,2.1639,193650.84,0.0,0.0,0
15m,1750303800.0,2.1639,2.164,2.1604,2.1625,210723.14,0.0,0.0,0
15m,1750304700.0,2.1625,2.1676,2.1606,2.1663,102994.48,0.0,0.0,0
15m,1750305600.0,2.1663,2.1684,2.1635,2.1661,257412.78,0.0,0.0,0
15m,1750306500.0,2.1661,2.1664,2.1624,2.1629,131467.81,0.0,0.0,0
15m,1750307400.0,2.1629,2.1631,2.1574,2.1615,161084.3,0.0,0.0,0
15m,1750308300.0,2.1615,2.168,2.1613,2.1679,149692.44,0.0,0.0,0
15m,1750309200.0,2.1679,2.1748,2.1679,2.1708,267695.17,0.0,0.0,0
15m,1750310100.0,2.1708,2.1757,2.1698,2.173,237286.29,0.0,0.0,0
15m,1750311000.0,2.173,2.1747,2.1689,2.1704,178510.2,0.0,0.0,0
15m,1750311900.0,2.1704,2.1706,2.1643,2.1657,121380.46,0.0,0.0,0
15m,1750312800.0,2.1657,2.1719,2.1648,2.1648,170325.48,0.0,0.0,0
15m,1750313700.0,2.1648,2.1655,2.1573,2.1587,363138.64,0.0,0.0,0
15m,1750314600.0,2.1587,2.1605,2.1561,2.1572,252481.18,0.0,0.0,0
15m,1750315500.0,2.1572,2.1576,2.1539,2.1551,221319.98,0.0,0.0,0
15m,1750316400.0,2.1551,2.1617,2.1503,2.1611,884771.89,0.0,0.0,0
15m,1750317300.0,2.1611,2.1632,2.1574,2.1583,142521.92,0.0,0.0,0
15m,1750318200.0,2.1583,2.1599,2.156,2.157,137820.87,0.0,0.0,0
15m,1750319100.0,2.157,2.1577,2.1553,2.1566,151567.63,0.0,0.0,0
15m,1750320000.0,2.1566,2.1623,2.1565,2.1598,126200.83,0.0,0.0,0
15m,1750320900.0,2.1598,2.1623,2.1594,2.1614,105467.7,0.0,0.0,0
15m,1750321800.0,2.1614,2.1632,2.1588,2.161,326918.37,0.0,0.0,0
15m,1750322700.0,2.161,2.1632,2.1569,2.1572,248313.29,0.0,0.0,0
15m,1750323600.0,2.1572,2.1595,2.1544,2.1558,178495.58,0.0,0.0,0
15m,1750324500.0,2.1558,2.1612,2.1553,2.1603,138966.39,0.0,0.0,0
15m,1750325400.0,2.1603,2.1631,2.1587,2.16,130116.88,0.0,0.0,0
15m,1750326300.0,2.16,2.1668,2.16,2.1638,321369.76,0.0,0.0,0
15m,1750327200.0,2.1638,2.1647,2.1563,2.1608,499518.35,0.0,0.0,0
15m,1750328100.0,2.1608,2.1661,2.1603,2.1649,192624.87,0.0,0.0,0
15m,1750329000.0,2.1649,2.1658,2.1608,2.1622,109617.23,0.0,0.0,0
15m,1750329900.0,2.1622,2.1629,2.1594,2.1604,135690.93,0.0,0.0,0
15m,1750330800.0,2.1604,2.1604,2.153,2.1555,207988.39,0.0,0.0,0
15m,1750331700.0,2.1555,2.1576,2.1527,2.1527,263801.65,0.0,0.0,0
15m,1750332600.0,2.1527,2.1527,2.1487,2.1514,524048.02,0.0,0.0,0
15m,1750333500.0,2.1514,2.1545,2.1495,2.1521,307989.82,0.0,0.0,0
15m,1750334400.0,2.1521,2.1588,2.1483,2.1588,221338.98,0.0,0.0,0
15m,1750335300.0,2.1588,2.1588,2.1556,2.157,160764.38,0.0,0.0,0
15m,1750336200.0,2.157,2.1581,2.1515,2.1523,187767.19,0.0,0.0,0
15m,1750337100.0,2.1523,2.1547,2.1515,2.1542,174064.95,0.0,0.0,0
15m,1750338000.0,2.1542,2.1543,2.1491,2.15,182709.94,0.0,0.0,0
15m,1750338900.0,2.15,2.157,2.1489,2.1567,193603.14,0.0,0.0,0
15m,1750339800.0,2.1567,2.157,2.1514,2.153,222413.68,0.0,0.0,0
15m,1750340700.0,2.153,2.1532,2.1477,2.1491,202997.61,0.0,0.0,0
15m,1750341600.0,2.1491,2.1548,2.1489,2.1531,191077.52,0.0,0.0,0
15m,1750342500.0,2.1531,2.159,2.15,2.1552,582553.43,0.0,0.0,0
15m,1750343400.0,2.1552,2.1554,2.1488,2.1491,160296.17,0.0,0.0,0
15m,1750344300.0,2.1491,2.1511,2.1444,2.148,315639.26,0.0,0.0,0
15m,1750345200.0,2.148,2.1549,2.148,2.1543,182341.31,0.0,0.0,0
15m,1750346100.0,2.1543,2.1559,2.1492,2.1511,200052.47,0.0,0.0,0
15m,1750347000.0,2.1511,2.1514,2.1453,2.1475,190672.59,0.0,0.0,0
15m,1750347900.0,2.1475,2.151,2.1441,2.1455,224204.54,0.0,0.0,0
15m,1750348800.0,2.1455,2.1515,2.1455,2.1498,104998.83,0.0,0.0,0
15m,1750349700.0,2.1498,2.1548,2.149,2.154,115409.31,0.0,0.0,0
15m,1750350600.0,2.154,2.1553,2.152,2.1542,114152.3,0.0,0.0,0
15m,1750351500.0,2.1542,2.16,2.1542,2.1572,238086.76,0.0,0.0,0
15m,1750352400.0,2.1572,2.1649,2.1572,2.1637,419943.49,0.0,0.0,0
15m,1750353300.0,2.1637,2.1647,2.159,2.1621,270010.83,0.0,0.0,0
15m,1750354200.0,2.1621,2.1728,2.1579,2.1702,585211.5,0.0,0.0,0
15m,1750355100.0,2.1702,2.1735,2.1671,2.1689,370293.75,0.0,0.0,0
15m,1750356000.0,2.1689,2.1772,2.1677,2.1748,405425.17,0.0,0.0,0
15m,1750356900.0,2.1748,2.1761,2.1701,2.1708,120277.47,0.0,0.0,0
15m,1750357800.0,2.1708,2.1734,2.1673,2.1703,317804.8,0.0,0.0,0
15m,1750358700.0,2.1703,2.1723,2.1665,2.1721,142948.66,0.0,0.0,0
15m,1750359600.0,2.1721,2.1743,2.1684,2.1731,208235.99,0.0,0.0,0
15m,1750360500.0,2.1731,2.1736,2.1699,2.1714,139358.77,0.0,0.0,0
15m,1750361400.0,2.1714,2.1723,2.1679,2.1692,135002.05,0.0,0.0,0
15m,1750362300.0,2.1692,2.1745,2.1692,2.1715,163896.58,0.0,0.0,0
15m,1750363200.0,2.1715,2.1738,2.1712,2.172,166501.05,0.0,0.0,0
15m,1750364100.0,2.172,2.174,2.1665,2.169,122220.4,0.0,0.0,0
15m,1750365000.0,2.169,2.1712,2.1621,2.1628,243112.93,0.0,0.0,0
15m,1750365900.0,2.1628,2.1674,2.1625,2.1652,174125.4,0.0,0.0,0
15m,1750366800.0,2.1652,2.1652,2.1614,2.1616,133968.97,0.0,0.0,0
15m,1750367700.0,2.1616,2.166,2.1616,2.1623,217940.6,0.0,0.0,0
15m,1750368600.0,2.1623,2.1675,2.1606,2.1634,189200.66,0.0,0.0,0
15m,1750369500.0,2.1634,2.1645,2.1602,2.1622,109371.42,0.0,0.0,0
15m,1750370400.0,2.1622,2.1674,2.1622,2.1648,134753.22,0.0,0.0,0
15m,1750371300.0,2.1648,2.1679,2.1641,2.1656,91998.24,0.0,0.0,0
15m,1750372200.0,2.1656,2.1705,2.1643,2.169,102440.04,0.0,0.0,0
15m,1750373100.0,2.169,2.1705,2.1655,2.1656,87583.91,0.0,0.0,0
15m,1750374000.0,2.1656,2.1674,2.1618,2.166,107758.93,0.0,0.0,0
15m,1750374900.0,2.166,2.1681,2.1623,2.1629,165596.76,0.0,0.0,0
15m,1750375800.0,2.1629,2.1679,2.1613,2.1671,164897.05,0.0,0.0,0
15m,1750376700.0,2.1671,2.1674,2.1648,2.165,117501.94,0.0,0.0,0
15m,1750377600.0,2.165,2.1701,2.1618,2.1691,250172.36,0.0,0.0,0
15m,1750378500.0,2.1691,2.1701,2.1655,2.166,83898.77,0.0,0.0,0
15m,1750379400.0,2.166,2.1703,2.1657,2.1698,89583.96,0.0,0.0,0
15m,1750380300.0,2.1698,2.1729,2.1694,2.1708,190078.74,0.0,0.0,0
15m,1750381200.0,2.1708,2.1718,2.1666,2.1688,174647.07,0.0,0.0,0
15m,1750382100.0,2.1688,2.169,2.1617,2.1622,148614.81,0.0,0.0,0
15m,1750383000.0,2.1622,2.1641,2.1573,2.1633,219219.4,0.0,0.0,0
15m,1750383900.0,2.1633,2.1678,2.1623,2.1672,78848.78,0.0,0.0,0
15m,1750384800.0,2.1672,2.1688,2.1649,2.165,112379.53,0.0,0.0,0
15m,1750385700.0,2.165,2.1662,2.1638,2.1647,87441.6,0.0,0.0,0
15m,1750386600.0,2.1647,2.1647,2.1603,2.1632,231925.0,0.0,0.0,0
15m,1750387500.0,2.1632,2.1643,2.1621,2.1638,100595.27,0.0,0.0,0
15m,1750388400.0,2.1638,2.1638,2.158,2.1607,198079.86,0.0,0.0,0
15m,1750389300.0,2.1607,2.1622,2.1584,2.1617,189644.15,0.0,0.0,0
15m,1750390200.0,2.1617,2.1626,2.1592,2.1592,147129.84,0.0,0.0,0
15m,1750391100.0,2.1592,2.1594,2.1551,2.1551,220279.13,0.0,0.0,0
15m,1750392000.0,2.1551,2.1574,2.1527,2.1547,482095.94,0.0,0.0,0
15m,1750392900.0,2.1547,2.1574,2.1514,2.1521,285173.29,0.0,0.0,0
15m,1750393800.0,2.1521,2.1526,2.1488,2.1505,322448.8,0.0,0.0,0
15m,1750394700.0,2.1505,2.1512,2.1461,2.1466,239417.94,0.0,0.0,0
15m,1750395600.0,2.1466,2.1489,2.1452,2.1472,313655.9,0.0,0.0,0
15m,1750396500.0,2.1472,2.1496,2.1398,2.1432,464064.74,0.0,0.0,0
15m,1750397400.0,2.1432,2.1499,2.1432,2.149,178612.44,0.0,0.0,0
15m,1750398300.0,2.149,2.152,2.1486,2.1512,119379.85,0.0,0.0,0
15m,1750399200.0,2.1512,2.1547,2.1489,2.1499,464839.63,0.0,0.0,0
15m,1750400100.0,2.1499,2.1499,2.1454,2.1478,483756.74,0.0,0.0,0
15m,1750401000.0,2.1478,2.1504,2.1465,2.1494,135092.0,0.0,0.0,0
15m,1750401900.0,2.1494,2.1494,2.1443,2.1449,127700.34,0.0,0.0,0
15m,1750402800.0,2.1449,2.145,2.1409,2.1442,315421.96,0.0,0.0,0
15m,1750403700.0,2.1442,2.1591,2.1441,2.1562,371089.12,0.0,0.0,0
15m,1750404600.0,2.1562,2.1643,2.156,2.1643,371550.06,0.0,0.0,0
15m,1750405500.0,2.1643,2.1687,2.1624,2.1671,257234.96,0.0,0.0,0
15m,1750406400.0,2.1671,2.1758,2.1651,2.1733,528164.59,0.0,0.0,0
15m,1750407300.0,2.1733,2.1766,2.1728,2.1744,330221.34,0.0,0.0,0
15m,1750408200.0,2.1744,2.1754,2.1615,2.1615,432341.84,0.0,0.0,0
15m,1750409100.0,2.1615,2.1684,2.1615,2.1677,367367.41,0.0,0.0,0
15m,1750410000.0,2.1677,2.172,2.1643,2.1702,290170.2,0.0,0.0,0
15m,1750410900.0,2.1702,2.1702,2.165,2.1665,80283.35,0.0,0.0,0
15m,1750411800.0,2.1665,2.1678,2.1638,2.1678,190273.25,0.0,0.0,0
15m,1750412700.0,2.1678,2.171,2.1642,2.1699,113873.42,0.0,0.0,0
15m,1750413600.0,2.1699,2.1704,2.1647,2.1678,188248.15,0.0,0.0,0
15m,1750414500.0,2.1678,2.173,2.1651,2.1712,183845.59,0.0,0.0,0
15m,1750415400.0,2.1712,2.1747,2.1709,2.1742,130329.16,0.0,0.0,0
15m,1750416300.0,2.1742,2.1748,2.1708,2.1719,178576.11,0.0,0.0,0
15m,1750417200.0,2.1719,2.1723,2.1699,2.1702,139703.4,0.0,0.0,0
15m,1750418100.0,2.1702,2.1722,2.1666,2.1712,193101.0,0.0,0.0,0
15m,1750419000.0,2.1712,2.1715,2.167,2.1715,260724.45,0.0,0.0,0
15m,1750419900.0,2.1715,2.1772,2.1715,2.1726,401178.09,0.0,0.0,0
15m,1750420800.0,2.1726,2.1742,2.1701,2.1715,354037.51,0.0,0.0,0
15m,1750421700.0,2.1715,2.172,2.169,2.1715,137213.83,0.0,0.0,0
15m,1750422600.0,2.1715,2.1774,2.1702,2.1747,401632.01,0.0,0.0,0
15m,1750423500.0,2.1747,2.1768,2.1717,2.1723,216718.29,0.0,0.0,0
15m,1750424400.0,2.1723,2.18,2.1723,2.1773,254402.9,0.0,0.0,0
15m,1750425300.0,2.1773,2.1774,2.1726,2.1735,253758.4,0.0,0.0,0
15m,1750426200.0,2.1735,2.1758,2.1683,2.1705,399024.72,0.0,0.0,0
15m,1750427100.0,2.1705,2.1717,2.1596,2.1644,610400.18,0.0,0.0,0
15m,1750428000.0,2.1644,2.1665,2.1567,2.1591,520123.98,0.0,0.0,0
15m,1750428900.0,2.1591,2.1634,2.1484,2.1531,478605.4,0.0,0.0,0
15m,1750429800.0,2.1531,2.156,2.147,2.15,448397.7,0.0,0.0,0
15m,1750430700.0,2.15,2.1529,2.1338,2.1354,1509806.51,0.0,0.0,0
15m,1750431600.0,2.1354,2.1429,2.133,2.1389,763818.19,0.0,0.0,0
15m,1750432500.0,2.1389,2.1431,2.1361,2.1377,667579.43,0.0,0.0,0
15m,1750433400.0,2.1377,2.1455,2.134,2.1452,446900.0,0.0,0.0,0
15m,1750434300.0,2.1452,2.1452,2.1304,2.1337,638410.94,0.0,0.0,0
15m,1750435200.0,2.1337,2.134,2.1272,2.128,564788.23,0.0,0.0,0
15m,1750436100.0,2.128,2.1295,2.1168,2.1253,821791.84,0.0,0.0,0
15m,1750437000.0,2.1253,2.1273,2.1187,2.1253,558928.8,0.0,0.0,0
15m,1750437900.0,2.1253,2.1282,2.12,2.1216,411849.06,0.0,0.0,0
15m,1750438800.0,2.1216,2.1265,2.1163,2.1196,435801.46,0.0,0.0,0
15m,1750439700.0,2.1196,2.1203,2.0889,2.1038,2356485.33,0.0,0.0,0
15m,1750440600.0,2.1038,2.1074,2.0852,2.1066,1376828.2,0.0,0.0,0
15m,1750441500.0,2.1066,2.1218,2.1054,2.1178,639079.41,0.0,0.0,0
15m,1750442400.0,2.1178,2.1276,2.1158,2.1265,608423.35,0.0,0.0,0
15m,1750443300.0,2.1265,2.1331,2.1249,2.1297,714991.89,0.0,0.0,0
15m,1750444200.0,2.1297,2.1369,2.1284,2.1302,534841.53,0.0,0.0,0
15m,1750445100.0,2.1302,2.1324,2.1236,2.1257,633444.68,0.0,0.0,0
15m,1750446000.0,2.1257,2.1258,2.1139,2.1155,578113.0,0.0,0.0,0
15m,1750446900.0,2.1155,2.1187,2.114,2.118,147933.86,0.0,0.0,0
15m,1750447800.0,2.118,2.1253,2.118,2.125,146351.28,0.0,0.0,0
15m,1750448700.0,2.125,2.1307,2.1208,2.1283,230310.33,0.0,0.0,0
15m,1750449600.0,2.1283,2.1396,2.1237,2.1396,285843.65,0.0,0.0,0
15m,1750450500.0,2.1396,2.1478,2.1374,2.1429,352071.61,0.0,0.0,0
15m,1750451400.0,2.1429,2.1439,2.1375,2.1381,115793.33,0.0,0.0,0
15m,1750452300.0,2.1381,2.1394,2.1328,2.1328,216851.52,0.0,0.0,0
15m,1750453200.0,2.1328,2.1329,2.1237,2.1276,216334.39,0.0,0.0,0
15m,1750454100.0,2.1276,2.1282,2.1197,2.1235,259949.97,0.0,0.0,0
15m,1750455000.0,2.1235,2.128,2.1218,2.1275,109637.06,0.0,0.0,0
15m,1750455900.0,2.1275,2.1278,2.1197,2.1217,166544.69,0.0,0.0,0
15m,1750456800.0,2.1217,2.1219,2.1156,2.1188,153517.97,0.0,0.0,0
15m,1750457700.0,2.1188,2.1197,2.1131,2.1169,198402.02,0.0,0.0,0
15m,1750458600.0,2.1169,2.1195,2.1123,2.1149,234521.11,0.0,0.0,0
15m,1750459500.0,2.1149,2.1153,2.1086,2.1105,288068.26,0.0,0.0,0
15m,1750460400.0,2.1105,2.1155,2.1084,2.1091,160969.2,0.0,0.0,0
15m,1750461300.0,2.1091,2.1159,2.1091,2.1152,68009.31,0.0,0.0,0
15m,1750462200.0,2.1152,2.1207,2.1152,2.12,115758.76,0.0,0.0,0
15m,1750463100.0,2.12,2.1214,2.1184,2.1195,97892.61,0.0,0.0,0
15m,1750464000.0,2.1195,2.122,2.1162,2.1174,220859.03,0.0,0.0,0
15m,1750464900.0,2.1174,2.1233,2.1153,2.1231,161563.1,0.0,0.0,0
15m,1750465800.0,2.1231,2.1236,2.1191,2.1217,115132.62,0.0,0.0,0
15m,1750466700.0,2.1217,2.1217,2.1164,2.1184,161299.3,0.0,0.0,0
15m,1750467600.0,2.1184,2.1221,2.1174,2.1215,142597.94,0.0,0.0,0
15m,1750468500.0,2.1215,2.1268,2.1196,2.1259,158007.98,0.0,0.0,0
15m,1750469400.0,2.1259,2.1289,2.1242,2.1285,220280.3,0.0,0.0,0
15m,1750470300.0,2.1285,2.1287,2.1219,2.1246,127367.97,0.0,0.0,0
15m,1750471200.0,2.1246,2.127,2.1227,2.1236,197089.01,0.0,0.0,0
15m,1750472100.0,2.1236,2.1282,2.1234,2.1266,101002.52,0.0,0.0,0
15m,1750473000.0,2.1266,2.1287,2.1262,2.1277,71036.05,0.0,0.0,0
15m,1750473900.0,2.1277,2.1287,2.1261,2.1264,70859.74,0.0,0.0,0
15m,1750474800.0,2.1264,2.1284,2.126,2.1263,54292.17,0.0,0.0,0
15m,1750475700.0,2.1263,2.1311,2.1262,2.1311,111046.35,0.0,0.0,0
15m,1750476600.0,2.1311,2.1327,2.1306,2.1311,176819.77,0.0,0.0,0
15m,1750477500.0,2.1311,2.1321,2.1302,2.1303,396359.58,0.0,0.0,0
15m,1750478400.0,2.1303,2.1311,2.1265,2.1277,89088.96,0.0,0.0,0
15m,1750479300.0,2.1277,2.1284,2.1264,2.1264,70704.71,0.0,0.0,0
15m,1750480200.0,2.1264,2.1264,2.1231,2.1231,107804.67,0.0,0.0,0
15m,1750481100.0,2.1231,2.1231,2.1211,2.1217,101977.54,0.0,0.0,0
15m,1750482000.0,2.1217,2.1223,2.1192,2.1196,108056.35,0.0,0.0,0
15m,1750482900.0,2.1196,2.1239,2.1194,2.1238,108373.65,0.0,0.0,0
15m,1750483800.0,2.1238,2.125,2.123,2.1233,87215.0,0.0,0.0,0
15m,1750484700.0,2.1233,2.1271,2.1221,2.1271,106181.39,0.0,0.0,0
15m,1750485600.0,2.1271,2.1285,2.1266,2.1282,95732.08,0.0,0.0,0
15m,1750486500.0,2.1282,2.1314,2.1243,2.1309,302036.65,0.0,0.0,0
15m,1750487400.0,2.1309,2.131,2.1277,2.1297,95865.63,0.0,0.0,0
15m,1750488300.0,2.1297,2.1312,2.1286,2.1292,112921.69,0.0,0.0,0
15m,1750489200.0,2.1292,2.13,2.1261,2.1276,120466.38,0.0,0.0,0
15m,1750490100.0,2.1276,2.1327,2.1269,2.1298,195564.59,0.0,0.0,0
15m,1750491000.0,2.1298,2.1322,2.129,2.1318,72520.55,0.0,0.0,0
15m,1750491900.0,2.1318,2.1343,2.1318,2.1337,92233.42,0.0,0.0,0
15m,1750492800.0,2.1337,2.1374,2.1337,2.1358,157633.3,0.0,0.0,0
15m,1750493700.0,2.1358,2.138,2.1347,2.1362,117021.38,0.0,0.0,0
15m,1750494600.0,2.1362,2.1386,2.1327,2.1362,189652.09,0.0,0.0,0
15m,1750495500.0,2.1362,2.1397,2.1345,2.1394,183818.88,0.0,0.0,0
15m,1750496400.0,2.1394,2.14,2.1339,2.1356,210113.08,0.0,0.0,0
15m,1750497300.0,2.1356,2.1375,2.1353,2.1374,86766.64,0.0,0.0,0
15m,1750498200.0,2.1374,2.1387,2.136,2.1385,165480.62,0.0,0.0,0
15m,1750499100.0,2.1385,2.1407,2.1369,2.1391,122676.15,0.0,0.0,0
15m,1750500000.0,2.1391,2.1436,2.1387,2.1424,131034.7,0.0,0.0,0
15m,1750500900.0,2.1424,2.1431,2.1403,2.1428,101761.21,0.0,0.0,0
15m,1750501800.0,2.1428,2.1452,2.1396,2.141,228057.16,0.0,0.0,0
15m,1750502700.0,2.141,2.142,2.1386,2.1419,1007621.39,0.0,0.0,0
15m,1750503600.0,2.1419,2.1424,2.1395,2.1406,123381.05,0.0,0.0,0
15m,1750504500.0,2.1406,2.1407,2.1377,2.1388,120962.92,0.0,0.0,0
15m,1750505400.0,2.1388,2.1399,2.1365,2.1374,117016.72,0.0,0.0,0
15m,1750506300.0,2.1374,2.1408,2.1362,2.1369,102206.94,0.0,0.0,0
15m,1750507200.0,2.1369,2.1404,2.1365,2.1389,78252.02,0.0,0.0,0
15m,1750508100.0,2.1389,2.139,2.1359,2.1378,122633.83,0.0,0.0,0
15m,1750509000.0,2.1378,2.138,2.1337,2.1339,183234.91,0.0,0.0,0
15m,1750509900.0,2.1339,2.135,2.1298,2.1302,268505.04,0.0,0.0,0
15m,1750510800.0,2.1302,2.1323,2.1268,2.1284,177280.07,0.0,0.0,0
15m,1750511700.0,2.1284,2.1318,2.1282,2.1301,101355.15,0.0,0.0,0
15m,1750512600.0,2.1301,2.1309,2.1201,2.1202,340081.61,0.0,0.0,0
15m,1750513500.0,2.1202,2.1203,2.1146,2.1163,314833.95,0.0,0.0,0
15m,1750514400.0,2.1163,2.1208,2.1133,2.117,363782.92,0.0,0.0,0
15m,1750515300.0,2.117,2.1217,2.1141,2.1152,287120.43,0.0,0.0,0
15m,1750516200.0,2.1152,2.1248,2.1143,2.121,277733.21,0.0,0.0,0
15m,1750517100.0,2.121,2.121,2.1149,2.1189,133932.84,0.0,0.0,0
15m,1750518000.0,2.1189,2.1219,2.1184,2.1217,196503.63,0.0,0.0,0
15m,1750518900.0,2.1217,2.1217,2.1108,2.1121,164303.57,0.0,0.0,0
15m,1750519800.0,2.1121,2.1154,2.1089,2.1144,251754.59,0.0,0.0,0
15m,1750520700.0,2.1144,2.1175,2.1086,2.1166,183929.86,0.0,0.0,0
15m,1750521600.0,2.1166,2.119,2.1104,2.1144,96396.51,0.0,0.0,0
15m,1750522500.0,2.1144,2.1193,2.1143,2.1192,54549.27,0.0,0.0,0
15m,1750523400.0,2.1192,2.1192,2.1098,2.1104,128420.17,0.0,0.0,0
15m,1750524300.0,2.1104,2.1163,2.1097,2.1124,63649.24,0.0,0.0,0
15m,1750525200.0,2.1124,2.1141,2.1113,2.1135,40309.86,0.0,0.0,0
15m,1750526100.0,2.1135,2.1165,2.1066,2.1072,149391.65,0.0,0.0,0
15m,1750527000.0,2.1072,2.1072,2.0966,2.1008,388755.06,0.0,0.0,0
15m,1750527900.0,2.1008,2.1008,2.0939,2.0954,463067.03,0.0,0.0,0
15m,1750528800.0,2.0954,2.1059,2.0932,2.1016,609644.34,0.0,0.0,0
15m,1750529700.0,2.1016,2.1029,2.0926,2.0992,272955.49,0.0,0.0,0
15m,1750530600.0,2.0992,2.1061,2.0953,2.099,228492.62,0.0,0.0,0
15m,1750531500.0,2.099,2.099,2.0782,2.0826,1096428.86,0.0,0.0,0
15m,1750532400.0,2.0826,2.0878,2.0779,2.0831,711083.31,0.0,0.0,0
15m,1750533300.0,2.0831,2.0877,2.0792,2.0818,314046.44,0.0,0.0,0
15m,1750534200.0,2.0818,2.0829,2.0728,2.0751,1013395.04,0.0,0.0,0
15m,1750535100.0,2.0751,2.0782,2.0697,2.0709,390570.19,0.0,0.0,0
15m,1750536000.0,2.0709,2.0789,2.0674,2.0776,462470.79,0.0,0.0,0
15m,1750536900.0,2.0776,2.0789,2.0701,2.0754,289344.08,0.0,0.0,0
15m,1750537800.0,2.0754,2.0848,2.0749,2.0823,795117.89,0.0,0.0,0
15m,1750538700.0,2.0823,2.0936,2.0817,2.0876,558216.96,0.0,0.0,0
15m,1750539600.0,2.0876,2.0893,2.0791,2.0791,469308.38,0.0,0.0,0
15m,1750540500.0,2.0791,2.0841,2.0214,2.0464,4100687.48,0.0,0.0,0
15m,1750541400.0,2.0464,2.0498,1.9929,2.0496,4908871.26,0.0,0.0,0
15m,1750542300.0,2.0496,2.0582,2.0365,2.0376,1214314.47,0.0,0.0,0
15m,1750543200.0,2.0376,2.0507,2.0354,2.0504,1215913.0,0.0,0.0,0
15m,1750544100.0,2.0504,2.0622,2.0467,2.0588,1153412.21,0.0,0.0,0
15m,1750545000.0,2.0588,2.0601,2.048,2.0497,975845.76,0.0,0.0,0
15m,1750545900.0,2.0497,2.0561,2.047,2.0552,1013986.52,0.0,0.0,0
15m,1750546800.0,2.0552,2.0588,2.0487,2.0498,417390.17,0.0,0.0,0
15m,1750547700.0,2.0498,2.0534,2.0418,2.0434,587051.86,0.0,0.0,0
15m,1750548600.0,2.0434,2.0439,2.0279,2.0309,901212.92,0.0,0.0,0
15m,1750549500.0,2.0309,2.0659,2.0194,2.0636,2527703.91,0.0,0.0,0
15m,1750550400.0,2.0636,2.0684,2.0489,2.0525,1244592.68,0.0,0.0,0
15m,1750551300.0,2.0525,2.0731,2.0521,2.0664,770102.3,0.0,0.0,0
15m,1750552200.0,2.0664,2.0846,2.064,2.0803,549044.3,0.0,0.0,0
15m,1750553100.0,2.0803,2.0873,2.0782,2.0825,342100.16,0.0,0.0,0
15m,1750554000.0,2.0825,2.0882,2.0777,2.0822,305353.91,0.0,0.0,0
15m,1750554900.0,2.0822,2.0833,2.0701,2.0748,381330.04,0.0,0.0,0
15m,1750555800.0,2.0748,2.0755,2.0613,2.0679,318775.95,0.0,0.0,0
15m,1750556700.0,2.0679,2.0727,2.059,2.06,206357.62,0.0,0.0,0
15m,1750557600.0,2.06,2.073,2.0497,2.0597,548718.64,0.0,0.0,0
15m,1750558500.0,2.0597,2.0611,2.0429,2.048,548658.0,0.0,0.0,0
15m,1750559400.0,2.048,2.0526,2.0392,2.0503,581905.3,0.0,0.0,0
15m,1750560300.0,2.0503,2.0617,2.0466,2.0552,436321.4,0.0,0.0,0
15m,1750561200.0,2.0552,2.0693,2.0552,2.0648,252526.75,0.0,0.0,0
15m,1750562100.0,2.0648,2.0691,2.0545,2.0557,235899.88,0.0,0.0,0
15m,1750563000.0,2.0557,2.0607,2.0505,2.0576,233480.67,0.0,0.0,0
15m,1750563900.0,2.0576,2.0603,2.0515,2.0594,222699.75,0.0,0.0,0
15m,1750564800.0,2.0594,2.076,2.0564,2.0742,349370.69,0.0,0.0,0
15m,1750565700.0,2.0742,2.0762,2.0691,2.0732,225101.89,0.0,0.0,0
15m,1750566600.0,2.0732,2.0799,2.0697,2.0728,326626.19,0.0,0.0,0
15m,1750567500.0,2.0728,2.0789,2.0716,2.0738,175942.96,0.0,0.0,0
15m,1750568400.0,2.0738,2.0789,2.0719,2.0751,168009.46,0.0,0.0,0
15m,1750569300.0,2.0751,2.0815,2.074,2.0779,293369.38,0.0,0.0,0
15m,1750570200.0,2.0779,2.0781,2.0698,2.0727,213204.76,0.0,0.0,0
15m,1750571100.0,2.0727,2.082,2.0723,2.0811,245558.82,0.0,0.0,0
15m,1750572000.0,2.0811,2.0858,2.0767,2.085,450309.57,0.0,0.0,0
15m,1750572900.0,2.085,2.0894,2.0818,2.0853,279718.28,0.0,0.0,0
15m,1750573800.0,2.0853,2.0884,2.0817,2.0818,220292.93,0.0,0.0,0
15m,1750574700.0,2.0818,2.0842,2.0805,2.0842,87034.2,0.0,0.0,0
15m,1750575600.0,2.0842,2.0854,2.0791,2.0794,196260.75,0.0,0.0,0
15m,1750576500.0,2.0794,2.0817,2.0751,2.0781,291119.9,0.0,0.0,0
15m,1750577400.0,2.0781,2.0781,2.0697,2.0709,682054.89,0.0,0.0,0
15m,1750578300.0,2.0709,2.0716,2.0653,2.0685,341062.14,0.0,0.0,0
15m,1750579200.0,2.0685,2.0737,2.0626,2.067,516765.3,0.0,0.0,0
15m,1750580100.0,2.067,2.0711,2.0648,2.0702,234448.91,0.0,0.0,0
15m,1750581000.0,2.0702,2.074,2.0655,2.0722,126786.55,0.0,0.0,0
15m,1750581900.0,2.0722,2.0731,2.0671,2.0722,109797.8,0.0,0.0,0
15m,1750582800.0,2.0722,2.0778,2.0681,2.0718,332989.68,0.0,0.0,0
15m,1750583700.0,2.0718,2.0748,2.0555,2.0561,352166.09,0.0,0.0,0
15m,1750584600.0,2.0561,2.0613,2.0518,2.0564,366748.39,0.0,0.0,0
15m,1750585500.0,2.0564,2.0584,2.0328,2.0376,1183037.72,0.0,0.0,0
15m,1750586400.0,2.0376,2.0435,2.033,2.0435,662935.65,0.0,0.0,0
15m,1750587300.0,2.0435,2.0443,2.0365,2.0389,367675.97,0.0,0.0,0
15m,1750588200.0,2.0389,2.0438,2.0365,2.0438,289839.96,0.0,0.0,0
15m,1750589100.0,2.0438,2.0478,2.0345,2.0347,327568.18,0.0,0.0,0
15m,1750590000.0,2.0347,2.0397,2.0302,2.0366,389328.3,0.0,0.0,0
15m,1750590900.0,2.0366,2.043,2.0252,2.0305,635578.05,0.0,0.0,0
15m,1750591800.0,2.0305,2.0326,2.0161,2.02,685413.31,0.0,0.0,0
15m,1750592700.0,2.02,2.0273,2.0137,2.0253,441590.89,0.0,0.0,0
15m,1750593600.0,2.0253,2.0293,2.0169,2.0194,688611.72,0.0,0.0,0
15m,1750594500.0,2.0194,2.0202,2.0083,2.0132,603210.54,0.0,0.0,0
15m,1750595400.0,2.0132,2.0146,2.0,2.0071,1100236.39,0.0,0.0,0
15m,1750596300.0,2.0071,2.0234,2.0021,2.0223,633422.78,0.0,0.0,0
15m,1750597200.0,2.0223,2.0276,2.0066,2.0072,743196.62,0.0,0.0,0
15m,1750598100.0,2.0072,2.0074,1.9471,1.9586,5053043.55,0.0,0.0,0
15m,1750599000.0,1.9586,1.9794,1.9421,1.9462,5253425.75,0.0,0.0,0
15m,1750599900.0,1.9462,1.9701,1.9429,1.9616,2880342.85,0.0,0.0,0
15m,1750600800.0,1.9616,1.9764,1.9594,1.9596,2005849.13,0.0,0.0,0
15m,1750601700.0,1.9596,1.9618,1.9248,1.9321,4589706.0,0.0,0.0,0
15m,1750602600.0,1.9321,1.9494,1.925,1.9298,3136487.35,0.0,0.0,0
15m,1750603500.0,1.9298,1.9556,1.9281,1.9524,2131475.28,0.0,0.0,0
15m,1750604400.0,1.9524,1.9603,1.9454,1.9495,2425186.84,0.0,0.0,0
15m,1750605300.0,1.9495,1.9608,1.9467,1.9467,963315.9,0.0,0.0,0
15m,1750606200.0,1.9467,1.9537,1.9357,1.9373,666966.5,0.0,0.0,0
15m,1750607100.0,1.9373,1.9421,1.9295,1.9345,758564.45,0.0,0.0,0
15m,1750608000.0,1.9345,1.9462,1.9289,1.932,1006323.47,0.0,0.0,0
15m,1750608900.0,1.932,1.9425,1.929,1.9375,764770.27,0.0,0.0,0
15m,1750609800.0,1.9375,1.9559,1.9364,1.9458,618301.22,0.0,0.0,0
15m,1750610700.0,1.9458,1.9617,1.9445,1.9605,1127272.67,0.0,0.0,0
15m,1750611600.0,1.9605,1.9822,1.9567,1.9743,1162285.2,0.0,0.0,0
15m,1750612500.0,1.9743,1.9752,1.9555,1.9587,744303.19,0.0,0.0,0
15m,1750613400.0,1.9587,1.9728,1.9575,1.9728,362852.49,0.0,0.0,0
15m,1750614300.0,1.9728,1.9794,1.9672,1.9762,795321.93,0.0,0.0,0
15m,1750615200.0,1.9762,1.9836,1.9694,1.9694,556075.69,0.0,0.0,0
15m,1750616100.0,1.9694,1.9771,1.9678,1.9765,354947.68,0.0,0.0,0
15m,1750617000.0,1.9765,1.9796,1.9673,1.9796,307518.8,0.0,0.0,0
15m,1750617900.0,1.9796,1.9797,1.9634,1.9645,203740.38,0.0,0.0,0
15m,1750618800.0,1.9645,1.9685,1.9581,1.9605,456035.58,0.0,0.0,0
15m,1750619700.0,1.9605,1.9626,1.9535,1.9587,474719.08,0.0,0.0,0
15m,1750620600.0,1.9587,1.9617,1.9537,1.9578,194472.52,0.0,0.0,0
15m,1750621500.0,1.9578,1.9659,1.9541,1.9642,284921.77,0.0,0.0,0
15m,1750622400.0,1.9642,1.9658,1.9315,1.9355,1662427.64,0.0,0.0,0
15m,1750623300.0,1.9355,1.9415,1.9084,1.9123,2858855.34,0.0,0.0,0
15m,1750624200.0,1.9123,1.9534,1.9089,1.9525,1746378.29,0.0,0.0,0
15m,1750625100.0,1.9525,1.9803,1.9484,1.968,1221628.22,0.0,0.0,0
15m,1750626000.0,1.968,1.9766,1.9641,1.9726,1075133.43,0.0,0.0,0
15m,1750626900.0,1.9726,1.9771,1.965,1.9651,689039.05,0.0,0.0,0
15m,1750627800.0,1.9651,1.973,1.9564,1.9727,522417.0,0.0,0.0,0
15m,1750628700.0,1.9727,1.973,1.955,1.9591,197343.73,0.0,0.0,0
15m,1750629600.0,1.9591,1.9855,1.9429,1.978,2391452.08,0.0,0.0,0
15m,1750630500.0,1.978,1.9843,1.9662,1.9757,1054501.19,0.0,0.0,0
15m,1750631400.0,1.9757,2.0048,1.9755,2.003,1029057.4,0.0,0.0,0
15m,1750632300.0,2.003,2.0165,1.9956,2.0161,1482871.69,0.0,0.0,0
15m,1750633200.0,2.0161,2.0232,2.006,2.0108,1085219.73,0.0,0.0,0
15m,1750634100.0,2.0108,2.0217,2.0088,2.0183,966302.16,0.0,0.0,0
15m,1750635000.0,2.0183,2.0183,2.009,2.0132,419074.93,0.0,0.0,0
15m,1750635900.0,2.0132,2.0199,2.0084,2.0172,1430908.73,0.0,0.0,0
15m,1750636800.0,2.0172,2.0178,2.0106,2.0147,590422.3,0.0,0.0,0
15m,1750637700.0,2.0147,2.0241,2.0139,2.0185,392389.13,0.0,0.0,0
15m,1750638600.0,2.0185,2.0307,2.011,2.0295,455065.53,0.0,0.0,0
15m,1750639500.0,2.0295,2.0327,2.0146,2.0167,561820.98,0.0,0.0,0
15m,1750640400.0,2.0167,2.0169,2.01,2.0132,245405.68,0.0,0.0,0
15m,1750641300.0,2.0132,2.0147,2.0056,2.0062,244809.64,0.0,0.0,0
15m,1750642200.0,2.0062,2.0105,2.0038,2.0105,247723.48,0.0,0.0,0
15m,1750643100.0,2.0105,2.0226,2.0095,2.0222,229325.39,0.0,0.0,0
15m,1750644000.0,2.0222,2.0241,2.0157,2.0163,291436.98,0.0,0.0,0
15m,1750644900.0,2.0163,2.0197,2.0116,2.0185,296454.07,0.0,0.0,0
15m,1750645800.0,2.0185,2.0209,2.0138,2.017,195626.82,0.0,0.0,0
15m,1750646700.0,2.017,2.0181,2.0119,2.0165,156932.6,0.0,0.0,0
15m,1750647600.0,2.0165,2.0236,2.0119,2.0236,256677.07,0.0,0.0,0
15m,1750648500.0,2.0236,2.0254,2.0158,2.0175,305161.73,0.0,0.0,0
15m,1750649400.0,2.0175,2.0202,2.0139,2.0144,168953.84,0.0,0.0,0
15m,1750650300.0,2.0144,2.0198,2.0136,2.0183,266558.65,0.0,0.0,0
15m,1750651200.0,2.0183,2.0213,2.0126,2.0151,222364.49,0.0,0.0,0
15m,1750652100.0,2.0151,2.0267,2.0151,2.0222,258367.85,0.0,0.0,0
15m,1750653000.0,2.0222,2.025,2.019,2.0213,205172.93,0.0,0.0,0
15m,1750653900.0,2.0213,2.0224,2.0171,2.0217,178188.62,0.0,0.0,0
15m,1750654800.0,2.0217,2.0255,2.0178,2.0182,445626.24,0.0,0.0,0
15m,1750655700.0,2.0182,2.0251,2.0173,2.0222,305915.24,0.0,0.0,0
15m,1750656600.0,2.0222,2.0249,2.0193,2.0241,269102.03,0.0,0.0,0
15m,1750657500.0,2.0241,2.0327,2.023,2.0312,567481.14,0.0,0.0,0
15m,1750658400.0,2.0312,2.0354,2.0287,2.0305,553853.56,0.0,0.0,0
15m,1750659300.0,2.0305,2.0328,2.0205,2.0205,445625.42,0.0,0.0,0
15m,1750660200.0,2.0205,2.023,2.015,2.0162,575784.39,0.0,0.0,0
15m,1750661100.0,2.0162,2.0227,2.0106,2.0224,650823.33,0.0,0.0,0
15m,1750662000.0,2.0224,2.0317,2.0209,2.0214,524717.21,0.0,0.0,0
15m,1750662900.0,2.0214,2.0214,2.0149,2.0164,282339.22,0.0,0.0,0
15m,1750663800.0,2.0164,2.0232,2.0138,2.0229,477156.6,0.0,0.0,0
15m,1750664700.0,2.0229,2.0261,2.0212,2.0237,229908.15,0.0,0.0,0
15m,1750665600.0,2.0237,2.0279,2.0197,2.0224,363781.19,0.0,0.0,0
15m,1750666500.0,2.0224,2.0243,2.0181,2.0192,259440.89,0.0,0.0,0
15m,1750667400.0,2.0192,2.0193,2.0128,2.0174,157839.67,0.0,0.0,0
15m,1750668300.0,2.0174,2.0211,2.0166,2.0198,191138.91,0.0,0.0,0
15m,1750669200.0,2.0198,2.0205,2.0136,2.014,290840.37,0.0,0.0,0
15m,1750670100.0,2.014,2.0159,2.0052,2.0057,456089.12,0.0,0.0,0
15m,1750671000.0,2.0057,2.0089,2.0047,2.0079,307288.63,0.0,0.0,0
15m,1750671900.0,2.0079,2.0099,2.006,2.0079,168390.0,0.0,0.0,0
15m,1750672800.0,2.0079,2.0082,2.0006,2.0037,587582.24,0.0,0.0,0
15m,1750673700.0,2.0037,2.0037,1.9947,1.9947,709573.39,0.0,0.0,0
15m,1750674600.0,1.9947,1.9979,1.9866,1.9885,547604.08,0.0,0.0,0
15m,1750675500.0,1.9885,1.995,1.9885,1.9946,364331.91,0.0,0.0,0
15m,1750676400.0,1.9946,2.0007,1.9924,1.9975,691411.57,0.0,0.0,0
15m,1750677300.0,1.9975,1.999,1.9903,1.9926,388178.38,0.0,0.0,0
15m,1750678200.0,1.9926,1.9987,1.9923,1.9974,241766.45,0.0,0.0,0
15m,1750679100.0,1.9974,2.0036,1.9944,2.0014,309860.74,0.0,0.0,0
15m,1750680000.0,2.0014,2.0036,1.9956,2.0028,217200.27,0.0,0.0,0
15m,1750680900.0,2.0028,2.0057,2.0005,2.0023,419282.1,0.0,0.0,0
15m,1750681800.0,2.0023,2.0157,2.0002,2.0129,437257.29,0.0,0.0,0
15m,1750682700.0,2.0129,2.0202,2.0126,2.02,354547.88,0.0,0.0,0
15m,1750683600.0,2.02,2.0207,1.9995,2.0019,335923.0,0.0,0.0,0
15m,1750684500.0,2.0019,2.0037,1.996,1.9978,305302.42,0.0,0.0,0
15m,1750685400.0,1.9978,2.035,1.986,2.0237,1727727.0,0.0,0.0,0
15m,1750686300.0,2.0237,2.0325,2.0104,2.0289,1415890.06,0.0,0.0,0
15m,1750687200.0,2.0289,2.039,2.0241,2.0283,1345493.3,0.0,0.0,0
15m,1750688100.0,2.0283,2.0293,2.0132,2.0155,726041.06,0.0,0.0,0
15m,1750689000.0,2.0155,2.0236,2.0126,2.022,544897.23,0.0,0.0,0
15m,1750689900.0,2.022,2.0252,2.0153,2.0192,260884.9,0.0,0.0,0
15m,1750690800.0,2.0192,2.0296,2.0179,2.0253,389769.94,0.0,0.0,0
15m,1750691700.0,2.0253,2.026,2.0121,2.0121,478542.42,0.0,0.0,0
15m,1750692600.0,2.0121,2.0164,2.0038,2.0061,479452.77,0.0,0.0,0
15m,1750693500.0,2.0061,2.0066,1.9945,1.9987,1517517.22,0.0,0.0,0
15m,1750694400.0,1.9987,2.0007,1.9903,1.9912,550822.89,0.0,0.0,0
15m,1750695300.0,1.9912,1.9963,1.9726,1.9741,1122777.21,0.0,0.0,0
15m,1750696200.0,1.9741,1.9817,1.9612,1.9767,1393400.27,0.0,0.0,0
15m,1750697100.0,1.9767,1.9856,1.963,1.9723,1268043.8,0.0,0.0,0
15m,1750698000.0,1.9723,2.0006,1.9659,1.9885,1223431.67,0.0,0.0,0
15m,1750698900.0,1.9885,2.0211,1.9885,2.0175,1944798.4,0.0,0.0,0
15m,1750699800.0,2.0175,2.0524,2.0173,2.0298,2122589.75,0.0,0.0,0
15m,1750700700.0,2.0298,2.0328,2.0176,2.0279,487095.62,0.0,0.0,0
15m,1750701600.0,2.0279,2.0478,2.0274,2.0455,687415.76,0.0,0.0,0
15m,1750702500.0,2.0455,2.0548,2.0415,2.0429,906372.0,0.0,0.0,0
15m,1750703400.0,2.0429,2.0566,2.0417,2.055,570684.45,0.0,0.0,0
15m,1750704300.0,2.055,2.055,2.0441,2.0467,486886.93,0.0,0.0,0
15m,1750705200.0,2.0467,2.0617,2.0463,2.0588,886035.89,0.0,0.0,0
15m,1750706100.0,2.0588,2.0605,2.0507,2.0537,451672.94,0.0,0.0,0
15m,1750707000.0,2.0537,2.0627,2.0482,2.051,293472.12,0.0,0.0,0
15m,1750707900.0,2.051,2.0632,2.0465,2.0579,744889.5,0.0,0.0,0
15m,1750708800.0,2.0579,2.0817,2.0571,2.0762,1465467.58,0.0,0.0,0
15m,1750709700.0,2.0762,2.0992,2.0735,2.094,1185937.79,0.0,0.0,0
15m,1750710600.0,2.094,2.0947,2.0802,2.0855,607273.58,0.0,0.0,0
15m,1750711500.0,2.0855,2.0864,2.0757,2.0762,325131.24,0.0,0.0,0
15m,1750712400.0,2.0762,2.0838,2.075,2.0807,457671.44,0.0,0.0,0
15m,1750713300.0,2.0807,2.0885,2.0769,2.0784,392073.73,0.0,0.0,0
15m,1750714200.0,2.0784,2.0828,2.0767,2.08,164900.79,0.0,0.0,0
15m,1750715100.0,2.08,2.0918,2.08,2.0894,195466.33,0.0,0.0,0
15m,1750716000.0,2.0894,2.1364,2.0878,2.1339,2001794.61,0.0,0.0,0
15m,1750716900.0,2.1339,2.1686,2.1309,2.1654,3350365.08,0.0,0.0,0
15m,1750717800.0,2.1654,2.1703,2.1322,2.1376,1682914.69,0.0,0.0,0
15m,1750718700.0,2.1376,2.1644,2.1338,2.1577,1213294.07,0.0,0.0,0
15m,1750719600.0,2.1577,2.1681,2.1545,2.1674,911825.33,0.0,0.0,0
15m,1750720500.0,2.1674,2.1697,2.1562,2.1629,853688.45,0.0,0.0,0
15m,1750721400.0,2.1629,2.1649,2.1585,2.161,370869.05,0.0,0.0,0
15m,1750722300.0,2.161,2.1685,2.1551,2.1582,511268.29,0.0,0.0,0
15m,1750723200.0,2.1582,2.1663,2.1523,2.1536,418954.03,0.0,0.0,0
15m,1750724100.0,2.1536,2.1549,2.1436,2.1449,509162.42,0.0,0.0,0
15m,1750725000.0,2.1449,2.1592,2.1422,2.1583,781918.77,0.0,0.0,0
15m,1750725900.0,2.1583,2.1587,2.1468,2.151,590939.21,0.0,0.0,0
15m,1750726800.0,2.151,2.1552,2.1471,2.1508,282919.53,0.0,0.0,0
15m,1750727700.0,2.1508,2.1606,2.1468,2.1572,472537.1,0.0,0.0,0
15m,1750728600.0,2.1572,2.1581,2.1513,2.154,548442.11,0.0,0.0,0
15m,1750729500.0,2.154,2.1569,2.1506,2.1543,199646.06,0.0,0.0,0
15m,1750730400.0,2.1543,2.1543,2.1379,2.1397,361917.34,0.0,0.0,0
15m,1750731300.0,2.1397,2.1411,2.1341,2.1396,266192.8,0.0,0.0,0
15m,1750732200.0,2.1396,2.1396,2.1328,2.1341,337680.68,0.0,0.0,0
15m,1750733100.0,2.1341,2.136,2.1316,2.1341,354390.95,0.0,0.0,0
15m,1750734000.0,2.1341,2.142,2.1331,2.1411,277303.36,0.0,0.0,0
15m,1750734900.0,2.1411,2.1476,2.1403,2.1454,373336.75,0.0,0.0,0
15m,1750735800.0,2.1454,2.1494,2.1434,2.1471,247898.67,0.0,0.0,0
15m,1750736700.0,2.1471,2.152,2.1455,2.1507,304248.25,0.0,0.0,0
15m,1750737600.0,2.1507,2.1547,2.1487,2.1487,316183.57,0.0,0.0,0
15m,1750738500.0,2.1487,2.1548,2.1469,2.1535,286460.59,0.0,0.0,0
15m,1750739400.0,2.1535,2.1545,2.1493,2.1513,221380.96,0.0,0.0,0
15m,1750740300.0,2.1513,2.155,2.147,2.1493,265971.83,0.0,0.0,0
15m,1750741200.0,2.1493,2.159,2.1493,2.1584,278107.29,0.0,0.0,0
15m,1750742100.0,2.1584,2.169,2.1565,2.1679,669724.36,0.0,0.0,0
15m,1750743000.0,2.1679,2.1867,2.1673,2.1856,1390135.34,0.0,0.0,0
15m,1750743900.0,2.1856,2.2055,2.1853,2.2031,2135738.36,0.0,0.0,0
15m,1750744800.0,2.2031,2.2106,2.1876,2.1882,1062522.28,0.0,0.0,0
15m,1750745700.0,2.1882,2.1951,2.1819,2.1862,709359.46,0.0,0.0,0
15m,1750746600.0,2.1862,2.1975,2.1812,2.1951,655203.56,0.0,0.0,0
15m,1750747500.0,2.1951,2.2024,2.1921,2.1923,593736.35,0.0,0.0,0
15m,1750748400.0,2.1923,2.1956,2.1855,2.1868,702815.98,0.0,0.0,0
15m,1750749300.0,2.1868,2.2045,2.1857,2.1932,996945.46,0.0,0.0,0
15m,1750750200.0,2.1932,2.1941,2.1796,2.1859,636054.56,0.0,0.0,0
15m,1750751100.0,2.1859,2.1861,2.1746,2.1783,924667.92,0.0,0.0,0
15m,1750752000.0,2.1783,2.1827,2.1657,2.1718,803159.38,0.0,0.0,0
15m,1750752900.0,2.1718,2.1784,2.1609,2.1781,1437313.56,0.0,0.0,0
15m,1750753800.0,2.1781,2.1839,2.172,2.1788,765183.4,0.0,0.0,0
15m,1750754700.0,2.1788,2.1802,2.1729,2.18,344505.48,0.0,0.0,0
15m,1750755600.0,2.18,2.185,2.1767,2.1836,533497.49,0.0,0.0,0
15m,1750756500.0,2.1836,2.2064,2.1811,2.1981,855335.56,0.0,0.0,0
15m,1750757400.0,2.1981,2.2008,2.1799,2.1827,805921.76,0.0,0.0,0
15m,1750758300.0,2.1827,2.1886,2.1819,2.1842,391786.96,0.0,0.0,0
15m,1750759200.0,2.1842,2.1919,2.1835,2.1897,332581.97,0.0,0.0,0
15m,1750760100.0,2.1897,2.1961,2.1843,2.1856,297752.37,0.0,0.0,0
15m,1750761000.0,2.1856,2.1899,2.1804,2.1814,311814.11,0.0,0.0,0
15m,1750761900.0,2.1814,2.1864,2.1814,2.1841,156581.63,0.0,0.0,0
15m,1750762800.0,2.1841,2.1876,2.1764,2.177,389084.1,0.0,0.0,0
15m,1750763700.0,2.177,2.1829,2.1686,2.1829,579095.82,0.0,0.0,0
15m,1750764600.0,2.1829,2.1849,2.1765,2.1768,422885.84,0.0,0.0,0
15m,1750765500.0,2.1768,2.1841,2.1768,2.1838,323078.12,0.0,0.0,0
15m,1750766400.0,2.1838,2.1857,2.1799,2.1808,194188.5,0.0,0.0,0
15m,1750767300.0,2.1808,2.1836,2.1727,2.176,260044.55,0.0,0.0,0
15m,1750768200.0,2.176,2.1766,2.1658,2.1747,537642.84,0.0,0.0,0
15m,1750769100.0,2.1747,2.1814,2.1692,2.1797,357769.93,0.0,0.0,0
15m,1750770000.0,2.1797,2.181,2.1739,2.1776,256094.49,0.0,0.0,0
15m,1750770900.0,2.1776,2.1833,2.1692,2.1723,262459.52,0.0,0.0,0
15m,1750771800.0,2.1723,2.1821,2.1655,2.174,419476.64,0.0,0.0,0
15m,1750772700.0,2.174,2.182,2.167,2.1738,629264.18,0.0,0.0,0
15m,1750773600.0,2.1738,2.1844,2.1731,2.1828,794402.53,0.0,0.0,0
15m,1750774500.0,2.1828,2.1919,2.1824,2.1855,740488.5,0.0,0.0,0
15m,1750775400.0,2.1855,2.1919,2.1824,2.1895,386173.69,0.0,0.0,0
15m,1750776300.0,2.1895,2.1915,2.1782,2.1841,418596.86,0.0,0.0,0
15m,1750777200.0,2.1841,2.1939,2.1833,2.1838,416320.19,0.0,0.0,0
15m,1750778100.0,2.1838,2.1927,2.1823,2.1909,256199.67,0.0,0.0,0
15m,1750779000.0,2.1909,2.1914,2.1757,2.1767,269928.2,0.0,0.0,0
15m,1750779900.0,2.1767,2.1924,2.1765,2.188,306187.79,0.0,0.0,0
15m,1750780800.0,2.188,2.1951,2.1853,2.1889,304691.75,0.0,0.0,0
15m,1750781700.0,2.1889,2.1946,2.1887,2.1921,288624.05,0.0,0.0,0
15m,1750782600.0,2.1921,2.2023,2.1851,2.2,884601.88,0.0,0.0,0
15m,1750783500.0,2.2,2.2095,2.1959,2.2089,789442.85,0.0,0.0,0
15m,1750784400.0,2.2089,2.2096,2.1959,2.1965,756202.95,0.0,0.0,0
15m,1750785300.0,2.1965,2.2012,2.1841,2.1864,591607.89,0.0,0.0,0
15m,1750786200.0,2.1864,2.1955,2.1854,2.1944,250279.25,0.0,0.0,0
15m,1750787100.0,2.1944,2.2014,2.1944,2.1987,296931.08,0.0,0.0,0
15m,1750788000.0,2.1987,2.201,2.1925,2.1927,194880.09,0.0,0.0,0
15m,1750788900.0,2.1927,2.1998,2.1858,2.1995,186705.51,0.0,0.0,0
15m,1750789800.0,2.1995,2.2,2.1944,2.1964,215430.21,0.0,0.0,0
15m,1750790700.0,2.1964,2.202,2.1936,2.1948,296577.63,0.0,0.0,0
15m,1750791600.0,2.1948,2.2005,2.1903,2.1973,197479.04,0.0,0.0,0
15m,1750792500.0,2.1973,2.2054,2.1966,2.2012,952486.46,0.0,0.0,0
15m,1750793400.0,2.2012,2.2061,2.1976,2.2017,360543.49,0.0,0.0,0
15m,1750794300.0,2.2017,2.2078,2.19,2.207,584144.43,0.0,0.0,0
15m,1750795200.0,2.207,2.2124,2.1958,2.198,704284.93,0.0,0.0,0
15m,1750796100.0,2.198,2.206,2.1973,2.2045,302672.28,0.0,0.0,0
15m,1750797000.0,2.2045,2.2059,2.2008,2.2022,303505.94,0.0,0.0,0
15m,1750797900.0,2.2022,2.2165,2.2003,2.2162,650363.39,0.0,0.0,0
15m,1750798800.0,2.2162,2.2167,2.2035,2.2105,359229.45,0.0,0.0,0
15m,1750799700.0,2.2105,2.2107,2.2025,2.208,258604.52,0.0,0.0,0
15m,1750800600.0,2.208,2.2085,2.1987,2.2005,196924.8,0.0,0.0,0
15m,1750801500.0,2.2005,2.2068,2.2004,2.2039,118182.69,0.0,0.0,0
15m,1750802400.0,2.2039,2.2044,2.1884,2.189,414277.77,0.0,0.0,0
15m,1750803300.0,2.189,2.1937,2.1834,2.185,623060.03,0.0,0.0,0
15m,1750804200.0,2.185,2.1862,2.1797,2.1846,490462.91,0.0,0.0,0
15m,1750805100.0,2.1846,2.188,2.1813,2.1874,132529.35,0.0,0.0,0
15m,1750806000.0,2.1874,2.1898,2.1801,2.181,254704.39,0.0,0.0,0
15m,1750806900.0,2.181,2.1837,2.1777,2.1819,276215.07,0.0,0.0,0
15m,1750807800.0,2.1819,2.1884,2.1796,2.1883,226650.68,0.0,0.0,0
15m,1750808700.0,2.1883,2.1912,2.1866,2.1896,89262.92,0.0,0.0,0
15m,1750809600.0,2.1896,2.1971,2.1865,2.1966,326588.45,0.0,0.0,0
15m,1750810500.0,2.1966,2.1972,2.1901,2.1912,163923.04,0.0,0.0,0
15m,1750811400.0,2.1912,2.1915,2.1813,2.1837,287600.72,0.0,0.0,0
15m,1750812300.0,2.1837,2.1979,2.1827,2.1962,419526.9,0.0,0.0,0
15m,1750813200.0,2.1962,2.1983,2.1889,2.1932,292908.94,0.0,0.0,0
15m,1750814100.0,2.1932,2.1959,2.1848,2.1889,532273.81,0.0,0.0,0
15m,1750815000.0,2.1889,2.1953,2.1852,2.1946,339079.61,0.0,0.0,0
15m,1750815900.0,2.1946,2.1951,2.1882,2.1891,221383.59,0.0,0.0,0
15m,1750816800.0,2.1891,2.1951,2.1872,2.1894,169802.18,0.0,0.0,0
15m,1750817700.0,2.1894,2.1931,2.1858,2.1863,219034.38,0.0,0.0,0
15m,1750818600.0,2.1863,2.1869,2.1817,2.1838,204113.1,0.0,0.0,0
15m,1750819500.0,2.1838,2.1892,2.1821,2.1828,110405.14,0.0,0.0,0
15m,1750820400.0,2.1828,2.1868,2.177,2.1854,225399.79,0.0,0.0,0
15m,1750821300.0,2.1854,2.1884,2.1823,2.1837,133249.58,0.0,0.0,0
15m,1750822200.0,2.1837,2.1863,2.182,2.1821,139424.99,0.0,0.0,0
15m,1750823100.0,2.1821,2.1844,2.1776,2.1785,268301.78,0.0,0.0,0
15m,1750824000.0,2.1785,2.1799,2.1748,2.1748,216739.7,0.0,0.0,0
15m,1750824900.0,2.1748,2.1799,2.1739,2.1788,154016.62,0.0,0.0,0
15m,1750825800.0,2.1788,2.1796,2.1734,2.1749,197919.51,0.0,0.0,0
15m,1750826700.0,2.1749,2.1776,2.173,2.1765,242995.44,0.0,0.0,0
15m,1750827600.0,2.1765,2.1795,2.1739,2.1754,164986.81,0.0,0.0,0
15m,1750828500.0,2.1754,2.1758,2.1698,2.1741,369609.31,0.0,0.0,0
15m,1750829400.0,2.1741,2.1815,2.1701,2.1784,321786.38,0.0,0.0,0
15m,1750830300.0,2.1784,2.1828,2.1773,2.1804,265448.39,0.0,0.0,0
15m,1750831200.0,2.1804,2.1829,2.1708,2.1736,703102.04,0.0,0.0,0
15m,1750832100.0,2.1736,2.1811,2.1727,2.181,137342.78,0.0,0.0,0
15m,1750833000.0,2.181,2.1812,2.1769,2.1806,109822.45,0.0,0.0,0
15m,1750833900.0,2.1806,2.1846,2.1785,2.1837,193569.93,0.0,0.0,0
15m,1750834800.0,2.1837,2.1841,2.1779,2.1797,161971.34,0.0,0.0,0
15m,1750835700.0,2.1797,2.1867,2.1791,2.1856,294143.33,0.0,0.0,0
15m,1750836600.0,2.1856,2.1867,2.182,2.1862,224058.86,0.0,0.0,0
15m,1750837500.0,2.1862,2.188,2.1839,2.1854,175530.9,0.0,0.0,0
15m,1750838400.0,2.1854,2.1886,2.1807,2.1871,332700.13,0.0,0.0,0
15m,1750839300.0,2.1871,2.1889,2.1797,2.1798,306926.29,0.0,0.0,0
15m,1750840200.0,2.1798,2.1798,2.1751,2.1775,202180.14,0.0,0.0,0
15m,1750841100.0,2.1775,2.1832,2.1736,2.1832,153712.87,0.0,0.0,0
15m,1750842000.0,2.1832,2.1881,2.1804,2.1849,311843.8,0.0,0.0,0
15m,1750842900.0,2.1849,2.1888,2.1848,2.1866,379542.31,0.0,0.0,0
15m,1750843800.0,2.1866,2.188,2.1751,2.1767,560503.3,0.0,0.0,0
15m,1750844700.0,2.1767,2.1854,2.1765,2.1839,296612.73,0.0,0.0,0
15m,1750845600.0,2.1839,2.1869,2.1804,2.1838,242468.57,0.0,0.0,0
15m,1750846500.0,2.1838,2.1912,2.1807,2.1912,339723.3,0.0,0.0,0
15m,1750847400.0,2.1912,2.1912,2.1859,2.1888,221546.51,0.0,0.0,0
15m,1750848300.0,2.1888,2.1911,2.1871,2.1903,212955.75,0.0,0.0,0
15m,1750849200.0,2.1903,2.1914,2.1874,2.1879,261961.12,0.0,0.0,0
15m,1750850100.0,2.1879,2.1898,2.1836,2.1891,206789.78,0.0,0.0,0
15m,1750851000.0,2.1891,2.1954,2.1885,2.1952,337693.93,0.0,0.0,0
15m,1750851900.0,2.1952,2.1969,2.194,2.1949,182722.77,0.0,0.0,0
15m,1750852800.0,2.1949,2.1949,2.1886,2.1902,151734.42,0.0,0.0,0
15m,1750853700.0,2.1902,2.1917,2.1869,2.1885,214537.03,0.0,0.0,0
15m,1750854600.0,2.1885,2.1927,2.1871,2.1875,121840.89,0.0,0.0,0
15m,1750855500.0,2.1875,2.1896,2.1847,2.188,285973.89,0.0,0.0,0
15m,1750856400.0,2.188,2.1937,2.187,2.1929,235605.75,0.0,0.0,0
15m,1750857300.0,2.1929,2.2105,2.1911,2.2096,1241083.84,0.0,0.0,0
15m,1750858200.0,2.2096,2.221,2.2014,2.2186,972066.71,0.0,0.0,0
15m,1750859100.0,2.2186,2.2292,2.2115,2.2235,1297331.67,0.0,0.0,0
15m,1750860000.0,2.2235,2.2279,2.2115,2.2119,936925.69,0.0,0.0,0
15m,1750860900.0,2.2119,2.2122,2.1897,2.1998,1054213.77,0.0,0.0,0
15m,1750861800.0,2.1998,2.2071,2.1964,2.2027,966268.24,0.0,0.0,0
15m,1750862700.0,2.2027,2.2114,2.1993,2.2035,600117.09,0.0,0.0,0
15m,1750863600.0,2.2035,2.2035,2.192,2.1946,369159.92,0.0,0.0,0
15m,1750864500.0,2.1946,2.1955,2.1759,2.1829,1073125.73,0.0,0.0,0
15m,1750865400.0,2.1829,2.1869,2.1754,2.1828,543529.3,0.0,0.0,0
15m,1750866300.0,2.1828,2.1884,2.1781,2.1812,820201.17,0.0,0.0,0
15m,1750867200.0,2.1812,2.1874,2.1805,2.1842,248287.17,0.0,0.0,0
15m,1750868100.0,2.1842,2.1902,2.1842,2.1869,180522.88,0.0,0.0,0
15m,1750869000.0,2.1869,2.1877,2.1755,2.1781,947694.81,0.0,0.0,0
15m,1750869900.0,2.1781,2.1782,2.1717,2.1751,609589.13,0.0,0.0,0
15m,1750870800.0,2.1751,2.1847,2.1746,2.1833,398026.0,0.0,0.0,0
15m,1750871700.0,2.1833,2.1935,2.1832,2.1882,275099.03,0.0,0.0,0
15m,1750872600.0,2.1882,2.191,2.1782,2.1798,211036.08,0.0,0.0,0
15m,1750873500.0,2.1798,2.1929,2.1787,2.1891,279382.23,0.0,0.0,0
15m,1750874400.0,2.1891,2.1895,2.1849,2.1862,159453.74,0.0,0.0,0
15m,1750875300.0,2.1862,2.1922,2.1843,2.1895,128321.18,0.0,0.0,0
15m,1750876200.0,2.1895,2.1921,2.1849,2.1877,118664.02,0.0,0.0,0
15m,1750877100.0,2.1877,2.1903,2.1851,2.1884,63608.77,0.0,0.0,0
15m,1750878000.0,2.1884,2.1986,2.1884,2.1981,214037.28,0.0,0.0,0
15m,1750878900.0,2.1981,2.2028,2.1951,2.2012,256922.72,0.0,0.0,0
15m,1750879800.0,2.2012,2.2012,2.1919,2.1974,156695.46,0.0,0.0,0
15m,1750880700.0,2.1974,2.2075,2.1947,2.2057,180383.1,0.0,0.0,0
15m,1750881600.0,2.2057,2.2057,2.1989,2.2016,188098.82,0.0,0.0,0
15m,1750882500.0,2.2016,2.2032,2.1975,2.1989,300027.83,0.0,0.0,0
15m,1750883400.0,2.1989,2.2006,2.1947,2.1952,611883.83,0.0,0.0,0
15m,1750884300.0,2.1952,2.199,2.1943,2.1958,359872.31,0.0,0.0,0
15m,1750885200.0,2.1958,2.2021,2.1914,2.1918,211019.59,0.0,0.0,0
15m,1750886100.0,2.1918,2.1939,2.1855,2.1877,52224.9,0.0,0.0,0
15m,1750887000.0,2.1877,2.1896,2.1858,2.187,90687.7,0.0,0.0,0
15m,1750887900.0,2.187,2.1878,2.1836,2.1867,68430.25,0.0,0.0,0
15m,1750888800.0,2.1867,2.187,2.1805,2.1833,206265.75,0.0,0.0,0
15m,1750889700.0,2.1833,2.1856,2.1807,2.1816,79660.0,0.0,0.0,0
15m,1750890600.0,2.1816,2.1823,2.1787,2.1805,186068.94,0.0,0.0,0
15m,1750891500.0,2.1805,2.1825,2.1784,2.1807,86368.0,0.0,0.0,0
15m,1750892400.0,2.1807,2.1814,2.175,2.181,183146.88,0.0,0.0,0
15m,1750893300.0,2.181,2.1854,2.1809,2.1828,67145.72,0.0,0.0,0
15m,1750894200.0,2.1828,2.1869,2.1825,2.1868,66809.3,0.0,0.0,0
15m,1750895100.0,2.1868,2.1869,2.1809,2.1856,120716.41,0.0,0.0,0
15m,1750896000.0,2.1856,2.1891,2.183,2.1881,105655.9,0.0,0.0,0
15m,1750896900.0,2.1881,2.1923,2.1878,2.19,297128.45,0.0,0.0,0
15m,1750897800.0,2.19,2.191,2.1862,2.1877,101961.72,0.0,0.0,0
15m,1750898700.0,2.1877,2.1927,2.186,2.1873,502473.4,0.0,0.0,0
15m,1750899600.0,2.1873,2.1873,2.1839,2.1843,111635.25,0.0,0.0,0
15m,1750900500.0,2.1843,2.1943,2.1805,2.1942,244869.62,0.0,0.0,0
15m,1750901400.0,2.1942,2.2046,2.1895,2.1958,710160.44,0.0,0.0,0
15m,1750902300.0,2.1958,2.198,2.1928,2.1973,200253.16,0.0,0.0,0
15m,1750903200.0,2.1973,2.2033,2.1973,2.1974,301725.44,0.0,0.0,0
15m,1750904100.0,2.1974,2.1979,2.192,2.1921,76539.9,0.0,0.0,0
15m,1750905000.0,2.1921,2.1938,2.1908,2.1933,91961.55,0.0,0.0,0
15m,1750905900.0,2.1933,2.2037,2.1896,2.2021,441687.11,0.0,0.0,0
15m,1750906800.0,2.2021,2.2132,2.1984,2.2019,716849.93,0.0,0.0,0
15m,1750907700.0,2.2019,2.2049,2.1957,2.1965,355446.31,0.0,0.0,0
15m,1750908600.0,2.1965,2.1986,2.1924,2.1945,159119.68,0.0,0.0,0
15m,1750909500.0,2.1945,2.1967,2.1927,2.1956,275276.89,0.0,0.0,0
15m,1750910400.0,2.1956,2.197,2.1911,2.192,93460.54,0.0,0.0,0
15m,1750911300.0,2.192,2.1926,2.1903,2.1925,95369.0,0.0,0.0,0
15m,1750912200.0,2.1925,2.1977,2.1906,2.1918,200190.34,0.0,0.0,0
15m,1750913100.0,2.1918,2.1944,2.1884,2.1943,204769.2,0.0,0.0,0
15m,1750914000.0,2.1943,2.1965,2.1916,2.1948,146321.66,0.0,0.0,0
15m,1750914900.0,2.1948,2.1948,2.1884,2.1897,134851.14,0.0,0.0,0
15m,1750915800.0,2.1897,2.1904,2.186,2.1874,197560.44,0.0,0.0,0
15m,1750916700.0,2.1874,2.1895,2.1867,2.1885,336739.08,0.0,0.0,0
15m,1750917600.0,2.1885,2.1892,2.1822,2.1866,406637.47,0.0,0.0,0
15m,1750918500.0,2.1866,2.1889,2.1846,2.1866,212553.64,0.0,0.0,0
15m,1750919400.0,2.1866,2.1898,2.185,2.1868,202365.28,0.0,0.0,0
15m,1750920300.0,2.1868,2.1885,2.186,2.1876,116267.85,0.0,0.0,0
15m,1750921200.0,2.1876,2.1887,2.1847,2.1863,190456.0,0.0,0.0,0
15m,1750922100.0,2.1863,2.1932,2.1852,2.191,216095.72,0.0,0.0,0
15m,1750923000.0,2.191,2.1982,2.1879,2.1964,311025.94,0.0,0.0,0
15m,1750923900.0,2.1964,2.1984,2.1885,2.1899,118419.54,0.0,0.0,0
15m,1750924800.0,2.1899,2.194,2.1896,2.1939,80099.28,0.0,0.0,0
15m,1750925700.0,2.1939,2.1947,2.1899,2.1908,213616.62,0.0,0.0,0
15m,1750926600.0,2.1908,2.193,2.1873,2.1914,124666.22,0.0,0.0,0
15m,1750927500.0,2.1914,2.1919,2.1888,2.189,60952.87,0.0,0.0,0
15m,1750928400.0,2.189,2.19,2.1811,2.1817,266538.8,0.0,0.0,0
15m,1750929300.0,2.1817,2.1847,2.1811,2.1821,274020.53,0.0,0.0,0
15m,1750930200.0,2.1821,2.1826,2.1785,2.1795,285010.9,0.0,0.0,0
15m,1750931100.0,2.1795,2.1801,2.1761,2.1764,309456.63,0.0,0.0,0
15m,1750932000.0,2.1764,2.1811,2.1742,2.1781,243173.72,0.0,0.0,0
15m,1750932900.0,2.1781,2.1799,2.1765,2.1792,117212.52,0.0,0.0,0
15m,1750933800.0,2.1792,2.1797,2.1744,2.1745,127330.64,0.0,0.0,0
15m,1750934700.0,2.1745,2.177,2.1727,2.1751,264172.76,0.0,0.0,0
15m,1750935600.0,2.1751,2.1763,2.1731,2.1762,315401.68,0.0,0.0,0
15m,1750936500.0,2.1762,2.1764,2.1697,2.1733,345686.03,0.0,0.0,0
15m,1750937400.0,2.1733,2.1745,2.1711,2.1711,166162.15,0.0,0.0,0
15m,1750938300.0,2.1711,2.175,2.1699,2.1709,224728.3,0.0,0.0,0
15m,1750939200.0,2.1709,2.1732,2.1668,2.1678,280594.56,0.0,0.0,0
15m,1750940100.0,2.1678,2.1703,2.1626,2.166,357512.67,0.0,0.0,0
15m,1750941000.0,2.166,2.1664,2.1609,2.1627,487827.48,0.0,0.0,0
15m,1750941900.0,2.1627,2.1635,2.1545,2.157,473733.68,0.0,0.0,0
15m,1750942800.0,2.157,2.1599,2.1492,2.1499,719314.24,0.0,0.0,0
15m,1750943700.0,2.1499,2.1513,2.1426,2.1495,931741.62,0.0,0.0,0
15m,1750944600.0,2.1495,2.1531,2.1407,2.1493,820673.07,0.0,0.0,0
15m,1750945500.0,2.1493,2.1522,2.1179,2.1239,2626632.14,0.0,0.0,0
15m,1750946400.0,2.1239,2.1358,2.1125,2.1201,1364876.86,0.0,0.0,0
15m,1750947300.0,2.1201,2.135,2.1172,2.1337,871457.55,0.0,0.0,0
15m,1750948200.0,2.1337,2.1445,2.1329,2.1352,1041518.26,0.0,0.0,0
15m,1750949100.0,2.1352,2.1428,2.1214,2.1236,770724.41,0.0,0.0,0
15m,1750950000.0,2.1236,2.1278,2.1192,2.1216,598570.92,0.0,0.0,0
15m,1750950900.0,2.1216,2.1296,2.1105,2.1131,662422.0,0.0,0.0,0
15m,1750951800.0,2.1131,2.1236,2.1066,2.1199,890796.34,0.0,0.0,0
15m,1750952700.0,2.1199,2.1247,2.1174,2.1197,333480.34,0.0,0.0,0
15m,1750953600.0,2.1197,2.1232,2.1026,2.1049,1637674.81,0.0,0.0,0
15m,1750954500.0,2.1049,2.1075,2.0949,2.1034,1392004.53,0.0,0.0,0
15m,1750955400.0,2.1034,2.1107,2.0994,2.1042,797156.24,0.0,0.0,0
15m,1750956300.0,2.1042,2.1056,2.0955,2.1007,1012814.49,0.0,0.0,0
15m,1750957200.0,2.1007,2.1134,2.1004,2.105,393593.21,0.0,0.0,0
15m,1750958100.0,2.105,2.1186,2.1047,2.1178,518071.75,0.0,0.0,0
15m,1750959000.0,2.1178,2.1202,2.1142,2.1171,312659.83,0.0,0.0,0
15m,1750959900.0,2.1171,2.119,2.1131,2.1135,391269.94,0.0,0.0,0
15m,1750960800.0,2.1135,2.1235,2.1115,2.1231,411382.3,0.0,0.0,0
15m,1750961700.0,2.1231,2.1255,2.1147,2.1169,404206.96,0.0,0.0,0
15m,1750962600.0,2.1169,2.1197,2.1119,2.1194,186194.64,0.0,0.0,0
15m,1750963500.0,2.1194,2.1252,2.1176,2.1221,661297.3,0.0,0.0,0
15m,1750964400.0,2.1221,2.1273,2.1207,2.1247,310500.03,0.0,0.0,0
15m,1750965300.0,2.1247,2.1318,2.122,2.1236,398571.54,0.0,0.0,0
15m,1750966200.0,2.1236,2.1327,2.1231,2.1325,191285.2,0.0,0.0,0
15m,1750967100.0,2.1325,2.1348,2.125,2.1252,267936.86,0.0,0.0,0
15m,1750968000.0,2.1252,2.1305,2.1232,2.1291,254564.05,0.0,0.0,0
15m,1750968900.0,2.1291,2.1345,2.129,2.1316,179295.47,0.0,0.0,0
15m,1750969800.0,2.1316,2.1459,2.1309,2.1455,523109.29,0.0,0.0,0
15m,1750970700.0,2.1455,2.1459,2.1357,2.1357,335447.06,0.0,0.0,0
15m,1750971600.0,2.1357,2.1357,2.1181,2.1207,441984.44,0.0,0.0,0
15m,1750972500.0,2.1207,2.1248,2.1156,2.1215,209539.24,0.0,0.0,0
15m,1750973400.0,2.1215,2.1232,2.1088,2.1107,853790.3,0.0,0.0,0
15m,1750974300.0,2.1107,2.1225,2.1103,2.1182,342091.4,0.0,0.0,0
15m,1750975200.0,2.1182,2.1231,2.1133,2.1154,199377.23,0.0,0.0,0
15m,1750976100.0,2.1154,2.1215,2.1141,2.12,197707.61,0.0,0.0,0
15m,1750977000.0,2.12,2.121,2.1111,2.1111,146394.06,0.0,0.0,0
15m,1750977900.0,2.1111,2.1159,2.1081,2.1098,108777.8,0.0,0.0,0
15m,1750978800.0,2.1098,2.1112,2.1045,2.1047,194463.75,0.0,0.0,0
15m,1750979700.0,2.1047,2.111,2.1039,2.1091,163410.72,0.0,0.0,0
15m,1750980600.0,2.1091,2.11,2.1035,2.106,250101.52,0.0,0.0,0
15m,1750981500.0,2.106,2.1066,2.1028,2.1054,190456.73,0.0,0.0,0
15m,1750982400.0,2.1054,2.1114,2.1041,2.1056,203213.4,0.0,0.0,0
15m,1750983300.0,2.1056,2.1104,2.1051,2.1067,173668.63,0.0,0.0,0
15m,1750984200.0,2.1067,2.1074,2.087,2.091,789959.47,0.0,0.0,0
15m,1750985100.0,2.091,2.0938,2.0831,2.0833,786132.65,0.0,0.0,0
15m,1750986000.0,2.0833,2.1009,2.0778,2.0988,838813.7,0.0,0.0,0
15m,1750986900.0,2.0988,2.1009,2.0919,2.0974,444690.61,0.0,0.0,0
15m,1750987800.0,2.0974,2.1017,2.0929,2.1015,348066.27,0.0,0.0,0
15m,1750988700.0,2.1015,2.102,2.0938,2.0964,212240.77,0.0,0.0,0
15m,1750989600.0,2.0964,2.1,2.0931,2.0967,164900.42,0.0,0.0,0
15m,1750990500.0,2.0967,2.103,2.0967,2.0997,202733.6,0.0,0.0,0
15m,1750991400.0,2.0997,2.1053,2.0974,2.1036,281893.91,0.0,0.0,0
15m,1750992300.0,2.1036,2.108,2.1028,2.1036,213040.31,0.0,0.0,0
15m,1750993200.0,2.1036,2.1068,2.0987,2.0988,203261.53,0.0,0.0,0
15m,1750994100.0,2.0988,2.1056,2.0988,2.1043,135288.82,0.0,0.0,0
15m,1750995000.0,2.1043,2.11,2.1036,2.1076,191859.58,0.0,0.0,0
15m,1750995900.0,2.1076,2.1097,2.1053,2.1053,351020.4,0.0,0.0,0
15m,1750996800.0,2.1053,2.1053,2.1013,2.1021,235819.31,0.0,0.0,0
15m,1750997700.0,2.1021,2.1049,2.1001,2.1036,213658.68,0.0,0.0,0
15m,1750998600.0,2.1036,2.1083,2.1029,2.1083,228872.56,0.0,0.0,0
15m,1750999500.0,2.1083,2.1136,2.1077,2.1102,460229.27,0.0,0.0,0
15m,1751000400.0,2.1102,2.1142,2.1078,2.1091,325962.09,0.0,0.0,0
15m,1751001300.0,2.1091,2.11,2.1005,2.1011,356944.14,0.0,0.0,0
15m,1751002200.0,2.1011,2.1022,2.0946,2.0948,256835.79,0.0,0.0,0
15m,1751003100.0,2.0948,2.0992,2.0936,2.0942,198907.69,0.0,0.0,0
15m,1751004000.0,2.0942,2.0947,2.0868,2.0913,538656.67,0.0,0.0,0
15m,1751004900.0,2.0913,2.093,2.0863,2.0883,322473.11,0.0,0.0,0
15m,1751005800.0,2.0883,2.0963,2.0869,2.0949,406523.44,0.0,0.0,0
15m,1751006700.0,2.0949,2.0967,2.0916,2.0954,476162.45,0.0,0.0,0
15m,1751007600.0,2.0954,2.1007,2.0938,2.0995,671804.47,0.0,0.0,0
15m,1751008500.0,2.0995,2.1045,2.0924,2.0927,528119.11,0.0,0.0,0
15m,1751009400.0,2.0927,2.0955,2.0847,2.0848,711669.42,0.0,0.0,0
15m,1751010300.0,2.0848,2.0863,2.0823,2.0851,289404.2,0.0,0.0,0
15m,1751011200.0,2.0851,2.0931,2.0851,2.0915,245054.58,0.0,0.0,0
15m,1751012100.0,2.0915,2.0936,2.0881,2.0887,357914.06,0.0,0.0,0
15m,1751013000.0,2.0887,2.0955,2.0877,2.0944,448852.95,0.0,0.0,0
15m,1751013900.0,2.0944,2.106,2.0944,2.0999,400821.69,0.0,0.0,0
15m,1751014800.0,2.0999,2.0999,2.0926,2.094,273228.32,0.0,0.0,0
15m,1751015700.0,2.094,2.0987,2.0907,2.0912,213285.95,0.0,0.0,0
15m,1751016600.0,2.0912,2.0973,2.0912,2.0959,192809.12,0.0,0.0,0
15m,1751017500.0,2.0959,2.0997,2.094,2.0979,454154.93,0.0,0.0,0
15m,1751018400.0,2.0979,2.0986,2.0921,2.093,274713.1,0.0,0.0,0
15m,1751019300.0,2.093,2.0959,2.0899,2.0927,192943.19,0.0,0.0,0
15m,1751020200.0,2.0927,2.0951,2.0913,2.0934,121538.42,0.0,0.0,0
15m,1751021100.0,2.0934,2.095,2.0909,2.091,138636.81,0.0,0.0,0
15m,1751022000.0,2.091,2.0941,2.09,2.0914,266720.99,0.0,0.0,0
15m,1751022900.0,2.0914,2.0947,2.0855,2.0861,675769.64,0.0,0.0,0
15m,1751023800.0,2.0861,2.0896,2.0861,2.0882,330949.06,0.0,0.0,0
15m,1751024700.0,2.0882,2.0907,2.0845,2.0907,420159.52,0.0,0.0,0
15m,1751025600.0,2.0907,2.0924,2.0887,2.0911,208749.69,0.0,0.0,0
15m,1751026500.0,2.0911,2.1014,2.0902,2.0991,406710.79,0.0,0.0,0
15m,1751027400.0,2.0991,2.0991,2.0833,2.0853,1289973.13,0.0,0.0,0
15m,1751028300.0,2.0853,2.0888,2.0772,2.0823,768901.42,0.0,0.0,0
15m,1751029200.0,2.0823,2.0882,2.0807,2.0881,409989.74,0.0,0.0,0
15m,1751030100.0,2.0881,2.0919,2.0819,2.0835,341693.3,0.0,0.0,0
15m,1751031000.0,2.0835,2.0947,2.0827,2.0916,287477.21,0.0,0.0,0
15m,1751031900.0,2.0916,2.0946,2.0752,2.0945,1085544.82,0.0,0.0,0
15m,1751032800.0,2.0945,2.1014,2.0841,2.0846,1556595.13,0.0,0.0,0
15m,1751033700.0,2.0846,2.0864,2.0754,2.0794,1725059.26,0.0,0.0,0
15m,1751034600.0,2.0794,2.0835,2.0737,2.0815,499922.47,0.0,0.0,0
15m,1751035500.0,2.0815,2.0831,2.0673,2.0718,847676.99,0.0,0.0,0
15m,1751036400.0,2.0718,2.0765,2.0682,2.0745,829357.39,0.0,0.0,0
15m,1751037300.0,2.0745,2.0842,2.0703,2.0837,573202.55,0.0,0.0,0
15m,1751038200.0,2.0837,2.0952,2.0821,2.0943,394480.86,0.0,0.0,0
15m,1751039100.0,2.0943,2.0995,2.0888,2.0973,414719.52,0.0,0.0,0
15m,1751040000.0,2.0973,2.1007,2.0948,2.0992,430421.74,0.0,0.0,0
15m,1751040900.0,2.0992,2.1065,2.0979,2.1065,475107.6,0.0,0.0,0
15m,1751041800.0,2.1065,2.1221,2.1065,2.1096,1179782.72,0.0,0.0,0
15m,1751042700.0,2.1096,2.1164,2.1079,2.1123,476917.12,0.0,0.0,0
15m,1751043600.0,2.1123,2.114,2.1004,2.1016,298183.62,0.0,0.0,0
15m,1751044500.0,2.1016,2.1043,2.0926,2.0942,431695.52,0.0,0.0,0
15m,1751045400.0,2.0942,2.0977,2.0856,2.086,316993.68,0.0,0.0,0
15m,1751046300.0,2.086,2.094,2.0802,2.0921,511105.23,0.0,0.0,0
15m,1751047200.0,2.0921,2.094,2.0883,2.0885,283301.48,0.0,0.0,0
15m,1751048100.0,2.0885,2.0931,2.0819,2.0856,234867.54,0.0,0.0,0
15m,1751049000.0,2.0856,2.0892,2.0756,2.0785,483938.79,0.0,0.0,0
15m,1751049900.0,2.0785,2.0817,2.0708,2.0793,539564.46,0.0,0.0,0
15m,1751050800.0,2.0793,2.0922,2.077,2.0909,274266.23,0.0,0.0,0
15m,1751051700.0,2.0909,2.0938,2.0882,2.0906,164573.74,0.0,0.0,0
15m,1751052600.0,2.0906,2.0952,2.0896,2.0942,190426.21,0.0,0.0,0
15m,1751053500.0,2.0942,2.0992,2.0938,2.0939,245272.65,0.0,0.0,0
15m,1751054400.0,2.0939,2.105,2.093,2.1013,236027.37,0.0,0.0,0
15m,1751055300.0,2.1013,2.1045,2.1007,2.1039,196460.34,0.0,0.0,0
15m,1751056200.0,2.1039,2.1115,2.1031,2.1109,185475.42,0.0,0.0,0
15m,1751057100.0,2.1109,2.1155,2.1069,2.1101,340024.99,0.0,0.0,0
15m,1751058000.0,2.1101,2.1186,2.1066,2.1129,485922.3,0.0,0.0,0
15m,1751058900.0,2.1129,2.1484,2.1127,2.148,998087.51,0.0,0.0,0
15m,1751059800.0,2.148,2.155,2.1307,2.1334,891245.4,0.0,0.0,0
15m,1751060700.0,2.1334,2.1497,2.1334,2.1393,385785.11,0.0,0.0,0
15m,1751061600.0,2.1393,2.1504,2.1392,2.1462,365718.6,0.0,0.0,0
15m,1751062500.0,2.1462,2.1525,2.1427,2.1433,430326.31,0.0,0.0,0
15m,1751063400.0,2.1433,2.1433,2.1371,2.1408,190914.82,0.0,0.0,0
15m,1751064300.0,2.1408,2.1459,2.1387,2.1393,310151.69,0.0,0.0,0
15m,1751065200.0,2.1393,2.1404,2.129,2.1321,220565.99,0.0,0.0,0
15m,1751066100.0,2.1321,2.1339,2.1265,2.1323,197738.94,0.0,0.0,0
15m,1751067000.0,2.1323,2.139,2.1305,2.1384,154974.8,0.0,0.0,0
15m,1751067900.0,2.1384,2.1428,2.138,2.1415,270803.25,0.0,0.0,0
15m,1751068800.0,2.1415,2.1435,2.1336,2.1342,258621.58,0.0,0.0,0
15m,1751069700.0,2.1342,2.1475,2.1339,2.1474,270118.1,0.0,0.0,0
15m,1751070600.0,2.1474,2.1514,2.1442,2.1451,372813.21,0.0,0.0,0
15m,1751071500.0,2.1451,2.1495,2.1433,2.145,352540.23,0.0,0.0,0
15m,1751072400.0,2.145,2.1487,2.1418,2.1418,167307.0,0.0,0.0,0
15m,1751073300.0,2.1418,2.1512,2.1381,2.1473,385389.17,0.0,0.0,0
15m,1751074200.0,2.1473,2.1582,2.1447,2.1577,264480.41,0.0,0.0,0
15m,1751075100.0,2.1577,2.1785,2.1566,2.1758,813047.27,0.0,0.0,0
15m,1751076000.0,2.1758,2.1901,2.1745,2.1821,1321207.81,0.0,0.0,0
15m,1751076900.0,2.1821,2.1913,2.1817,2.1896,837250.33,0.0,0.0,0
15m,1751077800.0,2.1896,2.1896,2.1812,2.1817,370370.78,0.0,0.0,0
15m,1751078700.0,2.1817,2.1828,2.1701,2.1714,412013.92,0.0,0.0,0
15m,1751079600.0,2.1714,2.1756,2.171,2.1751,323738.34,0.0,0.0,0
15m,1751080500.0,2.1751,2.1817,2.1748,2.1816,331381.91,0.0,0.0,0
15m,1751081400.0,2.1816,2.1857,2.1805,2.1851,250229.96,0.0,0.0,0
15m,1751082300.0,2.1851,2.1861,2.1806,2.1845,181590.12,0.0,0.0,0
15m,1751083200.0,2.1845,2.1864,2.179,2.1817,325508.19,0.0,0.0,0
15m,1751084100.0,2.1817,2.1877,2.179,2.1863,175733.26,0.0,0.0,0
15m,1751085000.0,2.1863,2.1864,2.1803,2.181,129291.07,0.0,0.0,0
15m,1751085900.0,2.181,2.181,2.1754,2.179,172101.84,0.0,0.0,0
15m,1751086800.0,2.179,2.1854,2.1786,2.1822,238497.23,0.0,0.0,0
15m,1751087700.0,2.1822,2.186,2.1812,2.1851,322095.92,0.0,0.0,0
15m,1751088600.0,2.1851,2.187,2.1836,2.1848,230328.55,0.0,0.0,0
15m,1751089500.0,2.1848,2.1927,2.1845,2.1885,265420.76,0.0,0.0,0
15m,1751090400.0,2.1885,2.1939,2.1877,2.1939,211547.27,0.0,0.0,0
15m,1751091300.0,2.1939,2.1985,2.1931,2.1983,278754.37,0.0,0.0,0
15m,1751092200.0,2.1983,2.2008,2.1913,2.1927,467945.57,0.0,0.0,0
15m,1751093100.0,2.1927,2.1961,2.1907,2.1925,153935.17,0.0,0.0,0
15m,1751094000.0,2.1925,2.194,2.1868,2.1903,422673.5,0.0,0.0,0
15m,1751094900.0,2.1903,2.1909,2.1874,2.1895,186902.63,0.0,0.0,0
15m,1751095800.0,2.1895,2.1926,2.1865,2.1878,271894.55,0.0,0.0,0
15m,1751096700.0,2.1878,2.1939,2.1871,2.1904,120650.43,0.0,0.0,0
15m,1751097600.0,2.1904,2.1925,2.1843,2.1844,347207.86,0.0,0.0,0
15m,1751098500.0,2.1844,2.1846,2.18,2.1827,405916.57,0.0,0.0,0
15m,1751099400.0,2.1827,2.1859,2.1816,2.1831,144830.9,0.0,0.0,0
15m,1751100300.0,2.1831,2.1832,2.1802,2.1823,78786.53,0.0,0.0,0
15m,1751101200.0,2.1823,2.186,2.1811,2.1812,407423.47,0.0,0.0,0
15m,1751102100.0,2.1812,2.1852,2.1808,2.1833,228076.25,0.0,0.0,0
15m,1751103000.0,2.1833,2.1887,2.1829,2.1861,104374.71,0.0,0.0,0
15m,1751103900.0,2.1861,2.1893,2.1857,2.1861,206538.18,0.0,0.0,0
15m,1751104800.0,2.1861,2.1916,2.1861,2.1916,314453.08,0.0,0.0,0
15m,1751105700.0,2.1916,2.1922,2.1869,2.1877,204083.49,0.0,0.0,0
15m,1751106600.0,2.1877,2.1897,2.1851,2.1856,80379.44,0.0,0.0,0
15m,1751107500.0,2.1856,2.1913,2.1845,2.1905,143813.04,0.0,0.0,0
15m,1751108400.0,2.1905,2.1924,2.1885,2.1919,251750.58,0.0,0.0,0
15m,1751109300.0,2.1919,2.1921,2.1898,2.1919,138974.51,0.0,0.0,0
15m,1751110200.0,2.1919,2.1934,2.1895,2.1907,158338.0,0.0,0.0,0
15m,1751111100.0,2.1907,2.1935,2.1903,2.1924,105987.18,0.0,0.0,0
15m,1751112000.0,2.1924,2.1995,2.1924,2.1993,238763.06,0.0,0.0,0
15m,1751112900.0,2.1993,2.1997,2.19,2.1908,181371.26,0.0,0.0,0
15m,1751113800.0,2.1908,2.1927,2.1892,2.1898,270576.32,0.0,0.0,0
15m,1751114700.0,2.1898,2.1944,2.185,2.1859,219205.98,0.0,0.0,0
15m,1751115600.0,2.1859,2.189,2.1856,2.1874,143693.96,0.0,0.0,0
15m,1751116500.0,2.1874,2.1894,2.1837,2.1846,113109.31,0.0,0.0,0
15m,1751117400.0,2.1846,2.1898,2.1824,2.1888,202948.06,0.0,0.0,0
15m,1751118300.0,2.1888,2.1929,2.1883,2.1929,316371.45,0.0,0.0,0
15m,1751119200.0,2.1929,2.1961,2.1924,2.1928,283477.02,0.0,0.0,0
15m,1751120100.0,2.1928,2.1971,2.1928,2.195,114227.42,0.0,0.0,0
15m,1751121000.0,2.195,2.1955,2.1915,2.1917,176862.14,0.0,0.0,0
15m,1751121900.0,2.1917,2.1975,2.1915,2.1972,283121.13,0.0,0.0,0
15m,1751122800.0,2.1972,2.1987,2.1949,2.196,349650.78,0.0,0.0,0
15m,1751123700.0,2.196,2.1968,2.1934,2.1958,110669.32,0.0,0.0,0
15m,1751124600.0,2.1958,2.1984,2.1948,2.1967,75573.43,0.0,0.0,0
15m,1751125500.0,2.1967,2.2064,2.1967,2.2036,551916.17,0.0,0.0,0
15m,1751126400.0,2.2036,2.2077,2.1988,2.2002,434206.34,0.0,0.0,0
15m,1751127300.0,2.2002,2.2038,2.1978,2.2028,373510.12,0.0,0.0,0
15m,1751128200.0,2.2028,2.2036,2.1944,2.1961,301696.43,0.0,0.0,0
15m,1751129100.0,2.1961,2.1963,2.1921,2.1926,151401.42,0.0,0.0,0
15m,1751130000.0,2.1926,2.1957,2.1925,2.1956,367611.56,0.0,0.0,0
15m,1751130900.0,2.1956,2.1969,2.191,2.1925,126524.34,0.0,0.0,0
15m,1751131800.0,2.1925,2.2009,2.1913,2.198,344740.88,0.0,0.0,0
15m,1751132700.0,2.198,2.2023,2.1976,2.1995,272395.82,0.0,0.0,0
15m,1751133600.0,2.1995,2.1999,2.1932,2.1945,183111.26,0.0,0.0,0
15m,1751134500.0,2.1945,2.1948,2.1859,2.1886,243113.85,0.0,0.0,0
15m,1751135400.0,2.1886,2.1902,2.1853,2.1862,161524.61,0.0,0.0,0
15m,1751136300.0,2.1862,2.1924,2.1855,2.1915,102217.77,0.0,0.0,0
15m,1751137200.0,2.1915,2.1917,2.188,2.1888,72631.33,0.0,0.0,0
15m,1751138100.0,2.1888,2.1898,2.1874,2.1883,49956.51,0.0,0.0,0
15m,1751139000.0,2.1883,2.1884,2.185,2.1868,79616.63,0.0,0.0,0
15m,1751139900.0,2.1868,2.1873,2.1847,2.1858,86806.64,0.0,0.0,0
15m,1751140800.0,2.1858,2.1861,2.182,2.1828,256358.4,0.0,0.0,0
15m,1751141700.0,2.1828,2.1856,2.1783,2.1847,247285.66,0.0,0.0,0
15m,1751142600.0,2.1847,2.1862,2.1817,2.1817,128248.23,0.0,0.0,0
15m,1751143500.0,2.1817,2.1834,2.1802,2.1802,75695.33,0.0,0.0,0
15m,1751144400.0,2.1802,2.1809,2.1772,2.1796,114045.37,0.0,0.0,0
15m,1751145300.0,2.1796,2.1823,2.1783,2.1823,54735.95,0.0,0.0,0
15m,1751146200.0,2.1823,2.185,2.1803,2.1817,59180.95,0.0,0.0,0
15m,1751147100.0,2.1817,2.188,2.1815,2.1871,140235.29,0.0,0.0,0
15m,1751148000.0,2.1871,2.1889,2.1838,2.1845,91115.23,0.0,0.0,0
15m,1751148900.0,2.1845,2.188,2.1845,2.1855,92805.89,0.0,0.0,0
15m,1751149800.0,2.1855,2.1886,2.1829,2.187,139779.81,0.0,0.0,0
15m,1751150700.0,2.187,2.1873,2.1839,2.1851,117362.26,0.0,0.0,0
15m,1751151600.0,2.1851,2.1862,2.1824,2.1824,65621.14,0.0,0.0,0
15m,1751152500.0,2.1824,2.1836,2.1813,2.1815,67952.15,0.0,0.0,0
15m,1751153400.0,2.1815,2.1845,2.181,2.1843,79070.09,0.0,0.0,0
15m,1751154300.0,2.1843,2.1866,2.1833,2.1851,69757.78,0.0,0.0,0
15m,1751155200.0,2.1851,2.1851,2.18,2.1813,160131.12,0.0,0.0,0
15m,1751156100.0,2.1813,2.1838,2.1791,2.1827,83867.13,0.0,0.0,0
15m,1751157000.0,2.1827,2.1861,2.1804,2.1823,159297.27,0.0,0.0,0
15m,1751157900.0,2.1823,2.1848,2.1808,2.1808,67500.6,0.0,0.0,0
15m,1751158800.0,2.1808,2.1835,2.1803,2.1804,66319.0,0.0,0.0,0
15m,1751159700.0,2.1804,2.1841,2.1803,2.1841,147002.63,0.0,0.0,0
15m,1751160600.0,2.1841,2.1848,2.1812,2.1813,45451.21,0.0,0.0,0
15m,1751161500.0,2.1813,2.1846,2.1806,2.184,72425.8,0.0,0.0,0
15m,1751162400.0,2.184,2.184,2.1749,2.178,454080.26,0.0,0.0,0
15m,1751163300.0,2.178,2.1844,2.1768,2.1844,102149.5,0.0,0.0,0
15m,1751164200.0,2.1844,2.1887,2.1835,2.1878,154058.48,0.0,0.0,0
15m,1751165100.0,2.1878,2.1896,2.1869,2.1878,107050.01,0.0,0.0,0
15m,1751166000.0,2.1878,2.1879,2.1861,2.1865,77350.01,0.0,0.0,0
15m,1751166900.0,2.1865,2.1878,2.1852,2.1854,52113.13,0.0,0.0,0
15m,1751167800.0,2.1854,2.1875,2.1846,2.1847,82494.17,0.0,0.0,0
15m,1751168700.0,2.1847,2.186,2.1831,2.1837,86561.33,0.0,0.0,0
15m,1751169600.0,2.1837,2.1841,2.1825,2.1834,35460.75,0.0,0.0,0
15m,1751170500.0,2.1834,2.1837,2.1814,2.1817,36093.69,0.0,0.0,0
15m,1751171400.0,2.1817,2.1841,2.1814,2.1839,35328.38,0.0,0.0,0
15m,1751172300.0,2.1839,2.184,2.1812,2.182,48182.19,0.0,0.0,0
15m,1751173200.0,2.182,2.1832,2.1811,2.1816,61666.06,0.0,0.0,0
15m,1751174100.0,2.1816,2.1826,2.181,2.1815,38289.17,0.0,0.0,0
15m,1751175000.0,2.1815,2.1867,2.1807,2.1867,65602.34,0.0,0.0,0
15m,1751175900.0,2.1867,2.1872,2.1855,2.1862,59080.05,0.0,0.0,0
15m,1751176800.0,2.1862,2.1876,2.1861,2.1862,57731.19,0.0,0.0,0
15m,1751177700.0,2.1862,2.1894,2.1849,2.1878,104315.29,0.0,0.0,0
15m,1751178600.0,2.1878,2.1883,2.1854,2.1856,95884.04,0.0,0.0,0
15m,1751179500.0,2.1856,2.1863,2.1843,2.1862,68377.12,0.0,0.0,0
15m,1751180400.0,2.1862,2.1864,2.1843,2.1862,55911.52,0.0,0.0,0
15m,1751181300.0,2.1862,2.1867,2.1838,2.1853,66441.54,0.0,0.0,0
15m,1751182200.0,2.1853,2.1863,2.1841,2.1843,122897.12,0.0,0.0,0
15m,1751183100.0,2.1843,2.1843,2.1814,2.1842,159604.27,0.0,0.0,0
15m,1751184000.0,2.1842,2.1872,2.1836,2.1865,119617.86,0.0,0.0,0
15m,1751184900.0,2.1865,2.1869,2.1842,2.1857,107631.25,0.0,0.0,0
15m,1751185800.0,2.1857,2.1913,2.1852,2.1907,283693.07,0.0,0.0,0
15m,1751186700.0,2.1907,2.1914,2.189,2.1894,115389.47,0.0,0.0,0
15m,1751187600.0,2.1894,2.1906,2.187,2.1884,112049.65,0.0,0.0,0
15m,1751188500.0,2.1884,2.1931,2.1883,2.1927,242796.11,0.0,0.0,0
15m,1751189400.0,2.1927,2.1946,2.1919,2.1923,292126.9,0.0,0.0,0
15m,1751190300.0,2.1923,2.1934,2.1896,2.1898,229571.67,0.0,0.0,0
15m,1751191200.0,2.1898,2.1934,2.1896,2.1933,145858.83,0.0,0.0,0
15m,1751192100.0,2.1933,2.196,2.1904,2.1909,196016.71,0.0,0.0,0
15m,1751193000.0,2.1909,2.1921,2.1861,2.1878,219133.9,0.0,0.0,0
15m,1751193900.0,2.1878,2.193,2.1854,2.1907,146199.17,0.0,0.0,0
15m,1751194800.0,2.1907,2.1922,2.1874,2.189,108639.56,0.0,0.0,0
15m,1751195700.0,2.189,2.1929,2.1886,2.1929,111590.38,0.0,0.0,0
15m,1751196600.0,2.1929,2.198,2.1925,2.1945,188095.02,0.0,0.0,0
15m,1751197500.0,2.1945,2.1963,2.1934,2.1958,172564.81,0.0,0.0,0
15m,1751198400.0,2.1958,2.1965,2.1901,2.1914,114887.85,0.0,0.0,0
15m,1751199300.0,2.1914,2.1933,2.1901,2.1915,100103.79,0.0,0.0,0
15m,1751200200.0,2.1915,2.1915,2.1896,2.1896,73796.81,0.0,0.0,0
15m,1751201100.0,2.1896,2.1947,2.1893,2.193,160090.5,0.0,0.0,0
15m,1751202000.0,2.193,2.197,2.1919,2.1925,303009.74,0.0,0.0,0
15m,1751202900.0,2.1925,2.1925,2.1895,2.1908,119946.11,0.0,0.0,0
15m,1751203800.0,2.1908,2.1911,2.1887,2.1887,138303.28,0.0,0.0,0
15m,1751204700.0,2.1887,2.1893,2.1845,2.1855,256013.19,0.0,0.0,0
15m,1751205600.0,2.1855,2.1908,2.1854,2.1897,191320.74,0.0,0.0,0
15m,1751206500.0,2.1897,2.1903,2.1867,2.1878,100293.16,0.0,0.0,0
15m,1751207400.0,2.1878,2.1881,2.1805,2.1813,164341.04,0.0,0.0,0
15m,1751208300.0,2.1813,2.1858,2.1801,2.1846,113679.98,0.0,0.0,0
15m,1751209200.0,2.1846,2.187,2.1817,2.1862,165026.59,0.0,0.0,0
15m,1751210100.0,2.1862,2.1872,2.1829,2.1869,52527.67,0.0,0.0,0
15m,1751211000.0,2.1869,2.1874,2.185,2.1858,45952.89,0.0,0.0,0
15m,1751211900.0,2.1858,2.186,2.183,2.1834,96021.78,0.0,0.0,0
15m,1751212800.0,2.1834,2.1869,2.1833,2.1862,144193.17,0.0,0.0,0
15m,1751213700.0,2.1862,2.1876,2.1826,2.183,156210.82,0.0,0.0,0
15m,1751214600.0,2.183,2.1872,2.1807,2.185,211607.78,0.0,0.0,0
15m,1751215500.0,2.185,2.1886,2.1828,2.1883,274492.45,0.0,0.0,0
15m,1751216400.0,2.1883,2.1904,2.1881,2.19,96639.81,0.0,0.0,0
15m,1751217300.0,2.19,2.1905,2.1859,2.1873,76878.79,0.0,0.0,0
15m,1751218200.0,2.1873,2.1876,2.1844,2.1855,244344.61,0.0,0.0,0
15m,1751219100.0,2.1855,2.1895,2.1854,2.1895,285500.17,0.0,0.0,0
15m,1751220000.0,2.1895,2.1898,2.1883,2.1895,120370.81,0.0,0.0,0
15m,1751220900.0,2.1895,2.1942,2.1887,2.1934,154662.6,0.0,0.0,0
15m,1751221800.0,2.1934,2.1949,2.1929,2.1941,166865.23,0.0,0.0,0
15m,1751222700.0,2.1941,2.1946,2.1922,2.1926,86866.49,0.0,0.0,0
15m,1751223600.0,2.1926,2.1927,2.1876,2.188,142783.13,0.0,0.0,0
15m,1751224500.0,2.188,2.1884,2.1855,2.188,63290.82,0.0,0.0,0
15m,1751225400.0,2.188,2.1897,2.1871,2.1889,83032.91,0.0,0.0,0
15m,1751226300.0,2.1889,2.1905,2.1876,2.1883,103310.49,0.0,0.0,0
15m,1751227200.0,2.1883,2.1884,2.1853,2.1855,55568.67,0.0,0.0,0
15m,1751228100.0,2.1855,2.1855,2.1842,2.1844,106653.97,0.0,0.0,0
15m,1751229000.0,2.1844,2.1844,2.1818,2.1828,96570.28,0.0,0.0,0
15m,1751229900.0,2.1828,2.1835,2.181,2.182,212047.74,0.0,0.0,0
15m,1751230800.0,2.182,2.1853,2.1784,2.1834,196787.77,0.0,0.0,0
15m,1751231700.0,2.1834,2.192,2.183,2.1905,253814.47,0.0,0.0,0
15m,1751232600.0,2.1905,2.1926,2.19,2.1917,77496.91,0.0,0.0,0
15m,1751233500.0,2.1917,2.1917,2.1873,2.1895,93373.21,0.0,0.0,0
15m,1751234400.0,2.1895,2.1935,2.189,2.1931,214919.2,0.0,0.0,0
15m,1751235300.0,2.1931,2.2139,2.1926,2.2125,1901162.89,0.0,0.0,0
15m,1751236200.0,2.2125,2.2177,2.2057,2.2151,1207652.16,0.0,0.0,0
15m,1751237100.0,2.2151,2.2193,2.2134,2.2137,536090.88,0.0,0.0,0
15m,1751238000.0,2.2137,2.2198,2.2096,2.2109,605337.02,0.0,0.0,0
15m,1751238900.0,2.2109,2.2162,2.2084,2.215,376903.68,0.0,0.0,0
15m,1751239800.0,2.215,2.2152,2.2056,2.2066,320535.17,0.0,0.0,0
15m,1751240700.0,2.2066,2.2089,2.2057,2.2067,88018.95,0.0,0.0,0
15m,1751241600.0,2.2067,2.2079,2.2018,2.2058,575841.82,0.0,0.0,0
15m,1751242500.0,2.2058,2.2123,2.2028,2.2091,790466.13,0.0,0.0,0
15m,1751243400.0,2.2091,2.2103,2.203,2.2078,590492.2,0.0,0.0,0
15m,1751244300.0,2.2078,2.2085,2.2005,2.2021,207764.75,0.0,0.0,0
15m,1751245200.0,2.2021,2.2027,2.1952,2.1977,372755.21,0.0,0.0,0
15m,1751246100.0,2.1977,2.2011,2.1959,2.201,161862.08,0.0,0.0,0
15m,1751247000.0,2.201,2.2033,2.1993,2.2024,127603.12,0.0,0.0,0
15m,1751247900.0,2.2024,2.2026,2.1985,2.2016,88553.02,0.0,0.0,0
15m,1751248800.0,2.2016,2.2028,2.1995,2.1997,101780.93,0.0,0.0,0
15m,1751249700.0,2.1997,2.2005,2.1971,2.1975,112681.21,0.0,0.0,0
15m,1751250600.0,2.1975,2.1992,2.1973,2.199,81216.05,0.0,0.0,0
15m,1751251500.0,2.199,2.2006,2.1965,2.1969,229977.82,0.0,0.0,0
15m,1751252400.0,2.1969,2.198,2.1954,2.1955,98568.78,0.0,0.0,0
15m,1751253300.0,2.1955,2.1981,2.1951,2.1963,111971.55,0.0,0.0,0
15m,1751254200.0,2.1963,2.1989,2.1958,2.1986,73167.88,0.0,0.0,0
15m,1751255100.0,2.1986,2.199,2.1964,2.1964,84311.8,0.0,0.0,0
15m,1751256000.0,2.1964,2.1968,2.1949,2.1963,134796.5,0.0,0.0,0
15m,1751256900.0,2.1963,2.1964,2.1927,2.1929,144281.77,0.0,0.0,0
15m,1751257800.0,2.1929,2.1941,2.1846,2.1873,520167.19,0.0,0.0,0
15m,1751258700.0,2.1873,2.1902,2.1873,2.1892,218182.36,0.0,0.0,0
15m,1751259600.0,2.1892,2.192,2.1878,2.1912,151195.58,0.0,0.0,0
15m,1751260500.0,2.1912,2.1919,2.1892,2.1898,207743.38,0.0,0.0,0
15m,1751261400.0,2.1898,2.1934,2.1889,2.1933,172144.12,0.0,0.0,0
15m,1751262300.0,2.1933,2.1936,2.19,2.1917,196631.11,0.0,0.0,0
15m,1751263200.0,2.1917,2.1935,2.1905,2.1932,92854.25,0.0,0.0,0
15m,1751264100.0,2.1932,2.1933,2.1883,2.1889,247619.49,0.0,0.0,0
15m,1751265000.0,2.1889,2.1905,2.1844,2.1854,268810.08,0.0,0.0,0
15m,1751265900.0,2.1854,2.1855,2.1743,2.1789,583815.29,0.0,0.0,0
15m,1751266800.0,2.1789,2.1813,2.1717,2.1784,421267.87,0.0,0.0,0
15m,1751267700.0,2.1784,2.1822,2.1768,2.1807,288053.55,0.0,0.0,0
15m,1751268600.0,2.1807,2.1854,2.1784,2.185,363339.38,0.0,0.0,0
15m,1751269500.0,2.185,2.1882,2.185,2.1868,184741.35,0.0,0.0,0
15m,1751270400.0,2.1868,2.1893,2.1847,2.1847,305296.71,0.0,0.0,0
15m,1751271300.0,2.1847,2.1853,2.1815,2.1838,339452.76,0.0,0.0,0
15m,1751272200.0,2.1838,2.1838,2.1784,2.1787,170665.12,0.0,0.0,0
15m,1751273100.0,2.1787,2.1801,2.1763,2.1776,137400.83,0.0,0.0,0
15m,1751274000.0,2.1776,2.1829,2.1763,2.1825,272416.32,0.0,0.0,0
15m,1751274900.0,2.1825,2.1849,2.1805,2.1843,169043.22,0.0,0.0,0
15m,1751275800.0,2.1843,2.1852,2.1794,2.18,158644.44,0.0,0.0,0
15m,1751276700.0,2.18,2.1814,2.1733,2.1735,510783.67,0.0,0.0,0
15m,1751277600.0,2.1735,2.1756,2.1719,2.1741,407052.06,0.0,0.0,0
15m,1751278500.0,2.1741,2.1773,2.1726,2.1752,350398.65,0.0,0.0,0
15m,1751279400.0,2.1752,2.1752,2.1692,2.173,383774.59,0.0,0.0,0
15m,1751280300.0,2.173,2.1779,2.1713,2.1769,219821.15,0.0,0.0,0
15m,1751281200.0,2.1769,2.18,2.1758,2.1795,195466.52,0.0,0.0,0
15m,1751282100.0,2.1795,2.1823,2.1785,2.1791,194153.59,0.0,0.0,0
15m,1751283000.0,2.1791,2.1831,2.1789,2.1807,179658.96,0.0,0.0,0
15m,1751283900.0,2.1807,2.1815,2.1762,2.1779,148092.69,0.0,0.0,0
15m,1751284800.0,2.1779,2.1799,2.1771,2.1783,114120.39,0.0,0.0,0
15m,1751285700.0,2.1783,2.1817,2.1764,2.1817,311805.08,0.0,0.0,0
15m,1751286600.0,2.1817,2.1832,2.1786,2.1789,168246.87,0.0,0.0,0
15m,1751287500.0,2.1789,2.1791,2.1731,2.1736,164461.33,0.0,0.0,0
15m,1751288400.0,2.1736,2.1774,2.1726,2.1771,144287.04,0.0,0.0,0
15m,1751289300.0,2.1771,2.1874,2.1766,2.1867,419565.36,0.0,0.0,0
15m,1751290200.0,2.1867,2.189,2.1782,2.1825,371233.05,0.0,0.0,0
15m,1751291100.0,2.1825,2.185,2.1782,2.1807,176089.98,0.0,0.0,0
15m,1751292000.0,2.1807,2.1827,2.173,2.1799,341444.86,0.0,0.0,0
15m,1751292900.0,2.1799,2.1823,2.1756,2.1809,427107.91,0.0,0.0,0
15m,1751293800.0,2.1809,2.188,2.1795,2.1873,315119.87,0.0,0.0,0
15m,1751294700.0,2.1873,2.1884,2.1737,2.1768,467279.31,0.0,0.0,0
15m,1751295600.0,2.1768,2.1822,2.1766,2.1776,231398.65,0.0,0.0,0
15m,1751296500.0,2.1776,2.1881,2.1643,2.1862,1017479.75,0.0,0.0,0
15m,1751297400.0,2.1862,2.1946,2.1794,2.1896,950764.6,0.0,0.0,0
15m,1751298300.0,2.1896,2.1997,2.1895,2.193,654320.71,0.0,0.0,0
15m,1751299200.0,2.193,2.2141,2.1911,2.204,952589.27,0.0,0.0,0
15m,1751300100.0,2.204,2.2054,2.1959,2.1982,651199.0,0.0,0.0,0
15m,1751301000.0,2.1982,2.2052,2.1959,2.2048,446013.43,0.0,0.0,0
15m,1751301900.0,2.2048,2.2052,2.1981,2.2001,299377.13,0.0,0.0,0
15m,1751302800.0,2.2001,2.2079,2.1986,2.2074,339069.62,0.0,0.0,0
15m,1751303700.0,2.2074,2.216,2.2044,2.2154,546741.84,0.0,0.0,0
15m,1751304600.0,2.2154,2.2171,2.2103,2.217,400800.54,0.0,0.0,0
15m,1751305500.0,2.217,2.2187,2.209,2.2133,568376.01,0.0,0.0,0
15m,1751306400.0,2.2133,2.2284,2.2119,2.2161,1365369.43,0.0,0.0,0
15m,1751307300.0,2.2161,2.2251,2.2158,2.2223,593902.52,0.0,0.0,0
15m,1751308200.0,2.2223,2.2255,2.2159,2.2244,478231.94,0.0,0.0,0
15m,1751309100.0,2.2244,2.2376,2.2233,2.2366,1871700.79,0.0,0.0,0
15m,1751310000.0,2.2366,2.2633,2.2361,2.2552,3356007.9,0.0,0.0,0
15m,1751310900.0,2.2552,2.2988,2.2538,2.2967,4004404.14,0.0,0.0,0
15m,1751311800.0,2.2967,2.3047,2.2847,2.2965,3543648.77,0.0,0.0,0
15m,1751312700.0,2.2965,2.3278,2.2823,2.3201,4395509.67,0.0,0.0,0
15m,1751313600.0,2.3201,2.3258,2.3035,2.3059,1840763.96,0.0,0.0,0
15m,1751314500.0,2.3059,2.3141,2.2926,2.2943,1490085.98,0.0,0.0,0
15m,1751315400.0,2.2943,2.2969,2.2826,2.2826,1328692.21,0.0,0.0,0
15m,1751316300.0,2.2826,2.2966,2.2826,2.2952,1030557.44,0.0,0.0,0
15m,1751317200.0,2.2952,2.2978,2.2749,2.2752,1563315.17,0.0,0.0,0
15m,1751318100.0,2.2752,2.2782,2.2667,2.2679,1284161.54,0.0,0.0,0
15m,1751319000.0,2.2679,2.2824,2.2655,2.2771,647361.03,0.0,0.0,0
15m,1751319900.0,2.2771,2.2804,2.264,2.2755,299972.64,0.0,0.0,0
15m,1751320800.0,2.2755,2.2819,2.2713,2.2737,1338888.98,0.0,0.0,0
15m,1751321700.0,2.2737,2.2744,2.2637,2.2685,301957.83,0.0,0.0,0
15m,1751322600.0,2.2685,2.2739,2.2684,2.2728,366243.77,0.0,0.0,0
15m,1751323500.0,2.2728,2.2734,2.2596,2.2597,593988.3,0.0,0.0,0
15m,1751324400.0,2.2597,2.2597,2.2458,2.2488,1441857.56,0.0,0.0,0
15m,1751325300.0,2.2488,2.2499,2.2419,2.2423,694225.08,0.0,0.0,0
15m,1751326200.0,2.2423,2.2462,2.2342,2.2437,755223.4,0.0,0.0,0
15m,1751327100.0,2.2437,2.2437,2.2348,2.2359,490199.7,0.0,0.0,0
15m,1751328000.0,2.2359,2.2485,2.2326,2.2448,1328611.45,0.0,0.0,0
15m,1751328900.0,2.2448,2.252,2.2391,2.2391,501334.82,0.0,0.0,0
15m,1751329800.0,2.2391,2.2429,2.2326,2.2395,511591.77,0.0,0.0,0
15m,1751330700.0,2.2395,2.2434,2.2373,2.2386,351536.76,0.0,0.0,0
15m,1751331600.0,2.2386,2.2477,2.2368,2.247,283754.99,0.0,0.0,0
15m,1751332500.0,2.247,2.2534,2.2452,2.248,392307.01,0.0,0.0,0
15m,1751333400.0,2.248,2.2519,2.2399,2.2413,470925.81,0.0,0.0,0
15m,1751334300.0,2.2413,2.2431,2.2276,2.2304,812257.61,0.0,0.0,0
15m,1751335200.0,2.2304,2.2335,2.2264,2.2305,626797.82,0.0,0.0,0
15m,1751336100.0,2.2305,2.2353,2.23,2.2325,205403.41,0.0,0.0,0
15m,1751337000.0,2.2325,2.2361,2.2278,2.2286,146749.98,0.0,0.0,0
15m,1751337900.0,2.2286,2.2293,2.224,2.2275,441993.44,0.0,0.0,0
15m,1751338800.0,2.2275,2.2309,2.2239,2.2259,677815.49,0.0,0.0,0
15m,1751339700.0,2.2259,2.2335,2.2257,2.2328,429840.53,0.0,0.0,0
15m,1751340600.0,2.2328,2.236,2.2328,2.2333,170029.69,0.0,0.0,0
15m,1751341500.0,2.2333,2.2372,2.2308,2.2371,98127.58,0.0,0.0,0
15m,1751342400.0,2.2371,2.2372,2.2324,2.2344,184469.31,0.0,0.0,0
15m,1751343300.0,2.2344,2.2352,2.228,2.2284,535591.46,0.0,0.0,0
15m,1751344200.0,2.2284,2.2316,2.2256,2.2257,650680.53,0.0,0.0,0
15m,1751345100.0,2.2257,2.2266,2.2202,2.223,960327.68,0.0,0.0,0
15m,1751346000.0,2.223,2.2264,2.2185,2.2185,909299.34,0.0,0.0,0
15m,1751346900.0,2.2185,2.2222,2.2151,2.2165,538429.08,0.0,0.0,0
15m,1751347800.0,2.2165,2.221,2.2137,2.2194,481937.67,0.0,0.0,0
15m,1751348700.0,2.2194,2.2228,2.2143,2.2149,535678.56,0.0,0.0,0
15m,1751349600.0,2.2149,2.2151,2.2089,2.2105,626048.4,0.0,0.0,0
15m,1751350500.0,2.2105,2.2181,2.21,2.2153,204411.05,0.0,0.0,0
15m,1751351400.0,2.2153,2.2197,2.2151,2.2196,373033.41,0.0,0.0,0
15m,1751352300.0,2.2196,2.2211,2.2186,2.2211,257492.31,0.0,0.0,0
15m,1751353200.0,2.2211,2.2234,2.2197,2.2202,255432.99,0.0,0.0,0
15m,1751354100.0,2.2202,2.2218,2.2052,2.2159,635900.17,0.0,0.0,0
15m,1751355000.0,2.2159,2.2183,2.2099,2.2174,596327.46,0.0,0.0,0
15m,1751355900.0,2.2174,2.2252,2.2162,2.224,316884.09,0.0,0.0,0
15m,1751356800.0,2.224,2.2265,2.2181,2.2191,352000.4,0.0,0.0,0
15m,1751357700.0,2.2191,2.2212,2.2152,2.216,425381.33,0.0,0.0,0
15m,1751358600.0,2.216,2.217,2.2084,2.2099,376340.33,0.0,0.0,0
15m,1751359500.0,2.2099,2.2139,2.2065,2.2087,530927.68,0.0,0.0,0
15m,1751360400.0,2.2087,2.2118,2.2073,2.2077,496626.16,0.0,0.0,0
15m,1751361300.0,2.2077,2.2111,2.2053,2.2075,257478.97,0.0,0.0,0
15m,1751362200.0,2.2075,2.2078,2.1995,2.2005,369683.09,0.0,0.0,0
15m,1751363100.0,2.2005,2.2063,2.1987,2.2048,264730.97,0.0,0.0,0
15m,1751364000.0,2.2048,2.2073,2.2011,2.2021,314369.46,0.0,0.0,0
15m,1751364900.0,2.2021,2.2058,2.1976,2.1977,266778.81,0.0,0.0,0
15m,1751365800.0,2.1977,2.2027,2.1962,2.199,304089.33,0.0,0.0,0
15m,1751366700.0,2.199,2.2042,2.1972,2.2032,393526.44,0.0,0.0,0
15m,1751367600.0,2.2032,2.2046,2.1942,2.1948,367851.03,0.0,0.0,0
15m,1751368500.0,2.1948,2.1991,2.1938,2.1979,268924.18,0.0,0.0,0
15m,1751369400.0,2.1979,2.2005,2.193,2.1943,441709.36,0.0,0.0,0
15m,1751370300.0,2.1943,2.203,2.1935,2.202,352285.04,0.0,0.0,0
15m,1751371200.0,2.202,2.2037,2.1995,2.2006,288796.41,0.0,0.0,0
15m,1751372100.0,2.2006,2.2006,2.1947,2.1961,204022.34,0.0,0.0,0
15m,1751373000.0,2.1961,2.199,2.1925,2.1925,470244.62,0.0,0.0,0
15m,1751373900.0,2.1925,2.1989,2.1919,2.196,500090.21,0.0,0.0,0
15m,1751374800.0,2.196,2.2105,2.1848,2.1863,2178940.58,0.0,0.0,0
15m,1751375700.0,2.1863,2.1897,2.1829,2.1896,567881.89,0.0,0.0,0
15m,1751376600.0,2.1896,2.1983,2.1811,2.1858,1073984.31,0.0,0.0,0
15m,1751377500.0,2.1858,2.2,2.1845,2.1958,662349.84,0.0,0.0,0
15m,1751378400.0,2.1958,2.2046,2.1938,2.204,714931.06,0.0,0.0,0
15m,1751379300.0,2.204,2.2074,2.1839,2.1867,755060.09,0.0,0.0,0
15m,1751380200.0,2.1867,2.1975,2.1793,2.182,1489920.61,0.0,0.0,0
15m,1751381100.0,2.182,2.1852,2.1758,2.185,1199016.62,0.0,0.0,0
15m,1751382000.0,2.185,2.1897,2.1766,2.1805,748401.64,0.0,0.0,0
15m,1751382900.0,2.1805,2.1895,2.1804,2.1876,427836.48,0.0,0.0,0
15m,1751383800.0,2.1876,2.1999,2.1859,2.1878,621864.26,0.0,0.0,0
15m,1751384700.0,2.1878,2.1919,2.1868,2.1881,303556.48,0.0,0.0,0
15m,1751385600.0,2.1881,2.1983,2.1874,2.1968,532970.58,0.0,0.0,0
15m,1751386500.0,2.1968,2.1968,2.1876,2.1885,269843.47,0.0,0.0,0
15m,1751387400.0,2.1885,2.1924,2.1843,2.1913,309221.25,0.0,0.0,0
15m,1751388300.0,2.1913,2.2044,2.1863,2.1984,769895.95,0.0,0.0,0
15m,1751389200.0,2.1984,2.2016,2.1852,2.1932,798685.76,0.0,0.0,0
15m,1751390100.0,2.1932,2.1956,2.1904,2.1904,216543.26,0.0,0.0,0
15m,1751391000.0,2.1904,2.1909,2.1853,2.1884,255977.19,0.0,0.0,0
15m,1751391900.0,2.1884,2.1913,2.1867,2.1891,125243.57,0.0,0.0,0
15m,1751392800.0,2.1891,2.1896,2.1848,2.1859,181853.11,0.0,0.0,0
15m,1751393700.0,2.1859,2.1859,2.1772,2.1781,392165.43,0.0,0.0,0
15m,1751394600.0,2.1781,2.1808,2.1738,2.1758,545557.1,0.0,0.0,0
15m,1751395500.0,2.1758,2.1761,2.1635,2.1672,1513425.98,0.0,0.0,0
15m,1751396400.0,2.1672,2.1745,2.1634,2.1717,524536.19,0.0,0.0,0
15m,1751397300.0,2.1717,2.1741,2.1685,2.172,382807.26,0.0,0.0,0
15m,1751398200.0,2.172,2.172,2.1603,2.1662,647067.62,0.0,0.0,0
15m,1751399100.0,2.1662,2.1709,2.1561,2.1573,1064468.38,0.0,0.0,0
15m,1751400000.0,2.1573,2.1593,2.1464,2.1505,1604281.53,0.0,0.0,0
15m,1751400900.0,2.1505,2.1622,2.1492,2.1611,677565.67,0.0,0.0,0
15m,1751401800.0,2.1611,2.1682,2.1609,2.1666,262141.04,0.0,0.0,0
15m,1751402700.0,2.1666,2.1773,2.1666,2.1709,403477.06,0.0,0.0,0
15m,1751403600.0,2.1709,2.1713,2.1656,2.1687,396342.58,0.0,0.0,0
15m,1751404500.0,2.1687,2.1808,2.1681,2.1799,419691.04,0.0,0.0,0
15m,1751405400.0,2.1799,2.18,2.1739,2.1766,242436.28,0.0,0.0,0
15m,1751406300.0,2.1766,2.1776,2.1725,2.176,115669.05,0.0,0.0,0
15m,1751407200.0,2.176,2.176,2.167,2.1734,202439.43,0.0,0.0,0
15m,1751408100.0,2.1734,2.1758,2.1718,2.1731,210954.63,0.0,0.0,0
15m,1751409000.0,2.1731,2.1779,2.1719,2.1772,105365.24,0.0,0.0,0
15m,1751409900.0,2.1772,2.1782,2.1722,2.1737,143062.01,0.0,0.0,0
15m,1751410800.0,2.1737,2.1737,2.1682,2.169,220590.0,0.0,0.0,0
15m,1751411700.0,2.169,2.1711,2.1682,2.1706,199478.45,0.0,0.0,0
15m,1751412600.0,2.1706,2.1725,2.1691,2.1722,95389.07,0.0,0.0,0
15m,1751413500.0,2.1722,2.1727,2.1704,2.1718,106061.77,0.0,0.0,0
15m,1751414400.0,2.1718,2.1764,2.1692,2.1754,187275.36,0.0,0.0,0
15m,1751415300.0,2.1754,2.1773,2.1726,2.1728,158288.26,0.0,0.0,0
15m,1751416200.0,2.1728,2.1747,2.1697,2.1739,267912.91,0.0,0.0,0
15m,1751417100.0,2.1739,2.1739,2.1649,2.1655,314111.82,0.0,0.0,0
15m,1751418000.0,2.1655,2.1696,2.1655,2.167,168917.8,0.0,0.0,0
15m,1751418900.0,2.167,2.1776,2.1571,2.1732,651472.5,0.0,0.0,0
15m,1751419800.0,2.1732,2.18,2.1711,2.1788,242035.99,0.0,0.0,0
15m,1751420700.0,2.1788,2.1802,2.176,2.1802,200317.53,0.0,0.0,0
15m,1751421600.0,2.1802,2.1832,2.1753,2.1758,186230.85,0.0,0.0,0
15m,1751422500.0,2.1758,2.176,2.172,2.1752,164572.22,0.0,0.0,0
15m,1751423400.0,2.1752,2.1752,2.171,2.1714,221441.91,0.0,0.0,0
15m,1751424300.0,2.1714,2.1764,2.1714,2.1762,258266.65,0.0,0.0,0
15m,1751425200.0,2.1762,2.1786,2.1738,2.1783,253386.44,0.0,0.0,0
15m,1751426100.0,2.1783,2.1824,2.1768,2.1801,358427.66,0.0,0.0,0
15m,1751427000.0,2.1801,2.1836,2.1778,2.1832,475839.23,0.0,0.0,0
15m,1751427900.0,2.1832,2.1866,2.181,2.1856,303693.75,0.0,0.0,0
15m,1751428800.0,2.1856,2.187,2.1815,2.185,282688.61,0.0,0.0,0
15m,1751429700.0,2.185,2.1876,2.1817,2.1865,144441.68,0.0,0.0,0
15m,1751430600.0,2.1865,2.1865,2.1822,2.1835,176318.23,0.0,0.0,0
15m,1751431500.0,2.1835,2.1861,2.1826,2.1856,190188.47,0.0,0.0,0
15m,1751432400.0,2.1856,2.1859,2.1828,2.1833,294897.98,0.0,0.0,0
15m,1751433300.0,2.1833,2.1902,2.1833,2.1869,235357.03,0.0,0.0,0
15m,1751434200.0,2.1869,2.19,2.186,2.1895,101993.74,0.0,0.0,0
15m,1751435100.0,2.1895,2.1907,2.1862,2.187,144313.55,0.0,0.0,0
15m,1751436000.0,2.187,2.1914,2.1867,2.1904,176404.83,0.0,0.0,0
15m,1751436900.0,2.1904,2.192,2.1833,2.1842,272298.8,0.0,0.0,0
15m,1751437800.0,2.1842,2.1936,2.1842,2.1925,227679.73,0.0,0.0,0
15m,1751438700.0,2.1925,2.1949,2.1895,2.1925,302491.56,0.0,0.0,0
15m,1751439600.0,2.1925,2.1925,2.1864,2.1865,278075.18,0.0,0.0,0
15m,1751440500.0,2.1865,2.1893,2.1846,2.1879,131354.0,0.0,0.0,0
15m,1751441400.0,2.1879,2.1976,2.1858,2.1933,548177.0,0.0,0.0,0
15m,1751442300.0,2.1933,2.195,2.1917,2.1918,138304.05,0.0,0.0,0
15m,1751443200.0,2.1918,2.1976,2.1918,2.1963,281920.73,0.0,0.0,0
15m,1751444100.0,2.1963,2.1993,2.1957,2.197,184889.95,0.0,0.0,0
15m,1751445000.0,2.197,2.204,2.1945,2.1991,573075.51,0.0,0.0,0
15m,1751445900.0,2.1991,2.1996,2.1949,2.1965,250928.49,0.0,0.0,0
15m,1751446800.0,2.1965,2.1969,2.1931,2.1933,303520.66,0.0,0.0,0
15m,1751447700.0,2.1933,2.1962,2.1903,2.191,542363.21,0.0,0.0,0
15m,1751448600.0,2.191,2.191,2.1856,2.1866,473486.48,0.0,0.0,0
15m,1751449500.0,2.1866,2.1879,2.1847,2.1855,259561.83,0.0,0.0,0
15m,1751450400.0,2.1855,2.1868,2.1832,2.1844,169080.57,0.0,0.0,0
15m,1751451300.0,2.1844,2.1865,2.1844,2.185,97994.45,0.0,0.0,0
15m,1751452200.0,2.185,2.1896,2.1849,2.1894,237642.94,0.0,0.0,0
15m,1751453100.0,2.1894,2.1894,2.1857,2.1873,143887.93,0.0,0.0,0
15m,1751454000.0,2.1873,2.1917,2.1859,2.1901,198138.67,0.0,0.0,0
15m,1751454900.0,2.1901,2.1903,2.1842,2.1851,207810.38,0.0,0.0,0
15m,1751455800.0,2.1851,2.1852,2.1789,2.1792,375667.27,0.0,0.0,0
15m,1751456700.0,2.1792,2.1794,2.1736,2.1769,488823.6,0.0,0.0,0
15m,1751457600.0,2.1769,2.1769,2.1743,2.176,255910.99,0.0,0.0,0
15m,1751458500.0,2.176,2.1761,2.172,2.1745,502708.16,0.0,0.0,0
15m,1751459400.0,2.1745,2.1753,2.1685,2.1705,491585.27,0.0,0.0,0
15m,1751460300.0,2.1705,2.1757,2.1702,2.1755,274228.75,0.0,0.0,0
15m,1751461200.0,2.1755,2.1821,2.1742,2.1821,342431.86,0.0,0.0,0
15m,1751462100.0,2.1821,2.1821,2.1752,2.1773,258923.74,0.0,0.0,0
15m,1751463000.0,2.1773,2.1859,2.1756,2.184,206239.57,0.0,0.0,0
15m,1751463900.0,2.184,2.1873,2.1776,2.1814,482088.43,0.0,0.0,0
15m,1751464800.0,2.1814,2.1911,2.1813,2.1907,319529.75,0.0,0.0,0
15m,1751465700.0,2.1907,2.1961,2.1858,2.1897,517644.76,0.0,0.0,0
15m,1751466600.0,2.1897,2.1933,2.1875,2.1883,174556.16,0.0,0.0,0
15m,1751467500.0,2.1883,2.1984,2.1878,2.1973,299061.54,0.0,0.0,0
15m,1751468400.0,2.1973,2.2072,2.195,2.2044,880511.14,0.0,0.0,0
15m,1751469300.0,2.2044,2.2102,2.2006,2.203,564544.29,0.0,0.0,0
15m,1751470200.0,2.203,2.2143,2.2001,2.2076,497979.69,0.0,0.0,0
15m,1751471100.0,2.2076,2.2152,2.2071,2.2121,430133.98,0.0,0.0,0
15m,1751472000.0,2.2121,2.2301,2.2091,2.2287,1314291.64,0.0,0.0,0
15m,1751472900.0,2.2287,2.2407,2.2261,2.2363,1488577.83,0.0,0.0,0
15m,1751473800.0,2.2363,2.2915,2.2318,2.2732,7791534.29,0.0,0.0,0
15m,1751474700.0,2.2732,2.2814,2.251,2.2557,2911038.24,0.0,0.0,0
15m,1751475600.0,2.2557,2.2661,2.2499,2.2633,1388643.51,0.0,0.0,0
15m,1751476500.0,2.2633,2.2705,2.2568,2.2594,910334.12,0.0,0.0,0
15m,1751477400.0,2.2594,2.2613,2.2279,2.2444,1823433.22,0.0,0.0,0
15m,1751478300.0,2.2444,2.2453,2.2288,2.2425,1083682.74,0.0,0.0,0
15m,1751479200.0,2.2425,2.2531,2.2417,2.2477,704033.93,0.0,0.0,0
15m,1751480100.0,2.2477,2.253,2.2461,2.252,231013.79,0.0,0.0,0
15m,1751481000.0,2.252,2.2526,2.2445,2.2482,236118.96,0.0,0.0,0
15m,1751481900.0,2.2482,2.2522,2.2462,2.2522,305479.61,0.0,0.0,0
15m,1751482800.0,2.2522,2.2663,2.248,2.256,1101998.17,0.0,0.0,0
15m,1751483700.0,2.256,2.2622,2.2552,2.2618,1374985.14,0.0,0.0,0
15m,1751484600.0,2.2618,2.2623,2.2527,2.257,203423.78,0.0,0.0,0
15m,1751485500.0,2.257,2.267,2.2549,2.2651,459186.3,0.0,0.0,0
15m,1751486400.0,2.2651,2.2651,2.2574,2.2621,602822.65,0.0,0.0,0
15m,1751487300.0,2.2621,2.2658,2.251,2.2654,990097.65,0.0,0.0,0
15m,1751488200.0,2.2654,2.2664,2.2594,2.2598,550322.6,0.0,0.0,0
15m,1751489100.0,2.2598,2.2606,2.2525,2.2527,409493.31,0.0,0.0,0
15m,1751490000.0,2.2527,2.2625,2.2523,2.2591,843027.18,0.0,0.0,0
15m,1751490900.0,2.2591,2.2611,2.2456,2.2466,291866.1,0.0,0.0,0
15m,1751491800.0,2.2466,2.2566,2.2461,2.2483,500290.78,0.0,0.0,0
15m,1751492700.0,2.2483,2.2589,2.248,2.256,481792.99,0.0,0.0,0
15m,1751493600.0,2.256,2.2593,2.2486,2.2505,283995.05,0.0,0.0,0
15m,1751494500.0,2.2505,2.2512,2.2466,2.2499,211256.21,0.0,0.0,0
15m,1751495400.0,2.2499,2.2573,2.2499,2.2518,339163.96,0.0,0.0,0
15m,1751496300.0,2.2518,2.2521,2.2477,2.2479,137563.68,0.0,0.0,0
15m,1751497200.0,2.2479,2.249,2.2411,2.2432,323873.52,0.0,0.0,0
15m,1751498100.0,2.2432,2.2441,2.2351,2.2376,350144.24,0.0,0.0,0
15m,1751499000.0,2.2376,2.2397,2.2301,2.231,403676.31,0.0,0.0,0
15m,1751499900.0,2.231,2.237,2.231,2.2335,213398.22,0.0,0.0,0
15m,1751500800.0,2.2335,2.2377,2.233,2.2345,345492.69,0.0,0.0,0
15m,1751501700.0,2.2345,2.2373,2.2247,2.2319,624535.55,0.0,0.0,0
15m,1751502600.0,2.2319,2.2429,2.2286,2.2429,338881.63,0.0,0.0,0
15m,1751503500.0,2.2429,2.2464,2.2401,2.2432,519642.9,0.0,0.0,0
15m,1751504400.0,2.2432,2.2445,2.2371,2.2417,378285.56,0.0,0.0,0
15m,1751505300.0,2.2417,2.2462,2.2382,2.2448,347365.47,0.0,0.0,0
15m,1751506200.0,2.2448,2.2476,2.2421,2.2435,279542.5,0.0,0.0,0
15m,1751507100.0,2.2435,2.2474,2.2424,2.2466,240592.96,0.0,0.0,0
15m,1751508000.0,2.2466,2.2471,2.2381,2.2395,222948.43,0.0,0.0,0
15m,1751508900.0,2.2395,2.24,2.2349,2.2353,278322.38,0.0,0.0,0
15m,1751509800.0,2.2353,2.2379,2.2335,2.2363,762960.39,0.0,0.0,0
15m,1751510700.0,2.2363,2.2422,2.2358,2.2412,553051.22,0.0,0.0,0
15m,1751511600.0,2.2412,2.2441,2.2393,2.2399,169876.36,0.0,0.0,0
15m,1751512500.0,2.2399,2.2467,2.2384,2.2444,198449.64,0.0,0.0,0
15m,1751513400.0,2.2444,2.2468,2.2417,2.2463,175685.3,0.0,0.0,0
15m,1751514300.0,2.2463,2.2463,2.2412,2.2421,178953.1,0.0,0.0,0
15m,1751515200.0,2.2421,2.2502,2.2399,2.2492,443093.74,0.0,0.0,0
15m,1751516100.0,2.2492,2.2551,2.2484,2.2524,391141.28,0.0,0.0,0
15m,1751517000.0,2.2524,2.2576,2.2514,2.2535,509729.33,0.0,0.0,0
15m,1751517900.0,2.2535,2.2578,2.2521,2.2547,451122.91,0.0,0.0,0
15m,1751518800.0,2.2547,2.2656,2.2524,2.2627,572393.56,0.0,0.0,0
15m,1751519700.0,2.2627,2.2657,2.2605,2.2636,310049.88,0.0,0.0,0
15m,1751520600.0,2.2636,2.2711,2.2636,2.2684,682562.16,0.0,0.0,0
15m,1751521500.0,2.2684,2.2738,2.2676,2.2698,636920.45,0.0,0.0,0
15m,1751522400.0,2.2698,2.2705,2.2622,2.2663,375910.31,0.0,0.0,0
15m,1751523300.0,2.2663,2.2749,2.2662,2.272,255987.68,0.0,0.0,0
15m,1751524200.0,2.272,2.274,2.268,2.2737,316938.1,0.0,0.0,0
15m,1751525100.0,2.2737,2.2763,2.2713,2.2732,358188.52,0.0,0.0,0
15m,1751526000.0,2.2732,2.278,2.2703,2.2714,444110.04,0.0,0.0,0
15m,1751526900.0,2.2714,2.2718,2.2662,2.2714,499520.95,0.0,0.0,0
15m,1751527800.0,2.2714,2.2828,2.2708,2.2817,752307.2,0.0,0.0,0
15m,1751528700.0,2.2817,2.2831,2.2788,2.279,487173.25,0.0,0.0,0
15m,1751529600.0,2.279,2.2857,2.2759,2.2772,657607.25,0.0,0.0,0
15m,1751530500.0,2.2772,2.2874,2.2763,2.2874,757468.6,0.0,0.0,0
15m,1751531400.0,2.2874,2.29,2.2826,2.2839,768095.92,0.0,0.0,0
15m,1751532300.0,2.2839,2.2872,2.2764,2.2765,355978.66,0.0,0.0,0
15m,1751533200.0,2.2765,2.2829,2.2761,2.2819,388838.01,0.0,0.0,0
15m,1751534100.0,2.2819,2.2854,2.2801,2.2814,430375.13,0.0,0.0,0
15m,1751535000.0,2.2814,2.2886,2.2811,2.2883,454014.87,0.0,0.0,0
15m,1751535900.0,2.2883,2.2928,2.2831,2.2919,782852.33,0.0,0.0,0
15m,1751536800.0,2.2919,2.2955,2.2832,2.29,631794.19,0.0,0.0,0
15m,1751537700.0,2.29,2.2982,2.2783,2.2964,906518.4,0.0,0.0,0
15m,1751538600.0,2.2964,2.3011,2.2908,2.2967,1333168.69,0.0,0.0,0
15m,1751539500.0,2.2967,2.3006,2.2882,2.3002,1327804.0,0.0,0.0,0
15m,1751540400.0,2.3002,2.3121,2.2944,2.2956,1916445.78,0.0,0.0,0
15m,1751541300.0,2.2956,2.296,2.2863,2.287,627810.88,0.0,0.0,0
15m,1751542200.0,2.287,2.3042,2.2856,2.3007,632380.38,0.0,0.0,0
15m,1751543100.0,2.3007,2.3033,2.2944,2.2959,654330.89,0.0,0.0,0
15m,1751544000.0,2.2959,2.3007,2.2925,2.2978,631845.41,0.0,0.0,0
15m,1751544900.0,2.2978,2.3071,2.2958,2.3054,702647.72,0.0,0.0,0
15m,1751545800.0,2.3054,2.314,2.2721,2.2833,2006210.45,0.0,0.0,0
15m,1751546700.0,2.2833,2.2837,2.2647,2.2826,1572852.86,0.0,0.0,0
15m,1751547600.0,2.2826,2.2884,2.2791,2.2863,646900.13,0.0,0.0,0
15m,1751548500.0,2.2863,2.2874,2.2764,2.2776,576535.66,0.0,0.0,0
15m,1751549400.0,2.2776,2.2954,2.2775,2.2934,999975.98,0.0,0.0,0
15m,1751550300.0,2.2934,2.3067,2.2881,2.3013,1216597.41,0.0,0.0,0
15m,1751551200.0,2.3013,2.3095,2.2863,2.2875,1045227.69,0.0,0.0,0
15m,1751552100.0,2.2875,2.2951,2.2831,2.2858,615440.92,0.0,0.0,0
15m,1751553000.0,2.2858,2.2884,2.2767,2.2861,1171928.78,0.0,0.0,0
15m,1751553900.0,2.2861,2.2897,2.2754,2.2818,464682.9,0.0,0.0,0
15m,1751554800.0,2.2818,2.2874,2.2641,2.2678,1161364.53,0.0,0.0,0
15m,1751555700.0,2.2678,2.2735,2.2643,2.2662,553197.76,0.0,0.0,0
15m,1751556600.0,2.2662,2.2673,2.2432,2.2536,1753299.06,0.0,0.0,0
15m,1751557500.0,2.2536,2.2536,2.2394,2.2436,660755.53,0.0,0.0,0
15m,1751558400.0,2.2436,2.2572,2.243,2.2543,927668.95,0.0,0.0,0
15m,1751559300.0,2.2543,2.2548,2.2436,2.2474,417921.41,0.0,0.0,0
15m,1751560200.0,2.2474,2.2527,2.2469,2.2501,206186.06,0.0,0.0,0
15m,1751561100.0,2.2501,2.261,2.2501,2.2591,527524.05,0.0,0.0,0
15m,1751562000.0,2.2591,2.2674,2.259,2.2643,422857.6,0.0,0.0,0
15m,1751562900.0,2.2643,2.2648,2.2565,2.2566,167736.34,0.0,0.0,0
15m,1751563800.0,2.2566,2.2643,2.2565,2.2633,143850.43,0.0,0.0,0
15m,1751564700.0,2.2633,2.2646,2.2619,2.2645,97315.9,0.0,0.0,0
15m,1751565600.0,2.2645,2.2713,2.2635,2.2666,172516.28,0.0,0.0,0
15m,1751566500.0,2.2666,2.2702,2.262,2.2692,110884.15,0.0,0.0,0
15m,1751567400.0,2.2692,2.2724,2.2668,2.2724,127196.88,0.0,0.0,0
15m,1751568300.0,2.2724,2.2813,2.2724,2.279,375134.02,0.0,0.0,0
15m,1751569200.0,2.279,2.2829,2.2757,2.2805,198627.32,0.0,0.0,0
15m,1751570100.0,2.2805,2.2823,2.2774,2.2785,234002.02,0.0,0.0,0
15m,1751571000.0,2.2785,2.2786,2.2715,2.276,144506.67,0.0,0.0,0
15m,1751571900.0,2.276,2.276,2.2695,2.2716,156691.84,0.0,0.0,0
15m,1751572800.0,2.2716,2.2761,2.2716,2.2755,203640.86,0.0,0.0,0
15m,1751573700.0,2.2755,2.2784,2.2742,2.2778,181186.25,0.0,0.0,0
15m,1751574600.0,2.2778,2.28,2.2766,2.2799,133822.52,0.0,0.0,0
15m,1751575500.0,2.2799,2.28,2.2765,2.2766,81726.0,0.0,0.0,0
15m,1751576400.0,2.2766,2.2795,2.2726,2.2732,207202.86,0.0,0.0,0
15m,1751577300.0,2.2732,2.2756,2.2713,2.2718,126605.9,0.0,0.0,0
15m,1751578200.0,2.2718,2.273,2.268,2.2702,203201.34,0.0,0.0,0
15m,1751579100.0,2.2702,2.2717,2.268,2.2688,100960.95,0.0,0.0,0
15m,1751580000.0,2.2688,2.272,2.2667,2.2683,103354.9,0.0,0.0,0
15m,1751580900.0,2.2683,2.2694,2.264,2.264,132735.26,0.0,0.0,0
15m,1751581800.0,2.264,2.265,2.2615,2.2629,102479.24,0.0,0.0,0
15m,1751582700.0,2.2629,2.2652,2.2607,2.2641,77483.89,0.0,0.0,0
15m,1751583600.0,2.2641,2.2672,2.2578,2.2587,161626.9,0.0,0.0,0
15m,1751584500.0,2.2587,2.2595,2.2535,2.2543,244374.68,0.0,0.0,0
15m,1751585400.0,2.2543,2.2566,2.2538,2.2565,100403.49,0.0,0.0,0
15m,1751586300.0,2.2565,2.2578,2.254,2.2567,85201.19,0.0,0.0,0
15m,1751587200.0,2.2567,2.2623,2.2566,2.2607,177533.49,0.0,0.0,0
15m,1751588100.0,2.2607,2.2633,2.2584,2.2614,92348.72,0.0,0.0,0
15m,1751589000.0,2.2614,2.2675,2.2613,2.2656,180105.5,0.0,0.0,0
15m,1751589900.0,2.2656,2.2674,2.2558,2.2622,144257.69,0.0,0.0,0
15m,1751590800.0,2.2622,2.2656,2.2601,2.2637,146668.42,0.0,0.0,0
15m,1751591700.0,2.2637,2.2673,2.2626,2.2656,189399.41,0.0,0.0,0
15m,1751592600.0,2.2656,2.2675,2.2609,2.2626,129754.11,0.0,0.0,0
15m,1751593500.0,2.2626,2.2626,2.2598,2.2598,59732.58,0.0,0.0,0
15m,1751594400.0,2.2598,2.2598,2.2518,2.2527,153708.55,0.0,0.0,0
15m,1751595300.0,2.2527,2.2535,2.2473,2.2508,123293.16,0.0,0.0,0
15m,1751596200.0,2.2508,2.2522,2.241,2.2421,333299.99,0.0,0.0,0
15m,1751597100.0,2.2421,2.2461,2.2414,2.2431,264479.64,0.0,0.0,0
15m,1751598000.0,2.2431,2.2474,2.2399,2.246,88073.96,0.0,0.0,0
15m,1751598900.0,2.246,2.2507,2.2451,2.2506,173416.27,0.0,0.0,0
15m,1751599800.0,2.2506,2.251,2.2477,2.2509,186437.3,0.0,0.0,0
15m,1751600700.0,2.2509,2.251,2.2481,2.2486,53858.83,0.0,0.0,0
15m,1751601600.0,2.2486,2.2511,2.248,2.2499,101844.99,0.0,0.0,0
15m,1751602500.0,2.2499,2.2517,2.2441,2.245,140241.95,0.0,0.0,0
15m,1751603400.0,2.245,2.2451,2.2412,2.2412,95996.07,0.0,0.0,0
15m,1751604300.0,2.2412,2.2423,2.2388,2.24,130420.01,0.0,0.0,0
15m,1751605200.0,2.24,2.2452,2.24,2.2427,220006.18,0.0,0.0,0
15m,1751606100.0,2.2427,2.2437,2.2388,2.243,172194.88,0.0,0.0,0
15m,1751607000.0,2.243,2.249,2.243,2.2472,177697.88,0.0,0.0,0
15m,1751607900.0,2.2472,2.2478,2.2425,2.2445,86569.81,0.0,0.0,0
15m,1751608800.0,2.2445,2.2446,2.2325,2.234,504998.31,0.0,0.0,0
15m,1751609700.0,2.234,2.2356,2.2319,2.2345,372260.83,0.0,0.0,0
15m,1751610600.0,2.2345,2.2384,2.2342,2.2358,212722.06,0.0,0.0,0
15m,1751611500.0,2.2358,2.2379,2.2345,2.2345,183309.68,0.0,0.0,0
15m,1751612400.0,2.2345,2.2389,2.2276,2.2281,482263.65,0.0,0.0,0
15m,1751613300.0,2.2281,2.2296,2.2235,2.2235,310883.13,0.0,0.0,0
15m,1751614200.0,2.2235,2.2279,2.2155,2.2253,916477.76,0.0,0.0,0
15m,1751615100.0,2.2253,2.2266,2.2189,2.2212,418399.89,0.0,0.0,0
15m,1751616000.0,2.2212,2.2219,2.2125,2.2133,298866.39,0.0,0.0,0
15m,1751616900.0,2.2133,2.2221,2.208,2.2211,489735.84,0.0,0.0,0
15m,1751617800.0,2.2211,2.2248,2.2178,2.2244,168183.59,0.0,0.0,0
15m,1751618700.0,2.2244,2.2245,2.2205,2.2231,128877.44,0.0,0.0,0
15m,1751619600.0,2.2231,2.2279,2.2219,2.2268,144408.46,0.0,0.0,0
15m,1751620500.0,2.2268,2.2311,2.2257,2.2308,219227.09,0.0,0.0,0
15m,1751621400.0,2.2308,2.2325,2.2295,2.2312,104732.44,0.0,0.0,0
15m,1751622300.0,2.2312,2.2328,2.2287,2.2326,215270.9,0.0,0.0,0
15m,1751623200.0,2.2326,2.234,2.2325,2.2334,96394.07,0.0,0.0,0
15m,1751624100.0,2.2334,2.2339,2.2298,2.2307,119471.07,0.0,0.0,0
15m,1751625000.0,2.2307,2.2328,2.2283,2.2306,220531.75,0.0,0.0,0
15m,1751625900.0,2.2306,2.233,2.2301,2.2319,140437.9,0.0,0.0,0
15m,1751626800.0,2.2319,2.2393,2.2313,2.2365,155411.24,0.0,0.0,0
15m,1751627700.0,2.2365,2.24,2.2365,2.2399,99537.95,0.0,0.0,0
15m,1751628600.0,2.2399,2.2402,2.2377,2.2393,80841.05,0.0,0.0,0
15m,1751629500.0,2.2393,2.2404,2.2365,2.2386,109986.13,0.0,0.0,0
15m,1751630400.0,2.2386,2.2402,2.235,2.2359,162893.85,0.0,0.0,0
15m,1751631300.0,2.2359,2.2388,2.2342,2.2379,135931.87,0.0,0.0,0
15m,1751632200.0,2.2379,2.243,2.2372,2.2421,132081.82,0.0,0.0,0
15m,1751633100.0,2.2421,2.2435,2.2345,2.2369,176718.59,0.0,0.0,0
15m,1751634000.0,2.2369,2.242,2.232,2.2321,201912.83,0.0,0.0,0
15m,1751634900.0,2.2321,2.2392,2.2315,2.2365,218801.53,0.0,0.0,0
15m,1751635800.0,2.2365,2.2374,2.2263,2.2284,290183.55,0.0,0.0,0
15m,1751636700.0,2.2284,2.2289,2.2201,2.2204,431934.08,0.0,0.0,0
15m,1751637600.0,2.2204,2.223,2.2089,2.2137,657701.99,0.0,0.0,0
15m,1751638500.0,2.2137,2.2245,2.2034,2.2239,708254.89,0.0,0.0,0
15m,1751639400.0,2.2239,2.2268,2.2178,2.2234,580596.26,0.0,0.0,0
15m,1751640300.0,2.2234,2.2246,2.2192,2.2223,324460.52,0.0,0.0,0
15m,1751641200.0,2.2223,2.2252,2.2177,2.2182,217300.76,0.0,0.0,0
15m,1751642100.0,2.2182,2.2193,2.2109,2.2132,243752.94,0.0,0.0,0
15m,1751643000.0,2.2132,2.2157,2.207,2.2133,249757.51,0.0,0.0,0
15m,1751643900.0,2.2133,2.2169,2.2099,2.2148,217755.21,0.0,0.0,0
15m,1751644800.0,2.2148,2.2179,2.2037,2.2047,623997.36,0.0,0.0,0
15m,1751645700.0,2.2047,2.2089,2.1988,2.2045,688410.3,0.0,0.0,0
15m,1751646600.0,2.2045,2.2123,2.195,2.2059,403909.22,0.0,0.0,0
15m,1751647500.0,2.2059,2.2128,2.2051,2.2096,192720.16,0.0,0.0,0
15m,1751648400.0,2.2096,2.2203,2.2093,2.2148,344134.27,0.0,0.0,0
15m,1751649300.0,2.2148,2.2218,2.2147,2.2203,202991.3,0.0,0.0,0
15m,1751650200.0,2.2203,2.2219,2.2175,2.2177,130391.11,0.0,0.0,0
15m,1751651100.0,2.2177,2.2254,2.2169,2.2251,145410.03,0.0,0.0,0
15m,1751652000.0,2.2251,2.2251,2.2195,2.2195,112057.67,0.0,0.0,0
15m,1751652900.0,2.2195,2.2197,2.2118,2.2147,207319.31,0.0,0.0,0
15m,1751653800.0,2.2147,2.2168,2.2127,2.2144,97102.73,0.0,0.0,0
15m,1751654700.0,2.2144,2.2183,2.2073,2.2074,228879.76,0.0,0.0,0
15m,1751655600.0,2.2074,2.2152,2.207,2.215,104593.16,0.0,0.0,0
15m,1751656500.0,2.215,2.2159,2.2069,2.2069,102672.31,0.0,0.0,0
15m,1751657400.0,2.2069,2.2133,2.2068,2.2113,108801.46,0.0,0.0,0
15m,1751658300.0,2.2113,2.2133,2.2095,2.2104,86700.57,0.0,0.0,0
15m,1751659200.0,2.2104,2.2164,2.208,2.2163,129425.24,0.0,0.0,0
15m,1751660100.0,2.2163,2.2181,2.2158,2.2172,109463.17,0.0,0.0,0
15m,1751661000.0,2.2172,2.2228,2.2171,2.2226,119286.7,0.0,0.0,0
15m,1751661900.0,2.2226,2.2234,2.2195,2.2198,78517.25,0.0,0.0,0
15m,1751662800.0,2.2198,2.2205,2.2166,2.2171,192154.36,0.0,0.0,0
15m,1751663700.0,2.2171,2.2198,2.2167,2.2197,81454.07,0.0,0.0,0
15m,1751664600.0,2.2197,2.2198,2.2138,2.2177,108302.67,0.0,0.0,0
15m,1751665500.0,2.2177,2.2193,2.2171,2.2182,48260.86,0.0,0.0,0
15m,1751666400.0,2.2182,2.2216,2.2155,2.2208,110194.39,0.0,0.0,0
15m,1751667300.0,2.2208,2.2249,2.2193,2.2248,167576.43,0.0,0.0,0
15m,1751668200.0,2.2248,2.2283,2.2242,2.2273,124081.73,0.0,0.0,0
15m,1751669100.0,2.2273,2.2286,2.2265,2.228,62707.43,0.0,0.0,0
15m,1751670000.0,2.228,2.2281,2.2234,2.2248,97200.82,0.0,0.0,0
15m,1751670900.0,2.2248,2.2248,2.2221,2.2247,108633.63,0.0,0.0,0
15m,1751671800.0,2.2247,2.2251,2.2191,2.2196,120918.89,0.0,0.0,0
15m,1751672700.0,2.2196,2.2214,2.2193,2.2206,113431.14,0.0,0.0,0
15m,1751673600.0,2.2206,2.2206,2.2159,2.2173,196776.39,0.0,0.0,0
15m,1751674500.0,2.2173,2.2211,2.2172,2.2203,102596.85,0.0,0.0,0
15m,1751675400.0,2.2203,2.2233,2.2181,2.2226,93920.48,0.0,0.0,0
15m,1751676300.0,2.2226,2.2249,2.22,2.2234,108988.46,0.0,0.0,0
15m,1751677200.0,2.2234,2.2238,2.2184,2.2189,85595.93,0.0,0.0,0
15m,1751678100.0,2.2189,2.2189,2.2145,2.2145,72425.04,0.0,0.0,0
15m,1751679000.0,2.2145,2.2176,2.2142,2.2167,91246.7,0.0,0.0,0
15m,1751679900.0,2.2167,2.2175,2.2147,2.2175,31435.83,0.0,0.0,0
15m,1751680800.0,2.2175,2.2175,2.214,2.2157,59365.12,0.0,0.0,0
15m,1751681700.0,2.2157,2.2185,2.215,2.2153,39538.05,0.0,0.0,0
15m,1751682600.0,2.2153,2.2209,2.21,2.2208,120840.1,0.0,0.0,0
15m,1751683500.0,2.2208,2.2236,2.2208,2.2221,49474.63,0.0,0.0,0
15m,1751684400.0,2.2221,2.2264,2.2221,2.2244,126275.12,0.0,0.0,0
15m,1751685300.0,2.2244,2.2267,2.2243,2.2267,86399.57,0.0,0.0,0
15m,1751686200.0,2.2267,2.2273,2.2232,2.2241,82726.58,0.0,0.0,0
15m,1751687100.0,2.2241,2.2265,2.2234,2.2255,89378.7,0.0,0.0,0
15m,1751688000.0,2.2255,2.2262,2.2174,2.2196,352342.27,0.0,0.0,0
15m,1751688900.0,2.2196,2.2261,2.2187,2.2261,62472.25,0.0,0.0,0
15m,1751689800.0,2.2261,2.2267,2.2236,2.2253,89666.52,0.0,0.0,0
15m,1751690700.0,2.2253,2.2258,2.2211,2.2213,115253.47,0.0,0.0,0
15m,1751691600.0,2.2213,2.2232,2.2203,2.2229,139751.32,0.0,0.0,0
15m,1751692500.0,2.2229,2.225,2.2205,2.2246,111026.52,0.0,0.0,0
15m,1751693400.0,2.2246,2.2256,2.2234,2.2245,65481.45,0.0,0.0,0
15m,1751694300.0,2.2245,2.2284,2.2243,2.2281,99401.22,0.0,0.0,0
15m,1751695200.0,2.2281,2.2302,2.226,2.2281,109440.19,0.0,0.0,0
15m,1751696100.0,2.2281,2.2325,2.2279,2.2317,252423.43,0.0,0.0,0
15m,1751697000.0,2.2317,2.2336,2.227,2.2277,168249.77,0.0,0.0,0
15m,1751697900.0,2.2277,2.2299,2.2275,2.2296,69731.3,0.0,0.0,0
15m,1751698800.0,2.2296,2.23,2.2273,2.2276,107934.74,0.0,0.0,0
15m,1751699700.0,2.2276,2.2278,2.2247,2.2273,71391.16,0.0,0.0,0
15m,1751700600.0,2.2273,2.2276,2.223,2.2242,271900.78,0.0,0.0,0
15m,1751701500.0,2.2242,2.2249,2.2229,2.2247,84289.54,0.0,0.0,0
15m,1751702400.0,2.2247,2.2265,2.2226,2.2262,80669.45,0.0,0.0,0
15m,1751703300.0,2.2262,2.2264,2.2212,2.2214,70235.04,0.0,0.0,0
15m,1751704200.0,2.2214,2.2227,2.2191,2.2199,111527.91,0.0,0.0,0
15m,1751705100.0,2.2199,2.2202,2.2165,2.2202,173744.85,0.0,0.0,0
15m,1751706000.0,2.2202,2.2202,2.2153,2.2154,181548.66,0.0,0.0,0
15m,1751706900.0,2.2154,2.2157,2.2113,2.2132,299025.55,0.0,0.0,0
15m,1751707800.0,2.2132,2.2165,2.2123,2.215,125223.28,0.0,0.0,0
15m,1751708700.0,2.215,2.2215,2.215,2.2203,115979.6,0.0,0.0,0
15m,1751709600.0,2.2203,2.2235,2.2195,2.22,126259.42,0.0,0.0,0
15m,1751710500.0,2.22,2.2211,2.2179,2.2211,64505.9,0.0,0.0,0
15m,1751711400.0,2.2211,2.2227,2.2187,2.2207,149125.35,0.0,0.0,0
15m,1751712300.0,2.2207,2.2229,2.2198,2.22,65034.79,0.0,0.0,0
15m,1751713200.0,2.22,2.2225,2.2199,2.2201,43741.42,0.0,0.0,0
15m,1751714100.0,2.2201,2.2249,2.2197,2.2242,81936.76,0.0,0.0,0
15m,1751715000.0,2.2242,2.2255,2.2235,2.2245,129854.65,0.0,0.0,0
15m,1751715900.0,2.2245,2.2253,2.2215,2.2215,51351.64,0.0,0.0,0
15m,1751716800.0,2.2215,2.2221,2.2177,2.2186,91013.24,0.0,0.0,0
15m,1751717700.0,2.2186,2.2199,2.2162,2.2177,75251.57,0.0,0.0,0
15m,1751718600.0,2.2177,2.2203,2.2146,2.2203,113692.55,0.0,0.0,0
15m,1751719500.0,2.2203,2.2217,2.2194,2.2212,123954.37,0.0,0.0,0
15m,1751720400.0,2.2212,2.2217,2.2191,2.2206,67032.21,0.0,0.0,0
15m,1751721300.0,2.2206,2.2237,2.2203,2.2231,126026.24,0.0,0.0,0
15m,1751722200.0,2.2231,2.2232,2.2206,2.2229,97825.0,0.0,0.0,0
15m,1751723100.0,2.2229,2.2232,2.2205,2.2217,75616.79,0.0,0.0,0
15m,1751724000.0,2.2217,2.223,2.219,2.221,254439.82,0.0,0.0,0
15m,1751724900.0,2.221,2.2255,2.2206,2.2255,112054.58,0.0,0.0,0
15m,1751725800.0,2.2255,2.2275,2.2232,2.2256,197583.81,0.0,0.0,0
15m,1751726700.0,2.2256,2.2302,2.2251,2.2273,204777.55,0.0,0.0,0
15m,1751727600.0,2.2273,2.2301,2.227,2.2288,113969.9,0.0,0.0,0
15m,1751728500.0,2.2288,2.2296,2.2263,2.2274,186582.23,0.0,0.0,0
15m,1751729400.0,2.2274,2.2298,2.2245,2.2252,172411.07,0.0,0.0,0
15m,1751730300.0,2.2252,2.2256,2.2215,2.2225,162703.35,0.0,0.0,0
15m,1751731200.0,2.2225,2.2243,2.2215,2.2233,99997.18,0.0,0.0,0
15m,1751732100.0,2.2233,2.2247,2.2189,2.2199,178692.46,0.0,0.0,0
15m,1751733000.0,2.2199,2.2203,2.2155,2.2171,286118.92,0.0,0.0,0
15m,1751733900.0,2.2171,2.2183,2.2135,2.2177,266798.79,0.0,0.0,0
15m,1751734800.0,2.2177,2.2202,2.2074,2.2092,569364.35,0.0,0.0,0
15m,1751735700.0,2.2092,2.2116,2.2054,2.2113,468045.84,0.0,0.0,0
15m,1751736600.0,2.2113,2.2124,2.2084,2.2111,217923.64,0.0,0.0,0
15m,1751737500.0,2.2111,2.214,2.2093,2.2132,145628.05,0.0,0.0,0
15m,1751738400.0,2.2132,2.2132,2.2056,2.2068,264060.65,0.0,0.0,0
15m,1751739300.0,2.2068,2.2073,2.2023,2.2028,400812.6,0.0,0.0,0
15m,1751740200.0,2.2028,2.2065,2.2023,2.2053,156303.87,0.0,0.0,0
15m,1751741100.0,2.2053,2.2078,2.2033,2.2045,163630.11,0.0,0.0,0
15m,1751742000.0,2.2045,2.2045,2.2014,2.2019,175117.56,0.0,0.0,0
15m,1751742900.0,2.2019,2.2093,2.2016,2.2093,136388.92,0.0,0.0,0
15m,1751743800.0,2.2093,2.2097,2.2073,2.2082,71247.21,0.0,0.0,0
15m,1751744700.0,2.2082,2.2145,2.2082,2.2145,82257.61,0.0,0.0,0
15m,1751745600.0,2.2145,2.2182,2.2113,2.2121,486778.73,0.0,0.0,0
15m,1751746500.0,2.2121,2.2126,2.2082,2.2091,123879.01,0.0,0.0,0
15m,1751747400.0,2.2091,2.2097,2.2077,2.2082,65309.15,0.0,0.0,0
15m,1751748300.0,2.2082,2.2129,2.208,2.2104,85869.29,0.0,0.0,0
15m,1751749200.0,2.2104,2.2104,2.2074,2.2074,85443.63,0.0,0.0,0
15m,1751750100.0,2.2074,2.213,2.2074,2.211,33137.71,0.0,0.0,0
15m,1751751000.0,2.211,2.2157,2.211,2.2157,63034.81,0.0,0.0,0
15m,1751751900.0,2.2157,2.219,2.2151,2.2178,97146.32,0.0,0.0,0
15m,1751752800.0,2.2178,2.2181,2.213,2.2136,73955.79,0.0,0.0,0
15m,1751753700.0,2.2136,2.2151,2.2129,2.2151,40088.16,0.0,0.0,0
15m,1751754600.0,2.2151,2.2171,2.2128,2.2161,74457.45,0.0,0.0,0
15m,1751755500.0,2.2161,2.2171,2.2151,2.2156,70391.2,0.0,0.0,0
15m,1751756400.0,2.2156,2.2193,2.2155,2.2192,77213.98,0.0,0.0,0
15m,1751757300.0,2.2192,2.2192,2.216,2.2171,114658.9,0.0,0.0,0
15m,1751758200.0,2.2171,2.2181,2.2147,2.2168,104718.95,0.0,0.0,0
15m,1751759100.0,2.2168,2.2184,2.2164,2.2176,126429.22,0.0,0.0,0
15m,1751760000.0,2.2176,2.2177,2.2139,2.2149,282306.08,0.0,0.0,0
15m,1751760900.0,2.2149,2.2181,2.2138,2.2169,76918.12,0.0,0.0,0
15m,1751761800.0,2.2169,2.219,2.2141,2.2187,89300.28,0.0,0.0,0
15m,1751762700.0,2.2187,2.2207,2.2175,2.2203,81199.67,0.0,0.0,0
15m,1751763600.0,2.2203,2.2224,2.2174,2.2174,120440.83,0.0,0.0,0
15m,1751764500.0,2.2174,2.2183,2.2152,2.2163,180266.4,0.0,0.0,0
15m,1751765400.0,2.2163,2.2186,2.2159,2.2185,60465.8,0.0,0.0,0
15m,1751766300.0,2.2185,2.2192,2.216,2.218,66346.87,0.0,0.0,0
15m,1751767200.0,2.218,2.2199,2.2167,2.2194,80508.93,0.0,0.0,0
15m,1751768100.0,2.2194,2.2199,2.2164,2.217,94709.36,0.0,0.0,0
15m,1751769000.0,2.217,2.2179,2.2152,2.2159,51634.26,0.0,0.0,0
15m,1751769900.0,2.2159,2.2162,2.2124,2.2124,59577.27,0.0,0.0,0
15m,1751770800.0,2.2124,2.2127,2.2101,2.2117,122473.41,0.0,0.0,0
15m,1751771700.0,2.2117,2.2119,2.2085,2.2108,148021.52,0.0,0.0,0
15m,1751772600.0,2.2108,2.2128,2.2099,2.2128,106290.98,0.0,0.0,0
15m,1751773500.0,2.2128,2.2161,2.2128,2.2161,63002.23,0.0,0.0,0
15m,1751774400.0,2.2161,2.2205,2.216,2.2193,143766.96,0.0,0.0,0
15m,1751775300.0,2.2193,2.2206,2.2188,2.2199,70334.75,0.0,0.0,0
15m,1751776200.0,2.2199,2.2218,2.2186,2.2217,45823.09,0.0,0.0,0
15m,1751777100.0,2.2217,2.2221,2.2187,2.22,53757.68,0.0,0.0,0
15m,1751778000.0,2.22,2.2212,2.2191,2.2208,79688.32,0.0,0.0,0
15m,1751778900.0,2.2208,2.2251,2.2203,2.2246,106216.77,0.0,0.0,0
15m,1751779800.0,2.2246,2.226,2.2218,2.2223,173566.03,0.0,0.0,0
15m,1751780700.0,2.2223,2.2229,2.2211,2.2228,65623.58,0.0,0.0,0
15m,1751781600.0,2.2228,2.2287,2.2214,2.2282,148121.1,0.0,0.0,0
15m,1751782500.0,2.2282,2.2347,2.2282,2.2305,410722.74,0.0,0.0,0
15m,1751783400.0,2.2305,2.2315,2.2282,2.2303,237481.17,0.0,0.0,0
15m,1751784300.0,2.2303,2.2335,2.2303,2.2322,202775.53,0.0,0.0,0
15m,1751785200.0,2.2322,2.2331,2.2311,2.2314,132738.67,0.0,0.0,0
15m,1751786100.0,2.2314,2.2328,2.2291,2.2299,129338.69,0.0,0.0,0
15m,1751787000.0,2.2299,2.2299,2.2259,2.2265,101421.41,0.0,0.0,0
15m,1751787900.0,2.2265,2.228,2.2254,2.2275,97478.84,0.0,0.0,0
15m,1751788800.0,2.2275,2.2311,2.2263,2.2279,126313.32,0.0,0.0,0
15m,1751789700.0,2.2279,2.2295,2.2268,2.2289,94382.2,0.0,0.0,0
15m,1751790600.0,2.2289,2.2461,2.2287,2.2451,1305993.05,0.0,0.0,0
15m,1751791500.0,2.2451,2.2544,2.2386,2.2426,1051348.88,0.0,0.0,0
15m,1751792400.0,2.2426,2.2531,2.2387,2.2498,1327149.22,0.0,0.0,0
15m,1751793300.0,2.2498,2.2534,2.2483,2.2489,321961.31,0.0,0.0,0
15m,1751794200.0,2.2489,2.2586,2.2488,2.2574,434170.89,0.0,0.0,0
15m,1751795100.0,2.2574,2.2624,2.2527,2.2538,869665.24,0.0,0.0,0
15m,1751796000.0,2.2538,2.2655,2.252,2.265,988911.3,0.0,0.0,0
15m,1751796900.0,2.265,2.2738,2.263,2.2718,1280298.66,0.0,0.0,0
15m,1751797800.0,2.2718,2.2847,2.2659,2.2846,2314335.03,0.0,0.0,0
15m,1751798700.0,2.2846,2.2854,2.2739,2.2746,1359629.91,0.0,0.0,0
15m,1751799600.0,2.2746,2.277,2.2594,2.2614,1624338.67,0.0,0.0,0
15m,1751800500.0,2.2614,2.2669,2.2576,2.2656,533266.95,0.0,0.0,0
15m,1751801400.0,2.2656,2.2695,2.2629,2.269,274960.27,0.0,0.0,0
15m,1751802300.0,2.269,2.2729,2.2611,2.2618,677472.83,0.0,0.0,0
15m,1751803200.0,2.2618,2.2663,2.2607,2.2644,354393.5,0.0,0.0,0
15m,1751804100.0,2.2644,2.2703,2.2642,2.265,320622.02,0.0,0.0,0
15m,1751805000.0,2.265,2.2675,2.2624,2.2674,257124.29,0.0,0.0,0
15m,1751805900.0,2.2674,2.2746,2.2666,2.2746,368344.31,0.0,0.0,0
15m,1751806800.0,2.2746,2.28,2.2718,2.2794,398627.66,0.0,0.0,0
15m,1751807700.0,2.2794,2.2845,2.2731,2.2757,723373.11,0.0,0.0,0
15m,1751808600.0,2.2757,2.2827,2.2726,2.2826,687267.91,0.0,0.0,0
15m,1751809500.0,2.2826,2.2902,2.2799,2.282,1022913.4,0.0,0.0,0
15m,1751810400.0,2.282,2.2851,2.2731,2.2738,703102.23,0.0,0.0,0
15m,1751811300.0,2.2738,2.2771,2.2695,2.2729,403257.84,0.0,0.0,0
15m,1751812200.0,2.2729,2.2798,2.2667,2.2703,388316.0,0.0,0.0,0
15m,1751813100.0,2.2703,2.2716,2.2655,2.2716,237919.94,0.0,0.0,0
15m,1751814000.0,2.2716,2.2748,2.2689,2.2727,380409.91,0.0,0.0,0
15m,1751814900.0,2.2727,2.2739,2.2675,2.2707,192114.47,0.0,0.0,0
15m,1751815800.0,2.2707,2.2776,2.2688,2.2721,209104.45,0.0,0.0,0
15m,1751816700.0,2.2721,2.2786,2.2712,2.2767,185352.14,0.0,0.0,0
15m,1751817600.0,2.2767,2.2798,2.2693,2.2703,278299.54,0.0,0.0,0
15m,1751818500.0,2.2703,2.2825,2.2694,2.273,332707.9,0.0,0.0,0
15m,1751819400.0,2.273,2.2762,2.2698,2.2731,207220.44,0.0,0.0,0
15m,1751820300.0,2.2731,2.2781,2.2703,2.2752,207940.22,0.0,0.0,0
15m,1751821200.0,2.2752,2.2755,2.268,2.2683,107673.98,0.0,0.0,0
15m,1751822100.0,2.2683,2.2702,2.2658,2.2686,177150.42,0.0,0.0,0
15m,1751823000.0,2.2686,2.2687,2.2648,2.2669,145769.42,0.0,0.0,0
15m,1751823900.0,2.2669,2.2712,2.2668,2.2681,134942.95,0.0,0.0,0
15m,1751824800.0,2.2681,2.2683,2.2619,2.2632,193188.68,0.0,0.0,0
15m,1751825700.0,2.2632,2.2641,2.2542,2.2551,413459.59,0.0,0.0,0
15m,1751826600.0,2.2551,2.2583,2.2516,2.2524,351843.99,0.0,0.0,0
15m,1751827500.0,2.2524,2.2534,2.2465,2.2524,378654.27,0.0,0.0,0
15m,1751828400.0,2.2524,2.2557,2.2518,2.2545,158098.09,0.0,0.0,0
15m,1751829300.0,2.2545,2.2574,2.2544,2.2557,79205.02,0.0,0.0,0
15m,1751830200.0,2.2557,2.2571,2.2537,2.2571,96039.15,0.0,0.0,0
15m,1751831100.0,2.2571,2.2651,2.2546,2.2646,172874.05,0.0,0.0,0
15m,1751832000.0,2.2646,2.27,2.2632,2.2698,157145.79,0.0,0.0,0
15m,1751832900.0,2.2698,2.2716,2.2674,2.2683,219255.39,0.0,0.0,0
15m,1751833800.0,2.2683,2.2737,2.2681,2.2706,196773.19,0.0,0.0,0
15m,1751834700.0,2.2706,2.2737,2.2685,2.2697,87650.25,0.0,0.0,0
15m,1751835600.0,2.2697,2.2754,2.2697,2.2731,147330.57,0.0,0.0,0
15m,1751836500.0,2.2731,2.2792,2.2722,2.278,159889.75,0.0,0.0,0
15m,1751837400.0,2.278,2.2886,2.2762,2.2783,488803.3,0.0,0.0,0
15m,1751838300.0,2.2783,2.2799,2.2715,2.2764,397371.27,0.0,0.0,0
15m,1751839200.0,2.2764,2.2893,2.2764,2.2811,474116.49,0.0,0.0,0
15m,1751840100.0,2.2811,2.2838,2.2766,2.2783,190100.14,0.0,0.0,0
15m,1751841000.0,2.2783,2.279,2.2744,2.2756,158082.06,0.0,0.0,0
15m,1751841900.0,2.2756,2.2767,2.2738,2.2751,106506.96,0.0,0.0,0
15m,1751842800.0,2.2751,2.2756,2.2672,2.2713,654020.77,0.0,0.0,0
15m,1751843700.0,2.2713,2.2714,2.2656,2.2683,165992.48,0.0,0.0,0
15m,1751844600.0,2.2683,2.2734,2.2673,2.273,178941.92,0.0,0.0,0
15m,1751845500.0,2.273,2.2739,2.2707,2.2707,189564.2,0.0,0.0,0
15m,1751846400.0,2.2707,2.2725,2.2682,2.271,236611.93,0.0,0.0,0
15m,1751847300.0,2.271,2.2711,2.2629,2.263,190197.07,0.0,0.0,0
15m,1751848200.0,2.263,2.2658,2.2617,2.2628,174892.0,0.0,0.0,0
15m,1751849100.0,2.2628,2.2656,2.2628,2.2645,99966.6,0.0,0.0,0
15m,1751850000.0,2.2645,2.2645,2.2582,2.2587,183901.02,0.0,0.0,0
15m,1751850900.0,2.2587,2.2632,2.2572,2.2614,241398.99,0.0,0.0,0
15m,1751851800.0,2.2614,2.2683,2.2614,2.266,177853.72,0.0,0.0,0
15m,1751852700.0,2.266,2.2678,2.264,2.266,83128.38,0.0,0.0,0
15m,1751853600.0,2.266,2.2739,2.2657,2.2729,163186.54,0.0,0.0,0
15m,1751854500.0,2.2729,2.2748,2.2722,2.2744,139250.01,0.0,0.0,0
15m,1751855400.0,2.2744,2.2794,2.2728,2.279,545841.18,0.0,0.0,0
15m,1751856300.0,2.279,2.2792,2.2729,2.273,226586.39,0.0,0.0,0
15m,1751857200.0,2.273,2.2739,2.2715,2.2716,117413.82,0.0,0.0,0
15m,1751858100.0,2.2716,2.2784,2.2703,2.2755,340015.55,0.0,0.0,0
15m,1751859000.0,2.2755,2.2777,2.2748,2.2762,243105.39,0.0,0.0,0
15m,1751859900.0,2.2762,2.2767,2.27,2.2704,333941.76,0.0,0.0,0
15m,1751860800.0,2.2704,2.272,2.269,2.2713,493120.41,0.0,0.0,0
15m,1751861700.0,2.2713,2.2717,2.2639,2.2669,215554.23,0.0,0.0,0
15m,1751862600.0,2.2669,2.2682,2.265,2.2653,69953.66,0.0,0.0,0
15m,1751863500.0,2.2653,2.266,2.2638,2.2645,151987.29,0.0,0.0,0
15m,1751864400.0,2.2645,2.2673,2.2645,2.2665,124012.44,0.0,0.0,0
15m,1751865300.0,2.2665,2.2666,2.2629,2.2642,133167.94,0.0,0.0,0
15m,1751866200.0,2.2642,2.2716,2.2632,2.2702,283529.95,0.0,0.0,0
15m,1751867100.0,2.2702,2.2752,2.2696,2.2708,362933.09,0.0,0.0,0
15m,1751868000.0,2.2708,2.2708,2.2621,2.2684,380505.01,0.0,0.0,0
15m,1751868900.0,2.2684,2.2705,2.2682,2.2687,141990.66,0.0,0.0,0
15m,1751869800.0,2.2687,2.2693,2.2612,2.2612,225318.14,0.0,0.0,0
15m,1751870700.0,2.2612,2.263,2.2586,2.2586,545568.42,0.0,0.0,0
15m,1751871600.0,2.2586,2.2664,2.2555,2.2664,608054.67,0.0,0.0,0
15m,1751872500.0,2.2664,2.2688,2.2636,2.2671,231673.36,0.0,0.0,0
15m,1751873400.0,2.2671,2.2696,2.2651,2.2696,115201.98,0.0,0.0,0
15m,1751874300.0,2.2696,2.2728,2.2678,2.2722,131840.14,0.0,0.0,0
15m,1751875200.0,2.2722,2.2736,2.27,2.2704,300772.63,0.0,0.0,0
15m,1751876100.0,2.2704,2.2706,2.2679,2.2692,232399.88,0.0,0.0,0
15m,1751877000.0,2.2692,2.2733,2.268,2.2716,264265.82,0.0,0.0,0
15m,1751877900.0,2.2716,2.2769,2.2697,2.2746,238672.72,0.0,0.0,0
15m,1751878800.0,2.2746,2.2746,2.271,2.272,157408.96,0.0,0.0,0
15m,1751879700.0,2.272,2.2733,2.2703,2.2732,272304.7,0.0,0.0,0
15m,1751880600.0,2.2732,2.2811,2.2714,2.278,436698.51,0.0,0.0,0
15m,1751881500.0,2.278,2.2821,2.2766,2.2808,486437.29,0.0,0.0,0
15m,1751882400.0,2.2808,2.2886,2.2753,2.2857,1219508.06,0.0,0.0,0
15m,1751883300.0,2.2857,2.2885,2.2816,2.2839,515990.93,0.0,0.0,0
15m,1751884200.0,2.2839,2.2979,2.2814,2.2924,1796499.9,0.0,0.0,0
15m,1751885100.0,2.2924,2.2957,2.2847,2.2851,832379.63,0.0,0.0,0
15m,1751886000.0,2.2851,2.2952,2.2835,2.2909,746133.86,0.0,0.0,0
15m,1751886900.0,2.2909,2.2917,2.2818,2.2848,436753.16,0.0,0.0,0
15m,1751887800.0,2.2848,2.2862,2.2774,2.283,480885.78,0.0,0.0,0
15m,1751888700.0,2.283,2.2845,2.2778,2.283,244608.92,0.0,0.0,0
15m,1751889600.0,2.283,2.2834,2.2767,2.2787,310963.67,0.0,0.0,0
15m,1751890500.0,2.2787,2.2795,2.2746,2.2773,528780.78,0.0,0.0,0
15m,1751891400.0,2.2773,2.283,2.2766,2.2793,366417.02,0.0,0.0,0
15m,1751892300.0,2.2793,2.281,2.271,2.2755,433717.86,0.0,0.0,0
15m,1751893200.0,2.2755,2.2813,2.2736,2.2811,334011.2,0.0,0.0,0
15m,1751894100.0,2.2811,2.2938,2.2758,2.2918,1066065.59,0.0,0.0,0
15m,1751895000.0,2.2918,2.2932,2.2841,2.2864,612743.43,0.0,0.0,0
15m,1751895900.0,2.2864,2.3493,2.2812,2.343,6298701.43,0.0,0.0,0
15m,1751896800.0,2.343,2.3438,2.3168,2.3196,4169052.18,0.0,0.0,0
15m,1751897700.0,2.3196,2.337,2.3181,2.3309,2260818.33,0.0,0.0,0
15m,1751898600.0,2.3309,2.3316,2.3032,2.3109,1856996.14,0.0,0.0,0
15m,1751899500.0,2.3109,2.3183,2.3091,2.3124,884742.06,0.0,0.0,0
15m,1751900400.0,2.3124,2.3351,2.3122,2.3309,1881960.23,0.0,0.0,0
15m,1751901300.0,2.3309,2.3413,2.3184,2.3378,1518479.28,0.0,0.0,0
15m,1751902200.0,2.3378,2.3492,2.3377,2.3406,3299043.63,0.0,0.0,0
15m,1751903100.0,2.3406,2.3478,2.3334,2.3387,1646271.76,0.0,0.0,0
15m,1751904000.0,2.3387,2.3535,2.3377,2.3468,2298101.72,0.0,0.0,0
15m,1751904900.0,2.3468,2.3508,2.3219,2.3314,2398650.4,0.0,0.0,0
15m,1751905800.0,2.3314,2.3429,2.3235,2.3309,1101804.26,0.0,0.0,0
15m,1751906700.0,2.3309,2.3334,2.3169,2.3202,931951.23,0.0,0.0,0
15m,1751907600.0,2.3202,2.3308,2.3181,2.3305,640998.84,0.0,0.0,0
15m,1751908500.0,2.3305,2.3313,2.3132,2.3167,645413.18,0.0,0.0,0
15m,1751909400.0,2.3167,2.3233,2.3131,2.3149,792627.38,0.0,0.0,0
15m,1751910300.0,2.3149,2.3219,2.3045,2.3059,2430489.65,0.0,0.0,0
15m,1751911200.0,2.3059,2.3116,2.3034,2.3109,591461.88,0.0,0.0,0
15m,1751912100.0,2.3109,2.3119,2.2788,2.2854,1602375.66,0.0,0.0,0
15m,1751913000.0,2.2854,2.2935,2.2847,2.2894,545252.08,0.0,0.0,0
15m,1751913900.0,2.2894,2.2963,2.2894,2.2949,330662.41,0.0,0.0,0
15m,1751914800.0,2.2949,2.2982,2.2901,2.2949,575835.57,0.0,0.0,0
15m,1751915700.0,2.2949,2.3078,2.2944,2.3049,636954.98,0.0,0.0,0
15m,1751916600.0,2.3049,2.3064,2.2986,2.2994,378938.11,0.0,0.0,0
15m,1751917500.0,2.2994,2.3066,2.2944,2.2994,731431.84,0.0,0.0,0
15m,1751918400.0,2.2994,2.2994,2.2763,2.2825,1299112.98,0.0,0.0,0
15m,1751919300.0,2.2825,2.2826,2.2643,2.2671,1324176.15,0.0,0.0,0
15m,1751920200.0,2.2671,2.2815,2.2668,2.2771,413908.9,0.0,0.0,0
15m,1751921100.0,2.2771,2.2785,2.2652,2.2655,678508.21,0.0,0.0,0
15m,1751922000.0,2.2655,2.2731,2.2642,2.2647,613078.4,0.0,0.0,0
15m,1751922900.0,2.2647,2.2673,2.2592,2.2633,1035964.46,0.0,0.0,0
15m,1751923800.0,2.2633,2.2779,2.2633,2.2753,304910.13,0.0,0.0,0
15m,1751924700.0,2.2753,2.2826,2.2747,2.2788,177847.67,0.0,0.0,0
15m,1751925600.0,2.2788,2.2827,2.2722,2.2754,186499.79,0.0,0.0,0
15m,1751926500.0,2.2754,2.2758,2.2682,2.2684,480230.91,0.0,0.0,0
15m,1751927400.0,2.2684,2.2735,2.268,2.2726,150534.78,0.0,0.0,0
15m,1751928300.0,2.2726,2.2743,2.2699,2.2732,159181.57,0.0,0.0,0
15m,1751929200.0,2.2732,2.2762,2.2703,2.2751,180549.79,0.0,0.0,0
15m,1751930100.0,2.2751,2.2777,2.2747,2.2772,223096.9,0.0,0.0,0
15m,1751931000.0,2.2772,2.2801,2.2724,2.2724,253199.45,0.0,0.0,0
15m,1751931900.0,2.2724,2.2771,2.2705,2.2705,220379.06,0.0,0.0,0
15m,1751932800.0,2.2705,2.2716,2.2655,2.2668,509143.26,0.0,0.0,0
15m,1751933700.0,2.2668,2.2715,2.2577,2.2711,838058.22,0.0,0.0,0
15m,1751934600.0,2.2711,2.2732,2.2649,2.2711,262249.9,0.0,0.0,0
15m,1751935500.0,2.2711,2.2721,2.2593,2.2646,958870.29,0.0,0.0,0
15m,1751936400.0,2.2646,2.265,2.257,2.2591,664434.87,0.0,0.0,0
15m,1751937300.0,2.2591,2.2615,2.2554,2.2585,245820.91,0.0,0.0,0
15m,1751938200.0,2.2585,2.2625,2.255,2.2566,406322.44,0.0,0.0,0
15m,1751939100.0,2.2566,2.2612,2.2558,2.2585,259490.72,0.0,0.0,0
15m,1751940000.0,2.2585,2.2605,2.2507,2.2533,738290.98,0.0,0.0,0
15m,1751940900.0,2.2533,2.2618,2.2503,2.2595,790924.29,0.0,0.0,0
15m,1751941800.0,2.2595,2.2616,2.2493,2.2502,700001.19,0.0,0.0,0
15m,1751942700.0,2.2502,2.2527,2.2484,2.2519,400052.41,0.0,0.0,0
15m,1751943600.0,2.2519,2.2562,2.2516,2.2545,238961.71,0.0,0.0,0
15m,1751944500.0,2.2545,2.2617,2.2545,2.2607,278218.1,0.0,0.0,0
15m,1751945400.0,2.2607,2.263,2.2595,2.2618,159807.98,0.0,0.0,0
15m,1751946300.0,2.2618,2.2643,2.261,2.2629,122046.8,0.0,0.0,0
15m,1751947200.0,2.2629,2.2629,2.2589,2.2616,215392.28,0.0,0.0,0
15m,1751948100.0,2.2616,2.262,2.2583,2.2606,152572.01,0.0,0.0,0
15m,1751949000.0,2.2606,2.266,2.2606,2.2627,151673.12,0.0,0.0,0
15m,1751949900.0,2.2627,2.2703,2.2627,2.2662,775374.51,0.0,0.0,0
15m,1751950800.0,2.2662,2.2665,2.2631,2.2643,260990.88,0.0,0.0,0
15m,1751951700.0,2.2643,2.2699,2.2641,2.2699,428759.16,0.0,0.0,0
15m,1751952600.0,2.2699,2.2731,2.2684,2.2729,242697.1,0.0,0.0,0
15m,1751953500.0,2.2729,2.2734,2.2674,2.2683,326280.49,0.0,0.0,0
15m,1751954400.0,2.2683,2.2719,2.2672,2.2691,547605.95,0.0,0.0,0
15m,1751955300.0,2.2691,2.2706,2.2612,2.2617,917247.05,0.0,0.0,0
15m,1751956200.0,2.2617,2.2661,2.2617,2.2653,370471.79,0.0,0.0,0
15m,1751957100.0,2.2653,2.2675,2.264,2.2644,277056.9,0.0,0.0,0
15m,1751958000.0,2.2644,2.2644,2.2572,2.2586,538689.46,0.0,0.0,0
15m,1751958900.0,2.2586,2.2608,2.2571,2.259,709157.51,0.0,0.0,0
15m,1751959800.0,2.259,2.2628,2.2576,2.2616,313807.6,0.0,0.0,0
15m,1751960700.0,2.2616,2.2764,2.2613,2.2751,779462.62,0.0,0.0,0
15m,1751961600.0,2.2751,2.2822,2.2729,2.2813,714904.78,0.0,0.0,0
15m,1751962500.0,2.2813,2.2828,2.2779,2.2789,365487.75,0.0,0.0,0
15m,1751963400.0,2.2789,2.2807,2.2739,2.2793,299704.99,0.0,0.0,0
15m,1751964300.0,2.2793,2.2863,2.2786,2.2787,518611.79,0.0,0.0,0
15m,1751965200.0,2.2787,2.2817,2.2767,2.2812,369844.86,0.0,0.0,0
15m,1751966100.0,2.2812,2.2852,2.2773,2.2836,385366.28,0.0,0.0,0
15m,1751967000.0,2.2836,2.2862,2.2816,2.286,256134.09,0.0,0.0,0
15m,1751967900.0,2.286,2.2861,2.2814,2.2823,331760.06,0.0,0.0,0
15m,1751968800.0,2.2823,2.2913,2.2823,2.2909,343894.48,0.0,0.0,0
15m,1751969700.0,2.2909,2.2926,2.2884,2.2891,659715.9,0.0,0.0,0
15m,1751970600.0,2.2891,2.2934,2.2861,2.2933,559264.01,0.0,0.0,0
15m,1751971500.0,2.2933,2.2954,2.291,2.2931,456803.46,0.0,0.0,0
15m,1751972400.0,2.2931,2.2996,2.2891,2.291,552025.28,0.0,0.0,0
15m,1751973300.0,2.291,2.296,2.2879,2.2953,264072.78,0.0,0.0,0
15m,1751974200.0,2.2953,2.301,2.2931,2.3004,262344.03,0.0,0.0,0
15m,1751975100.0,2.3004,2.3006,2.2932,2.2935,243639.84,0.0,0.0,0
15m,1751976000.0,2.2935,2.2971,2.2899,2.2966,273070.11,0.0,0.0,0
15m,1751976900.0,2.2966,2.2996,2.2895,2.2945,552187.53,0.0,0.0,0
15m,1751977800.0,2.2945,2.3048,2.2933,2.2982,887559.27,0.0,0.0,0
15m,1751978700.0,2.2982,2.3015,2.2979,2.2987,364459.24,0.0,0.0,0
15m,1751979600.0,2.2987,2.2991,2.294,2.2966,385942.99,0.0,0.0,0
15m,1751980500.0,2.2966,2.2966,2.2908,2.2923,230690.93,0.0,0.0,0
15m,1751981400.0,2.2923,2.2947,2.2868,2.2941,386053.54,0.0,0.0,0
15m,1751982300.0,2.2941,2.2999,2.2939,2.2955,1646415.36,0.0,0.0,0
15m,1751983200.0,2.2955,2.2957,2.2841,2.2901,650323.28,0.0,0.0,0
15m,1751984100.0,2.2901,2.2929,2.2853,2.2898,377329.86,0.0,0.0,0
15m,1751985000.0,2.2898,2.294,2.2883,2.2903,263448.01,0.0,0.0,0
15m,1751985900.0,2.2903,2.2906,2.2781,2.2833,701962.06,0.0,0.0,0
15m,1751986800.0,2.2833,2.2928,2.2801,2.2927,342248.4,0.0,0.0,0
15m,1751987700.0,2.2927,2.2978,2.2861,2.2867,536248.63,0.0,0.0,0
15m,1751988600.0,2.2867,2.2891,2.2793,2.2829,713061.29,0.0,0.0,0
15m,1751989500.0,2.2829,2.2873,2.2819,2.286,213318.29,0.0,0.0,0
15m,1751990400.0,2.286,2.289,2.2838,2.2873,282389.14,0.0,0.0,0
15m,1751991300.0,2.2873,2.293,2.2863,2.2902,322644.87,0.0,0.0,0
15m,1751992200.0,2.2902,2.2923,2.2831,2.2888,208830.77,0.0,0.0,0
15m,1751993100.0,2.2888,2.2928,2.2874,2.291,197282.11,0.0,0.0,0
15m,1751994000.0,2.291,2.3042,2.2905,2.3021,568645.47,0.0,0.0,0
15m,1751994900.0,2.3021,2.3106,2.2987,2.3073,1018713.81,0.0,0.0,0
15m,1751995800.0,2.3073,2.3089,2.3014,2.3046,443066.46,0.0,0.0,0
15m,1751996700.0,2.3046,2.3099,2.3011,2.3098,462642.68,0.0,0.0,0
15m,1751997600.0,2.3098,2.3189,2.3086,2.3166,915300.48,0.0,0.0,0
15m,1751998500.0,2.3166,2.3214,2.3138,2.3176,684634.94,0.0,0.0,0
15m,1751999400.0,2.3176,2.3182,2.3125,2.3148,342358.93,0.0,0.0,0
15m,1752000300.0,2.3148,2.3173,2.3114,2.317,303655.9,0.0,0.0,0
15m,1752001200.0,2.317,2.3179,2.3141,2.315,369574.78,0.0,0.0,0
15m,1752002100.0,2.315,2.3197,2.3128,2.3186,265715.54,0.0,0.0,0
15m,1752003000.0,2.3186,2.3189,2.3126,2.3136,426013.51,0.0,0.0,0
15m,1752003900.0,2.3136,2.3219,2.3124,2.321,680326.86,0.0,0.0,0
15m,1752004800.0,2.321,2.3217,2.3082,2.3139,876211.01,0.0,0.0,0
15m,1752005700.0,2.3139,2.3155,2.3065,2.3114,447797.06,0.0,0.0,0
15m,1752006600.0,2.3114,2.3117,2.3044,2.3069,353716.54,0.0,0.0,0
15m,1752007500.0,2.3069,2.3069,2.2966,2.2966,575066.02,0.0,0.0,0
15m,1752008400.0,2.2966,2.3072,2.2966,2.3052,524340.25,0.0,0.0,0
15m,1752009300.0,2.3052,2.3052,2.2997,2.3037,235985.49,0.0,0.0,0
15m,1752010200.0,2.3037,2.3067,2.3013,2.306,173518.95,0.0,0.0,0
15m,1752011100.0,2.306,2.308,2.303,2.3064,122149.71,0.0,0.0,0
15m,1752012000.0,2.3064,2.3095,2.3046,2.3071,233897.27,0.0,0.0,0
15m,1752012900.0,2.3071,2.3074,2.3031,2.3041,115971.08,0.0,0.0,0
15m,1752013800.0,2.3041,2.3054,2.303,2.3041,50068.27,0.0,0.0,0
15m,1752014700.0,2.3041,2.3065,2.3036,2.3059,101007.49,0.0,0.0,0
15m,1752015600.0,2.3059,2.31,2.3046,2.3097,88147.31,0.0,0.0,0
15m,1752016500.0,2.3097,2.3118,2.3038,2.3048,165632.63,0.0,0.0,0
15m,1752017400.0,2.3048,2.3088,2.3045,2.3085,115819.99,0.0,0.0,0
15m,1752018300.0,2.3085,2.3122,2.3085,2.3105,187187.8,0.0,0.0,0
15m,1752019200.0,2.3105,2.3107,2.3049,2.3073,150824.59,0.0,0.0,0
15m,1752020100.0,2.3073,2.3091,2.3002,2.3003,195999.88,0.0,0.0,0
15m,1752021000.0,2.3003,2.3022,2.2973,2.3018,194896.35,0.0,0.0,0
15m,1752021900.0,2.3018,2.3064,2.3014,2.3037,219200.84,0.0,0.0,0
15m,1752022800.0,2.3037,2.3135,2.3037,2.3126,337237.66,0.0,0.0,0
15m,1752023700.0,2.3126,2.3126,2.3074,2.3081,146230.56,0.0,0.0,0
15m,1752024600.0,2.3081,2.3081,2.3025,2.304,216805.36,0.0,0.0,0
15m,1752025500.0,2.304,2.3103,2.3031,2.309,114549.55,0.0,0.0,0
15m,1752026400.0,2.309,2.3191,2.3086,2.3153,579761.83,0.0,0.0,0
15m,1752027300.0,2.3153,2.3163,2.3058,2.3082,186310.38,0.0,0.0,0
15m,1752028200.0,2.3082,2.3147,2.3058,2.3127,218312.49,0.0,0.0,0
15m,1752029100.0,2.3127,2.3136,2.3092,2.3103,220805.99,0.0,0.0,0
15m,1752030000.0,2.3103,2.3134,2.3073,2.3073,261359.28,0.0,0.0,0
15m,1752030900.0,2.3073,2.3073,2.3033,2.3068,257375.0,0.0,0.0,0
15m,1752031800.0,2.3068,2.3068,2.3009,2.3025,192484.45,0.0,0.0,0
15m,1752032700.0,2.3025,2.3049,2.3017,2.3035,208375.67,0.0,0.0,0
15m,1752033600.0,2.3035,2.3064,2.3016,2.3019,121471.03,0.0,0.0,0
15m,1752034500.0,2.3019,2.3051,2.3019,2.3046,111692.48,0.0,0.0,0
15m,1752035400.0,2.3046,2.3081,2.3046,2.3069,134544.2,0.0,0.0,0
15m,1752036300.0,2.3069,2.3243,2.3069,2.3212,832800.48,0.0,0.0,0
15m,1752037200.0,2.3212,2.3258,2.317,2.3204,873057.41,0.0,0.0,0
15m,1752038100.0,2.3204,2.3232,2.3164,2.3189,467440.95,0.0,0.0,0
15m,1752039000.0,2.3189,2.3341,2.3175,2.3331,1251610.96,0.0,0.0,0
15m,1752039900.0,2.3331,2.334,2.3227,2.328,625699.42,0.0,0.0,0
15m,1752040800.0,2.328,2.333,2.3257,2.333,253864.76,0.0,0.0,0
15m,1752041700.0,2.333,2.3374,2.3267,2.3275,574984.62,0.0,0.0,0
15m,1752042600.0,2.3275,2.3287,2.3237,2.3245,253126.08,0.0,0.0,0
15m,1752043500.0,2.3245,2.3283,2.3232,2.3267,351460.77,0.0,0.0,0
15m,1752044400.0,2.3267,2.3287,2.3229,2.3231,588716.82,0.0,0.0,0
15m,1752045300.0,2.3231,2.3276,2.3231,2.3262,205154.31,0.0,0.0,0
15m,1752046200.0,2.3262,2.3277,2.3232,2.3235,237712.6,0.0,0.0,0
15m,1752047100.0,2.3235,2.3344,2.3235,2.3314,707260.17,0.0,0.0,0
15m,1752048000.0,2.3314,2.3349,2.3306,2.3344,230257.56,0.0,0.0,0
15m,1752048900.0,2.3344,2.3388,2.333,2.336,379949.53,0.0,0.0,0
15m,1752049800.0,2.336,2.3398,2.3344,2.3368,334293.88,0.0,0.0,0
15m,1752050700.0,2.3368,2.3378,2.3321,2.3356,672318.95,0.0,0.0,0
15m,1752051600.0,2.3356,2.3387,2.3302,2.3317,308690.62,0.0,0.0,0
15m,1752052500.0,2.3317,2.3364,2.3301,2.3352,269594.14,0.0,0.0,0
15m,1752053400.0,2.3352,2.3378,2.3332,2.3362,315646.77,0.0,0.0,0
15m,1752054300.0,2.3362,2.3397,2.334,2.337,554988.28,0.0,0.0,0
15m,1752055200.0,2.337,2.3493,2.3356,2.3463,1045184.06,0.0,0.0,0
15m,1752056100.0,2.3463,2.3471,2.3418,2.3451,504402.63,0.0,0.0,0
15m,1752057000.0,2.3451,2.3495,2.3433,2.3476,646057.02,0.0,0.0,0
15m,1752057900.0,2.3476,2.3596,2.347,2.3575,2076476.0,0.0,0.0,0
15m,1752058800.0,2.3575,2.3607,2.3529,2.356,1426172.94,0.0,0.0,0
15m,1752059700.0,2.356,2.3813,2.3557,2.3682,3193799.9,0.0,0.0,0
15m,1752060600.0,2.3682,2.3822,2.3682,2.3821,1277289.96,0.0,0.0,0
15m,1752061500.0,2.3821,2.3882,2.3778,2.3814,2112607.77,0.0,0.0,0
15m,1752062400.0,2.3814,2.4036,2.3786,2.3973,2657091.24,0.0,0.0,0
15m,1752063300.0,2.3973,2.3975,2.3867,2.3949,1390809.84,0.0,0.0,0
15m,1752064200.0,2.3949,2.3958,2.388,2.3923,1339371.76,0.0,0.0,0
15m,1752065100.0,2.3923,2.3928,2.3834,2.3841,1889571.39,0.0,0.0,0
15m,1752066000.0,2.3841,2.3995,2.3841,2.3963,2967021.76,0.0,0.0,0
15m,1752066900.0,2.3963,2.3963,2.3851,2.3863,922760.16,0.0,0.0,0
15m,1752067800.0,2.3863,2.3893,2.3718,2.3752,2625498.68,0.0,0.0,0
15m,1752068700.0,2.3752,2.3806,2.3615,2.3679,2065931.54,0.0,0.0,0
15m,1752069600.0,2.3679,2.3683,2.3581,2.3655,2036899.32,0.0,0.0,0
15m,1752070500.0,2.3655,2.3775,2.3627,2.3627,1464420.59,0.0,0.0,0
15m,1752071400.0,2.3627,2.3649,2.3523,2.3597,2786209.8,0.0,0.0,0
15m,1752072300.0,2.3597,2.3761,2.354,2.3722,1754116.24,0.0,0.0,0
15m,1752073200.0,2.3722,2.379,2.3687,2.3687,618311.46,0.0,0.0,0
15m,1752074100.0,2.3687,2.3815,2.3685,2.3801,739501.72,0.0,0.0,0
15m,1752075000.0,2.3801,2.3828,2.3737,2.3773,745338.13,0.0,0.0,0
15m,1752075900.0,2.3773,2.3823,2.3764,2.3816,559583.16,0.0,0.0,0
15m,1752076800.0,2.3816,2.3853,2.3763,2.3827,807982.03,0.0,0.0,0
15m,1752077700.0,2.3827,2.3888,2.3754,2.3766,833962.67,0.0,0.0,0
15m,1752078600.0,2.3766,2.382,2.375,2.3795,375456.9,0.0,0.0,0
15m,1752079500.0,2.3795,2.3874,2.3791,2.385,627978.09,0.0,0.0,0
15m,1752080400.0,2.385,2.385,2.3763,2.3786,729125.29,0.0,0.0,0
15m,1752081300.0,2.3786,2.3805,2.3757,2.379,530305.97,0.0,0.0,0
15m,1752082200.0,2.379,2.3828,2.377,2.3787,524498.23,0.0,0.0,0
15m,1752083100.0,2.3787,2.3845,2.3767,2.3804,395580.05,0.0,0.0,0
15m,1752084000.0,2.3804,2.3937,2.3773,2.392,1161200.55,0.0,0.0,0
15m,1752084900.0,2.392,2.402,2.3883,2.3976,1713556.45,0.0,0.0,0
15m,1752085800.0,2.3976,2.3976,2.3836,2.3852,471751.05,0.0,0.0,0
15m,1752086700.0,2.3852,2.3912,2.3846,2.3903,584760.1,0.0,0.0,0
15m,1752087600.0,2.3903,2.3978,2.3891,2.3962,501122.05,0.0,0.0,0
15m,1752088500.0,2.3962,2.41,2.3953,2.4078,1732072.13,0.0,0.0,0
15m,1752089400.0,2.4078,2.42,2.4031,2.4135,1680303.87,0.0,0.0,0
15m,1752090300.0,2.4135,2.4276,2.4115,2.4205,3112532.47,0.0,0.0,0
15m,1752091200.0,2.4205,2.4219,2.397,2.4012,2189298.93,0.0,0.0,0
15m,1752092100.0,2.4012,2.4053,2.3846,2.3908,1633227.0,0.0,0.0,0
15m,1752093000.0,2.3908,2.3952,2.3859,2.3909,810303.11,0.0,0.0,0
15m,1752093900.0,2.3909,2.3995,2.3881,2.3939,1145005.19,0.0,0.0,0
15m,1752094800.0,2.3939,2.4051,2.3917,2.3971,772313.09,0.0,0.0,0
15m,1752095700.0,2.3971,2.4098,2.3963,2.4084,481481.17,0.0,0.0,0
15m,1752096600.0,2.4084,2.4125,2.4028,2.4089,370101.12,0.0,0.0,0
15m,1752097500.0,2.4089,2.4152,2.4087,2.4107,248683.66,0.0,0.0,0
15m,1752098400.0,2.4107,2.4169,2.4091,2.4161,392346.14,0.0,0.0,0
15m,1752099300.0,2.4161,2.4179,2.4107,2.4112,218241.05,0.0,0.0,0
15m,1752100200.0,2.4112,2.4162,2.4109,2.4143,311094.61,0.0,0.0,0
15m,1752101100.0,2.4143,2.4175,2.4123,2.4174,232145.98,0.0,0.0,0
15m,1752102000.0,2.4174,2.4185,2.4109,2.4117,370312.1,0.0,0.0,0
15m,1752102900.0,2.4117,2.4147,2.4117,2.4131,90022.72,0.0,0.0,0
15m,1752103800.0,2.4131,2.4148,2.4059,2.406,419419.71,0.0,0.0,0
15m,1752104700.0,2.406,2.407,2.4028,2.4038,287887.96,0.0,0.0,0
15m,1752105600.0,2.4038,2.4148,2.4029,2.4122,465995.47,0.0,0.0,0
15m,1752106500.0,2.4122,2.4185,2.4091,2.411,1126254.93,0.0,0.0,0
15m,1752107400.0,2.411,2.4162,2.3999,2.4019,581313.88,0.0,0.0,0
15m,1752108300.0,2.4019,2.4085,2.3936,2.3946,663812.44,0.0,0.0,0
15m,1752109200.0,2.3946,2.4092,2.3946,2.4085,309568.43,0.0,0.0,0
15m,1752110100.0,2.4085,2.4167,2.4075,2.4146,629599.75,0.0,0.0,0
15m,1752111000.0,2.4146,2.4195,2.4146,2.4195,355206.75,0.0,0.0,0
15m,1752111900.0,2.4195,2.4344,2.4188,2.4313,1047571.99,0.0,0.0,0
15m,1752112800.0,2.4313,2.4367,2.4288,2.435,741009.57,0.0,0.0,0
15m,1752113700.0,2.435,2.4351,2.4267,2.4268,542822.13,0.0,0.0,0
15m,1752114600.0,2.4268,2.4325,2.4247,2.4249,207625.34,0.0,0.0,0
15m,1752115500.0,2.4249,2.4263,2.4218,2.4234,221892.19,0.0,0.0,0
15m,1752116400.0,2.4234,2.4283,2.4212,2.4265,315877.48,0.0,0.0,0
15m,1752117300.0,2.4265,2.4303,2.425,2.4281,301971.85,0.0,0.0,0
15m,1752118200.0,2.4281,2.4284,2.4206,2.4217,527883.79,0.0,0.0,0
15m,1752119100.0,2.4217,2.423,2.4178,2.4202,515417.51,0.0,0.0,0
15m,1752120000.0,2.4202,2.4202,2.4127,2.413,978301.46,0.0,0.0,0
15m,1752120900.0,2.413,2.4222,2.413,2.422,578451.41,0.0,0.0,0
15m,1752121800.0,2.422,2.4281,2.422,2.4273,384824.7,0.0,0.0,0
15m,1752122700.0,2.4273,2.4294,2.423,2.4246,345373.83,0.0,0.0,0
15m,1752123600.0,2.4246,2.4247,2.4174,2.42,562725.27,0.0,0.0,0
15m,1752124500.0,2.42,2.4266,2.4189,2.4253,300078.87,0.0,0.0,0
15m,1752125400.0,2.4253,2.4264,2.4233,2.4236,293130.45,0.0,0.0,0
15m,1752126300.0,2.4236,2.4249,2.4183,2.4196,356276.89,0.0,0.0,0
15m,1752127200.0,2.4196,2.4217,2.4108,2.4146,448921.14,0.0,0.0,0
15m,1752128100.0,2.4146,2.4199,2.4145,2.4197,296203.23,0.0,0.0,0
15m,1752129000.0,2.4197,2.4202,2.4146,2.4152,258616.53,0.0,0.0,0
15m,1752129900.0,2.4152,2.4208,2.4148,2.4201,287340.48,0.0,0.0,0
15m,1752130800.0,2.4201,2.4285,2.4173,2.4278,360235.39,0.0,0.0,0
15m,1752131700.0,2.4278,2.4407,2.426,2.4399,1029619.15,0.0,0.0,0
15m,1752132600.0,2.4399,2.4399,2.4316,2.4365,568464.63,0.0,0.0,0
15m,1752133500.0,2.4365,2.4425,2.4298,2.4366,1116284.14,0.0,0.0,0
15m,1752134400.0,2.4366,2.446,2.4345,2.4454,935414.57,0.0,0.0,0
15m,1752135300.0,2.4454,2.4574,2.4454,2.4567,973686.48,0.0,0.0,0
15m,1752136200.0,2.4567,2.458,2.4501,2.4548,503686.55,0.0,0.0,0
15m,1752137100.0,2.4548,2.4574,2.4478,2.4498,374575.07,0.0,0.0,0
15m,1752138000.0,2.4498,2.4505,2.4442,2.4454,385749.09,0.0,0.0,0
15m,1752138900.0,2.4454,2.4564,2.4454,2.4556,340753.59,0.0,0.0,0
15m,1752139800.0,2.4556,2.4564,2.4467,2.4468,467895.18,0.0,0.0,0
15m,1752140700.0,2.4468,2.456,2.4425,2.4444,787900.42,0.0,0.0,0
15m,1752141600.0,2.4444,2.4452,2.4276,2.4298,758538.4,0.0,0.0,0
15m,1752142500.0,2.4298,2.4345,2.4298,2.4299,411044.11,0.0,0.0,0
15m,1752143400.0,2.4299,2.4358,2.4284,2.4343,373590.61,0.0,0.0,0
15m,1752144300.0,2.4343,2.4437,2.4282,2.4422,575752.06,0.0,0.0,0
15m,1752145200.0,2.4422,2.4446,2.4371,2.4405,1058340.02,0.0,0.0,0
15m,1752146100.0,2.4405,2.4462,2.4378,2.4454,229136.05,0.0,0.0,0
15m,1752147000.0,2.4454,2.46,2.4422,2.4592,800019.57,0.0,0.0,0
15m,1752147900.0,2.4592,2.4618,2.4517,2.4527,656130.63,0.0,0.0,0
15m,1752148800.0,2.4527,2.453,2.444,2.445,593562.36,0.0,0.0,0
15m,1752149700.0,2.445,2.4528,2.4423,2.45,771270.76,0.0,0.0,0
15m,1752150600.0,2.45,2.4519,2.4394,2.4395,520512.97,0.0,0.0,0
15m,1752151500.0,2.4395,2.4451,2.4389,2.4439,491365.52,0.0,0.0,0
15m,1752152400.0,2.4439,2.45,2.4411,2.4483,361939.38,0.0,0.0,0
15m,1752153300.0,2.4483,2.4494,2.4377,2.4463,528521.44,0.0,0.0,0
15m,1752154200.0,2.4463,2.4463,2.4287,2.4321,780703.52,0.0,0.0,0
15m,1752155100.0,2.4321,2.4373,2.4238,2.4268,663137.87,0.0,0.0,0
15m,1752156000.0,2.4268,2.4355,2.4187,2.4347,784670.63,0.0,0.0,0
15m,1752156900.0,2.4347,2.441,2.4238,2.4288,552503.37,0.0,0.0,0
15m,1752157800.0,2.4288,2.4428,2.4288,2.4374,594876.57,0.0,0.0,0
15m,1752158700.0,2.4374,2.4428,2.434,2.4405,961604.72,0.0,0.0,0
15m,1752159600.0,2.4405,2.444,2.4314,2.4322,798463.06,0.0,0.0,0
15m,1752160500.0,2.4322,2.449,2.4322,2.448,506871.82,0.0,0.0,0
15m,1752161400.0,2.448,2.4528,2.4432,2.4519,632890.42,0.0,0.0,0
15m,1752162300.0,2.4519,2.46,2.4493,2.4537,1098678.85,0.0,0.0,0
15m,1752163200.0,2.4537,2.4564,2.4472,2.4493,412381.7,0.0,0.0,0
15m,1752164100.0,2.4493,2.4741,2.4491,2.4691,1622875.22,0.0,0.0,0
15m,1752165000.0,2.4691,2.4781,2.4682,2.4718,1374448.89,0.0,0.0,0
15m,1752165900.0,2.4718,2.4793,2.4641,2.474,1065588.09,0.0,0.0,0
15m,1752166800.0,2.474,2.4962,2.4726,2.4924,1438097.58,0.0,0.0,0
15m,1752167700.0,2.4924,2.4961,2.4852,2.4948,1913476.76,0.0,0.0,0
15m,1752168600.0,2.4948,2.4981,2.4911,2.494,1325260.77,0.0,0.0,0
15m,1752169500.0,2.494,2.5015,2.4892,2.4958,1502531.93,0.0,0.0,0
15m,1752170400.0,2.4958,2.5005,2.4886,2.4891,760590.92,0.0,0.0,0
15m,1752171300.0,2.4891,2.5123,2.4891,2.4964,1800929.18,0.0,0.0,0
15m,1752172200.0,2.4964,2.499,2.4848,2.4862,1183644.3,0.0,0.0,0
15m,1752173100.0,2.4862,2.4913,2.4821,2.4885,271212.02,0.0,0.0,0
15m,1752174000.0,2.4885,2.4987,2.4885,2.4987,628037.13,0.0,0.0,0
15m,1752174900.0,2.4987,2.5001,2.4894,2.4924,690202.59,0.0,0.0,0
15m,1752175800.0,2.4924,2.4997,2.4884,2.4993,186236.61,0.0,0.0,0
15m,1752176700.0,2.4993,2.5027,2.4917,2.5004,255350.56,0.0,0.0,0
15m,1752177600.0,2.5004,2.5136,2.4992,2.5074,1030889.19,0.0,0.0,0
15m,1752178500.0,2.5074,2.5117,2.5027,2.5062,254101.37,0.0,0.0,0
15m,1752179400.0,2.5062,2.5087,2.4984,2.4998,278536.43,0.0,0.0,0
15m,1752180300.0,2.4998,2.502,2.492,2.5008,275459.16,0.0,0.0,0
15m,1752181200.0,2.5008,2.5074,2.4976,2.5004,439180.51,0.0,0.0,0
15m,1752182100.0,2.5004,2.5444,2.4982,2.5357,3441013.53,0.0,0.0,0
15m,1752183000.0,2.5357,2.5675,2.5308,2.5599,1851460.72,0.0,0.0,0
15m,1752183900.0,2.5599,2.5636,2.5431,2.5464,1282296.72,0.0,0.0,0
15m,1752184800.0,2.5464,2.554,2.5368,2.5486,1845655.75,0.0,0.0,0
15m,1752185700.0,2.5486,2.5562,2.5286,2.5328,1387814.72,0.0,0.0,0
15m,1752186600.0,2.5328,2.5405,2.5291,2.5403,594778.33,0.0,0.0,0
15m,1752187500.0,2.5403,2.5482,2.5403,2.5465,465122.98,0.0,0.0,0
15m,1752188400.0,2.5465,2.555,2.5402,2.5505,728568.26,0.0,0.0,0
15m,1752189300.0,2.5505,2.551,2.5379,2.5403,374899.19,0.0,0.0,0
15m,1752190200.0,2.5403,2.5459,2.5304,2.5441,1200766.68,0.0,0.0,0
15m,1752191100.0,2.5441,2.5512,2.5415,2.5474,1403133.99,0.0,0.0,0
15m,1752192000.0,2.5474,2.5476,2.532,2.532,429867.03,0.0,0.0,0
15m,1752192900.0,2.532,2.5327,2.5123,2.5191,822106.75,0.0,0.0,0
15m,1752193800.0,2.5191,2.5309,2.514,2.521,479714.51,0.0,0.0,0
15m,1752194700.0,2.521,2.532,2.5197,2.5279,519777.44,0.0,0.0,0
15m,1752195600.0,2.5279,2.5358,2.5259,2.5357,281681.46,0.0,0.0,0
15m,1752196500.0,2.5357,2.5472,2.535,2.5461,711263.54,0.0,0.0,0
15m,1752197400.0,2.5461,2.5485,2.5432,2.5482,371547.05,0.0,0.0,0
15m,1752198300.0,2.5482,2.5538,2.5459,2.5534,482464.47,0.0,0.0,0
15m,1752199200.0,2.5534,2.5686,2.5488,2.5677,909185.01,0.0,0.0,0
15m,1752200100.0,2.5677,2.625,2.5664,2.584,2802760.69,0.0,0.0,0
15m,1752201000.0,2.584,2.593,2.5757,2.5823,1204368.32,0.0,0.0,0
15m,1752201900.0,2.5823,2.5931,2.578,2.5887,720878.39,0.0,0.0,0
15m,1752202800.0,2.5887,2.5902,2.5786,2.5798,464955.51,0.0,0.0,0
15m,1752203700.0,2.5798,2.5804,2.5725,2.5728,569669.02,0.0,0.0,0
15m,1752204600.0,2.5728,2.5738,2.5665,2.5704,972136.96,0.0,0.0,0
15m,1752205500.0,2.5704,2.5785,2.5663,2.5766,572261.05,0.0,0.0,0
15m,1752206400.0,2.5766,2.5766,2.5556,2.5597,909790.92,0.0,0.0,0
15m,1752207300.0,2.5597,2.5666,2.5597,2.5665,455137.92,0.0,0.0,0
15m,1752208200.0,2.5665,2.5676,2.557,2.5632,1064945.75,0.0,0.0,0
15m,1752209100.0,2.5632,2.5751,2.5626,2.5749,1374547.74,0.0,0.0,0
15m,1752210000.0,2.5749,2.5854,2.5745,2.5805,1033453.38,0.0,0.0,0
15m,1752210900.0,2.5805,2.588,2.5794,2.5845,1233029.13,0.0,0.0,0
15m,1752211800.0,2.5845,2.5914,2.577,2.5887,1058152.28,0.0,0.0,0
15m,1752212700.0,2.5887,2.5985,2.5798,2.5824,1944098.06,0.0,0.0,0
15m,1752213600.0,2.5824,2.5938,2.5817,2.5908,692351.37,0.0,0.0,0
15m,1752214500.0,2.5908,2.5971,2.5879,2.5935,785229.97,0.0,0.0,0
15m,1752215400.0,2.5935,2.5958,2.5787,2.582,1282976.6,0.0,0.0,0
15m,1752216300.0,2.582,2.582,2.5637,2.571,2650933.35,0.0,0.0,0
15m,1752217200.0,2.571,2.5721,2.5541,2.5618,2056280.5,0.0,0.0,0
15m,1752218100.0,2.5618,2.59,2.561,2.5854,2651680.22,0.0,0.0,0
15m,1752219000.0,2.5854,2.5963,2.5796,2.5959,1868527.21,0.0,0.0,0
15m,1752219900.0,2.5959,2.5968,2.573,2.5793,1160834.18,0.0,0.0,0
15m,1752220800.0,2.5793,2.6024,2.5792,2.5958,2086763.04,0.0,0.0,0
15m,1752221700.0,2.5958,2.5987,2.5854,2.5893,762586.21,0.0,0.0,0
15m,1752222600.0,2.5893,2.5912,2.58,2.5874,567964.54,0.0,0.0,0
15m,1752223500.0,2.5874,2.5884,2.5817,2.5872,289132.32,0.0,0.0,0
15m,1752224400.0,2.5872,2.5872,2.5789,2.5866,546463.65,0.0,0.0,0
15m,1752225300.0,2.5866,2.5992,2.5862,2.5973,672063.0,0.0,0.0,0
15m,1752226200.0,2.5973,2.6533,2.5898,2.6049,2614092.56,0.0,0.0,0
15m,1752227100.0,2.6049,2.614,2.6018,2.6136,911599.88,0.0,0.0,0
15m,1752228000.0,2.6136,2.6248,2.6077,2.6201,1636946.52,0.0,0.0,0
15m,1752228900.0,2.6201,2.6477,2.6186,2.6386,2380418.48,0.0,0.0,0
15m,1752229800.0,2.6386,2.652,2.6319,2.6432,1581533.17,0.0,0.0,0
15m,1752230700.0,2.6432,2.6499,2.636,2.6476,1071297.27,0.0,0.0,0
15m,1752231600.0,2.6476,2.6663,2.6362,2.6394,2334693.62,0.0,0.0,0
15m,1752232500.0,2.6394,2.6405,2.6079,2.6175,2775167.21,0.0,0.0,0
15m,1752233400.0,2.6175,2.6314,2.6174,2.6203,932158.16,0.0,0.0,0
15m,1752234300.0,2.6203,2.6341,2.613,2.6289,867919.15,0.0,0.0,0
15m,1752235200.0,2.6289,2.6465,2.6252,2.6453,786915.71,0.0,0.0,0
15m,1752236100.0,2.6453,2.6496,2.634,2.6378,864984.5,0.0,0.0,0
15m,1752237000.0,2.6378,2.6543,2.6378,2.6445,1133529.0,0.0,0.0,0
15m,1752237900.0,2.6445,2.6971,2.6441,2.6958,2967244.61,0.0,0.0,0
15m,1752238800.0,2.6958,2.7096,2.6785,2.6877,3500606.87,0.0,0.0,0
15m,1752239700.0,2.6877,2.6951,2.6778,2.693,1230752.15,0.0,0.0,0
15m,1752240600.0,2.693,2.7493,2.6723,2.7274,4912145.5,0.0,0.0,0
15m,1752241500.0,2.7274,2.825,2.7193,2.8002,5928181.03,0.0,0.0,0
15m,1752242400.0,2.8002,2.8065,2.7395,2.7612,5219854.06,0.0,0.0,0
15m,1752243300.0,2.7612,2.8138,2.7598,2.802,4281275.9,0.0,0.0,0
15m,1752244200.0,2.802,2.826,2.7744,2.8201,5453593.97,0.0,0.0,0
15m,1752245100.0,2.8201,2.8391,2.7966,2.8237,5519677.66,0.0,0.0,0
15m,1752246000.0,2.8237,2.8569,2.8156,2.8401,6921903.0,0.0,0.0,0
15m,1752246900.0,2.8401,2.9739,2.8262,2.9717,9989103.03,0.0,0.0,0
15m,1752247800.0,2.9717,2.98,2.8742,2.8931,10383817.97,0.0,0.0,0
15m,1752248700.0,2.8931,2.8962,2.7633,2.7773,13289653.49,0.0,0.0,0
15m,1752249600.0,2.7773,2.8086,2.6985,2.7491,10819346.5,0.0,0.0,0
15m,1752250500.0,2.7491,2.7846,2.724,2.7825,5167863.83,0.0,0.0,0
15m,1752251400.0,2.7825,2.7943,2.7633,2.768,4118276.51,0.0,0.0,0
15m,1752252300.0,2.768,2.8061,2.7442,2.7858,3312829.63,0.0,0.0,0
15m,1752253200.0,2.7858,2.8161,2.78,2.7948,1688921.88,0.0,0.0,0
15m,1752254100.0,2.7948,2.8032,2.7825,2.7937,1334000.5,0.0,0.0,0
15m,1752255000.0,2.7937,2.7959,2.7545,2.7862,2056349.84,0.0,0.0,0
15m,1752255900.0,2.7862,2.807,2.7817,2.7997,1742082.78,0.0,0.0,0
15m,1752256800.0,2.7997,2.833,2.798,2.8324,1566434.92,0.0,0.0,0
15m,1752257700.0,2.8324,2.8372,2.8008,2.8034,1054452.08,0.0,0.0,0
15m,1752258600.0,2.8034,2.8258,2.8024,2.8205,875487.25,0.0,0.0,0
15m,1752259500.0,2.8205,2.8336,2.8094,2.8336,898790.7,0.0,0.0,0
15m,1752260400.0,2.8336,2.8341,2.8039,2.8194,879760.72,0.0,0.0,0
15m,1752261300.0,2.8194,2.8331,2.8117,2.8166,914140.06,0.0,0.0,0
15m,1752262200.0,2.8166,2.8484,2.8134,2.8273,1707703.22,0.0,0.0,0
15m,1752263100.0,2.8273,2.8585,2.8247,2.8585,1451106.1,0.0,0.0,0
15m,1752264000.0,2.8585,2.8585,2.8344,2.8359,1486513.38,0.0,0.0,0
15m,1752264900.0,2.8359,2.8486,2.8178,2.8223,1104011.17,0.0,0.0,0
15m,1752265800.0,2.8223,2.8236,2.777,2.7796,2060017.29,0.0,0.0,0
15m,1752266700.0,2.7796,2.7886,2.7573,2.7578,1163834.0,0.0,0.0,0
15m,1752267600.0,2.7578,2.7758,2.7311,2.7498,1868778.05,0.0,0.0,0
15m,1752268500.0,2.7498,2.7658,2.7384,2.7658,1043286.89,0.0,0.0,0
15m,1752269400.0,2.7658,2.7673,2.7105,2.713,1448873.41,0.0,0.0,0
15m,1752270300.0,2.713,2.7441,2.7097,2.7404,900441.12,0.0,0.0,0
15m,1752271200.0,2.7404,2.7524,2.7272,2.7281,871587.21,0.0,0.0,0
15m,1752272100.0,2.7281,2.7309,2.6606,2.6857,5158308.71,0.0,0.0,0
15m,1752273000.0,2.6857,2.7009,2.6616,2.6672,3682272.62,0.0,0.0,0
15m,1752273900.0,2.6672,2.7022,2.6647,2.7012,1550672.05,0.0,0.0,0
15m,1752274800.0,2.7012,2.7389,2.6968,2.7346,1445869.7,0.0,0.0,0
15m,1752275700.0,2.7346,2.7419,2.7279,2.7303,808858.96,0.0,0.0,0
15m,1752276600.0,2.7303,2.7402,2.7181,2.7347,917359.87,0.0,0.0,0
15m,1752277500.0,2.7347,2.7415,2.7291,2.7325,290380.12,0.0,0.0,0
15m,1752278400.0,2.7325,2.7452,2.7257,2.7304,558790.63,0.0,0.0,0
15m,1752279300.0,2.7304,2.7332,2.7117,2.7302,1145418.83,0.0,0.0,0
15m,1752280200.0,2.7302,2.7314,2.6912,2.6919,1427023.67,0.0,0.0,0
15m,1752281100.0,2.6919,2.7204,2.6885,2.7202,688499.02,0.0,0.0,0
15m,1752282000.0,2.7202,2.7764,2.7201,2.7764,1237074.95,0.0,0.0,0
15m,1752282900.0,2.7764,2.8095,2.7667,2.8095,1771497.57,0.0,0.0,0
15m,1752283800.0,2.8095,2.815,2.796,2.8035,1430167.34,0.0,0.0,0
15m,1752284700.0,2.8035,2.8307,2.7863,2.8233,1524044.48,0.0,0.0,0
15m,1752285600.0,2.8233,2.8476,2.814,2.8164,1315474.78,0.0,0.0,0
15m,1752286500.0,2.8164,2.8232,2.8069,2.8109,676677.58,0.0,0.0,0
15m,1752287400.0,2.8109,2.8229,2.8086,2.8095,478431.92,0.0,0.0,0
15m,1752288300.0,2.8095,2.8128,2.7921,2.7924,460360.26,0.0,0.0,0
15m,1752289200.0,2.7924,2.8122,2.7919,2.8105,293223.94,0.0,0.0,0
15m,1752290100.0,2.8105,2.8191,2.8105,2.8157,238891.46,0.0,0.0,0
15m,1752291000.0,2.8157,2.8215,2.8024,2.8024,307992.34,0.0,0.0,0
15m,1752291900.0,2.8024,2.8057,2.79,2.8,596807.47,0.0,0.0,0
15m,1752292800.0,2.8,2.8055,2.7952,2.8005,529913.59,0.0,0.0,0
15m,1752293700.0,2.8005,2.8008,2.7811,2.7976,307318.22,0.0,0.0,0
15m,1752294600.0,2.7976,2.802,2.7819,2.7916,351486.07,0.0,0.0,0
15m,1752295500.0,2.7916,2.7921,2.7696,2.7745,393339.07,0.0,0.0,0
15m,1752296400.0,2.7745,2.7807,2.7625,2.7651,568916.49,0.0,0.0,0
15m,1752297300.0,2.7651,2.7876,2.7607,2.7818,347640.24,0.0,0.0,0
15m,1752298200.0,2.7818,2.7984,2.7777,2.7865,384285.84,0.0,0.0,0
15m,1752299100.0,2.7865,2.7986,2.7863,2.7882,355481.26,0.0,0.0,0
15m,1752300000.0,2.7882,2.7912,2.7664,2.7718,629557.43,0.0,0.0,0
15m,1752300900.0,2.7718,2.7806,2.7658,2.7778,246024.14,0.0,0.0,0
15m,1752301800.0,2.7778,2.7931,2.7734,2.789,362390.86,0.0,0.0,0
15m,1752302700.0,2.789,2.7958,2.7837,2.7915,255663.18,0.0,0.0,0
15m,1752303600.0,2.7915,2.7938,2.7805,2.7889,430676.84,0.0,0.0,0
15m,1752304500.0,2.7889,2.7907,2.7763,2.7856,277877.58,0.0,0.0,0
15m,1752305400.0,2.7856,2.7862,2.7635,2.7696,662688.75,0.0,0.0,0
15m,1752306300.0,2.7696,2.7726,2.7563,2.7679,649853.29,0.0,0.0,0
15m,1752307200.0,2.7679,2.7761,2.7659,2.7725,723534.85,0.0,0.0,0
15m,1752308100.0,2.7725,2.7753,2.7659,2.7747,399814.89,0.0,0.0,0
15m,1752309000.0,2.7747,2.78,2.7687,2.7779,461378.75,0.0,0.0,0
15m,1752309900.0,2.7779,2.7927,2.7677,2.7902,773246.38,0.0,0.0,0
15m,1752310800.0,2.7902,2.8018,2.7819,2.7957,675510.09,0.0,0.0,0
15m,1752311700.0,2.7957,2.8143,2.7948,2.8074,1204678.27,0.0,0.0,0
15m,1752312600.0,2.8074,2.8251,2.8045,2.8199,1100191.08,0.0,0.0,0
15m,1752313500.0,2.8199,2.822,2.8104,2.821,781511.59,0.0,0.0,0
15m,1752314400.0,2.821,2.8352,2.81,2.8174,1048744.78,0.0,0.0,0
15m,1752315300.0,2.8174,2.8267,2.811,2.8266,668785.37,0.0,0.0,0
15m,1752316200.0,2.8266,2.8447,2.8202,2.8427,900738.33,0.0,0.0,0
15m,1752317100.0,2.8427,2.8463,2.828,2.8367,670658.24,0.0,0.0,0
15m,1752318000.0,2.8367,2.8473,2.8218,2.8402,737950.87,0.0,0.0,0
15m,1752318900.0,2.8402,2.8444,2.8328,2.8352,648249.41,0.0,0.0,0
15m,1752319800.0,2.8352,2.8352,2.7979,2.8001,1210685.87,0.0,0.0,0
15m,1752320700.0,2.8001,2.8096,2.7979,2.8056,579480.33,0.0,0.0,0
15m,1752321600.0,2.8056,2.8088,2.772,2.7896,770096.35,0.0,0.0,0
15m,1752322500.0,2.7896,2.7947,2.7697,2.7811,981988.97,0.0,0.0,0
15m,1752323400.0,2.7811,2.7904,2.7634,2.7736,1086157.29,0.0,0.0,0
15m,1752324300.0,2.7736,2.7869,2.7555,2.7868,945348.28,0.0,0.0,0
15m,1752325200.0,2.7868,2.7873,2.7694,2.7828,686907.03,0.0,0.0,0
15m,1752326100.0,2.7828,2.7889,2.7534,2.7678,811561.59,0.0,0.0,0
15m,1752327000.0,2.7678,2.7813,2.7485,2.7641,812865.05,0.0,0.0,0
15m,1752327900.0,2.7641,2.776,2.7608,2.7757,520112.43,0.0,0.0,0
15m,1752328800.0,2.7757,2.7982,2.7738,2.792,866629.91,0.0,0.0,0
15m,1752329700.0,2.792,2.7935,2.7829,2.7882,321355.65,0.0,0.0,0
15m,1752330600.0,2.7882,2.7904,2.7633,2.7735,693258.57,0.0,0.0,0
15m,1752331500.0,2.7735,2.7742,2.7519,2.7568,678231.89,0.0,0.0,0
15m,1752332400.0,2.7568,2.7677,2.7059,2.7068,2075391.41,0.0,0.0,0
15m,1752333300.0,2.7068,2.718,2.6803,2.692,3155521.9,0.0,0.0,0
15m,1752334200.0,2.692,2.6996,2.6633,2.6749,2320012.6,0.0,0.0,0
15m,1752335100.0,2.6749,2.6905,2.6716,2.6817,1103916.35,0.0,0.0,0
15m,1752336000.0,2.6817,2.715,2.6704,2.7113,1262352.42,0.0,0.0,0
15m,1752336900.0,2.7113,2.7252,2.7047,2.7085,813977.75,0.0,0.0,0
15m,1752337800.0,2.7085,2.7194,2.708,2.7128,485623.46,0.0,0.0,0
15m,1752338700.0,2.7128,2.7226,2.7037,2.7068,657936.67,0.0,0.0,0
15m,1752339600.0,2.7068,2.7319,2.7052,2.7274,1214507.81,0.0,0.0,0
15m,1752340500.0,2.7274,2.7402,2.7272,2.7321,406125.27,0.0,0.0,0
15m,1752341400.0,2.7321,2.7355,2.7171,2.7251,615044.66,0.0,0.0,0
15m,1752342300.0,2.7251,2.7294,2.719,2.7245,246496.14,0.0,0.0,0
15m,1752343200.0,2.7245,2.7343,2.7194,2.7323,216048.1,0.0,0.0,0
15m,1752344100.0,2.7323,2.7339,2.7262,2.7317,286305.45,0.0,0.0,0
15m,1752345000.0,2.7317,2.7426,2.7317,2.7367,285571.73,0.0,0.0,0
15m,1752345900.0,2.7367,2.7452,2.7329,2.74,451169.92,0.0,0.0,0
15m,1752346800.0,2.74,2.7532,2.739,2.7454,574947.28,0.0,0.0,0
15m,1752347700.0,2.7454,2.7502,2.7272,2.7273,535114.28,0.0,0.0,0
15m,1752348600.0,2.7273,2.736,2.7272,2.7354,399384.62,0.0,0.0,0
15m,1752349500.0,2.7354,2.7392,2.7328,2.7376,280284.07,0.0,0.0,0
15m,1752350400.0,2.7376,2.7377,2.719,2.7219,256057.73,0.0,0.0,0
15m,1752351300.0,2.7219,2.7281,2.7147,2.7228,247353.51,0.0,0.0,0
15m,1752352200.0,2.7228,2.7235,2.704,2.7077,332863.6,0.0,0.0,0
15m,1752353100.0,2.7077,2.7099,2.6844,2.6846,805546.47,0.0,0.0,0
15m,1752354000.0,2.6846,2.7148,2.6843,2.7065,977213.21,0.0,0.0,0
15m,1752354900.0,2.7065,2.7261,2.7037,2.7249,499922.63,0.0,0.0,0
15m,1752355800.0,2.7249,2.7358,2.7175,2.7358,369010.34,0.0,0.0,0
15m,1752356700.0,2.7358,2.7364,2.723,2.7273,254592.91,0.0,0.0,0
15m,1752357600.0,2.7273,2.7322,2.7156,2.7257,379494.63,0.0,0.0,0
15m,1752358500.0,2.7257,2.7262,2.7067,2.7246,236311.49,0.0,0.0,0
15m,1752359400.0,2.7246,2.734,2.721,2.7329,245434.58,0.0,0.0,0
15m,1752360300.0,2.7329,2.738,2.7245,2.7379,426408.45,0.0,0.0,0
15m,1752361200.0,2.7379,2.7437,2.7216,2.725,367397.3,0.0,0.0,0
15m,1752362100.0,2.725,2.7405,2.725,2.7345,611625.12,0.0,0.0,0
15m,1752363000.0,2.7345,2.7399,2.7255,2.7304,362404.65,0.0,0.0,0
15m,1752363900.0,2.7304,2.748,2.728,2.7392,808823.42,0.0,0.0,0
15m,1752364800.0,2.7392,2.7442,2.724,2.7412,650425.48,0.0,0.0,0
15m,1752365700.0,2.7412,2.7559,2.7322,2.7479,660026.67,0.0,0.0,0
15m,1752366600.0,2.7479,2.7508,2.7288,2.7453,546796.42,0.0,0.0,0
15m,1752367500.0,2.7453,2.7453,2.7339,2.739,407488.88,0.0,0.0,0
15m,1752368400.0,2.739,2.7498,2.7342,2.7391,327096.91,0.0,0.0,0
15m,1752369300.0,2.7391,2.7456,2.7343,2.7402,470952.31,0.0,0.0,0
15m,1752370200.0,2.7402,2.754,2.7395,2.7502,420547.26,0.0,0.0,0
15m,1752371100.0,2.7502,2.7668,2.7486,2.7613,524379.71,0.0,0.0,0
15m,1752372000.0,2.7613,2.7701,2.7557,2.7571,354124.76,0.0,0.0,0
15m,1752372900.0,2.7571,2.7573,2.7469,2.7563,444289.94,0.0,0.0,0
15m,1752373800.0,2.7563,2.7623,2.7434,2.7622,274124.77,0.0,0.0,0
15m,1752374700.0,2.7622,2.786,2.7615,2.7761,851704.13,0.0,0.0,0
15m,1752375600.0,2.7761,2.7782,2.7626,2.7636,342884.99,0.0,0.0,0
15m,1752376500.0,2.7636,2.7767,2.7636,2.7701,365926.59,0.0,0.0,0
15m,1752377400.0,2.7701,2.7836,2.7631,2.7797,884011.44,0.0,0.0,0
15m,1752378300.0,2.7797,2.7797,2.7653,2.7679,341363.38,0.0,0.0,0
15m,1752379200.0,2.7679,2.7707,2.758,2.7641,315276.47,0.0,0.0,0
15m,1752380100.0,2.7641,2.771,2.7582,2.7608,264293.57,0.0,0.0,0
15m,1752381000.0,2.7608,2.7783,2.7588,2.7728,315671.6,0.0,0.0,0
15m,1752381900.0,2.7728,2.7825,2.772,2.7804,302127.01,0.0,0.0,0
15m,1752382800.0,2.7804,2.7875,2.7703,2.7823,671470.8,0.0,0.0,0
15m,1752383700.0,2.7823,2.783,2.7731,2.7823,303242.74,0.0,0.0,0
15m,1752384600.0,2.7823,2.7864,2.7792,2.7834,213437.81,0.0,0.0,0
15m,1752385500.0,2.7834,2.7834,2.7707,2.7707,296144.65,0.0,0.0,0
15m,1752386400.0,2.7707,2.7844,2.7678,2.7816,415286.96,0.0,0.0,0
15m,1752387300.0,2.7816,2.7959,2.7816,2.7958,453939.14,0.0,0.0,0
15m,1752388200.0,2.7958,2.8143,2.793,2.8057,1043114.04,0.0,0.0,0
15m,1752389100.0,2.8057,2.8072,2.7909,2.7924,408218.53,0.0,0.0,0
15m,1752390000.0,2.7924,2.8012,2.7896,2.7984,517574.0,0.0,0.0,0
15m,1752390900.0,2.7984,2.8074,2.7922,2.794,351035.29,0.0,0.0,0
15m,1752391800.0,2.794,2.7983,2.7896,2.7922,412147.57,0.0,0.0,0
15m,1752392700.0,2.7922,2.7997,2.786,2.7992,395238.8,0.0,0.0,0
15m,1752393600.0,2.7992,2.8175,2.7941,2.8121,956149.31,0.0,0.0,0
15m,1752394500.0,2.8121,2.8139,2.7964,2.805,732274.98,0.0,0.0,0
15m,1752395400.0,2.805,2.8071,2.7935,2.7963,587448.63,0.0,0.0,0
15m,1752396300.0,2.7963,2.7976,2.7838,2.7938,709007.64,0.0,0.0,0
15m,1752397200.0,2.7938,2.8023,2.7865,2.7896,526699.3,0.0,0.0,0
15m,1752398100.0,2.7896,2.7914,2.7775,2.7822,345568.28,0.0,0.0,0
15m,1752399000.0,2.7822,2.7822,2.771,2.7797,342991.95,0.0,0.0,0
15m,1752399900.0,2.7797,2.7833,2.7718,2.777,200337.8,0.0,0.0,0
15m,1752400800.0,2.777,2.7963,2.7767,2.7918,329139.08,0.0,0.0,0
15m,1752401700.0,2.7918,2.7933,2.7855,2.79,163579.73,0.0,0.0,0
15m,1752402600.0,2.79,2.7904,2.7842,2.7867,171092.2,0.0,0.0,0
15m,1752403500.0,2.7867,2.7872,2.772,2.7757,201388.37,0.0,0.0,0
15m,1752404400.0,2.7757,2.788,2.7757,2.787,399747.71,0.0,0.0,0
15m,1752405300.0,2.787,2.792,2.7793,2.7896,410575.93,0.0,0.0,0
15m,1752406200.0,2.7896,2.7902,2.7791,2.7794,263766.1,0.0,0.0,0
15m,1752407100.0,2.7794,2.7895,2.777,2.7887,334624.48,0.0,0.0,0
15m,1752408000.0,2.7887,2.8061,2.7827,2.8012,749379.82,0.0,0.0,0
15m,1752408900.0,2.8012,2.8071,2.7967,2.7997,466265.48,0.0,0.0,0
15m,1752409800.0,2.7997,2.8182,2.7908,2.8156,709773.65,0.0,0.0,0
15m,1752410700.0,2.8156,2.8281,2.8055,2.8208,964003.17,0.0,0.0,0
15m,1752411600.0,2.8208,2.8248,2.7991,2.8027,580446.14,0.0,0.0,0
15m,1752412500.0,2.8027,2.8181,2.802,2.8178,239791.54,0.0,0.0,0
15m,1752413400.0,2.8178,2.8294,2.816,2.8227,733562.47,0.0,0.0,0
15m,1752414300.0,2.8227,2.845,2.8212,2.8318,1750208.38,0.0,0.0,0
15m,1752415200.0,2.8318,2.8508,2.825,2.8413,1046011.19,0.0,0.0,0
15m,1752416100.0,2.8413,2.8939,2.8393,2.8724,3163759.69,0.0,0.0,0
15m,1752417000.0,2.8724,2.8724,2.8476,2.8502,1216869.84,0.0,0.0,0
15m,1752417900.0,2.8502,2.8677,2.8324,2.8438,1338102.69,0.0,0.0,0
15m,1752418800.0,2.8438,2.8687,2.8433,2.8596,1258458.57,0.0,0.0,0
15m,1752419700.0,2.8596,2.8726,2.8451,2.8494,1383391.33,0.0,0.0,0
15m,1752420600.0,2.8494,2.8496,2.8082,2.8295,1459881.33,0.0,0.0,0
15m,1752421500.0,2.8295,2.8403,2.8225,2.838,442555.76,0.0,0.0,0
15m,1752422400.0,2.838,2.8519,2.8291,2.8367,513563.81,0.0,0.0,0
15m,1752423300.0,2.8367,2.8478,2.829,2.8404,547391.99,0.0,0.0,0
15m,1752424200.0,2.8404,2.8419,2.8321,2.8378,287161.79,0.0,0.0,0
15m,1752425100.0,2.8378,2.8382,2.8128,2.8239,540515.81,0.0,0.0,0
15m,1752426000.0,2.8239,2.8288,2.8116,2.8208,916844.31,0.0,0.0,0
15m,1752426900.0,2.8208,2.8318,2.8135,2.8298,378077.78,0.0,0.0,0
15m,1752427800.0,2.8298,2.848,2.8281,2.8421,522757.7,0.0,0.0,0
15m,1752428700.0,2.8421,2.8623,2.8407,2.8599,459788.84,0.0,0.0,0
15m,1752429600.0,2.8599,2.8649,2.8503,2.8568,771557.55,0.0,0.0,0
15m,1752430500.0,2.8568,2.8658,2.8451,2.8653,478922.83,0.0,0.0,0
15m,1752431400.0,2.8653,2.8756,2.8603,2.8726,636623.36,0.0,0.0,0
15m,1752432300.0,2.8726,2.882,2.86,2.8601,1078091.73,0.0,0.0,0
15m,1752433200.0,2.8601,2.8664,2.8521,2.8639,412935.22,0.0,0.0,0
15m,1752434100.0,2.8639,2.8656,2.8546,2.8642,461749.01,0.0,0.0,0
15m,1752435000.0,2.8642,2.8745,2.8533,2.8552,399239.17,0.0,0.0,0
15m,1752435900.0,2.8552,2.8592,2.8442,2.8456,247266.85,0.0,0.0,0
15m,1752436800.0,2.8456,2.8486,2.833,2.8437,372887.11,0.0,0.0,0
15m,1752437700.0,2.8437,2.8593,2.8437,2.8583,282551.75,0.0,0.0,0
15m,1752438600.0,2.8583,2.8646,2.8496,2.8544,470213.2,0.0,0.0,0
15m,1752439500.0,2.8544,2.8587,2.8483,2.8486,175587.98,0.0,0.0,0
15m,1752440400.0,2.8486,2.8496,2.8313,2.8332,310712.43,0.0,0.0,0
15m,1752441300.0,2.8332,2.843,2.8317,2.8427,229869.87,0.0,0.0,0
15m,1752442200.0,2.8427,2.8432,2.7636,2.8009,1665108.86,0.0,0.0,0
15m,1752443100.0,2.8009,2.8149,2.7971,2.8015,518144.8,0.0,0.0,0
15m,1752444000.0,2.8015,2.8159,2.7884,2.8089,634180.93,0.0,0.0,0
15m,1752444900.0,2.8089,2.8166,2.7913,2.7996,1115091.79,0.0,0.0,0
15m,1752445800.0,2.7996,2.8239,2.7987,2.8228,661680.9,0.0,0.0,0
15m,1752446700.0,2.8228,2.8248,2.814,2.8146,381004.54,0.0,0.0,0
15m,1752447600.0,2.8146,2.8311,2.8122,2.8273,464483.78,0.0,0.0,0
15m,1752448500.0,2.8273,2.8425,2.8182,2.8264,883614.35,0.0,0.0,0
15m,1752449400.0,2.8264,2.8377,2.8256,2.833,418227.17,0.0,0.0,0
15m,1752450300.0,2.833,2.8423,2.831,2.8357,353064.93,0.0,0.0,0
15m,1752451200.0,2.8357,2.8414,2.8208,2.8365,625615.43,0.0,0.0,0
15m,1752452100.0,2.8365,2.8477,2.8286,2.8384,471367.41,0.0,0.0,0
15m,1752453000.0,2.8384,2.8415,2.828,2.8389,309257.13,0.0,0.0,0
15m,1752453900.0,2.8389,2.8482,2.8352,2.8462,354137.76,0.0,0.0,0
15m,1752454800.0,2.8462,2.864,2.8383,2.8542,757096.88,0.0,0.0,0
15m,1752455700.0,2.8542,2.8763,2.8538,2.8703,1288417.68,0.0,0.0,0
15m,1752456600.0,2.8703,2.8739,2.8564,2.8611,883874.08,0.0,0.0,0
15m,1752457500.0,2.8611,2.8642,2.8507,2.8552,770098.48,0.0,0.0,0
15m,1752458400.0,2.8552,2.871,2.8498,2.8693,1055980.71,0.0,0.0,0
15m,1752459300.0,2.8693,2.8855,2.8613,2.8829,843873.65,0.0,0.0,0
15m,1752460200.0,2.8829,2.894,2.8778,2.8823,865448.06,0.0,0.0,0
15m,1752461100.0,2.8823,2.8966,2.8796,2.8869,463413.81,0.0,0.0,0
15m,1752462000.0,2.8869,2.9219,2.8856,2.9205,1452194.63,0.0,0.0,0
15m,1752462900.0,2.9205,2.93,2.9128,2.9255,1257178.56,0.0,0.0,0
15m,1752463800.0,2.9255,2.9474,2.9149,2.9435,1528358.04,0.0,0.0,0
15m,1752464700.0,2.9435,2.9461,2.9116,2.9264,1296576.37,0.0,0.0,0
15m,1752465600.0,2.9264,2.9386,2.9193,2.9325,1049810.07,0.0,0.0,0
15m,1752466500.0,2.9325,2.9416,2.9261,2.935,895536.72,0.0,0.0,0
15m,1752467400.0,2.935,2.9365,2.9247,2.9303,528763.05,0.0,0.0,0
15m,1752468300.0,2.9303,2.9425,2.9275,2.94,821196.41,0.0,0.0,0
15m,1752469200.0,2.94,2.9453,2.933,2.936,764744.19,0.0,0.0,0
15m,1752470100.0,2.936,2.9566,2.9303,2.956,1765402.85,0.0,0.0,0
15m,1752471000.0,2.956,2.98,2.9432,2.9473,2393813.89,0.0,0.0,0
15m,1752471900.0,2.9473,2.9483,2.8739,2.932,3336894.2,0.0,0.0,0
15m,1752472800.0,2.932,2.932,2.892,2.9045,1959862.48,0.0,0.0,0
15m,1752473700.0,2.9045,2.9323,2.9038,2.9276,1622110.64,0.0,0.0,0
15m,1752474600.0,2.9276,2.9277,2.9133,2.921,765822.31,0.0,0.0,0
15m,1752475500.0,2.921,2.9348,2.9179,2.9266,727904.59,0.0,0.0,0
15m,1752476400.0,2.9266,2.955,2.9248,2.9459,1461628.25,0.0,0.0,0
15m,1752477300.0,2.9459,2.9615,2.9451,2.9593,1346599.6,0.0,0.0,0
15m,1752478200.0,2.9593,2.9793,2.9566,2.9576,1723395.28,0.0,0.0,0
15m,1752479100.0,2.9576,2.9643,2.9366,2.9567,995490.51,0.0,0.0,0
15m,1752480000.0,2.9567,2.9616,2.9306,2.9378,1674820.4,0.0,0.0,0
15m,1752480900.0,2.9378,2.9478,2.9278,2.941,1384473.0,0.0,0.0,0
15m,1752481800.0,2.941,2.9869,2.941,2.9861,2374988.64,0.0,0.0,0
15m,1752482700.0,2.9861,3.0088,2.9595,2.9785,4382258.98,0.0,0.0,0
15m,1752483600.0,2.9785,2.9921,2.9626,2.9706,1303331.37,0.0,0.0,0
15m,1752484500.0,2.9706,2.9906,2.9637,2.9803,1055005.64,0.0,0.0,0
15m,1752485400.0,2.9803,3.0229,2.9753,3.0114,2199814.43,0.0,0.0,0
15m,1752486300.0,3.0114,3.018,2.9718,2.9835,2785608.21,0.0,0.0,0
15m,1752487200.0,2.9835,2.9847,2.9472,2.9726,2204033.51,0.0,0.0,0
15m,1752488100.0,2.9726,2.9865,2.9616,2.979,850302.3,0.0,0.0,0
15m,1752489000.0,2.979,3.004,2.968,2.9874,1623308.57,0.0,0.0,0
15m,1752489900.0,2.9874,3.014,2.9826,3.0097,1199024.81,0.0,0.0,0
15m,1752490800.0,3.0097,3.01,2.9914,3.0016,1479966.47,0.0,0.0,0
15m,1752491700.0,3.0016,3.0027,2.973,2.9862,1624373.47,0.0,0.0,0
15m,1752492600.0,2.9862,2.9989,2.9694,2.9974,1174014.14,0.0,0.0,0
15m,1752493500.0,2.9974,3.0119,2.978,2.978,1610494.53,0.0,0.0,0
15m,1752494400.0,2.978,2.986,2.9656,2.9822,1777219.99,0.0,0.0,0
15m,1752495300.0,2.9822,2.9987,2.9484,2.9627,2260040.25,0.0,0.0,0
15m,1752496200.0,2.9627,2.9629,2.9428,2.9503,1072498.37,0.0,0.0,0
15m,1752497100.0,2.9503,2.9623,2.944,2.9617,954505.64,0.0,0.0,0
15m,1752498000.0,2.9617,2.97,2.95,2.9537,651031.21,0.0,0.0,0
15m,1752498900.0,2.9537,2.9701,2.9428,2.9699,1184557.76,0.0,0.0,0
15m,1752499800.0,2.9699,2.9999,2.9657,2.9926,2426648.22,0.0,0.0,0
15m,1752500700.0,2.9926,3.0354,2.9874,3.0036,4180457.37,0.0,0.0,0
15m,1752501600.0,3.0036,3.0228,3.0013,3.011,2092333.2,0.0,0.0,0
15m,1752502500.0,3.011,3.0314,2.9744,2.9997,2455618.43,0.0,0.0,0
15m,1752503400.0,2.9997,3.0007,2.9704,2.9865,2886419.6,0.0,0.0,0
15m,1752504300.0,2.9865,3.0161,2.9723,3.0128,2136742.57,0.0,0.0,0
15m,1752505200.0,3.0128,3.0227,2.9725,2.9872,1827395.52,0.0,0.0,0
15m,1752506100.0,2.9872,3.0115,2.9792,3.0065,1671961.2,0.0,0.0,0
15m,1752507000.0,3.0065,3.0113,2.9678,2.9701,1501337.03,0.0,0.0,0
15m,1752507900.0,2.9701,2.9701,2.9099,2.9473,4668056.08,0.0,0.0,0
15m,1752508800.0,2.9473,2.9522,2.9182,2.9247,1473108.82,0.0,0.0,0
15m,1752509700.0,2.9247,2.9648,2.9212,2.9639,1486366.95,0.0,0.0,0
15m,1752510600.0,2.9639,2.9875,2.9522,2.9788,971398.72,0.0,0.0,0
15m,1752511500.0,2.9788,3.0024,2.9694,2.9937,1695697.3,0.0,0.0,0
15m,1752512400.0,2.9937,2.996,2.9672,2.9713,851778.84,0.0,0.0,0
15m,1752513300.0,2.9713,2.9717,2.9527,2.9574,703426.52,0.0,0.0,0
15m,1752514200.0,2.9574,2.9661,2.9366,2.9405,684831.6,0.0,0.0,0
15m,1752515100.0,2.9405,2.9516,2.9375,2.9516,413044.09,0.0,0.0,0
15m,1752516000.0,2.9516,2.9575,2.9395,2.945,844792.02,0.0,0.0,0
15m,1752516900.0,2.945,2.9593,2.9419,2.955,378499.36,0.0,0.0,0
15m,1752517800.0,2.955,2.9593,2.9231,2.9367,638972.4,0.0,0.0,0
15m,1752518700.0,2.9367,2.9372,2.9118,2.9161,740737.49,0.0,0.0,0
15m,1752519600.0,2.9161,2.9427,2.9099,2.9266,1448449.82,0.0,0.0,0
15m,1752520500.0,2.9266,2.9321,2.9176,2.926,332383.38,0.0,0.0,0
15m,1752521400.0,2.926,2.9335,2.9207,2.9265,362048.23,0.0,0.0,0
15m,1752522300.0,2.9265,2.9309,2.9106,2.9304,517815.79,0.0,0.0,0
15m,1752523200.0,2.9304,2.9309,2.8905,2.8932,1253072.09,0.0,0.0,0
15m,1752524100.0,2.8932,2.9039,2.8758,2.9031,1561347.27,0.0,0.0,0
15m,1752525000.0,2.9031,2.9207,2.8992,2.9176,542213.55,0.0,0.0,0
15m,1752525900.0,2.9176,2.9363,2.9148,2.9232,635762.59,0.0,0.0,0
15m,1752526800.0,2.9232,2.9283,2.9167,2.9204,405609.83,0.0,0.0,0
15m,1752527700.0,2.9204,2.9367,2.9182,2.931,480881.33,0.0,0.0,0
15m,1752528600.0,2.931,2.9474,2.9244,2.9407,545253.05,0.0,0.0,0
15m,1752529500.0,2.9407,2.9496,2.9371,2.9422,205712.48,0.0,0.0,0
15m,1752530400.0,2.9422,2.9461,2.9305,2.9461,248140.83,0.0,0.0,0
15m,1752531300.0,2.9461,2.9488,2.9397,2.9438,286362.57,0.0,0.0,0
15m,1752532200.0,2.9438,2.9495,2.936,2.9489,335888.42,0.0,0.0,0
15m,1752533100.0,2.9489,2.9562,2.9468,2.9508,444317.36,0.0,0.0,0
15m,1752534000.0,2.9508,2.9543,2.9422,2.9511,262880.86,0.0,0.0,0
15m,1752534900.0,2.9511,2.9511,2.936,2.9443,453632.43,0.0,0.0,0
15m,1752535800.0,2.9443,2.9586,2.9441,2.9544,429432.17,0.0,0.0,0
15m,1752536700.0,2.9544,2.9634,2.9491,2.958,429131.3,0.0,0.0,0
15m,1752537600.0,2.958,2.958,2.9336,2.9338,550958.28,0.0,0.0,0
15m,1752538500.0,2.9338,2.9561,2.9337,2.9503,487628.82,0.0,0.0,0
15m,1752539400.0,2.9503,2.9503,2.9159,2.9227,660419.55,0.0,0.0,0
15m,1752540300.0,2.9227,2.9259,2.9035,2.9079,1122332.03,0.0,0.0,0
15m,1752541200.0,2.9079,2.9115,2.8746,2.8875,2262033.5,0.0,0.0,0
15m,1752542100.0,2.8875,2.8996,2.8647,2.8871,1494450.86,0.0,0.0,0
15m,1752543000.0,2.8871,2.9131,2.8817,2.9099,888327.63,0.0,0.0,0
15m,1752543900.0,2.9099,2.9213,2.8823,2.8888,735206.07,0.0,0.0,0
15m,1752544800.0,2.8888,2.901,2.8714,2.8827,1035871.39,0.0,0.0,0
15m,1752545700.0,2.8827,2.8866,2.8495,2.857,1283283.71,0.0,0.0,0
15m,1752546600.0,2.857,2.8831,2.853,2.8786,1339584.14,0.0,0.0,0
15m,1752547500.0,2.8786,2.8857,2.868,2.8716,438178.11,0.0,0.0,0
15m,1752548400.0,2.8716,2.8746,2.82,2.8356,1306897.57,0.0,0.0,0
15m,1752549300.0,2.8356,2.8399,2.8041,2.8365,2083830.37,0.0,0.0,0
15m,1752550200.0,2.8365,2.8397,2.8114,2.8381,1344903.95,0.0,0.0,0
15m,1752551100.0,2.8381,2.8547,2.8365,2.8498,878410.51,0.0,0.0,0
15m,1752552000.0,2.8498,2.8525,2.8218,2.852,770483.21,0.0,0.0,0
15m,1752552900.0,2.852,2.8749,2.852,2.869,750760.75,0.0,0.0,0
15m,1752553800.0,2.869,2.8785,2.8541,2.8723,486057.21,0.0,0.0,0
15m,1752554700.0,2.8723,2.8814,2.8655,2.8688,640899.58,0.0,0.0,0
15m,1752555600.0,2.8688,2.886,2.8682,2.8808,527513.05,0.0,0.0,0
15m,1752556500.0,2.8808,2.8823,2.873,2.8775,389831.81,0.0,0.0,0
15m,1752557400.0,2.8775,2.8779,2.8634,2.874,525274.27,0.0,0.0,0
15m,1752558300.0,2.874,2.8764,2.8627,2.8749,397252.53,0.0,0.0,0
15m,1752559200.0,2.8749,2.8849,2.8624,2.8697,770020.5,0.0,0.0,0
15m,1752560100.0,2.8697,2.8769,2.8639,2.8698,361551.36,0.0,0.0,0
15m,1752561000.0,2.8698,2.874,2.8555,2.8584,374356.86,0.0,0.0,0
15m,1752561900.0,2.8584,2.8626,2.8495,2.8588,639686.3,0.0,0.0,0
15m,1752562800.0,2.8588,2.8729,2.8538,2.854,514541.51,0.0,0.0,0
15m,1752563700.0,2.854,2.8639,2.8506,2.8615,466704.75,0.0,0.0,0
15m,1752564600.0,2.8615,2.8708,2.8549,2.8625,599102.27,0.0,0.0,0
15m,1752565500.0,2.8625,2.8652,2.8486,2.852,433344.96,0.0,0.0,0
15m,1752566400.0,2.852,2.8534,2.8394,2.8415,520140.14,0.0,0.0,0
15m,1752567300.0,2.8415,2.8498,2.823,2.849,929896.68,0.0,0.0,0
15m,1752568200.0,2.849,2.8603,2.8484,2.8547,551534.29,0.0,0.0,0
15m,1752569100.0,2.8547,2.8581,2.8476,2.8502,215314.21,0.0,0.0,0
15m,1752570000.0,2.8502,2.8805,2.8485,2.8798,653913.79,0.0,0.0,0
15m,1752570900.0,2.8798,2.8884,2.871,2.8837,757168.18,0.0,0.0,0
15m,1752571800.0,2.8837,2.896,2.8812,2.8896,743160.13,0.0,0.0,0
15m,1752572700.0,2.8896,2.8935,2.8772,2.8805,496603.44,0.0,0.0,0
15m,1752573600.0,2.8805,2.898,2.8781,2.8884,1037503.59,0.0,0.0,0
15m,1752574500.0,2.8884,2.9224,2.8876,2.913,1703527.0,0.0,0.0,0
15m,1752575400.0,2.913,2.9145,2.8998,2.9066,604116.14,0.0,0.0,0
15m,1752576300.0,2.9066,2.9174,2.9021,2.9143,441333.7,0.0,0.0,0
15m,1752577200.0,2.9143,2.9283,2.9117,2.9135,899929.61,0.0,0.0,0
15m,1752578100.0,2.9135,2.9135,2.8873,2.8961,716008.89,0.0,0.0,0
15m,1752579000.0,2.8961,2.9024,2.8926,2.9019,684966.47,0.0,0.0,0
15m,1752579900.0,2.9019,2.9059,2.8965,2.9048,482411.45,0.0,0.0,0
15m,1752580800.0,2.9048,2.9064,2.8919,2.8941,424479.62,0.0,0.0,0
15m,1752581700.0,2.8941,2.8993,2.8718,2.8867,1020362.56,0.0,0.0,0
15m,1752582600.0,2.8867,2.9326,2.8512,2.8646,3653087.77,0.0,0.0,0
15m,1752583500.0,2.8646,2.9018,2.8637,2.8958,926222.86,0.0,0.0,0
15m,1752584400.0,2.8958,2.9268,2.8927,2.918,1068187.14,0.0,0.0,0
15m,1752585300.0,2.918,2.9195,2.9018,2.9115,875250.53,0.0,0.0,0
15m,1752586200.0,2.9115,2.9221,2.8982,2.9145,884175.07,0.0,0.0,0
15m,1752587100.0,2.9145,2.9329,2.9115,2.9217,930736.58,0.0,0.0,0
15m,1752588000.0,2.9217,2.9305,2.9115,2.9295,681226.54,0.0,0.0,0
15m,1752588900.0,2.9295,2.9305,2.9031,2.9063,656920.0,0.0,0.0,0
15m,1752589800.0,2.9063,2.9103,2.8668,2.8764,1130377.32,0.0,0.0,0
15m,1752590700.0,2.8764,2.8817,2.8414,2.855,1536983.78,0.0,0.0,0
15m,1752591600.0,2.855,2.876,2.8429,2.872,1282096.83,0.0,0.0,0
15m,1752592500.0,2.872,2.8834,2.8631,2.873,595377.45,0.0,0.0,0
15m,1752593400.0,2.873,2.8903,2.8676,2.8821,470501.81,0.0,0.0,0
15m,1752594300.0,2.8821,2.9029,2.8821,2.8903,770908.9,0.0,0.0,0
15m,1752595200.0,2.8903,2.9084,2.8836,2.8997,806288.47,0.0,0.0,0
15m,1752596100.0,2.8997,2.9081,2.8927,2.9006,846707.48,0.0,0.0,0
15m,1752597000.0,2.9006,2.9197,2.8954,2.9188,1092758.98,0.0,0.0,0
15m,1752597900.0,2.9188,2.9192,2.8988,2.9056,795711.79,0.0,0.0,0
15m,1752598800.0,2.9056,2.9196,2.905,2.9184,831874.39,0.0,0.0,0
15m,1752599700.0,2.9184,2.9327,2.9137,2.9299,1230303.71,0.0,0.0,0
15m,1752600600.0,2.9299,2.9319,2.921,2.9292,925139.67,0.0,0.0,0
15m,1752601500.0,2.9292,2.939,2.9275,2.939,724673.1,0.0,0.0,0
15m,1752602400.0,2.939,2.9405,2.9267,2.9324,590759.53,0.0,0.0,0
15m,1752603300.0,2.9324,2.9458,2.917,2.9189,907025.62,0.0,0.0,0
15m,1752604200.0,2.9189,2.9196,2.8817,2.8962,1273641.44,0.0,0.0,0
15m,1752605100.0,2.8962,2.911,2.8939,2.9031,443625.65,0.0,0.0,0
15m,1752606000.0,2.9031,2.9227,2.8992,2.9154,520553.29,0.0,0.0,0
15m,1752606900.0,2.9154,2.9208,2.902,2.902,300112.06,0.0,0.0,0
15m,1752607800.0,2.902,2.9046,2.873,2.8739,1126837.79,0.0,0.0,0
15m,1752608700.0,2.8739,2.8757,2.8578,2.8632,1360271.51,0.0,0.0,0
15m,1752609600.0,2.8632,2.8775,2.8543,2.8754,881384.23,0.0,0.0,0
15m,1752610500.0,2.8754,2.8801,2.8595,2.8793,708106.58,0.0,0.0,0
15m,1752611400.0,2.8793,2.8836,2.8696,2.878,209109.93,0.0,0.0,0
15m,1752612300.0,2.878,2.8821,2.8656,2.8658,180746.1,0.0,0.0,0
15m,1752613200.0,2.8658,2.8896,2.8587,2.8877,383589.27,0.0,0.0,0
15m,1752614100.0,2.8877,2.8955,2.8841,2.8938,197270.11,0.0,0.0,0
15m,1752615000.0,2.8938,2.9112,2.8889,2.9085,379579.93,0.0,0.0,0
15m,1752615900.0,2.9085,2.9116,2.8964,2.9006,147096.89,0.0,0.0,0
15m,1752616800.0,2.9006,2.9044,2.8827,2.8968,332991.79,0.0,0.0,0
15m,1752617700.0,2.8968,2.9014,2.8955,2.8982,122420.96,0.0,0.0,0
15m,1752618600.0,2.8982,2.9069,2.8909,2.9049,502511.81,0.0,0.0,0
15m,1752619500.0,2.9049,2.9111,2.9042,2.9094,173379.24,0.0,0.0,0
15m,1752620400.0,2.9094,2.9292,2.9089,2.9195,873129.61,0.0,0.0,0
15m,1752621300.0,2.9195,2.9239,2.9149,2.916,232095.35,0.0,0.0,0
15m,1752622200.0,2.916,2.9234,2.911,2.9225,266541.41,0.0,0.0,0
15m,1752623100.0,2.9225,2.9229,2.9155,2.9195,280678.85,0.0,0.0,0
15m,1752624000.0,2.9195,2.9205,2.9022,2.9035,454108.83,0.0,0.0,0
15m,1752624900.0,2.9035,2.9164,2.9028,2.9131,328536.25,0.0,0.0,0
15m,1752625800.0,2.9131,2.9327,2.9131,2.9283,936833.16,0.0,0.0,0
15m,1752626700.0,2.9283,2.9352,2.924,2.9317,785457.09,0.0,0.0,0
15m,1752627600.0,2.9317,2.9365,2.9252,2.9275,593588.77,0.0,0.0,0
15m,1752628500.0,2.9275,2.9344,2.9261,2.9276,353650.03,0.0,0.0,0
15m,1752629400.0,2.9276,2.9276,2.9189,2.9217,261321.95,0.0,0.0,0
15m,1752630300.0,2.9217,2.9231,2.9156,2.9201,254498.37,0.0,0.0,0
15m,1752631200.0,2.9201,2.9205,2.9041,2.9097,459228.05,0.0,0.0,0
15m,1752632100.0,2.9097,2.9101,2.8892,2.8954,741001.6,0.0,0.0,0
15m,1752633000.0,2.8954,2.8969,2.8776,2.8849,542661.39,0.0,0.0,0
15m,1752633900.0,2.8849,2.8997,2.8845,2.8977,238654.62,0.0,0.0,0
15m,1752634800.0,2.8977,2.9031,2.8913,2.8921,339223.67,0.0,0.0,0
15m,1752635700.0,2.8921,2.9013,2.8921,2.8986,316169.42,0.0,0.0,0
15m,1752636600.0,2.8986,2.907,2.898,2.9068,318287.99,0.0,0.0,0
15m,1752637500.0,2.9068,2.9069,2.9003,2.9045,269124.97,0.0,0.0,0
15m,1752638400.0,2.9045,2.9055,2.8916,2.892,424829.67,0.0,0.0,0
15m,1752639300.0,2.892,2.9043,2.892,2.904,178157.75,0.0,0.0,0
15m,1752640200.0,2.904,2.9159,2.9018,2.9114,322380.82,0.0,0.0,0
15m,1752641100.0,2.9114,2.9146,2.9058,2.9111,483139.78,0.0,0.0,0
15m,1752642000.0,2.9111,2.9243,2.9091,2.9225,633224.33,0.0,0.0,0
15m,1752642900.0,2.9225,2.928,2.918,2.922,636162.04,0.0,0.0,0
15m,1752643800.0,2.922,2.9296,2.918,2.9266,702033.2,0.0,0.0,0
15m,1752644700.0,2.9266,2.9275,2.9142,2.9177,392819.17,0.0,0.0,0
15m,1752645600.0,2.9177,2.9255,2.9124,2.9223,455847.88,0.0,0.0,0
15m,1752646500.0,2.9223,2.9306,2.9183,2.9224,719337.73,0.0,0.0,0
15m,1752647400.0,2.9224,2.9341,2.9202,2.9338,822234.62,0.0,0.0,0
15m,1752648300.0,2.9338,2.9364,2.9301,2.9351,650448.09,0.0,0.0,0
15m,1752649200.0,2.9351,2.9396,2.928,2.9295,1190334.33,0.0,0.0,0
15m,1752650100.0,2.9295,2.9353,2.9285,2.9313,437535.03,0.0,0.0,0
15m,1752651000.0,2.9313,2.935,2.9285,2.9306,1199932.99,0.0,0.0,0
15m,1752651900.0,2.9306,2.9349,2.929,2.9305,1583854.97,0.0,0.0,0
15m,1752652800.0,2.9305,2.9332,2.9238,2.9238,2582992.0,0.0,0.0,0
15m,1752653700.0,2.9238,2.9387,2.9222,2.9382,1403300.59,0.0,0.0,0
15m,1752654600.0,2.9382,2.9582,2.9381,2.9572,2555206.78,0.0,0.0,0
15m,1752655500.0,2.9572,2.9617,2.9488,2.9568,2234282.38,0.0,0.0,0
15m,1752656400.0,2.9568,2.9613,2.9515,2.96,589585.27,0.0,0.0,0
15m,1752657300.0,2.96,2.964,2.9535,2.9593,871918.4,0.0,0.0,0
15m,1752658200.0,2.9593,2.9633,2.9451,2.9497,1026357.0,0.0,0.0,0
15m,1752659100.0,2.9497,2.9592,2.9473,2.9521,468209.14,0.0,0.0,0
15m,1752660000.0,2.9521,2.9617,2.9491,2.958,433790.14,0.0,0.0,0
15m,1752660900.0,2.958,2.9624,2.953,2.9533,348055.78,0.0,0.0,0
15m,1752661800.0,2.9533,2.9542,2.9426,2.944,506984.12,0.0,0.0,0
15m,1752662700.0,2.944,2.9514,2.9435,2.9447,618148.61,0.0,0.0,0
15m,1752663600.0,2.9447,2.9561,2.9445,2.954,516699.27,0.0,0.0,0
15m,1752664500.0,2.954,2.954,2.9444,2.9516,273730.02,0.0,0.0,0
15m,1752665400.0,2.9516,2.9516,2.9448,2.9485,431597.87,0.0,0.0,0
15m,1752666300.0,2.9485,2.954,2.945,2.9521,768548.41,0.0,0.0,0
15m,1752667200.0,2.9521,2.9569,2.9464,2.9492,515583.09,0.0,0.0,0
15m,1752668100.0,2.9492,2.9568,2.9484,2.9566,235285.63,0.0,0.0,0
15m,1752669000.0,2.9566,2.9732,2.9505,2.9573,1124715.67,0.0,0.0,0
15m,1752669900.0,2.9573,2.9739,2.954,2.9649,643295.76,0.0,0.0,0
15m,1752670800.0,2.9649,2.9709,2.9571,2.9677,868471.15,0.0,0.0,0
15m,1752671700.0,2.9677,2.995,2.9677,2.989,1976850.66,0.0,0.0,0
15m,1752672600.0,2.989,2.9937,2.9788,2.9874,1431380.81,0.0,0.0,0
15m,1752673500.0,2.9874,2.9901,2.9714,2.979,1006592.06,0.0,0.0,0
15m,1752674400.0,2.979,2.9847,2.9608,2.9615,831497.38,0.0,0.0,0
15m,1752675300.0,2.9615,2.9666,2.9546,2.9662,598619.13,0.0,0.0,0
15m,1752676200.0,2.9662,2.9796,2.9569,2.9758,1305154.1,0.0,0.0,0
15m,1752677100.0,2.9758,3.0001,2.9736,2.9913,2328789.58,0.0,0.0,0
15m,1752678000.0,2.9913,3.0079,2.977,2.9821,2345161.68,0.0,0.0,0
15m,1752678900.0,2.9821,2.9864,2.9663,2.9841,1610778.84,0.0,0.0,0
15m,1752679800.0,2.9841,2.9846,2.9542,2.9715,1142860.46,0.0,0.0,0
15m,1752680700.0,2.9715,2.9795,2.9666,2.9767,654496.63,0.0,0.0,0
15m,1752681600.0,2.9767,2.9877,2.9682,2.9804,683951.35,0.0,0.0,0
15m,1752682500.0,2.9804,2.9988,2.9778,2.9968,1635642.39,0.0,0.0,0
15m,1752683400.0,2.9968,3.0051,2.9851,2.986,1188693.84,0.0,0.0,0
15m,1752684300.0,2.986,2.9927,2.9817,2.992,514073.07,0.0,0.0,0
15m,1752685200.0,2.992,3.0011,2.9881,3.0005,724456.62,0.0,0.0,0
15m,1752686100.0,3.0005,3.0483,2.9938,3.0274,4245013.68,0.0,0.0,0
15m,1752687000.0,3.0274,3.0309,3.0153,3.0268,1074635.12,0.0,0.0,0
15m,1752687900.0,3.0268,3.0411,3.0191,3.0239,1404650.27,0.0,0.0,0
15m,1752688800.0,3.0239,3.0344,3.0131,3.029,939619.17,0.0,0.0,0
15m,1752689700.0,3.029,3.0484,3.0228,3.0432,683386.95,0.0,0.0,0
15m,1752690600.0,3.0432,3.0781,3.0432,3.0671,1879435.41,0.0,0.0,0
15m,1752691500.0,3.0671,3.0711,3.0356,3.0527,1342103.98,0.0,0.0,0
15m,1752692400.0,3.0527,3.0634,3.0364,3.0426,836313.53,0.0,0.0,0
15m,1752693300.0,3.0426,3.0624,3.0419,3.059,516815.9,0.0,0.0,0
15m,1752694200.0,3.059,3.059,3.0338,3.0459,481993.7,0.0,0.0,0
15m,1752695100.0,3.0459,3.0627,3.0359,3.0591,797030.22,0.0,0.0,0
15m,1752696000.0,3.0591,3.0667,3.0505,3.0626,768581.62,0.0,0.0,0
15m,1752696900.0,3.0626,3.0972,3.0613,3.0968,1144938.31,0.0,0.0,0
15m,1752697800.0,3.0968,3.1007,3.0731,3.0774,1466318.71,0.0,0.0,0
15m,1752698700.0,3.0774,3.0788,3.0431,3.0627,1283912.51,0.0,0.0,0
15m,1752699600.0,3.0627,3.0799,3.0532,3.073,941114.17,0.0,0.0,0
15m,1752700500.0,3.073,3.0936,3.0671,3.0837,874842.77,0.0,0.0,0
15m,1752701400.0,3.0837,3.0854,3.054,3.0618,400851.04,0.0,0.0,0
15m,1752702300.0,3.0618,3.0772,3.0613,3.0653,287882.48,0.0,0.0,0
15m,1752703200.0,3.0653,3.0874,3.0653,3.0847,688286.07,0.0,0.0,0
15m,1752704100.0,3.0847,3.0894,3.0653,3.0658,538927.84,0.0,0.0,0
15m,1752705000.0,3.0658,3.0708,3.0544,3.0698,989775.69,0.0,0.0,0
15m,1752705900.0,3.0698,3.0748,3.044,3.0525,688456.81,0.0,0.0,0
15m,1752706800.0,3.0525,3.0562,3.0356,3.046,625447.51,0.0,0.0,0
15m,1752707700.0,3.046,3.0466,3.0226,3.0371,659093.48,0.0,0.0,0
15m,1752708600.0,3.0371,3.0433,3.0257,3.0406,415839.96,0.0,0.0,0
15m,1752709500.0,3.0406,3.0461,3.0337,3.038,386224.57,0.0,0.0,0
15m,1752710400.0,3.038,3.046,3.0328,3.0399,768104.82,0.0,0.0,0
15m,1752711300.0,3.0399,3.0687,3.0398,3.0559,826497.12,0.0,0.0,0
15m,1752712200.0,3.0559,3.0789,3.052,3.077,1009407.23,0.0,0.0,0
15m,1752713100.0,3.077,3.0771,3.0531,3.0545,508622.68,0.0,0.0,0
15m,1752714000.0,3.0545,3.0702,3.0519,3.0642,690147.19,0.0,0.0,0
15m,1752714900.0,3.0642,3.065,3.0387,3.0509,717195.39,0.0,0.0,0
15m,1752715800.0,3.0509,3.0515,3.0262,3.0344,1134741.31,0.0,0.0,0
15m,1752716700.0,3.0344,3.0349,2.9875,3.0212,2550583.21,0.0,0.0,0
15m,1752717600.0,3.0212,3.0342,3.012,3.0321,722659.56,0.0,0.0,0
15m,1752718500.0,3.0321,3.0422,3.0307,3.0358,542695.91,0.0,0.0,0
15m,1752719400.0,3.0358,3.043,3.0343,3.0398,263398.27,0.0,0.0,0
15m,1752720300.0,3.0398,3.0533,3.0254,3.0497,788606.09,0.0,0.0,0
15m,1752721200.0,3.0497,3.0526,3.0278,3.0289,827817.65,0.0,0.0,0
15m,1752722100.0,3.0289,3.0387,3.006,3.0108,1039192.69,0.0,0.0,0
15m,1752723000.0,3.0108,3.0211,2.9968,3.0115,1312538.3,0.0,0.0,0
15m,1752723900.0,3.0115,3.0274,3.0099,3.0253,453820.28,0.0,0.0,0
15m,1752724800.0,3.0253,3.0394,3.0147,3.0377,666758.98,0.0,0.0,0
15m,1752725700.0,3.0377,3.0548,3.0359,3.0541,1380271.39,0.0,0.0,0
15m,1752726600.0,3.0541,3.059,3.0493,3.05,1288984.26,0.0,0.0,0
15m,1752727500.0,3.05,3.0752,3.05,3.074,2338331.73,0.0,0.0,0
15m,1752728400.0,3.074,3.0782,3.0643,3.0723,1335608.23,0.0,0.0,0
15m,1752729300.0,3.0723,3.1163,3.0723,3.1162,2628237.52,0.0,0.0,0
15m,1752730200.0,3.1162,3.1491,3.1071,3.1355,4733947.86,0.0,0.0,0
15m,1752731100.0,3.1355,3.1471,3.1245,3.1427,1598470.88,0.0,0.0,0
15m,1752732000.0,3.1427,3.1729,3.1397,3.163,2799349.44,0.0,0.0,0
15m,1752732900.0,3.163,3.1636,3.1457,3.1503,2003846.59,0.0,0.0,0
15m,1752733800.0,3.1503,3.1662,3.1407,3.1576,2123625.78,0.0,0.0,0
15m,1752734700.0,3.1576,3.1674,3.1504,3.1542,1199237.02,0.0,0.0,0
15m,1752735600.0,3.1542,3.1562,3.1266,3.1361,1464675.28,0.0,0.0,0
15m,1752736500.0,3.1361,3.15,3.1337,3.1409,829119.32,0.0,0.0,0
15m,1752737400.0,3.1409,3.1619,3.1401,3.1612,741354.61,0.0,0.0,0
15m,1752738300.0,3.1612,3.1623,3.1505,3.1551,539352.83,0.0,0.0,0
15m,1752739200.0,3.1551,3.1597,3.1396,3.1553,871174.32,0.0,0.0,0
15m,1752740100.0,3.1553,3.1928,3.1523,3.1924,2929634.91,0.0,0.0,0
15m,1752741000.0,3.1924,3.1995,3.1842,3.1945,1668127.01,0.0,0.0,0
15m,1752741900.0,3.1945,3.2388,3.185,3.2357,2311787.25,0.0,0.0,0
15m,1752742800.0,3.2357,3.2654,3.2186,3.248,4356955.47,0.0,0.0,0
15m,1752743700.0,3.248,3.2797,3.2453,3.2644,2721016.43,0.0,0.0,0
15m,1752744600.0,3.2644,3.2731,3.2512,3.2721,2094501.53,0.0,0.0,0
15m,1752745500.0,3.2721,3.2778,3.2573,3.2631,1412447.22,0.0,0.0,0
15m,1752746400.0,3.2631,3.2768,3.2222,3.2469,3346335.17,0.0,0.0,0
15m,1752747300.0,3.2469,3.2559,3.234,3.2431,888326.88,0.0,0.0,0
15m,1752748200.0,3.2431,3.261,3.2371,3.2409,1695142.14,0.0,0.0,0
15m,1752749100.0,3.2409,3.2736,3.2396,3.2736,1173533.74,0.0,0.0,0
15m,1752750000.0,3.2736,3.2939,3.256,3.2913,2081110.78,0.0,0.0,0
15m,1752750900.0,3.2913,3.2989,3.2659,3.2756,1646287.1,0.0,0.0,0
15m,1752751800.0,3.2756,3.276,3.2483,3.2591,1443155.7,0.0,0.0,0
15m,1752752700.0,3.2591,3.2836,3.2539,3.2628,888307.41,0.0,0.0,0
15m,1752753600.0,3.2628,3.2711,3.2334,3.2509,1358564.09,0.0,0.0,0
15m,1752754500.0,3.2509,3.2677,3.2383,3.2389,987799.56,0.0,0.0,0
15m,1752755400.0,3.2389,3.265,3.2385,3.2609,1409660.1,0.0,0.0,0
15m,1752756300.0,3.2609,3.2746,3.2551,3.2587,958209.02,0.0,0.0,0
15m,1752757200.0,3.2587,3.2713,3.2381,3.2414,1022234.78,0.0,0.0,0
15m,1752758100.0,3.2414,3.2414,3.2033,3.219,1745069.83,0.0,0.0,0
15m,1752759000.0,3.219,3.2274,3.1826,3.1938,2388466.9,0.0,0.0,0
15m,1752759900.0,3.1938,3.2405,3.168,3.2274,2854566.02,0.0,0.0,0
15m,1752760800.0,3.2274,3.2456,3.2265,3.2427,1431434.51,0.0,0.0,0
15m,1752761700.0,3.2427,3.2453,3.2303,3.2434,1086810.29,0.0,0.0,0
15m,1752762600.0,3.2434,3.2557,3.2412,3.2448,1067235.5,0.0,0.0,0
15m,1752763500.0,3.2448,3.2562,3.2326,3.2335,645436.7,0.0,0.0,0
15m,1752764400.0,3.2335,3.2421,3.195,3.2013,1869468.2,0.0,0.0,0
15m,1752765300.0,3.2013,3.2373,3.1969,3.2284,1234699.77,0.0,0.0,0
15m,1752766200.0,3.2284,3.253,3.2259,3.2509,880752.01,0.0,0.0,0
15m,1752767100.0,3.2509,3.2628,3.2431,3.2538,929099.94,0.0,0.0,0
15m,1752768000.0,3.2538,3.2646,3.2456,3.253,1472196.68,0.0,0.0,0
15m,1752768900.0,3.253,3.272,3.2384,3.2546,1292621.02,0.0,0.0,0
15m,1752769800.0,3.2546,3.259,3.222,3.2541,1439347.45,0.0,0.0,0
15m,1752770700.0,3.2541,3.266,3.2431,3.2653,687197.64,0.0,0.0,0
15m,1752771600.0,3.2653,3.2812,3.2551,3.2672,843514.19,0.0,0.0,0
15m,1752772500.0,3.2672,3.304,3.2594,3.289,1692171.03,0.0,0.0,0
15m,1752773400.0,3.289,3.2935,3.2635,3.2664,1001662.35,0.0,0.0,0
15m,1752774300.0,3.2664,3.3201,3.2638,3.3152,2700295.95,0.0,0.0,0
15m,1752775200.0,3.3152,3.3369,3.3023,3.3312,2077701.12,0.0,0.0,0
15m,1752776100.0,3.3312,3.3345,3.3038,3.3102,1147652.6,0.0,0.0,0
15m,1752777000.0,3.3102,3.348,3.307,3.3349,1471892.2,0.0,0.0,0
15m,1752777900.0,3.3349,3.3607,3.3349,3.3532,1757476.58,0.0,0.0,0
15m,1752778800.0,3.3532,3.3678,3.3448,3.3586,998958.53,0.0,0.0,0
15m,1752779700.0,3.3586,3.3806,3.3549,3.3805,1289617.09,0.0,0.0,0
15m,1752780600.0,3.3805,3.399,3.3458,3.3632,4037145.49,0.0,0.0,0
15m,1752781500.0,3.3632,3.3635,3.3027,3.3063,3569554.16,0.0,0.0,0
15m,1752782400.0,3.3063,3.345,3.2852,3.3343,2888454.21,0.0,0.0,0
15m,1752783300.0,3.3343,3.3612,3.3107,3.346,1739531.48,0.0,0.0,0
15m,1752784200.0,3.346,3.3683,3.3444,3.3529,1085349.27,0.0,0.0,0
15m,1752785100.0,3.3529,3.3761,3.3491,3.3602,866367.98,0.0,0.0,0
15m,1752786000.0,3.3602,3.4609,3.3539,3.4454,5385383.79,0.0,0.0,0
15m,1752786900.0,3.4454,3.4877,3.4354,3.4734,2526444.29,0.0,0.0,0
15m,1752787800.0,3.4734,3.4737,3.3988,3.4669,2465608.57,0.0,0.0,0
15m,1752788700.0,3.4669,3.55,3.4442,3.5125,4414701.61,0.0,0.0,0
15m,1752789600.0,3.5125,3.5295,3.4636,3.4933,2723236.77,0.0,0.0,0
15m,1752790500.0,3.4933,3.502,3.4535,3.4698,1401970.22,0.0,0.0,0
15m,1752791400.0,3.4698,3.4965,3.4627,3.4887,919579.96,0.0,0.0,0
15m,1752792300.0,3.4887,3.4954,3.443,3.4733,1385316.08,0.0,0.0,0
15m,1752793200.0,3.4733,3.5344,3.4703,3.5113,1940936.98,0.0,0.0,0
15m,1752794100.0,3.5113,3.5391,3.5107,3.531,1421148.13,0.0,0.0,0
15m,1752795000.0,3.531,3.5346,3.5089,3.5257,2044530.78,0.0,0.0,0
15m,1752795900.0,3.5257,3.5551,3.4763,3.4824,3980320.98,0.0,0.0,0
15m,1752796800.0,3.4824,3.5308,3.4634,3.4869,3336113.09,0.0,0.0,0
15m,1752797700.0,3.4869,3.5775,3.4859,3.5547,4789818.18,0.0,0.0,0
15m,1752798600.0,3.5547,3.614,3.5509,3.6125,3149983.58,0.0,0.0,0
15m,1752799500.0,3.6125,3.6551,3.6018,3.6535,3643604.66,0.0,0.0,0
15m,1752800400.0,3.6535,3.6543,3.623,3.6345,2220686.29,0.0,0.0,0
15m,1752801300.0,3.6345,3.6619,3.5841,3.6027,3190990.91,0.0,0.0,0
15m,1752802200.0,3.6027,3.6286,3.5929,3.603,1637590.83,0.0,0.0,0
15m,1752803100.0,3.603,3.6184,3.5754,3.5956,1222410.0,0.0,0.0,0
15m,1752804000.0,3.5956,3.5969,3.5425,3.5887,1554893.56,0.0,0.0,0
15m,1752804900.0,3.5887,3.604,3.5691,3.5957,1394940.93,0.0,0.0,0
15m,1752805800.0,3.5957,3.599,3.5688,3.5905,1347336.28,0.0,0.0,0
15m,1752806700.0,3.5905,3.5979,3.574,3.5936,1442044.37,0.0,0.0,0
15m,1752807600.0,3.5936,3.6246,3.5896,3.6181,1235885.89,0.0,0.0,0
15m,1752808500.0,3.6181,3.6356,3.6118,3.632,906000.29,0.0,0.0,0
15m,1752809400.0,3.632,3.653,3.625,3.6338,1856795.99,0.0,0.0,0
15m,1752810300.0,3.6338,3.6352,3.6032,3.6061,1171772.15,0.0,0.0,0
15m,1752811200.0,3.6061,3.6115,3.5796,3.5911,980301.07,0.0,0.0,0
15m,1752812100.0,3.5911,3.5956,3.5759,3.5913,1106848.8,0.0,0.0,0
15m,1752813000.0,3.5913,3.6066,3.5889,3.6033,669856.29,0.0,0.0,0
15m,1752813900.0,3.6033,3.6103,3.591,3.5911,842004.81,0.0,0.0,0
15m,1752814800.0,3.5911,3.6346,3.585,3.6285,1945146.27,0.0,0.0,0
15m,1752815700.0,3.6285,3.6384,3.6131,3.6212,1268420.18,0.0,0.0,0
15m,1752816600.0,3.6212,3.6308,3.6134,3.6181,1214861.18,0.0,0.0,0
15m,1752817500.0,3.6181,3.6348,3.6137,3.6188,1031623.91,0.0,0.0,0
15m,1752818400.0,3.6188,3.62,3.5494,3.5771,2239992.83,0.0,0.0,0
15m,1752819300.0,3.5771,3.5779,3.5345,3.5446,1322623.77,0.0,0.0,0
15m,1752820200.0,3.5446,3.5672,3.5433,3.564,1212215.86,0.0,0.0,0
15m,1752821100.0,3.564,3.5736,3.5596,3.5654,1421084.72,0.0,0.0,0
15m,1752822000.0,3.5654,3.5703,3.5313,3.5324,1534912.26,0.0,0.0,0
15m,1752822900.0,3.5324,3.5413,3.5084,3.5302,2122798.74,0.0,0.0,0
15m,1752823800.0,3.5302,3.5373,3.4871,3.5185,3216009.64,0.0,0.0,0
15m,1752824700.0,3.5185,3.5185,3.4462,3.455,4796875.37,0.0,0.0,0
15m,1752825600.0,3.455,3.5122,3.4542,3.4855,5300743.49,0.0,0.0,0
15m,1752826500.0,3.4855,3.5112,3.4823,3.4932,1852992.73,0.0,0.0,0
15m,1752827400.0,3.4932,3.4937,3.4217,3.4368,3948997.04,0.0,0.0,0
15m,1752828300.0,3.4368,3.4644,3.428,3.4443,2071679.39,0.0,0.0,0
15m,1752829200.0,3.4443,3.448,3.402,3.4349,7562445.31,0.0,0.0,0
15m,1752830100.0,3.4349,3.4414,3.4083,3.4294,2660297.64,0.0,0.0,0
15m,1752831000.0,3.4294,3.4579,3.4275,3.4501,1932266.88,0.0,0.0,0
15m,1752831900.0,3.4501,3.4631,3.437,3.4506,1436988.08,0.0,0.0,0
15m,1752832800.0,3.4506,3.4546,3.4298,3.4356,1090573.16,0.0,0.0,0
15m,1752833700.0,3.4356,3.4414,3.4075,3.4381,1912014.24,0.0,0.0,0
15m,1752834600.0,3.4381,3.4558,3.4381,3.4507,1772390.56,0.0,0.0,0
15m,1752835500.0,3.4507,3.4853,3.4453,3.4714,1442555.86,0.0,0.0,0
15m,1752836400.0,3.4714,3.4795,3.4537,3.4576,1762652.18,0.0,0.0,0
15m,1752837300.0,3.4576,3.4623,3.4265,3.4496,1524106.51,0.0,0.0,0
15m,1752838200.0,3.4496,3.4935,3.4439,3.4924,1665774.13,0.0,0.0,0
15m,1752839100.0,3.4924,3.4985,3.4751,3.4898,1221354.9,0.0,0.0,0
15m,1752840000.0,3.4898,3.4899,3.4698,3.4761,4061841.25,0.0,0.0,0
15m,1752840900.0,3.4761,3.5072,3.4742,3.5022,3701683.14,0.0,0.0,0
15m,1752841800.0,3.5022,3.5226,3.494,3.5113,2343276.73,0.0,0.0,0
15m,1752842700.0,3.5113,3.5287,3.4949,3.4996,2968213.76,0.0,0.0,0
15m,1752843600.0,3.4996,3.5015,3.4736,3.4801,1630793.08,0.0,0.0,0
15m,1752844500.0,3.4801,3.491,3.4659,3.4883,1181146.91,0.0,0.0,0
15m,1752845400.0,3.4883,3.5441,3.4865,3.5123,3564560.22,0.0,0.0,0
15m,1752846300.0,3.5123,3.5225,3.4989,3.5074,1537657.62,0.0,0.0,0
15m,1752847200.0,3.5074,3.5232,3.486,3.4928,2101170.29,0.0,0.0,0
15m,1752848100.0,3.4928,3.4956,3.4155,3.44,3731583.91,0.0,0.0,0
15m,1752849000.0,3.44,3.449,3.4073,3.443,2040414.19,0.0,0.0,0
15m,1752849900.0,3.443,3.4705,3.4426,3.4538,1686202.94,0.0,0.0,0
15m,1752850800.0,3.4538,3.4591,3.4166,3.4168,1733296.59,0.0,0.0,0
15m,1752851700.0,3.4168,3.43,3.3446,3.377,5114155.57,0.0,0.0,0
15m,1752852600.0,3.377,3.3917,3.35,3.3679,4208388.75,0.0,0.0,0
15m,1752853500.0,3.3679,3.3941,3.3589,3.3737,1316701.72,0.0,0.0,0
15m,1752854400.0,3.3737,3.3976,3.3637,3.3896,910905.72,0.0,0.0,0
15m,1752855300.0,3.3896,3.4167,3.3756,3.4146,4107475.43,0.0,0.0,0
15m,1752856200.0,3.4146,3.4369,3.4122,3.4264,1258236.95,0.0,0.0,0
15m,1752857100.0,3.4264,3.438,3.415,3.4379,513418.04,0.0,0.0,0
15m,1752858000.0,3.4379,3.443,3.421,3.427,767670.68,0.0,0.0,0
15m,1752858900.0,3.427,3.4523,3.4263,3.4487,708372.19,0.0,0.0,0
15m,1752859800.0,3.4487,3.4642,3.4418,3.455,1203782.35,0.0,0.0,0
15m,1752860700.0,3.455,3.4596,3.4459,3.4485,665315.3,0.0,0.0,0
15m,1752861600.0,3.4485,3.4514,3.4232,3.4316,1162864.59,0.0,0.0,0
15m,1752862500.0,3.4316,3.4475,3.4232,3.4474,823686.97,0.0,0.0,0
15m,1752863400.0,3.4474,3.4625,3.447,3.4589,855201.96,0.0,0.0,0
15m,1752864300.0,3.4589,3.4643,3.4358,3.4395,502935.27,0.0,0.0,0
15m,1752865200.0,3.4395,3.444,3.4022,3.4192,764385.29,0.0,0.0,0
15m,1752866100.0,3.4192,3.4785,3.4192,3.4654,1013976.42,0.0,0.0,0
15m,1752867000.0,3.4654,3.4654,3.4354,3.4385,710408.44,0.0,0.0,0
15m,1752867900.0,3.4385,3.4523,3.4201,3.4341,885010.22,0.0,0.0,0
15m,1752868800.0,3.4341,3.4488,3.416,3.428,783830.16,0.0,0.0,0
15m,1752869700.0,3.428,3.4343,3.364,3.365,1617441.49,0.0,0.0,0
15m,1752870600.0,3.365,3.3963,3.356,3.3954,1398379.74,0.0,0.0,0
15m,1752871500.0,3.3954,3.4307,3.3933,3.412,741441.37,0.0,0.0,0
15m,1752872400.0,3.412,3.4295,3.4091,3.4248,477894.95,0.0,0.0,0
15m,1752873300.0,3.4248,3.4479,3.415,3.4415,439536.14,0.0,0.0,0
15m,1752874200.0,3.4415,3.4498,3.4401,3.4439,325911.08,0.0,0.0,0
15m,1752875100.0,3.4439,3.4514,3.4028,3.4134,717543.89,0.0,0.0,0
15m,1752876000.0,3.4134,3.4181,3.3953,3.4098,621026.46,0.0,0.0,0
15m,1752876900.0,3.4098,3.4312,3.4045,3.4238,824428.45,0.0,0.0,0
15m,1752877800.0,3.4238,3.4304,3.4047,3.405,335802.45,0.0,0.0,0
15m,1752878700.0,3.405,3.4123,3.3778,3.3917,1050460.89,0.0,0.0,0
15m,1752879600.0,3.3917,3.3959,3.3623,3.3791,765637.9,0.0,0.0,0
15m,1752880500.0,3.3791,3.4039,3.3738,3.4009,371556.66,0.0,0.0,0
15m,1752881400.0,3.4009,3.4139,3.4001,3.406,307072.7,0.0,0.0,0
15m,1752882300.0,3.406,3.4206,3.4041,3.4135,443362.42,0.0,0.0,0
15m,1752883200.0,3.4135,3.4552,3.4113,3.4504,921087.87,0.0,0.0,0
15m,1752884100.0,3.4504,3.4562,3.4392,3.4523,507180.32,0.0,0.0,0
15m,1752885000.0,3.4523,3.4657,3.4442,3.4517,912311.43,0.0,0.0,0
15m,1752885900.0,3.4517,3.4579,3.4298,3.4309,598592.81,0.0,0.0,0
15m,1752886800.0,3.4309,3.4426,3.397,3.4405,940674.41,0.0,0.0,0
15m,1752887700.0,3.4405,3.4622,3.4315,3.4534,637289.12,0.0,0.0,0
15m,1752888600.0,3.4534,3.4554,3.4423,3.4498,347575.7,0.0,0.0,0
15m,1752889500.0,3.4498,3.4509,3.4383,3.4418,299172.88,0.0,0.0,0
15m,1752890400.0,3.4418,3.4474,3.4164,3.4359,481298.1,0.0,0.0,0
15m,1752891300.0,3.4359,3.4487,3.4195,3.4321,474946.72,0.0,0.0,0
15m,1752892200.0,3.4321,3.4534,3.4315,3.4502,197470.61,0.0,0.0,0
15m,1752893100.0,3.4502,3.4617,3.4479,3.4488,199683.21,0.0,0.0,0
15m,1752894000.0,3.4488,3.4538,3.4401,3.4443,218838.43,0.0,0.0,0
15m,1752894900.0,3.4443,3.4506,3.4366,3.4452,234045.86,0.0,0.0,0
15m,1752895800.0,3.4452,3.4782,3.4452,3.471,585970.45,0.0,0.0,0
15m,1752896700.0,3.471,3.471,3.4451,3.4491,687336.96,0.0,0.0,0
15m,1752897600.0,3.4491,3.4679,3.4411,3.4667,861172.06,0.0,0.0,0
15m,1752898500.0,3.4667,3.469,3.4585,3.4657,355714.19,0.0,0.0,0
15m,1752899400.0,3.4657,3.4846,3.4635,3.4772,466168.68,0.0,0.0,0
15m,1752900300.0,3.4772,3.4796,3.459,3.4611,346894.82,0.0,0.0,0
15m,1752901200.0,3.4611,3.4643,3.4378,3.4433,738696.21,0.0,0.0,0
15m,1752902100.0,3.4433,3.4502,3.434,3.4482,615908.09,0.0,0.0,0
15m,1752903000.0,3.4482,3.4605,3.4458,3.454,425675.36,0.0,0.0,0
15m,1752903900.0,3.454,3.4593,3.44,3.4578,404931.61,0.0,0.0,0
15m,1752904800.0,3.4578,3.4671,3.4577,3.4614,510729.95,0.0,0.0,0
15m,1752905700.0,3.4614,3.4672,3.4303,3.4315,985304.32,0.0,0.0,0
15m,1752906600.0,3.4315,3.4409,3.4164,3.4258,764469.17,0.0,0.0,0
15m,1752907500.0,3.4258,3.445,3.4258,3.4448,474996.41,0.0,0.0,0
15m,1752908400.0,3.4448,3.4529,3.4388,3.4405,384133.01,0.0,0.0,0
15m,1752909300.0,3.4405,3.4645,3.433,3.4623,624104.4,0.0,0.0,0
15m,1752910200.0,3.4623,3.4681,3.4541,3.4664,615035.93,0.0,0.0,0
15m,1752911100.0,3.4664,3.4733,3.4616,3.4647,693797.62,0.0,0.0,0
15m,1752912000.0,3.4647,3.4731,3.4458,3.4507,637247.02,0.0,0.0,0
15m,1752912900.0,3.4507,3.4589,3.4382,3.4464,501965.85,0.0,0.0,0
15m,1752913800.0,3.4464,3.4478,3.4307,3.4341,704780.63,0.0,0.0,0
15m,1752914700.0,3.4341,3.4416,3.4275,3.4375,813881.46,0.0,0.0,0
15m,1752915600.0,3.4375,3.4401,3.4276,3.4283,645914.75,0.0,0.0,0
15m,1752916500.0,3.4283,3.4366,3.4276,3.4347,321982.91,0.0,0.0,0
15m,1752917400.0,3.4347,3.4616,3.4305,3.4582,531453.92,0.0,0.0,0
15m,1752918300.0,3.4582,3.4644,3.4384,3.4541,404882.23,0.0,0.0,0
15m,1752919200.0,3.4541,3.456,3.4342,3.4356,414473.3,0.0,0.0,0
15m,1752920100.0,3.4356,3.4376,3.4208,3.4301,732683.95,0.0,0.0,0
15m,1752921000.0,3.4301,3.447,3.4267,3.4408,405043.47,0.0,0.0,0
15m,1752921900.0,3.4408,3.4431,3.421,3.4287,407891.72,0.0,0.0,0
15m,1752922800.0,3.4287,3.4306,3.4028,3.4037,492908.62,0.0,0.0,0
15m,1752923700.0,3.4037,3.4209,3.3976,3.4195,948601.69,0.0,0.0,0
15m,1752924600.0,3.4195,3.4212,3.4023,3.407,275772.46,0.0,0.0,0
15m,1752925500.0,3.407,3.411,3.3887,3.3929,539924.6,0.0,0.0,0
15m,1752926400.0,3.3929,3.4066,3.3815,3.3827,814585.62,0.0,0.0,0
15m,1752927300.0,3.3827,3.4048,3.3813,3.3981,443104.21,0.0,0.0,0
15m,1752928200.0,3.3981,3.4104,3.395,3.4061,550334.61,0.0,0.0,0
15m,1752929100.0,3.4061,3.419,3.4029,3.4164,384508.22,0.0,0.0,0
15m,1752930000.0,3.4164,3.4171,3.3957,3.4057,520091.27,0.0,0.0,0
15m,1752930900.0,3.4057,3.4309,3.4023,3.4229,536292.23,0.0,0.0,0
15m,1752931800.0,3.4229,3.4257,3.417,3.4188,230141.82,0.0,0.0,0
15m,1752932700.0,3.4188,3.4215,3.4027,3.4105,345134.92,0.0,0.0,0
15m,1752933600.0,3.4105,3.4143,3.3842,3.385,428341.75,0.0,0.0,0
15m,1752934500.0,3.385,3.4019,3.374,3.383,1064663.91,0.0,0.0,0
15m,1752935400.0,3.383,3.3911,3.3681,3.3741,830352.04,0.0,0.0,0
15m,1752936300.0,3.3741,3.3782,3.3551,3.361,859919.52,0.0,0.0,0
15m,1752937200.0,3.361,3.3928,3.3571,3.3871,812790.8,0.0,0.0,0
15m,1752938100.0,3.3871,3.4183,3.3871,3.4145,1258423.77,0.0,0.0,0
15m,1752939000.0,3.4145,3.4235,3.404,3.4234,1121094.48,0.0,0.0,0
15m,1752939900.0,3.4234,3.4234,3.4074,3.4101,950623.72,0.0,0.0,0
15m,1752940800.0,3.4101,3.4264,3.4046,3.4157,689027.13,0.0,0.0,0
15m,1752941700.0,3.4157,3.4376,3.4138,3.4328,1342889.09,0.0,0.0,0
15m,1752942600.0,3.4328,3.4388,3.4294,3.4379,402514.35,0.0,0.0,0
15m,1752943500.0,3.4379,3.4589,3.4316,3.4435,721349.66,0.0,0.0,0
15m,1752944400.0,3.4435,3.4513,3.434,3.4374,831527.37,0.0,0.0,0
15m,1752945300.0,3.4374,3.4422,3.4319,3.4422,380310.11,0.0,0.0,0
15m,1752946200.0,3.4422,3.4429,3.4298,3.431,602555.17,0.0,0.0,0
15m,1752947100.0,3.431,3.4367,3.4193,3.4248,418799.57,0.0,0.0,0
15m,1752948000.0,3.4248,3.4311,3.4108,3.4267,436154.51,0.0,0.0,0
15m,1752948900.0,3.4267,3.4284,3.4127,3.4205,245602.87,0.0,0.0,0
15m,1752949800.0,3.4205,3.438,3.418,3.4323,250200.04,0.0,0.0,0
15m,1752950700.0,3.4323,3.4361,3.4186,3.4204,161427.84,0.0,0.0,0
15m,1752951600.0,3.4204,3.4257,3.4108,3.4203,308291.5,0.0,0.0,0
15m,1752952500.0,3.4203,3.4297,3.4188,3.4276,246270.53,0.0,0.0,0
15m,1752953400.0,3.4276,3.4318,3.4195,3.4304,191475.41,0.0,0.0,0
15m,1752954300.0,3.4304,3.4319,3.4223,3.4317,154842.05,0.0,0.0,0
15m,1752955200.0,3.4317,3.438,3.425,3.4342,361138.52,0.0,0.0,0
15m,1752956100.0,3.4342,3.4342,3.4261,3.4282,172286.9,0.0,0.0,0
15m,1752957000.0,3.4282,3.4388,3.4275,3.4371,183699.92,0.0,0.0,0
15m,1752957900.0,3.4371,3.4448,3.4162,3.4162,248329.91,0.0,0.0,0
15m,1752958800.0,3.4162,3.4238,3.3923,3.3959,613140.06,0.0,0.0,0
15m,1752959700.0,3.3959,3.4009,3.3804,3.3976,539948.96,0.0,0.0,0
15m,1752960600.0,3.3976,3.3979,3.3843,3.391,567976.91,0.0,0.0,0
15m,1752961500.0,3.391,3.407,3.391,3.4038,216129.21,0.0,0.0,0
15m,1752962400.0,3.4038,3.411,3.3934,3.411,188402.07,0.0,0.0,0
15m,1752963300.0,3.411,3.4168,3.4091,3.415,237605.36,0.0,0.0,0
15m,1752964200.0,3.415,3.4266,3.4101,3.4266,226597.82,0.0,0.0,0
15m,1752965100.0,3.4266,3.4278,3.4217,3.4217,274637.12,0.0,0.0,0
15m,1752966000.0,3.4217,3.4253,3.4141,3.4237,188909.87,0.0,0.0,0
15m,1752966900.0,3.4237,3.4258,3.4151,3.4225,108502.78,0.0,0.0,0
15m,1752967800.0,3.4225,3.4335,3.4211,3.4309,259123.79,0.0,0.0,0
15m,1752968700.0,3.4309,3.4333,3.4235,3.4244,265572.16,0.0,0.0,0
15m,1752969600.0,3.4244,3.4261,3.4076,3.4145,323446.26,0.0,0.0,0
15m,1752970500.0,3.4145,3.4211,3.4099,3.4152,541886.05,0.0,0.0,0
15m,1752971400.0,3.4152,3.4292,3.4131,3.4173,778247.95,0.0,0.0,0
15m,1752972300.0,3.4173,3.4319,3.4161,3.4272,295432.34,0.0,0.0,0
15m,1752973200.0,3.4272,3.4437,3.4228,3.4393,537333.06,0.0,0.0,0
15m,1752974100.0,3.4393,3.4512,3.435,3.4352,641713.38,0.0,0.0,0
15m,1752975000.0,3.4352,3.4456,3.4326,3.4407,224066.83,0.0,0.0,0
15m,1752975900.0,3.4407,3.4429,3.4211,3.4228,235684.32,0.0,0.0,0
15m,1752976800.0,3.4228,3.4244,3.4049,3.4108,473441.44,0.0,0.0,0
15m,1752977700.0,3.4108,3.4124,3.3931,3.3931,803509.17,0.0,0.0,0
15m,1752978600.0,3.3931,3.4034,3.3862,3.3905,897390.24,0.0,0.0,0
15m,1752979500.0,3.3905,3.4074,3.3855,3.4059,262032.97,0.0,0.0,0
15m,1752980400.0,3.4059,3.4147,3.4034,3.4137,152751.39,0.0,0.0,0
15m,1752981300.0,3.4137,3.4179,3.4102,3.417,324950.97,0.0,0.0,0
15m,1752982200.0,3.417,3.4411,3.4154,3.4291,531767.64,0.0,0.0,0
15m,1752983100.0,3.4291,3.4393,3.4275,3.4346,782662.71,0.0,0.0,0
15m,1752984000.0,3.4346,3.4437,3.427,3.4318,850790.89,0.0,0.0,0
15m,1752984900.0,3.4318,3.4354,3.4229,3.4291,327915.3,0.0,0.0,0
15m,1752985800.0,3.4291,3.4364,3.4159,3.4177,245702.01,0.0,0.0,0
15m,1752986700.0,3.4177,3.4241,3.4124,3.4229,192777.17,0.0,0.0,0
15m,1752987600.0,3.4229,3.4246,3.4103,3.4148,291430.87,0.0,0.0,0
15m,1752988500.0,3.4148,3.4168,3.4068,3.4076,194384.38,0.0,0.0,0
15m,1752989400.0,3.4076,3.4117,3.4025,3.4112,227165.7,0.0,0.0,0
15m,1752990300.0,3.4112,3.4243,3.4108,3.419,359160.94,0.0,0.0,0
15m,1752991200.0,3.419,3.419,3.4056,3.4073,212153.01,0.0,0.0,0
15m,1752992100.0,3.4073,3.4099,3.4029,3.4089,325486.17,0.0,0.0,0
15m,1752993000.0,3.4089,3.4155,3.4075,3.4138,178557.83,0.0,0.0,0
15m,1752993900.0,3.4138,3.4223,3.4138,3.4169,168352.74,0.0,0.0,0
15m,1752994800.0,3.4169,3.4397,3.4165,3.432,994650.34,0.0,0.0,0
15m,1752995700.0,3.432,3.4534,3.4318,3.4527,814975.66,0.0,0.0,0
15m,1752996600.0,3.4527,3.4587,3.4451,3.4503,1605432.64,0.0,0.0,0
15m,1752997500.0,3.4503,3.4545,3.4328,3.4422,550027.42,0.0,0.0,0
15m,1752998400.0,3.4422,3.4535,3.442,3.4501,1053657.48,0.0,0.0,0
15m,1752999300.0,3.4501,3.4611,3.4495,3.4581,1038468.11,0.0,0.0,0
15m,1753000200.0,3.4581,3.4696,3.4496,3.4684,819474.59,0.0,0.0,0
15m,1753001100.0,3.4684,3.4999,3.4649,3.4986,1955771.8,0.0,0.0,0
15m,1753002000.0,3.4986,3.5351,3.4966,3.5117,2527912.89,0.0,0.0,0
15m,1753002900.0,3.5117,3.519,3.4754,3.482,2158582.34,0.0,0.0,0
15m,1753003800.0,3.482,3.5017,3.4801,3.4996,1069823.66,0.0,0.0,0
15m,1753004700.0,3.4996,3.5109,3.4863,3.4885,667269.88,0.0,0.0,0
15m,1753005600.0,3.4885,3.5141,3.4859,3.4973,700474.96,0.0,0.0,0
15m,1753006500.0,3.4973,3.5029,3.4889,3.5011,654647.15,0.0,0.0,0
15m,1753007400.0,3.5011,3.5155,3.4986,3.5111,345511.22,0.0,0.0,0
15m,1753008300.0,3.5111,3.5246,3.5059,3.5093,715123.08,0.0,0.0,0
15m,1753009200.0,3.5093,3.5115,3.4907,3.4924,596525.53,0.0,0.0,0
15m,1753010100.0,3.4924,3.5054,3.4848,3.4953,696416.35,0.0,0.0,0
15m,1753011000.0,3.4953,3.5074,3.4893,3.5009,633675.52,0.0,0.0,0
15m,1753011900.0,3.5009,3.5129,3.4925,3.4985,688906.89,0.0,0.0,0
15m,1753012800.0,3.4985,3.4989,3.4787,3.4893,604465.34,0.0,0.0,0
15m,1753013700.0,3.4893,3.5033,3.4836,3.4838,887040.52,0.0,0.0,0
15m,1753014600.0,3.4838,3.4942,3.4793,3.4853,430889.02,0.0,0.0,0
15m,1753015500.0,3.4853,3.496,3.4783,3.4901,406400.25,0.0,0.0,0
15m,1753016400.0,3.4901,3.5109,3.4866,3.5083,1193342.22,0.0,0.0,0
15m,1753017300.0,3.5083,3.515,3.4975,3.4976,1336476.68,0.0,0.0,0
15m,1753018200.0,3.4976,3.521,3.497,3.5197,674974.78,0.0,0.0,0
15m,1753019100.0,3.5197,3.5248,3.5091,3.523,1026365.3,0.0,0.0,0
15m,1753020000.0,3.523,3.525,3.4906,3.5041,1689308.11,0.0,0.0,0
15m,1753020900.0,3.5041,3.5279,3.4969,3.5136,2592407.3,0.0,0.0,0
15m,1753021800.0,3.5136,3.5462,3.5118,3.5372,1841072.19,0.0,0.0,0
15m,1753022700.0,3.5372,3.5438,3.5258,3.5383,1023523.64,0.0,0.0,0
15m,1753023600.0,3.5383,3.5401,3.5261,3.5291,455440.09,0.0,0.0,0
15m,1753024500.0,3.5291,3.5309,3.5105,3.5197,709239.99,0.0,0.0,0
15m,1753025400.0,3.5197,3.5255,3.5132,3.5219,1892989.99,0.0,0.0,0
15m,1753026300.0,3.5219,3.5319,3.5161,3.5179,1916538.89,0.0,0.0,0
15m,1753027200.0,3.5179,3.535,3.5143,3.5253,1180688.11,0.0,0.0,0
15m,1753028100.0,3.5253,3.5299,3.501,3.5175,844916.24,0.0,0.0,0
15m,1753029000.0,3.5175,3.5361,3.515,3.5324,554652.97,0.0,0.0,0
15m,1753029900.0,3.5324,3.5359,3.5114,3.516,559283.52,0.0,0.0,0
15m,1753030800.0,3.516,3.516,3.4829,3.5008,3613812.88,0.0,0.0,0
15m,1753031700.0,3.5008,3.5117,3.49,3.5087,678130.17,0.0,0.0,0
15m,1753032600.0,3.5087,3.5248,3.5046,3.5111,3712732.17,0.0,0.0,0
15m,1753033500.0,3.5111,3.5149,3.4951,3.5007,1972872.8,0.0,0.0,0
15m,1753034400.0,3.5007,3.5198,3.4961,3.5079,1929356.4,0.0,0.0,0
15m,1753035300.0,3.5079,3.5244,3.4985,3.5212,799523.37,0.0,0.0,0
15m,1753036200.0,3.5212,3.526,3.5074,3.5137,3154510.95,0.0,0.0,0
15m,1753037100.0,3.5137,3.5348,3.5137,3.5336,603044.34,0.0,0.0,0
15m,1753038000.0,3.5336,3.5525,3.5333,3.5473,918137.47,0.0,0.0,0
15m,1753038900.0,3.5473,3.5558,3.5315,3.5515,726447.52,0.0,0.0,0
15m,1753039800.0,3.5515,3.5575,3.5336,3.5339,633210.41,0.0,0.0,0
15m,1753040700.0,3.5339,3.5453,3.5207,3.5232,422939.08,0.0,0.0,0
15m,1753041600.0,3.5232,3.526,3.491,3.5038,2045783.63,0.0,0.0,0
15m,1753042500.0,3.5038,3.5132,3.5013,3.5067,574587.81,0.0,0.0,0
15m,1753043400.0,3.5067,3.5176,3.505,3.5139,509177.85,0.0,0.0,0
15m,1753044300.0,3.5139,3.5255,3.5026,3.5094,343090.91,0.0,0.0,0
15m,1753045200.0,3.5094,3.5135,3.4839,3.4946,1819830.89,0.0,0.0,0
15m,1753046100.0,3.4946,3.5045,3.4867,3.5038,526294.6,0.0,0.0,0
15m,1753047000.0,3.5038,3.5071,3.4885,3.4965,550993.96,0.0,0.0,0
15m,1753047900.0,3.4965,3.5057,3.4965,3.5049,198974.02,0.0,0.0,0
15m,1753048800.0,3.5049,3.5076,3.4353,3.4496,1878593.58,0.0,0.0,0
15m,1753049700.0,3.4496,3.4578,3.4033,3.4484,3290682.89,0.0,0.0,0
15m,1753050600.0,3.4484,3.4648,3.4332,3.4642,793026.89,0.0,0.0,0
15m,1753051500.0,3.4642,3.4673,3.4465,3.4548,586856.88,0.0,0.0,0
15m,1753052400.0,3.4548,3.4548,3.4314,3.4422,1347735.7,0.0,0.0,0
15m,1753053300.0,3.4422,3.4564,3.4394,3.4455,522518.48,0.0,0.0,0
15m,1753054200.0,3.4455,3.4635,3.4358,3.457,352736.39,0.0,0.0,0
15m,1753055100.0,3.457,3.4643,3.4505,3.4536,346494.98,0.0,0.0,0
15m,1753056000.0,3.4536,3.4581,3.4217,3.422,883264.66,0.0,0.0,0
15m,1753056900.0,3.422,3.4397,3.4075,3.432,785156.99,0.0,0.0,0
15m,1753057800.0,3.432,3.4451,3.4228,3.4328,397697.02,0.0,0.0,0
15m,1753058700.0,3.4328,3.451,3.4262,3.451,502610.8,0.0,0.0,0
15m,1753059600.0,3.451,3.4613,3.4432,3.4442,453217.63,0.0,0.0,0
15m,1753060500.0,3.4442,3.4492,3.4298,3.4367,428381.16,0.0,0.0,0
15m,1753061400.0,3.4367,3.4493,3.4253,3.448,410342.16,0.0,0.0,0
15m,1753062300.0,3.448,3.4764,3.445,3.4646,889557.54,0.0,0.0,0
15m,1753063200.0,3.4646,3.4862,3.4645,3.481,568098.65,0.0,0.0,0
15m,1753064100.0,3.481,3.4838,3.4712,3.4759,297817.49,0.0,0.0,0
15m,1753065000.0,3.4759,3.4837,3.4678,3.4749,232376.76,0.0,0.0,0
15m,1753065900.0,3.4749,3.4843,3.4701,3.4843,241310.41,0.0,0.0,0
15m,1753066800.0,3.4843,3.4899,3.4729,3.4766,911039.95,0.0,0.0,0
15m,1753067700.0,3.4766,3.4861,3.4763,3.4856,496053.64,0.0,0.0,0
15m,1753068600.0,3.4856,3.4884,3.4811,3.4818,562594.54,0.0,0.0,0
15m,1753069500.0,3.4818,3.4844,3.476,3.4786,449337.07,0.0,0.0,0
15m,1753070400.0,3.4786,3.4794,3.4718,3.4753,308270.75,0.0,0.0,0
15m,1753071300.0,3.4753,3.5041,3.4738,3.5015,2089051.2,0.0,0.0,0
15m,1753072200.0,3.5015,3.5065,3.4953,3.501,669620.25,0.0,0.0,0
15m,1753073100.0,3.501,3.5078,3.4997,3.5046,1869605.79,0.0,0.0,0
15m,1753074000.0,3.5046,3.5054,3.4951,3.4988,601006.89,0.0,0.0,0
15m,1753074900.0,3.4988,3.5,3.49,3.493,855989.63,0.0,0.0,0
15m,1753075800.0,3.493,3.5019,3.4907,3.5017,693745.5,0.0,0.0,0
15m,1753076700.0,3.5017,3.5116,3.4965,3.5112,618898.99,0.0,0.0,0
15m,1753077600.0,3.5112,3.5253,3.5101,3.5226,3998978.5,0.0,0.0,0
15m,1753078500.0,3.5226,3.5684,3.5224,3.568,2284695.06,0.0,0.0,0
15m,1753079400.0,3.568,3.5684,3.5408,3.5445,1312257.45,0.0,0.0,0
15m,1753080300.0,3.5445,3.5647,3.5408,3.5593,1131173.36,0.0,0.0,0
15m,1753081200.0,3.5593,3.565,3.5506,3.5602,1018788.78,0.0,0.0,0
15m,1753082100.0,3.5602,3.5756,3.5551,3.5679,1283457.26,0.0,0.0,0
15m,1753083000.0,3.5679,3.5827,3.5573,3.5654,930302.74,0.0,0.0,0
15m,1753083900.0,3.5654,3.5782,3.5642,3.5664,484908.91,0.0,0.0,0
15m,1753084800.0,3.5664,3.5725,3.559,3.5647,762614.51,0.0,0.0,0
15m,1753085700.0,3.5647,3.5797,3.5644,3.5777,837024.18,0.0,0.0,0
15m,1753086600.0,3.5777,3.5796,3.5632,3.5701,600972.42,0.0,0.0,0
15m,1753087500.0,3.5701,3.5726,3.5511,3.5583,897232.84,0.0,0.0,0
15m,1753088400.0,3.5583,3.5767,3.5582,3.5634,698588.76,0.0,0.0,0
15m,1753089300.0,3.5634,3.565,3.54,3.5441,767453.97,0.0,0.0,0
15m,1753090200.0,3.5441,3.5508,3.5281,3.5373,629576.32,0.0,0.0,0
15m,1753091100.0,3.5373,3.5505,3.5316,3.5462,482855.84,0.0,0.0,0
15m,1753092000.0,3.5462,3.5504,3.5374,3.5484,478053.22,0.0,0.0,0
15m,1753092900.0,3.5484,3.5499,3.5306,3.5319,284299.33,0.0,0.0,0
15m,1753093800.0,3.5319,3.5372,3.5282,3.5355,516744.09,0.0,0.0,0
15m,1753094700.0,3.5355,3.5538,3.535,3.552,438168.59,0.0,0.0,0
15m,1753095600.0,3.552,3.5588,3.5461,3.5544,351642.61,0.0,0.0,0
15m,1753096500.0,3.5544,3.5585,3.5454,3.5511,235492.81,0.0,0.0,0
15m,1753097400.0,3.5511,3.5559,3.5371,3.5372,578668.47,0.0,0.0,0
15m,1753098300.0,3.5372,3.5457,3.5331,3.5335,630990.48,0.0,0.0,0
15m,1753099200.0,3.5335,3.5353,3.4982,3.5207,2246553.73,0.0,0.0,0
15m,1753100100.0,3.5207,3.5376,3.5201,3.5369,611425.62,0.0,0.0,0
15m,1753101000.0,3.5369,3.5404,3.5254,3.5363,414894.51,0.0,0.0,0
15m,1753101900.0,3.5363,3.5481,3.5338,3.5376,388290.9,0.0,0.0,0
15m,1753102800.0,3.5376,3.5431,3.5163,3.5292,936549.35,0.0,0.0,0
15m,1753103700.0,3.5292,3.5412,3.5203,3.5256,668506.27,0.0,0.0,0
15m,1753104600.0,3.5256,3.5583,3.5243,3.5561,1470357.78,0.0,0.0,0
15m,1753105500.0,3.5561,3.5744,3.5561,3.5744,1675454.14,0.0,0.0,0
15m,1753106400.0,3.5744,3.6157,3.5731,3.5984,2732503.32,0.0,0.0,0
15m,1753107300.0,3.5984,3.6279,3.5913,3.6267,2006693.01,0.0,0.0,0
15m,1753108200.0,3.6267,3.6287,3.605,3.6152,971598.1,0.0,0.0,0
15m,1753109100.0,3.6152,3.65,3.6143,3.6404,1670973.21,0.0,0.0,0
15m,1753110000.0,3.6404,3.6485,3.6119,3.6216,1175007.23,0.0,0.0,0
15m,1753110900.0,3.6216,3.6448,3.6196,3.6303,882172.85,0.0,0.0,0
15m,1753111800.0,3.6303,3.633,3.6065,3.6231,760487.59,0.0,0.0,0
15m,1753112700.0,3.6231,3.6294,3.6007,3.6032,754286.82,0.0,0.0,0
15m,1753113600.0,3.6032,3.6208,3.5807,3.5924,1226104.71,0.0,0.0,0
15m,1753114500.0,3.5924,3.5966,3.5415,3.5762,4300135.44,0.0,0.0,0
15m,1753115400.0,3.5762,3.5925,3.565,3.5853,905069.08,0.0,0.0,0
15m,1753116300.0,3.5853,3.598,3.5682,3.5907,746309.78,0.0,0.0,0
15m,1753117200.0,3.5907,3.6236,3.5868,3.6144,1132735.58,0.0,0.0,0
15m,1753118100.0,3.6144,3.6167,3.5909,3.5911,599370.31,0.0,0.0,0
15m,1753119000.0,3.5911,3.6088,3.5801,3.5839,597112.85,0.0,0.0,0
15m,1753119900.0,3.5839,3.6091,3.5735,3.6031,742932.58,0.0,0.0,0
15m,1753120800.0,3.6031,3.6159,3.6023,3.6126,550877.89,0.0,0.0,0
15m,1753121700.0,3.6126,3.6207,3.5996,3.6002,696416.13,0.0,0.0,0
15m,1753122600.0,3.6002,3.6025,3.5696,3.5755,639989.69,0.0,0.0,0
15m,1753123500.0,3.5755,3.5785,3.55,3.553,2114012.7,0.0,0.0,0
15m,1753124400.0,3.553,3.5805,3.5504,3.5799,2413650.17,0.0,0.0,0
15m,1753125300.0,3.5799,3.5829,3.5471,3.5483,1723867.34,0.0,0.0,0
15m,1753126200.0,3.5483,3.5528,3.5291,3.5392,4844118.37,0.0,0.0,0
15m,1753127100.0,3.5392,3.5481,3.5278,3.5469,774569.55,0.0,0.0,0
15m,1753128000.0,3.5469,3.5542,3.5341,3.5489,2051577.85,0.0,0.0,0
15m,1753128900.0,3.5489,3.554,3.5389,3.5477,898759.49,0.0,0.0,0
15m,1753129800.0,3.5477,3.5588,3.5359,3.5436,1771988.88,0.0,0.0,0
15m,1753130700.0,3.5436,3.5543,3.521,3.5219,637286.91,0.0,0.0,0
15m,1753131600.0,3.5219,3.5387,3.5118,3.525,910750.72,0.0,0.0,0
15m,1753132500.0,3.525,3.543,3.525,3.5422,315399.67,0.0,0.0,0
15m,1753133400.0,3.5422,3.5557,3.5303,3.5546,581756.67,0.0,0.0,0
15m,1753134300.0,3.5546,3.5546,3.5417,3.5513,309133.14,0.0,0.0,0
15m,1753135200.0,3.5513,3.5619,3.5492,3.5609,645801.41,0.0,0.0,0
15m,1753136100.0,3.5609,3.566,3.5516,3.566,444067.03,0.0,0.0,0
15m,1753137000.0,3.566,3.5742,3.566,3.5737,290355.43,0.0,0.0,0
15m,1753137900.0,3.5737,3.5737,3.5624,3.5654,258643.42,0.0,0.0,0
15m,1753138800.0,3.5654,3.5668,3.5519,3.5528,328104.65,0.0,0.0,0
15m,1753139700.0,3.5528,3.5536,3.5427,3.5512,271041.47,0.0,0.0,0
15m,1753140600.0,3.5512,3.5595,3.5447,3.5449,223501.42,0.0,0.0,0
15m,1753141500.0,3.5449,3.5611,3.5441,3.5493,278353.33,0.0,0.0,0
15m,1753142400.0,3.5493,3.5573,3.5367,3.5545,428777.2,0.0,0.0,0
15m,1753143300.0,3.5545,3.5709,3.5542,3.5658,433545.58,0.0,0.0,0
15m,1753144200.0,3.5658,3.5658,3.5314,3.5371,1117361.92,0.0,0.0,0
15m,1753145100.0,3.5371,3.5547,3.5253,3.5304,601039.41,0.0,0.0,0
15m,1753146000.0,3.5304,3.533,3.4955,3.4978,1422825.99,0.0,0.0,0
15m,1753146900.0,3.4978,3.5205,3.4599,3.5169,2943708.66,0.0,0.0,0
15m,1753147800.0,3.5169,3.5496,3.5115,3.5396,1090928.35,0.0,0.0,0
15m,1753148700.0,3.5396,3.5607,3.5348,3.5494,762675.92,0.0,0.0,0
15m,1753149600.0,3.5494,3.558,3.5316,3.5409,606584.58,0.0,0.0,0
15m,1753150500.0,3.5409,3.5743,3.5316,3.5612,1065203.71,0.0,0.0,0
15m,1753151400.0,3.5612,3.5693,3.5376,3.5418,633458.26,0.0,0.0,0
15m,1753152300.0,3.5418,3.5445,3.5069,3.518,752974.93,0.0,0.0,0
15m,1753153200.0,3.518,3.5193,3.5009,3.5081,677705.4,0.0,0.0,0
15m,1753154100.0,3.5081,3.509,3.4846,3.5017,5854496.5,0.0,0.0,0
15m,1753155000.0,3.5017,3.5099,3.474,3.4847,2739760.99,0.0,0.0,0
15m,1753155900.0,3.4847,3.5025,3.4761,3.5012,1786956.2,0.0,0.0,0
15m,1753156800.0,3.5012,3.5037,3.484,3.4873,617047.18,0.0,0.0,0
15m,1753157700.0,3.4873,3.4921,3.4649,3.4769,2074950.14,0.0,0.0,0
15m,1753158600.0,3.4769,3.4943,3.4655,3.4691,1072708.05,0.0,0.0,0
15m,1753159500.0,3.4691,3.4765,3.4231,3.4234,4078496.59,0.0,0.0,0
15m,1753160400.0,3.4234,3.4743,3.4229,3.4684,1258904.23,0.0,0.0,0
15m,1753161300.0,3.4684,3.4858,3.4648,3.4676,1986303.85,0.0,0.0,0
15m,1753162200.0,3.4676,3.4757,3.4539,3.4569,492353.17,0.0,0.0,0
15m,1753163100.0,3.4569,3.468,3.4451,3.4603,578546.76,0.0,0.0,0
15m,1753164000.0,3.4603,3.4791,3.4496,3.4765,558087.06,0.0,0.0,0
15m,1753164900.0,3.4765,3.48,3.4647,3.4703,1381218.91,0.0,0.0,0
15m,1753165800.0,3.4703,3.4811,3.4626,3.4634,960734.19,0.0,0.0,0
15m,1753166700.0,3.4634,3.4695,3.4564,3.4647,374014.9,0.0,0.0,0
15m,1753167600.0,3.4647,3.4883,3.4633,3.4883,722353.54,0.0,0.0,0
15m,1753168500.0,3.4883,3.4995,3.4806,3.4959,619140.7,0.0,0.0,0
15m,1753169400.0,3.4959,3.4967,3.484,3.4884,463821.24,0.0,0.0,0
15m,1753170300.0,3.4884,3.4902,3.4647,3.4753,416463.59,0.0,0.0,0
15m,1753171200.0,3.4753,3.4756,3.4368,3.4378,1854268.46,0.0,0.0,0
15m,1753172100.0,3.4378,3.4514,3.4277,3.4328,5256957.48,0.0,0.0,0
15m,1753173000.0,3.4328,3.4547,3.4292,3.454,3839829.47,0.0,0.0,0
15m,1753173900.0,3.454,3.4726,3.446,3.4679,785526.53,0.0,0.0,0
15m,1753174800.0,3.4679,3.4704,3.44,3.4421,1370434.36,0.0,0.0,0
15m,1753175700.0,3.4421,3.456,3.4308,3.449,5099871.24,0.0,0.0,0
15m,1753176600.0,3.449,3.4773,3.4487,3.4766,851746.33,0.0,0.0,0
15m,1753177500.0,3.4766,3.482,3.4674,3.4723,640953.74,0.0,0.0,0
15m,1753178400.0,3.4723,3.4833,3.4676,3.4805,488199.93,0.0,0.0,0
15m,1753179300.0,3.4805,3.4865,3.4679,3.4831,837687.39,0.0,0.0,0
15m,1753180200.0,3.4831,3.494,3.4809,3.4917,958183.62,0.0,0.0,0
15m,1753181100.0,3.4917,3.4979,3.4876,3.4979,308147.15,0.0,0.0,0
15m,1753182000.0,3.4979,3.502,3.485,3.4877,752782.14,0.0,0.0,0
15m,1753182900.0,3.4877,3.5021,3.4877,3.5016,415254.3,0.0,0.0,0
15m,1753183800.0,3.5016,3.5102,3.4911,3.5071,385282.85,0.0,0.0,0
15m,1753184700.0,3.5071,3.5222,3.5037,3.5193,995427.17,0.0,0.0,0
15m,1753185600.0,3.5193,3.5248,3.5112,3.5193,476747.2,0.0,0.0,0
15m,1753186500.0,3.5193,3.5195,3.5077,3.5121,352641.67,0.0,0.0,0
15m,1753187400.0,3.5121,3.522,3.4974,3.5206,540232.38,0.0,0.0,0
15m,1753188300.0,3.5206,3.5218,3.5027,3.5124,693908.88,0.0,0.0,0
15m,1753189200.0,3.5124,3.5277,3.5075,3.5277,580454.01,0.0,0.0,0
15m,1753190100.0,3.5277,3.5375,3.5126,3.5212,882411.39,0.0,0.0,0
15m,1753191000.0,3.5212,3.5346,3.4951,3.53,1383633.49,0.0,0.0,0
15m,1753191900.0,3.53,3.53,3.471,3.4778,1772938.95,0.0,0.0,0
15m,1753192800.0,3.4778,3.4895,3.4412,3.4884,4589679.48,0.0,0.0,0
15m,1753193700.0,3.4884,3.4948,3.469,3.4925,668855.17,0.0,0.0,0
15m,1753194600.0,3.4925,3.5108,3.4877,3.4958,907154.84,0.0,0.0,0
15m,1753195500.0,3.4958,3.5229,3.4839,3.5201,776789.16,0.0,0.0,0
15m,1753196400.0,3.5201,3.5252,3.5097,3.5228,1001795.89,0.0,0.0,0
15m,1753197300.0,3.5228,3.5294,3.5137,3.5198,949374.6,0.0,0.0,0
15m,1753198200.0,3.5198,3.5257,3.5033,3.5107,684380.38,0.0,0.0,0
15m,1753199100.0,3.5107,3.5181,3.5048,3.5086,823163.53,0.0,0.0,0
15m,1753200000.0,3.5086,3.5212,3.4928,3.521,860176.6,0.0,0.0,0
15m,1753200900.0,3.521,3.5345,3.5018,3.5137,975642.85,0.0,0.0,0
15m,1753201800.0,3.5137,3.526,3.5094,3.5192,419705.44,0.0,0.0,0
15m,1753202700.0,3.5192,3.5289,3.5157,3.5276,567169.92,0.0,0.0,0
15m,1753203600.0,3.5276,3.5345,3.5076,3.5223,909505.42,0.0,0.0,0
15m,1753204500.0,3.5223,3.5286,3.5092,3.5242,487432.48,0.0,0.0,0
15m,1753205400.0,3.5242,3.5687,3.5173,3.5653,1662722.52,0.0,0.0,0
15m,1753206300.0,3.5653,3.5721,3.5535,3.5547,1246305.51,0.0,0.0,0
15m,1753207200.0,3.5547,3.5687,3.5477,3.5597,975895.73,0.0,0.0,0
15m,1753208100.0,3.5597,3.5712,3.5495,3.5675,839540.62,0.0,0.0,0
15m,1753209000.0,3.5675,3.5789,3.5511,3.5516,928508.79,0.0,0.0,0
15m,1753209900.0,3.5516,3.5711,3.5489,3.5597,871422.67,0.0,0.0,0
15m,1753210800.0,3.5597,3.5712,3.5536,3.5649,740271.02,0.0,0.0,0
15m,1753211700.0,3.5649,3.5689,3.5535,3.5632,544945.24,0.0,0.0,0
15m,1753212600.0,3.5632,3.5632,3.55,3.5546,727366.49,0.0,0.0,0
15m,1753213500.0,3.5546,3.5553,3.5173,3.5173,1152953.89,0.0,0.0,0
15m,1753214400.0,3.5173,3.5491,3.5173,3.5418,930281.95,0.0,0.0,0
15m,1753215300.0,3.5418,3.544,3.5288,3.5409,312953.77,0.0,0.0,0
15m,1753216200.0,3.5409,3.5525,3.5359,3.5524,488040.83,0.0,0.0,0
15m,1753217100.0,3.5524,3.5534,3.5353,3.541,463709.87,0.0,0.0,0
15m,1753218000.0,3.541,3.5449,3.5245,3.531,410095.1,0.0,0.0,0
15m,1753218900.0,3.531,3.5335,3.5253,3.5276,183170.14,0.0,0.0,0
15m,1753219800.0,3.5276,3.5286,3.5134,3.5178,161981.03,0.0,0.0,0
15m,1753220700.0,3.5178,3.5327,3.5169,3.5267,156346.74,0.0,0.0,0
15m,1753221600.0,3.5267,3.5381,3.5267,3.5342,222421.33,0.0,0.0,0
15m,1753222500.0,3.5342,3.5444,3.5324,3.5434,315265.43,0.0,0.0,0
15m,1753223400.0,3.5434,3.5455,3.5316,3.5338,417826.13,0.0,0.0,0
15m,1753224300.0,3.5338,3.5354,3.5237,3.5267,222890.24,0.0,0.0,0
15m,1753225200.0,3.5267,3.5403,3.5254,3.5401,199162.34,0.0,0.0,0
15m,1753226100.0,3.5401,3.5522,3.5401,3.5486,361595.24,0.0,0.0,0
15m,1753227000.0,3.5486,3.5522,3.5463,3.5492,269721.66,0.0,0.0,0
15m,1753227900.0,3.5492,3.5541,3.5478,3.5502,308485.96,0.0,0.0,0
15m,1753228800.0,3.5502,3.5519,3.5258,3.5305,362868.03,0.0,0.0,0
15m,1753229700.0,3.5305,3.5478,3.524,3.5254,466029.62,0.0,0.0,0
15m,1753230600.0,3.5254,3.5333,3.519,3.5251,451868.25,0.0,0.0,0
15m,1753231500.0,3.5251,3.5319,3.5153,3.5176,298592.24,0.0,0.0,0
15m,1753232400.0,3.5176,3.5181,3.5019,3.5059,416880.24,0.0,0.0,0
15m,1753233300.0,3.5059,3.5166,3.5059,3.5101,271287.27,0.0,0.0,0
15m,1753234200.0,3.5101,3.5248,3.5083,3.5211,357182.52,0.0,0.0,0
15m,1753235100.0,3.5211,3.5275,3.515,3.5178,251761.6,0.0,0.0,0
15m,1753236000.0,3.5178,3.5182,3.5033,3.5033,372985.01,0.0,0.0,0
15m,1753236900.0,3.5033,3.514,3.5017,3.5133,663573.4,0.0,0.0,0
15m,1753237800.0,3.5133,3.5199,3.5022,3.5022,408875.0,0.0,0.0,0
15m,1753238700.0,3.5022,3.5077,3.4947,3.5069,617654.49,0.0,0.0,0
15m,1753239600.0,3.5069,3.5091,3.4995,3.5076,458970.75,0.0,0.0,0
15m,1753240500.0,3.5076,3.5086,3.4961,3.5028,231426.96,0.0,0.0,0
15m,1753241400.0,3.5028,3.5069,3.4971,3.498,267401.01,0.0,0.0,0
15m,1753242300.0,3.498,3.4987,3.4887,3.4926,365664.39,0.0,0.0,0
15m,1753243200.0,3.4926,3.4982,3.4879,3.4917,327436.5,0.0,0.0,0
15m,1753244100.0,3.4917,3.5015,3.4849,3.5001,339151.89,0.0,0.0,0
15m,1753245000.0,3.5001,3.5081,3.4989,3.5036,218608.65,0.0,0.0,0
15m,1753245900.0,3.5036,3.5112,3.4977,3.5106,259350.27,0.0,0.0,0
15m,1753246800.0,3.5106,3.5108,3.4956,3.5027,821834.97,0.0,0.0,0
15m,1753247700.0,3.5027,3.504,3.4943,3.4997,272366.71,0.0,0.0,0
15m,1753248600.0,3.4997,3.5076,3.4954,3.4964,579354.67,0.0,0.0,0
15m,1753249500.0,3.4964,3.5013,3.4896,3.4924,603292.38,0.0,0.0,0
15m,1753250400.0,3.4924,3.4928,3.4789,3.4814,463207.68,0.0,0.0,0
15m,1753251300.0,3.4814,3.4833,3.4704,3.4833,676523.83,0.0,0.0,0
15m,1753252200.0,3.4833,3.4838,3.4685,3.4716,667113.93,0.0,0.0,0
15m,1753253100.0,3.4716,3.4829,3.4698,3.4826,438745.67,0.0,0.0,0
15m,1753254000.0,3.4826,3.4838,3.474,3.4793,717058.47,0.0,0.0,0
15m,1753254900.0,3.4793,3.4823,3.4744,3.4801,412019.62,0.0,0.0,0
15m,1753255800.0,3.4801,3.4833,3.466,3.4707,739590.83,0.0,0.0,0
15m,1753256700.0,3.4707,3.4756,3.4605,3.4674,486658.95,0.0,0.0,0
15m,1753257600.0,3.4674,3.4735,3.4625,3.4733,333376.5,0.0,0.0,0
15m,1753258500.0,3.4733,3.4736,3.4638,3.4671,481601.46,0.0,0.0,0
15m,1753259400.0,3.4671,3.4685,3.4569,3.4629,505696.13,0.0,0.0,0
15m,1753260300.0,3.4629,3.4742,3.4619,3.4741,310763.98,0.0,0.0,0
15m,1753261200.0,3.4741,3.4765,3.4612,3.4634,586739.52,0.0,0.0,0
15m,1753262100.0,3.4634,3.4634,3.4472,3.4481,1760102.87,0.0,0.0,0
15m,1753263000.0,3.4481,3.455,3.4425,3.4511,2312143.98,0.0,0.0,0
15m,1753263900.0,3.4511,3.4587,3.4484,3.4494,1135157.55,0.0,0.0,0
15m,1753264800.0,3.4494,3.4496,3.4316,3.4323,3353093.94,0.0,0.0,0
15m,1753265700.0,3.4323,3.4459,3.4317,3.443,825715.92,0.0,0.0,0
15m,1753266600.0,3.443,3.4474,3.4363,3.4437,1557228.0,0.0,0.0,0
15m,1753267500.0,3.4437,3.4541,3.4434,3.4503,2556691.42,0.0,0.0,0
15m,1753268400.0,3.4503,3.4508,3.4357,3.4372,641340.39,0.0,0.0,0
15m,1753269300.0,3.4372,3.4565,3.437,3.4551,1130526.82,0.0,0.0,0
15m,1753270200.0,3.4551,3.4557,3.4473,3.4504,424474.94,0.0,0.0,0
15m,1753271100.0,3.4504,3.4517,3.4447,3.4502,285003.38,0.0,0.0,0
15m,1753272000.0,3.4502,3.4505,3.435,3.4482,886309.53,0.0,0.0,0
15m,1753272900.0,3.4482,3.4482,3.4352,3.4415,650743.63,0.0,0.0,0
15m,1753273800.0,3.4415,3.4469,3.4071,3.4121,5011420.84,0.0,0.0,0
15m,1753274700.0,3.4121,3.4204,3.3063,3.3461,7709102.15,0.0,0.0,0
15m,1753275600.0,3.3461,3.37,3.3144,3.3585,4307597.83,0.0,0.0,0
15m,1753276500.0,3.3585,3.3692,3.3261,3.3689,2334404.87,0.0,0.0,0
15m,1753277400.0,3.3689,3.3689,3.2584,3.2809,8189498.53,0.0,0.0,0
15m,1753278300.0,3.2809,3.2985,3.2216,3.2637,8581562.01,0.0,0.0,0
15m,1753279200.0,3.2637,3.3036,3.25,3.2654,2697899.59,0.0,0.0,0
15m,1753280100.0,3.2654,3.3154,3.2648,3.315,3005707.62,0.0,0.0,0
15m,1753281000.0,3.315,3.3177,3.2936,3.3003,1391940.4,0.0,0.0,0
15m,1753281900.0,3.3003,3.3036,3.2848,3.3034,761594.42,0.0,0.0,0
15m,1753282800.0,3.3034,3.3128,3.2657,3.2688,1154226.65,0.0,0.0,0
15m,1753283700.0,3.2688,3.2929,3.2659,3.2853,891415.54,0.0,0.0,0
15m,1753284600.0,3.2853,3.3152,3.2797,3.3144,923807.76,0.0,0.0,0
15m,1753285500.0,3.3144,3.3313,3.2986,3.3221,2363543.69,0.0,0.0,0
15m,1753286400.0,3.3221,3.3222,3.2826,3.285,1319887.94,0.0,0.0,0
15m,1753287300.0,3.285,3.2957,3.2669,3.2821,1102261.67,0.0,0.0,0
15m,1753288200.0,3.2821,3.2827,3.2446,3.2595,1454508.78,0.0,0.0,0
15m,1753289100.0,3.2595,3.2625,3.2264,3.2293,2165276.82,0.0,0.0,0
15m,1753290000.0,3.2293,3.2471,3.201,3.2107,4507261.7,0.0,0.0,0
15m,1753290900.0,3.2107,3.2292,3.1596,3.1943,4808858.92,0.0,0.0,0
15m,1753291800.0,3.1943,3.23,3.1721,3.2269,2285860.5,0.0,0.0,0
15m,1753292700.0,3.2269,3.246,3.2216,3.24,2223639.13,0.0,0.0,0
15m,1753293600.0,3.24,3.2611,3.2341,3.2466,1321601.65,0.0,0.0,0
15m,1753294500.0,3.2466,3.2562,3.2338,3.2379,764963.79,0.0,0.0,0
15m,1753295400.0,3.2379,3.2499,3.2325,3.2325,617141.41,0.0,0.0,0
15m,1753296300.0,3.2325,3.2532,3.2325,3.2504,478324.15,0.0,0.0,0
15m,1753297200.0,3.2504,3.2529,3.2351,3.2351,536225.21,0.0,0.0,0
15m,1753298100.0,3.2351,3.2444,3.2241,3.2255,724506.96,0.0,0.0,0
15m,1753299000.0,3.2255,3.226,3.2072,3.2121,728555.22,0.0,0.0,0
15m,1753299900.0,3.2121,3.2324,3.1813,3.1838,939398.93,0.0,0.0,0
15m,1753300800.0,3.1838,3.2158,3.1756,3.1926,2158317.9,0.0,0.0,0
15m,1753301700.0,3.1926,3.1926,3.1261,3.1423,3456578.16,0.0,0.0,0
15m,1753302600.0,3.1423,3.1473,3.0728,3.1264,7889865.28,0.0,0.0,0
15m,1753303500.0,3.1264,3.152,3.1005,3.1463,2660369.22,0.0,0.0,0
15m,1753304400.0,3.1463,3.1757,3.1358,3.1485,1715683.43,0.0,0.0,0
15m,1753305300.0,3.1485,3.1528,3.057,3.1032,3162814.88,0.0,0.0,0
15m,1753306200.0,3.1032,3.134,3.0485,3.1227,3394883.16,0.0,0.0,0
15m,1753307100.0,3.1227,3.1536,3.1186,3.1373,1511155.1,0.0,0.0,0
15m,1753308000.0,3.1373,3.153,3.1003,3.1485,1573636.44,0.0,0.0,0
15m,1753308900.0,3.1485,3.1764,3.1357,3.1761,1165620.92,0.0,0.0,0
15m,1753309800.0,3.1761,3.1846,3.1646,3.1754,950575.47,0.0,0.0,0
15m,1753310700.0,3.1754,3.1988,3.1665,3.1744,1255090.27,0.0,0.0,0
15m,1753311600.0,3.1744,3.2011,3.1711,3.194,791769.51,0.0,0.0,0
15m,1753312500.0,3.194,3.2032,3.1859,3.1968,1101312.03,0.0,0.0,0
15m,1753313400.0,3.1968,3.199,3.179,3.1815,878800.39,0.0,0.0,0
15m,1753314300.0,3.1815,3.1868,3.1726,3.184,729696.83,0.0,0.0,0
15m,1753315200.0,3.184,3.1843,3.1495,3.1749,1343476.04,0.0,0.0,0
15m,1753316100.0,3.1749,3.2267,3.1675,3.2131,2026642.51,0.0,0.0,0
15m,1753317000.0,3.2131,3.2288,3.2012,3.2155,1268507.2,0.0,0.0,0
15m,1753317900.0,3.2155,3.2247,3.2073,3.223,943011.75,0.0,0.0,0
15m,1753318800.0,3.223,3.223,3.2023,3.2107,824448.03,0.0,0.0,0
15m,1753319700.0,3.2107,3.2223,3.2034,3.2077,591211.4,0.0,0.0,0
15m,1753320600.0,3.2077,3.211,3.1837,3.1998,755905.94,0.0,0.0,0
15m,1753321500.0,3.1998,3.2318,3.199,3.231,1045736.81,0.0,0.0,0
15m,1753322400.0,3.231,3.2356,3.2163,3.2185,911866.45,0.0,0.0,0
15m,1753323300.0,3.2185,3.22,3.2001,3.2021,567321.44,0.0,0.0,0
15m,1753324200.0,3.2021,3.2165,3.198,3.2144,574045.47,0.0,0.0,0
15m,1753325100.0,3.2144,3.2263,3.1938,3.1975,679847.27,0.0,0.0,0
15m,1753326000.0,3.1975,3.205,3.1899,3.2002,843375.95,0.0,0.0,0
15m,1753326900.0,3.2002,3.2254,3.194,3.2246,368294.18,0.0,0.0,0
15m,1753327800.0,3.2246,3.2301,3.211,3.2268,411171.9,0.0,0.0,0
15m,1753328700.0,3.2268,3.2285,3.1848,3.1918,1047273.6,0.0,0.0,0
15m,1753329600.0,3.1918,3.1965,3.1661,3.1917,1451622.82,0.0,0.0,0
15m,1753330500.0,3.1917,3.1917,3.1582,3.1641,1384949.39,0.0,0.0,0
15m,1753331400.0,3.1641,3.1692,3.1289,3.1306,1614842.36,0.0,0.0,0
15m,1753332300.0,3.1306,3.1452,3.1161,3.1253,1508410.19,0.0,0.0,0
15m,1753333200.0,3.1253,3.1309,3.0833,3.0839,2945870.82,0.0,0.0,0
15m,1753334100.0,3.0839,3.1075,3.0675,3.0754,2138452.2,0.0,0.0,0
15m,1753335000.0,3.0754,3.1165,3.0686,3.1063,1522661.09,0.0,0.0,0
15m,1753335900.0,3.1063,3.1075,3.0318,3.0363,2812704.89,0.0,0.0,0
15m,1753336800.0,3.0363,3.0879,3.0321,3.0815,2060182.21,0.0,0.0,0
15m,1753337700.0,3.0815,3.101,3.0455,3.0966,1937365.42,0.0,0.0,0
15m,1753338600.0,3.0966,3.1012,3.0091,3.0165,2495410.55,0.0,0.0,0
15m,1753339500.0,3.0165,3.0333,2.9549,3.0119,3650409.53,0.0,0.0,0
15m,1753340400.0,3.0119,3.0458,2.965,3.0458,3761603.28,0.0,0.0,0
15m,1753341300.0,3.0458,3.063,3.0395,3.0507,1785570.23,0.0,0.0,0
15m,1753342200.0,3.0507,3.0589,3.0265,3.0556,1102852.28,0.0,0.0,0
15m,1753343100.0,3.0556,3.0761,3.0351,3.0745,1426468.08,0.0,0.0,0
15m,1753344000.0,3.0745,3.1079,3.0552,3.1072,1412318.6,0.0,0.0,0
15m,1753344900.0,3.1072,3.1074,3.0849,3.0885,887781.97,0.0,0.0,0
15m,1753345800.0,3.0885,3.105,3.0861,3.0968,1053674.08,0.0,0.0,0
15m,1753346700.0,3.0968,3.1098,3.096,3.1014,752748.46,0.0,0.0,0
15m,1753347600.0,3.1014,3.1165,3.0982,3.101,915403.97,0.0,0.0,0
15m,1753348500.0,3.101,3.108,3.0893,3.1075,598996.47,0.0,0.0,0
15m,1753349400.0,3.1075,3.115,3.0973,3.114,713580.61,0.0,0.0,0
15m,1753350300.0,3.114,3.1196,3.0878,3.1156,1421247.38,0.0,0.0,0
15m,1753351200.0,3.1156,3.131,3.0997,3.1086,882355.92,0.0,0.0,0
15m,1753352100.0,3.1086,3.1163,3.0842,3.0863,839094.44,0.0,0.0,0
15m,1753353000.0,3.0863,3.0902,3.0657,3.0799,1115818.48,0.0,0.0,0
15m,1753353900.0,3.0799,3.1087,3.0692,3.1038,869729.72,0.0,0.0,0
15m,1753354800.0,3.1038,3.132,3.0961,3.1291,1105738.33,0.0,0.0,0
15m,1753355700.0,3.1291,3.1593,3.1256,3.155,1545595.26,0.0,0.0,0
15m,1753356600.0,3.155,3.1769,3.1457,3.1721,2095447.82,0.0,0.0,0
15m,1753357500.0,3.1721,3.1787,3.1598,3.1682,1264713.09,0.0,0.0,0
15m,1753358400.0,3.1682,3.18,3.1483,3.1688,818580.83,0.0,0.0,0
15m,1753359300.0,3.1688,3.1751,3.1515,3.1647,921673.6,0.0,0.0,0
15m,1753360200.0,3.1647,3.1661,3.1375,3.1513,900511.95,0.0,0.0,0
15m,1753361100.0,3.1513,3.1706,3.1444,3.1613,502276.61,0.0,0.0,0
15m,1753362000.0,3.1613,3.1651,3.1483,3.1594,595209.09,0.0,0.0,0
15m,1753362900.0,3.1594,3.1829,3.1572,3.1781,868127.99,0.0,0.0,0
15m,1753363800.0,3.1781,3.192,3.1546,3.158,1474159.58,0.0,0.0,0
15m,1753364700.0,3.158,3.1739,3.1318,3.1348,1126917.06,0.0,0.0,0
15m,1753365600.0,3.1348,3.1553,3.1184,3.1281,770498.88,0.0,0.0,0
15m,1753366500.0,3.1281,3.1586,3.1225,3.1548,996960.77,0.0,0.0,0
15m,1753367400.0,3.1548,3.2185,3.1535,3.2085,1509533.75,0.0,0.0,0
15m,1753368300.0,3.2085,3.2477,3.2037,3.242,1977315.25,0.0,0.0,0
15m,1753369200.0,3.242,3.265,3.2322,3.2643,3686233.91,0.0,0.0,0
15m,1753370100.0,3.2643,3.2644,3.229,3.2298,4040904.84,0.0,0.0,0
15m,1753371000.0,3.2298,3.2347,3.2094,3.223,1189067.56,0.0,0.0,0
15m,1753371900.0,3.223,3.2366,3.2126,3.2256,803944.19,0.0,0.0,0
15m,1753372800.0,3.2256,3.2311,3.2004,3.206,1057870.77,0.0,0.0,0
15m,1753373700.0,3.206,3.2191,3.1847,3.1857,1259484.77,0.0,0.0,0
15m,1753374600.0,3.1857,3.1988,3.1697,3.1737,959744.46,0.0,0.0,0
15m,1753375500.0,3.1737,3.2062,3.1684,3.1955,1208720.03,0.0,0.0,0
15m,1753376400.0,3.1955,3.2181,3.1916,3.2141,1150817.92,0.0,0.0,0
15m,1753377300.0,3.2141,3.2286,3.2055,3.221,842368.45,0.0,0.0,0
15m,1753378200.0,3.221,3.2361,3.221,3.2345,610116.59,0.0,0.0,0
15m,1753379100.0,3.2345,3.2427,3.2234,3.2278,620360.78,0.0,0.0,0
15m,1753380000.0,3.2278,3.2483,3.2158,3.2477,644843.3,0.0,0.0,0
15m,1753380900.0,3.2477,3.2518,3.2369,3.2442,383757.81,0.0,0.0,0
15m,1753381800.0,3.2442,3.248,3.2286,3.2363,432947.0,0.0,0.0,0
15m,1753382700.0,3.2363,3.2501,3.2338,3.2373,579333.27,0.0,0.0,0
15m,1753383600.0,3.2373,3.2599,3.2356,3.2497,704174.53,0.0,0.0,0
15m,1753384500.0,3.2497,3.2585,3.24,3.2491,354637.57,0.0,0.0,0
15m,1753385400.0,3.2491,3.2502,3.2212,3.2283,402144.53,0.0,0.0,0
15m,1753386300.0,3.2283,3.2441,3.2077,3.2082,641318.98,0.0,0.0,0
15m,1753387200.0,3.2082,3.2271,3.2073,3.2254,563262.22,0.0,0.0,0
15m,1753388100.0,3.2254,3.229,3.2145,3.225,355389.58,0.0,0.0,0
15m,1753389000.0,3.225,3.2344,3.2158,3.2259,301899.01,0.0,0.0,0
15m,1753389900.0,3.2259,3.2422,3.2247,3.2288,355533.16,0.0,0.0,0
15m,1753390800.0,3.2288,3.2306,3.2097,3.2118,466870.28,0.0,0.0,0
15m,1753391700.0,3.2118,3.215,3.1963,3.2013,597789.31,0.0,0.0,0
15m,1753392600.0,3.2013,3.2027,3.183,3.1957,463208.33,0.0,0.0,0
15m,1753393500.0,3.1957,3.2008,3.183,3.183,118390.08,0.0,0.0,0
15m,1753394400.0,3.183,3.1965,3.1712,3.1723,571352.92,0.0,0.0,0
15m,1753395300.0,3.1723,3.1898,3.1713,3.1894,475342.73,0.0,0.0,0
15m,1753396200.0,3.1894,3.1947,3.1805,3.193,262817.19,0.0,0.0,0
15m,1753397100.0,3.193,3.193,3.1758,3.1777,566196.98,0.0,0.0,0
15m,1753398000.0,3.1777,3.1777,3.1438,3.1451,1276196.56,0.0,0.0,0
15m,1753398900.0,3.1451,3.1561,3.1365,3.1418,689644.99,0.0,0.0,0
15m,1753399800.0,3.1418,3.1453,3.1259,3.1365,941390.64,0.0,0.0,0
15m,1753400700.0,3.1365,3.1481,3.1344,3.1445,569797.87,0.0,0.0,0
15m,1753401600.0,3.1445,3.1565,3.1135,3.1213,1279169.48,0.0,0.0,0
15m,1753402500.0,3.1213,3.1372,3.1073,3.1321,1329207.84,0.0,0.0,0
15m,1753403400.0,3.1321,3.1322,3.092,3.1179,1293224.32,0.0,0.0,0
15m,1753404300.0,3.1179,3.1292,3.1049,3.107,787538.55,0.0,0.0,0
15m,1753405200.0,3.107,3.1304,3.1045,3.1156,577263.39,0.0,0.0,0
15m,1753406100.0,3.1156,3.1299,3.0998,3.124,555858.74,0.0,0.0,0
15m,1753407000.0,3.124,3.1428,3.1115,3.1302,628696.31,0.0,0.0,0
15m,1753407900.0,3.1302,3.1614,3.1258,3.1487,673950.41,0.0,0.0,0
15m,1753408800.0,3.1487,3.1551,3.1366,3.1407,781582.91,0.0,0.0,0
15m,1753409700.0,3.1407,3.1423,3.1242,3.1315,439046.63,0.0,0.0,0
15m,1753410600.0,3.1315,3.1345,3.0764,3.0831,963767.92,0.0,0.0,0
15m,1753411500.0,3.0831,3.0932,3.068,3.0758,915056.15,0.0,0.0,0
15m,1753412400.0,3.0758,3.0974,3.061,3.0953,975382.17,0.0,0.0,0
15m,1753413300.0,3.0953,3.1071,3.0836,3.0888,607564.62,0.0,0.0,0
15m,1753414200.0,3.0888,3.0888,3.0447,3.054,2237357.67,0.0,0.0,0
15m,1753415100.0,3.054,3.0757,3.0489,3.0689,1193101.33,0.0,0.0,0
15m,1753416000.0,3.0689,3.0854,3.0482,3.0545,954024.8,0.0,0.0,0
15m,1753416900.0,3.0545,3.0802,3.0467,3.0767,997528.37,0.0,0.0,0
15m,1753417800.0,3.0767,3.1062,3.0745,3.0894,974159.99,0.0,0.0,0
15m,1753418700.0,3.0894,3.118,3.0894,3.114,384501.41,0.0,0.0,0
15m,1753419600.0,3.114,3.1163,3.0888,3.0942,1049330.34,0.0,0.0,0
15m,1753420500.0,3.0942,3.1179,3.0939,3.1011,764416.18,0.0,0.0,0
15m,1753421400.0,3.1011,3.1011,3.0788,3.0798,435739.2,0.0,0.0,0
15m,1753422300.0,3.0798,3.0834,3.065,3.0763,879014.97,0.0,0.0,0
15m,1753423200.0,3.0763,3.0791,3.0452,3.0685,1057722.29,0.0,0.0,0
15m,1753424100.0,3.0685,3.0758,3.0581,3.068,687954.97,0.0,0.0,0
15m,1753425000.0,3.068,3.0881,3.0603,3.0824,476869.13,0.0,0.0,0
15m,1753425900.0,3.0824,3.0894,3.0706,3.073,321343.45,0.0,0.0,0
15m,1753426800.0,3.073,3.078,3.0556,3.0757,924863.95,0.0,0.0,0
15m,1753427700.0,3.0757,3.1043,3.0751,3.078,941545.38,0.0,0.0,0
15m,1753428600.0,3.078,3.0904,3.0582,3.0609,533950.69,0.0,0.0,0
15m,1753429500.0,3.0609,3.0795,3.0362,3.0743,1121841.36,0.0,0.0,0
15m,1753430400.0,3.0743,3.0893,3.0661,3.0839,854612.89,0.0,0.0,0
15m,1753431300.0,3.0839,3.109,3.0788,3.0989,1219495.79,0.0,0.0,0
15m,1753432200.0,3.0989,3.1003,3.0658,3.0682,573048.4,0.0,0.0,0
15m,1753433100.0,3.0682,3.0885,3.0622,3.0797,1083745.96,0.0,0.0,0
15m,1753434000.0,3.0797,3.0823,3.0654,3.081,1069357.32,0.0,0.0,0
15m,1753434900.0,3.081,3.1138,3.071,3.1137,933382.79,0.0,0.0,0
15m,1753435800.0,3.1137,3.1423,3.1088,3.1128,1794967.78,0.0,0.0,0
15m,1753436700.0,3.1128,3.1347,3.1033,3.1345,794622.82,0.0,0.0,0
15m,1753437600.0,3.1345,3.1444,3.1191,3.1266,1406293.92,0.0,0.0,0
15m,1753438500.0,3.1266,3.127,3.1095,3.1123,524515.84,0.0,0.0,0
15m,1753439400.0,3.1123,3.1332,3.1122,3.1304,773526.76,0.0,0.0,0
15m,1753440300.0,3.1304,3.1347,3.119,3.1283,280894.93,0.0,0.0,0
15m,1753441200.0,3.1283,3.1411,3.1282,3.1347,717453.78,0.0,0.0,0
15m,1753442100.0,3.1347,3.1533,3.1332,3.1492,650540.89,0.0,0.0,0
15m,1753443000.0,3.1492,3.1519,3.128,3.1283,628111.42,0.0,0.0,0
15m,1753443900.0,3.1283,3.1399,3.1264,3.1343,304305.29,0.0,0.0,0
15m,1753444800.0,3.1343,3.152,3.1311,3.139,752586.08,0.0,0.0,0
15m,1753445700.0,3.139,3.1424,3.1041,3.1055,680408.53,0.0,0.0,0
15m,1753446600.0,3.1055,3.1306,3.097,3.1275,571523.75,0.0,0.0,0
15m,1753447500.0,3.1275,3.1298,3.115,3.1228,506983.43,0.0,0.0,0
15m,1753448400.0,3.1228,3.1271,3.1124,3.1176,379089.83,0.0,0.0,0
15m,1753449300.0,3.1176,3.13,3.1149,3.1216,249717.88,0.0,0.0,0
15m,1753450200.0,3.1216,3.1379,3.0944,3.1059,1641970.3,0.0,0.0,0
15m,1753451100.0,3.1059,3.1251,3.1043,3.1193,1102747.0,0.0,0.0,0
15m,1753452000.0,3.1193,3.1218,3.0704,3.0712,2002416.59,0.0,0.0,0
15m,1753452900.0,3.0712,3.0754,3.0487,3.0619,2485297.94,0.0,0.0,0
15m,1753453800.0,3.0619,3.0662,3.0184,3.0243,2564942.24,0.0,0.0,0
15m,1753454700.0,3.0243,3.0386,2.9997,3.0055,2322364.57,0.0,0.0,0
15m,1753455600.0,3.0055,3.0321,2.9987,3.029,1644070.64,0.0,0.0,0
15m,1753456500.0,3.029,3.0456,3.0268,3.0353,1482239.9,0.0,0.0,0
15m,1753457400.0,3.0353,3.0428,3.008,3.0208,1480656.42,0.0,0.0,0
15m,1753458300.0,3.0208,3.0447,3.0204,3.0375,736689.91,0.0,0.0,0
15m,1753459200.0,3.0375,3.0519,3.0337,3.0408,734522.01,0.0,0.0,0
15m,1753460100.0,3.0408,3.0486,3.0257,3.0383,683289.24,0.0,0.0,0
15m,1753461000.0,3.0383,3.0516,3.0253,3.0397,675090.37,0.0,0.0,0
15m,1753461900.0,3.0397,3.0629,3.0373,3.0584,506091.44,0.0,0.0,0
15m,1753462800.0,3.0584,3.0677,3.0547,3.0647,574684.33,0.0,0.0,0
15m,1753463700.0,3.0647,3.0711,3.0491,3.0627,474811.77,0.0,0.0,0
15m,1753464600.0,3.0627,3.0694,3.0485,3.0668,265355.7,0.0,0.0,0
15m,1753465500.0,3.0668,3.0695,3.0597,3.0602,231655.53,0.0,0.0,0
15m,1753466400.0,3.0602,3.0716,3.0553,3.0666,776518.0,0.0,0.0,0
15m,1753467300.0,3.0666,3.0695,3.0557,3.0628,226567.21,0.0,0.0,0
15m,1753468200.0,3.0628,3.0743,3.0551,3.0738,199942.78,0.0,0.0,0
15m,1753469100.0,3.0738,3.0767,3.0665,3.0707,172428.8,0.0,0.0,0
15m,1753470000.0,3.0707,3.0792,3.0652,3.0778,519202.34,0.0,0.0,0
15m,1753470900.0,3.0778,3.081,3.0701,3.0707,335685.1,0.0,0.0,0
15m,1753471800.0,3.0707,3.0943,3.0707,3.0941,269771.41,0.0,0.0,0
15m,1753472700.0,3.0941,3.0971,3.0705,3.0705,388207.82,0.0,0.0,0
15m,1753473600.0,3.0705,3.084,3.0704,3.0826,285041.7,0.0,0.0,0
15m,1753474500.0,3.0826,3.1097,3.0826,3.1088,795205.66,0.0,0.0,0
15m,1753475400.0,3.1088,3.1253,3.105,3.1242,573686.06,0.0,0.0,0
15m,1753476300.0,3.1242,3.1327,3.1181,3.1213,533732.51,0.0,0.0,0
15m,1753477200.0,3.1213,3.1391,3.1213,3.1386,447208.02,0.0,0.0,0
15m,1753478100.0,3.1386,3.1485,3.1339,3.142,538490.13,0.0,0.0,0
15m,1753479000.0,3.142,3.1459,3.1285,3.1319,263487.98,0.0,0.0,0
15m,1753479900.0,3.1319,3.144,3.1316,3.1397,277329.84,0.0,0.0,0
15m,1753480800.0,3.1397,3.1459,3.1373,3.1406,328627.47,0.0,0.0,0
15m,1753481700.0,3.1406,3.1454,3.1345,3.1435,399495.53,0.0,0.0,0
15m,1753482600.0,3.1435,3.1508,3.1407,3.147,289988.48,0.0,0.0,0
15m,1753483500.0,3.147,3.1484,3.1391,3.1441,246562.24,0.0,0.0,0
15m,1753484400.0,3.1441,3.145,3.1365,3.1371,177100.14,0.0,0.0,0
15m,1753485300.0,3.1371,3.1434,3.137,3.1391,288036.59,0.0,0.0,0
15m,1753486200.0,3.1391,3.1407,3.1323,3.1324,546314.85,0.0,0.0,0
15m,1753487100.0,3.1324,3.1427,3.1321,3.1422,306457.05,0.0,0.0,0
15m,1753488000.0,3.1422,3.1422,3.1245,3.128,755078.16,0.0,0.0,0
15m,1753488900.0,3.128,3.1429,3.1269,3.1392,234683.08,0.0,0.0,0
15m,1753489800.0,3.1392,3.1444,3.136,3.1378,208183.46,0.0,0.0,0
15m,1753490700.0,3.1378,3.1386,3.1296,3.1352,104233.68,0.0,0.0,0
15m,1753491600.0,3.1352,3.1393,3.1288,3.1385,136527.55,0.0,0.0,0
15m,1753492500.0,3.1385,3.1392,3.1281,3.1315,149893.79,0.0,0.0,0
15m,1753493400.0,3.1315,3.134,3.1184,3.1185,432498.39,0.0,0.0,0
15m,1753494300.0,3.1185,3.1259,3.1087,3.1122,501279.03,0.0,0.0,0
15m,1753495200.0,3.1122,3.1237,3.1122,3.1237,443563.54,0.0,0.0,0
15m,1753496100.0,3.1237,3.146,3.1237,3.1453,733668.03,0.0,0.0,0
15m,1753497000.0,3.1453,3.1626,3.1399,3.1435,984707.96,0.0,0.0,0
15m,1753497900.0,3.1435,3.1546,3.1422,3.1514,227513.89,0.0,0.0,0
15m,1753498800.0,3.1514,3.1526,3.1374,3.1408,195869.19,0.0,0.0,0
15m,1753499700.0,3.1408,3.1479,3.1353,3.136,114246.18,0.0,0.0,0
15m,1753500600.0,3.136,3.1445,3.1355,3.1413,160294.73,0.0,0.0,0
15m,1753501500.0,3.1413,3.1478,3.1391,3.1437,99735.05,0.0,0.0,0
15m,1753502400.0,3.1437,3.1486,3.1401,3.1483,185457.44,0.0,0.0,0
15m,1753503300.0,3.1483,3.1499,3.1443,3.149,137849.66,0.0,0.0,0
15m,1753504200.0,3.149,3.1562,3.1468,3.1559,249092.65,0.0,0.0,0
15m,1753505100.0,3.1559,3.1572,3.1485,3.1485,145668.59,0.0,0.0,0
15m,1753506000.0,3.1485,3.1489,3.1411,3.1427,188984.86,0.0,0.0,0
15m,1753506900.0,3.1427,3.1607,3.1427,3.1607,249576.01,0.0,0.0,0
15m,1753507800.0,3.1607,3.1719,3.159,3.1661,587891.31,0.0,0.0,0
15m,1753508700.0,3.1661,3.1762,3.1661,3.172,395830.17,0.0,0.0,0
15m,1753509600.0,3.172,3.1733,3.1602,3.1632,336600.14,0.0,0.0,0
15m,1753510500.0,3.1632,3.1716,3.1573,3.1621,286671.5,0.0,0.0,0
15m,1753511400.0,3.1621,3.1661,3.1568,3.164,195718.01,0.0,0.0,0
15m,1753512300.0,3.164,3.1665,3.1536,3.1578,127254.01,0.0,0.0,0
15m,1753513200.0,3.1578,3.1657,3.1559,3.1653,176225.89,0.0,0.0,0
15m,1753514100.0,3.1653,3.1664,3.1588,3.1608,110307.54,0.0,0.0,0
15m,1753515000.0,3.1608,3.1633,3.1524,3.1561,335928.4,0.0,0.0,0
15m,1753515900.0,3.1561,3.1604,3.153,3.155,136667.75,0.0,0.0,0
15m,1753516800.0,3.155,3.1609,3.154,3.1548,240814.6,0.0,0.0,0
15m,1753517700.0,3.1548,3.171,3.1543,3.1684,123874.44,0.0,0.0,0
15m,1753518600.0,3.1684,3.1724,3.1631,3.1705,277234.31,0.0,0.0,0
15m,1753519500.0,3.1705,3.1793,3.1686,3.1747,390058.11,0.0,0.0,0
15m,1753520400.0,3.1747,3.1844,3.1715,3.1834,367353.13,0.0,0.0,0
15m,1753521300.0,3.1834,3.1856,3.1783,3.1796,450878.0,0.0,0.0,0
15m,1753522200.0,3.1796,3.1877,3.1758,3.1869,247424.69,0.0,0.0,0
15m,1753523100.0,3.1869,3.1981,3.1851,3.194,559409.39,0.0,0.0,0
15m,1753524000.0,3.194,3.2104,3.1933,3.2063,719412.43,0.0,0.0,0
15m,1753524900.0,3.2063,3.2102,3.1957,3.1966,479529.21,0.0,0.0,0
15m,1753525800.0,3.1966,3.2109,3.1966,3.2106,709589.17,0.0,0.0,0
15m,1753526700.0,3.2106,3.2111,3.1986,3.1993,431117.16,0.0,0.0,0
15m,1753527600.0,3.1993,3.2023,3.1947,3.2,414747.72,0.0,0.0,0
15m,1753528500.0,3.2,3.2005,3.1844,3.189,273696.47,0.0,0.0,0
15m,1753529400.0,3.189,3.1949,3.1785,3.1821,275009.89,0.0,0.0,0
15m,1753530300.0,3.1821,3.1859,3.1777,3.1859,283717.28,0.0,0.0,0
15m,1753531200.0,3.1859,3.1879,3.178,3.1841,152428.58,0.0,0.0,0
15m,1753532100.0,3.1841,3.1959,3.1839,3.1913,268548.12,0.0,0.0,0
15m,1753533000.0,3.1913,3.1922,3.1862,3.1915,135235.77,0.0,0.0,0
15m,1753533900.0,3.1915,3.1993,3.1886,3.1909,239189.97,0.0,0.0,0
15m,1753534800.0,3.1909,3.191,3.1812,3.183,355208.86,0.0,0.0,0
15m,1753535700.0,3.183,3.1838,3.1785,3.1803,171541.68,0.0,0.0,0
15m,1753536600.0,3.1803,3.196,3.178,3.1954,323840.67,0.0,0.0,0
15m,1753537500.0,3.1954,3.1988,3.1868,3.1875,118022.13,0.0,0.0,0
15m,1753538400.0,3.1875,3.1974,3.1817,3.1905,387086.57,0.0,0.0,0
15m,1753539300.0,3.1905,3.1957,3.1841,3.1841,191456.65,0.0,0.0,0
15m,1753540200.0,3.1841,3.1889,3.1785,3.1837,102077.62,0.0,0.0,0
15m,1753541100.0,3.1837,3.193,3.1811,3.1811,410805.95,0.0,0.0,0
15m,1753542000.0,3.1811,3.1886,3.1762,3.1785,278406.28,0.0,0.0,0
15m,1753542900.0,3.1785,3.1872,3.1765,3.1837,268022.43,0.0,0.0,0
15m,1753543800.0,3.1837,3.1874,3.1789,3.1816,129257.5,0.0,0.0,0
15m,1753544700.0,3.1816,3.1928,3.1798,3.1922,88572.07,0.0,0.0,0
15m,1753545600.0,3.1922,3.2111,3.1911,3.2037,765345.96,0.0,0.0,0
15m,1753546500.0,3.2037,3.2181,3.2032,3.2094,621581.1,0.0,0.0,0
15m,1753547400.0,3.2094,3.2134,3.1932,3.1958,372968.95,0.0,0.0,0
15m,1753548300.0,3.1958,3.1965,3.185,3.1919,497411.54,0.0,0.0,0
15m,1753549200.0,3.1919,3.1949,3.1779,3.1821,782375.64,0.0,0.0,0
15m,1753550100.0,3.1821,3.189,3.1778,3.1874,491141.48,0.0,0.0,0
15m,1753551000.0,3.1874,3.1877,3.1656,3.1686,476463.88,0.0,0.0,0
15m,1753551900.0,3.1686,3.1748,3.1655,3.1724,1142756.82,0.0,0.0,0
15m,1753552800.0,3.1724,3.1775,3.168,3.1762,203825.52,0.0,0.0,0
15m,1753553700.0,3.1762,3.1783,3.1585,3.1683,587546.15,0.0,0.0,0
15m,1753554600.0,3.1683,3.1759,3.1679,3.1726,297180.46,0.0,0.0,0
15m,1753555500.0,3.1726,3.1817,3.1701,3.1748,296252.1,0.0,0.0,0
15m,1753556400.0,3.1748,3.1816,3.1722,3.179,226302.96,0.0,0.0,0
15m,1753557300.0,3.179,3.1835,3.1742,3.1834,129171.56,0.0,0.0,0
15m,1753558200.0,3.1834,3.1893,3.1792,3.1887,407123.71,0.0,0.0,0
15m,1753559100.0,3.1887,3.1958,3.1882,3.1907,228065.05,0.0,0.0,0
15m,1753560000.0,3.1907,3.1915,3.1783,3.1783,135337.34,0.0,0.0,0
15m,1753560900.0,3.1783,3.1805,3.1702,3.1703,131261.53,0.0,0.0,0
15m,1753561800.0,3.1703,3.1827,3.1686,3.1814,241212.89,0.0,0.0,0
15m,1753562700.0,3.1814,3.1864,3.1742,3.183,240606.91,0.0,0.0,0
15m,1753563600.0,3.183,3.183,3.1727,3.1727,126714.94,0.0,0.0,0
15m,1753564500.0,3.1727,3.1788,3.1718,3.1782,112946.71,0.0,0.0,0
15m,1753565400.0,3.1782,3.1843,3.1782,3.1827,52823.1,0.0,0.0,0
15m,1753566300.0,3.1827,3.195,3.1827,3.1921,205698.78,0.0,0.0,0
15m,1753567200.0,3.1921,3.2028,3.188,3.1989,272685.94,0.0,0.0,0
15m,1753568100.0,3.1989,3.2096,3.1918,3.1926,382977.64,0.0,0.0,0
15m,1753569000.0,3.1926,3.1966,3.1829,3.1885,237450.54,0.0,0.0,0
15m,1753569900.0,3.1885,3.1911,3.1802,3.1822,77357.1,0.0,0.0,0
15m,1753570800.0,3.1822,3.1822,3.1727,3.1728,98176.32,0.0,0.0,0
15m,1753571700.0,3.1728,3.1812,3.1713,3.1764,140868.77,0.0,0.0,0
15m,1753572600.0,3.1764,3.1764,3.1696,3.1706,185797.96,0.0,0.0,0
15m,1753573500.0,3.1706,3.1706,3.1637,3.1661,181384.9,0.0,0.0,0
15m,1753574400.0,3.1661,3.1689,3.1564,3.1678,414388.48,0.0,0.0,0
15m,1753575300.0,3.1678,3.1785,3.1662,3.1751,392877.15,0.0,0.0,0
15m,1753576200.0,3.1751,3.1805,3.1681,3.1703,95102.86,0.0,0.0,0
15m,1753577100.0,3.1703,3.1814,3.1647,3.1814,234464.7,0.0,0.0,0
15m,1753578000.0,3.1814,3.1932,3.1747,3.1897,335251.76,0.0,0.0,0
15m,1753578900.0,3.1897,3.1993,3.1879,3.1981,241703.69,0.0,0.0,0
15m,1753579800.0,3.1981,3.2024,3.1907,3.1941,296211.21,0.0,0.0,0
15m,1753580700.0,3.1941,3.1943,3.1861,3.1868,111080.13,0.0,0.0,0
15m,1753581600.0,3.1868,3.1896,3.1773,3.1879,169522.24,0.0,0.0,0
15m,1753582500.0,3.1879,3.1972,3.1875,3.1927,72237.28,0.0,0.0,0
15m,1753583400.0,3.1927,3.2004,3.1906,3.1965,152396.72,0.0,0.0,0
15m,1753584300.0,3.1965,3.2063,3.1904,3.1983,248928.04,0.0,0.0,0
15m,1753585200.0,3.1983,3.2007,3.1871,3.1873,307753.07,0.0,0.0,0
15m,1753586100.0,3.1873,3.1918,3.1827,3.1907,197179.09,0.0,0.0,0
15m,1753587000.0,3.1907,3.2029,3.1893,3.2025,192274.66,0.0,0.0,0
15m,1753587900.0,3.2025,3.2047,3.1965,3.1993,145559.55,0.0,0.0,0
15m,1753588800.0,3.1993,3.2067,3.1917,3.201,250508.14,0.0,0.0,0
15m,1753589700.0,3.201,3.2179,3.1991,3.2105,319842.06,0.0,0.0,0
15m,1753590600.0,3.2105,3.219,3.2074,3.21,251480.7,0.0,0.0,0
15m,1753591500.0,3.21,3.2113,3.2043,3.2096,236842.47,0.0,0.0,0
15m,1753592400.0,3.2096,3.2168,3.206,3.2153,429166.07,0.0,0.0,0
15m,1753593300.0,3.2153,3.2362,3.2118,3.2318,1039650.18,0.0,0.0,0
15m,1753594200.0,3.2318,3.2387,3.2207,3.2298,705059.43,0.0,0.0,0
15m,1753595100.0,3.2298,3.2312,3.2176,3.2222,318030.41,0.0,0.0,0
15m,1753596000.0,3.2222,3.2228,3.2104,3.2152,462168.99,0.0,0.0,0
15m,1753596900.0,3.2152,3.2205,3.2033,3.2054,557196.92,0.0,0.0,0
15m,1753597800.0,3.2054,3.2137,3.199,3.2134,403597.12,0.0,0.0,0
15m,1753598700.0,3.2134,3.2141,3.1987,3.2018,392586.4,0.0,0.0,0
15m,1753599600.0,3.2018,3.2049,3.1941,3.2006,208043.34,0.0,0.0,0
15m,1753600500.0,3.2006,3.2044,3.1976,3.1982,158568.37,0.0,0.0,0
15m,1753601400.0,3.1982,3.199,3.1908,3.1928,204899.09,0.0,0.0,0
15m,1753602300.0,3.1928,3.196,3.1861,3.1894,217089.29,0.0,0.0,0
15m,1753603200.0,3.1894,3.1929,3.1852,3.1855,299234.46,0.0,0.0,0
15m,1753604100.0,3.1855,3.188,3.1786,3.1794,523211.78,0.0,0.0,0
15m,1753605000.0,3.1794,3.1852,3.1734,3.1837,437337.37,0.0,0.0,0
15m,1753605900.0,3.1837,3.1875,3.1801,3.1849,279850.17,0.0,0.0,0
15m,1753606800.0,3.1849,3.1906,3.1773,3.1857,270247.29,0.0,0.0,0
15m,1753607700.0,3.1857,3.1865,3.1795,3.1799,281622.43,0.0,0.0,0
15m,1753608600.0,3.1799,3.185,3.1704,3.1738,200112.81,0.0,0.0,0
15m,1753609500.0,3.1738,3.1749,3.168,3.1713,357504.78,0.0,0.0,0
15m,1753610400.0,3.1713,3.1822,3.1709,3.1815,236047.48,0.0,0.0,0
15m,1753611300.0,3.1815,3.1878,3.1782,3.1782,499822.75,0.0,0.0,0
15m,1753612200.0,3.1782,3.1951,3.1761,3.1934,733065.4,0.0,0.0,0
15m,1753613100.0,3.1934,3.2102,3.1918,3.2027,627440.05,0.0,0.0,0
15m,1753614000.0,3.2027,3.209,3.198,3.2021,286538.51,0.0,0.0,0
15m,1753614900.0,3.2021,3.2144,3.195,3.1985,746295.74,0.0,0.0,0
15m,1753615800.0,3.1985,3.2002,3.1841,3.1881,296386.04,0.0,0.0,0
15m,1753616700.0,3.1881,3.1885,3.1745,3.1803,385818.46,0.0,0.0,0
15m,1753617600.0,3.1803,3.186,3.172,3.1828,656468.76,0.0,0.0,0
15m,1753618500.0,3.1828,3.1853,3.1719,3.1733,448369.17,0.0,0.0,0
15m,1753619400.0,3.1733,3.1781,3.1631,3.1763,522964.59,0.0,0.0,0
15m,1753620300.0,3.1763,3.1978,3.1746,3.1948,441343.27,0.0,0.0,0
15m,1753621200.0,3.1948,3.2075,3.191,3.1966,539009.03,0.0,0.0,0
15m,1753622100.0,3.1966,3.2069,3.1952,3.2069,463279.13,0.0,0.0,0
15m,1753623000.0,3.2069,3.2079,3.1924,3.1965,412289.74,0.0,0.0,0
15m,1753623900.0,3.1965,3.1996,3.1838,3.186,358469.39,0.0,0.0,0
15m,1753624800.0,3.186,3.1964,3.1806,3.1935,245929.25,0.0,0.0,0
15m,1753625700.0,3.1935,3.2019,3.1869,3.1955,243236.97,0.0,0.0,0
15m,1753626600.0,3.1955,3.1985,3.1781,3.1782,359534.4,0.0,0.0,0
15m,1753627500.0,3.1782,3.1871,3.171,3.1804,676038.3,0.0,0.0,0
15m,1753628400.0,3.1804,3.1819,3.1679,3.1712,453027.65,0.0,0.0,0
15m,1753629300.0,3.1712,3.1841,3.1673,3.1774,381253.99,0.0,0.0,0
15m,1753630200.0,3.1774,3.1804,3.1705,3.1794,171086.58,0.0,0.0,0
15m,1753631100.0,3.1794,3.1878,3.1762,3.1866,256306.95,0.0,0.0,0
15m,1753632000.0,3.1866,3.2204,3.1851,3.2202,925115.24,0.0,0.0,0
15m,1753632900.0,3.2202,3.2276,3.2121,3.2256,1014555.32,0.0,0.0,0
15m,1753633800.0,3.2256,3.2288,3.2092,3.2092,738792.58,0.0,0.0,0
15m,1753634700.0,3.2092,3.2199,3.1841,3.1958,620667.87,0.0,0.0,0
15m,1753635600.0,3.1958,3.1988,3.1809,3.1855,702974.6,0.0,0.0,0
15m,1753636500.0,3.1855,3.1943,3.1765,3.1925,513370.93,0.0,0.0,0
15m,1753637400.0,3.1925,3.1966,3.1795,3.188,323723.53,0.0,0.0,0
15m,1753638300.0,3.188,3.212,3.1869,3.2055,1433007.82,0.0,0.0,0
15m,1753639200.0,3.2055,3.2094,3.1976,3.2047,462281.47,0.0,0.0,0
15m,1753640100.0,3.2047,3.213,3.1955,3.2095,424602.82,0.0,0.0,0
15m,1753641000.0,3.2095,3.2123,3.2006,3.2097,419354.07,0.0,0.0,0
15m,1753641900.0,3.2097,3.2141,3.1999,3.213,212587.37,0.0,0.0,0
15m,1753642800.0,3.213,3.2171,3.205,3.2082,461421.28,0.0,0.0,0
15m,1753643700.0,3.2082,3.2096,3.1993,3.204,254648.1,0.0,0.0,0
15m,1753644600.0,3.204,3.2155,3.202,3.2097,288423.66,0.0,0.0,0
15m,1753645500.0,3.2097,3.2177,3.1996,3.2093,568706.98,0.0,0.0,0
15m,1753646400.0,3.2093,3.231,3.208,3.2225,874420.88,0.0,0.0,0
15m,1753647300.0,3.2225,3.2308,3.2217,3.2292,748360.3,0.0,0.0,0
15m,1753648200.0,3.2292,3.2297,3.2114,3.2126,830549.71,0.0,0.0,0
15m,1753649100.0,3.2126,3.2169,3.1946,3.2023,476395.46,0.0,0.0,0
15m,1753650000.0,3.2023,3.2055,3.192,3.192,286337.79,0.0,0.0,0
15m,1753650900.0,3.192,3.2039,3.1892,3.2021,292965.66,0.0,0.0,0
15m,1753651800.0,3.2021,3.2079,3.1984,3.1988,159478.72,0.0,0.0,0
15m,1753652700.0,3.1988,3.2189,3.1988,3.2159,234439.86,0.0,0.0,0
15m,1753653600.0,3.2159,3.2466,3.2133,3.2462,1025442.72,0.0,0.0,0
15m,1753654500.0,3.2462,3.2516,3.2337,3.2428,1071390.62,0.0,0.0,0
15m,1753655400.0,3.2428,3.2488,3.2353,3.2482,466255.61,0.0,0.0,0
15m,1753656300.0,3.2482,3.2504,3.2346,3.235,443620.55,0.0,0.0,0
15m,1753657200.0,3.235,3.2359,3.2075,3.2136,773798.53,0.0,0.0,0
15m,1753658100.0,3.2136,3.2324,3.2136,3.2301,279861.2,0.0,0.0,0
15m,1753659000.0,3.2301,3.2335,3.2195,3.229,276479.76,0.0,0.0,0
15m,1753659900.0,3.229,3.2439,3.2282,3.239,350794.85,0.0,0.0,0
15m,1753660800.0,3.239,3.2418,3.2237,3.2418,325202.37,0.0,0.0,0
15m,1753661700.0,3.2418,3.2852,3.2386,3.2852,1476242.12,0.0,0.0,0
15m,1753662600.0,3.2852,3.2865,3.2583,3.264,919683.1,0.0,0.0,0
15m,1753663500.0,3.264,3.2767,3.2529,3.2615,635556.21,0.0,0.0,0
15m,1753664400.0,3.2615,3.2694,3.2475,3.2484,430431.93,0.0,0.0,0
15m,1753665300.0,3.2484,3.263,3.2378,3.2434,609235.22,0.0,0.0,0
15m,1753666200.0,3.2434,3.2434,3.222,3.226,480003.79,0.0,0.0,0
15m,1753667100.0,3.226,3.2442,3.226,3.2442,552810.13,0.0,0.0,0
15m,1753668000.0,3.2442,3.2494,3.2367,3.2483,309453.09,0.0,0.0,0
15m,1753668900.0,3.2483,3.2651,3.2481,3.2646,287375.57,0.0,0.0,0
15m,1753669800.0,3.2646,3.2928,3.2595,3.2773,1252054.78,0.0,0.0,0
15m,1753670700.0,3.2773,3.2875,3.2677,3.2693,324686.69,0.0,0.0,0
15m,1753671600.0,3.2693,3.278,3.2535,3.2541,393601.32,0.0,0.0,0
15m,1753672500.0,3.2541,3.262,3.25,3.2535,456043.91,0.0,0.0,0
15m,1753673400.0,3.2535,3.276,3.2523,3.2736,496486.91,0.0,0.0,0
15m,1753674300.0,3.2736,3.2797,3.2655,3.2703,258568.8,0.0,0.0,0
15m,1753675200.0,3.2703,3.2757,3.2578,3.2587,292224.98,0.0,0.0,0
15m,1753676100.0,3.2587,3.266,3.2505,3.2642,563499.92,0.0,0.0,0
15m,1753677000.0,3.2642,3.2755,3.2567,3.2721,229487.44,0.0,0.0,0
15m,1753677900.0,3.2721,3.2736,3.2657,3.2714,214014.2,0.0,0.0,0
15m,1753678800.0,3.2714,3.2783,3.2648,3.2781,377085.91,0.0,0.0,0
15m,1753679700.0,3.2781,3.2965,3.2767,3.2913,1156256.2,0.0,0.0,0
15m,1753680600.0,3.2913,3.3053,3.2788,3.3053,966327.69,0.0,0.0,0
15m,1753681500.0,3.3053,3.3303,3.2973,3.3194,2001159.31,0.0,0.0,0
15m,1753682400.0,3.3194,3.3254,3.3079,3.3137,844218.25,0.0,0.0,0
15m,1753683300.0,3.3137,3.3158,3.2959,3.2965,763693.49,0.0,0.0,0
15m,1753684200.0,3.2965,3.3054,3.2875,3.2879,956231.62,0.0,0.0,0
15m,1753685100.0,3.2879,3.2943,3.2847,3.2897,635505.31,0.0,0.0,0
15m,1753686000.0,3.2897,3.2945,3.2593,3.2697,1823051.9,0.0,0.0,0
15m,1753686900.0,3.2697,3.2864,3.2629,3.2836,559854.76,0.0,0.0,0
15m,1753687800.0,3.2836,3.2836,3.2659,3.2711,715740.86,0.0,0.0,0
15m,1753688700.0,3.2711,3.2788,3.2707,3.2743,171531.08,0.0,0.0,0
15m,1753689600.0,3.2743,3.2776,3.2564,3.2606,471031.82,0.0,0.0,0
15m,1753690500.0,3.2606,3.271,3.2575,3.2646,259221.41,0.0,0.0,0
15m,1753691400.0,3.2646,3.2661,3.25,3.2565,328686.59,0.0,0.0,0
15m,1753692300.0,3.2565,3.266,3.2531,3.2643,294622.99,0.0,0.0,0
15m,1753693200.0,3.2643,3.2648,3.2521,3.2528,222547.16,0.0,0.0,0
15m,1753694100.0,3.2528,3.2636,3.2488,3.2575,389181.34,0.0,0.0,0
15m,1753695000.0,3.2575,3.2581,3.2421,3.2438,514019.24,0.0,0.0,0
15m,1753695900.0,3.2438,3.2614,3.239,3.2532,639640.16,0.0,0.0,0
15m,1753696800.0,3.2532,3.2552,3.2442,3.2455,194714.72,0.0,0.0,0
15m,1753697700.0,3.2455,3.2578,3.2414,3.2534,156946.32,0.0,0.0,0
15m,1753698600.0,3.2534,3.2534,3.2331,3.2358,474989.87,0.0,0.0,0
15m,1753699500.0,3.2358,3.2416,3.2323,3.2391,244420.94,0.0,0.0,0
15m,1753700400.0,3.2391,3.2396,3.2293,3.2302,234541.73,0.0,0.0,0
15m,1753701300.0,3.2302,3.2312,3.2244,3.2252,554407.65,0.0,0.0,0
15m,1753702200.0,3.2252,3.2432,3.2243,3.2399,571148.3,0.0,0.0,0
15m,1753703100.0,3.2399,3.2499,3.2399,3.2449,230974.42,0.0,0.0,0
15m,1753704000.0,3.2449,3.2467,3.2321,3.2406,290944.24,0.0,0.0,0
15m,1753704900.0,3.2406,3.2494,3.2384,3.2419,503426.74,0.0,0.0,0
15m,1753705800.0,3.2419,3.2474,3.2334,3.2399,558610.18,0.0,0.0,0
15m,1753706700.0,3.2399,3.2418,3.2254,3.2303,465193.16,0.0,0.0,0
15m,1753707600.0,3.2303,3.2312,3.2029,3.2045,1494008.01,0.0,0.0,0
15m,1753708500.0,3.2045,3.2108,3.1786,3.1892,1289337.2,0.0,0.0,0
15m,1753709400.0,3.1892,3.2086,3.1731,3.1937,1174480.07,0.0,0.0,0
15m,1753710300.0,3.1937,3.2004,3.1803,3.1912,894219.04,0.0,0.0,0
15m,1753711200.0,3.1912,3.2012,3.1826,3.1888,478236.77,0.0,0.0,0
15m,1753712100.0,3.1888,3.192,3.1414,3.1546,2577872.56,0.0,0.0,0
15m,1753713000.0,3.1546,3.1689,3.1407,3.168,917946.94,0.0,0.0,0
15m,1753713900.0,3.168,3.1688,3.1479,3.1553,404860.61,0.0,0.0,0
15m,1753714800.0,3.1553,3.1677,3.154,3.1666,512117.71,0.0,0.0,0
15m,1753715700.0,3.1666,3.1769,3.1654,3.1757,976326.43,0.0,0.0,0
15m,1753716600.0,3.1757,3.1803,3.1623,3.1628,836679.92,0.0,0.0,0
15m,1753717500.0,3.1628,3.1723,3.1457,3.1596,412804.67,0.0,0.0,0
15m,1753718400.0,3.1596,3.1626,3.1466,3.1553,511825.28,0.0,0.0,0
15m,1753719300.0,3.1553,3.1699,3.152,3.167,421532.86,0.0,0.0,0
15m,1753720200.0,3.167,3.1787,3.1594,3.1786,392611.29,0.0,0.0,0
15m,1753721100.0,3.1786,3.1851,3.168,3.1699,666195.69,0.0,0.0,0
15m,1753722000.0,3.1699,3.178,3.1645,3.1646,516149.67,0.0,0.0,0
15m,1753722900.0,3.1646,3.179,3.1569,3.1775,457137.01,0.0,0.0,0
15m,1753723800.0,3.1775,3.1815,3.1571,3.1616,216731.22,0.0,0.0,0
15m,1753724700.0,3.1616,3.1661,3.1539,3.1574,318977.0,0.0,0.0,0
15m,1753725600.0,3.1574,3.1609,3.1211,3.1503,1549402.67,0.0,0.0,0
15m,1753726500.0,3.1503,3.1517,3.124,3.1359,1266064.32,0.0,0.0,0
15m,1753727400.0,3.1359,3.1496,3.1139,3.1486,1435075.75,0.0,0.0,0
15m,1753728300.0,3.1486,3.1498,3.136,3.1423,704145.47,0.0,0.0,0
15m,1753729200.0,3.1423,3.1614,3.1419,3.1565,709779.99,0.0,0.0,0
15m,1753730100.0,3.1565,3.1623,3.1508,3.1599,678977.31,0.0,0.0,0
15m,1753731000.0,3.1599,3.1602,3.1401,3.1415,781454.88,0.0,0.0,0
15m,1753731900.0,3.1415,3.1607,3.1305,3.1607,931571.44,0.0,0.0,0
15m,1753732800.0,3.1607,3.1637,3.1317,3.1344,1101115.79,0.0,0.0,0
15m,1753733700.0,3.1344,3.1425,3.1107,3.1147,1362809.56,0.0,0.0,0
15m,1753734600.0,3.1147,3.1394,3.1141,3.1341,485030.55,0.0,0.0,0
15m,1753735500.0,3.1341,3.1507,3.13,3.1415,547049.22,0.0,0.0,0
15m,1753736400.0,3.1415,3.1532,3.1344,3.1372,434434.3,0.0,0.0,0
15m,1753737300.0,3.1372,3.147,3.13,3.1448,470102.75,0.0,0.0,0
15m,1753738200.0,3.1448,3.1616,3.1417,3.1613,720556.64,0.0,0.0,0
15m,1753739100.0,3.1613,3.1613,3.132,3.1434,407454.97,0.0,0.0,0
15m,1753740000.0,3.1434,3.1578,3.1311,3.1414,834398.99,0.0,0.0,0
15m,1753740900.0,3.1414,3.151,3.1316,3.1369,542115.64,0.0,0.0,0
15m,1753741800.0,3.1369,3.1414,3.1069,3.1194,1119162.69,0.0,0.0,0
15m,1753742700.0,3.1194,3.1347,3.1177,3.1323,372392.03,0.0,0.0,0
15m,1753743600.0,3.1323,3.1398,3.1236,3.1332,514544.45,0.0,0.0,0
15m,1753744500.0,3.1332,3.1456,3.1194,3.1215,985088.95,0.0,0.0,0
15m,1753745400.0,3.1215,3.1314,3.1149,3.1152,490865.06,0.0,0.0,0
15m,1753746300.0,3.1152,3.1283,3.1073,3.1228,656011.98,0.0,0.0,0
15m,1753747200.0,3.1228,3.1423,3.1171,3.1417,810738.03,0.0,0.0,0
15m,1753748100.0,3.1417,3.1473,3.1278,3.1283,416432.95,0.0,0.0,0
15m,1753749000.0,3.1283,3.1381,3.078,3.0934,3101271.37,0.0,0.0,0
15m,1753749900.0,3.0934,3.1283,3.0904,3.125,1054336.06,0.0,0.0,0
15m,1753750800.0,3.125,3.1352,3.1151,3.131,331413.92,0.0,0.0,0
15m,1753751700.0,3.131,3.1415,3.1308,3.1358,162068.48,0.0,0.0,0
15m,1753752600.0,3.1358,3.1418,3.1307,3.1307,126673.79,0.0,0.0,0
15m,1753753500.0,3.1307,3.1307,3.1143,3.1157,195698.46,0.0,0.0,0
15m,1753754400.0,3.1157,3.1339,3.1132,3.1322,333785.79,0.0,0.0,0
15m,1753755300.0,3.1322,3.1322,3.0947,3.1247,623233.2,0.0,0.0,0
15m,1753756200.0,3.1247,3.125,3.1003,3.1128,506846.51,0.0,0.0,0
15m,1753757100.0,3.1128,3.1185,3.0982,3.1096,440275.25,0.0,0.0,0
15m,1753758000.0,3.1096,3.1346,3.1091,3.1346,369645.05,0.0,0.0,0
15m,1753758900.0,3.1346,3.1346,3.1203,3.123,211283.54,0.0,0.0,0
15m,1753759800.0,3.123,3.1337,3.1156,3.1335,276757.51,0.0,0.0,0
15m,1753760700.0,3.1335,3.1435,3.1301,3.1401,253583.86,0.0,0.0,0
15m,1753761600.0,3.1401,3.1469,3.1371,3.1466,187957.02,0.0,0.0,0
15m,1753762500.0,3.1466,3.1466,3.1375,3.141,216541.82,0.0,0.0,0
15m,1753763400.0,3.141,3.1441,3.1297,3.1307,270279.1,0.0,0.0,0
15m,1753764300.0,3.1307,3.135,3.1221,3.1249,365829.43,0.0,0.0,0
15m,1753765200.0,3.1249,3.1399,3.1235,3.1322,279737.45,0.0,0.0,0
15m,1753766100.0,3.1322,3.1384,3.123,3.1383,198358.85,0.0,0.0,0
15m,1753767000.0,3.1383,3.1452,3.1337,3.144,133125.26,0.0,0.0,0
15m,1753767900.0,3.144,3.1483,3.1424,3.1463,181910.84,0.0,0.0,0
15m,1753768800.0,3.1463,3.1469,3.1375,3.1441,304852.51,0.0,0.0,0
15m,1753769700.0,3.1441,3.1574,3.1435,3.1536,371177.62,0.0,0.0,0
15m,1753770600.0,3.1536,3.1624,3.1497,3.1622,630803.03,0.0,0.0,0
15m,1753771500.0,3.1622,3.1632,3.1528,3.154,739284.48,0.0,0.0,0
15m,1753772400.0,3.154,3.1641,3.1538,3.156,514450.99,0.0,0.0,0
15m,1753773300.0,3.156,3.1627,3.1525,3.1577,387824.86,0.0,0.0,0
15m,1753774200.0,3.1577,3.1747,3.1558,3.1745,737998.12,0.0,0.0,0
15m,1753775100.0,3.1745,3.1821,3.1703,3.1751,597257.84,0.0,0.0,0
15m,1753776000.0,3.1751,3.1839,3.1676,3.1749,467067.88,0.0,0.0,0
15m,1753776900.0,3.1749,3.1843,3.1657,3.1667,308038.8,0.0,0.0,0
15m,1753777800.0,3.1667,3.1793,3.1665,3.1775,186505.39,0.0,0.0,0
15m,1753778700.0,3.1775,3.1851,3.1708,3.1747,429535.18,0.0,0.0,0
15m,1753779600.0,3.1747,3.1756,3.1606,3.1608,260546.73,0.0,0.0,0
15m,1753780500.0,3.1608,3.1674,3.1502,3.164,308681.37,0.0,0.0,0
15m,1753781400.0,3.164,3.164,3.1479,3.1598,374245.19,0.0,0.0,0
15m,1753782300.0,3.1598,3.1675,3.1528,3.1606,610047.01,0.0,0.0,0
15m,1753783200.0,3.1606,3.1624,3.1407,3.1424,537820.79,0.0,0.0,0
15m,1753784100.0,3.1424,3.1488,3.1341,3.1422,1016692.35,0.0,0.0,0
15m,1753785000.0,3.1422,3.1502,3.1289,3.1306,1303970.97,0.0,0.0,0
15m,1753785900.0,3.1306,3.1319,3.1133,3.1181,914704.24,0.0,0.0,0
15m,1753786800.0,3.1181,3.1286,3.1135,3.1286,583552.41,0.0,0.0,0
15m,1753787700.0,3.1286,3.1358,3.1223,3.1336,525265.15,0.0,0.0,0
15m,1753788600.0,3.1336,3.1412,3.1261,3.1286,374818.88,0.0,0.0,0
15m,1753789500.0,3.1286,3.1382,3.1281,3.1373,348149.81,0.0,0.0,0
15m,1753790400.0,3.1373,3.1492,3.1352,3.146,272441.47,0.0,0.0,0
15m,1753791300.0,3.146,3.157,3.1457,3.1531,495298.01,0.0,0.0,0
15m,1753792200.0,3.1531,3.1682,3.143,3.1659,1152384.12,0.0,0.0,0
15m,1753793100.0,3.1659,3.1699,3.1544,3.1626,588573.66,0.0,0.0,0
15m,1753794000.0,3.1626,3.1663,3.1524,3.1632,410894.35,0.0,0.0,0
15m,1753794900.0,3.1632,3.1746,3.158,3.1688,677185.73,0.0,0.0,0
15m,1753795800.0,3.1688,3.1709,3.1526,3.1597,324318.96,0.0,0.0,0
15m,1753796700.0,3.1597,3.1641,3.1326,3.1396,507914.3,0.0,0.0,0
15m,1753797600.0,3.1396,3.141,3.1,3.114,1901174.26,0.0,0.0,0
15m,1753798500.0,3.114,3.1279,3.1077,3.126,910163.03,0.0,0.0,0
15m,1753799400.0,3.126,3.1302,3.1155,3.1241,390847.9,0.0,0.0,0
15m,1753800300.0,3.1241,3.1275,3.0869,3.1033,884349.52,0.0,0.0,0
15m,1753801200.0,3.1033,3.1168,3.0922,3.1053,894823.89,0.0,0.0,0
15m,1753802100.0,3.1053,3.1102,3.0923,3.0928,913861.01,0.0,0.0,0
15m,1753803000.0,3.0928,3.0976,3.0771,3.0939,1000348.75,0.0,0.0,0
15m,1753803900.0,3.0939,3.1113,3.0909,3.099,720259.68,0.0,0.0,0
15m,1753804800.0,3.099,3.1031,3.0666,3.0811,767273.45,0.0,0.0,0
15m,1753805700.0,3.0811,3.0851,3.0629,3.0761,463933.21,0.0,0.0,0
15m,1753806600.0,3.0761,3.0805,3.0531,3.0805,707686.36,0.0,0.0,0
15m,1753807500.0,3.0805,3.1076,3.0751,3.1067,321053.99,0.0,0.0,0
15m,1753808400.0,3.1067,3.14,3.1053,3.1398,611493.34,0.0,0.0,0
15m,1753809300.0,3.1398,3.1508,3.1268,3.1496,664097.48,0.0,0.0,0
15m,1753810200.0,3.1496,3.1507,3.1346,3.1374,305439.35,0.0,0.0,0
15m,1753811100.0,3.1374,3.1518,3.1361,3.147,292865.67,0.0,0.0,0
15m,1753812000.0,3.147,3.153,3.1355,3.1446,377652.35,0.0,0.0,0
15m,1753812900.0,3.1446,3.1581,3.1429,3.1581,406997.33,0.0,0.0,0
15m,1753813800.0,3.1581,3.1619,3.1422,3.1422,256771.74,0.0,0.0,0
15m,1753814700.0,3.1422,3.1491,3.1341,3.1409,185703.13,0.0,0.0,0
15m,1753815600.0,3.1409,3.1447,3.1327,3.1399,200562.8,0.0,0.0,0
15m,1753816500.0,3.1399,3.1487,3.1153,3.1206,929098.96,0.0,0.0,0
15m,1753817400.0,3.1206,3.1339,3.1165,3.1273,205996.48,0.0,0.0,0
15m,1753818300.0,3.1273,3.1314,3.1185,3.12,289178.02,0.0,0.0,0
15m,1753819200.0,3.12,3.1221,3.0988,3.1034,585113.17,0.0,0.0,0
15m,1753820100.0,3.1034,3.1304,3.0955,3.1121,668637.2,0.0,0.0,0
15m,1753821000.0,3.1121,3.1152,3.094,3.102,571806.49,0.0,0.0,0
15m,1753821900.0,3.102,3.1172,3.0967,3.1172,435336.97,0.0,0.0,0
15m,1753822800.0,3.1172,3.1184,3.1017,3.109,293444.87,0.0,0.0,0
15m,1753823700.0,3.109,3.1105,3.0974,3.1054,173403.66,0.0,0.0,0
15m,1753824600.0,3.1054,3.1166,3.1031,3.1114,178456.34,0.0,0.0,0
15m,1753825500.0,3.1114,3.1332,3.111,3.1243,218788.51,0.0,0.0,0
15m,1753826400.0,3.1243,3.1276,3.1061,3.1071,353379.09,0.0,0.0,0
15m,1753827300.0,3.1071,3.1223,3.1071,3.122,82880.34,0.0,0.0,0
15m,1753828200.0,3.122,3.1244,3.1169,3.1184,123380.24,0.0,0.0,0
15m,1753829100.0,3.1184,3.128,3.1181,3.1243,212393.2,0.0,0.0,0
15m,1753830000.0,3.1243,3.1307,3.1208,3.126,101066.04,0.0,0.0,0
15m,1753830900.0,3.126,3.1353,3.1244,3.1325,262446.79,0.0,0.0,0
15m,1753831800.0,3.1325,3.1371,3.1256,3.1256,158073.27,0.0,0.0,0
15m,1753832700.0,3.1256,3.131,3.1227,3.128,117667.01,0.0,0.0,0
15m,1753833600.0,3.128,3.1316,3.1201,3.1282,192096.01,0.0,0.0,0
15m,1753834500.0,3.1282,3.1322,3.1136,3.1161,161207.26,0.0,0.0,0
15m,1753835400.0,3.1161,3.1216,3.1076,3.1116,171956.71,0.0,0.0,0
15m,1753836300.0,3.1116,3.1228,3.1031,3.1219,356319.74,0.0,0.0,0
15m,1753837200.0,3.1219,3.1237,3.1129,3.1195,197038.51,0.0,0.0,0
15m,1753838100.0,3.1195,3.1209,3.0936,3.1026,454462.08,0.0,0.0,0
15m,1753839000.0,3.1026,3.135,3.0996,3.135,200348.14,0.0,0.0,0
15m,1753839900.0,3.135,3.1451,3.1289,3.1316,456856.44,0.0,0.0,0
15m,1753840800.0,3.1316,3.1425,3.1219,3.1412,305672.07,0.0,0.0,0
15m,1753841700.0,3.1412,3.1454,3.1271,3.1303,233107.66,0.0,0.0,0
15m,1753842600.0,3.1303,3.1411,3.1237,3.1378,204694.17,0.0,0.0,0
15m,1753843500.0,3.1378,3.1458,3.1342,3.1403,175570.45,0.0,0.0,0
15m,1753844400.0,3.1403,3.1408,3.1301,3.1392,348535.61,0.0,0.0,0
15m,1753845300.0,3.1392,3.145,3.1351,3.1432,139943.18,0.0,0.0,0
15m,1753846200.0,3.1432,3.15,3.1421,3.148,135987.56,0.0,0.0,0
15m,1753847100.0,3.148,3.1491,3.1372,3.1379,135153.94,0.0,0.0,0
15m,1753848000.0,3.1379,3.1468,3.1364,3.1427,119638.5,0.0,0.0,0
15m,1753848900.0,3.1427,3.1445,3.1394,3.1403,79861.22,0.0,0.0,0
15m,1753849800.0,3.1403,3.1403,3.1159,3.1233,483239.97,0.0,0.0,0
15m,1753850700.0,3.1233,3.1238,3.113,3.1195,283047.33,0.0,0.0,0
15m,1753851600.0,3.1195,3.124,3.1046,3.1065,230849.26,0.0,0.0,0
15m,1753852500.0,3.1065,3.1214,3.1041,3.1205,261737.29,0.0,0.0,0
15m,1753853400.0,3.1205,3.1238,3.1155,3.1208,84433.53,0.0,0.0,0
15m,1753854300.0,3.1208,3.1341,3.1166,3.1338,210846.45,0.0,0.0,0
15m,1753855200.0,3.1338,3.144,3.1332,3.1399,591851.81,0.0,0.0,0
15m,1753856100.0,3.1399,3.1424,3.1331,3.1386,377393.39,0.0,0.0,0
15m,1753857000.0,3.1386,3.1418,3.1294,3.1382,142416.18,0.0,0.0,0
15m,1753857900.0,3.1382,3.1425,3.1334,3.1391,365613.74,0.0,0.0,0
15m,1753858800.0,3.1391,3.1454,3.1289,3.1335,312703.08,0.0,0.0,0
15m,1753859700.0,3.1335,3.1354,3.1197,3.1294,471359.35,0.0,0.0,0
15m,1753860600.0,3.1294,3.1335,3.1154,3.1224,407374.6,0.0,0.0,0
15m,1753861500.0,3.1224,3.1226,3.1102,3.1207,503471.84,0.0,0.0,0
15m,1753862400.0,3.1207,3.1336,3.1144,3.1144,213919.61,0.0,0.0,0
15m,1753863300.0,3.1144,3.1197,3.1094,3.1197,293601.24,0.0,0.0,0
15m,1753864200.0,3.1197,3.1389,3.1101,3.1373,428469.13,0.0,0.0,0
15m,1753865100.0,3.1373,3.1411,3.1258,3.1259,527831.83,0.0,0.0,0
15m,1753866000.0,3.1259,3.1289,3.1126,3.1142,540973.63,0.0,0.0,0
15m,1753866900.0,3.1142,3.1194,3.104,3.1061,701509.78,0.0,0.0,0
15m,1753867800.0,3.1061,3.1061,3.091,3.0951,1121787.23,0.0,0.0,0
15m,1753868700.0,3.0951,3.1038,3.0946,3.0982,830018.98,0.0,0.0,0
15m,1753869600.0,3.0982,3.1109,3.0982,3.1079,294691.02,0.0,0.0,0
15m,1753870500.0,3.1079,3.1155,3.1012,3.112,169612.76,0.0,0.0,0
15m,1753871400.0,3.112,3.1199,3.1058,3.1142,206809.67,0.0,0.0,0
15m,1753872300.0,3.1142,3.1184,3.0848,3.0899,725390.17,0.0,0.0,0
15m,1753873200.0,3.0899,3.1024,3.0876,3.0972,287224.14,0.0,0.0,0
15m,1753874100.0,3.0972,3.0984,3.0617,3.0654,1200190.23,0.0,0.0,0
15m,1753875000.0,3.0654,3.0753,3.0562,3.0566,725255.28,0.0,0.0,0
15m,1753875900.0,3.0566,3.0643,3.0434,3.0519,1319024.4,0.0,0.0,0
15m,1753876800.0,3.0519,3.0551,3.0434,3.0518,694097.01,0.0,0.0,0
15m,1753877700.0,3.0518,3.081,3.0393,3.0751,1388443.53,0.0,0.0,0
15m,1753878600.0,3.0751,3.0792,3.0584,3.0619,1236299.08,0.0,0.0,0
15m,1753879500.0,3.0619,3.0834,3.0567,3.0774,568295.89,0.0,0.0,0
15m,1753880400.0,3.0774,3.0987,3.0702,3.0891,915262.67,0.0,0.0,0
15m,1753881300.0,3.0891,3.0999,3.0723,3.0751,722411.51,0.0,0.0,0
15m,1753882200.0,3.0751,3.0949,3.0726,3.0854,938477.82,0.0,0.0,0
15m,1753883100.0,3.0854,3.0949,3.0752,3.0867,590835.77,0.0,0.0,0
15m,1753884000.0,3.0867,3.0888,3.0776,3.0861,290291.92,0.0,0.0,0
15m,1753884900.0,3.0861,3.1008,3.0804,3.0906,296199.02,0.0,0.0,0
15m,1753885800.0,3.0906,3.106,3.0882,3.0998,381964.28,0.0,0.0,0
15m,1753886700.0,3.0998,3.1495,3.0962,3.1487,2132745.36,0.0,0.0,0
15m,1753887600.0,3.1487,3.1538,3.1253,3.1288,948992.93,0.0,0.0,0
15m,1753888500.0,3.1288,3.1439,3.1271,3.1335,682875.2,0.0,0.0,0
15m,1753889400.0,3.1335,3.1527,3.1254,3.134,747023.64,0.0,0.0,0
15m,1753890300.0,3.134,3.1489,3.1289,3.1434,540029.9,0.0,0.0,0
15m,1753891200.0,3.1434,3.1513,3.1324,3.1488,374534.12,0.0,0.0,0
15m,1753892100.0,3.1488,3.162,3.1413,3.1422,663549.62,0.0,0.0,0
15m,1753893000.0,3.1422,3.1449,3.132,3.1385,397661.85,0.0,0.0,0
15m,1753893900.0,3.1385,3.1399,3.1292,3.1371,169967.38,0.0,0.0,0
15m,1753894800.0,3.1371,3.15,3.1364,3.1448,236145.04,0.0,0.0,0
15m,1753895700.0,3.1448,3.1494,3.1349,3.135,196852.34,0.0,0.0,0
15m,1753896600.0,3.135,3.1395,3.1326,3.1366,194213.37,0.0,0.0,0
15m,1753897500.0,3.1366,3.1366,3.1226,3.1315,174323.91,0.0,0.0,0
15m,1753898400.0,3.1315,3.1479,3.1085,3.1261,1521371.49,0.0,0.0,0
15m,1753899300.0,3.1261,3.1367,3.1143,3.12,568785.98,0.0,0.0,0
15m,1753900200.0,3.12,3.1248,3.0942,3.1022,1527098.57,0.0,0.0,0
15m,1753901100.0,3.1022,3.106,3.0485,3.0505,2232864.27,0.0,0.0,0
15m,1753902000.0,3.0505,3.0505,3.001,3.0425,5397649.43,0.0,0.0,0
15m,1753902900.0,3.0425,3.0728,3.0391,3.0727,2038824.83,0.0,0.0,0
15m,1753903800.0,3.0727,3.0987,3.059,3.085,1824375.58,0.0,0.0,0
15m,1753904700.0,3.085,3.1169,3.0832,3.0977,1146294.32,0.0,0.0,0
15m,1753905600.0,3.0977,3.1158,3.097,3.1132,899169.93,0.0,0.0,0
15m,1753906500.0,3.1132,3.1163,3.1013,3.1027,405132.28,0.0,0.0,0
15m,1753907400.0,3.1027,3.1078,3.0904,3.1019,347182.27,0.0,0.0,0
15m,1753908300.0,3.1019,3.1034,3.0899,3.0921,330832.01,0.0,0.0,0
15m,1753909200.0,3.0921,3.0995,3.0898,3.0899,486467.37,0.0,0.0,0
15m,1753910100.0,3.0899,3.0967,3.0713,3.0746,365960.62,0.0,0.0,0
15m,1753911000.0,3.0746,3.0836,3.0621,3.0654,1050716.6,0.0,0.0,0
15m,1753911900.0,3.0654,3.0837,3.0642,3.0789,319486.32,0.0,0.0,0
15m,1753912800.0,3.0789,3.0888,3.0723,3.0777,158926.51,0.0,0.0,0
15m,1753913700.0,3.0777,3.0817,3.0667,3.0697,238363.6,0.0,0.0,0
15m,1753914600.0,3.0697,3.0751,3.0663,3.0729,193685.55,0.0,0.0,0
15m,1753915500.0,3.0729,3.0844,3.0724,3.0829,138327.76,0.0,0.0,0
15m,1753916400.0,3.0829,3.0932,3.0813,3.092,235593.69,0.0,0.0,0
15m,1753917300.0,3.092,3.0947,3.0859,3.093,231121.4,0.0,0.0,0
15m,1753918200.0,3.093,3.1002,3.0925,3.0988,212449.83,0.0,0.0,0
15m,1753919100.0,3.0988,3.1044,3.095,3.0969,125707.82,0.0,0.0,0
15m,1753920000.0,3.0969,3.0976,3.0874,3.0973,343595.34,0.0,0.0,0
15m,1753920900.0,3.0973,3.1174,3.0962,3.1174,239375.41,0.0,0.0,0
15m,1753921800.0,3.1174,3.1246,3.1107,3.123,470179.75,0.0,0.0,0
15m,1753922700.0,3.123,3.1274,3.1143,3.1271,447192.3,0.0,0.0,0
15m,1753923600.0,3.1271,3.1289,3.1163,3.1247,380168.52,0.0,0.0,0
15m,1753924500.0,3.1247,3.1275,3.1158,3.1275,283669.87,0.0,0.0,0
15m,1753925400.0,3.1275,3.1365,3.1236,3.1276,360223.5,0.0,0.0,0
15m,1753926300.0,3.1276,3.1293,3.1214,3.1282,275820.1,0.0,0.0,0
15m,1753927200.0,3.1282,3.1306,3.1227,3.1274,295834.39,0.0,0.0,0
15m,1753928100.0,3.1274,3.129,3.1215,3.1275,189708.65,0.0,0.0,0
15m,1753929000.0,3.1275,3.1367,3.125,3.1364,166966.19,0.0,0.0,0
15m,1753929900.0,3.1364,3.1376,3.1313,3.1366,283976.67,0.0,0.0,0
15m,1753930800.0,3.1366,3.14,3.1305,3.1388,386916.42,0.0,0.0,0
15m,1753931700.0,3.1388,3.1397,3.1356,3.1381,210281.89,0.0,0.0,0
15m,1753932600.0,3.1381,3.1423,3.1337,3.1423,504362.77,0.0,0.0,0
15m,1753933500.0,3.1423,3.1462,3.1377,3.1399,521600.21,0.0,0.0,0
15m,1753934400.0,3.1399,3.1409,3.1353,3.1366,279799.17,0.0,0.0,0
15m,1753935300.0,3.1366,3.1366,3.1316,3.1324,323561.24,0.0,0.0,0
15m,1753936200.0,3.1324,3.1434,3.1323,3.1398,396423.37,0.0,0.0,0
15m,1753937100.0,3.1398,3.1443,3.1394,3.1405,277046.32,0.0,0.0,0
15m,1753938000.0,3.1405,3.1415,3.1364,3.14,184935.88,0.0,0.0,0
15m,1753938900.0,3.14,3.1484,3.14,3.1484,321369.2,0.0,0.0,0
15m,1753939800.0,3.1484,3.1496,3.1443,3.1467,250451.03,0.0,0.0,0
15m,1753940700.0,3.1467,3.1467,3.1406,3.1422,207843.6,0.0,0.0,0
15m,1753941600.0,3.1422,3.1446,3.1363,3.1363,472857.52,0.0,0.0,0
15m,1753942500.0,3.1363,3.1392,3.1342,3.1381,379382.99,0.0,0.0,0
15m,1753943400.0,3.1381,3.1458,3.1357,3.1444,388514.35,0.0,0.0,0
15m,1753944300.0,3.1444,3.1485,3.1444,3.1477,380787.63,0.0,0.0,0
15m,1753945200.0,3.1477,3.1487,3.1416,3.1446,332201.69,0.0,0.0,0
15m,1753946100.0,3.1446,3.1527,3.1441,3.1497,938554.61,0.0,0.0,0
15m,1753947000.0,3.1497,3.1512,3.1467,3.1478,365800.12,0.0,0.0,0
15m,1753947900.0,3.1478,3.155,3.1478,3.1549,327464.03,0.0,0.0,0
15m,1753948800.0,3.1549,3.161,3.1542,3.1586,551741.03,0.0,0.0,0
15m,1753949700.0,3.1586,3.1604,3.1545,3.158,278360.62,0.0,0.0,0
15m,1753950600.0,3.158,3.169,3.1551,3.1689,328242.91,0.0,0.0,0
15m,1753951500.0,3.1689,3.1714,3.1595,3.1595,348601.53,0.0,0.0,0
15m,1753952400.0,3.1595,3.165,3.1562,3.1634,285466.31,0.0,0.0,0
15m,1753953300.0,3.1634,3.1696,3.163,3.1673,216983.68,0.0,0.0,0
15m,1753954200.0,3.1673,3.1695,3.163,3.1681,280201.89,0.0,0.0,0
15m,1753955100.0,3.1681,3.1783,3.1652,3.1693,762219.45,0.0,0.0,0
15m,1753956000.0,3.1693,3.1705,3.162,3.1632,420652.9,0.0,0.0,0
15m,1753956900.0,3.1632,3.1658,3.1599,3.1629,695606.49,0.0,0.0,0
15m,1753957800.0,3.1629,3.173,3.1627,3.173,419994.56,0.0,0.0,0
15m,1753958700.0,3.173,3.177,3.1701,3.1713,589210.56,0.0,0.0,0
15m,1753959600.0,3.1713,3.1754,3.1665,3.1692,361553.44,0.0,0.0,0
15m,1753960500.0,3.1692,3.1693,3.154,3.1548,595072.32,0.0,0.0,0
15m,1753961400.0,3.1548,3.1655,3.1548,3.1566,727266.14,0.0,0.0,0
15m,1753962300.0,3.1566,3.1592,3.1473,3.1516,658335.84,0.0,0.0,0
15m,1753963200.0,3.1516,3.1528,3.1361,3.1365,663957.16,0.0,0.0,0
15m,1753964100.0,3.1365,3.1393,3.1212,3.1355,902212.85,0.0,0.0,0
15m,1753965000.0,3.1355,3.1367,3.1218,3.1264,790003.6,0.0,0.0,0
15m,1753965900.0,3.1264,3.1393,3.1232,3.1346,706811.55,0.0,0.0,0
15m,1753966800.0,3.1346,3.135,3.1084,3.1094,712215.26,0.0,0.0,0
15m,1753967700.0,3.1094,3.1179,3.0963,3.1063,1152098.74,0.0,0.0,0
15m,1753968600.0,3.1063,3.1155,3.0851,3.1037,1692022.39,0.0,0.0,0
15m,1753969500.0,3.1037,3.1218,3.1009,3.113,1271209.52,0.0,0.0,0
15m,1753970400.0,3.113,3.1252,3.1,3.1086,920506.07,0.0,0.0,0
15m,1753971300.0,3.1086,3.1093,3.0837,3.0864,1354014.42,0.0,0.0,0
15m,1753972200.0,3.0864,3.1039,3.0845,3.0899,824499.94,0.0,0.0,0
15m,1753973100.0,3.0899,3.101,3.081,3.0811,377603.79,0.0,0.0,0
15m,1753974000.0,3.0811,3.0934,3.076,3.0876,672769.78,0.0,0.0,0
15m,1753974900.0,3.0876,3.1,3.0856,3.0937,432909.78,0.0,0.0,0
15m,1753975800.0,3.0937,3.1022,3.0929,3.099,425177.84,0.0,0.0,0
15m,1753976700.0,3.099,3.1026,3.0902,3.101,293634.33,0.0,0.0,0
15m,1753977600.0,3.101,3.1118,3.0961,3.1064,604616.5,0.0,0.0,0
15m,1753978500.0,3.1064,3.1223,3.1064,3.1198,524484.84,0.0,0.0,0
15m,1753979400.0,3.1198,3.1363,3.1198,3.1297,539140.12,0.0,0.0,0
15m,1753980300.0,3.1297,3.132,3.1141,3.1215,269073.21,0.0,0.0,0
15m,1753981200.0,3.1215,3.1222,3.1027,3.1042,335127.65,0.0,0.0,0
15m,1753982100.0,3.1042,3.1102,3.0883,3.0937,693104.86,0.0,0.0,0
15m,1753983000.0,3.0937,3.1032,3.0895,3.0962,415734.22,0.0,0.0,0
15m,1753983900.0,3.0962,3.1006,3.0799,3.0856,512634.43,0.0,0.0,0
15m,1753984800.0,3.0856,3.0897,3.0682,3.077,772874.64,0.0,0.0,0
15m,1753985700.0,3.077,3.0949,3.0715,3.0937,880426.38,0.0,0.0,0
15m,1753986600.0,3.0937,3.0976,3.0892,3.0956,560882.24,0.0,0.0,0
15m,1753987500.0,3.0956,3.0996,3.0773,3.0838,550124.82,0.0,0.0,0
15m,1753988400.0,3.0838,3.0898,3.0672,3.069,684661.7,0.0,0.0,0
15m,1753989300.0,3.069,3.0768,3.0666,3.068,681350.51,0.0,0.0,0
15m,1753990200.0,3.068,3.0699,3.0574,3.0638,1705080.8,0.0,0.0,0
15m,1753991100.0,3.0638,3.0677,3.0521,3.0575,961259.4,0.0,0.0,0
15m,1753992000.0,3.0575,3.0635,3.0434,3.0492,1517724.06,0.0,0.0,0
15m,1753992900.0,3.0492,3.0667,3.0453,3.058,843346.16,0.0,0.0,0
15m,1753993800.0,3.058,3.0637,3.0459,3.0566,903899.41,0.0,0.0,0
15m,1753994700.0,3.0566,3.0602,3.0499,3.051,571088.65,0.0,0.0,0
15m,1753995600.0,3.051,3.0595,3.0476,3.0504,796495.09,0.0,0.0,0
15m,1753996500.0,3.0504,3.0585,3.0416,3.0574,476413.79,0.0,0.0,0
15m,1753997400.0,3.0574,3.0674,3.0518,3.0523,492030.34,0.0,0.0,0
15m,1753998300.0,3.0523,3.0573,3.0285,3.0488,1106579.94,0.0,0.0,0
15m,1753999200.0,3.0488,3.0493,3.026,3.0328,1206771.2,0.0,0.0,0
15m,1754000100.0,3.0328,3.0404,3.0219,3.0332,857779.05,0.0,0.0,0
15m,1754001000.0,3.0332,3.0336,3.0157,3.0248,792085.1,0.0,0.0,0
15m,1754001900.0,3.0248,3.0295,3.0185,3.0267,405577.43,0.0,0.0,0
15m,1754002800.0,3.0267,3.043,3.0258,3.0396,617296.75,0.0,0.0,0
15m,1754003700.0,3.0396,3.0398,3.0291,3.0296,394997.72,0.0,0.0,0
15m,1754004600.0,3.0296,3.0298,3.0102,3.0246,1128094.94,0.0,0.0,0
15m,1754005500.0,3.0246,3.0287,3.0153,3.0218,569990.49,0.0,0.0,0
15m,1754006400.0,3.0218,3.0241,2.9782,2.993,2918874.51,0.0,0.0,0
