timeframe,open_time,open,high,low,close,volume,buy_volume,sell_volume,tick_count
1h,1770483600.0,1.4189,1.4302,1.4096,1.4245,1435376.44,0.0,0.0,0
1h,1770487200.0,1.4245,1.4487,1.424,1.4409,1815233.58,0.0,0.0,0
1h,1770490800.0,1.4409,1.4409,1.4286,1.4308,876900.32,0.0,0.0,0
1h,1770494400.0,1.4308,1.4416,1.4273,1.4368,828512.21,0.0,0.0,0
1h,1770498000.0,1.4368,1.439,1.4275,1.4291,665775.87,0.0,0.0,0
1h,1770501600.0,1.4291,1.4332,1.4201,1.4227,731460.99,0.0,0.0,0
1h,1770505200.0,1.4227,1.4278,1.4124,1.423,843736.2,0.0,0.0,0
1h,1770508800.0,1.423,1.4287,1.4147,1.4205,761895.51,0.0,0.0,0
1h,1770512400.0,1.4205,1.4379,1.4197,1.4323,891814.28,0.0,0.0,0
1h,1770516000.0,1.4323,1.4417,1.4243,1.4299,964587.8,0.0,0.0,0
1h,1770519600.0,1.4299,1.433,1.4137,1.4167,773377.74,0.0,0.0,0
1h,1770523200.0,1.4167,1.4237,1.4098,1.4231,706788.65,0.0,0.0,0
1h,1770526800.0,1.4231,1.426,1.4162,1.4184,620745.74,0.0,0.0,0
1h,1770530400.0,1.4184,1.4222,1.414,1.4163,494650.52,0.0,0.0,0
1h,1770534000.0,1.4163,1.4214,1.4121,1.4211,872459.49,0.0,0.0,0
1h,1770537600.0,1.4211,1.4632,1.4195,1.4539,3190592.7,0.0,0.0,0
1h,1770541200.0,1.4539,1.4588,1.4336,1.4381,1630904.61,0.0,0.0,0
1h,1770544800.0,1.4381,1.4461,1.4256,1.4312,1028468.56,0.0,0.0,0
1h,1770548400.0,1.4312,1.4529,1.4306,1.4529,1460917.05,0.0,0.0,0
1h,1770552000.0,1.4529,1.4567,1.4429,1.4557,2096115.56,0.0,0.0,0
1h,1770555600.0,1.4557,1.4693,1.4496,1.462,2595034.75,0.0,0.0,0
1h,1770559200.0,1.462,1.4682,1.4577,1.4617,1051431.47,0.0,0.0,0
1h,1770562800.0,1.4617,1.4638,1.4303,1.4403,2151375.44,0.0,0.0,0
1h,1770566400.0,1.4403,1.4459,1.4101,1.4186,4236661.1,0.0,0.0,0
1h,1770570000.0,1.4186,1.4358,1.4179,1.431,1191574.69,0.0,0.0,0
1h,1770573600.0,1.431,1.4528,1.4295,1.4393,1388552.78,0.0,0.0,0
1h,1770577200.0,1.4393,1.4513,1.4387,1.4501,1043406.58,0.0,0.0,0
1h,1770580800.0,1.4501,1.4501,1.434,1.4372,758280.1,0.0,0.0,0
1h,1770584400.0,1.4372,1.441,1.4242,1.4277,931425.39,0.0,0.0,0
1h,1770588000.0,1.4277,1.4369,1.4248,1.4351,1432549.42,0.0,0.0,0
1h,1770591600.0,1.4351,1.4629,1.4223,1.4309,3984209.26,0.0,0.0,0
1h,1770595200.0,1.4309,1.4417,1.4248,1.4332,1059735.96,0.0,0.0,0
1h,1770598800.0,1.4332,1.4449,1.4194,1.4243,2154774.15,0.0,0.0,0
1h,1770602400.0,1.4243,1.4545,1.4205,1.4418,1772294.83,0.0,0.0,0
1h,1770606000.0,1.4418,1.4543,1.4405,1.452,2072836.53,0.0,0.0,0
1h,1770609600.0,1.452,1.4527,1.4436,1.448,883787.97,0.0,0.0,0
1h,1770613200.0,1.448,1.4552,1.4412,1.4509,1425184.41,0.0,0.0,0
1h,1770616800.0,1.4509,1.4509,1.4279,1.4359,2637704.43,0.0,0.0,0
1h,1770620400.0,1.4359,1.4398,1.4216,1.4257,1890896.2,0.0,0.0,0
1h,1770624000.0,1.4257,1.4301,1.4016,1.4073,3546737.51,0.0,0.0,0
1h,1770627600.0,1.4073,1.4125,1.3939,1.3992,2180023.06,0.0,0.0,0
1h,1770631200.0,1.3992,1.4066,1.3726,1.383,3779480.04,0.0,0.0,0
1h,1770634800.0,1.383,1.3971,1.383,1.3933,2093065.21,0.0,0.0,0
1h,1770638400.0,1.3933,1.4147,1.3931,1.4084,2335114.61,0.0,0.0,0
1h,1770642000.0,1.4084,1.4124,1.3953,1.3957,1889522.65,0.0,0.0,0
1h,1770645600.0,1.3957,1.4383,1.3952,1.4307,5352487.51,0.0,0.0,0
1h,1770649200.0,1.4307,1.4497,1.4206,1.4462,3537642.63,0.0,0.0,0
1h,1770652800.0,1.4462,1.4643,1.4363,1.4515,2938422.98,0.0,0.0,0
1h,1770656400.0,1.4515,1.4563,1.4336,1.4505,3191627.42,0.0,0.0,0
1h,1770660000.0,1.4505,1.4592,1.437,1.4435,1734177.85,0.0,0.0,0
1h,1770663600.0,1.4435,1.4557,1.4415,1.453,1462705.74,0.0,0.0,0
1h,1770667200.0,1.453,1.4575,1.4441,1.4545,975421.09,0.0,0.0,0
1h,1770670800.0,1.4545,1.4587,1.4391,1.4511,1347432.64,0.0,0.0,0
1h,1770674400.0,1.4511,1.4523,1.4432,1.4444,970696.56,0.0,0.0,0
1h,1770678000.0,1.4444,1.4489,1.435,1.4368,946810.36,0.0,0.0,0
1h,1770681600.0,1.4368,1.4418,1.4338,1.4369,1077203.38,0.0,0.0,0
1h,1770685200.0,1.4369,1.4531,1.4364,1.4481,1122774.36,0.0,0.0,0
1h,1770688800.0,1.4481,1.4495,1.4429,1.4471,601007.0,0.0,0.0,0
1h,1770692400.0,1.4471,1.4508,1.4279,1.4351,1883411.76,0.0,0.0,0
1h,1770696000.0,1.4351,1.4523,1.4345,1.4475,2592669.6,0.0,0.0,0
1h,1770699600.0,1.4475,1.449,1.437,1.4421,1319742.52,0.0,0.0,0
1h,1770703200.0,1.4421,1.4423,1.4143,1.4203,2485213.12,0.0,0.0,0
1h,1770706800.0,1.4203,1.4283,1.42,1.4219,759129.24,0.0,0.0,0
1h,1770710400.0,1.4219,1.4328,1.4148,1.4294,686084.41,0.0,0.0,0
1h,1770714000.0,1.4294,1.4359,1.417,1.4212,1379723.28,0.0,0.0,0
1h,1770717600.0,1.4212,1.4237,1.4148,1.416,1216624.8,0.0,0.0,0
1h,1770721200.0,1.416,1.4197,1.4065,1.4081,2867543.59,0.0,0.0,0
1h,1770724800.0,1.4081,1.4138,1.4055,1.409,1371143.27,0.0,0.0,0
1h,1770728400.0,1.409,1.4173,1.4031,1.4152,1679543.81,0.0,0.0,0
1h,1770732000.0,1.4152,1.426,1.3933,1.4028,3666548.38,0.0,0.0,0
1h,1770735600.0,1.4028,1.414,1.3976,1.4071,1715882.96,0.0,0.0,0
1h,1770739200.0,1.4071,1.4204,1.3999,1.416,1108848.87,0.0,0.0,0
1h,1770742800.0,1.416,1.4293,1.4135,1.4248,1615819.39,0.0,0.0,0
1h,1770746400.0,1.4248,1.426,1.394,1.4022,1535354.32,0.0,0.0,0
1h,1770750000.0,1.4022,1.4095,1.3971,1.4009,871867.12,0.0,0.0,0
1h,1770753600.0,1.4009,1.4028,1.3924,1.3971,1202481.54,0.0,0.0,0
1h,1770757200.0,1.3971,1.4023,1.392,1.3938,867134.83,0.0,0.0,0
1h,1770760800.0,1.3938,1.405,1.3934,1.4,635633.69,0.0,0.0,0
1h,1770764400.0,1.4,1.4019,1.3953,1.4001,911794.04,0.0,0.0,0
1h,1770768000.0,1.4001,1.413,1.3991,1.4098,1669986.88,0.0,0.0,0
1h,1770771600.0,1.4098,1.4145,1.4066,1.4102,1250768.0,0.0,0.0,0
1h,1770775200.0,1.4102,1.4203,1.4097,1.41,1368994.24,0.0,0.0,0
1h,1770778800.0,1.41,1.4116,1.3943,1.4041,2423164.01,0.0,0.0,0
1h,1770782400.0,1.4041,1.4089,1.3801,1.3841,2772063.33,0.0,0.0,0
1h,1770786000.0,1.3841,1.3924,1.3742,1.3757,1952368.08,0.0,0.0,0
1h,1770789600.0,1.3757,1.3783,1.3581,1.3599,3909221.59,0.0,0.0,0
1h,1770793200.0,1.3599,1.3731,1.3583,1.3666,1504759.67,0.0,0.0,0
1h,1770796800.0,1.3666,1.3723,1.3609,1.367,1342830.6,0.0,0.0,0
1h,1770800400.0,1.367,1.3694,1.3566,1.3615,1404479.63,0.0,0.0,0
1h,1770804000.0,1.3615,1.3646,1.3554,1.3614,1427120.05,0.0,0.0,0
1h,1770807600.0,1.3614,1.3806,1.3609,1.379,3045516.39,0.0,0.0,0
1h,1770811200.0,1.379,1.3797,1.3709,1.3725,2427975.35,0.0,0.0,0
1h,1770814800.0,1.3725,1.3813,1.3604,1.3755,4901136.49,0.0,0.0,0
1h,1770818400.0,1.3755,1.4106,1.3583,1.3618,6406406.1,0.0,0.0,0
1h,1770822000.0,1.3618,1.3699,1.346,1.3541,5718660.69,0.0,0.0,0
1h,1770825600.0,1.3541,1.3697,1.3441,1.3452,3005466.71,0.0,0.0,0
1h,1770829200.0,1.3452,1.38,1.3422,1.3702,3226147.79,0.0,0.0,0
1h,1770832800.0,1.3702,1.386,1.3618,1.3783,2071417.12,0.0,0.0,0
1h,1770836400.0,1.3783,1.388,1.372,1.379,1373327.79,0.0,0.0,0
1h,1770840000.0,1.379,1.3865,1.375,1.3816,1292183.67,0.0,0.0,0
1h,1770843600.0,1.3816,1.3974,1.3794,1.3834,1811004.82,0.0,0.0,0
1h,1770847200.0,1.3834,1.3845,1.3698,1.3719,1115271.16,0.0,0.0,0
1h,1770850800.0,1.3719,1.373,1.3596,1.3697,1219245.9,0.0,0.0,0
1h,1770854400.0,1.3697,1.3847,1.3684,1.3774,2331019.77,0.0,0.0,0
1h,1770858000.0,1.3774,1.3867,1.3774,1.3811,1188141.36,0.0,0.0,0
1h,1770861600.0,1.3811,1.3856,1.3745,1.377,962397.75,0.0,0.0,0
1h,1770865200.0,1.377,1.3799,1.3711,1.3753,694820.16,0.0,0.0,0
1h,1770868800.0,1.3753,1.3807,1.3724,1.3755,820488.15,0.0,0.0,0
1h,1770872400.0,1.3755,1.3817,1.3727,1.3804,1491386.9,0.0,0.0,0
1h,1770876000.0,1.3804,1.3887,1.3782,1.3832,1074613.21,0.0,0.0,0
1h,1770879600.0,1.3832,1.3858,1.376,1.3819,1187425.15,0.0,0.0,0
1h,1770883200.0,1.3819,1.3848,1.3771,1.382,820042.18,0.0,0.0,0
1h,1770886800.0,1.382,1.3965,1.3803,1.396,2554502.7,0.0,0.0,0
1h,1770890400.0,1.396,1.4038,1.3891,1.4038,1290809.21,0.0,0.0,0
1h,1770894000.0,1.4038,1.4081,1.3936,1.4016,1907877.18,0.0,0.0,0
1h,1770897600.0,1.4016,1.403,1.3897,1.3928,1428786.69,0.0,0.0,0
1h,1770901200.0,1.3928,1.4025,1.3855,1.4015,1205115.83,0.0,0.0,0
1h,1770904800.0,1.4015,1.4026,1.3838,1.3891,1899663.05,0.0,0.0,0
1h,1770908400.0,1.3891,1.3966,1.3751,1.376,2406811.84,0.0,0.0,0
1h,1770912000.0,1.376,1.378,1.3464,1.3529,3064248.3,0.0,0.0,0
1h,1770915600.0,1.3529,1.3796,1.3462,1.3624,1984872.72,0.0,0.0,0
1h,1770919200.0,1.3624,1.3677,1.3522,1.3631,993815.04,0.0,0.0,0
1h,1770922800.0,1.3631,1.3764,1.3549,1.3645,1013826.93,0.0,0.0,0
1h,1770926400.0,1.3645,1.3666,1.3505,1.3521,1159084.28,0.0,0.0,0
1h,1770930000.0,1.3521,1.358,1.3489,1.3522,1312526.26,0.0,0.0,0
1h,1770933600.0,1.3522,1.3662,1.3503,1.3643,804033.13,0.0,0.0,0
1h,1770937200.0,1.3643,1.3705,1.3604,1.3634,1229866.59,0.0,0.0,0
1h,1770940800.0,1.3634,1.3684,1.3491,1.3536,1276269.44,0.0,0.0,0
1h,1770944400.0,1.3536,1.3627,1.3498,1.3577,911420.78,0.0,0.0,0
1h,1770948000.0,1.3577,1.3687,1.3571,1.3665,562083.95,0.0,0.0,0
1h,1770951600.0,1.3665,1.372,1.3621,1.3655,1250086.46,0.0,0.0,0
1h,1770955200.0,1.3655,1.3683,1.3578,1.3582,804095.12,0.0,0.0,0
1h,1770958800.0,1.3582,1.3609,1.3533,1.3533,673866.65,0.0,0.0,0
1h,1770962400.0,1.3533,1.3578,1.3485,1.357,1079442.88,0.0,0.0,0
1h,1770966000.0,1.357,1.3628,1.3496,1.354,846376.96,0.0,0.0,0
1h,1770969600.0,1.354,1.3693,1.3522,1.3673,914333.36,0.0,0.0,0
1h,1770973200.0,1.3673,1.371,1.3644,1.3684,1544485.24,0.0,0.0,0
1h,1770976800.0,1.3684,1.3728,1.365,1.3682,1517182.29,0.0,0.0,0
1h,1770980400.0,1.3682,1.3695,1.3608,1.368,1382462.2,0.0,0.0,0
1h,1770984000.0,1.368,1.368,1.3597,1.3647,1433575.04,0.0,0.0,0
1h,1770987600.0,1.3647,1.3828,1.3615,1.3766,2062382.58,0.0,0.0,0
1h,1770991200.0,1.3766,1.3941,1.3678,1.3852,3626074.34,0.0,0.0,0
1h,1770994800.0,1.3852,1.4219,1.3806,1.4047,4183252.24,0.0,0.0,0
1h,1770998400.0,1.4047,1.4283,1.3996,1.4167,4139446.67,0.0,0.0,0
1h,1771002000.0,1.4167,1.421,1.4075,1.4147,1698719.27,0.0,0.0,0
1h,1771005600.0,1.4147,1.4206,1.4062,1.4154,1337148.56,0.0,0.0,0
1h,1771009200.0,1.4154,1.4193,1.4083,1.4109,879591.07,0.0,0.0,0
1h,1771012800.0,1.4109,1.4144,1.4051,1.4131,765067.88,0.0,0.0,0
1h,1771016400.0,1.4131,1.4164,1.4068,1.4097,895467.25,0.0,0.0,0
1h,1771020000.0,1.4097,1.4099,1.3972,1.4032,668915.27,0.0,0.0,0
1h,1771023600.0,1.4032,1.4085,1.4019,1.4069,599275.62,0.0,0.0,0
1h,1771027200.0,1.4069,1.4168,1.405,1.4142,593239.87,0.0,0.0,0
1h,1771030800.0,1.4142,1.4181,1.4105,1.4124,497548.46,0.0,0.0,0
1h,1771034400.0,1.4124,1.4151,1.4101,1.4109,374050.88,0.0,0.0,0
1h,1771038000.0,1.4109,1.418,1.4104,1.4163,385080.44,0.0,0.0,0
1h,1771041600.0,1.4163,1.4195,1.4127,1.4127,400945.71,0.0,0.0,0
1h,1771045200.0,1.4127,1.4158,1.4081,1.4085,366866.41,0.0,0.0,0
1h,1771048800.0,1.4085,1.4149,1.4079,1.4143,301770.85,0.0,0.0,0
1h,1771052400.0,1.4143,1.4252,1.4119,1.4222,773760.51,0.0,0.0,0
1h,1771056000.0,1.4222,1.4492,1.4217,1.4471,2131178.33,0.0,0.0,0
1h,1771059600.0,1.4471,1.461,1.4463,1.452,2372395.24,0.0,0.0,0
1h,1771063200.0,1.452,1.4522,1.4411,1.4475,815472.96,0.0,0.0,0
1h,1771066800.0,1.4475,1.4736,1.4468,1.4718,2281318.17,0.0,0.0,0
1h,1771070400.0,1.4718,1.4771,1.4604,1.4644,1883525.26,0.0,0.0,0
1h,1771074000.0,1.4644,1.4696,1.4516,1.4573,1271161.16,0.0,0.0,0
1h,1771077600.0,1.4573,1.4747,1.4553,1.4713,1290881.31,0.0,0.0,0
1h,1771081200.0,1.4713,1.4735,1.4642,1.469,901437.36,0.0,0.0,0
1h,1771084800.0,1.469,1.4763,1.457,1.4749,862205.02,0.0,0.0,0
1h,1771088400.0,1.4749,1.48,1.4683,1.4735,942347.53,0.0,0.0,0
1h,1771092000.0,1.4735,1.493,1.4703,1.4882,1175456.74,0.0,0.0,0
1h,1771095600.0,1.4882,1.5005,1.4839,1.4979,998937.55,0.0,0.0,0
1h,1771099200.0,1.4979,1.5084,1.488,1.4954,1500789.86,0.0,0.0,0
1h,1771102800.0,1.4954,1.5047,1.4892,1.4978,990139.62,0.0,0.0,0
1h,1771106400.0,1.4978,1.505,1.4936,1.5009,589885.45,0.0,0.0,0
1h,1771110000.0,1.5009,1.5138,1.4992,1.5093,1414989.62,0.0,0.0,0
1h,1771113600.0,1.5093,1.5322,1.5061,1.522,2607739.22,0.0,0.0,0
1h,1771117200.0,1.522,1.5442,1.5154,1.5286,2568040.84,0.0,0.0,0
1h,1771120800.0,1.5286,1.5355,1.5167,1.5282,1733606.29,0.0,0.0,0
1h,1771124400.0,1.5282,1.5341,1.5057,1.5267,2006384.29,0.0,0.0,0
1h,1771128000.0,1.5267,1.56,1.525,1.5457,3733905.02,0.0,0.0,0
1h,1771131600.0,1.5457,1.5897,1.5454,1.5835,3283717.57,0.0,0.0,0
1h,1771135200.0,1.5835,1.5887,1.5725,1.5798,1940807.64,0.0,0.0,0
1h,1771138800.0,1.5798,1.65,1.5759,1.6497,4212066.57,0.0,0.0,0
1h,1771142400.0,1.6497,1.671,1.612,1.6163,9489698.51,0.0,0.0,0
1h,1771146000.0,1.6163,1.6231,1.5889,1.5902,3636584.72,0.0,0.0,0
1h,1771149600.0,1.5902,1.5973,1.5733,1.5853,5525270.75,0.0,0.0,0
1h,1771153200.0,1.5853,1.5953,1.5576,1.5622,2658038.59,0.0,0.0,0
1h,1771156800.0,1.5622,1.566,1.5199,1.5208,5403288.18,0.0,0.0,0
1h,1771160400.0,1.5208,1.5403,1.5116,1.5193,4712418.37,0.0,0.0,0
1h,1771164000.0,1.5193,1.5375,1.5152,1.5331,3539152.06,0.0,0.0,0
1h,1771167600.0,1.5331,1.5438,1.5215,1.5236,1808828.32,0.0,0.0,0
1h,1771171200.0,1.5236,1.5239,1.5073,1.5217,1669561.13,0.0,0.0,0
1h,1771174800.0,1.5217,1.5243,1.4822,1.494,3189608.88,0.0,0.0,0
1h,1771178400.0,1.494,1.4956,1.4648,1.4692,3632401.45,0.0,0.0,0
1h,1771182000.0,1.4692,1.4699,1.4478,1.4538,2857672.51,0.0,0.0,0
1h,1771185600.0,1.4538,1.4673,1.4452,1.462,2279338.29,0.0,0.0,0
1h,1771189200.0,1.462,1.4759,1.4615,1.4721,1991699.63,0.0,0.0,0
1h,1771192800.0,1.4721,1.4901,1.4685,1.4862,2681803.25,0.0,0.0,0
1h,1771196400.0,1.4862,1.4866,1.4583,1.4751,1964227.39,0.0,0.0,0
1h,1771200000.0,1.4751,1.487,1.4711,1.4788,2508921.11,0.0,0.0,0
1h,1771203600.0,1.4788,1.4831,1.465,1.4741,1468237.89,0.0,0.0,0
1h,1771207200.0,1.4741,1.4807,1.4541,1.4561,683781.94,0.0,0.0,0
1h,1771210800.0,1.4561,1.4627,1.4538,1.4616,747751.0,0.0,0.0,0
1h,1771214400.0,1.4616,1.4759,1.4601,1.4742,887086.29,0.0,0.0,0
1h,1771218000.0,1.4742,1.476,1.4485,1.456,1153846.86,0.0,0.0,0
1h,1771221600.0,1.456,1.4684,1.4544,1.4652,1155633.35,0.0,0.0,0
1h,1771225200.0,1.4652,1.4711,1.4578,1.4612,1104802.08,0.0,0.0,0
1h,1771228800.0,1.4612,1.4709,1.4612,1.4702,936503.99,0.0,0.0,0
1h,1771232400.0,1.4702,1.5141,1.469,1.5021,2544202.8,0.0,0.0,0
1h,1771236000.0,1.5021,1.5029,1.4835,1.4903,1208213.08,0.0,0.0,0
1h,1771239600.0,1.4903,1.4931,1.4685,1.4834,1354755.32,0.0,0.0,0
1h,1771243200.0,1.4834,1.508,1.48,1.5049,2444373.57,0.0,0.0,0
1h,1771246800.0,1.5049,1.5164,1.4807,1.4905,4455617.78,0.0,0.0,0
1h,1771250400.0,1.4905,1.5089,1.4846,1.4946,2629856.17,0.0,0.0,0
1h,1771254000.0,1.4946,1.5031,1.4615,1.4739,3567491.62,0.0,0.0,0
1h,1771257600.0,1.4739,1.4947,1.4725,1.4873,1838838.93,0.0,0.0,0
1h,1771261200.0,1.4873,1.4931,1.4813,1.4831,1683226.16,0.0,0.0,0
1h,1771264800.0,1.4831,1.4869,1.4711,1.4719,685979.63,0.0,0.0,0
1h,1771268400.0,1.4719,1.4822,1.4718,1.4753,692761.79,0.0,0.0,0
1h,1771272000.0,1.4753,1.4889,1.4685,1.4859,1233995.63,0.0,0.0,0
1h,1771275600.0,1.4859,1.4935,1.4809,1.4914,632420.47,0.0,0.0,0
1h,1771279200.0,1.4914,1.4938,1.4817,1.4837,982790.11,0.0,0.0,0
1h,1771282800.0,1.4837,1.4904,1.482,1.4875,544006.15,0.0,0.0,0
1h,1771286400.0,1.4875,1.4909,1.4818,1.4836,687237.97,0.0,0.0,0
1h,1771290000.0,1.4836,1.4917,1.4789,1.4794,768793.45,0.0,0.0,0
1h,1771293600.0,1.4794,1.4934,1.473,1.4872,1374406.75,0.0,0.0,0
1h,1771297200.0,1.4872,1.4898,1.4825,1.4829,681567.67,0.0,0.0,0
1h,1771300800.0,1.4829,1.4889,1.4746,1.4864,645953.43,0.0,0.0,0
1h,1771304400.0,1.4864,1.4879,1.4708,1.4757,715002.43,0.0,0.0,0
1h,1771308000.0,1.4757,1.4807,1.4742,1.4789,464463.29,0.0,0.0,0
1h,1771311600.0,1.4789,1.4789,1.4694,1.4732,497137.33,0.0,0.0,0
1h,1771315200.0,1.4732,1.4769,1.4639,1.4667,846802.09,0.0,0.0,0
1h,1771318800.0,1.4667,1.4672,1.4538,1.4613,1145909.33,0.0,0.0,0
1h,1771322400.0,1.4613,1.4624,1.4514,1.4555,647023.39,0.0,0.0,0
1h,1771326000.0,1.4555,1.4599,1.45,1.4527,1210482.35,0.0,0.0,0
1h,1771329600.0,1.4527,1.4629,1.452,1.4567,970765.15,0.0,0.0,0
1h,1771333200.0,1.4567,1.4634,1.4517,1.4579,1217517.57,0.0,0.0,0
1h,1771336800.0,1.4579,1.4627,1.4272,1.4355,3274566.08,0.0,0.0,0
1h,1771340400.0,1.4355,1.4583,1.4345,1.4569,1949054.97,0.0,0.0,0
1h,1771344000.0,1.4569,1.4949,1.4569,1.4771,3355924.98,0.0,0.0,0
1h,1771347600.0,1.4771,1.4796,1.457,1.4654,1240731.81,0.0,0.0,0
1h,1771351200.0,1.4654,1.4896,1.4639,1.4834,1763629.11,0.0,0.0,0
1h,1771354800.0,1.4834,1.4892,1.4763,1.4856,1046601.36,0.0,0.0,0
1h,1771358400.0,1.4856,1.489,1.4753,1.4877,1253498.18,0.0,0.0,0
1h,1771362000.0,1.4877,1.4937,1.4795,1.4838,1094955.78,0.0,0.0,0
1h,1771365600.0,1.4838,1.4848,1.473,1.4746,344848.62,0.0,0.0,0
1h,1771369200.0,1.4746,1.4772,1.4706,1.474,371721.18,0.0,0.0,0
1h,1771372800.0,1.474,1.4792,1.4689,1.4696,729726.01,0.0,0.0,0
1h,1771376400.0,1.4696,1.4709,1.4635,1.4669,901430.12,0.0,0.0,0
1h,1771380000.0,1.4669,1.4767,1.4664,1.4754,354760.61,0.0,0.0,0
1h,1771383600.0,1.4754,1.4833,1.4742,1.4794,423440.2,0.0,0.0,0
1h,1771387200.0,1.4794,1.4848,1.4763,1.4806,517434.48,0.0,0.0,0
1h,1771390800.0,1.4806,1.4875,1.4753,1.4759,1229884.75,0.0,0.0,0
1h,1771394400.0,1.4759,1.4839,1.4754,1.4801,726445.15,0.0,0.0,0
1h,1771398000.0,1.4801,1.4887,1.4767,1.4868,383005.52,0.0,0.0,0
1h,1771401600.0,1.4868,1.4938,1.4856,1.4893,772013.32,0.0,0.0,0
1h,1771405200.0,1.4893,1.4923,1.4847,1.4877,295160.78,0.0,0.0,0
1h,1771408800.0,1.4877,1.4901,1.4764,1.4784,689464.66,0.0,0.0,0
1h,1771412400.0,1.4784,1.4786,1.4636,1.4665,1010902.18,0.0,0.0,0
1h,1771416000.0,1.4665,1.4715,1.4588,1.4649,1287176.09,0.0,0.0,0
1h,1771419600.0,1.4649,1.4715,1.4606,1.4688,1298450.33,0.0,0.0,0
1h,1771423200.0,1.4688,1.471,1.4521,1.4655,1775435.94,0.0,0.0,0
1h,1771426800.0,1.4655,1.4887,1.4641,1.4766,1510735.02,0.0,0.0,0
1h,1771430400.0,1.4766,1.4771,1.4568,1.4599,1251648.18,0.0,0.0,0
1h,1771434000.0,1.4599,1.4712,1.4548,1.4565,1008957.38,0.0,0.0,0
1h,1771437600.0,1.4565,1.4589,1.4401,1.441,1380012.62,0.0,0.0,0
1h,1771441200.0,1.441,1.4458,1.4192,1.4229,3848460.17,0.0,0.0,0
1h,1771444800.0,1.4229,1.4333,1.4208,1.4221,1467403.83,0.0,0.0,0
1h,1771448400.0,1.4221,1.429,1.4172,1.4202,728493.91,0.0,0.0,0
1h,1771452000.0,1.4202,1.4243,1.4155,1.4207,732152.87,0.0,0.0,0
1h,1771455600.0,1.4207,1.4229,1.4104,1.4218,906522.97,0.0,0.0,0
1h,1771459200.0,1.4218,1.4242,1.4151,1.4173,600287.2,0.0,0.0,0
1h,1771462800.0,1.4173,1.4268,1.4146,1.4268,1609791.34,0.0,0.0,0
1h,1771466400.0,1.4268,1.4299,1.42,1.4265,510972.06,0.0,0.0,0
1h,1771470000.0,1.4265,1.4301,1.4223,1.4286,1040570.28,0.0,0.0,0
1h,1771473600.0,1.4286,1.4308,1.4164,1.4178,432543.19,0.0,0.0,0
1h,1771477200.0,1.4178,1.4211,1.4051,1.4126,909179.01,0.0,0.0,0
1h,1771480800.0,1.4126,1.4275,1.412,1.4275,731101.15,0.0,0.0,0
1h,1771484400.0,1.4275,1.4382,1.4218,1.4328,1416276.26,0.0,0.0,0
1h,1771488000.0,1.4328,1.4341,1.4147,1.4168,1555551.57,0.0,0.0,0
1h,1771491600.0,1.4168,1.4278,1.414,1.4152,1091699.71,0.0,0.0,0
1h,1771495200.0,1.4152,1.4174,1.4076,1.4109,622007.44,0.0,0.0,0
1h,1771498800.0,1.4109,1.4171,1.4064,1.4094,662347.9,0.0,0.0,0
1h,1771502400.0,1.4094,1.4144,1.4057,1.4079,1047941.05,0.0,0.0,0
1h,1771506000.0,1.4079,1.4093,1.3866,1.392,3353359.58,0.0,0.0,0
1h,1771509600.0,1.392,1.4052,1.3897,1.4008,3323437.73,0.0,0.0,0
1h,1771513200.0,1.4008,1.4099,1.3863,1.3976,2219241.31,0.0,0.0,0
1h,1771516800.0,1.3976,1.3988,1.3819,1.3921,2165834.72,0.0,0.0,0
1h,1771520400.0,1.3921,1.4129,1.3909,1.3961,1672542.22,0.0,0.0,0
1h,1771524000.0,1.3961,1.4141,1.3942,1.4132,919421.29,0.0,0.0,0
1h,1771527600.0,1.4132,1.4187,1.4041,1.4124,1037563.36,0.0,0.0,0
1h,1771531200.0,1.4124,1.4148,1.4044,1.4112,1107142.99,0.0,0.0,0
1h,1771534800.0,1.4112,1.413,1.4073,1.4081,572810.36,0.0,0.0,0
1h,1771538400.0,1.4081,1.411,1.3954,1.4012,645186.35,0.0,0.0,0
1h,1771542000.0,1.4012,1.4095,1.4,1.4069,787016.51,0.0,0.0,0
1h,1771545600.0,1.4069,1.4219,1.4055,1.4169,1008690.24,0.0,0.0,0
1h,1771549200.0,1.4169,1.4254,1.4156,1.4254,827238.69,0.0,0.0,0
1h,1771552800.0,1.4254,1.4287,1.4177,1.4177,401570.04,0.0,0.0,0
1h,1771556400.0,1.4177,1.4209,1.4117,1.413,491834.07,0.0,0.0,0
1h,1771560000.0,1.413,1.4137,1.4006,1.4105,439419.33,0.0,0.0,0
1h,1771563600.0,1.4105,1.4244,1.405,1.4188,1067708.12,0.0,0.0,0
1h,1771567200.0,1.4188,1.4218,1.4134,1.4202,519177.42,0.0,0.0,0
1h,1771570800.0,1.4202,1.4237,1.4166,1.4198,454334.8,0.0,0.0,0
1h,1771574400.0,1.4198,1.4227,1.4139,1.4188,578913.5,0.0,0.0,0
1h,1771578000.0,1.4188,1.4288,1.4175,1.4231,952980.97,0.0,0.0,0
1h,1771581600.0,1.4231,1.4279,1.4204,1.421,1095072.71,0.0,0.0,0
1h,1771585200.0,1.421,1.4224,1.403,1.4058,1344647.47,0.0,0.0,0
1h,1771588800.0,1.4058,1.4093,1.403,1.405,1111728.58,0.0,0.0,0
1h,1771592400.0,1.405,1.4052,1.3773,1.3841,2824469.29,0.0,0.0,0
1h,1771596000.0,1.3841,1.4075,1.3836,1.3996,1817960.64,0.0,0.0,0
1h,1771599600.0,1.3996,1.4305,1.3996,1.4286,4782943.98,0.0,0.0,0
1h,1771603200.0,1.4286,1.4389,1.4235,1.4326,4318521.14,0.0,0.0,0
1h,1771606800.0,1.4326,1.4326,1.4078,1.4298,2978122.09,0.0,0.0,0
1h,1771610400.0,1.4298,1.439,1.4234,1.4329,2002560.11,0.0,0.0,0
1h,1771614000.0,1.4329,1.4351,1.4211,1.4237,1026513.32,0.0,0.0,0
1h,1771617600.0,1.4237,1.4296,1.4146,1.42,868455.84,0.0,0.0,0
1h,1771621200.0,1.42,1.4256,1.4177,1.4219,649744.0,0.0,0.0,0
1h,1771624800.0,1.4219,1.4302,1.4176,1.4301,743985.49,0.0,0.0,0
1h,1771628400.0,1.4301,1.4316,1.4238,1.4294,663509.09,0.0,0.0,0
1h,1771632000.0,1.4294,1.4295,1.4197,1.4228,552361.38,0.0,0.0,0
1h,1771635600.0,1.4228,1.4329,1.4228,1.4307,348982.87,0.0,0.0,0
1h,1771639200.0,1.4307,1.4335,1.4284,1.4306,352849.22,0.0,0.0,0
1h,1771642800.0,1.4306,1.4308,1.4235,1.4256,498710.88,0.0,0.0,0
1h,1771646400.0,1.4256,1.4296,1.4245,1.4285,387528.66,0.0,0.0,0
1h,1771650000.0,1.4285,1.4315,1.4269,1.4279,509905.58,0.0,0.0,0
1h,1771653600.0,1.4279,1.4354,1.4279,1.4294,738708.66,0.0,0.0,0
1h,1771657200.0,1.4294,1.4327,1.428,1.4311,231279.94,0.0,0.0,0
1h,1771660800.0,1.4311,1.4353,1.4275,1.4339,589479.67,0.0,0.0,0
1h,1771664400.0,1.4339,1.4461,1.4321,1.4394,1087774.8,0.0,0.0,0
1h,1771668000.0,1.4394,1.4426,1.4369,1.4398,372181.0,0.0,0.0,0
1h,1771671600.0,1.4398,1.4459,1.4387,1.4439,652557.22,0.0,0.0,0
1h,1771675200.0,1.4439,1.4453,1.436,1.4401,638995.75,0.0,0.0,0
1h,1771678800.0,1.4401,1.4481,1.4371,1.4478,437432.89,0.0,0.0,0
1h,1771682400.0,1.4478,1.4644,1.4448,1.4554,1505197.05,0.0,0.0,0
1h,1771686000.0,1.4554,1.4574,1.4469,1.4503,737011.56,0.0,0.0,0
1h,1771689600.0,1.4503,1.4522,1.4386,1.4416,822997.87,0.0,0.0,0
1h,1771693200.0,1.4416,1.4431,1.4364,1.4422,356548.19,0.0,0.0,0
1h,1771696800.0,1.4422,1.4497,1.4417,1.4479,568050.28,0.0,0.0,0
1h,1771700400.0,1.4479,1.4488,1.4425,1.4433,249645.28,0.0,0.0,0
1h,1771704000.0,1.4433,1.444,1.4348,1.4376,538030.32,0.0,0.0,0
1h,1771707600.0,1.4376,1.4419,1.4355,1.4412,205079.4,0.0,0.0,0
1h,1771711200.0,1.4412,1.4433,1.4316,1.4327,733584.45,0.0,0.0,0
1h,1771714800.0,1.4327,1.4357,1.4301,1.4305,296562.5,0.0,0.0,0
1h,1771718400.0,1.4305,1.4339,1.4244,1.4275,354778.88,0.0,0.0,0
1h,1771722000.0,1.4275,1.433,1.4274,1.4328,282481.6,0.0,0.0,0
1h,1771725600.0,1.4328,1.433,1.4222,1.4239,367758.73,0.0,0.0,0
1h,1771729200.0,1.4239,1.4277,1.4183,1.4237,410576.29,0.0,0.0,0
1h,1771732800.0,1.4237,1.4258,1.4217,1.4228,170135.62,0.0,0.0,0
1h,1771736400.0,1.4228,1.4229,1.4173,1.4209,324777.42,0.0,0.0,0
1h,1771740000.0,1.4209,1.4247,1.4184,1.4232,419826.48,0.0,0.0,0
1h,1771743600.0,1.4232,1.424,1.4192,1.4213,312600.01,0.0,0.0,0
1h,1771747200.0,1.4213,1.4236,1.4169,1.4181,234099.9,0.0,0.0,0
1h,1771750800.0,1.4181,1.4224,1.4174,1.4208,203091.9,0.0,0.0,0
1h,1771754400.0,1.4208,1.4262,1.4193,1.4213,328857.35,0.0,0.0,0
1h,1771758000.0,1.4213,1.4249,1.4206,1.4236,239445.46,0.0,0.0,0
1h,1771761600.0,1.4236,1.4238,1.4071,1.4091,793271.43,0.0,0.0,0
1h,1771765200.0,1.4091,1.4111,1.3977,1.4,1232004.91,0.0,0.0,0
1h,1771768800.0,1.4,1.4026,1.3944,1.3971,733510.53,0.0,0.0,0
1h,1771772400.0,1.3971,1.3973,1.3859,1.3934,1077445.6,0.0,0.0,0
1h,1771776000.0,1.3934,1.395,1.3879,1.3927,505070.5,0.0,0.0,0
1h,1771779600.0,1.3927,1.3928,1.3834,1.3882,737041.65,0.0,0.0,0
1h,1771783200.0,1.3882,1.3919,1.387,1.3902,202296.23,0.0,0.0,0
1h,1771786800.0,1.3902,1.3908,1.3853,1.3867,387006.94,0.0,0.0,0
1h,1771790400.0,1.3867,1.387,1.38,1.3832,930190.43,0.0,0.0,0
1h,1771794000.0,1.3832,1.3922,1.3832,1.3914,467764.58,0.0,0.0,0
1h,1771797600.0,1.3914,1.4019,1.3895,1.4011,947177.85,0.0,0.0,0
1h,1771801200.0,1.4011,1.4012,1.3882,1.3931,544485.81,0.0,0.0,0
1h,1771804800.0,1.3931,1.3947,1.3638,1.3648,1570484.2,0.0,0.0,0
1h,1771808400.0,1.3648,1.3662,1.3302,1.3325,6817126.96,0.0,0.0,0
1h,1771812000.0,1.3325,1.3438,1.332,1.3423,1748271.42,0.0,0.0,0
1h,1771815600.0,1.3423,1.3529,1.339,1.3412,1701269.91,0.0,0.0,0
1h,1771819200.0,1.3412,1.3422,1.3358,1.3386,839579.67,0.0,0.0,0
1h,1771822800.0,1.3386,1.3489,1.3386,1.3432,1438489.17,0.0,0.0,0
1h,1771826400.0,1.3432,1.3693,1.3422,1.3682,1571026.8,0.0,0.0,0
1h,1771830000.0,1.3682,1.3782,1.3673,1.3713,997887.06,0.0,0.0,0
1h,1771833600.0,1.3713,1.3732,1.3621,1.366,1132903.42,0.0,0.0,0
1h,1771837200.0,1.366,1.3963,1.3656,1.3914,2452882.22,0.0,0.0,0
1h,1771840800.0,1.3914,1.3974,1.3872,1.3926,1467684.13,0.0,0.0,0
1h,1771844400.0,1.3926,1.406,1.3915,1.3967,1467353.31,0.0,0.0,0
1h,1771848000.0,1.3967,1.425,1.3954,1.4126,2541525.27,0.0,0.0,0
1h,1771851600.0,1.4126,1.4154,1.3948,1.3959,1678083.84,0.0,0.0,0
1h,1771855200.0,1.3959,1.399,1.3705,1.3837,3545983.27,0.0,0.0,0
1h,1771858800.0,1.3837,1.3906,1.3674,1.3708,2110242.93,0.0,0.0,0
1h,1771862400.0,1.3708,1.3784,1.3616,1.3664,1718753.9,0.0,0.0,0
1h,1771866000.0,1.3664,1.37,1.3484,1.3645,1927854.52,0.0,0.0,0
1h,1771869600.0,1.3645,1.3759,1.3611,1.3653,1164485.51,0.0,0.0,0
1h,1771873200.0,1.3653,1.3667,1.3556,1.3572,548925.75,0.0,0.0,0
1h,1771876800.0,1.3572,1.3597,1.3501,1.3553,613080.61,0.0,0.0,0
1h,1771880400.0,1.3553,1.3636,1.3503,1.3618,482450.27,0.0,0.0,0
1h,1771884000.0,1.3618,1.3673,1.3551,1.3562,1413798.69,0.0,0.0,0
1h,1771887600.0,1.3562,1.3595,1.3505,1.3521,874703.45,0.0,0.0,0
1h,1771891200.0,1.3521,1.3582,1.3519,1.3571,722002.92,0.0,0.0,0
1h,1771894800.0,1.3571,1.3625,1.3273,1.3506,3748206.26,0.0,0.0,0
1h,1771898400.0,1.3506,1.3581,1.3432,1.3481,1386629.77,0.0,0.0,0
1h,1771902000.0,1.3481,1.3481,1.3279,1.3324,1661974.9,0.0,0.0,0
1h,1771905600.0,1.3324,1.3353,1.3219,1.3318,1556102.59,0.0,0.0,0
1h,1771909200.0,1.3318,1.3428,1.3254,1.3316,1474822.51,0.0,0.0,0
1h,1771912800.0,1.3316,1.3374,1.3262,1.3296,715053.97,0.0,0.0,0
1h,1771916400.0,1.3296,1.3314,1.3226,1.3267,639498.74,0.0,0.0,0
1h,1771920000.0,1.3267,1.3354,1.3223,1.3324,825751.13,0.0,0.0,0
1h,1771923600.0,1.3324,1.3346,1.3215,1.3318,881906.5,0.0,0.0,0
1h,1771927200.0,1.3318,1.3359,1.327,1.3307,977533.05,0.0,0.0,0
1h,1771930800.0,1.3307,1.3345,1.3281,1.3335,645132.7,0.0,0.0,0
1h,1771934400.0,1.3335,1.3382,1.3293,1.3322,1745094.32,0.0,0.0,0
1h,1771938000.0,1.3322,1.3357,1.3224,1.3306,1134966.03,0.0,0.0,0
1h,1771941600.0,1.3306,1.3456,1.3126,1.3358,3198345.09,0.0,0.0,0
1h,1771945200.0,1.3358,1.353,1.3324,1.3517,1632110.75,0.0,0.0,0
1h,1771948800.0,1.3517,1.3642,1.3452,1.3577,2008103.38,0.0,0.0,0
1h,1771952400.0,1.3577,1.3636,1.356,1.3595,1144032.05,0.0,0.0,0
1h,1771956000.0,1.3595,1.3676,1.3528,1.3605,1457567.41,0.0,0.0,0
1h,1771959600.0,1.3605,1.364,1.35,1.3554,986915.09,0.0,0.0,0
1h,1771963200.0,1.3554,1.3636,1.3547,1.3573,1177653.29,0.0,0.0,0
1h,1771966800.0,1.3573,1.3588,1.3495,1.352,1091295.48,0.0,0.0,0
1h,1771970400.0,1.352,1.3579,1.3501,1.353,953944.87,0.0,0.0,0
1h,1771974000.0,1.353,1.3544,1.3416,1.3481,639218.15,0.0,0.0,0
1h,1771977600.0,1.3481,1.3522,1.3405,1.3469,1712934.39,0.0,0.0,0
1h,1771981200.0,1.3469,1.3995,1.3459,1.3866,6651135.35,0.0,0.0,0
1h,1771984800.0,1.3866,1.3948,1.3787,1.3795,2340292.01,0.0,0.0,0
1h,1771988400.0,1.3795,1.3814,1.3664,1.3699,1362757.66,0.0,0.0,0
1h,1771992000.0,1.3699,1.3756,1.3599,1.3688,1434314.17,0.0,0.0,0
1h,1771995600.0,1.3688,1.3702,1.353,1.3586,1288516.6,0.0,0.0,0
1h,1771999200.0,1.3586,1.3667,1.3573,1.3601,629878.6,0.0,0.0,0
1h,1772002800.0,1.3601,1.3681,1.3587,1.3659,469457.61,0.0,0.0,0
1h,1772006400.0,1.3659,1.3741,1.363,1.3726,765097.59,0.0,0.0,0
1h,1772010000.0,1.3726,1.3829,1.372,1.3804,979547.9,0.0,0.0,0
1h,1772013600.0,1.3804,1.3841,1.3743,1.3754,617406.64,0.0,0.0,0
1h,1772017200.0,1.3754,1.3855,1.3726,1.3839,941434.42,0.0,0.0,0
1h,1772020800.0,1.3839,1.4033,1.3813,1.3999,1659906.89,0.0,0.0,0
1h,1772024400.0,1.3999,1.4244,1.3986,1.4132,2592611.59,0.0,0.0,0
1h,1772028000.0,1.4132,1.4368,1.4132,1.4361,4251874.23,0.0,0.0,0
1h,1772031600.0,1.4361,1.4459,1.4253,1.4411,4091557.1,0.0,0.0,0
1h,1772035200.0,1.4411,1.4506,1.4378,1.4486,2707787.84,0.0,0.0,0
1h,1772038800.0,1.4486,1.4741,1.446,1.4665,3446360.8,0.0,0.0,0
1h,1772042400.0,1.4665,1.4768,1.4562,1.472,2373404.5,0.0,0.0,0
1h,1772046000.0,1.472,1.4731,1.4538,1.4666,3450736.16,0.0,0.0,0
1h,1772049600.0,1.4666,1.4711,1.457,1.4646,2978383.22,0.0,0.0,0
1h,1772053200.0,1.4646,1.4936,1.4628,1.4759,4878500.14,0.0,0.0,0
1h,1772056800.0,1.4759,1.4881,1.4444,1.4558,3382703.0,0.0,0.0,0
1h,1772060400.0,1.4558,1.4573,1.4193,1.4338,4664948.03,0.0,0.0,0
1h,1772064000.0,1.4338,1.4475,1.4268,1.4394,1788227.7,0.0,0.0,0
1h,1772067600.0,1.4394,1.4437,1.4234,1.4239,1258015.76,0.0,0.0,0
1h,1772071200.0,1.4239,1.4395,1.4186,1.438,1376107.47,0.0,0.0,0
1h,1772074800.0,1.438,1.4458,1.4341,1.442,1207492.04,0.0,0.0,0
1h,1772078400.0,1.442,1.4691,1.4402,1.4589,2007277.71,0.0,0.0,0
1h,1772082000.0,1.4589,1.4597,1.4402,1.448,1630155.84,0.0,0.0,0
1h,1772085600.0,1.448,1.4553,1.4434,1.4446,1052265.63,0.0,0.0,0
1h,1772089200.0,1.4446,1.4455,1.4303,1.434,916966.24,0.0,0.0,0
1h,1772092800.0,1.434,1.4452,1.4339,1.4359,1223708.68,0.0,0.0,0
1h,1772096400.0,1.4359,1.4533,1.4347,1.452,1098647.41,0.0,0.0,0
1h,1772100000.0,1.452,1.4569,1.4413,1.4427,1223269.64,0.0,0.0,0
1h,1772103600.0,1.4427,1.4454,1.4346,1.4371,675300.23,0.0,0.0,0
1h,1772107200.0,1.4371,1.4439,1.4357,1.4422,1044781.08,0.0,0.0,0
1h,1772110800.0,1.4422,1.446,1.4363,1.4399,1004665.13,0.0,0.0,0
1h,1772114400.0,1.4399,1.4449,1.4224,1.4357,2778742.38,0.0,0.0,0
1h,1772118000.0,1.4357,1.4362,1.4083,1.4213,5029278.4,0.0,0.0,0
1h,1772121600.0,1.4213,1.4235,1.3854,1.3887,4446116.34,0.0,0.0,0
1h,1772125200.0,1.3887,1.3983,1.3843,1.3879,2471737.89,0.0,0.0,0
1h,1772128800.0,1.3879,1.3995,1.3825,1.3937,2507169.95,0.0,0.0,0
1h,1772132400.0,1.3937,1.4125,1.3929,1.407,3589848.27,0.0,0.0,0
1h,1772136000.0,1.407,1.4131,1.3932,1.3939,1941964.17,0.0,0.0,0
1h,1772139600.0,1.3939,1.3972,1.3882,1.3948,754421.81,0.0,0.0,0
1h,1772143200.0,1.3948,1.4053,1.3937,1.4026,688670.26,0.0,0.0,0
1h,1772146800.0,1.4026,1.4036,1.3969,1.4025,656840.17,0.0,0.0,0
1h,1772150400.0,1.4025,1.4045,1.3933,1.4015,2046698.38,0.0,0.0,0
1h,1772154000.0,1.4015,1.4063,1.3961,1.4054,845614.91,0.0,0.0,0
1h,1772157600.0,1.4054,1.4131,1.4051,1.4067,1275852.22,0.0,0.0,0
1h,1772161200.0,1.4067,1.4092,1.4,1.4077,852245.32,0.0,0.0,0
1h,1772164800.0,1.4077,1.4215,1.4054,1.4077,1794293.16,0.0,0.0,0
1h,1772168400.0,1.4077,1.4148,1.4069,1.4104,679337.45,0.0,0.0,0
1h,1772172000.0,1.4104,1.4145,1.4042,1.4124,722383.2,0.0,0.0,0
1h,1772175600.0,1.4124,1.4173,1.4061,1.417,791886.65,0.0,0.0,0
1h,1772179200.0,1.417,1.4236,1.4148,1.4216,1048580.02,0.0,0.0,0
1h,1772182800.0,1.4216,1.4261,1.405,1.4068,1078200.04,0.0,0.0,0
1h,1772186400.0,1.4068,1.4074,1.387,1.3888,2446996.74,0.0,0.0,0
1h,1772190000.0,1.3888,1.3967,1.3801,1.3826,1949825.94,0.0,0.0,0
1h,1772193600.0,1.3826,1.3851,1.373,1.3776,1634600.96,0.0,0.0,0
1h,1772197200.0,1.3776,1.3821,1.3632,1.3711,3447383.82,0.0,0.0,0
1h,1772200800.0,1.3711,1.3741,1.3575,1.3593,2813248.77,0.0,0.0,0
1h,1772204400.0,1.3593,1.3666,1.3525,1.3569,3780053.07,0.0,0.0,0
1h,1772208000.0,1.3569,1.3588,1.3483,1.3509,3381107.36,0.0,0.0,0
1h,1772211600.0,1.3509,1.3595,1.3384,1.3579,6113822.42,0.0,0.0,0
1h,1772215200.0,1.3579,1.3641,1.3528,1.3567,3522999.91,0.0,0.0,0
1h,1772218800.0,1.3567,1.3573,1.3463,1.3509,2925944.56,0.0,0.0,0
1h,1772222400.0,1.3509,1.3563,1.3505,1.3531,1032331.53,0.0,0.0,0
1h,1772226000.0,1.3531,1.3563,1.3477,1.3514,1554370.17,0.0,0.0,0
1h,1772229600.0,1.3514,1.3557,1.3378,1.354,1706052.39,0.0,0.0,0
1h,1772233200.0,1.354,1.3572,1.3513,1.3564,969996.61,0.0,0.0,0
1h,1772236800.0,1.3564,1.3634,1.3553,1.3624,1617262.02,0.0,0.0,0
1h,1772240400.0,1.3624,1.3655,1.3569,1.3587,686199.65,0.0,0.0,0
1h,1772244000.0,1.3587,1.3631,1.3568,1.3614,388375.77,0.0,0.0,0
1h,1772247600.0,1.3614,1.3616,1.3528,1.3548,493246.87,0.0,0.0,0
1h,1772251200.0,1.3548,1.358,1.3497,1.3539,432328.61,0.0,0.0,0
1h,1772254800.0,1.3539,1.3559,1.3468,1.3496,593635.47,0.0,0.0,0
1h,1772258400.0,1.3496,1.3513,1.2933,1.2965,7927369.46,0.0,0.0,0
1h,1772262000.0,1.2965,1.3226,1.2901,1.3031,4922572.59,0.0,0.0,0
1h,1772265600.0,1.3031,1.3031,1.2835,1.2866,2889882.08,0.0,0.0,0
1h,1772269200.0,1.2866,1.2896,1.2717,1.2781,2254795.17,0.0,0.0,0
1h,1772272800.0,1.2781,1.2948,1.2702,1.2895,3172380.15,0.0,0.0,0
1h,1772276400.0,1.2895,1.3071,1.2869,1.293,3367940.07,0.0,0.0,0
1h,1772280000.0,1.293,1.2993,1.2921,1.2958,1458936.74,0.0,0.0,0
1h,1772283600.0,1.2958,1.344,1.2947,1.3414,6426291.99,0.0,0.0,0
1h,1772287200.0,1.3414,1.3502,1.3144,1.3184,5289514.15,0.0,0.0,0
1h,1772290800.0,1.3184,1.333,1.3111,1.3237,3390954.85,0.0,0.0,0
1h,1772294400.0,1.3237,1.3315,1.3171,1.3262,1459402.57,0.0,0.0,0
1h,1772298000.0,1.3262,1.3307,1.3142,1.3286,2186537.62,0.0,0.0,0
1h,1772301600.0,1.3286,1.3488,1.3228,1.3428,1934225.8,0.0,0.0,0
1h,1772305200.0,1.3428,1.3592,1.3352,1.3543,2183223.02,0.0,0.0,0
1h,1772308800.0,1.3543,1.3845,1.3505,1.3808,2820047.68,0.0,0.0,0
1h,1772312400.0,1.3808,1.3829,1.3654,1.3773,2022427.9,0.0,0.0,0
1h,1772316000.0,1.3773,1.3929,1.375,1.3807,1402465.01,0.0,0.0,0
1h,1772319600.0,1.3807,1.3866,1.3739,1.3762,889295.18,0.0,0.0,0
1h,1772323200.0,1.3762,1.3823,1.3722,1.3789,1026191.46,0.0,0.0,0
1h,1772326800.0,1.3789,1.4143,1.3652,1.4031,3313325.19,0.0,0.0,0
1h,1772330400.0,1.4031,1.4332,1.4029,1.4249,4536083.01,0.0,0.0,0
1h,1772334000.0,1.4249,1.4331,1.4136,1.4185,2566819.86,0.0,0.0,0
1h,1772337600.0,1.4185,1.4216,1.4049,1.4138,2177458.33,0.0,0.0,0
1h,1772341200.0,1.4138,1.4195,1.4089,1.4092,879544.09,0.0,0.0,0
1h,1772344800.0,1.4092,1.4103,1.3887,1.3947,2335990.14,0.0,0.0,0
1h,1772348400.0,1.3947,1.4022,1.3932,1.3979,855819.05,0.0,0.0,0
1h,1772352000.0,1.3979,1.4,1.3764,1.3803,1440049.86,0.0,0.0,0
1h,1772355600.0,1.3803,1.3875,1.37,1.3731,1784023.58,0.0,0.0,0
1h,1772359200.0,1.3731,1.3817,1.367,1.3767,1427108.94,0.0,0.0,0
1h,1772362800.0,1.3767,1.3823,1.3753,1.3763,641739.19,0.0,0.0,0
1h,1772366400.0,1.3763,1.3788,1.3674,1.3679,629446.44,0.0,0.0,0
1h,1772370000.0,1.3679,1.3964,1.3616,1.3883,2971638.35,0.0,0.0,0
1h,1772373600.0,1.3883,1.4033,1.3738,1.3805,2405544.29,0.0,0.0,0
1h,1772377200.0,1.3805,1.3909,1.3767,1.3786,1407082.11,0.0,0.0,0
1h,1772380800.0,1.3786,1.3863,1.3594,1.37,1724701.27,0.0,0.0,0
1h,1772384400.0,1.37,1.372,1.3566,1.3662,1083599.5,0.0,0.0,0
1h,1772388000.0,1.3662,1.3788,1.3639,1.3681,1201805.58,0.0,0.0,0
1h,1772391600.0,1.3681,1.3682,1.3538,1.3565,914315.11,0.0,0.0,0
1h,1772395200.0,1.3565,1.3565,1.3372,1.3416,1700951.47,0.0,0.0,0
1h,1772398800.0,1.3416,1.3568,1.3413,1.3541,861388.14,0.0,0.0,0
1h,1772402400.0,1.3541,1.3729,1.3413,1.3423,2494047.75,0.0,0.0,0
1h,1772406000.0,1.3423,1.3588,1.3397,1.3525,1024544.07,0.0,0.0,0
1h,1772409600.0,1.3525,1.3727,1.3509,1.3651,1180811.54,0.0,0.0,0
1h,1772413200.0,1.3651,1.3814,1.3636,1.3678,1508501.43,0.0,0.0,0
1h,1772416800.0,1.3678,1.3727,1.3539,1.3643,914282.84,0.0,0.0,0
1h,1772420400.0,1.3643,1.3776,1.3611,1.3739,986720.52,0.0,0.0,0
1h,1772424000.0,1.3739,1.3754,1.3648,1.3667,613236.41,0.0,0.0,0
1h,1772427600.0,1.3667,1.37,1.357,1.3623,629760.93,0.0,0.0,0
1h,1772431200.0,1.3623,1.3638,1.3477,1.35,1417241.58,0.0,0.0,0
1h,1772434800.0,1.35,1.351,1.338,1.347,1180293.35,0.0,0.0,0
1h,1772438400.0,1.347,1.3553,1.3385,1.3542,1427145.65,0.0,0.0,0
1h,1772442000.0,1.3542,1.3627,1.3527,1.3534,1209151.82,0.0,0.0,0
1h,1772445600.0,1.3534,1.3557,1.3483,1.3536,598945.73,0.0,0.0,0
1h,1772449200.0,1.3536,1.3574,1.3466,1.3517,753693.39,0.0,0.0,0
1h,1772452800.0,1.3517,1.354,1.3468,1.3478,662572.98,0.0,0.0,0
1h,1772456400.0,1.3478,1.3505,1.3386,1.3397,929241.32,0.0,0.0,0
1h,1772460000.0,1.3397,1.3786,1.334,1.3734,3482982.11,0.0,0.0,0
1h,1772463600.0,1.3734,1.4153,1.3694,1.4006,6809692.37,0.0,0.0,0
1h,1772467200.0,1.4006,1.4233,1.3976,1.4072,5959606.58,0.0,0.0,0
1h,1772470800.0,1.4072,1.4113,1.3835,1.3955,2324904.18,0.0,0.0,0
1h,1772474400.0,1.3955,1.4071,1.3859,1.4007,2653688.73,0.0,0.0,0
1h,1772478000.0,1.4007,1.4052,1.3896,1.4007,2358547.81,0.0,0.0,0
1h,1772481600.0,1.4007,1.4055,1.3881,1.3945,1916259.05,0.0,0.0,0
1h,1772485200.0,1.3945,1.3984,1.3862,1.398,730738.38,0.0,0.0,0
1h,1772488800.0,1.398,1.4066,1.3959,1.3998,1510783.43,0.0,0.0,0
1h,1772492400.0,1.3998,1.4014,1.3878,1.39,1282635.35,0.0,0.0,0
1h,1772496000.0,1.39,1.3949,1.382,1.3905,1512787.3,0.0,0.0,0
1h,1772499600.0,1.3905,1.3952,1.3819,1.3836,662147.29,0.0,0.0,0
1h,1772503200.0,1.3836,1.3841,1.3758,1.3786,1560955.38,0.0,0.0,0
1h,1772506800.0,1.3786,1.3793,1.3676,1.3734,903390.27,0.0,0.0,0
1h,1772510400.0,1.3734,1.3745,1.3647,1.3665,597966.94,0.0,0.0,0
1h,1772514000.0,1.3665,1.3776,1.3615,1.3654,978315.34,0.0,0.0,0
1h,1772517600.0,1.3654,1.367,1.3583,1.3614,571035.56,0.0,0.0,0
1h,1772521200.0,1.3614,1.3676,1.3576,1.3639,1374823.95,0.0,0.0,0
1h,1772524800.0,1.3639,1.3692,1.3475,1.3493,1515077.27,0.0,0.0,0
1h,1772528400.0,1.3493,1.3565,1.3422,1.3484,1269358.43,0.0,0.0,0
1h,1772532000.0,1.3484,1.3523,1.3426,1.3506,1521740.26,0.0,0.0,0
1h,1772535600.0,1.3506,1.354,1.3471,1.3529,810823.72,0.0,0.0,0
1h,1772539200.0,1.3529,1.3709,1.3517,1.3582,1352107.17,0.0,0.0,0
1h,1772542800.0,1.3582,1.3588,1.3437,1.3484,1180381.97,0.0,0.0,0
1h,1772546400.0,1.3484,1.3629,1.3366,1.3465,3313226.39,0.0,0.0,0
1h,1772550000.0,1.3465,1.3653,1.3391,1.3644,3110173.33,0.0,0.0,0
1h,1772553600.0,1.3644,1.3872,1.3547,1.3688,2823849.55,0.0,0.0,0
1h,1772557200.0,1.3688,1.3711,1.3532,1.3693,992314.27,0.0,0.0,0
1h,1772560800.0,1.3693,1.3758,1.3604,1.3671,907928.15,0.0,0.0,0
1h,1772564400.0,1.3671,1.3684,1.3564,1.3628,774323.41,0.0,0.0,0
1h,1772568000.0,1.3628,1.3638,1.3529,1.3539,703480.27,0.0,0.0,0
1h,1772571600.0,1.3539,1.3576,1.3484,1.3561,677794.54,0.0,0.0,0
1h,1772575200.0,1.3561,1.3652,1.3556,1.3628,551643.51,0.0,0.0,0
1h,1772578800.0,1.3628,1.3694,1.3598,1.3607,1473084.99,0.0,0.0,0
1h,1772582400.0,1.3607,1.3634,1.3532,1.3602,1080657.19,0.0,0.0,0
1h,1772586000.0,1.3602,1.3699,1.356,1.3641,1236893.67,0.0,0.0,0
1h,1772589600.0,1.3641,1.3676,1.3542,1.3606,2705976.51,0.0,0.0,0
1h,1772593200.0,1.3606,1.3622,1.3453,1.3529,1837123.69,0.0,0.0,0
1h,1772596800.0,1.3529,1.3559,1.3452,1.3514,748482.72,0.0,0.0,0
1h,1772600400.0,1.3514,1.3617,1.3495,1.3565,1066416.41,0.0,0.0,0
1h,1772604000.0,1.3565,1.3614,1.3502,1.3596,1432425.82,0.0,0.0,0
1h,1772607600.0,1.3596,1.3772,1.3582,1.3749,1375026.0,0.0,0.0,0
1h,1772611200.0,1.3749,1.4065,1.3694,1.4037,3603252.45,0.0,0.0,0
1h,1772614800.0,1.4037,1.4258,1.3977,1.4161,7835784.37,0.0,0.0,0
1h,1772618400.0,1.4161,1.4222,1.4021,1.4047,3167201.62,0.0,0.0,0
1h,1772622000.0,1.4047,1.4128,1.3945,1.3991,1899419.74,0.0,0.0,0
1h,1772625600.0,1.3991,1.4007,1.383,1.3939,1647139.96,0.0,0.0,0
1h,1772629200.0,1.3939,1.4063,1.3936,1.4058,1458814.71,0.0,0.0,0
1h,1772632800.0,1.4058,1.4254,1.4039,1.4132,4394329.68,0.0,0.0,0
1h,1772636400.0,1.4132,1.4641,1.413,1.4626,7615251.79,0.0,0.0,0
1h,1772640000.0,1.4626,1.4727,1.44,1.4501,4049413.55,0.0,0.0,0
1h,1772643600.0,1.4501,1.4553,1.4359,1.4426,1901370.5,0.0,0.0,0
1h,1772647200.0,1.4426,1.4566,1.4365,1.4542,1224014.36,0.0,0.0,0
1h,1772650800.0,1.4542,1.4701,1.4522,1.4564,2222716.49,0.0,0.0,0
1h,1772654400.0,1.4564,1.4653,1.4496,1.4595,2181879.62,0.0,0.0,0
1h,1772658000.0,1.4595,1.4601,1.4447,1.4474,2398811.2,0.0,0.0,0
1h,1772661600.0,1.4474,1.4535,1.4276,1.4304,1636338.1,0.0,0.0,0
1h,1772665200.0,1.4304,1.4343,1.4166,1.4311,1826204.35,0.0,0.0,0
1h,1772668800.0,1.4311,1.4341,1.4236,1.4269,1460372.73,0.0,0.0,0
1h,1772672400.0,1.4269,1.4361,1.4158,1.4191,1009605.31,0.0,0.0,0
1h,1772676000.0,1.4191,1.4287,1.4166,1.42,694264.6,0.0,0.0,0
1h,1772679600.0,1.42,1.4245,1.4165,1.4199,1015259.14,0.0,0.0,0
1h,1772683200.0,1.4199,1.4314,1.4187,1.4286,1053897.98,0.0,0.0,0
1h,1772686800.0,1.4286,1.4303,1.4131,1.4146,1052880.78,0.0,0.0,0
1h,1772690400.0,1.4146,1.425,1.4088,1.4243,1150376.14,0.0,0.0,0
1h,1772694000.0,1.4243,1.4296,1.4091,1.4131,1210088.59,0.0,0.0,0
1h,1772697600.0,1.4131,1.4191,1.4094,1.4185,1074296.65,0.0,0.0,0
1h,1772701200.0,1.4185,1.4316,1.4174,1.4286,1097731.17,0.0,0.0,0
1h,1772704800.0,1.4286,1.4525,1.4247,1.4478,1742227.73,0.0,0.0,0
1h,1772708400.0,1.4478,1.4499,1.4345,1.4363,1366064.36,0.0,0.0,0
1h,1772712000.0,1.4363,1.4428,1.4329,1.4409,882840.33,0.0,0.0,0
1h,1772715600.0,1.4409,1.4415,1.4203,1.4275,1715597.41,0.0,0.0,0
1h,1772719200.0,1.4275,1.4401,1.4197,1.437,2750035.94,0.0,0.0,0
1h,1772722800.0,1.437,1.4403,1.4098,1.4163,2594304.94,0.0,0.0,0
1h,1772726400.0,1.4163,1.4168,1.396,1.4113,2750206.12,0.0,0.0,0
1h,1772730000.0,1.4113,1.4187,1.3986,1.3999,1578222.68,0.0,0.0,0
1h,1772733600.0,1.3999,1.4115,1.3984,1.4101,760427.27,0.0,0.0,0
1h,1772737200.0,1.4101,1.4231,1.4101,1.4114,1537538.93,0.0,0.0,0
1h,1772740800.0,1.4114,1.4205,1.4096,1.4152,1078490.74,0.0,0.0,0
1h,1772744400.0,1.4152,1.4195,1.4035,1.4072,738913.51,0.0,0.0,0
1h,1772748000.0,1.4072,1.4094,1.4022,1.4063,829864.11,0.0,0.0,0
1h,1772751600.0,1.4063,1.4086,1.4021,1.4036,840774.07,0.0,0.0,0
1h,1772755200.0,1.4036,1.4084,1.4029,1.4046,389648.79,0.0,0.0,0
1h,1772758800.0,1.4046,1.4145,1.398,1.412,859889.73,0.0,0.0,0
1h,1772762400.0,1.412,1.4146,1.4088,1.4097,587664.8,0.0,0.0,0
1h,1772766000.0,1.4097,1.4115,1.4035,1.4055,605091.97,0.0,0.0,0
1h,1772769600.0,1.4055,1.4061,1.3914,1.3993,1003408.04,0.0,0.0,0
1h,1772773200.0,1.3993,1.403,1.3928,1.3986,657297.38,0.0,0.0,0
1h,1772776800.0,1.3986,1.4052,1.3968,1.4007,531172.13,0.0,0.0,0
1h,1772780400.0,1.4007,1.4087,1.3974,1.4079,738733.34,0.0,0.0,0
1h,1772784000.0,1.4079,1.4081,1.4015,1.4051,616149.89,0.0,0.0,0
1h,1772787600.0,1.4051,1.4066,1.3924,1.398,753355.12,0.0,0.0,0
1h,1772791200.0,1.398,1.4077,1.3973,1.4029,568402.8,0.0,0.0,0
1h,1772794800.0,1.4029,1.4045,1.3935,1.3947,920126.72,0.0,0.0,0
1h,1772798400.0,1.3947,1.3963,1.3845,1.3891,1484168.05,0.0,0.0,0
1h,1772802000.0,1.3891,1.3973,1.3719,1.3722,3704792.93,0.0,0.0,0
1h,1772805600.0,1.3722,1.3746,1.351,1.3555,3944447.65,0.0,0.0,0
1h,1772809200.0,1.3555,1.3664,1.353,1.3564,2472686.58,0.0,0.0,0
1h,1772812800.0,1.3564,1.3632,1.3539,1.3572,1726047.89,0.0,0.0,0
1h,1772816400.0,1.3572,1.3592,1.3457,1.3494,3022038.42,0.0,0.0,0
1h,1772820000.0,1.3494,1.3625,1.3492,1.3578,3485309.34,0.0,0.0,0
1h,1772823600.0,1.3578,1.3659,1.3578,1.3631,3759288.27,0.0,0.0,0
1h,1772827200.0,1.3631,1.3642,1.3542,1.3571,1563609.74,0.0,0.0,0
1h,1772830800.0,1.3571,1.365,1.356,1.3637,828125.26,0.0,0.0,0
1h,1772834400.0,1.3637,1.3718,1.363,1.3692,521238.57,0.0,0.0,0
1h,1772838000.0,1.3692,1.3692,1.363,1.3634,266323.66,0.0,0.0,0
1h,1772841600.0,1.3634,1.3706,1.363,1.3682,433683.44,0.0,0.0,0
1h,1772845200.0,1.3682,1.3696,1.3647,1.3677,311130.54,0.0,0.0,0
1h,1772848800.0,1.3677,1.3687,1.3625,1.3676,272395.53,0.0,0.0,0
1h,1772852400.0,1.3676,1.3749,1.3654,1.3662,386738.51,0.0,0.0,0
1h,1772856000.0,1.3662,1.3662,1.3608,1.3631,509375.58,0.0,0.0,0
1h,1772859600.0,1.3631,1.3679,1.3622,1.3671,501951.19,0.0,0.0,0
1h,1772863200.0,1.3671,1.3685,1.3608,1.3634,378332.56,0.0,0.0,0
1h,1772866800.0,1.3634,1.3679,1.3612,1.3671,685557.9,0.0,0.0,0
1h,1772870400.0,1.3671,1.3692,1.3646,1.3652,431396.58,0.0,0.0,0
1h,1772874000.0,1.3652,1.3681,1.363,1.3653,388862.68,0.0,0.0,0
1h,1772877600.0,1.3653,1.3684,1.365,1.3659,289212.7,0.0,0.0,0
1h,1772881200.0,1.3659,1.3736,1.3653,1.3698,859305.37,0.0,0.0,0
1h,1772884800.0,1.3698,1.3699,1.3622,1.364,467457.79,0.0,0.0,0
1h,1772888400.0,1.364,1.3676,1.3617,1.3628,597058.43,0.0,0.0,0
1h,1772892000.0,1.3628,1.367,1.3564,1.3637,1178703.81,0.0,0.0,0
1h,1772895600.0,1.3637,1.3637,1.3541,1.3572,908439.48,0.0,0.0,0
1h,1772899200.0,1.3572,1.3611,1.3558,1.361,584739.24,0.0,0.0,0
1h,1772902800.0,1.361,1.3649,1.3604,1.3605,377958.04,0.0,0.0,0
1h,1772906400.0,1.3605,1.3607,1.3515,1.3569,1002479.15,0.0,0.0,0
1h,1772910000.0,1.3569,1.3569,1.3468,1.3502,1608871.44,0.0,0.0,0
1h,1772913600.0,1.3502,1.3563,1.3502,1.3553,370575.28,0.0,0.0,0
1h,1772917200.0,1.3553,1.3592,1.3546,1.3566,562243.5,0.0,0.0,0
1h,1772920800.0,1.3566,1.3569,1.3504,1.3536,579425.13,0.0,0.0,0
1h,1772924400.0,1.3536,1.3574,1.3528,1.3567,247010.36,0.0,0.0,0
1h,1772928000.0,1.3567,1.3607,1.3541,1.355,498312.7,0.0,0.0,0
1h,1772931600.0,1.355,1.3579,1.351,1.3571,660533.12,0.0,0.0,0
1h,1772935200.0,1.3571,1.3574,1.3448,1.3475,978544.58,0.0,0.0,0
1h,1772938800.0,1.3475,1.3514,1.3445,1.3485,1025357.58,0.0,0.0,0
1h,1772942400.0,1.3485,1.3498,1.3414,1.3438,626442.89,0.0,0.0,0
1h,1772946000.0,1.3438,1.3569,1.3438,1.3537,655975.07,0.0,0.0,0
1h,1772949600.0,1.3537,1.3561,1.3498,1.3522,355282.83,0.0,0.0,0
1h,1772953200.0,1.3522,1.3628,1.3517,1.3602,664275.73,0.0,0.0,0
1h,1772956800.0,1.3602,1.362,1.3546,1.3591,517374.75,0.0,0.0,0
1h,1772960400.0,1.3591,1.3665,1.356,1.3614,573079.17,0.0,0.0,0
1h,1772964000.0,1.3614,1.3713,1.3612,1.368,637080.91,0.0,0.0,0
1h,1772967600.0,1.368,1.368,1.3562,1.3576,444357.5,0.0,0.0,0
1h,1772971200.0,1.3576,1.3592,1.3448,1.3517,1018657.36,0.0,0.0,0
1h,1772974800.0,1.3517,1.3536,1.3411,1.3501,1838008.46,0.0,0.0,0
1h,1772978400.0,1.3501,1.3531,1.3455,1.3497,801695.44,0.0,0.0,0
1h,1772982000.0,1.3497,1.3498,1.3429,1.3457,1201975.28,0.0,0.0,0
1h,1772985600.0,1.3457,1.3457,1.3378,1.3395,1228051.56,0.0,0.0,0
1h,1772989200.0,1.3395,1.3461,1.3391,1.3439,454976.99,0.0,0.0,0
1h,1772992800.0,1.3439,1.3483,1.3399,1.3454,1124199.86,0.0,0.0,0
1h,1772996400.0,1.3454,1.3597,1.3431,1.3561,908848.27,0.0,0.0,0
1h,1773000000.0,1.3561,1.3626,1.3521,1.3534,428204.95,0.0,0.0,0
1h,1773003600.0,1.3534,1.3544,1.3442,1.3478,584646.65,0.0,0.0,0
1h,1773007200.0,1.3478,1.3492,1.3218,1.3455,3611067.23,0.0,0.0,0
1h,1773010800.0,1.3455,1.3501,1.3389,1.3403,997928.96,0.0,0.0,0
1h,1773014400.0,1.3403,1.3604,1.3389,1.3493,1833107.61,0.0,0.0,0
1h,1773018000.0,1.3493,1.3537,1.3414,1.3422,1003090.66,0.0,0.0,0
1h,1773021600.0,1.3422,1.35,1.3377,1.346,850006.13,0.0,0.0,0
1h,1773025200.0,1.346,1.3653,1.3452,1.3507,1935390.28,0.0,0.0,0
1h,1773028800.0,1.3507,1.3558,1.344,1.344,268454.43,0.0,0.0,0
1h,1773032400.0,1.344,1.3587,1.3422,1.3549,1216126.22,0.0,0.0,0
1h,1773036000.0,1.3549,1.3587,1.3446,1.345,741914.47,0.0,0.0,0
1h,1773039600.0,1.345,1.3454,1.333,1.3408,2523705.7,0.0,0.0,0
1h,1773043200.0,1.3408,1.3484,1.3396,1.3463,997055.86,0.0,0.0,0
1h,1773046800.0,1.3463,1.3633,1.3415,1.3551,1345623.55,0.0,0.0,0
1h,1773050400.0,1.3551,1.3565,1.3457,1.3475,450667.52,0.0,0.0,0
1h,1773054000.0,1.3475,1.3515,1.3417,1.3502,514655.11,0.0,0.0,0
1h,1773057600.0,1.3502,1.358,1.3498,1.3548,760304.09,0.0,0.0,0
1h,1773061200.0,1.3548,1.3728,1.3542,1.3681,2202062.11,0.0,0.0,0
1h,1773064800.0,1.3681,1.3731,1.3591,1.3649,2649400.97,0.0,0.0,0
1h,1773068400.0,1.3649,1.3676,1.3562,1.3604,1017576.57,0.0,0.0,0
1h,1773072000.0,1.3604,1.3704,1.3587,1.3647,492823.82,0.0,0.0,0
1h,1773075600.0,1.3647,1.3704,1.3595,1.3625,1226455.17,0.0,0.0,0
1h,1773079200.0,1.3625,1.3685,1.3561,1.3616,716454.69,0.0,0.0,0
1h,1773082800.0,1.3616,1.3839,1.3564,1.3733,4183992.33,0.0,0.0,0
1h,1773086400.0,1.3733,1.38,1.3673,1.3733,1015679.51,0.0,0.0,0
1h,1773090000.0,1.3733,1.3772,1.3699,1.3739,860281.13,0.0,0.0,0
1h,1773093600.0,1.3739,1.3757,1.3627,1.3645,990844.59,0.0,0.0,0
1h,1773097200.0,1.3645,1.3677,1.3606,1.3632,461521.74,0.0,0.0,0
1h,1773100800.0,1.3632,1.3739,1.3609,1.37,893909.57,0.0,0.0,0
1h,1773104400.0,1.37,1.3752,1.3663,1.3722,895849.85,0.0,0.0,0
1h,1773108000.0,1.3722,1.3926,1.3701,1.3876,3109203.73,0.0,0.0,0
1h,1773111600.0,1.3876,1.391,1.375,1.3752,2032871.34,0.0,0.0,0
1h,1773115200.0,1.3752,1.3835,1.3732,1.3821,813318.42,0.0,0.0,0
1h,1773118800.0,1.3821,1.3898,1.3811,1.3843,1249469.97,0.0,0.0,0
1h,1773122400.0,1.3843,1.3844,1.378,1.3804,906873.44,0.0,0.0,0
1h,1773126000.0,1.3804,1.3886,1.3764,1.3874,988777.21,0.0,0.0,0
1h,1773129600.0,1.3874,1.4116,1.3874,1.4017,3745104.32,0.0,0.0,0
1h,1773133200.0,1.4017,1.4193,1.4016,1.4165,2995523.92,0.0,0.0,0
1h,1773136800.0,1.4165,1.4176,1.4044,1.4058,3058733.19,0.0,0.0,0
1h,1773140400.0,1.4058,1.4058,1.389,1.391,2069763.99,0.0,0.0,0
1h,1773144000.0,1.391,1.3919,1.3827,1.389,1519671.6,0.0,0.0,0
1h,1773147600.0,1.389,1.4016,1.3814,1.3933,2294410.28,0.0,0.0,0
1h,1773151200.0,1.3933,1.438,1.3817,1.4343,5362081.87,0.0,0.0,0
1h,1773154800.0,1.4343,1.4427,1.4196,1.431,5179468.2,0.0,0.0,0
1h,1773158400.0,1.431,1.4375,1.4233,1.4273,3219904.98,0.0,0.0,0
1h,1773162000.0,1.4273,1.4305,1.409,1.4127,2207413.04,0.0,0.0,0
1h,1773165600.0,1.4127,1.4133,1.3907,1.3936,3290470.4,0.0,0.0,0
1h,1773169200.0,1.3936,1.3952,1.3798,1.3848,1870060.82,0.0,0.0,0
1h,1773172800.0,1.3848,1.3948,1.3846,1.3898,993155.53,0.0,0.0,0
1h,1773176400.0,1.3898,1.3948,1.3786,1.3837,857441.79,0.0,0.0,0
1h,1773180000.0,1.3837,1.3889,1.3796,1.3841,591661.23,0.0,0.0,0
1h,1773183600.0,1.3841,1.3881,1.3841,1.3866,432941.78,0.0,0.0,0
1h,1773187200.0,1.3866,1.3923,1.3824,1.3883,1279947.33,0.0,0.0,0
1h,1773190800.0,1.3883,1.3906,1.3843,1.3902,550421.39,0.0,0.0,0
1h,1773194400.0,1.3902,1.3905,1.3784,1.3823,2333414.47,0.0,0.0,0
1h,1773198000.0,1.3823,1.3852,1.3778,1.3789,767295.87,0.0,0.0,0
1h,1773201600.0,1.3789,1.3895,1.3766,1.3876,789355.6,0.0,0.0,0
1h,1773205200.0,1.3876,1.3909,1.3748,1.3765,1122420.27,0.0,0.0,0
1h,1773208800.0,1.3765,1.3844,1.3761,1.3825,546240.61,0.0,0.0,0
1h,1773212400.0,1.3825,1.3833,1.3738,1.3784,532681.72,0.0,0.0,0
1h,1773216000.0,1.3784,1.3794,1.3725,1.376,683454.44,0.0,0.0,0
1h,1773219600.0,1.376,1.381,1.373,1.3741,471360.14,0.0,0.0,0
1h,1773223200.0,1.3741,1.3813,1.3727,1.3784,882087.91,0.0,0.0,0
1h,1773226800.0,1.3784,1.3806,1.3721,1.3733,1332248.89,0.0,0.0,0
1h,1773230400.0,1.3733,1.3873,1.3704,1.385,2001365.51,0.0,0.0,0
1h,1773234000.0,1.385,1.411,1.383,1.3923,2635101.47,0.0,0.0,0
1h,1773237600.0,1.3923,1.4035,1.3852,1.3918,2229889.92,0.0,0.0,0
1h,1773241200.0,1.3918,1.3938,1.3729,1.3823,1866402.52,0.0,0.0,0
1h,1773244800.0,1.3823,1.3903,1.3802,1.3871,1317673.12,0.0,0.0,0
1h,1773248400.0,1.3871,1.4015,1.387,1.3975,1483895.91,0.0,0.0,0
1h,1773252000.0,1.3975,1.4071,1.3959,1.4042,1367606.88,0.0,0.0,0
1h,1773255600.0,1.4042,1.4046,1.3881,1.3898,1147275.72,0.0,0.0,0
1h,1773259200.0,1.3898,1.3939,1.3869,1.3916,851222.0,0.0,0.0,0
1h,1773262800.0,1.3916,1.3937,1.3887,1.3924,540764.5,0.0,0.0,0
1h,1773266400.0,1.3924,1.3985,1.387,1.3905,846303.69,0.0,0.0,0
1h,1773270000.0,1.3905,1.3923,1.3822,1.3846,441119.71,0.0,0.0,0
1h,1773273600.0,1.3846,1.386,1.381,1.384,1182351.18,0.0,0.0,0
1h,1773277200.0,1.384,1.384,1.3769,1.3787,831000.91,0.0,0.0,0
1h,1773280800.0,1.3787,1.3811,1.3707,1.3723,1056228.36,0.0,0.0,0
1h,1773284400.0,1.3723,1.3762,1.3697,1.3736,616301.97,0.0,0.0,0
1h,1773288000.0,1.3736,1.3781,1.3694,1.3704,1142502.19,0.0,0.0,0
1h,1773291600.0,1.3704,1.3727,1.3662,1.371,1311501.61,0.0,0.0,0
1h,1773295200.0,1.371,1.3735,1.3673,1.3726,1044093.65,0.0,0.0,0
1h,1773298800.0,1.3726,1.3782,1.3699,1.3767,1082167.5,0.0,0.0,0
1h,1773302400.0,1.3767,1.3825,1.3741,1.3802,629525.06,0.0,0.0,0
1h,1773306000.0,1.3802,1.3886,1.3756,1.3821,680123.82,0.0,0.0,0
1h,1773309600.0,1.3821,1.3911,1.3784,1.39,1138886.19,0.0,0.0,0
1h,1773313200.0,1.39,1.3933,1.3869,1.3878,1390172.98,0.0,0.0,0
1h,1773316800.0,1.3878,1.3924,1.3856,1.3879,1320908.46,0.0,0.0,0
1h,1773320400.0,1.3879,1.3922,1.3772,1.3822,1681404.65,0.0,0.0,0
1h,1773324000.0,1.3822,1.3918,1.365,1.3692,3048978.98,0.0,0.0,0
1h,1773327600.0,1.3692,1.3841,1.366,1.3793,1787598.92,0.0,0.0,0
1h,1773331200.0,1.3793,1.3858,1.371,1.3819,1207277.27,0.0,0.0,0
1h,1773334800.0,1.3819,1.3847,1.3773,1.38,512679.64,0.0,0.0,0
1h,1773338400.0,1.38,1.381,1.3716,1.3719,537652.95,0.0,0.0,0
1h,1773342000.0,1.3719,1.3823,1.3698,1.3788,1071185.28,0.0,0.0,0
1h,1773345600.0,1.3788,1.3803,1.3714,1.3719,1081728.61,0.0,0.0,0
1h,1773349200.0,1.3719,1.3758,1.3716,1.3742,1510018.4,0.0,0.0,0
1h,1773352800.0,1.3742,1.3795,1.3723,1.3791,775641.75,0.0,0.0,0
1h,1773356400.0,1.3791,1.3896,1.379,1.385,1552045.14,0.0,0.0,0
1h,1773360000.0,1.385,1.4242,1.3833,1.4065,6920544.33,0.0,0.0,0
1h,1773363600.0,1.4065,1.4165,1.4043,1.4136,3112910.61,0.0,0.0,0
1h,1773367200.0,1.4136,1.4146,1.4001,1.4015,1711176.98,0.0,0.0,0
1h,1773370800.0,1.4015,1.4146,1.4002,1.4122,1247456.99,0.0,0.0,0
1h,1773374400.0,1.4122,1.414,1.4074,1.4114,1140282.37,0.0,0.0,0
1h,1773378000.0,1.4114,1.427,1.4075,1.4234,2928165.96,0.0,0.0,0
1h,1773381600.0,1.4234,1.4263,1.4122,1.4134,3155857.87,0.0,0.0,0
1h,1773385200.0,1.4134,1.4206,1.4116,1.4153,1798557.8,0.0,0.0,0
1h,1773388800.0,1.4153,1.4339,1.4128,1.4264,2992847.92,0.0,0.0,0
1h,1773392400.0,1.4264,1.437,1.4262,1.4285,2414952.08,0.0,0.0,0
1h,1773396000.0,1.4285,1.4387,1.4285,1.4338,1913134.79,0.0,0.0,0
1h,1773399600.0,1.4338,1.4344,1.4194,1.4203,3073640.19,0.0,0.0,0
1h,1773403200.0,1.4203,1.44,1.4199,1.4336,2500898.7,0.0,0.0,0
1h,1773406800.0,1.4336,1.4491,1.4307,1.4437,4809716.0,0.0,0.0,0
1h,1773410400.0,1.4437,1.4529,1.4213,1.4225,5707042.22,0.0,0.0,0
1h,1773414000.0,1.4225,1.4289,1.4069,1.4089,3666942.18,0.0,0.0,0
1h,1773417600.0,1.4089,1.4149,1.4003,1.4098,2482764.83,0.0,0.0,0
1h,1773421200.0,1.4098,1.4126,1.392,1.3942,2156932.66,0.0,0.0,0
1h,1773424800.0,1.3942,1.4014,1.39,1.3973,1055161.58,0.0,0.0,0
1h,1773428400.0,1.3973,1.4025,1.3961,1.4013,1044711.08,0.0,0.0,0
1h,1773432000.0,1.4013,1.4047,1.3981,1.4024,672099.32,0.0,0.0,0
1h,1773435600.0,1.4024,1.406,1.3971,1.4006,1114312.22,0.0,0.0,0
1h,1773439200.0,1.4006,1.4015,1.3903,1.3948,1274591.49,0.0,0.0,0
1h,1773442800.0,1.3948,1.4002,1.3934,1.3989,964083.14,0.0,0.0,0
1h,1773446400.0,1.3989,1.3997,1.3923,1.3943,572519.26,0.0,0.0,0
1h,1773450000.0,1.3943,1.4012,1.3925,1.4001,751375.92,0.0,0.0,0
1h,1773453600.0,1.4001,1.4024,1.3975,1.3983,721001.03,0.0,0.0,0
1h,1773457200.0,1.3983,1.4034,1.397,1.4008,597850.93,0.0,0.0,0
1h,1773460800.0,1.4008,1.4042,1.3962,1.3979,872687.07,0.0,0.0,0
1h,1773464400.0,1.3979,1.3992,1.3939,1.3952,536826.64,0.0,0.0,0
1h,1773468000.0,1.3952,1.3952,1.3844,1.3925,1479294.53,0.0,0.0,0
1h,1773471600.0,1.3925,1.3977,1.3919,1.394,540760.61,0.0,0.0,0
1h,1773475200.0,1.394,1.3969,1.3914,1.3934,833879.16,0.0,0.0,0
1h,1773478800.0,1.3934,1.3971,1.3889,1.3899,618012.74,0.0,0.0,0
1h,1773482400.0,1.3899,1.3907,1.3875,1.3894,650950.7,0.0,0.0,0
1h,1773486000.0,1.3894,1.3929,1.389,1.3924,525948.59,0.0,0.0,0
1h,1773489600.0,1.3924,1.3939,1.388,1.3895,1341820.4,0.0,0.0,0
1h,1773493200.0,1.3895,1.3944,1.3882,1.3918,370457.37,0.0,0.0,0
1h,1773496800.0,1.3918,1.3932,1.3875,1.389,546652.51,0.0,0.0,0
1h,1773500400.0,1.389,1.3916,1.3882,1.3903,378245.79,0.0,0.0,0
1h,1773504000.0,1.3903,1.393,1.3872,1.393,244651.79,0.0,0.0,0
1h,1773507600.0,1.393,1.3935,1.3886,1.3897,518515.34,0.0,0.0,0
1h,1773511200.0,1.3897,1.3928,1.3883,1.3913,287842.94,0.0,0.0,0
1h,1773514800.0,1.3913,1.3914,1.3896,1.3902,134089.52,0.0,0.0,0
1h,1773518400.0,1.3902,1.3939,1.3888,1.3934,362530.85,0.0,0.0,0
1h,1773522000.0,1.3934,1.3968,1.3911,1.3954,556714.67,0.0,0.0,0
1h,1773525600.0,1.3954,1.3979,1.3942,1.3967,432634.11,0.0,0.0,0
1h,1773529200.0,1.3967,1.4085,1.3967,1.4062,850181.34,0.0,0.0,0
1h,1773532800.0,1.4062,1.4093,1.4023,1.4053,588912.41,0.0,0.0,0
1h,1773536400.0,1.4053,1.4079,1.4023,1.4051,276163.09,0.0,0.0,0
1h,1773540000.0,1.4051,1.4196,1.405,1.4159,1642834.6,0.0,0.0,0
1h,1773543600.0,1.4159,1.4202,1.4117,1.412,723207.54,0.0,0.0,0
1h,1773547200.0,1.412,1.4183,1.412,1.417,698353.19,0.0,0.0,0
1h,1773550800.0,1.417,1.4212,1.4141,1.4141,602164.05,0.0,0.0,0
1h,1773554400.0,1.4141,1.4159,1.4056,1.4103,544620.84,0.0,0.0,0
1h,1773558000.0,1.4103,1.412,1.4064,1.4077,281685.84,0.0,0.0,0
1h,1773561600.0,1.4077,1.4134,1.4077,1.4131,305983.92,0.0,0.0,0
1h,1773565200.0,1.4131,1.4186,1.4131,1.4148,425660.65,0.0,0.0,0
1h,1773568800.0,1.4148,1.4178,1.4142,1.4163,206214.94,0.0,0.0,0
1h,1773572400.0,1.4163,1.4206,1.4139,1.4197,750336.32,0.0,0.0,0
1h,1773576000.0,1.4197,1.425,1.415,1.4237,1331795.49,0.0,0.0,0
1h,1773579600.0,1.4237,1.43,1.4159,1.423,2628231.97,0.0,0.0,0
1h,1773583200.0,1.423,1.4248,1.4129,1.4177,841513.45,0.0,0.0,0
1h,1773586800.0,1.4177,1.4225,1.415,1.4157,388593.04,0.0,0.0,0
1h,1773590400.0,1.4157,1.4182,1.4092,1.4127,519614.76,0.0,0.0,0
1h,1773594000.0,1.4127,1.4239,1.412,1.4191,609398.95,0.0,0.0,0
1h,1773597600.0,1.4191,1.4208,1.4091,1.4107,492012.42,0.0,0.0,0
1h,1773601200.0,1.4107,1.4152,1.4098,1.4127,315453.51,0.0,0.0,0
1h,1773604800.0,1.4127,1.4231,1.4106,1.4176,541702.08,0.0,0.0,0
1h,1773608400.0,1.4176,1.4314,1.4149,1.4273,1192995.56,0.0,0.0,0
1h,1773612000.0,1.4273,1.4645,1.4228,1.4542,6447999.61,0.0,0.0,0
1h,1773615600.0,1.4542,1.4577,1.4393,1.4488,3122947.08,0.0,0.0,0
1h,1773619200.0,1.4488,1.4579,1.4441,1.4467,2363269.24,0.0,0.0,0
1h,1773622800.0,1.4467,1.4501,1.4381,1.447,1103317.04,0.0,0.0,0
1h,1773626400.0,1.447,1.4492,1.436,1.4431,880712.86,0.0,0.0,0
1h,1773630000.0,1.4431,1.4801,1.4402,1.4677,5878814.47,0.0,0.0,0
1h,1773633600.0,1.4677,1.4864,1.4676,1.4801,3623771.93,0.0,0.0,0
1h,1773637200.0,1.4801,1.4848,1.4743,1.4815,2190737.44,0.0,0.0,0
1h,1773640800.0,1.4815,1.4816,1.4735,1.4768,1705901.94,0.0,0.0,0
1h,1773644400.0,1.4768,1.4885,1.476,1.483,3552974.74,0.0,0.0,0
1h,1773648000.0,1.483,1.4899,1.4646,1.4684,3081057.11,0.0,0.0,0
1h,1773651600.0,1.4684,1.476,1.4664,1.4741,1676262.01,0.0,0.0,0
1h,1773655200.0,1.4741,1.4763,1.4669,1.475,1146355.85,0.0,0.0,0
1h,1773658800.0,1.475,1.4756,1.4668,1.4698,818843.37,0.0,0.0,0
1h,1773662400.0,1.4698,1.4807,1.4696,1.4762,2197221.74,0.0,0.0,0
1h,1773666000.0,1.4762,1.4925,1.4747,1.4824,2298876.25,0.0,0.0,0
1h,1773669600.0,1.4824,1.5094,1.4716,1.5093,4333781.42,0.0,0.0,0
1h,1773673200.0,1.5093,1.5169,1.4924,1.493,5029483.6,0.0,0.0,0
1h,1773676800.0,1.493,1.5113,1.4918,1.5086,1890970.34,0.0,0.0,0
1h,1773680400.0,1.5086,1.5194,1.5054,1.5185,2359398.16,0.0,0.0,0
1h,1773684000.0,1.5185,1.5443,1.5164,1.5354,4436962.68,0.0,0.0,0
1h,1773687600.0,1.5354,1.5426,1.521,1.53,2057129.69,0.0,0.0,0
1h,1773691200.0,1.53,1.531,1.5236,1.5281,1011496.97,0.0,0.0,0
1h,1773694800.0,1.5281,1.5406,1.5263,1.5281,1908422.23,0.0,0.0,0
1h,1773698400.0,1.5281,1.5522,1.5281,1.5515,1716995.62,0.0,0.0,0
1h,1773702000.0,1.5515,1.5518,1.5373,1.5428,1601118.87,0.0,0.0,0
1h,1773705600.0,1.5428,1.5545,1.5344,1.5453,4113283.48,0.0,0.0,0
1h,1773709200.0,1.5453,1.5779,1.5442,1.5707,7188431.88,0.0,0.0,0
1h,1773712800.0,1.5707,1.6069,1.5606,1.5939,7087322.35,0.0,0.0,0
1h,1773716400.0,1.5939,1.5953,1.5343,1.5443,5721062.95,0.0,0.0,0
1h,1773720000.0,1.5443,1.5526,1.5237,1.5301,5285740.78,0.0,0.0,0
1h,1773723600.0,1.5301,1.532,1.5106,1.5154,2155567.25,0.0,0.0,0
1h,1773727200.0,1.5154,1.5231,1.5049,1.517,2261083.72,0.0,0.0,0
1h,1773730800.0,1.517,1.5432,1.5166,1.5301,2680294.46,0.0,0.0,0
1h,1773734400.0,1.5301,1.5331,1.5196,1.5209,1554618.84,0.0,0.0,0
1h,1773738000.0,1.5209,1.5246,1.5088,1.5125,2546615.51,0.0,0.0,0
1h,1773741600.0,1.5125,1.5126,1.5022,1.509,1662753.02,0.0,0.0,0
1h,1773745200.0,1.509,1.5185,1.5074,1.5096,2484265.61,0.0,0.0,0
1h,1773748800.0,1.5096,1.5148,1.5016,1.5049,2496385.35,0.0,0.0,0
1h,1773752400.0,1.5049,1.5177,1.4954,1.5035,6766352.04,0.0,0.0,0
1h,1773756000.0,1.5035,1.5135,1.4939,1.5124,2624947.94,0.0,0.0,0
1h,1773759600.0,1.5124,1.5219,1.5029,1.5136,1970948.22,0.0,0.0,0
1h,1773763200.0,1.5136,1.5422,1.5001,1.5186,8852176.94,0.0,0.0,0
1h,1773766800.0,1.5186,1.5316,1.5172,1.5308,1695162.42,0.0,0.0,0
1h,1773770400.0,1.5308,1.5382,1.5253,1.5363,1171636.24,0.0,0.0,0
1h,1773774000.0,1.5363,1.5408,1.5301,1.5333,1098137.6,0.0,0.0,0
1h,1773777600.0,1.5333,1.5357,1.5283,1.5329,518887.53,0.0,0.0,0
1h,1773781200.0,1.5329,1.5358,1.527,1.5298,781419.58,0.0,0.0,0
1h,1773784800.0,1.5298,1.5365,1.5205,1.5277,850988.13,0.0,0.0,0
1h,1773788400.0,1.5277,1.5307,1.5175,1.5181,1025639.66,0.0,0.0,0
1h,1773792000.0,1.5181,1.5213,1.509,1.5154,1647906.94,0.0,0.0,0
1h,1773795600.0,1.5154,1.5232,1.514,1.5154,1632005.36,0.0,0.0,0
1h,1773799200.0,1.5154,1.5311,1.5148,1.5264,1082870.18,0.0,0.0,0
1h,1773802800.0,1.5264,1.5397,1.5257,1.5389,1137785.06,0.0,0.0,0
1h,1773806400.0,1.5389,1.5412,1.5237,1.5267,1670335.27,0.0,0.0,0
1h,1773810000.0,1.5267,1.5373,1.5217,1.5234,1071691.22,0.0,0.0,0
1h,1773813600.0,1.5234,1.5307,1.5234,1.5247,488802.61,0.0,0.0,0
1h,1773817200.0,1.5247,1.5247,1.5149,1.5199,783324.86,0.0,0.0,0
1h,1773820800.0,1.5199,1.5253,1.5193,1.5224,611016.07,0.0,0.0,0
1h,1773824400.0,1.5224,1.5275,1.5211,1.5237,435147.96,0.0,0.0,0
1h,1773828000.0,1.5237,1.5247,1.5093,1.5112,1508802.18,0.0,0.0,0
1h,1773831600.0,1.5112,1.5121,1.4839,1.4898,4203336.0,0.0,0.0,0
1h,1773835200.0,1.4898,1.4908,1.4575,1.4641,3947824.54,0.0,0.0,0
1h,1773838800.0,1.4641,1.474,1.455,1.4664,2511005.52,0.0,0.0,0
1h,1773842400.0,1.4664,1.4683,1.4442,1.4458,2502049.11,0.0,0.0,0
1h,1773846000.0,1.4458,1.4525,1.4385,1.4407,3229191.79,0.0,0.0,0
1h,1773849600.0,1.4407,1.4473,1.436,1.4424,2197001.41,0.0,0.0,0
1h,1773853200.0,1.4424,1.4591,1.44,1.4563,2393644.4,0.0,0.0,0
1h,1773856800.0,1.4563,1.4668,1.4481,1.4525,3059438.51,0.0,0.0,0
1h,1773860400.0,1.4525,1.4606,1.4485,1.4493,1317508.24,0.0,0.0,0
1h,1773864000.0,1.4493,1.4621,1.4423,1.459,1209396.86,0.0,0.0,0
1h,1773867600.0,1.459,1.4719,1.4584,1.4681,1242011.84,0.0,0.0,0
1h,1773871200.0,1.4681,1.4681,1.4594,1.4627,976726.86,0.0,0.0,0
1h,1773874800.0,1.4627,1.4661,1.458,1.4647,360830.24,0.0,0.0,0
1h,1773878400.0,1.4647,1.465,1.4593,1.4609,526280.1,0.0,0.0,0
1h,1773882000.0,1.4609,1.4672,1.4567,1.4617,538263.39,0.0,0.0,0
1h,1773885600.0,1.4617,1.4642,1.4555,1.4575,346364.29,0.0,0.0,0
1h,1773889200.0,1.4575,1.4785,1.4575,1.4743,1092727.25,0.0,0.0,0
1h,1773892800.0,1.4743,1.4743,1.4637,1.4664,1196445.56,0.0,0.0,0
1h,1773896400.0,1.4664,1.4676,1.4594,1.4671,665876.67,0.0,0.0,0
1h,1773900000.0,1.4671,1.4825,1.4638,1.4688,2623578.1,0.0,0.0,0
1h,1773903600.0,1.4688,1.4702,1.4505,1.4611,4202102.06,0.0,0.0,0
1h,1773907200.0,1.4611,1.464,1.4519,1.4554,937935.19,0.0,0.0,0
1h,1773910800.0,1.4554,1.4708,1.4554,1.4691,808973.1,0.0,0.0,0
1h,1773914400.0,1.4691,1.4702,1.4622,1.4628,652040.96,0.0,0.0,0
1h,1773918000.0,1.4628,1.4654,1.4562,1.4583,1416443.63,0.0,0.0,0
1h,1773921600.0,1.4583,1.4583,1.4355,1.4371,2285739.7,0.0,0.0,0
1h,1773925200.0,1.4371,1.454,1.4325,1.4519,2714316.21,0.0,0.0,0
1h,1773928800.0,1.4519,1.4568,1.4389,1.4443,1120316.57,0.0,0.0,0
1h,1773932400.0,1.4443,1.4499,1.4246,1.4317,2742013.45,0.0,0.0,0
1h,1773936000.0,1.4317,1.4374,1.4242,1.4273,1515081.63,0.0,0.0,0
1h,1773939600.0,1.4273,1.4394,1.4221,1.4388,787129.14,0.0,0.0,0
1h,1773943200.0,1.4388,1.439,1.4308,1.4371,521966.38,0.0,0.0,0
1h,1773946800.0,1.4371,1.4531,1.4363,1.4449,1878314.65,0.0,0.0,0
1h,1773950400.0,1.4449,1.4542,1.4431,1.4499,530508.16,0.0,0.0,0
1h,1773954000.0,1.4499,1.4561,1.4495,1.4548,685656.67,0.0,0.0,0
1h,1773957600.0,1.4548,1.4557,1.4443,1.4494,586007.31,0.0,0.0,0
1h,1773961200.0,1.4494,1.4538,1.4429,1.4476,493625.95,0.0,0.0,0
1h,1773964800.0,1.4476,1.4533,1.4454,1.4501,414623.56,0.0,0.0,0
1h,1773968400.0,1.4501,1.4607,1.4501,1.4566,820639.48,0.0,0.0,0
1h,1773972000.0,1.4566,1.4573,1.4466,1.4524,492170.97,0.0,0.0,0
1h,1773975600.0,1.4524,1.457,1.4502,1.4531,489668.83,0.0,0.0,0
1h,1773979200.0,1.4531,1.4571,1.4475,1.4539,508613.01,0.0,0.0,0
1h,1773982800.0,1.4539,1.4584,1.4501,1.4551,458470.19,0.0,0.0,0
1h,1773986400.0,1.4551,1.4628,1.45,1.4501,1568929.27,0.0,0.0,0
1h,1773990000.0,1.4501,1.4566,1.4434,1.4545,853168.05,0.0,0.0,0
1h,1773993600.0,1.4545,1.4664,1.4538,1.4599,1112810.58,0.0,0.0,0
1h,1773997200.0,1.4599,1.4599,1.4452,1.4481,1214585.16,0.0,0.0,0
1h,1774000800.0,1.4481,1.4537,1.4441,1.4506,1328513.15,0.0,0.0,0
1h,1774004400.0,1.4506,1.4548,1.4433,1.4491,1212294.73,0.0,0.0,0
1h,1774008000.0,1.4491,1.4524,1.4417,1.4422,1577329.1,0.0,0.0,0
1h,1774011600.0,1.4422,1.4489,1.4366,1.438,2071504.46,0.0,0.0,0
1h,1774015200.0,1.438,1.4447,1.4335,1.4364,1723082.03,0.0,0.0,0
1h,1774018800.0,1.4364,1.4419,1.4286,1.4376,1556538.79,0.0,0.0,0
1h,1774022400.0,1.4376,1.443,1.4328,1.4375,1328439.16,0.0,0.0,0
1h,1774026000.0,1.4375,1.4407,1.429,1.4392,760849.4,0.0,0.0,0
1h,1774029600.0,1.4392,1.4397,1.4288,1.4311,460891.21,0.0,0.0,0
1h,1774033200.0,1.4311,1.4374,1.425,1.4358,613945.91,0.0,0.0,0
1h,1774036800.0,1.4358,1.4375,1.4292,1.4364,400061.25,0.0,0.0,0
1h,1774040400.0,1.4364,1.4489,1.4339,1.4434,752659.68,0.0,0.0,0
1h,1774044000.0,1.4434,1.4524,1.4434,1.448,558324.1,0.0,0.0,0
1h,1774047600.0,1.448,1.4481,1.4401,1.445,195699.65,0.0,0.0,0
1h,1774051200.0,1.445,1.4493,1.4429,1.4479,303511.26,0.0,0.0,0
1h,1774054800.0,1.4479,1.4501,1.4426,1.4436,414565.11,0.0,0.0,0
1h,1774058400.0,1.4436,1.4485,1.4426,1.4469,319122.81,0.0,0.0,0
1h,1774062000.0,1.4469,1.4477,1.4449,1.446,326941.87,0.0,0.0,0
1h,1774065600.0,1.446,1.4481,1.4444,1.4445,271355.84,0.0,0.0,0
1h,1774069200.0,1.4445,1.451,1.4445,1.451,524705.2,0.0,0.0,0
1h,1774072800.0,1.451,1.4532,1.4469,1.4485,879946.78,0.0,0.0,0
1h,1774076400.0,1.4485,1.4497,1.4436,1.4437,337187.19,0.0,0.0,0
1h,1774080000.0,1.4437,1.4457,1.4397,1.441,475284.81,0.0,0.0,0
1h,1774083600.0,1.441,1.4429,1.4368,1.4403,463314.66,0.0,0.0,0
1h,1774087200.0,1.4403,1.4408,1.438,1.4405,196333.86,0.0,0.0,0
1h,1774090800.0,1.4405,1.4431,1.4394,1.4426,219666.8,0.0,0.0,0
1h,1774094400.0,1.4426,1.4468,1.4405,1.4449,226636.31,0.0,0.0,0
1h,1774098000.0,1.4449,1.4463,1.4355,1.44,869294.21,0.0,0.0,0
1h,1774101600.0,1.44,1.445,1.4352,1.4366,538058.35,0.0,0.0,0
1h,1774105200.0,1.4366,1.4402,1.4342,1.4382,306521.08,0.0,0.0,0
1h,1774108800.0,1.4382,1.4385,1.434,1.4371,281996.76,0.0,0.0,0
1h,1774112400.0,1.4371,1.4415,1.434,1.4398,368866.06,0.0,0.0,0
1h,1774116000.0,1.4398,1.4418,1.4369,1.4376,234513.98,0.0,0.0,0
1h,1774119600.0,1.4376,1.4385,1.436,1.4374,171346.16,0.0,0.0,0
1h,1774123200.0,1.4374,1.4429,1.437,1.4414,153798.55,0.0,0.0,0
1h,1774126800.0,1.4414,1.4421,1.4387,1.44,132612.88,0.0,0.0,0
1h,1774130400.0,1.44,1.4415,1.4378,1.4395,143755.04,0.0,0.0,0
1h,1774134000.0,1.4395,1.4395,1.4001,1.4088,3720144.95,0.0,0.0,0
1h,1774137600.0,1.4088,1.4179,1.3942,1.4107,3454563.3,0.0,0.0,0
1h,1774141200.0,1.4107,1.4162,1.4056,1.41,953232.53,0.0,0.0,0
1h,1774144800.0,1.41,1.4208,1.4079,1.417,667817.58,0.0,0.0,0
1h,1774148400.0,1.417,1.4264,1.4131,1.4172,587469.76,0.0,0.0,0
1h,1774152000.0,1.4172,1.4205,1.4104,1.4176,781918.1,0.0,0.0,0
1h,1774155600.0,1.4176,1.4176,1.4118,1.4118,293211.62,0.0,0.0,0
1h,1774159200.0,1.4118,1.4131,1.4102,1.4108,424059.91,0.0,0.0,0
1h,1774162800.0,1.4108,1.413,1.4034,1.4035,482798.13,0.0,0.0,0
1h,1774166400.0,1.4035,1.4041,1.3932,1.3992,833661.3,0.0,0.0,0
1h,1774170000.0,1.3992,1.4036,1.3953,1.3962,592202.62,0.0,0.0,0
1h,1774173600.0,1.3962,1.397,1.3874,1.3887,1038209.09,0.0,0.0,0
1h,1774177200.0,1.3887,1.3957,1.3856,1.3909,1085233.88,0.0,0.0,0
1h,1774180800.0,1.3909,1.4019,1.3906,1.3996,572566.47,0.0,0.0,0
1h,1774184400.0,1.3996,1.407,1.3961,1.3983,498334.49,0.0,0.0,0
1h,1774188000.0,1.3983,1.4029,1.3948,1.3972,462671.36,0.0,0.0,0
1h,1774191600.0,1.3972,1.4009,1.3915,1.3926,576135.84,0.0,0.0,0
1h,1774195200.0,1.3926,1.3952,1.3905,1.3946,741328.67,0.0,0.0,0
1h,1774198800.0,1.3946,1.3957,1.3915,1.393,372649.15,0.0,0.0,0
1h,1774202400.0,1.393,1.393,1.3812,1.3883,815729.8,0.0,0.0,0
1h,1774206000.0,1.3883,1.3883,1.381,1.3847,769679.39,0.0,0.0,0
1h,1774209600.0,1.3847,1.3905,1.3847,1.3869,292836.42,0.0,0.0,0
1h,1774213200.0,1.3869,1.3877,1.3716,1.3794,1316392.69,0.0,0.0,0
1h,1774216800.0,1.3794,1.3929,1.3719,1.3911,1162633.13,0.0,0.0,0
1h,1774220400.0,1.3911,1.3932,1.384,1.3849,1227626.19,0.0,0.0,0
1h,1774224000.0,1.3849,1.3905,1.3745,1.3786,1144165.81,0.0,0.0,0
1h,1774227600.0,1.3786,1.39,1.3755,1.3817,925578.72,0.0,0.0,0
1h,1774231200.0,1.3817,1.3934,1.3817,1.3856,862244.57,0.0,0.0,0
1h,1774234800.0,1.3856,1.3922,1.3787,1.3814,448040.13,0.0,0.0,0
1h,1774238400.0,1.3814,1.3907,1.3788,1.3905,541847.51,0.0,0.0,0
1h,1774242000.0,1.3905,1.3971,1.388,1.3911,1865837.81,0.0,0.0,0
1h,1774245600.0,1.3911,1.3911,1.3687,1.3719,1195444.96,0.0,0.0,0
1h,1774249200.0,1.3719,1.3759,1.3626,1.3728,1407237.37,0.0,0.0,0
1h,1774252800.0,1.3728,1.3801,1.3674,1.3685,594197.23,0.0,0.0,0
1h,1774256400.0,1.3685,1.3716,1.3618,1.3691,736117.5,0.0,0.0,0
1h,1774260000.0,1.3691,1.3804,1.3684,1.3722,893274.88,0.0,0.0,0
1h,1774263600.0,1.3722,1.4452,1.3722,1.4115,15697482.47,0.0,0.0,0
1h,1774267200.0,1.4115,1.4273,1.4019,1.4253,3237592.16,0.0,0.0,0
1h,1774270800.0,1.4253,1.4441,1.4215,1.4422,2532273.82,0.0,0.0,0
1h,1774274400.0,1.4422,1.4567,1.4416,1.4553,3198609.78,0.0,0.0,0
1h,1774278000.0,1.4553,1.466,1.4306,1.4313,3507820.37,0.0,0.0,0
1h,1774281600.0,1.4313,1.4428,1.4275,1.4342,2486139.94,0.0,0.0,0
1h,1774285200.0,1.4342,1.4466,1.4267,1.4443,1305686.19,0.0,0.0,0
1h,1774288800.0,1.4443,1.4466,1.437,1.4419,639906.13,0.0,0.0,0
1h,1774292400.0,1.4419,1.4456,1.4317,1.4347,677884.87,0.0,0.0,0
1h,1774296000.0,1.4347,1.4399,1.4309,1.4382,651418.4,0.0,0.0,0
1h,1774299600.0,1.4382,1.4402,1.4347,1.4358,689128.35,0.0,0.0,0
1h,1774303200.0,1.4358,1.437,1.4257,1.4299,535538.5,0.0,0.0,0
1h,1774306800.0,1.4299,1.4343,1.4238,1.4322,402183.21,0.0,0.0,0
1h,1774310400.0,1.4322,1.4351,1.4164,1.4201,789691.69,0.0,0.0,0
1h,1774314000.0,1.4201,1.4235,1.41,1.4137,650140.67,0.0,0.0,0
1h,1774317600.0,1.4137,1.4168,1.4089,1.4094,986111.54,0.0,0.0,0
1h,1774321200.0,1.4094,1.4161,1.4086,1.4146,368925.76,0.0,0.0,0
1h,1774324800.0,1.4146,1.4168,1.4069,1.4087,433349.85,0.0,0.0,0
1h,1774328400.0,1.4087,1.4156,1.4051,1.414,524380.56,0.0,0.0,0
1h,1774332000.0,1.414,1.4172,1.4104,1.4159,634373.38,0.0,0.0,0
1h,1774335600.0,1.4159,1.4324,1.4145,1.4314,1110202.64,0.0,0.0,0
1h,1774339200.0,1.4314,1.4334,1.4149,1.4175,1151221.32,0.0,0.0,0
1h,1774342800.0,1.4175,1.4241,1.4134,1.4233,658559.76,0.0,0.0,0
1h,1774346400.0,1.4233,1.4235,1.4169,1.4218,731420.2,0.0,0.0,0
1h,1774350000.0,1.4218,1.4261,1.4152,1.4233,1305385.46,0.0,0.0,0
1h,1774353600.0,1.4233,1.4236,1.4145,1.4166,642844.42,0.0,0.0,0
1h,1774357200.0,1.4166,1.418,1.4005,1.4026,2147217.13,0.0,0.0,0
1h,1774360800.0,1.4026,1.409,1.3957,1.4022,2025434.14,0.0,0.0,0
1h,1774364400.0,1.4022,1.4086,1.4005,1.401,954935.72,0.0,0.0,0
1h,1774368000.0,1.401,1.4039,1.3894,1.391,1420574.01,0.0,0.0,0
1h,1774371600.0,1.391,1.3939,1.3838,1.3882,1237231.79,0.0,0.0,0
1h,1774375200.0,1.3882,1.3949,1.3872,1.3889,1454450.98,0.0,0.0,0
1h,1774378800.0,1.3889,1.3937,1.3873,1.3879,944766.21,0.0,0.0,0
1h,1774382400.0,1.3879,1.4128,1.3863,1.4099,1618698.94,0.0,0.0,0
1h,1774386000.0,1.4099,1.4143,1.4051,1.413,786637.14,0.0,0.0,0
1h,1774389600.0,1.413,1.4145,1.4081,1.4114,535907.96,0.0,0.0,0
1h,1774393200.0,1.4114,1.418,1.4094,1.4159,582818.6,0.0,0.0,0
1h,1774396800.0,1.4159,1.4248,1.412,1.4204,1209983.78,0.0,0.0,0
1h,1774400400.0,1.4204,1.4223,1.4157,1.4168,655350.58,0.0,0.0,0
1h,1774404000.0,1.4168,1.4172,1.4104,1.4105,1135594.12,0.0,0.0,0
1h,1774407600.0,1.4105,1.4148,1.4071,1.4134,415859.87,0.0,0.0,0
1h,1774411200.0,1.4134,1.4173,1.4112,1.4161,336129.4,0.0,0.0,0
1h,1774414800.0,1.4161,1.4234,1.4151,1.4177,634667.11,0.0,0.0,0
1h,1774418400.0,1.4177,1.4232,1.4162,1.4178,695788.08,0.0,0.0,0
1h,1774422000.0,1.4178,1.4266,1.4172,1.4199,764277.11,0.0,0.0,0
1h,1774425600.0,1.4199,1.4255,1.418,1.4196,1337327.07,0.0,0.0,0
1h,1774429200.0,1.4196,1.4216,1.4128,1.4179,897944.93,0.0,0.0,0
1h,1774432800.0,1.4179,1.4239,1.4169,1.4229,809779.33,0.0,0.0,0
1h,1774436400.0,1.4229,1.4381,1.4227,1.429,2520515.52,0.0,0.0,0
1h,1774440000.0,1.429,1.4323,1.4136,1.4224,1757293.24,0.0,0.0,0
1h,1774443600.0,1.4224,1.4295,1.4185,1.4204,1044261.55,0.0,0.0,0
1h,1774447200.0,1.4204,1.4224,1.4151,1.4153,1738699.08,0.0,0.0,0
1h,1774450800.0,1.4153,1.4167,1.402,1.4073,2032687.71,0.0,0.0,0
1h,1774454400.0,1.4073,1.421,1.4048,1.4156,1209509.6,0.0,0.0,0
1h,1774458000.0,1.4156,1.4173,1.4097,1.4114,729773.6,0.0,0.0,0
1h,1774461600.0,1.4114,1.4188,1.4099,1.4126,520795.32,0.0,0.0,0
1h,1774465200.0,1.4126,1.4155,1.4089,1.4117,544594.81,0.0,0.0,0
1h,1774468800.0,1.4117,1.4153,1.4098,1.4146,378500.28,0.0,0.0,0
1h,1774472400.0,1.4146,1.4173,1.4121,1.4135,252485.48,0.0,0.0,0
1h,1774476000.0,1.4135,1.4227,1.4125,1.418,477317.79,0.0,0.0,0
1h,1774479600.0,1.418,1.4194,1.4128,1.4146,315405.13,0.0,0.0,0
1h,1774483200.0,1.4146,1.4165,1.4113,1.4135,735998.96,0.0,0.0,0
1h,1774486800.0,1.4135,1.4152,1.4103,1.4112,298783.6,0.0,0.0,0
1h,1774490400.0,1.4112,1.4118,1.4,1.4038,503800.01,0.0,0.0,0
1h,1774494000.0,1.4038,1.4038,1.3964,1.4018,487031.61,0.0,0.0,0
1h,1774497600.0,1.4018,1.4057,1.3979,1.4027,381865.14,0.0,0.0,0
1h,1774501200.0,1.4027,1.403,1.3882,1.3891,801565.33,0.0,0.0,0
1h,1774504800.0,1.3891,1.3935,1.3852,1.3852,1553019.21,0.0,0.0,0
1h,1774508400.0,1.3852,1.3877,1.3794,1.3857,1555140.37,0.0,0.0,0
1h,1774512000.0,1.3857,1.3865,1.3803,1.3823,670951.06,0.0,0.0,0
1h,1774515600.0,1.3823,1.3843,1.3685,1.373,1513120.14,0.0,0.0,0
1h,1774519200.0,1.373,1.3773,1.3695,1.3735,1137938.94,0.0,0.0,0
1h,1774522800.0,1.3735,1.3766,1.369,1.3709,1334372.93,0.0,0.0,0
1h,1774526400.0,1.3709,1.3756,1.3701,1.3745,1070418.16,0.0,0.0,0
1h,1774530000.0,1.3745,1.3827,1.3711,1.3785,1683858.5,0.0,0.0,0
1h,1774533600.0,1.3785,1.3816,1.3651,1.3685,1678096.6,0.0,0.0,0
1h,1774537200.0,1.3685,1.3686,1.3526,1.3605,3568265.62,0.0,0.0,0
1h,1774540800.0,1.3605,1.3671,1.36,1.3608,1428335.32,0.0,0.0,0
1h,1774544400.0,1.3608,1.3644,1.3514,1.354,1157454.6,0.0,0.0,0
1h,1774548000.0,1.354,1.3556,1.3358,1.3473,4313203.57,0.0,0.0,0
1h,1774551600.0,1.3473,1.3519,1.344,1.3443,1818563.72,0.0,0.0,0
1h,1774555200.0,1.3443,1.3673,1.3442,1.3595,4290336.06,0.0,0.0,0
1h,1774558800.0,1.3595,1.371,1.3581,1.367,989955.49,0.0,0.0,0
1h,1774562400.0,1.367,1.3689,1.3582,1.3636,1190062.84,0.0,0.0,0
1h,1774566000.0,1.3636,1.3652,1.3589,1.3609,415016.0,0.0,0.0,0
1h,1774569600.0,1.3609,1.3638,1.3582,1.3617,441329.87,0.0,0.0,0
1h,1774573200.0,1.3617,1.3699,1.3606,1.3692,644175.63,0.0,0.0,0
1h,1774576800.0,1.3692,1.3726,1.367,1.3706,489383.02,0.0,0.0,0
1h,1774580400.0,1.3706,1.3712,1.3638,1.3642,385670.37,0.0,0.0,0
1h,1774584000.0,1.3642,1.3648,1.3562,1.3634,711422.43,0.0,0.0,0
1h,1774587600.0,1.3634,1.3687,1.3607,1.3624,592443.98,0.0,0.0,0
1h,1774591200.0,1.3624,1.3644,1.3595,1.3601,559524.79,0.0,0.0,0
1h,1774594800.0,1.3601,1.3648,1.3576,1.3589,616348.33,0.0,0.0,0
1h,1774598400.0,1.3589,1.3615,1.344,1.3506,1560026.03,0.0,0.0,0
1h,1774602000.0,1.3506,1.3509,1.3399,1.3463,564535.73,0.0,0.0,0
1h,1774605600.0,1.3463,1.3479,1.326,1.3331,3984742.06,0.0,0.0,0
1h,1774609200.0,1.3331,1.3386,1.3295,1.335,1908839.09,0.0,0.0,0
1h,1774612800.0,1.335,1.3351,1.3262,1.3324,3814539.64,0.0,0.0,0
1h,1774616400.0,1.3324,1.3431,1.3276,1.3403,2667920.24,0.0,0.0,0
1h,1774620000.0,1.3403,1.344,1.3277,1.3323,1797421.38,0.0,0.0,0
1h,1774623600.0,1.3323,1.3458,1.3319,1.3358,3439302.72,0.0,0.0,0
1h,1774627200.0,1.3358,1.337,1.3297,1.3306,2141842.6,0.0,0.0,0
1h,1774630800.0,1.3306,1.3376,1.3231,1.3239,1278491.71,0.0,0.0,0
1h,1774634400.0,1.3239,1.326,1.3182,1.3236,1149358.37,0.0,0.0,0
1h,1774638000.0,1.3236,1.3293,1.3196,1.3251,873004.52,0.0,0.0,0
1h,1774641600.0,1.3251,1.328,1.3221,1.3261,1160011.07,0.0,0.0,0
1h,1774645200.0,1.3261,1.3327,1.3261,1.3287,601160.51,0.0,0.0,0
1h,1774648800.0,1.3287,1.3289,1.3224,1.3245,542335.68,0.0,0.0,0
1h,1774652400.0,1.3245,1.3263,1.3204,1.3257,717389.56,0.0,0.0,0
1h,1774656000.0,1.3257,1.3296,1.3248,1.3265,382858.32,0.0,0.0,0
1h,1774659600.0,1.3265,1.3279,1.3192,1.3243,416588.45,0.0,0.0,0
1h,1774663200.0,1.3243,1.3275,1.3217,1.3239,354078.33,0.0,0.0,0
1h,1774666800.0,1.3239,1.3301,1.3239,1.3274,957551.76,0.0,0.0,0
1h,1774670400.0,1.3274,1.3307,1.326,1.3305,522125.02,0.0,0.0,0
1h,1774674000.0,1.3305,1.3419,1.3284,1.3374,2133917.33,0.0,0.0,0
1h,1774677600.0,1.3374,1.3397,1.3339,1.3358,671389.86,0.0,0.0,0
1h,1774681200.0,1.3358,1.3411,1.3347,1.341,412694.57,0.0,0.0,0
1h,1774684800.0,1.341,1.3427,1.3375,1.3378,532722.54,0.0,0.0,0
1h,1774688400.0,1.3378,1.3385,1.336,1.3372,284287.09,0.0,0.0,0
1h,1774692000.0,1.3372,1.3432,1.3349,1.3377,348884.94,0.0,0.0,0
1h,1774695600.0,1.3377,1.342,1.3372,1.3402,254069.32,0.0,0.0,0
1h,1774699200.0,1.3402,1.3416,1.336,1.3384,830164.9,0.0,0.0,0
1h,1774702800.0,1.3384,1.3574,1.338,1.3505,1625389.0,0.0,0.0,0
1h,1774706400.0,1.3505,1.3524,1.3463,1.3477,452769.99,0.0,0.0,0
1h,1774710000.0,1.3477,1.3584,1.3465,1.3533,759044.12,0.0,0.0,0
1h,1774713600.0,1.3533,1.3544,1.3497,1.35,328100.51,0.0,0.0,0
1h,1774717200.0,1.35,1.3521,1.3444,1.3457,442460.44,0.0,0.0,0
1h,1774720800.0,1.3457,1.3473,1.3445,1.346,248224.78,0.0,0.0,0
1h,1774724400.0,1.346,1.3464,1.3421,1.3448,304518.78,0.0,0.0,0
1h,1774728000.0,1.3448,1.348,1.3444,1.3465,297421.43,0.0,0.0,0
1h,1774731600.0,1.3465,1.3466,1.3405,1.3414,291224.51,0.0,0.0,0
1h,1774735200.0,1.3414,1.3438,1.3384,1.3414,295523.79,0.0,0.0,0
1h,1774738800.0,1.3414,1.3415,1.3311,1.3333,439498.34,0.0,0.0,0
1h,1774742400.0,1.3333,1.3356,1.3301,1.3328,322544.88,0.0,0.0,0
1h,1774746000.0,1.3328,1.3373,1.3324,1.3358,316526.06,0.0,0.0,0
1h,1774749600.0,1.3358,1.3388,1.3346,1.3367,204821.19,0.0,0.0,0
1h,1774753200.0,1.3367,1.3417,1.3353,1.3384,274190.16,0.0,0.0,0
1h,1774756800.0,1.3384,1.3385,1.3349,1.3361,186712.35,0.0,0.0,0
1h,1774760400.0,1.3361,1.3361,1.3283,1.3336,1004282.82,0.0,0.0,0
1h,1774764000.0,1.3336,1.3433,1.3336,1.3346,1069907.8,0.0,0.0,0
1h,1774767600.0,1.3346,1.3368,1.3325,1.334,704737.36,0.0,0.0,0
1h,1774771200.0,1.334,1.3393,1.3322,1.3373,336607.45,0.0,0.0,0
1h,1774774800.0,1.3373,1.3378,1.334,1.3354,206699.26,0.0,0.0,0
1h,1774778400.0,1.3354,1.3354,1.3311,1.3336,223878.56,0.0,0.0,0
1h,1774782000.0,1.3336,1.3406,1.3333,1.3383,382639.08,0.0,0.0,0
1h,1774785600.0,1.3383,1.3383,1.3336,1.3346,203296.96,0.0,0.0,0
1h,1774789200.0,1.3346,1.335,1.3251,1.3265,844744.67,0.0,0.0,0
1h,1774792800.0,1.3265,1.3324,1.324,1.3261,514168.5,0.0,0.0,0
1h,1774796400.0,1.3261,1.3282,1.3214,1.3255,819613.4,0.0,0.0,0
1h,1774800000.0,1.3255,1.3294,1.3242,1.325,327195.85,0.0,0.0,0
1h,1774803600.0,1.325,1.3272,1.3192,1.3235,552781.41,0.0,0.0,0
1h,1774807200.0,1.3235,1.3261,1.3217,1.3237,304684.47,0.0,0.0,0
1h,1774810800.0,1.3237,1.3239,1.3166,1.3181,766676.32,0.0,0.0,0
1h,1774814400.0,1.3181,1.3271,1.3178,1.3241,399353.4,0.0,0.0,0
1h,1774818000.0,1.3241,1.3286,1.3237,1.3278,714747.0,0.0,0.0,0
1h,1774821600.0,1.3278,1.3278,1.2953,1.319,3744159.94,0.0,0.0,0
1h,1774825200.0,1.319,1.3325,1.3187,1.3277,1510182.4,0.0,0.0,0
1h,1774828800.0,1.3277,1.3507,1.3247,1.3314,1861988.94,0.0,0.0,0
1h,1774832400.0,1.3314,1.3423,1.3313,1.3402,749302.22,0.0,0.0,0
1h,1774836000.0,1.3402,1.3553,1.3393,1.3486,1492251.81,0.0,0.0,0
1h,1774839600.0,1.3486,1.3552,1.3456,1.3518,860445.29,0.0,0.0,0
1h,1774843200.0,1.3518,1.3609,1.3507,1.3509,1591024.26,0.0,0.0,0
1h,1774846800.0,1.3509,1.3576,1.3471,1.352,2236794.05,0.0,0.0,0
1h,1774850400.0,1.352,1.357,1.3504,1.3507,715048.47,0.0,0.0,0
1h,1774854000.0,1.3507,1.3592,1.3507,1.3582,1003864.18,0.0,0.0,0
1h,1774857600.0,1.3582,1.3669,1.357,1.3611,1207951.97,0.0,0.0,0
1h,1774861200.0,1.3611,1.3613,1.35,1.35,888262.81,0.0,0.0,0
1h,1774864800.0,1.35,1.3501,1.3449,1.348,1365490.17,0.0,0.0,0
1h,1774868400.0,1.348,1.3612,1.3478,1.35,2468581.87,0.0,0.0,0
1h,1774872000.0,1.35,1.356,1.3498,1.3515,1171406.61,0.0,0.0,0
1h,1774875600.0,1.3515,1.3564,1.3441,1.3459,1679581.79,0.0,0.0,0
1h,1774879200.0,1.3459,1.3496,1.3353,1.3481,1934241.91,0.0,0.0,0
1h,1774882800.0,1.3481,1.3505,1.3391,1.3455,1688843.85,0.0,0.0,0
1h,1774886400.0,1.3455,1.3456,1.338,1.3421,1332653.87,0.0,0.0,0
1h,1774890000.0,1.3421,1.3453,1.3327,1.3345,797544.5,0.0,0.0,0
1h,1774893600.0,1.3345,1.336,1.3247,1.3257,729813.68,0.0,0.0,0
1h,1774897200.0,1.3257,1.3264,1.3169,1.3234,1013332.03,0.0,0.0,0
1h,1774900800.0,1.3234,1.3279,1.3216,1.3276,399022.13,0.0,0.0,0
1h,1774904400.0,1.3276,1.3345,1.325,1.3308,625539.05,0.0,0.0,0
1h,1774908000.0,1.3308,1.3333,1.3274,1.3291,236866.66,0.0,0.0,0
1h,1774911600.0,1.3291,1.3291,1.3201,1.3239,706097.59,0.0,0.0,0
1h,1774915200.0,1.3239,1.3293,1.3194,1.326,811303.05,0.0,0.0,0
1h,1774918800.0,1.326,1.3481,1.3237,1.3394,1203723.8,0.0,0.0,0
1h,1774922400.0,1.3394,1.3409,1.3357,1.3369,1098146.96,0.0,0.0,0
1h,1774926000.0,1.3369,1.3369,1.3257,1.326,735967.04,0.0,0.0,0
1h,1774929600.0,1.326,1.3289,1.3206,1.3242,1386558.56,0.0,0.0,0
1h,1774933200.0,1.3242,1.3298,1.3202,1.3225,2031134.49,0.0,0.0,0
1h,1774936800.0,1.3225,1.3287,1.3149,1.3239,2460464.88,0.0,0.0,0
1h,1774940400.0,1.3239,1.3256,1.3143,1.3195,2546838.3,0.0,0.0,0
1h,1774944000.0,1.3195,1.3236,1.31,1.3138,1485796.63,0.0,0.0,0
1h,1774947600.0,1.3138,1.3167,1.3041,1.3072,2849375.13,0.0,0.0,0
1h,1774951200.0,1.3072,1.3136,1.3069,1.3107,1851117.4,0.0,0.0,0
1h,1774954800.0,1.3107,1.3178,1.3073,1.3148,2465435.05,0.0,0.0,0
1h,1774958400.0,1.3148,1.3213,1.3137,1.3152,1499289.56,0.0,0.0,0
1h,1774962000.0,1.3152,1.3281,1.3147,1.3261,1969976.81,0.0,0.0,0
1h,1774965600.0,1.3261,1.3385,1.3112,1.3147,3001972.06,0.0,0.0,0
1h,1774969200.0,1.3147,1.3285,1.3139,1.3149,1856381.81,0.0,0.0,0
1h,1774972800.0,1.3149,1.3373,1.3143,1.3304,2985637.2,0.0,0.0,0
1h,1774976400.0,1.3304,1.3459,1.3281,1.331,2546073.74,0.0,0.0,0
1h,1774980000.0,1.331,1.3427,1.331,1.3405,604160.22,0.0,0.0,0
1h,1774983600.0,1.3405,1.3464,1.3405,1.3449,1005741.65,0.0,0.0,0
1h,1774987200.0,1.3449,1.3502,1.342,1.3447,794494.41,0.0,0.0,0
1h,1774990800.0,1.3447,1.3451,1.3379,1.3409,450290.67,0.0,0.0,0
1h,1774994400.0,1.3409,1.3418,1.3326,1.3362,596318.94,0.0,0.0,0
1h,1774998000.0,1.3362,1.3422,1.3346,1.341,350907.38,0.0,0.0,0
1h,1775001600.0,1.341,1.3456,1.3381,1.3451,1220446.12,0.0,0.0,0
1h,1775005200.0,1.3451,1.3458,1.3341,1.3349,1351213.98,0.0,0.0,0
1h,1775008800.0,1.3349,1.3377,1.3312,1.3343,1700449.88,0.0,0.0,0
1h,1775012400.0,1.3343,1.3517,1.3343,1.3482,1686086.19,0.0,0.0,0
1h,1775016000.0,1.3482,1.3492,1.3387,1.3392,1022046.03,0.0,0.0,0
1h,1775019600.0,1.3392,1.3494,1.3361,1.3467,1833786.12,0.0,0.0,0
1h,1775023200.0,1.3467,1.3637,1.3466,1.3626,2169354.78,0.0,0.0,0
1h,1775026800.0,1.3626,1.3673,1.3562,1.3566,1269210.51,0.0,0.0,0
1h,1775030400.0,1.3566,1.3588,1.3523,1.3529,1056040.33,0.0,0.0,0
1h,1775034000.0,1.3529,1.3541,1.3492,1.3514,1269614.1,0.0,0.0,0
1h,1775037600.0,1.3514,1.3553,1.349,1.3527,2189269.12,0.0,0.0,0
1h,1775041200.0,1.3527,1.3555,1.3505,1.3542,1947036.27,0.0,0.0,0
1h,1775044800.0,1.3542,1.3606,1.3492,1.3538,2414002.5,0.0,0.0,0
1h,1775048400.0,1.3538,1.3574,1.3448,1.3465,1870811.82,0.0,0.0,0
1h,1775052000.0,1.3465,1.358,1.3458,1.3559,1365967.34,0.0,0.0,0
1h,1775055600.0,1.3559,1.3575,1.3503,1.3574,1399272.11,0.0,0.0,0
1h,1775059200.0,1.3574,1.3625,1.3517,1.3585,2728997.81,0.0,0.0,0
1h,1775062800.0,1.3585,1.3683,1.3509,1.3518,1183587.94,0.0,0.0,0
1h,1775066400.0,1.3518,1.3525,1.3463,1.3475,599565.92,0.0,0.0,0
1h,1775070000.0,1.3475,1.3539,1.3475,1.3503,492951.25,0.0,0.0,0
1h,1775073600.0,1.3503,1.3522,1.3423,1.3482,865590.8,0.0,0.0,0
1h,1775077200.0,1.3482,1.3568,1.3482,1.355,804555.69,0.0,0.0,0
1h,1775080800.0,1.355,1.3556,1.347,1.3488,372622.01,0.0,0.0,0
1h,1775084400.0,1.3488,1.3515,1.3467,1.3476,316500.27,0.0,0.0,0
1h,1775088000.0,1.3476,1.3568,1.3469,1.3568,616167.11,0.0,0.0,0
1h,1775091600.0,1.3568,1.3569,1.3223,1.3283,3573129.47,0.0,0.0,0
1h,1775095200.0,1.3283,1.3299,1.3171,1.3181,2436774.84,0.0,0.0,0
1h,1775098800.0,1.3181,1.3181,1.3066,1.3128,3163557.88,0.0,0.0,0
1h,1775102400.0,1.3128,1.321,1.3046,1.3082,3766381.56,0.0,0.0,0
1h,1775106000.0,1.3082,1.3159,1.3071,1.3152,1384400.74,0.0,0.0,0
1h,1775109600.0,1.3152,1.3187,1.3123,1.3157,737539.17,0.0,0.0,0
1h,1775113200.0,1.3157,1.3182,1.3129,1.3174,534480.23,0.0,0.0,0
1h,1775116800.0,1.3174,1.3175,1.3112,1.3118,662778.03,0.0,0.0,0
1h,1775120400.0,1.3118,1.313,1.3077,1.3119,799951.37,0.0,0.0,0
1h,1775124000.0,1.3119,1.3121,1.3076,1.3084,617813.16,0.0,0.0,0
1h,1775127600.0,1.3084,1.3092,1.2989,1.3001,1741478.06,0.0,0.0,0
1h,1775131200.0,1.3001,1.3006,1.2902,1.2907,1862850.48,0.0,0.0,0
1h,1775134800.0,1.2907,1.2936,1.2804,1.289,3186482.15,0.0,0.0,0
1h,1775138400.0,1.289,1.3037,1.2825,1.3002,4091135.81,0.0,0.0,0
1h,1775142000.0,1.3002,1.3021,1.291,1.2999,1985373.62,0.0,0.0,0
1h,1775145600.0,1.2999,1.309,1.295,1.3043,1365966.84,0.0,0.0,0
1h,1775149200.0,1.3043,1.3113,1.2981,1.2988,1060152.06,0.0,0.0,0
1h,1775152800.0,1.2988,1.3089,1.2977,1.3068,606904.93,0.0,0.0,0
1h,1775156400.0,1.3068,1.3098,1.3014,1.3077,499828.07,0.0,0.0,0
1h,1775160000.0,1.3077,1.3225,1.3048,1.318,823609.65,0.0,0.0,0
1h,1775163600.0,1.318,1.3194,1.3125,1.3156,355524.4,0.0,0.0,0
1h,1775167200.0,1.3156,1.3187,1.3123,1.3177,446555.0,0.0,0.0,0
1h,1775170800.0,1.3177,1.321,1.3155,1.3198,434781.12,0.0,0.0,0
1h,1775174400.0,1.3198,1.3239,1.3144,1.3156,965928.92,0.0,0.0,0
1h,1775178000.0,1.3156,1.3206,1.3127,1.3135,1178056.54,0.0,0.0,0
1h,1775181600.0,1.3135,1.3171,1.3032,1.308,1368117.3,0.0,0.0,0
1h,1775185200.0,1.308,1.322,1.3071,1.3217,1113222.11,0.0,0.0,0
1h,1775188800.0,1.3217,1.3239,1.3144,1.3199,1236560.93,0.0,0.0,0
1h,1775192400.0,1.3199,1.3258,1.316,1.3184,698918.93,0.0,0.0,0
1h,1775196000.0,1.3184,1.3208,1.3154,1.3196,364642.99,0.0,0.0,0
1h,1775199600.0,1.3196,1.3241,1.3169,1.3187,626069.77,0.0,0.0,0
1h,1775203200.0,1.3187,1.3217,1.3168,1.3178,378411.3,0.0,0.0,0
1h,1775206800.0,1.3178,1.3178,1.3111,1.3117,325398.79,0.0,0.0,0
1h,1775210400.0,1.3117,1.3176,1.3096,1.3159,1232608.94,0.0,0.0,0
1h,1775214000.0,1.3159,1.3243,1.315,1.3202,1146227.48,0.0,0.0,0
1h,1775217600.0,1.3202,1.3354,1.3182,1.3199,2645734.29,0.0,0.0,0
1h,1775221200.0,1.3199,1.3205,1.3146,1.3178,409200.83,0.0,0.0,0
1h,1775224800.0,1.3178,1.3212,1.3151,1.3193,216622.55,0.0,0.0,0
1h,1775228400.0,1.3193,1.3235,1.3183,1.3186,353300.17,0.0,0.0,0
1h,1775232000.0,1.3186,1.3254,1.3185,1.3246,782559.93,0.0,0.0,0
1h,1775235600.0,1.3246,1.3253,1.3192,1.3213,421880.85,0.0,0.0,0
1h,1775239200.0,1.3213,1.3226,1.3176,1.318,262140.79,0.0,0.0,0
1h,1775242800.0,1.318,1.3186,1.3137,1.3177,233127.16,0.0,0.0,0
1h,1775246400.0,1.3177,1.3191,1.3164,1.3164,214965.88,0.0,0.0,0
1h,1775250000.0,1.3164,1.3199,1.3134,1.3186,423704.8,0.0,0.0,0
1h,1775253600.0,1.3186,1.3235,1.3158,1.3167,1140271.88,0.0,0.0,0
1h,1775257200.0,1.3167,1.3189,1.3124,1.3184,891892.97,0.0,0.0,0
1h,1775260800.0,1.3184,1.3191,1.3161,1.3162,205290.54,0.0,0.0,0
1h,1775264400.0,1.3162,1.3177,1.3145,1.315,153483.56,0.0,0.0,0
1h,1775268000.0,1.315,1.3151,1.3133,1.3146,147718.97,0.0,0.0,0
1h,1775271600.0,1.3146,1.3168,1.3144,1.3158,174851.02,0.0,0.0,0
1h,1775275200.0,1.3158,1.3184,1.3154,1.3163,130416.87,0.0,0.0,0
1h,1775278800.0,1.3163,1.3185,1.3154,1.3172,466350.44,0.0,0.0,0
1h,1775282400.0,1.3172,1.3206,1.3164,1.3197,369617.87,0.0,0.0,0
1h,1775286000.0,1.3197,1.3201,1.3153,1.3161,412314.67,0.0,0.0,0
1h,1775289600.0,1.3161,1.3166,1.3137,1.3139,295726.92,0.0,0.0,0
1h,1775293200.0,1.3139,1.3144,1.3125,1.3126,288393.19,0.0,0.0,0
1h,1775296800.0,1.3126,1.3148,1.3068,1.3141,1278847.74,0.0,0.0,0
1h,1775300400.0,1.3141,1.3165,1.3105,1.3119,1168907.93,0.0,0.0,0
1h,1775304000.0,1.3119,1.3119,1.3091,1.3104,408587.1,0.0,0.0,0
1h,1775307600.0,1.3104,1.3117,1.3084,1.3094,777182.02,0.0,0.0,0
1h,1775311200.0,1.3094,1.3126,1.3067,1.3126,584116.63,0.0,0.0,0
1h,1775314800.0,1.3126,1.3169,1.3115,1.3127,521372.22,0.0,0.0,0
1h,1775318400.0,1.3127,1.3159,1.3109,1.3125,242695.06,0.0,0.0,0
1h,1775322000.0,1.3125,1.3162,1.312,1.3147,183763.48,0.0,0.0,0
1h,1775325600.0,1.3147,1.3159,1.3136,1.3136,130883.84,0.0,0.0,0
1h,1775329200.0,1.3136,1.3226,1.3134,1.3177,510723.79,0.0,0.0,0
1h,1775332800.0,1.3177,1.3183,1.3156,1.3169,235041.07,0.0,0.0,0
1h,1775336400.0,1.3169,1.3189,1.3144,1.317,312783.29,0.0,0.0,0
1h,1775340000.0,1.317,1.3185,1.3162,1.3168,260076.79,0.0,0.0,0
1h,1775343600.0,1.3168,1.3168,1.3137,1.3153,188743.46,0.0,0.0,0
1h,1775347200.0,1.3153,1.3154,1.3116,1.3125,137130.11,0.0,0.0,0
1h,1775350800.0,1.3125,1.3143,1.3112,1.313,214130.84,0.0,0.0,0
1h,1775354400.0,1.313,1.3198,1.3104,1.3166,611654.27,0.0,0.0,0
1h,1775358000.0,1.3166,1.3172,1.3132,1.3133,115178.88,0.0,0.0,0
1h,1775361600.0,1.3133,1.3158,1.3094,1.3109,1163211.06,0.0,0.0,0
1h,1775365200.0,1.3109,1.3123,1.2998,1.3006,1413952.55,0.0,0.0,0
1h,1775368800.0,1.3006,1.3032,1.2958,1.3016,1267652.73,0.0,0.0,0
1h,1775372400.0,1.3016,1.3046,1.2961,1.298,2052083.19,0.0,0.0,0
1h,1775376000.0,1.298,1.3,1.2972,1.2998,479898.8,0.0,0.0,0
1h,1775379600.0,1.2998,1.302,1.2992,1.3012,311476.17,0.0,0.0,0
1h,1775383200.0,1.3012,1.3042,1.2983,1.299,180184.24,0.0,0.0,0
1h,1775386800.0,1.299,1.3007,1.2979,1.2988,235853.02,0.0,0.0,0
1h,1775390400.0,1.2988,1.2988,1.2782,1.2826,865433.8,0.0,0.0,0
1h,1775394000.0,1.2826,1.2924,1.2803,1.2888,1800078.53,0.0,0.0,0
1h,1775397600.0,1.2888,1.2907,1.2853,1.2863,380188.38,0.0,0.0,0
1h,1775401200.0,1.2863,1.3055,1.2835,1.2963,1408682.87,0.0,0.0,0
1h,1775404800.0,1.2963,1.302,1.2963,1.2979,489096.09,0.0,0.0,0
1h,1775408400.0,1.2979,1.303,1.2966,1.3023,341596.34,0.0,0.0,0
1h,1775412000.0,1.3023,1.3052,1.2986,1.3028,620714.14,0.0,0.0,0
1h,1775415600.0,1.3028,1.3071,1.2993,1.3005,423042.3,0.0,0.0,0
1h,1775419200.0,1.3005,1.3056,1.2996,1.3042,435504.36,0.0,0.0,0
1h,1775422800.0,1.3042,1.3047,1.2983,1.3004,415599.19,0.0,0.0,0
1h,1775426400.0,1.3004,1.313,1.2971,1.3121,987357.49,0.0,0.0,0
1h,1775430000.0,1.3121,1.3321,1.3113,1.3263,2108457.35,0.0,0.0,0
1h,1775433600.0,1.3263,1.3399,1.3263,1.3315,2640558.72,0.0,0.0,0
1h,1775437200.0,1.3315,1.3335,1.3258,1.3293,1590538.3,0.0,0.0,0
1h,1775440800.0,1.3293,1.349,1.3292,1.3402,2218277.86,0.0,0.0,0
1h,1775444400.0,1.3402,1.3419,1.3363,1.3382,1022833.38,0.0,0.0,0
1h,1775448000.0,1.3382,1.3421,1.3361,1.3396,887397.25,0.0,0.0,0
1h,1775451600.0,1.3396,1.3405,1.3365,1.3402,284830.52,0.0,0.0,0
1h,1775455200.0,1.3402,1.3468,1.3387,1.3413,1374411.13,0.0,0.0,0
1h,1775458800.0,1.3413,1.3458,1.3376,1.3441,2598439.85,0.0,0.0,0
1h,1775462400.0,1.3441,1.3464,1.3387,1.339,1257968.15,0.0,0.0,0
1h,1775466000.0,1.339,1.3574,1.3378,1.3524,1747778.76,0.0,0.0,0
1h,1775469600.0,1.3524,1.3568,1.3518,1.3532,703388.14,0.0,0.0,0
1h,1775473200.0,1.3532,1.3532,1.3481,1.3498,1148309.08,0.0,0.0,0
1h,1775476800.0,1.3498,1.3508,1.3422,1.3432,1077949.33,0.0,0.0,0
1h,1775480400.0,1.3432,1.3479,1.3419,1.3471,999339.84,0.0,0.0,0
1h,1775484000.0,1.3471,1.3533,1.3408,1.3479,1486488.18,0.0,0.0,0
1h,1775487600.0,1.3479,1.3509,1.3444,1.3506,777022.02,0.0,0.0,0
1h,1775491200.0,1.3506,1.3534,1.3424,1.3434,535399.8,0.0,0.0,0
1h,1775494800.0,1.3434,1.3438,1.3349,1.3393,988628.54,0.0,0.0,0
1h,1775498400.0,1.3393,1.3434,1.337,1.3411,623418.85,0.0,0.0,0
1h,1775502000.0,1.3411,1.3437,1.3375,1.3416,615576.71,0.0,0.0,0
1h,1775505600.0,1.3416,1.3437,1.3403,1.3413,207614.18,0.0,0.0,0
1h,1775509200.0,1.3413,1.3413,1.3346,1.3355,636897.6,0.0,0.0,0
1h,1775512800.0,1.3355,1.3355,1.3185,1.3185,938970.8,0.0,0.0,0
1h,1775516400.0,1.3185,1.3228,1.3123,1.3211,990052.62,0.0,0.0,0
1h,1775520000.0,1.3211,1.3257,1.3198,1.3213,461694.61,0.0,0.0,0
1h,1775523600.0,1.3213,1.3245,1.3145,1.3146,464226.58,0.0,0.0,0
1h,1775527200.0,1.3146,1.3195,1.3125,1.317,345803.36,0.0,0.0,0
1h,1775530800.0,1.317,1.3183,1.3145,1.317,652171.98,0.0,0.0,0
1h,1775534400.0,1.317,1.3204,1.3131,1.3182,527217.08,0.0,0.0,0
1h,1775538000.0,1.3182,1.3189,1.3096,1.3114,1019026.37,0.0,0.0,0
1h,1775541600.0,1.3114,1.3121,1.3055,1.3113,922499.6,0.0,0.0,0
1h,1775545200.0,1.3113,1.3161,1.3108,1.3126,1129611.42,0.0,0.0,0
1h,1775548800.0,1.3126,1.3231,1.3111,1.3193,2283023.45,0.0,0.0,0
1h,1775552400.0,1.3193,1.3246,1.3178,1.3203,1244748.7,0.0,0.0,0
1h,1775556000.0,1.3203,1.3215,1.3057,1.3071,1789317.19,0.0,0.0,0
1h,1775559600.0,1.3071,1.3092,1.3033,1.3063,1019637.8,0.0,0.0,0
1h,1775563200.0,1.3063,1.3131,1.3008,1.3086,1781851.34,0.0,0.0,0
1h,1775566800.0,1.3086,1.3134,1.3046,1.3047,1104162.76,0.0,0.0,0
1h,1775570400.0,1.3047,1.3051,1.2966,1.2966,1910206.69,0.0,0.0,0
1h,1775574000.0,1.2966,1.3025,1.2948,1.2973,1448898.09,0.0,0.0,0
1h,1775577600.0,1.2973,1.3032,1.2956,1.3005,842498.85,0.0,0.0,0
1h,1775581200.0,1.3005,1.3149,1.2993,1.3085,600152.82,0.0,0.0,0
1h,1775584800.0,1.3085,1.3097,1.3002,1.302,530079.46,0.0,0.0,0
1h,1775588400.0,1.302,1.3165,1.3015,1.3142,1223268.2,0.0,0.0,0
1h,1775592000.0,1.3142,1.322,1.3139,1.3181,972713.77,0.0,0.0,0
1h,1775595600.0,1.3181,1.3403,1.3181,1.3381,1720054.55,0.0,0.0,0
1h,1775599200.0,1.3381,1.3741,1.3362,1.3737,6022378.34,0.0,0.0,0
1h,1775602800.0,1.3737,1.396,1.3672,1.3787,5713242.78,0.0,0.0,0
1h,1775606400.0,1.3787,1.3837,1.3602,1.3666,2889971.26,0.0,0.0,0
1h,1775610000.0,1.3666,1.3733,1.3637,1.3698,1086608.3,0.0,0.0,0
1h,1775613600.0,1.3698,1.3759,1.3683,1.3743,1552173.14,0.0,0.0,0
1h,1775617200.0,1.3743,1.3773,1.3687,1.3701,1448575.23,0.0,0.0,0
1h,1775620800.0,1.3701,1.378,1.369,1.3761,1672884.1,0.0,0.0,0
1h,1775624400.0,1.3761,1.3876,1.376,1.3847,1793301.62,0.0,0.0,0
1h,1775628000.0,1.3847,1.3869,1.3797,1.3799,831490.61,0.0,0.0,0
1h,1775631600.0,1.3799,1.3845,1.3775,1.3796,1803393.56,0.0,0.0,0
1h,1775635200.0,1.3796,1.3838,1.3781,1.3812,1385581.55,0.0,0.0,0
1h,1775638800.0,1.3812,1.3877,1.3779,1.381,1082773.06,0.0,0.0,0
1h,1775642400.0,1.381,1.3848,1.3785,1.3835,1445664.79,0.0,0.0,0
1h,1775646000.0,1.3835,1.386,1.3716,1.3779,1912467.41,0.0,0.0,0
1h,1775649600.0,1.3779,1.3836,1.3744,1.3802,1553267.05,0.0,0.0,0
1h,1775653200.0,1.3802,1.3898,1.3734,1.3743,1662015.98,0.0,0.0,0
1h,1775656800.0,1.3743,1.3748,1.3455,1.3503,3146523.51,0.0,0.0,0
1h,1775660400.0,1.3503,1.3568,1.3488,1.3548,1026546.56,0.0,0.0,0
1h,1775664000.0,1.3548,1.3599,1.3523,1.3571,602250.42,0.0,0.0,0
1h,1775667600.0,1.3571,1.3635,1.3545,1.3621,544437.16,0.0,0.0,0
1h,1775671200.0,1.3621,1.3624,1.3472,1.3482,611232.93,0.0,0.0,0
1h,1775674800.0,1.3482,1.352,1.3444,1.3519,676614.62,0.0,0.0,0
1h,1775678400.0,1.3519,1.3537,1.3464,1.3485,323528.75,0.0,0.0,0
1h,1775682000.0,1.3485,1.3573,1.3478,1.3529,489354.51,0.0,0.0,0
1h,1775685600.0,1.3529,1.3534,1.3445,1.3448,618601.96,0.0,0.0,0
1h,1775689200.0,1.3448,1.346,1.339,1.3429,1068669.42,0.0,0.0,0
1h,1775692800.0,1.3429,1.3429,1.3343,1.3398,1137289.14,0.0,0.0,0
1h,1775696400.0,1.3398,1.3407,1.3269,1.3344,2310703.04,0.0,0.0,0
1h,1775700000.0,1.3344,1.3363,1.3317,1.3344,1864414.49,0.0,0.0,0
1h,1775703600.0,1.3344,1.337,1.3298,1.3312,1865085.14,0.0,0.0,0
1h,1775707200.0,1.3312,1.3327,1.3276,1.3317,1411628.43,0.0,0.0,0
1h,1775710800.0,1.3317,1.3366,1.331,1.3332,1568435.97,0.0,0.0,0
1h,1775714400.0,1.3332,1.3355,1.3263,1.333,1211443.51,0.0,0.0,0
1h,1775718000.0,1.333,1.3348,1.3306,1.3321,563670.26,0.0,0.0,0
1h,1775721600.0,1.3321,1.3368,1.3307,1.3351,644116.25,0.0,0.0,0
1h,1775725200.0,1.3351,1.3392,1.3338,1.338,942181.62,0.0,0.0,0
1h,1775728800.0,1.338,1.3386,1.3327,1.3328,1161072.7,0.0,0.0,0
1h,1775732400.0,1.3328,1.3353,1.3255,1.3298,3945241.29,0.0,0.0,0
1h,1775736000.0,1.3298,1.3328,1.3263,1.3312,906307.4,0.0,0.0,0
1h,1775739600.0,1.3312,1.3329,1.3265,1.3296,1281330.99,0.0,0.0,0
1h,1775743200.0,1.3296,1.3337,1.322,1.3326,1657020.47,0.0,0.0,0
1h,1775746800.0,1.3326,1.3548,1.3299,1.352,2470701.12,0.0,0.0,0
1h,1775750400.0,1.352,1.3595,1.3462,1.3522,1767290.24,0.0,0.0,0
1h,1775754000.0,1.3522,1.3601,1.3517,1.3586,859192.66,0.0,0.0,0
1h,1775757600.0,1.3586,1.3592,1.3505,1.3552,875125.88,0.0,0.0,0
1h,1775761200.0,1.3552,1.3607,1.3519,1.3558,778003.52,0.0,0.0,0
1h,1775764800.0,1.3558,1.3593,1.3535,1.3565,447901.21,0.0,0.0,0
1h,1775768400.0,1.3565,1.3613,1.3509,1.3534,802273.75,0.0,0.0,0
1h,1775772000.0,1.3534,1.3696,1.3517,1.3522,1690246.66,0.0,0.0,0
1h,1775775600.0,1.3522,1.353,1.3419,1.3437,1006867.49,0.0,0.0,0
1h,1775779200.0,1.3437,1.348,1.3408,1.3451,822978.61,0.0,0.0,0
1h,1775782800.0,1.3451,1.3504,1.3403,1.3438,1266587.73,0.0,0.0,0
1h,1775786400.0,1.3438,1.3469,1.3418,1.3435,258699.78,0.0,0.0,0
1h,1775790000.0,1.3435,1.3459,1.3408,1.3413,597180.95,0.0,0.0,0
1h,1775793600.0,1.3413,1.3489,1.3412,1.3463,555884.85,0.0,0.0,0
1h,1775797200.0,1.3463,1.3487,1.3427,1.3436,266782.68,0.0,0.0,0
1h,1775800800.0,1.3436,1.3468,1.3392,1.3422,350685.27,0.0,0.0,0
1h,1775804400.0,1.3422,1.343,1.3356,1.3371,382520.88,0.0,0.0,0
1h,1775808000.0,1.3371,1.3473,1.3351,1.3394,2181888.24,0.0,0.0,0
1h,1775811600.0,1.3394,1.3428,1.3358,1.3387,1911845.4,0.0,0.0,0
1h,1775815200.0,1.3387,1.3408,1.3358,1.3374,1547024.33,0.0,0.0,0
1h,1775818800.0,1.3374,1.3438,1.337,1.3415,1166651.3,0.0,0.0,0
1h,1775822400.0,1.3415,1.347,1.3398,1.3429,2446424.44,0.0,0.0,0
1h,1775826000.0,1.3429,1.3454,1.3379,1.3444,943928.75,0.0,0.0,0
1h,1775829600.0,1.3444,1.3579,1.3431,1.3578,1756004.21,0.0,0.0,0
1h,1775833200.0,1.3578,1.3608,1.3459,1.3476,1847091.36,0.0,0.0,0
1h,1775836800.0,1.3476,1.3536,1.3472,1.3512,1698998.14,0.0,0.0,0
1h,1775840400.0,1.3512,1.3557,1.3486,1.3553,314689.92,0.0,0.0,0
1h,1775844000.0,1.3553,1.36,1.353,1.3597,399194.53,0.0,0.0,0
1h,1775847600.0,1.3597,1.3632,1.3582,1.3629,993450.4,0.0,0.0,0
1h,1775851200.0,1.3629,1.3659,1.3597,1.3643,1140936.55,0.0,0.0,0
1h,1775854800.0,1.3643,1.3644,1.3574,1.3603,382984.03,0.0,0.0,0
1h,1775858400.0,1.3603,1.3611,1.3548,1.3562,365262.89,0.0,0.0,0
1h,1775862000.0,1.3562,1.3568,1.3543,1.3559,202434.64,0.0,0.0,0
1h,1775865600.0,1.3559,1.3564,1.3531,1.3543,325278.75,0.0,0.0,0
1h,1775869200.0,1.3543,1.3543,1.3496,1.3529,347177.48,0.0,0.0,0
1h,1775872800.0,1.3529,1.3573,1.3527,1.3548,328184.68,0.0,0.0,0
1h,1775876400.0,1.3548,1.3571,1.3504,1.3506,309086.39,0.0,0.0,0
1h,1775880000.0,1.3506,1.3522,1.3481,1.351,345918.4,0.0,0.0,0
1h,1775883600.0,1.351,1.3513,1.3461,1.3477,282403.61,0.0,0.0,0
1h,1775887200.0,1.3477,1.3477,1.344,1.3464,303831.78,0.0,0.0,0
1h,1775890800.0,1.3464,1.3479,1.3457,1.3466,180532.7,0.0,0.0,0
1h,1775894400.0,1.3466,1.3486,1.3448,1.3454,289987.5,0.0,0.0,0
1h,1775898000.0,1.3454,1.3489,1.3423,1.3477,796148.87,0.0,0.0,0
1h,1775901600.0,1.3477,1.348,1.3455,1.3471,282597.73,0.0,0.0,0
1h,1775905200.0,1.3471,1.3499,1.3441,1.3456,1047947.3,0.0,0.0,0
1h,1775908800.0,1.3456,1.3463,1.3418,1.3444,1484638.32,0.0,0.0,0
1h,1775912400.0,1.3444,1.3452,1.3402,1.345,743189.42,0.0,0.0,0
1h,1775916000.0,1.345,1.3491,1.3418,1.3425,1346527.46,0.0,0.0,0
1h,1775919600.0,1.3425,1.3466,1.3394,1.3461,1511606.55,0.0,0.0,0
1h,1775923200.0,1.3461,1.3588,1.3458,1.3546,672160.03,0.0,0.0,0
1h,1775926800.0,1.3546,1.3569,1.3511,1.353,632247.91,0.0,0.0,0
1h,1775930400.0,1.353,1.3671,1.3513,1.3641,1037048.78,0.0,0.0,0
1h,1775934000.0,1.3641,1.3751,1.3631,1.371,1318341.62,0.0,0.0,0
1h,1775937600.0,1.371,1.3727,1.3583,1.3616,886562.31,0.0,0.0,0
1h,1775941200.0,1.3616,1.3656,1.3595,1.3624,563288.82,0.0,0.0,0
1h,1775944800.0,1.3624,1.3699,1.3601,1.3616,871214.67,0.0,0.0,0
1h,1775948400.0,1.3616,1.3616,1.3512,1.3544,519972.14,0.0,0.0,0
1h,1775952000.0,1.3544,1.3547,1.3515,1.3535,346075.23,0.0,0.0,0
1h,1775955600.0,1.3535,1.3559,1.3259,1.3295,2913680.0,0.0,0.0,0
1h,1775959200.0,1.3295,1.3377,1.3254,1.3344,1055140.92,0.0,0.0,0
1h,1775962800.0,1.3344,1.3363,1.3301,1.3304,785336.82,0.0,0.0,0
1h,1775966400.0,1.3304,1.3309,1.3271,1.3281,645013.85,0.0,0.0,0
1h,1775970000.0,1.3281,1.3311,1.327,1.3305,389339.29,0.0,0.0,0
1h,1775973600.0,1.3305,1.3323,1.3286,1.3295,535972.03,0.0,0.0,0
1h,1775977200.0,1.3295,1.331,1.3274,1.3298,493586.5,0.0,0.0,0
1h,1775980800.0,1.3298,1.3319,1.328,1.3286,471546.48,0.0,0.0,0
1h,1775984400.0,1.3286,1.332,1.3262,1.3303,828803.73,0.0,0.0,0
1h,1775988000.0,1.3303,1.3329,1.3295,1.3306,215856.25,0.0,0.0,0
1h,1775991600.0,1.3306,1.334,1.3299,1.333,828307.01,0.0,0.0,0
1h,1775995200.0,1.333,1.3345,1.3276,1.3309,1158436.27,0.0,0.0,0
1h,1775998800.0,1.3309,1.3328,1.3232,1.3235,2710325.99,0.0,0.0,0
1h,1776002400.0,1.3235,1.3279,1.3216,1.3223,2904329.39,0.0,0.0,0
1h,1776006000.0,1.3223,1.3252,1.3193,1.3238,784748.04,0.0,0.0,0
1h,1776009600.0,1.3238,1.328,1.3233,1.3279,383877.21,0.0,0.0,0
1h,1776013200.0,1.3279,1.3337,1.3271,1.3326,393213.37,0.0,0.0,0
1h,1776016800.0,1.3326,1.334,1.33,1.3307,385622.15,0.0,0.0,0
1h,1776020400.0,1.3307,1.3318,1.3297,1.3309,316490.18,0.0,0.0,0
1h,1776024000.0,1.3309,1.3395,1.3295,1.3366,477294.34,0.0,0.0,0
1h,1776027600.0,1.3366,1.3391,1.3337,1.3365,449668.13,0.0,0.0,0
1h,1776031200.0,1.3365,1.3365,1.3231,1.328,1031576.89,0.0,0.0,0
1h,1776034800.0,1.328,1.328,1.3225,1.3246,445677.96,0.0,0.0,0
1h,1776038400.0,1.3246,1.3333,1.3232,1.3319,390280.49,0.0,0.0,0
1h,1776042000.0,1.3319,1.333,1.3266,1.3321,242528.55,0.0,0.0,0
1h,1776045600.0,1.3321,1.3332,1.3246,1.3255,380188.86,0.0,0.0,0
1h,1776049200.0,1.3255,1.329,1.3244,1.3256,312872.42,0.0,0.0,0
1h,1776052800.0,1.3256,1.3273,1.3196,1.323,938100.91,0.0,0.0,0
1h,1776056400.0,1.323,1.3319,1.3219,1.3314,383255.33,0.0,0.0,0
1h,1776060000.0,1.3314,1.3369,1.3311,1.3343,1730164.04,0.0,0.0,0
1h,1776063600.0,1.3343,1.3353,1.3253,1.3255,429505.91,0.0,0.0,0
1h,1776067200.0,1.3255,1.3286,1.3229,1.3255,759075.99,0.0,0.0,0
1h,1776070800.0,1.3255,1.3305,1.3245,1.3267,1586550.16,0.0,0.0,0
1h,1776074400.0,1.3267,1.3268,1.3237,1.3252,256144.49,0.0,0.0,0
1h,1776078000.0,1.3252,1.328,1.3248,1.3257,358357.89,0.0,0.0,0
1h,1776081600.0,1.3257,1.3337,1.3235,1.3321,701639.54,0.0,0.0,0
1h,1776085200.0,1.3321,1.3414,1.3275,1.3394,1681615.81,0.0,0.0,0
1h,1776088800.0,1.3394,1.3465,1.3318,1.3458,1056680.0,0.0,0.0,0
1h,1776092400.0,1.3458,1.3461,1.3311,1.3345,714804.96,0.0,0.0,0
1h,1776096000.0,1.3345,1.3423,1.3294,1.3396,874333.09,0.0,0.0,0
1h,1776099600.0,1.3396,1.3456,1.3372,1.3379,421544.84,0.0,0.0,0
1h,1776103200.0,1.3379,1.3406,1.3346,1.3404,339357.36,0.0,0.0,0
1h,1776106800.0,1.3404,1.3556,1.3391,1.3533,1556740.38,0.0,0.0,0
1h,1776110400.0,1.3533,1.3553,1.3469,1.3471,1106910.1,0.0,0.0,0
1h,1776114000.0,1.3471,1.3535,1.3439,1.351,870692.3,0.0,0.0,0
1h,1776117600.0,1.351,1.3772,1.3503,1.3749,4277753.73,0.0,0.0,0
1h,1776121200.0,1.3749,1.3841,1.3709,1.3755,3094377.32,0.0,0.0,0
1h,1776124800.0,1.3755,1.3773,1.3609,1.3623,1469066.51,0.0,0.0,0
1h,1776128400.0,1.3623,1.3681,1.3596,1.3664,1345395.74,0.0,0.0,0
1h,1776132000.0,1.3664,1.371,1.3647,1.3684,844153.45,0.0,0.0,0
1h,1776135600.0,1.3684,1.3684,1.3655,1.3671,462546.4,0.0,0.0,0
1h,1776139200.0,1.3671,1.3682,1.3605,1.3635,960705.08,0.0,0.0,0
1h,1776142800.0,1.3635,1.3654,1.3615,1.3621,352820.35,0.0,0.0,0
1h,1776146400.0,1.3621,1.3731,1.3621,1.3714,1531165.49,0.0,0.0,0
1h,1776150000.0,1.3714,1.3774,1.3675,1.368,1560399.76,0.0,0.0,0
1h,1776153600.0,1.368,1.3753,1.3663,1.3732,827217.88,0.0,0.0,0
1h,1776157200.0,1.3732,1.3759,1.3711,1.3732,481496.34,0.0,0.0,0
1h,1776160800.0,1.3732,1.3733,1.369,1.3701,415153.45,0.0,0.0,0
1h,1776164400.0,1.3701,1.3744,1.3679,1.3691,605861.12,0.0,0.0,0
1h,1776168000.0,1.3691,1.3713,1.3651,1.3674,836403.12,0.0,0.0,0
1h,1776171600.0,1.3674,1.3934,1.3672,1.3927,3005129.0,0.0,0.0,0
1h,1776175200.0,1.3927,1.3953,1.3719,1.3719,2443607.43,0.0,0.0,0
1h,1776178800.0,1.3719,1.3794,1.3672,1.3743,1360250.23,0.0,0.0,0
1h,1776182400.0,1.3743,1.3808,1.3662,1.3685,848593.47,0.0,0.0,0
1h,1776186000.0,1.3685,1.374,1.3654,1.3689,528211.73,0.0,0.0,0
1h,1776189600.0,1.3689,1.3704,1.3523,1.3546,1217595.16,0.0,0.0,0
1h,1776193200.0,1.3546,1.3608,1.3525,1.3604,997884.78,0.0,0.0,0
1h,1776196800.0,1.3604,1.3617,1.3553,1.3567,795251.03,0.0,0.0,0
1h,1776200400.0,1.3567,1.3619,1.3559,1.36,660339.55,0.0,0.0,0
1h,1776204000.0,1.36,1.3653,1.3555,1.3584,1582953.3,0.0,0.0,0
1h,1776207600.0,1.3584,1.366,1.3571,1.3616,1393634.27,0.0,0.0,0
1h,1776211200.0,1.3616,1.3667,1.3574,1.362,2932500.83,0.0,0.0,0
1h,1776214800.0,1.362,1.3648,1.3591,1.3623,1791721.45,0.0,0.0,0
1h,1776218400.0,1.3623,1.3641,1.3555,1.3573,762253.07,0.0,0.0,0
1h,1776222000.0,1.3573,1.3584,1.3559,1.3577,250960.89,0.0,0.0,0
1h,1776225600.0,1.3577,1.3607,1.3574,1.3594,353347.31,0.0,0.0,0
1h,1776229200.0,1.3594,1.3618,1.3551,1.3588,336341.49,0.0,0.0,0
1h,1776232800.0,1.3588,1.3589,1.3541,1.3557,384643.91,0.0,0.0,0
1h,1776236400.0,1.3557,1.3567,1.35,1.3515,1992584.87,0.0,0.0,0
1h,1776240000.0,1.3515,1.3571,1.3506,1.3556,643610.31,0.0,0.0,0
1h,1776243600.0,1.3556,1.3561,1.3507,1.3523,1008911.01,0.0,0.0,0
1h,1776247200.0,1.3523,1.3593,1.3516,1.3562,635273.34,0.0,0.0,0
1h,1776250800.0,1.3562,1.365,1.3562,1.3634,860317.34,0.0,0.0,0
1h,1776254400.0,1.3634,1.3698,1.361,1.3651,1114214.86,0.0,0.0,0
1h,1776258000.0,1.3651,1.3681,1.3614,1.3673,1225081.91,0.0,0.0,0
1h,1776261600.0,1.3673,1.3794,1.3641,1.3766,2687229.68,0.0,0.0,0
1h,1776265200.0,1.3766,1.3836,1.3718,1.3734,3000520.05,0.0,0.0,0
1h,1776268800.0,1.3734,1.3822,1.372,1.3783,2433609.3,0.0,0.0,0
1h,1776272400.0,1.3783,1.3839,1.3759,1.3801,1225020.76,0.0,0.0,0
1h,1776276000.0,1.3801,1.3873,1.3791,1.3868,1826284.64,0.0,0.0,0
1h,1776279600.0,1.3868,1.4082,1.3844,1.3998,3662267.72,0.0,0.0,0
1h,1776283200.0,1.3998,1.4005,1.3846,1.388,1269530.96,0.0,0.0,0
1h,1776286800.0,1.388,1.3902,1.3806,1.3885,861403.17,0.0,0.0,0
1h,1776290400.0,1.3885,1.4025,1.3884,1.3939,1108034.73,0.0,0.0,0
1h,1776294000.0,1.3939,1.3939,1.3853,1.3919,1272419.1,0.0,0.0,0
1h,1776297600.0,1.3919,1.3983,1.3866,1.3969,620744.31,0.0,0.0,0
1h,1776301200.0,1.3969,1.4019,1.3901,1.4001,1229589.89,0.0,0.0,0
1h,1776304800.0,1.4001,1.41,1.3965,1.4065,1327194.81,0.0,0.0,0
1h,1776308400.0,1.4065,1.4154,1.4055,1.4062,1168748.75,0.0,0.0,0
1h,1776312000.0,1.4062,1.4115,1.4021,1.4039,782522.77,0.0,0.0,0
1h,1776315600.0,1.4039,1.4072,1.4006,1.4056,623671.73,0.0,0.0,0
1h,1776319200.0,1.4056,1.4102,1.4042,1.4098,653737.05,0.0,0.0,0
1h,1776322800.0,1.4098,1.4127,1.4041,1.4058,852411.26,0.0,0.0,0
1h,1776326400.0,1.4058,1.4098,1.4026,1.4052,1356202.14,0.0,0.0,0
1h,1776330000.0,1.4052,1.4229,1.4039,1.4171,3393569.86,0.0,0.0,0
1h,1776333600.0,1.4171,1.4175,1.4079,1.4085,1199064.02,0.0,0.0,0
1h,1776337200.0,1.4085,1.4095,1.4016,1.4095,1149749.31,0.0,0.0,0
1h,1776340800.0,1.4095,1.4233,1.4092,1.414,2057606.74,0.0,0.0,0
1h,1776344400.0,1.414,1.4344,1.3993,1.4072,3463858.28,0.0,0.0,0
1h,1776348000.0,1.4072,1.4126,1.3928,1.4103,3593151.21,0.0,0.0,0
1h,1776351600.0,1.4103,1.4325,1.4074,1.429,2610357.2,0.0,0.0,0
1h,1776355200.0,1.429,1.4416,1.4157,1.4194,2514776.61,0.0,0.0,0
1h,1776358800.0,1.4194,1.4297,1.4145,1.4272,1228763.1,0.0,0.0,0
1h,1776362400.0,1.4272,1.4483,1.4242,1.4466,2129806.09,0.0,0.0,0
1h,1776366000.0,1.4466,1.4662,1.4414,1.4645,4210805.18,0.0,0.0,0
1h,1776369600.0,1.4645,1.4661,1.444,1.4523,2110677.61,0.0,0.0,0
1h,1776373200.0,1.4523,1.4587,1.4456,1.4463,1243497.42,0.0,0.0,0
1h,1776376800.0,1.4463,1.4535,1.4463,1.4514,798174.97,0.0,0.0,0
1h,1776380400.0,1.4514,1.4577,1.448,1.4527,748455.56,0.0,0.0,0
1h,1776384000.0,1.4527,1.4553,1.4402,1.4404,1227671.59,0.0,0.0,0
1h,1776387600.0,1.4404,1.4422,1.4273,1.4301,1657174.78,0.0,0.0,0
1h,1776391200.0,1.4301,1.4311,1.4224,1.4293,1603329.81,0.0,0.0,0
1h,1776394800.0,1.4293,1.4402,1.4268,1.4306,2845733.14,0.0,0.0,0
1h,1776398400.0,1.4306,1.4341,1.4265,1.4318,1200071.79,0.0,0.0,0
1h,1776402000.0,1.4318,1.4368,1.4249,1.425,2789897.12,0.0,0.0,0
1h,1776405600.0,1.425,1.4335,1.424,1.4323,860761.99,0.0,0.0,0
1h,1776409200.0,1.4323,1.4395,1.4321,1.4371,1363790.12,0.0,0.0,0
1h,1776412800.0,1.4371,1.4475,1.4353,1.4466,1680708.03,0.0,0.0,0
1h,1776416400.0,1.4466,1.4591,1.4427,1.4516,2600576.72,0.0,0.0,0
1h,1776420000.0,1.4516,1.4532,1.4325,1.437,1950515.36,0.0,0.0,0
1h,1776423600.0,1.437,1.4484,1.4365,1.4472,982703.28,0.0,0.0,0
1h,1776427200.0,1.4472,1.4608,1.4441,1.4587,2062937.78,0.0,0.0,0
1h,1776430800.0,1.4587,1.4907,1.4556,1.4869,5117337.89,0.0,0.0,0
1h,1776434400.0,1.4869,1.5097,1.4831,1.4985,4055835.85,0.0,0.0,0
1h,1776438000.0,1.4985,1.5018,1.4762,1.4858,2902876.66,0.0,0.0,0
1h,1776441600.0,1.4858,1.5003,1.4854,1.4973,2956764.93,0.0,0.0,0
1h,1776445200.0,1.4973,1.4975,1.4771,1.4837,2079817.83,0.0,0.0,0
1h,1776448800.0,1.4837,1.4842,1.4729,1.4774,1092533.75,0.0,0.0,0
1h,1776452400.0,1.4774,1.4922,1.4765,1.4876,1473300.48,0.0,0.0,0
1h,1776456000.0,1.4876,1.4897,1.4753,1.4816,857606.93,0.0,0.0,0
1h,1776459600.0,1.4816,1.4869,1.4775,1.4791,774326.35,0.0,0.0,0
1h,1776463200.0,1.4791,1.4882,1.477,1.4845,1460207.93,0.0,0.0,0
1h,1776466800.0,1.4845,1.4845,1.4719,1.476,1001730.15,0.0,0.0,0
1h,1776470400.0,1.476,1.48,1.4719,1.4759,616237.5,0.0,0.0,0
1h,1776474000.0,1.4759,1.4822,1.4732,1.478,1323890.54,0.0,0.0,0
1h,1776477600.0,1.478,1.478,1.4695,1.4753,609538.89,0.0,0.0,0
1h,1776481200.0,1.4753,1.4754,1.467,1.4685,542098.81,0.0,0.0,0
1h,1776484800.0,1.4685,1.4696,1.4626,1.4683,967748.46,0.0,0.0,0
1h,1776488400.0,1.4683,1.4776,1.4679,1.4689,1017546.16,0.0,0.0,0
1h,1776492000.0,1.4689,1.4731,1.4638,1.4707,949040.36,0.0,0.0,0
1h,1776495600.0,1.4707,1.4756,1.4688,1.4739,518406.87,0.0,0.0,0
1h,1776499200.0,1.4739,1.4753,1.4456,1.4533,3428884.82,0.0,0.0,0
1h,1776502800.0,1.4533,1.4543,1.4462,1.4503,2183687.01,0.0,0.0,0
1h,1776506400.0,1.4503,1.4505,1.4355,1.4396,1437856.75,0.0,0.0,0
1h,1776510000.0,1.4396,1.4399,1.4234,1.4313,1595219.0,0.0,0.0,0
1h,1776513600.0,1.4313,1.4379,1.4304,1.436,789290.72,0.0,0.0,0
1h,1776517200.0,1.436,1.4385,1.4294,1.4371,733850.09,0.0,0.0,0
1h,1776520800.0,1.4371,1.4384,1.4325,1.435,646794.25,0.0,0.0,0
1h,1776524400.0,1.435,1.4397,1.4306,1.4357,972143.74,0.0,0.0,0
1h,1776528000.0,1.4357,1.4394,1.4311,1.4336,707097.65,0.0,0.0,0
1h,1776531600.0,1.4336,1.4337,1.4275,1.4318,749666.01,0.0,0.0,0
1h,1776535200.0,1.4318,1.4344,1.4236,1.4255,968156.8,0.0,0.0,0
1h,1776538800.0,1.4255,1.431,1.4249,1.427,552165.01,0.0,0.0,0
1h,1776542400.0,1.427,1.4303,1.4238,1.4282,569985.84,0.0,0.0,0
1h,1776546000.0,1.4282,1.438,1.4279,1.4359,486018.71,0.0,0.0,0
1h,1776549600.0,1.4359,1.4361,1.43,1.4345,507277.3,0.0,0.0,0
1h,1776553200.0,1.4345,1.4383,1.432,1.4323,386076.38,0.0,0.0,0
1h,1776556800.0,1.4323,1.4362,1.4296,1.4329,342444.71,0.0,0.0,0
1h,1776560400.0,1.4329,1.4386,1.4293,1.4319,602033.46,0.0,0.0,0
1h,1776564000.0,1.4319,1.4351,1.424,1.4301,647021.31,0.0,0.0,0
1h,1776567600.0,1.4301,1.4339,1.4265,1.4293,454902.17,0.0,0.0,0
1h,1776571200.0,1.4293,1.4334,1.4236,1.4305,586704.78,0.0,0.0,0
1h,1776574800.0,1.4305,1.4431,1.4294,1.4301,981720.57,0.0,0.0,0
1h,1776578400.0,1.4301,1.431,1.4181,1.4285,1686310.53,0.0,0.0,0
1h,1776582000.0,1.4285,1.4293,1.4148,1.42,2041897.96,0.0,0.0,0
1h,1776585600.0,1.42,1.4291,1.4154,1.4245,1643480.02,0.0,0.0,0
1h,1776589200.0,1.4245,1.4256,1.413,1.4213,1384747.87,0.0,0.0,0
1h,1776592800.0,1.4213,1.4276,1.4159,1.4231,2181111.58,0.0,0.0,0
1h,1776596400.0,1.4231,1.4312,1.4223,1.4295,576494.96,0.0,0.0,0
1h,1776600000.0,1.4295,1.4332,1.4249,1.4313,718580.51,0.0,0.0,0
1h,1776603600.0,1.4313,1.4479,1.431,1.4385,2240431.08,0.0,0.0,0
1h,1776607200.0,1.4385,1.4427,1.4328,1.4379,3033681.8,0.0,0.0,0
1h,1776610800.0,1.4379,1.4391,1.4204,1.4315,8366758.5,0.0,0.0,0
1h,1776614400.0,1.4315,1.4326,1.4201,1.422,3878737.76,0.0,0.0,0
1h,1776618000.0,1.422,1.4242,1.4118,1.4127,5615955.12,0.0,0.0,0
1h,1776621600.0,1.4127,1.4181,1.4112,1.4154,4126599.27,0.0,0.0,0
1h,1776625200.0,1.4154,1.4216,1.4154,1.4175,3643800.2,0.0,0.0,0
1h,1776628800.0,1.4175,1.4175,1.4091,1.4104,5552200.1,0.0,0.0,0
1h,1776632400.0,1.4104,1.4168,1.4089,1.4096,3726514.84,0.0,0.0,0
1h,1776636000.0,1.4096,1.4096,1.3887,1.399,6165223.7,0.0,0.0,0
1h,1776639600.0,1.399,1.399,1.3918,1.3939,2843888.48,0.0,0.0,0
1h,1776643200.0,1.3939,1.4079,1.393,1.4054,4553113.61,0.0,0.0,0
1h,1776646800.0,1.4054,1.4119,1.4047,1.4081,3977702.4,0.0,0.0,0
1h,1776650400.0,1.4081,1.4086,1.4036,1.4081,2942152.92,0.0,0.0,0
1h,1776654000.0,1.4081,1.4132,1.4076,1.411,3357959.6,0.0,0.0,0
1h,1776657600.0,1.411,1.4115,1.4056,1.4095,2103564.67,0.0,0.0,0
1h,1776661200.0,1.4095,1.4097,1.3955,1.3991,2419524.3,0.0,0.0,0
1h,1776664800.0,1.3991,1.4152,1.3991,1.4139,1895823.74,0.0,0.0,0
1h,1776668400.0,1.4139,1.4325,1.4106,1.4152,6220497.73,0.0,0.0,0
1h,1776672000.0,1.4152,1.4176,1.406,1.4099,4517809.7,0.0,0.0,0
1h,1776675600.0,1.4099,1.4208,1.4079,1.418,4013218.8,0.0,0.0,0
1h,1776679200.0,1.418,1.4274,1.4129,1.414,3260787.67,0.0,0.0,0
1h,1776682800.0,1.414,1.4186,1.4112,1.4152,2848335.51,0.0,0.0,0
1h,1776686400.0,1.4152,1.4238,1.4129,1.422,2483236.85,0.0,0.0,0
1h,1776690000.0,1.422,1.4278,1.4176,1.4246,4357526.54,0.0,0.0,0
1h,1776693600.0,1.4246,1.4317,1.4143,1.4165,4658182.22,0.0,0.0,0
1h,1776697200.0,1.4165,1.435,1.4091,1.433,3700740.73,0.0,0.0,0
1h,1776700800.0,1.433,1.4338,1.4224,1.4237,2621568.78,0.0,0.0,0
1h,1776704400.0,1.4237,1.4329,1.4229,1.4272,1929902.35,0.0,0.0,0
1h,1776708000.0,1.4272,1.437,1.4272,1.4323,5351418.02,0.0,0.0,0
1h,1776711600.0,1.4323,1.4336,1.4278,1.4303,3165812.28,0.0,0.0,0
1h,1776715200.0,1.4303,1.4337,1.4245,1.4317,4819856.16,0.0,0.0,0
1h,1776718800.0,1.4317,1.4326,1.4245,1.4301,3847763.41,0.0,0.0,0
1h,1776722400.0,1.4301,1.4321,1.4252,1.426,2414702.18,0.0,0.0,0
1h,1776726000.0,1.426,1.426,1.4209,1.4247,3020049.53,0.0,0.0,0
1h,1776729600.0,1.4247,1.4295,1.4243,1.4274,1588754.17,0.0,0.0,0
1h,1776733200.0,1.4274,1.4318,1.4246,1.4257,3001863.35,0.0,0.0,0
1h,1776736800.0,1.4257,1.4265,1.4222,1.4222,1784187.95,0.0,0.0,0
1h,1776740400.0,1.4222,1.4258,1.4195,1.4239,2725641.41,0.0,0.0,0
1h,1776744000.0,1.4239,1.4286,1.4236,1.4279,2054022.18,0.0,0.0,0
1h,1776747600.0,1.4279,1.4331,1.4279,1.4317,2640648.14,0.0,0.0,0
1h,1776751200.0,1.4317,1.4411,1.4283,1.4371,3097931.5,0.0,0.0,0
1h,1776754800.0,1.4371,1.4424,1.4324,1.4393,2615572.89,0.0,0.0,0
1h,1776758400.0,1.4393,1.4496,1.4374,1.4427,1578188.43,0.0,0.0,0
1h,1776762000.0,1.4427,1.4447,1.4376,1.4415,1213015.74,0.0,0.0,0
1h,1776765600.0,1.4415,1.4469,1.4383,1.4445,1502211.69,0.0,0.0,0
1h,1776769200.0,1.4445,1.4448,1.4376,1.4395,1872322.53,0.0,0.0,0
1h,1776772800.0,1.4395,1.4408,1.4263,1.4324,1658127.93,0.0,0.0,0
1h,1776776400.0,1.4324,1.4357,1.4289,1.433,1012020.84,0.0,0.0,0
1h,1776780000.0,1.433,1.445,1.4303,1.4317,1045851.93,0.0,0.0,0
1h,1776783600.0,1.4317,1.4335,1.4258,1.4323,1243872.9,0.0,0.0,0
1h,1776787200.0,1.4323,1.436,1.4275,1.4286,988640.0,0.0,0.0,0
1h,1776790800.0,1.4286,1.4309,1.4137,1.4243,1899500.64,0.0,0.0,0
1h,1776794400.0,1.4243,1.4272,1.4201,1.427,1100242.41,0.0,0.0,0
1h,1776798000.0,1.427,1.4318,1.4117,1.4138,1776444.34,0.0,0.0,0
1h,1776801600.0,1.4138,1.4289,1.4124,1.4234,1535239.99,0.0,0.0,0
1h,1776805200.0,1.4234,1.4249,1.4205,1.4226,424051.16,0.0,0.0,0
1h,1776808800.0,1.4226,1.4236,1.4168,1.4222,425883.15,0.0,0.0,0
1h,1776812400.0,1.4222,1.4341,1.4221,1.4334,659890.49,0.0,0.0,0
1h,1776816000.0,1.4334,1.4343,1.4298,1.432,1774256.75,0.0,0.0,0
1h,1776819600.0,1.432,1.4321,1.4268,1.4289,906597.03,0.0,0.0,0
1h,1776823200.0,1.4289,1.449,1.4265,1.4484,3518934.93,0.0,0.0,0
1h,1776826800.0,1.4484,1.4503,1.4406,1.443,1352685.4,0.0,0.0,0
1h,1776830400.0,1.443,1.447,1.4414,1.4445,494309.9,0.0,0.0,0
1h,1776834000.0,1.4445,1.4607,1.443,1.4544,2448715.49,0.0,0.0,0
1h,1776837600.0,1.4544,1.4571,1.452,1.4567,1154900.85,0.0,0.0,0
1h,1776841200.0,1.4567,1.4582,1.4513,1.4542,1797185.43,0.0,0.0,0
1h,1776844800.0,1.4542,1.4554,1.45,1.4525,681924.41,0.0,0.0,0
1h,1776848400.0,1.4525,1.4545,1.4497,1.4514,764505.83,0.0,0.0,0
1h,1776852000.0,1.4514,1.4525,1.4486,1.4506,1234498.65,0.0,0.0,0
1h,1776855600.0,1.4506,1.4547,1.449,1.4544,1293398.5,0.0,0.0,0
1h,1776859200.0,1.4544,1.4554,1.4472,1.4507,1495976.18,0.0,0.0,0
1h,1776862800.0,1.4507,1.4611,1.4478,1.4589,1772120.52,0.0,0.0,0
1h,1776866400.0,1.4589,1.4632,1.4521,1.4576,1886043.97,0.0,0.0,0
1h,1776870000.0,1.4576,1.4604,1.4517,1.4563,1342368.17,0.0,0.0,0
1h,1776873600.0,1.4563,1.4589,1.446,1.447,1520935.69,0.0,0.0,0
1h,1776877200.0,1.447,1.4521,1.4457,1.4492,1110872.19,0.0,0.0,0
1h,1776880800.0,1.4492,1.4529,1.4478,1.4479,394111.44,0.0,0.0,0
1h,1776884400.0,1.4479,1.4481,1.4374,1.4414,1039853.93,0.0,0.0,0
1h,1776888000.0,1.4414,1.4429,1.434,1.437,1022560.07,0.0,0.0,0
1h,1776891600.0,1.437,1.4417,1.437,1.4416,465105.75,0.0,0.0,0
1h,1776895200.0,1.4416,1.4418,1.4354,1.438,616169.31,0.0,0.0,0
1h,1776898800.0,1.438,1.4381,1.4289,1.4294,1546713.84,0.0,0.0,0
1h,1776902400.0,1.4294,1.4314,1.4169,1.4291,2294543.38,0.0,0.0,0
1h,1776906000.0,1.4291,1.4296,1.4209,1.4259,930377.11,0.0,0.0,0
1h,1776909600.0,1.4259,1.426,1.4153,1.4191,1894465.52,0.0,0.0,0
1h,1776913200.0,1.4191,1.4221,1.4115,1.4161,1370810.08,0.0,0.0,0
1h,1776916800.0,1.4161,1.4193,1.4152,1.4178,816767.24,0.0,0.0,0
1h,1776920400.0,1.4178,1.4205,1.4149,1.4195,987138.26,0.0,0.0,0
1h,1776924000.0,1.4195,1.425,1.4195,1.4237,1007442.31,0.0,0.0,0
1h,1776927600.0,1.4237,1.4239,1.4199,1.4208,1470367.08,0.0,0.0,0
1h,1776931200.0,1.4208,1.4213,1.4152,1.4181,810685.06,0.0,0.0,0
1h,1776934800.0,1.4181,1.4186,1.412,1.4148,1120908.23,0.0,0.0,0
1h,1776938400.0,1.4148,1.4159,1.409,1.4106,1461394.62,0.0,0.0,0
1h,1776942000.0,1.4106,1.4175,1.4106,1.4164,626867.0,0.0,0.0,0
1h,1776945600.0,1.4164,1.4206,1.4148,1.4185,1234347.4,0.0,0.0,0
1h,1776949200.0,1.4185,1.4197,1.4141,1.416,1393825.1,0.0,0.0,0
1h,1776952800.0,1.416,1.43,1.4139,1.43,1289897.62,0.0,0.0,0
1h,1776956400.0,1.43,1.4368,1.4255,1.4315,1266832.34,0.0,0.0,0
1h,1776960000.0,1.4315,1.4332,1.4279,1.4299,1629896.3,0.0,0.0,0
1h,1776963600.0,1.4299,1.4367,1.4211,1.435,3462343.75,0.0,0.0,0
1h,1776967200.0,1.435,1.4408,1.4312,1.4312,1308093.37,0.0,0.0,0
1h,1776970800.0,1.4312,1.4337,1.4268,1.4294,735301.91,0.0,0.0,0
1h,1776974400.0,1.4294,1.4372,1.4278,1.4331,711552.96,0.0,0.0,0
1h,1776978000.0,1.4331,1.4379,1.4308,1.4334,330005.97,0.0,0.0,0
1h,1776981600.0,1.4334,1.4392,1.4332,1.4361,559519.21,0.0,0.0,0
1h,1776985200.0,1.4361,1.4402,1.4323,1.4385,625095.26,0.0,0.0,0
1h,1776988800.0,1.4385,1.4405,1.4377,1.4404,1016533.06,0.0,0.0,0
1h,1776992400.0,1.4404,1.4447,1.4321,1.4442,952037.91,0.0,0.0,0
1h,1776996000.0,1.4442,1.4454,1.4366,1.4374,673453.45,0.0,0.0,0
1h,1776999600.0,1.4374,1.4388,1.4283,1.4306,943456.4,0.0,0.0,0
1h,1777003200.0,1.4306,1.4308,1.4245,1.4289,937450.08,0.0,0.0,0
1h,1777006800.0,1.4289,1.4336,1.4257,1.4327,497390.1,0.0,0.0,0
1h,1777010400.0,1.4327,1.4332,1.4298,1.4299,665824.46,0.0,0.0,0
1h,1777014000.0,1.4299,1.4327,1.4283,1.4324,494291.13,0.0,0.0,0
1h,1777017600.0,1.4324,1.4362,1.4298,1.4314,596204.39,0.0,0.0,0
1h,1777021200.0,1.4314,1.4317,1.4247,1.4256,1216402.23,0.0,0.0,0
1h,1777024800.0,1.4256,1.4325,1.4235,1.4314,1557455.63,0.0,0.0,0
1h,1777028400.0,1.4314,1.44,1.4313,1.4381,2198843.45,0.0,0.0,0
1h,1777032000.0,1.4381,1.4408,1.4325,1.4344,1948309.49,0.0,0.0,0
1h,1777035600.0,1.4344,1.4439,1.4334,1.4355,1830887.03,0.0,0.0,0
1h,1777039200.0,1.4355,1.4391,1.4284,1.4338,2924376.76,0.0,0.0,0
1h,1777042800.0,1.4338,1.448,1.4289,1.4477,1711158.6,0.0,0.0,0
1h,1777046400.0,1.4477,1.4503,1.4376,1.4402,2663920.02,0.0,0.0,0
1h,1777050000.0,1.4402,1.4426,1.4357,1.441,705587.1,0.0,0.0,0
1h,1777053600.0,1.441,1.4417,1.4336,1.4387,347733.22,0.0,0.0,0
1h,1777057200.0,1.4387,1.4422,1.4365,1.4389,352141.52,0.0,0.0,0
1h,1777060800.0,1.4389,1.4418,1.4347,1.4403,358925.62,0.0,0.0,0
1h,1777064400.0,1.4403,1.443,1.4367,1.4375,617481.83,0.0,0.0,0
1h,1777068000.0,1.4375,1.4381,1.4295,1.4313,578803.91,0.0,0.0,0
1h,1777071600.0,1.4313,1.4337,1.4313,1.4331,404815.03,0.0,0.0,0
1h,1777075200.0,1.4331,1.4343,1.4316,1.4333,287196.19,0.0,0.0,0
1h,1777078800.0,1.4333,1.437,1.4332,1.4359,371186.22,0.0,0.0,0
1h,1777082400.0,1.4359,1.4375,1.4333,1.4336,415735.34,0.0,0.0,0
1h,1777086000.0,1.4336,1.437,1.4329,1.4367,543527.81,0.0,0.0,0
1h,1777089600.0,1.4367,1.4371,1.4336,1.434,171958.99,0.0,0.0,0
1h,1777093200.0,1.434,1.434,1.4315,1.4324,222864.72,0.0,0.0,0
1h,1777096800.0,1.4324,1.435,1.4311,1.4329,193618.24,0.0,0.0,0
1h,1777100400.0,1.4329,1.4351,1.4311,1.4335,198569.77,0.0,0.0,0
1h,1777104000.0,1.4335,1.4351,1.4324,1.4346,274560.91,0.0,0.0,0
1h,1777107600.0,1.4346,1.4369,1.4332,1.4355,323120.31,0.0,0.0,0
1h,1777111200.0,1.4355,1.4366,1.4348,1.4356,114464.71,0.0,0.0,0
1h,1777114800.0,1.4356,1.4356,1.4296,1.4307,472091.09,0.0,0.0,0
1h,1777118400.0,1.4307,1.4316,1.4284,1.4293,352028.31,0.0,0.0,0
1h,1777122000.0,1.4293,1.4323,1.4287,1.431,180445.48,0.0,0.0,0
1h,1777125600.0,1.431,1.4316,1.4291,1.4293,213387.07,0.0,0.0,0
1h,1777129200.0,1.4293,1.4313,1.4245,1.4258,357043.3,0.0,0.0,0
1h,1777132800.0,1.4258,1.428,1.4205,1.4243,461995.63,0.0,0.0,0
1h,1777136400.0,1.4243,1.4249,1.4193,1.4202,454891.57,0.0,0.0,0
1h,1777140000.0,1.4202,1.4228,1.4196,1.4213,290976.75,0.0,0.0,0
1h,1777143600.0,1.4213,1.4215,1.4192,1.4205,263733.4,0.0,0.0,0
1h,1777147200.0,1.4205,1.4224,1.4189,1.4222,230162.72,0.0,0.0,0
1h,1777150800.0,1.4222,1.4236,1.422,1.4227,357101.62,0.0,0.0,0
1h,1777154400.0,1.4227,1.4258,1.4223,1.4235,416741.23,0.0,0.0,0
1h,1777158000.0,1.4235,1.4254,1.4225,1.4241,285331.91,0.0,0.0,0
1h,1777161600.0,1.4241,1.4241,1.4201,1.4211,251068.12,0.0,0.0,0
1h,1777165200.0,1.4211,1.4219,1.4187,1.4193,407400.21,0.0,0.0,0
1h,1777168800.0,1.4193,1.4227,1.4193,1.4219,187538.19,0.0,0.0,0
1h,1777172400.0,1.4219,1.424,1.4181,1.4187,392717.56,0.0,0.0,0
1h,1777176000.0,1.4187,1.4238,1.4185,1.4222,689834.63,0.0,0.0,0
1h,1777179600.0,1.4222,1.4295,1.4214,1.4256,671788.84,0.0,0.0,0
1h,1777183200.0,1.4256,1.4284,1.4256,1.4275,259497.13,0.0,0.0,0
1h,1777186800.0,1.4275,1.4292,1.4262,1.429,317723.61,0.0,0.0,0
1h,1777190400.0,1.429,1.4295,1.4261,1.4265,368193.61,0.0,0.0,0
1h,1777194000.0,1.4265,1.4286,1.4256,1.4284,281183.47,0.0,0.0,0
1h,1777197600.0,1.4284,1.4289,1.4267,1.4275,249896.34,0.0,0.0,0
1h,1777201200.0,1.4275,1.4318,1.4275,1.4306,374396.42,0.0,0.0,0
1h,1777204800.0,1.4306,1.4321,1.4239,1.4251,642015.79,0.0,0.0,0
1h,1777208400.0,1.4251,1.4258,1.4233,1.4246,431099.65,0.0,0.0,0
1h,1777212000.0,1.4246,1.43,1.4236,1.4274,447973.35,0.0,0.0,0
1h,1777215600.0,1.4274,1.4294,1.4264,1.4292,301159.1,0.0,0.0,0
1h,1777219200.0,1.4292,1.4297,1.4251,1.4254,311293.61,0.0,0.0,0
1h,1777222800.0,1.4254,1.4267,1.4225,1.4249,386414.46,0.0,0.0,0
1h,1777226400.0,1.4249,1.4302,1.4231,1.4289,484475.2,0.0,0.0,0
1h,1777230000.0,1.4289,1.4363,1.428,1.4303,854308.84,0.0,0.0,0
1h,1777233600.0,1.4303,1.433,1.4274,1.4275,417684.11,0.0,0.0,0
1h,1777237200.0,1.4275,1.4302,1.4203,1.4284,1308186.69,0.0,0.0,0
1h,1777240800.0,1.4284,1.4357,1.4237,1.4272,1099551.93,0.0,0.0,0
1h,1777244400.0,1.4272,1.4349,1.4252,1.4308,835643.83,0.0,0.0,0
1h,1777248000.0,1.4308,1.4407,1.4254,1.4394,849338.29,0.0,0.0,0
1h,1777251600.0,1.4394,1.4463,1.435,1.4446,1522598.77,0.0,0.0,0
1h,1777255200.0,1.4446,1.4458,1.4401,1.4436,847548.6,0.0,0.0,0
1h,1777258800.0,1.4436,1.4467,1.4417,1.4424,885096.48,0.0,0.0,0
1h,1777262400.0,1.4424,1.4425,1.438,1.4402,474788.36,0.0,0.0,0
1h,1777266000.0,1.4402,1.4406,1.4167,1.4195,2322332.54,0.0,0.0,0
1h,1777269600.0,1.4195,1.4208,1.413,1.4182,802249.69,0.0,0.0,0
1h,1777273200.0,1.4182,1.4189,1.4137,1.4146,814679.1,0.0,0.0,0
1h,1777276800.0,1.4146,1.4181,1.413,1.4181,947284.33,0.0,0.0,0
1h,1777280400.0,1.4181,1.4191,1.4153,1.4168,651288.38,0.0,0.0,0
1h,1777284000.0,1.4168,1.417,1.4144,1.4153,607851.26,0.0,0.0,0
1h,1777287600.0,1.4153,1.4153,1.4125,1.4137,687702.56,0.0,0.0,0
1h,1777291200.0,1.4137,1.415,1.41,1.4107,802858.63,0.0,0.0,0
1h,1777294800.0,1.4107,1.4124,1.3981,1.4019,2496950.25,0.0,0.0,0
1h,1777298400.0,1.4019,1.4108,1.3988,1.4038,1780176.11,0.0,0.0,0
1h,1777302000.0,1.4038,1.4043,1.3842,1.3881,2456437.87,0.0,0.0,0
1h,1777305600.0,1.3881,1.3916,1.3847,1.3889,801174.92,0.0,0.0,0
1h,1777309200.0,1.3889,1.3954,1.3889,1.3935,918561.83,0.0,0.0,0
1h,1777312800.0,1.3935,1.3974,1.3927,1.3959,398552.39,0.0,0.0,0
1h,1777316400.0,1.3959,1.3966,1.3871,1.3931,482502.77,0.0,0.0,0
1h,1777320000.0,1.3931,1.3951,1.391,1.3928,312578.15,0.0,0.0,0
1h,1777323600.0,1.3928,1.3937,1.3899,1.3899,439676.19,0.0,0.0,0
1h,1777327200.0,1.3899,1.3972,1.3895,1.3969,556529.88,0.0,0.0,0
1h,1777330800.0,1.3969,1.4023,1.3967,1.4008,510180.6,0.0,0.0,0
1h,1777334400.0,1.4008,1.4009,1.3954,1.398,457272.9,0.0,0.0,0
1h,1777338000.0,1.398,1.3992,1.3963,1.3976,314410.64,0.0,0.0,0
1h,1777341600.0,1.3976,1.3992,1.3913,1.3935,451274.85,0.0,0.0,0
1h,1777345200.0,1.3935,1.3938,1.3888,1.393,370427.45,0.0,0.0,0
1h,1777348800.0,1.393,1.3945,1.3906,1.3928,330678.9,0.0,0.0,0
1h,1777352400.0,1.3928,1.3973,1.3923,1.3935,914738.67,0.0,0.0,0
1h,1777356000.0,1.3935,1.3971,1.3863,1.3889,732881.05,0.0,0.0,0
1h,1777359600.0,1.3889,1.3935,1.385,1.393,679562.94,0.0,0.0,0
1h,1777363200.0,1.393,1.3959,1.391,1.3924,419983.88,0.0,0.0,0
1h,1777366800.0,1.3924,1.3926,1.3862,1.3872,808979.62,0.0,0.0,0
1h,1777370400.0,1.3872,1.3897,1.3862,1.388,1227665.98,0.0,0.0,0
1h,1777374000.0,1.388,1.3886,1.3793,1.3812,2228942.63,0.0,0.0,0
1h,1777377600.0,1.3812,1.3845,1.3786,1.3828,1268461.25,0.0,0.0,0
1h,1777381200.0,1.3828,1.3841,1.3747,1.3782,2122085.21,0.0,0.0,0
1h,1777384800.0,1.3782,1.3782,1.3678,1.37,1817011.82,0.0,0.0,0
1h,1777388400.0,1.37,1.376,1.3691,1.3753,1542849.47,0.0,0.0,0
1h,1777392000.0,1.3753,1.3772,1.3703,1.3768,1376047.67,0.0,0.0,0
1h,1777395600.0,1.3768,1.381,1.3742,1.3789,798523.83,0.0,0.0,0
1h,1777399200.0,1.3789,1.3827,1.3787,1.3823,630475.55,0.0,0.0,0
1h,1777402800.0,1.3823,1.3864,1.3778,1.3825,1307138.1,0.0,0.0,0
1h,1777406400.0,1.3825,1.385,1.3816,1.3831,603804.86,0.0,0.0,0
1h,1777410000.0,1.3831,1.3843,1.3788,1.3803,476352.64,0.0,0.0,0
1h,1777413600.0,1.3803,1.3853,1.3788,1.3799,698432.57,0.0,0.0,0
1h,1777417200.0,1.3799,1.3818,1.3787,1.3807,222945.96,0.0,0.0,0
1h,1777420800.0,1.3807,1.3847,1.3783,1.3831,1455453.72,0.0,0.0,0
1h,1777424400.0,1.3831,1.3837,1.377,1.3817,925210.8,0.0,0.0,0
1h,1777428000.0,1.3817,1.3835,1.3791,1.3799,989385.77,0.0,0.0,0
1h,1777431600.0,1.3799,1.39,1.3794,1.3892,1518490.38,0.0,0.0,0
1h,1777435200.0,1.3892,1.3975,1.3876,1.3951,1285088.61,0.0,0.0,0
1h,1777438800.0,1.3951,1.3974,1.3939,1.396,493075.31,0.0,0.0,0
1h,1777442400.0,1.396,1.399,1.3906,1.3924,2285749.43,0.0,0.0,0
1h,1777446000.0,1.3924,1.3959,1.3908,1.3923,888469.33,0.0,0.0,0
1h,1777449600.0,1.3923,1.3932,1.3891,1.3916,479759.49,0.0,0.0,0
1h,1777453200.0,1.3916,1.4064,1.3906,1.4037,1953600.43,0.0,0.0,0
1h,1777456800.0,1.4037,1.4064,1.3968,1.3978,1793855.01,0.0,0.0,0
1h,1777460400.0,1.3978,1.3978,1.3926,1.3945,1467123.14,0.0,0.0,0
1h,1777464000.0,1.3945,1.3947,1.3794,1.3833,2688473.27,0.0,0.0,0
1h,1777467600.0,1.3833,1.3841,1.3704,1.3757,2851197.16,0.0,0.0,0
1h,1777471200.0,1.3757,1.3781,1.3701,1.3722,1787384.07,0.0,0.0,0
1h,1777474800.0,1.3722,1.3729,1.3588,1.3618,2834317.77,0.0,0.0,0
1h,1777478400.0,1.3618,1.3674,1.3586,1.3635,3112340.61,0.0,0.0,0
1h,1777482000.0,1.3635,1.3687,1.3629,1.368,1060535.21,0.0,0.0,0
1h,1777485600.0,1.368,1.3703,1.3457,1.3576,3784748.58,0.0,0.0,0
1h,1777489200.0,1.3576,1.3586,1.3518,1.3534,669351.39,0.0,0.0,0
1h,1777492800.0,1.3534,1.3654,1.3532,1.3627,1385408.14,0.0,0.0,0
1h,1777496400.0,1.3627,1.3729,1.3619,1.369,881400.41,0.0,0.0,0
1h,1777500000.0,1.369,1.371,1.3671,1.3699,465724.93,0.0,0.0,0
1h,1777503600.0,1.3699,1.3712,1.3649,1.3692,655462.14,0.0,0.0,0
1h,1777507200.0,1.3692,1.3847,1.3692,1.3831,1036085.42,0.0,0.0,0
1h,1777510800.0,1.3831,1.3846,1.3776,1.3795,1044480.43,0.0,0.0,0
1h,1777514400.0,1.3795,1.3818,1.3676,1.3731,1104271.22,0.0,0.0,0
1h,1777518000.0,1.3731,1.3755,1.3711,1.3734,394916.23,0.0,0.0,0
1h,1777521600.0,1.3734,1.3734,1.3609,1.3629,809326.04,0.0,0.0,0
1h,1777525200.0,1.3629,1.3674,1.3589,1.3645,520629.57,0.0,0.0,0
1h,1777528800.0,1.3645,1.3717,1.3609,1.369,1778403.6,0.0,0.0,0
1h,1777532400.0,1.369,1.3754,1.3673,1.3746,615847.82,0.0,0.0,0
1h,1777536000.0,1.3746,1.3765,1.3724,1.3728,450058.44,0.0,0.0,0
1h,1777539600.0,1.3728,1.3798,1.3719,1.3734,526796.62,0.0,0.0,0
1h,1777543200.0,1.3734,1.3747,1.3693,1.3702,1509118.01,0.0,0.0,0
1h,1777546800.0,1.3702,1.3757,1.3664,1.3693,1793478.68,0.0,0.0,0
1h,1777550400.0,1.3693,1.3757,1.3689,1.3696,1818828.49,0.0,0.0,0
1h,1777554000.0,1.3696,1.3745,1.365,1.3697,1691355.78,0.0,0.0,0
1h,1777557600.0,1.3697,1.3725,1.3626,1.3682,1501795.24,0.0,0.0,0
1h,1777561200.0,1.3682,1.375,1.3651,1.3693,1640438.68,0.0,0.0,0
1h,1777564800.0,1.3693,1.3695,1.3648,1.3659,1044885.86,0.0,0.0,0
1h,1777568400.0,1.3659,1.3696,1.3627,1.3682,628076.81,0.0,0.0,0
1h,1777572000.0,1.3682,1.372,1.3667,1.3701,544101.65,0.0,0.0,0
1h,1777575600.0,1.3701,1.3745,1.3692,1.3705,294163.43,0.0,0.0,0
1h,1777579200.0,1.3705,1.3715,1.3682,1.3699,266046.45,0.0,0.0,0
1h,1777582800.0,1.3699,1.3724,1.366,1.366,378835.85,0.0,0.0,0
1h,1777586400.0,1.366,1.3682,1.3646,1.3649,356004.8,0.0,0.0,0
1h,1777590000.0,1.3649,1.3686,1.3647,1.3679,195245.66,0.0,0.0,0
1h,1777593600.0,1.3679,1.3733,1.3648,1.369,1898441.1,0.0,0.0,0
1h,1777597200.0,1.369,1.3749,1.3652,1.3712,2894208.22,0.0,0.0,0
1h,1777600800.0,1.3712,1.3721,1.3685,1.3702,416769.77,0.0,0.0,0
1h,1777604400.0,1.3702,1.3804,1.3689,1.3766,1032766.86,0.0,0.0,0
1h,1777608000.0,1.3766,1.3788,1.3742,1.3758,644533.63,0.0,0.0,0
1h,1777611600.0,1.3758,1.3785,1.3748,1.3767,365225.22,0.0,0.0,0
1h,1777615200.0,1.3767,1.3789,1.3723,1.3734,407982.96,0.0,0.0,0
1h,1777618800.0,1.3734,1.3758,1.3719,1.375,515530.02,0.0,0.0,0
1h,1777622400.0,1.375,1.3809,1.3741,1.3785,938399.3,0.0,0.0,0
1h,1777626000.0,1.3785,1.3788,1.3742,1.3756,294658.11,0.0,0.0,0
1h,1777629600.0,1.3756,1.3769,1.372,1.3767,357650.5,0.0,0.0,0
1h,1777633200.0,1.3767,1.3801,1.3756,1.378,203679.82,0.0,0.0,0
1h,1777636800.0,1.378,1.3877,1.3774,1.3835,1170691.34,0.0,0.0,0
1h,1777640400.0,1.3835,1.3996,1.3835,1.398,1437663.58,0.0,0.0,0
1h,1777644000.0,1.398,1.4001,1.3896,1.3947,906828.52,0.0,0.0,0
1h,1777647600.0,1.3947,1.3996,1.3911,1.3962,1000337.84,0.0,0.0,0
1h,1777651200.0,1.3962,1.3988,1.3917,1.3917,705434.64,0.0,0.0,0
1h,1777654800.0,1.3917,1.3953,1.3889,1.3948,528272.49,0.0,0.0,0
1h,1777658400.0,1.3948,1.3955,1.3929,1.3938,204941.89,0.0,0.0,0
1h,1777662000.0,1.3938,1.3961,1.3923,1.3938,378257.56,0.0,0.0,0
1h,1777665600.0,1.3938,1.3948,1.3829,1.3846,646574.8,0.0,0.0,0
1h,1777669200.0,1.3846,1.3891,1.3843,1.3888,271623.14,0.0,0.0,0
1h,1777672800.0,1.3888,1.3901,1.3835,1.3835,424954.36,0.0,0.0,0
1h,1777676400.0,1.3835,1.3857,1.3813,1.3857,900870.06,0.0,0.0,0
1h,1777680000.0,1.3857,1.3906,1.3847,1.3867,1533248.01,0.0,0.0,0
1h,1777683600.0,1.3867,1.3888,1.384,1.3847,344364.34,0.0,0.0,0
1h,1777687200.0,1.3847,1.3883,1.3811,1.3857,1015068.24,0.0,0.0,0
1h,1777690800.0,1.3857,1.3885,1.3841,1.386,231246.23,0.0,0.0,0
1h,1777694400.0,1.386,1.3862,1.3828,1.3848,421571.86,0.0,0.0,0
1h,1777698000.0,1.3848,1.3849,1.3826,1.3837,368137.84,0.0,0.0,0
1h,1777701600.0,1.3837,1.3875,1.3837,1.3872,126533.82,0.0,0.0,0
1h,1777705200.0,1.3872,1.3881,1.3853,1.3854,142443.47,0.0,0.0,0
1h,1777708800.0,1.3854,1.386,1.384,1.3849,222885.03,0.0,0.0,0
1h,1777712400.0,1.3849,1.3877,1.3839,1.3865,417013.21,0.0,0.0,0
1h,1777716000.0,1.3865,1.3879,1.3862,1.3876,228928.72,0.0,0.0,0
1h,1777719600.0,1.3876,1.391,1.3852,1.3859,484340.54,0.0,0.0,0
1h,1777723200.0,1.3859,1.388,1.3849,1.387,402713.91,0.0,0.0,0
1h,1777726800.0,1.387,1.3925,1.387,1.392,381718.35,0.0,0.0,0
1h,1777730400.0,1.392,1.3933,1.3898,1.3919,284361.5,0.0,0.0,0
1h,1777734000.0,1.3919,1.3942,1.3914,1.3932,210826.35,0.0,0.0,0
1h,1777737600.0,1.3932,1.395,1.3911,1.393,321378.08,0.0,0.0,0
1h,1777741200.0,1.393,1.3944,1.3914,1.3914,281128.79,0.0,0.0,0
1h,1777744800.0,1.3914,1.3938,1.3895,1.3931,174061.54,0.0,0.0,0
1h,1777748400.0,1.3931,1.395,1.393,1.3944,84095.93,0.0,0.0,0
1h,1777752000.0,1.3944,1.3947,1.393,1.3931,167616.12,0.0,0.0,0
1h,1777755600.0,1.3931,1.4003,1.3902,1.3934,1411060.34,0.0,0.0,0
1h,1777759200.0,1.3934,1.4011,1.3919,1.3965,1396467.21,0.0,0.0,0
1h,1777762800.0,1.3965,1.3968,1.391,1.3937,1759777.12,0.0,0.0,0
1h,1777766400.0,1.3937,1.3947,1.3882,1.3892,338992.32,0.0,0.0,0
1h,1777770000.0,1.3892,1.3893,1.3835,1.3839,302388.96,0.0,0.0,0
1h,1777773600.0,1.3839,1.3848,1.3816,1.3834,203322.65,0.0,0.0,0
1h,1777777200.0,1.3834,1.3844,1.382,1.3841,183778.1,0.0,0.0,0
1h,1777780800.0,1.3841,1.3854,1.3822,1.3838,124054.76,0.0,0.0,0
1h,1777784400.0,1.3838,1.3859,1.3837,1.3849,154688.53,0.0,0.0,0
1h,1777788000.0,1.3849,1.3858,1.3823,1.3852,309523.44,0.0,0.0,0
1h,1777791600.0,1.3852,1.3887,1.385,1.3862,263733.12,0.0,0.0,0
1h,1777795200.0,1.3862,1.3883,1.3859,1.3879,242312.36,0.0,0.0,0
1h,1777798800.0,1.3879,1.3908,1.3876,1.3893,154963.24,0.0,0.0,0
1h,1777802400.0,1.3893,1.39,1.3879,1.3882,126482.46,0.0,0.0,0
1h,1777806000.0,1.3882,1.3982,1.3871,1.3951,479143.82,0.0,0.0,0
1h,1777809600.0,1.3951,1.3984,1.395,1.3963,378635.59,0.0,0.0,0
1h,1777813200.0,1.3963,1.3988,1.3932,1.3951,236205.76,0.0,0.0,0
1h,1777816800.0,1.3951,1.3974,1.393,1.3973,190518.67,0.0,0.0,0
1h,1777820400.0,1.3973,1.3987,1.3943,1.3956,285578.97,0.0,0.0,0
1h,1777824000.0,1.3956,1.3982,1.3941,1.3944,157680.5,0.0,0.0,0
1h,1777827600.0,1.3944,1.3963,1.3918,1.3949,178862.19,0.0,0.0,0
1h,1777831200.0,1.3949,1.3954,1.3935,1.3941,129830.08,0.0,0.0,0
1h,1777834800.0,1.3941,1.3979,1.3937,1.3952,135981.07,0.0,0.0,0
1h,1777838400.0,1.3952,1.3998,1.3925,1.393,410755.0,0.0,0.0,0
1h,1777842000.0,1.393,1.3958,1.3892,1.3918,524456.16,0.0,0.0,0
1h,1777845600.0,1.3918,1.4039,1.3918,1.3978,808010.86,0.0,0.0,0
1h,1777849200.0,1.3978,1.4009,1.3867,1.3877,570589.56,0.0,0.0,0
1h,1777852800.0,1.3877,1.3891,1.383,1.3881,456868.4,0.0,0.0,0
1h,1777856400.0,1.3881,1.4075,1.3839,1.4047,2533302.96,0.0,0.0,0
1h,1777860000.0,1.4047,1.4152,1.4009,1.4106,2414708.06,0.0,0.0,0
1h,1777863600.0,1.4106,1.4149,1.408,1.4132,1762143.41,0.0,0.0,0
1h,1777867200.0,1.4132,1.4209,1.4132,1.4165,1279607.15,0.0,0.0,0
1h,1777870800.0,1.4165,1.4176,1.4109,1.4118,968824.09,0.0,0.0,0
1h,1777874400.0,1.4118,1.4127,1.4021,1.4091,1434504.97,0.0,0.0,0
1h,1777878000.0,1.4091,1.4143,1.408,1.4106,516573.17,0.0,0.0,0
1h,1777881600.0,1.4106,1.4128,1.4073,1.4115,488506.67,0.0,0.0,0
1h,1777885200.0,1.4115,1.4197,1.4109,1.4173,991858.08,0.0,0.0,0
1h,1777888800.0,1.4173,1.4179,1.3857,1.3953,3271141.0,0.0,0.0,0
1h,1777892400.0,1.3953,1.3978,1.3923,1.3939,898581.12,0.0,0.0,0
1h,1777896000.0,1.3939,1.3966,1.3925,1.3933,667221.97,0.0,0.0,0
1h,1777899600.0,1.3933,1.3997,1.3886,1.3933,1010561.25,0.0,0.0,0
1h,1777903200.0,1.3933,1.4134,1.3889,1.408,2078310.04,0.0,0.0,0
1h,1777906800.0,1.408,1.409,1.393,1.3988,2192321.75,0.0,0.0,0
1h,1777910400.0,1.3988,1.4052,1.3938,1.4006,1337087.38,0.0,0.0,0
1h,1777914000.0,1.4006,1.4122,1.4,1.4086,657860.25,0.0,0.0,0
1h,1777917600.0,1.4086,1.4098,1.402,1.4039,367458.76,0.0,0.0,0
1h,1777921200.0,1.4039,1.4043,1.3978,1.398,287411.74,0.0,0.0,0
1h,1777924800.0,1.398,1.3982,1.3925,1.3933,324340.01,0.0,0.0,0
1h,1777928400.0,1.3933,1.3989,1.3933,1.3974,283863.38,0.0,0.0,0
1h,1777932000.0,1.3974,1.4012,1.3945,1.3955,296698.85,0.0,0.0,0
1h,1777935600.0,1.3955,1.3955,1.3902,1.3917,377434.16,0.0,0.0,0
1h,1777939200.0,1.3917,1.3959,1.3905,1.3958,255724.63,0.0,0.0,0
1h,1777942800.0,1.3958,1.3983,1.3936,1.3971,299762.55,0.0,0.0,0
1h,1777946400.0,1.3971,1.4047,1.3965,1.4005,711114.03,0.0,0.0,0
1h,1777950000.0,1.4005,1.4098,1.3993,1.4057,557010.59,0.0,0.0,0
1h,1777953600.0,1.4057,1.4068,1.4007,1.4019,564297.36,0.0,0.0,0
1h,1777957200.0,1.4019,1.4068,1.4,1.4017,611052.57,0.0,0.0,0
1h,1777960800.0,1.4017,1.4073,1.401,1.4072,461802.46,0.0,0.0,0
1h,1777964400.0,1.4072,1.41,1.4022,1.407,1240065.67,0.0,0.0,0
1h,1777968000.0,1.407,1.4095,1.4061,1.4068,731700.87,0.0,0.0,0
1h,1777971600.0,1.4068,1.4071,1.4019,1.4035,365245.78,0.0,0.0,0
1h,1777975200.0,1.4035,1.4076,1.4026,1.4066,672754.81,0.0,0.0,0
1h,1777978800.0,1.4066,1.4087,1.402,1.4078,557275.19,0.0,0.0,0
1h,1777982400.0,1.4078,1.414,1.4065,1.4129,840321.97,0.0,0.0,0
1h,1777986000.0,1.4129,1.4202,1.4108,1.4135,1425383.58,0.0,0.0,0
1h,1777989600.0,1.4135,1.4137,1.4048,1.411,1026816.96,0.0,0.0,0
1h,1777993200.0,1.411,1.4159,1.4101,1.4117,443977.82,0.0,0.0,0
1h,1777996800.0,1.4117,1.4149,1.4046,1.408,674399.8,0.0,0.0,0
1h,1778000400.0,1.408,1.4097,1.405,1.4083,443339.0,0.0,0.0,0
1h,1778004000.0,1.4083,1.4125,1.408,1.41,320154.55,0.0,0.0,0
1h,1778007600.0,1.41,1.4135,1.4087,1.4129,327806.05,0.0,0.0,0
1h,1778011200.0,1.4129,1.4179,1.4125,1.4168,512895.49,0.0,0.0,0
1h,1778014800.0,1.4168,1.4224,1.413,1.4158,976890.36,0.0,0.0,0
1h,1778018400.0,1.4158,1.4213,1.4099,1.4156,1312350.27,0.0,0.0,0
1h,1778022000.0,1.4156,1.4179,1.4093,1.4128,337825.27,0.0,0.0,0
1h,1778025600.0,1.4128,1.415,1.4072,1.411,1878307.34,0.0,0.0,0
1h,1778029200.0,1.411,1.4195,1.4098,1.418,1677547.92,0.0,0.0,0
1h,1778032800.0,1.418,1.4184,1.4103,1.4164,466399.66,0.0,0.0,0
1h,1778036400.0,1.4164,1.4242,1.4162,1.4218,1007736.32,0.0,0.0,0
1h,1778040000.0,1.4218,1.4247,1.4175,1.4198,1389823.82,0.0,0.0,0
1h,1778043600.0,1.4198,1.4232,1.414,1.4225,1931769.45,0.0,0.0,0
1h,1778047200.0,1.4225,1.4273,1.4209,1.4259,847729.26,0.0,0.0,0
1h,1778050800.0,1.4259,1.4354,1.4244,1.4313,1717777.81,0.0,0.0,0
1h,1778054400.0,1.4313,1.4434,1.4298,1.4429,1403068.78,0.0,0.0,0
1h,1778058000.0,1.4429,1.4509,1.4386,1.4491,1937008.37,0.0,0.0,0
1h,1778061600.0,1.4491,1.4539,1.4467,1.4511,1350582.02,0.0,0.0,0
1h,1778065200.0,1.4511,1.457,1.4491,1.4509,1103117.81,0.0,0.0,0
1h,1778068800.0,1.4509,1.4523,1.4446,1.4451,1400749.14,0.0,0.0,0
1h,1778072400.0,1.4451,1.4451,1.418,1.4226,3751618.31,0.0,0.0,0
1h,1778076000.0,1.4226,1.4295,1.4133,1.4233,2808654.2,0.0,0.0,0
1h,1778079600.0,1.4233,1.4322,1.4215,1.4299,1144740.04,0.0,0.0,0
1h,1778083200.0,1.4299,1.4344,1.4238,1.4291,1183791.08,0.0,0.0,0
1h,1778086800.0,1.4291,1.4308,1.4242,1.4258,813848.11,0.0,0.0,0
1h,1778090400.0,1.4258,1.427,1.4211,1.4227,639676.55,0.0,0.0,0
1h,1778094000.0,1.4227,1.4287,1.4222,1.4277,1984452.99,0.0,0.0,0
1h,1778097600.0,1.4277,1.4288,1.4213,1.4244,1003071.05,0.0,0.0,0
1h,1778101200.0,1.4244,1.4283,1.4218,1.4264,963841.16,0.0,0.0,0
1h,1778104800.0,1.4264,1.4268,1.4215,1.4221,896637.79,0.0,0.0,0
1h,1778108400.0,1.4221,1.4251,1.4166,1.4248,733543.17,0.0,0.0,0
1h,1778112000.0,1.4248,1.4256,1.4171,1.4179,729749.09,0.0,0.0,0
1h,1778115600.0,1.4179,1.4195,1.4128,1.4155,874682.27,0.0,0.0,0
1h,1778119200.0,1.4155,1.4163,1.4101,1.4119,1028474.51,0.0,0.0,0
1h,1778122800.0,1.4119,1.4119,1.4028,1.4051,2669869.42,0.0,0.0,0
1h,1778126400.0,1.4051,1.4097,1.404,1.4076,2027989.0,0.0,0.0,0
1h,1778130000.0,1.4076,1.4143,1.4073,1.411,1834435.11,0.0,0.0,0
1h,1778133600.0,1.411,1.4163,1.4048,1.4158,1248761.53,0.0,0.0,0
1h,1778137200.0,1.4158,1.4214,1.4147,1.4199,865417.03,0.0,0.0,0
1h,1778140800.0,1.4199,1.4211,1.4156,1.4161,617798.56,0.0,0.0,0
1h,1778144400.0,1.4161,1.4162,1.4104,1.4115,1135899.12,0.0,0.0,0
1h,1778148000.0,1.4115,1.4138,1.4065,1.4098,964882.43,0.0,0.0,0
1h,1778151600.0,1.4098,1.4134,1.4086,1.4097,524631.85,0.0,0.0,0
1h,1778155200.0,1.4097,1.4149,1.4092,1.4147,947697.15,0.0,0.0,0
1h,1778158800.0,1.4147,1.4147,1.3966,1.4014,1662402.47,0.0,0.0,0
1h,1778162400.0,1.4014,1.4038,1.3911,1.3931,3500336.41,0.0,0.0,0
1h,1778166000.0,1.3931,1.3946,1.3831,1.3905,3957494.91,0.0,0.0,0
1h,1778169600.0,1.3905,1.3924,1.3866,1.3886,2131167.54,0.0,0.0,0
1h,1778173200.0,1.3886,1.3927,1.3838,1.3916,1993705.69,0.0,0.0,0
1h,1778176800.0,1.3916,1.3961,1.3888,1.3922,1150314.21,0.0,0.0,0
1h,1778180400.0,1.3922,1.3922,1.3854,1.3859,977988.52,0.0,0.0,0
1h,1778184000.0,1.3859,1.3932,1.3818,1.3826,962698.39,0.0,0.0,0
1h,1778187600.0,1.3826,1.3867,1.3802,1.3836,947597.04,0.0,0.0,0
1h,1778191200.0,1.3836,1.3866,1.3802,1.3849,862045.93,0.0,0.0,0
1h,1778194800.0,1.3849,1.3876,1.3842,1.3867,596477.35,0.0,0.0,0
1h,1778198400.0,1.3867,1.3898,1.3842,1.3854,639066.25,0.0,0.0,0
1h,1778202000.0,1.3854,1.3868,1.3824,1.3857,231764.15,0.0,0.0,0
1h,1778205600.0,1.3857,1.386,1.3795,1.3834,767336.62,0.0,0.0,0
1h,1778209200.0,1.3834,1.3874,1.3796,1.3853,516242.55,0.0,0.0,0
1h,1778212800.0,1.3853,1.387,1.3837,1.3857,777088.93,0.0,0.0,0
1h,1778216400.0,1.3857,1.3878,1.3832,1.3832,623511.2,0.0,0.0,0
1h,1778220000.0,1.3832,1.3833,1.3777,1.3816,872871.91,0.0,0.0,0
1h,1778223600.0,1.3816,1.3847,1.3788,1.3838,560889.44,0.0,0.0,0
1h,1778227200.0,1.3838,1.3901,1.382,1.388,1224950.21,0.0,0.0,0
1h,1778230800.0,1.388,1.3915,1.3857,1.3869,416138.48,0.0,0.0,0
1h,1778234400.0,1.3869,1.3918,1.3848,1.3896,1389516.31,0.0,0.0,0
1h,1778238000.0,1.3896,1.3924,1.3888,1.3911,2133084.36,0.0,0.0,0
1h,1778241600.0,1.3911,1.3939,1.3863,1.3874,1291800.66,0.0,0.0,0
1h,1778245200.0,1.3874,1.3884,1.3838,1.3867,1407847.71,0.0,0.0,0
1h,1778248800.0,1.3867,1.3964,1.3867,1.3928,1472571.71,0.0,0.0,0
1h,1778252400.0,1.3928,1.3981,1.3854,1.3973,1392383.27,0.0,0.0,0
1h,1778256000.0,1.3973,1.3976,1.3927,1.3943,993862.18,0.0,0.0,0
1h,1778259600.0,1.3943,1.4105,1.394,1.4082,1221411.12,0.0,0.0,0
1h,1778263200.0,1.4082,1.4245,1.4082,1.4193,1792416.19,0.0,0.0,0
1h,1778266800.0,1.4193,1.4271,1.4167,1.4191,1119031.95,0.0,0.0,0
1h,1778270400.0,1.4191,1.4191,1.4112,1.4123,843841.86,0.0,0.0,0
1h,1778274000.0,1.4123,1.4219,1.4123,1.4219,876117.41,0.0,0.0,0
1h,1778277600.0,1.4219,1.4237,1.4179,1.4186,491698.45,0.0,0.0,0
1h,1778281200.0,1.4186,1.419,1.4155,1.4181,263546.29,0.0,0.0,0
1h,1778284800.0,1.4181,1.4252,1.418,1.4248,643771.29,0.0,0.0,0
1h,1778288400.0,1.4248,1.4349,1.4245,1.4324,1042924.53,0.0,0.0,0
1h,1778292000.0,1.4324,1.4341,1.4278,1.4311,478208.95,0.0,0.0,0
1h,1778295600.0,1.4311,1.4344,1.4269,1.429,827734.4,0.0,0.0,0
1h,1778299200.0,1.429,1.4344,1.4274,1.4282,634612.08,0.0,0.0,0
1h,1778302800.0,1.4282,1.4313,1.4252,1.4265,1086051.63,0.0,0.0,0
1h,1778306400.0,1.4265,1.4276,1.4227,1.4259,1263935.15,0.0,0.0,0
1h,1778310000.0,1.4259,1.4277,1.4225,1.4237,1555567.03,0.0,0.0,0
1h,1778313600.0,1.4237,1.4256,1.4231,1.4243,348234.34,0.0,0.0,0
1h,1778317200.0,1.4243,1.4256,1.4184,1.4196,530594.43,0.0,0.0,0
1h,1778320800.0,1.4196,1.4228,1.4175,1.4212,283815.61,0.0,0.0,0
1h,1778324400.0,1.4212,1.423,1.4205,1.4221,174033.97,0.0,0.0,0
1h,1778328000.0,1.4221,1.4227,1.4195,1.4205,616502.63,0.0,0.0,0
1h,1778331600.0,1.4205,1.4206,1.4167,1.4199,288730.7,0.0,0.0,0
1h,1778335200.0,1.4199,1.4212,1.4151,1.4154,350781.45,0.0,0.0,0
1h,1778338800.0,1.4154,1.4161,1.412,1.4142,426037.38,0.0,0.0,0
1h,1778342400.0,1.4142,1.4196,1.4112,1.4174,1201530.85,0.0,0.0,0
1h,1778346000.0,1.4174,1.4246,1.4173,1.421,492240.44,0.0,0.0,0
1h,1778349600.0,1.421,1.4249,1.4206,1.4222,381422.85,0.0,0.0,0
1h,1778353200.0,1.4222,1.4241,1.4213,1.4238,222453.31,0.0,0.0,0
1h,1778356800.0,1.4238,1.424,1.4205,1.4215,151460.4,0.0,0.0,0
1h,1778360400.0,1.4215,1.4238,1.4211,1.4224,231546.06,0.0,0.0,0
1h,1778364000.0,1.4224,1.4251,1.4212,1.4232,138545.31,0.0,0.0,0
1h,1778367600.0,1.4232,1.4253,1.4187,1.4203,248343.92,0.0,0.0,0
1h,1778371200.0,1.4203,1.4226,1.4157,1.4167,273639.54,0.0,0.0,0
1h,1778374800.0,1.4167,1.4171,1.4118,1.4148,306395.54,0.0,0.0,0
1h,1778378400.0,1.4148,1.4229,1.4132,1.4174,906941.33,0.0,0.0,0
1h,1778382000.0,1.4174,1.4201,1.4144,1.4168,1108330.12,0.0,0.0,0
1h,1778385600.0,1.4168,1.419,1.4153,1.4178,258293.97,0.0,0.0,0
1h,1778389200.0,1.4178,1.42,1.4163,1.4178,197008.56,0.0,0.0,0
1h,1778392800.0,1.4178,1.4189,1.4157,1.4183,289604.02,0.0,0.0,0
1h,1778396400.0,1.4183,1.4215,1.4172,1.42,209557.21,0.0,0.0,0
1h,1778400000.0,1.42,1.4274,1.4192,1.4269,378059.03,0.0,0.0,0
1h,1778403600.0,1.4269,1.4287,1.4233,1.4282,534093.57,0.0,0.0,0
1h,1778407200.0,1.4282,1.4307,1.4242,1.4272,890824.78,0.0,0.0,0
1h,1778410800.0,1.4272,1.4274,1.4184,1.4231,790758.17,0.0,0.0,0
1h,1778414400.0,1.4231,1.4241,1.421,1.424,214625.07,0.0,0.0,0
1h,1778418000.0,1.424,1.4339,1.4232,1.4324,957616.23,0.0,0.0,0
1h,1778421600.0,1.4324,1.4371,1.4292,1.435,826769.19,0.0,0.0,0
1h,1778425200.0,1.435,1.445,1.4336,1.4442,846717.75,0.0,0.0,0
1h,1778428800.0,1.4442,1.4788,1.4427,1.4721,6143954.31,0.0,0.0,0
1h,1778432400.0,1.4721,1.5079,1.472,1.5044,3730084.38,0.0,0.0,0
1h,1778436000.0,1.5044,1.5062,1.485,1.4863,3635198.73,0.0,0.0,0
1h,1778439600.0,1.4863,1.4912,1.475,1.4867,2747390.17,0.0,0.0,0
1h,1778443200.0,1.4867,1.4896,1.4372,1.4501,3635234.55,0.0,0.0,0
1h,1778446800.0,1.4501,1.4639,1.4442,1.455,1620311.02,0.0,0.0,0
1h,1778450400.0,1.455,1.4749,1.453,1.4736,1611086.0,0.0,0.0,0
1h,1778454000.0,1.4736,1.477,1.4695,1.4734,1178469.83,0.0,0.0,0
1h,1778457600.0,1.4734,1.4779,1.4523,1.458,1290175.19,0.0,0.0,0
1h,1778461200.0,1.458,1.4686,1.4522,1.4608,802712.07,0.0,0.0,0
1h,1778464800.0,1.4608,1.4624,1.4495,1.4538,656572.95,0.0,0.0,0
1h,1778468400.0,1.4538,1.4542,1.4399,1.4487,1288224.15,0.0,0.0,0
1h,1778472000.0,1.4487,1.4565,1.4452,1.4481,941542.97,0.0,0.0,0
1h,1778475600.0,1.4481,1.4563,1.4479,1.4551,770808.55,0.0,0.0,0
1h,1778479200.0,1.4551,1.4589,1.4506,1.4534,619211.18,0.0,0.0,0
1h,1778482800.0,1.4534,1.4536,1.441,1.4494,3993643.43,0.0,0.0,0
1h,1778486400.0,1.4494,1.4526,1.4418,1.4458,1337070.04,0.0,0.0,0
1h,1778490000.0,1.4458,1.4542,1.4456,1.4513,563705.87,0.0,0.0,0
1h,1778493600.0,1.4513,1.4544,1.4493,1.4508,1317072.77,0.0,0.0,0
1h,1778497200.0,1.4508,1.4577,1.4475,1.4577,681320.79,0.0,0.0,0
1h,1778500800.0,1.4577,1.4636,1.4541,1.4581,2309416.85,0.0,0.0,0
1h,1778504400.0,1.4581,1.465,1.4525,1.4598,1361720.43,0.0,0.0,0
1h,1778508000.0,1.4598,1.4726,1.453,1.4716,2840011.81,0.0,0.0,0
1h,1778511600.0,1.4716,1.4885,1.467,1.4849,2569179.98,0.0,0.0,0
1h,1778515200.0,1.4849,1.4875,1.4718,1.4742,1526716.03,0.0,0.0,0
1h,1778518800.0,1.4742,1.4811,1.4665,1.4802,1310778.1,0.0,0.0,0
1h,1778522400.0,1.4802,1.4814,1.4705,1.4706,607287.42,0.0,0.0,0
1h,1778526000.0,1.4706,1.4808,1.4673,1.4796,1214389.54,0.0,0.0,0
1h,1778529600.0,1.4796,1.4828,1.4725,1.4732,739057.13,0.0,0.0,0
1h,1778533200.0,1.4732,1.475,1.4694,1.4699,349463.13,0.0,0.0,0
1h,1778536800.0,1.4699,1.4772,1.4685,1.4752,403772.98,0.0,0.0,0
1h,1778540400.0,1.4752,1.4803,1.4711,1.4774,485000.46,0.0,0.0,0
1h,1778544000.0,1.4774,1.4853,1.4758,1.4798,772142.03,0.0,0.0,0
1h,1778547600.0,1.4798,1.4819,1.4565,1.467,1165254.26,0.0,0.0,0
1h,1778551200.0,1.467,1.4708,1.4606,1.4646,591886.21,0.0,0.0,0
1h,1778554800.0,1.4646,1.4655,1.4586,1.4599,360937.62,0.0,0.0,0
1h,1778558400.0,1.4599,1.4665,1.4573,1.4629,349629.07,0.0,0.0,0
1h,1778562000.0,1.4629,1.469,1.4597,1.4621,838736.21,0.0,0.0,0
1h,1778565600.0,1.4621,1.4671,1.4557,1.4584,972546.96,0.0,0.0,0
1h,1778569200.0,1.4584,1.4653,1.4543,1.463,517360.48,0.0,0.0,0
1h,1778572800.0,1.463,1.4711,1.4597,1.4653,952362.44,0.0,0.0,0
1h,1778576400.0,1.4653,1.4653,1.4543,1.4556,1435784.39,0.0,0.0,0
1h,1778580000.0,1.4556,1.4582,1.4473,1.4496,1362264.23,0.0,0.0,0
1h,1778583600.0,1.4496,1.452,1.4438,1.4488,821741.3,0.0,0.0,0
1h,1778587200.0,1.4488,1.4557,1.4464,1.4507,1263191.02,0.0,0.0,0
1h,1778590800.0,1.4507,1.4526,1.4331,1.4346,1804351.24,0.0,0.0,0
1h,1778594400.0,1.4346,1.4408,1.4249,1.4282,1821924.58,0.0,0.0,0
1h,1778598000.0,1.4282,1.4312,1.4186,1.4239,1399149.92,0.0,0.0,0
1h,1778601600.0,1.4239,1.4291,1.42,1.4223,931068.97,0.0,0.0,0
1h,1778605200.0,1.4223,1.4351,1.4223,1.434,810375.84,0.0,0.0,0
1h,1778608800.0,1.434,1.438,1.4317,1.4362,532913.17,0.0,0.0,0
1h,1778612400.0,1.4362,1.4428,1.4362,1.4409,1078007.6,0.0,0.0,0
1h,1778616000.0,1.4409,1.4428,1.4386,1.4408,912645.78,0.0,0.0,0
1h,1778619600.0,1.4408,1.4413,1.4379,1.4407,1184343.6,0.0,0.0,0
1h,1778623200.0,1.4407,1.444,1.4397,1.4398,553732.73,0.0,0.0,0
1h,1778626800.0,1.4398,1.4408,1.434,1.437,570884.78,0.0,0.0,0
1h,1778630400.0,1.437,1.4401,1.4349,1.4393,1035997.84,0.0,0.0,0
1h,1778634000.0,1.4393,1.4516,1.439,1.4487,608435.41,0.0,0.0,0
1h,1778637600.0,1.4487,1.4533,1.447,1.4481,611084.75,0.0,0.0,0
1h,1778641200.0,1.4481,1.4529,1.4471,1.452,313684.15,0.0,0.0,0
1h,1778644800.0,1.452,1.4635,1.45,1.4623,839077.58,0.0,0.0,0
1h,1778648400.0,1.4623,1.4648,1.4543,1.4544,992740.34,0.0,0.0,0
1h,1778652000.0,1.4544,1.4609,1.4527,1.4545,1372449.83,0.0,0.0,0
1h,1778655600.0,1.4545,1.4644,1.4542,1.4622,494123.84,0.0,0.0,0
1h,1778659200.0,1.4622,1.4657,1.4587,1.4631,979342.19,0.0,0.0,0
1h,1778662800.0,1.4631,1.4695,1.4625,1.4687,542923.26,0.0,0.0,0
1h,1778666400.0,1.4687,1.4695,1.4566,1.4583,440546.99,0.0,0.0,0
1h,1778670000.0,1.4583,1.4599,1.4474,1.4487,1957591.2,0.0,0.0,0
1h,1778673600.0,1.4487,1.4499,1.4259,1.4336,2617941.16,0.0,0.0,0
1h,1778677200.0,1.4336,1.4392,1.4222,1.4272,1446475.36,0.0,0.0,0
1h,1778680800.0,1.4272,1.431,1.4215,1.4288,1064843.92,0.0,0.0,0
1h,1778684400.0,1.4288,1.4321,1.4115,1.4133,2611364.27,0.0,0.0,0
1h,1778688000.0,1.4133,1.4246,1.4121,1.4232,1930469.31,0.0,0.0,0
1h,1778691600.0,1.4232,1.4306,1.4232,1.4293,942083.76,0.0,0.0,0
1h,1778695200.0,1.4293,1.4339,1.4265,1.4265,1034234.15,0.0,0.0,0
1h,1778698800.0,1.4265,1.4269,1.4169,1.4189,1504312.73,0.0,0.0,0
1h,1778702400.0,1.4189,1.4262,1.4189,1.4254,753255.86,0.0,0.0,0
1h,1778706000.0,1.4254,1.4258,1.4174,1.4186,471557.21,0.0,0.0,0
1h,1778709600.0,1.4186,1.4242,1.4157,1.4232,537180.12,0.0,0.0,0
1h,1778713200.0,1.4232,1.4276,1.4211,1.4272,568804.66,0.0,0.0,0
1h,1778716800.0,1.4272,1.4334,1.4266,1.4317,1399861.48,0.0,0.0,0
1h,1778720400.0,1.4317,1.4349,1.4264,1.4325,875303.77,0.0,0.0,0
1h,1778724000.0,1.4325,1.4341,1.4234,1.4261,341207.9,0.0,0.0,0
1h,1778727600.0,1.4261,1.4303,1.4208,1.4225,492042.1,0.0,0.0,0
1h,1778731200.0,1.4225,1.4318,1.4209,1.4303,710767.07,0.0,0.0,0
1h,1778734800.0,1.4303,1.4397,1.4295,1.4359,582245.35,0.0,0.0,0
1h,1778738400.0,1.4359,1.4368,1.4268,1.4346,815489.55,0.0,0.0,0
1h,1778742000.0,1.4346,1.4367,1.4303,1.4325,800976.07,0.0,0.0,0
1h,1778745600.0,1.4325,1.4368,1.4297,1.4348,487474.01,0.0,0.0,0
1h,1778749200.0,1.4348,1.436,1.4274,1.4296,529455.92,0.0,0.0,0
1h,1778752800.0,1.4296,1.4374,1.4281,1.4366,581039.63,0.0,0.0,0
1h,1778756400.0,1.4366,1.4391,1.4319,1.4325,437287.97,0.0,0.0,0
1h,1778760000.0,1.4325,1.4519,1.4313,1.4482,1072299.81,0.0,0.0,0
1h,1778763600.0,1.4482,1.4599,1.4416,1.4425,2029485.02,0.0,0.0,0
1h,1778767200.0,1.4425,1.4747,1.4391,1.4711,3825589.1,0.0,0.0,0
1h,1778770800.0,1.4711,1.4744,1.4627,1.4726,2353823.09,0.0,0.0,0
1h,1778774400.0,1.4726,1.481,1.4648,1.4802,2069468.54,0.0,0.0,0
1h,1778778000.0,1.4802,1.5001,1.4722,1.4917,5390199.34,0.0,0.0,0
1h,1778781600.0,1.4917,1.545,1.4863,1.5362,7970297.4,0.0,0.0,0
1h,1778785200.0,1.5362,1.5498,1.5094,1.5164,6396901.02,0.0,0.0,0
1h,1778788800.0,1.5164,1.5175,1.4973,1.5082,3239898.37,0.0,0.0,0
1h,1778792400.0,1.5082,1.5113,1.4939,1.4978,2254424.68,0.0,0.0,0
1h,1778796000.0,1.4978,1.5062,1.4938,1.5008,1401985.54,0.0,0.0,0
1h,1778799600.0,1.5008,1.5008,1.4831,1.4851,916419.0,0.0,0.0,0
1h,1778803200.0,1.4851,1.5,1.4849,1.4952,1210403.36,0.0,0.0,0
1h,1778806800.0,1.4952,1.4997,1.4839,1.4843,1987250.5,0.0,0.0,0
1h,1778810400.0,1.4843,1.4925,1.4762,1.4906,1432371.49,0.0,0.0,0
1h,1778814000.0,1.4906,1.4924,1.4832,1.4891,909382.47,0.0,0.0,0
1h,1778817600.0,1.4891,1.4904,1.4729,1.4734,1206595.85,0.0,0.0,0
1h,1778821200.0,1.4734,1.4751,1.4533,1.4604,3263206.73,0.0,0.0,0
1h,1778824800.0,1.4604,1.4732,1.4583,1.4688,1434513.51,0.0,0.0,0
1h,1778828400.0,1.4688,1.4728,1.4656,1.4695,762179.89,0.0,0.0,0
1h,1778832000.0,1.4695,1.4722,1.4612,1.4712,1394689.26,0.0,0.0,0
1h,1778835600.0,1.4712,1.4731,1.4616,1.4648,1036498.03,0.0,0.0,0
1h,1778839200.0,1.4648,1.4767,1.4636,1.4746,628718.9,0.0,0.0,0
1h,1778842800.0,1.4746,1.4756,1.4666,1.4682,675264.24,0.0,0.0,0
1h,1778846400.0,1.4682,1.4691,1.4586,1.4596,1569345.23,0.0,0.0,0
1h,1778850000.0,1.4596,1.4596,1.4287,1.432,5179914.1,0.0,0.0,0
1h,1778853600.0,1.432,1.441,1.4272,1.4394,2921788.69,0.0,0.0,0
1h,1778857200.0,1.4394,1.4409,1.43,1.4351,1162463.37,0.0,0.0,0
1h,1778860800.0,1.4351,1.4474,1.434,1.4467,2528502.07,0.0,0.0,0
1h,1778864400.0,1.4467,1.4508,1.4458,1.4467,702712.6,0.0,0.0,0
1h,1778868000.0,1.4467,1.4493,1.4397,1.4414,731171.89,0.0,0.0,0
1h,1778871600.0,1.4414,1.4414,1.4322,1.4344,1383997.45,0.0,0.0,0
1h,1778875200.0,1.4344,1.437,1.4317,1.4349,568660.08,0.0,0.0,0
1h,1778878800.0,1.4349,1.437,1.43,1.4302,425543.6,0.0,0.0,0
1h,1778882400.0,1.4302,1.4343,1.4298,1.4334,693872.8,0.0,0.0,0
1h,1778886000.0,1.4334,1.4356,1.4324,1.4338,705099.44,0.0,0.0,0
1h,1778889600.0,1.4338,1.4382,1.4322,1.4341,1066652.7,0.0,0.0,0
1h,1778893200.0,1.4341,1.4384,1.4313,1.437,330650.57,0.0,0.0,0
1h,1778896800.0,1.437,1.4393,1.435,1.4369,245577.92,0.0,0.0,0
1h,1778900400.0,1.4369,1.4386,1.4336,1.4356,300047.46,0.0,0.0,0
1h,1778904000.0,1.4356,1.4366,1.4175,1.4255,3865411.09,0.0,0.0,0
1h,1778907600.0,1.4255,1.4297,1.4214,1.425,1597894.89,0.0,0.0,0
1h,1778911200.0,1.425,1.4264,1.4136,1.42,2017239.41,0.0,0.0,0
1h,1778914800.0,1.42,1.4201,1.4043,1.4167,2871188.49,0.0,0.0,0
1h,1778918400.0,1.4167,1.4183,1.4145,1.415,335149.49,0.0,0.0,0
1h,1778922000.0,1.415,1.4158,1.4018,1.4024,1607260.22,0.0,0.0,0
1h,1778925600.0,1.4024,1.4091,1.3963,1.4073,2109607.91,0.0,0.0,0
1h,1778929200.0,1.4073,1.4137,1.4068,1.411,502277.16,0.0,0.0,0
1h,1778932800.0,1.411,1.4134,1.4081,1.4103,401684.94,0.0,0.0,0
1h,1778936400.0,1.4103,1.4154,1.408,1.4117,793799.54,0.0,0.0,0
1h,1778940000.0,1.4117,1.4132,1.4061,1.4095,1393993.49,0.0,0.0,0
1h,1778943600.0,1.4095,1.4151,1.4094,1.4147,374600.67,0.0,0.0,0
1h,1778947200.0,1.4147,1.4209,1.4135,1.4168,957881.98,0.0,0.0,0
1h,1778950800.0,1.4168,1.4193,1.4154,1.4171,201230.73,0.0,0.0,0
1h,1778954400.0,1.4171,1.418,1.414,1.4158,202715.09,0.0,0.0,0
1h,1778958000.0,1.4158,1.4175,1.415,1.416,174106.74,0.0,0.0,0
1h,1778961600.0,1.416,1.4213,1.4152,1.4158,1413518.44,0.0,0.0,0
1h,1778965200.0,1.4158,1.4165,1.4137,1.4151,333496.07,0.0,0.0,0
1h,1778968800.0,1.4151,1.4155,1.4121,1.4138,237866.64,0.0,0.0,0
1h,1778972400.0,1.4138,1.4159,1.4133,1.4136,183270.63,0.0,0.0,0
1h,1778976000.0,1.4136,1.4177,1.4092,1.4112,493964.11,0.0,0.0,0
1h,1778979600.0,1.4112,1.4141,1.4038,1.4039,834031.34,0.0,0.0,0
1h,1778983200.0,1.4039,1.4106,1.4024,1.4071,1157675.32,0.0,0.0,0
1h,1778986800.0,1.4071,1.414,1.4068,1.4122,362017.55,0.0,0.0,0
1h,1778990400.0,1.4122,1.4171,1.4118,1.4157,265689.3,0.0,0.0,0
1h,1778994000.0,1.4157,1.4215,1.4154,1.4164,199609.0,0.0,0.0,0
1h,1778997600.0,1.4164,1.4191,1.4157,1.4174,229776.94,0.0,0.0,0
1h,1779001200.0,1.4174,1.4212,1.4166,1.4184,315823.88,0.0,0.0,0
1h,1779004800.0,1.4184,1.4202,1.4144,1.4147,657513.19,0.0,0.0,0
1h,1779008400.0,1.4147,1.4216,1.4138,1.4208,573216.17,0.0,0.0,0
1h,1779012000.0,1.4208,1.4289,1.4208,1.4247,983963.1,0.0,0.0,0
1h,1779015600.0,1.4247,1.4247,1.4205,1.4225,548487.05,0.0,0.0,0
1h,1779019200.0,1.4225,1.4266,1.4222,1.4235,533250.56,0.0,0.0,0
1h,1779022800.0,1.4235,1.4235,1.4168,1.4188,428171.13,0.0,0.0,0
1h,1779026400.0,1.4188,1.419,1.4107,1.4134,396151.55,0.0,0.0,0
1h,1779030000.0,1.4134,1.4149,1.4098,1.4131,457716.43,0.0,0.0,0
1h,1779033600.0,1.4131,1.4161,1.4103,1.4121,917222.75,0.0,0.0,0
1h,1779037200.0,1.4121,1.4129,1.4086,1.4112,486415.56,0.0,0.0,0
1h,1779040800.0,1.4112,1.4143,1.4067,1.4143,474001.5,0.0,0.0,0
1h,1779044400.0,1.4143,1.4243,1.4142,1.4226,649538.49,0.0,0.0,0
1h,1779048000.0,1.4226,1.4236,1.4175,1.4195,376791.11,0.0,0.0,0
1h,1779051600.0,1.4195,1.4264,1.4179,1.4232,457501.44,0.0,0.0,0
1h,1779055200.0,1.4232,1.4232,1.4097,1.4121,972617.43,0.0,0.0,0
1h,1779058800.0,1.4121,1.4143,1.37,1.4015,6461005.1,0.0,0.0,0
1h,1779062400.0,1.4015,1.4017,1.3887,1.3968,2972276.86,0.0,0.0,0
1h,1779066000.0,1.3968,1.3975,1.3852,1.3943,953223.04,0.0,0.0,0
1h,1779069600.0,1.3943,1.4028,1.3907,1.3928,716358.12,0.0,0.0,0
1h,1779073200.0,1.3928,1.4006,1.3901,1.3931,812754.95,0.0,0.0,0
1h,1779076800.0,1.3931,1.3997,1.3873,1.3949,652262.98,0.0,0.0,0
1h,1779080400.0,1.3949,1.3962,1.3874,1.3892,1248811.57,0.0,0.0,0
1h,1779084000.0,1.3892,1.3922,1.3769,1.3883,2434684.24,0.0,0.0,0
1h,1779087600.0,1.3883,1.3911,1.3804,1.3867,471512.25,0.0,0.0,0
1h,1779091200.0,1.3867,1.3897,1.3823,1.3879,355234.04,0.0,0.0,0
1h,1779094800.0,1.3879,1.3883,1.3826,1.3829,957138.05,0.0,0.0,0
1h,1779098400.0,1.3829,1.3835,1.3771,1.3782,816306.31,0.0,0.0,0
1h,1779102000.0,1.3782,1.3967,1.3763,1.3905,905822.45,0.0,0.0,0
1h,1779105600.0,1.3905,1.4024,1.3904,1.3988,683137.37,0.0,0.0,0
1h,1779109200.0,1.3988,1.399,1.3767,1.386,1608186.68,0.0,0.0,0
1h,1779112800.0,1.386,1.386,1.3725,1.3774,1399417.85,0.0,0.0,0
1h,1779116400.0,1.3774,1.3791,1.3688,1.3765,1950587.34,0.0,0.0,0
1h,1779120000.0,1.3765,1.3811,1.3706,1.3788,1094613.7,0.0,0.0,0
1h,1779123600.0,1.3788,1.3838,1.3771,1.3807,915228.97,0.0,0.0,0
1h,1779127200.0,1.3807,1.381,1.3642,1.3681,1088025.48,0.0,0.0,0
1h,1779130800.0,1.3681,1.3909,1.3673,1.3877,1308585.34,0.0,0.0,0
1h,1779134400.0,1.3877,1.3922,1.3836,1.3848,403991.65,0.0,0.0,0
1h,1779138000.0,1.3848,1.396,1.3823,1.3932,478601.08,0.0,0.0,0
1h,1779141600.0,1.3932,1.3962,1.3887,1.3924,725114.9,0.0,0.0,0
1h,1779145200.0,1.3924,1.3945,1.3889,1.3902,280494.42,0.0,0.0,0
1h,1779148800.0,1.3902,1.3978,1.3893,1.3932,455201.48,0.0,0.0,0
1h,1779152400.0,1.3932,1.3932,1.3845,1.3845,579138.71,0.0,0.0,0
1h,1779156000.0,1.3845,1.3885,1.3777,1.3795,1009516.66,0.0,0.0,0
1h,1779159600.0,1.3795,1.3849,1.3782,1.3837,392195.14,0.0,0.0,0
1h,1779163200.0,1.3837,1.3875,1.3793,1.387,842297.58,0.0,0.0,0
1h,1779166800.0,1.387,1.3885,1.3787,1.3833,1550323.14,0.0,0.0,0
1h,1779170400.0,1.3833,1.3882,1.3822,1.3855,719142.54,0.0,0.0,0
1h,1779174000.0,1.3855,1.3899,1.3834,1.3885,1475042.93,0.0,0.0,0
1h,1779177600.0,1.3885,1.3889,1.3801,1.3827,778972.96,0.0,0.0,0
1h,1779181200.0,1.3827,1.3847,1.3708,1.3747,1055566.69,0.0,0.0,0
1h,1779184800.0,1.3747,1.3769,1.3684,1.3742,1067870.44,0.0,0.0,0
1h,1779188400.0,1.3742,1.377,1.3695,1.3721,766247.53,0.0,0.0,0
1h,1779192000.0,1.3721,1.3784,1.3705,1.3776,686962.5,0.0,0.0,0
1h,1779195600.0,1.3776,1.382,1.3711,1.3767,1266816.52,0.0,0.0,0
1h,1779199200.0,1.3767,1.3797,1.361,1.3666,1230141.54,0.0,0.0,0
1h,1779202800.0,1.3666,1.373,1.3656,1.3673,516977.21,0.0,0.0,0
1h,1779206400.0,1.3673,1.3736,1.3636,1.3726,747215.49,0.0,0.0,0
1h,1779210000.0,1.3726,1.3744,1.3624,1.3641,739632.63,0.0,0.0,0
1h,1779213600.0,1.3641,1.368,1.3615,1.3627,710434.87,0.0,0.0,0
1h,1779217200.0,1.3627,1.3668,1.3565,1.3573,968370.59,0.0,0.0,0
1h,1779220800.0,1.3573,1.3609,1.356,1.3587,709661.1,0.0,0.0,0
1h,1779224400.0,1.3587,1.3633,1.3578,1.36,647940.91,0.0,0.0,0
1h,1779228000.0,1.36,1.3601,1.3534,1.3582,707871.03,0.0,0.0,0
1h,1779231600.0,1.3582,1.3658,1.3572,1.3618,313097.6,0.0,0.0,0
1h,1779235200.0,1.3618,1.364,1.3521,1.3558,1278743.33,0.0,0.0,0
1h,1779238800.0,1.3558,1.3585,1.3478,1.3552,1371689.38,0.0,0.0,0
1h,1779242400.0,1.3552,1.3564,1.3507,1.3521,481745.04,0.0,0.0,0
1h,1779246000.0,1.3521,1.3586,1.3499,1.3563,681613.11,0.0,0.0,0
1h,1779249600.0,1.3563,1.3601,1.3536,1.3598,412647.96,0.0,0.0,0
1h,1779253200.0,1.3598,1.3698,1.3598,1.3684,886702.64,0.0,0.0,0
1h,1779256800.0,1.3684,1.3711,1.3667,1.3707,962310.51,0.0,0.0,0
1h,1779260400.0,1.3707,1.3738,1.3676,1.3684,359287.42,0.0,0.0,0
1h,1779264000.0,1.3684,1.3727,1.3658,1.3704,677180.04,0.0,0.0,0
1h,1779267600.0,1.3704,1.3729,1.3688,1.3699,510341.36,0.0,0.0,0
1h,1779271200.0,1.3699,1.3758,1.3697,1.3706,903583.91,0.0,0.0,0
1h,1779274800.0,1.3706,1.3715,1.3643,1.3658,1044380.65,0.0,0.0,0
1h,1779278400.0,1.3658,1.3758,1.3643,1.3733,672903.34,0.0,0.0,0
1h,1779282000.0,1.3733,1.3743,1.3593,1.3638,1172899.28,0.0,0.0,0
1h,1779285600.0,1.3638,1.3762,1.3583,1.3735,2710356.96,0.0,0.0,0
1h,1779289200.0,1.3735,1.3806,1.3684,1.3745,2138479.45,0.0,0.0,0
1h,1779292800.0,1.3745,1.3775,1.366,1.3749,1692778.6,0.0,0.0,0
1h,1779296400.0,1.3749,1.3802,1.371,1.3754,1228353.69,0.0,0.0,0
1h,1779300000.0,1.3754,1.376,1.3646,1.3674,1138660.85,0.0,0.0,0
1h,1779303600.0,1.3674,1.3728,1.3655,1.3727,580125.6,0.0,0.0,0
1h,1779307200.0,1.3727,1.3728,1.3642,1.3702,605498.82,0.0,0.0,0
1h,1779310800.0,1.3702,1.3719,1.3669,1.3669,247961.37,0.0,0.0,0
1h,1779314400.0,1.3669,1.3679,1.3603,1.3658,881614.19,0.0,0.0,0
1h,1779318000.0,1.3658,1.3675,1.3627,1.3671,874509.36,0.0,0.0,0
1h,1779321600.0,1.3671,1.3779,1.3664,1.3761,436592.7,0.0,0.0,0
1h,1779325200.0,1.3761,1.3814,1.3757,1.3782,625516.73,0.0,0.0,0
1h,1779328800.0,1.3782,1.386,1.3777,1.3814,779800.51,0.0,0.0,0
1h,1779332400.0,1.3814,1.385,1.3803,1.3843,588005.92,0.0,0.0,0
1h,1779336000.0,1.3843,1.3858,1.3815,1.3823,1391070.06,0.0,0.0,0
1h,1779339600.0,1.3823,1.3839,1.3724,1.3749,629802.09,0.0,0.0,0
1h,1779343200.0,1.3749,1.3767,1.3697,1.3713,573650.41,0.0,0.0,0
1h,1779346800.0,1.3713,1.3773,1.3701,1.3761,428147.82,0.0,0.0,0
1h,1779350400.0,1.3761,1.3859,1.3761,1.3805,1498523.49,0.0,0.0,0
1h,1779354000.0,1.3805,1.3822,1.3743,1.3746,1632607.51,0.0,0.0,0
1h,1779357600.0,1.3746,1.3751,1.3642,1.3664,2067545.99,0.0,0.0,0
1h,1779361200.0,1.3664,1.3696,1.3637,1.3638,1180273.05,0.0,0.0,0
1h,1779364800.0,1.3638,1.3668,1.3619,1.3649,1054447.28,0.0,0.0,0
1h,1779368400.0,1.3649,1.3687,1.3549,1.3617,1798279.59,0.0,0.0,0
1h,1779372000.0,1.3617,1.3639,1.3514,1.357,1380073.15,0.0,0.0,0
1h,1779375600.0,1.357,1.3657,1.3558,1.3614,1216874.24,0.0,0.0,0
1h,1779379200.0,1.3614,1.365,1.3572,1.3613,1214126.91,0.0,0.0,0
1h,1779382800.0,1.3613,1.3863,1.3613,1.3812,2736218.21,0.0,0.0,0
1h,1779386400.0,1.3812,1.3826,1.3667,1.3711,736909.15,0.0,0.0,0
1h,1779390000.0,1.3711,1.3812,1.3709,1.3795,606697.32,0.0,0.0,0
1h,1779393600.0,1.3795,1.3811,1.3763,1.3771,227418.62,0.0,0.0,0
1h,1779397200.0,1.3771,1.3788,1.3756,1.3759,255621.38,0.0,0.0,0
1h,1779400800.0,1.3759,1.3766,1.371,1.3727,340785.2,0.0,0.0,0
1h,1779404400.0,1.3727,1.3756,1.3694,1.374,476142.66,0.0,0.0,0
1h,1779408000.0,1.374,1.3745,1.3674,1.3682,387843.47,0.0,0.0,0
1h,1779411600.0,1.3682,1.3719,1.365,1.371,386363.04,0.0,0.0,0
1h,1779415200.0,1.371,1.375,1.3699,1.3732,1093657.93,0.0,0.0,0
1h,1779418800.0,1.3732,1.3746,1.371,1.3722,278594.32,0.0,0.0,0
1h,1779422400.0,1.3722,1.3762,1.3681,1.3703,580597.74,0.0,0.0,0
1h,1779426000.0,1.3703,1.373,1.3676,1.3683,493725.98,0.0,0.0,0
1h,1779429600.0,1.3683,1.3699,1.3605,1.3608,1168245.69,0.0,0.0,0
1h,1779433200.0,1.3608,1.368,1.357,1.3651,1595235.67,0.0,0.0,0
1h,1779436800.0,1.3651,1.3686,1.3607,1.3629,953729.19,0.0,0.0,0
1h,1779440400.0,1.3629,1.3654,1.3592,1.3601,452896.25,0.0,0.0,0
1h,1779444000.0,1.3601,1.3622,1.3574,1.3599,767607.11,0.0,0.0,0
1h,1779447600.0,1.3599,1.3618,1.3552,1.3618,968111.92,0.0,0.0,0
1h,1779451200.0,1.3618,1.3662,1.3605,1.3661,1867303.26,0.0,0.0,0
1h,1779454800.0,1.3661,1.3705,1.3576,1.3626,2019093.92,0.0,0.0,0
1h,1779458400.0,1.3626,1.3626,1.3501,1.3522,2771697.51,0.0,0.0,0
1h,1779462000.0,1.3522,1.3578,1.3469,1.3533,1937923.52,0.0,0.0,0
1h,1779465600.0,1.3533,1.3557,1.3503,1.3546,1284201.31,0.0,0.0,0
1h,1779469200.0,1.3546,1.3595,1.3509,1.3534,1182950.45,0.0,0.0,0
1h,1779472800.0,1.3534,1.3557,1.3348,1.3501,3135994.59,0.0,0.0,0
1h,1779476400.0,1.3501,1.3524,1.3347,1.3386,2791067.91,0.0,0.0,0
1h,1779480000.0,1.3386,1.343,1.3355,1.3421,910220.86,0.0,0.0,0
1h,1779483600.0,1.3421,1.3438,1.3403,1.3426,285244.84,0.0,0.0,0
1h,1779487200.0,1.3426,1.3439,1.3378,1.3405,372930.25,0.0,0.0,0
1h,1779490800.0,1.3405,1.3428,1.3299,1.335,2571702.9,0.0,0.0,0
1h,1779494400.0,1.335,1.3369,1.3269,1.3347,1813692.81,0.0,0.0,0
1h,1779498000.0,1.3347,1.3391,1.3337,1.3376,480588.15,0.0,0.0,0
1h,1779501600.0,1.3376,1.3405,1.3366,1.34,392780.9,0.0,0.0,0
1h,1779505200.0,1.34,1.3423,1.3397,1.3411,330284.17,0.0,0.0,0
1h,1779508800.0,1.3411,1.3411,1.3349,1.3361,291170.22,0.0,0.0,0
1h,1779512400.0,1.3361,1.3364,1.3294,1.3314,921059.75,0.0,0.0,0
1h,1779516000.0,1.3314,1.3355,1.3287,1.333,1060652.94,0.0,0.0,0
1h,1779519600.0,1.333,1.3337,1.3013,1.3123,5850381.49,0.0,0.0,0
1h,1779523200.0,1.3123,1.3186,1.307,1.3108,3110910.87,0.0,0.0,0
1h,1779526800.0,1.3108,1.3181,1.3101,1.3172,1035666.39,0.0,0.0,0
1h,1779530400.0,1.3172,1.3239,1.3171,1.3228,1220248.07,0.0,0.0,0
1h,1779534000.0,1.3228,1.3265,1.3214,1.3246,478928.12,0.0,0.0,0
1h,1779537600.0,1.3246,1.3273,1.3241,1.3264,374996.25,0.0,0.0,0
1h,1779541200.0,1.3264,1.337,1.3264,1.3333,757181.31,0.0,0.0,0
1h,1779544800.0,1.3333,1.3407,1.3316,1.3398,1965658.26,0.0,0.0,0
1h,1779548400.0,1.3398,1.342,1.3354,1.3361,1524050.84,0.0,0.0,0
1h,1779552000.0,1.3361,1.3393,1.3345,1.3378,982621.86,0.0,0.0,0
1h,1779555600.0,1.3378,1.3393,1.3359,1.3386,238895.65,0.0,0.0,0
1h,1779559200.0,1.3386,1.3509,1.3386,1.3454,744770.34,0.0,0.0,0
1h,1779562800.0,1.3454,1.3474,1.343,1.347,276095.82,0.0,0.0,0
1h,1779566400.0,1.347,1.3719,1.3452,1.3718,2291259.2,0.0,0.0,0
1h,1779570000.0,1.3718,1.3762,1.3539,1.3598,1648659.08,0.0,0.0,0
1h,1779573600.0,1.3598,1.3635,1.3529,1.3588,1088424.88,0.0,0.0,0
1h,1779577200.0,1.3588,1.3615,1.3572,1.3583,433087.06,0.0,0.0,0
1h,1779580800.0,1.3583,1.3636,1.3571,1.362,300814.47,0.0,0.0,0
1h,1779584400.0,1.362,1.3633,1.3596,1.3606,278730.68,0.0,0.0,0
1h,1779588000.0,1.3606,1.3625,1.3585,1.3611,211153.47,0.0,0.0,0
1h,1779591600.0,1.3611,1.3632,1.3595,1.3607,202909.22,0.0,0.0,0
1h,1779595200.0,1.3607,1.3618,1.3592,1.361,201880.0,0.0,0.0,0
1h,1779598800.0,1.361,1.3611,1.355,1.3594,406869.03,0.0,0.0,0
1h,1779602400.0,1.3594,1.3633,1.3572,1.3629,369884.08,0.0,0.0,0
1h,1779606000.0,1.3629,1.3649,1.3588,1.3595,265082.31,0.0,0.0,0
1h,1779609600.0,1.3595,1.3615,1.3577,1.361,410598.4,0.0,0.0,0
1h,1779613200.0,1.361,1.3669,1.3606,1.3646,650469.16,0.0,0.0,0
1h,1779616800.0,1.3646,1.3709,1.3628,1.3635,1183107.13,0.0,0.0,0
1h,1779620400.0,1.3635,1.3719,1.3619,1.3655,2044944.57,0.0,0.0,0
1h,1779624000.0,1.3655,1.3658,1.361,1.3628,735780.97,0.0,0.0,0
1h,1779627600.0,1.3628,1.3638,1.3567,1.3589,411102.57,0.0,0.0,0
1h,1779631200.0,1.3589,1.3597,1.3387,1.35,1426129.34,0.0,0.0,0
1h,1779634800.0,1.35,1.3512,1.3482,1.3484,310309.56,0.0,0.0,0
1h,1779638400.0,1.3484,1.3527,1.347,1.3509,271573.83,0.0,0.0,0
1h,1779642000.0,1.3509,1.3545,1.3508,1.3532,202370.0,0.0,0.0,0
1h,1779645600.0,1.3532,1.3534,1.3477,1.3486,429101.8,0.0,0.0,0
1h,1779649200.0,1.3486,1.3505,1.3461,1.3492,341449.91,0.0,0.0,0
1h,1779652800.0,1.3492,1.3496,1.343,1.3449,375663.77,0.0,0.0,0
1h,1779656400.0,1.3449,1.3472,1.3324,1.3364,1436280.0,0.0,0.0,0
1h,1779660000.0,1.3364,1.3512,1.3358,1.3476,884810.27,0.0,0.0,0
1h,1779663600.0,1.3476,1.3539,1.3476,1.3506,440536.48,0.0,0.0,0
1h,1779667200.0,1.3506,1.3556,1.3506,1.3517,604553.98,0.0,0.0,0
1h,1779670800.0,1.3517,1.3551,1.3469,1.3473,347720.69,0.0,0.0,0
1h,1779674400.0,1.3473,1.3584,1.3468,1.3472,1748018.66,0.0,0.0,0
1h,1779678000.0,1.3472,1.3487,1.3435,1.3468,255964.85,0.0,0.0,0
1h,1779681600.0,1.3468,1.3567,1.3452,1.3556,785120.21,0.0,0.0,0
1h,1779685200.0,1.3556,1.361,1.3542,1.3584,1524856.65,0.0,0.0,0
1h,1779688800.0,1.3584,1.3611,1.3543,1.3584,397063.81,0.0,0.0,0
1h,1779692400.0,1.3584,1.361,1.3526,1.3589,1702937.42,0.0,0.0,0
1h,1779696000.0,1.3589,1.3656,1.3566,1.3592,2641938.93,0.0,0.0,0
1h,1779699600.0,1.3592,1.3634,1.3571,1.3611,1024527.16,0.0,0.0,0
1h,1779703200.0,1.3611,1.3617,1.3592,1.3606,579342.62,0.0,0.0,0
1h,1779706800.0,1.3606,1.3614,1.3572,1.3576,1246447.91,0.0,0.0,0
1h,1779710400.0,1.3576,1.359,1.3564,1.3571,1906258.26,0.0,0.0,0
1h,1779714000.0,1.3571,1.3587,1.3554,1.3581,1108140.93,0.0,0.0,0
1h,1779717600.0,1.3581,1.3624,1.3575,1.3612,941808.48,0.0,0.0,0
1h,1779721200.0,1.3612,1.3654,1.3575,1.3587,1278161.93,0.0,0.0,0
1h,1779724800.0,1.3587,1.3638,1.3571,1.3628,791664.14,0.0,0.0,0
1h,1779728400.0,1.3628,1.3639,1.3601,1.3612,457129.63,0.0,0.0,0
1h,1779732000.0,1.3612,1.3633,1.3587,1.3588,204708.05,0.0,0.0,0
1h,1779735600.0,1.3588,1.3588,1.3544,1.357,323756.35,0.0,0.0,0
1h,1779739200.0,1.357,1.3595,1.3515,1.3544,389818.93,0.0,0.0,0
1h,1779742800.0,1.3544,1.3567,1.3542,1.3547,346106.98,0.0,0.0,0
1h,1779746400.0,1.3547,1.3558,1.3467,1.349,896966.71,0.0,0.0,0
1h,1779750000.0,1.349,1.3522,1.3471,1.3501,465851.25,0.0,0.0,0
1h,1779753600.0,1.3501,1.3514,1.3355,1.3423,753338.27,0.0,0.0,0
1h,1779757200.0,1.3423,1.3447,1.3372,1.3397,1397968.92,0.0,0.0,0
1h,1779760800.0,1.3397,1.3403,1.3358,1.3373,509988.33,0.0,0.0,0
1h,1779764400.0,1.3373,1.3409,1.3341,1.3402,563086.09,0.0,0.0,0
1h,1779768000.0,1.3402,1.3465,1.3398,1.3454,510334.94,0.0,0.0,0
1h,1779771600.0,1.3454,1.3506,1.3445,1.3478,625109.73,0.0,0.0,0
1h,1779775200.0,1.3478,1.3497,1.3447,1.3481,757907.61,0.0,0.0,0
1h,1779778800.0,1.3481,1.3489,1.3394,1.3407,772305.66,0.0,0.0,0
1h,1779782400.0,1.3407,1.3441,1.3397,1.3407,553830.9,0.0,0.0,0
1h,1779786000.0,1.3407,1.3434,1.3395,1.3419,526526.15,0.0,0.0,0
1h,1779789600.0,1.3419,1.3595,1.3401,1.357,1580112.11,0.0,0.0,0
1h,1779793200.0,1.357,1.3578,1.3517,1.3521,966278.34,0.0,0.0,0
1h,1779796800.0,1.3521,1.3558,1.3478,1.3551,1099913.39,0.0,0.0,0
1h,1779800400.0,1.3551,1.3603,1.3483,1.3558,917153.99,0.0,0.0,0
1h,1779804000.0,1.3558,1.3655,1.3478,1.3525,1423935.94,0.0,0.0,0
1h,1779807600.0,1.3525,1.3537,1.3397,1.3449,2169248.56,0.0,0.0,0
1h,1779811200.0,1.3449,1.3456,1.3378,1.3409,1659794.27,0.0,0.0,0
1h,1779814800.0,1.3409,1.3434,1.3272,1.3333,2464983.93,0.0,0.0,0
1h,1779818400.0,1.3333,1.3386,1.3288,1.3298,919197.95,0.0,0.0,0
1h,1779822000.0,1.3298,1.3344,1.327,1.332,762522.8,0.0,0.0,0
1h,1779825600.0,1.332,1.334,1.3309,1.3334,503312.3,0.0,0.0,0
1h,1779829200.0,1.3334,1.3347,1.3282,1.3315,928367.53,0.0,0.0,0
1h,1779832800.0,1.3315,1.3336,1.3287,1.3298,898294.85,0.0,0.0,0
1h,1779836400.0,1.3298,1.3317,1.3288,1.3291,267064.32,0.0,0.0,0
1h,1779840000.0,1.3291,1.3327,1.3289,1.3324,743471.17,0.0,0.0,0
1h,1779843600.0,1.3324,1.333,1.3295,1.3306,806252.71,0.0,0.0,0
1h,1779847200.0,1.3306,1.3312,1.3263,1.3312,520821.45,0.0,0.0,0
1h,1779850800.0,1.3312,1.3331,1.3265,1.3277,416069.7,0.0,0.0,0
1h,1779854400.0,1.3277,1.3312,1.3213,1.3308,835298.25,0.0,0.0,0
1h,1779858000.0,1.3308,1.3327,1.3295,1.331,853510.65,0.0,0.0,0
1h,1779861600.0,1.331,1.3369,1.3303,1.3359,535792.53,0.0,0.0,0
1h,1779865200.0,1.3359,1.3368,1.3302,1.3319,627410.34,0.0,0.0,0
1h,1779868800.0,1.3319,1.3376,1.3296,1.3354,1788594.9,0.0,0.0,0
1h,1779872400.0,1.3354,1.3372,1.3279,1.3293,1866948.98,0.0,0.0,0
1h,1779876000.0,1.3293,1.3346,1.3287,1.3301,1784605.32,0.0,0.0,0
1h,1779879600.0,1.3301,1.3338,1.3289,1.3296,1116297.27,0.0,0.0,0
1h,1779883200.0,1.3296,1.3406,1.3248,1.3318,2053679.17,0.0,0.0,0
1h,1779886800.0,1.3318,1.3333,1.3186,1.3243,2072250.55,0.0,0.0,0
1h,1779890400.0,1.3243,1.3308,1.319,1.3303,1754022.8,0.0,0.0,0
1h,1779894000.0,1.3303,1.3436,1.33,1.3364,1306134.5,0.0,0.0,0
1h,1779897600.0,1.3364,1.3389,1.3281,1.3324,468485.67,0.0,0.0,0
1h,1779901200.0,1.3324,1.3326,1.3176,1.3207,1027564.7,0.0,0.0,0
1h,1779904800.0,1.3207,1.3273,1.3177,1.3267,408235.33,0.0,0.0,0
1h,1779908400.0,1.3267,1.3341,1.3267,1.3306,836050.93,0.0,0.0,0
1h,1779912000.0,1.3306,1.3348,1.3276,1.331,413350.37,0.0,0.0,0
1h,1779915600.0,1.331,1.3329,1.3115,1.3158,2655562.12,0.0,0.0,0
1h,1779919200.0,1.3158,1.3208,1.31,1.3108,1555743.16,0.0,0.0,0
1h,1779922800.0,1.3108,1.3124,1.3033,1.3076,1222212.5,0.0,0.0,0
1h,1779926400.0,1.3076,1.3112,1.3061,1.3096,572551.88,0.0,0.0,0
1h,1779930000.0,1.3096,1.3102,1.298,1.303,1469110.34,0.0,0.0,0
1h,1779933600.0,1.303,1.3058,1.3004,1.3012,980832.37,0.0,0.0,0
1h,1779937200.0,1.3012,1.3036,1.2752,1.279,6402450.3,0.0,0.0,0
1h,1779940800.0,1.279,1.2844,1.2676,1.2844,3957512.61,0.0,0.0,0
1h,1779944400.0,1.2844,1.2859,1.2778,1.2837,2437179.54,0.0,0.0,0
1h,1779948000.0,1.2837,1.2895,1.2805,1.2872,1850799.54,0.0,0.0,0
1h,1779951600.0,1.2872,1.2936,1.287,1.2934,870817.82,0.0,0.0,0
1h,1779955200.0,1.2934,1.2938,1.287,1.2888,440315.93,0.0,0.0,0
1h,1779958800.0,1.2888,1.2938,1.2874,1.2929,278396.82,0.0,0.0,0
1h,1779962400.0,1.2929,1.2962,1.2885,1.2885,1348168.41,0.0,0.0,0
1h,1779966000.0,1.2885,1.2906,1.2862,1.2877,911349.49,0.0,0.0,0
1h,1779969600.0,1.2877,1.2949,1.2839,1.2948,1047149.98,0.0,0.0,0
1h,1779973200.0,1.2948,1.2995,1.2896,1.2965,2712101.28,0.0,0.0,0
1h,1779976800.0,1.2965,1.3106,1.286,1.3018,4245855.98,0.0,0.0,0
1h,1779980400.0,1.3018,1.3153,1.2944,1.3125,1410539.38,0.0,0.0,0
1h,1779984000.0,1.3125,1.3294,1.3069,1.3239,3231283.63,0.0,0.0,0
1h,1779987600.0,1.3239,1.3299,1.3184,1.3261,1580365.65,0.0,0.0,0
1h,1779991200.0,1.3261,1.3384,1.3254,1.3344,2279314.63,0.0,0.0,0
1h,1779994800.0,1.3344,1.3345,1.3156,1.3161,718195.25,0.0,0.0,0
1h,1779998400.0,1.3161,1.325,1.3109,1.3204,1280372.12,0.0,0.0,0
1h,1780002000.0,1.3204,1.3236,1.3169,1.3202,406305.97,0.0,0.0,0
1h,1780005600.0,1.3202,1.3219,1.3124,1.3144,402431.7,0.0,0.0,0
1h,1780009200.0,1.3144,1.3185,1.3138,1.3156,252498.72,0.0,0.0,0
1h,1780012800.0,1.3156,1.3203,1.3145,1.3151,315979.07,0.0,0.0,0
1h,1780016400.0,1.3151,1.3174,1.3082,1.3104,560687.57,0.0,0.0,0
1h,1780020000.0,1.3104,1.3116,1.3039,1.3042,540115.4,0.0,0.0,0
1h,1780023600.0,1.3042,1.3148,1.3042,1.3122,446318.72,0.0,0.0,0
1h,1780027200.0,1.3122,1.3129,1.304,1.3107,751040.08,0.0,0.0,0
1h,1780030800.0,1.3107,1.3156,1.3088,1.3151,786053.36,0.0,0.0,0
1h,1780034400.0,1.3151,1.3211,1.3143,1.3162,619683.69,0.0,0.0,0
1h,1780038000.0,1.3162,1.3193,1.3101,1.3168,702654.21,0.0,0.0,0
1h,1780041600.0,1.3168,1.3236,1.3164,1.3212,1075562.72,0.0,0.0,0
1h,1780045200.0,1.3212,1.3275,1.3203,1.3236,1020972.05,0.0,0.0,0
1h,1780048800.0,1.3236,1.3237,1.3173,1.3187,715492.85,0.0,0.0,0
1h,1780052400.0,1.3187,1.3189,1.3072,1.3115,1669974.95,0.0,0.0,0
1h,1780056000.0,1.3115,1.3122,1.3027,1.3046,1597032.87,0.0,0.0,0
1h,1780059600.0,1.3046,1.3059,1.2977,1.3028,1892903.11,0.0,0.0,0
1h,1780063200.0,1.3028,1.3087,1.2946,1.3079,3291897.28,0.0,0.0,0
1h,1780066800.0,1.3079,1.3337,1.305,1.3227,3203214.33,0.0,0.0,0
1h,1780070400.0,1.3227,1.3316,1.3165,1.3272,2370372.42,0.0,0.0,0
1h,1780074000.0,1.3272,1.3331,1.3236,1.3254,1506253.3,0.0,0.0,0
1h,1780077600.0,1.3254,1.3302,1.3156,1.3188,979548.52,0.0,0.0,0
1h,1780081200.0,1.3188,1.3235,1.311,1.321,773044.79,0.0,0.0,0
1h,1780084800.0,1.321,1.3254,1.3203,1.3227,291738.56,0.0,0.0,0
1h,1780088400.0,1.3227,1.3268,1.3162,1.3162,595082.32,0.0,0.0,0
1h,1780092000.0,1.3162,1.3212,1.3145,1.3208,366265.9,0.0,0.0,0
1h,1780095600.0,1.3208,1.3313,1.3199,1.3298,535930.95,0.0,0.0,0
1h,1780099200.0,1.3298,1.3501,1.3281,1.3486,1462352.1,0.0,0.0,0
1h,1780102800.0,1.3486,1.3662,1.3442,1.3569,2875499.0,0.0,0.0,0
1h,1780106400.0,1.3569,1.3641,1.3547,1.3599,1800254.62,0.0,0.0,0
1h,1780110000.0,1.3599,1.3626,1.3502,1.3505,1214965.88,0.0,0.0,0
1h,1780113600.0,1.3505,1.353,1.3372,1.3439,1371747.33,0.0,0.0,0
1h,1780117200.0,1.3439,1.3509,1.3422,1.3489,1251176.47,0.0,0.0,0
1h,1780120800.0,1.3489,1.3495,1.3432,1.3453,791921.97,0.0,0.0,0
1h,1780124400.0,1.3453,1.346,1.3404,1.3428,305464.99,0.0,0.0,0
1h,1780128000.0,1.3428,1.3429,1.3406,1.3409,588009.53,0.0,0.0,0
1h,1780131600.0,1.3409,1.3458,1.34,1.3446,942953.71,0.0,0.0,0
1h,1780135200.0,1.3446,1.3449,1.3413,1.3425,250776.15,0.0,0.0,0
1h,1780138800.0,1.3425,1.3445,1.3371,1.3406,726833.65,0.0,0.0,0
1h,1780142400.0,1.3406,1.3427,1.3379,1.3399,468032.33,0.0,0.0,0
1h,1780146000.0,1.3399,1.3419,1.3376,1.3411,271679.83,0.0,0.0,0
1h,1780149600.0,1.3411,1.3473,1.3397,1.343,395388.62,0.0,0.0,0
1h,1780153200.0,1.343,1.3457,1.34,1.3424,334546.74,0.0,0.0,0
1h,1780156800.0,1.3424,1.3486,1.3414,1.3481,476893.76,0.0,0.0,0
1h,1780160400.0,1.3481,1.3532,1.3447,1.3527,714951.84,0.0,0.0,0
1h,1780164000.0,1.3527,1.3541,1.3488,1.352,464441.96,0.0,0.0,0
1h,1780167600.0,1.352,1.352,1.3457,1.3476,583826.45,0.0,0.0,0
1h,1780171200.0,1.3476,1.35,1.3467,1.348,228873.85,0.0,0.0,0
1h,1780174800.0,1.348,1.3521,1.347,1.3502,401695.73,0.0,0.0,0
1h,1780178400.0,1.3502,1.3502,1.3379,1.3426,770036.64,0.0,0.0,0
1h,1780182000.0,1.3426,1.3438,1.3385,1.341,256792.77,0.0,0.0,0
1h,1780185600.0,1.341,1.3419,1.3381,1.3403,385157.85,0.0,0.0,0
1h,1780189200.0,1.3403,1.3441,1.3403,1.3417,421789.38,0.0,0.0,0
1h,1780192800.0,1.3417,1.346,1.3361,1.342,575122.36,0.0,0.0,0
1h,1780196400.0,1.342,1.3456,1.3415,1.3448,253063.57,0.0,0.0,0
1h,1780200000.0,1.3448,1.3466,1.343,1.346,201255.46,0.0,0.0,0
1h,1780203600.0,1.346,1.3462,1.3427,1.3435,140528.37,0.0,0.0,0
1h,1780207200.0,1.3435,1.3435,1.3401,1.3401,233478.81,0.0,0.0,0
1h,1780210800.0,1.3401,1.3401,1.3331,1.3354,913359.15,0.0,0.0,0
1h,1780214400.0,1.3354,1.3398,1.3354,1.3388,499057.23,0.0,0.0,0
1h,1780218000.0,1.3388,1.3428,1.3367,1.3392,409857.83,0.0,0.0,0
1h,1780221600.0,1.3392,1.3396,1.3342,1.3372,358891.81,0.0,0.0,0
1h,1780225200.0,1.3372,1.3433,1.3371,1.3418,270369.84,0.0,0.0,0
1h,1780228800.0,1.3418,1.3437,1.3388,1.3424,315067.3,0.0,0.0,0
1h,1780232400.0,1.3424,1.3484,1.3416,1.3425,505636.25,0.0,0.0,0
1h,1780236000.0,1.3425,1.3441,1.3279,1.3303,2478917.55,0.0,0.0,0
1h,1780239600.0,1.3303,1.3349,1.329,1.3306,379150.33,0.0,0.0,0
1h,1780243200.0,1.3306,1.3326,1.3217,1.3278,2288850.97,0.0,0.0,0
1h,1780246800.0,1.3278,1.332,1.3275,1.3309,366067.78,0.0,0.0,0
1h,1780250400.0,1.3309,1.3311,1.3261,1.3275,245501.66,0.0,0.0,0
1h,1780254000.0,1.3275,1.3281,1.3208,1.3264,367113.84,0.0,0.0,0
1h,1780257600.0,1.3264,1.3313,1.3263,1.3309,307809.78,0.0,0.0,0
1h,1780261200.0,1.3309,1.335,1.3292,1.3346,416783.97,0.0,0.0,0
1h,1780264800.0,1.3346,1.3401,1.3314,1.337,945239.2,0.0,0.0,0
1h,1780268400.0,1.337,1.3425,1.3276,1.333,906090.48,0.0,0.0,0
1h,1780272000.0,1.333,1.3412,1.3308,1.3378,809594.58,0.0,0.0,0
1h,1780275600.0,1.3378,1.3389,1.3218,1.322,806789.44,0.0,0.0,0
1h,1780279200.0,1.322,1.3347,1.3193,1.331,1134272.59,0.0,0.0,0
1h,1780282800.0,1.331,1.3357,1.3296,1.3308,712430.35,0.0,0.0,0
1h,1780286400.0,1.3308,1.3332,1.3173,1.3223,815409.28,0.0,0.0,0
1h,1780290000.0,1.3223,1.3233,1.3156,1.3165,953034.32,0.0,0.0,0
1h,1780293600.0,1.3165,1.317,1.3097,1.3141,1318490.76,0.0,0.0,0
1h,1780297200.0,1.3141,1.3154,1.3031,1.3038,1288115.54,0.0,0.0,0
1h,1780300800.0,1.3038,1.3077,1.2989,1.303,1186649.22,0.0,0.0,0
1h,1780304400.0,1.303,1.3098,1.303,1.3046,669893.16,0.0,0.0,0
1h,1780308000.0,1.3046,1.3078,1.3017,1.3058,548404.68,0.0,0.0,0
1h,1780311600.0,1.3058,1.308,1.3011,1.3035,582559.16,0.0,0.0,0
1h,1780315200.0,1.3035,1.3064,1.2962,1.3027,1070665.76,0.0,0.0,0
1h,1780318800.0,1.3027,1.3033,1.2863,1.2906,4356753.45,0.0,0.0,0
1h,1780322400.0,1.2906,1.293,1.2821,1.2861,2085269.75,0.0,0.0,0
1h,1780326000.0,1.2861,1.2903,1.2799,1.2822,1899197.86,0.0,0.0,0
1h,1780329600.0,1.2822,1.2941,1.2797,1.294,1303596.42,0.0,0.0,0
1h,1780333200.0,1.294,1.3053,1.2934,1.3007,1950461.95,0.0,0.0,0
1h,1780336800.0,1.3007,1.3032,1.2952,1.2963,494192.34,0.0,0.0,0
1h,1780340400.0,1.2963,1.3013,1.2944,1.3001,331592.47,0.0,0.0,0
1h,1780344000.0,1.3001,1.3006,1.2958,1.299,836614.21,0.0,0.0,0
1h,1780347600.0,1.299,1.299,1.2913,1.2917,460190.09,0.0,0.0,0
1h,1780351200.0,1.2917,1.3012,1.2866,1.3004,1049869.85,0.0,0.0,0
1h,1780354800.0,1.3004,1.3016,1.2931,1.2972,680788.73,0.0,0.0,0
1h,1780358400.0,1.2972,1.2972,1.2884,1.2891,528900.45,0.0,0.0,0
1h,1780362000.0,1.2891,1.2907,1.2792,1.2797,1571173.29,0.0,0.0,0
1h,1780365600.0,1.2797,1.2857,1.2683,1.2844,2004198.82,0.0,0.0,0
1h,1780369200.0,1.2844,1.2891,1.2821,1.2881,775458.01,0.0,0.0,0
1h,1780372800.0,1.2881,1.2897,1.2798,1.2802,1242709.05,0.0,0.0,0
1h,1780376400.0,1.2802,1.2811,1.2665,1.2677,2317678.47,0.0,0.0,0
1h,1780380000.0,1.2677,1.2724,1.2628,1.2658,2370722.99,0.0,0.0,0
1h,1780383600.0,1.2658,1.272,1.2586,1.2682,1972247.16,0.0,0.0,0
1h,1780387200.0,1.2682,1.2694,1.2623,1.2647,1130937.04,0.0,0.0,0
1h,1780390800.0,1.2647,1.2652,1.2569,1.2598,1872037.32,0.0,0.0,0
1h,1780394400.0,1.2598,1.2681,1.2575,1.2673,597384.96,0.0,0.0,0
1h,1780398000.0,1.2673,1.2673,1.259,1.261,908611.32,0.0,0.0,0
1h,1780401600.0,1.261,1.266,1.2586,1.2637,1212441.06,0.0,0.0,0
1h,1780405200.0,1.2637,1.2687,1.2598,1.2618,1481426.83,0.0,0.0,0
1h,1780408800.0,1.2618,1.262,1.2275,1.2351,10077505.77,0.0,0.0,0
1h,1780412400.0,1.2351,1.2373,1.2168,1.2221,10889313.51,0.0,0.0,0
1h,1780416000.0,1.2221,1.2437,1.2195,1.2327,3743319.88,0.0,0.0,0
1h,1780419600.0,1.2327,1.2436,1.2316,1.2364,1627423.34,0.0,0.0,0
1h,1780423200.0,1.2364,1.2405,1.2179,1.224,2336500.33,0.0,0.0,0
1h,1780426800.0,1.224,1.2309,1.2061,1.2216,4899818.19,0.0,0.0,0
1h,1780430400.0,1.2216,1.2277,1.2129,1.2232,1936171.81,0.0,0.0,0
1h,1780434000.0,1.2232,1.2323,1.2197,1.2264,2328708.67,0.0,0.0,0
1h,1780437600.0,1.2264,1.2264,1.1945,1.2009,4842533.84,0.0,0.0,0
1h,1780441200.0,1.2009,1.2125,1.1971,1.2115,4699780.56,0.0,0.0,0
1h,1780444800.0,1.2115,1.2255,1.2115,1.2243,2784190.53,0.0,0.0,0
1h,1780448400.0,1.2243,1.2317,1.2183,1.2233,2553754.09,0.0,0.0,0
1h,1780452000.0,1.2233,1.2244,1.2174,1.2207,1794613.77,0.0,0.0,0
1h,1780455600.0,1.2207,1.2236,1.1897,1.1977,5742310.96,0.0,0.0,0
1h,1780459200.0,1.1977,1.219,1.1976,1.2185,3641307.15,0.0,0.0,0
1h,1780462800.0,1.2185,1.2348,1.2185,1.2325,3020846.9,0.0,0.0,0
1h,1780466400.0,1.2325,1.2465,1.2317,1.2388,2642999.42,0.0,0.0,0
1h,1780470000.0,1.2388,1.2492,1.2377,1.2431,1563941.96,0.0,0.0,0
1h,1780473600.0,1.2431,1.2456,1.2387,1.2428,1684833.96,0.0,0.0,0
1h,1780477200.0,1.2428,1.2453,1.2353,1.2383,2181235.86,0.0,0.0,0
1h,1780480800.0,1.2383,1.245,1.2379,1.242,1027692.59,0.0,0.0,0
1h,1780484400.0,1.242,1.245,1.2339,1.237,1328674.95,0.0,0.0,0
1h,1780488000.0,1.237,1.2378,1.2309,1.2356,1681237.45,0.0,0.0,0
1h,1780491600.0,1.2356,1.2381,1.2261,1.2309,2251242.74,0.0,0.0,0
1h,1780495200.0,1.2309,1.234,1.2219,1.2309,2447393.78,0.0,0.0,0
1h,1780498800.0,1.2309,1.232,1.221,1.2252,2257953.46,0.0,0.0,0
1h,1780502400.0,1.2252,1.2286,1.2089,1.2228,3588294.35,0.0,0.0,0
1h,1780506000.0,1.2228,1.2289,1.2135,1.2215,1657593.46,0.0,0.0,0
1h,1780509600.0,1.2215,1.2248,1.2131,1.2186,1209084.91,0.0,0.0,0
1h,1780513200.0,1.2186,1.2198,1.202,1.2041,2872458.68,0.0,0.0,0
1h,1780516800.0,1.2041,1.2082,1.1864,1.1939,5211492.48,0.0,0.0,0
1h,1780520400.0,1.1939,1.2205,1.1917,1.2183,2544587.6,0.0,0.0,0
1h,1780524000.0,1.2183,1.2204,1.2042,1.2062,1629267.58,0.0,0.0,0
1h,1780527600.0,1.2062,1.2074,1.1978,1.2012,1442417.29,0.0,0.0,0
1h,1780531200.0,1.2012,1.208,1.1867,1.1935,5600374.29,0.0,0.0,0
1h,1780534800.0,1.1935,1.1965,1.1562,1.1613,12263051.48,0.0,0.0,0
1h,1780538400.0,1.1613,1.1872,1.1413,1.1816,11077330.69,0.0,0.0,0
1h,1780542000.0,1.1816,1.2115,1.1815,1.2093,6808558.84,0.0,0.0,0
1h,1780545600.0,1.2093,1.2133,1.2004,1.2018,4003110.52,0.0,0.0,0
1h,1780549200.0,1.2018,1.2018,1.1842,1.188,3703278.58,0.0,0.0,0
1h,1780552800.0,1.188,1.2003,1.1865,1.1892,2266967.57,0.0,0.0,0
1h,1780556400.0,1.1892,1.1903,1.1675,1.168,4124758.45,0.0,0.0,0
1h,1780560000.0,1.168,1.1724,1.1611,1.1678,3891559.34,0.0,0.0,0
1h,1780563600.0,1.1678,1.1683,1.1451,1.1623,5588519.64,0.0,0.0,0
1h,1780567200.0,1.1623,1.1626,1.1434,1.1484,5601901.88,0.0,0.0,0
1h,1780570800.0,1.1484,1.1588,1.1416,1.1559,4584116.65,0.0,0.0,0
1h,1780574400.0,1.1559,1.1825,1.1504,1.18,5999248.84,0.0,0.0,0
1h,1780578000.0,1.18,1.1834,1.163,1.1795,5528649.1,0.0,0.0,0
1h,1780581600.0,1.1795,1.183,1.168,1.173,3096413.17,0.0,0.0,0
1h,1780585200.0,1.173,1.1827,1.166,1.1688,2664124.44,0.0,0.0,0
1h,1780588800.0,1.1688,1.1737,1.1609,1.1702,2130527.19,0.0,0.0,0
1h,1780592400.0,1.1702,1.1756,1.1597,1.1697,2783741.73,0.0,0.0,0
1h,1780596000.0,1.1697,1.1833,1.1632,1.1795,2568059.21,0.0,0.0,0
1h,1780599600.0,1.1795,1.1849,1.173,1.1752,1789618.44,0.0,0.0,0
1h,1780603200.0,1.1752,1.1779,1.1667,1.176,1344220.7,0.0,0.0,0
1h,1780606800.0,1.176,1.179,1.1561,1.1589,2068088.79,0.0,0.0,0
1h,1780610400.0,1.1589,1.1703,1.1546,1.1695,3578006.92,0.0,0.0,0
1h,1780614000.0,1.1695,1.1723,1.1585,1.1687,1603517.12,0.0,0.0,0
1h,1780617600.0,1.1687,1.1749,1.1608,1.1615,2103753.02,0.0,0.0,0
1h,1780621200.0,1.1615,1.162,1.1511,1.1579,3147541.84,0.0,0.0,0
1h,1780624800.0,1.1579,1.1582,1.1349,1.1352,3761692.33,0.0,0.0,0
1h,1780628400.0,1.1352,1.1478,1.133,1.1347,3817670.83,0.0,0.0,0
1h,1780632000.0,1.1347,1.1491,1.1307,1.1477,7131142.26,0.0,0.0,0
1h,1780635600.0,1.1477,1.149,1.1202,1.1206,6001270.41,0.0,0.0,0
1h,1780639200.0,1.1206,1.1266,1.0917,1.1189,16623426.33,0.0,0.0,0
1h,1780642800.0,1.1189,1.1385,1.105,1.1362,9067802.94,0.0,0.0,0
1h,1780646400.0,1.1362,1.1364,1.1169,1.1194,3135619.81,0.0,0.0,0
1h,1780650000.0,1.1194,1.1463,1.119,1.1403,6325934.3,0.0,0.0,0
1h,1780653600.0,1.1403,1.147,1.1309,1.1364,3361913.77,0.0,0.0,0
1h,1780657200.0,1.1364,1.1364,1.1184,1.1191,5083710.14,0.0,0.0,0
1h,1780660800.0,1.1191,1.1261,1.1101,1.1198,6305921.24,0.0,0.0,0
1h,1780664400.0,1.1198,1.1379,1.1014,1.1025,10119766.75,0.0,0.0,0
1h,1780668000.0,1.1025,1.1185,1.0976,1.1069,11197675.8,0.0,0.0,0
1h,1780671600.0,1.1069,1.1098,1.0924,1.1001,12609670.19,0.0,0.0,0
1h,1780675200.0,1.1001,1.1238,1.0846,1.1205,16728111.8,0.0,0.0,0
1h,1780678800.0,1.1205,1.1223,1.1002,1.109,5200853.58,0.0,0.0,0
1h,1780682400.0,1.109,1.1138,1.0807,1.0836,7595923.94,0.0,0.0,0
1h,1780686000.0,1.0836,1.1045,1.0695,1.0992,9316840.88,0.0,0.0,0
1h,1780689600.0,1.0992,1.1184,1.0858,1.1156,5855268.02,0.0,0.0,0
1h,1780693200.0,1.1156,1.1203,1.1114,1.1117,3229337.14,0.0,0.0,0
1h,1780696800.0,1.1117,1.1117,1.0976,1.1059,3870036.22,0.0,0.0,0
1h,1780700400.0,1.1059,1.1167,1.0873,1.0978,5401586.99,0.0,0.0,0
1h,1780704000.0,1.0978,1.1132,1.0977,1.111,2715216.37,0.0,0.0,0
1h,1780707600.0,1.111,1.1144,1.1002,1.1014,1756253.45,0.0,0.0,0
1h,1780711200.0,1.1014,1.1033,1.0918,1.0962,2046635.61,0.0,0.0,0
1h,1780714800.0,1.0962,1.0962,1.0839,1.0858,3264063.93,0.0,0.0,0
1h,1780718400.0,1.0858,1.0907,1.0517,1.0579,9733909.36,0.0,0.0,0
1h,1780722000.0,1.0579,1.0912,1.05,1.0896,8423452.22,0.0,0.0,0
1h,1780725600.0,1.0896,1.101,1.0807,1.0828,7091809.34,0.0,0.0,0
1h,1780729200.0,1.0828,1.0984,1.0814,1.0922,3959117.51,0.0,0.0,0
1h,1780732800.0,1.0922,1.1042,1.0898,1.0989,2891211.45,0.0,0.0,0
1h,1780736400.0,1.0989,1.1032,1.0882,1.0914,2492143.93,0.0,0.0,0
1h,1780740000.0,1.0914,1.0916,1.0724,1.0804,4994277.34,0.0,0.0,0
1h,1780743600.0,1.0804,1.0894,1.0796,1.0874,1869432.39,0.0,0.0,0
1h,1780747200.0,1.0874,1.0987,1.0806,1.0956,3068286.49,0.0,0.0,0
1h,1780750800.0,1.0956,1.1026,1.0919,1.0982,2339523.87,0.0,0.0,0
1h,1780754400.0,1.0982,1.1099,1.0976,1.1033,3036847.34,0.0,0.0,0
1h,1780758000.0,1.1033,1.104,1.0862,1.096,3999221.12,0.0,0.0,0
1h,1780761600.0,1.096,1.1018,1.0875,1.0954,3761364.25,0.0,0.0,0
1h,1780765200.0,1.0954,1.0978,1.08,1.0827,3826847.35,0.0,0.0,0
1h,1780768800.0,1.0827,1.088,1.079,1.0848,2220572.88,0.0,0.0,0
1h,1780772400.0,1.0848,1.0899,1.0806,1.0808,1421302.89,0.0,0.0,0
1h,1780776000.0,1.0808,1.0859,1.0778,1.0847,1895445.07,0.0,0.0,0
1h,1780779600.0,1.0847,1.0938,1.0847,1.0879,1591680.24,0.0,0.0,0
1h,1780783200.0,1.0879,1.0897,1.0813,1.0862,1203962.04,0.0,0.0,0
1h,1780786800.0,1.0862,1.0953,1.0859,1.0936,908641.35,0.0,0.0,0
1h,1780790400.0,1.0936,1.0975,1.0891,1.0891,908359.74,0.0,0.0,0
1h,1780794000.0,1.0891,1.1202,1.0885,1.1162,4024268.51,0.0,0.0,0
1h,1780797600.0,1.1162,1.1238,1.1068,1.1192,2288861.57,0.0,0.0,0
1h,1780801200.0,1.1192,1.1248,1.1149,1.1186,1753985.92,0.0,0.0,0
1h,1780804800.0,1.1186,1.1223,1.1103,1.1214,1633544.58,0.0,0.0,0
1h,1780808400.0,1.1214,1.1266,1.119,1.1199,2527813.39,0.0,0.0,0
1h,1780812000.0,1.1199,1.1295,1.1161,1.1257,2403311.33,0.0,0.0,0
1h,1780815600.0,1.1257,1.1374,1.1228,1.1371,2740574.44,0.0,0.0,0
1h,1780819200.0,1.1371,1.1571,1.1303,1.1558,6475199.7,0.0,0.0,0
1h,1780822800.0,1.1558,1.1703,1.1455,1.1465,7660052.08,0.0,0.0,0
1h,1780826400.0,1.1465,1.1474,1.1326,1.1355,2477831.17,0.0,0.0,0
1h,1780830000.0,1.1355,1.1409,1.1329,1.1401,1405835.03,0.0,0.0,0
1h,1780833600.0,1.1401,1.1407,1.1181,1.1239,6175470.77,0.0,0.0,0
1h,1780837200.0,1.1239,1.125,1.1206,1.1225,1499527.76,0.0,0.0,0
1h,1780840800.0,1.1225,1.1373,1.1223,1.1333,2007838.98,0.0,0.0,0
1h,1780844400.0,1.1333,1.137,1.1285,1.134,1275711.75,0.0,0.0,0
