timeframe,open_time,open,high,low,close,volume,buy_volume,sell_volume,tick_count
15m,1770481800.0,1.4183,1.428,1.413,1.422,310496.98,0.0,0.0,0
15m,1770482700.0,1.422,1.4242,1.4148,1.4189,368801.7,0.0,0.0,0
15m,1770483600.0,1.4189,1.4223,1.4096,1.4138,277573.64,0.0,0.0,0
15m,1770484500.0,1.4138,1.4263,1.4103,1.4249,502851.64,0.0,0.0,0
15m,1770485400.0,1.4249,1.4302,1.419,1.4232,486722.27,0.0,0.0,0
15m,1770486300.0,1.4232,1.4252,1.4203,1.4245,168228.89,0.0,0.0,0
15m,1770487200.0,1.4245,1.4295,1.424,1.4255,171985.51,0.0,0.0,0
15m,1770488100.0,1.4255,1.4384,1.4255,1.4382,368894.17,0.0,0.0,0
15m,1770489000.0,1.4382,1.4475,1.4355,1.4429,786197.5,0.0,0.0,0
15m,1770489900.0,1.4429,1.4487,1.4396,1.4409,488156.4,0.0,0.0,0
15m,1770490800.0,1.4409,1.4409,1.4319,1.4349,369514.55,0.0,0.0,0
15m,1770491700.0,1.4349,1.44,1.4319,1.4378,159166.57,0.0,0.0,0
15m,1770492600.0,1.4378,1.4378,1.4287,1.4312,187850.59,0.0,0.0,0
15m,1770493500.0,1.4312,1.434,1.4286,1.4308,160368.61,0.0,0.0,0
15m,1770494400.0,1.4308,1.435,1.4293,1.4317,142853.93,0.0,0.0,0
15m,1770495300.0,1.4317,1.435,1.4273,1.434,108620.9,0.0,0.0,0
15m,1770496200.0,1.434,1.4399,1.4313,1.4361,160931.29,0.0,0.0,0
15m,1770497100.0,1.4361,1.4416,1.4325,1.4368,416106.09,0.0,0.0,0
15m,1770498000.0,1.4368,1.439,1.4311,1.4349,144514.59,0.0,0.0,0
15m,1770498900.0,1.4349,1.4378,1.4318,1.4343,171184.57,0.0,0.0,0
15m,1770499800.0,1.4343,1.4372,1.432,1.432,132734.58,0.0,0.0,0
15m,1770500700.0,1.432,1.432,1.4275,1.4291,217342.13,0.0,0.0,0
15m,1770501600.0,1.4291,1.4332,1.4243,1.4285,146444.68,0.0,0.0,0
15m,1770502500.0,1.4285,1.4294,1.4225,1.429,174013.09,0.0,0.0,0
15m,1770503400.0,1.429,1.431,1.4265,1.4288,97345.74,0.0,0.0,0
15m,1770504300.0,1.4288,1.4288,1.4201,1.4227,313657.48,0.0,0.0,0
15m,1770505200.0,1.4227,1.4246,1.4124,1.4198,392681.01,0.0,0.0,0
15m,1770506100.0,1.4198,1.4222,1.4141,1.4211,149023.61,0.0,0.0,0
15m,1770507000.0,1.4211,1.4257,1.4198,1.4239,183744.38,0.0,0.0,0
15m,1770507900.0,1.4239,1.4278,1.4225,1.423,118287.2,0.0,0.0,0
15m,1770508800.0,1.423,1.4287,1.4208,1.4266,211949.48,0.0,0.0,0
15m,1770509700.0,1.4266,1.4269,1.4154,1.4189,221158.21,0.0,0.0,0
15m,1770510600.0,1.4189,1.4229,1.4147,1.4171,90124.99,0.0,0.0,0
15m,1770511500.0,1.4171,1.4221,1.4147,1.4205,238662.83,0.0,0.0,0
15m,1770512400.0,1.4205,1.4336,1.4197,1.433,296562.02,0.0,0.0,0
15m,1770513300.0,1.433,1.433,1.4264,1.4284,176537.75,0.0,0.0,0
15m,1770514200.0,1.4284,1.4379,1.4268,1.4327,199369.35,0.0,0.0,0
15m,1770515100.0,1.4327,1.4361,1.4289,1.4323,219345.16,0.0,0.0,0
15m,1770516000.0,1.4323,1.4398,1.4301,1.4365,199649.82,0.0,0.0,0
15m,1770516900.0,1.4365,1.4417,1.4326,1.4348,323819.33,0.0,0.0,0
15m,1770517800.0,1.4348,1.4374,1.4253,1.4273,239947.18,0.0,0.0,0
15m,1770518700.0,1.4273,1.4302,1.4243,1.4299,201171.47,0.0,0.0,0
15m,1770519600.0,1.4299,1.433,1.4247,1.4281,228429.6,0.0,0.0,0
15m,1770520500.0,1.4281,1.4308,1.4252,1.4258,140565.83,0.0,0.0,0
15m,1770521400.0,1.4258,1.4287,1.4204,1.4213,204701.59,0.0,0.0,0
15m,1770522300.0,1.4213,1.4224,1.4137,1.4167,199680.72,0.0,0.0,0
15m,1770523200.0,1.4167,1.42,1.413,1.4143,161440.01,0.0,0.0,0
15m,1770524100.0,1.4143,1.4212,1.4098,1.4202,348037.67,0.0,0.0,0
15m,1770525000.0,1.4202,1.4217,1.4151,1.4192,127248.65,0.0,0.0,0
15m,1770525900.0,1.4192,1.4237,1.4174,1.4231,70062.32,0.0,0.0,0
15m,1770526800.0,1.4231,1.426,1.4211,1.4251,163575.8,0.0,0.0,0
15m,1770527700.0,1.4251,1.4259,1.4217,1.4229,58205.39,0.0,0.0,0
15m,1770528600.0,1.4229,1.4229,1.418,1.4182,108583.61,0.0,0.0,0
15m,1770529500.0,1.4182,1.4194,1.4162,1.4184,290380.94,0.0,0.0,0
15m,1770530400.0,1.4184,1.4196,1.414,1.4193,165205.21,0.0,0.0,0
15m,1770531300.0,1.4193,1.4222,1.4174,1.4197,132608.33,0.0,0.0,0
15m,1770532200.0,1.4197,1.4199,1.4143,1.4159,81685.71,0.0,0.0,0
15m,1770533100.0,1.4159,1.4181,1.4142,1.4163,115151.27,0.0,0.0,0
15m,1770534000.0,1.4163,1.4194,1.4135,1.4184,204449.04,0.0,0.0,0
15m,1770534900.0,1.4184,1.4201,1.4121,1.4175,200134.08,0.0,0.0,0
15m,1770535800.0,1.4175,1.4208,1.4142,1.4169,181257.45,0.0,0.0,0
15m,1770536700.0,1.4169,1.4214,1.416,1.4211,286618.92,0.0,0.0,0
15m,1770537600.0,1.4211,1.4297,1.4195,1.4232,420673.22,0.0,0.0,0
15m,1770538500.0,1.4232,1.4403,1.4195,1.4374,548726.83,0.0,0.0,0
15m,1770539400.0,1.4374,1.4632,1.4342,1.4438,1481214.57,0.0,0.0,0
15m,1770540300.0,1.4438,1.4552,1.4425,1.4539,739978.08,0.0,0.0,0
15m,1770541200.0,1.4539,1.4557,1.4441,1.4463,487197.15,0.0,0.0,0
15m,1770542100.0,1.4463,1.4508,1.4435,1.4496,182453.95,0.0,0.0,0
15m,1770543000.0,1.4496,1.4588,1.4371,1.4372,718843.89,0.0,0.0,0
15m,1770543900.0,1.4372,1.4421,1.4336,1.4381,242409.62,0.0,0.0,0
15m,1770544800.0,1.4381,1.4461,1.4381,1.442,238962.72,0.0,0.0,0
15m,1770545700.0,1.442,1.4452,1.4256,1.43,504815.84,0.0,0.0,0
15m,1770546600.0,1.43,1.4361,1.4287,1.4331,191072.05,0.0,0.0,0
15m,1770547500.0,1.4331,1.4355,1.4299,1.4312,93617.95,0.0,0.0,0
15m,1770548400.0,1.4312,1.4427,1.4306,1.4424,141513.94,0.0,0.0,0
15m,1770549300.0,1.4424,1.4478,1.4377,1.4395,310540.15,0.0,0.0,0
15m,1770550200.0,1.4395,1.4502,1.4382,1.4446,489673.42,0.0,0.0,0
15m,1770551100.0,1.4446,1.4529,1.4427,1.4529,519189.54,0.0,0.0,0
15m,1770552000.0,1.4529,1.4541,1.444,1.4463,1020865.28,0.0,0.0,0
15m,1770552900.0,1.4463,1.4529,1.4438,1.4524,386812.52,0.0,0.0,0
15m,1770553800.0,1.4524,1.4524,1.4429,1.445,282030.0,0.0,0.0,0
15m,1770554700.0,1.445,1.4567,1.4439,1.4557,406407.76,0.0,0.0,0
15m,1770555600.0,1.4557,1.46,1.4496,1.4516,1041929.03,0.0,0.0,0
15m,1770556500.0,1.4516,1.4693,1.4506,1.4642,632039.68,0.0,0.0,0
15m,1770557400.0,1.4642,1.4649,1.4573,1.459,585704.93,0.0,0.0,0
15m,1770558300.0,1.459,1.4644,1.4583,1.462,335361.11,0.0,0.0,0
15m,1770559200.0,1.462,1.4682,1.4607,1.4637,314208.49,0.0,0.0,0
15m,1770560100.0,1.4637,1.4656,1.4577,1.4588,298163.84,0.0,0.0,0
15m,1770561000.0,1.4588,1.4679,1.4588,1.4624,243790.3,0.0,0.0,0
15m,1770561900.0,1.4624,1.4653,1.4598,1.4617,195268.84,0.0,0.0,0
15m,1770562800.0,1.4617,1.4638,1.453,1.4551,215763.07,0.0,0.0,0
15m,1770563700.0,1.4551,1.4552,1.4342,1.4364,657248.23,0.0,0.0,0
15m,1770564600.0,1.4364,1.4431,1.4352,1.4399,543879.69,0.0,0.0,0
15m,1770565500.0,1.4399,1.4411,1.4303,1.4403,734484.45,0.0,0.0,0
15m,1770566400.0,1.4403,1.443,1.4364,1.4391,1059689.59,0.0,0.0,0
15m,1770567300.0,1.4391,1.4459,1.4391,1.442,546775.98,0.0,0.0,0
15m,1770568200.0,1.442,1.442,1.4224,1.4245,873535.23,0.0,0.0,0
15m,1770569100.0,1.4245,1.425,1.4101,1.4186,1756660.3,0.0,0.0,0
15m,1770570000.0,1.4186,1.4288,1.4179,1.4262,419263.88,0.0,0.0,0
15m,1770570900.0,1.4262,1.4348,1.4237,1.4265,324277.24,0.0,0.0,0
15m,1770571800.0,1.4265,1.4358,1.4265,1.4329,291596.28,0.0,0.0,0
15m,1770572700.0,1.4329,1.4333,1.4282,1.431,156437.29,0.0,0.0,0
15m,1770573600.0,1.431,1.4381,1.4309,1.4325,246884.52,0.0,0.0,0
15m,1770574500.0,1.4325,1.4342,1.4295,1.4311,180757.87,0.0,0.0,0
15m,1770575400.0,1.4311,1.4528,1.4311,1.4453,606344.18,0.0,0.0,0
15m,1770576300.0,1.4453,1.4488,1.4393,1.4393,354566.21,0.0,0.0,0
15m,1770577200.0,1.4393,1.4444,1.4387,1.4424,183264.71,0.0,0.0,0
15m,1770578100.0,1.4424,1.4486,1.4419,1.4463,233267.91,0.0,0.0,0
15m,1770579000.0,1.4463,1.449,1.4429,1.449,258855.73,0.0,0.0,0
15m,1770579900.0,1.449,1.4513,1.444,1.4501,368018.23,0.0,0.0,0
15m,1770580800.0,1.4501,1.4501,1.4368,1.44,235329.65,0.0,0.0,0
15m,1770581700.0,1.44,1.4452,1.4389,1.4423,136738.05,0.0,0.0,0
15m,1770582600.0,1.4423,1.4438,1.4397,1.4408,94773.14,0.0,0.0,0
15m,1770583500.0,1.4408,1.442,1.434,1.4372,291439.26,0.0,0.0,0
15m,1770584400.0,1.4372,1.4405,1.4344,1.4397,168336.52,0.0,0.0,0
15m,1770585300.0,1.4397,1.441,1.4365,1.4377,122949.15,0.0,0.0,0
15m,1770586200.0,1.4377,1.438,1.4242,1.4269,370747.13,0.0,0.0,0
15m,1770587100.0,1.4269,1.4323,1.4247,1.4277,269392.59,0.0,0.0,0
15m,1770588000.0,1.4277,1.4315,1.4258,1.4304,324173.58,0.0,0.0,0
15m,1770588900.0,1.4304,1.4352,1.4293,1.4313,412775.84,0.0,0.0,0
15m,1770589800.0,1.4313,1.4318,1.4248,1.4299,257907.63,0.0,0.0,0
15m,1770590700.0,1.4299,1.4369,1.4298,1.4351,437692.37,0.0,0.0,0
15m,1770591600.0,1.4351,1.4629,1.4339,1.4463,1455556.98,0.0,0.0,0
15m,1770592500.0,1.4463,1.4511,1.4241,1.4266,942237.53,0.0,0.0,0
15m,1770593400.0,1.4266,1.4343,1.4223,1.433,1050649.19,0.0,0.0,0
15m,1770594300.0,1.433,1.441,1.4293,1.4309,535765.56,0.0,0.0,0
15m,1770595200.0,1.4309,1.4371,1.4286,1.437,255257.76,0.0,0.0,0
15m,1770596100.0,1.437,1.4417,1.4307,1.4314,299451.9,0.0,0.0,0
15m,1770597000.0,1.4314,1.4343,1.425,1.4278,349174.52,0.0,0.0,0
15m,1770597900.0,1.4278,1.4341,1.4248,1.4332,155851.78,0.0,0.0,0
15m,1770598800.0,1.4332,1.435,1.4261,1.4282,167065.35,0.0,0.0,0
15m,1770599700.0,1.4282,1.4449,1.4258,1.437,519463.55,0.0,0.0,0
15m,1770600600.0,1.437,1.438,1.4199,1.423,530089.6,0.0,0.0,0
15m,1770601500.0,1.423,1.4281,1.4194,1.4243,938155.65,0.0,0.0,0
15m,1770602400.0,1.4243,1.4335,1.4205,1.4279,414155.8,0.0,0.0,0
15m,1770603300.0,1.4279,1.4304,1.4265,1.43,182145.9,0.0,0.0,0
15m,1770604200.0,1.43,1.4545,1.4294,1.4462,781940.97,0.0,0.0,0
15m,1770605100.0,1.4462,1.4482,1.4415,1.4418,394052.16,0.0,0.0,0
15m,1770606000.0,1.4418,1.4462,1.4405,1.4414,140787.89,0.0,0.0,0
15m,1770606900.0,1.4414,1.4478,1.4414,1.4457,975689.05,0.0,0.0,0
15m,1770607800.0,1.4457,1.4543,1.4456,1.4508,610613.47,0.0,0.0,0
15m,1770608700.0,1.4508,1.4542,1.4483,1.452,345746.12,0.0,0.0,0
15m,1770609600.0,1.452,1.4527,1.4457,1.4464,315345.69,0.0,0.0,0
15m,1770610500.0,1.4464,1.4526,1.4453,1.4511,256489.84,0.0,0.0,0
15m,1770611400.0,1.4511,1.4511,1.4436,1.4459,201205.32,0.0,0.0,0
15m,1770612300.0,1.4459,1.4494,1.4443,1.448,110747.12,0.0,0.0,0
15m,1770613200.0,1.448,1.4481,1.4412,1.4417,172370.25,0.0,0.0,0
15m,1770614100.0,1.4417,1.4479,1.4412,1.4472,116103.72,0.0,0.0,0
15m,1770615000.0,1.4472,1.4552,1.4468,1.4491,335195.15,0.0,0.0,0
15m,1770615900.0,1.4491,1.4522,1.4472,1.4509,801515.29,0.0,0.0,0
15m,1770616800.0,1.4509,1.4509,1.4397,1.4428,585129.74,0.0,0.0,0
15m,1770617700.0,1.4428,1.4429,1.4286,1.4304,1519093.37,0.0,0.0,0
15m,1770618600.0,1.4304,1.4357,1.4279,1.4315,349688.86,0.0,0.0,0
15m,1770619500.0,1.4315,1.4369,1.4309,1.4359,183792.46,0.0,0.0,0
15m,1770620400.0,1.4359,1.4398,1.432,1.4382,208730.41,0.0,0.0,0
15m,1770621300.0,1.4382,1.4386,1.432,1.4339,210065.76,0.0,0.0,0
15m,1770622200.0,1.4339,1.4345,1.4251,1.4253,846279.77,0.0,0.0,0
15m,1770623100.0,1.4253,1.4269,1.4216,1.4257,625820.26,0.0,0.0,0
15m,1770624000.0,1.4257,1.4301,1.4222,1.4276,446727.52,0.0,0.0,0
15m,1770624900.0,1.4276,1.4282,1.4136,1.4145,1264039.31,0.0,0.0,0
15m,1770625800.0,1.4145,1.4152,1.4016,1.4095,1459332.15,0.0,0.0,0
15m,1770626700.0,1.4095,1.4112,1.406,1.4073,376638.53,0.0,0.0,0
15m,1770627600.0,1.4073,1.4125,1.4071,1.4078,465379.83,0.0,0.0,0
15m,1770628500.0,1.4078,1.4087,1.4011,1.4032,527037.2,0.0,0.0,0
15m,1770629400.0,1.4032,1.4048,1.3939,1.3972,745227.32,0.0,0.0,0
15m,1770630300.0,1.3972,1.4019,1.3957,1.3992,442378.71,0.0,0.0,0
15m,1770631200.0,1.3992,1.4066,1.3969,1.402,548720.25,0.0,0.0,0
15m,1770632100.0,1.402,1.4031,1.3859,1.3868,1258894.38,0.0,0.0,0
15m,1770633000.0,1.3868,1.3876,1.3726,1.3767,1164012.14,0.0,0.0,0
15m,1770633900.0,1.3767,1.3843,1.375,1.383,807853.27,0.0,0.0,0
15m,1770634800.0,1.383,1.3952,1.383,1.3853,748077.51,0.0,0.0,0
15m,1770635700.0,1.3853,1.3959,1.3831,1.394,485414.57,0.0,0.0,0
15m,1770636600.0,1.394,1.3971,1.3913,1.3929,550780.29,0.0,0.0,0
15m,1770637500.0,1.3929,1.3936,1.3878,1.3933,308792.84,0.0,0.0,0
15m,1770638400.0,1.3933,1.4089,1.3931,1.4065,929285.88,0.0,0.0,0
15m,1770639300.0,1.4065,1.4067,1.402,1.4041,529512.56,0.0,0.0,0
15m,1770640200.0,1.4041,1.4147,1.4004,1.4104,501567.78,0.0,0.0,0
15m,1770641100.0,1.4104,1.4109,1.4054,1.4084,374748.39,0.0,0.0,0
15m,1770642000.0,1.4084,1.4124,1.4045,1.4097,412583.85,0.0,0.0,0
15m,1770642900.0,1.4097,1.41,1.4038,1.4061,308488.28,0.0,0.0,0
15m,1770643800.0,1.4061,1.4065,1.4002,1.4011,408879.59,0.0,0.0,0
15m,1770644700.0,1.4011,1.4031,1.3953,1.3957,759570.93,0.0,0.0,0
15m,1770645600.0,1.3957,1.4043,1.3952,1.4025,836077.9,0.0,0.0,0
15m,1770646500.0,1.4025,1.4096,1.3966,1.4071,1453530.37,0.0,0.0,0
15m,1770647400.0,1.4071,1.4377,1.4014,1.4266,2051036.65,0.0,0.0,0
15m,1770648300.0,1.4266,1.4383,1.4254,1.4307,1011842.59,0.0,0.0,0
15m,1770649200.0,1.4307,1.4448,1.4294,1.4322,1006833.09,0.0,0.0,0
15m,1770650100.0,1.4322,1.4351,1.4206,1.4247,814424.1,0.0,0.0,0
15m,1770651000.0,1.4247,1.4497,1.4247,1.4453,916843.9,0.0,0.0,0
15m,1770651900.0,1.4453,1.4493,1.4377,1.4462,799541.54,0.0,0.0,0
15m,1770652800.0,1.4462,1.4497,1.4363,1.4385,489089.92,0.0,0.0,0
15m,1770653700.0,1.4385,1.4489,1.4363,1.4478,599571.82,0.0,0.0,0
15m,1770654600.0,1.4478,1.454,1.4419,1.4524,807002.39,0.0,0.0,0
15m,1770655500.0,1.4524,1.4643,1.4501,1.4515,1042758.85,0.0,0.0,0
15m,1770656400.0,1.4515,1.454,1.4339,1.436,676719.3,0.0,0.0,0
15m,1770657300.0,1.436,1.4409,1.4336,1.4383,641267.85,0.0,0.0,0
15m,1770658200.0,1.4383,1.4563,1.4377,1.4532,1196586.61,0.0,0.0,0
15m,1770659100.0,1.4532,1.4554,1.4454,1.4505,677053.66,0.0,0.0,0
15m,1770660000.0,1.4505,1.4592,1.4436,1.4451,519107.26,0.0,0.0,0
15m,1770660900.0,1.4451,1.4467,1.437,1.442,698386.19,0.0,0.0,0
15m,1770661800.0,1.442,1.4459,1.439,1.4433,311331.7,0.0,0.0,0
15m,1770662700.0,1.4433,1.4474,1.4382,1.4435,205352.7,0.0,0.0,0
15m,1770663600.0,1.4435,1.4491,1.4415,1.4456,251164.13,0.0,0.0,0
15m,1770664500.0,1.4456,1.4478,1.4428,1.4463,199416.08,0.0,0.0,0
15m,1770665400.0,1.4463,1.4523,1.4453,1.4496,553481.09,0.0,0.0,0
15m,1770666300.0,1.4496,1.4557,1.4492,1.453,458644.44,0.0,0.0,0
15m,1770667200.0,1.453,1.4575,1.4497,1.4512,269388.64,0.0,0.0,0
15m,1770668100.0,1.4512,1.4521,1.4441,1.446,169068.89,0.0,0.0,0
15m,1770669000.0,1.446,1.4534,1.445,1.4527,206057.02,0.0,0.0,0
15m,1770669900.0,1.4527,1.4568,1.4507,1.4545,330906.54,0.0,0.0,0
15m,1770670800.0,1.4545,1.4587,1.4478,1.448,266420.81,0.0,0.0,0
15m,1770671700.0,1.448,1.4559,1.4447,1.4519,277053.16,0.0,0.0,0
15m,1770672600.0,1.4519,1.4523,1.44,1.4436,384218.47,0.0,0.0,0
15m,1770673500.0,1.4436,1.4574,1.4391,1.4511,419740.2,0.0,0.0,0
15m,1770674400.0,1.4511,1.4523,1.4474,1.451,314712.7,0.0,0.0,0
15m,1770675300.0,1.451,1.451,1.4455,1.4482,268330.38,0.0,0.0,0
15m,1770676200.0,1.4482,1.4499,1.4456,1.447,119664.08,0.0,0.0,0
15m,1770677100.0,1.447,1.4491,1.4432,1.4444,267989.4,0.0,0.0,0
15m,1770678000.0,1.4444,1.4489,1.4413,1.4437,190928.3,0.0,0.0,0
15m,1770678900.0,1.4437,1.4446,1.4394,1.4406,237130.67,0.0,0.0,0
15m,1770679800.0,1.4406,1.4438,1.4399,1.442,175914.68,0.0,0.0,0
15m,1770680700.0,1.442,1.442,1.435,1.4368,342836.71,0.0,0.0,0
15m,1770681600.0,1.4368,1.4415,1.4358,1.4415,456877.62,0.0,0.0,0
15m,1770682500.0,1.4415,1.4418,1.4364,1.4385,207360.75,0.0,0.0,0
15m,1770683400.0,1.4385,1.4418,1.436,1.4386,182126.0,0.0,0.0,0
15m,1770684300.0,1.4386,1.4395,1.4338,1.4369,230839.01,0.0,0.0,0
15m,1770685200.0,1.4369,1.4469,1.4364,1.4457,263045.53,0.0,0.0,0
15m,1770686100.0,1.4457,1.4531,1.4436,1.4506,564253.26,0.0,0.0,0
15m,1770687000.0,1.4506,1.4517,1.4461,1.4487,186402.89,0.0,0.0,0
15m,1770687900.0,1.4487,1.4503,1.4457,1.4481,109072.68,0.0,0.0,0
15m,1770688800.0,1.4481,1.4485,1.4438,1.4461,141380.42,0.0,0.0,0
15m,1770689700.0,1.4461,1.4495,1.4444,1.4444,124305.83,0.0,0.0,0
15m,1770690600.0,1.4444,1.4479,1.444,1.4444,166571.31,0.0,0.0,0
15m,1770691500.0,1.4444,1.448,1.4429,1.4471,168749.44,0.0,0.0,0
15m,1770692400.0,1.4471,1.4508,1.4411,1.4481,268055.44,0.0,0.0,0
15m,1770693300.0,1.4481,1.4483,1.4368,1.4373,437107.89,0.0,0.0,0
15m,1770694200.0,1.4373,1.4373,1.4279,1.4323,854821.37,0.0,0.0,0
15m,1770695100.0,1.4323,1.4361,1.4317,1.4351,323427.06,0.0,0.0,0
15m,1770696000.0,1.4351,1.4502,1.4345,1.4498,676535.2,0.0,0.0,0
15m,1770696900.0,1.4498,1.4523,1.4425,1.4477,1526807.84,0.0,0.0,0
15m,1770697800.0,1.4477,1.4483,1.4433,1.4452,134007.19,0.0,0.0,0
15m,1770698700.0,1.4452,1.4503,1.4438,1.4475,255319.37,0.0,0.0,0
15m,1770699600.0,1.4475,1.4484,1.445,1.4467,229079.57,0.0,0.0,0
15m,1770700500.0,1.4467,1.4468,1.4421,1.4428,281898.23,0.0,0.0,0
15m,1770701400.0,1.4428,1.449,1.4399,1.4412,442131.23,0.0,0.0,0
15m,1770702300.0,1.4412,1.4423,1.437,1.4421,366633.49,0.0,0.0,0
15m,1770703200.0,1.4421,1.4423,1.4381,1.4401,427116.33,0.0,0.0,0
15m,1770704100.0,1.4401,1.4414,1.4321,1.4341,368755.96,0.0,0.0,0
15m,1770705000.0,1.4341,1.4369,1.4284,1.4297,533171.7,0.0,0.0,0
15m,1770705900.0,1.4297,1.4297,1.4143,1.4203,1156169.13,0.0,0.0,0
15m,1770706800.0,1.4203,1.4283,1.42,1.4248,363411.78,0.0,0.0,0
15m,1770707700.0,1.4248,1.4251,1.4202,1.4251,134820.69,0.0,0.0,0
15m,1770708600.0,1.4251,1.4266,1.4221,1.4231,106245.05,0.0,0.0,0
15m,1770709500.0,1.4231,1.4244,1.4204,1.4219,154651.72,0.0,0.0,0
15m,1770710400.0,1.4219,1.4236,1.4169,1.4183,185104.49,0.0,0.0,0
15m,1770711300.0,1.4183,1.4274,1.4148,1.4246,229343.54,0.0,0.0,0
15m,1770712200.0,1.4246,1.4271,1.4197,1.424,127002.46,0.0,0.0,0
15m,1770713100.0,1.424,1.4328,1.4237,1.4294,144633.92,0.0,0.0,0
15m,1770714000.0,1.4294,1.4359,1.428,1.4304,276585.21,0.0,0.0,0
15m,1770714900.0,1.4304,1.4321,1.4279,1.4289,189801.97,0.0,0.0,0
15m,1770715800.0,1.4289,1.4309,1.4262,1.4275,386030.11,0.0,0.0,0
15m,1770716700.0,1.4275,1.4287,1.417,1.4212,527305.99,0.0,0.0,0
15m,1770717600.0,1.4212,1.4223,1.4183,1.421,253449.88,0.0,0.0,0
15m,1770718500.0,1.421,1.4237,1.4175,1.4231,256866.47,0.0,0.0,0
15m,1770719400.0,1.4231,1.4231,1.4167,1.4177,383590.75,0.0,0.0,0
15m,1770720300.0,1.4177,1.4193,1.4148,1.416,322717.7,0.0,0.0,0
15m,1770721200.0,1.416,1.4164,1.4119,1.4153,679212.47,0.0,0.0,0
15m,1770722100.0,1.4153,1.4179,1.4138,1.4159,1131130.98,0.0,0.0,0
15m,1770723000.0,1.4159,1.4197,1.4077,1.4114,575432.08,0.0,0.0,0
15m,1770723900.0,1.4114,1.4144,1.4065,1.4081,481768.06,0.0,0.0,0
15m,1770724800.0,1.4081,1.4138,1.4062,1.4067,611007.78,0.0,0.0,0
15m,1770725700.0,1.4067,1.4119,1.406,1.4116,197299.25,0.0,0.0,0
15m,1770726600.0,1.4116,1.4136,1.4066,1.4081,307222.48,0.0,0.0,0
15m,1770727500.0,1.4081,1.4106,1.4055,1.409,255613.76,0.0,0.0,0
15m,1770728400.0,1.409,1.4096,1.4031,1.4073,496447.46,0.0,0.0,0
15m,1770729300.0,1.4073,1.4121,1.4059,1.4095,279151.38,0.0,0.0,0
15m,1770730200.0,1.4095,1.4173,1.4075,1.4165,529652.25,0.0,0.0,0
15m,1770731100.0,1.4165,1.417,1.4118,1.4152,374292.72,0.0,0.0,0
15m,1770732000.0,1.4152,1.416,1.4111,1.4136,390633.37,0.0,0.0,0
15m,1770732900.0,1.4136,1.426,1.4132,1.4138,646267.62,0.0,0.0,0
15m,1770733800.0,1.4138,1.4197,1.3935,1.401,1394065.1,0.0,0.0,0
15m,1770734700.0,1.401,1.4069,1.3933,1.4028,1235582.29,0.0,0.0,0
15m,1770735600.0,1.4028,1.414,1.3976,1.4019,591091.28,0.0,0.0,0
15m,1770736500.0,1.4019,1.4133,1.3987,1.409,487709.75,0.0,0.0,0
15m,1770737400.0,1.409,1.4134,1.4041,1.4094,369207.05,0.0,0.0,0
15m,1770738300.0,1.4094,1.4131,1.405,1.4071,267874.88,0.0,0.0,0
15m,1770739200.0,1.4071,1.4178,1.3999,1.4166,366160.09,0.0,0.0,0
15m,1770740100.0,1.4166,1.4185,1.4081,1.4123,217253.85,0.0,0.0,0
15m,1770741000.0,1.4123,1.4204,1.4099,1.4182,303800.22,0.0,0.0,0
15m,1770741900.0,1.4182,1.4198,1.4124,1.416,221634.71,0.0,0.0,0
15m,1770742800.0,1.416,1.4204,1.4135,1.4166,203243.28,0.0,0.0,0
15m,1770743700.0,1.4166,1.4238,1.4145,1.4221,722198.88,0.0,0.0,0
15m,1770744600.0,1.4221,1.4293,1.42,1.425,568887.36,0.0,0.0,0
15m,1770745500.0,1.425,1.4269,1.4217,1.4248,121489.87,0.0,0.0,0
15m,1770746400.0,1.4248,1.426,1.4166,1.4171,214388.5,0.0,0.0,0
15m,1770747300.0,1.4171,1.4205,1.4023,1.403,392296.41,0.0,0.0,0
15m,1770748200.0,1.403,1.408,1.399,1.4025,411630.68,0.0,0.0,0
15m,1770749100.0,1.4025,1.4048,1.394,1.4022,517038.73,0.0,0.0,0
15m,1770750000.0,1.4022,1.4048,1.3971,1.4048,233846.82,0.0,0.0,0
15m,1770750900.0,1.4048,1.4057,1.3994,1.4029,297550.41,0.0,0.0,0
15m,1770751800.0,1.4029,1.4095,1.4019,1.4065,177450.93,0.0,0.0,0
15m,1770752700.0,1.4065,1.4077,1.3995,1.4009,163018.96,0.0,0.0,0
15m,1770753600.0,1.4009,1.4028,1.3975,1.3981,131193.8,0.0,0.0,0
15m,1770754500.0,1.3981,1.4015,1.3968,1.3973,194129.88,0.0,0.0,0
15m,1770755400.0,1.3973,1.4011,1.3924,1.4011,574925.42,0.0,0.0,0
15m,1770756300.0,1.4011,1.4019,1.3965,1.3971,302232.44,0.0,0.0,0
15m,1770757200.0,1.3971,1.4023,1.3963,1.3982,206201.43,0.0,0.0,0
15m,1770758100.0,1.3982,1.4019,1.3964,1.3967,178165.42,0.0,0.0,0
15m,1770759000.0,1.3967,1.3971,1.392,1.3946,372992.77,0.0,0.0,0
15m,1770759900.0,1.3946,1.399,1.3936,1.3938,109775.21,0.0,0.0,0
15m,1770760800.0,1.3938,1.3986,1.3934,1.3949,230498.29,0.0,0.0,0
15m,1770761700.0,1.3949,1.3993,1.3947,1.3982,121281.32,0.0,0.0,0
15m,1770762600.0,1.3982,1.405,1.3977,1.4026,141078.63,0.0,0.0,0
15m,1770763500.0,1.4026,1.4027,1.3987,1.4,142775.45,0.0,0.0,0
15m,1770764400.0,1.4,1.4014,1.3958,1.3968,466229.99,0.0,0.0,0
15m,1770765300.0,1.3968,1.3986,1.3953,1.396,228958.68,0.0,0.0,0
15m,1770766200.0,1.396,1.4015,1.396,1.4012,77946.38,0.0,0.0,0
15m,1770767100.0,1.4012,1.4019,1.3991,1.4001,138658.99,0.0,0.0,0
15m,1770768000.0,1.4001,1.4031,1.3991,1.3991,186975.66,0.0,0.0,0
15m,1770768900.0,1.3991,1.4068,1.3991,1.4047,652728.32,0.0,0.0,0
15m,1770769800.0,1.4047,1.409,1.4038,1.4068,493242.2,0.0,0.0,0
15m,1770770700.0,1.4068,1.413,1.4057,1.4098,337040.7,0.0,0.0,0
15m,1770771600.0,1.4098,1.4125,1.4066,1.41,182784.3,0.0,0.0,0
15m,1770772500.0,1.41,1.4123,1.4077,1.4095,182600.61,0.0,0.0,0
15m,1770773400.0,1.4095,1.4145,1.4094,1.4129,331168.89,0.0,0.0,0
15m,1770774300.0,1.4129,1.4138,1.4094,1.4102,554214.2,0.0,0.0,0
15m,1770775200.0,1.4102,1.419,1.4101,1.4145,614262.41,0.0,0.0,0
15m,1770776100.0,1.4145,1.4202,1.4142,1.4197,256514.28,0.0,0.0,0
15m,1770777000.0,1.4197,1.4203,1.415,1.415,190453.25,0.0,0.0,0
15m,1770777900.0,1.415,1.415,1.4097,1.41,307764.3,0.0,0.0,0
15m,1770778800.0,1.41,1.4116,1.4056,1.4058,501780.65,0.0,0.0,0
15m,1770779700.0,1.4058,1.4066,1.3943,1.4032,1351379.12,0.0,0.0,0
15m,1770780600.0,1.4032,1.4111,1.4014,1.409,379308.36,0.0,0.0,0
15m,1770781500.0,1.409,1.4095,1.4035,1.4041,190695.88,0.0,0.0,0
15m,1770782400.0,1.4041,1.4089,1.4016,1.4022,252426.86,0.0,0.0,0
15m,1770783300.0,1.4022,1.4048,1.3939,1.3952,609259.05,0.0,0.0,0
15m,1770784200.0,1.3952,1.3961,1.3814,1.3854,1144456.17,0.0,0.0,0
15m,1770785100.0,1.3854,1.3884,1.3801,1.3841,765921.25,0.0,0.0,0
15m,1770786000.0,1.3841,1.3924,1.384,1.3885,642540.27,0.0,0.0,0
15m,1770786900.0,1.3885,1.3916,1.3842,1.386,301206.36,0.0,0.0,0
15m,1770787800.0,1.386,1.3869,1.3764,1.3769,570398.04,0.0,0.0,0
15m,1770788700.0,1.3769,1.3795,1.3742,1.3757,438223.41,0.0,0.0,0
15m,1770789600.0,1.3757,1.3783,1.3604,1.3625,1338823.9,0.0,0.0,0
15m,1770790500.0,1.3625,1.3742,1.3581,1.3733,1498793.71,0.0,0.0,0
15m,1770791400.0,1.3733,1.3741,1.3659,1.3659,366246.18,0.0,0.0,0
15m,1770792300.0,1.3659,1.3662,1.3588,1.3599,705357.8,0.0,0.0,0
15m,1770793200.0,1.3599,1.3656,1.3583,1.3618,478032.23,0.0,0.0,0
15m,1770794100.0,1.3618,1.3669,1.3597,1.3654,242796.78,0.0,0.0,0
15m,1770795000.0,1.3654,1.3708,1.3639,1.3684,439490.24,0.0,0.0,0
15m,1770795900.0,1.3684,1.3731,1.3666,1.3666,344440.42,0.0,0.0,0
15m,1770796800.0,1.3666,1.369,1.3609,1.3636,531780.24,0.0,0.0,0
15m,1770797700.0,1.3636,1.3696,1.3621,1.3678,393814.59,0.0,0.0,0
15m,1770798600.0,1.3678,1.3723,1.3658,1.371,316678.61,0.0,0.0,0
15m,1770799500.0,1.371,1.3717,1.3654,1.367,100557.16,0.0,0.0,0
15m,1770800400.0,1.367,1.3694,1.363,1.3652,301737.97,0.0,0.0,0
15m,1770801300.0,1.3652,1.3667,1.3617,1.3659,292962.4,0.0,0.0,0
15m,1770802200.0,1.3659,1.3683,1.3588,1.36,203156.79,0.0,0.0,0
15m,1770803100.0,1.36,1.3617,1.3566,1.3615,606622.47,0.0,0.0,0
15m,1770804000.0,1.3615,1.3626,1.3575,1.3588,349178.26,0.0,0.0,0
15m,1770804900.0,1.3588,1.3646,1.3585,1.3635,259154.46,0.0,0.0,0
15m,1770805800.0,1.3635,1.3635,1.3554,1.36,244536.32,0.0,0.0,0
15m,1770806700.0,1.36,1.3631,1.356,1.3614,574251.01,0.0,0.0,0
15m,1770807600.0,1.3614,1.366,1.3609,1.3637,579968.92,0.0,0.0,0
15m,1770808500.0,1.3637,1.3783,1.3623,1.3761,1030455.91,0.0,0.0,0
15m,1770809400.0,1.3761,1.3764,1.3712,1.372,569630.05,0.0,0.0,0
15m,1770810300.0,1.372,1.3806,1.3717,1.379,865461.51,0.0,0.0,0
15m,1770811200.0,1.379,1.3797,1.3732,1.3744,1076713.12,0.0,0.0,0
15m,1770812100.0,1.3744,1.3792,1.3716,1.3762,579949.23,0.0,0.0,0
15m,1770813000.0,1.3762,1.3763,1.3718,1.3723,509723.4,0.0,0.0,0
15m,1770813900.0,1.3723,1.3744,1.3709,1.3725,261589.6,0.0,0.0,0
15m,1770814800.0,1.3725,1.374,1.3652,1.3673,351762.48,0.0,0.0,0
15m,1770815700.0,1.3673,1.3676,1.3604,1.3639,790554.18,0.0,0.0,0
15m,1770816600.0,1.3639,1.3813,1.3628,1.3697,2679510.38,0.0,0.0,0
15m,1770817500.0,1.3697,1.3781,1.3622,1.3755,1079309.45,0.0,0.0,0
15m,1770818400.0,1.3755,1.4106,1.3755,1.4027,2427086.61,0.0,0.0,0
15m,1770819300.0,1.4027,1.4054,1.388,1.3906,1005472.58,0.0,0.0,0
15m,1770820200.0,1.3906,1.3964,1.3699,1.3752,1714757.48,0.0,0.0,0
15m,1770821100.0,1.3752,1.3785,1.3583,1.3618,1259089.43,0.0,0.0,0
15m,1770822000.0,1.3618,1.3699,1.3465,1.3541,2303338.84,0.0,0.0,0
15m,1770822900.0,1.3541,1.3603,1.346,1.3513,1516367.26,0.0,0.0,0
15m,1770823800.0,1.3513,1.3617,1.3484,1.3602,1216726.41,0.0,0.0,0
15m,1770824700.0,1.3602,1.3626,1.3475,1.3541,682228.18,0.0,0.0,0
15m,1770825600.0,1.3541,1.3697,1.3508,1.368,1199270.15,0.0,0.0,0
15m,1770826500.0,1.368,1.3689,1.356,1.3567,510555.78,0.0,0.0,0
15m,1770827400.0,1.3567,1.3588,1.3493,1.3527,680111.58,0.0,0.0,0
15m,1770828300.0,1.3527,1.3552,1.3441,1.3452,615529.2,0.0,0.0,0
15m,1770829200.0,1.3452,1.3543,1.3422,1.352,445661.73,0.0,0.0,0
15m,1770830100.0,1.352,1.3768,1.352,1.3767,941808.63,0.0,0.0,0
15m,1770831000.0,1.3767,1.38,1.3708,1.3733,1210029.42,0.0,0.0,0
15m,1770831900.0,1.3733,1.3774,1.3691,1.3702,628648.01,0.0,0.0,0
15m,1770832800.0,1.3702,1.3722,1.3618,1.37,413769.19,0.0,0.0,0
15m,1770833700.0,1.37,1.386,1.3696,1.3813,888074.74,0.0,0.0,0
15m,1770834600.0,1.3813,1.3817,1.3764,1.3783,357834.34,0.0,0.0,0
15m,1770835500.0,1.3783,1.3817,1.3753,1.3783,411738.85,0.0,0.0,0
15m,1770836400.0,1.3783,1.388,1.3764,1.3828,609775.1,0.0,0.0,0
15m,1770837300.0,1.3828,1.3838,1.3754,1.3755,272790.11,0.0,0.0,0
15m,1770838200.0,1.3755,1.3843,1.372,1.3842,298216.51,0.0,0.0,0
15m,1770839100.0,1.3842,1.3847,1.3777,1.379,192546.07,0.0,0.0,0
15m,1770840000.0,1.379,1.383,1.3763,1.3829,274311.37,0.0,0.0,0
15m,1770840900.0,1.3829,1.3859,1.375,1.3763,304138.26,0.0,0.0,0
15m,1770841800.0,1.3763,1.3836,1.375,1.3796,294388.64,0.0,0.0,0
15m,1770842700.0,1.3796,1.3865,1.378,1.3816,419345.4,0.0,0.0,0
15m,1770843600.0,1.3816,1.3834,1.3794,1.3807,323713.81,0.0,0.0,0
15m,1770844500.0,1.3807,1.3925,1.3806,1.3912,723112.22,0.0,0.0,0
15m,1770845400.0,1.3912,1.3974,1.3885,1.3891,477122.16,0.0,0.0,0
15m,1770846300.0,1.3891,1.3901,1.3832,1.3834,287056.63,0.0,0.0,0
15m,1770847200.0,1.3834,1.3845,1.3764,1.3786,404905.02,0.0,0.0,0
15m,1770848100.0,1.3786,1.38,1.3739,1.3784,158251.28,0.0,0.0,0
15m,1770849000.0,1.3784,1.3798,1.3734,1.377,401692.17,0.0,0.0,0
15m,1770849900.0,1.377,1.377,1.3698,1.3719,150422.69,0.0,0.0,0
15m,1770850800.0,1.3719,1.373,1.3659,1.3677,269092.98,0.0,0.0,0
15m,1770851700.0,1.3677,1.3703,1.3605,1.3638,456518.54,0.0,0.0,0
15m,1770852600.0,1.3638,1.3692,1.3596,1.3688,273653.01,0.0,0.0,0
15m,1770853500.0,1.3688,1.3707,1.3665,1.3697,219981.37,0.0,0.0,0
15m,1770854400.0,1.3697,1.3791,1.3684,1.378,740846.52,0.0,0.0,0
15m,1770855300.0,1.378,1.382,1.3743,1.3762,735204.23,0.0,0.0,0
15m,1770856200.0,1.3762,1.3847,1.3755,1.3811,673239.42,0.0,0.0,0
15m,1770857100.0,1.3811,1.3832,1.3767,1.3774,181729.6,0.0,0.0,0
15m,1770858000.0,1.3774,1.3856,1.3774,1.3849,176127.76,0.0,0.0,0
15m,1770858900.0,1.3849,1.3866,1.3805,1.3832,286903.99,0.0,0.0,0
15m,1770859800.0,1.3832,1.3867,1.382,1.3843,509521.54,0.0,0.0,0
15m,1770860700.0,1.3843,1.3848,1.3805,1.3811,215588.07,0.0,0.0,0
15m,1770861600.0,1.3811,1.3815,1.3753,1.3762,333859.86,0.0,0.0,0
15m,1770862500.0,1.3762,1.378,1.3745,1.3778,154598.88,0.0,0.0,0
15m,1770863400.0,1.3778,1.3856,1.3769,1.3812,337870.61,0.0,0.0,0
15m,1770864300.0,1.3812,1.3813,1.3768,1.377,136068.4,0.0,0.0,0
15m,1770865200.0,1.377,1.3799,1.3763,1.3786,146377.64,0.0,0.0,0
15m,1770866100.0,1.3786,1.3786,1.3711,1.3736,285205.79,0.0,0.0,0
15m,1770867000.0,1.3736,1.3774,1.3728,1.3765,79680.25,0.0,0.0,0
15m,1770867900.0,1.3765,1.3785,1.375,1.3753,183556.48,0.0,0.0,0
15m,1770868800.0,1.3753,1.3799,1.3744,1.3791,131299.89,0.0,0.0,0
15m,1770869700.0,1.3791,1.3795,1.3727,1.374,229275.93,0.0,0.0,0
15m,1770870600.0,1.374,1.38,1.3724,1.3798,331464.01,0.0,0.0,0
15m,1770871500.0,1.3798,1.3807,1.3754,1.3755,128448.32,0.0,0.0,0
15m,1770872400.0,1.3755,1.3817,1.3741,1.3751,286435.45,0.0,0.0,0
15m,1770873300.0,1.3751,1.3793,1.3727,1.3758,257116.63,0.0,0.0,0
15m,1770874200.0,1.3758,1.3809,1.3749,1.3799,702977.79,0.0,0.0,0
15m,1770875100.0,1.3799,1.3815,1.3785,1.3804,244857.03,0.0,0.0,0
15m,1770876000.0,1.3804,1.3827,1.3782,1.3811,212277.38,0.0,0.0,0
15m,1770876900.0,1.3811,1.3887,1.3796,1.3861,438811.87,0.0,0.0,0
15m,1770877800.0,1.3861,1.3866,1.3812,1.3834,320845.88,0.0,0.0,0
15m,1770878700.0,1.3834,1.3841,1.3812,1.3832,102678.08,0.0,0.0,0
15m,1770879600.0,1.3832,1.3839,1.376,1.3782,518283.59,0.0,0.0,0
15m,1770880500.0,1.3782,1.3858,1.3768,1.3826,310764.13,0.0,0.0,0
15m,1770881400.0,1.3826,1.3832,1.3797,1.3799,175415.57,0.0,0.0,0
15m,1770882300.0,1.3799,1.3831,1.3789,1.3819,182961.86,0.0,0.0,0
15m,1770883200.0,1.3819,1.3848,1.3794,1.3827,210806.29,0.0,0.0,0
15m,1770884100.0,1.3827,1.3827,1.3777,1.3783,259187.88,0.0,0.0,0
15m,1770885000.0,1.3783,1.3829,1.3771,1.3795,128042.18,0.0,0.0,0
15m,1770885900.0,1.3795,1.3832,1.3789,1.382,222005.83,0.0,0.0,0
15m,1770886800.0,1.382,1.3853,1.3803,1.3843,144980.31,0.0,0.0,0
15m,1770887700.0,1.3843,1.3902,1.384,1.3894,549419.28,0.0,0.0,0
15m,1770888600.0,1.3894,1.3937,1.3872,1.391,872918.73,0.0,0.0,0
15m,1770889500.0,1.391,1.3965,1.3893,1.396,987184.38,0.0,0.0,0
15m,1770890400.0,1.396,1.3996,1.3931,1.3938,272431.51,0.0,0.0,0
15m,1770891300.0,1.3938,1.3942,1.3891,1.3935,161109.8,0.0,0.0,0
15m,1770892200.0,1.3935,1.4005,1.3935,1.3948,250908.95,0.0,0.0,0
15m,1770893100.0,1.3948,1.4038,1.3934,1.4038,606358.95,0.0,0.0,0
15m,1770894000.0,1.4038,1.4061,1.3936,1.3966,591902.18,0.0,0.0,0
15m,1770894900.0,1.3966,1.4051,1.396,1.405,433415.7,0.0,0.0,0
15m,1770895800.0,1.405,1.4081,1.3998,1.4013,447627.03,0.0,0.0,0
15m,1770896700.0,1.4013,1.405,1.4001,1.4016,434932.27,0.0,0.0,0
15m,1770897600.0,1.4016,1.403,1.3964,1.3992,416990.34,0.0,0.0,0
15m,1770898500.0,1.3992,1.3993,1.3935,1.3957,378511.66,0.0,0.0,0
15m,1770899400.0,1.3957,1.397,1.3927,1.3944,156854.3,0.0,0.0,0
15m,1770900300.0,1.3944,1.3961,1.3897,1.3928,476430.39,0.0,0.0,0
15m,1770901200.0,1.3928,1.3929,1.3871,1.3918,287200.18,0.0,0.0,0
15m,1770902100.0,1.3918,1.3936,1.3855,1.388,357095.31,0.0,0.0,0
15m,1770903000.0,1.388,1.3995,1.388,1.398,293092.2,0.0,0.0,0
15m,1770903900.0,1.398,1.4025,1.3961,1.4015,267728.14,0.0,0.0,0
15m,1770904800.0,1.4015,1.4026,1.3921,1.3952,294116.4,0.0,0.0,0
15m,1770905700.0,1.3952,1.3961,1.3915,1.3934,269150.58,0.0,0.0,0
15m,1770906600.0,1.3934,1.4001,1.3864,1.3873,645764.3,0.0,0.0,0
15m,1770907500.0,1.3873,1.3947,1.3838,1.3891,690631.77,0.0,0.0,0
15m,1770908400.0,1.3891,1.3935,1.3764,1.383,873742.16,0.0,0.0,0
15m,1770909300.0,1.383,1.3952,1.3811,1.3946,562471.44,0.0,0.0,0
15m,1770910200.0,1.3946,1.3966,1.3795,1.3835,402399.26,0.0,0.0,0
15m,1770911100.0,1.3835,1.3867,1.3751,1.376,568198.98,0.0,0.0,0
15m,1770912000.0,1.376,1.378,1.355,1.3565,979354.02,0.0,0.0,0
15m,1770912900.0,1.3565,1.3636,1.3499,1.3527,723858.21,0.0,0.0,0
15m,1770913800.0,1.3527,1.3662,1.3492,1.3616,777401.47,0.0,0.0,0
15m,1770914700.0,1.3616,1.3632,1.3464,1.3529,583634.6,0.0,0.0,0
15m,1770915600.0,1.3529,1.3557,1.3462,1.3528,429823.71,0.0,0.0,0
15m,1770916500.0,1.3528,1.3688,1.3513,1.3674,538388.32,0.0,0.0,0
15m,1770917400.0,1.3674,1.3796,1.3659,1.37,675817.7,0.0,0.0,0
15m,1770918300.0,1.37,1.371,1.3612,1.3624,340842.99,0.0,0.0,0
15m,1770919200.0,1.3624,1.3677,1.3614,1.3643,175128.72,0.0,0.0,0
15m,1770920100.0,1.3643,1.3653,1.3525,1.3558,268353.73,0.0,0.0,0
15m,1770921000.0,1.3558,1.3624,1.3522,1.3586,305943.8,0.0,0.0,0
15m,1770921900.0,1.3586,1.3675,1.3575,1.3631,244388.79,0.0,0.0,0
15m,1770922800.0,1.3631,1.3651,1.3549,1.3597,218885.9,0.0,0.0,0
15m,1770923700.0,1.3597,1.3748,1.3595,1.3704,333025.44,0.0,0.0,0
15m,1770924600.0,1.3704,1.3764,1.3679,1.3682,253106.22,0.0,0.0,0
15m,1770925500.0,1.3682,1.3717,1.3631,1.3645,208809.37,0.0,0.0,0
15m,1770926400.0,1.3645,1.3666,1.3594,1.3641,202029.54,0.0,0.0,0
15m,1770927300.0,1.3641,1.3656,1.3559,1.3582,270716.53,0.0,0.0,0
15m,1770928200.0,1.3582,1.3611,1.356,1.3583,197863.36,0.0,0.0,0
15m,1770929100.0,1.3583,1.3588,1.3505,1.3521,488474.85,0.0,0.0,0
15m,1770930000.0,1.3521,1.357,1.3506,1.3537,405609.19,0.0,0.0,0
15m,1770930900.0,1.3537,1.3546,1.3494,1.3502,343769.95,0.0,0.0,0
15m,1770931800.0,1.3502,1.358,1.3489,1.3562,425694.57,0.0,0.0,0
15m,1770932700.0,1.3562,1.3562,1.3512,1.3522,137452.55,0.0,0.0,0
15m,1770933600.0,1.3522,1.3553,1.3503,1.3551,139688.8,0.0,0.0,0
15m,1770934500.0,1.3551,1.3591,1.3504,1.3572,220155.45,0.0,0.0,0
15m,1770935400.0,1.3572,1.3628,1.3562,1.3625,211395.78,0.0,0.0,0
15m,1770936300.0,1.3625,1.3662,1.3614,1.3643,232793.1,0.0,0.0,0
15m,1770937200.0,1.3643,1.3705,1.3627,1.3659,461148.43,0.0,0.0,0
15m,1770938100.0,1.3659,1.3686,1.3629,1.3642,304118.47,0.0,0.0,0
15m,1770939000.0,1.3642,1.3661,1.3604,1.3633,347958.03,0.0,0.0,0
15m,1770939900.0,1.3633,1.3646,1.362,1.3634,116641.66,0.0,0.0,0
15m,1770940800.0,1.3634,1.3684,1.3612,1.3641,246251.62,0.0,0.0,0
15m,1770941700.0,1.3641,1.3643,1.356,1.3566,237307.98,0.0,0.0,0
15m,1770942600.0,1.3566,1.3571,1.3495,1.3511,529249.77,0.0,0.0,0
15m,1770943500.0,1.3511,1.3553,1.3491,1.3536,263460.07,0.0,0.0,0
15m,1770944400.0,1.3536,1.359,1.353,1.3563,185577.79,0.0,0.0,0
15m,1770945300.0,1.3563,1.357,1.3498,1.3536,366877.86,0.0,0.0,0
15m,1770946200.0,1.3536,1.3624,1.3536,1.3605,181364.05,0.0,0.0,0
15m,1770947100.0,1.3605,1.3627,1.3558,1.3577,177601.08,0.0,0.0,0
15m,1770948000.0,1.3577,1.365,1.3571,1.3637,203964.34,0.0,0.0,0
15m,1770948900.0,1.3637,1.3647,1.3595,1.3624,139197.35,0.0,0.0,0
15m,1770949800.0,1.3624,1.3635,1.3596,1.3623,94085.13,0.0,0.0,0
15m,1770950700.0,1.3623,1.3687,1.3618,1.3665,124837.13,0.0,0.0,0
15m,1770951600.0,1.3665,1.3695,1.3649,1.3649,291232.35,0.0,0.0,0
15m,1770952500.0,1.3649,1.3687,1.3645,1.3676,350327.58,0.0,0.0,0
15m,1770953400.0,1.3676,1.372,1.3669,1.3669,303190.36,0.0,0.0,0
15m,1770954300.0,1.3669,1.3674,1.3621,1.3655,305336.17,0.0,0.0,0
15m,1770955200.0,1.3655,1.3673,1.3626,1.3658,263392.36,0.0,0.0,0
15m,1770956100.0,1.3658,1.3683,1.3611,1.3624,194017.94,0.0,0.0,0
15m,1770957000.0,1.3624,1.3624,1.3596,1.3602,133176.72,0.0,0.0,0
15m,1770957900.0,1.3602,1.3612,1.3578,1.3582,213508.1,0.0,0.0,0
15m,1770958800.0,1.3582,1.3609,1.3551,1.3567,196273.65,0.0,0.0,0
15m,1770959700.0,1.3567,1.3596,1.3555,1.3574,109365.17,0.0,0.0,0
15m,1770960600.0,1.3574,1.3599,1.3558,1.3587,171911.1,0.0,0.0,0
15m,1770961500.0,1.3587,1.3593,1.3533,1.3533,196316.73,0.0,0.0,0
15m,1770962400.0,1.3533,1.3562,1.3523,1.3545,185371.85,0.0,0.0,0
15m,1770963300.0,1.3545,1.3566,1.3501,1.3512,361925.82,0.0,0.0,0
15m,1770964200.0,1.3512,1.3518,1.3485,1.3512,279230.57,0.0,0.0,0
15m,1770965100.0,1.3512,1.3578,1.3497,1.357,252914.64,0.0,0.0,0
15m,1770966000.0,1.357,1.3628,1.3554,1.3616,260137.68,0.0,0.0,0
15m,1770966900.0,1.3616,1.3622,1.3587,1.3594,193750.71,0.0,0.0,0
15m,1770967800.0,1.3594,1.3616,1.3521,1.3522,239689.11,0.0,0.0,0
15m,1770968700.0,1.3522,1.3548,1.3496,1.354,152799.46,0.0,0.0,0
15m,1770969600.0,1.354,1.3594,1.3522,1.3559,180701.05,0.0,0.0,0
15m,1770970500.0,1.3559,1.3641,1.3549,1.3635,255343.55,0.0,0.0,0
15m,1770971400.0,1.3635,1.3655,1.3615,1.3626,184466.11,0.0,0.0,0
15m,1770972300.0,1.3626,1.3693,1.3626,1.3673,293822.65,0.0,0.0,0
15m,1770973200.0,1.3673,1.3683,1.3644,1.3661,271665.71,0.0,0.0,0
15m,1770974100.0,1.3661,1.371,1.3661,1.3701,461261.17,0.0,0.0,0
15m,1770975000.0,1.3701,1.3706,1.3657,1.366,305209.71,0.0,0.0,0
15m,1770975900.0,1.366,1.37,1.366,1.3684,506348.65,0.0,0.0,0
15m,1770976800.0,1.3684,1.3686,1.365,1.3669,252210.85,0.0,0.0,0
15m,1770977700.0,1.3669,1.3728,1.3668,1.3691,433034.06,0.0,0.0,0
15m,1770978600.0,1.3691,1.3719,1.3676,1.37,390695.34,0.0,0.0,0
15m,1770979500.0,1.37,1.3711,1.3675,1.3682,441242.04,0.0,0.0,0
15m,1770980400.0,1.3682,1.3691,1.3641,1.3653,593360.23,0.0,0.0,0
15m,1770981300.0,1.3653,1.3666,1.3627,1.3657,174814.96,0.0,0.0,0
15m,1770982200.0,1.3657,1.366,1.3608,1.3644,225340.12,0.0,0.0,0
15m,1770983100.0,1.3644,1.3695,1.3631,1.368,388946.89,0.0,0.0,0
15m,1770984000.0,1.368,1.368,1.3603,1.3603,358297.4,0.0,0.0,0
15m,1770984900.0,1.3603,1.3636,1.3597,1.3626,433609.79,0.0,0.0,0
15m,1770985800.0,1.3626,1.3639,1.3602,1.362,356452.8,0.0,0.0,0
15m,1770986700.0,1.362,1.3658,1.3617,1.3647,285215.05,0.0,0.0,0
15m,1770987600.0,1.3647,1.3668,1.3615,1.364,240322.3,0.0,0.0,0
15m,1770988500.0,1.364,1.3778,1.3636,1.3748,537957.26,0.0,0.0,0
15m,1770989400.0,1.3748,1.3828,1.3736,1.3755,899492.34,0.0,0.0,0
15m,1770990300.0,1.3755,1.3809,1.3711,1.3766,384610.68,0.0,0.0,0
15m,1770991200.0,1.3766,1.3787,1.3678,1.3685,593748.07,0.0,0.0,0
15m,1770992100.0,1.3685,1.3796,1.3685,1.3789,430085.09,0.0,0.0,0
15m,1770993000.0,1.3789,1.3891,1.3733,1.382,1739699.6,0.0,0.0,0
15m,1770993900.0,1.382,1.3941,1.382,1.3852,862541.58,0.0,0.0,0
15m,1770994800.0,1.3852,1.4018,1.3806,1.3956,1251843.88,0.0,0.0,0
15m,1770995700.0,1.3956,1.4071,1.3912,1.4052,1115056.07,0.0,0.0,0
15m,1770996600.0,1.4052,1.4219,1.4052,1.4091,1136667.42,0.0,0.0,0
15m,1770997500.0,1.4091,1.4097,1.4013,1.4047,679684.87,0.0,0.0,0
15m,1770998400.0,1.4047,1.4182,1.3996,1.4171,1098481.43,0.0,0.0,0
15m,1770999300.0,1.4171,1.4197,1.4099,1.4173,961838.54,0.0,0.0,0
15m,1771000200.0,1.4173,1.4283,1.4157,1.4206,1518515.58,0.0,0.0,0
15m,1771001100.0,1.4206,1.4234,1.4157,1.4167,560611.12,0.0,0.0,0
15m,1771002000.0,1.4167,1.4168,1.4075,1.4146,520244.89,0.0,0.0,0
15m,1771002900.0,1.4146,1.4196,1.4121,1.4182,434255.37,0.0,0.0,0
15m,1771003800.0,1.4182,1.421,1.4161,1.4188,420202.08,0.0,0.0,0
15m,1771004700.0,1.4188,1.4203,1.4128,1.4147,324016.93,0.0,0.0,0
15m,1771005600.0,1.4147,1.4152,1.4084,1.409,426506.46,0.0,0.0,0
15m,1771006500.0,1.409,1.4149,1.4062,1.4127,307969.69,0.0,0.0,0
15m,1771007400.0,1.4127,1.4203,1.4115,1.4159,293297.79,0.0,0.0,0
15m,1771008300.0,1.4159,1.4206,1.4147,1.4154,309374.62,0.0,0.0,0
15m,1771009200.0,1.4154,1.4182,1.4134,1.4156,207660.85,0.0,0.0,0
15m,1771010100.0,1.4156,1.4193,1.4106,1.4106,260406.86,0.0,0.0,0
15m,1771011000.0,1.4106,1.412,1.4083,1.4098,237496.52,0.0,0.0,0
15m,1771011900.0,1.4098,1.4147,1.4098,1.4109,174026.84,0.0,0.0,0
15m,1771012800.0,1.4109,1.4115,1.4062,1.4068,236859.88,0.0,0.0,0
15m,1771013700.0,1.4068,1.4109,1.4051,1.4101,125895.41,0.0,0.0,0
15m,1771014600.0,1.4101,1.4113,1.406,1.4088,145499.81,0.0,0.0,0
15m,1771015500.0,1.4088,1.4144,1.4085,1.4131,256812.78,0.0,0.0,0
15m,1771016400.0,1.4131,1.4164,1.4124,1.4143,136270.12,0.0,0.0,0
15m,1771017300.0,1.4143,1.416,1.4121,1.413,227178.72,0.0,0.0,0
15m,1771018200.0,1.413,1.4135,1.4075,1.4095,233133.29,0.0,0.0,0
15m,1771019100.0,1.4095,1.4105,1.4068,1.4097,298885.12,0.0,0.0,0
15m,1771020000.0,1.4097,1.4099,1.4024,1.4024,229797.55,0.0,0.0,0
15m,1771020900.0,1.4024,1.4044,1.4004,1.4039,159498.56,0.0,0.0,0
15m,1771021800.0,1.4039,1.4046,1.3972,1.3999,213530.11,0.0,0.0,0
15m,1771022700.0,1.3999,1.4032,1.3993,1.4032,66089.05,0.0,0.0,0
15m,1771023600.0,1.4032,1.4057,1.4019,1.4055,106415.84,0.0,0.0,0
15m,1771024500.0,1.4055,1.4074,1.4022,1.4033,117667.16,0.0,0.0,0
15m,1771025400.0,1.4033,1.4057,1.4028,1.4049,210836.79,0.0,0.0,0
15m,1771026300.0,1.4049,1.4085,1.4049,1.4069,164355.83,0.0,0.0,0
15m,1771027200.0,1.4069,1.4093,1.4053,1.4091,92694.93,0.0,0.0,0
15m,1771028100.0,1.4091,1.4095,1.405,1.4063,154597.79,0.0,0.0,0
15m,1771029000.0,1.4063,1.4115,1.406,1.4115,161234.4,0.0,0.0,0
15m,1771029900.0,1.4115,1.4168,1.411,1.4142,184712.75,0.0,0.0,0
15m,1771030800.0,1.4142,1.4143,1.4105,1.4142,137170.02,0.0,0.0,0
15m,1771031700.0,1.4142,1.4181,1.4139,1.4167,125503.41,0.0,0.0,0
15m,1771032600.0,1.4167,1.4179,1.415,1.4156,88381.75,0.0,0.0,0
15m,1771033500.0,1.4156,1.4163,1.4111,1.4124,146493.28,0.0,0.0,0
15m,1771034400.0,1.4124,1.4144,1.4112,1.4138,81172.51,0.0,0.0,0
15m,1771035300.0,1.4138,1.4151,1.4105,1.4106,132410.94,0.0,0.0,0
15m,1771036200.0,1.4106,1.4131,1.4101,1.4131,81096.07,0.0,0.0,0
15m,1771037100.0,1.4131,1.4136,1.4107,1.4109,79371.36,0.0,0.0,0
15m,1771038000.0,1.4109,1.4168,1.4104,1.4151,120285.21,0.0,0.0,0
15m,1771038900.0,1.4151,1.4153,1.413,1.4143,99897.52,0.0,0.0,0
15m,1771039800.0,1.4143,1.418,1.4141,1.4148,115582.28,0.0,0.0,0
15m,1771040700.0,1.4148,1.4171,1.4144,1.4163,49315.43,0.0,0.0,0
15m,1771041600.0,1.4163,1.4164,1.4141,1.4154,53202.83,0.0,0.0,0
15m,1771042500.0,1.4154,1.4195,1.415,1.4192,159567.43,0.0,0.0,0
15m,1771043400.0,1.4192,1.4192,1.4161,1.417,131694.6,0.0,0.0,0
15m,1771044300.0,1.417,1.4173,1.4127,1.4127,56480.85,0.0,0.0,0
15m,1771045200.0,1.4127,1.4135,1.4105,1.4131,52762.59,0.0,0.0,0
15m,1771046100.0,1.4131,1.4158,1.4128,1.4145,57754.41,0.0,0.0,0
15m,1771047000.0,1.4145,1.4148,1.4095,1.4097,113153.73,0.0,0.0,0
15m,1771047900.0,1.4097,1.411,1.4081,1.4085,143195.68,0.0,0.0,0
15m,1771048800.0,1.4085,1.4113,1.4079,1.4098,72535.78,0.0,0.0,0
15m,1771049700.0,1.4098,1.4116,1.4089,1.4115,79315.84,0.0,0.0,0
15m,1771050600.0,1.4115,1.4145,1.4115,1.4136,85167.69,0.0,0.0,0
15m,1771051500.0,1.4136,1.4149,1.413,1.4143,64751.54,0.0,0.0,0
15m,1771052400.0,1.4143,1.415,1.4132,1.4144,238326.27,0.0,0.0,0
15m,1771053300.0,1.4144,1.415,1.4119,1.4138,141776.19,0.0,0.0,0
15m,1771054200.0,1.4138,1.4183,1.4138,1.4182,131363.59,0.0,0.0,0
15m,1771055100.0,1.4182,1.4252,1.4173,1.4222,262294.46,0.0,0.0,0
15m,1771056000.0,1.4222,1.4358,1.4217,1.4344,843133.93,0.0,0.0,0
15m,1771056900.0,1.4344,1.436,1.4296,1.4309,290755.07,0.0,0.0,0
15m,1771057800.0,1.4309,1.4444,1.4304,1.4408,393198.05,0.0,0.0,0
15m,1771058700.0,1.4408,1.4492,1.4404,1.4471,604091.28,0.0,0.0,0
15m,1771059600.0,1.4471,1.4536,1.4463,1.4505,930432.12,0.0,0.0,0
15m,1771060500.0,1.4505,1.4575,1.4479,1.453,427541.52,0.0,0.0,0
15m,1771061400.0,1.453,1.461,1.4509,1.4564,535810.19,0.0,0.0,0
15m,1771062300.0,1.4564,1.4572,1.4508,1.452,478611.41,0.0,0.0,0
15m,1771063200.0,1.452,1.4522,1.4457,1.4496,360884.46,0.0,0.0,0
15m,1771064100.0,1.4496,1.4496,1.4437,1.4456,153452.85,0.0,0.0,0
15m,1771065000.0,1.4456,1.4472,1.4443,1.4448,102161.86,0.0,0.0,0
15m,1771065900.0,1.4448,1.4478,1.4411,1.4475,198973.79,0.0,0.0,0
15m,1771066800.0,1.4475,1.4577,1.4468,1.4571,408189.32,0.0,0.0,0
15m,1771067700.0,1.4571,1.4726,1.4539,1.4679,684379.66,0.0,0.0,0
15m,1771068600.0,1.4679,1.4682,1.462,1.4659,391394.96,0.0,0.0,0
15m,1771069500.0,1.4659,1.4736,1.4638,1.4718,797354.23,0.0,0.0,0
15m,1771070400.0,1.4718,1.4771,1.4676,1.4728,586440.94,0.0,0.0,0
15m,1771071300.0,1.4728,1.4761,1.4675,1.4706,358429.0,0.0,0.0,0
15m,1771072200.0,1.4706,1.4717,1.4626,1.4649,500560.92,0.0,0.0,0
15m,1771073100.0,1.4649,1.4671,1.4604,1.4644,438094.4,0.0,0.0,0
15m,1771074000.0,1.4644,1.4695,1.4608,1.4688,223453.16,0.0,0.0,0
15m,1771074900.0,1.4688,1.4696,1.4523,1.4533,474946.22,0.0,0.0,0
15m,1771075800.0,1.4533,1.4594,1.4516,1.4555,293173.42,0.0,0.0,0
15m,1771076700.0,1.4555,1.4618,1.4543,1.4573,279588.36,0.0,0.0,0
15m,1771077600.0,1.4573,1.4597,1.4553,1.4571,281879.03,0.0,0.0,0
15m,1771078500.0,1.4571,1.4639,1.4571,1.4616,567491.4,0.0,0.0,0
15m,1771079400.0,1.4616,1.4663,1.461,1.4629,119802.39,0.0,0.0,0
15m,1771080300.0,1.4629,1.4747,1.462,1.4713,321708.49,0.0,0.0,0
15m,1771081200.0,1.4713,1.4722,1.4667,1.4669,262545.19,0.0,0.0,0
15m,1771082100.0,1.4669,1.4735,1.4657,1.4697,239588.64,0.0,0.0,0
15m,1771083000.0,1.4697,1.4712,1.4642,1.4666,234714.23,0.0,0.0,0
15m,1771083900.0,1.4666,1.4701,1.4655,1.469,164589.3,0.0,0.0,0
15m,1771084800.0,1.469,1.4694,1.4602,1.4611,205643.46,0.0,0.0,0
15m,1771085700.0,1.4611,1.4628,1.4575,1.4611,224145.36,0.0,0.0,0
15m,1771086600.0,1.4611,1.4693,1.457,1.4683,226588.94,0.0,0.0,0
15m,1771087500.0,1.4683,1.4763,1.4658,1.4749,205827.26,0.0,0.0,0
15m,1771088400.0,1.4749,1.4749,1.4683,1.4717,485048.12,0.0,0.0,0
15m,1771089300.0,1.4717,1.48,1.47,1.4776,264816.18,0.0,0.0,0
15m,1771090200.0,1.4776,1.4783,1.4701,1.4762,137340.71,0.0,0.0,0
15m,1771091100.0,1.4762,1.4763,1.4714,1.4735,55142.52,0.0,0.0,0
15m,1771092000.0,1.4735,1.4783,1.4703,1.4763,186592.72,0.0,0.0,0
15m,1771092900.0,1.4763,1.4828,1.4751,1.4816,281356.66,0.0,0.0,0
15m,1771093800.0,1.4816,1.4903,1.4797,1.4878,428280.26,0.0,0.0,0
15m,1771094700.0,1.4878,1.493,1.4871,1.4882,279227.1,0.0,0.0,0
15m,1771095600.0,1.4882,1.4919,1.4839,1.489,157869.85,0.0,0.0,0
15m,1771096500.0,1.489,1.4956,1.4862,1.495,210670.69,0.0,0.0,0
15m,1771097400.0,1.495,1.4996,1.4943,1.496,374169.22,0.0,0.0,0
15m,1771098300.0,1.496,1.5005,1.4941,1.4979,256227.79,0.0,0.0,0
15m,1771099200.0,1.4979,1.5084,1.4922,1.4939,809063.34,0.0,0.0,0
15m,1771100100.0,1.4939,1.4992,1.4904,1.4931,275870.1,0.0,0.0,0
15m,1771101000.0,1.4931,1.4959,1.488,1.4945,167877.14,0.0,0.0,0
15m,1771101900.0,1.4945,1.4972,1.4926,1.4954,247979.28,0.0,0.0,0
15m,1771102800.0,1.4954,1.5032,1.494,1.5019,286673.07,0.0,0.0,0
15m,1771103700.0,1.5019,1.5047,1.4934,1.4941,288382.53,0.0,0.0,0
15m,1771104600.0,1.4941,1.4993,1.4892,1.4992,305327.45,0.0,0.0,0
15m,1771105500.0,1.4992,1.5003,1.4958,1.4978,109756.57,0.0,0.0,0
15m,1771106400.0,1.4978,1.5032,1.4936,1.5017,200373.94,0.0,0.0,0
15m,1771107300.0,1.5017,1.502,1.495,1.497,115103.63,0.0,0.0,0
15m,1771108200.0,1.497,1.5027,1.4965,1.5007,126553.51,0.0,0.0,0
15m,1771109100.0,1.5007,1.505,1.4998,1.5009,147854.37,0.0,0.0,0
15m,1771110000.0,1.5009,1.5065,1.4992,1.5047,180503.24,0.0,0.0,0
15m,1771110900.0,1.5047,1.5131,1.5004,1.5065,507009.45,0.0,0.0,0
15m,1771111800.0,1.5065,1.513,1.5033,1.5098,403140.82,0.0,0.0,0
15m,1771112700.0,1.5098,1.5138,1.5066,1.5093,324336.11,0.0,0.0,0
15m,1771113600.0,1.5093,1.5154,1.5061,1.5074,548259.46,0.0,0.0,0
15m,1771114500.0,1.5074,1.5261,1.5063,1.52,838541.48,0.0,0.0,0
15m,1771115400.0,1.52,1.5322,1.5179,1.5182,768586.68,0.0,0.0,0
15m,1771116300.0,1.5182,1.527,1.5146,1.522,452351.6,0.0,0.0,0
15m,1771117200.0,1.522,1.5442,1.5204,1.5329,819598.67,0.0,0.0,0
15m,1771118100.0,1.5329,1.5393,1.5196,1.5242,870745.49,0.0,0.0,0
15m,1771119000.0,1.5242,1.5292,1.5154,1.5202,622554.33,0.0,0.0,0
15m,1771119900.0,1.5202,1.53,1.5175,1.5286,255142.35,0.0,0.0,0
15m,1771120800.0,1.5286,1.5355,1.5223,1.527,472590.25,0.0,0.0,0
15m,1771121700.0,1.527,1.5316,1.5224,1.5257,329244.31,0.0,0.0,0
15m,1771122600.0,1.5257,1.5342,1.5167,1.5293,771382.41,0.0,0.0,0
15m,1771123500.0,1.5293,1.5314,1.5222,1.5282,160389.32,0.0,0.0,0
15m,1771124400.0,1.5282,1.5341,1.5274,1.5293,302163.12,0.0,0.0,0
15m,1771125300.0,1.5293,1.5317,1.5209,1.5214,168587.66,0.0,0.0,0
15m,1771126200.0,1.5214,1.5237,1.5057,1.5121,1127081.69,0.0,0.0,0
15m,1771127100.0,1.5121,1.5304,1.5121,1.5267,408551.82,0.0,0.0,0
15m,1771128000.0,1.5267,1.5409,1.525,1.538,883895.21,0.0,0.0,0
15m,1771128900.0,1.538,1.5505,1.5346,1.5363,926326.24,0.0,0.0,0
15m,1771129800.0,1.5363,1.5525,1.5354,1.5476,601277.39,0.0,0.0,0
15m,1771130700.0,1.5476,1.56,1.5386,1.5457,1322406.18,0.0,0.0,0
15m,1771131600.0,1.5457,1.5549,1.5454,1.5525,646301.11,0.0,0.0,0
15m,1771132500.0,1.5525,1.5627,1.5512,1.5605,635986.36,0.0,0.0,0
15m,1771133400.0,1.5605,1.5835,1.5575,1.5821,1054720.95,0.0,0.0,0
15m,1771134300.0,1.5821,1.5897,1.5764,1.5835,946709.15,0.0,0.0,0
15m,1771135200.0,1.5835,1.5843,1.5725,1.5756,638373.41,0.0,0.0,0
15m,1771136100.0,1.5756,1.5887,1.5732,1.5813,691787.44,0.0,0.0,0
15m,1771137000.0,1.5813,1.5844,1.5769,1.5788,343891.52,0.0,0.0,0
15m,1771137900.0,1.5788,1.5839,1.5746,1.5798,266755.27,0.0,0.0,0
15m,1771138800.0,1.5798,1.5934,1.5759,1.5924,521592.34,0.0,0.0,0
15m,1771139700.0,1.5924,1.6029,1.591,1.5969,681423.22,0.0,0.0,0
15m,1771140600.0,1.5969,1.6259,1.5949,1.621,1151842.32,0.0,0.0,0
15m,1771141500.0,1.621,1.65,1.6167,1.6497,1857208.69,0.0,0.0,0
15m,1771142400.0,1.6497,1.6615,1.6436,1.6457,2861765.62,0.0,0.0,0
15m,1771143300.0,1.6457,1.671,1.644,1.6519,3083051.52,0.0,0.0,0
15m,1771144200.0,1.6519,1.6597,1.6152,1.6251,2254366.73,0.0,0.0,0
15m,1771145100.0,1.6251,1.627,1.612,1.6163,1290514.64,0.0,0.0,0
15m,1771146000.0,1.6163,1.6222,1.6073,1.6157,1381166.79,0.0,0.0,0
15m,1771146900.0,1.6157,1.6192,1.6087,1.6159,612354.85,0.0,0.0,0
15m,1771147800.0,1.6159,1.6231,1.6046,1.6086,526242.1,0.0,0.0,0
15m,1771148700.0,1.6086,1.6126,1.5889,1.5902,1116820.98,0.0,0.0,0
15m,1771149600.0,1.5902,1.5925,1.5733,1.5838,2274217.68,0.0,0.0,0
15m,1771150500.0,1.5838,1.5918,1.576,1.5918,1644208.53,0.0,0.0,0
15m,1771151400.0,1.5918,1.5973,1.5794,1.5847,899988.23,0.0,0.0,0
15m,1771152300.0,1.5847,1.5937,1.5832,1.5853,706856.31,0.0,0.0,0
15m,1771153200.0,1.5853,1.5953,1.5852,1.5901,275087.74,0.0,0.0,0
15m,1771154100.0,1.5901,1.5943,1.5815,1.5821,674902.83,0.0,0.0,0
15m,1771155000.0,1.5821,1.5828,1.5724,1.5749,325945.02,0.0,0.0,0
15m,1771155900.0,1.5749,1.5774,1.5576,1.5622,1382103.0,0.0,0.0,0
15m,1771156800.0,1.5622,1.566,1.5463,1.5546,1542502.08,0.0,0.0,0
15m,1771157700.0,1.5546,1.5647,1.5486,1.5616,859332.33,0.0,0.0,0
15m,1771158600.0,1.5616,1.5621,1.5439,1.5491,889624.23,0.0,0.0,0
15m,1771159500.0,1.5491,1.5508,1.5199,1.5208,2111829.54,0.0,0.0,0
15m,1771160400.0,1.5208,1.5364,1.5208,1.5335,1472705.65,0.0,0.0,0
15m,1771161300.0,1.5335,1.5403,1.5239,1.5244,1012903.49,0.0,0.0,0
15m,1771162200.0,1.5244,1.5295,1.5163,1.521,1243281.03,0.0,0.0,0
15m,1771163100.0,1.521,1.5254,1.5116,1.5193,983528.2,0.0,0.0,0
15m,1771164000.0,1.5193,1.5267,1.5152,1.5179,1112385.74,0.0,0.0,0
15m,1771164900.0,1.5179,1.526,1.5179,1.5222,596957.45,0.0,0.0,0
15m,1771165800.0,1.5222,1.5343,1.5202,1.5339,1022399.02,0.0,0.0,0
15m,1771166700.0,1.5339,1.5375,1.5301,1.5331,807409.85,0.0,0.0,0
15m,1771167600.0,1.5331,1.5438,1.5315,1.5385,819311.91,0.0,0.0,0
15m,1771168500.0,1.5385,1.5412,1.5225,1.5229,525377.02,0.0,0.0,0
15m,1771169400.0,1.5229,1.5276,1.5215,1.5276,284332.63,0.0,0.0,0
15m,1771170300.0,1.5276,1.5277,1.522,1.5236,179806.76,0.0,0.0,0
15m,1771171200.0,1.5236,1.5239,1.5073,1.5167,817253.31,0.0,0.0,0
15m,1771172100.0,1.5167,1.522,1.5123,1.5207,521240.44,0.0,0.0,0
15m,1771173000.0,1.5207,1.5207,1.5127,1.5183,228616.6,0.0,0.0,0
15m,1771173900.0,1.5183,1.5228,1.5172,1.5217,102450.78,0.0,0.0,0
15m,1771174800.0,1.5217,1.5243,1.5172,1.5186,156721.29,0.0,0.0,0
15m,1771175700.0,1.5186,1.5188,1.5091,1.5115,267782.49,0.0,0.0,0
15m,1771176600.0,1.5115,1.5124,1.5001,1.5012,516478.94,0.0,0.0,0
15m,1771177500.0,1.5012,1.5014,1.4822,1.494,2248626.16,0.0,0.0,0
15m,1771178400.0,1.494,1.4956,1.4834,1.4929,798271.34,0.0,0.0,0
15m,1771179300.0,1.4929,1.4929,1.4808,1.4814,663789.1,0.0,0.0,0
15m,1771180200.0,1.4814,1.4829,1.4726,1.4805,1154776.03,0.0,0.0,0
15m,1771181100.0,1.4805,1.482,1.4648,1.4692,1015564.98,0.0,0.0,0
15m,1771182000.0,1.4692,1.4699,1.4561,1.4614,1303769.71,0.0,0.0,0
15m,1771182900.0,1.4614,1.4685,1.4577,1.4662,413592.98,0.0,0.0,0
15m,1771183800.0,1.4662,1.4667,1.4478,1.4542,728045.57,0.0,0.0,0
15m,1771184700.0,1.4542,1.4591,1.4516,1.4538,412264.25,0.0,0.0,0
15m,1771185600.0,1.4538,1.4584,1.4452,1.4563,785123.09,0.0,0.0,0
15m,1771186500.0,1.4563,1.4613,1.45,1.4569,594407.99,0.0,0.0,0
15m,1771187400.0,1.4569,1.4673,1.4545,1.463,436541.84,0.0,0.0,0
15m,1771188300.0,1.463,1.4663,1.4576,1.462,463265.37,0.0,0.0,0
15m,1771189200.0,1.462,1.4678,1.4615,1.4661,414007.91,0.0,0.0,0
15m,1771190100.0,1.4661,1.4746,1.463,1.4709,503144.31,0.0,0.0,0
15m,1771191000.0,1.4709,1.4759,1.4649,1.4664,795247.24,0.0,0.0,0
15m,1771191900.0,1.4664,1.4741,1.4651,1.4721,279300.17,0.0,0.0,0
15m,1771192800.0,1.4721,1.4771,1.4685,1.4722,638659.75,0.0,0.0,0
15m,1771193700.0,1.4722,1.4806,1.4698,1.4759,494033.53,0.0,0.0,0
15m,1771194600.0,1.4759,1.4893,1.4749,1.4858,922835.56,0.0,0.0,0
15m,1771195500.0,1.4858,1.4901,1.481,1.4862,626274.41,0.0,0.0,0
15m,1771196400.0,1.4862,1.4866,1.4605,1.4646,616760.55,0.0,0.0,0
15m,1771197300.0,1.4646,1.4696,1.4583,1.4686,618196.78,0.0,0.0,0
15m,1771198200.0,1.4686,1.4776,1.4686,1.4712,515752.02,0.0,0.0,0
15m,1771199100.0,1.4712,1.4768,1.4705,1.4751,213518.04,0.0,0.0,0
15m,1771200000.0,1.4751,1.4865,1.4725,1.482,957295.24,0.0,0.0,0
15m,1771200900.0,1.482,1.487,1.4711,1.4763,598319.07,0.0,0.0,0
15m,1771201800.0,1.4763,1.4831,1.4733,1.4739,374327.38,0.0,0.0,0
15m,1771202700.0,1.4739,1.4812,1.4716,1.4788,578979.42,0.0,0.0,0
15m,1771203600.0,1.4788,1.4831,1.4743,1.4758,465404.32,0.0,0.0,0
15m,1771204500.0,1.4758,1.4787,1.4691,1.4726,620157.07,0.0,0.0,0
15m,1771205400.0,1.4726,1.4775,1.465,1.4708,248797.97,0.0,0.0,0
15m,1771206300.0,1.4708,1.4756,1.4697,1.4741,133878.53,0.0,0.0,0
15m,1771207200.0,1.4741,1.4807,1.4687,1.4748,145872.7,0.0,0.0,0
15m,1771208100.0,1.4748,1.4777,1.4618,1.4626,186996.76,0.0,0.0,0
15m,1771209000.0,1.4626,1.4651,1.4588,1.4627,154363.79,0.0,0.0,0
15m,1771209900.0,1.4627,1.4647,1.4541,1.4561,196548.69,0.0,0.0,0
15m,1771210800.0,1.4561,1.4621,1.4541,1.4603,198829.0,0.0,0.0,0
15m,1771211700.0,1.4603,1.4621,1.4538,1.4557,244879.95,0.0,0.0,0
15m,1771212600.0,1.4557,1.4616,1.4555,1.4614,209642.71,0.0,0.0,0
15m,1771213500.0,1.4614,1.4627,1.4583,1.4616,94399.34,0.0,0.0,0
15m,1771214400.0,1.4616,1.4699,1.4601,1.4684,348165.89,0.0,0.0,0
15m,1771215300.0,1.4684,1.4729,1.4665,1.4695,161854.98,0.0,0.0,0
15m,1771216200.0,1.4695,1.4713,1.4652,1.4659,141791.22,0.0,0.0,0
15m,1771217100.0,1.4659,1.4759,1.4646,1.4742,235274.2,0.0,0.0,0
15m,1771218000.0,1.4742,1.476,1.4565,1.4568,234984.79,0.0,0.0,0
15m,1771218900.0,1.4568,1.4607,1.4506,1.4548,267579.35,0.0,0.0,0
15m,1771219800.0,1.4548,1.4576,1.4485,1.4526,465870.76,0.0,0.0,0
15m,1771220700.0,1.4526,1.4591,1.4516,1.456,185411.96,0.0,0.0,0
15m,1771221600.0,1.456,1.4588,1.4548,1.4557,79115.8,0.0,0.0,0
15m,1771222500.0,1.4557,1.4613,1.4544,1.4603,616645.75,0.0,0.0,0
15m,1771223400.0,1.4603,1.4679,1.4594,1.4661,272086.72,0.0,0.0,0
15m,1771224300.0,1.4661,1.4684,1.4645,1.4652,187785.08,0.0,0.0,0
15m,1771225200.0,1.4652,1.4704,1.4604,1.4702,635903.96,0.0,0.0,0
15m,1771226100.0,1.4702,1.4711,1.4643,1.4649,173795.01,0.0,0.0,0
15m,1771227000.0,1.4649,1.4669,1.4578,1.4598,163281.89,0.0,0.0,0
15m,1771227900.0,1.4598,1.4631,1.4589,1.4612,131821.22,0.0,0.0,0
15m,1771228800.0,1.4612,1.4697,1.4612,1.4661,289805.71,0.0,0.0,0
15m,1771229700.0,1.4661,1.4709,1.4649,1.4703,277996.81,0.0,0.0,0
15m,1771230600.0,1.4703,1.4705,1.4653,1.4672,138223.97,0.0,0.0,0
15m,1771231500.0,1.4672,1.4709,1.4662,1.4702,230477.5,0.0,0.0,0
15m,1771232400.0,1.4702,1.483,1.469,1.4821,502820.44,0.0,0.0,0
15m,1771233300.0,1.4821,1.4998,1.4774,1.4976,457920.1,0.0,0.0,0
15m,1771234200.0,1.4976,1.5141,1.4929,1.5063,1111696.94,0.0,0.0,0
15m,1771235100.0,1.5063,1.5102,1.4987,1.5021,471765.32,0.0,0.0,0
15m,1771236000.0,1.5021,1.5029,1.4919,1.4951,325985.77,0.0,0.0,0
15m,1771236900.0,1.4951,1.4964,1.4841,1.4878,336333.07,0.0,0.0,0
15m,1771237800.0,1.4878,1.4926,1.4835,1.487,260283.9,0.0,0.0,0
15m,1771238700.0,1.487,1.4934,1.4863,1.4903,285610.34,0.0,0.0,0
15m,1771239600.0,1.4903,1.4931,1.4734,1.4759,477254.76,0.0,0.0,0
15m,1771240500.0,1.4759,1.4848,1.4685,1.4826,419840.86,0.0,0.0,0
15m,1771241400.0,1.4826,1.4855,1.4769,1.4788,205660.94,0.0,0.0,0
15m,1771242300.0,1.4788,1.4879,1.4772,1.4834,251998.76,0.0,0.0,0
15m,1771243200.0,1.4834,1.49,1.4805,1.4886,468029.0,0.0,0.0,0
15m,1771244100.0,1.4886,1.5018,1.48,1.4975,655503.18,0.0,0.0,0
15m,1771245000.0,1.4975,1.5042,1.4923,1.4984,771255.8,0.0,0.0,0
15m,1771245900.0,1.4984,1.508,1.4955,1.5049,549585.59,0.0,0.0,0
15m,1771246800.0,1.5049,1.5164,1.5024,1.5058,924498.72,0.0,0.0,0
15m,1771247700.0,1.5058,1.5137,1.482,1.485,1497669.18,0.0,0.0,0
15m,1771248600.0,1.485,1.4967,1.4807,1.4917,1546588.32,0.0,0.0,0
15m,1771249500.0,1.4917,1.4934,1.4816,1.4905,486861.56,0.0,0.0,0
15m,1771250400.0,1.4905,1.5028,1.485,1.4977,738438.51,0.0,0.0,0
15m,1771251300.0,1.4977,1.5024,1.4846,1.4889,638950.13,0.0,0.0,0
15m,1771252200.0,1.4889,1.5082,1.4878,1.5007,739078.78,0.0,0.0,0
15m,1771253100.0,1.5007,1.5089,1.4913,1.4946,513388.75,0.0,0.0,0
15m,1771254000.0,1.4946,1.5031,1.4921,1.4933,572878.52,0.0,0.0,0
15m,1771254900.0,1.4933,1.4959,1.4862,1.4874,456447.09,0.0,0.0,0
15m,1771255800.0,1.4874,1.4874,1.4615,1.4701,1765803.73,0.0,0.0,0
15m,1771256700.0,1.4701,1.4775,1.4667,1.4739,772362.28,0.0,0.0,0
15m,1771257600.0,1.4739,1.4944,1.4725,1.4889,665782.88,0.0,0.0,0
15m,1771258500.0,1.4889,1.4947,1.4822,1.4865,374413.17,0.0,0.0,0
15m,1771259400.0,1.4865,1.4928,1.478,1.4919,566180.28,0.0,0.0,0
15m,1771260300.0,1.4919,1.4933,1.4852,1.4873,232462.6,0.0,0.0,0
15m,1771261200.0,1.4873,1.4925,1.4837,1.487,478864.62,0.0,0.0,0
15m,1771262100.0,1.487,1.491,1.4813,1.4896,296159.35,0.0,0.0,0
15m,1771263000.0,1.4896,1.4931,1.4866,1.4882,468277.85,0.0,0.0,0
15m,1771263900.0,1.4882,1.4883,1.4823,1.4831,439924.34,0.0,0.0,0
15m,1771264800.0,1.4831,1.4869,1.4815,1.4819,162291.63,0.0,0.0,0
15m,1771265700.0,1.4819,1.4863,1.4789,1.4801,212999.63,0.0,0.0,0
15m,1771266600.0,1.4801,1.4829,1.4762,1.4769,126563.5,0.0,0.0,0
15m,1771267500.0,1.4769,1.48,1.4711,1.4719,184124.87,0.0,0.0,0
15m,1771268400.0,1.4719,1.4812,1.4719,1.4784,283264.35,0.0,0.0,0
15m,1771269300.0,1.4784,1.479,1.4718,1.4761,140539.83,0.0,0.0,0
15m,1771270200.0,1.4761,1.4822,1.4758,1.4804,148264.82,0.0,0.0,0
15m,1771271100.0,1.4804,1.481,1.4747,1.4753,120692.79,0.0,0.0,0
15m,1771272000.0,1.4753,1.4753,1.4697,1.4717,303277.0,0.0,0.0,0
15m,1771272900.0,1.4717,1.4804,1.4685,1.478,318555.05,0.0,0.0,0
15m,1771273800.0,1.478,1.4797,1.4756,1.4782,163488.46,0.0,0.0,0
15m,1771274700.0,1.4782,1.4889,1.4781,1.4859,448675.12,0.0,0.0,0
15m,1771275600.0,1.4859,1.4859,1.4809,1.4841,140048.11,0.0,0.0,0
15m,1771276500.0,1.4841,1.4867,1.4819,1.4836,161305.09,0.0,0.0,0
15m,1771277400.0,1.4836,1.4856,1.4817,1.4832,130513.98,0.0,0.0,0
15m,1771278300.0,1.4832,1.4935,1.4812,1.4914,200553.29,0.0,0.0,0
15m,1771279200.0,1.4914,1.4938,1.4848,1.4859,468434.46,0.0,0.0,0
15m,1771280100.0,1.4859,1.4877,1.4847,1.4859,204602.46,0.0,0.0,0
15m,1771281000.0,1.4859,1.4878,1.4817,1.4853,172549.9,0.0,0.0,0
15m,1771281900.0,1.4853,1.4866,1.4826,1.4837,137203.29,0.0,0.0,0
15m,1771282800.0,1.4837,1.4899,1.482,1.4884,104094.44,0.0,0.0,0
15m,1771283700.0,1.4884,1.4904,1.4838,1.4849,160586.26,0.0,0.0,0
15m,1771284600.0,1.4849,1.4881,1.4842,1.4843,114045.67,0.0,0.0,0
15m,1771285500.0,1.4843,1.49,1.4843,1.4875,165279.78,0.0,0.0,0
15m,1771286400.0,1.4875,1.489,1.4842,1.4869,129049.0,0.0,0.0,0
15m,1771287300.0,1.4869,1.488,1.4833,1.4851,94406.02,0.0,0.0,0
15m,1771288200.0,1.4851,1.4888,1.4836,1.4863,271130.31,0.0,0.0,0
15m,1771289100.0,1.4863,1.4909,1.4818,1.4836,192652.64,0.0,0.0,0
15m,1771290000.0,1.4836,1.4917,1.4836,1.4885,224917.83,0.0,0.0,0
15m,1771290900.0,1.4885,1.4885,1.484,1.4843,115111.9,0.0,0.0,0
15m,1771291800.0,1.4843,1.4903,1.4835,1.4871,118934.27,0.0,0.0,0
15m,1771292700.0,1.4871,1.4884,1.4789,1.4794,309829.45,0.0,0.0,0
15m,1771293600.0,1.4794,1.4912,1.473,1.4896,653125.89,0.0,0.0,0
15m,1771294500.0,1.4896,1.4934,1.4863,1.487,288168.36,0.0,0.0,0
15m,1771295400.0,1.487,1.4905,1.4866,1.4901,165924.62,0.0,0.0,0
15m,1771296300.0,1.4901,1.4922,1.4871,1.4872,267187.88,0.0,0.0,0
15m,1771297200.0,1.4872,1.4886,1.4825,1.4852,283115.53,0.0,0.0,0
15m,1771298100.0,1.4852,1.4898,1.4843,1.4873,74864.11,0.0,0.0,0
15m,1771299000.0,1.4873,1.4883,1.4826,1.4881,133573.69,0.0,0.0,0
15m,1771299900.0,1.4881,1.4883,1.4827,1.4829,190014.34,0.0,0.0,0
15m,1771300800.0,1.4829,1.4834,1.4768,1.4809,106159.96,0.0,0.0,0
15m,1771301700.0,1.4809,1.4846,1.4775,1.483,90547.25,0.0,0.0,0
15m,1771302600.0,1.483,1.4845,1.4746,1.4841,300476.62,0.0,0.0,0
15m,1771303500.0,1.4841,1.4889,1.4838,1.4864,148769.6,0.0,0.0,0
15m,1771304400.0,1.4864,1.4879,1.4809,1.4811,124881.41,0.0,0.0,0
15m,1771305300.0,1.4811,1.4816,1.4744,1.4794,254365.84,0.0,0.0,0
15m,1771306200.0,1.4794,1.4794,1.4708,1.4768,221873.85,0.0,0.0,0
15m,1771307100.0,1.4768,1.4794,1.474,1.4757,113881.33,0.0,0.0,0
15m,1771308000.0,1.4757,1.4799,1.4757,1.4776,69731.92,0.0,0.0,0
15m,1771308900.0,1.4776,1.4792,1.4743,1.4764,109653.32,0.0,0.0,0
15m,1771309800.0,1.4764,1.4802,1.4742,1.479,195005.44,0.0,0.0,0
15m,1771310700.0,1.479,1.4807,1.4777,1.4789,90072.61,0.0,0.0,0
15m,1771311600.0,1.4789,1.4789,1.4694,1.4704,162656.46,0.0,0.0,0
15m,1771312500.0,1.4704,1.4735,1.4699,1.4713,84858.79,0.0,0.0,0
15m,1771313400.0,1.4713,1.476,1.4699,1.4734,86695.63,0.0,0.0,0
15m,1771314300.0,1.4734,1.4757,1.4718,1.4732,162926.45,0.0,0.0,0
15m,1771315200.0,1.4732,1.4769,1.4725,1.4741,313491.41,0.0,0.0,0
15m,1771316100.0,1.4741,1.4748,1.4709,1.4716,102050.99,0.0,0.0,0
15m,1771317000.0,1.4716,1.473,1.4639,1.4668,293148.76,0.0,0.0,0
15m,1771317900.0,1.4668,1.4686,1.4662,1.4667,138110.93,0.0,0.0,0
15m,1771318800.0,1.4667,1.4672,1.4584,1.4596,377577.75,0.0,0.0,0
15m,1771319700.0,1.4596,1.4611,1.4563,1.458,294071.12,0.0,0.0,0
15m,1771320600.0,1.458,1.4587,1.4538,1.4578,238495.59,0.0,0.0,0
15m,1771321500.0,1.4578,1.4613,1.4565,1.4613,235764.87,0.0,0.0,0
15m,1771322400.0,1.4613,1.4624,1.4585,1.46,125277.51,0.0,0.0,0
15m,1771323300.0,1.46,1.46,1.4525,1.4546,220495.65,0.0,0.0,0
15m,1771324200.0,1.4546,1.4577,1.4535,1.4556,137200.72,0.0,0.0,0
15m,1771325100.0,1.4556,1.4561,1.4514,1.4555,164049.51,0.0,0.0,0
15m,1771326000.0,1.4555,1.4599,1.4536,1.4591,445506.24,0.0,0.0,0
15m,1771326900.0,1.4591,1.4596,1.4543,1.4575,211944.6,0.0,0.0,0
15m,1771327800.0,1.4575,1.4584,1.452,1.4526,148118.09,0.0,0.0,0
15m,1771328700.0,1.4526,1.4534,1.45,1.4527,404913.42,0.0,0.0,0
15m,1771329600.0,1.4527,1.4602,1.452,1.4577,210603.11,0.0,0.0,0
15m,1771330500.0,1.4577,1.4593,1.4555,1.4577,208208.86,0.0,0.0,0
15m,1771331400.0,1.4577,1.4629,1.4553,1.4606,298638.43,0.0,0.0,0
15m,1771332300.0,1.4606,1.461,1.4545,1.4567,253314.75,0.0,0.0,0
15m,1771333200.0,1.4567,1.4593,1.4517,1.4588,215994.49,0.0,0.0,0
15m,1771334100.0,1.4588,1.4628,1.4538,1.4564,187988.31,0.0,0.0,0
15m,1771335000.0,1.4564,1.4571,1.4532,1.4557,321792.54,0.0,0.0,0
15m,1771335900.0,1.4557,1.4634,1.4542,1.4579,491742.23,0.0,0.0,0
15m,1771336800.0,1.4579,1.4627,1.4551,1.4554,309681.41,0.0,0.0,0
15m,1771337700.0,1.4554,1.4569,1.4523,1.4535,368807.07,0.0,0.0,0
15m,1771338600.0,1.4535,1.4608,1.4321,1.4354,1367916.66,0.0,0.0,0
15m,1771339500.0,1.4354,1.439,1.4272,1.4355,1228160.94,0.0,0.0,0
15m,1771340400.0,1.4355,1.4501,1.4345,1.4436,644755.83,0.0,0.0,0
15m,1771341300.0,1.4436,1.4557,1.4433,1.4478,444811.6,0.0,0.0,0
15m,1771342200.0,1.4478,1.4527,1.4427,1.452,415980.44,0.0,0.0,0
15m,1771343100.0,1.452,1.4583,1.4499,1.4569,443507.1,0.0,0.0,0
15m,1771344000.0,1.4569,1.4866,1.4569,1.4782,1289345.98,0.0,0.0,0
15m,1771344900.0,1.4782,1.485,1.471,1.473,746815.08,0.0,0.0,0
15m,1771345800.0,1.473,1.4949,1.4694,1.4845,1000031.86,0.0,0.0,0
15m,1771346700.0,1.4845,1.4864,1.4762,1.4771,319732.06,0.0,0.0,0
15m,1771347600.0,1.4771,1.4796,1.4611,1.4673,415645.63,0.0,0.0,0
15m,1771348500.0,1.4673,1.4739,1.4657,1.4737,254678.51,0.0,0.0,0
15m,1771349400.0,1.4737,1.4743,1.4585,1.4594,285594.5,0.0,0.0,0
15m,1771350300.0,1.4594,1.4671,1.457,1.4654,284813.17,0.0,0.0,0
15m,1771351200.0,1.4654,1.4708,1.4639,1.4687,126978.14,0.0,0.0,0
15m,1771352100.0,1.4687,1.4858,1.4654,1.4833,747174.87,0.0,0.0,0
15m,1771353000.0,1.4833,1.4896,1.4775,1.4851,583583.96,0.0,0.0,0
15m,1771353900.0,1.4851,1.4893,1.4833,1.4834,305892.14,0.0,0.0,0
15m,1771354800.0,1.4834,1.4879,1.4822,1.4858,429850.35,0.0,0.0,0
15m,1771355700.0,1.4858,1.4892,1.4785,1.4794,286089.03,0.0,0.0,0
15m,1771356600.0,1.4794,1.4823,1.4763,1.482,180866.43,0.0,0.0,0
15m,1771357500.0,1.482,1.4869,1.4816,1.4856,149795.55,0.0,0.0,0
15m,1771358400.0,1.4856,1.4884,1.4758,1.4794,393042.08,0.0,0.0,0
15m,1771359300.0,1.4794,1.4846,1.4767,1.4826,160265.9,0.0,0.0,0
15m,1771360200.0,1.4826,1.4853,1.4753,1.4833,201056.9,0.0,0.0,0
15m,1771361100.0,1.4833,1.489,1.4795,1.4877,499133.3,0.0,0.0,0
15m,1771362000.0,1.4877,1.4937,1.4855,1.4911,435254.38,0.0,0.0,0
15m,1771362900.0,1.4911,1.4916,1.4822,1.4836,137198.33,0.0,0.0,0
15m,1771363800.0,1.4836,1.4844,1.4795,1.482,429103.75,0.0,0.0,0
15m,1771364700.0,1.482,1.4855,1.4817,1.4838,93399.32,0.0,0.0,0
15m,1771365600.0,1.4838,1.4848,1.4802,1.4805,138395.67,0.0,0.0,0
15m,1771366500.0,1.4805,1.4823,1.4769,1.479,92251.19,0.0,0.0,0
15m,1771367400.0,1.479,1.4808,1.4762,1.4768,69021.32,0.0,0.0,0
15m,1771368300.0,1.4768,1.4791,1.473,1.4746,45180.44,0.0,0.0,0
15m,1771369200.0,1.4746,1.4753,1.4706,1.4738,153371.14,0.0,0.0,0
15m,1771370100.0,1.4738,1.4771,1.4727,1.4729,47447.07,0.0,0.0,0
15m,1771371000.0,1.4729,1.4757,1.4721,1.4755,47933.19,0.0,0.0,0
15m,1771371900.0,1.4755,1.4772,1.4736,1.474,122969.78,0.0,0.0,0
15m,1771372800.0,1.474,1.4791,1.4738,1.4775,95807.64,0.0,0.0,0
15m,1771373700.0,1.4775,1.4782,1.4718,1.4749,354385.93,0.0,0.0,0
15m,1771374600.0,1.4749,1.4792,1.4746,1.4757,113329.95,0.0,0.0,0
15m,1771375500.0,1.4757,1.4757,1.4689,1.4696,166202.49,0.0,0.0,0
15m,1771376400.0,1.4696,1.4709,1.4635,1.4676,249948.2,0.0,0.0,0
15m,1771377300.0,1.4676,1.4695,1.4662,1.4678,157253.96,0.0,0.0,0
15m,1771378200.0,1.4678,1.4707,1.4643,1.4689,167928.18,0.0,0.0,0
15m,1771379100.0,1.4689,1.4695,1.4639,1.4669,326299.78,0.0,0.0,0
15m,1771380000.0,1.4669,1.4731,1.4664,1.4703,118764.84,0.0,0.0,0
15m,1771380900.0,1.4703,1.4712,1.467,1.4679,73990.77,0.0,0.0,0
15m,1771381800.0,1.4679,1.4749,1.4676,1.4746,86101.05,0.0,0.0,0
15m,1771382700.0,1.4746,1.4767,1.4724,1.4754,75903.95,0.0,0.0,0
15m,1771383600.0,1.4754,1.4785,1.4742,1.4767,115834.23,0.0,0.0,0
15m,1771384500.0,1.4767,1.48,1.4767,1.4791,109509.56,0.0,0.0,0
15m,1771385400.0,1.4791,1.4833,1.4768,1.4809,139864.59,0.0,0.0,0
15m,1771386300.0,1.4809,1.4826,1.4793,1.4794,58231.82,0.0,0.0,0
15m,1771387200.0,1.4794,1.4848,1.4784,1.481,206195.21,0.0,0.0,0
15m,1771388100.0,1.481,1.4833,1.4788,1.4793,112435.55,0.0,0.0,0
15m,1771389000.0,1.4793,1.4804,1.4763,1.4776,82281.37,0.0,0.0,0
15m,1771389900.0,1.4776,1.482,1.4765,1.4806,116522.35,0.0,0.0,0
15m,1771390800.0,1.4806,1.4866,1.4802,1.4851,196122.87,0.0,0.0,0
15m,1771391700.0,1.4851,1.4875,1.479,1.4792,117082.61,0.0,0.0,0
15m,1771392600.0,1.4792,1.4811,1.477,1.4779,251055.41,0.0,0.0,0
15m,1771393500.0,1.4779,1.4798,1.4753,1.4759,665623.86,0.0,0.0,0
15m,1771394400.0,1.4759,1.4804,1.4754,1.4798,477926.23,0.0,0.0,0
15m,1771395300.0,1.4798,1.4831,1.4792,1.4808,97078.97,0.0,0.0,0
15m,1771396200.0,1.4808,1.4825,1.4795,1.4818,87097.35,0.0,0.0,0
15m,1771397100.0,1.4818,1.4839,1.4801,1.4801,64342.6,0.0,0.0,0
15m,1771398000.0,1.4801,1.4819,1.4794,1.4795,70724.72,0.0,0.0,0
15m,1771398900.0,1.4795,1.4805,1.4767,1.4786,43673.6,0.0,0.0,0
15m,1771399800.0,1.4786,1.4847,1.4777,1.4836,131637.0,0.0,0.0,0
15m,1771400700.0,1.4836,1.4887,1.483,1.4868,136970.2,0.0,0.0,0
15m,1771401600.0,1.4868,1.4894,1.4858,1.4872,256634.73,0.0,0.0,0
15m,1771402500.0,1.4872,1.4936,1.4864,1.4889,154994.68,0.0,0.0,0
15m,1771403400.0,1.4889,1.49,1.4856,1.4877,67403.65,0.0,0.0,0
15m,1771404300.0,1.4877,1.4938,1.4877,1.4893,292980.26,0.0,0.0,0
15m,1771405200.0,1.4893,1.4901,1.4864,1.4884,91769.37,0.0,0.0,0
15m,1771406100.0,1.4884,1.4891,1.4847,1.4861,52557.98,0.0,0.0,0
15m,1771407000.0,1.4861,1.4923,1.4859,1.4908,65117.03,0.0,0.0,0
15m,1771407900.0,1.4908,1.4908,1.4858,1.4877,85716.4,0.0,0.0,0
15m,1771408800.0,1.4877,1.4901,1.4852,1.4891,135559.16,0.0,0.0,0
15m,1771409700.0,1.4891,1.4897,1.4832,1.4848,80933.07,0.0,0.0,0
15m,1771410600.0,1.4848,1.4848,1.4766,1.4772,231370.75,0.0,0.0,0
15m,1771411500.0,1.4772,1.4794,1.4764,1.4784,241601.68,0.0,0.0,0
15m,1771412400.0,1.4784,1.4786,1.4636,1.4709,513515.47,0.0,0.0,0
15m,1771413300.0,1.4709,1.4733,1.4691,1.4709,193164.94,0.0,0.0,0
15m,1771414200.0,1.4709,1.4723,1.4685,1.4703,218307.82,0.0,0.0,0
15m,1771415100.0,1.4703,1.4727,1.4662,1.4665,85913.95,0.0,0.0,0
15m,1771416000.0,1.4665,1.4715,1.4658,1.4671,165765.64,0.0,0.0,0
15m,1771416900.0,1.4671,1.4683,1.4648,1.4662,373940.05,0.0,0.0,0
15m,1771417800.0,1.4662,1.4673,1.4588,1.4661,442841.66,0.0,0.0,0
15m,1771418700.0,1.4661,1.4685,1.4642,1.4649,304628.74,0.0,0.0,0
15m,1771419600.0,1.4649,1.4674,1.4606,1.4658,259885.14,0.0,0.0,0
15m,1771420500.0,1.4658,1.4708,1.4656,1.4703,114062.84,0.0,0.0,0
15m,1771421400.0,1.4703,1.4715,1.4651,1.4682,317563.64,0.0,0.0,0
15m,1771422300.0,1.4682,1.4705,1.4617,1.4688,606938.71,0.0,0.0,0
15m,1771423200.0,1.4688,1.471,1.4624,1.4636,358958.29,0.0,0.0,0
15m,1771424100.0,1.4636,1.4651,1.4592,1.4592,410366.35,0.0,0.0,0
15m,1771425000.0,1.4592,1.466,1.4582,1.4594,494650.4,0.0,0.0,0
15m,1771425900.0,1.4594,1.468,1.4521,1.4655,511460.9,0.0,0.0,0
15m,1771426800.0,1.4655,1.4732,1.4641,1.4672,415334.26,0.0,0.0,0
15m,1771427700.0,1.4672,1.471,1.4647,1.4662,154975.34,0.0,0.0,0
15m,1771428600.0,1.4662,1.4887,1.4657,1.483,647939.95,0.0,0.0,0
15m,1771429500.0,1.483,1.4841,1.4741,1.4766,292485.47,0.0,0.0,0
15m,1771430400.0,1.4766,1.4771,1.4568,1.4599,549606.92,0.0,0.0,0
15m,1771431300.0,1.4599,1.4652,1.4571,1.4635,290810.41,0.0,0.0,0
15m,1771432200.0,1.4635,1.4636,1.4572,1.4621,196901.83,0.0,0.0,0
15m,1771433100.0,1.4621,1.4629,1.4575,1.4599,214329.02,0.0,0.0,0
15m,1771434000.0,1.4599,1.4712,1.4596,1.4616,325073.83,0.0,0.0,0
15m,1771434900.0,1.4616,1.4629,1.4556,1.4577,294814.69,0.0,0.0,0
15m,1771435800.0,1.4577,1.4602,1.4556,1.4561,125849.16,0.0,0.0,0
15m,1771436700.0,1.4561,1.4582,1.4548,1.4565,263219.7,0.0,0.0,0
15m,1771437600.0,1.4565,1.4586,1.4551,1.4582,203436.7,0.0,0.0,0
15m,1771438500.0,1.4582,1.4589,1.4452,1.4511,499104.64,0.0,0.0,0
15m,1771439400.0,1.4511,1.4541,1.4401,1.4416,357124.27,0.0,0.0,0
15m,1771440300.0,1.4416,1.447,1.4404,1.441,320347.01,0.0,0.0,0
15m,1771441200.0,1.441,1.4458,1.4381,1.4392,899913.32,0.0,0.0,0
15m,1771442100.0,1.4392,1.4398,1.4296,1.4348,915581.67,0.0,0.0,0
15m,1771443000.0,1.4348,1.4359,1.4192,1.4248,1394083.55,0.0,0.0,0
15m,1771443900.0,1.4248,1.4298,1.42,1.4229,638881.63,0.0,0.0,0
15m,1771444800.0,1.4229,1.4295,1.4227,1.4265,433519.91,0.0,0.0,0
15m,1771445700.0,1.4265,1.4271,1.4208,1.4248,214444.05,0.0,0.0,0
15m,1771446600.0,1.4248,1.4333,1.4245,1.4281,252266.09,0.0,0.0,0
15m,1771447500.0,1.4281,1.4313,1.4208,1.4221,567173.78,0.0,0.0,0
15m,1771448400.0,1.4221,1.4241,1.4172,1.4221,270972.97,0.0,0.0,0
15m,1771449300.0,1.4221,1.4279,1.4215,1.4275,136592.26,0.0,0.0,0
15m,1771450200.0,1.4275,1.429,1.4247,1.4254,118535.92,0.0,0.0,0
15m,1771451100.0,1.4254,1.4258,1.418,1.4202,202392.76,0.0,0.0,0
15m,1771452000.0,1.4202,1.4225,1.4155,1.4183,285234.36,0.0,0.0,0
15m,1771452900.0,1.4183,1.4218,1.417,1.4187,212052.74,0.0,0.0,0
15m,1771453800.0,1.4187,1.4241,1.4172,1.4212,138511.89,0.0,0.0,0
15m,1771454700.0,1.4212,1.4243,1.4201,1.4207,96353.88,0.0,0.0,0
15m,1771455600.0,1.4207,1.4209,1.4126,1.416,212741.84,0.0,0.0,0
15m,1771456500.0,1.416,1.4162,1.4112,1.4112,231560.83,0.0,0.0,0
15m,1771457400.0,1.4112,1.4193,1.4104,1.4188,196745.28,0.0,0.0,0
15m,1771458300.0,1.4188,1.4229,1.4175,1.4218,265475.02,0.0,0.0,0
15m,1771459200.0,1.4218,1.4242,1.4176,1.4185,213242.57,0.0,0.0,0
15m,1771460100.0,1.4185,1.4237,1.4165,1.4199,106156.61,0.0,0.0,0
15m,1771461000.0,1.4199,1.4224,1.4186,1.4212,126053.65,0.0,0.0,0
15m,1771461900.0,1.4212,1.4227,1.4151,1.4173,154834.37,0.0,0.0,0
15m,1771462800.0,1.4173,1.4264,1.4173,1.4231,531591.42,0.0,0.0,0
15m,1771463700.0,1.4231,1.4232,1.4146,1.4207,349986.4,0.0,0.0,0
15m,1771464600.0,1.4207,1.4249,1.4189,1.4226,384373.74,0.0,0.0,0
15m,1771465500.0,1.4226,1.4268,1.4222,1.4268,343839.78,0.0,0.0,0
15m,1771466400.0,1.4268,1.428,1.4243,1.4258,106436.69,0.0,0.0,0
15m,1771467300.0,1.4258,1.4299,1.4253,1.4298,118808.46,0.0,0.0,0
15m,1771468200.0,1.4298,1.4298,1.42,1.4207,180661.52,0.0,0.0,0
15m,1771469100.0,1.4207,1.4275,1.4206,1.4265,105065.39,0.0,0.0,0
15m,1771470000.0,1.4265,1.4286,1.4223,1.4236,353750.78,0.0,0.0,0
15m,1771470900.0,1.4236,1.4276,1.4235,1.4272,439391.44,0.0,0.0,0
15m,1771471800.0,1.4272,1.428,1.4239,1.4258,127526.07,0.0,0.0,0
15m,1771472700.0,1.4258,1.4301,1.424,1.4286,119901.99,0.0,0.0,0
15m,1771473600.0,1.4286,1.4308,1.4268,1.4279,79829.59,0.0,0.0,0
15m,1771474500.0,1.4279,1.4284,1.4212,1.4223,92673.44,0.0,0.0,0
15m,1771475400.0,1.4223,1.4242,1.4182,1.4182,99897.09,0.0,0.0,0
15m,1771476300.0,1.4182,1.4198,1.4164,1.4178,160143.07,0.0,0.0,0
15m,1771477200.0,1.4178,1.4211,1.4104,1.4129,300963.06,0.0,0.0,0
15m,1771478100.0,1.4129,1.4158,1.4051,1.4083,386909.92,0.0,0.0,0
15m,1771479000.0,1.4083,1.4114,1.4078,1.4078,66641.03,0.0,0.0,0
15m,1771479900.0,1.4078,1.4135,1.4062,1.4126,154665.0,0.0,0.0,0
15m,1771480800.0,1.4126,1.4227,1.412,1.4218,216499.03,0.0,0.0,0
15m,1771481700.0,1.4218,1.4253,1.4209,1.4229,136015.88,0.0,0.0,0
15m,1771482600.0,1.4229,1.4262,1.4212,1.4216,143005.26,0.0,0.0,0
15m,1771483500.0,1.4216,1.4275,1.421,1.4275,235580.98,0.0,0.0,0
15m,1771484400.0,1.4275,1.4289,1.4218,1.4246,258174.67,0.0,0.0,0
15m,1771485300.0,1.4246,1.434,1.4242,1.4321,219708.66,0.0,0.0,0
15m,1771486200.0,1.4321,1.4382,1.429,1.4314,751557.67,0.0,0.0,0
15m,1771487100.0,1.4314,1.4355,1.4283,1.4328,186835.26,0.0,0.0,0
15m,1771488000.0,1.4328,1.4341,1.4252,1.4263,373099.93,0.0,0.0,0
15m,1771488900.0,1.4263,1.4267,1.4213,1.4232,136732.99,0.0,0.0,0
15m,1771489800.0,1.4232,1.4237,1.4147,1.4179,890170.07,0.0,0.0,0
15m,1771490700.0,1.4179,1.4182,1.4152,1.4168,155548.58,0.0,0.0,0
15m,1771491600.0,1.4168,1.42,1.414,1.4195,176761.31,0.0,0.0,0
15m,1771492500.0,1.4195,1.4278,1.4171,1.4246,398644.77,0.0,0.0,0
15m,1771493400.0,1.4246,1.4266,1.4232,1.4238,83771.45,0.0,0.0,0
15m,1771494300.0,1.4238,1.424,1.4144,1.4152,432522.18,0.0,0.0,0
15m,1771495200.0,1.4152,1.4166,1.4095,1.4138,188007.56,0.0,0.0,0
15m,1771496100.0,1.4138,1.4174,1.4138,1.4155,90794.86,0.0,0.0,0
15m,1771497000.0,1.4155,1.4158,1.4109,1.4139,142288.72,0.0,0.0,0
15m,1771497900.0,1.4139,1.4144,1.4076,1.4109,200916.3,0.0,0.0,0
15m,1771498800.0,1.4109,1.4169,1.4099,1.4163,141921.63,0.0,0.0,0
15m,1771499700.0,1.4163,1.4171,1.4128,1.4129,82875.2,0.0,0.0,0
15m,1771500600.0,1.4129,1.414,1.4083,1.4099,154583.35,0.0,0.0,0
15m,1771501500.0,1.4099,1.4114,1.4064,1.4094,282967.72,0.0,0.0,0
15m,1771502400.0,1.4094,1.4144,1.409,1.4117,436644.21,0.0,0.0,0
15m,1771503300.0,1.4117,1.4138,1.4102,1.4129,123373.4,0.0,0.0,0
15m,1771504200.0,1.4129,1.4132,1.4085,1.4088,255847.38,0.0,0.0,0
15m,1771505100.0,1.4088,1.4101,1.4057,1.4079,232076.06,0.0,0.0,0
15m,1771506000.0,1.4079,1.4093,1.4016,1.4076,576594.79,0.0,0.0,0
15m,1771506900.0,1.4076,1.4084,1.3958,1.3974,664891.92,0.0,0.0,0
15m,1771507800.0,1.3974,1.4011,1.3895,1.3907,1165294.19,0.0,0.0,0
15m,1771508700.0,1.3907,1.3953,1.3866,1.392,946578.68,0.0,0.0,0
15m,1771509600.0,1.392,1.3997,1.3919,1.398,618646.21,0.0,0.0,0
15m,1771510500.0,1.398,1.3993,1.392,1.3979,597606.41,0.0,0.0,0
15m,1771511400.0,1.3979,1.4043,1.3897,1.4019,1097948.1,0.0,0.0,0
15m,1771512300.0,1.4019,1.4052,1.3972,1.4008,1009237.01,0.0,0.0,0
15m,1771513200.0,1.4008,1.4099,1.39,1.3912,760137.66,0.0,0.0,0
15m,1771514100.0,1.3912,1.3979,1.3871,1.3882,505995.53,0.0,0.0,0
15m,1771515000.0,1.3882,1.403,1.3863,1.3985,581698.37,0.0,0.0,0
15m,1771515900.0,1.3985,1.4014,1.3912,1.3976,371409.75,0.0,0.0,0
15m,1771516800.0,1.3976,1.3976,1.3819,1.3861,668964.01,0.0,0.0,0
15m,1771517700.0,1.3861,1.3988,1.3857,1.3882,847206.95,0.0,0.0,0
15m,1771518600.0,1.3882,1.3975,1.3882,1.3941,394959.77,0.0,0.0,0
15m,1771519500.0,1.3941,1.3958,1.3889,1.3921,254703.99,0.0,0.0,0
15m,1771520400.0,1.3921,1.4038,1.3912,1.4033,413404.11,0.0,0.0,0
15m,1771521300.0,1.4033,1.4129,1.4011,1.4039,785998.73,0.0,0.0,0
15m,1771522200.0,1.4039,1.4049,1.3987,1.4012,206395.09,0.0,0.0,0
15m,1771523100.0,1.4012,1.4023,1.3909,1.3961,266744.29,0.0,0.0,0
15m,1771524000.0,1.3961,1.4044,1.3942,1.4037,262260.02,0.0,0.0,0
15m,1771524900.0,1.4037,1.4118,1.3994,1.4105,232357.44,0.0,0.0,0
15m,1771525800.0,1.4105,1.4126,1.404,1.4123,176160.64,0.0,0.0,0
15m,1771526700.0,1.4123,1.4141,1.4092,1.4132,248643.19,0.0,0.0,0
15m,1771527600.0,1.4132,1.4187,1.4107,1.4138,321323.25,0.0,0.0,0
15m,1771528500.0,1.4138,1.4143,1.4082,1.4097,225590.18,0.0,0.0,0
15m,1771529400.0,1.4097,1.4108,1.4041,1.4074,211748.18,0.0,0.0,0
15m,1771530300.0,1.4074,1.414,1.4045,1.4124,278901.75,0.0,0.0,0
15m,1771531200.0,1.4124,1.4127,1.4067,1.408,463646.27,0.0,0.0,0
15m,1771532100.0,1.408,1.4081,1.4044,1.4064,303712.24,0.0,0.0,0
15m,1771533000.0,1.4064,1.4092,1.4051,1.4086,114478.59,0.0,0.0,0
15m,1771533900.0,1.4086,1.4148,1.4086,1.4112,225305.89,0.0,0.0,0
15m,1771534800.0,1.4112,1.4123,1.4094,1.4096,293102.28,0.0,0.0,0
15m,1771535700.0,1.4096,1.413,1.4088,1.4124,106106.37,0.0,0.0,0
15m,1771536600.0,1.4124,1.4129,1.4101,1.4102,113392.6,0.0,0.0,0
15m,1771537500.0,1.4102,1.411,1.4073,1.4081,60209.11,0.0,0.0,0
15m,1771538400.0,1.4081,1.411,1.4038,1.4097,214042.36,0.0,0.0,0
15m,1771539300.0,1.4097,1.4097,1.4034,1.4041,141143.83,0.0,0.0,0
15m,1771540200.0,1.4041,1.4041,1.3975,1.3985,170397.19,0.0,0.0,0
15m,1771541100.0,1.3985,1.4031,1.3954,1.4012,119602.97,0.0,0.0,0
15m,1771542000.0,1.4012,1.4041,1.4,1.4018,153415.07,0.0,0.0,0
15m,1771542900.0,1.4018,1.4067,1.4015,1.406,276697.4,0.0,0.0,0
15m,1771543800.0,1.406,1.4083,1.4052,1.4082,224047.57,0.0,0.0,0
15m,1771544700.0,1.4082,1.4095,1.4055,1.4069,132856.47,0.0,0.0,0
15m,1771545600.0,1.4069,1.4133,1.4055,1.4133,184442.68,0.0,0.0,0
15m,1771546500.0,1.4133,1.4219,1.4119,1.4212,347966.74,0.0,0.0,0
15m,1771547400.0,1.4212,1.4212,1.4171,1.4189,388650.79,0.0,0.0,0
15m,1771548300.0,1.4189,1.4194,1.4158,1.4169,87630.03,0.0,0.0,0
15m,1771549200.0,1.4169,1.4205,1.4156,1.4201,123878.3,0.0,0.0,0
15m,1771550100.0,1.4201,1.4205,1.4162,1.4179,202422.62,0.0,0.0,0
15m,1771551000.0,1.4179,1.4241,1.4179,1.423,202857.8,0.0,0.0,0
15m,1771551900.0,1.423,1.4254,1.4183,1.4254,298079.97,0.0,0.0,0
15m,1771552800.0,1.4254,1.4287,1.4207,1.4225,153485.27,0.0,0.0,0
15m,1771553700.0,1.4225,1.4242,1.4203,1.4204,110286.32,0.0,0.0,0
15m,1771554600.0,1.4204,1.4237,1.4203,1.4234,77667.85,0.0,0.0,0
15m,1771555500.0,1.4234,1.4234,1.4177,1.4177,60130.6,0.0,0.0,0
15m,1771556400.0,1.4177,1.4196,1.4158,1.417,157192.58,0.0,0.0,0
15m,1771557300.0,1.417,1.4209,1.4153,1.4194,100348.82,0.0,0.0,0
15m,1771558200.0,1.4194,1.4194,1.4133,1.414,135785.82,0.0,0.0,0
15m,1771559100.0,1.414,1.4143,1.4117,1.413,98506.85,0.0,0.0,0
15m,1771560000.0,1.413,1.4137,1.4078,1.4082,130281.22,0.0,0.0,0
15m,1771560900.0,1.4082,1.4091,1.4006,1.406,146200.27,0.0,0.0,0
15m,1771561800.0,1.406,1.4122,1.4046,1.4122,67932.45,0.0,0.0,0
15m,1771562700.0,1.4122,1.4122,1.409,1.4105,95005.39,0.0,0.0,0
15m,1771563600.0,1.4105,1.4118,1.4079,1.4081,94623.88,0.0,0.0,0
15m,1771564500.0,1.4081,1.4121,1.405,1.4109,223479.26,0.0,0.0,0
15m,1771565400.0,1.4109,1.4244,1.4109,1.4209,439537.33,0.0,0.0,0
15m,1771566300.0,1.4209,1.4238,1.4176,1.4188,310067.65,0.0,0.0,0
15m,1771567200.0,1.4188,1.4201,1.4167,1.4174,105863.94,0.0,0.0,0
15m,1771568100.0,1.4174,1.4214,1.415,1.415,118354.65,0.0,0.0,0
15m,1771569000.0,1.415,1.4201,1.4134,1.4191,110362.08,0.0,0.0,0
15m,1771569900.0,1.4191,1.4218,1.4184,1.4202,184596.75,0.0,0.0,0
15m,1771570800.0,1.4202,1.4208,1.4187,1.4196,43456.19,0.0,0.0,0
15m,1771571700.0,1.4196,1.4222,1.4196,1.4207,141983.41,0.0,0.0,0
15m,1771572600.0,1.4207,1.4221,1.4193,1.4205,103221.21,0.0,0.0,0
15m,1771573500.0,1.4205,1.4237,1.4166,1.4198,165673.99,0.0,0.0,0
15m,1771574400.0,1.4198,1.4209,1.4179,1.42,102290.87,0.0,0.0,0
15m,1771575300.0,1.42,1.4227,1.4165,1.4175,180151.54,0.0,0.0,0
15m,1771576200.0,1.4175,1.4186,1.4139,1.4159,187338.53,0.0,0.0,0
15m,1771577100.0,1.4159,1.4193,1.4148,1.4188,109132.56,0.0,0.0,0
15m,1771578000.0,1.4188,1.428,1.4175,1.4268,645747.66,0.0,0.0,0
15m,1771578900.0,1.4268,1.4288,1.4231,1.4243,159822.17,0.0,0.0,0
15m,1771579800.0,1.4243,1.4248,1.4216,1.4219,63006.95,0.0,0.0,0
15m,1771580700.0,1.4219,1.4238,1.4215,1.4231,84404.19,0.0,0.0,0
15m,1771581600.0,1.4231,1.4273,1.4226,1.4241,274366.31,0.0,0.0,0
15m,1771582500.0,1.4241,1.4279,1.4237,1.4262,296862.35,0.0,0.0,0
15m,1771583400.0,1.4262,1.4276,1.4232,1.4238,187170.32,0.0,0.0,0
15m,1771584300.0,1.4238,1.4242,1.4204,1.421,336673.73,0.0,0.0,0
15m,1771585200.0,1.421,1.4224,1.4166,1.4177,362764.99,0.0,0.0,0
15m,1771586100.0,1.4177,1.418,1.4121,1.4149,287169.74,0.0,0.0,0
15m,1771587000.0,1.4149,1.4155,1.4046,1.4052,483323.68,0.0,0.0,0
15m,1771587900.0,1.4052,1.4085,1.403,1.4058,211389.06,0.0,0.0,0
15m,1771588800.0,1.4058,1.4083,1.4035,1.4081,245351.24,0.0,0.0,0
15m,1771589700.0,1.4081,1.4092,1.4043,1.4054,202555.07,0.0,0.0,0
15m,1771590600.0,1.4054,1.4081,1.4048,1.4048,325894.75,0.0,0.0,0
15m,1771591500.0,1.4048,1.4093,1.403,1.405,337927.52,0.0,0.0,0
15m,1771592400.0,1.405,1.4052,1.395,1.4017,744611.26,0.0,0.0,0
15m,1771593300.0,1.4017,1.403,1.3969,1.4019,236144.0,0.0,0.0,0
15m,1771594200.0,1.4019,1.4023,1.3773,1.3819,1413138.86,0.0,0.0,0
15m,1771595100.0,1.3819,1.3893,1.3801,1.3841,430575.17,0.0,0.0,0
15m,1771596000.0,1.3841,1.3914,1.3836,1.3896,407770.48,0.0,0.0,0
15m,1771596900.0,1.3896,1.4002,1.3887,1.3978,488662.55,0.0,0.0,0
15m,1771597800.0,1.3978,1.4075,1.3951,1.4022,551078.16,0.0,0.0,0
15m,1771598700.0,1.4022,1.4043,1.3983,1.3996,370449.45,0.0,0.0,0
15m,1771599600.0,1.3996,1.4305,1.3996,1.4084,2567902.28,0.0,0.0,0
15m,1771600500.0,1.4084,1.4262,1.4044,1.4224,929496.58,0.0,0.0,0
15m,1771601400.0,1.4224,1.424,1.4092,1.4123,673882.78,0.0,0.0,0
15m,1771602300.0,1.4123,1.4297,1.4112,1.4286,611662.34,0.0,0.0,0
15m,1771603200.0,1.4286,1.4374,1.4267,1.4337,1466564.18,0.0,0.0,0
15m,1771604100.0,1.4337,1.4389,1.4261,1.4293,1604175.98,0.0,0.0,0
15m,1771605000.0,1.4293,1.4319,1.4235,1.4253,617620.88,0.0,0.0,0
15m,1771605900.0,1.4253,1.4366,1.4236,1.4326,630160.1,0.0,0.0,0
15m,1771606800.0,1.4326,1.4326,1.4121,1.4121,716777.96,0.0,0.0,0
15m,1771607700.0,1.4121,1.415,1.4078,1.4142,631115.8,0.0,0.0,0
15m,1771608600.0,1.4142,1.4228,1.4087,1.4203,657933.55,0.0,0.0,0
15m,1771609500.0,1.4203,1.4316,1.4175,1.4298,972294.78,0.0,0.0,0
15m,1771610400.0,1.4298,1.4327,1.4265,1.4293,708315.76,0.0,0.0,0
15m,1771611300.0,1.4293,1.432,1.426,1.429,305736.01,0.0,0.0,0
15m,1771612200.0,1.429,1.439,1.4234,1.4312,691530.29,0.0,0.0,0
15m,1771613100.0,1.4312,1.4355,1.4279,1.4329,296978.05,0.0,0.0,0
15m,1771614000.0,1.4329,1.4351,1.4261,1.4272,404785.97,0.0,0.0,0
15m,1771614900.0,1.4272,1.4299,1.4246,1.4263,201061.03,0.0,0.0,0
15m,1771615800.0,1.4263,1.4308,1.422,1.4237,229841.37,0.0,0.0,0
15m,1771616700.0,1.4237,1.4246,1.4211,1.4237,190824.95,0.0,0.0,0
15m,1771617600.0,1.4237,1.4296,1.4228,1.4282,193001.06,0.0,0.0,0
15m,1771618500.0,1.4282,1.4282,1.4181,1.4187,214340.96,0.0,0.0,0
15m,1771619400.0,1.4187,1.423,1.4146,1.4224,222623.26,0.0,0.0,0
15m,1771620300.0,1.4224,1.4239,1.4168,1.42,238490.56,0.0,0.0,0
15m,1771621200.0,1.42,1.4222,1.4177,1.4195,310709.2,0.0,0.0,0
15m,1771622100.0,1.4195,1.421,1.4181,1.4204,60644.93,0.0,0.0,0
15m,1771623000.0,1.4204,1.4256,1.4188,1.4236,69682.15,0.0,0.0,0
15m,1771623900.0,1.4236,1.4236,1.4199,1.4219,208707.72,0.0,0.0,0
15m,1771624800.0,1.4219,1.4221,1.4176,1.4191,139549.56,0.0,0.0,0
15m,1771625700.0,1.4191,1.4292,1.4187,1.4265,234873.1,0.0,0.0,0
15m,1771626600.0,1.4265,1.4296,1.423,1.4235,127772.18,0.0,0.0,0
15m,1771627500.0,1.4235,1.4302,1.4233,1.4301,241790.65,0.0,0.0,0
15m,1771628400.0,1.4301,1.4316,1.4256,1.4259,212982.05,0.0,0.0,0
15m,1771629300.0,1.4259,1.4297,1.4238,1.4294,101132.87,0.0,0.0,0
15m,1771630200.0,1.4294,1.4298,1.4259,1.4269,178588.71,0.0,0.0,0
15m,1771631100.0,1.4269,1.4305,1.4267,1.4294,170805.46,0.0,0.0,0
15m,1771632000.0,1.4294,1.4295,1.4248,1.4255,145750.79,0.0,0.0,0
15m,1771632900.0,1.4255,1.4263,1.4239,1.4247,156423.45,0.0,0.0,0
15m,1771633800.0,1.4247,1.4247,1.4203,1.4204,168319.68,0.0,0.0,0
15m,1771634700.0,1.4204,1.4228,1.4197,1.4228,81867.46,0.0,0.0,0
15m,1771635600.0,1.4228,1.4278,1.4228,1.4278,94420.52,0.0,0.0,0
15m,1771636500.0,1.4278,1.4283,1.4248,1.4259,45951.69,0.0,0.0,0
15m,1771637400.0,1.4259,1.4316,1.4253,1.4311,135805.94,0.0,0.0,0
15m,1771638300.0,1.4311,1.4329,1.4296,1.4307,72804.72,0.0,0.0,0
15m,1771639200.0,1.4307,1.432,1.4284,1.4304,110212.33,0.0,0.0,0
15m,1771640100.0,1.4304,1.4333,1.4297,1.4318,78769.52,0.0,0.0,0
15m,1771641000.0,1.4318,1.4334,1.4316,1.4333,74936.34,0.0,0.0,0
15m,1771641900.0,1.4333,1.4335,1.4301,1.4306,88931.03,0.0,0.0,0
15m,1771642800.0,1.4306,1.4308,1.4245,1.427,173709.3,0.0,0.0,0
15m,1771643700.0,1.427,1.43,1.4266,1.4294,87995.48,0.0,0.0,0
15m,1771644600.0,1.4294,1.4307,1.4235,1.4243,166173.54,0.0,0.0,0
15m,1771645500.0,1.4243,1.4256,1.4238,1.4256,70832.56,0.0,0.0,0
15m,1771646400.0,1.4256,1.4274,1.4245,1.4267,151383.03,0.0,0.0,0
15m,1771647300.0,1.4267,1.4277,1.4247,1.4269,47031.28,0.0,0.0,0
15m,1771648200.0,1.4269,1.4296,1.4267,1.4269,68249.88,0.0,0.0,0
15m,1771649100.0,1.4269,1.4289,1.426,1.4285,120864.47,0.0,0.0,0
15m,1771650000.0,1.4285,1.4294,1.4275,1.4277,59614.11,0.0,0.0,0
15m,1771650900.0,1.4277,1.4301,1.4277,1.43,179103.05,0.0,0.0,0
15m,1771651800.0,1.43,1.4315,1.429,1.4291,92937.26,0.0,0.0,0
15m,1771652700.0,1.4291,1.4291,1.4269,1.4279,178251.16,0.0,0.0,0
15m,1771653600.0,1.4279,1.4353,1.4279,1.435,237230.94,0.0,0.0,0
15m,1771654500.0,1.435,1.4354,1.4304,1.4315,343863.76,0.0,0.0,0
15m,1771655400.0,1.4315,1.4315,1.428,1.4293,112644.77,0.0,0.0,0
15m,1771656300.0,1.4293,1.4303,1.4281,1.4294,44969.19,0.0,0.0,0
15m,1771657200.0,1.4294,1.431,1.428,1.4309,51980.71,0.0,0.0,0
15m,1771658100.0,1.4309,1.4318,1.4298,1.4304,44229.32,0.0,0.0,0
15m,1771659000.0,1.4304,1.4327,1.4301,1.4313,81763.92,0.0,0.0,0
15m,1771659900.0,1.4313,1.4321,1.4308,1.4311,53305.99,0.0,0.0,0
15m,1771660800.0,1.4311,1.4311,1.4275,1.4282,104819.29,0.0,0.0,0
15m,1771661700.0,1.4282,1.4314,1.428,1.4304,272783.78,0.0,0.0,0
15m,1771662600.0,1.4304,1.4333,1.4297,1.433,63160.56,0.0,0.0,0
15m,1771663500.0,1.433,1.4353,1.4313,1.4339,148716.04,0.0,0.0,0
15m,1771664400.0,1.4339,1.4352,1.4321,1.4334,179295.35,0.0,0.0,0
15m,1771665300.0,1.4334,1.4433,1.4333,1.4426,409461.09,0.0,0.0,0
15m,1771666200.0,1.4426,1.4461,1.4414,1.4418,408522.09,0.0,0.0,0
15m,1771667100.0,1.4418,1.4427,1.439,1.4394,90496.27,0.0,0.0,0
15m,1771668000.0,1.4394,1.4408,1.437,1.4378,86928.21,0.0,0.0,0
15m,1771668900.0,1.4378,1.4421,1.4369,1.4409,143397.07,0.0,0.0,0
15m,1771669800.0,1.4409,1.4426,1.4399,1.4417,92835.09,0.0,0.0,0
15m,1771670700.0,1.4417,1.4417,1.4391,1.4398,49020.63,0.0,0.0,0
15m,1771671600.0,1.4398,1.4432,1.4387,1.4415,174461.44,0.0,0.0,0
15m,1771672500.0,1.4415,1.445,1.4401,1.4436,144606.83,0.0,0.0,0
15m,1771673400.0,1.4436,1.4454,1.4404,1.4448,184769.59,0.0,0.0,0
15m,1771674300.0,1.4448,1.4459,1.4425,1.4439,148719.36,0.0,0.0,0
15m,1771675200.0,1.4439,1.4453,1.4398,1.4401,130053.33,0.0,0.0,0
15m,1771676100.0,1.4401,1.4411,1.4376,1.4376,304848.38,0.0,0.0,0
15m,1771677000.0,1.4376,1.4383,1.436,1.4376,97689.2,0.0,0.0,0
15m,1771677900.0,1.4376,1.4411,1.4376,1.4401,106404.84,0.0,0.0,0
15m,1771678800.0,1.4401,1.4414,1.4394,1.4406,58774.27,0.0,0.0,0
15m,1771679700.0,1.4406,1.4433,1.4389,1.4392,161086.96,0.0,0.0,0
15m,1771680600.0,1.4392,1.4417,1.4371,1.4387,67754.99,0.0,0.0,0
15m,1771681500.0,1.4387,1.4481,1.4387,1.4478,149816.67,0.0,0.0,0
15m,1771682400.0,1.4478,1.4491,1.4448,1.4477,200192.26,0.0,0.0,0
15m,1771683300.0,1.4477,1.4603,1.4463,1.457,772319.03,0.0,0.0,0
15m,1771684200.0,1.457,1.4644,1.4561,1.4594,367045.19,0.0,0.0,0
15m,1771685100.0,1.4594,1.4637,1.4547,1.4554,165640.57,0.0,0.0,0
15m,1771686000.0,1.4554,1.4574,1.4518,1.4546,256513.57,0.0,0.0,0
15m,1771686900.0,1.4546,1.4552,1.4487,1.4488,169572.53,0.0,0.0,0
15m,1771687800.0,1.4488,1.4568,1.4469,1.456,150415.46,0.0,0.0,0
15m,1771688700.0,1.456,1.4569,1.4503,1.4503,160510.0,0.0,0.0,0
15m,1771689600.0,1.4503,1.4522,1.4439,1.4468,303710.73,0.0,0.0,0
15m,1771690500.0,1.4468,1.4475,1.4386,1.4433,243614.34,0.0,0.0,0
15m,1771691400.0,1.4433,1.4437,1.4397,1.4423,185964.25,0.0,0.0,0
15m,1771692300.0,1.4423,1.444,1.4411,1.4416,89708.55,0.0,0.0,0
15m,1771693200.0,1.4416,1.4431,1.4378,1.4408,106769.17,0.0,0.0,0
15m,1771694100.0,1.4408,1.4413,1.4369,1.4382,71506.07,0.0,0.0,0
15m,1771695000.0,1.4382,1.4426,1.4364,1.4417,100248.22,0.0,0.0,0
15m,1771695900.0,1.4417,1.443,1.4406,1.4422,78024.73,0.0,0.0,0
15m,1771696800.0,1.4422,1.4448,1.4417,1.4431,201342.92,0.0,0.0,0
15m,1771697700.0,1.4431,1.4469,1.4431,1.4446,127077.18,0.0,0.0,0
15m,1771698600.0,1.4446,1.4484,1.4442,1.4484,60526.03,0.0,0.0,0
15m,1771699500.0,1.4484,1.4497,1.4472,1.4479,179104.15,0.0,0.0,0
15m,1771700400.0,1.4479,1.4481,1.4435,1.4449,57394.02,0.0,0.0,0
15m,1771701300.0,1.4449,1.4454,1.4425,1.4443,53263.8,0.0,0.0,0
15m,1771702200.0,1.4443,1.4488,1.4425,1.4458,52298.79,0.0,0.0,0
15m,1771703100.0,1.4458,1.4462,1.4427,1.4433,86688.67,0.0,0.0,0
15m,1771704000.0,1.4433,1.444,1.4404,1.4413,69495.46,0.0,0.0,0
15m,1771704900.0,1.4413,1.4435,1.4407,1.4429,122636.5,0.0,0.0,0
15m,1771705800.0,1.4429,1.4435,1.4348,1.4379,156980.54,0.0,0.0,0
15m,1771706700.0,1.4379,1.4412,1.436,1.4376,188917.82,0.0,0.0,0
15m,1771707600.0,1.4376,1.4389,1.4355,1.4387,110156.47,0.0,0.0,0
15m,1771708500.0,1.4387,1.4409,1.438,1.4402,27257.94,0.0,0.0,0
15m,1771709400.0,1.4402,1.4419,1.4392,1.4393,36336.21,0.0,0.0,0
15m,1771710300.0,1.4393,1.4416,1.439,1.4412,31328.78,0.0,0.0,0
15m,1771711200.0,1.4412,1.4433,1.4374,1.442,390597.57,0.0,0.0,0
15m,1771712100.0,1.442,1.442,1.4377,1.4378,52179.26,0.0,0.0,0
15m,1771713000.0,1.4378,1.4384,1.4318,1.4335,129991.32,0.0,0.0,0
15m,1771713900.0,1.4335,1.4367,1.4316,1.4327,160816.3,0.0,0.0,0
15m,1771714800.0,1.4327,1.4357,1.4301,1.4309,135300.09,0.0,0.0,0
15m,1771715700.0,1.4309,1.435,1.4303,1.4343,49772.61,0.0,0.0,0
15m,1771716600.0,1.4343,1.4349,1.4328,1.4329,60506.74,0.0,0.0,0
15m,1771717500.0,1.4329,1.4338,1.4305,1.4305,50983.06,0.0,0.0,0
15m,1771718400.0,1.4305,1.4339,1.4291,1.4297,70744.37,0.0,0.0,0
15m,1771719300.0,1.4297,1.4329,1.4265,1.43,158643.1,0.0,0.0,0
15m,1771720200.0,1.43,1.4305,1.4266,1.4271,61701.98,0.0,0.0,0
15m,1771721100.0,1.4271,1.4294,1.4244,1.4275,63689.43,0.0,0.0,0
15m,1771722000.0,1.4275,1.4312,1.4274,1.4279,98565.98,0.0,0.0,0
15m,1771722900.0,1.4279,1.4313,1.4279,1.4308,79432.23,0.0,0.0,0
15m,1771723800.0,1.4308,1.4324,1.4292,1.4317,43927.99,0.0,0.0,0
15m,1771724700.0,1.4317,1.433,1.4309,1.4328,60555.4,0.0,0.0,0
15m,1771725600.0,1.4328,1.433,1.4294,1.4326,69669.85,0.0,0.0,0
15m,1771726500.0,1.4326,1.4326,1.4263,1.4265,108482.39,0.0,0.0,0
15m,1771727400.0,1.4265,1.4296,1.4252,1.4268,76162.09,0.0,0.0,0
15m,1771728300.0,1.4268,1.4274,1.4222,1.4239,113444.4,0.0,0.0,0
15m,1771729200.0,1.4239,1.4277,1.4235,1.4248,49163.31,0.0,0.0,0
15m,1771730100.0,1.4248,1.4258,1.4183,1.4217,201967.51,0.0,0.0,0
15m,1771731000.0,1.4217,1.4236,1.4202,1.4225,42702.77,0.0,0.0,0
15m,1771731900.0,1.4225,1.4244,1.4214,1.4237,116742.7,0.0,0.0,0
15m,1771732800.0,1.4237,1.4258,1.4225,1.4257,55210.52,0.0,0.0,0
15m,1771733700.0,1.4257,1.4257,1.4232,1.4244,47768.2,0.0,0.0,0
15m,1771734600.0,1.4244,1.4256,1.4217,1.4228,35904.28,0.0,0.0,0
15m,1771735500.0,1.4228,1.4233,1.4218,1.4228,31252.62,0.0,0.0,0
15m,1771736400.0,1.4228,1.4229,1.4184,1.4197,119609.04,0.0,0.0,0
15m,1771737300.0,1.4197,1.4221,1.4194,1.4215,53361.26,0.0,0.0,0
15m,1771738200.0,1.4215,1.4222,1.4198,1.4207,53410.12,0.0,0.0,0
15m,1771739100.0,1.4207,1.4209,1.4173,1.4209,98397.0,0.0,0.0,0
15m,1771740000.0,1.4209,1.4236,1.4185,1.4201,106097.12,0.0,0.0,0
15m,1771740900.0,1.4201,1.4225,1.4184,1.4213,208137.29,0.0,0.0,0
15m,1771741800.0,1.4213,1.4247,1.42,1.4226,83041.04,0.0,0.0,0
15m,1771742700.0,1.4226,1.4241,1.4224,1.4232,22551.03,0.0,0.0,0
15m,1771743600.0,1.4232,1.4233,1.4195,1.4209,77943.9,0.0,0.0,0
15m,1771744500.0,1.4209,1.4226,1.4192,1.4223,74368.35,0.0,0.0,0
15m,1771745400.0,1.4223,1.4229,1.4206,1.4222,53110.66,0.0,0.0,0
15m,1771746300.0,1.4222,1.424,1.4206,1.4213,107177.1,0.0,0.0,0
15m,1771747200.0,1.4213,1.4232,1.4202,1.423,65123.43,0.0,0.0,0
15m,1771748100.0,1.423,1.4236,1.4188,1.4196,45561.88,0.0,0.0,0
15m,1771749000.0,1.4196,1.4202,1.4169,1.4192,48517.58,0.0,0.0,0
15m,1771749900.0,1.4192,1.4201,1.4178,1.4181,74897.01,0.0,0.0,0
15m,1771750800.0,1.4181,1.4207,1.4174,1.42,69323.8,0.0,0.0,0
15m,1771751700.0,1.42,1.4219,1.42,1.4204,37659.82,0.0,0.0,0
15m,1771752600.0,1.4204,1.4213,1.4196,1.4213,55101.0,0.0,0.0,0
15m,1771753500.0,1.4213,1.4224,1.4207,1.4208,41007.28,0.0,0.0,0
15m,1771754400.0,1.4208,1.4244,1.4193,1.4235,63117.47,0.0,0.0,0
15m,1771755300.0,1.4235,1.4262,1.4229,1.4242,72896.66,0.0,0.0,0
15m,1771756200.0,1.4242,1.4261,1.4231,1.4232,121083.2,0.0,0.0,0
15m,1771757100.0,1.4232,1.4233,1.4206,1.4213,71760.02,0.0,0.0,0
15m,1771758000.0,1.4213,1.4247,1.4206,1.4235,102243.57,0.0,0.0,0
15m,1771758900.0,1.4235,1.4242,1.4216,1.4224,48397.23,0.0,0.0,0
15m,1771759800.0,1.4224,1.4249,1.4219,1.4231,63124.19,0.0,0.0,0
15m,1771760700.0,1.4231,1.4244,1.4227,1.4236,25680.47,0.0,0.0,0
15m,1771761600.0,1.4236,1.4238,1.4127,1.413,259347.26,0.0,0.0,0
15m,1771762500.0,1.413,1.4156,1.4104,1.4147,205460.17,0.0,0.0,0
15m,1771763400.0,1.4147,1.415,1.4086,1.4088,162235.9,0.0,0.0,0
15m,1771764300.0,1.4088,1.4104,1.4071,1.4091,166228.1,0.0,0.0,0
15m,1771765200.0,1.4091,1.4111,1.4049,1.4095,181804.83,0.0,0.0,0
15m,1771766100.0,1.4095,1.4106,1.4066,1.4071,78581.94,0.0,0.0,0
15m,1771767000.0,1.4071,1.4083,1.3977,1.3994,584940.36,0.0,0.0,0
15m,1771767900.0,1.3994,1.4005,1.3977,1.4,386677.78,0.0,0.0,0
15m,1771768800.0,1.4,1.4026,1.3947,1.4002,304203.53,0.0,0.0,0
15m,1771769700.0,1.4002,1.4012,1.3978,1.399,86250.79,0.0,0.0,0
15m,1771770600.0,1.399,1.4009,1.3955,1.3963,107419.83,0.0,0.0,0
15m,1771771500.0,1.3963,1.3983,1.3944,1.3971,235636.38,0.0,0.0,0
15m,1771772400.0,1.3971,1.3973,1.3901,1.3911,269997.01,0.0,0.0,0
15m,1771773300.0,1.3911,1.3932,1.3859,1.3917,272897.82,0.0,0.0,0
15m,1771774200.0,1.3917,1.3964,1.3899,1.3941,453319.13,0.0,0.0,0
15m,1771775100.0,1.3941,1.395,1.3929,1.3934,81231.64,0.0,0.0,0
15m,1771776000.0,1.3934,1.395,1.3913,1.3931,141835.52,0.0,0.0,0
15m,1771776900.0,1.3931,1.3935,1.3879,1.3889,97917.19,0.0,0.0,0
15m,1771777800.0,1.3889,1.3899,1.3882,1.3893,80571.04,0.0,0.0,0
15m,1771778700.0,1.3893,1.3938,1.3893,1.3927,184746.75,0.0,0.0,0
15m,1771779600.0,1.3927,1.3928,1.3873,1.3879,108347.84,0.0,0.0,0
15m,1771780500.0,1.3879,1.39,1.3875,1.3891,150113.23,0.0,0.0,0
15m,1771781400.0,1.3891,1.3897,1.3834,1.3874,389106.12,0.0,0.0,0
15m,1771782300.0,1.3874,1.3889,1.386,1.3882,89474.46,0.0,0.0,0
15m,1771783200.0,1.3882,1.3894,1.387,1.3893,86200.31,0.0,0.0,0
15m,1771784100.0,1.3893,1.3919,1.3891,1.3895,66890.99,0.0,0.0,0
15m,1771785000.0,1.3895,1.3903,1.3878,1.39,19583.33,0.0,0.0,0
15m,1771785900.0,1.39,1.3915,1.39,1.3902,29621.6,0.0,0.0,0
15m,1771786800.0,1.3902,1.3908,1.3854,1.386,105314.63,0.0,0.0,0
15m,1771787700.0,1.386,1.3878,1.3853,1.3874,155603.99,0.0,0.0,0
15m,1771788600.0,1.3874,1.3902,1.3868,1.3887,54394.68,0.0,0.0,0
15m,1771789500.0,1.3887,1.3891,1.3862,1.3867,71693.64,0.0,0.0,0
15m,1771790400.0,1.3867,1.3869,1.38,1.3813,556193.23,0.0,0.0,0
15m,1771791300.0,1.3813,1.3867,1.3813,1.3867,171812.26,0.0,0.0,0
15m,1771792200.0,1.3867,1.387,1.3832,1.384,111424.89,0.0,0.0,0
15m,1771793100.0,1.384,1.3861,1.3816,1.3832,90760.05,0.0,0.0,0
15m,1771794000.0,1.3832,1.3881,1.3832,1.3871,77073.32,0.0,0.0,0
15m,1771794900.0,1.3871,1.3882,1.3839,1.3845,86831.84,0.0,0.0,0
15m,1771795800.0,1.3845,1.3911,1.384,1.3906,150095.52,0.0,0.0,0
15m,1771796700.0,1.3906,1.3922,1.3901,1.3914,153763.9,0.0,0.0,0
15m,1771797600.0,1.3914,1.3937,1.3895,1.3919,229273.18,0.0,0.0,0
15m,1771798500.0,1.3919,1.3992,1.3917,1.3968,452455.08,0.0,0.0,0
15m,1771799400.0,1.3968,1.4003,1.3946,1.3994,135819.21,0.0,0.0,0
15m,1771800300.0,1.3994,1.4019,1.3988,1.4011,129630.38,0.0,0.0,0
15m,1771801200.0,1.4011,1.4012,1.3937,1.3939,158590.88,0.0,0.0,0
15m,1771802100.0,1.3939,1.3951,1.3897,1.3935,242697.93,0.0,0.0,0
15m,1771803000.0,1.3935,1.394,1.3894,1.3901,62872.57,0.0,0.0,0
15m,1771803900.0,1.3901,1.3957,1.3882,1.3931,80324.43,0.0,0.0,0
15m,1771804800.0,1.3931,1.3947,1.3914,1.3916,110722.48,0.0,0.0,0
15m,1771805700.0,1.3916,1.3917,1.3819,1.3855,339044.08,0.0,0.0,0
15m,1771806600.0,1.3855,1.3858,1.3728,1.3731,525932.07,0.0,0.0,0
15m,1771807500.0,1.3731,1.3752,1.3638,1.3648,594785.57,0.0,0.0,0
15m,1771808400.0,1.3648,1.3662,1.3452,1.348,3032417.94,0.0,0.0,0
15m,1771809300.0,1.348,1.3485,1.3302,1.3369,1535917.12,0.0,0.0,0
15m,1771810200.0,1.3369,1.3481,1.3348,1.3451,763085.52,0.0,0.0,0
15m,1771811100.0,1.3451,1.3457,1.3307,1.3325,1485706.38,0.0,0.0,0
15m,1771812000.0,1.3325,1.3438,1.332,1.3397,729131.61,0.0,0.0,0
15m,1771812900.0,1.3397,1.3409,1.333,1.3372,363858.34,0.0,0.0,0
15m,1771813800.0,1.3372,1.3424,1.3369,1.3415,359893.43,0.0,0.0,0
15m,1771814700.0,1.3415,1.3434,1.3402,1.3423,295388.04,0.0,0.0,0
15m,1771815600.0,1.3423,1.3529,1.3418,1.3477,673474.29,0.0,0.0,0
15m,1771816500.0,1.3477,1.3484,1.339,1.341,499502.71,0.0,0.0,0
15m,1771817400.0,1.341,1.3469,1.341,1.3461,273298.09,0.0,0.0,0
15m,1771818300.0,1.3461,1.3463,1.3405,1.3412,254994.82,0.0,0.0,0
15m,1771819200.0,1.3412,1.3422,1.3369,1.3408,517593.36,0.0,0.0,0
15m,1771820100.0,1.3408,1.3408,1.3364,1.3394,128038.35,0.0,0.0,0
15m,1771821000.0,1.3394,1.341,1.3358,1.3367,91475.08,0.0,0.0,0
15m,1771821900.0,1.3367,1.3393,1.3367,1.3386,102472.88,0.0,0.0,0
15m,1771822800.0,1.3386,1.3451,1.3386,1.3425,265784.43,0.0,0.0,0
15m,1771823700.0,1.3425,1.3489,1.342,1.3423,867940.65,0.0,0.0,0
15m,1771824600.0,1.3423,1.3461,1.3423,1.3439,170089.95,0.0,0.0,0
15m,1771825500.0,1.3439,1.3456,1.3406,1.3432,134674.14,0.0,0.0,0
15m,1771826400.0,1.3432,1.3578,1.3422,1.3569,614989.3,0.0,0.0,0
15m,1771827300.0,1.3569,1.3579,1.3531,1.3537,255468.6,0.0,0.0,0
15m,1771828200.0,1.3537,1.3651,1.3532,1.363,380391.76,0.0,0.0,0
15m,1771829100.0,1.363,1.3693,1.3628,1.3682,320177.14,0.0,0.0,0
15m,1771830000.0,1.3682,1.3739,1.3676,1.3721,266901.52,0.0,0.0,0
15m,1771830900.0,1.3721,1.3722,1.3673,1.3688,162043.06,0.0,0.0,0
15m,1771831800.0,1.3688,1.3782,1.3675,1.3765,297286.44,0.0,0.0,0
15m,1771832700.0,1.3765,1.377,1.371,1.3713,271656.04,0.0,0.0,0
15m,1771833600.0,1.3713,1.3726,1.3687,1.3722,249765.63,0.0,0.0,0
15m,1771834500.0,1.3722,1.3732,1.3653,1.3657,237408.79,0.0,0.0,0
15m,1771835400.0,1.3657,1.3686,1.3622,1.3627,323211.48,0.0,0.0,0
15m,1771836300.0,1.3627,1.3669,1.3621,1.366,322517.52,0.0,0.0,0
15m,1771837200.0,1.366,1.3713,1.3656,1.3688,430066.86,0.0,0.0,0
15m,1771838100.0,1.3688,1.3765,1.3658,1.3762,353609.27,0.0,0.0,0
15m,1771839000.0,1.3762,1.3954,1.375,1.3885,1023478.5,0.0,0.0,0
15m,1771839900.0,1.3885,1.3963,1.3884,1.3914,645727.59,0.0,0.0,0
15m,1771840800.0,1.3914,1.3973,1.3872,1.3893,403032.08,0.0,0.0,0
15m,1771841700.0,1.3893,1.3974,1.3882,1.3953,253503.33,0.0,0.0,0
15m,1771842600.0,1.3953,1.3974,1.3908,1.3944,425643.31,0.0,0.0,0
15m,1771843500.0,1.3944,1.3965,1.3911,1.3926,385505.41,0.0,0.0,0
15m,1771844400.0,1.3926,1.3956,1.3915,1.3948,202797.28,0.0,0.0,0
15m,1771845300.0,1.3948,1.406,1.3941,1.3997,575265.94,0.0,0.0,0
15m,1771846200.0,1.3997,1.4033,1.3978,1.3998,289349.92,0.0,0.0,0
15m,1771847100.0,1.3998,1.4002,1.3947,1.3967,399940.17,0.0,0.0,0
15m,1771848000.0,1.3967,1.4055,1.3954,1.4038,349154.75,0.0,0.0,0
15m,1771848900.0,1.4038,1.4066,1.4014,1.4029,434875.53,0.0,0.0,0
15m,1771849800.0,1.4029,1.425,1.4011,1.4184,1177193.69,0.0,0.0,0
15m,1771850700.0,1.4184,1.4229,1.4124,1.4126,580301.3,0.0,0.0,0
15m,1771851600.0,1.4126,1.4154,1.4082,1.4091,555095.76,0.0,0.0,0
15m,1771852500.0,1.4091,1.4102,1.4072,1.41,220162.55,0.0,0.0,0
15m,1771853400.0,1.41,1.4124,1.4021,1.4076,424049.89,0.0,0.0,0
15m,1771854300.0,1.4076,1.4078,1.3948,1.3959,478775.64,0.0,0.0,0
15m,1771855200.0,1.3959,1.399,1.3909,1.3981,730888.07,0.0,0.0,0
15m,1771856100.0,1.3981,1.3984,1.3842,1.3842,530801.65,0.0,0.0,0
15m,1771857000.0,1.3842,1.393,1.3705,1.3799,1637906.23,0.0,0.0,0
15m,1771857900.0,1.3799,1.3899,1.3751,1.3837,646387.32,0.0,0.0,0
15m,1771858800.0,1.3837,1.3903,1.3783,1.3834,596258.8,0.0,0.0,0
15m,1771859700.0,1.3834,1.3906,1.3757,1.3769,499558.65,0.0,0.0,0
15m,1771860600.0,1.3769,1.382,1.3696,1.3737,677980.16,0.0,0.0,0
15m,1771861500.0,1.3737,1.3763,1.3674,1.3708,336445.32,0.0,0.0,0
15m,1771862400.0,1.3708,1.3722,1.3616,1.3632,565456.7,0.0,0.0,0
15m,1771863300.0,1.3632,1.3784,1.3632,1.3782,594776.6,0.0,0.0,0
15m,1771864200.0,1.3782,1.3783,1.3667,1.3698,316193.87,0.0,0.0,0
15m,1771865100.0,1.3698,1.3704,1.3637,1.3664,242326.73,0.0,0.0,0
15m,1771866000.0,1.3664,1.37,1.3602,1.3616,350182.73,0.0,0.0,0
15m,1771866900.0,1.3616,1.3643,1.3556,1.3565,677582.64,0.0,0.0,0
15m,1771867800.0,1.3565,1.3607,1.3502,1.356,422016.8,0.0,0.0,0
15m,1771868700.0,1.356,1.3647,1.3484,1.3645,478072.35,0.0,0.0,0
15m,1771869600.0,1.3645,1.3716,1.3611,1.367,637376.5,0.0,0.0,0
15m,1771870500.0,1.367,1.3683,1.3617,1.3646,169824.84,0.0,0.0,0
15m,1771871400.0,1.3646,1.3759,1.3627,1.3699,217364.23,0.0,0.0,0
15m,1771872300.0,1.3699,1.3711,1.3631,1.3653,139919.94,0.0,0.0,0
15m,1771873200.0,1.3653,1.3667,1.3612,1.3615,115680.84,0.0,0.0,0
15m,1771874100.0,1.3615,1.362,1.3558,1.3584,122788.86,0.0,0.0,0
15m,1771875000.0,1.3584,1.3635,1.3559,1.3625,198363.48,0.0,0.0,0
15m,1771875900.0,1.3625,1.3643,1.3556,1.3572,112092.57,0.0,0.0,0
15m,1771876800.0,1.3572,1.3597,1.3525,1.3529,153979.73,0.0,0.0,0
15m,1771877700.0,1.3529,1.3562,1.3501,1.3517,180931.07,0.0,0.0,0
15m,1771878600.0,1.3517,1.3582,1.3513,1.3553,152379.86,0.0,0.0,0
15m,1771879500.0,1.3553,1.3577,1.353,1.3553,125789.95,0.0,0.0,0
15m,1771880400.0,1.3553,1.3571,1.3503,1.3562,165587.15,0.0,0.0,0
15m,1771881300.0,1.3562,1.361,1.3546,1.3574,88937.31,0.0,0.0,0
15m,1771882200.0,1.3574,1.3625,1.3545,1.3586,101575.85,0.0,0.0,0
15m,1771883100.0,1.3586,1.3636,1.3579,1.3618,126349.96,0.0,0.0,0
15m,1771884000.0,1.3618,1.3673,1.3599,1.3653,328799.12,0.0,0.0,0
15m,1771884900.0,1.3653,1.3663,1.3631,1.3633,186293.77,0.0,0.0,0
15m,1771885800.0,1.3633,1.3645,1.3609,1.3614,114848.75,0.0,0.0,0
15m,1771886700.0,1.3614,1.3619,1.3551,1.3562,783857.05,0.0,0.0,0
15m,1771887600.0,1.3562,1.3595,1.3553,1.3579,203552.69,0.0,0.0,0
15m,1771888500.0,1.3579,1.3584,1.3548,1.3557,108197.34,0.0,0.0,0
15m,1771889400.0,1.3557,1.3584,1.3528,1.3529,340541.56,0.0,0.0,0
15m,1771890300.0,1.3529,1.3551,1.3505,1.3521,222411.86,0.0,0.0,0
15m,1771891200.0,1.3521,1.3575,1.3519,1.3563,261648.91,0.0,0.0,0
15m,1771892100.0,1.3563,1.3582,1.3541,1.3551,164236.9,0.0,0.0,0
15m,1771893000.0,1.3551,1.3578,1.3536,1.3557,146229.84,0.0,0.0,0
15m,1771893900.0,1.3557,1.3582,1.3546,1.3571,149887.27,0.0,0.0,0
15m,1771894800.0,1.3571,1.3571,1.3425,1.3451,561078.25,0.0,0.0,0
15m,1771895700.0,1.3451,1.3567,1.3273,1.3562,2275702.21,0.0,0.0,0
15m,1771896600.0,1.3562,1.3625,1.3483,1.3518,442763.09,0.0,0.0,0
15m,1771897500.0,1.3518,1.3559,1.3475,1.3506,468662.71,0.0,0.0,0
15m,1771898400.0,1.3506,1.3515,1.344,1.348,312251.04,0.0,0.0,0
15m,1771899300.0,1.348,1.3512,1.3432,1.3512,239727.17,0.0,0.0,0
15m,1771900200.0,1.3512,1.3581,1.3465,1.3475,458689.5,0.0,0.0,0
15m,1771901100.0,1.3475,1.3491,1.345,1.3481,375962.06,0.0,0.0,0
15m,1771902000.0,1.3481,1.3481,1.3355,1.339,592386.14,0.0,0.0,0
15m,1771902900.0,1.339,1.3418,1.3309,1.331,454434.3,0.0,0.0,0
15m,1771903800.0,1.331,1.3343,1.3284,1.3321,319401.66,0.0,0.0,0
15m,1771904700.0,1.3321,1.3356,1.3279,1.3324,295752.8,0.0,0.0,0
15m,1771905600.0,1.3324,1.3353,1.3248,1.3251,542628.79,0.0,0.0,0
15m,1771906500.0,1.3251,1.3349,1.3219,1.3309,507519.61,0.0,0.0,0
15m,1771907400.0,1.3309,1.3309,1.3246,1.3297,310739.3,0.0,0.0,0
15m,1771908300.0,1.3297,1.3326,1.3286,1.3318,195214.89,0.0,0.0,0
15m,1771909200.0,1.3318,1.3428,1.3305,1.3402,417994.78,0.0,0.0,0
15m,1771910100.0,1.3402,1.3402,1.326,1.3289,438762.49,0.0,0.0,0
15m,1771911000.0,1.3289,1.3319,1.326,1.3272,346402.08,0.0,0.0,0
15m,1771911900.0,1.3272,1.3318,1.3254,1.3316,271663.16,0.0,0.0,0
15m,1771912800.0,1.3316,1.3328,1.3262,1.3285,257283.94,0.0,0.0,0
15m,1771913700.0,1.3285,1.335,1.3277,1.334,133111.21,0.0,0.0,0
15m,1771914600.0,1.334,1.3374,1.3322,1.3338,143181.87,0.0,0.0,0
15m,1771915500.0,1.3338,1.3338,1.3278,1.3296,181476.95,0.0,0.0,0
15m,1771916400.0,1.3296,1.3314,1.3238,1.3307,227069.38,0.0,0.0,0
15m,1771917300.0,1.3307,1.3313,1.325,1.3292,172541.15,0.0,0.0,0
15m,1771918200.0,1.3292,1.3303,1.3241,1.3249,108147.26,0.0,0.0,0
15m,1771919100.0,1.3249,1.3267,1.3226,1.3267,131740.95,0.0,0.0,0
15m,1771920000.0,1.3267,1.3278,1.3223,1.3264,238811.54,0.0,0.0,0
15m,1771920900.0,1.3264,1.3325,1.3239,1.3306,231705.65,0.0,0.0,0
15m,1771921800.0,1.3306,1.3354,1.3301,1.3329,196978.68,0.0,0.0,0
15m,1771922700.0,1.3329,1.3353,1.3317,1.3324,158255.26,0.0,0.0,0
15m,1771923600.0,1.3324,1.3346,1.328,1.3297,281649.91,0.0,0.0,0
15m,1771924500.0,1.3297,1.3302,1.3251,1.3265,136507.39,0.0,0.0,0
15m,1771925400.0,1.3265,1.3312,1.3215,1.3307,235010.22,0.0,0.0,0
15m,1771926300.0,1.3307,1.3339,1.3284,1.3318,228738.98,0.0,0.0,0
15m,1771927200.0,1.3318,1.3334,1.3297,1.3313,84654.11,0.0,0.0,0
15m,1771928100.0,1.3313,1.3359,1.3296,1.3343,192041.23,0.0,0.0,0
15m,1771929000.0,1.3343,1.3355,1.327,1.329,529316.31,0.0,0.0,0
15m,1771929900.0,1.329,1.334,1.3277,1.3307,171521.4,0.0,0.0,0
15m,1771930800.0,1.3307,1.3329,1.3296,1.3304,137579.17,0.0,0.0,0
15m,1771931700.0,1.3304,1.3331,1.3293,1.331,231888.02,0.0,0.0,0
15m,1771932600.0,1.331,1.3345,1.3281,1.3315,161972.73,0.0,0.0,0
15m,1771933500.0,1.3315,1.3343,1.3311,1.3335,113692.78,0.0,0.0,0
15m,1771934400.0,1.3335,1.3371,1.3325,1.335,221090.72,0.0,0.0,0
15m,1771935300.0,1.335,1.3359,1.3322,1.3344,218911.14,0.0,0.0,0
15m,1771936200.0,1.3344,1.3382,1.3301,1.3312,1089735.58,0.0,0.0,0
15m,1771937100.0,1.3312,1.3366,1.3293,1.3322,215356.88,0.0,0.0,0
15m,1771938000.0,1.3322,1.3357,1.3307,1.3352,183461.84,0.0,0.0,0
15m,1771938900.0,1.3352,1.3353,1.3296,1.3302,145060.8,0.0,0.0,0
15m,1771939800.0,1.3302,1.3326,1.3224,1.3311,626478.82,0.0,0.0,0
15m,1771940700.0,1.3311,1.334,1.3298,1.3306,179964.57,0.0,0.0,0
15m,1771941600.0,1.3306,1.3306,1.3249,1.3261,462109.35,0.0,0.0,0
15m,1771942500.0,1.3261,1.327,1.3222,1.3239,405786.95,0.0,0.0,0
15m,1771943400.0,1.3239,1.3362,1.3126,1.3304,1381292.67,0.0,0.0,0
15m,1771944300.0,1.3304,1.3456,1.3296,1.3358,949156.12,0.0,0.0,0
15m,1771945200.0,1.3358,1.3421,1.3324,1.3409,404469.96,0.0,0.0,0
15m,1771946100.0,1.3409,1.3528,1.3387,1.3502,802122.67,0.0,0.0,0
15m,1771947000.0,1.3502,1.353,1.3444,1.3479,235796.32,0.0,0.0,0
15m,1771947900.0,1.3479,1.3519,1.346,1.3517,189721.8,0.0,0.0,0
15m,1771948800.0,1.3517,1.3642,1.3511,1.3603,845199.06,0.0,0.0,0
15m,1771949700.0,1.3603,1.3624,1.3519,1.3539,312379.72,0.0,0.0,0
15m,1771950600.0,1.3539,1.3559,1.3452,1.3539,400013.58,0.0,0.0,0
15m,1771951500.0,1.3539,1.3586,1.3467,1.3577,450511.02,0.0,0.0,0
15m,1771952400.0,1.3577,1.3636,1.3567,1.3595,471890.63,0.0,0.0,0
15m,1771953300.0,1.3595,1.3628,1.3567,1.3579,346963.44,0.0,0.0,0
15m,1771954200.0,1.3579,1.3604,1.356,1.3588,164105.91,0.0,0.0,0
15m,1771955100.0,1.3588,1.3619,1.3577,1.3595,161072.07,0.0,0.0,0
15m,1771956000.0,1.3595,1.3676,1.3531,1.3543,449892.05,0.0,0.0,0
15m,1771956900.0,1.3543,1.3621,1.3528,1.3589,162422.07,0.0,0.0,0
15m,1771957800.0,1.3589,1.3647,1.3583,1.3624,501661.83,0.0,0.0,0
15m,1771958700.0,1.3624,1.3633,1.3592,1.3605,343591.46,0.0,0.0,0
15m,1771959600.0,1.3605,1.364,1.3536,1.3544,305644.29,0.0,0.0,0
15m,1771960500.0,1.3544,1.3552,1.35,1.3514,476484.69,0.0,0.0,0
15m,1771961400.0,1.3514,1.3553,1.3508,1.3549,82565.16,0.0,0.0,0
15m,1771962300.0,1.3549,1.3566,1.3542,1.3554,122220.95,0.0,0.0,0
15m,1771963200.0,1.3554,1.3586,1.3547,1.3578,246801.41,0.0,0.0,0
15m,1771964100.0,1.3578,1.3624,1.3577,1.3611,296894.53,0.0,0.0,0
15m,1771965000.0,1.3611,1.3636,1.3595,1.3607,174719.5,0.0,0.0,0
15m,1771965900.0,1.3607,1.3607,1.3562,1.3573,459237.85,0.0,0.0,0
15m,1771966800.0,1.3573,1.3588,1.3517,1.3568,346202.97,0.0,0.0,0
15m,1771967700.0,1.3568,1.3568,1.3495,1.3511,181463.63,0.0,0.0,0
15m,1771968600.0,1.3511,1.3541,1.3498,1.3524,239013.92,0.0,0.0,0
15m,1771969500.0,1.3524,1.3552,1.351,1.352,324614.96,0.0,0.0,0
15m,1771970400.0,1.352,1.3579,1.3501,1.3547,600553.77,0.0,0.0,0
15m,1771971300.0,1.3547,1.3554,1.3512,1.3537,217194.48,0.0,0.0,0
15m,1771972200.0,1.3537,1.3559,1.3517,1.3535,76282.91,0.0,0.0,0
15m,1771973100.0,1.3535,1.3544,1.3503,1.353,59913.71,0.0,0.0,0
15m,1771974000.0,1.353,1.353,1.3416,1.3457,249177.66,0.0,0.0,0
15m,1771974900.0,1.3457,1.35,1.3448,1.3495,111536.13,0.0,0.0,0
15m,1771975800.0,1.3495,1.3544,1.3486,1.3499,187519.57,0.0,0.0,0
15m,1771976700.0,1.3499,1.3505,1.3474,1.3481,90984.79,0.0,0.0,0
15m,1771977600.0,1.3481,1.3487,1.3458,1.3463,123346.17,0.0,0.0,0
15m,1771978500.0,1.3463,1.3486,1.3405,1.3419,390937.66,0.0,0.0,0
15m,1771979400.0,1.3419,1.3492,1.3416,1.3484,675985.32,0.0,0.0,0
15m,1771980300.0,1.3484,1.3522,1.3465,1.3469,522665.24,0.0,0.0,0
15m,1771981200.0,1.3469,1.3843,1.3459,1.3836,2424588.82,0.0,0.0,0
15m,1771982100.0,1.3836,1.3995,1.3753,1.386,2630642.63,0.0,0.0,0
15m,1771983000.0,1.386,1.3916,1.3798,1.381,804541.04,0.0,0.0,0
15m,1771983900.0,1.381,1.3885,1.3802,1.3866,791362.86,0.0,0.0,0
15m,1771984800.0,1.3866,1.3948,1.3843,1.3902,1193530.06,0.0,0.0,0
15m,1771985700.0,1.3902,1.3924,1.387,1.3906,435610.24,0.0,0.0,0
15m,1771986600.0,1.3906,1.3924,1.3823,1.3838,334104.48,0.0,0.0,0
15m,1771987500.0,1.3838,1.3856,1.3787,1.3795,377047.23,0.0,0.0,0
15m,1771988400.0,1.3795,1.3814,1.3752,1.3759,281843.1,0.0,0.0,0
15m,1771989300.0,1.3759,1.3765,1.3664,1.3728,356730.52,0.0,0.0,0
15m,1771990200.0,1.3728,1.3729,1.3667,1.3693,366364.68,0.0,0.0,0
15m,1771991100.0,1.3693,1.3719,1.3674,1.3699,357819.36,0.0,0.0,0
15m,1771992000.0,1.3699,1.3701,1.3599,1.3691,477594.76,0.0,0.0,0
15m,1771992900.0,1.3691,1.3712,1.3651,1.3698,460741.12,0.0,0.0,0
15m,1771993800.0,1.3698,1.3756,1.3694,1.374,263465.99,0.0,0.0,0
15m,1771994700.0,1.374,1.3751,1.3674,1.3688,232512.3,0.0,0.0,0
15m,1771995600.0,1.3688,1.3702,1.3664,1.3675,154621.44,0.0,0.0,0
15m,1771996500.0,1.3675,1.3682,1.3611,1.3627,363134.8,0.0,0.0,0
15m,1771997400.0,1.3627,1.3639,1.353,1.357,460734.78,0.0,0.0,0
15m,1771998300.0,1.357,1.3599,1.3557,1.3586,310025.58,0.0,0.0,0
15m,1771999200.0,1.3586,1.3624,1.3585,1.3622,147505.8,0.0,0.0,0
15m,1772000100.0,1.3622,1.3653,1.3604,1.3636,84827.87,0.0,0.0,0
15m,1772001000.0,1.3636,1.3667,1.3633,1.3661,71795.75,0.0,0.0,0
15m,1772001900.0,1.3661,1.3662,1.3573,1.3601,325749.18,0.0,0.0,0
15m,1772002800.0,1.3601,1.3653,1.3587,1.3634,123006.12,0.0,0.0,0
15m,1772003700.0,1.3634,1.3665,1.3628,1.3662,148333.3,0.0,0.0,0
15m,1772004600.0,1.3662,1.3681,1.3623,1.3632,136100.52,0.0,0.0,0
15m,1772005500.0,1.3632,1.3664,1.3628,1.3659,62017.67,0.0,0.0,0
15m,1772006400.0,1.3659,1.367,1.363,1.3641,67633.55,0.0,0.0,0
15m,1772007300.0,1.3641,1.3689,1.363,1.3662,223433.26,0.0,0.0,0
15m,1772008200.0,1.3662,1.3713,1.3657,1.3704,199727.65,0.0,0.0,0
15m,1772009100.0,1.3704,1.3741,1.3691,1.3726,274303.13,0.0,0.0,0
15m,1772010000.0,1.3726,1.3813,1.372,1.379,410441.57,0.0,0.0,0
15m,1772010900.0,1.379,1.3829,1.3778,1.3794,227125.91,0.0,0.0,0
15m,1772011800.0,1.3794,1.3797,1.376,1.3771,240328.25,0.0,0.0,0
15m,1772012700.0,1.3771,1.381,1.377,1.3804,101652.17,0.0,0.0,0
15m,1772013600.0,1.3804,1.3841,1.3783,1.3813,198696.29,0.0,0.0,0
15m,1772014500.0,1.3813,1.3837,1.3763,1.3763,167967.9,0.0,0.0,0
15m,1772015400.0,1.3763,1.3782,1.3752,1.3763,72639.72,0.0,0.0,0
15m,1772016300.0,1.3763,1.3789,1.3743,1.3754,178102.73,0.0,0.0,0
15m,1772017200.0,1.3754,1.3772,1.3726,1.3751,252588.05,0.0,0.0,0
15m,1772018100.0,1.3751,1.3812,1.3743,1.3785,322249.43,0.0,0.0,0
15m,1772019000.0,1.3785,1.3823,1.3779,1.3822,232266.79,0.0,0.0,0
15m,1772019900.0,1.3822,1.3855,1.3811,1.3839,134330.15,0.0,0.0,0
15m,1772020800.0,1.3839,1.3853,1.3813,1.3828,214787.8,0.0,0.0,0
15m,1772021700.0,1.3828,1.3933,1.382,1.3932,430353.22,0.0,0.0,0
15m,1772022600.0,1.3932,1.398,1.3927,1.3945,328111.94,0.0,0.0,0
15m,1772023500.0,1.3945,1.4033,1.3928,1.3999,686653.93,0.0,0.0,0
15m,1772024400.0,1.3999,1.4062,1.3986,1.4,560279.57,0.0,0.0,0
15m,1772025300.0,1.4,1.4085,1.399,1.407,583065.86,0.0,0.0,0
15m,1772026200.0,1.407,1.4206,1.4054,1.4154,695194.02,0.0,0.0,0
15m,1772027100.0,1.4154,1.4244,1.4119,1.4132,754072.14,0.0,0.0,0
15m,1772028000.0,1.4132,1.4226,1.4132,1.4208,516763.0,0.0,0.0,0
15m,1772028900.0,1.4208,1.4249,1.419,1.4194,629111.49,0.0,0.0,0
15m,1772029800.0,1.4194,1.4257,1.4134,1.4166,1271542.68,0.0,0.0,0
15m,1772030700.0,1.4166,1.4368,1.4166,1.4361,1834457.06,0.0,0.0,0
15m,1772031600.0,1.4361,1.4422,1.4253,1.4285,1313505.4,0.0,0.0,0
15m,1772032500.0,1.4285,1.4373,1.4283,1.4324,897488.83,0.0,0.0,0
15m,1772033400.0,1.4324,1.4442,1.4286,1.4432,855273.83,0.0,0.0,0
15m,1772034300.0,1.4432,1.4459,1.4373,1.4411,1025289.04,0.0,0.0,0
15m,1772035200.0,1.4411,1.4464,1.4385,1.4438,578192.48,0.0,0.0,0
15m,1772036100.0,1.4438,1.4506,1.4425,1.4447,859344.07,0.0,0.0,0
15m,1772037000.0,1.4447,1.4467,1.4378,1.4425,772175.22,0.0,0.0,0
15m,1772037900.0,1.4425,1.45,1.4423,1.4486,498076.07,0.0,0.0,0
15m,1772038800.0,1.4486,1.4581,1.446,1.457,792184.85,0.0,0.0,0
15m,1772039700.0,1.457,1.4741,1.4568,1.468,1089898.25,0.0,0.0,0
15m,1772040600.0,1.468,1.4721,1.4632,1.4674,963282.51,0.0,0.0,0
15m,1772041500.0,1.4674,1.4704,1.4622,1.4665,600995.19,0.0,0.0,0
15m,1772042400.0,1.4665,1.467,1.4562,1.4641,1021712.53,0.0,0.0,0
15m,1772043300.0,1.4641,1.4756,1.4628,1.4734,454720.31,0.0,0.0,0
15m,1772044200.0,1.4734,1.476,1.4683,1.4736,421057.25,0.0,0.0,0
15m,1772045100.0,1.4736,1.4768,1.4703,1.472,475914.41,0.0,0.0,0
15m,1772046000.0,1.472,1.4731,1.4606,1.4632,854121.86,0.0,0.0,0
15m,1772046900.0,1.4632,1.4683,1.46,1.4617,863526.78,0.0,0.0,0
15m,1772047800.0,1.4617,1.4622,1.4538,1.4573,996673.59,0.0,0.0,0
15m,1772048700.0,1.4573,1.4673,1.4564,1.4666,736413.93,0.0,0.0,0
15m,1772049600.0,1.4666,1.4711,1.4634,1.4636,647403.75,0.0,0.0,0
15m,1772050500.0,1.4636,1.4641,1.4579,1.4579,523901.7,0.0,0.0,0
15m,1772051400.0,1.4579,1.4688,1.457,1.4648,676423.53,0.0,0.0,0
15m,1772052300.0,1.4648,1.4699,1.4621,1.4646,1130654.24,0.0,0.0,0
15m,1772053200.0,1.4646,1.4722,1.4633,1.466,834785.33,0.0,0.0,0
15m,1772054100.0,1.466,1.4696,1.4635,1.4635,477152.84,0.0,0.0,0
15m,1772055000.0,1.4635,1.4936,1.4628,1.4809,2575052.53,0.0,0.0,0
15m,1772055900.0,1.4809,1.4827,1.4713,1.4759,991509.44,0.0,0.0,0
15m,1772056800.0,1.4759,1.4856,1.4759,1.4848,621431.79,0.0,0.0,0
15m,1772057700.0,1.4848,1.4881,1.4741,1.4751,452446.98,0.0,0.0,0
15m,1772058600.0,1.4751,1.4756,1.456,1.4565,1024427.0,0.0,0.0,0
15m,1772059500.0,1.4565,1.4615,1.4444,1.4558,1284397.23,0.0,0.0,0
15m,1772060400.0,1.4558,1.4573,1.4467,1.4505,381586.94,0.0,0.0,0
15m,1772061300.0,1.4505,1.4505,1.4381,1.4384,1147245.47,0.0,0.0,0
15m,1772062200.0,1.4384,1.4394,1.4193,1.4227,2076632.13,0.0,0.0,0
15m,1772063100.0,1.4227,1.4355,1.4215,1.4338,1059483.49,0.0,0.0,0
15m,1772064000.0,1.4338,1.44,1.4268,1.4378,665292.43,0.0,0.0,0
15m,1772064900.0,1.4378,1.4475,1.4372,1.4406,507910.77,0.0,0.0,0
15m,1772065800.0,1.4406,1.4439,1.4276,1.4352,451472.85,0.0,0.0,0
15m,1772066700.0,1.4352,1.4417,1.4326,1.4394,163551.65,0.0,0.0,0
15m,1772067600.0,1.4394,1.4437,1.4349,1.4376,294136.83,0.0,0.0,0
15m,1772068500.0,1.4376,1.4379,1.43,1.4311,227596.05,0.0,0.0,0
15m,1772069400.0,1.4311,1.4333,1.4271,1.4276,232636.46,0.0,0.0,0
15m,1772070300.0,1.4276,1.429,1.4234,1.4239,503646.42,0.0,0.0,0
15m,1772071200.0,1.4239,1.4253,1.4186,1.4209,644524.47,0.0,0.0,0
15m,1772072100.0,1.4209,1.4282,1.4209,1.423,174835.82,0.0,0.0,0
15m,1772073000.0,1.423,1.4352,1.423,1.4329,232539.19,0.0,0.0,0
15m,1772073900.0,1.4329,1.4395,1.4306,1.438,324207.99,0.0,0.0,0
15m,1772074800.0,1.438,1.4425,1.4349,1.4356,340658.91,0.0,0.0,0
15m,1772075700.0,1.4356,1.4399,1.4341,1.4366,327625.44,0.0,0.0,0
15m,1772076600.0,1.4366,1.4435,1.4359,1.4421,375501.58,0.0,0.0,0
15m,1772077500.0,1.4421,1.4458,1.4416,1.442,163706.11,0.0,0.0,0
15m,1772078400.0,1.442,1.4518,1.4402,1.4473,664052.2,0.0,0.0,0
15m,1772079300.0,1.4473,1.4543,1.4436,1.4527,381041.61,0.0,0.0,0
15m,1772080200.0,1.4527,1.4691,1.4522,1.4621,578936.9,0.0,0.0,0
15m,1772081100.0,1.4621,1.4643,1.4573,1.4589,383247.0,0.0,0.0,0
15m,1772082000.0,1.4589,1.4597,1.4402,1.4454,852726.32,0.0,0.0,0
15m,1772082900.0,1.4454,1.4512,1.441,1.448,441010.96,0.0,0.0,0
15m,1772083800.0,1.448,1.4501,1.4446,1.4488,182833.59,0.0,0.0,0
15m,1772084700.0,1.4488,1.4512,1.4453,1.448,153584.97,0.0,0.0,0
15m,1772085600.0,1.448,1.4553,1.4447,1.4509,572442.0,0.0,0.0,0
15m,1772086500.0,1.4509,1.4533,1.4476,1.4476,149695.59,0.0,0.0,0
15m,1772087400.0,1.4476,1.4488,1.4451,1.446,162167.65,0.0,0.0,0
15m,1772088300.0,1.446,1.4491,1.4434,1.4446,167960.39,0.0,0.0,0
15m,1772089200.0,1.4446,1.4455,1.441,1.4421,160678.23,0.0,0.0,0
15m,1772090100.0,1.4421,1.4429,1.4373,1.4373,175374.36,0.0,0.0,0
15m,1772091000.0,1.4373,1.4378,1.4317,1.433,240928.93,0.0,0.0,0
15m,1772091900.0,1.433,1.436,1.4303,1.434,339984.72,0.0,0.0,0
15m,1772092800.0,1.434,1.4416,1.4339,1.4413,227142.41,0.0,0.0,0
15m,1772093700.0,1.4413,1.4452,1.4382,1.4392,291701.77,0.0,0.0,0
15m,1772094600.0,1.4392,1.4416,1.4354,1.4387,222064.41,0.0,0.0,0
15m,1772095500.0,1.4387,1.4428,1.4357,1.4359,482800.09,0.0,0.0,0
15m,1772096400.0,1.4359,1.4498,1.4347,1.4465,406452.57,0.0,0.0,0
15m,1772097300.0,1.4465,1.4465,1.4415,1.4426,215990.07,0.0,0.0,0
15m,1772098200.0,1.4426,1.4497,1.4413,1.4494,247841.29,0.0,0.0,0
15m,1772099100.0,1.4494,1.4533,1.4492,1.452,228363.48,0.0,0.0,0
15m,1772100000.0,1.452,1.4569,1.4503,1.4504,393028.45,0.0,0.0,0
15m,1772100900.0,1.4504,1.4565,1.4498,1.4527,239591.56,0.0,0.0,0
15m,1772101800.0,1.4527,1.4544,1.4465,1.4488,335564.92,0.0,0.0,0
15m,1772102700.0,1.4488,1.4489,1.4413,1.4427,255084.71,0.0,0.0,0
15m,1772103600.0,1.4427,1.4454,1.4388,1.4441,174526.71,0.0,0.0,0
15m,1772104500.0,1.4441,1.4446,1.4379,1.439,193826.16,0.0,0.0,0
15m,1772105400.0,1.439,1.443,1.439,1.4418,106645.84,0.0,0.0,0
15m,1772106300.0,1.4418,1.442,1.4346,1.4371,200301.52,0.0,0.0,0
15m,1772107200.0,1.4371,1.4402,1.4357,1.4386,210206.22,0.0,0.0,0
15m,1772108100.0,1.4386,1.4416,1.4368,1.4378,162737.64,0.0,0.0,0
15m,1772109000.0,1.4378,1.4439,1.4373,1.4386,345070.96,0.0,0.0,0
15m,1772109900.0,1.4386,1.4437,1.4369,1.4422,326766.26,0.0,0.0,0
15m,1772110800.0,1.4422,1.4423,1.4363,1.437,174917.75,0.0,0.0,0
15m,1772111700.0,1.437,1.446,1.4368,1.4451,346360.83,0.0,0.0,0
15m,1772112600.0,1.4451,1.4451,1.4411,1.4422,221294.55,0.0,0.0,0
15m,1772113500.0,1.4422,1.4453,1.4382,1.4399,262092.0,0.0,0.0,0
15m,1772114400.0,1.4399,1.4434,1.4318,1.4412,394542.08,0.0,0.0,0
15m,1772115300.0,1.4412,1.4417,1.4363,1.4401,314155.47,0.0,0.0,0
15m,1772116200.0,1.4401,1.4449,1.4313,1.433,811743.23,0.0,0.0,0
15m,1772117100.0,1.433,1.4385,1.4224,1.4357,1258301.6,0.0,0.0,0
15m,1772118000.0,1.4357,1.4362,1.4251,1.4287,497341.63,0.0,0.0,0
15m,1772118900.0,1.4287,1.4287,1.4132,1.4158,2068359.19,0.0,0.0,0
15m,1772119800.0,1.4158,1.43,1.4083,1.4243,1636717.21,0.0,0.0,0
15m,1772120700.0,1.4243,1.4294,1.4167,1.4213,826860.37,0.0,0.0,0
15m,1772121600.0,1.4213,1.4218,1.4125,1.416,531184.54,0.0,0.0,0
15m,1772122500.0,1.416,1.4235,1.4141,1.4192,505390.4,0.0,0.0,0
15m,1772123400.0,1.4192,1.4197,1.4045,1.4061,848062.02,0.0,0.0,0
15m,1772124300.0,1.4061,1.407,1.3854,1.3887,2561479.38,0.0,0.0,0
15m,1772125200.0,1.3887,1.3983,1.386,1.3931,1174075.69,0.0,0.0,0
15m,1772126100.0,1.3931,1.3977,1.3917,1.3945,410557.12,0.0,0.0,0
15m,1772127000.0,1.3945,1.3969,1.3875,1.39,393073.33,0.0,0.0,0
15m,1772127900.0,1.39,1.3914,1.3843,1.3879,494031.75,0.0,0.0,0
15m,1772128800.0,1.3879,1.3916,1.3825,1.3856,495472.55,0.0,0.0,0
15m,1772129700.0,1.3856,1.3928,1.3838,1.3859,604824.72,0.0,0.0,0
15m,1772130600.0,1.3859,1.3995,1.3856,1.3916,837300.9,0.0,0.0,0
15m,1772131500.0,1.3916,1.3954,1.3887,1.3937,569571.78,0.0,0.0,0
15m,1772132400.0,1.3937,1.4125,1.3929,1.3978,1867456.43,0.0,0.0,0
15m,1772133300.0,1.3978,1.4066,1.3976,1.4018,459232.06,0.0,0.0,0
15m,1772134200.0,1.4018,1.4064,1.4009,1.4018,513973.14,0.0,0.0,0
15m,1772135100.0,1.4018,1.4101,1.4018,1.407,749186.64,0.0,0.0,0
15m,1772136000.0,1.407,1.4131,1.405,1.4056,1075229.12,0.0,0.0,0
15m,1772136900.0,1.4056,1.4086,1.4004,1.4005,453779.53,0.0,0.0,0
15m,1772137800.0,1.4005,1.4007,1.3953,1.398,213744.3,0.0,0.0,0
15m,1772138700.0,1.398,1.399,1.3932,1.3939,199211.22,0.0,0.0,0
15m,1772139600.0,1.3939,1.3957,1.3882,1.3923,262594.67,0.0,0.0,0
15m,1772140500.0,1.3923,1.3961,1.3906,1.3959,215988.13,0.0,0.0,0
15m,1772141400.0,1.3959,1.397,1.393,1.396,137375.93,0.0,0.0,0
15m,1772142300.0,1.396,1.3972,1.3939,1.3948,138463.08,0.0,0.0,0
15m,1772143200.0,1.3948,1.3998,1.3937,1.3975,245806.22,0.0,0.0,0
15m,1772144100.0,1.3975,1.398,1.3951,1.3969,142508.02,0.0,0.0,0
15m,1772145000.0,1.3969,1.4026,1.3962,1.4024,164522.22,0.0,0.0,0
15m,1772145900.0,1.4024,1.4053,1.4011,1.4026,135833.8,0.0,0.0,0
15m,1772146800.0,1.4026,1.4026,1.3969,1.3996,197542.29,0.0,0.0,0
15m,1772147700.0,1.3996,1.4025,1.3977,1.4017,184098.84,0.0,0.0,0
15m,1772148600.0,1.4017,1.4036,1.4,1.4003,163183.39,0.0,0.0,0
15m,1772149500.0,1.4003,1.4031,1.3999,1.4025,112015.65,0.0,0.0,0
15m,1772150400.0,1.4025,1.4045,1.3982,1.4008,274263.6,0.0,0.0,0
15m,1772151300.0,1.4008,1.4018,1.3977,1.3995,123598.88,0.0,0.0,0
15m,1772152200.0,1.3995,1.3995,1.3933,1.397,906599.66,0.0,0.0,0
15m,1772153100.0,1.397,1.4037,1.3946,1.4015,742236.24,0.0,0.0,0
15m,1772154000.0,1.4015,1.4036,1.3961,1.3997,226805.58,0.0,0.0,0
15m,1772154900.0,1.3997,1.4042,1.3981,1.402,149790.9,0.0,0.0,0
15m,1772155800.0,1.402,1.4063,1.4007,1.4026,335215.09,0.0,0.0,0
15m,1772156700.0,1.4026,1.4062,1.4014,1.4054,133803.34,0.0,0.0,0
15m,1772157600.0,1.4054,1.4104,1.4051,1.4077,182183.33,0.0,0.0,0
15m,1772158500.0,1.4077,1.4131,1.406,1.4074,331942.47,0.0,0.0,0
15m,1772159400.0,1.4074,1.4131,1.4074,1.4113,242822.34,0.0,0.0,0
15m,1772160300.0,1.4113,1.4128,1.4067,1.4067,518904.08,0.0,0.0,0
15m,1772161200.0,1.4067,1.4071,1.4002,1.4014,309078.21,0.0,0.0,0
15m,1772162100.0,1.4014,1.4033,1.4,1.4014,171533.94,0.0,0.0,0
15m,1772163000.0,1.4014,1.4043,1.4009,1.4043,178415.01,0.0,0.0,0
15m,1772163900.0,1.4043,1.4092,1.4028,1.4077,193218.16,0.0,0.0,0
15m,1772164800.0,1.4077,1.417,1.4069,1.4149,782517.78,0.0,0.0,0
15m,1772165700.0,1.4149,1.4215,1.4144,1.4171,422344.66,0.0,0.0,0
15m,1772166600.0,1.4171,1.4178,1.4097,1.4105,209813.38,0.0,0.0,0
15m,1772167500.0,1.4105,1.4108,1.4054,1.4077,379617.34,0.0,0.0,0
15m,1772168400.0,1.4077,1.4132,1.4075,1.4112,349188.25,0.0,0.0,0
15m,1772169300.0,1.4112,1.4136,1.4069,1.4097,147185.11,0.0,0.0,0
15m,1772170200.0,1.4097,1.4148,1.4096,1.4131,110361.33,0.0,0.0,0
15m,1772171100.0,1.4131,1.4131,1.4089,1.4104,72602.76,0.0,0.0,0
15m,1772172000.0,1.4104,1.4111,1.4059,1.4081,373076.78,0.0,0.0,0
15m,1772172900.0,1.4081,1.4101,1.4042,1.4074,119367.8,0.0,0.0,0
15m,1772173800.0,1.4074,1.4114,1.406,1.4109,112023.55,0.0,0.0,0
15m,1772174700.0,1.4109,1.4145,1.4109,1.4124,117915.07,0.0,0.0,0
15m,1772175600.0,1.4124,1.4129,1.4099,1.4113,56093.77,0.0,0.0,0
15m,1772176500.0,1.4113,1.4127,1.4082,1.4087,177399.63,0.0,0.0,0
15m,1772177400.0,1.4087,1.4108,1.4061,1.4092,153074.8,0.0,0.0,0
15m,1772178300.0,1.4092,1.4173,1.4089,1.417,405318.45,0.0,0.0,0
15m,1772179200.0,1.417,1.4234,1.4168,1.4194,443254.87,0.0,0.0,0
15m,1772180100.0,1.4194,1.4208,1.4165,1.4195,212046.43,0.0,0.0,0
15m,1772181000.0,1.4195,1.423,1.4148,1.4197,243938.87,0.0,0.0,0
15m,1772181900.0,1.4197,1.4236,1.4197,1.4216,149339.85,0.0,0.0,0
15m,1772182800.0,1.4216,1.4257,1.4212,1.4234,290694.13,0.0,0.0,0
15m,1772183700.0,1.4234,1.4261,1.4188,1.4224,209827.98,0.0,0.0,0
15m,1772184600.0,1.4224,1.423,1.4137,1.414,189016.19,0.0,0.0,0
15m,1772185500.0,1.414,1.414,1.405,1.4068,388661.74,0.0,0.0,0
15m,1772186400.0,1.4068,1.4074,1.3925,1.394,679261.86,0.0,0.0,0
15m,1772187300.0,1.394,1.4005,1.3927,1.3947,694189.13,0.0,0.0,0
15m,1772188200.0,1.3947,1.3994,1.394,1.3975,285544.36,0.0,0.0,0
15m,1772189100.0,1.3975,1.3984,1.387,1.3888,788001.39,0.0,0.0,0
15m,1772190000.0,1.3888,1.3967,1.3888,1.3952,403114.11,0.0,0.0,0
15m,1772190900.0,1.3952,1.3953,1.3883,1.3915,374145.81,0.0,0.0,0
15m,1772191800.0,1.3915,1.3925,1.3801,1.3813,793276.81,0.0,0.0,0
15m,1772192700.0,1.3813,1.3859,1.3805,1.3826,379289.21,0.0,0.0,0
15m,1772193600.0,1.3826,1.385,1.3791,1.3828,313241.25,0.0,0.0,0
15m,1772194500.0,1.3828,1.3851,1.3788,1.3824,496817.56,0.0,0.0,0
15m,1772195400.0,1.3824,1.3837,1.3764,1.3771,286790.32,0.0,0.0,0
15m,1772196300.0,1.3771,1.3786,1.373,1.3776,537751.83,0.0,0.0,0
15m,1772197200.0,1.3776,1.3821,1.3759,1.3774,277902.75,0.0,0.0,0
15m,1772198100.0,1.3774,1.3788,1.3719,1.3741,352854.76,0.0,0.0,0
15m,1772199000.0,1.3741,1.3743,1.3632,1.3723,2115998.81,0.0,0.0,0
15m,1772199900.0,1.3723,1.3756,1.3686,1.3711,700627.5,0.0,0.0,0
15m,1772200800.0,1.3711,1.373,1.3696,1.3724,197327.5,0.0,0.0,0
15m,1772201700.0,1.3724,1.3724,1.3652,1.3682,383839.84,0.0,0.0,0
15m,1772202600.0,1.3682,1.3741,1.3645,1.3662,973037.98,0.0,0.0,0
15m,1772203500.0,1.3662,1.3672,1.3575,1.3593,1259043.45,0.0,0.0,0
15m,1772204400.0,1.3593,1.3666,1.3577,1.3611,884265.73,0.0,0.0,0
15m,1772205300.0,1.3611,1.3647,1.3588,1.3616,626277.16,0.0,0.0,0
15m,1772206200.0,1.3616,1.3619,1.3525,1.3576,902833.1,0.0,0.0,0
15m,1772207100.0,1.3576,1.3602,1.3542,1.3569,1366677.08,0.0,0.0,0
15m,1772208000.0,1.3569,1.3585,1.3483,1.3535,1580335.56,0.0,0.0,0
15m,1772208900.0,1.3535,1.3575,1.3514,1.3562,526152.26,0.0,0.0,0
15m,1772209800.0,1.3562,1.3588,1.3516,1.3526,697136.58,0.0,0.0,0
15m,1772210700.0,1.3526,1.3538,1.3495,1.3509,577482.96,0.0,0.0,0
15m,1772211600.0,1.3509,1.355,1.347,1.3485,1051678.99,0.0,0.0,0
15m,1772212500.0,1.3485,1.3496,1.3402,1.3415,1718177.0,0.0,0.0,0
15m,1772213400.0,1.3415,1.349,1.3384,1.3463,1793911.11,0.0,0.0,0
15m,1772214300.0,1.3463,1.3595,1.3461,1.3579,1550055.32,0.0,0.0,0
15m,1772215200.0,1.3579,1.3588,1.3528,1.3534,939934.69,0.0,0.0,0
15m,1772216100.0,1.3534,1.3629,1.3531,1.3616,725951.25,0.0,0.0,0
15m,1772217000.0,1.3616,1.3641,1.3584,1.3628,782905.11,0.0,0.0,0
15m,1772217900.0,1.3628,1.3633,1.3561,1.3567,1074208.86,0.0,0.0,0
15m,1772218800.0,1.3567,1.3573,1.3471,1.3498,1391066.34,0.0,0.0,0
15m,1772219700.0,1.3498,1.354,1.3486,1.3503,1113813.84,0.0,0.0,0
15m,1772220600.0,1.3503,1.3522,1.3463,1.3469,237179.61,0.0,0.0,0
15m,1772221500.0,1.3469,1.3523,1.3469,1.3509,183884.77,0.0,0.0,0
15m,1772222400.0,1.3509,1.3563,1.3505,1.3543,245509.49,0.0,0.0,0
15m,1772223300.0,1.3543,1.3556,1.3532,1.3546,214073.74,0.0,0.0,0
15m,1772224200.0,1.3546,1.3551,1.3517,1.3537,192698.13,0.0,0.0,0
15m,1772225100.0,1.3537,1.3557,1.3509,1.3531,380050.17,0.0,0.0,0
15m,1772226000.0,1.3531,1.3563,1.3507,1.3539,350186.47,0.0,0.0,0
15m,1772226900.0,1.3539,1.3552,1.3529,1.3544,494063.91,0.0,0.0,0
15m,1772227800.0,1.3544,1.355,1.3497,1.3522,368896.87,0.0,0.0,0
15m,1772228700.0,1.3522,1.353,1.3477,1.3514,341222.92,0.0,0.0,0
15m,1772229600.0,1.3514,1.3523,1.3477,1.3503,154325.07,0.0,0.0,0
15m,1772230500.0,1.3503,1.3524,1.3461,1.3473,436072.58,0.0,0.0,0
15m,1772231400.0,1.3473,1.3541,1.3378,1.3534,955527.03,0.0,0.0,0
15m,1772232300.0,1.3534,1.3557,1.3528,1.354,160127.71,0.0,0.0,0
15m,1772233200.0,1.354,1.3563,1.3514,1.3519,241774.06,0.0,0.0,0
15m,1772234100.0,1.3519,1.3561,1.3513,1.356,372237.15,0.0,0.0,0
15m,1772235000.0,1.356,1.3572,1.3538,1.3545,234898.89,0.0,0.0,0
15m,1772235900.0,1.3545,1.3566,1.354,1.3564,121086.51,0.0,0.0,0
15m,1772236800.0,1.3564,1.361,1.3553,1.3608,668052.78,0.0,0.0,0
15m,1772237700.0,1.3608,1.361,1.3564,1.3566,321502.73,0.0,0.0,0
15m,1772238600.0,1.3566,1.3627,1.3562,1.3623,316771.78,0.0,0.0,0
15m,1772239500.0,1.3623,1.3634,1.3601,1.3624,310934.73,0.0,0.0,0
15m,1772240400.0,1.3624,1.3655,1.3609,1.3615,227453.93,0.0,0.0,0
15m,1772241300.0,1.3615,1.3632,1.359,1.3594,210269.95,0.0,0.0,0
15m,1772242200.0,1.3594,1.3602,1.3569,1.3581,133522.4,0.0,0.0,0
15m,1772243100.0,1.3581,1.3607,1.357,1.3587,114953.37,0.0,0.0,0
15m,1772244000.0,1.3587,1.3602,1.3568,1.3585,135837.48,0.0,0.0,0
15m,1772244900.0,1.3585,1.362,1.3583,1.3613,96178.19,0.0,0.0,0
15m,1772245800.0,1.3613,1.363,1.3605,1.3622,79724.64,0.0,0.0,0
15m,1772246700.0,1.3622,1.3631,1.3614,1.3614,76635.46,0.0,0.0,0
15m,1772247600.0,1.3614,1.3614,1.3582,1.3589,109702.42,0.0,0.0,0
15m,1772248500.0,1.3589,1.3616,1.3586,1.3599,110213.57,0.0,0.0,0
15m,1772249400.0,1.3599,1.3599,1.3542,1.355,139994.48,0.0,0.0,0
15m,1772250300.0,1.355,1.3569,1.3528,1.3548,133336.4,0.0,0.0,0
15m,1772251200.0,1.3548,1.3569,1.3541,1.3561,70605.01,0.0,0.0,0
15m,1772252100.0,1.3561,1.358,1.354,1.3543,131078.95,0.0,0.0,0
15m,1772253000.0,1.3543,1.3557,1.3497,1.3544,176738.12,0.0,0.0,0
15m,1772253900.0,1.3544,1.3563,1.3535,1.3539,53906.53,0.0,0.0,0
15m,1772254800.0,1.3539,1.3559,1.3533,1.3558,36232.51,0.0,0.0,0
15m,1772255700.0,1.3558,1.3558,1.3515,1.3516,165079.35,0.0,0.0,0
15m,1772256600.0,1.3516,1.3516,1.3476,1.3482,253713.83,0.0,0.0,0
15m,1772257500.0,1.3482,1.3498,1.3468,1.3496,138609.78,0.0,0.0,0
15m,1772258400.0,1.3496,1.3513,1.348,1.3489,173531.8,0.0,0.0,0
15m,1772259300.0,1.3489,1.3495,1.3231,1.3321,2745378.85,0.0,0.0,0
15m,1772260200.0,1.3321,1.3321,1.3068,1.3223,3102658.74,0.0,0.0,0
15m,1772261100.0,1.3223,1.3225,1.2933,1.2965,1905800.07,0.0,0.0,0
15m,1772262000.0,1.2965,1.3163,1.2901,1.3132,1975205.05,0.0,0.0,0
15m,1772262900.0,1.3132,1.318,1.2978,1.3014,857688.32,0.0,0.0,0
15m,1772263800.0,1.3014,1.3226,1.2997,1.3144,1253945.34,0.0,0.0,0
15m,1772264700.0,1.3144,1.3145,1.3021,1.3031,835733.88,0.0,0.0,0
15m,1772265600.0,1.3031,1.3031,1.2949,1.2949,744919.37,0.0,0.0,0
15m,1772266500.0,1.2949,1.3004,1.2883,1.2912,864155.42,0.0,0.0,0
15m,1772267400.0,1.2912,1.2966,1.2855,1.2903,745049.37,0.0,0.0,0
15m,1772268300.0,1.2903,1.2925,1.2835,1.2866,535757.92,0.0,0.0,0
15m,1772269200.0,1.2866,1.2896,1.276,1.2828,837594.44,0.0,0.0,0
15m,1772270100.0,1.2828,1.2873,1.2773,1.2843,505195.62,0.0,0.0,0
15m,1772271000.0,1.2843,1.2857,1.2748,1.2758,415440.54,0.0,0.0,0
15m,1772271900.0,1.2758,1.2802,1.2717,1.2781,496564.57,0.0,0.0,0
15m,1772272800.0,1.2781,1.2785,1.2702,1.2745,786258.03,0.0,0.0,0
15m,1772273700.0,1.2745,1.2865,1.2731,1.2831,526701.78,0.0,0.0,0
15m,1772274600.0,1.2831,1.2948,1.2827,1.2902,1075079.52,0.0,0.0,0
15m,1772275500.0,1.2902,1.2915,1.2864,1.2895,784340.82,0.0,0.0,0
15m,1772276400.0,1.2895,1.2955,1.2869,1.2954,630136.33,0.0,0.0,0
15m,1772277300.0,1.2954,1.3032,1.2929,1.3022,1094558.24,0.0,0.0,0
15m,1772278200.0,1.3022,1.3071,1.2957,1.296,884943.64,0.0,0.0,0
15m,1772279100.0,1.296,1.2973,1.2912,1.293,758301.86,0.0,0.0,0
15m,1772280000.0,1.293,1.2964,1.2921,1.2934,385392.33,0.0,0.0,0
15m,1772280900.0,1.2934,1.2993,1.2922,1.2962,511031.14,0.0,0.0,0
15m,1772281800.0,1.2962,1.2987,1.2956,1.2975,302312.84,0.0,0.0,0
15m,1772282700.0,1.2975,1.298,1.2925,1.2958,260200.43,0.0,0.0,0
15m,1772283600.0,1.2958,1.3027,1.2947,1.302,406314.55,0.0,0.0,0
15m,1772284500.0,1.302,1.3051,1.298,1.2994,497854.66,0.0,0.0,0
15m,1772285400.0,1.2994,1.3037,1.2968,1.3037,877284.24,0.0,0.0,0
15m,1772286300.0,1.3037,1.344,1.3033,1.3414,4644838.54,0.0,0.0,0
15m,1772287200.0,1.3414,1.3502,1.3254,1.329,2453670.17,0.0,0.0,0
15m,1772288100.0,1.329,1.3335,1.3252,1.3322,720774.8,0.0,0.0,0
15m,1772289000.0,1.3322,1.3419,1.328,1.3349,755142.34,0.0,0.0,0
15m,1772289900.0,1.3349,1.3382,1.3144,1.3184,1359926.84,0.0,0.0,0
15m,1772290800.0,1.3184,1.3239,1.3111,1.3117,663853.5,0.0,0.0,0
15m,1772291700.0,1.3117,1.333,1.3117,1.3276,1423426.0,0.0,0.0,0
15m,1772292600.0,1.3276,1.3315,1.3238,1.3255,723843.09,0.0,0.0,0
15m,1772293500.0,1.3255,1.3264,1.3205,1.3237,579832.26,0.0,0.0,0
15m,1772294400.0,1.3237,1.3278,1.3206,1.3268,610638.37,0.0,0.0,0
15m,1772295300.0,1.3268,1.3268,1.3223,1.323,151186.78,0.0,0.0,0
15m,1772296200.0,1.323,1.3284,1.3171,1.3273,181033.54,0.0,0.0,0
15m,1772297100.0,1.3273,1.3315,1.3243,1.3262,516543.88,0.0,0.0,0
15m,1772298000.0,1.3262,1.3267,1.3199,1.3221,935676.71,0.0,0.0,0
15m,1772298900.0,1.3221,1.3231,1.3181,1.3215,315882.91,0.0,0.0,0
15m,1772299800.0,1.3215,1.3222,1.315,1.317,350668.25,0.0,0.0,0
15m,1772300700.0,1.317,1.3307,1.3142,1.3286,584309.75,0.0,0.0,0
15m,1772301600.0,1.3286,1.3287,1.3229,1.3235,287387.16,0.0,0.0,0
15m,1772302500.0,1.3235,1.3257,1.3228,1.3243,159034.3,0.0,0.0,0
15m,1772303400.0,1.3243,1.3435,1.3243,1.3392,1026538.67,0.0,0.0,0
15m,1772304300.0,1.3392,1.3488,1.3374,1.3428,461265.67,0.0,0.0,0
15m,1772305200.0,1.3428,1.3436,1.3352,1.3382,449364.18,0.0,0.0,0
15m,1772306100.0,1.3382,1.3413,1.3361,1.3398,237271.33,0.0,0.0,0
15m,1772307000.0,1.3398,1.3592,1.3398,1.3522,1065003.74,0.0,0.0,0
15m,1772307900.0,1.3522,1.3584,1.3508,1.3543,431583.77,0.0,0.0,0
15m,1772308800.0,1.3543,1.3634,1.3505,1.362,419886.4,0.0,0.0,0
15m,1772309700.0,1.362,1.3778,1.3588,1.3739,1057918.87,0.0,0.0,0
15m,1772310600.0,1.3739,1.378,1.3658,1.3721,604696.3,0.0,0.0,0
15m,1772311500.0,1.3721,1.3845,1.3709,1.3808,737546.11,0.0,0.0,0
15m,1772312400.0,1.3808,1.3829,1.3654,1.374,889417.0,0.0,0.0,0
15m,1772313300.0,1.374,1.374,1.3678,1.369,361942.53,0.0,0.0,0
15m,1772314200.0,1.369,1.382,1.3666,1.3776,427599.1,0.0,0.0,0
15m,1772315100.0,1.3776,1.3814,1.3731,1.3773,343469.27,0.0,0.0,0
15m,1772316000.0,1.3773,1.3827,1.375,1.3767,251796.95,0.0,0.0,0
15m,1772316900.0,1.3767,1.3808,1.375,1.3784,274310.0,0.0,0.0,0
15m,1772317800.0,1.3784,1.3929,1.3767,1.384,666457.01,0.0,0.0,0
15m,1772318700.0,1.384,1.3914,1.3798,1.3807,209901.05,0.0,0.0,0
15m,1772319600.0,1.3807,1.3866,1.3785,1.3789,225565.21,0.0,0.0,0
15m,1772320500.0,1.3789,1.3812,1.3772,1.3777,139048.21,0.0,0.0,0
15m,1772321400.0,1.3777,1.3803,1.3739,1.3759,176050.42,0.0,0.0,0
15m,1772322300.0,1.3759,1.3797,1.3747,1.3762,348631.34,0.0,0.0,0
15m,1772323200.0,1.3762,1.3823,1.3732,1.3768,312853.57,0.0,0.0,0
15m,1772324100.0,1.3768,1.3787,1.3722,1.3724,213118.37,0.0,0.0,0
15m,1772325000.0,1.3724,1.377,1.3723,1.3759,259720.23,0.0,0.0,0
15m,1772325900.0,1.3759,1.3805,1.3758,1.3789,240499.29,0.0,0.0,0
15m,1772326800.0,1.3789,1.3789,1.3669,1.3688,440475.54,0.0,0.0,0
15m,1772327700.0,1.3688,1.3749,1.3652,1.3738,527310.78,0.0,0.0,0
15m,1772328600.0,1.3738,1.3897,1.3722,1.386,686357.25,0.0,0.0,0
15m,1772329500.0,1.386,1.4143,1.3858,1.4031,1659181.62,0.0,0.0,0
15m,1772330400.0,1.4031,1.4287,1.4029,1.4211,1727723.56,0.0,0.0,0
15m,1772331300.0,1.4211,1.4332,1.4152,1.4287,1043042.7,0.0,0.0,0
15m,1772332200.0,1.4287,1.4314,1.4204,1.4287,859256.19,0.0,0.0,0
15m,1772333100.0,1.4287,1.4287,1.419,1.4249,906060.56,0.0,0.0,0
15m,1772334000.0,1.4249,1.4331,1.4224,1.4278,881805.24,0.0,0.0,0
15m,1772334900.0,1.4278,1.4329,1.4213,1.4276,693832.52,0.0,0.0,0
15m,1772335800.0,1.4276,1.4276,1.42,1.4244,445786.44,0.0,0.0,0
15m,1772336700.0,1.4244,1.425,1.4136,1.4185,545395.66,0.0,0.0,0
15m,1772337600.0,1.4185,1.4216,1.4135,1.4142,539417.18,0.0,0.0,0
15m,1772338500.0,1.4142,1.4164,1.4049,1.4098,1156406.0,0.0,0.0,0
15m,1772339400.0,1.4098,1.4147,1.4081,1.4131,362300.79,0.0,0.0,0
15m,1772340300.0,1.4131,1.4139,1.4114,1.4138,119334.36,0.0,0.0,0
15m,1772341200.0,1.4138,1.4195,1.4118,1.4129,298901.36,0.0,0.0,0
15m,1772342100.0,1.4129,1.4169,1.4118,1.4149,173298.39,0.0,0.0,0
15m,1772343000.0,1.4149,1.4155,1.4096,1.41,201552.97,0.0,0.0,0
15m,1772343900.0,1.41,1.4137,1.4089,1.4092,205791.37,0.0,0.0,0
15m,1772344800.0,1.4092,1.4103,1.3953,1.3994,739806.08,0.0,0.0,0
15m,1772345700.0,1.3994,1.4013,1.397,1.3982,345200.99,0.0,0.0,0
15m,1772346600.0,1.3982,1.3999,1.3894,1.3929,929385.79,0.0,0.0,0
15m,1772347500.0,1.3929,1.3972,1.3887,1.3947,321597.28,0.0,0.0,0
15m,1772348400.0,1.3947,1.4022,1.3933,1.3985,357933.69,0.0,0.0,0
15m,1772349300.0,1.3985,1.4019,1.3957,1.3957,163064.87,0.0,0.0,0
15m,1772350200.0,1.3957,1.4008,1.3932,1.3974,226756.32,0.0,0.0,0
15m,1772351100.0,1.3974,1.4001,1.397,1.3979,108064.17,0.0,0.0,0
15m,1772352000.0,1.3979,1.4,1.3928,1.3993,407509.72,0.0,0.0,0
15m,1772352900.0,1.3993,1.3996,1.3948,1.3954,205294.44,0.0,0.0,0
15m,1772353800.0,1.3954,1.3958,1.391,1.3916,218765.73,0.0,0.0,0
15m,1772354700.0,1.3916,1.3923,1.3764,1.3803,608479.97,0.0,0.0,0
15m,1772355600.0,1.3803,1.3844,1.3757,1.3821,454133.63,0.0,0.0,0
15m,1772356500.0,1.3821,1.3875,1.3818,1.3846,285187.41,0.0,0.0,0
15m,1772357400.0,1.3846,1.3851,1.3771,1.3778,270644.9,0.0,0.0,0
15m,1772358300.0,1.3778,1.3779,1.37,1.3731,774057.64,0.0,0.0,0
15m,1772359200.0,1.3731,1.3775,1.367,1.3756,631120.6,0.0,0.0,0
15m,1772360100.0,1.3756,1.3762,1.3721,1.3756,194940.44,0.0,0.0,0
15m,1772361000.0,1.3756,1.3817,1.3743,1.3759,430520.27,0.0,0.0,0
15m,1772361900.0,1.3759,1.3772,1.3726,1.3767,170527.63,0.0,0.0,0
15m,1772362800.0,1.3767,1.3792,1.3756,1.3775,157709.55,0.0,0.0,0
15m,1772363700.0,1.3775,1.3823,1.3774,1.3802,207416.19,0.0,0.0,0
15m,1772364600.0,1.3802,1.3806,1.3753,1.3756,187914.25,0.0,0.0,0
15m,1772365500.0,1.3756,1.3785,1.3756,1.3763,88699.2,0.0,0.0,0
15m,1772366400.0,1.3763,1.3779,1.3752,1.3753,76346.84,0.0,0.0,0
15m,1772367300.0,1.3753,1.3788,1.3747,1.3761,132697.03,0.0,0.0,0
15m,1772368200.0,1.3761,1.3776,1.3698,1.3744,240819.04,0.0,0.0,0
15m,1772369100.0,1.3744,1.3745,1.3674,1.3679,179583.53,0.0,0.0,0
15m,1772370000.0,1.3679,1.3706,1.3655,1.3687,439736.44,0.0,0.0,0
15m,1772370900.0,1.3687,1.3701,1.3616,1.3634,394858.24,0.0,0.0,0
15m,1772371800.0,1.3634,1.3669,1.3626,1.3661,178111.28,0.0,0.0,0
15m,1772372700.0,1.3661,1.3964,1.3645,1.3883,1958932.39,0.0,0.0,0
15m,1772373600.0,1.3883,1.4033,1.3851,1.3927,1178046.93,0.0,0.0,0
15m,1772374500.0,1.3927,1.3954,1.3828,1.3841,448228.99,0.0,0.0,0
15m,1772375400.0,1.3841,1.3893,1.3738,1.3769,469426.88,0.0,0.0,0
15m,1772376300.0,1.3769,1.3819,1.3759,1.3805,309841.49,0.0,0.0,0
15m,1772377200.0,1.3805,1.3868,1.3786,1.3868,389739.52,0.0,0.0,0
15m,1772378100.0,1.3868,1.3888,1.3816,1.3846,401862.93,0.0,0.0,0
15m,1772379000.0,1.3846,1.3909,1.3845,1.3891,267830.05,0.0,0.0,0
15m,1772379900.0,1.3891,1.3891,1.3767,1.3786,347649.61,0.0,0.0,0
15m,1772380800.0,1.3786,1.3863,1.3743,1.3828,439186.55,0.0,0.0,0
15m,1772381700.0,1.3828,1.3859,1.3786,1.3834,223633.15,0.0,0.0,0
15m,1772382600.0,1.3834,1.3849,1.3805,1.3805,105996.71,0.0,0.0,0
15m,1772383500.0,1.3805,1.3809,1.3594,1.37,955884.86,0.0,0.0,0
15m,1772384400.0,1.37,1.3716,1.3657,1.3689,220313.22,0.0,0.0,0
15m,1772385300.0,1.3689,1.3696,1.3566,1.3658,379698.97,0.0,0.0,0
15m,1772386200.0,1.3658,1.3706,1.363,1.3688,206668.47,0.0,0.0,0
15m,1772387100.0,1.3688,1.372,1.3661,1.3662,276918.84,0.0,0.0,0
15m,1772388000.0,1.3662,1.3788,1.3639,1.3731,682071.06,0.0,0.0,0
15m,1772388900.0,1.3731,1.3764,1.369,1.3706,181459.01,0.0,0.0,0
15m,1772389800.0,1.3706,1.3721,1.3661,1.3708,206169.87,0.0,0.0,0
15m,1772390700.0,1.3708,1.3724,1.3672,1.3681,132105.64,0.0,0.0,0
15m,1772391600.0,1.3681,1.3682,1.3602,1.3604,180734.48,0.0,0.0,0
15m,1772392500.0,1.3604,1.3618,1.3578,1.3589,148861.77,0.0,0.0,0
15m,1772393400.0,1.3589,1.3631,1.3538,1.3552,387056.92,0.0,0.0,0
15m,1772394300.0,1.3552,1.3584,1.355,1.3565,197661.94,0.0,0.0,0
15m,1772395200.0,1.3565,1.3565,1.3437,1.3457,478739.71,0.0,0.0,0
15m,1772396100.0,1.3457,1.3474,1.3431,1.3432,268941.26,0.0,0.0,0
15m,1772397000.0,1.3432,1.3459,1.3372,1.3393,534890.3,0.0,0.0,0
15m,1772397900.0,1.3393,1.3442,1.3386,1.3416,418380.2,0.0,0.0,0
15m,1772398800.0,1.3416,1.3498,1.3413,1.3493,338351.2,0.0,0.0,0
15m,1772399700.0,1.3493,1.356,1.3484,1.3558,260310.56,0.0,0.0,0
15m,1772400600.0,1.3558,1.3561,1.3528,1.355,144214.99,0.0,0.0,0
15m,1772401500.0,1.355,1.3568,1.3541,1.3541,118511.39,0.0,0.0,0
15m,1772402400.0,1.3541,1.3729,1.3517,1.3633,1094345.44,0.0,0.0,0
15m,1772403300.0,1.3633,1.3643,1.3543,1.3575,404080.6,0.0,0.0,0
15m,1772404200.0,1.3575,1.3588,1.3458,1.3523,640471.68,0.0,0.0,0
15m,1772405100.0,1.3523,1.3524,1.3413,1.3423,355150.03,0.0,0.0,0
15m,1772406000.0,1.3423,1.3588,1.3397,1.352,537264.41,0.0,0.0,0
15m,1772406900.0,1.352,1.3534,1.3471,1.3471,188436.42,0.0,0.0,0
15m,1772407800.0,1.3471,1.3551,1.3466,1.352,221759.76,0.0,0.0,0
15m,1772408700.0,1.352,1.3543,1.3496,1.3525,77083.48,0.0,0.0,0
15m,1772409600.0,1.3525,1.3602,1.3509,1.357,324511.42,0.0,0.0,0
15m,1772410500.0,1.357,1.3592,1.3537,1.3575,366286.97,0.0,0.0,0
15m,1772411400.0,1.3575,1.3693,1.357,1.3693,194593.43,0.0,0.0,0
15m,1772412300.0,1.3693,1.3727,1.3642,1.3651,295419.72,0.0,0.0,0
15m,1772413200.0,1.3651,1.3814,1.3639,1.3754,671939.22,0.0,0.0,0
15m,1772414100.0,1.3754,1.3765,1.3636,1.3651,336247.48,0.0,0.0,0
15m,1772415000.0,1.3651,1.3707,1.3651,1.3686,204282.72,0.0,0.0,0
15m,1772415900.0,1.3686,1.3715,1.3654,1.3678,296032.01,0.0,0.0,0
15m,1772416800.0,1.3678,1.3727,1.3551,1.359,299082.15,0.0,0.0,0
15m,1772417700.0,1.359,1.3623,1.3539,1.3615,371478.28,0.0,0.0,0
15m,1772418600.0,1.3615,1.367,1.361,1.3638,128149.59,0.0,0.0,0
15m,1772419500.0,1.3638,1.3664,1.3602,1.3643,115572.82,0.0,0.0,0
15m,1772420400.0,1.3643,1.373,1.3611,1.3707,244744.93,0.0,0.0,0
15m,1772421300.0,1.3707,1.3738,1.3694,1.3727,316678.18,0.0,0.0,0
15m,1772422200.0,1.3727,1.3776,1.3706,1.3738,279280.98,0.0,0.0,0
15m,1772423100.0,1.3738,1.3773,1.3733,1.3739,146016.43,0.0,0.0,0
15m,1772424000.0,1.3739,1.3754,1.371,1.371,167702.84,0.0,0.0,0
15m,1772424900.0,1.371,1.3729,1.3673,1.3729,184517.41,0.0,0.0,0
15m,1772425800.0,1.3729,1.3738,1.3689,1.3698,144224.88,0.0,0.0,0
15m,1772426700.0,1.3698,1.3699,1.3648,1.3667,116791.28,0.0,0.0,0
15m,1772427600.0,1.3667,1.3673,1.357,1.3609,270516.83,0.0,0.0,0
15m,1772428500.0,1.3609,1.3643,1.3607,1.3635,112753.87,0.0,0.0,0
15m,1772429400.0,1.3635,1.37,1.3635,1.3696,135542.88,0.0,0.0,0
15m,1772430300.0,1.3696,1.3696,1.3618,1.3623,110947.35,0.0,0.0,0
15m,1772431200.0,1.3623,1.3632,1.3589,1.3631,168056.5,0.0,0.0,0
15m,1772432100.0,1.3631,1.3638,1.3485,1.3531,858633.1,0.0,0.0,0
15m,1772433000.0,1.3531,1.355,1.3509,1.3536,170715.95,0.0,0.0,0
15m,1772433900.0,1.3536,1.3542,1.3477,1.35,219836.03,0.0,0.0,0
15m,1772434800.0,1.35,1.3508,1.3398,1.3409,437041.63,0.0,0.0,0
15m,1772435700.0,1.3409,1.3471,1.338,1.3459,379103.56,0.0,0.0,0
15m,1772436600.0,1.3459,1.351,1.3459,1.3504,186497.77,0.0,0.0,0
15m,1772437500.0,1.3504,1.3504,1.3463,1.347,177650.39,0.0,0.0,0
15m,1772438400.0,1.347,1.3491,1.34,1.3491,465833.17,0.0,0.0,0
15m,1772439300.0,1.3491,1.3502,1.3385,1.3401,237566.01,0.0,0.0,0
15m,1772440200.0,1.3401,1.3486,1.34,1.3475,341613.85,0.0,0.0,0
15m,1772441100.0,1.3475,1.3553,1.3468,1.3542,382132.62,0.0,0.0,0
15m,1772442000.0,1.3542,1.3605,1.3527,1.3579,456321.21,0.0,0.0,0
15m,1772442900.0,1.3579,1.3627,1.3557,1.3558,310753.8,0.0,0.0,0
15m,1772443800.0,1.3558,1.3584,1.354,1.3557,241819.4,0.0,0.0,0
15m,1772444700.0,1.3557,1.3557,1.3532,1.3534,200257.41,0.0,0.0,0
15m,1772445600.0,1.3534,1.3557,1.3483,1.3503,212930.17,0.0,0.0,0
15m,1772446500.0,1.3503,1.3535,1.3497,1.3534,118687.18,0.0,0.0,0
15m,1772447400.0,1.3534,1.3545,1.3493,1.3534,134935.86,0.0,0.0,0
15m,1772448300.0,1.3534,1.3537,1.3509,1.3536,132392.52,0.0,0.0,0
15m,1772449200.0,1.3536,1.3536,1.3476,1.3476,246658.12,0.0,0.0,0
15m,1772450100.0,1.3476,1.3519,1.3466,1.3484,184052.2,0.0,0.0,0
15m,1772451000.0,1.3484,1.3561,1.347,1.3542,184626.14,0.0,0.0,0
15m,1772451900.0,1.3542,1.3574,1.3508,1.3517,138356.93,0.0,0.0,0
15m,1772452800.0,1.3517,1.354,1.3507,1.3528,93516.19,0.0,0.0,0
15m,1772453700.0,1.3528,1.3533,1.3474,1.3481,156082.83,0.0,0.0,0
15m,1772454600.0,1.3481,1.3495,1.3468,1.3475,271360.15,0.0,0.0,0
15m,1772455500.0,1.3475,1.35,1.347,1.3478,141613.81,0.0,0.0,0
15m,1772456400.0,1.3478,1.348,1.3431,1.3442,169368.77,0.0,0.0,0
15m,1772457300.0,1.3442,1.3505,1.342,1.3431,225584.99,0.0,0.0,0
15m,1772458200.0,1.3431,1.347,1.3404,1.3409,345619.85,0.0,0.0,0
15m,1772459100.0,1.3409,1.3425,1.3386,1.3397,188667.71,0.0,0.0,0
15m,1772460000.0,1.3397,1.3429,1.3376,1.3399,262100.82,0.0,0.0,0
15m,1772460900.0,1.3399,1.3419,1.334,1.3388,461667.33,0.0,0.0,0
15m,1772461800.0,1.3388,1.367,1.3385,1.3662,1484688.82,0.0,0.0,0
15m,1772462700.0,1.3662,1.3786,1.3621,1.3734,1274525.14,0.0,0.0,0
15m,1772463600.0,1.3734,1.4025,1.3694,1.4019,1839439.63,0.0,0.0,0
15m,1772464500.0,1.4019,1.4138,1.3979,1.399,2106900.74,0.0,0.0,0
15m,1772465400.0,1.399,1.414,1.3901,1.414,1189689.53,0.0,0.0,0
15m,1772466300.0,1.414,1.4153,1.3927,1.4006,1673662.47,0.0,0.0,0
15m,1772467200.0,1.4006,1.4193,1.3976,1.4172,1643849.34,0.0,0.0,0
15m,1772468100.0,1.4172,1.4196,1.4081,1.4099,1004938.16,0.0,0.0,0
15m,1772469000.0,1.4099,1.4183,1.3991,1.4177,1831284.3,0.0,0.0,0
15m,1772469900.0,1.4177,1.4233,1.4071,1.4072,1479534.78,0.0,0.0,0
15m,1772470800.0,1.4072,1.4113,1.4024,1.4042,470437.12,0.0,0.0,0
15m,1772471700.0,1.4042,1.407,1.3979,1.4025,414138.42,0.0,0.0,0
15m,1772472600.0,1.4025,1.4041,1.3847,1.386,875816.65,0.0,0.0,0
15m,1772473500.0,1.386,1.3956,1.3835,1.3955,564511.99,0.0,0.0,0
15m,1772474400.0,1.3955,1.4041,1.3859,1.404,558527.99,0.0,0.0,0
15m,1772475300.0,1.404,1.404,1.3967,1.3993,603659.2,0.0,0.0,0
15m,1772476200.0,1.3993,1.4045,1.3971,1.4029,711335.52,0.0,0.0,0
15m,1772477100.0,1.4029,1.4071,1.3974,1.4007,780166.02,0.0,0.0,0
15m,1772478000.0,1.4007,1.4014,1.3896,1.3969,972337.82,0.0,0.0,0
15m,1772478900.0,1.3969,1.4046,1.3969,1.3981,520695.85,0.0,0.0,0
15m,1772479800.0,1.3981,1.4052,1.3971,1.3983,466561.61,0.0,0.0,0
15m,1772480700.0,1.3983,1.4036,1.3977,1.4007,398952.53,0.0,0.0,0
15m,1772481600.0,1.4007,1.4055,1.3881,1.3914,810561.35,0.0,0.0,0
15m,1772482500.0,1.3914,1.3968,1.3895,1.3949,285012.8,0.0,0.0,0
15m,1772483400.0,1.3949,1.4011,1.3933,1.4007,311950.82,0.0,0.0,0
15m,1772484300.0,1.4007,1.4029,1.3943,1.3945,508734.08,0.0,0.0,0
15m,1772485200.0,1.3945,1.3954,1.3862,1.3903,274523.74,0.0,0.0,0
15m,1772486100.0,1.3903,1.3938,1.3882,1.3934,98966.75,0.0,0.0,0
15m,1772487000.0,1.3934,1.3965,1.3925,1.3947,198200.62,0.0,0.0,0
15m,1772487900.0,1.3947,1.3984,1.3944,1.398,159047.27,0.0,0.0,0
15m,1772488800.0,1.398,1.4066,1.3976,1.3988,1065889.1,0.0,0.0,0
15m,1772489700.0,1.3988,1.4025,1.3959,1.4007,129108.44,0.0,0.0,0
15m,1772490600.0,1.4007,1.4045,1.3996,1.4016,169264.82,0.0,0.0,0
15m,1772491500.0,1.4016,1.4024,1.3976,1.3998,146521.07,0.0,0.0,0
15m,1772492400.0,1.3998,1.4014,1.3943,1.3946,198872.45,0.0,0.0,0
15m,1772493300.0,1.3946,1.3972,1.3907,1.3907,388854.35,0.0,0.0,0
15m,1772494200.0,1.3907,1.393,1.3878,1.3917,348011.42,0.0,0.0,0
15m,1772495100.0,1.3917,1.3952,1.3884,1.39,346897.13,0.0,0.0,0
15m,1772496000.0,1.39,1.3946,1.3879,1.3895,272555.85,0.0,0.0,0
15m,1772496900.0,1.3895,1.3921,1.3834,1.3856,400319.05,0.0,0.0,0
15m,1772497800.0,1.3856,1.3949,1.382,1.3932,612419.97,0.0,0.0,0
15m,1772498700.0,1.3932,1.3949,1.3866,1.3905,227492.43,0.0,0.0,0
15m,1772499600.0,1.3905,1.3952,1.3878,1.3933,134638.78,0.0,0.0,0
15m,1772500500.0,1.3933,1.3933,1.3862,1.3865,167384.89,0.0,0.0,0
15m,1772501400.0,1.3865,1.3906,1.3819,1.3905,243549.63,0.0,0.0,0
15m,1772502300.0,1.3905,1.3905,1.3834,1.3836,116573.99,0.0,0.0,0
15m,1772503200.0,1.3836,1.3841,1.3765,1.3823,530153.92,0.0,0.0,0
15m,1772504100.0,1.3823,1.3837,1.3758,1.3792,338951.09,0.0,0.0,0
15m,1772505000.0,1.3792,1.3824,1.3776,1.3787,485161.04,0.0,0.0,0
15m,1772505900.0,1.3787,1.3828,1.3774,1.3786,206689.33,0.0,0.0,0
15m,1772506800.0,1.3786,1.3793,1.3701,1.375,373278.48,0.0,0.0,0
15m,1772507700.0,1.375,1.375,1.3676,1.3719,201468.51,0.0,0.0,0
15m,1772508600.0,1.3719,1.3766,1.3714,1.3753,181425.84,0.0,0.0,0
15m,1772509500.0,1.3753,1.3757,1.3727,1.3734,147217.44,0.0,0.0,0
15m,1772510400.0,1.3734,1.3745,1.3705,1.3714,171227.06,0.0,0.0,0
15m,1772511300.0,1.3714,1.3742,1.3696,1.3703,73992.55,0.0,0.0,0
15m,1772512200.0,1.3703,1.3716,1.3664,1.3681,98528.35,0.0,0.0,0
15m,1772513100.0,1.3681,1.3684,1.3647,1.3665,254218.98,0.0,0.0,0
15m,1772514000.0,1.3665,1.3728,1.3636,1.3727,247516.47,0.0,0.0,0
15m,1772514900.0,1.3727,1.3776,1.3723,1.3741,268032.47,0.0,0.0,0
15m,1772515800.0,1.3741,1.3743,1.3676,1.3687,203836.43,0.0,0.0,0
15m,1772516700.0,1.3687,1.3693,1.3615,1.3654,258929.97,0.0,0.0,0
15m,1772517600.0,1.3654,1.367,1.3641,1.3661,128516.95,0.0,0.0,0
15m,1772518500.0,1.3661,1.3668,1.3615,1.3625,126546.46,0.0,0.0,0
15m,1772519400.0,1.3625,1.364,1.36,1.3625,153221.22,0.0,0.0,0
15m,1772520300.0,1.3625,1.3648,1.3583,1.3614,162750.93,0.0,0.0,0
15m,1772521200.0,1.3614,1.3652,1.3597,1.3651,125022.78,0.0,0.0,0
15m,1772522100.0,1.3651,1.3676,1.3629,1.3642,147911.07,0.0,0.0,0
15m,1772523000.0,1.3642,1.3645,1.3576,1.3617,937939.26,0.0,0.0,0
15m,1772523900.0,1.3617,1.3648,1.3599,1.3639,163950.84,0.0,0.0,0
15m,1772524800.0,1.3639,1.3692,1.3625,1.3632,158257.58,0.0,0.0,0
15m,1772525700.0,1.3632,1.3663,1.3573,1.359,260475.99,0.0,0.0,0
15m,1772526600.0,1.359,1.3598,1.3515,1.3519,568186.77,0.0,0.0,0
15m,1772527500.0,1.3519,1.3533,1.3475,1.3493,528156.93,0.0,0.0,0
15m,1772528400.0,1.3493,1.3565,1.3479,1.3553,315171.46,0.0,0.0,0
15m,1772529300.0,1.3553,1.3563,1.3451,1.3456,297628.36,0.0,0.0,0
15m,1772530200.0,1.3456,1.3506,1.3422,1.3483,444348.88,0.0,0.0,0
15m,1772531100.0,1.3483,1.3487,1.3449,1.3484,212209.73,0.0,0.0,0
15m,1772532000.0,1.3484,1.3484,1.3426,1.3441,332548.28,0.0,0.0,0
15m,1772532900.0,1.3441,1.3483,1.343,1.3441,219541.49,0.0,0.0,0
15m,1772533800.0,1.3441,1.347,1.3427,1.3466,315261.55,0.0,0.0,0
15m,1772534700.0,1.3466,1.3523,1.3466,1.3506,654388.94,0.0,0.0,0
15m,1772535600.0,1.3506,1.354,1.3494,1.3518,300912.9,0.0,0.0,0
15m,1772536500.0,1.3518,1.3524,1.3471,1.3487,192632.95,0.0,0.0,0
15m,1772537400.0,1.3487,1.3522,1.3473,1.3513,186566.83,0.0,0.0,0
15m,1772538300.0,1.3513,1.3539,1.3512,1.3529,130711.04,0.0,0.0,0
15m,1772539200.0,1.3529,1.3709,1.3517,1.3662,701493.37,0.0,0.0,0
15m,1772540100.0,1.3662,1.3663,1.357,1.3596,303973.81,0.0,0.0,0
15m,1772541000.0,1.3596,1.3601,1.3551,1.3561,176126.46,0.0,0.0,0
15m,1772541900.0,1.3561,1.3602,1.3555,1.3582,170513.53,0.0,0.0,0
15m,1772542800.0,1.3582,1.3588,1.348,1.3486,282073.62,0.0,0.0,0
15m,1772543700.0,1.3486,1.3535,1.3485,1.3506,124964.9,0.0,0.0,0
15m,1772544600.0,1.3506,1.3506,1.3456,1.3482,325092.89,0.0,0.0,0
15m,1772545500.0,1.3482,1.3491,1.3437,1.3484,448250.56,0.0,0.0,0
15m,1772546400.0,1.3484,1.3535,1.3465,1.3512,352656.45,0.0,0.0,0
15m,1772547300.0,1.3512,1.3551,1.3483,1.353,377243.67,0.0,0.0,0
15m,1772548200.0,1.353,1.3629,1.3391,1.3412,1614665.92,0.0,0.0,0
15m,1772549100.0,1.3412,1.3529,1.3366,1.3465,968660.35,0.0,0.0,0
15m,1772550000.0,1.3465,1.3515,1.343,1.3481,683220.82,0.0,0.0,0
15m,1772550900.0,1.3481,1.3503,1.3391,1.3443,560614.76,0.0,0.0,0
15m,1772551800.0,1.3443,1.3626,1.3441,1.3565,924841.15,0.0,0.0,0
15m,1772552700.0,1.3565,1.3653,1.3564,1.3644,941496.6,0.0,0.0,0
15m,1772553600.0,1.3644,1.382,1.3602,1.3758,735904.68,0.0,0.0,0
15m,1772554500.0,1.3758,1.3872,1.3728,1.3822,903210.64,0.0,0.0,0
15m,1772555400.0,1.3822,1.3822,1.3547,1.3616,733156.12,0.0,0.0,0
15m,1772556300.0,1.3616,1.3747,1.3608,1.3688,451578.11,0.0,0.0,0
15m,1772557200.0,1.3688,1.3703,1.3532,1.3597,317041.06,0.0,0.0,0
15m,1772558100.0,1.3597,1.3658,1.3575,1.3632,156902.8,0.0,0.0,0
15m,1772559000.0,1.3632,1.3635,1.354,1.3632,278781.29,0.0,0.0,0
15m,1772559900.0,1.3632,1.3711,1.3608,1.3693,239589.12,0.0,0.0,0
15m,1772560800.0,1.3693,1.3728,1.3604,1.3625,323322.43,0.0,0.0,0
15m,1772561700.0,1.3625,1.3729,1.3625,1.3688,235532.63,0.0,0.0,0
15m,1772562600.0,1.3688,1.3758,1.3682,1.3704,262970.08,0.0,0.0,0
15m,1772563500.0,1.3704,1.3714,1.3655,1.3671,86103.01,0.0,0.0,0
15m,1772564400.0,1.3671,1.3678,1.3587,1.3628,170426.28,0.0,0.0,0
15m,1772565300.0,1.3628,1.3684,1.3607,1.364,159643.32,0.0,0.0,0
15m,1772566200.0,1.364,1.3671,1.3564,1.3643,334234.39,0.0,0.0,0
15m,1772567100.0,1.3643,1.3658,1.3606,1.3628,110019.42,0.0,0.0,0
15m,1772568000.0,1.3628,1.3638,1.3584,1.3584,158044.65,0.0,0.0,0
15m,1772568900.0,1.3584,1.3603,1.3553,1.3576,142848.82,0.0,0.0,0
15m,1772569800.0,1.3576,1.3622,1.3564,1.3605,110410.85,0.0,0.0,0
15m,1772570700.0,1.3605,1.3615,1.3529,1.3539,292175.95,0.0,0.0,0
15m,1772571600.0,1.3539,1.3546,1.3484,1.3518,260768.39,0.0,0.0,0
15m,1772572500.0,1.3518,1.3549,1.3487,1.35,143086.87,0.0,0.0,0
15m,1772573400.0,1.35,1.3541,1.3495,1.3532,182744.77,0.0,0.0,0
15m,1772574300.0,1.3532,1.3576,1.352,1.3561,91194.51,0.0,0.0,0
15m,1772575200.0,1.3561,1.3637,1.3556,1.3618,224034.91,0.0,0.0,0
15m,1772576100.0,1.3618,1.3626,1.3587,1.3607,73253.31,0.0,0.0,0
15m,1772577000.0,1.3607,1.3651,1.3597,1.3637,171013.6,0.0,0.0,0
15m,1772577900.0,1.3637,1.3652,1.3604,1.3628,83341.69,0.0,0.0,0
15m,1772578800.0,1.3628,1.3694,1.3602,1.3651,762976.45,0.0,0.0,0
15m,1772579700.0,1.3651,1.3657,1.3616,1.3618,207629.4,0.0,0.0,0
15m,1772580600.0,1.3618,1.3631,1.3599,1.3622,367913.58,0.0,0.0,0
15m,1772581500.0,1.3622,1.3628,1.3598,1.3607,134565.56,0.0,0.0,0
15m,1772582400.0,1.3607,1.3619,1.3573,1.3581,292941.31,0.0,0.0,0
15m,1772583300.0,1.3581,1.3634,1.3581,1.3618,326291.09,0.0,0.0,0
15m,1772584200.0,1.3618,1.3622,1.3532,1.355,237721.76,0.0,0.0,0
15m,1772585100.0,1.355,1.3628,1.355,1.3602,223703.03,0.0,0.0,0
15m,1772586000.0,1.3602,1.3628,1.356,1.3589,241801.57,0.0,0.0,0
15m,1772586900.0,1.3589,1.3649,1.3572,1.363,167084.94,0.0,0.0,0
15m,1772587800.0,1.363,1.3699,1.3618,1.3666,546675.89,0.0,0.0,0
15m,1772588700.0,1.3666,1.3666,1.3613,1.3641,281331.27,0.0,0.0,0
15m,1772589600.0,1.3641,1.3676,1.3596,1.3613,1312627.87,0.0,0.0,0
15m,1772590500.0,1.3613,1.3613,1.3552,1.3556,722710.54,0.0,0.0,0
15m,1772591400.0,1.3556,1.3595,1.3542,1.3587,473018.19,0.0,0.0,0
15m,1772592300.0,1.3587,1.3629,1.3577,1.3606,197619.91,0.0,0.0,0
15m,1772593200.0,1.3606,1.3622,1.3571,1.3602,523913.63,0.0,0.0,0
15m,1772594100.0,1.3602,1.3618,1.3547,1.3551,284044.34,0.0,0.0,0
15m,1772595000.0,1.3551,1.3555,1.3453,1.3474,810289.77,0.0,0.0,0
15m,1772595900.0,1.3474,1.3532,1.3457,1.3529,218875.95,0.0,0.0,0
15m,1772596800.0,1.3529,1.3559,1.3484,1.3522,262999.57,0.0,0.0,0
15m,1772597700.0,1.3522,1.353,1.3464,1.3472,209303.54,0.0,0.0,0
15m,1772598600.0,1.3472,1.3509,1.3452,1.3507,188805.47,0.0,0.0,0
15m,1772599500.0,1.3507,1.3531,1.35,1.3514,87374.14,0.0,0.0,0
15m,1772600400.0,1.3514,1.3542,1.3495,1.3541,129935.3,0.0,0.0,0
15m,1772601300.0,1.3541,1.3579,1.3522,1.3535,206902.23,0.0,0.0,0
15m,1772602200.0,1.3535,1.3617,1.3516,1.3596,242800.86,0.0,0.0,0
15m,1772603100.0,1.3596,1.3606,1.3564,1.3565,486778.02,0.0,0.0,0
15m,1772604000.0,1.3565,1.3566,1.3515,1.3531,636851.15,0.0,0.0,0
15m,1772604900.0,1.3531,1.3531,1.3502,1.3518,138762.74,0.0,0.0,0
15m,1772605800.0,1.3518,1.3614,1.3515,1.3607,341179.74,0.0,0.0,0
15m,1772606700.0,1.3607,1.3614,1.3584,1.3596,315632.19,0.0,0.0,0
15m,1772607600.0,1.3596,1.3616,1.3582,1.3596,197082.04,0.0,0.0,0
15m,1772608500.0,1.3596,1.3643,1.3592,1.3643,218637.81,0.0,0.0,0
15m,1772609400.0,1.3643,1.3695,1.3641,1.3682,280350.92,0.0,0.0,0
15m,1772610300.0,1.3682,1.3772,1.3667,1.3749,678955.23,0.0,0.0,0
15m,1772611200.0,1.3749,1.3795,1.3733,1.3758,962732.07,0.0,0.0,0
15m,1772612100.0,1.3758,1.3758,1.3694,1.3699,351467.22,0.0,0.0,0
15m,1772613000.0,1.3699,1.3815,1.3699,1.3813,419137.07,0.0,0.0,0
15m,1772613900.0,1.3813,1.4065,1.3813,1.4037,1869916.09,0.0,0.0,0
15m,1772614800.0,1.4037,1.4164,1.3977,1.4154,2507468.06,0.0,0.0,0
15m,1772615700.0,1.4154,1.4211,1.4097,1.4116,2295121.59,0.0,0.0,0
15m,1772616600.0,1.4116,1.4258,1.4108,1.418,1628523.05,0.0,0.0,0
15m,1772617500.0,1.418,1.4217,1.4112,1.4161,1404671.67,0.0,0.0,0
15m,1772618400.0,1.4161,1.4222,1.4137,1.4182,735087.13,0.0,0.0,0
15m,1772619300.0,1.4182,1.4184,1.4053,1.4075,938717.88,0.0,0.0,0
15m,1772620200.0,1.4075,1.4087,1.4037,1.4072,708194.71,0.0,0.0,0
15m,1772621100.0,1.4072,1.4081,1.4021,1.4047,785201.9,0.0,0.0,0
15m,1772622000.0,1.4047,1.41,1.4043,1.4099,545819.61,0.0,0.0,0
15m,1772622900.0,1.4099,1.4128,1.4062,1.4062,290132.13,0.0,0.0,0
15m,1772623800.0,1.4062,1.4069,1.3945,1.3989,662751.79,0.0,0.0,0
15m,1772624700.0,1.3989,1.4009,1.3974,1.3991,400716.21,0.0,0.0,0
15m,1772625600.0,1.3991,1.4007,1.3936,1.3936,375574.61,0.0,0.0,0
15m,1772626500.0,1.3936,1.3949,1.3857,1.3862,450726.75,0.0,0.0,0
15m,1772627400.0,1.3862,1.3911,1.383,1.3897,514333.39,0.0,0.0,0
15m,1772628300.0,1.3897,1.3948,1.3881,1.3939,306505.21,0.0,0.0,0
15m,1772629200.0,1.3939,1.4013,1.3936,1.3986,443334.1,0.0,0.0,0
15m,1772630100.0,1.3986,1.4032,1.3983,1.4002,348975.88,0.0,0.0,0
15m,1772631000.0,1.4002,1.4021,1.3977,1.3993,283657.65,0.0,0.0,0
15m,1772631900.0,1.3993,1.4063,1.3986,1.4058,382847.08,0.0,0.0,0
15m,1772632800.0,1.4058,1.41,1.4039,1.4097,885976.62,0.0,0.0,0
15m,1772633700.0,1.4097,1.4114,1.4049,1.409,466603.19,0.0,0.0,0
15m,1772634600.0,1.409,1.4254,1.4078,1.409,1886222.53,0.0,0.0,0
15m,1772635500.0,1.409,1.4161,1.4044,1.4132,1155527.34,0.0,0.0,0
15m,1772636400.0,1.4132,1.4241,1.413,1.4179,1912633.02,0.0,0.0,0
15m,1772637300.0,1.4179,1.4467,1.4174,1.4467,2562266.67,0.0,0.0,0
15m,1772638200.0,1.4467,1.4486,1.4405,1.4437,1572712.87,0.0,0.0,0
15m,1772639100.0,1.4437,1.4641,1.4436,1.4626,1567639.23,0.0,0.0,0
15m,1772640000.0,1.4626,1.4727,1.4509,1.4509,2105095.72,0.0,0.0,0
15m,1772640900.0,1.4509,1.454,1.44,1.4487,1164493.5,0.0,0.0,0
15m,1772641800.0,1.4487,1.4557,1.4472,1.4516,546692.12,0.0,0.0,0
15m,1772642700.0,1.4516,1.4524,1.4472,1.4501,233132.21,0.0,0.0,0
15m,1772643600.0,1.4501,1.4553,1.4472,1.4496,560390.74,0.0,0.0,0
15m,1772644500.0,1.4496,1.4542,1.4359,1.4379,675067.96,0.0,0.0,0
15m,1772645400.0,1.4379,1.4475,1.4379,1.4447,329508.09,0.0,0.0,0
15m,1772646300.0,1.4447,1.4458,1.4404,1.4426,336403.71,0.0,0.0,0
15m,1772647200.0,1.4426,1.4452,1.4365,1.4401,314818.02,0.0,0.0,0
15m,1772648100.0,1.4401,1.4461,1.4395,1.4446,193012.8,0.0,0.0,0
15m,1772649000.0,1.4446,1.4464,1.4399,1.446,411432.61,0.0,0.0,0
15m,1772649900.0,1.446,1.4566,1.4457,1.4542,304750.93,0.0,0.0,0
15m,1772650800.0,1.4542,1.4633,1.4522,1.4616,650507.34,0.0,0.0,0
15m,1772651700.0,1.4616,1.4698,1.455,1.4592,762459.31,0.0,0.0,0
15m,1772652600.0,1.4592,1.4701,1.4584,1.4689,339800.68,0.0,0.0,0
15m,1772653500.0,1.4689,1.4689,1.4564,1.4564,469949.16,0.0,0.0,0
15m,1772654400.0,1.4564,1.4575,1.4496,1.456,525010.83,0.0,0.0,0
15m,1772655300.0,1.456,1.464,1.4552,1.4622,314979.4,0.0,0.0,0
15m,1772656200.0,1.4622,1.4653,1.4579,1.4631,429749.47,0.0,0.0,0
15m,1772657100.0,1.4631,1.4648,1.4556,1.4595,912139.92,0.0,0.0,0
15m,1772658000.0,1.4595,1.4601,1.4528,1.4538,640366.65,0.0,0.0,0
15m,1772658900.0,1.4538,1.454,1.4478,1.448,821065.56,0.0,0.0,0
15m,1772659800.0,1.448,1.4504,1.4447,1.4486,659758.47,0.0,0.0,0
15m,1772660700.0,1.4486,1.4506,1.4457,1.4474,277620.52,0.0,0.0,0
15m,1772661600.0,1.4474,1.4535,1.4474,1.4489,363726.18,0.0,0.0,0
15m,1772662500.0,1.4489,1.4516,1.4476,1.4479,258468.75,0.0,0.0,0
15m,1772663400.0,1.4479,1.4483,1.4371,1.4384,406598.93,0.0,0.0,0
15m,1772664300.0,1.4384,1.4385,1.4276,1.4304,607544.24,0.0,0.0,0
15m,1772665200.0,1.4304,1.4343,1.4277,1.432,523176.42,0.0,0.0,0
15m,1772666100.0,1.432,1.4335,1.424,1.4257,443360.14,0.0,0.0,0
15m,1772667000.0,1.4257,1.4314,1.4166,1.4307,734183.03,0.0,0.0,0
15m,1772667900.0,1.4307,1.4333,1.4293,1.4311,125484.76,0.0,0.0,0
15m,1772668800.0,1.4311,1.4337,1.4265,1.4297,690627.23,0.0,0.0,0
15m,1772669700.0,1.4297,1.4341,1.4264,1.428,366441.57,0.0,0.0,0
15m,1772670600.0,1.428,1.4302,1.4236,1.4294,217926.67,0.0,0.0,0
15m,1772671500.0,1.4294,1.4314,1.4264,1.4269,185377.26,0.0,0.0,0
15m,1772672400.0,1.4269,1.4361,1.4239,1.4326,273025.0,0.0,0.0,0
15m,1772673300.0,1.4326,1.4334,1.4244,1.4275,252633.37,0.0,0.0,0
15m,1772674200.0,1.4275,1.4275,1.4199,1.4223,212894.52,0.0,0.0,0
15m,1772675100.0,1.4223,1.4228,1.4158,1.4191,271052.42,0.0,0.0,0
15m,1772676000.0,1.4191,1.4287,1.4188,1.4271,235103.17,0.0,0.0,0
15m,1772676900.0,1.4271,1.4286,1.4244,1.4252,102729.85,0.0,0.0,0
15m,1772677800.0,1.4252,1.4252,1.4166,1.418,133691.19,0.0,0.0,0
15m,1772678700.0,1.418,1.4221,1.418,1.42,222740.39,0.0,0.0,0
15m,1772679600.0,1.42,1.4245,1.419,1.4215,141893.49,0.0,0.0,0
15m,1772680500.0,1.4215,1.4226,1.418,1.4184,113988.84,0.0,0.0,0
15m,1772681400.0,1.4184,1.4222,1.4165,1.4165,602857.22,0.0,0.0,0
15m,1772682300.0,1.4165,1.4227,1.4165,1.4199,156519.59,0.0,0.0,0
15m,1772683200.0,1.4199,1.4255,1.4187,1.4236,196176.78,0.0,0.0,0
15m,1772684100.0,1.4236,1.4285,1.4229,1.4282,183140.45,0.0,0.0,0
15m,1772685000.0,1.4282,1.4282,1.4218,1.4275,251490.13,0.0,0.0,0
15m,1772685900.0,1.4275,1.4314,1.4259,1.4286,423090.62,0.0,0.0,0
15m,1772686800.0,1.4286,1.4303,1.4266,1.4277,110322.53,0.0,0.0,0
15m,1772687700.0,1.4277,1.428,1.4166,1.4179,334583.07,0.0,0.0,0
15m,1772688600.0,1.4179,1.419,1.4136,1.4163,336506.52,0.0,0.0,0
15m,1772689500.0,1.4163,1.4169,1.4131,1.4146,271468.66,0.0,0.0,0
15m,1772690400.0,1.4146,1.4163,1.4088,1.4105,495067.64,0.0,0.0,0
15m,1772691300.0,1.4105,1.4195,1.4103,1.4181,279927.37,0.0,0.0,0
15m,1772692200.0,1.4181,1.4194,1.4158,1.4184,201377.93,0.0,0.0,0
15m,1772693100.0,1.4184,1.425,1.4181,1.4243,174003.2,0.0,0.0,0
15m,1772694000.0,1.4243,1.4296,1.4218,1.4293,165797.15,0.0,0.0,0
15m,1772694900.0,1.4293,1.4296,1.4246,1.4251,157131.63,0.0,0.0,0
15m,1772695800.0,1.4251,1.4254,1.4162,1.4164,189448.03,0.0,0.0,0
15m,1772696700.0,1.4164,1.4173,1.4091,1.4131,697711.78,0.0,0.0,0
15m,1772697600.0,1.4131,1.4141,1.4109,1.4122,331161.99,0.0,0.0,0
15m,1772698500.0,1.4122,1.4143,1.4095,1.4107,172754.12,0.0,0.0,0
15m,1772699400.0,1.4107,1.4161,1.4094,1.4157,296528.56,0.0,0.0,0
15m,1772700300.0,1.4157,1.4191,1.4145,1.4185,273851.98,0.0,0.0,0
15m,1772701200.0,1.4185,1.4283,1.4174,1.4267,307679.52,0.0,0.0,0
15m,1772702100.0,1.4267,1.4286,1.4242,1.426,267429.24,0.0,0.0,0
15m,1772703000.0,1.426,1.4316,1.4243,1.4269,250799.29,0.0,0.0,0
15m,1772703900.0,1.4269,1.4295,1.4263,1.4286,271823.12,0.0,0.0,0
15m,1772704800.0,1.4286,1.43,1.4247,1.4278,206913.12,0.0,0.0,0
15m,1772705700.0,1.4278,1.4414,1.4261,1.4408,488723.31,0.0,0.0,0
15m,1772706600.0,1.4408,1.4479,1.4383,1.4437,499113.4,0.0,0.0,0
15m,1772707500.0,1.4437,1.4525,1.4433,1.4478,547477.9,0.0,0.0,0
15m,1772708400.0,1.4478,1.4499,1.4422,1.4445,511423.7,0.0,0.0,0
15m,1772709300.0,1.4445,1.4468,1.4405,1.4458,279513.53,0.0,0.0,0
15m,1772710200.0,1.4458,1.4458,1.4345,1.4355,420343.08,0.0,0.0,0
15m,1772711100.0,1.4355,1.4388,1.4355,1.4363,154784.05,0.0,0.0,0
15m,1772712000.0,1.4363,1.4402,1.4329,1.4374,227314.13,0.0,0.0,0
15m,1772712900.0,1.4374,1.4424,1.4336,1.4386,232683.31,0.0,0.0,0
15m,1772713800.0,1.4386,1.44,1.4351,1.4392,165399.98,0.0,0.0,0
15m,1772714700.0,1.4392,1.4428,1.4389,1.4409,257442.91,0.0,0.0,0
15m,1772715600.0,1.4409,1.4415,1.4333,1.4337,231365.51,0.0,0.0,0
15m,1772716500.0,1.4337,1.4356,1.4236,1.4284,621685.07,0.0,0.0,0
15m,1772717400.0,1.4284,1.4288,1.4203,1.4268,375347.05,0.0,0.0,0
15m,1772718300.0,1.4268,1.4301,1.4248,1.4275,487199.78,0.0,0.0,0
15m,1772719200.0,1.4275,1.4306,1.425,1.4291,348021.26,0.0,0.0,0
15m,1772720100.0,1.4291,1.4293,1.4226,1.4267,241302.05,0.0,0.0,0
15m,1772721000.0,1.4267,1.4391,1.4197,1.4212,1328824.97,0.0,0.0,0
15m,1772721900.0,1.4212,1.4401,1.4197,1.437,831887.66,0.0,0.0,0
15m,1772722800.0,1.437,1.4403,1.4176,1.422,790103.95,0.0,0.0,0
15m,1772723700.0,1.422,1.4226,1.411,1.4114,739653.25,0.0,0.0,0
15m,1772724600.0,1.4114,1.4207,1.4098,1.4153,534068.51,0.0,0.0,0
15m,1772725500.0,1.4153,1.4184,1.4122,1.4163,530479.23,0.0,0.0,0
15m,1772726400.0,1.4163,1.4168,1.396,1.4,1633465.44,0.0,0.0,0
15m,1772727300.0,1.4,1.4072,1.3993,1.406,489822.02,0.0,0.0,0
15m,1772728200.0,1.406,1.4155,1.4051,1.412,359647.92,0.0,0.0,0
15m,1772729100.0,1.412,1.4127,1.4093,1.4113,267270.74,0.0,0.0,0
15m,1772730000.0,1.4113,1.4187,1.4061,1.4089,538239.75,0.0,0.0,0
15m,1772730900.0,1.4089,1.409,1.4031,1.404,417281.62,0.0,0.0,0
15m,1772731800.0,1.404,1.4068,1.3996,1.4031,381496.38,0.0,0.0,0
15m,1772732700.0,1.4031,1.4042,1.3986,1.3999,241204.93,0.0,0.0,0
15m,1772733600.0,1.3999,1.4031,1.3984,1.4026,303088.6,0.0,0.0,0
15m,1772734500.0,1.4026,1.4061,1.4005,1.402,183821.62,0.0,0.0,0
15m,1772735400.0,1.402,1.4086,1.4016,1.4068,141340.12,0.0,0.0,0
15m,1772736300.0,1.4068,1.4115,1.4055,1.4101,132176.93,0.0,0.0,0
15m,1772737200.0,1.4101,1.4199,1.4101,1.4194,733089.49,0.0,0.0,0
15m,1772738100.0,1.4194,1.4231,1.4142,1.4156,292242.66,0.0,0.0,0
15m,1772739000.0,1.4156,1.4195,1.4125,1.4148,215245.95,0.0,0.0,0
15m,1772739900.0,1.4148,1.417,1.4103,1.4114,296960.83,0.0,0.0,0
15m,1772740800.0,1.4114,1.4152,1.4096,1.4132,378032.52,0.0,0.0,0
15m,1772741700.0,1.4132,1.4184,1.4132,1.4158,188366.39,0.0,0.0,0
15m,1772742600.0,1.4158,1.4205,1.4151,1.417,124625.23,0.0,0.0,0
15m,1772743500.0,1.417,1.419,1.4126,1.4152,387466.6,0.0,0.0,0
15m,1772744400.0,1.4152,1.4185,1.4146,1.4151,136585.52,0.0,0.0,0
15m,1772745300.0,1.4151,1.4195,1.415,1.4175,143253.66,0.0,0.0,0
15m,1772746200.0,1.4175,1.4176,1.4057,1.4068,350274.4,0.0,0.0,0
15m,1772747100.0,1.4068,1.4089,1.4035,1.4072,108799.93,0.0,0.0,0
15m,1772748000.0,1.4072,1.4086,1.4022,1.4042,271713.9,0.0,0.0,0
15m,1772748900.0,1.4042,1.4061,1.4032,1.4043,102846.39,0.0,0.0,0
15m,1772749800.0,1.4043,1.4094,1.4042,1.408,359250.16,0.0,0.0,0
15m,1772750700.0,1.408,1.4092,1.4062,1.4063,96053.66,0.0,0.0,0
15m,1772751600.0,1.4063,1.4066,1.4043,1.4054,198088.69,0.0,0.0,0
15m,1772752500.0,1.4054,1.4086,1.4052,1.4073,61666.29,0.0,0.0,0
15m,1772753400.0,1.4073,1.4075,1.4028,1.4046,200577.43,0.0,0.0,0
15m,1772754300.0,1.4046,1.4046,1.4021,1.4036,380441.66,0.0,0.0,0
15m,1772755200.0,1.4036,1.4084,1.4031,1.4081,97483.82,0.0,0.0,0
15m,1772756100.0,1.4081,1.4081,1.4052,1.4053,109307.6,0.0,0.0,0
15m,1772757000.0,1.4053,1.4054,1.4033,1.4042,98078.85,0.0,0.0,0
15m,1772757900.0,1.4042,1.4064,1.4029,1.4046,84778.52,0.0,0.0,0
15m,1772758800.0,1.4046,1.4066,1.4027,1.403,118657.26,0.0,0.0,0
15m,1772759700.0,1.403,1.4056,1.398,1.3991,344779.33,0.0,0.0,0
15m,1772760600.0,1.3991,1.4131,1.3991,1.4121,231384.08,0.0,0.0,0
15m,1772761500.0,1.4121,1.4145,1.41,1.412,165069.06,0.0,0.0,0
15m,1772762400.0,1.412,1.4137,1.4089,1.4131,87744.24,0.0,0.0,0
15m,1772763300.0,1.4131,1.4146,1.4088,1.4116,233466.49,0.0,0.0,0
15m,1772764200.0,1.4116,1.4125,1.4094,1.4122,96045.53,0.0,0.0,0
15m,1772765100.0,1.4122,1.4122,1.4089,1.4097,170408.54,0.0,0.0,0
15m,1772766000.0,1.4097,1.4115,1.4035,1.4042,161052.11,0.0,0.0,0
15m,1772766900.0,1.4042,1.4092,1.4036,1.4077,133314.8,0.0,0.0,0
15m,1772767800.0,1.4077,1.4082,1.405,1.4062,153191.24,0.0,0.0,0
15m,1772768700.0,1.4062,1.4062,1.404,1.4055,157533.82,0.0,0.0,0
15m,1772769600.0,1.4055,1.4061,1.4013,1.4014,182517.87,0.0,0.0,0
15m,1772770500.0,1.4014,1.4033,1.4008,1.4022,112040.02,0.0,0.0,0
15m,1772771400.0,1.4022,1.4044,1.3914,1.3961,519986.31,0.0,0.0,0
15m,1772772300.0,1.3961,1.3997,1.395,1.3993,188863.84,0.0,0.0,0
15m,1772773200.0,1.3993,1.4008,1.3975,1.4005,156194.82,0.0,0.0,0
15m,1772774100.0,1.4005,1.403,1.395,1.3968,90260.22,0.0,0.0,0
15m,1772775000.0,1.3968,1.3987,1.3928,1.3935,205131.28,0.0,0.0,0
15m,1772775900.0,1.3935,1.4003,1.3929,1.3986,205711.06,0.0,0.0,0
15m,1772776800.0,1.3986,1.4007,1.3969,1.3978,156629.51,0.0,0.0,0
15m,1772777700.0,1.3978,1.401,1.3968,1.3995,59396.93,0.0,0.0,0
15m,1772778600.0,1.3995,1.4016,1.3982,1.4016,232221.08,0.0,0.0,0
15m,1772779500.0,1.4016,1.4052,1.4005,1.4007,82924.61,0.0,0.0,0
15m,1772780400.0,1.4007,1.403,1.3974,1.3993,181957.11,0.0,0.0,0
15m,1772781300.0,1.3993,1.4073,1.3991,1.407,146945.69,0.0,0.0,0
15m,1772782200.0,1.407,1.4083,1.4052,1.4074,345638.31,0.0,0.0,0
15m,1772783100.0,1.4074,1.4087,1.4064,1.4079,64192.23,0.0,0.0,0
15m,1772784000.0,1.4079,1.4081,1.404,1.4058,250708.71,0.0,0.0,0
15m,1772784900.0,1.4058,1.407,1.4032,1.4032,193599.22,0.0,0.0,0
15m,1772785800.0,1.4032,1.4049,1.4015,1.4033,73507.3,0.0,0.0,0
15m,1772786700.0,1.4033,1.4059,1.4031,1.4051,98334.66,0.0,0.0,0
15m,1772787600.0,1.4051,1.4066,1.3987,1.4005,121996.11,0.0,0.0,0
15m,1772788500.0,1.4005,1.4016,1.3952,1.3961,298845.58,0.0,0.0,0
15m,1772789400.0,1.3961,1.397,1.3924,1.3949,185917.97,0.0,0.0,0
15m,1772790300.0,1.3949,1.3981,1.3927,1.398,146595.46,0.0,0.0,0
15m,1772791200.0,1.398,1.4036,1.3973,1.4036,109265.82,0.0,0.0,0
15m,1772792100.0,1.4036,1.4066,1.4029,1.4063,180899.88,0.0,0.0,0
15m,1772793000.0,1.4063,1.4077,1.4041,1.4049,134394.4,0.0,0.0,0
15m,1772793900.0,1.4049,1.4049,1.4024,1.4029,143842.7,0.0,0.0,0
15m,1772794800.0,1.4029,1.4045,1.3992,1.4029,246507.47,0.0,0.0,0
15m,1772795700.0,1.4029,1.4029,1.4,1.401,237246.86,0.0,0.0,0
15m,1772796600.0,1.401,1.401,1.3958,1.3963,182942.75,0.0,0.0,0
15m,1772797500.0,1.3963,1.397,1.3935,1.3947,253429.64,0.0,0.0,0
15m,1772798400.0,1.3947,1.3947,1.3855,1.3895,627070.2,0.0,0.0,0
15m,1772799300.0,1.3895,1.3963,1.3895,1.3932,123427.77,0.0,0.0,0
15m,1772800200.0,1.3932,1.3941,1.3862,1.3867,197586.61,0.0,0.0,0
15m,1772801100.0,1.3867,1.3922,1.3845,1.3891,536083.47,0.0,0.0,0
15m,1772802000.0,1.3891,1.3906,1.388,1.3897,189452.22,0.0,0.0,0
15m,1772802900.0,1.3897,1.3957,1.3874,1.392,266962.19,0.0,0.0,0
15m,1772803800.0,1.392,1.3973,1.3796,1.3888,1941117.48,0.0,0.0,0
15m,1772804700.0,1.3888,1.3888,1.3719,1.3722,1307261.04,0.0,0.0,0
15m,1772805600.0,1.3722,1.3746,1.3606,1.3651,1195948.59,0.0,0.0,0
15m,1772806500.0,1.3651,1.3695,1.3635,1.3675,613385.54,0.0,0.0,0
15m,1772807400.0,1.3675,1.3701,1.3544,1.3592,1171763.21,0.0,0.0,0
15m,1772808300.0,1.3592,1.3626,1.351,1.3555,963350.31,0.0,0.0,0
15m,1772809200.0,1.3555,1.3605,1.3544,1.3589,781844.01,0.0,0.0,0
15m,1772810100.0,1.3589,1.3664,1.3586,1.3624,681281.78,0.0,0.0,0
15m,1772811000.0,1.3624,1.3659,1.3589,1.3599,486833.96,0.0,0.0,0
15m,1772811900.0,1.3599,1.3599,1.353,1.3564,522726.83,0.0,0.0,0
15m,1772812800.0,1.3564,1.3612,1.3539,1.3563,601107.61,0.0,0.0,0
15m,1772813700.0,1.3563,1.3593,1.3547,1.3587,368101.67,0.0,0.0,0
15m,1772814600.0,1.3587,1.3624,1.3571,1.3609,293123.13,0.0,0.0,0
15m,1772815500.0,1.3609,1.3632,1.3554,1.3572,463715.48,0.0,0.0,0
15m,1772816400.0,1.3572,1.3592,1.3557,1.3563,354168.87,0.0,0.0,0
15m,1772817300.0,1.3563,1.358,1.3524,1.3535,695735.08,0.0,0.0,0
15m,1772818200.0,1.3535,1.3536,1.3457,1.3487,1204019.0,0.0,0.0,0
15m,1772819100.0,1.3487,1.3512,1.3484,1.3494,768115.47,0.0,0.0,0
15m,1772820000.0,1.3494,1.3568,1.3492,1.3567,1075933.01,0.0,0.0,0
15m,1772820900.0,1.3567,1.3596,1.3553,1.3559,798220.82,0.0,0.0,0
15m,1772821800.0,1.3559,1.3617,1.3558,1.3614,638045.54,0.0,0.0,0
15m,1772822700.0,1.3614,1.3625,1.3574,1.3578,973109.97,0.0,0.0,0
15m,1772823600.0,1.3578,1.3648,1.3578,1.3645,1618679.4,0.0,0.0,0
15m,1772824500.0,1.3645,1.3659,1.3605,1.3615,823047.36,0.0,0.0,0
15m,1772825400.0,1.3615,1.3647,1.3611,1.3611,693929.75,0.0,0.0,0
15m,1772826300.0,1.3611,1.364,1.3594,1.3631,623631.76,0.0,0.0,0
15m,1772827200.0,1.3631,1.3642,1.3598,1.3602,502217.01,0.0,0.0,0
15m,1772828100.0,1.3602,1.3615,1.3559,1.3563,197303.46,0.0,0.0,0
15m,1772829000.0,1.3563,1.3594,1.3547,1.3572,345058.06,0.0,0.0,0
15m,1772829900.0,1.3572,1.36,1.3542,1.3571,519031.21,0.0,0.0,0
15m,1772830800.0,1.3571,1.3598,1.356,1.3594,132457.13,0.0,0.0,0
15m,1772831700.0,1.3594,1.3614,1.3585,1.3613,110829.97,0.0,0.0,0
15m,1772832600.0,1.3613,1.362,1.3594,1.362,186308.38,0.0,0.0,0
15m,1772833500.0,1.362,1.365,1.3618,1.3637,398529.78,0.0,0.0,0
15m,1772834400.0,1.3637,1.3653,1.363,1.3645,188199.0,0.0,0.0,0
15m,1772835300.0,1.3645,1.3665,1.3642,1.3657,97205.68,0.0,0.0,0
15m,1772836200.0,1.3657,1.3694,1.3645,1.3688,180591.46,0.0,0.0,0
15m,1772837100.0,1.3688,1.3718,1.3687,1.3692,55242.43,0.0,0.0,0
15m,1772838000.0,1.3692,1.3692,1.3638,1.3661,128152.12,0.0,0.0,0
15m,1772838900.0,1.3661,1.3671,1.3653,1.3656,34858.23,0.0,0.0,0
15m,1772839800.0,1.3656,1.3657,1.363,1.3635,56007.51,0.0,0.0,0
15m,1772840700.0,1.3635,1.3646,1.363,1.3634,47305.8,0.0,0.0,0
15m,1772841600.0,1.3634,1.369,1.363,1.3659,112332.9,0.0,0.0,0
15m,1772842500.0,1.3659,1.369,1.3654,1.3678,109985.67,0.0,0.0,0
15m,1772843400.0,1.3678,1.3706,1.3664,1.3664,157113.26,0.0,0.0,0
15m,1772844300.0,1.3664,1.3691,1.3662,1.3682,54251.61,0.0,0.0,0
15m,1772845200.0,1.3682,1.3696,1.3658,1.3659,61868.05,0.0,0.0,0
15m,1772846100.0,1.3659,1.3674,1.3656,1.3664,56210.99,0.0,0.0,0
15m,1772847000.0,1.3664,1.3674,1.3647,1.3673,114446.39,0.0,0.0,0
15m,1772847900.0,1.3673,1.3688,1.3669,1.3677,78605.11,0.0,0.0,0
15m,1772848800.0,1.3677,1.3684,1.3663,1.3663,23741.2,0.0,0.0,0
15m,1772849700.0,1.3663,1.3671,1.3631,1.3636,60761.94,0.0,0.0,0
15m,1772850600.0,1.3636,1.3654,1.3625,1.3648,76406.5,0.0,0.0,0
15m,1772851500.0,1.3648,1.3687,1.3646,1.3676,111485.89,0.0,0.0,0
15m,1772852400.0,1.3676,1.3749,1.3676,1.3746,143734.03,0.0,0.0,0
15m,1772853300.0,1.3746,1.3746,1.368,1.3683,144051.05,0.0,0.0,0
15m,1772854200.0,1.3683,1.3695,1.3671,1.3685,49585.21,0.0,0.0,0
15m,1772855100.0,1.3685,1.3685,1.3654,1.3662,49368.22,0.0,0.0,0
15m,1772856000.0,1.3662,1.3662,1.3608,1.3632,334883.39,0.0,0.0,0
15m,1772856900.0,1.3632,1.3647,1.3625,1.364,67598.16,0.0,0.0,0
15m,1772857800.0,1.364,1.3649,1.3612,1.3635,66519.56,0.0,0.0,0
15m,1772858700.0,1.3635,1.3643,1.3629,1.3631,40374.47,0.0,0.0,0
15m,1772859600.0,1.3631,1.3646,1.3622,1.3634,152336.44,0.0,0.0,0
15m,1772860500.0,1.3634,1.3667,1.3627,1.3656,182976.72,0.0,0.0,0
15m,1772861400.0,1.3656,1.3673,1.3641,1.3669,96945.67,0.0,0.0,0
15m,1772862300.0,1.3669,1.3679,1.3662,1.3671,69692.36,0.0,0.0,0
15m,1772863200.0,1.3671,1.3685,1.3662,1.3665,94608.56,0.0,0.0,0
15m,1772864100.0,1.3665,1.3669,1.3647,1.3647,71141.73,0.0,0.0,0
15m,1772865000.0,1.3647,1.3657,1.3625,1.3657,56698.91,0.0,0.0,0
15m,1772865900.0,1.3657,1.3661,1.3608,1.3634,155883.36,0.0,0.0,0
15m,1772866800.0,1.3634,1.3655,1.3612,1.365,340286.28,0.0,0.0,0
15m,1772867700.0,1.365,1.3655,1.3628,1.364,171495.76,0.0,0.0,0
15m,1772868600.0,1.364,1.3647,1.3622,1.3645,110779.76,0.0,0.0,0
15m,1772869500.0,1.3645,1.3679,1.3645,1.3671,62996.1,0.0,0.0,0
15m,1772870400.0,1.3671,1.3687,1.3664,1.367,94872.1,0.0,0.0,0
15m,1772871300.0,1.367,1.3692,1.367,1.367,125192.35,0.0,0.0,0
15m,1772872200.0,1.367,1.3683,1.3661,1.3668,138650.83,0.0,0.0,0
15m,1772873100.0,1.3668,1.3677,1.3646,1.3652,72681.3,0.0,0.0,0
15m,1772874000.0,1.3652,1.3654,1.363,1.3652,90798.94,0.0,0.0,0
15m,1772874900.0,1.3652,1.3681,1.3652,1.3658,85314.37,0.0,0.0,0
15m,1772875800.0,1.3658,1.3667,1.3652,1.3667,90521.79,0.0,0.0,0
15m,1772876700.0,1.3667,1.3674,1.3651,1.3653,122227.58,0.0,0.0,0
15m,1772877600.0,1.3653,1.3681,1.365,1.3681,43321.18,0.0,0.0,0
15m,1772878500.0,1.3681,1.3684,1.3658,1.3659,41013.19,0.0,0.0,0
15m,1772879400.0,1.3659,1.3673,1.3658,1.367,53282.03,0.0,0.0,0
15m,1772880300.0,1.367,1.3676,1.3658,1.3659,151596.3,0.0,0.0,0
15m,1772881200.0,1.3659,1.3736,1.3653,1.3729,454004.97,0.0,0.0,0
15m,1772882100.0,1.3729,1.3733,1.371,1.3717,205421.85,0.0,0.0,0
15m,1772883000.0,1.3717,1.3719,1.3705,1.3709,96158.77,0.0,0.0,0
15m,1772883900.0,1.3709,1.3711,1.3698,1.3698,103719.78,0.0,0.0,0
15m,1772884800.0,1.3698,1.3699,1.3653,1.366,85644.45,0.0,0.0,0
15m,1772885700.0,1.366,1.3673,1.3658,1.3667,63702.7,0.0,0.0,0
15m,1772886600.0,1.3667,1.3671,1.3641,1.3646,100709.89,0.0,0.0,0
15m,1772887500.0,1.3646,1.3651,1.3622,1.364,217400.75,0.0,0.0,0
15m,1772888400.0,1.364,1.3652,1.3626,1.3637,111296.5,0.0,0.0,0
15m,1772889300.0,1.3637,1.3657,1.3631,1.3648,111199.16,0.0,0.0,0
15m,1772890200.0,1.3648,1.3676,1.3617,1.3634,295475.88,0.0,0.0,0
15m,1772891100.0,1.3634,1.3644,1.3623,1.3628,79086.89,0.0,0.0,0
15m,1772892000.0,1.3628,1.3628,1.3564,1.3585,778706.61,0.0,0.0,0
15m,1772892900.0,1.3585,1.36,1.3577,1.3596,154860.07,0.0,0.0,0
15m,1772893800.0,1.3596,1.367,1.3594,1.3651,167906.45,0.0,0.0,0
15m,1772894700.0,1.3651,1.3658,1.3637,1.3637,77230.68,0.0,0.0,0
15m,1772895600.0,1.3637,1.3637,1.36,1.3612,59923.26,0.0,0.0,0
15m,1772896500.0,1.3612,1.3615,1.3591,1.3605,155816.11,0.0,0.0,0
15m,1772897400.0,1.3605,1.3616,1.3541,1.3559,428635.34,0.0,0.0,0
15m,1772898300.0,1.3559,1.3577,1.355,1.3572,264064.77,0.0,0.0,0
15m,1772899200.0,1.3572,1.3584,1.3559,1.3582,172364.72,0.0,0.0,0
15m,1772900100.0,1.3582,1.3585,1.3558,1.3582,205220.55,0.0,0.0,0
15m,1772901000.0,1.3582,1.3599,1.3578,1.3599,127042.06,0.0,0.0,0
15m,1772901900.0,1.3599,1.3611,1.3582,1.361,80111.91,0.0,0.0,0
15m,1772902800.0,1.361,1.3626,1.3609,1.3625,48415.85,0.0,0.0,0
15m,1772903700.0,1.3625,1.3649,1.3618,1.3638,177056.1,0.0,0.0,0
15m,1772904600.0,1.3638,1.364,1.3631,1.3635,72448.97,0.0,0.0,0
15m,1772905500.0,1.3635,1.3635,1.3604,1.3605,80037.12,0.0,0.0,0
15m,1772906400.0,1.3605,1.3607,1.3515,1.356,645505.97,0.0,0.0,0
15m,1772907300.0,1.356,1.3574,1.3551,1.3574,165581.19,0.0,0.0,0
15m,1772908200.0,1.3574,1.3574,1.3537,1.3569,96475.79,0.0,0.0,0
15m,1772909100.0,1.3569,1.3576,1.356,1.3569,94916.2,0.0,0.0,0
15m,1772910000.0,1.3569,1.3569,1.3537,1.3546,116266.11,0.0,0.0,0
15m,1772910900.0,1.3546,1.3553,1.3501,1.3514,571765.13,0.0,0.0,0
15m,1772911800.0,1.3514,1.3548,1.3504,1.3541,268516.85,0.0,0.0,0
15m,1772912700.0,1.3541,1.3541,1.3468,1.3502,652323.35,0.0,0.0,0
15m,1772913600.0,1.3502,1.355,1.3502,1.3537,107331.43,0.0,0.0,0
15m,1772914500.0,1.3537,1.3551,1.3523,1.3545,52221.15,0.0,0.0,0
15m,1772915400.0,1.3545,1.3563,1.354,1.3557,140421.56,0.0,0.0,0
15m,1772916300.0,1.3557,1.3561,1.3543,1.3553,70601.14,0.0,0.0,0
15m,1772917200.0,1.3553,1.3592,1.3546,1.3572,140089.73,0.0,0.0,0
15m,1772918100.0,1.3572,1.3586,1.3563,1.3583,201175.99,0.0,0.0,0
15m,1772919000.0,1.3583,1.3587,1.3562,1.3576,188934.73,0.0,0.0,0
15m,1772919900.0,1.3576,1.3576,1.3553,1.3566,32043.05,0.0,0.0,0
15m,1772920800.0,1.3566,1.3569,1.3531,1.3531,244449.43,0.0,0.0,0
15m,1772921700.0,1.3531,1.3544,1.352,1.3539,93946.31,0.0,0.0,0
15m,1772922600.0,1.3539,1.3555,1.3504,1.3546,164116.79,0.0,0.0,0
15m,1772923500.0,1.3546,1.3563,1.3523,1.3536,76912.6,0.0,0.0,0
15m,1772924400.0,1.3536,1.3556,1.3528,1.3551,125263.52,0.0,0.0,0
15m,1772925300.0,1.3551,1.3574,1.3544,1.3564,24204.03,0.0,0.0,0
15m,1772926200.0,1.3564,1.3569,1.3557,1.3563,75458.4,0.0,0.0,0
15m,1772927100.0,1.3563,1.3572,1.356,1.3567,22084.41,0.0,0.0,0
15m,1772928000.0,1.3567,1.3607,1.3567,1.359,252422.21,0.0,0.0,0
15m,1772928900.0,1.359,1.3595,1.3559,1.3564,60862.51,0.0,0.0,0
15m,1772929800.0,1.3564,1.3568,1.3544,1.3556,130453.38,0.0,0.0,0
15m,1772930700.0,1.3556,1.3558,1.3541,1.355,54574.6,0.0,0.0,0
15m,1772931600.0,1.355,1.3553,1.3525,1.3541,211444.19,0.0,0.0,0
15m,1772932500.0,1.3541,1.3557,1.3531,1.3531,200870.63,0.0,0.0,0
15m,1772933400.0,1.3531,1.3559,1.351,1.3559,134167.8,0.0,0.0,0
15m,1772934300.0,1.3559,1.3579,1.3558,1.3571,114050.5,0.0,0.0,0
15m,1772935200.0,1.3571,1.3574,1.3553,1.3566,32257.87,0.0,0.0,0
15m,1772936100.0,1.3566,1.3571,1.3526,1.3527,104540.58,0.0,0.0,0
15m,1772937000.0,1.3527,1.3559,1.3509,1.3556,210949.51,0.0,0.0,0
15m,1772937900.0,1.3556,1.3556,1.3448,1.3475,630796.62,0.0,0.0,0
15m,1772938800.0,1.3475,1.3481,1.3445,1.3475,339402.33,0.0,0.0,0
15m,1772939700.0,1.3475,1.3512,1.3475,1.3492,290257.62,0.0,0.0,0
15m,1772940600.0,1.3492,1.351,1.3488,1.3508,302440.67,0.0,0.0,0
15m,1772941500.0,1.3508,1.3514,1.348,1.3485,93256.96,0.0,0.0,0
15m,1772942400.0,1.3485,1.3498,1.3453,1.3468,129541.22,0.0,0.0,0
15m,1772943300.0,1.3468,1.3474,1.3456,1.3464,112025.49,0.0,0.0,0
15m,1772944200.0,1.3464,1.3466,1.3441,1.3459,194037.54,0.0,0.0,0
15m,1772945100.0,1.3459,1.3461,1.3414,1.3438,190838.64,0.0,0.0,0
15m,1772946000.0,1.3438,1.3513,1.3438,1.351,132136.68,0.0,0.0,0
15m,1772946900.0,1.351,1.3562,1.3505,1.3545,179266.29,0.0,0.0,0
15m,1772947800.0,1.3545,1.3569,1.3525,1.3532,292674.05,0.0,0.0,0
15m,1772948700.0,1.3532,1.3553,1.3528,1.3537,51898.05,0.0,0.0,0
15m,1772949600.0,1.3537,1.3561,1.3507,1.3507,158948.36,0.0,0.0,0
15m,1772950500.0,1.3507,1.3515,1.3499,1.3507,49708.07,0.0,0.0,0
15m,1772951400.0,1.3507,1.3517,1.3498,1.3516,52645.45,0.0,0.0,0
15m,1772952300.0,1.3516,1.3539,1.3503,1.3522,93980.95,0.0,0.0,0
15m,1772953200.0,1.3522,1.3602,1.3517,1.3594,155055.14,0.0,0.0,0
15m,1772954100.0,1.3594,1.3625,1.358,1.3595,220559.2,0.0,0.0,0
15m,1772955000.0,1.3595,1.3623,1.359,1.3614,107864.57,0.0,0.0,0
15m,1772955900.0,1.3614,1.3628,1.3589,1.3602,180796.82,0.0,0.0,0
15m,1772956800.0,1.3602,1.3609,1.3565,1.3565,242213.75,0.0,0.0,0
15m,1772957700.0,1.3565,1.3569,1.3546,1.3568,44627.93,0.0,0.0,0
15m,1772958600.0,1.3568,1.3613,1.355,1.3609,160915.85,0.0,0.0,0
15m,1772959500.0,1.3609,1.362,1.3591,1.3591,69617.22,0.0,0.0,0
15m,1772960400.0,1.3591,1.3622,1.356,1.3613,104586.88,0.0,0.0,0
15m,1772961300.0,1.3613,1.3665,1.3609,1.3648,295698.14,0.0,0.0,0
15m,1772962200.0,1.3648,1.3649,1.3619,1.3625,91247.19,0.0,0.0,0
15m,1772963100.0,1.3625,1.3628,1.3613,1.3614,81546.96,0.0,0.0,0
15m,1772964000.0,1.3614,1.3638,1.3612,1.3624,99226.95,0.0,0.0,0
15m,1772964900.0,1.3624,1.3713,1.362,1.3687,237820.2,0.0,0.0,0
15m,1772965800.0,1.3687,1.3698,1.367,1.3692,203096.02,0.0,0.0,0
15m,1772966700.0,1.3692,1.3692,1.3666,1.368,96937.74,0.0,0.0,0
15m,1772967600.0,1.368,1.368,1.3578,1.3596,173575.87,0.0,0.0,0
15m,1772968500.0,1.3596,1.3632,1.3596,1.3616,90504.96,0.0,0.0,0
15m,1772969400.0,1.3616,1.3641,1.3575,1.3576,132754.18,0.0,0.0,0
15m,1772970300.0,1.3576,1.3587,1.3562,1.3576,47522.49,0.0,0.0,0
15m,1772971200.0,1.3576,1.3592,1.3469,1.348,237534.74,0.0,0.0,0
15m,1772972100.0,1.348,1.3565,1.3448,1.3554,311111.18,0.0,0.0,0
15m,1772973000.0,1.3554,1.3554,1.3519,1.3525,385272.07,0.0,0.0,0
15m,1772973900.0,1.3525,1.3532,1.3506,1.3517,84739.37,0.0,0.0,0
15m,1772974800.0,1.3517,1.3536,1.345,1.3453,272891.32,0.0,0.0,0
15m,1772975700.0,1.3453,1.3497,1.3411,1.3485,967071.73,0.0,0.0,0
15m,1772976600.0,1.3485,1.3485,1.3427,1.3463,355539.23,0.0,0.0,0
15m,1772977500.0,1.3463,1.3512,1.3456,1.3501,242506.18,0.0,0.0,0
15m,1772978400.0,1.3501,1.3531,1.3495,1.3508,169058.11,0.0,0.0,0
15m,1772979300.0,1.3508,1.3527,1.3471,1.3473,146780.61,0.0,0.0,0
15m,1772980200.0,1.3473,1.3503,1.3455,1.3465,387850.4,0.0,0.0,0
15m,1772981100.0,1.3465,1.35,1.3455,1.3497,98006.32,0.0,0.0,0
15m,1772982000.0,1.3497,1.3498,1.3466,1.3491,171219.94,0.0,0.0,0
15m,1772982900.0,1.3491,1.3491,1.3446,1.345,405341.07,0.0,0.0,0
15m,1772983800.0,1.345,1.3456,1.3429,1.3436,366082.47,0.0,0.0,0
15m,1772984700.0,1.3436,1.3473,1.3433,1.3457,259331.8,0.0,0.0,0
15m,1772985600.0,1.3457,1.3457,1.3427,1.3433,259156.7,0.0,0.0,0
15m,1772986500.0,1.3433,1.3445,1.3416,1.3431,398144.11,0.0,0.0,0
15m,1772987400.0,1.3431,1.3436,1.338,1.3425,434083.75,0.0,0.0,0
15m,1772988300.0,1.3425,1.3425,1.3378,1.3395,136667.0,0.0,0.0,0
15m,1772989200.0,1.3395,1.3461,1.3391,1.3445,165194.76,0.0,0.0,0
15m,1772990100.0,1.3445,1.346,1.3433,1.3435,55150.94,0.0,0.0,0
15m,1772991000.0,1.3435,1.3445,1.3414,1.342,144306.17,0.0,0.0,0
15m,1772991900.0,1.342,1.3444,1.3415,1.3439,90325.12,0.0,0.0,0
15m,1772992800.0,1.3439,1.3447,1.3426,1.3432,233348.23,0.0,0.0,0
15m,1772993700.0,1.3432,1.3449,1.3399,1.3442,351126.61,0.0,0.0,0
15m,1772994600.0,1.3442,1.3483,1.3418,1.3423,271988.49,0.0,0.0,0
15m,1772995500.0,1.3423,1.3462,1.3419,1.3454,267736.53,0.0,0.0,0
15m,1772996400.0,1.3454,1.3515,1.3431,1.3498,360386.2,0.0,0.0,0
15m,1772997300.0,1.3498,1.3572,1.3496,1.3566,292121.45,0.0,0.0,0
15m,1772998200.0,1.3566,1.3596,1.3556,1.359,163650.1,0.0,0.0,0
15m,1772999100.0,1.359,1.3597,1.3529,1.3561,92690.52,0.0,0.0,0
15m,1773000000.0,1.3561,1.3566,1.3522,1.3529,80238.9,0.0,0.0,0
15m,1773000900.0,1.3529,1.3551,1.3521,1.353,55804.98,0.0,0.0,0
15m,1773001800.0,1.353,1.3626,1.3528,1.3577,215200.79,0.0,0.0,0
15m,1773002700.0,1.3577,1.3578,1.3533,1.3534,76960.28,0.0,0.0,0
15m,1773003600.0,1.3534,1.3544,1.3442,1.3455,333012.04,0.0,0.0,0
15m,1773004500.0,1.3455,1.3492,1.345,1.3479,98920.03,0.0,0.0,0
15m,1773005400.0,1.3479,1.3489,1.3464,1.3476,84560.55,0.0,0.0,0
15m,1773006300.0,1.3476,1.3488,1.3468,1.3478,68154.03,0.0,0.0,0
15m,1773007200.0,1.3478,1.3478,1.3218,1.3344,2141787.56,0.0,0.0,0
15m,1773008100.0,1.3344,1.3421,1.3283,1.3398,841209.19,0.0,0.0,0
15m,1773009000.0,1.3398,1.3492,1.3361,1.343,405139.33,0.0,0.0,0
15m,1773009900.0,1.343,1.3482,1.3425,1.3455,222931.15,0.0,0.0,0
15m,1773010800.0,1.3455,1.3501,1.3427,1.3483,353529.31,0.0,0.0,0
15m,1773011700.0,1.3483,1.3497,1.3454,1.3474,115081.81,0.0,0.0,0
15m,1773012600.0,1.3474,1.3488,1.3418,1.3422,259804.92,0.0,0.0,0
15m,1773013500.0,1.3422,1.3454,1.3389,1.3403,269512.92,0.0,0.0,0
15m,1773014400.0,1.3403,1.3507,1.3398,1.3495,520998.63,0.0,0.0,0
15m,1773015300.0,1.3495,1.3517,1.3389,1.3474,540530.33,0.0,0.0,0
15m,1773016200.0,1.3474,1.3604,1.3472,1.3525,513027.5,0.0,0.0,0
15m,1773017100.0,1.3525,1.3548,1.3482,1.3493,258551.15,0.0,0.0,0
15m,1773018000.0,1.3493,1.3497,1.3428,1.346,216726.22,0.0,0.0,0
15m,1773018900.0,1.346,1.3524,1.346,1.3487,292876.74,0.0,0.0,0
15m,1773019800.0,1.3487,1.3537,1.3457,1.351,315085.32,0.0,0.0,0
15m,1773020700.0,1.351,1.3513,1.3414,1.3422,178402.38,0.0,0.0,0
15m,1773021600.0,1.3422,1.3472,1.3387,1.3423,186589.11,0.0,0.0,0
15m,1773022500.0,1.3423,1.343,1.339,1.3395,133257.32,0.0,0.0,0
15m,1773023400.0,1.3395,1.3495,1.3377,1.3481,296160.41,0.0,0.0,0
15m,1773024300.0,1.3481,1.35,1.346,1.346,233999.29,0.0,0.0,0
15m,1773025200.0,1.346,1.3639,1.3452,1.3617,852835.13,0.0,0.0,0
15m,1773026100.0,1.3617,1.3653,1.3535,1.3563,691614.73,0.0,0.0,0
15m,1773027000.0,1.3563,1.3577,1.3511,1.3515,219381.99,0.0,0.0,0
15m,1773027900.0,1.3515,1.3524,1.3484,1.3507,171558.43,0.0,0.0,0
15m,1773028800.0,1.3507,1.3534,1.3501,1.3516,70130.82,0.0,0.0,0
15m,1773029700.0,1.3516,1.3558,1.3502,1.3551,79878.24,0.0,0.0,0
15m,1773030600.0,1.3551,1.3551,1.3498,1.3513,52047.43,0.0,0.0,0
15m,1773031500.0,1.3513,1.3521,1.344,1.344,66397.94,0.0,0.0,0
15m,1773032400.0,1.344,1.3454,1.3422,1.3444,83453.62,0.0,0.0,0
15m,1773033300.0,1.3444,1.3493,1.3443,1.3452,214676.6,0.0,0.0,0
15m,1773034200.0,1.3452,1.3571,1.3439,1.3544,525620.53,0.0,0.0,0
15m,1773035100.0,1.3544,1.3587,1.3516,1.3549,392375.47,0.0,0.0,0
15m,1773036000.0,1.3549,1.3558,1.3523,1.3545,353953.09,0.0,0.0,0
15m,1773036900.0,1.3545,1.3587,1.3524,1.3525,91923.39,0.0,0.0,0
15m,1773037800.0,1.3525,1.3538,1.3446,1.3461,124830.92,0.0,0.0,0
15m,1773038700.0,1.3461,1.3475,1.3446,1.345,171207.07,0.0,0.0,0
15m,1773039600.0,1.345,1.3454,1.3389,1.3394,574663.56,0.0,0.0,0
15m,1773040500.0,1.3394,1.3413,1.333,1.338,694139.1,0.0,0.0,0
15m,1773041400.0,1.338,1.3411,1.3376,1.3392,683499.54,0.0,0.0,0
15m,1773042300.0,1.3392,1.3416,1.3381,1.3408,571403.5,0.0,0.0,0
15m,1773043200.0,1.3408,1.3446,1.3396,1.3437,425465.56,0.0,0.0,0
15m,1773044100.0,1.3437,1.3482,1.3413,1.346,318453.99,0.0,0.0,0
15m,1773045000.0,1.346,1.3484,1.3422,1.3437,161473.48,0.0,0.0,0
15m,1773045900.0,1.3437,1.3467,1.3427,1.3463,91662.83,0.0,0.0,0
15m,1773046800.0,1.3463,1.3468,1.3415,1.346,125495.47,0.0,0.0,0
15m,1773047700.0,1.346,1.3518,1.3451,1.3502,389817.06,0.0,0.0,0
15m,1773048600.0,1.3502,1.3631,1.3475,1.3617,498895.66,0.0,0.0,0
15m,1773049500.0,1.3617,1.3633,1.3537,1.3551,331415.36,0.0,0.0,0
15m,1773050400.0,1.3551,1.3565,1.3531,1.3544,144150.32,0.0,0.0,0
15m,1773051300.0,1.3544,1.356,1.3526,1.3526,94803.58,0.0,0.0,0
15m,1773052200.0,1.3526,1.3533,1.3476,1.3487,132717.83,0.0,0.0,0
15m,1773053100.0,1.3487,1.3487,1.3457,1.3475,78995.79,0.0,0.0,0
15m,1773054000.0,1.3475,1.3489,1.3462,1.3477,79058.2,0.0,0.0,0
15m,1773054900.0,1.3477,1.3477,1.3417,1.3449,214219.29,0.0,0.0,0
15m,1773055800.0,1.3449,1.3499,1.3445,1.3493,94383.15,0.0,0.0,0
15m,1773056700.0,1.3493,1.3515,1.3476,1.3502,126994.47,0.0,0.0,0
15m,1773057600.0,1.3502,1.3527,1.3498,1.3522,110717.33,0.0,0.0,0
15m,1773058500.0,1.3522,1.3572,1.3517,1.3571,151951.81,0.0,0.0,0
15m,1773059400.0,1.3571,1.358,1.353,1.3547,375518.6,0.0,0.0,0
15m,1773060300.0,1.3547,1.3557,1.353,1.3548,122116.35,0.0,0.0,0
15m,1773061200.0,1.3548,1.3619,1.3542,1.36,147230.52,0.0,0.0,0
15m,1773062100.0,1.36,1.3662,1.3557,1.3652,244959.21,0.0,0.0,0
15m,1773063000.0,1.3652,1.3716,1.3616,1.3713,666029.4,0.0,0.0,0
15m,1773063900.0,1.3713,1.3728,1.3643,1.3681,1143842.98,0.0,0.0,0
15m,1773064800.0,1.3681,1.3721,1.3591,1.3619,843078.11,0.0,0.0,0
15m,1773065700.0,1.3619,1.3731,1.3613,1.3658,1022657.66,0.0,0.0,0
15m,1773066600.0,1.3658,1.3698,1.3645,1.3686,445718.98,0.0,0.0,0
15m,1773067500.0,1.3686,1.3688,1.3636,1.3649,337946.22,0.0,0.0,0
15m,1773068400.0,1.3649,1.3672,1.3619,1.3658,298251.2,0.0,0.0,0
15m,1773069300.0,1.3658,1.3676,1.3628,1.3649,194414.74,0.0,0.0,0
15m,1773070200.0,1.3649,1.3661,1.3562,1.3597,252712.41,0.0,0.0,0
15m,1773071100.0,1.3597,1.3634,1.3587,1.3604,272198.22,0.0,0.0,0
15m,1773072000.0,1.3604,1.3649,1.3587,1.3616,128740.3,0.0,0.0,0
15m,1773072900.0,1.3616,1.3674,1.3611,1.3654,137331.33,0.0,0.0,0
15m,1773073800.0,1.3654,1.3665,1.3598,1.3652,120626.52,0.0,0.0,0
15m,1773074700.0,1.3652,1.3704,1.3628,1.3647,106125.67,0.0,0.0,0
15m,1773075600.0,1.3647,1.3704,1.3646,1.3687,556453.91,0.0,0.0,0
15m,1773076500.0,1.3687,1.3698,1.3637,1.364,192616.41,0.0,0.0,0
15m,1773077400.0,1.364,1.3667,1.3595,1.3615,334613.61,0.0,0.0,0
15m,1773078300.0,1.3615,1.3643,1.3605,1.3625,142771.24,0.0,0.0,0
15m,1773079200.0,1.3625,1.3625,1.3561,1.3595,210257.61,0.0,0.0,0
15m,1773080100.0,1.3595,1.3648,1.359,1.3641,148422.92,0.0,0.0,0
15m,1773081000.0,1.3641,1.3685,1.364,1.3644,260651.22,0.0,0.0,0
15m,1773081900.0,1.3644,1.3646,1.3601,1.3616,97122.94,0.0,0.0,0
15m,1773082800.0,1.3616,1.3628,1.3564,1.3567,160230.82,0.0,0.0,0
15m,1773083700.0,1.3567,1.3819,1.3564,1.3813,1726750.59,0.0,0.0,0
15m,1773084600.0,1.3813,1.3839,1.3678,1.3698,2039710.65,0.0,0.0,0
15m,1773085500.0,1.3698,1.3739,1.3676,1.3733,257300.27,0.0,0.0,0
15m,1773086400.0,1.3733,1.38,1.3728,1.3746,474998.89,0.0,0.0,0
15m,1773087300.0,1.3746,1.3752,1.371,1.3739,222991.79,0.0,0.0,0
15m,1773088200.0,1.3739,1.3741,1.3681,1.3685,188606.84,0.0,0.0,0
15m,1773089100.0,1.3685,1.3745,1.3673,1.3733,129081.99,0.0,0.0,0
15m,1773090000.0,1.3733,1.3772,1.3728,1.3761,289146.31,0.0,0.0,0
15m,1773090900.0,1.3761,1.3763,1.3732,1.3735,271117.29,0.0,0.0,0
15m,1773091800.0,1.3735,1.3758,1.3699,1.3749,210326.31,0.0,0.0,0
15m,1773092700.0,1.3749,1.3758,1.3735,1.3739,89691.22,0.0,0.0,0
15m,1773093600.0,1.3739,1.3757,1.3681,1.3698,291731.73,0.0,0.0,0
15m,1773094500.0,1.3698,1.3723,1.3685,1.3716,111460.91,0.0,0.0,0
15m,1773095400.0,1.3716,1.3716,1.3651,1.3673,283971.19,0.0,0.0,0
15m,1773096300.0,1.3673,1.3674,1.3627,1.3645,303680.76,0.0,0.0,0
15m,1773097200.0,1.3645,1.3677,1.3632,1.3677,177550.43,0.0,0.0,0
15m,1773098100.0,1.3677,1.3677,1.3636,1.3638,95925.08,0.0,0.0,0
15m,1773099000.0,1.3638,1.3649,1.363,1.3635,77464.77,0.0,0.0,0
15m,1773099900.0,1.3635,1.3635,1.3606,1.3632,110581.46,0.0,0.0,0
15m,1773100800.0,1.3632,1.3641,1.3609,1.3614,128300.84,0.0,0.0,0
15m,1773101700.0,1.3614,1.3715,1.3614,1.3712,129231.68,0.0,0.0,0
15m,1773102600.0,1.3712,1.3739,1.3694,1.3729,327911.2,0.0,0.0,0
15m,1773103500.0,1.3729,1.3737,1.3692,1.37,308465.85,0.0,0.0,0
15m,1773104400.0,1.37,1.3719,1.3682,1.3703,193884.32,0.0,0.0,0
15m,1773105300.0,1.3703,1.3715,1.3669,1.3699,287332.83,0.0,0.0,0
15m,1773106200.0,1.3699,1.3713,1.3663,1.3679,129279.86,0.0,0.0,0
15m,1773107100.0,1.3679,1.3752,1.3675,1.3722,285352.84,0.0,0.0,0
15m,1773108000.0,1.3722,1.3733,1.3701,1.3723,151527.7,0.0,0.0,0
15m,1773108900.0,1.3723,1.3734,1.3705,1.3723,94000.46,0.0,0.0,0
15m,1773109800.0,1.3723,1.3907,1.3722,1.3883,1685785.39,0.0,0.0,0
15m,1773110700.0,1.3883,1.3926,1.3865,1.3876,1177890.18,0.0,0.0,0
15m,1773111600.0,1.3876,1.391,1.3859,1.3891,816502.51,0.0,0.0,0
15m,1773112500.0,1.3891,1.3898,1.3868,1.3868,369813.9,0.0,0.0,0
15m,1773113400.0,1.3868,1.3874,1.3823,1.3825,480195.01,0.0,0.0,0
15m,1773114300.0,1.3825,1.3825,1.375,1.3752,366359.92,0.0,0.0,0
15m,1773115200.0,1.3752,1.3769,1.3732,1.3756,339314.73,0.0,0.0,0
15m,1773116100.0,1.3756,1.3768,1.3744,1.3754,140916.19,0.0,0.0,0
15m,1773117000.0,1.3754,1.3822,1.3752,1.3809,187820.62,0.0,0.0,0
15m,1773117900.0,1.3809,1.3835,1.3789,1.3821,145266.88,0.0,0.0,0
15m,1773118800.0,1.3821,1.3894,1.3811,1.3862,479853.6,0.0,0.0,0
15m,1773119700.0,1.3862,1.3898,1.3851,1.3854,317676.65,0.0,0.0,0
15m,1773120600.0,1.3854,1.3865,1.3828,1.3855,258929.17,0.0,0.0,0
15m,1773121500.0,1.3855,1.3859,1.3838,1.3843,193010.55,0.0,0.0,0
15m,1773122400.0,1.3843,1.3844,1.3813,1.3816,295362.26,0.0,0.0,0
15m,1773123300.0,1.3816,1.3835,1.378,1.3831,208154.38,0.0,0.0,0
15m,1773124200.0,1.3831,1.3837,1.3801,1.3804,272895.03,0.0,0.0,0
15m,1773125100.0,1.3804,1.3824,1.3794,1.3804,130461.77,0.0,0.0,0
15m,1773126000.0,1.3804,1.3848,1.3764,1.3809,509162.21,0.0,0.0,0
15m,1773126900.0,1.3809,1.387,1.3807,1.3854,187873.97,0.0,0.0,0
15m,1773127800.0,1.3854,1.3869,1.3838,1.3857,126468.52,0.0,0.0,0
15m,1773128700.0,1.3857,1.3886,1.3844,1.3874,165272.51,0.0,0.0,0
15m,1773129600.0,1.3874,1.3973,1.3874,1.395,983090.8,0.0,0.0,0
15m,1773130500.0,1.395,1.3988,1.3936,1.3946,508593.15,0.0,0.0,0
15m,1773131400.0,1.3946,1.4116,1.3946,1.4074,1380708.64,0.0,0.0,0
15m,1773132300.0,1.4074,1.4074,1.4006,1.4017,872711.73,0.0,0.0,0
15m,1773133200.0,1.4017,1.4077,1.4016,1.4063,546824.81,0.0,0.0,0
15m,1773134100.0,1.4063,1.4183,1.405,1.4175,1184671.79,0.0,0.0,0
15m,1773135000.0,1.4175,1.419,1.4153,1.4177,496427.93,0.0,0.0,0
15m,1773135900.0,1.4177,1.4193,1.4149,1.4165,767599.39,0.0,0.0,0
15m,1773136800.0,1.4165,1.4176,1.412,1.4139,790121.8,0.0,0.0,0
15m,1773137700.0,1.4139,1.4157,1.4098,1.41,1236154.49,0.0,0.0,0
15m,1773138600.0,1.41,1.4122,1.4044,1.4055,600185.04,0.0,0.0,0
15m,1773139500.0,1.4055,1.4081,1.4049,1.4058,432271.86,0.0,0.0,0
15m,1773140400.0,1.4058,1.4058,1.3982,1.3982,649833.13,0.0,0.0,0
15m,1773141300.0,1.3982,1.3987,1.3926,1.3937,349901.31,0.0,0.0,0
15m,1773142200.0,1.3937,1.3945,1.3897,1.3901,459313.15,0.0,0.0,0
15m,1773143100.0,1.3901,1.3942,1.389,1.391,610716.4,0.0,0.0,0
15m,1773144000.0,1.391,1.3919,1.3833,1.3864,624133.07,0.0,0.0,0
15m,1773144900.0,1.3864,1.3885,1.3834,1.3843,388894.49,0.0,0.0,0
15m,1773145800.0,1.3843,1.39,1.3827,1.389,322107.27,0.0,0.0,0
15m,1773146700.0,1.389,1.3906,1.3874,1.389,184536.77,0.0,0.0,0
15m,1773147600.0,1.389,1.3966,1.389,1.3966,466796.12,0.0,0.0,0
15m,1773148500.0,1.3966,1.4016,1.3959,1.4,341957.4,0.0,0.0,0
15m,1773149400.0,1.4,1.4012,1.3814,1.3902,866621.05,0.0,0.0,0
15m,1773150300.0,1.3902,1.3971,1.3869,1.3933,619035.71,0.0,0.0,0
15m,1773151200.0,1.3933,1.397,1.3827,1.3853,659373.93,0.0,0.0,0
15m,1773152100.0,1.3853,1.3992,1.3817,1.3978,604246.75,0.0,0.0,0
15m,1773153000.0,1.3978,1.4213,1.3978,1.4183,1764914.09,0.0,0.0,0
15m,1773153900.0,1.4183,1.438,1.4174,1.4343,2333547.1,0.0,0.0,0
15m,1773154800.0,1.4343,1.4427,1.4261,1.4272,2379219.43,0.0,0.0,0
15m,1773155700.0,1.4272,1.4301,1.4196,1.4282,1016849.55,0.0,0.0,0
15m,1773156600.0,1.4282,1.4347,1.4229,1.4288,1121904.59,0.0,0.0,0
15m,1773157500.0,1.4288,1.4311,1.4223,1.431,661494.63,0.0,0.0,0
15m,1773158400.0,1.431,1.4332,1.4242,1.4276,917059.42,0.0,0.0,0
15m,1773159300.0,1.4276,1.4375,1.4276,1.4319,1285020.45,0.0,0.0,0
15m,1773160200.0,1.4319,1.4323,1.4258,1.4287,583278.55,0.0,0.0,0
15m,1773161100.0,1.4287,1.4302,1.4233,1.4273,434546.56,0.0,0.0,0
15m,1773162000.0,1.4273,1.4305,1.4254,1.4267,237717.34,0.0,0.0,0
15m,1773162900.0,1.4267,1.4298,1.4184,1.4202,466540.35,0.0,0.0,0
15m,1773163800.0,1.4202,1.4233,1.409,1.4119,927231.08,0.0,0.0,0
15m,1773164700.0,1.4119,1.4156,1.4091,1.4127,575924.27,0.0,0.0,0
15m,1773165600.0,1.4127,1.4133,1.3993,1.3997,624155.51,0.0,0.0,0
15m,1773166500.0,1.3997,1.404,1.3907,1.3961,1343622.62,0.0,0.0,0
15m,1773167400.0,1.3961,1.3993,1.3916,1.394,901723.09,0.0,0.0,0
15m,1773168300.0,1.394,1.3966,1.391,1.3936,420969.18,0.0,0.0,0
15m,1773169200.0,1.3936,1.3952,1.3872,1.3901,311783.55,0.0,0.0,0
15m,1773170100.0,1.3901,1.3926,1.3849,1.3851,576893.12,0.0,0.0,0
15m,1773171000.0,1.3851,1.3885,1.3825,1.3853,392198.56,0.0,0.0,0
15m,1773171900.0,1.3853,1.3857,1.3798,1.3848,589185.59,0.0,0.0,0
15m,1773172800.0,1.3848,1.3903,1.3846,1.3894,267280.72,0.0,0.0,0
15m,1773173700.0,1.3894,1.3936,1.3865,1.3926,237718.55,0.0,0.0,0
15m,1773174600.0,1.3926,1.3948,1.3902,1.3922,310576.1,0.0,0.0,0
15m,1773175500.0,1.3922,1.3924,1.3895,1.3898,177580.16,0.0,0.0,0
15m,1773176400.0,1.3898,1.3948,1.3872,1.3884,118155.11,0.0,0.0,0
15m,1773177300.0,1.3884,1.3902,1.3872,1.3883,114935.24,0.0,0.0,0
15m,1773178200.0,1.3883,1.3902,1.3825,1.3842,420146.36,0.0,0.0,0
15m,1773179100.0,1.3842,1.3848,1.3786,1.3837,204205.08,0.0,0.0,0
15m,1773180000.0,1.3837,1.3866,1.3796,1.381,298431.93,0.0,0.0,0
15m,1773180900.0,1.381,1.3889,1.3801,1.386,128025.62,0.0,0.0,0
15m,1773181800.0,1.386,1.386,1.3826,1.3844,95076.45,0.0,0.0,0
15m,1773182700.0,1.3844,1.3858,1.3829,1.3841,70127.23,0.0,0.0,0
15m,1773183600.0,1.3841,1.387,1.3841,1.3846,91408.31,0.0,0.0,0
15m,1773184500.0,1.3846,1.387,1.3842,1.3855,84208.33,0.0,0.0,0
15m,1773185400.0,1.3855,1.3881,1.385,1.3869,107494.21,0.0,0.0,0
15m,1773186300.0,1.3869,1.3874,1.3843,1.3866,149830.93,0.0,0.0,0
15m,1773187200.0,1.3866,1.3876,1.3833,1.3867,236288.16,0.0,0.0,0
15m,1773188100.0,1.3867,1.3882,1.3856,1.3871,147198.65,0.0,0.0,0
15m,1773189000.0,1.3871,1.3871,1.3824,1.3832,384486.19,0.0,0.0,0
15m,1773189900.0,1.3832,1.3923,1.3832,1.3883,511974.33,0.0,0.0,0
15m,1773190800.0,1.3883,1.3906,1.3862,1.3889,119946.33,0.0,0.0,0
15m,1773191700.0,1.3889,1.3891,1.3853,1.3888,161530.51,0.0,0.0,0
15m,1773192600.0,1.3888,1.3889,1.3843,1.3862,129977.08,0.0,0.0,0
15m,1773193500.0,1.3862,1.3903,1.3858,1.3902,138967.47,0.0,0.0,0
15m,1773194400.0,1.3902,1.3905,1.3874,1.3874,107648.7,0.0,0.0,0
15m,1773195300.0,1.3874,1.3885,1.3839,1.3852,742832.82,0.0,0.0,0
15m,1773196200.0,1.3852,1.3853,1.3784,1.3799,1019003.68,0.0,0.0,0
15m,1773197100.0,1.3799,1.3829,1.3785,1.3823,463929.27,0.0,0.0,0
15m,1773198000.0,1.3823,1.3852,1.3812,1.3815,197619.3,0.0,0.0,0
15m,1773198900.0,1.3815,1.3815,1.3778,1.3788,231928.27,0.0,0.0,0
15m,1773199800.0,1.3788,1.3806,1.3784,1.3796,127872.78,0.0,0.0,0
15m,1773200700.0,1.3796,1.3807,1.3785,1.3789,209875.52,0.0,0.0,0
15m,1773201600.0,1.3789,1.3793,1.3766,1.3793,258470.46,0.0,0.0,0
15m,1773202500.0,1.3793,1.3859,1.3786,1.3842,195464.82,0.0,0.0,0
15m,1773203400.0,1.3842,1.3855,1.3827,1.3841,135441.15,0.0,0.0,0
15m,1773204300.0,1.3841,1.3895,1.3839,1.3876,199979.17,0.0,0.0,0
15m,1773205200.0,1.3876,1.3909,1.3869,1.3878,255570.18,0.0,0.0,0
15m,1773206100.0,1.3878,1.3878,1.3839,1.3853,111743.49,0.0,0.0,0
15m,1773207000.0,1.3853,1.3854,1.3748,1.3776,607938.85,0.0,0.0,0
15m,1773207900.0,1.3776,1.378,1.3758,1.3765,147167.75,0.0,0.0,0
15m,1773208800.0,1.3765,1.3787,1.3761,1.3786,175271.21,0.0,0.0,0
15m,1773209700.0,1.3786,1.3804,1.3777,1.3795,130575.48,0.0,0.0,0
15m,1773210600.0,1.3795,1.3823,1.3793,1.3806,118419.52,0.0,0.0,0
15m,1773211500.0,1.3806,1.3844,1.3786,1.3825,121974.4,0.0,0.0,0
15m,1773212400.0,1.3825,1.3833,1.3811,1.3813,80226.18,0.0,0.0,0
15m,1773213300.0,1.3813,1.3816,1.38,1.3803,62184.81,0.0,0.0,0
15m,1773214200.0,1.3803,1.3805,1.3738,1.3754,243336.41,0.0,0.0,0
15m,1773215100.0,1.3754,1.38,1.3754,1.3784,146934.32,0.0,0.0,0
15m,1773216000.0,1.3784,1.3794,1.3762,1.3768,114547.1,0.0,0.0,0
15m,1773216900.0,1.3768,1.3769,1.3725,1.374,139324.45,0.0,0.0,0
15m,1773217800.0,1.374,1.3792,1.3738,1.3769,360487.8,0.0,0.0,0
15m,1773218700.0,1.3769,1.3772,1.3735,1.376,69095.09,0.0,0.0,0
15m,1773219600.0,1.376,1.3764,1.3741,1.3747,77354.51,0.0,0.0,0
15m,1773220500.0,1.3747,1.3787,1.3746,1.3773,105615.29,0.0,0.0,0
15m,1773221400.0,1.3773,1.3795,1.3751,1.377,139183.82,0.0,0.0,0
15m,1773222300.0,1.377,1.381,1.373,1.3741,149206.52,0.0,0.0,0
15m,1773223200.0,1.3741,1.377,1.3727,1.377,345899.51,0.0,0.0,0
15m,1773224100.0,1.377,1.378,1.3756,1.3768,199913.04,0.0,0.0,0
15m,1773225000.0,1.3768,1.3813,1.3767,1.3801,220344.35,0.0,0.0,0
15m,1773225900.0,1.3801,1.3802,1.3775,1.3784,115931.01,0.0,0.0,0
15m,1773226800.0,1.3784,1.3806,1.377,1.3797,185748.0,0.0,0.0,0
15m,1773227700.0,1.3797,1.3805,1.3744,1.3749,267036.87,0.0,0.0,0
15m,1773228600.0,1.3749,1.3767,1.3735,1.3749,383379.87,0.0,0.0,0
15m,1773229500.0,1.3749,1.3772,1.3721,1.3733,496084.15,0.0,0.0,0
15m,1773230400.0,1.3733,1.3753,1.3704,1.3746,317603.46,0.0,0.0,0
15m,1773231300.0,1.3746,1.3815,1.3746,1.3814,153429.56,0.0,0.0,0
15m,1773232200.0,1.3814,1.3873,1.3777,1.3797,1201492.84,0.0,0.0,0
15m,1773233100.0,1.3797,1.3855,1.3786,1.385,328839.65,0.0,0.0,0
15m,1773234000.0,1.385,1.3959,1.383,1.3939,316400.25,0.0,0.0,0
15m,1773234900.0,1.3939,1.3985,1.3919,1.3954,831478.23,0.0,0.0,0
15m,1773235800.0,1.3954,1.411,1.3954,1.3985,781507.78,0.0,0.0,0
15m,1773236700.0,1.3985,1.4003,1.385,1.3923,705715.21,0.0,0.0,0
15m,1773237600.0,1.3923,1.4007,1.3852,1.3911,762361.08,0.0,0.0,0
15m,1773238500.0,1.3911,1.3992,1.3884,1.3959,578837.0,0.0,0.0,0
15m,1773239400.0,1.3959,1.4022,1.392,1.4009,441484.09,0.0,0.0,0
15m,1773240300.0,1.4009,1.4035,1.3909,1.3918,447207.75,0.0,0.0,0
15m,1773241200.0,1.3918,1.3938,1.3804,1.3836,610293.52,0.0,0.0,0
15m,1773242100.0,1.3836,1.3894,1.3815,1.3832,369995.36,0.0,0.0,0
15m,1773243000.0,1.3832,1.3832,1.3729,1.3789,467515.29,0.0,0.0,0
15m,1773243900.0,1.3789,1.3839,1.3763,1.3823,418598.35,0.0,0.0,0
15m,1773244800.0,1.3823,1.3845,1.3802,1.3836,234822.84,0.0,0.0,0
15m,1773245700.0,1.3836,1.3875,1.3813,1.384,416413.19,0.0,0.0,0
15m,1773246600.0,1.384,1.3903,1.3818,1.389,353854.85,0.0,0.0,0
15m,1773247500.0,1.389,1.3903,1.385,1.3871,312582.24,0.0,0.0,0
15m,1773248400.0,1.3871,1.3949,1.387,1.3914,156382.7,0.0,0.0,0
15m,1773249300.0,1.3914,1.4015,1.3913,1.3997,912567.03,0.0,0.0,0
15m,1773250200.0,1.3997,1.401,1.3883,1.3983,283364.58,0.0,0.0,0
15m,1773251100.0,1.3983,1.3989,1.394,1.3975,131581.6,0.0,0.0,0
15m,1773252000.0,1.3975,1.4019,1.3959,1.4004,576944.15,0.0,0.0,0
15m,1773252900.0,1.4004,1.4051,1.399,1.4009,270301.61,0.0,0.0,0
15m,1773253800.0,1.4009,1.4028,1.3978,1.3996,272227.57,0.0,0.0,0
15m,1773254700.0,1.3996,1.4071,1.399,1.4042,248133.55,0.0,0.0,0
15m,1773255600.0,1.4042,1.4046,1.3955,1.3972,229156.37,0.0,0.0,0
15m,1773256500.0,1.3972,1.3972,1.3917,1.393,231495.17,0.0,0.0,0
15m,1773257400.0,1.393,1.3951,1.3901,1.3918,243432.11,0.0,0.0,0
15m,1773258300.0,1.3918,1.3919,1.3881,1.3898,443192.07,0.0,0.0,0
15m,1773259200.0,1.3898,1.3902,1.3874,1.3895,285003.61,0.0,0.0,0
15m,1773260100.0,1.3895,1.3939,1.3869,1.3886,352458.75,0.0,0.0,0
15m,1773261000.0,1.3886,1.3926,1.3885,1.3913,109544.31,0.0,0.0,0
15m,1773261900.0,1.3913,1.3928,1.3892,1.3916,104215.33,0.0,0.0,0
15m,1773262800.0,1.3916,1.3937,1.3887,1.3901,279296.48,0.0,0.0,0
15m,1773263700.0,1.3901,1.391,1.3892,1.3892,38690.4,0.0,0.0,0
15m,1773264600.0,1.3892,1.3925,1.3892,1.3902,92233.01,0.0,0.0,0
15m,1773265500.0,1.3902,1.3936,1.39,1.3924,130544.61,0.0,0.0,0
15m,1773266400.0,1.3924,1.3985,1.3905,1.3941,456524.81,0.0,0.0,0
15m,1773267300.0,1.3941,1.3942,1.3896,1.3901,133788.01,0.0,0.0,0
15m,1773268200.0,1.3901,1.3911,1.387,1.3883,163760.08,0.0,0.0,0
15m,1773269100.0,1.3883,1.3923,1.3881,1.3905,92230.79,0.0,0.0,0
15m,1773270000.0,1.3905,1.3923,1.3894,1.3901,76571.02,0.0,0.0,0
15m,1773270900.0,1.3901,1.3901,1.3883,1.3896,75410.96,0.0,0.0,0
15m,1773271800.0,1.3896,1.3897,1.3856,1.3859,152815.68,0.0,0.0,0
15m,1773272700.0,1.3859,1.3861,1.3822,1.3846,136322.05,0.0,0.0,0
15m,1773273600.0,1.3846,1.386,1.3827,1.3839,254902.66,0.0,0.0,0
15m,1773274500.0,1.3839,1.3859,1.3815,1.3833,135652.36,0.0,0.0,0
15m,1773275400.0,1.3833,1.3847,1.381,1.3837,438564.31,0.0,0.0,0
15m,1773276300.0,1.3837,1.3847,1.3828,1.384,353231.85,0.0,0.0,0
15m,1773277200.0,1.384,1.384,1.3769,1.3794,337455.71,0.0,0.0,0
15m,1773278100.0,1.3794,1.3805,1.3787,1.3796,88574.19,0.0,0.0,0
15m,1773279000.0,1.3796,1.3812,1.3774,1.3803,238574.33,0.0,0.0,0
15m,1773279900.0,1.3803,1.3807,1.3773,1.3787,166396.68,0.0,0.0,0
15m,1773280800.0,1.3787,1.3811,1.3773,1.3792,109142.6,0.0,0.0,0
15m,1773281700.0,1.3792,1.3792,1.375,1.3766,181912.69,0.0,0.0,0
15m,1773282600.0,1.3766,1.377,1.3716,1.3735,461914.98,0.0,0.0,0
15m,1773283500.0,1.3735,1.3743,1.3707,1.3723,303258.09,0.0,0.0,0
15m,1773284400.0,1.3723,1.3741,1.3719,1.3737,124204.53,0.0,0.0,0
15m,1773285300.0,1.3737,1.3749,1.3731,1.3738,124955.99,0.0,0.0,0
15m,1773286200.0,1.3738,1.3762,1.373,1.3751,104894.95,0.0,0.0,0
15m,1773287100.0,1.3751,1.3751,1.3697,1.3736,262246.5,0.0,0.0,0
15m,1773288000.0,1.3736,1.3781,1.3735,1.377,114784.44,0.0,0.0,0
15m,1773288900.0,1.377,1.3775,1.3723,1.3731,356203.02,0.0,0.0,0
15m,1773289800.0,1.3731,1.3731,1.3694,1.3708,508936.4,0.0,0.0,0
15m,1773290700.0,1.3708,1.3712,1.3695,1.3704,162578.33,0.0,0.0,0
15m,1773291600.0,1.3704,1.3727,1.3694,1.3695,189102.78,0.0,0.0,0
15m,1773292500.0,1.3695,1.3704,1.3669,1.3673,448194.56,0.0,0.0,0
15m,1773293400.0,1.3673,1.3695,1.3672,1.3681,302938.97,0.0,0.0,0
15m,1773294300.0,1.3681,1.3711,1.3662,1.371,371265.3,0.0,0.0,0
15m,1773295200.0,1.371,1.371,1.3673,1.3697,234885.02,0.0,0.0,0
15m,1773296100.0,1.3697,1.3721,1.3689,1.3721,301528.38,0.0,0.0,0
15m,1773297000.0,1.3721,1.3733,1.3705,1.3724,302109.64,0.0,0.0,0
15m,1773297900.0,1.3724,1.3735,1.3715,1.3726,205570.61,0.0,0.0,0
15m,1773298800.0,1.3726,1.3728,1.3699,1.3719,161548.81,0.0,0.0,0
15m,1773299700.0,1.3719,1.3758,1.3714,1.375,235727.76,0.0,0.0,0
15m,1773300600.0,1.375,1.3782,1.3744,1.3764,308033.96,0.0,0.0,0
15m,1773301500.0,1.3764,1.3778,1.3756,1.3767,376856.97,0.0,0.0,0
15m,1773302400.0,1.3767,1.3786,1.3741,1.3749,188842.0,0.0,0.0,0
15m,1773303300.0,1.3749,1.3825,1.3745,1.3788,215625.11,0.0,0.0,0
15m,1773304200.0,1.3788,1.3804,1.3763,1.3792,154572.39,0.0,0.0,0
15m,1773305100.0,1.3792,1.3802,1.3782,1.3802,70485.56,0.0,0.0,0
15m,1773306000.0,1.3802,1.3802,1.3773,1.3778,174070.88,0.0,0.0,0
15m,1773306900.0,1.3778,1.378,1.3756,1.3767,134444.85,0.0,0.0,0
15m,1773307800.0,1.3767,1.3869,1.3762,1.3868,136089.38,0.0,0.0,0
15m,1773308700.0,1.3868,1.3886,1.3793,1.3821,235518.71,0.0,0.0,0
15m,1773309600.0,1.3821,1.383,1.3784,1.3801,280727.48,0.0,0.0,0
15m,1773310500.0,1.3801,1.3852,1.3801,1.384,219022.11,0.0,0.0,0
15m,1773311400.0,1.384,1.3899,1.3839,1.3889,375438.35,0.0,0.0,0
15m,1773312300.0,1.3889,1.3911,1.3878,1.39,263698.25,0.0,0.0,0
15m,1773313200.0,1.39,1.3907,1.3872,1.3892,368316.78,0.0,0.0,0
15m,1773314100.0,1.3892,1.3919,1.3869,1.3892,276732.12,0.0,0.0,0
15m,1773315000.0,1.3892,1.3927,1.3881,1.3915,343667.09,0.0,0.0,0
15m,1773315900.0,1.3915,1.3933,1.3871,1.3878,401456.99,0.0,0.0,0
15m,1773316800.0,1.3878,1.3903,1.3856,1.389,197449.43,0.0,0.0,0
15m,1773317700.0,1.389,1.3923,1.388,1.3918,356870.46,0.0,0.0,0
15m,1773318600.0,1.3918,1.3924,1.3888,1.3896,428837.19,0.0,0.0,0
15m,1773319500.0,1.3896,1.3923,1.3876,1.3879,337751.38,0.0,0.0,0
15m,1773320400.0,1.3879,1.3893,1.3861,1.3882,139083.02,0.0,0.0,0
15m,1773321300.0,1.3882,1.3882,1.3812,1.384,250618.44,0.0,0.0,0
15m,1773322200.0,1.384,1.3922,1.3816,1.3855,775241.05,0.0,0.0,0
15m,1773323100.0,1.3855,1.3855,1.3772,1.3822,516462.14,0.0,0.0,0
15m,1773324000.0,1.3822,1.3887,1.3815,1.3872,482251.08,0.0,0.0,0
15m,1773324900.0,1.3872,1.3918,1.3781,1.3789,680556.66,0.0,0.0,0
15m,1773325800.0,1.3789,1.3789,1.3678,1.3701,814344.4,0.0,0.0,0
15m,1773326700.0,1.3701,1.375,1.365,1.3692,1071826.84,0.0,0.0,0
15m,1773327600.0,1.3692,1.3732,1.366,1.372,512900.06,0.0,0.0,0
15m,1773328500.0,1.372,1.3808,1.3693,1.3786,439096.85,0.0,0.0,0
15m,1773329400.0,1.3786,1.3841,1.3757,1.3808,420037.54,0.0,0.0,0
15m,1773330300.0,1.3808,1.3832,1.3781,1.3793,415564.47,0.0,0.0,0
15m,1773331200.0,1.3793,1.3811,1.371,1.3735,340960.27,0.0,0.0,0
15m,1773332100.0,1.3735,1.3844,1.3733,1.3775,269407.75,0.0,0.0,0
15m,1773333000.0,1.3775,1.3855,1.3769,1.3842,344213.96,0.0,0.0,0
15m,1773333900.0,1.3842,1.3858,1.3801,1.3819,252695.29,0.0,0.0,0
15m,1773334800.0,1.3819,1.3847,1.3806,1.3828,201611.49,0.0,0.0,0
15m,1773335700.0,1.3828,1.3839,1.3782,1.3791,134335.63,0.0,0.0,0
15m,1773336600.0,1.3791,1.3832,1.3791,1.3817,62555.38,0.0,0.0,0
15m,1773337500.0,1.3817,1.3842,1.3773,1.38,114177.14,0.0,0.0,0
15m,1773338400.0,1.38,1.381,1.377,1.3787,160357.61,0.0,0.0,0
15m,1773339300.0,1.3787,1.3798,1.3735,1.376,118804.43,0.0,0.0,0
15m,1773340200.0,1.376,1.3774,1.3744,1.3748,84439.35,0.0,0.0,0
15m,1773341100.0,1.3748,1.3748,1.3716,1.3719,174051.56,0.0,0.0,0
15m,1773342000.0,1.3719,1.3748,1.3698,1.3729,246153.76,0.0,0.0,0
15m,1773342900.0,1.3729,1.3784,1.3725,1.3779,156052.67,0.0,0.0,0
15m,1773343800.0,1.3779,1.3823,1.3779,1.3793,469261.83,0.0,0.0,0
15m,1773344700.0,1.3793,1.3812,1.3784,1.3788,199717.02,0.0,0.0,0
15m,1773345600.0,1.3788,1.3803,1.3746,1.3752,169157.21,0.0,0.0,0
15m,1773346500.0,1.3752,1.376,1.3721,1.3741,229290.11,0.0,0.0,0
15m,1773347400.0,1.3741,1.3741,1.3722,1.3724,177627.23,0.0,0.0,0
15m,1773348300.0,1.3724,1.3738,1.3714,1.3719,505654.06,0.0,0.0,0
15m,1773349200.0,1.3719,1.3757,1.3719,1.3744,308215.67,0.0,0.0,0
15m,1773350100.0,1.3744,1.3749,1.3724,1.3732,635999.16,0.0,0.0,0
15m,1773351000.0,1.3732,1.3737,1.3716,1.3737,414573.83,0.0,0.0,0
15m,1773351900.0,1.3737,1.3758,1.3736,1.3742,151229.74,0.0,0.0,0
15m,1773352800.0,1.3742,1.3765,1.3734,1.3742,133142.76,0.0,0.0,0
15m,1773353700.0,1.3742,1.3759,1.3723,1.3745,156947.03,0.0,0.0,0
15m,1773354600.0,1.3745,1.3755,1.3728,1.373,105832.69,0.0,0.0,0
15m,1773355500.0,1.373,1.3795,1.3727,1.3791,379719.27,0.0,0.0,0
15m,1773356400.0,1.3791,1.3892,1.379,1.3875,815240.3,0.0,0.0,0
15m,1773357300.0,1.3875,1.3896,1.3844,1.3865,458671.98,0.0,0.0,0
15m,1773358200.0,1.3865,1.3873,1.3849,1.3858,159033.76,0.0,0.0,0
15m,1773359100.0,1.3858,1.3866,1.3836,1.385,119099.1,0.0,0.0,0
15m,1773360000.0,1.385,1.396,1.3833,1.3958,873793.56,0.0,0.0,0
15m,1773360900.0,1.3958,1.4119,1.3957,1.4062,2459984.88,0.0,0.0,0
15m,1773361800.0,1.4062,1.4242,1.4062,1.4107,2779809.12,0.0,0.0,0
15m,1773362700.0,1.4107,1.4119,1.4023,1.4065,806956.77,0.0,0.0,0
15m,1773363600.0,1.4065,1.4165,1.4064,1.4136,1182701.74,0.0,0.0,0
15m,1773364500.0,1.4136,1.4164,1.4087,1.4098,842767.47,0.0,0.0,0
15m,1773365400.0,1.4098,1.4134,1.4043,1.4119,685300.23,0.0,0.0,0
15m,1773366300.0,1.4119,1.4147,1.4112,1.4136,402141.17,0.0,0.0,0
15m,1773367200.0,1.4136,1.4146,1.41,1.4106,630930.81,0.0,0.0,0
15m,1773368100.0,1.4106,1.4118,1.4067,1.4073,437047.77,0.0,0.0,0
15m,1773369000.0,1.4073,1.4075,1.4009,1.4012,325288.82,0.0,0.0,0
15m,1773369900.0,1.4012,1.4046,1.4001,1.4015,317909.58,0.0,0.0,0
15m,1773370800.0,1.4015,1.4067,1.4012,1.4039,293917.29,0.0,0.0,0
15m,1773371700.0,1.4039,1.407,1.402,1.4023,206742.14,0.0,0.0,0
15m,1773372600.0,1.4023,1.4061,1.4002,1.4049,221747.9,0.0,0.0,0
15m,1773373500.0,1.4049,1.4146,1.4043,1.4122,525049.66,0.0,0.0,0
15m,1773374400.0,1.4122,1.414,1.4102,1.4109,406948.09,0.0,0.0,0
15m,1773375300.0,1.4109,1.411,1.4074,1.4081,193718.48,0.0,0.0,0
15m,1773376200.0,1.4081,1.4119,1.4075,1.4118,292635.22,0.0,0.0,0
15m,1773377100.0,1.4118,1.4137,1.4092,1.4114,246980.58,0.0,0.0,0
15m,1773378000.0,1.4114,1.4117,1.4075,1.4083,383355.04,0.0,0.0,0
15m,1773378900.0,1.4083,1.415,1.4081,1.4144,387469.82,0.0,0.0,0
15m,1773379800.0,1.4144,1.4228,1.4143,1.4219,1075347.72,0.0,0.0,0
15m,1773380700.0,1.4219,1.427,1.4205,1.4234,1081993.38,0.0,0.0,0
15m,1773381600.0,1.4234,1.4263,1.4194,1.4205,1338926.37,0.0,0.0,0
15m,1773382500.0,1.4205,1.4223,1.4122,1.4131,836139.81,0.0,0.0,0
15m,1773383400.0,1.4131,1.4165,1.4123,1.4151,665673.86,0.0,0.0,0
15m,1773384300.0,1.4151,1.4159,1.4124,1.4134,315117.83,0.0,0.0,0
15m,1773385200.0,1.4134,1.4177,1.4119,1.4159,516427.7,0.0,0.0,0
15m,1773386100.0,1.4159,1.4206,1.4151,1.4195,379893.89,0.0,0.0,0
15m,1773387000.0,1.4195,1.4206,1.4116,1.4136,680121.17,0.0,0.0,0
15m,1773387900.0,1.4136,1.4168,1.4128,1.4153,222115.04,0.0,0.0,0
15m,1773388800.0,1.4153,1.4199,1.4128,1.4158,473768.26,0.0,0.0,0
15m,1773389700.0,1.4158,1.4224,1.4152,1.4219,420554.89,0.0,0.0,0
15m,1773390600.0,1.4219,1.4339,1.4219,1.4301,1385411.91,0.0,0.0,0
15m,1773391500.0,1.4301,1.4315,1.4257,1.4264,713112.86,0.0,0.0,0
15m,1773392400.0,1.4264,1.4345,1.4262,1.4338,816357.87,0.0,0.0,0
15m,1773393300.0,1.4338,1.437,1.4302,1.432,668870.43,0.0,0.0,0
15m,1773394200.0,1.432,1.4333,1.4268,1.4299,503508.37,0.0,0.0,0
15m,1773395100.0,1.4299,1.4324,1.4282,1.4285,426215.41,0.0,0.0,0
15m,1773396000.0,1.4285,1.4335,1.4285,1.4314,353709.05,0.0,0.0,0
15m,1773396900.0,1.4314,1.4352,1.4291,1.4306,469889.27,0.0,0.0,0
15m,1773397800.0,1.4306,1.4354,1.4299,1.4341,518269.46,0.0,0.0,0
15m,1773398700.0,1.4341,1.4387,1.4323,1.4338,571267.01,0.0,0.0,0
15m,1773399600.0,1.4338,1.4344,1.4262,1.4269,1012659.97,0.0,0.0,0
15m,1773400500.0,1.4269,1.4281,1.4243,1.4247,792789.72,0.0,0.0,0
15m,1773401400.0,1.4247,1.427,1.4239,1.4263,588100.74,0.0,0.0,0
15m,1773402300.0,1.4263,1.4263,1.4194,1.4203,680089.76,0.0,0.0,0
15m,1773403200.0,1.4203,1.4249,1.4199,1.4244,427185.82,0.0,0.0,0
15m,1773404100.0,1.4244,1.4284,1.424,1.4263,308398.7,0.0,0.0,0
15m,1773405000.0,1.4263,1.4313,1.4259,1.4292,651094.78,0.0,0.0,0
15m,1773405900.0,1.4292,1.44,1.4292,1.4336,1114219.4,0.0,0.0,0
15m,1773406800.0,1.4336,1.4382,1.4307,1.4353,559738.35,0.0,0.0,0
15m,1773407700.0,1.4353,1.4462,1.432,1.4378,1554473.63,0.0,0.0,0
15m,1773408600.0,1.4378,1.4473,1.4344,1.4468,1603793.3,0.0,0.0,0
15m,1773409500.0,1.4468,1.4491,1.4417,1.4437,1091710.72,0.0,0.0,0
15m,1773410400.0,1.4437,1.4519,1.4413,1.4479,1428762.96,0.0,0.0,0
15m,1773411300.0,1.4479,1.4529,1.4454,1.4459,1232277.71,0.0,0.0,0
15m,1773412200.0,1.4459,1.4499,1.4349,1.4352,1043063.49,0.0,0.0,0
15m,1773413100.0,1.4352,1.4352,1.4213,1.4225,2002938.06,0.0,0.0,0
15m,1773414000.0,1.4225,1.4261,1.4169,1.4246,1062064.71,0.0,0.0,0
15m,1773414900.0,1.4246,1.4289,1.4188,1.4198,921123.24,0.0,0.0,0
15m,1773415800.0,1.4198,1.4227,1.4084,1.4126,1185276.27,0.0,0.0,0
15m,1773416700.0,1.4126,1.418,1.4069,1.4089,498477.96,0.0,0.0,0
15m,1773417600.0,1.4089,1.4128,1.406,1.4094,423310.31,0.0,0.0,0
15m,1773418500.0,1.4094,1.4105,1.4003,1.4044,966760.82,0.0,0.0,0
15m,1773419400.0,1.4044,1.4119,1.4042,1.4102,489136.53,0.0,0.0,0
15m,1773420300.0,1.4102,1.4149,1.4091,1.4098,603557.17,0.0,0.0,0
15m,1773421200.0,1.4098,1.4106,1.4066,1.4093,225521.99,0.0,0.0,0
15m,1773422100.0,1.4093,1.4126,1.4017,1.4025,535819.63,0.0,0.0,0
15m,1773423000.0,1.4025,1.4033,1.3955,1.3972,674436.34,0.0,0.0,0
15m,1773423900.0,1.3972,1.3978,1.392,1.3942,721154.7,0.0,0.0,0
15m,1773424800.0,1.3942,1.3971,1.3915,1.3971,279570.44,0.0,0.0,0
15m,1773425700.0,1.3971,1.3974,1.39,1.3968,473265.41,0.0,0.0,0
15m,1773426600.0,1.3968,1.4014,1.3965,1.4001,171936.86,0.0,0.0,0
15m,1773427500.0,1.4001,1.4009,1.3963,1.3973,130388.87,0.0,0.0,0
15m,1773428400.0,1.3973,1.4007,1.3961,1.3997,310838.92,0.0,0.0,0
15m,1773429300.0,1.3997,1.4012,1.3973,1.3995,220356.29,0.0,0.0,0
15m,1773430200.0,1.3995,1.4021,1.3994,1.401,166247.2,0.0,0.0,0
15m,1773431100.0,1.401,1.4025,1.3988,1.4013,347268.67,0.0,0.0,0
15m,1773432000.0,1.4013,1.4021,1.3981,1.4015,188748.26,0.0,0.0,0
15m,1773432900.0,1.4015,1.4043,1.401,1.4036,203373.5,0.0,0.0,0
15m,1773433800.0,1.4036,1.4047,1.4025,1.4031,138730.35,0.0,0.0,0
15m,1773434700.0,1.4031,1.4036,1.4018,1.4024,141247.21,0.0,0.0,0
15m,1773435600.0,1.4024,1.406,1.4016,1.4042,506160.34,0.0,0.0,0
15m,1773436500.0,1.4042,1.4042,1.3971,1.3987,300343.32,0.0,0.0,0
15m,1773437400.0,1.3987,1.4028,1.3973,1.3994,253263.54,0.0,0.0,0
15m,1773438300.0,1.3994,1.402,1.3993,1.4006,54545.02,0.0,0.0,0
15m,1773439200.0,1.4006,1.4015,1.3928,1.3974,477337.23,0.0,0.0,0
15m,1773440100.0,1.3974,1.3974,1.3913,1.392,350427.81,0.0,0.0,0
15m,1773441000.0,1.392,1.394,1.3903,1.3928,186423.72,0.0,0.0,0
15m,1773441900.0,1.3928,1.3961,1.3913,1.3948,260402.73,0.0,0.0,0
15m,1773442800.0,1.3948,1.3957,1.3934,1.3955,159074.21,0.0,0.0,0
15m,1773443700.0,1.3955,1.4002,1.3949,1.3996,472909.48,0.0,0.0,0
15m,1773444600.0,1.3996,1.3996,1.3974,1.3983,223535.21,0.0,0.0,0
15m,1773445500.0,1.3983,1.3991,1.3977,1.3989,108564.24,0.0,0.0,0
15m,1773446400.0,1.3989,1.3989,1.3951,1.3969,87075.23,0.0,0.0,0
15m,1773447300.0,1.3969,1.3987,1.396,1.3987,180411.04,0.0,0.0,0
15m,1773448200.0,1.3987,1.3997,1.3938,1.394,162573.82,0.0,0.0,0
15m,1773449100.0,1.394,1.3947,1.3923,1.3943,142459.17,0.0,0.0,0
15m,1773450000.0,1.3943,1.3963,1.3939,1.3956,97858.77,0.0,0.0,0
15m,1773450900.0,1.3956,1.3981,1.3952,1.3977,158024.34,0.0,0.0,0
15m,1773451800.0,1.3977,1.3986,1.3925,1.398,311701.76,0.0,0.0,0
15m,1773452700.0,1.398,1.4012,1.398,1.4001,183791.05,0.0,0.0,0
15m,1773453600.0,1.4001,1.4024,1.3992,1.4017,257504.28,0.0,0.0,0
15m,1773454500.0,1.4017,1.4019,1.3998,1.4001,191983.62,0.0,0.0,0
15m,1773455400.0,1.4001,1.4007,1.3987,1.3987,70589.8,0.0,0.0,0
15m,1773456300.0,1.3987,1.3998,1.3975,1.3983,200923.33,0.0,0.0,0
15m,1773457200.0,1.3983,1.4013,1.397,1.4011,91408.39,0.0,0.0,0
15m,1773458100.0,1.4011,1.4021,1.4,1.4007,106716.93,0.0,0.0,0
15m,1773459000.0,1.4007,1.4034,1.4007,1.4014,233313.5,0.0,0.0,0
15m,1773459900.0,1.4014,1.4014,1.4001,1.4008,166412.11,0.0,0.0,0
15m,1773460800.0,1.4008,1.401,1.3983,1.4004,241170.97,0.0,0.0,0
15m,1773461700.0,1.4004,1.4011,1.3985,1.4006,137561.36,0.0,0.0,0
15m,1773462600.0,1.4006,1.4029,1.3999,1.4026,143447.53,0.0,0.0,0
15m,1773463500.0,1.4026,1.4042,1.3962,1.3979,350507.21,0.0,0.0,0
15m,1773464400.0,1.3979,1.3992,1.3964,1.3982,166664.27,0.0,0.0,0
15m,1773465300.0,1.3982,1.3989,1.3973,1.398,63352.35,0.0,0.0,0
15m,1773466200.0,1.398,1.398,1.3939,1.3957,233887.15,0.0,0.0,0
15m,1773467100.0,1.3957,1.3967,1.3949,1.3952,72922.87,0.0,0.0,0
15m,1773468000.0,1.3952,1.3952,1.3935,1.3941,108708.9,0.0,0.0,0
15m,1773468900.0,1.3941,1.3942,1.39,1.3909,347945.32,0.0,0.0,0
15m,1773469800.0,1.3909,1.3912,1.3844,1.3879,784825.54,0.0,0.0,0
15m,1773470700.0,1.3879,1.3928,1.3876,1.3925,237814.77,0.0,0.0,0
15m,1773471600.0,1.3925,1.3955,1.3919,1.3953,159015.62,0.0,0.0,0
15m,1773472500.0,1.3953,1.3977,1.3944,1.3969,163322.51,0.0,0.0,0
15m,1773473400.0,1.3969,1.3971,1.3931,1.3943,142615.98,0.0,0.0,0
15m,1773474300.0,1.3943,1.3948,1.3929,1.394,75806.5,0.0,0.0,0
15m,1773475200.0,1.394,1.3959,1.3937,1.3956,89880.88,0.0,0.0,0
15m,1773476100.0,1.3956,1.3968,1.3947,1.3968,128917.81,0.0,0.0,0
15m,1773477000.0,1.3968,1.3969,1.3914,1.3927,561672.0,0.0,0.0,0
15m,1773477900.0,1.3927,1.3935,1.3922,1.3934,53408.47,0.0,0.0,0
15m,1773478800.0,1.3934,1.3969,1.3932,1.3968,72993.56,0.0,0.0,0
15m,1773479700.0,1.3968,1.3971,1.3951,1.3955,85230.23,0.0,0.0,0
15m,1773480600.0,1.3955,1.3957,1.3935,1.3936,159240.95,0.0,0.0,0
15m,1773481500.0,1.3936,1.3937,1.3889,1.3899,300548.0,0.0,0.0,0
15m,1773482400.0,1.3899,1.3907,1.3889,1.3907,116331.67,0.0,0.0,0
15m,1773483300.0,1.3907,1.3907,1.3883,1.3897,144558.77,0.0,0.0,0
15m,1773484200.0,1.3897,1.3898,1.3881,1.3882,205978.78,0.0,0.0,0
15m,1773485100.0,1.3882,1.3898,1.3875,1.3894,184081.48,0.0,0.0,0
15m,1773486000.0,1.3894,1.3924,1.389,1.3915,120110.29,0.0,0.0,0
15m,1773486900.0,1.3915,1.3929,1.3908,1.3915,111015.05,0.0,0.0,0
15m,1773487800.0,1.3915,1.3924,1.3905,1.3912,183196.25,0.0,0.0,0
15m,1773488700.0,1.3912,1.3925,1.3912,1.3924,111627.0,0.0,0.0,0
15m,1773489600.0,1.3924,1.3939,1.3913,1.392,191802.87,0.0,0.0,0
15m,1773490500.0,1.392,1.3929,1.3903,1.3904,228251.59,0.0,0.0,0
15m,1773491400.0,1.3904,1.3911,1.388,1.3886,421246.25,0.0,0.0,0
15m,1773492300.0,1.3886,1.3898,1.3882,1.3895,500519.69,0.0,0.0,0
15m,1773493200.0,1.3895,1.3895,1.3882,1.3894,109182.15,0.0,0.0,0
15m,1773494100.0,1.3894,1.3942,1.3894,1.3939,124014.88,0.0,0.0,0
15m,1773495000.0,1.3939,1.3944,1.3927,1.3933,71133.75,0.0,0.0,0
15m,1773495900.0,1.3933,1.3933,1.3908,1.3918,66126.59,0.0,0.0,0
15m,1773496800.0,1.3918,1.3931,1.3901,1.3904,131917.27,0.0,0.0,0
15m,1773497700.0,1.3904,1.3928,1.3897,1.3928,64679.29,0.0,0.0,0
15m,1773498600.0,1.3928,1.3932,1.3875,1.3881,169865.95,0.0,0.0,0
15m,1773499500.0,1.3881,1.3899,1.3881,1.389,180190.0,0.0,0.0,0
15m,1773500400.0,1.389,1.3908,1.3882,1.3899,98741.31,0.0,0.0,0
15m,1773501300.0,1.3899,1.3915,1.3893,1.3915,124515.9,0.0,0.0,0
15m,1773502200.0,1.3915,1.3916,1.3886,1.3895,136193.05,0.0,0.0,0
15m,1773503100.0,1.3895,1.3913,1.3895,1.3903,18795.53,0.0,0.0,0
15m,1773504000.0,1.3903,1.3903,1.3872,1.3889,131184.0,0.0,0.0,0
15m,1773504900.0,1.3889,1.3904,1.3889,1.3901,74760.6,0.0,0.0,0
15m,1773505800.0,1.3901,1.3922,1.3901,1.3912,20970.41,0.0,0.0,0
15m,1773506700.0,1.3912,1.393,1.3902,1.393,17736.78,0.0,0.0,0
15m,1773507600.0,1.393,1.3935,1.3922,1.3932,60721.89,0.0,0.0,0
15m,1773508500.0,1.3932,1.3935,1.3913,1.3924,144034.38,0.0,0.0,0
15m,1773509400.0,1.3924,1.3924,1.3903,1.3905,61911.18,0.0,0.0,0
15m,1773510300.0,1.3905,1.3908,1.3886,1.3897,251847.89,0.0,0.0,0
15m,1773511200.0,1.3897,1.3898,1.3883,1.3892,68093.61,0.0,0.0,0
15m,1773512100.0,1.3892,1.3905,1.3886,1.3905,109963.51,0.0,0.0,0
15m,1773513000.0,1.3905,1.3917,1.3901,1.3912,47839.19,0.0,0.0,0
15m,1773513900.0,1.3912,1.3928,1.391,1.3913,61946.63,0.0,0.0,0
15m,1773514800.0,1.3913,1.3914,1.3898,1.391,45870.52,0.0,0.0,0
15m,1773515700.0,1.391,1.3914,1.3901,1.3903,32660.44,0.0,0.0,0
15m,1773516600.0,1.3903,1.3908,1.3896,1.3906,27656.0,0.0,0.0,0
15m,1773517500.0,1.3906,1.3912,1.3901,1.3902,27902.56,0.0,0.0,0
15m,1773518400.0,1.3902,1.3904,1.3888,1.3891,70297.39,0.0,0.0,0
15m,1773519300.0,1.3891,1.3917,1.389,1.3914,160032.59,0.0,0.0,0
15m,1773520200.0,1.3914,1.3939,1.3913,1.3938,42495.56,0.0,0.0,0
15m,1773521100.0,1.3938,1.3938,1.3919,1.3934,89705.31,0.0,0.0,0
15m,1773522000.0,1.3934,1.3934,1.3911,1.392,310898.03,0.0,0.0,0
15m,1773522900.0,1.392,1.3928,1.3914,1.3921,50905.25,0.0,0.0,0
15m,1773523800.0,1.3921,1.395,1.3921,1.3948,68677.5,0.0,0.0,0
15m,1773524700.0,1.3948,1.3968,1.3944,1.3954,126233.89,0.0,0.0,0
15m,1773525600.0,1.3954,1.3964,1.3942,1.3949,131477.98,0.0,0.0,0
15m,1773526500.0,1.3949,1.3964,1.3943,1.3957,157732.0,0.0,0.0,0
15m,1773527400.0,1.3957,1.3979,1.3954,1.3979,71101.57,0.0,0.0,0
15m,1773528300.0,1.3979,1.3979,1.3963,1.3967,72322.56,0.0,0.0,0
15m,1773529200.0,1.3967,1.4053,1.3967,1.4028,298836.99,0.0,0.0,0
15m,1773530100.0,1.4028,1.4044,1.4007,1.4041,147634.64,0.0,0.0,0
15m,1773531000.0,1.4041,1.4051,1.4021,1.4044,221728.68,0.0,0.0,0
15m,1773531900.0,1.4044,1.4085,1.404,1.4062,181981.03,0.0,0.0,0
15m,1773532800.0,1.4062,1.4093,1.406,1.4069,206214.5,0.0,0.0,0
15m,1773533700.0,1.4069,1.4093,1.4043,1.4068,211571.48,0.0,0.0,0
15m,1773534600.0,1.4068,1.4077,1.4033,1.4038,100827.34,0.0,0.0,0
15m,1773535500.0,1.4038,1.4054,1.4023,1.4053,70299.09,0.0,0.0,0
15m,1773536400.0,1.4053,1.4079,1.4029,1.4035,87079.44,0.0,0.0,0
15m,1773537300.0,1.4035,1.4052,1.4023,1.404,74045.22,0.0,0.0,0
15m,1773538200.0,1.404,1.4048,1.4025,1.4034,67522.51,0.0,0.0,0
15m,1773539100.0,1.4034,1.4054,1.4025,1.4051,47515.92,0.0,0.0,0
15m,1773540000.0,1.4051,1.4165,1.405,1.4153,656540.23,0.0,0.0,0
15m,1773540900.0,1.4153,1.4172,1.4139,1.4157,193363.31,0.0,0.0,0
15m,1773541800.0,1.4157,1.4182,1.4122,1.4177,221185.89,0.0,0.0,0
15m,1773542700.0,1.4177,1.4196,1.414,1.4159,571745.17,0.0,0.0,0
15m,1773543600.0,1.4159,1.4202,1.4158,1.419,176737.75,0.0,0.0,0
15m,1773544500.0,1.419,1.4191,1.4141,1.4149,199326.77,0.0,0.0,0
15m,1773545400.0,1.4149,1.417,1.4134,1.4142,146399.93,0.0,0.0,0
15m,1773546300.0,1.4142,1.4142,1.4117,1.412,200743.09,0.0,0.0,0
15m,1773547200.0,1.412,1.4179,1.412,1.4176,165796.69,0.0,0.0,0
15m,1773548100.0,1.4176,1.4183,1.4127,1.4147,301966.83,0.0,0.0,0
15m,1773549000.0,1.4147,1.4164,1.4137,1.416,93916.56,0.0,0.0,0
15m,1773549900.0,1.416,1.4171,1.4147,1.417,136673.11,0.0,0.0,0
15m,1773550800.0,1.417,1.4172,1.4149,1.4149,42607.11,0.0,0.0,0
15m,1773551700.0,1.4149,1.4212,1.4142,1.4176,315640.91,0.0,0.0,0
15m,1773552600.0,1.4176,1.4196,1.4162,1.4185,146126.27,0.0,0.0,0
15m,1773553500.0,1.4185,1.4186,1.4141,1.4141,97789.76,0.0,0.0,0
15m,1773554400.0,1.4141,1.4159,1.4136,1.4145,59272.42,0.0,0.0,0
15m,1773555300.0,1.4145,1.4148,1.4095,1.4099,191312.12,0.0,0.0,0
15m,1773556200.0,1.4099,1.4099,1.4056,1.4088,202159.87,0.0,0.0,0
15m,1773557100.0,1.4088,1.4109,1.4088,1.4103,91876.43,0.0,0.0,0
15m,1773558000.0,1.4103,1.412,1.4077,1.4103,97509.19,0.0,0.0,0
15m,1773558900.0,1.4103,1.4109,1.409,1.409,56627.15,0.0,0.0,0
15m,1773559800.0,1.409,1.4091,1.4065,1.4068,51143.49,0.0,0.0,0
15m,1773560700.0,1.4068,1.408,1.4064,1.4077,76406.01,0.0,0.0,0
15m,1773561600.0,1.4077,1.4115,1.4077,1.4108,96892.39,0.0,0.0,0
15m,1773562500.0,1.4108,1.4128,1.4097,1.4097,80580.54,0.0,0.0,0
15m,1773563400.0,1.4097,1.4104,1.4087,1.4103,64617.15,0.0,0.0,0
15m,1773564300.0,1.4103,1.4134,1.4103,1.4131,63893.84,0.0,0.0,0
15m,1773565200.0,1.4131,1.4169,1.4131,1.4147,172895.03,0.0,0.0,0
15m,1773566100.0,1.4147,1.4186,1.4145,1.4165,106583.4,0.0,0.0,0
15m,1773567000.0,1.4165,1.4172,1.4147,1.4147,52853.31,0.0,0.0,0
15m,1773567900.0,1.4147,1.4162,1.4142,1.4148,93328.91,0.0,0.0,0
15m,1773568800.0,1.4148,1.416,1.4142,1.4156,60877.26,0.0,0.0,0
15m,1773569700.0,1.4156,1.4178,1.4149,1.4159,35972.72,0.0,0.0,0
15m,1773570600.0,1.4159,1.4172,1.4149,1.415,40216.39,0.0,0.0,0
15m,1773571500.0,1.415,1.4169,1.415,1.4163,69148.57,0.0,0.0,0
15m,1773572400.0,1.4163,1.4163,1.4147,1.4151,83368.49,0.0,0.0,0
15m,1773573300.0,1.4151,1.4167,1.415,1.4151,128498.27,0.0,0.0,0
15m,1773574200.0,1.4151,1.4155,1.4139,1.4154,149526.55,0.0,0.0,0
15m,1773575100.0,1.4154,1.4206,1.4153,1.4197,388943.01,0.0,0.0,0
15m,1773576000.0,1.4197,1.4197,1.4162,1.4174,121876.69,0.0,0.0,0
15m,1773576900.0,1.4174,1.4178,1.415,1.4173,88860.88,0.0,0.0,0
15m,1773577800.0,1.4173,1.4228,1.417,1.4193,610325.34,0.0,0.0,0
15m,1773578700.0,1.4193,1.425,1.4193,1.4237,510732.58,0.0,0.0,0
15m,1773579600.0,1.4237,1.43,1.4176,1.4225,1315839.64,0.0,0.0,0
15m,1773580500.0,1.4225,1.4273,1.4159,1.4238,741288.49,0.0,0.0,0
15m,1773581400.0,1.4238,1.4255,1.4164,1.42,357260.67,0.0,0.0,0
15m,1773582300.0,1.42,1.4236,1.4187,1.423,213843.17,0.0,0.0,0
15m,1773583200.0,1.423,1.4248,1.4213,1.4238,128175.35,0.0,0.0,0
15m,1773584100.0,1.4238,1.4238,1.4175,1.4183,236506.48,0.0,0.0,0
15m,1773585000.0,1.4183,1.4183,1.4129,1.4151,260450.92,0.0,0.0,0
15m,1773585900.0,1.4151,1.4177,1.4139,1.4177,216380.7,0.0,0.0,0
15m,1773586800.0,1.4177,1.4225,1.4168,1.4215,102259.01,0.0,0.0,0
15m,1773587700.0,1.4215,1.4223,1.4156,1.416,119746.75,0.0,0.0,0
15m,1773588600.0,1.416,1.4195,1.415,1.4189,109254.38,0.0,0.0,0
15m,1773589500.0,1.4189,1.4189,1.4152,1.4157,57332.9,0.0,0.0,0
15m,1773590400.0,1.4157,1.4182,1.4146,1.416,47068.63,0.0,0.0,0
15m,1773591300.0,1.416,1.416,1.4092,1.414,174736.62,0.0,0.0,0
15m,1773592200.0,1.414,1.4164,1.4116,1.4142,82283.03,0.0,0.0,0
15m,1773593100.0,1.4142,1.415,1.4113,1.4127,215526.48,0.0,0.0,0
15m,1773594000.0,1.4127,1.4176,1.412,1.4157,74619.68,0.0,0.0,0
15m,1773594900.0,1.4157,1.4158,1.4139,1.4141,56210.97,0.0,0.0,0
15m,1773595800.0,1.4141,1.4146,1.4128,1.4142,31444.04,0.0,0.0,0
15m,1773596700.0,1.4142,1.4239,1.4133,1.4191,447124.26,0.0,0.0,0
15m,1773597600.0,1.4191,1.4208,1.4182,1.4185,116958.42,0.0,0.0,0
15m,1773598500.0,1.4185,1.4192,1.4176,1.4177,67514.41,0.0,0.0,0
15m,1773599400.0,1.4177,1.4199,1.4177,1.4182,35938.77,0.0,0.0,0
15m,1773600300.0,1.4182,1.4184,1.4091,1.4107,271600.82,0.0,0.0,0
15m,1773601200.0,1.4107,1.4138,1.4098,1.4135,143733.0,0.0,0.0,0
15m,1773602100.0,1.4135,1.4152,1.412,1.4143,43709.62,0.0,0.0,0
15m,1773603000.0,1.4143,1.4149,1.4121,1.4121,62769.62,0.0,0.0,0
15m,1773603900.0,1.4121,1.4135,1.4113,1.4127,65241.27,0.0,0.0,0
15m,1773604800.0,1.4127,1.4127,1.4106,1.411,87351.53,0.0,0.0,0
15m,1773605700.0,1.411,1.4129,1.4107,1.4128,140074.42,0.0,0.0,0
15m,1773606600.0,1.4128,1.4231,1.4128,1.4199,249402.86,0.0,0.0,0
15m,1773607500.0,1.4199,1.4205,1.4173,1.4176,64873.27,0.0,0.0,0
15m,1773608400.0,1.4176,1.4188,1.4149,1.4156,143860.19,0.0,0.0,0
15m,1773609300.0,1.4156,1.4205,1.4156,1.4189,68740.83,0.0,0.0,0
15m,1773610200.0,1.4189,1.4314,1.4188,1.4269,525776.92,0.0,0.0,0
15m,1773611100.0,1.4269,1.4291,1.4251,1.4273,454617.62,0.0,0.0,0
15m,1773612000.0,1.4273,1.4361,1.4236,1.4248,883557.7,0.0,0.0,0
15m,1773612900.0,1.4248,1.43,1.4228,1.4294,234737.62,0.0,0.0,0
15m,1773613800.0,1.4294,1.4579,1.4291,1.4517,3435681.47,0.0,0.0,0
15m,1773614700.0,1.4517,1.4645,1.4516,1.4542,1894022.82,0.0,0.0,0
15m,1773615600.0,1.4542,1.4577,1.4485,1.4503,1300452.33,0.0,0.0,0
15m,1773616500.0,1.4503,1.4513,1.4393,1.4424,973290.74,0.0,0.0,0
15m,1773617400.0,1.4424,1.4491,1.4397,1.4474,547192.45,0.0,0.0,0
15m,1773618300.0,1.4474,1.4494,1.4451,1.4488,302011.56,0.0,0.0,0
15m,1773619200.0,1.4488,1.4579,1.4488,1.4506,1272360.08,0.0,0.0,0
15m,1773620100.0,1.4506,1.4562,1.4474,1.4476,510592.62,0.0,0.0,0
15m,1773621000.0,1.4476,1.4502,1.4441,1.4451,476390.66,0.0,0.0,0
15m,1773621900.0,1.4451,1.4485,1.4449,1.4467,103925.88,0.0,0.0,0
15m,1773622800.0,1.4467,1.4498,1.4409,1.4412,214361.66,0.0,0.0,0
15m,1773623700.0,1.4412,1.4477,1.4381,1.4451,379258.18,0.0,0.0,0
15m,1773624600.0,1.4451,1.4451,1.4392,1.4425,222762.92,0.0,0.0,0
15m,1773625500.0,1.4425,1.4501,1.4425,1.447,286934.28,0.0,0.0,0
15m,1773626400.0,1.447,1.4492,1.4426,1.443,162523.56,0.0,0.0,0
15m,1773627300.0,1.443,1.4435,1.436,1.4369,426717.01,0.0,0.0,0
15m,1773628200.0,1.4369,1.4389,1.4363,1.4385,109775.32,0.0,0.0,0
15m,1773629100.0,1.4385,1.4458,1.4385,1.4431,181696.97,0.0,0.0,0
15m,1773630000.0,1.4431,1.4456,1.4402,1.4446,179723.01,0.0,0.0,0
15m,1773630900.0,1.4446,1.4542,1.4435,1.4532,911414.66,0.0,0.0,0
15m,1773631800.0,1.4532,1.4801,1.4532,1.4705,4180837.64,0.0,0.0,0
15m,1773632700.0,1.4705,1.4723,1.4645,1.4677,606839.16,0.0,0.0,0
15m,1773633600.0,1.4677,1.4757,1.4677,1.4746,469100.08,0.0,0.0,0
15m,1773634500.0,1.4746,1.4784,1.469,1.4695,767755.13,0.0,0.0,0
15m,1773635400.0,1.4695,1.4773,1.4676,1.477,772722.32,0.0,0.0,0
15m,1773636300.0,1.477,1.4864,1.475,1.4801,1614194.4,0.0,0.0,0
15m,1773637200.0,1.4801,1.4848,1.4751,1.4806,560459.59,0.0,0.0,0
15m,1773638100.0,1.4806,1.4816,1.4772,1.4801,407336.68,0.0,0.0,0
15m,1773639000.0,1.4801,1.4838,1.4743,1.4832,613102.92,0.0,0.0,0
15m,1773639900.0,1.4832,1.4847,1.4788,1.4815,609838.25,0.0,0.0,0
15m,1773640800.0,1.4815,1.4815,1.4735,1.4764,387854.38,0.0,0.0,0
15m,1773641700.0,1.4764,1.4814,1.4761,1.4773,588041.02,0.0,0.0,0
15m,1773642600.0,1.4773,1.4816,1.4752,1.4796,594115.29,0.0,0.0,0
15m,1773643500.0,1.4796,1.4796,1.4767,1.4768,135891.25,0.0,0.0,0
15m,1773644400.0,1.4768,1.4876,1.476,1.4847,1331627.28,0.0,0.0,0
15m,1773645300.0,1.4847,1.4885,1.4812,1.4831,768711.46,0.0,0.0,0
15m,1773646200.0,1.4831,1.4843,1.4785,1.4831,434681.49,0.0,0.0,0
15m,1773647100.0,1.4831,1.486,1.4811,1.483,1017954.51,0.0,0.0,0
15m,1773648000.0,1.483,1.4899,1.4813,1.4814,969150.62,0.0,0.0,0
15m,1773648900.0,1.4814,1.4846,1.4779,1.4784,518414.03,0.0,0.0,0
15m,1773649800.0,1.4784,1.4789,1.4659,1.4665,881544.98,0.0,0.0,0
15m,1773650700.0,1.4665,1.4714,1.4646,1.4684,711947.48,0.0,0.0,0
15m,1773651600.0,1.4684,1.4712,1.4672,1.4697,315507.63,0.0,0.0,0
15m,1773652500.0,1.4697,1.4714,1.4678,1.4686,654442.71,0.0,0.0,0
15m,1773653400.0,1.4686,1.4696,1.4664,1.4682,225202.06,0.0,0.0,0
15m,1773654300.0,1.4682,1.476,1.4682,1.4741,481109.61,0.0,0.0,0
15m,1773655200.0,1.4741,1.4763,1.4721,1.473,323089.17,0.0,0.0,0
15m,1773656100.0,1.473,1.4748,1.4711,1.4719,153519.42,0.0,0.0,0
15m,1773657000.0,1.4719,1.472,1.4669,1.4684,322983.65,0.0,0.0,0
15m,1773657900.0,1.4684,1.4759,1.4678,1.475,346763.61,0.0,0.0,0
15m,1773658800.0,1.475,1.4756,1.4721,1.4723,210643.75,0.0,0.0,0
15m,1773659700.0,1.4723,1.4735,1.4671,1.4672,335152.6,0.0,0.0,0
15m,1773660600.0,1.4672,1.4718,1.4668,1.4708,160830.84,0.0,0.0,0
15m,1773661500.0,1.4708,1.4719,1.4696,1.4698,112216.18,0.0,0.0,0
15m,1773662400.0,1.4698,1.4767,1.4696,1.4738,1003413.31,0.0,0.0,0
15m,1773663300.0,1.4738,1.4804,1.4715,1.4796,666987.55,0.0,0.0,0
15m,1773664200.0,1.4796,1.4807,1.475,1.4778,356476.22,0.0,0.0,0
15m,1773665100.0,1.4778,1.4789,1.4751,1.4762,170344.66,0.0,0.0,0
15m,1773666000.0,1.4762,1.4803,1.4747,1.4794,239435.65,0.0,0.0,0
15m,1773666900.0,1.4794,1.4798,1.4766,1.4793,157788.47,0.0,0.0,0
15m,1773667800.0,1.4793,1.4925,1.477,1.4842,1181154.6,0.0,0.0,0
15m,1773668700.0,1.4842,1.49,1.4777,1.4824,720497.53,0.0,0.0,0
15m,1773669600.0,1.4824,1.4896,1.48,1.488,485889.27,0.0,0.0,0
15m,1773670500.0,1.488,1.4908,1.4797,1.4801,513683.22,0.0,0.0,0
15m,1773671400.0,1.4801,1.4832,1.4716,1.4765,1317168.75,0.0,0.0,0
15m,1773672300.0,1.4765,1.5094,1.4757,1.5093,2017040.18,0.0,0.0,0
15m,1773673200.0,1.5093,1.5132,1.4959,1.5085,2974143.92,0.0,0.0,0
15m,1773674100.0,1.5085,1.5148,1.5029,1.5108,936469.16,0.0,0.0,0
15m,1773675000.0,1.5108,1.5169,1.498,1.4991,620710.28,0.0,0.0,0
15m,1773675900.0,1.4991,1.5036,1.4924,1.493,498160.24,0.0,0.0,0
15m,1773676800.0,1.493,1.5002,1.4918,1.4937,519658.8,0.0,0.0,0
15m,1773677700.0,1.4937,1.5004,1.4925,1.5003,390146.44,0.0,0.0,0
15m,1773678600.0,1.5003,1.5068,1.4984,1.5035,407943.55,0.0,0.0,0
15m,1773679500.0,1.5035,1.5113,1.5016,1.5086,573221.55,0.0,0.0,0
15m,1773680400.0,1.5086,1.5124,1.5054,1.5084,728953.01,0.0,0.0,0
15m,1773681300.0,1.5084,1.5104,1.5063,1.5088,282322.39,0.0,0.0,0
15m,1773682200.0,1.5088,1.5178,1.5061,1.514,832173.83,0.0,0.0,0
15m,1773683100.0,1.514,1.5194,1.5131,1.5185,515948.93,0.0,0.0,0
15m,1773684000.0,1.5185,1.5281,1.5164,1.525,762712.85,0.0,0.0,0
15m,1773684900.0,1.525,1.5443,1.5233,1.5414,2082354.79,0.0,0.0,0
15m,1773685800.0,1.5414,1.5424,1.5321,1.5387,951035.81,0.0,0.0,0
15m,1773686700.0,1.5387,1.5399,1.5326,1.5354,640859.23,0.0,0.0,0
15m,1773687600.0,1.5354,1.5426,1.529,1.5388,608775.34,0.0,0.0,0
15m,1773688500.0,1.5388,1.5423,1.5303,1.5354,347392.56,0.0,0.0,0
15m,1773689400.0,1.5354,1.5371,1.5299,1.53,257028.46,0.0,0.0,0
15m,1773690300.0,1.53,1.5329,1.521,1.53,843933.33,0.0,0.0,0
15m,1773691200.0,1.53,1.5304,1.5248,1.5269,389164.6,0.0,0.0,0
15m,1773692100.0,1.5269,1.5299,1.5247,1.5284,217000.06,0.0,0.0,0
15m,1773693000.0,1.5284,1.531,1.5236,1.5245,214149.71,0.0,0.0,0
15m,1773693900.0,1.5245,1.5293,1.5238,1.5281,191182.6,0.0,0.0,0
15m,1773694800.0,1.5281,1.5343,1.5264,1.5308,781423.55,0.0,0.0,0
15m,1773695700.0,1.5308,1.5325,1.5263,1.5289,300139.65,0.0,0.0,0
15m,1773696600.0,1.5289,1.5406,1.5278,1.5316,527919.8,0.0,0.0,0
15m,1773697500.0,1.5316,1.5364,1.528,1.5281,298939.23,0.0,0.0,0
15m,1773698400.0,1.5281,1.5418,1.5281,1.5415,490661.74,0.0,0.0,0
15m,1773699300.0,1.5415,1.5432,1.5351,1.5387,402752.93,0.0,0.0,0
15m,1773700200.0,1.5387,1.5448,1.5379,1.5446,214952.66,0.0,0.0,0
15m,1773701100.0,1.5446,1.5522,1.544,1.5515,608628.29,0.0,0.0,0
15m,1773702000.0,1.5515,1.5515,1.5373,1.5407,741965.88,0.0,0.0,0
15m,1773702900.0,1.5407,1.547,1.5405,1.5467,234367.44,0.0,0.0,0
15m,1773703800.0,1.5467,1.5518,1.545,1.5496,417332.59,0.0,0.0,0
15m,1773704700.0,1.5496,1.5513,1.5411,1.5428,207452.96,0.0,0.0,0
15m,1773705600.0,1.5428,1.5545,1.5358,1.5514,1653135.31,0.0,0.0,0
15m,1773706500.0,1.5514,1.5545,1.5344,1.5404,1358937.64,0.0,0.0,0
15m,1773707400.0,1.5404,1.5456,1.5362,1.5382,667990.04,0.0,0.0,0
15m,1773708300.0,1.5382,1.5455,1.5363,1.5453,433220.49,0.0,0.0,0
15m,1773709200.0,1.5453,1.5734,1.5442,1.5649,2602013.63,0.0,0.0,0
15m,1773710100.0,1.5649,1.5749,1.5576,1.5741,1181837.32,0.0,0.0,0
15m,1773711000.0,1.5741,1.5779,1.5596,1.565,2443609.85,0.0,0.0,0
15m,1773711900.0,1.565,1.5716,1.5616,1.5707,960971.08,0.0,0.0,0
15m,1773712800.0,1.5707,1.5782,1.5606,1.5722,2268909.69,0.0,0.0,0
15m,1773713700.0,1.5722,1.5792,1.5661,1.5679,818384.21,0.0,0.0,0
15m,1773714600.0,1.5679,1.5994,1.5679,1.5984,2064746.12,0.0,0.0,0
15m,1773715500.0,1.5984,1.6069,1.5931,1.5939,1935282.33,0.0,0.0,0
15m,1773716400.0,1.5939,1.5953,1.5769,1.5781,1086199.87,0.0,0.0,0
15m,1773717300.0,1.5781,1.5791,1.5644,1.5651,806956.3,0.0,0.0,0
15m,1773718200.0,1.5651,1.5656,1.5417,1.5437,1739087.46,0.0,0.0,0
15m,1773719100.0,1.5437,1.5451,1.5343,1.5443,2088819.32,0.0,0.0,0
15m,1773720000.0,1.5443,1.5513,1.541,1.5504,1701069.26,0.0,0.0,0
15m,1773720900.0,1.5504,1.5526,1.5384,1.5396,1342549.43,0.0,0.0,0
15m,1773721800.0,1.5396,1.5422,1.5237,1.5281,1761829.5,0.0,0.0,0
15m,1773722700.0,1.5281,1.5332,1.5276,1.5301,480292.59,0.0,0.0,0
15m,1773723600.0,1.5301,1.532,1.5237,1.525,431117.37,0.0,0.0,0
15m,1773724500.0,1.525,1.531,1.5245,1.5296,304269.06,0.0,0.0,0
15m,1773725400.0,1.5296,1.5296,1.5129,1.5144,794345.27,0.0,0.0,0
15m,1773726300.0,1.5144,1.5177,1.5106,1.5154,625835.55,0.0,0.0,0
15m,1773727200.0,1.5154,1.5167,1.5049,1.5166,809335.59,0.0,0.0,0
15m,1773728100.0,1.5166,1.5228,1.5144,1.5211,403856.04,0.0,0.0,0
15m,1773729000.0,1.5211,1.5231,1.5149,1.5156,550373.91,0.0,0.0,0
15m,1773729900.0,1.5156,1.5188,1.513,1.517,497518.18,0.0,0.0,0
15m,1773730800.0,1.517,1.5281,1.5166,1.5266,808156.9,0.0,0.0,0
15m,1773731700.0,1.5266,1.5432,1.5263,1.5385,1234130.8,0.0,0.0,0
15m,1773732600.0,1.5385,1.5385,1.5321,1.5337,438488.83,0.0,0.0,0
15m,1773733500.0,1.5337,1.5347,1.5297,1.5301,199517.93,0.0,0.0,0
15m,1773734400.0,1.5301,1.5331,1.5255,1.5301,483564.79,0.0,0.0,0
15m,1773735300.0,1.5301,1.5318,1.5256,1.5294,236034.95,0.0,0.0,0
15m,1773736200.0,1.5294,1.5313,1.5262,1.5289,356593.1,0.0,0.0,0
15m,1773737100.0,1.5289,1.5289,1.5196,1.5209,478426.0,0.0,0.0,0
15m,1773738000.0,1.5209,1.5214,1.5145,1.5149,497879.65,0.0,0.0,0
15m,1773738900.0,1.5149,1.5246,1.513,1.5218,1140851.23,0.0,0.0,0
15m,1773739800.0,1.5218,1.5218,1.5164,1.5173,374299.1,0.0,0.0,0
15m,1773740700.0,1.5173,1.5175,1.5088,1.5125,533585.53,0.0,0.0,0
15m,1773741600.0,1.5125,1.5126,1.5045,1.5066,592770.79,0.0,0.0,0
15m,1773742500.0,1.5066,1.5115,1.5022,1.5092,363440.31,0.0,0.0,0
15m,1773743400.0,1.5092,1.5117,1.5075,1.5108,325116.97,0.0,0.0,0
15m,1773744300.0,1.5108,1.5118,1.5077,1.509,381424.95,0.0,0.0,0
15m,1773745200.0,1.509,1.5139,1.5074,1.5133,714946.87,0.0,0.0,0
15m,1773746100.0,1.5133,1.5178,1.5121,1.516,778554.15,0.0,0.0,0
15m,1773747000.0,1.516,1.5185,1.5138,1.5138,427348.56,0.0,0.0,0
15m,1773747900.0,1.5138,1.5163,1.5092,1.5096,563416.03,0.0,0.0,0
15m,1773748800.0,1.5096,1.5138,1.5055,1.5092,1251020.19,0.0,0.0,0
15m,1773749700.0,1.5092,1.5148,1.5044,1.5077,533954.48,0.0,0.0,0
15m,1773750600.0,1.5077,1.5088,1.5016,1.5071,369471.93,0.0,0.0,0
15m,1773751500.0,1.5071,1.5071,1.5017,1.5049,341938.75,0.0,0.0,0
15m,1773752400.0,1.5049,1.5094,1.5046,1.508,294819.61,0.0,0.0,0
15m,1773753300.0,1.508,1.51,1.5058,1.5074,186596.73,0.0,0.0,0
15m,1773754200.0,1.5074,1.5177,1.5015,1.5054,3934568.57,0.0,0.0,0
15m,1773755100.0,1.5054,1.5122,1.4954,1.5035,2350367.13,0.0,0.0,0
15m,1773756000.0,1.5035,1.5037,1.4939,1.5016,926071.57,0.0,0.0,0
15m,1773756900.0,1.5016,1.5083,1.4959,1.5066,533675.61,0.0,0.0,0
15m,1773757800.0,1.5066,1.5114,1.505,1.5071,453952.48,0.0,0.0,0
15m,1773758700.0,1.5071,1.5135,1.5061,1.5124,711248.28,0.0,0.0,0
15m,1773759600.0,1.5124,1.5219,1.5078,1.5091,786751.21,0.0,0.0,0
15m,1773760500.0,1.5091,1.5157,1.5083,1.5104,334493.92,0.0,0.0,0
15m,1773761400.0,1.5104,1.5142,1.5029,1.508,577468.44,0.0,0.0,0
15m,1773762300.0,1.508,1.5158,1.5052,1.5136,272234.65,0.0,0.0,0
15m,1773763200.0,1.5136,1.516,1.5122,1.5127,276153.59,0.0,0.0,0
15m,1773764100.0,1.5127,1.5422,1.5118,1.5219,4035915.2,0.0,0.0,0
15m,1773765000.0,1.5219,1.5246,1.5001,1.5173,4295102.57,0.0,0.0,0
15m,1773765900.0,1.5173,1.5205,1.5138,1.5186,245005.58,0.0,0.0,0
15m,1773766800.0,1.5186,1.5236,1.5172,1.5214,311203.61,0.0,0.0,0
15m,1773767700.0,1.5214,1.5304,1.5202,1.5263,827966.97,0.0,0.0,0
15m,1773768600.0,1.5263,1.5286,1.5237,1.5284,286891.27,0.0,0.0,0
15m,1773769500.0,1.5284,1.5316,1.5269,1.5308,269100.57,0.0,0.0,0
15m,1773770400.0,1.5308,1.5319,1.5275,1.5276,173688.14,0.0,0.0,0
15m,1773771300.0,1.5276,1.5308,1.5253,1.5276,222106.34,0.0,0.0,0
15m,1773772200.0,1.5276,1.5369,1.5272,1.5352,452353.75,0.0,0.0,0
15m,1773773100.0,1.5352,1.5382,1.5325,1.5363,323488.01,0.0,0.0,0
15m,1773774000.0,1.5363,1.538,1.5335,1.5341,245037.55,0.0,0.0,0
15m,1773774900.0,1.5341,1.5363,1.5314,1.5335,175337.63,0.0,0.0,0
15m,1773775800.0,1.5335,1.5408,1.5314,1.5382,226169.11,0.0,0.0,0
15m,1773776700.0,1.5382,1.5385,1.5301,1.5333,451593.31,0.0,0.0,0
15m,1773777600.0,1.5333,1.5357,1.5283,1.5284,204614.47,0.0,0.0,0
15m,1773778500.0,1.5284,1.5352,1.5283,1.5345,168500.16,0.0,0.0,0
15m,1773779400.0,1.5345,1.5352,1.532,1.5337,64240.22,0.0,0.0,0
15m,1773780300.0,1.5337,1.5348,1.5323,1.5329,81532.68,0.0,0.0,0
15m,1773781200.0,1.5329,1.5358,1.5271,1.5348,297697.45,0.0,0.0,0
15m,1773782100.0,1.5348,1.5358,1.5295,1.5304,148783.27,0.0,0.0,0
15m,1773783000.0,1.5304,1.5343,1.527,1.5332,202527.82,0.0,0.0,0
15m,1773783900.0,1.5332,1.5342,1.5292,1.5298,132411.04,0.0,0.0,0
15m,1773784800.0,1.5298,1.5365,1.5288,1.5326,169110.92,0.0,0.0,0
15m,1773785700.0,1.5326,1.5343,1.5271,1.5283,215171.74,0.0,0.0,0
15m,1773786600.0,1.5283,1.5286,1.5205,1.5254,338511.88,0.0,0.0,0
15m,1773787500.0,1.5254,1.5286,1.5247,1.5277,128193.59,0.0,0.0,0
15m,1773788400.0,1.5277,1.5307,1.5261,1.5286,87576.39,0.0,0.0,0
15m,1773789300.0,1.5286,1.5288,1.5224,1.5253,313446.27,0.0,0.0,0
15m,1773790200.0,1.5253,1.5253,1.5179,1.5185,436841.71,0.0,0.0,0
15m,1773791100.0,1.5185,1.5205,1.5175,1.5181,187775.29,0.0,0.0,0
15m,1773792000.0,1.5181,1.5213,1.5165,1.5172,208562.8,0.0,0.0,0
15m,1773792900.0,1.5172,1.5179,1.5124,1.5127,476684.25,0.0,0.0,0
15m,1773793800.0,1.5127,1.5127,1.509,1.512,677495.01,0.0,0.0,0
15m,1773794700.0,1.512,1.5169,1.512,1.5154,285164.88,0.0,0.0,0
15m,1773795600.0,1.5154,1.5219,1.5154,1.5202,285973.06,0.0,0.0,0
15m,1773796500.0,1.5202,1.5222,1.5183,1.5188,316585.76,0.0,0.0,0
15m,1773797400.0,1.5188,1.5232,1.5171,1.5182,641940.54,0.0,0.0,0
15m,1773798300.0,1.5182,1.5204,1.514,1.5154,387506.0,0.0,0.0,0
15m,1773799200.0,1.5154,1.5253,1.5148,1.5249,204976.09,0.0,0.0,0
15m,1773800100.0,1.5249,1.5254,1.5217,1.5224,93063.07,0.0,0.0,0
15m,1773801000.0,1.5224,1.5311,1.5224,1.5284,532857.61,0.0,0.0,0
15m,1773801900.0,1.5284,1.5302,1.5261,1.5264,251973.41,0.0,0.0,0
15m,1773802800.0,1.5264,1.5305,1.5257,1.5269,222679.6,0.0,0.0,0
15m,1773803700.0,1.5269,1.5356,1.5269,1.5348,307722.19,0.0,0.0,0
15m,1773804600.0,1.5348,1.5397,1.533,1.5356,340172.83,0.0,0.0,0
15m,1773805500.0,1.5356,1.5389,1.5332,1.5389,267210.44,0.0,0.0,0
15m,1773806400.0,1.5389,1.5412,1.535,1.538,303938.56,0.0,0.0,0
15m,1773807300.0,1.538,1.5404,1.5267,1.5268,1066803.66,0.0,0.0,0
15m,1773808200.0,1.5268,1.5272,1.5237,1.5252,234600.76,0.0,0.0,0
15m,1773809100.0,1.5252,1.5267,1.5248,1.5267,64992.29,0.0,0.0,0
15m,1773810000.0,1.5267,1.5353,1.5262,1.5344,178397.37,0.0,0.0,0
15m,1773810900.0,1.5344,1.5373,1.5292,1.5295,96613.34,0.0,0.0,0
15m,1773811800.0,1.5295,1.5321,1.527,1.5276,226289.89,0.0,0.0,0
15m,1773812700.0,1.5276,1.5296,1.5217,1.5234,570390.62,0.0,0.0,0
15m,1773813600.0,1.5234,1.5268,1.5234,1.5264,116520.27,0.0,0.0,0
15m,1773814500.0,1.5264,1.5305,1.5242,1.5292,114268.1,0.0,0.0,0
15m,1773815400.0,1.5292,1.5307,1.5245,1.5252,195635.03,0.0,0.0,0
15m,1773816300.0,1.5252,1.5271,1.5245,1.5247,62379.21,0.0,0.0,0
15m,1773817200.0,1.5247,1.5247,1.5192,1.5221,201886.45,0.0,0.0,0
15m,1773818100.0,1.5221,1.5228,1.5172,1.5187,155324.77,0.0,0.0,0
15m,1773819000.0,1.5187,1.5187,1.5155,1.5158,264044.14,0.0,0.0,0
15m,1773819900.0,1.5158,1.5202,1.5149,1.5199,162069.5,0.0,0.0,0
15m,1773820800.0,1.5199,1.5253,1.5193,1.5232,195527.2,0.0,0.0,0
15m,1773821700.0,1.5232,1.5245,1.5218,1.5237,207038.6,0.0,0.0,0
15m,1773822600.0,1.5237,1.5247,1.521,1.5226,108418.91,0.0,0.0,0
15m,1773823500.0,1.5226,1.5239,1.5211,1.5224,100031.36,0.0,0.0,0
15m,1773824400.0,1.5224,1.5246,1.5211,1.5234,120096.01,0.0,0.0,0
15m,1773825300.0,1.5234,1.5254,1.5229,1.5236,67637.03,0.0,0.0,0
15m,1773826200.0,1.5236,1.5275,1.5235,1.5261,126982.95,0.0,0.0,0
15m,1773827100.0,1.5261,1.5267,1.5223,1.5237,120431.97,0.0,0.0,0
15m,1773828000.0,1.5237,1.5247,1.5178,1.5209,396681.72,0.0,0.0,0
15m,1773828900.0,1.5209,1.5209,1.5182,1.5186,211362.26,0.0,0.0,0
15m,1773829800.0,1.5186,1.5198,1.5103,1.511,546954.84,0.0,0.0,0
15m,1773830700.0,1.511,1.5125,1.5093,1.5112,353803.36,0.0,0.0,0
15m,1773831600.0,1.5112,1.512,1.504,1.5103,587644.58,0.0,0.0,0
15m,1773832500.0,1.5103,1.5121,1.5025,1.5031,370284.98,0.0,0.0,0
15m,1773833400.0,1.5031,1.5046,1.4839,1.4923,2826989.63,0.0,0.0,0
15m,1773834300.0,1.4923,1.4925,1.4865,1.4898,418416.81,0.0,0.0,0
15m,1773835200.0,1.4898,1.4908,1.4841,1.4875,482366.68,0.0,0.0,0
15m,1773836100.0,1.4875,1.4894,1.4791,1.4798,945833.72,0.0,0.0,0
15m,1773837000.0,1.4798,1.48,1.4575,1.4683,1775833.63,0.0,0.0,0
15m,1773837900.0,1.4683,1.4685,1.4604,1.4641,743790.51,0.0,0.0,0
15m,1773838800.0,1.4641,1.4684,1.455,1.4653,826404.65,0.0,0.0,0
15m,1773839700.0,1.4653,1.4685,1.4605,1.4668,694067.87,0.0,0.0,0
15m,1773840600.0,1.4668,1.474,1.4633,1.4692,685409.14,0.0,0.0,0
15m,1773841500.0,1.4692,1.472,1.4634,1.4664,305123.86,0.0,0.0,0
15m,1773842400.0,1.4664,1.4683,1.4585,1.4592,407058.25,0.0,0.0,0
15m,1773843300.0,1.4592,1.4618,1.4509,1.4538,501191.99,0.0,0.0,0
15m,1773844200.0,1.4538,1.4564,1.4493,1.45,793424.1,0.0,0.0,0
15m,1773845100.0,1.45,1.4539,1.4442,1.4458,800374.77,0.0,0.0,0
15m,1773846000.0,1.4458,1.4525,1.4395,1.4417,1300658.79,0.0,0.0,0
15m,1773846900.0,1.4417,1.4481,1.4403,1.4461,614442.44,0.0,0.0,0
15m,1773847800.0,1.4461,1.4496,1.4424,1.4426,555168.17,0.0,0.0,0
15m,1773848700.0,1.4426,1.4445,1.4385,1.4407,758922.39,0.0,0.0,0
15m,1773849600.0,1.4407,1.4452,1.4394,1.4403,1038463.0,0.0,0.0,0
15m,1773850500.0,1.4403,1.4415,1.4377,1.44,396730.82,0.0,0.0,0
15m,1773851400.0,1.44,1.444,1.436,1.4439,337823.02,0.0,0.0,0
15m,1773852300.0,1.4439,1.4473,1.4418,1.4424,423984.57,0.0,0.0,0
15m,1773853200.0,1.4424,1.4435,1.4403,1.4409,209708.38,0.0,0.0,0
15m,1773854100.0,1.4409,1.4497,1.44,1.449,405804.9,0.0,0.0,0
15m,1773855000.0,1.449,1.4557,1.4468,1.4549,922283.48,0.0,0.0,0
15m,1773855900.0,1.4549,1.4591,1.4547,1.4563,855847.64,0.0,0.0,0
15m,1773856800.0,1.4563,1.4668,1.4562,1.4649,1226007.0,0.0,0.0,0
15m,1773857700.0,1.4649,1.4649,1.4554,1.4594,612998.25,0.0,0.0,0
15m,1773858600.0,1.4594,1.465,1.4582,1.4622,396480.87,0.0,0.0,0
15m,1773859500.0,1.4622,1.4622,1.4481,1.4525,823952.39,0.0,0.0,0
15m,1773860400.0,1.4525,1.4606,1.452,1.4565,425482.69,0.0,0.0,0
15m,1773861300.0,1.4565,1.4601,1.4524,1.4538,176665.98,0.0,0.0,0
15m,1773862200.0,1.4538,1.4569,1.4522,1.4529,249530.22,0.0,0.0,0
15m,1773863100.0,1.4529,1.4544,1.4485,1.4493,465829.35,0.0,0.0,0
15m,1773864000.0,1.4493,1.451,1.4423,1.4506,619833.17,0.0,0.0,0
15m,1773864900.0,1.4506,1.4538,1.4496,1.4531,215220.7,0.0,0.0,0
15m,1773865800.0,1.4531,1.4599,1.4525,1.4583,205711.58,0.0,0.0,0
15m,1773866700.0,1.4583,1.4621,1.4569,1.459,168631.41,0.0,0.0,0
15m,1773867600.0,1.459,1.4626,1.4584,1.4613,194546.64,0.0,0.0,0
15m,1773868500.0,1.4613,1.4719,1.4613,1.4699,650977.0,0.0,0.0,0
15m,1773869400.0,1.4699,1.4701,1.4642,1.4678,166275.54,0.0,0.0,0
15m,1773870300.0,1.4678,1.4688,1.4661,1.4681,230212.66,0.0,0.0,0
15m,1773871200.0,1.4681,1.4681,1.4594,1.4606,452059.09,0.0,0.0,0
15m,1773872100.0,1.4606,1.4635,1.46,1.4631,291602.74,0.0,0.0,0
15m,1773873000.0,1.4631,1.4639,1.4602,1.4614,137604.12,0.0,0.0,0
15m,1773873900.0,1.4614,1.4627,1.4605,1.4627,95460.91,0.0,0.0,0
15m,1773874800.0,1.4627,1.4646,1.4602,1.4602,73615.37,0.0,0.0,0
15m,1773875700.0,1.4602,1.4629,1.458,1.4629,88423.28,0.0,0.0,0
15m,1773876600.0,1.4629,1.4661,1.4627,1.4638,50909.33,0.0,0.0,0
15m,1773877500.0,1.4638,1.4648,1.4623,1.4647,147882.26,0.0,0.0,0
15m,1773878400.0,1.4647,1.465,1.4593,1.4624,218990.34,0.0,0.0,0
15m,1773879300.0,1.4624,1.4642,1.4595,1.4635,106682.61,0.0,0.0,0
15m,1773880200.0,1.4635,1.4648,1.4597,1.4597,98389.68,0.0,0.0,0
15m,1773881100.0,1.4597,1.4616,1.4595,1.4609,102217.47,0.0,0.0,0
15m,1773882000.0,1.4609,1.4635,1.4581,1.459,107089.0,0.0,0.0,0
15m,1773882900.0,1.459,1.4605,1.4567,1.4601,98332.48,0.0,0.0,0
15m,1773883800.0,1.4601,1.4667,1.4593,1.4667,165439.73,0.0,0.0,0
15m,1773884700.0,1.4667,1.4672,1.4617,1.4617,167402.18,0.0,0.0,0
15m,1773885600.0,1.4617,1.4637,1.4555,1.4619,111313.89,0.0,0.0,0
15m,1773886500.0,1.4619,1.4642,1.4602,1.4621,93919.69,0.0,0.0,0
15m,1773887400.0,1.4621,1.4627,1.4603,1.4615,61999.91,0.0,0.0,0
15m,1773888300.0,1.4615,1.4615,1.457,1.4575,79130.8,0.0,0.0,0
15m,1773889200.0,1.4575,1.463,1.4575,1.4626,118161.57,0.0,0.0,0
15m,1773890100.0,1.4626,1.4785,1.4618,1.4768,579179.33,0.0,0.0,0
15m,1773891000.0,1.4768,1.4782,1.4704,1.4723,178996.12,0.0,0.0,0
15m,1773891900.0,1.4723,1.4766,1.4716,1.4743,216390.23,0.0,0.0,0
15m,1773892800.0,1.4743,1.4743,1.4638,1.4681,462248.42,0.0,0.0,0
15m,1773893700.0,1.4681,1.4686,1.4637,1.465,377905.16,0.0,0.0,0
15m,1773894600.0,1.465,1.4693,1.4644,1.468,192212.76,0.0,0.0,0
15m,1773895500.0,1.468,1.4683,1.4653,1.4664,164079.22,0.0,0.0,0
15m,1773896400.0,1.4664,1.4676,1.4636,1.4644,107842.61,0.0,0.0,0
15m,1773897300.0,1.4644,1.4672,1.4602,1.4609,102109.02,0.0,0.0,0
15m,1773898200.0,1.4609,1.4658,1.4594,1.4655,266326.55,0.0,0.0,0
15m,1773899100.0,1.4655,1.4675,1.4637,1.4671,189598.49,0.0,0.0,0
15m,1773900000.0,1.4671,1.4745,1.4648,1.4729,599606.49,0.0,0.0,0
15m,1773900900.0,1.4729,1.4825,1.4686,1.4687,1511886.07,0.0,0.0,0
15m,1773901800.0,1.4687,1.4695,1.4638,1.468,309155.09,0.0,0.0,0
15m,1773902700.0,1.468,1.4719,1.467,1.4688,202930.45,0.0,0.0,0
15m,1773903600.0,1.4688,1.4702,1.4627,1.4628,823231.06,0.0,0.0,0
15m,1773904500.0,1.4628,1.4643,1.4505,1.458,2845097.95,0.0,0.0,0
15m,1773905400.0,1.458,1.4663,1.4572,1.4638,353284.03,0.0,0.0,0
15m,1773906300.0,1.4638,1.4642,1.4596,1.4611,180489.02,0.0,0.0,0
15m,1773907200.0,1.4611,1.464,1.4583,1.4623,358479.25,0.0,0.0,0
15m,1773908100.0,1.4623,1.4629,1.4546,1.4554,136198.38,0.0,0.0,0
15m,1773909000.0,1.4554,1.4605,1.4519,1.4592,335993.71,0.0,0.0,0
15m,1773909900.0,1.4592,1.4596,1.4543,1.4554,107263.85,0.0,0.0,0
15m,1773910800.0,1.4554,1.4605,1.4554,1.4584,149309.43,0.0,0.0,0
15m,1773911700.0,1.4584,1.4703,1.458,1.4635,320879.11,0.0,0.0,0
15m,1773912600.0,1.4635,1.467,1.4611,1.4662,129087.54,0.0,0.0,0
15m,1773913500.0,1.4662,1.4708,1.4654,1.4691,209697.02,0.0,0.0,0
15m,1773914400.0,1.4691,1.4702,1.4656,1.467,171295.76,0.0,0.0,0
15m,1773915300.0,1.467,1.4691,1.4665,1.4668,148084.26,0.0,0.0,0
15m,1773916200.0,1.4668,1.4669,1.4622,1.4637,230094.27,0.0,0.0,0
15m,1773917100.0,1.4637,1.4645,1.4623,1.4628,102566.67,0.0,0.0,0
15m,1773918000.0,1.4628,1.4654,1.4628,1.4641,185235.32,0.0,0.0,0
15m,1773918900.0,1.4641,1.465,1.463,1.4639,79125.32,0.0,0.0,0
15m,1773919800.0,1.4639,1.4649,1.4562,1.458,463149.75,0.0,0.0,0
15m,1773920700.0,1.458,1.4589,1.4574,1.4583,688933.24,0.0,0.0,0
15m,1773921600.0,1.4583,1.4583,1.4553,1.4556,622750.7,0.0,0.0,0
15m,1773922500.0,1.4556,1.4557,1.4476,1.4491,469030.62,0.0,0.0,0
15m,1773923400.0,1.4491,1.4505,1.4472,1.4485,416088.86,0.0,0.0,0
15m,1773924300.0,1.4485,1.4485,1.4355,1.4371,777869.52,0.0,0.0,0
15m,1773925200.0,1.4371,1.4427,1.4325,1.4345,621940.46,0.0,0.0,0
15m,1773926100.0,1.4345,1.4475,1.4343,1.4412,782709.59,0.0,0.0,0
15m,1773927000.0,1.4412,1.4525,1.4353,1.4489,823290.83,0.0,0.0,0
15m,1773927900.0,1.4489,1.454,1.4453,1.4519,486375.33,0.0,0.0,0
15m,1773928800.0,1.4519,1.4568,1.4462,1.4474,374584.98,0.0,0.0,0
15m,1773929700.0,1.4474,1.4485,1.4403,1.4405,206648.93,0.0,0.0,0
15m,1773930600.0,1.4405,1.4441,1.4389,1.443,222300.15,0.0,0.0,0
15m,1773931500.0,1.443,1.4492,1.4418,1.4443,316782.51,0.0,0.0,0
15m,1773932400.0,1.4443,1.4499,1.4418,1.4429,339860.98,0.0,0.0,0
15m,1773933300.0,1.4429,1.4444,1.4286,1.4286,683206.39,0.0,0.0,0
15m,1773934200.0,1.4286,1.4315,1.4246,1.4284,1292618.62,0.0,0.0,0
15m,1773935100.0,1.4284,1.4356,1.426,1.4317,426327.46,0.0,0.0,0
15m,1773936000.0,1.4317,1.4323,1.4272,1.4292,313553.54,0.0,0.0,0
15m,1773936900.0,1.4292,1.4362,1.4279,1.4349,401729.55,0.0,0.0,0
15m,1773937800.0,1.4349,1.4374,1.4304,1.4331,256965.29,0.0,0.0,0
15m,1773938700.0,1.4331,1.4336,1.4242,1.4273,542833.25,0.0,0.0,0
15m,1773939600.0,1.4273,1.4274,1.4221,1.4248,256982.68,0.0,0.0,0
15m,1773940500.0,1.4248,1.4362,1.4233,1.4333,197200.65,0.0,0.0,0
15m,1773941400.0,1.4333,1.4362,1.43,1.4314,99380.8,0.0,0.0,0
15m,1773942300.0,1.4314,1.4394,1.4309,1.4388,233565.01,0.0,0.0,0
15m,1773943200.0,1.4388,1.439,1.4344,1.436,185523.1,0.0,0.0,0
15m,1773944100.0,1.436,1.4378,1.4344,1.4345,84309.16,0.0,0.0,0
15m,1773945000.0,1.4345,1.4348,1.4308,1.4324,107635.84,0.0,0.0,0
15m,1773945900.0,1.4324,1.4382,1.4309,1.4371,144498.28,0.0,0.0,0
15m,1773946800.0,1.4371,1.4527,1.4363,1.4484,727770.76,0.0,0.0,0
15m,1773947700.0,1.4484,1.4531,1.4462,1.4474,621814.68,0.0,0.0,0
15m,1773948600.0,1.4474,1.4504,1.4426,1.4484,361283.27,0.0,0.0,0
15m,1773949500.0,1.4484,1.4491,1.4441,1.4449,167445.94,0.0,0.0,0
15m,1773950400.0,1.4449,1.4458,1.4431,1.4452,119129.84,0.0,0.0,0
15m,1773951300.0,1.4452,1.4506,1.4452,1.4496,192433.65,0.0,0.0,0
15m,1773952200.0,1.4496,1.4542,1.4489,1.4517,123653.38,0.0,0.0,0
15m,1773953100.0,1.4517,1.4521,1.4491,1.4499,95291.29,0.0,0.0,0
15m,1773954000.0,1.4499,1.4557,1.4495,1.4551,235555.88,0.0,0.0,0
15m,1773954900.0,1.4551,1.4561,1.4525,1.4542,165722.2,0.0,0.0,0
15m,1773955800.0,1.4542,1.455,1.4521,1.4535,143162.67,0.0,0.0,0
15m,1773956700.0,1.4535,1.4558,1.4522,1.4548,141215.92,0.0,0.0,0
15m,1773957600.0,1.4548,1.4557,1.4499,1.4518,173907.46,0.0,0.0,0
15m,1773958500.0,1.4518,1.4553,1.4497,1.4543,174020.13,0.0,0.0,0
15m,1773959400.0,1.4543,1.4544,1.4443,1.4464,199286.01,0.0,0.0,0
15m,1773960300.0,1.4464,1.4496,1.4461,1.4494,38793.71,0.0,0.0,0
15m,1773961200.0,1.4494,1.4538,1.4494,1.452,112608.17,0.0,0.0,0
15m,1773962100.0,1.452,1.452,1.4466,1.4489,69559.85,0.0,0.0,0
15m,1773963000.0,1.4489,1.4499,1.4429,1.4447,244479.87,0.0,0.0,0
15m,1773963900.0,1.4447,1.4481,1.4441,1.4476,66978.06,0.0,0.0,0
15m,1773964800.0,1.4476,1.4533,1.4468,1.4523,116447.28,0.0,0.0,0
15m,1773965700.0,1.4523,1.4531,1.4458,1.4473,130779.73,0.0,0.0,0
15m,1773966600.0,1.4473,1.4497,1.4454,1.4485,93452.84,0.0,0.0,0
15m,1773967500.0,1.4485,1.4502,1.4477,1.4501,73943.71,0.0,0.0,0
15m,1773968400.0,1.4501,1.4558,1.4501,1.4538,106865.98,0.0,0.0,0
15m,1773969300.0,1.4538,1.4549,1.4518,1.4542,139633.01,0.0,0.0,0
15m,1773970200.0,1.4542,1.4607,1.4542,1.4593,473892.73,0.0,0.0,0
15m,1773971100.0,1.4593,1.4602,1.4566,1.4566,100247.76,0.0,0.0,0
15m,1773972000.0,1.4566,1.4573,1.454,1.4541,74781.58,0.0,0.0,0
15m,1773972900.0,1.4541,1.4541,1.4486,1.4494,87093.3,0.0,0.0,0
15m,1773973800.0,1.4494,1.4511,1.4466,1.4509,189614.48,0.0,0.0,0
15m,1773974700.0,1.4509,1.4545,1.4491,1.4524,140681.61,0.0,0.0,0
15m,1773975600.0,1.4524,1.4526,1.4503,1.4503,54878.42,0.0,0.0,0
15m,1773976500.0,1.4503,1.4549,1.4502,1.4549,216254.91,0.0,0.0,0
15m,1773977400.0,1.4549,1.457,1.4521,1.4523,86197.45,0.0,0.0,0
15m,1773978300.0,1.4523,1.4547,1.4515,1.4531,132338.05,0.0,0.0,0
15m,1773979200.0,1.4531,1.4571,1.4517,1.4562,113069.23,0.0,0.0,0
15m,1773980100.0,1.4562,1.457,1.4543,1.4567,124893.27,0.0,0.0,0
15m,1773981000.0,1.4567,1.4568,1.4475,1.4479,173890.05,0.0,0.0,0
15m,1773981900.0,1.4479,1.455,1.4478,1.4539,96760.46,0.0,0.0,0
15m,1773982800.0,1.4539,1.4572,1.4511,1.4563,135184.1,0.0,0.0,0
15m,1773983700.0,1.4563,1.4584,1.4515,1.4516,115848.96,0.0,0.0,0
15m,1773984600.0,1.4516,1.457,1.4501,1.4561,80696.74,0.0,0.0,0
15m,1773985500.0,1.4561,1.4578,1.4537,1.4551,126740.39,0.0,0.0,0
15m,1773986400.0,1.4551,1.457,1.4537,1.4564,160659.24,0.0,0.0,0
15m,1773987300.0,1.4564,1.4588,1.4536,1.4588,123113.67,0.0,0.0,0
15m,1773988200.0,1.4588,1.4628,1.4515,1.4529,799071.4,0.0,0.0,0
15m,1773989100.0,1.4529,1.4538,1.45,1.4501,486084.96,0.0,0.0,0
15m,1773990000.0,1.4501,1.4501,1.4434,1.4462,425160.62,0.0,0.0,0
15m,1773990900.0,1.4462,1.4513,1.4454,1.4496,128615.28,0.0,0.0,0
15m,1773991800.0,1.4496,1.4565,1.4484,1.4561,211225.17,0.0,0.0,0
15m,1773992700.0,1.4561,1.4566,1.4542,1.4545,88166.98,0.0,0.0,0
15m,1773993600.0,1.4545,1.4664,1.4538,1.4635,472895.38,0.0,0.0,0
15m,1773994500.0,1.4635,1.4635,1.4593,1.4621,318833.75,0.0,0.0,0
15m,1773995400.0,1.4621,1.4628,1.4593,1.4601,198023.98,0.0,0.0,0
15m,1773996300.0,1.4601,1.4613,1.4592,1.4599,123057.47,0.0,0.0,0
15m,1773997200.0,1.4599,1.4599,1.4532,1.4532,157406.3,0.0,0.0,0
15m,1773998100.0,1.4532,1.4533,1.4452,1.4477,540686.21,0.0,0.0,0
15m,1773999000.0,1.4477,1.4509,1.4476,1.4506,253813.25,0.0,0.0,0
15m,1773999900.0,1.4506,1.4506,1.4457,1.4481,262679.4,0.0,0.0,0
15m,1774000800.0,1.4481,1.4489,1.4444,1.4459,162355.89,0.0,0.0,0
15m,1774001700.0,1.4459,1.4489,1.4441,1.4453,342869.66,0.0,0.0,0
15m,1774002600.0,1.4453,1.4537,1.4446,1.4505,657636.71,0.0,0.0,0
15m,1774003500.0,1.4505,1.4526,1.45,1.4506,165650.89,0.0,0.0,0
15m,1774004400.0,1.4506,1.4548,1.4502,1.4547,153297.45,0.0,0.0,0
15m,1774005300.0,1.4547,1.4547,1.4475,1.448,268248.87,0.0,0.0,0
15m,1774006200.0,1.448,1.4495,1.4433,1.4447,485588.27,0.0,0.0,0
15m,1774007100.0,1.4447,1.4491,1.4435,1.4491,305160.14,0.0,0.0,0
15m,1774008000.0,1.4491,1.4519,1.4474,1.4514,375730.02,0.0,0.0,0
15m,1774008900.0,1.4514,1.4524,1.4479,1.4484,357815.39,0.0,0.0,0
15m,1774009800.0,1.4484,1.4484,1.443,1.4445,441924.45,0.0,0.0,0
15m,1774010700.0,1.4445,1.4449,1.4417,1.4422,401859.24,0.0,0.0,0
15m,1774011600.0,1.4422,1.4445,1.439,1.4413,625171.45,0.0,0.0,0
15m,1774012500.0,1.4413,1.4489,1.4407,1.4454,268484.62,0.0,0.0,0
15m,1774013400.0,1.4454,1.4473,1.4366,1.4449,587972.72,0.0,0.0,0
15m,1774014300.0,1.4449,1.4455,1.4367,1.438,589875.67,0.0,0.0,0
15m,1774015200.0,1.438,1.4437,1.4335,1.4388,644446.16,0.0,0.0,0
15m,1774016100.0,1.4388,1.4412,1.4353,1.4395,468627.8,0.0,0.0,0
15m,1774017000.0,1.4395,1.4447,1.4395,1.4408,278415.48,0.0,0.0,0
15m,1774017900.0,1.4408,1.4416,1.4343,1.4364,331592.59,0.0,0.0,0
15m,1774018800.0,1.4364,1.4391,1.4286,1.4344,535628.73,0.0,0.0,0
15m,1774019700.0,1.4344,1.4419,1.4323,1.438,509293.83,0.0,0.0,0
15m,1774020600.0,1.438,1.4411,1.437,1.4387,417759.48,0.0,0.0,0
15m,1774021500.0,1.4387,1.4395,1.4363,1.4376,93856.75,0.0,0.0,0
15m,1774022400.0,1.4376,1.4391,1.4353,1.4366,380776.86,0.0,0.0,0
15m,1774023300.0,1.4366,1.443,1.4344,1.4419,495386.71,0.0,0.0,0
15m,1774024200.0,1.4419,1.4419,1.4347,1.4351,172136.61,0.0,0.0,0
15m,1774025100.0,1.4351,1.4394,1.4328,1.4375,280138.98,0.0,0.0,0
15m,1774026000.0,1.4375,1.4387,1.4334,1.4357,220329.55,0.0,0.0,0
15m,1774026900.0,1.4357,1.4374,1.4338,1.434,115811.83,0.0,0.0,0
15m,1774027800.0,1.434,1.4346,1.429,1.4319,255702.69,0.0,0.0,0
15m,1774028700.0,1.4319,1.4407,1.4311,1.4392,169005.33,0.0,0.0,0
15m,1774029600.0,1.4392,1.4397,1.4367,1.438,77690.39,0.0,0.0,0
15m,1774030500.0,1.438,1.4382,1.4323,1.4327,88244.37,0.0,0.0,0
15m,1774031400.0,1.4327,1.4331,1.4288,1.4315,136738.95,0.0,0.0,0
15m,1774032300.0,1.4315,1.4344,1.4306,1.4311,158217.5,0.0,0.0,0
15m,1774033200.0,1.4311,1.4334,1.4295,1.4309,72824.59,0.0,0.0,0
15m,1774034100.0,1.4309,1.4331,1.4284,1.4305,83244.91,0.0,0.0,0
15m,1774035000.0,1.4305,1.4333,1.425,1.4333,208730.23,0.0,0.0,0
15m,1774035900.0,1.4333,1.4374,1.4315,1.4358,249146.18,0.0,0.0,0
15m,1774036800.0,1.4358,1.4375,1.4333,1.4358,160730.71,0.0,0.0,0
15m,1774037700.0,1.4358,1.4358,1.4305,1.4311,63774.74,0.0,0.0,0
15m,1774038600.0,1.4311,1.4335,1.4292,1.4321,74672.79,0.0,0.0,0
15m,1774039500.0,1.4321,1.4367,1.4316,1.4364,100883.01,0.0,0.0,0
15m,1774040400.0,1.4364,1.4369,1.4339,1.4365,72525.9,0.0,0.0,0
15m,1774041300.0,1.4365,1.4467,1.4362,1.4444,356906.8,0.0,0.0,0
15m,1774042200.0,1.4444,1.4489,1.4416,1.4428,274227.86,0.0,0.0,0
15m,1774043100.0,1.4428,1.4439,1.442,1.4434,48999.12,0.0,0.0,0
15m,1774044000.0,1.4434,1.4524,1.4434,1.4494,267634.3,0.0,0.0,0
15m,1774044900.0,1.4494,1.4503,1.4474,1.4475,154066.81,0.0,0.0,0
15m,1774045800.0,1.4475,1.4488,1.4466,1.4474,69154.38,0.0,0.0,0
15m,1774046700.0,1.4474,1.4496,1.4467,1.448,67468.61,0.0,0.0,0
15m,1774047600.0,1.448,1.4481,1.4414,1.4416,78200.92,0.0,0.0,0
15m,1774048500.0,1.4416,1.4439,1.4401,1.4433,74143.93,0.0,0.0,0
15m,1774049400.0,1.4433,1.4457,1.4425,1.4451,23424.39,0.0,0.0,0
15m,1774050300.0,1.4451,1.4464,1.4442,1.445,19930.41,0.0,0.0,0
15m,1774051200.0,1.445,1.4463,1.4445,1.4463,25101.08,0.0,0.0,0
15m,1774052100.0,1.4463,1.4493,1.4457,1.4469,151059.15,0.0,0.0,0
15m,1774053000.0,1.4469,1.4469,1.4429,1.4434,53205.52,0.0,0.0,0
15m,1774053900.0,1.4434,1.4483,1.4434,1.4479,74145.51,0.0,0.0,0
15m,1774054800.0,1.4479,1.4501,1.4465,1.4474,111845.01,0.0,0.0,0
15m,1774055700.0,1.4474,1.4474,1.4456,1.4459,119639.66,0.0,0.0,0
15m,1774056600.0,1.4459,1.4461,1.4433,1.4433,112863.67,0.0,0.0,0
15m,1774057500.0,1.4433,1.4442,1.4426,1.4436,70216.77,0.0,0.0,0
15m,1774058400.0,1.4436,1.4442,1.4426,1.4433,44734.87,0.0,0.0,0
15m,1774059300.0,1.4433,1.4464,1.4433,1.4459,64043.08,0.0,0.0,0
15m,1774060200.0,1.4459,1.4475,1.4445,1.4469,52534.51,0.0,0.0,0
15m,1774061100.0,1.4469,1.4485,1.4464,1.4469,157810.35,0.0,0.0,0
15m,1774062000.0,1.4469,1.4474,1.4449,1.4461,88774.56,0.0,0.0,0
15m,1774062900.0,1.4461,1.4467,1.445,1.4456,105239.98,0.0,0.0,0
15m,1774063800.0,1.4456,1.4472,1.4454,1.4467,71959.17,0.0,0.0,0
15m,1774064700.0,1.4467,1.4477,1.446,1.446,60968.16,0.0,0.0,0
15m,1774065600.0,1.446,1.4481,1.4458,1.4465,55767.36,0.0,0.0,0
15m,1774066500.0,1.4465,1.4479,1.4462,1.4475,58018.08,0.0,0.0,0
15m,1774067400.0,1.4475,1.4475,1.4444,1.4446,46976.34,0.0,0.0,0
15m,1774068300.0,1.4446,1.4455,1.4445,1.4445,110594.06,0.0,0.0,0
15m,1774069200.0,1.4445,1.4471,1.4445,1.4462,50689.39,0.0,0.0,0
15m,1774070100.0,1.4462,1.4476,1.4462,1.4472,174705.6,0.0,0.0,0
15m,1774071000.0,1.4472,1.4493,1.4471,1.4489,101843.54,0.0,0.0,0
15m,1774071900.0,1.4489,1.451,1.4486,1.451,197466.67,0.0,0.0,0
15m,1774072800.0,1.451,1.4532,1.4469,1.4494,628931.0,0.0,0.0,0
15m,1774073700.0,1.4494,1.4504,1.4487,1.4501,98986.35,0.0,0.0,0
15m,1774074600.0,1.4501,1.4505,1.4487,1.4491,91017.18,0.0,0.0,0
15m,1774075500.0,1.4491,1.4497,1.4482,1.4485,61012.25,0.0,0.0,0
15m,1774076400.0,1.4485,1.4493,1.4474,1.4478,97095.8,0.0,0.0,0
15m,1774077300.0,1.4478,1.4497,1.4475,1.4492,64300.5,0.0,0.0,0
15m,1774078200.0,1.4492,1.4495,1.4467,1.4467,75700.66,0.0,0.0,0
15m,1774079100.0,1.4467,1.4467,1.4436,1.4437,100090.23,0.0,0.0,0
15m,1774080000.0,1.4437,1.4457,1.4437,1.4443,123025.16,0.0,0.0,0
15m,1774080900.0,1.4443,1.4444,1.4409,1.441,82163.8,0.0,0.0,0
15m,1774081800.0,1.441,1.4426,1.4397,1.4425,199530.12,0.0,0.0,0
15m,1774082700.0,1.4425,1.4427,1.4405,1.441,70565.73,0.0,0.0,0
15m,1774083600.0,1.441,1.4429,1.4406,1.4416,111374.9,0.0,0.0,0
15m,1774084500.0,1.4416,1.4416,1.4385,1.439,114783.87,0.0,0.0,0
15m,1774085400.0,1.439,1.4396,1.4384,1.4387,81356.01,0.0,0.0,0
15m,1774086300.0,1.4387,1.4409,1.4368,1.4403,155799.88,0.0,0.0,0
15m,1774087200.0,1.4403,1.4403,1.438,1.4389,70135.52,0.0,0.0,0
15m,1774088100.0,1.4389,1.4389,1.4381,1.4386,66438.09,0.0,0.0,0
15m,1774089000.0,1.4386,1.4408,1.4386,1.4404,29136.3,0.0,0.0,0
15m,1774089900.0,1.4404,1.4405,1.4393,1.4405,30623.95,0.0,0.0,0
15m,1774090800.0,1.4405,1.4407,1.4396,1.4403,43844.41,0.0,0.0,0
15m,1774091700.0,1.4403,1.4407,1.4396,1.4401,59597.79,0.0,0.0,0
15m,1774092600.0,1.4401,1.4424,1.4394,1.4421,61311.08,0.0,0.0,0
15m,1774093500.0,1.4421,1.4431,1.442,1.4426,54913.52,0.0,0.0,0
15m,1774094400.0,1.4426,1.4431,1.4405,1.4422,47723.12,0.0,0.0,0
15m,1774095300.0,1.4422,1.4468,1.4411,1.4452,57942.9,0.0,0.0,0
15m,1774096200.0,1.4452,1.4463,1.444,1.4454,86436.93,0.0,0.0,0
15m,1774097100.0,1.4454,1.4457,1.4445,1.4449,34533.36,0.0,0.0,0
15m,1774098000.0,1.4449,1.4452,1.4436,1.4444,40237.75,0.0,0.0,0
15m,1774098900.0,1.4444,1.4463,1.4389,1.4394,248782.36,0.0,0.0,0
15m,1774099800.0,1.4394,1.4416,1.4361,1.4367,275827.47,0.0,0.0,0
15m,1774100700.0,1.4367,1.4409,1.4355,1.44,304446.63,0.0,0.0,0
15m,1774101600.0,1.44,1.445,1.4391,1.4439,127334.16,0.0,0.0,0
15m,1774102500.0,1.4439,1.4448,1.441,1.4412,56980.86,0.0,0.0,0
15m,1774103400.0,1.4412,1.443,1.4403,1.4407,121318.7,0.0,0.0,0
15m,1774104300.0,1.4407,1.4413,1.4352,1.4366,232424.63,0.0,0.0,0
15m,1774105200.0,1.4366,1.438,1.4358,1.4375,81652.83,0.0,0.0,0
15m,1774106100.0,1.4375,1.439,1.4342,1.4379,112313.06,0.0,0.0,0
15m,1774107000.0,1.4379,1.4402,1.4373,1.4374,68630.59,0.0,0.0,0
15m,1774107900.0,1.4374,1.4389,1.4374,1.4382,43924.6,0.0,0.0,0
15m,1774108800.0,1.4382,1.4384,1.4368,1.4373,61843.2,0.0,0.0,0
15m,1774109700.0,1.4373,1.4385,1.4347,1.4359,145437.14,0.0,0.0,0
15m,1774110600.0,1.4359,1.4367,1.434,1.4363,50167.18,0.0,0.0,0
15m,1774111500.0,1.4363,1.4371,1.4356,1.4371,24549.24,0.0,0.0,0
15m,1774112400.0,1.4371,1.4377,1.434,1.4348,67628.81,0.0,0.0,0
15m,1774113300.0,1.4348,1.4383,1.4343,1.4381,60332.84,0.0,0.0,0
15m,1774114200.0,1.4381,1.4415,1.4381,1.4398,213001.91,0.0,0.0,0
15m,1774115100.0,1.4398,1.4406,1.4395,1.4398,27902.5,0.0,0.0,0
15m,1774116000.0,1.4398,1.4404,1.4379,1.4387,69273.27,0.0,0.0,0
15m,1774116900.0,1.4387,1.4408,1.4387,1.4394,59160.97,0.0,0.0,0
15m,1774117800.0,1.4394,1.4418,1.4394,1.4413,26642.43,0.0,0.0,0
15m,1774118700.0,1.4413,1.4414,1.4369,1.4376,79437.31,0.0,0.0,0
15m,1774119600.0,1.4376,1.4379,1.4366,1.4375,71748.98,0.0,0.0,0
15m,1774120500.0,1.4375,1.4381,1.4368,1.4374,23320.6,0.0,0.0,0
15m,1774121400.0,1.4374,1.4377,1.436,1.4369,18195.24,0.0,0.0,0
15m,1774122300.0,1.4369,1.4385,1.4369,1.4374,58081.34,0.0,0.0,0
15m,1774123200.0,1.4374,1.44,1.437,1.4392,42602.24,0.0,0.0,0
15m,1774124100.0,1.4392,1.4411,1.4383,1.4411,27411.49,0.0,0.0,0
15m,1774125000.0,1.4411,1.4429,1.4411,1.4418,66442.0,0.0,0.0,0
15m,1774125900.0,1.4418,1.4424,1.4414,1.4414,17342.82,0.0,0.0,0
15m,1774126800.0,1.4414,1.4421,1.4392,1.4396,29995.58,0.0,0.0,0
15m,1774127700.0,1.4396,1.4403,1.4391,1.4397,5463.8,0.0,0.0,0
15m,1774128600.0,1.4397,1.4407,1.4394,1.4401,62160.22,0.0,0.0,0
15m,1774129500.0,1.4401,1.4402,1.4387,1.44,34993.28,0.0,0.0,0
15m,1774130400.0,1.44,1.4401,1.4378,1.44,54864.09,0.0,0.0,0
15m,1774131300.0,1.44,1.4401,1.4392,1.4399,34561.63,0.0,0.0,0
15m,1774132200.0,1.4399,1.4415,1.4397,1.44,29547.71,0.0,0.0,0
15m,1774133100.0,1.44,1.4406,1.4391,1.4395,24781.61,0.0,0.0,0
15m,1774134000.0,1.4395,1.4395,1.4369,1.4372,61705.88,0.0,0.0,0
15m,1774134900.0,1.4372,1.4379,1.4357,1.4363,79172.06,0.0,0.0,0
15m,1774135800.0,1.4363,1.4376,1.436,1.4372,12548.49,0.0,0.0,0
15m,1774136700.0,1.4372,1.4372,1.4001,1.4088,3566718.52,0.0,0.0,0
15m,1774137600.0,1.4088,1.4108,1.3942,1.4044,2431879.68,0.0,0.0,0
15m,1774138500.0,1.4044,1.4131,1.4032,1.413,427610.91,0.0,0.0,0
15m,1774139400.0,1.413,1.4179,1.4127,1.4147,355442.77,0.0,0.0,0
15m,1774140300.0,1.4147,1.4174,1.4089,1.4107,239629.94,0.0,0.0,0
15m,1774141200.0,1.4107,1.4162,1.4094,1.4122,327112.9,0.0,0.0,0
15m,1774142100.0,1.4122,1.4141,1.4093,1.4101,148083.55,0.0,0.0,0
15m,1774143000.0,1.4101,1.4121,1.4056,1.4068,350150.75,0.0,0.0,0
15m,1774143900.0,1.4068,1.4106,1.4068,1.41,127885.33,0.0,0.0,0
15m,1774144800.0,1.41,1.412,1.4079,1.4108,90199.29,0.0,0.0,0
15m,1774145700.0,1.4108,1.4208,1.409,1.4187,218779.72,0.0,0.0,0
15m,1774146600.0,1.4187,1.419,1.4136,1.4142,212000.84,0.0,0.0,0
15m,1774147500.0,1.4142,1.4186,1.4139,1.417,146837.73,0.0,0.0,0
15m,1774148400.0,1.417,1.4172,1.4131,1.416,118388.57,0.0,0.0,0
15m,1774149300.0,1.416,1.4239,1.4156,1.4219,147264.56,0.0,0.0,0
15m,1774150200.0,1.4219,1.4264,1.4196,1.4208,253686.39,0.0,0.0,0
15m,1774151100.0,1.4208,1.421,1.4171,1.4172,68130.24,0.0,0.0,0
15m,1774152000.0,1.4172,1.4205,1.4164,1.417,118029.56,0.0,0.0,0
15m,1774152900.0,1.417,1.4199,1.4109,1.4112,169955.46,0.0,0.0,0
15m,1774153800.0,1.4112,1.4181,1.4104,1.4163,382585.5,0.0,0.0,0
15m,1774154700.0,1.4163,1.4188,1.4163,1.4176,111347.58,0.0,0.0,0
15m,1774155600.0,1.4176,1.4176,1.4153,1.416,86830.17,0.0,0.0,0
15m,1774156500.0,1.416,1.4166,1.4122,1.4123,57037.0,0.0,0.0,0
15m,1774157400.0,1.4123,1.414,1.4122,1.4122,68907.85,0.0,0.0,0
15m,1774158300.0,1.4122,1.4144,1.4118,1.4118,80436.6,0.0,0.0,0
15m,1774159200.0,1.4118,1.412,1.4102,1.4107,60410.36,0.0,0.0,0
15m,1774160100.0,1.4107,1.4125,1.4103,1.4125,138433.59,0.0,0.0,0
15m,1774161000.0,1.4125,1.4131,1.411,1.4116,72521.53,0.0,0.0,0
15m,1774161900.0,1.4116,1.4121,1.4102,1.4108,152694.43,0.0,0.0,0
15m,1774162800.0,1.4108,1.413,1.4103,1.4119,107460.52,0.0,0.0,0
15m,1774163700.0,1.4119,1.413,1.4116,1.4122,47167.22,0.0,0.0,0
15m,1774164600.0,1.4122,1.4122,1.4067,1.4075,188627.6,0.0,0.0,0
15m,1774165500.0,1.4075,1.4086,1.4034,1.4035,139542.79,0.0,0.0,0
15m,1774166400.0,1.4035,1.4041,1.3982,1.4011,266935.51,0.0,0.0,0
15m,1774167300.0,1.4011,1.4013,1.3932,1.3954,286108.47,0.0,0.0,0
15m,1774168200.0,1.3954,1.3994,1.3951,1.3985,162093.97,0.0,0.0,0
15m,1774169100.0,1.3985,1.3999,1.3974,1.3992,118523.35,0.0,0.0,0
15m,1774170000.0,1.3992,1.4032,1.3989,1.403,61113.71,0.0,0.0,0
15m,1774170900.0,1.403,1.4036,1.3957,1.3964,300241.05,0.0,0.0,0
15m,1774171800.0,1.3964,1.3984,1.3953,1.3966,160356.5,0.0,0.0,0
15m,1774172700.0,1.3966,1.3972,1.3953,1.3962,70491.36,0.0,0.0,0
15m,1774173600.0,1.3962,1.397,1.3931,1.3933,301932.46,0.0,0.0,0
15m,1774174500.0,1.3933,1.3949,1.3905,1.3913,289853.53,0.0,0.0,0
15m,1774175400.0,1.3913,1.3926,1.3874,1.3888,357405.24,0.0,0.0,0
15m,1774176300.0,1.3888,1.3897,1.3874,1.3887,89017.86,0.0,0.0,0
15m,1774177200.0,1.3887,1.3903,1.3856,1.3888,270551.97,0.0,0.0,0
15m,1774178100.0,1.3888,1.3916,1.3868,1.3882,180298.19,0.0,0.0,0
15m,1774179000.0,1.3882,1.3957,1.3875,1.3925,443225.52,0.0,0.0,0
15m,1774179900.0,1.3925,1.3935,1.3904,1.3909,191158.2,0.0,0.0,0
15m,1774180800.0,1.3909,1.3952,1.3906,1.3949,187909.84,0.0,0.0,0
15m,1774181700.0,1.3949,1.4019,1.3942,1.4009,183923.25,0.0,0.0,0
15m,1774182600.0,1.4009,1.4013,1.3985,1.3987,124255.23,0.0,0.0,0
15m,1774183500.0,1.3987,1.4005,1.3975,1.3996,76478.15,0.0,0.0,0
15m,1774184400.0,1.3996,1.407,1.3996,1.4048,215659.88,0.0,0.0,0
15m,1774185300.0,1.4048,1.4051,1.4004,1.4012,71253.11,0.0,0.0,0
15m,1774186200.0,1.4012,1.4022,1.3961,1.3978,108997.02,0.0,0.0,0
15m,1774187100.0,1.3978,1.399,1.3969,1.3983,102424.48,0.0,0.0,0
15m,1774188000.0,1.3983,1.4009,1.3948,1.4004,110100.0,0.0,0.0,0
15m,1774188900.0,1.4004,1.4025,1.3987,1.4003,103769.85,0.0,0.0,0
15m,1774189800.0,1.4003,1.4029,1.3998,1.4006,124664.15,0.0,0.0,0
15m,1774190700.0,1.4006,1.4006,1.3966,1.3972,124137.36,0.0,0.0,0
15m,1774191600.0,1.3972,1.4009,1.3972,1.3985,147170.1,0.0,0.0,0
15m,1774192500.0,1.3985,1.3995,1.3956,1.3957,184644.32,0.0,0.0,0
15m,1774193400.0,1.3957,1.3958,1.3915,1.3937,176785.92,0.0,0.0,0
15m,1774194300.0,1.3937,1.3943,1.3923,1.3926,67535.5,0.0,0.0,0
15m,1774195200.0,1.3926,1.3941,1.3905,1.3939,370352.99,0.0,0.0,0
15m,1774196100.0,1.3939,1.3952,1.3913,1.3924,103218.89,0.0,0.0,0
15m,1774197000.0,1.3924,1.3945,1.3911,1.3933,145338.06,0.0,0.0,0
15m,1774197900.0,1.3933,1.3952,1.3933,1.3946,122418.73,0.0,0.0,0
15m,1774198800.0,1.3946,1.3956,1.3929,1.3953,104705.44,0.0,0.0,0
15m,1774199700.0,1.3953,1.3957,1.3926,1.3937,82665.0,0.0,0.0,0
15m,1774200600.0,1.3937,1.3947,1.3915,1.3919,117053.68,0.0,0.0,0
15m,1774201500.0,1.3919,1.3942,1.3919,1.393,68225.03,0.0,0.0,0
15m,1774202400.0,1.393,1.393,1.3893,1.3904,87581.12,0.0,0.0,0
15m,1774203300.0,1.3904,1.3906,1.3893,1.3904,76915.54,0.0,0.0,0
15m,1774204200.0,1.3904,1.3918,1.3812,1.3858,559405.86,0.0,0.0,0
15m,1774205100.0,1.3858,1.389,1.3851,1.3883,91827.28,0.0,0.0,0
15m,1774206000.0,1.3883,1.3883,1.3815,1.3824,241070.01,0.0,0.0,0
15m,1774206900.0,1.3824,1.3837,1.3813,1.3821,130886.88,0.0,0.0,0
15m,1774207800.0,1.3821,1.388,1.381,1.3865,221654.83,0.0,0.0,0
15m,1774208700.0,1.3865,1.3865,1.3833,1.3847,176067.67,0.0,0.0,0
15m,1774209600.0,1.3847,1.3886,1.3847,1.3878,100333.75,0.0,0.0,0
15m,1774210500.0,1.3878,1.3905,1.3871,1.3882,72635.37,0.0,0.0,0
15m,1774211400.0,1.3882,1.3893,1.3866,1.3884,42395.88,0.0,0.0,0
15m,1774212300.0,1.3884,1.3887,1.3858,1.3869,77471.42,0.0,0.0,0
15m,1774213200.0,1.3869,1.3877,1.3748,1.3783,680147.89,0.0,0.0,0
15m,1774214100.0,1.3783,1.3826,1.3716,1.3812,393967.0,0.0,0.0,0
15m,1774215000.0,1.3812,1.3838,1.3778,1.3821,159409.5,0.0,0.0,0
15m,1774215900.0,1.3821,1.3828,1.3777,1.3794,82868.3,0.0,0.0,0
15m,1774216800.0,1.3794,1.3849,1.3719,1.3786,460978.64,0.0,0.0,0
15m,1774217700.0,1.3786,1.3921,1.378,1.3888,391098.67,0.0,0.0,0
15m,1774218600.0,1.3888,1.3907,1.386,1.3869,193488.32,0.0,0.0,0
15m,1774219500.0,1.3869,1.3929,1.3868,1.3911,117067.5,0.0,0.0,0
15m,1774220400.0,1.3911,1.3932,1.3875,1.3904,768373.96,0.0,0.0,0
15m,1774221300.0,1.3904,1.3907,1.3879,1.3881,178009.39,0.0,0.0,0
15m,1774222200.0,1.3881,1.3896,1.387,1.3887,123394.31,0.0,0.0,0
15m,1774223100.0,1.3887,1.3895,1.384,1.3849,157848.53,0.0,0.0,0
15m,1774224000.0,1.3849,1.3905,1.3833,1.3868,247834.03,0.0,0.0,0
15m,1774224900.0,1.3868,1.3886,1.384,1.385,171224.93,0.0,0.0,0
15m,1774225800.0,1.385,1.3854,1.3745,1.3814,434973.39,0.0,0.0,0
15m,1774226700.0,1.3814,1.3835,1.3778,1.3786,290133.46,0.0,0.0,0
15m,1774227600.0,1.3786,1.385,1.3755,1.3814,317594.2,0.0,0.0,0
15m,1774228500.0,1.3814,1.39,1.3814,1.388,253526.85,0.0,0.0,0
15m,1774229400.0,1.388,1.39,1.3845,1.3857,203624.52,0.0,0.0,0
15m,1774230300.0,1.3857,1.3876,1.3817,1.3817,150833.15,0.0,0.0,0
15m,1774231200.0,1.3817,1.389,1.3817,1.3831,352888.89,0.0,0.0,0
15m,1774232100.0,1.3831,1.3934,1.3825,1.3924,226085.83,0.0,0.0,0
15m,1774233000.0,1.3924,1.3925,1.3874,1.3874,196150.04,0.0,0.0,0
15m,1774233900.0,1.3874,1.3874,1.3827,1.3856,87119.81,0.0,0.0,0
15m,1774234800.0,1.3856,1.3922,1.382,1.3826,163765.76,0.0,0.0,0
15m,1774235700.0,1.3826,1.3854,1.3822,1.3839,71095.16,0.0,0.0,0
15m,1774236600.0,1.3839,1.3849,1.3787,1.3802,118718.78,0.0,0.0,0
15m,1774237500.0,1.3802,1.3824,1.379,1.3814,94460.43,0.0,0.0,0
15m,1774238400.0,1.3814,1.3838,1.3802,1.3805,103402.78,0.0,0.0,0
15m,1774239300.0,1.3805,1.3857,1.3788,1.3857,111783.85,0.0,0.0,0
15m,1774240200.0,1.3857,1.389,1.3849,1.3856,149736.23,0.0,0.0,0
15m,1774241100.0,1.3856,1.3907,1.3856,1.3905,176924.65,0.0,0.0,0
15m,1774242000.0,1.3905,1.3945,1.3903,1.3936,331494.32,0.0,0.0,0
15m,1774242900.0,1.3936,1.3953,1.3916,1.3931,230508.9,0.0,0.0,0
15m,1774243800.0,1.3931,1.3971,1.3896,1.3905,1051284.98,0.0,0.0,0
15m,1774244700.0,1.3905,1.3934,1.388,1.3911,252549.61,0.0,0.0,0
15m,1774245600.0,1.3911,1.3911,1.3813,1.3822,233258.34,0.0,0.0,0
15m,1774246500.0,1.3822,1.384,1.3794,1.3823,189097.27,0.0,0.0,0
15m,1774247400.0,1.3823,1.3829,1.3687,1.3712,479648.71,0.0,0.0,0
15m,1774248300.0,1.3712,1.3733,1.3687,1.3719,293440.64,0.0,0.0,0
15m,1774249200.0,1.3719,1.3722,1.3645,1.369,656707.11,0.0,0.0,0
15m,1774250100.0,1.369,1.3708,1.3626,1.3648,236772.29,0.0,0.0,0
15m,1774251000.0,1.3648,1.3756,1.3639,1.3751,234722.52,0.0,0.0,0
15m,1774251900.0,1.3751,1.3759,1.3719,1.3728,279035.45,0.0,0.0,0
15m,1774252800.0,1.3728,1.3801,1.3727,1.3779,243480.14,0.0,0.0,0
15m,1774253700.0,1.3779,1.379,1.3739,1.3748,108682.19,0.0,0.0,0
15m,1774254600.0,1.3748,1.3771,1.3729,1.3739,56377.21,0.0,0.0,0
15m,1774255500.0,1.3739,1.3744,1.3674,1.3685,185657.69,0.0,0.0,0
15m,1774256400.0,1.3685,1.3695,1.3659,1.3694,177296.04,0.0,0.0,0
15m,1774257300.0,1.3694,1.3716,1.3672,1.3685,120311.19,0.0,0.0,0
15m,1774258200.0,1.3685,1.3685,1.3618,1.3649,346939.43,0.0,0.0,0
15m,1774259100.0,1.3649,1.3695,1.3649,1.3691,91570.84,0.0,0.0,0
15m,1774260000.0,1.3691,1.3804,1.3684,1.378,350252.57,0.0,0.0,0
15m,1774260900.0,1.378,1.379,1.3724,1.3736,138802.93,0.0,0.0,0
15m,1774261800.0,1.3736,1.3736,1.3702,1.3713,115127.8,0.0,0.0,0
15m,1774262700.0,1.3713,1.3749,1.3686,1.3722,289091.58,0.0,0.0,0
15m,1774263600.0,1.3722,1.4452,1.3722,1.4274,11285155.88,0.0,0.0,0
15m,1774264500.0,1.4274,1.4372,1.4135,1.4274,2595048.15,0.0,0.0,0
15m,1774265400.0,1.4274,1.4349,1.4209,1.4223,901289.87,0.0,0.0,0
15m,1774266300.0,1.4223,1.4236,1.4089,1.4115,915988.57,0.0,0.0,0
15m,1774267200.0,1.4115,1.419,1.4019,1.4128,1079097.84,0.0,0.0,0
15m,1774268100.0,1.4128,1.422,1.4117,1.4173,554929.23,0.0,0.0,0
15m,1774269000.0,1.4173,1.4273,1.412,1.4247,1272870.39,0.0,0.0,0
15m,1774269900.0,1.4247,1.4273,1.4223,1.4253,330694.7,0.0,0.0,0
15m,1774270800.0,1.4253,1.43,1.4231,1.4238,522249.77,0.0,0.0,0
15m,1774271700.0,1.4238,1.4287,1.4237,1.4245,277250.82,0.0,0.0,0
15m,1774272600.0,1.4245,1.4385,1.4215,1.435,955193.74,0.0,0.0,0
15m,1774273500.0,1.435,1.4441,1.4332,1.4422,777579.49,0.0,0.0,0
15m,1774274400.0,1.4422,1.4529,1.4416,1.4475,1492491.27,0.0,0.0,0
15m,1774275300.0,1.4475,1.4526,1.4452,1.4462,575952.19,0.0,0.0,0
15m,1774276200.0,1.4462,1.4516,1.4449,1.4487,566270.14,0.0,0.0,0
15m,1774277100.0,1.4487,1.4567,1.4459,1.4553,563896.18,0.0,0.0,0
15m,1774278000.0,1.4553,1.4638,1.4553,1.4615,696908.02,0.0,0.0,0
15m,1774278900.0,1.4615,1.466,1.4555,1.4599,1184121.02,0.0,0.0,0
15m,1774279800.0,1.4599,1.4609,1.4437,1.4464,690217.11,0.0,0.0,0
15m,1774280700.0,1.4464,1.4498,1.4306,1.4313,936574.22,0.0,0.0,0
15m,1774281600.0,1.4313,1.4412,1.4313,1.4404,494039.45,0.0,0.0,0
15m,1774282500.0,1.4404,1.4428,1.4294,1.4296,542976.18,0.0,0.0,0
15m,1774283400.0,1.4296,1.4395,1.4275,1.4313,1113559.68,0.0,0.0,0
15m,1774284300.0,1.4313,1.4368,1.4306,1.4342,335564.63,0.0,0.0,0
15m,1774285200.0,1.4342,1.4386,1.432,1.4344,572825.33,0.0,0.0,0
15m,1774286100.0,1.4344,1.4358,1.4267,1.4304,311936.2,0.0,0.0,0
15m,1774287000.0,1.4304,1.4466,1.4297,1.4426,297336.43,0.0,0.0,0
15m,1774287900.0,1.4426,1.4451,1.4408,1.4443,123588.23,0.0,0.0,0
15m,1774288800.0,1.4443,1.4466,1.4381,1.4394,240801.23,0.0,0.0,0
15m,1774289700.0,1.4394,1.4412,1.437,1.4382,106793.84,0.0,0.0,0
15m,1774290600.0,1.4382,1.4426,1.4378,1.4387,111500.45,0.0,0.0,0
15m,1774291500.0,1.4387,1.4433,1.4386,1.4419,180810.61,0.0,0.0,0
15m,1774292400.0,1.4419,1.4456,1.4375,1.4379,230405.41,0.0,0.0,0
15m,1774293300.0,1.4379,1.4391,1.4354,1.438,82786.74,0.0,0.0,0
15m,1774294200.0,1.438,1.4393,1.4373,1.438,57362.52,0.0,0.0,0
15m,1774295100.0,1.438,1.4399,1.4317,1.4347,307330.2,0.0,0.0,0
15m,1774296000.0,1.4347,1.4374,1.4309,1.4364,263350.54,0.0,0.0,0
15m,1774296900.0,1.4364,1.4387,1.4349,1.4353,194947.53,0.0,0.0,0
15m,1774297800.0,1.4353,1.4399,1.4349,1.4396,78764.67,0.0,0.0,0
15m,1774298700.0,1.4396,1.4399,1.437,1.4382,114355.66,0.0,0.0,0
15m,1774299600.0,1.4382,1.4395,1.4357,1.4365,160915.4,0.0,0.0,0
15m,1774300500.0,1.4365,1.4376,1.4347,1.4362,226707.78,0.0,0.0,0
15m,1774301400.0,1.4362,1.4402,1.436,1.4393,135746.84,0.0,0.0,0
15m,1774302300.0,1.4393,1.4396,1.4349,1.4358,165758.33,0.0,0.0,0
15m,1774303200.0,1.4358,1.437,1.4281,1.4308,245528.41,0.0,0.0,0
15m,1774304100.0,1.4308,1.4325,1.429,1.4299,124241.05,0.0,0.0,0
15m,1774305000.0,1.4299,1.43,1.4257,1.4277,136447.49,0.0,0.0,0
15m,1774305900.0,1.4277,1.4304,1.4268,1.4299,29321.55,0.0,0.0,0
15m,1774306800.0,1.4299,1.4302,1.4247,1.4261,103592.92,0.0,0.0,0
15m,1774307700.0,1.4261,1.4311,1.4238,1.4301,147476.77,0.0,0.0,0
15m,1774308600.0,1.4301,1.4317,1.4281,1.4312,55199.33,0.0,0.0,0
15m,1774309500.0,1.4312,1.4343,1.4288,1.4322,95914.19,0.0,0.0,0
15m,1774310400.0,1.4322,1.4351,1.4276,1.4279,198083.89,0.0,0.0,0
15m,1774311300.0,1.4279,1.4281,1.423,1.4233,210911.64,0.0,0.0,0
15m,1774312200.0,1.4233,1.4235,1.4164,1.42,332877.1,0.0,0.0,0
15m,1774313100.0,1.42,1.4238,1.4198,1.4201,47819.06,0.0,0.0,0
15m,1774314000.0,1.4201,1.4235,1.4185,1.4196,105537.63,0.0,0.0,0
15m,1774314900.0,1.4196,1.4229,1.4179,1.4221,119053.76,0.0,0.0,0
15m,1774315800.0,1.4221,1.4221,1.41,1.4123,202960.4,0.0,0.0,0
15m,1774316700.0,1.4123,1.4146,1.4102,1.4137,222588.88,0.0,0.0,0
15m,1774317600.0,1.4137,1.4167,1.411,1.4114,345297.08,0.0,0.0,0
15m,1774318500.0,1.4114,1.4168,1.4112,1.4153,155824.29,0.0,0.0,0
15m,1774319400.0,1.4153,1.4165,1.4102,1.4142,248170.34,0.0,0.0,0
15m,1774320300.0,1.4142,1.4144,1.4089,1.4094,236819.83,0.0,0.0,0
15m,1774321200.0,1.4094,1.4115,1.4086,1.4103,102159.67,0.0,0.0,0
15m,1774322100.0,1.4103,1.413,1.4102,1.4115,62257.29,0.0,0.0,0
15m,1774323000.0,1.4115,1.4139,1.41,1.4129,66075.04,0.0,0.0,0
15m,1774323900.0,1.4129,1.4161,1.4128,1.4146,138433.76,0.0,0.0,0
15m,1774324800.0,1.4146,1.4168,1.413,1.4136,165307.54,0.0,0.0,0
15m,1774325700.0,1.4136,1.4139,1.4111,1.4114,92577.46,0.0,0.0,0
15m,1774326600.0,1.4114,1.4114,1.4072,1.4084,98780.94,0.0,0.0,0
15m,1774327500.0,1.4084,1.4102,1.4069,1.4087,76683.91,0.0,0.0,0
15m,1774328400.0,1.4087,1.4093,1.4051,1.4088,208978.33,0.0,0.0,0
15m,1774329300.0,1.4088,1.4145,1.4086,1.4118,186591.32,0.0,0.0,0
15m,1774330200.0,1.4118,1.4145,1.4118,1.4136,38604.98,0.0,0.0,0
15m,1774331100.0,1.4136,1.4156,1.4132,1.414,90205.93,0.0,0.0,0
15m,1774332000.0,1.414,1.414,1.4105,1.4112,109762.25,0.0,0.0,0
15m,1774332900.0,1.4112,1.4149,1.4104,1.4123,196814.33,0.0,0.0,0
15m,1774333800.0,1.4123,1.4152,1.4123,1.4133,53495.17,0.0,0.0,0
15m,1774334700.0,1.4133,1.4172,1.4106,1.4159,274301.63,0.0,0.0,0
15m,1774335600.0,1.4159,1.4259,1.4145,1.4232,240825.15,0.0,0.0,0
15m,1774336500.0,1.4232,1.4252,1.4204,1.4223,303340.83,0.0,0.0,0
15m,1774337400.0,1.4223,1.4245,1.4215,1.4233,172663.87,0.0,0.0,0
15m,1774338300.0,1.4233,1.4324,1.4228,1.4314,393372.79,0.0,0.0,0
15m,1774339200.0,1.4314,1.4334,1.4262,1.4281,444322.81,0.0,0.0,0
15m,1774340100.0,1.4281,1.4281,1.4216,1.4216,160672.79,0.0,0.0,0
15m,1774341000.0,1.4216,1.4241,1.4199,1.4214,78641.75,0.0,0.0,0
15m,1774341900.0,1.4214,1.4224,1.4149,1.4175,467583.97,0.0,0.0,0
15m,1774342800.0,1.4175,1.4177,1.414,1.4143,175649.09,0.0,0.0,0
15m,1774343700.0,1.4143,1.4173,1.4134,1.416,108953.28,0.0,0.0,0
15m,1774344600.0,1.416,1.4213,1.4142,1.4206,143463.85,0.0,0.0,0
15m,1774345500.0,1.4206,1.4241,1.4202,1.4233,230493.54,0.0,0.0,0
15m,1774346400.0,1.4233,1.4235,1.4192,1.4203,197607.04,0.0,0.0,0
15m,1774347300.0,1.4203,1.4209,1.4184,1.4184,246957.55,0.0,0.0,0
15m,1774348200.0,1.4184,1.42,1.4169,1.4189,139224.86,0.0,0.0,0
15m,1774349100.0,1.4189,1.4219,1.4175,1.4218,147630.75,0.0,0.0,0
15m,1774350000.0,1.4218,1.4218,1.4152,1.4188,389536.97,0.0,0.0,0
15m,1774350900.0,1.4188,1.4203,1.4159,1.4192,164054.34,0.0,0.0,0
15m,1774351800.0,1.4192,1.4261,1.4186,1.4222,456514.99,0.0,0.0,0
15m,1774352700.0,1.4222,1.4236,1.4188,1.4233,295279.16,0.0,0.0,0
15m,1774353600.0,1.4233,1.4236,1.4191,1.4204,212834.41,0.0,0.0,0
15m,1774354500.0,1.4204,1.4211,1.4196,1.4202,99694.07,0.0,0.0,0
15m,1774355400.0,1.4202,1.4202,1.4145,1.4168,187768.01,0.0,0.0,0
15m,1774356300.0,1.4168,1.4188,1.4158,1.4166,142547.93,0.0,0.0,0
15m,1774357200.0,1.4166,1.418,1.4112,1.4136,365034.35,0.0,0.0,0
15m,1774358100.0,1.4136,1.4144,1.4097,1.414,474887.88,0.0,0.0,0
15m,1774359000.0,1.414,1.4169,1.4037,1.4042,776536.83,0.0,0.0,0
15m,1774359900.0,1.4042,1.4072,1.4005,1.4026,530758.07,0.0,0.0,0
15m,1774360800.0,1.4026,1.4078,1.3974,1.4002,498549.25,0.0,0.0,0
15m,1774361700.0,1.4002,1.4049,1.3976,1.4027,372101.93,0.0,0.0,0
15m,1774362600.0,1.4027,1.404,1.3977,1.4,301302.43,0.0,0.0,0
15m,1774363500.0,1.4,1.409,1.3957,1.4022,853480.53,0.0,0.0,0
15m,1774364400.0,1.4022,1.4055,1.4008,1.4033,312183.4,0.0,0.0,0
15m,1774365300.0,1.4033,1.4086,1.4021,1.4044,264678.24,0.0,0.0,0
15m,1774366200.0,1.4044,1.4081,1.4011,1.4045,197958.38,0.0,0.0,0
15m,1774367100.0,1.4045,1.4061,1.4005,1.401,180115.7,0.0,0.0,0
15m,1774368000.0,1.401,1.4025,1.3997,1.4023,186504.72,0.0,0.0,0
15m,1774368900.0,1.4023,1.4039,1.3973,1.398,187964.62,0.0,0.0,0
15m,1774369800.0,1.398,1.3989,1.3894,1.3935,755193.28,0.0,0.0,0
15m,1774370700.0,1.3935,1.3944,1.3903,1.391,290911.39,0.0,0.0,0
15m,1774371600.0,1.391,1.392,1.3871,1.3918,466788.5,0.0,0.0,0
15m,1774372500.0,1.3918,1.3939,1.3891,1.3897,178695.15,0.0,0.0,0
15m,1774373400.0,1.3897,1.3908,1.3838,1.3849,312306.89,0.0,0.0,0
15m,1774374300.0,1.3849,1.3899,1.3848,1.3882,279441.25,0.0,0.0,0
15m,1774375200.0,1.3882,1.3912,1.3872,1.3898,431147.66,0.0,0.0,0
15m,1774376100.0,1.3898,1.3906,1.3877,1.389,377011.41,0.0,0.0,0
15m,1774377000.0,1.389,1.3949,1.3885,1.3905,438793.23,0.0,0.0,0
15m,1774377900.0,1.3905,1.3906,1.3879,1.3889,207498.68,0.0,0.0,0
15m,1774378800.0,1.3889,1.3927,1.3889,1.3922,145201.62,0.0,0.0,0
15m,1774379700.0,1.3922,1.3937,1.392,1.3921,301985.33,0.0,0.0,0
15m,1774380600.0,1.3921,1.3927,1.3906,1.3909,153150.65,0.0,0.0,0
15m,1774381500.0,1.3909,1.3909,1.3873,1.3879,344428.61,0.0,0.0,0
15m,1774382400.0,1.3879,1.3887,1.3863,1.3884,221391.6,0.0,0.0,0
15m,1774383300.0,1.3884,1.4086,1.3881,1.403,585662.75,0.0,0.0,0
15m,1774384200.0,1.403,1.4093,1.4022,1.4068,542176.3,0.0,0.0,0
15m,1774385100.0,1.4068,1.4128,1.4041,1.4099,269468.29,0.0,0.0,0
15m,1774386000.0,1.4099,1.4116,1.4052,1.4068,265979.95,0.0,0.0,0
15m,1774386900.0,1.4068,1.4095,1.4051,1.4094,120481.38,0.0,0.0,0
15m,1774387800.0,1.4094,1.4143,1.4082,1.4127,192102.34,0.0,0.0,0
15m,1774388700.0,1.4127,1.4143,1.4103,1.413,208073.47,0.0,0.0,0
15m,1774389600.0,1.413,1.4145,1.4099,1.4138,188589.49,0.0,0.0,0
15m,1774390500.0,1.4138,1.414,1.4102,1.4103,116263.2,0.0,0.0,0
15m,1774391400.0,1.4103,1.4118,1.4081,1.4101,116748.39,0.0,0.0,0
15m,1774392300.0,1.4101,1.4125,1.41,1.4114,114306.88,0.0,0.0,0
15m,1774393200.0,1.4114,1.4133,1.4094,1.4119,135020.28,0.0,0.0,0
15m,1774394100.0,1.4119,1.4177,1.4118,1.4165,294586.32,0.0,0.0,0
15m,1774395000.0,1.4165,1.418,1.415,1.415,90095.77,0.0,0.0,0
15m,1774395900.0,1.415,1.4164,1.4147,1.4159,63116.23,0.0,0.0,0
15m,1774396800.0,1.4159,1.421,1.4146,1.421,190011.88,0.0,0.0,0
15m,1774397700.0,1.421,1.421,1.4164,1.4169,168302.14,0.0,0.0,0
15m,1774398600.0,1.4169,1.4248,1.412,1.4225,697787.34,0.0,0.0,0
15m,1774399500.0,1.4225,1.4243,1.4202,1.4204,153882.42,0.0,0.0,0
15m,1774400400.0,1.4204,1.4223,1.4179,1.4185,343178.19,0.0,0.0,0
15m,1774401300.0,1.4185,1.4192,1.4157,1.4192,77224.65,0.0,0.0,0
15m,1774402200.0,1.4192,1.4223,1.4176,1.4206,143114.86,0.0,0.0,0
15m,1774403100.0,1.4206,1.4206,1.4168,1.4168,91832.88,0.0,0.0,0
15m,1774404000.0,1.4168,1.4172,1.4145,1.4155,518342.86,0.0,0.0,0
15m,1774404900.0,1.4155,1.4163,1.4133,1.4133,205576.97,0.0,0.0,0
15m,1774405800.0,1.4133,1.4145,1.4118,1.4143,309838.18,0.0,0.0,0
15m,1774406700.0,1.4143,1.4159,1.4104,1.4105,101836.11,0.0,0.0,0
15m,1774407600.0,1.4105,1.4107,1.4071,1.4088,133074.0,0.0,0.0,0
15m,1774408500.0,1.4088,1.4106,1.4071,1.4106,114979.17,0.0,0.0,0
15m,1774409400.0,1.4106,1.4142,1.4106,1.4128,88059.87,0.0,0.0,0
15m,1774410300.0,1.4128,1.4148,1.4128,1.4134,79746.83,0.0,0.0,0
15m,1774411200.0,1.4134,1.4164,1.4129,1.4158,99319.34,0.0,0.0,0
15m,1774412100.0,1.4158,1.4158,1.4129,1.4136,107451.81,0.0,0.0,0
15m,1774413000.0,1.4136,1.4138,1.4112,1.4118,50550.96,0.0,0.0,0
15m,1774413900.0,1.4118,1.4173,1.4117,1.4161,78807.29,0.0,0.0,0
15m,1774414800.0,1.4161,1.4234,1.4151,1.4217,305936.66,0.0,0.0,0
15m,1774415700.0,1.4217,1.4219,1.4193,1.4212,95297.62,0.0,0.0,0
15m,1774416600.0,1.4212,1.4223,1.4187,1.4198,59841.28,0.0,0.0,0
15m,1774417500.0,1.4198,1.4199,1.417,1.4177,173591.55,0.0,0.0,0
15m,1774418400.0,1.4177,1.4194,1.4162,1.4168,175848.75,0.0,0.0,0
15m,1774419300.0,1.4168,1.4232,1.4168,1.4227,215928.84,0.0,0.0,0
15m,1774420200.0,1.4227,1.4228,1.4209,1.4209,68157.19,0.0,0.0,0
15m,1774421100.0,1.4209,1.4219,1.4176,1.4178,235853.3,0.0,0.0,0
15m,1774422000.0,1.4178,1.4227,1.4172,1.4223,106556.35,0.0,0.0,0
15m,1774422900.0,1.4223,1.4223,1.4191,1.4196,66193.91,0.0,0.0,0
15m,1774423800.0,1.4196,1.4266,1.4196,1.4238,373660.08,0.0,0.0,0
15m,1774424700.0,1.4238,1.4243,1.4187,1.4199,217866.77,0.0,0.0,0
15m,1774425600.0,1.4199,1.4255,1.4183,1.4183,498891.69,0.0,0.0,0
15m,1774426500.0,1.4183,1.4226,1.418,1.4195,183484.64,0.0,0.0,0
15m,1774427400.0,1.4195,1.4253,1.4182,1.4242,518852.59,0.0,0.0,0
15m,1774428300.0,1.4242,1.4242,1.4186,1.4196,136098.15,0.0,0.0,0
15m,1774429200.0,1.4196,1.4209,1.4185,1.4185,111043.94,0.0,0.0,0
15m,1774430100.0,1.4185,1.4216,1.4174,1.4176,132224.73,0.0,0.0,0
15m,1774431000.0,1.4176,1.4185,1.4128,1.4169,486627.66,0.0,0.0,0
15m,1774431900.0,1.4169,1.4193,1.4133,1.4179,168048.6,0.0,0.0,0
15m,1774432800.0,1.4179,1.421,1.4169,1.4205,273857.12,0.0,0.0,0
15m,1774433700.0,1.4205,1.4209,1.419,1.4205,214964.13,0.0,0.0,0
15m,1774434600.0,1.4205,1.4226,1.4193,1.4213,167517.89,0.0,0.0,0
15m,1774435500.0,1.4213,1.4239,1.421,1.4229,153440.19,0.0,0.0,0
15m,1774436400.0,1.4229,1.4311,1.4227,1.4309,379245.93,0.0,0.0,0
15m,1774437300.0,1.4309,1.4381,1.4294,1.4334,1450933.88,0.0,0.0,0
15m,1774438200.0,1.4334,1.4373,1.4312,1.4315,390182.66,0.0,0.0,0
15m,1774439100.0,1.4315,1.4321,1.4248,1.429,300153.05,0.0,0.0,0
15m,1774440000.0,1.429,1.4323,1.4266,1.4271,406328.11,0.0,0.0,0
15m,1774440900.0,1.4271,1.4271,1.4136,1.4183,742409.55,0.0,0.0,0
15m,1774441800.0,1.4183,1.4204,1.4159,1.4174,355368.27,0.0,0.0,0
15m,1774442700.0,1.4174,1.427,1.4162,1.4224,253187.31,0.0,0.0,0
15m,1774443600.0,1.4224,1.4256,1.4198,1.4252,248476.54,0.0,0.0,0
15m,1774444500.0,1.4252,1.426,1.4225,1.4225,108399.91,0.0,0.0,0
15m,1774445400.0,1.4225,1.4295,1.4219,1.4222,322138.6,0.0,0.0,0
15m,1774446300.0,1.4222,1.4246,1.4185,1.4204,365246.5,0.0,0.0,0
15m,1774447200.0,1.4204,1.4224,1.4161,1.4182,831967.63,0.0,0.0,0
15m,1774448100.0,1.4182,1.422,1.4172,1.4183,385044.94,0.0,0.0,0
15m,1774449000.0,1.4183,1.421,1.4172,1.4182,198428.47,0.0,0.0,0
15m,1774449900.0,1.4182,1.4192,1.4151,1.4153,323258.04,0.0,0.0,0
15m,1774450800.0,1.4153,1.4167,1.4076,1.4088,736249.87,0.0,0.0,0
15m,1774451700.0,1.4088,1.4105,1.402,1.4097,658440.12,0.0,0.0,0
15m,1774452600.0,1.4097,1.411,1.4044,1.4053,160153.74,0.0,0.0,0
15m,1774453500.0,1.4053,1.4093,1.4031,1.4073,477843.98,0.0,0.0,0
15m,1774454400.0,1.4073,1.4116,1.4048,1.4087,409624.49,0.0,0.0,0
15m,1774455300.0,1.4087,1.421,1.4074,1.4179,463354.43,0.0,0.0,0
15m,1774456200.0,1.4179,1.42,1.4154,1.4187,160119.41,0.0,0.0,0
15m,1774457100.0,1.4187,1.4187,1.4151,1.4156,176411.27,0.0,0.0,0
15m,1774458000.0,1.4156,1.4173,1.4136,1.4153,159232.95,0.0,0.0,0
15m,1774458900.0,1.4153,1.417,1.4127,1.4142,97634.64,0.0,0.0,0
15m,1774459800.0,1.4142,1.4158,1.4124,1.4142,230328.02,0.0,0.0,0
15m,1774460700.0,1.4142,1.4147,1.4097,1.4114,242577.99,0.0,0.0,0
15m,1774461600.0,1.4114,1.4141,1.4109,1.4139,261302.89,0.0,0.0,0
15m,1774462500.0,1.4139,1.4188,1.4139,1.4172,95802.11,0.0,0.0,0
15m,1774463400.0,1.4172,1.4181,1.4134,1.4146,68902.5,0.0,0.0,0
15m,1774464300.0,1.4146,1.4154,1.4099,1.4126,94787.82,0.0,0.0,0
15m,1774465200.0,1.4126,1.4153,1.4108,1.4132,199907.82,0.0,0.0,0
15m,1774466100.0,1.4132,1.4155,1.4124,1.4143,74693.89,0.0,0.0,0
15m,1774467000.0,1.4143,1.4151,1.4116,1.4116,74426.37,0.0,0.0,0
15m,1774467900.0,1.4116,1.4133,1.4089,1.4117,195566.73,0.0,0.0,0
15m,1774468800.0,1.4117,1.4144,1.411,1.4131,180497.6,0.0,0.0,0
15m,1774469700.0,1.4131,1.4148,1.4103,1.4114,93823.31,0.0,0.0,0
15m,1774470600.0,1.4114,1.4135,1.4098,1.4135,70266.85,0.0,0.0,0
15m,1774471500.0,1.4135,1.4153,1.413,1.4146,33912.52,0.0,0.0,0
15m,1774472400.0,1.4146,1.4173,1.4124,1.4168,111760.16,0.0,0.0,0
15m,1774473300.0,1.4168,1.4172,1.4121,1.4128,65471.0,0.0,0.0,0
15m,1774474200.0,1.4128,1.4156,1.4121,1.4145,37185.31,0.0,0.0,0
15m,1774475100.0,1.4145,1.4148,1.4129,1.4135,38069.01,0.0,0.0,0
15m,1774476000.0,1.4135,1.4159,1.4125,1.4131,73907.82,0.0,0.0,0
15m,1774476900.0,1.4131,1.4141,1.4126,1.4134,53100.67,0.0,0.0,0
15m,1774477800.0,1.4134,1.4227,1.4134,1.4193,286869.68,0.0,0.0,0
15m,1774478700.0,1.4193,1.4203,1.4175,1.418,63439.62,0.0,0.0,0
15m,1774479600.0,1.418,1.4194,1.4166,1.4166,131452.75,0.0,0.0,0
15m,1774480500.0,1.4166,1.4182,1.4154,1.4167,42692.31,0.0,0.0,0
15m,1774481400.0,1.4167,1.4171,1.4133,1.4134,68973.69,0.0,0.0,0
15m,1774482300.0,1.4134,1.4151,1.4128,1.4146,72286.38,0.0,0.0,0
15m,1774483200.0,1.4146,1.4151,1.412,1.4128,73777.44,0.0,0.0,0
15m,1774484100.0,1.4128,1.4158,1.4128,1.413,407446.7,0.0,0.0,0
15m,1774485000.0,1.413,1.4149,1.4127,1.4149,173444.48,0.0,0.0,0
15m,1774485900.0,1.4149,1.4165,1.4113,1.4135,81330.34,0.0,0.0,0
15m,1774486800.0,1.4135,1.4152,1.4119,1.4127,55604.25,0.0,0.0,0
15m,1774487700.0,1.4127,1.414,1.4104,1.414,103722.25,0.0,0.0,0
15m,1774488600.0,1.414,1.415,1.4111,1.4117,106514.7,0.0,0.0,0
15m,1774489500.0,1.4117,1.4125,1.4103,1.4112,32942.4,0.0,0.0,0
15m,1774490400.0,1.4112,1.4118,1.4076,1.4079,113858.45,0.0,0.0,0
15m,1774491300.0,1.4079,1.408,1.405,1.4056,116251.8,0.0,0.0,0
15m,1774492200.0,1.4056,1.4056,1.4,1.4023,223969.46,0.0,0.0,0
15m,1774493100.0,1.4023,1.4039,1.4019,1.4038,49720.3,0.0,0.0,0
15m,1774494000.0,1.4038,1.4038,1.3997,1.4033,128714.2,0.0,0.0,0
15m,1774494900.0,1.4033,1.4033,1.3964,1.3975,133560.07,0.0,0.0,0
15m,1774495800.0,1.3975,1.4009,1.3975,1.3996,91796.45,0.0,0.0,0
15m,1774496700.0,1.3996,1.4022,1.3993,1.4018,132960.89,0.0,0.0,0
15m,1774497600.0,1.4018,1.4018,1.3981,1.3981,73907.12,0.0,0.0,0
15m,1774498500.0,1.3981,1.4017,1.3979,1.4016,55317.01,0.0,0.0,0
15m,1774499400.0,1.4016,1.4036,1.4011,1.4035,116376.12,0.0,0.0,0
15m,1774500300.0,1.4035,1.4057,1.4023,1.4027,136264.89,0.0,0.0,0
15m,1774501200.0,1.4027,1.403,1.3956,1.3966,175647.59,0.0,0.0,0
15m,1774502100.0,1.3966,1.398,1.3936,1.3963,146400.13,0.0,0.0,0
15m,1774503000.0,1.3963,1.3977,1.3917,1.3922,196019.77,0.0,0.0,0
15m,1774503900.0,1.3922,1.393,1.3882,1.3891,283497.84,0.0,0.0,0
15m,1774504800.0,1.3891,1.3911,1.3865,1.3911,236542.38,0.0,0.0,0
15m,1774505700.0,1.3911,1.3935,1.3864,1.3883,859984.43,0.0,0.0,0
15m,1774506600.0,1.3883,1.3892,1.3865,1.387,252740.91,0.0,0.0,0
15m,1774507500.0,1.387,1.3877,1.3852,1.3852,203751.49,0.0,0.0,0
15m,1774508400.0,1.3852,1.3877,1.3825,1.3834,476185.6,0.0,0.0,0
15m,1774509300.0,1.3834,1.387,1.3794,1.3835,794607.39,0.0,0.0,0
15m,1774510200.0,1.3835,1.3861,1.3818,1.3842,215746.81,0.0,0.0,0
15m,1774511100.0,1.3842,1.3871,1.3842,1.3857,68600.57,0.0,0.0,0
15m,1774512000.0,1.3857,1.3865,1.3819,1.3819,179659.98,0.0,0.0,0
15m,1774512900.0,1.3819,1.3838,1.3818,1.3819,100349.04,0.0,0.0,0
15m,1774513800.0,1.3819,1.3841,1.3803,1.3809,300159.26,0.0,0.0,0
15m,1774514700.0,1.3809,1.3831,1.3807,1.3823,90782.78,0.0,0.0,0
15m,1774515600.0,1.3823,1.3843,1.3807,1.3815,289608.21,0.0,0.0,0
15m,1774516500.0,1.3815,1.3815,1.3785,1.3805,142418.56,0.0,0.0,0
15m,1774517400.0,1.3805,1.3805,1.3685,1.372,831502.64,0.0,0.0,0
15m,1774518300.0,1.372,1.3733,1.3694,1.373,249590.73,0.0,0.0,0
15m,1774519200.0,1.373,1.373,1.3695,1.3696,204441.45,0.0,0.0,0
15m,1774520100.0,1.3696,1.3759,1.3696,1.3754,435006.59,0.0,0.0,0
15m,1774521000.0,1.3754,1.3773,1.3739,1.3744,296083.61,0.0,0.0,0
15m,1774521900.0,1.3744,1.3751,1.3731,1.3735,202407.29,0.0,0.0,0
15m,1774522800.0,1.3735,1.3766,1.3705,1.3743,387260.35,0.0,0.0,0
15m,1774523700.0,1.3743,1.3747,1.369,1.3707,387689.72,0.0,0.0,0
15m,1774524600.0,1.3707,1.3736,1.3704,1.3726,350600.92,0.0,0.0,0
15m,1774525500.0,1.3726,1.3741,1.3709,1.3709,208821.94,0.0,0.0,0
15m,1774526400.0,1.3709,1.3736,1.3701,1.3726,188341.32,0.0,0.0,0
15m,1774527300.0,1.3726,1.3756,1.3726,1.3744,222360.45,0.0,0.0,0
15m,1774528200.0,1.3744,1.3749,1.3722,1.3728,339532.45,0.0,0.0,0
15m,1774529100.0,1.3728,1.3749,1.3728,1.3745,320183.94,0.0,0.0,0
15m,1774530000.0,1.3745,1.3761,1.3741,1.3752,198324.56,0.0,0.0,0
15m,1774530900.0,1.3752,1.3764,1.3742,1.3753,273434.09,0.0,0.0,0
15m,1774531800.0,1.3753,1.3768,1.3711,1.3766,321939.24,0.0,0.0,0
15m,1774532700.0,1.3766,1.3827,1.3766,1.3785,890160.61,0.0,0.0,0
15m,1774533600.0,1.3785,1.3816,1.3739,1.375,356497.56,0.0,0.0,0
15m,1774534500.0,1.375,1.3762,1.3717,1.3732,351875.56,0.0,0.0,0
15m,1774535400.0,1.3732,1.3761,1.3698,1.3706,345457.95,0.0,0.0,0
15m,1774536300.0,1.3706,1.3722,1.3651,1.3685,624265.53,0.0,0.0,0
15m,1774537200.0,1.3685,1.3686,1.3552,1.3561,2058321.43,0.0,0.0,0
15m,1774538100.0,1.3561,1.3603,1.3526,1.359,912757.77,0.0,0.0,0
15m,1774539000.0,1.359,1.359,1.3569,1.3588,245930.33,0.0,0.0,0
15m,1774539900.0,1.3588,1.3617,1.3584,1.3605,351256.09,0.0,0.0,0
15m,1774540800.0,1.3605,1.3658,1.36,1.3655,233064.16,0.0,0.0,0
15m,1774541700.0,1.3655,1.3671,1.3613,1.3624,820816.75,0.0,0.0,0
15m,1774542600.0,1.3624,1.3654,1.3617,1.3646,185137.27,0.0,0.0,0
15m,1774543500.0,1.3646,1.3651,1.3606,1.3608,189317.14,0.0,0.0,0
15m,1774544400.0,1.3608,1.3644,1.3604,1.3615,117912.26,0.0,0.0,0
15m,1774545300.0,1.3615,1.3628,1.3604,1.3618,180055.1,0.0,0.0,0
15m,1774546200.0,1.3618,1.3627,1.3592,1.3596,214482.8,0.0,0.0,0
15m,1774547100.0,1.3596,1.3599,1.3514,1.354,645004.44,0.0,0.0,0
15m,1774548000.0,1.354,1.3556,1.3389,1.341,2932815.77,0.0,0.0,0
15m,1774548900.0,1.341,1.3433,1.3358,1.3412,814426.5,0.0,0.0,0
15m,1774549800.0,1.3412,1.3447,1.3408,1.3443,272006.79,0.0,0.0,0
15m,1774550700.0,1.3443,1.3479,1.3435,1.3473,293954.51,0.0,0.0,0
15m,1774551600.0,1.3473,1.3473,1.3444,1.3451,127095.55,0.0,0.0,0
15m,1774552500.0,1.3451,1.3478,1.3445,1.345,218504.53,0.0,0.0,0
15m,1774553400.0,1.345,1.3519,1.3441,1.3505,1137071.18,0.0,0.0,0
15m,1774554300.0,1.3505,1.3513,1.344,1.3443,335892.46,0.0,0.0,0
15m,1774555200.0,1.3443,1.3659,1.3442,1.3576,1661593.68,0.0,0.0,0
15m,1774556100.0,1.3576,1.3673,1.3559,1.361,2067416.59,0.0,0.0,0
15m,1774557000.0,1.361,1.3638,1.3605,1.3632,134121.66,0.0,0.0,0
15m,1774557900.0,1.3632,1.3632,1.3579,1.3595,427204.13,0.0,0.0,0
15m,1774558800.0,1.3595,1.3642,1.3581,1.3631,219132.84,0.0,0.0,0
15m,1774559700.0,1.3631,1.3678,1.363,1.3666,201826.32,0.0,0.0,0
15m,1774560600.0,1.3666,1.371,1.3646,1.3688,399225.65,0.0,0.0,0
15m,1774561500.0,1.3688,1.3697,1.365,1.367,169770.68,0.0,0.0,0
15m,1774562400.0,1.367,1.3689,1.3647,1.3659,634722.2,0.0,0.0,0
15m,1774563300.0,1.3659,1.3663,1.3582,1.3613,302751.11,0.0,0.0,0
15m,1774564200.0,1.3613,1.3626,1.3602,1.3616,148481.54,0.0,0.0,0
15m,1774565100.0,1.3616,1.3636,1.3611,1.3636,104107.99,0.0,0.0,0
15m,1774566000.0,1.3636,1.3652,1.361,1.3615,157030.25,0.0,0.0,0
15m,1774566900.0,1.3615,1.3629,1.3592,1.3605,106075.17,0.0,0.0,0
15m,1774567800.0,1.3605,1.3611,1.3589,1.3594,96002.04,0.0,0.0,0
15m,1774568700.0,1.3594,1.3619,1.3592,1.3609,55908.54,0.0,0.0,0
15m,1774569600.0,1.3609,1.3636,1.3598,1.3632,134133.0,0.0,0.0,0
15m,1774570500.0,1.3632,1.3638,1.3596,1.3603,65727.28,0.0,0.0,0
15m,1774571400.0,1.3603,1.3621,1.3582,1.3602,150465.74,0.0,0.0,0
15m,1774572300.0,1.3602,1.3629,1.3591,1.3617,91003.85,0.0,0.0,0
15m,1774573200.0,1.3617,1.3659,1.3606,1.3657,145713.17,0.0,0.0,0
15m,1774574100.0,1.3657,1.3676,1.3652,1.3656,99283.74,0.0,0.0,0
15m,1774575000.0,1.3656,1.3666,1.3635,1.365,88972.36,0.0,0.0,0
15m,1774575900.0,1.365,1.3699,1.365,1.3692,310206.36,0.0,0.0,0
15m,1774576800.0,1.3692,1.3704,1.368,1.3686,107106.85,0.0,0.0,0
15m,1774577700.0,1.3686,1.3694,1.367,1.3694,52595.0,0.0,0.0,0
15m,1774578600.0,1.3694,1.3726,1.3693,1.3697,144744.0,0.0,0.0,0
15m,1774579500.0,1.3697,1.3722,1.3697,1.3706,184937.17,0.0,0.0,0
15m,1774580400.0,1.3706,1.3712,1.3648,1.3658,158093.08,0.0,0.0,0
15m,1774581300.0,1.3658,1.3667,1.3649,1.366,87536.07,0.0,0.0,0
15m,1774582200.0,1.366,1.367,1.3653,1.3657,71035.34,0.0,0.0,0
15m,1774583100.0,1.3657,1.3658,1.3638,1.3642,69005.88,0.0,0.0,0
15m,1774584000.0,1.3642,1.3648,1.3572,1.3575,361636.29,0.0,0.0,0
15m,1774584900.0,1.3575,1.3629,1.3562,1.3626,126166.71,0.0,0.0,0
15m,1774585800.0,1.3626,1.3634,1.3614,1.3624,140700.77,0.0,0.0,0
15m,1774586700.0,1.3624,1.3636,1.3616,1.3634,82918.66,0.0,0.0,0
15m,1774587600.0,1.3634,1.3682,1.3626,1.3673,269890.57,0.0,0.0,0
15m,1774588500.0,1.3673,1.3687,1.3616,1.3625,163992.26,0.0,0.0,0
15m,1774589400.0,1.3625,1.364,1.3607,1.3617,118213.33,0.0,0.0,0
15m,1774590300.0,1.3617,1.3634,1.3615,1.3624,40347.82,0.0,0.0,0
15m,1774591200.0,1.3624,1.3638,1.3613,1.3635,65566.48,0.0,0.0,0
15m,1774592100.0,1.3635,1.3644,1.3626,1.3632,207228.89,0.0,0.0,0
15m,1774593000.0,1.3632,1.3636,1.3611,1.3611,132608.87,0.0,0.0,0
15m,1774593900.0,1.3611,1.3611,1.3595,1.3601,154120.55,0.0,0.0,0
15m,1774594800.0,1.3601,1.3636,1.3585,1.3617,95690.59,0.0,0.0,0
15m,1774595700.0,1.3617,1.3648,1.3615,1.3638,97840.82,0.0,0.0,0
15m,1774596600.0,1.3638,1.364,1.3576,1.3587,241595.13,0.0,0.0,0
15m,1774597500.0,1.3587,1.3597,1.3579,1.3589,181221.79,0.0,0.0,0
15m,1774598400.0,1.3589,1.3615,1.3582,1.3591,193798.87,0.0,0.0,0
15m,1774599300.0,1.3591,1.3596,1.3525,1.3526,278846.92,0.0,0.0,0
15m,1774600200.0,1.3526,1.3543,1.344,1.3465,818868.0,0.0,0.0,0
15m,1774601100.0,1.3465,1.3521,1.3463,1.3506,268512.24,0.0,0.0,0
15m,1774602000.0,1.3506,1.3509,1.3399,1.3423,272749.56,0.0,0.0,0
15m,1774602900.0,1.3423,1.3485,1.3419,1.3479,127995.47,0.0,0.0,0
15m,1774603800.0,1.3479,1.3479,1.3444,1.3451,51799.55,0.0,0.0,0
15m,1774604700.0,1.3451,1.3476,1.3447,1.3463,111991.15,0.0,0.0,0
15m,1774605600.0,1.3463,1.3475,1.3445,1.3465,77039.92,0.0,0.0,0
15m,1774606500.0,1.3465,1.3479,1.346,1.3468,253905.87,0.0,0.0,0
15m,1774607400.0,1.3468,1.347,1.326,1.3351,2696809.62,0.0,0.0,0
15m,1774608300.0,1.3351,1.3387,1.3292,1.3331,956986.65,0.0,0.0,0
15m,1774609200.0,1.3331,1.3369,1.3295,1.3368,556909.78,0.0,0.0,0
15m,1774610100.0,1.3368,1.3376,1.3343,1.337,319900.72,0.0,0.0,0
15m,1774611000.0,1.337,1.3386,1.3339,1.3342,534982.55,0.0,0.0,0
15m,1774611900.0,1.3342,1.337,1.3339,1.335,497046.04,0.0,0.0,0
15m,1774612800.0,1.335,1.3351,1.3303,1.3319,419556.42,0.0,0.0,0
15m,1774613700.0,1.3319,1.3327,1.3292,1.3305,845050.15,0.0,0.0,0
15m,1774614600.0,1.3305,1.3317,1.3278,1.3293,828317.83,0.0,0.0,0
15m,1774615500.0,1.3293,1.3334,1.3262,1.3324,1721615.24,0.0,0.0,0
15m,1774616400.0,1.3324,1.3354,1.3323,1.3338,449172.55,0.0,0.0,0
15m,1774617300.0,1.3338,1.3411,1.3338,1.3378,370052.41,0.0,0.0,0
15m,1774618200.0,1.3378,1.3431,1.3276,1.3401,924860.76,0.0,0.0,0
15m,1774619100.0,1.3401,1.3425,1.3327,1.3403,923834.52,0.0,0.0,0
15m,1774620000.0,1.3403,1.344,1.3388,1.3413,615085.83,0.0,0.0,0
15m,1774620900.0,1.3413,1.342,1.3314,1.3315,454869.7,0.0,0.0,0
15m,1774621800.0,1.3315,1.3324,1.3287,1.331,448348.33,0.0,0.0,0
15m,1774622700.0,1.331,1.3334,1.3277,1.3323,279117.52,0.0,0.0,0
15m,1774623600.0,1.3323,1.3397,1.3322,1.3392,563742.01,0.0,0.0,0
15m,1774624500.0,1.3392,1.3423,1.3334,1.3384,931191.82,0.0,0.0,0
15m,1774625400.0,1.3384,1.3458,1.3381,1.3421,745909.75,0.0,0.0,0
15m,1774626300.0,1.3421,1.3446,1.3319,1.3358,1198459.14,0.0,0.0,0
15m,1774627200.0,1.3358,1.337,1.3311,1.3329,856095.92,0.0,0.0,0
15m,1774628100.0,1.3329,1.3351,1.3309,1.3316,471812.74,0.0,0.0,0
15m,1774629000.0,1.3316,1.3353,1.3297,1.3349,463764.2,0.0,0.0,0
15m,1774629900.0,1.3349,1.3368,1.3305,1.3306,350169.74,0.0,0.0,0
15m,1774630800.0,1.3306,1.3376,1.3296,1.3351,452656.89,0.0,0.0,0
15m,1774631700.0,1.3351,1.3361,1.3298,1.33,275447.85,0.0,0.0,0
15m,1774632600.0,1.33,1.3313,1.3253,1.3253,198843.46,0.0,0.0,0
15m,1774633500.0,1.3253,1.3268,1.3231,1.3239,351543.51,0.0,0.0,0
15m,1774634400.0,1.3239,1.3257,1.3221,1.3221,232229.79,0.0,0.0,0
15m,1774635300.0,1.3221,1.326,1.3182,1.3192,435901.54,0.0,0.0,0
15m,1774636200.0,1.3192,1.323,1.3192,1.3213,323817.05,0.0,0.0,0
15m,1774637100.0,1.3213,1.3245,1.3211,1.3236,157409.99,0.0,0.0,0
15m,1774638000.0,1.3236,1.3236,1.3196,1.322,245989.17,0.0,0.0,0
15m,1774638900.0,1.322,1.3274,1.3214,1.3273,165937.0,0.0,0.0,0
15m,1774639800.0,1.3273,1.3293,1.3251,1.3261,154341.82,0.0,0.0,0
15m,1774640700.0,1.3261,1.3274,1.3239,1.3251,306736.53,0.0,0.0,0
15m,1774641600.0,1.3251,1.328,1.3245,1.3264,268545.08,0.0,0.0,0
15m,1774642500.0,1.3264,1.3276,1.3231,1.3246,565172.11,0.0,0.0,0
15m,1774643400.0,1.3246,1.3251,1.3221,1.3235,154392.68,0.0,0.0,0
15m,1774644300.0,1.3235,1.3274,1.3232,1.3261,171901.2,0.0,0.0,0
15m,1774645200.0,1.3261,1.3303,1.3261,1.3299,248237.26,0.0,0.0,0
15m,1774646100.0,1.3299,1.3316,1.3289,1.331,138482.42,0.0,0.0,0
15m,1774647000.0,1.331,1.3327,1.3291,1.3306,143726.51,0.0,0.0,0
15m,1774647900.0,1.3306,1.3309,1.3275,1.3287,70714.32,0.0,0.0,0
15m,1774648800.0,1.3287,1.3289,1.324,1.3244,99150.65,0.0,0.0,0
15m,1774649700.0,1.3244,1.3244,1.3232,1.3243,89983.44,0.0,0.0,0
15m,1774650600.0,1.3243,1.3248,1.3224,1.3243,115866.21,0.0,0.0,0
15m,1774651500.0,1.3243,1.3255,1.324,1.3245,237335.38,0.0,0.0,0
15m,1774652400.0,1.3245,1.3246,1.3204,1.3213,220490.93,0.0,0.0,0
15m,1774653300.0,1.3213,1.3224,1.3206,1.3219,198422.09,0.0,0.0,0
15m,1774654200.0,1.3219,1.3241,1.3204,1.3241,138826.76,0.0,0.0,0
15m,1774655100.0,1.3241,1.3263,1.3241,1.3257,159649.78,0.0,0.0,0
15m,1774656000.0,1.3257,1.3274,1.3248,1.3257,81197.7,0.0,0.0,0
15m,1774656900.0,1.3257,1.3285,1.3256,1.3285,84929.5,0.0,0.0,0
15m,1774657800.0,1.3285,1.3296,1.3253,1.327,104264.91,0.0,0.0,0
15m,1774658700.0,1.327,1.3273,1.3258,1.3265,112466.21,0.0,0.0,0
15m,1774659600.0,1.3265,1.3279,1.3214,1.3225,115777.94,0.0,0.0,0
15m,1774660500.0,1.3225,1.3259,1.3224,1.3241,51951.6,0.0,0.0,0
15m,1774661400.0,1.3241,1.3254,1.3192,1.3217,144760.04,0.0,0.0,0
15m,1774662300.0,1.3217,1.3251,1.3217,1.3243,104098.87,0.0,0.0,0
15m,1774663200.0,1.3243,1.3275,1.3238,1.3254,92155.44,0.0,0.0,0
15m,1774664100.0,1.3254,1.3266,1.3218,1.3236,97202.83,0.0,0.0,0
15m,1774665000.0,1.3236,1.3245,1.3217,1.3244,115488.06,0.0,0.0,0
15m,1774665900.0,1.3244,1.3248,1.3231,1.3239,49232.0,0.0,0.0,0
15m,1774666800.0,1.3239,1.3255,1.3239,1.3251,33097.27,0.0,0.0,0
15m,1774667700.0,1.3251,1.3268,1.3251,1.3268,130084.96,0.0,0.0,0
15m,1774668600.0,1.3268,1.3301,1.3265,1.3282,672398.55,0.0,0.0,0
15m,1774669500.0,1.3282,1.3282,1.3265,1.3274,121970.98,0.0,0.0,0
15m,1774670400.0,1.3274,1.3282,1.326,1.3262,81811.48,0.0,0.0,0
15m,1774671300.0,1.3262,1.3307,1.3261,1.3304,107593.22,0.0,0.0,0
15m,1774672200.0,1.3304,1.3305,1.3269,1.3289,255690.03,0.0,0.0,0
15m,1774673100.0,1.3289,1.3305,1.3287,1.3305,77030.29,0.0,0.0,0
15m,1774674000.0,1.3305,1.3314,1.3284,1.3313,78602.4,0.0,0.0,0
15m,1774674900.0,1.3313,1.3392,1.3313,1.3389,315040.95,0.0,0.0,0
15m,1774675800.0,1.3389,1.3419,1.3354,1.3419,844796.46,0.0,0.0,0
15m,1774676700.0,1.3419,1.3419,1.3349,1.3374,895477.52,0.0,0.0,0
15m,1774677600.0,1.3374,1.3374,1.3339,1.3362,147130.77,0.0,0.0,0
15m,1774678500.0,1.3362,1.3397,1.3356,1.3367,307971.3,0.0,0.0,0
15m,1774679400.0,1.3367,1.3373,1.3353,1.3353,106607.98,0.0,0.0,0
15m,1774680300.0,1.3353,1.3371,1.3352,1.3358,109679.81,0.0,0.0,0
15m,1774681200.0,1.3358,1.3373,1.3347,1.3363,101581.72,0.0,0.0,0
15m,1774682100.0,1.3363,1.3391,1.3362,1.3391,100801.78,0.0,0.0,0
15m,1774683000.0,1.3391,1.3391,1.3374,1.3385,151875.03,0.0,0.0,0
15m,1774683900.0,1.3385,1.3411,1.3384,1.341,58436.04,0.0,0.0,0
15m,1774684800.0,1.341,1.3426,1.3406,1.341,173691.12,0.0,0.0,0
15m,1774685700.0,1.341,1.3427,1.3403,1.342,115359.59,0.0,0.0,0
15m,1774686600.0,1.342,1.3421,1.3391,1.3393,156660.88,0.0,0.0,0
15m,1774687500.0,1.3393,1.34,1.3375,1.3378,87010.95,0.0,0.0,0
15m,1774688400.0,1.3378,1.3382,1.3367,1.3369,133506.8,0.0,0.0,0
15m,1774689300.0,1.3369,1.3385,1.336,1.3383,69468.64,0.0,0.0,0
15m,1774690200.0,1.3383,1.3383,1.3368,1.337,47236.96,0.0,0.0,0
15m,1774691100.0,1.337,1.338,1.3363,1.3372,34074.69,0.0,0.0,0
15m,1774692000.0,1.3372,1.3432,1.3372,1.3413,106880.02,0.0,0.0,0
15m,1774692900.0,1.3413,1.3413,1.3365,1.3365,102898.76,0.0,0.0,0
15m,1774693800.0,1.3365,1.3378,1.3349,1.3371,88725.58,0.0,0.0,0
15m,1774694700.0,1.3371,1.3379,1.3359,1.3377,50380.58,0.0,0.0,0
15m,1774695600.0,1.3377,1.3391,1.3372,1.3386,45039.72,0.0,0.0,0
15m,1774696500.0,1.3386,1.3391,1.338,1.3385,55081.63,0.0,0.0,0
15m,1774697400.0,1.3385,1.34,1.3385,1.3394,75722.49,0.0,0.0,0
15m,1774698300.0,1.3394,1.342,1.3393,1.3402,78225.48,0.0,0.0,0
15m,1774699200.0,1.3402,1.3402,1.3367,1.339,61820.13,0.0,0.0,0
15m,1774700100.0,1.339,1.3416,1.3389,1.3398,102777.47,0.0,0.0,0
15m,1774701000.0,1.3398,1.34,1.336,1.3371,552217.49,0.0,0.0,0
15m,1774701900.0,1.3371,1.3393,1.3371,1.3384,113349.81,0.0,0.0,0
15m,1774702800.0,1.3384,1.3403,1.338,1.3399,128730.71,0.0,0.0,0
15m,1774703700.0,1.3399,1.3404,1.3386,1.3401,103743.82,0.0,0.0,0
15m,1774704600.0,1.3401,1.3574,1.3401,1.3509,1176615.3,0.0,0.0,0
15m,1774705500.0,1.3509,1.3524,1.3478,1.3505,216299.17,0.0,0.0,0
15m,1774706400.0,1.3505,1.3507,1.3469,1.3477,168646.76,0.0,0.0,0
15m,1774707300.0,1.3477,1.3497,1.3463,1.3487,86203.44,0.0,0.0,0
15m,1774708200.0,1.3487,1.3524,1.3473,1.3507,89805.7,0.0,0.0,0
15m,1774709100.0,1.3507,1.3521,1.3468,1.3477,108114.09,0.0,0.0,0
15m,1774710000.0,1.3477,1.3503,1.3465,1.3495,69534.15,0.0,0.0,0
15m,1774710900.0,1.3495,1.3584,1.3491,1.3529,464087.88,0.0,0.0,0
15m,1774711800.0,1.3529,1.3554,1.3524,1.3543,136191.44,0.0,0.0,0
15m,1774712700.0,1.3543,1.3546,1.3518,1.3533,89230.65,0.0,0.0,0
15m,1774713600.0,1.3533,1.3544,1.3523,1.354,94183.02,0.0,0.0,0
15m,1774714500.0,1.354,1.3544,1.3511,1.3516,82216.62,0.0,0.0,0
15m,1774715400.0,1.3516,1.3528,1.3507,1.3508,95811.59,0.0,0.0,0
15m,1774716300.0,1.3508,1.3516,1.3497,1.35,55889.28,0.0,0.0,0
15m,1774717200.0,1.35,1.3521,1.35,1.3518,37251.23,0.0,0.0,0
15m,1774718100.0,1.3518,1.3518,1.3482,1.3486,128113.37,0.0,0.0,0
15m,1774719000.0,1.3486,1.3497,1.3462,1.3475,93730.57,0.0,0.0,0
15m,1774719900.0,1.3475,1.3475,1.3444,1.3457,183365.27,0.0,0.0,0
15m,1774720800.0,1.3457,1.3473,1.345,1.3472,76343.05,0.0,0.0,0
15m,1774721700.0,1.3472,1.3472,1.345,1.3455,102163.61,0.0,0.0,0
15m,1774722600.0,1.3455,1.3472,1.3445,1.3472,39714.37,0.0,0.0,0
15m,1774723500.0,1.3472,1.3472,1.3456,1.346,30003.75,0.0,0.0,0
15m,1774724400.0,1.346,1.3464,1.3421,1.3435,51982.4,0.0,0.0,0
15m,1774725300.0,1.3435,1.345,1.3435,1.3445,30689.13,0.0,0.0,0
15m,1774726200.0,1.3445,1.3448,1.3433,1.344,147420.87,0.0,0.0,0
15m,1774727100.0,1.344,1.345,1.3434,1.3448,74426.38,0.0,0.0,0
15m,1774728000.0,1.3448,1.348,1.3448,1.347,103185.78,0.0,0.0,0
15m,1774728900.0,1.347,1.3473,1.3448,1.3454,65478.54,0.0,0.0,0
15m,1774729800.0,1.3454,1.3462,1.3444,1.3448,45531.64,0.0,0.0,0
15m,1774730700.0,1.3448,1.3474,1.3448,1.3465,83225.47,0.0,0.0,0
15m,1774731600.0,1.3465,1.3466,1.3445,1.3458,65476.71,0.0,0.0,0
15m,1774732500.0,1.3458,1.3465,1.345,1.3459,44932.3,0.0,0.0,0
15m,1774733400.0,1.3459,1.3463,1.3444,1.346,50325.39,0.0,0.0,0
15m,1774734300.0,1.346,1.346,1.3405,1.3414,130490.11,0.0,0.0,0
15m,1774735200.0,1.3414,1.3431,1.3402,1.3408,86845.14,0.0,0.0,0
15m,1774736100.0,1.3408,1.3438,1.3395,1.3433,75689.51,0.0,0.0,0
15m,1774737000.0,1.3433,1.3434,1.3384,1.3389,88078.41,0.0,0.0,0
15m,1774737900.0,1.3389,1.3416,1.3389,1.3414,44910.73,0.0,0.0,0
15m,1774738800.0,1.3414,1.3415,1.3314,1.3349,259292.31,0.0,0.0,0
15m,1774739700.0,1.3349,1.3349,1.3313,1.3333,82135.88,0.0,0.0,0
15m,1774740600.0,1.3333,1.3357,1.3318,1.332,52124.61,0.0,0.0,0
15m,1774741500.0,1.332,1.3339,1.3311,1.3333,45945.54,0.0,0.0,0
15m,1774742400.0,1.3333,1.3356,1.3326,1.333,78353.37,0.0,0.0,0
15m,1774743300.0,1.333,1.3344,1.3301,1.3317,103850.0,0.0,0.0,0
15m,1774744200.0,1.3317,1.334,1.3303,1.3304,66135.46,0.0,0.0,0
15m,1774745100.0,1.3304,1.333,1.3303,1.3328,74206.05,0.0,0.0,0
15m,1774746000.0,1.3328,1.3373,1.3324,1.336,134577.98,0.0,0.0,0
15m,1774746900.0,1.336,1.3368,1.3351,1.3359,49147.23,0.0,0.0,0
15m,1774747800.0,1.3359,1.3368,1.3329,1.3348,56188.13,0.0,0.0,0
15m,1774748700.0,1.3348,1.3367,1.3333,1.3358,76612.72,0.0,0.0,0
15m,1774749600.0,1.3358,1.3367,1.3347,1.3367,80388.29,0.0,0.0,0
15m,1774750500.0,1.3367,1.3372,1.3359,1.3362,27633.85,0.0,0.0,0
15m,1774751400.0,1.3362,1.3369,1.3346,1.3368,46986.8,0.0,0.0,0
15m,1774752300.0,1.3368,1.3388,1.336,1.3367,49812.25,0.0,0.0,0
15m,1774753200.0,1.3367,1.3368,1.3357,1.3358,70282.23,0.0,0.0,0
15m,1774754100.0,1.3358,1.3417,1.3353,1.3391,117866.9,0.0,0.0,0
15m,1774755000.0,1.3391,1.34,1.3378,1.3388,43694.4,0.0,0.0,0
15m,1774755900.0,1.3388,1.339,1.3377,1.3384,42346.63,0.0,0.0,0
15m,1774756800.0,1.3384,1.3385,1.3365,1.3373,47062.82,0.0,0.0,0
15m,1774757700.0,1.3373,1.3373,1.3349,1.3359,46311.18,0.0,0.0,0
15m,1774758600.0,1.3359,1.337,1.3356,1.3366,38223.43,0.0,0.0,0
15m,1774759500.0,1.3366,1.3377,1.336,1.3361,55114.92,0.0,0.0,0
15m,1774760400.0,1.3361,1.3361,1.3326,1.3326,115905.19,0.0,0.0,0
15m,1774761300.0,1.3326,1.3335,1.3316,1.3318,220601.41,0.0,0.0,0
15m,1774762200.0,1.3318,1.3318,1.3307,1.331,109606.52,0.0,0.0,0
15m,1774763100.0,1.331,1.3343,1.3283,1.3336,558169.7,0.0,0.0,0
15m,1774764000.0,1.3336,1.3369,1.3336,1.3366,52716.29,0.0,0.0,0
15m,1774764900.0,1.3366,1.3381,1.3359,1.3381,140133.78,0.0,0.0,0
15m,1774765800.0,1.3381,1.3407,1.3373,1.3406,85891.73,0.0,0.0,0
15m,1774766700.0,1.3406,1.3433,1.3346,1.3346,791166.0,0.0,0.0,0
15m,1774767600.0,1.3346,1.3368,1.3332,1.3343,526365.28,0.0,0.0,0
15m,1774768500.0,1.3343,1.3345,1.3326,1.3333,74154.74,0.0,0.0,0
15m,1774769400.0,1.3333,1.3345,1.3327,1.3334,37919.29,0.0,0.0,0
15m,1774770300.0,1.3334,1.3354,1.3325,1.334,66298.05,0.0,0.0,0
15m,1774771200.0,1.334,1.3352,1.3322,1.3331,116875.49,0.0,0.0,0
15m,1774772100.0,1.3331,1.336,1.333,1.336,37207.52,0.0,0.0,0
15m,1774773000.0,1.336,1.3387,1.3359,1.3384,47193.42,0.0,0.0,0
15m,1774773900.0,1.3384,1.3393,1.3373,1.3373,135331.02,0.0,0.0,0
15m,1774774800.0,1.3373,1.3378,1.3347,1.336,61811.44,0.0,0.0,0
15m,1774775700.0,1.336,1.337,1.3354,1.3367,23396.95,0.0,0.0,0
15m,1774776600.0,1.3367,1.3374,1.334,1.335,105638.39,0.0,0.0,0
15m,1774777500.0,1.335,1.3357,1.335,1.3354,15852.48,0.0,0.0,0
15m,1774778400.0,1.3354,1.3354,1.3332,1.334,61950.04,0.0,0.0,0
15m,1774779300.0,1.334,1.3341,1.3311,1.332,61041.11,0.0,0.0,0
15m,1774780200.0,1.332,1.3335,1.3315,1.3332,58999.26,0.0,0.0,0
15m,1774781100.0,1.3332,1.3345,1.3332,1.3336,41888.15,0.0,0.0,0
15m,1774782000.0,1.3336,1.3406,1.3333,1.339,192417.52,0.0,0.0,0
15m,1774782900.0,1.339,1.3392,1.3372,1.3375,52241.65,0.0,0.0,0
15m,1774783800.0,1.3375,1.3395,1.3372,1.3392,74398.22,0.0,0.0,0
15m,1774784700.0,1.3392,1.3403,1.3382,1.3383,63581.69,0.0,0.0,0
15m,1774785600.0,1.3383,1.3383,1.3355,1.3355,41015.07,0.0,0.0,0
15m,1774786500.0,1.3355,1.3372,1.335,1.3363,48171.86,0.0,0.0,0
15m,1774787400.0,1.3363,1.3367,1.3336,1.3337,72799.11,0.0,0.0,0
15m,1774788300.0,1.3337,1.3358,1.3336,1.3346,41310.92,0.0,0.0,0
15m,1774789200.0,1.3346,1.335,1.3269,1.3285,365966.26,0.0,0.0,0
15m,1774790100.0,1.3285,1.3297,1.3272,1.3291,115828.39,0.0,0.0,0
15m,1774791000.0,1.3291,1.3297,1.3278,1.3282,184797.52,0.0,0.0,0
15m,1774791900.0,1.3282,1.3287,1.3251,1.3265,178152.5,0.0,0.0,0
15m,1774792800.0,1.3265,1.3324,1.3248,1.3293,224806.02,0.0,0.0,0
15m,1774793700.0,1.3293,1.3296,1.324,1.3243,74659.57,0.0,0.0,0
15m,1774794600.0,1.3243,1.3272,1.3241,1.3266,114599.89,0.0,0.0,0
15m,1774795500.0,1.3266,1.3271,1.3247,1.3261,100103.02,0.0,0.0,0
15m,1774796400.0,1.3261,1.3282,1.3237,1.3258,252724.66,0.0,0.0,0
15m,1774797300.0,1.3258,1.328,1.3214,1.3226,280144.04,0.0,0.0,0
15m,1774798200.0,1.3226,1.3243,1.3215,1.3235,208436.01,0.0,0.0,0
15m,1774799100.0,1.3235,1.3265,1.3235,1.3255,78308.69,0.0,0.0,0
15m,1774800000.0,1.3255,1.3263,1.3245,1.3245,54580.03,0.0,0.0,0
15m,1774800900.0,1.3245,1.3294,1.3242,1.3282,108433.58,0.0,0.0,0
15m,1774801800.0,1.3282,1.3283,1.3249,1.3251,35501.98,0.0,0.0,0
15m,1774802700.0,1.3251,1.3263,1.3242,1.325,128680.26,0.0,0.0,0
15m,1774803600.0,1.325,1.3272,1.3241,1.3243,60261.15,0.0,0.0,0
15m,1774804500.0,1.3243,1.3244,1.3192,1.3205,304455.22,0.0,0.0,0
15m,1774805400.0,1.3205,1.3245,1.3196,1.3245,147169.75,0.0,0.0,0
15m,1774806300.0,1.3245,1.3245,1.3227,1.3235,40895.29,0.0,0.0,0
15m,1774807200.0,1.3235,1.3239,1.3217,1.3239,39027.81,0.0,0.0,0
15m,1774808100.0,1.3239,1.325,1.3218,1.3222,47891.56,0.0,0.0,0
15m,1774809000.0,1.3222,1.3261,1.3222,1.3243,107037.12,0.0,0.0,0
15m,1774809900.0,1.3243,1.3247,1.3228,1.3237,110727.98,0.0,0.0,0
15m,1774810800.0,1.3237,1.3239,1.3202,1.3207,115781.0,0.0,0.0,0
15m,1774811700.0,1.3207,1.3212,1.3169,1.318,241243.13,0.0,0.0,0
15m,1774812600.0,1.318,1.3199,1.3166,1.3182,276367.27,0.0,0.0,0
15m,1774813500.0,1.3182,1.319,1.3171,1.3181,133284.92,0.0,0.0,0
15m,1774814400.0,1.3181,1.3218,1.3178,1.3199,117807.02,0.0,0.0,0
15m,1774815300.0,1.3199,1.3271,1.3197,1.3256,120482.02,0.0,0.0,0
15m,1774816200.0,1.3256,1.326,1.3228,1.3228,90676.84,0.0,0.0,0
15m,1774817100.0,1.3228,1.3242,1.3225,1.3241,70387.52,0.0,0.0,0
15m,1774818000.0,1.3241,1.3263,1.3237,1.3251,196868.19,0.0,0.0,0
15m,1774818900.0,1.3251,1.3271,1.3244,1.3267,230098.25,0.0,0.0,0
15m,1774819800.0,1.3267,1.3282,1.3261,1.3274,133213.52,0.0,0.0,0
15m,1774820700.0,1.3274,1.3286,1.3259,1.3278,154567.04,0.0,0.0,0
15m,1774821600.0,1.3278,1.3278,1.3111,1.3141,697469.84,0.0,0.0,0
15m,1774822500.0,1.3141,1.3213,1.3129,1.3202,216766.27,0.0,0.0,0
15m,1774823400.0,1.3202,1.3203,1.3066,1.3092,727719.3,0.0,0.0,0
15m,1774824300.0,1.3092,1.3234,1.2953,1.319,2102204.53,0.0,0.0,0
15m,1774825200.0,1.319,1.3269,1.3187,1.3247,600428.6,0.0,0.0,0
15m,1774826100.0,1.3247,1.3315,1.3241,1.3278,383878.03,0.0,0.0,0
15m,1774827000.0,1.3278,1.3289,1.3245,1.3286,229445.56,0.0,0.0,0
15m,1774827900.0,1.3286,1.3325,1.3255,1.3277,296430.21,0.0,0.0,0
15m,1774828800.0,1.3277,1.3293,1.3247,1.3259,153911.41,0.0,0.0,0
15m,1774829700.0,1.3259,1.3507,1.3254,1.336,1370286.01,0.0,0.0,0
15m,1774830600.0,1.336,1.3391,1.3284,1.3302,202722.97,0.0,0.0,0
15m,1774831500.0,1.3302,1.3331,1.3291,1.3314,135068.55,0.0,0.0,0
15m,1774832400.0,1.3314,1.3402,1.3313,1.3364,141374.3,0.0,0.0,0
15m,1774833300.0,1.3364,1.3399,1.3356,1.3391,152642.55,0.0,0.0,0
15m,1774834200.0,1.3391,1.3418,1.3373,1.3391,234079.09,0.0,0.0,0
15m,1774835100.0,1.3391,1.3423,1.339,1.3402,221206.28,0.0,0.0,0
15m,1774836000.0,1.3402,1.3456,1.3399,1.3446,297370.53,0.0,0.0,0
15m,1774836900.0,1.3446,1.3457,1.3413,1.3418,223480.63,0.0,0.0,0
15m,1774837800.0,1.3418,1.3468,1.3393,1.3468,258513.36,0.0,0.0,0
15m,1774838700.0,1.3468,1.3553,1.3462,1.3486,712887.29,0.0,0.0,0
15m,1774839600.0,1.3486,1.3487,1.3456,1.3464,116291.35,0.0,0.0,0
15m,1774840500.0,1.3464,1.3527,1.3459,1.3524,138061.41,0.0,0.0,0
15m,1774841400.0,1.3524,1.3534,1.3513,1.3526,341020.45,0.0,0.0,0
15m,1774842300.0,1.3526,1.3552,1.3514,1.3518,265072.08,0.0,0.0,0
15m,1774843200.0,1.3518,1.3584,1.3518,1.3577,527541.91,0.0,0.0,0
15m,1774844100.0,1.3577,1.3609,1.354,1.3548,816006.09,0.0,0.0,0
15m,1774845000.0,1.3548,1.357,1.3513,1.3516,118508.78,0.0,0.0,0
15m,1774845900.0,1.3516,1.353,1.3507,1.3509,128967.48,0.0,0.0,0
15m,1774846800.0,1.3509,1.3548,1.3497,1.3502,241714.14,0.0,0.0,0
15m,1774847700.0,1.3502,1.3553,1.3471,1.3549,831451.13,0.0,0.0,0
15m,1774848600.0,1.3549,1.3567,1.3515,1.3553,475388.09,0.0,0.0,0
15m,1774849500.0,1.3553,1.3576,1.352,1.352,688240.69,0.0,0.0,0
15m,1774850400.0,1.352,1.357,1.3519,1.3538,237040.73,0.0,0.0,0
15m,1774851300.0,1.3538,1.3547,1.3508,1.3517,203787.32,0.0,0.0,0
15m,1774852200.0,1.3517,1.3525,1.351,1.352,148890.75,0.0,0.0,0
15m,1774853100.0,1.352,1.3524,1.3504,1.3507,125329.67,0.0,0.0,0
15m,1774854000.0,1.3507,1.3564,1.3507,1.3556,264434.09,0.0,0.0,0
15m,1774854900.0,1.3556,1.3559,1.3532,1.3537,128560.97,0.0,0.0,0
15m,1774855800.0,1.3537,1.3549,1.3521,1.3521,215952.82,0.0,0.0,0
15m,1774856700.0,1.3521,1.3592,1.352,1.3582,394916.3,0.0,0.0,0
15m,1774857600.0,1.3582,1.3632,1.357,1.3623,504531.77,0.0,0.0,0
15m,1774858500.0,1.3623,1.3638,1.3616,1.3627,253394.99,0.0,0.0,0
15m,1774859400.0,1.3627,1.3669,1.3612,1.3615,306807.05,0.0,0.0,0
15m,1774860300.0,1.3615,1.3632,1.3609,1.3611,143218.16,0.0,0.0,0
15m,1774861200.0,1.3611,1.3613,1.3576,1.3577,267766.03,0.0,0.0,0
15m,1774862100.0,1.3577,1.3584,1.3549,1.3549,155741.35,0.0,0.0,0
15m,1774863000.0,1.3549,1.3551,1.3521,1.3528,262422.43,0.0,0.0,0
15m,1774863900.0,1.3528,1.3531,1.35,1.35,202333.0,0.0,0.0,0
15m,1774864800.0,1.35,1.3501,1.3485,1.3487,196153.8,0.0,0.0,0
15m,1774865700.0,1.3487,1.3496,1.3473,1.3473,238350.26,0.0,0.0,0
15m,1774866600.0,1.3473,1.3474,1.3449,1.346,597324.2,0.0,0.0,0
15m,1774867500.0,1.346,1.3488,1.3451,1.348,333661.91,0.0,0.0,0
15m,1774868400.0,1.348,1.352,1.3478,1.3508,318277.35,0.0,0.0,0
15m,1774869300.0,1.3508,1.3612,1.3499,1.3517,1433696.26,0.0,0.0,0
15m,1774870200.0,1.3517,1.3528,1.3495,1.3505,335490.26,0.0,0.0,0
15m,1774871100.0,1.3505,1.3523,1.3491,1.35,381118.0,0.0,0.0,0
15m,1774872000.0,1.35,1.3541,1.3498,1.3522,190624.85,0.0,0.0,0
15m,1774872900.0,1.3522,1.3532,1.3504,1.3505,282040.93,0.0,0.0,0
15m,1774873800.0,1.3505,1.356,1.3504,1.3537,400779.25,0.0,0.0,0
15m,1774874700.0,1.3537,1.3546,1.3515,1.3515,297961.58,0.0,0.0,0
15m,1774875600.0,1.3515,1.3533,1.3499,1.3521,275540.87,0.0,0.0,0
15m,1774876500.0,1.3521,1.3564,1.3516,1.3533,238302.0,0.0,0.0,0
15m,1774877400.0,1.3533,1.3559,1.3492,1.3507,469259.18,0.0,0.0,0
15m,1774878300.0,1.3507,1.3521,1.3441,1.3459,696479.74,0.0,0.0,0
15m,1774879200.0,1.3459,1.3494,1.3447,1.3482,588689.03,0.0,0.0,0
15m,1774880100.0,1.3482,1.3483,1.3405,1.3417,379662.81,0.0,0.0,0
15m,1774881000.0,1.3417,1.3425,1.3358,1.3362,426646.65,0.0,0.0,0
15m,1774881900.0,1.3362,1.3496,1.3353,1.3481,539243.42,0.0,0.0,0
15m,1774882800.0,1.3481,1.3489,1.341,1.341,671503.31,0.0,0.0,0
15m,1774883700.0,1.341,1.3433,1.3391,1.3422,295003.77,0.0,0.0,0
15m,1774884600.0,1.3422,1.3505,1.3411,1.3493,528385.96,0.0,0.0,0
15m,1774885500.0,1.3493,1.3495,1.3448,1.3455,193950.81,0.0,0.0,0
15m,1774886400.0,1.3455,1.3456,1.3416,1.3436,389073.09,0.0,0.0,0
15m,1774887300.0,1.3436,1.3437,1.3411,1.3413,308143.04,0.0,0.0,0
15m,1774888200.0,1.3413,1.3432,1.3406,1.341,463089.37,0.0,0.0,0
15m,1774889100.0,1.341,1.3421,1.338,1.3421,172348.37,0.0,0.0,0
15m,1774890000.0,1.3421,1.3453,1.3406,1.3418,218655.99,0.0,0.0,0
15m,1774890900.0,1.3418,1.342,1.3327,1.3349,318142.22,0.0,0.0,0
15m,1774891800.0,1.3349,1.3371,1.3333,1.3371,170796.71,0.0,0.0,0
15m,1774892700.0,1.3371,1.338,1.3333,1.3345,89949.58,0.0,0.0,0
15m,1774893600.0,1.3345,1.336,1.33,1.3316,151299.49,0.0,0.0,0
15m,1774894500.0,1.3316,1.3318,1.3275,1.3295,207779.84,0.0,0.0,0
15m,1774895400.0,1.3295,1.3315,1.3278,1.3301,150913.45,0.0,0.0,0
15m,1774896300.0,1.3301,1.3304,1.3247,1.3257,219820.9,0.0,0.0,0
15m,1774897200.0,1.3257,1.3264,1.3211,1.323,318452.96,0.0,0.0,0
15m,1774898100.0,1.323,1.3237,1.3195,1.321,149887.98,0.0,0.0,0
15m,1774899000.0,1.321,1.3218,1.3169,1.3179,294864.6,0.0,0.0,0
15m,1774899900.0,1.3179,1.3236,1.3169,1.3234,250126.49,0.0,0.0,0
15m,1774900800.0,1.3234,1.3246,1.3216,1.3243,152542.33,0.0,0.0,0
15m,1774901700.0,1.3243,1.325,1.3226,1.3245,111657.34,0.0,0.0,0
15m,1774902600.0,1.3245,1.3251,1.3228,1.3249,46321.68,0.0,0.0,0
15m,1774903500.0,1.3249,1.3279,1.3241,1.3276,88500.78,0.0,0.0,0
15m,1774904400.0,1.3276,1.3312,1.325,1.3307,252142.94,0.0,0.0,0
15m,1774905300.0,1.3307,1.3342,1.3288,1.3314,210481.83,0.0,0.0,0
15m,1774906200.0,1.3314,1.3345,1.3314,1.3331,111517.33,0.0,0.0,0
15m,1774907100.0,1.3331,1.3334,1.3308,1.3308,51396.95,0.0,0.0,0
15m,1774908000.0,1.3308,1.3333,1.3274,1.3293,78365.16,0.0,0.0,0
15m,1774908900.0,1.3293,1.3326,1.3285,1.3312,25410.15,0.0,0.0,0
15m,1774909800.0,1.3312,1.3313,1.3293,1.33,54431.17,0.0,0.0,0
15m,1774910700.0,1.33,1.3305,1.3279,1.3291,78660.18,0.0,0.0,0
15m,1774911600.0,1.3291,1.3291,1.3201,1.3219,434060.26,0.0,0.0,0
15m,1774912500.0,1.3219,1.3245,1.3214,1.3244,97954.97,0.0,0.0,0
15m,1774913400.0,1.3244,1.3253,1.3234,1.3247,96934.78,0.0,0.0,0
15m,1774914300.0,1.3247,1.3248,1.3229,1.3239,77147.58,0.0,0.0,0
15m,1774915200.0,1.3239,1.3248,1.3203,1.3217,109787.61,0.0,0.0,0
15m,1774916100.0,1.3217,1.3248,1.3194,1.3246,289117.29,0.0,0.0,0
15m,1774917000.0,1.3246,1.3246,1.3213,1.324,105457.17,0.0,0.0,0
15m,1774917900.0,1.324,1.3293,1.322,1.326,306940.98,0.0,0.0,0
15m,1774918800.0,1.326,1.3279,1.3237,1.3272,92285.39,0.0,0.0,0
15m,1774919700.0,1.3272,1.3386,1.3272,1.3362,284367.8,0.0,0.0,0
15m,1774920600.0,1.3362,1.3481,1.3359,1.3382,701855.15,0.0,0.0,0
15m,1774921500.0,1.3382,1.3401,1.3364,1.3394,125215.46,0.0,0.0,0
15m,1774922400.0,1.3394,1.3398,1.3358,1.3372,126583.8,0.0,0.0,0
15m,1774923300.0,1.3372,1.3409,1.3371,1.3391,285276.57,0.0,0.0,0
15m,1774924200.0,1.3391,1.3395,1.3359,1.3376,228197.1,0.0,0.0,0
15m,1774925100.0,1.3376,1.3389,1.3357,1.3369,458089.49,0.0,0.0,0
15m,1774926000.0,1.3369,1.3369,1.3334,1.3342,183729.97,0.0,0.0,0
15m,1774926900.0,1.3342,1.335,1.3293,1.3295,181105.96,0.0,0.0,0
15m,1774927800.0,1.3295,1.3306,1.3261,1.3265,172958.79,0.0,0.0,0
15m,1774928700.0,1.3265,1.3278,1.3257,1.326,198172.32,0.0,0.0,0
15m,1774929600.0,1.326,1.3269,1.3217,1.3227,232140.35,0.0,0.0,0
15m,1774930500.0,1.3227,1.3289,1.3206,1.3217,795476.56,0.0,0.0,0
15m,1774931400.0,1.3217,1.3258,1.3211,1.3255,226518.07,0.0,0.0,0
15m,1774932300.0,1.3255,1.3275,1.3241,1.3242,132423.58,0.0,0.0,0
15m,1774933200.0,1.3242,1.3246,1.3202,1.3209,395844.17,0.0,0.0,0
15m,1774934100.0,1.3209,1.3285,1.3203,1.3278,483081.2,0.0,0.0,0
15m,1774935000.0,1.3278,1.3298,1.3215,1.3225,1004268.44,0.0,0.0,0
15m,1774935900.0,1.3225,1.325,1.3223,1.3225,147940.68,0.0,0.0,0
15m,1774936800.0,1.3225,1.3228,1.3149,1.3208,1184042.99,0.0,0.0,0
15m,1774937700.0,1.3208,1.325,1.3201,1.3248,169223.28,0.0,0.0,0
15m,1774938600.0,1.3248,1.3287,1.3215,1.322,998535.07,0.0,0.0,0
15m,1774939500.0,1.322,1.3255,1.322,1.3239,108663.54,0.0,0.0,0
15m,1774940400.0,1.3239,1.3256,1.3199,1.3207,211841.36,0.0,0.0,0
15m,1774941300.0,1.3207,1.321,1.3157,1.316,587017.01,0.0,0.0,0
15m,1774942200.0,1.316,1.322,1.3143,1.3218,976256.88,0.0,0.0,0
15m,1774943100.0,1.3218,1.3243,1.3182,1.3195,771723.05,0.0,0.0,0
15m,1774944000.0,1.3195,1.3224,1.3166,1.3196,186355.84,0.0,0.0,0
15m,1774944900.0,1.3196,1.3236,1.3192,1.3221,201868.86,0.0,0.0,0
15m,1774945800.0,1.3221,1.3221,1.313,1.3137,569167.04,0.0,0.0,0
15m,1774946700.0,1.3137,1.3154,1.31,1.3138,528404.89,0.0,0.0,0
15m,1774947600.0,1.3138,1.3167,1.3125,1.314,392369.05,0.0,0.0,0
15m,1774948500.0,1.314,1.3142,1.3089,1.3106,688803.81,0.0,0.0,0
15m,1774949400.0,1.3106,1.3115,1.3082,1.3103,649082.92,0.0,0.0,0
15m,1774950300.0,1.3103,1.314,1.3041,1.3072,1119119.35,0.0,0.0,0
15m,1774951200.0,1.3072,1.3128,1.3069,1.3113,507468.59,0.0,0.0,0
15m,1774952100.0,1.3113,1.3128,1.3108,1.3119,268324.26,0.0,0.0,0
15m,1774953000.0,1.3119,1.3125,1.309,1.312,701627.53,0.0,0.0,0
15m,1774953900.0,1.312,1.3136,1.3107,1.3107,373697.02,0.0,0.0,0
15m,1774954800.0,1.3107,1.3153,1.3073,1.3127,1066245.49,0.0,0.0,0
15m,1774955700.0,1.3127,1.3163,1.3115,1.3154,633147.61,0.0,0.0,0
15m,1774956600.0,1.3154,1.3178,1.3141,1.3171,529282.91,0.0,0.0,0
15m,1774957500.0,1.3171,1.3171,1.313,1.3148,236759.04,0.0,0.0,0
15m,1774958400.0,1.3148,1.3199,1.3148,1.3153,257580.27,0.0,0.0,0
15m,1774959300.0,1.3153,1.3202,1.3137,1.3201,453697.9,0.0,0.0,0
15m,1774960200.0,1.3201,1.3213,1.3173,1.318,376181.37,0.0,0.0,0
15m,1774961100.0,1.318,1.3182,1.3138,1.3152,411830.02,0.0,0.0,0
15m,1774962000.0,1.3152,1.3204,1.3147,1.3193,365922.25,0.0,0.0,0
15m,1774962900.0,1.3193,1.3212,1.3182,1.3209,305404.24,0.0,0.0,0
15m,1774963800.0,1.3209,1.3238,1.3197,1.32,630992.73,0.0,0.0,0
15m,1774964700.0,1.32,1.3281,1.32,1.3261,667657.59,0.0,0.0,0
15m,1774965600.0,1.3261,1.3316,1.3253,1.3285,869045.47,0.0,0.0,0
15m,1774966500.0,1.3285,1.3385,1.3281,1.3353,658576.69,0.0,0.0,0
15m,1774967400.0,1.3353,1.3362,1.3235,1.3246,547143.71,0.0,0.0,0
15m,1774968300.0,1.3246,1.3252,1.3112,1.3147,927206.19,0.0,0.0,0
15m,1774969200.0,1.3147,1.3285,1.3139,1.3268,580488.43,0.0,0.0,0
15m,1774970100.0,1.3268,1.3275,1.3218,1.3232,508808.52,0.0,0.0,0
15m,1774971000.0,1.3232,1.3246,1.3194,1.32,383759.55,0.0,0.0,0
15m,1774971900.0,1.32,1.3215,1.3144,1.3149,383325.31,0.0,0.0,0
15m,1774972800.0,1.3149,1.3194,1.3143,1.3177,433897.57,0.0,0.0,0
15m,1774973700.0,1.3177,1.3211,1.3167,1.3185,324442.1,0.0,0.0,0
15m,1774974600.0,1.3185,1.3373,1.3147,1.3312,1322723.74,0.0,0.0,0
15m,1774975500.0,1.3312,1.3333,1.3264,1.3304,904573.79,0.0,0.0,0
15m,1774976400.0,1.3304,1.344,1.3301,1.3434,856803.91,0.0,0.0,0
15m,1774977300.0,1.3434,1.3459,1.3384,1.339,755427.27,0.0,0.0,0
15m,1774978200.0,1.339,1.3419,1.3298,1.3323,610187.3,0.0,0.0,0
15m,1774979100.0,1.3323,1.3323,1.3281,1.331,323655.26,0.0,0.0,0
15m,1774980000.0,1.331,1.3372,1.331,1.3362,117157.72,0.0,0.0,0
15m,1774980900.0,1.3362,1.3419,1.3351,1.339,220010.03,0.0,0.0,0
15m,1774981800.0,1.339,1.3427,1.3383,1.3404,187001.79,0.0,0.0,0
15m,1774982700.0,1.3404,1.3412,1.3378,1.3405,79990.68,0.0,0.0,0
15m,1774983600.0,1.3405,1.3435,1.3405,1.3428,157421.15,0.0,0.0,0
15m,1774984500.0,1.3428,1.3444,1.342,1.3421,259363.11,0.0,0.0,0
15m,1774985400.0,1.3421,1.3448,1.3417,1.3437,186653.02,0.0,0.0,0
15m,1774986300.0,1.3437,1.3464,1.3406,1.3449,402304.37,0.0,0.0,0
15m,1774987200.0,1.3449,1.3502,1.3443,1.3496,421145.24,0.0,0.0,0
15m,1774988100.0,1.3496,1.35,1.3439,1.345,145446.1,0.0,0.0,0
15m,1774989000.0,1.345,1.3453,1.342,1.3429,134313.03,0.0,0.0,0
15m,1774989900.0,1.3429,1.3461,1.3423,1.3447,93590.04,0.0,0.0,0
15m,1774990800.0,1.3447,1.3451,1.3381,1.3397,179371.26,0.0,0.0,0
15m,1774991700.0,1.3397,1.3402,1.3379,1.3393,97018.55,0.0,0.0,0
15m,1774992600.0,1.3393,1.3421,1.3393,1.3405,86489.84,0.0,0.0,0
15m,1774993500.0,1.3405,1.3444,1.34,1.3409,87411.02,0.0,0.0,0
15m,1774994400.0,1.3409,1.3418,1.3353,1.3378,290768.46,0.0,0.0,0
15m,1774995300.0,1.3378,1.3396,1.3361,1.3365,83679.13,0.0,0.0,0
15m,1774996200.0,1.3365,1.3389,1.3326,1.3379,158156.95,0.0,0.0,0
15m,1774997100.0,1.3379,1.3379,1.3351,1.3362,63714.4,0.0,0.0,0
15m,1774998000.0,1.3362,1.3382,1.3346,1.3372,103915.77,0.0,0.0,0
15m,1774998900.0,1.3372,1.34,1.3363,1.3396,77074.39,0.0,0.0,0
15m,1774999800.0,1.3396,1.341,1.3391,1.3402,98624.67,0.0,0.0,0
15m,1775000700.0,1.3402,1.3422,1.3393,1.341,71292.55,0.0,0.0,0
15m,1775001600.0,1.341,1.341,1.3382,1.3404,131532.76,0.0,0.0,0
15m,1775002500.0,1.3404,1.3422,1.3388,1.3416,381429.78,0.0,0.0,0
15m,1775003400.0,1.3416,1.342,1.339,1.3407,298095.02,0.0,0.0,0
15m,1775004300.0,1.3407,1.3456,1.3381,1.3451,409388.56,0.0,0.0,0
15m,1775005200.0,1.3451,1.3458,1.3422,1.3431,330349.78,0.0,0.0,0
15m,1775006100.0,1.3431,1.3431,1.3374,1.3374,396858.96,0.0,0.0,0
15m,1775007000.0,1.3374,1.3389,1.3341,1.3369,393173.45,0.0,0.0,0
15m,1775007900.0,1.3369,1.3372,1.3347,1.3349,230831.79,0.0,0.0,0
15m,1775008800.0,1.3349,1.3377,1.3345,1.3366,236176.16,0.0,0.0,0
15m,1775009700.0,1.3366,1.3376,1.3312,1.332,615138.37,0.0,0.0,0
15m,1775010600.0,1.332,1.3339,1.3317,1.3335,552440.97,0.0,0.0,0
15m,1775011500.0,1.3335,1.3356,1.3331,1.3343,296694.38,0.0,0.0,0
15m,1775012400.0,1.3343,1.3446,1.3343,1.3421,144512.86,0.0,0.0,0
15m,1775013300.0,1.3421,1.3433,1.3398,1.3412,103582.65,0.0,0.0,0
15m,1775014200.0,1.3412,1.346,1.3411,1.3455,295773.47,0.0,0.0,0
15m,1775015100.0,1.3455,1.3517,1.3455,1.3482,1142217.21,0.0,0.0,0
15m,1775016000.0,1.3482,1.3492,1.3438,1.3445,224478.75,0.0,0.0,0
15m,1775016900.0,1.3445,1.3445,1.3418,1.3418,184733.54,0.0,0.0,0
15m,1775017800.0,1.3418,1.3433,1.3405,1.3411,261099.63,0.0,0.0,0
15m,1775018700.0,1.3411,1.343,1.3387,1.3392,351734.11,0.0,0.0,0
15m,1775019600.0,1.3392,1.3443,1.3361,1.3435,557988.43,0.0,0.0,0
15m,1775020500.0,1.3435,1.3494,1.3432,1.3464,327161.17,0.0,0.0,0
15m,1775021400.0,1.3464,1.347,1.342,1.342,150351.75,0.0,0.0,0
15m,1775022300.0,1.342,1.3491,1.3416,1.3467,798284.77,0.0,0.0,0
15m,1775023200.0,1.3467,1.3556,1.3466,1.3548,515477.19,0.0,0.0,0
15m,1775024100.0,1.3548,1.3567,1.3537,1.3563,329496.69,0.0,0.0,0
15m,1775025000.0,1.3563,1.3633,1.356,1.3623,976979.05,0.0,0.0,0
15m,1775025900.0,1.3623,1.3637,1.3594,1.3626,347401.85,0.0,0.0,0
15m,1775026800.0,1.3626,1.3673,1.3626,1.365,472501.77,0.0,0.0,0
15m,1775027700.0,1.365,1.3657,1.3596,1.3596,183605.87,0.0,0.0,0
15m,1775028600.0,1.3596,1.3636,1.3595,1.3604,242884.85,0.0,0.0,0
15m,1775029500.0,1.3604,1.3609,1.3562,1.3566,370218.02,0.0,0.0,0
15m,1775030400.0,1.3566,1.3583,1.3524,1.3538,370096.45,0.0,0.0,0
15m,1775031300.0,1.3538,1.3569,1.3526,1.3559,242284.46,0.0,0.0,0
15m,1775032200.0,1.3559,1.3588,1.3556,1.3579,122586.82,0.0,0.0,0
15m,1775033100.0,1.3579,1.3581,1.3523,1.3529,321072.6,0.0,0.0,0
15m,1775034000.0,1.3529,1.3541,1.3498,1.3513,187069.6,0.0,0.0,0
15m,1775034900.0,1.3513,1.3518,1.3499,1.3515,185785.81,0.0,0.0,0
15m,1775035800.0,1.3515,1.3538,1.3492,1.3495,234313.17,0.0,0.0,0
15m,1775036700.0,1.3495,1.3526,1.3494,1.3514,662445.52,0.0,0.0,0
15m,1775037600.0,1.3514,1.353,1.3501,1.3501,729074.5,0.0,0.0,0
15m,1775038500.0,1.3501,1.352,1.349,1.3498,620471.67,0.0,0.0,0
15m,1775039400.0,1.3498,1.3541,1.349,1.3533,323800.75,0.0,0.0,0
15m,1775040300.0,1.3533,1.3553,1.3498,1.3527,515922.2,0.0,0.0,0
15m,1775041200.0,1.3527,1.3548,1.3524,1.3544,455695.49,0.0,0.0,0
15m,1775042100.0,1.3544,1.3548,1.3505,1.3516,552618.21,0.0,0.0,0
15m,1775043000.0,1.3516,1.3534,1.3516,1.3526,650752.74,0.0,0.0,0
15m,1775043900.0,1.3526,1.3555,1.3523,1.3542,287969.83,0.0,0.0,0
15m,1775044800.0,1.3542,1.3544,1.351,1.3517,527617.39,0.0,0.0,0
15m,1775045700.0,1.3517,1.3551,1.3516,1.353,304036.27,0.0,0.0,0
15m,1775046600.0,1.353,1.3606,1.3492,1.3586,701975.52,0.0,0.0,0
15m,1775047500.0,1.3586,1.3606,1.353,1.3538,880373.32,0.0,0.0,0
15m,1775048400.0,1.3538,1.3569,1.35,1.355,255303.26,0.0,0.0,0
15m,1775049300.0,1.355,1.3574,1.3547,1.3554,231586.35,0.0,0.0,0
15m,1775050200.0,1.3554,1.3562,1.3448,1.3485,865812.48,0.0,0.0,0
15m,1775051100.0,1.3485,1.3511,1.3457,1.3465,518109.73,0.0,0.0,0
15m,1775052000.0,1.3465,1.3524,1.3458,1.3524,343544.46,0.0,0.0,0
15m,1775052900.0,1.3524,1.3558,1.3512,1.3549,311475.57,0.0,0.0,0
15m,1775053800.0,1.3549,1.3561,1.3488,1.353,268181.52,0.0,0.0,0
15m,1775054700.0,1.353,1.358,1.3522,1.3559,442765.79,0.0,0.0,0
15m,1775055600.0,1.3559,1.3564,1.351,1.3518,403762.89,0.0,0.0,0
15m,1775056500.0,1.3518,1.3573,1.3503,1.3541,465567.96,0.0,0.0,0
15m,1775057400.0,1.3541,1.3567,1.353,1.3549,442701.11,0.0,0.0,0
15m,1775058300.0,1.3549,1.3575,1.3549,1.3574,87240.15,0.0,0.0,0
15m,1775059200.0,1.3574,1.3575,1.3517,1.3524,180025.32,0.0,0.0,0
15m,1775060100.0,1.3524,1.3571,1.3519,1.3551,574781.34,0.0,0.0,0
15m,1775061000.0,1.3551,1.3625,1.3546,1.3606,1255109.45,0.0,0.0,0
15m,1775061900.0,1.3606,1.3612,1.3583,1.3585,719081.7,0.0,0.0,0
15m,1775062800.0,1.3585,1.3683,1.3585,1.3624,624639.3,0.0,0.0,0
15m,1775063700.0,1.3624,1.364,1.3551,1.3553,240390.96,0.0,0.0,0
15m,1775064600.0,1.3553,1.3558,1.3518,1.3542,150630.77,0.0,0.0,0
15m,1775065500.0,1.3542,1.3549,1.3509,1.3518,167926.91,0.0,0.0,0
15m,1775066400.0,1.3518,1.3525,1.3468,1.35,261353.4,0.0,0.0,0
15m,1775067300.0,1.35,1.3509,1.3479,1.3485,142181.53,0.0,0.0,0
15m,1775068200.0,1.3485,1.352,1.3471,1.3502,115568.04,0.0,0.0,0
15m,1775069100.0,1.3502,1.3503,1.3463,1.3475,80462.95,0.0,0.0,0
15m,1775070000.0,1.3475,1.3507,1.3475,1.3487,77932.78,0.0,0.0,0
15m,1775070900.0,1.3487,1.3533,1.3478,1.3528,150299.08,0.0,0.0,0
15m,1775071800.0,1.3528,1.3539,1.3493,1.3493,112983.39,0.0,0.0,0
15m,1775072700.0,1.3493,1.3516,1.3488,1.3503,151736.0,0.0,0.0,0
15m,1775073600.0,1.3503,1.3522,1.3466,1.3475,222900.21,0.0,0.0,0
15m,1775074500.0,1.3475,1.3481,1.3452,1.3457,81302.53,0.0,0.0,0
15m,1775075400.0,1.3457,1.3471,1.3423,1.347,472077.55,0.0,0.0,0
15m,1775076300.0,1.347,1.3495,1.3468,1.3482,89310.51,0.0,0.0,0
15m,1775077200.0,1.3482,1.3533,1.3482,1.3528,154787.05,0.0,0.0,0
15m,1775078100.0,1.3528,1.356,1.3523,1.3541,161685.79,0.0,0.0,0
15m,1775079000.0,1.3541,1.3554,1.3526,1.3533,192237.99,0.0,0.0,0
15m,1775079900.0,1.3533,1.3568,1.3508,1.355,295844.86,0.0,0.0,0
15m,1775080800.0,1.355,1.3556,1.3506,1.3519,105998.21,0.0,0.0,0
15m,1775081700.0,1.3519,1.352,1.3477,1.3491,112366.89,0.0,0.0,0
15m,1775082600.0,1.3491,1.3508,1.3477,1.3495,101949.86,0.0,0.0,0
15m,1775083500.0,1.3495,1.3501,1.347,1.3488,52307.05,0.0,0.0,0
15m,1775084400.0,1.3488,1.3515,1.3484,1.3504,80750.52,0.0,0.0,0
15m,1775085300.0,1.3504,1.3507,1.3493,1.3496,55650.77,0.0,0.0,0
15m,1775086200.0,1.3496,1.3496,1.3469,1.348,106295.29,0.0,0.0,0
15m,1775087100.0,1.348,1.3489,1.3467,1.3476,73803.69,0.0,0.0,0
15m,1775088000.0,1.3476,1.3496,1.3469,1.3487,113561.4,0.0,0.0,0
15m,1775088900.0,1.3487,1.3504,1.3475,1.3487,111547.47,0.0,0.0,0
15m,1775089800.0,1.3487,1.3548,1.3484,1.3547,234796.54,0.0,0.0,0
15m,1775090700.0,1.3547,1.3568,1.353,1.3568,156261.7,0.0,0.0,0
15m,1775091600.0,1.3568,1.3569,1.3384,1.3481,950305.36,0.0,0.0,0
15m,1775092500.0,1.3481,1.3481,1.3286,1.3314,1447792.81,0.0,0.0,0
15m,1775093400.0,1.3314,1.3314,1.323,1.3236,850117.94,0.0,0.0,0
15m,1775094300.0,1.3236,1.3291,1.3223,1.3283,324913.36,0.0,0.0,0
15m,1775095200.0,1.3283,1.3299,1.3213,1.3213,355330.86,0.0,0.0,0
15m,1775096100.0,1.3213,1.3232,1.3171,1.3204,554655.94,0.0,0.0,0
15m,1775097000.0,1.3204,1.325,1.3178,1.3184,500933.08,0.0,0.0,0
15m,1775097900.0,1.3184,1.3227,1.3172,1.3181,1025854.96,0.0,0.0,0
15m,1775098800.0,1.3181,1.3181,1.3136,1.3137,797977.78,0.0,0.0,0
15m,1775099700.0,1.3137,1.3154,1.3104,1.3143,562650.44,0.0,0.0,0
15m,1775100600.0,1.3143,1.3162,1.3066,1.3097,1523373.64,0.0,0.0,0
15m,1775101500.0,1.3097,1.3131,1.3071,1.3128,279556.02,0.0,0.0,0
15m,1775102400.0,1.3128,1.3155,1.3119,1.3147,167054.56,0.0,0.0,0
15m,1775103300.0,1.3147,1.321,1.3118,1.3125,1586474.43,0.0,0.0,0
15m,1775104200.0,1.3125,1.313,1.308,1.3087,386626.56,0.0,0.0,0
15m,1775105100.0,1.3087,1.3104,1.3046,1.3082,1626226.01,0.0,0.0,0
15m,1775106000.0,1.3082,1.3107,1.3071,1.3092,614145.69,0.0,0.0,0
15m,1775106900.0,1.3092,1.312,1.3081,1.3117,333331.27,0.0,0.0,0
15m,1775107800.0,1.3117,1.3154,1.3117,1.3141,278125.09,0.0,0.0,0
15m,1775108700.0,1.3141,1.3159,1.3128,1.3152,158798.69,0.0,0.0,0
15m,1775109600.0,1.3152,1.316,1.3123,1.3133,170986.09,0.0,0.0,0
15m,1775110500.0,1.3133,1.3187,1.3132,1.3169,253570.28,0.0,0.0,0
15m,1775111400.0,1.3169,1.3171,1.3142,1.315,157174.2,0.0,0.0,0
15m,1775112300.0,1.315,1.3165,1.315,1.3157,155808.6,0.0,0.0,0
15m,1775113200.0,1.3157,1.3161,1.3129,1.3137,219289.27,0.0,0.0,0
15m,1775114100.0,1.3137,1.3167,1.3135,1.3156,104116.57,0.0,0.0,0
15m,1775115000.0,1.3156,1.3182,1.3156,1.3173,116518.51,0.0,0.0,0
15m,1775115900.0,1.3173,1.318,1.3165,1.3174,94555.88,0.0,0.0,0
15m,1775116800.0,1.3174,1.3175,1.3155,1.3156,239457.91,0.0,0.0,0
15m,1775117700.0,1.3156,1.3157,1.3119,1.3128,106196.47,0.0,0.0,0
15m,1775118600.0,1.3128,1.3143,1.3112,1.3125,159544.52,0.0,0.0,0
15m,1775119500.0,1.3125,1.3143,1.3117,1.3118,157579.13,0.0,0.0,0
15m,1775120400.0,1.3118,1.3124,1.3077,1.3104,331349.22,0.0,0.0,0
15m,1775121300.0,1.3104,1.312,1.3094,1.3115,221266.97,0.0,0.0,0
15m,1775122200.0,1.3115,1.3124,1.3101,1.312,93388.53,0.0,0.0,0
15m,1775123100.0,1.312,1.313,1.3107,1.3119,153946.65,0.0,0.0,0
15m,1775124000.0,1.3119,1.3121,1.3076,1.3086,192082.23,0.0,0.0,0
15m,1775124900.0,1.3086,1.3107,1.3076,1.3105,74400.67,0.0,0.0,0
15m,1775125800.0,1.3105,1.3117,1.3085,1.3097,141327.24,0.0,0.0,0
15m,1775126700.0,1.3097,1.3097,1.3083,1.3084,210003.02,0.0,0.0,0
15m,1775127600.0,1.3084,1.3092,1.3035,1.3037,566420.34,0.0,0.0,0
15m,1775128500.0,1.3037,1.3046,1.3004,1.3029,436496.32,0.0,0.0,0
15m,1775129400.0,1.3029,1.3036,1.3002,1.3019,250036.08,0.0,0.0,0
15m,1775130300.0,1.3019,1.3021,1.2989,1.3001,488525.32,0.0,0.0,0
15m,1775131200.0,1.3001,1.3006,1.2964,1.2966,409665.54,0.0,0.0,0
15m,1775132100.0,1.2966,1.2976,1.2935,1.2955,394902.08,0.0,0.0,0
15m,1775133000.0,1.2955,1.2964,1.2937,1.2953,257087.25,0.0,0.0,0
15m,1775133900.0,1.2953,1.2959,1.2902,1.2907,801195.61,0.0,0.0,0
15m,1775134800.0,1.2907,1.2936,1.2876,1.2884,910918.86,0.0,0.0,0
15m,1775135700.0,1.2884,1.2891,1.2853,1.2879,623845.46,0.0,0.0,0
15m,1775136600.0,1.2879,1.2895,1.2804,1.2818,1084242.54,0.0,0.0,0
15m,1775137500.0,1.2818,1.2902,1.2812,1.289,567475.29,0.0,0.0,0
15m,1775138400.0,1.289,1.2919,1.2846,1.2849,1161574.8,0.0,0.0,0
15m,1775139300.0,1.2849,1.2901,1.2825,1.287,758555.32,0.0,0.0,0
15m,1775140200.0,1.287,1.3033,1.2867,1.3031,1612999.0,0.0,0.0,0
15m,1775141100.0,1.3031,1.3037,1.2959,1.3002,558006.69,0.0,0.0,0
15m,1775142000.0,1.3002,1.3002,1.2959,1.2969,573122.75,0.0,0.0,0
15m,1775142900.0,1.2969,1.297,1.291,1.2934,576092.45,0.0,0.0,0
15m,1775143800.0,1.2934,1.3021,1.2919,1.3019,499616.81,0.0,0.0,0
15m,1775144700.0,1.3019,1.3021,1.2972,1.2999,336541.61,0.0,0.0,0
15m,1775145600.0,1.2999,1.3002,1.2953,1.2961,331098.65,0.0,0.0,0
15m,1775146500.0,1.2961,1.3011,1.295,1.3002,253043.18,0.0,0.0,0
15m,1775147400.0,1.3002,1.309,1.2995,1.3062,482768.88,0.0,0.0,0
15m,1775148300.0,1.3062,1.308,1.3042,1.3043,299056.13,0.0,0.0,0
15m,1775149200.0,1.3043,1.308,1.301,1.3068,321368.98,0.0,0.0,0
15m,1775150100.0,1.3068,1.3113,1.3066,1.3078,329585.62,0.0,0.0,0
15m,1775151000.0,1.3078,1.3079,1.3025,1.3047,174114.19,0.0,0.0,0
15m,1775151900.0,1.3047,1.3047,1.2981,1.2988,235083.27,0.0,0.0,0
15m,1775152800.0,1.2988,1.3016,1.2977,1.3003,218091.93,0.0,0.0,0
15m,1775153700.0,1.3003,1.3015,1.2977,1.2982,161128.36,0.0,0.0,0
15m,1775154600.0,1.2982,1.3028,1.2981,1.3022,66230.4,0.0,0.0,0
15m,1775155500.0,1.3022,1.3089,1.302,1.3068,161454.24,0.0,0.0,0
15m,1775156400.0,1.3068,1.3078,1.3055,1.3057,90548.29,0.0,0.0,0
15m,1775157300.0,1.3057,1.3069,1.3036,1.3059,124528.93,0.0,0.0,0
15m,1775158200.0,1.3059,1.306,1.3014,1.3048,59227.47,0.0,0.0,0
15m,1775159100.0,1.3048,1.3098,1.3043,1.3077,225523.38,0.0,0.0,0
15m,1775160000.0,1.3077,1.3103,1.3048,1.3092,149641.32,0.0,0.0,0
15m,1775160900.0,1.3092,1.3168,1.3086,1.3163,197486.34,0.0,0.0,0
15m,1775161800.0,1.3163,1.3225,1.3144,1.3187,360747.25,0.0,0.0,0
15m,1775162700.0,1.3187,1.3195,1.317,1.318,115734.74,0.0,0.0,0
15m,1775163600.0,1.318,1.3194,1.3125,1.3136,174976.25,0.0,0.0,0
15m,1775164500.0,1.3136,1.3165,1.3136,1.3145,61976.78,0.0,0.0,0
15m,1775165400.0,1.3145,1.3173,1.3133,1.3142,96901.5,0.0,0.0,0
15m,1775166300.0,1.3142,1.3159,1.3138,1.3156,21669.87,0.0,0.0,0
15m,1775167200.0,1.3156,1.3187,1.3147,1.3154,131810.22,0.0,0.0,0
15m,1775168100.0,1.3154,1.3173,1.3123,1.3145,77516.76,0.0,0.0,0
15m,1775169000.0,1.3145,1.3167,1.3145,1.3158,109366.9,0.0,0.0,0
15m,1775169900.0,1.3158,1.3184,1.3147,1.3177,127861.12,0.0,0.0,0
15m,1775170800.0,1.3177,1.3193,1.3161,1.3167,163362.21,0.0,0.0,0
15m,1775171700.0,1.3167,1.3193,1.3162,1.3166,63748.93,0.0,0.0,0
15m,1775172600.0,1.3166,1.321,1.3155,1.3197,131725.42,0.0,0.0,0
15m,1775173500.0,1.3197,1.3198,1.3159,1.3198,75944.56,0.0,0.0,0
15m,1775174400.0,1.3198,1.3222,1.3195,1.3218,91519.34,0.0,0.0,0
15m,1775175300.0,1.3218,1.3218,1.3171,1.3178,125974.37,0.0,0.0,0
15m,1775176200.0,1.3178,1.3239,1.3164,1.3173,655672.26,0.0,0.0,0
15m,1775177100.0,1.3173,1.3173,1.3144,1.3156,92762.95,0.0,0.0,0
15m,1775178000.0,1.3156,1.3206,1.3144,1.3186,776981.84,0.0,0.0,0
15m,1775178900.0,1.3186,1.3206,1.318,1.32,149549.48,0.0,0.0,0
15m,1775179800.0,1.32,1.3204,1.3127,1.3148,142083.98,0.0,0.0,0
15m,1775180700.0,1.3148,1.3148,1.3128,1.3135,109441.24,0.0,0.0,0
15m,1775181600.0,1.3135,1.3143,1.3097,1.3117,220240.33,0.0,0.0,0
15m,1775182500.0,1.3117,1.3171,1.3073,1.3077,747398.21,0.0,0.0,0
15m,1775183400.0,1.3077,1.3081,1.3035,1.3035,211252.66,0.0,0.0,0
15m,1775184300.0,1.3035,1.3086,1.3032,1.308,189226.1,0.0,0.0,0
15m,1775185200.0,1.308,1.3127,1.3071,1.3118,547405.93,0.0,0.0,0
15m,1775186100.0,1.3118,1.3185,1.3116,1.3173,134331.79,0.0,0.0,0
15m,1775187000.0,1.3173,1.3208,1.317,1.3206,250539.18,0.0,0.0,0
15m,1775187900.0,1.3206,1.322,1.3191,1.3217,180945.21,0.0,0.0,0
15m,1775188800.0,1.3217,1.3239,1.3169,1.3176,808049.7,0.0,0.0,0
15m,1775189700.0,1.3176,1.3193,1.3151,1.3154,109645.1,0.0,0.0,0
15m,1775190600.0,1.3154,1.3177,1.3144,1.3176,67531.35,0.0,0.0,0
15m,1775191500.0,1.3176,1.3223,1.3176,1.3199,251334.78,0.0,0.0,0
15m,1775192400.0,1.3199,1.3218,1.3192,1.3202,296901.47,0.0,0.0,0
15m,1775193300.0,1.3202,1.3204,1.316,1.3204,111866.66,0.0,0.0,0
15m,1775194200.0,1.3204,1.3258,1.3204,1.3222,203227.99,0.0,0.0,0
15m,1775195100.0,1.3222,1.3229,1.3183,1.3184,86922.81,0.0,0.0,0
15m,1775196000.0,1.3184,1.3199,1.318,1.3189,46488.51,0.0,0.0,0
15m,1775196900.0,1.3189,1.3189,1.3161,1.3163,91240.15,0.0,0.0,0
15m,1775197800.0,1.3163,1.3206,1.3154,1.3197,150982.65,0.0,0.0,0
15m,1775198700.0,1.3197,1.3208,1.3182,1.3196,75931.68,0.0,0.0,0
15m,1775199600.0,1.3196,1.3207,1.3185,1.3187,121917.1,0.0,0.0,0
15m,1775200500.0,1.3187,1.3191,1.3169,1.317,99092.27,0.0,0.0,0
15m,1775201400.0,1.317,1.3241,1.317,1.3204,347960.85,0.0,0.0,0
15m,1775202300.0,1.3204,1.3208,1.3178,1.3187,57099.55,0.0,0.0,0
15m,1775203200.0,1.3187,1.3217,1.3184,1.3205,115696.18,0.0,0.0,0
15m,1775204100.0,1.3205,1.3211,1.3179,1.318,64132.88,0.0,0.0,0
15m,1775205000.0,1.318,1.3207,1.3173,1.3182,122014.78,0.0,0.0,0
15m,1775205900.0,1.3182,1.3201,1.3168,1.3178,76567.46,0.0,0.0,0
15m,1775206800.0,1.3178,1.3178,1.3139,1.3149,96372.34,0.0,0.0,0
15m,1775207700.0,1.3149,1.3152,1.3116,1.3123,103163.78,0.0,0.0,0
15m,1775208600.0,1.3123,1.3142,1.3117,1.3135,59043.3,0.0,0.0,0
15m,1775209500.0,1.3135,1.3137,1.3111,1.3117,66819.37,0.0,0.0,0
15m,1775210400.0,1.3117,1.3133,1.3109,1.3113,73404.2,0.0,0.0,0
15m,1775211300.0,1.3113,1.3146,1.3096,1.3133,487983.09,0.0,0.0,0
15m,1775212200.0,1.3133,1.3164,1.3124,1.3162,48635.16,0.0,0.0,0
15m,1775213100.0,1.3162,1.3176,1.3122,1.3159,622586.49,0.0,0.0,0
15m,1775214000.0,1.3159,1.3176,1.315,1.3155,68690.36,0.0,0.0,0
15m,1775214900.0,1.3155,1.3174,1.3155,1.3165,42287.15,0.0,0.0,0
15m,1775215800.0,1.3165,1.3233,1.3163,1.3229,227551.85,0.0,0.0,0
15m,1775216700.0,1.3229,1.3243,1.3197,1.3202,807698.12,0.0,0.0,0
15m,1775217600.0,1.3202,1.3251,1.3182,1.3242,579183.27,0.0,0.0,0
15m,1775218500.0,1.3242,1.3278,1.3215,1.3264,224645.81,0.0,0.0,0
15m,1775219400.0,1.3264,1.3354,1.3223,1.3238,1473845.64,0.0,0.0,0
15m,1775220300.0,1.3238,1.3255,1.319,1.3199,368059.57,0.0,0.0,0
15m,1775221200.0,1.3199,1.3205,1.3167,1.3179,174229.43,0.0,0.0,0
15m,1775222100.0,1.3179,1.3198,1.317,1.319,100598.64,0.0,0.0,0
15m,1775223000.0,1.319,1.3191,1.3167,1.3176,62551.53,0.0,0.0,0
15m,1775223900.0,1.3176,1.3183,1.3146,1.3178,71821.23,0.0,0.0,0
15m,1775224800.0,1.3178,1.3185,1.3151,1.3172,68285.51,0.0,0.0,0
15m,1775225700.0,1.3172,1.3212,1.3163,1.3198,36794.25,0.0,0.0,0
15m,1775226600.0,1.3198,1.3202,1.3161,1.3163,47917.7,0.0,0.0,0
15m,1775227500.0,1.3163,1.3205,1.3162,1.3193,63625.09,0.0,0.0,0
15m,1775228400.0,1.3193,1.3235,1.3189,1.3224,117406.26,0.0,0.0,0
15m,1775229300.0,1.3224,1.3226,1.3195,1.3207,86301.74,0.0,0.0,0
15m,1775230200.0,1.3207,1.3218,1.3183,1.3183,111193.34,0.0,0.0,0
15m,1775231100.0,1.3183,1.3197,1.3183,1.3186,38398.83,0.0,0.0,0
15m,1775232000.0,1.3186,1.3208,1.3185,1.3204,118493.84,0.0,0.0,0
15m,1775232900.0,1.3204,1.3242,1.3198,1.3235,145984.71,0.0,0.0,0
15m,1775233800.0,1.3235,1.3244,1.3212,1.3226,260899.72,0.0,0.0,0
15m,1775234700.0,1.3226,1.3254,1.3222,1.3246,257181.66,0.0,0.0,0
15m,1775235600.0,1.3246,1.3253,1.3229,1.3229,151238.03,0.0,0.0,0
15m,1775236500.0,1.3229,1.3237,1.3198,1.3225,113532.79,0.0,0.0,0
15m,1775237400.0,1.3225,1.3229,1.3202,1.3206,131885.69,0.0,0.0,0
15m,1775238300.0,1.3206,1.3219,1.3192,1.3213,25224.34,0.0,0.0,0
15m,1775239200.0,1.3213,1.3216,1.3197,1.3209,106631.79,0.0,0.0,0
15m,1775240100.0,1.3209,1.3226,1.3202,1.3202,41948.21,0.0,0.0,0
15m,1775241000.0,1.3202,1.3212,1.3192,1.3192,41295.54,0.0,0.0,0
15m,1775241900.0,1.3192,1.3197,1.3176,1.318,72265.25,0.0,0.0,0
15m,1775242800.0,1.318,1.3185,1.3137,1.314,97971.39,0.0,0.0,0
15m,1775243700.0,1.314,1.3162,1.3138,1.3148,38653.11,0.0,0.0,0
15m,1775244600.0,1.3148,1.3166,1.3145,1.3166,45284.61,0.0,0.0,0
15m,1775245500.0,1.3166,1.3186,1.3166,1.3177,51218.05,0.0,0.0,0
15m,1775246400.0,1.3177,1.319,1.3174,1.3189,43533.6,0.0,0.0,0
15m,1775247300.0,1.3189,1.3191,1.3169,1.3171,44022.36,0.0,0.0,0
15m,1775248200.0,1.3171,1.3182,1.3168,1.3177,50480.95,0.0,0.0,0
15m,1775249100.0,1.3177,1.3181,1.3164,1.3164,76928.97,0.0,0.0,0
15m,1775250000.0,1.3164,1.3199,1.3153,1.3186,169970.06,0.0,0.0,0
15m,1775250900.0,1.3186,1.3188,1.317,1.317,30972.18,0.0,0.0,0
15m,1775251800.0,1.317,1.3179,1.3147,1.3147,77310.77,0.0,0.0,0
15m,1775252700.0,1.3147,1.3187,1.3134,1.3186,145451.79,0.0,0.0,0
15m,1775253600.0,1.3186,1.3187,1.3158,1.3166,67437.68,0.0,0.0,0
15m,1775254500.0,1.3166,1.3194,1.3164,1.3193,38890.14,0.0,0.0,0
15m,1775255400.0,1.3193,1.3222,1.3191,1.3217,160001.75,0.0,0.0,0
15m,1775256300.0,1.3217,1.3235,1.3165,1.3167,873942.31,0.0,0.0,0
15m,1775257200.0,1.3167,1.3167,1.3146,1.3152,52497.94,0.0,0.0,0
15m,1775258100.0,1.3152,1.3153,1.3136,1.3136,131448.57,0.0,0.0,0
15m,1775259000.0,1.3136,1.3182,1.3124,1.3165,669687.7,0.0,0.0,0
15m,1775259900.0,1.3165,1.3189,1.3165,1.3184,38258.76,0.0,0.0,0
15m,1775260800.0,1.3184,1.3184,1.3164,1.3172,53536.95,0.0,0.0,0
15m,1775261700.0,1.3172,1.3188,1.3165,1.3179,48281.12,0.0,0.0,0
15m,1775262600.0,1.3179,1.3191,1.3176,1.3179,58282.57,0.0,0.0,0
15m,1775263500.0,1.3179,1.3183,1.3161,1.3162,45189.9,0.0,0.0,0
15m,1775264400.0,1.3162,1.3177,1.3152,1.3163,37563.26,0.0,0.0,0
15m,1775265300.0,1.3163,1.3165,1.3156,1.3156,48761.86,0.0,0.0,0
15m,1775266200.0,1.3156,1.3171,1.3153,1.3155,28917.57,0.0,0.0,0
15m,1775267100.0,1.3155,1.3156,1.3145,1.315,38240.87,0.0,0.0,0
15m,1775268000.0,1.315,1.315,1.3133,1.3141,39420.43,0.0,0.0,0
15m,1775268900.0,1.3141,1.3146,1.3136,1.3144,34756.38,0.0,0.0,0
15m,1775269800.0,1.3144,1.3151,1.3141,1.3142,48308.25,0.0,0.0,0
15m,1775270700.0,1.3142,1.3146,1.3134,1.3146,25233.91,0.0,0.0,0
15m,1775271600.0,1.3146,1.3161,1.3144,1.3157,48255.01,0.0,0.0,0
15m,1775272500.0,1.3157,1.3158,1.3147,1.3152,24920.73,0.0,0.0,0
15m,1775273400.0,1.3152,1.3164,1.3148,1.3161,25002.94,0.0,0.0,0
15m,1775274300.0,1.3161,1.3168,1.3148,1.3158,76672.34,0.0,0.0,0
15m,1775275200.0,1.3158,1.3174,1.3154,1.3164,22100.22,0.0,0.0,0
15m,1775276100.0,1.3164,1.3177,1.3164,1.3175,35867.27,0.0,0.0,0
15m,1775277000.0,1.3175,1.3184,1.317,1.3179,30697.26,0.0,0.0,0
15m,1775277900.0,1.3179,1.3179,1.316,1.3163,41752.12,0.0,0.0,0
15m,1775278800.0,1.3163,1.3165,1.3154,1.3159,173641.79,0.0,0.0,0
15m,1775279700.0,1.3159,1.3168,1.3156,1.3164,69203.72,0.0,0.0,0
15m,1775280600.0,1.3164,1.3185,1.3164,1.3168,59350.97,0.0,0.0,0
15m,1775281500.0,1.3168,1.318,1.316,1.3172,164153.96,0.0,0.0,0
15m,1775282400.0,1.3172,1.3181,1.3164,1.3181,49426.12,0.0,0.0,0
15m,1775283300.0,1.3181,1.3187,1.3177,1.3184,98798.26,0.0,0.0,0
15m,1775284200.0,1.3184,1.3197,1.3177,1.3187,91092.84,0.0,0.0,0
15m,1775285100.0,1.3187,1.3206,1.3187,1.3197,130300.65,0.0,0.0,0
15m,1775286000.0,1.3197,1.3201,1.3188,1.3193,107977.33,0.0,0.0,0
15m,1775286900.0,1.3193,1.3193,1.3168,1.317,47491.96,0.0,0.0,0
15m,1775287800.0,1.317,1.3172,1.3163,1.3163,101651.17,0.0,0.0,0
15m,1775288700.0,1.3163,1.3164,1.3153,1.3161,155194.21,0.0,0.0,0
15m,1775289600.0,1.3161,1.3161,1.3147,1.3151,85084.71,0.0,0.0,0
15m,1775290500.0,1.3151,1.3166,1.3151,1.3162,46169.05,0.0,0.0,0
15m,1775291400.0,1.3162,1.3165,1.3143,1.3146,65305.91,0.0,0.0,0
15m,1775292300.0,1.3146,1.315,1.3137,1.3139,99167.25,0.0,0.0,0
15m,1775293200.0,1.3139,1.3144,1.3133,1.314,62021.04,0.0,0.0,0
15m,1775294100.0,1.314,1.314,1.3132,1.3135,61085.0,0.0,0.0,0
15m,1775295000.0,1.3135,1.3141,1.3128,1.3128,63658.57,0.0,0.0,0
15m,1775295900.0,1.3128,1.314,1.3125,1.3126,101628.58,0.0,0.0,0
15m,1775296800.0,1.3126,1.3129,1.3114,1.3114,115683.2,0.0,0.0,0
15m,1775297700.0,1.3114,1.3114,1.308,1.308,358877.72,0.0,0.0,0
15m,1775298600.0,1.308,1.3129,1.3068,1.3117,649971.54,0.0,0.0,0
15m,1775299500.0,1.3117,1.3148,1.3117,1.3141,154315.28,0.0,0.0,0
15m,1775300400.0,1.3141,1.3159,1.3139,1.3158,133171.43,0.0,0.0,0
15m,1775301300.0,1.3158,1.3165,1.3105,1.3122,673443.28,0.0,0.0,0
15m,1775302200.0,1.3122,1.3143,1.3108,1.3114,283950.02,0.0,0.0,0
15m,1775303100.0,1.3114,1.3119,1.311,1.3119,78343.2,0.0,0.0,0
15m,1775304000.0,1.3119,1.3119,1.3101,1.3105,135488.07,0.0,0.0,0
15m,1775304900.0,1.3105,1.3113,1.3101,1.3105,61403.05,0.0,0.0,0
15m,1775305800.0,1.3105,1.3114,1.3091,1.3092,103654.21,0.0,0.0,0
15m,1775306700.0,1.3092,1.3109,1.3092,1.3104,108041.77,0.0,0.0,0
15m,1775307600.0,1.3104,1.3104,1.3092,1.3101,152120.16,0.0,0.0,0
15m,1775308500.0,1.3101,1.3109,1.3085,1.3094,139665.35,0.0,0.0,0
15m,1775309400.0,1.3094,1.3117,1.3084,1.3112,206205.82,0.0,0.0,0
15m,1775310300.0,1.3112,1.3114,1.309,1.3094,279190.69,0.0,0.0,0
15m,1775311200.0,1.3094,1.3104,1.3092,1.3099,122907.42,0.0,0.0,0
15m,1775312100.0,1.3099,1.3106,1.3097,1.3098,139224.34,0.0,0.0,0
15m,1775313000.0,1.3098,1.3105,1.3067,1.3098,233870.15,0.0,0.0,0
15m,1775313900.0,1.3098,1.3126,1.3096,1.3126,88114.72,0.0,0.0,0
15m,1775314800.0,1.3126,1.3169,1.3115,1.3147,257715.59,0.0,0.0,0
15m,1775315700.0,1.3147,1.316,1.3122,1.3131,139121.91,0.0,0.0,0
15m,1775316600.0,1.3131,1.3144,1.3127,1.3127,84333.54,0.0,0.0,0
15m,1775317500.0,1.3127,1.3134,1.3122,1.3127,40201.18,0.0,0.0,0
15m,1775318400.0,1.3127,1.3138,1.311,1.3111,55769.01,0.0,0.0,0
15m,1775319300.0,1.3111,1.3152,1.3109,1.3145,61863.76,0.0,0.0,0
15m,1775320200.0,1.3145,1.3155,1.3134,1.3153,59268.53,0.0,0.0,0
15m,1775321100.0,1.3153,1.3159,1.3123,1.3125,65793.76,0.0,0.0,0
15m,1775322000.0,1.3125,1.314,1.312,1.3138,109664.55,0.0,0.0,0
15m,1775322900.0,1.3138,1.3162,1.3136,1.3158,44027.23,0.0,0.0,0
15m,1775323800.0,1.3158,1.316,1.3151,1.3151,23378.74,0.0,0.0,0
15m,1775324700.0,1.3151,1.3151,1.3143,1.3147,6692.96,0.0,0.0,0
15m,1775325600.0,1.3147,1.3154,1.3139,1.3147,37314.11,0.0,0.0,0
15m,1775326500.0,1.3147,1.3159,1.3145,1.3157,36682.81,0.0,0.0,0
15m,1775327400.0,1.3157,1.3157,1.3139,1.3145,23433.33,0.0,0.0,0
15m,1775328300.0,1.3145,1.3147,1.3136,1.3136,33453.59,0.0,0.0,0
15m,1775329200.0,1.3136,1.3216,1.3134,1.3216,231667.41,0.0,0.0,0
15m,1775330100.0,1.3216,1.3226,1.3171,1.3171,136235.59,0.0,0.0,0
15m,1775331000.0,1.3171,1.3179,1.3164,1.3168,69138.96,0.0,0.0,0
15m,1775331900.0,1.3168,1.3192,1.3165,1.3177,73681.83,0.0,0.0,0
15m,1775332800.0,1.3177,1.3181,1.3156,1.3171,92624.36,0.0,0.0,0
15m,1775333700.0,1.3171,1.3181,1.3168,1.3181,25830.45,0.0,0.0,0
15m,1775334600.0,1.3181,1.3183,1.3175,1.3177,33215.45,0.0,0.0,0
15m,1775335500.0,1.3177,1.3178,1.3164,1.3169,83370.81,0.0,0.0,0
15m,1775336400.0,1.3169,1.3176,1.3144,1.3154,77638.57,0.0,0.0,0
15m,1775337300.0,1.3154,1.3173,1.3151,1.3169,87350.99,0.0,0.0,0
15m,1775338200.0,1.3169,1.3179,1.3163,1.3167,42020.17,0.0,0.0,0
15m,1775339100.0,1.3167,1.3189,1.3165,1.317,105773.56,0.0,0.0,0
15m,1775340000.0,1.317,1.3181,1.3164,1.3177,90169.83,0.0,0.0,0
15m,1775340900.0,1.3177,1.3185,1.3168,1.3176,101343.12,0.0,0.0,0
15m,1775341800.0,1.3176,1.3183,1.3162,1.3183,44030.93,0.0,0.0,0
15m,1775342700.0,1.3183,1.3183,1.3166,1.3168,24532.91,0.0,0.0,0
15m,1775343600.0,1.3168,1.3168,1.3147,1.3149,52012.49,0.0,0.0,0
15m,1775344500.0,1.3149,1.3154,1.3145,1.3145,30803.34,0.0,0.0,0
15m,1775345400.0,1.3145,1.3148,1.3137,1.3148,63132.08,0.0,0.0,0
15m,1775346300.0,1.3148,1.316,1.314,1.3153,42795.55,0.0,0.0,0
15m,1775347200.0,1.3153,1.3154,1.314,1.314,14672.07,0.0,0.0,0
15m,1775348100.0,1.314,1.3144,1.3134,1.3141,29900.21,0.0,0.0,0
15m,1775349000.0,1.3141,1.3145,1.3136,1.3143,38022.76,0.0,0.0,0
15m,1775349900.0,1.3143,1.3143,1.3116,1.3125,54535.07,0.0,0.0,0
15m,1775350800.0,1.3125,1.3143,1.3118,1.3137,58392.4,0.0,0.0,0
15m,1775351700.0,1.3137,1.3137,1.3122,1.3124,26906.19,0.0,0.0,0
15m,1775352600.0,1.3124,1.3125,1.3112,1.3122,103801.88,0.0,0.0,0
15m,1775353500.0,1.3122,1.3133,1.3121,1.313,25030.37,0.0,0.0,0
15m,1775354400.0,1.313,1.3137,1.3104,1.3137,77419.84,0.0,0.0,0
15m,1775355300.0,1.3137,1.3175,1.3137,1.3173,27013.35,0.0,0.0,0
15m,1775356200.0,1.3173,1.3198,1.3156,1.3158,496154.06,0.0,0.0,0
15m,1775357100.0,1.3158,1.3167,1.3153,1.3166,11067.02,0.0,0.0,0
15m,1775358000.0,1.3166,1.3171,1.316,1.317,32796.78,0.0,0.0,0
15m,1775358900.0,1.317,1.3172,1.3151,1.3152,23872.53,0.0,0.0,0
15m,1775359800.0,1.3152,1.3152,1.3139,1.3144,44077.33,0.0,0.0,0
15m,1775360700.0,1.3144,1.3144,1.3132,1.3133,14432.24,0.0,0.0,0
15m,1775361600.0,1.3133,1.3141,1.311,1.3111,70804.6,0.0,0.0,0
15m,1775362500.0,1.3111,1.3158,1.3108,1.315,624016.85,0.0,0.0,0
15m,1775363400.0,1.315,1.3152,1.3122,1.3123,34304.76,0.0,0.0,0
15m,1775364300.0,1.3123,1.313,1.3094,1.3109,434084.85,0.0,0.0,0
15m,1775365200.0,1.3109,1.3123,1.3077,1.3084,673088.47,0.0,0.0,0
15m,1775366100.0,1.3084,1.3087,1.3056,1.3067,157962.21,0.0,0.0,0
15m,1775367000.0,1.3067,1.3069,1.3049,1.305,178822.37,0.0,0.0,0
15m,1775367900.0,1.305,1.3053,1.2998,1.3006,404079.5,0.0,0.0,0
15m,1775368800.0,1.3006,1.3031,1.2967,1.2976,843220.67,0.0,0.0,0
15m,1775369700.0,1.2976,1.2999,1.2958,1.2998,140776.64,0.0,0.0,0
15m,1775370600.0,1.2998,1.3025,1.2995,1.3012,177616.21,0.0,0.0,0
15m,1775371500.0,1.3012,1.3032,1.3012,1.3016,106039.21,0.0,0.0,0
15m,1775372400.0,1.3016,1.3046,1.2981,1.3003,976826.17,0.0,0.0,0
15m,1775373300.0,1.3003,1.301,1.2961,1.3005,512284.95,0.0,0.0,0
15m,1775374200.0,1.3005,1.3005,1.2974,1.298,92896.99,0.0,0.0,0
15m,1775375100.0,1.298,1.299,1.2968,1.298,470075.08,0.0,0.0,0
15m,1775376000.0,1.298,1.2989,1.2972,1.2979,65979.6,0.0,0.0,0
15m,1775376900.0,1.2979,1.299,1.2972,1.2974,154181.84,0.0,0.0,0
15m,1775377800.0,1.2974,1.2989,1.2974,1.298,34000.51,0.0,0.0,0
15m,1775378700.0,1.298,1.3,1.2975,1.2998,225736.85,0.0,0.0,0
15m,1775379600.0,1.2998,1.3009,1.2992,1.2997,112156.03,0.0,0.0,0
15m,1775380500.0,1.2997,1.302,1.2995,1.3019,20129.78,0.0,0.0,0
15m,1775381400.0,1.3019,1.3019,1.3001,1.3013,92811.65,0.0,0.0,0
15m,1775382300.0,1.3013,1.3017,1.3004,1.3012,86378.71,0.0,0.0,0
15m,1775383200.0,1.3012,1.3012,1.2998,1.2998,59023.7,0.0,0.0,0
15m,1775384100.0,1.2998,1.3005,1.2995,1.3005,13536.2,0.0,0.0,0
15m,1775385000.0,1.3005,1.3042,1.3,1.3018,67308.59,0.0,0.0,0
15m,1775385900.0,1.3018,1.3018,1.2983,1.299,40315.75,0.0,0.0,0
15m,1775386800.0,1.299,1.2995,1.2979,1.2987,77869.17,0.0,0.0,0
15m,1775387700.0,1.2987,1.3002,1.2987,1.2997,76243.59,0.0,0.0,0
15m,1775388600.0,1.2997,1.3007,1.2996,1.3002,49493.09,0.0,0.0,0
15m,1775389500.0,1.3002,1.3003,1.2987,1.2988,32247.17,0.0,0.0,0
15m,1775390400.0,1.2988,1.2988,1.2947,1.2953,106104.34,0.0,0.0,0
15m,1775391300.0,1.2953,1.2958,1.2914,1.2914,84418.76,0.0,0.0,0
15m,1775392200.0,1.2914,1.2924,1.2823,1.2841,334334.95,0.0,0.0,0
15m,1775393100.0,1.2841,1.2841,1.2782,1.2826,340575.75,0.0,0.0,0
15m,1775394000.0,1.2826,1.2863,1.2822,1.2829,291154.01,0.0,0.0,0
15m,1775394900.0,1.2829,1.2878,1.2803,1.2838,529652.2,0.0,0.0,0
15m,1775395800.0,1.2838,1.2882,1.2836,1.2882,111502.2,0.0,0.0,0
15m,1775396700.0,1.2882,1.2924,1.2871,1.2888,867770.12,0.0,0.0,0
15m,1775397600.0,1.2888,1.2907,1.2862,1.2866,124883.73,0.0,0.0,0
15m,1775398500.0,1.2866,1.2889,1.2853,1.2875,71321.04,0.0,0.0,0
15m,1775399400.0,1.2875,1.2891,1.287,1.2878,123795.53,0.0,0.0,0
15m,1775400300.0,1.2878,1.2878,1.2862,1.2863,60188.08,0.0,0.0,0
15m,1775401200.0,1.2863,1.2878,1.2835,1.287,113912.36,0.0,0.0,0
15m,1775402100.0,1.287,1.2993,1.2857,1.2973,375842.78,0.0,0.0,0
15m,1775403000.0,1.2973,1.3055,1.2961,1.2991,722373.38,0.0,0.0,0
15m,1775403900.0,1.2991,1.3005,1.2959,1.2963,196554.35,0.0,0.0,0
15m,1775404800.0,1.2963,1.3006,1.2963,1.2995,133236.53,0.0,0.0,0
15m,1775405700.0,1.2995,1.3003,1.2989,1.2992,83025.46,0.0,0.0,0
15m,1775406600.0,1.2992,1.302,1.298,1.2994,140153.22,0.0,0.0,0
15m,1775407500.0,1.2994,1.2994,1.2969,1.2979,132680.88,0.0,0.0,0
15m,1775408400.0,1.2979,1.3011,1.2966,1.3004,97066.78,0.0,0.0,0
15m,1775409300.0,1.3004,1.3006,1.2968,1.3,56938.93,0.0,0.0,0
15m,1775410200.0,1.3,1.3014,1.2982,1.3014,99568.94,0.0,0.0,0
15m,1775411100.0,1.3014,1.303,1.3007,1.3023,88021.69,0.0,0.0,0
15m,1775412000.0,1.3023,1.3023,1.3,1.3009,48806.1,0.0,0.0,0
15m,1775412900.0,1.3009,1.3012,1.2986,1.2992,236334.08,0.0,0.0,0
15m,1775413800.0,1.2992,1.3052,1.2992,1.3033,259844.29,0.0,0.0,0
15m,1775414700.0,1.3033,1.3036,1.3022,1.3028,75729.67,0.0,0.0,0
15m,1775415600.0,1.3028,1.303,1.3009,1.3013,67885.58,0.0,0.0,0
15m,1775416500.0,1.3013,1.3071,1.301,1.3046,124352.68,0.0,0.0,0
15m,1775417400.0,1.3046,1.3048,1.2998,1.3,156251.11,0.0,0.0,0
15m,1775418300.0,1.3,1.3006,1.2993,1.3005,74552.93,0.0,0.0,0
15m,1775419200.0,1.3005,1.3016,1.2996,1.3005,45081.35,0.0,0.0,0
15m,1775420100.0,1.3005,1.3024,1.3002,1.3016,52780.84,0.0,0.0,0
15m,1775421000.0,1.3016,1.3056,1.3007,1.3018,132355.15,0.0,0.0,0
15m,1775421900.0,1.3018,1.3052,1.3017,1.3042,205287.02,0.0,0.0,0
15m,1775422800.0,1.3042,1.3047,1.2993,1.301,217380.79,0.0,0.0,0
15m,1775423700.0,1.301,1.301,1.2989,1.2999,59009.38,0.0,0.0,0
15m,1775424600.0,1.2999,1.3012,1.2983,1.2999,58796.35,0.0,0.0,0
15m,1775425500.0,1.2999,1.3033,1.2999,1.3004,80412.67,0.0,0.0,0
15m,1775426400.0,1.3004,1.3052,1.2994,1.3014,243290.23,0.0,0.0,0
15m,1775427300.0,1.3014,1.302,1.2971,1.2992,72385.14,0.0,0.0,0
15m,1775428200.0,1.2992,1.3073,1.2986,1.3051,234595.66,0.0,0.0,0
15m,1775429100.0,1.3051,1.313,1.3051,1.3121,437086.46,0.0,0.0,0
15m,1775430000.0,1.3121,1.3199,1.3113,1.3199,478640.97,0.0,0.0,0
15m,1775430900.0,1.3199,1.3321,1.3199,1.325,1139599.3,0.0,0.0,0
15m,1775431800.0,1.325,1.3296,1.3229,1.3238,346643.5,0.0,0.0,0
15m,1775432700.0,1.3238,1.3265,1.3234,1.3263,143573.58,0.0,0.0,0
15m,1775433600.0,1.3263,1.3386,1.3263,1.3334,840464.89,0.0,0.0,0
15m,1775434500.0,1.3334,1.3372,1.3308,1.3353,453070.74,0.0,0.0,0
15m,1775435400.0,1.3353,1.3399,1.3338,1.3375,1160169.28,0.0,0.0,0
15m,1775436300.0,1.3375,1.3378,1.3309,1.3315,186853.81,0.0,0.0,0
15m,1775437200.0,1.3315,1.3335,1.328,1.3281,274748.35,0.0,0.0,0
15m,1775438100.0,1.3281,1.33,1.3258,1.3292,543197.61,0.0,0.0,0
15m,1775439000.0,1.3292,1.332,1.3275,1.3298,601371.57,0.0,0.0,0
15m,1775439900.0,1.3298,1.3321,1.329,1.3293,171220.77,0.0,0.0,0
15m,1775440800.0,1.3293,1.349,1.3292,1.3441,1426222.71,0.0,0.0,0
15m,1775441700.0,1.3441,1.3463,1.3408,1.3432,473761.55,0.0,0.0,0
15m,1775442600.0,1.3432,1.3461,1.3389,1.3403,186647.42,0.0,0.0,0
15m,1775443500.0,1.3403,1.342,1.3397,1.3402,131646.18,0.0,0.0,0
15m,1775444400.0,1.3402,1.3419,1.3387,1.3391,90794.35,0.0,0.0,0
15m,1775445300.0,1.3391,1.3407,1.3377,1.3404,557499.98,0.0,0.0,0
15m,1775446200.0,1.3404,1.3414,1.3363,1.3388,159947.55,0.0,0.0,0
15m,1775447100.0,1.3388,1.3407,1.3372,1.3382,214591.5,0.0,0.0,0
15m,1775448000.0,1.3382,1.3412,1.3361,1.3373,239978.39,0.0,0.0,0
15m,1775448900.0,1.3373,1.3383,1.3362,1.3378,212865.37,0.0,0.0,0
15m,1775449800.0,1.3378,1.3421,1.3375,1.3406,378014.63,0.0,0.0,0
15m,1775450700.0,1.3406,1.3415,1.3393,1.3396,56538.86,0.0,0.0,0
15m,1775451600.0,1.3396,1.3398,1.3376,1.3391,48602.49,0.0,0.0,0
15m,1775452500.0,1.3391,1.3405,1.3365,1.3377,126946.77,0.0,0.0,0
15m,1775453400.0,1.3377,1.3385,1.3368,1.3384,52881.48,0.0,0.0,0
15m,1775454300.0,1.3384,1.3402,1.3381,1.3402,56399.78,0.0,0.0,0
15m,1775455200.0,1.3402,1.3468,1.3389,1.3459,200723.11,0.0,0.0,0
15m,1775456100.0,1.3459,1.3459,1.3393,1.3399,182241.33,0.0,0.0,0
15m,1775457000.0,1.3399,1.3447,1.3387,1.3403,768571.76,0.0,0.0,0
15m,1775457900.0,1.3403,1.3435,1.3396,1.3413,222874.93,0.0,0.0,0
15m,1775458800.0,1.3413,1.3416,1.3376,1.3379,110150.12,0.0,0.0,0
15m,1775459700.0,1.3379,1.3455,1.3377,1.3437,723617.9,0.0,0.0,0
15m,1775460600.0,1.3437,1.3437,1.3384,1.3394,1186942.83,0.0,0.0,0
15m,1775461500.0,1.3394,1.3458,1.339,1.3441,577729.0,0.0,0.0,0
15m,1775462400.0,1.3441,1.3461,1.3434,1.3454,199582.27,0.0,0.0,0
15m,1775463300.0,1.3454,1.3464,1.3412,1.3436,620895.05,0.0,0.0,0
15m,1775464200.0,1.3436,1.3462,1.342,1.3424,148581.47,0.0,0.0,0
15m,1775465100.0,1.3424,1.3424,1.3387,1.339,288909.36,0.0,0.0,0
15m,1775466000.0,1.339,1.349,1.3378,1.3457,700089.1,0.0,0.0,0
15m,1775466900.0,1.3457,1.3574,1.3457,1.3525,740015.3,0.0,0.0,0
15m,1775467800.0,1.3525,1.3554,1.3518,1.3547,197349.71,0.0,0.0,0
15m,1775468700.0,1.3547,1.3551,1.3516,1.3524,110324.65,0.0,0.0,0
15m,1775469600.0,1.3524,1.3563,1.3524,1.3552,70839.14,0.0,0.0,0
15m,1775470500.0,1.3552,1.3568,1.3531,1.3539,137966.26,0.0,0.0,0
15m,1775471400.0,1.3539,1.3563,1.3535,1.3559,234313.72,0.0,0.0,0
15m,1775472300.0,1.3559,1.356,1.3518,1.3532,260269.02,0.0,0.0,0
15m,1775473200.0,1.3532,1.3532,1.3481,1.3504,625159.07,0.0,0.0,0
15m,1775474100.0,1.3504,1.3514,1.3492,1.3495,186225.48,0.0,0.0,0
15m,1775475000.0,1.3495,1.3514,1.3493,1.3505,196931.99,0.0,0.0,0
15m,1775475900.0,1.3505,1.3511,1.349,1.3498,139992.54,0.0,0.0,0
15m,1775476800.0,1.3498,1.3508,1.3487,1.3488,222411.27,0.0,0.0,0
15m,1775477700.0,1.3488,1.3488,1.3465,1.3465,344192.35,0.0,0.0,0
15m,1775478600.0,1.3465,1.3466,1.3438,1.3441,245477.54,0.0,0.0,0
15m,1775479500.0,1.3441,1.3448,1.3422,1.3432,265868.17,0.0,0.0,0
15m,1775480400.0,1.3432,1.3449,1.3426,1.3446,320377.34,0.0,0.0,0
15m,1775481300.0,1.3446,1.3461,1.3437,1.3451,190592.62,0.0,0.0,0
15m,1775482200.0,1.3451,1.3479,1.3419,1.3446,276309.68,0.0,0.0,0
15m,1775483100.0,1.3446,1.3478,1.344,1.3471,212060.2,0.0,0.0,0
15m,1775484000.0,1.3471,1.352,1.3444,1.3481,563154.24,0.0,0.0,0
15m,1775484900.0,1.3481,1.3533,1.348,1.3496,411500.65,0.0,0.0,0
15m,1775485800.0,1.3496,1.3513,1.3408,1.3445,417480.18,0.0,0.0,0
15m,1775486700.0,1.3445,1.3485,1.3415,1.3479,94353.11,0.0,0.0,0
15m,1775487600.0,1.3479,1.3494,1.3452,1.3464,220687.5,0.0,0.0,0
15m,1775488500.0,1.3464,1.3474,1.3444,1.3466,188138.63,0.0,0.0,0
15m,1775489400.0,1.3466,1.3486,1.3449,1.3483,137003.5,0.0,0.0,0
15m,1775490300.0,1.3483,1.3509,1.3482,1.3506,231192.39,0.0,0.0,0
15m,1775491200.0,1.3506,1.3534,1.3498,1.3526,140565.68,0.0,0.0,0
15m,1775492100.0,1.3526,1.3527,1.3487,1.3487,66022.46,0.0,0.0,0
15m,1775493000.0,1.3487,1.3507,1.3481,1.3487,72409.74,0.0,0.0,0
15m,1775493900.0,1.3487,1.3522,1.3424,1.3434,256401.92,0.0,0.0,0
15m,1775494800.0,1.3434,1.3438,1.3351,1.3357,571657.71,0.0,0.0,0
15m,1775495700.0,1.3357,1.3423,1.3349,1.3417,239262.38,0.0,0.0,0
15m,1775496600.0,1.3417,1.3425,1.3385,1.3389,80151.42,0.0,0.0,0
15m,1775497500.0,1.3389,1.3396,1.3377,1.3393,97557.03,0.0,0.0,0
15m,1775498400.0,1.3393,1.3433,1.337,1.3411,270485.22,0.0,0.0,0
15m,1775499300.0,1.3411,1.3421,1.3391,1.3419,106823.42,0.0,0.0,0
15m,1775500200.0,1.3419,1.3434,1.3405,1.3417,209953.02,0.0,0.0,0
15m,1775501100.0,1.3417,1.3428,1.3409,1.3411,36157.19,0.0,0.0,0
15m,1775502000.0,1.3411,1.3411,1.3375,1.3386,304669.17,0.0,0.0,0
15m,1775502900.0,1.3386,1.3407,1.3384,1.3396,72083.56,0.0,0.0,0
15m,1775503800.0,1.3396,1.3404,1.338,1.3394,61472.45,0.0,0.0,0
15m,1775504700.0,1.3394,1.3437,1.3385,1.3416,177351.53,0.0,0.0,0
15m,1775505600.0,1.3416,1.3437,1.3403,1.3406,104398.64,0.0,0.0,0
15m,1775506500.0,1.3406,1.3435,1.3406,1.3427,48858.38,0.0,0.0,0
15m,1775507400.0,1.3427,1.3437,1.3425,1.343,18271.36,0.0,0.0,0
15m,1775508300.0,1.343,1.3433,1.341,1.3413,36085.8,0.0,0.0,0
15m,1775509200.0,1.3413,1.3413,1.338,1.3391,229452.97,0.0,0.0,0
15m,1775510100.0,1.3391,1.3397,1.3377,1.3388,27468.42,0.0,0.0,0
15m,1775511000.0,1.3388,1.3389,1.336,1.3365,98267.44,0.0,0.0,0
15m,1775511900.0,1.3365,1.337,1.3346,1.3355,281708.77,0.0,0.0,0
15m,1775512800.0,1.3355,1.3355,1.3331,1.335,198367.72,0.0,0.0,0
15m,1775513700.0,1.335,1.3352,1.3315,1.3319,146521.2,0.0,0.0,0
15m,1775514600.0,1.3319,1.3319,1.3277,1.3278,125513.7,0.0,0.0,0
15m,1775515500.0,1.3278,1.3278,1.3185,1.3185,468568.18,0.0,0.0,0
15m,1775516400.0,1.3185,1.3197,1.3123,1.3176,477288.65,0.0,0.0,0
15m,1775517300.0,1.3176,1.3185,1.3148,1.3164,158305.12,0.0,0.0,0
15m,1775518200.0,1.3164,1.3228,1.3156,1.3221,148497.65,0.0,0.0,0
15m,1775519100.0,1.3221,1.3224,1.3201,1.3211,205961.2,0.0,0.0,0
15m,1775520000.0,1.3211,1.3247,1.3198,1.3239,193385.71,0.0,0.0,0
15m,1775520900.0,1.3239,1.3257,1.3219,1.3239,113579.38,0.0,0.0,0
15m,1775521800.0,1.3239,1.3256,1.321,1.323,102873.25,0.0,0.0,0
15m,1775522700.0,1.323,1.3236,1.3212,1.3213,51856.27,0.0,0.0,0
15m,1775523600.0,1.3213,1.3217,1.3185,1.3202,175273.92,0.0,0.0,0
15m,1775524500.0,1.3202,1.3245,1.3202,1.3208,82135.36,0.0,0.0,0
15m,1775525400.0,1.3208,1.3209,1.3177,1.319,57532.16,0.0,0.0,0
15m,1775526300.0,1.319,1.3193,1.3145,1.3146,149285.14,0.0,0.0,0
15m,1775527200.0,1.3146,1.3164,1.3125,1.3157,119071.1,0.0,0.0,0
15m,1775528100.0,1.3157,1.3188,1.3154,1.3184,66520.17,0.0,0.0,0
15m,1775529000.0,1.3184,1.3195,1.3155,1.316,84622.02,0.0,0.0,0
15m,1775529900.0,1.316,1.3173,1.3148,1.317,75590.07,0.0,0.0,0
15m,1775530800.0,1.317,1.3182,1.3158,1.3158,38103.06,0.0,0.0,0
15m,1775531700.0,1.3158,1.3183,1.3145,1.317,417316.97,0.0,0.0,0
15m,1775532600.0,1.317,1.3174,1.3158,1.3161,73299.23,0.0,0.0,0
15m,1775533500.0,1.3161,1.3172,1.3157,1.317,123452.72,0.0,0.0,0
15m,1775534400.0,1.317,1.317,1.315,1.3156,245735.17,0.0,0.0,0
15m,1775535300.0,1.3156,1.3163,1.3131,1.3147,113119.78,0.0,0.0,0
15m,1775536200.0,1.3147,1.3187,1.3147,1.3185,79457.29,0.0,0.0,0
15m,1775537100.0,1.3185,1.3204,1.3181,1.3182,88904.84,0.0,0.0,0
15m,1775538000.0,1.3182,1.3189,1.317,1.3173,112619.64,0.0,0.0,0
15m,1775538900.0,1.3173,1.3178,1.3133,1.3135,492880.02,0.0,0.0,0
15m,1775539800.0,1.3135,1.3137,1.3105,1.3109,220518.26,0.0,0.0,0
15m,1775540700.0,1.3109,1.3115,1.3096,1.3114,193008.45,0.0,0.0,0
15m,1775541600.0,1.3114,1.3121,1.3087,1.3091,119074.36,0.0,0.0,0
15m,1775542500.0,1.3091,1.3102,1.3076,1.3091,226871.27,0.0,0.0,0
15m,1775543400.0,1.3091,1.3096,1.3055,1.3096,494022.05,0.0,0.0,0
15m,1775544300.0,1.3096,1.3117,1.3088,1.3113,82531.92,0.0,0.0,0
15m,1775545200.0,1.3113,1.3139,1.3108,1.3139,105379.23,0.0,0.0,0
15m,1775546100.0,1.3139,1.3161,1.3114,1.3114,850382.72,0.0,0.0,0
15m,1775547000.0,1.3114,1.3144,1.3111,1.3125,93182.0,0.0,0.0,0
15m,1775547900.0,1.3125,1.3136,1.3115,1.3126,80667.47,0.0,0.0,0
15m,1775548800.0,1.3126,1.3168,1.3118,1.3131,394378.31,0.0,0.0,0
15m,1775549700.0,1.3131,1.3155,1.3111,1.3146,729840.59,0.0,0.0,0
15m,1775550600.0,1.3146,1.3184,1.3146,1.3183,107183.13,0.0,0.0,0
15m,1775551500.0,1.3183,1.3231,1.3178,1.3193,1051621.42,0.0,0.0,0
15m,1775552400.0,1.3193,1.3246,1.3178,1.3214,629954.53,0.0,0.0,0
15m,1775553300.0,1.3214,1.322,1.3188,1.3195,210434.12,0.0,0.0,0
15m,1775554200.0,1.3195,1.3236,1.3195,1.3224,158288.85,0.0,0.0,0
15m,1775555100.0,1.3224,1.3224,1.3199,1.3203,246071.2,0.0,0.0,0
15m,1775556000.0,1.3203,1.3215,1.3138,1.316,771562.1,0.0,0.0,0
15m,1775556900.0,1.316,1.318,1.3116,1.3128,330146.92,0.0,0.0,0
15m,1775557800.0,1.3128,1.3132,1.3087,1.3098,364076.18,0.0,0.0,0
15m,1775558700.0,1.3098,1.3103,1.3057,1.3071,323531.99,0.0,0.0,0
15m,1775559600.0,1.3071,1.3088,1.3055,1.3079,309937.66,0.0,0.0,0
15m,1775560500.0,1.3079,1.3092,1.3045,1.3061,329353.43,0.0,0.0,0
15m,1775561400.0,1.3061,1.3066,1.3033,1.3054,257492.37,0.0,0.0,0
15m,1775562300.0,1.3054,1.3067,1.3042,1.3063,122854.34,0.0,0.0,0
15m,1775563200.0,1.3063,1.3085,1.3008,1.3043,663153.37,0.0,0.0,0
15m,1775564100.0,1.3043,1.308,1.3026,1.3076,169912.03,0.0,0.0,0
15m,1775565000.0,1.3076,1.3093,1.3043,1.3049,328558.53,0.0,0.0,0
15m,1775565900.0,1.3049,1.3131,1.304,1.3086,620227.41,0.0,0.0,0
15m,1775566800.0,1.3086,1.3134,1.3078,1.3122,292422.77,0.0,0.0,0
15m,1775567700.0,1.3122,1.3122,1.3064,1.3074,182975.63,0.0,0.0,0
15m,1775568600.0,1.3074,1.3098,1.3053,1.3057,370976.44,0.0,0.0,0
15m,1775569500.0,1.3057,1.3075,1.3046,1.3047,257787.92,0.0,0.0,0
15m,1775570400.0,1.3047,1.305,1.2976,1.2994,599116.89,0.0,0.0,0
15m,1775571300.0,1.2994,1.3051,1.2983,1.304,393748.75,0.0,0.0,0
15m,1775572200.0,1.304,1.3042,1.2985,1.2989,476010.07,0.0,0.0,0
15m,1775573100.0,1.2989,1.3035,1.2966,1.2966,441330.98,0.0,0.0,0
15m,1775574000.0,1.2966,1.2987,1.2948,1.2967,369637.49,0.0,0.0,0
15m,1775574900.0,1.2967,1.3025,1.2967,1.3006,398704.74,0.0,0.0,0
15m,1775575800.0,1.3006,1.3007,1.2979,1.2979,296485.48,0.0,0.0,0
15m,1775576700.0,1.2979,1.2999,1.2961,1.2973,384070.38,0.0,0.0,0
15m,1775577600.0,1.2973,1.3028,1.297,1.2976,272506.18,0.0,0.0,0
15m,1775578500.0,1.2976,1.3014,1.2956,1.3013,335355.68,0.0,0.0,0
15m,1775579400.0,1.3013,1.3031,1.3003,1.3021,126455.82,0.0,0.0,0
15m,1775580300.0,1.3021,1.3032,1.3002,1.3005,108181.17,0.0,0.0,0
15m,1775581200.0,1.3005,1.3022,1.2995,1.2998,116985.45,0.0,0.0,0
15m,1775582100.0,1.2998,1.3029,1.2993,1.3021,73646.76,0.0,0.0,0
15m,1775583000.0,1.3021,1.3149,1.3021,1.3083,308817.13,0.0,0.0,0
15m,1775583900.0,1.3083,1.3102,1.308,1.3085,100703.48,0.0,0.0,0
15m,1775584800.0,1.3085,1.3097,1.3069,1.3087,180470.54,0.0,0.0,0
15m,1775585700.0,1.3087,1.309,1.307,1.3084,46991.58,0.0,0.0,0
15m,1775586600.0,1.3084,1.3088,1.303,1.3036,128921.69,0.0,0.0,0
15m,1775587500.0,1.3036,1.3036,1.3002,1.302,173695.65,0.0,0.0,0
15m,1775588400.0,1.302,1.3056,1.3015,1.3034,178999.28,0.0,0.0,0
15m,1775589300.0,1.3034,1.3104,1.3034,1.3079,210181.37,0.0,0.0,0
15m,1775590200.0,1.3079,1.3079,1.3042,1.3063,113804.03,0.0,0.0,0
15m,1775591100.0,1.3063,1.3165,1.3058,1.3142,720283.52,0.0,0.0,0
15m,1775592000.0,1.3142,1.3213,1.3139,1.3182,458012.11,0.0,0.0,0
15m,1775592900.0,1.3182,1.3196,1.3158,1.3178,100427.23,0.0,0.0,0
15m,1775593800.0,1.3178,1.322,1.3175,1.3197,273584.32,0.0,0.0,0
15m,1775594700.0,1.3197,1.3197,1.3154,1.3181,140690.11,0.0,0.0,0
15m,1775595600.0,1.3181,1.3394,1.3181,1.3336,653271.47,0.0,0.0,0
15m,1775596500.0,1.3336,1.3347,1.327,1.328,263955.42,0.0,0.0,0
15m,1775597400.0,1.328,1.337,1.328,1.3369,234637.76,0.0,0.0,0
15m,1775598300.0,1.3369,1.3403,1.3351,1.3381,568189.9,0.0,0.0,0
15m,1775599200.0,1.3381,1.3434,1.3362,1.341,620069.75,0.0,0.0,0
15m,1775600100.0,1.341,1.3432,1.3374,1.3418,575604.59,0.0,0.0,0
15m,1775601000.0,1.3418,1.3637,1.3411,1.3553,3285775.16,0.0,0.0,0
15m,1775601900.0,1.3553,1.3741,1.3533,1.3737,1540928.84,0.0,0.0,0
15m,1775602800.0,1.3737,1.3782,1.3689,1.3708,1529327.49,0.0,0.0,0
15m,1775603700.0,1.3708,1.396,1.3672,1.396,2106559.67,0.0,0.0,0
15m,1775604600.0,1.396,1.396,1.3817,1.3851,1255637.24,0.0,0.0,0
15m,1775605500.0,1.3851,1.3888,1.3787,1.3787,821718.38,0.0,0.0,0
15m,1775606400.0,1.3787,1.3837,1.373,1.3753,905056.29,0.0,0.0,0
15m,1775607300.0,1.3753,1.3753,1.3693,1.3702,647437.1,0.0,0.0,0
15m,1775608200.0,1.3702,1.3707,1.3637,1.3649,525195.22,0.0,0.0,0
15m,1775609100.0,1.3649,1.3666,1.3602,1.3666,812282.65,0.0,0.0,0
15m,1775610000.0,1.3666,1.3706,1.3637,1.3701,524217.53,0.0,0.0,0
15m,1775610900.0,1.3701,1.3702,1.3651,1.3657,255331.88,0.0,0.0,0
15m,1775611800.0,1.3657,1.3697,1.3651,1.3685,139425.99,0.0,0.0,0
15m,1775612700.0,1.3685,1.3733,1.3682,1.3698,167632.9,0.0,0.0,0
15m,1775613600.0,1.3698,1.3759,1.3683,1.3747,204166.44,0.0,0.0,0
15m,1775614500.0,1.3747,1.3748,1.3697,1.3724,331818.51,0.0,0.0,0
15m,1775615400.0,1.3724,1.3737,1.3702,1.3719,603293.87,0.0,0.0,0
15m,1775616300.0,1.3719,1.3743,1.3702,1.3743,412894.32,0.0,0.0,0
15m,1775617200.0,1.3743,1.3773,1.3703,1.3704,913001.14,0.0,0.0,0
15m,1775618100.0,1.3704,1.3714,1.3687,1.371,213405.63,0.0,0.0,0
15m,1775619000.0,1.371,1.3727,1.3701,1.3717,108350.68,0.0,0.0,0
15m,1775619900.0,1.3717,1.372,1.3694,1.3701,213817.78,0.0,0.0,0
15m,1775620800.0,1.3701,1.3763,1.369,1.3743,879791.83,0.0,0.0,0
15m,1775621700.0,1.3743,1.3767,1.3738,1.376,180669.07,0.0,0.0,0
15m,1775622600.0,1.376,1.3779,1.3748,1.3772,366956.36,0.0,0.0,0
15m,1775623500.0,1.3772,1.378,1.376,1.3761,245466.84,0.0,0.0,0
15m,1775624400.0,1.3761,1.3799,1.376,1.3798,409714.35,0.0,0.0,0
15m,1775625300.0,1.3798,1.3875,1.3798,1.3855,599404.53,0.0,0.0,0
15m,1775626200.0,1.3855,1.3855,1.382,1.3825,336711.73,0.0,0.0,0
15m,1775627100.0,1.3825,1.3876,1.3816,1.3847,447471.01,0.0,0.0,0
15m,1775628000.0,1.3847,1.3855,1.3817,1.3847,204844.59,0.0,0.0,0
15m,1775628900.0,1.3847,1.3869,1.3838,1.385,271065.61,0.0,0.0,0
15m,1775629800.0,1.385,1.385,1.3807,1.3809,176524.62,0.0,0.0,0
15m,1775630700.0,1.3809,1.3815,1.3797,1.3799,179055.79,0.0,0.0,0
15m,1775631600.0,1.3799,1.3814,1.3787,1.3805,390240.36,0.0,0.0,0
15m,1775632500.0,1.3805,1.3845,1.3802,1.3821,317355.56,0.0,0.0,0
15m,1775633400.0,1.3821,1.3821,1.3775,1.3789,545653.27,0.0,0.0,0
15m,1775634300.0,1.3789,1.3796,1.378,1.3796,550144.37,0.0,0.0,0
15m,1775635200.0,1.3796,1.3826,1.3795,1.3806,466858.65,0.0,0.0,0
15m,1775636100.0,1.3806,1.3826,1.3801,1.3808,122686.38,0.0,0.0,0
15m,1775637000.0,1.3808,1.3838,1.3781,1.3793,636066.48,0.0,0.0,0
15m,1775637900.0,1.3793,1.3819,1.3788,1.3812,159970.04,0.0,0.0,0
15m,1775638800.0,1.3812,1.3844,1.3812,1.3838,302992.82,0.0,0.0,0
15m,1775639700.0,1.3838,1.3877,1.3805,1.3808,352627.06,0.0,0.0,0
15m,1775640600.0,1.3808,1.3816,1.3779,1.3779,312382.05,0.0,0.0,0
15m,1775641500.0,1.3779,1.3819,1.3779,1.381,114771.13,0.0,0.0,0
15m,1775642400.0,1.381,1.3838,1.379,1.3814,430765.36,0.0,0.0,0
15m,1775643300.0,1.3814,1.3838,1.3813,1.3814,300242.48,0.0,0.0,0
15m,1775644200.0,1.3814,1.3821,1.3785,1.3814,190872.33,0.0,0.0,0
15m,1775645100.0,1.3814,1.3848,1.3811,1.3835,523784.62,0.0,0.0,0
15m,1775646000.0,1.3835,1.386,1.3811,1.3831,1016216.68,0.0,0.0,0
15m,1775646900.0,1.3831,1.3833,1.3788,1.3803,199250.62,0.0,0.0,0
15m,1775647800.0,1.3803,1.3803,1.3716,1.3731,392663.57,0.0,0.0,0
15m,1775648700.0,1.3731,1.3782,1.3721,1.3779,304336.54,0.0,0.0,0
15m,1775649600.0,1.3779,1.381,1.3778,1.3801,217241.45,0.0,0.0,0
15m,1775650500.0,1.3801,1.3804,1.3744,1.3788,482668.52,0.0,0.0,0
15m,1775651400.0,1.3788,1.3828,1.3772,1.3817,537065.57,0.0,0.0,0
15m,1775652300.0,1.3817,1.3836,1.3801,1.3802,316291.51,0.0,0.0,0
15m,1775653200.0,1.3802,1.3898,1.3799,1.3854,442435.58,0.0,0.0,0
15m,1775654100.0,1.3854,1.3889,1.3826,1.3844,184135.83,0.0,0.0,0
15m,1775655000.0,1.3844,1.3878,1.3755,1.3757,513267.04,0.0,0.0,0
15m,1775655900.0,1.3757,1.3794,1.3734,1.3743,522177.53,0.0,0.0,0
15m,1775656800.0,1.3743,1.3748,1.3671,1.3712,961103.78,0.0,0.0,0
15m,1775657700.0,1.3712,1.373,1.3652,1.3664,303067.82,0.0,0.0,0
15m,1775658600.0,1.3664,1.3671,1.3526,1.3544,1187121.73,0.0,0.0,0
15m,1775659500.0,1.3544,1.3561,1.3455,1.3503,695230.18,0.0,0.0,0
15m,1775660400.0,1.3503,1.3537,1.3488,1.3525,412308.16,0.0,0.0,0
15m,1775661300.0,1.3525,1.355,1.3507,1.354,299646.94,0.0,0.0,0
15m,1775662200.0,1.354,1.3568,1.3526,1.3555,158883.94,0.0,0.0,0
15m,1775663100.0,1.3555,1.3566,1.3529,1.3548,155707.52,0.0,0.0,0
15m,1775664000.0,1.3548,1.3587,1.3541,1.3562,214529.49,0.0,0.0,0
15m,1775664900.0,1.3562,1.3588,1.3554,1.3557,118579.21,0.0,0.0,0
15m,1775665800.0,1.3557,1.3572,1.3523,1.3565,162470.15,0.0,0.0,0
15m,1775666700.0,1.3565,1.3599,1.3557,1.3571,106671.57,0.0,0.0,0
15m,1775667600.0,1.3571,1.361,1.3568,1.3597,104413.95,0.0,0.0,0
15m,1775668500.0,1.3597,1.3597,1.3545,1.3562,124404.69,0.0,0.0,0
15m,1775669400.0,1.3562,1.3635,1.3549,1.3613,247078.38,0.0,0.0,0
15m,1775670300.0,1.3613,1.3621,1.3606,1.3621,68540.14,0.0,0.0,0
15m,1775671200.0,1.3621,1.3624,1.3578,1.359,158594.92,0.0,0.0,0
15m,1775672100.0,1.359,1.3599,1.3529,1.3541,192485.55,0.0,0.0,0
15m,1775673000.0,1.3541,1.3569,1.3516,1.3517,130317.66,0.0,0.0,0
15m,1775673900.0,1.3517,1.3527,1.3472,1.3482,129834.8,0.0,0.0,0
15m,1775674800.0,1.3482,1.3507,1.3461,1.3486,166448.91,0.0,0.0,0
15m,1775675700.0,1.3486,1.3495,1.3444,1.345,179716.85,0.0,0.0,0
15m,1775676600.0,1.345,1.3483,1.3445,1.3476,147362.53,0.0,0.0,0
15m,1775677500.0,1.3476,1.352,1.3473,1.3519,183086.33,0.0,0.0,0
15m,1775678400.0,1.3519,1.3537,1.3506,1.3521,136772.28,0.0,0.0,0
15m,1775679300.0,1.3521,1.3533,1.3495,1.3501,63145.6,0.0,0.0,0
15m,1775680200.0,1.3501,1.3512,1.3466,1.3472,57825.11,0.0,0.0,0
15m,1775681100.0,1.3472,1.3485,1.3464,1.3485,65785.76,0.0,0.0,0
15m,1775682000.0,1.3485,1.3532,1.3478,1.3517,91680.08,0.0,0.0,0
15m,1775682900.0,1.3517,1.3573,1.3517,1.3557,78376.39,0.0,0.0,0
15m,1775683800.0,1.3557,1.3567,1.3519,1.3521,276765.31,0.0,0.0,0
15m,1775684700.0,1.3521,1.354,1.3518,1.3529,42532.73,0.0,0.0,0
15m,1775685600.0,1.3529,1.3534,1.3486,1.3492,56219.16,0.0,0.0,0
15m,1775686500.0,1.3492,1.3501,1.346,1.3462,288396.28,0.0,0.0,0
15m,1775687400.0,1.3462,1.3505,1.3449,1.3484,165496.16,0.0,0.0,0
15m,1775688300.0,1.3484,1.3492,1.3445,1.3448,108490.36,0.0,0.0,0
15m,1775689200.0,1.3448,1.3448,1.3401,1.3443,349115.24,0.0,0.0,0
15m,1775690100.0,1.3443,1.346,1.339,1.3402,413516.9,0.0,0.0,0
15m,1775691000.0,1.3402,1.3423,1.3394,1.3411,169624.51,0.0,0.0,0
15m,1775691900.0,1.3411,1.3436,1.3411,1.3429,136412.77,0.0,0.0,0
15m,1775692800.0,1.3429,1.3429,1.3402,1.3412,200796.45,0.0,0.0,0
15m,1775693700.0,1.3412,1.3418,1.3371,1.3373,225405.98,0.0,0.0,0
15m,1775694600.0,1.3373,1.3391,1.3343,1.3365,570618.01,0.0,0.0,0
15m,1775695500.0,1.3365,1.3407,1.3357,1.3398,140468.7,0.0,0.0,0
15m,1775696400.0,1.3398,1.3407,1.3304,1.3328,840676.23,0.0,0.0,0
15m,1775697300.0,1.3328,1.3335,1.3271,1.3277,425573.64,0.0,0.0,0
15m,1775698200.0,1.3277,1.332,1.3269,1.3317,887868.08,0.0,0.0,0
15m,1775699100.0,1.3317,1.3354,1.3302,1.3344,156585.09,0.0,0.0,0
15m,1775700000.0,1.3344,1.3363,1.3328,1.3329,369711.86,0.0,0.0,0
15m,1775700900.0,1.3329,1.3363,1.3326,1.3351,717375.28,0.0,0.0,0
15m,1775701800.0,1.3351,1.3355,1.3317,1.3341,641815.26,0.0,0.0,0
15m,1775702700.0,1.3341,1.3358,1.3335,1.3344,135512.09,0.0,0.0,0
15m,1775703600.0,1.3344,1.3359,1.3334,1.3344,113000.06,0.0,0.0,0
15m,1775704500.0,1.3344,1.337,1.3303,1.3307,1085848.65,0.0,0.0,0
15m,1775705400.0,1.3307,1.3327,1.33,1.3314,407747.64,0.0,0.0,0
15m,1775706300.0,1.3314,1.3329,1.3298,1.3312,258488.79,0.0,0.0,0
15m,1775707200.0,1.3312,1.3317,1.3276,1.3308,834124.42,0.0,0.0,0
15m,1775708100.0,1.3308,1.3314,1.3289,1.3292,348723.68,0.0,0.0,0
15m,1775709000.0,1.3292,1.3327,1.3292,1.332,144713.2,0.0,0.0,0
15m,1775709900.0,1.332,1.3322,1.3303,1.3317,84067.13,0.0,0.0,0
15m,1775710800.0,1.3317,1.334,1.3312,1.3329,122023.84,0.0,0.0,0
15m,1775711700.0,1.3329,1.3366,1.331,1.3321,1205363.81,0.0,0.0,0
15m,1775712600.0,1.3321,1.3358,1.3316,1.3354,106519.64,0.0,0.0,0
15m,1775713500.0,1.3354,1.3354,1.3315,1.3332,134528.68,0.0,0.0,0
15m,1775714400.0,1.3332,1.3355,1.3324,1.3325,112492.24,0.0,0.0,0
15m,1775715300.0,1.3325,1.3325,1.328,1.3283,537909.26,0.0,0.0,0
15m,1775716200.0,1.3283,1.3324,1.3263,1.3322,506957.15,0.0,0.0,0
15m,1775717100.0,1.3322,1.333,1.3309,1.333,54084.86,0.0,0.0,0
15m,1775718000.0,1.333,1.334,1.3323,1.3327,161897.94,0.0,0.0,0
15m,1775718900.0,1.3327,1.3327,1.3306,1.3314,101235.08,0.0,0.0,0
15m,1775719800.0,1.3314,1.3348,1.3313,1.3329,224384.04,0.0,0.0,0
15m,1775720700.0,1.3329,1.3334,1.3318,1.3321,76153.2,0.0,0.0,0
15m,1775721600.0,1.3321,1.3336,1.3308,1.3315,147798.01,0.0,0.0,0
15m,1775722500.0,1.3315,1.333,1.3307,1.3323,105063.35,0.0,0.0,0
15m,1775723400.0,1.3323,1.3353,1.3322,1.3353,177387.41,0.0,0.0,0
15m,1775724300.0,1.3353,1.3368,1.3335,1.3351,213867.48,0.0,0.0,0
15m,1775725200.0,1.3351,1.337,1.3338,1.3364,270605.23,0.0,0.0,0
15m,1775726100.0,1.3364,1.3383,1.3349,1.3354,296090.15,0.0,0.0,0
15m,1775727000.0,1.3354,1.3362,1.3345,1.3351,157910.66,0.0,0.0,0
15m,1775727900.0,1.3351,1.3392,1.3348,1.338,217575.58,0.0,0.0,0
15m,1775728800.0,1.338,1.3386,1.3354,1.3357,237255.27,0.0,0.0,0
15m,1775729700.0,1.3357,1.3363,1.3353,1.3361,252914.66,0.0,0.0,0
15m,1775730600.0,1.3361,1.3363,1.3345,1.3359,202004.47,0.0,0.0,0
15m,1775731500.0,1.3359,1.3362,1.3327,1.3328,468898.3,0.0,0.0,0
15m,1775732400.0,1.3328,1.3353,1.3316,1.3329,1267881.98,0.0,0.0,0
15m,1775733300.0,1.3329,1.3339,1.3286,1.3288,1406901.92,0.0,0.0,0
15m,1775734200.0,1.3288,1.3302,1.3284,1.3284,377355.28,0.0,0.0,0
15m,1775735100.0,1.3284,1.3306,1.3255,1.3298,893102.11,0.0,0.0,0
15m,1775736000.0,1.3298,1.3305,1.3285,1.3289,180052.49,0.0,0.0,0
15m,1775736900.0,1.3289,1.3309,1.3263,1.3292,312130.03,0.0,0.0,0
15m,1775737800.0,1.3292,1.3328,1.3279,1.3308,263053.41,0.0,0.0,0
15m,1775738700.0,1.3308,1.3317,1.3286,1.3312,151071.47,0.0,0.0,0
15m,1775739600.0,1.3312,1.3329,1.3307,1.3308,134037.04,0.0,0.0,0
15m,1775740500.0,1.3308,1.3314,1.3297,1.331,188544.5,0.0,0.0,0
15m,1775741400.0,1.331,1.3325,1.3279,1.3298,610369.8,0.0,0.0,0
15m,1775742300.0,1.3298,1.3311,1.3265,1.3296,348379.65,0.0,0.0,0
15m,1775743200.0,1.3296,1.3303,1.3268,1.3292,241493.34,0.0,0.0,0
15m,1775744100.0,1.3292,1.3307,1.322,1.3241,580230.19,0.0,0.0,0
15m,1775745000.0,1.3241,1.327,1.3225,1.3268,565283.88,0.0,0.0,0
15m,1775745900.0,1.3268,1.3337,1.3268,1.3326,270013.06,0.0,0.0,0
15m,1775746800.0,1.3326,1.3379,1.3299,1.3378,359588.01,0.0,0.0,0
15m,1775747700.0,1.3378,1.3407,1.3366,1.3371,423239.31,0.0,0.0,0
15m,1775748600.0,1.3371,1.3531,1.3358,1.3499,928299.01,0.0,0.0,0
15m,1775749500.0,1.3499,1.3548,1.3491,1.352,759574.79,0.0,0.0,0
15m,1775750400.0,1.352,1.3595,1.352,1.3559,714198.26,0.0,0.0,0
15m,1775751300.0,1.3559,1.3591,1.3519,1.3528,344422.01,0.0,0.0,0
15m,1775752200.0,1.3528,1.3532,1.3467,1.3501,419283.97,0.0,0.0,0
15m,1775753100.0,1.3501,1.3522,1.3462,1.3522,289386.0,0.0,0.0,0
15m,1775754000.0,1.3522,1.3585,1.352,1.3568,322881.45,0.0,0.0,0
15m,1775754900.0,1.3568,1.3583,1.3524,1.3544,142311.89,0.0,0.0,0
15m,1775755800.0,1.3544,1.3598,1.3517,1.3593,176392.13,0.0,0.0,0
15m,1775756700.0,1.3593,1.3601,1.3569,1.3586,217607.19,0.0,0.0,0
15m,1775757600.0,1.3586,1.3592,1.3505,1.3518,325121.85,0.0,0.0,0
15m,1775758500.0,1.3518,1.3565,1.3508,1.3559,264460.97,0.0,0.0,0
15m,1775759400.0,1.3559,1.3562,1.3521,1.354,211271.85,0.0,0.0,0
15m,1775760300.0,1.354,1.3564,1.3527,1.3552,74271.21,0.0,0.0,0
15m,1775761200.0,1.3552,1.3607,1.354,1.359,225476.85,0.0,0.0,0
15m,1775762100.0,1.359,1.3597,1.3519,1.3525,105652.85,0.0,0.0,0
15m,1775763000.0,1.3525,1.356,1.352,1.3559,314611.6,0.0,0.0,0
15m,1775763900.0,1.3559,1.3591,1.355,1.3558,132262.22,0.0,0.0,0
15m,1775764800.0,1.3558,1.358,1.3535,1.3569,217678.33,0.0,0.0,0
15m,1775765700.0,1.3569,1.359,1.3562,1.3581,104989.04,0.0,0.0,0
15m,1775766600.0,1.3581,1.3593,1.3575,1.3584,75615.13,0.0,0.0,0
15m,1775767500.0,1.3584,1.3586,1.3561,1.3565,49618.71,0.0,0.0,0
15m,1775768400.0,1.3565,1.3613,1.3533,1.3554,269768.48,0.0,0.0,0
15m,1775769300.0,1.3554,1.3561,1.3514,1.3518,273696.53,0.0,0.0,0
15m,1775770200.0,1.3518,1.3553,1.3509,1.3545,211449.03,0.0,0.0,0
15m,1775771100.0,1.3545,1.3561,1.3524,1.3534,47359.71,0.0,0.0,0
15m,1775772000.0,1.3534,1.3582,1.3528,1.3582,110939.9,0.0,0.0,0
15m,1775772900.0,1.3582,1.3696,1.3582,1.3615,519391.18,0.0,0.0,0
15m,1775773800.0,1.3615,1.3618,1.3572,1.3573,449927.5,0.0,0.0,0
15m,1775774700.0,1.3573,1.3589,1.3517,1.3522,609988.08,0.0,0.0,0
15m,1775775600.0,1.3522,1.353,1.3448,1.3466,440662.06,0.0,0.0,0
15m,1775776500.0,1.3466,1.349,1.3443,1.3466,235688.6,0.0,0.0,0
15m,1775777400.0,1.3466,1.3466,1.3419,1.344,187144.19,0.0,0.0,0
15m,1775778300.0,1.344,1.3448,1.3423,1.3437,143372.64,0.0,0.0,0
15m,1775779200.0,1.3437,1.3462,1.3428,1.3445,132537.52,0.0,0.0,0
15m,1775780100.0,1.3445,1.3453,1.3408,1.3448,143183.53,0.0,0.0,0
15m,1775781000.0,1.3448,1.348,1.343,1.3448,469930.78,0.0,0.0,0
15m,1775781900.0,1.3448,1.3461,1.3434,1.3451,77326.78,0.0,0.0,0
15m,1775782800.0,1.3451,1.3474,1.3423,1.3461,650295.17,0.0,0.0,0
15m,1775783700.0,1.3461,1.3476,1.3403,1.3432,274976.75,0.0,0.0,0
15m,1775784600.0,1.3432,1.3504,1.3421,1.3469,178071.69,0.0,0.0,0
15m,1775785500.0,1.3469,1.3474,1.3434,1.3438,163244.12,0.0,0.0,0
15m,1775786400.0,1.3438,1.3469,1.3428,1.3456,126811.98,0.0,0.0,0
15m,1775787300.0,1.3456,1.3468,1.3448,1.3459,41102.45,0.0,0.0,0
15m,1775788200.0,1.3459,1.3466,1.345,1.3455,20394.21,0.0,0.0,0
15m,1775789100.0,1.3455,1.3456,1.3418,1.3435,70391.14,0.0,0.0,0
15m,1775790000.0,1.3435,1.3458,1.3427,1.3427,215938.87,0.0,0.0,0
15m,1775790900.0,1.3427,1.3441,1.341,1.3411,126484.41,0.0,0.0,0
15m,1775791800.0,1.3411,1.3451,1.3408,1.3449,76354.76,0.0,0.0,0
15m,1775792700.0,1.3449,1.3459,1.341,1.3413,178402.91,0.0,0.0,0
15m,1775793600.0,1.3413,1.3428,1.3412,1.3425,169785.34,0.0,0.0,0
15m,1775794500.0,1.3425,1.3452,1.3423,1.3434,71168.92,0.0,0.0,0
15m,1775795400.0,1.3434,1.3455,1.3428,1.344,64453.16,0.0,0.0,0
15m,1775796300.0,1.344,1.3489,1.3436,1.3463,250477.43,0.0,0.0,0
15m,1775797200.0,1.3463,1.3475,1.3447,1.3455,66662.69,0.0,0.0,0
15m,1775798100.0,1.3455,1.3487,1.3446,1.3479,64289.68,0.0,0.0,0
15m,1775799000.0,1.3479,1.3481,1.3434,1.3434,41457.01,0.0,0.0,0
15m,1775799900.0,1.3434,1.3456,1.3427,1.3436,94373.3,0.0,0.0,0
15m,1775800800.0,1.3436,1.3468,1.3436,1.3467,49203.93,0.0,0.0,0
15m,1775801700.0,1.3467,1.3467,1.3441,1.3448,67758.9,0.0,0.0,0
15m,1775802600.0,1.3448,1.3454,1.3414,1.3415,94929.73,0.0,0.0,0
15m,1775803500.0,1.3415,1.3423,1.3392,1.3422,138792.71,0.0,0.0,0
15m,1775804400.0,1.3422,1.343,1.3392,1.3393,108773.29,0.0,0.0,0
15m,1775805300.0,1.3393,1.3404,1.339,1.34,42530.75,0.0,0.0,0
15m,1775806200.0,1.34,1.341,1.3386,1.3388,112727.76,0.0,0.0,0
15m,1775807100.0,1.3388,1.3393,1.3356,1.3371,118489.08,0.0,0.0,0
15m,1775808000.0,1.3371,1.3393,1.3351,1.3369,560869.2,0.0,0.0,0
15m,1775808900.0,1.3369,1.3398,1.3364,1.3392,170893.54,0.0,0.0,0
15m,1775809800.0,1.3392,1.3473,1.3391,1.343,1005300.08,0.0,0.0,0
15m,1775810700.0,1.343,1.343,1.3379,1.3394,444825.42,0.0,0.0,0
15m,1775811600.0,1.3394,1.3409,1.3391,1.3405,127132.9,0.0,0.0,0
15m,1775812500.0,1.3405,1.3428,1.3396,1.3401,224534.04,0.0,0.0,0
15m,1775813400.0,1.3401,1.3405,1.3385,1.3392,316464.36,0.0,0.0,0
15m,1775814300.0,1.3392,1.3406,1.3358,1.3387,1243714.1,0.0,0.0,0
15m,1775815200.0,1.3387,1.3387,1.3358,1.3373,272742.89,0.0,0.0,0
15m,1775816100.0,1.3373,1.3382,1.3364,1.3378,279095.81,0.0,0.0,0
15m,1775817000.0,1.3378,1.3399,1.3375,1.3391,399114.33,0.0,0.0,0
15m,1775817900.0,1.3391,1.3408,1.3361,1.3374,596071.3,0.0,0.0,0
15m,1775818800.0,1.3374,1.3415,1.337,1.341,251891.31,0.0,0.0,0
15m,1775819700.0,1.341,1.3422,1.3399,1.3417,422742.14,0.0,0.0,0
15m,1775820600.0,1.3417,1.3435,1.341,1.3416,195762.27,0.0,0.0,0
15m,1775821500.0,1.3416,1.3438,1.3405,1.3415,296255.58,0.0,0.0,0
15m,1775822400.0,1.3415,1.3463,1.3409,1.3423,953862.76,0.0,0.0,0
15m,1775823300.0,1.3423,1.3455,1.3398,1.3432,478735.23,0.0,0.0,0
15m,1775824200.0,1.3432,1.347,1.3407,1.3458,784010.12,0.0,0.0,0
15m,1775825100.0,1.3458,1.3459,1.3424,1.3429,229816.33,0.0,0.0,0
15m,1775826000.0,1.3429,1.3439,1.3418,1.3429,181762.43,0.0,0.0,0
15m,1775826900.0,1.3429,1.3449,1.3418,1.3437,192372.54,0.0,0.0,0
15m,1775827800.0,1.3437,1.3454,1.3379,1.3412,308812.4,0.0,0.0,0
15m,1775828700.0,1.3412,1.345,1.3408,1.3444,260981.38,0.0,0.0,0
15m,1775829600.0,1.3444,1.3484,1.3431,1.3471,415008.95,0.0,0.0,0
15m,1775830500.0,1.3471,1.355,1.3471,1.3529,750603.5,0.0,0.0,0
15m,1775831400.0,1.3529,1.3567,1.3504,1.3532,364374.94,0.0,0.0,0
15m,1775832300.0,1.3532,1.3579,1.3519,1.3578,226016.82,0.0,0.0,0
15m,1775833200.0,1.3578,1.3598,1.3561,1.3581,389768.36,0.0,0.0,0
15m,1775834100.0,1.3581,1.3608,1.354,1.3541,549017.58,0.0,0.0,0
15m,1775835000.0,1.3541,1.3555,1.3511,1.353,440613.15,0.0,0.0,0
15m,1775835900.0,1.353,1.3532,1.3459,1.3476,467692.27,0.0,0.0,0
15m,1775836800.0,1.3476,1.352,1.3474,1.3513,354343.19,0.0,0.0,0
15m,1775837700.0,1.3513,1.3536,1.3496,1.3513,410108.14,0.0,0.0,0
15m,1775838600.0,1.3513,1.3519,1.3474,1.3477,398055.56,0.0,0.0,0
15m,1775839500.0,1.3477,1.3523,1.3472,1.3512,536491.25,0.0,0.0,0
15m,1775840400.0,1.3512,1.3528,1.35,1.3517,155305.75,0.0,0.0,0
15m,1775841300.0,1.3517,1.353,1.3511,1.352,33737.84,0.0,0.0,0
15m,1775842200.0,1.352,1.3525,1.3486,1.3518,63176.34,0.0,0.0,0
15m,1775843100.0,1.3518,1.3557,1.3516,1.3553,62469.99,0.0,0.0,0
15m,1775844000.0,1.3553,1.3562,1.353,1.3548,70069.02,0.0,0.0,0
15m,1775844900.0,1.3548,1.3569,1.353,1.3567,92636.67,0.0,0.0,0
15m,1775845800.0,1.3567,1.3583,1.3555,1.3561,79385.23,0.0,0.0,0
15m,1775846700.0,1.3561,1.36,1.356,1.3597,157103.61,0.0,0.0,0
15m,1775847600.0,1.3597,1.3625,1.3594,1.3616,350997.87,0.0,0.0,0
15m,1775848500.0,1.3616,1.3623,1.3582,1.3623,251985.47,0.0,0.0,0
15m,1775849400.0,1.3623,1.3623,1.3595,1.3608,177620.18,0.0,0.0,0
15m,1775850300.0,1.3608,1.3632,1.3601,1.3629,212846.88,0.0,0.0,0
15m,1775851200.0,1.3629,1.3644,1.3609,1.364,502610.24,0.0,0.0,0
15m,1775852100.0,1.364,1.3659,1.3622,1.3631,391668.52,0.0,0.0,0
15m,1775853000.0,1.3631,1.3658,1.3597,1.3619,128862.16,0.0,0.0,0
15m,1775853900.0,1.3619,1.3654,1.3602,1.3643,117795.63,0.0,0.0,0
15m,1775854800.0,1.3643,1.3644,1.3588,1.3597,96083.27,0.0,0.0,0
15m,1775855700.0,1.3597,1.3605,1.3589,1.3594,50821.24,0.0,0.0,0
15m,1775856600.0,1.3594,1.3601,1.3574,1.3586,187748.53,0.0,0.0,0
15m,1775857500.0,1.3586,1.3604,1.3584,1.3603,48330.99,0.0,0.0,0
15m,1775858400.0,1.3603,1.3611,1.3593,1.3593,53496.96,0.0,0.0,0
15m,1775859300.0,1.3593,1.36,1.3577,1.3577,103576.85,0.0,0.0,0
15m,1775860200.0,1.3577,1.3578,1.3548,1.3566,170097.22,0.0,0.0,0
15m,1775861100.0,1.3566,1.3567,1.3556,1.3562,38091.86,0.0,0.0,0
15m,1775862000.0,1.3562,1.3564,1.3543,1.3549,75035.64,0.0,0.0,0
15m,1775862900.0,1.3549,1.3568,1.3544,1.356,54684.09,0.0,0.0,0
15m,1775863800.0,1.356,1.3561,1.3551,1.3556,39158.33,0.0,0.0,0
15m,1775864700.0,1.3556,1.3565,1.3554,1.3559,33556.58,0.0,0.0,0
15m,1775865600.0,1.3559,1.3564,1.3542,1.3551,84165.47,0.0,0.0,0
15m,1775866500.0,1.3551,1.3557,1.3537,1.355,55230.74,0.0,0.0,0
15m,1775867400.0,1.355,1.355,1.3531,1.3539,116745.3,0.0,0.0,0
15m,1775868300.0,1.3539,1.3548,1.3532,1.3543,69137.24,0.0,0.0,0
15m,1775869200.0,1.3543,1.3543,1.3517,1.3522,65216.41,0.0,0.0,0
15m,1775870100.0,1.3522,1.3524,1.3496,1.3511,160551.6,0.0,0.0,0
15m,1775871000.0,1.3511,1.353,1.3508,1.3517,78106.27,0.0,0.0,0
15m,1775871900.0,1.3517,1.3534,1.3517,1.3529,43303.2,0.0,0.0,0
15m,1775872800.0,1.3529,1.3548,1.3527,1.3541,65147.7,0.0,0.0,0
15m,1775873700.0,1.3541,1.356,1.3541,1.3559,66505.52,0.0,0.0,0
15m,1775874600.0,1.3559,1.3573,1.3545,1.3548,99362.83,0.0,0.0,0
15m,1775875500.0,1.3548,1.3548,1.3533,1.3548,97168.63,0.0,0.0,0
15m,1775876400.0,1.3548,1.3569,1.3548,1.3568,47103.86,0.0,0.0,0
15m,1775877300.0,1.3568,1.3571,1.3564,1.3564,50015.81,0.0,0.0,0
15m,1775878200.0,1.3564,1.3565,1.3541,1.3549,59756.18,0.0,0.0,0
15m,1775879100.0,1.3549,1.3549,1.3504,1.3506,152210.54,0.0,0.0,0
15m,1775880000.0,1.3506,1.3522,1.3496,1.3506,112445.2,0.0,0.0,0
15m,1775880900.0,1.3506,1.3507,1.3481,1.3485,104276.53,0.0,0.0,0
15m,1775881800.0,1.3485,1.3505,1.3484,1.3499,92459.59,0.0,0.0,0
15m,1775882700.0,1.3499,1.3512,1.3496,1.351,36737.08,0.0,0.0,0
15m,1775883600.0,1.351,1.3513,1.347,1.3472,98390.56,0.0,0.0,0
15m,1775884500.0,1.3472,1.3496,1.3461,1.3496,106274.5,0.0,0.0,0
15m,1775885400.0,1.3496,1.3507,1.3492,1.3493,38712.01,0.0,0.0,0
15m,1775886300.0,1.3493,1.3494,1.3476,1.3477,39026.54,0.0,0.0,0
15m,1775887200.0,1.3477,1.3477,1.344,1.3449,178011.96,0.0,0.0,0
15m,1775888100.0,1.3449,1.3459,1.3443,1.3454,48302.22,0.0,0.0,0
15m,1775889000.0,1.3454,1.3468,1.3452,1.3464,45092.46,0.0,0.0,0
15m,1775889900.0,1.3464,1.3469,1.3459,1.3464,32425.14,0.0,0.0,0
15m,1775890800.0,1.3464,1.3472,1.3457,1.3469,59545.37,0.0,0.0,0
15m,1775891700.0,1.3469,1.3479,1.3469,1.3473,38849.49,0.0,0.0,0
15m,1775892600.0,1.3473,1.3479,1.3466,1.3467,50059.18,0.0,0.0,0
15m,1775893500.0,1.3467,1.3467,1.3458,1.3466,32078.66,0.0,0.0,0
15m,1775894400.0,1.3466,1.3479,1.3461,1.3477,74656.15,0.0,0.0,0
15m,1775895300.0,1.3477,1.3486,1.3471,1.3476,59284.31,0.0,0.0,0
15m,1775896200.0,1.3476,1.348,1.3466,1.3472,20618.22,0.0,0.0,0
15m,1775897100.0,1.3472,1.3473,1.3448,1.3454,135428.82,0.0,0.0,0
15m,1775898000.0,1.3454,1.3455,1.3446,1.3453,51273.29,0.0,0.0,0
15m,1775898900.0,1.3453,1.3489,1.3453,1.3473,162518.07,0.0,0.0,0
15m,1775899800.0,1.3473,1.3474,1.3423,1.3459,480512.3,0.0,0.0,0
15m,1775900700.0,1.3459,1.348,1.3459,1.3477,101845.21,0.0,0.0,0
15m,1775901600.0,1.3477,1.348,1.3455,1.3465,55134.61,0.0,0.0,0
15m,1775902500.0,1.3465,1.3478,1.3456,1.3474,47114.38,0.0,0.0,0
15m,1775903400.0,1.3474,1.3476,1.3462,1.3469,116167.91,0.0,0.0,0
15m,1775904300.0,1.3469,1.3475,1.3463,1.3471,64180.83,0.0,0.0,0
15m,1775905200.0,1.3471,1.348,1.3462,1.3476,78727.16,0.0,0.0,0
15m,1775906100.0,1.3476,1.3499,1.3447,1.3447,813096.76,0.0,0.0,0
15m,1775907000.0,1.3447,1.3455,1.3441,1.3453,72036.21,0.0,0.0,0
15m,1775907900.0,1.3453,1.3464,1.3451,1.3456,84087.17,0.0,0.0,0
15m,1775908800.0,1.3456,1.346,1.3441,1.3446,102755.45,0.0,0.0,0
15m,1775909700.0,1.3446,1.3451,1.343,1.3433,82019.74,0.0,0.0,0
15m,1775910600.0,1.3433,1.3463,1.3418,1.3454,1009750.92,0.0,0.0,0
15m,1775911500.0,1.3454,1.3462,1.3442,1.3444,290112.21,0.0,0.0,0
15m,1775912400.0,1.3444,1.3444,1.3404,1.3417,369447.95,0.0,0.0,0
15m,1775913300.0,1.3417,1.3438,1.3412,1.3415,170564.35,0.0,0.0,0
15m,1775914200.0,1.3415,1.3441,1.3402,1.3437,139604.93,0.0,0.0,0
15m,1775915100.0,1.3437,1.3452,1.3437,1.345,63572.19,0.0,0.0,0
15m,1775916000.0,1.345,1.3467,1.3446,1.3467,238385.07,0.0,0.0,0
15m,1775916900.0,1.3467,1.3491,1.3442,1.3443,930679.75,0.0,0.0,0
15m,1775917800.0,1.3443,1.3443,1.3418,1.3419,119758.0,0.0,0.0,0
15m,1775918700.0,1.3419,1.3429,1.3419,1.3425,57704.64,0.0,0.0,0
15m,1775919600.0,1.3425,1.3431,1.3418,1.3424,396695.41,0.0,0.0,0
15m,1775920500.0,1.3424,1.3462,1.3394,1.3435,936552.66,0.0,0.0,0
15m,1775921400.0,1.3435,1.3461,1.3433,1.3452,112457.74,0.0,0.0,0
15m,1775922300.0,1.3452,1.3466,1.3452,1.3461,65900.74,0.0,0.0,0
15m,1775923200.0,1.3461,1.3486,1.3458,1.3486,37897.45,0.0,0.0,0
15m,1775924100.0,1.3486,1.3498,1.3479,1.3485,42224.71,0.0,0.0,0
15m,1775925000.0,1.3485,1.3588,1.3481,1.3561,339175.27,0.0,0.0,0
15m,1775925900.0,1.3561,1.3571,1.3535,1.3546,252862.6,0.0,0.0,0
15m,1775926800.0,1.3546,1.3554,1.352,1.352,184513.61,0.0,0.0,0
15m,1775927700.0,1.352,1.3538,1.3511,1.3525,101200.29,0.0,0.0,0
15m,1775928600.0,1.3525,1.3569,1.3525,1.3545,306899.27,0.0,0.0,0
15m,1775929500.0,1.3545,1.3548,1.353,1.353,39634.74,0.0,0.0,0
15m,1775930400.0,1.353,1.3533,1.3513,1.3525,50886.21,0.0,0.0,0
15m,1775931300.0,1.3525,1.3557,1.3525,1.3553,65281.11,0.0,0.0,0
15m,1775932200.0,1.3553,1.3671,1.3553,1.3639,783294.54,0.0,0.0,0
15m,1775933100.0,1.3639,1.3671,1.3628,1.3641,137586.92,0.0,0.0,0
15m,1775934000.0,1.3641,1.369,1.3631,1.3678,405763.72,0.0,0.0,0
15m,1775934900.0,1.3678,1.3702,1.3655,1.3694,265452.82,0.0,0.0,0
15m,1775935800.0,1.3694,1.3751,1.3694,1.3719,381185.79,0.0,0.0,0
15m,1775936700.0,1.3719,1.3719,1.3692,1.371,265939.29,0.0,0.0,0
15m,1775937600.0,1.371,1.3727,1.3683,1.3697,146237.06,0.0,0.0,0
15m,1775938500.0,1.3697,1.3698,1.3646,1.3647,355842.98,0.0,0.0,0
15m,1775939400.0,1.3647,1.3647,1.3583,1.3609,320831.36,0.0,0.0,0
15m,1775940300.0,1.3609,1.364,1.3601,1.3616,63650.91,0.0,0.0,0
15m,1775941200.0,1.3616,1.3634,1.3595,1.363,159407.71,0.0,0.0,0
15m,1775942100.0,1.363,1.3639,1.3607,1.3613,81124.13,0.0,0.0,0
15m,1775943000.0,1.3613,1.3656,1.3604,1.3638,192372.69,0.0,0.0,0
15m,1775943900.0,1.3638,1.3655,1.362,1.3624,130384.29,0.0,0.0,0
15m,1775944800.0,1.3624,1.3672,1.3618,1.3667,359381.62,0.0,0.0,0
15m,1775945700.0,1.3667,1.3699,1.3646,1.3652,308075.17,0.0,0.0,0
15m,1775946600.0,1.3652,1.3654,1.3601,1.3622,158145.43,0.0,0.0,0
15m,1775947500.0,1.3622,1.3627,1.3606,1.3616,45612.45,0.0,0.0,0
15m,1775948400.0,1.3616,1.3616,1.3512,1.3541,320893.76,0.0,0.0,0
15m,1775949300.0,1.3541,1.3566,1.3539,1.3553,65710.01,0.0,0.0,0
15m,1775950200.0,1.3553,1.3573,1.3547,1.3554,65457.59,0.0,0.0,0
15m,1775951100.0,1.3554,1.3561,1.3539,1.3544,67910.78,0.0,0.0,0
15m,1775952000.0,1.3544,1.3547,1.3516,1.3523,209986.52,0.0,0.0,0
15m,1775952900.0,1.3523,1.3535,1.3517,1.3524,60278.2,0.0,0.0,0
15m,1775953800.0,1.3524,1.3541,1.3515,1.353,38053.74,0.0,0.0,0
15m,1775954700.0,1.353,1.3538,1.3528,1.3535,37756.77,0.0,0.0,0
15m,1775955600.0,1.3535,1.3559,1.3525,1.3553,68107.08,0.0,0.0,0
15m,1775956500.0,1.3553,1.3557,1.3543,1.355,8116.38,0.0,0.0,0
15m,1775957400.0,1.355,1.3551,1.3317,1.3334,1566853.94,0.0,0.0,0
15m,1775958300.0,1.3334,1.3336,1.3259,1.3295,1270602.6,0.0,0.0,0
15m,1775959200.0,1.3295,1.3347,1.3254,1.3341,497370.18,0.0,0.0,0
15m,1775960100.0,1.3341,1.3375,1.3326,1.3344,328348.4,0.0,0.0,0
15m,1775961000.0,1.3344,1.3377,1.3341,1.3357,149101.54,0.0,0.0,0
15m,1775961900.0,1.3357,1.336,1.3335,1.3344,80320.8,0.0,0.0,0
15m,1775962800.0,1.3344,1.3363,1.3324,1.3345,167618.33,0.0,0.0,0
15m,1775963700.0,1.3345,1.3356,1.3317,1.3322,238892.62,0.0,0.0,0
15m,1775964600.0,1.3322,1.3331,1.3301,1.3321,226912.46,0.0,0.0,0
15m,1775965500.0,1.3321,1.3323,1.3302,1.3304,151913.41,0.0,0.0,0
15m,1775966400.0,1.3304,1.3309,1.3283,1.3291,147616.44,0.0,0.0,0
15m,1775967300.0,1.3291,1.3299,1.3271,1.3283,235760.96,0.0,0.0,0
15m,1775968200.0,1.3283,1.3298,1.3275,1.3296,181508.6,0.0,0.0,0
15m,1775969100.0,1.3296,1.3302,1.3278,1.3281,80127.85,0.0,0.0,0
15m,1775970000.0,1.3281,1.3297,1.3271,1.3277,97370.94,0.0,0.0,0
15m,1775970900.0,1.3277,1.3309,1.327,1.3309,122624.79,0.0,0.0,0
15m,1775971800.0,1.3309,1.3311,1.3289,1.3299,119914.17,0.0,0.0,0
15m,1775972700.0,1.3299,1.331,1.3297,1.3305,49429.39,0.0,0.0,0
15m,1775973600.0,1.3305,1.3323,1.3299,1.3321,55302.79,0.0,0.0,0
15m,1775974500.0,1.3321,1.3321,1.3302,1.3307,62714.55,0.0,0.0,0
15m,1775975400.0,1.3307,1.3307,1.3292,1.3293,54569.51,0.0,0.0,0
15m,1775976300.0,1.3293,1.3297,1.3286,1.3295,363385.18,0.0,0.0,0
15m,1775977200.0,1.3295,1.3295,1.3274,1.328,170777.02,0.0,0.0,0
15m,1775978100.0,1.328,1.329,1.3275,1.329,94999.23,0.0,0.0,0
15m,1775979000.0,1.329,1.3308,1.3289,1.3307,151481.31,0.0,0.0,0
15m,1775979900.0,1.3307,1.331,1.3296,1.3298,76328.94,0.0,0.0,0
15m,1775980800.0,1.3298,1.3298,1.3289,1.3291,144448.27,0.0,0.0,0
15m,1775981700.0,1.3291,1.3305,1.329,1.3305,53130.69,0.0,0.0,0
15m,1775982600.0,1.3305,1.3319,1.3305,1.3312,65762.62,0.0,0.0,0
15m,1775983500.0,1.3312,1.3313,1.328,1.3286,208204.9,0.0,0.0,0
15m,1775984400.0,1.3286,1.3296,1.3262,1.3296,616837.21,0.0,0.0,0
15m,1775985300.0,1.3296,1.332,1.3295,1.331,106010.84,0.0,0.0,0
15m,1775986200.0,1.331,1.3312,1.3297,1.3302,60077.61,0.0,0.0,0
15m,1775987100.0,1.3302,1.3304,1.329,1.3303,45878.07,0.0,0.0,0
15m,1775988000.0,1.3303,1.3322,1.3303,1.3312,38673.41,0.0,0.0,0
15m,1775988900.0,1.3312,1.3327,1.3312,1.3324,29455.64,0.0,0.0,0
15m,1775989800.0,1.3324,1.3329,1.3319,1.3319,25312.24,0.0,0.0,0
15m,1775990700.0,1.3319,1.3325,1.3295,1.3306,122414.96,0.0,0.0,0
15m,1775991600.0,1.3306,1.334,1.3299,1.3325,678273.77,0.0,0.0,0
15m,1775992500.0,1.3325,1.3326,1.3315,1.332,47176.06,0.0,0.0,0
15m,1775993400.0,1.332,1.3331,1.3312,1.333,63524.46,0.0,0.0,0
15m,1775994300.0,1.333,1.3336,1.3328,1.333,39332.72,0.0,0.0,0
15m,1775995200.0,1.333,1.333,1.3307,1.3308,112817.8,0.0,0.0,0
15m,1775996100.0,1.3308,1.3309,1.3301,1.3307,140166.46,0.0,0.0,0
15m,1775997000.0,1.3307,1.3338,1.3276,1.3337,515241.72,0.0,0.0,0
15m,1775997900.0,1.3337,1.3345,1.3292,1.3309,390210.29,0.0,0.0,0
15m,1775998800.0,1.3309,1.3319,1.3276,1.3286,244684.27,0.0,0.0,0
15m,1775999700.0,1.3286,1.3328,1.3286,1.33,148157.67,0.0,0.0,0
15m,1776000600.0,1.33,1.3321,1.3266,1.328,1714574.53,0.0,0.0,0
15m,1776001500.0,1.328,1.328,1.3232,1.3235,602909.52,0.0,0.0,0
15m,1776002400.0,1.3235,1.3257,1.3216,1.3244,1286845.65,0.0,0.0,0
15m,1776003300.0,1.3244,1.3269,1.3244,1.3268,292407.74,0.0,0.0,0
15m,1776004200.0,1.3268,1.3269,1.3235,1.3244,343366.79,0.0,0.0,0
15m,1776005100.0,1.3244,1.3279,1.3223,1.3223,981709.21,0.0,0.0,0
15m,1776006000.0,1.3223,1.3249,1.3218,1.3246,182872.86,0.0,0.0,0
15m,1776006900.0,1.3246,1.3247,1.3222,1.3222,183644.74,0.0,0.0,0
15m,1776007800.0,1.3222,1.3241,1.3193,1.3236,337449.84,0.0,0.0,0
15m,1776008700.0,1.3236,1.3252,1.3235,1.3238,80780.6,0.0,0.0,0
15m,1776009600.0,1.3238,1.3261,1.3233,1.3259,90298.76,0.0,0.0,0
15m,1776010500.0,1.3259,1.3268,1.3242,1.3263,89210.76,0.0,0.0,0
15m,1776011400.0,1.3263,1.3267,1.3252,1.3261,117031.85,0.0,0.0,0
15m,1776012300.0,1.3261,1.328,1.3261,1.3279,87335.84,0.0,0.0,0
15m,1776013200.0,1.3279,1.3297,1.3273,1.3273,101081.04,0.0,0.0,0
15m,1776014100.0,1.3273,1.3292,1.3271,1.329,57598.95,0.0,0.0,0
15m,1776015000.0,1.329,1.3306,1.3289,1.3306,79100.31,0.0,0.0,0
15m,1776015900.0,1.3306,1.3337,1.3289,1.3326,155433.07,0.0,0.0,0
15m,1776016800.0,1.3326,1.334,1.3316,1.3328,169283.04,0.0,0.0,0
15m,1776017700.0,1.3328,1.3339,1.33,1.3303,91114.17,0.0,0.0,0
15m,1776018600.0,1.3303,1.3316,1.3302,1.331,83514.61,0.0,0.0,0
15m,1776019500.0,1.331,1.3311,1.33,1.3307,41710.33,0.0,0.0,0
15m,1776020400.0,1.3307,1.3315,1.3304,1.3304,100719.2,0.0,0.0,0
15m,1776021300.0,1.3304,1.3311,1.3297,1.3309,108947.65,0.0,0.0,0
15m,1776022200.0,1.3309,1.3318,1.3306,1.3313,65023.35,0.0,0.0,0
15m,1776023100.0,1.3313,1.3313,1.3297,1.3309,41799.98,0.0,0.0,0
15m,1776024000.0,1.3309,1.3322,1.33,1.3301,83965.2,0.0,0.0,0
15m,1776024900.0,1.3301,1.3325,1.3295,1.3322,46329.59,0.0,0.0,0
15m,1776025800.0,1.3322,1.3394,1.3321,1.3379,240861.06,0.0,0.0,0
15m,1776026700.0,1.3379,1.3395,1.3356,1.3366,106138.49,0.0,0.0,0
15m,1776027600.0,1.3366,1.3391,1.335,1.3358,227271.09,0.0,0.0,0
15m,1776028500.0,1.3358,1.3369,1.3358,1.336,51877.2,0.0,0.0,0
15m,1776029400.0,1.336,1.3377,1.3337,1.3363,129696.03,0.0,0.0,0
15m,1776030300.0,1.3363,1.3368,1.3354,1.3365,40823.81,0.0,0.0,0
15m,1776031200.0,1.3365,1.3365,1.3262,1.3308,498144.67,0.0,0.0,0
15m,1776032100.0,1.3308,1.3311,1.3245,1.326,271975.78,0.0,0.0,0
15m,1776033000.0,1.326,1.3304,1.3231,1.3279,169727.44,0.0,0.0,0
15m,1776033900.0,1.3279,1.3285,1.3262,1.328,91729.0,0.0,0.0,0
15m,1776034800.0,1.328,1.328,1.3233,1.3238,150153.45,0.0,0.0,0
15m,1776035700.0,1.3238,1.3263,1.3231,1.326,133118.19,0.0,0.0,0
15m,1776036600.0,1.326,1.326,1.3225,1.3252,94373.44,0.0,0.0,0
15m,1776037500.0,1.3252,1.3264,1.323,1.3246,68032.88,0.0,0.0,0
15m,1776038400.0,1.3246,1.3289,1.3232,1.3281,162187.04,0.0,0.0,0
15m,1776039300.0,1.3281,1.3312,1.3263,1.3295,121836.24,0.0,0.0,0
15m,1776040200.0,1.3295,1.3312,1.3284,1.3288,47371.36,0.0,0.0,0
15m,1776041100.0,1.3288,1.3333,1.3282,1.3319,58885.85,0.0,0.0,0
15m,1776042000.0,1.3319,1.332,1.3287,1.3287,79557.85,0.0,0.0,0
15m,1776042900.0,1.3287,1.329,1.3279,1.3284,52486.08,0.0,0.0,0
15m,1776043800.0,1.3284,1.3304,1.3266,1.3303,51399.09,0.0,0.0,0
15m,1776044700.0,1.3303,1.333,1.33,1.3321,59085.53,0.0,0.0,0
15m,1776045600.0,1.3321,1.3332,1.3267,1.327,104066.83,0.0,0.0,0
15m,1776046500.0,1.327,1.3314,1.3265,1.3293,51217.53,0.0,0.0,0
15m,1776047400.0,1.3293,1.3307,1.3252,1.3252,143498.91,0.0,0.0,0
15m,1776048300.0,1.3252,1.326,1.3246,1.3255,81405.59,0.0,0.0,0
15m,1776049200.0,1.3255,1.3274,1.3244,1.3273,114450.09,0.0,0.0,0
15m,1776050100.0,1.3273,1.329,1.3264,1.3267,59200.49,0.0,0.0,0
15m,1776051000.0,1.3267,1.3271,1.3245,1.3258,55475.23,0.0,0.0,0
15m,1776051900.0,1.3258,1.3263,1.3252,1.3256,83746.61,0.0,0.0,0
15m,1776052800.0,1.3256,1.3264,1.3243,1.3249,65320.08,0.0,0.0,0
15m,1776053700.0,1.3249,1.3262,1.3242,1.3255,179989.11,0.0,0.0,0
15m,1776054600.0,1.3255,1.3273,1.3252,1.326,118865.55,0.0,0.0,0
15m,1776055500.0,1.326,1.326,1.3196,1.323,573926.17,0.0,0.0,0
15m,1776056400.0,1.323,1.3238,1.3219,1.3232,97034.76,0.0,0.0,0
15m,1776057300.0,1.3232,1.3248,1.323,1.3244,53634.69,0.0,0.0,0
15m,1776058200.0,1.3244,1.3259,1.3231,1.3249,71064.84,0.0,0.0,0
15m,1776059100.0,1.3249,1.3319,1.3249,1.3314,161521.04,0.0,0.0,0
15m,1776060000.0,1.3314,1.3342,1.3311,1.3322,173217.63,0.0,0.0,0
15m,1776060900.0,1.3322,1.3369,1.3317,1.3359,250323.38,0.0,0.0,0
15m,1776061800.0,1.3359,1.3364,1.3318,1.3342,1091359.31,0.0,0.0,0
15m,1776062700.0,1.3342,1.3352,1.3336,1.3343,215263.72,0.0,0.0,0
15m,1776063600.0,1.3343,1.3353,1.3318,1.3322,138322.87,0.0,0.0,0
15m,1776064500.0,1.3322,1.3326,1.3281,1.3288,112241.01,0.0,0.0,0
15m,1776065400.0,1.3288,1.3295,1.3269,1.3274,72384.33,0.0,0.0,0
15m,1776066300.0,1.3274,1.328,1.3253,1.3255,106557.7,0.0,0.0,0
15m,1776067200.0,1.3255,1.3286,1.3229,1.3271,510599.21,0.0,0.0,0
15m,1776068100.0,1.3271,1.3273,1.3252,1.326,99424.0,0.0,0.0,0
15m,1776069000.0,1.326,1.326,1.323,1.3233,87990.65,0.0,0.0,0
15m,1776069900.0,1.3233,1.3257,1.323,1.3255,61062.13,0.0,0.0,0
15m,1776070800.0,1.3255,1.3305,1.3255,1.3273,184730.85,0.0,0.0,0
15m,1776071700.0,1.3273,1.3287,1.3256,1.327,386904.39,0.0,0.0,0
15m,1776072600.0,1.327,1.3287,1.3245,1.3273,976660.5,0.0,0.0,0
15m,1776073500.0,1.3273,1.3277,1.3265,1.3267,38254.42,0.0,0.0,0
15m,1776074400.0,1.3267,1.3267,1.3254,1.3267,81866.03,0.0,0.0,0
15m,1776075300.0,1.3267,1.3268,1.3248,1.3256,39176.31,0.0,0.0,0
15m,1776076200.0,1.3256,1.3263,1.3237,1.3247,81234.06,0.0,0.0,0
15m,1776077100.0,1.3247,1.326,1.3243,1.3252,53868.09,0.0,0.0,0
15m,1776078000.0,1.3252,1.3272,1.3248,1.326,140240.82,0.0,0.0,0
15m,1776078900.0,1.326,1.3268,1.3254,1.3266,82441.79,0.0,0.0,0
15m,1776079800.0,1.3266,1.3279,1.3253,1.3276,63665.58,0.0,0.0,0
15m,1776080700.0,1.3276,1.328,1.3257,1.3257,72009.7,0.0,0.0,0
15m,1776081600.0,1.3257,1.3279,1.3245,1.3266,148468.15,0.0,0.0,0
15m,1776082500.0,1.3266,1.3268,1.3239,1.324,85079.96,0.0,0.0,0
15m,1776083400.0,1.324,1.3264,1.3235,1.3257,129921.96,0.0,0.0,0
15m,1776084300.0,1.3257,1.3337,1.3257,1.3321,338169.47,0.0,0.0,0
15m,1776085200.0,1.3321,1.3345,1.3306,1.3334,477431.9,0.0,0.0,0
15m,1776086100.0,1.3334,1.334,1.33,1.3317,330636.24,0.0,0.0,0
15m,1776087000.0,1.3317,1.3326,1.3275,1.3294,150924.2,0.0,0.0,0
15m,1776087900.0,1.3294,1.3414,1.3279,1.3394,722623.47,0.0,0.0,0
15m,1776088800.0,1.3394,1.3408,1.3348,1.3373,234431.37,0.0,0.0,0
15m,1776089700.0,1.3373,1.3388,1.3318,1.3356,208744.67,0.0,0.0,0
15m,1776090600.0,1.3356,1.3424,1.335,1.3413,217951.58,0.0,0.0,0
15m,1776091500.0,1.3413,1.3465,1.3392,1.3458,395552.38,0.0,0.0,0
15m,1776092400.0,1.3458,1.3461,1.3379,1.3388,300339.92,0.0,0.0,0
15m,1776093300.0,1.3388,1.3393,1.3356,1.3366,116815.21,0.0,0.0,0
15m,1776094200.0,1.3366,1.3366,1.3311,1.3326,211376.35,0.0,0.0,0
15m,1776095100.0,1.3326,1.3348,1.3318,1.3345,86273.48,0.0,0.0,0
15m,1776096000.0,1.3345,1.3358,1.3294,1.3357,227572.45,0.0,0.0,0
15m,1776096900.0,1.3357,1.3403,1.3341,1.3395,206935.67,0.0,0.0,0
15m,1776097800.0,1.3395,1.3417,1.3386,1.3406,281541.24,0.0,0.0,0
15m,1776098700.0,1.3406,1.3423,1.3375,1.3396,158283.73,0.0,0.0,0
15m,1776099600.0,1.3396,1.3406,1.3372,1.3385,76570.35,0.0,0.0,0
15m,1776100500.0,1.3385,1.3413,1.3384,1.3413,91820.52,0.0,0.0,0
15m,1776101400.0,1.3413,1.3456,1.3413,1.3433,157507.97,0.0,0.0,0
15m,1776102300.0,1.3433,1.3442,1.3379,1.3379,95646.0,0.0,0.0,0
15m,1776103200.0,1.3379,1.3386,1.3361,1.3376,64258.78,0.0,0.0,0
15m,1776104100.0,1.3376,1.3387,1.3346,1.3352,85141.77,0.0,0.0,0
15m,1776105000.0,1.3352,1.3402,1.3352,1.3391,104683.01,0.0,0.0,0
15m,1776105900.0,1.3391,1.3406,1.3379,1.3404,85273.8,0.0,0.0,0
15m,1776106800.0,1.3404,1.3409,1.3391,1.3392,71361.7,0.0,0.0,0
15m,1776107700.0,1.3392,1.3476,1.3392,1.3458,247521.23,0.0,0.0,0
15m,1776108600.0,1.3458,1.3496,1.3456,1.348,529941.28,0.0,0.0,0
15m,1776109500.0,1.348,1.3556,1.3478,1.3533,707916.17,0.0,0.0,0
15m,1776110400.0,1.3533,1.3553,1.3505,1.3505,639997.16,0.0,0.0,0
15m,1776111300.0,1.3505,1.352,1.3498,1.3505,147004.66,0.0,0.0,0
15m,1776112200.0,1.3505,1.3509,1.3482,1.3494,155835.65,0.0,0.0,0
15m,1776113100.0,1.3494,1.3497,1.3469,1.3471,164072.63,0.0,0.0,0
15m,1776114000.0,1.3471,1.3513,1.3439,1.3502,347567.49,0.0,0.0,0
15m,1776114900.0,1.3502,1.352,1.3493,1.3513,261510.42,0.0,0.0,0
15m,1776115800.0,1.3513,1.3535,1.3504,1.3523,180950.21,0.0,0.0,0
15m,1776116700.0,1.3523,1.353,1.3509,1.351,80664.18,0.0,0.0,0
15m,1776117600.0,1.351,1.3633,1.3503,1.3596,626843.32,0.0,0.0,0
15m,1776118500.0,1.3596,1.3749,1.3594,1.3716,1868609.51,0.0,0.0,0
15m,1776119400.0,1.3716,1.3761,1.3672,1.3702,1136388.02,0.0,0.0,0
15m,1776120300.0,1.3702,1.3772,1.369,1.3749,645912.88,0.0,0.0,0
15m,1776121200.0,1.3749,1.3767,1.3709,1.3757,673226.2,0.0,0.0,0
15m,1776122100.0,1.3757,1.3841,1.3738,1.3802,1347161.73,0.0,0.0,0
15m,1776123000.0,1.3802,1.3814,1.3766,1.3769,370614.52,0.0,0.0,0
15m,1776123900.0,1.3769,1.3779,1.3754,1.3755,703374.87,0.0,0.0,0
15m,1776124800.0,1.3755,1.3773,1.3672,1.3683,529839.47,0.0,0.0,0
15m,1776125700.0,1.3683,1.3685,1.3634,1.3645,219899.06,0.0,0.0,0
15m,1776126600.0,1.3645,1.3676,1.363,1.3648,261411.81,0.0,0.0,0
15m,1776127500.0,1.3648,1.3657,1.3609,1.3623,457916.17,0.0,0.0,0
15m,1776128400.0,1.3623,1.3658,1.3596,1.3658,208998.44,0.0,0.0,0
15m,1776129300.0,1.3658,1.3666,1.3638,1.3641,354146.38,0.0,0.0,0
15m,1776130200.0,1.3641,1.3667,1.363,1.3666,587741.54,0.0,0.0,0
15m,1776131100.0,1.3666,1.3681,1.3654,1.3664,194509.38,0.0,0.0,0
15m,1776132000.0,1.3664,1.3679,1.366,1.3669,259504.84,0.0,0.0,0
15m,1776132900.0,1.3669,1.3694,1.3662,1.3683,184700.69,0.0,0.0,0
15m,1776133800.0,1.3683,1.371,1.3647,1.3704,302412.74,0.0,0.0,0
15m,1776134700.0,1.3704,1.3705,1.3676,1.3684,97535.18,0.0,0.0,0
15m,1776135600.0,1.3684,1.3684,1.366,1.3662,175225.7,0.0,0.0,0
15m,1776136500.0,1.3662,1.3674,1.3655,1.3662,136400.98,0.0,0.0,0
15m,1776137400.0,1.3662,1.3678,1.3657,1.3673,85446.71,0.0,0.0,0
15m,1776138300.0,1.3673,1.3675,1.3661,1.3671,65473.01,0.0,0.0,0
15m,1776139200.0,1.3671,1.3682,1.3665,1.3677,72944.6,0.0,0.0,0
15m,1776140100.0,1.3677,1.3677,1.3646,1.3648,93178.54,0.0,0.0,0
15m,1776141000.0,1.3648,1.3648,1.3634,1.364,71533.89,0.0,0.0,0
15m,1776141900.0,1.364,1.3651,1.3605,1.3635,723048.05,0.0,0.0,0
15m,1776142800.0,1.3635,1.3648,1.363,1.363,89189.21,0.0,0.0,0
15m,1776143700.0,1.363,1.3653,1.362,1.3647,163593.85,0.0,0.0,0
15m,1776144600.0,1.3647,1.3654,1.3642,1.3648,47154.22,0.0,0.0,0
15m,1776145500.0,1.3648,1.3651,1.3615,1.3621,52883.07,0.0,0.0,0
15m,1776146400.0,1.3621,1.3664,1.3621,1.3657,87184.06,0.0,0.0,0
15m,1776147300.0,1.3657,1.3695,1.365,1.3682,231170.18,0.0,0.0,0
15m,1776148200.0,1.3682,1.3731,1.3676,1.3677,1076380.99,0.0,0.0,0
15m,1776149100.0,1.3677,1.3716,1.3676,1.3714,136430.26,0.0,0.0,0
15m,1776150000.0,1.3714,1.3774,1.3702,1.3742,319931.98,0.0,0.0,0
15m,1776150900.0,1.3742,1.3747,1.3683,1.373,666072.64,0.0,0.0,0
15m,1776151800.0,1.373,1.3735,1.3697,1.3697,150783.64,0.0,0.0,0
15m,1776152700.0,1.3697,1.3703,1.3675,1.368,423611.5,0.0,0.0,0
15m,1776153600.0,1.368,1.3687,1.3663,1.3672,213625.94,0.0,0.0,0
15m,1776154500.0,1.3672,1.3699,1.3672,1.3695,188922.01,0.0,0.0,0
15m,1776155400.0,1.3695,1.3747,1.3695,1.3729,324109.13,0.0,0.0,0
15m,1776156300.0,1.3729,1.3753,1.3723,1.3732,100560.8,0.0,0.0,0
15m,1776157200.0,1.3732,1.3756,1.3732,1.3756,137444.8,0.0,0.0,0
15m,1776158100.0,1.3756,1.3759,1.3722,1.3731,103312.49,0.0,0.0,0
15m,1776159000.0,1.3731,1.3746,1.3717,1.372,175018.78,0.0,0.0,0
15m,1776159900.0,1.372,1.3736,1.3711,1.3732,65720.27,0.0,0.0,0
15m,1776160800.0,1.3732,1.3733,1.3714,1.3717,77661.77,0.0,0.0,0
15m,1776161700.0,1.3717,1.3718,1.3701,1.3706,128196.92,0.0,0.0,0
15m,1776162600.0,1.3706,1.372,1.369,1.3694,140598.45,0.0,0.0,0
15m,1776163500.0,1.3694,1.3712,1.3691,1.3701,68696.31,0.0,0.0,0
15m,1776164400.0,1.3701,1.3744,1.3695,1.3728,151414.58,0.0,0.0,0
15m,1776165300.0,1.3728,1.3732,1.3691,1.3691,80098.93,0.0,0.0,0
15m,1776166200.0,1.3691,1.3699,1.3679,1.3693,177398.99,0.0,0.0,0
15m,1776167100.0,1.3693,1.3716,1.3688,1.3691,196948.62,0.0,0.0,0
15m,1776168000.0,1.3691,1.3712,1.3687,1.3693,105480.53,0.0,0.0,0
15m,1776168900.0,1.3693,1.3713,1.366,1.3661,350339.18,0.0,0.0,0
15m,1776169800.0,1.3661,1.3684,1.3651,1.3657,168858.22,0.0,0.0,0
15m,1776170700.0,1.3657,1.3674,1.3653,1.3674,211725.19,0.0,0.0,0
15m,1776171600.0,1.3674,1.3716,1.3672,1.3716,175933.49,0.0,0.0,0
15m,1776172500.0,1.3716,1.376,1.3703,1.3735,282655.42,0.0,0.0,0
15m,1776173400.0,1.3735,1.3837,1.3734,1.3826,721642.51,0.0,0.0,0
15m,1776174300.0,1.3826,1.3934,1.3815,1.3927,1824897.58,0.0,0.0,0
15m,1776175200.0,1.3927,1.3953,1.3847,1.3886,725691.87,0.0,0.0,0
15m,1776176100.0,1.3886,1.3897,1.3849,1.3882,363460.3,0.0,0.0,0
15m,1776177000.0,1.3882,1.3947,1.3773,1.3777,995215.35,0.0,0.0,0
15m,1776177900.0,1.3777,1.3799,1.3719,1.3719,359239.91,0.0,0.0,0
15m,1776178800.0,1.3719,1.3758,1.3672,1.3711,465110.79,0.0,0.0,0
15m,1776179700.0,1.3711,1.3742,1.3698,1.3703,244094.34,0.0,0.0,0
15m,1776180600.0,1.3703,1.3773,1.37,1.3772,220014.66,0.0,0.0,0
15m,1776181500.0,1.3772,1.3794,1.3732,1.3743,431030.44,0.0,0.0,0
15m,1776182400.0,1.3743,1.3808,1.3743,1.3781,241493.0,0.0,0.0,0
15m,1776183300.0,1.3781,1.3783,1.3728,1.3742,189534.02,0.0,0.0,0
15m,1776184200.0,1.3742,1.3755,1.3721,1.3745,83508.41,0.0,0.0,0
15m,1776185100.0,1.3745,1.3749,1.3662,1.3685,334058.04,0.0,0.0,0
15m,1776186000.0,1.3685,1.3717,1.3674,1.3709,97483.74,0.0,0.0,0
15m,1776186900.0,1.3709,1.374,1.3702,1.3707,105804.86,0.0,0.0,0
15m,1776187800.0,1.3707,1.3717,1.3654,1.3699,206836.18,0.0,0.0,0
15m,1776188700.0,1.3699,1.3708,1.3684,1.3689,118086.95,0.0,0.0,0
15m,1776189600.0,1.3689,1.3704,1.3664,1.367,153580.99,0.0,0.0,0
15m,1776190500.0,1.367,1.3673,1.3614,1.3627,256781.07,0.0,0.0,0
15m,1776191400.0,1.3627,1.364,1.3575,1.3586,319489.05,0.0,0.0,0
15m,1776192300.0,1.3586,1.3594,1.3523,1.3546,487744.05,0.0,0.0,0
15m,1776193200.0,1.3546,1.3589,1.3537,1.3563,231677.6,0.0,0.0,0
15m,1776194100.0,1.3563,1.359,1.3525,1.3585,285672.43,0.0,0.0,0
15m,1776195000.0,1.3585,1.3606,1.3568,1.3582,276834.36,0.0,0.0,0
15m,1776195900.0,1.3582,1.3608,1.3578,1.3604,203700.39,0.0,0.0,0
15m,1776196800.0,1.3604,1.3617,1.3575,1.3603,265307.66,0.0,0.0,0
15m,1776197700.0,1.3603,1.3606,1.3553,1.3563,186335.59,0.0,0.0,0
15m,1776198600.0,1.3563,1.3586,1.3559,1.3579,127384.75,0.0,0.0,0
15m,1776199500.0,1.3579,1.3589,1.3557,1.3567,216223.03,0.0,0.0,0
15m,1776200400.0,1.3567,1.3604,1.3559,1.3584,188501.0,0.0,0.0,0
15m,1776201300.0,1.3584,1.3595,1.3575,1.3588,159560.58,0.0,0.0,0
15m,1776202200.0,1.3588,1.3601,1.3578,1.3588,140466.7,0.0,0.0,0
15m,1776203100.0,1.3588,1.3619,1.358,1.36,171811.27,0.0,0.0,0
15m,1776204000.0,1.36,1.3653,1.3588,1.3635,282471.23,0.0,0.0,0
15m,1776204900.0,1.3635,1.3635,1.3605,1.3615,233581.84,0.0,0.0,0
15m,1776205800.0,1.3615,1.3636,1.3573,1.3573,615640.78,0.0,0.0,0
15m,1776206700.0,1.3573,1.36,1.3555,1.3584,451259.45,0.0,0.0,0
15m,1776207600.0,1.3584,1.3604,1.3571,1.3583,162382.47,0.0,0.0,0
15m,1776208500.0,1.3583,1.3608,1.3582,1.3602,191932.94,0.0,0.0,0
15m,1776209400.0,1.3602,1.3649,1.3601,1.364,263222.88,0.0,0.0,0
15m,1776210300.0,1.364,1.366,1.3603,1.3616,776095.98,0.0,0.0,0
15m,1776211200.0,1.3616,1.3657,1.361,1.3613,176027.52,0.0,0.0,0
15m,1776212100.0,1.3613,1.3626,1.3574,1.3621,1230574.65,0.0,0.0,0
15m,1776213000.0,1.3621,1.3643,1.3605,1.3639,388694.43,0.0,0.0,0
15m,1776213900.0,1.3639,1.3667,1.3608,1.362,1137204.23,0.0,0.0,0
15m,1776214800.0,1.362,1.3648,1.3591,1.3637,755697.39,0.0,0.0,0
15m,1776215700.0,1.3637,1.3644,1.36,1.3614,430313.26,0.0,0.0,0
15m,1776216600.0,1.3614,1.3628,1.3591,1.3625,420130.94,0.0,0.0,0
15m,1776217500.0,1.3625,1.3648,1.3614,1.3623,185579.86,0.0,0.0,0
15m,1776218400.0,1.3623,1.3641,1.3607,1.3616,53234.57,0.0,0.0,0
15m,1776219300.0,1.3616,1.3634,1.3595,1.3597,366735.22,0.0,0.0,0
15m,1776220200.0,1.3597,1.3599,1.3555,1.3566,254245.76,0.0,0.0,0
15m,1776221100.0,1.3566,1.3573,1.3555,1.3573,88037.52,0.0,0.0,0
15m,1776222000.0,1.3573,1.3574,1.3559,1.3569,41551.33,0.0,0.0,0
15m,1776222900.0,1.3569,1.3584,1.3562,1.3572,64147.82,0.0,0.0,0
15m,1776223800.0,1.3572,1.358,1.3561,1.3567,95176.45,0.0,0.0,0
15m,1776224700.0,1.3567,1.3583,1.3565,1.3577,50085.29,0.0,0.0,0
15m,1776225600.0,1.3577,1.3599,1.3574,1.3585,104411.57,0.0,0.0,0
15m,1776226500.0,1.3585,1.3599,1.358,1.3582,64847.1,0.0,0.0,0
15m,1776227400.0,1.3582,1.3607,1.3578,1.3592,111044.15,0.0,0.0,0
15m,1776228300.0,1.3592,1.3598,1.3577,1.3594,73044.49,0.0,0.0,0
15m,1776229200.0,1.3594,1.3618,1.3579,1.3583,86175.44,0.0,0.0,0
15m,1776230100.0,1.3583,1.3585,1.3566,1.3572,47407.04,0.0,0.0,0
15m,1776231000.0,1.3572,1.3575,1.3551,1.3574,150160.39,0.0,0.0,0
15m,1776231900.0,1.3574,1.3588,1.3564,1.3588,52598.62,0.0,0.0,0
15m,1776232800.0,1.3588,1.3589,1.3556,1.3562,174214.71,0.0,0.0,0
15m,1776233700.0,1.3562,1.3564,1.3541,1.3553,106389.67,0.0,0.0,0
15m,1776234600.0,1.3553,1.3568,1.3552,1.3567,61991.75,0.0,0.0,0
15m,1776235500.0,1.3567,1.3568,1.3543,1.3557,42047.78,0.0,0.0,0
15m,1776236400.0,1.3557,1.3567,1.3547,1.355,323545.55,0.0,0.0,0
15m,1776237300.0,1.355,1.355,1.35,1.3525,579280.99,0.0,0.0,0
15m,1776238200.0,1.3525,1.3535,1.3506,1.3531,508280.56,0.0,0.0,0
15m,1776239100.0,1.3531,1.3549,1.3505,1.3515,581477.77,0.0,0.0,0
15m,1776240000.0,1.3515,1.3564,1.3506,1.3548,417433.18,0.0,0.0,0
15m,1776240900.0,1.3548,1.3554,1.3538,1.3552,56640.9,0.0,0.0,0
15m,1776241800.0,1.3552,1.3571,1.3546,1.3557,94386.0,0.0,0.0,0
15m,1776242700.0,1.3557,1.357,1.3547,1.3556,75150.23,0.0,0.0,0
15m,1776243600.0,1.3556,1.3561,1.3525,1.353,135495.97,0.0,0.0,0
15m,1776244500.0,1.353,1.3544,1.3507,1.351,471688.66,0.0,0.0,0
15m,1776245400.0,1.351,1.3534,1.351,1.3528,206172.01,0.0,0.0,0
15m,1776246300.0,1.3528,1.3529,1.3516,1.3523,195554.37,0.0,0.0,0
15m,1776247200.0,1.3523,1.3553,1.352,1.3542,199303.22,0.0,0.0,0
15m,1776248100.0,1.3542,1.3542,1.3527,1.3538,132951.73,0.0,0.0,0
15m,1776249000.0,1.3538,1.3552,1.3516,1.3552,143419.31,0.0,0.0,0
15m,1776249900.0,1.3552,1.3593,1.3552,1.3562,159599.08,0.0,0.0,0
15m,1776250800.0,1.3562,1.3606,1.3562,1.3594,208297.37,0.0,0.0,0
15m,1776251700.0,1.3594,1.3599,1.3589,1.359,146533.74,0.0,0.0,0
15m,1776252600.0,1.359,1.3605,1.3582,1.3602,176387.46,0.0,0.0,0
15m,1776253500.0,1.3602,1.365,1.36,1.3634,329098.77,0.0,0.0,0
15m,1776254400.0,1.3634,1.3639,1.3615,1.3624,176770.17,0.0,0.0,0
15m,1776255300.0,1.3624,1.3627,1.361,1.3616,138616.57,0.0,0.0,0
15m,1776256200.0,1.3616,1.3661,1.3614,1.3655,252601.31,0.0,0.0,0
15m,1776257100.0,1.3655,1.3698,1.3649,1.3651,546226.81,0.0,0.0,0
15m,1776258000.0,1.3651,1.3656,1.364,1.3645,217060.84,0.0,0.0,0
15m,1776258900.0,1.3645,1.3681,1.3643,1.3672,130691.82,0.0,0.0,0
15m,1776259800.0,1.3672,1.3679,1.3614,1.3622,368291.73,0.0,0.0,0
15m,1776260700.0,1.3622,1.3675,1.3621,1.3673,509037.52,0.0,0.0,0
15m,1776261600.0,1.3673,1.3674,1.3641,1.3667,341596.13,0.0,0.0,0
15m,1776262500.0,1.3667,1.3758,1.3658,1.3744,493589.63,0.0,0.0,0
15m,1776263400.0,1.3744,1.3794,1.3701,1.3721,1168877.05,0.0,0.0,0
15m,1776264300.0,1.3721,1.3777,1.3714,1.3766,683166.87,0.0,0.0,0
15m,1776265200.0,1.3766,1.3833,1.3766,1.3829,582779.0,0.0,0.0,0
15m,1776266100.0,1.3829,1.3836,1.378,1.38,754527.57,0.0,0.0,0
15m,1776267000.0,1.38,1.38,1.3718,1.3767,1266998.08,0.0,0.0,0
15m,1776267900.0,1.3767,1.3805,1.3731,1.3734,396215.4,0.0,0.0,0
15m,1776268800.0,1.3734,1.3795,1.372,1.3794,787716.12,0.0,0.0,0
15m,1776269700.0,1.3794,1.3811,1.3778,1.3801,382549.59,0.0,0.0,0
15m,1776270600.0,1.3801,1.3822,1.3762,1.3763,682779.82,0.0,0.0,0
15m,1776271500.0,1.3763,1.3786,1.375,1.3783,580563.77,0.0,0.0,0
15m,1776272400.0,1.3783,1.3821,1.3779,1.3795,391456.87,0.0,0.0,0
15m,1776273300.0,1.3795,1.3839,1.3786,1.381,389314.45,0.0,0.0,0
15m,1776274200.0,1.381,1.3825,1.3763,1.3764,187030.82,0.0,0.0,0
15m,1776275100.0,1.3764,1.3804,1.3759,1.3801,257218.62,0.0,0.0,0
15m,1776276000.0,1.3801,1.3862,1.3791,1.3842,830835.53,0.0,0.0,0
15m,1776276900.0,1.3842,1.3855,1.3819,1.382,240001.6,0.0,0.0,0
15m,1776277800.0,1.382,1.3847,1.382,1.3845,246825.24,0.0,0.0,0
15m,1776278700.0,1.3845,1.3873,1.3839,1.3868,508622.27,0.0,0.0,0
15m,1776279600.0,1.3868,1.3882,1.3844,1.3864,334281.36,0.0,0.0,0
15m,1776280500.0,1.3864,1.3892,1.3851,1.3888,106467.19,0.0,0.0,0
15m,1776281400.0,1.3888,1.4082,1.3888,1.4015,2313049.1,0.0,0.0,0
15m,1776282300.0,1.4015,1.4021,1.3979,1.3998,908470.07,0.0,0.0,0
15m,1776283200.0,1.3998,1.4005,1.3906,1.3918,589020.46,0.0,0.0,0
15m,1776284100.0,1.3918,1.3918,1.3846,1.388,414768.32,0.0,0.0,0
15m,1776285000.0,1.388,1.3905,1.3862,1.3878,167740.08,0.0,0.0,0
15m,1776285900.0,1.3878,1.3895,1.3874,1.388,98002.1,0.0,0.0,0
15m,1776286800.0,1.388,1.389,1.3834,1.3834,135108.07,0.0,0.0,0
15m,1776287700.0,1.3834,1.3846,1.3806,1.3834,285763.32,0.0,0.0,0
15m,1776288600.0,1.3834,1.3871,1.3829,1.386,225271.49,0.0,0.0,0
15m,1776289500.0,1.386,1.3902,1.3858,1.3885,215260.29,0.0,0.0,0
15m,1776290400.0,1.3885,1.4022,1.3884,1.3972,319599.19,0.0,0.0,0
15m,1776291300.0,1.3972,1.3984,1.395,1.3953,269517.21,0.0,0.0,0
15m,1776292200.0,1.3953,1.4025,1.3943,1.3969,262678.92,0.0,0.0,0
15m,1776293100.0,1.3969,1.3982,1.3932,1.3939,256239.41,0.0,0.0,0
15m,1776294000.0,1.3939,1.3939,1.389,1.39,384398.38,0.0,0.0,0
15m,1776294900.0,1.39,1.39,1.3853,1.3881,607049.37,0.0,0.0,0
15m,1776295800.0,1.3881,1.3895,1.3858,1.3882,161213.02,0.0,0.0,0
15m,1776296700.0,1.3882,1.3922,1.3881,1.3919,119758.33,0.0,0.0,0
15m,1776297600.0,1.3919,1.3931,1.3893,1.3895,151463.29,0.0,0.0,0
15m,1776298500.0,1.3895,1.3901,1.3866,1.3881,127859.45,0.0,0.0,0
15m,1776299400.0,1.3881,1.3971,1.3881,1.3966,197083.29,0.0,0.0,0
15m,1776300300.0,1.3966,1.3983,1.3939,1.3969,144338.28,0.0,0.0,0
15m,1776301200.0,1.3969,1.397,1.3901,1.3947,162682.52,0.0,0.0,0
15m,1776302100.0,1.3947,1.4012,1.3946,1.3978,517924.18,0.0,0.0,0
15m,1776303000.0,1.3978,1.4014,1.3975,1.4007,237234.0,0.0,0.0,0
15m,1776303900.0,1.4007,1.4019,1.398,1.4001,311749.19,0.0,0.0,0
15m,1776304800.0,1.4001,1.405,1.3987,1.3987,391525.11,0.0,0.0,0
15m,1776305700.0,1.3987,1.4024,1.3965,1.4023,156353.06,0.0,0.0,0
15m,1776306600.0,1.4023,1.4097,1.4015,1.4094,472271.2,0.0,0.0,0
15m,1776307500.0,1.4094,1.41,1.4044,1.4065,307045.44,0.0,0.0,0
15m,1776308400.0,1.4065,1.4132,1.4058,1.4097,359715.14,0.0,0.0,0
15m,1776309300.0,1.4097,1.4154,1.4097,1.4121,480493.13,0.0,0.0,0
15m,1776310200.0,1.4121,1.4121,1.4062,1.407,181744.46,0.0,0.0,0
15m,1776311100.0,1.407,1.4091,1.4055,1.4062,146796.02,0.0,0.0,0
15m,1776312000.0,1.4062,1.4101,1.4049,1.407,156426.92,0.0,0.0,0
15m,1776312900.0,1.407,1.4104,1.4062,1.4066,148168.8,0.0,0.0,0
15m,1776313800.0,1.4066,1.4115,1.4059,1.4092,175200.14,0.0,0.0,0
15m,1776314700.0,1.4092,1.4094,1.4021,1.4039,302726.91,0.0,0.0,0
15m,1776315600.0,1.4039,1.4056,1.4019,1.4031,160258.41,0.0,0.0,0
15m,1776316500.0,1.4031,1.4053,1.4006,1.4038,179767.36,0.0,0.0,0
15m,1776317400.0,1.4038,1.4072,1.4038,1.4064,176139.57,0.0,0.0,0
15m,1776318300.0,1.4064,1.4072,1.4048,1.4056,107506.39,0.0,0.0,0
15m,1776319200.0,1.4056,1.4092,1.4055,1.4073,144097.75,0.0,0.0,0
15m,1776320100.0,1.4073,1.4095,1.4067,1.4071,150462.52,0.0,0.0,0
15m,1776321000.0,1.4071,1.4082,1.4042,1.4069,215200.21,0.0,0.0,0
15m,1776321900.0,1.4069,1.4102,1.4065,1.4098,143976.57,0.0,0.0,0
15m,1776322800.0,1.4098,1.4127,1.409,1.4104,196893.81,0.0,0.0,0
15m,1776323700.0,1.4104,1.4116,1.4079,1.4085,212498.81,0.0,0.0,0
15m,1776324600.0,1.4085,1.41,1.4078,1.4091,189883.71,0.0,0.0,0
15m,1776325500.0,1.4091,1.4092,1.4041,1.4058,253134.93,0.0,0.0,0
15m,1776326400.0,1.4058,1.4073,1.4026,1.4031,285628.8,0.0,0.0,0
15m,1776327300.0,1.4031,1.4066,1.403,1.4055,203754.01,0.0,0.0,0
15m,1776328200.0,1.4055,1.4058,1.4034,1.4048,152442.98,0.0,0.0,0
15m,1776329100.0,1.4048,1.4098,1.4046,1.4052,714376.35,0.0,0.0,0
15m,1776330000.0,1.4052,1.4144,1.4039,1.4143,504519.37,0.0,0.0,0
15m,1776330900.0,1.4143,1.4229,1.4135,1.4164,1563370.29,0.0,0.0,0
15m,1776331800.0,1.4164,1.4182,1.4111,1.4112,286831.05,0.0,0.0,0
15m,1776332700.0,1.4112,1.4207,1.4094,1.4171,1038849.15,0.0,0.0,0
15m,1776333600.0,1.4171,1.4175,1.4091,1.4114,405145.23,0.0,0.0,0
15m,1776334500.0,1.4114,1.4141,1.4103,1.4134,321303.46,0.0,0.0,0
15m,1776335400.0,1.4134,1.4149,1.4116,1.4124,157717.65,0.0,0.0,0
15m,1776336300.0,1.4124,1.4132,1.4079,1.4085,314897.68,0.0,0.0,0
15m,1776337200.0,1.4085,1.4093,1.4022,1.403,326896.63,0.0,0.0,0
15m,1776338100.0,1.403,1.4058,1.4016,1.4052,314849.52,0.0,0.0,0
15m,1776339000.0,1.4052,1.4087,1.4029,1.4071,393849.57,0.0,0.0,0
15m,1776339900.0,1.4071,1.4095,1.4063,1.4095,114153.59,0.0,0.0,0
15m,1776340800.0,1.4095,1.4233,1.4092,1.419,620501.06,0.0,0.0,0
15m,1776341700.0,1.419,1.4202,1.4158,1.4169,257344.49,0.0,0.0,0
15m,1776342600.0,1.4169,1.4172,1.41,1.4134,312610.8,0.0,0.0,0
15m,1776343500.0,1.4134,1.4161,1.4111,1.414,867150.39,0.0,0.0,0
15m,1776344400.0,1.414,1.4215,1.412,1.4215,383810.38,0.0,0.0,0
15m,1776345300.0,1.4215,1.4312,1.4204,1.4293,777592.47,0.0,0.0,0
15m,1776346200.0,1.4293,1.4344,1.4251,1.4308,1006569.03,0.0,0.0,0
15m,1776347100.0,1.4308,1.431,1.3993,1.4072,1295886.4,0.0,0.0,0
15m,1776348000.0,1.4072,1.4098,1.4022,1.4046,960181.44,0.0,0.0,0
15m,1776348900.0,1.4046,1.4068,1.3928,1.4002,1697357.75,0.0,0.0,0
15m,1776349800.0,1.4002,1.4037,1.3992,1.4036,451388.74,0.0,0.0,0
15m,1776350700.0,1.4036,1.4126,1.4032,1.4103,484223.28,0.0,0.0,0
15m,1776351600.0,1.4103,1.424,1.4074,1.4227,520326.63,0.0,0.0,0
15m,1776352500.0,1.4227,1.4259,1.4161,1.4161,778873.27,0.0,0.0,0
15m,1776353400.0,1.4161,1.4318,1.4152,1.4274,825848.75,0.0,0.0,0
15m,1776354300.0,1.4274,1.4325,1.426,1.429,485308.55,0.0,0.0,0
15m,1776355200.0,1.429,1.4377,1.429,1.4324,681936.01,0.0,0.0,0
15m,1776356100.0,1.4324,1.4416,1.4298,1.4329,448240.11,0.0,0.0,0
15m,1776357000.0,1.4329,1.4354,1.4208,1.4236,718846.52,0.0,0.0,0
15m,1776357900.0,1.4236,1.4265,1.4157,1.4194,665753.97,0.0,0.0,0
15m,1776358800.0,1.4194,1.4223,1.4164,1.4164,267967.31,0.0,0.0,0
15m,1776359700.0,1.4164,1.4233,1.4145,1.4204,486893.27,0.0,0.0,0
15m,1776360600.0,1.4204,1.4274,1.4194,1.4262,250453.97,0.0,0.0,0
15m,1776361500.0,1.4262,1.4297,1.4241,1.4272,223448.55,0.0,0.0,0
15m,1776362400.0,1.4272,1.4333,1.4242,1.4304,337800.7,0.0,0.0,0
15m,1776363300.0,1.4304,1.4349,1.4295,1.4329,333473.71,0.0,0.0,0
15m,1776364200.0,1.4329,1.4389,1.4321,1.4377,358804.11,0.0,0.0,0
15m,1776365100.0,1.4377,1.4483,1.4375,1.4466,1099727.57,0.0,0.0,0
15m,1776366000.0,1.4466,1.449,1.4414,1.4433,542127.44,0.0,0.0,0
15m,1776366900.0,1.4433,1.4537,1.443,1.4528,1235462.6,0.0,0.0,0
15m,1776367800.0,1.4528,1.4647,1.4521,1.4618,1443000.13,0.0,0.0,0
15m,1776368700.0,1.4618,1.4662,1.4592,1.4645,990215.01,0.0,0.0,0
15m,1776369600.0,1.4645,1.4661,1.4581,1.4591,539400.2,0.0,0.0,0
15m,1776370500.0,1.4591,1.4613,1.4542,1.4557,426083.31,0.0,0.0,0
15m,1776371400.0,1.4557,1.4557,1.444,1.4459,526718.72,0.0,0.0,0
15m,1776372300.0,1.4459,1.4523,1.4449,1.4523,618475.38,0.0,0.0,0
15m,1776373200.0,1.4523,1.4587,1.4523,1.4543,415104.58,0.0,0.0,0
15m,1776374100.0,1.4543,1.4555,1.446,1.4483,253016.62,0.0,0.0,0
15m,1776375000.0,1.4483,1.4508,1.4462,1.4495,130356.58,0.0,0.0,0
15m,1776375900.0,1.4495,1.4501,1.4456,1.4463,445019.64,0.0,0.0,0
15m,1776376800.0,1.4463,1.4517,1.4463,1.4494,396832.95,0.0,0.0,0
15m,1776377700.0,1.4494,1.4535,1.4475,1.4522,151516.52,0.0,0.0,0
15m,1776378600.0,1.4522,1.4527,1.4477,1.4505,123620.56,0.0,0.0,0
15m,1776379500.0,1.4505,1.4527,1.4498,1.4514,126204.94,0.0,0.0,0
15m,1776380400.0,1.4514,1.4524,1.4492,1.45,120555.87,0.0,0.0,0
15m,1776381300.0,1.45,1.4523,1.448,1.4512,174711.23,0.0,0.0,0
15m,1776382200.0,1.4512,1.4577,1.4503,1.4555,306803.88,0.0,0.0,0
15m,1776383100.0,1.4555,1.4555,1.4511,1.4527,146384.58,0.0,0.0,0
15m,1776384000.0,1.4527,1.4553,1.4466,1.4468,269256.39,0.0,0.0,0
15m,1776384900.0,1.4468,1.4501,1.4434,1.4447,386454.58,0.0,0.0,0
15m,1776385800.0,1.4447,1.4466,1.4431,1.4434,202189.71,0.0,0.0,0
15m,1776386700.0,1.4434,1.4437,1.4402,1.4404,369770.91,0.0,0.0,0
15m,1776387600.0,1.4404,1.4422,1.4366,1.4379,511681.02,0.0,0.0,0
15m,1776388500.0,1.4379,1.4403,1.4315,1.4341,335271.27,0.0,0.0,0
15m,1776389400.0,1.4341,1.4372,1.4313,1.432,288826.49,0.0,0.0,0
15m,1776390300.0,1.432,1.4326,1.4273,1.4301,521396.0,0.0,0.0,0
15m,1776391200.0,1.4301,1.4311,1.4267,1.4284,688341.18,0.0,0.0,0
15m,1776392100.0,1.4284,1.4284,1.4228,1.4236,315829.44,0.0,0.0,0
15m,1776393000.0,1.4236,1.4287,1.4224,1.4278,289571.47,0.0,0.0,0
15m,1776393900.0,1.4278,1.4294,1.4278,1.4293,309587.72,0.0,0.0,0
15m,1776394800.0,1.4293,1.4309,1.4268,1.4303,579546.54,0.0,0.0,0
15m,1776395700.0,1.4303,1.4314,1.429,1.4304,183769.25,0.0,0.0,0
15m,1776396600.0,1.4304,1.4402,1.4304,1.4358,1657582.64,0.0,0.0,0
15m,1776397500.0,1.4358,1.4364,1.4302,1.4306,424834.71,0.0,0.0,0
15m,1776398400.0,1.4306,1.4341,1.4302,1.4313,183421.44,0.0,0.0,0
15m,1776399300.0,1.4313,1.4338,1.4291,1.4299,184381.15,0.0,0.0,0
15m,1776400200.0,1.4299,1.4329,1.4265,1.4327,601870.19,0.0,0.0,0
15m,1776401100.0,1.4327,1.4336,1.4301,1.4318,230399.01,0.0,0.0,0
15m,1776402000.0,1.4318,1.4329,1.4254,1.4289,678363.46,0.0,0.0,0
15m,1776402900.0,1.4289,1.4368,1.4286,1.4302,1478900.68,0.0,0.0,0
15m,1776403800.0,1.4302,1.4307,1.425,1.4263,479097.37,0.0,0.0,0
15m,1776404700.0,1.4263,1.4275,1.4249,1.425,153535.61,0.0,0.0,0
15m,1776405600.0,1.425,1.4285,1.424,1.4277,256398.38,0.0,0.0,0
15m,1776406500.0,1.4277,1.4297,1.4275,1.4295,190969.11,0.0,0.0,0
15m,1776407400.0,1.4295,1.4335,1.4282,1.433,253642.88,0.0,0.0,0
15m,1776408300.0,1.433,1.4335,1.4308,1.4323,159751.62,0.0,0.0,0
15m,1776409200.0,1.4323,1.436,1.4322,1.4348,313887.07,0.0,0.0,0
15m,1776410100.0,1.4348,1.4349,1.4321,1.4336,349709.05,0.0,0.0,0
15m,1776411000.0,1.4336,1.4394,1.4336,1.4391,481818.82,0.0,0.0,0
15m,1776411900.0,1.4391,1.4395,1.4367,1.4371,218375.18,0.0,0.0,0
15m,1776412800.0,1.4371,1.439,1.4353,1.4363,293187.62,0.0,0.0,0
15m,1776413700.0,1.4363,1.4407,1.4354,1.4397,379976.12,0.0,0.0,0
15m,1776414600.0,1.4397,1.4441,1.4389,1.4414,571112.86,0.0,0.0,0
15m,1776415500.0,1.4414,1.4475,1.4406,1.4466,436431.43,0.0,0.0,0
15m,1776416400.0,1.4466,1.4488,1.4427,1.4488,283014.91,0.0,0.0,0
15m,1776417300.0,1.4488,1.4591,1.4457,1.4573,641458.5,0.0,0.0,0
15m,1776418200.0,1.4573,1.4584,1.4464,1.4498,837896.15,0.0,0.0,0
15m,1776419100.0,1.4498,1.4534,1.4475,1.4516,838207.16,0.0,0.0,0
15m,1776420000.0,1.4516,1.4532,1.4428,1.4434,852754.75,0.0,0.0,0
15m,1776420900.0,1.4434,1.4454,1.4366,1.4367,521881.63,0.0,0.0,0
15m,1776421800.0,1.4367,1.4379,1.4325,1.4347,389102.83,0.0,0.0,0
15m,1776422700.0,1.4347,1.438,1.4341,1.437,186776.15,0.0,0.0,0
15m,1776423600.0,1.437,1.4404,1.4365,1.4386,343570.32,0.0,0.0,0
15m,1776424500.0,1.4386,1.444,1.438,1.4438,264941.61,0.0,0.0,0
15m,1776425400.0,1.4438,1.4466,1.4426,1.4441,160558.19,0.0,0.0,0
15m,1776426300.0,1.4441,1.4484,1.4441,1.4472,213633.16,0.0,0.0,0
15m,1776427200.0,1.4472,1.4483,1.4445,1.4474,202004.35,0.0,0.0,0
15m,1776428100.0,1.4474,1.4509,1.4441,1.4481,324666.17,0.0,0.0,0
15m,1776429000.0,1.4481,1.451,1.4453,1.4468,295880.72,0.0,0.0,0
15m,1776429900.0,1.4468,1.4608,1.4464,1.4587,1240386.54,0.0,0.0,0
15m,1776430800.0,1.4587,1.4771,1.4556,1.4771,1632575.72,0.0,0.0,0
15m,1776431700.0,1.4771,1.4783,1.468,1.4706,1271960.35,0.0,0.0,0
15m,1776432600.0,1.4706,1.487,1.465,1.4853,1291001.48,0.0,0.0,0
15m,1776433500.0,1.4853,1.4907,1.479,1.4869,921800.34,0.0,0.0,0
15m,1776434400.0,1.4869,1.494,1.4848,1.487,769835.76,0.0,0.0,0
15m,1776435300.0,1.487,1.4932,1.4831,1.4884,835185.85,0.0,0.0,0
15m,1776436200.0,1.4884,1.5097,1.4884,1.5028,1525100.42,0.0,0.0,0
15m,1776437100.0,1.5028,1.5057,1.4952,1.4985,925713.82,0.0,0.0,0
15m,1776438000.0,1.4985,1.5018,1.4889,1.496,860451.36,0.0,0.0,0
15m,1776438900.0,1.496,1.4995,1.4901,1.4926,443557.98,0.0,0.0,0
15m,1776439800.0,1.4926,1.4931,1.4794,1.4805,731725.11,0.0,0.0,0
15m,1776440700.0,1.4805,1.4871,1.4762,1.4858,867142.21,0.0,0.0,0
15m,1776441600.0,1.4858,1.4941,1.4854,1.4904,815287.41,0.0,0.0,0
15m,1776442500.0,1.4904,1.4987,1.4881,1.4963,898027.46,0.0,0.0,0
15m,1776443400.0,1.4963,1.5003,1.4915,1.4938,534432.34,0.0,0.0,0
15m,1776444300.0,1.4938,1.4979,1.4918,1.4973,709017.72,0.0,0.0,0
15m,1776445200.0,1.4973,1.4975,1.4865,1.4904,607230.61,0.0,0.0,0
15m,1776446100.0,1.4904,1.4918,1.4771,1.4818,631056.47,0.0,0.0,0
15m,1776447000.0,1.4818,1.4874,1.4818,1.4839,324175.6,0.0,0.0,0
15m,1776447900.0,1.4839,1.4878,1.482,1.4837,517355.15,0.0,0.0,0
15m,1776448800.0,1.4837,1.4842,1.4729,1.4748,513738.87,0.0,0.0,0
15m,1776449700.0,1.4748,1.4816,1.4742,1.4782,254473.26,0.0,0.0,0
15m,1776450600.0,1.4782,1.4812,1.4761,1.4809,170843.02,0.0,0.0,0
15m,1776451500.0,1.4809,1.4814,1.4743,1.4774,153478.6,0.0,0.0,0
15m,1776452400.0,1.4774,1.4827,1.4765,1.4824,355993.96,0.0,0.0,0
15m,1776453300.0,1.4824,1.488,1.4823,1.4856,284104.7,0.0,0.0,0
15m,1776454200.0,1.4856,1.4913,1.4856,1.4905,384643.76,0.0,0.0,0
15m,1776455100.0,1.4905,1.4922,1.4868,1.4876,448558.06,0.0,0.0,0
15m,1776456000.0,1.4876,1.4897,1.4851,1.4865,294216.56,0.0,0.0,0
15m,1776456900.0,1.4865,1.4865,1.4809,1.4819,222999.48,0.0,0.0,0
15m,1776457800.0,1.4819,1.4824,1.4753,1.4783,252173.32,0.0,0.0,0
15m,1776458700.0,1.4783,1.4817,1.4774,1.4816,88217.57,0.0,0.0,0
15m,1776459600.0,1.4816,1.4846,1.4799,1.4805,155025.64,0.0,0.0,0
15m,1776460500.0,1.4805,1.4869,1.4797,1.4824,390207.05,0.0,0.0,0
15m,1776461400.0,1.4824,1.4831,1.4775,1.4814,142969.96,0.0,0.0,0
15m,1776462300.0,1.4814,1.4826,1.4788,1.4791,86123.7,0.0,0.0,0
15m,1776463200.0,1.4791,1.4841,1.477,1.4817,330726.74,0.0,0.0,0
15m,1776464100.0,1.4817,1.4844,1.4784,1.4812,506575.92,0.0,0.0,0
15m,1776465000.0,1.4812,1.4882,1.4802,1.4854,473065.55,0.0,0.0,0
15m,1776465900.0,1.4854,1.4876,1.4834,1.4845,149839.72,0.0,0.0,0
15m,1776466800.0,1.4845,1.4845,1.4795,1.4799,187215.78,0.0,0.0,0
15m,1776467700.0,1.4799,1.4799,1.4719,1.4767,480168.82,0.0,0.0,0
15m,1776468600.0,1.4767,1.4787,1.4745,1.475,175214.28,0.0,0.0,0
15m,1776469500.0,1.475,1.4785,1.475,1.476,159131.27,0.0,0.0,0
15m,1776470400.0,1.476,1.48,1.4739,1.4754,178617.54,0.0,0.0,0
15m,1776471300.0,1.4754,1.48,1.4754,1.4787,157124.78,0.0,0.0,0
15m,1776472200.0,1.4787,1.4798,1.4725,1.4725,183673.65,0.0,0.0,0
15m,1776473100.0,1.4725,1.4765,1.4719,1.4759,96821.53,0.0,0.0,0
15m,1776474000.0,1.4759,1.4815,1.4749,1.4812,592931.04,0.0,0.0,0
15m,1776474900.0,1.4812,1.4822,1.477,1.4771,374648.89,0.0,0.0,0
15m,1776475800.0,1.4771,1.4774,1.4732,1.4748,212137.29,0.0,0.0,0
15m,1776476700.0,1.4748,1.478,1.474,1.478,144173.32,0.0,0.0,0
15m,1776477600.0,1.478,1.478,1.4695,1.4721,256072.67,0.0,0.0,0
15m,1776478500.0,1.4721,1.4777,1.4717,1.4758,157241.14,0.0,0.0,0
15m,1776479400.0,1.4758,1.4779,1.4733,1.4751,143411.61,0.0,0.0,0
15m,1776480300.0,1.4751,1.4764,1.4739,1.4753,52813.47,0.0,0.0,0
15m,1776481200.0,1.4753,1.4754,1.472,1.4728,66532.43,0.0,0.0,0
15m,1776482100.0,1.4728,1.4738,1.4705,1.4706,141678.34,0.0,0.0,0
15m,1776483000.0,1.4706,1.4725,1.4697,1.4721,68515.14,0.0,0.0,0
15m,1776483900.0,1.4721,1.4737,1.467,1.4685,265372.9,0.0,0.0,0
15m,1776484800.0,1.4685,1.4687,1.4626,1.4676,625093.77,0.0,0.0,0
15m,1776485700.0,1.4676,1.4678,1.4641,1.4649,134719.6,0.0,0.0,0
15m,1776486600.0,1.4649,1.4681,1.4632,1.4656,118264.38,0.0,0.0,0
15m,1776487500.0,1.4656,1.4696,1.4655,1.4683,89670.71,0.0,0.0,0
15m,1776488400.0,1.4683,1.4729,1.4679,1.4727,98896.96,0.0,0.0,0
15m,1776489300.0,1.4727,1.4752,1.4721,1.4745,225634.61,0.0,0.0,0
15m,1776490200.0,1.4745,1.4776,1.469,1.4705,623344.29,0.0,0.0,0
15m,1776491100.0,1.4705,1.4709,1.4686,1.4689,69670.3,0.0,0.0,0
15m,1776492000.0,1.4689,1.4692,1.4657,1.4674,196345.6,0.0,0.0,0
15m,1776492900.0,1.4674,1.4675,1.4638,1.4662,199971.36,0.0,0.0,0
15m,1776493800.0,1.4662,1.4728,1.4651,1.4721,464239.9,0.0,0.0,0
15m,1776494700.0,1.4721,1.4731,1.4705,1.4707,88483.5,0.0,0.0,0
15m,1776495600.0,1.4707,1.4732,1.4688,1.4699,85535.27,0.0,0.0,0
15m,1776496500.0,1.4699,1.4731,1.4695,1.4729,120853.98,0.0,0.0,0
15m,1776497400.0,1.4729,1.4756,1.4713,1.4728,182001.66,0.0,0.0,0
15m,1776498300.0,1.4728,1.4752,1.4725,1.4739,130015.96,0.0,0.0,0
15m,1776499200.0,1.4739,1.4753,1.4647,1.4647,748455.48,0.0,0.0,0
15m,1776500100.0,1.4647,1.4648,1.4554,1.4567,790834.44,0.0,0.0,0
15m,1776501000.0,1.4567,1.4572,1.4456,1.4483,712965.83,0.0,0.0,0
15m,1776501900.0,1.4483,1.4554,1.4464,1.4533,1176629.07,0.0,0.0,0
15m,1776502800.0,1.4533,1.4543,1.4478,1.4499,303519.51,0.0,0.0,0
15m,1776503700.0,1.4499,1.4518,1.4462,1.4516,270508.73,0.0,0.0,0
15m,1776504600.0,1.4516,1.4532,1.4497,1.4519,716688.85,0.0,0.0,0
15m,1776505500.0,1.4519,1.4539,1.4474,1.4503,892969.92,0.0,0.0,0
15m,1776506400.0,1.4503,1.4505,1.4374,1.4404,934904.03,0.0,0.0,0
15m,1776507300.0,1.4404,1.4427,1.438,1.4391,193019.3,0.0,0.0,0
15m,1776508200.0,1.4391,1.4419,1.4365,1.4388,144035.62,0.0,0.0,0
15m,1776509100.0,1.4388,1.44,1.4355,1.4396,165897.8,0.0,0.0,0
15m,1776510000.0,1.4396,1.4399,1.4299,1.4301,357610.81,0.0,0.0,0
15m,1776510900.0,1.4301,1.4339,1.4299,1.4333,336132.18,0.0,0.0,0
15m,1776511800.0,1.4333,1.4373,1.4234,1.427,444783.37,0.0,0.0,0
15m,1776512700.0,1.427,1.433,1.4255,1.4313,456692.64,0.0,0.0,0
15m,1776513600.0,1.4313,1.4373,1.4304,1.4368,308890.2,0.0,0.0,0
15m,1776514500.0,1.4368,1.4377,1.4332,1.4332,155849.53,0.0,0.0,0
15m,1776515400.0,1.4332,1.4361,1.4313,1.4356,158786.38,0.0,0.0,0
15m,1776516300.0,1.4356,1.4379,1.4344,1.436,165764.61,0.0,0.0,0
15m,1776517200.0,1.436,1.4374,1.4344,1.4354,164771.6,0.0,0.0,0
15m,1776518100.0,1.4354,1.4376,1.4321,1.435,170611.83,0.0,0.0,0
15m,1776519000.0,1.435,1.4359,1.4294,1.4329,187420.39,0.0,0.0,0
15m,1776519900.0,1.4329,1.4385,1.4313,1.4371,211046.27,0.0,0.0,0
15m,1776520800.0,1.4371,1.4383,1.4338,1.4368,185206.57,0.0,0.0,0
15m,1776521700.0,1.4368,1.4379,1.4325,1.4369,152927.91,0.0,0.0,0
15m,1776522600.0,1.4369,1.4384,1.4348,1.435,177044.41,0.0,0.0,0
15m,1776523500.0,1.435,1.4362,1.4333,1.435,131615.36,0.0,0.0,0
15m,1776524400.0,1.435,1.4374,1.4306,1.4365,599600.68,0.0,0.0,0
15m,1776525300.0,1.4365,1.4397,1.4342,1.4386,133994.08,0.0,0.0,0
15m,1776526200.0,1.4386,1.4397,1.4345,1.4346,122595.94,0.0,0.0,0
15m,1776527100.0,1.4346,1.4371,1.4334,1.4357,115953.04,0.0,0.0,0
15m,1776528000.0,1.4357,1.4381,1.4329,1.4373,127787.32,0.0,0.0,0
15m,1776528900.0,1.4373,1.4394,1.4311,1.436,367336.01,0.0,0.0,0
15m,1776529800.0,1.436,1.4369,1.4337,1.4345,66429.03,0.0,0.0,0
15m,1776530700.0,1.4345,1.4356,1.4315,1.4336,145545.29,0.0,0.0,0
15m,1776531600.0,1.4336,1.4336,1.4275,1.4298,543593.26,0.0,0.0,0
15m,1776532500.0,1.4298,1.4325,1.4295,1.4317,87422.48,0.0,0.0,0
15m,1776533400.0,1.4317,1.4337,1.4315,1.4315,46771.61,0.0,0.0,0
15m,1776534300.0,1.4315,1.4333,1.4315,1.4318,71878.66,0.0,0.0,0
15m,1776535200.0,1.4318,1.4344,1.4298,1.4319,156909.2,0.0,0.0,0
15m,1776536100.0,1.4319,1.4319,1.4263,1.4277,262731.58,0.0,0.0,0
15m,1776537000.0,1.4277,1.4283,1.4236,1.4265,291860.96,0.0,0.0,0
15m,1776537900.0,1.4265,1.4304,1.4236,1.4255,256655.06,0.0,0.0,0
15m,1776538800.0,1.4255,1.431,1.4254,1.4295,179377.68,0.0,0.0,0
15m,1776539700.0,1.4295,1.4301,1.4256,1.4276,128652.17,0.0,0.0,0
15m,1776540600.0,1.4276,1.4282,1.4249,1.4257,149930.15,0.0,0.0,0
15m,1776541500.0,1.4257,1.4285,1.4254,1.427,94205.01,0.0,0.0,0
15m,1776542400.0,1.427,1.4272,1.4238,1.4258,187392.78,0.0,0.0,0
15m,1776543300.0,1.4258,1.428,1.425,1.4258,99712.94,0.0,0.0,0
15m,1776544200.0,1.4258,1.4282,1.4254,1.428,134163.05,0.0,0.0,0
15m,1776545100.0,1.428,1.4303,1.4277,1.4282,148717.07,0.0,0.0,0
15m,1776546000.0,1.4282,1.4316,1.4279,1.4309,108708.22,0.0,0.0,0
15m,1776546900.0,1.4309,1.4324,1.4293,1.4322,55569.57,0.0,0.0,0
15m,1776547800.0,1.4322,1.4358,1.4307,1.4344,157984.82,0.0,0.0,0
15m,1776548700.0,1.4344,1.438,1.4343,1.4359,163756.1,0.0,0.0,0
15m,1776549600.0,1.4359,1.4361,1.43,1.4317,243537.73,0.0,0.0,0
15m,1776550500.0,1.4317,1.4344,1.4317,1.4338,74891.7,0.0,0.0,0
15m,1776551400.0,1.4338,1.4359,1.4331,1.4343,108804.19,0.0,0.0,0
15m,1776552300.0,1.4343,1.4355,1.434,1.4345,80043.68,0.0,0.0,0
15m,1776553200.0,1.4345,1.438,1.4341,1.437,157075.73,0.0,0.0,0
15m,1776554100.0,1.437,1.4383,1.4368,1.4374,70036.18,0.0,0.0,0
15m,1776555000.0,1.4374,1.4383,1.4347,1.4375,94542.82,0.0,0.0,0
15m,1776555900.0,1.4375,1.4375,1.432,1.4323,64421.65,0.0,0.0,0
15m,1776556800.0,1.4323,1.4362,1.4319,1.4346,84577.83,0.0,0.0,0
15m,1776557700.0,1.4346,1.4346,1.4313,1.4321,84391.53,0.0,0.0,0
15m,1776558600.0,1.4321,1.4331,1.4296,1.4308,97585.13,0.0,0.0,0
15m,1776559500.0,1.4308,1.4358,1.4308,1.4329,75890.22,0.0,0.0,0
15m,1776560400.0,1.4329,1.4386,1.4329,1.4375,309077.86,0.0,0.0,0
15m,1776561300.0,1.4375,1.4377,1.4324,1.4324,64697.19,0.0,0.0,0
15m,1776562200.0,1.4324,1.4325,1.4293,1.4302,126046.82,0.0,0.0,0
15m,1776563100.0,1.4302,1.4333,1.4302,1.4319,102211.59,0.0,0.0,0
15m,1776564000.0,1.4319,1.4319,1.4298,1.4313,67976.97,0.0,0.0,0
15m,1776564900.0,1.4313,1.4322,1.424,1.4245,254121.5,0.0,0.0,0
15m,1776565800.0,1.4245,1.4339,1.4241,1.4336,173231.48,0.0,0.0,0
15m,1776566700.0,1.4336,1.4351,1.4299,1.4301,151691.36,0.0,0.0,0
15m,1776567600.0,1.4301,1.4325,1.4265,1.4325,136987.45,0.0,0.0,0
15m,1776568500.0,1.4325,1.4337,1.4295,1.4311,103585.85,0.0,0.0,0
15m,1776569400.0,1.4311,1.4333,1.4293,1.4332,90542.78,0.0,0.0,0
15m,1776570300.0,1.4332,1.4339,1.4289,1.4293,123786.09,0.0,0.0,0
15m,1776571200.0,1.4293,1.4334,1.4284,1.4323,92951.5,0.0,0.0,0
15m,1776572100.0,1.4323,1.4332,1.431,1.4316,68571.69,0.0,0.0,0
15m,1776573000.0,1.4316,1.4318,1.4236,1.4274,309453.24,0.0,0.0,0
15m,1776573900.0,1.4274,1.4315,1.4265,1.4305,115728.35,0.0,0.0,0
15m,1776574800.0,1.4305,1.4325,1.4294,1.4316,94532.56,0.0,0.0,0
15m,1776575700.0,1.4316,1.4346,1.4307,1.4343,82881.34,0.0,0.0,0
15m,1776576600.0,1.4343,1.4431,1.4333,1.4342,643003.05,0.0,0.0,0
15m,1776577500.0,1.4342,1.4353,1.4301,1.4301,161303.62,0.0,0.0,0
15m,1776578400.0,1.4301,1.431,1.4185,1.4204,831502.38,0.0,0.0,0
15m,1776579300.0,1.4204,1.4253,1.4181,1.4238,518253.23,0.0,0.0,0
15m,1776580200.0,1.4238,1.4293,1.4236,1.4291,188319.82,0.0,0.0,0
15m,1776581100.0,1.4291,1.4294,1.4272,1.4285,148235.1,0.0,0.0,0
15m,1776582000.0,1.4285,1.4293,1.4265,1.4272,179521.67,0.0,0.0,0
15m,1776582900.0,1.4272,1.4272,1.4148,1.4163,726703.32,0.0,0.0,0
15m,1776583800.0,1.4163,1.4237,1.4162,1.4214,918940.19,0.0,0.0,0
15m,1776584700.0,1.4214,1.4228,1.4183,1.42,216732.78,0.0,0.0,0
15m,1776585600.0,1.42,1.4206,1.4166,1.418,357125.52,0.0,0.0,0
15m,1776586500.0,1.418,1.4225,1.4154,1.4213,482420.82,0.0,0.0,0
15m,1776587400.0,1.4213,1.4244,1.4198,1.4239,109969.91,0.0,0.0,0
15m,1776588300.0,1.4239,1.4291,1.4229,1.4245,693963.77,0.0,0.0,0
15m,1776589200.0,1.4245,1.4256,1.4207,1.4208,235599.96,0.0,0.0,0
15m,1776590100.0,1.4208,1.4209,1.413,1.4191,694870.29,0.0,0.0,0
15m,1776591000.0,1.4191,1.4225,1.4185,1.419,130230.38,0.0,0.0,0
15m,1776591900.0,1.419,1.4215,1.4172,1.4213,324047.24,0.0,0.0,0
15m,1776592800.0,1.4213,1.4276,1.419,1.4201,1250464.57,0.0,0.0,0
15m,1776593700.0,1.4201,1.423,1.4159,1.4213,707163.64,0.0,0.0,0
15m,1776594600.0,1.4213,1.4236,1.4207,1.4224,113952.55,0.0,0.0,0
15m,1776595500.0,1.4224,1.4252,1.422,1.4231,109530.82,0.0,0.0,0
15m,1776596400.0,1.4231,1.4286,1.4223,1.427,148413.78,0.0,0.0,0
15m,1776597300.0,1.427,1.429,1.426,1.4276,175475.3,0.0,0.0,0
15m,1776598200.0,1.4276,1.4312,1.4264,1.4288,138185.63,0.0,0.0,0
15m,1776599100.0,1.4288,1.4307,1.4282,1.4295,114420.25,0.0,0.0,0
15m,1776600000.0,1.4295,1.4332,1.4295,1.4313,302598.64,0.0,0.0,0
15m,1776600900.0,1.4313,1.4318,1.429,1.4294,129530.48,0.0,0.0,0
15m,1776601800.0,1.4294,1.4302,1.4249,1.4282,187939.32,0.0,0.0,0
15m,1776602700.0,1.4282,1.4329,1.4273,1.4313,98512.07,0.0,0.0,0
15m,1776603600.0,1.4313,1.4361,1.431,1.4355,240434.13,0.0,0.0,0
15m,1776604500.0,1.4355,1.4463,1.4346,1.4412,479318.34,0.0,0.0,0
15m,1776605400.0,1.4412,1.4422,1.4371,1.4411,169139.57,0.0,0.0,0
15m,1776606300.0,1.4411,1.4479,1.4349,1.4385,1351539.04,0.0,0.0,0
15m,1776607200.0,1.4385,1.4402,1.4328,1.4357,250631.33,0.0,0.0,0
15m,1776608100.0,1.4357,1.441,1.4343,1.4397,691255.54,0.0,0.0,0
15m,1776609000.0,1.4397,1.4407,1.4363,1.4392,1432210.25,0.0,0.0,0
15m,1776609900.0,1.4392,1.4427,1.4379,1.4379,659584.68,0.0,0.0,0
15m,1776610800.0,1.4379,1.4379,1.4342,1.4349,1989750.02,0.0,0.0,0
15m,1776611700.0,1.4349,1.4391,1.4328,1.434,1790613.5,0.0,0.0,0
15m,1776612600.0,1.434,1.4346,1.4204,1.4259,3943305.82,0.0,0.0,0
15m,1776613500.0,1.4259,1.4315,1.4249,1.4315,643089.16,0.0,0.0,0
15m,1776614400.0,1.4315,1.4326,1.4279,1.4285,1562615.6,0.0,0.0,0
15m,1776615300.0,1.4285,1.43,1.4234,1.4244,944821.9,0.0,0.0,0
15m,1776616200.0,1.4244,1.4287,1.4229,1.4267,298884.48,0.0,0.0,0
15m,1776617100.0,1.4267,1.4283,1.4201,1.422,1072415.78,0.0,0.0,0
15m,1776618000.0,1.422,1.4233,1.4165,1.4199,2081395.92,0.0,0.0,0
15m,1776618900.0,1.4199,1.4242,1.4181,1.4203,946134.93,0.0,0.0,0
15m,1776619800.0,1.4203,1.4226,1.416,1.4202,868564.15,0.0,0.0,0
15m,1776620700.0,1.4202,1.4218,1.4118,1.4127,1719860.12,0.0,0.0,0
15m,1776621600.0,1.4127,1.4175,1.4112,1.4174,1148441.18,0.0,0.0,0
15m,1776622500.0,1.4174,1.4181,1.4123,1.416,1945311.33,0.0,0.0,0
15m,1776623400.0,1.416,1.4165,1.4138,1.4153,634920.23,0.0,0.0,0
15m,1776624300.0,1.4153,1.417,1.4134,1.4154,397926.53,0.0,0.0,0
15m,1776625200.0,1.4154,1.4196,1.4154,1.4184,791102.98,0.0,0.0,0
15m,1776626100.0,1.4184,1.4216,1.4166,1.4182,1084897.16,0.0,0.0,0
15m,1776627000.0,1.4182,1.4211,1.4176,1.419,760336.15,0.0,0.0,0
15m,1776627900.0,1.419,1.4204,1.4154,1.4175,1007463.91,0.0,0.0,0
15m,1776628800.0,1.4175,1.4175,1.4122,1.4143,788061.56,0.0,0.0,0
15m,1776629700.0,1.4143,1.4148,1.4114,1.4145,1503084.26,0.0,0.0,0
15m,1776630600.0,1.4145,1.4174,1.4091,1.4111,1881261.36,0.0,0.0,0
15m,1776631500.0,1.4111,1.4147,1.4095,1.4104,1379792.92,0.0,0.0,0
15m,1776632400.0,1.4104,1.4154,1.41,1.4141,1423851.0,0.0,0.0,0
15m,1776633300.0,1.4141,1.4145,1.4112,1.4141,835864.6,0.0,0.0,0
15m,1776634200.0,1.4141,1.4168,1.4141,1.4158,744332.43,0.0,0.0,0
15m,1776635100.0,1.4158,1.4168,1.4089,1.4096,722466.81,0.0,0.0,0
15m,1776636000.0,1.4096,1.4096,1.399,1.4001,1985586.87,0.0,0.0,0
15m,1776636900.0,1.4001,1.4024,1.3887,1.397,2937113.55,0.0,0.0,0
15m,1776637800.0,1.397,1.4024,1.3965,1.4015,848329.3,0.0,0.0,0
15m,1776638700.0,1.4015,1.4022,1.399,1.399,394193.98,0.0,0.0,0
15m,1776639600.0,1.399,1.399,1.3937,1.3971,604918.13,0.0,0.0,0
15m,1776640500.0,1.3971,1.3971,1.3918,1.3951,1043258.92,0.0,0.0,0
15m,1776641400.0,1.3951,1.3974,1.3942,1.3954,483030.04,0.0,0.0,0
15m,1776642300.0,1.3954,1.396,1.3926,1.3939,712681.39,0.0,0.0,0
15m,1776643200.0,1.3939,1.4018,1.393,1.4002,1666316.94,0.0,0.0,0
15m,1776644100.0,1.4002,1.4053,1.4002,1.4052,1504318.53,0.0,0.0,0
15m,1776645000.0,1.4052,1.4071,1.4043,1.4053,649328.05,0.0,0.0,0
15m,1776645900.0,1.4053,1.4079,1.4045,1.4054,733150.09,0.0,0.0,0
15m,1776646800.0,1.4054,1.4079,1.4051,1.4078,766214.85,0.0,0.0,0
15m,1776647700.0,1.4078,1.4079,1.4047,1.4059,1344484.19,0.0,0.0,0
15m,1776648600.0,1.4059,1.4119,1.4053,1.4104,1290012.68,0.0,0.0,0
15m,1776649500.0,1.4104,1.4109,1.4077,1.4081,576990.68,0.0,0.0,0
15m,1776650400.0,1.4081,1.4086,1.4047,1.4051,636751.89,0.0,0.0,0
15m,1776651300.0,1.4051,1.408,1.4036,1.4049,907270.7,0.0,0.0,0
15m,1776652200.0,1.4049,1.4076,1.4041,1.4076,533518.33,0.0,0.0,0
15m,1776653100.0,1.4076,1.4086,1.4065,1.4081,864612.0,0.0,0.0,0
15m,1776654000.0,1.4081,1.4132,1.4076,1.411,272141.97,0.0,0.0,0
15m,1776654900.0,1.411,1.4127,1.4097,1.4111,1508414.68,0.0,0.0,0
15m,1776655800.0,1.4111,1.4123,1.4093,1.4096,669757.08,0.0,0.0,0
15m,1776656700.0,1.4096,1.4114,1.4087,1.411,907645.87,0.0,0.0,0
15m,1776657600.0,1.411,1.4115,1.4087,1.4087,354486.57,0.0,0.0,0
15m,1776658500.0,1.4087,1.4097,1.4056,1.408,869593.85,0.0,0.0,0
15m,1776659400.0,1.408,1.4089,1.4077,1.4078,443427.02,0.0,0.0,0
15m,1776660300.0,1.4078,1.4108,1.4078,1.4095,436057.23,0.0,0.0,0
15m,1776661200.0,1.4095,1.4097,1.4003,1.4025,805111.68,0.0,0.0,0
15m,1776662100.0,1.4025,1.4025,1.3988,1.4003,411283.78,0.0,0.0,0
15m,1776663000.0,1.4003,1.4026,1.3961,1.3961,985516.18,0.0,0.0,0
15m,1776663900.0,1.3961,1.4,1.3955,1.3991,217612.66,0.0,0.0,0
15m,1776664800.0,1.3991,1.4041,1.3991,1.4017,500833.96,0.0,0.0,0
15m,1776665700.0,1.4017,1.4061,1.4003,1.4039,647073.07,0.0,0.0,0
15m,1776666600.0,1.4039,1.4152,1.4037,1.4134,379981.21,0.0,0.0,0
15m,1776667500.0,1.4134,1.4148,1.4112,1.4139,367935.5,0.0,0.0,0
15m,1776668400.0,1.4139,1.416,1.412,1.4155,664849.06,0.0,0.0,0
15m,1776669300.0,1.4155,1.4325,1.4133,1.4254,1969756.84,0.0,0.0,0
15m,1776670200.0,1.4254,1.4267,1.4145,1.416,1950338.58,0.0,0.0,0
15m,1776671100.0,1.416,1.4179,1.4106,1.4152,1635553.25,0.0,0.0,0
15m,1776672000.0,1.4152,1.4156,1.4108,1.4134,955809.5,0.0,0.0,0
15m,1776672900.0,1.4134,1.4176,1.4113,1.4139,438570.84,0.0,0.0,0
15m,1776673800.0,1.4139,1.4149,1.4103,1.4115,909373.14,0.0,0.0,0
15m,1776674700.0,1.4115,1.4126,1.406,1.4099,2214056.22,0.0,0.0,0
15m,1776675600.0,1.4099,1.4161,1.4079,1.4147,2206807.31,0.0,0.0,0
15m,1776676500.0,1.4147,1.4197,1.4146,1.4155,948469.48,0.0,0.0,0
15m,1776677400.0,1.4155,1.4195,1.415,1.4194,427591.42,0.0,0.0,0
15m,1776678300.0,1.4194,1.4208,1.4163,1.418,430350.59,0.0,0.0,0
15m,1776679200.0,1.418,1.4247,1.4172,1.4245,413589.76,0.0,0.0,0
15m,1776680100.0,1.4245,1.4274,1.4225,1.4239,608500.6,0.0,0.0,0
15m,1776681000.0,1.4239,1.4239,1.4195,1.4214,1271244.3,0.0,0.0,0
15m,1776681900.0,1.4214,1.4219,1.4129,1.414,967453.01,0.0,0.0,0
15m,1776682800.0,1.414,1.4164,1.4112,1.4162,662696.69,0.0,0.0,0
15m,1776683700.0,1.4162,1.4173,1.414,1.4172,923160.46,0.0,0.0,0
15m,1776684600.0,1.4172,1.4186,1.414,1.4151,1026182.25,0.0,0.0,0
15m,1776685500.0,1.4151,1.4166,1.4143,1.4152,236296.11,0.0,0.0,0
15m,1776686400.0,1.4152,1.4194,1.4129,1.4183,522721.42,0.0,0.0,0
15m,1776687300.0,1.4183,1.4237,1.417,1.4188,457390.9,0.0,0.0,0
15m,1776688200.0,1.4188,1.4212,1.4169,1.42,689861.07,0.0,0.0,0
15m,1776689100.0,1.42,1.4238,1.42,1.422,813263.46,0.0,0.0,0
15m,1776690000.0,1.422,1.4263,1.4192,1.4248,572718.59,0.0,0.0,0
15m,1776690900.0,1.4248,1.4256,1.4203,1.4245,828485.09,0.0,0.0,0
15m,1776691800.0,1.4245,1.426,1.4176,1.4231,1837038.72,0.0,0.0,0
15m,1776692700.0,1.4231,1.4278,1.419,1.4246,1119284.14,0.0,0.0,0
15m,1776693600.0,1.4246,1.425,1.4202,1.4218,918086.99,0.0,0.0,0
15m,1776694500.0,1.4218,1.4317,1.4213,1.4279,1783275.98,0.0,0.0,0
15m,1776695400.0,1.4279,1.4316,1.4231,1.4258,540593.21,0.0,0.0,0
15m,1776696300.0,1.4258,1.427,1.4143,1.4165,1416226.04,0.0,0.0,0
15m,1776697200.0,1.4165,1.4182,1.4091,1.4145,1108007.4,0.0,0.0,0
15m,1776698100.0,1.4145,1.435,1.414,1.4347,1574880.95,0.0,0.0,0
15m,1776699000.0,1.4347,1.4347,1.4288,1.4309,464896.4,0.0,0.0,0
15m,1776699900.0,1.4309,1.4337,1.4299,1.433,552955.98,0.0,0.0,0
15m,1776700800.0,1.433,1.4338,1.4262,1.4281,1073941.51,0.0,0.0,0
15m,1776701700.0,1.4281,1.4307,1.4253,1.4265,721934.52,0.0,0.0,0
15m,1776702600.0,1.4265,1.4282,1.4226,1.4266,486117.34,0.0,0.0,0
15m,1776703500.0,1.4266,1.4281,1.4224,1.4237,339575.41,0.0,0.0,0
15m,1776704400.0,1.4237,1.4303,1.4229,1.4291,723570.83,0.0,0.0,0
15m,1776705300.0,1.4291,1.4329,1.4281,1.4291,192337.66,0.0,0.0,0
15m,1776706200.0,1.4291,1.4293,1.424,1.4243,571678.93,0.0,0.0,0
15m,1776707100.0,1.4243,1.4297,1.424,1.4272,442314.93,0.0,0.0,0
15m,1776708000.0,1.4272,1.4339,1.4272,1.4325,1390658.62,0.0,0.0,0
15m,1776708900.0,1.4325,1.437,1.4292,1.4316,1913703.12,0.0,0.0,0
15m,1776709800.0,1.4316,1.4322,1.4273,1.4307,1125720.82,0.0,0.0,0
15m,1776710700.0,1.4307,1.4343,1.4278,1.4323,921335.46,0.0,0.0,0
15m,1776711600.0,1.4323,1.4336,1.4302,1.4317,609732.83,0.0,0.0,0
15m,1776712500.0,1.4317,1.4317,1.4278,1.4295,755825.86,0.0,0.0,0
15m,1776713400.0,1.4295,1.4321,1.4285,1.4297,1360853.42,0.0,0.0,0
15m,1776714300.0,1.4297,1.4318,1.4288,1.4303,439400.17,0.0,0.0,0
15m,1776715200.0,1.4303,1.4303,1.4245,1.427,1052847.16,0.0,0.0,0
15m,1776716100.0,1.427,1.4328,1.4266,1.4299,1367008.88,0.0,0.0,0
15m,1776717000.0,1.4299,1.4318,1.429,1.4305,1256935.07,0.0,0.0,0
15m,1776717900.0,1.4305,1.4337,1.43,1.4317,1143065.05,0.0,0.0,0
15m,1776718800.0,1.4317,1.4326,1.4253,1.4272,1393252.87,0.0,0.0,0
15m,1776719700.0,1.4272,1.4285,1.4245,1.4278,562288.74,0.0,0.0,0
15m,1776720600.0,1.4278,1.4297,1.426,1.428,1247149.34,0.0,0.0,0
15m,1776721500.0,1.428,1.4315,1.4279,1.4301,645072.46,0.0,0.0,0
15m,1776722400.0,1.4301,1.4321,1.4285,1.4297,1447277.26,0.0,0.0,0
15m,1776723300.0,1.4297,1.4307,1.4266,1.4279,650873.61,0.0,0.0,0
15m,1776724200.0,1.4279,1.4302,1.4259,1.4274,207483.81,0.0,0.0,0
15m,1776725100.0,1.4274,1.4274,1.4252,1.426,109067.5,0.0,0.0,0
15m,1776726000.0,1.426,1.426,1.4209,1.4223,800124.51,0.0,0.0,0
15m,1776726900.0,1.4223,1.425,1.4218,1.4225,828535.26,0.0,0.0,0
15m,1776727800.0,1.4225,1.4246,1.4216,1.4234,641524.64,0.0,0.0,0
15m,1776728700.0,1.4234,1.4251,1.4222,1.4247,749865.12,0.0,0.0,0
15m,1776729600.0,1.4247,1.4284,1.4243,1.4271,400559.44,0.0,0.0,0
15m,1776730500.0,1.4271,1.4277,1.425,1.4263,129216.4,0.0,0.0,0
15m,1776731400.0,1.4263,1.4276,1.4253,1.4253,179816.38,0.0,0.0,0
15m,1776732300.0,1.4253,1.4295,1.425,1.4274,879161.95,0.0,0.0,0
15m,1776733200.0,1.4274,1.4318,1.4266,1.4302,228257.78,0.0,0.0,0
15m,1776734100.0,1.4302,1.4311,1.4292,1.4297,951572.28,0.0,0.0,0
15m,1776735000.0,1.4297,1.4309,1.4275,1.4293,1062792.48,0.0,0.0,0
15m,1776735900.0,1.4293,1.4293,1.4246,1.4257,759240.81,0.0,0.0,0
15m,1776736800.0,1.4257,1.4264,1.4236,1.4243,479787.32,0.0,0.0,0
15m,1776737700.0,1.4243,1.4265,1.4235,1.4247,332204.3,0.0,0.0,0
15m,1776738600.0,1.4247,1.4255,1.4228,1.4229,535030.13,0.0,0.0,0
15m,1776739500.0,1.4229,1.4237,1.4222,1.4222,437166.2,0.0,0.0,0
15m,1776740400.0,1.4222,1.4227,1.4196,1.4211,758239.95,0.0,0.0,0
15m,1776741300.0,1.4211,1.4234,1.4195,1.4226,809954.05,0.0,0.0,0
15m,1776742200.0,1.4226,1.425,1.4218,1.4232,574409.27,0.0,0.0,0
15m,1776743100.0,1.4232,1.4258,1.423,1.4239,583038.14,0.0,0.0,0
15m,1776744000.0,1.4239,1.427,1.4236,1.4247,534129.26,0.0,0.0,0
15m,1776744900.0,1.4247,1.4261,1.424,1.4247,620820.36,0.0,0.0,0
15m,1776745800.0,1.4247,1.4267,1.4242,1.4266,667245.25,0.0,0.0,0
15m,1776746700.0,1.4266,1.4286,1.4253,1.4279,231827.31,0.0,0.0,0
15m,1776747600.0,1.4279,1.4331,1.4279,1.4297,424299.81,0.0,0.0,0
15m,1776748500.0,1.4297,1.4313,1.4287,1.4312,744991.05,0.0,0.0,0
15m,1776749400.0,1.4312,1.4325,1.4302,1.4306,1082487.98,0.0,0.0,0
15m,1776750300.0,1.4306,1.432,1.4295,1.4317,388869.3,0.0,0.0,0
15m,1776751200.0,1.4317,1.4326,1.4292,1.4296,610862.82,0.0,0.0,0
15m,1776752100.0,1.4296,1.4304,1.4283,1.4297,519988.64,0.0,0.0,0
15m,1776753000.0,1.4297,1.4411,1.4297,1.4377,1610261.03,0.0,0.0,0
15m,1776753900.0,1.4377,1.4389,1.4371,1.4371,356819.01,0.0,0.0,0
15m,1776754800.0,1.4371,1.4373,1.4324,1.4351,267424.9,0.0,0.0,0
15m,1776755700.0,1.4351,1.441,1.4332,1.4398,1264138.89,0.0,0.0,0
15m,1776756600.0,1.4398,1.4424,1.4355,1.4409,874147.51,0.0,0.0,0
15m,1776757500.0,1.4409,1.4423,1.4388,1.4393,209861.59,0.0,0.0,0
15m,1776758400.0,1.4393,1.4405,1.4374,1.4381,280550.74,0.0,0.0,0
15m,1776759300.0,1.4381,1.4428,1.4376,1.4417,317193.14,0.0,0.0,0
15m,1776760200.0,1.4417,1.4449,1.4393,1.4438,221822.67,0.0,0.0,0
15m,1776761100.0,1.4438,1.4496,1.442,1.4427,758621.88,0.0,0.0,0
15m,1776762000.0,1.4427,1.443,1.439,1.4409,319341.04,0.0,0.0,0
15m,1776762900.0,1.4409,1.4447,1.4384,1.4385,449214.94,0.0,0.0,0
15m,1776763800.0,1.4385,1.4401,1.4376,1.4388,217898.19,0.0,0.0,0
15m,1776764700.0,1.4388,1.4415,1.4384,1.4415,226561.57,0.0,0.0,0
15m,1776765600.0,1.4415,1.4429,1.4409,1.4411,420305.95,0.0,0.0,0
15m,1776766500.0,1.4411,1.4415,1.4383,1.4396,258135.62,0.0,0.0,0
15m,1776767400.0,1.4396,1.442,1.4385,1.4417,380645.02,0.0,0.0,0
15m,1776768300.0,1.4417,1.4469,1.4408,1.4445,443125.1,0.0,0.0,0
15m,1776769200.0,1.4445,1.4448,1.4376,1.4393,736650.82,0.0,0.0,0
15m,1776770100.0,1.4393,1.4431,1.439,1.4415,726596.02,0.0,0.0,0
15m,1776771000.0,1.4415,1.4429,1.4397,1.4397,260660.57,0.0,0.0,0
15m,1776771900.0,1.4397,1.4404,1.4378,1.4395,148415.12,0.0,0.0,0
15m,1776772800.0,1.4395,1.4408,1.4351,1.4351,345639.26,0.0,0.0,0
15m,1776773700.0,1.4351,1.4379,1.4351,1.4378,141271.2,0.0,0.0,0
15m,1776774600.0,1.4378,1.4388,1.4267,1.4289,801792.08,0.0,0.0,0
15m,1776775500.0,1.4289,1.4335,1.4263,1.4324,369425.39,0.0,0.0,0
15m,1776776400.0,1.4324,1.4348,1.4312,1.4331,316333.52,0.0,0.0,0
15m,1776777300.0,1.4331,1.4344,1.432,1.4325,127856.98,0.0,0.0,0
15m,1776778200.0,1.4325,1.4357,1.4289,1.4331,434399.28,0.0,0.0,0
15m,1776779100.0,1.4331,1.4343,1.4313,1.433,133431.06,0.0,0.0,0
15m,1776780000.0,1.433,1.4342,1.4305,1.4313,187393.86,0.0,0.0,0
15m,1776780900.0,1.4313,1.4394,1.4313,1.4368,266164.6,0.0,0.0,0
15m,1776781800.0,1.4368,1.445,1.4366,1.4417,304705.41,0.0,0.0,0
15m,1776782700.0,1.4417,1.4422,1.4303,1.4317,287588.06,0.0,0.0,0
15m,1776783600.0,1.4317,1.4331,1.4274,1.4306,485350.35,0.0,0.0,0
15m,1776784500.0,1.4306,1.4335,1.4258,1.4285,286958.81,0.0,0.0,0
15m,1776785400.0,1.4285,1.4321,1.4258,1.4297,265218.01,0.0,0.0,0
15m,1776786300.0,1.4297,1.4328,1.4292,1.4323,206345.73,0.0,0.0,0
15m,1776787200.0,1.4323,1.4355,1.4303,1.4333,317181.69,0.0,0.0,0
15m,1776788100.0,1.4333,1.4353,1.4304,1.4307,183699.29,0.0,0.0,0
15m,1776789000.0,1.4307,1.436,1.4302,1.4309,381821.96,0.0,0.0,0
15m,1776789900.0,1.4309,1.433,1.4275,1.4286,105937.06,0.0,0.0,0
15m,1776790800.0,1.4286,1.4289,1.422,1.423,531400.74,0.0,0.0,0
15m,1776791700.0,1.423,1.4233,1.4137,1.4197,568267.13,0.0,0.0,0
15m,1776792600.0,1.4197,1.4309,1.418,1.4272,562609.74,0.0,0.0,0
15m,1776793500.0,1.4272,1.4279,1.4236,1.4243,237223.03,0.0,0.0,0
15m,1776794400.0,1.4243,1.4264,1.4237,1.4256,178816.18,0.0,0.0,0
15m,1776795300.0,1.4256,1.4269,1.4201,1.4206,292872.53,0.0,0.0,0
15m,1776796200.0,1.4206,1.4237,1.4204,1.4224,171248.71,0.0,0.0,0
15m,1776797100.0,1.4224,1.4272,1.4204,1.427,457304.99,0.0,0.0,0
15m,1776798000.0,1.427,1.4312,1.4254,1.4267,269166.6,0.0,0.0,0
15m,1776798900.0,1.4267,1.4318,1.425,1.4285,268582.21,0.0,0.0,0
15m,1776799800.0,1.4285,1.429,1.4117,1.4129,646766.64,0.0,0.0,0
15m,1776800700.0,1.4129,1.4174,1.412,1.4138,591928.89,0.0,0.0,0
15m,1776801600.0,1.4138,1.4257,1.4124,1.4245,1033355.54,0.0,0.0,0
15m,1776802500.0,1.4245,1.4274,1.4221,1.4251,277041.86,0.0,0.0,0
15m,1776803400.0,1.4251,1.4289,1.425,1.4257,101124.51,0.0,0.0,0
15m,1776804300.0,1.4257,1.4258,1.4234,1.4234,123718.08,0.0,0.0,0
15m,1776805200.0,1.4234,1.4247,1.4215,1.4235,189534.77,0.0,0.0,0
15m,1776806100.0,1.4235,1.4249,1.4221,1.4225,74118.81,0.0,0.0,0
15m,1776807000.0,1.4225,1.4245,1.4207,1.4207,90096.91,0.0,0.0,0
15m,1776807900.0,1.4207,1.4231,1.4205,1.4226,70300.67,0.0,0.0,0
15m,1776808800.0,1.4226,1.4236,1.4204,1.423,73677.07,0.0,0.0,0
15m,1776809700.0,1.423,1.4231,1.4172,1.4184,127202.22,0.0,0.0,0
15m,1776810600.0,1.4184,1.4214,1.4168,1.4214,164852.73,0.0,0.0,0
15m,1776811500.0,1.4214,1.4223,1.4201,1.4222,60151.13,0.0,0.0,0
15m,1776812400.0,1.4222,1.4264,1.4221,1.424,113711.32,0.0,0.0,0
15m,1776813300.0,1.424,1.4253,1.4233,1.4235,74188.39,0.0,0.0,0
15m,1776814200.0,1.4235,1.4289,1.4235,1.4287,139928.89,0.0,0.0,0
15m,1776815100.0,1.4287,1.4341,1.4286,1.4334,332061.89,0.0,0.0,0
15m,1776816000.0,1.4334,1.4343,1.4315,1.4322,268159.85,0.0,0.0,0
15m,1776816900.0,1.4322,1.4342,1.4308,1.432,538831.12,0.0,0.0,0
15m,1776817800.0,1.432,1.4323,1.4299,1.4302,601954.98,0.0,0.0,0
15m,1776818700.0,1.4302,1.432,1.4298,1.432,365310.8,0.0,0.0,0
15m,1776819600.0,1.432,1.4321,1.4289,1.4308,380242.66,0.0,0.0,0
15m,1776820500.0,1.4308,1.4308,1.4269,1.4273,335256.88,0.0,0.0,0
15m,1776821400.0,1.4273,1.4289,1.4268,1.428,105519.49,0.0,0.0,0
15m,1776822300.0,1.428,1.4301,1.4273,1.4289,85578.0,0.0,0.0,0
15m,1776823200.0,1.4289,1.4357,1.4265,1.4338,741734.17,0.0,0.0,0
15m,1776824100.0,1.4338,1.4442,1.4338,1.4437,916075.53,0.0,0.0,0
15m,1776825000.0,1.4437,1.4475,1.4419,1.4471,926777.45,0.0,0.0,0
15m,1776825900.0,1.4471,1.449,1.4437,1.4484,934347.78,0.0,0.0,0
15m,1776826800.0,1.4484,1.4503,1.4463,1.4476,724090.8,0.0,0.0,0
15m,1776827700.0,1.4476,1.4476,1.4437,1.4462,238917.85,0.0,0.0,0
15m,1776828600.0,1.4462,1.4468,1.4429,1.4441,122781.52,0.0,0.0,0
15m,1776829500.0,1.4441,1.445,1.4406,1.443,266895.23,0.0,0.0,0
15m,1776830400.0,1.443,1.4456,1.443,1.4434,161537.77,0.0,0.0,0
15m,1776831300.0,1.4434,1.4446,1.4414,1.4446,119941.33,0.0,0.0,0
15m,1776832200.0,1.4446,1.447,1.4435,1.445,127050.35,0.0,0.0,0
15m,1776833100.0,1.445,1.4453,1.4435,1.4445,85780.45,0.0,0.0,0
15m,1776834000.0,1.4445,1.447,1.443,1.4464,76175.35,0.0,0.0,0
15m,1776834900.0,1.4464,1.4598,1.4459,1.4591,1337474.12,0.0,0.0,0
15m,1776835800.0,1.4591,1.4607,1.4554,1.4573,663497.35,0.0,0.0,0
15m,1776836700.0,1.4573,1.4598,1.4544,1.4544,371568.67,0.0,0.0,0
15m,1776837600.0,1.4544,1.455,1.4528,1.4537,243743.61,0.0,0.0,0
15m,1776838500.0,1.4537,1.4545,1.452,1.4542,81109.11,0.0,0.0,0
15m,1776839400.0,1.4542,1.4553,1.4533,1.4546,488027.38,0.0,0.0,0
15m,1776840300.0,1.4546,1.4571,1.454,1.4567,342020.75,0.0,0.0,0
15m,1776841200.0,1.4567,1.4582,1.4562,1.4576,306180.89,0.0,0.0,0
15m,1776842100.0,1.4576,1.4576,1.4517,1.4519,586682.34,0.0,0.0,0
15m,1776843000.0,1.4519,1.4544,1.4513,1.4539,644263.27,0.0,0.0,0
15m,1776843900.0,1.4539,1.456,1.4534,1.4542,260058.93,0.0,0.0,0
15m,1776844800.0,1.4542,1.4554,1.4528,1.4543,175125.79,0.0,0.0,0
15m,1776845700.0,1.4543,1.4546,1.4515,1.4519,167738.82,0.0,0.0,0
15m,1776846600.0,1.4519,1.4524,1.45,1.4513,213708.17,0.0,0.0,0
15m,1776847500.0,1.4513,1.4539,1.4506,1.4525,125351.63,0.0,0.0,0
15m,1776848400.0,1.4525,1.4545,1.4511,1.4531,172365.61,0.0,0.0,0
15m,1776849300.0,1.4531,1.4541,1.4514,1.4537,64365.01,0.0,0.0,0
15m,1776850200.0,1.4537,1.4539,1.4511,1.4525,190877.33,0.0,0.0,0
15m,1776851100.0,1.4525,1.4529,1.4497,1.4514,336897.88,0.0,0.0,0
15m,1776852000.0,1.4514,1.4523,1.4487,1.4493,294355.9,0.0,0.0,0
15m,1776852900.0,1.4493,1.45,1.4486,1.4499,385248.4,0.0,0.0,0
15m,1776853800.0,1.4499,1.4525,1.4497,1.4512,399110.53,0.0,0.0,0
15m,1776854700.0,1.4512,1.4515,1.4501,1.4506,155783.82,0.0,0.0,0
15m,1776855600.0,1.4506,1.4524,1.449,1.4502,228176.71,0.0,0.0,0
15m,1776856500.0,1.4502,1.4515,1.4499,1.4507,251461.01,0.0,0.0,0
15m,1776857400.0,1.4507,1.4539,1.4506,1.452,376564.18,0.0,0.0,0
15m,1776858300.0,1.452,1.4547,1.4503,1.4544,437196.6,0.0,0.0,0
15m,1776859200.0,1.4544,1.4554,1.4528,1.4548,293094.53,0.0,0.0,0
15m,1776860100.0,1.4548,1.455,1.4506,1.4507,509290.43,0.0,0.0,0
15m,1776861000.0,1.4507,1.4515,1.4472,1.4483,477719.6,0.0,0.0,0
15m,1776861900.0,1.4483,1.4524,1.4483,1.4507,215871.62,0.0,0.0,0
15m,1776862800.0,1.4507,1.4551,1.4478,1.4533,447180.52,0.0,0.0,0
15m,1776863700.0,1.4533,1.4559,1.453,1.4534,292146.4,0.0,0.0,0
15m,1776864600.0,1.4534,1.4578,1.4511,1.4578,534801.17,0.0,0.0,0
15m,1776865500.0,1.4578,1.4611,1.456,1.4589,497992.43,0.0,0.0,0
15m,1776866400.0,1.4589,1.4632,1.4544,1.4615,712645.15,0.0,0.0,0
15m,1776867300.0,1.4615,1.4618,1.4568,1.4585,322984.28,0.0,0.0,0
15m,1776868200.0,1.4585,1.4589,1.4521,1.4524,605767.02,0.0,0.0,0
15m,1776869100.0,1.4524,1.4581,1.4521,1.4576,244647.52,0.0,0.0,0
15m,1776870000.0,1.4576,1.4584,1.4529,1.4541,230062.95,0.0,0.0,0
15m,1776870900.0,1.4541,1.4569,1.4527,1.4541,413966.2,0.0,0.0,0
15m,1776871800.0,1.4541,1.4575,1.4517,1.4561,456355.1,0.0,0.0,0
15m,1776872700.0,1.4561,1.4604,1.456,1.4563,241983.92,0.0,0.0,0
15m,1776873600.0,1.4563,1.4589,1.4533,1.4543,293616.57,0.0,0.0,0
15m,1776874500.0,1.4543,1.4544,1.447,1.4479,522641.66,0.0,0.0,0
15m,1776875400.0,1.4479,1.4495,1.4463,1.4479,439329.99,0.0,0.0,0
15m,1776876300.0,1.4479,1.4494,1.446,1.447,265347.47,0.0,0.0,0
15m,1776877200.0,1.447,1.4521,1.4469,1.4504,219664.7,0.0,0.0,0
15m,1776878100.0,1.4504,1.4507,1.4457,1.4475,281217.02,0.0,0.0,0
15m,1776879000.0,1.4475,1.4492,1.446,1.4476,447021.28,0.0,0.0,0
15m,1776879900.0,1.4476,1.451,1.4457,1.4492,162969.19,0.0,0.0,0
15m,1776880800.0,1.4492,1.4529,1.4492,1.4526,133282.85,0.0,0.0,0
15m,1776881700.0,1.4526,1.4528,1.451,1.451,74607.43,0.0,0.0,0
15m,1776882600.0,1.451,1.4511,1.4487,1.4487,107003.5,0.0,0.0,0
15m,1776883500.0,1.4487,1.4514,1.4478,1.4479,79217.66,0.0,0.0,0
15m,1776884400.0,1.4479,1.4481,1.4427,1.4445,308031.8,0.0,0.0,0
15m,1776885300.0,1.4445,1.4475,1.444,1.446,168969.75,0.0,0.0,0
15m,1776886200.0,1.446,1.4462,1.4374,1.4411,380271.1,0.0,0.0,0
15m,1776887100.0,1.4411,1.4427,1.44,1.4414,182581.28,0.0,0.0,0
15m,1776888000.0,1.4414,1.4429,1.4386,1.4386,289632.85,0.0,0.0,0
15m,1776888900.0,1.4386,1.4386,1.434,1.4378,395680.98,0.0,0.0,0
15m,1776889800.0,1.4378,1.4389,1.4365,1.4377,125416.83,0.0,0.0,0
15m,1776890700.0,1.4377,1.438,1.436,1.437,211829.41,0.0,0.0,0
15m,1776891600.0,1.437,1.4398,1.437,1.4389,202339.16,0.0,0.0,0
15m,1776892500.0,1.4389,1.4399,1.4381,1.4397,82014.18,0.0,0.0,0
15m,1776893400.0,1.4397,1.4415,1.4397,1.4411,113101.37,0.0,0.0,0
15m,1776894300.0,1.4411,1.4417,1.4403,1.4416,67651.04,0.0,0.0,0
15m,1776895200.0,1.4416,1.4418,1.4397,1.44,124959.1,0.0,0.0,0
15m,1776896100.0,1.44,1.4401,1.4368,1.4371,169492.21,0.0,0.0,0
15m,1776897000.0,1.4371,1.4382,1.4361,1.4369,168919.33,0.0,0.0,0
15m,1776897900.0,1.4369,1.4381,1.4354,1.438,152798.67,0.0,0.0,0
15m,1776898800.0,1.438,1.4381,1.4352,1.4362,210390.91,0.0,0.0,0
15m,1776899700.0,1.4362,1.4369,1.4303,1.4328,766076.38,0.0,0.0,0
15m,1776900600.0,1.4328,1.433,1.4292,1.4301,303724.71,0.0,0.0,0
15m,1776901500.0,1.4301,1.4312,1.4289,1.4294,266521.84,0.0,0.0,0
15m,1776902400.0,1.4294,1.4307,1.4224,1.4228,634757.12,0.0,0.0,0
15m,1776903300.0,1.4228,1.4314,1.4169,1.4284,1280428.21,0.0,0.0,0
15m,1776904200.0,1.4284,1.4313,1.4267,1.4287,172855.4,0.0,0.0,0
15m,1776905100.0,1.4287,1.43,1.4265,1.4291,206502.65,0.0,0.0,0
15m,1776906000.0,1.4291,1.4296,1.4256,1.426,202688.49,0.0,0.0,0
15m,1776906900.0,1.426,1.4268,1.4216,1.4216,310050.12,0.0,0.0,0
15m,1776907800.0,1.4216,1.4272,1.4209,1.4257,249615.79,0.0,0.0,0
15m,1776908700.0,1.4257,1.4276,1.4251,1.4259,168022.71,0.0,0.0,0
15m,1776909600.0,1.4259,1.426,1.423,1.423,328300.74,0.0,0.0,0
15m,1776910500.0,1.423,1.4248,1.4184,1.4195,533251.06,0.0,0.0,0
15m,1776911400.0,1.4195,1.4197,1.4153,1.4172,818298.42,0.0,0.0,0
15m,1776912300.0,1.4172,1.4202,1.4166,1.4191,214615.3,0.0,0.0,0
15m,1776913200.0,1.4191,1.4221,1.4157,1.4158,285990.08,0.0,0.0,0
15m,1776914100.0,1.4158,1.4165,1.4143,1.4151,243760.4,0.0,0.0,0
15m,1776915000.0,1.4151,1.4151,1.4115,1.4144,544789.91,0.0,0.0,0
15m,1776915900.0,1.4144,1.4161,1.4131,1.4161,296269.69,0.0,0.0,0
15m,1776916800.0,1.4161,1.4189,1.4152,1.4184,123967.32,0.0,0.0,0
15m,1776917700.0,1.4184,1.4184,1.4161,1.4167,315387.42,0.0,0.0,0
15m,1776918600.0,1.4167,1.4193,1.4167,1.4174,186007.05,0.0,0.0,0
15m,1776919500.0,1.4174,1.4183,1.4165,1.4178,191405.45,0.0,0.0,0
15m,1776920400.0,1.4178,1.42,1.4176,1.4189,188669.42,0.0,0.0,0
15m,1776921300.0,1.4189,1.4189,1.4173,1.4174,302803.89,0.0,0.0,0
15m,1776922200.0,1.4174,1.4176,1.4149,1.4176,247009.73,0.0,0.0,0
15m,1776923100.0,1.4176,1.4205,1.4174,1.4195,248655.22,0.0,0.0,0
15m,1776924000.0,1.4195,1.4236,1.4195,1.4227,329019.29,0.0,0.0,0
15m,1776924900.0,1.4227,1.4247,1.4221,1.424,297145.92,0.0,0.0,0
15m,1776925800.0,1.424,1.425,1.4225,1.4228,213390.65,0.0,0.0,0
15m,1776926700.0,1.4228,1.4239,1.4211,1.4237,167886.45,0.0,0.0,0
15m,1776927600.0,1.4237,1.4239,1.4215,1.4216,245112.06,0.0,0.0,0
15m,1776928500.0,1.4216,1.4231,1.421,1.4222,391725.17,0.0,0.0,0
15m,1776929400.0,1.4222,1.4229,1.4208,1.4228,369451.36,0.0,0.0,0
15m,1776930300.0,1.4228,1.4232,1.4199,1.4208,464078.49,0.0,0.0,0
15m,1776931200.0,1.4208,1.4213,1.418,1.4196,173790.98,0.0,0.0,0
15m,1776932100.0,1.4196,1.4201,1.4167,1.4175,170649.77,0.0,0.0,0
15m,1776933000.0,1.4175,1.4179,1.4152,1.4152,116119.5,0.0,0.0,0
15m,1776933900.0,1.4152,1.4186,1.4152,1.4181,350124.81,0.0,0.0,0
15m,1776934800.0,1.4181,1.4186,1.412,1.4134,402422.22,0.0,0.0,0
15m,1776935700.0,1.4134,1.4166,1.4134,1.4154,133960.28,0.0,0.0,0
15m,1776936600.0,1.4154,1.4162,1.4148,1.4158,143720.35,0.0,0.0,0
15m,1776937500.0,1.4158,1.4159,1.4123,1.4148,440805.38,0.0,0.0,0
15m,1776938400.0,1.4148,1.4159,1.409,1.4091,732237.77,0.0,0.0,0
15m,1776939300.0,1.4091,1.4112,1.4091,1.4109,202123.15,0.0,0.0,0
15m,1776940200.0,1.4109,1.4116,1.4099,1.4103,247597.25,0.0,0.0,0
15m,1776941100.0,1.4103,1.4113,1.409,1.4106,279436.45,0.0,0.0,0
15m,1776942000.0,1.4106,1.4126,1.4106,1.4122,107895.0,0.0,0.0,0
15m,1776942900.0,1.4122,1.4137,1.4114,1.413,294222.59,0.0,0.0,0
15m,1776943800.0,1.413,1.4147,1.4121,1.4147,99024.65,0.0,0.0,0
15m,1776944700.0,1.4147,1.4175,1.4146,1.4164,125724.76,0.0,0.0,0
15m,1776945600.0,1.4164,1.4189,1.4156,1.4179,268902.07,0.0,0.0,0
15m,1776946500.0,1.4179,1.4179,1.4154,1.4175,300166.84,0.0,0.0,0
15m,1776947400.0,1.4175,1.4206,1.4174,1.4192,189066.09,0.0,0.0,0
15m,1776948300.0,1.4192,1.4202,1.4148,1.4185,476212.4,0.0,0.0,0
15m,1776949200.0,1.4185,1.4197,1.4158,1.4163,225699.4,0.0,0.0,0
15m,1776950100.0,1.4163,1.4173,1.4146,1.4153,142294.9,0.0,0.0,0
15m,1776951000.0,1.4153,1.4173,1.4148,1.416,357686.74,0.0,0.0,0
15m,1776951900.0,1.416,1.4188,1.4141,1.416,668144.06,0.0,0.0,0
15m,1776952800.0,1.416,1.4177,1.4139,1.4161,197808.95,0.0,0.0,0
15m,1776953700.0,1.4161,1.4209,1.4156,1.4183,171082.88,0.0,0.0,0
15m,1776954600.0,1.4183,1.4267,1.4183,1.4251,495152.68,0.0,0.0,0
15m,1776955500.0,1.4251,1.43,1.4249,1.43,425853.11,0.0,0.0,0
15m,1776956400.0,1.43,1.4309,1.4262,1.4263,246330.43,0.0,0.0,0
15m,1776957300.0,1.4263,1.4368,1.4255,1.4324,404529.58,0.0,0.0,0
15m,1776958200.0,1.4324,1.434,1.431,1.4322,217026.2,0.0,0.0,0
15m,1776959100.0,1.4322,1.4328,1.4297,1.4315,398946.13,0.0,0.0,0
15m,1776960000.0,1.4315,1.4327,1.429,1.4292,272818.01,0.0,0.0,0
15m,1776960900.0,1.4292,1.4327,1.4286,1.4303,363153.95,0.0,0.0,0
15m,1776961800.0,1.4303,1.4328,1.4299,1.4312,515262.06,0.0,0.0,0
15m,1776962700.0,1.4312,1.4332,1.4279,1.4299,478662.28,0.0,0.0,0
15m,1776963600.0,1.4299,1.4332,1.4262,1.4331,1063837.2,0.0,0.0,0
15m,1776964500.0,1.4331,1.4364,1.4298,1.43,545560.55,0.0,0.0,0
15m,1776965400.0,1.43,1.4367,1.4224,1.4243,905261.52,0.0,0.0,0
15m,1776966300.0,1.4243,1.4365,1.4211,1.435,947684.48,0.0,0.0,0
15m,1776967200.0,1.435,1.4406,1.4325,1.4376,538790.28,0.0,0.0,0
15m,1776968100.0,1.4376,1.4408,1.4331,1.4341,299322.56,0.0,0.0,0
15m,1776969000.0,1.4341,1.44,1.4341,1.4389,187295.11,0.0,0.0,0
15m,1776969900.0,1.4389,1.439,1.4312,1.4312,282685.42,0.0,0.0,0
15m,1776970800.0,1.4312,1.4326,1.4277,1.4303,209578.86,0.0,0.0,0
15m,1776971700.0,1.4303,1.4337,1.4303,1.4318,195127.47,0.0,0.0,0
15m,1776972600.0,1.4318,1.4328,1.4268,1.4289,99955.08,0.0,0.0,0
15m,1776973500.0,1.4289,1.433,1.4278,1.4294,230640.5,0.0,0.0,0
15m,1776974400.0,1.4294,1.4348,1.4291,1.4301,169980.35,0.0,0.0,0
15m,1776975300.0,1.4301,1.4331,1.4278,1.4318,213527.26,0.0,0.0,0
15m,1776976200.0,1.4318,1.4369,1.431,1.4365,205263.21,0.0,0.0,0
15m,1776977100.0,1.4365,1.4372,1.4321,1.4331,122782.14,0.0,0.0,0
15m,1776978000.0,1.4331,1.4346,1.431,1.4314,91866.68,0.0,0.0,0
15m,1776978900.0,1.4314,1.4337,1.4308,1.4337,22550.64,0.0,0.0,0
15m,1776979800.0,1.4337,1.4379,1.4337,1.4374,117519.57,0.0,0.0,0
15m,1776980700.0,1.4374,1.4379,1.4332,1.4334,98069.08,0.0,0.0,0
15m,1776981600.0,1.4334,1.4371,1.4332,1.4358,178551.34,0.0,0.0,0
15m,1776982500.0,1.4358,1.4388,1.4352,1.437,199015.18,0.0,0.0,0
15m,1776983400.0,1.437,1.4385,1.4368,1.4381,83771.92,0.0,0.0,0
15m,1776984300.0,1.4381,1.4392,1.436,1.4361,98180.77,0.0,0.0,0
15m,1776985200.0,1.4361,1.4372,1.4331,1.4336,185691.24,0.0,0.0,0
15m,1776986100.0,1.4336,1.4357,1.4323,1.4347,147875.12,0.0,0.0,0
15m,1776987000.0,1.4347,1.4377,1.4347,1.4375,82205.31,0.0,0.0,0
15m,1776987900.0,1.4375,1.4402,1.4375,1.4385,209323.59,0.0,0.0,0
15m,1776988800.0,1.4385,1.4402,1.4377,1.4379,241385.43,0.0,0.0,0
15m,1776989700.0,1.4379,1.4405,1.4379,1.4389,250189.31,0.0,0.0,0
15m,1776990600.0,1.4389,1.4403,1.4388,1.4388,351215.08,0.0,0.0,0
15m,1776991500.0,1.4388,1.4404,1.4388,1.4404,173743.24,0.0,0.0,0
15m,1776992400.0,1.4404,1.4405,1.4352,1.4361,248676.54,0.0,0.0,0
15m,1776993300.0,1.4361,1.4364,1.4336,1.4336,150104.31,0.0,0.0,0
15m,1776994200.0,1.4336,1.4373,1.4321,1.4361,127745.11,0.0,0.0,0
15m,1776995100.0,1.4361,1.4447,1.4361,1.4442,425511.95,0.0,0.0,0
15m,1776996000.0,1.4442,1.4454,1.4404,1.4412,250111.84,0.0,0.0,0
15m,1776996900.0,1.4412,1.4421,1.4379,1.438,84920.94,0.0,0.0,0
15m,1776997800.0,1.438,1.4405,1.4377,1.4395,137672.01,0.0,0.0,0
15m,1776998700.0,1.4395,1.4413,1.4366,1.4374,200748.66,0.0,0.0,0
15m,1776999600.0,1.4374,1.4388,1.4359,1.4373,168868.02,0.0,0.0,0
15m,1777000500.0,1.4373,1.4374,1.4305,1.4314,225184.34,0.0,0.0,0
15m,1777001400.0,1.4314,1.4317,1.4283,1.4292,270957.41,0.0,0.0,0
15m,1777002300.0,1.4292,1.4311,1.4287,1.4306,278446.63,0.0,0.0,0
15m,1777003200.0,1.4306,1.4308,1.4284,1.4293,201736.61,0.0,0.0,0
15m,1777004100.0,1.4293,1.4307,1.4245,1.4272,565499.43,0.0,0.0,0
15m,1777005000.0,1.4272,1.4296,1.4257,1.4284,112877.33,0.0,0.0,0
15m,1777005900.0,1.4284,1.4306,1.4284,1.4289,57336.71,0.0,0.0,0
15m,1777006800.0,1.4289,1.4289,1.4266,1.4268,102889.47,0.0,0.0,0
15m,1777007700.0,1.4268,1.4286,1.4257,1.428,133815.02,0.0,0.0,0
15m,1777008600.0,1.428,1.43,1.428,1.4293,64537.36,0.0,0.0,0
15m,1777009500.0,1.4293,1.4336,1.4293,1.4327,196148.25,0.0,0.0,0
15m,1777010400.0,1.4327,1.4332,1.4298,1.4318,311727.21,0.0,0.0,0
15m,1777011300.0,1.4318,1.4324,1.4309,1.432,163071.11,0.0,0.0,0
15m,1777012200.0,1.432,1.4325,1.4301,1.4301,135398.22,0.0,0.0,0
15m,1777013100.0,1.4301,1.432,1.4299,1.4299,55627.92,0.0,0.0,0
15m,1777014000.0,1.4299,1.4327,1.4294,1.4309,107012.76,0.0,0.0,0
15m,1777014900.0,1.4309,1.4309,1.4283,1.4292,102255.11,0.0,0.0,0
15m,1777015800.0,1.4292,1.4305,1.4285,1.4294,166304.77,0.0,0.0,0
15m,1777016700.0,1.4294,1.4324,1.4294,1.4324,118718.49,0.0,0.0,0
15m,1777017600.0,1.4324,1.4329,1.4308,1.431,94025.62,0.0,0.0,0
15m,1777018500.0,1.431,1.4362,1.431,1.4347,225550.85,0.0,0.0,0
15m,1777019400.0,1.4347,1.4349,1.4298,1.4299,163567.42,0.0,0.0,0
15m,1777020300.0,1.4299,1.4324,1.4298,1.4314,113060.5,0.0,0.0,0
15m,1777021200.0,1.4314,1.4317,1.4252,1.4261,369893.16,0.0,0.0,0
15m,1777022100.0,1.4261,1.4278,1.4252,1.4255,214757.88,0.0,0.0,0
15m,1777023000.0,1.4255,1.4276,1.4253,1.4276,343697.68,0.0,0.0,0
15m,1777023900.0,1.4276,1.4276,1.4247,1.4256,288053.51,0.0,0.0,0
15m,1777024800.0,1.4256,1.4256,1.4235,1.4245,647515.55,0.0,0.0,0
15m,1777025700.0,1.4245,1.4295,1.4244,1.429,484673.44,0.0,0.0,0
15m,1777026600.0,1.429,1.4292,1.4271,1.4283,209470.27,0.0,0.0,0
15m,1777027500.0,1.4283,1.4325,1.4275,1.4314,215796.37,0.0,0.0,0
15m,1777028400.0,1.4314,1.439,1.4313,1.4367,767851.56,0.0,0.0,0
15m,1777029300.0,1.4367,1.4394,1.4353,1.4394,478788.38,0.0,0.0,0
15m,1777030200.0,1.4394,1.44,1.4377,1.4384,402308.95,0.0,0.0,0
15m,1777031100.0,1.4384,1.4384,1.4361,1.4381,549894.56,0.0,0.0,0
15m,1777032000.0,1.4381,1.4408,1.4368,1.4402,388537.61,0.0,0.0,0
15m,1777032900.0,1.4402,1.4403,1.435,1.4362,583773.34,0.0,0.0,0
15m,1777033800.0,1.4362,1.4364,1.4339,1.4346,499988.41,0.0,0.0,0
15m,1777034700.0,1.4346,1.4363,1.4325,1.4344,476010.13,0.0,0.0,0
15m,1777035600.0,1.4344,1.4439,1.4344,1.441,687795.84,0.0,0.0,0
15m,1777036500.0,1.441,1.4425,1.4372,1.439,243864.55,0.0,0.0,0
15m,1777037400.0,1.439,1.4395,1.4347,1.4377,455389.23,0.0,0.0,0
15m,1777038300.0,1.4377,1.4381,1.4334,1.4355,443837.41,0.0,0.0,0
15m,1777039200.0,1.4355,1.4366,1.4316,1.4322,649015.42,0.0,0.0,0
15m,1777040100.0,1.4322,1.4355,1.4284,1.4295,520174.71,0.0,0.0,0
15m,1777041000.0,1.4295,1.4391,1.4295,1.4367,981285.9,0.0,0.0,0
15m,1777041900.0,1.4367,1.4385,1.4335,1.4338,773900.73,0.0,0.0,0
15m,1777042800.0,1.4338,1.4346,1.4289,1.432,516522.64,0.0,0.0,0
15m,1777043700.0,1.432,1.4378,1.4302,1.4377,379299.6,0.0,0.0,0
15m,1777044600.0,1.4377,1.4441,1.4374,1.4429,301526.57,0.0,0.0,0
15m,1777045500.0,1.4429,1.448,1.4429,1.4477,513809.79,0.0,0.0,0
15m,1777046400.0,1.4477,1.4503,1.4429,1.4433,820892.73,0.0,0.0,0
15m,1777047300.0,1.4433,1.4434,1.4404,1.4423,600657.17,0.0,0.0,0
15m,1777048200.0,1.4423,1.4435,1.4376,1.4396,752832.54,0.0,0.0,0
15m,1777049100.0,1.4396,1.4414,1.4379,1.4402,489537.58,0.0,0.0,0
15m,1777050000.0,1.4402,1.4425,1.4398,1.4416,272758.4,0.0,0.0,0
15m,1777050900.0,1.4416,1.4416,1.438,1.4401,113267.18,0.0,0.0,0
15m,1777051800.0,1.4401,1.4401,1.4357,1.438,120200.44,0.0,0.0,0
15m,1777052700.0,1.438,1.4426,1.437,1.441,199361.08,0.0,0.0,0
15m,1777053600.0,1.441,1.4417,1.4372,1.4372,100212.33,0.0,0.0,0
15m,1777054500.0,1.4372,1.4378,1.4336,1.4367,93133.35,0.0,0.0,0
15m,1777055400.0,1.4367,1.4395,1.4367,1.4388,55680.02,0.0,0.0,0
15m,1777056300.0,1.4388,1.4392,1.4375,1.4387,98707.52,0.0,0.0,0
15m,1777057200.0,1.4387,1.4422,1.4381,1.4382,82267.52,0.0,0.0,0
15m,1777058100.0,1.4382,1.4394,1.4369,1.4371,72057.64,0.0,0.0,0
15m,1777059000.0,1.4371,1.4405,1.4365,1.4395,72110.93,0.0,0.0,0
15m,1777059900.0,1.4395,1.441,1.4388,1.4389,125705.43,0.0,0.0,0
15m,1777060800.0,1.4389,1.4394,1.4371,1.4375,124655.43,0.0,0.0,0
15m,1777061700.0,1.4375,1.4379,1.4347,1.4361,94790.62,0.0,0.0,0
15m,1777062600.0,1.4361,1.441,1.4359,1.4393,87919.76,0.0,0.0,0
15m,1777063500.0,1.4393,1.4418,1.4393,1.4403,51559.81,0.0,0.0,0
15m,1777064400.0,1.4403,1.443,1.438,1.438,156653.9,0.0,0.0,0
15m,1777065300.0,1.438,1.439,1.4375,1.4378,90760.02,0.0,0.0,0
15m,1777066200.0,1.4378,1.4388,1.4367,1.4382,227574.14,0.0,0.0,0
15m,1777067100.0,1.4382,1.439,1.4369,1.4375,142493.77,0.0,0.0,0
15m,1777068000.0,1.4375,1.4381,1.4365,1.4372,72696.08,0.0,0.0,0
15m,1777068900.0,1.4372,1.4374,1.4357,1.4358,66206.35,0.0,0.0,0
15m,1777069800.0,1.4358,1.4358,1.4295,1.4318,269538.2,0.0,0.0,0
15m,1777070700.0,1.4318,1.433,1.4303,1.4313,170363.28,0.0,0.0,0
15m,1777071600.0,1.4313,1.4334,1.4313,1.4331,49255.67,0.0,0.0,0
15m,1777072500.0,1.4331,1.4336,1.4323,1.4328,43095.88,0.0,0.0,0
15m,1777073400.0,1.4328,1.4336,1.4317,1.432,88733.09,0.0,0.0,0
15m,1777074300.0,1.432,1.4337,1.4317,1.4331,223730.39,0.0,0.0,0
15m,1777075200.0,1.4331,1.4343,1.4322,1.4327,126413.89,0.0,0.0,0
15m,1777076100.0,1.4327,1.4338,1.4323,1.4323,51955.55,0.0,0.0,0
15m,1777077000.0,1.4323,1.4338,1.4319,1.432,56925.31,0.0,0.0,0
15m,1777077900.0,1.432,1.4336,1.4316,1.4333,51901.44,0.0,0.0,0
15m,1777078800.0,1.4333,1.4345,1.4332,1.4344,110994.63,0.0,0.0,0
15m,1777079700.0,1.4344,1.436,1.4334,1.4352,167720.41,0.0,0.0,0
15m,1777080600.0,1.4352,1.4366,1.4346,1.4358,75699.55,0.0,0.0,0
15m,1777081500.0,1.4358,1.437,1.4358,1.4359,16771.63,0.0,0.0,0
15m,1777082400.0,1.4359,1.4371,1.4347,1.4356,101249.11,0.0,0.0,0
15m,1777083300.0,1.4356,1.4373,1.4347,1.4368,52777.31,0.0,0.0,0
15m,1777084200.0,1.4368,1.4375,1.4337,1.4339,131469.17,0.0,0.0,0
15m,1777085100.0,1.4339,1.4341,1.4333,1.4336,130239.75,0.0,0.0,0
15m,1777086000.0,1.4336,1.4353,1.4329,1.4339,228376.73,0.0,0.0,0
15m,1777086900.0,1.4339,1.4348,1.4329,1.4333,161264.02,0.0,0.0,0
15m,1777087800.0,1.4333,1.4355,1.4331,1.4351,80679.25,0.0,0.0,0
15m,1777088700.0,1.4351,1.437,1.4351,1.4367,73207.81,0.0,0.0,0
15m,1777089600.0,1.4367,1.4371,1.4357,1.4363,47917.41,0.0,0.0,0
15m,1777090500.0,1.4363,1.4365,1.4351,1.4352,36086.68,0.0,0.0,0
15m,1777091400.0,1.4352,1.4352,1.4336,1.4338,47138.07,0.0,0.0,0
15m,1777092300.0,1.4338,1.4345,1.4337,1.434,40816.83,0.0,0.0,0
15m,1777093200.0,1.434,1.434,1.4317,1.432,69241.4,0.0,0.0,0
15m,1777094100.0,1.432,1.4332,1.4315,1.4324,61677.02,0.0,0.0,0
15m,1777095000.0,1.4324,1.4337,1.4323,1.433,26000.73,0.0,0.0,0
15m,1777095900.0,1.433,1.4338,1.4319,1.4324,65945.57,0.0,0.0,0
15m,1777096800.0,1.4324,1.434,1.4324,1.4335,28841.96,0.0,0.0,0
15m,1777097700.0,1.4335,1.4335,1.4311,1.4318,65257.55,0.0,0.0,0
15m,1777098600.0,1.4318,1.4337,1.4318,1.4333,42970.66,0.0,0.0,0
15m,1777099500.0,1.4333,1.435,1.4329,1.4329,56548.07,0.0,0.0,0
15m,1777100400.0,1.4329,1.4329,1.4311,1.4323,51654.48,0.0,0.0,0
15m,1777101300.0,1.4323,1.4333,1.4321,1.4333,34522.51,0.0,0.0,0
15m,1777102200.0,1.4333,1.4351,1.4332,1.434,77253.14,0.0,0.0,0
15m,1777103100.0,1.434,1.4348,1.4333,1.4335,35139.64,0.0,0.0,0
15m,1777104000.0,1.4335,1.4336,1.4325,1.4328,64076.36,0.0,0.0,0
15m,1777104900.0,1.4328,1.4343,1.4324,1.4342,94440.69,0.0,0.0,0
15m,1777105800.0,1.4342,1.4351,1.4339,1.4347,97379.53,0.0,0.0,0
15m,1777106700.0,1.4347,1.435,1.4344,1.4346,18664.33,0.0,0.0,0
15m,1777107600.0,1.4346,1.4348,1.4337,1.434,64015.6,0.0,0.0,0
15m,1777108500.0,1.434,1.4345,1.4332,1.4332,141862.19,0.0,0.0,0
15m,1777109400.0,1.4332,1.4365,1.4332,1.4359,49330.2,0.0,0.0,0
15m,1777110300.0,1.4359,1.4369,1.4355,1.4355,67912.32,0.0,0.0,0
15m,1777111200.0,1.4355,1.436,1.4349,1.435,21492.2,0.0,0.0,0
15m,1777112100.0,1.435,1.4366,1.4348,1.4356,19573.7,0.0,0.0,0
15m,1777113000.0,1.4356,1.4365,1.4349,1.4352,41684.19,0.0,0.0,0
15m,1777113900.0,1.4352,1.4357,1.4352,1.4356,31714.62,0.0,0.0,0
15m,1777114800.0,1.4356,1.4356,1.4331,1.4331,94715.43,0.0,0.0,0
15m,1777115700.0,1.4331,1.4332,1.4305,1.4313,135002.54,0.0,0.0,0
15m,1777116600.0,1.4313,1.4315,1.4307,1.4307,75943.35,0.0,0.0,0
15m,1777117500.0,1.4307,1.4312,1.4296,1.4307,166429.77,0.0,0.0,0
15m,1777118400.0,1.4307,1.4309,1.4288,1.4307,108261.76,0.0,0.0,0
15m,1777119300.0,1.4307,1.4316,1.43,1.4301,60044.02,0.0,0.0,0
15m,1777120200.0,1.4301,1.4305,1.4284,1.4289,117511.26,0.0,0.0,0
15m,1777121100.0,1.4289,1.4306,1.4289,1.4293,66211.27,0.0,0.0,0
15m,1777122000.0,1.4293,1.4301,1.4287,1.4301,41639.9,0.0,0.0,0
15m,1777122900.0,1.4301,1.4315,1.4294,1.431,64679.63,0.0,0.0,0
15m,1777123800.0,1.431,1.4323,1.4307,1.4321,35687.58,0.0,0.0,0
15m,1777124700.0,1.4321,1.4321,1.4309,1.431,38438.37,0.0,0.0,0
15m,1777125600.0,1.431,1.4314,1.4294,1.4302,47601.81,0.0,0.0,0
15m,1777126500.0,1.4302,1.4309,1.4292,1.4306,32993.81,0.0,0.0,0
15m,1777127400.0,1.4306,1.4316,1.4305,1.4308,85094.65,0.0,0.0,0
15m,1777128300.0,1.4308,1.4311,1.4291,1.4293,47696.8,0.0,0.0,0
15m,1777129200.0,1.4293,1.4308,1.4288,1.4303,51683.63,0.0,0.0,0
15m,1777130100.0,1.4303,1.4312,1.4302,1.431,13809.46,0.0,0.0,0
15m,1777131000.0,1.431,1.4313,1.4302,1.4307,41799.28,0.0,0.0,0
15m,1777131900.0,1.4307,1.4307,1.4245,1.4258,249750.93,0.0,0.0,0
15m,1777132800.0,1.4258,1.428,1.4252,1.4277,119239.42,0.0,0.0,0
15m,1777133700.0,1.4277,1.4279,1.4249,1.4262,62510.02,0.0,0.0,0
15m,1777134600.0,1.4262,1.4263,1.4205,1.4235,190417.8,0.0,0.0,0
15m,1777135500.0,1.4235,1.4248,1.4229,1.4243,89828.39,0.0,0.0,0
15m,1777136400.0,1.4243,1.4249,1.4231,1.4231,124399.32,0.0,0.0,0
15m,1777137300.0,1.4231,1.4245,1.4204,1.4207,114495.4,0.0,0.0,0
15m,1777138200.0,1.4207,1.421,1.4193,1.4205,134550.8,0.0,0.0,0
15m,1777139100.0,1.4205,1.4212,1.4197,1.4202,81446.05,0.0,0.0,0
15m,1777140000.0,1.4202,1.4217,1.4196,1.4206,57044.09,0.0,0.0,0
15m,1777140900.0,1.4206,1.4218,1.4206,1.4218,94501.65,0.0,0.0,0
15m,1777141800.0,1.4218,1.4228,1.4218,1.4219,71049.68,0.0,0.0,0
15m,1777142700.0,1.4219,1.4227,1.4213,1.4213,68381.33,0.0,0.0,0
15m,1777143600.0,1.4213,1.4215,1.4198,1.4206,76874.9,0.0,0.0,0
15m,1777144500.0,1.4206,1.4215,1.4194,1.4194,50219.2,0.0,0.0,0
15m,1777145400.0,1.4194,1.4199,1.4192,1.4195,71105.05,0.0,0.0,0
15m,1777146300.0,1.4195,1.421,1.4193,1.4205,65534.25,0.0,0.0,0
15m,1777147200.0,1.4205,1.4209,1.4189,1.42,80994.06,0.0,0.0,0
15m,1777148100.0,1.42,1.4211,1.42,1.4211,66569.55,0.0,0.0,0
15m,1777149000.0,1.4211,1.4212,1.4208,1.4208,19731.47,0.0,0.0,0
15m,1777149900.0,1.4208,1.4224,1.4207,1.4222,62867.64,0.0,0.0,0
15m,1777150800.0,1.4222,1.4236,1.4222,1.4228,131466.63,0.0,0.0,0
15m,1777151700.0,1.4228,1.4232,1.4221,1.4226,54164.15,0.0,0.0,0
15m,1777152600.0,1.4226,1.4227,1.422,1.4225,98866.86,0.0,0.0,0
15m,1777153500.0,1.4225,1.4231,1.4221,1.4227,72603.98,0.0,0.0,0
15m,1777154400.0,1.4227,1.4235,1.4223,1.4228,73867.51,0.0,0.0,0
15m,1777155300.0,1.4228,1.4238,1.4226,1.4235,57797.1,0.0,0.0,0
15m,1777156200.0,1.4235,1.4258,1.4235,1.4255,172281.19,0.0,0.0,0
15m,1777157100.0,1.4255,1.4255,1.4233,1.4235,112795.43,0.0,0.0,0
15m,1777158000.0,1.4235,1.4239,1.4227,1.4236,32389.13,0.0,0.0,0
15m,1777158900.0,1.4236,1.4239,1.4229,1.4234,24780.86,0.0,0.0,0
15m,1777159800.0,1.4234,1.4254,1.4225,1.4245,176188.69,0.0,0.0,0
15m,1777160700.0,1.4245,1.4247,1.4236,1.4241,51973.23,0.0,0.0,0
15m,1777161600.0,1.4241,1.4241,1.4225,1.4228,60675.67,0.0,0.0,0
15m,1777162500.0,1.4228,1.4228,1.4216,1.4217,47260.53,0.0,0.0,0
15m,1777163400.0,1.4217,1.423,1.4213,1.4227,54060.09,0.0,0.0,0
15m,1777164300.0,1.4227,1.4228,1.4201,1.4211,89071.83,0.0,0.0,0
15m,1777165200.0,1.4211,1.4215,1.4206,1.4213,52528.74,0.0,0.0,0
15m,1777166100.0,1.4213,1.4219,1.4203,1.4204,203003.04,0.0,0.0,0
15m,1777167000.0,1.4204,1.4215,1.4204,1.4207,66873.97,0.0,0.0,0
15m,1777167900.0,1.4207,1.4208,1.4187,1.4193,84994.46,0.0,0.0,0
15m,1777168800.0,1.4193,1.422,1.4193,1.4219,25274.98,0.0,0.0,0
15m,1777169700.0,1.4219,1.4222,1.4215,1.4219,45098.47,0.0,0.0,0
15m,1777170600.0,1.4219,1.4227,1.4212,1.4214,53279.45,0.0,0.0,0
15m,1777171500.0,1.4214,1.4222,1.4208,1.4219,63885.29,0.0,0.0,0
15m,1777172400.0,1.4219,1.4231,1.4213,1.4231,38875.22,0.0,0.0,0
15m,1777173300.0,1.4231,1.424,1.4221,1.4221,151347.1,0.0,0.0,0
15m,1777174200.0,1.4221,1.4221,1.4181,1.4187,173625.85,0.0,0.0,0
15m,1777175100.0,1.4187,1.419,1.4183,1.4187,28869.39,0.0,0.0,0
15m,1777176000.0,1.4187,1.4207,1.4186,1.4198,179758.34,0.0,0.0,0
15m,1777176900.0,1.4198,1.4204,1.4189,1.419,83572.98,0.0,0.0,0
15m,1777177800.0,1.419,1.4208,1.4185,1.4202,207026.06,0.0,0.0,0
15m,1777178700.0,1.4202,1.4238,1.4197,1.4222,219477.25,0.0,0.0,0
15m,1777179600.0,1.4222,1.4274,1.4214,1.4271,280068.35,0.0,0.0,0
15m,1777180500.0,1.4271,1.4295,1.4269,1.4275,256162.38,0.0,0.0,0
15m,1777181400.0,1.4275,1.4285,1.4259,1.426,73269.27,0.0,0.0,0
15m,1777182300.0,1.426,1.4268,1.4248,1.4256,62288.84,0.0,0.0,0
15m,1777183200.0,1.4256,1.4279,1.4256,1.4275,51895.93,0.0,0.0,0
15m,1777184100.0,1.4275,1.4275,1.4258,1.4265,87080.31,0.0,0.0,0
15m,1777185000.0,1.4265,1.4284,1.4263,1.428,70505.3,0.0,0.0,0
15m,1777185900.0,1.428,1.428,1.4258,1.4275,50015.59,0.0,0.0,0
15m,1777186800.0,1.4275,1.4284,1.4268,1.4283,62663.96,0.0,0.0,0
15m,1777187700.0,1.4283,1.4288,1.4278,1.4281,34384.77,0.0,0.0,0
15m,1777188600.0,1.4281,1.4281,1.4262,1.4265,83014.7,0.0,0.0,0
15m,1777189500.0,1.4265,1.4292,1.4265,1.429,137660.18,0.0,0.0,0
15m,1777190400.0,1.429,1.4294,1.4273,1.4279,74593.35,0.0,0.0,0
15m,1777191300.0,1.4279,1.4281,1.4261,1.4267,82569.92,0.0,0.0,0
15m,1777192200.0,1.4267,1.4295,1.4267,1.4275,115195.61,0.0,0.0,0
15m,1777193100.0,1.4275,1.4281,1.4263,1.4265,95834.73,0.0,0.0,0
15m,1777194000.0,1.4265,1.4269,1.4257,1.4265,49048.58,0.0,0.0,0
15m,1777194900.0,1.4265,1.4277,1.4256,1.4276,70563.88,0.0,0.0,0
15m,1777195800.0,1.4276,1.428,1.427,1.4278,102964.04,0.0,0.0,0
15m,1777196700.0,1.4278,1.4286,1.4276,1.4284,58606.97,0.0,0.0,0
15m,1777197600.0,1.4284,1.4289,1.4267,1.4283,111553.82,0.0,0.0,0
15m,1777198500.0,1.4283,1.4288,1.428,1.428,41951.09,0.0,0.0,0
15m,1777199400.0,1.428,1.428,1.4272,1.4274,46700.7,0.0,0.0,0
15m,1777200300.0,1.4274,1.4278,1.4267,1.4275,49690.73,0.0,0.0,0
15m,1777201200.0,1.4275,1.4288,1.4275,1.4284,88717.88,0.0,0.0,0
15m,1777202100.0,1.4284,1.4318,1.4283,1.4316,115506.5,0.0,0.0,0
15m,1777203000.0,1.4316,1.4318,1.4299,1.4306,116818.71,0.0,0.0,0
15m,1777203900.0,1.4306,1.4317,1.4298,1.4306,53353.33,0.0,0.0,0
15m,1777204800.0,1.4306,1.4321,1.4289,1.4294,159403.46,0.0,0.0,0
15m,1777205700.0,1.4294,1.4299,1.4262,1.4271,201342.42,0.0,0.0,0
15m,1777206600.0,1.4271,1.4272,1.4257,1.427,120094.53,0.0,0.0,0
15m,1777207500.0,1.427,1.427,1.4239,1.4251,161175.38,0.0,0.0,0
15m,1777208400.0,1.4251,1.4258,1.4238,1.4255,119346.37,0.0,0.0,0
15m,1777209300.0,1.4255,1.4258,1.4234,1.4247,119465.62,0.0,0.0,0
15m,1777210200.0,1.4247,1.4255,1.4243,1.4247,109328.56,0.0,0.0,0
15m,1777211100.0,1.4247,1.4249,1.4233,1.4246,82959.1,0.0,0.0,0
15m,1777212000.0,1.4246,1.4259,1.4236,1.4259,85891.7,0.0,0.0,0
15m,1777212900.0,1.4259,1.43,1.4254,1.4283,179728.52,0.0,0.0,0
15m,1777213800.0,1.4283,1.4299,1.4274,1.4287,81346.68,0.0,0.0,0
15m,1777214700.0,1.4287,1.4294,1.4272,1.4274,101006.45,0.0,0.0,0
15m,1777215600.0,1.4274,1.4279,1.4264,1.4267,63655.33,0.0,0.0,0
15m,1777216500.0,1.4267,1.4291,1.4264,1.4291,85119.12,0.0,0.0,0
15m,1777217400.0,1.4291,1.4292,1.4278,1.4283,61316.68,0.0,0.0,0
15m,1777218300.0,1.4283,1.4294,1.4273,1.4292,91067.97,0.0,0.0,0
15m,1777219200.0,1.4292,1.4297,1.4274,1.4275,43320.01,0.0,0.0,0
15m,1777220100.0,1.4275,1.4277,1.4265,1.4272,83307.23,0.0,0.0,0
15m,1777221000.0,1.4272,1.4285,1.4263,1.4264,97645.63,0.0,0.0,0
15m,1777221900.0,1.4264,1.4266,1.4251,1.4254,87020.74,0.0,0.0,0
15m,1777222800.0,1.4254,1.4257,1.4225,1.4256,123737.09,0.0,0.0,0
15m,1777223700.0,1.4256,1.4267,1.4248,1.4256,92438.3,0.0,0.0,0
15m,1777224600.0,1.4256,1.4256,1.4239,1.4253,85614.79,0.0,0.0,0
15m,1777225500.0,1.4253,1.426,1.4248,1.4249,84624.28,0.0,0.0,0
15m,1777226400.0,1.4249,1.4286,1.4231,1.4272,214905.08,0.0,0.0,0
15m,1777227300.0,1.4272,1.4302,1.4272,1.428,126487.66,0.0,0.0,0
15m,1777228200.0,1.428,1.4285,1.4271,1.428,70699.98,0.0,0.0,0
15m,1777229100.0,1.428,1.4294,1.4279,1.4289,72382.48,0.0,0.0,0
15m,1777230000.0,1.4289,1.4314,1.428,1.4309,259888.57,0.0,0.0,0
15m,1777230900.0,1.4309,1.4363,1.43,1.4311,411786.17,0.0,0.0,0
15m,1777231800.0,1.4311,1.4318,1.4299,1.431,101606.56,0.0,0.0,0
15m,1777232700.0,1.431,1.432,1.4303,1.4303,81027.54,0.0,0.0,0
15m,1777233600.0,1.4303,1.4317,1.4297,1.4297,56768.68,0.0,0.0,0
15m,1777234500.0,1.4297,1.4311,1.4295,1.4308,82730.11,0.0,0.0,0
15m,1777235400.0,1.4308,1.433,1.4287,1.4288,220124.31,0.0,0.0,0
15m,1777236300.0,1.4288,1.4295,1.4274,1.4275,58061.01,0.0,0.0,0
15m,1777237200.0,1.4275,1.4295,1.4275,1.4287,170582.18,0.0,0.0,0
15m,1777238100.0,1.4287,1.43,1.4285,1.4288,187148.8,0.0,0.0,0
15m,1777239000.0,1.4288,1.4288,1.4227,1.4232,431708.3,0.0,0.0,0
15m,1777239900.0,1.4232,1.4302,1.4203,1.4284,518747.41,0.0,0.0,0
15m,1777240800.0,1.4284,1.432,1.4282,1.431,304350.84,0.0,0.0,0
15m,1777241700.0,1.431,1.4357,1.4305,1.4312,373713.64,0.0,0.0,0
15m,1777242600.0,1.4312,1.4312,1.4237,1.427,337308.35,0.0,0.0,0
15m,1777243500.0,1.427,1.4292,1.427,1.4272,84179.1,0.0,0.0,0
15m,1777244400.0,1.4272,1.4285,1.4262,1.4274,134231.84,0.0,0.0,0
15m,1777245300.0,1.4274,1.4303,1.4262,1.4264,133122.12,0.0,0.0,0
15m,1777246200.0,1.4264,1.432,1.4252,1.4319,206913.55,0.0,0.0,0
15m,1777247100.0,1.4319,1.4349,1.4306,1.4308,361376.32,0.0,0.0,0
15m,1777248000.0,1.4308,1.4342,1.429,1.4292,103057.13,0.0,0.0,0
15m,1777248900.0,1.4292,1.4297,1.4256,1.4263,124016.07,0.0,0.0,0
15m,1777249800.0,1.4263,1.4339,1.4254,1.433,144601.77,0.0,0.0,0
15m,1777250700.0,1.433,1.4407,1.4323,1.4394,477663.32,0.0,0.0,0
15m,1777251600.0,1.4394,1.4446,1.4394,1.4398,367209.66,0.0,0.0,0
15m,1777252500.0,1.4398,1.4405,1.435,1.4371,443505.47,0.0,0.0,0
15m,1777253400.0,1.4371,1.4431,1.437,1.4416,181169.8,0.0,0.0,0
15m,1777254300.0,1.4416,1.4463,1.4415,1.4446,530713.84,0.0,0.0,0
15m,1777255200.0,1.4446,1.4455,1.4404,1.4417,202080.55,0.0,0.0,0
15m,1777256100.0,1.4417,1.4444,1.4401,1.4422,171103.64,0.0,0.0,0
15m,1777257000.0,1.4422,1.4446,1.4408,1.4418,195911.7,0.0,0.0,0
15m,1777257900.0,1.4418,1.4458,1.4418,1.4436,278452.71,0.0,0.0,0
15m,1777258800.0,1.4436,1.4454,1.4417,1.4433,214966.38,0.0,0.0,0
15m,1777259700.0,1.4433,1.4443,1.442,1.4438,215998.81,0.0,0.0,0
15m,1777260600.0,1.4438,1.4465,1.4435,1.4463,259206.08,0.0,0.0,0
15m,1777261500.0,1.4463,1.4467,1.4422,1.4424,194925.21,0.0,0.0,0
15m,1777262400.0,1.4424,1.4425,1.4402,1.4408,101664.93,0.0,0.0,0
15m,1777263300.0,1.4408,1.4418,1.4401,1.4417,107425.32,0.0,0.0,0
15m,1777264200.0,1.4417,1.4423,1.4401,1.4403,48750.26,0.0,0.0,0
15m,1777265100.0,1.4403,1.4405,1.438,1.4402,216947.85,0.0,0.0,0
15m,1777266000.0,1.4402,1.4406,1.4275,1.4278,353324.17,0.0,0.0,0
15m,1777266900.0,1.4278,1.4278,1.4187,1.4205,1180850.3,0.0,0.0,0
15m,1777267800.0,1.4205,1.4219,1.4167,1.4204,522781.14,0.0,0.0,0
15m,1777268700.0,1.4204,1.4219,1.4184,1.4195,265376.93,0.0,0.0,0
15m,1777269600.0,1.4195,1.4195,1.4148,1.4188,331644.16,0.0,0.0,0
15m,1777270500.0,1.4188,1.4208,1.4183,1.4192,84384.47,0.0,0.0,0
15m,1777271400.0,1.4192,1.4192,1.413,1.4159,245836.48,0.0,0.0,0
15m,1777272300.0,1.4159,1.4189,1.4156,1.4182,140384.58,0.0,0.0,0
15m,1777273200.0,1.4182,1.4189,1.416,1.4167,278691.08,0.0,0.0,0
15m,1777274100.0,1.4167,1.4175,1.4144,1.4152,124044.09,0.0,0.0,0
15m,1777275000.0,1.4152,1.4155,1.4137,1.4154,161864.06,0.0,0.0,0
15m,1777275900.0,1.4154,1.4172,1.4144,1.4146,250079.87,0.0,0.0,0
15m,1777276800.0,1.4146,1.4156,1.413,1.4148,320642.9,0.0,0.0,0
15m,1777277700.0,1.4148,1.4168,1.414,1.414,207084.9,0.0,0.0,0
15m,1777278600.0,1.414,1.4157,1.4136,1.4144,163403.67,0.0,0.0,0
15m,1777279500.0,1.4144,1.4181,1.4144,1.4181,256152.86,0.0,0.0,0
15m,1777280400.0,1.4181,1.4191,1.4178,1.4188,164362.57,0.0,0.0,0
15m,1777281300.0,1.4188,1.4189,1.4153,1.4164,139568.71,0.0,0.0,0
15m,1777282200.0,1.4164,1.418,1.4155,1.4173,164983.14,0.0,0.0,0
15m,1777283100.0,1.4173,1.418,1.4164,1.4168,182373.96,0.0,0.0,0
15m,1777284000.0,1.4168,1.4168,1.4152,1.4152,213724.05,0.0,0.0,0
15m,1777284900.0,1.4152,1.416,1.4144,1.4154,140343.76,0.0,0.0,0
15m,1777285800.0,1.4154,1.417,1.4153,1.416,96197.86,0.0,0.0,0
15m,1777286700.0,1.416,1.4166,1.4151,1.4153,157585.59,0.0,0.0,0
15m,1777287600.0,1.4153,1.4153,1.4132,1.4137,173309.8,0.0,0.0,0
15m,1777288500.0,1.4137,1.4152,1.4125,1.4142,120736.28,0.0,0.0,0
15m,1777289400.0,1.4142,1.4145,1.4136,1.4138,185404.98,0.0,0.0,0
15m,1777290300.0,1.4138,1.4141,1.4129,1.4137,208251.5,0.0,0.0,0
15m,1777291200.0,1.4137,1.415,1.4127,1.4142,116110.28,0.0,0.0,0
15m,1777292100.0,1.4142,1.415,1.4126,1.4133,96857.86,0.0,0.0,0
15m,1777293000.0,1.4133,1.4137,1.4103,1.4112,376284.32,0.0,0.0,0
15m,1777293900.0,1.4112,1.4122,1.41,1.4107,213606.17,0.0,0.0,0
15m,1777294800.0,1.4107,1.4124,1.4095,1.4095,264887.9,0.0,0.0,0
15m,1777295700.0,1.4095,1.4105,1.4058,1.4071,442178.05,0.0,0.0,0
15m,1777296600.0,1.4071,1.4109,1.4055,1.4081,506065.72,0.0,0.0,0
15m,1777297500.0,1.4081,1.4083,1.3981,1.4019,1283818.58,0.0,0.0,0
15m,1777298400.0,1.4019,1.4056,1.3988,1.4052,487968.19,0.0,0.0,0
15m,1777299300.0,1.4052,1.4059,1.4025,1.4031,374084.53,0.0,0.0,0
15m,1777300200.0,1.4031,1.41,1.4024,1.4095,590238.2,0.0,0.0,0
15m,1777301100.0,1.4095,1.4108,1.4034,1.4038,327885.19,0.0,0.0,0
15m,1777302000.0,1.4038,1.4043,1.3961,1.3978,640549.0,0.0,0.0,0
15m,1777302900.0,1.3978,1.3978,1.3842,1.3889,1361852.79,0.0,0.0,0
15m,1777303800.0,1.3889,1.3929,1.3884,1.3905,304337.21,0.0,0.0,0
15m,1777304700.0,1.3905,1.3905,1.3858,1.3881,149698.87,0.0,0.0,0
15m,1777305600.0,1.3881,1.3903,1.3869,1.3899,186450.97,0.0,0.0,0
15m,1777306500.0,1.3899,1.3916,1.3861,1.3865,196920.59,0.0,0.0,0
15m,1777307400.0,1.3865,1.3882,1.3847,1.3862,279395.75,0.0,0.0,0
15m,1777308300.0,1.3862,1.389,1.3862,1.3889,138407.61,0.0,0.0,0
15m,1777309200.0,1.3889,1.3929,1.3889,1.3915,357956.69,0.0,0.0,0
15m,1777310100.0,1.3915,1.3954,1.3906,1.3938,252302.02,0.0,0.0,0
15m,1777311000.0,1.3938,1.3953,1.3927,1.3944,161370.7,0.0,0.0,0
15m,1777311900.0,1.3944,1.3948,1.393,1.3935,146932.42,0.0,0.0,0
15m,1777312800.0,1.3935,1.396,1.3927,1.3946,181882.96,0.0,0.0,0
15m,1777313700.0,1.3946,1.3968,1.3933,1.3937,104961.09,0.0,0.0,0
15m,1777314600.0,1.3937,1.3957,1.3932,1.3953,38713.09,0.0,0.0,0
15m,1777315500.0,1.3953,1.3974,1.3948,1.3959,72995.25,0.0,0.0,0
15m,1777316400.0,1.3959,1.3966,1.3934,1.3951,101749.05,0.0,0.0,0
15m,1777317300.0,1.3951,1.3951,1.3886,1.3891,103065.01,0.0,0.0,0
15m,1777318200.0,1.3891,1.3925,1.3871,1.3919,210819.63,0.0,0.0,0
15m,1777319100.0,1.3919,1.3932,1.3918,1.3931,66869.08,0.0,0.0,0
15m,1777320000.0,1.3931,1.3947,1.391,1.3911,78846.82,0.0,0.0,0
15m,1777320900.0,1.3911,1.394,1.3911,1.3938,77434.16,0.0,0.0,0
15m,1777321800.0,1.3938,1.3951,1.3933,1.3933,63234.48,0.0,0.0,0
15m,1777322700.0,1.3933,1.3935,1.3924,1.3928,93062.69,0.0,0.0,0
15m,1777323600.0,1.3928,1.3937,1.3914,1.3928,204835.11,0.0,0.0,0
15m,1777324500.0,1.3928,1.3934,1.3918,1.3926,87900.31,0.0,0.0,0
15m,1777325400.0,1.3926,1.3937,1.3918,1.3922,68068.75,0.0,0.0,0
15m,1777326300.0,1.3922,1.3922,1.3899,1.3899,78872.02,0.0,0.0,0
15m,1777327200.0,1.3899,1.393,1.3895,1.3923,103934.12,0.0,0.0,0
15m,1777328100.0,1.3923,1.3946,1.3918,1.3946,270019.38,0.0,0.0,0
15m,1777329000.0,1.3946,1.3964,1.3946,1.3961,110469.64,0.0,0.0,0
15m,1777329900.0,1.3961,1.3972,1.3961,1.3969,72106.74,0.0,0.0,0
15m,1777330800.0,1.3969,1.3985,1.3967,1.397,115123.51,0.0,0.0,0
15m,1777331700.0,1.397,1.4001,1.3969,1.3989,127343.44,0.0,0.0,0
15m,1777332600.0,1.3989,1.4004,1.3989,1.3999,90709.48,0.0,0.0,0
15m,1777333500.0,1.3999,1.4023,1.3995,1.4008,177004.17,0.0,0.0,0
15m,1777334400.0,1.4008,1.4009,1.3982,1.3984,151037.81,0.0,0.0,0
15m,1777335300.0,1.3984,1.3995,1.3954,1.396,96346.22,0.0,0.0,0
15m,1777336200.0,1.396,1.3996,1.3957,1.3993,134169.12,0.0,0.0,0
15m,1777337100.0,1.3993,1.4003,1.3976,1.398,75719.75,0.0,0.0,0
15m,1777338000.0,1.398,1.3992,1.3976,1.399,122091.91,0.0,0.0,0
15m,1777338900.0,1.399,1.3991,1.3971,1.3979,69286.36,0.0,0.0,0
15m,1777339800.0,1.3979,1.3981,1.3963,1.3965,75065.13,0.0,0.0,0
15m,1777340700.0,1.3965,1.3981,1.3963,1.3976,47967.24,0.0,0.0,0
15m,1777341600.0,1.3976,1.3992,1.3971,1.3976,80280.62,0.0,0.0,0
15m,1777342500.0,1.3976,1.3991,1.3963,1.3964,116224.61,0.0,0.0,0
15m,1777343400.0,1.3964,1.3964,1.3918,1.3918,141909.27,0.0,0.0,0
15m,1777344300.0,1.3918,1.3939,1.3913,1.3935,112860.35,0.0,0.0,0
15m,1777345200.0,1.3935,1.3938,1.3916,1.3929,130905.34,0.0,0.0,0
15m,1777346100.0,1.3929,1.3929,1.3888,1.39,132928.02,0.0,0.0,0
15m,1777347000.0,1.39,1.3913,1.3898,1.3905,52316.55,0.0,0.0,0
15m,1777347900.0,1.3905,1.3934,1.3903,1.393,54277.54,0.0,0.0,0
15m,1777348800.0,1.393,1.3936,1.3911,1.3934,77303.82,0.0,0.0,0
15m,1777349700.0,1.3934,1.3945,1.3906,1.3919,101947.81,0.0,0.0,0
15m,1777350600.0,1.3919,1.3939,1.3913,1.3928,111581.48,0.0,0.0,0
15m,1777351500.0,1.3928,1.3937,1.3928,1.3928,39845.79,0.0,0.0,0
15m,1777352400.0,1.3928,1.3953,1.3928,1.3938,413419.19,0.0,0.0,0
15m,1777353300.0,1.3938,1.3973,1.393,1.3959,230768.39,0.0,0.0,0
15m,1777354200.0,1.3959,1.3959,1.3923,1.3929,141340.46,0.0,0.0,0
15m,1777355100.0,1.3929,1.3945,1.3928,1.3935,129210.63,0.0,0.0,0
15m,1777356000.0,1.3935,1.3971,1.3935,1.3954,100091.06,0.0,0.0,0
15m,1777356900.0,1.3954,1.3954,1.3922,1.3938,106136.29,0.0,0.0,0
15m,1777357800.0,1.3938,1.3942,1.3866,1.3872,360936.36,0.0,0.0,0
15m,1777358700.0,1.3872,1.3896,1.3863,1.3889,165717.34,0.0,0.0,0
15m,1777359600.0,1.3889,1.3897,1.3873,1.3875,152594.25,0.0,0.0,0
15m,1777360500.0,1.3875,1.3884,1.385,1.3879,272422.41,0.0,0.0,0
15m,1777361400.0,1.3879,1.3915,1.3876,1.3912,151419.72,0.0,0.0,0
15m,1777362300.0,1.3912,1.3935,1.3906,1.393,103126.56,0.0,0.0,0
15m,1777363200.0,1.393,1.3932,1.391,1.3922,171355.64,0.0,0.0,0
15m,1777364100.0,1.3922,1.3956,1.3921,1.3953,152873.29,0.0,0.0,0
15m,1777365000.0,1.3953,1.3959,1.3923,1.3926,43454.55,0.0,0.0,0
15m,1777365900.0,1.3926,1.3932,1.3915,1.3924,52300.4,0.0,0.0,0
15m,1777366800.0,1.3924,1.3926,1.391,1.3917,66523.68,0.0,0.0,0
15m,1777367700.0,1.3917,1.3922,1.3906,1.3917,101913.35,0.0,0.0,0
15m,1777368600.0,1.3917,1.3917,1.3889,1.3895,165379.79,0.0,0.0,0
15m,1777369500.0,1.3895,1.3895,1.3862,1.3872,475162.8,0.0,0.0,0
15m,1777370400.0,1.3872,1.3897,1.3869,1.387,319393.82,0.0,0.0,0
15m,1777371300.0,1.387,1.3881,1.3862,1.3867,487969.94,0.0,0.0,0
15m,1777372200.0,1.3867,1.3885,1.3865,1.3885,167786.47,0.0,0.0,0
15m,1777373100.0,1.3885,1.3886,1.3867,1.388,252515.75,0.0,0.0,0
15m,1777374000.0,1.388,1.3886,1.3862,1.3863,440670.33,0.0,0.0,0
15m,1777374900.0,1.3863,1.3874,1.3849,1.3864,419691.47,0.0,0.0,0
15m,1777375800.0,1.3864,1.3873,1.3831,1.3853,573418.83,0.0,0.0,0
15m,1777376700.0,1.3853,1.3853,1.3793,1.3812,795162.0,0.0,0.0,0
15m,1777377600.0,1.3812,1.3823,1.3807,1.3814,209885.92,0.0,0.0,0
15m,1777378500.0,1.3814,1.384,1.3786,1.3808,502659.71,0.0,0.0,0
15m,1777379400.0,1.3808,1.383,1.3797,1.3828,356947.97,0.0,0.0,0
15m,1777380300.0,1.3828,1.3845,1.3817,1.3828,198967.65,0.0,0.0,0
15m,1777381200.0,1.3828,1.383,1.3754,1.3774,617315.39,0.0,0.0,0
15m,1777382100.0,1.3774,1.3812,1.3759,1.3795,373759.98,0.0,0.0,0
15m,1777383000.0,1.3795,1.3831,1.3776,1.3824,303340.67,0.0,0.0,0
15m,1777383900.0,1.3824,1.3841,1.3747,1.3782,827669.17,0.0,0.0,0
15m,1777384800.0,1.3782,1.3782,1.3726,1.3738,406072.41,0.0,0.0,0
15m,1777385700.0,1.3738,1.3752,1.3689,1.3719,635611.83,0.0,0.0,0
15m,1777386600.0,1.3719,1.3734,1.3678,1.371,335409.21,0.0,0.0,0
15m,1777387500.0,1.371,1.3719,1.3684,1.37,439918.37,0.0,0.0,0
15m,1777388400.0,1.37,1.3727,1.37,1.3719,447624.34,0.0,0.0,0
15m,1777389300.0,1.3719,1.3723,1.3701,1.3713,351469.85,0.0,0.0,0
15m,1777390200.0,1.3713,1.3751,1.3691,1.3732,441265.5,0.0,0.0,0
15m,1777391100.0,1.3732,1.376,1.3729,1.3753,302489.78,0.0,0.0,0
15m,1777392000.0,1.3753,1.3762,1.3736,1.3751,457995.04,0.0,0.0,0
15m,1777392900.0,1.3751,1.3763,1.3739,1.3742,172838.28,0.0,0.0,0
15m,1777393800.0,1.3742,1.3746,1.3708,1.3708,311504.47,0.0,0.0,0
15m,1777394700.0,1.3708,1.3772,1.3703,1.3768,433709.88,0.0,0.0,0
15m,1777395600.0,1.3768,1.3781,1.376,1.3762,135728.72,0.0,0.0,0
15m,1777396500.0,1.3762,1.3769,1.3742,1.376,71684.55,0.0,0.0,0
15m,1777397400.0,1.376,1.381,1.3756,1.3805,219725.6,0.0,0.0,0
15m,1777398300.0,1.3805,1.3808,1.3767,1.3789,371384.96,0.0,0.0,0
15m,1777399200.0,1.3789,1.3824,1.3787,1.3801,226265.21,0.0,0.0,0
15m,1777400100.0,1.3801,1.3826,1.3801,1.3822,91307.38,0.0,0.0,0
15m,1777401000.0,1.3822,1.3827,1.3794,1.3796,191515.96,0.0,0.0,0
15m,1777401900.0,1.3796,1.3826,1.3794,1.3823,121387.0,0.0,0.0,0
15m,1777402800.0,1.3823,1.3823,1.3795,1.3795,269433.09,0.0,0.0,0
15m,1777403700.0,1.3795,1.3803,1.3778,1.3796,196476.4,0.0,0.0,0
15m,1777404600.0,1.3796,1.3814,1.3789,1.3814,113154.23,0.0,0.0,0
15m,1777405500.0,1.3814,1.3864,1.3814,1.3825,728074.38,0.0,0.0,0
15m,1777406400.0,1.3825,1.385,1.3816,1.3828,268024.19,0.0,0.0,0
15m,1777407300.0,1.3828,1.3837,1.382,1.3832,173258.33,0.0,0.0,0
15m,1777408200.0,1.3832,1.3842,1.3826,1.3829,107527.93,0.0,0.0,0
15m,1777409100.0,1.3829,1.3839,1.3828,1.3831,54994.41,0.0,0.0,0
15m,1777410000.0,1.3831,1.3843,1.3813,1.3819,152702.56,0.0,0.0,0
15m,1777410900.0,1.3819,1.3822,1.3798,1.3799,64300.88,0.0,0.0,0
15m,1777411800.0,1.3799,1.3808,1.3791,1.3791,166381.37,0.0,0.0,0
15m,1777412700.0,1.3791,1.3811,1.3788,1.3803,92967.83,0.0,0.0,0
15m,1777413600.0,1.3803,1.3853,1.3803,1.3821,378682.57,0.0,0.0,0
15m,1777414500.0,1.3821,1.3821,1.3806,1.3816,60354.76,0.0,0.0,0
15m,1777415400.0,1.3816,1.3818,1.3788,1.3796,171136.53,0.0,0.0,0
15m,1777416300.0,1.3796,1.3799,1.3789,1.3799,88258.71,0.0,0.0,0
15m,1777417200.0,1.3799,1.3813,1.3787,1.3809,77115.72,0.0,0.0,0
15m,1777418100.0,1.3809,1.3811,1.3791,1.3797,31062.29,0.0,0.0,0
15m,1777419000.0,1.3797,1.381,1.3791,1.3809,50697.91,0.0,0.0,0
15m,1777419900.0,1.3809,1.3818,1.3806,1.3807,64070.04,0.0,0.0,0
15m,1777420800.0,1.3807,1.3817,1.3789,1.38,189784.47,0.0,0.0,0
15m,1777421700.0,1.38,1.3808,1.3783,1.3785,197818.21,0.0,0.0,0
15m,1777422600.0,1.3785,1.382,1.3784,1.3813,314376.4,0.0,0.0,0
15m,1777423500.0,1.3813,1.3847,1.3806,1.3831,753474.64,0.0,0.0,0
15m,1777424400.0,1.3831,1.3837,1.38,1.3804,194853.19,0.0,0.0,0
15m,1777425300.0,1.3804,1.3814,1.3779,1.3785,245682.82,0.0,0.0,0
15m,1777426200.0,1.3785,1.3796,1.377,1.3796,277804.02,0.0,0.0,0
15m,1777427100.0,1.3796,1.3835,1.3794,1.3817,206870.77,0.0,0.0,0
15m,1777428000.0,1.3817,1.3835,1.3811,1.3812,137360.35,0.0,0.0,0
15m,1777428900.0,1.3812,1.3832,1.3805,1.3808,453652.88,0.0,0.0,0
15m,1777429800.0,1.3808,1.3811,1.3791,1.3793,189443.25,0.0,0.0,0
15m,1777430700.0,1.3793,1.3805,1.3791,1.3799,208929.29,0.0,0.0,0
15m,1777431600.0,1.3799,1.382,1.3794,1.3816,71352.08,0.0,0.0,0
15m,1777432500.0,1.3816,1.3887,1.3816,1.3869,597701.41,0.0,0.0,0
15m,1777433400.0,1.3869,1.39,1.3843,1.3897,579469.27,0.0,0.0,0
15m,1777434300.0,1.3897,1.3899,1.3878,1.3892,269967.62,0.0,0.0,0
15m,1777435200.0,1.3892,1.3897,1.3876,1.3881,210420.61,0.0,0.0,0
15m,1777436100.0,1.3881,1.3907,1.3881,1.3902,323972.09,0.0,0.0,0
15m,1777437000.0,1.3902,1.3973,1.3901,1.3961,413183.24,0.0,0.0,0
15m,1777437900.0,1.3961,1.3975,1.3946,1.3951,337512.67,0.0,0.0,0
15m,1777438800.0,1.3951,1.3958,1.394,1.3944,125488.0,0.0,0.0,0
15m,1777439700.0,1.3944,1.3949,1.394,1.3949,66328.46,0.0,0.0,0
15m,1777440600.0,1.3949,1.3949,1.3939,1.3942,67828.09,0.0,0.0,0
15m,1777441500.0,1.3942,1.3974,1.3942,1.396,233430.76,0.0,0.0,0
15m,1777442400.0,1.396,1.3967,1.3935,1.3944,281811.04,0.0,0.0,0
15m,1777443300.0,1.3944,1.399,1.3931,1.3953,1491545.02,0.0,0.0,0
15m,1777444200.0,1.3953,1.3962,1.3927,1.3927,311606.09,0.0,0.0,0
15m,1777445100.0,1.3927,1.3931,1.3906,1.3924,200787.28,0.0,0.0,0
15m,1777446000.0,1.3924,1.393,1.3914,1.3923,95866.7,0.0,0.0,0
15m,1777446900.0,1.3923,1.3926,1.3908,1.3915,373580.65,0.0,0.0,0
15m,1777447800.0,1.3915,1.3959,1.3915,1.3936,259143.28,0.0,0.0,0
15m,1777448700.0,1.3936,1.3936,1.3912,1.3923,159878.7,0.0,0.0,0
15m,1777449600.0,1.3923,1.3926,1.3891,1.3905,193721.53,0.0,0.0,0
15m,1777450500.0,1.3905,1.3932,1.3897,1.3922,149216.37,0.0,0.0,0
15m,1777451400.0,1.3922,1.3922,1.3891,1.3916,78753.6,0.0,0.0,0
15m,1777452300.0,1.3916,1.3918,1.3911,1.3916,58067.99,0.0,0.0,0
15m,1777453200.0,1.3916,1.3941,1.3906,1.394,96144.83,0.0,0.0,0
15m,1777454100.0,1.394,1.3981,1.3931,1.3968,288668.14,0.0,0.0,0
15m,1777455000.0,1.3968,1.3968,1.3941,1.3962,413929.67,0.0,0.0,0
15m,1777455900.0,1.3962,1.4064,1.3944,1.4037,1154857.79,0.0,0.0,0
15m,1777456800.0,1.4037,1.4064,1.4033,1.4041,418274.15,0.0,0.0,0
15m,1777457700.0,1.4041,1.4047,1.402,1.4042,377230.08,0.0,0.0,0
15m,1777458600.0,1.4042,1.4044,1.3974,1.3981,531122.42,0.0,0.0,0
15m,1777459500.0,1.3981,1.4004,1.3968,1.3978,467228.36,0.0,0.0,0
15m,1777460400.0,1.3978,1.3978,1.3934,1.3957,562053.56,0.0,0.0,0
15m,1777461300.0,1.3957,1.396,1.3938,1.3938,217293.94,0.0,0.0,0
15m,1777462200.0,1.3938,1.3957,1.3933,1.3937,286446.56,0.0,0.0,0
15m,1777463100.0,1.3937,1.3954,1.3926,1.3945,401329.08,0.0,0.0,0
15m,1777464000.0,1.3945,1.3947,1.3849,1.3849,830636.33,0.0,0.0,0
15m,1777464900.0,1.3849,1.3875,1.3794,1.3825,1052725.64,0.0,0.0,0
15m,1777465800.0,1.3825,1.3827,1.3796,1.3818,539071.25,0.0,0.0,0
15m,1777466700.0,1.3818,1.3836,1.3816,1.3833,266040.05,0.0,0.0,0
15m,1777467600.0,1.3833,1.3841,1.3819,1.3834,606136.65,0.0,0.0,0
15m,1777468500.0,1.3834,1.3837,1.3738,1.3759,861150.02,0.0,0.0,0
15m,1777469400.0,1.3759,1.3771,1.372,1.3728,845116.21,0.0,0.0,0
15m,1777470300.0,1.3728,1.3769,1.3704,1.3757,538794.28,0.0,0.0,0
15m,1777471200.0,1.3757,1.3757,1.3701,1.3717,462647.21,0.0,0.0,0
15m,1777472100.0,1.3717,1.3764,1.3704,1.3755,606572.36,0.0,0.0,0
15m,1777473000.0,1.3755,1.3781,1.3741,1.3743,295716.25,0.0,0.0,0
15m,1777473900.0,1.3743,1.3748,1.3714,1.3722,422448.25,0.0,0.0,0
15m,1777474800.0,1.3722,1.3729,1.362,1.3654,1084590.66,0.0,0.0,0
15m,1777475700.0,1.3654,1.3687,1.3635,1.3681,316231.12,0.0,0.0,0
15m,1777476600.0,1.3681,1.3695,1.3593,1.3605,817626.33,0.0,0.0,0
15m,1777477500.0,1.3605,1.3628,1.3588,1.3618,615869.66,0.0,0.0,0
15m,1777478400.0,1.3618,1.3666,1.3611,1.3649,356687.86,0.0,0.0,0
15m,1777479300.0,1.3649,1.3662,1.3606,1.3634,606375.35,0.0,0.0,0
15m,1777480200.0,1.3634,1.3674,1.3598,1.3662,891505.59,0.0,0.0,0
15m,1777481100.0,1.3662,1.3662,1.3586,1.3635,1257771.81,0.0,0.0,0
15m,1777482000.0,1.3635,1.3663,1.3635,1.3653,197940.5,0.0,0.0,0
15m,1777482900.0,1.3653,1.3687,1.3629,1.3641,391816.18,0.0,0.0,0
15m,1777483800.0,1.3641,1.3658,1.3637,1.3657,178069.45,0.0,0.0,0
15m,1777484700.0,1.3657,1.368,1.3637,1.368,292709.08,0.0,0.0,0
15m,1777485600.0,1.368,1.3703,1.3457,1.3533,1871804.94,0.0,0.0,0
15m,1777486500.0,1.3533,1.3553,1.3494,1.3517,653186.38,0.0,0.0,0
15m,1777487400.0,1.3517,1.3546,1.3467,1.3524,871462.3,0.0,0.0,0
15m,1777488300.0,1.3524,1.3576,1.3507,1.3576,388294.96,0.0,0.0,0
15m,1777489200.0,1.3576,1.358,1.3537,1.3579,242379.42,0.0,0.0,0
15m,1777490100.0,1.3579,1.3586,1.356,1.3563,155201.63,0.0,0.0,0
15m,1777491000.0,1.3563,1.3563,1.3518,1.3529,119431.62,0.0,0.0,0
15m,1777491900.0,1.3529,1.3553,1.3522,1.3534,152338.72,0.0,0.0,0
15m,1777492800.0,1.3534,1.3604,1.3532,1.358,878092.4,0.0,0.0,0
15m,1777493700.0,1.358,1.3627,1.3576,1.3619,166697.47,0.0,0.0,0
15m,1777494600.0,1.3619,1.3654,1.3617,1.3636,192430.47,0.0,0.0,0
15m,1777495500.0,1.3636,1.3651,1.3627,1.3627,148187.8,0.0,0.0,0
15m,1777496400.0,1.3627,1.3665,1.3619,1.3656,354192.57,0.0,0.0,0
15m,1777497300.0,1.3656,1.3685,1.3654,1.3671,160355.22,0.0,0.0,0
15m,1777498200.0,1.3671,1.3687,1.3664,1.3687,140155.73,0.0,0.0,0
15m,1777499100.0,1.3687,1.3729,1.3686,1.369,226696.89,0.0,0.0,0
15m,1777500000.0,1.369,1.3694,1.3671,1.3687,142170.14,0.0,0.0,0
15m,1777500900.0,1.3687,1.3699,1.3672,1.3675,151676.64,0.0,0.0,0
15m,1777501800.0,1.3675,1.3706,1.3675,1.3699,65134.04,0.0,0.0,0
15m,1777502700.0,1.3699,1.371,1.3694,1.3699,106744.11,0.0,0.0,0
15m,1777503600.0,1.3699,1.3702,1.3683,1.3697,125613.45,0.0,0.0,0
15m,1777504500.0,1.3697,1.3697,1.3649,1.3673,251241.01,0.0,0.0,0
15m,1777505400.0,1.3673,1.3703,1.3673,1.3701,201386.87,0.0,0.0,0
15m,1777506300.0,1.3701,1.3712,1.3691,1.3692,77220.81,0.0,0.0,0
15m,1777507200.0,1.3692,1.3719,1.3692,1.3705,176003.92,0.0,0.0,0
15m,1777508100.0,1.3705,1.3725,1.37,1.3721,101045.69,0.0,0.0,0
15m,1777509000.0,1.3721,1.3801,1.3721,1.3785,386503.85,0.0,0.0,0
15m,1777509900.0,1.3785,1.3847,1.3785,1.3831,372531.96,0.0,0.0,0
15m,1777510800.0,1.3831,1.3846,1.3779,1.3798,626477.78,0.0,0.0,0
15m,1777511700.0,1.3798,1.3808,1.3776,1.3796,223647.77,0.0,0.0,0
15m,1777512600.0,1.3796,1.381,1.3783,1.3799,81443.85,0.0,0.0,0
15m,1777513500.0,1.3799,1.3828,1.3791,1.3795,112911.03,0.0,0.0,0
15m,1777514400.0,1.3795,1.3818,1.3795,1.3801,41145.71,0.0,0.0,0
15m,1777515300.0,1.3801,1.3809,1.3776,1.3778,156185.44,0.0,0.0,0
15m,1777516200.0,1.3778,1.3778,1.3682,1.3698,462220.37,0.0,0.0,0
15m,1777517100.0,1.3698,1.3741,1.3676,1.3731,444719.7,0.0,0.0,0
15m,1777518000.0,1.3731,1.3736,1.3716,1.3719,111912.22,0.0,0.0,0
15m,1777518900.0,1.3719,1.3735,1.3711,1.3734,101603.44,0.0,0.0,0
15m,1777519800.0,1.3734,1.3755,1.3719,1.3744,118477.6,0.0,0.0,0
15m,1777520700.0,1.3744,1.3745,1.3733,1.3734,62922.97,0.0,0.0,0
15m,1777521600.0,1.3734,1.3734,1.3677,1.3684,156640.28,0.0,0.0,0
15m,1777522500.0,1.3684,1.3686,1.3655,1.3672,111271.31,0.0,0.0,0
15m,1777523400.0,1.3672,1.3672,1.3609,1.3615,172421.0,0.0,0.0,0
15m,1777524300.0,1.3615,1.3635,1.3611,1.3629,368993.45,0.0,0.0,0
15m,1777525200.0,1.3629,1.3656,1.3628,1.3642,126239.14,0.0,0.0,0
15m,1777526100.0,1.3642,1.3648,1.3589,1.3611,192846.77,0.0,0.0,0
15m,1777527000.0,1.3611,1.3674,1.3611,1.3664,121842.32,0.0,0.0,0
15m,1777527900.0,1.3664,1.3674,1.3645,1.3645,79701.34,0.0,0.0,0
15m,1777528800.0,1.3645,1.3646,1.3609,1.3628,571198.12,0.0,0.0,0
15m,1777529700.0,1.3628,1.3653,1.3628,1.3653,186860.84,0.0,0.0,0
15m,1777530600.0,1.3653,1.3717,1.3652,1.3686,925244.71,0.0,0.0,0
15m,1777531500.0,1.3686,1.3695,1.3681,1.369,95099.93,0.0,0.0,0
15m,1777532400.0,1.369,1.3698,1.3673,1.3689,147691.33,0.0,0.0,0
15m,1777533300.0,1.3689,1.3706,1.3689,1.3704,53973.12,0.0,0.0,0
15m,1777534200.0,1.3704,1.3727,1.3704,1.3724,128877.53,0.0,0.0,0
15m,1777535100.0,1.3724,1.3754,1.3719,1.3746,285305.84,0.0,0.0,0
15m,1777536000.0,1.3746,1.3765,1.3735,1.375,146808.17,0.0,0.0,0
15m,1777536900.0,1.375,1.3754,1.3724,1.3735,97144.01,0.0,0.0,0
15m,1777537800.0,1.3735,1.3741,1.3728,1.3741,48546.47,0.0,0.0,0
15m,1777538700.0,1.3741,1.3748,1.3725,1.3728,157559.79,0.0,0.0,0
15m,1777539600.0,1.3728,1.3739,1.3719,1.3731,80901.16,0.0,0.0,0
15m,1777540500.0,1.3731,1.376,1.3725,1.3759,80448.51,0.0,0.0,0
15m,1777541400.0,1.3759,1.3798,1.3746,1.3746,240546.43,0.0,0.0,0
15m,1777542300.0,1.3746,1.3762,1.3734,1.3734,124900.52,0.0,0.0,0
15m,1777543200.0,1.3734,1.3747,1.3722,1.3722,297783.12,0.0,0.0,0
15m,1777544100.0,1.3722,1.3726,1.3701,1.3702,396609.19,0.0,0.0,0
15m,1777545000.0,1.3702,1.3716,1.3702,1.3707,537617.2,0.0,0.0,0
15m,1777545900.0,1.3707,1.3716,1.3693,1.3702,277108.5,0.0,0.0,0
15m,1777546800.0,1.3702,1.3757,1.3702,1.374,576487.78,0.0,0.0,0
15m,1777547700.0,1.374,1.3743,1.3715,1.3724,487661.68,0.0,0.0,0
15m,1777548600.0,1.3724,1.3724,1.3677,1.3685,264332.17,0.0,0.0,0
15m,1777549500.0,1.3685,1.3703,1.3664,1.3693,464997.05,0.0,0.0,0
15m,1777550400.0,1.3693,1.3713,1.3689,1.3712,344551.53,0.0,0.0,0
15m,1777551300.0,1.3712,1.3749,1.3711,1.3737,401709.53,0.0,0.0,0
15m,1777552200.0,1.3737,1.3757,1.3705,1.3711,342655.58,0.0,0.0,0
15m,1777553100.0,1.3711,1.3726,1.3696,1.3696,729911.85,0.0,0.0,0
15m,1777554000.0,1.3696,1.3707,1.368,1.369,356975.48,0.0,0.0,0
15m,1777554900.0,1.369,1.3712,1.3666,1.3671,223701.88,0.0,0.0,0
15m,1777555800.0,1.3671,1.3742,1.365,1.3742,659154.21,0.0,0.0,0
15m,1777556700.0,1.3742,1.3745,1.3695,1.3697,451524.21,0.0,0.0,0
15m,1777557600.0,1.3697,1.3722,1.3665,1.3673,637727.26,0.0,0.0,0
15m,1777558500.0,1.3673,1.3675,1.3626,1.3666,371550.26,0.0,0.0,0
15m,1777559400.0,1.3666,1.3725,1.3659,1.3689,207431.47,0.0,0.0,0
15m,1777560300.0,1.3689,1.3717,1.3679,1.3682,285086.25,0.0,0.0,0
15m,1777561200.0,1.3682,1.3708,1.3651,1.3702,355965.21,0.0,0.0,0
15m,1777562100.0,1.3702,1.3707,1.3687,1.3707,429707.02,0.0,0.0,0
15m,1777563000.0,1.3707,1.375,1.3683,1.3695,586280.32,0.0,0.0,0
15m,1777563900.0,1.3695,1.371,1.366,1.3693,268486.13,0.0,0.0,0
15m,1777564800.0,1.3693,1.3695,1.367,1.3688,158175.94,0.0,0.0,0
15m,1777565700.0,1.3688,1.3689,1.3656,1.367,167327.98,0.0,0.0,0
15m,1777566600.0,1.367,1.3673,1.3656,1.3661,346710.98,0.0,0.0,0
15m,1777567500.0,1.3661,1.3683,1.3648,1.3659,372670.96,0.0,0.0,0
15m,1777568400.0,1.3659,1.3665,1.3642,1.3651,168845.63,0.0,0.0,0
15m,1777569300.0,1.3651,1.3651,1.3627,1.3647,131146.52,0.0,0.0,0
15m,1777570200.0,1.3647,1.3678,1.3647,1.3659,70965.08,0.0,0.0,0
15m,1777571100.0,1.3659,1.3696,1.3658,1.3682,257119.58,0.0,0.0,0
15m,1777572000.0,1.3682,1.371,1.3667,1.3683,202575.78,0.0,0.0,0
15m,1777572900.0,1.3683,1.3708,1.3674,1.3679,68293.77,0.0,0.0,0
15m,1777573800.0,1.3679,1.3707,1.3677,1.3701,229511.86,0.0,0.0,0
15m,1777574700.0,1.3701,1.372,1.3699,1.3701,43720.24,0.0,0.0,0
15m,1777575600.0,1.3701,1.3731,1.3692,1.3726,81531.78,0.0,0.0,0
15m,1777576500.0,1.3726,1.3745,1.372,1.3732,51789.5,0.0,0.0,0
15m,1777577400.0,1.3732,1.3741,1.372,1.3724,32014.11,0.0,0.0,0
15m,1777578300.0,1.3724,1.3724,1.3699,1.3705,128828.04,0.0,0.0,0
15m,1777579200.0,1.3705,1.3706,1.3682,1.3696,117391.45,0.0,0.0,0
15m,1777580100.0,1.3696,1.3714,1.3687,1.3703,56662.76,0.0,0.0,0
15m,1777581000.0,1.3703,1.3715,1.3695,1.3709,41958.59,0.0,0.0,0
15m,1777581900.0,1.3709,1.3714,1.3699,1.3699,50033.65,0.0,0.0,0
15m,1777582800.0,1.3699,1.3724,1.3691,1.3724,93720.33,0.0,0.0,0
15m,1777583700.0,1.3724,1.3724,1.3682,1.3683,45657.43,0.0,0.0,0
15m,1777584600.0,1.3683,1.3697,1.3679,1.3679,53473.79,0.0,0.0,0
15m,1777585500.0,1.3679,1.3679,1.366,1.366,185984.3,0.0,0.0,0
15m,1777586400.0,1.366,1.3675,1.3651,1.367,192162.05,0.0,0.0,0
15m,1777587300.0,1.367,1.3682,1.3669,1.3679,46013.27,0.0,0.0,0
15m,1777588200.0,1.3679,1.3681,1.365,1.366,30272.94,0.0,0.0,0
15m,1777589100.0,1.366,1.3666,1.3646,1.3649,87556.54,0.0,0.0,0
15m,1777590000.0,1.3649,1.3663,1.3647,1.3656,26476.98,0.0,0.0,0
15m,1777590900.0,1.3656,1.3669,1.3652,1.3669,83808.11,0.0,0.0,0
15m,1777591800.0,1.3669,1.3681,1.3667,1.3672,48394.08,0.0,0.0,0
15m,1777592700.0,1.3672,1.3686,1.3665,1.3679,36566.49,0.0,0.0,0
15m,1777593600.0,1.3679,1.3733,1.3679,1.3706,633612.27,0.0,0.0,0
15m,1777594500.0,1.3706,1.3725,1.3693,1.3693,215573.89,0.0,0.0,0
15m,1777595400.0,1.3693,1.3705,1.3665,1.3688,210328.55,0.0,0.0,0
15m,1777596300.0,1.3688,1.3708,1.3648,1.369,838926.39,0.0,0.0,0
15m,1777597200.0,1.369,1.3739,1.3687,1.3729,285433.88,0.0,0.0,0
15m,1777598100.0,1.3729,1.3749,1.3666,1.367,1308984.12,0.0,0.0,0
15m,1777599000.0,1.367,1.3711,1.3652,1.3703,1147486.72,0.0,0.0,0
15m,1777599900.0,1.3703,1.3723,1.3697,1.3712,152303.5,0.0,0.0,0
15m,1777600800.0,1.3712,1.3721,1.3701,1.3703,113970.14,0.0,0.0,0
15m,1777601700.0,1.3703,1.3715,1.3686,1.3699,119046.46,0.0,0.0,0
15m,1777602600.0,1.3699,1.3706,1.3685,1.3705,105878.65,0.0,0.0,0
15m,1777603500.0,1.3705,1.3711,1.3694,1.3702,77874.52,0.0,0.0,0
15m,1777604400.0,1.3702,1.3719,1.3689,1.3713,74035.23,0.0,0.0,0
15m,1777605300.0,1.3713,1.3804,1.3712,1.3792,624931.23,0.0,0.0,0
15m,1777606200.0,1.3792,1.3797,1.3746,1.3769,263692.41,0.0,0.0,0
15m,1777607100.0,1.3769,1.3781,1.3759,1.3766,70107.99,0.0,0.0,0
15m,1777608000.0,1.3766,1.3786,1.3762,1.3775,90649.9,0.0,0.0,0
15m,1777608900.0,1.3775,1.3788,1.3742,1.3753,259252.57,0.0,0.0,0
15m,1777609800.0,1.3753,1.3763,1.3748,1.3757,101455.16,0.0,0.0,0
15m,1777610700.0,1.3757,1.3768,1.3751,1.3758,193176.0,0.0,0.0,0
15m,1777611600.0,1.3758,1.3785,1.3748,1.3778,148895.17,0.0,0.0,0
15m,1777612500.0,1.3778,1.3778,1.3755,1.3755,83651.32,0.0,0.0,0
15m,1777613400.0,1.3755,1.3765,1.3751,1.3765,64953.0,0.0,0.0,0
15m,1777614300.0,1.3765,1.3774,1.376,1.3767,67725.73,0.0,0.0,0
15m,1777615200.0,1.3767,1.3779,1.3764,1.3779,46669.33,0.0,0.0,0
15m,1777616100.0,1.3779,1.3789,1.3774,1.3775,195753.25,0.0,0.0,0
15m,1777617000.0,1.3775,1.3777,1.3729,1.3749,81564.76,0.0,0.0,0
15m,1777617900.0,1.3749,1.375,1.3723,1.3734,83995.62,0.0,0.0,0
15m,1777618800.0,1.3734,1.3753,1.3723,1.374,76340.56,0.0,0.0,0
15m,1777619700.0,1.374,1.3752,1.372,1.3723,104812.42,0.0,0.0,0
15m,1777620600.0,1.3723,1.3748,1.3719,1.3738,284681.17,0.0,0.0,0
15m,1777621500.0,1.3738,1.3758,1.3738,1.375,49695.87,0.0,0.0,0
15m,1777622400.0,1.375,1.3778,1.3741,1.3777,92056.5,0.0,0.0,0
15m,1777623300.0,1.3777,1.3809,1.3773,1.3797,559214.61,0.0,0.0,0
15m,1777624200.0,1.3797,1.3799,1.3785,1.3785,178171.13,0.0,0.0,0
15m,1777625100.0,1.3785,1.3791,1.3778,1.3785,108957.06,0.0,0.0,0
15m,1777626000.0,1.3785,1.3788,1.3772,1.3788,64141.31,0.0,0.0,0
15m,1777626900.0,1.3788,1.3788,1.3766,1.3769,86342.26,0.0,0.0,0
15m,1777627800.0,1.3769,1.3769,1.3758,1.3769,82043.51,0.0,0.0,0
15m,1777628700.0,1.3769,1.3769,1.3742,1.3756,62131.03,0.0,0.0,0
15m,1777629600.0,1.3756,1.3756,1.372,1.3736,102188.74,0.0,0.0,0
15m,1777630500.0,1.3736,1.3762,1.3731,1.3754,84318.58,0.0,0.0,0
15m,1777631400.0,1.3754,1.3758,1.374,1.3745,35288.97,0.0,0.0,0
15m,1777632300.0,1.3745,1.3769,1.3745,1.3767,135854.21,0.0,0.0,0
15m,1777633200.0,1.3767,1.3777,1.3765,1.3776,46271.16,0.0,0.0,0
15m,1777634100.0,1.3776,1.3801,1.3767,1.3769,95792.16,0.0,0.0,0
15m,1777635000.0,1.3769,1.3775,1.3757,1.3766,31520.03,0.0,0.0,0
15m,1777635900.0,1.3766,1.378,1.3756,1.378,30096.47,0.0,0.0,0
15m,1777636800.0,1.378,1.3816,1.3774,1.3796,221731.91,0.0,0.0,0
15m,1777637700.0,1.3796,1.3865,1.3795,1.3847,366636.64,0.0,0.0,0
15m,1777638600.0,1.3847,1.3877,1.3843,1.3846,341386.97,0.0,0.0,0
15m,1777639500.0,1.3846,1.3852,1.3835,1.3835,240935.82,0.0,0.0,0
15m,1777640400.0,1.3835,1.3903,1.3835,1.3893,333934.55,0.0,0.0,0
15m,1777641300.0,1.3893,1.3904,1.3886,1.3887,173341.62,0.0,0.0,0
15m,1777642200.0,1.3887,1.3946,1.388,1.3919,325891.28,0.0,0.0,0
15m,1777643100.0,1.3919,1.3996,1.3907,1.398,604496.13,0.0,0.0,0
15m,1777644000.0,1.398,1.4001,1.3949,1.3968,473626.62,0.0,0.0,0
15m,1777644900.0,1.3968,1.3978,1.39,1.3919,228470.6,0.0,0.0,0
15m,1777645800.0,1.3919,1.3932,1.3896,1.3925,126904.98,0.0,0.0,0
15m,1777646700.0,1.3925,1.3966,1.3916,1.3947,77826.32,0.0,0.0,0
15m,1777647600.0,1.3947,1.3955,1.3924,1.3953,109755.67,0.0,0.0,0
15m,1777648500.0,1.3953,1.3988,1.3952,1.3972,160714.28,0.0,0.0,0
15m,1777649400.0,1.3972,1.3996,1.3966,1.3986,140553.29,0.0,0.0,0
15m,1777650300.0,1.3986,1.3987,1.3911,1.3962,589314.6,0.0,0.0,0
15m,1777651200.0,1.3962,1.3988,1.3942,1.3944,83079.08,0.0,0.0,0
15m,1777652100.0,1.3944,1.3964,1.3921,1.3941,430216.44,0.0,0.0,0
15m,1777653000.0,1.3941,1.3956,1.3929,1.3937,96226.9,0.0,0.0,0
15m,1777653900.0,1.3937,1.3939,1.3917,1.3917,95912.22,0.0,0.0,0
15m,1777654800.0,1.3917,1.3925,1.3889,1.392,195295.29,0.0,0.0,0
15m,1777655700.0,1.392,1.3931,1.3907,1.3914,176673.73,0.0,0.0,0
15m,1777656600.0,1.3914,1.3935,1.3898,1.3928,57742.45,0.0,0.0,0
15m,1777657500.0,1.3928,1.3953,1.3925,1.3948,98561.02,0.0,0.0,0
15m,1777658400.0,1.3948,1.3951,1.3929,1.3938,59809.11,0.0,0.0,0
15m,1777659300.0,1.3938,1.3955,1.3931,1.3949,51305.24,0.0,0.0,0
15m,1777660200.0,1.3949,1.3949,1.3933,1.3933,46820.45,0.0,0.0,0
15m,1777661100.0,1.3933,1.3945,1.3929,1.3938,47007.09,0.0,0.0,0
15m,1777662000.0,1.3938,1.396,1.3935,1.3957,102132.95,0.0,0.0,0
15m,1777662900.0,1.3957,1.3961,1.3929,1.3952,126980.9,0.0,0.0,0
15m,1777663800.0,1.3952,1.3952,1.3923,1.3929,43922.75,0.0,0.0,0
15m,1777664700.0,1.3929,1.3946,1.3928,1.3938,105220.96,0.0,0.0,0
15m,1777665600.0,1.3938,1.3948,1.3904,1.391,219930.05,0.0,0.0,0
15m,1777666500.0,1.391,1.3912,1.3881,1.39,57863.87,0.0,0.0,0
15m,1777667400.0,1.39,1.3906,1.3864,1.3869,135000.39,0.0,0.0,0
15m,1777668300.0,1.3869,1.3879,1.3829,1.3846,233780.49,0.0,0.0,0
15m,1777669200.0,1.3846,1.3868,1.3843,1.3859,77391.17,0.0,0.0,0
15m,1777670100.0,1.3859,1.3875,1.3857,1.3863,33897.54,0.0,0.0,0
15m,1777671000.0,1.3863,1.3889,1.3863,1.3879,96160.77,0.0,0.0,0
15m,1777671900.0,1.3879,1.3891,1.3875,1.3888,64173.66,0.0,0.0,0
15m,1777672800.0,1.3888,1.3898,1.3879,1.3887,34288.73,0.0,0.0,0
15m,1777673700.0,1.3887,1.3901,1.3885,1.3886,55397.92,0.0,0.0,0
15m,1777674600.0,1.3886,1.3886,1.3863,1.3869,25364.42,0.0,0.0,0
15m,1777675500.0,1.3869,1.3869,1.3835,1.3835,309903.29,0.0,0.0,0
15m,1777676400.0,1.3835,1.3857,1.3813,1.3839,770903.23,0.0,0.0,0
15m,1777677300.0,1.3839,1.3847,1.382,1.382,59250.83,0.0,0.0,0
15m,1777678200.0,1.382,1.3852,1.382,1.3847,44991.3,0.0,0.0,0
15m,1777679100.0,1.3847,1.3857,1.384,1.3857,25724.7,0.0,0.0,0
15m,1777680000.0,1.3857,1.3874,1.3857,1.3862,224723.76,0.0,0.0,0
15m,1777680900.0,1.3862,1.3879,1.3847,1.3871,158856.9,0.0,0.0,0
15m,1777681800.0,1.3871,1.39,1.3867,1.3894,327649.72,0.0,0.0,0
15m,1777682700.0,1.3894,1.3906,1.3858,1.3867,822017.63,0.0,0.0,0
15m,1777683600.0,1.3867,1.3878,1.3853,1.3876,101693.12,0.0,0.0,0
15m,1777684500.0,1.3876,1.3876,1.3856,1.3867,47125.07,0.0,0.0,0
15m,1777685400.0,1.3867,1.3888,1.3856,1.3865,47310.27,0.0,0.0,0
15m,1777686300.0,1.3865,1.3867,1.384,1.3847,148235.88,0.0,0.0,0
15m,1777687200.0,1.3847,1.3865,1.3811,1.3857,808670.72,0.0,0.0,0
15m,1777688100.0,1.3857,1.3866,1.3844,1.3845,66142.9,0.0,0.0,0
15m,1777689000.0,1.3845,1.3864,1.3843,1.3857,27967.05,0.0,0.0,0
15m,1777689900.0,1.3857,1.3883,1.3852,1.3857,112287.57,0.0,0.0,0
15m,1777690800.0,1.3857,1.3869,1.3841,1.3846,78922.7,0.0,0.0,0
15m,1777691700.0,1.3846,1.387,1.3842,1.3866,57384.51,0.0,0.0,0
15m,1777692600.0,1.3866,1.3885,1.3855,1.3855,50434.59,0.0,0.0,0
15m,1777693500.0,1.3855,1.3868,1.3848,1.386,44504.43,0.0,0.0,0
15m,1777694400.0,1.386,1.3862,1.3835,1.3842,140358.49,0.0,0.0,0
15m,1777695300.0,1.3842,1.3842,1.3832,1.3835,104625.19,0.0,0.0,0
15m,1777696200.0,1.3835,1.3845,1.3828,1.3842,73665.38,0.0,0.0,0
15m,1777697100.0,1.3842,1.3848,1.3829,1.3848,102922.8,0.0,0.0,0
15m,1777698000.0,1.3848,1.3849,1.3836,1.3841,126390.82,0.0,0.0,0
15m,1777698900.0,1.3841,1.3843,1.3826,1.3836,181118.21,0.0,0.0,0
15m,1777699800.0,1.3836,1.3846,1.3833,1.3836,18175.68,0.0,0.0,0
15m,1777700700.0,1.3836,1.3846,1.3833,1.3837,42453.13,0.0,0.0,0
15m,1777701600.0,1.3837,1.3861,1.3837,1.3851,27812.34,0.0,0.0,0
15m,1777702500.0,1.3851,1.3858,1.3839,1.3839,22695.94,0.0,0.0,0
15m,1777703400.0,1.3839,1.3856,1.3839,1.3854,19964.39,0.0,0.0,0
15m,1777704300.0,1.3854,1.3875,1.3854,1.3872,56061.15,0.0,0.0,0
15m,1777705200.0,1.3872,1.3881,1.3864,1.3865,48775.17,0.0,0.0,0
15m,1777706100.0,1.3865,1.3867,1.3857,1.3866,18026.19,0.0,0.0,0
15m,1777707000.0,1.3866,1.3876,1.3865,1.3866,58116.7,0.0,0.0,0
15m,1777707900.0,1.3866,1.3871,1.3853,1.3854,17525.41,0.0,0.0,0
15m,1777708800.0,1.3854,1.386,1.384,1.3857,90876.11,0.0,0.0,0
15m,1777709700.0,1.3857,1.3858,1.3842,1.3848,87508.22,0.0,0.0,0
15m,1777710600.0,1.3848,1.3854,1.3846,1.3846,27620.86,0.0,0.0,0
15m,1777711500.0,1.3846,1.3851,1.3843,1.3849,16879.84,0.0,0.0,0
15m,1777712400.0,1.3849,1.3858,1.3843,1.3857,47012.33,0.0,0.0,0
15m,1777713300.0,1.3857,1.387,1.3855,1.3856,24161.18,0.0,0.0,0
15m,1777714200.0,1.3856,1.3877,1.385,1.3856,53985.88,0.0,0.0,0
15m,1777715100.0,1.3856,1.3877,1.3839,1.3865,291853.82,0.0,0.0,0
15m,1777716000.0,1.3865,1.3871,1.3862,1.3862,56600.67,0.0,0.0,0
15m,1777716900.0,1.3862,1.387,1.3862,1.3869,39120.71,0.0,0.0,0
15m,1777717800.0,1.3869,1.3878,1.3866,1.3876,91723.2,0.0,0.0,0
15m,1777718700.0,1.3876,1.3879,1.3872,1.3876,41484.14,0.0,0.0,0
15m,1777719600.0,1.3876,1.3877,1.3864,1.3865,48699.79,0.0,0.0,0
15m,1777720500.0,1.3865,1.39,1.3865,1.3899,42521.12,0.0,0.0,0
15m,1777721400.0,1.3899,1.391,1.3853,1.3861,346473.19,0.0,0.0,0
15m,1777722300.0,1.3861,1.3862,1.3852,1.3859,46646.44,0.0,0.0,0
15m,1777723200.0,1.3859,1.387,1.385,1.3854,71111.09,0.0,0.0,0
15m,1777724100.0,1.3854,1.3875,1.3849,1.387,79200.18,0.0,0.0,0
15m,1777725000.0,1.387,1.388,1.3861,1.3869,192530.42,0.0,0.0,0
15m,1777725900.0,1.3869,1.3873,1.3858,1.387,59872.22,0.0,0.0,0
15m,1777726800.0,1.387,1.3907,1.387,1.39,119139.56,0.0,0.0,0
15m,1777727700.0,1.39,1.3908,1.3888,1.3907,89370.4,0.0,0.0,0
15m,1777728600.0,1.3907,1.3914,1.3895,1.3914,87039.77,0.0,0.0,0
15m,1777729500.0,1.3914,1.3925,1.3908,1.392,86168.62,0.0,0.0,0
15m,1777730400.0,1.392,1.3925,1.3911,1.3911,25027.92,0.0,0.0,0
15m,1777731300.0,1.3911,1.3933,1.391,1.3916,81701.78,0.0,0.0,0
15m,1777732200.0,1.3916,1.3925,1.3898,1.3906,46607.87,0.0,0.0,0
15m,1777733100.0,1.3906,1.3923,1.3902,1.3919,131023.93,0.0,0.0,0
15m,1777734000.0,1.3919,1.3942,1.3916,1.3931,75590.72,0.0,0.0,0
15m,1777734900.0,1.3931,1.3933,1.3918,1.3928,57876.06,0.0,0.0,0
15m,1777735800.0,1.3928,1.3929,1.3914,1.3923,39202.67,0.0,0.0,0
15m,1777736700.0,1.3923,1.3936,1.3922,1.3932,38156.9,0.0,0.0,0
15m,1777737600.0,1.3932,1.3939,1.3921,1.3939,82395.69,0.0,0.0,0
15m,1777738500.0,1.3939,1.395,1.3918,1.3921,147494.64,0.0,0.0,0
15m,1777739400.0,1.3921,1.3926,1.3911,1.3914,24933.4,0.0,0.0,0
15m,1777740300.0,1.3914,1.3942,1.3914,1.393,66554.35,0.0,0.0,0
15m,1777741200.0,1.393,1.3944,1.393,1.3942,67479.84,0.0,0.0,0
15m,1777742100.0,1.3942,1.3943,1.3925,1.3926,79882.96,0.0,0.0,0
15m,1777743000.0,1.3926,1.3941,1.3922,1.3923,83959.23,0.0,0.0,0
15m,1777743900.0,1.3923,1.3923,1.3914,1.3914,49806.76,0.0,0.0,0
15m,1777744800.0,1.3914,1.3915,1.3895,1.3904,114577.38,0.0,0.0,0
15m,1777745700.0,1.3904,1.3927,1.3902,1.3919,27672.07,0.0,0.0,0
15m,1777746600.0,1.3919,1.3938,1.3919,1.3926,17383.31,0.0,0.0,0
15m,1777747500.0,1.3926,1.3935,1.3925,1.3931,14428.78,0.0,0.0,0
15m,1777748400.0,1.3931,1.395,1.393,1.3945,24948.08,0.0,0.0,0
15m,1777749300.0,1.3945,1.3946,1.393,1.3939,20870.47,0.0,0.0,0
15m,1777750200.0,1.3939,1.395,1.3934,1.3943,15955.89,0.0,0.0,0
15m,1777751100.0,1.3943,1.3946,1.3941,1.3944,22321.49,0.0,0.0,0
15m,1777752000.0,1.3944,1.3947,1.3931,1.3932,34727.26,0.0,0.0,0
15m,1777752900.0,1.3932,1.3936,1.393,1.3933,50185.28,0.0,0.0,0
15m,1777753800.0,1.3933,1.3943,1.3932,1.3937,41830.62,0.0,0.0,0
15m,1777754700.0,1.3937,1.3943,1.3931,1.3931,40872.96,0.0,0.0,0
15m,1777755600.0,1.3931,1.3936,1.3926,1.3926,93183.39,0.0,0.0,0
15m,1777756500.0,1.3926,1.3928,1.3923,1.3928,22669.01,0.0,0.0,0
15m,1777757400.0,1.3928,1.4003,1.3902,1.395,743238.62,0.0,0.0,0
15m,1777758300.0,1.395,1.3999,1.3931,1.3934,551969.32,0.0,0.0,0
15m,1777759200.0,1.3934,1.3948,1.3922,1.3948,81630.07,0.0,0.0,0
15m,1777760100.0,1.3948,1.3949,1.3919,1.3924,241818.89,0.0,0.0,0
15m,1777761000.0,1.3924,1.3953,1.3924,1.3934,238937.29,0.0,0.0,0
15m,1777761900.0,1.3934,1.4011,1.3934,1.3965,834080.96,0.0,0.0,0
15m,1777762800.0,1.3965,1.3966,1.3915,1.3915,427187.41,0.0,0.0,0
15m,1777763700.0,1.3915,1.3965,1.391,1.3959,634855.75,0.0,0.0,0
15m,1777764600.0,1.3959,1.3968,1.3954,1.3955,183490.42,0.0,0.0,0
15m,1777765500.0,1.3955,1.3962,1.3922,1.3937,514243.54,0.0,0.0,0
15m,1777766400.0,1.3937,1.3947,1.3914,1.3917,101908.76,0.0,0.0,0
15m,1777767300.0,1.3917,1.3929,1.3899,1.392,93136.29,0.0,0.0,0
15m,1777768200.0,1.392,1.3927,1.3897,1.3898,28404.91,0.0,0.0,0
15m,1777769100.0,1.3898,1.3904,1.3882,1.3892,115542.36,0.0,0.0,0
15m,1777770000.0,1.3892,1.3893,1.3855,1.3868,140292.55,0.0,0.0,0
15m,1777770900.0,1.3868,1.3872,1.3852,1.3867,77139.58,0.0,0.0,0
15m,1777771800.0,1.3867,1.3867,1.3835,1.3845,64861.64,0.0,0.0,0
15m,1777772700.0,1.3845,1.3849,1.3836,1.3839,20095.19,0.0,0.0,0
15m,1777773600.0,1.3839,1.3848,1.3816,1.3829,73188.91,0.0,0.0,0
15m,1777774500.0,1.3829,1.3834,1.3818,1.3823,36699.66,0.0,0.0,0
15m,1777775400.0,1.3823,1.3836,1.3822,1.383,48830.23,0.0,0.0,0
15m,1777776300.0,1.383,1.3839,1.3827,1.3834,44603.85,0.0,0.0,0
15m,1777777200.0,1.3834,1.3839,1.382,1.3821,71246.91,0.0,0.0,0
15m,1777778100.0,1.3821,1.3834,1.3821,1.3831,33482.59,0.0,0.0,0
15m,1777779000.0,1.3831,1.3842,1.3826,1.3829,33847.29,0.0,0.0,0
15m,1777779900.0,1.3829,1.3844,1.3829,1.3841,45201.31,0.0,0.0,0
15m,1777780800.0,1.3841,1.3841,1.3822,1.383,53173.5,0.0,0.0,0
15m,1777781700.0,1.383,1.3845,1.3829,1.3844,25840.57,0.0,0.0,0
15m,1777782600.0,1.3844,1.3854,1.3843,1.3843,20341.95,0.0,0.0,0
15m,1777783500.0,1.3843,1.3845,1.3833,1.3838,24698.74,0.0,0.0,0
15m,1777784400.0,1.3838,1.3859,1.3837,1.385,40921.78,0.0,0.0,0
15m,1777785300.0,1.385,1.3854,1.3847,1.3851,37726.7,0.0,0.0,0
15m,1777786200.0,1.3851,1.3855,1.3838,1.3838,49112.46,0.0,0.0,0
15m,1777787100.0,1.3838,1.385,1.3837,1.3849,26927.59,0.0,0.0,0
15m,1777788000.0,1.3849,1.3849,1.3834,1.3836,43025.44,0.0,0.0,0
15m,1777788900.0,1.3836,1.3838,1.3823,1.3827,21125.1,0.0,0.0,0
15m,1777789800.0,1.3827,1.3838,1.3826,1.383,107583.15,0.0,0.0,0
15m,1777790700.0,1.383,1.3858,1.3828,1.3852,137789.75,0.0,0.0,0
15m,1777791600.0,1.3852,1.3884,1.385,1.3868,57437.88,0.0,0.0,0
15m,1777792500.0,1.3868,1.3884,1.3863,1.3874,52983.52,0.0,0.0,0
15m,1777793400.0,1.3874,1.3887,1.3868,1.3876,59036.74,0.0,0.0,0
15m,1777794300.0,1.3876,1.3879,1.3862,1.3862,94274.98,0.0,0.0,0
15m,1777795200.0,1.3862,1.3876,1.3859,1.3873,49903.11,0.0,0.0,0
15m,1777796100.0,1.3873,1.3883,1.3867,1.3875,87227.68,0.0,0.0,0
15m,1777797000.0,1.3875,1.3881,1.3869,1.3879,35600.79,0.0,0.0,0
15m,1777797900.0,1.3879,1.3883,1.3875,1.3879,69580.78,0.0,0.0,0
15m,1777798800.0,1.3879,1.3888,1.3878,1.3878,21581.66,0.0,0.0,0
15m,1777799700.0,1.3878,1.3894,1.3876,1.3889,32343.05,0.0,0.0,0
15m,1777800600.0,1.3889,1.3908,1.3877,1.3893,65723.56,0.0,0.0,0
15m,1777801500.0,1.3893,1.39,1.3888,1.3893,35314.97,0.0,0.0,0
15m,1777802400.0,1.3893,1.3894,1.3879,1.3891,40206.19,0.0,0.0,0
15m,1777803300.0,1.3891,1.3893,1.3887,1.389,25806.17,0.0,0.0,0
15m,1777804200.0,1.389,1.39,1.389,1.3894,30038.65,0.0,0.0,0
15m,1777805100.0,1.3894,1.3894,1.388,1.3882,30431.45,0.0,0.0,0
15m,1777806000.0,1.3882,1.3901,1.3871,1.3896,51665.13,0.0,0.0,0
15m,1777806900.0,1.3896,1.3899,1.3888,1.3892,28560.94,0.0,0.0,0
15m,1777807800.0,1.3892,1.3945,1.3892,1.3941,135659.99,0.0,0.0,0
15m,1777808700.0,1.3941,1.3982,1.3939,1.3951,263257.76,0.0,0.0,0
15m,1777809600.0,1.3951,1.3984,1.395,1.3977,209623.85,0.0,0.0,0
15m,1777810500.0,1.3977,1.3979,1.3961,1.3964,52075.32,0.0,0.0,0
15m,1777811400.0,1.3964,1.3969,1.3958,1.3967,53845.23,0.0,0.0,0
15m,1777812300.0,1.3967,1.3976,1.3958,1.3963,63091.19,0.0,0.0,0
15m,1777813200.0,1.3963,1.3988,1.3954,1.3978,65084.24,0.0,0.0,0
15m,1777814100.0,1.3978,1.3979,1.3934,1.3944,89024.34,0.0,0.0,0
15m,1777815000.0,1.3944,1.3951,1.3932,1.3939,58672.76,0.0,0.0,0
15m,1777815900.0,1.3939,1.396,1.3939,1.3951,23424.42,0.0,0.0,0
15m,1777816800.0,1.3951,1.3964,1.3936,1.3946,32580.58,0.0,0.0,0
15m,1777817700.0,1.3946,1.395,1.393,1.3939,90683.91,0.0,0.0,0
15m,1777818600.0,1.3939,1.3947,1.3932,1.3947,23245.55,0.0,0.0,0
15m,1777819500.0,1.3947,1.3974,1.3943,1.3973,44008.63,0.0,0.0,0
15m,1777820400.0,1.3973,1.3987,1.396,1.3962,124636.48,0.0,0.0,0
15m,1777821300.0,1.3962,1.3974,1.3954,1.3973,83304.71,0.0,0.0,0
15m,1777822200.0,1.3973,1.3981,1.395,1.3952,39008.85,0.0,0.0,0
15m,1777823100.0,1.3952,1.3958,1.3943,1.3956,38628.93,0.0,0.0,0
15m,1777824000.0,1.3956,1.3964,1.3943,1.3947,35002.8,0.0,0.0,0
15m,1777824900.0,1.3947,1.3954,1.3941,1.3953,27739.1,0.0,0.0,0
15m,1777825800.0,1.3953,1.3982,1.3953,1.3959,44986.14,0.0,0.0,0
15m,1777826700.0,1.3959,1.3963,1.3942,1.3944,49952.46,0.0,0.0,0
15m,1777827600.0,1.3944,1.3952,1.3918,1.3946,73996.14,0.0,0.0,0
15m,1777828500.0,1.3946,1.3963,1.3946,1.395,40157.13,0.0,0.0,0
15m,1777829400.0,1.395,1.3963,1.3947,1.3962,34441.46,0.0,0.0,0
15m,1777830300.0,1.3962,1.3962,1.3945,1.3949,30267.46,0.0,0.0,0
15m,1777831200.0,1.3949,1.3952,1.3942,1.3949,26036.4,0.0,0.0,0
15m,1777832100.0,1.3949,1.3954,1.3936,1.3945,56834.7,0.0,0.0,0
15m,1777833000.0,1.3945,1.3947,1.3935,1.3942,35988.31,0.0,0.0,0
15m,1777833900.0,1.3942,1.3954,1.394,1.3941,10970.67,0.0,0.0,0
15m,1777834800.0,1.3941,1.3953,1.3938,1.3938,25051.48,0.0,0.0,0
15m,1777835700.0,1.3938,1.3951,1.3937,1.3948,40713.82,0.0,0.0,0
15m,1777836600.0,1.3948,1.3979,1.3948,1.3963,42256.75,0.0,0.0,0
15m,1777837500.0,1.3963,1.3963,1.3952,1.3952,27959.02,0.0,0.0,0
15m,1777838400.0,1.3952,1.3958,1.3939,1.3939,15122.58,0.0,0.0,0
15m,1777839300.0,1.3939,1.3958,1.3925,1.3951,114396.06,0.0,0.0,0
15m,1777840200.0,1.3951,1.3998,1.3948,1.3964,209928.68,0.0,0.0,0
15m,1777841100.0,1.3964,1.3964,1.3925,1.393,71307.68,0.0,0.0,0
15m,1777842000.0,1.393,1.3957,1.3921,1.3956,134209.64,0.0,0.0,0
15m,1777842900.0,1.3956,1.3958,1.3931,1.3931,117125.29,0.0,0.0,0
15m,1777843800.0,1.3931,1.3942,1.3894,1.3899,203714.28,0.0,0.0,0
15m,1777844700.0,1.3899,1.3919,1.3892,1.3918,69406.95,0.0,0.0,0
15m,1777845600.0,1.3918,1.4022,1.3918,1.4014,359153.94,0.0,0.0,0
15m,1777846500.0,1.4014,1.4039,1.3972,1.3977,239042.11,0.0,0.0,0
15m,1777847400.0,1.3977,1.4005,1.3966,1.4001,97782.45,0.0,0.0,0
15m,1777848300.0,1.4001,1.4015,1.3975,1.3978,112032.36,0.0,0.0,0
15m,1777849200.0,1.3978,1.4009,1.3968,1.3973,124475.06,0.0,0.0,0
15m,1777850100.0,1.3973,1.3977,1.3896,1.3897,183102.2,0.0,0.0,0
15m,1777851000.0,1.3897,1.3913,1.3884,1.3889,139315.11,0.0,0.0,0
15m,1777851900.0,1.3889,1.389,1.3867,1.3877,123697.19,0.0,0.0,0
15m,1777852800.0,1.3877,1.3891,1.3861,1.3875,194671.92,0.0,0.0,0
15m,1777853700.0,1.3875,1.3881,1.383,1.3854,144316.64,0.0,0.0,0
15m,1777854600.0,1.3854,1.3866,1.3834,1.3841,50195.21,0.0,0.0,0
15m,1777855500.0,1.3841,1.389,1.3838,1.3881,67684.63,0.0,0.0,0
15m,1777856400.0,1.3881,1.3905,1.3851,1.3857,129853.5,0.0,0.0,0
15m,1777857300.0,1.3857,1.3871,1.3839,1.3869,91098.94,0.0,0.0,0
15m,1777858200.0,1.3869,1.4011,1.3869,1.3908,452642.81,0.0,0.0,0
15m,1777859100.0,1.3908,1.4075,1.3907,1.4047,1859707.71,0.0,0.0,0
15m,1777860000.0,1.4047,1.4112,1.4009,1.4061,807708.97,0.0,0.0,0
15m,1777860900.0,1.4061,1.4095,1.4024,1.4053,616339.73,0.0,0.0,0
15m,1777861800.0,1.4053,1.413,1.4053,1.4114,540311.87,0.0,0.0,0
15m,1777862700.0,1.4114,1.4152,1.4098,1.4106,450347.49,0.0,0.0,0
15m,1777863600.0,1.4106,1.4149,1.4086,1.4136,328792.19,0.0,0.0,0
15m,1777864500.0,1.4136,1.4136,1.4094,1.4103,370965.83,0.0,0.0,0
15m,1777865400.0,1.4103,1.412,1.408,1.4116,500712.33,0.0,0.0,0
15m,1777866300.0,1.4116,1.4135,1.4096,1.4132,561673.06,0.0,0.0,0
15m,1777867200.0,1.4132,1.416,1.4132,1.4157,329639.78,0.0,0.0,0
15m,1777868100.0,1.4157,1.4209,1.4156,1.4173,569271.4,0.0,0.0,0
15m,1777869000.0,1.4173,1.4193,1.4167,1.4178,217074.59,0.0,0.0,0
15m,1777869900.0,1.4178,1.4185,1.4153,1.4165,163621.38,0.0,0.0,0
15m,1777870800.0,1.4165,1.4176,1.4139,1.4144,212721.31,0.0,0.0,0
15m,1777871700.0,1.4144,1.4145,1.4109,1.4112,359256.19,0.0,0.0,0
15m,1777872600.0,1.4112,1.415,1.4111,1.414,161543.59,0.0,0.0,0
15m,1777873500.0,1.414,1.4141,1.4114,1.4118,235303.0,0.0,0.0,0
15m,1777874400.0,1.4118,1.4127,1.4088,1.4106,334174.98,0.0,0.0,0
15m,1777875300.0,1.4106,1.4113,1.4021,1.4054,351712.92,0.0,0.0,0
15m,1777876200.0,1.4054,1.4087,1.4048,1.4079,175863.87,0.0,0.0,0
15m,1777877100.0,1.4079,1.4113,1.4072,1.4091,572753.2,0.0,0.0,0
15m,1777878000.0,1.4091,1.4132,1.408,1.4132,156281.31,0.0,0.0,0
15m,1777878900.0,1.4132,1.4138,1.4109,1.4114,96478.63,0.0,0.0,0
15m,1777879800.0,1.4114,1.4119,1.4089,1.4116,89631.41,0.0,0.0,0
15m,1777880700.0,1.4116,1.4143,1.4101,1.4106,174181.82,0.0,0.0,0
15m,1777881600.0,1.4106,1.412,1.4073,1.412,206617.8,0.0,0.0,0
15m,1777882500.0,1.412,1.4125,1.4099,1.4112,83167.11,0.0,0.0,0
15m,1777883400.0,1.4112,1.4123,1.4101,1.4101,123305.69,0.0,0.0,0
15m,1777884300.0,1.4101,1.4128,1.41,1.4115,75416.07,0.0,0.0,0
15m,1777885200.0,1.4115,1.4157,1.4109,1.4142,207192.51,0.0,0.0,0
15m,1777886100.0,1.4142,1.4159,1.4138,1.4141,158835.53,0.0,0.0,0
15m,1777887000.0,1.4141,1.4194,1.4136,1.419,328631.13,0.0,0.0,0
15m,1777887900.0,1.419,1.4197,1.4168,1.4173,297198.91,0.0,0.0,0
15m,1777888800.0,1.4173,1.4179,1.3917,1.3943,1583710.26,0.0,0.0,0
15m,1777889700.0,1.3943,1.3949,1.3857,1.3892,836568.72,0.0,0.0,0
15m,1777890600.0,1.3892,1.3984,1.3883,1.3968,729843.6,0.0,0.0,0
15m,1777891500.0,1.3968,1.3984,1.3941,1.3953,121018.42,0.0,0.0,0
15m,1777892400.0,1.3953,1.3978,1.3947,1.3963,135864.43,0.0,0.0,0
15m,1777893300.0,1.3963,1.3972,1.3927,1.3931,343088.99,0.0,0.0,0
15m,1777894200.0,1.3931,1.395,1.3923,1.3931,274735.67,0.0,0.0,0
15m,1777895100.0,1.3931,1.3957,1.3928,1.3939,144892.03,0.0,0.0,0
15m,1777896000.0,1.3939,1.3948,1.3925,1.3937,170636.99,0.0,0.0,0
15m,1777896900.0,1.3937,1.3966,1.3925,1.3947,130261.11,0.0,0.0,0
15m,1777897800.0,1.3947,1.3953,1.3935,1.3951,185875.75,0.0,0.0,0
15m,1777898700.0,1.3951,1.3958,1.3928,1.3933,180448.12,0.0,0.0,0
15m,1777899600.0,1.3933,1.3972,1.3886,1.3945,456786.67,0.0,0.0,0
15m,1777900500.0,1.3945,1.3966,1.394,1.3963,65291.56,0.0,0.0,0
15m,1777901400.0,1.3963,1.3997,1.3953,1.3963,256807.92,0.0,0.0,0
15m,1777902300.0,1.3963,1.3974,1.3922,1.3933,231675.1,0.0,0.0,0
15m,1777903200.0,1.3933,1.3961,1.3889,1.3959,402277.45,0.0,0.0,0
15m,1777904100.0,1.3959,1.4,1.3955,1.3973,321049.1,0.0,0.0,0
15m,1777905000.0,1.3973,1.404,1.3971,1.4016,465101.9,0.0,0.0,0
15m,1777905900.0,1.4016,1.4134,1.4016,1.408,889881.59,0.0,0.0,0
15m,1777906800.0,1.408,1.409,1.4044,1.4065,378162.88,0.0,0.0,0
15m,1777907700.0,1.4065,1.4085,1.3951,1.399,1005203.58,0.0,0.0,0
15m,1777908600.0,1.399,1.4,1.3948,1.3989,318623.63,0.0,0.0,0
15m,1777909500.0,1.3989,1.4005,1.393,1.3988,490331.66,0.0,0.0,0
15m,1777910400.0,1.3988,1.3995,1.3938,1.395,494915.35,0.0,0.0,0
15m,1777911300.0,1.395,1.4052,1.3938,1.4029,489585.14,0.0,0.0,0
15m,1777912200.0,1.4029,1.4046,1.4018,1.4033,182811.95,0.0,0.0,0
15m,1777913100.0,1.4033,1.4036,1.3996,1.4006,169774.94,0.0,0.0,0
15m,1777914000.0,1.4006,1.4065,1.4,1.4052,240529.73,0.0,0.0,0
15m,1777914900.0,1.4052,1.4075,1.4047,1.4063,127356.81,0.0,0.0,0
15m,1777915800.0,1.4063,1.4064,1.4035,1.4051,66639.89,0.0,0.0,0
15m,1777916700.0,1.4051,1.4122,1.4046,1.4086,223333.82,0.0,0.0,0
15m,1777917600.0,1.4086,1.4098,1.4072,1.4089,81410.59,0.0,0.0,0
15m,1777918500.0,1.4089,1.4089,1.4044,1.4063,126810.38,0.0,0.0,0
15m,1777919400.0,1.4063,1.4066,1.4035,1.4036,95295.63,0.0,0.0,0
15m,1777920300.0,1.4036,1.4045,1.402,1.4039,63942.16,0.0,0.0,0
15m,1777921200.0,1.4039,1.4043,1.4003,1.4014,129167.03,0.0,0.0,0
15m,1777922100.0,1.4014,1.4015,1.3983,1.399,70739.5,0.0,0.0,0
15m,1777923000.0,1.399,1.4,1.3981,1.3988,12508.21,0.0,0.0,0
15m,1777923900.0,1.3988,1.3995,1.3978,1.398,74997.0,0.0,0.0,0
15m,1777924800.0,1.398,1.3982,1.3949,1.3972,115933.09,0.0,0.0,0
15m,1777925700.0,1.3972,1.3977,1.3937,1.3941,72249.74,0.0,0.0,0
15m,1777926600.0,1.3941,1.3945,1.3925,1.3929,82419.68,0.0,0.0,0
15m,1777927500.0,1.3929,1.3939,1.3927,1.3933,53737.5,0.0,0.0,0
15m,1777928400.0,1.3933,1.3955,1.3933,1.3955,75548.99,0.0,0.0,0
15m,1777929300.0,1.3955,1.397,1.3947,1.396,70617.99,0.0,0.0,0
15m,1777930200.0,1.396,1.3982,1.396,1.3975,51464.28,0.0,0.0,0
15m,1777931100.0,1.3975,1.3989,1.3972,1.3974,86232.12,0.0,0.0,0
15m,1777932000.0,1.3974,1.4011,1.3971,1.4007,79616.65,0.0,0.0,0
15m,1777932900.0,1.4007,1.4012,1.3972,1.3974,63805.67,0.0,0.0,0
15m,1777933800.0,1.3974,1.3975,1.3947,1.3951,96181.83,0.0,0.0,0
15m,1777934700.0,1.3951,1.3969,1.3945,1.3955,57094.7,0.0,0.0,0
15m,1777935600.0,1.3955,1.3955,1.3919,1.3928,100207.95,0.0,0.0,0
15m,1777936500.0,1.3928,1.3941,1.3919,1.3941,65237.15,0.0,0.0,0
15m,1777937400.0,1.3941,1.3941,1.3902,1.3907,140319.34,0.0,0.0,0
15m,1777938300.0,1.3907,1.3928,1.3907,1.3917,71669.72,0.0,0.0,0
15m,1777939200.0,1.3917,1.3938,1.3912,1.3917,54408.37,0.0,0.0,0
15m,1777940100.0,1.3917,1.3924,1.3906,1.3906,45601.93,0.0,0.0,0
15m,1777941000.0,1.3906,1.3944,1.3905,1.3942,106524.67,0.0,0.0,0
15m,1777941900.0,1.3942,1.3959,1.3936,1.3958,49189.66,0.0,0.0,0
15m,1777942800.0,1.3958,1.3979,1.3936,1.3974,124258.02,0.0,0.0,0
15m,1777943700.0,1.3974,1.3978,1.3954,1.3968,50853.12,0.0,0.0,0
15m,1777944600.0,1.3968,1.3982,1.3952,1.3962,92084.05,0.0,0.0,0
15m,1777945500.0,1.3962,1.3983,1.3962,1.3971,32567.36,0.0,0.0,0
15m,1777946400.0,1.3971,1.4003,1.3965,1.3986,163736.32,0.0,0.0,0
15m,1777947300.0,1.3986,1.4009,1.3979,1.4003,51227.21,0.0,0.0,0
15m,1777948200.0,1.4003,1.4042,1.4,1.4038,300015.74,0.0,0.0,0
15m,1777949100.0,1.4038,1.4047,1.3998,1.4005,196134.76,0.0,0.0,0
15m,1777950000.0,1.4005,1.4038,1.3993,1.4029,58491.75,0.0,0.0,0
15m,1777950900.0,1.4029,1.405,1.4023,1.4043,113149.34,0.0,0.0,0
15m,1777951800.0,1.4043,1.4089,1.4032,1.4089,163268.29,0.0,0.0,0
15m,1777952700.0,1.4089,1.4098,1.4052,1.4057,222101.21,0.0,0.0,0
15m,1777953600.0,1.4057,1.4068,1.4035,1.4039,88352.51,0.0,0.0,0
15m,1777954500.0,1.4039,1.4054,1.4027,1.4028,222441.6,0.0,0.0,0
15m,1777955400.0,1.4028,1.4028,1.4009,1.4012,103541.03,0.0,0.0,0
15m,1777956300.0,1.4012,1.4045,1.4007,1.4019,149962.22,0.0,0.0,0
15m,1777957200.0,1.4019,1.4019,1.4001,1.4002,147859.83,0.0,0.0,0
15m,1777958100.0,1.4002,1.4041,1.4002,1.4032,121173.65,0.0,0.0,0
15m,1777959000.0,1.4032,1.4068,1.4023,1.4023,104965.28,0.0,0.0,0
15m,1777959900.0,1.4023,1.4036,1.4,1.4017,237053.81,0.0,0.0,0
15m,1777960800.0,1.4017,1.4045,1.4012,1.4043,105535.33,0.0,0.0,0
15m,1777961700.0,1.4043,1.4046,1.401,1.4014,169157.15,0.0,0.0,0
15m,1777962600.0,1.4014,1.403,1.4013,1.4017,61073.03,0.0,0.0,0
15m,1777963500.0,1.4017,1.4073,1.4017,1.4072,126036.95,0.0,0.0,0
15m,1777964400.0,1.4072,1.409,1.4022,1.4053,619863.92,0.0,0.0,0
15m,1777965300.0,1.4053,1.408,1.4049,1.4071,144345.85,0.0,0.0,0
15m,1777966200.0,1.4071,1.41,1.407,1.4075,243437.76,0.0,0.0,0
15m,1777967100.0,1.4075,1.4077,1.4055,1.407,232418.14,0.0,0.0,0
15m,1777968000.0,1.407,1.4087,1.4065,1.4081,192580.58,0.0,0.0,0
15m,1777968900.0,1.4081,1.4084,1.4061,1.4083,153695.48,0.0,0.0,0
15m,1777969800.0,1.4083,1.4095,1.4064,1.4068,229947.52,0.0,0.0,0
15m,1777970700.0,1.4068,1.4085,1.4066,1.4068,155477.29,0.0,0.0,0
15m,1777971600.0,1.4068,1.4071,1.4046,1.4047,110509.39,0.0,0.0,0
15m,1777972500.0,1.4047,1.4054,1.4035,1.4047,77396.02,0.0,0.0,0
15m,1777973400.0,1.4047,1.4052,1.4024,1.4026,99362.72,0.0,0.0,0
15m,1777974300.0,1.4026,1.4035,1.4019,1.4035,77977.65,0.0,0.0,0
15m,1777975200.0,1.4035,1.4053,1.4026,1.404,178009.5,0.0,0.0,0
15m,1777976100.0,1.404,1.4049,1.4032,1.4037,107873.41,0.0,0.0,0
15m,1777977000.0,1.4037,1.4076,1.4036,1.4065,292459.7,0.0,0.0,0
15m,1777977900.0,1.4065,1.4072,1.4048,1.4066,94412.2,0.0,0.0,0
15m,1777978800.0,1.4066,1.4068,1.4048,1.4059,175990.83,0.0,0.0,0
15m,1777979700.0,1.4059,1.4059,1.402,1.4049,131620.36,0.0,0.0,0
15m,1777980600.0,1.4049,1.4076,1.4049,1.4073,126097.43,0.0,0.0,0
15m,1777981500.0,1.4073,1.4087,1.4054,1.4078,123566.57,0.0,0.0,0
15m,1777982400.0,1.4078,1.4097,1.4065,1.4085,94448.31,0.0,0.0,0
15m,1777983300.0,1.4085,1.4101,1.4078,1.41,128793.56,0.0,0.0,0
15m,1777984200.0,1.41,1.413,1.41,1.4123,353278.64,0.0,0.0,0
15m,1777985100.0,1.4123,1.414,1.4115,1.4129,263801.46,0.0,0.0,0
15m,1777986000.0,1.4129,1.4202,1.4127,1.4179,642353.84,0.0,0.0,0
15m,1777986900.0,1.4179,1.4187,1.4138,1.4149,307349.01,0.0,0.0,0
15m,1777987800.0,1.4149,1.4164,1.4117,1.4144,313660.91,0.0,0.0,0
15m,1777988700.0,1.4144,1.4171,1.4108,1.4135,162019.82,0.0,0.0,0
15m,1777989600.0,1.4135,1.4137,1.4082,1.4084,408024.47,0.0,0.0,0
15m,1777990500.0,1.4084,1.4105,1.4048,1.41,351049.98,0.0,0.0,0
15m,1777991400.0,1.41,1.4117,1.4052,1.4073,126455.23,0.0,0.0,0
15m,1777992300.0,1.4073,1.4116,1.4054,1.411,141287.28,0.0,0.0,0
15m,1777993200.0,1.411,1.4157,1.4101,1.4142,137890.93,0.0,0.0,0
15m,1777994100.0,1.4142,1.4151,1.413,1.4149,81005.85,0.0,0.0,0
15m,1777995000.0,1.4149,1.4159,1.4128,1.4128,123247.58,0.0,0.0,0
15m,1777995900.0,1.4128,1.4144,1.4117,1.4117,101833.46,0.0,0.0,0
15m,1777996800.0,1.4117,1.4133,1.4113,1.4125,170034.79,0.0,0.0,0
15m,1777997700.0,1.4125,1.4149,1.4097,1.4113,108269.17,0.0,0.0,0
15m,1777998600.0,1.4113,1.4113,1.4046,1.405,340920.36,0.0,0.0,0
15m,1777999500.0,1.405,1.4094,1.4048,1.408,55175.48,0.0,0.0,0
15m,1778000400.0,1.408,1.4087,1.405,1.4066,134065.98,0.0,0.0,0
15m,1778001300.0,1.4066,1.4094,1.4065,1.4082,110032.39,0.0,0.0,0
15m,1778002200.0,1.4082,1.4091,1.4059,1.4086,95666.37,0.0,0.0,0
15m,1778003100.0,1.4086,1.4097,1.4077,1.4083,103574.26,0.0,0.0,0
15m,1778004000.0,1.4083,1.4125,1.408,1.4123,175376.97,0.0,0.0,0
15m,1778004900.0,1.4123,1.4123,1.4092,1.4108,59560.31,0.0,0.0,0
15m,1778005800.0,1.4108,1.411,1.4093,1.4106,43047.25,0.0,0.0,0
15m,1778006700.0,1.4106,1.4122,1.4092,1.41,42170.02,0.0,0.0,0
15m,1778007600.0,1.41,1.4104,1.4092,1.4092,74226.15,0.0,0.0,0
15m,1778008500.0,1.4092,1.4119,1.4087,1.4113,66956.89,0.0,0.0,0
15m,1778009400.0,1.4113,1.4134,1.4107,1.4133,69170.75,0.0,0.0,0
15m,1778010300.0,1.4133,1.4135,1.4105,1.4129,117452.26,0.0,0.0,0
15m,1778011200.0,1.4129,1.4163,1.4125,1.4144,208384.35,0.0,0.0,0
15m,1778012100.0,1.4144,1.4162,1.4125,1.4135,114376.71,0.0,0.0,0
15m,1778013000.0,1.4135,1.4179,1.4135,1.4163,134609.67,0.0,0.0,0
15m,1778013900.0,1.4163,1.4172,1.415,1.4168,55524.76,0.0,0.0,0
15m,1778014800.0,1.4168,1.4224,1.4158,1.417,398187.54,0.0,0.0,0
15m,1778015700.0,1.417,1.4182,1.4143,1.4146,206659.54,0.0,0.0,0
15m,1778016600.0,1.4146,1.4162,1.413,1.4133,297080.72,0.0,0.0,0
15m,1778017500.0,1.4133,1.4172,1.4133,1.4158,74962.56,0.0,0.0,0
15m,1778018400.0,1.4158,1.4213,1.4158,1.4178,153553.61,0.0,0.0,0
15m,1778019300.0,1.4178,1.4206,1.4172,1.4184,115604.34,0.0,0.0,0
15m,1778020200.0,1.4184,1.4184,1.4099,1.4119,359411.56,0.0,0.0,0
15m,1778021100.0,1.4119,1.4184,1.4108,1.4156,683780.76,0.0,0.0,0
15m,1778022000.0,1.4156,1.4179,1.4143,1.4172,102697.58,0.0,0.0,0
15m,1778022900.0,1.4172,1.4172,1.4122,1.4122,59735.76,0.0,0.0,0
15m,1778023800.0,1.4122,1.4132,1.4093,1.4122,98301.56,0.0,0.0,0
15m,1778024700.0,1.4122,1.4141,1.412,1.4128,77090.37,0.0,0.0,0
15m,1778025600.0,1.4128,1.415,1.4125,1.4132,305980.03,0.0,0.0,0
15m,1778026500.0,1.4132,1.4147,1.4092,1.4096,525105.12,0.0,0.0,0
15m,1778027400.0,1.4096,1.4106,1.409,1.4091,593263.46,0.0,0.0,0
15m,1778028300.0,1.4091,1.4121,1.4072,1.411,453958.73,0.0,0.0,0
15m,1778029200.0,1.411,1.4133,1.4098,1.4133,61737.87,0.0,0.0,0
15m,1778030100.0,1.4133,1.4183,1.4133,1.417,231579.93,0.0,0.0,0
15m,1778031000.0,1.417,1.4178,1.4158,1.4161,547170.06,0.0,0.0,0
15m,1778031900.0,1.4161,1.4195,1.4159,1.418,837060.06,0.0,0.0,0
15m,1778032800.0,1.418,1.4184,1.4152,1.4162,121384.87,0.0,0.0,0
15m,1778033700.0,1.4162,1.4162,1.4119,1.4123,79458.97,0.0,0.0,0
15m,1778034600.0,1.4123,1.4137,1.4103,1.4125,148644.4,0.0,0.0,0
15m,1778035500.0,1.4125,1.4169,1.4125,1.4164,116911.42,0.0,0.0,0
15m,1778036400.0,1.4164,1.4201,1.4162,1.4179,101063.53,0.0,0.0,0
15m,1778037300.0,1.4179,1.4216,1.4163,1.4199,198605.54,0.0,0.0,0
15m,1778038200.0,1.4199,1.4242,1.4198,1.4205,520961.8,0.0,0.0,0
15m,1778039100.0,1.4205,1.4227,1.4184,1.4218,187105.45,0.0,0.0,0
15m,1778040000.0,1.4218,1.4241,1.4207,1.4219,227602.64,0.0,0.0,0
15m,1778040900.0,1.4219,1.4225,1.4191,1.4192,368487.98,0.0,0.0,0
15m,1778041800.0,1.4192,1.4204,1.4175,1.4201,110312.4,0.0,0.0,0
15m,1778042700.0,1.4201,1.4247,1.4181,1.4198,683420.8,0.0,0.0,0
15m,1778043600.0,1.4198,1.4206,1.4157,1.4171,99284.66,0.0,0.0,0
15m,1778044500.0,1.4171,1.4184,1.416,1.4176,224122.47,0.0,0.0,0
15m,1778045400.0,1.4176,1.4206,1.414,1.4177,877597.72,0.0,0.0,0
15m,1778046300.0,1.4177,1.4232,1.4175,1.4225,730764.6,0.0,0.0,0
15m,1778047200.0,1.4225,1.4262,1.4217,1.4229,262655.38,0.0,0.0,0
15m,1778048100.0,1.4229,1.425,1.4209,1.4246,89433.38,0.0,0.0,0
15m,1778049000.0,1.4246,1.4272,1.4236,1.4272,312410.0,0.0,0.0,0
15m,1778049900.0,1.4272,1.4273,1.4251,1.4259,183230.5,0.0,0.0,0
15m,1778050800.0,1.4259,1.4276,1.4244,1.4257,152887.28,0.0,0.0,0
15m,1778051700.0,1.4257,1.4341,1.4254,1.4313,610356.29,0.0,0.0,0
15m,1778052600.0,1.4313,1.4344,1.4285,1.4326,749327.12,0.0,0.0,0
15m,1778053500.0,1.4326,1.4354,1.4303,1.4313,205207.12,0.0,0.0,0
15m,1778054400.0,1.4313,1.4351,1.4298,1.4325,241439.16,0.0,0.0,0
15m,1778055300.0,1.4325,1.4325,1.4301,1.4318,118098.83,0.0,0.0,0
15m,1778056200.0,1.4318,1.4376,1.4317,1.4366,194935.96,0.0,0.0,0
15m,1778057100.0,1.4366,1.4434,1.4341,1.4429,848594.83,0.0,0.0,0
15m,1778058000.0,1.4429,1.4443,1.4386,1.4388,291124.09,0.0,0.0,0
15m,1778058900.0,1.4388,1.4415,1.4387,1.4404,138950.13,0.0,0.0,0
15m,1778059800.0,1.4404,1.4465,1.44,1.4459,454358.61,0.0,0.0,0
15m,1778060700.0,1.4459,1.4509,1.4431,1.4491,1052575.54,0.0,0.0,0
15m,1778061600.0,1.4491,1.451,1.4467,1.449,381788.55,0.0,0.0,0
15m,1778062500.0,1.449,1.4523,1.4487,1.4504,379754.98,0.0,0.0,0
15m,1778063400.0,1.4504,1.4517,1.4486,1.451,249533.76,0.0,0.0,0
15m,1778064300.0,1.451,1.4539,1.449,1.4511,339504.73,0.0,0.0,0
15m,1778065200.0,1.4511,1.4542,1.4503,1.4532,235204.26,0.0,0.0,0
15m,1778066100.0,1.4532,1.457,1.4529,1.4535,277229.39,0.0,0.0,0
15m,1778067000.0,1.4535,1.4541,1.4491,1.4504,415116.2,0.0,0.0,0
15m,1778067900.0,1.4504,1.4524,1.4496,1.4509,175567.96,0.0,0.0,0
15m,1778068800.0,1.4509,1.4523,1.4461,1.4466,819103.05,0.0,0.0,0
15m,1778069700.0,1.4466,1.4502,1.4455,1.4488,242901.71,0.0,0.0,0
15m,1778070600.0,1.4488,1.4501,1.4476,1.4483,81546.64,0.0,0.0,0
15m,1778071500.0,1.4483,1.4492,1.4446,1.4451,257197.74,0.0,0.0,0
15m,1778072400.0,1.4451,1.4451,1.431,1.4362,433304.58,0.0,0.0,0
15m,1778073300.0,1.4362,1.4373,1.4227,1.4259,1453568.14,0.0,0.0,0
15m,1778074200.0,1.4259,1.4297,1.4227,1.4265,978834.94,0.0,0.0,0
15m,1778075100.0,1.4265,1.4268,1.418,1.4226,885910.65,0.0,0.0,0
15m,1778076000.0,1.4226,1.4231,1.4133,1.4201,629191.94,0.0,0.0,0
15m,1778076900.0,1.4201,1.4241,1.4173,1.4232,761342.12,0.0,0.0,0
15m,1778077800.0,1.4232,1.4278,1.4232,1.4278,985367.34,0.0,0.0,0
15m,1778078700.0,1.4278,1.4295,1.4228,1.4233,432752.8,0.0,0.0,0
15m,1778079600.0,1.4233,1.4257,1.4215,1.4229,197731.04,0.0,0.0,0
15m,1778080500.0,1.4229,1.4297,1.4229,1.4276,198529.17,0.0,0.0,0
15m,1778081400.0,1.4276,1.4307,1.4248,1.4289,233874.88,0.0,0.0,0
15m,1778082300.0,1.4289,1.4322,1.4289,1.4299,514604.95,0.0,0.0,0
15m,1778083200.0,1.4299,1.4344,1.428,1.4315,287419.9,0.0,0.0,0
15m,1778084100.0,1.4315,1.4333,1.425,1.4256,543509.94,0.0,0.0,0
15m,1778085000.0,1.4256,1.4299,1.4238,1.4299,197567.68,0.0,0.0,0
15m,1778085900.0,1.4299,1.4322,1.4285,1.4291,155293.56,0.0,0.0,0
15m,1778086800.0,1.4291,1.4308,1.4283,1.4287,204127.17,0.0,0.0,0
15m,1778087700.0,1.4287,1.4287,1.4242,1.4268,220887.19,0.0,0.0,0
15m,1778088600.0,1.4268,1.4293,1.4264,1.4291,167716.02,0.0,0.0,0
15m,1778089500.0,1.4291,1.4292,1.4248,1.4258,221117.73,0.0,0.0,0
15m,1778090400.0,1.4258,1.4265,1.4211,1.4252,273197.31,0.0,0.0,0
15m,1778091300.0,1.4252,1.427,1.4247,1.4247,90967.12,0.0,0.0,0
15m,1778092200.0,1.4247,1.4258,1.4225,1.4243,144037.57,0.0,0.0,0
15m,1778093100.0,1.4243,1.4252,1.4223,1.4227,131474.55,0.0,0.0,0
15m,1778094000.0,1.4227,1.4265,1.4222,1.4234,247889.37,0.0,0.0,0
15m,1778094900.0,1.4234,1.4265,1.4228,1.4252,347136.97,0.0,0.0,0
15m,1778095800.0,1.4252,1.4268,1.4243,1.4259,545682.44,0.0,0.0,0
15m,1778096700.0,1.4259,1.4287,1.425,1.4277,843744.21,0.0,0.0,0
15m,1778097600.0,1.4277,1.4288,1.4267,1.4279,293157.29,0.0,0.0,0
15m,1778098500.0,1.4279,1.4279,1.4259,1.426,186454.21,0.0,0.0,0
15m,1778099400.0,1.426,1.4264,1.4221,1.4222,382959.39,0.0,0.0,0
15m,1778100300.0,1.4222,1.4244,1.4213,1.4244,140500.16,0.0,0.0,0
15m,1778101200.0,1.4244,1.4257,1.4218,1.4229,234370.16,0.0,0.0,0
15m,1778102100.0,1.4229,1.4252,1.4229,1.4251,191935.55,0.0,0.0,0
15m,1778103000.0,1.4251,1.4283,1.4247,1.4273,282502.02,0.0,0.0,0
15m,1778103900.0,1.4273,1.4283,1.4261,1.4264,255033.43,0.0,0.0,0
15m,1778104800.0,1.4264,1.4268,1.4227,1.4239,355148.62,0.0,0.0,0
15m,1778105700.0,1.4239,1.424,1.422,1.4221,192161.51,0.0,0.0,0
15m,1778106600.0,1.4221,1.4241,1.4221,1.4229,138013.86,0.0,0.0,0
15m,1778107500.0,1.4229,1.4234,1.4215,1.4221,211313.8,0.0,0.0,0
15m,1778108400.0,1.4221,1.4221,1.4166,1.4206,370342.69,0.0,0.0,0
15m,1778109300.0,1.4206,1.4244,1.4206,1.4242,163538.58,0.0,0.0,0
15m,1778110200.0,1.4242,1.4242,1.4228,1.4235,98970.05,0.0,0.0,0
15m,1778111100.0,1.4235,1.4251,1.4235,1.4248,100691.85,0.0,0.0,0
15m,1778112000.0,1.4248,1.4256,1.423,1.4233,113209.9,0.0,0.0,0
15m,1778112900.0,1.4233,1.4233,1.42,1.42,121185.32,0.0,0.0,0
15m,1778113800.0,1.42,1.4203,1.4171,1.4181,264994.06,0.0,0.0,0
15m,1778114700.0,1.4181,1.4197,1.4171,1.4179,230359.81,0.0,0.0,0
15m,1778115600.0,1.4179,1.4182,1.4128,1.4182,392506.78,0.0,0.0,0
15m,1778116500.0,1.4182,1.4186,1.4131,1.4172,107926.98,0.0,0.0,0
15m,1778117400.0,1.4172,1.4195,1.416,1.4179,182718.97,0.0,0.0,0
15m,1778118300.0,1.4179,1.4186,1.4147,1.4155,191529.54,0.0,0.0,0
15m,1778119200.0,1.4155,1.4163,1.4101,1.4107,425988.51,0.0,0.0,0
15m,1778120100.0,1.4107,1.4129,1.4105,1.4118,137151.08,0.0,0.0,0
15m,1778121000.0,1.4118,1.4136,1.4106,1.4122,111248.43,0.0,0.0,0
15m,1778121900.0,1.4122,1.4141,1.4115,1.4119,354086.49,0.0,0.0,0
15m,1778122800.0,1.4119,1.4119,1.4102,1.4104,653739.48,0.0,0.0,0
15m,1778123700.0,1.4104,1.4112,1.4046,1.4059,1039963.93,0.0,0.0,0
15m,1778124600.0,1.4059,1.4077,1.4028,1.4073,653125.92,0.0,0.0,0
15m,1778125500.0,1.4073,1.4078,1.4049,1.4051,323040.09,0.0,0.0,0
15m,1778126400.0,1.4051,1.4082,1.404,1.4071,603635.94,0.0,0.0,0
15m,1778127300.0,1.4071,1.4097,1.4066,1.4092,254735.54,0.0,0.0,0
15m,1778128200.0,1.4092,1.4097,1.4049,1.4079,735430.84,0.0,0.0,0
15m,1778129100.0,1.4079,1.4097,1.4071,1.4076,434186.68,0.0,0.0,0
15m,1778130000.0,1.4076,1.4134,1.4073,1.4106,981595.44,0.0,0.0,0
15m,1778130900.0,1.4106,1.4129,1.4101,1.4124,280419.72,0.0,0.0,0
15m,1778131800.0,1.4124,1.4143,1.4107,1.4117,310574.79,0.0,0.0,0
15m,1778132700.0,1.4117,1.412,1.4101,1.411,261845.16,0.0,0.0,0
15m,1778133600.0,1.411,1.411,1.4048,1.4061,604804.4,0.0,0.0,0
15m,1778134500.0,1.4061,1.409,1.4061,1.409,132633.36,0.0,0.0,0
15m,1778135400.0,1.409,1.4156,1.4087,1.4153,344819.52,0.0,0.0,0
15m,1778136300.0,1.4153,1.4163,1.4141,1.4158,166504.25,0.0,0.0,0
15m,1778137200.0,1.4158,1.4187,1.4147,1.4187,212794.78,0.0,0.0,0
15m,1778138100.0,1.4187,1.4202,1.4172,1.4177,221701.94,0.0,0.0,0
15m,1778139000.0,1.4177,1.4213,1.4177,1.4205,267215.06,0.0,0.0,0
15m,1778139900.0,1.4205,1.4214,1.4187,1.4199,163705.25,0.0,0.0,0
15m,1778140800.0,1.4199,1.4211,1.4181,1.4183,166829.88,0.0,0.0,0
15m,1778141700.0,1.4183,1.4189,1.4157,1.4172,182148.27,0.0,0.0,0
15m,1778142600.0,1.4172,1.4192,1.4156,1.4165,104571.53,0.0,0.0,0
15m,1778143500.0,1.4165,1.4185,1.4156,1.4161,164248.88,0.0,0.0,0
15m,1778144400.0,1.4161,1.4162,1.4143,1.416,316698.08,0.0,0.0,0
15m,1778145300.0,1.416,1.4162,1.412,1.4129,141163.36,0.0,0.0,0
15m,1778146200.0,1.4129,1.4138,1.4104,1.4108,509841.73,0.0,0.0,0
15m,1778147100.0,1.4108,1.4121,1.4105,1.4115,168195.95,0.0,0.0,0
15m,1778148000.0,1.4115,1.4138,1.4106,1.4114,295647.01,0.0,0.0,0
15m,1778148900.0,1.4114,1.4131,1.4065,1.4076,292878.55,0.0,0.0,0
15m,1778149800.0,1.4076,1.4109,1.4074,1.4106,187970.17,0.0,0.0,0
15m,1778150700.0,1.4106,1.411,1.4093,1.4098,188386.7,0.0,0.0,0
15m,1778151600.0,1.4098,1.4134,1.4094,1.4115,154513.8,0.0,0.0,0
15m,1778152500.0,1.4115,1.4132,1.4107,1.4112,129893.45,0.0,0.0,0
15m,1778153400.0,1.4112,1.4125,1.4107,1.4118,138487.88,0.0,0.0,0
15m,1778154300.0,1.4118,1.412,1.4086,1.4097,101736.72,0.0,0.0,0
15m,1778155200.0,1.4097,1.4132,1.4092,1.4132,469686.64,0.0,0.0,0
15m,1778156100.0,1.4132,1.4135,1.4115,1.4131,227001.61,0.0,0.0,0
15m,1778157000.0,1.4131,1.4146,1.4126,1.4141,126568.96,0.0,0.0,0
15m,1778157900.0,1.4141,1.4149,1.4126,1.4147,124439.94,0.0,0.0,0
15m,1778158800.0,1.4147,1.4147,1.409,1.4094,135714.86,0.0,0.0,0
15m,1778159700.0,1.4094,1.4126,1.4088,1.4104,125842.21,0.0,0.0,0
15m,1778160600.0,1.4104,1.4105,1.4025,1.403,376263.43,0.0,0.0,0
15m,1778161500.0,1.403,1.4042,1.3966,1.4014,1024581.97,0.0,0.0,0
15m,1778162400.0,1.4014,1.4038,1.3991,1.4037,337362.41,0.0,0.0,0
15m,1778163300.0,1.4037,1.4037,1.397,1.397,817972.15,0.0,0.0,0
15m,1778164200.0,1.397,1.3975,1.3911,1.3933,1291151.67,0.0,0.0,0
15m,1778165100.0,1.3933,1.3943,1.3916,1.3931,1053850.18,0.0,0.0,0
15m,1778166000.0,1.3931,1.3945,1.3916,1.3928,1217847.71,0.0,0.0,0
15m,1778166900.0,1.3928,1.3946,1.3831,1.3876,2041518.88,0.0,0.0,0
15m,1778167800.0,1.3876,1.3933,1.3871,1.3927,515810.42,0.0,0.0,0
15m,1778168700.0,1.3927,1.394,1.3894,1.3905,182317.9,0.0,0.0,0
15m,1778169600.0,1.3905,1.3914,1.3866,1.39,925059.92,0.0,0.0,0
15m,1778170500.0,1.39,1.3924,1.3867,1.3919,400813.63,0.0,0.0,0
15m,1778171400.0,1.3919,1.3919,1.3875,1.3904,448991.32,0.0,0.0,0
15m,1778172300.0,1.3904,1.391,1.3871,1.3886,356302.67,0.0,0.0,0
15m,1778173200.0,1.3886,1.3919,1.3884,1.3918,352719.13,0.0,0.0,0
15m,1778174100.0,1.3918,1.3927,1.3838,1.3869,625292.03,0.0,0.0,0
15m,1778175000.0,1.3869,1.3897,1.3857,1.3887,494954.29,0.0,0.0,0
15m,1778175900.0,1.3887,1.392,1.3859,1.3916,520740.24,0.0,0.0,0
15m,1778176800.0,1.3916,1.3948,1.3914,1.3941,208640.04,0.0,0.0,0
15m,1778177700.0,1.3941,1.3958,1.3936,1.3953,326778.26,0.0,0.0,0
15m,1778178600.0,1.3953,1.3961,1.3909,1.3917,345769.02,0.0,0.0,0
15m,1778179500.0,1.3917,1.3935,1.3888,1.3922,269126.89,0.0,0.0,0
15m,1778180400.0,1.3922,1.3922,1.3893,1.3917,179292.11,0.0,0.0,0
15m,1778181300.0,1.3917,1.3919,1.3857,1.3859,201651.36,0.0,0.0,0
15m,1778182200.0,1.3859,1.3902,1.3859,1.388,198198.14,0.0,0.0,0
15m,1778183100.0,1.388,1.3902,1.3854,1.3859,398846.91,0.0,0.0,0
15m,1778184000.0,1.3859,1.3932,1.3856,1.3896,308610.08,0.0,0.0,0
15m,1778184900.0,1.3896,1.3905,1.3888,1.3898,122845.93,0.0,0.0,0
15m,1778185800.0,1.3898,1.3898,1.3852,1.3858,235433.22,0.0,0.0,0
15m,1778186700.0,1.3858,1.3864,1.3818,1.3826,295809.16,0.0,0.0,0
15m,1778187600.0,1.3826,1.3842,1.3802,1.3825,546721.44,0.0,0.0,0
15m,1778188500.0,1.3825,1.3862,1.3812,1.3862,170815.72,0.0,0.0,0
15m,1778189400.0,1.3862,1.3867,1.3845,1.3848,151014.55,0.0,0.0,0
15m,1778190300.0,1.3848,1.3852,1.3832,1.3836,79045.33,0.0,0.0,0
15m,1778191200.0,1.3836,1.3845,1.3802,1.3838,384417.51,0.0,0.0,0
15m,1778192100.0,1.3838,1.3866,1.3836,1.3845,204854.74,0.0,0.0,0
15m,1778193000.0,1.3845,1.3861,1.3818,1.3831,207596.51,0.0,0.0,0
15m,1778193900.0,1.3831,1.3855,1.3831,1.3849,65177.17,0.0,0.0,0
15m,1778194800.0,1.3849,1.3867,1.3842,1.386,106043.23,0.0,0.0,0
15m,1778195700.0,1.386,1.3866,1.3844,1.3858,115356.0,0.0,0.0,0
15m,1778196600.0,1.3858,1.3872,1.3856,1.3871,80840.78,0.0,0.0,0
15m,1778197500.0,1.3871,1.3876,1.3864,1.3867,294237.34,0.0,0.0,0
15m,1778198400.0,1.3867,1.3894,1.3862,1.3885,204416.02,0.0,0.0,0
15m,1778199300.0,1.3885,1.3898,1.3871,1.3876,171312.28,0.0,0.0,0
15m,1778200200.0,1.3876,1.3881,1.3862,1.3864,181456.39,0.0,0.0,0
15m,1778201100.0,1.3864,1.3864,1.3842,1.3854,81881.56,0.0,0.0,0
15m,1778202000.0,1.3854,1.3868,1.3831,1.3831,49350.87,0.0,0.0,0
15m,1778202900.0,1.3831,1.3848,1.3824,1.3845,100003.18,0.0,0.0,0
15m,1778203800.0,1.3845,1.386,1.3842,1.385,37706.09,0.0,0.0,0
15m,1778204700.0,1.385,1.386,1.3844,1.3857,44704.01,0.0,0.0,0
15m,1778205600.0,1.3857,1.3858,1.3821,1.3838,305973.33,0.0,0.0,0
15m,1778206500.0,1.3838,1.3838,1.3795,1.3824,249469.5,0.0,0.0,0
15m,1778207400.0,1.3824,1.386,1.3822,1.384,116776.34,0.0,0.0,0
15m,1778208300.0,1.384,1.3855,1.3824,1.3834,95117.45,0.0,0.0,0
15m,1778209200.0,1.3834,1.3834,1.3796,1.3824,188255.22,0.0,0.0,0
15m,1778210100.0,1.3824,1.3848,1.3824,1.3847,84442.64,0.0,0.0,0
15m,1778211000.0,1.3847,1.3867,1.3847,1.3867,105455.38,0.0,0.0,0
15m,1778211900.0,1.3867,1.3874,1.3851,1.3853,138089.31,0.0,0.0,0
15m,1778212800.0,1.3853,1.3867,1.3851,1.3864,482589.14,0.0,0.0,0
15m,1778213700.0,1.3864,1.387,1.3855,1.3868,146195.87,0.0,0.0,0
15m,1778214600.0,1.3868,1.3868,1.3837,1.384,81272.47,0.0,0.0,0
15m,1778215500.0,1.384,1.3861,1.384,1.3857,67031.45,0.0,0.0,0
15m,1778216400.0,1.3857,1.3862,1.3843,1.3858,133811.83,0.0,0.0,0
15m,1778217300.0,1.3858,1.3864,1.3852,1.3857,61246.86,0.0,0.0,0
15m,1778218200.0,1.3857,1.3875,1.3857,1.3874,147293.38,0.0,0.0,0
15m,1778219100.0,1.3874,1.3878,1.3832,1.3832,281159.13,0.0,0.0,0
15m,1778220000.0,1.3832,1.3832,1.3803,1.3829,273081.21,0.0,0.0,0
15m,1778220900.0,1.3829,1.3833,1.3778,1.3779,228411.55,0.0,0.0,0
15m,1778221800.0,1.3779,1.3825,1.3777,1.3813,316857.04,0.0,0.0,0
15m,1778222700.0,1.3813,1.3816,1.38,1.3816,54522.11,0.0,0.0,0
15m,1778223600.0,1.3816,1.3816,1.3791,1.3802,75078.65,0.0,0.0,0
15m,1778224500.0,1.3802,1.3832,1.3788,1.3803,295660.79,0.0,0.0,0
15m,1778225400.0,1.3803,1.3838,1.3803,1.3831,100668.25,0.0,0.0,0
15m,1778226300.0,1.3831,1.3847,1.383,1.3838,89481.75,0.0,0.0,0
15m,1778227200.0,1.3838,1.3868,1.382,1.385,758555.96,0.0,0.0,0
15m,1778228100.0,1.385,1.386,1.3848,1.3858,219522.22,0.0,0.0,0
15m,1778229000.0,1.3858,1.3887,1.3856,1.3884,120429.25,0.0,0.0,0
15m,1778229900.0,1.3884,1.3901,1.388,1.388,126442.78,0.0,0.0,0
15m,1778230800.0,1.388,1.3898,1.3868,1.3895,70844.11,0.0,0.0,0
15m,1778231700.0,1.3895,1.3915,1.3887,1.3898,124326.77,0.0,0.0,0
15m,1778232600.0,1.3898,1.3904,1.3876,1.3877,92982.95,0.0,0.0,0
15m,1778233500.0,1.3877,1.3877,1.3857,1.3869,127984.65,0.0,0.0,0
15m,1778234400.0,1.3869,1.3885,1.3852,1.3855,197548.02,0.0,0.0,0
15m,1778235300.0,1.3855,1.3864,1.3848,1.3855,253527.31,0.0,0.0,0
15m,1778236200.0,1.3855,1.3899,1.3855,1.3897,556058.18,0.0,0.0,0
15m,1778237100.0,1.3897,1.3918,1.3893,1.3896,382382.8,0.0,0.0,0
15m,1778238000.0,1.3896,1.3917,1.3895,1.3901,371563.73,0.0,0.0,0
15m,1778238900.0,1.3901,1.3924,1.3892,1.3914,649100.84,0.0,0.0,0
15m,1778239800.0,1.3914,1.3915,1.3888,1.3888,775942.22,0.0,0.0,0
15m,1778240700.0,1.3888,1.3916,1.3888,1.3911,336477.57,0.0,0.0,0
15m,1778241600.0,1.3911,1.3923,1.3904,1.3918,398508.11,0.0,0.0,0
15m,1778242500.0,1.3918,1.392,1.3899,1.3907,133268.7,0.0,0.0,0
15m,1778243400.0,1.3907,1.3939,1.3906,1.3914,437479.68,0.0,0.0,0
15m,1778244300.0,1.3914,1.3914,1.3863,1.3874,322544.17,0.0,0.0,0
15m,1778245200.0,1.3874,1.3884,1.3846,1.3851,335241.22,0.0,0.0,0
15m,1778246100.0,1.3851,1.3881,1.3842,1.3846,224609.72,0.0,0.0,0
15m,1778247000.0,1.3846,1.3873,1.3838,1.3844,518193.42,0.0,0.0,0
15m,1778247900.0,1.3844,1.3878,1.3844,1.3867,329803.35,0.0,0.0,0
15m,1778248800.0,1.3867,1.3917,1.3867,1.3905,349647.42,0.0,0.0,0
15m,1778249700.0,1.3905,1.3964,1.3903,1.3927,542702.68,0.0,0.0,0
15m,1778250600.0,1.3927,1.3961,1.3888,1.3951,301865.51,0.0,0.0,0
15m,1778251500.0,1.3951,1.396,1.3917,1.3928,278356.1,0.0,0.0,0
15m,1778252400.0,1.3928,1.3941,1.3899,1.3909,329086.08,0.0,0.0,0
15m,1778253300.0,1.3909,1.3913,1.3858,1.387,339936.32,0.0,0.0,0
15m,1778254200.0,1.387,1.3935,1.3854,1.393,373321.12,0.0,0.0,0
15m,1778255100.0,1.393,1.3981,1.3924,1.3973,350039.75,0.0,0.0,0
15m,1778256000.0,1.3973,1.3976,1.3933,1.3935,301857.0,0.0,0.0,0
15m,1778256900.0,1.3935,1.3969,1.3927,1.3948,200531.02,0.0,0.0,0
15m,1778257800.0,1.3948,1.3954,1.3927,1.3947,360190.92,0.0,0.0,0
15m,1778258700.0,1.3947,1.3952,1.3932,1.3943,131283.24,0.0,0.0,0
15m,1778259600.0,1.3943,1.397,1.394,1.397,101563.49,0.0,0.0,0
15m,1778260500.0,1.397,1.402,1.3969,1.4007,183226.05,0.0,0.0,0
15m,1778261400.0,1.4007,1.4075,1.4007,1.4058,570501.19,0.0,0.0,0
15m,1778262300.0,1.4058,1.4105,1.4058,1.4082,366120.39,0.0,0.0,0
15m,1778263200.0,1.4082,1.415,1.4082,1.4134,434678.7,0.0,0.0,0
15m,1778264100.0,1.4134,1.4224,1.4134,1.4205,627623.57,0.0,0.0,0
15m,1778265000.0,1.4205,1.4238,1.4192,1.4196,358631.07,0.0,0.0,0
15m,1778265900.0,1.4196,1.4245,1.4188,1.4193,371482.85,0.0,0.0,0
15m,1778266800.0,1.4193,1.4223,1.4176,1.4221,175988.87,0.0,0.0,0
15m,1778267700.0,1.4221,1.4271,1.4221,1.4235,340206.07,0.0,0.0,0
15m,1778268600.0,1.4235,1.4237,1.4201,1.4204,215030.03,0.0,0.0,0
15m,1778269500.0,1.4204,1.4208,1.4167,1.4191,387806.98,0.0,0.0,0
15m,1778270400.0,1.4191,1.4191,1.4133,1.4168,311987.55,0.0,0.0,0
15m,1778271300.0,1.4168,1.4179,1.4143,1.4154,234617.75,0.0,0.0,0
15m,1778272200.0,1.4154,1.4159,1.4133,1.4145,118615.78,0.0,0.0,0
15m,1778273100.0,1.4145,1.4147,1.4112,1.4123,178620.78,0.0,0.0,0
15m,1778274000.0,1.4123,1.4152,1.4123,1.4145,189782.75,0.0,0.0,0
15m,1778274900.0,1.4145,1.417,1.4144,1.4157,80931.51,0.0,0.0,0
15m,1778275800.0,1.4157,1.4211,1.4157,1.421,385621.44,0.0,0.0,0
15m,1778276700.0,1.421,1.4219,1.4184,1.4219,219781.71,0.0,0.0,0
15m,1778277600.0,1.4219,1.4237,1.4215,1.4232,142881.08,0.0,0.0,0
15m,1778278500.0,1.4232,1.4235,1.4181,1.4193,204116.86,0.0,0.0,0
15m,1778279400.0,1.4193,1.4196,1.4179,1.4182,82360.99,0.0,0.0,0
15m,1778280300.0,1.4182,1.4196,1.418,1.4186,62339.52,0.0,0.0,0
15m,1778281200.0,1.4186,1.419,1.4166,1.4171,76120.54,0.0,0.0,0
15m,1778282100.0,1.4171,1.4185,1.4163,1.4175,45326.43,0.0,0.0,0
15m,1778283000.0,1.4175,1.4175,1.4155,1.4163,78246.61,0.0,0.0,0
15m,1778283900.0,1.4163,1.4188,1.4158,1.4181,63852.71,0.0,0.0,0
15m,1778284800.0,1.4181,1.4203,1.418,1.4193,156391.02,0.0,0.0,0
15m,1778285700.0,1.4193,1.4206,1.4185,1.4204,53625.89,0.0,0.0,0
15m,1778286600.0,1.4204,1.4217,1.4204,1.421,225105.95,0.0,0.0,0
15m,1778287500.0,1.421,1.4252,1.421,1.4248,208648.43,0.0,0.0,0
15m,1778288400.0,1.4248,1.4306,1.4245,1.4287,255522.77,0.0,0.0,0
15m,1778289300.0,1.4287,1.4288,1.4256,1.4267,198748.01,0.0,0.0,0
15m,1778290200.0,1.4267,1.4314,1.4267,1.4304,233422.67,0.0,0.0,0
15m,1778291100.0,1.4304,1.4349,1.4304,1.4324,355231.08,0.0,0.0,0
15m,1778292000.0,1.4324,1.4341,1.4304,1.4305,88115.55,0.0,0.0,0
15m,1778292900.0,1.4305,1.4309,1.4287,1.4299,162507.65,0.0,0.0,0
15m,1778293800.0,1.4299,1.4313,1.4295,1.4299,106017.54,0.0,0.0,0
15m,1778294700.0,1.4299,1.4314,1.4278,1.4311,121568.21,0.0,0.0,0
15m,1778295600.0,1.4311,1.4344,1.4304,1.4307,369181.55,0.0,0.0,0
15m,1778296500.0,1.4307,1.4326,1.4306,1.4318,225418.24,0.0,0.0,0
15m,1778297400.0,1.4318,1.4318,1.4269,1.4278,126890.3,0.0,0.0,0
15m,1778298300.0,1.4278,1.4296,1.4272,1.429,106244.31,0.0,0.0,0
15m,1778299200.0,1.429,1.4344,1.4289,1.4327,166549.27,0.0,0.0,0
15m,1778300100.0,1.4327,1.4329,1.43,1.4306,174971.28,0.0,0.0,0
15m,1778301000.0,1.4306,1.4307,1.4275,1.4282,89787.15,0.0,0.0,0
15m,1778301900.0,1.4282,1.431,1.4274,1.4282,203304.38,0.0,0.0,0
15m,1778302800.0,1.4282,1.4283,1.4252,1.4264,110281.24,0.0,0.0,0
15m,1778303700.0,1.4264,1.4313,1.4263,1.429,384365.95,0.0,0.0,0
15m,1778304600.0,1.429,1.43,1.4281,1.4291,516431.25,0.0,0.0,0
15m,1778305500.0,1.4291,1.4296,1.4265,1.4265,74973.19,0.0,0.0,0
15m,1778306400.0,1.4265,1.4276,1.425,1.4256,212239.38,0.0,0.0,0
15m,1778307300.0,1.4256,1.4265,1.4227,1.4258,655379.14,0.0,0.0,0
15m,1778308200.0,1.4258,1.4273,1.4235,1.4244,253770.17,0.0,0.0,0
15m,1778309100.0,1.4244,1.4263,1.4239,1.4259,142546.46,0.0,0.0,0
15m,1778310000.0,1.4259,1.4277,1.425,1.4271,184364.5,0.0,0.0,0
15m,1778310900.0,1.4271,1.4275,1.4241,1.4245,579118.86,0.0,0.0,0
15m,1778311800.0,1.4245,1.4267,1.4225,1.4245,724786.4,0.0,0.0,0
15m,1778312700.0,1.4245,1.4245,1.4232,1.4237,67297.27,0.0,0.0,0
15m,1778313600.0,1.4237,1.4256,1.4231,1.4253,169082.11,0.0,0.0,0
15m,1778314500.0,1.4253,1.4256,1.4241,1.4244,32064.47,0.0,0.0,0
15m,1778315400.0,1.4244,1.4252,1.424,1.4247,105016.48,0.0,0.0,0
15m,1778316300.0,1.4247,1.4251,1.4241,1.4243,42071.28,0.0,0.0,0
15m,1778317200.0,1.4243,1.4256,1.4226,1.4234,164425.8,0.0,0.0,0
15m,1778318100.0,1.4234,1.4234,1.4198,1.4205,158337.38,0.0,0.0,0
15m,1778319000.0,1.4205,1.4221,1.4199,1.4211,43936.93,0.0,0.0,0
15m,1778319900.0,1.4211,1.4217,1.4184,1.4196,163894.32,0.0,0.0,0
15m,1778320800.0,1.4196,1.4196,1.4175,1.4194,68936.31,0.0,0.0,0
15m,1778321700.0,1.4194,1.4206,1.4192,1.4192,99150.81,0.0,0.0,0
15m,1778322600.0,1.4192,1.4228,1.4189,1.422,84724.15,0.0,0.0,0
15m,1778323500.0,1.422,1.4222,1.421,1.4212,31004.34,0.0,0.0,0
15m,1778324400.0,1.4212,1.4225,1.4205,1.4215,57380.62,0.0,0.0,0
15m,1778325300.0,1.4215,1.4227,1.4212,1.4227,64693.93,0.0,0.0,0
15m,1778326200.0,1.4227,1.4229,1.4221,1.4223,22248.02,0.0,0.0,0
15m,1778327100.0,1.4223,1.423,1.422,1.4221,29711.4,0.0,0.0,0
15m,1778328000.0,1.4221,1.4227,1.4202,1.4208,301037.64,0.0,0.0,0
15m,1778328900.0,1.4208,1.4225,1.4195,1.422,153153.18,0.0,0.0,0
15m,1778329800.0,1.422,1.422,1.4201,1.421,67017.16,0.0,0.0,0
15m,1778330700.0,1.421,1.4217,1.4204,1.4205,95294.65,0.0,0.0,0
15m,1778331600.0,1.4205,1.4206,1.4194,1.4203,82492.98,0.0,0.0,0
15m,1778332500.0,1.4203,1.4205,1.4169,1.418,82330.51,0.0,0.0,0
15m,1778333400.0,1.418,1.4189,1.4167,1.4187,70188.58,0.0,0.0,0
15m,1778334300.0,1.4187,1.4199,1.4183,1.4199,53718.63,0.0,0.0,0
15m,1778335200.0,1.4199,1.4212,1.4188,1.4201,73216.2,0.0,0.0,0
15m,1778336100.0,1.4201,1.4201,1.4156,1.417,126717.09,0.0,0.0,0
15m,1778337000.0,1.417,1.4178,1.4161,1.4173,67670.51,0.0,0.0,0
15m,1778337900.0,1.4173,1.4181,1.4151,1.4154,83177.65,0.0,0.0,0
15m,1778338800.0,1.4154,1.416,1.412,1.4125,109027.22,0.0,0.0,0
15m,1778339700.0,1.4125,1.4149,1.4125,1.4148,116494.19,0.0,0.0,0
15m,1778340600.0,1.4148,1.4161,1.4136,1.4136,99106.09,0.0,0.0,0
15m,1778341500.0,1.4136,1.4147,1.4134,1.4142,101409.88,0.0,0.0,0
15m,1778342400.0,1.4142,1.4167,1.4112,1.4167,312476.95,0.0,0.0,0
15m,1778343300.0,1.4167,1.4196,1.4167,1.4175,149462.38,0.0,0.0,0
15m,1778344200.0,1.4175,1.4185,1.4164,1.4165,73665.39,0.0,0.0,0
15m,1778345100.0,1.4165,1.4189,1.4154,1.4174,665926.13,0.0,0.0,0
15m,1778346000.0,1.4174,1.4214,1.4173,1.4196,101831.15,0.0,0.0,0
15m,1778346900.0,1.4196,1.4221,1.4196,1.422,115140.9,0.0,0.0,0
15m,1778347800.0,1.422,1.4246,1.4216,1.4216,182554.45,0.0,0.0,0
15m,1778348700.0,1.4216,1.4222,1.4202,1.421,92713.94,0.0,0.0,0
15m,1778349600.0,1.421,1.4226,1.421,1.4221,63341.44,0.0,0.0,0
15m,1778350500.0,1.4221,1.4249,1.4213,1.4242,122571.77,0.0,0.0,0
15m,1778351400.0,1.4242,1.4244,1.4223,1.4226,67048.74,0.0,0.0,0
15m,1778352300.0,1.4226,1.4226,1.4206,1.4222,128460.9,0.0,0.0,0
15m,1778353200.0,1.4222,1.4232,1.4216,1.4226,124622.53,0.0,0.0,0
15m,1778354100.0,1.4226,1.4227,1.4213,1.4226,21418.33,0.0,0.0,0
15m,1778355000.0,1.4226,1.4237,1.4223,1.4234,49476.36,0.0,0.0,0
15m,1778355900.0,1.4234,1.4241,1.4225,1.4238,26936.09,0.0,0.0,0
15m,1778356800.0,1.4238,1.424,1.4215,1.4224,49171.19,0.0,0.0,0
15m,1778357700.0,1.4224,1.4225,1.421,1.4214,62596.84,0.0,0.0,0
15m,1778358600.0,1.4214,1.422,1.4205,1.4217,17344.55,0.0,0.0,0
15m,1778359500.0,1.4217,1.4219,1.4209,1.4215,22347.82,0.0,0.0,0
15m,1778360400.0,1.4215,1.4238,1.4211,1.4227,120754.19,0.0,0.0,0
15m,1778361300.0,1.4227,1.4233,1.4213,1.4222,53348.14,0.0,0.0,0
15m,1778362200.0,1.4222,1.4225,1.4215,1.4215,28466.0,0.0,0.0,0
15m,1778363100.0,1.4215,1.4226,1.4212,1.4224,28977.73,0.0,0.0,0
15m,1778364000.0,1.4224,1.423,1.4212,1.4217,50914.99,0.0,0.0,0
15m,1778364900.0,1.4217,1.4233,1.4217,1.4231,29501.14,0.0,0.0,0
15m,1778365800.0,1.4231,1.4248,1.4217,1.4246,29553.99,0.0,0.0,0
15m,1778366700.0,1.4246,1.4251,1.4231,1.4232,28575.19,0.0,0.0,0
15m,1778367600.0,1.4232,1.4253,1.4217,1.4223,84255.14,0.0,0.0,0
15m,1778368500.0,1.4223,1.4226,1.4199,1.4204,40815.65,0.0,0.0,0
15m,1778369400.0,1.4204,1.4205,1.4187,1.4198,95616.77,0.0,0.0,0
15m,1778370300.0,1.4198,1.4209,1.4198,1.4203,27656.36,0.0,0.0,0
15m,1778371200.0,1.4203,1.4211,1.4185,1.421,51709.08,0.0,0.0,0
15m,1778372100.0,1.421,1.4226,1.4203,1.4213,51304.35,0.0,0.0,0
15m,1778373000.0,1.4213,1.4215,1.4192,1.4196,41468.17,0.0,0.0,0
15m,1778373900.0,1.4196,1.4196,1.4157,1.4167,129157.94,0.0,0.0,0
15m,1778374800.0,1.4167,1.4171,1.4144,1.4153,115225.55,0.0,0.0,0
15m,1778375700.0,1.4153,1.4163,1.4121,1.4124,82101.21,0.0,0.0,0
15m,1778376600.0,1.4124,1.4135,1.4118,1.413,65409.58,0.0,0.0,0
15m,1778377500.0,1.413,1.4152,1.4126,1.4148,43659.2,0.0,0.0,0
15m,1778378400.0,1.4148,1.4154,1.4132,1.4154,82203.7,0.0,0.0,0
15m,1778379300.0,1.4154,1.4229,1.4153,1.4219,283688.14,0.0,0.0,0
15m,1778380200.0,1.4219,1.4222,1.4165,1.4174,437499.9,0.0,0.0,0
15m,1778381100.0,1.4174,1.4186,1.4169,1.4174,103549.59,0.0,0.0,0
15m,1778382000.0,1.4174,1.4191,1.4158,1.4158,89359.06,0.0,0.0,0
15m,1778382900.0,1.4158,1.4201,1.4144,1.4167,889556.05,0.0,0.0,0
15m,1778383800.0,1.4167,1.4196,1.4156,1.4177,72564.37,0.0,0.0,0
15m,1778384700.0,1.4177,1.4184,1.4168,1.4168,56850.64,0.0,0.0,0
15m,1778385600.0,1.4168,1.4175,1.4153,1.4163,43896.16,0.0,0.0,0
15m,1778386500.0,1.4163,1.4169,1.4157,1.4167,47983.65,0.0,0.0,0
15m,1778387400.0,1.4167,1.4189,1.4167,1.4174,85865.95,0.0,0.0,0
15m,1778388300.0,1.4174,1.419,1.4165,1.4178,80548.21,0.0,0.0,0
15m,1778389200.0,1.4178,1.4178,1.4163,1.4171,60688.2,0.0,0.0,0
15m,1778390100.0,1.4171,1.42,1.4171,1.4186,51023.44,0.0,0.0,0
15m,1778391000.0,1.4186,1.4195,1.4181,1.4181,35572.14,0.0,0.0,0
15m,1778391900.0,1.4181,1.4187,1.4178,1.4178,49724.78,0.0,0.0,0
15m,1778392800.0,1.4178,1.4184,1.4163,1.4168,103910.17,0.0,0.0,0
15m,1778393700.0,1.4168,1.4171,1.4157,1.4158,31699.93,0.0,0.0,0
15m,1778394600.0,1.4158,1.4189,1.4158,1.4173,117689.29,0.0,0.0,0
15m,1778395500.0,1.4173,1.4184,1.4171,1.4183,36304.63,0.0,0.0,0
15m,1778396400.0,1.4183,1.4206,1.4172,1.4172,79854.35,0.0,0.0,0
15m,1778397300.0,1.4172,1.4208,1.4172,1.4198,31672.81,0.0,0.0,0
15m,1778398200.0,1.4198,1.4205,1.419,1.4205,51863.7,0.0,0.0,0
15m,1778399100.0,1.4205,1.4215,1.4196,1.42,46166.35,0.0,0.0,0
15m,1778400000.0,1.42,1.4242,1.4192,1.4224,85973.85,0.0,0.0,0
15m,1778400900.0,1.4224,1.4257,1.4211,1.4249,155480.52,0.0,0.0,0
15m,1778401800.0,1.4249,1.4263,1.4243,1.4245,52327.09,0.0,0.0,0
15m,1778402700.0,1.4245,1.4274,1.4245,1.4269,84277.57,0.0,0.0,0
15m,1778403600.0,1.4269,1.4287,1.4268,1.4275,130901.11,0.0,0.0,0
15m,1778404500.0,1.4275,1.4276,1.4256,1.4257,76424.82,0.0,0.0,0
15m,1778405400.0,1.4257,1.4269,1.4233,1.4263,256943.77,0.0,0.0,0
15m,1778406300.0,1.4263,1.4284,1.4263,1.4282,69823.87,0.0,0.0,0
15m,1778407200.0,1.4282,1.4299,1.4248,1.4296,172559.06,0.0,0.0,0
15m,1778408100.0,1.4296,1.4307,1.4261,1.4275,532478.92,0.0,0.0,0
15m,1778409000.0,1.4275,1.4275,1.4242,1.425,96645.05,0.0,0.0,0
15m,1778409900.0,1.425,1.428,1.425,1.4272,89141.75,0.0,0.0,0
15m,1778410800.0,1.4272,1.4274,1.4237,1.4238,92520.1,0.0,0.0,0
15m,1778411700.0,1.4238,1.4252,1.4184,1.4221,595217.5,0.0,0.0,0
15m,1778412600.0,1.4221,1.4234,1.422,1.4221,54707.84,0.0,0.0,0
15m,1778413500.0,1.4221,1.4237,1.4218,1.4231,48312.73,0.0,0.0,0
15m,1778414400.0,1.4231,1.4241,1.4216,1.4225,45124.94,0.0,0.0,0
15m,1778415300.0,1.4225,1.424,1.422,1.4233,44743.49,0.0,0.0,0
15m,1778416200.0,1.4233,1.4234,1.421,1.4227,67431.75,0.0,0.0,0
15m,1778417100.0,1.4227,1.424,1.4225,1.424,57324.89,0.0,0.0,0
15m,1778418000.0,1.424,1.4276,1.4232,1.4271,180088.23,0.0,0.0,0
15m,1778418900.0,1.4271,1.4329,1.4269,1.4323,274477.06,0.0,0.0,0
15m,1778419800.0,1.4323,1.4339,1.4307,1.4316,268554.92,0.0,0.0,0
15m,1778420700.0,1.4316,1.4324,1.4303,1.4324,234496.02,0.0,0.0,0
15m,1778421600.0,1.4324,1.4336,1.431,1.4321,121216.4,0.0,0.0,0
15m,1778422500.0,1.4321,1.4322,1.4292,1.4308,84204.06,0.0,0.0,0
15m,1778423400.0,1.4308,1.4371,1.4308,1.4353,455912.7,0.0,0.0,0
15m,1778424300.0,1.4353,1.4364,1.4319,1.435,165436.03,0.0,0.0,0
15m,1778425200.0,1.435,1.4361,1.4336,1.4357,103371.88,0.0,0.0,0
15m,1778426100.0,1.4357,1.4366,1.4344,1.4361,66212.31,0.0,0.0,0
15m,1778427000.0,1.4361,1.4437,1.4359,1.4428,391843.38,0.0,0.0,0
15m,1778427900.0,1.4428,1.445,1.4415,1.4442,285290.18,0.0,0.0,0
15m,1778428800.0,1.4442,1.4549,1.4427,1.4513,672795.44,0.0,0.0,0
15m,1778429700.0,1.4513,1.4727,1.4479,1.4689,2292353.21,0.0,0.0,0
15m,1778430600.0,1.4689,1.4788,1.4686,1.4732,1868039.78,0.0,0.0,0
15m,1778431500.0,1.4732,1.4755,1.4693,1.4721,1310765.88,0.0,0.0,0
15m,1778432400.0,1.4721,1.4856,1.472,1.4854,942780.27,0.0,0.0,0
15m,1778433300.0,1.4854,1.4979,1.4823,1.4972,931094.76,0.0,0.0,0
15m,1778434200.0,1.4972,1.4978,1.4878,1.4967,971900.9,0.0,0.0,0
15m,1778435100.0,1.4967,1.5079,1.4911,1.5044,884308.45,0.0,0.0,0
15m,1778436000.0,1.5044,1.5062,1.5002,1.5011,515395.58,0.0,0.0,0
15m,1778436900.0,1.5011,1.5044,1.4955,1.4999,723727.47,0.0,0.0,0
15m,1778437800.0,1.4999,1.5004,1.485,1.4864,1792566.5,0.0,0.0,0
15m,1778438700.0,1.4864,1.4893,1.4853,1.4863,603509.18,0.0,0.0,0
15m,1778439600.0,1.4863,1.4863,1.475,1.4799,939237.24,0.0,0.0,0
15m,1778440500.0,1.4799,1.4891,1.4797,1.4885,362253.1,0.0,0.0,0
15m,1778441400.0,1.4885,1.4912,1.486,1.4889,721732.01,0.0,0.0,0
15m,1778442300.0,1.4889,1.4899,1.4813,1.4867,724167.82,0.0,0.0,0
15m,1778443200.0,1.4867,1.4896,1.4783,1.4789,360324.89,0.0,0.0,0
15m,1778444100.0,1.4789,1.4796,1.4719,1.4755,442141.43,0.0,0.0,0
15m,1778445000.0,1.4755,1.4755,1.4618,1.4625,677795.54,0.0,0.0,0
15m,1778445900.0,1.4625,1.4627,1.4372,1.4501,2154972.69,0.0,0.0,0
15m,1778446800.0,1.4501,1.4561,1.4442,1.4476,589575.08,0.0,0.0,0
15m,1778447700.0,1.4476,1.4579,1.4472,1.4579,294968.12,0.0,0.0,0
15m,1778448600.0,1.4579,1.4638,1.4556,1.4608,348464.7,0.0,0.0,0
15m,1778449500.0,1.4608,1.4639,1.4549,1.455,387303.12,0.0,0.0,0
15m,1778450400.0,1.455,1.4661,1.453,1.4629,440555.49,0.0,0.0,0
15m,1778451300.0,1.4629,1.4704,1.4606,1.4673,294951.98,0.0,0.0,0
15m,1778452200.0,1.4673,1.4733,1.4641,1.4698,300180.17,0.0,0.0,0
15m,1778453100.0,1.4698,1.4749,1.4697,1.4736,575398.36,0.0,0.0,0
15m,1778454000.0,1.4736,1.4764,1.472,1.4739,310047.22,0.0,0.0,0
15m,1778454900.0,1.4739,1.4748,1.4695,1.4725,304476.64,0.0,0.0,0
15m,1778455800.0,1.4725,1.4769,1.4721,1.4763,400505.54,0.0,0.0,0
15m,1778456700.0,1.4763,1.477,1.4716,1.4734,163440.43,0.0,0.0,0
15m,1778457600.0,1.4734,1.4779,1.4693,1.4697,358351.96,0.0,0.0,0
15m,1778458500.0,1.4697,1.4701,1.4601,1.4608,473818.02,0.0,0.0,0
15m,1778459400.0,1.4608,1.4686,1.4577,1.459,225364.32,0.0,0.0,0
15m,1778460300.0,1.459,1.4613,1.4523,1.458,232640.89,0.0,0.0,0
15m,1778461200.0,1.458,1.4636,1.4522,1.4608,274298.01,0.0,0.0,0
15m,1778462100.0,1.4608,1.4686,1.4592,1.4653,188118.18,0.0,0.0,0
15m,1778463000.0,1.4653,1.4658,1.4608,1.4628,224855.65,0.0,0.0,0
15m,1778463900.0,1.4628,1.463,1.4581,1.4608,115440.23,0.0,0.0,0
15m,1778464800.0,1.4608,1.4624,1.4543,1.4556,98991.52,0.0,0.0,0
15m,1778465700.0,1.4556,1.4556,1.4511,1.4545,229357.69,0.0,0.0,0
15m,1778466600.0,1.4545,1.4556,1.4495,1.4528,261657.06,0.0,0.0,0
15m,1778467500.0,1.4528,1.4559,1.4525,1.4538,66566.68,0.0,0.0,0
15m,1778468400.0,1.4538,1.4542,1.4426,1.4426,405607.02,0.0,0.0,0
15m,1778469300.0,1.4426,1.4469,1.4423,1.4435,571656.32,0.0,0.0,0
15m,1778470200.0,1.4435,1.4465,1.4399,1.4465,224037.72,0.0,0.0,0
15m,1778471100.0,1.4465,1.4492,1.4461,1.4487,86923.09,0.0,0.0,0
15m,1778472000.0,1.4487,1.4488,1.4452,1.4467,143430.98,0.0,0.0,0
15m,1778472900.0,1.4467,1.4517,1.4467,1.4511,171986.32,0.0,0.0,0
15m,1778473800.0,1.4511,1.4565,1.4484,1.4512,441951.2,0.0,0.0,0
15m,1778474700.0,1.4512,1.4516,1.4476,1.4481,184174.47,0.0,0.0,0
15m,1778475600.0,1.4481,1.4517,1.4479,1.451,174120.28,0.0,0.0,0
15m,1778476500.0,1.451,1.4542,1.4508,1.4536,202202.35,0.0,0.0,0
15m,1778477400.0,1.4536,1.4563,1.4534,1.4541,275047.77,0.0,0.0,0
15m,1778478300.0,1.4541,1.4559,1.4528,1.4551,119438.15,0.0,0.0,0
15m,1778479200.0,1.4551,1.4589,1.454,1.4578,126657.31,0.0,0.0,0
15m,1778480100.0,1.4578,1.4581,1.455,1.4573,218696.19,0.0,0.0,0
15m,1778481000.0,1.4573,1.4584,1.4523,1.4532,98272.32,0.0,0.0,0
15m,1778481900.0,1.4532,1.4543,1.4506,1.4534,175585.36,0.0,0.0,0
15m,1778482800.0,1.4534,1.4536,1.4486,1.449,477712.62,0.0,0.0,0
15m,1778483700.0,1.449,1.4498,1.4418,1.4432,2211250.1,0.0,0.0,0
15m,1778484600.0,1.4432,1.4497,1.441,1.4476,1186304.56,0.0,0.0,0
15m,1778485500.0,1.4476,1.4498,1.4475,1.4494,118376.15,0.0,0.0,0
15m,1778486400.0,1.4494,1.4526,1.4451,1.4482,1033442.79,0.0,0.0,0
15m,1778487300.0,1.4482,1.4492,1.4428,1.4428,77708.12,0.0,0.0,0
15m,1778488200.0,1.4428,1.4477,1.4418,1.4471,163406.77,0.0,0.0,0
15m,1778489100.0,1.4471,1.4487,1.4451,1.4458,62512.36,0.0,0.0,0
15m,1778490000.0,1.4458,1.4515,1.4456,1.4507,149339.89,0.0,0.0,0
15m,1778490900.0,1.4507,1.4516,1.4495,1.4516,111772.68,0.0,0.0,0
15m,1778491800.0,1.4516,1.4528,1.4503,1.4524,161347.46,0.0,0.0,0
15m,1778492700.0,1.4524,1.4542,1.4512,1.4513,141245.84,0.0,0.0,0
15m,1778493600.0,1.4513,1.4522,1.4493,1.4509,263432.6,0.0,0.0,0
15m,1778494500.0,1.4509,1.4544,1.4508,1.4524,223284.48,0.0,0.0,0
15m,1778495400.0,1.4524,1.4535,1.4501,1.4521,627762.92,0.0,0.0,0
15m,1778496300.0,1.4521,1.4538,1.4498,1.4508,202592.77,0.0,0.0,0
15m,1778497200.0,1.4508,1.4518,1.4475,1.4491,142884.76,0.0,0.0,0
15m,1778498100.0,1.4491,1.4542,1.449,1.4538,170953.63,0.0,0.0,0
15m,1778499000.0,1.4538,1.4572,1.4538,1.4553,138906.06,0.0,0.0,0
15m,1778499900.0,1.4553,1.4577,1.454,1.4577,228576.34,0.0,0.0,0
15m,1778500800.0,1.4577,1.4602,1.4541,1.4571,884792.54,0.0,0.0,0
15m,1778501700.0,1.4571,1.4623,1.4565,1.4614,380365.76,0.0,0.0,0
15m,1778502600.0,1.4614,1.4636,1.4613,1.4624,642986.97,0.0,0.0,0
15m,1778503500.0,1.4624,1.4634,1.4571,1.4581,401271.58,0.0,0.0,0
15m,1778504400.0,1.4581,1.4642,1.4576,1.4622,399725.09,0.0,0.0,0
15m,1778505300.0,1.4622,1.465,1.4606,1.4621,373154.58,0.0,0.0,0
15m,1778506200.0,1.4621,1.4633,1.4525,1.4615,471410.96,0.0,0.0,0
15m,1778507100.0,1.4615,1.4629,1.4567,1.4598,117429.8,0.0,0.0,0
15m,1778508000.0,1.4598,1.4704,1.4598,1.4697,377151.44,0.0,0.0,0
15m,1778508900.0,1.4697,1.4705,1.4586,1.4591,303889.63,0.0,0.0,0
15m,1778509800.0,1.4591,1.4669,1.453,1.4643,1398705.93,0.0,0.0,0
15m,1778510700.0,1.4643,1.4726,1.4607,1.4716,760264.81,0.0,0.0,0
15m,1778511600.0,1.4716,1.4742,1.467,1.4734,377714.48,0.0,0.0,0
15m,1778512500.0,1.4734,1.4878,1.473,1.4866,946029.85,0.0,0.0,0
15m,1778513400.0,1.4866,1.4885,1.48,1.484,537161.14,0.0,0.0,0
15m,1778514300.0,1.484,1.4882,1.4821,1.4849,708274.51,0.0,0.0,0
15m,1778515200.0,1.4849,1.4875,1.4787,1.4855,369665.93,0.0,0.0,0
15m,1778516100.0,1.4855,1.4863,1.4787,1.4795,329454.05,0.0,0.0,0
15m,1778517000.0,1.4795,1.4816,1.4718,1.4733,531782.45,0.0,0.0,0
15m,1778517900.0,1.4733,1.4777,1.4733,1.4742,295813.6,0.0,0.0,0
15m,1778518800.0,1.4742,1.4751,1.4665,1.4698,471127.18,0.0,0.0,0
15m,1778519700.0,1.4698,1.4732,1.4697,1.4722,159383.17,0.0,0.0,0
15m,1778520600.0,1.4722,1.4789,1.4697,1.478,517562.11,0.0,0.0,0
15m,1778521500.0,1.478,1.4811,1.477,1.4802,162705.64,0.0,0.0,0
15m,1778522400.0,1.4802,1.4814,1.4773,1.4778,262027.82,0.0,0.0,0
15m,1778523300.0,1.4778,1.4793,1.4736,1.478,152968.87,0.0,0.0,0
15m,1778524200.0,1.478,1.4789,1.4738,1.4741,66949.7,0.0,0.0,0
15m,1778525100.0,1.4741,1.4756,1.4705,1.4706,125341.03,0.0,0.0,0
15m,1778526000.0,1.4706,1.4747,1.4673,1.4747,133820.45,0.0,0.0,0
15m,1778526900.0,1.4747,1.4774,1.4725,1.4739,172586.09,0.0,0.0,0
15m,1778527800.0,1.4739,1.4808,1.4737,1.4806,348446.27,0.0,0.0,0
15m,1778528700.0,1.4806,1.4808,1.4769,1.4796,559536.73,0.0,0.0,0
15m,1778529600.0,1.4796,1.4828,1.4752,1.4759,423199.06,0.0,0.0,0
15m,1778530500.0,1.4759,1.4771,1.4728,1.4734,130768.42,0.0,0.0,0
15m,1778531400.0,1.4734,1.4762,1.4729,1.4746,66845.46,0.0,0.0,0
15m,1778532300.0,1.4746,1.4775,1.4725,1.4732,118244.19,0.0,0.0,0
15m,1778533200.0,1.4732,1.475,1.471,1.4724,109507.43,0.0,0.0,0
15m,1778534100.0,1.4724,1.473,1.4695,1.4698,76562.27,0.0,0.0,0
15m,1778535000.0,1.4698,1.4732,1.4694,1.472,105342.13,0.0,0.0,0
15m,1778535900.0,1.472,1.4723,1.4696,1.4699,58051.3,0.0,0.0,0
15m,1778536800.0,1.4699,1.4738,1.4685,1.4717,103231.82,0.0,0.0,0
15m,1778537700.0,1.4717,1.4734,1.4689,1.4697,119819.65,0.0,0.0,0
15m,1778538600.0,1.4697,1.4723,1.4696,1.4723,121332.41,0.0,0.0,0
15m,1778539500.0,1.4723,1.4772,1.4715,1.4752,59389.1,0.0,0.0,0
15m,1778540400.0,1.4752,1.4752,1.4729,1.4744,97597.49,0.0,0.0,0
15m,1778541300.0,1.4744,1.4746,1.4711,1.4733,165086.45,0.0,0.0,0
15m,1778542200.0,1.4733,1.48,1.4728,1.4794,115470.57,0.0,0.0,0
15m,1778543100.0,1.4794,1.4803,1.4762,1.4774,106845.95,0.0,0.0,0
15m,1778544000.0,1.4774,1.4801,1.4758,1.4784,57046.09,0.0,0.0,0
15m,1778544900.0,1.4784,1.4803,1.4768,1.4795,116441.55,0.0,0.0,0
15m,1778545800.0,1.4795,1.4853,1.4788,1.4794,515505.7,0.0,0.0,0
15m,1778546700.0,1.4794,1.4835,1.4794,1.4798,83148.69,0.0,0.0,0
15m,1778547600.0,1.4798,1.4819,1.4752,1.4769,188592.77,0.0,0.0,0
15m,1778548500.0,1.4769,1.477,1.47,1.4739,154406.48,0.0,0.0,0
15m,1778549400.0,1.4739,1.4739,1.4565,1.4639,636626.32,0.0,0.0,0
15m,1778550300.0,1.4639,1.4695,1.462,1.467,185628.69,0.0,0.0,0
15m,1778551200.0,1.467,1.4708,1.4658,1.4699,126631.79,0.0,0.0,0
15m,1778552100.0,1.4699,1.4702,1.4634,1.4673,85905.69,0.0,0.0,0
15m,1778553000.0,1.4673,1.4676,1.4606,1.4606,228974.55,0.0,0.0,0
15m,1778553900.0,1.4606,1.4667,1.4606,1.4646,150374.18,0.0,0.0,0
15m,1778554800.0,1.4646,1.4655,1.4617,1.4627,126212.53,0.0,0.0,0
15m,1778555700.0,1.4627,1.4637,1.4592,1.4607,69700.62,0.0,0.0,0
15m,1778556600.0,1.4607,1.4637,1.4605,1.4634,30854.44,0.0,0.0,0
15m,1778557500.0,1.4634,1.4634,1.4586,1.4599,134170.03,0.0,0.0,0
15m,1778558400.0,1.4599,1.4608,1.4573,1.4579,149454.66,0.0,0.0,0
15m,1778559300.0,1.4579,1.4643,1.4575,1.4636,95805.42,0.0,0.0,0
15m,1778560200.0,1.4636,1.4656,1.4628,1.4644,44269.22,0.0,0.0,0
15m,1778561100.0,1.4644,1.4665,1.4629,1.4629,60099.77,0.0,0.0,0
15m,1778562000.0,1.4629,1.4645,1.4597,1.4609,118147.7,0.0,0.0,0
15m,1778562900.0,1.4609,1.4645,1.4597,1.4642,124266.12,0.0,0.0,0
15m,1778563800.0,1.4642,1.469,1.463,1.4643,436500.42,0.0,0.0,0
15m,1778564700.0,1.4643,1.4652,1.4616,1.4621,159821.97,0.0,0.0,0
15m,1778565600.0,1.4621,1.4635,1.4613,1.4631,64463.58,0.0,0.0,0
15m,1778566500.0,1.4631,1.4671,1.4629,1.4637,102143.05,0.0,0.0,0
15m,1778567400.0,1.4637,1.4644,1.46,1.4603,364757.52,0.0,0.0,0
15m,1778568300.0,1.4603,1.461,1.4557,1.4584,441182.81,0.0,0.0,0
15m,1778569200.0,1.4584,1.4618,1.4543,1.4605,173978.85,0.0,0.0,0
15m,1778570100.0,1.4605,1.4641,1.4577,1.4626,93481.82,0.0,0.0,0
15m,1778571000.0,1.4626,1.4653,1.4619,1.4623,52996.2,0.0,0.0,0
15m,1778571900.0,1.4623,1.4649,1.4596,1.463,196903.61,0.0,0.0,0
15m,1778572800.0,1.463,1.4659,1.461,1.4615,128090.27,0.0,0.0,0
15m,1778573700.0,1.4615,1.4696,1.4597,1.4695,220325.98,0.0,0.0,0
15m,1778574600.0,1.4695,1.4711,1.4663,1.4688,478708.55,0.0,0.0,0
15m,1778575500.0,1.4688,1.47,1.4651,1.4653,125237.64,0.0,0.0,0
15m,1778576400.0,1.4653,1.4653,1.4576,1.4576,226422.08,0.0,0.0,0
15m,1778577300.0,1.4576,1.4581,1.4543,1.4555,104404.22,0.0,0.0,0
15m,1778578200.0,1.4555,1.4591,1.4555,1.4559,708481.26,0.0,0.0,0
15m,1778579100.0,1.4559,1.457,1.4547,1.4556,396476.83,0.0,0.0,0
15m,1778580000.0,1.4556,1.4582,1.4512,1.4564,945480.9,0.0,0.0,0
15m,1778580900.0,1.4564,1.4568,1.4542,1.4545,126707.29,0.0,0.0,0
15m,1778581800.0,1.4545,1.4554,1.4486,1.4496,168464.89,0.0,0.0,0
15m,1778582700.0,1.4496,1.4499,1.4473,1.4496,121611.15,0.0,0.0,0
15m,1778583600.0,1.4496,1.452,1.447,1.4479,308983.26,0.0,0.0,0
15m,1778584500.0,1.4479,1.448,1.4438,1.4464,177505.5,0.0,0.0,0
15m,1778585400.0,1.4464,1.4486,1.446,1.4484,114191.53,0.0,0.0,0
15m,1778586300.0,1.4484,1.4494,1.4475,1.4488,221061.01,0.0,0.0,0
15m,1778587200.0,1.4488,1.4516,1.4471,1.4512,157113.57,0.0,0.0,0
15m,1778588100.0,1.4512,1.4528,1.4503,1.4523,332045.62,0.0,0.0,0
15m,1778589000.0,1.4523,1.4557,1.4464,1.4507,642538.47,0.0,0.0,0
15m,1778589900.0,1.4507,1.4529,1.45,1.4507,131493.36,0.0,0.0,0
15m,1778590800.0,1.4507,1.4526,1.4502,1.4505,128076.02,0.0,0.0,0
15m,1778591700.0,1.4505,1.4506,1.4473,1.4487,135505.0,0.0,0.0,0
15m,1778592600.0,1.4487,1.4505,1.4434,1.4487,292734.93,0.0,0.0,0
15m,1778593500.0,1.4487,1.4503,1.4331,1.4346,1248035.29,0.0,0.0,0
15m,1778594400.0,1.4346,1.4404,1.4334,1.4394,471931.56,0.0,0.0,0
15m,1778595300.0,1.4394,1.4408,1.4316,1.4331,398398.14,0.0,0.0,0
15m,1778596200.0,1.4331,1.4368,1.4272,1.4348,621909.86,0.0,0.0,0
15m,1778597100.0,1.4348,1.4348,1.4249,1.4282,329685.02,0.0,0.0,0
15m,1778598000.0,1.4282,1.4312,1.4251,1.4299,196140.13,0.0,0.0,0
15m,1778598900.0,1.4299,1.4299,1.4186,1.4205,682278.23,0.0,0.0,0
15m,1778599800.0,1.4205,1.4253,1.4203,1.4246,318768.67,0.0,0.0,0
15m,1778600700.0,1.4246,1.4269,1.4223,1.4239,201962.89,0.0,0.0,0
15m,1778601600.0,1.4239,1.4276,1.4217,1.4265,178948.18,0.0,0.0,0
15m,1778602500.0,1.4265,1.429,1.4246,1.4281,152916.61,0.0,0.0,0
15m,1778603400.0,1.4281,1.4291,1.4249,1.4267,186776.87,0.0,0.0,0
15m,1778604300.0,1.4267,1.4274,1.42,1.4223,412427.31,0.0,0.0,0
15m,1778605200.0,1.4223,1.4297,1.4223,1.4297,213090.54,0.0,0.0,0
15m,1778606100.0,1.4297,1.4341,1.4297,1.4316,313027.76,0.0,0.0,0
15m,1778607000.0,1.4316,1.4341,1.4312,1.4339,110072.61,0.0,0.0,0
15m,1778607900.0,1.4339,1.4351,1.433,1.434,174184.93,0.0,0.0,0
15m,1778608800.0,1.434,1.435,1.4317,1.4332,162711.62,0.0,0.0,0
15m,1778609700.0,1.4332,1.4344,1.4325,1.4335,97168.22,0.0,0.0,0
15m,1778610600.0,1.4335,1.4358,1.4334,1.4357,126861.13,0.0,0.0,0
15m,1778611500.0,1.4357,1.438,1.4349,1.4362,146172.2,0.0,0.0,0
15m,1778612400.0,1.4362,1.4422,1.4362,1.4404,308027.76,0.0,0.0,0
15m,1778613300.0,1.4404,1.441,1.4384,1.4384,173182.92,0.0,0.0,0
15m,1778614200.0,1.4384,1.442,1.4384,1.4415,165823.55,0.0,0.0,0
15m,1778615100.0,1.4415,1.4428,1.4394,1.4409,430973.37,0.0,0.0,0
15m,1778616000.0,1.4409,1.4428,1.4399,1.4408,230860.09,0.0,0.0,0
15m,1778616900.0,1.4408,1.4426,1.44,1.4421,98294.45,0.0,0.0,0
15m,1778617800.0,1.4421,1.4428,1.4386,1.44,280973.19,0.0,0.0,0
15m,1778618700.0,1.44,1.4415,1.4388,1.4408,302518.05,0.0,0.0,0
15m,1778619600.0,1.4408,1.4413,1.4385,1.4389,382550.21,0.0,0.0,0
15m,1778620500.0,1.4389,1.4412,1.4379,1.4404,449206.41,0.0,0.0,0
15m,1778621400.0,1.4404,1.441,1.4385,1.4394,222523.99,0.0,0.0,0
15m,1778622300.0,1.4394,1.4409,1.4386,1.4407,130062.99,0.0,0.0,0
15m,1778623200.0,1.4407,1.444,1.4407,1.4418,199113.4,0.0,0.0,0
15m,1778624100.0,1.4418,1.4434,1.4412,1.4416,105157.73,0.0,0.0,0
15m,1778625000.0,1.4416,1.4432,1.4405,1.4421,103651.24,0.0,0.0,0
15m,1778625900.0,1.4421,1.4423,1.4397,1.4398,145810.36,0.0,0.0,0
15m,1778626800.0,1.4398,1.4408,1.4372,1.4381,136453.44,0.0,0.0,0
15m,1778627700.0,1.4381,1.4395,1.4374,1.4395,69782.82,0.0,0.0,0
15m,1778628600.0,1.4395,1.4395,1.434,1.4357,294113.68,0.0,0.0,0
15m,1778629500.0,1.4357,1.4373,1.4349,1.437,70534.84,0.0,0.0,0
15m,1778630400.0,1.437,1.4386,1.4349,1.4349,222033.93,0.0,0.0,0
15m,1778631300.0,1.4349,1.4394,1.4349,1.4375,224329.03,0.0,0.0,0
15m,1778632200.0,1.4375,1.4401,1.4374,1.4385,247046.66,0.0,0.0,0
15m,1778633100.0,1.4385,1.44,1.436,1.4393,342588.22,0.0,0.0,0
15m,1778634000.0,1.4393,1.4479,1.439,1.4473,205381.88,0.0,0.0,0
15m,1778634900.0,1.4473,1.4503,1.4461,1.4489,124898.19,0.0,0.0,0
15m,1778635800.0,1.4489,1.4516,1.4489,1.4504,156963.5,0.0,0.0,0
15m,1778636700.0,1.4504,1.4513,1.4484,1.4487,121191.84,0.0,0.0,0
15m,1778637600.0,1.4487,1.4505,1.447,1.4497,70807.05,0.0,0.0,0
15m,1778638500.0,1.4497,1.4533,1.448,1.4496,144938.25,0.0,0.0,0
15m,1778639400.0,1.4496,1.4502,1.4471,1.4482,290752.67,0.0,0.0,0
15m,1778640300.0,1.4482,1.4485,1.4472,1.4481,104586.78,0.0,0.0,0
15m,1778641200.0,1.4481,1.4497,1.4471,1.4476,132299.95,0.0,0.0,0
15m,1778642100.0,1.4476,1.4502,1.4475,1.4498,74199.5,0.0,0.0,0
15m,1778643000.0,1.4498,1.4526,1.4493,1.4518,68540.24,0.0,0.0,0
15m,1778643900.0,1.4518,1.4529,1.4515,1.452,38644.46,0.0,0.0,0
15m,1778644800.0,1.452,1.4547,1.4511,1.4517,76377.08,0.0,0.0,0
15m,1778645700.0,1.4517,1.4526,1.45,1.4511,199789.65,0.0,0.0,0
15m,1778646600.0,1.4511,1.46,1.4511,1.4583,358273.76,0.0,0.0,0
15m,1778647500.0,1.4583,1.4635,1.458,1.4623,204637.09,0.0,0.0,0
15m,1778648400.0,1.4623,1.4648,1.4595,1.4596,510817.17,0.0,0.0,0
15m,1778649300.0,1.4596,1.4597,1.4572,1.4581,262696.73,0.0,0.0,0
15m,1778650200.0,1.4581,1.4584,1.4543,1.4559,143701.66,0.0,0.0,0
15m,1778651100.0,1.4559,1.4574,1.4544,1.4544,75524.78,0.0,0.0,0
15m,1778652000.0,1.4544,1.4604,1.4527,1.4603,814143.86,0.0,0.0,0
15m,1778652900.0,1.4603,1.4609,1.4548,1.4565,310579.83,0.0,0.0,0
15m,1778653800.0,1.4565,1.4567,1.4548,1.4559,166590.43,0.0,0.0,0
15m,1778654700.0,1.4559,1.4559,1.4537,1.4545,81135.71,0.0,0.0,0
15m,1778655600.0,1.4545,1.4593,1.4542,1.459,84775.66,0.0,0.0,0
15m,1778656500.0,1.459,1.461,1.457,1.4601,124307.97,0.0,0.0,0
15m,1778657400.0,1.4601,1.4644,1.4591,1.4613,174407.89,0.0,0.0,0
15m,1778658300.0,1.4613,1.4632,1.4596,1.4622,110632.32,0.0,0.0,0
15m,1778659200.0,1.4622,1.4636,1.46,1.4616,159560.31,0.0,0.0,0
15m,1778660100.0,1.4616,1.4634,1.4608,1.461,148501.37,0.0,0.0,0
15m,1778661000.0,1.461,1.4657,1.4587,1.465,155302.68,0.0,0.0,0
15m,1778661900.0,1.465,1.4652,1.4626,1.4631,515977.83,0.0,0.0,0
15m,1778662800.0,1.4631,1.4646,1.4625,1.4637,175370.69,0.0,0.0,0
15m,1778663700.0,1.4637,1.4654,1.4635,1.4637,116762.1,0.0,0.0,0
15m,1778664600.0,1.4637,1.4661,1.4636,1.4659,73687.37,0.0,0.0,0
15m,1778665500.0,1.4659,1.4695,1.4656,1.4687,177103.1,0.0,0.0,0
15m,1778666400.0,1.4687,1.4695,1.4614,1.4618,96478.83,0.0,0.0,0
15m,1778667300.0,1.4618,1.462,1.457,1.4581,123929.3,0.0,0.0,0
15m,1778668200.0,1.4581,1.4592,1.4567,1.4571,123647.79,0.0,0.0,0
15m,1778669100.0,1.4571,1.4586,1.4566,1.4583,96491.07,0.0,0.0,0
15m,1778670000.0,1.4583,1.4599,1.4495,1.4505,1384078.05,0.0,0.0,0
15m,1778670900.0,1.4505,1.4531,1.4501,1.4506,203098.76,0.0,0.0,0
15m,1778671800.0,1.4506,1.4535,1.4503,1.4518,144913.65,0.0,0.0,0
15m,1778672700.0,1.4518,1.4524,1.4474,1.4487,225500.74,0.0,0.0,0
15m,1778673600.0,1.4487,1.4499,1.4468,1.448,139272.6,0.0,0.0,0
15m,1778674500.0,1.448,1.4485,1.4392,1.4439,391687.69,0.0,0.0,0
15m,1778675400.0,1.4439,1.4439,1.4259,1.4318,1836321.16,0.0,0.0,0
15m,1778676300.0,1.4318,1.4354,1.4313,1.4336,250659.71,0.0,0.0,0
15m,1778677200.0,1.4336,1.4386,1.4336,1.4374,209629.02,0.0,0.0,0
15m,1778678100.0,1.4374,1.4392,1.4353,1.4359,178004.98,0.0,0.0,0
15m,1778679000.0,1.4359,1.4363,1.4285,1.4298,472631.18,0.0,0.0,0
15m,1778679900.0,1.4298,1.43,1.4222,1.4272,586210.18,0.0,0.0,0
15m,1778680800.0,1.4272,1.4295,1.4215,1.4283,369315.84,0.0,0.0,0
15m,1778681700.0,1.4283,1.431,1.4266,1.4298,275116.25,0.0,0.0,0
15m,1778682600.0,1.4298,1.4305,1.4263,1.4267,291571.59,0.0,0.0,0
15m,1778683500.0,1.4267,1.4294,1.4262,1.4288,128840.24,0.0,0.0,0
15m,1778684400.0,1.4288,1.4321,1.4216,1.4219,427477.59,0.0,0.0,0
15m,1778685300.0,1.4219,1.424,1.4178,1.4205,822922.44,0.0,0.0,0
15m,1778686200.0,1.4205,1.4234,1.4186,1.4217,276338.7,0.0,0.0,0
15m,1778687100.0,1.4217,1.4229,1.4115,1.4133,1084625.54,0.0,0.0,0
15m,1778688000.0,1.4133,1.4193,1.4121,1.4161,813220.93,0.0,0.0,0
15m,1778688900.0,1.4161,1.4205,1.4157,1.4198,392363.16,0.0,0.0,0
15m,1778689800.0,1.4198,1.423,1.4196,1.4225,464002.62,0.0,0.0,0
15m,1778690700.0,1.4225,1.4246,1.4223,1.4232,260882.6,0.0,0.0,0
15m,1778691600.0,1.4232,1.4294,1.4232,1.429,301776.12,0.0,0.0,0
15m,1778692500.0,1.429,1.4305,1.4278,1.4291,220741.45,0.0,0.0,0
15m,1778693400.0,1.4291,1.4297,1.427,1.4285,173752.34,0.0,0.0,0
15m,1778694300.0,1.4285,1.4306,1.4278,1.4293,245813.85,0.0,0.0,0
15m,1778695200.0,1.4293,1.4317,1.4293,1.431,310191.11,0.0,0.0,0
15m,1778696100.0,1.431,1.4339,1.429,1.4321,344373.04,0.0,0.0,0
15m,1778697000.0,1.4321,1.4325,1.4292,1.4295,283728.52,0.0,0.0,0
15m,1778697900.0,1.4295,1.4295,1.4265,1.4265,95941.48,0.0,0.0,0
15m,1778698800.0,1.4265,1.4269,1.4221,1.4221,377840.72,0.0,0.0,0
15m,1778699700.0,1.4221,1.4224,1.4186,1.4196,459963.31,0.0,0.0,0
15m,1778700600.0,1.4196,1.4226,1.4193,1.4194,213486.16,0.0,0.0,0
15m,1778701500.0,1.4194,1.4202,1.4169,1.4189,453022.54,0.0,0.0,0
15m,1778702400.0,1.4189,1.4233,1.4189,1.4214,295086.86,0.0,0.0,0
15m,1778703300.0,1.4214,1.4246,1.4214,1.4231,146221.48,0.0,0.0,0
15m,1778704200.0,1.4231,1.4262,1.4231,1.4247,158455.71,0.0,0.0,0
15m,1778705100.0,1.4247,1.4258,1.4245,1.4254,153491.81,0.0,0.0,0
15m,1778706000.0,1.4254,1.4258,1.4185,1.4217,182322.54,0.0,0.0,0
15m,1778706900.0,1.4217,1.4219,1.4194,1.42,63747.19,0.0,0.0,0
15m,1778707800.0,1.42,1.4205,1.4176,1.4187,163868.59,0.0,0.0,0
15m,1778708700.0,1.4187,1.4211,1.4174,1.4186,61618.89,0.0,0.0,0
15m,1778709600.0,1.4186,1.4206,1.4157,1.4206,110260.11,0.0,0.0,0
15m,1778710500.0,1.4206,1.4222,1.4184,1.422,79401.1,0.0,0.0,0
15m,1778711400.0,1.422,1.4242,1.4213,1.4224,255283.96,0.0,0.0,0
15m,1778712300.0,1.4224,1.424,1.4224,1.4232,92234.95,0.0,0.0,0
15m,1778713200.0,1.4232,1.4259,1.4211,1.4242,376230.27,0.0,0.0,0
15m,1778714100.0,1.4242,1.426,1.4232,1.4245,118304.67,0.0,0.0,0
15m,1778715000.0,1.4245,1.4255,1.4231,1.4248,49198.21,0.0,0.0,0
15m,1778715900.0,1.4248,1.4276,1.4248,1.4272,25071.51,0.0,0.0,0
15m,1778716800.0,1.4272,1.4324,1.4266,1.4286,382705.19,0.0,0.0,0
15m,1778717700.0,1.4286,1.4328,1.428,1.43,856654.17,0.0,0.0,0
15m,1778718600.0,1.43,1.4334,1.43,1.431,61243.67,0.0,0.0,0
15m,1778719500.0,1.431,1.4325,1.43,1.4317,99258.45,0.0,0.0,0
15m,1778720400.0,1.4317,1.4341,1.4313,1.4325,52041.12,0.0,0.0,0
15m,1778721300.0,1.4325,1.4335,1.4306,1.4331,68719.0,0.0,0.0,0
15m,1778722200.0,1.4331,1.4349,1.4264,1.4274,340585.69,0.0,0.0,0
15m,1778723100.0,1.4274,1.4328,1.4265,1.4325,413957.96,0.0,0.0,0
15m,1778724000.0,1.4325,1.4341,1.4314,1.4322,70815.37,0.0,0.0,0
15m,1778724900.0,1.4322,1.4336,1.4316,1.4329,65508.67,0.0,0.0,0
15m,1778725800.0,1.4329,1.4329,1.4289,1.4304,41910.93,0.0,0.0,0
15m,1778726700.0,1.4304,1.4306,1.4234,1.4261,162972.93,0.0,0.0,0
15m,1778727600.0,1.4261,1.4294,1.4227,1.4263,183202.92,0.0,0.0,0
15m,1778728500.0,1.4263,1.4299,1.4222,1.4286,110250.93,0.0,0.0,0
15m,1778729400.0,1.4286,1.4303,1.4253,1.4263,47908.28,0.0,0.0,0
15m,1778730300.0,1.4263,1.4263,1.4208,1.4225,150679.97,0.0,0.0,0
15m,1778731200.0,1.4225,1.4259,1.4209,1.4257,293712.27,0.0,0.0,0
15m,1778732100.0,1.4257,1.4283,1.4252,1.4278,167571.72,0.0,0.0,0
15m,1778733000.0,1.4278,1.429,1.4269,1.4286,88044.97,0.0,0.0,0
15m,1778733900.0,1.4286,1.4318,1.4278,1.4303,161438.11,0.0,0.0,0
15m,1778734800.0,1.4303,1.4325,1.4301,1.4301,70371.0,0.0,0.0,0
15m,1778735700.0,1.4301,1.4333,1.4295,1.4328,156925.69,0.0,0.0,0
15m,1778736600.0,1.4328,1.4343,1.4322,1.433,144083.38,0.0,0.0,0
15m,1778737500.0,1.433,1.4397,1.433,1.4359,210865.28,0.0,0.0,0
15m,1778738400.0,1.4359,1.4368,1.4337,1.435,77100.2,0.0,0.0,0
15m,1778739300.0,1.435,1.4352,1.4324,1.4334,47324.78,0.0,0.0,0
15m,1778740200.0,1.4334,1.4346,1.4268,1.4336,570872.0,0.0,0.0,0
15m,1778741100.0,1.4336,1.4353,1.4335,1.4346,120192.57,0.0,0.0,0
15m,1778742000.0,1.4346,1.4353,1.4305,1.4308,128265.75,0.0,0.0,0
15m,1778742900.0,1.4308,1.4348,1.4303,1.4331,72081.52,0.0,0.0,0
15m,1778743800.0,1.4331,1.4367,1.4322,1.4346,521525.44,0.0,0.0,0
15m,1778744700.0,1.4346,1.4349,1.4318,1.4325,79103.36,0.0,0.0,0
15m,1778745600.0,1.4325,1.4355,1.4297,1.434,285758.18,0.0,0.0,0
15m,1778746500.0,1.434,1.435,1.4319,1.4324,82731.33,0.0,0.0,0
15m,1778747400.0,1.4324,1.4368,1.4323,1.4355,58333.27,0.0,0.0,0
15m,1778748300.0,1.4355,1.4359,1.4336,1.4348,60651.23,0.0,0.0,0
15m,1778749200.0,1.4348,1.436,1.4338,1.434,156775.25,0.0,0.0,0
15m,1778750100.0,1.434,1.4348,1.4318,1.4325,146135.46,0.0,0.0,0
15m,1778751000.0,1.4325,1.4325,1.4274,1.4297,145304.4,0.0,0.0,0
15m,1778751900.0,1.4297,1.4299,1.4286,1.4296,81240.81,0.0,0.0,0
15m,1778752800.0,1.4296,1.4335,1.4281,1.4307,160302.97,0.0,0.0,0
15m,1778753700.0,1.4307,1.4325,1.4306,1.4319,138008.1,0.0,0.0,0
15m,1778754600.0,1.4319,1.4327,1.4299,1.4313,159642.95,0.0,0.0,0
15m,1778755500.0,1.4313,1.4374,1.4313,1.4366,123085.61,0.0,0.0,0
15m,1778756400.0,1.4366,1.4382,1.4354,1.4363,74746.82,0.0,0.0,0
15m,1778757300.0,1.4363,1.4391,1.436,1.4365,157014.13,0.0,0.0,0
15m,1778758200.0,1.4365,1.4366,1.4327,1.4329,110745.45,0.0,0.0,0
15m,1778759100.0,1.4329,1.4347,1.4319,1.4325,94781.57,0.0,0.0,0
15m,1778760000.0,1.4325,1.4382,1.4313,1.4378,189140.89,0.0,0.0,0
15m,1778760900.0,1.4378,1.4424,1.436,1.4424,180570.55,0.0,0.0,0
15m,1778761800.0,1.4424,1.449,1.4403,1.4489,406332.83,0.0,0.0,0
15m,1778762700.0,1.4489,1.4519,1.4476,1.4482,296255.54,0.0,0.0,0
15m,1778763600.0,1.4482,1.457,1.4478,1.4568,345383.6,0.0,0.0,0
15m,1778764500.0,1.4568,1.4599,1.4497,1.4497,845049.55,0.0,0.0,0
15m,1778765400.0,1.4497,1.451,1.4454,1.4466,332284.67,0.0,0.0,0
15m,1778766300.0,1.4466,1.4498,1.4416,1.4425,506767.2,0.0,0.0,0
15m,1778767200.0,1.4425,1.4494,1.4391,1.4482,239950.35,0.0,0.0,0
15m,1778768100.0,1.4482,1.4557,1.4475,1.4548,470440.23,0.0,0.0,0
15m,1778769000.0,1.4548,1.4663,1.453,1.4652,1402571.62,0.0,0.0,0
15m,1778769900.0,1.4652,1.4747,1.4652,1.4711,1712626.9,0.0,0.0,0
15m,1778770800.0,1.4711,1.4728,1.4627,1.4683,767312.03,0.0,0.0,0
15m,1778771700.0,1.4683,1.4728,1.4644,1.4684,823952.68,0.0,0.0,0
15m,1778772600.0,1.4684,1.472,1.4645,1.4696,371351.96,0.0,0.0,0
15m,1778773500.0,1.4696,1.4744,1.4684,1.4726,391206.42,0.0,0.0,0
15m,1778774400.0,1.4726,1.4766,1.47,1.4753,380236.44,0.0,0.0,0
15m,1778775300.0,1.4753,1.476,1.4698,1.4729,482373.83,0.0,0.0,0
15m,1778776200.0,1.4729,1.4741,1.4689,1.4715,292484.11,0.0,0.0,0
15m,1778777100.0,1.4715,1.481,1.4648,1.4802,914374.16,0.0,0.0,0
15m,1778778000.0,1.4802,1.4933,1.4767,1.4915,1248526.33,0.0,0.0,0
15m,1778778900.0,1.4915,1.4915,1.4722,1.4741,1690811.83,0.0,0.0,0
15m,1778779800.0,1.4741,1.4906,1.4728,1.4896,862367.66,0.0,0.0,0
15m,1778780700.0,1.4896,1.5001,1.4895,1.4917,1588493.52,0.0,0.0,0
15m,1778781600.0,1.4917,1.5121,1.4863,1.5092,1929834.43,0.0,0.0,0
15m,1778782500.0,1.5092,1.5348,1.5039,1.5345,2476779.41,0.0,0.0,0
15m,1778783400.0,1.5345,1.5347,1.5222,1.5307,2159842.23,0.0,0.0,0
15m,1778784300.0,1.5307,1.545,1.5296,1.5362,1403841.33,0.0,0.0,0
15m,1778785200.0,1.5362,1.5498,1.5322,1.5403,1158190.78,0.0,0.0,0
15m,1778786100.0,1.5403,1.5476,1.5225,1.5229,1127222.51,0.0,0.0,0
15m,1778787000.0,1.5229,1.5275,1.5156,1.5186,1303497.85,0.0,0.0,0
15m,1778787900.0,1.5186,1.5206,1.5094,1.5164,2807989.88,0.0,0.0,0
15m,1778788800.0,1.5164,1.5175,1.5053,1.5056,1096820.88,0.0,0.0,0
15m,1778789700.0,1.5056,1.5092,1.5018,1.5058,789425.43,0.0,0.0,0
15m,1778790600.0,1.5058,1.512,1.4973,1.4997,825078.32,0.0,0.0,0
15m,1778791500.0,1.4997,1.5084,1.4992,1.5082,528573.74,0.0,0.0,0
15m,1778792400.0,1.5082,1.5113,1.4941,1.4971,1458532.9,0.0,0.0,0
15m,1778793300.0,1.4971,1.504,1.4969,1.5032,388579.67,0.0,0.0,0
15m,1778794200.0,1.5032,1.5047,1.4991,1.4994,179765.81,0.0,0.0,0
15m,1778795100.0,1.4994,1.5002,1.4939,1.4978,227546.3,0.0,0.0,0
15m,1778796000.0,1.4978,1.4993,1.4938,1.4992,453159.54,0.0,0.0,0
15m,1778796900.0,1.4992,1.5044,1.4966,1.503,331623.17,0.0,0.0,0
15m,1778797800.0,1.503,1.5062,1.5018,1.503,441663.85,0.0,0.0,0
15m,1778798700.0,1.503,1.5046,1.4991,1.5008,175538.98,0.0,0.0,0
15m,1778799600.0,1.5008,1.5008,1.4919,1.4951,272654.72,0.0,0.0,0
15m,1778800500.0,1.4951,1.4966,1.4911,1.4961,148999.25,0.0,0.0,0
15m,1778801400.0,1.4961,1.4963,1.491,1.4914,99754.01,0.0,0.0,0
15m,1778802300.0,1.4914,1.4916,1.4831,1.4851,395011.02,0.0,0.0,0
15m,1778803200.0,1.4851,1.4941,1.4849,1.4941,179324.23,0.0,0.0,0
15m,1778804100.0,1.4941,1.4987,1.4919,1.4973,353176.12,0.0,0.0,0
15m,1778805000.0,1.4973,1.5,1.4907,1.4938,500584.46,0.0,0.0,0
15m,1778805900.0,1.4938,1.4984,1.4927,1.4952,177318.55,0.0,0.0,0
15m,1778806800.0,1.4952,1.4986,1.4952,1.4977,555681.95,0.0,0.0,0
15m,1778807700.0,1.4977,1.4997,1.4927,1.4932,206199.68,0.0,0.0,0
15m,1778808600.0,1.4932,1.496,1.4874,1.4941,309942.95,0.0,0.0,0
15m,1778809500.0,1.4941,1.4942,1.4839,1.4843,915425.92,0.0,0.0,0
15m,1778810400.0,1.4843,1.4888,1.4822,1.4846,377485.23,0.0,0.0,0
15m,1778811300.0,1.4846,1.4859,1.4786,1.479,218985.0,0.0,0.0,0
15m,1778812200.0,1.479,1.4863,1.4762,1.4853,227586.95,0.0,0.0,0
15m,1778813100.0,1.4853,1.4925,1.4853,1.4906,608314.31,0.0,0.0,0
15m,1778814000.0,1.4906,1.4924,1.4868,1.4892,243516.1,0.0,0.0,0
15m,1778814900.0,1.4892,1.4903,1.4874,1.4892,131283.0,0.0,0.0,0
15m,1778815800.0,1.4892,1.4896,1.4832,1.4862,376334.53,0.0,0.0,0
15m,1778816700.0,1.4862,1.4905,1.4859,1.4891,158248.84,0.0,0.0,0
15m,1778817600.0,1.4891,1.4904,1.4858,1.4875,191060.23,0.0,0.0,0
15m,1778818500.0,1.4875,1.4885,1.4828,1.4829,421635.73,0.0,0.0,0
15m,1778819400.0,1.4829,1.484,1.4795,1.4804,256510.03,0.0,0.0,0
15m,1778820300.0,1.4804,1.4815,1.4729,1.4734,337389.86,0.0,0.0,0
15m,1778821200.0,1.4734,1.4751,1.4696,1.473,351379.44,0.0,0.0,0
15m,1778822100.0,1.473,1.4744,1.464,1.4654,413009.74,0.0,0.0,0
15m,1778823000.0,1.4654,1.4662,1.4533,1.4614,2053392.45,0.0,0.0,0
15m,1778823900.0,1.4614,1.4639,1.4569,1.4604,445425.1,0.0,0.0,0
15m,1778824800.0,1.4604,1.4652,1.4583,1.4631,550384.05,0.0,0.0,0
15m,1778825700.0,1.4631,1.4665,1.4609,1.4663,208347.56,0.0,0.0,0
15m,1778826600.0,1.4663,1.4688,1.4655,1.4688,126636.54,0.0,0.0,0
15m,1778827500.0,1.4688,1.4732,1.4662,1.4688,549145.36,0.0,0.0,0
15m,1778828400.0,1.4688,1.4701,1.4656,1.4696,179365.38,0.0,0.0,0
15m,1778829300.0,1.4696,1.4728,1.4675,1.4704,265196.54,0.0,0.0,0
15m,1778830200.0,1.4704,1.4709,1.468,1.469,170674.16,0.0,0.0,0
15m,1778831100.0,1.469,1.4704,1.4682,1.4695,146943.81,0.0,0.0,0
15m,1778832000.0,1.4695,1.47,1.467,1.4679,164352.69,0.0,0.0,0
15m,1778832900.0,1.4679,1.4685,1.4612,1.4655,742700.42,0.0,0.0,0
15m,1778833800.0,1.4655,1.4709,1.4621,1.4709,281467.92,0.0,0.0,0
15m,1778834700.0,1.4709,1.4722,1.469,1.4712,206168.23,0.0,0.0,0
15m,1778835600.0,1.4712,1.4731,1.4654,1.4664,561040.99,0.0,0.0,0
15m,1778836500.0,1.4664,1.468,1.4648,1.4674,147862.17,0.0,0.0,0
15m,1778837400.0,1.4674,1.4678,1.4639,1.464,152467.59,0.0,0.0,0
15m,1778838300.0,1.464,1.4652,1.4616,1.4648,175127.28,0.0,0.0,0
15m,1778839200.0,1.4648,1.4678,1.4636,1.4671,126397.85,0.0,0.0,0
15m,1778840100.0,1.4671,1.4676,1.4642,1.4663,104316.35,0.0,0.0,0
15m,1778841000.0,1.4663,1.469,1.4654,1.4684,84228.57,0.0,0.0,0
15m,1778841900.0,1.4684,1.4767,1.4684,1.4746,313776.13,0.0,0.0,0
15m,1778842800.0,1.4746,1.4756,1.4719,1.4731,172270.55,0.0,0.0,0
15m,1778843700.0,1.4731,1.4738,1.471,1.4723,181928.56,0.0,0.0,0
15m,1778844600.0,1.4723,1.4723,1.4696,1.4701,135824.34,0.0,0.0,0
15m,1778845500.0,1.4701,1.4708,1.4666,1.4682,185240.79,0.0,0.0,0
15m,1778846400.0,1.4682,1.4691,1.4643,1.4645,241136.69,0.0,0.0,0
15m,1778847300.0,1.4645,1.4658,1.4634,1.465,504400.38,0.0,0.0,0
15m,1778848200.0,1.465,1.465,1.4597,1.4616,465909.02,0.0,0.0,0
15m,1778849100.0,1.4616,1.4616,1.4586,1.4596,357899.14,0.0,0.0,0
15m,1778850000.0,1.4596,1.4596,1.4544,1.4573,557278.03,0.0,0.0,0
15m,1778850900.0,1.4573,1.459,1.4549,1.4553,463581.97,0.0,0.0,0
15m,1778851800.0,1.4553,1.4555,1.4385,1.4387,2223484.4,0.0,0.0,0
15m,1778852700.0,1.4387,1.4445,1.4287,1.432,1935569.7,0.0,0.0,0
15m,1778853600.0,1.432,1.4372,1.4272,1.4355,1161974.81,0.0,0.0,0
15m,1778854500.0,1.4355,1.4387,1.434,1.4352,614733.66,0.0,0.0,0
15m,1778855400.0,1.4352,1.4408,1.4352,1.4383,557035.84,0.0,0.0,0
15m,1778856300.0,1.4383,1.441,1.434,1.4394,588044.38,0.0,0.0,0
15m,1778857200.0,1.4394,1.4409,1.4356,1.4386,268063.16,0.0,0.0,0
15m,1778858100.0,1.4386,1.4402,1.4338,1.4348,285727.22,0.0,0.0,0
15m,1778859000.0,1.4348,1.4369,1.4307,1.4318,314909.66,0.0,0.0,0
15m,1778859900.0,1.4318,1.4361,1.43,1.4351,293763.33,0.0,0.0,0
15m,1778860800.0,1.4351,1.4379,1.434,1.4371,239284.53,0.0,0.0,0
15m,1778861700.0,1.4371,1.4465,1.4368,1.4456,1750312.4,0.0,0.0,0
15m,1778862600.0,1.4456,1.4474,1.443,1.4439,347589.06,0.0,0.0,0
15m,1778863500.0,1.4439,1.4468,1.441,1.4467,191316.08,0.0,0.0,0
15m,1778864400.0,1.4467,1.4508,1.4458,1.4471,230397.32,0.0,0.0,0
15m,1778865300.0,1.4471,1.45,1.446,1.4489,80275.06,0.0,0.0,0
15m,1778866200.0,1.4489,1.4502,1.4461,1.4465,102652.3,0.0,0.0,0
15m,1778867100.0,1.4465,1.4489,1.446,1.4467,289387.92,0.0,0.0,0
15m,1778868000.0,1.4467,1.4493,1.4463,1.447,200015.27,0.0,0.0,0
15m,1778868900.0,1.447,1.4478,1.4424,1.4434,268443.68,0.0,0.0,0
15m,1778869800.0,1.4434,1.4435,1.4402,1.4422,169458.11,0.0,0.0,0
15m,1778870700.0,1.4422,1.4422,1.4397,1.4414,93254.83,0.0,0.0,0
15m,1778871600.0,1.4414,1.4414,1.4346,1.4348,257731.12,0.0,0.0,0
15m,1778872500.0,1.4348,1.4354,1.4322,1.4331,266611.79,0.0,0.0,0
15m,1778873400.0,1.4331,1.4358,1.4324,1.4331,378786.22,0.0,0.0,0
15m,1778874300.0,1.4331,1.4371,1.4327,1.4344,480868.32,0.0,0.0,0
15m,1778875200.0,1.4344,1.4363,1.4317,1.4343,233953.34,0.0,0.0,0
15m,1778876100.0,1.4343,1.4369,1.4323,1.4367,140883.94,0.0,0.0,0
15m,1778877000.0,1.4367,1.437,1.4336,1.4343,96778.79,0.0,0.0,0
15m,1778877900.0,1.4343,1.435,1.4326,1.4349,97044.01,0.0,0.0,0
15m,1778878800.0,1.4349,1.437,1.4345,1.4364,131311.26,0.0,0.0,0
15m,1778879700.0,1.4364,1.4369,1.4352,1.4352,44125.17,0.0,0.0,0
15m,1778880600.0,1.4352,1.4355,1.4334,1.4347,92936.54,0.0,0.0,0
15m,1778881500.0,1.4347,1.4357,1.43,1.4302,157170.63,0.0,0.0,0
15m,1778882400.0,1.4302,1.4336,1.4298,1.4324,158793.2,0.0,0.0,0
15m,1778883300.0,1.4324,1.4329,1.431,1.4321,58451.87,0.0,0.0,0
15m,1778884200.0,1.4321,1.4336,1.4312,1.4326,200089.07,0.0,0.0,0
15m,1778885100.0,1.4326,1.4343,1.4325,1.4334,276538.66,0.0,0.0,0
15m,1778886000.0,1.4334,1.4351,1.4327,1.4332,203888.26,0.0,0.0,0
15m,1778886900.0,1.4332,1.4344,1.4325,1.4341,261637.37,0.0,0.0,0
15m,1778887800.0,1.4341,1.4353,1.4324,1.4353,103913.4,0.0,0.0,0
15m,1778888700.0,1.4353,1.4356,1.4338,1.4338,135660.41,0.0,0.0,0
15m,1778889600.0,1.4338,1.4375,1.4322,1.4373,387348.46,0.0,0.0,0
15m,1778890500.0,1.4373,1.4379,1.4351,1.4354,176035.68,0.0,0.0,0
15m,1778891400.0,1.4354,1.4382,1.4344,1.4363,175009.36,0.0,0.0,0
15m,1778892300.0,1.4363,1.4367,1.4332,1.4341,328259.2,0.0,0.0,0
15m,1778893200.0,1.4341,1.4348,1.4328,1.4344,131259.32,0.0,0.0,0
15m,1778894100.0,1.4344,1.4351,1.4313,1.4322,60403.1,0.0,0.0,0
15m,1778895000.0,1.4322,1.4334,1.4316,1.4325,59702.43,0.0,0.0,0
15m,1778895900.0,1.4325,1.4384,1.4325,1.437,79285.72,0.0,0.0,0
15m,1778896800.0,1.437,1.4393,1.4365,1.4387,83351.7,0.0,0.0,0
15m,1778897700.0,1.4387,1.4393,1.437,1.437,85984.18,0.0,0.0,0
15m,1778898600.0,1.437,1.4375,1.4352,1.4361,39527.27,0.0,0.0,0
15m,1778899500.0,1.4361,1.4369,1.435,1.4369,36714.77,0.0,0.0,0
15m,1778900400.0,1.4369,1.4386,1.4365,1.4376,112447.13,0.0,0.0,0
15m,1778901300.0,1.4376,1.4385,1.436,1.4366,80175.32,0.0,0.0,0
15m,1778902200.0,1.4366,1.4369,1.4337,1.4337,79419.72,0.0,0.0,0
15m,1778903100.0,1.4337,1.4368,1.4336,1.4356,28005.29,0.0,0.0,0
15m,1778904000.0,1.4356,1.4366,1.433,1.4353,289963.0,0.0,0.0,0
15m,1778904900.0,1.4353,1.4358,1.4303,1.4303,114675.86,0.0,0.0,0
15m,1778905800.0,1.4303,1.4305,1.4175,1.4235,3279354.61,0.0,0.0,0
15m,1778906700.0,1.4235,1.4256,1.4222,1.4255,181417.62,0.0,0.0,0
15m,1778907600.0,1.4255,1.4269,1.4214,1.4264,172695.66,0.0,0.0,0
15m,1778908500.0,1.4264,1.4289,1.4234,1.4254,480396.77,0.0,0.0,0
15m,1778909400.0,1.4254,1.4296,1.4247,1.4279,216861.68,0.0,0.0,0
15m,1778910300.0,1.4279,1.4297,1.4236,1.425,727940.78,0.0,0.0,0
15m,1778911200.0,1.425,1.4264,1.4194,1.4204,217145.03,0.0,0.0,0
15m,1778912100.0,1.4204,1.421,1.4171,1.4208,332972.33,0.0,0.0,0
15m,1778913000.0,1.4208,1.4225,1.4171,1.4178,171629.69,0.0,0.0,0
15m,1778913900.0,1.4178,1.4208,1.4136,1.42,1295492.36,0.0,0.0,0
15m,1778914800.0,1.42,1.4201,1.4052,1.4093,1904660.93,0.0,0.0,0
15m,1778915700.0,1.4093,1.4149,1.4043,1.4148,632839.16,0.0,0.0,0
15m,1778916600.0,1.4148,1.4177,1.4117,1.4177,213998.36,0.0,0.0,0
15m,1778917500.0,1.4177,1.418,1.4149,1.4167,119690.04,0.0,0.0,0
15m,1778918400.0,1.4167,1.4183,1.4154,1.4155,103944.23,0.0,0.0,0
15m,1778919300.0,1.4155,1.4164,1.4145,1.4159,67989.37,0.0,0.0,0
15m,1778920200.0,1.4159,1.4179,1.4151,1.4166,62727.84,0.0,0.0,0
15m,1778921100.0,1.4166,1.4169,1.4146,1.415,100488.05,0.0,0.0,0
15m,1778922000.0,1.415,1.4158,1.4114,1.4115,106314.79,0.0,0.0,0
15m,1778922900.0,1.4115,1.412,1.4034,1.4061,1081825.83,0.0,0.0,0
15m,1778923800.0,1.4061,1.4094,1.4056,1.4066,144451.8,0.0,0.0,0
15m,1778924700.0,1.4066,1.408,1.4018,1.4024,274667.8,0.0,0.0,0
15m,1778925600.0,1.4024,1.4034,1.3963,1.3991,1145412.52,0.0,0.0,0
15m,1778926500.0,1.3991,1.4011,1.397,1.3996,232363.77,0.0,0.0,0
15m,1778927400.0,1.3996,1.4054,1.3996,1.402,631685.15,0.0,0.0,0
15m,1778928300.0,1.402,1.4091,1.4018,1.4073,100146.47,0.0,0.0,0
15m,1778929200.0,1.4073,1.4101,1.4073,1.4074,109715.98,0.0,0.0,0
15m,1778930100.0,1.4074,1.41,1.4068,1.41,76954.16,0.0,0.0,0
15m,1778931000.0,1.41,1.4134,1.4097,1.4119,142933.79,0.0,0.0,0
15m,1778931900.0,1.4119,1.4137,1.4107,1.411,172673.23,0.0,0.0,0
15m,1778932800.0,1.411,1.4124,1.4094,1.4099,125310.92,0.0,0.0,0
15m,1778933700.0,1.4099,1.4107,1.4081,1.4093,50935.71,0.0,0.0,0
15m,1778934600.0,1.4093,1.4126,1.4093,1.412,106997.82,0.0,0.0,0
15m,1778935500.0,1.412,1.4134,1.4103,1.4103,118440.49,0.0,0.0,0
15m,1778936400.0,1.4103,1.4108,1.408,1.4095,91317.63,0.0,0.0,0
15m,1778937300.0,1.4095,1.4137,1.4093,1.4135,108278.81,0.0,0.0,0
15m,1778938200.0,1.4135,1.4148,1.4124,1.4147,61671.04,0.0,0.0,0
15m,1778939100.0,1.4147,1.4154,1.4097,1.4117,532532.06,0.0,0.0,0
15m,1778940000.0,1.4117,1.413,1.4073,1.4082,246858.01,0.0,0.0,0
15m,1778940900.0,1.4082,1.4114,1.4067,1.4095,159859.83,0.0,0.0,0
15m,1778941800.0,1.4095,1.41,1.4075,1.4093,164181.41,0.0,0.0,0
15m,1778942700.0,1.4093,1.4132,1.4061,1.4095,823094.24,0.0,0.0,0
15m,1778943600.0,1.4095,1.4121,1.4094,1.4111,74491.92,0.0,0.0,0
15m,1778944500.0,1.4111,1.4131,1.41,1.412,69794.66,0.0,0.0,0
15m,1778945400.0,1.412,1.4148,1.412,1.4139,141275.49,0.0,0.0,0
15m,1778946300.0,1.4139,1.4151,1.4133,1.4147,89038.6,0.0,0.0,0
15m,1778947200.0,1.4147,1.4209,1.4135,1.4153,575435.51,0.0,0.0,0
15m,1778948100.0,1.4153,1.4186,1.4147,1.4176,216929.3,0.0,0.0,0
15m,1778949000.0,1.4176,1.4189,1.4143,1.4149,82486.71,0.0,0.0,0
15m,1778949900.0,1.4149,1.4175,1.4149,1.4168,83030.46,0.0,0.0,0
15m,1778950800.0,1.4168,1.4183,1.4157,1.4166,70651.96,0.0,0.0,0
15m,1778951700.0,1.4166,1.4189,1.4154,1.4183,52999.96,0.0,0.0,0
15m,1778952600.0,1.4183,1.4192,1.4178,1.4183,40309.81,0.0,0.0,0
15m,1778953500.0,1.4183,1.4193,1.417,1.4171,37269.0,0.0,0.0,0
15m,1778954400.0,1.4171,1.418,1.4154,1.4155,76814.29,0.0,0.0,0
15m,1778955300.0,1.4155,1.4161,1.4148,1.4155,34276.87,0.0,0.0,0
15m,1778956200.0,1.4155,1.4163,1.414,1.4152,57770.3,0.0,0.0,0
15m,1778957100.0,1.4152,1.4176,1.4149,1.4158,33853.63,0.0,0.0,0
15m,1778958000.0,1.4158,1.4166,1.415,1.4165,44421.96,0.0,0.0,0
15m,1778958900.0,1.4165,1.4175,1.4156,1.4163,33980.08,0.0,0.0,0
15m,1778959800.0,1.4163,1.4166,1.4157,1.416,29307.19,0.0,0.0,0
15m,1778960700.0,1.416,1.4175,1.4155,1.416,66397.51,0.0,0.0,0
15m,1778961600.0,1.416,1.418,1.416,1.4177,49866.27,0.0,0.0,0
15m,1778962500.0,1.4177,1.4213,1.4173,1.4173,1198148.41,0.0,0.0,0
15m,1778963400.0,1.4173,1.4173,1.4152,1.4155,107315.15,0.0,0.0,0
15m,1778964300.0,1.4155,1.4167,1.4153,1.4158,58188.61,0.0,0.0,0
15m,1778965200.0,1.4158,1.4165,1.414,1.4157,139012.23,0.0,0.0,0
15m,1778966100.0,1.4157,1.4158,1.4137,1.4148,81110.33,0.0,0.0,0
15m,1778967000.0,1.4148,1.4152,1.4137,1.4148,88381.53,0.0,0.0,0
15m,1778967900.0,1.4148,1.4157,1.4148,1.4151,24991.98,0.0,0.0,0
15m,1778968800.0,1.4151,1.4153,1.4121,1.4141,51541.79,0.0,0.0,0
15m,1778969700.0,1.4141,1.4155,1.4138,1.415,44488.44,0.0,0.0,0
15m,1778970600.0,1.415,1.4153,1.4144,1.4153,85720.83,0.0,0.0,0
15m,1778971500.0,1.4153,1.4154,1.4138,1.4138,56115.58,0.0,0.0,0
15m,1778972400.0,1.4138,1.4144,1.4133,1.4135,55463.89,0.0,0.0,0
15m,1778973300.0,1.4135,1.4154,1.4135,1.4139,29225.73,0.0,0.0,0
15m,1778974200.0,1.4139,1.4151,1.4139,1.4146,63624.4,0.0,0.0,0
15m,1778975100.0,1.4146,1.4159,1.4136,1.4136,34956.61,0.0,0.0,0
15m,1778976000.0,1.4136,1.4161,1.4136,1.4138,68424.1,0.0,0.0,0
15m,1778976900.0,1.4138,1.4156,1.4135,1.4154,80997.26,0.0,0.0,0
15m,1778977800.0,1.4154,1.4177,1.414,1.414,131435.54,0.0,0.0,0
15m,1778978700.0,1.414,1.4151,1.4092,1.4112,213107.21,0.0,0.0,0
15m,1778979600.0,1.4112,1.4141,1.4077,1.4125,200493.52,0.0,0.0,0
15m,1778980500.0,1.4125,1.4141,1.4117,1.4127,106988.52,0.0,0.0,0
15m,1778981400.0,1.4127,1.4138,1.4041,1.4053,479203.07,0.0,0.0,0
15m,1778982300.0,1.4053,1.4071,1.4038,1.4039,47346.23,0.0,0.0,0
15m,1778983200.0,1.4039,1.4089,1.4037,1.4073,79430.03,0.0,0.0,0
15m,1778984100.0,1.4073,1.4087,1.4042,1.4056,102693.4,0.0,0.0,0
15m,1778985000.0,1.4056,1.4091,1.4024,1.4087,676555.92,0.0,0.0,0
15m,1778985900.0,1.4087,1.4106,1.4058,1.4071,298995.97,0.0,0.0,0
15m,1778986800.0,1.4071,1.4098,1.4068,1.4087,47067.56,0.0,0.0,0
15m,1778987700.0,1.4087,1.4109,1.4081,1.409,193794.39,0.0,0.0,0
15m,1778988600.0,1.409,1.4118,1.4083,1.4109,50620.86,0.0,0.0,0
15m,1778989500.0,1.4109,1.414,1.4109,1.4122,70534.74,0.0,0.0,0
15m,1778990400.0,1.4122,1.4148,1.4118,1.4144,69583.88,0.0,0.0,0
15m,1778991300.0,1.4144,1.4171,1.4143,1.4154,99796.74,0.0,0.0,0
15m,1778992200.0,1.4154,1.417,1.4142,1.4162,69827.02,0.0,0.0,0
15m,1778993100.0,1.4162,1.4169,1.4155,1.4157,26481.66,0.0,0.0,0
15m,1778994000.0,1.4157,1.4215,1.4154,1.4196,98827.1,0.0,0.0,0
15m,1778994900.0,1.4196,1.4198,1.4171,1.4172,38610.12,0.0,0.0,0
15m,1778995800.0,1.4172,1.4187,1.4165,1.4167,36079.89,0.0,0.0,0
15m,1778996700.0,1.4167,1.4179,1.4163,1.4164,26091.89,0.0,0.0,0
15m,1778997600.0,1.4164,1.4191,1.4164,1.4185,64789.21,0.0,0.0,0
15m,1778998500.0,1.4185,1.419,1.4157,1.4172,55063.25,0.0,0.0,0
15m,1778999400.0,1.4172,1.4178,1.4158,1.4162,78196.05,0.0,0.0,0
15m,1779000300.0,1.4162,1.4174,1.416,1.4174,31728.43,0.0,0.0,0
15m,1779001200.0,1.4174,1.4185,1.4167,1.4178,33094.77,0.0,0.0,0
15m,1779002100.0,1.4178,1.4206,1.4166,1.4196,130836.36,0.0,0.0,0
15m,1779003000.0,1.4196,1.4212,1.418,1.4187,101745.04,0.0,0.0,0
15m,1779003900.0,1.4187,1.4197,1.418,1.4184,50147.71,0.0,0.0,0
15m,1779004800.0,1.4184,1.4202,1.4177,1.4186,76816.5,0.0,0.0,0
15m,1779005700.0,1.4186,1.419,1.416,1.4165,243041.29,0.0,0.0,0
15m,1779006600.0,1.4165,1.4174,1.4148,1.4158,256829.85,0.0,0.0,0
15m,1779007500.0,1.4158,1.4161,1.4144,1.4147,80825.55,0.0,0.0,0
15m,1779008400.0,1.4147,1.4162,1.4138,1.416,82039.49,0.0,0.0,0
15m,1779009300.0,1.416,1.4185,1.4142,1.4185,344479.32,0.0,0.0,0
15m,1779010200.0,1.4185,1.4186,1.4171,1.418,54685.99,0.0,0.0,0
15m,1779011100.0,1.418,1.4216,1.4178,1.4208,92011.37,0.0,0.0,0
15m,1779012000.0,1.4208,1.4289,1.4208,1.4255,495847.25,0.0,0.0,0
15m,1779012900.0,1.4255,1.4263,1.4236,1.4247,117574.27,0.0,0.0,0
15m,1779013800.0,1.4247,1.4253,1.4232,1.4245,118966.07,0.0,0.0,0
15m,1779014700.0,1.4245,1.4257,1.4212,1.4247,251575.51,0.0,0.0,0
15m,1779015600.0,1.4247,1.4247,1.4205,1.4224,372075.36,0.0,0.0,0
15m,1779016500.0,1.4224,1.4227,1.4209,1.4217,73547.27,0.0,0.0,0
15m,1779017400.0,1.4217,1.424,1.4211,1.4238,72195.36,0.0,0.0,0
15m,1779018300.0,1.4238,1.4247,1.4222,1.4225,30669.06,0.0,0.0,0
15m,1779019200.0,1.4225,1.4244,1.4222,1.4232,30552.41,0.0,0.0,0
15m,1779020100.0,1.4232,1.425,1.4226,1.4239,45577.63,0.0,0.0,0
15m,1779021000.0,1.4239,1.4261,1.4237,1.4257,229302.26,0.0,0.0,0
15m,1779021900.0,1.4257,1.4266,1.4228,1.4235,227818.26,0.0,0.0,0
15m,1779022800.0,1.4235,1.4235,1.4194,1.4196,144970.64,0.0,0.0,0
15m,1779023700.0,1.4196,1.42,1.4168,1.42,121443.56,0.0,0.0,0
15m,1779024600.0,1.42,1.4213,1.4188,1.4194,113407.58,0.0,0.0,0
15m,1779025500.0,1.4194,1.4207,1.4177,1.4188,48349.35,0.0,0.0,0
15m,1779026400.0,1.4188,1.419,1.4152,1.416,83243.66,0.0,0.0,0
15m,1779027300.0,1.416,1.4162,1.4107,1.4145,128899.08,0.0,0.0,0
15m,1779028200.0,1.4145,1.4152,1.4114,1.4127,59318.89,0.0,0.0,0
15m,1779029100.0,1.4127,1.4142,1.4122,1.4134,124689.92,0.0,0.0,0
15m,1779030000.0,1.4134,1.4149,1.412,1.4134,77979.94,0.0,0.0,0
15m,1779030900.0,1.4134,1.4134,1.4098,1.4129,187644.75,0.0,0.0,0
15m,1779031800.0,1.4129,1.4147,1.4118,1.4126,124639.82,0.0,0.0,0
15m,1779032700.0,1.4126,1.4138,1.4123,1.4131,67451.92,0.0,0.0,0
15m,1779033600.0,1.4131,1.4145,1.4127,1.4135,57149.65,0.0,0.0,0
15m,1779034500.0,1.4135,1.415,1.4127,1.4145,82877.1,0.0,0.0,0
15m,1779035400.0,1.4145,1.4161,1.4145,1.4157,53584.95,0.0,0.0,0
15m,1779036300.0,1.4157,1.4157,1.4103,1.4121,723611.05,0.0,0.0,0
15m,1779037200.0,1.4121,1.4129,1.4098,1.4102,228321.28,0.0,0.0,0
15m,1779038100.0,1.4102,1.4112,1.4087,1.411,82959.11,0.0,0.0,0
15m,1779039000.0,1.411,1.4116,1.4086,1.4114,75892.91,0.0,0.0,0
15m,1779039900.0,1.4114,1.4119,1.4106,1.4112,99242.26,0.0,0.0,0
15m,1779040800.0,1.4112,1.4136,1.4102,1.4102,80875.32,0.0,0.0,0
15m,1779041700.0,1.4102,1.4109,1.4067,1.4107,232555.78,0.0,0.0,0
15m,1779042600.0,1.4107,1.4114,1.4099,1.4101,94814.35,0.0,0.0,0
15m,1779043500.0,1.4101,1.4143,1.4095,1.4143,65756.05,0.0,0.0,0
15m,1779044400.0,1.4143,1.4163,1.4142,1.4158,148892.94,0.0,0.0,0
15m,1779045300.0,1.4158,1.4176,1.4152,1.4158,88972.42,0.0,0.0,0
15m,1779046200.0,1.4158,1.4197,1.4156,1.4192,119441.32,0.0,0.0,0
15m,1779047100.0,1.4192,1.4243,1.4189,1.4226,292231.81,0.0,0.0,0
15m,1779048000.0,1.4226,1.4236,1.4189,1.419,142572.4,0.0,0.0,0
15m,1779048900.0,1.419,1.4197,1.4175,1.4189,81074.34,0.0,0.0,0
15m,1779049800.0,1.4189,1.4205,1.4181,1.419,86002.05,0.0,0.0,0
15m,1779050700.0,1.419,1.4202,1.4189,1.4195,67142.32,0.0,0.0,0
15m,1779051600.0,1.4195,1.4212,1.4179,1.4208,130323.55,0.0,0.0,0
15m,1779052500.0,1.4208,1.4246,1.4198,1.4242,102105.39,0.0,0.0,0
15m,1779053400.0,1.4242,1.4264,1.4238,1.4259,165869.53,0.0,0.0,0
15m,1779054300.0,1.4259,1.4262,1.4232,1.4232,59202.97,0.0,0.0,0
15m,1779055200.0,1.4232,1.4232,1.4124,1.4149,453844.57,0.0,0.0,0
15m,1779056100.0,1.4149,1.4157,1.4099,1.4119,163603.57,0.0,0.0,0
15m,1779057000.0,1.4119,1.4157,1.4106,1.4143,243417.64,0.0,0.0,0
15m,1779057900.0,1.4143,1.4144,1.4097,1.4121,111751.65,0.0,0.0,0
15m,1779058800.0,1.4121,1.4143,1.408,1.4097,459798.85,0.0,0.0,0
15m,1779059700.0,1.4097,1.4098,1.403,1.4059,856508.65,0.0,0.0,0
15m,1779060600.0,1.4059,1.4076,1.37,1.3899,3942945.07,0.0,0.0,0
15m,1779061500.0,1.3899,1.4032,1.3878,1.4015,1201752.53,0.0,0.0,0
15m,1779062400.0,1.4015,1.4017,1.3887,1.3952,796669.55,0.0,0.0,0
15m,1779063300.0,1.3952,1.3977,1.3919,1.3941,952893.7,0.0,0.0,0
15m,1779064200.0,1.3941,1.3968,1.3906,1.3917,802580.68,0.0,0.0,0
15m,1779065100.0,1.3917,1.3977,1.3904,1.3968,420132.93,0.0,0.0,0
15m,1779066000.0,1.3968,1.3975,1.3915,1.3915,212788.77,0.0,0.0,0
15m,1779066900.0,1.3915,1.3916,1.3852,1.3868,289827.72,0.0,0.0,0
15m,1779067800.0,1.3868,1.3896,1.3857,1.3872,215837.19,0.0,0.0,0
15m,1779068700.0,1.3872,1.396,1.3853,1.3943,234769.36,0.0,0.0,0
15m,1779069600.0,1.3943,1.4027,1.3933,1.4024,290473.17,0.0,0.0,0
15m,1779070500.0,1.4024,1.4028,1.3987,1.3995,158543.15,0.0,0.0,0
15m,1779071400.0,1.3995,1.4002,1.3936,1.3948,122006.59,0.0,0.0,0
15m,1779072300.0,1.3948,1.3957,1.3907,1.3928,145335.21,0.0,0.0,0
15m,1779073200.0,1.3928,1.4006,1.3925,1.3951,339934.84,0.0,0.0,0
15m,1779074100.0,1.3951,1.3958,1.3918,1.3937,117173.78,0.0,0.0,0
15m,1779075000.0,1.3937,1.3952,1.3901,1.3952,187126.59,0.0,0.0,0
15m,1779075900.0,1.3952,1.3953,1.3921,1.3931,168519.74,0.0,0.0,0
15m,1779076800.0,1.3931,1.3958,1.3926,1.3954,75331.1,0.0,0.0,0
15m,1779077700.0,1.3954,1.3955,1.3873,1.3896,150182.08,0.0,0.0,0
15m,1779078600.0,1.3896,1.3981,1.3885,1.3978,148429.94,0.0,0.0,0
15m,1779079500.0,1.3978,1.3997,1.3942,1.3949,278319.86,0.0,0.0,0
15m,1779080400.0,1.3949,1.3962,1.3909,1.3949,394396.92,0.0,0.0,0
15m,1779081300.0,1.3949,1.3949,1.3915,1.3933,417811.61,0.0,0.0,0
15m,1779082200.0,1.3933,1.3943,1.3889,1.39,251602.53,0.0,0.0,0
15m,1779083100.0,1.39,1.391,1.3874,1.3892,185000.51,0.0,0.0,0
15m,1779084000.0,1.3892,1.3922,1.3808,1.3857,1150341.1,0.0,0.0,0
15m,1779084900.0,1.3857,1.3885,1.3769,1.3815,773450.94,0.0,0.0,0
15m,1779085800.0,1.3815,1.3863,1.3794,1.3863,407876.58,0.0,0.0,0
15m,1779086700.0,1.3863,1.3898,1.3857,1.3883,103015.62,0.0,0.0,0
15m,1779087600.0,1.3883,1.3911,1.3846,1.3859,114651.83,0.0,0.0,0
15m,1779088500.0,1.3859,1.3889,1.3804,1.3877,183617.61,0.0,0.0,0
15m,1779089400.0,1.3877,1.3898,1.3823,1.383,78873.01,0.0,0.0,0
15m,1779090300.0,1.383,1.3878,1.3828,1.3867,94369.8,0.0,0.0,0
15m,1779091200.0,1.3867,1.3897,1.3867,1.387,104343.67,0.0,0.0,0
15m,1779092100.0,1.387,1.3873,1.3846,1.3858,80137.74,0.0,0.0,0
15m,1779093000.0,1.3858,1.386,1.3823,1.384,115656.03,0.0,0.0,0
15m,1779093900.0,1.384,1.3885,1.3831,1.3879,55096.6,0.0,0.0,0
15m,1779094800.0,1.3879,1.3883,1.3827,1.3843,137407.65,0.0,0.0,0
15m,1779095700.0,1.3843,1.3865,1.3834,1.3851,395921.5,0.0,0.0,0
15m,1779096600.0,1.3851,1.3869,1.3828,1.3854,291773.6,0.0,0.0,0
15m,1779097500.0,1.3854,1.3868,1.3826,1.3829,132035.3,0.0,0.0,0
15m,1779098400.0,1.3829,1.3835,1.3786,1.3813,270090.1,0.0,0.0,0
15m,1779099300.0,1.3813,1.3819,1.379,1.3796,110248.01,0.0,0.0,0
15m,1779100200.0,1.3796,1.3811,1.3771,1.3789,355526.71,0.0,0.0,0
15m,1779101100.0,1.3789,1.3814,1.378,1.3782,80441.49,0.0,0.0,0
15m,1779102000.0,1.3782,1.38,1.3763,1.3787,123954.6,0.0,0.0,0
15m,1779102900.0,1.3787,1.3828,1.3783,1.3821,92704.12,0.0,0.0,0
15m,1779103800.0,1.3821,1.3967,1.3804,1.3942,524609.83,0.0,0.0,0
15m,1779104700.0,1.3942,1.3943,1.3896,1.3905,164553.9,0.0,0.0,0
15m,1779105600.0,1.3905,1.3956,1.3904,1.3942,182019.18,0.0,0.0,0
15m,1779106500.0,1.3942,1.3973,1.3926,1.3942,145655.67,0.0,0.0,0
15m,1779107400.0,1.3942,1.4017,1.3931,1.401,207956.79,0.0,0.0,0
15m,1779108300.0,1.401,1.4024,1.3973,1.3988,147505.73,0.0,0.0,0
15m,1779109200.0,1.3988,1.399,1.3901,1.3914,316081.21,0.0,0.0,0
15m,1779110100.0,1.3914,1.3918,1.3883,1.3886,173038.26,0.0,0.0,0
15m,1779111000.0,1.3886,1.3897,1.3767,1.384,708029.28,0.0,0.0,0
15m,1779111900.0,1.384,1.39,1.382,1.386,411037.93,0.0,0.0,0
15m,1779112800.0,1.386,1.386,1.3792,1.3802,434240.26,0.0,0.0,0
15m,1779113700.0,1.3802,1.3842,1.3751,1.3811,329604.04,0.0,0.0,0
15m,1779114600.0,1.3811,1.3821,1.3726,1.3766,443934.65,0.0,0.0,0
15m,1779115500.0,1.3766,1.379,1.3725,1.3774,191638.9,0.0,0.0,0
15m,1779116400.0,1.3774,1.3779,1.371,1.3758,841292.96,0.0,0.0,0
15m,1779117300.0,1.3758,1.3759,1.3704,1.3705,293026.23,0.0,0.0,0
15m,1779118200.0,1.3705,1.3754,1.3688,1.3741,451771.55,0.0,0.0,0
15m,1779119100.0,1.3741,1.3791,1.3739,1.3765,364496.6,0.0,0.0,0
15m,1779120000.0,1.3765,1.3804,1.375,1.379,268098.71,0.0,0.0,0
15m,1779120900.0,1.379,1.3811,1.3712,1.3717,286005.65,0.0,0.0,0
15m,1779121800.0,1.3717,1.3782,1.3706,1.3778,234032.48,0.0,0.0,0
15m,1779122700.0,1.3778,1.3809,1.3778,1.3788,306476.86,0.0,0.0,0
15m,1779123600.0,1.3788,1.3831,1.3771,1.381,337736.41,0.0,0.0,0
15m,1779124500.0,1.381,1.3838,1.3801,1.3825,311682.33,0.0,0.0,0
15m,1779125400.0,1.3825,1.3829,1.3796,1.3812,157544.98,0.0,0.0,0
15m,1779126300.0,1.3812,1.3824,1.3804,1.3807,108265.25,0.0,0.0,0
15m,1779127200.0,1.3807,1.381,1.3749,1.3759,110396.62,0.0,0.0,0
15m,1779128100.0,1.3759,1.3759,1.3642,1.3697,586911.25,0.0,0.0,0
15m,1779129000.0,1.3697,1.3726,1.3685,1.3714,228745.59,0.0,0.0,0
15m,1779129900.0,1.3714,1.3722,1.367,1.3681,161972.02,0.0,0.0,0
15m,1779130800.0,1.3681,1.3864,1.3673,1.3796,805926.24,0.0,0.0,0
15m,1779131700.0,1.3796,1.3825,1.3779,1.3807,126759.25,0.0,0.0,0
15m,1779132600.0,1.3807,1.387,1.3804,1.3865,186163.61,0.0,0.0,0
15m,1779133500.0,1.3865,1.3909,1.3861,1.3877,189736.24,0.0,0.0,0
15m,1779134400.0,1.3877,1.392,1.3862,1.3911,105708.44,0.0,0.0,0
15m,1779135300.0,1.3911,1.3922,1.3899,1.3912,48748.49,0.0,0.0,0
15m,1779136200.0,1.3912,1.3922,1.3855,1.3867,86365.32,0.0,0.0,0
15m,1779137100.0,1.3867,1.3867,1.3836,1.3848,163169.4,0.0,0.0,0
15m,1779138000.0,1.3848,1.3879,1.3823,1.3872,120295.28,0.0,0.0,0
15m,1779138900.0,1.3872,1.3904,1.3867,1.3897,54418.97,0.0,0.0,0
15m,1779139800.0,1.3897,1.396,1.3897,1.3932,224285.36,0.0,0.0,0
15m,1779140700.0,1.3932,1.3953,1.3921,1.3932,79601.47,0.0,0.0,0
15m,1779141600.0,1.3932,1.3947,1.3924,1.394,123617.11,0.0,0.0,0
15m,1779142500.0,1.394,1.3962,1.3919,1.3936,242298.86,0.0,0.0,0
15m,1779143400.0,1.3936,1.3943,1.3901,1.3911,185839.39,0.0,0.0,0
15m,1779144300.0,1.3911,1.3925,1.3887,1.3924,173359.54,0.0,0.0,0
15m,1779145200.0,1.3924,1.3945,1.3917,1.3917,54683.76,0.0,0.0,0
15m,1779146100.0,1.3917,1.3918,1.3904,1.3906,29621.8,0.0,0.0,0
15m,1779147000.0,1.3906,1.3931,1.39,1.3929,54728.53,0.0,0.0,0
15m,1779147900.0,1.3929,1.3929,1.3889,1.3902,141460.33,0.0,0.0,0
15m,1779148800.0,1.3902,1.3945,1.3893,1.3932,154749.5,0.0,0.0,0
15m,1779149700.0,1.3932,1.3978,1.3929,1.3958,152587.71,0.0,0.0,0
15m,1779150600.0,1.3958,1.3965,1.3925,1.3939,82053.82,0.0,0.0,0
15m,1779151500.0,1.3939,1.3961,1.3929,1.3932,65810.45,0.0,0.0,0
15m,1779152400.0,1.3932,1.3932,1.3907,1.3918,86979.64,0.0,0.0,0
15m,1779153300.0,1.3918,1.392,1.3845,1.3858,149073.27,0.0,0.0,0
15m,1779154200.0,1.3858,1.3902,1.3847,1.3891,141401.7,0.0,0.0,0
15m,1779155100.0,1.3891,1.3892,1.3845,1.3845,201684.1,0.0,0.0,0
15m,1779156000.0,1.3845,1.3845,1.3795,1.3824,250986.52,0.0,0.0,0
15m,1779156900.0,1.3824,1.3885,1.3813,1.3854,321160.3,0.0,0.0,0
15m,1779157800.0,1.3854,1.3855,1.3819,1.3822,128302.65,0.0,0.0,0
15m,1779158700.0,1.3822,1.3832,1.3777,1.3795,309067.19,0.0,0.0,0
15m,1779159600.0,1.3795,1.3814,1.3782,1.3814,65754.3,0.0,0.0,0
15m,1779160500.0,1.3814,1.3833,1.3802,1.381,62772.57,0.0,0.0,0
15m,1779161400.0,1.381,1.3845,1.381,1.3845,72189.31,0.0,0.0,0
15m,1779162300.0,1.3845,1.3849,1.383,1.3837,191478.96,0.0,0.0,0
15m,1779163200.0,1.3837,1.3869,1.3823,1.3859,199290.94,0.0,0.0,0
15m,1779164100.0,1.3859,1.3861,1.3793,1.3796,338570.64,0.0,0.0,0
15m,1779165000.0,1.3796,1.3861,1.3796,1.3854,144816.16,0.0,0.0,0
15m,1779165900.0,1.3854,1.3875,1.3854,1.387,159619.84,0.0,0.0,0
15m,1779166800.0,1.387,1.3884,1.3832,1.3843,186381.86,0.0,0.0,0
15m,1779167700.0,1.3843,1.3845,1.3787,1.3822,144329.63,0.0,0.0,0
15m,1779168600.0,1.3822,1.3876,1.3809,1.3859,233116.78,0.0,0.0,0
15m,1779169500.0,1.3859,1.3885,1.3824,1.3833,986494.87,0.0,0.0,0
15m,1779170400.0,1.3833,1.3857,1.3822,1.3853,251395.57,0.0,0.0,0
15m,1779171300.0,1.3853,1.3878,1.3839,1.385,191921.8,0.0,0.0,0
15m,1779172200.0,1.385,1.3882,1.385,1.3869,88424.34,0.0,0.0,0
15m,1779173100.0,1.3869,1.3869,1.3833,1.3855,187400.83,0.0,0.0,0
15m,1779174000.0,1.3855,1.3878,1.3834,1.3851,332922.49,0.0,0.0,0
15m,1779174900.0,1.3851,1.3897,1.3845,1.3864,892752.51,0.0,0.0,0
15m,1779175800.0,1.3864,1.3894,1.3861,1.3888,82239.31,0.0,0.0,0
15m,1779176700.0,1.3888,1.3899,1.3876,1.3885,167128.62,0.0,0.0,0
15m,1779177600.0,1.3885,1.3889,1.3831,1.3844,148150.09,0.0,0.0,0
15m,1779178500.0,1.3844,1.3854,1.3801,1.3821,115507.52,0.0,0.0,0
15m,1779179400.0,1.3821,1.3876,1.3812,1.3847,290529.09,0.0,0.0,0
15m,1779180300.0,1.3847,1.3859,1.3818,1.3827,224786.26,0.0,0.0,0
15m,1779181200.0,1.3827,1.3847,1.3813,1.382,386687.84,0.0,0.0,0
15m,1779182100.0,1.382,1.382,1.3729,1.3738,239322.29,0.0,0.0,0
15m,1779183000.0,1.3738,1.3761,1.3708,1.3761,292127.21,0.0,0.0,0
15m,1779183900.0,1.3761,1.3764,1.374,1.3747,137429.35,0.0,0.0,0
15m,1779184800.0,1.3747,1.3758,1.3728,1.3744,169691.49,0.0,0.0,0
15m,1779185700.0,1.3744,1.3748,1.3729,1.3747,79793.27,0.0,0.0,0
15m,1779186600.0,1.3747,1.3769,1.3693,1.3703,494555.59,0.0,0.0,0
15m,1779187500.0,1.3703,1.3756,1.3684,1.3742,323830.09,0.0,0.0,0
15m,1779188400.0,1.3742,1.377,1.3737,1.3749,238612.46,0.0,0.0,0
15m,1779189300.0,1.3749,1.3754,1.3715,1.372,257469.13,0.0,0.0,0
15m,1779190200.0,1.372,1.3738,1.3695,1.37,159747.92,0.0,0.0,0
15m,1779191100.0,1.37,1.3732,1.3698,1.3721,110418.02,0.0,0.0,0
15m,1779192000.0,1.3721,1.3743,1.3705,1.3741,257533.15,0.0,0.0,0
15m,1779192900.0,1.3741,1.3751,1.3734,1.3742,92890.42,0.0,0.0,0
15m,1779193800.0,1.3742,1.3772,1.3742,1.3766,160212.93,0.0,0.0,0
15m,1779194700.0,1.3766,1.3784,1.3756,1.3776,176326.0,0.0,0.0,0
15m,1779195600.0,1.3776,1.379,1.374,1.3763,202060.11,0.0,0.0,0
15m,1779196500.0,1.3763,1.3767,1.3711,1.3714,554774.32,0.0,0.0,0
15m,1779197400.0,1.3714,1.382,1.3714,1.3742,301173.2,0.0,0.0,0
15m,1779198300.0,1.3742,1.3798,1.3734,1.3767,208808.89,0.0,0.0,0
15m,1779199200.0,1.3767,1.3797,1.3706,1.3709,334257.03,0.0,0.0,0
15m,1779200100.0,1.3709,1.3717,1.3653,1.3694,367531.83,0.0,0.0,0
15m,1779201000.0,1.3694,1.3707,1.3656,1.3685,198154.74,0.0,0.0,0
15m,1779201900.0,1.3685,1.369,1.361,1.3666,330197.94,0.0,0.0,0
15m,1779202800.0,1.3666,1.37,1.3657,1.37,191236.46,0.0,0.0,0
15m,1779203700.0,1.37,1.3717,1.3657,1.3682,108847.99,0.0,0.0,0
15m,1779204600.0,1.3682,1.373,1.3679,1.3687,127461.68,0.0,0.0,0
15m,1779205500.0,1.3687,1.3687,1.3656,1.3673,89431.08,0.0,0.0,0
15m,1779206400.0,1.3673,1.3684,1.3636,1.3644,179100.83,0.0,0.0,0
15m,1779207300.0,1.3644,1.3667,1.364,1.3667,178853.22,0.0,0.0,0
15m,1779208200.0,1.3667,1.3703,1.3665,1.3703,201496.91,0.0,0.0,0
15m,1779209100.0,1.3703,1.3736,1.3696,1.3726,187764.53,0.0,0.0,0
15m,1779210000.0,1.3726,1.3744,1.3714,1.3721,225618.31,0.0,0.0,0
15m,1779210900.0,1.3721,1.3737,1.3691,1.3693,172639.1,0.0,0.0,0
15m,1779211800.0,1.3693,1.3693,1.3656,1.3658,144875.72,0.0,0.0,0
15m,1779212700.0,1.3658,1.3658,1.3624,1.3641,196499.5,0.0,0.0,0
15m,1779213600.0,1.3641,1.3667,1.363,1.3662,218930.81,0.0,0.0,0
15m,1779214500.0,1.3662,1.368,1.3628,1.363,208651.28,0.0,0.0,0
15m,1779215400.0,1.363,1.3652,1.3615,1.3636,197918.14,0.0,0.0,0
15m,1779216300.0,1.3636,1.3653,1.3618,1.3627,84934.64,0.0,0.0,0
15m,1779217200.0,1.3627,1.3664,1.3627,1.3664,166988.59,0.0,0.0,0
15m,1779218100.0,1.3664,1.3668,1.3568,1.3583,337638.87,0.0,0.0,0
15m,1779219000.0,1.3583,1.3613,1.3577,1.3584,299321.0,0.0,0.0,0
15m,1779219900.0,1.3584,1.3589,1.3565,1.3573,164422.13,0.0,0.0,0
15m,1779220800.0,1.3573,1.36,1.356,1.358,156162.6,0.0,0.0,0
15m,1779221700.0,1.358,1.3585,1.356,1.3573,167453.88,0.0,0.0,0
15m,1779222600.0,1.3573,1.3609,1.3567,1.3583,317318.64,0.0,0.0,0
15m,1779223500.0,1.3583,1.3601,1.3583,1.3587,68725.98,0.0,0.0,0
15m,1779224400.0,1.3587,1.3633,1.3578,1.3627,281980.32,0.0,0.0,0
15m,1779225300.0,1.3627,1.3627,1.361,1.3613,94647.83,0.0,0.0,0
15m,1779226200.0,1.3613,1.3626,1.3612,1.362,97904.56,0.0,0.0,0
15m,1779227100.0,1.362,1.3621,1.3596,1.36,173408.2,0.0,0.0,0
15m,1779228000.0,1.36,1.3601,1.357,1.3585,232353.6,0.0,0.0,0
15m,1779228900.0,1.3585,1.3586,1.355,1.3557,190294.57,0.0,0.0,0
15m,1779229800.0,1.3557,1.3586,1.3534,1.3583,203631.5,0.0,0.0,0
15m,1779230700.0,1.3583,1.359,1.3577,1.3582,81591.36,0.0,0.0,0
15m,1779231600.0,1.3582,1.3625,1.3572,1.3614,71308.48,0.0,0.0,0
15m,1779232500.0,1.3614,1.3637,1.3614,1.3633,37985.28,0.0,0.0,0
15m,1779233400.0,1.3633,1.3658,1.3632,1.3633,151849.71,0.0,0.0,0
15m,1779234300.0,1.3633,1.3633,1.3613,1.3618,51954.13,0.0,0.0,0
15m,1779235200.0,1.3618,1.364,1.3566,1.3566,214685.69,0.0,0.0,0
15m,1779236100.0,1.3566,1.3573,1.3521,1.3565,620941.09,0.0,0.0,0
15m,1779237000.0,1.3565,1.3603,1.3525,1.3545,353915.9,0.0,0.0,0
15m,1779237900.0,1.3545,1.3562,1.3532,1.3558,89200.65,0.0,0.0,0
15m,1779238800.0,1.3558,1.3585,1.3526,1.3564,127513.25,0.0,0.0,0
15m,1779239700.0,1.3564,1.3566,1.3491,1.3495,489393.54,0.0,0.0,0
15m,1779240600.0,1.3495,1.3523,1.3478,1.3498,373864.31,0.0,0.0,0
15m,1779241500.0,1.3498,1.357,1.3486,1.3552,380918.28,0.0,0.0,0
15m,1779242400.0,1.3552,1.3562,1.3515,1.3531,107126.62,0.0,0.0,0
15m,1779243300.0,1.3531,1.3564,1.3517,1.3547,94382.54,0.0,0.0,0
15m,1779244200.0,1.3547,1.3552,1.351,1.351,183468.72,0.0,0.0,0
15m,1779245100.0,1.351,1.3532,1.3507,1.3521,96767.16,0.0,0.0,0
15m,1779246000.0,1.3521,1.3531,1.3499,1.353,131952.86,0.0,0.0,0
15m,1779246900.0,1.353,1.3586,1.3523,1.3583,336357.69,0.0,0.0,0
15m,1779247800.0,1.3583,1.3586,1.3561,1.357,143456.03,0.0,0.0,0
15m,1779248700.0,1.357,1.3573,1.3552,1.3563,69846.53,0.0,0.0,0
15m,1779249600.0,1.3563,1.3588,1.3562,1.3582,125263.18,0.0,0.0,0
15m,1779250500.0,1.3582,1.3588,1.3561,1.3574,104601.12,0.0,0.0,0
15m,1779251400.0,1.3574,1.3574,1.3536,1.3566,107812.92,0.0,0.0,0
15m,1779252300.0,1.3566,1.3601,1.3565,1.3598,74970.74,0.0,0.0,0
15m,1779253200.0,1.3598,1.3692,1.3598,1.3687,465053.75,0.0,0.0,0
15m,1779254100.0,1.3687,1.3689,1.3648,1.3651,113781.75,0.0,0.0,0
15m,1779255000.0,1.3651,1.3698,1.3651,1.3676,148436.27,0.0,0.0,0
15m,1779255900.0,1.3676,1.369,1.3673,1.3684,159430.87,0.0,0.0,0
15m,1779256800.0,1.3684,1.3692,1.3677,1.3687,107277.25,0.0,0.0,0
15m,1779257700.0,1.3687,1.3697,1.3671,1.3677,448626.48,0.0,0.0,0
15m,1779258600.0,1.3677,1.3698,1.3667,1.3697,292437.73,0.0,0.0,0
15m,1779259500.0,1.3697,1.3711,1.3684,1.3707,113969.05,0.0,0.0,0
15m,1779260400.0,1.3707,1.3712,1.3686,1.37,93913.83,0.0,0.0,0
15m,1779261300.0,1.37,1.3738,1.3694,1.372,65988.7,0.0,0.0,0
15m,1779262200.0,1.372,1.372,1.3702,1.3704,81830.61,0.0,0.0,0
15m,1779263100.0,1.3704,1.3704,1.3676,1.3684,117554.28,0.0,0.0,0
15m,1779264000.0,1.3684,1.3695,1.367,1.3678,200545.85,0.0,0.0,0
15m,1779264900.0,1.3678,1.3681,1.3658,1.3681,33272.05,0.0,0.0,0
15m,1779265800.0,1.3681,1.3727,1.3681,1.371,249317.4,0.0,0.0,0
15m,1779266700.0,1.371,1.3724,1.3692,1.3704,194044.74,0.0,0.0,0
15m,1779267600.0,1.3704,1.3715,1.3697,1.3703,95384.59,0.0,0.0,0
15m,1779268500.0,1.3703,1.3716,1.3688,1.3714,177619.41,0.0,0.0,0
15m,1779269400.0,1.3714,1.3729,1.3714,1.3726,120084.22,0.0,0.0,0
15m,1779270300.0,1.3726,1.3726,1.3696,1.3699,117253.14,0.0,0.0,0
15m,1779271200.0,1.3699,1.3718,1.3697,1.3711,201661.93,0.0,0.0,0
15m,1779272100.0,1.3711,1.3733,1.3702,1.3732,332098.03,0.0,0.0,0
15m,1779273000.0,1.3732,1.3758,1.3726,1.3731,245070.48,0.0,0.0,0
15m,1779273900.0,1.3731,1.3739,1.3705,1.3706,124753.47,0.0,0.0,0
15m,1779274800.0,1.3706,1.3715,1.3696,1.3703,166221.92,0.0,0.0,0
15m,1779275700.0,1.3703,1.371,1.3686,1.3686,393935.84,0.0,0.0,0
15m,1779276600.0,1.3686,1.3696,1.3671,1.3679,291979.78,0.0,0.0,0
15m,1779277500.0,1.3679,1.3681,1.3643,1.3658,192243.11,0.0,0.0,0
15m,1779278400.0,1.3658,1.3681,1.3643,1.367,101745.54,0.0,0.0,0
15m,1779279300.0,1.367,1.3694,1.3655,1.3693,188603.69,0.0,0.0,0
15m,1779280200.0,1.3693,1.3713,1.3688,1.3709,191280.53,0.0,0.0,0
15m,1779281100.0,1.3709,1.3758,1.3709,1.3733,191273.58,0.0,0.0,0
15m,1779282000.0,1.3733,1.3743,1.3706,1.371,258748.93,0.0,0.0,0
15m,1779282900.0,1.371,1.3711,1.3673,1.3678,126913.61,0.0,0.0,0
15m,1779283800.0,1.3678,1.3684,1.3593,1.3638,542837.16,0.0,0.0,0
15m,1779284700.0,1.3638,1.3676,1.3612,1.3638,244399.58,0.0,0.0,0
15m,1779285600.0,1.3638,1.366,1.3583,1.3642,634233.04,0.0,0.0,0
15m,1779286500.0,1.3642,1.3727,1.364,1.3693,754467.79,0.0,0.0,0
15m,1779287400.0,1.3693,1.3726,1.3677,1.3706,563186.96,0.0,0.0,0
15m,1779288300.0,1.3706,1.3762,1.3702,1.3735,758469.17,0.0,0.0,0
15m,1779289200.0,1.3735,1.374,1.3684,1.3687,317478.71,0.0,0.0,0
15m,1779290100.0,1.3687,1.3806,1.3687,1.3745,1204768.14,0.0,0.0,0
15m,1779291000.0,1.3745,1.3761,1.3711,1.3731,291300.93,0.0,0.0,0
15m,1779291900.0,1.3731,1.3771,1.3728,1.3745,324931.67,0.0,0.0,0
15m,1779292800.0,1.3745,1.3775,1.3745,1.3751,137625.43,0.0,0.0,0
15m,1779293700.0,1.3751,1.3751,1.366,1.3676,688228.06,0.0,0.0,0
15m,1779294600.0,1.3676,1.3747,1.3667,1.3745,297423.54,0.0,0.0,0
15m,1779295500.0,1.3745,1.3774,1.3731,1.3749,569501.57,0.0,0.0,0
15m,1779296400.0,1.3749,1.3757,1.371,1.3753,687237.86,0.0,0.0,0
15m,1779297300.0,1.3753,1.3786,1.3742,1.3774,195516.41,0.0,0.0,0
15m,1779298200.0,1.3774,1.3802,1.3758,1.378,259311.18,0.0,0.0,0
15m,1779299100.0,1.378,1.3791,1.3746,1.3754,86288.24,0.0,0.0,0
15m,1779300000.0,1.3754,1.376,1.373,1.3744,276461.91,0.0,0.0,0
15m,1779300900.0,1.3744,1.3752,1.3711,1.3722,227931.26,0.0,0.0,0
15m,1779301800.0,1.3722,1.3725,1.3699,1.3699,149180.51,0.0,0.0,0
15m,1779302700.0,1.3699,1.37,1.3646,1.3674,485087.17,0.0,0.0,0
15m,1779303600.0,1.3674,1.3685,1.3655,1.3681,114936.36,0.0,0.0,0
15m,1779304500.0,1.3681,1.3714,1.3668,1.3714,45113.27,0.0,0.0,0
15m,1779305400.0,1.3714,1.3728,1.3691,1.3716,207524.77,0.0,0.0,0
15m,1779306300.0,1.3716,1.3728,1.3699,1.3727,212551.2,0.0,0.0,0
15m,1779307200.0,1.3727,1.3728,1.3683,1.3724,159376.58,0.0,0.0,0
15m,1779308100.0,1.3724,1.3725,1.3642,1.3703,265243.1,0.0,0.0,0
15m,1779309000.0,1.3703,1.3708,1.3677,1.3695,135670.21,0.0,0.0,0
15m,1779309900.0,1.3695,1.3709,1.3689,1.3702,45208.93,0.0,0.0,0
15m,1779310800.0,1.3702,1.3719,1.3685,1.3714,81641.98,0.0,0.0,0
15m,1779311700.0,1.3714,1.3714,1.3683,1.3687,40716.53,0.0,0.0,0
15m,1779312600.0,1.3687,1.3698,1.3676,1.3689,76772.81,0.0,0.0,0
15m,1779313500.0,1.3689,1.3695,1.3669,1.3669,48830.05,0.0,0.0,0
15m,1779314400.0,1.3669,1.367,1.3615,1.3635,129218.89,0.0,0.0,0
15m,1779315300.0,1.3635,1.3668,1.3603,1.3664,240682.24,0.0,0.0,0
15m,1779316200.0,1.3664,1.3679,1.3646,1.3663,86759.49,0.0,0.0,0
15m,1779317100.0,1.3663,1.3671,1.3652,1.3658,424953.57,0.0,0.0,0
15m,1779318000.0,1.3658,1.3658,1.3634,1.3641,692150.74,0.0,0.0,0
15m,1779318900.0,1.3641,1.365,1.3627,1.3642,75703.93,0.0,0.0,0
15m,1779319800.0,1.3642,1.3658,1.3637,1.3655,36794.04,0.0,0.0,0
15m,1779320700.0,1.3655,1.3675,1.3649,1.3671,69860.65,0.0,0.0,0
15m,1779321600.0,1.3671,1.3699,1.3664,1.3695,91058.77,0.0,0.0,0
15m,1779322500.0,1.3695,1.3712,1.3687,1.3712,122657.81,0.0,0.0,0
15m,1779323400.0,1.3712,1.3732,1.3706,1.3729,69871.16,0.0,0.0,0
15m,1779324300.0,1.3729,1.3779,1.3729,1.3761,153004.96,0.0,0.0,0
15m,1779325200.0,1.3761,1.3792,1.376,1.3792,51187.12,0.0,0.0,0
15m,1779326100.0,1.3792,1.3814,1.3757,1.3773,269501.94,0.0,0.0,0
15m,1779327000.0,1.3773,1.38,1.3758,1.3783,107254.47,0.0,0.0,0
15m,1779327900.0,1.3783,1.3802,1.3765,1.3782,197573.2,0.0,0.0,0
15m,1779328800.0,1.3782,1.3799,1.3777,1.3791,74808.86,0.0,0.0,0
15m,1779329700.0,1.3791,1.386,1.3788,1.3845,559818.39,0.0,0.0,0
15m,1779330600.0,1.3845,1.3852,1.383,1.3835,74892.07,0.0,0.0,0
15m,1779331500.0,1.3835,1.384,1.3814,1.3814,70281.19,0.0,0.0,0
15m,1779332400.0,1.3814,1.3824,1.3803,1.3811,93060.55,0.0,0.0,0
15m,1779333300.0,1.3811,1.3834,1.3805,1.3833,96364.77,0.0,0.0,0
15m,1779334200.0,1.3833,1.3833,1.3818,1.3828,169234.07,0.0,0.0,0
15m,1779335100.0,1.3828,1.385,1.3823,1.3843,229346.53,0.0,0.0,0
15m,1779336000.0,1.3843,1.3855,1.3817,1.3821,508942.15,0.0,0.0,0
15m,1779336900.0,1.3821,1.3858,1.3821,1.384,704153.57,0.0,0.0,0
15m,1779337800.0,1.384,1.3843,1.3815,1.3824,99755.01,0.0,0.0,0
15m,1779338700.0,1.3824,1.3831,1.3818,1.3823,78219.33,0.0,0.0,0
15m,1779339600.0,1.3823,1.3839,1.3799,1.3803,191297.95,0.0,0.0,0
15m,1779340500.0,1.3803,1.3814,1.3784,1.3788,102271.68,0.0,0.0,0
15m,1779341400.0,1.3788,1.3788,1.3761,1.3764,125081.09,0.0,0.0,0
15m,1779342300.0,1.3764,1.3765,1.3724,1.3749,211151.37,0.0,0.0,0
15m,1779343200.0,1.3749,1.3767,1.373,1.3743,172921.22,0.0,0.0,0
15m,1779344100.0,1.3743,1.3763,1.3734,1.3747,184020.32,0.0,0.0,0
15m,1779345000.0,1.3747,1.3762,1.3725,1.3727,76912.56,0.0,0.0,0
15m,1779345900.0,1.3727,1.3731,1.3697,1.3713,139796.31,0.0,0.0,0
15m,1779346800.0,1.3713,1.373,1.3701,1.3715,118064.21,0.0,0.0,0
15m,1779347700.0,1.3715,1.3735,1.3702,1.3727,86367.04,0.0,0.0,0
15m,1779348600.0,1.3727,1.3756,1.3725,1.3755,60879.73,0.0,0.0,0
15m,1779349500.0,1.3755,1.3773,1.3751,1.3761,162836.84,0.0,0.0,0
15m,1779350400.0,1.3761,1.3839,1.3761,1.3836,405693.42,0.0,0.0,0
15m,1779351300.0,1.3836,1.3859,1.3807,1.3835,863506.53,0.0,0.0,0
15m,1779352200.0,1.3835,1.3835,1.3794,1.3813,139067.58,0.0,0.0,0
15m,1779353100.0,1.3813,1.3817,1.3801,1.3805,90255.96,0.0,0.0,0
15m,1779354000.0,1.3805,1.3822,1.3798,1.3802,541650.4,0.0,0.0,0
15m,1779354900.0,1.3802,1.3819,1.3801,1.3804,89718.34,0.0,0.0,0
15m,1779355800.0,1.3804,1.381,1.3748,1.376,729705.75,0.0,0.0,0
15m,1779356700.0,1.376,1.3761,1.3743,1.3746,271533.02,0.0,0.0,0
15m,1779357600.0,1.3746,1.3751,1.372,1.3722,237875.77,0.0,0.0,0
15m,1779358500.0,1.3722,1.3734,1.3642,1.3679,1349195.89,0.0,0.0,0
15m,1779359400.0,1.3679,1.3703,1.3655,1.3695,176728.9,0.0,0.0,0
15m,1779360300.0,1.3695,1.3701,1.3662,1.3664,303745.43,0.0,0.0,0
15m,1779361200.0,1.3664,1.3681,1.3651,1.368,358106.33,0.0,0.0,0
15m,1779362100.0,1.368,1.3696,1.3672,1.368,342308.44,0.0,0.0,0
15m,1779363000.0,1.368,1.3693,1.3659,1.3666,197525.2,0.0,0.0,0
15m,1779363900.0,1.3666,1.3666,1.3637,1.3638,282333.08,0.0,0.0,0
15m,1779364800.0,1.3638,1.366,1.3625,1.363,134156.42,0.0,0.0,0
15m,1779365700.0,1.363,1.3641,1.3619,1.3626,221065.98,0.0,0.0,0
15m,1779366600.0,1.3626,1.3668,1.3619,1.3651,508924.1,0.0,0.0,0
15m,1779367500.0,1.3651,1.3661,1.3642,1.3649,190300.78,0.0,0.0,0
15m,1779368400.0,1.3649,1.368,1.3645,1.3673,131456.48,0.0,0.0,0
15m,1779369300.0,1.3673,1.3687,1.3664,1.3674,148203.76,0.0,0.0,0
15m,1779370200.0,1.3674,1.3679,1.3549,1.356,911992.67,0.0,0.0,0
15m,1779371100.0,1.356,1.3653,1.356,1.3617,606626.68,0.0,0.0,0
15m,1779372000.0,1.3617,1.3639,1.3584,1.359,444562.68,0.0,0.0,0
15m,1779372900.0,1.359,1.359,1.3514,1.356,499057.06,0.0,0.0,0
15m,1779373800.0,1.356,1.3616,1.356,1.3576,208970.82,0.0,0.0,0
15m,1779374700.0,1.3576,1.3584,1.3548,1.357,227482.59,0.0,0.0,0
15m,1779375600.0,1.357,1.363,1.3558,1.3614,331787.33,0.0,0.0,0
15m,1779376500.0,1.3614,1.3657,1.3605,1.3647,221857.45,0.0,0.0,0
15m,1779377400.0,1.3647,1.3652,1.3591,1.3615,449218.53,0.0,0.0,0
15m,1779378300.0,1.3615,1.3656,1.3601,1.3614,214010.93,0.0,0.0,0
15m,1779379200.0,1.3614,1.3645,1.3604,1.3616,414268.69,0.0,0.0,0
15m,1779380100.0,1.3616,1.3627,1.36,1.362,370796.69,0.0,0.0,0
15m,1779381000.0,1.362,1.365,1.3586,1.3592,223606.12,0.0,0.0,0
15m,1779381900.0,1.3592,1.3614,1.3572,1.3613,205455.41,0.0,0.0,0
15m,1779382800.0,1.3613,1.3715,1.3613,1.3688,337485.21,0.0,0.0,0
15m,1779383700.0,1.3688,1.3811,1.3683,1.3805,1399751.31,0.0,0.0,0
15m,1779384600.0,1.3805,1.3814,1.3773,1.3791,397198.21,0.0,0.0,0
15m,1779385500.0,1.3791,1.3863,1.3778,1.3812,601783.48,0.0,0.0,0
15m,1779386400.0,1.3812,1.382,1.3755,1.3767,191500.78,0.0,0.0,0
15m,1779387300.0,1.3767,1.3826,1.3757,1.3798,141566.65,0.0,0.0,0
15m,1779388200.0,1.3798,1.3813,1.3783,1.3796,104830.77,0.0,0.0,0
15m,1779389100.0,1.3796,1.3803,1.3667,1.3711,299010.95,0.0,0.0,0
15m,1779390000.0,1.3711,1.3781,1.3709,1.377,184660.79,0.0,0.0,0
15m,1779390900.0,1.377,1.3782,1.3754,1.3756,92775.38,0.0,0.0,0
15m,1779391800.0,1.3756,1.3791,1.3756,1.3773,84484.82,0.0,0.0,0
15m,1779392700.0,1.3773,1.3812,1.3766,1.3795,244776.33,0.0,0.0,0
15m,1779393600.0,1.3795,1.3809,1.3779,1.3791,81243.29,0.0,0.0,0
15m,1779394500.0,1.3791,1.3796,1.3775,1.378,70929.7,0.0,0.0,0
15m,1779395400.0,1.378,1.3804,1.3779,1.379,38179.14,0.0,0.0,0
15m,1779396300.0,1.379,1.3811,1.3763,1.3771,37066.49,0.0,0.0,0
15m,1779397200.0,1.3771,1.3788,1.3769,1.3783,55468.27,0.0,0.0,0
15m,1779398100.0,1.3783,1.3787,1.3772,1.3784,42866.19,0.0,0.0,0
15m,1779399000.0,1.3784,1.3785,1.3763,1.3767,56388.05,0.0,0.0,0
15m,1779399900.0,1.3767,1.3772,1.3756,1.3759,100898.87,0.0,0.0,0
15m,1779400800.0,1.3759,1.3766,1.3734,1.3741,116173.33,0.0,0.0,0
15m,1779401700.0,1.3741,1.3745,1.3724,1.3744,84034.86,0.0,0.0,0
15m,1779402600.0,1.3744,1.3752,1.371,1.3728,98182.85,0.0,0.0,0
15m,1779403500.0,1.3728,1.3733,1.3718,1.3727,42394.16,0.0,0.0,0
15m,1779404400.0,1.3727,1.3739,1.3701,1.3705,53233.72,0.0,0.0,0
15m,1779405300.0,1.3705,1.3719,1.3694,1.371,72922.29,0.0,0.0,0
15m,1779406200.0,1.371,1.3746,1.3707,1.3733,119125.12,0.0,0.0,0
15m,1779407100.0,1.3733,1.3756,1.3728,1.374,230861.53,0.0,0.0,0
15m,1779408000.0,1.374,1.3745,1.3695,1.3696,194684.11,0.0,0.0,0
15m,1779408900.0,1.3696,1.3717,1.3685,1.3687,82962.46,0.0,0.0,0
15m,1779409800.0,1.3687,1.3713,1.3676,1.3693,66289.71,0.0,0.0,0
15m,1779410700.0,1.3693,1.3705,1.3674,1.3682,43907.19,0.0,0.0,0
15m,1779411600.0,1.3682,1.3713,1.3671,1.3711,42773.32,0.0,0.0,0
15m,1779412500.0,1.3711,1.3714,1.3681,1.3693,105427.77,0.0,0.0,0
15m,1779413400.0,1.3693,1.3698,1.365,1.3686,164652.78,0.0,0.0,0
15m,1779414300.0,1.3686,1.3719,1.3686,1.371,73509.17,0.0,0.0,0
15m,1779415200.0,1.371,1.3734,1.371,1.3732,47815.03,0.0,0.0,0
15m,1779416100.0,1.3732,1.3744,1.3713,1.3718,70161.18,0.0,0.0,0
15m,1779417000.0,1.3718,1.3727,1.3699,1.3707,71548.58,0.0,0.0,0
15m,1779417900.0,1.3707,1.375,1.3707,1.3732,904133.14,0.0,0.0,0
15m,1779418800.0,1.3732,1.3746,1.3722,1.3726,54878.3,0.0,0.0,0
15m,1779419700.0,1.3726,1.3734,1.371,1.3728,30870.81,0.0,0.0,0
15m,1779420600.0,1.3728,1.3738,1.3719,1.3722,141022.79,0.0,0.0,0
15m,1779421500.0,1.3722,1.3733,1.3719,1.3722,51822.42,0.0,0.0,0
15m,1779422400.0,1.3722,1.3754,1.3722,1.375,156163.52,0.0,0.0,0
15m,1779423300.0,1.375,1.3762,1.373,1.3732,46849.26,0.0,0.0,0
15m,1779424200.0,1.3732,1.3736,1.3705,1.3707,41157.52,0.0,0.0,0
15m,1779425100.0,1.3707,1.3707,1.3681,1.3703,336427.44,0.0,0.0,0
15m,1779426000.0,1.3703,1.3707,1.3686,1.3698,32631.48,0.0,0.0,0
15m,1779426900.0,1.3698,1.3709,1.3677,1.3694,75734.49,0.0,0.0,0
15m,1779427800.0,1.3694,1.3715,1.3691,1.3714,106710.56,0.0,0.0,0
15m,1779428700.0,1.3714,1.373,1.3676,1.3683,278649.45,0.0,0.0,0
15m,1779429600.0,1.3683,1.3699,1.3672,1.3691,115283.75,0.0,0.0,0
15m,1779430500.0,1.3691,1.3693,1.3657,1.3674,70875.66,0.0,0.0,0
15m,1779431400.0,1.3674,1.3676,1.363,1.3647,715905.65,0.0,0.0,0
15m,1779432300.0,1.3647,1.3647,1.3605,1.3608,266180.63,0.0,0.0,0
15m,1779433200.0,1.3608,1.3639,1.357,1.3629,1217673.57,0.0,0.0,0
15m,1779434100.0,1.3629,1.3656,1.3629,1.3656,250484.03,0.0,0.0,0
15m,1779435000.0,1.3656,1.368,1.3656,1.367,94122.51,0.0,0.0,0
15m,1779435900.0,1.367,1.3671,1.3651,1.3651,32955.56,0.0,0.0,0
15m,1779436800.0,1.3651,1.3667,1.3634,1.3656,90580.79,0.0,0.0,0
15m,1779437700.0,1.3656,1.3686,1.3656,1.3677,81667.65,0.0,0.0,0
15m,1779438600.0,1.3677,1.3679,1.3607,1.3628,679383.47,0.0,0.0,0
15m,1779439500.0,1.3628,1.3645,1.3623,1.3629,102097.28,0.0,0.0,0
15m,1779440400.0,1.3629,1.3651,1.3616,1.3635,67081.33,0.0,0.0,0
15m,1779441300.0,1.3635,1.3654,1.3622,1.3633,60579.93,0.0,0.0,0
15m,1779442200.0,1.3633,1.3639,1.36,1.3612,122379.42,0.0,0.0,0
15m,1779443100.0,1.3612,1.3622,1.3592,1.3601,202855.57,0.0,0.0,0
15m,1779444000.0,1.3601,1.3612,1.3591,1.3598,151633.08,0.0,0.0,0
15m,1779444900.0,1.3598,1.3599,1.3574,1.3596,261928.33,0.0,0.0,0
15m,1779445800.0,1.3596,1.3619,1.3589,1.3616,240002.13,0.0,0.0,0
15m,1779446700.0,1.3616,1.3622,1.3594,1.3599,114043.57,0.0,0.0,0
15m,1779447600.0,1.3599,1.3618,1.3587,1.3592,249214.11,0.0,0.0,0
15m,1779448500.0,1.3592,1.3592,1.3552,1.3574,258477.34,0.0,0.0,0
15m,1779449400.0,1.3574,1.359,1.3566,1.3569,199311.26,0.0,0.0,0
15m,1779450300.0,1.3569,1.3618,1.3568,1.3618,261109.21,0.0,0.0,0
15m,1779451200.0,1.3618,1.3659,1.3605,1.3642,514759.99,0.0,0.0,0
15m,1779452100.0,1.3642,1.3653,1.3613,1.362,528979.51,0.0,0.0,0
15m,1779453000.0,1.362,1.3642,1.3612,1.3629,293813.91,0.0,0.0,0
15m,1779453900.0,1.3629,1.3662,1.3629,1.3661,529749.85,0.0,0.0,0
15m,1779454800.0,1.3661,1.3693,1.3651,1.3686,366535.89,0.0,0.0,0
15m,1779455700.0,1.3686,1.3705,1.3658,1.3658,139761.63,0.0,0.0,0
15m,1779456600.0,1.3658,1.367,1.3594,1.3608,920139.02,0.0,0.0,0
15m,1779457500.0,1.3608,1.3633,1.3576,1.3626,592657.38,0.0,0.0,0
15m,1779458400.0,1.3626,1.3626,1.3528,1.3572,1101777.52,0.0,0.0,0
15m,1779459300.0,1.3572,1.3588,1.3501,1.354,968311.23,0.0,0.0,0
15m,1779460200.0,1.354,1.3561,1.353,1.3547,279962.72,0.0,0.0,0
15m,1779461100.0,1.3547,1.3548,1.3506,1.3522,421646.04,0.0,0.0,0
15m,1779462000.0,1.3522,1.356,1.3498,1.3504,471202.59,0.0,0.0,0
15m,1779462900.0,1.3504,1.3553,1.3469,1.3553,700925.19,0.0,0.0,0
15m,1779463800.0,1.3553,1.3578,1.3526,1.3548,378678.3,0.0,0.0,0
15m,1779464700.0,1.3548,1.3554,1.3525,1.3533,387117.44,0.0,0.0,0
15m,1779465600.0,1.3533,1.3557,1.3518,1.3526,389847.88,0.0,0.0,0
15m,1779466500.0,1.3526,1.3538,1.3503,1.3533,400528.24,0.0,0.0,0
15m,1779467400.0,1.3533,1.3545,1.3508,1.3518,313007.53,0.0,0.0,0
15m,1779468300.0,1.3518,1.3553,1.3518,1.3546,180817.66,0.0,0.0,0
15m,1779469200.0,1.3546,1.3575,1.3546,1.3561,123709.37,0.0,0.0,0
15m,1779470100.0,1.3561,1.3586,1.3509,1.3586,624115.98,0.0,0.0,0
15m,1779471000.0,1.3586,1.3595,1.3557,1.3584,134226.13,0.0,0.0,0
15m,1779471900.0,1.3584,1.3586,1.353,1.3534,300898.97,0.0,0.0,0
15m,1779472800.0,1.3534,1.3535,1.3495,1.3529,282081.69,0.0,0.0,0
15m,1779473700.0,1.3529,1.3557,1.3521,1.3534,57501.39,0.0,0.0,0
15m,1779474600.0,1.3534,1.3537,1.3441,1.3459,774253.43,0.0,0.0,0
15m,1779475500.0,1.3459,1.3509,1.3348,1.3501,2022158.08,0.0,0.0,0
15m,1779476400.0,1.3501,1.3524,1.3438,1.3453,319743.56,0.0,0.0,0
15m,1779477300.0,1.3453,1.3481,1.3421,1.3435,269088.53,0.0,0.0,0
15m,1779478200.0,1.3435,1.3439,1.3347,1.3386,1625015.96,0.0,0.0,0
15m,1779479100.0,1.3386,1.343,1.3361,1.3386,577219.86,0.0,0.0,0
15m,1779480000.0,1.3386,1.342,1.3385,1.3391,195353.3,0.0,0.0,0
15m,1779480900.0,1.3391,1.3413,1.3377,1.3398,128087.69,0.0,0.0,0
15m,1779481800.0,1.3398,1.3407,1.3355,1.3394,378801.96,0.0,0.0,0
15m,1779482700.0,1.3394,1.343,1.3385,1.3421,207977.91,0.0,0.0,0
15m,1779483600.0,1.3421,1.3431,1.3411,1.3413,69683.1,0.0,0.0,0
15m,1779484500.0,1.3413,1.3421,1.3403,1.3421,51858.65,0.0,0.0,0
15m,1779485400.0,1.3421,1.3438,1.3416,1.3418,80979.74,0.0,0.0,0
15m,1779486300.0,1.3418,1.3438,1.3416,1.3426,82723.35,0.0,0.0,0
15m,1779487200.0,1.3426,1.3439,1.3408,1.3435,114575.85,0.0,0.0,0
15m,1779488100.0,1.3435,1.3436,1.3409,1.3416,64221.33,0.0,0.0,0
15m,1779489000.0,1.3416,1.3428,1.3378,1.3394,129712.52,0.0,0.0,0
15m,1779489900.0,1.3394,1.3405,1.3386,1.3405,64420.55,0.0,0.0,0
15m,1779490800.0,1.3405,1.3428,1.3405,1.3423,37065.17,0.0,0.0,0
15m,1779491700.0,1.3423,1.3427,1.3361,1.3362,198429.25,0.0,0.0,0
15m,1779492600.0,1.3362,1.3407,1.3354,1.3402,71951.67,0.0,0.0,0
15m,1779493500.0,1.3402,1.3402,1.3299,1.335,2264256.81,0.0,0.0,0
15m,1779494400.0,1.335,1.3369,1.3313,1.3328,447178.69,0.0,0.0,0
15m,1779495300.0,1.3328,1.3351,1.3299,1.3322,314234.94,0.0,0.0,0
15m,1779496200.0,1.3322,1.3334,1.3269,1.3296,699759.48,0.0,0.0,0
15m,1779497100.0,1.3296,1.3357,1.3291,1.3347,352519.7,0.0,0.0,0
15m,1779498000.0,1.3347,1.3385,1.3347,1.3356,237506.43,0.0,0.0,0
15m,1779498900.0,1.3356,1.3376,1.3337,1.3368,39077.79,0.0,0.0,0
15m,1779499800.0,1.3368,1.3391,1.3365,1.3381,129419.39,0.0,0.0,0
15m,1779500700.0,1.3381,1.3391,1.3361,1.3376,74584.54,0.0,0.0,0
15m,1779501600.0,1.3376,1.339,1.3366,1.3375,148546.93,0.0,0.0,0
15m,1779502500.0,1.3375,1.3395,1.3373,1.3376,52088.6,0.0,0.0,0
15m,1779503400.0,1.3376,1.3398,1.337,1.3396,62292.68,0.0,0.0,0
15m,1779504300.0,1.3396,1.3405,1.3393,1.34,129852.69,0.0,0.0,0
15m,1779505200.0,1.34,1.3407,1.3397,1.3406,100627.81,0.0,0.0,0
15m,1779506100.0,1.3406,1.3421,1.3398,1.3408,129002.71,0.0,0.0,0
15m,1779507000.0,1.3408,1.3423,1.3408,1.3414,65749.61,0.0,0.0,0
15m,1779507900.0,1.3414,1.3416,1.3404,1.3411,34904.04,0.0,0.0,0
15m,1779508800.0,1.3411,1.3411,1.3398,1.3404,75975.05,0.0,0.0,0
15m,1779509700.0,1.3404,1.3406,1.3372,1.3378,82731.92,0.0,0.0,0
15m,1779510600.0,1.3378,1.3395,1.3349,1.3353,91255.48,0.0,0.0,0
15m,1779511500.0,1.3353,1.3369,1.3353,1.3361,41207.77,0.0,0.0,0
15m,1779512400.0,1.3361,1.3364,1.3346,1.335,111218.67,0.0,0.0,0
15m,1779513300.0,1.335,1.3357,1.3306,1.3308,232618.36,0.0,0.0,0
15m,1779514200.0,1.3308,1.3323,1.3294,1.3315,231306.12,0.0,0.0,0
15m,1779515100.0,1.3315,1.3318,1.3298,1.3314,345916.6,0.0,0.0,0
15m,1779516000.0,1.3314,1.3338,1.3287,1.333,737181.2,0.0,0.0,0
15m,1779516900.0,1.333,1.3346,1.333,1.3342,69996.29,0.0,0.0,0
15m,1779517800.0,1.3342,1.3355,1.3333,1.3337,77756.51,0.0,0.0,0
15m,1779518700.0,1.3337,1.334,1.3323,1.333,175718.94,0.0,0.0,0
15m,1779519600.0,1.333,1.3337,1.3289,1.3313,472720.2,0.0,0.0,0
15m,1779520500.0,1.3313,1.3316,1.33,1.3309,101197.8,0.0,0.0,0
15m,1779521400.0,1.3309,1.3331,1.3271,1.3313,564238.39,0.0,0.0,0
15m,1779522300.0,1.3313,1.3313,1.3013,1.3123,4712225.1,0.0,0.0,0
15m,1779523200.0,1.3123,1.3186,1.3115,1.3147,1201189.2,0.0,0.0,0
15m,1779524100.0,1.3147,1.3173,1.3107,1.3107,488641.71,0.0,0.0,0
15m,1779525000.0,1.3107,1.3136,1.307,1.3088,1210934.67,0.0,0.0,0
15m,1779525900.0,1.3088,1.3113,1.3085,1.3108,210145.29,0.0,0.0,0
15m,1779526800.0,1.3108,1.3123,1.3101,1.3105,209832.45,0.0,0.0,0
15m,1779527700.0,1.3105,1.314,1.3102,1.314,224090.79,0.0,0.0,0
15m,1779528600.0,1.314,1.3175,1.313,1.3174,502532.88,0.0,0.0,0
15m,1779529500.0,1.3174,1.3181,1.3171,1.3172,99210.27,0.0,0.0,0
15m,1779530400.0,1.3172,1.3196,1.3171,1.3191,142592.8,0.0,0.0,0
15m,1779531300.0,1.3191,1.3199,1.3176,1.3198,89699.4,0.0,0.0,0
15m,1779532200.0,1.3198,1.3231,1.3189,1.323,221843.13,0.0,0.0,0
15m,1779533100.0,1.323,1.3239,1.3224,1.3228,766112.74,0.0,0.0,0
15m,1779534000.0,1.3228,1.3253,1.3214,1.3234,201742.08,0.0,0.0,0
15m,1779534900.0,1.3234,1.3265,1.3233,1.3257,75157.34,0.0,0.0,0
15m,1779535800.0,1.3257,1.3259,1.3243,1.3245,124124.75,0.0,0.0,0
15m,1779536700.0,1.3245,1.3256,1.324,1.3246,77903.95,0.0,0.0,0
15m,1779537600.0,1.3246,1.3273,1.3242,1.3255,214800.65,0.0,0.0,0
15m,1779538500.0,1.3255,1.3255,1.3241,1.3251,54404.74,0.0,0.0,0
15m,1779539400.0,1.3251,1.3273,1.325,1.3253,59718.77,0.0,0.0,0
15m,1779540300.0,1.3253,1.3268,1.3248,1.3264,46072.09,0.0,0.0,0
15m,1779541200.0,1.3264,1.3311,1.3264,1.3309,175206.06,0.0,0.0,0
15m,1779542100.0,1.3309,1.337,1.3309,1.3357,247239.41,0.0,0.0,0
15m,1779543000.0,1.3357,1.3365,1.3317,1.3325,145569.17,0.0,0.0,0
15m,1779543900.0,1.3325,1.336,1.3325,1.3333,189166.67,0.0,0.0,0
15m,1779544800.0,1.3333,1.3344,1.3316,1.3336,108621.39,0.0,0.0,0
15m,1779545700.0,1.3336,1.3352,1.3328,1.3329,91421.57,0.0,0.0,0
15m,1779546600.0,1.3329,1.3349,1.3327,1.3339,94475.52,0.0,0.0,0
15m,1779547500.0,1.3339,1.3407,1.332,1.3398,1671139.78,0.0,0.0,0
15m,1779548400.0,1.3398,1.342,1.3391,1.3418,173238.27,0.0,0.0,0
15m,1779549300.0,1.3418,1.3419,1.3378,1.3379,1015500.29,0.0,0.0,0
15m,1779550200.0,1.3379,1.3382,1.3355,1.3361,232411.15,0.0,0.0,0
15m,1779551100.0,1.3361,1.3372,1.3354,1.3361,102901.13,0.0,0.0,0
15m,1779552000.0,1.3361,1.3393,1.3345,1.3374,801376.59,0.0,0.0,0
15m,1779552900.0,1.3374,1.338,1.3346,1.3356,104935.21,0.0,0.0,0
15m,1779553800.0,1.3356,1.3388,1.3356,1.3375,29704.48,0.0,0.0,0
15m,1779554700.0,1.3375,1.3389,1.3374,1.3378,46605.58,0.0,0.0,0
15m,1779555600.0,1.3378,1.3392,1.3375,1.3384,75408.52,0.0,0.0,0
15m,1779556500.0,1.3384,1.3393,1.3369,1.3383,68977.78,0.0,0.0,0
15m,1779557400.0,1.3383,1.3387,1.337,1.3378,36384.33,0.0,0.0,0
15m,1779558300.0,1.3378,1.3392,1.3359,1.3386,58125.02,0.0,0.0,0
15m,1779559200.0,1.3386,1.3454,1.3386,1.3448,345142.65,0.0,0.0,0
15m,1779560100.0,1.3448,1.3486,1.3437,1.347,156747.4,0.0,0.0,0
15m,1779561000.0,1.347,1.3509,1.3468,1.3478,161467.14,0.0,0.0,0
15m,1779561900.0,1.3478,1.348,1.3452,1.3454,81413.15,0.0,0.0,0
15m,1779562800.0,1.3454,1.3462,1.343,1.3437,87141.56,0.0,0.0,0
15m,1779563700.0,1.3437,1.3468,1.3437,1.3462,80585.94,0.0,0.0,0
15m,1779564600.0,1.3462,1.3468,1.345,1.3463,46570.42,0.0,0.0,0
15m,1779565500.0,1.3463,1.3474,1.346,1.347,61797.9,0.0,0.0,0
15m,1779566400.0,1.347,1.348,1.3452,1.3467,121558.28,0.0,0.0,0
15m,1779567300.0,1.3467,1.3488,1.3458,1.346,182630.05,0.0,0.0,0
15m,1779568200.0,1.346,1.366,1.3456,1.365,1448585.79,0.0,0.0,0
15m,1779569100.0,1.365,1.3719,1.3623,1.3718,538485.08,0.0,0.0,0
15m,1779570000.0,1.3718,1.3762,1.3652,1.3657,757097.57,0.0,0.0,0
15m,1779570900.0,1.3657,1.3657,1.357,1.357,355909.66,0.0,0.0,0
15m,1779571800.0,1.357,1.3603,1.3539,1.3592,428417.67,0.0,0.0,0
15m,1779572700.0,1.3592,1.3599,1.3555,1.3598,107234.18,0.0,0.0,0
15m,1779573600.0,1.3598,1.3635,1.3595,1.3595,122506.23,0.0,0.0,0
15m,1779574500.0,1.3595,1.3607,1.3572,1.3574,195414.35,0.0,0.0,0
15m,1779575400.0,1.3574,1.3581,1.3529,1.358,535828.41,0.0,0.0,0
15m,1779576300.0,1.358,1.3598,1.3566,1.3588,234675.89,0.0,0.0,0
15m,1779577200.0,1.3588,1.3604,1.3572,1.3586,150157.28,0.0,0.0,0
15m,1779578100.0,1.3586,1.3597,1.3579,1.3593,59528.57,0.0,0.0,0
15m,1779579000.0,1.3593,1.3615,1.3592,1.36,96497.18,0.0,0.0,0
15m,1779579900.0,1.36,1.3603,1.3582,1.3583,126904.03,0.0,0.0,0
15m,1779580800.0,1.3583,1.3599,1.3571,1.3587,114822.99,0.0,0.0,0
15m,1779581700.0,1.3587,1.3608,1.3585,1.3608,39574.17,0.0,0.0,0
15m,1779582600.0,1.3608,1.3635,1.3604,1.3611,84045.88,0.0,0.0,0
15m,1779583500.0,1.3611,1.3636,1.3607,1.362,62371.43,0.0,0.0,0
15m,1779584400.0,1.362,1.3633,1.3617,1.362,102418.95,0.0,0.0,0
15m,1779585300.0,1.362,1.3632,1.3607,1.3625,63471.09,0.0,0.0,0
15m,1779586200.0,1.3625,1.3625,1.36,1.3602,64166.44,0.0,0.0,0
15m,1779587100.0,1.3602,1.3615,1.3596,1.3606,48674.2,0.0,0.0,0
15m,1779588000.0,1.3606,1.3611,1.3588,1.3607,33183.4,0.0,0.0,0
15m,1779588900.0,1.3607,1.3617,1.3585,1.3594,77876.18,0.0,0.0,0
15m,1779589800.0,1.3594,1.3611,1.3592,1.361,56823.92,0.0,0.0,0
15m,1779590700.0,1.361,1.3625,1.3609,1.3611,43269.97,0.0,0.0,0
15m,1779591600.0,1.3611,1.3632,1.3604,1.3615,53474.92,0.0,0.0,0
15m,1779592500.0,1.3615,1.3627,1.3609,1.3619,21096.44,0.0,0.0,0
15m,1779593400.0,1.3619,1.362,1.3595,1.3601,54797.05,0.0,0.0,0
15m,1779594300.0,1.3601,1.3618,1.36,1.3607,73540.81,0.0,0.0,0
15m,1779595200.0,1.3607,1.3618,1.3592,1.3607,87965.03,0.0,0.0,0
15m,1779596100.0,1.3607,1.3612,1.3595,1.3597,29720.32,0.0,0.0,0
15m,1779597000.0,1.3597,1.3614,1.3595,1.3608,46508.15,0.0,0.0,0
15m,1779597900.0,1.3608,1.3613,1.3596,1.361,37686.5,0.0,0.0,0
15m,1779598800.0,1.361,1.3611,1.3589,1.3598,41994.09,0.0,0.0,0
15m,1779599700.0,1.3598,1.3598,1.3564,1.357,65744.37,0.0,0.0,0
15m,1779600600.0,1.357,1.3577,1.355,1.356,198015.59,0.0,0.0,0
15m,1779601500.0,1.356,1.3597,1.356,1.3594,101114.98,0.0,0.0,0
15m,1779602400.0,1.3594,1.3611,1.3594,1.3611,43910.04,0.0,0.0,0
15m,1779603300.0,1.3611,1.3612,1.3585,1.3587,80184.78,0.0,0.0,0
15m,1779604200.0,1.3587,1.3588,1.3572,1.3584,53069.86,0.0,0.0,0
15m,1779605100.0,1.3584,1.3633,1.3582,1.3629,192719.4,0.0,0.0,0
15m,1779606000.0,1.3629,1.3649,1.3605,1.3606,133658.25,0.0,0.0,0
15m,1779606900.0,1.3606,1.3606,1.3595,1.3598,53043.33,0.0,0.0,0
15m,1779607800.0,1.3598,1.3604,1.3592,1.3597,35638.46,0.0,0.0,0
15m,1779608700.0,1.3597,1.3599,1.3588,1.3595,42742.27,0.0,0.0,0
15m,1779609600.0,1.3595,1.3597,1.3577,1.3581,84771.81,0.0,0.0,0
15m,1779610500.0,1.3581,1.3604,1.358,1.3599,48494.35,0.0,0.0,0
15m,1779611400.0,1.3599,1.3615,1.3598,1.3603,180218.4,0.0,0.0,0
15m,1779612300.0,1.3603,1.3613,1.3603,1.361,97113.84,0.0,0.0,0
15m,1779613200.0,1.361,1.3656,1.3606,1.3651,248526.29,0.0,0.0,0
15m,1779614100.0,1.3651,1.3669,1.3644,1.3654,265341.83,0.0,0.0,0
15m,1779615000.0,1.3654,1.3656,1.3637,1.3642,98329.92,0.0,0.0,0
15m,1779615900.0,1.3642,1.365,1.3639,1.3646,38271.12,0.0,0.0,0
15m,1779616800.0,1.3646,1.3656,1.3636,1.3655,141298.08,0.0,0.0,0
15m,1779617700.0,1.3655,1.3709,1.365,1.3677,477580.37,0.0,0.0,0
15m,1779618600.0,1.3677,1.369,1.3646,1.3653,420191.08,0.0,0.0,0
15m,1779619500.0,1.3653,1.3653,1.3628,1.3635,144037.6,0.0,0.0,0
15m,1779620400.0,1.3635,1.3665,1.3626,1.3631,145989.23,0.0,0.0,0
15m,1779621300.0,1.3631,1.3673,1.3619,1.366,779309.86,0.0,0.0,0
15m,1779622200.0,1.366,1.3677,1.366,1.3671,82219.99,0.0,0.0,0
15m,1779623100.0,1.3671,1.3719,1.3642,1.3655,1037425.49,0.0,0.0,0
15m,1779624000.0,1.3655,1.3658,1.3634,1.3641,91374.14,0.0,0.0,0
15m,1779624900.0,1.3641,1.3641,1.361,1.3621,224625.76,0.0,0.0,0
15m,1779625800.0,1.3621,1.3633,1.3616,1.3632,80748.99,0.0,0.0,0
15m,1779626700.0,1.3632,1.3644,1.362,1.3628,339032.08,0.0,0.0,0
15m,1779627600.0,1.3628,1.3638,1.362,1.3625,60202.47,0.0,0.0,0
15m,1779628500.0,1.3625,1.3637,1.3609,1.3613,110645.76,0.0,0.0,0
15m,1779629400.0,1.3613,1.363,1.3603,1.3626,73501.78,0.0,0.0,0
15m,1779630300.0,1.3626,1.3627,1.3567,1.3589,166752.56,0.0,0.0,0
15m,1779631200.0,1.3589,1.3597,1.349,1.3505,436072.23,0.0,0.0,0
15m,1779632100.0,1.3505,1.3506,1.3387,1.3479,751721.97,0.0,0.0,0
15m,1779633000.0,1.3479,1.3509,1.3476,1.3496,149330.63,0.0,0.0,0
15m,1779633900.0,1.3496,1.3511,1.3486,1.35,89004.51,0.0,0.0,0
15m,1779634800.0,1.35,1.3512,1.3488,1.3505,89708.89,0.0,0.0,0
15m,1779635700.0,1.3505,1.351,1.3484,1.3493,83331.3,0.0,0.0,0
15m,1779636600.0,1.3493,1.3504,1.349,1.35,29964.77,0.0,0.0,0
15m,1779637500.0,1.35,1.35,1.3482,1.3484,107304.6,0.0,0.0,0
15m,1779638400.0,1.3484,1.3518,1.347,1.3507,148887.32,0.0,0.0,0
15m,1779639300.0,1.3507,1.3527,1.3487,1.3496,76998.19,0.0,0.0,0
15m,1779640200.0,1.3496,1.3498,1.3474,1.3486,14879.04,0.0,0.0,0
15m,1779641100.0,1.3486,1.3513,1.3486,1.3509,30809.28,0.0,0.0,0
15m,1779642000.0,1.3509,1.3528,1.3508,1.352,50669.39,0.0,0.0,0
15m,1779642900.0,1.352,1.3528,1.3512,1.3523,39219.03,0.0,0.0,0
15m,1779643800.0,1.3523,1.3537,1.3517,1.3537,51875.19,0.0,0.0,0
15m,1779644700.0,1.3537,1.3545,1.3529,1.3532,60606.39,0.0,0.0,0
15m,1779645600.0,1.3532,1.3534,1.3509,1.3518,39204.59,0.0,0.0,0
15m,1779646500.0,1.3518,1.3525,1.3503,1.3507,53610.54,0.0,0.0,0
15m,1779647400.0,1.3507,1.3508,1.3485,1.3495,131419.06,0.0,0.0,0
15m,1779648300.0,1.3495,1.3497,1.3477,1.3486,204867.61,0.0,0.0,0
15m,1779649200.0,1.3486,1.3505,1.3483,1.3492,67357.66,0.0,0.0,0
15m,1779650100.0,1.3492,1.3503,1.3468,1.3469,98655.4,0.0,0.0,0
15m,1779651000.0,1.3469,1.3489,1.3461,1.3484,120677.09,0.0,0.0,0
15m,1779651900.0,1.3484,1.3499,1.3484,1.3492,54759.76,0.0,0.0,0
15m,1779652800.0,1.3492,1.3496,1.3453,1.3461,137981.26,0.0,0.0,0
15m,1779653700.0,1.3461,1.347,1.3443,1.3461,115554.22,0.0,0.0,0
15m,1779654600.0,1.3461,1.3465,1.3438,1.3445,58243.33,0.0,0.0,0
15m,1779655500.0,1.3445,1.3458,1.343,1.3449,63884.96,0.0,0.0,0
15m,1779656400.0,1.3449,1.3472,1.3442,1.3455,198096.56,0.0,0.0,0
15m,1779657300.0,1.3455,1.3455,1.3399,1.3406,288014.65,0.0,0.0,0
15m,1779658200.0,1.3406,1.3419,1.3337,1.3345,739327.77,0.0,0.0,0
15m,1779659100.0,1.3345,1.3388,1.3324,1.3364,210841.02,0.0,0.0,0
15m,1779660000.0,1.3364,1.3504,1.3358,1.3491,496591.23,0.0,0.0,0
15m,1779660900.0,1.3491,1.3512,1.3481,1.3492,101118.09,0.0,0.0,0
15m,1779661800.0,1.3492,1.3507,1.3454,1.3474,202156.15,0.0,0.0,0
15m,1779662700.0,1.3474,1.3501,1.3474,1.3476,84944.8,0.0,0.0,0
15m,1779663600.0,1.3476,1.3503,1.3476,1.35,44130.2,0.0,0.0,0
15m,1779664500.0,1.35,1.3506,1.3481,1.3488,65003.26,0.0,0.0,0
15m,1779665400.0,1.3488,1.3539,1.3488,1.3537,252200.72,0.0,0.0,0
15m,1779666300.0,1.3537,1.3537,1.3506,1.3506,79202.3,0.0,0.0,0
15m,1779667200.0,1.3506,1.354,1.3506,1.3526,126568.79,0.0,0.0,0
15m,1779668100.0,1.3526,1.3544,1.3521,1.3543,121006.6,0.0,0.0,0
15m,1779669000.0,1.3543,1.3556,1.3521,1.3522,97327.75,0.0,0.0,0
15m,1779669900.0,1.3522,1.3544,1.3508,1.3517,259650.84,0.0,0.0,0
15m,1779670800.0,1.3517,1.3529,1.3503,1.3529,76402.58,0.0,0.0,0
15m,1779671700.0,1.3529,1.355,1.3526,1.3549,86091.91,0.0,0.0,0
15m,1779672600.0,1.3549,1.3551,1.3522,1.3523,64185.42,0.0,0.0,0
15m,1779673500.0,1.3523,1.3527,1.3469,1.3473,121040.78,0.0,0.0,0
15m,1779674400.0,1.3473,1.3584,1.3473,1.3551,1416602.08,0.0,0.0,0
15m,1779675300.0,1.3551,1.3551,1.3471,1.3488,173325.21,0.0,0.0,0
15m,1779676200.0,1.3488,1.3499,1.3471,1.3484,70433.46,0.0,0.0,0
15m,1779677100.0,1.3484,1.3488,1.3468,1.3472,87657.91,0.0,0.0,0
15m,1779678000.0,1.3472,1.3487,1.3458,1.3465,76882.76,0.0,0.0,0
15m,1779678900.0,1.3465,1.3473,1.3446,1.3449,72477.75,0.0,0.0,0
15m,1779679800.0,1.3449,1.346,1.3435,1.3456,52948.4,0.0,0.0,0
15m,1779680700.0,1.3456,1.3477,1.3445,1.3468,53655.94,0.0,0.0,0
15m,1779681600.0,1.3468,1.3483,1.3458,1.3462,53034.81,0.0,0.0,0
15m,1779682500.0,1.3462,1.3496,1.3452,1.3495,179533.53,0.0,0.0,0
15m,1779683400.0,1.3495,1.352,1.3495,1.352,175987.39,0.0,0.0,0
15m,1779684300.0,1.352,1.3567,1.3514,1.3556,376564.48,0.0,0.0,0
15m,1779685200.0,1.3556,1.3583,1.3542,1.3581,555731.04,0.0,0.0,0
15m,1779686100.0,1.3581,1.3599,1.3568,1.3584,601810.56,0.0,0.0,0
15m,1779687000.0,1.3584,1.361,1.3582,1.3605,258534.27,0.0,0.0,0
15m,1779687900.0,1.3605,1.3605,1.3581,1.3584,108780.78,0.0,0.0,0
15m,1779688800.0,1.3584,1.3611,1.3571,1.3572,165737.85,0.0,0.0,0
15m,1779689700.0,1.3572,1.3573,1.3543,1.3557,100505.31,0.0,0.0,0
15m,1779690600.0,1.3557,1.3598,1.3557,1.3581,84352.16,0.0,0.0,0
15m,1779691500.0,1.3581,1.3593,1.3576,1.3584,46468.49,0.0,0.0,0
15m,1779692400.0,1.3584,1.361,1.3574,1.3576,173532.11,0.0,0.0,0
15m,1779693300.0,1.3576,1.3586,1.3534,1.3536,102306.76,0.0,0.0,0
15m,1779694200.0,1.3536,1.3566,1.3526,1.3552,675304.05,0.0,0.0,0
15m,1779695100.0,1.3552,1.3595,1.3542,1.3589,751794.5,0.0,0.0,0
15m,1779696000.0,1.3589,1.3605,1.3581,1.3595,225519.23,0.0,0.0,0
15m,1779696900.0,1.3595,1.3608,1.3585,1.3603,1131389.42,0.0,0.0,0
15m,1779697800.0,1.3603,1.3656,1.3566,1.359,1105942.77,0.0,0.0,0
15m,1779698700.0,1.359,1.3604,1.3585,1.3592,179087.51,0.0,0.0,0
15m,1779699600.0,1.3592,1.3599,1.3586,1.359,92125.82,0.0,0.0,0
15m,1779700500.0,1.359,1.3617,1.3571,1.3609,387245.23,0.0,0.0,0
15m,1779701400.0,1.3609,1.3634,1.3607,1.3611,227153.22,0.0,0.0,0
15m,1779702300.0,1.3611,1.3622,1.3601,1.3611,318002.89,0.0,0.0,0
15m,1779703200.0,1.3611,1.3616,1.3603,1.3604,234995.28,0.0,0.0,0
15m,1779704100.0,1.3604,1.3611,1.3592,1.36,192739.07,0.0,0.0,0
15m,1779705000.0,1.36,1.3606,1.3592,1.3602,78272.76,0.0,0.0,0
15m,1779705900.0,1.3602,1.3617,1.36,1.3606,73335.51,0.0,0.0,0
15m,1779706800.0,1.3606,1.3612,1.3588,1.3593,318707.32,0.0,0.0,0
15m,1779707700.0,1.3593,1.3594,1.3584,1.3586,243365.11,0.0,0.0,0
15m,1779708600.0,1.3586,1.3614,1.3586,1.3592,400058.28,0.0,0.0,0
15m,1779709500.0,1.3592,1.3601,1.3572,1.3576,284317.2,0.0,0.0,0
15m,1779710400.0,1.3576,1.3578,1.3564,1.3577,453395.38,0.0,0.0,0
15m,1779711300.0,1.3577,1.3586,1.3566,1.3581,527575.5,0.0,0.0,0
15m,1779712200.0,1.3581,1.359,1.3572,1.3582,414338.81,0.0,0.0,0
15m,1779713100.0,1.3582,1.359,1.3568,1.3571,510948.57,0.0,0.0,0
15m,1779714000.0,1.3571,1.3587,1.3555,1.3559,341384.26,0.0,0.0,0
15m,1779714900.0,1.3559,1.3575,1.3557,1.3568,228616.07,0.0,0.0,0
15m,1779715800.0,1.3568,1.3577,1.3554,1.3577,329202.76,0.0,0.0,0
15m,1779716700.0,1.3577,1.3586,1.3566,1.3581,208937.84,0.0,0.0,0
15m,1779717600.0,1.3581,1.3614,1.3575,1.3597,253247.15,0.0,0.0,0
15m,1779718500.0,1.3597,1.3624,1.3597,1.3622,189354.36,0.0,0.0,0
15m,1779719400.0,1.3622,1.3623,1.3585,1.3593,207307.07,0.0,0.0,0
15m,1779720300.0,1.3593,1.3624,1.3593,1.3612,291899.9,0.0,0.0,0
15m,1779721200.0,1.3612,1.3654,1.3604,1.3606,612335.84,0.0,0.0,0
15m,1779722100.0,1.3606,1.3614,1.3575,1.3582,214865.25,0.0,0.0,0
15m,1779723000.0,1.3582,1.3603,1.3577,1.3598,181937.79,0.0,0.0,0
15m,1779723900.0,1.3598,1.3603,1.3579,1.3587,269023.05,0.0,0.0,0
15m,1779724800.0,1.3587,1.3591,1.3571,1.3572,205955.93,0.0,0.0,0
15m,1779725700.0,1.3572,1.3595,1.3572,1.3586,223289.24,0.0,0.0,0
15m,1779726600.0,1.3586,1.3607,1.3576,1.3606,86189.1,0.0,0.0,0
15m,1779727500.0,1.3606,1.3638,1.3601,1.3628,276229.87,0.0,0.0,0
15m,1779728400.0,1.3628,1.3639,1.3621,1.3626,138505.36,0.0,0.0,0
15m,1779729300.0,1.3626,1.3626,1.3607,1.3626,61580.6,0.0,0.0,0
15m,1779730200.0,1.3626,1.363,1.3609,1.3621,99827.69,0.0,0.0,0
15m,1779731100.0,1.3621,1.3622,1.3601,1.3612,157215.98,0.0,0.0,0
15m,1779732000.0,1.3612,1.3633,1.3611,1.3626,33624.28,0.0,0.0,0
15m,1779732900.0,1.3626,1.363,1.3616,1.362,44829.84,0.0,0.0,0
15m,1779733800.0,1.362,1.362,1.3597,1.3602,103874.34,0.0,0.0,0
15m,1779734700.0,1.3602,1.3605,1.3587,1.3588,22379.59,0.0,0.0,0
15m,1779735600.0,1.3588,1.3588,1.3562,1.3579,52634.96,0.0,0.0,0
15m,1779736500.0,1.3579,1.3581,1.3564,1.3579,92287.26,0.0,0.0,0
15m,1779737400.0,1.3579,1.3587,1.3544,1.3559,132320.49,0.0,0.0,0
15m,1779738300.0,1.3559,1.3576,1.3559,1.357,46513.64,0.0,0.0,0
15m,1779739200.0,1.357,1.3591,1.3567,1.3586,44634.15,0.0,0.0,0
15m,1779740100.0,1.3586,1.3595,1.3572,1.3573,52591.37,0.0,0.0,0
15m,1779741000.0,1.3573,1.3575,1.3515,1.3536,144138.33,0.0,0.0,0
15m,1779741900.0,1.3536,1.3561,1.3528,1.3544,148455.08,0.0,0.0,0
15m,1779742800.0,1.3544,1.3567,1.3544,1.3563,196297.33,0.0,0.0,0
15m,1779743700.0,1.3563,1.3564,1.3548,1.3559,35006.7,0.0,0.0,0
15m,1779744600.0,1.3559,1.3562,1.3542,1.3549,59387.64,0.0,0.0,0
15m,1779745500.0,1.3549,1.3557,1.3543,1.3547,55415.31,0.0,0.0,0
15m,1779746400.0,1.3547,1.3558,1.3525,1.3547,130115.52,0.0,0.0,0
15m,1779747300.0,1.3547,1.3552,1.3507,1.3518,345076.48,0.0,0.0,0
15m,1779748200.0,1.3518,1.3518,1.3467,1.3503,323623.01,0.0,0.0,0
15m,1779749100.0,1.3503,1.3515,1.3489,1.349,98151.7,0.0,0.0,0
15m,1779750000.0,1.349,1.3522,1.3471,1.3506,208870.81,0.0,0.0,0
15m,1779750900.0,1.3506,1.3515,1.35,1.3506,116494.02,0.0,0.0,0
15m,1779751800.0,1.3506,1.3516,1.3502,1.3505,40960.85,0.0,0.0,0
15m,1779752700.0,1.3505,1.3509,1.3494,1.3501,99525.57,0.0,0.0,0
15m,1779753600.0,1.3501,1.3514,1.3488,1.3498,80726.18,0.0,0.0,0
15m,1779754500.0,1.3498,1.3499,1.347,1.3474,83996.98,0.0,0.0,0
15m,1779755400.0,1.3474,1.3484,1.3418,1.3425,209190.46,0.0,0.0,0
15m,1779756300.0,1.3425,1.3434,1.3355,1.3423,379424.65,0.0,0.0,0
15m,1779757200.0,1.3423,1.3434,1.3379,1.3434,896140.77,0.0,0.0,0
15m,1779758100.0,1.3434,1.3447,1.3409,1.342,156434.45,0.0,0.0,0
15m,1779759000.0,1.342,1.342,1.3372,1.3386,246006.19,0.0,0.0,0
15m,1779759900.0,1.3386,1.3408,1.3386,1.3397,99387.51,0.0,0.0,0
15m,1779760800.0,1.3397,1.3403,1.3371,1.3389,124233.17,0.0,0.0,0
15m,1779761700.0,1.3389,1.3397,1.3376,1.3379,63160.98,0.0,0.0,0
15m,1779762600.0,1.3379,1.3398,1.3374,1.3374,205603.75,0.0,0.0,0
15m,1779763500.0,1.3374,1.3385,1.3358,1.3373,116990.43,0.0,0.0,0
15m,1779764400.0,1.3373,1.3375,1.3344,1.3344,241525.95,0.0,0.0,0
15m,1779765300.0,1.3344,1.337,1.3341,1.337,132915.89,0.0,0.0,0
15m,1779766200.0,1.337,1.3399,1.3367,1.3396,83378.76,0.0,0.0,0
15m,1779767100.0,1.3396,1.3409,1.3396,1.3402,105265.49,0.0,0.0,0
15m,1779768000.0,1.3402,1.3412,1.34,1.3407,125915.35,0.0,0.0,0
15m,1779768900.0,1.3407,1.3438,1.3398,1.3435,127537.67,0.0,0.0,0
15m,1779769800.0,1.3435,1.3461,1.3434,1.3454,155257.44,0.0,0.0,0
15m,1779770700.0,1.3454,1.3465,1.3451,1.3454,101624.48,0.0,0.0,0
15m,1779771600.0,1.3454,1.3468,1.3445,1.3464,82841.69,0.0,0.0,0
15m,1779772500.0,1.3464,1.3477,1.3463,1.347,69822.38,0.0,0.0,0
15m,1779773400.0,1.347,1.3506,1.347,1.3486,143294.22,0.0,0.0,0
15m,1779774300.0,1.3486,1.3487,1.3463,1.3478,329151.44,0.0,0.0,0
15m,1779775200.0,1.3478,1.3479,1.3462,1.3473,152135.29,0.0,0.0,0
15m,1779776100.0,1.3473,1.3476,1.3447,1.3464,305526.24,0.0,0.0,0
15m,1779777000.0,1.3464,1.3497,1.3464,1.3493,207371.27,0.0,0.0,0
15m,1779777900.0,1.3493,1.3493,1.348,1.3481,92874.81,0.0,0.0,0
15m,1779778800.0,1.3481,1.3489,1.3433,1.3436,167287.56,0.0,0.0,0
15m,1779779700.0,1.3436,1.3437,1.3413,1.3429,230234.07,0.0,0.0,0
15m,1779780600.0,1.3429,1.343,1.3394,1.3405,267018.35,0.0,0.0,0
15m,1779781500.0,1.3405,1.3429,1.34,1.3407,107765.68,0.0,0.0,0
15m,1779782400.0,1.3407,1.3441,1.3404,1.3422,297640.31,0.0,0.0,0
15m,1779783300.0,1.3422,1.3425,1.3407,1.3422,61085.79,0.0,0.0,0
15m,1779784200.0,1.3422,1.3434,1.3408,1.3431,70341.9,0.0,0.0,0
15m,1779785100.0,1.3431,1.3431,1.3397,1.3407,124762.9,0.0,0.0,0
15m,1779786000.0,1.3407,1.342,1.3395,1.3408,136153.09,0.0,0.0,0
15m,1779786900.0,1.3408,1.3434,1.3395,1.3421,261680.69,0.0,0.0,0
15m,1779787800.0,1.3421,1.3434,1.3413,1.3425,78618.11,0.0,0.0,0
15m,1779788700.0,1.3425,1.3427,1.341,1.3419,50074.26,0.0,0.0,0
15m,1779789600.0,1.3419,1.3444,1.3401,1.3442,437806.27,0.0,0.0,0
15m,1779790500.0,1.3442,1.3566,1.3438,1.3561,493236.29,0.0,0.0,0
15m,1779791400.0,1.3561,1.3595,1.3557,1.3585,456803.34,0.0,0.0,0
15m,1779792300.0,1.3585,1.3595,1.3566,1.357,192266.21,0.0,0.0,0
15m,1779793200.0,1.357,1.3578,1.3545,1.3555,283712.55,0.0,0.0,0
15m,1779794100.0,1.3555,1.3556,1.352,1.3527,313175.39,0.0,0.0,0
15m,1779795000.0,1.3527,1.3546,1.3517,1.3535,182819.95,0.0,0.0,0
15m,1779795900.0,1.3535,1.3537,1.352,1.3521,186570.45,0.0,0.0,0
15m,1779796800.0,1.3521,1.3532,1.3478,1.3518,321696.77,0.0,0.0,0
15m,1779797700.0,1.3518,1.3525,1.3501,1.3515,103668.11,0.0,0.0,0
15m,1779798600.0,1.3515,1.3534,1.3509,1.3532,100173.64,0.0,0.0,0
15m,1779799500.0,1.3532,1.3558,1.3532,1.3551,574374.87,0.0,0.0,0
15m,1779800400.0,1.3551,1.356,1.3542,1.3546,104559.24,0.0,0.0,0
15m,1779801300.0,1.3546,1.3547,1.3505,1.3506,286285.64,0.0,0.0,0
15m,1779802200.0,1.3506,1.3537,1.3483,1.3522,217587.67,0.0,0.0,0
15m,1779803100.0,1.3522,1.3603,1.3522,1.3558,308721.44,0.0,0.0,0
15m,1779804000.0,1.3558,1.3587,1.3554,1.3584,113251.78,0.0,0.0,0
15m,1779804900.0,1.3584,1.3655,1.3576,1.3635,525982.53,0.0,0.0,0
15m,1779805800.0,1.3635,1.364,1.3485,1.35,389597.63,0.0,0.0,0
15m,1779806700.0,1.35,1.3554,1.3478,1.3525,395104.0,0.0,0.0,0
15m,1779807600.0,1.3525,1.3537,1.3482,1.3527,316020.39,0.0,0.0,0
15m,1779808500.0,1.3527,1.3536,1.345,1.3474,514191.87,0.0,0.0,0
15m,1779809400.0,1.3474,1.3482,1.3428,1.3467,698975.02,0.0,0.0,0
15m,1779810300.0,1.3467,1.347,1.3397,1.3449,640061.28,0.0,0.0,0
15m,1779811200.0,1.3449,1.3456,1.3378,1.3407,470703.79,0.0,0.0,0
15m,1779812100.0,1.3407,1.3438,1.3405,1.3421,621498.64,0.0,0.0,0
15m,1779813000.0,1.3421,1.3443,1.3398,1.3424,197472.88,0.0,0.0,0
15m,1779813900.0,1.3424,1.3436,1.3384,1.3409,370118.96,0.0,0.0,0
15m,1779814800.0,1.3409,1.3434,1.3397,1.3397,121980.86,0.0,0.0,0
15m,1779815700.0,1.3397,1.3399,1.3305,1.3308,1156790.56,0.0,0.0,0
15m,1779816600.0,1.3308,1.3332,1.3272,1.333,921562.86,0.0,0.0,0
15m,1779817500.0,1.333,1.336,1.3326,1.3333,264649.65,0.0,0.0,0
15m,1779818400.0,1.3333,1.3347,1.3313,1.3344,309156.09,0.0,0.0,0
15m,1779819300.0,1.3344,1.3386,1.3342,1.3366,191207.29,0.0,0.0,0
15m,1779820200.0,1.3366,1.3371,1.33,1.3304,198782.57,0.0,0.0,0
15m,1779821100.0,1.3304,1.3336,1.3288,1.3298,220052.0,0.0,0.0,0
15m,1779822000.0,1.3298,1.3317,1.3286,1.3288,264888.84,0.0,0.0,0
15m,1779822900.0,1.3288,1.3307,1.327,1.3299,216010.13,0.0,0.0,0
15m,1779823800.0,1.3299,1.3344,1.3296,1.3338,166295.92,0.0,0.0,0
15m,1779824700.0,1.3338,1.3344,1.3318,1.332,115327.91,0.0,0.0,0
15m,1779825600.0,1.332,1.3333,1.3313,1.3329,202629.24,0.0,0.0,0
15m,1779826500.0,1.3329,1.3337,1.3309,1.3337,89831.17,0.0,0.0,0
15m,1779827400.0,1.3337,1.3338,1.3317,1.3329,130147.41,0.0,0.0,0
15m,1779828300.0,1.3329,1.334,1.3328,1.3334,80704.48,0.0,0.0,0
15m,1779829200.0,1.3334,1.3335,1.3282,1.3289,460236.16,0.0,0.0,0
15m,1779830100.0,1.3289,1.333,1.3286,1.3329,127224.79,0.0,0.0,0
15m,1779831000.0,1.3329,1.3347,1.3328,1.3334,134651.83,0.0,0.0,0
15m,1779831900.0,1.3334,1.3347,1.3306,1.3315,206254.75,0.0,0.0,0
15m,1779832800.0,1.3315,1.3336,1.3289,1.3309,272218.01,0.0,0.0,0
15m,1779833700.0,1.3309,1.3322,1.3303,1.331,134412.85,0.0,0.0,0
15m,1779834600.0,1.331,1.3317,1.3295,1.3297,196498.33,0.0,0.0,0
15m,1779835500.0,1.3297,1.3305,1.3287,1.3298,295165.66,0.0,0.0,0
15m,1779836400.0,1.3298,1.3317,1.3298,1.3311,121322.04,0.0,0.0,0
15m,1779837300.0,1.3311,1.3313,1.3298,1.3302,41392.26,0.0,0.0,0
15m,1779838200.0,1.3302,1.3309,1.3299,1.3302,55189.95,0.0,0.0,0
15m,1779839100.0,1.3302,1.3304,1.3288,1.3291,49160.07,0.0,0.0,0
15m,1779840000.0,1.3291,1.3318,1.3291,1.3316,105262.77,0.0,0.0,0
15m,1779840900.0,1.3316,1.3316,1.3289,1.3302,159399.06,0.0,0.0,0
15m,1779841800.0,1.3302,1.3319,1.3294,1.331,351437.98,0.0,0.0,0
15m,1779842700.0,1.331,1.3327,1.331,1.3324,127371.36,0.0,0.0,0
15m,1779843600.0,1.3324,1.333,1.3317,1.333,576258.25,0.0,0.0,0
15m,1779844500.0,1.333,1.333,1.3295,1.3311,100243.33,0.0,0.0,0
15m,1779845400.0,1.3311,1.3323,1.33,1.3311,62344.83,0.0,0.0,0
15m,1779846300.0,1.3311,1.3325,1.3297,1.3306,67406.3,0.0,0.0,0
15m,1779847200.0,1.3306,1.3311,1.3286,1.3297,225614.13,0.0,0.0,0
15m,1779848100.0,1.3297,1.3302,1.3263,1.3288,181301.46,0.0,0.0,0
15m,1779849000.0,1.3288,1.33,1.3279,1.329,54416.24,0.0,0.0,0
15m,1779849900.0,1.329,1.3312,1.3287,1.3312,59489.62,0.0,0.0,0
15m,1779850800.0,1.3312,1.3331,1.3302,1.3321,71851.77,0.0,0.0,0
15m,1779851700.0,1.3321,1.3328,1.3305,1.3317,148941.55,0.0,0.0,0
15m,1779852600.0,1.3317,1.3325,1.3297,1.3303,74183.72,0.0,0.0,0
15m,1779853500.0,1.3303,1.3303,1.3265,1.3277,121092.66,0.0,0.0,0
15m,1779854400.0,1.3277,1.3284,1.3265,1.3273,66420.09,0.0,0.0,0
15m,1779855300.0,1.3273,1.3274,1.3236,1.3246,263322.5,0.0,0.0,0
15m,1779856200.0,1.3246,1.3253,1.3213,1.3242,365801.51,0.0,0.0,0
15m,1779857100.0,1.3242,1.3312,1.3242,1.3308,139754.15,0.0,0.0,0
15m,1779858000.0,1.3308,1.3327,1.3305,1.331,84225.42,0.0,0.0,0
15m,1779858900.0,1.331,1.3323,1.33,1.3313,114057.13,0.0,0.0,0
15m,1779859800.0,1.3313,1.332,1.3295,1.3305,396822.46,0.0,0.0,0
15m,1779860700.0,1.3305,1.3317,1.33,1.331,258405.64,0.0,0.0,0
15m,1779861600.0,1.331,1.3329,1.3303,1.3311,139984.98,0.0,0.0,0
15m,1779862500.0,1.3311,1.3325,1.3303,1.3324,78113.56,0.0,0.0,0
15m,1779863400.0,1.3324,1.336,1.3324,1.3357,169009.86,0.0,0.0,0
15m,1779864300.0,1.3357,1.3369,1.3355,1.3359,148684.13,0.0,0.0,0
15m,1779865200.0,1.3359,1.3368,1.3342,1.3345,179936.1,0.0,0.0,0
15m,1779866100.0,1.3345,1.3345,1.3332,1.3343,57746.21,0.0,0.0,0
15m,1779867000.0,1.3343,1.3346,1.3314,1.3314,175958.31,0.0,0.0,0
15m,1779867900.0,1.3314,1.3322,1.3302,1.3319,213769.72,0.0,0.0,0
15m,1779868800.0,1.3319,1.3361,1.3296,1.3348,1322763.91,0.0,0.0,0
15m,1779869700.0,1.3348,1.3376,1.334,1.3367,192363.84,0.0,0.0,0
15m,1779870600.0,1.3367,1.3368,1.3357,1.336,62064.89,0.0,0.0,0
15m,1779871500.0,1.336,1.3364,1.3334,1.3354,211402.26,0.0,0.0,0
15m,1779872400.0,1.3354,1.3357,1.3323,1.3345,591075.89,0.0,0.0,0
15m,1779873300.0,1.3345,1.3372,1.3279,1.3307,901327.27,0.0,0.0,0
15m,1779874200.0,1.3307,1.3324,1.33,1.3313,147440.55,0.0,0.0,0
15m,1779875100.0,1.3313,1.3316,1.3293,1.3293,227105.27,0.0,0.0,0
15m,1779876000.0,1.3293,1.3346,1.3287,1.3324,1019676.39,0.0,0.0,0
15m,1779876900.0,1.3324,1.3344,1.3324,1.3325,379981.18,0.0,0.0,0
15m,1779877800.0,1.3325,1.3327,1.3303,1.3308,227451.55,0.0,0.0,0
15m,1779878700.0,1.3308,1.3313,1.3294,1.3301,157496.2,0.0,0.0,0
15m,1779879600.0,1.3301,1.3329,1.3296,1.332,229544.34,0.0,0.0,0
15m,1779880500.0,1.332,1.3338,1.3318,1.3318,252408.6,0.0,0.0,0
15m,1779881400.0,1.3318,1.3318,1.3289,1.3303,390430.26,0.0,0.0,0
15m,1779882300.0,1.3303,1.3306,1.329,1.3296,243914.07,0.0,0.0,0
15m,1779883200.0,1.3296,1.3296,1.3248,1.3267,535418.72,0.0,0.0,0
15m,1779884100.0,1.3267,1.3406,1.3255,1.3354,945453.36,0.0,0.0,0
15m,1779885000.0,1.3354,1.3371,1.333,1.3362,310127.61,0.0,0.0,0
15m,1779885900.0,1.3362,1.3363,1.3316,1.3318,262679.48,0.0,0.0,0
15m,1779886800.0,1.3318,1.3333,1.327,1.3278,341434.89,0.0,0.0,0
15m,1779887700.0,1.3278,1.329,1.3253,1.3258,336640.45,0.0,0.0,0
15m,1779888600.0,1.3258,1.3269,1.3186,1.3205,726809.03,0.0,0.0,0
15m,1779889500.0,1.3205,1.3247,1.3197,1.3243,667366.18,0.0,0.0,0
15m,1779890400.0,1.3243,1.328,1.321,1.3215,464092.86,0.0,0.0,0
15m,1779891300.0,1.3215,1.3241,1.319,1.3209,418181.93,0.0,0.0,0
15m,1779892200.0,1.3209,1.3252,1.3209,1.3249,560254.06,0.0,0.0,0
15m,1779893100.0,1.3249,1.3308,1.3249,1.3303,311493.95,0.0,0.0,0
15m,1779894000.0,1.3303,1.3357,1.33,1.3355,226314.08,0.0,0.0,0
15m,1779894900.0,1.3355,1.3436,1.3352,1.339,731649.68,0.0,0.0,0
15m,1779895800.0,1.339,1.3423,1.3362,1.3366,238955.58,0.0,0.0,0
15m,1779896700.0,1.3366,1.3381,1.3348,1.3364,109215.16,0.0,0.0,0
15m,1779897600.0,1.3364,1.3389,1.335,1.3364,132491.15,0.0,0.0,0
15m,1779898500.0,1.3364,1.3368,1.3315,1.3321,117413.2,0.0,0.0,0
15m,1779899400.0,1.3321,1.3324,1.3281,1.3302,139082.52,0.0,0.0,0
15m,1779900300.0,1.3302,1.3327,1.3295,1.3324,79498.8,0.0,0.0,0
15m,1779901200.0,1.3324,1.3326,1.3211,1.3218,326394.27,0.0,0.0,0
15m,1779902100.0,1.3218,1.3251,1.3201,1.3243,208084.21,0.0,0.0,0
15m,1779903000.0,1.3243,1.3256,1.3216,1.3219,66949.03,0.0,0.0,0
15m,1779903900.0,1.3219,1.3234,1.3176,1.3207,426137.19,0.0,0.0,0
15m,1779904800.0,1.3207,1.322,1.3177,1.3191,194810.75,0.0,0.0,0
15m,1779905700.0,1.3191,1.322,1.3186,1.3219,77429.33,0.0,0.0,0
15m,1779906600.0,1.3219,1.324,1.3206,1.3232,77769.64,0.0,0.0,0
15m,1779907500.0,1.3232,1.3273,1.3232,1.3267,58225.61,0.0,0.0,0
15m,1779908400.0,1.3267,1.3332,1.3267,1.333,197134.55,0.0,0.0,0
15m,1779909300.0,1.333,1.3341,1.3312,1.3317,122851.44,0.0,0.0,0
15m,1779910200.0,1.3317,1.334,1.3307,1.3313,180865.42,0.0,0.0,0
15m,1779911100.0,1.3313,1.3319,1.3291,1.3306,335199.52,0.0,0.0,0
15m,1779912000.0,1.3306,1.3335,1.3293,1.3325,210722.79,0.0,0.0,0
15m,1779912900.0,1.3325,1.3348,1.3297,1.33,99578.18,0.0,0.0,0
15m,1779913800.0,1.33,1.3305,1.3276,1.329,62499.91,0.0,0.0,0
15m,1779914700.0,1.329,1.3312,1.329,1.331,40549.49,0.0,0.0,0
15m,1779915600.0,1.331,1.3329,1.3299,1.3318,130168.11,0.0,0.0,0
15m,1779916500.0,1.3318,1.3325,1.3289,1.3289,108663.83,0.0,0.0,0
15m,1779917400.0,1.3289,1.3289,1.3142,1.3178,1422871.4,0.0,0.0,0
15m,1779918300.0,1.3178,1.3178,1.3115,1.3158,993858.78,0.0,0.0,0
15m,1779919200.0,1.3158,1.3208,1.31,1.3131,670521.08,0.0,0.0,0
15m,1779920100.0,1.3131,1.3159,1.3103,1.3148,352693.93,0.0,0.0,0
15m,1779921000.0,1.3148,1.3162,1.3122,1.3143,136940.97,0.0,0.0,0
15m,1779921900.0,1.3143,1.3155,1.3108,1.3108,395587.18,0.0,0.0,0
15m,1779922800.0,1.3108,1.3124,1.307,1.309,506755.64,0.0,0.0,0
15m,1779923700.0,1.309,1.3105,1.3033,1.3045,386020.74,0.0,0.0,0
15m,1779924600.0,1.3045,1.307,1.3037,1.3067,185719.47,0.0,0.0,0
15m,1779925500.0,1.3067,1.309,1.3049,1.3076,143716.65,0.0,0.0,0
15m,1779926400.0,1.3076,1.31,1.3061,1.3067,150119.74,0.0,0.0,0
15m,1779927300.0,1.3067,1.3108,1.3061,1.3087,161165.36,0.0,0.0,0
15m,1779928200.0,1.3087,1.3112,1.3087,1.3107,144303.35,0.0,0.0,0
15m,1779929100.0,1.3107,1.3111,1.3072,1.3096,116963.43,0.0,0.0,0
15m,1779930000.0,1.3096,1.3102,1.3065,1.3076,89062.16,0.0,0.0,0
15m,1779930900.0,1.3076,1.308,1.2989,1.3029,795913.52,0.0,0.0,0
15m,1779931800.0,1.3029,1.3045,1.298,1.3021,412692.44,0.0,0.0,0
15m,1779932700.0,1.3021,1.3056,1.3012,1.303,171442.22,0.0,0.0,0
15m,1779933600.0,1.303,1.3056,1.3013,1.3056,176346.22,0.0,0.0,0
15m,1779934500.0,1.3056,1.3057,1.3021,1.3035,128974.8,0.0,0.0,0
15m,1779935400.0,1.3035,1.3058,1.3004,1.3039,303718.23,0.0,0.0,0
15m,1779936300.0,1.3039,1.3041,1.3011,1.3012,371793.12,0.0,0.0,0
15m,1779937200.0,1.3012,1.3036,1.2978,1.3013,545820.8,0.0,0.0,0
15m,1779938100.0,1.3013,1.302,1.2835,1.2892,3581444.88,0.0,0.0,0
15m,1779939000.0,1.2892,1.2907,1.2828,1.2834,1045873.88,0.0,0.0,0
15m,1779939900.0,1.2834,1.2866,1.2752,1.279,1229310.74,0.0,0.0,0
15m,1779940800.0,1.279,1.2829,1.2708,1.2807,1314847.82,0.0,0.0,0
15m,1779941700.0,1.2807,1.2821,1.2676,1.2742,1793605.01,0.0,0.0,0
15m,1779942600.0,1.2742,1.2843,1.2732,1.2828,360424.61,0.0,0.0,0
15m,1779943500.0,1.2828,1.2844,1.2807,1.2844,488635.17,0.0,0.0,0
15m,1779944400.0,1.2844,1.2849,1.2799,1.281,622858.97,0.0,0.0,0
15m,1779945300.0,1.281,1.2813,1.2778,1.2797,679020.53,0.0,0.0,0
15m,1779946200.0,1.2797,1.2856,1.2797,1.2849,669497.47,0.0,0.0,0
15m,1779947100.0,1.2849,1.2859,1.2829,1.2837,465802.57,0.0,0.0,0
15m,1779948000.0,1.2837,1.286,1.2832,1.2841,273521.54,0.0,0.0,0
15m,1779948900.0,1.2841,1.2854,1.2819,1.2844,266670.37,0.0,0.0,0
15m,1779949800.0,1.2844,1.2847,1.2805,1.2842,801432.67,0.0,0.0,0
15m,1779950700.0,1.2842,1.2895,1.2842,1.2872,509174.96,0.0,0.0,0
15m,1779951600.0,1.2872,1.29,1.287,1.29,193003.1,0.0,0.0,0
15m,1779952500.0,1.29,1.2936,1.29,1.2911,319365.4,0.0,0.0,0
15m,1779953400.0,1.2911,1.2933,1.2906,1.2926,170144.24,0.0,0.0,0
15m,1779954300.0,1.2926,1.2936,1.2896,1.2934,188305.08,0.0,0.0,0
15m,1779955200.0,1.2934,1.2938,1.2906,1.2922,198191.26,0.0,0.0,0
15m,1779956100.0,1.2922,1.2926,1.2875,1.2882,75744.63,0.0,0.0,0
15m,1779957000.0,1.2882,1.2898,1.287,1.2886,80237.07,0.0,0.0,0
15m,1779957900.0,1.2886,1.2904,1.2886,1.2888,86142.97,0.0,0.0,0
15m,1779958800.0,1.2888,1.2907,1.2874,1.2894,106797.86,0.0,0.0,0
15m,1779959700.0,1.2894,1.2928,1.2893,1.2917,56039.08,0.0,0.0,0
15m,1779960600.0,1.2917,1.2935,1.2904,1.2929,56463.4,0.0,0.0,0
15m,1779961500.0,1.2929,1.2938,1.2926,1.2929,59096.48,0.0,0.0,0
15m,1779962400.0,1.2929,1.2962,1.2928,1.2954,90851.49,0.0,0.0,0
15m,1779963300.0,1.2954,1.296,1.2911,1.2926,138028.56,0.0,0.0,0
15m,1779964200.0,1.2926,1.2938,1.2918,1.2925,262053.79,0.0,0.0,0
15m,1779965100.0,1.2925,1.2934,1.2885,1.2885,857234.57,0.0,0.0,0
15m,1779966000.0,1.2885,1.2904,1.2866,1.2895,524632.14,0.0,0.0,0
15m,1779966900.0,1.2895,1.2906,1.2867,1.2873,149402.56,0.0,0.0,0
15m,1779967800.0,1.2873,1.2888,1.2862,1.2879,123510.41,0.0,0.0,0
15m,1779968700.0,1.2879,1.2888,1.2862,1.2877,113804.38,0.0,0.0,0
15m,1779969600.0,1.2877,1.2892,1.2875,1.2884,113473.95,0.0,0.0,0
15m,1779970500.0,1.2884,1.2888,1.2839,1.2853,280946.21,0.0,0.0,0
15m,1779971400.0,1.2853,1.2923,1.2852,1.2907,425205.96,0.0,0.0,0
15m,1779972300.0,1.2907,1.2949,1.2903,1.2948,227523.86,0.0,0.0,0
15m,1779973200.0,1.2948,1.2985,1.2947,1.2965,247295.51,0.0,0.0,0
15m,1779974100.0,1.2965,1.2985,1.2914,1.2967,518316.35,0.0,0.0,0
15m,1779975000.0,1.2967,1.297,1.2896,1.2905,644100.82,0.0,0.0,0
15m,1779975900.0,1.2905,1.2995,1.2903,1.2965,1302388.6,0.0,0.0,0
15m,1779976800.0,1.2965,1.3016,1.286,1.3014,2236034.28,0.0,0.0,0
15m,1779977700.0,1.3014,1.3106,1.2986,1.3007,1234098.14,0.0,0.0,0
15m,1779978600.0,1.3007,1.3052,1.2979,1.2991,377794.55,0.0,0.0,0
15m,1779979500.0,1.2991,1.3043,1.2962,1.3018,397929.01,0.0,0.0,0
15m,1779980400.0,1.3018,1.3037,1.2951,1.2979,378740.82,0.0,0.0,0
15m,1779981300.0,1.2979,1.3026,1.2944,1.3025,169957.11,0.0,0.0,0
15m,1779982200.0,1.3025,1.3099,1.2997,1.3099,172188.29,0.0,0.0,0
15m,1779983100.0,1.3099,1.3153,1.3095,1.3125,689653.16,0.0,0.0,0
15m,1779984000.0,1.3125,1.3169,1.3069,1.3145,1458834.09,0.0,0.0,0
15m,1779984900.0,1.3145,1.32,1.3136,1.318,334986.81,0.0,0.0,0
15m,1779985800.0,1.318,1.3201,1.3165,1.3199,421477.43,0.0,0.0,0
15m,1779986700.0,1.3199,1.3294,1.3193,1.3239,1015985.3,0.0,0.0,0
15m,1779987600.0,1.3239,1.3258,1.3184,1.3238,712211.47,0.0,0.0,0
15m,1779988500.0,1.3238,1.3279,1.3213,1.322,285003.99,0.0,0.0,0
15m,1779989400.0,1.322,1.3277,1.3211,1.3251,194445.23,0.0,0.0,0
15m,1779990300.0,1.3251,1.3299,1.3242,1.3261,388704.96,0.0,0.0,0
15m,1779991200.0,1.3261,1.3325,1.3254,1.3322,656321.47,0.0,0.0,0
15m,1779992100.0,1.3322,1.3373,1.3316,1.333,1069354.11,0.0,0.0,0
15m,1779993000.0,1.333,1.3361,1.3324,1.3343,311125.22,0.0,0.0,0
15m,1779993900.0,1.3343,1.3384,1.3327,1.3344,242513.83,0.0,0.0,0
15m,1779994800.0,1.3344,1.3345,1.3252,1.3259,242090.12,0.0,0.0,0
15m,1779995700.0,1.3259,1.3268,1.3244,1.3257,81566.11,0.0,0.0,0
15m,1779996600.0,1.3257,1.3266,1.3186,1.3192,151723.22,0.0,0.0,0
15m,1779997500.0,1.3192,1.3205,1.3156,1.3161,242815.8,0.0,0.0,0
15m,1779998400.0,1.3161,1.3172,1.3109,1.3162,855863.66,0.0,0.0,0
15m,1779999300.0,1.3162,1.3215,1.316,1.3211,166835.32,0.0,0.0,0
15m,1780000200.0,1.3211,1.3246,1.3207,1.3243,140331.54,0.0,0.0,0
15m,1780001100.0,1.3243,1.325,1.32,1.3204,117341.6,0.0,0.0,0
15m,1780002000.0,1.3204,1.3236,1.3169,1.3228,154297.55,0.0,0.0,0
15m,1780002900.0,1.3228,1.3234,1.3204,1.3207,48758.71,0.0,0.0,0
15m,1780003800.0,1.3207,1.3235,1.3206,1.3224,137304.24,0.0,0.0,0
15m,1780004700.0,1.3224,1.3224,1.3198,1.3202,65945.47,0.0,0.0,0
15m,1780005600.0,1.3202,1.3219,1.3189,1.3202,132554.55,0.0,0.0,0
15m,1780006500.0,1.3202,1.3202,1.3158,1.3161,135471.22,0.0,0.0,0
15m,1780007400.0,1.3161,1.3164,1.3124,1.3125,80293.33,0.0,0.0,0
15m,1780008300.0,1.3125,1.3158,1.3125,1.3144,54112.6,0.0,0.0,0
15m,1780009200.0,1.3144,1.317,1.3142,1.3169,45981.97,0.0,0.0,0
15m,1780010100.0,1.3169,1.3185,1.3157,1.3178,50432.49,0.0,0.0,0
15m,1780011000.0,1.3178,1.3178,1.3146,1.3163,80968.65,0.0,0.0,0
15m,1780011900.0,1.3163,1.3163,1.3138,1.3156,75115.61,0.0,0.0,0
15m,1780012800.0,1.3156,1.3201,1.3155,1.3201,93784.68,0.0,0.0,0
15m,1780013700.0,1.3201,1.3203,1.3176,1.3177,41488.74,0.0,0.0,0
15m,1780014600.0,1.3177,1.318,1.3159,1.3169,78338.23,0.0,0.0,0
15m,1780015500.0,1.3169,1.3172,1.3145,1.3151,102367.42,0.0,0.0,0
15m,1780016400.0,1.3151,1.3174,1.3145,1.3147,43515.12,0.0,0.0,0
15m,1780017300.0,1.3147,1.3148,1.3091,1.3103,250469.48,0.0,0.0,0
15m,1780018200.0,1.3103,1.3103,1.3082,1.3097,146070.29,0.0,0.0,0
15m,1780019100.0,1.3097,1.3114,1.3086,1.3104,120632.68,0.0,0.0,0
15m,1780020000.0,1.3104,1.3113,1.3093,1.3105,86350.99,0.0,0.0,0
15m,1780020900.0,1.3105,1.3112,1.3075,1.3081,105173.19,0.0,0.0,0
15m,1780021800.0,1.3081,1.3116,1.3069,1.3081,167690.25,0.0,0.0,0
15m,1780022700.0,1.3081,1.3089,1.3039,1.3042,180900.97,0.0,0.0,0
15m,1780023600.0,1.3042,1.3121,1.3042,1.3114,144856.38,0.0,0.0,0
15m,1780024500.0,1.3114,1.3115,1.3095,1.3112,89137.13,0.0,0.0,0
15m,1780025400.0,1.3112,1.3134,1.3108,1.3124,101972.52,0.0,0.0,0
15m,1780026300.0,1.3124,1.3148,1.3116,1.3122,110352.69,0.0,0.0,0
15m,1780027200.0,1.3122,1.3129,1.304,1.3056,437914.49,0.0,0.0,0
15m,1780028100.0,1.3056,1.3089,1.3051,1.3081,134082.09,0.0,0.0,0
15m,1780029000.0,1.3081,1.3102,1.3073,1.309,103662.75,0.0,0.0,0
15m,1780029900.0,1.309,1.3112,1.3085,1.3107,75380.75,0.0,0.0,0
15m,1780030800.0,1.3107,1.315,1.3099,1.3139,203729.73,0.0,0.0,0
15m,1780031700.0,1.3139,1.3143,1.3109,1.3114,106000.15,0.0,0.0,0
15m,1780032600.0,1.3114,1.3114,1.3088,1.3109,149620.16,0.0,0.0,0
15m,1780033500.0,1.3109,1.3156,1.3106,1.3151,326703.32,0.0,0.0,0
15m,1780034400.0,1.3151,1.3195,1.3149,1.3171,307401.08,0.0,0.0,0
15m,1780035300.0,1.3171,1.3211,1.3163,1.3169,177649.28,0.0,0.0,0
15m,1780036200.0,1.3169,1.3173,1.3143,1.3172,64018.03,0.0,0.0,0
15m,1780037100.0,1.3172,1.3178,1.3155,1.3162,70615.3,0.0,0.0,0
15m,1780038000.0,1.3162,1.3181,1.3157,1.3177,188600.63,0.0,0.0,0
15m,1780038900.0,1.3177,1.3193,1.3174,1.3192,69720.57,0.0,0.0,0
15m,1780039800.0,1.3192,1.3192,1.3101,1.3114,284092.98,0.0,0.0,0
15m,1780040700.0,1.3114,1.3173,1.3106,1.3168,160240.03,0.0,0.0,0
15m,1780041600.0,1.3168,1.322,1.3164,1.3193,185609.43,0.0,0.0,0
15m,1780042500.0,1.3193,1.3236,1.3175,1.3209,391806.2,0.0,0.0,0
15m,1780043400.0,1.3209,1.3235,1.3195,1.3226,340694.17,0.0,0.0,0
15m,1780044300.0,1.3226,1.3228,1.3196,1.3212,157452.92,0.0,0.0,0
15m,1780045200.0,1.3212,1.3223,1.3203,1.3214,263758.56,0.0,0.0,0
15m,1780046100.0,1.3214,1.3273,1.3212,1.3273,312711.71,0.0,0.0,0
15m,1780047000.0,1.3273,1.3275,1.326,1.327,200126.14,0.0,0.0,0
15m,1780047900.0,1.327,1.327,1.3227,1.3236,244375.64,0.0,0.0,0
15m,1780048800.0,1.3236,1.3237,1.321,1.3213,188208.11,0.0,0.0,0
15m,1780049700.0,1.3213,1.3223,1.3194,1.3206,283190.69,0.0,0.0,0
15m,1780050600.0,1.3206,1.3209,1.3182,1.3184,167468.05,0.0,0.0,0
15m,1780051500.0,1.3184,1.32,1.3173,1.3187,76626.0,0.0,0.0,0
15m,1780052400.0,1.3187,1.3189,1.3168,1.3173,284506.66,0.0,0.0,0
15m,1780053300.0,1.3173,1.3177,1.3139,1.3157,401144.21,0.0,0.0,0
15m,1780054200.0,1.3157,1.3164,1.3114,1.3118,492513.77,0.0,0.0,0
15m,1780055100.0,1.3118,1.312,1.3072,1.3115,491810.31,0.0,0.0,0
15m,1780056000.0,1.3115,1.3122,1.3082,1.3091,227019.8,0.0,0.0,0
15m,1780056900.0,1.3091,1.3101,1.3069,1.3078,311883.42,0.0,0.0,0
15m,1780057800.0,1.3078,1.3088,1.3035,1.305,711994.86,0.0,0.0,0
15m,1780058700.0,1.305,1.3064,1.3027,1.3046,346134.79,0.0,0.0,0
15m,1780059600.0,1.3046,1.305,1.3002,1.3026,704755.1,0.0,0.0,0
15m,1780060500.0,1.3026,1.3039,1.3016,1.303,195714.28,0.0,0.0,0
15m,1780061400.0,1.303,1.3051,1.2977,1.3029,632073.39,0.0,0.0,0
15m,1780062300.0,1.3029,1.3059,1.3009,1.3028,360360.34,0.0,0.0,0
15m,1780063200.0,1.3028,1.3067,1.3018,1.3062,578629.19,0.0,0.0,0
15m,1780064100.0,1.3062,1.3078,1.2951,1.3037,898905.23,0.0,0.0,0
15m,1780065000.0,1.3037,1.3044,1.2956,1.2957,429194.99,0.0,0.0,0
15m,1780065900.0,1.2957,1.3087,1.2946,1.3079,1385167.87,0.0,0.0,0
15m,1780066800.0,1.3079,1.3193,1.305,1.3173,893973.4,0.0,0.0,0
15m,1780067700.0,1.3173,1.3239,1.3148,1.3236,929466.54,0.0,0.0,0
15m,1780068600.0,1.3236,1.3337,1.3224,1.3231,1044656.53,0.0,0.0,0
15m,1780069500.0,1.3231,1.3243,1.3199,1.3227,335117.86,0.0,0.0,0
15m,1780070400.0,1.3227,1.3258,1.3215,1.3246,343881.08,0.0,0.0,0
15m,1780071300.0,1.3246,1.3256,1.3165,1.3177,347158.73,0.0,0.0,0
15m,1780072200.0,1.3177,1.3298,1.3174,1.3274,834598.32,0.0,0.0,0
15m,1780073100.0,1.3274,1.3316,1.3249,1.3272,844734.29,0.0,0.0,0
15m,1780074000.0,1.3272,1.3306,1.3243,1.33,279401.79,0.0,0.0,0
15m,1780074900.0,1.33,1.3331,1.3288,1.3301,491954.35,0.0,0.0,0
15m,1780075800.0,1.3301,1.3322,1.3291,1.3291,490215.13,0.0,0.0,0
15m,1780076700.0,1.3291,1.3294,1.3236,1.3254,244682.03,0.0,0.0,0
15m,1780077600.0,1.3254,1.3302,1.3235,1.3286,209823.5,0.0,0.0,0
15m,1780078500.0,1.3286,1.3289,1.3237,1.3249,231197.23,0.0,0.0,0
15m,1780079400.0,1.3249,1.3277,1.3248,1.3268,53816.77,0.0,0.0,0
15m,1780080300.0,1.3268,1.3268,1.3156,1.3188,484711.02,0.0,0.0,0
15m,1780081200.0,1.3188,1.3201,1.315,1.3155,197405.95,0.0,0.0,0
15m,1780082100.0,1.3155,1.3155,1.311,1.3144,229082.18,0.0,0.0,0
15m,1780083000.0,1.3144,1.3233,1.3144,1.3229,128297.99,0.0,0.0,0
15m,1780083900.0,1.3229,1.3235,1.3197,1.321,218258.67,0.0,0.0,0
15m,1780084800.0,1.321,1.3236,1.3203,1.3226,75689.71,0.0,0.0,0
15m,1780085700.0,1.3226,1.3242,1.3205,1.3227,101678.67,0.0,0.0,0
15m,1780086600.0,1.3227,1.3243,1.3227,1.324,37526.73,0.0,0.0,0
15m,1780087500.0,1.324,1.3254,1.3204,1.3227,76843.45,0.0,0.0,0
15m,1780088400.0,1.3227,1.3268,1.3222,1.326,87575.49,0.0,0.0,0
15m,1780089300.0,1.326,1.326,1.3208,1.3208,154070.61,0.0,0.0,0
15m,1780090200.0,1.3208,1.3225,1.3188,1.3217,233502.23,0.0,0.0,0
15m,1780091100.0,1.3217,1.322,1.3162,1.3162,119933.99,0.0,0.0,0
15m,1780092000.0,1.3162,1.3187,1.3145,1.3163,74133.26,0.0,0.0,0
15m,1780092900.0,1.3163,1.3205,1.3162,1.32,66929.19,0.0,0.0,0
15m,1780093800.0,1.32,1.3209,1.3186,1.3201,131267.29,0.0,0.0,0
15m,1780094700.0,1.3201,1.3212,1.3189,1.3208,93936.16,0.0,0.0,0
15m,1780095600.0,1.3208,1.3264,1.3199,1.3249,179764.72,0.0,0.0,0
15m,1780096500.0,1.3249,1.3272,1.3235,1.3244,125409.56,0.0,0.0,0
15m,1780097400.0,1.3244,1.326,1.3228,1.3259,88068.87,0.0,0.0,0
15m,1780098300.0,1.3259,1.3313,1.3252,1.3298,142687.8,0.0,0.0,0
15m,1780099200.0,1.3298,1.3319,1.3281,1.3317,296607.22,0.0,0.0,0
15m,1780100100.0,1.3317,1.3395,1.3314,1.3323,380905.99,0.0,0.0,0
15m,1780101000.0,1.3323,1.3359,1.3301,1.3357,114905.46,0.0,0.0,0
15m,1780101900.0,1.3357,1.3501,1.3357,1.3486,669933.43,0.0,0.0,0
15m,1780102800.0,1.3486,1.3592,1.3442,1.3551,991068.9,0.0,0.0,0
15m,1780103700.0,1.3551,1.3649,1.3541,1.3615,934972.28,0.0,0.0,0
15m,1780104600.0,1.3615,1.3662,1.359,1.3593,576982.78,0.0,0.0,0
15m,1780105500.0,1.3593,1.3628,1.3555,1.3569,372475.04,0.0,0.0,0
15m,1780106400.0,1.3569,1.3633,1.3566,1.3612,367555.56,0.0,0.0,0
15m,1780107300.0,1.3612,1.3641,1.356,1.3561,609969.91,0.0,0.0,0
15m,1780108200.0,1.3561,1.3604,1.3547,1.3581,422079.59,0.0,0.0,0
15m,1780109100.0,1.3581,1.3622,1.3553,1.3599,400649.56,0.0,0.0,0
15m,1780110000.0,1.3599,1.3626,1.3585,1.3601,564369.54,0.0,0.0,0
15m,1780110900.0,1.3601,1.3604,1.3554,1.3582,201388.21,0.0,0.0,0
15m,1780111800.0,1.3582,1.3586,1.3527,1.3528,217987.91,0.0,0.0,0
15m,1780112700.0,1.3528,1.3535,1.3502,1.3505,231220.22,0.0,0.0,0
15m,1780113600.0,1.3505,1.353,1.3458,1.3495,446319.24,0.0,0.0,0
15m,1780114500.0,1.3495,1.3495,1.3391,1.3391,425407.87,0.0,0.0,0
15m,1780115400.0,1.3391,1.3409,1.3372,1.3405,271044.74,0.0,0.0,0
15m,1780116300.0,1.3405,1.3449,1.3392,1.3439,228975.48,0.0,0.0,0
15m,1780117200.0,1.3439,1.3509,1.3422,1.3483,883844.17,0.0,0.0,0
15m,1780118100.0,1.3483,1.3483,1.3436,1.3436,150844.42,0.0,0.0,0
15m,1780119000.0,1.3436,1.3459,1.3436,1.3456,159773.6,0.0,0.0,0
15m,1780119900.0,1.3456,1.3489,1.3452,1.3489,56714.28,0.0,0.0,0
15m,1780120800.0,1.3489,1.3495,1.3432,1.3446,314845.15,0.0,0.0,0
15m,1780121700.0,1.3446,1.3466,1.3445,1.3466,142987.32,0.0,0.0,0
15m,1780122600.0,1.3466,1.3479,1.3453,1.3469,254325.98,0.0,0.0,0
15m,1780123500.0,1.3469,1.347,1.3443,1.3453,79763.52,0.0,0.0,0
15m,1780124400.0,1.3453,1.3455,1.3432,1.3436,58952.89,0.0,0.0,0
15m,1780125300.0,1.3436,1.346,1.3425,1.3444,57607.57,0.0,0.0,0
15m,1780126200.0,1.3444,1.3454,1.3407,1.3407,112044.37,0.0,0.0,0
15m,1780127100.0,1.3407,1.3428,1.3404,1.3428,76860.16,0.0,0.0,0
15m,1780128000.0,1.3428,1.3429,1.3412,1.3421,363823.88,0.0,0.0,0
15m,1780128900.0,1.3421,1.3426,1.3406,1.3421,96663.2,0.0,0.0,0
15m,1780129800.0,1.3421,1.3422,1.3409,1.3414,22953.38,0.0,0.0,0
15m,1780130700.0,1.3414,1.3424,1.3406,1.3409,104569.07,0.0,0.0,0
15m,1780131600.0,1.3409,1.3432,1.34,1.3428,214365.96,0.0,0.0,0
15m,1780132500.0,1.3428,1.3457,1.3425,1.3448,127982.24,0.0,0.0,0
15m,1780133400.0,1.3448,1.3458,1.3434,1.3442,543635.03,0.0,0.0,0
15m,1780134300.0,1.3442,1.3457,1.3434,1.3446,56970.48,0.0,0.0,0
15m,1780135200.0,1.3446,1.3449,1.3431,1.3439,49500.46,0.0,0.0,0
15m,1780136100.0,1.3439,1.3444,1.3414,1.3424,97759.14,0.0,0.0,0
15m,1780137000.0,1.3424,1.3427,1.3413,1.3416,69222.65,0.0,0.0,0
15m,1780137900.0,1.3416,1.3428,1.3416,1.3425,34293.9,0.0,0.0,0
15m,1780138800.0,1.3425,1.3426,1.3383,1.3386,156430.44,0.0,0.0,0
15m,1780139700.0,1.3386,1.34,1.3371,1.3393,58096.25,0.0,0.0,0
15m,1780140600.0,1.3393,1.3445,1.3392,1.3419,408227.88,0.0,0.0,0
15m,1780141500.0,1.3419,1.3419,1.3393,1.3406,104079.08,0.0,0.0,0
15m,1780142400.0,1.3406,1.341,1.3379,1.3394,210538.98,0.0,0.0,0
15m,1780143300.0,1.3394,1.3419,1.3393,1.3412,56536.84,0.0,0.0,0
15m,1780144200.0,1.3412,1.3427,1.3395,1.3405,165876.18,0.0,0.0,0
15m,1780145100.0,1.3405,1.341,1.3385,1.3399,35080.33,0.0,0.0,0
15m,1780146000.0,1.3399,1.3415,1.3398,1.3408,33395.9,0.0,0.0,0
15m,1780146900.0,1.3408,1.3419,1.3394,1.3409,149582.04,0.0,0.0,0
15m,1780147800.0,1.3409,1.341,1.3376,1.3396,64586.69,0.0,0.0,0
15m,1780148700.0,1.3396,1.3412,1.3396,1.3411,24115.2,0.0,0.0,0
15m,1780149600.0,1.3411,1.3432,1.341,1.3411,91470.2,0.0,0.0,0
15m,1780150500.0,1.3411,1.345,1.3397,1.3448,101122.59,0.0,0.0,0
15m,1780151400.0,1.3448,1.3473,1.3429,1.3441,145616.31,0.0,0.0,0
15m,1780152300.0,1.3441,1.3441,1.3416,1.343,57179.52,0.0,0.0,0
15m,1780153200.0,1.343,1.3457,1.3417,1.3449,81838.7,0.0,0.0,0
15m,1780154100.0,1.3449,1.345,1.3414,1.3431,149082.29,0.0,0.0,0
15m,1780155000.0,1.3431,1.344,1.34,1.3411,69486.46,0.0,0.0,0
15m,1780155900.0,1.3411,1.3449,1.3411,1.3424,34139.29,0.0,0.0,0
15m,1780156800.0,1.3424,1.348,1.3414,1.3476,198491.96,0.0,0.0,0
15m,1780157700.0,1.3476,1.3476,1.3446,1.3459,135692.68,0.0,0.0,0
15m,1780158600.0,1.3459,1.3486,1.345,1.3472,54025.39,0.0,0.0,0
15m,1780159500.0,1.3472,1.3482,1.3457,1.3481,88683.73,0.0,0.0,0
15m,1780160400.0,1.3481,1.3494,1.3462,1.3478,405584.97,0.0,0.0,0
15m,1780161300.0,1.3478,1.3515,1.3468,1.3481,118492.54,0.0,0.0,0
15m,1780162200.0,1.3481,1.3489,1.3447,1.3489,75358.52,0.0,0.0,0
15m,1780163100.0,1.3489,1.3532,1.3488,1.3527,115515.81,0.0,0.0,0
15m,1780164000.0,1.3527,1.3529,1.3506,1.3508,149418.91,0.0,0.0,0
15m,1780164900.0,1.3508,1.353,1.3488,1.3494,127749.05,0.0,0.0,0
15m,1780165800.0,1.3494,1.3524,1.3493,1.3524,116193.87,0.0,0.0,0
15m,1780166700.0,1.3524,1.3541,1.3506,1.352,71080.13,0.0,0.0,0
15m,1780167600.0,1.352,1.352,1.3481,1.3481,311397.6,0.0,0.0,0
15m,1780168500.0,1.3481,1.3497,1.3473,1.3473,60542.24,0.0,0.0,0
15m,1780169400.0,1.3473,1.3489,1.3457,1.3468,172517.26,0.0,0.0,0
15m,1780170300.0,1.3468,1.3487,1.3468,1.3476,39369.35,0.0,0.0,0
15m,1780171200.0,1.3476,1.3497,1.3473,1.3488,72975.98,0.0,0.0,0
15m,1780172100.0,1.3488,1.35,1.3483,1.3492,37639.71,0.0,0.0,0
15m,1780173000.0,1.3492,1.3494,1.3467,1.3468,43501.11,0.0,0.0,0
15m,1780173900.0,1.3468,1.3486,1.3467,1.348,74757.05,0.0,0.0,0
15m,1780174800.0,1.348,1.3508,1.347,1.3501,146351.11,0.0,0.0,0
15m,1780175700.0,1.3501,1.351,1.3492,1.3507,71791.66,0.0,0.0,0
15m,1780176600.0,1.3507,1.3521,1.3493,1.351,72112.94,0.0,0.0,0
15m,1780177500.0,1.351,1.3521,1.3494,1.3502,111440.02,0.0,0.0,0
15m,1780178400.0,1.3502,1.3502,1.3419,1.3447,203281.06,0.0,0.0,0
15m,1780179300.0,1.3447,1.3458,1.3421,1.3442,307107.12,0.0,0.0,0
15m,1780180200.0,1.3442,1.3443,1.3379,1.3394,174966.72,0.0,0.0,0
15m,1780181100.0,1.3394,1.3426,1.3394,1.3426,84681.74,0.0,0.0,0
15m,1780182000.0,1.3426,1.3438,1.34,1.3407,75795.62,0.0,0.0,0
15m,1780182900.0,1.3407,1.3425,1.3404,1.3415,48655.93,0.0,0.0,0
15m,1780183800.0,1.3415,1.3417,1.3385,1.34,72501.98,0.0,0.0,0
15m,1780184700.0,1.34,1.341,1.3395,1.341,59839.24,0.0,0.0,0
15m,1780185600.0,1.341,1.3419,1.3385,1.3397,116972.66,0.0,0.0,0
15m,1780186500.0,1.3397,1.3408,1.3386,1.3391,62944.95,0.0,0.0,0
15m,1780187400.0,1.3391,1.3403,1.3381,1.3391,88823.2,0.0,0.0,0
15m,1780188300.0,1.3391,1.3407,1.3382,1.3403,116417.04,0.0,0.0,0
15m,1780189200.0,1.3403,1.3424,1.3403,1.3416,148606.66,0.0,0.0,0
15m,1780190100.0,1.3416,1.3441,1.341,1.3418,62808.33,0.0,0.0,0
15m,1780191000.0,1.3418,1.3441,1.3405,1.3412,70072.76,0.0,0.0,0
15m,1780191900.0,1.3412,1.3431,1.3408,1.3417,140301.63,0.0,0.0,0
15m,1780192800.0,1.3417,1.3436,1.3415,1.3436,77496.86,0.0,0.0,0
15m,1780193700.0,1.3436,1.346,1.3394,1.3396,158109.65,0.0,0.0,0
15m,1780194600.0,1.3396,1.3408,1.3361,1.3394,285292.82,0.0,0.0,0
15m,1780195500.0,1.3394,1.3429,1.3389,1.342,54223.03,0.0,0.0,0
15m,1780196400.0,1.342,1.3433,1.3415,1.3432,46242.51,0.0,0.0,0
15m,1780197300.0,1.3432,1.344,1.342,1.3437,50151.89,0.0,0.0,0
15m,1780198200.0,1.3437,1.344,1.3425,1.3434,87058.28,0.0,0.0,0
15m,1780199100.0,1.3434,1.3456,1.3428,1.3448,69610.89,0.0,0.0,0
15m,1780200000.0,1.3448,1.345,1.343,1.3437,28352.02,0.0,0.0,0
15m,1780200900.0,1.3437,1.3462,1.3437,1.3449,64913.57,0.0,0.0,0
15m,1780201800.0,1.3449,1.3463,1.3442,1.3454,52012.62,0.0,0.0,0
15m,1780202700.0,1.3454,1.3466,1.345,1.346,55977.25,0.0,0.0,0
15m,1780203600.0,1.346,1.3462,1.3446,1.3449,50066.49,0.0,0.0,0
15m,1780204500.0,1.3449,1.3455,1.3435,1.345,42913.61,0.0,0.0,0
15m,1780205400.0,1.345,1.3457,1.3435,1.3437,26451.46,0.0,0.0,0
15m,1780206300.0,1.3437,1.3443,1.3427,1.3435,21096.81,0.0,0.0,0
15m,1780207200.0,1.3435,1.3435,1.3409,1.3411,59555.35,0.0,0.0,0
15m,1780208100.0,1.3411,1.3423,1.3403,1.3411,68510.58,0.0,0.0,0
15m,1780209000.0,1.3411,1.342,1.3409,1.341,59625.78,0.0,0.0,0
15m,1780209900.0,1.341,1.3417,1.3401,1.3401,45787.1,0.0,0.0,0
15m,1780210800.0,1.3401,1.3401,1.3369,1.3371,361532.92,0.0,0.0,0
15m,1780211700.0,1.3371,1.338,1.3338,1.3352,105303.88,0.0,0.0,0
15m,1780212600.0,1.3352,1.3362,1.3331,1.3352,227820.53,0.0,0.0,0
15m,1780213500.0,1.3352,1.3362,1.3344,1.3354,218701.82,0.0,0.0,0
15m,1780214400.0,1.3354,1.3376,1.3354,1.3365,113289.34,0.0,0.0,0
15m,1780215300.0,1.3365,1.3384,1.3363,1.3382,151576.57,0.0,0.0,0
15m,1780216200.0,1.3382,1.3386,1.3369,1.3384,145793.28,0.0,0.0,0
15m,1780217100.0,1.3384,1.3398,1.337,1.3388,88398.04,0.0,0.0,0
15m,1780218000.0,1.3388,1.3388,1.337,1.3375,57255.72,0.0,0.0,0
15m,1780218900.0,1.3375,1.3406,1.3367,1.3406,118266.2,0.0,0.0,0
15m,1780219800.0,1.3406,1.3428,1.3401,1.3413,95096.98,0.0,0.0,0
15m,1780220700.0,1.3413,1.342,1.3378,1.3392,139238.93,0.0,0.0,0
15m,1780221600.0,1.3392,1.3396,1.3379,1.3384,110231.86,0.0,0.0,0
15m,1780222500.0,1.3384,1.3384,1.3342,1.3366,97427.71,0.0,0.0,0
15m,1780223400.0,1.3366,1.3374,1.3354,1.3359,109436.98,0.0,0.0,0
15m,1780224300.0,1.3359,1.3372,1.3347,1.3372,41795.26,0.0,0.0,0
15m,1780225200.0,1.3372,1.3389,1.3371,1.3382,34686.0,0.0,0.0,0
15m,1780226100.0,1.3382,1.3433,1.3376,1.3423,119211.93,0.0,0.0,0
15m,1780227000.0,1.3423,1.3424,1.3405,1.3411,68517.71,0.0,0.0,0
15m,1780227900.0,1.3411,1.3429,1.3403,1.3418,47954.2,0.0,0.0,0
15m,1780228800.0,1.3418,1.3421,1.3388,1.3406,94943.98,0.0,0.0,0
15m,1780229700.0,1.3406,1.3427,1.3406,1.3419,57406.31,0.0,0.0,0
15m,1780230600.0,1.3419,1.3432,1.3414,1.3428,36235.21,0.0,0.0,0
15m,1780231500.0,1.3428,1.3437,1.3409,1.3424,126481.8,0.0,0.0,0
15m,1780232400.0,1.3424,1.3459,1.3416,1.3459,166904.58,0.0,0.0,0
15m,1780233300.0,1.3459,1.3484,1.3451,1.3466,169240.89,0.0,0.0,0
15m,1780234200.0,1.3466,1.3476,1.344,1.3447,125293.54,0.0,0.0,0
15m,1780235100.0,1.3447,1.3451,1.3425,1.3425,44197.24,0.0,0.0,0
15m,1780236000.0,1.3425,1.3441,1.3355,1.3376,576385.31,0.0,0.0,0
15m,1780236900.0,1.3376,1.34,1.3279,1.3308,1524401.49,0.0,0.0,0
15m,1780237800.0,1.3308,1.3329,1.3281,1.3292,249426.64,0.0,0.0,0
15m,1780238700.0,1.3292,1.3319,1.3292,1.3303,128704.11,0.0,0.0,0
15m,1780239600.0,1.3303,1.3325,1.33,1.3324,74989.4,0.0,0.0,0
15m,1780240500.0,1.3324,1.3349,1.3309,1.3338,68876.78,0.0,0.0,0
15m,1780241400.0,1.3338,1.3346,1.3302,1.3307,99013.89,0.0,0.0,0
15m,1780242300.0,1.3307,1.3314,1.329,1.3306,136270.26,0.0,0.0,0
15m,1780243200.0,1.3306,1.3326,1.3276,1.3283,373571.06,0.0,0.0,0
15m,1780244100.0,1.3283,1.3295,1.3217,1.3289,1167963.36,0.0,0.0,0
15m,1780245000.0,1.3289,1.3297,1.3238,1.3268,688760.22,0.0,0.0,0
15m,1780245900.0,1.3268,1.3278,1.3257,1.3278,58556.33,0.0,0.0,0
15m,1780246800.0,1.3278,1.3298,1.3275,1.3278,194810.27,0.0,0.0,0
15m,1780247700.0,1.3278,1.3305,1.3278,1.3296,92763.39,0.0,0.0,0
15m,1780248600.0,1.3296,1.3318,1.3296,1.3316,22520.72,0.0,0.0,0
15m,1780249500.0,1.3316,1.332,1.3304,1.3309,55973.4,0.0,0.0,0
15m,1780250400.0,1.3309,1.3311,1.3286,1.3286,55044.6,0.0,0.0,0
15m,1780251300.0,1.3286,1.3287,1.327,1.3283,64623.36,0.0,0.0,0
15m,1780252200.0,1.3283,1.3303,1.3275,1.3279,62267.38,0.0,0.0,0
15m,1780253100.0,1.3279,1.3282,1.3261,1.3275,63566.32,0.0,0.0,0
15m,1780254000.0,1.3275,1.3281,1.3246,1.3246,54528.36,0.0,0.0,0
15m,1780254900.0,1.3246,1.3259,1.3226,1.324,82321.39,0.0,0.0,0
15m,1780255800.0,1.324,1.3252,1.3208,1.3249,192118.52,0.0,0.0,0
15m,1780256700.0,1.3249,1.3272,1.3245,1.3264,38145.57,0.0,0.0,0
15m,1780257600.0,1.3264,1.3294,1.3263,1.3291,169831.69,0.0,0.0,0
15m,1780258500.0,1.3291,1.3306,1.3288,1.3296,43187.31,0.0,0.0,0
15m,1780259400.0,1.3296,1.3301,1.3282,1.3284,53687.46,0.0,0.0,0
15m,1780260300.0,1.3284,1.3313,1.3283,1.3309,41103.32,0.0,0.0,0
15m,1780261200.0,1.3309,1.3312,1.3292,1.3297,180780.69,0.0,0.0,0
15m,1780262100.0,1.3297,1.3317,1.3296,1.3296,59336.47,0.0,0.0,0
15m,1780263000.0,1.3296,1.3342,1.3296,1.3331,94415.49,0.0,0.0,0
15m,1780263900.0,1.3331,1.335,1.333,1.3346,82251.32,0.0,0.0,0
15m,1780264800.0,1.3346,1.3375,1.3314,1.3375,404926.72,0.0,0.0,0
15m,1780265700.0,1.3375,1.3401,1.3347,1.3354,246917.24,0.0,0.0,0
15m,1780266600.0,1.3354,1.3389,1.3353,1.3366,188392.32,0.0,0.0,0
15m,1780267500.0,1.3366,1.3386,1.3366,1.337,105002.92,0.0,0.0,0
15m,1780268400.0,1.337,1.3425,1.3367,1.3367,166511.91,0.0,0.0,0
15m,1780269300.0,1.3367,1.3376,1.3327,1.3335,216432.59,0.0,0.0,0
15m,1780270200.0,1.3335,1.3336,1.3276,1.3292,451916.94,0.0,0.0,0
15m,1780271100.0,1.3292,1.3336,1.3288,1.333,71229.04,0.0,0.0,0
15m,1780272000.0,1.333,1.338,1.3325,1.3339,230460.11,0.0,0.0,0
15m,1780272900.0,1.3339,1.3368,1.3308,1.3366,132025.45,0.0,0.0,0
15m,1780273800.0,1.3366,1.3395,1.3341,1.3378,242659.3,0.0,0.0,0
15m,1780274700.0,1.3378,1.3412,1.3371,1.3378,204449.72,0.0,0.0,0
15m,1780275600.0,1.3378,1.3389,1.3306,1.3306,145327.4,0.0,0.0,0
15m,1780276500.0,1.3306,1.3331,1.3277,1.3289,176561.06,0.0,0.0,0
15m,1780277400.0,1.3289,1.3302,1.3257,1.3262,177078.58,0.0,0.0,0
15m,1780278300.0,1.3262,1.3293,1.3218,1.322,307822.4,0.0,0.0,0
15m,1780279200.0,1.322,1.3285,1.3193,1.3276,423646.42,0.0,0.0,0
15m,1780280100.0,1.3276,1.3281,1.3232,1.3247,115557.33,0.0,0.0,0
15m,1780281000.0,1.3247,1.3347,1.3231,1.3312,377073.16,0.0,0.0,0
15m,1780281900.0,1.3312,1.3335,1.3304,1.331,217995.68,0.0,0.0,0
15m,1780282800.0,1.331,1.3357,1.3307,1.3329,242017.76,0.0,0.0,0
15m,1780283700.0,1.3329,1.3339,1.3296,1.3331,267118.65,0.0,0.0,0
15m,1780284600.0,1.3331,1.3352,1.3306,1.3326,147378.14,0.0,0.0,0
15m,1780285500.0,1.3326,1.3332,1.3298,1.3308,55915.8,0.0,0.0,0
15m,1780286400.0,1.3308,1.3332,1.3263,1.3273,90859.73,0.0,0.0,0
15m,1780287300.0,1.3273,1.3279,1.3213,1.3215,205423.79,0.0,0.0,0
15m,1780288200.0,1.3215,1.3249,1.3213,1.3242,170946.22,0.0,0.0,0
15m,1780289100.0,1.3242,1.3244,1.3173,1.3223,348179.54,0.0,0.0,0
15m,1780290000.0,1.3223,1.3233,1.3189,1.3207,233657.94,0.0,0.0,0
15m,1780290900.0,1.3207,1.3227,1.3166,1.3171,144108.56,0.0,0.0,0
15m,1780291800.0,1.3171,1.3207,1.3156,1.3206,308798.48,0.0,0.0,0
15m,1780292700.0,1.3206,1.3211,1.3162,1.3165,266469.34,0.0,0.0,0
15m,1780293600.0,1.3165,1.317,1.3127,1.3144,128979.37,0.0,0.0,0
15m,1780294500.0,1.3144,1.3158,1.3127,1.3134,220284.51,0.0,0.0,0
15m,1780295400.0,1.3134,1.3153,1.3097,1.3107,223050.23,0.0,0.0,0
15m,1780296300.0,1.3107,1.3169,1.3103,1.3141,746176.65,0.0,0.0,0
15m,1780297200.0,1.3141,1.3154,1.3117,1.3125,195399.69,0.0,0.0,0
15m,1780298100.0,1.3125,1.313,1.3085,1.3085,303811.61,0.0,0.0,0
15m,1780299000.0,1.3085,1.3087,1.3061,1.3081,395228.16,0.0,0.0,0
15m,1780299900.0,1.3081,1.3094,1.3031,1.3038,393676.08,0.0,0.0,0
15m,1780300800.0,1.3038,1.3077,1.303,1.3062,190458.84,0.0,0.0,0
15m,1780301700.0,1.3062,1.3066,1.3,1.3015,278860.16,0.0,0.0,0
15m,1780302600.0,1.3015,1.3044,1.2989,1.3011,588767.62,0.0,0.0,0
15m,1780303500.0,1.3011,1.303,1.2999,1.303,128562.6,0.0,0.0,0
15m,1780304400.0,1.303,1.3072,1.303,1.3066,205917.66,0.0,0.0,0
15m,1780305300.0,1.3066,1.3098,1.3061,1.3062,137448.52,0.0,0.0,0
15m,1780306200.0,1.3062,1.3074,1.3048,1.306,100753.4,0.0,0.0,0
15m,1780307100.0,1.306,1.3085,1.3041,1.3046,225773.58,0.0,0.0,0
15m,1780308000.0,1.3046,1.3054,1.3026,1.3034,160467.63,0.0,0.0,0
15m,1780308900.0,1.3034,1.3046,1.3017,1.3023,154309.64,0.0,0.0,0
15m,1780309800.0,1.3023,1.3049,1.3017,1.3041,138256.4,0.0,0.0,0
15m,1780310700.0,1.3041,1.3078,1.3041,1.3058,95371.01,0.0,0.0,0
15m,1780311600.0,1.3058,1.308,1.3051,1.3055,113633.65,0.0,0.0,0
15m,1780312500.0,1.3055,1.3076,1.3053,1.3055,116198.92,0.0,0.0,0
15m,1780313400.0,1.3055,1.3076,1.3049,1.3064,108706.2,0.0,0.0,0
15m,1780314300.0,1.3064,1.3066,1.3011,1.3035,244020.39,0.0,0.0,0
15m,1780315200.0,1.3035,1.3057,1.2962,1.3004,549989.35,0.0,0.0,0
15m,1780316100.0,1.3004,1.3064,1.3004,1.3057,230143.51,0.0,0.0,0
15m,1780317000.0,1.3057,1.306,1.3024,1.3059,139023.5,0.0,0.0,0
15m,1780317900.0,1.3059,1.3063,1.3017,1.3027,151509.4,0.0,0.0,0
15m,1780318800.0,1.3027,1.3033,1.2941,1.2967,636354.82,0.0,0.0,0
15m,1780319700.0,1.2967,1.3019,1.2953,1.2972,445709.93,0.0,0.0,0
15m,1780320600.0,1.2972,1.3007,1.2929,1.2942,680061.63,0.0,0.0,0
15m,1780321500.0,1.2942,1.2979,1.2863,1.2906,2594627.07,0.0,0.0,0
15m,1780322400.0,1.2906,1.293,1.2841,1.2873,827778.57,0.0,0.0,0
15m,1780323300.0,1.2873,1.2882,1.2832,1.2835,604567.15,0.0,0.0,0
15m,1780324200.0,1.2835,1.2872,1.2821,1.2858,458705.48,0.0,0.0,0
15m,1780325100.0,1.2858,1.2878,1.2837,1.2861,194218.55,0.0,0.0,0
15m,1780326000.0,1.2861,1.2875,1.2843,1.2856,299828.54,0.0,0.0,0
15m,1780326900.0,1.2856,1.286,1.2799,1.2812,538837.03,0.0,0.0,0
15m,1780327800.0,1.2812,1.2903,1.281,1.2868,916312.74,0.0,0.0,0
15m,1780328700.0,1.2868,1.2878,1.2817,1.2822,144219.55,0.0,0.0,0
15m,1780329600.0,1.2822,1.2857,1.2797,1.2835,343377.03,0.0,0.0,0
15m,1780330500.0,1.2835,1.2869,1.2826,1.2869,273764.49,0.0,0.0,0
15m,1780331400.0,1.2869,1.2904,1.286,1.2891,342939.44,0.0,0.0,0
15m,1780332300.0,1.2891,1.2941,1.2891,1.294,343515.46,0.0,0.0,0
15m,1780333200.0,1.294,1.299,1.2934,1.2976,268231.69,0.0,0.0,0
15m,1780334100.0,1.2976,1.3041,1.2953,1.3036,612605.78,0.0,0.0,0
15m,1780335000.0,1.3036,1.3053,1.2999,1.3036,902000.5,0.0,0.0,0
15m,1780335900.0,1.3036,1.3046,1.3003,1.3007,167623.98,0.0,0.0,0
15m,1780336800.0,1.3007,1.3017,1.2964,1.2968,157249.61,0.0,0.0,0
15m,1780337700.0,1.2968,1.2995,1.2952,1.2995,48874.1,0.0,0.0,0
15m,1780338600.0,1.2995,1.3032,1.2985,1.2985,173200.74,0.0,0.0,0
15m,1780339500.0,1.2985,1.2988,1.2959,1.2963,114867.89,0.0,0.0,0
15m,1780340400.0,1.2963,1.2966,1.2944,1.296,81935.07,0.0,0.0,0
15m,1780341300.0,1.296,1.2996,1.2947,1.2994,127739.83,0.0,0.0,0
15m,1780342200.0,1.2994,1.3013,1.2983,1.3009,61656.12,0.0,0.0,0
15m,1780343100.0,1.3009,1.3009,1.2986,1.3001,60261.45,0.0,0.0,0
15m,1780344000.0,1.3001,1.3005,1.2964,1.2978,97809.77,0.0,0.0,0
15m,1780344900.0,1.2978,1.2992,1.296,1.2971,75773.19,0.0,0.0,0
15m,1780345800.0,1.2971,1.3005,1.2958,1.2998,530894.35,0.0,0.0,0
15m,1780346700.0,1.2998,1.3006,1.2973,1.299,132136.9,0.0,0.0,0
15m,1780347600.0,1.299,1.299,1.2931,1.2953,189270.91,0.0,0.0,0
15m,1780348500.0,1.2953,1.2955,1.2914,1.294,100573.87,0.0,0.0,0
15m,1780349400.0,1.294,1.2943,1.2918,1.2921,80006.58,0.0,0.0,0
15m,1780350300.0,1.2921,1.2939,1.2913,1.2917,90338.73,0.0,0.0,0
15m,1780351200.0,1.2917,1.2917,1.2866,1.2899,232637.44,0.0,0.0,0
15m,1780352100.0,1.2899,1.2961,1.2893,1.2952,232491.68,0.0,0.0,0
15m,1780353000.0,1.2952,1.2955,1.2897,1.2924,104188.78,0.0,0.0,0
15m,1780353900.0,1.2924,1.3012,1.2924,1.3004,480551.95,0.0,0.0,0
15m,1780354800.0,1.3004,1.301,1.2984,1.2989,146423.33,0.0,0.0,0
15m,1780355700.0,1.2989,1.3016,1.2949,1.2949,201837.55,0.0,0.0,0
15m,1780356600.0,1.2949,1.2999,1.2931,1.2984,204155.77,0.0,0.0,0
15m,1780357500.0,1.2984,1.299,1.2953,1.2972,128372.08,0.0,0.0,0
15m,1780358400.0,1.2972,1.2972,1.2937,1.2937,120855.51,0.0,0.0,0
15m,1780359300.0,1.2937,1.2946,1.2884,1.2899,234938.38,0.0,0.0,0
15m,1780360200.0,1.2899,1.2934,1.2896,1.2913,108553.15,0.0,0.0,0
15m,1780361100.0,1.2913,1.2914,1.2886,1.2891,64553.41,0.0,0.0,0
15m,1780362000.0,1.2891,1.2907,1.2852,1.2894,222707.32,0.0,0.0,0
15m,1780362900.0,1.2894,1.2904,1.2844,1.2847,221231.15,0.0,0.0,0
15m,1780363800.0,1.2847,1.2863,1.2799,1.2848,804849.14,0.0,0.0,0
15m,1780364700.0,1.2848,1.285,1.2792,1.2797,322385.68,0.0,0.0,0
15m,1780365600.0,1.2797,1.2822,1.2683,1.2758,1106290.37,0.0,0.0,0
15m,1780366500.0,1.2758,1.2857,1.2735,1.2836,424595.94,0.0,0.0,0
15m,1780367400.0,1.2836,1.2851,1.2776,1.2779,206840.89,0.0,0.0,0
15m,1780368300.0,1.2779,1.2844,1.277,1.2844,266471.62,0.0,0.0,0
15m,1780369200.0,1.2844,1.2879,1.2821,1.2853,206019.81,0.0,0.0,0
15m,1780370100.0,1.2853,1.2869,1.2821,1.2853,406511.17,0.0,0.0,0
15m,1780371000.0,1.2853,1.2872,1.2838,1.2868,89865.12,0.0,0.0,0
15m,1780371900.0,1.2868,1.2891,1.2854,1.2881,73061.91,0.0,0.0,0
15m,1780372800.0,1.2881,1.2897,1.2806,1.2822,271757.83,0.0,0.0,0
15m,1780373700.0,1.2822,1.2878,1.2822,1.2876,167783.52,0.0,0.0,0
15m,1780374600.0,1.2876,1.2893,1.2859,1.2863,149471.78,0.0,0.0,0
15m,1780375500.0,1.2863,1.2863,1.2798,1.2802,653695.92,0.0,0.0,0
15m,1780376400.0,1.2802,1.2811,1.2719,1.2765,903452.69,0.0,0.0,0
15m,1780377300.0,1.2765,1.2766,1.2711,1.2712,261578.98,0.0,0.0,0
15m,1780378200.0,1.2712,1.2744,1.2683,1.2726,585459.31,0.0,0.0,0
15m,1780379100.0,1.2726,1.2727,1.2665,1.2677,567187.49,0.0,0.0,0
15m,1780380000.0,1.2677,1.2707,1.2667,1.2683,437706.81,0.0,0.0,0
15m,1780380900.0,1.2683,1.2713,1.2663,1.2704,1079961.77,0.0,0.0,0
15m,1780381800.0,1.2704,1.2724,1.2701,1.2701,222945.22,0.0,0.0,0
15m,1780382700.0,1.2701,1.2718,1.2628,1.2658,630109.19,0.0,0.0,0
15m,1780383600.0,1.2658,1.2686,1.2586,1.2679,1249061.14,0.0,0.0,0
15m,1780384500.0,1.2679,1.2717,1.2643,1.2664,272585.23,0.0,0.0,0
15m,1780385400.0,1.2664,1.272,1.2656,1.2699,281957.71,0.0,0.0,0
15m,1780386300.0,1.2699,1.2699,1.2674,1.2682,168643.08,0.0,0.0,0
15m,1780387200.0,1.2682,1.2694,1.2645,1.2686,521238.57,0.0,0.0,0
15m,1780388100.0,1.2686,1.2689,1.2647,1.2671,242545.6,0.0,0.0,0
15m,1780389000.0,1.2671,1.2676,1.263,1.2633,169653.65,0.0,0.0,0
15m,1780389900.0,1.2633,1.2652,1.2623,1.2647,197499.22,0.0,0.0,0
15m,1780390800.0,1.2647,1.2652,1.2595,1.2599,645141.6,0.0,0.0,0
15m,1780391700.0,1.2599,1.2621,1.2569,1.2592,596963.42,0.0,0.0,0
15m,1780392600.0,1.2592,1.2621,1.2585,1.2615,490491.03,0.0,0.0,0
15m,1780393500.0,1.2615,1.2626,1.2589,1.2598,139441.27,0.0,0.0,0
15m,1780394400.0,1.2598,1.2649,1.2575,1.2642,233536.46,0.0,0.0,0
15m,1780395300.0,1.2642,1.265,1.2633,1.2647,181852.49,0.0,0.0,0
15m,1780396200.0,1.2647,1.2654,1.262,1.2634,86085.73,0.0,0.0,0
15m,1780397100.0,1.2634,1.2681,1.2633,1.2673,95910.28,0.0,0.0,0
15m,1780398000.0,1.2673,1.2673,1.2636,1.264,208071.78,0.0,0.0,0
15m,1780398900.0,1.264,1.264,1.2607,1.2617,298109.38,0.0,0.0,0
15m,1780399800.0,1.2617,1.2619,1.259,1.2601,214610.06,0.0,0.0,0
15m,1780400700.0,1.2601,1.2643,1.2596,1.261,187820.1,0.0,0.0,0
15m,1780401600.0,1.261,1.2634,1.259,1.2607,407379.55,0.0,0.0,0
15m,1780402500.0,1.2607,1.2626,1.2586,1.2621,199985.0,0.0,0.0,0
15m,1780403400.0,1.2621,1.2656,1.2601,1.2655,383240.5,0.0,0.0,0
15m,1780404300.0,1.2655,1.266,1.2633,1.2637,221836.01,0.0,0.0,0
15m,1780405200.0,1.2637,1.2662,1.2631,1.2638,165192.55,0.0,0.0,0
15m,1780406100.0,1.2638,1.2687,1.2638,1.2656,181140.25,0.0,0.0,0
15m,1780407000.0,1.2656,1.2671,1.2613,1.263,619210.35,0.0,0.0,0
15m,1780407900.0,1.263,1.2657,1.2598,1.2618,515883.68,0.0,0.0,0
15m,1780408800.0,1.2618,1.262,1.2517,1.2587,1766854.71,0.0,0.0,0
15m,1780409700.0,1.2587,1.2587,1.2275,1.2331,5314740.32,0.0,0.0,0
15m,1780410600.0,1.2331,1.2461,1.2319,1.2372,1702863.27,0.0,0.0,0
15m,1780411500.0,1.2372,1.2428,1.2319,1.2351,1293047.47,0.0,0.0,0
15m,1780412400.0,1.2351,1.2373,1.2293,1.2318,1746123.02,0.0,0.0,0
15m,1780413300.0,1.2318,1.2348,1.2238,1.2267,3025785.63,0.0,0.0,0
15m,1780414200.0,1.2267,1.2283,1.2168,1.2256,4935283.76,0.0,0.0,0
15m,1780415100.0,1.2256,1.2288,1.2168,1.2221,1182121.1,0.0,0.0,0
15m,1780416000.0,1.2221,1.2374,1.2195,1.2374,1668509.48,0.0,0.0,0
15m,1780416900.0,1.2374,1.2437,1.2342,1.2386,984074.97,0.0,0.0,0
15m,1780417800.0,1.2386,1.2392,1.2342,1.2376,635949.19,0.0,0.0,0
15m,1780418700.0,1.2376,1.2419,1.2321,1.2327,454786.24,0.0,0.0,0
15m,1780419600.0,1.2327,1.2383,1.2316,1.2381,657029.59,0.0,0.0,0
15m,1780420500.0,1.2381,1.2417,1.2364,1.2406,296932.93,0.0,0.0,0
15m,1780421400.0,1.2406,1.2436,1.2381,1.239,329164.07,0.0,0.0,0
15m,1780422300.0,1.239,1.2392,1.2358,1.2364,344296.75,0.0,0.0,0
15m,1780423200.0,1.2364,1.2405,1.2329,1.2332,319691.71,0.0,0.0,0
15m,1780424100.0,1.2332,1.2347,1.2239,1.2242,717755.97,0.0,0.0,0
15m,1780425000.0,1.2242,1.2269,1.2221,1.2231,681257.4,0.0,0.0,0
15m,1780425900.0,1.2231,1.2244,1.2179,1.224,617795.25,0.0,0.0,0
15m,1780426800.0,1.224,1.2266,1.2209,1.2214,368136.25,0.0,0.0,0
15m,1780427700.0,1.2214,1.2222,1.2146,1.2162,1144039.63,0.0,0.0,0
15m,1780428600.0,1.2162,1.2177,1.2061,1.2169,2595985.52,0.0,0.0,0
15m,1780429500.0,1.2169,1.2309,1.2166,1.2216,791656.79,0.0,0.0,0
15m,1780430400.0,1.2216,1.2277,1.2195,1.2228,575893.24,0.0,0.0,0
15m,1780431300.0,1.2228,1.2228,1.2129,1.2151,490712.76,0.0,0.0,0
15m,1780432200.0,1.2151,1.2208,1.215,1.2173,434602.48,0.0,0.0,0
15m,1780433100.0,1.2173,1.2246,1.2171,1.2232,434963.33,0.0,0.0,0
15m,1780434000.0,1.2232,1.2283,1.2197,1.2221,644329.54,0.0,0.0,0
15m,1780434900.0,1.2221,1.2313,1.2221,1.2311,589203.03,0.0,0.0,0
15m,1780435800.0,1.2311,1.2323,1.2278,1.2287,656358.27,0.0,0.0,0
15m,1780436700.0,1.2287,1.2293,1.2257,1.2264,438817.83,0.0,0.0,0
15m,1780437600.0,1.2264,1.2264,1.2177,1.2186,617278.14,0.0,0.0,0
15m,1780438500.0,1.2186,1.2251,1.2136,1.2212,772290.07,0.0,0.0,0
15m,1780439400.0,1.2212,1.2217,1.2134,1.2156,550569.18,0.0,0.0,0
15m,1780440300.0,1.2156,1.2156,1.1945,1.2009,2902396.45,0.0,0.0,0
15m,1780441200.0,1.2009,1.2105,1.1981,1.2096,1429558.81,0.0,0.0,0
15m,1780442100.0,1.2096,1.2105,1.1971,1.2007,1546477.26,0.0,0.0,0
15m,1780443000.0,1.2007,1.2101,1.1986,1.2095,1223231.64,0.0,0.0,0
15m,1780443900.0,1.2095,1.2125,1.2074,1.2115,500512.85,0.0,0.0,0
15m,1780444800.0,1.2115,1.2217,1.2115,1.2211,1022419.78,0.0,0.0,0
15m,1780445700.0,1.2211,1.2253,1.2196,1.2206,836414.76,0.0,0.0,0
15m,1780446600.0,1.2206,1.2255,1.2192,1.2252,390413.48,0.0,0.0,0
15m,1780447500.0,1.2252,1.2255,1.2225,1.2243,534942.51,0.0,0.0,0
15m,1780448400.0,1.2243,1.2278,1.2228,1.2266,420815.69,0.0,0.0,0
15m,1780449300.0,1.2266,1.2306,1.2256,1.2305,354913.05,0.0,0.0,0
15m,1780450200.0,1.2305,1.2317,1.2193,1.2203,803282.06,0.0,0.0,0
15m,1780451100.0,1.2203,1.2277,1.2183,1.2233,974743.29,0.0,0.0,0
15m,1780452000.0,1.2233,1.2244,1.2203,1.2211,308540.99,0.0,0.0,0
15m,1780452900.0,1.2211,1.2235,1.2185,1.2191,201853.97,0.0,0.0,0
15m,1780453800.0,1.2191,1.224,1.2174,1.2211,1031112.73,0.0,0.0,0
15m,1780454700.0,1.2211,1.2225,1.2185,1.2207,253106.08,0.0,0.0,0
15m,1780455600.0,1.2207,1.2236,1.2175,1.219,471370.04,0.0,0.0,0
15m,1780456500.0,1.219,1.2207,1.2089,1.2097,1370506.45,0.0,0.0,0
15m,1780457400.0,1.2097,1.2121,1.1957,1.196,1287014.83,0.0,0.0,0
15m,1780458300.0,1.196,1.2011,1.1897,1.1977,2613419.64,0.0,0.0,0
15m,1780459200.0,1.1977,1.2128,1.1976,1.2084,1189623.74,0.0,0.0,0
15m,1780460100.0,1.2084,1.2167,1.2078,1.2131,414449.23,0.0,0.0,0
15m,1780461000.0,1.2131,1.2159,1.2072,1.2146,970477.14,0.0,0.0,0
15m,1780461900.0,1.2146,1.219,1.2114,1.2185,1066757.04,0.0,0.0,0
15m,1780462800.0,1.2185,1.2331,1.2185,1.2315,1249130.95,0.0,0.0,0
15m,1780463700.0,1.2315,1.2328,1.2273,1.2308,533120.11,0.0,0.0,0
15m,1780464600.0,1.2308,1.2311,1.2249,1.2298,708500.59,0.0,0.0,0
15m,1780465500.0,1.2298,1.2348,1.2292,1.2325,530095.25,0.0,0.0,0
15m,1780466400.0,1.2325,1.2354,1.2317,1.2344,303291.06,0.0,0.0,0
15m,1780467300.0,1.2344,1.2415,1.2344,1.24,1276933.69,0.0,0.0,0
15m,1780468200.0,1.24,1.2465,1.2386,1.2441,485732.46,0.0,0.0,0
15m,1780469100.0,1.2441,1.2446,1.2383,1.2388,577042.21,0.0,0.0,0
15m,1780470000.0,1.2388,1.245,1.2377,1.2442,424803.55,0.0,0.0,0
15m,1780470900.0,1.2442,1.2492,1.2436,1.2455,557081.05,0.0,0.0,0
15m,1780471800.0,1.2455,1.2471,1.2435,1.2457,384379.56,0.0,0.0,0
15m,1780472700.0,1.2457,1.2472,1.2431,1.2431,197677.8,0.0,0.0,0
15m,1780473600.0,1.2431,1.2431,1.2387,1.2391,677426.02,0.0,0.0,0
15m,1780474500.0,1.2391,1.242,1.2388,1.241,385768.55,0.0,0.0,0
15m,1780475400.0,1.241,1.244,1.2397,1.2423,371021.7,0.0,0.0,0
15m,1780476300.0,1.2423,1.2456,1.2401,1.2428,250617.69,0.0,0.0,0
15m,1780477200.0,1.2428,1.2445,1.2409,1.2415,282630.53,0.0,0.0,0
15m,1780478100.0,1.2415,1.2417,1.2374,1.2392,327037.0,0.0,0.0,0
15m,1780479000.0,1.2392,1.2405,1.2363,1.2367,276737.44,0.0,0.0,0
15m,1780479900.0,1.2367,1.2453,1.2353,1.2383,1294830.89,0.0,0.0,0
15m,1780480800.0,1.2383,1.245,1.2379,1.2408,418670.34,0.0,0.0,0
15m,1780481700.0,1.2408,1.2429,1.2386,1.2427,226477.46,0.0,0.0,0
15m,1780482600.0,1.2427,1.2439,1.2406,1.2412,263724.5,0.0,0.0,0
15m,1780483500.0,1.2412,1.243,1.2406,1.242,118820.29,0.0,0.0,0
15m,1780484400.0,1.242,1.2444,1.2417,1.2444,222997.52,0.0,0.0,0
15m,1780485300.0,1.2444,1.245,1.2426,1.2435,336105.31,0.0,0.0,0
15m,1780486200.0,1.2435,1.2435,1.2393,1.2394,249810.6,0.0,0.0,0
15m,1780487100.0,1.2394,1.2396,1.2339,1.237,519761.52,0.0,0.0,0
15m,1780488000.0,1.237,1.2374,1.2337,1.2349,351852.87,0.0,0.0,0
15m,1780488900.0,1.2349,1.2366,1.2309,1.2357,697381.18,0.0,0.0,0
15m,1780489800.0,1.2357,1.2378,1.2312,1.2333,343623.22,0.0,0.0,0
15m,1780490700.0,1.2333,1.2365,1.232,1.2356,288380.18,0.0,0.0,0
15m,1780491600.0,1.2356,1.2381,1.2323,1.2338,340259.84,0.0,0.0,0
15m,1780492500.0,1.2338,1.237,1.2293,1.2294,376274.6,0.0,0.0,0
15m,1780493400.0,1.2294,1.2357,1.2267,1.2274,869620.89,0.0,0.0,0
15m,1780494300.0,1.2274,1.2324,1.2261,1.2309,665087.41,0.0,0.0,0
15m,1780495200.0,1.2309,1.2326,1.2277,1.2326,427610.87,0.0,0.0,0
15m,1780496100.0,1.2326,1.234,1.2224,1.225,1065315.3,0.0,0.0,0
15m,1780497000.0,1.225,1.2337,1.2219,1.229,694487.31,0.0,0.0,0
15m,1780497900.0,1.229,1.232,1.2278,1.2309,259980.3,0.0,0.0,0
15m,1780498800.0,1.2309,1.232,1.2258,1.2268,413616.7,0.0,0.0,0
15m,1780499700.0,1.2268,1.2302,1.2213,1.2282,1098889.58,0.0,0.0,0
15m,1780500600.0,1.2282,1.2297,1.2222,1.2246,484987.65,0.0,0.0,0
15m,1780501500.0,1.2246,1.227,1.221,1.2252,260459.53,0.0,0.0,0
15m,1780502400.0,1.2252,1.2286,1.2195,1.2219,885204.4,0.0,0.0,0
15m,1780503300.0,1.2219,1.2245,1.2089,1.2118,1601918.91,0.0,0.0,0
15m,1780504200.0,1.2118,1.2189,1.2106,1.2183,440789.85,0.0,0.0,0
15m,1780505100.0,1.2183,1.2234,1.2162,1.2228,660381.19,0.0,0.0,0
15m,1780506000.0,1.2228,1.2247,1.2135,1.2163,599758.84,0.0,0.0,0
15m,1780506900.0,1.2163,1.2216,1.2162,1.2206,276717.44,0.0,0.0,0
15m,1780507800.0,1.2206,1.2289,1.22,1.2263,461596.32,0.0,0.0,0
15m,1780508700.0,1.2263,1.2263,1.2195,1.2215,319520.86,0.0,0.0,0
15m,1780509600.0,1.2215,1.2248,1.22,1.2216,294652.95,0.0,0.0,0
15m,1780510500.0,1.2216,1.2216,1.2131,1.217,497713.0,0.0,0.0,0
15m,1780511400.0,1.217,1.2204,1.2137,1.2182,227801.34,0.0,0.0,0
15m,1780512300.0,1.2182,1.22,1.2169,1.2186,188917.62,0.0,0.0,0
15m,1780513200.0,1.2186,1.2198,1.2169,1.2185,233024.36,0.0,0.0,0
15m,1780514100.0,1.2185,1.2189,1.205,1.207,1024861.72,0.0,0.0,0
15m,1780515000.0,1.207,1.2127,1.2037,1.2121,387344.08,0.0,0.0,0
15m,1780515900.0,1.2121,1.2134,1.202,1.2041,1227228.52,0.0,0.0,0
15m,1780516800.0,1.2041,1.2082,1.2,1.2065,1247605.02,0.0,0.0,0
15m,1780517700.0,1.2065,1.2065,1.1995,1.2048,630160.62,0.0,0.0,0
15m,1780518600.0,1.2048,1.2071,1.1967,1.197,1406487.7,0.0,0.0,0
15m,1780519500.0,1.197,1.1985,1.1864,1.1939,1927239.14,0.0,0.0,0
15m,1780520400.0,1.1939,1.2068,1.1917,1.203,1163376.19,0.0,0.0,0
15m,1780521300.0,1.203,1.2087,1.2028,1.2084,241421.99,0.0,0.0,0
15m,1780522200.0,1.2084,1.2154,1.2075,1.213,697960.67,0.0,0.0,0
15m,1780523100.0,1.213,1.2205,1.2121,1.2183,441828.75,0.0,0.0,0
15m,1780524000.0,1.2183,1.2204,1.213,1.214,367289.04,0.0,0.0,0
15m,1780524900.0,1.214,1.2145,1.2092,1.2135,349491.54,0.0,0.0,0
15m,1780525800.0,1.2135,1.2135,1.208,1.2104,472737.27,0.0,0.0,0
15m,1780526700.0,1.2104,1.2104,1.2042,1.2062,439749.73,0.0,0.0,0
15m,1780527600.0,1.2062,1.2074,1.1978,1.2009,735185.91,0.0,0.0,0
15m,1780528500.0,1.2009,1.2036,1.1987,1.2029,297280.89,0.0,0.0,0
15m,1780529400.0,1.2029,1.2063,1.2018,1.2025,252144.79,0.0,0.0,0
15m,1780530300.0,1.2025,1.2036,1.2007,1.2012,157805.7,0.0,0.0,0
15m,1780531200.0,1.2012,1.2075,1.2009,1.2069,556004.2,0.0,0.0,0
15m,1780532100.0,1.2069,1.208,1.1874,1.1875,1236670.9,0.0,0.0,0
15m,1780533000.0,1.1875,1.1987,1.1867,1.1977,2665980.05,0.0,0.0,0
15m,1780533900.0,1.1977,1.198,1.1879,1.1935,1141719.14,0.0,0.0,0
15m,1780534800.0,1.1935,1.1965,1.1858,1.1863,1550590.5,0.0,0.0,0
15m,1780535700.0,1.1863,1.1871,1.1683,1.1703,3878455.51,0.0,0.0,0
15m,1780536600.0,1.1703,1.1813,1.1697,1.1734,2808673.39,0.0,0.0,0
15m,1780537500.0,1.1734,1.174,1.1562,1.1613,4025332.08,0.0,0.0,0
15m,1780538400.0,1.1613,1.1665,1.1413,1.1643,5997202.63,0.0,0.0,0
15m,1780539300.0,1.1643,1.1814,1.1586,1.178,2242193.09,0.0,0.0,0
15m,1780540200.0,1.178,1.1847,1.1754,1.1829,1517879.57,0.0,0.0,0
15m,1780541100.0,1.1829,1.1872,1.18,1.1816,1320055.4,0.0,0.0,0
15m,1780542000.0,1.1816,1.2016,1.1815,1.2009,2223129.16,0.0,0.0,0
15m,1780542900.0,1.2009,1.2063,1.1986,1.1992,2041416.65,0.0,0.0,0
15m,1780543800.0,1.1992,1.2098,1.1989,1.2081,1654017.76,0.0,0.0,0
15m,1780544700.0,1.2081,1.2115,1.206,1.2093,889995.27,0.0,0.0,0
15m,1780545600.0,1.2093,1.2133,1.2061,1.211,1653007.55,0.0,0.0,0
15m,1780546500.0,1.211,1.2122,1.207,1.207,494688.06,0.0,0.0,0
15m,1780547400.0,1.207,1.2081,1.2017,1.2057,652680.51,0.0,0.0,0
15m,1780548300.0,1.2057,1.2069,1.2004,1.2018,1202734.4,0.0,0.0,0
15m,1780549200.0,1.2018,1.2018,1.1868,1.191,1552967.62,0.0,0.0,0
15m,1780550100.0,1.191,1.192,1.1842,1.1859,908645.64,0.0,0.0,0
15m,1780551000.0,1.1859,1.1968,1.1847,1.1947,842102.75,0.0,0.0,0
15m,1780551900.0,1.1947,1.1947,1.1866,1.188,399562.57,0.0,0.0,0
15m,1780552800.0,1.188,1.1947,1.1865,1.1936,328770.65,0.0,0.0,0
15m,1780553700.0,1.1936,1.2003,1.193,1.1964,553388.67,0.0,0.0,0
15m,1780554600.0,1.1964,1.1994,1.192,1.1956,836152.97,0.0,0.0,0
15m,1780555500.0,1.1956,1.1956,1.1885,1.1892,548655.28,0.0,0.0,0
15m,1780556400.0,1.1892,1.1903,1.1801,1.1821,775901.82,0.0,0.0,0
15m,1780557300.0,1.1821,1.1829,1.172,1.1765,1209158.57,0.0,0.0,0
15m,1780558200.0,1.1765,1.1811,1.1746,1.1768,1334623.68,0.0,0.0,0
15m,1780559100.0,1.1768,1.1771,1.1675,1.168,805074.38,0.0,0.0,0
15m,1780560000.0,1.168,1.1724,1.1615,1.1618,1172394.56,0.0,0.0,0
15m,1780560900.0,1.1618,1.168,1.1611,1.165,1167408.36,0.0,0.0,0
15m,1780561800.0,1.165,1.1715,1.1625,1.1639,1135215.21,0.0,0.0,0
15m,1780562700.0,1.1639,1.1712,1.1638,1.1678,416541.21,0.0,0.0,0
15m,1780563600.0,1.1678,1.1683,1.1538,1.1565,952815.47,0.0,0.0,0
15m,1780564500.0,1.1565,1.1565,1.147,1.1484,1294115.93,0.0,0.0,0
15m,1780565400.0,1.1484,1.153,1.1451,1.151,2431334.43,0.0,0.0,0
15m,1780566300.0,1.151,1.1623,1.1509,1.1623,910253.81,0.0,0.0,0
15m,1780567200.0,1.1623,1.1626,1.1515,1.1548,962281.9,0.0,0.0,0
15m,1780568100.0,1.1548,1.1583,1.1508,1.1525,892168.19,0.0,0.0,0
15m,1780569000.0,1.1525,1.1588,1.1506,1.1546,1073953.12,0.0,0.0,0
15m,1780569900.0,1.1546,1.1551,1.1434,1.1484,2673498.67,0.0,0.0,0
15m,1780570800.0,1.1484,1.1524,1.142,1.1428,1505336.99,0.0,0.0,0
15m,1780571700.0,1.1428,1.1565,1.1416,1.154,958168.77,0.0,0.0,0
15m,1780572600.0,1.154,1.1588,1.1449,1.1464,1346978.62,0.0,0.0,0
15m,1780573500.0,1.1464,1.1561,1.1463,1.1559,773632.27,0.0,0.0,0
15m,1780574400.0,1.1559,1.1608,1.1504,1.1513,1052673.42,0.0,0.0,0
15m,1780575300.0,1.1513,1.1701,1.1513,1.1697,1989004.3,0.0,0.0,0
15m,1780576200.0,1.1697,1.1794,1.1687,1.1763,1985921.04,0.0,0.0,0
15m,1780577100.0,1.1763,1.1825,1.175,1.18,971650.08,0.0,0.0,0
15m,1780578000.0,1.18,1.1818,1.1761,1.1761,611461.47,0.0,0.0,0
15m,1780578900.0,1.1761,1.1772,1.163,1.168,1213128.83,0.0,0.0,0
15m,1780579800.0,1.168,1.1834,1.1667,1.1768,2823319.37,0.0,0.0,0
15m,1780580700.0,1.1768,1.1806,1.1725,1.1795,880739.43,0.0,0.0,0
15m,1780581600.0,1.1795,1.183,1.1748,1.1801,1244303.29,0.0,0.0,0
15m,1780582500.0,1.1801,1.1807,1.1719,1.1758,582579.34,0.0,0.0,0
15m,1780583400.0,1.1758,1.1758,1.1694,1.1729,680193.5,0.0,0.0,0
15m,1780584300.0,1.1729,1.1742,1.168,1.173,589337.04,0.0,0.0,0
15m,1780585200.0,1.173,1.1827,1.1708,1.1821,1217341.68,0.0,0.0,0
15m,1780586100.0,1.1821,1.1826,1.1703,1.1737,609896.31,0.0,0.0,0
15m,1780587000.0,1.1737,1.1763,1.1704,1.1714,432010.24,0.0,0.0,0
15m,1780587900.0,1.1714,1.1723,1.166,1.1688,404876.21,0.0,0.0,0
15m,1780588800.0,1.1688,1.1696,1.1632,1.164,468903.08,0.0,0.0,0
15m,1780589700.0,1.164,1.1677,1.1612,1.1619,402965.93,0.0,0.0,0
15m,1780590600.0,1.1619,1.172,1.1609,1.1709,796912.39,0.0,0.0,0
15m,1780591500.0,1.1709,1.1737,1.1679,1.1702,461745.79,0.0,0.0,0
15m,1780592400.0,1.1702,1.1756,1.168,1.1742,633270.06,0.0,0.0,0
15m,1780593300.0,1.1742,1.1742,1.1654,1.168,533134.63,0.0,0.0,0
15m,1780594200.0,1.168,1.17,1.1597,1.1616,481550.59,0.0,0.0,0
15m,1780595100.0,1.1616,1.1738,1.1598,1.1697,1135786.45,0.0,0.0,0
15m,1780596000.0,1.1697,1.171,1.1632,1.1636,464485.16,0.0,0.0,0
15m,1780596900.0,1.1636,1.181,1.1636,1.181,781110.28,0.0,0.0,0
15m,1780597800.0,1.181,1.1828,1.1765,1.1804,834133.66,0.0,0.0,0
15m,1780598700.0,1.1804,1.1833,1.179,1.1795,488330.11,0.0,0.0,0
15m,1780599600.0,1.1795,1.1796,1.1738,1.1777,330358.98,0.0,0.0,0
15m,1780600500.0,1.1777,1.1849,1.1776,1.1832,618037.32,0.0,0.0,0
15m,1780601400.0,1.1832,1.184,1.1767,1.1777,315519.4,0.0,0.0,0
15m,1780602300.0,1.1777,1.178,1.173,1.1752,525702.74,0.0,0.0,0
15m,1780603200.0,1.1752,1.1755,1.1667,1.1728,390478.02,0.0,0.0,0
15m,1780604100.0,1.1728,1.1749,1.1711,1.1733,228732.51,0.0,0.0,0
15m,1780605000.0,1.1733,1.1779,1.173,1.176,200632.11,0.0,0.0,0
15m,1780605900.0,1.176,1.1779,1.1716,1.176,524378.06,0.0,0.0,0
15m,1780606800.0,1.176,1.179,1.1745,1.1755,422033.45,0.0,0.0,0
15m,1780607700.0,1.1755,1.1755,1.1668,1.1682,440422.15,0.0,0.0,0
15m,1780608600.0,1.1682,1.1687,1.1561,1.1639,909671.3,0.0,0.0,0
15m,1780609500.0,1.1639,1.165,1.1589,1.1589,295961.89,0.0,0.0,0
15m,1780610400.0,1.1589,1.1634,1.1546,1.1589,1314084.73,0.0,0.0,0
15m,1780611300.0,1.1589,1.1633,1.1586,1.1597,462561.3,0.0,0.0,0
15m,1780612200.0,1.1597,1.1633,1.155,1.1587,1006500.48,0.0,0.0,0
15m,1780613100.0,1.1587,1.1703,1.1566,1.1695,794860.41,0.0,0.0,0
15m,1780614000.0,1.1695,1.1723,1.1667,1.1687,401871.79,0.0,0.0,0
15m,1780614900.0,1.1687,1.169,1.1585,1.1628,413692.34,0.0,0.0,0
15m,1780615800.0,1.1628,1.1675,1.1619,1.1671,460392.96,0.0,0.0,0
15m,1780616700.0,1.1671,1.1699,1.1639,1.1687,327560.03,0.0,0.0,0
15m,1780617600.0,1.1687,1.1703,1.1648,1.1649,358852.02,0.0,0.0,0
15m,1780618500.0,1.1649,1.1744,1.1621,1.1736,770950.95,0.0,0.0,0
15m,1780619400.0,1.1736,1.1749,1.1669,1.1688,449469.81,0.0,0.0,0
15m,1780620300.0,1.1688,1.1721,1.1608,1.1615,524480.24,0.0,0.0,0
15m,1780621200.0,1.1615,1.1615,1.1513,1.1562,1038514.94,0.0,0.0,0
15m,1780622100.0,1.1562,1.1597,1.1511,1.156,709119.02,0.0,0.0,0
15m,1780623000.0,1.156,1.162,1.1527,1.1585,692479.12,0.0,0.0,0
15m,1780623900.0,1.1585,1.1604,1.1539,1.1579,707428.76,0.0,0.0,0
15m,1780624800.0,1.1579,1.1582,1.15,1.1501,859707.41,0.0,0.0,0
15m,1780625700.0,1.1501,1.1534,1.1435,1.1436,856461.93,0.0,0.0,0
15m,1780626600.0,1.1436,1.1476,1.1369,1.14,1211765.31,0.0,0.0,0
15m,1780627500.0,1.14,1.1434,1.1349,1.1352,833757.68,0.0,0.0,0
15m,1780628400.0,1.1352,1.139,1.133,1.1388,1232707.24,0.0,0.0,0
15m,1780629300.0,1.1388,1.1478,1.1387,1.1412,1132296.96,0.0,0.0,0
15m,1780630200.0,1.1412,1.146,1.1356,1.1377,705654.26,0.0,0.0,0
15m,1780631100.0,1.1377,1.1396,1.134,1.1347,747012.37,0.0,0.0,0
15m,1780632000.0,1.1347,1.1459,1.1307,1.1414,2397628.01,0.0,0.0,0
15m,1780632900.0,1.1414,1.1491,1.1365,1.1465,1578682.75,0.0,0.0,0
15m,1780633800.0,1.1465,1.1465,1.1369,1.1386,616738.52,0.0,0.0,0
15m,1780634700.0,1.1386,1.1487,1.1336,1.1477,2538092.98,0.0,0.0,0
15m,1780635600.0,1.1477,1.149,1.1356,1.1367,1001402.19,0.0,0.0,0
15m,1780636500.0,1.1367,1.1432,1.1346,1.1418,643405.68,0.0,0.0,0
15m,1780637400.0,1.1418,1.1428,1.129,1.1297,2236713.52,0.0,0.0,0
15m,1780638300.0,1.1297,1.1304,1.1202,1.1206,2119749.02,0.0,0.0,0
15m,1780639200.0,1.1206,1.1266,1.1151,1.1151,2663936.4,0.0,0.0,0
15m,1780640100.0,1.1151,1.1178,1.0917,1.1035,8187062.66,0.0,0.0,0
15m,1780641000.0,1.1035,1.1208,1.1017,1.1196,4029079.67,0.0,0.0,0
15m,1780641900.0,1.1196,1.1209,1.1119,1.1189,1743347.6,0.0,0.0,0
15m,1780642800.0,1.1189,1.1201,1.105,1.1053,2510107.79,0.0,0.0,0
15m,1780643700.0,1.1053,1.1247,1.1053,1.123,2508921.75,0.0,0.0,0
15m,1780644600.0,1.123,1.1371,1.1214,1.1368,2637072.94,0.0,0.0,0
15m,1780645500.0,1.1368,1.1385,1.1323,1.1362,1411700.46,0.0,0.0,0
15m,1780646400.0,1.1362,1.1364,1.1274,1.1287,829294.46,0.0,0.0,0
15m,1780647300.0,1.1287,1.131,1.1241,1.1281,733613.89,0.0,0.0,0
15m,1780648200.0,1.1281,1.1327,1.1188,1.1189,956055.42,0.0,0.0,0
15m,1780649100.0,1.1189,1.1221,1.1169,1.1194,616656.04,0.0,0.0,0
15m,1780650000.0,1.1194,1.1463,1.119,1.138,3433852.72,0.0,0.0,0
15m,1780650900.0,1.138,1.1408,1.1319,1.1382,1151048.19,0.0,0.0,0
15m,1780651800.0,1.1382,1.1382,1.131,1.1314,873768.2,0.0,0.0,0
15m,1780652700.0,1.1314,1.1403,1.1306,1.1403,867265.19,0.0,0.0,0
15m,1780653600.0,1.1403,1.147,1.1338,1.1365,1577346.27,0.0,0.0,0
15m,1780654500.0,1.1365,1.1365,1.1309,1.1344,807261.29,0.0,0.0,0
15m,1780655400.0,1.1344,1.1388,1.1324,1.1379,454141.05,0.0,0.0,0
15m,1780656300.0,1.1379,1.1379,1.1332,1.1364,523165.16,0.0,0.0,0
15m,1780657200.0,1.1364,1.1364,1.1242,1.1256,1651188.33,0.0,0.0,0
15m,1780658100.0,1.1256,1.1348,1.124,1.1301,1516568.86,0.0,0.0,0
15m,1780659000.0,1.1301,1.1312,1.1206,1.1207,666363.96,0.0,0.0,0
15m,1780659900.0,1.1207,1.1242,1.1184,1.1191,1249588.99,0.0,0.0,0
15m,1780660800.0,1.1191,1.1239,1.1107,1.1183,1624801.47,0.0,0.0,0
15m,1780661700.0,1.1183,1.1261,1.1167,1.1201,1171162.33,0.0,0.0,0
15m,1780662600.0,1.1201,1.1259,1.1101,1.118,2423945.26,0.0,0.0,0
15m,1780663500.0,1.118,1.1204,1.113,1.1198,1086012.18,0.0,0.0,0
15m,1780664400.0,1.1198,1.1283,1.1198,1.1263,1378387.7,0.0,0.0,0
15m,1780665300.0,1.1263,1.1377,1.1254,1.1324,1404113.17,0.0,0.0,0
15m,1780666200.0,1.1324,1.1379,1.118,1.1205,4009979.71,0.0,0.0,0
15m,1780667100.0,1.1205,1.1224,1.1014,1.1025,3327286.17,0.0,0.0,0
15m,1780668000.0,1.1025,1.1168,1.0976,1.112,2831874.12,0.0,0.0,0
15m,1780668900.0,1.112,1.1178,1.1063,1.1092,1686805.3,0.0,0.0,0
15m,1780669800.0,1.1092,1.1185,1.104,1.1097,3205332.39,0.0,0.0,0
15m,1780670700.0,1.1097,1.1159,1.101,1.1069,3473663.99,0.0,0.0,0
15m,1780671600.0,1.1069,1.109,1.0965,1.0982,3267040.75,0.0,0.0,0
15m,1780672500.0,1.0982,1.1098,1.0946,1.1048,3696633.3,0.0,0.0,0
15m,1780673400.0,1.1048,1.1073,1.0936,1.0995,2442561.58,0.0,0.0,0
15m,1780674300.0,1.0995,1.1043,1.0924,1.1001,3203434.56,0.0,0.0,0
15m,1780675200.0,1.1001,1.1058,1.0846,1.1023,5725770.37,0.0,0.0,0
15m,1780676100.0,1.1023,1.1172,1.1,1.1069,5054715.36,0.0,0.0,0
15m,1780677000.0,1.1069,1.1093,1.0984,1.0999,1726673.72,0.0,0.0,0
15m,1780677900.0,1.0999,1.1238,1.0998,1.1205,4220952.35,0.0,0.0,0
15m,1780678800.0,1.1205,1.1223,1.1084,1.1116,1608223.74,0.0,0.0,0
15m,1780679700.0,1.1116,1.1126,1.101,1.1018,1402071.04,0.0,0.0,0
15m,1780680600.0,1.1018,1.1132,1.1002,1.1035,1165815.65,0.0,0.0,0
15m,1780681500.0,1.1035,1.1105,1.1035,1.109,1024743.15,0.0,0.0,0
15m,1780682400.0,1.109,1.1138,1.1065,1.1095,1197851.86,0.0,0.0,0
15m,1780683300.0,1.1095,1.1098,1.0962,1.097,1895034.84,0.0,0.0,0
15m,1780684200.0,1.097,1.103,1.0899,1.0959,1585456.99,0.0,0.0,0
15m,1780685100.0,1.0959,1.0968,1.0807,1.0836,2917580.25,0.0,0.0,0
15m,1780686000.0,1.0836,1.0859,1.0722,1.0731,2477621.52,0.0,0.0,0
15m,1780686900.0,1.0731,1.0875,1.0695,1.0872,1945534.42,0.0,0.0,0
15m,1780687800.0,1.0872,1.0897,1.0788,1.0854,1731502.66,0.0,0.0,0
15m,1780688700.0,1.0854,1.1045,1.0846,1.0992,3162182.28,0.0,0.0,0
15m,1780689600.0,1.0992,1.1071,1.0858,1.105,2589382.13,0.0,0.0,0
15m,1780690500.0,1.105,1.1117,1.1027,1.1079,1205954.83,0.0,0.0,0
15m,1780691400.0,1.1079,1.1148,1.1059,1.1128,931038.06,0.0,0.0,0
15m,1780692300.0,1.1128,1.1184,1.1105,1.1156,1128893.0,0.0,0.0,0
15m,1780693200.0,1.1156,1.1203,1.1129,1.1172,1287733.06,0.0,0.0,0
15m,1780694100.0,1.1172,1.1193,1.1131,1.1155,1186999.86,0.0,0.0,0
15m,1780695000.0,1.1155,1.1187,1.1114,1.1172,483424.45,0.0,0.0,0
15m,1780695900.0,1.1172,1.1195,1.1114,1.1117,271179.77,0.0,0.0,0
15m,1780696800.0,1.1117,1.1117,1.0976,1.1046,1206690.69,0.0,0.0,0
15m,1780697700.0,1.1046,1.1099,1.1002,1.1022,1323299.72,0.0,0.0,0
15m,1780698600.0,1.1022,1.1099,1.0998,1.1077,633178.09,0.0,0.0,0
15m,1780699500.0,1.1077,1.1106,1.1043,1.1059,706867.72,0.0,0.0,0
15m,1780700400.0,1.1059,1.1167,1.1042,1.1048,2027231.46,0.0,0.0,0
15m,1780701300.0,1.1048,1.1049,1.0919,1.0955,1662822.37,0.0,0.0,0
15m,1780702200.0,1.0955,1.0957,1.0873,1.0919,1087993.22,0.0,0.0,0
15m,1780703100.0,1.0919,1.0979,1.0893,1.0978,623539.94,0.0,0.0,0
15m,1780704000.0,1.0978,1.1083,1.0977,1.1064,690534.16,0.0,0.0,0
15m,1780704900.0,1.1064,1.1077,1.1005,1.1049,282053.39,0.0,0.0,0
15m,1780705800.0,1.1049,1.109,1.104,1.1058,503171.21,0.0,0.0,0
15m,1780706700.0,1.1058,1.1132,1.1055,1.111,1239457.61,0.0,0.0,0
15m,1780707600.0,1.111,1.1144,1.1068,1.1085,462393.49,0.0,0.0,0
15m,1780708500.0,1.1085,1.1099,1.1014,1.1095,508574.25,0.0,0.0,0
15m,1780709400.0,1.1095,1.1116,1.1028,1.1043,456970.67,0.0,0.0,0
15m,1780710300.0,1.1043,1.1073,1.1002,1.1014,328315.04,0.0,0.0,0
15m,1780711200.0,1.1014,1.1023,1.0962,1.097,460413.44,0.0,0.0,0
15m,1780712100.0,1.097,1.099,1.0918,1.0958,342013.28,0.0,0.0,0
15m,1780713000.0,1.0958,1.1011,1.0945,1.098,769184.69,0.0,0.0,0
15m,1780713900.0,1.098,1.1033,1.0949,1.0962,475024.2,0.0,0.0,0
15m,1780714800.0,1.0962,1.0962,1.0887,1.0923,550045.48,0.0,0.0,0
15m,1780715700.0,1.0923,1.0934,1.0864,1.0905,562491.52,0.0,0.0,0
15m,1780716600.0,1.0905,1.0922,1.0842,1.089,1453393.95,0.0,0.0,0
15m,1780717500.0,1.089,1.0899,1.0839,1.0858,698132.98,0.0,0.0,0
15m,1780718400.0,1.0858,1.0907,1.0697,1.0735,2000346.46,0.0,0.0,0
15m,1780719300.0,1.0735,1.079,1.06,1.0626,3571505.1,0.0,0.0,0
15m,1780720200.0,1.0626,1.0634,1.0517,1.0548,2607191.12,0.0,0.0,0
15m,1780721100.0,1.0548,1.0664,1.0529,1.0579,1554866.68,0.0,0.0,0
15m,1780722000.0,1.0579,1.0653,1.05,1.0575,1876901.11,0.0,0.0,0
15m,1780722900.0,1.0575,1.0912,1.0561,1.0793,3475695.16,0.0,0.0,0
15m,1780723800.0,1.0793,1.0857,1.0755,1.085,1635966.79,0.0,0.0,0
15m,1780724700.0,1.085,1.091,1.0836,1.0896,1434889.16,0.0,0.0,0
15m,1780725600.0,1.0896,1.0973,1.0891,1.0961,2552893.94,0.0,0.0,0
15m,1780726500.0,1.0961,1.101,1.0936,1.0992,1845573.82,0.0,0.0,0
15m,1780727400.0,1.0992,1.0992,1.0859,1.0877,1197047.7,0.0,0.0,0
15m,1780728300.0,1.0877,1.0903,1.0807,1.0828,1496293.88,0.0,0.0,0
15m,1780729200.0,1.0828,1.0946,1.0814,1.0925,1543153.15,0.0,0.0,0
15m,1780730100.0,1.0925,1.0964,1.0866,1.0888,878779.76,0.0,0.0,0
15m,1780731000.0,1.0888,1.0984,1.0884,1.0969,1001741.04,0.0,0.0,0
15m,1780731900.0,1.0969,1.0983,1.092,1.0922,535443.56,0.0,0.0,0
15m,1780732800.0,1.0922,1.0988,1.0898,1.0972,663721.27,0.0,0.0,0
15m,1780733700.0,1.0972,1.1042,1.0949,1.102,1047179.47,0.0,0.0,0
15m,1780734600.0,1.102,1.1031,1.0982,1.0995,598395.96,0.0,0.0,0
15m,1780735500.0,1.0995,1.1034,1.0971,1.0989,581914.75,0.0,0.0,0
15m,1780736400.0,1.0989,1.1011,1.0954,1.0968,508749.79,0.0,0.0,0
15m,1780737300.0,1.0968,1.1031,1.095,1.103,603093.17,0.0,0.0,0
15m,1780738200.0,1.103,1.1032,1.0975,1.0975,423738.87,0.0,0.0,0
15m,1780739100.0,1.0975,1.0977,1.0882,1.0914,956562.1,0.0,0.0,0
15m,1780740000.0,1.0914,1.0916,1.0796,1.0821,1927763.42,0.0,0.0,0
15m,1780740900.0,1.0821,1.0852,1.08,1.0821,567258.87,0.0,0.0,0
15m,1780741800.0,1.0821,1.0824,1.0724,1.0782,1602372.46,0.0,0.0,0
15m,1780742700.0,1.0782,1.0813,1.0749,1.0804,896882.59,0.0,0.0,0
15m,1780743600.0,1.0804,1.0858,1.0796,1.0822,466675.24,0.0,0.0,0
15m,1780744500.0,1.0822,1.0861,1.0802,1.0845,643813.05,0.0,0.0,0
15m,1780745400.0,1.0845,1.0865,1.0823,1.0854,336285.2,0.0,0.0,0
15m,1780746300.0,1.0854,1.0894,1.0853,1.0874,422658.9,0.0,0.0,0
15m,1780747200.0,1.0874,1.0942,1.0867,1.0894,687317.28,0.0,0.0,0
15m,1780748100.0,1.0894,1.09,1.0828,1.083,406193.18,0.0,0.0,0
15m,1780749000.0,1.083,1.0857,1.0806,1.0845,673789.17,0.0,0.0,0
15m,1780749900.0,1.0845,1.0987,1.0845,1.0956,1300986.86,0.0,0.0,0
15m,1780750800.0,1.0956,1.0989,1.0942,1.096,694864.23,0.0,0.0,0
15m,1780751700.0,1.096,1.097,1.0935,1.0946,461943.25,0.0,0.0,0
15m,1780752600.0,1.0946,1.0976,1.0919,1.0975,588949.29,0.0,0.0,0
15m,1780753500.0,1.0975,1.1026,1.0968,1.0982,593767.1,0.0,0.0,0
15m,1780754400.0,1.0982,1.1059,1.0976,1.1048,733668.37,0.0,0.0,0
15m,1780755300.0,1.1048,1.108,1.1022,1.1034,769312.58,0.0,0.0,0
15m,1780756200.0,1.1034,1.1098,1.101,1.1088,990154.36,0.0,0.0,0
15m,1780757100.0,1.1088,1.1099,1.1027,1.1033,543712.03,0.0,0.0,0
15m,1780758000.0,1.1033,1.104,1.0902,1.0917,1516514.25,0.0,0.0,0
15m,1780758900.0,1.0917,1.0962,1.0862,1.0944,1199100.38,0.0,0.0,0
15m,1780759800.0,1.0944,1.0999,1.0916,1.0987,827890.84,0.0,0.0,0
15m,1780760700.0,1.0987,1.1006,1.0939,1.096,455715.65,0.0,0.0,0
15m,1780761600.0,1.096,1.1018,1.0939,1.0968,800477.92,0.0,0.0,0
15m,1780762500.0,1.0968,1.0975,1.0907,1.0914,850296.16,0.0,0.0,0
15m,1780763400.0,1.0914,1.0936,1.0875,1.0931,849594.86,0.0,0.0,0
15m,1780764300.0,1.0931,1.101,1.0923,1.0954,1260995.31,0.0,0.0,0
15m,1780765200.0,1.0954,1.0978,1.0892,1.0932,433831.27,0.0,0.0,0
15m,1780766100.0,1.0932,1.0937,1.086,1.0884,1306909.7,0.0,0.0,0
15m,1780767000.0,1.0884,1.0927,1.0835,1.0889,894145.31,0.0,0.0,0
15m,1780767900.0,1.0889,1.0896,1.08,1.0827,1191961.07,0.0,0.0,0
15m,1780768800.0,1.0827,1.0836,1.079,1.081,495415.69,0.0,0.0,0
15m,1780769700.0,1.081,1.088,1.0796,1.0858,938882.83,0.0,0.0,0
15m,1780770600.0,1.0858,1.0858,1.0814,1.0843,324855.35,0.0,0.0,0
15m,1780771500.0,1.0843,1.086,1.0806,1.0848,461419.01,0.0,0.0,0
15m,1780772400.0,1.0848,1.0899,1.0832,1.0882,495922.06,0.0,0.0,0
15m,1780773300.0,1.0882,1.0882,1.083,1.0841,414947.55,0.0,0.0,0
15m,1780774200.0,1.0841,1.0849,1.0814,1.0826,266638.73,0.0,0.0,0
15m,1780775100.0,1.0826,1.084,1.0806,1.0808,243794.55,0.0,0.0,0
15m,1780776000.0,1.0808,1.0819,1.0778,1.0801,628082.5,0.0,0.0,0
15m,1780776900.0,1.0801,1.0822,1.0787,1.0798,254084.33,0.0,0.0,0
15m,1780777800.0,1.0798,1.0851,1.0791,1.0845,588548.8,0.0,0.0,0
15m,1780778700.0,1.0845,1.0859,1.0822,1.0847,424729.44,0.0,0.0,0
15m,1780779600.0,1.0847,1.0932,1.0847,1.092,700198.15,0.0,0.0,0
15m,1780780500.0,1.092,1.0931,1.0903,1.0915,456150.8,0.0,0.0,0
15m,1780781400.0,1.0915,1.0938,1.0894,1.0906,296251.27,0.0,0.0,0
15m,1780782300.0,1.0906,1.0907,1.0874,1.0879,139080.02,0.0,0.0,0
15m,1780783200.0,1.0879,1.0894,1.0828,1.0847,364421.88,0.0,0.0,0
15m,1780784100.0,1.0847,1.0879,1.0813,1.0826,502822.98,0.0,0.0,0
15m,1780785000.0,1.0826,1.0866,1.0818,1.0861,138634.93,0.0,0.0,0
15m,1780785900.0,1.0861,1.0897,1.0859,1.0862,198082.25,0.0,0.0,0
15m,1780786800.0,1.0862,1.0911,1.0862,1.0902,219373.95,0.0,0.0,0
15m,1780787700.0,1.0902,1.0903,1.0859,1.0895,212413.18,0.0,0.0,0
15m,1780788600.0,1.0895,1.0953,1.0895,1.0937,328665.0,0.0,0.0,0
15m,1780789500.0,1.0937,1.0948,1.0929,1.0936,148189.22,0.0,0.0,0
15m,1780790400.0,1.0936,1.0946,1.0907,1.0915,179912.43,0.0,0.0,0
15m,1780791300.0,1.0915,1.0949,1.0915,1.0948,282279.7,0.0,0.0,0
15m,1780792200.0,1.0948,1.0975,1.0924,1.0925,224899.62,0.0,0.0,0
15m,1780793100.0,1.0925,1.0929,1.0891,1.0891,221267.99,0.0,0.0,0
15m,1780794000.0,1.0891,1.1045,1.0885,1.1029,1057959.6,0.0,0.0,0
15m,1780794900.0,1.1029,1.1152,1.1013,1.115,1164137.97,0.0,0.0,0
15m,1780795800.0,1.115,1.1202,1.1134,1.1155,897743.49,0.0,0.0,0
15m,1780796700.0,1.1155,1.1194,1.1135,1.1162,904427.45,0.0,0.0,0
15m,1780797600.0,1.1162,1.118,1.1149,1.1172,366265.73,0.0,0.0,0
15m,1780798500.0,1.1172,1.1173,1.1071,1.1081,681037.65,0.0,0.0,0
15m,1780799400.0,1.1081,1.1143,1.1068,1.1143,379261.81,0.0,0.0,0
15m,1780800300.0,1.1143,1.1238,1.1143,1.1192,862296.38,0.0,0.0,0
15m,1780801200.0,1.1192,1.1218,1.1165,1.1208,361504.95,0.0,0.0,0
15m,1780802100.0,1.1208,1.1248,1.1173,1.1219,766449.22,0.0,0.0,0
15m,1780803000.0,1.1219,1.1233,1.1149,1.1188,421967.31,0.0,0.0,0
15m,1780803900.0,1.1188,1.1193,1.1163,1.1186,204064.44,0.0,0.0,0
15m,1780804800.0,1.1186,1.119,1.1129,1.1151,338585.48,0.0,0.0,0
15m,1780805700.0,1.1151,1.1153,1.1103,1.1123,397191.02,0.0,0.0,0
15m,1780806600.0,1.1123,1.1223,1.1115,1.121,499122.1,0.0,0.0,0
15m,1780807500.0,1.121,1.1219,1.1182,1.1214,398645.98,0.0,0.0,0
15m,1780808400.0,1.1214,1.1261,1.1198,1.1222,631674.17,0.0,0.0,0
15m,1780809300.0,1.1222,1.1266,1.1198,1.122,1005488.87,0.0,0.0,0
15m,1780810200.0,1.122,1.1244,1.119,1.1244,431988.89,0.0,0.0,0
15m,1780811100.0,1.1244,1.1244,1.1195,1.1199,458661.46,0.0,0.0,0
15m,1780812000.0,1.1199,1.1202,1.1161,1.1179,323034.7,0.0,0.0,0
15m,1780812900.0,1.1179,1.1263,1.117,1.1251,722556.84,0.0,0.0,0
15m,1780813800.0,1.1251,1.1295,1.1244,1.1275,811107.27,0.0,0.0,0
15m,1780814700.0,1.1275,1.1294,1.1257,1.1257,546612.52,0.0,0.0,0
15m,1780815600.0,1.1257,1.1301,1.1228,1.1266,786614.34,0.0,0.0,0
15m,1780816500.0,1.1266,1.1308,1.1254,1.1307,482250.56,0.0,0.0,0
15m,1780817400.0,1.1307,1.1352,1.1301,1.1331,857534.74,0.0,0.0,0
15m,1780818300.0,1.1331,1.1374,1.1328,1.1371,614174.8,0.0,0.0,0
15m,1780819200.0,1.1371,1.1372,1.1303,1.135,830237.62,0.0,0.0,0
15m,1780820100.0,1.135,1.152,1.1326,1.139,1322448.35,0.0,0.0,0
15m,1780821000.0,1.139,1.1412,1.1351,1.1407,1007341.0,0.0,0.0,0
15m,1780821900.0,1.1407,1.1571,1.1405,1.1558,3315172.73,0.0,0.0,0
15m,1780822800.0,1.1558,1.1671,1.1542,1.1656,3250352.49,0.0,0.0,0
15m,1780823700.0,1.1656,1.1703,1.1542,1.1613,2215792.14,0.0,0.0,0
15m,1780824600.0,1.1613,1.1614,1.1485,1.1505,1371530.68,0.0,0.0,0
15m,1780825500.0,1.1505,1.1511,1.1455,1.1465,822376.77,0.0,0.0,0
15m,1780826400.0,1.1465,1.1474,1.1394,1.1411,951660.41,0.0,0.0,0
15m,1780827300.0,1.1411,1.1441,1.1405,1.1414,376918.33,0.0,0.0,0
15m,1780828200.0,1.1414,1.1414,1.1346,1.137,645999.12,0.0,0.0,0
15m,1780829100.0,1.137,1.1372,1.1326,1.1355,503253.31,0.0,0.0,0
15m,1780830000.0,1.1355,1.1373,1.1339,1.1355,259480.07,0.0,0.0,0
15m,1780830900.0,1.1355,1.1382,1.1329,1.1378,312267.96,0.0,0.0,0
15m,1780831800.0,1.1378,1.1409,1.135,1.1389,489007.3,0.0,0.0,0
15m,1780832700.0,1.1389,1.1409,1.1366,1.1401,345079.7,0.0,0.0,0
15m,1780833600.0,1.1401,1.1407,1.121,1.1234,1995556.31,0.0,0.0,0
15m,1780834500.0,1.1234,1.1284,1.1206,1.1241,1863799.35,0.0,0.0,0
15m,1780835400.0,1.1241,1.125,1.1181,1.1208,1688498.82,0.0,0.0,0
15m,1780836300.0,1.1208,1.1255,1.1208,1.1239,627616.29,0.0,0.0,0
15m,1780837200.0,1.1239,1.1244,1.1212,1.1236,445611.43,0.0,0.0,0
15m,1780838100.0,1.1236,1.125,1.1206,1.1238,293075.76,0.0,0.0,0
15m,1780839000.0,1.1238,1.1247,1.1212,1.1231,478486.69,0.0,0.0,0
15m,1780839900.0,1.1231,1.1238,1.1208,1.1225,282353.88,0.0,0.0,0
15m,1780840800.0,1.1225,1.1258,1.1223,1.1246,203158.89,0.0,0.0,0
15m,1780841700.0,1.1246,1.1343,1.123,1.1332,745801.4,0.0,0.0,0
15m,1780842600.0,1.1332,1.1373,1.1289,1.1304,590636.6,0.0,0.0,0
15m,1780843500.0,1.1304,1.1337,1.1285,1.1333,468242.09,0.0,0.0,0
15m,1780844400.0,1.1333,1.1337,1.1285,1.1331,320864.3,0.0,0.0,0
15m,1780845300.0,1.1331,1.1338,1.1287,1.1336,298412.35,0.0,0.0,0
15m,1780846200.0,1.1336,1.137,1.1328,1.1353,307091.81,0.0,0.0,0
15m,1780847100.0,1.1353,1.1355,1.1312,1.134,349343.29,0.0,0.0,0
15m,1780848000.0,1.134,1.1355,1.1304,1.1348,358996.96,0.0,0.0,0
