timeframe,open_time,open,high,low,close,volume
15m,1776867300.0,1.4607,1.4612,1.456,1.4575,2909894.6
15m,1776868200.0,1.4575,1.458,1.4509,1.4514,3506508.0
15m,1776869100.0,1.4514,1.4574,1.4511,1.457,1475775.9
15m,1776870000.0,1.457,1.4577,1.452,1.4535,1981520.9
15m,1776870900.0,1.4535,1.4563,1.4513,1.453,6566415.9
15m,1776871800.0,1.453,1.4566,1.451,1.4553,3326636.6
15m,1776872700.0,1.4553,1.46,1.455,1.4557,2576258.8
15m,1776873600.0,1.4557,1.4581,1.4525,1.4533,2225816.7
15m,1776874500.0,1.4533,1.4538,1.4464,1.4472,3934505.2
15m,1776875400.0,1.4472,1.4489,1.4452,1.4471,2935674.8
15m,1776876300.0,1.4471,1.4488,1.4451,1.446,2216393.5
15m,1776877200.0,1.446,1.4515,1.446,1.4499,1291394.2
15m,1776878100.0,1.4499,1.45,1.4453,1.4467,783487.2
15m,1776879000.0,1.4467,1.4484,1.4433,1.4462,5450741.1
15m,1776879900.0,1.4462,1.4501,1.4446,1.4482,1104510.4
15m,1776880800.0,1.4482,1.4522,1.4482,1.4518,1165126.4
15m,1776881700.0,1.4518,1.4522,1.4498,1.4499,631549.5
15m,1776882600.0,1.4499,1.4502,1.4479,1.4479,410570.1
15m,1776883500.0,1.4479,1.4506,1.4468,1.4469,728772.9
15m,1776884400.0,1.4469,1.4472,1.4404,1.4437,2546737.2
15m,1776885300.0,1.4437,1.4465,1.4432,1.445,935201.4
15m,1776886200.0,1.445,1.4453,1.4361,1.4401,3637720.8
15m,1776887100.0,1.4401,1.4419,1.4392,1.4404,862106.2
15m,1776888000.0,1.4404,1.442,1.4375,1.4375,1758950.2
15m,1776888900.0,1.4375,1.4377,1.4323,1.437,4508869.2
15m,1776889800.0,1.437,1.4379,1.4353,1.4367,1283634.4
15m,1776890700.0,1.4367,1.4373,1.4351,1.4362,696752.6
15m,1776891600.0,1.4362,1.4395,1.436,1.4379,2474066.1
15m,1776892500.0,1.4379,1.4391,1.4372,1.4388,219040.6
15m,1776893400.0,1.4388,1.4403,1.4388,1.44,801083.3
15m,1776894300.0,1.44,1.4407,1.4391,1.4407,283037.5
15m,1776895200.0,1.4407,1.4409,1.4385,1.439,629975.3
15m,1776896100.0,1.439,1.4394,1.4358,1.4362,1020468.6
15m,1776897000.0,1.4362,1.4372,1.435,1.4359,557122.5
15m,1776897900.0,1.4359,1.4374,1.4345,1.4373,601838.2
15m,1776898800.0,1.4373,1.4374,1.4343,1.4351,1047448.9
15m,1776899700.0,1.4351,1.4359,1.4283,1.4322,4425778.1
15m,1776900600.0,1.4322,1.4322,1.4277,1.4292,2308454.3
15m,1776901500.0,1.4292,1.4304,1.428,1.4286,938039.5
15m,1776902400.0,1.4286,1.43,1.4212,1.422,4472652.1
15m,1776903300.0,1.422,1.4306,1.415,1.4276,7990928.4
15m,1776904200.0,1.4276,1.4305,1.426,1.4278,1659956.3
15m,1776905100.0,1.4278,1.4296,1.4255,1.4284,1916245.7
15m,1776906000.0,1.4284,1.429,1.4248,1.4254,1068729.1
15m,1776906900.0,1.4254,1.4257,1.4206,1.4206,2138341.8
15m,1776907800.0,1.4206,1.4264,1.4197,1.425,1096115.4
15m,1776908700.0,1.425,1.4267,1.4241,1.425,511407.6
15m,1776909600.0,1.425,1.4253,1.4221,1.4221,978928.8
15m,1776910500.0,1.4221,1.4241,1.4177,1.4187,2590656.1
15m,1776911400.0,1.4187,1.419,1.4143,1.4163,2719607.0
15m,1776912300.0,1.4163,1.4194,1.4157,1.418,1468243.9
15m,1776913200.0,1.418,1.4211,1.4145,1.4149,2167638.7
15m,1776914100.0,1.4149,1.4158,1.4135,1.4143,1510308.1
15m,1776915000.0,1.4143,1.4143,1.4103,1.4136,2599093.9
15m,1776915900.0,1.4136,1.4153,1.4121,1.4152,1368673.2
15m,1776916800.0,1.4152,1.4181,1.4143,1.4175,1864495.6
15m,1776917700.0,1.4175,1.4175,1.4152,1.4157,921097.5
15m,1776918600.0,1.4157,1.4185,1.4157,1.4166,754161.2
15m,1776919500.0,1.4166,1.4175,1.4152,1.4164,1365067.1
15m,1776920400.0,1.4164,1.419,1.4164,1.4179,1507325.5
15m,1776921300.0,1.4179,1.4181,1.416,1.4164,784042.2
15m,1776922200.0,1.4164,1.4167,1.4141,1.4167,1422654.4
15m,1776923100.0,1.4167,1.4197,1.4164,1.4189,1253828.4
15m,1776924000.0,1.4189,1.4228,1.4189,1.4219,2677551.6
15m,1776924900.0,1.4219,1.4238,1.4211,1.4232,3601781.8
15m,1776925800.0,1.4232,1.4241,1.4216,1.4219,707081.2
15m,1776926700.0,1.4219,1.4231,1.4203,1.4228,653188.5
15m,1776927600.0,1.4228,1.4232,1.4206,1.4208,566195.3
15m,1776928500.0,1.4208,1.4224,1.42,1.4213,852092.8
15m,1776929400.0,1.4213,1.4221,1.4198,1.4217,834573.0
15m,1776930300.0,1.4217,1.4222,1.4188,1.42,1228331.0
15m,1776931200.0,1.42,1.4203,1.4172,1.4189,1058061.6
15m,1776932100.0,1.4189,1.4193,1.4155,1.4169,1369169.8
15m,1776933000.0,1.4169,1.4169,1.4142,1.4142,1186232.8
15m,1776933900.0,1.4142,1.418,1.4142,1.4172,776096.8
15m,1776934800.0,1.4172,1.4178,1.4108,1.4125,2370014.0
15m,1776935700.0,1.4125,1.4157,1.4125,1.4145,947093.2
15m,1776936600.0,1.4145,1.4156,1.4138,1.4149,529587.3
15m,1776937500.0,1.4149,1.4151,1.4115,1.414,1541793.0
15m,1776938400.0,1.414,1.4151,1.4075,1.4082,5283986.8
15m,1776939300.0,1.4082,1.4108,1.4082,1.4101,1692927.6
15m,1776940200.0,1.4101,1.4109,1.4094,1.4097,354496.1
15m,1776941100.0,1.4097,1.4106,1.4084,1.4099,809488.2
15m,1776942000.0,1.4099,1.412,1.4099,1.4114,1023704.8
15m,1776942900.0,1.4114,1.4132,1.4107,1.4123,1201475.7
15m,1776943800.0,1.4123,1.4141,1.4113,1.414,1193532.6
15m,1776944700.0,1.414,1.4167,1.414,1.4154,2775300.2
15m,1776945600.0,1.4154,1.4179,1.4147,1.4169,1665751.2
15m,1776946500.0,1.4169,1.4172,1.4145,1.4169,2225908.6
15m,1776947400.0,1.4169,1.4201,1.4166,1.4185,1151953.2
15m,1776948300.0,1.4185,1.4196,1.4143,1.4179,2941374.0
15m,1776949200.0,1.4179,1.4193,1.4152,1.4159,1694347.8
15m,1776950100.0,1.4159,1.4168,1.4138,1.4146,1124189.8
15m,1776951000.0,1.4146,1.4167,1.4143,1.4154,1099642.4
15m,1776951900.0,1.4154,1.4195,1.4134,1.4157,7145306.5
15m,1776952800.0,1.4157,1.4172,1.4133,1.4156,809792.7
15m,1776953700.0,1.4156,1.4205,1.4149,1.4177,1344936.5
15m,1776954600.0,1.4177,1.4273,1.4177,1.4245,9606277.3
15m,1776955500.0,1.4245,1.4295,1.4242,1.4293,3339308.6
15m,1776956400.0,1.4293,1.4304,1.4255,1.4257,1678591.1
15m,1776957300.0,1.4257,1.4363,1.425,1.4317,4013832.2
15m,1776958200.0,1.4317,1.4335,1.4303,1.4315,1451299.6
15m,1776959100.0,1.4315,1.4323,1.429,1.4311,2479589.1
15m,1776960000.0,1.4311,1.4321,1.4282,1.4286,1587975.6
15m,1776960900.0,1.4286,1.432,1.4279,1.4296,2132383.7
15m,1776961800.0,1.4296,1.4328,1.4291,1.4305,1893943.2
15m,1776962700.0,1.4305,1.4324,1.4271,1.4291,2727554.5
15m,1776963600.0,1.4291,1.4324,1.4255,1.4322,7924727.5
15m,1776964500.0,1.4322,1.4359,1.429,1.4291,4320009.1
15m,1776965400.0,1.4291,1.436,1.4215,1.4235,8496120.3
15m,1776966300.0,1.4235,1.4358,1.4204,1.4345,8896898.1
15m,1776967200.0,1.4345,1.4399,1.4317,1.4369,4889485.5
15m,1776968100.0,1.4369,1.4407,1.4323,1.433,2676163.0
15m,1776969000.0,1.433,1.4393,1.433,1.4381,1469309.3
15m,1776969900.0,1.4381,1.4384,1.4304,1.4304,1838014.8
15m,1776970800.0,1.4304,1.4319,1.4268,1.4296,1590244.2
15m,1776971700.0,1.4296,1.4332,1.4296,1.4311,1191267.2
15m,1776972600.0,1.4311,1.4323,1.4261,1.428,826120.8
15m,1776973500.0,1.428,1.4324,1.427,1.4288,2388128.8
15m,1776974400.0,1.4288,1.4342,1.4285,1.4292,2264563.1
15m,1776975300.0,1.4292,1.4327,1.4266,1.4312,2266973.1
15m,1776976200.0,1.4312,1.4365,1.4302,1.436,1656389.2
15m,1776977100.0,1.436,1.4365,1.4313,1.4323,1094129.0
15m,1776978000.0,1.4323,1.4336,1.4303,1.4306,949949.8
15m,1776978900.0,1.4306,1.4331,1.4298,1.4331,693824.8
15m,1776979800.0,1.4331,1.4374,1.4331,1.4366,737768.5
15m,1776980700.0,1.4366,1.4375,1.4323,1.4326,1058437.4
15m,1776981600.0,1.4326,1.4364,1.4325,1.4351,1156710.5
15m,1776982500.0,1.4351,1.4383,1.4347,1.4364,799928.9
15m,1776983400.0,1.4364,1.4379,1.436,1.4375,423648.5
15m,1776984300.0,1.4375,1.4391,1.4353,1.4353,889821.1
15m,1776985200.0,1.4353,1.4365,1.4324,1.4329,716116.2
15m,1776986100.0,1.4329,1.4352,1.4315,1.4341,660095.3
15m,1776987000.0,1.4341,1.4372,1.4341,1.4371,598708.6
15m,1776987900.0,1.4371,1.4397,1.437,1.438,1118110.3
15m,1776988800.0,1.438,1.4396,1.4369,1.4373,881710.7
15m,1776989700.0,1.4373,1.44,1.4372,1.4382,1348007.3
15m,1776990600.0,1.4382,1.4396,1.4381,1.4382,614713.8
15m,1776991500.0,1.4382,1.4398,1.4381,1.4398,742979.5
15m,1776992400.0,1.4398,1.4399,1.4342,1.4355,1291657.6
15m,1776993300.0,1.4355,1.4358,1.4328,1.433,865535.9
15m,1776994200.0,1.433,1.4368,1.4309,1.4354,1602716.1
15m,1776995100.0,1.4354,1.4441,1.4354,1.4436,2850223.8
15m,1776996000.0,1.4436,1.4449,1.4397,1.4406,1826180.9
15m,1776996900.0,1.4406,1.4414,1.4372,1.4374,604570.4
15m,1776997800.0,1.4374,1.4399,1.4371,1.4388,525062.8
15m,1776998700.0,1.4388,1.4405,1.436,1.4367,711444.8
15m,1776999600.0,1.4367,1.438,1.4352,1.4366,858909.2
15m,1777000500.0,1.4366,1.4367,1.4298,1.4305,1785208.2
15m,1777001400.0,1.4305,1.4311,1.4275,1.4286,1630870.6
15m,1777002300.0,1.4286,1.4305,1.4285,1.4301,720403.7
15m,1777003200.0,1.4301,1.4303,1.4267,1.4287,3987726.8
15m,1777004100.0,1.4287,1.4299,1.4208,1.4262,12360553.0
15m,1777005000.0,1.4262,1.4286,1.4251,1.4276,2306176.7
15m,1777005900.0,1.4276,1.4298,1.4275,1.4281,609105.6
15m,1777006800.0,1.4281,1.4281,1.4257,1.426,898397.0
15m,1777007700.0,1.426,1.4279,1.4249,1.4274,1066386.0
15m,1777008600.0,1.4274,1.4294,1.4273,1.4287,1012819.7
15m,1777009500.0,1.4287,1.4327,1.4287,1.4319,2307968.2
15m,1777010400.0,1.4319,1.4325,1.4291,1.431,1643758.9
15m,1777011300.0,1.431,1.4318,1.4301,1.4313,609150.4
15m,1777012200.0,1.4313,1.432,1.4294,1.4294,650176.9
15m,1777013100.0,1.4294,1.4312,1.4291,1.4291,405716.7
15m,1777014000.0,1.4291,1.432,1.4287,1.4303,763729.0
15m,1777014900.0,1.4303,1.4304,1.4276,1.4286,730007.2
15m,1777015800.0,1.4286,1.4299,1.4278,1.4288,980268.6
15m,1777016700.0,1.4288,1.432,1.4288,1.4319,817266.1
15m,1777017600.0,1.4319,1.4324,1.4302,1.4302,624783.8
15m,1777018500.0,1.4302,1.4358,1.4302,1.4341,2880857.2
15m,1777019400.0,1.4341,1.4344,1.4287,1.4291,1067472.5
15m,1777020300.0,1.4291,1.4318,1.429,1.4307,775639.4
15m,1777021200.0,1.4307,1.4311,1.4241,1.4253,2254060.9
15m,1777022100.0,1.4253,1.4272,1.4245,1.4248,1723523.6
15m,1777023000.0,1.4248,1.4271,1.4245,1.4271,455713.4
15m,1777023900.0,1.4271,1.4271,1.424,1.4249,923880.9
15m,1777024800.0,1.4249,1.425,1.4231,1.4242,1711640.7
15m,1777025700.0,1.4242,1.4295,1.424,1.4286,1106113.2
15m,1777026600.0,1.4286,1.4288,1.4266,1.4277,516954.3
15m,1777027500.0,1.4277,1.432,1.4269,1.4309,1303564.5
15m,1777028400.0,1.4309,1.4386,1.4309,1.436,4956525.7
15m,1777029300.0,1.436,1.4388,1.4346,1.4388,2454121.1
15m,1777030200.0,1.4388,1.4398,1.4373,1.438,1141728.2
15m,1777031100.0,1.438,1.438,1.4356,1.4378,1464174.1
15m,1777032000.0,1.4378,1.4411,1.4359,1.4396,3446886.1
15m,1777032900.0,1.4396,1.44,1.4352,1.4358,1500931.5
15m,1777033800.0,1.4358,1.4361,1.4335,1.4342,841312.4
15m,1777034700.0,1.4342,1.4359,1.4321,1.4341,1017616.6
15m,1777035600.0,1.4341,1.4438,1.4341,1.4405,4507233.3
15m,1777036500.0,1.4405,1.4422,1.4366,1.4381,2913331.0
15m,1777037400.0,1.4381,1.4388,1.434,1.437,2021115.2
15m,1777038300.0,1.437,1.4375,1.4326,1.435,1494580.0
15m,1777039200.0,1.435,1.4358,1.4307,1.4316,2638643.1
15m,1777040100.0,1.4316,1.4345,1.4272,1.4287,2920351.6
15m,1777041000.0,1.4287,1.4382,1.4285,1.4357,3839371.9
15m,1777041900.0,1.4357,1.4375,1.4324,1.4328,2126478.4
15m,1777042800.0,1.4328,1.4334,1.428,1.4312,2232353.6
15m,1777043700.0,1.4312,1.4372,1.4296,1.437,1577651.6
15m,1777044600.0,1.437,1.4436,1.4365,1.4423,2469208.8
15m,1777045500.0,1.4423,1.4478,1.4423,1.4475,8512581.4
15m,1777046400.0,1.4475,1.4501,1.4424,1.4427,3502124.9
15m,1777047300.0,1.4427,1.443,1.4396,1.442,1978581.0
15m,1777048200.0,1.442,1.4432,1.4368,1.4393,1217209.1
15m,1777049100.0,1.4393,1.4412,1.4373,1.4398,1190008.3
15m,1777050000.0,1.4398,1.4419,1.4393,1.441,1332043.1
15m,1777050900.0,1.441,1.441,1.4373,1.4395,857964.8
15m,1777051800.0,1.4395,1.4395,1.435,1.4372,1150979.3
15m,1777052700.0,1.4372,1.442,1.4363,1.4403,1549161.3
15m,1777053600.0,1.4403,1.4412,1.4365,1.4366,742978.8
15m,1777054500.0,1.4366,1.4371,1.4328,1.4361,1112145.4
15m,1777055400.0,1.4361,1.4388,1.4359,1.4381,658381.3
15m,1777056300.0,1.4381,1.4385,1.4368,1.4381,257508.7
15m,1777057200.0,1.4381,1.4414,1.4375,1.4376,696484.3
15m,1777058100.0,1.4376,1.4386,1.4362,1.4365,422060.1
15m,1777059000.0,1.4365,1.4399,1.4358,1.439,432229.5
15m,1777059900.0,1.439,1.4403,1.438,1.4386,713541.3
15m,1777060800.0,1.4386,1.4387,1.4363,1.4369,1069891.8
15m,1777061700.0,1.4369,1.4372,1.4339,1.4354,1296372.6
15m,1777062600.0,1.4354,1.4402,1.4352,1.4387,1155389.9
15m,1777063500.0,1.4387,1.4412,1.4387,1.4396,698836.8
15m,1777064400.0,1.4396,1.4424,1.4366,1.4375,1411774.2
15m,1777065300.0,1.4375,1.4384,1.4367,1.4372,629539.7
15m,1777066200.0,1.4372,1.4381,1.4359,1.4371,1002308.7
15m,1777067100.0,1.4371,1.4383,1.4362,1.4369,532222.3
15m,1777068000.0,1.4369,1.4373,1.4356,1.4366,458990.8
15m,1777068900.0,1.4366,1.4367,1.4349,1.435,480393.3
15m,1777069800.0,1.435,1.4351,1.4284,1.4313,1628884.9
15m,1777070700.0,1.4313,1.4324,1.4295,1.4308,3167555.7
15m,1777071600.0,1.4308,1.4327,1.4307,1.4324,430415.0
15m,1777072500.0,1.4324,1.4328,1.4314,1.4322,354379.7
15m,1777073400.0,1.4322,1.4327,1.4311,1.4313,384863.6
15m,1777074300.0,1.4313,1.433,1.431,1.4325,289983.8
15m,1777075200.0,1.4325,1.4338,1.4316,1.432,431488.8
15m,1777076100.0,1.432,1.4333,1.4315,1.4316,371333.7
15m,1777077000.0,1.4316,1.4333,1.4309,1.4309,999340.6
15m,1777077900.0,1.4309,1.433,1.4309,1.4326,459970.8
15m,1777078800.0,1.4326,1.4339,1.4325,1.4338,385455.7
15m,1777079700.0,1.4338,1.4356,1.4327,1.4345,581643.5
15m,1777080600.0,1.4345,1.4358,1.4337,1.435,466107.7
15m,1777081500.0,1.435,1.4363,1.4349,1.4352,256664.5
15m,1777082400.0,1.4352,1.4363,1.4337,1.4344,766928.9
15m,1777083300.0,1.4344,1.4366,1.4339,1.4362,397544.0
15m,1777084200.0,1.4362,1.437,1.433,1.4332,813008.8
15m,1777085100.0,1.4332,1.4334,1.4325,1.4327,339005.5
15m,1777086000.0,1.4327,1.4347,1.4319,1.433,1013709.8
15m,1777086900.0,1.433,1.4339,1.4319,1.4324,335373.1
15m,1777087800.0,1.4324,1.4347,1.4321,1.4346,474751.4
15m,1777088700.0,1.4346,1.4362,1.4345,1.4358,468015.2
15m,1777089600.0,1.4358,1.4364,1.4347,1.4355,282238.6
15m,1777090500.0,1.4355,1.4356,1.4342,1.4342,161568.8
15m,1777091400.0,1.4342,1.4343,1.4328,1.4329,187321.3
15m,1777092300.0,1.4329,1.4336,1.4327,1.4332,359619.7
15m,1777093200.0,1.4332,1.4332,1.4308,1.4312,783191.2
15m,1777094100.0,1.4312,1.4323,1.4305,1.4316,396620.6
15m,1777095000.0,1.4316,1.4328,1.4312,1.432,223631.8
15m,1777095900.0,1.432,1.4327,1.4311,1.4315,603918.9
15m,1777096800.0,1.4315,1.4329,1.4315,1.4328,295850.4
15m,1777097700.0,1.4328,1.4328,1.43,1.4308,735600.0
15m,1777098600.0,1.4308,1.4329,1.4308,1.4323,557598.7
15m,1777099500.0,1.4323,1.4341,1.4318,1.4318,498051.3
15m,1777100400.0,1.4318,1.4318,1.4302,1.4314,529013.6
15m,1777101300.0,1.4314,1.4325,1.4313,1.4325,141531.4
15m,1777102200.0,1.4325,1.434,1.4323,1.4331,730060.5
15m,1777103100.0,1.4331,1.4339,1.4323,1.4325,379828.5
15m,1777104000.0,1.4325,1.4327,1.4316,1.4319,348397.7
15m,1777104900.0,1.4319,1.4332,1.4315,1.4331,687737.4
15m,1777105800.0,1.4331,1.4343,1.433,1.434,407869.6
15m,1777106700.0,1.434,1.4342,1.4335,1.4338,262941.8
15m,1777107600.0,1.4338,1.434,1.4328,1.4332,341312.5
15m,1777108500.0,1.4332,1.4337,1.4321,1.4322,288347.3
15m,1777109400.0,1.4322,1.4356,1.4321,1.435,591364.3
15m,1777110300.0,1.435,1.4359,1.4344,1.4345,536129.5
15m,1777111200.0,1.4345,1.4351,1.4338,1.4342,276748.4
15m,1777112100.0,1.4342,1.4357,1.4339,1.4348,276773.6
15m,1777113000.0,1.4348,1.4357,1.4337,1.4342,356402.9
15m,1777113900.0,1.4342,1.4347,1.4341,1.4346,244972.2
15m,1777114800.0,1.4346,1.4347,1.4323,1.4323,538111.1
15m,1777115700.0,1.4323,1.4324,1.4294,1.4303,1303505.3
15m,1777116600.0,1.4303,1.4306,1.4297,1.4297,784789.1
15m,1777117500.0,1.4297,1.4304,1.4285,1.43,992262.2
15m,1777118400.0,1.43,1.43,1.4277,1.4299,1135093.9
15m,1777119300.0,1.4299,1.4309,1.429,1.4291,663862.1
15m,1777120200.0,1.4291,1.4298,1.4273,1.4281,1275279.4
15m,1777121100.0,1.4281,1.4299,1.428,1.4285,468368.3
15m,1777122000.0,1.4285,1.4295,1.4277,1.4293,510613.5
15m,1777122900.0,1.4293,1.4308,1.4286,1.4301,775608.6
15m,1777123800.0,1.4301,1.4317,1.4298,1.4312,364382.2
15m,1777124700.0,1.4312,1.4313,1.4301,1.4302,436927.1
15m,1777125600.0,1.4302,1.4307,1.4285,1.4296,569761.2
15m,1777126500.0,1.4296,1.4303,1.4284,1.4298,315942.0
15m,1777127400.0,1.4298,1.431,1.4297,1.4299,716471.4
15m,1777128300.0,1.4299,1.4303,1.4283,1.4284,573498.9
15m,1777129200.0,1.4284,1.43,1.4279,1.4294,445053.8
15m,1777130100.0,1.4294,1.4304,1.4294,1.4303,244192.5
15m,1777131000.0,1.4303,1.4305,1.4292,1.4297,468413.6
15m,1777131900.0,1.4297,1.4297,1.4235,1.4248,4404005.5
15m,1777132800.0,1.4248,1.4273,1.4244,1.4269,1316799.5
15m,1777133700.0,1.4269,1.427,1.4241,1.4253,711148.7
15m,1777134600.0,1.4253,1.4255,1.4193,1.4227,3428744.3
15m,1777135500.0,1.4227,1.424,1.422,1.4234,910313.5
15m,1777136400.0,1.4234,1.424,1.4221,1.4223,720672.4
15m,1777137300.0,1.4223,1.4237,1.4191,1.4196,1326493.1
15m,1777138200.0,1.4196,1.4202,1.4181,1.4196,1249967.6
15m,1777139100.0,1.4196,1.4203,1.4188,1.4192,1540136.6
15m,1777140000.0,1.4192,1.4207,1.4186,1.4195,827277.4
15m,1777140900.0,1.4195,1.4209,1.4195,1.4209,566441.7
15m,1777141800.0,1.4209,1.422,1.4208,1.421,802023.6
15m,1777142700.0,1.421,1.4219,1.4203,1.4203,277056.2
15m,1777143600.0,1.4203,1.4207,1.419,1.4197,543257.7
15m,1777144500.0,1.4197,1.4207,1.4183,1.4184,300068.3
15m,1777145400.0,1.4184,1.419,1.4182,1.4184,650634.8
15m,1777146300.0,1.4184,1.4202,1.4183,1.4196,290673.0
15m,1777147200.0,1.4196,1.42,1.4179,1.4191,778741.4
15m,1777148100.0,1.4191,1.4204,1.4191,1.4204,198127.0
15m,1777149000.0,1.4204,1.4204,1.4196,1.4197,227859.1
15m,1777149900.0,1.4197,1.4213,1.4196,1.4212,516776.9
15m,1777150800.0,1.4212,1.4227,1.4211,1.422,815171.3
15m,1777151700.0,1.422,1.4225,1.4213,1.4218,369184.1
15m,1777152600.0,1.4218,1.4219,1.4209,1.4218,433773.7
15m,1777153500.0,1.4218,1.4221,1.4209,1.4221,247216.2
15m,1777154400.0,1.4221,1.4227,1.4214,1.4219,328626.4
15m,1777155300.0,1.4219,1.4231,1.4218,1.4227,199883.5
15m,1777156200.0,1.4227,1.425,1.4227,1.4247,2382980.5
15m,1777157100.0,1.4247,1.4247,1.4226,1.4228,3816034.9
15m,1777158000.0,1.4228,1.4232,1.4219,1.4229,552122.8
15m,1777158900.0,1.4229,1.4231,1.4221,1.4227,243240.5
15m,1777159800.0,1.4227,1.4248,1.4216,1.4235,957383.9
15m,1777160700.0,1.4235,1.4239,1.4227,1.4233,393589.4
15m,1777161600.0,1.4233,1.4235,1.4215,1.4215,704288.0
15m,1777162500.0,1.4215,1.4216,1.4206,1.4208,388742.8
15m,1777163400.0,1.4208,1.4222,1.4202,1.4219,453082.3
15m,1777164300.0,1.4219,1.4219,1.4191,1.4202,1147059.1
15m,1777165200.0,1.4202,1.4207,1.4195,1.4204,321441.9
15m,1777166100.0,1.4204,1.4211,1.4196,1.4197,385741.5
15m,1777167000.0,1.4197,1.4209,1.4195,1.42,353995.3
15m,1777167900.0,1.42,1.42,1.4174,1.4186,2157691.3
15m,1777168800.0,1.4186,1.421,1.4184,1.4209,286181.1
15m,1777169700.0,1.4209,1.4213,1.4206,1.4211,427719.3
15m,1777170600.0,1.4211,1.4219,1.4203,1.4205,253193.2
15m,1777171500.0,1.4205,1.4214,1.4198,1.4211,670485.4
15m,1777172400.0,1.4211,1.4223,1.4203,1.4222,320523.6
15m,1777173300.0,1.4222,1.4232,1.4213,1.4213,722999.7
15m,1777174200.0,1.4213,1.4213,1.4172,1.418,1325537.4
15m,1777175100.0,1.418,1.4183,1.4175,1.418,489978.6
15m,1777176000.0,1.418,1.4201,1.4178,1.419,876199.9
15m,1777176900.0,1.419,1.4198,1.4182,1.4183,156148.2
15m,1777177800.0,1.4183,1.4199,1.4177,1.4196,650558.4
15m,1777178700.0,1.4196,1.4232,1.419,1.4213,1163642.0
15m,1777179600.0,1.4213,1.4267,1.4206,1.4261,2387713.7
15m,1777180500.0,1.4261,1.4286,1.4261,1.4266,2485483.3
15m,1777181400.0,1.4266,1.4278,1.4249,1.4251,623290.8
15m,1777182300.0,1.4251,1.4262,1.4239,1.4247,609471.3
15m,1777183200.0,1.4247,1.4269,1.4247,1.4264,538899.6
15m,1777184100.0,1.4264,1.4266,1.4247,1.4256,295492.3
15m,1777185000.0,1.4256,1.4275,1.4253,1.427,230083.5
15m,1777185900.0,1.427,1.4273,1.4248,1.4266,377723.9
15m,1777186800.0,1.4266,1.4278,1.4259,1.4274,529969.9
15m,1777187700.0,1.4274,1.4282,1.4269,1.4272,286752.6
15m,1777188600.0,1.4272,1.4273,1.4248,1.4256,3037340.6
15m,1777189500.0,1.4256,1.4283,1.4256,1.4279,560706.1
15m,1777190400.0,1.4279,1.4287,1.4263,1.427,816323.1
15m,1777191300.0,1.427,1.4271,1.4251,1.4258,473328.5
15m,1777192200.0,1.4258,1.4288,1.4257,1.4266,652199.2
15m,1777193100.0,1.4266,1.4272,1.4254,1.4257,549770.9
15m,1777194000.0,1.4257,1.426,1.4248,1.4257,485757.4
15m,1777194900.0,1.4257,1.4271,1.4247,1.427,495882.3
15m,1777195800.0,1.427,1.4273,1.426,1.4268,382272.9
15m,1777196700.0,1.4268,1.4278,1.4268,1.4276,510675.3
15m,1777197600.0,1.4276,1.4281,1.4258,1.4276,663074.6
15m,1777198500.0,1.4276,1.4282,1.4271,1.4271,318034.7
15m,1777199400.0,1.4271,1.4273,1.4265,1.4266,456065.5
15m,1777200300.0,1.4266,1.4271,1.4259,1.4269,220175.9
15m,1777201200.0,1.4269,1.428,1.4269,1.4275,441261.2
15m,1777202100.0,1.4275,1.4312,1.4275,1.4308,1483039.2
15m,1777203000.0,1.4308,1.4311,1.4291,1.4298,825415.1
15m,1777203900.0,1.4298,1.4309,1.4289,1.4297,451520.9
15m,1777204800.0,1.4297,1.4308,1.4283,1.4286,461931.2
15m,1777205700.0,1.4286,1.4291,1.4239,1.4262,4490450.8
15m,1777206600.0,1.4262,1.4263,1.4239,1.4259,2194176.9
15m,1777207500.0,1.4259,1.4259,1.4229,1.424,1986654.1
15m,1777208400.0,1.424,1.4252,1.4224,1.4247,917672.5
15m,1777209300.0,1.4247,1.4249,1.4226,1.4238,771756.1
15m,1777210200.0,1.4238,1.4246,1.4228,1.4238,677209.5
15m,1777211100.0,1.4238,1.4239,1.4221,1.4235,438976.9
15m,1777212000.0,1.4235,1.4251,1.4226,1.4249,512304.4
15m,1777212900.0,1.4249,1.4293,1.4244,1.4275,2545503.3
15m,1777213800.0,1.4275,1.4291,1.4266,1.4278,665957.4
15m,1777214700.0,1.4278,1.4285,1.4262,1.4264,490455.0
15m,1777215600.0,1.4264,1.4269,1.4253,1.4257,528533.0
15m,1777216500.0,1.4257,1.4282,1.4254,1.4281,604801.2
15m,1777217400.0,1.4281,1.4285,1.4269,1.4275,626060.3
15m,1777218300.0,1.4275,1.4285,1.4263,1.4284,759343.0
15m,1777219200.0,1.4284,1.4286,1.4264,1.4264,364654.1
15m,1777220100.0,1.4264,1.4268,1.4255,1.4261,458790.7
15m,1777221000.0,1.4261,1.4276,1.4253,1.4256,309541.2
15m,1777221900.0,1.4256,1.4257,1.4243,1.4244,625539.7
15m,1777222800.0,1.4244,1.425,1.421,1.4246,1744543.9
15m,1777223700.0,1.4246,1.4258,1.4241,1.425,491589.1
15m,1777224600.0,1.425,1.425,1.423,1.4245,279141.3
15m,1777225500.0,1.4245,1.4252,1.4239,1.4239,466678.2
15m,1777226400.0,1.4239,1.4276,1.4221,1.4264,1186702.2
15m,1777227300.0,1.4264,1.4294,1.4263,1.4272,1894359.2
15m,1777228200.0,1.4272,1.4276,1.426,1.427,1148907.6
15m,1777229100.0,1.427,1.4286,1.427,1.4283,431851.4
15m,1777230000.0,1.4283,1.4306,1.4273,1.4299,2164824.9
15m,1777230900.0,1.4299,1.4355,1.4291,1.4301,7803748.8
15m,1777231800.0,1.4301,1.431,1.429,1.4301,541275.6
15m,1777232700.0,1.4301,1.4312,1.4293,1.4293,459353.0
15m,1777233600.0,1.4293,1.4308,1.4286,1.4289,512724.9
15m,1777234500.0,1.4289,1.4303,1.4285,1.43,461293.7
15m,1777235400.0,1.43,1.4321,1.4278,1.4279,969451.1
15m,1777236300.0,1.4279,1.4286,1.4265,1.4266,362183.2
15m,1777237200.0,1.4266,1.4288,1.4266,1.4278,2068469.6
15m,1777238100.0,1.4278,1.4294,1.4276,1.4279,439102.1
15m,1777239000.0,1.4279,1.4279,1.4212,1.4223,2358575.8
15m,1777239900.0,1.4223,1.4296,1.4189,1.4279,4587041.8
15m,1777240800.0,1.4279,1.4314,1.4272,1.4302,2761469.4
15m,1777241700.0,1.4302,1.4351,1.4296,1.4304,3578303.9
15m,1777242600.0,1.4304,1.4305,1.4228,1.4262,2999418.9
15m,1777243500.0,1.4262,1.4284,1.4261,1.4263,638100.2
15m,1777244400.0,1.4263,1.4276,1.4253,1.4266,544419.5
15m,1777245300.0,1.4266,1.4295,1.4255,1.4256,478423.8
15m,1777246200.0,1.4256,1.4312,1.4242,1.4312,1333324.6
15m,1777247100.0,1.4312,1.4344,1.4298,1.4301,1830734.9
15m,1777248000.0,1.4301,1.4335,1.4283,1.4287,880064.4
15m,1777248900.0,1.4287,1.4289,1.4247,1.4254,1548143.2
15m,1777249800.0,1.4254,1.4334,1.4243,1.4323,1543440.7
15m,1777250700.0,1.4323,1.4402,1.4309,1.4386,6199973.2
15m,1777251600.0,1.4386,1.4444,1.4386,1.4393,5003781.0
15m,1777252500.0,1.4393,1.4397,1.4341,1.4363,1870539.9
15m,1777253400.0,1.4363,1.4426,1.4362,1.4409,1518388.7
15m,1777254300.0,1.4409,1.4462,1.4409,1.444,3372816.4
15m,1777255200.0,1.444,1.4449,1.4395,1.441,1171948.5
15m,1777256100.0,1.441,1.4438,1.4395,1.4415,735190.8
15m,1777257000.0,1.4415,1.4439,1.4401,1.4412,845928.4
15m,1777257900.0,1.4412,1.4454,1.4412,1.4431,689082.6
15m,1777258800.0,1.4431,1.4446,1.441,1.4425,1215605.5
15m,1777259700.0,1.4425,1.4437,1.4412,1.4431,1195521.9
15m,1777260600.0,1.4431,1.4467,1.4428,1.4457,1388402.9
15m,1777261500.0,1.4457,1.4464,1.4416,1.4418,869205.8
15m,1777262400.0,1.4418,1.4419,1.4394,1.4401,682540.3
15m,1777263300.0,1.4401,1.4411,1.4395,1.441,434027.6
15m,1777264200.0,1.441,1.4416,1.4394,1.4397,469519.8
15m,1777265100.0,1.4397,1.4399,1.4363,1.4394,2825795.2
15m,1777266000.0,1.4394,1.4399,1.4261,1.4266,4986291.1
15m,1777266900.0,1.4266,1.4268,1.4174,1.4193,10346640.4
15m,1777267800.0,1.4193,1.4209,1.4143,1.4193,7868400.6
15m,1777268700.0,1.4193,1.4209,1.4171,1.4185,1775752.5
15m,1777269600.0,1.4185,1.4185,1.4135,1.4177,2491817.6
15m,1777270500.0,1.4177,1.4199,1.4173,1.4181,895821.0
15m,1777271400.0,1.4181,1.4181,1.4116,1.415,2263688.9
15m,1777272300.0,1.415,1.4178,1.4146,1.4171,707397.4
15m,1777273200.0,1.4171,1.4179,1.4147,1.4154,1010782.3
15m,1777274100.0,1.4154,1.4165,1.4132,1.4143,801442.5
15m,1777275000.0,1.4143,1.4145,1.4128,1.4143,823118.9
15m,1777275900.0,1.4143,1.4163,1.4125,1.4135,1863652.0
15m,1777276800.0,1.4135,1.4148,1.4117,1.4139,1961937.2
15m,1777277700.0,1.4139,1.416,1.413,1.413,1010759.6
15m,1777278600.0,1.413,1.4149,1.4125,1.4133,649978.0
15m,1777279500.0,1.4133,1.4174,1.4133,1.4174,1299241.5
15m,1777280400.0,1.4174,1.4182,1.4169,1.4181,846861.6
15m,1777281300.0,1.4181,1.4182,1.4142,1.4152,1126804.7
15m,1777282200.0,1.4152,1.417,1.4145,1.4162,1118175.5
15m,1777283100.0,1.4162,1.417,1.4155,1.4158,1079516.5
15m,1777284000.0,1.4158,1.4158,1.4142,1.4143,840468.9
15m,1777284900.0,1.4143,1.4151,1.4133,1.4145,528646.9
15m,1777285800.0,1.4145,1.4161,1.4143,1.415,516519.0
15m,1777286700.0,1.415,1.4158,1.4141,1.4143,298323.5
15m,1777287600.0,1.4143,1.4143,1.4122,1.4128,1390755.5
15m,1777288500.0,1.4128,1.4142,1.4113,1.4131,1396001.6
15m,1777289400.0,1.4131,1.4136,1.4126,1.4128,891700.8
15m,1777290300.0,1.4128,1.4133,1.4117,1.4126,552935.4
15m,1777291200.0,1.4126,1.4142,1.4116,1.4134,1163396.2
15m,1777292100.0,1.4134,1.414,1.4116,1.4125,927283.8
15m,1777293000.0,1.4125,1.4129,1.4088,1.4101,3221690.6
15m,1777293900.0,1.4101,1.4115,1.4091,1.4101,2130268.0
15m,1777294800.0,1.4101,1.4116,1.4083,1.4087,2214842.2
15m,1777295700.0,1.4087,1.4099,1.4027,1.4061,6235857.0
15m,1777296600.0,1.4061,1.4103,1.4045,1.4072,4203917.2
15m,1777297500.0,1.4072,1.4076,1.395,1.401,10722916.0
15m,1777298400.0,1.401,1.4044,1.3981,1.4044,2672276.1
15m,1777299300.0,1.4044,1.4052,1.4017,1.4023,2170744.1
15m,1777300200.0,1.4023,1.4095,1.4016,1.4088,3567410.6
15m,1777301100.0,1.4088,1.4103,1.4024,1.4033,2334584.8
15m,1777302000.0,1.4033,1.4036,1.3946,1.3969,6520961.6
15m,1777302900.0,1.3969,1.3969,1.3829,1.3883,12178463.0
15m,1777303800.0,1.3883,1.3922,1.3877,1.3898,2940183.1
15m,1777304700.0,1.3898,1.39,1.3849,1.3875,1320097.8
15m,1777305600.0,1.3875,1.3898,1.3863,1.3894,2924156.6
15m,1777306500.0,1.3894,1.3908,1.3857,1.3859,1097720.7
15m,1777307400.0,1.3859,1.3876,1.3836,1.3856,1970252.9
15m,1777308300.0,1.3856,1.3883,1.3855,1.3879,600618.4
15m,1777309200.0,1.3879,1.3923,1.3879,1.3908,1375486.6
15m,1777310100.0,1.3908,1.3945,1.3897,1.3931,874520.6
15m,1777311000.0,1.3931,1.3944,1.3918,1.3936,1105753.7
15m,1777311900.0,1.3936,1.394,1.3919,1.3926,641309.6
15m,1777312800.0,1.3926,1.3958,1.3917,1.3939,5039880.7
15m,1777313700.0,1.3939,1.3962,1.3925,1.3929,629963.7
15m,1777314600.0,1.3929,1.395,1.3922,1.3949,505738.5
15m,1777315500.0,1.3949,1.3967,1.394,1.3948,565070.3
15m,1777316400.0,1.3948,1.3957,1.3925,1.3941,1160328.1
15m,1777317300.0,1.3941,1.3942,1.3877,1.3883,700810.3
15m,1777318200.0,1.3883,1.3918,1.3863,1.3912,1363126.8
15m,1777319100.0,1.3912,1.3927,1.391,1.3923,1079069.8
15m,1777320000.0,1.3923,1.3939,1.3901,1.3902,1236649.9
15m,1777320900.0,1.3902,1.3933,1.3902,1.393,442252.5
15m,1777321800.0,1.393,1.3943,1.3922,1.3926,437480.0
15m,1777322700.0,1.3926,1.3927,1.3914,1.3919,445423.6
15m,1777323600.0,1.3919,1.3931,1.3904,1.3919,1952174.4
15m,1777324500.0,1.3919,1.3926,1.3909,1.3919,476827.9
15m,1777325400.0,1.3919,1.3929,1.391,1.3913,450083.4
15m,1777326300.0,1.3913,1.3913,1.389,1.389,684689.6
15m,1777327200.0,1.389,1.3922,1.3885,1.3914,958642.3
15m,1777328100.0,1.3914,1.3938,1.3909,1.3938,1602339.4
15m,1777329000.0,1.3938,1.3956,1.3937,1.3952,931495.1
15m,1777329900.0,1.3952,1.3964,1.3951,1.3961,550437.8
15m,1777330800.0,1.3961,1.3976,1.3956,1.3958,1484183.9
15m,1777331700.0,1.3958,1.3991,1.3957,1.398,873027.1
15m,1777332600.0,1.398,1.3995,1.3979,1.399,537947.6
15m,1777333500.0,1.399,1.4012,1.3984,1.3998,1010592.1
15m,1777334400.0,1.3998,1.4,1.3973,1.3977,814666.9
15m,1777335300.0,1.3977,1.3987,1.3944,1.395,719868.0
15m,1777336200.0,1.395,1.3989,1.3949,1.3984,603765.1
15m,1777337100.0,1.3984,1.3995,1.3967,1.3971,696514.8
15m,1777338000.0,1.3971,1.3986,1.3968,1.3983,363635.7
15m,1777338900.0,1.3983,1.3983,1.3961,1.3972,352992.0
15m,1777339800.0,1.3972,1.3973,1.3953,1.3958,450844.0
15m,1777340700.0,1.3958,1.3974,1.3955,1.3966,542233.8
15m,1777341600.0,1.3966,1.3984,1.3963,1.3969,343557.5
15m,1777342500.0,1.3969,1.3984,1.3955,1.3956,716548.1
15m,1777343400.0,1.3956,1.3957,1.3908,1.391,2447483.2
15m,1777344300.0,1.391,1.3933,1.3903,1.3927,1093710.1
15m,1777345200.0,1.3927,1.3931,1.3907,1.3919,762414.0
15m,1777346100.0,1.3919,1.392,1.3877,1.3891,1908201.2
15m,1777347000.0,1.3891,1.3905,1.3889,1.3896,686608.1
15m,1777347900.0,1.3896,1.3926,1.3893,1.392,673500.9
15m,1777348800.0,1.392,1.3927,1.3902,1.3926,801986.0
15m,1777349700.0,1.3926,1.3936,1.3897,1.3911,1888160.3
15m,1777350600.0,1.3911,1.393,1.3905,1.3918,963845.8
15m,1777351500.0,1.3918,1.3928,1.3917,1.3918,346485.9
15m,1777352400.0,1.3918,1.3942,1.3917,1.3926,874954.7
15m,1777353300.0,1.3926,1.3967,1.3918,1.395,1250470.7
15m,1777354200.0,1.395,1.3952,1.3913,1.3918,776093.9
15m,1777355100.0,1.3918,1.3937,1.3918,1.3927,448824.3
15m,1777356000.0,1.3927,1.3964,1.3927,1.3944,685207.5
15m,1777356900.0,1.3944,1.3946,1.3913,1.3929,627082.4
15m,1777357800.0,1.3929,1.3934,1.3857,1.3863,2570882.9
15m,1777358700.0,1.3863,1.3888,1.3854,1.3882,1773495.7
15m,1777359600.0,1.3882,1.3889,1.3863,1.3866,1098595.2
15m,1777360500.0,1.3866,1.3876,1.3838,1.3871,2761862.6
15m,1777361400.0,1.3871,1.3909,1.387,1.3905,960486.1
15m,1777362300.0,1.3905,1.3926,1.39,1.3922,1073877.5
15m,1777363200.0,1.3922,1.3924,1.3902,1.3914,832703.1
15m,1777364100.0,1.3914,1.395,1.3914,1.3947,931786.9
15m,1777365000.0,1.3947,1.3952,1.3915,1.392,816827.8
15m,1777365900.0,1.392,1.3924,1.3908,1.3917,502955.5
15m,1777366800.0,1.3917,1.3919,1.3903,1.3911,445923.7
15m,1777367700.0,1.3911,1.3917,1.39,1.3911,478288.0
15m,1777368600.0,1.3911,1.3911,1.3881,1.3888,1268650.6
15m,1777369500.0,1.3888,1.3889,1.3855,1.3866,1278562.1
15m,1777370400.0,1.3866,1.3891,1.3862,1.3864,1258385.2
15m,1777371300.0,1.3864,1.3875,1.3856,1.3863,832637.9
15m,1777372200.0,1.3863,1.388,1.3854,1.3879,1837612.9
15m,1777373100.0,1.3879,1.3879,1.3861,1.3872,416526.2
15m,1777374000.0,1.3872,1.3879,1.3856,1.3857,1352954.4
15m,1777374900.0,1.3857,1.387,1.3841,1.3858,1795972.9
15m,1777375800.0,1.3858,1.3867,1.3818,1.3846,3122534.9
15m,1777376700.0,1.3846,1.3846,1.3783,1.3807,4967113.9
15m,1777377600.0,1.3807,1.3817,1.38,1.3807,1410360.5
15m,1777378500.0,1.3807,1.3833,1.3779,1.3802,3526522.9
15m,1777379400.0,1.3802,1.3825,1.379,1.382,1113759.0
15m,1777380300.0,1.382,1.3842,1.3811,1.3823,1573413.4
15m,1777381200.0,1.3823,1.3824,1.374,1.3766,5415236.6
15m,1777382100.0,1.3766,1.3805,1.375,1.3788,3162942.6
15m,1777383000.0,1.3788,1.3825,1.3768,1.3814,2347598.4
15m,1777383900.0,1.3814,1.3833,1.374,1.3775,4189110.4
15m,1777384800.0,1.3775,1.3775,1.3705,1.3731,6335773.4
15m,1777385700.0,1.3731,1.3746,1.367,1.3708,6229486.1
15m,1777386600.0,1.3708,1.3726,1.3669,1.37,3506994.2
15m,1777387500.0,1.37,1.371,1.3676,1.3692,2578362.0
15m,1777388400.0,1.3692,1.372,1.3692,1.3711,2422612.3
15m,1777389300.0,1.3711,1.3716,1.3695,1.3707,1518144.7
15m,1777390200.0,1.3707,1.3767,1.3684,1.3726,10452399.1
15m,1777391100.0,1.3726,1.3753,1.3721,1.3747,1809534.1
15m,1777392000.0,1.3747,1.3764,1.373,1.3747,2280235.0
15m,1777392900.0,1.3747,1.3759,1.3732,1.3736,766930.5
15m,1777393800.0,1.3736,1.3739,1.3702,1.3702,805487.6
15m,1777394700.0,1.3702,1.3769,1.3697,1.3762,1966578.7
15m,1777395600.0,1.3762,1.3776,1.3752,1.3754,1113485.0
15m,1777396500.0,1.3754,1.3762,1.3736,1.3752,605067.6
15m,1777397400.0,1.3752,1.3806,1.3749,1.3798,1351437.0
15m,1777398300.0,1.3798,1.38,1.3758,1.3779,9639197.9
15m,1777399200.0,1.3779,1.3816,1.3778,1.3793,1703425.5
15m,1777400100.0,1.3793,1.3817,1.3792,1.3814,883605.7
15m,1777401000.0,1.3814,1.3817,1.3786,1.3787,987927.9
15m,1777401900.0,1.3787,1.3817,1.3783,1.3815,821786.6
15m,1777402800.0,1.3815,1.3816,1.3788,1.3788,1316598.4
15m,1777403700.0,1.3788,1.3796,1.3768,1.3791,1335214.9
15m,1777404600.0,1.3791,1.3806,1.3782,1.3805,624899.4
15m,1777405500.0,1.3805,1.3861,1.3805,1.3819,17820665.3
15m,1777406400.0,1.3819,1.3843,1.3806,1.382,6348830.8
15m,1777407300.0,1.382,1.383,1.3811,1.3823,549943.6
15m,1777408200.0,1.3823,1.3834,1.3818,1.3819,684670.8
15m,1777409100.0,1.3819,1.383,1.3819,1.3822,488524.9
15m,1777410000.0,1.3822,1.3833,1.3805,1.3811,1294698.5
15m,1777410900.0,1.3811,1.3815,1.3787,1.3792,402941.5
15m,1777411800.0,1.3792,1.3801,1.378,1.3782,708281.2
15m,1777412700.0,1.3782,1.3804,1.3777,1.3795,734083.4
15m,1777413600.0,1.3795,1.385,1.3795,1.3812,10136197.0
15m,1777414500.0,1.3812,1.3813,1.3799,1.381,382235.6
15m,1777415400.0,1.381,1.3812,1.3775,1.3788,1483889.7
15m,1777416300.0,1.3788,1.3792,1.378,1.3792,485398.3
15m,1777417200.0,1.3792,1.381,1.3778,1.38,957358.1
15m,1777418100.0,1.38,1.3804,1.3782,1.3789,256363.0
15m,1777419000.0,1.3789,1.3803,1.3783,1.3799,299368.2
15m,1777419900.0,1.3799,1.381,1.3798,1.38,354171.3
15m,1777420800.0,1.38,1.3809,1.3774,1.3792,2840956.9
15m,1777421700.0,1.3792,1.3801,1.3774,1.3774,8089439.6
15m,1777422600.0,1.3774,1.3812,1.3774,1.3805,818009.0
15m,1777423500.0,1.3805,1.3857,1.3798,1.3823,5908286.8
15m,1777424400.0,1.3823,1.3832,1.3794,1.3797,747388.1
15m,1777425300.0,1.3797,1.3807,1.3767,1.3779,3306467.2
15m,1777426200.0,1.3779,1.3791,1.3761,1.3791,605509.5
15m,1777427100.0,1.3791,1.3827,1.3787,1.3811,726557.0
15m,1777428000.0,1.3811,1.3829,1.3803,1.3805,531179.2
15m,1777428900.0,1.3805,1.3828,1.3797,1.3801,7624273.7
15m,1777429800.0,1.3801,1.3807,1.3785,1.3786,461339.3
15m,1777430700.0,1.3786,1.3799,1.3783,1.3792,363900.0
15m,1777431600.0,1.3792,1.3818,1.3788,1.381,314510.3
15m,1777432500.0,1.381,1.3883,1.3809,1.3861,8169833.2
15m,1777433400.0,1.3861,1.389,1.3838,1.3886,2292762.1
15m,1777434300.0,1.3886,1.3889,1.3871,1.3882,1000322.5
15m,1777435200.0,1.3882,1.3886,1.3866,1.3873,864809.1
15m,1777436100.0,1.3873,1.3902,1.3873,1.3891,1357247.7
15m,1777437000.0,1.3891,1.3966,1.3891,1.3951,3578416.4
15m,1777437900.0,1.3951,1.3963,1.3936,1.3941,1425415.0
15m,1777438800.0,1.3941,1.395,1.3932,1.3934,1385442.7
15m,1777439700.0,1.3934,1.3941,1.3932,1.3941,965165.2
15m,1777440600.0,1.3941,1.3942,1.3932,1.3935,798729.0
15m,1777441500.0,1.3935,1.3963,1.3935,1.3954,1272002.5
15m,1777442400.0,1.3954,1.396,1.3927,1.3937,5385464.3
15m,1777443300.0,1.3937,1.3946,1.3923,1.3944,1299825.2
15m,1777444200.0,1.3944,1.3955,1.3918,1.3918,816356.1
15m,1777445100.0,1.3918,1.3923,1.3899,1.3915,1263514.2
15m,1777446000.0,1.3915,1.3924,1.3903,1.3914,599351.9
15m,1777446900.0,1.3914,1.3918,1.3901,1.3906,805524.6
15m,1777447800.0,1.3906,1.3952,1.3906,1.3928,2399467.6
15m,1777448700.0,1.3928,1.3932,1.3904,1.3915,2947990.2
15m,1777449600.0,1.3915,1.392,1.3885,1.3897,1459149.2
15m,1777450500.0,1.3897,1.3924,1.3889,1.3913,1567768.9
15m,1777451400.0,1.3913,1.3913,1.3882,1.3907,701874.9
15m,1777452300.0,1.3907,1.3911,1.3901,1.3907,234616.0
15m,1777453200.0,1.3907,1.3933,1.3898,1.3931,598415.2
15m,1777454100.0,1.3931,1.3994,1.3923,1.3961,3981392.4
15m,1777455000.0,1.3961,1.3961,1.3923,1.3954,5168693.7
15m,1777455900.0,1.3954,1.4055,1.3917,1.4029,14454354.3
15m,1777456800.0,1.4029,1.4061,1.4024,1.4035,5886091.1
15m,1777457700.0,1.4035,1.4041,1.4002,1.4035,3099966.5
15m,1777458600.0,1.4035,1.4037,1.3966,1.3973,2203890.5
15m,1777459500.0,1.3973,1.3997,1.3947,1.3969,6289244.1
15m,1777460400.0,1.3969,1.397,1.3904,1.3947,7344607.7
15m,1777461300.0,1.3947,1.3951,1.3927,1.3928,1361943.2
15m,1777462200.0,1.3928,1.3947,1.3922,1.3928,1098131.8
15m,1777463100.0,1.3928,1.3945,1.3915,1.3941,6406843.8
15m,1777464000.0,1.3941,1.3943,1.3845,1.3845,19829608.9
15m,1777464900.0,1.3845,1.386,1.3777,1.3817,12411492.7
15m,1777465800.0,1.3817,1.3819,1.3788,1.3812,1871309.7
15m,1777466700.0,1.3812,1.3829,1.3807,1.3824,3471105.7
15m,1777467600.0,1.3824,1.3835,1.3819,1.3829,3603456.1
15m,1777468500.0,1.3829,1.383,1.3709,1.375,12426811.7
15m,1777469400.0,1.375,1.3763,1.3704,1.3719,5724394.3
15m,1777470300.0,1.3719,1.376,1.3692,1.3747,3140974.2
15m,1777471200.0,1.3747,1.3748,1.369,1.3709,3394544.3
15m,1777472100.0,1.3709,1.3757,1.3695,1.3749,2366476.5
15m,1777473000.0,1.3749,1.3772,1.3733,1.3737,2453293.0
15m,1777473900.0,1.3737,1.3743,1.3696,1.3714,2306696.0
15m,1777474800.0,1.3714,1.3724,1.3607,1.3644,7065355.3
15m,1777475700.0,1.3644,1.3679,1.3621,1.367,2830570.5
15m,1777476600.0,1.367,1.3687,1.3581,1.3597,7160670.6
15m,1777477500.0,1.3597,1.3619,1.3576,1.361,3606863.2
15m,1777478400.0,1.361,1.366,1.3602,1.3642,2310289.2
15m,1777479300.0,1.3642,1.3655,1.3595,1.3624,2633018.7
15m,1777480200.0,1.3624,1.3665,1.359,1.3654,3094206.7
15m,1777481100.0,1.3654,1.3655,1.356,1.3627,6500384.8
15m,1777482000.0,1.3627,1.3655,1.3625,1.3645,1885532.9
15m,1777482900.0,1.3645,1.3675,1.362,1.3633,2178471.5
15m,1777483800.0,1.3633,1.365,1.3628,1.3648,1160887.2
15m,1777484700.0,1.3648,1.3672,1.3629,1.3672,1394651.1
15m,1777485600.0,1.3672,1.3698,1.3441,1.3523,16158605.1
15m,1777486500.0,1.3523,1.3544,1.3484,1.3507,3777618.3
15m,1777487400.0,1.3507,1.354,1.3458,1.3517,3235739.3
15m,1777488300.0,1.3517,1.3569,1.3499,1.3568,3722586.9
15m,1777489200.0,1.3568,1.3574,1.3529,1.3571,1289230.5
15m,1777490100.0,1.3571,1.3579,1.3551,1.3554,805248.0
15m,1777491000.0,1.3554,1.3555,1.3507,1.352,1549567.7
15m,1777491900.0,1.352,1.3544,1.3513,1.3526,732347.2
15m,1777492800.0,1.3526,1.3613,1.3525,1.3576,14817909.4
15m,1777493700.0,1.3576,1.3619,1.3573,1.3609,4432078.2
15m,1777494600.0,1.3609,1.3648,1.3608,1.3628,4939914.5
15m,1777495500.0,1.3628,1.3645,1.3618,1.362,1161846.7
15m,1777496400.0,1.362,1.3661,1.3612,1.3652,2049469.7
15m,1777497300.0,1.3652,1.3681,1.3647,1.3665,1449372.9
15m,1777498200.0,1.3665,1.3681,1.3658,1.3679,775940.0
15m,1777499100.0,1.3679,1.3737,1.3677,1.368,4789948.7
15m,1777500000.0,1.368,1.3688,1.3665,1.3682,1423711.8
15m,1777500900.0,1.3682,1.3693,1.3664,1.3667,794959.0
15m,1777501800.0,1.3667,1.3699,1.3667,1.3691,441630.3
15m,1777502700.0,1.3691,1.3702,1.3687,1.3692,248325.3
15m,1777503600.0,1.3692,1.3696,1.3675,1.369,484143.4
15m,1777504500.0,1.369,1.3691,1.364,1.3666,1502546.8
15m,1777505400.0,1.3666,1.3697,1.3665,1.3693,443618.5
15m,1777506300.0,1.3693,1.3704,1.3683,1.3686,348424.0
15m,1777507200.0,1.3686,1.3711,1.3686,1.3697,843132.0
15m,1777508100.0,1.3697,1.3717,1.3692,1.3715,540487.9
15m,1777509000.0,1.3715,1.3796,1.3715,1.3778,3574527.2
15m,1777509900.0,1.3778,1.3845,1.3778,1.3822,3047384.1
15m,1777510800.0,1.3822,1.3839,1.3758,1.379,10770477.5
15m,1777511700.0,1.379,1.3802,1.3766,1.3788,926711.9
15m,1777512600.0,1.3788,1.3804,1.3776,1.3792,1192322.2
15m,1777513500.0,1.3792,1.3821,1.3781,1.3787,572466.8
15m,1777514400.0,1.3787,1.3809,1.3787,1.3796,412932.8
15m,1777515300.0,1.3796,1.3801,1.3768,1.3771,513695.1
15m,1777516200.0,1.3771,1.3771,1.3673,1.3687,2748761.7
15m,1777517100.0,1.3687,1.374,1.3667,1.3724,10333197.0
15m,1777518000.0,1.3724,1.373,1.3707,1.371,653480.7
15m,1777518900.0,1.371,1.3726,1.3702,1.3726,459824.7
15m,1777519800.0,1.3726,1.3749,1.3711,1.3738,618656.8
15m,1777520700.0,1.3738,1.3738,1.3724,1.3726,321736.3
15m,1777521600.0,1.3726,1.3727,1.3671,1.3677,1199383.8
15m,1777522500.0,1.3677,1.368,1.3647,1.3665,1194902.9
15m,1777523400.0,1.3665,1.3665,1.3601,1.3606,1767428.4
15m,1777524300.0,1.3606,1.363,1.3592,1.3621,5262630.1
15m,1777525200.0,1.3621,1.365,1.3614,1.3636,2340310.3
15m,1777526100.0,1.3636,1.3639,1.3579,1.3603,1374941.0
15m,1777527000.0,1.3603,1.3665,1.3602,1.3657,1570452.4
15m,1777527900.0,1.3657,1.3669,1.3636,1.3637,1051834.1
15m,1777528800.0,1.3637,1.3639,1.3595,1.362,3321523.7
15m,1777529700.0,1.362,1.3647,1.3619,1.3644,849490.2
15m,1777530600.0,1.3644,1.371,1.3644,1.3679,3667804.0
15m,1777531500.0,1.3679,1.3687,1.3671,1.3681,450083.9
15m,1777532400.0,1.3681,1.3691,1.3667,1.3681,397931.5
15m,1777533300.0,1.3681,1.37,1.368,1.3697,293327.9
15m,1777534200.0,1.3697,1.372,1.3696,1.3716,759551.7
15m,1777535100.0,1.3716,1.3746,1.371,1.374,1199600.7
15m,1777536000.0,1.374,1.3758,1.3728,1.3742,1517297.7
15m,1777536900.0,1.3742,1.3746,1.3716,1.3726,1449332.5
15m,1777537800.0,1.3726,1.3735,1.372,1.3731,551358.9
15m,1777538700.0,1.3731,1.3743,1.3717,1.3719,904836.4
15m,1777539600.0,1.3719,1.3732,1.3712,1.3724,590638.4
15m,1777540500.0,1.3724,1.3755,1.3714,1.3755,769953.3
15m,1777541400.0,1.3755,1.3792,1.3737,1.3737,1290024.3
15m,1777542300.0,1.3737,1.3755,1.3726,1.3727,371987.1
15m,1777543200.0,1.3727,1.3742,1.3716,1.3716,491129.9
15m,1777544100.0,1.3716,1.3722,1.3694,1.3697,826095.0
15m,1777545000.0,1.3697,1.3713,1.3693,1.3703,1105600.3
15m,1777545900.0,1.3703,1.3711,1.3685,1.3697,874250.5
15m,1777546800.0,1.3697,1.3752,1.3696,1.3732,2010709.4
15m,1777547700.0,1.3732,1.3739,1.3709,1.3719,841926.2
15m,1777548600.0,1.3719,1.3719,1.367,1.368,747660.0
15m,1777549500.0,1.368,1.3699,1.3654,1.3687,1361063.6
15m,1777550400.0,1.3687,1.3708,1.3682,1.3706,481278.4
15m,1777551300.0,1.3706,1.3744,1.3706,1.373,1060477.6
15m,1777552200.0,1.373,1.3752,1.37,1.3706,1183322.6
15m,1777553100.0,1.3706,1.372,1.369,1.369,1303082.9
15m,1777554000.0,1.369,1.3701,1.3671,1.3683,1147190.4
15m,1777554900.0,1.3683,1.3702,1.366,1.3666,755141.7
15m,1777555800.0,1.3666,1.3736,1.3643,1.3735,2498493.3
15m,1777556700.0,1.3735,1.3738,1.3688,1.3691,1389968.4
15m,1777557600.0,1.3691,1.3715,1.3657,1.3666,1521329.4
15m,1777558500.0,1.3666,1.3669,1.3618,1.366,2083783.5
15m,1777559400.0,1.366,1.3718,1.3651,1.3679,1909151.1
15m,1777560300.0,1.3679,1.3708,1.3671,1.3675,1006542.8
15m,1777561200.0,1.3675,1.37,1.3641,1.3696,1471322.5
15m,1777562100.0,1.3696,1.37,1.368,1.37,518758.6
15m,1777563000.0,1.37,1.3745,1.3675,1.369,1463900.5
15m,1777563900.0,1.369,1.3703,1.3654,1.3686,789623.3
15m,1777564800.0,1.3686,1.3689,1.3662,1.3681,486581.6
15m,1777565700.0,1.3681,1.3683,1.3648,1.3664,614994.0
15m,1777566600.0,1.3664,1.3667,1.3651,1.3656,320360.8
15m,1777567500.0,1.3656,1.3677,1.3642,1.3652,492741.7
15m,1777568400.0,1.3652,1.3659,1.3636,1.3644,425830.4
15m,1777569300.0,1.3644,1.3644,1.3618,1.3641,633667.5
15m,1777570200.0,1.3641,1.3671,1.3641,1.3651,557697.2
15m,1777571100.0,1.3651,1.3704,1.3651,1.3674,7539347.7
15m,1777572000.0,1.3674,1.3708,1.366,1.3673,1406447.4
15m,1777572900.0,1.3673,1.3703,1.367,1.3672,338048.5
15m,1777573800.0,1.3672,1.37,1.3669,1.3693,1355852.8
15m,1777574700.0,1.3693,1.371,1.3691,1.3693,252558.2
15m,1777575600.0,1.3693,1.3724,1.3684,1.3719,740445.5
15m,1777576500.0,1.3719,1.3735,1.3712,1.3724,485202.9
15m,1777577400.0,1.3724,1.3734,1.3711,1.3716,528512.5
15m,1777578300.0,1.3716,1.3716,1.3689,1.3696,630106.4
15m,1777579200.0,1.3696,1.3697,1.3673,1.3687,491133.9
15m,1777580100.0,1.3687,1.3709,1.3678,1.3693,347424.0
15m,1777581000.0,1.3693,1.3709,1.3686,1.3701,286323.7
15m,1777581900.0,1.3701,1.3707,1.369,1.369,286815.5
15m,1777582800.0,1.369,1.372,1.3684,1.372,3022834.0
15m,1777583700.0,1.372,1.372,1.3672,1.3676,1181866.4
15m,1777584600.0,1.3676,1.3689,1.3668,1.367,422490.3
15m,1777585500.0,1.367,1.3672,1.3652,1.3653,460403.0
15m,1777586400.0,1.3653,1.3677,1.3643,1.3661,3870137.9
15m,1777587300.0,1.3661,1.3674,1.3661,1.367,288431.5
15m,1777588200.0,1.367,1.3672,1.3641,1.3653,225419.8
15m,1777589100.0,1.3653,1.3658,1.3635,1.3642,581223.5
15m,1777590000.0,1.3642,1.3655,1.3637,1.3648,302538.1
15m,1777590900.0,1.3648,1.366,1.3644,1.366,618821.6
15m,1777591800.0,1.366,1.3672,1.3659,1.3662,330208.9
15m,1777592700.0,1.3662,1.3676,1.3656,1.3672,530640.0
15m,1777593600.0,1.3672,1.3728,1.3671,1.3698,3208305.8
15m,1777594500.0,1.3698,1.3717,1.3688,1.3688,797361.9
15m,1777595400.0,1.3688,1.3697,1.3657,1.3681,1626154.0
15m,1777596300.0,1.3681,1.37,1.3637,1.3682,3706053.3
15m,1777597200.0,1.3682,1.3729,1.3678,1.3721,2624867.2
15m,1777598100.0,1.3721,1.3737,1.3658,1.3664,3393871.2
15m,1777599000.0,1.3664,1.3706,1.365,1.3697,3157379.8
15m,1777599900.0,1.3697,1.3717,1.369,1.3705,887439.7
15m,1777600800.0,1.3705,1.3713,1.369,1.3695,712404.6
15m,1777601700.0,1.3695,1.3707,1.3677,1.3691,468873.4
15m,1777602600.0,1.3691,1.3698,1.3676,1.3698,350147.6
15m,1777603500.0,1.3698,1.3702,1.3683,1.3695,703774.0
15m,1777604400.0,1.3695,1.3711,1.3679,1.3705,481516.0
15m,1777605300.0,1.3705,1.3797,1.3704,1.3787,8209708.3
15m,1777606200.0,1.3787,1.3796,1.3738,1.3762,2699305.6
15m,1777607100.0,1.3762,1.3773,1.3749,1.3757,539232.2
15m,1777608000.0,1.3757,1.3778,1.3753,1.3764,511096.8
15m,1777608900.0,1.3764,1.3781,1.3736,1.3744,1522024.8
15m,1777609800.0,1.3744,1.3755,1.374,1.375,754062.0
15m,1777610700.0,1.375,1.3761,1.3741,1.3751,653342.0
15m,1777611600.0,1.3751,1.3778,1.374,1.377,820251.9
15m,1777612500.0,1.377,1.3771,1.3747,1.3747,447731.3
15m,1777613400.0,1.3747,1.3757,1.3743,1.3756,314386.4
15m,1777614300.0,1.3756,1.3769,1.3751,1.376,320630.7
15m,1777615200.0,1.376,1.3774,1.3756,1.3771,677504.0
15m,1777616100.0,1.3771,1.3783,1.3766,1.3768,687405.9
15m,1777617000.0,1.3768,1.3769,1.3722,1.3743,987238.2
15m,1777617900.0,1.3743,1.3745,1.3713,1.3726,848725.7
15m,1777618800.0,1.3726,1.3745,1.3715,1.3731,750191.9
15m,1777619700.0,1.3731,1.3748,1.371,1.3717,2095938.0
15m,1777620600.0,1.3717,1.3741,1.3711,1.3731,1878121.4
15m,1777621500.0,1.3731,1.3751,1.3731,1.3741,766341.3
15m,1777622400.0,1.3741,1.377,1.3735,1.377,490093.0
15m,1777623300.0,1.377,1.3801,1.3766,1.379,2712145.9
15m,1777624200.0,1.379,1.3792,1.3777,1.3778,443324.0
15m,1777625100.0,1.3778,1.3784,1.3772,1.3778,417488.1
15m,1777626000.0,1.3778,1.3781,1.3765,1.378,565085.1
15m,1777626900.0,1.378,1.378,1.3758,1.376,725074.9
15m,1777627800.0,1.376,1.3763,1.375,1.3762,447832.3
15m,1777628700.0,1.3762,1.3762,1.3733,1.3747,562920.5
15m,1777629600.0,1.3747,1.3748,1.3712,1.3728,1471513.0
15m,1777630500.0,1.3728,1.3755,1.3723,1.3748,827643.6
15m,1777631400.0,1.3748,1.3751,1.3732,1.3738,421564.4
15m,1777632300.0,1.3738,1.3762,1.3737,1.376,580885.2
15m,1777633200.0,1.376,1.3769,1.3757,1.3768,333417.8
15m,1777634100.0,1.3768,1.3793,1.3759,1.376,746462.4
15m,1777635000.0,1.376,1.3768,1.3749,1.3757,389806.5
15m,1777635900.0,1.3757,1.3774,1.3749,1.3774,279543.4
15m,1777636800.0,1.3774,1.3815,1.3766,1.379,1875775.3
15m,1777637700.0,1.379,1.3861,1.3787,1.3838,4429105.0
15m,1777638600.0,1.3838,1.387,1.3835,1.3837,3843966.0
15m,1777639500.0,1.3837,1.3842,1.3826,1.3827,1497125.0
15m,1777640400.0,1.3827,1.3896,1.3827,1.3887,3569935.0
15m,1777641300.0,1.3887,1.3897,1.3877,1.3879,1440203.6
15m,1777642200.0,1.3879,1.3942,1.3872,1.3912,3871341.1
15m,1777643100.0,1.3912,1.3992,1.3899,1.3977,6108229.4
15m,1777644000.0,1.3977,1.3997,1.394,1.3961,2945874.5
15m,1777644900.0,1.3961,1.3972,1.3891,1.3913,3386852.3
15m,1777645800.0,1.3913,1.3925,1.3886,1.3917,2257895.6
15m,1777646700.0,1.3917,1.3958,1.3908,1.3939,1277538.2
15m,1777647600.0,1.3939,1.3948,1.3915,1.3945,773792.8
15m,1777648500.0,1.3945,1.3981,1.3942,1.3964,1540571.9
15m,1777649400.0,1.3964,1.3991,1.3957,1.3978,1453560.9
15m,1777650300.0,1.3978,1.3981,1.3902,1.3952,4225996.0
15m,1777651200.0,1.3952,1.3979,1.3933,1.3935,1547351.5
15m,1777652100.0,1.3935,1.3955,1.3912,1.3934,2297807.3
15m,1777653000.0,1.3934,1.3947,1.3919,1.393,436828.4
15m,1777653900.0,1.393,1.3931,1.3909,1.3909,1063877.1
15m,1777654800.0,1.3909,1.3917,1.388,1.3915,1848137.8
15m,1777655700.0,1.3915,1.3924,1.3899,1.3907,1915620.2
15m,1777656600.0,1.3907,1.3927,1.3891,1.392,1299015.6
15m,1777657500.0,1.392,1.3946,1.3917,1.3941,1033082.5
15m,1777658400.0,1.3941,1.3944,1.3922,1.393,441514.3
15m,1777659300.0,1.393,1.3949,1.3923,1.3942,551606.2
15m,1777660200.0,1.3942,1.3942,1.3925,1.3926,414636.6
15m,1777661100.0,1.3926,1.3938,1.3921,1.393,867238.6
15m,1777662000.0,1.393,1.3952,1.3927,1.3949,620188.9
15m,1777662900.0,1.3949,1.395,1.3921,1.3943,563893.4
15m,1777663800.0,1.3943,1.3943,1.3914,1.3919,523597.6
15m,1777664700.0,1.3919,1.3938,1.3919,1.393,765377.6
15m,1777665600.0,1.393,1.394,1.3899,1.3903,1352238.4
15m,1777666500.0,1.3903,1.3905,1.3871,1.3892,1393033.3
15m,1777667400.0,1.3892,1.3899,1.3856,1.3859,991407.6
15m,1777668300.0,1.3859,1.3871,1.382,1.3839,2307892.3
15m,1777669200.0,1.3839,1.386,1.3833,1.3852,759992.1
15m,1777670100.0,1.3852,1.3869,1.3847,1.3855,644657.9
15m,1777671000.0,1.3855,1.3881,1.3855,1.3873,810646.6
15m,1777671900.0,1.3873,1.3884,1.3867,1.3879,315750.4
15m,1777672800.0,1.3879,1.3891,1.3871,1.3877,537203.5
15m,1777673700.0,1.3877,1.3892,1.3876,1.3877,479266.8
15m,1777674600.0,1.3877,1.3877,1.3856,1.386,363897.0
15m,1777675500.0,1.386,1.386,1.3827,1.3828,1236718.5
15m,1777676400.0,1.3828,1.3845,1.3805,1.3831,2745201.5
15m,1777677300.0,1.3831,1.3839,1.3812,1.3813,789330.1
15m,1777678200.0,1.3813,1.3842,1.3811,1.3837,702989.4
15m,1777679100.0,1.3837,1.385,1.3831,1.3849,735988.5
15m,1777680000.0,1.3849,1.3862,1.3849,1.3853,1131983.2
15m,1777680900.0,1.3853,1.3872,1.384,1.3864,1387687.9
15m,1777681800.0,1.3864,1.3888,1.3859,1.3885,1851729.1
15m,1777682700.0,1.3885,1.3895,1.3846,1.3857,3651345.6
15m,1777683600.0,1.3857,1.3869,1.3843,1.3868,1345386.8
15m,1777684500.0,1.3868,1.3868,1.3847,1.3858,306958.2
15m,1777685400.0,1.3858,1.3879,1.3847,1.3859,509077.7
15m,1777686300.0,1.3859,1.3859,1.3835,1.3841,732233.1
15m,1777687200.0,1.3841,1.3857,1.3798,1.3849,5456748.1
15m,1777688100.0,1.3849,1.3858,1.3836,1.3838,427392.7
15m,1777689000.0,1.3838,1.3856,1.3836,1.3849,545675.7
15m,1777689900.0,1.3849,1.3876,1.3844,1.3849,663651.5
15m,1777690800.0,1.3849,1.3862,1.3831,1.3836,774798.5
15m,1777691700.0,1.3836,1.3862,1.3833,1.3858,583839.0
15m,1777692600.0,1.3858,1.3876,1.3848,1.3848,384017.1
15m,1777693500.0,1.3848,1.3861,1.3841,1.3851,511913.7
15m,1777694400.0,1.3851,1.3853,1.3826,1.3834,1064651.8
15m,1777695300.0,1.3834,1.3835,1.3825,1.3827,394217.1
15m,1777696200.0,1.3827,1.3841,1.3821,1.3832,487431.1
15m,1777697100.0,1.3832,1.3841,1.3819,1.3839,1266259.3
15m,1777698000.0,1.3839,1.3843,1.383,1.3836,1227184.7
15m,1777698900.0,1.3836,1.3837,1.382,1.3827,1446637.9
15m,1777699800.0,1.3827,1.3839,1.3826,1.3829,220158.7
15m,1777700700.0,1.3829,1.3838,1.3825,1.383,530568.2
15m,1777701600.0,1.383,1.3853,1.3829,1.3845,1321452.2
15m,1777702500.0,1.3845,1.3851,1.3834,1.3835,752367.6
15m,1777703400.0,1.3835,1.385,1.3834,1.3846,264063.6
15m,1777704300.0,1.3846,1.387,1.3846,1.3865,562161.7
15m,1777705200.0,1.3865,1.3875,1.3858,1.3859,854845.5
15m,1777706100.0,1.3859,1.386,1.3851,1.3859,469156.2
15m,1777707000.0,1.3859,1.3871,1.3858,1.3859,296714.8
15m,1777707900.0,1.3859,1.3863,1.3846,1.3847,126043.6
15m,1777708800.0,1.3847,1.3851,1.3831,1.385,731768.2
15m,1777709700.0,1.385,1.3851,1.3832,1.384,1003778.6
15m,1777710600.0,1.384,1.3846,1.3837,1.3837,339726.8
15m,1777711500.0,1.3837,1.3843,1.3834,1.3839,501422.5
15m,1777712400.0,1.3839,1.3852,1.3834,1.385,852430.8
15m,1777713300.0,1.385,1.3861,1.3848,1.3848,290868.9
15m,1777714200.0,1.3848,1.3869,1.3841,1.3849,1099547.1
15m,1777715100.0,1.3849,1.387,1.383,1.3857,2391930.1
15m,1777716000.0,1.3857,1.3863,1.3853,1.3853,557972.1
15m,1777716900.0,1.3853,1.3862,1.3852,1.3861,328926.9
15m,1777717800.0,1.3861,1.387,1.3857,1.3868,1026514.5
15m,1777718700.0,1.3868,1.3872,1.3865,1.387,467534.8
15m,1777719600.0,1.387,1.387,1.3856,1.3856,407743.2
15m,1777720500.0,1.3856,1.3893,1.3856,1.3892,2273359.1
15m,1777721400.0,1.3892,1.3904,1.3844,1.3856,4251920.1
15m,1777722300.0,1.3856,1.3856,1.3845,1.3851,489700.5
15m,1777723200.0,1.3851,1.3863,1.3841,1.3847,607737.6
15m,1777724100.0,1.3847,1.3868,1.384,1.3862,1004577.1
15m,1777725000.0,1.3862,1.3874,1.3853,1.3862,1387525.9
15m,1777725900.0,1.3862,1.3865,1.3849,1.3862,682813.6
15m,1777726800.0,1.3862,1.39,1.3862,1.3892,1150512.2
15m,1777727700.0,1.3892,1.39,1.388,1.3897,958198.3
15m,1777728600.0,1.3897,1.3907,1.3886,1.3906,603085.3
15m,1777729500.0,1.3906,1.3917,1.3899,1.391,981781.8
15m,1777730400.0,1.391,1.3918,1.3903,1.3904,542596.1
15m,1777731300.0,1.3904,1.3925,1.3902,1.3912,676447.3
15m,1777732200.0,1.3912,1.3918,1.389,1.3898,654800.5
15m,1777733100.0,1.3898,1.3916,1.3895,1.3911,403348.5
15m,1777734000.0,1.3911,1.3936,1.3907,1.3926,915635.8
15m,1777734900.0,1.3926,1.3927,1.391,1.3922,331109.8
15m,1777735800.0,1.3922,1.3923,1.3905,1.3916,296896.4
15m,1777736700.0,1.3916,1.3929,1.3913,1.3925,342980.7
15m,1777737600.0,1.3925,1.3931,1.3914,1.393,803064.1
15m,1777738500.0,1.393,1.3943,1.3911,1.3915,1179928.9
15m,1777739400.0,1.3915,1.3919,1.3903,1.3908,363853.5
15m,1777740300.0,1.3908,1.3934,1.3907,1.3922,628454.3
15m,1777741200.0,1.3922,1.3936,1.3922,1.3934,640220.8
15m,1777742100.0,1.3934,1.3935,1.3916,1.3918,667854.3
15m,1777743000.0,1.3918,1.3934,1.3913,1.3913,525401.0
15m,1777743900.0,1.3913,1.3914,1.3905,1.3907,396311.3
15m,1777744800.0,1.3907,1.3908,1.3884,1.3896,959714.5
15m,1777745700.0,1.3896,1.3918,1.3894,1.3911,747992.7
15m,1777746600.0,1.3911,1.393,1.3911,1.3918,1140575.9
15m,1777747500.0,1.3918,1.3926,1.3915,1.3923,169355.0
15m,1777748400.0,1.3923,1.3943,1.3922,1.3937,418702.5
15m,1777749300.0,1.3937,1.3937,1.3923,1.393,202947.2
15m,1777750200.0,1.393,1.3942,1.3926,1.3934,178543.3
15m,1777751100.0,1.3934,1.3938,1.3933,1.3937,260247.0
15m,1777752000.0,1.3937,1.3939,1.3924,1.3925,366627.9
15m,1777752900.0,1.3925,1.393,1.3922,1.3925,398573.9
15m,1777753800.0,1.3925,1.3936,1.3924,1.3929,507473.2
15m,1777754700.0,1.3929,1.3935,1.3924,1.3925,428226.2
15m,1777755600.0,1.3925,1.3929,1.3916,1.3916,681294.1
15m,1777756500.0,1.3916,1.392,1.3915,1.3919,275393.7
15m,1777757400.0,1.3919,1.4,1.3896,1.3939,6335736.5
15m,1777758300.0,1.3939,1.398,1.3924,1.3926,3750495.4
15m,1777759200.0,1.3926,1.3941,1.3916,1.3941,776056.3
15m,1777760100.0,1.3941,1.3942,1.3913,1.3917,893359.2
15m,1777761000.0,1.3917,1.3944,1.3917,1.3928,1508376.2
15m,1777761900.0,1.3928,1.3998,1.3928,1.3957,2794210.5
15m,1777762800.0,1.3957,1.3958,1.3904,1.3906,1984096.8
15m,1777763700.0,1.3906,1.3953,1.3902,1.395,2099487.5
15m,1777764600.0,1.395,1.396,1.3945,1.3947,1366246.4
15m,1777765500.0,1.3947,1.3953,1.3917,1.393,2104424.0
15m,1777766400.0,1.393,1.3938,1.3906,1.3909,988883.4
15m,1777767300.0,1.3909,1.3921,1.3891,1.3914,1293738.7
15m,1777768200.0,1.3914,1.392,1.389,1.389,520939.9
15m,1777769100.0,1.389,1.3896,1.3874,1.3887,1638537.9
15m,1777770000.0,1.3887,1.3887,1.3848,1.3861,2170027.0
15m,1777770900.0,1.3861,1.3866,1.3841,1.3859,822308.5
15m,1777771800.0,1.3859,1.386,1.3826,1.3836,1326298.9
15m,1777772700.0,1.3836,1.3841,1.3827,1.3831,335728.0
15m,1777773600.0,1.3831,1.3842,1.3808,1.3822,1993757.1
15m,1777774500.0,1.3822,1.3826,1.381,1.3815,544497.2
15m,1777775400.0,1.3815,1.3828,1.3813,1.3821,325800.3
15m,1777776300.0,1.3821,1.3831,1.3819,1.3826,524908.6
15m,1777777200.0,1.3826,1.3829,1.3811,1.3813,558811.7
15m,1777778100.0,1.3813,1.3825,1.3813,1.3817,194613.0
15m,1777779000.0,1.3817,1.3834,1.3817,1.3819,424314.1
15m,1777779900.0,1.3819,1.3836,1.3819,1.383,405799.1
15m,1777780800.0,1.383,1.3832,1.3813,1.3823,744088.7
15m,1777781700.0,1.3823,1.3837,1.3822,1.3836,288179.0
15m,1777782600.0,1.3836,1.3846,1.3834,1.3834,474893.8
15m,1777783500.0,1.3834,1.3838,1.3826,1.3829,247759.6
15m,1777784400.0,1.3829,1.3853,1.3829,1.3843,612286.1
15m,1777785300.0,1.3843,1.3845,1.384,1.3841,241532.6
15m,1777786200.0,1.3841,1.3847,1.383,1.383,407859.3
15m,1777787100.0,1.383,1.3844,1.3828,1.3842,258501.6
15m,1777788000.0,1.3842,1.3842,1.3826,1.3828,533754.2
15m,1777788900.0,1.3828,1.3831,1.3815,1.3817,324153.9
15m,1777789800.0,1.3817,1.3829,1.3817,1.3822,586533.0
15m,1777790700.0,1.3822,1.385,1.3821,1.3843,1331454.1
15m,1777791600.0,1.3843,1.3878,1.3842,1.386,1153330.9
15m,1777792500.0,1.386,1.3878,1.3855,1.3865,892578.4
15m,1777793400.0,1.3865,1.3879,1.3857,1.3867,509904.2
15m,1777794300.0,1.3867,1.3872,1.3853,1.3853,488729.2
15m,1777795200.0,1.3853,1.3868,1.3851,1.3867,563608.0
15m,1777796100.0,1.3867,1.3876,1.3858,1.3867,898141.5
15m,1777797000.0,1.3867,1.3874,1.386,1.3871,227359.4
15m,1777797900.0,1.3871,1.3876,1.3867,1.3874,308171.2
15m,1777798800.0,1.3874,1.3879,1.387,1.387,241238.0
15m,1777799700.0,1.387,1.3887,1.3867,1.388,469461.1
15m,1777800600.0,1.388,1.3901,1.387,1.3887,813443.9
15m,1777801500.0,1.3887,1.3893,1.388,1.3886,665485.1
15m,1777802400.0,1.3886,1.3888,1.3872,1.3882,373688.7
15m,1777803300.0,1.3882,1.3887,1.388,1.3882,135520.1
15m,1777804200.0,1.3882,1.3892,1.3882,1.3885,608922.9
15m,1777805100.0,1.3885,1.3887,1.3872,1.3872,995464.0
15m,1777806000.0,1.3872,1.3895,1.3862,1.389,1242360.3
15m,1777806900.0,1.389,1.3893,1.3883,1.3884,385291.0
15m,1777807800.0,1.3884,1.3941,1.3884,1.3935,1886197.6
15m,1777808700.0,1.3935,1.3977,1.393,1.3943,3061261.9
15m,1777809600.0,1.3943,1.3977,1.3943,1.3969,1527747.5
15m,1777810500.0,1.3969,1.3972,1.3953,1.3957,892318.4
15m,1777811400.0,1.3957,1.3962,1.3949,1.3961,909417.8
15m,1777812300.0,1.3961,1.3969,1.3951,1.3955,462942.6
15m,1777813200.0,1.3955,1.3981,1.3948,1.3971,476679.3
15m,1777814100.0,1.3971,1.3972,1.3926,1.3937,1882750.2
15m,1777815000.0,1.3937,1.3944,1.3923,1.3932,777139.3
15m,1777815900.0,1.3932,1.3954,1.3931,1.3944,1395073.2
15m,1777816800.0,1.3944,1.3957,1.3928,1.3936,801315.1
15m,1777817700.0,1.3936,1.3942,1.3922,1.3931,826158.2
15m,1777818600.0,1.3931,1.394,1.3925,1.3938,416789.1
15m,1777819500.0,1.3938,1.3969,1.3936,1.3961,899568.9
15m,1777820400.0,1.3961,1.398,1.3951,1.3953,1863691.4
15m,1777821300.0,1.3953,1.3969,1.3946,1.3964,771203.0
15m,1777822200.0,1.3964,1.3973,1.394,1.3943,627600.3
15m,1777823100.0,1.3943,1.3952,1.3935,1.3949,843821.8
15m,1777824000.0,1.3949,1.3957,1.3934,1.3939,527660.5
15m,1777824900.0,1.3939,1.3948,1.3933,1.3944,306493.5
15m,1777825800.0,1.3944,1.3976,1.3944,1.3953,1208125.3
15m,1777826700.0,1.3953,1.3957,1.3934,1.3934,562912.5
15m,1777827600.0,1.3934,1.3944,1.3908,1.3939,1762232.2
15m,1777828500.0,1.3939,1.3957,1.3939,1.3943,557580.2
15m,1777829400.0,1.3943,1.3956,1.3938,1.3955,332050.1
15m,1777830300.0,1.3955,1.3955,1.3936,1.3942,314376.8
15m,1777831200.0,1.3942,1.3946,1.3934,1.3943,835492.8
15m,1777832100.0,1.3943,1.3948,1.3928,1.3939,386948.9
15m,1777833000.0,1.3939,1.3943,1.3928,1.3933,284135.8
15m,1777833900.0,1.3933,1.3946,1.3931,1.3934,59306.1
15m,1777834800.0,1.3934,1.3946,1.3929,1.3929,191519.4
15m,1777835700.0,1.3929,1.3944,1.3929,1.394,283485.9
15m,1777836600.0,1.394,1.3973,1.394,1.3955,743737.5
15m,1777837500.0,1.3955,1.3957,1.3944,1.3945,180629.4
15m,1777838400.0,1.3945,1.3951,1.3931,1.3931,154393.5
15m,1777839300.0,1.3931,1.395,1.3919,1.3943,1313940.5
15m,1777840200.0,1.3943,1.3992,1.3941,1.3956,2042531.2
15m,1777841100.0,1.3956,1.3958,1.3917,1.3922,754093.2
15m,1777842000.0,1.3922,1.395,1.3913,1.395,901499.8
15m,1777842900.0,1.395,1.395,1.3924,1.3924,565666.1
15m,1777843800.0,1.3924,1.3935,1.3882,1.3891,2149605.1
15m,1777844700.0,1.3891,1.3912,1.3882,1.391,615309.6
15m,1777845600.0,1.391,1.4024,1.391,1.4005,5005286.9
15m,1777846500.0,1.4005,1.4039,1.3963,1.3969,6616305.4
15m,1777847400.0,1.3969,1.3999,1.3959,1.3994,933709.3
15m,1777848300.0,1.3994,1.4011,1.3966,1.3969,2042327.3
15m,1777849200.0,1.3969,1.4002,1.3959,1.3968,1059699.5
15m,1777850100.0,1.3968,1.3969,1.3886,1.3889,3385052.3
15m,1777851000.0,1.3889,1.3906,1.3875,1.3883,2339201.6
15m,1777851900.0,1.3883,1.3883,1.3859,1.3871,1493862.7
15m,1777852800.0,1.3871,1.3882,1.3851,1.3872,1796641.8
15m,1777853700.0,1.3872,1.3874,1.3824,1.3848,4294013.6
15m,1777854600.0,1.3848,1.3859,1.3824,1.3835,851001.1
15m,1777855500.0,1.3835,1.3884,1.3832,1.3877,1345189.9
15m,1777856400.0,1.3877,1.3899,1.3843,1.385,1562020.1
15m,1777857300.0,1.385,1.3864,1.3831,1.3863,1295102.1
15m,1777858200.0,1.3863,1.4006,1.3862,1.39,7344818.6
15m,1777859100.0,1.39,1.4072,1.39,1.4044,12352456.4
15m,1777860000.0,1.4044,1.4111,1.3999,1.4054,6416376.1
15m,1777860900.0,1.4054,1.409,1.4012,1.4049,5253564.2
15m,1777861800.0,1.4049,1.4131,1.4048,1.4109,4432432.3
15m,1777862700.0,1.4109,1.415,1.4091,1.4099,4689080.1
15m,1777863600.0,1.4099,1.4143,1.408,1.413,2895774.1
15m,1777864500.0,1.413,1.4131,1.4089,1.4098,2981784.7
15m,1777865400.0,1.4098,1.4115,1.4073,1.4112,6514544.7
15m,1777866300.0,1.4112,1.4132,1.4093,1.4128,5079670.8
15m,1777867200.0,1.4128,1.4157,1.4128,1.4152,2571036.9
15m,1777868100.0,1.4152,1.4207,1.4151,1.4166,4587065.3
15m,1777869000.0,1.4166,1.4187,1.416,1.4171,1139320.6
15m,1777869900.0,1.4171,1.418,1.4145,1.416,1261449.8
15m,1777870800.0,1.416,1.4171,1.4135,1.4139,1954795.5
15m,1777871700.0,1.4139,1.414,1.4104,1.4107,2681431.7
15m,1777872600.0,1.4107,1.4146,1.4106,1.4133,1023030.1
15m,1777873500.0,1.4133,1.4135,1.4112,1.4114,998621.9
15m,1777874400.0,1.4114,1.4124,1.4081,1.4102,2681568.1
15m,1777875300.0,1.4102,1.4106,1.4014,1.405,4906829.1
15m,1777876200.0,1.405,1.4081,1.4039,1.4074,1588638.5
15m,1777877100.0,1.4074,1.4109,1.4068,1.4087,3130051.3
15m,1777878000.0,1.4087,1.4129,1.4073,1.4127,1406799.3
15m,1777878900.0,1.4127,1.4134,1.4101,1.4107,989199.2
15m,1777879800.0,1.4107,1.4114,1.4081,1.4112,1232697.0
15m,1777880700.0,1.4112,1.4141,1.4097,1.4101,1436347.0
15m,1777881600.0,1.4101,1.4115,1.4066,1.4115,1802423.2
15m,1777882500.0,1.4115,1.412,1.4093,1.4107,656470.8
15m,1777883400.0,1.4107,1.4119,1.4097,1.4097,551628.1
15m,1777884300.0,1.4097,1.4123,1.4093,1.4109,573170.5
15m,1777885200.0,1.4109,1.4152,1.4103,1.4138,1095998.3
15m,1777886100.0,1.4138,1.4155,1.4133,1.4137,832567.2
15m,1777887000.0,1.4137,1.4192,1.4129,1.4186,1512338.2
15m,1777887900.0,1.4186,1.4194,1.4162,1.4169,1440874.4
15m,1777888800.0,1.4169,1.4175,1.3902,1.3937,26330444.0
15m,1777889700.0,1.3937,1.394,1.3848,1.3887,12454044.6
15m,1777890600.0,1.3887,1.3975,1.3875,1.3959,10561325.6
15m,1777891500.0,1.3959,1.3977,1.3934,1.3945,2026544.1
15m,1777892400.0,1.3945,1.3972,1.3939,1.3957,1902315.6
15m,1777893300.0,1.3957,1.3964,1.3921,1.3926,1853881.0
15m,1777894200.0,1.3926,1.3944,1.3913,1.3924,2127627.8
15m,1777895100.0,1.3924,1.3955,1.3923,1.3933,895264.5
15m,1777896000.0,1.3933,1.3942,1.3918,1.393,831898.5
15m,1777896900.0,1.393,1.396,1.3918,1.3941,1289060.1
15m,1777897800.0,1.3941,1.3947,1.3927,1.3943,561507.3
15m,1777898700.0,1.3943,1.3951,1.3921,1.3926,977661.2
15m,1777899600.0,1.3926,1.3963,1.3878,1.3937,4179894.2
15m,1777900500.0,1.3937,1.396,1.3933,1.3954,728927.3
15m,1777901400.0,1.3954,1.399,1.3945,1.3954,2503097.8
15m,1777902300.0,1.3954,1.3967,1.3914,1.3924,1211083.8
15m,1777903200.0,1.3924,1.3954,1.3881,1.395,4254138.9
15m,1777904100.0,1.395,1.3994,1.3946,1.3965,2580081.4
15m,1777905000.0,1.3965,1.4032,1.3957,1.4009,7210709.4
15m,1777905900.0,1.4009,1.4127,1.4009,1.4074,11032381.5
15m,1777906800.0,1.4074,1.4085,1.4036,1.4058,5967315.5
15m,1777907700.0,1.4058,1.4078,1.3943,1.3983,15173829.8
15m,1777908600.0,1.3983,1.3992,1.3939,1.398,4162145.0
15m,1777909500.0,1.398,1.3998,1.392,1.3981,5151008.6
15m,1777910400.0,1.3981,1.3988,1.3927,1.3943,3722589.6
15m,1777911300.0,1.3943,1.405,1.3929,1.4022,4973827.9
15m,1777912200.0,1.4022,1.404,1.401,1.4023,2402698.5
15m,1777913100.0,1.4023,1.4029,1.3989,1.3997,2532079.0
15m,1777914000.0,1.3997,1.4059,1.3993,1.4045,2997521.7
15m,1777914900.0,1.4045,1.4074,1.4038,1.4056,1936001.0
15m,1777915800.0,1.4056,1.4057,1.4026,1.4043,1019291.3
15m,1777916700.0,1.4043,1.4117,1.4038,1.4079,2538317.8
15m,1777917600.0,1.4079,1.4094,1.4065,1.4082,894683.0
15m,1777918500.0,1.4082,1.4082,1.4038,1.4057,1311167.1
15m,1777919400.0,1.4057,1.4061,1.4029,1.4032,444848.7
15m,1777920300.0,1.4032,1.4041,1.4016,1.4033,811565.9
15m,1777921200.0,1.4033,1.4037,1.3996,1.4007,1138941.4
15m,1777922100.0,1.4007,1.4008,1.3975,1.3981,762545.6
15m,1777923000.0,1.3981,1.3995,1.3972,1.3982,507885.1
15m,1777923900.0,1.3982,1.399,1.3971,1.3973,899567.0
15m,1777924800.0,1.3973,1.3975,1.3939,1.3964,1385848.9
15m,1777925700.0,1.3964,1.3969,1.3928,1.3935,900042.1
15m,1777926600.0,1.3935,1.3938,1.3916,1.3922,570355.9
15m,1777927500.0,1.3922,1.3933,1.3919,1.3925,661323.1
15m,1777928400.0,1.3925,1.3947,1.3925,1.3946,1163490.4
15m,1777929300.0,1.3946,1.3966,1.3937,1.3953,1995091.9
15m,1777930200.0,1.3953,1.3975,1.3953,1.3968,681182.4
15m,1777931100.0,1.3968,1.3983,1.3966,1.3968,415487.8
15m,1777932000.0,1.3968,1.4005,1.3964,1.4,956514.7
15m,1777932900.0,1.4,1.4005,1.3965,1.3967,516237.5
15m,1777933800.0,1.3967,1.3967,1.3938,1.3942,980295.5
15m,1777934700.0,1.3942,1.3961,1.3936,1.3946,824116.7
15m,1777935600.0,1.3946,1.3946,1.3908,1.392,1216298.7
15m,1777936500.0,1.392,1.3934,1.3909,1.3932,620334.3
15m,1777937400.0,1.3932,1.3932,1.3894,1.39,1271278.2
15m,1777938300.0,1.39,1.3921,1.3898,1.391,914900.8
15m,1777939200.0,1.391,1.3933,1.3903,1.3909,1211279.6
15m,1777940100.0,1.3909,1.3917,1.3897,1.3898,649709.6
15m,1777941000.0,1.3898,1.3937,1.3897,1.3935,1145095.3
15m,1777941900.0,1.3935,1.3952,1.3929,1.3948,813126.2
15m,1777942800.0,1.3948,1.3974,1.393,1.3967,932910.5
15m,1777943700.0,1.3967,1.3971,1.3946,1.396,833185.6
15m,1777944600.0,1.396,1.3975,1.3943,1.3954,1189996.4
15m,1777945500.0,1.3954,1.3976,1.3954,1.3964,606639.7
15m,1777946400.0,1.3964,1.3996,1.3958,1.3978,2075363.4
15m,1777947300.0,1.3978,1.4002,1.3971,1.3996,417033.7
15m,1777948200.0,1.3996,1.4036,1.3987,1.4034,2875747.2
15m,1777949100.0,1.4034,1.4043,1.3991,1.4,1480350.1
15m,1777950000.0,1.4,1.4032,1.3986,1.4022,1659723.7
15m,1777950900.0,1.4022,1.4044,1.4015,1.4036,1407761.7
15m,1777951800.0,1.4036,1.4085,1.4025,1.4083,3345684.7
15m,1777952700.0,1.4083,1.4093,1.4048,1.405,2992543.6
15m,1777953600.0,1.405,1.4063,1.4027,1.4032,1011899.5
15m,1777954500.0,1.4032,1.405,1.4021,1.4021,1000791.3
15m,1777955400.0,1.4021,1.4022,1.4002,1.4007,1115413.3
15m,1777956300.0,1.4007,1.4043,1.4,1.4012,5059795.5
15m,1777957200.0,1.4012,1.4013,1.3992,1.3997,1430460.3
15m,1777958100.0,1.3997,1.4035,1.3997,1.4025,1036603.9
15m,1777959000.0,1.4025,1.4061,1.4014,1.4015,1562579.7
15m,1777959900.0,1.4015,1.4028,1.3987,1.4011,3909175.2
15m,1777960800.0,1.4011,1.4039,1.4004,1.4036,998135.7
15m,1777961700.0,1.4036,1.4039,1.4002,1.4007,2427293.4
15m,1777962600.0,1.4007,1.4025,1.4005,1.401,738720.7
15m,1777963500.0,1.401,1.4069,1.401,1.4067,1859475.9
15m,1777964400.0,1.4067,1.4088,1.4014,1.4048,4490420.7
15m,1777965300.0,1.4048,1.4074,1.4043,1.4065,950388.7
15m,1777966200.0,1.4065,1.4097,1.4063,1.4069,1621714.7
15m,1777967100.0,1.4069,1.4072,1.4048,1.4064,3016920.2
15m,1777968000.0,1.4064,1.4083,1.406,1.4076,1529372.8
15m,1777968900.0,1.4076,1.408,1.4055,1.408,3205818.9
15m,1777969800.0,1.408,1.4088,1.4058,1.4064,1734559.1
15m,1777970700.0,1.4064,1.408,1.4062,1.4065,773831.7
15m,1777971600.0,1.4065,1.4069,1.4038,1.4041,1483088.7
15m,1777972500.0,1.4041,1.4048,1.4027,1.4043,1091935.5
15m,1777973400.0,1.4043,1.4047,1.4016,1.402,1111484.0
15m,1777974300.0,1.402,1.4031,1.4014,1.403,862739.9
15m,1777975200.0,1.403,1.4048,1.4019,1.4033,1093258.7
15m,1777976100.0,1.4033,1.4044,1.4024,1.4033,1023270.7
15m,1777977000.0,1.4033,1.4072,1.403,1.4058,1429669.3
15m,1777977900.0,1.4058,1.4068,1.4041,1.406,698534.5
15m,1777978800.0,1.406,1.4062,1.4042,1.4055,1053487.4
15m,1777979700.0,1.4055,1.4055,1.4012,1.4043,1345872.2
15m,1777980600.0,1.4043,1.407,1.4041,1.4066,1067190.6
15m,1777981500.0,1.4066,1.408,1.4045,1.4072,1108670.1
15m,1777982400.0,1.4072,1.4091,1.4058,1.4079,1713642.6
15m,1777983300.0,1.4079,1.4095,1.4072,1.4094,1657997.7
15m,1777984200.0,1.4094,1.4124,1.4094,1.4117,2553798.1
15m,1777985100.0,1.4117,1.4135,1.4108,1.4121,2189719.8
15m,1777986000.0,1.4121,1.4199,1.412,1.4173,4607546.1
15m,1777986900.0,1.4173,1.4181,1.4133,1.4143,3295536.9
15m,1777987800.0,1.4143,1.4159,1.4111,1.414,3443316.3
15m,1777988700.0,1.414,1.4165,1.41,1.4127,2521304.8
15m,1777989600.0,1.4127,1.4131,1.4071,1.4077,2427439.9
15m,1777990500.0,1.4077,1.4098,1.4037,1.4093,4637907.4
15m,1777991400.0,1.4093,1.411,1.4043,1.4065,2027805.9
15m,1777992300.0,1.4065,1.4108,1.4045,1.4102,2613372.8
15m,1777993200.0,1.4102,1.415,1.4091,1.4135,1043454.4
15m,1777994100.0,1.4135,1.4144,1.4122,1.4141,930622.6
15m,1777995000.0,1.4141,1.4152,1.412,1.4125,1052489.6
15m,1777995900.0,1.4125,1.4136,1.4107,1.4109,1104388.1
15m,1777996800.0,1.4109,1.4127,1.4106,1.4117,1598839.9
15m,1777997700.0,1.4117,1.4144,1.4089,1.4105,983730.7
15m,1777998600.0,1.4105,1.4106,1.4036,1.4042,6709377.5
15m,1777999500.0,1.4042,1.4087,1.4041,1.4073,1162555.5
15m,1778000400.0,1.4073,1.4081,1.4042,1.4062,1824850.9
15m,1778001300.0,1.4062,1.4089,1.406,1.4075,1814710.1
15m,1778002200.0,1.4075,1.4084,1.4052,1.4079,703149.5
15m,1778003100.0,1.4079,1.4091,1.4069,1.4076,729783.8
15m,1778004000.0,1.4076,1.4119,1.4073,1.4116,1425953.0
15m,1778004900.0,1.4116,1.4117,1.4085,1.4101,397000.4
15m,1778005800.0,1.4101,1.4103,1.4085,1.41,325619.4
15m,1778006700.0,1.41,1.4114,1.4083,1.4092,382921.9
15m,1778007600.0,1.4092,1.4097,1.4084,1.4084,653654.8
15m,1778008500.0,1.4084,1.4109,1.4079,1.4106,470284.8
15m,1778009400.0,1.4106,1.4126,1.4099,1.4125,1370028.3
15m,1778010300.0,1.4125,1.4127,1.4097,1.412,728839.8
15m,1778011200.0,1.412,1.4157,1.4114,1.4138,3313941.9
15m,1778012100.0,1.4138,1.4155,1.4117,1.4129,2131277.5
15m,1778013000.0,1.4129,1.4173,1.4129,1.4156,2754180.8
15m,1778013900.0,1.4156,1.4167,1.4142,1.4159,773163.6
15m,1778014800.0,1.4159,1.4219,1.415,1.4163,4871401.8
15m,1778015700.0,1.4163,1.4179,1.4136,1.4141,2083000.2
15m,1778016600.0,1.4141,1.4154,1.4119,1.4127,3043094.4
15m,1778017500.0,1.4127,1.4166,1.4127,1.4152,967713.2
15m,1778018400.0,1.4152,1.421,1.4152,1.4174,1628422.1
15m,1778019300.0,1.4174,1.4201,1.4166,1.4178,1337570.6
15m,1778020200.0,1.4178,1.4179,1.4092,1.4113,3390446.1
15m,1778021100.0,1.4113,1.4182,1.4101,1.4151,3454402.3
15m,1778022000.0,1.4151,1.4174,1.4137,1.4167,572156.8
15m,1778022900.0,1.4167,1.4167,1.4115,1.4115,908643.2
15m,1778023800.0,1.4115,1.4128,1.4087,1.4113,1766345.8
15m,1778024700.0,1.4113,1.4136,1.4113,1.4121,934222.7
15m,1778025600.0,1.4121,1.4143,1.4117,1.4126,1228930.7
15m,1778026500.0,1.4126,1.4142,1.4086,1.4089,1462823.5
15m,1778027400.0,1.4089,1.4102,1.4082,1.4085,944092.4
15m,1778028300.0,1.4085,1.4117,1.4066,1.4104,1678963.3
15m,1778029200.0,1.4104,1.4128,1.4092,1.4128,1016455.1
15m,1778030100.0,1.4128,1.418,1.4126,1.4164,1880129.7
15m,1778031000.0,1.4164,1.4175,1.4151,1.4156,786270.0
15m,1778031900.0,1.4156,1.4191,1.4153,1.4174,3055879.9
15m,1778032800.0,1.4174,1.4177,1.4145,1.4156,1220170.5
15m,1778033700.0,1.4156,1.4156,1.4112,1.4118,1641843.7
15m,1778034600.0,1.4118,1.4131,1.4097,1.4119,1515899.4
15m,1778035500.0,1.4119,1.4164,1.4118,1.4157,958661.0
15m,1778036400.0,1.4157,1.4199,1.4155,1.4171,2597038.3
15m,1778037300.0,1.4171,1.421,1.4157,1.4192,2082143.0
15m,1778038200.0,1.4192,1.4238,1.419,1.4201,3988463.5
15m,1778039100.0,1.4201,1.422,1.4178,1.4214,1780779.1
15m,1778040000.0,1.4214,1.424,1.4199,1.4215,2082950.1
15m,1778040900.0,1.4215,1.422,1.4184,1.4186,651673.9
15m,1778041800.0,1.4186,1.4197,1.4167,1.4196,972260.6
15m,1778042700.0,1.4196,1.4243,1.4173,1.419,2578878.8
15m,1778043600.0,1.419,1.4198,1.4148,1.4162,1589509.0
15m,1778044500.0,1.4162,1.418,1.4152,1.4172,1323666.4
15m,1778045400.0,1.4172,1.42,1.4134,1.4172,3351668.7
15m,1778046300.0,1.4172,1.4227,1.4168,1.4218,2966073.8
15m,1778047200.0,1.4218,1.4258,1.4208,1.4224,3527585.9
15m,1778048100.0,1.4224,1.4244,1.4201,1.4237,1163612.5
15m,1778049000.0,1.4237,1.427,1.4225,1.4265,2153753.3
15m,1778049900.0,1.4265,1.4266,1.4243,1.4251,1710827.8
15m,1778050800.0,1.4251,1.4273,1.4237,1.4252,1995656.9
15m,1778051700.0,1.4252,1.4339,1.4247,1.4307,5431378.8
15m,1778052600.0,1.4307,1.434,1.4281,1.4322,2859364.6
15m,1778053500.0,1.4322,1.435,1.4299,1.4306,1687434.1
15m,1778054400.0,1.4306,1.4345,1.4292,1.432,1774286.6
15m,1778055300.0,1.432,1.432,1.4294,1.4312,1038722.2
15m,1778056200.0,1.4312,1.4373,1.4311,1.4361,2078319.9
15m,1778057100.0,1.4361,1.443,1.4336,1.4424,9658507.2
15m,1778058000.0,1.4424,1.4439,1.438,1.4381,2836349.6
15m,1778058900.0,1.4381,1.4411,1.4381,1.4399,1122283.3
15m,1778059800.0,1.4399,1.446,1.4394,1.4454,4235482.3
15m,1778060700.0,1.4454,1.4507,1.442,1.4487,9276187.5
15m,1778061600.0,1.4487,1.4508,1.4462,1.4485,2598967.2
15m,1778062500.0,1.4485,1.4519,1.4481,1.4499,2084336.3
15m,1778063400.0,1.4499,1.4513,1.4481,1.4505,1534908.3
15m,1778064300.0,1.4505,1.4539,1.4485,1.4506,2436314.7
15m,1778065200.0,1.4506,1.4537,1.4498,1.4524,1996648.3
15m,1778066100.0,1.4524,1.4566,1.4523,1.4528,3309830.1
15m,1778067000.0,1.4528,1.4537,1.4486,1.4498,3820792.0
15m,1778067900.0,1.4498,1.452,1.449,1.4505,1414324.2
15m,1778068800.0,1.4505,1.4519,1.4455,1.4461,4667488.5
15m,1778069700.0,1.4461,1.45,1.4452,1.4482,2325586.6
15m,1778070600.0,1.4482,1.4495,1.447,1.4478,1253340.3
15m,1778071500.0,1.4478,1.4487,1.4434,1.4446,4438318.5
15m,1778072400.0,1.4446,1.4447,1.4302,1.4356,10420645.8
15m,1778073300.0,1.4356,1.4367,1.4173,1.4248,28353205.4
15m,1778074200.0,1.4248,1.4288,1.4214,1.4256,5489211.6
15m,1778075100.0,1.4256,1.4259,1.4153,1.4217,8840369.0
15m,1778076000.0,1.4217,1.4223,1.4121,1.419,9258399.6
15m,1778076900.0,1.419,1.423,1.4162,1.4222,6966514.6
15m,1778077800.0,1.4222,1.4269,1.422,1.4269,7952271.4
15m,1778078700.0,1.4269,1.4285,1.4216,1.4223,3879260.7
15m,1778079600.0,1.4223,1.4249,1.4205,1.422,2571798.0
15m,1778080500.0,1.422,1.429,1.422,1.4268,2077403.2
15m,1778081400.0,1.4268,1.4296,1.4238,1.4281,2316743.8
15m,1778082300.0,1.4281,1.4319,1.4281,1.429,2435921.4
15m,1778083200.0,1.429,1.4337,1.4272,1.4308,2055451.9
15m,1778084100.0,1.4308,1.4326,1.4242,1.4248,2781657.8
15m,1778085000.0,1.4248,1.4292,1.423,1.429,1454212.8
15m,1778085900.0,1.429,1.4315,1.4276,1.4283,1106390.5
15m,1778086800.0,1.4283,1.4301,1.4275,1.4279,593745.4
15m,1778087700.0,1.4279,1.4279,1.4233,1.4258,1804308.3
15m,1778088600.0,1.4258,1.4286,1.4256,1.4285,663914.7
15m,1778089500.0,1.4285,1.4287,1.424,1.4249,1215477.2
15m,1778090400.0,1.4249,1.4259,1.4203,1.4246,1773180.7
15m,1778091300.0,1.4246,1.4264,1.4238,1.424,525002.2
15m,1778092200.0,1.424,1.425,1.4217,1.4236,1358339.5
15m,1778093100.0,1.4236,1.4245,1.4213,1.4219,627856.4
15m,1778094000.0,1.4219,1.4257,1.4216,1.4225,1362552.2
15m,1778094900.0,1.4225,1.4257,1.4217,1.4242,1055886.9
15m,1778095800.0,1.4242,1.4259,1.4234,1.4249,1468626.4
15m,1778096700.0,1.4249,1.4279,1.424,1.4268,2510500.8
15m,1778097600.0,1.4268,1.4278,1.4257,1.4268,2677025.7
15m,1778098500.0,1.4268,1.4271,1.4249,1.4252,1641156.4
15m,1778099400.0,1.4252,1.4256,1.4211,1.4212,1982844.0
15m,1778100300.0,1.4212,1.4237,1.4203,1.4237,842316.1
15m,1778101200.0,1.4237,1.425,1.4207,1.4221,1687402.3
15m,1778102100.0,1.4221,1.4243,1.4221,1.4243,313486.2
15m,1778103000.0,1.4243,1.4275,1.4238,1.4264,2536178.9
15m,1778103900.0,1.4264,1.4274,1.4252,1.4253,586663.2
15m,1778104800.0,1.4253,1.4261,1.4218,1.4229,1229123.0
15m,1778105700.0,1.4229,1.4231,1.4211,1.4214,1402160.6
15m,1778106600.0,1.4214,1.4234,1.4213,1.4222,1170322.6
15m,1778107500.0,1.4222,1.4227,1.4209,1.4213,860272.1
15m,1778108400.0,1.4213,1.4213,1.4155,1.4198,2928795.6
15m,1778109300.0,1.4198,1.4237,1.4198,1.4236,641762.7
15m,1778110200.0,1.4236,1.4236,1.4218,1.4229,607062.4
15m,1778111100.0,1.4229,1.4247,1.4226,1.4239,975227.5
15m,1778112000.0,1.4239,1.4249,1.4221,1.4225,1675842.2
15m,1778112900.0,1.4225,1.4226,1.4191,1.4192,711868.1
15m,1778113800.0,1.4192,1.4196,1.4163,1.4175,1997902.4
15m,1778114700.0,1.4175,1.419,1.4163,1.4172,1431904.3
15m,1778115600.0,1.4172,1.4175,1.412,1.4175,6054910.4
15m,1778116500.0,1.4175,1.418,1.4123,1.4166,1534744.9
15m,1778117400.0,1.4166,1.4191,1.4153,1.4173,1484042.8
15m,1778118300.0,1.4173,1.4178,1.4138,1.4148,556869.0
15m,1778119200.0,1.4148,1.4154,1.4084,1.4099,4516298.0
15m,1778120100.0,1.4099,1.4123,1.4098,1.411,1491016.8
15m,1778121000.0,1.411,1.4129,1.41,1.4112,1082395.2
15m,1778121900.0,1.4112,1.4134,1.4106,1.4111,2200071.6
15m,1778122800.0,1.4111,1.4111,1.4093,1.4095,4290633.2
15m,1778123700.0,1.4095,1.4104,1.4036,1.405,11368557.4
15m,1778124600.0,1.405,1.4066,1.4011,1.4063,8098651.3
15m,1778125500.0,1.4063,1.407,1.404,1.4043,768488.1
15m,1778126400.0,1.4043,1.4073,1.4032,1.406,2245185.7
15m,1778127300.0,1.406,1.409,1.4058,1.4082,1585678.5
15m,1778128200.0,1.4082,1.409,1.4037,1.4071,2653778.0
15m,1778129100.0,1.4071,1.4089,1.4064,1.4069,2044194.5
15m,1778130000.0,1.4069,1.4126,1.4062,1.4098,7034513.8
15m,1778130900.0,1.4098,1.4121,1.4094,1.4116,1451167.0
15m,1778131800.0,1.4116,1.4136,1.4099,1.411,3537551.2
15m,1778132700.0,1.411,1.4112,1.4092,1.4102,1403595.4
15m,1778133600.0,1.4102,1.4102,1.4039,1.4053,4384583.9
15m,1778134500.0,1.4053,1.4082,1.4053,1.4082,1002294.6
15m,1778135400.0,1.4082,1.415,1.4077,1.4146,2417788.2
15m,1778136300.0,1.4146,1.4156,1.4134,1.4152,1311288.5
15m,1778137200.0,1.4152,1.418,1.4138,1.418,1512603.1
15m,1778138100.0,1.418,1.4195,1.4165,1.4172,1897086.8
15m,1778139000.0,1.4172,1.4206,1.4168,1.4198,1308380.1
15m,1778139900.0,1.4198,1.4207,1.4179,1.4189,1427401.0
15m,1778140800.0,1.4189,1.4205,1.4173,1.4177,1525190.9
15m,1778141700.0,1.4177,1.4182,1.415,1.4166,1395066.8
15m,1778142600.0,1.4166,1.4185,1.4146,1.4157,831883.7
15m,1778143500.0,1.4157,1.4175,1.4147,1.4153,1061399.6
15m,1778144400.0,1.4153,1.4155,1.4135,1.4154,1613412.3
15m,1778145300.0,1.4154,1.4154,1.4109,1.4121,1288304.4
15m,1778146200.0,1.4121,1.4131,1.4095,1.4099,3025349.0
15m,1778147100.0,1.4099,1.4112,1.4097,1.4107,949661.3
15m,1778148000.0,1.4107,1.413,1.4099,1.4108,1504952.6
15m,1778148900.0,1.4108,1.4123,1.4058,1.407,2735491.3
15m,1778149800.0,1.407,1.4102,1.4065,1.4097,1599782.2
15m,1778150700.0,1.4097,1.4103,1.4085,1.4092,928385.7
15m,1778151600.0,1.4092,1.4127,1.4086,1.4109,958255.4
15m,1778152500.0,1.4109,1.4127,1.41,1.4105,453597.7
15m,1778153400.0,1.4105,1.412,1.4098,1.4113,1638675.5
15m,1778154300.0,1.4113,1.4114,1.4077,1.4088,1119688.0
15m,1778155200.0,1.4088,1.4127,1.4084,1.4127,1665295.5
15m,1778156100.0,1.4127,1.4131,1.4111,1.413,1751254.7
15m,1778157000.0,1.413,1.4142,1.4121,1.4135,2131007.0
15m,1778157900.0,1.4135,1.4145,1.4119,1.414,784678.7
15m,1778158800.0,1.414,1.414,1.4084,1.4088,1032974.3
15m,1778159700.0,1.4088,1.4121,1.4081,1.4098,888283.0
15m,1778160600.0,1.4098,1.4098,1.4018,1.4023,4671564.6
15m,1778161500.0,1.4023,1.4036,1.3948,1.401,14413559.6
15m,1778162400.0,1.401,1.403,1.3983,1.4025,2177496.8
15m,1778163300.0,1.4025,1.403,1.396,1.3962,7853476.1
15m,1778164200.0,1.3962,1.3968,1.3902,1.3926,8366203.8
15m,1778165100.0,1.3926,1.3935,1.391,1.3922,5863586.7
15m,1778166000.0,1.3922,1.3935,1.3908,1.392,3708571.7
15m,1778166900.0,1.392,1.3938,1.3812,1.3869,15215307.6
15m,1778167800.0,1.3869,1.3926,1.3861,1.3918,3102493.2
15m,1778168700.0,1.3918,1.3933,1.3885,1.3896,1956418.8
15m,1778169600.0,1.3896,1.3906,1.3857,1.389,5355262.9
15m,1778170500.0,1.389,1.3917,1.386,1.3912,1546453.6
15m,1778171400.0,1.3912,1.3912,1.3866,1.3896,1161759.1
15m,1778172300.0,1.3896,1.3903,1.3861,1.3878,1219672.3
15m,1778173200.0,1.3878,1.391,1.3875,1.3909,1729306.4
15m,1778174100.0,1.3909,1.3921,1.383,1.386,3627782.6
15m,1778175000.0,1.386,1.389,1.3848,1.3879,1818534.2
15m,1778175900.0,1.3879,1.3913,1.3852,1.3908,2290472.4
15m,1778176800.0,1.3908,1.394,1.3906,1.3933,1667957.5
15m,1778177700.0,1.3933,1.395,1.3927,1.3946,1560860.5
15m,1778178600.0,1.3946,1.3953,1.39,1.3908,1580896.9
15m,1778179500.0,1.3908,1.3928,1.388,1.3915,1827877.6
15m,1778180400.0,1.3915,1.3915,1.3886,1.3909,1027497.6
15m,1778181300.0,1.3909,1.3912,1.3849,1.3852,1786883.7
15m,1778182200.0,1.3852,1.3895,1.3851,1.3873,1007265.5
15m,1778183100.0,1.3873,1.3894,1.3844,1.3851,2638681.2
15m,1778184000.0,1.3851,1.3924,1.3848,1.3889,2120706.6
15m,1778184900.0,1.3889,1.3898,1.388,1.3892,424698.0
15m,1778185800.0,1.3892,1.3892,1.3845,1.3851,1630408.7
15m,1778186700.0,1.3851,1.3857,1.381,1.3817,2626761.6
15m,1778187600.0,1.3817,1.3835,1.3789,1.3816,6095147.7
15m,1778188500.0,1.3816,1.3854,1.3804,1.3853,1016551.8
15m,1778189400.0,1.3853,1.386,1.3837,1.384,879032.3
15m,1778190300.0,1.384,1.3844,1.3823,1.3829,702913.6
15m,1778191200.0,1.3829,1.3839,1.3794,1.383,2779728.9
15m,1778192100.0,1.383,1.3861,1.3827,1.3838,1989762.8
15m,1778193000.0,1.3838,1.3854,1.3812,1.3825,1426143.7
15m,1778193900.0,1.3825,1.3849,1.3823,1.3841,693923.7
15m,1778194800.0,1.3841,1.386,1.3833,1.3853,1115698.3
15m,1778195700.0,1.3853,1.386,1.3837,1.3852,751035.4
15m,1778196600.0,1.3852,1.3867,1.3849,1.3864,609686.1
15m,1778197500.0,1.3864,1.387,1.3856,1.386,836466.3
15m,1778198400.0,1.386,1.3887,1.3855,1.3878,1198832.0
15m,1778199300.0,1.3878,1.3889,1.3863,1.387,936301.6
15m,1778200200.0,1.387,1.3875,1.3855,1.3859,421417.4
15m,1778201100.0,1.3859,1.3859,1.3835,1.3848,1335568.0
15m,1778202000.0,1.3848,1.3862,1.3823,1.3824,933209.7
15m,1778202900.0,1.3824,1.3842,1.3816,1.3842,1000380.0
15m,1778203800.0,1.3842,1.3854,1.3834,1.3842,718182.7
15m,1778204700.0,1.3842,1.3854,1.3837,1.385,307670.6
15m,1778205600.0,1.385,1.3852,1.3814,1.383,1138294.8
15m,1778206500.0,1.383,1.383,1.3782,1.3817,2128721.6
15m,1778207400.0,1.3817,1.3854,1.3814,1.3833,1209459.4
15m,1778208300.0,1.3833,1.385,1.3816,1.3827,670963.2
15m,1778209200.0,1.3827,1.3828,1.3788,1.3817,1812381.0
15m,1778210100.0,1.3817,1.3842,1.3817,1.3842,621538.6
15m,1778211000.0,1.3842,1.386,1.3841,1.386,660232.4
15m,1778211900.0,1.386,1.3869,1.3844,1.3846,532091.5
15m,1778212800.0,1.3846,1.386,1.3843,1.3856,814752.5
15m,1778213700.0,1.3856,1.3863,1.3847,1.3862,752915.2
15m,1778214600.0,1.3862,1.3862,1.3831,1.3833,784609.6
15m,1778215500.0,1.3833,1.3856,1.3833,1.3852,640284.9
15m,1778216400.0,1.3852,1.3855,1.384,1.3852,881139.1
15m,1778217300.0,1.3852,1.3858,1.3845,1.3849,422729.1
15m,1778218200.0,1.3849,1.3866,1.3848,1.3866,579661.9
15m,1778219100.0,1.3866,1.387,1.3824,1.3824,928554.3
15m,1778220000.0,1.3824,1.3825,1.3796,1.3822,1958232.6
15m,1778220900.0,1.3822,1.3829,1.3759,1.3771,5565961.2
15m,1778221800.0,1.3771,1.3817,1.377,1.3803,2627259.6
15m,1778222700.0,1.3803,1.381,1.3792,1.381,577864.8
15m,1778223600.0,1.381,1.381,1.3781,1.3795,1067942.1
15m,1778224500.0,1.3795,1.3827,1.3781,1.3796,2884088.9
15m,1778225400.0,1.3796,1.383,1.3796,1.3825,768662.2
15m,1778226300.0,1.3825,1.3841,1.3824,1.3833,629380.2
15m,1778227200.0,1.3833,1.3859,1.3811,1.3845,5316909.3
15m,1778228100.0,1.3845,1.3856,1.3842,1.385,963700.2
15m,1778229000.0,1.385,1.3881,1.3848,1.3878,6097601.3
15m,1778229900.0,1.3878,1.3897,1.3873,1.3874,2003551.8
15m,1778230800.0,1.3874,1.3892,1.3861,1.389,1288095.4
15m,1778231700.0,1.389,1.3911,1.3881,1.3888,1569850.8
15m,1778232600.0,1.3888,1.3898,1.387,1.3871,987439.8
15m,1778233500.0,1.3871,1.3871,1.3851,1.3863,1197296.3
15m,1778234400.0,1.3863,1.3878,1.3846,1.385,1348938.0
15m,1778235300.0,1.385,1.3859,1.3842,1.385,1037821.1
15m,1778236200.0,1.385,1.3896,1.385,1.3891,1635363.9
15m,1778237100.0,1.3891,1.3913,1.3886,1.3889,2395170.4
15m,1778238000.0,1.3889,1.3912,1.3889,1.3897,1647908.0
15m,1778238900.0,1.3897,1.3919,1.3887,1.391,1022378.0
15m,1778239800.0,1.391,1.3912,1.3882,1.3884,776031.2
15m,1778240700.0,1.3884,1.3912,1.3884,1.3907,578576.0
15m,1778241600.0,1.3907,1.3916,1.3897,1.3911,820309.1
15m,1778242500.0,1.3911,1.3913,1.3891,1.3902,548974.2
15m,1778243400.0,1.3902,1.3933,1.3897,1.3908,1906737.3
15m,1778244300.0,1.3908,1.3909,1.3857,1.3871,1903010.2
15m,1778245200.0,1.3871,1.3878,1.3837,1.3844,2078628.0
15m,1778246100.0,1.3844,1.3875,1.3832,1.3839,1152254.2
15m,1778247000.0,1.3839,1.3866,1.383,1.3838,2312892.7
15m,1778247900.0,1.3838,1.3874,1.3838,1.3863,881603.3
15m,1778248800.0,1.3863,1.3912,1.3863,1.3902,1502790.5
15m,1778249700.0,1.3902,1.396,1.3897,1.3919,3595106.4
15m,1778250600.0,1.3919,1.3956,1.3882,1.3946,2814142.8
15m,1778251500.0,1.3946,1.3955,1.3909,1.3924,1534844.4
15m,1778252400.0,1.3924,1.3935,1.3893,1.3902,956243.8
15m,1778253300.0,1.3902,1.3906,1.3846,1.3864,2181322.5
15m,1778254200.0,1.3864,1.3929,1.3847,1.3922,2639576.6
15m,1778255100.0,1.3922,1.3976,1.3917,1.3967,2108351.2
15m,1778256000.0,1.3967,1.397,1.3928,1.3929,1350662.1
15m,1778256900.0,1.3929,1.3962,1.3921,1.3941,708511.7
15m,1778257800.0,1.3941,1.3949,1.392,1.394,1861063.9
15m,1778258700.0,1.394,1.3946,1.3926,1.3936,437713.9
15m,1778259600.0,1.3936,1.3966,1.3933,1.3963,1354515.4
15m,1778260500.0,1.3963,1.4013,1.3962,1.4,1613668.8
15m,1778261400.0,1.4,1.407,1.4,1.4051,6197582.8
15m,1778262300.0,1.4051,1.41,1.4051,1.4081,4153891.4
15m,1778263200.0,1.4081,1.4145,1.408,1.4129,4073205.6
15m,1778264100.0,1.4129,1.4219,1.4129,1.4199,8434512.2
15m,1778265000.0,1.4199,1.423,1.4186,1.4188,3505505.8
15m,1778265900.0,1.4188,1.424,1.4177,1.4185,3433947.6
15m,1778266800.0,1.4185,1.4218,1.4168,1.4216,3101905.5
15m,1778267700.0,1.4216,1.4271,1.4215,1.423,3743616.6
15m,1778268600.0,1.423,1.4233,1.4195,1.42,2830074.9
15m,1778269500.0,1.42,1.4203,1.4159,1.4184,2756343.5
15m,1778270400.0,1.4184,1.4187,1.4123,1.416,2871347.3
15m,1778271300.0,1.416,1.4172,1.4137,1.4147,1902052.0
15m,1778272200.0,1.4147,1.4153,1.4126,1.4136,982650.3
15m,1778273100.0,1.4136,1.414,1.4103,1.4117,1329109.0
15m,1778274000.0,1.4117,1.4147,1.4116,1.4138,1365499.2
15m,1778274900.0,1.4138,1.4163,1.4136,1.4151,695739.4
15m,1778275800.0,1.4151,1.421,1.4151,1.4204,3005710.1
15m,1778276700.0,1.4204,1.4214,1.4178,1.4211,1656679.4
15m,1778277600.0,1.4211,1.423,1.4209,1.4227,1746729.8
15m,1778278500.0,1.4227,1.423,1.4172,1.4187,2248726.2
15m,1778279400.0,1.4187,1.4191,1.4173,1.4176,504838.0
15m,1778280300.0,1.4176,1.4189,1.4172,1.4179,891444.0
15m,1778281200.0,1.4179,1.4184,1.416,1.4164,902160.2
15m,1778282100.0,1.4164,1.4178,1.4154,1.4168,1017062.7
15m,1778283000.0,1.4168,1.4168,1.4148,1.4156,818904.6
15m,1778283900.0,1.4156,1.4181,1.415,1.4174,741201.2
15m,1778284800.0,1.4174,1.4194,1.4172,1.4186,744727.8
15m,1778285700.0,1.4186,1.42,1.4177,1.4199,604319.1
15m,1778286600.0,1.4199,1.4211,1.4199,1.4205,991547.8
15m,1778287500.0,1.4205,1.4246,1.4205,1.4241,2424892.3
15m,1778288400.0,1.4241,1.4302,1.4238,1.4281,3861587.6
15m,1778289300.0,1.4281,1.4284,1.425,1.426,1682218.6
15m,1778290200.0,1.426,1.431,1.426,1.4297,2301528.9
15m,1778291100.0,1.4297,1.4343,1.4297,1.4318,2837004.7
15m,1778292000.0,1.4318,1.4336,1.4296,1.4298,2253471.7
15m,1778292900.0,1.4298,1.4303,1.428,1.4295,1877386.8
15m,1778293800.0,1.4295,1.4306,1.4286,1.4293,927599.3
15m,1778294700.0,1.4293,1.4307,1.427,1.4303,1458169.7
15m,1778295600.0,1.4303,1.4322,1.4297,1.43,1668761.3
15m,1778296500.0,1.43,1.4318,1.43,1.4311,927843.1
15m,1778297400.0,1.4311,1.4311,1.426,1.427,1415719.7
15m,1778298300.0,1.427,1.4289,1.4263,1.4282,396470.1
15m,1778299200.0,1.4282,1.4336,1.4281,1.432,1293398.0
15m,1778300100.0,1.432,1.4322,1.4293,1.4299,2232545.1
15m,1778301000.0,1.4299,1.4299,1.4268,1.4274,1487096.3
15m,1778301900.0,1.4274,1.4298,1.4266,1.4276,1661335.3
15m,1778302800.0,1.4276,1.4277,1.4243,1.4257,1843837.7
15m,1778303700.0,1.4257,1.4308,1.4256,1.4282,3201801.9
15m,1778304600.0,1.4282,1.4295,1.4272,1.4284,1516037.6
15m,1778305500.0,1.4284,1.4289,1.4255,1.4258,1609390.7
15m,1778306400.0,1.4258,1.4267,1.4243,1.4249,1497096.9
15m,1778307300.0,1.4249,1.4258,1.4217,1.4253,5086925.7
15m,1778308200.0,1.4253,1.4265,1.4228,1.4238,1990227.6
15m,1778309100.0,1.4238,1.4258,1.4231,1.4253,1463479.0
15m,1778310000.0,1.4253,1.4271,1.4243,1.4263,2451080.4
15m,1778310900.0,1.4263,1.4267,1.4235,1.4237,2832926.2
15m,1778311800.0,1.4237,1.4259,1.4212,1.4239,7157197.9
15m,1778312700.0,1.4239,1.4239,1.4223,1.423,1075935.6
15m,1778313600.0,1.423,1.4249,1.4222,1.4247,1523912.2
15m,1778314500.0,1.4247,1.4249,1.4233,1.4238,421008.5
15m,1778315400.0,1.4238,1.4245,1.4231,1.4239,561830.2
15m,1778316300.0,1.4239,1.4244,1.4235,1.4238,565331.8
15m,1778317200.0,1.4238,1.4249,1.422,1.4227,1356712.0
15m,1778318100.0,1.4227,1.4227,1.4189,1.4198,2598060.2
15m,1778319000.0,1.4198,1.4215,1.4191,1.4202,853583.5
15m,1778319900.0,1.4202,1.4209,1.4171,1.4189,1669460.7
15m,1778320800.0,1.4189,1.419,1.4167,1.4186,1687005.2
15m,1778321700.0,1.4186,1.4199,1.4185,1.4185,777787.1
15m,1778322600.0,1.4185,1.4221,1.4182,1.4212,802099.8
15m,1778323500.0,1.4212,1.4215,1.4203,1.4206,333259.9
15m,1778324400.0,1.4206,1.4218,1.4198,1.4208,572158.9
15m,1778325300.0,1.4208,1.4221,1.4204,1.4221,764066.0
15m,1778326200.0,1.4221,1.4224,1.4214,1.4215,384991.3
15m,1778327100.0,1.4215,1.4222,1.4212,1.4214,312567.6
15m,1778328000.0,1.4214,1.422,1.4193,1.4202,783577.8
15m,1778328900.0,1.4202,1.422,1.4187,1.4214,1596064.6
15m,1778329800.0,1.4214,1.4214,1.4194,1.4204,377237.6
15m,1778330700.0,1.4204,1.421,1.4196,1.4198,558796.3
15m,1778331600.0,1.4198,1.4199,1.4186,1.4197,448943.4
15m,1778332500.0,1.4197,1.4199,1.4163,1.4172,1269967.2
15m,1778333400.0,1.4172,1.4182,1.4158,1.418,1146941.6
15m,1778334300.0,1.418,1.419,1.4174,1.419,968402.8
15m,1778335200.0,1.419,1.4204,1.418,1.4194,855407.2
15m,1778336100.0,1.4194,1.4194,1.4147,1.4164,2651754.7
15m,1778337000.0,1.4164,1.4171,1.4154,1.4165,1336063.6
15m,1778337900.0,1.4165,1.4174,1.4143,1.4147,1225347.9
15m,1778338800.0,1.4147,1.4155,1.4109,1.4117,5396864.5
15m,1778339700.0,1.4117,1.414,1.4117,1.4139,1356738.7
15m,1778340600.0,1.4139,1.4152,1.4127,1.4129,1367632.2
15m,1778341500.0,1.4129,1.4139,1.4122,1.4135,1108650.0
15m,1778342400.0,1.4135,1.416,1.4102,1.416,3610205.8
15m,1778343300.0,1.416,1.4189,1.4158,1.4168,2725259.3
15m,1778344200.0,1.4168,1.4177,1.4156,1.4159,2192147.2
15m,1778345100.0,1.4159,1.4187,1.4149,1.4166,4596783.5
15m,1778346000.0,1.4166,1.4206,1.4165,1.4185,2361496.1
15m,1778346900.0,1.4185,1.4214,1.4185,1.4214,2532820.9
15m,1778347800.0,1.4214,1.4241,1.4208,1.4208,2511686.2
15m,1778348700.0,1.4208,1.4213,1.4195,1.4203,737878.8
15m,1778349600.0,1.4203,1.422,1.4203,1.4214,645528.2
15m,1778350500.0,1.4214,1.4241,1.4205,1.4235,1533653.3
15m,1778351400.0,1.4235,1.4238,1.4215,1.4219,649693.9
15m,1778352300.0,1.4219,1.4219,1.4196,1.4215,865549.4
15m,1778353200.0,1.4215,1.4225,1.4209,1.4219,1146634.6
15m,1778354100.0,1.4219,1.4219,1.4204,1.4218,382148.8
15m,1778355000.0,1.4218,1.423,1.4217,1.4225,397349.2
15m,1778355900.0,1.4225,1.4235,1.4217,1.4232,690561.5
15m,1778356800.0,1.4232,1.4234,1.4208,1.4217,1396576.1
15m,1778357700.0,1.4217,1.4218,1.4202,1.4207,801889.2
15m,1778358600.0,1.4207,1.4213,1.4198,1.4208,489076.9
15m,1778359500.0,1.4208,1.4212,1.4203,1.4209,212064.6
15m,1778360400.0,1.4209,1.4234,1.4203,1.4221,1066388.9
15m,1778361300.0,1.4221,1.4226,1.4205,1.4216,240290.8
15m,1778362200.0,1.4216,1.4218,1.4205,1.4209,278844.1
15m,1778363100.0,1.4209,1.4218,1.4204,1.4218,329825.7
15m,1778364000.0,1.4218,1.4223,1.4206,1.4211,507930.4
15m,1778364900.0,1.4211,1.4226,1.421,1.4222,250790.2
15m,1778365800.0,1.4222,1.4241,1.4208,1.4238,502448.8
15m,1778366700.0,1.4238,1.4243,1.4222,1.4226,650484.0
15m,1778367600.0,1.4226,1.4245,1.4213,1.4215,636836.1
15m,1778368500.0,1.4215,1.4218,1.4188,1.4197,938186.0
15m,1778369400.0,1.4197,1.4198,1.4181,1.419,1193611.8
15m,1778370300.0,1.419,1.4202,1.4189,1.4197,380271.6
15m,1778371200.0,1.4197,1.4204,1.4178,1.4201,1247840.4
15m,1778372100.0,1.4201,1.4219,1.4195,1.4205,584746.5
15m,1778373000.0,1.4205,1.4207,1.4182,1.4187,826080.8
15m,1778373900.0,1.4187,1.4189,1.415,1.416,1843980.2
15m,1778374800.0,1.416,1.4162,1.4135,1.4148,2974846.0
15m,1778375700.0,1.4148,1.4155,1.4114,1.4116,1676700.2
15m,1778376600.0,1.4116,1.4128,1.4112,1.4122,843950.0
15m,1778377500.0,1.4122,1.4146,1.4116,1.4141,753441.1
15m,1778378400.0,1.4141,1.4147,1.4125,1.4147,626834.5
15m,1778379300.0,1.4147,1.4212,1.4146,1.4209,2805442.2
15m,1778380200.0,1.4209,1.4212,1.4158,1.4164,3196408.8
15m,1778381100.0,1.4164,1.4175,1.4158,1.4164,1422065.3
15m,1778382000.0,1.4164,1.4181,1.4148,1.4148,814724.4
15m,1778382900.0,1.4148,1.4202,1.4137,1.4159,7259876.0
15m,1778383800.0,1.4159,1.4189,1.4149,1.4169,947274.4
15m,1778384700.0,1.4169,1.4177,1.4162,1.4162,279556.1
15m,1778385600.0,1.4162,1.4169,1.4147,1.4156,279499.7
15m,1778386500.0,1.4156,1.4164,1.4148,1.4159,389315.6
15m,1778387400.0,1.4159,1.4181,1.4159,1.4167,382745.3
15m,1778388300.0,1.4167,1.4184,1.4159,1.417,365571.9
15m,1778389200.0,1.417,1.4172,1.4157,1.4166,626435.6
15m,1778390100.0,1.4166,1.4199,1.4165,1.4177,1193498.1
15m,1778391000.0,1.4177,1.419,1.4173,1.4174,279032.7
15m,1778391900.0,1.4174,1.4181,1.417,1.4173,499677.8
15m,1778392800.0,1.4173,1.4178,1.4155,1.4163,637692.1
15m,1778393700.0,1.4163,1.4164,1.4149,1.415,308292.7
15m,1778394600.0,1.415,1.4178,1.415,1.4167,1393810.5
15m,1778395500.0,1.4167,1.4178,1.4164,1.4178,728942.5
15m,1778396400.0,1.4178,1.42,1.4166,1.4167,1570268.3
15m,1778397300.0,1.4167,1.4199,1.4166,1.419,846927.0
15m,1778398200.0,1.419,1.4199,1.4183,1.4198,628101.6
15m,1778399100.0,1.4198,1.4208,1.4189,1.4192,1388301.8
15m,1778400000.0,1.4192,1.4236,1.4184,1.4217,1806146.9
15m,1778400900.0,1.4217,1.4252,1.4204,1.4245,1938933.9
15m,1778401800.0,1.4245,1.4258,1.4235,1.4236,1309751.8
15m,1778402700.0,1.4236,1.4268,1.4236,1.4263,2254699.1
15m,1778403600.0,1.4263,1.4281,1.426,1.4267,2001600.9
15m,1778404500.0,1.4267,1.4269,1.4248,1.425,1599919.9
15m,1778405400.0,1.425,1.426,1.4222,1.4256,3690607.5
15m,1778406300.0,1.4256,1.4278,1.4256,1.4274,1480316.4
15m,1778407200.0,1.4274,1.4292,1.4241,1.429,3296094.3
15m,1778408100.0,1.429,1.4299,1.425,1.4267,5045824.3
15m,1778409000.0,1.4267,1.4268,1.4234,1.4243,1301125.3
15m,1778409900.0,1.4243,1.4273,1.4243,1.4265,873502.0
15m,1778410800.0,1.4265,1.4267,1.423,1.4232,2040128.0
15m,1778411700.0,1.4232,1.4245,1.4172,1.4212,7307910.8
15m,1778412600.0,1.4212,1.4228,1.4211,1.4214,1442403.1
15m,1778413500.0,1.4214,1.4231,1.4211,1.4224,538192.6
15m,1778414400.0,1.4224,1.4233,1.4207,1.4222,953895.2
15m,1778415300.0,1.4222,1.4233,1.4214,1.4227,581095.8
15m,1778416200.0,1.4227,1.4228,1.4203,1.422,771235.4
15m,1778417100.0,1.422,1.4235,1.422,1.4235,1112970.2
15m,1778418000.0,1.4235,1.4277,1.4225,1.4265,3110869.3
15m,1778418900.0,1.4265,1.4324,1.4262,1.4317,4722411.0
15m,1778419800.0,1.4317,1.4332,1.4301,1.431,2487631.3
15m,1778420700.0,1.431,1.4317,1.4297,1.4317,1422689.9
15m,1778421600.0,1.4317,1.4331,1.4303,1.4315,1362982.1
15m,1778422500.0,1.4315,1.4316,1.4284,1.4305,1355188.6
15m,1778423400.0,1.4305,1.4369,1.4302,1.4347,6085926.7
15m,1778424300.0,1.4347,1.4358,1.4311,1.4342,1684152.5
15m,1778425200.0,1.4342,1.4355,1.4327,1.4348,1845463.5
15m,1778426100.0,1.4348,1.4359,1.4335,1.4353,1032877.2
15m,1778427000.0,1.4353,1.4431,1.4351,1.442,4494241.8
15m,1778427900.0,1.442,1.4444,1.4406,1.4434,2557652.6
15m,1778428800.0,1.4434,1.4549,1.4419,1.4506,10699770.3
15m,1778429700.0,1.4506,1.4725,1.4471,1.4682,20908062.2
15m,1778430600.0,1.4682,1.4781,1.4675,1.4724,12814779.9
15m,1778431500.0,1.4724,1.4744,1.4687,1.4715,6183520.4
15m,1778432400.0,1.4715,1.4854,1.4713,1.485,8913853.3
15m,1778433300.0,1.485,1.4978,1.4818,1.4966,11274134.0
15m,1778434200.0,1.4966,1.4975,1.4871,1.4963,7457177.1
15m,1778435100.0,1.4963,1.5075,1.4906,1.5037,8782713.2
15m,1778436000.0,1.5037,1.5059,1.4996,1.5006,4196104.4
15m,1778436900.0,1.5006,1.5041,1.4951,1.4995,4474765.7
15m,1778437800.0,1.4995,1.5,1.4845,1.4862,8582572.6
15m,1778438700.0,1.4862,1.489,1.4848,1.4859,3306728.5
15m,1778439600.0,1.4859,1.486,1.4747,1.4794,7777361.1
15m,1778440500.0,1.4794,1.4888,1.479,1.4881,2830743.0
15m,1778441400.0,1.4881,1.4907,1.4855,1.4883,2762207.7
15m,1778442300.0,1.4883,1.4896,1.4807,1.4863,3747372.0
15m,1778443200.0,1.4863,1.4894,1.4776,1.4784,4881483.6
15m,1778444100.0,1.4784,1.4795,1.471,1.475,4745111.0
15m,1778445000.0,1.475,1.475,1.4609,1.4618,8364750.3
15m,1778445900.0,1.4618,1.462,1.4364,1.4494,18688859.6
15m,1778446800.0,1.4494,1.4557,1.4428,1.4469,5918328.3
15m,1778447700.0,1.4469,1.4575,1.4459,1.4573,2768055.9
15m,1778448600.0,1.4573,1.4634,1.4545,1.4603,4298249.3
15m,1778449500.0,1.4603,1.4634,1.4543,1.4544,2486381.6
15m,1778450400.0,1.4544,1.4655,1.4522,1.4623,4975334.2
15m,1778451300.0,1.4623,1.4698,1.46,1.4665,2858178.6
15m,1778452200.0,1.4665,1.4725,1.4634,1.469,4014024.6
15m,1778453100.0,1.469,1.474,1.4688,1.4729,3508217.6
15m,1778454000.0,1.4729,1.4755,1.4709,1.473,3557647.9
15m,1778454900.0,1.473,1.4742,1.4685,1.4718,2902772.5
15m,1778455800.0,1.4718,1.4765,1.4712,1.4755,1830863.4
15m,1778456700.0,1.4755,1.4764,1.4708,1.4727,1780038.9
15m,1778457600.0,1.4727,1.4773,1.4683,1.4691,3884374.9
15m,1778458500.0,1.4691,1.4693,1.4591,1.4602,6185919.4
15m,1778459400.0,1.4602,1.468,1.4567,1.4584,3230459.3
15m,1778460300.0,1.4584,1.4609,1.4513,1.4571,4165189.5
15m,1778461200.0,1.4571,1.4636,1.4515,1.4602,2865035.4
15m,1778462100.0,1.4602,1.4681,1.4586,1.4646,2230773.4
15m,1778463000.0,1.4646,1.4651,1.4601,1.4619,1627949.9
15m,1778463900.0,1.4619,1.4627,1.457,1.4601,1250557.4
15m,1778464800.0,1.4601,1.4619,1.4534,1.4547,2124806.8
15m,1778465700.0,1.4547,1.4547,1.4502,1.4538,3424645.0
15m,1778466600.0,1.4538,1.455,1.4482,1.4522,3848509.5
15m,1778467500.0,1.4522,1.4554,1.4517,1.4532,761511.3
15m,1778468400.0,1.4532,1.4535,1.4418,1.4419,5333961.4
15m,1778469300.0,1.4419,1.4464,1.4413,1.4427,5498322.9
15m,1778470200.0,1.4427,1.4459,1.4392,1.4458,4211113.3
15m,1778471100.0,1.4458,1.449,1.4455,1.448,1756365.2
15m,1778472000.0,1.448,1.448,1.444,1.446,2365004.8
15m,1778472900.0,1.446,1.4512,1.4459,1.4506,2033271.2
15m,1778473800.0,1.4506,1.456,1.4477,1.4504,5647676.5
15m,1778474700.0,1.4504,1.4507,1.4469,1.4475,2368111.2
15m,1778475600.0,1.4475,1.4509,1.4472,1.4502,1139116.4
15m,1778476500.0,1.4502,1.4534,1.4501,1.453,3247473.3
15m,1778477400.0,1.453,1.4555,1.4527,1.4535,1638486.9
15m,1778478300.0,1.4535,1.4555,1.4521,1.4545,1108253.4
15m,1778479200.0,1.4545,1.4585,1.4534,1.457,2006290.8
15m,1778480100.0,1.457,1.4577,1.4546,1.4565,1189699.3
15m,1778481000.0,1.4565,1.4579,1.4517,1.4526,1273701.2
15m,1778481900.0,1.4526,1.4538,1.45,1.4527,1109347.0
15m,1778482800.0,1.4527,1.453,1.448,1.4486,3106466.2
15m,1778483700.0,1.4486,1.4494,1.4419,1.4426,4063582.8
15m,1778484600.0,1.4426,1.4493,1.4416,1.447,4526530.0
15m,1778485500.0,1.447,1.4492,1.447,1.449,1193540.2
15m,1778486400.0,1.449,1.4507,1.4444,1.4476,4980212.5
15m,1778487300.0,1.4476,1.4486,1.4421,1.4421,1511995.4
15m,1778488200.0,1.4421,1.4472,1.4407,1.4464,3950536.4
15m,1778489100.0,1.4464,1.4481,1.4445,1.4452,1073347.9
15m,1778490000.0,1.4452,1.4508,1.4449,1.45,1506568.4
15m,1778490900.0,1.45,1.4512,1.4488,1.4512,1048746.1
15m,1778491800.0,1.4512,1.4522,1.4496,1.4518,1323991.5
15m,1778492700.0,1.4518,1.4538,1.4506,1.4508,1321859.9
15m,1778493600.0,1.4508,1.4518,1.4478,1.4504,3273600.3
15m,1778494500.0,1.4504,1.4537,1.4502,1.4517,1781468.9
15m,1778495400.0,1.4517,1.4529,1.4489,1.451,3009901.6
15m,1778496300.0,1.451,1.453,1.4484,1.4499,2517367.2
15m,1778497200.0,1.4499,1.451,1.4465,1.4483,3020405.0
15m,1778498100.0,1.4483,1.4535,1.4482,1.4531,1191950.8
15m,1778499000.0,1.4531,1.4565,1.453,1.4543,1992043.8
15m,1778499900.0,1.4543,1.4569,1.4531,1.4569,2481319.5
15m,1778500800.0,1.4569,1.4594,1.453,1.4563,5308066.5
15m,1778501700.0,1.4563,1.4617,1.4557,1.4606,3192726.8
15m,1778502600.0,1.4606,1.4628,1.4604,1.4615,3355138.3
15m,1778503500.0,1.4615,1.4626,1.4562,1.4571,4227281.0
15m,1778504400.0,1.4571,1.4634,1.4568,1.4615,2001881.0
15m,1778505300.0,1.4615,1.4644,1.46,1.4611,1737615.9
15m,1778506200.0,1.4611,1.4631,1.4515,1.4609,9969916.6
15m,1778507100.0,1.4609,1.4625,1.4561,1.4592,4315342.0
15m,1778508000.0,1.4592,1.4698,1.4592,1.469,6087808.7
15m,1778508900.0,1.469,1.4699,1.4578,1.4586,6214686.6
15m,1778509800.0,1.4586,1.4665,1.455,1.4638,10238464.9
15m,1778510700.0,1.4638,1.4722,1.4601,1.4709,6856873.8
15m,1778511600.0,1.4709,1.4737,1.4663,1.4727,5701037.5
15m,1778512500.0,1.4727,1.4875,1.4724,1.4864,10015496.8
15m,1778513400.0,1.4864,1.4883,1.4794,1.4837,4812341.6
15m,1778514300.0,1.4837,1.4883,1.4818,1.4845,4316798.1
15m,1778515200.0,1.4845,1.4873,1.4781,1.4852,6161524.7
15m,1778516100.0,1.4852,1.4859,1.4778,1.479,3290720.0
15m,1778517000.0,1.479,1.4811,1.4712,1.473,5649659.0
15m,1778517900.0,1.473,1.4772,1.4726,1.474,2405765.4
15m,1778518800.0,1.474,1.4748,1.4659,1.4691,4701508.3
15m,1778519700.0,1.4691,1.4727,1.4691,1.4716,2384910.4
15m,1778520600.0,1.4716,1.4783,1.4687,1.4772,4027535.7
15m,1778521500.0,1.4772,1.4805,1.4761,1.4794,2543563.9
15m,1778522400.0,1.4794,1.4807,1.4766,1.4773,2028767.1
15m,1778523300.0,1.4773,1.4786,1.4729,1.4773,2266065.4
15m,1778524200.0,1.4773,1.4784,1.4729,1.4735,2373343.5
15m,1778525100.0,1.4735,1.4752,1.4697,1.4698,2309804.7
15m,1778526000.0,1.4698,1.4739,1.4664,1.4739,2664838.5
15m,1778526900.0,1.4739,1.4768,1.4718,1.4732,2481372.4
15m,1778527800.0,1.4732,1.4799,1.4729,1.4797,1655523.1
15m,1778528700.0,1.4797,1.4799,1.4759,1.4786,3259308.0
15m,1778529600.0,1.4786,1.4822,1.4742,1.4751,3847798.9
15m,1778530500.0,1.4751,1.4765,1.4719,1.4726,1350145.7
15m,1778531400.0,1.4726,1.4755,1.472,1.4738,815527.5
15m,1778532300.0,1.4738,1.4768,1.4717,1.4724,1545026.7
15m,1778533200.0,1.4724,1.4743,1.4699,1.4715,1844254.7
15m,1778534100.0,1.4715,1.4722,1.468,1.4691,1031066.9
15m,1778535000.0,1.4691,1.4725,1.4686,1.4712,948381.6
15m,1778535900.0,1.4712,1.4717,1.4688,1.4693,508291.0
15m,1778536800.0,1.4693,1.4732,1.4678,1.4711,1210711.0
15m,1778537700.0,1.4711,1.4727,1.4682,1.469,713871.0
15m,1778538600.0,1.469,1.4716,1.4689,1.4716,629085.8
15m,1778539500.0,1.4716,1.4766,1.4705,1.4744,1165849.4
15m,1778540400.0,1.4744,1.4745,1.472,1.4739,1285465.4
15m,1778541300.0,1.4739,1.474,1.4699,1.4725,1314390.2
15m,1778542200.0,1.4725,1.4794,1.4718,1.4785,1699122.5
15m,1778543100.0,1.4785,1.4794,1.4754,1.4766,1323858.5
15m,1778544000.0,1.4766,1.4793,1.4748,1.4775,1665799.3
15m,1778544900.0,1.4775,1.4794,1.476,1.4789,1612037.6
15m,1778545800.0,1.4789,1.4843,1.4778,1.4785,3166245.9
15m,1778546700.0,1.4785,1.4827,1.4783,1.4788,1763400.5
15m,1778547600.0,1.4788,1.4811,1.4742,1.4759,2227279.4
15m,1778548500.0,1.4759,1.4762,1.4691,1.4728,4888615.6
15m,1778549400.0,1.4728,1.4728,1.4551,1.4631,12786237.1
15m,1778550300.0,1.4631,1.4689,1.4612,1.4663,3258257.0
15m,1778551200.0,1.4663,1.4701,1.4645,1.4692,1810844.9
15m,1778552100.0,1.4692,1.4694,1.4622,1.4666,2333277.9
15m,1778553000.0,1.4666,1.4671,1.46,1.4601,1357652.0
15m,1778553900.0,1.4601,1.4663,1.4601,1.464,1445029.3
15m,1778554800.0,1.464,1.465,1.4607,1.4621,1441516.2
15m,1778555700.0,1.4621,1.4632,1.4584,1.4599,1661901.4
15m,1778556600.0,1.4599,1.4631,1.4598,1.4626,1044088.0
15m,1778557500.0,1.4626,1.4626,1.4576,1.4591,1279105.6
15m,1778558400.0,1.4591,1.4602,1.4565,1.4572,2557682.5
15m,1778559300.0,1.4572,1.4634,1.4568,1.4627,1600808.9
15m,1778560200.0,1.4627,1.4649,1.4615,1.4636,1393576.2
15m,1778561100.0,1.4636,1.4657,1.462,1.4622,1259173.7
15m,1778562000.0,1.4622,1.4638,1.4591,1.4602,1091511.9
15m,1778562900.0,1.4602,1.464,1.4597,1.4637,1534418.5
15m,1778563800.0,1.4637,1.4686,1.4622,1.4636,3891094.3
15m,1778564700.0,1.4636,1.4643,1.4606,1.4614,1309903.9
15m,1778565600.0,1.4614,1.4627,1.4603,1.4623,729553.7
15m,1778566500.0,1.4623,1.4662,1.462,1.4629,1365005.1
15m,1778567400.0,1.4629,1.4635,1.4592,1.4593,2270105.2
15m,1778568300.0,1.4593,1.4602,1.455,1.4576,4071489.3
15m,1778569200.0,1.4576,1.461,1.4533,1.4598,3406205.9
15m,1778570100.0,1.4598,1.4635,1.4572,1.4622,1302961.3
15m,1778571000.0,1.4622,1.4648,1.4613,1.4617,1044068.2
15m,1778571900.0,1.4617,1.4643,1.4589,1.4623,3250252.6
15m,1778572800.0,1.4623,1.4653,1.4603,1.4606,1701979.4
15m,1778573700.0,1.4606,1.469,1.4591,1.4689,4007823.9
15m,1778574600.0,1.4689,1.4703,1.4657,1.468,3981285.5
15m,1778575500.0,1.468,1.4694,1.4643,1.4644,1454930.7
15m,1778576400.0,1.4644,1.4644,1.4567,1.4567,3507818.8
15m,1778577300.0,1.4567,1.4575,1.4536,1.4548,3398480.0
15m,1778578200.0,1.4548,1.4584,1.4547,1.4552,3081720.1
15m,1778579100.0,1.4552,1.4564,1.4541,1.4549,1613252.5
15m,1778580000.0,1.4549,1.4574,1.4504,1.4555,6492310.0
15m,1778580900.0,1.4555,1.4563,1.4535,1.4538,1531258.0
15m,1778581800.0,1.4538,1.4545,1.4475,1.4488,5356412.0
15m,1778582700.0,1.4488,1.4495,1.4458,1.449,3501028.2
15m,1778583600.0,1.449,1.4513,1.4463,1.4473,2959092.0
15m,1778584500.0,1.4473,1.4475,1.4432,1.4457,3725072.0
15m,1778585400.0,1.4457,1.4481,1.4454,1.448,1640055.0
15m,1778586300.0,1.448,1.4488,1.4467,1.4483,1419456.0
15m,1778587200.0,1.4483,1.4508,1.4462,1.4505,2394400.0
15m,1778588100.0,1.4505,1.4525,1.4495,1.4517,2887198.8
15m,1778589000.0,1.4517,1.455,1.4455,1.4498,8724838.3
15m,1778589900.0,1.4498,1.452,1.4492,1.4498,754509.7
15m,1778590800.0,1.4498,1.4519,1.4495,1.4498,2422347.9
15m,1778591700.0,1.4498,1.4499,1.4465,1.448,2036685.4
15m,1778592600.0,1.448,1.4499,1.4426,1.4481,4348200.4
15m,1778593500.0,1.4481,1.4496,1.4314,1.4336,24416255.0
15m,1778594400.0,1.4336,1.4395,1.4326,1.4386,5572748.3
15m,1778595300.0,1.4386,1.44,1.4301,1.4321,4284127.1
15m,1778596200.0,1.4321,1.436,1.4258,1.4338,10362821.9
15m,1778597100.0,1.4338,1.4338,1.4235,1.4273,5068677.3
15m,1778598000.0,1.4273,1.4307,1.4243,1.4288,2572929.5
15m,1778598900.0,1.4288,1.4291,1.4175,1.4197,9601068.9
15m,1778599800.0,1.4197,1.4245,1.4194,1.4238,2672622.3
15m,1778600700.0,1.4238,1.4261,1.4213,1.4233,1688060.5
15m,1778601600.0,1.4233,1.4268,1.4207,1.4255,2195828.3
15m,1778602500.0,1.4255,1.4281,1.4236,1.4271,1612633.0
15m,1778603400.0,1.4271,1.4283,1.4239,1.4259,1455157.6
15m,1778604300.0,1.4259,1.4266,1.419,1.4217,5075430.3
15m,1778605200.0,1.4217,1.4291,1.4216,1.4289,2517310.9
15m,1778606100.0,1.4289,1.4334,1.4289,1.4308,3510961.3
15m,1778607000.0,1.4308,1.4333,1.4303,1.4331,1400893.5
15m,1778607900.0,1.4331,1.4343,1.432,1.433,1226245.7
15m,1778608800.0,1.433,1.4342,1.4307,1.4323,2374211.5
15m,1778609700.0,1.4323,1.4337,1.4315,1.4327,877570.4
15m,1778610600.0,1.4327,1.4352,1.4323,1.4347,859130.8
15m,1778611500.0,1.4347,1.4373,1.4339,1.4352,929605.6
15m,1778612400.0,1.4352,1.4413,1.4352,1.4394,1518770.0
15m,1778613300.0,1.4394,1.4402,1.4372,1.4372,1577601.3
15m,1778614200.0,1.4372,1.4411,1.4372,1.4406,945605.4
15m,1778615100.0,1.4406,1.4419,1.4386,1.4398,2164352.6
15m,1778616000.0,1.4398,1.442,1.4388,1.4397,1313270.5
15m,1778616900.0,1.4397,1.4417,1.4389,1.4409,744678.1
15m,1778617800.0,1.4409,1.4421,1.4377,1.4389,1291724.6
15m,1778618700.0,1.4389,1.4404,1.4378,1.4397,1198487.2
15m,1778619600.0,1.4397,1.4404,1.4373,1.4378,2027070.4
15m,1778620500.0,1.4378,1.4402,1.4365,1.4395,1382620.4
15m,1778621400.0,1.4395,1.4401,1.4374,1.4383,1295102.2
15m,1778622300.0,1.4383,1.4399,1.4374,1.4396,419654.4
15m,1778623200.0,1.4396,1.4432,1.4396,1.4407,1099832.9
15m,1778624100.0,1.4407,1.4424,1.44,1.4406,806656.9
15m,1778625000.0,1.4406,1.4423,1.4396,1.4411,841337.6
15m,1778625900.0,1.4411,1.4415,1.4388,1.439,919750.1
15m,1778626800.0,1.439,1.44,1.436,1.4374,880011.8
15m,1778627700.0,1.4374,1.4389,1.4366,1.4387,589291.3
15m,1778628600.0,1.4387,1.4388,1.4324,1.4351,2818885.8
15m,1778629500.0,1.4351,1.4368,1.4341,1.4364,998369.5
15m,1778630400.0,1.4364,1.4378,1.4342,1.4346,1299626.5
15m,1778631300.0,1.4346,1.4388,1.4344,1.4369,1227327.3
15m,1778632200.0,1.4369,1.4395,1.4366,1.4379,893075.6
15m,1778633100.0,1.4379,1.4394,1.4354,1.4387,1058102.4
15m,1778634000.0,1.4387,1.4474,1.4383,1.4466,2388495.0
15m,1778634900.0,1.4466,1.4496,1.445,1.4482,2818831.5
15m,1778635800.0,1.4482,1.4509,1.4482,1.4497,2158074.2
15m,1778636700.0,1.4497,1.4507,1.4469,1.4479,2007826.8
15m,1778637600.0,1.4479,1.4499,1.4462,1.449,1285937.2
15m,1778638500.0,1.449,1.4529,1.4471,1.4493,2044197.9
15m,1778639400.0,1.4493,1.4498,1.4466,1.4479,664427.4
15m,1778640300.0,1.4479,1.4482,1.4464,1.4477,669134.0
15m,1778641200.0,1.4477,1.4493,1.4461,1.4471,965325.8
15m,1778642100.0,1.4471,1.4495,1.4468,1.4491,916138.2
15m,1778643000.0,1.4491,1.4521,1.4484,1.4514,1653570.5
15m,1778643900.0,1.4514,1.4524,1.4506,1.4514,820151.1
15m,1778644800.0,1.4514,1.4544,1.4503,1.4509,1732054.2
15m,1778645700.0,1.4509,1.4521,1.4494,1.4508,2253031.0
15m,1778646600.0,1.4508,1.4594,1.4505,1.4577,5791058.5
15m,1778647500.0,1.4577,1.4633,1.4573,1.4617,3403815.0
15m,1778648400.0,1.4617,1.4644,1.4587,1.4592,5433594.1
15m,1778649300.0,1.4592,1.4592,1.456,1.4575,2962221.0
15m,1778650200.0,1.4575,1.4578,1.4536,1.4554,2641401.1
15m,1778651100.0,1.4554,1.4572,1.4538,1.4538,1908295.1
15m,1778652000.0,1.4538,1.46,1.452,1.46,7093181.6
15m,1778652900.0,1.46,1.4606,1.4543,1.4559,2733161.3
15m,1778653800.0,1.4559,1.4561,1.4541,1.4555,1031697.5
15m,1778654700.0,1.4555,1.4555,1.453,1.4539,870657.2
15m,1778655600.0,1.4539,1.4587,1.4535,1.4582,601026.7
15m,1778656500.0,1.4582,1.4604,1.4563,1.4594,1778995.5
15m,1778657400.0,1.4594,1.4637,1.4583,1.4604,1888162.3
15m,1778658300.0,1.4604,1.4625,1.459,1.4618,1097066.0
15m,1778659200.0,1.4618,1.4629,1.4592,1.4611,2383065.5
15m,1778660100.0,1.4611,1.463,1.46,1.4602,1167720.7
15m,1778661000.0,1.4602,1.4651,1.4579,1.4643,1907934.1
15m,1778661900.0,1.4643,1.4646,1.4616,1.4621,1062608.9
15m,1778662800.0,1.4621,1.4639,1.4616,1.463,2473388.0
15m,1778663700.0,1.463,1.4646,1.4626,1.4631,1237426.2
15m,1778664600.0,1.4631,1.4655,1.4628,1.4653,2212046.6
15m,1778665500.0,1.4653,1.469,1.4648,1.4679,2358476.6
15m,1778666400.0,1.4679,1.4687,1.4607,1.4611,2872881.9
15m,1778667300.0,1.4611,1.4616,1.4564,1.4573,4131752.8
15m,1778668200.0,1.4573,1.4586,1.4557,1.4564,3112559.0
15m,1778669100.0,1.4564,1.458,1.4558,1.4573,1166078.8
15m,1778670000.0,1.4573,1.4595,1.4473,1.4496,11590342.8
15m,1778670900.0,1.4496,1.4526,1.4493,1.45,3269568.8
15m,1778671800.0,1.45,1.4528,1.4496,1.4513,1459308.6
15m,1778672700.0,1.4513,1.4517,1.4467,1.448,2119365.6
15m,1778673600.0,1.448,1.4492,1.446,1.4472,2036338.4
15m,1778674500.0,1.4472,1.4479,1.4373,1.443,8297525.3
15m,1778675400.0,1.443,1.443,1.4247,1.4309,18016511.2
15m,1778676300.0,1.4309,1.4346,1.4306,1.4328,3282873.8
15m,1778677200.0,1.4328,1.4378,1.4327,1.4366,2731996.3
15m,1778678100.0,1.4366,1.4384,1.4344,1.435,1846591.6
15m,1778679000.0,1.435,1.4354,1.4271,1.429,6065384.1
15m,1778679900.0,1.429,1.4291,1.4212,1.4262,6141882.7
15m,1778680800.0,1.4262,1.4286,1.4195,1.4272,5817204.6
15m,1778681700.0,1.4272,1.43,1.4256,1.429,2612366.3
15m,1778682600.0,1.429,1.4294,1.4253,1.4255,2084840.7
15m,1778683500.0,1.4255,1.4286,1.4251,1.4278,1433352.2
15m,1778684400.0,1.4278,1.4311,1.4204,1.4208,3226952.9
15m,1778685300.0,1.4208,1.423,1.4161,1.4196,4335924.5
15m,1778686200.0,1.4196,1.4225,1.4176,1.4207,2444685.1
15m,1778687100.0,1.4207,1.4219,1.4101,1.4123,8290647.2
15m,1778688000.0,1.4123,1.4185,1.4105,1.4151,6488078.8
15m,1778688900.0,1.4151,1.4197,1.4147,1.4189,2678534.2
15m,1778689800.0,1.4189,1.422,1.4185,1.4215,3018362.6
15m,1778690700.0,1.4215,1.4238,1.4212,1.4224,1868120.0
15m,1778691600.0,1.4224,1.4284,1.4224,1.4281,2394938.7
15m,1778692500.0,1.4281,1.4297,1.4263,1.428,1970222.0
15m,1778693400.0,1.428,1.4288,1.4259,1.4276,1296061.1
15m,1778694300.0,1.4276,1.4296,1.4267,1.4282,1900566.0
15m,1778695200.0,1.4282,1.4307,1.4281,1.4299,1669962.8
15m,1778696100.0,1.4299,1.4331,1.428,1.431,2306523.8
15m,1778697000.0,1.431,1.4315,1.4279,1.4279,1772033.0
15m,1778697900.0,1.4279,1.4281,1.4253,1.4256,1306642.0
15m,1778698800.0,1.4256,1.4261,1.421,1.421,1978285.4
15m,1778699700.0,1.421,1.4214,1.4178,1.4188,2803023.0
15m,1778700600.0,1.4188,1.4219,1.4187,1.4187,1195911.9
15m,1778701500.0,1.4187,1.4197,1.4159,1.4184,1143729.1
15m,1778702400.0,1.4184,1.4227,1.4182,1.4206,1705822.3
15m,1778703300.0,1.4206,1.4239,1.4206,1.4223,925141.8
15m,1778704200.0,1.4223,1.4263,1.4222,1.4239,1391303.7
15m,1778705100.0,1.4239,1.4252,1.4236,1.4246,807252.0
15m,1778706000.0,1.4246,1.4251,1.4176,1.421,1806401.6
15m,1778706900.0,1.421,1.4211,1.4179,1.4192,769486.2
15m,1778707800.0,1.4192,1.4197,1.4167,1.4179,984055.9
15m,1778708700.0,1.4179,1.4206,1.4162,1.4179,642035.1
15m,1778709600.0,1.4179,1.4198,1.4148,1.4198,3117211.6
15m,1778710500.0,1.4198,1.4214,1.4176,1.4211,1292783.3
15m,1778711400.0,1.4211,1.4238,1.4205,1.4217,3438815.7
15m,1778712300.0,1.4217,1.4235,1.4216,1.4225,1417469.4
15m,1778713200.0,1.4225,1.4255,1.4204,1.4234,3860624.1
15m,1778714100.0,1.4234,1.4253,1.4226,1.4238,901126.1
15m,1778715000.0,1.4238,1.4249,1.4225,1.4241,736449.4
15m,1778715900.0,1.4241,1.4271,1.4238,1.4263,1465410.3
15m,1778716800.0,1.4263,1.4318,1.426,1.4281,5116465.5
15m,1778717700.0,1.4281,1.4319,1.4271,1.4292,4541280.9
15m,1778718600.0,1.4292,1.4325,1.4292,1.4301,902538.3
15m,1778719500.0,1.4301,1.432,1.4292,1.431,815927.0
15m,1778720400.0,1.431,1.4336,1.4305,1.4321,839546.6
15m,1778721300.0,1.4321,1.4328,1.4298,1.4324,784512.6
15m,1778722200.0,1.4324,1.4343,1.4254,1.4268,3782592.8
15m,1778723100.0,1.4268,1.4321,1.4258,1.4317,4867257.5
15m,1778724000.0,1.4317,1.4335,1.4309,1.4314,1205827.3
15m,1778724900.0,1.4314,1.433,1.4309,1.4321,451521.0
15m,1778725800.0,1.4321,1.4322,1.428,1.4298,813929.5
15m,1778726700.0,1.4298,1.4301,1.4226,1.4253,1822917.5
15m,1778727600.0,1.4253,1.4286,1.4217,1.4256,2638972.2
15m,1778728500.0,1.4256,1.4291,1.4211,1.428,2055933.1
15m,1778729400.0,1.428,1.4296,1.4243,1.4256,1286329.8
15m,1778730300.0,1.4256,1.4256,1.42,1.4217,1891593.8
15m,1778731200.0,1.4217,1.4255,1.4203,1.4251,1247500.7
15m,1778732100.0,1.4251,1.4272,1.4245,1.427,943224.9
15m,1778733000.0,1.427,1.4285,1.4261,1.4279,1092810.4
15m,1778733900.0,1.4279,1.4311,1.4268,1.4299,1881587.6
15m,1778734800.0,1.4299,1.4317,1.4293,1.4293,1292715.3
15m,1778735700.0,1.4293,1.4325,1.4286,1.432,841868.1
15m,1778736600.0,1.432,1.4337,1.4314,1.4323,1200775.9
15m,1778737500.0,1.4323,1.439,1.4323,1.4351,3045485.1
15m,1778738400.0,1.4351,1.436,1.4327,1.4342,1784756.6
15m,1778739300.0,1.4342,1.4346,1.4317,1.4325,1207154.8
15m,1778740200.0,1.4325,1.4338,1.4262,1.4331,5862381.9
15m,1778741100.0,1.4331,1.4346,1.4327,1.434,1122142.8
15m,1778742000.0,1.434,1.4348,1.4297,1.4302,1759161.2
15m,1778742900.0,1.4302,1.4342,1.4294,1.4327,2071392.3
15m,1778743800.0,1.4327,1.4359,1.4319,1.4338,6027932.9
15m,1778744700.0,1.4338,1.4344,1.4311,1.4318,806277.3
15m,1778745600.0,1.4318,1.4348,1.429,1.4334,1238806.0
15m,1778746500.0,1.4334,1.4345,1.4312,1.4317,1359520.2
15m,1778747400.0,1.4317,1.4366,1.4316,1.4348,697335.5
15m,1778748300.0,1.4348,1.4353,1.4328,1.4341,710487.7
15m,1778749200.0,1.4341,1.4354,1.4331,1.4332,864568.0
15m,1778750100.0,1.4332,1.4342,1.431,1.4318,1402336.0
15m,1778751000.0,1.4318,1.4319,1.4265,1.4292,2008913.7
15m,1778751900.0,1.4292,1.4293,1.4279,1.4289,666345.9
15m,1778752800.0,1.4289,1.4327,1.4271,1.4304,1604498.7
15m,1778753700.0,1.4304,1.432,1.4299,1.4315,532879.9
15m,1778754600.0,1.4315,1.4321,1.4293,1.4305,1169259.2
15m,1778755500.0,1.4305,1.4369,1.4305,1.436,1941099.4
15m,1778756400.0,1.436,1.4377,1.4347,1.4357,1341915.9
15m,1778757300.0,1.4357,1.4385,1.4351,1.4356,1537004.2
15m,1778758200.0,1.4356,1.436,1.4319,1.4322,1544482.1
15m,1778759100.0,1.4322,1.4341,1.4312,1.4318,1296152.6
15m,1778760000.0,1.4318,1.4376,1.4308,1.437,1157167.1
15m,1778760900.0,1.437,1.4419,1.4353,1.4419,2898090.3
15m,1778761800.0,1.4419,1.4484,1.4396,1.4482,5476206.3
15m,1778762700.0,1.4482,1.4515,1.4469,1.4476,4460750.0
15m,1778763600.0,1.4476,1.4564,1.447,1.4562,6016160.1
15m,1778764500.0,1.4562,1.46,1.4489,1.449,9765948.0
15m,1778765400.0,1.449,1.4505,1.4444,1.4461,5293340.8
15m,1778766300.0,1.4461,1.4493,1.4408,1.4417,4651752.1
15m,1778767200.0,1.4417,1.4488,1.4383,1.4475,4201199.0
15m,1778768100.0,1.4475,1.4552,1.4467,1.4542,5755792.6
15m,1778769000.0,1.4542,1.4661,1.4523,1.4647,9927776.1
15m,1778769900.0,1.4647,1.4742,1.4646,1.4708,10254491.8
15m,1778770800.0,1.4708,1.4723,1.4619,1.4677,8074282.6
15m,1778771700.0,1.4677,1.4723,1.4635,1.4677,6133636.2
15m,1778772600.0,1.4677,1.4716,1.4638,1.469,2934708.8
15m,1778773500.0,1.469,1.474,1.4677,1.4721,3104087.2
15m,1778774400.0,1.4721,1.476,1.4691,1.4748,5342621.3
15m,1778775300.0,1.4748,1.4757,1.4691,1.4724,4609046.5
15m,1778776200.0,1.4724,1.4737,1.4682,1.4707,2874794.2
15m,1778777100.0,1.4707,1.4813,1.4642,1.4798,8895377.9
15m,1778778000.0,1.4798,1.493,1.4761,1.4911,12495047.8
15m,1778778900.0,1.4911,1.4911,1.4704,1.4735,14574826.2
15m,1778779800.0,1.4735,1.4899,1.4722,1.489,5605572.6
15m,1778780700.0,1.489,1.5,1.4889,1.4912,9514112.5
15m,1778781600.0,1.4912,1.5118,1.4857,1.5086,13258120.2
15m,1778782500.0,1.5086,1.5344,1.5034,1.5339,21839176.1
15m,1778783400.0,1.5339,1.5344,1.5216,1.5301,14982618.8
15m,1778784300.0,1.5301,1.5449,1.5289,1.5356,16629148.2
15m,1778785200.0,1.5356,1.5496,1.5316,1.5396,10186204.2
15m,1778786100.0,1.5396,1.547,1.522,1.5223,14052090.9
15m,1778787000.0,1.5223,1.527,1.5147,1.518,14886458.0
15m,1778787900.0,1.518,1.5203,1.5106,1.5164,14774765.3
15m,1778788800.0,1.5164,1.5172,1.504,1.505,9295575.4
15m,1778789700.0,1.505,1.5088,1.5011,1.5055,6732513.1
15m,1778790600.0,1.5055,1.5118,1.4966,1.4992,8464834.4
15m,1778791500.0,1.4992,1.5081,1.4987,1.5075,3667933.2
15m,1778792400.0,1.5075,1.5108,1.4934,1.4966,6969459.5
15m,1778793300.0,1.4966,1.5034,1.4964,1.5023,2472725.0
15m,1778794200.0,1.5023,1.5043,1.4982,1.4986,1672643.6
15m,1778795100.0,1.4986,1.4996,1.4923,1.4972,2329598.6
15m,1778796000.0,1.4972,1.499,1.4934,1.4985,3247574.6
15m,1778796900.0,1.4985,1.5046,1.4961,1.5021,2710617.0
15m,1778797800.0,1.5021,1.5057,1.501,1.5021,3447515.7
15m,1778798700.0,1.5021,1.504,1.4984,1.5,2137280.5
15m,1778799600.0,1.5,1.5,1.4909,1.4944,2753074.8
15m,1778800500.0,1.4944,1.4959,1.4901,1.4956,1743068.5
15m,1778801400.0,1.4956,1.4956,1.4902,1.491,727423.0
15m,1778802300.0,1.491,1.491,1.4821,1.4847,6788563.5
15m,1778803200.0,1.4847,1.4935,1.4842,1.4934,3631862.2
15m,1778804100.0,1.4934,1.4981,1.4912,1.4966,3138016.7
15m,1778805000.0,1.4966,1.4994,1.4901,1.4931,4887994.9
15m,1778805900.0,1.4931,1.4978,1.4921,1.4945,2648300.2
15m,1778806800.0,1.4945,1.4977,1.4945,1.4964,2026866.7
15m,1778807700.0,1.4964,1.499,1.4917,1.4921,2094447.4
15m,1778808600.0,1.4921,1.4954,1.4862,1.4934,3367174.2
15m,1778809500.0,1.4934,1.4935,1.483,1.4838,4776523.7
15m,1778810400.0,1.4838,1.4882,1.481,1.4839,4079020.0
15m,1778811300.0,1.4839,1.4852,1.4779,1.4784,4566757.6
15m,1778812200.0,1.4784,1.4857,1.4753,1.4846,4564218.7
15m,1778813100.0,1.4846,1.4918,1.4846,1.4898,5959117.0
15m,1778814000.0,1.4898,1.4918,1.486,1.4885,2479328.2
15m,1778814900.0,1.4885,1.4896,1.4866,1.4889,1485082.6
15m,1778815800.0,1.4889,1.489,1.4826,1.4855,2578960.9
15m,1778816700.0,1.4855,1.4899,1.4852,1.4885,1896008.3
15m,1778817600.0,1.4885,1.4897,1.4849,1.4868,2453997.2
15m,1778818500.0,1.4868,1.4878,1.4822,1.4823,2208629.5
15m,1778819400.0,1.4823,1.4835,1.4786,1.4797,3178125.2
15m,1778820300.0,1.4797,1.4808,1.4721,1.4726,7022126.9
15m,1778821200.0,1.4726,1.4744,1.4683,1.4723,7775051.1
15m,1778822100.0,1.4723,1.4736,1.461,1.4647,7947908.9
15m,1778823000.0,1.4647,1.4652,1.452,1.4606,17347417.4
15m,1778823900.0,1.4606,1.4633,1.4559,1.4595,5252617.8
15m,1778824800.0,1.4595,1.4643,1.4576,1.4625,4950921.8
15m,1778825700.0,1.4625,1.4656,1.4598,1.4656,3540506.0
15m,1778826600.0,1.4656,1.4681,1.4646,1.468,2436243.8
15m,1778827500.0,1.468,1.4716,1.4661,1.4679,6382701.1
15m,1778828400.0,1.4679,1.4693,1.4649,1.4688,2843525.4
15m,1778829300.0,1.4688,1.4718,1.4665,1.4698,4169858.6
15m,1778830200.0,1.4698,1.47,1.4671,1.468,2329123.9
15m,1778831100.0,1.468,1.4696,1.4674,1.4687,890946.4
15m,1778832000.0,1.4687,1.4692,1.4661,1.467,2154984.5
15m,1778832900.0,1.467,1.4676,1.4603,1.4648,10344924.8
15m,1778833800.0,1.4648,1.47,1.4611,1.4699,4519740.7
15m,1778834700.0,1.4699,1.4714,1.468,1.4705,4940923.2
15m,1778835600.0,1.4705,1.4724,1.4645,1.4656,7110942.0
15m,1778836500.0,1.4656,1.4672,1.4636,1.4667,2062431.2
15m,1778837400.0,1.4667,1.467,1.463,1.463,1460913.4
15m,1778838300.0,1.463,1.4645,1.4606,1.4641,3859182.8
15m,1778839200.0,1.4641,1.467,1.4627,1.4664,1226948.0
15m,1778840100.0,1.4664,1.4669,1.4635,1.4656,1167849.7
15m,1778841000.0,1.4656,1.4685,1.4646,1.4679,1822600.6
15m,1778841900.0,1.4679,1.476,1.4675,1.4736,5242536.9
15m,1778842800.0,1.4736,1.4747,1.471,1.4725,2068935.2
15m,1778843700.0,1.4725,1.4732,1.4701,1.4716,1311351.6
15m,1778844600.0,1.4716,1.4717,1.4687,1.4693,1282254.2
15m,1778845500.0,1.4693,1.4701,1.4656,1.4674,2090004.1
15m,1778846400.0,1.4674,1.4683,1.4631,1.4634,3177411.1
15m,1778847300.0,1.4634,1.465,1.4625,1.4641,8458041.4
15m,1778848200.0,1.4641,1.4641,1.4581,1.4601,4674375.2
15m,1778849100.0,1.4601,1.4607,1.4574,1.4588,2741968.7
15m,1778850000.0,1.4588,1.4588,1.4535,1.4566,5417413.7
15m,1778850900.0,1.4566,1.4583,1.4539,1.4544,2458184.7
15m,1778851800.0,1.4544,1.4546,1.4373,1.4378,21173641.6
15m,1778852700.0,1.4378,1.4436,1.4276,1.4311,17953555.0
15m,1778853600.0,1.4311,1.4362,1.4257,1.4345,12470209.9
15m,1778854500.0,1.4345,1.4378,1.4329,1.4344,6726133.2
15m,1778855400.0,1.4344,1.4401,1.4344,1.4373,4956133.3
15m,1778856300.0,1.4373,1.4409,1.4331,1.4385,9176123.2
15m,1778857200.0,1.4385,1.4403,1.4348,1.4378,2305938.1
15m,1778858100.0,1.4378,1.4394,1.4331,1.4341,1770092.0
15m,1778859000.0,1.4341,1.4364,1.4296,1.4311,2749887.9
15m,1778859900.0,1.4311,1.4357,1.4289,1.4344,1829717.3
15m,1778860800.0,1.4344,1.4373,1.4331,1.4365,2030572.0
15m,1778861700.0,1.4365,1.4457,1.4359,1.4449,7677399.4
15m,1778862600.0,1.4449,1.4467,1.4422,1.4429,4501350.3
15m,1778863500.0,1.4429,1.4462,1.4401,1.4459,2848033.5
15m,1778864400.0,1.4459,1.4502,1.4448,1.4463,2110256.4
15m,1778865300.0,1.4463,1.4494,1.4453,1.448,1098995.4
15m,1778866200.0,1.448,1.4496,1.4451,1.4459,1115775.4
15m,1778867100.0,1.4459,1.4485,1.4453,1.446,1848428.0
15m,1778868000.0,1.446,1.4487,1.4453,1.4463,1092365.1
15m,1778868900.0,1.4463,1.4471,1.4417,1.4428,2073448.5
15m,1778869800.0,1.4428,1.4429,1.4394,1.4417,1691117.1
15m,1778870700.0,1.4417,1.4418,1.4391,1.44,1431562.5
15m,1778871600.0,1.44,1.4402,1.4337,1.4341,3193566.6
15m,1778872500.0,1.4341,1.4348,1.4313,1.4325,1580278.1
15m,1778873400.0,1.4325,1.4353,1.4314,1.4323,1479116.4
15m,1778874300.0,1.4323,1.4364,1.4308,1.4334,4777766.6
15m,1778875200.0,1.4334,1.4354,1.4309,1.4335,3648006.3
15m,1778876100.0,1.4335,1.436,1.4315,1.436,1057921.2
15m,1778877000.0,1.436,1.4364,1.4326,1.4335,1239961.8
15m,1778877900.0,1.4335,1.4342,1.4317,1.4341,1114844.8
15m,1778878800.0,1.4341,1.4363,1.4338,1.4356,1682663.4
15m,1778879700.0,1.4356,1.4362,1.4343,1.4343,505575.0
15m,1778880600.0,1.4343,1.4347,1.4325,1.434,1052167.4
15m,1778881500.0,1.434,1.4352,1.429,1.4295,3524076.8
15m,1778882400.0,1.4295,1.4329,1.4289,1.4315,1399281.9
15m,1778883300.0,1.4315,1.4325,1.4301,1.4314,767424.0
15m,1778884200.0,1.4314,1.4326,1.4303,1.4319,1285950.7
15m,1778885100.0,1.4319,1.4337,1.4317,1.4326,856716.1
15m,1778886000.0,1.4326,1.4341,1.4319,1.4324,1502408.4
15m,1778886900.0,1.4324,1.4336,1.4317,1.433,1192626.3
15m,1778887800.0,1.433,1.4344,1.4313,1.434,1135906.1
15m,1778888700.0,1.434,1.4345,1.433,1.433,1182137.6
15m,1778889600.0,1.433,1.4367,1.4313,1.4365,2270488.6
15m,1778890500.0,1.4365,1.437,1.4341,1.4346,2367496.1
15m,1778891400.0,1.4346,1.438,1.4334,1.4355,1476689.0
15m,1778892300.0,1.4355,1.4361,1.4323,1.4334,768091.2
15m,1778893200.0,1.4334,1.4341,1.432,1.4337,1129376.6
15m,1778894100.0,1.4337,1.4346,1.4303,1.4313,1806726.6
15m,1778895000.0,1.4313,1.4327,1.4309,1.4319,823770.1
15m,1778895900.0,1.4319,1.4379,1.4318,1.436,1712124.1
15m,1778896800.0,1.436,1.4385,1.4357,1.438,1107665.3
15m,1778897700.0,1.438,1.4385,1.4359,1.4361,810564.5
15m,1778898600.0,1.4361,1.4368,1.4344,1.4354,629136.6
15m,1778899500.0,1.4354,1.4362,1.4342,1.4358,842471.7
15m,1778900400.0,1.4358,1.4378,1.4357,1.4367,1145235.0
15m,1778901300.0,1.4367,1.4377,1.435,1.4355,441408.7
15m,1778902200.0,1.4355,1.4363,1.4329,1.4329,698439.0
15m,1778903100.0,1.4329,1.4361,1.4328,1.4347,492779.4
15m,1778904000.0,1.4347,1.4357,1.4323,1.4344,1221566.0
15m,1778904900.0,1.4344,1.4349,1.4292,1.4293,1875393.0
15m,1778905800.0,1.4293,1.4296,1.4133,1.4227,28073861.4
15m,1778906700.0,1.4227,1.4249,1.4212,1.4247,3086064.8
15m,1778907600.0,1.4247,1.4262,1.4201,1.4258,2111758.1
15m,1778908500.0,1.4258,1.4282,1.4226,1.4246,4052681.3
15m,1778909400.0,1.4246,1.4287,1.4238,1.427,2377199.1
15m,1778910300.0,1.427,1.4288,1.4225,1.4241,5249090.4
15m,1778911200.0,1.4241,1.4256,1.4183,1.4195,2606944.7
15m,1778912100.0,1.4195,1.4201,1.416,1.42,2260725.0
15m,1778913000.0,1.42,1.4216,1.4162,1.4169,2675309.2
15m,1778913900.0,1.4169,1.4199,1.4121,1.4189,4483130.6
15m,1778914800.0,1.4189,1.419,1.404,1.4084,13425829.2
15m,1778915700.0,1.4084,1.414,1.4033,1.4137,7052654.2
15m,1778916600.0,1.4137,1.4169,1.4108,1.4168,2017437.7
15m,1778917500.0,1.4168,1.4172,1.4136,1.4158,2020025.4
15m,1778918400.0,1.4158,1.4174,1.4146,1.4146,1783516.8
15m,1778919300.0,1.4146,1.4155,1.4135,1.4149,754091.7
15m,1778920200.0,1.4149,1.417,1.4141,1.4158,1205661.6
15m,1778921100.0,1.4158,1.416,1.4138,1.4142,1547392.7
15m,1778922000.0,1.4142,1.4152,1.4104,1.4105,2667844.1
15m,1778922900.0,1.4105,1.4112,1.4021,1.4051,10679934.4
15m,1778923800.0,1.4051,1.4087,1.4047,1.4057,2128184.5
15m,1778924700.0,1.4057,1.4072,1.4002,1.4015,5082222.6
15m,1778925600.0,1.4015,1.4028,1.3953,1.3981,8503764.9
15m,1778926500.0,1.3981,1.4002,1.3962,1.3989,2886668.4
15m,1778927400.0,1.3989,1.4049,1.3987,1.4012,5585564.6
15m,1778928300.0,1.4012,1.4082,1.4008,1.4064,2234868.4
15m,1778929200.0,1.4064,1.4091,1.4064,1.4066,1328671.4
15m,1778930100.0,1.4066,1.4092,1.4058,1.4092,1372131.9
15m,1778931000.0,1.4092,1.4129,1.4087,1.4111,2437817.8
15m,1778931900.0,1.4111,1.4127,1.4099,1.41,1490934.0
15m,1778932800.0,1.41,1.4115,1.4084,1.4093,1216791.9
15m,1778933700.0,1.4093,1.41,1.4071,1.4086,911795.1
15m,1778934600.0,1.4086,1.4118,1.4086,1.411,1087531.3
15m,1778935500.0,1.411,1.4126,1.4094,1.4096,1977783.0
15m,1778936400.0,1.4096,1.41,1.407,1.4088,963633.5
15m,1778937300.0,1.4088,1.4128,1.4084,1.4126,943710.1
15m,1778938200.0,1.4126,1.414,1.4115,1.4138,1429093.1
15m,1778939100.0,1.4138,1.4147,1.4088,1.4109,5881717.9
15m,1778940000.0,1.4109,1.4122,1.4066,1.4074,1718408.4
15m,1778940900.0,1.4074,1.4105,1.4058,1.4086,2006948.1
15m,1778941800.0,1.4086,1.4091,1.4065,1.4083,1877346.1
15m,1778942700.0,1.4083,1.4124,1.405,1.4087,7189197.2
15m,1778943600.0,1.4087,1.4114,1.4084,1.4103,1352925.8
15m,1778944500.0,1.4103,1.4122,1.4092,1.4112,541095.6
15m,1778945400.0,1.4112,1.4141,1.4112,1.4132,1573030.9
15m,1778946300.0,1.4132,1.4143,1.4126,1.4139,822636.6
15m,1778947200.0,1.4139,1.4213,1.4126,1.4144,7183409.5
15m,1778948100.0,1.4144,1.4176,1.4138,1.4169,1184617.0
15m,1778949000.0,1.4169,1.4181,1.4134,1.4142,1222572.9
15m,1778949900.0,1.4142,1.4166,1.4141,1.4158,1089574.5
15m,1778950800.0,1.4158,1.4175,1.4149,1.4157,1174347.4
15m,1778951700.0,1.4157,1.4181,1.4144,1.4174,635701.2
15m,1778952600.0,1.4174,1.4183,1.4169,1.4175,283585.2
15m,1778953500.0,1.4175,1.4184,1.4159,1.4162,401919.2
15m,1778954400.0,1.4162,1.4172,1.4145,1.4147,1050350.0
15m,1778955300.0,1.4147,1.4153,1.4138,1.4147,642156.4
15m,1778956200.0,1.4147,1.4155,1.4131,1.4145,572391.7
15m,1778957100.0,1.4145,1.4168,1.414,1.415,626420.9
15m,1778958000.0,1.415,1.4158,1.4141,1.4157,571533.8
15m,1778958900.0,1.4157,1.4168,1.4146,1.4156,420278.4
15m,1778959800.0,1.4156,1.416,1.4148,1.4154,369138.5
15m,1778960700.0,1.4154,1.4169,1.4148,1.4154,447299.3
15m,1778961600.0,1.4154,1.4174,1.4154,1.4166,796271.7
15m,1778962500.0,1.4166,1.4182,1.4164,1.4164,1061221.4
15m,1778963400.0,1.4164,1.4164,1.4141,1.4146,868384.0
15m,1778964300.0,1.4146,1.4159,1.4144,1.4148,315469.2
15m,1778965200.0,1.4148,1.4157,1.412,1.4149,1486560.0
15m,1778966100.0,1.4149,1.4149,1.4126,1.414,609011.7
15m,1778967000.0,1.414,1.4145,1.413,1.414,581645.9
15m,1778967900.0,1.414,1.4151,1.414,1.4143,183743.7
15m,1778968800.0,1.4143,1.4147,1.4109,1.4132,937155.1
15m,1778969700.0,1.4132,1.415,1.4128,1.4142,811391.6
15m,1778970600.0,1.4142,1.4147,1.4136,1.4144,233195.0
15m,1778971500.0,1.4144,1.4146,1.413,1.413,366761.6
15m,1778972400.0,1.413,1.4135,1.4123,1.4127,402275.2
15m,1778973300.0,1.4127,1.4146,1.4127,1.4133,254574.6
15m,1778974200.0,1.4133,1.4144,1.413,1.4139,400910.2
15m,1778975100.0,1.4139,1.4151,1.4128,1.4129,466658.9
15m,1778976000.0,1.4129,1.4152,1.4128,1.413,760676.0
15m,1778976900.0,1.413,1.4149,1.4126,1.4148,1153744.3
15m,1778977800.0,1.4148,1.417,1.4128,1.4131,2183250.5
15m,1778978700.0,1.4131,1.4143,1.4085,1.4106,1913314.4
15m,1778979600.0,1.4106,1.4136,1.4066,1.4118,2823945.7
15m,1778980500.0,1.4118,1.4133,1.4109,1.412,1248102.8
15m,1778981400.0,1.412,1.413,1.4028,1.4045,5796796.0
15m,1778982300.0,1.4045,1.4065,1.4029,1.4029,1225695.2
15m,1778983200.0,1.4029,1.4082,1.4026,1.4066,1208605.4
15m,1778984100.0,1.4066,1.4079,1.4032,1.4048,1566034.3
15m,1778985000.0,1.4048,1.4082,1.4016,1.4077,5051605.3
15m,1778985900.0,1.4077,1.41,1.405,1.4063,4905316.1
15m,1778986800.0,1.4063,1.4091,1.406,1.408,650330.8
15m,1778987700.0,1.408,1.4101,1.4074,1.408,1026506.1
15m,1778988600.0,1.408,1.411,1.4075,1.4104,536615.8
15m,1778989500.0,1.4104,1.4132,1.4103,1.4113,863738.1
15m,1778990400.0,1.4113,1.414,1.4108,1.4137,758114.8
15m,1778991300.0,1.4137,1.4164,1.4134,1.4146,1379115.5
15m,1778992200.0,1.4146,1.4162,1.4134,1.4153,997536.5
15m,1778993100.0,1.4153,1.4162,1.4144,1.4148,777189.8
15m,1778994000.0,1.4148,1.4208,1.4146,1.4187,1981035.8
15m,1778994900.0,1.4187,1.419,1.4162,1.4164,609339.6
15m,1778995800.0,1.4164,1.4179,1.4157,1.4159,607405.0
15m,1778996700.0,1.4159,1.4171,1.4153,1.4155,438148.9
15m,1778997600.0,1.4155,1.4184,1.4155,1.418,1006971.8
15m,1778998500.0,1.418,1.4182,1.415,1.4164,715269.3
15m,1778999400.0,1.4164,1.4171,1.4149,1.4154,669999.2
15m,1779000300.0,1.4154,1.4168,1.4152,1.4166,545067.6
15m,1779001200.0,1.4166,1.4177,1.416,1.4171,447824.8
15m,1779002100.0,1.4171,1.4198,1.4158,1.4188,1399902.3
15m,1779003000.0,1.4188,1.4204,1.4172,1.418,1617324.6
15m,1779003900.0,1.418,1.4189,1.4172,1.4176,476212.8
15m,1779004800.0,1.4176,1.4193,1.4169,1.4178,904638.7
15m,1779005700.0,1.4178,1.4183,1.4153,1.4156,1337699.5
15m,1779006600.0,1.4156,1.4167,1.414,1.4151,1498314.1
15m,1779007500.0,1.4151,1.4153,1.4136,1.4138,1010226.0
15m,1779008400.0,1.4138,1.4156,1.4124,1.4152,1549824.8
15m,1779009300.0,1.4152,1.4181,1.4134,1.4176,2955257.4
15m,1779010200.0,1.4176,1.4178,1.4164,1.4171,579222.2
15m,1779011100.0,1.4171,1.4208,1.417,1.42,1916012.8
15m,1779012000.0,1.42,1.4281,1.42,1.4248,7788843.0
15m,1779012900.0,1.4248,1.4256,1.4229,1.4237,2229918.4
15m,1779013800.0,1.4237,1.4245,1.4225,1.4238,1057195.7
15m,1779014700.0,1.4238,1.4247,1.4202,1.4238,3072148.6
15m,1779015600.0,1.4238,1.4238,1.4199,1.4216,1084435.5
15m,1779016500.0,1.4216,1.422,1.4201,1.4209,790208.0
15m,1779017400.0,1.4209,1.4233,1.4202,1.4232,660470.3
15m,1779018300.0,1.4232,1.4239,1.4215,1.4217,533964.8
15m,1779019200.0,1.4217,1.4236,1.4213,1.4224,615556.8
15m,1779020100.0,1.4224,1.4243,1.4218,1.4231,623993.6
15m,1779021000.0,1.4231,1.4255,1.4228,1.4249,1103063.0
15m,1779021900.0,1.4249,1.4259,1.4219,1.4226,1100721.8
15m,1779022800.0,1.4226,1.4227,1.4181,1.4187,1623504.7
15m,1779023700.0,1.4187,1.4194,1.416,1.4193,2131275.7
15m,1779024600.0,1.4193,1.4207,1.418,1.4188,970070.4
15m,1779025500.0,1.4188,1.4199,1.4169,1.4178,904390.2
15m,1779026400.0,1.4178,1.4182,1.4145,1.4152,1516995.9
15m,1779027300.0,1.4152,1.4152,1.4091,1.4136,4089572.2
15m,1779028200.0,1.4136,1.4146,1.4106,1.4118,1097154.5
15m,1779029100.0,1.4118,1.4138,1.4113,1.4124,958996.7
15m,1779030000.0,1.4124,1.414,1.4112,1.4126,1419040.5
15m,1779030900.0,1.4126,1.4126,1.4081,1.4121,2437401.6
15m,1779031800.0,1.4121,1.414,1.4108,1.412,1324879.5
15m,1779032700.0,1.412,1.4131,1.4114,1.4123,362206.9
15m,1779033600.0,1.4123,1.4138,1.4121,1.4128,426473.4
15m,1779034500.0,1.4128,1.4143,1.412,1.4139,438006.8
15m,1779035400.0,1.4139,1.4153,1.4139,1.4149,1046473.2
15m,1779036300.0,1.4149,1.4149,1.4095,1.411,1804803.7
15m,1779037200.0,1.411,1.4121,1.4089,1.4095,1400370.1
15m,1779038100.0,1.4095,1.4103,1.4075,1.4101,1534219.7
15m,1779039000.0,1.4101,1.4108,1.4076,1.4107,798787.5
15m,1779039900.0,1.4107,1.4112,1.4097,1.4104,664981.5
15m,1779040800.0,1.4104,1.4129,1.4093,1.4093,861396.6
15m,1779041700.0,1.4093,1.4101,1.4057,1.4099,2566979.4
15m,1779042600.0,1.4099,1.4107,1.409,1.4093,568464.3
15m,1779043500.0,1.4093,1.4135,1.4087,1.4134,1207064.0
15m,1779044400.0,1.4134,1.4157,1.4132,1.4149,1339899.5
15m,1779045300.0,1.4149,1.4168,1.4143,1.4149,559505.6
15m,1779046200.0,1.4149,1.4191,1.4148,1.4183,1133189.5
15m,1779047100.0,1.4183,1.425,1.4181,1.4217,9211152.8
15m,1779048000.0,1.4217,1.4229,1.4182,1.4183,1860018.9
15m,1779048900.0,1.4183,1.419,1.4169,1.4182,941447.8
15m,1779049800.0,1.4182,1.42,1.4174,1.4183,1056687.3
15m,1779050700.0,1.4183,1.4194,1.4182,1.4187,306453.7
15m,1779051600.0,1.4187,1.4206,1.4172,1.4201,2791379.6
15m,1779052500.0,1.4201,1.4244,1.4192,1.4235,1732510.9
15m,1779053400.0,1.4235,1.4258,1.4232,1.4251,1475892.4
15m,1779054300.0,1.4251,1.4255,1.4219,1.4225,1245217.4
15m,1779055200.0,1.4225,1.4225,1.4115,1.414,4959777.6
15m,1779056100.0,1.414,1.415,1.409,1.411,1551726.2
15m,1779057000.0,1.411,1.4148,1.4098,1.4136,3145414.9
15m,1779057900.0,1.4136,1.4137,1.4087,1.4113,1647891.6
15m,1779058800.0,1.4113,1.415,1.4069,1.409,9173377.2
15m,1779059700.0,1.409,1.409,1.4023,1.4047,6557364.2
15m,1779060600.0,1.4047,1.4069,1.368,1.3889,46878560.2
15m,1779061500.0,1.3889,1.4034,1.387,1.4009,16969767.9
15m,1779062400.0,1.4009,1.4011,1.388,1.3944,11438638.4
15m,1779063300.0,1.3944,1.397,1.3911,1.3933,6680593.1
15m,1779064200.0,1.3933,1.3962,1.3898,1.3909,8086148.4
15m,1779065100.0,1.3909,1.3971,1.3896,1.396,3200313.9
15m,1779066000.0,1.396,1.3968,1.3908,1.3908,1993848.5
15m,1779066900.0,1.3908,1.391,1.3842,1.3863,4415510.1
15m,1779067800.0,1.3863,1.3888,1.3848,1.3864,1855300.5
15m,1779068700.0,1.3864,1.3955,1.3844,1.3935,2987083.8
15m,1779069600.0,1.3935,1.4021,1.3924,1.4014,4063542.8
15m,1779070500.0,1.4014,1.4022,1.3979,1.3988,2190419.9
15m,1779071400.0,1.3988,1.3994,1.3927,1.394,1497871.2
15m,1779072300.0,1.394,1.3951,1.39,1.392,1711054.8
15m,1779073200.0,1.392,1.4001,1.3917,1.3944,7804373.7
15m,1779074100.0,1.3944,1.3951,1.3909,1.3928,1733647.7
15m,1779075000.0,1.3928,1.3945,1.3892,1.3943,2361638.2
15m,1779075900.0,1.3943,1.3947,1.3913,1.3924,1062840.6
15m,1779076800.0,1.3924,1.395,1.3917,1.3946,1059706.8
15m,1779077700.0,1.3946,1.3947,1.3865,1.3888,3542802.9
15m,1779078600.0,1.3888,1.3975,1.3877,1.3973,2677598.4
15m,1779079500.0,1.3973,1.3991,1.3935,1.3942,2120475.0
15m,1779080400.0,1.3942,1.3956,1.3902,1.3945,3372781.5
15m,1779081300.0,1.3945,1.3945,1.3907,1.3926,993786.4
15m,1779082200.0,1.3926,1.3937,1.3881,1.3892,2002839.5
15m,1779083100.0,1.3892,1.3904,1.3864,1.3887,2357099.2
15m,1779084000.0,1.3887,1.3916,1.3791,1.3851,9979599.7
15m,1779084900.0,1.3851,1.3879,1.3759,1.3806,11563548.0
15m,1779085800.0,1.3806,1.3856,1.3784,1.3855,3024892.3
15m,1779086700.0,1.3855,1.3891,1.385,1.3876,1468377.8
15m,1779087600.0,1.3876,1.3905,1.3838,1.385,1607360.0
15m,1779088500.0,1.385,1.3882,1.3795,1.387,2450194.6
15m,1779089400.0,1.387,1.3891,1.3814,1.3819,1462251.0
15m,1779090300.0,1.3819,1.3869,1.3819,1.386,1135625.1
15m,1779091200.0,1.386,1.3889,1.3858,1.3861,1242098.3
15m,1779092100.0,1.3861,1.3868,1.3836,1.3848,1664557.9
15m,1779093000.0,1.3848,1.3853,1.3814,1.3831,1405087.5
15m,1779093900.0,1.3831,1.3877,1.3822,1.3872,818788.9
15m,1779094800.0,1.3872,1.3874,1.3819,1.3833,1112511.9
15m,1779095700.0,1.3833,1.3858,1.3826,1.3844,611430.9
15m,1779096600.0,1.3844,1.3864,1.3822,1.3848,726351.5
15m,1779097500.0,1.3848,1.3862,1.3818,1.3821,956039.2
15m,1779098400.0,1.3821,1.3829,1.3776,1.3805,2994621.8
15m,1779099300.0,1.3805,1.3813,1.3781,1.3789,1335187.4
15m,1779100200.0,1.3789,1.3803,1.3763,1.3783,1397761.3
15m,1779101100.0,1.3783,1.3808,1.3772,1.3777,904021.6
15m,1779102000.0,1.3777,1.3793,1.3754,1.3781,1820811.2
15m,1779102900.0,1.3781,1.3823,1.3775,1.3814,1638465.7
15m,1779103800.0,1.3814,1.3966,1.3796,1.3936,7603246.5
15m,1779104700.0,1.3936,1.3938,1.3888,1.3899,2163085.5
15m,1779105600.0,1.3899,1.395,1.3896,1.3935,2185580.0
15m,1779106500.0,1.3935,1.3966,1.3916,1.3934,2221888.9
15m,1779107400.0,1.3934,1.4008,1.3922,1.4,3371360.1
15m,1779108300.0,1.4,1.4016,1.3962,1.3981,2163646.3
15m,1779109200.0,1.3981,1.3984,1.389,1.3906,4597169.1
15m,1779110100.0,1.3906,1.3909,1.3876,1.3878,2076744.5
15m,1779111000.0,1.3878,1.3886,1.3756,1.3829,11433118.1
15m,1779111900.0,1.3829,1.3891,1.3807,1.3853,3901623.6
15m,1779112800.0,1.3853,1.3853,1.3783,1.3795,5386056.4
15m,1779113700.0,1.3795,1.3834,1.3733,1.3801,4241969.5
15m,1779114600.0,1.3801,1.3813,1.3713,1.3756,4094306.1
15m,1779115500.0,1.3756,1.3782,1.3716,1.3766,2140044.6
15m,1779116400.0,1.3766,1.3771,1.37,1.3748,4008135.6
15m,1779117300.0,1.3748,1.375,1.3693,1.3697,2684190.4
15m,1779118200.0,1.3697,1.3745,1.3676,1.373,3612185.5
15m,1779119100.0,1.373,1.3783,1.373,1.3758,2349027.3
15m,1779120000.0,1.3758,1.3798,1.374,1.3783,1454099.4
15m,1779120900.0,1.3783,1.3809,1.3704,1.371,2680034.9
15m,1779121800.0,1.371,1.3771,1.3696,1.377,1562999.5
15m,1779122700.0,1.377,1.3801,1.377,1.3781,1429201.6
15m,1779123600.0,1.3781,1.3825,1.3761,1.38,1400429.6
15m,1779124500.0,1.38,1.383,1.3793,1.3818,732732.8
15m,1779125400.0,1.3818,1.382,1.3787,1.3808,694973.7
15m,1779126300.0,1.3808,1.3818,1.3796,1.3802,842596.1
15m,1779127200.0,1.3802,1.3805,1.3739,1.3751,976934.5
15m,1779128100.0,1.3751,1.3751,1.3626,1.3688,6755047.9
15m,1779129000.0,1.3688,1.3723,1.3677,1.3707,4603373.2
15m,1779129900.0,1.3707,1.3715,1.366,1.3668,2239813.8
15m,1779130800.0,1.3668,1.3857,1.3664,1.3792,12144442.3
15m,1779131700.0,1.3792,1.3822,1.3775,1.38,1730929.8
15m,1779132600.0,1.38,1.3866,1.3798,1.3859,2125023.7
15m,1779133500.0,1.3859,1.3905,1.3855,1.3871,2983025.2
15m,1779134400.0,1.3871,1.3917,1.3854,1.3906,1734867.3
15m,1779135300.0,1.3906,1.3917,1.3892,1.3907,547372.1
15m,1779136200.0,1.3907,1.3917,1.3847,1.3858,1469875.5
15m,1779137100.0,1.3858,1.3861,1.383,1.3841,1467404.8
15m,1779138000.0,1.3841,1.3873,1.3812,1.3866,1902896.1
15m,1779138900.0,1.3866,1.39,1.3858,1.389,787763.3
15m,1779139800.0,1.389,1.3954,1.3889,1.3923,4354951.8
15m,1779140700.0,1.3923,1.3945,1.3911,1.3924,1037723.5
15m,1779141600.0,1.3924,1.394,1.3915,1.3933,910979.9
15m,1779142500.0,1.3933,1.3958,1.391,1.3929,1379596.1
15m,1779143400.0,1.3929,1.3936,1.389,1.3903,1545828.7
15m,1779144300.0,1.3903,1.3918,1.3879,1.3918,1241931.3
15m,1779145200.0,1.3918,1.3937,1.3907,1.3909,596136.9
15m,1779146100.0,1.3909,1.391,1.3893,1.3896,557048.3
15m,1779147000.0,1.3896,1.3926,1.3891,1.3921,1331758.6
15m,1779147900.0,1.3921,1.3921,1.3881,1.3893,1072347.7
15m,1779148800.0,1.3893,1.3938,1.3886,1.3924,1234168.6
15m,1779149700.0,1.3924,1.3975,1.392,1.3951,1705451.4
15m,1779150600.0,1.3951,1.396,1.3918,1.393,607054.5
15m,1779151500.0,1.393,1.3953,1.3921,1.3925,908376.0
15m,1779152400.0,1.3925,1.3926,1.39,1.391,1274343.5
15m,1779153300.0,1.391,1.3913,1.3841,1.3852,2332538.4
15m,1779154200.0,1.3852,1.3893,1.3839,1.3883,1107938.1
15m,1779155100.0,1.3883,1.3887,1.3839,1.3839,1083425.8
15m,1779156000.0,1.3839,1.3839,1.3785,1.3817,3049868.6
15m,1779156900.0,1.3817,1.3878,1.3806,1.3846,2177703.9
15m,1779157800.0,1.3846,1.3848,1.3813,1.3815,976345.9
15m,1779158700.0,1.3815,1.3826,1.3739,1.3787,7878988.2
15m,1779159600.0,1.3787,1.3806,1.3773,1.3804,983102.1
15m,1779160500.0,1.3804,1.3827,1.3794,1.3803,800585.2
15m,1779161400.0,1.3803,1.384,1.3803,1.3837,1442871.4
15m,1779162300.0,1.3837,1.3841,1.3823,1.383,5341662.2
15m,1779163200.0,1.383,1.3863,1.3814,1.3853,1921101.9
15m,1779164100.0,1.3853,1.3855,1.3785,1.379,1997410.1
15m,1779165000.0,1.379,1.3853,1.3789,1.3846,1888157.2
15m,1779165900.0,1.3846,1.387,1.3846,1.3863,1781968.7
15m,1779166800.0,1.3863,1.388,1.3827,1.3835,1299458.0
15m,1779167700.0,1.3835,1.3837,1.3778,1.3813,1582922.0
15m,1779168600.0,1.3813,1.3868,1.3802,1.3849,1315615.5
15m,1779169500.0,1.3849,1.3875,1.3813,1.3824,4531164.0
15m,1779170400.0,1.3824,1.3846,1.3807,1.3841,6492550.9
15m,1779171300.0,1.3841,1.3865,1.3826,1.3842,2399410.3
15m,1779172200.0,1.3842,1.3874,1.384,1.386,1394111.8
15m,1779173100.0,1.386,1.386,1.3821,1.3845,3080360.3
15m,1779174000.0,1.3845,1.3868,1.3823,1.3844,1216199.0
15m,1779174900.0,1.3844,1.3889,1.3837,1.3857,6082365.4
15m,1779175800.0,1.3857,1.3888,1.3854,1.3881,1231057.7
15m,1779176700.0,1.3881,1.3892,1.387,1.3879,986772.8
15m,1779177600.0,1.3879,1.3882,1.3817,1.3835,2172226.6
15m,1779178500.0,1.3835,1.3848,1.3793,1.3812,1849417.1
15m,1779179400.0,1.3812,1.387,1.3803,1.3838,2195700.3
15m,1779180300.0,1.3838,1.3854,1.3811,1.382,2170482.2
15m,1779181200.0,1.382,1.3839,1.3793,1.3812,3550642.1
15m,1779182100.0,1.3812,1.3812,1.3715,1.373,3562913.2
15m,1779183000.0,1.373,1.3751,1.3697,1.375,2417699.3
15m,1779183900.0,1.375,1.3754,1.3731,1.3739,2543235.6
15m,1779184800.0,1.3739,1.3748,1.3719,1.3736,905327.9
15m,1779185700.0,1.3736,1.374,1.372,1.3738,651471.9
15m,1779186600.0,1.3738,1.3759,1.3681,1.3695,8115850.8
15m,1779187500.0,1.3695,1.3748,1.367,1.3736,3265054.4
15m,1779188400.0,1.3736,1.377,1.3727,1.3743,6939464.8
15m,1779189300.0,1.3743,1.3748,1.3707,1.3713,1319653.1
15m,1779190200.0,1.3713,1.3731,1.3686,1.3692,1634503.7
15m,1779191100.0,1.3692,1.3726,1.3691,1.3715,1156606.5
15m,1779192000.0,1.3715,1.3736,1.3698,1.3735,2183288.6
15m,1779192900.0,1.3735,1.3745,1.3726,1.3734,1119454.0
15m,1779193800.0,1.3734,1.3765,1.3734,1.376,1129440.2
15m,1779194700.0,1.376,1.3779,1.3747,1.3769,1176549.8
15m,1779195600.0,1.3769,1.3783,1.3732,1.3756,2178084.5
15m,1779196500.0,1.3756,1.376,1.3702,1.3705,8106519.6
15m,1779197400.0,1.3705,1.3816,1.3705,1.3736,5103348.1
15m,1779198300.0,1.3736,1.3791,1.3725,1.3762,1776228.3
15m,1779199200.0,1.3762,1.3792,1.3699,1.3702,4115130.2
15m,1779200100.0,1.3702,1.3712,1.3642,1.3685,5535566.5
15m,1779201000.0,1.3685,1.3705,1.3647,1.3677,3393109.1
15m,1779201900.0,1.3677,1.3683,1.3601,1.366,4336858.6
15m,1779202800.0,1.366,1.3695,1.3648,1.3692,1826987.3
15m,1779203700.0,1.3692,1.371,1.3649,1.3675,2329536.4
15m,1779204600.0,1.3675,1.3726,1.367,1.3675,1995874.7
15m,1779205500.0,1.3675,1.368,1.3647,1.3668,815626.2
15m,1779206400.0,1.3668,1.3678,1.3626,1.3636,1946819.9
15m,1779207300.0,1.3636,1.366,1.3632,1.366,1305749.3
15m,1779208200.0,1.366,1.3699,1.3657,1.3699,1483374.6
15m,1779209100.0,1.3699,1.3731,1.3689,1.372,1335491.2
15m,1779210000.0,1.372,1.3738,1.3708,1.3715,1479418.1
15m,1779210900.0,1.3715,1.3732,1.3684,1.3689,1306792.2
15m,1779211800.0,1.3689,1.3689,1.3648,1.3652,1041411.5
15m,1779212700.0,1.3652,1.3652,1.3617,1.3636,1477862.4
15m,1779213600.0,1.3636,1.366,1.3622,1.3655,748151.6
15m,1779214500.0,1.3655,1.3675,1.3623,1.3625,2003260.0
15m,1779215400.0,1.3625,1.3647,1.3608,1.363,1183141.6
15m,1779216300.0,1.363,1.3647,1.3609,1.3622,1070183.5
15m,1779217200.0,1.3622,1.366,1.3621,1.3658,2378789.2
15m,1779218100.0,1.3658,1.3662,1.3555,1.3575,6408629.0
15m,1779219000.0,1.3575,1.3601,1.3567,1.3576,7868031.7
15m,1779219900.0,1.3576,1.3582,1.3555,1.3566,2003276.6
15m,1779220800.0,1.3566,1.3593,1.3551,1.3572,2125154.2
15m,1779221700.0,1.3572,1.358,1.3552,1.3565,1838912.3
15m,1779222600.0,1.3565,1.3604,1.3559,1.3575,6831719.9
15m,1779223500.0,1.3575,1.3595,1.3575,1.3582,1036784.2
15m,1779224400.0,1.3582,1.3628,1.3571,1.3622,4009418.0
15m,1779225300.0,1.3622,1.3627,1.3601,1.3606,1019197.6
15m,1779226200.0,1.3606,1.3618,1.3603,1.3611,602101.9
15m,1779227100.0,1.3611,1.3614,1.3584,1.3593,1505460.6
15m,1779228000.0,1.3593,1.3593,1.356,1.3576,963093.2
15m,1779228900.0,1.3576,1.3578,1.354,1.3548,2653485.1
15m,1779229800.0,1.3548,1.358,1.3524,1.3574,2593798.2
15m,1779230700.0,1.3574,1.3584,1.3568,1.3575,824951.7
15m,1779231600.0,1.3575,1.3618,1.3562,1.3607,750541.2
15m,1779232500.0,1.3607,1.3631,1.3604,1.3629,1349384.3
15m,1779233400.0,1.3629,1.3651,1.3622,1.3627,908014.8
15m,1779234300.0,1.3627,1.3627,1.3604,1.361,647297.9
15m,1779235200.0,1.361,1.3633,1.3559,1.3559,2770869.5
15m,1779236100.0,1.3559,1.3567,1.3513,1.3558,4587672.7
15m,1779237000.0,1.3558,1.3597,1.3515,1.3539,3987616.8
15m,1779237900.0,1.3539,1.3558,1.3525,1.3552,955937.1
15m,1779238800.0,1.3552,1.3576,1.3519,1.3559,1329778.0
15m,1779239700.0,1.3559,1.3559,1.3478,1.349,4096520.9
15m,1779240600.0,1.349,1.3516,1.347,1.3493,3859441.7
15m,1779241500.0,1.3493,1.3564,1.348,1.3546,2002418.5
15m,1779242400.0,1.3546,1.3558,1.3508,1.3525,845254.8
15m,1779243300.0,1.3525,1.3562,1.3511,1.3542,1230845.6
15m,1779244200.0,1.3542,1.3547,1.3505,1.3505,1209064.2
15m,1779245100.0,1.3505,1.3527,1.35,1.3515,724161.8
15m,1779246000.0,1.3515,1.3525,1.3492,1.3523,642008.8
15m,1779246900.0,1.3523,1.3579,1.3516,1.3578,1063900.2
15m,1779247800.0,1.3578,1.3581,1.3554,1.3564,966902.6
15m,1779248700.0,1.3564,1.3567,1.3546,1.3555,584580.5
15m,1779249600.0,1.3555,1.3581,1.3554,1.3577,894295.6
15m,1779250500.0,1.3577,1.358,1.3554,1.3561,947042.2
15m,1779251400.0,1.3561,1.3565,1.3529,1.3557,1076571.6
15m,1779252300.0,1.3557,1.3594,1.3557,1.3593,649674.5
15m,1779253200.0,1.3593,1.3692,1.3593,1.368,3659178.7
15m,1779254100.0,1.368,1.3684,1.3639,1.3643,3105202.8
15m,1779255000.0,1.3643,1.3694,1.3643,1.3667,2630316.9
15m,1779255900.0,1.3667,1.3681,1.3664,1.3676,753415.0
15m,1779256800.0,1.3676,1.3684,1.3668,1.368,636199.3
15m,1779257700.0,1.368,1.3691,1.3664,1.367,1670532.2
15m,1779258600.0,1.367,1.3693,1.366,1.3693,1145200.3
15m,1779259500.0,1.3693,1.3705,1.3677,1.37,751070.2
15m,1779260400.0,1.37,1.3705,1.3678,1.3693,1172145.7
15m,1779261300.0,1.3693,1.3736,1.3687,1.3713,1290994.0
15m,1779262200.0,1.3713,1.3713,1.369,1.3696,918455.7
15m,1779263100.0,1.3696,1.3697,1.3668,1.3677,688634.9
15m,1779264000.0,1.3677,1.3689,1.366,1.3671,945409.1
15m,1779264900.0,1.3671,1.3675,1.3651,1.3675,368570.4
15m,1779265800.0,1.3675,1.3723,1.3674,1.3703,2259831.7
15m,1779266700.0,1.3703,1.3718,1.3685,1.3698,1835203.6
15m,1779267600.0,1.3698,1.3709,1.369,1.3697,620972.8
15m,1779268500.0,1.3697,1.371,1.368,1.3708,872646.6
15m,1779269400.0,1.3708,1.3723,1.3708,1.3719,745200.1
15m,1779270300.0,1.3719,1.372,1.3689,1.3693,1169364.7
15m,1779271200.0,1.3693,1.3713,1.369,1.3705,519264.7
15m,1779272100.0,1.3705,1.3725,1.3696,1.3725,1894351.4
15m,1779273000.0,1.3725,1.3752,1.3719,1.3724,2059823.3
15m,1779273900.0,1.3724,1.3732,1.3696,1.37,877809.5
15m,1779274800.0,1.37,1.371,1.369,1.3697,699305.0
15m,1779275700.0,1.3697,1.3705,1.3678,1.3679,916676.0
15m,1779276600.0,1.3679,1.369,1.3664,1.3672,2071553.3
15m,1779277500.0,1.3672,1.3675,1.3636,1.3649,1813913.2
15m,1779278400.0,1.3649,1.3675,1.3636,1.3662,1273867.6
15m,1779279300.0,1.3662,1.3688,1.3648,1.3686,845874.3
15m,1779280200.0,1.3686,1.3706,1.3682,1.3704,1136237.3
15m,1779281100.0,1.3704,1.3752,1.3703,1.3729,2652718.9
15m,1779282000.0,1.3729,1.3738,1.3698,1.3701,2001862.0
15m,1779282900.0,1.3701,1.3705,1.3666,1.3673,1846934.0
15m,1779283800.0,1.3673,1.3679,1.3581,1.3631,5520974.1
15m,1779284700.0,1.3631,1.367,1.3605,1.3637,2602000.4
15m,1779285600.0,1.3637,1.3654,1.3576,1.3635,4120234.1
15m,1779286500.0,1.3635,1.3721,1.3633,1.3687,5880308.4
15m,1779287400.0,1.3687,1.3718,1.367,1.37,2395687.8
15m,1779288300.0,1.37,1.3757,1.3695,1.3725,7030733.7
15m,1779289200.0,1.3725,1.3731,1.3675,1.3681,7422843.7
15m,1779290100.0,1.3681,1.3799,1.368,1.3738,9070339.4
15m,1779291000.0,1.3738,1.3756,1.3703,1.3724,1970142.5
15m,1779291900.0,1.3724,1.3762,1.3718,1.3737,1436147.9
15m,1779292800.0,1.3737,1.3769,1.3737,1.3743,1319610.8
15m,1779293700.0,1.3743,1.3743,1.3653,1.367,4782116.8
15m,1779294600.0,1.367,1.3739,1.3658,1.3738,2016260.7
15m,1779295500.0,1.3738,1.3767,1.3724,1.3744,2569368.6
15m,1779296400.0,1.3744,1.375,1.3702,1.3745,3242867.5
15m,1779297300.0,1.3745,1.3779,1.3735,1.3765,2030171.9
15m,1779298200.0,1.3765,1.3796,1.375,1.3774,1945226.0
15m,1779299100.0,1.3774,1.3784,1.3736,1.3746,815709.4
15m,1779300000.0,1.3746,1.3763,1.3722,1.3738,4794113.7
15m,1779300900.0,1.3738,1.3746,1.3703,1.3715,1769943.4
15m,1779301800.0,1.3715,1.372,1.3693,1.3693,1483116.3
15m,1779302700.0,1.3693,1.3695,1.3636,1.3667,5020833.1
15m,1779303600.0,1.3667,1.3679,1.3647,1.3675,825726.6
15m,1779304500.0,1.3675,1.3709,1.366,1.3709,761693.0
15m,1779305400.0,1.3709,1.3719,1.3685,1.3708,2316359.9
15m,1779306300.0,1.3708,1.3722,1.3692,1.3719,544619.4
15m,1779307200.0,1.3719,1.3723,1.3675,1.3717,1352034.8
15m,1779308100.0,1.3717,1.3719,1.3632,1.3697,3930164.9
15m,1779309000.0,1.3697,1.3702,1.3668,1.3687,917534.7
15m,1779309900.0,1.3687,1.3705,1.368,1.3693,728370.1
15m,1779310800.0,1.3693,1.3711,1.3677,1.3708,1627014.8
15m,1779311700.0,1.3708,1.3709,1.3673,1.3674,491572.7
15m,1779312600.0,1.3674,1.3691,1.3667,1.3679,656324.9
15m,1779313500.0,1.3679,1.3688,1.366,1.3662,408917.8
15m,1779314400.0,1.3662,1.3662,1.3604,1.3627,2213920.3
15m,1779315300.0,1.3627,1.3663,1.3594,1.3658,1904008.3
15m,1779316200.0,1.3658,1.3673,1.3639,1.3652,702014.9
15m,1779317100.0,1.3652,1.3664,1.3646,1.365,586157.1
15m,1779318000.0,1.365,1.365,1.3627,1.3634,1059399.9
15m,1779318900.0,1.3634,1.3644,1.362,1.3634,574635.8
15m,1779319800.0,1.3634,1.3652,1.3629,1.3647,676722.2
15m,1779320700.0,1.3647,1.3668,1.3642,1.3663,888415.9
15m,1779321600.0,1.3663,1.3693,1.3657,1.3688,898022.6
15m,1779322500.0,1.3688,1.3705,1.3681,1.3705,1106089.5
15m,1779323400.0,1.3705,1.3727,1.37,1.3725,1295552.3
15m,1779324300.0,1.3725,1.3773,1.3725,1.3754,1858848.5
15m,1779325200.0,1.3754,1.3788,1.3752,1.3786,752877.9
15m,1779326100.0,1.3786,1.381,1.3749,1.3766,1979795.0
15m,1779327000.0,1.3766,1.3793,1.3752,1.3777,940337.5
15m,1779327900.0,1.3777,1.3796,1.3756,1.3777,751759.5
15m,1779328800.0,1.3777,1.3794,1.3769,1.3787,604764.2
15m,1779329700.0,1.3787,1.3854,1.3781,1.3838,4137248.9
15m,1779330600.0,1.3838,1.3847,1.3823,1.3828,1098460.4
15m,1779331500.0,1.3828,1.3834,1.3806,1.3806,760312.8
15m,1779332400.0,1.3806,1.3818,1.3795,1.3804,1028202.4
15m,1779333300.0,1.3804,1.383,1.3797,1.3826,705216.7
15m,1779334200.0,1.3826,1.3827,1.381,1.3822,470024.9
15m,1779335100.0,1.3822,1.3843,1.3816,1.3837,1270381.3
15m,1779336000.0,1.3837,1.385,1.3811,1.3815,1542689.1
15m,1779336900.0,1.3815,1.3839,1.3815,1.383,907923.5
15m,1779337800.0,1.383,1.3833,1.3805,1.3815,593191.6
15m,1779338700.0,1.3815,1.3822,1.3808,1.3815,873308.2
15m,1779339600.0,1.3815,1.383,1.379,1.3793,893330.4
15m,1779340500.0,1.3793,1.3806,1.3776,1.3781,1201106.6
15m,1779341400.0,1.3781,1.3781,1.3752,1.3756,1144827.9
15m,1779342300.0,1.3756,1.3757,1.3713,1.3744,2613237.7
15m,1779343200.0,1.3744,1.376,1.3721,1.3736,1052638.3
15m,1779344100.0,1.3736,1.3757,1.3727,1.374,1275074.7
15m,1779345000.0,1.374,1.3755,1.3716,1.3721,904095.1
15m,1779345900.0,1.3721,1.3723,1.3689,1.3705,1745649.1
15m,1779346800.0,1.3705,1.3723,1.3693,1.3708,1547809.1
15m,1779347700.0,1.3708,1.3729,1.3693,1.3719,1087444.8
15m,1779348600.0,1.3719,1.3749,1.3719,1.3748,611427.0
15m,1779349500.0,1.3748,1.3767,1.3744,1.3754,719467.5
15m,1779350400.0,1.3754,1.3833,1.3754,1.383,3026209.1
15m,1779351300.0,1.383,1.3853,1.38,1.3829,5534766.3
15m,1779352200.0,1.3829,1.3829,1.3785,1.3806,1294900.2
15m,1779353100.0,1.3806,1.3811,1.3792,1.3796,973054.0
15m,1779354000.0,1.3796,1.3815,1.3787,1.3792,968062.9
15m,1779354900.0,1.3792,1.3812,1.3792,1.3797,464559.6
15m,1779355800.0,1.3797,1.3802,1.3738,1.3751,3390481.6
15m,1779356700.0,1.3751,1.3754,1.3734,1.3738,1091604.7
15m,1779357600.0,1.3738,1.3744,1.3712,1.3714,1274791.7
15m,1779358500.0,1.3714,1.3725,1.3631,1.3672,15186649.7
15m,1779359400.0,1.3672,1.3696,1.3646,1.3685,2969914.4
15m,1779360300.0,1.3685,1.3694,1.3652,1.3657,2617332.4
15m,1779361200.0,1.3657,1.3674,1.3643,1.3674,1983756.2
15m,1779362100.0,1.3674,1.3689,1.3665,1.3674,1386057.0
15m,1779363000.0,1.3674,1.3686,1.3648,1.366,836757.4
15m,1779363900.0,1.366,1.366,1.3627,1.3631,1743132.2
15m,1779364800.0,1.3631,1.3652,1.3615,1.3623,1614233.0
15m,1779365700.0,1.3623,1.3633,1.3611,1.3618,1257207.6
15m,1779366600.0,1.3618,1.3661,1.3611,1.3643,3172998.3
15m,1779367500.0,1.3643,1.3653,1.3633,1.3646,975283.9
15m,1779368400.0,1.3646,1.3672,1.3638,1.3665,900406.3
15m,1779369300.0,1.3665,1.3679,1.3656,1.3667,2121168.1
15m,1779370200.0,1.3667,1.3671,1.3538,1.3551,11542402.2
15m,1779371100.0,1.3551,1.3646,1.3549,1.3611,12211741.5
15m,1779372000.0,1.3611,1.3632,1.3573,1.3582,3835863.9
15m,1779372900.0,1.3582,1.3583,1.3504,1.3553,4815582.3
15m,1779373800.0,1.3553,1.3609,1.3553,1.3567,2304466.0
15m,1779374700.0,1.3567,1.3577,1.3539,1.3561,1074297.7
15m,1779375600.0,1.3561,1.3622,1.355,1.3602,1782334.6
15m,1779376500.0,1.3602,1.3651,1.3598,1.3641,2093125.8
15m,1779377400.0,1.3641,1.3647,1.3581,1.3608,2139157.4
15m,1779378300.0,1.3608,1.3648,1.3591,1.3607,1178792.9
15m,1779379200.0,1.3607,1.3638,1.3597,1.361,1266130.0
15m,1779380100.0,1.361,1.3617,1.3592,1.3611,1029489.9
15m,1779381000.0,1.3611,1.3643,1.3575,1.3583,1252377.8
15m,1779381900.0,1.3583,1.3607,1.3563,1.3605,930652.7
15m,1779382800.0,1.3605,1.371,1.3605,1.3682,5749459.2
15m,1779383700.0,1.3682,1.3813,1.3677,1.3799,11475549.9
15m,1779384600.0,1.3799,1.3811,1.3767,1.379,2829349.9
15m,1779385500.0,1.379,1.386,1.3772,1.3807,6651357.6
15m,1779386400.0,1.3807,1.3815,1.3748,1.3761,3179352.3
15m,1779387300.0,1.3761,1.3819,1.375,1.3789,1578146.0
15m,1779388200.0,1.3789,1.3807,1.3777,1.379,966805.3
15m,1779389100.0,1.379,1.3797,1.3659,1.3707,4661672.3
15m,1779390000.0,1.3707,1.3775,1.3701,1.3762,3018562.3
15m,1779390900.0,1.3762,1.3776,1.3746,1.3749,754089.2
15m,1779391800.0,1.3749,1.3785,1.3749,1.3768,782389.4
15m,1779392700.0,1.3768,1.3806,1.376,1.379,2234869.4
15m,1779393600.0,1.379,1.3803,1.3773,1.3783,1065893.6
15m,1779394500.0,1.3783,1.379,1.3768,1.3776,749083.1
15m,1779395400.0,1.3776,1.3797,1.3771,1.3785,363615.7
15m,1779396300.0,1.3785,1.3804,1.3756,1.3766,528131.0
15m,1779397200.0,1.3766,1.3781,1.3761,1.3774,1172309.5
15m,1779398100.0,1.3774,1.3779,1.3762,1.3777,421387.9
15m,1779399000.0,1.3777,1.3779,1.3753,1.3759,600582.1
15m,1779399900.0,1.3759,1.3767,1.3748,1.3753,762084.4
15m,1779400800.0,1.3753,1.376,1.3728,1.3732,1400644.8
15m,1779401700.0,1.3732,1.3739,1.3716,1.3738,643880.3
15m,1779402600.0,1.3738,1.3746,1.3701,1.372,941942.9
15m,1779403500.0,1.372,1.3727,1.371,1.3721,445947.5
15m,1779404400.0,1.3721,1.3733,1.3695,1.3695,741450.7
15m,1779405300.0,1.3695,1.3714,1.3684,1.3705,875306.3
15m,1779406200.0,1.3705,1.3739,1.3701,1.3724,537731.3
15m,1779407100.0,1.3724,1.3745,1.3721,1.3733,934211.8
15m,1779408000.0,1.3733,1.3737,1.3687,1.3689,1275249.6
15m,1779408900.0,1.3689,1.371,1.3677,1.368,1018578.1
15m,1779409800.0,1.368,1.3709,1.3667,1.3683,1332465.3
15m,1779410700.0,1.3683,1.3702,1.3666,1.3674,573425.2
15m,1779411600.0,1.3674,1.3706,1.3664,1.3704,1171062.8
15m,1779412500.0,1.3704,1.3707,1.3672,1.3676,684358.5
15m,1779413400.0,1.3676,1.369,1.3641,1.3678,1362309.8
15m,1779414300.0,1.3678,1.3712,1.3678,1.3703,1072654.8
15m,1779415200.0,1.3703,1.3728,1.3703,1.3723,569630.4
15m,1779416100.0,1.3723,1.3737,1.3705,1.371,698280.3
15m,1779417000.0,1.371,1.3719,1.3691,1.3699,516330.6
15m,1779417900.0,1.3699,1.3762,1.3699,1.3727,8761252.8
15m,1779418800.0,1.3727,1.3741,1.3716,1.3721,850522.6
15m,1779419700.0,1.3721,1.3729,1.3705,1.3722,564372.4
15m,1779420600.0,1.3722,1.3733,1.3712,1.3715,659018.1
15m,1779421500.0,1.3715,1.3729,1.3712,1.3717,408361.1
15m,1779422400.0,1.3717,1.3748,1.3717,1.3744,1044418.0
15m,1779423300.0,1.3744,1.3756,1.3721,1.3724,485798.2
15m,1779424200.0,1.3724,1.3728,1.3696,1.3697,543157.7
15m,1779425100.0,1.3697,1.3701,1.3676,1.3698,1056461.1
15m,1779426000.0,1.3698,1.37,1.368,1.3692,567440.3
15m,1779426900.0,1.3692,1.3702,1.3668,1.3685,444863.7
15m,1779427800.0,1.3685,1.3709,1.3684,1.3705,597668.0
15m,1779428700.0,1.3705,1.3727,1.3667,1.3677,2197929.0
15m,1779429600.0,1.3677,1.3693,1.3663,1.3684,844095.2
15m,1779430500.0,1.3684,1.3685,1.3648,1.3666,800819.7
15m,1779431400.0,1.3666,1.3669,1.3619,1.3638,4816033.4
15m,1779432300.0,1.3638,1.3638,1.3595,1.3599,2525264.7
15m,1779433200.0,1.3599,1.363,1.3558,1.3619,6512299.1
15m,1779434100.0,1.3619,1.3648,1.3618,1.3648,1779285.5
15m,1779435000.0,1.3648,1.3674,1.3647,1.3662,834414.9
15m,1779435900.0,1.3662,1.3663,1.3641,1.3643,617454.3
15m,1779436800.0,1.3643,1.366,1.3627,1.3649,691648.0
15m,1779437700.0,1.3649,1.3679,1.3649,1.367,971281.2
15m,1779438600.0,1.367,1.3672,1.3601,1.3619,4099655.0
15m,1779439500.0,1.3619,1.3638,1.3615,1.362,842021.0
15m,1779440400.0,1.362,1.3644,1.3609,1.3626,1058016.1
15m,1779441300.0,1.3626,1.3647,1.3612,1.3626,580128.8
15m,1779442200.0,1.3626,1.3632,1.359,1.3605,1145772.4
15m,1779443100.0,1.3605,1.3615,1.3584,1.3593,849810.4
15m,1779444000.0,1.3593,1.3605,1.3584,1.3591,888057.3
15m,1779444900.0,1.3591,1.3592,1.3567,1.3589,1471594.2
15m,1779445800.0,1.3589,1.3612,1.3582,1.3609,679123.3
15m,1779446700.0,1.3609,1.3614,1.3587,1.3592,1192024.0
15m,1779447600.0,1.3592,1.3611,1.3579,1.3584,1286643.5
15m,1779448500.0,1.3584,1.3585,1.3543,1.3566,2555740.7
15m,1779449400.0,1.3566,1.3583,1.3558,1.3563,650510.6
15m,1779450300.0,1.3563,1.361,1.3559,1.361,2099767.0
15m,1779451200.0,1.361,1.3647,1.3598,1.3635,2064755.3
15m,1779452100.0,1.3635,1.3646,1.3607,1.3613,1697709.6
15m,1779453000.0,1.3613,1.3635,1.3606,1.3624,612159.7
15m,1779453900.0,1.3624,1.3654,1.3623,1.3653,1497676.0
15m,1779454800.0,1.3653,1.3687,1.3644,1.3677,2585718.4
15m,1779455700.0,1.3677,1.3698,1.3648,1.365,2277367.3
15m,1779456600.0,1.365,1.3663,1.3586,1.3599,6570419.2
15m,1779457500.0,1.3599,1.3626,1.3569,1.362,2982240.1
